2026-03-28 22:50:57 | INFO | sivi:base_runner.py:074| __init__ | Artifacts will be saved to: results/AISIVI/x_shaped/20260328_225057
2026-03-28 22:50:57 | WARNING | sivi:base_runner.py:261| _load_baseline_samples | baseline_path not found, using default: baselines/hmc/x_shaped.pt
2026-03-28 22:50:57 | INFO | sivi:base_runner.py:268| _load_baseline_samples | Loaded baseline samples from baselines/hmc/x_shaped.pt, shape: torch.Size([100000, 2])
2026-03-28 22:50:57 | INFO | sivi:base_runner.py:123| __init__ | VI model type: ConditionalGaussian
2026-03-28 22:50:57 | WARNING | sivi:base_runner.py:127| __init__ | 'vi_model_config_path' not found in main_config; using default: configs/vi_models/ConditionalGaussian.yaml
2026-03-28 22:50:57 | INFO | sivi:base_runner.py:132| __init__ | Using VI model config path: configs/vi_models/ConditionalGaussian.yaml
2026-03-28 22:50:58 | INFO | sivi:base_reverse_runner.py:036| __init__ | Reverse model type: ConditionalRealNVP
2026-03-28 22:50:58 | WARNING | sivi:base_reverse_runner.py:040| __init__ | 'reverse_model_config_path' not found in main_config; using default: configs/reverse_models/ConditionalRealNVP.yaml
2026-03-28 22:50:58 | INFO | sivi:base_reverse_runner.py:045| __init__ | Using reverse model config path: configs/reverse_models/ConditionalRealNVP.yaml
2026-03-28 22:50:58 | INFO | sivi:base_reverse_runner.py:123| __init__ | Using reverse scheduler StepLR(step_size=2000, gamma=0.1).
2026-03-28 22:50:58 | INFO | sivi:base_runner.py:247| log_config | Saved full configuration to results/AISIVI/x_shaped/20260328_225057/full_config.yaml.
2026-03-28 22:50:58 | INFO | sivi:base_reverse_runner.py:407| warmup | Starting reverse model warmup...
2026-03-28 22:50:59 | DEBUG | sivi:base_reverse_runner.py:376| _warmup_log_func | Warmup Epoch 10, KL Divergence: 0.0206
2026-03-28 22:50:59 | DEBUG | sivi:base_reverse_runner.py:382| _warmup_log_func | Warmup Epoch 10, W2 Dist: 0.0737
2026-03-28 22:50:59 | DEBUG | sivi:base_reverse_runner.py:376| _warmup_log_func | Warmup Epoch 20, KL Divergence: 0.0054
2026-03-28 22:50:59 | DEBUG | sivi:base_reverse_runner.py:382| _warmup_log_func | Warmup Epoch 20, W2 Dist: 0.0378
2026-03-28 22:51:00 | DEBUG | sivi:base_reverse_runner.py:376| _warmup_log_func | Warmup Epoch 30, KL Divergence: 0.0022
2026-03-28 22:51:00 | DEBUG | sivi:base_reverse_runner.py:382| _warmup_log_func | Warmup Epoch 30, W2 Dist: 0.0246
2026-03-28 22:51:00 | DEBUG | sivi:base_reverse_runner.py:376| _warmup_log_func | Warmup Epoch 40, KL Divergence: -0.0057
2026-03-28 22:51:00 | DEBUG | sivi:base_reverse_runner.py:382| _warmup_log_func | Warmup Epoch 40, W2 Dist: 0.0312
2026-03-28 22:51:00 | DEBUG | sivi:base_reverse_runner.py:376| _warmup_log_func | Warmup Epoch 50, KL Divergence: -0.0017
2026-03-28 22:51:00 | DEBUG | sivi:base_reverse_runner.py:382| _warmup_log_func | Warmup Epoch 50, W2 Dist: 0.0333
2026-03-28 22:51:01 | DEBUG | sivi:base_reverse_runner.py:376| _warmup_log_func | Warmup Epoch 60, KL Divergence: 0.0140
2026-03-28 22:51:01 | DEBUG | sivi:base_reverse_runner.py:382| _warmup_log_func | Warmup Epoch 60, W2 Dist: 0.0294
2026-03-28 22:51:01 | DEBUG | sivi:base_reverse_runner.py:376| _warmup_log_func | Warmup Epoch 70, KL Divergence: 0.0004
2026-03-28 22:51:01 | DEBUG | sivi:base_reverse_runner.py:382| _warmup_log_func | Warmup Epoch 70, W2 Dist: 0.0266
2026-03-28 22:51:02 | DEBUG | sivi:base_reverse_runner.py:376| _warmup_log_func | Warmup Epoch 80, KL Divergence: 0.0028
2026-03-28 22:51:02 | DEBUG | sivi:base_reverse_runner.py:382| _warmup_log_func | Warmup Epoch 80, W2 Dist: 0.0305
2026-03-28 22:51:02 | DEBUG | sivi:base_reverse_runner.py:376| _warmup_log_func | Warmup Epoch 90, KL Divergence: -0.0042
2026-03-28 22:51:02 | DEBUG | sivi:base_reverse_runner.py:382| _warmup_log_func | Warmup Epoch 90, W2 Dist: 0.0332
2026-03-28 22:51:03 | DEBUG | sivi:base_reverse_runner.py:376| _warmup_log_func | Warmup Epoch 100, KL Divergence: 0.0051
2026-03-28 22:51:03 | DEBUG | sivi:base_reverse_runner.py:382| _warmup_log_func | Warmup Epoch 100, W2 Dist: 0.0253
2026-03-28 22:51:03 | DEBUG | sivi:base_reverse_runner.py:392| _warmup_log_func | Warmup Epoch 100, Average Reverse Model Loss: 5.6768, Avg Step Time: 0.0429s, Avg Steps: 1.0000
2026-03-28 22:51:03 | DEBUG | sivi:base_reverse_runner.py:376| _warmup_log_func | Warmup Epoch 110, KL Divergence: -0.0083
2026-03-28 22:51:03 | DEBUG | sivi:base_reverse_runner.py:382| _warmup_log_func | Warmup Epoch 110, W2 Dist: 0.0261
2026-03-28 22:51:03 | DEBUG | sivi:base_reverse_runner.py:376| _warmup_log_func | Warmup Epoch 120, KL Divergence: 0.0137
2026-03-28 22:51:03 | DEBUG | sivi:base_reverse_runner.py:382| _warmup_log_func | Warmup Epoch 120, W2 Dist: 0.0259
2026-03-28 22:51:04 | DEBUG | sivi:base_reverse_runner.py:376| _warmup_log_func | Warmup Epoch 130, KL Divergence: -0.0081
2026-03-28 22:51:04 | DEBUG | sivi:base_reverse_runner.py:382| _warmup_log_func | Warmup Epoch 130, W2 Dist: 0.0297
2026-03-28 22:51:04 | DEBUG | sivi:base_reverse_runner.py:376| _warmup_log_func | Warmup Epoch 140, KL Divergence: -0.0081
2026-03-28 22:51:04 | DEBUG | sivi:base_reverse_runner.py:382| _warmup_log_func | Warmup Epoch 140, W2 Dist: 0.0312
2026-03-28 22:51:05 | DEBUG | sivi:base_reverse_runner.py:376| _warmup_log_func | Warmup Epoch 150, KL Divergence: -0.0082
2026-03-28 22:51:05 | DEBUG | sivi:base_reverse_runner.py:382| _warmup_log_func | Warmup Epoch 150, W2 Dist: 0.0287
2026-03-28 22:51:05 | DEBUG | sivi:base_reverse_runner.py:376| _warmup_log_func | Warmup Epoch 160, KL Divergence: 0.0005
2026-03-28 22:51:05 | DEBUG | sivi:base_reverse_runner.py:382| _warmup_log_func | Warmup Epoch 160, W2 Dist: 0.0284
2026-03-28 22:51:06 | DEBUG | sivi:base_reverse_runner.py:376| _warmup_log_func | Warmup Epoch 170, KL Divergence: -0.0035
2026-03-28 22:51:06 | DEBUG | sivi:base_reverse_runner.py:382| _warmup_log_func | Warmup Epoch 170, W2 Dist: 0.0352
2026-03-28 22:51:06 | DEBUG | sivi:base_reverse_runner.py:376| _warmup_log_func | Warmup Epoch 180, KL Divergence: -0.0126
2026-03-28 22:51:06 | DEBUG | sivi:base_reverse_runner.py:382| _warmup_log_func | Warmup Epoch 180, W2 Dist: 0.0303
2026-03-28 22:51:07 | DEBUG | sivi:base_reverse_runner.py:376| _warmup_log_func | Warmup Epoch 190, KL Divergence: 0.0031
2026-03-28 22:51:07 | DEBUG | sivi:base_reverse_runner.py:382| _warmup_log_func | Warmup Epoch 190, W2 Dist: 0.0402
2026-03-28 22:51:07 | DEBUG | sivi:base_reverse_runner.py:376| _warmup_log_func | Warmup Epoch 200, KL Divergence: -0.0083
2026-03-28 22:51:07 | DEBUG | sivi:base_reverse_runner.py:382| _warmup_log_func | Warmup Epoch 200, W2 Dist: 0.0265
2026-03-28 22:51:07 | DEBUG | sivi:base_reverse_runner.py:392| _warmup_log_func | Warmup Epoch 200, Average Reverse Model Loss: 5.6713, Avg Step Time: 0.0448s, Avg Steps: 2.0000
2026-03-28 22:51:07 | DEBUG | sivi:base_reverse_runner.py:376| _warmup_log_func | Warmup Epoch 210, KL Divergence: -0.0358
2026-03-28 22:51:07 | DEBUG | sivi:base_reverse_runner.py:382| _warmup_log_func | Warmup Epoch 210, W2 Dist: 0.0316
2026-03-28 22:51:08 | DEBUG | sivi:base_reverse_runner.py:376| _warmup_log_func | Warmup Epoch 220, KL Divergence: -0.0022
2026-03-28 22:51:08 | DEBUG | sivi:base_reverse_runner.py:382| _warmup_log_func | Warmup Epoch 220, W2 Dist: 0.0315
2026-03-28 22:51:08 | DEBUG | sivi:base_reverse_runner.py:376| _warmup_log_func | Warmup Epoch 230, KL Divergence: -0.0171
2026-03-28 22:51:08 | DEBUG | sivi:base_reverse_runner.py:382| _warmup_log_func | Warmup Epoch 230, W2 Dist: 0.0446
2026-03-28 22:51:09 | DEBUG | sivi:base_reverse_runner.py:376| _warmup_log_func | Warmup Epoch 240, KL Divergence: 0.0083
2026-03-28 22:51:09 | DEBUG | sivi:base_reverse_runner.py:382| _warmup_log_func | Warmup Epoch 240, W2 Dist: 0.0291
2026-03-28 22:51:09 | DEBUG | sivi:base_reverse_runner.py:376| _warmup_log_func | Warmup Epoch 250, KL Divergence: 0.0168
2026-03-28 22:51:09 | DEBUG | sivi:base_reverse_runner.py:382| _warmup_log_func | Warmup Epoch 250, W2 Dist: 0.0266
2026-03-28 22:51:10 | DEBUG | sivi:base_reverse_runner.py:376| _warmup_log_func | Warmup Epoch 260, KL Divergence: 0.0088
2026-03-28 22:51:10 | DEBUG | sivi:base_reverse_runner.py:382| _warmup_log_func | Warmup Epoch 260, W2 Dist: 0.0326
2026-03-28 22:51:10 | DEBUG | sivi:base_reverse_runner.py:376| _warmup_log_func | Warmup Epoch 270, KL Divergence: 0.0138
2026-03-28 22:51:10 | DEBUG | sivi:base_reverse_runner.py:382| _warmup_log_func | Warmup Epoch 270, W2 Dist: 0.0319
2026-03-28 22:51:10 | DEBUG | sivi:base_reverse_runner.py:376| _warmup_log_func | Warmup Epoch 280, KL Divergence: 0.0017
2026-03-28 22:51:10 | DEBUG | sivi:base_reverse_runner.py:382| _warmup_log_func | Warmup Epoch 280, W2 Dist: 0.0300
2026-03-28 22:51:11 | DEBUG | sivi:base_reverse_runner.py:376| _warmup_log_func | Warmup Epoch 290, KL Divergence: -0.0045
2026-03-28 22:51:11 | DEBUG | sivi:base_reverse_runner.py:382| _warmup_log_func | Warmup Epoch 290, W2 Dist: 0.0290
2026-03-28 22:51:11 | DEBUG | sivi:base_reverse_runner.py:376| _warmup_log_func | Warmup Epoch 300, KL Divergence: 0.0050
2026-03-28 22:51:11 | DEBUG | sivi:base_reverse_runner.py:382| _warmup_log_func | Warmup Epoch 300, W2 Dist: 0.0299
2026-03-28 22:51:11 | DEBUG | sivi:base_reverse_runner.py:392| _warmup_log_func | Warmup Epoch 300, Average Reverse Model Loss: 5.6743, Avg Step Time: 0.0396s, Avg Steps: 3.0000
2026-03-28 22:51:11 | DEBUG | sivi:base_reverse_runner.py:376| _warmup_log_func | Warmup Epoch 310, KL Divergence: -0.0064
2026-03-28 22:51:11 | DEBUG | sivi:base_reverse_runner.py:382| _warmup_log_func | Warmup Epoch 310, W2 Dist: 0.0314
2026-03-28 22:51:12 | DEBUG | sivi:base_reverse_runner.py:376| _warmup_log_func | Warmup Epoch 320, KL Divergence: 0.0091
2026-03-28 22:51:12 | DEBUG | sivi:base_reverse_runner.py:382| _warmup_log_func | Warmup Epoch 320, W2 Dist: 0.0251
2026-03-28 22:51:12 | DEBUG | sivi:base_reverse_runner.py:376| _warmup_log_func | Warmup Epoch 330, KL Divergence: 0.0160
2026-03-28 22:51:12 | DEBUG | sivi:base_reverse_runner.py:382| _warmup_log_func | Warmup Epoch 330, W2 Dist: 0.0349
2026-03-28 22:51:13 | DEBUG | sivi:base_reverse_runner.py:376| _warmup_log_func | Warmup Epoch 340, KL Divergence: -0.0078
2026-03-28 22:51:13 | DEBUG | sivi:base_reverse_runner.py:382| _warmup_log_func | Warmup Epoch 340, W2 Dist: 0.0396
2026-03-28 22:51:13 | DEBUG | sivi:base_reverse_runner.py:376| _warmup_log_func | Warmup Epoch 350, KL Divergence: -0.0066
2026-03-28 22:51:13 | DEBUG | sivi:base_reverse_runner.py:382| _warmup_log_func | Warmup Epoch 350, W2 Dist: 0.0273
2026-03-28 22:51:14 | DEBUG | sivi:base_reverse_runner.py:376| _warmup_log_func | Warmup Epoch 360, KL Divergence: 0.0027
2026-03-28 22:51:14 | DEBUG | sivi:base_reverse_runner.py:382| _warmup_log_func | Warmup Epoch 360, W2 Dist: 0.0275
2026-03-28 22:51:14 | DEBUG | sivi:base_reverse_runner.py:376| _warmup_log_func | Warmup Epoch 370, KL Divergence: 0.0077
2026-03-28 22:51:14 | DEBUG | sivi:base_reverse_runner.py:382| _warmup_log_func | Warmup Epoch 370, W2 Dist: 0.0402
2026-03-28 22:51:15 | DEBUG | sivi:base_reverse_runner.py:376| _warmup_log_func | Warmup Epoch 380, KL Divergence: -0.0077
2026-03-28 22:51:15 | DEBUG | sivi:base_reverse_runner.py:382| _warmup_log_func | Warmup Epoch 380, W2 Dist: 0.0310
2026-03-28 22:51:15 | DEBUG | sivi:base_reverse_runner.py:376| _warmup_log_func | Warmup Epoch 390, KL Divergence: 0.0065
2026-03-28 22:51:15 | DEBUG | sivi:base_reverse_runner.py:382| _warmup_log_func | Warmup Epoch 390, W2 Dist: 0.0310
2026-03-28 22:51:15 | DEBUG | sivi:base_reverse_runner.py:376| _warmup_log_func | Warmup Epoch 400, KL Divergence: 0.0065
2026-03-28 22:51:15 | DEBUG | sivi:base_reverse_runner.py:382| _warmup_log_func | Warmup Epoch 400, W2 Dist: 0.0268
2026-03-28 22:51:15 | DEBUG | sivi:base_reverse_runner.py:392| _warmup_log_func | Warmup Epoch 400, Average Reverse Model Loss: 5.6726, Avg Step Time: 0.0449s, Avg Steps: 4.0000
2026-03-28 22:51:16 | DEBUG | sivi:base_reverse_runner.py:376| _warmup_log_func | Warmup Epoch 410, KL Divergence: -0.0013
2026-03-28 22:51:16 | DEBUG | sivi:base_reverse_runner.py:382| _warmup_log_func | Warmup Epoch 410, W2 Dist: 0.0271
2026-03-28 22:51:16 | DEBUG | sivi:base_reverse_runner.py:376| _warmup_log_func | Warmup Epoch 420, KL Divergence: 0.0089
2026-03-28 22:51:16 | DEBUG | sivi:base_reverse_runner.py:382| _warmup_log_func | Warmup Epoch 420, W2 Dist: 0.0336
2026-03-28 22:51:17 | DEBUG | sivi:base_reverse_runner.py:376| _warmup_log_func | Warmup Epoch 430, KL Divergence: 0.0028
2026-03-28 22:51:17 | DEBUG | sivi:base_reverse_runner.py:382| _warmup_log_func | Warmup Epoch 430, W2 Dist: 0.0286
2026-03-28 22:51:17 | DEBUG | sivi:base_reverse_runner.py:376| _warmup_log_func | Warmup Epoch 440, KL Divergence: -0.0040
2026-03-28 22:51:17 | DEBUG | sivi:base_reverse_runner.py:382| _warmup_log_func | Warmup Epoch 440, W2 Dist: 0.0303
2026-03-28 22:51:18 | DEBUG | sivi:base_reverse_runner.py:376| _warmup_log_func | Warmup Epoch 450, KL Divergence: 0.0001
2026-03-28 22:51:18 | DEBUG | sivi:base_reverse_runner.py:382| _warmup_log_func | Warmup Epoch 450, W2 Dist: 0.0333
2026-03-28 22:51:18 | DEBUG | sivi:base_reverse_runner.py:376| _warmup_log_func | Warmup Epoch 460, KL Divergence: 0.0239
2026-03-28 22:51:18 | DEBUG | sivi:base_reverse_runner.py:382| _warmup_log_func | Warmup Epoch 460, W2 Dist: 0.0265
2026-03-28 22:51:19 | DEBUG | sivi:base_reverse_runner.py:376| _warmup_log_func | Warmup Epoch 470, KL Divergence: 0.0065
2026-03-28 22:51:19 | DEBUG | sivi:base_reverse_runner.py:382| _warmup_log_func | Warmup Epoch 470, W2 Dist: 0.0302
2026-03-28 22:51:19 | DEBUG | sivi:base_reverse_runner.py:376| _warmup_log_func | Warmup Epoch 480, KL Divergence: -0.0086
2026-03-28 22:51:19 | DEBUG | sivi:base_reverse_runner.py:382| _warmup_log_func | Warmup Epoch 480, W2 Dist: 0.0296
2026-03-28 22:51:20 | DEBUG | sivi:base_reverse_runner.py:376| _warmup_log_func | Warmup Epoch 490, KL Divergence: -0.0093
2026-03-28 22:51:20 | DEBUG | sivi:base_reverse_runner.py:382| _warmup_log_func | Warmup Epoch 490, W2 Dist: 0.0251
2026-03-28 22:51:20 | DEBUG | sivi:base_reverse_runner.py:376| _warmup_log_func | Warmup Epoch 500, KL Divergence: -0.0016
2026-03-28 22:51:20 | DEBUG | sivi:base_reverse_runner.py:382| _warmup_log_func | Warmup Epoch 500, W2 Dist: 0.0399
2026-03-28 22:51:20 | DEBUG | sivi:base_reverse_runner.py:392| _warmup_log_func | Warmup Epoch 500, Average Reverse Model Loss: 5.6721, Avg Step Time: 0.0457s, Avg Steps: 5.0000
2026-03-28 22:51:20 | INFO | sivi:base_reverse_runner.py:434| warmup | Warmup completed for 500 epochs. Total time: 21.798s, Avg epoch time: 0.043597s
2026-03-28 22:51:21 | DEBUG | sivi:base_runner.py:337| eval_kl_ite | Epoch 10, VI KL to baseline: 0.4615
2026-03-28 22:51:21 | DEBUG | sivi:base_reverse_runner.py:261| eval_kl_ite | Epoch 10, Reverse Model KL ITE: 0.0020
2026-03-28 22:51:21 | DEBUG | sivi:base_runner.py:347| eval_w2 | Epoch 10, VI W2 to baseline: 0.4722
2026-03-28 22:51:21 | DEBUG | sivi:base_reverse_runner.py:272| eval_w2 | Epoch 10, Reverse Model W2: 0.0387
2026-03-28 22:51:21 | DEBUG | sivi:base_runner.py:477| eval_elbo | Epoch 10, ELBO: -0.4619, Std Total: 2.0122, Std Q: nan, CI Half: 0.1764
2026-03-28 22:51:21 | DEBUG | sivi:base_runner.py:507| eval_ksd | Epoch 10, VI KSD: 0.1266
2026-03-28 22:51:21 | DEBUG | sivi:base_runner.py:337| eval_kl_ite | Epoch 20, VI KL to baseline: 0.5968
2026-03-28 22:51:21 | DEBUG | sivi:base_reverse_runner.py:261| eval_kl_ite | Epoch 20, Reverse Model KL ITE: 0.0252
2026-03-28 22:51:22 | DEBUG | sivi:base_runner.py:347| eval_w2 | Epoch 20, VI W2 to baseline: 0.3488
2026-03-28 22:51:22 | DEBUG | sivi:base_reverse_runner.py:272| eval_w2 | Epoch 20, Reverse Model W2: 0.0655
2026-03-28 22:51:22 | DEBUG | sivi:base_runner.py:477| eval_elbo | Epoch 20, ELBO: -0.7267, Std Total: 2.6502, Std Q: nan, CI Half: 0.2323
2026-03-28 22:51:22 | DEBUG | sivi:base_runner.py:507| eval_ksd | Epoch 20, VI KSD: 0.2097
2026-03-28 22:51:22 | DEBUG | sivi:base_runner.py:337| eval_kl_ite | Epoch 30, VI KL to baseline: 0.9724
2026-03-28 22:51:22 | DEBUG | sivi:base_reverse_runner.py:261| eval_kl_ite | Epoch 30, Reverse Model KL ITE: 0.0204
2026-03-28 22:51:22 | DEBUG | sivi:base_runner.py:347| eval_w2 | Epoch 30, VI W2 to baseline: 0.4233
2026-03-28 22:51:22 | DEBUG | sivi:base_reverse_runner.py:272| eval_w2 | Epoch 30, Reverse Model W2: 0.0873
2026-03-28 22:51:22 | DEBUG | sivi:base_runner.py:477| eval_elbo | Epoch 30, ELBO: -1.3819, Std Total: 4.3299, Std Q: nan, CI Half: 0.3795
2026-03-28 22:51:22 | DEBUG | sivi:base_runner.py:507| eval_ksd | Epoch 30, VI KSD: 0.4020
2026-03-28 22:51:23 | DEBUG | sivi:base_runner.py:337| eval_kl_ite | Epoch 40, VI KL to baseline: 1.5594
2026-03-28 22:51:23 | DEBUG | sivi:base_reverse_runner.py:261| eval_kl_ite | Epoch 40, Reverse Model KL ITE: 0.0630
2026-03-28 22:51:23 | DEBUG | sivi:base_runner.py:347| eval_w2 | Epoch 40, VI W2 to baseline: 0.8734
2026-03-28 22:51:23 | DEBUG | sivi:base_reverse_runner.py:272| eval_w2 | Epoch 40, Reverse Model W2: 0.0964
2026-03-28 22:51:23 | DEBUG | sivi:base_runner.py:477| eval_elbo | Epoch 40, ELBO: -3.0647, Std Total: 7.9799, Std Q: nan, CI Half: 0.6995
2026-03-28 22:51:23 | DEBUG | sivi:base_runner.py:507| eval_ksd | Epoch 40, VI KSD: 0.6828
2026-03-28 22:51:23 | DEBUG | sivi:base_runner.py:337| eval_kl_ite | Epoch 50, VI KL to baseline: 2.2779
2026-03-28 22:51:23 | DEBUG | sivi:base_reverse_runner.py:261| eval_kl_ite | Epoch 50, Reverse Model KL ITE: 0.0211
2026-03-28 22:51:23 | DEBUG | sivi:base_runner.py:347| eval_w2 | Epoch 50, VI W2 to baseline: 1.4396
2026-03-28 22:51:23 | DEBUG | sivi:base_reverse_runner.py:272| eval_w2 | Epoch 50, Reverse Model W2: 0.0900
2026-03-28 22:51:23 | DEBUG | sivi:base_runner.py:477| eval_elbo | Epoch 50, ELBO: -5.6863, Std Total: 12.2531, Std Q: nan, CI Half: 1.0740
2026-03-28 22:51:23 | DEBUG | sivi:base_runner.py:507| eval_ksd | Epoch 50, VI KSD: 1.3892
2026-03-28 22:51:24 | DEBUG | sivi:base_runner.py:337| eval_kl_ite | Epoch 60, VI KL to baseline: 2.7546
2026-03-28 22:51:24 | DEBUG | sivi:base_reverse_runner.py:261| eval_kl_ite | Epoch 60, Reverse Model KL ITE: 0.0329
2026-03-28 22:51:24 | DEBUG | sivi:base_runner.py:347| eval_w2 | Epoch 60, VI W2 to baseline: 1.7853
2026-03-28 22:51:24 | DEBUG | sivi:base_reverse_runner.py:272| eval_w2 | Epoch 60, Reverse Model W2: 0.0739
2026-03-28 22:51:24 | DEBUG | sivi:base_runner.py:477| eval_elbo | Epoch 60, ELBO: -6.8153, Std Total: 12.2183, Std Q: nan, CI Half: 1.0710
2026-03-28 22:51:24 | DEBUG | sivi:base_runner.py:507| eval_ksd | Epoch 60, VI KSD: 1.4910
2026-03-28 22:51:25 | DEBUG | sivi:base_runner.py:337| eval_kl_ite | Epoch 70, VI KL to baseline: 2.8923
2026-03-28 22:51:25 | DEBUG | sivi:base_reverse_runner.py:261| eval_kl_ite | Epoch 70, Reverse Model KL ITE: 0.0269
2026-03-28 22:51:25 | DEBUG | sivi:base_runner.py:347| eval_w2 | Epoch 70, VI W2 to baseline: 1.8859
2026-03-28 22:51:25 | DEBUG | sivi:base_reverse_runner.py:272| eval_w2 | Epoch 70, Reverse Model W2: 0.0617
2026-03-28 22:51:25 | DEBUG | sivi:base_runner.py:477| eval_elbo | Epoch 70, ELBO: -7.1390, Std Total: 12.5574, Std Q: nan, CI Half: 1.1007
2026-03-28 22:51:25 | DEBUG | sivi:base_runner.py:507| eval_ksd | Epoch 70, VI KSD: 1.8077
2026-03-28 22:51:25 | DEBUG | sivi:base_runner.py:337| eval_kl_ite | Epoch 80, VI KL to baseline: 2.6533
2026-03-28 22:51:25 | DEBUG | sivi:base_reverse_runner.py:261| eval_kl_ite | Epoch 80, Reverse Model KL ITE: 0.0215
2026-03-28 22:51:25 | DEBUG | sivi:base_runner.py:347| eval_w2 | Epoch 80, VI W2 to baseline: 1.7688
2026-03-28 22:51:25 | DEBUG | sivi:base_reverse_runner.py:272| eval_w2 | Epoch 80, Reverse Model W2: 0.0535
2026-03-28 22:51:25 | DEBUG | sivi:base_runner.py:477| eval_elbo | Epoch 80, ELBO: -5.8595, Std Total: 10.6771, Std Q: nan, CI Half: 0.9359
2026-03-28 22:51:25 | DEBUG | sivi:base_runner.py:507| eval_ksd | Epoch 80, VI KSD: 1.4233
2026-03-28 22:51:26 | DEBUG | sivi:base_runner.py:337| eval_kl_ite | Epoch 90, VI KL to baseline: 2.6268
2026-03-28 22:51:26 | DEBUG | sivi:base_reverse_runner.py:261| eval_kl_ite | Epoch 90, Reverse Model KL ITE: -0.0071
2026-03-28 22:51:26 | DEBUG | sivi:base_runner.py:347| eval_w2 | Epoch 90, VI W2 to baseline: 1.8379
2026-03-28 22:51:26 | DEBUG | sivi:base_reverse_runner.py:272| eval_w2 | Epoch 90, Reverse Model W2: 0.0768
2026-03-28 22:51:26 | DEBUG | sivi:base_runner.py:477| eval_elbo | Epoch 90, ELBO: -6.4693, Std Total: 11.6556, Std Q: nan, CI Half: 1.0217
2026-03-28 22:51:26 | DEBUG | sivi:base_runner.py:507| eval_ksd | Epoch 90, VI KSD: 1.4396
2026-03-28 22:51:26 | DEBUG | sivi:base_runner.py:874| learn | Epoch 100: Avg Loss: -0.5932, Avg Epoch Time: 0.0629s
2026-03-28 22:51:26 | DEBUG | sivi:base_runner.py:337| eval_kl_ite | Epoch 100, VI KL to baseline: 2.6080
2026-03-28 22:51:27 | DEBUG | sivi:base_reverse_runner.py:261| eval_kl_ite | Epoch 100, Reverse Model KL ITE: -0.0130
2026-03-28 22:51:27 | DEBUG | sivi:base_runner.py:347| eval_w2 | Epoch 100, VI W2 to baseline: 1.9616
2026-03-28 22:51:27 | DEBUG | sivi:base_reverse_runner.py:272| eval_w2 | Epoch 100, Reverse Model W2: 0.0526
2026-03-28 22:51:27 | DEBUG | sivi:base_runner.py:477| eval_elbo | Epoch 100, ELBO: -5.7673, Std Total: 10.9581, Std Q: nan, CI Half: 0.9605
2026-03-28 22:51:27 | DEBUG | sivi:base_runner.py:507| eval_ksd | Epoch 100, VI KSD: 1.2637
2026-03-28 22:51:27 | DEBUG | sivi:base_runner.py:337| eval_kl_ite | Epoch 110, VI KL to baseline: 2.7370
2026-03-28 22:51:27 | DEBUG | sivi:base_reverse_runner.py:261| eval_kl_ite | Epoch 110, Reverse Model KL ITE: -0.0065
2026-03-28 22:51:27 | DEBUG | sivi:base_runner.py:347| eval_w2 | Epoch 110, VI W2 to baseline: 2.1654
2026-03-28 22:51:27 | DEBUG | sivi:base_reverse_runner.py:272| eval_w2 | Epoch 110, Reverse Model W2: 0.0684
2026-03-28 22:51:27 | DEBUG | sivi:base_runner.py:477| eval_elbo | Epoch 110, ELBO: -6.4851, Std Total: 11.2515, Std Q: nan, CI Half: 0.9862
2026-03-28 22:51:27 | DEBUG | sivi:base_runner.py:507| eval_ksd | Epoch 110, VI KSD: 1.2813
2026-03-28 22:51:28 | DEBUG | sivi:base_runner.py:337| eval_kl_ite | Epoch 120, VI KL to baseline: 2.9249
2026-03-28 22:51:28 | DEBUG | sivi:base_reverse_runner.py:261| eval_kl_ite | Epoch 120, Reverse Model KL ITE: -0.0291
2026-03-28 22:51:28 | DEBUG | sivi:base_runner.py:347| eval_w2 | Epoch 120, VI W2 to baseline: 2.3996
2026-03-28 22:51:28 | DEBUG | sivi:base_reverse_runner.py:272| eval_w2 | Epoch 120, Reverse Model W2: 0.0662
2026-03-28 22:51:28 | DEBUG | sivi:base_runner.py:477| eval_elbo | Epoch 120, ELBO: -6.4508, Std Total: 10.6404, Std Q: nan, CI Half: 0.9327
2026-03-28 22:51:28 | DEBUG | sivi:base_runner.py:507| eval_ksd | Epoch 120, VI KSD: 1.2297
2026-03-28 22:51:28 | DEBUG | sivi:base_runner.py:337| eval_kl_ite | Epoch 130, VI KL to baseline: 2.9665
2026-03-28 22:51:28 | DEBUG | sivi:base_reverse_runner.py:261| eval_kl_ite | Epoch 130, Reverse Model KL ITE: 0.0202
2026-03-28 22:51:28 | DEBUG | sivi:base_runner.py:347| eval_w2 | Epoch 130, VI W2 to baseline: 2.3523
2026-03-28 22:51:28 | DEBUG | sivi:base_reverse_runner.py:272| eval_w2 | Epoch 130, Reverse Model W2: 0.0644
2026-03-28 22:51:28 | DEBUG | sivi:base_runner.py:477| eval_elbo | Epoch 130, ELBO: -5.5040, Std Total: 8.7765, Std Q: nan, CI Half: 0.7693
2026-03-28 22:51:28 | DEBUG | sivi:base_runner.py:507| eval_ksd | Epoch 130, VI KSD: 1.3086
2026-03-28 22:51:29 | DEBUG | sivi:base_runner.py:337| eval_kl_ite | Epoch 140, VI KL to baseline: 2.8249
2026-03-28 22:51:29 | DEBUG | sivi:base_reverse_runner.py:261| eval_kl_ite | Epoch 140, Reverse Model KL ITE: 0.0303
2026-03-28 22:51:29 | DEBUG | sivi:base_runner.py:347| eval_w2 | Epoch 140, VI W2 to baseline: 2.1480
2026-03-28 22:51:29 | DEBUG | sivi:base_reverse_runner.py:272| eval_w2 | Epoch 140, Reverse Model W2: 0.0684
2026-03-28 22:51:29 | DEBUG | sivi:base_runner.py:477| eval_elbo | Epoch 140, ELBO: -5.3094, Std Total: 9.0904, Std Q: nan, CI Half: 0.7968
2026-03-28 22:51:29 | DEBUG | sivi:base_runner.py:507| eval_ksd | Epoch 140, VI KSD: 1.1138
2026-03-28 22:51:29 | DEBUG | sivi:base_runner.py:337| eval_kl_ite | Epoch 150, VI KL to baseline: 2.8648
2026-03-28 22:51:30 | DEBUG | sivi:base_reverse_runner.py:261| eval_kl_ite | Epoch 150, Reverse Model KL ITE: -0.0111
2026-03-28 22:51:30 | DEBUG | sivi:base_runner.py:347| eval_w2 | Epoch 150, VI W2 to baseline: 2.2363
2026-03-28 22:51:30 | DEBUG | sivi:base_reverse_runner.py:272| eval_w2 | Epoch 150, Reverse Model W2: 0.0495
2026-03-28 22:51:30 | DEBUG | sivi:base_runner.py:477| eval_elbo | Epoch 150, ELBO: -5.1283, Std Total: 7.4050, Std Q: nan, CI Half: 0.6491
2026-03-28 22:51:30 | DEBUG | sivi:base_runner.py:507| eval_ksd | Epoch 150, VI KSD: 1.0884
2026-03-28 22:51:30 | DEBUG | sivi:base_runner.py:337| eval_kl_ite | Epoch 160, VI KL to baseline: 2.8493
2026-03-28 22:51:30 | DEBUG | sivi:base_reverse_runner.py:261| eval_kl_ite | Epoch 160, Reverse Model KL ITE: -0.0028
2026-03-28 22:51:30 | DEBUG | sivi:base_runner.py:347| eval_w2 | Epoch 160, VI W2 to baseline: 2.2345
2026-03-28 22:51:30 | DEBUG | sivi:base_reverse_runner.py:272| eval_w2 | Epoch 160, Reverse Model W2: 0.0646
2026-03-28 22:51:30 | DEBUG | sivi:base_runner.py:477| eval_elbo | Epoch 160, ELBO: -4.8520, Std Total: 8.2350, Std Q: nan, CI Half: 0.7218
2026-03-28 22:51:30 | DEBUG | sivi:base_runner.py:507| eval_ksd | Epoch 160, VI KSD: 1.0629
2026-03-28 22:51:31 | DEBUG | sivi:base_runner.py:337| eval_kl_ite | Epoch 170, VI KL to baseline: 2.8304
2026-03-28 22:51:31 | DEBUG | sivi:base_reverse_runner.py:261| eval_kl_ite | Epoch 170, Reverse Model KL ITE: 0.0039
2026-03-28 22:51:31 | DEBUG | sivi:base_runner.py:347| eval_w2 | Epoch 170, VI W2 to baseline: 2.2813
2026-03-28 22:51:31 | DEBUG | sivi:base_reverse_runner.py:272| eval_w2 | Epoch 170, Reverse Model W2: 0.0582
2026-03-28 22:51:31 | DEBUG | sivi:base_runner.py:477| eval_elbo | Epoch 170, ELBO: -4.5877, Std Total: 7.6690, Std Q: nan, CI Half: 0.6722
2026-03-28 22:51:31 | DEBUG | sivi:base_runner.py:507| eval_ksd | Epoch 170, VI KSD: 1.1014
2026-03-28 22:51:31 | DEBUG | sivi:base_runner.py:337| eval_kl_ite | Epoch 180, VI KL to baseline: 2.8455
2026-03-28 22:51:31 | DEBUG | sivi:base_reverse_runner.py:261| eval_kl_ite | Epoch 180, Reverse Model KL ITE: 0.0203
2026-03-28 22:51:31 | DEBUG | sivi:base_runner.py:347| eval_w2 | Epoch 180, VI W2 to baseline: 2.3550
2026-03-28 22:51:31 | DEBUG | sivi:base_reverse_runner.py:272| eval_w2 | Epoch 180, Reverse Model W2: 0.0610
2026-03-28 22:51:31 | DEBUG | sivi:base_runner.py:477| eval_elbo | Epoch 180, ELBO: -5.0626, Std Total: 8.5827, Std Q: nan, CI Half: 0.7523
2026-03-28 22:51:31 | DEBUG | sivi:base_runner.py:507| eval_ksd | Epoch 180, VI KSD: 1.1665
2026-03-28 22:51:32 | DEBUG | sivi:base_runner.py:337| eval_kl_ite | Epoch 190, VI KL to baseline: 2.8272
2026-03-28 22:51:32 | DEBUG | sivi:base_reverse_runner.py:261| eval_kl_ite | Epoch 190, Reverse Model KL ITE: 0.0086
2026-03-28 22:51:32 | DEBUG | sivi:base_runner.py:347| eval_w2 | Epoch 190, VI W2 to baseline: 2.2906
2026-03-28 22:51:32 | DEBUG | sivi:base_reverse_runner.py:272| eval_w2 | Epoch 190, Reverse Model W2: 0.0745
2026-03-28 22:51:32 | DEBUG | sivi:base_runner.py:477| eval_elbo | Epoch 190, ELBO: -4.5273, Std Total: 7.6350, Std Q: nan, CI Half: 0.6692
2026-03-28 22:51:32 | DEBUG | sivi:base_runner.py:507| eval_ksd | Epoch 190, VI KSD: 0.9258
2026-03-28 22:51:32 | DEBUG | sivi:base_runner.py:874| learn | Epoch 200: Avg Loss: 0.0123, Avg Epoch Time: 0.0569s
2026-03-28 22:51:32 | DEBUG | sivi:base_runner.py:337| eval_kl_ite | Epoch 200, VI KL to baseline: 2.8257
2026-03-28 22:51:32 | DEBUG | sivi:base_reverse_runner.py:261| eval_kl_ite | Epoch 200, Reverse Model KL ITE: 0.0410
2026-03-28 22:51:32 | DEBUG | sivi:base_runner.py:347| eval_w2 | Epoch 200, VI W2 to baseline: 2.2705
2026-03-28 22:51:32 | DEBUG | sivi:base_reverse_runner.py:272| eval_w2 | Epoch 200, Reverse Model W2: 0.0577
2026-03-28 22:51:32 | DEBUG | sivi:base_runner.py:477| eval_elbo | Epoch 200, ELBO: -4.9840, Std Total: 8.1472, Std Q: nan, CI Half: 0.7141
2026-03-28 22:51:32 | DEBUG | sivi:base_runner.py:507| eval_ksd | Epoch 200, VI KSD: 0.9957
2026-03-28 22:51:33 | DEBUG | sivi:base_runner.py:337| eval_kl_ite | Epoch 210, VI KL to baseline: 2.9307
2026-03-28 22:51:33 | DEBUG | sivi:base_reverse_runner.py:261| eval_kl_ite | Epoch 210, Reverse Model KL ITE: 0.0066
2026-03-28 22:51:33 | DEBUG | sivi:base_runner.py:347| eval_w2 | Epoch 210, VI W2 to baseline: 2.4067
2026-03-28 22:51:33 | DEBUG | sivi:base_reverse_runner.py:272| eval_w2 | Epoch 210, Reverse Model W2: 0.0677
2026-03-28 22:51:33 | DEBUG | sivi:base_runner.py:477| eval_elbo | Epoch 210, ELBO: -5.4664, Std Total: 8.7968, Std Q: nan, CI Half: 0.7711
2026-03-28 22:51:33 | DEBUG | sivi:base_runner.py:507| eval_ksd | Epoch 210, VI KSD: 1.1197
2026-03-28 22:51:33 | DEBUG | sivi:base_runner.py:337| eval_kl_ite | Epoch 220, VI KL to baseline: 2.8014
2026-03-28 22:51:33 | DEBUG | sivi:base_reverse_runner.py:261| eval_kl_ite | Epoch 220, Reverse Model KL ITE: 0.0017
2026-03-28 22:51:33 | DEBUG | sivi:base_runner.py:347| eval_w2 | Epoch 220, VI W2 to baseline: 2.2325
2026-03-28 22:51:33 | DEBUG | sivi:base_reverse_runner.py:272| eval_w2 | Epoch 220, Reverse Model W2: 0.0613
2026-03-28 22:51:33 | DEBUG | sivi:base_runner.py:477| eval_elbo | Epoch 220, ELBO: -5.1667, Std Total: 8.3406, Std Q: nan, CI Half: 0.7311
2026-03-28 22:51:33 | DEBUG | sivi:base_runner.py:507| eval_ksd | Epoch 220, VI KSD: 1.0235
2026-03-28 22:51:34 | DEBUG | sivi:base_runner.py:337| eval_kl_ite | Epoch 230, VI KL to baseline: 2.7473
2026-03-28 22:51:34 | DEBUG | sivi:base_reverse_runner.py:261| eval_kl_ite | Epoch 230, Reverse Model KL ITE: 0.0302
2026-03-28 22:51:34 | DEBUG | sivi:base_runner.py:347| eval_w2 | Epoch 230, VI W2 to baseline: 2.2331
2026-03-28 22:51:34 | DEBUG | sivi:base_reverse_runner.py:272| eval_w2 | Epoch 230, Reverse Model W2: 0.0723
2026-03-28 22:51:34 | DEBUG | sivi:base_runner.py:477| eval_elbo | Epoch 230, ELBO: -4.3977, Std Total: 8.4307, Std Q: nan, CI Half: 0.7390
2026-03-28 22:51:34 | DEBUG | sivi:base_runner.py:507| eval_ksd | Epoch 230, VI KSD: 0.9352
2026-03-28 22:51:34 | DEBUG | sivi:base_runner.py:337| eval_kl_ite | Epoch 240, VI KL to baseline: 2.4562
2026-03-28 22:51:34 | DEBUG | sivi:base_reverse_runner.py:261| eval_kl_ite | Epoch 240, Reverse Model KL ITE: 0.0142
2026-03-28 22:51:34 | DEBUG | sivi:base_runner.py:347| eval_w2 | Epoch 240, VI W2 to baseline: 1.9699
2026-03-28 22:51:34 | DEBUG | sivi:base_reverse_runner.py:272| eval_w2 | Epoch 240, Reverse Model W2: 0.0613
2026-03-28 22:51:34 | DEBUG | sivi:base_runner.py:477| eval_elbo | Epoch 240, ELBO: -3.3882, Std Total: 6.8550, Std Q: nan, CI Half: 0.6009
2026-03-28 22:51:34 | DEBUG | sivi:base_runner.py:507| eval_ksd | Epoch 240, VI KSD: 0.8602
2026-03-28 22:51:35 | DEBUG | sivi:base_runner.py:337| eval_kl_ite | Epoch 250, VI KL to baseline: 2.4506
2026-03-28 22:51:35 | DEBUG | sivi:base_reverse_runner.py:261| eval_kl_ite | Epoch 250, Reverse Model KL ITE: 0.0046
2026-03-28 22:51:35 | DEBUG | sivi:base_runner.py:347| eval_w2 | Epoch 250, VI W2 to baseline: 1.8750
2026-03-28 22:51:35 | DEBUG | sivi:base_reverse_runner.py:272| eval_w2 | Epoch 250, Reverse Model W2: 0.0706
2026-03-28 22:51:35 | DEBUG | sivi:base_runner.py:477| eval_elbo | Epoch 250, ELBO: -4.0689, Std Total: 7.8806, Std Q: nan, CI Half: 0.6908
2026-03-28 22:51:35 | DEBUG | sivi:base_runner.py:507| eval_ksd | Epoch 250, VI KSD: 0.8690
2026-03-28 22:51:35 | DEBUG | sivi:base_runner.py:337| eval_kl_ite | Epoch 260, VI KL to baseline: 2.1995
2026-03-28 22:51:35 | DEBUG | sivi:base_reverse_runner.py:261| eval_kl_ite | Epoch 260, Reverse Model KL ITE: 0.0151
2026-03-28 22:51:35 | DEBUG | sivi:base_runner.py:347| eval_w2 | Epoch 260, VI W2 to baseline: 1.6296
2026-03-28 22:51:35 | DEBUG | sivi:base_reverse_runner.py:272| eval_w2 | Epoch 260, Reverse Model W2: 0.0538
2026-03-28 22:51:35 | DEBUG | sivi:base_runner.py:477| eval_elbo | Epoch 260, ELBO: -3.6484, Std Total: 7.6409, Std Q: nan, CI Half: 0.6698
2026-03-28 22:51:35 | DEBUG | sivi:base_runner.py:507| eval_ksd | Epoch 260, VI KSD: 0.9430
2026-03-28 22:51:36 | DEBUG | sivi:base_runner.py:337| eval_kl_ite | Epoch 270, VI KL to baseline: 2.2356
2026-03-28 22:51:36 | DEBUG | sivi:base_reverse_runner.py:261| eval_kl_ite | Epoch 270, Reverse Model KL ITE: 0.0012
2026-03-28 22:51:36 | DEBUG | sivi:base_runner.py:347| eval_w2 | Epoch 270, VI W2 to baseline: 1.6624
2026-03-28 22:51:36 | DEBUG | sivi:base_reverse_runner.py:272| eval_w2 | Epoch 270, Reverse Model W2: 0.0568
2026-03-28 22:51:36 | DEBUG | sivi:base_runner.py:477| eval_elbo | Epoch 270, ELBO: -3.2333, Std Total: 7.4134, Std Q: nan, CI Half: 0.6498
2026-03-28 22:51:36 | DEBUG | sivi:base_runner.py:507| eval_ksd | Epoch 270, VI KSD: 0.8728
2026-03-28 22:51:37 | DEBUG | sivi:base_runner.py:337| eval_kl_ite | Epoch 280, VI KL to baseline: 2.3098
2026-03-28 22:51:37 | DEBUG | sivi:base_reverse_runner.py:261| eval_kl_ite | Epoch 280, Reverse Model KL ITE: 0.0172
2026-03-28 22:51:37 | DEBUG | sivi:base_runner.py:347| eval_w2 | Epoch 280, VI W2 to baseline: 1.6997
2026-03-28 22:51:37 | DEBUG | sivi:base_reverse_runner.py:272| eval_w2 | Epoch 280, Reverse Model W2: 0.0735
2026-03-28 22:51:37 | DEBUG | sivi:base_runner.py:477| eval_elbo | Epoch 280, ELBO: -4.0213, Std Total: 7.0824, Std Q: nan, CI Half: 0.6208
2026-03-28 22:51:37 | DEBUG | sivi:base_runner.py:507| eval_ksd | Epoch 280, VI KSD: 0.9977
2026-03-28 22:51:37 | DEBUG | sivi:base_runner.py:337| eval_kl_ite | Epoch 290, VI KL to baseline: 2.1994
2026-03-28 22:51:37 | DEBUG | sivi:base_reverse_runner.py:261| eval_kl_ite | Epoch 290, Reverse Model KL ITE: 0.0431
2026-03-28 22:51:37 | DEBUG | sivi:base_runner.py:347| eval_w2 | Epoch 290, VI W2 to baseline: 1.5956
2026-03-28 22:51:37 | DEBUG | sivi:base_reverse_runner.py:272| eval_w2 | Epoch 290, Reverse Model W2: 0.0574
2026-03-28 22:51:37 | DEBUG | sivi:base_runner.py:477| eval_elbo | Epoch 290, ELBO: -3.7864, Std Total: 6.9417, Std Q: nan, CI Half: 0.6085
2026-03-28 22:51:37 | DEBUG | sivi:base_runner.py:507| eval_ksd | Epoch 290, VI KSD: 0.8844
2026-03-28 22:51:38 | DEBUG | sivi:base_runner.py:874| learn | Epoch 300: Avg Loss: 0.0716, Avg Epoch Time: 0.0567s
2026-03-28 22:51:38 | DEBUG | sivi:base_runner.py:337| eval_kl_ite | Epoch 300, VI KL to baseline: 2.1469
2026-03-28 22:51:38 | DEBUG | sivi:base_reverse_runner.py:261| eval_kl_ite | Epoch 300, Reverse Model KL ITE: 0.0184
2026-03-28 22:51:38 | DEBUG | sivi:base_runner.py:347| eval_w2 | Epoch 300, VI W2 to baseline: 1.5808
2026-03-28 22:51:38 | DEBUG | sivi:base_reverse_runner.py:272| eval_w2 | Epoch 300, Reverse Model W2: 0.0752
2026-03-28 22:51:38 | DEBUG | sivi:base_runner.py:477| eval_elbo | Epoch 300, ELBO: -3.5970, Std Total: 7.1874, Std Q: nan, CI Half: 0.6300
2026-03-28 22:51:38 | DEBUG | sivi:base_runner.py:507| eval_ksd | Epoch 300, VI KSD: 0.9380
2026-03-28 22:51:38 | DEBUG | sivi:base_runner.py:337| eval_kl_ite | Epoch 310, VI KL to baseline: 2.0976
2026-03-28 22:51:39 | DEBUG | sivi:base_reverse_runner.py:261| eval_kl_ite | Epoch 310, Reverse Model KL ITE: 0.0339
2026-03-28 22:51:39 | DEBUG | sivi:base_runner.py:347| eval_w2 | Epoch 310, VI W2 to baseline: 1.4664
2026-03-28 22:51:39 | DEBUG | sivi:base_reverse_runner.py:272| eval_w2 | Epoch 310, Reverse Model W2: 0.0768
2026-03-28 22:51:39 | DEBUG | sivi:base_runner.py:477| eval_elbo | Epoch 310, ELBO: -3.4905, Std Total: 7.0269, Std Q: nan, CI Half: 0.6159
2026-03-28 22:51:39 | DEBUG | sivi:base_runner.py:507| eval_ksd | Epoch 310, VI KSD: 0.8366
2026-03-28 22:51:39 | DEBUG | sivi:base_runner.py:337| eval_kl_ite | Epoch 320, VI KL to baseline: 2.1692
2026-03-28 22:51:39 | DEBUG | sivi:base_reverse_runner.py:261| eval_kl_ite | Epoch 320, Reverse Model KL ITE: 0.0397
2026-03-28 22:51:39 | DEBUG | sivi:base_runner.py:347| eval_w2 | Epoch 320, VI W2 to baseline: 1.5354
2026-03-28 22:51:39 | DEBUG | sivi:base_reverse_runner.py:272| eval_w2 | Epoch 320, Reverse Model W2: 0.0597
2026-03-28 22:51:39 | DEBUG | sivi:base_runner.py:477| eval_elbo | Epoch 320, ELBO: -3.3687, Std Total: 7.2497, Std Q: nan, CI Half: 0.6355
2026-03-28 22:51:39 | DEBUG | sivi:base_runner.py:507| eval_ksd | Epoch 320, VI KSD: 0.8430
2026-03-28 22:51:40 | DEBUG | sivi:base_runner.py:337| eval_kl_ite | Epoch 330, VI KL to baseline: 2.6120
2026-03-28 22:51:40 | DEBUG | sivi:base_reverse_runner.py:261| eval_kl_ite | Epoch 330, Reverse Model KL ITE: 0.0446
2026-03-28 22:51:40 | DEBUG | sivi:base_runner.py:347| eval_w2 | Epoch 330, VI W2 to baseline: 2.0644
2026-03-28 22:51:40 | DEBUG | sivi:base_reverse_runner.py:272| eval_w2 | Epoch 330, Reverse Model W2: 0.0804
2026-03-28 22:51:40 | DEBUG | sivi:base_runner.py:477| eval_elbo | Epoch 330, ELBO: -4.1638, Std Total: 9.7485, Std Q: nan, CI Half: 0.8545
2026-03-28 22:51:40 | DEBUG | sivi:base_runner.py:507| eval_ksd | Epoch 330, VI KSD: 1.0218
2026-03-28 22:51:40 | DEBUG | sivi:base_runner.py:337| eval_kl_ite | Epoch 340, VI KL to baseline: 2.5336
2026-03-28 22:51:40 | DEBUG | sivi:base_reverse_runner.py:261| eval_kl_ite | Epoch 340, Reverse Model KL ITE: 0.0524
2026-03-28 22:51:40 | DEBUG | sivi:base_runner.py:347| eval_w2 | Epoch 340, VI W2 to baseline: 2.0989
2026-03-28 22:51:40 | DEBUG | sivi:base_reverse_runner.py:272| eval_w2 | Epoch 340, Reverse Model W2: 0.0911
2026-03-28 22:51:40 | DEBUG | sivi:base_runner.py:477| eval_elbo | Epoch 340, ELBO: -4.1017, Std Total: 10.4279, Std Q: nan, CI Half: 0.9140
2026-03-28 22:51:40 | DEBUG | sivi:base_runner.py:507| eval_ksd | Epoch 340, VI KSD: 1.0774
2026-03-28 22:51:41 | DEBUG | sivi:base_runner.py:337| eval_kl_ite | Epoch 350, VI KL to baseline: 1.9680
2026-03-28 22:51:41 | DEBUG | sivi:base_reverse_runner.py:261| eval_kl_ite | Epoch 350, Reverse Model KL ITE: 0.0423
2026-03-28 22:51:41 | DEBUG | sivi:base_runner.py:347| eval_w2 | Epoch 350, VI W2 to baseline: 1.4699
2026-03-28 22:51:41 | DEBUG | sivi:base_reverse_runner.py:272| eval_w2 | Epoch 350, Reverse Model W2: 0.0814
2026-03-28 22:51:41 | DEBUG | sivi:base_runner.py:477| eval_elbo | Epoch 350, ELBO: -2.5854, Std Total: 6.5314, Std Q: nan, CI Half: 0.5725
2026-03-28 22:51:41 | DEBUG | sivi:base_runner.py:507| eval_ksd | Epoch 350, VI KSD: 0.8011
2026-03-28 22:51:41 | DEBUG | sivi:base_runner.py:337| eval_kl_ite | Epoch 360, VI KL to baseline: 1.8142
2026-03-28 22:51:42 | DEBUG | sivi:base_reverse_runner.py:261| eval_kl_ite | Epoch 360, Reverse Model KL ITE: 0.0257
2026-03-28 22:51:42 | DEBUG | sivi:base_runner.py:347| eval_w2 | Epoch 360, VI W2 to baseline: 1.4142
2026-03-28 22:51:42 | DEBUG | sivi:base_reverse_runner.py:272| eval_w2 | Epoch 360, Reverse Model W2: 0.0834
2026-03-28 22:51:42 | DEBUG | sivi:base_runner.py:477| eval_elbo | Epoch 360, ELBO: -2.7726, Std Total: 6.8474, Std Q: nan, CI Half: 0.6002
2026-03-28 22:51:42 | DEBUG | sivi:base_runner.py:507| eval_ksd | Epoch 360, VI KSD: 0.7521
2026-03-28 22:51:42 | DEBUG | sivi:base_runner.py:337| eval_kl_ite | Epoch 370, VI KL to baseline: 1.9024
2026-03-28 22:51:42 | DEBUG | sivi:base_reverse_runner.py:261| eval_kl_ite | Epoch 370, Reverse Model KL ITE: 0.0009
2026-03-28 22:51:42 | DEBUG | sivi:base_runner.py:347| eval_w2 | Epoch 370, VI W2 to baseline: 1.4585
2026-03-28 22:51:42 | DEBUG | sivi:base_reverse_runner.py:272| eval_w2 | Epoch 370, Reverse Model W2: 0.0825
2026-03-28 22:51:42 | DEBUG | sivi:base_runner.py:477| eval_elbo | Epoch 370, ELBO: -3.2459, Std Total: 7.7407, Std Q: nan, CI Half: 0.6785
2026-03-28 22:51:42 | DEBUG | sivi:base_runner.py:507| eval_ksd | Epoch 370, VI KSD: 0.7813
2026-03-28 22:51:43 | DEBUG | sivi:base_runner.py:337| eval_kl_ite | Epoch 380, VI KL to baseline: 1.7484
2026-03-28 22:51:43 | DEBUG | sivi:base_reverse_runner.py:261| eval_kl_ite | Epoch 380, Reverse Model KL ITE: 0.0594
2026-03-28 22:51:43 | DEBUG | sivi:base_runner.py:347| eval_w2 | Epoch 380, VI W2 to baseline: 1.1423
2026-03-28 22:51:43 | DEBUG | sivi:base_reverse_runner.py:272| eval_w2 | Epoch 380, Reverse Model W2: 0.0846
2026-03-28 22:51:43 | DEBUG | sivi:base_runner.py:477| eval_elbo | Epoch 380, ELBO: -2.4974, Std Total: 6.1615, Std Q: nan, CI Half: 0.5401
2026-03-28 22:51:43 | DEBUG | sivi:base_runner.py:507| eval_ksd | Epoch 380, VI KSD: 0.7539
2026-03-28 22:51:43 | DEBUG | sivi:base_runner.py:337| eval_kl_ite | Epoch 390, VI KL to baseline: 1.8836
2026-03-28 22:51:43 | DEBUG | sivi:base_reverse_runner.py:261| eval_kl_ite | Epoch 390, Reverse Model KL ITE: 0.1085
2026-03-28 22:51:43 | DEBUG | sivi:base_runner.py:347| eval_w2 | Epoch 390, VI W2 to baseline: 1.2063
2026-03-28 22:51:43 | DEBUG | sivi:base_reverse_runner.py:272| eval_w2 | Epoch 390, Reverse Model W2: 0.1086
2026-03-28 22:51:43 | DEBUG | sivi:base_runner.py:477| eval_elbo | Epoch 390, ELBO: -2.9767, Std Total: 6.4014, Std Q: nan, CI Half: 0.5611
2026-03-28 22:51:43 | DEBUG | sivi:base_runner.py:507| eval_ksd | Epoch 390, VI KSD: 0.8415
2026-03-28 22:51:44 | DEBUG | sivi:base_runner.py:874| learn | Epoch 400: Avg Loss: 0.4826, Avg Epoch Time: 0.0583s
2026-03-28 22:51:44 | DEBUG | sivi:base_runner.py:337| eval_kl_ite | Epoch 400, VI KL to baseline: 2.0678
2026-03-28 22:51:44 | DEBUG | sivi:base_reverse_runner.py:261| eval_kl_ite | Epoch 400, Reverse Model KL ITE: 0.0768
2026-03-28 22:51:44 | DEBUG | sivi:base_runner.py:347| eval_w2 | Epoch 400, VI W2 to baseline: 1.3286
2026-03-28 22:51:44 | DEBUG | sivi:base_reverse_runner.py:272| eval_w2 | Epoch 400, Reverse Model W2: 0.0871
2026-03-28 22:51:44 | DEBUG | sivi:base_runner.py:477| eval_elbo | Epoch 400, ELBO: -3.9806, Std Total: 10.0508, Std Q: nan, CI Half: 0.8810
2026-03-28 22:51:44 | DEBUG | sivi:base_runner.py:507| eval_ksd | Epoch 400, VI KSD: 1.0893
2026-03-28 22:51:44 | DEBUG | sivi:base_runner.py:337| eval_kl_ite | Epoch 410, VI KL to baseline: 1.9572
2026-03-28 22:51:44 | DEBUG | sivi:base_reverse_runner.py:261| eval_kl_ite | Epoch 410, Reverse Model KL ITE: 0.0788
2026-03-28 22:51:44 | DEBUG | sivi:base_runner.py:347| eval_w2 | Epoch 410, VI W2 to baseline: 1.3205
2026-03-28 22:51:44 | DEBUG | sivi:base_reverse_runner.py:272| eval_w2 | Epoch 410, Reverse Model W2: 0.0917
2026-03-28 22:51:44 | DEBUG | sivi:base_runner.py:477| eval_elbo | Epoch 410, ELBO: -3.7084, Std Total: 8.4628, Std Q: nan, CI Half: 0.7418
2026-03-28 22:51:44 | DEBUG | sivi:base_runner.py:507| eval_ksd | Epoch 410, VI KSD: 1.0324
2026-03-28 22:51:45 | DEBUG | sivi:base_runner.py:337| eval_kl_ite | Epoch 420, VI KL to baseline: 2.0057
2026-03-28 22:51:45 | DEBUG | sivi:base_reverse_runner.py:261| eval_kl_ite | Epoch 420, Reverse Model KL ITE: 0.0195
2026-03-28 22:51:45 | DEBUG | sivi:base_runner.py:347| eval_w2 | Epoch 420, VI W2 to baseline: 1.2799
2026-03-28 22:51:45 | DEBUG | sivi:base_reverse_runner.py:272| eval_w2 | Epoch 420, Reverse Model W2: 0.0733
2026-03-28 22:51:45 | DEBUG | sivi:base_runner.py:477| eval_elbo | Epoch 420, ELBO: -3.3186, Std Total: 7.6635, Std Q: nan, CI Half: 0.6717
2026-03-28 22:51:45 | DEBUG | sivi:base_runner.py:507| eval_ksd | Epoch 420, VI KSD: 0.9570
2026-03-28 22:51:45 | DEBUG | sivi:base_runner.py:337| eval_kl_ite | Epoch 430, VI KL to baseline: 1.8421
2026-03-28 22:51:45 | DEBUG | sivi:base_reverse_runner.py:261| eval_kl_ite | Epoch 430, Reverse Model KL ITE: 0.0351
2026-03-28 22:51:45 | DEBUG | sivi:base_runner.py:347| eval_w2 | Epoch 430, VI W2 to baseline: 1.2427
2026-03-28 22:51:45 | DEBUG | sivi:base_reverse_runner.py:272| eval_w2 | Epoch 430, Reverse Model W2: 0.0690
2026-03-28 22:51:45 | DEBUG | sivi:base_runner.py:477| eval_elbo | Epoch 430, ELBO: -3.4346, Std Total: 7.4962, Std Q: nan, CI Half: 0.6571
2026-03-28 22:51:45 | DEBUG | sivi:base_runner.py:507| eval_ksd | Epoch 430, VI KSD: 0.8794
2026-03-28 22:51:45 | DEBUG | sivi:base_runner.py:337| eval_kl_ite | Epoch 440, VI KL to baseline: 1.9129
2026-03-28 22:51:46 | DEBUG | sivi:base_reverse_runner.py:261| eval_kl_ite | Epoch 440, Reverse Model KL ITE: 0.0258
2026-03-28 22:51:46 | DEBUG | sivi:base_runner.py:347| eval_w2 | Epoch 440, VI W2 to baseline: 1.3132
2026-03-28 22:51:46 | DEBUG | sivi:base_reverse_runner.py:272| eval_w2 | Epoch 440, Reverse Model W2: 0.0685
2026-03-28 22:51:46 | DEBUG | sivi:base_runner.py:477| eval_elbo | Epoch 440, ELBO: -3.0806, Std Total: 8.0045, Std Q: nan, CI Half: 0.7016
2026-03-28 22:51:46 | DEBUG | sivi:base_runner.py:507| eval_ksd | Epoch 440, VI KSD: 0.7909
2026-03-28 22:51:46 | DEBUG | sivi:base_runner.py:337| eval_kl_ite | Epoch 450, VI KL to baseline: 1.9126
2026-03-28 22:51:46 | DEBUG | sivi:base_reverse_runner.py:261| eval_kl_ite | Epoch 450, Reverse Model KL ITE: 0.0141
2026-03-28 22:51:46 | DEBUG | sivi:base_runner.py:347| eval_w2 | Epoch 450, VI W2 to baseline: 1.3585
2026-03-28 22:51:46 | DEBUG | sivi:base_reverse_runner.py:272| eval_w2 | Epoch 450, Reverse Model W2: 0.0658
2026-03-28 22:51:46 | DEBUG | sivi:base_runner.py:477| eval_elbo | Epoch 450, ELBO: -2.8113, Std Total: 7.6567, Std Q: nan, CI Half: 0.6711
2026-03-28 22:51:46 | DEBUG | sivi:base_runner.py:507| eval_ksd | Epoch 450, VI KSD: 0.9086
2026-03-28 22:51:47 | DEBUG | sivi:base_runner.py:337| eval_kl_ite | Epoch 460, VI KL to baseline: 1.8712
2026-03-28 22:51:47 | DEBUG | sivi:base_reverse_runner.py:261| eval_kl_ite | Epoch 460, Reverse Model KL ITE: 0.0549
2026-03-28 22:51:47 | DEBUG | sivi:base_runner.py:347| eval_w2 | Epoch 460, VI W2 to baseline: 1.3471
2026-03-28 22:51:47 | DEBUG | sivi:base_reverse_runner.py:272| eval_w2 | Epoch 460, Reverse Model W2: 0.0711
2026-03-28 22:51:47 | DEBUG | sivi:base_runner.py:477| eval_elbo | Epoch 460, ELBO: -2.8970, Std Total: 7.3445, Std Q: nan, CI Half: 0.6438
2026-03-28 22:51:47 | DEBUG | sivi:base_runner.py:507| eval_ksd | Epoch 460, VI KSD: 0.7834
2026-03-28 22:51:47 | DEBUG | sivi:base_runner.py:337| eval_kl_ite | Epoch 470, VI KL to baseline: 1.8107
2026-03-28 22:51:47 | DEBUG | sivi:base_reverse_runner.py:261| eval_kl_ite | Epoch 470, Reverse Model KL ITE: 0.0326
2026-03-28 22:51:47 | DEBUG | sivi:base_runner.py:347| eval_w2 | Epoch 470, VI W2 to baseline: 1.3354
2026-03-28 22:51:47 | DEBUG | sivi:base_reverse_runner.py:272| eval_w2 | Epoch 470, Reverse Model W2: 0.0748
2026-03-28 22:51:47 | DEBUG | sivi:base_runner.py:477| eval_elbo | Epoch 470, ELBO: -2.5522, Std Total: 7.6045, Std Q: nan, CI Half: 0.6666
2026-03-28 22:51:47 | DEBUG | sivi:base_runner.py:507| eval_ksd | Epoch 470, VI KSD: 0.7235
2026-03-28 22:51:48 | DEBUG | sivi:base_runner.py:337| eval_kl_ite | Epoch 480, VI KL to baseline: 1.6809
2026-03-28 22:51:48 | DEBUG | sivi:base_reverse_runner.py:261| eval_kl_ite | Epoch 480, Reverse Model KL ITE: 0.0479
2026-03-28 22:51:48 | DEBUG | sivi:base_runner.py:347| eval_w2 | Epoch 480, VI W2 to baseline: 1.2390
2026-03-28 22:51:48 | DEBUG | sivi:base_reverse_runner.py:272| eval_w2 | Epoch 480, Reverse Model W2: 0.0674
2026-03-28 22:51:48 | DEBUG | sivi:base_runner.py:477| eval_elbo | Epoch 480, ELBO: -2.6908, Std Total: 6.6217, Std Q: nan, CI Half: 0.5804
2026-03-28 22:51:48 | DEBUG | sivi:base_runner.py:507| eval_ksd | Epoch 480, VI KSD: 0.7267
2026-03-28 22:51:48 | DEBUG | sivi:base_runner.py:337| eval_kl_ite | Epoch 490, VI KL to baseline: 1.6910
2026-03-28 22:51:49 | DEBUG | sivi:base_reverse_runner.py:261| eval_kl_ite | Epoch 490, Reverse Model KL ITE: 0.0092
2026-03-28 22:51:49 | DEBUG | sivi:base_runner.py:347| eval_w2 | Epoch 490, VI W2 to baseline: 1.2375
2026-03-28 22:51:49 | DEBUG | sivi:base_reverse_runner.py:272| eval_w2 | Epoch 490, Reverse Model W2: 0.0622
2026-03-28 22:51:49 | DEBUG | sivi:base_runner.py:477| eval_elbo | Epoch 490, ELBO: -2.7009, Std Total: 9.0281, Std Q: nan, CI Half: 0.7913
2026-03-28 22:51:49 | DEBUG | sivi:base_runner.py:507| eval_ksd | Epoch 490, VI KSD: 0.7023
2026-03-28 22:51:49 | DEBUG | sivi:base_runner.py:874| learn | Epoch 500: Avg Loss: 0.0644, Avg Epoch Time: 0.0541s
2026-03-28 22:51:49 | DEBUG | sivi:base_reverse_runner.py:183| _training_rev_log_func | Epoch 500, Inner epoch 1, Reverse Model Loss: 4.4624, Avg Steps: 1.0000
2026-03-28 22:51:49 | DEBUG | sivi:base_runner.py:588| save_samples | Saved 100000 samples at epoch 500.
2026-03-28 22:51:49 | DEBUG | sivi:base_runner.py:337| eval_kl_ite | Epoch 500, VI KL to baseline: 1.7548
2026-03-28 22:51:49 | DEBUG | sivi:base_reverse_runner.py:261| eval_kl_ite | Epoch 500, Reverse Model KL ITE: 0.0358
2026-03-28 22:51:49 | DEBUG | sivi:base_runner.py:347| eval_w2 | Epoch 500, VI W2 to baseline: 1.2517
2026-03-28 22:51:49 | DEBUG | sivi:base_reverse_runner.py:272| eval_w2 | Epoch 500, Reverse Model W2: 0.0634
2026-03-28 22:51:49 | DEBUG | sivi:base_runner.py:477| eval_elbo | Epoch 500, ELBO: -2.5320, Std Total: 6.8772, Std Q: nan, CI Half: 0.6028
2026-03-28 22:51:49 | DEBUG | sivi:base_runner.py:507| eval_ksd | Epoch 500, VI KSD: 0.7047
2026-03-28 22:51:49 | DEBUG | sivi:base_runner.py:970| learn | Saved contour plot at epoch 500.
2026-03-28 22:51:50 | DEBUG | sivi:base_runner.py:337| eval_kl_ite | Epoch 510, VI KL to baseline: 1.7291
2026-03-28 22:51:50 | DEBUG | sivi:base_reverse_runner.py:261| eval_kl_ite | Epoch 510, Reverse Model KL ITE: 0.0351
2026-03-28 22:51:50 | DEBUG | sivi:base_runner.py:347| eval_w2 | Epoch 510, VI W2 to baseline: 1.3023
2026-03-28 22:51:50 | DEBUG | sivi:base_reverse_runner.py:272| eval_w2 | Epoch 510, Reverse Model W2: 0.0577
2026-03-28 22:51:50 | DEBUG | sivi:base_runner.py:477| eval_elbo | Epoch 510, ELBO: -2.6852, Std Total: 7.5446, Std Q: nan, CI Half: 0.6613
2026-03-28 22:51:50 | DEBUG | sivi:base_runner.py:507| eval_ksd | Epoch 510, VI KSD: 0.6827
2026-03-28 22:51:50 | DEBUG | sivi:base_runner.py:337| eval_kl_ite | Epoch 520, VI KL to baseline: 1.7845
2026-03-28 22:51:50 | DEBUG | sivi:base_reverse_runner.py:261| eval_kl_ite | Epoch 520, Reverse Model KL ITE: 0.0074
2026-03-28 22:51:51 | DEBUG | sivi:base_runner.py:347| eval_w2 | Epoch 520, VI W2 to baseline: 1.4066
2026-03-28 22:51:51 | DEBUG | sivi:base_reverse_runner.py:272| eval_w2 | Epoch 520, Reverse Model W2: 0.0764
2026-03-28 22:51:51 | DEBUG | sivi:base_runner.py:477| eval_elbo | Epoch 520, ELBO: -2.3627, Std Total: 8.6790, Std Q: nan, CI Half: 0.7608
2026-03-28 22:51:51 | DEBUG | sivi:base_runner.py:507| eval_ksd | Epoch 520, VI KSD: 0.7699
2026-03-28 22:51:51 | DEBUG | sivi:base_runner.py:337| eval_kl_ite | Epoch 530, VI KL to baseline: 1.8356
2026-03-28 22:51:51 | DEBUG | sivi:base_reverse_runner.py:261| eval_kl_ite | Epoch 530, Reverse Model KL ITE: 0.0165
2026-03-28 22:51:51 | DEBUG | sivi:base_runner.py:347| eval_w2 | Epoch 530, VI W2 to baseline: 1.4347
2026-03-28 22:51:51 | DEBUG | sivi:base_reverse_runner.py:272| eval_w2 | Epoch 530, Reverse Model W2: 0.0684
2026-03-28 22:51:51 | DEBUG | sivi:base_runner.py:477| eval_elbo | Epoch 530, ELBO: -2.7231, Std Total: 9.2252, Std Q: nan, CI Half: 0.8086
2026-03-28 22:51:51 | DEBUG | sivi:base_runner.py:507| eval_ksd | Epoch 530, VI KSD: 0.7291
2026-03-28 22:51:52 | DEBUG | sivi:base_runner.py:337| eval_kl_ite | Epoch 540, VI KL to baseline: 1.7028
2026-03-28 22:51:52 | DEBUG | sivi:base_reverse_runner.py:261| eval_kl_ite | Epoch 540, Reverse Model KL ITE: 0.0360
2026-03-28 22:51:52 | DEBUG | sivi:base_runner.py:347| eval_w2 | Epoch 540, VI W2 to baseline: 1.3454
2026-03-28 22:51:52 | DEBUG | sivi:base_reverse_runner.py:272| eval_w2 | Epoch 540, Reverse Model W2: 0.0731
2026-03-28 22:51:52 | DEBUG | sivi:base_runner.py:477| eval_elbo | Epoch 540, ELBO: -2.0861, Std Total: 8.1778, Std Q: nan, CI Half: 0.7168
2026-03-28 22:51:52 | DEBUG | sivi:base_runner.py:507| eval_ksd | Epoch 540, VI KSD: 0.6352
2026-03-28 22:51:52 | DEBUG | sivi:base_runner.py:337| eval_kl_ite | Epoch 550, VI KL to baseline: 1.6128
2026-03-28 22:51:52 | DEBUG | sivi:base_reverse_runner.py:261| eval_kl_ite | Epoch 550, Reverse Model KL ITE: 0.0334
2026-03-28 22:51:52 | DEBUG | sivi:base_runner.py:347| eval_w2 | Epoch 550, VI W2 to baseline: 1.3013
2026-03-28 22:51:52 | DEBUG | sivi:base_reverse_runner.py:272| eval_w2 | Epoch 550, Reverse Model W2: 0.0596
2026-03-28 22:51:52 | DEBUG | sivi:base_runner.py:477| eval_elbo | Epoch 550, ELBO: -1.5381, Std Total: 8.0296, Std Q: nan, CI Half: 0.7038
2026-03-28 22:51:52 | DEBUG | sivi:base_runner.py:507| eval_ksd | Epoch 550, VI KSD: 0.5952
2026-03-28 22:51:53 | DEBUG | sivi:base_runner.py:337| eval_kl_ite | Epoch 560, VI KL to baseline: 1.5827
2026-03-28 22:51:53 | DEBUG | sivi:base_reverse_runner.py:261| eval_kl_ite | Epoch 560, Reverse Model KL ITE: 0.0192
2026-03-28 22:51:53 | DEBUG | sivi:base_runner.py:347| eval_w2 | Epoch 560, VI W2 to baseline: 1.2926
2026-03-28 22:51:53 | DEBUG | sivi:base_reverse_runner.py:272| eval_w2 | Epoch 560, Reverse Model W2: 0.0719
2026-03-28 22:51:53 | DEBUG | sivi:base_runner.py:477| eval_elbo | Epoch 560, ELBO: -1.6016, Std Total: 7.7602, Std Q: nan, CI Half: 0.6802
2026-03-28 22:51:53 | DEBUG | sivi:base_runner.py:507| eval_ksd | Epoch 560, VI KSD: 0.6474
2026-03-28 22:51:54 | DEBUG | sivi:base_runner.py:337| eval_kl_ite | Epoch 570, VI KL to baseline: 1.5387
2026-03-28 22:51:54 | DEBUG | sivi:base_reverse_runner.py:261| eval_kl_ite | Epoch 570, Reverse Model KL ITE: -0.0011
2026-03-28 22:51:54 | DEBUG | sivi:base_runner.py:347| eval_w2 | Epoch 570, VI W2 to baseline: 1.2187
2026-03-28 22:51:54 | DEBUG | sivi:base_reverse_runner.py:272| eval_w2 | Epoch 570, Reverse Model W2: 0.0682
2026-03-28 22:51:54 | DEBUG | sivi:base_runner.py:477| eval_elbo | Epoch 570, ELBO: -1.3675, Std Total: 6.2558, Std Q: nan, CI Half: 0.5483
2026-03-28 22:51:54 | DEBUG | sivi:base_runner.py:507| eval_ksd | Epoch 570, VI KSD: 0.5323
2026-03-28 22:51:54 | DEBUG | sivi:base_runner.py:337| eval_kl_ite | Epoch 580, VI KL to baseline: 1.4811
2026-03-28 22:51:54 | DEBUG | sivi:base_reverse_runner.py:261| eval_kl_ite | Epoch 580, Reverse Model KL ITE: 0.0209
2026-03-28 22:51:54 | DEBUG | sivi:base_runner.py:347| eval_w2 | Epoch 580, VI W2 to baseline: 1.2152
2026-03-28 22:51:54 | DEBUG | sivi:base_reverse_runner.py:272| eval_w2 | Epoch 580, Reverse Model W2: 0.0650
2026-03-28 22:51:54 | DEBUG | sivi:base_runner.py:477| eval_elbo | Epoch 580, ELBO: -2.2196, Std Total: 6.7675, Std Q: nan, CI Half: 0.5932
2026-03-28 22:51:54 | DEBUG | sivi:base_runner.py:507| eval_ksd | Epoch 580, VI KSD: 0.6018
2026-03-28 22:51:55 | DEBUG | sivi:base_runner.py:337| eval_kl_ite | Epoch 590, VI KL to baseline: 1.5339
2026-03-28 22:51:55 | DEBUG | sivi:base_reverse_runner.py:261| eval_kl_ite | Epoch 590, Reverse Model KL ITE: 0.0316
2026-03-28 22:51:55 | DEBUG | sivi:base_runner.py:347| eval_w2 | Epoch 590, VI W2 to baseline: 1.2623
2026-03-28 22:51:55 | DEBUG | sivi:base_reverse_runner.py:272| eval_w2 | Epoch 590, Reverse Model W2: 0.0728
2026-03-28 22:51:55 | DEBUG | sivi:base_runner.py:477| eval_elbo | Epoch 590, ELBO: -1.7458, Std Total: 5.8928, Std Q: nan, CI Half: 0.5165
2026-03-28 22:51:55 | DEBUG | sivi:base_runner.py:507| eval_ksd | Epoch 590, VI KSD: 0.5867
2026-03-28 22:51:55 | DEBUG | sivi:base_runner.py:874| learn | Epoch 600: Avg Loss: 2.2838, Avg Epoch Time: 0.0639s
2026-03-28 22:51:55 | DEBUG | sivi:base_runner.py:337| eval_kl_ite | Epoch 600, VI KL to baseline: 1.3743
2026-03-28 22:51:56 | DEBUG | sivi:base_reverse_runner.py:261| eval_kl_ite | Epoch 600, Reverse Model KL ITE: 0.0689
2026-03-28 22:51:56 | DEBUG | sivi:base_runner.py:347| eval_w2 | Epoch 600, VI W2 to baseline: 1.1723
2026-03-28 22:51:56 | DEBUG | sivi:base_reverse_runner.py:272| eval_w2 | Epoch 600, Reverse Model W2: 0.0741
2026-03-28 22:51:56 | DEBUG | sivi:base_runner.py:477| eval_elbo | Epoch 600, ELBO: -1.5688, Std Total: 6.9325, Std Q: nan, CI Half: 0.6077
2026-03-28 22:51:56 | DEBUG | sivi:base_runner.py:507| eval_ksd | Epoch 600, VI KSD: 0.5747
2026-03-28 22:51:56 | DEBUG | sivi:base_runner.py:337| eval_kl_ite | Epoch 610, VI KL to baseline: 1.0345
2026-03-28 22:51:56 | DEBUG | sivi:base_reverse_runner.py:261| eval_kl_ite | Epoch 610, Reverse Model KL ITE: 0.1477
2026-03-28 22:51:56 | DEBUG | sivi:base_runner.py:347| eval_w2 | Epoch 610, VI W2 to baseline: 0.8086
2026-03-28 22:51:56 | DEBUG | sivi:base_reverse_runner.py:272| eval_w2 | Epoch 610, Reverse Model W2: 0.0995
2026-03-28 22:51:56 | DEBUG | sivi:base_runner.py:477| eval_elbo | Epoch 610, ELBO: -1.3223, Std Total: 5.4416, Std Q: nan, CI Half: 0.4770
2026-03-28 22:51:56 | DEBUG | sivi:base_runner.py:507| eval_ksd | Epoch 610, VI KSD: 0.4440
2026-03-28 22:51:57 | DEBUG | sivi:base_runner.py:337| eval_kl_ite | Epoch 620, VI KL to baseline: 1.1926
2026-03-28 22:51:57 | DEBUG | sivi:base_reverse_runner.py:261| eval_kl_ite | Epoch 620, Reverse Model KL ITE: 0.0780
2026-03-28 22:51:57 | DEBUG | sivi:base_runner.py:347| eval_w2 | Epoch 620, VI W2 to baseline: 0.8870
2026-03-28 22:51:57 | DEBUG | sivi:base_reverse_runner.py:272| eval_w2 | Epoch 620, Reverse Model W2: 0.0891
2026-03-28 22:51:57 | DEBUG | sivi:base_runner.py:477| eval_elbo | Epoch 620, ELBO: -1.6605, Std Total: 6.0572, Std Q: nan, CI Half: 0.5309
2026-03-28 22:51:57 | DEBUG | sivi:base_runner.py:507| eval_ksd | Epoch 620, VI KSD: 0.5330
2026-03-28 22:51:57 | DEBUG | sivi:base_runner.py:337| eval_kl_ite | Epoch 630, VI KL to baseline: 1.3275
2026-03-28 22:51:57 | DEBUG | sivi:base_reverse_runner.py:261| eval_kl_ite | Epoch 630, Reverse Model KL ITE: 0.0536
2026-03-28 22:51:57 | DEBUG | sivi:base_runner.py:347| eval_w2 | Epoch 630, VI W2 to baseline: 0.9940
2026-03-28 22:51:57 | DEBUG | sivi:base_reverse_runner.py:272| eval_w2 | Epoch 630, Reverse Model W2: 0.0902
2026-03-28 22:51:57 | DEBUG | sivi:base_runner.py:477| eval_elbo | Epoch 630, ELBO: -2.1880, Std Total: 7.5005, Std Q: nan, CI Half: 0.6574
2026-03-28 22:51:57 | DEBUG | sivi:base_runner.py:507| eval_ksd | Epoch 630, VI KSD: 0.5462
2026-03-28 22:51:58 | DEBUG | sivi:base_runner.py:337| eval_kl_ite | Epoch 640, VI KL to baseline: 1.4161
2026-03-28 22:51:58 | DEBUG | sivi:base_reverse_runner.py:261| eval_kl_ite | Epoch 640, Reverse Model KL ITE: 0.0428
2026-03-28 22:51:58 | DEBUG | sivi:base_runner.py:347| eval_w2 | Epoch 640, VI W2 to baseline: 1.0134
2026-03-28 22:51:58 | DEBUG | sivi:base_reverse_runner.py:272| eval_w2 | Epoch 640, Reverse Model W2: 0.0911
2026-03-28 22:51:58 | DEBUG | sivi:base_runner.py:477| eval_elbo | Epoch 640, ELBO: -1.8657, Std Total: 6.3514, Std Q: nan, CI Half: 0.5567
2026-03-28 22:51:58 | DEBUG | sivi:base_runner.py:507| eval_ksd | Epoch 640, VI KSD: 0.5553
2026-03-28 22:51:59 | DEBUG | sivi:base_runner.py:337| eval_kl_ite | Epoch 650, VI KL to baseline: 1.4692
2026-03-28 22:51:59 | DEBUG | sivi:base_reverse_runner.py:261| eval_kl_ite | Epoch 650, Reverse Model KL ITE: 0.0511
2026-03-28 22:51:59 | DEBUG | sivi:base_runner.py:347| eval_w2 | Epoch 650, VI W2 to baseline: 1.1186
2026-03-28 22:51:59 | DEBUG | sivi:base_reverse_runner.py:272| eval_w2 | Epoch 650, Reverse Model W2: 0.0963
2026-03-28 22:51:59 | DEBUG | sivi:base_runner.py:477| eval_elbo | Epoch 650, ELBO: -2.2342, Std Total: 6.6749, Std Q: nan, CI Half: 0.5851
2026-03-28 22:51:59 | DEBUG | sivi:base_runner.py:507| eval_ksd | Epoch 650, VI KSD: 0.6194
2026-03-28 22:51:59 | DEBUG | sivi:base_runner.py:337| eval_kl_ite | Epoch 660, VI KL to baseline: 1.5026
2026-03-28 22:51:59 | DEBUG | sivi:base_reverse_runner.py:261| eval_kl_ite | Epoch 660, Reverse Model KL ITE: 0.0206
2026-03-28 22:51:59 | DEBUG | sivi:base_runner.py:347| eval_w2 | Epoch 660, VI W2 to baseline: 1.1348
2026-03-28 22:51:59 | DEBUG | sivi:base_reverse_runner.py:272| eval_w2 | Epoch 660, Reverse Model W2: 0.0812
2026-03-28 22:51:59 | DEBUG | sivi:base_runner.py:477| eval_elbo | Epoch 660, ELBO: -2.5030, Std Total: 8.3690, Std Q: nan, CI Half: 0.7336
2026-03-28 22:51:59 | DEBUG | sivi:base_runner.py:507| eval_ksd | Epoch 660, VI KSD: 0.5141
2026-03-28 22:52:00 | DEBUG | sivi:base_runner.py:337| eval_kl_ite | Epoch 670, VI KL to baseline: 1.4492
2026-03-28 22:52:00 | DEBUG | sivi:base_reverse_runner.py:261| eval_kl_ite | Epoch 670, Reverse Model KL ITE: 0.0572
2026-03-28 22:52:00 | DEBUG | sivi:base_runner.py:347| eval_w2 | Epoch 670, VI W2 to baseline: 1.1695
2026-03-28 22:52:00 | DEBUG | sivi:base_reverse_runner.py:272| eval_w2 | Epoch 670, Reverse Model W2: 0.0775
2026-03-28 22:52:00 | DEBUG | sivi:base_runner.py:477| eval_elbo | Epoch 670, ELBO: -1.7134, Std Total: 7.2546, Std Q: nan, CI Half: 0.6359
2026-03-28 22:52:00 | DEBUG | sivi:base_runner.py:507| eval_ksd | Epoch 670, VI KSD: 0.5165
2026-03-28 22:52:00 | DEBUG | sivi:base_runner.py:337| eval_kl_ite | Epoch 680, VI KL to baseline: 1.3444
2026-03-28 22:52:00 | DEBUG | sivi:base_reverse_runner.py:261| eval_kl_ite | Epoch 680, Reverse Model KL ITE: 0.0516
2026-03-28 22:52:00 | DEBUG | sivi:base_runner.py:347| eval_w2 | Epoch 680, VI W2 to baseline: 1.1309
2026-03-28 22:52:00 | DEBUG | sivi:base_reverse_runner.py:272| eval_w2 | Epoch 680, Reverse Model W2: 0.0724
2026-03-28 22:52:00 | DEBUG | sivi:base_runner.py:477| eval_elbo | Epoch 680, ELBO: -2.1710, Std Total: 8.0153, Std Q: nan, CI Half: 0.7026
2026-03-28 22:52:00 | DEBUG | sivi:base_runner.py:507| eval_ksd | Epoch 680, VI KSD: 0.4436
2026-03-28 22:52:01 | DEBUG | sivi:base_runner.py:337| eval_kl_ite | Epoch 690, VI KL to baseline: 1.2347
2026-03-28 22:52:01 | DEBUG | sivi:base_reverse_runner.py:261| eval_kl_ite | Epoch 690, Reverse Model KL ITE: 0.0492
2026-03-28 22:52:01 | DEBUG | sivi:base_runner.py:347| eval_w2 | Epoch 690, VI W2 to baseline: 1.0538
2026-03-28 22:52:01 | DEBUG | sivi:base_reverse_runner.py:272| eval_w2 | Epoch 690, Reverse Model W2: 0.0671
2026-03-28 22:52:01 | DEBUG | sivi:base_runner.py:477| eval_elbo | Epoch 690, ELBO: -1.5068, Std Total: 6.3764, Std Q: nan, CI Half: 0.5589
2026-03-28 22:52:01 | DEBUG | sivi:base_runner.py:507| eval_ksd | Epoch 690, VI KSD: 0.4318
2026-03-28 22:52:01 | DEBUG | sivi:base_runner.py:874| learn | Epoch 700: Avg Loss: -0.2886, Avg Epoch Time: 0.0587s
2026-03-28 22:52:01 | DEBUG | sivi:base_runner.py:337| eval_kl_ite | Epoch 700, VI KL to baseline: 1.1798
2026-03-28 22:52:01 | DEBUG | sivi:base_reverse_runner.py:261| eval_kl_ite | Epoch 700, Reverse Model KL ITE: 0.0689
2026-03-28 22:52:01 | DEBUG | sivi:base_runner.py:347| eval_w2 | Epoch 700, VI W2 to baseline: 1.0669
2026-03-28 22:52:01 | DEBUG | sivi:base_reverse_runner.py:272| eval_w2 | Epoch 700, Reverse Model W2: 0.0752
2026-03-28 22:52:01 | DEBUG | sivi:base_runner.py:477| eval_elbo | Epoch 700, ELBO: -1.3420, Std Total: 6.5340, Std Q: nan, CI Half: 0.5727
2026-03-28 22:52:01 | DEBUG | sivi:base_runner.py:507| eval_ksd | Epoch 700, VI KSD: 0.4647
2026-03-28 22:52:02 | DEBUG | sivi:base_runner.py:337| eval_kl_ite | Epoch 710, VI KL to baseline: 1.2032
2026-03-28 22:52:02 | DEBUG | sivi:base_reverse_runner.py:261| eval_kl_ite | Epoch 710, Reverse Model KL ITE: 0.0306
2026-03-28 22:52:02 | DEBUG | sivi:base_runner.py:347| eval_w2 | Epoch 710, VI W2 to baseline: 1.0194
2026-03-28 22:52:02 | DEBUG | sivi:base_reverse_runner.py:272| eval_w2 | Epoch 710, Reverse Model W2: 0.0765
2026-03-28 22:52:02 | DEBUG | sivi:base_runner.py:477| eval_elbo | Epoch 710, ELBO: -1.1483, Std Total: 6.6775, Std Q: nan, CI Half: 0.5853
2026-03-28 22:52:02 | DEBUG | sivi:base_runner.py:507| eval_ksd | Epoch 710, VI KSD: 0.4342
2026-03-28 22:52:02 | DEBUG | sivi:base_runner.py:337| eval_kl_ite | Epoch 720, VI KL to baseline: 1.2022
2026-03-28 22:52:03 | DEBUG | sivi:base_reverse_runner.py:261| eval_kl_ite | Epoch 720, Reverse Model KL ITE: 0.0545
2026-03-28 22:52:03 | DEBUG | sivi:base_runner.py:347| eval_w2 | Epoch 720, VI W2 to baseline: 1.0826
2026-03-28 22:52:03 | DEBUG | sivi:base_reverse_runner.py:272| eval_w2 | Epoch 720, Reverse Model W2: 0.0653
2026-03-28 22:52:03 | DEBUG | sivi:base_runner.py:477| eval_elbo | Epoch 720, ELBO: -1.4977, Std Total: 4.5973, Std Q: nan, CI Half: 0.4030
2026-03-28 22:52:03 | DEBUG | sivi:base_runner.py:507| eval_ksd | Epoch 720, VI KSD: 0.4044
2026-03-28 22:52:03 | DEBUG | sivi:base_runner.py:337| eval_kl_ite | Epoch 730, VI KL to baseline: 1.2412
2026-03-28 22:52:03 | DEBUG | sivi:base_reverse_runner.py:261| eval_kl_ite | Epoch 730, Reverse Model KL ITE: 0.0309
2026-03-28 22:52:03 | DEBUG | sivi:base_runner.py:347| eval_w2 | Epoch 730, VI W2 to baseline: 1.1241
2026-03-28 22:52:03 | DEBUG | sivi:base_reverse_runner.py:272| eval_w2 | Epoch 730, Reverse Model W2: 0.0675
2026-03-28 22:52:03 | DEBUG | sivi:base_runner.py:477| eval_elbo | Epoch 730, ELBO: -1.3299, Std Total: 7.3208, Std Q: nan, CI Half: 0.6417
2026-03-28 22:52:03 | DEBUG | sivi:base_runner.py:507| eval_ksd | Epoch 730, VI KSD: 0.4586
2026-03-28 22:52:04 | DEBUG | sivi:base_runner.py:337| eval_kl_ite | Epoch 740, VI KL to baseline: 1.2673
2026-03-28 22:52:04 | DEBUG | sivi:base_reverse_runner.py:261| eval_kl_ite | Epoch 740, Reverse Model KL ITE: 0.0202
2026-03-28 22:52:04 | DEBUG | sivi:base_runner.py:347| eval_w2 | Epoch 740, VI W2 to baseline: 1.1126
2026-03-28 22:52:04 | DEBUG | sivi:base_reverse_runner.py:272| eval_w2 | Epoch 740, Reverse Model W2: 0.0722
2026-03-28 22:52:04 | DEBUG | sivi:base_runner.py:477| eval_elbo | Epoch 740, ELBO: -1.4221, Std Total: 6.5553, Std Q: nan, CI Half: 0.5746
2026-03-28 22:52:04 | DEBUG | sivi:base_runner.py:507| eval_ksd | Epoch 740, VI KSD: 0.4213
2026-03-28 22:52:04 | DEBUG | sivi:base_runner.py:337| eval_kl_ite | Epoch 750, VI KL to baseline: 1.2776
2026-03-28 22:52:04 | DEBUG | sivi:base_reverse_runner.py:261| eval_kl_ite | Epoch 750, Reverse Model KL ITE: 0.0421
2026-03-28 22:52:04 | DEBUG | sivi:base_runner.py:347| eval_w2 | Epoch 750, VI W2 to baseline: 1.1924
2026-03-28 22:52:04 | DEBUG | sivi:base_reverse_runner.py:272| eval_w2 | Epoch 750, Reverse Model W2: 0.0660
2026-03-28 22:52:04 | DEBUG | sivi:base_runner.py:477| eval_elbo | Epoch 750, ELBO: -1.3718, Std Total: 7.4684, Std Q: nan, CI Half: 0.6546
2026-03-28 22:52:04 | DEBUG | sivi:base_runner.py:507| eval_ksd | Epoch 750, VI KSD: 0.3983
2026-03-28 22:52:05 | DEBUG | sivi:base_runner.py:337| eval_kl_ite | Epoch 760, VI KL to baseline: 1.4426
2026-03-28 22:52:05 | DEBUG | sivi:base_reverse_runner.py:261| eval_kl_ite | Epoch 760, Reverse Model KL ITE: 0.0170
2026-03-28 22:52:05 | DEBUG | sivi:base_runner.py:347| eval_w2 | Epoch 760, VI W2 to baseline: 1.3002
2026-03-28 22:52:05 | DEBUG | sivi:base_reverse_runner.py:272| eval_w2 | Epoch 760, Reverse Model W2: 0.0684
2026-03-28 22:52:05 | DEBUG | sivi:base_runner.py:477| eval_elbo | Epoch 760, ELBO: -1.5740, Std Total: 7.6490, Std Q: nan, CI Half: 0.6705
2026-03-28 22:52:05 | DEBUG | sivi:base_runner.py:507| eval_ksd | Epoch 760, VI KSD: 0.4493
2026-03-28 22:52:06 | DEBUG | sivi:base_runner.py:337| eval_kl_ite | Epoch 770, VI KL to baseline: 1.4372
2026-03-28 22:52:06 | DEBUG | sivi:base_reverse_runner.py:261| eval_kl_ite | Epoch 770, Reverse Model KL ITE: 0.0393
2026-03-28 22:52:06 | DEBUG | sivi:base_runner.py:347| eval_w2 | Epoch 770, VI W2 to baseline: 1.3991
2026-03-28 22:52:06 | DEBUG | sivi:base_reverse_runner.py:272| eval_w2 | Epoch 770, Reverse Model W2: 0.0743
2026-03-28 22:52:06 | DEBUG | sivi:base_runner.py:477| eval_elbo | Epoch 770, ELBO: -1.7491, Std Total: 8.9023, Std Q: nan, CI Half: 0.7803
2026-03-28 22:52:06 | DEBUG | sivi:base_runner.py:507| eval_ksd | Epoch 770, VI KSD: 0.4303
2026-03-28 22:52:06 | DEBUG | sivi:base_runner.py:337| eval_kl_ite | Epoch 780, VI KL to baseline: 1.4851
2026-03-28 22:52:06 | DEBUG | sivi:base_reverse_runner.py:261| eval_kl_ite | Epoch 780, Reverse Model KL ITE: 0.0254
2026-03-28 22:52:06 | DEBUG | sivi:base_runner.py:347| eval_w2 | Epoch 780, VI W2 to baseline: 1.3722
2026-03-28 22:52:06 | DEBUG | sivi:base_reverse_runner.py:272| eval_w2 | Epoch 780, Reverse Model W2: 0.0748
2026-03-28 22:52:06 | DEBUG | sivi:base_runner.py:477| eval_elbo | Epoch 780, ELBO: -1.1596, Std Total: 10.6461, Std Q: nan, CI Half: 0.9332
2026-03-28 22:52:06 | DEBUG | sivi:base_runner.py:507| eval_ksd | Epoch 780, VI KSD: 0.4877
2026-03-28 22:52:07 | DEBUG | sivi:base_runner.py:337| eval_kl_ite | Epoch 790, VI KL to baseline: 1.4743
2026-03-28 22:52:07 | DEBUG | sivi:base_reverse_runner.py:261| eval_kl_ite | Epoch 790, Reverse Model KL ITE: 0.0482
2026-03-28 22:52:07 | DEBUG | sivi:base_runner.py:347| eval_w2 | Epoch 790, VI W2 to baseline: 1.4381
2026-03-28 22:52:07 | DEBUG | sivi:base_reverse_runner.py:272| eval_w2 | Epoch 790, Reverse Model W2: 0.0682
2026-03-28 22:52:07 | DEBUG | sivi:base_runner.py:477| eval_elbo | Epoch 790, ELBO: -1.9020, Std Total: 9.8820, Std Q: nan, CI Half: 0.8662
2026-03-28 22:52:07 | DEBUG | sivi:base_runner.py:507| eval_ksd | Epoch 790, VI KSD: 0.4589
2026-03-28 22:52:07 | DEBUG | sivi:base_runner.py:874| learn | Epoch 800: Avg Loss: -0.1445, Avg Epoch Time: 0.0591s
2026-03-28 22:52:07 | DEBUG | sivi:base_runner.py:337| eval_kl_ite | Epoch 800, VI KL to baseline: 1.5152
2026-03-28 22:52:07 | DEBUG | sivi:base_reverse_runner.py:261| eval_kl_ite | Epoch 800, Reverse Model KL ITE: 0.0494
2026-03-28 22:52:07 | DEBUG | sivi:base_runner.py:347| eval_w2 | Epoch 800, VI W2 to baseline: 1.4377
2026-03-28 22:52:07 | DEBUG | sivi:base_reverse_runner.py:272| eval_w2 | Epoch 800, Reverse Model W2: 0.0722
2026-03-28 22:52:07 | DEBUG | sivi:base_runner.py:477| eval_elbo | Epoch 800, ELBO: -1.8313, Std Total: 11.3846, Std Q: nan, CI Half: 0.9979
2026-03-28 22:52:07 | DEBUG | sivi:base_runner.py:507| eval_ksd | Epoch 800, VI KSD: 0.4656
2026-03-28 22:52:08 | DEBUG | sivi:base_runner.py:337| eval_kl_ite | Epoch 810, VI KL to baseline: 1.4393
2026-03-28 22:52:08 | DEBUG | sivi:base_reverse_runner.py:261| eval_kl_ite | Epoch 810, Reverse Model KL ITE: 0.0842
2026-03-28 22:52:08 | DEBUG | sivi:base_runner.py:347| eval_w2 | Epoch 810, VI W2 to baseline: 1.4721
2026-03-28 22:52:08 | DEBUG | sivi:base_reverse_runner.py:272| eval_w2 | Epoch 810, Reverse Model W2: 0.0887
2026-03-28 22:52:08 | DEBUG | sivi:base_runner.py:477| eval_elbo | Epoch 810, ELBO: -1.7323, Std Total: 9.3297, Std Q: nan, CI Half: 0.8178
2026-03-28 22:52:08 | DEBUG | sivi:base_runner.py:507| eval_ksd | Epoch 810, VI KSD: 0.4426
2026-03-28 22:52:08 | DEBUG | sivi:base_runner.py:337| eval_kl_ite | Epoch 820, VI KL to baseline: 1.4449
2026-03-28 22:52:08 | DEBUG | sivi:base_reverse_runner.py:261| eval_kl_ite | Epoch 820, Reverse Model KL ITE: 0.0444
2026-03-28 22:52:08 | DEBUG | sivi:base_runner.py:347| eval_w2 | Epoch 820, VI W2 to baseline: 1.3877
2026-03-28 22:52:08 | DEBUG | sivi:base_reverse_runner.py:272| eval_w2 | Epoch 820, Reverse Model W2: 0.0825
2026-03-28 22:52:08 | DEBUG | sivi:base_runner.py:477| eval_elbo | Epoch 820, ELBO: -1.6114, Std Total: 6.7835, Std Q: nan, CI Half: 0.5946
2026-03-28 22:52:08 | DEBUG | sivi:base_runner.py:507| eval_ksd | Epoch 820, VI KSD: 0.4260
2026-03-28 22:52:09 | DEBUG | sivi:base_runner.py:337| eval_kl_ite | Epoch 830, VI KL to baseline: 1.5570
2026-03-28 22:52:09 | DEBUG | sivi:base_reverse_runner.py:261| eval_kl_ite | Epoch 830, Reverse Model KL ITE: 0.0312
2026-03-28 22:52:09 | DEBUG | sivi:base_runner.py:347| eval_w2 | Epoch 830, VI W2 to baseline: 1.5389
2026-03-28 22:52:09 | DEBUG | sivi:base_reverse_runner.py:272| eval_w2 | Epoch 830, Reverse Model W2: 0.0882
2026-03-28 22:52:09 | DEBUG | sivi:base_runner.py:477| eval_elbo | Epoch 830, ELBO: -1.1915, Std Total: 12.3184, Std Q: nan, CI Half: 1.0798
2026-03-28 22:52:09 | DEBUG | sivi:base_runner.py:507| eval_ksd | Epoch 830, VI KSD: 0.4270
2026-03-28 22:52:09 | DEBUG | sivi:base_runner.py:337| eval_kl_ite | Epoch 840, VI KL to baseline: 1.5377
2026-03-28 22:52:09 | DEBUG | sivi:base_reverse_runner.py:261| eval_kl_ite | Epoch 840, Reverse Model KL ITE: 0.0323
2026-03-28 22:52:09 | DEBUG | sivi:base_runner.py:347| eval_w2 | Epoch 840, VI W2 to baseline: 1.5529
2026-03-28 22:52:10 | DEBUG | sivi:base_reverse_runner.py:272| eval_w2 | Epoch 840, Reverse Model W2: 0.0929
2026-03-28 22:52:10 | DEBUG | sivi:base_runner.py:477| eval_elbo | Epoch 840, ELBO: -1.1662, Std Total: 12.6093, Std Q: nan, CI Half: 1.1053
2026-03-28 22:52:10 | DEBUG | sivi:base_runner.py:507| eval_ksd | Epoch 840, VI KSD: 0.4282
2026-03-28 22:52:10 | DEBUG | sivi:base_runner.py:337| eval_kl_ite | Epoch 850, VI KL to baseline: 1.0848
2026-03-28 22:52:10 | DEBUG | sivi:base_reverse_runner.py:261| eval_kl_ite | Epoch 850, Reverse Model KL ITE: 0.1496
2026-03-28 22:52:10 | DEBUG | sivi:base_runner.py:347| eval_w2 | Epoch 850, VI W2 to baseline: 0.9701
2026-03-28 22:52:10 | DEBUG | sivi:base_reverse_runner.py:272| eval_w2 | Epoch 850, Reverse Model W2: 0.0908
2026-03-28 22:52:10 | DEBUG | sivi:base_runner.py:477| eval_elbo | Epoch 850, ELBO: -1.1810, Std Total: 7.1645, Std Q: nan, CI Half: 0.6280
2026-03-28 22:52:10 | DEBUG | sivi:base_runner.py:507| eval_ksd | Epoch 850, VI KSD: 0.4255
2026-03-28 22:52:11 | DEBUG | sivi:base_runner.py:337| eval_kl_ite | Epoch 860, VI KL to baseline: 1.0293
2026-03-28 22:52:11 | DEBUG | sivi:base_reverse_runner.py:261| eval_kl_ite | Epoch 860, Reverse Model KL ITE: 0.0849
2026-03-28 22:52:11 | DEBUG | sivi:base_runner.py:347| eval_w2 | Epoch 860, VI W2 to baseline: 0.7847
2026-03-28 22:52:11 | DEBUG | sivi:base_reverse_runner.py:272| eval_w2 | Epoch 860, Reverse Model W2: 0.0797
2026-03-28 22:52:11 | DEBUG | sivi:base_runner.py:477| eval_elbo | Epoch 860, ELBO: -1.0738, Std Total: 6.7188, Std Q: nan, CI Half: 0.5889
2026-03-28 22:52:11 | DEBUG | sivi:base_runner.py:507| eval_ksd | Epoch 860, VI KSD: 0.4604
2026-03-28 22:52:11 | DEBUG | sivi:base_runner.py:337| eval_kl_ite | Epoch 870, VI KL to baseline: 0.8860
2026-03-28 22:52:11 | DEBUG | sivi:base_reverse_runner.py:261| eval_kl_ite | Epoch 870, Reverse Model KL ITE: 0.0921
2026-03-28 22:52:11 | DEBUG | sivi:base_runner.py:347| eval_w2 | Epoch 870, VI W2 to baseline: 0.7275
2026-03-28 22:52:11 | DEBUG | sivi:base_reverse_runner.py:272| eval_w2 | Epoch 870, Reverse Model W2: 0.0758
2026-03-28 22:52:11 | DEBUG | sivi:base_runner.py:477| eval_elbo | Epoch 870, ELBO: -1.1811, Std Total: 5.4203, Std Q: nan, CI Half: 0.4751
2026-03-28 22:52:11 | DEBUG | sivi:base_runner.py:507| eval_ksd | Epoch 870, VI KSD: 0.3644
2026-03-28 22:52:12 | DEBUG | sivi:base_runner.py:337| eval_kl_ite | Epoch 880, VI KL to baseline: 0.8217
2026-03-28 22:52:12 | DEBUG | sivi:base_reverse_runner.py:261| eval_kl_ite | Epoch 880, Reverse Model KL ITE: 0.1019
2026-03-28 22:52:12 | DEBUG | sivi:base_runner.py:347| eval_w2 | Epoch 880, VI W2 to baseline: 0.6779
2026-03-28 22:52:12 | DEBUG | sivi:base_reverse_runner.py:272| eval_w2 | Epoch 880, Reverse Model W2: 0.0717
2026-03-28 22:52:12 | DEBUG | sivi:base_runner.py:477| eval_elbo | Epoch 880, ELBO: -1.0311, Std Total: 4.9623, Std Q: nan, CI Half: 0.4350
2026-03-28 22:52:12 | DEBUG | sivi:base_runner.py:507| eval_ksd | Epoch 880, VI KSD: 0.3293
2026-03-28 22:52:13 | DEBUG | sivi:base_runner.py:337| eval_kl_ite | Epoch 890, VI KL to baseline: 0.7691
2026-03-28 22:52:13 | DEBUG | sivi:base_reverse_runner.py:261| eval_kl_ite | Epoch 890, Reverse Model KL ITE: 0.0810
2026-03-28 22:52:13 | DEBUG | sivi:base_runner.py:347| eval_w2 | Epoch 890, VI W2 to baseline: 0.6756
2026-03-28 22:52:13 | DEBUG | sivi:base_reverse_runner.py:272| eval_w2 | Epoch 890, Reverse Model W2: 0.0759
2026-03-28 22:52:13 | DEBUG | sivi:base_runner.py:477| eval_elbo | Epoch 890, ELBO: -1.0906, Std Total: 4.3309, Std Q: nan, CI Half: 0.3796
2026-03-28 22:52:13 | DEBUG | sivi:base_runner.py:507| eval_ksd | Epoch 890, VI KSD: 0.2780
2026-03-28 22:52:13 | DEBUG | sivi:base_runner.py:874| learn | Epoch 900: Avg Loss: 3.5843, Avg Epoch Time: 0.0597s
2026-03-28 22:52:13 | DEBUG | sivi:base_runner.py:337| eval_kl_ite | Epoch 900, VI KL to baseline: 0.7095
2026-03-28 22:52:13 | DEBUG | sivi:base_reverse_runner.py:261| eval_kl_ite | Epoch 900, Reverse Model KL ITE: 0.0887
2026-03-28 22:52:13 | DEBUG | sivi:base_runner.py:347| eval_w2 | Epoch 900, VI W2 to baseline: 0.6139
2026-03-28 22:52:13 | DEBUG | sivi:base_reverse_runner.py:272| eval_w2 | Epoch 900, Reverse Model W2: 0.0768
2026-03-28 22:52:13 | DEBUG | sivi:base_runner.py:477| eval_elbo | Epoch 900, ELBO: -0.8468, Std Total: 4.2716, Std Q: nan, CI Half: 0.3744
2026-03-28 22:52:13 | DEBUG | sivi:base_runner.py:507| eval_ksd | Epoch 900, VI KSD: 0.2885
2026-03-28 22:52:14 | DEBUG | sivi:base_runner.py:337| eval_kl_ite | Epoch 910, VI KL to baseline: 0.7350
2026-03-28 22:52:14 | DEBUG | sivi:base_reverse_runner.py:261| eval_kl_ite | Epoch 910, Reverse Model KL ITE: 0.0813
2026-03-28 22:52:14 | DEBUG | sivi:base_runner.py:347| eval_w2 | Epoch 910, VI W2 to baseline: 0.6119
2026-03-28 22:52:14 | DEBUG | sivi:base_reverse_runner.py:272| eval_w2 | Epoch 910, Reverse Model W2: 0.0784
2026-03-28 22:52:14 | DEBUG | sivi:base_runner.py:477| eval_elbo | Epoch 910, ELBO: -0.5733, Std Total: 5.3232, Std Q: nan, CI Half: 0.4666
2026-03-28 22:52:14 | DEBUG | sivi:base_runner.py:507| eval_ksd | Epoch 910, VI KSD: 0.2707
2026-03-28 22:52:14 | DEBUG | sivi:base_runner.py:337| eval_kl_ite | Epoch 920, VI KL to baseline: 0.7430
2026-03-28 22:52:15 | DEBUG | sivi:base_reverse_runner.py:261| eval_kl_ite | Epoch 920, Reverse Model KL ITE: 0.0885
2026-03-28 22:52:15 | DEBUG | sivi:base_runner.py:347| eval_w2 | Epoch 920, VI W2 to baseline: 0.6149
2026-03-28 22:52:15 | DEBUG | sivi:base_reverse_runner.py:272| eval_w2 | Epoch 920, Reverse Model W2: 0.0714
2026-03-28 22:52:15 | DEBUG | sivi:base_runner.py:477| eval_elbo | Epoch 920, ELBO: -1.0320, Std Total: 4.0530, Std Q: nan, CI Half: 0.3553
2026-03-28 22:52:15 | DEBUG | sivi:base_runner.py:507| eval_ksd | Epoch 920, VI KSD: 0.2936
2026-03-28 22:52:15 | DEBUG | sivi:base_runner.py:337| eval_kl_ite | Epoch 930, VI KL to baseline: 0.7498
2026-03-28 22:52:15 | DEBUG | sivi:base_reverse_runner.py:261| eval_kl_ite | Epoch 930, Reverse Model KL ITE: 0.0776
2026-03-28 22:52:15 | DEBUG | sivi:base_runner.py:347| eval_w2 | Epoch 930, VI W2 to baseline: 0.6258
2026-03-28 22:52:15 | DEBUG | sivi:base_reverse_runner.py:272| eval_w2 | Epoch 930, Reverse Model W2: 0.0623
2026-03-28 22:52:15 | DEBUG | sivi:base_runner.py:477| eval_elbo | Epoch 930, ELBO: -0.8061, Std Total: 4.1102, Std Q: nan, CI Half: 0.3603
2026-03-28 22:52:15 | DEBUG | sivi:base_runner.py:507| eval_ksd | Epoch 930, VI KSD: 0.2672
2026-03-28 22:52:16 | DEBUG | sivi:base_runner.py:337| eval_kl_ite | Epoch 940, VI KL to baseline: 0.7534
2026-03-28 22:52:16 | DEBUG | sivi:base_reverse_runner.py:261| eval_kl_ite | Epoch 940, Reverse Model KL ITE: 0.0935
2026-03-28 22:52:16 | DEBUG | sivi:base_runner.py:347| eval_w2 | Epoch 940, VI W2 to baseline: 0.6744
2026-03-28 22:52:16 | DEBUG | sivi:base_reverse_runner.py:272| eval_w2 | Epoch 940, Reverse Model W2: 0.0650
2026-03-28 22:52:16 | DEBUG | sivi:base_runner.py:477| eval_elbo | Epoch 940, ELBO: -0.8979, Std Total: 4.5688, Std Q: nan, CI Half: 0.4005
2026-03-28 22:52:16 | DEBUG | sivi:base_runner.py:507| eval_ksd | Epoch 940, VI KSD: 0.2953
2026-03-28 22:52:16 | DEBUG | sivi:base_runner.py:337| eval_kl_ite | Epoch 950, VI KL to baseline: 0.7993
2026-03-28 22:52:17 | DEBUG | sivi:base_reverse_runner.py:261| eval_kl_ite | Epoch 950, Reverse Model KL ITE: 0.0937
2026-03-28 22:52:17 | DEBUG | sivi:base_runner.py:347| eval_w2 | Epoch 950, VI W2 to baseline: 0.7280
2026-03-28 22:52:17 | DEBUG | sivi:base_reverse_runner.py:272| eval_w2 | Epoch 950, Reverse Model W2: 0.0716
2026-03-28 22:52:17 | DEBUG | sivi:base_runner.py:477| eval_elbo | Epoch 950, ELBO: -0.9238, Std Total: 4.0095, Std Q: nan, CI Half: 0.3514
2026-03-28 22:52:17 | DEBUG | sivi:base_runner.py:507| eval_ksd | Epoch 950, VI KSD: 0.3165
2026-03-28 22:52:17 | DEBUG | sivi:base_runner.py:337| eval_kl_ite | Epoch 960, VI KL to baseline: 0.8534
2026-03-28 22:52:17 | DEBUG | sivi:base_reverse_runner.py:261| eval_kl_ite | Epoch 960, Reverse Model KL ITE: 0.0726
2026-03-28 22:52:17 | DEBUG | sivi:base_runner.py:347| eval_w2 | Epoch 960, VI W2 to baseline: 0.7673
2026-03-28 22:52:17 | DEBUG | sivi:base_reverse_runner.py:272| eval_w2 | Epoch 960, Reverse Model W2: 0.0699
2026-03-28 22:52:17 | DEBUG | sivi:base_runner.py:477| eval_elbo | Epoch 960, ELBO: -0.7276, Std Total: 3.0700, Std Q: nan, CI Half: 0.2691
2026-03-28 22:52:17 | DEBUG | sivi:base_runner.py:507| eval_ksd | Epoch 960, VI KSD: 0.2899
2026-03-28 22:52:18 | DEBUG | sivi:base_runner.py:337| eval_kl_ite | Epoch 970, VI KL to baseline: 0.8596
2026-03-28 22:52:18 | DEBUG | sivi:base_reverse_runner.py:261| eval_kl_ite | Epoch 970, Reverse Model KL ITE: 0.0695
2026-03-28 22:52:18 | DEBUG | sivi:base_runner.py:347| eval_w2 | Epoch 970, VI W2 to baseline: 0.8118
2026-03-28 22:52:18 | DEBUG | sivi:base_reverse_runner.py:272| eval_w2 | Epoch 970, Reverse Model W2: 0.0762
2026-03-28 22:52:18 | DEBUG | sivi:base_runner.py:477| eval_elbo | Epoch 970, ELBO: -1.0563, Std Total: 5.3173, Std Q: nan, CI Half: 0.4661
2026-03-28 22:52:18 | DEBUG | sivi:base_runner.py:507| eval_ksd | Epoch 970, VI KSD: 0.3240
2026-03-28 22:52:18 | DEBUG | sivi:base_runner.py:337| eval_kl_ite | Epoch 980, VI KL to baseline: 0.9947
2026-03-28 22:52:18 | DEBUG | sivi:base_reverse_runner.py:261| eval_kl_ite | Epoch 980, Reverse Model KL ITE: 0.0599
2026-03-28 22:52:18 | DEBUG | sivi:base_runner.py:347| eval_w2 | Epoch 980, VI W2 to baseline: 0.9066
2026-03-28 22:52:18 | DEBUG | sivi:base_reverse_runner.py:272| eval_w2 | Epoch 980, Reverse Model W2: 0.0770
2026-03-28 22:52:19 | DEBUG | sivi:base_runner.py:477| eval_elbo | Epoch 980, ELBO: -1.1593, Std Total: 3.4723, Std Q: nan, CI Half: 0.3044
2026-03-28 22:52:19 | DEBUG | sivi:base_runner.py:507| eval_ksd | Epoch 980, VI KSD: 0.3721
2026-03-28 22:52:19 | DEBUG | sivi:base_runner.py:337| eval_kl_ite | Epoch 990, VI KL to baseline: 1.0120
2026-03-28 22:52:19 | DEBUG | sivi:base_reverse_runner.py:261| eval_kl_ite | Epoch 990, Reverse Model KL ITE: 0.0692
2026-03-28 22:52:19 | DEBUG | sivi:base_runner.py:347| eval_w2 | Epoch 990, VI W2 to baseline: 0.9499
2026-03-28 22:52:19 | DEBUG | sivi:base_reverse_runner.py:272| eval_w2 | Epoch 990, Reverse Model W2: 0.0812
2026-03-28 22:52:19 | DEBUG | sivi:base_runner.py:477| eval_elbo | Epoch 990, ELBO: -0.6240, Std Total: 8.8501, Std Q: nan, CI Half: 0.7757
2026-03-28 22:52:19 | DEBUG | sivi:base_runner.py:507| eval_ksd | Epoch 990, VI KSD: 0.3784
2026-03-28 22:52:20 | DEBUG | sivi:base_runner.py:874| learn | Epoch 1000: Avg Loss: -0.3743, Avg Epoch Time: 0.0647s
2026-03-28 22:52:20 | DEBUG | sivi:base_reverse_runner.py:183| _training_rev_log_func | Epoch 1000, Inner epoch 1, Reverse Model Loss: 3.9606, Avg Steps: 1.0000
2026-03-28 22:52:20 | DEBUG | sivi:base_runner.py:588| save_samples | Saved 100000 samples at epoch 1000.
2026-03-28 22:52:20 | DEBUG | sivi:base_runner.py:607| save_checkpoint | Saved VIModel checkpoints at epoch 1000 to results/AISIVI/x_shaped/20260328_225057/checkpoints/epoch_1000.
2026-03-28 22:52:20 | DEBUG | sivi:base_reverse_runner.py:476| save_checkpoint | Saved reverse checkpoints at epoch 1000 to results/AISIVI/x_shaped/20260328_225057/checkpoints/epoch_1000.
2026-03-28 22:52:20 | DEBUG | sivi:base_runner.py:337| eval_kl_ite | Epoch 1000, VI KL to baseline: 0.9451
2026-03-28 22:52:20 | DEBUG | sivi:base_reverse_runner.py:261| eval_kl_ite | Epoch 1000, Reverse Model KL ITE: 0.0826
2026-03-28 22:52:20 | DEBUG | sivi:base_runner.py:347| eval_w2 | Epoch 1000, VI W2 to baseline: 0.9174
2026-03-28 22:52:20 | DEBUG | sivi:base_reverse_runner.py:272| eval_w2 | Epoch 1000, Reverse Model W2: 0.0764
2026-03-28 22:52:20 | DEBUG | sivi:base_runner.py:477| eval_elbo | Epoch 1000, ELBO: -1.0050, Std Total: 4.2260, Std Q: nan, CI Half: 0.3704
2026-03-28 22:52:20 | DEBUG | sivi:base_runner.py:507| eval_ksd | Epoch 1000, VI KSD: 0.2704
2026-03-28 22:52:20 | DEBUG | sivi:base_runner.py:970| learn | Saved contour plot at epoch 1000.
2026-03-28 22:52:20 | DEBUG | sivi:base_runner.py:337| eval_kl_ite | Epoch 1010, VI KL to baseline: 0.9760
2026-03-28 22:52:20 | DEBUG | sivi:base_reverse_runner.py:261| eval_kl_ite | Epoch 1010, Reverse Model KL ITE: 0.0487
2026-03-28 22:52:21 | DEBUG | sivi:base_runner.py:347| eval_w2 | Epoch 1010, VI W2 to baseline: 0.9242
2026-03-28 22:52:21 | DEBUG | sivi:base_reverse_runner.py:272| eval_w2 | Epoch 1010, Reverse Model W2: 0.0715
2026-03-28 22:52:21 | DEBUG | sivi:base_runner.py:477| eval_elbo | Epoch 1010, ELBO: -0.8041, Std Total: 6.3939, Std Q: nan, CI Half: 0.5605
2026-03-28 22:52:21 | DEBUG | sivi:base_runner.py:507| eval_ksd | Epoch 1010, VI KSD: 0.3250
2026-03-28 22:52:21 | DEBUG | sivi:base_runner.py:337| eval_kl_ite | Epoch 1020, VI KL to baseline: 0.8765
2026-03-28 22:52:21 | DEBUG | sivi:base_reverse_runner.py:261| eval_kl_ite | Epoch 1020, Reverse Model KL ITE: 0.0797
2026-03-28 22:52:21 | DEBUG | sivi:base_runner.py:347| eval_w2 | Epoch 1020, VI W2 to baseline: 0.9573
2026-03-28 22:52:21 | DEBUG | sivi:base_reverse_runner.py:272| eval_w2 | Epoch 1020, Reverse Model W2: 0.0775
2026-03-28 22:52:21 | DEBUG | sivi:base_runner.py:477| eval_elbo | Epoch 1020, ELBO: -0.9881, Std Total: 3.9749, Std Q: nan, CI Half: 0.3484
2026-03-28 22:52:21 | DEBUG | sivi:base_runner.py:507| eval_ksd | Epoch 1020, VI KSD: 0.3171
2026-03-28 22:52:22 | DEBUG | sivi:base_runner.py:337| eval_kl_ite | Epoch 1030, VI KL to baseline: 0.8755
2026-03-28 22:52:22 | DEBUG | sivi:base_reverse_runner.py:261| eval_kl_ite | Epoch 1030, Reverse Model KL ITE: 0.0692
2026-03-28 22:52:22 | DEBUG | sivi:base_runner.py:347| eval_w2 | Epoch 1030, VI W2 to baseline: 0.8975
2026-03-28 22:52:22 | DEBUG | sivi:base_reverse_runner.py:272| eval_w2 | Epoch 1030, Reverse Model W2: 0.0780
2026-03-28 22:52:22 | DEBUG | sivi:base_runner.py:477| eval_elbo | Epoch 1030, ELBO: -0.9687, Std Total: 7.1883, Std Q: nan, CI Half: 0.6301
2026-03-28 22:52:22 | DEBUG | sivi:base_runner.py:507| eval_ksd | Epoch 1030, VI KSD: 0.3056
2026-03-28 22:52:22 | DEBUG | sivi:base_runner.py:337| eval_kl_ite | Epoch 1040, VI KL to baseline: 1.1277
2026-03-28 22:52:22 | DEBUG | sivi:base_reverse_runner.py:261| eval_kl_ite | Epoch 1040, Reverse Model KL ITE: 0.0413
2026-03-28 22:52:22 | DEBUG | sivi:base_runner.py:347| eval_w2 | Epoch 1040, VI W2 to baseline: 1.1501
2026-03-28 22:52:22 | DEBUG | sivi:base_reverse_runner.py:272| eval_w2 | Epoch 1040, Reverse Model W2: 0.0847
2026-03-28 22:52:22 | DEBUG | sivi:base_runner.py:477| eval_elbo | Epoch 1040, ELBO: -0.8743, Std Total: 6.1130, Std Q: nan, CI Half: 0.5358
2026-03-28 22:52:22 | DEBUG | sivi:base_runner.py:507| eval_ksd | Epoch 1040, VI KSD: 0.3542
2026-03-28 22:52:23 | DEBUG | sivi:base_runner.py:337| eval_kl_ite | Epoch 1050, VI KL to baseline: 1.1671
2026-03-28 22:52:23 | DEBUG | sivi:base_reverse_runner.py:261| eval_kl_ite | Epoch 1050, Reverse Model KL ITE: 0.0569
2026-03-28 22:52:23 | DEBUG | sivi:base_runner.py:347| eval_w2 | Epoch 1050, VI W2 to baseline: 1.2218
2026-03-28 22:52:23 | DEBUG | sivi:base_reverse_runner.py:272| eval_w2 | Epoch 1050, Reverse Model W2: 0.0838
2026-03-28 22:52:23 | DEBUG | sivi:base_runner.py:477| eval_elbo | Epoch 1050, ELBO: -1.1361, Std Total: 11.2229, Std Q: nan, CI Half: 0.9837
2026-03-28 22:52:23 | DEBUG | sivi:base_runner.py:507| eval_ksd | Epoch 1050, VI KSD: 0.3318
2026-03-28 22:52:24 | DEBUG | sivi:base_runner.py:337| eval_kl_ite | Epoch 1060, VI KL to baseline: 1.1330
2026-03-28 22:52:24 | DEBUG | sivi:base_reverse_runner.py:261| eval_kl_ite | Epoch 1060, Reverse Model KL ITE: 0.0635
2026-03-28 22:52:24 | DEBUG | sivi:base_runner.py:347| eval_w2 | Epoch 1060, VI W2 to baseline: 1.1815
2026-03-28 22:52:24 | DEBUG | sivi:base_reverse_runner.py:272| eval_w2 | Epoch 1060, Reverse Model W2: 0.0699
2026-03-28 22:52:24 | DEBUG | sivi:base_runner.py:477| eval_elbo | Epoch 1060, ELBO: -1.1078, Std Total: 8.9297, Std Q: nan, CI Half: 0.7827
2026-03-28 22:52:24 | DEBUG | sivi:base_runner.py:507| eval_ksd | Epoch 1060, VI KSD: 0.3873
2026-03-28 22:52:24 | DEBUG | sivi:base_runner.py:337| eval_kl_ite | Epoch 1070, VI KL to baseline: 1.0979
2026-03-28 22:52:24 | DEBUG | sivi:base_reverse_runner.py:261| eval_kl_ite | Epoch 1070, Reverse Model KL ITE: 0.0588
2026-03-28 22:52:24 | DEBUG | sivi:base_runner.py:347| eval_w2 | Epoch 1070, VI W2 to baseline: 1.2416
2026-03-28 22:52:24 | DEBUG | sivi:base_reverse_runner.py:272| eval_w2 | Epoch 1070, Reverse Model W2: 0.0853
2026-03-28 22:52:24 | DEBUG | sivi:base_runner.py:477| eval_elbo | Epoch 1070, ELBO: -0.6135, Std Total: 10.3141, Std Q: nan, CI Half: 0.9041
2026-03-28 22:52:24 | DEBUG | sivi:base_runner.py:507| eval_ksd | Epoch 1070, VI KSD: 0.3224
2026-03-28 22:52:25 | DEBUG | sivi:base_runner.py:337| eval_kl_ite | Epoch 1080, VI KL to baseline: 1.0853
2026-03-28 22:52:25 | DEBUG | sivi:base_reverse_runner.py:261| eval_kl_ite | Epoch 1080, Reverse Model KL ITE: 0.0603
2026-03-28 22:52:25 | DEBUG | sivi:base_runner.py:347| eval_w2 | Epoch 1080, VI W2 to baseline: 1.1676
2026-03-28 22:52:25 | DEBUG | sivi:base_reverse_runner.py:272| eval_w2 | Epoch 1080, Reverse Model W2: 0.0703
2026-03-28 22:52:25 | DEBUG | sivi:base_runner.py:477| eval_elbo | Epoch 1080, ELBO: -0.8396, Std Total: 6.6791, Std Q: nan, CI Half: 0.5855
2026-03-28 22:52:25 | DEBUG | sivi:base_runner.py:507| eval_ksd | Epoch 1080, VI KSD: 0.3110
2026-03-28 22:52:25 | DEBUG | sivi:base_runner.py:337| eval_kl_ite | Epoch 1090, VI KL to baseline: 1.1870
2026-03-28 22:52:25 | DEBUG | sivi:base_reverse_runner.py:261| eval_kl_ite | Epoch 1090, Reverse Model KL ITE: 0.0754
2026-03-28 22:52:26 | DEBUG | sivi:base_runner.py:347| eval_w2 | Epoch 1090, VI W2 to baseline: 1.3109
2026-03-28 22:52:26 | DEBUG | sivi:base_reverse_runner.py:272| eval_w2 | Epoch 1090, Reverse Model W2: 0.0753
2026-03-28 22:52:26 | DEBUG | sivi:base_runner.py:477| eval_elbo | Epoch 1090, ELBO: -0.3698, Std Total: 12.4119, Std Q: nan, CI Half: 1.0880
2026-03-28 22:52:26 | DEBUG | sivi:base_runner.py:507| eval_ksd | Epoch 1090, VI KSD: 0.3152
2026-03-28 22:52:26 | DEBUG | sivi:base_runner.py:874| learn | Epoch 1100: Avg Loss: -0.4998, Avg Epoch Time: 0.0637s
2026-03-28 22:52:26 | DEBUG | sivi:base_runner.py:337| eval_kl_ite | Epoch 1100, VI KL to baseline: 1.1849
2026-03-28 22:52:26 | DEBUG | sivi:base_reverse_runner.py:261| eval_kl_ite | Epoch 1100, Reverse Model KL ITE: 0.0600
2026-03-28 22:52:26 | DEBUG | sivi:base_runner.py:347| eval_w2 | Epoch 1100, VI W2 to baseline: 1.3585
2026-03-28 22:52:26 | DEBUG | sivi:base_reverse_runner.py:272| eval_w2 | Epoch 1100, Reverse Model W2: 0.0748
2026-03-28 22:52:26 | DEBUG | sivi:base_runner.py:477| eval_elbo | Epoch 1100, ELBO: -0.8215, Std Total: 10.0023, Std Q: nan, CI Half: 0.8767
2026-03-28 22:52:26 | DEBUG | sivi:base_runner.py:507| eval_ksd | Epoch 1100, VI KSD: 0.3329
2026-03-28 22:52:27 | DEBUG | sivi:base_runner.py:337| eval_kl_ite | Epoch 1110, VI KL to baseline: 1.1645
2026-03-28 22:52:27 | DEBUG | sivi:base_reverse_runner.py:261| eval_kl_ite | Epoch 1110, Reverse Model KL ITE: 0.0559
2026-03-28 22:52:27 | DEBUG | sivi:base_runner.py:347| eval_w2 | Epoch 1110, VI W2 to baseline: 1.2928
2026-03-28 22:52:27 | DEBUG | sivi:base_reverse_runner.py:272| eval_w2 | Epoch 1110, Reverse Model W2: 0.0834
2026-03-28 22:52:27 | DEBUG | sivi:base_runner.py:477| eval_elbo | Epoch 1110, ELBO: -0.7428, Std Total: 10.5164, Std Q: nan, CI Half: 0.9218
2026-03-28 22:52:27 | DEBUG | sivi:base_runner.py:507| eval_ksd | Epoch 1110, VI KSD: 0.3096
2026-03-28 22:52:27 | DEBUG | sivi:base_runner.py:337| eval_kl_ite | Epoch 1120, VI KL to baseline: 1.1251
2026-03-28 22:52:27 | DEBUG | sivi:base_reverse_runner.py:261| eval_kl_ite | Epoch 1120, Reverse Model KL ITE: 0.0380
2026-03-28 22:52:27 | DEBUG | sivi:base_runner.py:347| eval_w2 | Epoch 1120, VI W2 to baseline: 1.3176
2026-03-28 22:52:27 | DEBUG | sivi:base_reverse_runner.py:272| eval_w2 | Epoch 1120, Reverse Model W2: 0.0713
2026-03-28 22:52:27 | DEBUG | sivi:base_runner.py:477| eval_elbo | Epoch 1120, ELBO: -1.0535, Std Total: 5.8397, Std Q: nan, CI Half: 0.5119
2026-03-28 22:52:27 | DEBUG | sivi:base_runner.py:507| eval_ksd | Epoch 1120, VI KSD: 0.2972
2026-03-28 22:52:28 | DEBUG | sivi:base_runner.py:337| eval_kl_ite | Epoch 1130, VI KL to baseline: 1.1106
2026-03-28 22:52:28 | DEBUG | sivi:base_reverse_runner.py:261| eval_kl_ite | Epoch 1130, Reverse Model KL ITE: 0.0713
2026-03-28 22:52:28 | DEBUG | sivi:base_runner.py:347| eval_w2 | Epoch 1130, VI W2 to baseline: 1.3132
2026-03-28 22:52:28 | DEBUG | sivi:base_reverse_runner.py:272| eval_w2 | Epoch 1130, Reverse Model W2: 0.0760
2026-03-28 22:52:28 | DEBUG | sivi:base_runner.py:477| eval_elbo | Epoch 1130, ELBO: -1.1577, Std Total: 6.0103, Std Q: nan, CI Half: 0.5268
2026-03-28 22:52:28 | DEBUG | sivi:base_runner.py:507| eval_ksd | Epoch 1130, VI KSD: 0.2561
2026-03-28 22:52:28 | DEBUG | sivi:base_runner.py:337| eval_kl_ite | Epoch 1140, VI KL to baseline: 1.0332
2026-03-28 22:52:29 | DEBUG | sivi:base_reverse_runner.py:261| eval_kl_ite | Epoch 1140, Reverse Model KL ITE: 0.0688
2026-03-28 22:52:29 | DEBUG | sivi:base_runner.py:347| eval_w2 | Epoch 1140, VI W2 to baseline: 1.1610
2026-03-28 22:52:29 | DEBUG | sivi:base_reverse_runner.py:272| eval_w2 | Epoch 1140, Reverse Model W2: 0.0865
2026-03-28 22:52:29 | DEBUG | sivi:base_runner.py:477| eval_elbo | Epoch 1140, ELBO: -0.4233, Std Total: 8.6321, Std Q: nan, CI Half: 0.7566
2026-03-28 22:52:29 | DEBUG | sivi:base_runner.py:507| eval_ksd | Epoch 1140, VI KSD: 0.2869
2026-03-28 22:52:29 | DEBUG | sivi:base_runner.py:337| eval_kl_ite | Epoch 1150, VI KL to baseline: 0.9141
2026-03-28 22:52:29 | DEBUG | sivi:base_reverse_runner.py:261| eval_kl_ite | Epoch 1150, Reverse Model KL ITE: 0.0831
2026-03-28 22:52:29 | DEBUG | sivi:base_runner.py:347| eval_w2 | Epoch 1150, VI W2 to baseline: 1.0822
2026-03-28 22:52:29 | DEBUG | sivi:base_reverse_runner.py:272| eval_w2 | Epoch 1150, Reverse Model W2: 0.0867
2026-03-28 22:52:29 | DEBUG | sivi:base_runner.py:477| eval_elbo | Epoch 1150, ELBO: -0.1650, Std Total: 8.2284, Std Q: nan, CI Half: 0.7212
2026-03-28 22:52:29 | DEBUG | sivi:base_runner.py:507| eval_ksd | Epoch 1150, VI KSD: 0.2541
2026-03-28 22:52:30 | DEBUG | sivi:base_runner.py:337| eval_kl_ite | Epoch 1160, VI KL to baseline: 0.8213
2026-03-28 22:52:30 | DEBUG | sivi:base_reverse_runner.py:261| eval_kl_ite | Epoch 1160, Reverse Model KL ITE: 0.0666
2026-03-28 22:52:30 | DEBUG | sivi:base_runner.py:347| eval_w2 | Epoch 1160, VI W2 to baseline: 0.9925
2026-03-28 22:52:30 | DEBUG | sivi:base_reverse_runner.py:272| eval_w2 | Epoch 1160, Reverse Model W2: 0.0910
2026-03-28 22:52:30 | DEBUG | sivi:base_runner.py:477| eval_elbo | Epoch 1160, ELBO: -0.8693, Std Total: 4.8446, Std Q: nan, CI Half: 0.4246
2026-03-28 22:52:30 | DEBUG | sivi:base_runner.py:507| eval_ksd | Epoch 1160, VI KSD: 0.2302
2026-03-28 22:52:30 | DEBUG | sivi:base_runner.py:337| eval_kl_ite | Epoch 1170, VI KL to baseline: 0.7902
2026-03-28 22:52:30 | DEBUG | sivi:base_reverse_runner.py:261| eval_kl_ite | Epoch 1170, Reverse Model KL ITE: 0.1110
2026-03-28 22:52:30 | DEBUG | sivi:base_runner.py:347| eval_w2 | Epoch 1170, VI W2 to baseline: 0.8934
2026-03-28 22:52:30 | DEBUG | sivi:base_reverse_runner.py:272| eval_w2 | Epoch 1170, Reverse Model W2: 0.0915
2026-03-28 22:52:30 | DEBUG | sivi:base_runner.py:477| eval_elbo | Epoch 1170, ELBO: -0.4603, Std Total: 4.3230, Std Q: nan, CI Half: 0.3789
2026-03-28 22:52:30 | DEBUG | sivi:base_runner.py:507| eval_ksd | Epoch 1170, VI KSD: 0.2169
2026-03-28 22:52:31 | DEBUG | sivi:base_runner.py:337| eval_kl_ite | Epoch 1180, VI KL to baseline: 0.7443
2026-03-28 22:52:31 | DEBUG | sivi:base_reverse_runner.py:261| eval_kl_ite | Epoch 1180, Reverse Model KL ITE: 0.0777
2026-03-28 22:52:31 | DEBUG | sivi:base_runner.py:347| eval_w2 | Epoch 1180, VI W2 to baseline: 0.8981
2026-03-28 22:52:31 | DEBUG | sivi:base_reverse_runner.py:272| eval_w2 | Epoch 1180, Reverse Model W2: 0.0853
2026-03-28 22:52:31 | DEBUG | sivi:base_runner.py:477| eval_elbo | Epoch 1180, ELBO: -0.4213, Std Total: 5.1891, Std Q: nan, CI Half: 0.4548
2026-03-28 22:52:31 | DEBUG | sivi:base_runner.py:507| eval_ksd | Epoch 1180, VI KSD: 0.2253
2026-03-28 22:52:31 | DEBUG | sivi:base_runner.py:337| eval_kl_ite | Epoch 1190, VI KL to baseline: 0.7151
2026-03-28 22:52:31 | DEBUG | sivi:base_reverse_runner.py:261| eval_kl_ite | Epoch 1190, Reverse Model KL ITE: 0.1119
2026-03-28 22:52:31 | DEBUG | sivi:base_runner.py:347| eval_w2 | Epoch 1190, VI W2 to baseline: 0.8461
2026-03-28 22:52:31 | DEBUG | sivi:base_reverse_runner.py:272| eval_w2 | Epoch 1190, Reverse Model W2: 0.0856
2026-03-28 22:52:31 | DEBUG | sivi:base_runner.py:477| eval_elbo | Epoch 1190, ELBO: -0.4068, Std Total: 5.7700, Std Q: nan, CI Half: 0.5058
2026-03-28 22:52:31 | DEBUG | sivi:base_runner.py:507| eval_ksd | Epoch 1190, VI KSD: 0.2097
2026-03-28 22:52:32 | DEBUG | sivi:base_runner.py:874| learn | Epoch 1200: Avg Loss: 0.5462, Avg Epoch Time: 0.0581s
2026-03-28 22:52:32 | DEBUG | sivi:base_runner.py:337| eval_kl_ite | Epoch 1200, VI KL to baseline: 0.6961
2026-03-28 22:52:32 | DEBUG | sivi:base_reverse_runner.py:261| eval_kl_ite | Epoch 1200, Reverse Model KL ITE: 0.0865
2026-03-28 22:52:32 | DEBUG | sivi:base_runner.py:347| eval_w2 | Epoch 1200, VI W2 to baseline: 0.8195
2026-03-28 22:52:32 | DEBUG | sivi:base_reverse_runner.py:272| eval_w2 | Epoch 1200, Reverse Model W2: 0.0931
2026-03-28 22:52:32 | DEBUG | sivi:base_runner.py:477| eval_elbo | Epoch 1200, ELBO: -0.5915, Std Total: 4.4416, Std Q: nan, CI Half: 0.3893
2026-03-28 22:52:32 | DEBUG | sivi:base_runner.py:507| eval_ksd | Epoch 1200, VI KSD: 0.1885
2026-03-28 22:52:32 | DEBUG | sivi:base_runner.py:337| eval_kl_ite | Epoch 1210, VI KL to baseline: 0.6829
2026-03-28 22:52:32 | DEBUG | sivi:base_reverse_runner.py:261| eval_kl_ite | Epoch 1210, Reverse Model KL ITE: 0.1083
2026-03-28 22:52:32 | DEBUG | sivi:base_runner.py:347| eval_w2 | Epoch 1210, VI W2 to baseline: 0.8261
2026-03-28 22:52:32 | DEBUG | sivi:base_reverse_runner.py:272| eval_w2 | Epoch 1210, Reverse Model W2: 0.0931
2026-03-28 22:52:32 | DEBUG | sivi:base_runner.py:477| eval_elbo | Epoch 1210, ELBO: -0.4458, Std Total: 5.9227, Std Q: nan, CI Half: 0.5191
2026-03-28 22:52:32 | DEBUG | sivi:base_runner.py:507| eval_ksd | Epoch 1210, VI KSD: 0.1988
2026-03-28 22:52:33 | DEBUG | sivi:base_runner.py:337| eval_kl_ite | Epoch 1220, VI KL to baseline: 0.6792
2026-03-28 22:52:33 | DEBUG | sivi:base_reverse_runner.py:261| eval_kl_ite | Epoch 1220, Reverse Model KL ITE: 0.1278
2026-03-28 22:52:33 | DEBUG | sivi:base_runner.py:347| eval_w2 | Epoch 1220, VI W2 to baseline: 0.8104
2026-03-28 22:52:33 | DEBUG | sivi:base_reverse_runner.py:272| eval_w2 | Epoch 1220, Reverse Model W2: 0.1118
2026-03-28 22:52:33 | DEBUG | sivi:base_runner.py:477| eval_elbo | Epoch 1220, ELBO: -0.6433, Std Total: 5.6016, Std Q: nan, CI Half: 0.4910
2026-03-28 22:52:33 | DEBUG | sivi:base_runner.py:507| eval_ksd | Epoch 1220, VI KSD: 0.2070
2026-03-28 22:52:33 | DEBUG | sivi:base_runner.py:337| eval_kl_ite | Epoch 1230, VI KL to baseline: 0.7261
2026-03-28 22:52:33 | DEBUG | sivi:base_reverse_runner.py:261| eval_kl_ite | Epoch 1230, Reverse Model KL ITE: 0.0971
2026-03-28 22:52:33 | DEBUG | sivi:base_runner.py:347| eval_w2 | Epoch 1230, VI W2 to baseline: 0.8613
2026-03-28 22:52:33 | DEBUG | sivi:base_reverse_runner.py:272| eval_w2 | Epoch 1230, Reverse Model W2: 0.1002
2026-03-28 22:52:33 | DEBUG | sivi:base_runner.py:477| eval_elbo | Epoch 1230, ELBO: -0.5267, Std Total: 5.0645, Std Q: nan, CI Half: 0.4439
2026-03-28 22:52:33 | DEBUG | sivi:base_runner.py:507| eval_ksd | Epoch 1230, VI KSD: 0.2152
2026-03-28 22:52:34 | DEBUG | sivi:base_runner.py:337| eval_kl_ite | Epoch 1240, VI KL to baseline: 0.7767
2026-03-28 22:52:34 | DEBUG | sivi:base_reverse_runner.py:261| eval_kl_ite | Epoch 1240, Reverse Model KL ITE: 0.0946
2026-03-28 22:52:34 | DEBUG | sivi:base_runner.py:347| eval_w2 | Epoch 1240, VI W2 to baseline: 0.9165
2026-03-28 22:52:34 | DEBUG | sivi:base_reverse_runner.py:272| eval_w2 | Epoch 1240, Reverse Model W2: 0.0953
2026-03-28 22:52:34 | DEBUG | sivi:base_runner.py:477| eval_elbo | Epoch 1240, ELBO: -0.6419, Std Total: 5.5951, Std Q: nan, CI Half: 0.4904
2026-03-28 22:52:34 | DEBUG | sivi:base_runner.py:507| eval_ksd | Epoch 1240, VI KSD: 0.2330
2026-03-28 22:52:34 | DEBUG | sivi:base_runner.py:337| eval_kl_ite | Epoch 1250, VI KL to baseline: 0.7805
2026-03-28 22:52:35 | DEBUG | sivi:base_reverse_runner.py:261| eval_kl_ite | Epoch 1250, Reverse Model KL ITE: 0.1146
2026-03-28 22:52:35 | DEBUG | sivi:base_runner.py:347| eval_w2 | Epoch 1250, VI W2 to baseline: 0.9120
2026-03-28 22:52:35 | DEBUG | sivi:base_reverse_runner.py:272| eval_w2 | Epoch 1250, Reverse Model W2: 0.1192
2026-03-28 22:52:35 | DEBUG | sivi:base_runner.py:477| eval_elbo | Epoch 1250, ELBO: -0.5019, Std Total: 6.2101, Std Q: nan, CI Half: 0.5443
2026-03-28 22:52:35 | DEBUG | sivi:base_runner.py:507| eval_ksd | Epoch 1250, VI KSD: 0.2651
2026-03-28 22:52:35 | DEBUG | sivi:base_runner.py:337| eval_kl_ite | Epoch 1260, VI KL to baseline: 0.7823
2026-03-28 22:52:35 | DEBUG | sivi:base_reverse_runner.py:261| eval_kl_ite | Epoch 1260, Reverse Model KL ITE: 0.1004
2026-03-28 22:52:35 | DEBUG | sivi:base_runner.py:347| eval_w2 | Epoch 1260, VI W2 to baseline: 0.9371
2026-03-28 22:52:35 | DEBUG | sivi:base_reverse_runner.py:272| eval_w2 | Epoch 1260, Reverse Model W2: 0.0991
2026-03-28 22:52:35 | DEBUG | sivi:base_runner.py:477| eval_elbo | Epoch 1260, ELBO: -0.5880, Std Total: 4.9790, Std Q: nan, CI Half: 0.4364
2026-03-28 22:52:35 | DEBUG | sivi:base_runner.py:507| eval_ksd | Epoch 1260, VI KSD: 0.2297
2026-03-28 22:52:36 | DEBUG | sivi:base_runner.py:337| eval_kl_ite | Epoch 1270, VI KL to baseline: 0.8145
2026-03-28 22:52:36 | DEBUG | sivi:base_reverse_runner.py:261| eval_kl_ite | Epoch 1270, Reverse Model KL ITE: 0.0784
2026-03-28 22:52:36 | DEBUG | sivi:base_runner.py:347| eval_w2 | Epoch 1270, VI W2 to baseline: 0.9661
2026-03-28 22:52:36 | DEBUG | sivi:base_reverse_runner.py:272| eval_w2 | Epoch 1270, Reverse Model W2: 0.0872
2026-03-28 22:52:36 | DEBUG | sivi:base_runner.py:477| eval_elbo | Epoch 1270, ELBO: -0.3419, Std Total: 8.9990, Std Q: nan, CI Half: 0.7888
2026-03-28 22:52:36 | DEBUG | sivi:base_runner.py:507| eval_ksd | Epoch 1270, VI KSD: 0.2247
2026-03-28 22:52:36 | DEBUG | sivi:base_runner.py:337| eval_kl_ite | Epoch 1280, VI KL to baseline: 0.8419
2026-03-28 22:52:36 | DEBUG | sivi:base_reverse_runner.py:261| eval_kl_ite | Epoch 1280, Reverse Model KL ITE: 0.0957
2026-03-28 22:52:36 | DEBUG | sivi:base_runner.py:347| eval_w2 | Epoch 1280, VI W2 to baseline: 0.9889
2026-03-28 22:52:36 | DEBUG | sivi:base_reverse_runner.py:272| eval_w2 | Epoch 1280, Reverse Model W2: 0.0972
2026-03-28 22:52:36 | DEBUG | sivi:base_runner.py:477| eval_elbo | Epoch 1280, ELBO: -0.7043, Std Total: 4.6959, Std Q: nan, CI Half: 0.4116
2026-03-28 22:52:36 | DEBUG | sivi:base_runner.py:507| eval_ksd | Epoch 1280, VI KSD: 0.2445
2026-03-28 22:52:36 | DEBUG | sivi:base_runner.py:337| eval_kl_ite | Epoch 1290, VI KL to baseline: 0.8266
2026-03-28 22:52:36 | DEBUG | sivi:base_reverse_runner.py:261| eval_kl_ite | Epoch 1290, Reverse Model KL ITE: 0.1140
2026-03-28 22:52:36 | DEBUG | sivi:base_runner.py:347| eval_w2 | Epoch 1290, VI W2 to baseline: 0.9971
2026-03-28 22:52:36 | DEBUG | sivi:base_reverse_runner.py:272| eval_w2 | Epoch 1290, Reverse Model W2: 0.0941
2026-03-28 22:52:36 | DEBUG | sivi:base_runner.py:477| eval_elbo | Epoch 1290, ELBO: -0.6783, Std Total: 4.3240, Std Q: nan, CI Half: 0.3790
2026-03-28 22:52:36 | DEBUG | sivi:base_runner.py:507| eval_ksd | Epoch 1290, VI KSD: 0.2555
2026-03-28 22:52:37 | DEBUG | sivi:base_runner.py:874| learn | Epoch 1300: Avg Loss: -0.2114, Avg Epoch Time: 0.0498s
2026-03-28 22:52:37 | DEBUG | sivi:base_runner.py:337| eval_kl_ite | Epoch 1300, VI KL to baseline: 0.8187
2026-03-28 22:52:37 | DEBUG | sivi:base_reverse_runner.py:261| eval_kl_ite | Epoch 1300, Reverse Model KL ITE: 0.0770
2026-03-28 22:52:37 | DEBUG | sivi:base_runner.py:347| eval_w2 | Epoch 1300, VI W2 to baseline: 0.9433
2026-03-28 22:52:37 | DEBUG | sivi:base_reverse_runner.py:272| eval_w2 | Epoch 1300, Reverse Model W2: 0.0852
2026-03-28 22:52:37 | DEBUG | sivi:base_runner.py:477| eval_elbo | Epoch 1300, ELBO: -0.5171, Std Total: 6.7780, Std Q: nan, CI Half: 0.5941
2026-03-28 22:52:37 | DEBUG | sivi:base_runner.py:507| eval_ksd | Epoch 1300, VI KSD: 0.2733
2026-03-28 22:52:37 | DEBUG | sivi:base_runner.py:337| eval_kl_ite | Epoch 1310, VI KL to baseline: 0.7733
2026-03-28 22:52:37 | DEBUG | sivi:base_reverse_runner.py:261| eval_kl_ite | Epoch 1310, Reverse Model KL ITE: 0.1054
2026-03-28 22:52:37 | DEBUG | sivi:base_runner.py:347| eval_w2 | Epoch 1310, VI W2 to baseline: 0.8949
2026-03-28 22:52:37 | DEBUG | sivi:base_reverse_runner.py:272| eval_w2 | Epoch 1310, Reverse Model W2: 0.0882
2026-03-28 22:52:37 | DEBUG | sivi:base_runner.py:477| eval_elbo | Epoch 1310, ELBO: -0.4649, Std Total: 5.2847, Std Q: nan, CI Half: 0.4632
2026-03-28 22:52:37 | DEBUG | sivi:base_runner.py:507| eval_ksd | Epoch 1310, VI KSD: 0.2658
2026-03-28 22:52:38 | DEBUG | sivi:base_runner.py:337| eval_kl_ite | Epoch 1320, VI KL to baseline: 0.7537
2026-03-28 22:52:38 | DEBUG | sivi:base_reverse_runner.py:261| eval_kl_ite | Epoch 1320, Reverse Model KL ITE: 0.0958
2026-03-28 22:52:38 | DEBUG | sivi:base_runner.py:347| eval_w2 | Epoch 1320, VI W2 to baseline: 0.8878
2026-03-28 22:52:38 | DEBUG | sivi:base_reverse_runner.py:272| eval_w2 | Epoch 1320, Reverse Model W2: 0.0883
2026-03-28 22:52:38 | DEBUG | sivi:base_runner.py:477| eval_elbo | Epoch 1320, ELBO: -0.6203, Std Total: 3.8916, Std Q: nan, CI Half: 0.3411
2026-03-28 22:52:38 | DEBUG | sivi:base_runner.py:507| eval_ksd | Epoch 1320, VI KSD: 0.2174
2026-03-28 22:52:38 | DEBUG | sivi:base_runner.py:337| eval_kl_ite | Epoch 1330, VI KL to baseline: 0.7770
2026-03-28 22:52:38 | DEBUG | sivi:base_reverse_runner.py:261| eval_kl_ite | Epoch 1330, Reverse Model KL ITE: 0.0851
2026-03-28 22:52:38 | DEBUG | sivi:base_runner.py:347| eval_w2 | Epoch 1330, VI W2 to baseline: 0.9077
2026-03-28 22:52:38 | DEBUG | sivi:base_reverse_runner.py:272| eval_w2 | Epoch 1330, Reverse Model W2: 0.0866
2026-03-28 22:52:38 | DEBUG | sivi:base_runner.py:477| eval_elbo | Epoch 1330, ELBO: -0.2438, Std Total: 5.9265, Std Q: nan, CI Half: 0.5195
2026-03-28 22:52:38 | DEBUG | sivi:base_runner.py:507| eval_ksd | Epoch 1330, VI KSD: 0.2272
2026-03-28 22:52:39 | DEBUG | sivi:base_runner.py:337| eval_kl_ite | Epoch 1340, VI KL to baseline: 0.6953
2026-03-28 22:52:39 | DEBUG | sivi:base_reverse_runner.py:261| eval_kl_ite | Epoch 1340, Reverse Model KL ITE: 0.0668
2026-03-28 22:52:39 | DEBUG | sivi:base_runner.py:347| eval_w2 | Epoch 1340, VI W2 to baseline: 0.9110
2026-03-28 22:52:39 | DEBUG | sivi:base_reverse_runner.py:272| eval_w2 | Epoch 1340, Reverse Model W2: 0.1090
2026-03-28 22:52:39 | DEBUG | sivi:base_runner.py:477| eval_elbo | Epoch 1340, ELBO: -0.3999, Std Total: 4.1493, Std Q: nan, CI Half: 0.3637
2026-03-28 22:52:39 | DEBUG | sivi:base_runner.py:507| eval_ksd | Epoch 1340, VI KSD: 0.1959
2026-03-28 22:52:39 | DEBUG | sivi:base_runner.py:337| eval_kl_ite | Epoch 1350, VI KL to baseline: 0.6961
2026-03-28 22:52:40 | DEBUG | sivi:base_reverse_runner.py:261| eval_kl_ite | Epoch 1350, Reverse Model KL ITE: 0.1151
2026-03-28 22:52:40 | DEBUG | sivi:base_runner.py:347| eval_w2 | Epoch 1350, VI W2 to baseline: 0.8670
2026-03-28 22:52:40 | DEBUG | sivi:base_reverse_runner.py:272| eval_w2 | Epoch 1350, Reverse Model W2: 0.0943
2026-03-28 22:52:40 | DEBUG | sivi:base_runner.py:477| eval_elbo | Epoch 1350, ELBO: -0.5417, Std Total: 5.1967, Std Q: nan, CI Half: 0.4555
2026-03-28 22:52:40 | DEBUG | sivi:base_runner.py:507| eval_ksd | Epoch 1350, VI KSD: 0.1613
2026-03-28 22:52:40 | DEBUG | sivi:base_runner.py:337| eval_kl_ite | Epoch 1360, VI KL to baseline: 0.7254
2026-03-28 22:52:40 | DEBUG | sivi:base_reverse_runner.py:261| eval_kl_ite | Epoch 1360, Reverse Model KL ITE: 0.0800
2026-03-28 22:52:40 | DEBUG | sivi:base_runner.py:347| eval_w2 | Epoch 1360, VI W2 to baseline: 0.9163
2026-03-28 22:52:40 | DEBUG | sivi:base_reverse_runner.py:272| eval_w2 | Epoch 1360, Reverse Model W2: 0.1001
2026-03-28 22:52:40 | DEBUG | sivi:base_runner.py:477| eval_elbo | Epoch 1360, ELBO: -0.3801, Std Total: 5.3624, Std Q: nan, CI Half: 0.4700
2026-03-28 22:52:40 | DEBUG | sivi:base_runner.py:507| eval_ksd | Epoch 1360, VI KSD: 0.2331
2026-03-28 22:52:41 | DEBUG | sivi:base_runner.py:337| eval_kl_ite | Epoch 1370, VI KL to baseline: 0.7674
2026-03-28 22:52:41 | DEBUG | sivi:base_reverse_runner.py:261| eval_kl_ite | Epoch 1370, Reverse Model KL ITE: 0.0949
2026-03-28 22:52:41 | DEBUG | sivi:base_runner.py:347| eval_w2 | Epoch 1370, VI W2 to baseline: 0.9472
2026-03-28 22:52:41 | DEBUG | sivi:base_reverse_runner.py:272| eval_w2 | Epoch 1370, Reverse Model W2: 0.0882
2026-03-28 22:52:41 | DEBUG | sivi:base_runner.py:477| eval_elbo | Epoch 1370, ELBO: -0.6020, Std Total: 4.8849, Std Q: nan, CI Half: 0.4282
2026-03-28 22:52:41 | DEBUG | sivi:base_runner.py:507| eval_ksd | Epoch 1370, VI KSD: 0.1928
2026-03-28 22:52:41 | DEBUG | sivi:base_runner.py:337| eval_kl_ite | Epoch 1380, VI KL to baseline: 0.7704
2026-03-28 22:52:41 | DEBUG | sivi:base_reverse_runner.py:261| eval_kl_ite | Epoch 1380, Reverse Model KL ITE: 0.1096
2026-03-28 22:52:41 | DEBUG | sivi:base_runner.py:347| eval_w2 | Epoch 1380, VI W2 to baseline: 0.9116
2026-03-28 22:52:41 | DEBUG | sivi:base_reverse_runner.py:272| eval_w2 | Epoch 1380, Reverse Model W2: 0.0805
2026-03-28 22:52:41 | DEBUG | sivi:base_runner.py:477| eval_elbo | Epoch 1380, ELBO: -0.1554, Std Total: 6.8769, Std Q: nan, CI Half: 0.6028
2026-03-28 22:52:41 | DEBUG | sivi:base_runner.py:507| eval_ksd | Epoch 1380, VI KSD: 0.2318
2026-03-28 22:52:42 | DEBUG | sivi:base_runner.py:337| eval_kl_ite | Epoch 1390, VI KL to baseline: 0.6355
2026-03-28 22:52:42 | DEBUG | sivi:base_reverse_runner.py:261| eval_kl_ite | Epoch 1390, Reverse Model KL ITE: 0.1007
2026-03-28 22:52:42 | DEBUG | sivi:base_runner.py:347| eval_w2 | Epoch 1390, VI W2 to baseline: 0.7915
2026-03-28 22:52:42 | DEBUG | sivi:base_reverse_runner.py:272| eval_w2 | Epoch 1390, Reverse Model W2: 0.0927
2026-03-28 22:52:42 | DEBUG | sivi:base_runner.py:477| eval_elbo | Epoch 1390, ELBO: -0.1113, Std Total: 6.1640, Std Q: nan, CI Half: 0.5403
2026-03-28 22:52:42 | DEBUG | sivi:base_runner.py:507| eval_ksd | Epoch 1390, VI KSD: 0.1971
2026-03-28 22:52:42 | DEBUG | sivi:base_runner.py:874| learn | Epoch 1400: Avg Loss: 0.4568, Avg Epoch Time: 0.0540s
2026-03-28 22:52:42 | DEBUG | sivi:base_runner.py:337| eval_kl_ite | Epoch 1400, VI KL to baseline: 0.6174
2026-03-28 22:52:42 | DEBUG | sivi:base_reverse_runner.py:261| eval_kl_ite | Epoch 1400, Reverse Model KL ITE: 0.1231
2026-03-28 22:52:42 | DEBUG | sivi:base_runner.py:347| eval_w2 | Epoch 1400, VI W2 to baseline: 0.7926
2026-03-28 22:52:42 | DEBUG | sivi:base_reverse_runner.py:272| eval_w2 | Epoch 1400, Reverse Model W2: 0.0958
2026-03-28 22:52:42 | DEBUG | sivi:base_runner.py:477| eval_elbo | Epoch 1400, ELBO: -0.2281, Std Total: 5.3592, Std Q: nan, CI Half: 0.4698
2026-03-28 22:52:42 | DEBUG | sivi:base_runner.py:507| eval_ksd | Epoch 1400, VI KSD: 0.1784
2026-03-28 22:52:43 | DEBUG | sivi:base_runner.py:337| eval_kl_ite | Epoch 1410, VI KL to baseline: 0.6127
2026-03-28 22:52:43 | DEBUG | sivi:base_reverse_runner.py:261| eval_kl_ite | Epoch 1410, Reverse Model KL ITE: 0.1399
2026-03-28 22:52:43 | DEBUG | sivi:base_runner.py:347| eval_w2 | Epoch 1410, VI W2 to baseline: 0.7835
2026-03-28 22:52:43 | DEBUG | sivi:base_reverse_runner.py:272| eval_w2 | Epoch 1410, Reverse Model W2: 0.0993
2026-03-28 22:52:43 | DEBUG | sivi:base_runner.py:477| eval_elbo | Epoch 1410, ELBO: -0.3968, Std Total: 4.3203, Std Q: nan, CI Half: 0.3787
2026-03-28 22:52:43 | DEBUG | sivi:base_runner.py:507| eval_ksd | Epoch 1410, VI KSD: 0.1759
2026-03-28 22:52:44 | DEBUG | sivi:base_runner.py:337| eval_kl_ite | Epoch 1420, VI KL to baseline: 0.6032
2026-03-28 22:52:44 | DEBUG | sivi:base_reverse_runner.py:261| eval_kl_ite | Epoch 1420, Reverse Model KL ITE: 0.1505
2026-03-28 22:52:44 | DEBUG | sivi:base_runner.py:347| eval_w2 | Epoch 1420, VI W2 to baseline: 0.8192
2026-03-28 22:52:44 | DEBUG | sivi:base_reverse_runner.py:272| eval_w2 | Epoch 1420, Reverse Model W2: 0.1048
2026-03-28 22:52:44 | DEBUG | sivi:base_runner.py:477| eval_elbo | Epoch 1420, ELBO: -0.3963, Std Total: 4.4027, Std Q: nan, CI Half: 0.3859
2026-03-28 22:52:44 | DEBUG | sivi:base_runner.py:507| eval_ksd | Epoch 1420, VI KSD: 0.1655
2026-03-28 22:52:44 | DEBUG | sivi:base_runner.py:337| eval_kl_ite | Epoch 1430, VI KL to baseline: 0.6039
2026-03-28 22:52:44 | DEBUG | sivi:base_reverse_runner.py:261| eval_kl_ite | Epoch 1430, Reverse Model KL ITE: 0.1172
2026-03-28 22:52:44 | DEBUG | sivi:base_runner.py:347| eval_w2 | Epoch 1430, VI W2 to baseline: 0.8117
2026-03-28 22:52:44 | DEBUG | sivi:base_reverse_runner.py:272| eval_w2 | Epoch 1430, Reverse Model W2: 0.1092
2026-03-28 22:52:44 | DEBUG | sivi:base_runner.py:477| eval_elbo | Epoch 1430, ELBO: -0.3945, Std Total: 4.0446, Std Q: nan, CI Half: 0.3545
2026-03-28 22:52:44 | DEBUG | sivi:base_runner.py:507| eval_ksd | Epoch 1430, VI KSD: 0.1498
2026-03-28 22:52:45 | DEBUG | sivi:base_runner.py:337| eval_kl_ite | Epoch 1440, VI KL to baseline: 0.5928
2026-03-28 22:52:45 | DEBUG | sivi:base_reverse_runner.py:261| eval_kl_ite | Epoch 1440, Reverse Model KL ITE: 0.1436
2026-03-28 22:52:45 | DEBUG | sivi:base_runner.py:347| eval_w2 | Epoch 1440, VI W2 to baseline: 0.7938
2026-03-28 22:52:45 | DEBUG | sivi:base_reverse_runner.py:272| eval_w2 | Epoch 1440, Reverse Model W2: 0.1196
2026-03-28 22:52:45 | DEBUG | sivi:base_runner.py:477| eval_elbo | Epoch 1440, ELBO: 0.1955, Std Total: 9.2863, Std Q: nan, CI Half: 0.8140
2026-03-28 22:52:45 | DEBUG | sivi:base_runner.py:507| eval_ksd | Epoch 1440, VI KSD: 0.1460
2026-03-28 22:52:45 | DEBUG | sivi:base_runner.py:337| eval_kl_ite | Epoch 1450, VI KL to baseline: 0.5801
2026-03-28 22:52:46 | DEBUG | sivi:base_reverse_runner.py:261| eval_kl_ite | Epoch 1450, Reverse Model KL ITE: 0.1557
2026-03-28 22:52:46 | DEBUG | sivi:base_runner.py:347| eval_w2 | Epoch 1450, VI W2 to baseline: 0.7963
2026-03-28 22:52:46 | DEBUG | sivi:base_reverse_runner.py:272| eval_w2 | Epoch 1450, Reverse Model W2: 0.1042
2026-03-28 22:52:46 | DEBUG | sivi:base_runner.py:477| eval_elbo | Epoch 1450, ELBO: -0.1683, Std Total: 4.7499, Std Q: nan, CI Half: 0.4163
2026-03-28 22:52:46 | DEBUG | sivi:base_runner.py:507| eval_ksd | Epoch 1450, VI KSD: 0.1653
2026-03-28 22:52:46 | DEBUG | sivi:base_runner.py:337| eval_kl_ite | Epoch 1460, VI KL to baseline: 0.6418
2026-03-28 22:52:46 | DEBUG | sivi:base_reverse_runner.py:261| eval_kl_ite | Epoch 1460, Reverse Model KL ITE: 0.0787
2026-03-28 22:52:46 | DEBUG | sivi:base_runner.py:347| eval_w2 | Epoch 1460, VI W2 to baseline: 0.8186
2026-03-28 22:52:46 | DEBUG | sivi:base_reverse_runner.py:272| eval_w2 | Epoch 1460, Reverse Model W2: 0.1135
2026-03-28 22:52:46 | DEBUG | sivi:base_runner.py:477| eval_elbo | Epoch 1460, ELBO: -0.2464, Std Total: 5.1617, Std Q: nan, CI Half: 0.4524
2026-03-28 22:52:46 | DEBUG | sivi:base_runner.py:507| eval_ksd | Epoch 1460, VI KSD: 0.1677
2026-03-28 22:52:47 | DEBUG | sivi:base_runner.py:337| eval_kl_ite | Epoch 1470, VI KL to baseline: 0.6296
2026-03-28 22:52:47 | DEBUG | sivi:base_reverse_runner.py:261| eval_kl_ite | Epoch 1470, Reverse Model KL ITE: 0.1136
2026-03-28 22:52:47 | DEBUG | sivi:base_runner.py:347| eval_w2 | Epoch 1470, VI W2 to baseline: 0.8373
2026-03-28 22:52:47 | DEBUG | sivi:base_reverse_runner.py:272| eval_w2 | Epoch 1470, Reverse Model W2: 0.1017
2026-03-28 22:52:47 | DEBUG | sivi:base_runner.py:477| eval_elbo | Epoch 1470, ELBO: -0.0571, Std Total: 7.6313, Std Q: nan, CI Half: 0.6689
2026-03-28 22:52:47 | DEBUG | sivi:base_runner.py:507| eval_ksd | Epoch 1470, VI KSD: 0.1829
2026-03-28 22:52:47 | DEBUG | sivi:base_runner.py:337| eval_kl_ite | Epoch 1480, VI KL to baseline: 0.6996
2026-03-28 22:52:47 | DEBUG | sivi:base_reverse_runner.py:261| eval_kl_ite | Epoch 1480, Reverse Model KL ITE: 0.0884
2026-03-28 22:52:47 | DEBUG | sivi:base_runner.py:347| eval_w2 | Epoch 1480, VI W2 to baseline: 0.8470
2026-03-28 22:52:47 | DEBUG | sivi:base_reverse_runner.py:272| eval_w2 | Epoch 1480, Reverse Model W2: 0.0945
2026-03-28 22:52:47 | DEBUG | sivi:base_runner.py:477| eval_elbo | Epoch 1480, ELBO: -0.4025, Std Total: 4.9807, Std Q: nan, CI Half: 0.4366
2026-03-28 22:52:47 | DEBUG | sivi:base_runner.py:507| eval_ksd | Epoch 1480, VI KSD: 0.1877
2026-03-28 22:52:48 | DEBUG | sivi:base_runner.py:337| eval_kl_ite | Epoch 1490, VI KL to baseline: 0.7592
2026-03-28 22:52:48 | DEBUG | sivi:base_reverse_runner.py:261| eval_kl_ite | Epoch 1490, Reverse Model KL ITE: 0.1134
2026-03-28 22:52:48 | DEBUG | sivi:base_runner.py:347| eval_w2 | Epoch 1490, VI W2 to baseline: 1.0009
2026-03-28 22:52:48 | DEBUG | sivi:base_reverse_runner.py:272| eval_w2 | Epoch 1490, Reverse Model W2: 0.0998
2026-03-28 22:52:48 | DEBUG | sivi:base_runner.py:477| eval_elbo | Epoch 1490, ELBO: -0.2151, Std Total: 6.4896, Std Q: nan, CI Half: 0.5688
2026-03-28 22:52:48 | DEBUG | sivi:base_runner.py:507| eval_ksd | Epoch 1490, VI KSD: 0.2112
2026-03-28 22:52:48 | DEBUG | sivi:base_runner.py:874| learn | Epoch 1500: Avg Loss: -0.4967, Avg Epoch Time: 0.0636s
2026-03-28 22:52:48 | DEBUG | sivi:base_reverse_runner.py:183| _training_rev_log_func | Epoch 1500, Inner epoch 1, Reverse Model Loss: 3.6815, Avg Steps: 1.0000
2026-03-28 22:52:49 | DEBUG | sivi:base_runner.py:588| save_samples | Saved 100000 samples at epoch 1500.
2026-03-28 22:52:49 | DEBUG | sivi:base_runner.py:337| eval_kl_ite | Epoch 1500, VI KL to baseline: 0.8600
2026-03-28 22:52:49 | DEBUG | sivi:base_reverse_runner.py:261| eval_kl_ite | Epoch 1500, Reverse Model KL ITE: 0.1048
2026-03-28 22:52:49 | DEBUG | sivi:base_runner.py:347| eval_w2 | Epoch 1500, VI W2 to baseline: 1.0501
2026-03-28 22:52:49 | DEBUG | sivi:base_reverse_runner.py:272| eval_w2 | Epoch 1500, Reverse Model W2: 0.0940
2026-03-28 22:52:49 | DEBUG | sivi:base_runner.py:477| eval_elbo | Epoch 1500, ELBO: -0.3622, Std Total: 7.8924, Std Q: nan, CI Half: 0.6918
2026-03-28 22:52:49 | DEBUG | sivi:base_runner.py:507| eval_ksd | Epoch 1500, VI KSD: 0.2416
2026-03-28 22:52:49 | DEBUG | sivi:base_runner.py:970| learn | Saved contour plot at epoch 1500.
2026-03-28 22:52:49 | DEBUG | sivi:base_runner.py:337| eval_kl_ite | Epoch 1510, VI KL to baseline: 0.8486
2026-03-28 22:52:49 | DEBUG | sivi:base_reverse_runner.py:261| eval_kl_ite | Epoch 1510, Reverse Model KL ITE: 0.0765
2026-03-28 22:52:49 | DEBUG | sivi:base_runner.py:347| eval_w2 | Epoch 1510, VI W2 to baseline: 1.0385
2026-03-28 22:52:49 | DEBUG | sivi:base_reverse_runner.py:272| eval_w2 | Epoch 1510, Reverse Model W2: 0.0955
2026-03-28 22:52:49 | DEBUG | sivi:base_runner.py:477| eval_elbo | Epoch 1510, ELBO: -0.6042, Std Total: 7.9706, Std Q: nan, CI Half: 0.6987
2026-03-28 22:52:49 | DEBUG | sivi:base_runner.py:507| eval_ksd | Epoch 1510, VI KSD: 0.2281
2026-03-28 22:52:50 | DEBUG | sivi:base_runner.py:337| eval_kl_ite | Epoch 1520, VI KL to baseline: 0.7714
2026-03-28 22:52:50 | DEBUG | sivi:base_reverse_runner.py:261| eval_kl_ite | Epoch 1520, Reverse Model KL ITE: 0.0752
2026-03-28 22:52:50 | DEBUG | sivi:base_runner.py:347| eval_w2 | Epoch 1520, VI W2 to baseline: 0.9706
2026-03-28 22:52:50 | DEBUG | sivi:base_reverse_runner.py:272| eval_w2 | Epoch 1520, Reverse Model W2: 0.1134
2026-03-28 22:52:50 | DEBUG | sivi:base_runner.py:477| eval_elbo | Epoch 1520, ELBO: -0.5447, Std Total: 5.9132, Std Q: nan, CI Half: 0.5183
2026-03-28 22:52:50 | DEBUG | sivi:base_runner.py:507| eval_ksd | Epoch 1520, VI KSD: 0.2197
2026-03-28 22:52:50 | DEBUG | sivi:base_runner.py:337| eval_kl_ite | Epoch 1530, VI KL to baseline: 0.6878
2026-03-28 22:52:51 | DEBUG | sivi:base_reverse_runner.py:261| eval_kl_ite | Epoch 1530, Reverse Model KL ITE: 0.1234
2026-03-28 22:52:51 | DEBUG | sivi:base_runner.py:347| eval_w2 | Epoch 1530, VI W2 to baseline: 0.8636
2026-03-28 22:52:51 | DEBUG | sivi:base_reverse_runner.py:272| eval_w2 | Epoch 1530, Reverse Model W2: 0.0921
2026-03-28 22:52:51 | DEBUG | sivi:base_runner.py:477| eval_elbo | Epoch 1530, ELBO: -0.3938, Std Total: 4.8131, Std Q: nan, CI Half: 0.4219
2026-03-28 22:52:51 | DEBUG | sivi:base_runner.py:507| eval_ksd | Epoch 1530, VI KSD: 0.1737
2026-03-28 22:52:51 | DEBUG | sivi:base_runner.py:337| eval_kl_ite | Epoch 1540, VI KL to baseline: 0.6021
2026-03-28 22:52:51 | DEBUG | sivi:base_reverse_runner.py:261| eval_kl_ite | Epoch 1540, Reverse Model KL ITE: 0.1059
2026-03-28 22:52:51 | DEBUG | sivi:base_runner.py:347| eval_w2 | Epoch 1540, VI W2 to baseline: 0.7924
2026-03-28 22:52:51 | DEBUG | sivi:base_reverse_runner.py:272| eval_w2 | Epoch 1540, Reverse Model W2: 0.0824
2026-03-28 22:52:51 | DEBUG | sivi:base_runner.py:477| eval_elbo | Epoch 1540, ELBO: -0.1570, Std Total: 5.5285, Std Q: nan, CI Half: 0.4846
2026-03-28 22:52:51 | DEBUG | sivi:base_runner.py:507| eval_ksd | Epoch 1540, VI KSD: 0.1706
2026-03-28 22:52:52 | DEBUG | sivi:base_runner.py:337| eval_kl_ite | Epoch 1550, VI KL to baseline: 0.5766
2026-03-28 22:52:52 | DEBUG | sivi:base_reverse_runner.py:261| eval_kl_ite | Epoch 1550, Reverse Model KL ITE: 0.0988
2026-03-28 22:52:52 | DEBUG | sivi:base_runner.py:347| eval_w2 | Epoch 1550, VI W2 to baseline: 0.7557
2026-03-28 22:52:52 | DEBUG | sivi:base_reverse_runner.py:272| eval_w2 | Epoch 1550, Reverse Model W2: 0.0902
2026-03-28 22:52:52 | DEBUG | sivi:base_runner.py:477| eval_elbo | Epoch 1550, ELBO: 0.1434, Std Total: 4.9012, Std Q: nan, CI Half: 0.4296
2026-03-28 22:52:52 | DEBUG | sivi:base_runner.py:507| eval_ksd | Epoch 1550, VI KSD: 0.1474
2026-03-28 22:52:52 | DEBUG | sivi:base_runner.py:337| eval_kl_ite | Epoch 1560, VI KL to baseline: 0.6245
2026-03-28 22:52:52 | DEBUG | sivi:base_reverse_runner.py:261| eval_kl_ite | Epoch 1560, Reverse Model KL ITE: 0.0644
2026-03-28 22:52:52 | DEBUG | sivi:base_runner.py:347| eval_w2 | Epoch 1560, VI W2 to baseline: 0.8231
2026-03-28 22:52:52 | DEBUG | sivi:base_reverse_runner.py:272| eval_w2 | Epoch 1560, Reverse Model W2: 0.0881
2026-03-28 22:52:52 | DEBUG | sivi:base_runner.py:477| eval_elbo | Epoch 1560, ELBO: -0.3318, Std Total: 4.6877, Std Q: nan, CI Half: 0.4109
2026-03-28 22:52:52 | DEBUG | sivi:base_runner.py:507| eval_ksd | Epoch 1560, VI KSD: 0.1565
2026-03-28 22:52:53 | DEBUG | sivi:base_runner.py:337| eval_kl_ite | Epoch 1570, VI KL to baseline: 0.6285
2026-03-28 22:52:53 | DEBUG | sivi:base_reverse_runner.py:261| eval_kl_ite | Epoch 1570, Reverse Model KL ITE: 0.0902
2026-03-28 22:52:53 | DEBUG | sivi:base_runner.py:347| eval_w2 | Epoch 1570, VI W2 to baseline: 0.8226
2026-03-28 22:52:53 | DEBUG | sivi:base_reverse_runner.py:272| eval_w2 | Epoch 1570, Reverse Model W2: 0.0940
2026-03-28 22:52:53 | DEBUG | sivi:base_runner.py:477| eval_elbo | Epoch 1570, ELBO: 0.0798, Std Total: 6.8781, Std Q: nan, CI Half: 0.6029
2026-03-28 22:52:53 | DEBUG | sivi:base_runner.py:507| eval_ksd | Epoch 1570, VI KSD: 0.1641
2026-03-28 22:52:53 | DEBUG | sivi:base_runner.py:337| eval_kl_ite | Epoch 1580, VI KL to baseline: 0.6408
2026-03-28 22:52:53 | DEBUG | sivi:base_reverse_runner.py:261| eval_kl_ite | Epoch 1580, Reverse Model KL ITE: 0.1135
2026-03-28 22:52:53 | DEBUG | sivi:base_runner.py:347| eval_w2 | Epoch 1580, VI W2 to baseline: 0.8789
2026-03-28 22:52:53 | DEBUG | sivi:base_reverse_runner.py:272| eval_w2 | Epoch 1580, Reverse Model W2: 0.0799
2026-03-28 22:52:53 | DEBUG | sivi:base_runner.py:477| eval_elbo | Epoch 1580, ELBO: -0.2350, Std Total: 5.8675, Std Q: nan, CI Half: 0.5143
2026-03-28 22:52:53 | DEBUG | sivi:base_runner.py:507| eval_ksd | Epoch 1580, VI KSD: 0.1763
2026-03-28 22:52:54 | DEBUG | sivi:base_runner.py:337| eval_kl_ite | Epoch 1590, VI KL to baseline: 0.6907
2026-03-28 22:52:54 | DEBUG | sivi:base_reverse_runner.py:261| eval_kl_ite | Epoch 1590, Reverse Model KL ITE: 0.0988
2026-03-28 22:52:54 | DEBUG | sivi:base_runner.py:347| eval_w2 | Epoch 1590, VI W2 to baseline: 0.9100
2026-03-28 22:52:54 | DEBUG | sivi:base_reverse_runner.py:272| eval_w2 | Epoch 1590, Reverse Model W2: 0.0947
2026-03-28 22:52:54 | DEBUG | sivi:base_runner.py:477| eval_elbo | Epoch 1590, ELBO: 0.0017, Std Total: 8.5099, Std Q: nan, CI Half: 0.7459
2026-03-28 22:52:54 | DEBUG | sivi:base_runner.py:507| eval_ksd | Epoch 1590, VI KSD: 0.1711
2026-03-28 22:52:54 | DEBUG | sivi:base_runner.py:874| learn | Epoch 1600: Avg Loss: 0.2155, Avg Epoch Time: 0.0593s
2026-03-28 22:52:55 | DEBUG | sivi:base_runner.py:337| eval_kl_ite | Epoch 1600, VI KL to baseline: 0.7275
2026-03-28 22:52:55 | DEBUG | sivi:base_reverse_runner.py:261| eval_kl_ite | Epoch 1600, Reverse Model KL ITE: 0.0812
2026-03-28 22:52:55 | DEBUG | sivi:base_runner.py:347| eval_w2 | Epoch 1600, VI W2 to baseline: 0.9719
2026-03-28 22:52:55 | DEBUG | sivi:base_reverse_runner.py:272| eval_w2 | Epoch 1600, Reverse Model W2: 0.0893
2026-03-28 22:52:55 | DEBUG | sivi:base_runner.py:477| eval_elbo | Epoch 1600, ELBO: 0.1466, Std Total: 8.3402, Std Q: nan, CI Half: 0.7310
2026-03-28 22:52:55 | DEBUG | sivi:base_runner.py:507| eval_ksd | Epoch 1600, VI KSD: 0.1976
2026-03-28 22:52:55 | DEBUG | sivi:base_runner.py:337| eval_kl_ite | Epoch 1610, VI KL to baseline: 0.7212
2026-03-28 22:52:55 | DEBUG | sivi:base_reverse_runner.py:261| eval_kl_ite | Epoch 1610, Reverse Model KL ITE: 0.0779
2026-03-28 22:52:55 | DEBUG | sivi:base_runner.py:347| eval_w2 | Epoch 1610, VI W2 to baseline: 0.9915
2026-03-28 22:52:55 | DEBUG | sivi:base_reverse_runner.py:272| eval_w2 | Epoch 1610, Reverse Model W2: 0.0972
2026-03-28 22:52:55 | DEBUG | sivi:base_runner.py:477| eval_elbo | Epoch 1610, ELBO: -0.5396, Std Total: 4.6034, Std Q: nan, CI Half: 0.4035
2026-03-28 22:52:55 | DEBUG | sivi:base_runner.py:507| eval_ksd | Epoch 1610, VI KSD: 0.1676
2026-03-28 22:52:56 | DEBUG | sivi:base_runner.py:337| eval_kl_ite | Epoch 1620, VI KL to baseline: 0.7188
2026-03-28 22:52:56 | DEBUG | sivi:base_reverse_runner.py:261| eval_kl_ite | Epoch 1620, Reverse Model KL ITE: 0.0712
2026-03-28 22:52:56 | DEBUG | sivi:base_runner.py:347| eval_w2 | Epoch 1620, VI W2 to baseline: 0.9568
2026-03-28 22:52:56 | DEBUG | sivi:base_reverse_runner.py:272| eval_w2 | Epoch 1620, Reverse Model W2: 0.1107
2026-03-28 22:52:56 | DEBUG | sivi:base_runner.py:477| eval_elbo | Epoch 1620, ELBO: -0.2524, Std Total: 6.9176, Std Q: nan, CI Half: 0.6064
2026-03-28 22:52:56 | DEBUG | sivi:base_runner.py:507| eval_ksd | Epoch 1620, VI KSD: 0.1669
2026-03-28 22:52:56 | DEBUG | sivi:base_runner.py:337| eval_kl_ite | Epoch 1630, VI KL to baseline: 0.6864
2026-03-28 22:52:56 | DEBUG | sivi:base_reverse_runner.py:261| eval_kl_ite | Epoch 1630, Reverse Model KL ITE: 0.1038
2026-03-28 22:52:56 | DEBUG | sivi:base_runner.py:347| eval_w2 | Epoch 1630, VI W2 to baseline: 0.9669
2026-03-28 22:52:56 | DEBUG | sivi:base_reverse_runner.py:272| eval_w2 | Epoch 1630, Reverse Model W2: 0.1009
2026-03-28 22:52:56 | DEBUG | sivi:base_runner.py:477| eval_elbo | Epoch 1630, ELBO: -0.7176, Std Total: 4.7250, Std Q: nan, CI Half: 0.4142
2026-03-28 22:52:56 | DEBUG | sivi:base_runner.py:507| eval_ksd | Epoch 1630, VI KSD: 0.1527
2026-03-28 22:52:57 | DEBUG | sivi:base_runner.py:337| eval_kl_ite | Epoch 1640, VI KL to baseline: 0.7013
2026-03-28 22:52:57 | DEBUG | sivi:base_reverse_runner.py:261| eval_kl_ite | Epoch 1640, Reverse Model KL ITE: 0.0665
2026-03-28 22:52:57 | DEBUG | sivi:base_runner.py:347| eval_w2 | Epoch 1640, VI W2 to baseline: 0.9402
2026-03-28 22:52:57 | DEBUG | sivi:base_reverse_runner.py:272| eval_w2 | Epoch 1640, Reverse Model W2: 0.0882
2026-03-28 22:52:57 | DEBUG | sivi:base_runner.py:477| eval_elbo | Epoch 1640, ELBO: -0.2722, Std Total: 4.9769, Std Q: nan, CI Half: 0.4362
2026-03-28 22:52:57 | DEBUG | sivi:base_runner.py:507| eval_ksd | Epoch 1640, VI KSD: 0.1451
2026-03-28 22:52:58 | DEBUG | sivi:base_runner.py:337| eval_kl_ite | Epoch 1650, VI KL to baseline: 0.6276
2026-03-28 22:52:58 | DEBUG | sivi:base_reverse_runner.py:261| eval_kl_ite | Epoch 1650, Reverse Model KL ITE: 0.0747
2026-03-28 22:52:58 | DEBUG | sivi:base_runner.py:347| eval_w2 | Epoch 1650, VI W2 to baseline: 0.9042
2026-03-28 22:52:58 | DEBUG | sivi:base_reverse_runner.py:272| eval_w2 | Epoch 1650, Reverse Model W2: 0.0840
2026-03-28 22:52:58 | DEBUG | sivi:base_runner.py:477| eval_elbo | Epoch 1650, ELBO: -0.2185, Std Total: 7.0887, Std Q: nan, CI Half: 0.6213
2026-03-28 22:52:58 | DEBUG | sivi:base_runner.py:507| eval_ksd | Epoch 1650, VI KSD: 0.1469
2026-03-28 22:52:58 | DEBUG | sivi:base_runner.py:337| eval_kl_ite | Epoch 1660, VI KL to baseline: 0.6555
2026-03-28 22:52:58 | DEBUG | sivi:base_reverse_runner.py:261| eval_kl_ite | Epoch 1660, Reverse Model KL ITE: 0.0804
2026-03-28 22:52:58 | DEBUG | sivi:base_runner.py:347| eval_w2 | Epoch 1660, VI W2 to baseline: 0.8948
2026-03-28 22:52:58 | DEBUG | sivi:base_reverse_runner.py:272| eval_w2 | Epoch 1660, Reverse Model W2: 0.1057
2026-03-28 22:52:58 | DEBUG | sivi:base_runner.py:477| eval_elbo | Epoch 1660, ELBO: -0.0707, Std Total: 7.1826, Std Q: nan, CI Half: 0.6296
2026-03-28 22:52:58 | DEBUG | sivi:base_runner.py:507| eval_ksd | Epoch 1660, VI KSD: 0.1618
2026-03-28 22:52:59 | DEBUG | sivi:base_runner.py:337| eval_kl_ite | Epoch 1670, VI KL to baseline: 0.6759
2026-03-28 22:52:59 | DEBUG | sivi:base_reverse_runner.py:261| eval_kl_ite | Epoch 1670, Reverse Model KL ITE: 0.0870
2026-03-28 22:52:59 | DEBUG | sivi:base_runner.py:347| eval_w2 | Epoch 1670, VI W2 to baseline: 0.9315
2026-03-28 22:52:59 | DEBUG | sivi:base_reverse_runner.py:272| eval_w2 | Epoch 1670, Reverse Model W2: 0.0963
2026-03-28 22:52:59 | DEBUG | sivi:base_runner.py:477| eval_elbo | Epoch 1670, ELBO: -0.1931, Std Total: 6.1371, Std Q: nan, CI Half: 0.5379
2026-03-28 22:52:59 | DEBUG | sivi:base_runner.py:507| eval_ksd | Epoch 1670, VI KSD: 0.1510
2026-03-28 22:52:59 | DEBUG | sivi:base_runner.py:337| eval_kl_ite | Epoch 1680, VI KL to baseline: 0.6235
2026-03-28 22:53:00 | DEBUG | sivi:base_reverse_runner.py:261| eval_kl_ite | Epoch 1680, Reverse Model KL ITE: 0.1215
2026-03-28 22:53:00 | DEBUG | sivi:base_runner.py:347| eval_w2 | Epoch 1680, VI W2 to baseline: 0.8671
2026-03-28 22:53:00 | DEBUG | sivi:base_reverse_runner.py:272| eval_w2 | Epoch 1680, Reverse Model W2: 0.1162
2026-03-28 22:53:00 | DEBUG | sivi:base_runner.py:477| eval_elbo | Epoch 1680, ELBO: -0.3358, Std Total: 6.7999, Std Q: nan, CI Half: 0.5960
2026-03-28 22:53:00 | DEBUG | sivi:base_runner.py:507| eval_ksd | Epoch 1680, VI KSD: 0.1466
2026-03-28 22:53:00 | DEBUG | sivi:base_runner.py:337| eval_kl_ite | Epoch 1690, VI KL to baseline: 0.5846
2026-03-28 22:53:00 | DEBUG | sivi:base_reverse_runner.py:261| eval_kl_ite | Epoch 1690, Reverse Model KL ITE: 0.1100
2026-03-28 22:53:00 | DEBUG | sivi:base_runner.py:347| eval_w2 | Epoch 1690, VI W2 to baseline: 0.8458
2026-03-28 22:53:00 | DEBUG | sivi:base_reverse_runner.py:272| eval_w2 | Epoch 1690, Reverse Model W2: 0.0942
2026-03-28 22:53:00 | DEBUG | sivi:base_runner.py:477| eval_elbo | Epoch 1690, ELBO: -0.6737, Std Total: 4.7947, Std Q: nan, CI Half: 0.4203
2026-03-28 22:53:00 | DEBUG | sivi:base_runner.py:507| eval_ksd | Epoch 1690, VI KSD: 0.1424
2026-03-28 22:53:00 | DEBUG | sivi:base_runner.py:874| learn | Epoch 1700: Avg Loss: 0.1457, Avg Epoch Time: 0.0608s
2026-03-28 22:53:01 | DEBUG | sivi:base_runner.py:337| eval_kl_ite | Epoch 1700, VI KL to baseline: 0.5730
2026-03-28 22:53:01 | DEBUG | sivi:base_reverse_runner.py:261| eval_kl_ite | Epoch 1700, Reverse Model KL ITE: 0.1231
2026-03-28 22:53:01 | DEBUG | sivi:base_runner.py:347| eval_w2 | Epoch 1700, VI W2 to baseline: 0.7943
2026-03-28 22:53:01 | DEBUG | sivi:base_reverse_runner.py:272| eval_w2 | Epoch 1700, Reverse Model W2: 0.0906
2026-03-28 22:53:01 | DEBUG | sivi:base_runner.py:477| eval_elbo | Epoch 1700, ELBO: -0.3665, Std Total: 4.6218, Std Q: nan, CI Half: 0.4051
2026-03-28 22:53:01 | DEBUG | sivi:base_runner.py:507| eval_ksd | Epoch 1700, VI KSD: 0.1378
2026-03-28 22:53:01 | DEBUG | sivi:base_runner.py:337| eval_kl_ite | Epoch 1710, VI KL to baseline: 0.5557
2026-03-28 22:53:01 | DEBUG | sivi:base_reverse_runner.py:261| eval_kl_ite | Epoch 1710, Reverse Model KL ITE: 0.1046
2026-03-28 22:53:01 | DEBUG | sivi:base_runner.py:347| eval_w2 | Epoch 1710, VI W2 to baseline: 0.7820
2026-03-28 22:53:01 | DEBUG | sivi:base_reverse_runner.py:272| eval_w2 | Epoch 1710, Reverse Model W2: 0.0938
2026-03-28 22:53:01 | DEBUG | sivi:base_runner.py:477| eval_elbo | Epoch 1710, ELBO: -0.5053, Std Total: 3.5960, Std Q: nan, CI Half: 0.3152
2026-03-28 22:53:01 | DEBUG | sivi:base_runner.py:507| eval_ksd | Epoch 1710, VI KSD: 0.1278
2026-03-28 22:53:02 | DEBUG | sivi:base_runner.py:337| eval_kl_ite | Epoch 1720, VI KL to baseline: 0.5475
2026-03-28 22:53:02 | DEBUG | sivi:base_reverse_runner.py:261| eval_kl_ite | Epoch 1720, Reverse Model KL ITE: 0.1033
2026-03-28 22:53:02 | DEBUG | sivi:base_runner.py:347| eval_w2 | Epoch 1720, VI W2 to baseline: 0.7810
2026-03-28 22:53:02 | DEBUG | sivi:base_reverse_runner.py:272| eval_w2 | Epoch 1720, Reverse Model W2: 0.0977
2026-03-28 22:53:02 | DEBUG | sivi:base_runner.py:477| eval_elbo | Epoch 1720, ELBO: -0.2581, Std Total: 4.8119, Std Q: nan, CI Half: 0.4218
2026-03-28 22:53:02 | DEBUG | sivi:base_runner.py:507| eval_ksd | Epoch 1720, VI KSD: 0.1444
2026-03-28 22:53:02 | DEBUG | sivi:base_runner.py:337| eval_kl_ite | Epoch 1730, VI KL to baseline: 0.5187
2026-03-28 22:53:02 | DEBUG | sivi:base_reverse_runner.py:261| eval_kl_ite | Epoch 1730, Reverse Model KL ITE: 0.1307
2026-03-28 22:53:02 | DEBUG | sivi:base_runner.py:347| eval_w2 | Epoch 1730, VI W2 to baseline: 0.7612
2026-03-28 22:53:02 | DEBUG | sivi:base_reverse_runner.py:272| eval_w2 | Epoch 1730, Reverse Model W2: 0.1044
2026-03-28 22:53:02 | DEBUG | sivi:base_runner.py:477| eval_elbo | Epoch 1730, ELBO: 0.0556, Std Total: 9.5902, Std Q: nan, CI Half: 0.8406
2026-03-28 22:53:02 | DEBUG | sivi:base_runner.py:507| eval_ksd | Epoch 1730, VI KSD: 0.1107
2026-03-28 22:53:03 | DEBUG | sivi:base_runner.py:337| eval_kl_ite | Epoch 1740, VI KL to baseline: 0.5109
2026-03-28 22:53:03 | DEBUG | sivi:base_reverse_runner.py:261| eval_kl_ite | Epoch 1740, Reverse Model KL ITE: 0.0807
2026-03-28 22:53:03 | DEBUG | sivi:base_runner.py:347| eval_w2 | Epoch 1740, VI W2 to baseline: 0.7915
2026-03-28 22:53:03 | DEBUG | sivi:base_reverse_runner.py:272| eval_w2 | Epoch 1740, Reverse Model W2: 0.0898
2026-03-28 22:53:03 | DEBUG | sivi:base_runner.py:477| eval_elbo | Epoch 1740, ELBO: -0.3860, Std Total: 3.1423, Std Q: nan, CI Half: 0.2754
2026-03-28 22:53:03 | DEBUG | sivi:base_runner.py:507| eval_ksd | Epoch 1740, VI KSD: 0.1224
2026-03-28 22:53:03 | DEBUG | sivi:base_runner.py:337| eval_kl_ite | Epoch 1750, VI KL to baseline: 0.5354
2026-03-28 22:53:03 | DEBUG | sivi:base_reverse_runner.py:261| eval_kl_ite | Epoch 1750, Reverse Model KL ITE: 0.1020
2026-03-28 22:53:03 | DEBUG | sivi:base_runner.py:347| eval_w2 | Epoch 1750, VI W2 to baseline: 0.7692
2026-03-28 22:53:03 | DEBUG | sivi:base_reverse_runner.py:272| eval_w2 | Epoch 1750, Reverse Model W2: 0.0972
2026-03-28 22:53:03 | DEBUG | sivi:base_runner.py:477| eval_elbo | Epoch 1750, ELBO: -0.0602, Std Total: 5.2023, Std Q: nan, CI Half: 0.4560
2026-03-28 22:53:03 | DEBUG | sivi:base_runner.py:507| eval_ksd | Epoch 1750, VI KSD: 0.1146
2026-03-28 22:53:04 | DEBUG | sivi:base_runner.py:337| eval_kl_ite | Epoch 1760, VI KL to baseline: 0.5038
2026-03-28 22:53:04 | DEBUG | sivi:base_reverse_runner.py:261| eval_kl_ite | Epoch 1760, Reverse Model KL ITE: 0.1246
2026-03-28 22:53:04 | DEBUG | sivi:base_runner.py:347| eval_w2 | Epoch 1760, VI W2 to baseline: 0.7637
2026-03-28 22:53:04 | DEBUG | sivi:base_reverse_runner.py:272| eval_w2 | Epoch 1760, Reverse Model W2: 0.1104
2026-03-28 22:53:04 | DEBUG | sivi:base_runner.py:477| eval_elbo | Epoch 1760, ELBO: -0.3391, Std Total: 4.3652, Std Q: nan, CI Half: 0.3826
2026-03-28 22:53:04 | DEBUG | sivi:base_runner.py:507| eval_ksd | Epoch 1760, VI KSD: 0.1254
2026-03-28 22:53:04 | DEBUG | sivi:base_runner.py:337| eval_kl_ite | Epoch 1770, VI KL to baseline: 0.4991
2026-03-28 22:53:05 | DEBUG | sivi:base_reverse_runner.py:261| eval_kl_ite | Epoch 1770, Reverse Model KL ITE: 0.1219
2026-03-28 22:53:05 | DEBUG | sivi:base_runner.py:347| eval_w2 | Epoch 1770, VI W2 to baseline: 0.7402
2026-03-28 22:53:05 | DEBUG | sivi:base_reverse_runner.py:272| eval_w2 | Epoch 1770, Reverse Model W2: 0.0854
2026-03-28 22:53:05 | DEBUG | sivi:base_runner.py:477| eval_elbo | Epoch 1770, ELBO: 0.2130, Std Total: 6.3173, Std Q: nan, CI Half: 0.5537
2026-03-28 22:53:05 | DEBUG | sivi:base_runner.py:507| eval_ksd | Epoch 1770, VI KSD: 0.1123
2026-03-28 22:53:05 | DEBUG | sivi:base_runner.py:337| eval_kl_ite | Epoch 1780, VI KL to baseline: 0.4824
2026-03-28 22:53:05 | DEBUG | sivi:base_reverse_runner.py:261| eval_kl_ite | Epoch 1780, Reverse Model KL ITE: 0.1189
2026-03-28 22:53:05 | DEBUG | sivi:base_runner.py:347| eval_w2 | Epoch 1780, VI W2 to baseline: 0.7743
2026-03-28 22:53:05 | DEBUG | sivi:base_reverse_runner.py:272| eval_w2 | Epoch 1780, Reverse Model W2: 0.1266
2026-03-28 22:53:05 | DEBUG | sivi:base_runner.py:477| eval_elbo | Epoch 1780, ELBO: 0.0433, Std Total: 4.8831, Std Q: nan, CI Half: 0.4280
2026-03-28 22:53:05 | DEBUG | sivi:base_runner.py:507| eval_ksd | Epoch 1780, VI KSD: 0.1207
2026-03-28 22:53:06 | DEBUG | sivi:base_runner.py:337| eval_kl_ite | Epoch 1790, VI KL to baseline: 0.5238
2026-03-28 22:53:06 | DEBUG | sivi:base_reverse_runner.py:261| eval_kl_ite | Epoch 1790, Reverse Model KL ITE: 0.1344
2026-03-28 22:53:06 | DEBUG | sivi:base_runner.py:347| eval_w2 | Epoch 1790, VI W2 to baseline: 0.8000
2026-03-28 22:53:06 | DEBUG | sivi:base_reverse_runner.py:272| eval_w2 | Epoch 1790, Reverse Model W2: 0.0946
2026-03-28 22:53:06 | DEBUG | sivi:base_runner.py:477| eval_elbo | Epoch 1790, ELBO: -0.1379, Std Total: 5.2233, Std Q: nan, CI Half: 0.4578
2026-03-28 22:53:06 | DEBUG | sivi:base_runner.py:507| eval_ksd | Epoch 1790, VI KSD: 0.0967
2026-03-28 22:53:06 | DEBUG | sivi:base_runner.py:874| learn | Epoch 1800: Avg Loss: -0.0984, Avg Epoch Time: 0.0576s
2026-03-28 22:53:06 | DEBUG | sivi:base_runner.py:337| eval_kl_ite | Epoch 1800, VI KL to baseline: 0.5240
2026-03-28 22:53:06 | DEBUG | sivi:base_reverse_runner.py:261| eval_kl_ite | Epoch 1800, Reverse Model KL ITE: 0.1272
2026-03-28 22:53:06 | DEBUG | sivi:base_runner.py:347| eval_w2 | Epoch 1800, VI W2 to baseline: 0.7824
2026-03-28 22:53:06 | DEBUG | sivi:base_reverse_runner.py:272| eval_w2 | Epoch 1800, Reverse Model W2: 0.0951
2026-03-28 22:53:06 | DEBUG | sivi:base_runner.py:477| eval_elbo | Epoch 1800, ELBO: 0.0605, Std Total: 6.4215, Std Q: nan, CI Half: 0.5629
2026-03-28 22:53:06 | DEBUG | sivi:base_runner.py:507| eval_ksd | Epoch 1800, VI KSD: 0.1009
2026-03-28 22:53:07 | DEBUG | sivi:base_runner.py:337| eval_kl_ite | Epoch 1810, VI KL to baseline: 0.5258
2026-03-28 22:53:07 | DEBUG | sivi:base_reverse_runner.py:261| eval_kl_ite | Epoch 1810, Reverse Model KL ITE: 0.1233
2026-03-28 22:53:07 | DEBUG | sivi:base_runner.py:347| eval_w2 | Epoch 1810, VI W2 to baseline: 0.7592
2026-03-28 22:53:07 | DEBUG | sivi:base_reverse_runner.py:272| eval_w2 | Epoch 1810, Reverse Model W2: 0.0920
2026-03-28 22:53:07 | DEBUG | sivi:base_runner.py:477| eval_elbo | Epoch 1810, ELBO: 0.0608, Std Total: 6.1896, Std Q: nan, CI Half: 0.5425
2026-03-28 22:53:07 | DEBUG | sivi:base_runner.py:507| eval_ksd | Epoch 1810, VI KSD: 0.1129
2026-03-28 22:53:07 | DEBUG | sivi:base_runner.py:337| eval_kl_ite | Epoch 1820, VI KL to baseline: 0.5071
2026-03-28 22:53:08 | DEBUG | sivi:base_reverse_runner.py:261| eval_kl_ite | Epoch 1820, Reverse Model KL ITE: 0.1164
2026-03-28 22:53:08 | DEBUG | sivi:base_runner.py:347| eval_w2 | Epoch 1820, VI W2 to baseline: 0.8434
2026-03-28 22:53:08 | DEBUG | sivi:base_reverse_runner.py:272| eval_w2 | Epoch 1820, Reverse Model W2: 0.0775
2026-03-28 22:53:08 | DEBUG | sivi:base_runner.py:477| eval_elbo | Epoch 1820, ELBO: -0.1317, Std Total: 5.0630, Std Q: nan, CI Half: 0.4438
2026-03-28 22:53:08 | DEBUG | sivi:base_runner.py:507| eval_ksd | Epoch 1820, VI KSD: 0.1340
2026-03-28 22:53:08 | DEBUG | sivi:base_runner.py:337| eval_kl_ite | Epoch 1830, VI KL to baseline: 0.5150
2026-03-28 22:53:08 | DEBUG | sivi:base_reverse_runner.py:261| eval_kl_ite | Epoch 1830, Reverse Model KL ITE: 0.1272
2026-03-28 22:53:08 | DEBUG | sivi:base_runner.py:347| eval_w2 | Epoch 1830, VI W2 to baseline: 0.7963
2026-03-28 22:53:08 | DEBUG | sivi:base_reverse_runner.py:272| eval_w2 | Epoch 1830, Reverse Model W2: 0.1206
2026-03-28 22:53:08 | DEBUG | sivi:base_runner.py:477| eval_elbo | Epoch 1830, ELBO: 0.0588, Std Total: 5.3345, Std Q: nan, CI Half: 0.4676
2026-03-28 22:53:08 | DEBUG | sivi:base_runner.py:507| eval_ksd | Epoch 1830, VI KSD: 0.1170
2026-03-28 22:53:09 | DEBUG | sivi:base_runner.py:337| eval_kl_ite | Epoch 1840, VI KL to baseline: 0.5239
2026-03-28 22:53:09 | DEBUG | sivi:base_reverse_runner.py:261| eval_kl_ite | Epoch 1840, Reverse Model KL ITE: 0.0826
2026-03-28 22:53:09 | DEBUG | sivi:base_runner.py:347| eval_w2 | Epoch 1840, VI W2 to baseline: 0.7867
2026-03-28 22:53:09 | DEBUG | sivi:base_reverse_runner.py:272| eval_w2 | Epoch 1840, Reverse Model W2: 0.1927
2026-03-28 22:53:09 | DEBUG | sivi:base_runner.py:477| eval_elbo | Epoch 1840, ELBO: -0.1054, Std Total: 4.3468, Std Q: nan, CI Half: 0.3810
2026-03-28 22:53:09 | DEBUG | sivi:base_runner.py:507| eval_ksd | Epoch 1840, VI KSD: 0.1095
2026-03-28 22:53:09 | DEBUG | sivi:base_runner.py:337| eval_kl_ite | Epoch 1850, VI KL to baseline: 0.5345
2026-03-28 22:53:09 | DEBUG | sivi:base_reverse_runner.py:261| eval_kl_ite | Epoch 1850, Reverse Model KL ITE: 0.1189
2026-03-28 22:53:09 | DEBUG | sivi:base_runner.py:347| eval_w2 | Epoch 1850, VI W2 to baseline: 0.8454
2026-03-28 22:53:09 | DEBUG | sivi:base_reverse_runner.py:272| eval_w2 | Epoch 1850, Reverse Model W2: 0.0985
2026-03-28 22:53:09 | DEBUG | sivi:base_runner.py:477| eval_elbo | Epoch 1850, ELBO: 0.0286, Std Total: 7.6687, Std Q: nan, CI Half: 0.6722
2026-03-28 22:53:09 | DEBUG | sivi:base_runner.py:507| eval_ksd | Epoch 1850, VI KSD: 0.1306
2026-03-28 22:53:10 | DEBUG | sivi:base_runner.py:337| eval_kl_ite | Epoch 1860, VI KL to baseline: 0.5318
2026-03-28 22:53:10 | DEBUG | sivi:base_reverse_runner.py:261| eval_kl_ite | Epoch 1860, Reverse Model KL ITE: 0.1270
2026-03-28 22:53:10 | DEBUG | sivi:base_runner.py:347| eval_w2 | Epoch 1860, VI W2 to baseline: 0.8188
2026-03-28 22:53:10 | DEBUG | sivi:base_reverse_runner.py:272| eval_w2 | Epoch 1860, Reverse Model W2: 0.1282
2026-03-28 22:53:10 | DEBUG | sivi:base_runner.py:477| eval_elbo | Epoch 1860, ELBO: 0.1607, Std Total: 6.1347, Std Q: nan, CI Half: 0.5377
2026-03-28 22:53:10 | DEBUG | sivi:base_runner.py:507| eval_ksd | Epoch 1860, VI KSD: 0.1102
2026-03-28 22:53:10 | DEBUG | sivi:base_runner.py:337| eval_kl_ite | Epoch 1870, VI KL to baseline: 0.5374
2026-03-28 22:53:11 | DEBUG | sivi:base_reverse_runner.py:261| eval_kl_ite | Epoch 1870, Reverse Model KL ITE: 0.1127
2026-03-28 22:53:11 | DEBUG | sivi:base_runner.py:347| eval_w2 | Epoch 1870, VI W2 to baseline: 0.9179
2026-03-28 22:53:11 | DEBUG | sivi:base_reverse_runner.py:272| eval_w2 | Epoch 1870, Reverse Model W2: 0.1018
2026-03-28 22:53:11 | DEBUG | sivi:base_runner.py:477| eval_elbo | Epoch 1870, ELBO: 0.2484, Std Total: 7.5459, Std Q: nan, CI Half: 0.6614
2026-03-28 22:53:11 | DEBUG | sivi:base_runner.py:507| eval_ksd | Epoch 1870, VI KSD: 0.1074
2026-03-28 22:53:11 | DEBUG | sivi:base_runner.py:337| eval_kl_ite | Epoch 1880, VI KL to baseline: 0.5760
2026-03-28 22:53:11 | DEBUG | sivi:base_reverse_runner.py:261| eval_kl_ite | Epoch 1880, Reverse Model KL ITE: 0.1176
2026-03-28 22:53:11 | DEBUG | sivi:base_runner.py:347| eval_w2 | Epoch 1880, VI W2 to baseline: 0.8627
2026-03-28 22:53:11 | DEBUG | sivi:base_reverse_runner.py:272| eval_w2 | Epoch 1880, Reverse Model W2: 0.0932
2026-03-28 22:53:11 | DEBUG | sivi:base_runner.py:477| eval_elbo | Epoch 1880, ELBO: 0.3583, Std Total: 10.0604, Std Q: nan, CI Half: 0.8818
2026-03-28 22:53:11 | DEBUG | sivi:base_runner.py:507| eval_ksd | Epoch 1880, VI KSD: 0.1196
2026-03-28 22:53:12 | DEBUG | sivi:base_runner.py:337| eval_kl_ite | Epoch 1890, VI KL to baseline: 0.5659
2026-03-28 22:53:12 | DEBUG | sivi:base_reverse_runner.py:261| eval_kl_ite | Epoch 1890, Reverse Model KL ITE: 0.1316
2026-03-28 22:53:12 | DEBUG | sivi:base_runner.py:347| eval_w2 | Epoch 1890, VI W2 to baseline: 0.8411
2026-03-28 22:53:12 | DEBUG | sivi:base_reverse_runner.py:272| eval_w2 | Epoch 1890, Reverse Model W2: 0.0801
2026-03-28 22:53:12 | DEBUG | sivi:base_runner.py:477| eval_elbo | Epoch 1890, ELBO: 0.1495, Std Total: 7.1885, Std Q: nan, CI Half: 0.6301
2026-03-28 22:53:12 | DEBUG | sivi:base_runner.py:507| eval_ksd | Epoch 1890, VI KSD: 0.1135
2026-03-28 22:53:12 | DEBUG | sivi:base_runner.py:874| learn | Epoch 1900: Avg Loss: 0.0278, Avg Epoch Time: 0.0600s
2026-03-28 22:53:12 | DEBUG | sivi:base_runner.py:337| eval_kl_ite | Epoch 1900, VI KL to baseline: 0.5320
2026-03-28 22:53:12 | DEBUG | sivi:base_reverse_runner.py:261| eval_kl_ite | Epoch 1900, Reverse Model KL ITE: 0.1335
2026-03-28 22:53:12 | DEBUG | sivi:base_runner.py:347| eval_w2 | Epoch 1900, VI W2 to baseline: 0.8525
2026-03-28 22:53:12 | DEBUG | sivi:base_reverse_runner.py:272| eval_w2 | Epoch 1900, Reverse Model W2: 0.1229
2026-03-28 22:53:12 | DEBUG | sivi:base_runner.py:477| eval_elbo | Epoch 1900, ELBO: 0.3736, Std Total: 6.8629, Std Q: nan, CI Half: 0.6016
2026-03-28 22:53:12 | DEBUG | sivi:base_runner.py:507| eval_ksd | Epoch 1900, VI KSD: 0.1091
2026-03-28 22:53:13 | DEBUG | sivi:base_runner.py:337| eval_kl_ite | Epoch 1910, VI KL to baseline: 0.5249
2026-03-28 22:53:13 | DEBUG | sivi:base_reverse_runner.py:261| eval_kl_ite | Epoch 1910, Reverse Model KL ITE: 0.1258
2026-03-28 22:53:13 | DEBUG | sivi:base_runner.py:347| eval_w2 | Epoch 1910, VI W2 to baseline: 0.8333
2026-03-28 22:53:13 | DEBUG | sivi:base_reverse_runner.py:272| eval_w2 | Epoch 1910, Reverse Model W2: 0.1028
2026-03-28 22:53:13 | DEBUG | sivi:base_runner.py:477| eval_elbo | Epoch 1910, ELBO: 0.0803, Std Total: 6.1722, Std Q: nan, CI Half: 0.5410
2026-03-28 22:53:13 | DEBUG | sivi:base_runner.py:507| eval_ksd | Epoch 1910, VI KSD: 0.1061
2026-03-28 22:53:14 | DEBUG | sivi:base_runner.py:337| eval_kl_ite | Epoch 1920, VI KL to baseline: 0.4808
2026-03-28 22:53:14 | DEBUG | sivi:base_reverse_runner.py:261| eval_kl_ite | Epoch 1920, Reverse Model KL ITE: 0.1361
2026-03-28 22:53:14 | DEBUG | sivi:base_runner.py:347| eval_w2 | Epoch 1920, VI W2 to baseline: 0.7805
2026-03-28 22:53:14 | DEBUG | sivi:base_reverse_runner.py:272| eval_w2 | Epoch 1920, Reverse Model W2: 0.0995
2026-03-28 22:53:14 | DEBUG | sivi:base_runner.py:477| eval_elbo | Epoch 1920, ELBO: 0.2666, Std Total: 7.5650, Std Q: nan, CI Half: 0.6631
2026-03-28 22:53:14 | DEBUG | sivi:base_runner.py:507| eval_ksd | Epoch 1920, VI KSD: 0.0998
2026-03-28 22:53:14 | DEBUG | sivi:base_runner.py:337| eval_kl_ite | Epoch 1930, VI KL to baseline: 0.4372
2026-03-28 22:53:14 | DEBUG | sivi:base_reverse_runner.py:261| eval_kl_ite | Epoch 1930, Reverse Model KL ITE: 0.1541
2026-03-28 22:53:14 | DEBUG | sivi:base_runner.py:347| eval_w2 | Epoch 1930, VI W2 to baseline: 0.7698
2026-03-28 22:53:14 | DEBUG | sivi:base_reverse_runner.py:272| eval_w2 | Epoch 1930, Reverse Model W2: 0.0891
2026-03-28 22:53:14 | DEBUG | sivi:base_runner.py:477| eval_elbo | Epoch 1930, ELBO: 0.2547, Std Total: 6.2625, Std Q: nan, CI Half: 0.5489
2026-03-28 22:53:14 | DEBUG | sivi:base_runner.py:507| eval_ksd | Epoch 1930, VI KSD: 0.0950
2026-03-28 22:53:15 | DEBUG | sivi:base_runner.py:337| eval_kl_ite | Epoch 1940, VI KL to baseline: 0.4095
2026-03-28 22:53:15 | DEBUG | sivi:base_reverse_runner.py:261| eval_kl_ite | Epoch 1940, Reverse Model KL ITE: 0.1411
2026-03-28 22:53:15 | DEBUG | sivi:base_runner.py:347| eval_w2 | Epoch 1940, VI W2 to baseline: 0.7163
2026-03-28 22:53:15 | DEBUG | sivi:base_reverse_runner.py:272| eval_w2 | Epoch 1940, Reverse Model W2: 0.0994
2026-03-28 22:53:15 | DEBUG | sivi:base_runner.py:477| eval_elbo | Epoch 1940, ELBO: 0.0278, Std Total: 4.9979, Std Q: nan, CI Half: 0.4381
2026-03-28 22:53:15 | DEBUG | sivi:base_runner.py:507| eval_ksd | Epoch 1940, VI KSD: 0.0760
2026-03-28 22:53:15 | DEBUG | sivi:base_runner.py:337| eval_kl_ite | Epoch 1950, VI KL to baseline: 0.3722
2026-03-28 22:53:15 | DEBUG | sivi:base_reverse_runner.py:261| eval_kl_ite | Epoch 1950, Reverse Model KL ITE: 0.1318
2026-03-28 22:53:15 | DEBUG | sivi:base_runner.py:347| eval_w2 | Epoch 1950, VI W2 to baseline: 0.6948
2026-03-28 22:53:15 | DEBUG | sivi:base_reverse_runner.py:272| eval_w2 | Epoch 1950, Reverse Model W2: 0.1510
2026-03-28 22:53:15 | DEBUG | sivi:base_runner.py:477| eval_elbo | Epoch 1950, ELBO: 0.3286, Std Total: 6.9742, Std Q: nan, CI Half: 0.6113
2026-03-28 22:53:15 | DEBUG | sivi:base_runner.py:507| eval_ksd | Epoch 1950, VI KSD: 0.0949
2026-03-28 22:53:16 | DEBUG | sivi:base_runner.py:337| eval_kl_ite | Epoch 1960, VI KL to baseline: 0.3622
2026-03-28 22:53:16 | DEBUG | sivi:base_reverse_runner.py:261| eval_kl_ite | Epoch 1960, Reverse Model KL ITE: 0.1529
2026-03-28 22:53:16 | DEBUG | sivi:base_runner.py:347| eval_w2 | Epoch 1960, VI W2 to baseline: 0.6719
2026-03-28 22:53:16 | DEBUG | sivi:base_reverse_runner.py:272| eval_w2 | Epoch 1960, Reverse Model W2: 0.1026
2026-03-28 22:53:16 | DEBUG | sivi:base_runner.py:477| eval_elbo | Epoch 1960, ELBO: 0.3680, Std Total: 7.3313, Std Q: nan, CI Half: 0.6426
2026-03-28 22:53:16 | DEBUG | sivi:base_runner.py:507| eval_ksd | Epoch 1960, VI KSD: 0.0989
2026-03-28 22:53:17 | DEBUG | sivi:base_runner.py:337| eval_kl_ite | Epoch 1970, VI KL to baseline: 0.4051
2026-03-28 22:53:17 | DEBUG | sivi:base_reverse_runner.py:261| eval_kl_ite | Epoch 1970, Reverse Model KL ITE: 0.1442
2026-03-28 22:53:17 | DEBUG | sivi:base_runner.py:347| eval_w2 | Epoch 1970, VI W2 to baseline: 0.7004
2026-03-28 22:53:17 | DEBUG | sivi:base_reverse_runner.py:272| eval_w2 | Epoch 1970, Reverse Model W2: 0.1035
2026-03-28 22:53:17 | DEBUG | sivi:base_runner.py:477| eval_elbo | Epoch 1970, ELBO: -0.0589, Std Total: 4.5620, Std Q: nan, CI Half: 0.3999
2026-03-28 22:53:17 | DEBUG | sivi:base_runner.py:507| eval_ksd | Epoch 1970, VI KSD: 0.0645
2026-03-28 22:53:17 | DEBUG | sivi:base_runner.py:337| eval_kl_ite | Epoch 1980, VI KL to baseline: 0.4249
2026-03-28 22:53:17 | DEBUG | sivi:base_reverse_runner.py:261| eval_kl_ite | Epoch 1980, Reverse Model KL ITE: 0.1264
2026-03-28 22:53:17 | DEBUG | sivi:base_runner.py:347| eval_w2 | Epoch 1980, VI W2 to baseline: 0.7028
2026-03-28 22:53:17 | DEBUG | sivi:base_reverse_runner.py:272| eval_w2 | Epoch 1980, Reverse Model W2: 0.1309
2026-03-28 22:53:17 | DEBUG | sivi:base_runner.py:477| eval_elbo | Epoch 1980, ELBO: 0.1133, Std Total: 5.3494, Std Q: nan, CI Half: 0.4689
2026-03-28 22:53:17 | DEBUG | sivi:base_runner.py:507| eval_ksd | Epoch 1980, VI KSD: 0.0940
2026-03-28 22:53:18 | DEBUG | sivi:base_runner.py:337| eval_kl_ite | Epoch 1990, VI KL to baseline: 0.3956
2026-03-28 22:53:18 | DEBUG | sivi:base_reverse_runner.py:261| eval_kl_ite | Epoch 1990, Reverse Model KL ITE: 0.1201
2026-03-28 22:53:18 | DEBUG | sivi:base_runner.py:347| eval_w2 | Epoch 1990, VI W2 to baseline: 0.7624
2026-03-28 22:53:18 | DEBUG | sivi:base_reverse_runner.py:272| eval_w2 | Epoch 1990, Reverse Model W2: 0.1095
2026-03-28 22:53:18 | DEBUG | sivi:base_runner.py:477| eval_elbo | Epoch 1990, ELBO: 0.5295, Std Total: 7.1863, Std Q: nan, CI Half: 0.6299
2026-03-28 22:53:18 | DEBUG | sivi:base_runner.py:507| eval_ksd | Epoch 1990, VI KSD: 0.0922
2026-03-28 22:53:18 | DEBUG | sivi:base_runner.py:874| learn | Epoch 2000: Avg Loss: 0.0968, Avg Epoch Time: 0.0625s
2026-03-28 22:53:19 | DEBUG | sivi:base_reverse_runner.py:183| _training_rev_log_func | Epoch 2000, Inner epoch 1, Reverse Model Loss: 3.5238, Avg Steps: 1.0000
2026-03-28 22:53:19 | DEBUG | sivi:base_runner.py:588| save_samples | Saved 100000 samples at epoch 2000.
2026-03-28 22:53:19 | DEBUG | sivi:base_runner.py:607| save_checkpoint | Saved VIModel checkpoints at epoch 2000 to results/AISIVI/x_shaped/20260328_225057/checkpoints/epoch_2000.
2026-03-28 22:53:19 | DEBUG | sivi:base_reverse_runner.py:476| save_checkpoint | Saved reverse checkpoints at epoch 2000 to results/AISIVI/x_shaped/20260328_225057/checkpoints/epoch_2000.
2026-03-28 22:53:19 | DEBUG | sivi:base_runner.py:337| eval_kl_ite | Epoch 2000, VI KL to baseline: 0.4367
2026-03-28 22:53:19 | DEBUG | sivi:base_reverse_runner.py:261| eval_kl_ite | Epoch 2000, Reverse Model KL ITE: 0.1313
2026-03-28 22:53:19 | DEBUG | sivi:base_runner.py:347| eval_w2 | Epoch 2000, VI W2 to baseline: 0.7240
2026-03-28 22:53:19 | DEBUG | sivi:base_reverse_runner.py:272| eval_w2 | Epoch 2000, Reverse Model W2: 0.1025
2026-03-28 22:53:19 | DEBUG | sivi:base_runner.py:477| eval_elbo | Epoch 2000, ELBO: -0.0337, Std Total: 5.1212, Std Q: nan, CI Half: 0.4489
2026-03-28 22:53:19 | DEBUG | sivi:base_runner.py:507| eval_ksd | Epoch 2000, VI KSD: 0.0934
2026-03-28 22:53:19 | DEBUG | sivi:base_runner.py:970| learn | Saved contour plot at epoch 2000.
2026-03-28 22:53:19 | DEBUG | sivi:base_runner.py:337| eval_kl_ite | Epoch 2010, VI KL to baseline: 0.4280
2026-03-28 22:53:19 | DEBUG | sivi:base_reverse_runner.py:261| eval_kl_ite | Epoch 2010, Reverse Model KL ITE: 0.1239
2026-03-28 22:53:19 | DEBUG | sivi:base_runner.py:347| eval_w2 | Epoch 2010, VI W2 to baseline: 0.7570
2026-03-28 22:53:19 | DEBUG | sivi:base_reverse_runner.py:272| eval_w2 | Epoch 2010, Reverse Model W2: 0.1984
2026-03-28 22:53:19 | DEBUG | sivi:base_runner.py:477| eval_elbo | Epoch 2010, ELBO: 0.1973, Std Total: 7.1490, Std Q: nan, CI Half: 0.6266
2026-03-28 22:53:20 | DEBUG | sivi:base_runner.py:507| eval_ksd | Epoch 2010, VI KSD: 0.0692
2026-03-28 22:53:20 | DEBUG | sivi:base_runner.py:337| eval_kl_ite | Epoch 2020, VI KL to baseline: 0.4242
2026-03-28 22:53:20 | DEBUG | sivi:base_reverse_runner.py:261| eval_kl_ite | Epoch 2020, Reverse Model KL ITE: 0.1246
2026-03-28 22:53:20 | DEBUG | sivi:base_runner.py:347| eval_w2 | Epoch 2020, VI W2 to baseline: 0.7218
2026-03-28 22:53:20 | DEBUG | sivi:base_reverse_runner.py:272| eval_w2 | Epoch 2020, Reverse Model W2: 0.0827
2026-03-28 22:53:20 | DEBUG | sivi:base_runner.py:477| eval_elbo | Epoch 2020, ELBO: 0.2191, Std Total: 5.8215, Std Q: nan, CI Half: 0.5103
2026-03-28 22:53:20 | DEBUG | sivi:base_runner.py:507| eval_ksd | Epoch 2020, VI KSD: 0.0816
2026-03-28 22:53:21 | DEBUG | sivi:base_runner.py:337| eval_kl_ite | Epoch 2030, VI KL to baseline: 0.4291
2026-03-28 22:53:21 | DEBUG | sivi:base_reverse_runner.py:261| eval_kl_ite | Epoch 2030, Reverse Model KL ITE: 0.1277
2026-03-28 22:53:21 | DEBUG | sivi:base_runner.py:347| eval_w2 | Epoch 2030, VI W2 to baseline: 0.7036
2026-03-28 22:53:21 | DEBUG | sivi:base_reverse_runner.py:272| eval_w2 | Epoch 2030, Reverse Model W2: 0.0946
2026-03-28 22:53:21 | DEBUG | sivi:base_runner.py:477| eval_elbo | Epoch 2030, ELBO: 0.0127, Std Total: 6.1786, Std Q: nan, CI Half: 0.5416
2026-03-28 22:53:21 | DEBUG | sivi:base_runner.py:507| eval_ksd | Epoch 2030, VI KSD: 0.1129
2026-03-28 22:53:21 | DEBUG | sivi:base_runner.py:337| eval_kl_ite | Epoch 2040, VI KL to baseline: 0.4333
2026-03-28 22:53:21 | DEBUG | sivi:base_reverse_runner.py:261| eval_kl_ite | Epoch 2040, Reverse Model KL ITE: 0.1089
2026-03-28 22:53:21 | DEBUG | sivi:base_runner.py:347| eval_w2 | Epoch 2040, VI W2 to baseline: 0.7166
2026-03-28 22:53:21 | DEBUG | sivi:base_reverse_runner.py:272| eval_w2 | Epoch 2040, Reverse Model W2: 0.1330
2026-03-28 22:53:21 | DEBUG | sivi:base_runner.py:477| eval_elbo | Epoch 2040, ELBO: 0.1062, Std Total: 5.5757, Std Q: nan, CI Half: 0.4887
2026-03-28 22:53:21 | DEBUG | sivi:base_runner.py:507| eval_ksd | Epoch 2040, VI KSD: 0.1001
2026-03-28 22:53:22 | DEBUG | sivi:base_runner.py:337| eval_kl_ite | Epoch 2050, VI KL to baseline: 0.4067
2026-03-28 22:53:22 | DEBUG | sivi:base_reverse_runner.py:261| eval_kl_ite | Epoch 2050, Reverse Model KL ITE: 0.1300
2026-03-28 22:53:22 | DEBUG | sivi:base_runner.py:347| eval_w2 | Epoch 2050, VI W2 to baseline: 0.7403
2026-03-28 22:53:22 | DEBUG | sivi:base_reverse_runner.py:272| eval_w2 | Epoch 2050, Reverse Model W2: 0.0903
2026-03-28 22:53:22 | DEBUG | sivi:base_runner.py:477| eval_elbo | Epoch 2050, ELBO: 0.0073, Std Total: 5.3787, Std Q: nan, CI Half: 0.4715
2026-03-28 22:53:22 | DEBUG | sivi:base_runner.py:507| eval_ksd | Epoch 2050, VI KSD: 0.0793
2026-03-28 22:53:23 | DEBUG | sivi:base_runner.py:337| eval_kl_ite | Epoch 2060, VI KL to baseline: 0.4175
2026-03-28 22:53:23 | DEBUG | sivi:base_reverse_runner.py:261| eval_kl_ite | Epoch 2060, Reverse Model KL ITE: 0.1196
2026-03-28 22:53:23 | DEBUG | sivi:base_runner.py:347| eval_w2 | Epoch 2060, VI W2 to baseline: 0.7412
2026-03-28 22:53:23 | DEBUG | sivi:base_reverse_runner.py:272| eval_w2 | Epoch 2060, Reverse Model W2: 0.0974
2026-03-28 22:53:23 | DEBUG | sivi:base_runner.py:477| eval_elbo | Epoch 2060, ELBO: -0.1511, Std Total: 4.5975, Std Q: nan, CI Half: 0.4030
2026-03-28 22:53:23 | DEBUG | sivi:base_runner.py:507| eval_ksd | Epoch 2060, VI KSD: 0.0875
2026-03-28 22:53:23 | DEBUG | sivi:base_runner.py:337| eval_kl_ite | Epoch 2070, VI KL to baseline: 0.4571
2026-03-28 22:53:23 | DEBUG | sivi:base_reverse_runner.py:261| eval_kl_ite | Epoch 2070, Reverse Model KL ITE: 0.0991
2026-03-28 22:53:23 | DEBUG | sivi:base_runner.py:347| eval_w2 | Epoch 2070, VI W2 to baseline: 0.7588
2026-03-28 22:53:23 | DEBUG | sivi:base_reverse_runner.py:272| eval_w2 | Epoch 2070, Reverse Model W2: 0.0927
2026-03-28 22:53:23 | DEBUG | sivi:base_runner.py:477| eval_elbo | Epoch 2070, ELBO: 0.7362, Std Total: 8.8182, Std Q: nan, CI Half: 0.7729
2026-03-28 22:53:23 | DEBUG | sivi:base_runner.py:507| eval_ksd | Epoch 2070, VI KSD: 0.0988
2026-03-28 22:53:24 | DEBUG | sivi:base_runner.py:337| eval_kl_ite | Epoch 2080, VI KL to baseline: 0.4475
2026-03-28 22:53:24 | DEBUG | sivi:base_reverse_runner.py:261| eval_kl_ite | Epoch 2080, Reverse Model KL ITE: 0.1405
2026-03-28 22:53:24 | DEBUG | sivi:base_runner.py:347| eval_w2 | Epoch 2080, VI W2 to baseline: 0.7486
2026-03-28 22:53:24 | DEBUG | sivi:base_reverse_runner.py:272| eval_w2 | Epoch 2080, Reverse Model W2: 0.1047
2026-03-28 22:53:24 | DEBUG | sivi:base_runner.py:477| eval_elbo | Epoch 2080, ELBO: 0.0202, Std Total: 5.0782, Std Q: nan, CI Half: 0.4451
2026-03-28 22:53:24 | DEBUG | sivi:base_runner.py:507| eval_ksd | Epoch 2080, VI KSD: 0.0881
2026-03-28 22:53:24 | DEBUG | sivi:base_runner.py:337| eval_kl_ite | Epoch 2090, VI KL to baseline: 0.4119
2026-03-28 22:53:25 | DEBUG | sivi:base_reverse_runner.py:261| eval_kl_ite | Epoch 2090, Reverse Model KL ITE: 0.1294
2026-03-28 22:53:25 | DEBUG | sivi:base_runner.py:347| eval_w2 | Epoch 2090, VI W2 to baseline: 0.7469
2026-03-28 22:53:25 | DEBUG | sivi:base_reverse_runner.py:272| eval_w2 | Epoch 2090, Reverse Model W2: 0.1362
2026-03-28 22:53:25 | DEBUG | sivi:base_runner.py:477| eval_elbo | Epoch 2090, ELBO: 0.0316, Std Total: 4.6925, Std Q: nan, CI Half: 0.4113
2026-03-28 22:53:25 | DEBUG | sivi:base_runner.py:507| eval_ksd | Epoch 2090, VI KSD: 0.0824
2026-03-28 22:53:25 | DEBUG | sivi:base_runner.py:874| learn | Epoch 2100: Avg Loss: 0.1389, Avg Epoch Time: 0.0644s
2026-03-28 22:53:25 | DEBUG | sivi:base_runner.py:337| eval_kl_ite | Epoch 2100, VI KL to baseline: 0.4086
2026-03-28 22:53:25 | DEBUG | sivi:base_reverse_runner.py:261| eval_kl_ite | Epoch 2100, Reverse Model KL ITE: 0.1281
2026-03-28 22:53:25 | DEBUG | sivi:base_runner.py:347| eval_w2 | Epoch 2100, VI W2 to baseline: 0.6868
2026-03-28 22:53:25 | DEBUG | sivi:base_reverse_runner.py:272| eval_w2 | Epoch 2100, Reverse Model W2: 0.1135
2026-03-28 22:53:25 | DEBUG | sivi:base_runner.py:477| eval_elbo | Epoch 2100, ELBO: 0.8788, Std Total: 8.4608, Std Q: nan, CI Half: 0.7416
2026-03-28 22:53:25 | DEBUG | sivi:base_runner.py:507| eval_ksd | Epoch 2100, VI KSD: 0.0873
2026-03-28 22:53:26 | DEBUG | sivi:base_runner.py:337| eval_kl_ite | Epoch 2110, VI KL to baseline: 0.3719
2026-03-28 22:53:26 | DEBUG | sivi:base_reverse_runner.py:261| eval_kl_ite | Epoch 2110, Reverse Model KL ITE: 0.1354
2026-03-28 22:53:26 | DEBUG | sivi:base_runner.py:347| eval_w2 | Epoch 2110, VI W2 to baseline: 0.6968
2026-03-28 22:53:26 | DEBUG | sivi:base_reverse_runner.py:272| eval_w2 | Epoch 2110, Reverse Model W2: 0.1002
2026-03-28 22:53:26 | DEBUG | sivi:base_runner.py:477| eval_elbo | Epoch 2110, ELBO: -0.1163, Std Total: 2.9669, Std Q: nan, CI Half: 0.2601
2026-03-28 22:53:26 | DEBUG | sivi:base_runner.py:507| eval_ksd | Epoch 2110, VI KSD: 0.0807
2026-03-28 22:53:26 | DEBUG | sivi:base_runner.py:337| eval_kl_ite | Epoch 2120, VI KL to baseline: 0.3910
2026-03-28 22:53:26 | DEBUG | sivi:base_reverse_runner.py:261| eval_kl_ite | Epoch 2120, Reverse Model KL ITE: 0.1522
2026-03-28 22:53:26 | DEBUG | sivi:base_runner.py:347| eval_w2 | Epoch 2120, VI W2 to baseline: 0.7315
2026-03-28 22:53:26 | DEBUG | sivi:base_reverse_runner.py:272| eval_w2 | Epoch 2120, Reverse Model W2: 0.1146
2026-03-28 22:53:26 | DEBUG | sivi:base_runner.py:477| eval_elbo | Epoch 2120, ELBO: -0.0631, Std Total: 4.7986, Std Q: nan, CI Half: 0.4206
2026-03-28 22:53:26 | DEBUG | sivi:base_runner.py:507| eval_ksd | Epoch 2120, VI KSD: 0.0925
2026-03-28 22:53:27 | DEBUG | sivi:base_runner.py:337| eval_kl_ite | Epoch 2130, VI KL to baseline: 0.4179
2026-03-28 22:53:27 | DEBUG | sivi:base_reverse_runner.py:261| eval_kl_ite | Epoch 2130, Reverse Model KL ITE: 0.1286
2026-03-28 22:53:27 | DEBUG | sivi:base_runner.py:347| eval_w2 | Epoch 2130, VI W2 to baseline: 0.7511
2026-03-28 22:53:27 | DEBUG | sivi:base_reverse_runner.py:272| eval_w2 | Epoch 2130, Reverse Model W2: 0.1162
2026-03-28 22:53:27 | DEBUG | sivi:base_runner.py:477| eval_elbo | Epoch 2130, ELBO: 0.4600, Std Total: 7.6703, Std Q: nan, CI Half: 0.6723
2026-03-28 22:53:27 | DEBUG | sivi:base_runner.py:507| eval_ksd | Epoch 2130, VI KSD: 0.0935
2026-03-28 22:53:28 | DEBUG | sivi:base_runner.py:337| eval_kl_ite | Epoch 2140, VI KL to baseline: 0.4745
2026-03-28 22:53:28 | DEBUG | sivi:base_reverse_runner.py:261| eval_kl_ite | Epoch 2140, Reverse Model KL ITE: 0.1110
2026-03-28 22:53:28 | DEBUG | sivi:base_runner.py:347| eval_w2 | Epoch 2140, VI W2 to baseline: 0.8400
2026-03-28 22:53:28 | DEBUG | sivi:base_reverse_runner.py:272| eval_w2 | Epoch 2140, Reverse Model W2: 0.1302
2026-03-28 22:53:28 | DEBUG | sivi:base_runner.py:477| eval_elbo | Epoch 2140, ELBO: -0.2534, Std Total: 3.5718, Std Q: nan, CI Half: 0.3131
2026-03-28 22:53:28 | DEBUG | sivi:base_runner.py:507| eval_ksd | Epoch 2140, VI KSD: 0.1071
2026-03-28 22:53:28 | DEBUG | sivi:base_runner.py:337| eval_kl_ite | Epoch 2150, VI KL to baseline: 0.5437
2026-03-28 22:53:28 | DEBUG | sivi:base_reverse_runner.py:261| eval_kl_ite | Epoch 2150, Reverse Model KL ITE: 0.1384
2026-03-28 22:53:28 | DEBUG | sivi:base_runner.py:347| eval_w2 | Epoch 2150, VI W2 to baseline: 0.9090
2026-03-28 22:53:28 | DEBUG | sivi:base_reverse_runner.py:272| eval_w2 | Epoch 2150, Reverse Model W2: 0.2111
2026-03-28 22:53:28 | DEBUG | sivi:base_runner.py:477| eval_elbo | Epoch 2150, ELBO: 0.1512, Std Total: 7.2865, Std Q: nan, CI Half: 0.6387
2026-03-28 22:53:28 | DEBUG | sivi:base_runner.py:507| eval_ksd | Epoch 2150, VI KSD: 0.1215
2026-03-28 22:53:29 | DEBUG | sivi:base_runner.py:337| eval_kl_ite | Epoch 2160, VI KL to baseline: 0.6158
2026-03-28 22:53:29 | DEBUG | sivi:base_reverse_runner.py:261| eval_kl_ite | Epoch 2160, Reverse Model KL ITE: 0.1318
2026-03-28 22:53:29 | DEBUG | sivi:base_runner.py:347| eval_w2 | Epoch 2160, VI W2 to baseline: 0.9497
2026-03-28 22:53:29 | DEBUG | sivi:base_reverse_runner.py:272| eval_w2 | Epoch 2160, Reverse Model W2: 0.2141
2026-03-28 22:53:29 | DEBUG | sivi:base_runner.py:477| eval_elbo | Epoch 2160, ELBO: 0.4208, Std Total: 9.9711, Std Q: nan, CI Half: 0.8740
2026-03-28 22:53:29 | DEBUG | sivi:base_runner.py:507| eval_ksd | Epoch 2160, VI KSD: 0.1033
2026-03-28 22:53:30 | DEBUG | sivi:base_runner.py:337| eval_kl_ite | Epoch 2170, VI KL to baseline: 0.5852
2026-03-28 22:53:30 | DEBUG | sivi:base_reverse_runner.py:261| eval_kl_ite | Epoch 2170, Reverse Model KL ITE: 0.1315
2026-03-28 22:53:30 | DEBUG | sivi:base_runner.py:347| eval_w2 | Epoch 2170, VI W2 to baseline: 0.9654
2026-03-28 22:53:30 | DEBUG | sivi:base_reverse_runner.py:272| eval_w2 | Epoch 2170, Reverse Model W2: 0.1726
2026-03-28 22:53:30 | DEBUG | sivi:base_runner.py:477| eval_elbo | Epoch 2170, ELBO: 0.0300, Std Total: 8.0632, Std Q: nan, CI Half: 0.7068
2026-03-28 22:53:30 | DEBUG | sivi:base_runner.py:507| eval_ksd | Epoch 2170, VI KSD: 0.0984
2026-03-28 22:53:30 | DEBUG | sivi:base_runner.py:337| eval_kl_ite | Epoch 2180, VI KL to baseline: 0.5330
2026-03-28 22:53:30 | DEBUG | sivi:base_reverse_runner.py:261| eval_kl_ite | Epoch 2180, Reverse Model KL ITE: 0.1216
2026-03-28 22:53:30 | DEBUG | sivi:base_runner.py:347| eval_w2 | Epoch 2180, VI W2 to baseline: 0.9019
2026-03-28 22:53:30 | DEBUG | sivi:base_reverse_runner.py:272| eval_w2 | Epoch 2180, Reverse Model W2: 0.1698
2026-03-28 22:53:30 | DEBUG | sivi:base_runner.py:477| eval_elbo | Epoch 2180, ELBO: 0.9756, Std Total: 12.5377, Std Q: nan, CI Half: 1.0990
2026-03-28 22:53:30 | DEBUG | sivi:base_runner.py:507| eval_ksd | Epoch 2180, VI KSD: 0.1015
2026-03-28 22:53:31 | DEBUG | sivi:base_runner.py:337| eval_kl_ite | Epoch 2190, VI KL to baseline: 0.5226
2026-03-28 22:53:31 | DEBUG | sivi:base_reverse_runner.py:261| eval_kl_ite | Epoch 2190, Reverse Model KL ITE: 0.1299
2026-03-28 22:53:31 | DEBUG | sivi:base_runner.py:347| eval_w2 | Epoch 2190, VI W2 to baseline: 0.8578
2026-03-28 22:53:31 | DEBUG | sivi:base_reverse_runner.py:272| eval_w2 | Epoch 2190, Reverse Model W2: 0.1525
2026-03-28 22:53:31 | DEBUG | sivi:base_runner.py:477| eval_elbo | Epoch 2190, ELBO: 0.4635, Std Total: 9.4550, Std Q: nan, CI Half: 0.8288
2026-03-28 22:53:31 | DEBUG | sivi:base_runner.py:507| eval_ksd | Epoch 2190, VI KSD: 0.1095
2026-03-28 22:53:31 | DEBUG | sivi:base_runner.py:874| learn | Epoch 2200: Avg Loss: -0.1777, Avg Epoch Time: 0.0629s
2026-03-28 22:53:31 | DEBUG | sivi:base_runner.py:337| eval_kl_ite | Epoch 2200, VI KL to baseline: 0.4699
2026-03-28 22:53:31 | DEBUG | sivi:base_reverse_runner.py:261| eval_kl_ite | Epoch 2200, Reverse Model KL ITE: 0.1183
2026-03-28 22:53:31 | DEBUG | sivi:base_runner.py:347| eval_w2 | Epoch 2200, VI W2 to baseline: 0.8337
2026-03-28 22:53:31 | DEBUG | sivi:base_reverse_runner.py:272| eval_w2 | Epoch 2200, Reverse Model W2: 0.1365
2026-03-28 22:53:31 | DEBUG | sivi:base_runner.py:477| eval_elbo | Epoch 2200, ELBO: 0.0140, Std Total: 6.1183, Std Q: nan, CI Half: 0.5363
2026-03-28 22:53:31 | DEBUG | sivi:base_runner.py:507| eval_ksd | Epoch 2200, VI KSD: 0.0945
2026-03-28 22:53:32 | DEBUG | sivi:base_runner.py:337| eval_kl_ite | Epoch 2210, VI KL to baseline: 0.4708
2026-03-28 22:53:32 | DEBUG | sivi:base_reverse_runner.py:261| eval_kl_ite | Epoch 2210, Reverse Model KL ITE: 0.0889
2026-03-28 22:53:32 | DEBUG | sivi:base_runner.py:347| eval_w2 | Epoch 2210, VI W2 to baseline: 0.7811
2026-03-28 22:53:32 | DEBUG | sivi:base_reverse_runner.py:272| eval_w2 | Epoch 2210, Reverse Model W2: 0.1634
2026-03-28 22:53:32 | DEBUG | sivi:base_runner.py:477| eval_elbo | Epoch 2210, ELBO: 0.1778, Std Total: 6.5893, Std Q: nan, CI Half: 0.5776
2026-03-28 22:53:32 | DEBUG | sivi:base_runner.py:507| eval_ksd | Epoch 2210, VI KSD: 0.0904
2026-03-28 22:53:33 | DEBUG | sivi:base_runner.py:337| eval_kl_ite | Epoch 2220, VI KL to baseline: 0.4361
2026-03-28 22:53:33 | DEBUG | sivi:base_reverse_runner.py:261| eval_kl_ite | Epoch 2220, Reverse Model KL ITE: 0.1411
2026-03-28 22:53:33 | DEBUG | sivi:base_runner.py:347| eval_w2 | Epoch 2220, VI W2 to baseline: 0.7388
2026-03-28 22:53:33 | DEBUG | sivi:base_reverse_runner.py:272| eval_w2 | Epoch 2220, Reverse Model W2: 0.1099
2026-03-28 22:53:33 | DEBUG | sivi:base_runner.py:477| eval_elbo | Epoch 2220, ELBO: 0.0137, Std Total: 5.1805, Std Q: nan, CI Half: 0.4541
2026-03-28 22:53:33 | DEBUG | sivi:base_runner.py:507| eval_ksd | Epoch 2220, VI KSD: 0.0884
2026-03-28 22:53:33 | DEBUG | sivi:base_runner.py:337| eval_kl_ite | Epoch 2230, VI KL to baseline: 0.4595
2026-03-28 22:53:33 | DEBUG | sivi:base_reverse_runner.py:261| eval_kl_ite | Epoch 2230, Reverse Model KL ITE: 0.1268
2026-03-28 22:53:33 | DEBUG | sivi:base_runner.py:347| eval_w2 | Epoch 2230, VI W2 to baseline: 0.7972
2026-03-28 22:53:33 | DEBUG | sivi:base_reverse_runner.py:272| eval_w2 | Epoch 2230, Reverse Model W2: 0.0955
2026-03-28 22:53:33 | DEBUG | sivi:base_runner.py:477| eval_elbo | Epoch 2230, ELBO: 0.6122, Std Total: 8.7268, Std Q: nan, CI Half: 0.7649
2026-03-28 22:53:33 | DEBUG | sivi:base_runner.py:507| eval_ksd | Epoch 2230, VI KSD: 0.0902
2026-03-28 22:53:34 | DEBUG | sivi:base_runner.py:337| eval_kl_ite | Epoch 2240, VI KL to baseline: 0.4945
2026-03-28 22:53:34 | DEBUG | sivi:base_reverse_runner.py:261| eval_kl_ite | Epoch 2240, Reverse Model KL ITE: 0.1534
2026-03-28 22:53:34 | DEBUG | sivi:base_runner.py:347| eval_w2 | Epoch 2240, VI W2 to baseline: 0.8706
2026-03-28 22:53:34 | DEBUG | sivi:base_reverse_runner.py:272| eval_w2 | Epoch 2240, Reverse Model W2: 0.1097
2026-03-28 22:53:34 | DEBUG | sivi:base_runner.py:477| eval_elbo | Epoch 2240, ELBO: 0.4481, Std Total: 8.3795, Std Q: nan, CI Half: 0.7345
2026-03-28 22:53:34 | DEBUG | sivi:base_runner.py:507| eval_ksd | Epoch 2240, VI KSD: 0.1093
2026-03-28 22:53:34 | DEBUG | sivi:base_runner.py:337| eval_kl_ite | Epoch 2250, VI KL to baseline: 0.4742
2026-03-28 22:53:35 | DEBUG | sivi:base_reverse_runner.py:261| eval_kl_ite | Epoch 2250, Reverse Model KL ITE: 0.1346
2026-03-28 22:53:35 | DEBUG | sivi:base_runner.py:347| eval_w2 | Epoch 2250, VI W2 to baseline: 0.8418
2026-03-28 22:53:35 | DEBUG | sivi:base_reverse_runner.py:272| eval_w2 | Epoch 2250, Reverse Model W2: 0.1151
2026-03-28 22:53:35 | DEBUG | sivi:base_runner.py:477| eval_elbo | Epoch 2250, ELBO: 0.4564, Std Total: 9.0140, Std Q: nan, CI Half: 0.7901
2026-03-28 22:53:35 | DEBUG | sivi:base_runner.py:507| eval_ksd | Epoch 2250, VI KSD: 0.1193
2026-03-28 22:53:35 | DEBUG | sivi:base_runner.py:337| eval_kl_ite | Epoch 2260, VI KL to baseline: 0.4561
2026-03-28 22:53:35 | DEBUG | sivi:base_reverse_runner.py:261| eval_kl_ite | Epoch 2260, Reverse Model KL ITE: 0.0949
2026-03-28 22:53:35 | DEBUG | sivi:base_runner.py:347| eval_w2 | Epoch 2260, VI W2 to baseline: 0.8299
2026-03-28 22:53:35 | DEBUG | sivi:base_reverse_runner.py:272| eval_w2 | Epoch 2260, Reverse Model W2: 0.0901
2026-03-28 22:53:35 | DEBUG | sivi:base_runner.py:477| eval_elbo | Epoch 2260, ELBO: 0.1445, Std Total: 6.3346, Std Q: nan, CI Half: 0.5553
2026-03-28 22:53:35 | DEBUG | sivi:base_runner.py:507| eval_ksd | Epoch 2260, VI KSD: 0.0828
2026-03-28 22:53:35 | DEBUG | sivi:base_runner.py:337| eval_kl_ite | Epoch 2270, VI KL to baseline: 0.4237
2026-03-28 22:53:36 | DEBUG | sivi:base_reverse_runner.py:261| eval_kl_ite | Epoch 2270, Reverse Model KL ITE: 0.1409
2026-03-28 22:53:36 | DEBUG | sivi:base_runner.py:347| eval_w2 | Epoch 2270, VI W2 to baseline: 0.7728
2026-03-28 22:53:36 | DEBUG | sivi:base_reverse_runner.py:272| eval_w2 | Epoch 2270, Reverse Model W2: 0.0825
2026-03-28 22:53:36 | DEBUG | sivi:base_runner.py:477| eval_elbo | Epoch 2270, ELBO: 0.7646, Std Total: 9.6510, Std Q: nan, CI Half: 0.8459
2026-03-28 22:53:36 | DEBUG | sivi:base_runner.py:507| eval_ksd | Epoch 2270, VI KSD: 0.0703
2026-03-28 22:53:36 | DEBUG | sivi:base_runner.py:337| eval_kl_ite | Epoch 2280, VI KL to baseline: 0.3865
2026-03-28 22:53:36 | DEBUG | sivi:base_reverse_runner.py:261| eval_kl_ite | Epoch 2280, Reverse Model KL ITE: 0.1786
2026-03-28 22:53:36 | DEBUG | sivi:base_runner.py:347| eval_w2 | Epoch 2280, VI W2 to baseline: 0.7361
2026-03-28 22:53:36 | DEBUG | sivi:base_reverse_runner.py:272| eval_w2 | Epoch 2280, Reverse Model W2: 0.0972
2026-03-28 22:53:36 | DEBUG | sivi:base_runner.py:477| eval_elbo | Epoch 2280, ELBO: 0.6973, Std Total: 8.2841, Std Q: nan, CI Half: 0.7261
2026-03-28 22:53:36 | DEBUG | sivi:base_runner.py:507| eval_ksd | Epoch 2280, VI KSD: 0.0658
2026-03-28 22:53:37 | DEBUG | sivi:base_runner.py:337| eval_kl_ite | Epoch 2290, VI KL to baseline: 0.3415
2026-03-28 22:53:37 | DEBUG | sivi:base_reverse_runner.py:261| eval_kl_ite | Epoch 2290, Reverse Model KL ITE: 0.1798
2026-03-28 22:53:37 | DEBUG | sivi:base_runner.py:347| eval_w2 | Epoch 2290, VI W2 to baseline: 0.6524
2026-03-28 22:53:37 | DEBUG | sivi:base_reverse_runner.py:272| eval_w2 | Epoch 2290, Reverse Model W2: 0.0935
2026-03-28 22:53:37 | DEBUG | sivi:base_runner.py:477| eval_elbo | Epoch 2290, ELBO: 0.6292, Std Total: 8.6891, Std Q: nan, CI Half: 0.7616
2026-03-28 22:53:37 | DEBUG | sivi:base_runner.py:507| eval_ksd | Epoch 2290, VI KSD: 0.0744
2026-03-28 22:53:37 | DEBUG | sivi:base_runner.py:874| learn | Epoch 2300: Avg Loss: 0.2481, Avg Epoch Time: 0.0599s
2026-03-28 22:53:37 | DEBUG | sivi:base_runner.py:337| eval_kl_ite | Epoch 2300, VI KL to baseline: 0.2979
2026-03-28 22:53:37 | DEBUG | sivi:base_reverse_runner.py:261| eval_kl_ite | Epoch 2300, Reverse Model KL ITE: 0.1438
2026-03-28 22:53:37 | DEBUG | sivi:base_runner.py:347| eval_w2 | Epoch 2300, VI W2 to baseline: 0.6779
2026-03-28 22:53:37 | DEBUG | sivi:base_reverse_runner.py:272| eval_w2 | Epoch 2300, Reverse Model W2: 0.0809
2026-03-28 22:53:37 | DEBUG | sivi:base_runner.py:477| eval_elbo | Epoch 2300, ELBO: 0.1960, Std Total: 5.1233, Std Q: nan, CI Half: 0.4491
2026-03-28 22:53:37 | DEBUG | sivi:base_runner.py:507| eval_ksd | Epoch 2300, VI KSD: 0.0739
2026-03-28 22:53:38 | DEBUG | sivi:base_runner.py:337| eval_kl_ite | Epoch 2310, VI KL to baseline: 0.3381
2026-03-28 22:53:38 | DEBUG | sivi:base_reverse_runner.py:261| eval_kl_ite | Epoch 2310, Reverse Model KL ITE: 0.1765
2026-03-28 22:53:38 | DEBUG | sivi:base_runner.py:347| eval_w2 | Epoch 2310, VI W2 to baseline: 0.6536
2026-03-28 22:53:38 | DEBUG | sivi:base_reverse_runner.py:272| eval_w2 | Epoch 2310, Reverse Model W2: 0.0929
2026-03-28 22:53:38 | DEBUG | sivi:base_runner.py:477| eval_elbo | Epoch 2310, ELBO: 0.5695, Std Total: 7.8167, Std Q: nan, CI Half: 0.6852
2026-03-28 22:53:38 | DEBUG | sivi:base_runner.py:507| eval_ksd | Epoch 2310, VI KSD: 0.0707
2026-03-28 22:53:38 | DEBUG | sivi:base_runner.py:337| eval_kl_ite | Epoch 2320, VI KL to baseline: 0.3140
2026-03-28 22:53:38 | DEBUG | sivi:base_reverse_runner.py:261| eval_kl_ite | Epoch 2320, Reverse Model KL ITE: 0.1479
2026-03-28 22:53:38 | DEBUG | sivi:base_runner.py:347| eval_w2 | Epoch 2320, VI W2 to baseline: 0.6720
2026-03-28 22:53:38 | DEBUG | sivi:base_reverse_runner.py:272| eval_w2 | Epoch 2320, Reverse Model W2: 0.0906
2026-03-28 22:53:38 | DEBUG | sivi:base_runner.py:477| eval_elbo | Epoch 2320, ELBO: 0.2480, Std Total: 7.0629, Std Q: nan, CI Half: 0.6191
2026-03-28 22:53:38 | DEBUG | sivi:base_runner.py:507| eval_ksd | Epoch 2320, VI KSD: 0.0534
2026-03-28 22:53:39 | DEBUG | sivi:base_runner.py:337| eval_kl_ite | Epoch 2330, VI KL to baseline: 0.3278
2026-03-28 22:53:39 | DEBUG | sivi:base_reverse_runner.py:261| eval_kl_ite | Epoch 2330, Reverse Model KL ITE: 0.1624
2026-03-28 22:53:39 | DEBUG | sivi:base_runner.py:347| eval_w2 | Epoch 2330, VI W2 to baseline: 0.6502
2026-03-28 22:53:39 | DEBUG | sivi:base_reverse_runner.py:272| eval_w2 | Epoch 2330, Reverse Model W2: 0.1063
2026-03-28 22:53:39 | DEBUG | sivi:base_runner.py:477| eval_elbo | Epoch 2330, ELBO: 0.3648, Std Total: 6.6963, Std Q: nan, CI Half: 0.5870
2026-03-28 22:53:39 | DEBUG | sivi:base_runner.py:507| eval_ksd | Epoch 2330, VI KSD: 0.0741
2026-03-28 22:53:39 | DEBUG | sivi:base_runner.py:337| eval_kl_ite | Epoch 2340, VI KL to baseline: 0.3016
2026-03-28 22:53:39 | DEBUG | sivi:base_reverse_runner.py:261| eval_kl_ite | Epoch 2340, Reverse Model KL ITE: 0.1297
2026-03-28 22:53:39 | DEBUG | sivi:base_runner.py:347| eval_w2 | Epoch 2340, VI W2 to baseline: 0.6324
2026-03-28 22:53:39 | DEBUG | sivi:base_reverse_runner.py:272| eval_w2 | Epoch 2340, Reverse Model W2: 0.1015
2026-03-28 22:53:39 | DEBUG | sivi:base_runner.py:477| eval_elbo | Epoch 2340, ELBO: 0.3058, Std Total: 6.1262, Std Q: nan, CI Half: 0.5370
2026-03-28 22:53:39 | DEBUG | sivi:base_runner.py:507| eval_ksd | Epoch 2340, VI KSD: 0.0643
2026-03-28 22:53:40 | DEBUG | sivi:base_runner.py:337| eval_kl_ite | Epoch 2350, VI KL to baseline: 0.3181
2026-03-28 22:53:40 | DEBUG | sivi:base_reverse_runner.py:261| eval_kl_ite | Epoch 2350, Reverse Model KL ITE: 0.1639
2026-03-28 22:53:40 | DEBUG | sivi:base_runner.py:347| eval_w2 | Epoch 2350, VI W2 to baseline: 0.6447
2026-03-28 22:53:40 | DEBUG | sivi:base_reverse_runner.py:272| eval_w2 | Epoch 2350, Reverse Model W2: 0.1285
2026-03-28 22:53:40 | DEBUG | sivi:base_runner.py:477| eval_elbo | Epoch 2350, ELBO: 0.9048, Std Total: 9.4690, Std Q: nan, CI Half: 0.8300
2026-03-28 22:53:40 | DEBUG | sivi:base_runner.py:507| eval_ksd | Epoch 2350, VI KSD: 0.0617
2026-03-28 22:53:40 | DEBUG | sivi:base_runner.py:337| eval_kl_ite | Epoch 2360, VI KL to baseline: 0.2917
2026-03-28 22:53:40 | DEBUG | sivi:base_reverse_runner.py:261| eval_kl_ite | Epoch 2360, Reverse Model KL ITE: 0.1746
2026-03-28 22:53:40 | DEBUG | sivi:base_runner.py:347| eval_w2 | Epoch 2360, VI W2 to baseline: 0.6153
2026-03-28 22:53:40 | DEBUG | sivi:base_reverse_runner.py:272| eval_w2 | Epoch 2360, Reverse Model W2: 0.1011
2026-03-28 22:53:40 | DEBUG | sivi:base_runner.py:477| eval_elbo | Epoch 2360, ELBO: 0.5190, Std Total: 6.1415, Std Q: nan, CI Half: 0.5383
2026-03-28 22:53:40 | DEBUG | sivi:base_runner.py:507| eval_ksd | Epoch 2360, VI KSD: 0.0630
2026-03-28 22:53:41 | DEBUG | sivi:base_runner.py:337| eval_kl_ite | Epoch 2370, VI KL to baseline: 0.3027
2026-03-28 22:53:41 | DEBUG | sivi:base_reverse_runner.py:261| eval_kl_ite | Epoch 2370, Reverse Model KL ITE: 0.1776
2026-03-28 22:53:41 | DEBUG | sivi:base_runner.py:347| eval_w2 | Epoch 2370, VI W2 to baseline: 0.6017
2026-03-28 22:53:41 | DEBUG | sivi:base_reverse_runner.py:272| eval_w2 | Epoch 2370, Reverse Model W2: 0.1065
2026-03-28 22:53:41 | DEBUG | sivi:base_runner.py:477| eval_elbo | Epoch 2370, ELBO: 0.6321, Std Total: 7.3681, Std Q: nan, CI Half: 0.6458
2026-03-28 22:53:41 | DEBUG | sivi:base_runner.py:507| eval_ksd | Epoch 2370, VI KSD: 0.0458
2026-03-28 22:53:41 | DEBUG | sivi:base_runner.py:337| eval_kl_ite | Epoch 2380, VI KL to baseline: 0.3166
2026-03-28 22:53:41 | DEBUG | sivi:base_reverse_runner.py:261| eval_kl_ite | Epoch 2380, Reverse Model KL ITE: 0.1537
2026-03-28 22:53:41 | DEBUG | sivi:base_runner.py:347| eval_w2 | Epoch 2380, VI W2 to baseline: 0.6537
2026-03-28 22:53:41 | DEBUG | sivi:base_reverse_runner.py:272| eval_w2 | Epoch 2380, Reverse Model W2: 0.1138
2026-03-28 22:53:41 | DEBUG | sivi:base_runner.py:477| eval_elbo | Epoch 2380, ELBO: 0.4378, Std Total: 6.6283, Std Q: nan, CI Half: 0.5810
2026-03-28 22:53:41 | DEBUG | sivi:base_runner.py:507| eval_ksd | Epoch 2380, VI KSD: 0.0535
2026-03-28 22:53:41 | DEBUG | sivi:base_runner.py:337| eval_kl_ite | Epoch 2390, VI KL to baseline: 0.3527
2026-03-28 22:53:42 | DEBUG | sivi:base_reverse_runner.py:261| eval_kl_ite | Epoch 2390, Reverse Model KL ITE: 0.1452
2026-03-28 22:53:42 | DEBUG | sivi:base_runner.py:347| eval_w2 | Epoch 2390, VI W2 to baseline: 0.6992
2026-03-28 22:53:42 | DEBUG | sivi:base_reverse_runner.py:272| eval_w2 | Epoch 2390, Reverse Model W2: 0.1100
2026-03-28 22:53:42 | DEBUG | sivi:base_runner.py:477| eval_elbo | Epoch 2390, ELBO: 0.4602, Std Total: 6.3703, Std Q: nan, CI Half: 0.5584
2026-03-28 22:53:42 | DEBUG | sivi:base_runner.py:507| eval_ksd | Epoch 2390, VI KSD: 0.0804
2026-03-28 22:53:42 | DEBUG | sivi:base_runner.py:874| learn | Epoch 2400: Avg Loss: -0.2353, Avg Epoch Time: 0.0469s
2026-03-28 22:53:42 | DEBUG | sivi:base_runner.py:337| eval_kl_ite | Epoch 2400, VI KL to baseline: 0.4066
2026-03-28 22:53:42 | DEBUG | sivi:base_reverse_runner.py:261| eval_kl_ite | Epoch 2400, Reverse Model KL ITE: 0.1682
2026-03-28 22:53:42 | DEBUG | sivi:base_runner.py:347| eval_w2 | Epoch 2400, VI W2 to baseline: 0.7756
2026-03-28 22:53:42 | DEBUG | sivi:base_reverse_runner.py:272| eval_w2 | Epoch 2400, Reverse Model W2: 0.1145
2026-03-28 22:53:42 | DEBUG | sivi:base_runner.py:477| eval_elbo | Epoch 2400, ELBO: 0.7417, Std Total: 11.5418, Std Q: nan, CI Half: 1.0117
2026-03-28 22:53:42 | DEBUG | sivi:base_runner.py:507| eval_ksd | Epoch 2400, VI KSD: 0.0863
2026-03-28 22:53:43 | DEBUG | sivi:base_runner.py:337| eval_kl_ite | Epoch 2410, VI KL to baseline: 0.3767
2026-03-28 22:53:43 | DEBUG | sivi:base_reverse_runner.py:261| eval_kl_ite | Epoch 2410, Reverse Model KL ITE: 0.1518
2026-03-28 22:53:43 | DEBUG | sivi:base_runner.py:347| eval_w2 | Epoch 2410, VI W2 to baseline: 0.7827
2026-03-28 22:53:43 | DEBUG | sivi:base_reverse_runner.py:272| eval_w2 | Epoch 2410, Reverse Model W2: 0.1626
2026-03-28 22:53:43 | DEBUG | sivi:base_runner.py:477| eval_elbo | Epoch 2410, ELBO: 0.0035, Std Total: 4.5426, Std Q: nan, CI Half: 0.3982
2026-03-28 22:53:43 | DEBUG | sivi:base_runner.py:507| eval_ksd | Epoch 2410, VI KSD: 0.0604
2026-03-28 22:53:43 | DEBUG | sivi:base_runner.py:337| eval_kl_ite | Epoch 2420, VI KL to baseline: 0.3604
2026-03-28 22:53:43 | DEBUG | sivi:base_reverse_runner.py:261| eval_kl_ite | Epoch 2420, Reverse Model KL ITE: 0.1669
2026-03-28 22:53:43 | DEBUG | sivi:base_runner.py:347| eval_w2 | Epoch 2420, VI W2 to baseline: 0.8073
2026-03-28 22:53:43 | DEBUG | sivi:base_reverse_runner.py:272| eval_w2 | Epoch 2420, Reverse Model W2: 0.1805
2026-03-28 22:53:43 | DEBUG | sivi:base_runner.py:477| eval_elbo | Epoch 2420, ELBO: 0.8913, Std Total: 9.9374, Std Q: nan, CI Half: 0.8711
2026-03-28 22:53:43 | DEBUG | sivi:base_runner.py:507| eval_ksd | Epoch 2420, VI KSD: 0.0559
2026-03-28 22:53:44 | DEBUG | sivi:base_runner.py:337| eval_kl_ite | Epoch 2430, VI KL to baseline: 0.3740
2026-03-28 22:53:44 | DEBUG | sivi:base_reverse_runner.py:261| eval_kl_ite | Epoch 2430, Reverse Model KL ITE: 0.1743
2026-03-28 22:53:44 | DEBUG | sivi:base_runner.py:347| eval_w2 | Epoch 2430, VI W2 to baseline: 0.7661
2026-03-28 22:53:44 | DEBUG | sivi:base_reverse_runner.py:272| eval_w2 | Epoch 2430, Reverse Model W2: 0.1268
2026-03-28 22:53:44 | DEBUG | sivi:base_runner.py:477| eval_elbo | Epoch 2430, ELBO: 0.4970, Std Total: 7.8616, Std Q: nan, CI Half: 0.6891
2026-03-28 22:53:44 | DEBUG | sivi:base_runner.py:507| eval_ksd | Epoch 2430, VI KSD: 0.0716
2026-03-28 22:53:44 | DEBUG | sivi:base_runner.py:337| eval_kl_ite | Epoch 2440, VI KL to baseline: 0.3393
2026-03-28 22:53:44 | DEBUG | sivi:base_reverse_runner.py:261| eval_kl_ite | Epoch 2440, Reverse Model KL ITE: 0.1909
2026-03-28 22:53:44 | DEBUG | sivi:base_runner.py:347| eval_w2 | Epoch 2440, VI W2 to baseline: 0.7853
2026-03-28 22:53:44 | DEBUG | sivi:base_reverse_runner.py:272| eval_w2 | Epoch 2440, Reverse Model W2: 0.1229
2026-03-28 22:53:44 | DEBUG | sivi:base_runner.py:477| eval_elbo | Epoch 2440, ELBO: 0.4867, Std Total: 6.2330, Std Q: nan, CI Half: 0.5463
2026-03-28 22:53:44 | DEBUG | sivi:base_runner.py:507| eval_ksd | Epoch 2440, VI KSD: 0.0576
2026-03-28 22:53:45 | DEBUG | sivi:base_runner.py:337| eval_kl_ite | Epoch 2450, VI KL to baseline: 0.3098
2026-03-28 22:53:45 | DEBUG | sivi:base_reverse_runner.py:261| eval_kl_ite | Epoch 2450, Reverse Model KL ITE: 0.1757
2026-03-28 22:53:45 | DEBUG | sivi:base_runner.py:347| eval_w2 | Epoch 2450, VI W2 to baseline: 0.6809
2026-03-28 22:53:45 | DEBUG | sivi:base_reverse_runner.py:272| eval_w2 | Epoch 2450, Reverse Model W2: 0.1102
2026-03-28 22:53:45 | DEBUG | sivi:base_runner.py:477| eval_elbo | Epoch 2450, ELBO: 0.0721, Std Total: 4.4263, Std Q: nan, CI Half: 0.3880
2026-03-28 22:53:45 | DEBUG | sivi:base_runner.py:507| eval_ksd | Epoch 2450, VI KSD: 0.0652
2026-03-28 22:53:46 | DEBUG | sivi:base_runner.py:337| eval_kl_ite | Epoch 2460, VI KL to baseline: 0.2751
2026-03-28 22:53:46 | DEBUG | sivi:base_reverse_runner.py:261| eval_kl_ite | Epoch 2460, Reverse Model KL ITE: 0.1936
2026-03-28 22:53:46 | DEBUG | sivi:base_runner.py:347| eval_w2 | Epoch 2460, VI W2 to baseline: 0.6599
2026-03-28 22:53:46 | DEBUG | sivi:base_reverse_runner.py:272| eval_w2 | Epoch 2460, Reverse Model W2: 0.1178
2026-03-28 22:53:46 | DEBUG | sivi:base_runner.py:477| eval_elbo | Epoch 2460, ELBO: 0.7277, Std Total: 7.4970, Std Q: nan, CI Half: 0.6571
2026-03-28 22:53:46 | DEBUG | sivi:base_runner.py:507| eval_ksd | Epoch 2460, VI KSD: 0.0588
2026-03-28 22:53:46 | DEBUG | sivi:base_runner.py:337| eval_kl_ite | Epoch 2470, VI KL to baseline: 0.2620
2026-03-28 22:53:46 | DEBUG | sivi:base_reverse_runner.py:261| eval_kl_ite | Epoch 2470, Reverse Model KL ITE: 0.1777
2026-03-28 22:53:46 | DEBUG | sivi:base_runner.py:347| eval_w2 | Epoch 2470, VI W2 to baseline: 0.5990
2026-03-28 22:53:46 | DEBUG | sivi:base_reverse_runner.py:272| eval_w2 | Epoch 2470, Reverse Model W2: 0.1198
2026-03-28 22:53:46 | DEBUG | sivi:base_runner.py:477| eval_elbo | Epoch 2470, ELBO: 0.6785, Std Total: 8.1586, Std Q: nan, CI Half: 0.7151
2026-03-28 22:53:46 | DEBUG | sivi:base_runner.py:507| eval_ksd | Epoch 2470, VI KSD: 0.0456
2026-03-28 22:53:47 | DEBUG | sivi:base_runner.py:337| eval_kl_ite | Epoch 2480, VI KL to baseline: 0.2363
2026-03-28 22:53:47 | DEBUG | sivi:base_reverse_runner.py:261| eval_kl_ite | Epoch 2480, Reverse Model KL ITE: 0.1914
2026-03-28 22:53:47 | DEBUG | sivi:base_runner.py:347| eval_w2 | Epoch 2480, VI W2 to baseline: 0.6236
2026-03-28 22:53:47 | DEBUG | sivi:base_reverse_runner.py:272| eval_w2 | Epoch 2480, Reverse Model W2: 0.1038
2026-03-28 22:53:47 | DEBUG | sivi:base_runner.py:477| eval_elbo | Epoch 2480, ELBO: 0.2748, Std Total: 5.0302, Std Q: nan, CI Half: 0.4409
2026-03-28 22:53:47 | DEBUG | sivi:base_runner.py:507| eval_ksd | Epoch 2480, VI KSD: 0.0507
2026-03-28 22:53:47 | DEBUG | sivi:base_runner.py:337| eval_kl_ite | Epoch 2490, VI KL to baseline: 0.2640
2026-03-28 22:53:47 | DEBUG | sivi:base_reverse_runner.py:261| eval_kl_ite | Epoch 2490, Reverse Model KL ITE: 0.1689
2026-03-28 22:53:47 | DEBUG | sivi:base_runner.py:347| eval_w2 | Epoch 2490, VI W2 to baseline: 0.6174
2026-03-28 22:53:47 | DEBUG | sivi:base_reverse_runner.py:272| eval_w2 | Epoch 2490, Reverse Model W2: 0.1214
2026-03-28 22:53:47 | DEBUG | sivi:base_runner.py:477| eval_elbo | Epoch 2490, ELBO: 0.7351, Std Total: 7.9254, Std Q: nan, CI Half: 0.6947
2026-03-28 22:53:47 | DEBUG | sivi:base_runner.py:507| eval_ksd | Epoch 2490, VI KSD: 0.0589
2026-03-28 22:53:48 | DEBUG | sivi:base_runner.py:874| learn | Epoch 2500: Avg Loss: 0.5581, Avg Epoch Time: 0.0580s
2026-03-28 22:53:48 | DEBUG | sivi:base_reverse_runner.py:183| _training_rev_log_func | Epoch 2500, Inner epoch 1, Reverse Model Loss: 3.5293, Avg Steps: 1.0000
2026-03-28 22:53:48 | DEBUG | sivi:base_runner.py:588| save_samples | Saved 100000 samples at epoch 2500.
2026-03-28 22:53:48 | DEBUG | sivi:base_runner.py:337| eval_kl_ite | Epoch 2500, VI KL to baseline: 0.2630
2026-03-28 22:53:48 | DEBUG | sivi:base_reverse_runner.py:261| eval_kl_ite | Epoch 2500, Reverse Model KL ITE: 0.1610
2026-03-28 22:53:48 | DEBUG | sivi:base_runner.py:347| eval_w2 | Epoch 2500, VI W2 to baseline: 0.5831
2026-03-28 22:53:48 | DEBUG | sivi:base_reverse_runner.py:272| eval_w2 | Epoch 2500, Reverse Model W2: 0.1037
2026-03-28 22:53:48 | DEBUG | sivi:base_runner.py:477| eval_elbo | Epoch 2500, ELBO: 0.5046, Std Total: 6.1005, Std Q: nan, CI Half: 0.5347
2026-03-28 22:53:48 | DEBUG | sivi:base_runner.py:507| eval_ksd | Epoch 2500, VI KSD: 0.0541
2026-03-28 22:53:48 | DEBUG | sivi:base_runner.py:970| learn | Saved contour plot at epoch 2500.
2026-03-28 22:53:48 | DEBUG | sivi:base_runner.py:337| eval_kl_ite | Epoch 2510, VI KL to baseline: 0.2316
2026-03-28 22:53:49 | DEBUG | sivi:base_reverse_runner.py:261| eval_kl_ite | Epoch 2510, Reverse Model KL ITE: 0.1700
2026-03-28 22:53:49 | DEBUG | sivi:base_runner.py:347| eval_w2 | Epoch 2510, VI W2 to baseline: 0.5527
2026-03-28 22:53:49 | DEBUG | sivi:base_reverse_runner.py:272| eval_w2 | Epoch 2510, Reverse Model W2: 0.1272
2026-03-28 22:53:49 | DEBUG | sivi:base_runner.py:477| eval_elbo | Epoch 2510, ELBO: 0.0904, Std Total: 3.2063, Std Q: nan, CI Half: 0.2810
2026-03-28 22:53:49 | DEBUG | sivi:base_runner.py:507| eval_ksd | Epoch 2510, VI KSD: 0.0539
2026-03-28 22:53:49 | DEBUG | sivi:base_runner.py:337| eval_kl_ite | Epoch 2520, VI KL to baseline: 0.2324
2026-03-28 22:53:49 | DEBUG | sivi:base_reverse_runner.py:261| eval_kl_ite | Epoch 2520, Reverse Model KL ITE: 0.1706
2026-03-28 22:53:49 | DEBUG | sivi:base_runner.py:347| eval_w2 | Epoch 2520, VI W2 to baseline: 0.5448
2026-03-28 22:53:49 | DEBUG | sivi:base_reverse_runner.py:272| eval_w2 | Epoch 2520, Reverse Model W2: 0.0971
2026-03-28 22:53:49 | DEBUG | sivi:base_runner.py:477| eval_elbo | Epoch 2520, ELBO: 0.2504, Std Total: 4.2584, Std Q: nan, CI Half: 0.3733
2026-03-28 22:53:49 | DEBUG | sivi:base_runner.py:507| eval_ksd | Epoch 2520, VI KSD: 0.0517
2026-03-28 22:53:50 | DEBUG | sivi:base_runner.py:337| eval_kl_ite | Epoch 2530, VI KL to baseline: 0.2299
2026-03-28 22:53:50 | DEBUG | sivi:base_reverse_runner.py:261| eval_kl_ite | Epoch 2530, Reverse Model KL ITE: 0.1872
2026-03-28 22:53:50 | DEBUG | sivi:base_runner.py:347| eval_w2 | Epoch 2530, VI W2 to baseline: 0.5322
2026-03-28 22:53:50 | DEBUG | sivi:base_reverse_runner.py:272| eval_w2 | Epoch 2530, Reverse Model W2: 0.1039
2026-03-28 22:53:50 | DEBUG | sivi:base_runner.py:477| eval_elbo | Epoch 2530, ELBO: -0.0078, Std Total: 3.5761, Std Q: nan, CI Half: 0.3135
2026-03-28 22:53:50 | DEBUG | sivi:base_runner.py:507| eval_ksd | Epoch 2530, VI KSD: 0.0479
2026-03-28 22:53:50 | DEBUG | sivi:base_runner.py:337| eval_kl_ite | Epoch 2540, VI KL to baseline: 0.2391
2026-03-28 22:53:50 | DEBUG | sivi:base_reverse_runner.py:261| eval_kl_ite | Epoch 2540, Reverse Model KL ITE: 0.1799
2026-03-28 22:53:50 | DEBUG | sivi:base_runner.py:347| eval_w2 | Epoch 2540, VI W2 to baseline: 0.5401
2026-03-28 22:53:51 | DEBUG | sivi:base_reverse_runner.py:272| eval_w2 | Epoch 2540, Reverse Model W2: 0.2575
2026-03-28 22:53:51 | DEBUG | sivi:base_runner.py:477| eval_elbo | Epoch 2540, ELBO: 0.3525, Std Total: 5.4041, Std Q: nan, CI Half: 0.4737
2026-03-28 22:53:51 | DEBUG | sivi:base_runner.py:507| eval_ksd | Epoch 2540, VI KSD: 0.0471
2026-03-28 22:53:51 | DEBUG | sivi:base_runner.py:337| eval_kl_ite | Epoch 2550, VI KL to baseline: 0.1976
2026-03-28 22:53:51 | DEBUG | sivi:base_reverse_runner.py:261| eval_kl_ite | Epoch 2550, Reverse Model KL ITE: 0.1725
2026-03-28 22:53:51 | DEBUG | sivi:base_runner.py:347| eval_w2 | Epoch 2550, VI W2 to baseline: 0.5363
2026-03-28 22:53:51 | DEBUG | sivi:base_reverse_runner.py:272| eval_w2 | Epoch 2550, Reverse Model W2: 0.1018
2026-03-28 22:53:51 | DEBUG | sivi:base_runner.py:477| eval_elbo | Epoch 2550, ELBO: 0.7953, Std Total: 10.2366, Std Q: nan, CI Half: 0.8973
2026-03-28 22:53:51 | DEBUG | sivi:base_runner.py:507| eval_ksd | Epoch 2550, VI KSD: 0.0384
2026-03-28 22:53:52 | DEBUG | sivi:base_runner.py:337| eval_kl_ite | Epoch 2560, VI KL to baseline: 0.2705
2026-03-28 22:53:52 | DEBUG | sivi:base_reverse_runner.py:261| eval_kl_ite | Epoch 2560, Reverse Model KL ITE: 0.1757
2026-03-28 22:53:52 | DEBUG | sivi:base_runner.py:347| eval_w2 | Epoch 2560, VI W2 to baseline: 0.6346
2026-03-28 22:53:52 | DEBUG | sivi:base_reverse_runner.py:272| eval_w2 | Epoch 2560, Reverse Model W2: 0.0975
2026-03-28 22:53:52 | DEBUG | sivi:base_runner.py:477| eval_elbo | Epoch 2560, ELBO: 0.8797, Std Total: 9.0731, Std Q: nan, CI Half: 0.7953
2026-03-28 22:53:52 | DEBUG | sivi:base_runner.py:507| eval_ksd | Epoch 2560, VI KSD: 0.0486
2026-03-28 22:53:52 | DEBUG | sivi:base_runner.py:337| eval_kl_ite | Epoch 2570, VI KL to baseline: 0.2458
2026-03-28 22:53:52 | DEBUG | sivi:base_reverse_runner.py:261| eval_kl_ite | Epoch 2570, Reverse Model KL ITE: 0.1753
2026-03-28 22:53:52 | DEBUG | sivi:base_runner.py:347| eval_w2 | Epoch 2570, VI W2 to baseline: 0.5843
2026-03-28 22:53:52 | DEBUG | sivi:base_reverse_runner.py:272| eval_w2 | Epoch 2570, Reverse Model W2: 0.1132
2026-03-28 22:53:52 | DEBUG | sivi:base_runner.py:477| eval_elbo | Epoch 2570, ELBO: 0.7072, Std Total: 8.4415, Std Q: nan, CI Half: 0.7399
2026-03-28 22:53:52 | DEBUG | sivi:base_runner.py:507| eval_ksd | Epoch 2570, VI KSD: 0.0480
2026-03-28 22:53:53 | DEBUG | sivi:base_runner.py:337| eval_kl_ite | Epoch 2580, VI KL to baseline: 0.3230
2026-03-28 22:53:53 | DEBUG | sivi:base_reverse_runner.py:261| eval_kl_ite | Epoch 2580, Reverse Model KL ITE: 0.1513
2026-03-28 22:53:53 | DEBUG | sivi:base_runner.py:347| eval_w2 | Epoch 2580, VI W2 to baseline: 0.6531
2026-03-28 22:53:53 | DEBUG | sivi:base_reverse_runner.py:272| eval_w2 | Epoch 2580, Reverse Model W2: 0.1253
2026-03-28 22:53:53 | DEBUG | sivi:base_runner.py:477| eval_elbo | Epoch 2580, ELBO: 0.6058, Std Total: 9.6002, Std Q: nan, CI Half: 0.8415
2026-03-28 22:53:53 | DEBUG | sivi:base_runner.py:507| eval_ksd | Epoch 2580, VI KSD: 0.0598
2026-03-28 22:53:53 | DEBUG | sivi:base_runner.py:337| eval_kl_ite | Epoch 2590, VI KL to baseline: 0.2895
2026-03-28 22:53:54 | DEBUG | sivi:base_reverse_runner.py:261| eval_kl_ite | Epoch 2590, Reverse Model KL ITE: 0.1510
2026-03-28 22:53:54 | DEBUG | sivi:base_runner.py:347| eval_w2 | Epoch 2590, VI W2 to baseline: 0.6686
2026-03-28 22:53:54 | DEBUG | sivi:base_reverse_runner.py:272| eval_w2 | Epoch 2590, Reverse Model W2: 0.1203
2026-03-28 22:53:54 | DEBUG | sivi:base_runner.py:477| eval_elbo | Epoch 2590, ELBO: 0.8678, Std Total: 8.6564, Std Q: nan, CI Half: 0.7588
2026-03-28 22:53:54 | DEBUG | sivi:base_runner.py:507| eval_ksd | Epoch 2590, VI KSD: 0.0447
2026-03-28 22:53:54 | DEBUG | sivi:base_runner.py:874| learn | Epoch 2600: Avg Loss: -0.1243, Avg Epoch Time: 0.0627s
2026-03-28 22:53:54 | DEBUG | sivi:base_runner.py:337| eval_kl_ite | Epoch 2600, VI KL to baseline: 0.2949
2026-03-28 22:53:54 | DEBUG | sivi:base_reverse_runner.py:261| eval_kl_ite | Epoch 2600, Reverse Model KL ITE: 0.1575
2026-03-28 22:53:54 | DEBUG | sivi:base_runner.py:347| eval_w2 | Epoch 2600, VI W2 to baseline: 0.6411
2026-03-28 22:53:54 | DEBUG | sivi:base_reverse_runner.py:272| eval_w2 | Epoch 2600, Reverse Model W2: 0.1141
2026-03-28 22:53:54 | DEBUG | sivi:base_runner.py:477| eval_elbo | Epoch 2600, ELBO: 0.8117, Std Total: 11.6695, Std Q: nan, CI Half: 1.0229
2026-03-28 22:53:54 | DEBUG | sivi:base_runner.py:507| eval_ksd | Epoch 2600, VI KSD: 0.0564
2026-03-28 22:53:55 | DEBUG | sivi:base_runner.py:337| eval_kl_ite | Epoch 2610, VI KL to baseline: 0.2578
2026-03-28 22:53:55 | DEBUG | sivi:base_reverse_runner.py:261| eval_kl_ite | Epoch 2610, Reverse Model KL ITE: 0.1640
2026-03-28 22:53:55 | DEBUG | sivi:base_runner.py:347| eval_w2 | Epoch 2610, VI W2 to baseline: 0.5973
2026-03-28 22:53:55 | DEBUG | sivi:base_reverse_runner.py:272| eval_w2 | Epoch 2610, Reverse Model W2: 0.1085
2026-03-28 22:53:55 | DEBUG | sivi:base_runner.py:477| eval_elbo | Epoch 2610, ELBO: 0.9206, Std Total: 8.3810, Std Q: nan, CI Half: 0.7346
2026-03-28 22:53:55 | DEBUG | sivi:base_runner.py:507| eval_ksd | Epoch 2610, VI KSD: 0.0451
2026-03-28 22:53:55 | DEBUG | sivi:base_runner.py:337| eval_kl_ite | Epoch 2620, VI KL to baseline: 0.2434
2026-03-28 22:53:55 | DEBUG | sivi:base_reverse_runner.py:261| eval_kl_ite | Epoch 2620, Reverse Model KL ITE: 0.1888
2026-03-28 22:53:55 | DEBUG | sivi:base_runner.py:347| eval_w2 | Epoch 2620, VI W2 to baseline: 0.5797
2026-03-28 22:53:55 | DEBUG | sivi:base_reverse_runner.py:272| eval_w2 | Epoch 2620, Reverse Model W2: 0.1045
2026-03-28 22:53:55 | DEBUG | sivi:base_runner.py:477| eval_elbo | Epoch 2620, ELBO: 1.3271, Std Total: 10.4154, Std Q: nan, CI Half: 0.9130
2026-03-28 22:53:55 | DEBUG | sivi:base_runner.py:507| eval_ksd | Epoch 2620, VI KSD: 0.0359
2026-03-28 22:53:56 | DEBUG | sivi:base_runner.py:337| eval_kl_ite | Epoch 2630, VI KL to baseline: 0.2376
2026-03-28 22:53:56 | DEBUG | sivi:base_reverse_runner.py:261| eval_kl_ite | Epoch 2630, Reverse Model KL ITE: 0.1888
2026-03-28 22:53:56 | DEBUG | sivi:base_runner.py:347| eval_w2 | Epoch 2630, VI W2 to baseline: 0.6123
2026-03-28 22:53:56 | DEBUG | sivi:base_reverse_runner.py:272| eval_w2 | Epoch 2630, Reverse Model W2: 0.1022
2026-03-28 22:53:56 | DEBUG | sivi:base_runner.py:477| eval_elbo | Epoch 2630, ELBO: 0.7192, Std Total: 7.7454, Std Q: nan, CI Half: 0.6789
2026-03-28 22:53:56 | DEBUG | sivi:base_runner.py:507| eval_ksd | Epoch 2630, VI KSD: 0.0424
2026-03-28 22:53:56 | DEBUG | sivi:base_runner.py:337| eval_kl_ite | Epoch 2640, VI KL to baseline: 0.1971
2026-03-28 22:53:56 | DEBUG | sivi:base_reverse_runner.py:261| eval_kl_ite | Epoch 2640, Reverse Model KL ITE: 0.1657
2026-03-28 22:53:57 | DEBUG | sivi:base_runner.py:347| eval_w2 | Epoch 2640, VI W2 to baseline: 0.5626
2026-03-28 22:53:57 | DEBUG | sivi:base_reverse_runner.py:272| eval_w2 | Epoch 2640, Reverse Model W2: 0.1279
2026-03-28 22:53:57 | DEBUG | sivi:base_runner.py:477| eval_elbo | Epoch 2640, ELBO: 0.1411, Std Total: 3.7394, Std Q: nan, CI Half: 0.3278
2026-03-28 22:53:57 | DEBUG | sivi:base_runner.py:507| eval_ksd | Epoch 2640, VI KSD: 0.0444
2026-03-28 22:53:57 | DEBUG | sivi:base_runner.py:337| eval_kl_ite | Epoch 2650, VI KL to baseline: 0.2191
2026-03-28 22:53:57 | DEBUG | sivi:base_reverse_runner.py:261| eval_kl_ite | Epoch 2650, Reverse Model KL ITE: 0.1967
2026-03-28 22:53:57 | DEBUG | sivi:base_runner.py:347| eval_w2 | Epoch 2650, VI W2 to baseline: 0.5195
2026-03-28 22:53:57 | DEBUG | sivi:base_reverse_runner.py:272| eval_w2 | Epoch 2650, Reverse Model W2: 0.0956
2026-03-28 22:53:57 | DEBUG | sivi:base_runner.py:477| eval_elbo | Epoch 2650, ELBO: 0.5661, Std Total: 5.7102, Std Q: nan, CI Half: 0.5005
2026-03-28 22:53:57 | DEBUG | sivi:base_runner.py:507| eval_ksd | Epoch 2650, VI KSD: 0.0459
2026-03-28 22:53:58 | DEBUG | sivi:base_runner.py:337| eval_kl_ite | Epoch 2660, VI KL to baseline: 0.2058
2026-03-28 22:53:58 | DEBUG | sivi:base_reverse_runner.py:261| eval_kl_ite | Epoch 2660, Reverse Model KL ITE: 0.1867
2026-03-28 22:53:58 | DEBUG | sivi:base_runner.py:347| eval_w2 | Epoch 2660, VI W2 to baseline: 0.4808
2026-03-28 22:53:58 | DEBUG | sivi:base_reverse_runner.py:272| eval_w2 | Epoch 2660, Reverse Model W2: 0.0989
2026-03-28 22:53:58 | DEBUG | sivi:base_runner.py:477| eval_elbo | Epoch 2660, ELBO: 0.3625, Std Total: 5.0354, Std Q: nan, CI Half: 0.4414
2026-03-28 22:53:58 | DEBUG | sivi:base_runner.py:507| eval_ksd | Epoch 2660, VI KSD: 0.0482
2026-03-28 22:53:58 | DEBUG | sivi:base_runner.py:337| eval_kl_ite | Epoch 2670, VI KL to baseline: 0.1518
2026-03-28 22:53:58 | DEBUG | sivi:base_reverse_runner.py:261| eval_kl_ite | Epoch 2670, Reverse Model KL ITE: 0.1578
2026-03-28 22:53:58 | DEBUG | sivi:base_runner.py:347| eval_w2 | Epoch 2670, VI W2 to baseline: 0.4826
2026-03-28 22:53:58 | DEBUG | sivi:base_reverse_runner.py:272| eval_w2 | Epoch 2670, Reverse Model W2: 0.0987
2026-03-28 22:53:58 | DEBUG | sivi:base_runner.py:477| eval_elbo | Epoch 2670, ELBO: 0.6505, Std Total: 7.2159, Std Q: nan, CI Half: 0.6325
2026-03-28 22:53:58 | DEBUG | sivi:base_runner.py:507| eval_ksd | Epoch 2670, VI KSD: 0.0357
2026-03-28 22:53:59 | DEBUG | sivi:base_runner.py:337| eval_kl_ite | Epoch 2680, VI KL to baseline: 0.1682
2026-03-28 22:53:59 | DEBUG | sivi:base_reverse_runner.py:261| eval_kl_ite | Epoch 2680, Reverse Model KL ITE: 0.1895
2026-03-28 22:53:59 | DEBUG | sivi:base_runner.py:347| eval_w2 | Epoch 2680, VI W2 to baseline: 0.4594
2026-03-28 22:53:59 | DEBUG | sivi:base_reverse_runner.py:272| eval_w2 | Epoch 2680, Reverse Model W2: 0.1101
2026-03-28 22:53:59 | DEBUG | sivi:base_runner.py:477| eval_elbo | Epoch 2680, ELBO: 1.0366, Std Total: 10.0899, Std Q: nan, CI Half: 0.8844
2026-03-28 22:53:59 | DEBUG | sivi:base_runner.py:507| eval_ksd | Epoch 2680, VI KSD: 0.0455
2026-03-28 22:53:59 | DEBUG | sivi:base_runner.py:337| eval_kl_ite | Epoch 2690, VI KL to baseline: 0.2121
2026-03-28 22:54:00 | DEBUG | sivi:base_reverse_runner.py:261| eval_kl_ite | Epoch 2690, Reverse Model KL ITE: 0.1689
2026-03-28 22:54:00 | DEBUG | sivi:base_runner.py:347| eval_w2 | Epoch 2690, VI W2 to baseline: 0.5006
2026-03-28 22:54:00 | DEBUG | sivi:base_reverse_runner.py:272| eval_w2 | Epoch 2690, Reverse Model W2: 0.1029
2026-03-28 22:54:00 | DEBUG | sivi:base_runner.py:477| eval_elbo | Epoch 2690, ELBO: 0.5333, Std Total: 5.6938, Std Q: nan, CI Half: 0.4991
2026-03-28 22:54:00 | DEBUG | sivi:base_runner.py:507| eval_ksd | Epoch 2690, VI KSD: 0.0413
2026-03-28 22:54:00 | DEBUG | sivi:base_runner.py:874| learn | Epoch 2700: Avg Loss: 0.2702, Avg Epoch Time: 0.0596s
2026-03-28 22:54:00 | DEBUG | sivi:base_runner.py:337| eval_kl_ite | Epoch 2700, VI KL to baseline: 0.2230
2026-03-28 22:54:00 | DEBUG | sivi:base_reverse_runner.py:261| eval_kl_ite | Epoch 2700, Reverse Model KL ITE: 0.1719
2026-03-28 22:54:00 | DEBUG | sivi:base_runner.py:347| eval_w2 | Epoch 2700, VI W2 to baseline: 0.5259
2026-03-28 22:54:00 | DEBUG | sivi:base_reverse_runner.py:272| eval_w2 | Epoch 2700, Reverse Model W2: 0.1158
2026-03-28 22:54:00 | DEBUG | sivi:base_runner.py:477| eval_elbo | Epoch 2700, ELBO: 0.8118, Std Total: 8.6987, Std Q: nan, CI Half: 0.7625
2026-03-28 22:54:00 | DEBUG | sivi:base_runner.py:507| eval_ksd | Epoch 2700, VI KSD: 0.0307
2026-03-28 22:54:01 | DEBUG | sivi:base_runner.py:337| eval_kl_ite | Epoch 2710, VI KL to baseline: 0.1915
2026-03-28 22:54:01 | DEBUG | sivi:base_reverse_runner.py:261| eval_kl_ite | Epoch 2710, Reverse Model KL ITE: 0.2069
2026-03-28 22:54:01 | DEBUG | sivi:base_runner.py:347| eval_w2 | Epoch 2710, VI W2 to baseline: 0.4884
2026-03-28 22:54:01 | DEBUG | sivi:base_reverse_runner.py:272| eval_w2 | Epoch 2710, Reverse Model W2: 0.1074
2026-03-28 22:54:01 | DEBUG | sivi:base_runner.py:477| eval_elbo | Epoch 2710, ELBO: 0.4646, Std Total: 6.0151, Std Q: nan, CI Half: 0.5272
2026-03-28 22:54:01 | DEBUG | sivi:base_runner.py:507| eval_ksd | Epoch 2710, VI KSD: 0.0374
2026-03-28 22:54:01 | DEBUG | sivi:base_runner.py:337| eval_kl_ite | Epoch 2720, VI KL to baseline: 0.2005
2026-03-28 22:54:01 | DEBUG | sivi:base_reverse_runner.py:261| eval_kl_ite | Epoch 2720, Reverse Model KL ITE: 0.1909
2026-03-28 22:54:01 | DEBUG | sivi:base_runner.py:347| eval_w2 | Epoch 2720, VI W2 to baseline: 0.4987
2026-03-28 22:54:01 | DEBUG | sivi:base_reverse_runner.py:272| eval_w2 | Epoch 2720, Reverse Model W2: 0.1091
2026-03-28 22:54:01 | DEBUG | sivi:base_runner.py:477| eval_elbo | Epoch 2720, ELBO: 0.4557, Std Total: 4.7388, Std Q: nan, CI Half: 0.4154
2026-03-28 22:54:01 | DEBUG | sivi:base_runner.py:507| eval_ksd | Epoch 2720, VI KSD: 0.0443
2026-03-28 22:54:02 | DEBUG | sivi:base_runner.py:337| eval_kl_ite | Epoch 2730, VI KL to baseline: 0.1904
2026-03-28 22:54:02 | DEBUG | sivi:base_reverse_runner.py:261| eval_kl_ite | Epoch 2730, Reverse Model KL ITE: 0.1562
2026-03-28 22:54:02 | DEBUG | sivi:base_runner.py:347| eval_w2 | Epoch 2730, VI W2 to baseline: 0.5328
2026-03-28 22:54:02 | DEBUG | sivi:base_reverse_runner.py:272| eval_w2 | Epoch 2730, Reverse Model W2: 0.0992
2026-03-28 22:54:02 | DEBUG | sivi:base_runner.py:477| eval_elbo | Epoch 2730, ELBO: 0.2485, Std Total: 4.1344, Std Q: nan, CI Half: 0.3624
2026-03-28 22:54:02 | DEBUG | sivi:base_runner.py:507| eval_ksd | Epoch 2730, VI KSD: 0.0318
2026-03-28 22:54:02 | DEBUG | sivi:base_runner.py:337| eval_kl_ite | Epoch 2740, VI KL to baseline: 0.1715
2026-03-28 22:54:02 | DEBUG | sivi:base_reverse_runner.py:261| eval_kl_ite | Epoch 2740, Reverse Model KL ITE: 0.1430
2026-03-28 22:54:02 | DEBUG | sivi:base_runner.py:347| eval_w2 | Epoch 2740, VI W2 to baseline: 0.5326
2026-03-28 22:54:02 | DEBUG | sivi:base_reverse_runner.py:272| eval_w2 | Epoch 2740, Reverse Model W2: 0.1286
2026-03-28 22:54:02 | DEBUG | sivi:base_runner.py:477| eval_elbo | Epoch 2740, ELBO: 0.7076, Std Total: 8.7711, Std Q: nan, CI Half: 0.7688
2026-03-28 22:54:03 | DEBUG | sivi:base_runner.py:507| eval_ksd | Epoch 2740, VI KSD: 0.0361
2026-03-28 22:54:03 | DEBUG | sivi:base_runner.py:337| eval_kl_ite | Epoch 2750, VI KL to baseline: 0.2040
2026-03-28 22:54:03 | DEBUG | sivi:base_reverse_runner.py:261| eval_kl_ite | Epoch 2750, Reverse Model KL ITE: 0.1811
2026-03-28 22:54:03 | DEBUG | sivi:base_runner.py:347| eval_w2 | Epoch 2750, VI W2 to baseline: 0.5051
2026-03-28 22:54:03 | DEBUG | sivi:base_reverse_runner.py:272| eval_w2 | Epoch 2750, Reverse Model W2: 0.1168
2026-03-28 22:54:03 | DEBUG | sivi:base_runner.py:477| eval_elbo | Epoch 2750, ELBO: 0.8529, Std Total: 9.2094, Std Q: nan, CI Half: 0.8072
2026-03-28 22:54:03 | DEBUG | sivi:base_runner.py:507| eval_ksd | Epoch 2750, VI KSD: 0.0376
2026-03-28 22:54:04 | DEBUG | sivi:base_runner.py:337| eval_kl_ite | Epoch 2760, VI KL to baseline: 0.2190
2026-03-28 22:54:04 | DEBUG | sivi:base_reverse_runner.py:261| eval_kl_ite | Epoch 2760, Reverse Model KL ITE: 0.1836
2026-03-28 22:54:04 | DEBUG | sivi:base_runner.py:347| eval_w2 | Epoch 2760, VI W2 to baseline: 0.5163
2026-03-28 22:54:04 | DEBUG | sivi:base_reverse_runner.py:272| eval_w2 | Epoch 2760, Reverse Model W2: 0.1166
2026-03-28 22:54:04 | DEBUG | sivi:base_runner.py:477| eval_elbo | Epoch 2760, ELBO: 0.5116, Std Total: 8.2923, Std Q: nan, CI Half: 0.7269
2026-03-28 22:54:04 | DEBUG | sivi:base_runner.py:507| eval_ksd | Epoch 2760, VI KSD: 0.0397
2026-03-28 22:54:04 | DEBUG | sivi:base_runner.py:337| eval_kl_ite | Epoch 2770, VI KL to baseline: 0.1763
2026-03-28 22:54:04 | DEBUG | sivi:base_reverse_runner.py:261| eval_kl_ite | Epoch 2770, Reverse Model KL ITE: 0.1862
2026-03-28 22:54:04 | DEBUG | sivi:base_runner.py:347| eval_w2 | Epoch 2770, VI W2 to baseline: 0.5126
2026-03-28 22:54:04 | DEBUG | sivi:base_reverse_runner.py:272| eval_w2 | Epoch 2770, Reverse Model W2: 0.0975
2026-03-28 22:54:04 | DEBUG | sivi:base_runner.py:477| eval_elbo | Epoch 2770, ELBO: 0.7239, Std Total: 9.3218, Std Q: nan, CI Half: 0.8171
2026-03-28 22:54:04 | DEBUG | sivi:base_runner.py:507| eval_ksd | Epoch 2770, VI KSD: 0.0353
2026-03-28 22:54:05 | DEBUG | sivi:base_runner.py:337| eval_kl_ite | Epoch 2780, VI KL to baseline: 0.2033
2026-03-28 22:54:05 | DEBUG | sivi:base_reverse_runner.py:261| eval_kl_ite | Epoch 2780, Reverse Model KL ITE: 0.1904
2026-03-28 22:54:05 | DEBUG | sivi:base_runner.py:347| eval_w2 | Epoch 2780, VI W2 to baseline: 0.5199
2026-03-28 22:54:05 | DEBUG | sivi:base_reverse_runner.py:272| eval_w2 | Epoch 2780, Reverse Model W2: 0.1061
2026-03-28 22:54:05 | DEBUG | sivi:base_runner.py:477| eval_elbo | Epoch 2780, ELBO: 0.3681, Std Total: 6.0346, Std Q: nan, CI Half: 0.5290
2026-03-28 22:54:05 | DEBUG | sivi:base_runner.py:507| eval_ksd | Epoch 2780, VI KSD: 0.0398
2026-03-28 22:54:05 | DEBUG | sivi:base_runner.py:337| eval_kl_ite | Epoch 2790, VI KL to baseline: 0.2139
2026-03-28 22:54:05 | DEBUG | sivi:base_reverse_runner.py:261| eval_kl_ite | Epoch 2790, Reverse Model KL ITE: 0.1639
2026-03-28 22:54:05 | DEBUG | sivi:base_runner.py:347| eval_w2 | Epoch 2790, VI W2 to baseline: 0.5090
2026-03-28 22:54:05 | DEBUG | sivi:base_reverse_runner.py:272| eval_w2 | Epoch 2790, Reverse Model W2: 0.1034
2026-03-28 22:54:05 | DEBUG | sivi:base_runner.py:477| eval_elbo | Epoch 2790, ELBO: 0.3570, Std Total: 5.3117, Std Q: nan, CI Half: 0.4656
2026-03-28 22:54:05 | DEBUG | sivi:base_runner.py:507| eval_ksd | Epoch 2790, VI KSD: 0.0459
2026-03-28 22:54:06 | DEBUG | sivi:base_runner.py:874| learn | Epoch 2800: Avg Loss: 0.1184, Avg Epoch Time: 0.0592s
2026-03-28 22:54:06 | DEBUG | sivi:base_runner.py:337| eval_kl_ite | Epoch 2800, VI KL to baseline: 0.1898
2026-03-28 22:54:06 | DEBUG | sivi:base_reverse_runner.py:261| eval_kl_ite | Epoch 2800, Reverse Model KL ITE: 0.1701
2026-03-28 22:54:06 | DEBUG | sivi:base_runner.py:347| eval_w2 | Epoch 2800, VI W2 to baseline: 0.5066
2026-03-28 22:54:06 | DEBUG | sivi:base_reverse_runner.py:272| eval_w2 | Epoch 2800, Reverse Model W2: 0.1087
2026-03-28 22:54:06 | DEBUG | sivi:base_runner.py:477| eval_elbo | Epoch 2800, ELBO: 0.6504, Std Total: 7.3517, Std Q: nan, CI Half: 0.6444
2026-03-28 22:54:06 | DEBUG | sivi:base_runner.py:507| eval_ksd | Epoch 2800, VI KSD: 0.0461
2026-03-28 22:54:07 | DEBUG | sivi:base_runner.py:337| eval_kl_ite | Epoch 2810, VI KL to baseline: 0.2277
2026-03-28 22:54:07 | DEBUG | sivi:base_reverse_runner.py:261| eval_kl_ite | Epoch 2810, Reverse Model KL ITE: 0.1570
2026-03-28 22:54:07 | DEBUG | sivi:base_runner.py:347| eval_w2 | Epoch 2810, VI W2 to baseline: 0.5326
2026-03-28 22:54:07 | DEBUG | sivi:base_reverse_runner.py:272| eval_w2 | Epoch 2810, Reverse Model W2: 0.1180
2026-03-28 22:54:07 | DEBUG | sivi:base_runner.py:477| eval_elbo | Epoch 2810, ELBO: 0.6113, Std Total: 7.3237, Std Q: nan, CI Half: 0.6420
2026-03-28 22:54:07 | DEBUG | sivi:base_runner.py:507| eval_ksd | Epoch 2810, VI KSD: 0.0324
2026-03-28 22:54:07 | DEBUG | sivi:base_runner.py:337| eval_kl_ite | Epoch 2820, VI KL to baseline: 0.2791
2026-03-28 22:54:07 | DEBUG | sivi:base_reverse_runner.py:261| eval_kl_ite | Epoch 2820, Reverse Model KL ITE: 0.1842
2026-03-28 22:54:07 | DEBUG | sivi:base_runner.py:347| eval_w2 | Epoch 2820, VI W2 to baseline: 0.5804
2026-03-28 22:54:07 | DEBUG | sivi:base_reverse_runner.py:272| eval_w2 | Epoch 2820, Reverse Model W2: 0.1439
2026-03-28 22:54:07 | DEBUG | sivi:base_runner.py:477| eval_elbo | Epoch 2820, ELBO: 0.6466, Std Total: 7.7722, Std Q: nan, CI Half: 0.6813
2026-03-28 22:54:07 | DEBUG | sivi:base_runner.py:507| eval_ksd | Epoch 2820, VI KSD: 0.0609
2026-03-28 22:54:07 | DEBUG | sivi:base_runner.py:337| eval_kl_ite | Epoch 2830, VI KL to baseline: 0.2758
2026-03-28 22:54:08 | DEBUG | sivi:base_reverse_runner.py:261| eval_kl_ite | Epoch 2830, Reverse Model KL ITE: 0.1863
2026-03-28 22:54:08 | DEBUG | sivi:base_runner.py:347| eval_w2 | Epoch 2830, VI W2 to baseline: 0.5949
2026-03-28 22:54:08 | DEBUG | sivi:base_reverse_runner.py:272| eval_w2 | Epoch 2830, Reverse Model W2: 0.1014
2026-03-28 22:54:08 | DEBUG | sivi:base_runner.py:477| eval_elbo | Epoch 2830, ELBO: 0.9349, Std Total: 8.9664, Std Q: nan, CI Half: 0.7859
2026-03-28 22:54:08 | DEBUG | sivi:base_runner.py:507| eval_ksd | Epoch 2830, VI KSD: 0.0412
2026-03-28 22:54:08 | DEBUG | sivi:base_runner.py:337| eval_kl_ite | Epoch 2840, VI KL to baseline: 0.2270
2026-03-28 22:54:08 | DEBUG | sivi:base_reverse_runner.py:261| eval_kl_ite | Epoch 2840, Reverse Model KL ITE: 0.1797
2026-03-28 22:54:08 | DEBUG | sivi:base_runner.py:347| eval_w2 | Epoch 2840, VI W2 to baseline: 0.5552
2026-03-28 22:54:08 | DEBUG | sivi:base_reverse_runner.py:272| eval_w2 | Epoch 2840, Reverse Model W2: 0.1220
2026-03-28 22:54:08 | DEBUG | sivi:base_runner.py:477| eval_elbo | Epoch 2840, ELBO: 0.7140, Std Total: 8.5974, Std Q: nan, CI Half: 0.7536
2026-03-28 22:54:08 | DEBUG | sivi:base_runner.py:507| eval_ksd | Epoch 2840, VI KSD: 0.0511
2026-03-28 22:54:08 | DEBUG | sivi:base_runner.py:337| eval_kl_ite | Epoch 2850, VI KL to baseline: 0.2010
2026-03-28 22:54:08 | DEBUG | sivi:base_reverse_runner.py:261| eval_kl_ite | Epoch 2850, Reverse Model KL ITE: 0.1837
2026-03-28 22:54:09 | DEBUG | sivi:base_runner.py:347| eval_w2 | Epoch 2850, VI W2 to baseline: 0.4898
2026-03-28 22:54:09 | DEBUG | sivi:base_reverse_runner.py:272| eval_w2 | Epoch 2850, Reverse Model W2: 0.0961
2026-03-28 22:54:09 | DEBUG | sivi:base_runner.py:477| eval_elbo | Epoch 2850, ELBO: 0.8816, Std Total: 9.4502, Std Q: nan, CI Half: 0.8283
2026-03-28 22:54:09 | DEBUG | sivi:base_runner.py:507| eval_ksd | Epoch 2850, VI KSD: 0.0433
2026-03-28 22:54:09 | DEBUG | sivi:base_runner.py:337| eval_kl_ite | Epoch 2860, VI KL to baseline: 0.2019
2026-03-28 22:54:09 | DEBUG | sivi:base_reverse_runner.py:261| eval_kl_ite | Epoch 2860, Reverse Model KL ITE: 0.1544
2026-03-28 22:54:09 | DEBUG | sivi:base_runner.py:347| eval_w2 | Epoch 2860, VI W2 to baseline: 0.5186
2026-03-28 22:54:09 | DEBUG | sivi:base_reverse_runner.py:272| eval_w2 | Epoch 2860, Reverse Model W2: 0.0999
2026-03-28 22:54:09 | DEBUG | sivi:base_runner.py:477| eval_elbo | Epoch 2860, ELBO: 0.3003, Std Total: 3.9144, Std Q: nan, CI Half: 0.3431
2026-03-28 22:54:09 | DEBUG | sivi:base_runner.py:507| eval_ksd | Epoch 2860, VI KSD: 0.0341
2026-03-28 22:54:10 | DEBUG | sivi:base_runner.py:337| eval_kl_ite | Epoch 2870, VI KL to baseline: 0.2049
2026-03-28 22:54:10 | DEBUG | sivi:base_reverse_runner.py:261| eval_kl_ite | Epoch 2870, Reverse Model KL ITE: 0.1716
2026-03-28 22:54:10 | DEBUG | sivi:base_runner.py:347| eval_w2 | Epoch 2870, VI W2 to baseline: 0.5084
2026-03-28 22:54:10 | DEBUG | sivi:base_reverse_runner.py:272| eval_w2 | Epoch 2870, Reverse Model W2: 0.1082
2026-03-28 22:54:10 | DEBUG | sivi:base_runner.py:477| eval_elbo | Epoch 2870, ELBO: 0.5789, Std Total: 6.4029, Std Q: nan, CI Half: 0.5612
2026-03-28 22:54:10 | DEBUG | sivi:base_runner.py:507| eval_ksd | Epoch 2870, VI KSD: 0.0418
2026-03-28 22:54:10 | DEBUG | sivi:base_runner.py:337| eval_kl_ite | Epoch 2880, VI KL to baseline: 0.2316
2026-03-28 22:54:10 | DEBUG | sivi:base_reverse_runner.py:261| eval_kl_ite | Epoch 2880, Reverse Model KL ITE: 0.1697
2026-03-28 22:54:10 | DEBUG | sivi:base_runner.py:347| eval_w2 | Epoch 2880, VI W2 to baseline: 0.5254
2026-03-28 22:54:10 | DEBUG | sivi:base_reverse_runner.py:272| eval_w2 | Epoch 2880, Reverse Model W2: 0.1264
2026-03-28 22:54:10 | DEBUG | sivi:base_runner.py:477| eval_elbo | Epoch 2880, ELBO: 0.4045, Std Total: 6.2745, Std Q: nan, CI Half: 0.5500
2026-03-28 22:54:10 | DEBUG | sivi:base_runner.py:507| eval_ksd | Epoch 2880, VI KSD: 0.0537
2026-03-28 22:54:10 | DEBUG | sivi:base_runner.py:337| eval_kl_ite | Epoch 2890, VI KL to baseline: 0.2013
2026-03-28 22:54:11 | DEBUG | sivi:base_reverse_runner.py:261| eval_kl_ite | Epoch 2890, Reverse Model KL ITE: 0.1504
2026-03-28 22:54:11 | DEBUG | sivi:base_runner.py:347| eval_w2 | Epoch 2890, VI W2 to baseline: 0.5267
2026-03-28 22:54:11 | DEBUG | sivi:base_reverse_runner.py:272| eval_w2 | Epoch 2890, Reverse Model W2: 0.1045
2026-03-28 22:54:11 | DEBUG | sivi:base_runner.py:477| eval_elbo | Epoch 2890, ELBO: 0.6595, Std Total: 7.5673, Std Q: nan, CI Half: 0.6633
2026-03-28 22:54:11 | DEBUG | sivi:base_runner.py:507| eval_ksd | Epoch 2890, VI KSD: 0.0400
2026-03-28 22:54:11 | DEBUG | sivi:base_runner.py:874| learn | Epoch 2900: Avg Loss: 0.0372, Avg Epoch Time: 0.0513s
2026-03-28 22:54:11 | DEBUG | sivi:base_runner.py:337| eval_kl_ite | Epoch 2900, VI KL to baseline: 0.2050
2026-03-28 22:54:11 | DEBUG | sivi:base_reverse_runner.py:261| eval_kl_ite | Epoch 2900, Reverse Model KL ITE: 0.1559
2026-03-28 22:54:11 | DEBUG | sivi:base_runner.py:347| eval_w2 | Epoch 2900, VI W2 to baseline: 0.5263
2026-03-28 22:54:11 | DEBUG | sivi:base_reverse_runner.py:272| eval_w2 | Epoch 2900, Reverse Model W2: 0.0941
2026-03-28 22:54:11 | DEBUG | sivi:base_runner.py:477| eval_elbo | Epoch 2900, ELBO: 0.9200, Std Total: 7.6105, Std Q: nan, CI Half: 0.6671
2026-03-28 22:54:11 | DEBUG | sivi:base_runner.py:507| eval_ksd | Epoch 2900, VI KSD: 0.0465
2026-03-28 22:54:11 | DEBUG | sivi:base_runner.py:337| eval_kl_ite | Epoch 2910, VI KL to baseline: 0.1969
2026-03-28 22:54:12 | DEBUG | sivi:base_reverse_runner.py:261| eval_kl_ite | Epoch 2910, Reverse Model KL ITE: 0.1418
2026-03-28 22:54:12 | DEBUG | sivi:base_runner.py:347| eval_w2 | Epoch 2910, VI W2 to baseline: 0.4908
2026-03-28 22:54:12 | DEBUG | sivi:base_reverse_runner.py:272| eval_w2 | Epoch 2910, Reverse Model W2: 0.0954
2026-03-28 22:54:12 | DEBUG | sivi:base_runner.py:477| eval_elbo | Epoch 2910, ELBO: 0.4608, Std Total: 5.8134, Std Q: nan, CI Half: 0.5096
2026-03-28 22:54:12 | DEBUG | sivi:base_runner.py:507| eval_ksd | Epoch 2910, VI KSD: 0.0484
2026-03-28 22:54:12 | DEBUG | sivi:base_runner.py:337| eval_kl_ite | Epoch 2920, VI KL to baseline: 0.1988
2026-03-28 22:54:12 | DEBUG | sivi:base_reverse_runner.py:261| eval_kl_ite | Epoch 2920, Reverse Model KL ITE: 0.1773
2026-03-28 22:54:12 | DEBUG | sivi:base_runner.py:347| eval_w2 | Epoch 2920, VI W2 to baseline: 0.5284
2026-03-28 22:54:12 | DEBUG | sivi:base_reverse_runner.py:272| eval_w2 | Epoch 2920, Reverse Model W2: 0.1112
2026-03-28 22:54:12 | DEBUG | sivi:base_runner.py:477| eval_elbo | Epoch 2920, ELBO: 1.2122, Std Total: 10.5053, Std Q: nan, CI Half: 0.9208
2026-03-28 22:54:12 | DEBUG | sivi:base_runner.py:507| eval_ksd | Epoch 2920, VI KSD: 0.0397
2026-03-28 22:54:12 | DEBUG | sivi:base_runner.py:337| eval_kl_ite | Epoch 2930, VI KL to baseline: 0.2039
2026-03-28 22:54:12 | DEBUG | sivi:base_reverse_runner.py:261| eval_kl_ite | Epoch 2930, Reverse Model KL ITE: 0.1821
2026-03-28 22:54:12 | DEBUG | sivi:base_runner.py:347| eval_w2 | Epoch 2930, VI W2 to baseline: 0.4846
2026-03-28 22:54:12 | DEBUG | sivi:base_reverse_runner.py:272| eval_w2 | Epoch 2930, Reverse Model W2: 0.1139
2026-03-28 22:54:12 | DEBUG | sivi:base_runner.py:477| eval_elbo | Epoch 2930, ELBO: 1.0170, Std Total: 9.1690, Std Q: nan, CI Half: 0.8037
2026-03-28 22:54:12 | DEBUG | sivi:base_runner.py:507| eval_ksd | Epoch 2930, VI KSD: 0.0398
2026-03-28 22:54:13 | DEBUG | sivi:base_runner.py:337| eval_kl_ite | Epoch 2940, VI KL to baseline: 0.1761
2026-03-28 22:54:13 | DEBUG | sivi:base_reverse_runner.py:261| eval_kl_ite | Epoch 2940, Reverse Model KL ITE: 0.1832
2026-03-28 22:54:13 | DEBUG | sivi:base_runner.py:347| eval_w2 | Epoch 2940, VI W2 to baseline: 0.4275
2026-03-28 22:54:13 | DEBUG | sivi:base_reverse_runner.py:272| eval_w2 | Epoch 2940, Reverse Model W2: 0.0979
2026-03-28 22:54:13 | DEBUG | sivi:base_runner.py:477| eval_elbo | Epoch 2940, ELBO: 0.6444, Std Total: 7.4802, Std Q: nan, CI Half: 0.6557
2026-03-28 22:54:13 | DEBUG | sivi:base_runner.py:507| eval_ksd | Epoch 2940, VI KSD: 0.0335
2026-03-28 22:54:13 | DEBUG | sivi:base_runner.py:337| eval_kl_ite | Epoch 2950, VI KL to baseline: 0.1596
2026-03-28 22:54:13 | DEBUG | sivi:base_reverse_runner.py:261| eval_kl_ite | Epoch 2950, Reverse Model KL ITE: 0.1749
2026-03-28 22:54:13 | DEBUG | sivi:base_runner.py:347| eval_w2 | Epoch 2950, VI W2 to baseline: 0.4641
2026-03-28 22:54:13 | DEBUG | sivi:base_reverse_runner.py:272| eval_w2 | Epoch 2950, Reverse Model W2: 0.1298
2026-03-28 22:54:13 | DEBUG | sivi:base_runner.py:477| eval_elbo | Epoch 2950, ELBO: 0.3878, Std Total: 5.8862, Std Q: nan, CI Half: 0.5159
2026-03-28 22:54:13 | DEBUG | sivi:base_runner.py:507| eval_ksd | Epoch 2950, VI KSD: 0.0366
2026-03-28 22:54:14 | DEBUG | sivi:base_runner.py:337| eval_kl_ite | Epoch 2960, VI KL to baseline: 0.1614
2026-03-28 22:54:14 | DEBUG | sivi:base_reverse_runner.py:261| eval_kl_ite | Epoch 2960, Reverse Model KL ITE: 0.1609
2026-03-28 22:54:14 | DEBUG | sivi:base_runner.py:347| eval_w2 | Epoch 2960, VI W2 to baseline: 0.4571
2026-03-28 22:54:14 | DEBUG | sivi:base_reverse_runner.py:272| eval_w2 | Epoch 2960, Reverse Model W2: 0.1040
2026-03-28 22:54:14 | DEBUG | sivi:base_runner.py:477| eval_elbo | Epoch 2960, ELBO: 0.9116, Std Total: 8.6452, Std Q: nan, CI Half: 0.7578
2026-03-28 22:54:14 | DEBUG | sivi:base_runner.py:507| eval_ksd | Epoch 2960, VI KSD: 0.0425
2026-03-28 22:54:14 | DEBUG | sivi:base_runner.py:337| eval_kl_ite | Epoch 2970, VI KL to baseline: 0.1754
2026-03-28 22:54:14 | DEBUG | sivi:base_reverse_runner.py:261| eval_kl_ite | Epoch 2970, Reverse Model KL ITE: 0.1593
2026-03-28 22:54:14 | DEBUG | sivi:base_runner.py:347| eval_w2 | Epoch 2970, VI W2 to baseline: 0.4785
2026-03-28 22:54:14 | DEBUG | sivi:base_reverse_runner.py:272| eval_w2 | Epoch 2970, Reverse Model W2: 0.1023
2026-03-28 22:54:14 | DEBUG | sivi:base_runner.py:477| eval_elbo | Epoch 2970, ELBO: 1.1627, Std Total: 9.8349, Std Q: nan, CI Half: 0.8621
2026-03-28 22:54:14 | DEBUG | sivi:base_runner.py:507| eval_ksd | Epoch 2970, VI KSD: 0.0448
2026-03-28 22:54:14 | DEBUG | sivi:base_runner.py:337| eval_kl_ite | Epoch 2980, VI KL to baseline: 0.1940
2026-03-28 22:54:15 | DEBUG | sivi:base_reverse_runner.py:261| eval_kl_ite | Epoch 2980, Reverse Model KL ITE: 0.1832
2026-03-28 22:54:15 | DEBUG | sivi:base_runner.py:347| eval_w2 | Epoch 2980, VI W2 to baseline: 0.4816
2026-03-28 22:54:15 | DEBUG | sivi:base_reverse_runner.py:272| eval_w2 | Epoch 2980, Reverse Model W2: 0.0990
2026-03-28 22:54:15 | DEBUG | sivi:base_runner.py:477| eval_elbo | Epoch 2980, ELBO: 1.2808, Std Total: 10.0827, Std Q: nan, CI Half: 0.8838
2026-03-28 22:54:15 | DEBUG | sivi:base_runner.py:507| eval_ksd | Epoch 2980, VI KSD: 0.0491
2026-03-28 22:54:15 | DEBUG | sivi:base_runner.py:337| eval_kl_ite | Epoch 2990, VI KL to baseline: 0.1648
2026-03-28 22:54:15 | DEBUG | sivi:base_reverse_runner.py:261| eval_kl_ite | Epoch 2990, Reverse Model KL ITE: 0.1486
2026-03-28 22:54:15 | DEBUG | sivi:base_runner.py:347| eval_w2 | Epoch 2990, VI W2 to baseline: 0.4628
2026-03-28 22:54:15 | DEBUG | sivi:base_reverse_runner.py:272| eval_w2 | Epoch 2990, Reverse Model W2: 0.1049
2026-03-28 22:54:15 | DEBUG | sivi:base_runner.py:477| eval_elbo | Epoch 2990, ELBO: 1.2390, Std Total: 12.3884, Std Q: nan, CI Half: 1.0859
2026-03-28 22:54:15 | DEBUG | sivi:base_runner.py:507| eval_ksd | Epoch 2990, VI KSD: 0.0304
2026-03-28 22:54:16 | DEBUG | sivi:base_runner.py:874| learn | Epoch 3000: Avg Loss: -0.0018, Avg Epoch Time: 0.0457s
2026-03-28 22:54:16 | DEBUG | sivi:base_reverse_runner.py:183| _training_rev_log_func | Epoch 3000, Inner epoch 1, Reverse Model Loss: 3.6106, Avg Steps: 1.0000
2026-03-28 22:54:16 | DEBUG | sivi:base_runner.py:588| save_samples | Saved 100000 samples at epoch 3000.
2026-03-28 22:54:16 | DEBUG | sivi:base_runner.py:607| save_checkpoint | Saved VIModel checkpoints at epoch 3000 to results/AISIVI/x_shaped/20260328_225057/checkpoints/epoch_3000.
2026-03-28 22:54:16 | DEBUG | sivi:base_reverse_runner.py:476| save_checkpoint | Saved reverse checkpoints at epoch 3000 to results/AISIVI/x_shaped/20260328_225057/checkpoints/epoch_3000.
2026-03-28 22:54:16 | DEBUG | sivi:base_runner.py:337| eval_kl_ite | Epoch 3000, VI KL to baseline: 0.1843
2026-03-28 22:54:16 | DEBUG | sivi:base_reverse_runner.py:261| eval_kl_ite | Epoch 3000, Reverse Model KL ITE: 0.1850
2026-03-28 22:54:16 | DEBUG | sivi:base_runner.py:347| eval_w2 | Epoch 3000, VI W2 to baseline: 0.4699
2026-03-28 22:54:16 | DEBUG | sivi:base_reverse_runner.py:272| eval_w2 | Epoch 3000, Reverse Model W2: 0.1048
2026-03-28 22:54:16 | DEBUG | sivi:base_runner.py:477| eval_elbo | Epoch 3000, ELBO: 1.0267, Std Total: 8.8758, Std Q: nan, CI Half: 0.7780
2026-03-28 22:54:16 | DEBUG | sivi:base_runner.py:507| eval_ksd | Epoch 3000, VI KSD: 0.0334
2026-03-28 22:54:16 | DEBUG | sivi:base_runner.py:970| learn | Saved contour plot at epoch 3000.
2026-03-28 22:54:16 | DEBUG | sivi:base_runner.py:337| eval_kl_ite | Epoch 3010, VI KL to baseline: 0.1863
2026-03-28 22:54:16 | DEBUG | sivi:base_reverse_runner.py:261| eval_kl_ite | Epoch 3010, Reverse Model KL ITE: 0.1812
2026-03-28 22:54:16 | DEBUG | sivi:base_runner.py:347| eval_w2 | Epoch 3010, VI W2 to baseline: 0.4448
2026-03-28 22:54:16 | DEBUG | sivi:base_reverse_runner.py:272| eval_w2 | Epoch 3010, Reverse Model W2: 0.1113
2026-03-28 22:54:16 | DEBUG | sivi:base_runner.py:477| eval_elbo | Epoch 3010, ELBO: 1.5275, Std Total: 10.9222, Std Q: nan, CI Half: 0.9574
2026-03-28 22:54:16 | DEBUG | sivi:base_runner.py:507| eval_ksd | Epoch 3010, VI KSD: 0.0400
2026-03-28 22:54:17 | DEBUG | sivi:base_runner.py:337| eval_kl_ite | Epoch 3020, VI KL to baseline: 0.1507
2026-03-28 22:54:17 | DEBUG | sivi:base_reverse_runner.py:261| eval_kl_ite | Epoch 3020, Reverse Model KL ITE: 0.2011
2026-03-28 22:54:17 | DEBUG | sivi:base_runner.py:347| eval_w2 | Epoch 3020, VI W2 to baseline: 0.4547
2026-03-28 22:54:17 | DEBUG | sivi:base_reverse_runner.py:272| eval_w2 | Epoch 3020, Reverse Model W2: 0.1158
2026-03-28 22:54:17 | DEBUG | sivi:base_runner.py:477| eval_elbo | Epoch 3020, ELBO: 0.8055, Std Total: 6.8970, Std Q: nan, CI Half: 0.6045
2026-03-28 22:54:17 | DEBUG | sivi:base_runner.py:507| eval_ksd | Epoch 3020, VI KSD: 0.0372
2026-03-28 22:54:17 | DEBUG | sivi:base_runner.py:337| eval_kl_ite | Epoch 3030, VI KL to baseline: 0.1693
2026-03-28 22:54:17 | DEBUG | sivi:base_reverse_runner.py:261| eval_kl_ite | Epoch 3030, Reverse Model KL ITE: 0.2041
2026-03-28 22:54:17 | DEBUG | sivi:base_runner.py:347| eval_w2 | Epoch 3030, VI W2 to baseline: 0.4454
2026-03-28 22:54:17 | DEBUG | sivi:base_reverse_runner.py:272| eval_w2 | Epoch 3030, Reverse Model W2: 0.1087
2026-03-28 22:54:17 | DEBUG | sivi:base_runner.py:477| eval_elbo | Epoch 3030, ELBO: 0.6804, Std Total: 6.9710, Std Q: nan, CI Half: 0.6110
2026-03-28 22:54:17 | DEBUG | sivi:base_runner.py:507| eval_ksd | Epoch 3030, VI KSD: 0.0265
2026-03-28 22:54:18 | DEBUG | sivi:base_runner.py:337| eval_kl_ite | Epoch 3040, VI KL to baseline: 0.1472
2026-03-28 22:54:18 | DEBUG | sivi:base_reverse_runner.py:261| eval_kl_ite | Epoch 3040, Reverse Model KL ITE: 0.1943
2026-03-28 22:54:18 | DEBUG | sivi:base_runner.py:347| eval_w2 | Epoch 3040, VI W2 to baseline: 0.4353
2026-03-28 22:54:18 | DEBUG | sivi:base_reverse_runner.py:272| eval_w2 | Epoch 3040, Reverse Model W2: 0.1030
2026-03-28 22:54:18 | DEBUG | sivi:base_runner.py:477| eval_elbo | Epoch 3040, ELBO: 0.4300, Std Total: 4.9759, Std Q: nan, CI Half: 0.4362
2026-03-28 22:54:18 | DEBUG | sivi:base_runner.py:507| eval_ksd | Epoch 3040, VI KSD: 0.0374
2026-03-28 22:54:18 | DEBUG | sivi:base_runner.py:337| eval_kl_ite | Epoch 3050, VI KL to baseline: 0.1621
2026-03-28 22:54:18 | DEBUG | sivi:base_reverse_runner.py:261| eval_kl_ite | Epoch 3050, Reverse Model KL ITE: 0.1954
2026-03-28 22:54:18 | DEBUG | sivi:base_runner.py:347| eval_w2 | Epoch 3050, VI W2 to baseline: 0.4429
2026-03-28 22:54:18 | DEBUG | sivi:base_reverse_runner.py:272| eval_w2 | Epoch 3050, Reverse Model W2: 0.1159
2026-03-28 22:54:18 | DEBUG | sivi:base_runner.py:477| eval_elbo | Epoch 3050, ELBO: 1.0400, Std Total: 9.8363, Std Q: nan, CI Half: 0.8622
2026-03-28 22:54:18 | DEBUG | sivi:base_runner.py:507| eval_ksd | Epoch 3050, VI KSD: 0.0319
2026-03-28 22:54:18 | DEBUG | sivi:base_runner.py:337| eval_kl_ite | Epoch 3060, VI KL to baseline: 0.1774
2026-03-28 22:54:19 | DEBUG | sivi:base_reverse_runner.py:261| eval_kl_ite | Epoch 3060, Reverse Model KL ITE: 0.1876
2026-03-28 22:54:19 | DEBUG | sivi:base_runner.py:347| eval_w2 | Epoch 3060, VI W2 to baseline: 0.4587
2026-03-28 22:54:19 | DEBUG | sivi:base_reverse_runner.py:272| eval_w2 | Epoch 3060, Reverse Model W2: 0.1096
2026-03-28 22:54:19 | DEBUG | sivi:base_runner.py:477| eval_elbo | Epoch 3060, ELBO: 0.7629, Std Total: 8.1781, Std Q: nan, CI Half: 0.7168
2026-03-28 22:54:19 | DEBUG | sivi:base_runner.py:507| eval_ksd | Epoch 3060, VI KSD: 0.0329
2026-03-28 22:54:19 | DEBUG | sivi:base_runner.py:337| eval_kl_ite | Epoch 3070, VI KL to baseline: 0.1494
2026-03-28 22:54:19 | DEBUG | sivi:base_reverse_runner.py:261| eval_kl_ite | Epoch 3070, Reverse Model KL ITE: 0.1675
2026-03-28 22:54:19 | DEBUG | sivi:base_runner.py:347| eval_w2 | Epoch 3070, VI W2 to baseline: 0.4163
2026-03-28 22:54:19 | DEBUG | sivi:base_reverse_runner.py:272| eval_w2 | Epoch 3070, Reverse Model W2: 0.1526
2026-03-28 22:54:19 | DEBUG | sivi:base_runner.py:477| eval_elbo | Epoch 3070, ELBO: 0.9127, Std Total: 8.7987, Std Q: nan, CI Half: 0.7712
2026-03-28 22:54:19 | DEBUG | sivi:base_runner.py:507| eval_ksd | Epoch 3070, VI KSD: 0.0304
2026-03-28 22:54:20 | DEBUG | sivi:base_runner.py:337| eval_kl_ite | Epoch 3080, VI KL to baseline: 0.1506
2026-03-28 22:54:20 | DEBUG | sivi:base_reverse_runner.py:261| eval_kl_ite | Epoch 3080, Reverse Model KL ITE: 0.1702
2026-03-28 22:54:20 | DEBUG | sivi:base_runner.py:347| eval_w2 | Epoch 3080, VI W2 to baseline: 0.4435
2026-03-28 22:54:20 | DEBUG | sivi:base_reverse_runner.py:272| eval_w2 | Epoch 3080, Reverse Model W2: 0.1150
2026-03-28 22:54:20 | DEBUG | sivi:base_runner.py:477| eval_elbo | Epoch 3080, ELBO: 0.0693, Std Total: 2.6199, Std Q: nan, CI Half: 0.2296
2026-03-28 22:54:20 | DEBUG | sivi:base_runner.py:507| eval_ksd | Epoch 3080, VI KSD: 0.0358
2026-03-28 22:54:20 | DEBUG | sivi:base_runner.py:337| eval_kl_ite | Epoch 3090, VI KL to baseline: 0.1696
2026-03-28 22:54:20 | DEBUG | sivi:base_reverse_runner.py:261| eval_kl_ite | Epoch 3090, Reverse Model KL ITE: 0.1547
2026-03-28 22:54:20 | DEBUG | sivi:base_runner.py:347| eval_w2 | Epoch 3090, VI W2 to baseline: 0.4318
2026-03-28 22:54:20 | DEBUG | sivi:base_reverse_runner.py:272| eval_w2 | Epoch 3090, Reverse Model W2: 0.1253
2026-03-28 22:54:20 | DEBUG | sivi:base_runner.py:477| eval_elbo | Epoch 3090, ELBO: 1.8227, Std Total: 12.6683, Std Q: nan, CI Half: 1.1104
2026-03-28 22:54:20 | DEBUG | sivi:base_runner.py:507| eval_ksd | Epoch 3090, VI KSD: 0.0232
2026-03-28 22:54:21 | DEBUG | sivi:base_runner.py:874| learn | Epoch 3100: Avg Loss: 0.2399, Avg Epoch Time: 0.0502s
2026-03-28 22:54:21 | DEBUG | sivi:base_runner.py:337| eval_kl_ite | Epoch 3100, VI KL to baseline: 0.1218
2026-03-28 22:54:21 | DEBUG | sivi:base_reverse_runner.py:261| eval_kl_ite | Epoch 3100, Reverse Model KL ITE: 0.1561
2026-03-28 22:54:21 | DEBUG | sivi:base_runner.py:347| eval_w2 | Epoch 3100, VI W2 to baseline: 0.4265
2026-03-28 22:54:21 | DEBUG | sivi:base_reverse_runner.py:272| eval_w2 | Epoch 3100, Reverse Model W2: 0.1234
2026-03-28 22:54:21 | DEBUG | sivi:base_runner.py:477| eval_elbo | Epoch 3100, ELBO: 0.2476, Std Total: 4.3849, Std Q: nan, CI Half: 0.3844
2026-03-28 22:54:21 | DEBUG | sivi:base_runner.py:507| eval_ksd | Epoch 3100, VI KSD: 0.0270
2026-03-28 22:54:21 | DEBUG | sivi:base_runner.py:337| eval_kl_ite | Epoch 3110, VI KL to baseline: 0.1154
2026-03-28 22:54:21 | DEBUG | sivi:base_reverse_runner.py:261| eval_kl_ite | Epoch 3110, Reverse Model KL ITE: 0.1914
2026-03-28 22:54:21 | DEBUG | sivi:base_runner.py:347| eval_w2 | Epoch 3110, VI W2 to baseline: 0.3830
2026-03-28 22:54:21 | DEBUG | sivi:base_reverse_runner.py:272| eval_w2 | Epoch 3110, Reverse Model W2: 0.1081
2026-03-28 22:54:21 | DEBUG | sivi:base_runner.py:477| eval_elbo | Epoch 3110, ELBO: 1.2094, Std Total: 14.2698, Std Q: nan, CI Half: 1.2508
2026-03-28 22:54:21 | DEBUG | sivi:base_runner.py:507| eval_ksd | Epoch 3110, VI KSD: 0.0253
2026-03-28 22:54:22 | DEBUG | sivi:base_runner.py:337| eval_kl_ite | Epoch 3120, VI KL to baseline: 0.1299
2026-03-28 22:54:22 | DEBUG | sivi:base_reverse_runner.py:261| eval_kl_ite | Epoch 3120, Reverse Model KL ITE: 0.2110
2026-03-28 22:54:22 | DEBUG | sivi:base_runner.py:347| eval_w2 | Epoch 3120, VI W2 to baseline: 0.4079
2026-03-28 22:54:22 | DEBUG | sivi:base_reverse_runner.py:272| eval_w2 | Epoch 3120, Reverse Model W2: 0.1124
2026-03-28 22:54:22 | DEBUG | sivi:base_runner.py:477| eval_elbo | Epoch 3120, ELBO: 0.5337, Std Total: 5.6770, Std Q: nan, CI Half: 0.4976
2026-03-28 22:54:22 | DEBUG | sivi:base_runner.py:507| eval_ksd | Epoch 3120, VI KSD: 0.0206
2026-03-28 22:54:22 | DEBUG | sivi:base_runner.py:337| eval_kl_ite | Epoch 3130, VI KL to baseline: 0.1207
2026-03-28 22:54:22 | DEBUG | sivi:base_reverse_runner.py:261| eval_kl_ite | Epoch 3130, Reverse Model KL ITE: 0.2034
2026-03-28 22:54:22 | DEBUG | sivi:base_runner.py:347| eval_w2 | Epoch 3130, VI W2 to baseline: 0.4140
2026-03-28 22:54:22 | DEBUG | sivi:base_reverse_runner.py:272| eval_w2 | Epoch 3130, Reverse Model W2: 0.1065
2026-03-28 22:54:22 | DEBUG | sivi:base_runner.py:477| eval_elbo | Epoch 3130, ELBO: 0.3139, Std Total: 3.0457, Std Q: nan, CI Half: 0.2670
2026-03-28 22:54:22 | DEBUG | sivi:base_runner.py:507| eval_ksd | Epoch 3130, VI KSD: 0.0271
2026-03-28 22:54:22 | DEBUG | sivi:base_runner.py:337| eval_kl_ite | Epoch 3140, VI KL to baseline: 0.1442
2026-03-28 22:54:23 | DEBUG | sivi:base_reverse_runner.py:261| eval_kl_ite | Epoch 3140, Reverse Model KL ITE: 0.1581
2026-03-28 22:54:23 | DEBUG | sivi:base_runner.py:347| eval_w2 | Epoch 3140, VI W2 to baseline: 0.4278
2026-03-28 22:54:23 | DEBUG | sivi:base_reverse_runner.py:272| eval_w2 | Epoch 3140, Reverse Model W2: 0.1141
2026-03-28 22:54:23 | DEBUG | sivi:base_runner.py:477| eval_elbo | Epoch 3140, ELBO: 1.1322, Std Total: 9.6426, Std Q: nan, CI Half: 0.8452
2026-03-28 22:54:23 | DEBUG | sivi:base_runner.py:507| eval_ksd | Epoch 3140, VI KSD: 0.0242
2026-03-28 22:54:23 | DEBUG | sivi:base_runner.py:337| eval_kl_ite | Epoch 3150, VI KL to baseline: 0.1238
2026-03-28 22:54:23 | DEBUG | sivi:base_reverse_runner.py:261| eval_kl_ite | Epoch 3150, Reverse Model KL ITE: 0.1926
2026-03-28 22:54:23 | DEBUG | sivi:base_runner.py:347| eval_w2 | Epoch 3150, VI W2 to baseline: 0.4061
2026-03-28 22:54:23 | DEBUG | sivi:base_reverse_runner.py:272| eval_w2 | Epoch 3150, Reverse Model W2: 0.1012
2026-03-28 22:54:23 | DEBUG | sivi:base_runner.py:477| eval_elbo | Epoch 3150, ELBO: 0.3780, Std Total: 4.8270, Std Q: nan, CI Half: 0.4231
2026-03-28 22:54:23 | DEBUG | sivi:base_runner.py:507| eval_ksd | Epoch 3150, VI KSD: 0.0201
2026-03-28 22:54:23 | DEBUG | sivi:base_runner.py:337| eval_kl_ite | Epoch 3160, VI KL to baseline: 0.1353
2026-03-28 22:54:23 | DEBUG | sivi:base_reverse_runner.py:261| eval_kl_ite | Epoch 3160, Reverse Model KL ITE: 0.1837
2026-03-28 22:54:24 | DEBUG | sivi:base_runner.py:347| eval_w2 | Epoch 3160, VI W2 to baseline: 0.4481
2026-03-28 22:54:24 | DEBUG | sivi:base_reverse_runner.py:272| eval_w2 | Epoch 3160, Reverse Model W2: 0.1365
2026-03-28 22:54:24 | DEBUG | sivi:base_runner.py:477| eval_elbo | Epoch 3160, ELBO: 1.1750, Std Total: 10.0294, Std Q: nan, CI Half: 0.8791
2026-03-28 22:54:24 | DEBUG | sivi:base_runner.py:507| eval_ksd | Epoch 3160, VI KSD: 0.0266
2026-03-28 22:54:24 | DEBUG | sivi:base_runner.py:337| eval_kl_ite | Epoch 3170, VI KL to baseline: 0.1752
2026-03-28 22:54:24 | DEBUG | sivi:base_reverse_runner.py:261| eval_kl_ite | Epoch 3170, Reverse Model KL ITE: 0.1599
2026-03-28 22:54:24 | DEBUG | sivi:base_runner.py:347| eval_w2 | Epoch 3170, VI W2 to baseline: 0.4601
2026-03-28 22:54:24 | DEBUG | sivi:base_reverse_runner.py:272| eval_w2 | Epoch 3170, Reverse Model W2: 0.1138
2026-03-28 22:54:24 | DEBUG | sivi:base_runner.py:477| eval_elbo | Epoch 3170, ELBO: 1.0891, Std Total: 8.8059, Std Q: nan, CI Half: 0.7719
2026-03-28 22:54:24 | DEBUG | sivi:base_runner.py:507| eval_ksd | Epoch 3170, VI KSD: 0.0338
2026-03-28 22:54:24 | DEBUG | sivi:base_runner.py:337| eval_kl_ite | Epoch 3180, VI KL to baseline: 0.1591
2026-03-28 22:54:25 | DEBUG | sivi:base_reverse_runner.py:261| eval_kl_ite | Epoch 3180, Reverse Model KL ITE: 0.1926
2026-03-28 22:54:25 | DEBUG | sivi:base_runner.py:347| eval_w2 | Epoch 3180, VI W2 to baseline: 0.4384
2026-03-28 22:54:25 | DEBUG | sivi:base_reverse_runner.py:272| eval_w2 | Epoch 3180, Reverse Model W2: 0.1240
2026-03-28 22:54:25 | DEBUG | sivi:base_runner.py:477| eval_elbo | Epoch 3180, ELBO: 0.5073, Std Total: 5.4128, Std Q: nan, CI Half: 0.4744
2026-03-28 22:54:25 | DEBUG | sivi:base_runner.py:507| eval_ksd | Epoch 3180, VI KSD: 0.0337
2026-03-28 22:54:25 | DEBUG | sivi:base_runner.py:337| eval_kl_ite | Epoch 3190, VI KL to baseline: 0.1416
2026-03-28 22:54:25 | DEBUG | sivi:base_reverse_runner.py:261| eval_kl_ite | Epoch 3190, Reverse Model KL ITE: 0.1909
2026-03-28 22:54:25 | DEBUG | sivi:base_runner.py:347| eval_w2 | Epoch 3190, VI W2 to baseline: 0.4358
2026-03-28 22:54:25 | DEBUG | sivi:base_reverse_runner.py:272| eval_w2 | Epoch 3190, Reverse Model W2: 0.1136
2026-03-28 22:54:25 | DEBUG | sivi:base_runner.py:477| eval_elbo | Epoch 3190, ELBO: 0.4481, Std Total: 5.6026, Std Q: nan, CI Half: 0.4911
2026-03-28 22:54:25 | DEBUG | sivi:base_runner.py:507| eval_ksd | Epoch 3190, VI KSD: 0.0234
2026-03-28 22:54:25 | DEBUG | sivi:base_runner.py:874| learn | Epoch 3200: Avg Loss: -0.2066, Avg Epoch Time: 0.0473s
2026-03-28 22:54:25 | DEBUG | sivi:base_runner.py:337| eval_kl_ite | Epoch 3200, VI KL to baseline: 0.1370
2026-03-28 22:54:25 | DEBUG | sivi:base_reverse_runner.py:261| eval_kl_ite | Epoch 3200, Reverse Model KL ITE: 0.1855
2026-03-28 22:54:25 | DEBUG | sivi:base_runner.py:347| eval_w2 | Epoch 3200, VI W2 to baseline: 0.4475
2026-03-28 22:54:25 | DEBUG | sivi:base_reverse_runner.py:272| eval_w2 | Epoch 3200, Reverse Model W2: 0.1204
2026-03-28 22:54:26 | DEBUG | sivi:base_runner.py:477| eval_elbo | Epoch 3200, ELBO: 0.6355, Std Total: 9.0681, Std Q: nan, CI Half: 0.7949
2026-03-28 22:54:26 | DEBUG | sivi:base_runner.py:507| eval_ksd | Epoch 3200, VI KSD: 0.0335
2026-03-28 22:54:26 | DEBUG | sivi:base_runner.py:337| eval_kl_ite | Epoch 3210, VI KL to baseline: 0.1645
2026-03-28 22:54:26 | DEBUG | sivi:base_reverse_runner.py:261| eval_kl_ite | Epoch 3210, Reverse Model KL ITE: 0.1633
2026-03-28 22:54:26 | DEBUG | sivi:base_runner.py:347| eval_w2 | Epoch 3210, VI W2 to baseline: 0.4739
2026-03-28 22:54:26 | DEBUG | sivi:base_reverse_runner.py:272| eval_w2 | Epoch 3210, Reverse Model W2: 0.1350
2026-03-28 22:54:26 | DEBUG | sivi:base_runner.py:477| eval_elbo | Epoch 3210, ELBO: 0.8889, Std Total: 8.2345, Std Q: nan, CI Half: 0.7218
2026-03-28 22:54:26 | DEBUG | sivi:base_runner.py:507| eval_ksd | Epoch 3210, VI KSD: 0.0315
2026-03-28 22:54:27 | DEBUG | sivi:base_runner.py:337| eval_kl_ite | Epoch 3220, VI KL to baseline: 0.1640
2026-03-28 22:54:27 | DEBUG | sivi:base_reverse_runner.py:261| eval_kl_ite | Epoch 3220, Reverse Model KL ITE: 0.2128
2026-03-28 22:54:27 | DEBUG | sivi:base_runner.py:347| eval_w2 | Epoch 3220, VI W2 to baseline: 0.4918
2026-03-28 22:54:27 | DEBUG | sivi:base_reverse_runner.py:272| eval_w2 | Epoch 3220, Reverse Model W2: 0.1562
2026-03-28 22:54:27 | DEBUG | sivi:base_runner.py:477| eval_elbo | Epoch 3220, ELBO: 0.6152, Std Total: 7.8242, Std Q: nan, CI Half: 0.6858
2026-03-28 22:54:27 | DEBUG | sivi:base_runner.py:507| eval_ksd | Epoch 3220, VI KSD: 0.0334
2026-03-28 22:54:27 | DEBUG | sivi:base_runner.py:337| eval_kl_ite | Epoch 3230, VI KL to baseline: 0.1727
2026-03-28 22:54:27 | DEBUG | sivi:base_reverse_runner.py:261| eval_kl_ite | Epoch 3230, Reverse Model KL ITE: 0.1914
2026-03-28 22:54:27 | DEBUG | sivi:base_runner.py:347| eval_w2 | Epoch 3230, VI W2 to baseline: 0.4769
2026-03-28 22:54:27 | DEBUG | sivi:base_reverse_runner.py:272| eval_w2 | Epoch 3230, Reverse Model W2: 0.1224
2026-03-28 22:54:27 | DEBUG | sivi:base_runner.py:477| eval_elbo | Epoch 3230, ELBO: 0.2559, Std Total: 3.3870, Std Q: nan, CI Half: 0.2969
2026-03-28 22:54:27 | DEBUG | sivi:base_runner.py:507| eval_ksd | Epoch 3230, VI KSD: 0.0345
2026-03-28 22:54:27 | DEBUG | sivi:base_runner.py:337| eval_kl_ite | Epoch 3240, VI KL to baseline: 0.1573
2026-03-28 22:54:28 | DEBUG | sivi:base_reverse_runner.py:261| eval_kl_ite | Epoch 3240, Reverse Model KL ITE: 0.1669
2026-03-28 22:54:28 | DEBUG | sivi:base_runner.py:347| eval_w2 | Epoch 3240, VI W2 to baseline: 0.4700
2026-03-28 22:54:28 | DEBUG | sivi:base_reverse_runner.py:272| eval_w2 | Epoch 3240, Reverse Model W2: 0.1133
2026-03-28 22:54:28 | DEBUG | sivi:base_runner.py:477| eval_elbo | Epoch 3240, ELBO: 0.9803, Std Total: 9.1664, Std Q: nan, CI Half: 0.8035
2026-03-28 22:54:28 | DEBUG | sivi:base_runner.py:507| eval_ksd | Epoch 3240, VI KSD: 0.0237
2026-03-28 22:54:28 | DEBUG | sivi:base_runner.py:337| eval_kl_ite | Epoch 3250, VI KL to baseline: 0.1625
2026-03-28 22:54:28 | DEBUG | sivi:base_reverse_runner.py:261| eval_kl_ite | Epoch 3250, Reverse Model KL ITE: 0.1980
2026-03-28 22:54:28 | DEBUG | sivi:base_runner.py:347| eval_w2 | Epoch 3250, VI W2 to baseline: 0.4642
2026-03-28 22:54:28 | DEBUG | sivi:base_reverse_runner.py:272| eval_w2 | Epoch 3250, Reverse Model W2: 0.1037
2026-03-28 22:54:28 | DEBUG | sivi:base_runner.py:477| eval_elbo | Epoch 3250, ELBO: 0.6263, Std Total: 5.1048, Std Q: nan, CI Half: 0.4475
2026-03-28 22:54:28 | DEBUG | sivi:base_runner.py:507| eval_ksd | Epoch 3250, VI KSD: 0.0263
2026-03-28 22:54:29 | DEBUG | sivi:base_runner.py:337| eval_kl_ite | Epoch 3260, VI KL to baseline: 0.1634
2026-03-28 22:54:29 | DEBUG | sivi:base_reverse_runner.py:261| eval_kl_ite | Epoch 3260, Reverse Model KL ITE: 0.1708
2026-03-28 22:54:29 | DEBUG | sivi:base_runner.py:347| eval_w2 | Epoch 3260, VI W2 to baseline: 0.4581
2026-03-28 22:54:29 | DEBUG | sivi:base_reverse_runner.py:272| eval_w2 | Epoch 3260, Reverse Model W2: 0.1162
2026-03-28 22:54:29 | DEBUG | sivi:base_runner.py:477| eval_elbo | Epoch 3260, ELBO: 1.0312, Std Total: 10.0872, Std Q: nan, CI Half: 0.8842
2026-03-28 22:54:29 | DEBUG | sivi:base_runner.py:507| eval_ksd | Epoch 3260, VI KSD: 0.0262
2026-03-28 22:54:29 | DEBUG | sivi:base_runner.py:337| eval_kl_ite | Epoch 3270, VI KL to baseline: 0.1302
2026-03-28 22:54:29 | DEBUG | sivi:base_reverse_runner.py:261| eval_kl_ite | Epoch 3270, Reverse Model KL ITE: 0.1563
2026-03-28 22:54:29 | DEBUG | sivi:base_runner.py:347| eval_w2 | Epoch 3270, VI W2 to baseline: 0.5057
2026-03-28 22:54:29 | DEBUG | sivi:base_reverse_runner.py:272| eval_w2 | Epoch 3270, Reverse Model W2: 0.1084
2026-03-28 22:54:29 | DEBUG | sivi:base_runner.py:477| eval_elbo | Epoch 3270, ELBO: 1.6885, Std Total: 14.4471, Std Q: nan, CI Half: 1.2663
2026-03-28 22:54:29 | DEBUG | sivi:base_runner.py:507| eval_ksd | Epoch 3270, VI KSD: 0.0250
2026-03-28 22:54:29 | DEBUG | sivi:base_runner.py:337| eval_kl_ite | Epoch 3280, VI KL to baseline: 0.1935
2026-03-28 22:54:30 | DEBUG | sivi:base_reverse_runner.py:261| eval_kl_ite | Epoch 3280, Reverse Model KL ITE: 0.1715
2026-03-28 22:54:30 | DEBUG | sivi:base_runner.py:347| eval_w2 | Epoch 3280, VI W2 to baseline: 0.4901
2026-03-28 22:54:30 | DEBUG | sivi:base_reverse_runner.py:272| eval_w2 | Epoch 3280, Reverse Model W2: 0.1123
2026-03-28 22:54:30 | DEBUG | sivi:base_runner.py:477| eval_elbo | Epoch 3280, ELBO: 1.7306, Std Total: 12.8173, Std Q: nan, CI Half: 1.1235
2026-03-28 22:54:30 | DEBUG | sivi:base_runner.py:507| eval_ksd | Epoch 3280, VI KSD: 0.0267
2026-03-28 22:54:30 | DEBUG | sivi:base_runner.py:337| eval_kl_ite | Epoch 3290, VI KL to baseline: 0.1439
2026-03-28 22:54:30 | DEBUG | sivi:base_reverse_runner.py:261| eval_kl_ite | Epoch 3290, Reverse Model KL ITE: 0.1645
2026-03-28 22:54:30 | DEBUG | sivi:base_runner.py:347| eval_w2 | Epoch 3290, VI W2 to baseline: 0.5049
2026-03-28 22:54:30 | DEBUG | sivi:base_reverse_runner.py:272| eval_w2 | Epoch 3290, Reverse Model W2: 0.1043
2026-03-28 22:54:30 | DEBUG | sivi:base_runner.py:477| eval_elbo | Epoch 3290, ELBO: 0.3709, Std Total: 4.8841, Std Q: nan, CI Half: 0.4281
2026-03-28 22:54:30 | DEBUG | sivi:base_runner.py:507| eval_ksd | Epoch 3290, VI KSD: 0.0257
2026-03-28 22:54:30 | DEBUG | sivi:base_runner.py:874| learn | Epoch 3300: Avg Loss: 0.1582, Avg Epoch Time: 0.0511s
2026-03-28 22:54:31 | DEBUG | sivi:base_runner.py:337| eval_kl_ite | Epoch 3300, VI KL to baseline: 0.1588
2026-03-28 22:54:31 | DEBUG | sivi:base_reverse_runner.py:261| eval_kl_ite | Epoch 3300, Reverse Model KL ITE: 0.1650
2026-03-28 22:54:31 | DEBUG | sivi:base_runner.py:347| eval_w2 | Epoch 3300, VI W2 to baseline: 0.4849
2026-03-28 22:54:31 | DEBUG | sivi:base_reverse_runner.py:272| eval_w2 | Epoch 3300, Reverse Model W2: 0.1134
2026-03-28 22:54:31 | DEBUG | sivi:base_runner.py:477| eval_elbo | Epoch 3300, ELBO: 1.1898, Std Total: 9.9811, Std Q: nan, CI Half: 0.8749
2026-03-28 22:54:31 | DEBUG | sivi:base_runner.py:507| eval_ksd | Epoch 3300, VI KSD: 0.0265
2026-03-28 22:54:31 | DEBUG | sivi:base_runner.py:337| eval_kl_ite | Epoch 3310, VI KL to baseline: 0.1530
2026-03-28 22:54:31 | DEBUG | sivi:base_reverse_runner.py:261| eval_kl_ite | Epoch 3310, Reverse Model KL ITE: 0.1857
2026-03-28 22:54:31 | DEBUG | sivi:base_runner.py:347| eval_w2 | Epoch 3310, VI W2 to baseline: 0.4868
2026-03-28 22:54:31 | DEBUG | sivi:base_reverse_runner.py:272| eval_w2 | Epoch 3310, Reverse Model W2: 0.1211
2026-03-28 22:54:31 | DEBUG | sivi:base_runner.py:477| eval_elbo | Epoch 3310, ELBO: 1.2035, Std Total: 9.3490, Std Q: nan, CI Half: 0.8195
2026-03-28 22:54:31 | DEBUG | sivi:base_runner.py:507| eval_ksd | Epoch 3310, VI KSD: 0.0216
2026-03-28 22:54:32 | DEBUG | sivi:base_runner.py:337| eval_kl_ite | Epoch 3320, VI KL to baseline: 0.1482
2026-03-28 22:54:32 | DEBUG | sivi:base_reverse_runner.py:261| eval_kl_ite | Epoch 3320, Reverse Model KL ITE: 0.1993
2026-03-28 22:54:32 | DEBUG | sivi:base_runner.py:347| eval_w2 | Epoch 3320, VI W2 to baseline: 0.4756
2026-03-28 22:54:32 | DEBUG | sivi:base_reverse_runner.py:272| eval_w2 | Epoch 3320, Reverse Model W2: 0.1065
2026-03-28 22:54:32 | DEBUG | sivi:base_runner.py:477| eval_elbo | Epoch 3320, ELBO: 1.4667, Std Total: 11.0813, Std Q: nan, CI Half: 0.9713
2026-03-28 22:54:32 | DEBUG | sivi:base_runner.py:507| eval_ksd | Epoch 3320, VI KSD: 0.0308
2026-03-28 22:54:32 | DEBUG | sivi:base_runner.py:337| eval_kl_ite | Epoch 3330, VI KL to baseline: 0.1147
2026-03-28 22:54:32 | DEBUG | sivi:base_reverse_runner.py:261| eval_kl_ite | Epoch 3330, Reverse Model KL ITE: 0.1876
2026-03-28 22:54:32 | DEBUG | sivi:base_runner.py:347| eval_w2 | Epoch 3330, VI W2 to baseline: 0.4084
2026-03-28 22:54:32 | DEBUG | sivi:base_reverse_runner.py:272| eval_w2 | Epoch 3330, Reverse Model W2: 0.1123
2026-03-28 22:54:32 | DEBUG | sivi:base_runner.py:477| eval_elbo | Epoch 3330, ELBO: 0.9619, Std Total: 8.2033, Std Q: nan, CI Half: 0.7191
2026-03-28 22:54:32 | DEBUG | sivi:base_runner.py:507| eval_ksd | Epoch 3330, VI KSD: 0.0308
2026-03-28 22:54:33 | DEBUG | sivi:base_runner.py:337| eval_kl_ite | Epoch 3340, VI KL to baseline: 0.1406
2026-03-28 22:54:33 | DEBUG | sivi:base_reverse_runner.py:261| eval_kl_ite | Epoch 3340, Reverse Model KL ITE: 0.1968
2026-03-28 22:54:33 | DEBUG | sivi:base_runner.py:347| eval_w2 | Epoch 3340, VI W2 to baseline: 0.4114
2026-03-28 22:54:33 | DEBUG | sivi:base_reverse_runner.py:272| eval_w2 | Epoch 3340, Reverse Model W2: 0.1242
2026-03-28 22:54:33 | DEBUG | sivi:base_runner.py:477| eval_elbo | Epoch 3340, ELBO: 0.6620, Std Total: 6.1274, Std Q: nan, CI Half: 0.5371
2026-03-28 22:54:33 | DEBUG | sivi:base_runner.py:507| eval_ksd | Epoch 3340, VI KSD: 0.0276
2026-03-28 22:54:33 | DEBUG | sivi:base_runner.py:337| eval_kl_ite | Epoch 3350, VI KL to baseline: 0.1117
2026-03-28 22:54:33 | DEBUG | sivi:base_reverse_runner.py:261| eval_kl_ite | Epoch 3350, Reverse Model KL ITE: 0.2094
2026-03-28 22:54:33 | DEBUG | sivi:base_runner.py:347| eval_w2 | Epoch 3350, VI W2 to baseline: 0.3958
2026-03-28 22:54:33 | DEBUG | sivi:base_reverse_runner.py:272| eval_w2 | Epoch 3350, Reverse Model W2: 0.1007
2026-03-28 22:54:33 | DEBUG | sivi:base_runner.py:477| eval_elbo | Epoch 3350, ELBO: 1.1735, Std Total: 9.0863, Std Q: nan, CI Half: 0.7965
2026-03-28 22:54:33 | DEBUG | sivi:base_runner.py:507| eval_ksd | Epoch 3350, VI KSD: 0.0256
2026-03-28 22:54:34 | DEBUG | sivi:base_runner.py:337| eval_kl_ite | Epoch 3360, VI KL to baseline: 0.1126
2026-03-28 22:54:34 | DEBUG | sivi:base_reverse_runner.py:261| eval_kl_ite | Epoch 3360, Reverse Model KL ITE: 0.1727
2026-03-28 22:54:34 | DEBUG | sivi:base_runner.py:347| eval_w2 | Epoch 3360, VI W2 to baseline: 0.3878
2026-03-28 22:54:34 | DEBUG | sivi:base_reverse_runner.py:272| eval_w2 | Epoch 3360, Reverse Model W2: 0.1056
2026-03-28 22:54:34 | DEBUG | sivi:base_runner.py:477| eval_elbo | Epoch 3360, ELBO: 0.5844, Std Total: 6.7551, Std Q: nan, CI Half: 0.5921
2026-03-28 22:54:34 | DEBUG | sivi:base_runner.py:507| eval_ksd | Epoch 3360, VI KSD: 0.0237
2026-03-28 22:54:34 | DEBUG | sivi:base_runner.py:337| eval_kl_ite | Epoch 3370, VI KL to baseline: 0.1373
2026-03-28 22:54:34 | DEBUG | sivi:base_reverse_runner.py:261| eval_kl_ite | Epoch 3370, Reverse Model KL ITE: 0.1876
2026-03-28 22:54:34 | DEBUG | sivi:base_runner.py:347| eval_w2 | Epoch 3370, VI W2 to baseline: 0.3888
2026-03-28 22:54:34 | DEBUG | sivi:base_reverse_runner.py:272| eval_w2 | Epoch 3370, Reverse Model W2: 0.1006
2026-03-28 22:54:34 | DEBUG | sivi:base_runner.py:477| eval_elbo | Epoch 3370, ELBO: 0.8732, Std Total: 8.2320, Std Q: nan, CI Half: 0.7216
2026-03-28 22:54:34 | DEBUG | sivi:base_runner.py:507| eval_ksd | Epoch 3370, VI KSD: 0.0229
2026-03-28 22:54:34 | DEBUG | sivi:base_runner.py:337| eval_kl_ite | Epoch 3380, VI KL to baseline: 0.1054
2026-03-28 22:54:35 | DEBUG | sivi:base_reverse_runner.py:261| eval_kl_ite | Epoch 3380, Reverse Model KL ITE: 0.1846
2026-03-28 22:54:35 | DEBUG | sivi:base_runner.py:347| eval_w2 | Epoch 3380, VI W2 to baseline: 0.3499
2026-03-28 22:54:35 | DEBUG | sivi:base_reverse_runner.py:272| eval_w2 | Epoch 3380, Reverse Model W2: 0.1027
2026-03-28 22:54:35 | DEBUG | sivi:base_runner.py:477| eval_elbo | Epoch 3380, ELBO: 0.8314, Std Total: 7.0630, Std Q: nan, CI Half: 0.6191
2026-03-28 22:54:35 | DEBUG | sivi:base_runner.py:507| eval_ksd | Epoch 3380, VI KSD: 0.0240
2026-03-28 22:54:35 | DEBUG | sivi:base_runner.py:337| eval_kl_ite | Epoch 3390, VI KL to baseline: 0.1131
2026-03-28 22:54:35 | DEBUG | sivi:base_reverse_runner.py:261| eval_kl_ite | Epoch 3390, Reverse Model KL ITE: 0.2086
2026-03-28 22:54:35 | DEBUG | sivi:base_runner.py:347| eval_w2 | Epoch 3390, VI W2 to baseline: 0.3467
2026-03-28 22:54:35 | DEBUG | sivi:base_reverse_runner.py:272| eval_w2 | Epoch 3390, Reverse Model W2: 0.1275
2026-03-28 22:54:35 | DEBUG | sivi:base_runner.py:477| eval_elbo | Epoch 3390, ELBO: 0.3497, Std Total: 3.6155, Std Q: nan, CI Half: 0.3169
2026-03-28 22:54:35 | DEBUG | sivi:base_runner.py:507| eval_ksd | Epoch 3390, VI KSD: 0.0200
2026-03-28 22:54:35 | DEBUG | sivi:base_runner.py:874| learn | Epoch 3400: Avg Loss: 0.2929, Avg Epoch Time: 0.0488s
2026-03-28 22:54:35 | DEBUG | sivi:base_runner.py:337| eval_kl_ite | Epoch 3400, VI KL to baseline: 0.1124
2026-03-28 22:54:35 | DEBUG | sivi:base_reverse_runner.py:261| eval_kl_ite | Epoch 3400, Reverse Model KL ITE: 0.2178
2026-03-28 22:54:35 | DEBUG | sivi:base_runner.py:347| eval_w2 | Epoch 3400, VI W2 to baseline: 0.3445
2026-03-28 22:54:35 | DEBUG | sivi:base_reverse_runner.py:272| eval_w2 | Epoch 3400, Reverse Model W2: 0.1018
2026-03-28 22:54:36 | DEBUG | sivi:base_runner.py:477| eval_elbo | Epoch 3400, ELBO: 0.9301, Std Total: 6.6377, Std Q: nan, CI Half: 0.5818
2026-03-28 22:54:36 | DEBUG | sivi:base_runner.py:507| eval_ksd | Epoch 3400, VI KSD: 0.0146
2026-03-28 22:54:36 | DEBUG | sivi:base_runner.py:337| eval_kl_ite | Epoch 3410, VI KL to baseline: 0.0904
2026-03-28 22:54:36 | DEBUG | sivi:base_reverse_runner.py:261| eval_kl_ite | Epoch 3410, Reverse Model KL ITE: 0.1875
2026-03-28 22:54:36 | DEBUG | sivi:base_runner.py:347| eval_w2 | Epoch 3410, VI W2 to baseline: 0.3382
2026-03-28 22:54:36 | DEBUG | sivi:base_reverse_runner.py:272| eval_w2 | Epoch 3410, Reverse Model W2: 0.1286
2026-03-28 22:54:36 | DEBUG | sivi:base_runner.py:477| eval_elbo | Epoch 3410, ELBO: 0.4647, Std Total: 5.0571, Std Q: nan, CI Half: 0.4433
2026-03-28 22:54:36 | DEBUG | sivi:base_runner.py:507| eval_ksd | Epoch 3410, VI KSD: 0.0221
2026-03-28 22:54:36 | DEBUG | sivi:base_runner.py:337| eval_kl_ite | Epoch 3420, VI KL to baseline: 0.1036
2026-03-28 22:54:36 | DEBUG | sivi:base_reverse_runner.py:261| eval_kl_ite | Epoch 3420, Reverse Model KL ITE: 0.1732
2026-03-28 22:54:36 | DEBUG | sivi:base_runner.py:347| eval_w2 | Epoch 3420, VI W2 to baseline: 0.3444
2026-03-28 22:54:36 | DEBUG | sivi:base_reverse_runner.py:272| eval_w2 | Epoch 3420, Reverse Model W2: 0.1175
2026-03-28 22:54:36 | DEBUG | sivi:base_runner.py:477| eval_elbo | Epoch 3420, ELBO: 1.1597, Std Total: 9.8547, Std Q: nan, CI Half: 0.8638
2026-03-28 22:54:36 | DEBUG | sivi:base_runner.py:507| eval_ksd | Epoch 3420, VI KSD: 0.0303
2026-03-28 22:54:37 | DEBUG | sivi:base_runner.py:337| eval_kl_ite | Epoch 3430, VI KL to baseline: 0.1218
2026-03-28 22:54:37 | DEBUG | sivi:base_reverse_runner.py:261| eval_kl_ite | Epoch 3430, Reverse Model KL ITE: 0.2418
2026-03-28 22:54:37 | DEBUG | sivi:base_runner.py:347| eval_w2 | Epoch 3430, VI W2 to baseline: 0.3096
2026-03-28 22:54:37 | DEBUG | sivi:base_reverse_runner.py:272| eval_w2 | Epoch 3430, Reverse Model W2: 0.1399
2026-03-28 22:54:37 | DEBUG | sivi:base_runner.py:477| eval_elbo | Epoch 3430, ELBO: 0.2458, Std Total: 3.3578, Std Q: nan, CI Half: 0.2943
2026-03-28 22:54:37 | DEBUG | sivi:base_runner.py:507| eval_ksd | Epoch 3430, VI KSD: 0.0192
2026-03-28 22:54:37 | DEBUG | sivi:base_runner.py:337| eval_kl_ite | Epoch 3440, VI KL to baseline: 0.0839
2026-03-28 22:54:37 | DEBUG | sivi:base_reverse_runner.py:261| eval_kl_ite | Epoch 3440, Reverse Model KL ITE: 0.2184
2026-03-28 22:54:37 | DEBUG | sivi:base_runner.py:347| eval_w2 | Epoch 3440, VI W2 to baseline: 0.3139
2026-03-28 22:54:37 | DEBUG | sivi:base_reverse_runner.py:272| eval_w2 | Epoch 3440, Reverse Model W2: 0.1184
2026-03-28 22:54:37 | DEBUG | sivi:base_runner.py:477| eval_elbo | Epoch 3440, ELBO: 0.3610, Std Total: 4.6710, Std Q: nan, CI Half: 0.4094
2026-03-28 22:54:37 | DEBUG | sivi:base_runner.py:507| eval_ksd | Epoch 3440, VI KSD: 0.0292
2026-03-28 22:54:38 | DEBUG | sivi:base_runner.py:337| eval_kl_ite | Epoch 3450, VI KL to baseline: 0.0852
2026-03-28 22:54:38 | DEBUG | sivi:base_reverse_runner.py:261| eval_kl_ite | Epoch 3450, Reverse Model KL ITE: 0.1757
2026-03-28 22:54:38 | DEBUG | sivi:base_runner.py:347| eval_w2 | Epoch 3450, VI W2 to baseline: 0.3491
2026-03-28 22:54:38 | DEBUG | sivi:base_reverse_runner.py:272| eval_w2 | Epoch 3450, Reverse Model W2: 0.1133
2026-03-28 22:54:38 | DEBUG | sivi:base_runner.py:477| eval_elbo | Epoch 3450, ELBO: 0.8718, Std Total: 7.0899, Std Q: nan, CI Half: 0.6215
2026-03-28 22:54:38 | DEBUG | sivi:base_runner.py:507| eval_ksd | Epoch 3450, VI KSD: 0.0167
2026-03-28 22:54:38 | DEBUG | sivi:base_runner.py:337| eval_kl_ite | Epoch 3460, VI KL to baseline: 0.0995
2026-03-28 22:54:38 | DEBUG | sivi:base_reverse_runner.py:261| eval_kl_ite | Epoch 3460, Reverse Model KL ITE: 0.1963
2026-03-28 22:54:38 | DEBUG | sivi:base_runner.py:347| eval_w2 | Epoch 3460, VI W2 to baseline: 0.3360
2026-03-28 22:54:38 | DEBUG | sivi:base_reverse_runner.py:272| eval_w2 | Epoch 3460, Reverse Model W2: 0.1064
2026-03-28 22:54:38 | DEBUG | sivi:base_runner.py:477| eval_elbo | Epoch 3460, ELBO: 0.6310, Std Total: 6.8455, Std Q: nan, CI Half: 0.6000
2026-03-28 22:54:38 | DEBUG | sivi:base_runner.py:507| eval_ksd | Epoch 3460, VI KSD: 0.0227
2026-03-28 22:54:39 | DEBUG | sivi:base_runner.py:337| eval_kl_ite | Epoch 3470, VI KL to baseline: 0.1271
2026-03-28 22:54:39 | DEBUG | sivi:base_reverse_runner.py:261| eval_kl_ite | Epoch 3470, Reverse Model KL ITE: 0.2024
2026-03-28 22:54:39 | DEBUG | sivi:base_runner.py:347| eval_w2 | Epoch 3470, VI W2 to baseline: 0.3222
2026-03-28 22:54:39 | DEBUG | sivi:base_reverse_runner.py:272| eval_w2 | Epoch 3470, Reverse Model W2: 0.1103
2026-03-28 22:54:39 | DEBUG | sivi:base_runner.py:477| eval_elbo | Epoch 3470, ELBO: 1.0762, Std Total: 9.3138, Std Q: nan, CI Half: 0.8164
2026-03-28 22:54:39 | DEBUG | sivi:base_runner.py:507| eval_ksd | Epoch 3470, VI KSD: 0.0173
2026-03-28 22:54:39 | DEBUG | sivi:base_runner.py:337| eval_kl_ite | Epoch 3480, VI KL to baseline: 0.0943
2026-03-28 22:54:39 | DEBUG | sivi:base_reverse_runner.py:261| eval_kl_ite | Epoch 3480, Reverse Model KL ITE: 0.1818
2026-03-28 22:54:39 | DEBUG | sivi:base_runner.py:347| eval_w2 | Epoch 3480, VI W2 to baseline: 0.3266
2026-03-28 22:54:39 | DEBUG | sivi:base_reverse_runner.py:272| eval_w2 | Epoch 3480, Reverse Model W2: 0.1154
2026-03-28 22:54:39 | DEBUG | sivi:base_runner.py:477| eval_elbo | Epoch 3480, ELBO: 1.3553, Std Total: 11.0901, Std Q: nan, CI Half: 0.9721
2026-03-28 22:54:39 | DEBUG | sivi:base_runner.py:507| eval_ksd | Epoch 3480, VI KSD: 0.0165
2026-03-28 22:54:39 | DEBUG | sivi:base_runner.py:337| eval_kl_ite | Epoch 3490, VI KL to baseline: 0.0810
2026-03-28 22:54:40 | DEBUG | sivi:base_reverse_runner.py:261| eval_kl_ite | Epoch 3490, Reverse Model KL ITE: 0.1823
2026-03-28 22:54:40 | DEBUG | sivi:base_runner.py:347| eval_w2 | Epoch 3490, VI W2 to baseline: 0.3500
2026-03-28 22:54:40 | DEBUG | sivi:base_reverse_runner.py:272| eval_w2 | Epoch 3490, Reverse Model W2: 0.1211
2026-03-28 22:54:40 | DEBUG | sivi:base_runner.py:477| eval_elbo | Epoch 3490, ELBO: 0.6196, Std Total: 7.0124, Std Q: nan, CI Half: 0.6147
2026-03-28 22:54:40 | DEBUG | sivi:base_runner.py:507| eval_ksd | Epoch 3490, VI KSD: 0.0206
2026-03-28 22:54:40 | DEBUG | sivi:base_runner.py:874| learn | Epoch 3500: Avg Loss: -0.0715, Avg Epoch Time: 0.0451s
2026-03-28 22:54:40 | DEBUG | sivi:base_reverse_runner.py:183| _training_rev_log_func | Epoch 3500, Inner epoch 1, Reverse Model Loss: 3.5742, Avg Steps: 1.0000
2026-03-28 22:54:40 | DEBUG | sivi:base_runner.py:588| save_samples | Saved 100000 samples at epoch 3500.
2026-03-28 22:54:40 | DEBUG | sivi:base_runner.py:337| eval_kl_ite | Epoch 3500, VI KL to baseline: 0.1235
2026-03-28 22:54:40 | DEBUG | sivi:base_reverse_runner.py:261| eval_kl_ite | Epoch 3500, Reverse Model KL ITE: 0.1866
2026-03-28 22:54:40 | DEBUG | sivi:base_runner.py:347| eval_w2 | Epoch 3500, VI W2 to baseline: 0.3496
2026-03-28 22:54:40 | DEBUG | sivi:base_reverse_runner.py:272| eval_w2 | Epoch 3500, Reverse Model W2: 0.1152
2026-03-28 22:54:40 | DEBUG | sivi:base_runner.py:477| eval_elbo | Epoch 3500, ELBO: 1.1916, Std Total: 9.0164, Std Q: nan, CI Half: 0.7903
2026-03-28 22:54:40 | DEBUG | sivi:base_runner.py:507| eval_ksd | Epoch 3500, VI KSD: 0.0157
2026-03-28 22:54:40 | DEBUG | sivi:base_runner.py:970| learn | Saved contour plot at epoch 3500.
2026-03-28 22:54:40 | DEBUG | sivi:base_runner.py:337| eval_kl_ite | Epoch 3510, VI KL to baseline: 0.1109
2026-03-28 22:54:40 | DEBUG | sivi:base_reverse_runner.py:261| eval_kl_ite | Epoch 3510, Reverse Model KL ITE: 0.1852
2026-03-28 22:54:40 | DEBUG | sivi:base_runner.py:347| eval_w2 | Epoch 3510, VI W2 to baseline: 0.3394
2026-03-28 22:54:41 | DEBUG | sivi:base_reverse_runner.py:272| eval_w2 | Epoch 3510, Reverse Model W2: 0.1339
2026-03-28 22:54:41 | DEBUG | sivi:base_runner.py:477| eval_elbo | Epoch 3510, ELBO: 0.5543, Std Total: 6.7184, Std Q: nan, CI Half: 0.5889
2026-03-28 22:54:41 | DEBUG | sivi:base_runner.py:507| eval_ksd | Epoch 3510, VI KSD: 0.0185
2026-03-28 22:54:41 | DEBUG | sivi:base_runner.py:337| eval_kl_ite | Epoch 3520, VI KL to baseline: 0.1061
2026-03-28 22:54:41 | DEBUG | sivi:base_reverse_runner.py:261| eval_kl_ite | Epoch 3520, Reverse Model KL ITE: 0.2130
2026-03-28 22:54:41 | DEBUG | sivi:base_runner.py:347| eval_w2 | Epoch 3520, VI W2 to baseline: 0.3654
2026-03-28 22:54:41 | DEBUG | sivi:base_reverse_runner.py:272| eval_w2 | Epoch 3520, Reverse Model W2: 0.1095
2026-03-28 22:54:41 | DEBUG | sivi:base_runner.py:477| eval_elbo | Epoch 3520, ELBO: 0.3807, Std Total: 4.8934, Std Q: nan, CI Half: 0.4289
2026-03-28 22:54:41 | DEBUG | sivi:base_runner.py:507| eval_ksd | Epoch 3520, VI KSD: 0.0138
2026-03-28 22:54:41 | DEBUG | sivi:base_runner.py:337| eval_kl_ite | Epoch 3530, VI KL to baseline: 0.0938
2026-03-28 22:54:41 | DEBUG | sivi:base_reverse_runner.py:261| eval_kl_ite | Epoch 3530, Reverse Model KL ITE: 0.2247
2026-03-28 22:54:41 | DEBUG | sivi:base_runner.py:347| eval_w2 | Epoch 3530, VI W2 to baseline: 0.3321
2026-03-28 22:54:41 | DEBUG | sivi:base_reverse_runner.py:272| eval_w2 | Epoch 3530, Reverse Model W2: 0.1252
2026-03-28 22:54:41 | DEBUG | sivi:base_runner.py:477| eval_elbo | Epoch 3530, ELBO: 0.9146, Std Total: 8.0071, Std Q: nan, CI Half: 0.7019
2026-03-28 22:54:41 | DEBUG | sivi:base_runner.py:507| eval_ksd | Epoch 3530, VI KSD: 0.0148
2026-03-28 22:54:42 | DEBUG | sivi:base_runner.py:337| eval_kl_ite | Epoch 3540, VI KL to baseline: 0.1099
2026-03-28 22:54:42 | DEBUG | sivi:base_reverse_runner.py:261| eval_kl_ite | Epoch 3540, Reverse Model KL ITE: 0.2134
2026-03-28 22:54:42 | DEBUG | sivi:base_runner.py:347| eval_w2 | Epoch 3540, VI W2 to baseline: 0.3702
2026-03-28 22:54:42 | DEBUG | sivi:base_reverse_runner.py:272| eval_w2 | Epoch 3540, Reverse Model W2: 0.1236
2026-03-28 22:54:42 | DEBUG | sivi:base_runner.py:477| eval_elbo | Epoch 3540, ELBO: 0.5624, Std Total: 6.0589, Std Q: nan, CI Half: 0.5311
2026-03-28 22:54:42 | DEBUG | sivi:base_runner.py:507| eval_ksd | Epoch 3540, VI KSD: 0.0095
2026-03-28 22:54:42 | DEBUG | sivi:base_runner.py:337| eval_kl_ite | Epoch 3550, VI KL to baseline: 0.0985
2026-03-28 22:54:42 | DEBUG | sivi:base_reverse_runner.py:261| eval_kl_ite | Epoch 3550, Reverse Model KL ITE: 0.2423
2026-03-28 22:54:42 | DEBUG | sivi:base_runner.py:347| eval_w2 | Epoch 3550, VI W2 to baseline: 0.3689
2026-03-28 22:54:42 | DEBUG | sivi:base_reverse_runner.py:272| eval_w2 | Epoch 3550, Reverse Model W2: 0.1214
2026-03-28 22:54:42 | DEBUG | sivi:base_runner.py:477| eval_elbo | Epoch 3550, ELBO: 0.5179, Std Total: 5.6684, Std Q: nan, CI Half: 0.4969
2026-03-28 22:54:42 | DEBUG | sivi:base_runner.py:507| eval_ksd | Epoch 3550, VI KSD: 0.0198
2026-03-28 22:54:43 | DEBUG | sivi:base_runner.py:337| eval_kl_ite | Epoch 3560, VI KL to baseline: 0.1036
2026-03-28 22:54:43 | DEBUG | sivi:base_reverse_runner.py:261| eval_kl_ite | Epoch 3560, Reverse Model KL ITE: 0.2124
2026-03-28 22:54:43 | DEBUG | sivi:base_runner.py:347| eval_w2 | Epoch 3560, VI W2 to baseline: 0.3525
2026-03-28 22:54:43 | DEBUG | sivi:base_reverse_runner.py:272| eval_w2 | Epoch 3560, Reverse Model W2: 0.1534
2026-03-28 22:54:43 | DEBUG | sivi:base_runner.py:477| eval_elbo | Epoch 3560, ELBO: 0.5533, Std Total: 6.9830, Std Q: nan, CI Half: 0.6121
2026-03-28 22:54:43 | DEBUG | sivi:base_runner.py:507| eval_ksd | Epoch 3560, VI KSD: 0.0175
2026-03-28 22:54:43 | DEBUG | sivi:base_runner.py:337| eval_kl_ite | Epoch 3570, VI KL to baseline: 0.0998
2026-03-28 22:54:43 | DEBUG | sivi:base_reverse_runner.py:261| eval_kl_ite | Epoch 3570, Reverse Model KL ITE: 0.2190
2026-03-28 22:54:43 | DEBUG | sivi:base_runner.py:347| eval_w2 | Epoch 3570, VI W2 to baseline: 0.3451
2026-03-28 22:54:43 | DEBUG | sivi:base_reverse_runner.py:272| eval_w2 | Epoch 3570, Reverse Model W2: 0.1187
2026-03-28 22:54:43 | DEBUG | sivi:base_runner.py:477| eval_elbo | Epoch 3570, ELBO: 0.8597, Std Total: 10.0130, Std Q: nan, CI Half: 0.8777
2026-03-28 22:54:43 | DEBUG | sivi:base_runner.py:507| eval_ksd | Epoch 3570, VI KSD: 0.0191
2026-03-28 22:54:44 | DEBUG | sivi:base_runner.py:337| eval_kl_ite | Epoch 3580, VI KL to baseline: 0.0690
2026-03-28 22:54:44 | DEBUG | sivi:base_reverse_runner.py:261| eval_kl_ite | Epoch 3580, Reverse Model KL ITE: 0.2229
2026-03-28 22:54:44 | DEBUG | sivi:base_runner.py:347| eval_w2 | Epoch 3580, VI W2 to baseline: 0.3416
2026-03-28 22:54:44 | DEBUG | sivi:base_reverse_runner.py:272| eval_w2 | Epoch 3580, Reverse Model W2: 0.1162
2026-03-28 22:54:44 | DEBUG | sivi:base_runner.py:477| eval_elbo | Epoch 3580, ELBO: 0.8370, Std Total: 7.2205, Std Q: nan, CI Half: 0.6329
2026-03-28 22:54:44 | DEBUG | sivi:base_runner.py:507| eval_ksd | Epoch 3580, VI KSD: 0.0189
2026-03-28 22:54:45 | DEBUG | sivi:base_runner.py:337| eval_kl_ite | Epoch 3590, VI KL to baseline: 0.0951
2026-03-28 22:54:45 | DEBUG | sivi:base_reverse_runner.py:261| eval_kl_ite | Epoch 3590, Reverse Model KL ITE: 0.2112
2026-03-28 22:54:45 | DEBUG | sivi:base_runner.py:347| eval_w2 | Epoch 3590, VI W2 to baseline: 0.3318
2026-03-28 22:54:45 | DEBUG | sivi:base_reverse_runner.py:272| eval_w2 | Epoch 3590, Reverse Model W2: 0.1507
2026-03-28 22:54:45 | DEBUG | sivi:base_runner.py:477| eval_elbo | Epoch 3590, ELBO: 0.6651, Std Total: 7.3749, Std Q: nan, CI Half: 0.6464
2026-03-28 22:54:45 | DEBUG | sivi:base_runner.py:507| eval_ksd | Epoch 3590, VI KSD: 0.0171
2026-03-28 22:54:45 | DEBUG | sivi:base_runner.py:874| learn | Epoch 3600: Avg Loss: 0.0437, Avg Epoch Time: 0.0521s
2026-03-28 22:54:45 | DEBUG | sivi:base_runner.py:337| eval_kl_ite | Epoch 3600, VI KL to baseline: 0.0819
2026-03-28 22:54:45 | DEBUG | sivi:base_reverse_runner.py:261| eval_kl_ite | Epoch 3600, Reverse Model KL ITE: 0.2008
2026-03-28 22:54:45 | DEBUG | sivi:base_runner.py:347| eval_w2 | Epoch 3600, VI W2 to baseline: 0.3468
2026-03-28 22:54:45 | DEBUG | sivi:base_reverse_runner.py:272| eval_w2 | Epoch 3600, Reverse Model W2: 0.1043
2026-03-28 22:54:45 | DEBUG | sivi:base_runner.py:477| eval_elbo | Epoch 3600, ELBO: 1.0200, Std Total: 7.6375, Std Q: nan, CI Half: 0.6695
2026-03-28 22:54:45 | DEBUG | sivi:base_runner.py:507| eval_ksd | Epoch 3600, VI KSD: 0.0168
2026-03-28 22:54:46 | DEBUG | sivi:base_runner.py:337| eval_kl_ite | Epoch 3610, VI KL to baseline: 0.1186
2026-03-28 22:54:46 | DEBUG | sivi:base_reverse_runner.py:261| eval_kl_ite | Epoch 3610, Reverse Model KL ITE: 0.2006
2026-03-28 22:54:46 | DEBUG | sivi:base_runner.py:347| eval_w2 | Epoch 3610, VI W2 to baseline: 0.3492
2026-03-28 22:54:46 | DEBUG | sivi:base_reverse_runner.py:272| eval_w2 | Epoch 3610, Reverse Model W2: 0.1193
2026-03-28 22:54:46 | DEBUG | sivi:base_runner.py:477| eval_elbo | Epoch 3610, ELBO: 0.9440, Std Total: 9.2026, Std Q: nan, CI Half: 0.8066
2026-03-28 22:54:46 | DEBUG | sivi:base_runner.py:507| eval_ksd | Epoch 3610, VI KSD: 0.0231
2026-03-28 22:54:46 | DEBUG | sivi:base_runner.py:337| eval_kl_ite | Epoch 3620, VI KL to baseline: 0.0713
2026-03-28 22:54:46 | DEBUG | sivi:base_reverse_runner.py:261| eval_kl_ite | Epoch 3620, Reverse Model KL ITE: 0.2180
2026-03-28 22:54:46 | DEBUG | sivi:base_runner.py:347| eval_w2 | Epoch 3620, VI W2 to baseline: 0.3289
2026-03-28 22:54:46 | DEBUG | sivi:base_reverse_runner.py:272| eval_w2 | Epoch 3620, Reverse Model W2: 0.1263
2026-03-28 22:54:46 | DEBUG | sivi:base_runner.py:477| eval_elbo | Epoch 3620, ELBO: 1.1550, Std Total: 8.7478, Std Q: nan, CI Half: 0.7668
2026-03-28 22:54:46 | DEBUG | sivi:base_runner.py:507| eval_ksd | Epoch 3620, VI KSD: 0.0133
2026-03-28 22:54:47 | DEBUG | sivi:base_runner.py:337| eval_kl_ite | Epoch 3630, VI KL to baseline: 0.0911
2026-03-28 22:54:47 | DEBUG | sivi:base_reverse_runner.py:261| eval_kl_ite | Epoch 3630, Reverse Model KL ITE: 0.2276
2026-03-28 22:54:47 | DEBUG | sivi:base_runner.py:347| eval_w2 | Epoch 3630, VI W2 to baseline: 0.3426
2026-03-28 22:54:47 | DEBUG | sivi:base_reverse_runner.py:272| eval_w2 | Epoch 3630, Reverse Model W2: 0.1074
2026-03-28 22:54:47 | DEBUG | sivi:base_runner.py:477| eval_elbo | Epoch 3630, ELBO: 0.5222, Std Total: 5.0636, Std Q: nan, CI Half: 0.4438
2026-03-28 22:54:47 | DEBUG | sivi:base_runner.py:507| eval_ksd | Epoch 3630, VI KSD: 0.0103
2026-03-28 22:54:47 | DEBUG | sivi:base_runner.py:337| eval_kl_ite | Epoch 3640, VI KL to baseline: 0.0945
2026-03-28 22:54:47 | DEBUG | sivi:base_reverse_runner.py:261| eval_kl_ite | Epoch 3640, Reverse Model KL ITE: 0.2032
2026-03-28 22:54:47 | DEBUG | sivi:base_runner.py:347| eval_w2 | Epoch 3640, VI W2 to baseline: 0.3188
2026-03-28 22:54:47 | DEBUG | sivi:base_reverse_runner.py:272| eval_w2 | Epoch 3640, Reverse Model W2: 0.3382
2026-03-28 22:54:47 | DEBUG | sivi:base_runner.py:477| eval_elbo | Epoch 3640, ELBO: 0.3586, Std Total: 4.9970, Std Q: nan, CI Half: 0.4380
2026-03-28 22:54:47 | DEBUG | sivi:base_runner.py:507| eval_ksd | Epoch 3640, VI KSD: 0.0242
2026-03-28 22:54:48 | DEBUG | sivi:base_runner.py:337| eval_kl_ite | Epoch 3650, VI KL to baseline: 0.1146
2026-03-28 22:54:48 | DEBUG | sivi:base_reverse_runner.py:261| eval_kl_ite | Epoch 3650, Reverse Model KL ITE: 0.1758
2026-03-28 22:54:48 | DEBUG | sivi:base_runner.py:347| eval_w2 | Epoch 3650, VI W2 to baseline: 0.3806
2026-03-28 22:54:48 | DEBUG | sivi:base_reverse_runner.py:272| eval_w2 | Epoch 3650, Reverse Model W2: 0.1348
2026-03-28 22:54:48 | DEBUG | sivi:base_runner.py:477| eval_elbo | Epoch 3650, ELBO: 0.9081, Std Total: 8.1944, Std Q: nan, CI Half: 0.7183
2026-03-28 22:54:48 | DEBUG | sivi:base_runner.py:507| eval_ksd | Epoch 3650, VI KSD: 0.0159
2026-03-28 22:54:48 | DEBUG | sivi:base_runner.py:337| eval_kl_ite | Epoch 3660, VI KL to baseline: 0.1158
2026-03-28 22:54:48 | DEBUG | sivi:base_reverse_runner.py:261| eval_kl_ite | Epoch 3660, Reverse Model KL ITE: 0.1658
2026-03-28 22:54:48 | DEBUG | sivi:base_runner.py:347| eval_w2 | Epoch 3660, VI W2 to baseline: 0.3831
2026-03-28 22:54:48 | DEBUG | sivi:base_reverse_runner.py:272| eval_w2 | Epoch 3660, Reverse Model W2: 0.1229
2026-03-28 22:54:48 | DEBUG | sivi:base_runner.py:477| eval_elbo | Epoch 3660, ELBO: 1.2584, Std Total: 12.1511, Std Q: nan, CI Half: 1.0651
2026-03-28 22:54:48 | DEBUG | sivi:base_runner.py:507| eval_ksd | Epoch 3660, VI KSD: 0.0143
2026-03-28 22:54:48 | DEBUG | sivi:base_runner.py:337| eval_kl_ite | Epoch 3670, VI KL to baseline: 0.1202
2026-03-28 22:54:49 | DEBUG | sivi:base_reverse_runner.py:261| eval_kl_ite | Epoch 3670, Reverse Model KL ITE: 0.2105
2026-03-28 22:54:49 | DEBUG | sivi:base_runner.py:347| eval_w2 | Epoch 3670, VI W2 to baseline: 0.3731
2026-03-28 22:54:49 | DEBUG | sivi:base_reverse_runner.py:272| eval_w2 | Epoch 3670, Reverse Model W2: 0.1214
2026-03-28 22:54:49 | DEBUG | sivi:base_runner.py:477| eval_elbo | Epoch 3670, ELBO: 0.4521, Std Total: 6.8594, Std Q: nan, CI Half: 0.6013
2026-03-28 22:54:49 | DEBUG | sivi:base_runner.py:507| eval_ksd | Epoch 3670, VI KSD: 0.0198
2026-03-28 22:54:49 | DEBUG | sivi:base_runner.py:337| eval_kl_ite | Epoch 3680, VI KL to baseline: 0.0861
2026-03-28 22:54:49 | DEBUG | sivi:base_reverse_runner.py:261| eval_kl_ite | Epoch 3680, Reverse Model KL ITE: 0.1854
2026-03-28 22:54:49 | DEBUG | sivi:base_runner.py:347| eval_w2 | Epoch 3680, VI W2 to baseline: 0.3676
2026-03-28 22:54:49 | DEBUG | sivi:base_reverse_runner.py:272| eval_w2 | Epoch 3680, Reverse Model W2: 0.1567
2026-03-28 22:54:49 | DEBUG | sivi:base_runner.py:477| eval_elbo | Epoch 3680, ELBO: 1.0229, Std Total: 7.6800, Std Q: nan, CI Half: 0.6732
2026-03-28 22:54:49 | DEBUG | sivi:base_runner.py:507| eval_ksd | Epoch 3680, VI KSD: 0.0237
2026-03-28 22:54:49 | DEBUG | sivi:base_runner.py:337| eval_kl_ite | Epoch 3690, VI KL to baseline: 0.1116
2026-03-28 22:54:50 | DEBUG | sivi:base_reverse_runner.py:261| eval_kl_ite | Epoch 3690, Reverse Model KL ITE: 0.1807
2026-03-28 22:54:50 | DEBUG | sivi:base_runner.py:347| eval_w2 | Epoch 3690, VI W2 to baseline: 0.3708
2026-03-28 22:54:50 | DEBUG | sivi:base_reverse_runner.py:272| eval_w2 | Epoch 3690, Reverse Model W2: 0.1466
2026-03-28 22:54:50 | DEBUG | sivi:base_runner.py:477| eval_elbo | Epoch 3690, ELBO: 1.2040, Std Total: 12.0546, Std Q: nan, CI Half: 1.0566
2026-03-28 22:54:50 | DEBUG | sivi:base_runner.py:507| eval_ksd | Epoch 3690, VI KSD: 0.0162
2026-03-28 22:54:50 | DEBUG | sivi:base_runner.py:874| learn | Epoch 3700: Avg Loss: 0.0164, Avg Epoch Time: 0.0479s
2026-03-28 22:54:50 | DEBUG | sivi:base_runner.py:337| eval_kl_ite | Epoch 3700, VI KL to baseline: 0.1130
2026-03-28 22:54:50 | DEBUG | sivi:base_reverse_runner.py:261| eval_kl_ite | Epoch 3700, Reverse Model KL ITE: 0.1823
2026-03-28 22:54:50 | DEBUG | sivi:base_runner.py:347| eval_w2 | Epoch 3700, VI W2 to baseline: 0.3705
2026-03-28 22:54:50 | DEBUG | sivi:base_reverse_runner.py:272| eval_w2 | Epoch 3700, Reverse Model W2: 0.1184
2026-03-28 22:54:50 | DEBUG | sivi:base_runner.py:477| eval_elbo | Epoch 3700, ELBO: 0.9312, Std Total: 8.2892, Std Q: nan, CI Half: 0.7266
2026-03-28 22:54:50 | DEBUG | sivi:base_runner.py:507| eval_ksd | Epoch 3700, VI KSD: 0.0156
2026-03-28 22:54:50 | DEBUG | sivi:base_runner.py:337| eval_kl_ite | Epoch 3710, VI KL to baseline: 0.0820
2026-03-28 22:54:51 | DEBUG | sivi:base_reverse_runner.py:261| eval_kl_ite | Epoch 3710, Reverse Model KL ITE: 0.1784
2026-03-28 22:54:51 | DEBUG | sivi:base_runner.py:347| eval_w2 | Epoch 3710, VI W2 to baseline: 0.3387
2026-03-28 22:54:51 | DEBUG | sivi:base_reverse_runner.py:272| eval_w2 | Epoch 3710, Reverse Model W2: 0.1263
2026-03-28 22:54:51 | DEBUG | sivi:base_runner.py:477| eval_elbo | Epoch 3710, ELBO: 0.5487, Std Total: 5.4036, Std Q: nan, CI Half: 0.4736
2026-03-28 22:54:51 | DEBUG | sivi:base_runner.py:507| eval_ksd | Epoch 3710, VI KSD: 0.0179
2026-03-28 22:54:51 | DEBUG | sivi:base_runner.py:337| eval_kl_ite | Epoch 3720, VI KL to baseline: 0.0843
2026-03-28 22:54:51 | DEBUG | sivi:base_reverse_runner.py:261| eval_kl_ite | Epoch 3720, Reverse Model KL ITE: 0.2082
2026-03-28 22:54:51 | DEBUG | sivi:base_runner.py:347| eval_w2 | Epoch 3720, VI W2 to baseline: 0.3308
2026-03-28 22:54:51 | DEBUG | sivi:base_reverse_runner.py:272| eval_w2 | Epoch 3720, Reverse Model W2: 0.1138
2026-03-28 22:54:51 | DEBUG | sivi:base_runner.py:477| eval_elbo | Epoch 3720, ELBO: 1.4874, Std Total: 10.5525, Std Q: nan, CI Half: 0.9250
2026-03-28 22:54:51 | DEBUG | sivi:base_runner.py:507| eval_ksd | Epoch 3720, VI KSD: 0.0182
2026-03-28 22:54:52 | DEBUG | sivi:base_runner.py:337| eval_kl_ite | Epoch 3730, VI KL to baseline: 0.0922
2026-03-28 22:54:52 | DEBUG | sivi:base_reverse_runner.py:261| eval_kl_ite | Epoch 3730, Reverse Model KL ITE: 0.2100
2026-03-28 22:54:52 | DEBUG | sivi:base_runner.py:347| eval_w2 | Epoch 3730, VI W2 to baseline: 0.3007
2026-03-28 22:54:52 | DEBUG | sivi:base_reverse_runner.py:272| eval_w2 | Epoch 3730, Reverse Model W2: 0.1108
2026-03-28 22:54:52 | DEBUG | sivi:base_runner.py:477| eval_elbo | Epoch 3730, ELBO: 1.6294, Std Total: 11.4683, Std Q: nan, CI Half: 1.0052
2026-03-28 22:54:52 | DEBUG | sivi:base_runner.py:507| eval_ksd | Epoch 3730, VI KSD: 0.0174
2026-03-28 22:54:52 | DEBUG | sivi:base_runner.py:337| eval_kl_ite | Epoch 3740, VI KL to baseline: 0.0897
2026-03-28 22:54:52 | DEBUG | sivi:base_reverse_runner.py:261| eval_kl_ite | Epoch 3740, Reverse Model KL ITE: 0.2288
2026-03-28 22:54:52 | DEBUG | sivi:base_runner.py:347| eval_w2 | Epoch 3740, VI W2 to baseline: 0.2599
2026-03-28 22:54:52 | DEBUG | sivi:base_reverse_runner.py:272| eval_w2 | Epoch 3740, Reverse Model W2: 0.1093
2026-03-28 22:54:52 | DEBUG | sivi:base_runner.py:477| eval_elbo | Epoch 3740, ELBO: 0.6712, Std Total: 5.3830, Std Q: nan, CI Half: 0.4718
2026-03-28 22:54:52 | DEBUG | sivi:base_runner.py:507| eval_ksd | Epoch 3740, VI KSD: 0.0209
2026-03-28 22:54:53 | DEBUG | sivi:base_runner.py:337| eval_kl_ite | Epoch 3750, VI KL to baseline: 0.0855
2026-03-28 22:54:53 | DEBUG | sivi:base_reverse_runner.py:261| eval_kl_ite | Epoch 3750, Reverse Model KL ITE: 0.2138
2026-03-28 22:54:53 | DEBUG | sivi:base_runner.py:347| eval_w2 | Epoch 3750, VI W2 to baseline: 0.3066
2026-03-28 22:54:53 | DEBUG | sivi:base_reverse_runner.py:272| eval_w2 | Epoch 3750, Reverse Model W2: 0.1302
2026-03-28 22:54:53 | DEBUG | sivi:base_runner.py:477| eval_elbo | Epoch 3750, ELBO: 0.7253, Std Total: 8.1368, Std Q: nan, CI Half: 0.7132
2026-03-28 22:54:53 | DEBUG | sivi:base_runner.py:507| eval_ksd | Epoch 3750, VI KSD: 0.0144
2026-03-28 22:54:54 | DEBUG | sivi:base_runner.py:337| eval_kl_ite | Epoch 3760, VI KL to baseline: 0.0436
2026-03-28 22:54:54 | DEBUG | sivi:base_reverse_runner.py:261| eval_kl_ite | Epoch 3760, Reverse Model KL ITE: 0.2227
2026-03-28 22:54:54 | DEBUG | sivi:base_runner.py:347| eval_w2 | Epoch 3760, VI W2 to baseline: 0.2976
2026-03-28 22:54:54 | DEBUG | sivi:base_reverse_runner.py:272| eval_w2 | Epoch 3760, Reverse Model W2: 0.1319
2026-03-28 22:54:54 | DEBUG | sivi:base_runner.py:477| eval_elbo | Epoch 3760, ELBO: 0.9606, Std Total: 7.7010, Std Q: nan, CI Half: 0.6750
2026-03-28 22:54:54 | DEBUG | sivi:base_runner.py:507| eval_ksd | Epoch 3760, VI KSD: 0.0143
2026-03-28 22:54:54 | DEBUG | sivi:base_runner.py:337| eval_kl_ite | Epoch 3770, VI KL to baseline: 0.0806
2026-03-28 22:54:54 | DEBUG | sivi:base_reverse_runner.py:261| eval_kl_ite | Epoch 3770, Reverse Model KL ITE: 0.2533
2026-03-28 22:54:54 | DEBUG | sivi:base_runner.py:347| eval_w2 | Epoch 3770, VI W2 to baseline: 0.3096
2026-03-28 22:54:54 | DEBUG | sivi:base_reverse_runner.py:272| eval_w2 | Epoch 3770, Reverse Model W2: 0.1435
2026-03-28 22:54:54 | DEBUG | sivi:base_runner.py:477| eval_elbo | Epoch 3770, ELBO: 1.2603, Std Total: 10.5465, Std Q: nan, CI Half: 0.9244
2026-03-28 22:54:54 | DEBUG | sivi:base_runner.py:507| eval_ksd | Epoch 3770, VI KSD: 0.0115
2026-03-28 22:54:55 | DEBUG | sivi:base_runner.py:337| eval_kl_ite | Epoch 3780, VI KL to baseline: 0.0639
2026-03-28 22:54:55 | DEBUG | sivi:base_reverse_runner.py:261| eval_kl_ite | Epoch 3780, Reverse Model KL ITE: 0.2389
2026-03-28 22:54:55 | DEBUG | sivi:base_runner.py:347| eval_w2 | Epoch 3780, VI W2 to baseline: 0.3206
2026-03-28 22:54:55 | DEBUG | sivi:base_reverse_runner.py:272| eval_w2 | Epoch 3780, Reverse Model W2: 0.1452
2026-03-28 22:54:55 | DEBUG | sivi:base_runner.py:477| eval_elbo | Epoch 3780, ELBO: 0.8302, Std Total: 7.7913, Std Q: nan, CI Half: 0.6829
2026-03-28 22:54:55 | DEBUG | sivi:base_runner.py:507| eval_ksd | Epoch 3780, VI KSD: 0.0132
2026-03-28 22:54:55 | DEBUG | sivi:base_runner.py:337| eval_kl_ite | Epoch 3790, VI KL to baseline: 0.0671
2026-03-28 22:54:56 | DEBUG | sivi:base_reverse_runner.py:261| eval_kl_ite | Epoch 3790, Reverse Model KL ITE: 0.2433
2026-03-28 22:54:56 | DEBUG | sivi:base_runner.py:347| eval_w2 | Epoch 3790, VI W2 to baseline: 0.2933
2026-03-28 22:54:56 | DEBUG | sivi:base_reverse_runner.py:272| eval_w2 | Epoch 3790, Reverse Model W2: 0.1478
2026-03-28 22:54:56 | DEBUG | sivi:base_runner.py:477| eval_elbo | Epoch 3790, ELBO: 0.2062, Std Total: 3.1711, Std Q: nan, CI Half: 0.2780
2026-03-28 22:54:56 | DEBUG | sivi:base_runner.py:507| eval_ksd | Epoch 3790, VI KSD: 0.0183
2026-03-28 22:54:56 | DEBUG | sivi:base_runner.py:874| learn | Epoch 3800: Avg Loss: 0.3227, Avg Epoch Time: 0.0615s
2026-03-28 22:54:56 | DEBUG | sivi:base_runner.py:337| eval_kl_ite | Epoch 3800, VI KL to baseline: 0.0789
2026-03-28 22:54:56 | DEBUG | sivi:base_reverse_runner.py:261| eval_kl_ite | Epoch 3800, Reverse Model KL ITE: 0.1956
2026-03-28 22:54:56 | DEBUG | sivi:base_runner.py:347| eval_w2 | Epoch 3800, VI W2 to baseline: 0.2951
2026-03-28 22:54:56 | DEBUG | sivi:base_reverse_runner.py:272| eval_w2 | Epoch 3800, Reverse Model W2: 0.1357
2026-03-28 22:54:56 | DEBUG | sivi:base_runner.py:477| eval_elbo | Epoch 3800, ELBO: 0.6150, Std Total: 5.5592, Std Q: nan, CI Half: 0.4873
2026-03-28 22:54:56 | DEBUG | sivi:base_runner.py:507| eval_ksd | Epoch 3800, VI KSD: 0.0117
2026-03-28 22:54:57 | DEBUG | sivi:base_runner.py:337| eval_kl_ite | Epoch 3810, VI KL to baseline: 0.0730
2026-03-28 22:54:57 | DEBUG | sivi:base_reverse_runner.py:261| eval_kl_ite | Epoch 3810, Reverse Model KL ITE: 0.2100
2026-03-28 22:54:57 | DEBUG | sivi:base_runner.py:347| eval_w2 | Epoch 3810, VI W2 to baseline: 0.2990
2026-03-28 22:54:57 | DEBUG | sivi:base_reverse_runner.py:272| eval_w2 | Epoch 3810, Reverse Model W2: 0.1242
2026-03-28 22:54:57 | DEBUG | sivi:base_runner.py:477| eval_elbo | Epoch 3810, ELBO: 0.1961, Std Total: 3.3717, Std Q: nan, CI Half: 0.2955
2026-03-28 22:54:57 | DEBUG | sivi:base_runner.py:507| eval_ksd | Epoch 3810, VI KSD: 0.0165
2026-03-28 22:54:57 | DEBUG | sivi:base_runner.py:337| eval_kl_ite | Epoch 3820, VI KL to baseline: 0.0669
2026-03-28 22:54:57 | DEBUG | sivi:base_reverse_runner.py:261| eval_kl_ite | Epoch 3820, Reverse Model KL ITE: 0.1810
2026-03-28 22:54:57 | DEBUG | sivi:base_runner.py:347| eval_w2 | Epoch 3820, VI W2 to baseline: 0.3154
2026-03-28 22:54:57 | DEBUG | sivi:base_reverse_runner.py:272| eval_w2 | Epoch 3820, Reverse Model W2: 0.1260
2026-03-28 22:54:57 | DEBUG | sivi:base_runner.py:477| eval_elbo | Epoch 3820, ELBO: 1.1603, Std Total: 9.8933, Std Q: nan, CI Half: 0.8672
2026-03-28 22:54:57 | DEBUG | sivi:base_runner.py:507| eval_ksd | Epoch 3820, VI KSD: 0.0173
2026-03-28 22:54:58 | DEBUG | sivi:base_runner.py:337| eval_kl_ite | Epoch 3830, VI KL to baseline: 0.0677
2026-03-28 22:54:58 | DEBUG | sivi:base_reverse_runner.py:261| eval_kl_ite | Epoch 3830, Reverse Model KL ITE: 0.2282
2026-03-28 22:54:58 | DEBUG | sivi:base_runner.py:347| eval_w2 | Epoch 3830, VI W2 to baseline: 0.3129
2026-03-28 22:54:58 | DEBUG | sivi:base_reverse_runner.py:272| eval_w2 | Epoch 3830, Reverse Model W2: 0.1361
2026-03-28 22:54:58 | DEBUG | sivi:base_runner.py:477| eval_elbo | Epoch 3830, ELBO: 0.9575, Std Total: 7.9578, Std Q: nan, CI Half: 0.6975
2026-03-28 22:54:58 | DEBUG | sivi:base_runner.py:507| eval_ksd | Epoch 3830, VI KSD: 0.0088
2026-03-28 22:54:58 | DEBUG | sivi:base_runner.py:337| eval_kl_ite | Epoch 3840, VI KL to baseline: 0.0782
2026-03-28 22:54:58 | DEBUG | sivi:base_reverse_runner.py:261| eval_kl_ite | Epoch 3840, Reverse Model KL ITE: 0.2061
2026-03-28 22:54:58 | DEBUG | sivi:base_runner.py:347| eval_w2 | Epoch 3840, VI W2 to baseline: 0.2987
2026-03-28 22:54:58 | DEBUG | sivi:base_reverse_runner.py:272| eval_w2 | Epoch 3840, Reverse Model W2: 0.1481
2026-03-28 22:54:58 | DEBUG | sivi:base_runner.py:477| eval_elbo | Epoch 3840, ELBO: 0.6391, Std Total: 8.0021, Std Q: nan, CI Half: 0.7014
2026-03-28 22:54:58 | DEBUG | sivi:base_runner.py:507| eval_ksd | Epoch 3840, VI KSD: 0.0112
2026-03-28 22:54:59 | DEBUG | sivi:base_runner.py:337| eval_kl_ite | Epoch 3850, VI KL to baseline: 0.0829
2026-03-28 22:54:59 | DEBUG | sivi:base_reverse_runner.py:261| eval_kl_ite | Epoch 3850, Reverse Model KL ITE: 0.1869
2026-03-28 22:54:59 | DEBUG | sivi:base_runner.py:347| eval_w2 | Epoch 3850, VI W2 to baseline: 0.2887
2026-03-28 22:54:59 | DEBUG | sivi:base_reverse_runner.py:272| eval_w2 | Epoch 3850, Reverse Model W2: 0.1439
2026-03-28 22:54:59 | DEBUG | sivi:base_runner.py:477| eval_elbo | Epoch 3850, ELBO: 0.4522, Std Total: 7.2244, Std Q: nan, CI Half: 0.6332
2026-03-28 22:54:59 | DEBUG | sivi:base_runner.py:507| eval_ksd | Epoch 3850, VI KSD: 0.0113
2026-03-28 22:54:59 | DEBUG | sivi:base_runner.py:337| eval_kl_ite | Epoch 3860, VI KL to baseline: 0.0798
2026-03-28 22:55:00 | DEBUG | sivi:base_reverse_runner.py:261| eval_kl_ite | Epoch 3860, Reverse Model KL ITE: 0.1759
2026-03-28 22:55:00 | DEBUG | sivi:base_runner.py:347| eval_w2 | Epoch 3860, VI W2 to baseline: 0.2479
2026-03-28 22:55:00 | DEBUG | sivi:base_reverse_runner.py:272| eval_w2 | Epoch 3860, Reverse Model W2: 0.1116
2026-03-28 22:55:00 | DEBUG | sivi:base_runner.py:477| eval_elbo | Epoch 3860, ELBO: 0.7747, Std Total: 8.9170, Std Q: nan, CI Half: 0.7816
2026-03-28 22:55:00 | DEBUG | sivi:base_runner.py:507| eval_ksd | Epoch 3860, VI KSD: 0.0146
2026-03-28 22:55:00 | DEBUG | sivi:base_runner.py:337| eval_kl_ite | Epoch 3870, VI KL to baseline: 0.0827
2026-03-28 22:55:00 | DEBUG | sivi:base_reverse_runner.py:261| eval_kl_ite | Epoch 3870, Reverse Model KL ITE: 0.1883
2026-03-28 22:55:00 | DEBUG | sivi:base_runner.py:347| eval_w2 | Epoch 3870, VI W2 to baseline: 0.3091
2026-03-28 22:55:00 | DEBUG | sivi:base_reverse_runner.py:272| eval_w2 | Epoch 3870, Reverse Model W2: 0.1305
2026-03-28 22:55:00 | DEBUG | sivi:base_runner.py:477| eval_elbo | Epoch 3870, ELBO: 0.6450, Std Total: 7.1162, Std Q: nan, CI Half: 0.6238
2026-03-28 22:55:00 | DEBUG | sivi:base_runner.py:507| eval_ksd | Epoch 3870, VI KSD: 0.0182
2026-03-28 22:55:01 | DEBUG | sivi:base_runner.py:337| eval_kl_ite | Epoch 3880, VI KL to baseline: 0.0887
2026-03-28 22:55:01 | DEBUG | sivi:base_reverse_runner.py:261| eval_kl_ite | Epoch 3880, Reverse Model KL ITE: 0.1883
2026-03-28 22:55:01 | DEBUG | sivi:base_runner.py:347| eval_w2 | Epoch 3880, VI W2 to baseline: 0.3170
2026-03-28 22:55:01 | DEBUG | sivi:base_reverse_runner.py:272| eval_w2 | Epoch 3880, Reverse Model W2: 0.1171
2026-03-28 22:55:01 | DEBUG | sivi:base_runner.py:477| eval_elbo | Epoch 3880, ELBO: 0.4290, Std Total: 5.3874, Std Q: nan, CI Half: 0.4722
2026-03-28 22:55:01 | DEBUG | sivi:base_runner.py:507| eval_ksd | Epoch 3880, VI KSD: 0.0138
2026-03-28 22:55:01 | DEBUG | sivi:base_runner.py:337| eval_kl_ite | Epoch 3890, VI KL to baseline: 0.0689
2026-03-28 22:55:01 | DEBUG | sivi:base_reverse_runner.py:261| eval_kl_ite | Epoch 3890, Reverse Model KL ITE: 0.1781
2026-03-28 22:55:01 | DEBUG | sivi:base_runner.py:347| eval_w2 | Epoch 3890, VI W2 to baseline: 0.3058
2026-03-28 22:55:01 | DEBUG | sivi:base_reverse_runner.py:272| eval_w2 | Epoch 3890, Reverse Model W2: 0.1023
2026-03-28 22:55:01 | DEBUG | sivi:base_runner.py:477| eval_elbo | Epoch 3890, ELBO: 0.4551, Std Total: 6.3897, Std Q: nan, CI Half: 0.5601
2026-03-28 22:55:01 | DEBUG | sivi:base_runner.py:507| eval_ksd | Epoch 3890, VI KSD: 0.0181
2026-03-28 22:55:02 | DEBUG | sivi:base_runner.py:874| learn | Epoch 3900: Avg Loss: -0.0310, Avg Epoch Time: 0.0581s
2026-03-28 22:55:02 | DEBUG | sivi:base_runner.py:337| eval_kl_ite | Epoch 3900, VI KL to baseline: 0.0639
2026-03-28 22:55:02 | DEBUG | sivi:base_reverse_runner.py:261| eval_kl_ite | Epoch 3900, Reverse Model KL ITE: 0.1691
2026-03-28 22:55:02 | DEBUG | sivi:base_runner.py:347| eval_w2 | Epoch 3900, VI W2 to baseline: 0.2890
2026-03-28 22:55:02 | DEBUG | sivi:base_reverse_runner.py:272| eval_w2 | Epoch 3900, Reverse Model W2: 0.1209
2026-03-28 22:55:02 | DEBUG | sivi:base_runner.py:477| eval_elbo | Epoch 3900, ELBO: 0.5107, Std Total: 5.7465, Std Q: nan, CI Half: 0.5037
2026-03-28 22:55:02 | DEBUG | sivi:base_runner.py:507| eval_ksd | Epoch 3900, VI KSD: 0.0146
2026-03-28 22:55:02 | DEBUG | sivi:base_runner.py:337| eval_kl_ite | Epoch 3910, VI KL to baseline: 0.0890
2026-03-28 22:55:03 | DEBUG | sivi:base_reverse_runner.py:261| eval_kl_ite | Epoch 3910, Reverse Model KL ITE: 0.1558
2026-03-28 22:55:03 | DEBUG | sivi:base_runner.py:347| eval_w2 | Epoch 3910, VI W2 to baseline: 0.3467
2026-03-28 22:55:03 | DEBUG | sivi:base_reverse_runner.py:272| eval_w2 | Epoch 3910, Reverse Model W2: 0.1258
2026-03-28 22:55:03 | DEBUG | sivi:base_runner.py:477| eval_elbo | Epoch 3910, ELBO: 0.3483, Std Total: 3.6257, Std Q: nan, CI Half: 0.3178
2026-03-28 22:55:03 | DEBUG | sivi:base_runner.py:507| eval_ksd | Epoch 3910, VI KSD: 0.0170
2026-03-28 22:55:03 | DEBUG | sivi:base_runner.py:337| eval_kl_ite | Epoch 3920, VI KL to baseline: 0.0885
2026-03-28 22:55:03 | DEBUG | sivi:base_reverse_runner.py:261| eval_kl_ite | Epoch 3920, Reverse Model KL ITE: 0.1963
2026-03-28 22:55:03 | DEBUG | sivi:base_runner.py:347| eval_w2 | Epoch 3920, VI W2 to baseline: 0.2971
2026-03-28 22:55:03 | DEBUG | sivi:base_reverse_runner.py:272| eval_w2 | Epoch 3920, Reverse Model W2: 0.1135
2026-03-28 22:55:03 | DEBUG | sivi:base_runner.py:477| eval_elbo | Epoch 3920, ELBO: 1.1278, Std Total: 8.5680, Std Q: nan, CI Half: 0.7510
2026-03-28 22:55:03 | DEBUG | sivi:base_runner.py:507| eval_ksd | Epoch 3920, VI KSD: 0.0191
2026-03-28 22:55:03 | DEBUG | sivi:base_runner.py:337| eval_kl_ite | Epoch 3930, VI KL to baseline: 0.0572
2026-03-28 22:55:04 | DEBUG | sivi:base_reverse_runner.py:261| eval_kl_ite | Epoch 3930, Reverse Model KL ITE: 0.1723
2026-03-28 22:55:04 | DEBUG | sivi:base_runner.py:347| eval_w2 | Epoch 3930, VI W2 to baseline: 0.2846
2026-03-28 22:55:04 | DEBUG | sivi:base_reverse_runner.py:272| eval_w2 | Epoch 3930, Reverse Model W2: 0.1048
2026-03-28 22:55:04 | DEBUG | sivi:base_runner.py:477| eval_elbo | Epoch 3930, ELBO: 1.1005, Std Total: 9.7752, Std Q: nan, CI Half: 0.8568
2026-03-28 22:55:04 | DEBUG | sivi:base_runner.py:507| eval_ksd | Epoch 3930, VI KSD: 0.0085
2026-03-28 22:55:04 | DEBUG | sivi:base_runner.py:337| eval_kl_ite | Epoch 3940, VI KL to baseline: 0.0826
2026-03-28 22:55:04 | DEBUG | sivi:base_reverse_runner.py:261| eval_kl_ite | Epoch 3940, Reverse Model KL ITE: 0.1990
2026-03-28 22:55:04 | DEBUG | sivi:base_runner.py:347| eval_w2 | Epoch 3940, VI W2 to baseline: 0.2712
2026-03-28 22:55:04 | DEBUG | sivi:base_reverse_runner.py:272| eval_w2 | Epoch 3940, Reverse Model W2: 0.1144
2026-03-28 22:55:04 | DEBUG | sivi:base_runner.py:477| eval_elbo | Epoch 3940, ELBO: 0.7558, Std Total: 6.3830, Std Q: nan, CI Half: 0.5595
2026-03-28 22:55:04 | DEBUG | sivi:base_runner.py:507| eval_ksd | Epoch 3940, VI KSD: 0.0145
2026-03-28 22:55:05 | DEBUG | sivi:base_runner.py:337| eval_kl_ite | Epoch 3950, VI KL to baseline: 0.0653
2026-03-28 22:55:05 | DEBUG | sivi:base_reverse_runner.py:261| eval_kl_ite | Epoch 3950, Reverse Model KL ITE: 0.2149
2026-03-28 22:55:05 | DEBUG | sivi:base_runner.py:347| eval_w2 | Epoch 3950, VI W2 to baseline: 0.2720
2026-03-28 22:55:05 | DEBUG | sivi:base_reverse_runner.py:272| eval_w2 | Epoch 3950, Reverse Model W2: 0.1189
2026-03-28 22:55:05 | DEBUG | sivi:base_runner.py:477| eval_elbo | Epoch 3950, ELBO: 1.0044, Std Total: 9.8258, Std Q: nan, CI Half: 0.8613
2026-03-28 22:55:05 | DEBUG | sivi:base_runner.py:507| eval_ksd | Epoch 3950, VI KSD: 0.0156
2026-03-28 22:55:05 | DEBUG | sivi:base_runner.py:337| eval_kl_ite | Epoch 3960, VI KL to baseline: 0.0560
2026-03-28 22:55:05 | DEBUG | sivi:base_reverse_runner.py:261| eval_kl_ite | Epoch 3960, Reverse Model KL ITE: 0.1976
2026-03-28 22:55:05 | DEBUG | sivi:base_runner.py:347| eval_w2 | Epoch 3960, VI W2 to baseline: 0.2253
2026-03-28 22:55:05 | DEBUG | sivi:base_reverse_runner.py:272| eval_w2 | Epoch 3960, Reverse Model W2: 0.1078
2026-03-28 22:55:05 | DEBUG | sivi:base_runner.py:477| eval_elbo | Epoch 3960, ELBO: 0.9176, Std Total: 7.4149, Std Q: nan, CI Half: 0.6499
2026-03-28 22:55:05 | DEBUG | sivi:base_runner.py:507| eval_ksd | Epoch 3960, VI KSD: 0.0125
2026-03-28 22:55:06 | DEBUG | sivi:base_runner.py:337| eval_kl_ite | Epoch 3970, VI KL to baseline: 0.0685
2026-03-28 22:55:06 | DEBUG | sivi:base_reverse_runner.py:261| eval_kl_ite | Epoch 3970, Reverse Model KL ITE: 0.2093
2026-03-28 22:55:06 | DEBUG | sivi:base_runner.py:347| eval_w2 | Epoch 3970, VI W2 to baseline: 0.1972
2026-03-28 22:55:06 | DEBUG | sivi:base_reverse_runner.py:272| eval_w2 | Epoch 3970, Reverse Model W2: 0.1078
2026-03-28 22:55:06 | DEBUG | sivi:base_runner.py:477| eval_elbo | Epoch 3970, ELBO: 0.5783, Std Total: 5.9013, Std Q: nan, CI Half: 0.5173
2026-03-28 22:55:06 | DEBUG | sivi:base_runner.py:507| eval_ksd | Epoch 3970, VI KSD: 0.0113
2026-03-28 22:55:06 | DEBUG | sivi:base_runner.py:337| eval_kl_ite | Epoch 3980, VI KL to baseline: 0.0587
2026-03-28 22:55:06 | DEBUG | sivi:base_reverse_runner.py:261| eval_kl_ite | Epoch 3980, Reverse Model KL ITE: 0.1996
2026-03-28 22:55:06 | DEBUG | sivi:base_runner.py:347| eval_w2 | Epoch 3980, VI W2 to baseline: 0.2308
2026-03-28 22:55:06 | DEBUG | sivi:base_reverse_runner.py:272| eval_w2 | Epoch 3980, Reverse Model W2: 0.6030
2026-03-28 22:55:06 | DEBUG | sivi:base_runner.py:477| eval_elbo | Epoch 3980, ELBO: 0.3722, Std Total: 4.8259, Std Q: nan, CI Half: 0.4230
2026-03-28 22:55:06 | DEBUG | sivi:base_runner.py:507| eval_ksd | Epoch 3980, VI KSD: 0.0125
2026-03-28 22:55:07 | DEBUG | sivi:base_runner.py:337| eval_kl_ite | Epoch 3990, VI KL to baseline: 0.0489
2026-03-28 22:55:07 | DEBUG | sivi:base_reverse_runner.py:261| eval_kl_ite | Epoch 3990, Reverse Model KL ITE: 0.1890
2026-03-28 22:55:07 | DEBUG | sivi:base_runner.py:347| eval_w2 | Epoch 3990, VI W2 to baseline: 0.2648
2026-03-28 22:55:07 | DEBUG | sivi:base_reverse_runner.py:272| eval_w2 | Epoch 3990, Reverse Model W2: 0.1228
2026-03-28 22:55:07 | DEBUG | sivi:base_runner.py:477| eval_elbo | Epoch 3990, ELBO: 1.3187, Std Total: 10.9326, Std Q: nan, CI Half: 0.9583
2026-03-28 22:55:07 | DEBUG | sivi:base_runner.py:507| eval_ksd | Epoch 3990, VI KSD: 0.0133
2026-03-28 22:55:07 | DEBUG | sivi:base_runner.py:874| learn | Epoch 4000: Avg Loss: 0.2454, Avg Epoch Time: 0.0531s
2026-03-28 22:55:07 | DEBUG | sivi:base_reverse_runner.py:183| _training_rev_log_func | Epoch 4000, Inner epoch 1, Reverse Model Loss: 3.6323, Avg Steps: 1.0000
2026-03-28 22:55:07 | DEBUG | sivi:base_runner.py:588| save_samples | Saved 100000 samples at epoch 4000.
2026-03-28 22:55:07 | DEBUG | sivi:base_runner.py:607| save_checkpoint | Saved VIModel checkpoints at epoch 4000 to results/AISIVI/x_shaped/20260328_225057/checkpoints/epoch_4000.
2026-03-28 22:55:07 | DEBUG | sivi:base_reverse_runner.py:476| save_checkpoint | Saved reverse checkpoints at epoch 4000 to results/AISIVI/x_shaped/20260328_225057/checkpoints/epoch_4000.
2026-03-28 22:55:07 | DEBUG | sivi:base_runner.py:337| eval_kl_ite | Epoch 4000, VI KL to baseline: 0.0690
2026-03-28 22:55:07 | DEBUG | sivi:base_reverse_runner.py:261| eval_kl_ite | Epoch 4000, Reverse Model KL ITE: 0.2024
2026-03-28 22:55:07 | DEBUG | sivi:base_runner.py:347| eval_w2 | Epoch 4000, VI W2 to baseline: 0.2324
2026-03-28 22:55:07 | DEBUG | sivi:base_reverse_runner.py:272| eval_w2 | Epoch 4000, Reverse Model W2: 0.1163
2026-03-28 22:55:07 | DEBUG | sivi:base_runner.py:477| eval_elbo | Epoch 4000, ELBO: 0.4195, Std Total: 4.4866, Std Q: nan, CI Half: 0.3933
2026-03-28 22:55:07 | DEBUG | sivi:base_runner.py:507| eval_ksd | Epoch 4000, VI KSD: 0.0149
2026-03-28 22:55:07 | DEBUG | sivi:base_runner.py:970| learn | Saved contour plot at epoch 4000.
2026-03-28 22:55:08 | DEBUG | sivi:base_runner.py:337| eval_kl_ite | Epoch 4010, VI KL to baseline: 0.0681
2026-03-28 22:55:08 | DEBUG | sivi:base_reverse_runner.py:261| eval_kl_ite | Epoch 4010, Reverse Model KL ITE: 0.2177
2026-03-28 22:55:08 | DEBUG | sivi:base_runner.py:347| eval_w2 | Epoch 4010, VI W2 to baseline: 0.2342
2026-03-28 22:55:08 | DEBUG | sivi:base_reverse_runner.py:272| eval_w2 | Epoch 4010, Reverse Model W2: 0.1106
2026-03-28 22:55:08 | DEBUG | sivi:base_runner.py:477| eval_elbo | Epoch 4010, ELBO: 0.8234, Std Total: 8.1759, Std Q: nan, CI Half: 0.7167
2026-03-28 22:55:08 | DEBUG | sivi:base_runner.py:507| eval_ksd | Epoch 4010, VI KSD: 0.0151
2026-03-28 22:55:08 | DEBUG | sivi:base_runner.py:337| eval_kl_ite | Epoch 4020, VI KL to baseline: 0.0596
2026-03-28 22:55:08 | DEBUG | sivi:base_reverse_runner.py:261| eval_kl_ite | Epoch 4020, Reverse Model KL ITE: 0.2055
2026-03-28 22:55:08 | DEBUG | sivi:base_runner.py:347| eval_w2 | Epoch 4020, VI W2 to baseline: 0.2224
2026-03-28 22:55:08 | DEBUG | sivi:base_reverse_runner.py:272| eval_w2 | Epoch 4020, Reverse Model W2: 0.1015
2026-03-28 22:55:08 | DEBUG | sivi:base_runner.py:477| eval_elbo | Epoch 4020, ELBO: 0.5248, Std Total: 4.8223, Std Q: nan, CI Half: 0.4227
2026-03-28 22:55:08 | DEBUG | sivi:base_runner.py:507| eval_ksd | Epoch 4020, VI KSD: 0.0089
2026-03-28 22:55:09 | DEBUG | sivi:base_runner.py:337| eval_kl_ite | Epoch 4030, VI KL to baseline: 0.0402
2026-03-28 22:55:09 | DEBUG | sivi:base_reverse_runner.py:261| eval_kl_ite | Epoch 4030, Reverse Model KL ITE: 0.1852
2026-03-28 22:55:09 | DEBUG | sivi:base_runner.py:347| eval_w2 | Epoch 4030, VI W2 to baseline: 0.2233
2026-03-28 22:55:09 | DEBUG | sivi:base_reverse_runner.py:272| eval_w2 | Epoch 4030, Reverse Model W2: 0.1098
2026-03-28 22:55:09 | DEBUG | sivi:base_runner.py:477| eval_elbo | Epoch 4030, ELBO: 1.1228, Std Total: 8.0715, Std Q: nan, CI Half: 0.7075
2026-03-28 22:55:09 | DEBUG | sivi:base_runner.py:507| eval_ksd | Epoch 4030, VI KSD: 0.0105
2026-03-28 22:55:09 | DEBUG | sivi:base_runner.py:337| eval_kl_ite | Epoch 4040, VI KL to baseline: 0.0524
2026-03-28 22:55:09 | DEBUG | sivi:base_reverse_runner.py:261| eval_kl_ite | Epoch 4040, Reverse Model KL ITE: 0.2290
2026-03-28 22:55:09 | DEBUG | sivi:base_runner.py:347| eval_w2 | Epoch 4040, VI W2 to baseline: 0.2292
2026-03-28 22:55:09 | DEBUG | sivi:base_reverse_runner.py:272| eval_w2 | Epoch 4040, Reverse Model W2: 0.1105
2026-03-28 22:55:09 | DEBUG | sivi:base_runner.py:477| eval_elbo | Epoch 4040, ELBO: 0.8072, Std Total: 7.6440, Std Q: nan, CI Half: 0.6700
2026-03-28 22:55:09 | DEBUG | sivi:base_runner.py:507| eval_ksd | Epoch 4040, VI KSD: 0.0120
2026-03-28 22:55:10 | DEBUG | sivi:base_runner.py:337| eval_kl_ite | Epoch 4050, VI KL to baseline: 0.0369
2026-03-28 22:55:10 | DEBUG | sivi:base_reverse_runner.py:261| eval_kl_ite | Epoch 4050, Reverse Model KL ITE: 0.2416
2026-03-28 22:55:10 | DEBUG | sivi:base_runner.py:347| eval_w2 | Epoch 4050, VI W2 to baseline: 0.2134
2026-03-28 22:55:10 | DEBUG | sivi:base_reverse_runner.py:272| eval_w2 | Epoch 4050, Reverse Model W2: 0.1131
2026-03-28 22:55:10 | DEBUG | sivi:base_runner.py:477| eval_elbo | Epoch 4050, ELBO: 1.0350, Std Total: 8.0889, Std Q: nan, CI Half: 0.7090
2026-03-28 22:55:10 | DEBUG | sivi:base_runner.py:507| eval_ksd | Epoch 4050, VI KSD: 0.0060
2026-03-28 22:55:10 | DEBUG | sivi:base_runner.py:337| eval_kl_ite | Epoch 4060, VI KL to baseline: 0.0577
2026-03-28 22:55:10 | DEBUG | sivi:base_reverse_runner.py:261| eval_kl_ite | Epoch 4060, Reverse Model KL ITE: 0.2242
2026-03-28 22:55:10 | DEBUG | sivi:base_runner.py:347| eval_w2 | Epoch 4060, VI W2 to baseline: 0.2223
2026-03-28 22:55:10 | DEBUG | sivi:base_reverse_runner.py:272| eval_w2 | Epoch 4060, Reverse Model W2: 0.1293
2026-03-28 22:55:10 | DEBUG | sivi:base_runner.py:477| eval_elbo | Epoch 4060, ELBO: 0.8349, Std Total: 7.0751, Std Q: nan, CI Half: 0.6202
2026-03-28 22:55:10 | DEBUG | sivi:base_runner.py:507| eval_ksd | Epoch 4060, VI KSD: 0.0066
2026-03-28 22:55:11 | DEBUG | sivi:base_runner.py:337| eval_kl_ite | Epoch 4070, VI KL to baseline: 0.0466
2026-03-28 22:55:11 | DEBUG | sivi:base_reverse_runner.py:261| eval_kl_ite | Epoch 4070, Reverse Model KL ITE: 0.2084
2026-03-28 22:55:11 | DEBUG | sivi:base_runner.py:347| eval_w2 | Epoch 4070, VI W2 to baseline: 0.2225
2026-03-28 22:55:11 | DEBUG | sivi:base_reverse_runner.py:272| eval_w2 | Epoch 4070, Reverse Model W2: 0.1208
2026-03-28 22:55:11 | DEBUG | sivi:base_runner.py:477| eval_elbo | Epoch 4070, ELBO: 1.0475, Std Total: 8.2283, Std Q: nan, CI Half: 0.7212
2026-03-28 22:55:11 | DEBUG | sivi:base_runner.py:507| eval_ksd | Epoch 4070, VI KSD: 0.0119
2026-03-28 22:55:12 | DEBUG | sivi:base_runner.py:337| eval_kl_ite | Epoch 4080, VI KL to baseline: 0.0555
2026-03-28 22:55:12 | DEBUG | sivi:base_reverse_runner.py:261| eval_kl_ite | Epoch 4080, Reverse Model KL ITE: 0.2072
2026-03-28 22:55:12 | DEBUG | sivi:base_runner.py:347| eval_w2 | Epoch 4080, VI W2 to baseline: 0.2443
2026-03-28 22:55:12 | DEBUG | sivi:base_reverse_runner.py:272| eval_w2 | Epoch 4080, Reverse Model W2: 0.1340
2026-03-28 22:55:12 | DEBUG | sivi:base_runner.py:477| eval_elbo | Epoch 4080, ELBO: 0.9757, Std Total: 8.6339, Std Q: nan, CI Half: 0.7568
2026-03-28 22:55:12 | DEBUG | sivi:base_runner.py:507| eval_ksd | Epoch 4080, VI KSD: 0.0123
2026-03-28 22:55:12 | DEBUG | sivi:base_runner.py:337| eval_kl_ite | Epoch 4090, VI KL to baseline: 0.0425
2026-03-28 22:55:12 | DEBUG | sivi:base_reverse_runner.py:261| eval_kl_ite | Epoch 4090, Reverse Model KL ITE: 0.1860
2026-03-28 22:55:12 | DEBUG | sivi:base_runner.py:347| eval_w2 | Epoch 4090, VI W2 to baseline: 0.2287
2026-03-28 22:55:12 | DEBUG | sivi:base_reverse_runner.py:272| eval_w2 | Epoch 4090, Reverse Model W2: 0.1870
2026-03-28 22:55:12 | DEBUG | sivi:base_runner.py:477| eval_elbo | Epoch 4090, ELBO: 1.2105, Std Total: 9.5970, Std Q: nan, CI Half: 0.8412
2026-03-28 22:55:12 | DEBUG | sivi:base_runner.py:507| eval_ksd | Epoch 4090, VI KSD: 0.0159
2026-03-28 22:55:13 | DEBUG | sivi:base_runner.py:874| learn | Epoch 4100: Avg Loss: 0.0249, Avg Epoch Time: 0.0568s
2026-03-28 22:55:13 | DEBUG | sivi:base_runner.py:337| eval_kl_ite | Epoch 4100, VI KL to baseline: 0.0711
2026-03-28 22:55:13 | DEBUG | sivi:base_reverse_runner.py:261| eval_kl_ite | Epoch 4100, Reverse Model KL ITE: 0.1699
2026-03-28 22:55:13 | DEBUG | sivi:base_runner.py:347| eval_w2 | Epoch 4100, VI W2 to baseline: 0.2368
2026-03-28 22:55:13 | DEBUG | sivi:base_reverse_runner.py:272| eval_w2 | Epoch 4100, Reverse Model W2: 0.1052
2026-03-28 22:55:13 | DEBUG | sivi:base_runner.py:477| eval_elbo | Epoch 4100, ELBO: 1.1512, Std Total: 8.8058, Std Q: nan, CI Half: 0.7719
2026-03-28 22:55:13 | DEBUG | sivi:base_runner.py:507| eval_ksd | Epoch 4100, VI KSD: 0.0059
2026-03-28 22:55:13 | DEBUG | sivi:base_runner.py:337| eval_kl_ite | Epoch 4110, VI KL to baseline: 0.0502
2026-03-28 22:55:13 | DEBUG | sivi:base_reverse_runner.py:261| eval_kl_ite | Epoch 4110, Reverse Model KL ITE: 0.2166
2026-03-28 22:55:14 | DEBUG | sivi:base_runner.py:347| eval_w2 | Epoch 4110, VI W2 to baseline: 0.2154
2026-03-28 22:55:14 | DEBUG | sivi:base_reverse_runner.py:272| eval_w2 | Epoch 4110, Reverse Model W2: 0.1218
2026-03-28 22:55:14 | DEBUG | sivi:base_runner.py:477| eval_elbo | Epoch 4110, ELBO: 1.0965, Std Total: 7.8495, Std Q: nan, CI Half: 0.6880
2026-03-28 22:55:14 | DEBUG | sivi:base_runner.py:507| eval_ksd | Epoch 4110, VI KSD: 0.0102
2026-03-28 22:55:14 | DEBUG | sivi:base_runner.py:337| eval_kl_ite | Epoch 4120, VI KL to baseline: 0.0491
2026-03-28 22:55:14 | DEBUG | sivi:base_reverse_runner.py:261| eval_kl_ite | Epoch 4120, Reverse Model KL ITE: 0.1943
2026-03-28 22:55:14 | DEBUG | sivi:base_runner.py:347| eval_w2 | Epoch 4120, VI W2 to baseline: 0.2198
2026-03-28 22:55:14 | DEBUG | sivi:base_reverse_runner.py:272| eval_w2 | Epoch 4120, Reverse Model W2: 0.1125
2026-03-28 22:55:14 | DEBUG | sivi:base_runner.py:477| eval_elbo | Epoch 4120, ELBO: 0.6286, Std Total: 4.9397, Std Q: nan, CI Half: 0.4330
2026-03-28 22:55:14 | DEBUG | sivi:base_runner.py:507| eval_ksd | Epoch 4120, VI KSD: 0.0098
2026-03-28 22:55:14 | DEBUG | sivi:base_runner.py:337| eval_kl_ite | Epoch 4130, VI KL to baseline: 0.0533
2026-03-28 22:55:14 | DEBUG | sivi:base_reverse_runner.py:261| eval_kl_ite | Epoch 4130, Reverse Model KL ITE: 0.2181
2026-03-28 22:55:14 | DEBUG | sivi:base_runner.py:347| eval_w2 | Epoch 4130, VI W2 to baseline: 0.2454
2026-03-28 22:55:14 | DEBUG | sivi:base_reverse_runner.py:272| eval_w2 | Epoch 4130, Reverse Model W2: 0.1152
2026-03-28 22:55:14 | DEBUG | sivi:base_runner.py:477| eval_elbo | Epoch 4130, ELBO: 0.6749, Std Total: 7.3917, Std Q: nan, CI Half: 0.6479
2026-03-28 22:55:14 | DEBUG | sivi:base_runner.py:507| eval_ksd | Epoch 4130, VI KSD: 0.0120
2026-03-28 22:55:15 | DEBUG | sivi:base_runner.py:337| eval_kl_ite | Epoch 4140, VI KL to baseline: 0.0482
2026-03-28 22:55:15 | DEBUG | sivi:base_reverse_runner.py:261| eval_kl_ite | Epoch 4140, Reverse Model KL ITE: 0.1966
2026-03-28 22:55:15 | DEBUG | sivi:base_runner.py:347| eval_w2 | Epoch 4140, VI W2 to baseline: 0.2204
2026-03-28 22:55:15 | DEBUG | sivi:base_reverse_runner.py:272| eval_w2 | Epoch 4140, Reverse Model W2: 0.1169
2026-03-28 22:55:15 | DEBUG | sivi:base_runner.py:477| eval_elbo | Epoch 4140, ELBO: 0.7888, Std Total: 7.3285, Std Q: nan, CI Half: 0.6424
2026-03-28 22:55:15 | DEBUG | sivi:base_runner.py:507| eval_ksd | Epoch 4140, VI KSD: 0.0103
2026-03-28 22:55:15 | DEBUG | sivi:base_runner.py:337| eval_kl_ite | Epoch 4150, VI KL to baseline: 0.0526
2026-03-28 22:55:16 | DEBUG | sivi:base_reverse_runner.py:261| eval_kl_ite | Epoch 4150, Reverse Model KL ITE: 0.1591
2026-03-28 22:55:16 | DEBUG | sivi:base_runner.py:347| eval_w2 | Epoch 4150, VI W2 to baseline: 0.2278
2026-03-28 22:55:16 | DEBUG | sivi:base_reverse_runner.py:272| eval_w2 | Epoch 4150, Reverse Model W2: 0.1131
2026-03-28 22:55:16 | DEBUG | sivi:base_runner.py:477| eval_elbo | Epoch 4150, ELBO: 0.9863, Std Total: 8.7697, Std Q: nan, CI Half: 0.7687
2026-03-28 22:55:16 | DEBUG | sivi:base_runner.py:507| eval_ksd | Epoch 4150, VI KSD: 0.0103
2026-03-28 22:55:16 | DEBUG | sivi:base_runner.py:337| eval_kl_ite | Epoch 4160, VI KL to baseline: 0.0512
2026-03-28 22:55:16 | DEBUG | sivi:base_reverse_runner.py:261| eval_kl_ite | Epoch 4160, Reverse Model KL ITE: 0.1948
2026-03-28 22:55:16 | DEBUG | sivi:base_runner.py:347| eval_w2 | Epoch 4160, VI W2 to baseline: 0.2405
2026-03-28 22:55:16 | DEBUG | sivi:base_reverse_runner.py:272| eval_w2 | Epoch 4160, Reverse Model W2: 0.1487
2026-03-28 22:55:16 | DEBUG | sivi:base_runner.py:477| eval_elbo | Epoch 4160, ELBO: 0.9115, Std Total: 7.4906, Std Q: nan, CI Half: 0.6566
2026-03-28 22:55:16 | DEBUG | sivi:base_runner.py:507| eval_ksd | Epoch 4160, VI KSD: 0.0159
2026-03-28 22:55:17 | DEBUG | sivi:base_runner.py:337| eval_kl_ite | Epoch 4170, VI KL to baseline: 0.0751
2026-03-28 22:55:17 | DEBUG | sivi:base_reverse_runner.py:261| eval_kl_ite | Epoch 4170, Reverse Model KL ITE: 0.2126
2026-03-28 22:55:17 | DEBUG | sivi:base_runner.py:347| eval_w2 | Epoch 4170, VI W2 to baseline: 0.2524
2026-03-28 22:55:17 | DEBUG | sivi:base_reverse_runner.py:272| eval_w2 | Epoch 4170, Reverse Model W2: 0.1106
2026-03-28 22:55:17 | DEBUG | sivi:base_runner.py:477| eval_elbo | Epoch 4170, ELBO: 0.3623, Std Total: 4.7461, Std Q: nan, CI Half: 0.4160
2026-03-28 22:55:17 | DEBUG | sivi:base_runner.py:507| eval_ksd | Epoch 4170, VI KSD: 0.0138
2026-03-28 22:55:17 | DEBUG | sivi:base_runner.py:337| eval_kl_ite | Epoch 4180, VI KL to baseline: 0.0643
2026-03-28 22:55:17 | DEBUG | sivi:base_reverse_runner.py:261| eval_kl_ite | Epoch 4180, Reverse Model KL ITE: 0.1950
2026-03-28 22:55:17 | DEBUG | sivi:base_runner.py:347| eval_w2 | Epoch 4180, VI W2 to baseline: 0.2634
2026-03-28 22:55:17 | DEBUG | sivi:base_reverse_runner.py:272| eval_w2 | Epoch 4180, Reverse Model W2: 0.1130
2026-03-28 22:55:17 | DEBUG | sivi:base_runner.py:477| eval_elbo | Epoch 4180, ELBO: 1.5649, Std Total: 12.2164, Std Q: nan, CI Half: 1.0708
2026-03-28 22:55:17 | DEBUG | sivi:base_runner.py:507| eval_ksd | Epoch 4180, VI KSD: 0.0167
2026-03-28 22:55:18 | DEBUG | sivi:base_runner.py:337| eval_kl_ite | Epoch 4190, VI KL to baseline: 0.0793
2026-03-28 22:55:18 | DEBUG | sivi:base_reverse_runner.py:261| eval_kl_ite | Epoch 4190, Reverse Model KL ITE: 0.1890
2026-03-28 22:55:18 | DEBUG | sivi:base_runner.py:347| eval_w2 | Epoch 4190, VI W2 to baseline: 0.2966
2026-03-28 22:55:18 | DEBUG | sivi:base_reverse_runner.py:272| eval_w2 | Epoch 4190, Reverse Model W2: 0.1210
2026-03-28 22:55:18 | DEBUG | sivi:base_runner.py:477| eval_elbo | Epoch 4190, ELBO: 0.6394, Std Total: 5.8803, Std Q: nan, CI Half: 0.5154
2026-03-28 22:55:18 | DEBUG | sivi:base_runner.py:507| eval_ksd | Epoch 4190, VI KSD: 0.0081
2026-03-28 22:55:18 | DEBUG | sivi:base_runner.py:874| learn | Epoch 4200: Avg Loss: -0.0524, Avg Epoch Time: 0.0521s
2026-03-28 22:55:18 | DEBUG | sivi:base_runner.py:337| eval_kl_ite | Epoch 4200, VI KL to baseline: 0.0794
2026-03-28 22:55:18 | DEBUG | sivi:base_reverse_runner.py:261| eval_kl_ite | Epoch 4200, Reverse Model KL ITE: 0.1784
2026-03-28 22:55:18 | DEBUG | sivi:base_runner.py:347| eval_w2 | Epoch 4200, VI W2 to baseline: 0.2731
2026-03-28 22:55:18 | DEBUG | sivi:base_reverse_runner.py:272| eval_w2 | Epoch 4200, Reverse Model W2: 0.1142
2026-03-28 22:55:18 | DEBUG | sivi:base_runner.py:477| eval_elbo | Epoch 4200, ELBO: 0.7129, Std Total: 6.7167, Std Q: nan, CI Half: 0.5887
2026-03-28 22:55:18 | DEBUG | sivi:base_runner.py:507| eval_ksd | Epoch 4200, VI KSD: 0.0176
2026-03-28 22:55:19 | DEBUG | sivi:base_runner.py:337| eval_kl_ite | Epoch 4210, VI KL to baseline: 0.0686
2026-03-28 22:55:19 | DEBUG | sivi:base_reverse_runner.py:261| eval_kl_ite | Epoch 4210, Reverse Model KL ITE: 0.1775
2026-03-28 22:55:19 | DEBUG | sivi:base_runner.py:347| eval_w2 | Epoch 4210, VI W2 to baseline: 0.2660
2026-03-28 22:55:19 | DEBUG | sivi:base_reverse_runner.py:272| eval_w2 | Epoch 4210, Reverse Model W2: 0.1130
2026-03-28 22:55:19 | DEBUG | sivi:base_runner.py:477| eval_elbo | Epoch 4210, ELBO: 1.0536, Std Total: 8.7966, Std Q: nan, CI Half: 0.7711
2026-03-28 22:55:19 | DEBUG | sivi:base_runner.py:507| eval_ksd | Epoch 4210, VI KSD: 0.0126
2026-03-28 22:55:19 | DEBUG | sivi:base_runner.py:337| eval_kl_ite | Epoch 4220, VI KL to baseline: 0.0601
2026-03-28 22:55:19 | DEBUG | sivi:base_reverse_runner.py:261| eval_kl_ite | Epoch 4220, Reverse Model KL ITE: 0.1798
2026-03-28 22:55:19 | DEBUG | sivi:base_runner.py:347| eval_w2 | Epoch 4220, VI W2 to baseline: 0.2374
2026-03-28 22:55:19 | DEBUG | sivi:base_reverse_runner.py:272| eval_w2 | Epoch 4220, Reverse Model W2: 0.1131
2026-03-28 22:55:19 | DEBUG | sivi:base_runner.py:477| eval_elbo | Epoch 4220, ELBO: 0.8561, Std Total: 7.6897, Std Q: nan, CI Half: 0.6740
2026-03-28 22:55:19 | DEBUG | sivi:base_runner.py:507| eval_ksd | Epoch 4220, VI KSD: 0.0161
2026-03-28 22:55:20 | DEBUG | sivi:base_runner.py:337| eval_kl_ite | Epoch 4230, VI KL to baseline: 0.0774
2026-03-28 22:55:20 | DEBUG | sivi:base_reverse_runner.py:261| eval_kl_ite | Epoch 4230, Reverse Model KL ITE: 0.1689
2026-03-28 22:55:20 | DEBUG | sivi:base_runner.py:347| eval_w2 | Epoch 4230, VI W2 to baseline: 0.2693
2026-03-28 22:55:20 | DEBUG | sivi:base_reverse_runner.py:272| eval_w2 | Epoch 4230, Reverse Model W2: 0.1330
2026-03-28 22:55:20 | DEBUG | sivi:base_runner.py:477| eval_elbo | Epoch 4230, ELBO: 1.2703, Std Total: 9.2113, Std Q: nan, CI Half: 0.8074
2026-03-28 22:55:20 | DEBUG | sivi:base_runner.py:507| eval_ksd | Epoch 4230, VI KSD: 0.0201
2026-03-28 22:55:20 | DEBUG | sivi:base_runner.py:337| eval_kl_ite | Epoch 4240, VI KL to baseline: 0.0613
2026-03-28 22:55:20 | DEBUG | sivi:base_reverse_runner.py:261| eval_kl_ite | Epoch 4240, Reverse Model KL ITE: 0.1895
2026-03-28 22:55:20 | DEBUG | sivi:base_runner.py:347| eval_w2 | Epoch 4240, VI W2 to baseline: 0.2385
2026-03-28 22:55:20 | DEBUG | sivi:base_reverse_runner.py:272| eval_w2 | Epoch 4240, Reverse Model W2: 0.1164
2026-03-28 22:55:20 | DEBUG | sivi:base_runner.py:477| eval_elbo | Epoch 4240, ELBO: 1.2680, Std Total: 9.6667, Std Q: nan, CI Half: 0.8473
2026-03-28 22:55:20 | DEBUG | sivi:base_runner.py:507| eval_ksd | Epoch 4240, VI KSD: 0.0148
2026-03-28 22:55:21 | DEBUG | sivi:base_runner.py:337| eval_kl_ite | Epoch 4250, VI KL to baseline: 0.0454
2026-03-28 22:55:21 | DEBUG | sivi:base_reverse_runner.py:261| eval_kl_ite | Epoch 4250, Reverse Model KL ITE: 0.2108
2026-03-28 22:55:21 | DEBUG | sivi:base_runner.py:347| eval_w2 | Epoch 4250, VI W2 to baseline: 0.2187
2026-03-28 22:55:21 | DEBUG | sivi:base_reverse_runner.py:272| eval_w2 | Epoch 4250, Reverse Model W2: 0.1271
2026-03-28 22:55:21 | DEBUG | sivi:base_runner.py:477| eval_elbo | Epoch 4250, ELBO: 1.1149, Std Total: 8.7551, Std Q: nan, CI Half: 0.7674
2026-03-28 22:55:21 | DEBUG | sivi:base_runner.py:507| eval_ksd | Epoch 4250, VI KSD: 0.0101
2026-03-28 22:55:21 | DEBUG | sivi:base_runner.py:337| eval_kl_ite | Epoch 4260, VI KL to baseline: 0.0515
2026-03-28 22:55:22 | DEBUG | sivi:base_reverse_runner.py:261| eval_kl_ite | Epoch 4260, Reverse Model KL ITE: 0.2340
2026-03-28 22:55:22 | DEBUG | sivi:base_runner.py:347| eval_w2 | Epoch 4260, VI W2 to baseline: 0.2105
2026-03-28 22:55:22 | DEBUG | sivi:base_reverse_runner.py:272| eval_w2 | Epoch 4260, Reverse Model W2: 0.1312
2026-03-28 22:55:22 | DEBUG | sivi:base_runner.py:477| eval_elbo | Epoch 4260, ELBO: 1.1569, Std Total: 8.8402, Std Q: nan, CI Half: 0.7749
2026-03-28 22:55:22 | DEBUG | sivi:base_runner.py:507| eval_ksd | Epoch 4260, VI KSD: 0.0048
2026-03-28 22:55:22 | DEBUG | sivi:base_runner.py:337| eval_kl_ite | Epoch 4270, VI KL to baseline: 0.0321
2026-03-28 22:55:22 | DEBUG | sivi:base_reverse_runner.py:261| eval_kl_ite | Epoch 4270, Reverse Model KL ITE: 0.1976
2026-03-28 22:55:22 | DEBUG | sivi:base_runner.py:347| eval_w2 | Epoch 4270, VI W2 to baseline: 0.2480
2026-03-28 22:55:22 | DEBUG | sivi:base_reverse_runner.py:272| eval_w2 | Epoch 4270, Reverse Model W2: 0.1383
2026-03-28 22:55:22 | DEBUG | sivi:base_runner.py:477| eval_elbo | Epoch 4270, ELBO: 1.1617, Std Total: 12.2534, Std Q: nan, CI Half: 1.0741
2026-03-28 22:55:22 | DEBUG | sivi:base_runner.py:507| eval_ksd | Epoch 4270, VI KSD: 0.0095
2026-03-28 22:55:23 | DEBUG | sivi:base_runner.py:337| eval_kl_ite | Epoch 4280, VI KL to baseline: 0.0467
2026-03-28 22:55:23 | DEBUG | sivi:base_reverse_runner.py:261| eval_kl_ite | Epoch 4280, Reverse Model KL ITE: 0.1942
2026-03-28 22:55:23 | DEBUG | sivi:base_runner.py:347| eval_w2 | Epoch 4280, VI W2 to baseline: 0.2603
2026-03-28 22:55:23 | DEBUG | sivi:base_reverse_runner.py:272| eval_w2 | Epoch 4280, Reverse Model W2: 0.1260
2026-03-28 22:55:23 | DEBUG | sivi:base_runner.py:477| eval_elbo | Epoch 4280, ELBO: 1.0679, Std Total: 10.9975, Std Q: nan, CI Half: 0.9640
2026-03-28 22:55:23 | DEBUG | sivi:base_runner.py:507| eval_ksd | Epoch 4280, VI KSD: 0.0131
2026-03-28 22:55:23 | DEBUG | sivi:base_runner.py:337| eval_kl_ite | Epoch 4290, VI KL to baseline: 0.0497
2026-03-28 22:55:23 | DEBUG | sivi:base_reverse_runner.py:261| eval_kl_ite | Epoch 4290, Reverse Model KL ITE: 0.1607
2026-03-28 22:55:24 | DEBUG | sivi:base_runner.py:347| eval_w2 | Epoch 4290, VI W2 to baseline: 0.2470
2026-03-28 22:55:24 | DEBUG | sivi:base_reverse_runner.py:272| eval_w2 | Epoch 4290, Reverse Model W2: 0.1289
2026-03-28 22:55:24 | DEBUG | sivi:base_runner.py:477| eval_elbo | Epoch 4290, ELBO: 1.0160, Std Total: 7.5642, Std Q: nan, CI Half: 0.6630
2026-03-28 22:55:24 | DEBUG | sivi:base_runner.py:507| eval_ksd | Epoch 4290, VI KSD: 0.0104
2026-03-28 22:55:24 | DEBUG | sivi:base_runner.py:874| learn | Epoch 4300: Avg Loss: 0.1002, Avg Epoch Time: 0.0593s
2026-03-28 22:55:24 | DEBUG | sivi:base_runner.py:337| eval_kl_ite | Epoch 4300, VI KL to baseline: 0.0822
2026-03-28 22:55:24 | DEBUG | sivi:base_reverse_runner.py:261| eval_kl_ite | Epoch 4300, Reverse Model KL ITE: 0.1691
2026-03-28 22:55:24 | DEBUG | sivi:base_runner.py:347| eval_w2 | Epoch 4300, VI W2 to baseline: 0.2180
2026-03-28 22:55:24 | DEBUG | sivi:base_reverse_runner.py:272| eval_w2 | Epoch 4300, Reverse Model W2: 0.1179
2026-03-28 22:55:24 | DEBUG | sivi:base_runner.py:477| eval_elbo | Epoch 4300, ELBO: 0.8575, Std Total: 7.0084, Std Q: nan, CI Half: 0.6143
2026-03-28 22:55:24 | DEBUG | sivi:base_runner.py:507| eval_ksd | Epoch 4300, VI KSD: 0.0102
2026-03-28 22:55:25 | DEBUG | sivi:base_runner.py:337| eval_kl_ite | Epoch 4310, VI KL to baseline: 0.0338
2026-03-28 22:55:25 | DEBUG | sivi:base_reverse_runner.py:261| eval_kl_ite | Epoch 4310, Reverse Model KL ITE: 0.1835
2026-03-28 22:55:25 | DEBUG | sivi:base_runner.py:347| eval_w2 | Epoch 4310, VI W2 to baseline: 0.2304
2026-03-28 22:55:25 | DEBUG | sivi:base_reverse_runner.py:272| eval_w2 | Epoch 4310, Reverse Model W2: 0.1012
2026-03-28 22:55:25 | DEBUG | sivi:base_runner.py:477| eval_elbo | Epoch 4310, ELBO: 0.4235, Std Total: 4.3162, Std Q: nan, CI Half: 0.3783
2026-03-28 22:55:25 | DEBUG | sivi:base_runner.py:507| eval_ksd | Epoch 4310, VI KSD: 0.0044
2026-03-28 22:55:25 | DEBUG | sivi:base_runner.py:337| eval_kl_ite | Epoch 4320, VI KL to baseline: 0.0492
2026-03-28 22:55:25 | DEBUG | sivi:base_reverse_runner.py:261| eval_kl_ite | Epoch 4320, Reverse Model KL ITE: 0.2074
2026-03-28 22:55:25 | DEBUG | sivi:base_runner.py:347| eval_w2 | Epoch 4320, VI W2 to baseline: 0.2437
2026-03-28 22:55:25 | DEBUG | sivi:base_reverse_runner.py:272| eval_w2 | Epoch 4320, Reverse Model W2: 0.1139
2026-03-28 22:55:25 | DEBUG | sivi:base_runner.py:477| eval_elbo | Epoch 4320, ELBO: 1.4169, Std Total: 9.9903, Std Q: nan, CI Half: 0.8757
2026-03-28 22:55:25 | DEBUG | sivi:base_runner.py:507| eval_ksd | Epoch 4320, VI KSD: 0.0086
2026-03-28 22:55:26 | DEBUG | sivi:base_runner.py:337| eval_kl_ite | Epoch 4330, VI KL to baseline: 0.0513
2026-03-28 22:55:26 | DEBUG | sivi:base_reverse_runner.py:261| eval_kl_ite | Epoch 4330, Reverse Model KL ITE: 0.2156
2026-03-28 22:55:26 | DEBUG | sivi:base_runner.py:347| eval_w2 | Epoch 4330, VI W2 to baseline: 0.1976
2026-03-28 22:55:26 | DEBUG | sivi:base_reverse_runner.py:272| eval_w2 | Epoch 4330, Reverse Model W2: 0.1179
2026-03-28 22:55:26 | DEBUG | sivi:base_runner.py:477| eval_elbo | Epoch 4330, ELBO: 0.5972, Std Total: 6.6350, Std Q: nan, CI Half: 0.5816
2026-03-28 22:55:26 | DEBUG | sivi:base_runner.py:507| eval_ksd | Epoch 4330, VI KSD: 0.0056
2026-03-28 22:55:26 | DEBUG | sivi:base_runner.py:337| eval_kl_ite | Epoch 4340, VI KL to baseline: 0.0607
2026-03-28 22:55:26 | DEBUG | sivi:base_reverse_runner.py:261| eval_kl_ite | Epoch 4340, Reverse Model KL ITE: 0.2074
2026-03-28 22:55:26 | DEBUG | sivi:base_runner.py:347| eval_w2 | Epoch 4340, VI W2 to baseline: 0.1908
2026-03-28 22:55:26 | DEBUG | sivi:base_reverse_runner.py:272| eval_w2 | Epoch 4340, Reverse Model W2: 0.1185
2026-03-28 22:55:26 | DEBUG | sivi:base_runner.py:477| eval_elbo | Epoch 4340, ELBO: 1.2736, Std Total: 8.6660, Std Q: nan, CI Half: 0.7596
2026-03-28 22:55:26 | DEBUG | sivi:base_runner.py:507| eval_ksd | Epoch 4340, VI KSD: 0.0036
2026-03-28 22:55:27 | DEBUG | sivi:base_runner.py:337| eval_kl_ite | Epoch 4350, VI KL to baseline: 0.0417
2026-03-28 22:55:27 | DEBUG | sivi:base_reverse_runner.py:261| eval_kl_ite | Epoch 4350, Reverse Model KL ITE: 0.1883
2026-03-28 22:55:27 | DEBUG | sivi:base_runner.py:347| eval_w2 | Epoch 4350, VI W2 to baseline: 0.1774
2026-03-28 22:55:27 | DEBUG | sivi:base_reverse_runner.py:272| eval_w2 | Epoch 4350, Reverse Model W2: 0.1522
2026-03-28 22:55:27 | DEBUG | sivi:base_runner.py:477| eval_elbo | Epoch 4350, ELBO: 1.2458, Std Total: 10.0711, Std Q: nan, CI Half: 0.8828
2026-03-28 22:55:27 | DEBUG | sivi:base_runner.py:507| eval_ksd | Epoch 4350, VI KSD: 0.0063
2026-03-28 22:55:27 | DEBUG | sivi:base_runner.py:337| eval_kl_ite | Epoch 4360, VI KL to baseline: 0.0428
2026-03-28 22:55:27 | DEBUG | sivi:base_reverse_runner.py:261| eval_kl_ite | Epoch 4360, Reverse Model KL ITE: 0.2078
2026-03-28 22:55:27 | DEBUG | sivi:base_runner.py:347| eval_w2 | Epoch 4360, VI W2 to baseline: 0.1693
2026-03-28 22:55:27 | DEBUG | sivi:base_reverse_runner.py:272| eval_w2 | Epoch 4360, Reverse Model W2: 0.1063
2026-03-28 22:55:27 | DEBUG | sivi:base_runner.py:477| eval_elbo | Epoch 4360, ELBO: 0.8420, Std Total: 7.3447, Std Q: nan, CI Half: 0.6438
2026-03-28 22:55:27 | DEBUG | sivi:base_runner.py:507| eval_ksd | Epoch 4360, VI KSD: 0.0109
2026-03-28 22:55:28 | DEBUG | sivi:base_runner.py:337| eval_kl_ite | Epoch 4370, VI KL to baseline: 0.0478
2026-03-28 22:55:28 | DEBUG | sivi:base_reverse_runner.py:261| eval_kl_ite | Epoch 4370, Reverse Model KL ITE: 0.2199
2026-03-28 22:55:28 | DEBUG | sivi:base_runner.py:347| eval_w2 | Epoch 4370, VI W2 to baseline: 0.1398
2026-03-28 22:55:28 | DEBUG | sivi:base_reverse_runner.py:272| eval_w2 | Epoch 4370, Reverse Model W2: 0.0984
2026-03-28 22:55:28 | DEBUG | sivi:base_runner.py:477| eval_elbo | Epoch 4370, ELBO: 1.0277, Std Total: 8.2382, Std Q: nan, CI Half: 0.7221
2026-03-28 22:55:28 | DEBUG | sivi:base_runner.py:507| eval_ksd | Epoch 4370, VI KSD: 0.0159
2026-03-28 22:55:28 | DEBUG | sivi:base_runner.py:337| eval_kl_ite | Epoch 4380, VI KL to baseline: 0.0496
2026-03-28 22:55:29 | DEBUG | sivi:base_reverse_runner.py:261| eval_kl_ite | Epoch 4380, Reverse Model KL ITE: 0.2466
2026-03-28 22:55:29 | DEBUG | sivi:base_runner.py:347| eval_w2 | Epoch 4380, VI W2 to baseline: 0.1438
2026-03-28 22:55:29 | DEBUG | sivi:base_reverse_runner.py:272| eval_w2 | Epoch 4380, Reverse Model W2: 0.1106
2026-03-28 22:55:29 | DEBUG | sivi:base_runner.py:477| eval_elbo | Epoch 4380, ELBO: 1.4591, Std Total: 9.8804, Std Q: nan, CI Half: 0.8661
2026-03-28 22:55:29 | DEBUG | sivi:base_runner.py:507| eval_ksd | Epoch 4380, VI KSD: 0.0113
2026-03-28 22:55:29 | DEBUG | sivi:base_runner.py:337| eval_kl_ite | Epoch 4390, VI KL to baseline: 0.0229
2026-03-28 22:55:29 | DEBUG | sivi:base_reverse_runner.py:261| eval_kl_ite | Epoch 4390, Reverse Model KL ITE: 0.2131
2026-03-28 22:55:29 | DEBUG | sivi:base_runner.py:347| eval_w2 | Epoch 4390, VI W2 to baseline: 0.1389
2026-03-28 22:55:29 | DEBUG | sivi:base_reverse_runner.py:272| eval_w2 | Epoch 4390, Reverse Model W2: 0.1085
2026-03-28 22:55:29 | DEBUG | sivi:base_runner.py:477| eval_elbo | Epoch 4390, ELBO: 0.7850, Std Total: 7.6988, Std Q: nan, CI Half: 0.6748
2026-03-28 22:55:29 | DEBUG | sivi:base_runner.py:507| eval_ksd | Epoch 4390, VI KSD: 0.0099
2026-03-28 22:55:30 | DEBUG | sivi:base_runner.py:874| learn | Epoch 4400: Avg Loss: 0.1616, Avg Epoch Time: 0.0574s
2026-03-28 22:55:30 | DEBUG | sivi:base_runner.py:337| eval_kl_ite | Epoch 4400, VI KL to baseline: 0.0513
2026-03-28 22:55:30 | DEBUG | sivi:base_reverse_runner.py:261| eval_kl_ite | Epoch 4400, Reverse Model KL ITE: 0.2011
2026-03-28 22:55:30 | DEBUG | sivi:base_runner.py:347| eval_w2 | Epoch 4400, VI W2 to baseline: 0.1744
2026-03-28 22:55:30 | DEBUG | sivi:base_reverse_runner.py:272| eval_w2 | Epoch 4400, Reverse Model W2: 0.1182
2026-03-28 22:55:30 | DEBUG | sivi:base_runner.py:477| eval_elbo | Epoch 4400, ELBO: 1.3034, Std Total: 8.9975, Std Q: nan, CI Half: 0.7887
2026-03-28 22:55:30 | DEBUG | sivi:base_runner.py:507| eval_ksd | Epoch 4400, VI KSD: 0.0039
2026-03-28 22:55:30 | DEBUG | sivi:base_runner.py:337| eval_kl_ite | Epoch 4410, VI KL to baseline: 0.0389
2026-03-28 22:55:30 | DEBUG | sivi:base_reverse_runner.py:261| eval_kl_ite | Epoch 4410, Reverse Model KL ITE: 0.1801
2026-03-28 22:55:30 | DEBUG | sivi:base_runner.py:347| eval_w2 | Epoch 4410, VI W2 to baseline: 0.1751
2026-03-28 22:55:30 | DEBUG | sivi:base_reverse_runner.py:272| eval_w2 | Epoch 4410, Reverse Model W2: 0.1355
2026-03-28 22:55:30 | DEBUG | sivi:base_runner.py:477| eval_elbo | Epoch 4410, ELBO: 0.9793, Std Total: 6.5449, Std Q: nan, CI Half: 0.5737
2026-03-28 22:55:30 | DEBUG | sivi:base_runner.py:507| eval_ksd | Epoch 4410, VI KSD: 0.0054
2026-03-28 22:55:31 | DEBUG | sivi:base_runner.py:337| eval_kl_ite | Epoch 4420, VI KL to baseline: 0.0461
2026-03-28 22:55:31 | DEBUG | sivi:base_reverse_runner.py:261| eval_kl_ite | Epoch 4420, Reverse Model KL ITE: 0.1620
2026-03-28 22:55:31 | DEBUG | sivi:base_runner.py:347| eval_w2 | Epoch 4420, VI W2 to baseline: 0.2095
2026-03-28 22:55:31 | DEBUG | sivi:base_reverse_runner.py:272| eval_w2 | Epoch 4420, Reverse Model W2: 0.1113
2026-03-28 22:55:31 | DEBUG | sivi:base_runner.py:477| eval_elbo | Epoch 4420, ELBO: 0.7713, Std Total: 7.6534, Std Q: nan, CI Half: 0.6709
2026-03-28 22:55:31 | DEBUG | sivi:base_runner.py:507| eval_ksd | Epoch 4420, VI KSD: 0.0050
2026-03-28 22:55:31 | DEBUG | sivi:base_runner.py:337| eval_kl_ite | Epoch 4430, VI KL to baseline: 0.0624
2026-03-28 22:55:32 | DEBUG | sivi:base_reverse_runner.py:261| eval_kl_ite | Epoch 4430, Reverse Model KL ITE: 0.1717
2026-03-28 22:55:32 | DEBUG | sivi:base_runner.py:347| eval_w2 | Epoch 4430, VI W2 to baseline: 0.2287
2026-03-28 22:55:32 | DEBUG | sivi:base_reverse_runner.py:272| eval_w2 | Epoch 4430, Reverse Model W2: 0.1211
2026-03-28 22:55:32 | DEBUG | sivi:base_runner.py:477| eval_elbo | Epoch 4430, ELBO: 0.6972, Std Total: 6.7473, Std Q: nan, CI Half: 0.5914
2026-03-28 22:55:32 | DEBUG | sivi:base_runner.py:507| eval_ksd | Epoch 4430, VI KSD: 0.0085
2026-03-28 22:55:32 | DEBUG | sivi:base_runner.py:337| eval_kl_ite | Epoch 4440, VI KL to baseline: 0.0387
2026-03-28 22:55:32 | DEBUG | sivi:base_reverse_runner.py:261| eval_kl_ite | Epoch 4440, Reverse Model KL ITE: 0.2172
2026-03-28 22:55:32 | DEBUG | sivi:base_runner.py:347| eval_w2 | Epoch 4440, VI W2 to baseline: 0.1860
2026-03-28 22:55:32 | DEBUG | sivi:base_reverse_runner.py:272| eval_w2 | Epoch 4440, Reverse Model W2: 0.1148
2026-03-28 22:55:32 | DEBUG | sivi:base_runner.py:477| eval_elbo | Epoch 4440, ELBO: 0.1341, Std Total: 2.1672, Std Q: nan, CI Half: 0.1900
2026-03-28 22:55:32 | DEBUG | sivi:base_runner.py:507| eval_ksd | Epoch 4440, VI KSD: 0.0093
2026-03-28 22:55:33 | DEBUG | sivi:base_runner.py:337| eval_kl_ite | Epoch 4450, VI KL to baseline: 0.0526
2026-03-28 22:55:33 | DEBUG | sivi:base_reverse_runner.py:261| eval_kl_ite | Epoch 4450, Reverse Model KL ITE: 0.2287
2026-03-28 22:55:33 | DEBUG | sivi:base_runner.py:347| eval_w2 | Epoch 4450, VI W2 to baseline: 0.1839
2026-03-28 22:55:33 | DEBUG | sivi:base_reverse_runner.py:272| eval_w2 | Epoch 4450, Reverse Model W2: 0.1230
2026-03-28 22:55:33 | DEBUG | sivi:base_runner.py:477| eval_elbo | Epoch 4450, ELBO: 0.8796, Std Total: 6.0992, Std Q: nan, CI Half: 0.5346
2026-03-28 22:55:33 | DEBUG | sivi:base_runner.py:507| eval_ksd | Epoch 4450, VI KSD: 0.0057
2026-03-28 22:55:33 | DEBUG | sivi:base_runner.py:337| eval_kl_ite | Epoch 4460, VI KL to baseline: 0.0420
2026-03-28 22:55:33 | DEBUG | sivi:base_reverse_runner.py:261| eval_kl_ite | Epoch 4460, Reverse Model KL ITE: 0.1994
2026-03-28 22:55:33 | DEBUG | sivi:base_runner.py:347| eval_w2 | Epoch 4460, VI W2 to baseline: 0.1925
2026-03-28 22:55:33 | DEBUG | sivi:base_reverse_runner.py:272| eval_w2 | Epoch 4460, Reverse Model W2: 0.1181
2026-03-28 22:55:33 | DEBUG | sivi:base_runner.py:477| eval_elbo | Epoch 4460, ELBO: 0.5036, Std Total: 4.7221, Std Q: nan, CI Half: 0.4139
2026-03-28 22:55:33 | DEBUG | sivi:base_runner.py:507| eval_ksd | Epoch 4460, VI KSD: 0.0132
2026-03-28 22:55:34 | DEBUG | sivi:base_runner.py:337| eval_kl_ite | Epoch 4470, VI KL to baseline: 0.0476
2026-03-28 22:55:34 | DEBUG | sivi:base_reverse_runner.py:261| eval_kl_ite | Epoch 4470, Reverse Model KL ITE: 0.2159
2026-03-28 22:55:34 | DEBUG | sivi:base_runner.py:347| eval_w2 | Epoch 4470, VI W2 to baseline: 0.1658
2026-03-28 22:55:34 | DEBUG | sivi:base_reverse_runner.py:272| eval_w2 | Epoch 4470, Reverse Model W2: 0.1163
2026-03-28 22:55:34 | DEBUG | sivi:base_runner.py:477| eval_elbo | Epoch 4470, ELBO: 1.1751, Std Total: 7.7700, Std Q: nan, CI Half: 0.6811
2026-03-28 22:55:34 | DEBUG | sivi:base_runner.py:507| eval_ksd | Epoch 4470, VI KSD: 0.0103
2026-03-28 22:55:35 | DEBUG | sivi:base_runner.py:337| eval_kl_ite | Epoch 4480, VI KL to baseline: 0.0436
2026-03-28 22:55:35 | DEBUG | sivi:base_reverse_runner.py:261| eval_kl_ite | Epoch 4480, Reverse Model KL ITE: 0.2068
2026-03-28 22:55:35 | DEBUG | sivi:base_runner.py:347| eval_w2 | Epoch 4480, VI W2 to baseline: 0.2085
2026-03-28 22:55:35 | DEBUG | sivi:base_reverse_runner.py:272| eval_w2 | Epoch 4480, Reverse Model W2: 0.1188
2026-03-28 22:55:35 | DEBUG | sivi:base_runner.py:477| eval_elbo | Epoch 4480, ELBO: 0.8707, Std Total: 7.1018, Std Q: nan, CI Half: 0.6225
2026-03-28 22:55:35 | DEBUG | sivi:base_runner.py:507| eval_ksd | Epoch 4480, VI KSD: 0.0061
2026-03-28 22:55:35 | DEBUG | sivi:base_runner.py:337| eval_kl_ite | Epoch 4490, VI KL to baseline: 0.0610
2026-03-28 22:55:35 | DEBUG | sivi:base_reverse_runner.py:261| eval_kl_ite | Epoch 4490, Reverse Model KL ITE: 0.2161
2026-03-28 22:55:35 | DEBUG | sivi:base_runner.py:347| eval_w2 | Epoch 4490, VI W2 to baseline: 0.1756
2026-03-28 22:55:35 | DEBUG | sivi:base_reverse_runner.py:272| eval_w2 | Epoch 4490, Reverse Model W2: 0.1065
2026-03-28 22:55:35 | DEBUG | sivi:base_runner.py:477| eval_elbo | Epoch 4490, ELBO: 1.2217, Std Total: 8.0823, Std Q: nan, CI Half: 0.7084
2026-03-28 22:55:35 | DEBUG | sivi:base_runner.py:507| eval_ksd | Epoch 4490, VI KSD: 0.0027
2026-03-28 22:55:36 | DEBUG | sivi:base_runner.py:874| learn | Epoch 4500: Avg Loss: 0.0857, Avg Epoch Time: 0.0605s
2026-03-28 22:55:36 | DEBUG | sivi:base_reverse_runner.py:183| _training_rev_log_func | Epoch 4500, Inner epoch 1, Reverse Model Loss: 3.6719, Avg Steps: 1.0000
2026-03-28 22:55:36 | DEBUG | sivi:base_runner.py:588| save_samples | Saved 100000 samples at epoch 4500.
2026-03-28 22:55:36 | DEBUG | sivi:base_runner.py:337| eval_kl_ite | Epoch 4500, VI KL to baseline: 0.0255
2026-03-28 22:55:36 | DEBUG | sivi:base_reverse_runner.py:261| eval_kl_ite | Epoch 4500, Reverse Model KL ITE: 0.2236
2026-03-28 22:55:36 | DEBUG | sivi:base_runner.py:347| eval_w2 | Epoch 4500, VI W2 to baseline: 0.1876
2026-03-28 22:55:36 | DEBUG | sivi:base_reverse_runner.py:272| eval_w2 | Epoch 4500, Reverse Model W2: 0.1289
2026-03-28 22:55:36 | DEBUG | sivi:base_runner.py:477| eval_elbo | Epoch 4500, ELBO: 1.1860, Std Total: 8.2715, Std Q: nan, CI Half: 0.7250
2026-03-28 22:55:36 | DEBUG | sivi:base_runner.py:507| eval_ksd | Epoch 4500, VI KSD: 0.0081
2026-03-28 22:55:36 | DEBUG | sivi:base_runner.py:970| learn | Saved contour plot at epoch 4500.
2026-03-28 22:55:36 | DEBUG | sivi:base_runner.py:337| eval_kl_ite | Epoch 4510, VI KL to baseline: 0.0180
2026-03-28 22:55:37 | DEBUG | sivi:base_reverse_runner.py:261| eval_kl_ite | Epoch 4510, Reverse Model KL ITE: 0.2169
2026-03-28 22:55:37 | DEBUG | sivi:base_runner.py:347| eval_w2 | Epoch 4510, VI W2 to baseline: 0.1891
2026-03-28 22:55:37 | DEBUG | sivi:base_reverse_runner.py:272| eval_w2 | Epoch 4510, Reverse Model W2: 0.1063
2026-03-28 22:55:37 | DEBUG | sivi:base_runner.py:477| eval_elbo | Epoch 4510, ELBO: 0.7981, Std Total: 7.2738, Std Q: nan, CI Half: 0.6376
2026-03-28 22:55:37 | DEBUG | sivi:base_runner.py:507| eval_ksd | Epoch 4510, VI KSD: 0.0070
2026-03-28 22:55:37 | DEBUG | sivi:base_runner.py:337| eval_kl_ite | Epoch 4520, VI KL to baseline: 0.0367
2026-03-28 22:55:37 | DEBUG | sivi:base_reverse_runner.py:261| eval_kl_ite | Epoch 4520, Reverse Model KL ITE: 0.2037
2026-03-28 22:55:37 | DEBUG | sivi:base_runner.py:347| eval_w2 | Epoch 4520, VI W2 to baseline: 0.1618
2026-03-28 22:55:37 | DEBUG | sivi:base_reverse_runner.py:272| eval_w2 | Epoch 4520, Reverse Model W2: 0.1124
2026-03-28 22:55:37 | DEBUG | sivi:base_runner.py:477| eval_elbo | Epoch 4520, ELBO: 1.0531, Std Total: 7.6856, Std Q: nan, CI Half: 0.6737
2026-03-28 22:55:37 | DEBUG | sivi:base_runner.py:507| eval_ksd | Epoch 4520, VI KSD: 0.0079
2026-03-28 22:55:38 | DEBUG | sivi:base_runner.py:337| eval_kl_ite | Epoch 4530, VI KL to baseline: 0.0331
2026-03-28 22:55:38 | DEBUG | sivi:base_reverse_runner.py:261| eval_kl_ite | Epoch 4530, Reverse Model KL ITE: 0.2457
2026-03-28 22:55:38 | DEBUG | sivi:base_runner.py:347| eval_w2 | Epoch 4530, VI W2 to baseline: 0.1904
2026-03-28 22:55:38 | DEBUG | sivi:base_reverse_runner.py:272| eval_w2 | Epoch 4530, Reverse Model W2: 0.1125
2026-03-28 22:55:38 | DEBUG | sivi:base_runner.py:477| eval_elbo | Epoch 4530, ELBO: 0.3188, Std Total: 3.7851, Std Q: nan, CI Half: 0.3318
2026-03-28 22:55:38 | DEBUG | sivi:base_runner.py:507| eval_ksd | Epoch 4530, VI KSD: 0.0059
2026-03-28 22:55:38 | DEBUG | sivi:base_runner.py:337| eval_kl_ite | Epoch 4540, VI KL to baseline: 0.0481
2026-03-28 22:55:38 | DEBUG | sivi:base_reverse_runner.py:261| eval_kl_ite | Epoch 4540, Reverse Model KL ITE: 0.2511
2026-03-28 22:55:38 | DEBUG | sivi:base_runner.py:347| eval_w2 | Epoch 4540, VI W2 to baseline: 0.1980
2026-03-28 22:55:38 | DEBUG | sivi:base_reverse_runner.py:272| eval_w2 | Epoch 4540, Reverse Model W2: 0.1352
2026-03-28 22:55:38 | DEBUG | sivi:base_runner.py:477| eval_elbo | Epoch 4540, ELBO: 0.9447, Std Total: 6.7980, Std Q: nan, CI Half: 0.5959
2026-03-28 22:55:38 | DEBUG | sivi:base_runner.py:507| eval_ksd | Epoch 4540, VI KSD: 0.0054
2026-03-28 22:55:39 | DEBUG | sivi:base_runner.py:337| eval_kl_ite | Epoch 4550, VI KL to baseline: 0.0428
2026-03-28 22:55:39 | DEBUG | sivi:base_reverse_runner.py:261| eval_kl_ite | Epoch 4550, Reverse Model KL ITE: 0.2128
2026-03-28 22:55:39 | DEBUG | sivi:base_runner.py:347| eval_w2 | Epoch 4550, VI W2 to baseline: 0.1932
2026-03-28 22:55:39 | DEBUG | sivi:base_reverse_runner.py:272| eval_w2 | Epoch 4550, Reverse Model W2: 0.1266
2026-03-28 22:55:39 | DEBUG | sivi:base_runner.py:477| eval_elbo | Epoch 4550, ELBO: 0.6238, Std Total: 5.1910, Std Q: nan, CI Half: 0.4550
2026-03-28 22:55:39 | DEBUG | sivi:base_runner.py:507| eval_ksd | Epoch 4550, VI KSD: 0.0034
2026-03-28 22:55:39 | DEBUG | sivi:base_runner.py:337| eval_kl_ite | Epoch 4560, VI KL to baseline: 0.0584
2026-03-28 22:55:39 | DEBUG | sivi:base_reverse_runner.py:261| eval_kl_ite | Epoch 4560, Reverse Model KL ITE: 0.2039
2026-03-28 22:55:39 | DEBUG | sivi:base_runner.py:347| eval_w2 | Epoch 4560, VI W2 to baseline: 0.2104
2026-03-28 22:55:39 | DEBUG | sivi:base_reverse_runner.py:272| eval_w2 | Epoch 4560, Reverse Model W2: 0.1333
2026-03-28 22:55:39 | DEBUG | sivi:base_runner.py:477| eval_elbo | Epoch 4560, ELBO: 1.2073, Std Total: 10.0211, Std Q: nan, CI Half: 0.8784
2026-03-28 22:55:39 | DEBUG | sivi:base_runner.py:507| eval_ksd | Epoch 4560, VI KSD: 0.0139
2026-03-28 22:55:40 | DEBUG | sivi:base_runner.py:337| eval_kl_ite | Epoch 4570, VI KL to baseline: 0.0485
2026-03-28 22:55:40 | DEBUG | sivi:base_reverse_runner.py:261| eval_kl_ite | Epoch 4570, Reverse Model KL ITE: 0.2189
2026-03-28 22:55:40 | DEBUG | sivi:base_runner.py:347| eval_w2 | Epoch 4570, VI W2 to baseline: 0.2255
2026-03-28 22:55:40 | DEBUG | sivi:base_reverse_runner.py:272| eval_w2 | Epoch 4570, Reverse Model W2: 0.1309
2026-03-28 22:55:40 | DEBUG | sivi:base_runner.py:477| eval_elbo | Epoch 4570, ELBO: 0.8198, Std Total: 6.5548, Std Q: nan, CI Half: 0.5746
2026-03-28 22:55:40 | DEBUG | sivi:base_runner.py:507| eval_ksd | Epoch 4570, VI KSD: 0.0075
2026-03-28 22:55:40 | DEBUG | sivi:base_runner.py:337| eval_kl_ite | Epoch 4580, VI KL to baseline: 0.0582
2026-03-28 22:55:41 | DEBUG | sivi:base_reverse_runner.py:261| eval_kl_ite | Epoch 4580, Reverse Model KL ITE: 0.2269
2026-03-28 22:55:41 | DEBUG | sivi:base_runner.py:347| eval_w2 | Epoch 4580, VI W2 to baseline: 0.2169
2026-03-28 22:55:41 | DEBUG | sivi:base_reverse_runner.py:272| eval_w2 | Epoch 4580, Reverse Model W2: 0.1255
2026-03-28 22:55:41 | DEBUG | sivi:base_runner.py:477| eval_elbo | Epoch 4580, ELBO: 1.0173, Std Total: 6.8960, Std Q: nan, CI Half: 0.6045
2026-03-28 22:55:41 | DEBUG | sivi:base_runner.py:507| eval_ksd | Epoch 4580, VI KSD: 0.0066
2026-03-28 22:55:41 | DEBUG | sivi:base_runner.py:337| eval_kl_ite | Epoch 4590, VI KL to baseline: 0.0421
2026-03-28 22:55:41 | DEBUG | sivi:base_reverse_runner.py:261| eval_kl_ite | Epoch 4590, Reverse Model KL ITE: 0.2201
2026-03-28 22:55:41 | DEBUG | sivi:base_runner.py:347| eval_w2 | Epoch 4590, VI W2 to baseline: 0.2149
2026-03-28 22:55:41 | DEBUG | sivi:base_reverse_runner.py:272| eval_w2 | Epoch 4590, Reverse Model W2: 0.1358
2026-03-28 22:55:41 | DEBUG | sivi:base_runner.py:477| eval_elbo | Epoch 4590, ELBO: 0.7676, Std Total: 7.8033, Std Q: nan, CI Half: 0.6840
2026-03-28 22:55:41 | DEBUG | sivi:base_runner.py:507| eval_ksd | Epoch 4590, VI KSD: 0.0089
2026-03-28 22:55:42 | DEBUG | sivi:base_runner.py:874| learn | Epoch 4600: Avg Loss: -0.2974, Avg Epoch Time: 0.0593s
2026-03-28 22:55:42 | DEBUG | sivi:base_runner.py:337| eval_kl_ite | Epoch 4600, VI KL to baseline: 0.0466
2026-03-28 22:55:42 | DEBUG | sivi:base_reverse_runner.py:261| eval_kl_ite | Epoch 4600, Reverse Model KL ITE: 0.2391
2026-03-28 22:55:42 | DEBUG | sivi:base_runner.py:347| eval_w2 | Epoch 4600, VI W2 to baseline: 0.2349
2026-03-28 22:55:42 | DEBUG | sivi:base_reverse_runner.py:272| eval_w2 | Epoch 4600, Reverse Model W2: 0.1191
2026-03-28 22:55:42 | DEBUG | sivi:base_runner.py:477| eval_elbo | Epoch 4600, ELBO: 1.1616, Std Total: 8.7319, Std Q: nan, CI Half: 0.7654
2026-03-28 22:55:42 | DEBUG | sivi:base_runner.py:507| eval_ksd | Epoch 4600, VI KSD: 0.0077
2026-03-28 22:55:42 | DEBUG | sivi:base_runner.py:337| eval_kl_ite | Epoch 4610, VI KL to baseline: 0.0356
2026-03-28 22:55:42 | DEBUG | sivi:base_reverse_runner.py:261| eval_kl_ite | Epoch 4610, Reverse Model KL ITE: 0.2075
2026-03-28 22:55:43 | DEBUG | sivi:base_runner.py:347| eval_w2 | Epoch 4610, VI W2 to baseline: 0.2332
2026-03-28 22:55:43 | DEBUG | sivi:base_reverse_runner.py:272| eval_w2 | Epoch 4610, Reverse Model W2: 0.1519
2026-03-28 22:55:43 | DEBUG | sivi:base_runner.py:477| eval_elbo | Epoch 4610, ELBO: 0.5243, Std Total: 4.7024, Std Q: nan, CI Half: 0.4122
2026-03-28 22:55:43 | DEBUG | sivi:base_runner.py:507| eval_ksd | Epoch 4610, VI KSD: 0.0059
2026-03-28 22:55:43 | DEBUG | sivi:base_runner.py:337| eval_kl_ite | Epoch 4620, VI KL to baseline: 0.0660
2026-03-28 22:55:43 | DEBUG | sivi:base_reverse_runner.py:261| eval_kl_ite | Epoch 4620, Reverse Model KL ITE: 0.1883
2026-03-28 22:55:43 | DEBUG | sivi:base_runner.py:347| eval_w2 | Epoch 4620, VI W2 to baseline: 0.2151
2026-03-28 22:55:43 | DEBUG | sivi:base_reverse_runner.py:272| eval_w2 | Epoch 4620, Reverse Model W2: 0.1231
2026-03-28 22:55:43 | DEBUG | sivi:base_runner.py:477| eval_elbo | Epoch 4620, ELBO: 1.0483, Std Total: 7.8038, Std Q: nan, CI Half: 0.6840
2026-03-28 22:55:43 | DEBUG | sivi:base_runner.py:507| eval_ksd | Epoch 4620, VI KSD: 0.0083
2026-03-28 22:55:44 | DEBUG | sivi:base_runner.py:337| eval_kl_ite | Epoch 4630, VI KL to baseline: 0.0524
2026-03-28 22:55:44 | DEBUG | sivi:base_reverse_runner.py:261| eval_kl_ite | Epoch 4630, Reverse Model KL ITE: 0.2096
2026-03-28 22:55:44 | DEBUG | sivi:base_runner.py:347| eval_w2 | Epoch 4630, VI W2 to baseline: 0.2114
2026-03-28 22:55:44 | DEBUG | sivi:base_reverse_runner.py:272| eval_w2 | Epoch 4630, Reverse Model W2: 0.1098
2026-03-28 22:55:44 | DEBUG | sivi:base_runner.py:477| eval_elbo | Epoch 4630, ELBO: 1.2549, Std Total: 8.3737, Std Q: nan, CI Half: 0.7340
2026-03-28 22:55:44 | DEBUG | sivi:base_runner.py:507| eval_ksd | Epoch 4630, VI KSD: 0.0075
2026-03-28 22:55:44 | DEBUG | sivi:base_runner.py:337| eval_kl_ite | Epoch 4640, VI KL to baseline: 0.0492
2026-03-28 22:55:44 | DEBUG | sivi:base_reverse_runner.py:261| eval_kl_ite | Epoch 4640, Reverse Model KL ITE: 0.1961
2026-03-28 22:55:44 | DEBUG | sivi:base_runner.py:347| eval_w2 | Epoch 4640, VI W2 to baseline: 0.2270
2026-03-28 22:55:44 | DEBUG | sivi:base_reverse_runner.py:272| eval_w2 | Epoch 4640, Reverse Model W2: 0.1121
2026-03-28 22:55:44 | DEBUG | sivi:base_runner.py:477| eval_elbo | Epoch 4640, ELBO: 1.1856, Std Total: 9.4671, Std Q: nan, CI Half: 0.8298
2026-03-28 22:55:44 | DEBUG | sivi:base_runner.py:507| eval_ksd | Epoch 4640, VI KSD: 0.0050
2026-03-28 22:55:45 | DEBUG | sivi:base_runner.py:337| eval_kl_ite | Epoch 4650, VI KL to baseline: 0.0105
2026-03-28 22:55:45 | DEBUG | sivi:base_reverse_runner.py:261| eval_kl_ite | Epoch 4650, Reverse Model KL ITE: 0.2044
2026-03-28 22:55:45 | DEBUG | sivi:base_runner.py:347| eval_w2 | Epoch 4650, VI W2 to baseline: 0.2049
2026-03-28 22:55:45 | DEBUG | sivi:base_reverse_runner.py:272| eval_w2 | Epoch 4650, Reverse Model W2: 0.1146
2026-03-28 22:55:45 | DEBUG | sivi:base_runner.py:477| eval_elbo | Epoch 4650, ELBO: 0.9671, Std Total: 8.2249, Std Q: nan, CI Half: 0.7209
2026-03-28 22:55:45 | DEBUG | sivi:base_runner.py:507| eval_ksd | Epoch 4650, VI KSD: 0.0025
2026-03-28 22:55:45 | DEBUG | sivi:base_runner.py:337| eval_kl_ite | Epoch 4660, VI KL to baseline: 0.0185
2026-03-28 22:55:45 | DEBUG | sivi:base_reverse_runner.py:261| eval_kl_ite | Epoch 4660, Reverse Model KL ITE: 0.2135
2026-03-28 22:55:45 | DEBUG | sivi:base_runner.py:347| eval_w2 | Epoch 4660, VI W2 to baseline: 0.1983
2026-03-28 22:55:45 | DEBUG | sivi:base_reverse_runner.py:272| eval_w2 | Epoch 4660, Reverse Model W2: 0.1084
2026-03-28 22:55:45 | DEBUG | sivi:base_runner.py:477| eval_elbo | Epoch 4660, ELBO: 1.0137, Std Total: 8.2130, Std Q: nan, CI Half: 0.7199
2026-03-28 22:55:45 | DEBUG | sivi:base_runner.py:507| eval_ksd | Epoch 4660, VI KSD: 0.0077
2026-03-28 22:55:46 | DEBUG | sivi:base_runner.py:337| eval_kl_ite | Epoch 4670, VI KL to baseline: 0.0139
2026-03-28 22:55:46 | DEBUG | sivi:base_reverse_runner.py:261| eval_kl_ite | Epoch 4670, Reverse Model KL ITE: 0.2111
2026-03-28 22:55:46 | DEBUG | sivi:base_runner.py:347| eval_w2 | Epoch 4670, VI W2 to baseline: 0.1632
2026-03-28 22:55:46 | DEBUG | sivi:base_reverse_runner.py:272| eval_w2 | Epoch 4670, Reverse Model W2: 0.1136
2026-03-28 22:55:46 | DEBUG | sivi:base_runner.py:477| eval_elbo | Epoch 4670, ELBO: 0.4629, Std Total: 4.6334, Std Q: nan, CI Half: 0.4061
2026-03-28 22:55:46 | DEBUG | sivi:base_runner.py:507| eval_ksd | Epoch 4670, VI KSD: 0.0047
2026-03-28 22:55:46 | DEBUG | sivi:base_runner.py:337| eval_kl_ite | Epoch 4680, VI KL to baseline: 0.0263
2026-03-28 22:55:46 | DEBUG | sivi:base_reverse_runner.py:261| eval_kl_ite | Epoch 4680, Reverse Model KL ITE: 0.2864
2026-03-28 22:55:46 | DEBUG | sivi:base_runner.py:347| eval_w2 | Epoch 4680, VI W2 to baseline: 0.1552
2026-03-28 22:55:46 | DEBUG | sivi:base_reverse_runner.py:272| eval_w2 | Epoch 4680, Reverse Model W2: 0.1140
2026-03-28 22:55:46 | DEBUG | sivi:base_runner.py:477| eval_elbo | Epoch 4680, ELBO: 0.8331, Std Total: 7.4131, Std Q: nan, CI Half: 0.6498
2026-03-28 22:55:46 | DEBUG | sivi:base_runner.py:507| eval_ksd | Epoch 4680, VI KSD: 0.0034
2026-03-28 22:55:47 | DEBUG | sivi:base_runner.py:337| eval_kl_ite | Epoch 4690, VI KL to baseline: 0.0458
2026-03-28 22:55:47 | DEBUG | sivi:base_reverse_runner.py:261| eval_kl_ite | Epoch 4690, Reverse Model KL ITE: 0.2191
2026-03-28 22:55:47 | DEBUG | sivi:base_runner.py:347| eval_w2 | Epoch 4690, VI W2 to baseline: 0.1683
2026-03-28 22:55:47 | DEBUG | sivi:base_reverse_runner.py:272| eval_w2 | Epoch 4690, Reverse Model W2: 0.1184
2026-03-28 22:55:47 | DEBUG | sivi:base_runner.py:477| eval_elbo | Epoch 4690, ELBO: 1.1049, Std Total: 8.8767, Std Q: nan, CI Half: 0.7781
2026-03-28 22:55:47 | DEBUG | sivi:base_runner.py:507| eval_ksd | Epoch 4690, VI KSD: 0.0044
2026-03-28 22:55:47 | DEBUG | sivi:base_runner.py:874| learn | Epoch 4700: Avg Loss: 0.1597, Avg Epoch Time: 0.0575s
2026-03-28 22:55:47 | DEBUG | sivi:base_runner.py:337| eval_kl_ite | Epoch 4700, VI KL to baseline: 0.0571
2026-03-28 22:55:48 | DEBUG | sivi:base_reverse_runner.py:261| eval_kl_ite | Epoch 4700, Reverse Model KL ITE: 0.1956
2026-03-28 22:55:48 | DEBUG | sivi:base_runner.py:347| eval_w2 | Epoch 4700, VI W2 to baseline: 0.1867
2026-03-28 22:55:48 | DEBUG | sivi:base_reverse_runner.py:272| eval_w2 | Epoch 4700, Reverse Model W2: 0.1242
2026-03-28 22:55:48 | DEBUG | sivi:base_runner.py:477| eval_elbo | Epoch 4700, ELBO: 1.4201, Std Total: 10.4523, Std Q: nan, CI Half: 0.9162
2026-03-28 22:55:48 | DEBUG | sivi:base_runner.py:507| eval_ksd | Epoch 4700, VI KSD: 0.0076
2026-03-28 22:55:48 | DEBUG | sivi:base_runner.py:337| eval_kl_ite | Epoch 4710, VI KL to baseline: 0.0432
2026-03-28 22:55:48 | DEBUG | sivi:base_reverse_runner.py:261| eval_kl_ite | Epoch 4710, Reverse Model KL ITE: 0.2249
2026-03-28 22:55:48 | DEBUG | sivi:base_runner.py:347| eval_w2 | Epoch 4710, VI W2 to baseline: 0.2070
2026-03-28 22:55:48 | DEBUG | sivi:base_reverse_runner.py:272| eval_w2 | Epoch 4710, Reverse Model W2: 0.1246
2026-03-28 22:55:48 | DEBUG | sivi:base_runner.py:477| eval_elbo | Epoch 4710, ELBO: 0.9919, Std Total: 8.8875, Std Q: nan, CI Half: 0.7790
2026-03-28 22:55:48 | DEBUG | sivi:base_runner.py:507| eval_ksd | Epoch 4710, VI KSD: 0.0089
2026-03-28 22:55:48 | DEBUG | sivi:base_runner.py:337| eval_kl_ite | Epoch 4720, VI KL to baseline: 0.0296
2026-03-28 22:55:49 | DEBUG | sivi:base_reverse_runner.py:261| eval_kl_ite | Epoch 4720, Reverse Model KL ITE: 0.2227
2026-03-28 22:55:49 | DEBUG | sivi:base_runner.py:347| eval_w2 | Epoch 4720, VI W2 to baseline: 0.1898
2026-03-28 22:55:49 | DEBUG | sivi:base_reverse_runner.py:272| eval_w2 | Epoch 4720, Reverse Model W2: 0.1084
2026-03-28 22:55:49 | DEBUG | sivi:base_runner.py:477| eval_elbo | Epoch 4720, ELBO: 0.9959, Std Total: 7.6099, Std Q: nan, CI Half: 0.6670
2026-03-28 22:55:49 | DEBUG | sivi:base_runner.py:507| eval_ksd | Epoch 4720, VI KSD: 0.0131
2026-03-28 22:55:49 | DEBUG | sivi:base_runner.py:337| eval_kl_ite | Epoch 4730, VI KL to baseline: 0.0311
2026-03-28 22:55:49 | DEBUG | sivi:base_reverse_runner.py:261| eval_kl_ite | Epoch 4730, Reverse Model KL ITE: 0.2483
2026-03-28 22:55:49 | DEBUG | sivi:base_runner.py:347| eval_w2 | Epoch 4730, VI W2 to baseline: 0.1754
2026-03-28 22:55:49 | DEBUG | sivi:base_reverse_runner.py:272| eval_w2 | Epoch 4730, Reverse Model W2: 0.1164
2026-03-28 22:55:49 | DEBUG | sivi:base_runner.py:477| eval_elbo | Epoch 4730, ELBO: 1.2775, Std Total: 8.3771, Std Q: nan, CI Half: 0.7343
2026-03-28 22:55:49 | DEBUG | sivi:base_runner.py:507| eval_ksd | Epoch 4730, VI KSD: 0.0046
2026-03-28 22:55:50 | DEBUG | sivi:base_runner.py:337| eval_kl_ite | Epoch 4740, VI KL to baseline: 0.0392
2026-03-28 22:55:50 | DEBUG | sivi:base_reverse_runner.py:261| eval_kl_ite | Epoch 4740, Reverse Model KL ITE: 0.2249
2026-03-28 22:55:50 | DEBUG | sivi:base_runner.py:347| eval_w2 | Epoch 4740, VI W2 to baseline: 0.1720
2026-03-28 22:55:50 | DEBUG | sivi:base_reverse_runner.py:272| eval_w2 | Epoch 4740, Reverse Model W2: 0.1158
2026-03-28 22:55:50 | DEBUG | sivi:base_runner.py:477| eval_elbo | Epoch 4740, ELBO: 0.7609, Std Total: 6.9243, Std Q: nan, CI Half: 0.6069
2026-03-28 22:55:50 | DEBUG | sivi:base_runner.py:507| eval_ksd | Epoch 4740, VI KSD: 0.0056
2026-03-28 22:55:50 | DEBUG | sivi:base_runner.py:337| eval_kl_ite | Epoch 4750, VI KL to baseline: 0.0406
2026-03-28 22:55:50 | DEBUG | sivi:base_reverse_runner.py:261| eval_kl_ite | Epoch 4750, Reverse Model KL ITE: 0.2124
2026-03-28 22:55:50 | DEBUG | sivi:base_runner.py:347| eval_w2 | Epoch 4750, VI W2 to baseline: 0.1755
2026-03-28 22:55:50 | DEBUG | sivi:base_reverse_runner.py:272| eval_w2 | Epoch 4750, Reverse Model W2: 0.1156
2026-03-28 22:55:50 | DEBUG | sivi:base_runner.py:477| eval_elbo | Epoch 4750, ELBO: 1.5997, Std Total: 10.1008, Std Q: nan, CI Half: 0.8854
2026-03-28 22:55:50 | DEBUG | sivi:base_runner.py:507| eval_ksd | Epoch 4750, VI KSD: 0.0053
2026-03-28 22:55:51 | DEBUG | sivi:base_runner.py:337| eval_kl_ite | Epoch 4760, VI KL to baseline: 0.0459
2026-03-28 22:55:51 | DEBUG | sivi:base_reverse_runner.py:261| eval_kl_ite | Epoch 4760, Reverse Model KL ITE: 0.2031
2026-03-28 22:55:51 | DEBUG | sivi:base_runner.py:347| eval_w2 | Epoch 4760, VI W2 to baseline: 0.1420
2026-03-28 22:55:51 | DEBUG | sivi:base_reverse_runner.py:272| eval_w2 | Epoch 4760, Reverse Model W2: 0.1080
2026-03-28 22:55:51 | DEBUG | sivi:base_runner.py:477| eval_elbo | Epoch 4760, ELBO: 0.6363, Std Total: 6.0623, Std Q: nan, CI Half: 0.5314
2026-03-28 22:55:51 | DEBUG | sivi:base_runner.py:507| eval_ksd | Epoch 4760, VI KSD: 0.0052
2026-03-28 22:55:51 | DEBUG | sivi:base_runner.py:337| eval_kl_ite | Epoch 4770, VI KL to baseline: 0.0323
2026-03-28 22:55:51 | DEBUG | sivi:base_reverse_runner.py:261| eval_kl_ite | Epoch 4770, Reverse Model KL ITE: 0.2830
2026-03-28 22:55:51 | DEBUG | sivi:base_runner.py:347| eval_w2 | Epoch 4770, VI W2 to baseline: 0.1265
2026-03-28 22:55:51 | DEBUG | sivi:base_reverse_runner.py:272| eval_w2 | Epoch 4770, Reverse Model W2: 0.2116
2026-03-28 22:55:51 | DEBUG | sivi:base_runner.py:477| eval_elbo | Epoch 4770, ELBO: 0.7489, Std Total: 6.0093, Std Q: nan, CI Half: 0.5267
2026-03-28 22:55:51 | DEBUG | sivi:base_runner.py:507| eval_ksd | Epoch 4770, VI KSD: 0.0047
2026-03-28 22:55:52 | DEBUG | sivi:base_runner.py:337| eval_kl_ite | Epoch 4780, VI KL to baseline: 0.0174
2026-03-28 22:55:52 | DEBUG | sivi:base_reverse_runner.py:261| eval_kl_ite | Epoch 4780, Reverse Model KL ITE: 0.2657
2026-03-28 22:55:52 | DEBUG | sivi:base_runner.py:347| eval_w2 | Epoch 4780, VI W2 to baseline: 0.1380
2026-03-28 22:55:52 | DEBUG | sivi:base_reverse_runner.py:272| eval_w2 | Epoch 4780, Reverse Model W2: 0.1097
2026-03-28 22:55:52 | DEBUG | sivi:base_runner.py:477| eval_elbo | Epoch 4780, ELBO: 0.8716, Std Total: 6.4346, Std Q: nan, CI Half: 0.5640
2026-03-28 22:55:52 | DEBUG | sivi:base_runner.py:507| eval_ksd | Epoch 4780, VI KSD: 0.0062
2026-03-28 22:55:52 | DEBUG | sivi:base_runner.py:337| eval_kl_ite | Epoch 4790, VI KL to baseline: 0.0381
2026-03-28 22:55:52 | DEBUG | sivi:base_reverse_runner.py:261| eval_kl_ite | Epoch 4790, Reverse Model KL ITE: 0.2650
2026-03-28 22:55:52 | DEBUG | sivi:base_runner.py:347| eval_w2 | Epoch 4790, VI W2 to baseline: 0.1469
2026-03-28 22:55:52 | DEBUG | sivi:base_reverse_runner.py:272| eval_w2 | Epoch 4790, Reverse Model W2: 0.1183
2026-03-28 22:55:52 | DEBUG | sivi:base_runner.py:477| eval_elbo | Epoch 4790, ELBO: 0.7523, Std Total: 6.6468, Std Q: nan, CI Half: 0.5826
2026-03-28 22:55:52 | DEBUG | sivi:base_runner.py:507| eval_ksd | Epoch 4790, VI KSD: 0.0084
2026-03-28 22:55:52 | DEBUG | sivi:base_runner.py:874| learn | Epoch 4800: Avg Loss: 0.5152, Avg Epoch Time: 0.0499s
2026-03-28 22:55:52 | DEBUG | sivi:base_runner.py:337| eval_kl_ite | Epoch 4800, VI KL to baseline: 0.0576
2026-03-28 22:55:53 | DEBUG | sivi:base_reverse_runner.py:261| eval_kl_ite | Epoch 4800, Reverse Model KL ITE: 0.2716
2026-03-28 22:55:53 | DEBUG | sivi:base_runner.py:347| eval_w2 | Epoch 4800, VI W2 to baseline: 0.1570
2026-03-28 22:55:53 | DEBUG | sivi:base_reverse_runner.py:272| eval_w2 | Epoch 4800, Reverse Model W2: 0.1450
2026-03-28 22:55:53 | DEBUG | sivi:base_runner.py:477| eval_elbo | Epoch 4800, ELBO: 0.7704, Std Total: 7.1737, Std Q: nan, CI Half: 0.6288
2026-03-28 22:55:53 | DEBUG | sivi:base_runner.py:507| eval_ksd | Epoch 4800, VI KSD: 0.0111
2026-03-28 22:55:53 | DEBUG | sivi:base_runner.py:337| eval_kl_ite | Epoch 4810, VI KL to baseline: 0.0452
2026-03-28 22:55:53 | DEBUG | sivi:base_reverse_runner.py:261| eval_kl_ite | Epoch 4810, Reverse Model KL ITE: 0.2760
2026-03-28 22:55:53 | DEBUG | sivi:base_runner.py:347| eval_w2 | Epoch 4810, VI W2 to baseline: 0.1627
2026-03-28 22:55:53 | DEBUG | sivi:base_reverse_runner.py:272| eval_w2 | Epoch 4810, Reverse Model W2: 0.1089
2026-03-28 22:55:53 | DEBUG | sivi:base_runner.py:477| eval_elbo | Epoch 4810, ELBO: 1.2926, Std Total: 9.6984, Std Q: nan, CI Half: 0.8501
2026-03-28 22:55:53 | DEBUG | sivi:base_runner.py:507| eval_ksd | Epoch 4810, VI KSD: 0.0114
2026-03-28 22:55:53 | DEBUG | sivi:base_runner.py:337| eval_kl_ite | Epoch 4820, VI KL to baseline: 0.0549
2026-03-28 22:55:54 | DEBUG | sivi:base_reverse_runner.py:261| eval_kl_ite | Epoch 4820, Reverse Model KL ITE: 0.2494
2026-03-28 22:55:54 | DEBUG | sivi:base_runner.py:347| eval_w2 | Epoch 4820, VI W2 to baseline: 0.1779
2026-03-28 22:55:54 | DEBUG | sivi:base_reverse_runner.py:272| eval_w2 | Epoch 4820, Reverse Model W2: 0.1345
2026-03-28 22:55:54 | DEBUG | sivi:base_runner.py:477| eval_elbo | Epoch 4820, ELBO: 0.7716, Std Total: 6.5557, Std Q: nan, CI Half: 0.5746
2026-03-28 22:55:54 | DEBUG | sivi:base_runner.py:507| eval_ksd | Epoch 4820, VI KSD: 0.0129
2026-03-28 22:55:54 | DEBUG | sivi:base_runner.py:337| eval_kl_ite | Epoch 4830, VI KL to baseline: 0.0405
2026-03-28 22:55:54 | DEBUG | sivi:base_reverse_runner.py:261| eval_kl_ite | Epoch 4830, Reverse Model KL ITE: 0.2669
2026-03-28 22:55:54 | DEBUG | sivi:base_runner.py:347| eval_w2 | Epoch 4830, VI W2 to baseline: 0.1471
2026-03-28 22:55:54 | DEBUG | sivi:base_reverse_runner.py:272| eval_w2 | Epoch 4830, Reverse Model W2: 0.1250
2026-03-28 22:55:54 | DEBUG | sivi:base_runner.py:477| eval_elbo | Epoch 4830, ELBO: 0.7980, Std Total: 6.6373, Std Q: nan, CI Half: 0.5818
2026-03-28 22:55:54 | DEBUG | sivi:base_runner.py:507| eval_ksd | Epoch 4830, VI KSD: 0.0032
2026-03-28 22:55:55 | DEBUG | sivi:base_runner.py:337| eval_kl_ite | Epoch 4840, VI KL to baseline: 0.0511
2026-03-28 22:55:55 | DEBUG | sivi:base_reverse_runner.py:261| eval_kl_ite | Epoch 4840, Reverse Model KL ITE: 0.2307
2026-03-28 22:55:55 | DEBUG | sivi:base_runner.py:347| eval_w2 | Epoch 4840, VI W2 to baseline: 0.1528
2026-03-28 22:55:55 | DEBUG | sivi:base_reverse_runner.py:272| eval_w2 | Epoch 4840, Reverse Model W2: 0.1253
2026-03-28 22:55:55 | DEBUG | sivi:base_runner.py:477| eval_elbo | Epoch 4840, ELBO: 0.3874, Std Total: 3.4100, Std Q: nan, CI Half: 0.2989
2026-03-28 22:55:55 | DEBUG | sivi:base_runner.py:507| eval_ksd | Epoch 4840, VI KSD: 0.0110
2026-03-28 22:55:55 | DEBUG | sivi:base_runner.py:337| eval_kl_ite | Epoch 4850, VI KL to baseline: 0.0431
2026-03-28 22:55:55 | DEBUG | sivi:base_reverse_runner.py:261| eval_kl_ite | Epoch 4850, Reverse Model KL ITE: 0.2436
2026-03-28 22:55:56 | DEBUG | sivi:base_runner.py:347| eval_w2 | Epoch 4850, VI W2 to baseline: 0.1499
2026-03-28 22:55:56 | DEBUG | sivi:base_reverse_runner.py:272| eval_w2 | Epoch 4850, Reverse Model W2: 0.1226
2026-03-28 22:55:56 | DEBUG | sivi:base_runner.py:477| eval_elbo | Epoch 4850, ELBO: 0.7883, Std Total: 6.5347, Std Q: nan, CI Half: 0.5728
2026-03-28 22:55:56 | DEBUG | sivi:base_runner.py:507| eval_ksd | Epoch 4850, VI KSD: 0.0129
2026-03-28 22:55:56 | DEBUG | sivi:base_runner.py:337| eval_kl_ite | Epoch 4860, VI KL to baseline: 0.0506
2026-03-28 22:55:56 | DEBUG | sivi:base_reverse_runner.py:261| eval_kl_ite | Epoch 4860, Reverse Model KL ITE: 0.2582
2026-03-28 22:55:56 | DEBUG | sivi:base_runner.py:347| eval_w2 | Epoch 4860, VI W2 to baseline: 0.1510
2026-03-28 22:55:56 | DEBUG | sivi:base_reverse_runner.py:272| eval_w2 | Epoch 4860, Reverse Model W2: 0.1306
2026-03-28 22:55:56 | DEBUG | sivi:base_runner.py:477| eval_elbo | Epoch 4860, ELBO: 1.3019, Std Total: 9.1711, Std Q: nan, CI Half: 0.8039
2026-03-28 22:55:56 | DEBUG | sivi:base_runner.py:507| eval_ksd | Epoch 4860, VI KSD: 0.0032
2026-03-28 22:55:57 | DEBUG | sivi:base_runner.py:337| eval_kl_ite | Epoch 4870, VI KL to baseline: 0.0313
2026-03-28 22:55:57 | DEBUG | sivi:base_reverse_runner.py:261| eval_kl_ite | Epoch 4870, Reverse Model KL ITE: 0.2756
2026-03-28 22:55:57 | DEBUG | sivi:base_runner.py:347| eval_w2 | Epoch 4870, VI W2 to baseline: 0.1268
2026-03-28 22:55:57 | DEBUG | sivi:base_reverse_runner.py:272| eval_w2 | Epoch 4870, Reverse Model W2: 0.1151
2026-03-28 22:55:57 | DEBUG | sivi:base_runner.py:477| eval_elbo | Epoch 4870, ELBO: 1.4727, Std Total: 11.8725, Std Q: nan, CI Half: 1.0407
2026-03-28 22:55:57 | DEBUG | sivi:base_runner.py:507| eval_ksd | Epoch 4870, VI KSD: 0.0036
2026-03-28 22:55:57 | DEBUG | sivi:base_runner.py:337| eval_kl_ite | Epoch 4880, VI KL to baseline: 0.0360
2026-03-28 22:55:57 | DEBUG | sivi:base_reverse_runner.py:261| eval_kl_ite | Epoch 4880, Reverse Model KL ITE: 0.2422
2026-03-28 22:55:57 | DEBUG | sivi:base_runner.py:347| eval_w2 | Epoch 4880, VI W2 to baseline: 0.1370
2026-03-28 22:55:57 | DEBUG | sivi:base_reverse_runner.py:272| eval_w2 | Epoch 4880, Reverse Model W2: 0.1055
2026-03-28 22:55:57 | DEBUG | sivi:base_runner.py:477| eval_elbo | Epoch 4880, ELBO: 1.5354, Std Total: 11.8099, Std Q: nan, CI Half: 1.0352
2026-03-28 22:55:57 | DEBUG | sivi:base_runner.py:507| eval_ksd | Epoch 4880, VI KSD: 0.0052
2026-03-28 22:55:58 | DEBUG | sivi:base_runner.py:337| eval_kl_ite | Epoch 4890, VI KL to baseline: 0.0310
2026-03-28 22:55:58 | DEBUG | sivi:base_reverse_runner.py:261| eval_kl_ite | Epoch 4890, Reverse Model KL ITE: 0.2448
2026-03-28 22:55:58 | DEBUG | sivi:base_runner.py:347| eval_w2 | Epoch 4890, VI W2 to baseline: 0.1528
2026-03-28 22:55:58 | DEBUG | sivi:base_reverse_runner.py:272| eval_w2 | Epoch 4890, Reverse Model W2: 0.1255
2026-03-28 22:55:58 | DEBUG | sivi:base_runner.py:477| eval_elbo | Epoch 4890, ELBO: 1.4779, Std Total: 10.1407, Std Q: nan, CI Half: 0.8889
2026-03-28 22:55:58 | DEBUG | sivi:base_runner.py:507| eval_ksd | Epoch 4890, VI KSD: 0.0110
2026-03-28 22:55:58 | DEBUG | sivi:base_runner.py:874| learn | Epoch 4900: Avg Loss: -0.1380, Avg Epoch Time: 0.0610s
2026-03-28 22:55:59 | DEBUG | sivi:base_runner.py:337| eval_kl_ite | Epoch 4900, VI KL to baseline: 0.0128
2026-03-28 22:55:59 | DEBUG | sivi:base_reverse_runner.py:261| eval_kl_ite | Epoch 4900, Reverse Model KL ITE: 0.2519
2026-03-28 22:55:59 | DEBUG | sivi:base_runner.py:347| eval_w2 | Epoch 4900, VI W2 to baseline: 0.1576
2026-03-28 22:55:59 | DEBUG | sivi:base_reverse_runner.py:272| eval_w2 | Epoch 4900, Reverse Model W2: 0.1339
2026-03-28 22:55:59 | DEBUG | sivi:base_runner.py:477| eval_elbo | Epoch 4900, ELBO: 1.2847, Std Total: 8.7908, Std Q: nan, CI Half: 0.7706
2026-03-28 22:55:59 | DEBUG | sivi:base_runner.py:507| eval_ksd | Epoch 4900, VI KSD: 0.0051
2026-03-28 22:55:59 | DEBUG | sivi:base_runner.py:337| eval_kl_ite | Epoch 4910, VI KL to baseline: 0.0321
2026-03-28 22:55:59 | DEBUG | sivi:base_reverse_runner.py:261| eval_kl_ite | Epoch 4910, Reverse Model KL ITE: 0.2443
2026-03-28 22:55:59 | DEBUG | sivi:base_runner.py:347| eval_w2 | Epoch 4910, VI W2 to baseline: 0.1689
2026-03-28 22:55:59 | DEBUG | sivi:base_reverse_runner.py:272| eval_w2 | Epoch 4910, Reverse Model W2: 0.1165
2026-03-28 22:55:59 | DEBUG | sivi:base_runner.py:477| eval_elbo | Epoch 4910, ELBO: 0.8676, Std Total: 6.7816, Std Q: nan, CI Half: 0.5944
2026-03-28 22:55:59 | DEBUG | sivi:base_runner.py:507| eval_ksd | Epoch 4910, VI KSD: 0.0079
2026-03-28 22:56:00 | DEBUG | sivi:base_runner.py:337| eval_kl_ite | Epoch 4920, VI KL to baseline: 0.0435
2026-03-28 22:56:00 | DEBUG | sivi:base_reverse_runner.py:261| eval_kl_ite | Epoch 4920, Reverse Model KL ITE: 0.2382
2026-03-28 22:56:00 | DEBUG | sivi:base_runner.py:347| eval_w2 | Epoch 4920, VI W2 to baseline: 0.1601
2026-03-28 22:56:00 | DEBUG | sivi:base_reverse_runner.py:272| eval_w2 | Epoch 4920, Reverse Model W2: 0.1298
2026-03-28 22:56:00 | DEBUG | sivi:base_runner.py:477| eval_elbo | Epoch 4920, ELBO: 0.8991, Std Total: 8.2109, Std Q: nan, CI Half: 0.7197
2026-03-28 22:56:00 | DEBUG | sivi:base_runner.py:507| eval_ksd | Epoch 4920, VI KSD: 0.0023
2026-03-28 22:56:00 | DEBUG | sivi:base_runner.py:337| eval_kl_ite | Epoch 4930, VI KL to baseline: 0.0403
2026-03-28 22:56:00 | DEBUG | sivi:base_reverse_runner.py:261| eval_kl_ite | Epoch 4930, Reverse Model KL ITE: 0.2168
2026-03-28 22:56:00 | DEBUG | sivi:base_runner.py:347| eval_w2 | Epoch 4930, VI W2 to baseline: 0.1274
2026-03-28 22:56:00 | DEBUG | sivi:base_reverse_runner.py:272| eval_w2 | Epoch 4930, Reverse Model W2: 0.1204
2026-03-28 22:56:00 | DEBUG | sivi:base_runner.py:477| eval_elbo | Epoch 4930, ELBO: 1.6444, Std Total: 8.9858, Std Q: nan, CI Half: 0.7876
2026-03-28 22:56:00 | DEBUG | sivi:base_runner.py:507| eval_ksd | Epoch 4930, VI KSD: 0.0032
2026-03-28 22:56:01 | DEBUG | sivi:base_runner.py:337| eval_kl_ite | Epoch 4940, VI KL to baseline: 0.0198
2026-03-28 22:56:01 | DEBUG | sivi:base_reverse_runner.py:261| eval_kl_ite | Epoch 4940, Reverse Model KL ITE: 0.2174
2026-03-28 22:56:01 | DEBUG | sivi:base_runner.py:347| eval_w2 | Epoch 4940, VI W2 to baseline: 0.1494
2026-03-28 22:56:01 | DEBUG | sivi:base_reverse_runner.py:272| eval_w2 | Epoch 4940, Reverse Model W2: 0.1017
2026-03-28 22:56:01 | DEBUG | sivi:base_runner.py:477| eval_elbo | Epoch 4940, ELBO: 1.0030, Std Total: 7.3427, Std Q: nan, CI Half: 0.6436
2026-03-28 22:56:01 | DEBUG | sivi:base_runner.py:507| eval_ksd | Epoch 4940, VI KSD: 0.0045
2026-03-28 22:56:01 | DEBUG | sivi:base_runner.py:337| eval_kl_ite | Epoch 4950, VI KL to baseline: 0.0554
2026-03-28 22:56:02 | DEBUG | sivi:base_reverse_runner.py:261| eval_kl_ite | Epoch 4950, Reverse Model KL ITE: 0.2069
2026-03-28 22:56:02 | DEBUG | sivi:base_runner.py:347| eval_w2 | Epoch 4950, VI W2 to baseline: 0.1478
2026-03-28 22:56:02 | DEBUG | sivi:base_reverse_runner.py:272| eval_w2 | Epoch 4950, Reverse Model W2: 0.1195
2026-03-28 22:56:02 | DEBUG | sivi:base_runner.py:477| eval_elbo | Epoch 4950, ELBO: 1.2695, Std Total: 10.8478, Std Q: nan, CI Half: 0.9508
2026-03-28 22:56:02 | DEBUG | sivi:base_runner.py:507| eval_ksd | Epoch 4950, VI KSD: 0.0097
2026-03-28 22:56:02 | DEBUG | sivi:base_runner.py:337| eval_kl_ite | Epoch 4960, VI KL to baseline: 0.0287
2026-03-28 22:56:02 | DEBUG | sivi:base_reverse_runner.py:261| eval_kl_ite | Epoch 4960, Reverse Model KL ITE: 0.2050
2026-03-28 22:56:02 | DEBUG | sivi:base_runner.py:347| eval_w2 | Epoch 4960, VI W2 to baseline: 0.1747
2026-03-28 22:56:02 | DEBUG | sivi:base_reverse_runner.py:272| eval_w2 | Epoch 4960, Reverse Model W2: 0.1112
2026-03-28 22:56:02 | DEBUG | sivi:base_runner.py:477| eval_elbo | Epoch 4960, ELBO: 1.9290, Std Total: 10.2453, Std Q: nan, CI Half: 0.8980
2026-03-28 22:56:02 | DEBUG | sivi:base_runner.py:507| eval_ksd | Epoch 4960, VI KSD: 0.0077
2026-03-28 22:56:03 | DEBUG | sivi:base_runner.py:337| eval_kl_ite | Epoch 4970, VI KL to baseline: 0.0446
2026-03-28 22:56:03 | DEBUG | sivi:base_reverse_runner.py:261| eval_kl_ite | Epoch 4970, Reverse Model KL ITE: 0.2246
2026-03-28 22:56:03 | DEBUG | sivi:base_runner.py:347| eval_w2 | Epoch 4970, VI W2 to baseline: 0.1532
2026-03-28 22:56:03 | DEBUG | sivi:base_reverse_runner.py:272| eval_w2 | Epoch 4970, Reverse Model W2: 0.1905
2026-03-28 22:56:03 | DEBUG | sivi:base_runner.py:477| eval_elbo | Epoch 4970, ELBO: 0.9734, Std Total: 6.7979, Std Q: nan, CI Half: 0.5959
2026-03-28 22:56:03 | DEBUG | sivi:base_runner.py:507| eval_ksd | Epoch 4970, VI KSD: 0.0014
2026-03-28 22:56:03 | DEBUG | sivi:base_runner.py:337| eval_kl_ite | Epoch 4980, VI KL to baseline: 0.0262
2026-03-28 22:56:03 | DEBUG | sivi:base_reverse_runner.py:261| eval_kl_ite | Epoch 4980, Reverse Model KL ITE: 0.2231
2026-03-28 22:56:03 | DEBUG | sivi:base_runner.py:347| eval_w2 | Epoch 4980, VI W2 to baseline: 0.1689
2026-03-28 22:56:03 | DEBUG | sivi:base_reverse_runner.py:272| eval_w2 | Epoch 4980, Reverse Model W2: 0.1450
2026-03-28 22:56:03 | DEBUG | sivi:base_runner.py:477| eval_elbo | Epoch 4980, ELBO: 1.2204, Std Total: 9.2939, Std Q: nan, CI Half: 0.8147
2026-03-28 22:56:03 | DEBUG | sivi:base_runner.py:507| eval_ksd | Epoch 4980, VI KSD: 0.0022
2026-03-28 22:56:04 | DEBUG | sivi:base_runner.py:337| eval_kl_ite | Epoch 4990, VI KL to baseline: 0.0469
2026-03-28 22:56:04 | DEBUG | sivi:base_reverse_runner.py:261| eval_kl_ite | Epoch 4990, Reverse Model KL ITE: 0.1926
2026-03-28 22:56:04 | DEBUG | sivi:base_runner.py:347| eval_w2 | Epoch 4990, VI W2 to baseline: 0.1729
2026-03-28 22:56:04 | DEBUG | sivi:base_reverse_runner.py:272| eval_w2 | Epoch 4990, Reverse Model W2: 0.1322
2026-03-28 22:56:04 | DEBUG | sivi:base_runner.py:477| eval_elbo | Epoch 4990, ELBO: 1.2737, Std Total: 9.5087, Std Q: nan, CI Half: 0.8335
2026-03-28 22:56:04 | DEBUG | sivi:base_runner.py:507| eval_ksd | Epoch 4990, VI KSD: 0.0050
2026-03-28 22:56:04 | DEBUG | sivi:base_runner.py:874| learn | Epoch 5000: Avg Loss: 0.0104, Avg Epoch Time: 0.0577s
2026-03-28 22:56:04 | DEBUG | sivi:base_reverse_runner.py:183| _training_rev_log_func | Epoch 5000, Inner epoch 1, Reverse Model Loss: 3.7439, Avg Steps: 1.0000
2026-03-28 22:56:04 | DEBUG | sivi:base_runner.py:588| save_samples | Saved 100000 samples at epoch 5000.
2026-03-28 22:56:04 | DEBUG | sivi:base_runner.py:607| save_checkpoint | Saved VIModel checkpoints at epoch 5000 to results/AISIVI/x_shaped/20260328_225057/checkpoints/epoch_5000.
2026-03-28 22:56:04 | DEBUG | sivi:base_reverse_runner.py:476| save_checkpoint | Saved reverse checkpoints at epoch 5000 to results/AISIVI/x_shaped/20260328_225057/checkpoints/epoch_5000.
2026-03-28 22:56:04 | DEBUG | sivi:base_runner.py:337| eval_kl_ite | Epoch 5000, VI KL to baseline: 0.0168
2026-03-28 22:56:04 | DEBUG | sivi:base_reverse_runner.py:261| eval_kl_ite | Epoch 5000, Reverse Model KL ITE: 0.2043
2026-03-28 22:56:05 | DEBUG | sivi:base_runner.py:347| eval_w2 | Epoch 5000, VI W2 to baseline: 0.1757
2026-03-28 22:56:05 | DEBUG | sivi:base_reverse_runner.py:272| eval_w2 | Epoch 5000, Reverse Model W2: 0.1296
2026-03-28 22:56:05 | DEBUG | sivi:base_runner.py:477| eval_elbo | Epoch 5000, ELBO: 1.4526, Std Total: 9.8363, Std Q: nan, CI Half: 0.8622
2026-03-28 22:56:05 | DEBUG | sivi:base_runner.py:507| eval_ksd | Epoch 5000, VI KSD: 0.0038
2026-03-28 22:56:05 | DEBUG | sivi:base_runner.py:970| learn | Saved contour plot at epoch 5000.
2026-03-28 22:56:05 | DEBUG | sivi:base_runner.py:337| eval_kl_ite | Epoch 5010, VI KL to baseline: 0.0387
2026-03-28 22:56:05 | DEBUG | sivi:base_reverse_runner.py:261| eval_kl_ite | Epoch 5010, Reverse Model KL ITE: 0.2220
2026-03-28 22:56:05 | DEBUG | sivi:base_runner.py:347| eval_w2 | Epoch 5010, VI W2 to baseline: 0.1501
2026-03-28 22:56:05 | DEBUG | sivi:base_reverse_runner.py:272| eval_w2 | Epoch 5010, Reverse Model W2: 0.1148
2026-03-28 22:56:05 | DEBUG | sivi:base_runner.py:477| eval_elbo | Epoch 5010, ELBO: 0.7721, Std Total: 6.8880, Std Q: nan, CI Half: 0.6038
2026-03-28 22:56:05 | DEBUG | sivi:base_runner.py:507| eval_ksd | Epoch 5010, VI KSD: 0.0024
2026-03-28 22:56:06 | DEBUG | sivi:base_runner.py:337| eval_kl_ite | Epoch 5020, VI KL to baseline: 0.0212
2026-03-28 22:56:06 | DEBUG | sivi:base_reverse_runner.py:261| eval_kl_ite | Epoch 5020, Reverse Model KL ITE: 0.2223
2026-03-28 22:56:06 | DEBUG | sivi:base_runner.py:347| eval_w2 | Epoch 5020, VI W2 to baseline: 0.1389
2026-03-28 22:56:06 | DEBUG | sivi:base_reverse_runner.py:272| eval_w2 | Epoch 5020, Reverse Model W2: 0.1202
2026-03-28 22:56:06 | DEBUG | sivi:base_runner.py:477| eval_elbo | Epoch 5020, ELBO: 0.8845, Std Total: 9.2112, Std Q: nan, CI Half: 0.8074
2026-03-28 22:56:06 | DEBUG | sivi:base_runner.py:507| eval_ksd | Epoch 5020, VI KSD: 0.0032
2026-03-28 22:56:06 | DEBUG | sivi:base_runner.py:337| eval_kl_ite | Epoch 5030, VI KL to baseline: 0.0295
2026-03-28 22:56:06 | DEBUG | sivi:base_reverse_runner.py:261| eval_kl_ite | Epoch 5030, Reverse Model KL ITE: 0.2138
2026-03-28 22:56:06 | DEBUG | sivi:base_runner.py:347| eval_w2 | Epoch 5030, VI W2 to baseline: 0.1626
2026-03-28 22:56:06 | DEBUG | sivi:base_reverse_runner.py:272| eval_w2 | Epoch 5030, Reverse Model W2: 0.1225
2026-03-28 22:56:06 | DEBUG | sivi:base_runner.py:477| eval_elbo | Epoch 5030, ELBO: 1.1446, Std Total: 8.8237, Std Q: nan, CI Half: 0.7734
2026-03-28 22:56:06 | DEBUG | sivi:base_runner.py:507| eval_ksd | Epoch 5030, VI KSD: 0.0063
2026-03-28 22:56:07 | DEBUG | sivi:base_runner.py:337| eval_kl_ite | Epoch 5040, VI KL to baseline: 0.0144
2026-03-28 22:56:07 | DEBUG | sivi:base_reverse_runner.py:261| eval_kl_ite | Epoch 5040, Reverse Model KL ITE: 0.2401
2026-03-28 22:56:07 | DEBUG | sivi:base_runner.py:347| eval_w2 | Epoch 5040, VI W2 to baseline: 0.1469
2026-03-28 22:56:07 | DEBUG | sivi:base_reverse_runner.py:272| eval_w2 | Epoch 5040, Reverse Model W2: 0.1279
2026-03-28 22:56:07 | DEBUG | sivi:base_runner.py:477| eval_elbo | Epoch 5040, ELBO: 1.3662, Std Total: 9.5040, Std Q: nan, CI Half: 0.8331
2026-03-28 22:56:07 | DEBUG | sivi:base_runner.py:507| eval_ksd | Epoch 5040, VI KSD: 0.0119
2026-03-28 22:56:08 | DEBUG | sivi:base_runner.py:337| eval_kl_ite | Epoch 5050, VI KL to baseline: 0.0279
2026-03-28 22:56:08 | DEBUG | sivi:base_reverse_runner.py:261| eval_kl_ite | Epoch 5050, Reverse Model KL ITE: 0.2106
2026-03-28 22:56:08 | DEBUG | sivi:base_runner.py:347| eval_w2 | Epoch 5050, VI W2 to baseline: 0.1580
2026-03-28 22:56:08 | DEBUG | sivi:base_reverse_runner.py:272| eval_w2 | Epoch 5050, Reverse Model W2: 0.1056
2026-03-28 22:56:08 | DEBUG | sivi:base_runner.py:477| eval_elbo | Epoch 5050, ELBO: 0.5889, Std Total: 4.4077, Std Q: nan, CI Half: 0.3864
2026-03-28 22:56:08 | DEBUG | sivi:base_runner.py:507| eval_ksd | Epoch 5050, VI KSD: 0.0053
2026-03-28 22:56:08 | DEBUG | sivi:base_runner.py:337| eval_kl_ite | Epoch 5060, VI KL to baseline: 0.0553
2026-03-28 22:56:08 | DEBUG | sivi:base_reverse_runner.py:261| eval_kl_ite | Epoch 5060, Reverse Model KL ITE: 0.2331
2026-03-28 22:56:08 | DEBUG | sivi:base_runner.py:347| eval_w2 | Epoch 5060, VI W2 to baseline: 0.1843
2026-03-28 22:56:08 | DEBUG | sivi:base_reverse_runner.py:272| eval_w2 | Epoch 5060, Reverse Model W2: 0.0989
2026-03-28 22:56:08 | DEBUG | sivi:base_runner.py:477| eval_elbo | Epoch 5060, ELBO: 1.9445, Std Total: 11.7709, Std Q: nan, CI Half: 1.0318
2026-03-28 22:56:08 | DEBUG | sivi:base_runner.py:507| eval_ksd | Epoch 5060, VI KSD: 0.0043
2026-03-28 22:56:08 | DEBUG | sivi:base_runner.py:337| eval_kl_ite | Epoch 5070, VI KL to baseline: 0.0575
2026-03-28 22:56:09 | DEBUG | sivi:base_reverse_runner.py:261| eval_kl_ite | Epoch 5070, Reverse Model KL ITE: 0.2450
2026-03-28 22:56:09 | DEBUG | sivi:base_runner.py:347| eval_w2 | Epoch 5070, VI W2 to baseline: 0.1998
2026-03-28 22:56:09 | DEBUG | sivi:base_reverse_runner.py:272| eval_w2 | Epoch 5070, Reverse Model W2: 0.1124
2026-03-28 22:56:09 | DEBUG | sivi:base_runner.py:477| eval_elbo | Epoch 5070, ELBO: 0.9101, Std Total: 7.6968, Std Q: nan, CI Half: 0.6747
2026-03-28 22:56:09 | DEBUG | sivi:base_runner.py:507| eval_ksd | Epoch 5070, VI KSD: 0.0057
2026-03-28 22:56:09 | DEBUG | sivi:base_runner.py:337| eval_kl_ite | Epoch 5080, VI KL to baseline: 0.0627
2026-03-28 22:56:09 | DEBUG | sivi:base_reverse_runner.py:261| eval_kl_ite | Epoch 5080, Reverse Model KL ITE: 0.2525
2026-03-28 22:56:09 | DEBUG | sivi:base_runner.py:347| eval_w2 | Epoch 5080, VI W2 to baseline: 0.1796
2026-03-28 22:56:09 | DEBUG | sivi:base_reverse_runner.py:272| eval_w2 | Epoch 5080, Reverse Model W2: 0.1147
2026-03-28 22:56:09 | DEBUG | sivi:base_runner.py:477| eval_elbo | Epoch 5080, ELBO: 0.6370, Std Total: 5.4894, Std Q: nan, CI Half: 0.4812
2026-03-28 22:56:09 | DEBUG | sivi:base_runner.py:507| eval_ksd | Epoch 5080, VI KSD: 0.0129
2026-03-28 22:56:10 | DEBUG | sivi:base_runner.py:337| eval_kl_ite | Epoch 5090, VI KL to baseline: 0.0646
2026-03-28 22:56:10 | DEBUG | sivi:base_reverse_runner.py:261| eval_kl_ite | Epoch 5090, Reverse Model KL ITE: 0.2234
2026-03-28 22:56:10 | DEBUG | sivi:base_runner.py:347| eval_w2 | Epoch 5090, VI W2 to baseline: 0.1831
2026-03-28 22:56:10 | DEBUG | sivi:base_reverse_runner.py:272| eval_w2 | Epoch 5090, Reverse Model W2: 0.1208
2026-03-28 22:56:10 | DEBUG | sivi:base_runner.py:477| eval_elbo | Epoch 5090, ELBO: 1.1614, Std Total: 7.5161, Std Q: nan, CI Half: 0.6588
2026-03-28 22:56:10 | DEBUG | sivi:base_runner.py:507| eval_ksd | Epoch 5090, VI KSD: 0.0082
2026-03-28 22:56:10 | DEBUG | sivi:base_runner.py:874| learn | Epoch 5100: Avg Loss: -0.0967, Avg Epoch Time: 0.0573s
2026-03-28 22:56:10 | DEBUG | sivi:base_runner.py:337| eval_kl_ite | Epoch 5100, VI KL to baseline: 0.0392
2026-03-28 22:56:10 | DEBUG | sivi:base_reverse_runner.py:261| eval_kl_ite | Epoch 5100, Reverse Model KL ITE: 0.2474
2026-03-28 22:56:10 | DEBUG | sivi:base_runner.py:347| eval_w2 | Epoch 5100, VI W2 to baseline: 0.1763
2026-03-28 22:56:10 | DEBUG | sivi:base_reverse_runner.py:272| eval_w2 | Epoch 5100, Reverse Model W2: 0.1115
2026-03-28 22:56:10 | DEBUG | sivi:base_runner.py:477| eval_elbo | Epoch 5100, ELBO: 0.9521, Std Total: 7.0232, Std Q: nan, CI Half: 0.6156
2026-03-28 22:56:10 | DEBUG | sivi:base_runner.py:507| eval_ksd | Epoch 5100, VI KSD: 0.0068
2026-03-28 22:56:11 | DEBUG | sivi:base_runner.py:337| eval_kl_ite | Epoch 5110, VI KL to baseline: 0.0247
2026-03-28 22:56:11 | DEBUG | sivi:base_reverse_runner.py:261| eval_kl_ite | Epoch 5110, Reverse Model KL ITE: 0.2443
2026-03-28 22:56:11 | DEBUG | sivi:base_runner.py:347| eval_w2 | Epoch 5110, VI W2 to baseline: 0.1666
2026-03-28 22:56:11 | DEBUG | sivi:base_reverse_runner.py:272| eval_w2 | Epoch 5110, Reverse Model W2: 0.1107
2026-03-28 22:56:11 | DEBUG | sivi:base_runner.py:477| eval_elbo | Epoch 5110, ELBO: 0.8659, Std Total: 7.3806, Std Q: nan, CI Half: 0.6469
2026-03-28 22:56:11 | DEBUG | sivi:base_runner.py:507| eval_ksd | Epoch 5110, VI KSD: 0.0102
2026-03-28 22:56:11 | DEBUG | sivi:base_runner.py:337| eval_kl_ite | Epoch 5120, VI KL to baseline: 0.0462
2026-03-28 22:56:11 | DEBUG | sivi:base_reverse_runner.py:261| eval_kl_ite | Epoch 5120, Reverse Model KL ITE: 0.2290
2026-03-28 22:56:11 | DEBUG | sivi:base_runner.py:347| eval_w2 | Epoch 5120, VI W2 to baseline: 0.1688
2026-03-28 22:56:11 | DEBUG | sivi:base_reverse_runner.py:272| eval_w2 | Epoch 5120, Reverse Model W2: 0.1088
2026-03-28 22:56:11 | DEBUG | sivi:base_runner.py:477| eval_elbo | Epoch 5120, ELBO: 0.8585, Std Total: 6.9951, Std Q: nan, CI Half: 0.6132
2026-03-28 22:56:11 | DEBUG | sivi:base_runner.py:507| eval_ksd | Epoch 5120, VI KSD: 0.0142
2026-03-28 22:56:12 | DEBUG | sivi:base_runner.py:337| eval_kl_ite | Epoch 5130, VI KL to baseline: 0.0425
2026-03-28 22:56:12 | DEBUG | sivi:base_reverse_runner.py:261| eval_kl_ite | Epoch 5130, Reverse Model KL ITE: 0.2706
2026-03-28 22:56:12 | DEBUG | sivi:base_runner.py:347| eval_w2 | Epoch 5130, VI W2 to baseline: 0.1570
2026-03-28 22:56:12 | DEBUG | sivi:base_reverse_runner.py:272| eval_w2 | Epoch 5130, Reverse Model W2: 0.4470
2026-03-28 22:56:12 | DEBUG | sivi:base_runner.py:477| eval_elbo | Epoch 5130, ELBO: 1.2739, Std Total: 10.1198, Std Q: nan, CI Half: 0.8870
2026-03-28 22:56:12 | DEBUG | sivi:base_runner.py:507| eval_ksd | Epoch 5130, VI KSD: 0.0064
2026-03-28 22:56:12 | DEBUG | sivi:base_runner.py:337| eval_kl_ite | Epoch 5140, VI KL to baseline: 0.0295
2026-03-28 22:56:12 | DEBUG | sivi:base_reverse_runner.py:261| eval_kl_ite | Epoch 5140, Reverse Model KL ITE: 0.2278
2026-03-28 22:56:12 | DEBUG | sivi:base_runner.py:347| eval_w2 | Epoch 5140, VI W2 to baseline: 0.1591
2026-03-28 22:56:12 | DEBUG | sivi:base_reverse_runner.py:272| eval_w2 | Epoch 5140, Reverse Model W2: 0.1152
2026-03-28 22:56:12 | DEBUG | sivi:base_runner.py:477| eval_elbo | Epoch 5140, ELBO: 0.9793, Std Total: 7.8500, Std Q: nan, CI Half: 0.6881
2026-03-28 22:56:12 | DEBUG | sivi:base_runner.py:507| eval_ksd | Epoch 5140, VI KSD: 0.0072
2026-03-28 22:56:13 | DEBUG | sivi:base_runner.py:337| eval_kl_ite | Epoch 5150, VI KL to baseline: 0.0360
2026-03-28 22:56:13 | DEBUG | sivi:base_reverse_runner.py:261| eval_kl_ite | Epoch 5150, Reverse Model KL ITE: 0.2507
2026-03-28 22:56:13 | DEBUG | sivi:base_runner.py:347| eval_w2 | Epoch 5150, VI W2 to baseline: 0.1647
2026-03-28 22:56:13 | DEBUG | sivi:base_reverse_runner.py:272| eval_w2 | Epoch 5150, Reverse Model W2: 0.1316
2026-03-28 22:56:13 | DEBUG | sivi:base_runner.py:477| eval_elbo | Epoch 5150, ELBO: 0.9487, Std Total: 7.3486, Std Q: nan, CI Half: 0.6441
2026-03-28 22:56:13 | DEBUG | sivi:base_runner.py:507| eval_ksd | Epoch 5150, VI KSD: 0.0047
2026-03-28 22:56:13 | DEBUG | sivi:base_runner.py:337| eval_kl_ite | Epoch 5160, VI KL to baseline: 0.0427
2026-03-28 22:56:13 | DEBUG | sivi:base_reverse_runner.py:261| eval_kl_ite | Epoch 5160, Reverse Model KL ITE: 0.2368
2026-03-28 22:56:13 | DEBUG | sivi:base_runner.py:347| eval_w2 | Epoch 5160, VI W2 to baseline: 0.1698
2026-03-28 22:56:13 | DEBUG | sivi:base_reverse_runner.py:272| eval_w2 | Epoch 5160, Reverse Model W2: 0.1095
2026-03-28 22:56:13 | DEBUG | sivi:base_runner.py:477| eval_elbo | Epoch 5160, ELBO: 0.7751, Std Total: 7.7126, Std Q: nan, CI Half: 0.6760
2026-03-28 22:56:13 | DEBUG | sivi:base_runner.py:507| eval_ksd | Epoch 5160, VI KSD: 0.0057
2026-03-28 22:56:14 | DEBUG | sivi:base_runner.py:337| eval_kl_ite | Epoch 5170, VI KL to baseline: 0.0333
2026-03-28 22:56:14 | DEBUG | sivi:base_reverse_runner.py:261| eval_kl_ite | Epoch 5170, Reverse Model KL ITE: 0.2512
2026-03-28 22:56:14 | DEBUG | sivi:base_runner.py:347| eval_w2 | Epoch 5170, VI W2 to baseline: 0.1705
2026-03-28 22:56:14 | DEBUG | sivi:base_reverse_runner.py:272| eval_w2 | Epoch 5170, Reverse Model W2: 0.1195
2026-03-28 22:56:14 | DEBUG | sivi:base_runner.py:477| eval_elbo | Epoch 5170, ELBO: 0.9914, Std Total: 7.5686, Std Q: nan, CI Half: 0.6634
2026-03-28 22:56:14 | DEBUG | sivi:base_runner.py:507| eval_ksd | Epoch 5170, VI KSD: 0.0054
2026-03-28 22:56:14 | DEBUG | sivi:base_runner.py:337| eval_kl_ite | Epoch 5180, VI KL to baseline: 0.0394
2026-03-28 22:56:14 | DEBUG | sivi:base_reverse_runner.py:261| eval_kl_ite | Epoch 5180, Reverse Model KL ITE: 0.2768
2026-03-28 22:56:14 | DEBUG | sivi:base_runner.py:347| eval_w2 | Epoch 5180, VI W2 to baseline: 0.1695
2026-03-28 22:56:14 | DEBUG | sivi:base_reverse_runner.py:272| eval_w2 | Epoch 5180, Reverse Model W2: 0.1133
2026-03-28 22:56:14 | DEBUG | sivi:base_runner.py:477| eval_elbo | Epoch 5180, ELBO: 1.1073, Std Total: 9.0650, Std Q: nan, CI Half: 0.7946
2026-03-28 22:56:14 | DEBUG | sivi:base_runner.py:507| eval_ksd | Epoch 5180, VI KSD: 0.0055
2026-03-28 22:56:15 | DEBUG | sivi:base_runner.py:337| eval_kl_ite | Epoch 5190, VI KL to baseline: 0.0275
2026-03-28 22:56:15 | DEBUG | sivi:base_reverse_runner.py:261| eval_kl_ite | Epoch 5190, Reverse Model KL ITE: 0.3025
2026-03-28 22:56:15 | DEBUG | sivi:base_runner.py:347| eval_w2 | Epoch 5190, VI W2 to baseline: 0.1567
2026-03-28 22:56:15 | DEBUG | sivi:base_reverse_runner.py:272| eval_w2 | Epoch 5190, Reverse Model W2: 0.1342
2026-03-28 22:56:15 | DEBUG | sivi:base_runner.py:477| eval_elbo | Epoch 5190, ELBO: 0.9861, Std Total: 9.0416, Std Q: nan, CI Half: 0.7925
2026-03-28 22:56:15 | DEBUG | sivi:base_runner.py:507| eval_ksd | Epoch 5190, VI KSD: 0.0046
2026-03-28 22:56:15 | DEBUG | sivi:base_runner.py:874| learn | Epoch 5200: Avg Loss: -0.0608, Avg Epoch Time: 0.0527s
2026-03-28 22:56:15 | DEBUG | sivi:base_runner.py:337| eval_kl_ite | Epoch 5200, VI KL to baseline: 0.0253
2026-03-28 22:56:15 | DEBUG | sivi:base_reverse_runner.py:261| eval_kl_ite | Epoch 5200, Reverse Model KL ITE: 0.2484
2026-03-28 22:56:15 | DEBUG | sivi:base_runner.py:347| eval_w2 | Epoch 5200, VI W2 to baseline: 0.1631
2026-03-28 22:56:15 | DEBUG | sivi:base_reverse_runner.py:272| eval_w2 | Epoch 5200, Reverse Model W2: 0.1284
2026-03-28 22:56:15 | DEBUG | sivi:base_runner.py:477| eval_elbo | Epoch 5200, ELBO: 0.8750, Std Total: 6.4650, Std Q: nan, CI Half: 0.5667
2026-03-28 22:56:15 | DEBUG | sivi:base_runner.py:507| eval_ksd | Epoch 5200, VI KSD: 0.0068
2026-03-28 22:56:16 | DEBUG | sivi:base_runner.py:337| eval_kl_ite | Epoch 5210, VI KL to baseline: 0.0348
2026-03-28 22:56:16 | DEBUG | sivi:base_reverse_runner.py:261| eval_kl_ite | Epoch 5210, Reverse Model KL ITE: 0.2651
2026-03-28 22:56:16 | DEBUG | sivi:base_runner.py:347| eval_w2 | Epoch 5210, VI W2 to baseline: 0.1491
2026-03-28 22:56:16 | DEBUG | sivi:base_reverse_runner.py:272| eval_w2 | Epoch 5210, Reverse Model W2: 0.1373
2026-03-28 22:56:16 | DEBUG | sivi:base_runner.py:477| eval_elbo | Epoch 5210, ELBO: 1.2253, Std Total: 10.5660, Std Q: nan, CI Half: 0.9262
2026-03-28 22:56:16 | DEBUG | sivi:base_runner.py:507| eval_ksd | Epoch 5210, VI KSD: 0.0057
2026-03-28 22:56:17 | DEBUG | sivi:base_runner.py:337| eval_kl_ite | Epoch 5220, VI KL to baseline: 0.0265
2026-03-28 22:56:17 | DEBUG | sivi:base_reverse_runner.py:261| eval_kl_ite | Epoch 5220, Reverse Model KL ITE: 0.2520
2026-03-28 22:56:17 | DEBUG | sivi:base_runner.py:347| eval_w2 | Epoch 5220, VI W2 to baseline: 0.1932
2026-03-28 22:56:17 | DEBUG | sivi:base_reverse_runner.py:272| eval_w2 | Epoch 5220, Reverse Model W2: 0.1194
2026-03-28 22:56:17 | DEBUG | sivi:base_runner.py:477| eval_elbo | Epoch 5220, ELBO: 1.4974, Std Total: 10.7427, Std Q: nan, CI Half: 0.9416
2026-03-28 22:56:17 | DEBUG | sivi:base_runner.py:507| eval_ksd | Epoch 5220, VI KSD: 0.0048
2026-03-28 22:56:17 | DEBUG | sivi:base_runner.py:337| eval_kl_ite | Epoch 5230, VI KL to baseline: 0.0335
2026-03-28 22:56:17 | DEBUG | sivi:base_reverse_runner.py:261| eval_kl_ite | Epoch 5230, Reverse Model KL ITE: 0.2605
2026-03-28 22:56:17 | DEBUG | sivi:base_runner.py:347| eval_w2 | Epoch 5230, VI W2 to baseline: 0.1650
2026-03-28 22:56:17 | DEBUG | sivi:base_reverse_runner.py:272| eval_w2 | Epoch 5230, Reverse Model W2: 0.1336
2026-03-28 22:56:17 | DEBUG | sivi:base_runner.py:477| eval_elbo | Epoch 5230, ELBO: 1.7217, Std Total: 14.9527, Std Q: nan, CI Half: 1.3107
2026-03-28 22:56:17 | DEBUG | sivi:base_runner.py:507| eval_ksd | Epoch 5230, VI KSD: 0.0019
2026-03-28 22:56:18 | DEBUG | sivi:base_runner.py:337| eval_kl_ite | Epoch 5240, VI KL to baseline: 0.0370
2026-03-28 22:56:18 | DEBUG | sivi:base_reverse_runner.py:261| eval_kl_ite | Epoch 5240, Reverse Model KL ITE: 0.2832
2026-03-28 22:56:18 | DEBUG | sivi:base_runner.py:347| eval_w2 | Epoch 5240, VI W2 to baseline: 0.1650
2026-03-28 22:56:18 | DEBUG | sivi:base_reverse_runner.py:272| eval_w2 | Epoch 5240, Reverse Model W2: 0.1241
2026-03-28 22:56:18 | DEBUG | sivi:base_runner.py:477| eval_elbo | Epoch 5240, ELBO: 1.7149, Std Total: 10.8304, Std Q: nan, CI Half: 0.9493
2026-03-28 22:56:18 | DEBUG | sivi:base_runner.py:507| eval_ksd | Epoch 5240, VI KSD: 0.0060
2026-03-28 22:56:18 | DEBUG | sivi:base_runner.py:337| eval_kl_ite | Epoch 5250, VI KL to baseline: 0.0614
2026-03-28 22:56:18 | DEBUG | sivi:base_reverse_runner.py:261| eval_kl_ite | Epoch 5250, Reverse Model KL ITE: 0.2485
2026-03-28 22:56:18 | DEBUG | sivi:base_runner.py:347| eval_w2 | Epoch 5250, VI W2 to baseline: 0.1534
2026-03-28 22:56:18 | DEBUG | sivi:base_reverse_runner.py:272| eval_w2 | Epoch 5250, Reverse Model W2: 0.1284
2026-03-28 22:56:18 | DEBUG | sivi:base_runner.py:477| eval_elbo | Epoch 5250, ELBO: 1.3585, Std Total: 8.3456, Std Q: nan, CI Half: 0.7315
2026-03-28 22:56:18 | DEBUG | sivi:base_runner.py:507| eval_ksd | Epoch 5250, VI KSD: 0.0044
2026-03-28 22:56:18 | DEBUG | sivi:base_runner.py:337| eval_kl_ite | Epoch 5260, VI KL to baseline: 0.0265
2026-03-28 22:56:19 | DEBUG | sivi:base_reverse_runner.py:261| eval_kl_ite | Epoch 5260, Reverse Model KL ITE: 0.2352
2026-03-28 22:56:19 | DEBUG | sivi:base_runner.py:347| eval_w2 | Epoch 5260, VI W2 to baseline: 0.1709
2026-03-28 22:56:19 | DEBUG | sivi:base_reverse_runner.py:272| eval_w2 | Epoch 5260, Reverse Model W2: 0.1289
2026-03-28 22:56:19 | DEBUG | sivi:base_runner.py:477| eval_elbo | Epoch 5260, ELBO: 0.6723, Std Total: 5.5430, Std Q: nan, CI Half: 0.4859
2026-03-28 22:56:19 | DEBUG | sivi:base_runner.py:507| eval_ksd | Epoch 5260, VI KSD: 0.0013
2026-03-28 22:56:19 | DEBUG | sivi:base_runner.py:337| eval_kl_ite | Epoch 5270, VI KL to baseline: 0.0429
2026-03-28 22:56:19 | DEBUG | sivi:base_reverse_runner.py:261| eval_kl_ite | Epoch 5270, Reverse Model KL ITE: 0.2588
2026-03-28 22:56:19 | DEBUG | sivi:base_runner.py:347| eval_w2 | Epoch 5270, VI W2 to baseline: 0.1752
2026-03-28 22:56:19 | DEBUG | sivi:base_reverse_runner.py:272| eval_w2 | Epoch 5270, Reverse Model W2: 0.1210
2026-03-28 22:56:19 | DEBUG | sivi:base_runner.py:477| eval_elbo | Epoch 5270, ELBO: 0.7630, Std Total: 8.5421, Std Q: nan, CI Half: 0.7488
2026-03-28 22:56:19 | DEBUG | sivi:base_runner.py:507| eval_ksd | Epoch 5270, VI KSD: 0.0030
2026-03-28 22:56:19 | DEBUG | sivi:base_runner.py:337| eval_kl_ite | Epoch 5280, VI KL to baseline: 0.0323
2026-03-28 22:56:20 | DEBUG | sivi:base_reverse_runner.py:261| eval_kl_ite | Epoch 5280, Reverse Model KL ITE: 0.2547
2026-03-28 22:56:20 | DEBUG | sivi:base_runner.py:347| eval_w2 | Epoch 5280, VI W2 to baseline: 0.1670
2026-03-28 22:56:20 | DEBUG | sivi:base_reverse_runner.py:272| eval_w2 | Epoch 5280, Reverse Model W2: 0.1329
2026-03-28 22:56:20 | DEBUG | sivi:base_runner.py:477| eval_elbo | Epoch 5280, ELBO: 1.2338, Std Total: 8.6855, Std Q: nan, CI Half: 0.7613
2026-03-28 22:56:20 | DEBUG | sivi:base_runner.py:507| eval_ksd | Epoch 5280, VI KSD: 0.0010
2026-03-28 22:56:20 | DEBUG | sivi:base_runner.py:337| eval_kl_ite | Epoch 5290, VI KL to baseline: 0.0415
2026-03-28 22:56:20 | DEBUG | sivi:base_reverse_runner.py:261| eval_kl_ite | Epoch 5290, Reverse Model KL ITE: 0.1969
2026-03-28 22:56:20 | DEBUG | sivi:base_runner.py:347| eval_w2 | Epoch 5290, VI W2 to baseline: 0.1592
2026-03-28 22:56:20 | DEBUG | sivi:base_reverse_runner.py:272| eval_w2 | Epoch 5290, Reverse Model W2: 0.1344
2026-03-28 22:56:20 | DEBUG | sivi:base_runner.py:477| eval_elbo | Epoch 5290, ELBO: 0.5811, Std Total: 5.6874, Std Q: nan, CI Half: 0.4985
2026-03-28 22:56:20 | DEBUG | sivi:base_runner.py:507| eval_ksd | Epoch 5290, VI KSD: 0.0007
2026-03-28 22:56:20 | DEBUG | sivi:base_runner.py:874| learn | Epoch 5300: Avg Loss: 0.0079, Avg Epoch Time: 0.0516s
2026-03-28 22:56:20 | DEBUG | sivi:base_runner.py:337| eval_kl_ite | Epoch 5300, VI KL to baseline: 0.0305
2026-03-28 22:56:21 | DEBUG | sivi:base_reverse_runner.py:261| eval_kl_ite | Epoch 5300, Reverse Model KL ITE: 0.2214
2026-03-28 22:56:21 | DEBUG | sivi:base_runner.py:347| eval_w2 | Epoch 5300, VI W2 to baseline: 0.1447
2026-03-28 22:56:21 | DEBUG | sivi:base_reverse_runner.py:272| eval_w2 | Epoch 5300, Reverse Model W2: 0.1284
2026-03-28 22:56:21 | DEBUG | sivi:base_runner.py:477| eval_elbo | Epoch 5300, ELBO: 0.4958, Std Total: 5.9033, Std Q: nan, CI Half: 0.5175
2026-03-28 22:56:21 | DEBUG | sivi:base_runner.py:507| eval_ksd | Epoch 5300, VI KSD: 0.0035
2026-03-28 22:56:21 | DEBUG | sivi:base_runner.py:337| eval_kl_ite | Epoch 5310, VI KL to baseline: 0.0315
2026-03-28 22:56:21 | DEBUG | sivi:base_reverse_runner.py:261| eval_kl_ite | Epoch 5310, Reverse Model KL ITE: 0.2305
2026-03-28 22:56:21 | DEBUG | sivi:base_runner.py:347| eval_w2 | Epoch 5310, VI W2 to baseline: 0.1547
2026-03-28 22:56:21 | DEBUG | sivi:base_reverse_runner.py:272| eval_w2 | Epoch 5310, Reverse Model W2: 0.1228
2026-03-28 22:56:21 | DEBUG | sivi:base_runner.py:477| eval_elbo | Epoch 5310, ELBO: 0.7271, Std Total: 5.8397, Std Q: nan, CI Half: 0.5119
2026-03-28 22:56:21 | DEBUG | sivi:base_runner.py:507| eval_ksd | Epoch 5310, VI KSD: 0.0032
2026-03-28 22:56:21 | DEBUG | sivi:base_runner.py:337| eval_kl_ite | Epoch 5320, VI KL to baseline: 0.0227
2026-03-28 22:56:22 | DEBUG | sivi:base_reverse_runner.py:261| eval_kl_ite | Epoch 5320, Reverse Model KL ITE: 0.2226
2026-03-28 22:56:22 | DEBUG | sivi:base_runner.py:347| eval_w2 | Epoch 5320, VI W2 to baseline: 0.1629
2026-03-28 22:56:22 | DEBUG | sivi:base_reverse_runner.py:272| eval_w2 | Epoch 5320, Reverse Model W2: 0.1115
2026-03-28 22:56:22 | DEBUG | sivi:base_runner.py:477| eval_elbo | Epoch 5320, ELBO: 0.6998, Std Total: 5.4760, Std Q: nan, CI Half: 0.4800
2026-03-28 22:56:22 | DEBUG | sivi:base_runner.py:507| eval_ksd | Epoch 5320, VI KSD: 0.0028
2026-03-28 22:56:22 | DEBUG | sivi:base_runner.py:337| eval_kl_ite | Epoch 5330, VI KL to baseline: 0.0250
2026-03-28 22:56:22 | DEBUG | sivi:base_reverse_runner.py:261| eval_kl_ite | Epoch 5330, Reverse Model KL ITE: 0.2311
2026-03-28 22:56:22 | DEBUG | sivi:base_runner.py:347| eval_w2 | Epoch 5330, VI W2 to baseline: 0.1911
2026-03-28 22:56:22 | DEBUG | sivi:base_reverse_runner.py:272| eval_w2 | Epoch 5330, Reverse Model W2: 0.1242
2026-03-28 22:56:22 | DEBUG | sivi:base_runner.py:477| eval_elbo | Epoch 5330, ELBO: 0.3179, Std Total: 3.4999, Std Q: nan, CI Half: 0.3068
2026-03-28 22:56:22 | DEBUG | sivi:base_runner.py:507| eval_ksd | Epoch 5330, VI KSD: 0.0040
2026-03-28 22:56:22 | DEBUG | sivi:base_runner.py:337| eval_kl_ite | Epoch 5340, VI KL to baseline: 0.0276
2026-03-28 22:56:22 | DEBUG | sivi:base_reverse_runner.py:261| eval_kl_ite | Epoch 5340, Reverse Model KL ITE: 0.2474
2026-03-28 22:56:22 | DEBUG | sivi:base_runner.py:347| eval_w2 | Epoch 5340, VI W2 to baseline: 0.1831
2026-03-28 22:56:22 | DEBUG | sivi:base_reverse_runner.py:272| eval_w2 | Epoch 5340, Reverse Model W2: 0.1181
2026-03-28 22:56:22 | DEBUG | sivi:base_runner.py:477| eval_elbo | Epoch 5340, ELBO: 1.5168, Std Total: 10.7012, Std Q: nan, CI Half: 0.9380
2026-03-28 22:56:22 | DEBUG | sivi:base_runner.py:507| eval_ksd | Epoch 5340, VI KSD: 0.0018
2026-03-28 22:56:23 | DEBUG | sivi:base_runner.py:337| eval_kl_ite | Epoch 5350, VI KL to baseline: 0.0371
2026-03-28 22:56:23 | DEBUG | sivi:base_reverse_runner.py:261| eval_kl_ite | Epoch 5350, Reverse Model KL ITE: 0.2157
2026-03-28 22:56:23 | DEBUG | sivi:base_runner.py:347| eval_w2 | Epoch 5350, VI W2 to baseline: 0.1566
2026-03-28 22:56:23 | DEBUG | sivi:base_reverse_runner.py:272| eval_w2 | Epoch 5350, Reverse Model W2: 0.1337
2026-03-28 22:56:23 | DEBUG | sivi:base_runner.py:477| eval_elbo | Epoch 5350, ELBO: 1.0673, Std Total: 7.8848, Std Q: nan, CI Half: 0.6911
2026-03-28 22:56:23 | DEBUG | sivi:base_runner.py:507| eval_ksd | Epoch 5350, VI KSD: 0.0092
2026-03-28 22:56:23 | DEBUG | sivi:base_runner.py:337| eval_kl_ite | Epoch 5360, VI KL to baseline: 0.0214
2026-03-28 22:56:23 | DEBUG | sivi:base_reverse_runner.py:261| eval_kl_ite | Epoch 5360, Reverse Model KL ITE: 0.2263
2026-03-28 22:56:23 | DEBUG | sivi:base_runner.py:347| eval_w2 | Epoch 5360, VI W2 to baseline: 0.1715
2026-03-28 22:56:23 | DEBUG | sivi:base_reverse_runner.py:272| eval_w2 | Epoch 5360, Reverse Model W2: 0.1388
2026-03-28 22:56:23 | DEBUG | sivi:base_runner.py:477| eval_elbo | Epoch 5360, ELBO: 1.2591, Std Total: 8.7963, Std Q: nan, CI Half: 0.7710
2026-03-28 22:56:23 | DEBUG | sivi:base_runner.py:507| eval_ksd | Epoch 5360, VI KSD: 0.0033
2026-03-28 22:56:24 | DEBUG | sivi:base_runner.py:337| eval_kl_ite | Epoch 5370, VI KL to baseline: 0.0463
2026-03-28 22:56:24 | DEBUG | sivi:base_reverse_runner.py:261| eval_kl_ite | Epoch 5370, Reverse Model KL ITE: 0.2058
2026-03-28 22:56:24 | DEBUG | sivi:base_runner.py:347| eval_w2 | Epoch 5370, VI W2 to baseline: 0.1665
2026-03-28 22:56:24 | DEBUG | sivi:base_reverse_runner.py:272| eval_w2 | Epoch 5370, Reverse Model W2: 0.1371
2026-03-28 22:56:24 | DEBUG | sivi:base_runner.py:477| eval_elbo | Epoch 5370, ELBO: 1.5309, Std Total: 9.4949, Std Q: nan, CI Half: 0.8323
2026-03-28 22:56:24 | DEBUG | sivi:base_runner.py:507| eval_ksd | Epoch 5370, VI KSD: 0.0042
2026-03-28 22:56:25 | DEBUG | sivi:base_runner.py:337| eval_kl_ite | Epoch 5380, VI KL to baseline: 0.0285
2026-03-28 22:56:25 | DEBUG | sivi:base_reverse_runner.py:261| eval_kl_ite | Epoch 5380, Reverse Model KL ITE: 0.2165
2026-03-28 22:56:25 | DEBUG | sivi:base_runner.py:347| eval_w2 | Epoch 5380, VI W2 to baseline: 0.1426
2026-03-28 22:56:25 | DEBUG | sivi:base_reverse_runner.py:272| eval_w2 | Epoch 5380, Reverse Model W2: 0.1229
2026-03-28 22:56:25 | DEBUG | sivi:base_runner.py:477| eval_elbo | Epoch 5380, ELBO: 0.8822, Std Total: 8.6370, Std Q: nan, CI Half: 0.7571
2026-03-28 22:56:25 | DEBUG | sivi:base_runner.py:507| eval_ksd | Epoch 5380, VI KSD: 0.0072
2026-03-28 22:56:25 | DEBUG | sivi:base_runner.py:337| eval_kl_ite | Epoch 5390, VI KL to baseline: 0.0533
2026-03-28 22:56:25 | DEBUG | sivi:base_reverse_runner.py:261| eval_kl_ite | Epoch 5390, Reverse Model KL ITE: 0.2197
2026-03-28 22:56:25 | DEBUG | sivi:base_runner.py:347| eval_w2 | Epoch 5390, VI W2 to baseline: 0.1814
2026-03-28 22:56:25 | DEBUG | sivi:base_reverse_runner.py:272| eval_w2 | Epoch 5390, Reverse Model W2: 0.1430
2026-03-28 22:56:25 | DEBUG | sivi:base_runner.py:477| eval_elbo | Epoch 5390, ELBO: 1.3610, Std Total: 9.8757, Std Q: nan, CI Half: 0.8656
2026-03-28 22:56:25 | DEBUG | sivi:base_runner.py:507| eval_ksd | Epoch 5390, VI KSD: 0.0061
2026-03-28 22:56:25 | DEBUG | sivi:base_runner.py:874| learn | Epoch 5400: Avg Loss: -0.0753, Avg Epoch Time: 0.0510s
2026-03-28 22:56:26 | DEBUG | sivi:base_runner.py:337| eval_kl_ite | Epoch 5400, VI KL to baseline: 0.0313
2026-03-28 22:56:26 | DEBUG | sivi:base_reverse_runner.py:261| eval_kl_ite | Epoch 5400, Reverse Model KL ITE: 0.2195
2026-03-28 22:56:26 | DEBUG | sivi:base_runner.py:347| eval_w2 | Epoch 5400, VI W2 to baseline: 0.1640
2026-03-28 22:56:26 | DEBUG | sivi:base_reverse_runner.py:272| eval_w2 | Epoch 5400, Reverse Model W2: 0.1353
2026-03-28 22:56:26 | DEBUG | sivi:base_runner.py:477| eval_elbo | Epoch 5400, ELBO: 1.0764, Std Total: 8.4143, Std Q: nan, CI Half: 0.7375
2026-03-28 22:56:26 | DEBUG | sivi:base_runner.py:507| eval_ksd | Epoch 5400, VI KSD: 0.0043
2026-03-28 22:56:26 | DEBUG | sivi:base_runner.py:337| eval_kl_ite | Epoch 5410, VI KL to baseline: 0.0217
2026-03-28 22:56:26 | DEBUG | sivi:base_reverse_runner.py:261| eval_kl_ite | Epoch 5410, Reverse Model KL ITE: 0.2131
2026-03-28 22:56:26 | DEBUG | sivi:base_runner.py:347| eval_w2 | Epoch 5410, VI W2 to baseline: 0.1707
2026-03-28 22:56:26 | DEBUG | sivi:base_reverse_runner.py:272| eval_w2 | Epoch 5410, Reverse Model W2: 0.1450
2026-03-28 22:56:26 | DEBUG | sivi:base_runner.py:477| eval_elbo | Epoch 5410, ELBO: 1.3471, Std Total: 11.7584, Std Q: nan, CI Half: 1.0307
2026-03-28 22:56:26 | DEBUG | sivi:base_runner.py:507| eval_ksd | Epoch 5410, VI KSD: 0.0090
2026-03-28 22:56:27 | DEBUG | sivi:base_runner.py:337| eval_kl_ite | Epoch 5420, VI KL to baseline: 0.0414
2026-03-28 22:56:27 | DEBUG | sivi:base_reverse_runner.py:261| eval_kl_ite | Epoch 5420, Reverse Model KL ITE: 0.2132
2026-03-28 22:56:27 | DEBUG | sivi:base_runner.py:347| eval_w2 | Epoch 5420, VI W2 to baseline: 0.1516
2026-03-28 22:56:27 | DEBUG | sivi:base_reverse_runner.py:272| eval_w2 | Epoch 5420, Reverse Model W2: 0.1087
2026-03-28 22:56:27 | DEBUG | sivi:base_runner.py:477| eval_elbo | Epoch 5420, ELBO: 0.6551, Std Total: 6.8507, Std Q: nan, CI Half: 0.6005
2026-03-28 22:56:27 | DEBUG | sivi:base_runner.py:507| eval_ksd | Epoch 5420, VI KSD: 0.0043
2026-03-28 22:56:27 | DEBUG | sivi:base_runner.py:337| eval_kl_ite | Epoch 5430, VI KL to baseline: 0.0233
2026-03-28 22:56:27 | DEBUG | sivi:base_reverse_runner.py:261| eval_kl_ite | Epoch 5430, Reverse Model KL ITE: 0.2416
2026-03-28 22:56:27 | DEBUG | sivi:base_runner.py:347| eval_w2 | Epoch 5430, VI W2 to baseline: 0.1125
2026-03-28 22:56:27 | DEBUG | sivi:base_reverse_runner.py:272| eval_w2 | Epoch 5430, Reverse Model W2: 0.1376
2026-03-28 22:56:27 | DEBUG | sivi:base_runner.py:477| eval_elbo | Epoch 5430, ELBO: 0.6389, Std Total: 5.7986, Std Q: nan, CI Half: 0.5083
2026-03-28 22:56:27 | DEBUG | sivi:base_runner.py:507| eval_ksd | Epoch 5430, VI KSD: 0.0020
2026-03-28 22:56:28 | DEBUG | sivi:base_runner.py:337| eval_kl_ite | Epoch 5440, VI KL to baseline: 0.0326
2026-03-28 22:56:28 | DEBUG | sivi:base_reverse_runner.py:261| eval_kl_ite | Epoch 5440, Reverse Model KL ITE: 0.1808
2026-03-28 22:56:28 | DEBUG | sivi:base_runner.py:347| eval_w2 | Epoch 5440, VI W2 to baseline: 0.1301
2026-03-28 22:56:28 | DEBUG | sivi:base_reverse_runner.py:272| eval_w2 | Epoch 5440, Reverse Model W2: 0.1178
2026-03-28 22:56:28 | DEBUG | sivi:base_runner.py:477| eval_elbo | Epoch 5440, ELBO: 0.8232, Std Total: 7.1581, Std Q: nan, CI Half: 0.6274
2026-03-28 22:56:28 | DEBUG | sivi:base_runner.py:507| eval_ksd | Epoch 5440, VI KSD: 0.0032
2026-03-28 22:56:28 | DEBUG | sivi:base_runner.py:337| eval_kl_ite | Epoch 5450, VI KL to baseline: 0.0454
2026-03-28 22:56:28 | DEBUG | sivi:base_reverse_runner.py:261| eval_kl_ite | Epoch 5450, Reverse Model KL ITE: 0.2475
2026-03-28 22:56:28 | DEBUG | sivi:base_runner.py:347| eval_w2 | Epoch 5450, VI W2 to baseline: 0.1326
2026-03-28 22:56:28 | DEBUG | sivi:base_reverse_runner.py:272| eval_w2 | Epoch 5450, Reverse Model W2: 0.1341
2026-03-28 22:56:28 | DEBUG | sivi:base_runner.py:477| eval_elbo | Epoch 5450, ELBO: 0.9445, Std Total: 7.5186, Std Q: nan, CI Half: 0.6590
2026-03-28 22:56:28 | DEBUG | sivi:base_runner.py:507| eval_ksd | Epoch 5450, VI KSD: 0.0023
2026-03-28 22:56:29 | DEBUG | sivi:base_runner.py:337| eval_kl_ite | Epoch 5460, VI KL to baseline: 0.0357
2026-03-28 22:56:29 | DEBUG | sivi:base_reverse_runner.py:261| eval_kl_ite | Epoch 5460, Reverse Model KL ITE: 0.2307
2026-03-28 22:56:29 | DEBUG | sivi:base_runner.py:347| eval_w2 | Epoch 5460, VI W2 to baseline: 0.1431
2026-03-28 22:56:29 | DEBUG | sivi:base_reverse_runner.py:272| eval_w2 | Epoch 5460, Reverse Model W2: 0.1283
2026-03-28 22:56:29 | DEBUG | sivi:base_runner.py:477| eval_elbo | Epoch 5460, ELBO: 1.3187, Std Total: 10.2875, Std Q: nan, CI Half: 0.9017
2026-03-28 22:56:29 | DEBUG | sivi:base_runner.py:507| eval_ksd | Epoch 5460, VI KSD: 0.0049
2026-03-28 22:56:29 | DEBUG | sivi:base_runner.py:337| eval_kl_ite | Epoch 5470, VI KL to baseline: 0.0436
2026-03-28 22:56:29 | DEBUG | sivi:base_reverse_runner.py:261| eval_kl_ite | Epoch 5470, Reverse Model KL ITE: 0.2524
2026-03-28 22:56:29 | DEBUG | sivi:base_runner.py:347| eval_w2 | Epoch 5470, VI W2 to baseline: 0.1568
2026-03-28 22:56:29 | DEBUG | sivi:base_reverse_runner.py:272| eval_w2 | Epoch 5470, Reverse Model W2: 0.1214
2026-03-28 22:56:29 | DEBUG | sivi:base_runner.py:477| eval_elbo | Epoch 5470, ELBO: 0.7369, Std Total: 5.8077, Std Q: nan, CI Half: 0.5091
2026-03-28 22:56:29 | DEBUG | sivi:base_runner.py:507| eval_ksd | Epoch 5470, VI KSD: 0.0072
2026-03-28 22:56:30 | DEBUG | sivi:base_runner.py:337| eval_kl_ite | Epoch 5480, VI KL to baseline: 0.0257
2026-03-28 22:56:30 | DEBUG | sivi:base_reverse_runner.py:261| eval_kl_ite | Epoch 5480, Reverse Model KL ITE: 0.2160
2026-03-28 22:56:30 | DEBUG | sivi:base_runner.py:347| eval_w2 | Epoch 5480, VI W2 to baseline: 0.1270
2026-03-28 22:56:30 | DEBUG | sivi:base_reverse_runner.py:272| eval_w2 | Epoch 5480, Reverse Model W2: 0.1212
2026-03-28 22:56:30 | DEBUG | sivi:base_runner.py:477| eval_elbo | Epoch 5480, ELBO: 0.4912, Std Total: 4.6106, Std Q: nan, CI Half: 0.4041
2026-03-28 22:56:30 | DEBUG | sivi:base_runner.py:507| eval_ksd | Epoch 5480, VI KSD: 0.0041
2026-03-28 22:56:30 | DEBUG | sivi:base_runner.py:337| eval_kl_ite | Epoch 5490, VI KL to baseline: 0.0379
2026-03-28 22:56:30 | DEBUG | sivi:base_reverse_runner.py:261| eval_kl_ite | Epoch 5490, Reverse Model KL ITE: 0.2443
2026-03-28 22:56:30 | DEBUG | sivi:base_runner.py:347| eval_w2 | Epoch 5490, VI W2 to baseline: 0.1457
2026-03-28 22:56:30 | DEBUG | sivi:base_reverse_runner.py:272| eval_w2 | Epoch 5490, Reverse Model W2: 0.1351
2026-03-28 22:56:30 | DEBUG | sivi:base_runner.py:477| eval_elbo | Epoch 5490, ELBO: 0.8598, Std Total: 7.1321, Std Q: nan, CI Half: 0.6252
2026-03-28 22:56:30 | DEBUG | sivi:base_runner.py:507| eval_ksd | Epoch 5490, VI KSD: 0.0073
2026-03-28 22:56:31 | DEBUG | sivi:base_runner.py:874| learn | Epoch 5500: Avg Loss: 0.0286, Avg Epoch Time: 0.0503s
2026-03-28 22:56:31 | DEBUG | sivi:base_reverse_runner.py:183| _training_rev_log_func | Epoch 5500, Inner epoch 1, Reverse Model Loss: 3.7266, Avg Steps: 1.0000
2026-03-28 22:56:31 | DEBUG | sivi:base_runner.py:588| save_samples | Saved 100000 samples at epoch 5500.
2026-03-28 22:56:31 | DEBUG | sivi:base_runner.py:337| eval_kl_ite | Epoch 5500, VI KL to baseline: 0.0496
2026-03-28 22:56:31 | DEBUG | sivi:base_reverse_runner.py:261| eval_kl_ite | Epoch 5500, Reverse Model KL ITE: 0.2013
2026-03-28 22:56:31 | DEBUG | sivi:base_runner.py:347| eval_w2 | Epoch 5500, VI W2 to baseline: 0.1492
2026-03-28 22:56:31 | DEBUG | sivi:base_reverse_runner.py:272| eval_w2 | Epoch 5500, Reverse Model W2: 0.1217
2026-03-28 22:56:31 | DEBUG | sivi:base_runner.py:477| eval_elbo | Epoch 5500, ELBO: 1.6788, Std Total: 13.7623, Std Q: nan, CI Half: 1.2063
2026-03-28 22:56:31 | DEBUG | sivi:base_runner.py:507| eval_ksd | Epoch 5500, VI KSD: 0.0091
2026-03-28 22:56:31 | DEBUG | sivi:base_runner.py:970| learn | Saved contour plot at epoch 5500.
2026-03-28 22:56:31 | DEBUG | sivi:base_runner.py:337| eval_kl_ite | Epoch 5510, VI KL to baseline: 0.0401
2026-03-28 22:56:31 | DEBUG | sivi:base_reverse_runner.py:261| eval_kl_ite | Epoch 5510, Reverse Model KL ITE: 0.1995
2026-03-28 22:56:31 | DEBUG | sivi:base_runner.py:347| eval_w2 | Epoch 5510, VI W2 to baseline: 0.1812
2026-03-28 22:56:31 | DEBUG | sivi:base_reverse_runner.py:272| eval_w2 | Epoch 5510, Reverse Model W2: 0.1822
2026-03-28 22:56:31 | DEBUG | sivi:base_runner.py:477| eval_elbo | Epoch 5510, ELBO: 1.7688, Std Total: 12.5308, Std Q: nan, CI Half: 1.0984
2026-03-28 22:56:31 | DEBUG | sivi:base_runner.py:507| eval_ksd | Epoch 5510, VI KSD: 0.0031
2026-03-28 22:56:32 | DEBUG | sivi:base_runner.py:337| eval_kl_ite | Epoch 5520, VI KL to baseline: 0.0708
2026-03-28 22:56:32 | DEBUG | sivi:base_reverse_runner.py:261| eval_kl_ite | Epoch 5520, Reverse Model KL ITE: 0.2381
2026-03-28 22:56:32 | DEBUG | sivi:base_runner.py:347| eval_w2 | Epoch 5520, VI W2 to baseline: 0.1419
2026-03-28 22:56:32 | DEBUG | sivi:base_reverse_runner.py:272| eval_w2 | Epoch 5520, Reverse Model W2: 0.1272
2026-03-28 22:56:32 | DEBUG | sivi:base_runner.py:477| eval_elbo | Epoch 5520, ELBO: 0.6418, Std Total: 4.3639, Std Q: nan, CI Half: 0.3825
2026-03-28 22:56:32 | DEBUG | sivi:base_runner.py:507| eval_ksd | Epoch 5520, VI KSD: 0.0069
2026-03-28 22:56:32 | DEBUG | sivi:base_runner.py:337| eval_kl_ite | Epoch 5530, VI KL to baseline: 0.0444
2026-03-28 22:56:32 | DEBUG | sivi:base_reverse_runner.py:261| eval_kl_ite | Epoch 5530, Reverse Model KL ITE: 0.2601
2026-03-28 22:56:32 | DEBUG | sivi:base_runner.py:347| eval_w2 | Epoch 5530, VI W2 to baseline: 0.1330
2026-03-28 22:56:32 | DEBUG | sivi:base_reverse_runner.py:272| eval_w2 | Epoch 5530, Reverse Model W2: 0.1545
2026-03-28 22:56:32 | DEBUG | sivi:base_runner.py:477| eval_elbo | Epoch 5530, ELBO: 1.3891, Std Total: 12.7125, Std Q: nan, CI Half: 1.1143
2026-03-28 22:56:32 | DEBUG | sivi:base_runner.py:507| eval_ksd | Epoch 5530, VI KSD: 0.0119
2026-03-28 22:56:33 | DEBUG | sivi:base_runner.py:337| eval_kl_ite | Epoch 5540, VI KL to baseline: 0.0763
2026-03-28 22:56:33 | DEBUG | sivi:base_reverse_runner.py:261| eval_kl_ite | Epoch 5540, Reverse Model KL ITE: 0.2675
2026-03-28 22:56:33 | DEBUG | sivi:base_runner.py:347| eval_w2 | Epoch 5540, VI W2 to baseline: 0.1445
2026-03-28 22:56:33 | DEBUG | sivi:base_reverse_runner.py:272| eval_w2 | Epoch 5540, Reverse Model W2: 0.1353
2026-03-28 22:56:33 | DEBUG | sivi:base_runner.py:477| eval_elbo | Epoch 5540, ELBO: 1.4919, Std Total: 12.2684, Std Q: nan, CI Half: 1.0754
2026-03-28 22:56:33 | DEBUG | sivi:base_runner.py:507| eval_ksd | Epoch 5540, VI KSD: 0.0105
2026-03-28 22:56:33 | DEBUG | sivi:base_runner.py:337| eval_kl_ite | Epoch 5550, VI KL to baseline: 0.0527
2026-03-28 22:56:33 | DEBUG | sivi:base_reverse_runner.py:261| eval_kl_ite | Epoch 5550, Reverse Model KL ITE: 0.2581
2026-03-28 22:56:33 | DEBUG | sivi:base_runner.py:347| eval_w2 | Epoch 5550, VI W2 to baseline: 0.1608
2026-03-28 22:56:33 | DEBUG | sivi:base_reverse_runner.py:272| eval_w2 | Epoch 5550, Reverse Model W2: 0.1231
2026-03-28 22:56:33 | DEBUG | sivi:base_runner.py:477| eval_elbo | Epoch 5550, ELBO: 0.8643, Std Total: 7.0957, Std Q: nan, CI Half: 0.6220
2026-03-28 22:56:33 | DEBUG | sivi:base_runner.py:507| eval_ksd | Epoch 5550, VI KSD: 0.0053
2026-03-28 22:56:34 | DEBUG | sivi:base_runner.py:337| eval_kl_ite | Epoch 5560, VI KL to baseline: 0.0551
2026-03-28 22:56:34 | DEBUG | sivi:base_reverse_runner.py:261| eval_kl_ite | Epoch 5560, Reverse Model KL ITE: 0.2323
2026-03-28 22:56:34 | DEBUG | sivi:base_runner.py:347| eval_w2 | Epoch 5560, VI W2 to baseline: 0.1832
2026-03-28 22:56:34 | DEBUG | sivi:base_reverse_runner.py:272| eval_w2 | Epoch 5560, Reverse Model W2: 0.1306
2026-03-28 22:56:34 | DEBUG | sivi:base_runner.py:477| eval_elbo | Epoch 5560, ELBO: 1.5171, Std Total: 9.3010, Std Q: nan, CI Half: 0.8153
2026-03-28 22:56:34 | DEBUG | sivi:base_runner.py:507| eval_ksd | Epoch 5560, VI KSD: 0.0045
2026-03-28 22:56:34 | DEBUG | sivi:base_runner.py:337| eval_kl_ite | Epoch 5570, VI KL to baseline: 0.0505
2026-03-28 22:56:34 | DEBUG | sivi:base_reverse_runner.py:261| eval_kl_ite | Epoch 5570, Reverse Model KL ITE: 0.2465
2026-03-28 22:56:34 | DEBUG | sivi:base_runner.py:347| eval_w2 | Epoch 5570, VI W2 to baseline: 0.1435
2026-03-28 22:56:34 | DEBUG | sivi:base_reverse_runner.py:272| eval_w2 | Epoch 5570, Reverse Model W2: 0.1247
2026-03-28 22:56:34 | DEBUG | sivi:base_runner.py:477| eval_elbo | Epoch 5570, ELBO: 1.0916, Std Total: 8.3402, Std Q: nan, CI Half: 0.7310
2026-03-28 22:56:34 | DEBUG | sivi:base_runner.py:507| eval_ksd | Epoch 5570, VI KSD: 0.0050
2026-03-28 22:56:35 | DEBUG | sivi:base_runner.py:337| eval_kl_ite | Epoch 5580, VI KL to baseline: 0.0432
2026-03-28 22:56:35 | DEBUG | sivi:base_reverse_runner.py:261| eval_kl_ite | Epoch 5580, Reverse Model KL ITE: 0.2172
2026-03-28 22:56:35 | DEBUG | sivi:base_runner.py:347| eval_w2 | Epoch 5580, VI W2 to baseline: 0.1885
2026-03-28 22:56:35 | DEBUG | sivi:base_reverse_runner.py:272| eval_w2 | Epoch 5580, Reverse Model W2: 0.1139
2026-03-28 22:56:35 | DEBUG | sivi:base_runner.py:477| eval_elbo | Epoch 5580, ELBO: 1.8543, Std Total: 10.3563, Std Q: nan, CI Half: 0.9078
2026-03-28 22:56:35 | DEBUG | sivi:base_runner.py:507| eval_ksd | Epoch 5580, VI KSD: 0.0041
2026-03-28 22:56:35 | DEBUG | sivi:base_runner.py:337| eval_kl_ite | Epoch 5590, VI KL to baseline: 0.0412
2026-03-28 22:56:35 | DEBUG | sivi:base_reverse_runner.py:261| eval_kl_ite | Epoch 5590, Reverse Model KL ITE: 0.2360
2026-03-28 22:56:35 | DEBUG | sivi:base_runner.py:347| eval_w2 | Epoch 5590, VI W2 to baseline: 0.1558
2026-03-28 22:56:35 | DEBUG | sivi:base_reverse_runner.py:272| eval_w2 | Epoch 5590, Reverse Model W2: 0.1350
2026-03-28 22:56:35 | DEBUG | sivi:base_runner.py:477| eval_elbo | Epoch 5590, ELBO: 0.9972, Std Total: 7.2777, Std Q: nan, CI Half: 0.6379
2026-03-28 22:56:35 | DEBUG | sivi:base_runner.py:507| eval_ksd | Epoch 5590, VI KSD: 0.0028
2026-03-28 22:56:36 | DEBUG | sivi:base_runner.py:874| learn | Epoch 5600: Avg Loss: 0.3352, Avg Epoch Time: 0.0520s
2026-03-28 22:56:36 | DEBUG | sivi:base_runner.py:337| eval_kl_ite | Epoch 5600, VI KL to baseline: 0.0314
2026-03-28 22:56:36 | DEBUG | sivi:base_reverse_runner.py:261| eval_kl_ite | Epoch 5600, Reverse Model KL ITE: 0.2467
2026-03-28 22:56:36 | DEBUG | sivi:base_runner.py:347| eval_w2 | Epoch 5600, VI W2 to baseline: 0.1428
2026-03-28 22:56:36 | DEBUG | sivi:base_reverse_runner.py:272| eval_w2 | Epoch 5600, Reverse Model W2: 0.1336
2026-03-28 22:56:36 | DEBUG | sivi:base_runner.py:477| eval_elbo | Epoch 5600, ELBO: 0.6762, Std Total: 6.8220, Std Q: nan, CI Half: 0.5980
2026-03-28 22:56:36 | DEBUG | sivi:base_runner.py:507| eval_ksd | Epoch 5600, VI KSD: 0.0052
2026-03-28 22:56:36 | DEBUG | sivi:base_runner.py:337| eval_kl_ite | Epoch 5610, VI KL to baseline: 0.0288
2026-03-28 22:56:36 | DEBUG | sivi:base_reverse_runner.py:261| eval_kl_ite | Epoch 5610, Reverse Model KL ITE: 0.2468
2026-03-28 22:56:36 | DEBUG | sivi:base_runner.py:347| eval_w2 | Epoch 5610, VI W2 to baseline: 0.1599
2026-03-28 22:56:36 | DEBUG | sivi:base_reverse_runner.py:272| eval_w2 | Epoch 5610, Reverse Model W2: 0.1408
2026-03-28 22:56:36 | DEBUG | sivi:base_runner.py:477| eval_elbo | Epoch 5610, ELBO: 0.7538, Std Total: 5.9760, Std Q: nan, CI Half: 0.5238
2026-03-28 22:56:36 | DEBUG | sivi:base_runner.py:507| eval_ksd | Epoch 5610, VI KSD: 0.0080
2026-03-28 22:56:37 | DEBUG | sivi:base_runner.py:337| eval_kl_ite | Epoch 5620, VI KL to baseline: 0.0344
2026-03-28 22:56:37 | DEBUG | sivi:base_reverse_runner.py:261| eval_kl_ite | Epoch 5620, Reverse Model KL ITE: 0.2197
2026-03-28 22:56:37 | DEBUG | sivi:base_runner.py:347| eval_w2 | Epoch 5620, VI W2 to baseline: 0.1497
2026-03-28 22:56:37 | DEBUG | sivi:base_reverse_runner.py:272| eval_w2 | Epoch 5620, Reverse Model W2: 0.1136
2026-03-28 22:56:37 | DEBUG | sivi:base_runner.py:477| eval_elbo | Epoch 5620, ELBO: 0.9633, Std Total: 9.2721, Std Q: nan, CI Half: 0.8127
2026-03-28 22:56:37 | DEBUG | sivi:base_runner.py:507| eval_ksd | Epoch 5620, VI KSD: 0.0045
2026-03-28 22:56:37 | DEBUG | sivi:base_runner.py:337| eval_kl_ite | Epoch 5630, VI KL to baseline: 0.0368
2026-03-28 22:56:37 | DEBUG | sivi:base_reverse_runner.py:261| eval_kl_ite | Epoch 5630, Reverse Model KL ITE: 0.2418
2026-03-28 22:56:37 | DEBUG | sivi:base_runner.py:347| eval_w2 | Epoch 5630, VI W2 to baseline: 0.1334
2026-03-28 22:56:37 | DEBUG | sivi:base_reverse_runner.py:272| eval_w2 | Epoch 5630, Reverse Model W2: 0.1416
2026-03-28 22:56:37 | DEBUG | sivi:base_runner.py:477| eval_elbo | Epoch 5630, ELBO: 1.7266, Std Total: 11.6585, Std Q: nan, CI Half: 1.0219
2026-03-28 22:56:37 | DEBUG | sivi:base_runner.py:507| eval_ksd | Epoch 5630, VI KSD: 0.0064
2026-03-28 22:56:38 | DEBUG | sivi:base_runner.py:337| eval_kl_ite | Epoch 5640, VI KL to baseline: 0.0383
2026-03-28 22:56:38 | DEBUG | sivi:base_reverse_runner.py:261| eval_kl_ite | Epoch 5640, Reverse Model KL ITE: 0.2403
2026-03-28 22:56:38 | DEBUG | sivi:base_runner.py:347| eval_w2 | Epoch 5640, VI W2 to baseline: 0.1526
2026-03-28 22:56:38 | DEBUG | sivi:base_reverse_runner.py:272| eval_w2 | Epoch 5640, Reverse Model W2: 0.1313
2026-03-28 22:56:38 | DEBUG | sivi:base_runner.py:477| eval_elbo | Epoch 5640, ELBO: 1.5501, Std Total: 9.8794, Std Q: nan, CI Half: 0.8660
2026-03-28 22:56:38 | DEBUG | sivi:base_runner.py:507| eval_ksd | Epoch 5640, VI KSD: 0.0093
2026-03-28 22:56:39 | DEBUG | sivi:base_runner.py:337| eval_kl_ite | Epoch 5650, VI KL to baseline: 0.0425
2026-03-28 22:56:39 | DEBUG | sivi:base_reverse_runner.py:261| eval_kl_ite | Epoch 5650, Reverse Model KL ITE: 0.2403
2026-03-28 22:56:39 | DEBUG | sivi:base_runner.py:347| eval_w2 | Epoch 5650, VI W2 to baseline: 0.1442
2026-03-28 22:56:39 | DEBUG | sivi:base_reverse_runner.py:272| eval_w2 | Epoch 5650, Reverse Model W2: 0.1205
2026-03-28 22:56:39 | DEBUG | sivi:base_runner.py:477| eval_elbo | Epoch 5650, ELBO: 1.0701, Std Total: 8.4108, Std Q: nan, CI Half: 0.7372
2026-03-28 22:56:39 | DEBUG | sivi:base_runner.py:507| eval_ksd | Epoch 5650, VI KSD: 0.0076
2026-03-28 22:56:39 | DEBUG | sivi:base_runner.py:337| eval_kl_ite | Epoch 5660, VI KL to baseline: 0.0159
2026-03-28 22:56:39 | DEBUG | sivi:base_reverse_runner.py:261| eval_kl_ite | Epoch 5660, Reverse Model KL ITE: 0.2360
2026-03-28 22:56:39 | DEBUG | sivi:base_runner.py:347| eval_w2 | Epoch 5660, VI W2 to baseline: 0.1392
2026-03-28 22:56:39 | DEBUG | sivi:base_reverse_runner.py:272| eval_w2 | Epoch 5660, Reverse Model W2: 0.1242
2026-03-28 22:56:39 | DEBUG | sivi:base_runner.py:477| eval_elbo | Epoch 5660, ELBO: 1.6483, Std Total: 10.3926, Std Q: nan, CI Half: 0.9110
2026-03-28 22:56:39 | DEBUG | sivi:base_runner.py:507| eval_ksd | Epoch 5660, VI KSD: 0.0076
2026-03-28 22:56:40 | DEBUG | sivi:base_runner.py:337| eval_kl_ite | Epoch 5670, VI KL to baseline: 0.0358
2026-03-28 22:56:40 | DEBUG | sivi:base_reverse_runner.py:261| eval_kl_ite | Epoch 5670, Reverse Model KL ITE: 0.2601
2026-03-28 22:56:40 | DEBUG | sivi:base_runner.py:347| eval_w2 | Epoch 5670, VI W2 to baseline: 0.1311
2026-03-28 22:56:40 | DEBUG | sivi:base_reverse_runner.py:272| eval_w2 | Epoch 5670, Reverse Model W2: 0.1147
2026-03-28 22:56:40 | DEBUG | sivi:base_runner.py:477| eval_elbo | Epoch 5670, ELBO: 2.1467, Std Total: 13.3995, Std Q: nan, CI Half: 1.1745
2026-03-28 22:56:40 | DEBUG | sivi:base_runner.py:507| eval_ksd | Epoch 5670, VI KSD: 0.0058
2026-03-28 22:56:40 | DEBUG | sivi:base_runner.py:337| eval_kl_ite | Epoch 5680, VI KL to baseline: 0.0350
2026-03-28 22:56:41 | DEBUG | sivi:base_reverse_runner.py:261| eval_kl_ite | Epoch 5680, Reverse Model KL ITE: 0.2163
2026-03-28 22:56:41 | DEBUG | sivi:base_runner.py:347| eval_w2 | Epoch 5680, VI W2 to baseline: 0.1220
2026-03-28 22:56:41 | DEBUG | sivi:base_reverse_runner.py:272| eval_w2 | Epoch 5680, Reverse Model W2: 0.1356
2026-03-28 22:56:41 | DEBUG | sivi:base_runner.py:477| eval_elbo | Epoch 5680, ELBO: 0.7007, Std Total: 6.1350, Std Q: nan, CI Half: 0.5378
2026-03-28 22:56:41 | DEBUG | sivi:base_runner.py:507| eval_ksd | Epoch 5680, VI KSD: 0.0045
2026-03-28 22:56:41 | DEBUG | sivi:base_runner.py:337| eval_kl_ite | Epoch 5690, VI KL to baseline: -0.0007
2026-03-28 22:56:41 | DEBUG | sivi:base_reverse_runner.py:261| eval_kl_ite | Epoch 5690, Reverse Model KL ITE: 0.2904
2026-03-28 22:56:41 | DEBUG | sivi:base_runner.py:347| eval_w2 | Epoch 5690, VI W2 to baseline: 0.1152
2026-03-28 22:56:41 | DEBUG | sivi:base_reverse_runner.py:272| eval_w2 | Epoch 5690, Reverse Model W2: 0.1796
2026-03-28 22:56:41 | DEBUG | sivi:base_runner.py:477| eval_elbo | Epoch 5690, ELBO: 1.2570, Std Total: 10.0219, Std Q: nan, CI Half: 0.8785
2026-03-28 22:56:41 | DEBUG | sivi:base_runner.py:507| eval_ksd | Epoch 5690, VI KSD: 0.0035
2026-03-28 22:56:41 | DEBUG | sivi:base_runner.py:874| learn | Epoch 5700: Avg Loss: 0.3456, Avg Epoch Time: 0.0567s
2026-03-28 22:56:41 | DEBUG | sivi:base_runner.py:337| eval_kl_ite | Epoch 5700, VI KL to baseline: 0.0212
2026-03-28 22:56:42 | DEBUG | sivi:base_reverse_runner.py:261| eval_kl_ite | Epoch 5700, Reverse Model KL ITE: 0.2726
2026-03-28 22:56:42 | DEBUG | sivi:base_runner.py:347| eval_w2 | Epoch 5700, VI W2 to baseline: 0.1329
2026-03-28 22:56:42 | DEBUG | sivi:base_reverse_runner.py:272| eval_w2 | Epoch 5700, Reverse Model W2: 0.1272
2026-03-28 22:56:42 | DEBUG | sivi:base_runner.py:477| eval_elbo | Epoch 5700, ELBO: 0.6908, Std Total: 5.0121, Std Q: nan, CI Half: 0.4393
2026-03-28 22:56:42 | DEBUG | sivi:base_runner.py:507| eval_ksd | Epoch 5700, VI KSD: 0.0014
2026-03-28 22:56:42 | DEBUG | sivi:base_runner.py:337| eval_kl_ite | Epoch 5710, VI KL to baseline: 0.0226
2026-03-28 22:56:42 | DEBUG | sivi:base_reverse_runner.py:261| eval_kl_ite | Epoch 5710, Reverse Model KL ITE: 0.2623
2026-03-28 22:56:42 | DEBUG | sivi:base_runner.py:347| eval_w2 | Epoch 5710, VI W2 to baseline: 0.1404
2026-03-28 22:56:42 | DEBUG | sivi:base_reverse_runner.py:272| eval_w2 | Epoch 5710, Reverse Model W2: 0.1186
2026-03-28 22:56:42 | DEBUG | sivi:base_runner.py:477| eval_elbo | Epoch 5710, ELBO: 1.3664, Std Total: 9.9084, Std Q: nan, CI Half: 0.8685
2026-03-28 22:56:42 | DEBUG | sivi:base_runner.py:507| eval_ksd | Epoch 5710, VI KSD: 0.0106
2026-03-28 22:56:42 | DEBUG | sivi:base_runner.py:337| eval_kl_ite | Epoch 5720, VI KL to baseline: 0.0325
2026-03-28 22:56:43 | DEBUG | sivi:base_reverse_runner.py:261| eval_kl_ite | Epoch 5720, Reverse Model KL ITE: 0.2598
2026-03-28 22:56:43 | DEBUG | sivi:base_runner.py:347| eval_w2 | Epoch 5720, VI W2 to baseline: 0.1046
2026-03-28 22:56:43 | DEBUG | sivi:base_reverse_runner.py:272| eval_w2 | Epoch 5720, Reverse Model W2: 0.1390
2026-03-28 22:56:43 | DEBUG | sivi:base_runner.py:477| eval_elbo | Epoch 5720, ELBO: 1.0371, Std Total: 10.5550, Std Q: nan, CI Half: 0.9252
2026-03-28 22:56:43 | DEBUG | sivi:base_runner.py:507| eval_ksd | Epoch 5720, VI KSD: 0.0036
2026-03-28 22:56:43 | DEBUG | sivi:base_runner.py:337| eval_kl_ite | Epoch 5730, VI KL to baseline: 0.0298
2026-03-28 22:56:43 | DEBUG | sivi:base_reverse_runner.py:261| eval_kl_ite | Epoch 5730, Reverse Model KL ITE: 0.3080
2026-03-28 22:56:43 | DEBUG | sivi:base_runner.py:347| eval_w2 | Epoch 5730, VI W2 to baseline: 0.1076
2026-03-28 22:56:43 | DEBUG | sivi:base_reverse_runner.py:272| eval_w2 | Epoch 5730, Reverse Model W2: 0.1351
2026-03-28 22:56:43 | DEBUG | sivi:base_runner.py:477| eval_elbo | Epoch 5730, ELBO: 1.7748, Std Total: 12.1646, Std Q: nan, CI Half: 1.0663
2026-03-28 22:56:43 | DEBUG | sivi:base_runner.py:507| eval_ksd | Epoch 5730, VI KSD: 0.0057
2026-03-28 22:56:43 | DEBUG | sivi:base_runner.py:337| eval_kl_ite | Epoch 5740, VI KL to baseline: 0.0200
2026-03-28 22:56:43 | DEBUG | sivi:base_reverse_runner.py:261| eval_kl_ite | Epoch 5740, Reverse Model KL ITE: 0.2541
2026-03-28 22:56:43 | DEBUG | sivi:base_runner.py:347| eval_w2 | Epoch 5740, VI W2 to baseline: 0.1241
2026-03-28 22:56:44 | DEBUG | sivi:base_reverse_runner.py:272| eval_w2 | Epoch 5740, Reverse Model W2: 0.1215
2026-03-28 22:56:44 | DEBUG | sivi:base_runner.py:477| eval_elbo | Epoch 5740, ELBO: 0.8559, Std Total: 6.5672, Std Q: nan, CI Half: 0.5756
2026-03-28 22:56:44 | DEBUG | sivi:base_runner.py:507| eval_ksd | Epoch 5740, VI KSD: 0.0047
2026-03-28 22:56:44 | DEBUG | sivi:base_runner.py:337| eval_kl_ite | Epoch 5750, VI KL to baseline: 0.0173
2026-03-28 22:56:44 | DEBUG | sivi:base_reverse_runner.py:261| eval_kl_ite | Epoch 5750, Reverse Model KL ITE: 0.2731
2026-03-28 22:56:44 | DEBUG | sivi:base_runner.py:347| eval_w2 | Epoch 5750, VI W2 to baseline: 0.1118
2026-03-28 22:56:44 | DEBUG | sivi:base_reverse_runner.py:272| eval_w2 | Epoch 5750, Reverse Model W2: 0.1163
2026-03-28 22:56:44 | DEBUG | sivi:base_runner.py:477| eval_elbo | Epoch 5750, ELBO: 1.9777, Std Total: 13.7652, Std Q: nan, CI Half: 1.2066
2026-03-28 22:56:44 | DEBUG | sivi:base_runner.py:507| eval_ksd | Epoch 5750, VI KSD: 0.0024
2026-03-28 22:56:44 | DEBUG | sivi:base_runner.py:337| eval_kl_ite | Epoch 5760, VI KL to baseline: 0.0087
2026-03-28 22:56:44 | DEBUG | sivi:base_reverse_runner.py:261| eval_kl_ite | Epoch 5760, Reverse Model KL ITE: 0.2653
2026-03-28 22:56:44 | DEBUG | sivi:base_runner.py:347| eval_w2 | Epoch 5760, VI W2 to baseline: 0.0990
2026-03-28 22:56:44 | DEBUG | sivi:base_reverse_runner.py:272| eval_w2 | Epoch 5760, Reverse Model W2: 0.1274
2026-03-28 22:56:44 | DEBUG | sivi:base_runner.py:477| eval_elbo | Epoch 5760, ELBO: 1.9179, Std Total: 12.5443, Std Q: nan, CI Half: 1.0996
2026-03-28 22:56:44 | DEBUG | sivi:base_runner.py:507| eval_ksd | Epoch 5760, VI KSD: 0.0027
2026-03-28 22:56:45 | DEBUG | sivi:base_runner.py:337| eval_kl_ite | Epoch 5770, VI KL to baseline: 0.0309
2026-03-28 22:56:45 | DEBUG | sivi:base_reverse_runner.py:261| eval_kl_ite | Epoch 5770, Reverse Model KL ITE: 0.2426
2026-03-28 22:56:45 | DEBUG | sivi:base_runner.py:347| eval_w2 | Epoch 5770, VI W2 to baseline: 0.1119
2026-03-28 22:56:45 | DEBUG | sivi:base_reverse_runner.py:272| eval_w2 | Epoch 5770, Reverse Model W2: 0.1289
2026-03-28 22:56:45 | DEBUG | sivi:base_runner.py:477| eval_elbo | Epoch 5770, ELBO: 1.3612, Std Total: 10.4069, Std Q: nan, CI Half: 0.9122
2026-03-28 22:56:45 | DEBUG | sivi:base_runner.py:507| eval_ksd | Epoch 5770, VI KSD: 0.0010
2026-03-28 22:56:45 | DEBUG | sivi:base_runner.py:337| eval_kl_ite | Epoch 5780, VI KL to baseline: 0.0175
2026-03-28 22:56:45 | DEBUG | sivi:base_reverse_runner.py:261| eval_kl_ite | Epoch 5780, Reverse Model KL ITE: 0.2521
2026-03-28 22:56:45 | DEBUG | sivi:base_runner.py:347| eval_w2 | Epoch 5780, VI W2 to baseline: 0.1317
2026-03-28 22:56:45 | DEBUG | sivi:base_reverse_runner.py:272| eval_w2 | Epoch 5780, Reverse Model W2: 0.1446
2026-03-28 22:56:45 | DEBUG | sivi:base_runner.py:477| eval_elbo | Epoch 5780, ELBO: 0.9500, Std Total: 6.5460, Std Q: nan, CI Half: 0.5738
2026-03-28 22:56:45 | DEBUG | sivi:base_runner.py:507| eval_ksd | Epoch 5780, VI KSD: 0.0043
2026-03-28 22:56:46 | DEBUG | sivi:base_runner.py:337| eval_kl_ite | Epoch 5790, VI KL to baseline: 0.0260
2026-03-28 22:56:46 | DEBUG | sivi:base_reverse_runner.py:261| eval_kl_ite | Epoch 5790, Reverse Model KL ITE: 0.2181
2026-03-28 22:56:46 | DEBUG | sivi:base_runner.py:347| eval_w2 | Epoch 5790, VI W2 to baseline: 0.1224
2026-03-28 22:56:46 | DEBUG | sivi:base_reverse_runner.py:272| eval_w2 | Epoch 5790, Reverse Model W2: 0.1045
2026-03-28 22:56:46 | DEBUG | sivi:base_runner.py:477| eval_elbo | Epoch 5790, ELBO: 0.8935, Std Total: 6.9966, Std Q: nan, CI Half: 0.6133
2026-03-28 22:56:46 | DEBUG | sivi:base_runner.py:507| eval_ksd | Epoch 5790, VI KSD: 0.0037
2026-03-28 22:56:46 | DEBUG | sivi:base_runner.py:874| learn | Epoch 5800: Avg Loss: -0.2577, Avg Epoch Time: 0.0483s
2026-03-28 22:56:46 | DEBUG | sivi:base_runner.py:337| eval_kl_ite | Epoch 5800, VI KL to baseline: 0.0479
2026-03-28 22:56:46 | DEBUG | sivi:base_reverse_runner.py:261| eval_kl_ite | Epoch 5800, Reverse Model KL ITE: 0.2572
2026-03-28 22:56:46 | DEBUG | sivi:base_runner.py:347| eval_w2 | Epoch 5800, VI W2 to baseline: 0.1170
2026-03-28 22:56:46 | DEBUG | sivi:base_reverse_runner.py:272| eval_w2 | Epoch 5800, Reverse Model W2: 0.1195
2026-03-28 22:56:46 | DEBUG | sivi:base_runner.py:477| eval_elbo | Epoch 5800, ELBO: 2.1347, Std Total: 15.0439, Std Q: nan, CI Half: 1.3187
2026-03-28 22:56:46 | DEBUG | sivi:base_runner.py:507| eval_ksd | Epoch 5800, VI KSD: 0.0023
2026-03-28 22:56:47 | DEBUG | sivi:base_runner.py:337| eval_kl_ite | Epoch 5810, VI KL to baseline: 0.0168
2026-03-28 22:56:47 | DEBUG | sivi:base_reverse_runner.py:261| eval_kl_ite | Epoch 5810, Reverse Model KL ITE: 0.2248
2026-03-28 22:56:47 | DEBUG | sivi:base_runner.py:347| eval_w2 | Epoch 5810, VI W2 to baseline: 0.1317
2026-03-28 22:56:47 | DEBUG | sivi:base_reverse_runner.py:272| eval_w2 | Epoch 5810, Reverse Model W2: 0.1281
2026-03-28 22:56:47 | DEBUG | sivi:base_runner.py:477| eval_elbo | Epoch 5810, ELBO: 1.0445, Std Total: 8.8827, Std Q: nan, CI Half: 0.7786
2026-03-28 22:56:47 | DEBUG | sivi:base_runner.py:507| eval_ksd | Epoch 5810, VI KSD: 0.0032
2026-03-28 22:56:47 | DEBUG | sivi:base_runner.py:337| eval_kl_ite | Epoch 5820, VI KL to baseline: 0.0126
2026-03-28 22:56:47 | DEBUG | sivi:base_reverse_runner.py:261| eval_kl_ite | Epoch 5820, Reverse Model KL ITE: 0.2343
2026-03-28 22:56:47 | DEBUG | sivi:base_runner.py:347| eval_w2 | Epoch 5820, VI W2 to baseline: 0.1222
2026-03-28 22:56:47 | DEBUG | sivi:base_reverse_runner.py:272| eval_w2 | Epoch 5820, Reverse Model W2: 0.1247
2026-03-28 22:56:47 | DEBUG | sivi:base_runner.py:477| eval_elbo | Epoch 5820, ELBO: 1.2898, Std Total: 10.0414, Std Q: nan, CI Half: 0.8802
2026-03-28 22:56:47 | DEBUG | sivi:base_runner.py:507| eval_ksd | Epoch 5820, VI KSD: 0.0048
2026-03-28 22:56:48 | DEBUG | sivi:base_runner.py:337| eval_kl_ite | Epoch 5830, VI KL to baseline: 0.0303
2026-03-28 22:56:48 | DEBUG | sivi:base_reverse_runner.py:261| eval_kl_ite | Epoch 5830, Reverse Model KL ITE: 0.2291
2026-03-28 22:56:48 | DEBUG | sivi:base_runner.py:347| eval_w2 | Epoch 5830, VI W2 to baseline: 0.1400
2026-03-28 22:56:48 | DEBUG | sivi:base_reverse_runner.py:272| eval_w2 | Epoch 5830, Reverse Model W2: 0.1297
2026-03-28 22:56:48 | DEBUG | sivi:base_runner.py:477| eval_elbo | Epoch 5830, ELBO: 1.1159, Std Total: 8.0793, Std Q: nan, CI Half: 0.7082
2026-03-28 22:56:48 | DEBUG | sivi:base_runner.py:507| eval_ksd | Epoch 5830, VI KSD: 0.0029
2026-03-28 22:56:48 | DEBUG | sivi:base_runner.py:337| eval_kl_ite | Epoch 5840, VI KL to baseline: 0.0248
2026-03-28 22:56:48 | DEBUG | sivi:base_reverse_runner.py:261| eval_kl_ite | Epoch 5840, Reverse Model KL ITE: 0.2419
2026-03-28 22:56:48 | DEBUG | sivi:base_runner.py:347| eval_w2 | Epoch 5840, VI W2 to baseline: 0.1290
2026-03-28 22:56:48 | DEBUG | sivi:base_reverse_runner.py:272| eval_w2 | Epoch 5840, Reverse Model W2: 0.1190
2026-03-28 22:56:48 | DEBUG | sivi:base_runner.py:477| eval_elbo | Epoch 5840, ELBO: 1.9154, Std Total: 12.1821, Std Q: nan, CI Half: 1.0678
2026-03-28 22:56:48 | DEBUG | sivi:base_runner.py:507| eval_ksd | Epoch 5840, VI KSD: 0.0037
2026-03-28 22:56:49 | DEBUG | sivi:base_runner.py:337| eval_kl_ite | Epoch 5850, VI KL to baseline: 0.0220
2026-03-28 22:56:49 | DEBUG | sivi:base_reverse_runner.py:261| eval_kl_ite | Epoch 5850, Reverse Model KL ITE: 0.2233
2026-03-28 22:56:49 | DEBUG | sivi:base_runner.py:347| eval_w2 | Epoch 5850, VI W2 to baseline: 0.1122
2026-03-28 22:56:49 | DEBUG | sivi:base_reverse_runner.py:272| eval_w2 | Epoch 5850, Reverse Model W2: 0.1902
2026-03-28 22:56:49 | DEBUG | sivi:base_runner.py:477| eval_elbo | Epoch 5850, ELBO: 0.8303, Std Total: 7.6910, Std Q: nan, CI Half: 0.6741
2026-03-28 22:56:49 | DEBUG | sivi:base_runner.py:507| eval_ksd | Epoch 5850, VI KSD: 0.0045
2026-03-28 22:56:49 | DEBUG | sivi:base_runner.py:337| eval_kl_ite | Epoch 5860, VI KL to baseline: 0.0361
2026-03-28 22:56:49 | DEBUG | sivi:base_reverse_runner.py:261| eval_kl_ite | Epoch 5860, Reverse Model KL ITE: 0.2435
2026-03-28 22:56:49 | DEBUG | sivi:base_runner.py:347| eval_w2 | Epoch 5860, VI W2 to baseline: 0.1459
2026-03-28 22:56:49 | DEBUG | sivi:base_reverse_runner.py:272| eval_w2 | Epoch 5860, Reverse Model W2: 0.1163
2026-03-28 22:56:49 | DEBUG | sivi:base_runner.py:477| eval_elbo | Epoch 5860, ELBO: 1.3112, Std Total: 10.2023, Std Q: nan, CI Half: 0.8943
2026-03-28 22:56:49 | DEBUG | sivi:base_runner.py:507| eval_ksd | Epoch 5860, VI KSD: 0.0032
2026-03-28 22:56:50 | DEBUG | sivi:base_runner.py:337| eval_kl_ite | Epoch 5870, VI KL to baseline: 0.0162
2026-03-28 22:56:50 | DEBUG | sivi:base_reverse_runner.py:261| eval_kl_ite | Epoch 5870, Reverse Model KL ITE: 0.2589
2026-03-28 22:56:50 | DEBUG | sivi:base_runner.py:347| eval_w2 | Epoch 5870, VI W2 to baseline: 0.1296
2026-03-28 22:56:50 | DEBUG | sivi:base_reverse_runner.py:272| eval_w2 | Epoch 5870, Reverse Model W2: 0.1301
2026-03-28 22:56:50 | DEBUG | sivi:base_runner.py:477| eval_elbo | Epoch 5870, ELBO: 1.9524, Std Total: 12.7014, Std Q: nan, CI Half: 1.1133
2026-03-28 22:56:50 | DEBUG | sivi:base_runner.py:507| eval_ksd | Epoch 5870, VI KSD: 0.0028
2026-03-28 22:56:50 | DEBUG | sivi:base_runner.py:337| eval_kl_ite | Epoch 5880, VI KL to baseline: 0.0225
2026-03-28 22:56:50 | DEBUG | sivi:base_reverse_runner.py:261| eval_kl_ite | Epoch 5880, Reverse Model KL ITE: 0.2476
2026-03-28 22:56:50 | DEBUG | sivi:base_runner.py:347| eval_w2 | Epoch 5880, VI W2 to baseline: 0.1065
2026-03-28 22:56:50 | DEBUG | sivi:base_reverse_runner.py:272| eval_w2 | Epoch 5880, Reverse Model W2: 0.1266
2026-03-28 22:56:50 | DEBUG | sivi:base_runner.py:477| eval_elbo | Epoch 5880, ELBO: 0.9792, Std Total: 8.2611, Std Q: nan, CI Half: 0.7241
2026-03-28 22:56:50 | DEBUG | sivi:base_runner.py:507| eval_ksd | Epoch 5880, VI KSD: 0.0028
2026-03-28 22:56:51 | DEBUG | sivi:base_runner.py:337| eval_kl_ite | Epoch 5890, VI KL to baseline: 0.0180
2026-03-28 22:56:51 | DEBUG | sivi:base_reverse_runner.py:261| eval_kl_ite | Epoch 5890, Reverse Model KL ITE: 0.2617
2026-03-28 22:56:51 | DEBUG | sivi:base_runner.py:347| eval_w2 | Epoch 5890, VI W2 to baseline: 0.1187
2026-03-28 22:56:51 | DEBUG | sivi:base_reverse_runner.py:272| eval_w2 | Epoch 5890, Reverse Model W2: 0.1185
2026-03-28 22:56:51 | DEBUG | sivi:base_runner.py:477| eval_elbo | Epoch 5890, ELBO: 1.1922, Std Total: 8.4593, Std Q: nan, CI Half: 0.7415
2026-03-28 22:56:51 | DEBUG | sivi:base_runner.py:507| eval_ksd | Epoch 5890, VI KSD: 0.0026
2026-03-28 22:56:51 | DEBUG | sivi:base_runner.py:874| learn | Epoch 5900: Avg Loss: 0.0797, Avg Epoch Time: 0.0493s
2026-03-28 22:56:51 | DEBUG | sivi:base_runner.py:337| eval_kl_ite | Epoch 5900, VI KL to baseline: 0.0243
2026-03-28 22:56:51 | DEBUG | sivi:base_reverse_runner.py:261| eval_kl_ite | Epoch 5900, Reverse Model KL ITE: 0.2579
2026-03-28 22:56:51 | DEBUG | sivi:base_runner.py:347| eval_w2 | Epoch 5900, VI W2 to baseline: 0.1209
2026-03-28 22:56:51 | DEBUG | sivi:base_reverse_runner.py:272| eval_w2 | Epoch 5900, Reverse Model W2: 0.1235
2026-03-28 22:56:51 | DEBUG | sivi:base_runner.py:477| eval_elbo | Epoch 5900, ELBO: 0.9169, Std Total: 8.0048, Std Q: nan, CI Half: 0.7016
2026-03-28 22:56:51 | DEBUG | sivi:base_runner.py:507| eval_ksd | Epoch 5900, VI KSD: 0.0025
2026-03-28 22:56:52 | DEBUG | sivi:base_runner.py:337| eval_kl_ite | Epoch 5910, VI KL to baseline: 0.0291
2026-03-28 22:56:52 | DEBUG | sivi:base_reverse_runner.py:261| eval_kl_ite | Epoch 5910, Reverse Model KL ITE: 0.2659
2026-03-28 22:56:52 | DEBUG | sivi:base_runner.py:347| eval_w2 | Epoch 5910, VI W2 to baseline: 0.1277
2026-03-28 22:56:52 | DEBUG | sivi:base_reverse_runner.py:272| eval_w2 | Epoch 5910, Reverse Model W2: 0.1262
2026-03-28 22:56:52 | DEBUG | sivi:base_runner.py:477| eval_elbo | Epoch 5910, ELBO: 1.0611, Std Total: 8.3874, Std Q: nan, CI Half: 0.7352
2026-03-28 22:56:52 | DEBUG | sivi:base_runner.py:507| eval_ksd | Epoch 5910, VI KSD: 0.0012
2026-03-28 22:56:52 | DEBUG | sivi:base_runner.py:337| eval_kl_ite | Epoch 5920, VI KL to baseline: 0.0268
2026-03-28 22:56:52 | DEBUG | sivi:base_reverse_runner.py:261| eval_kl_ite | Epoch 5920, Reverse Model KL ITE: 0.2708
2026-03-28 22:56:52 | DEBUG | sivi:base_runner.py:347| eval_w2 | Epoch 5920, VI W2 to baseline: 0.1288
2026-03-28 22:56:52 | DEBUG | sivi:base_reverse_runner.py:272| eval_w2 | Epoch 5920, Reverse Model W2: 0.1195
2026-03-28 22:56:52 | DEBUG | sivi:base_runner.py:477| eval_elbo | Epoch 5920, ELBO: 1.1723, Std Total: 10.3651, Std Q: nan, CI Half: 0.9085
2026-03-28 22:56:52 | DEBUG | sivi:base_runner.py:507| eval_ksd | Epoch 5920, VI KSD: 0.0013
2026-03-28 22:56:53 | DEBUG | sivi:base_runner.py:337| eval_kl_ite | Epoch 5930, VI KL to baseline: 0.0235
2026-03-28 22:56:53 | DEBUG | sivi:base_reverse_runner.py:261| eval_kl_ite | Epoch 5930, Reverse Model KL ITE: 0.2609
2026-03-28 22:56:53 | DEBUG | sivi:base_runner.py:347| eval_w2 | Epoch 5930, VI W2 to baseline: 0.1257
2026-03-28 22:56:53 | DEBUG | sivi:base_reverse_runner.py:272| eval_w2 | Epoch 5930, Reverse Model W2: 0.1184
2026-03-28 22:56:53 | DEBUG | sivi:base_runner.py:477| eval_elbo | Epoch 5930, ELBO: 1.2754, Std Total: 9.4764, Std Q: nan, CI Half: 0.8306
2026-03-28 22:56:53 | DEBUG | sivi:base_runner.py:507| eval_ksd | Epoch 5930, VI KSD: 0.0041
2026-03-28 22:56:53 | DEBUG | sivi:base_runner.py:337| eval_kl_ite | Epoch 5940, VI KL to baseline: 0.0171
2026-03-28 22:56:53 | DEBUG | sivi:base_reverse_runner.py:261| eval_kl_ite | Epoch 5940, Reverse Model KL ITE: 0.2480
2026-03-28 22:56:54 | DEBUG | sivi:base_runner.py:347| eval_w2 | Epoch 5940, VI W2 to baseline: 0.1025
2026-03-28 22:56:54 | DEBUG | sivi:base_reverse_runner.py:272| eval_w2 | Epoch 5940, Reverse Model W2: 0.1183
2026-03-28 22:56:54 | DEBUG | sivi:base_runner.py:477| eval_elbo | Epoch 5940, ELBO: 1.0322, Std Total: 8.9522, Std Q: nan, CI Half: 0.7847
2026-03-28 22:56:54 | DEBUG | sivi:base_runner.py:507| eval_ksd | Epoch 5940, VI KSD: 0.0045
2026-03-28 22:56:54 | DEBUG | sivi:base_runner.py:337| eval_kl_ite | Epoch 5950, VI KL to baseline: 0.0399
2026-03-28 22:56:54 | DEBUG | sivi:base_reverse_runner.py:261| eval_kl_ite | Epoch 5950, Reverse Model KL ITE: 0.2261
2026-03-28 22:56:54 | DEBUG | sivi:base_runner.py:347| eval_w2 | Epoch 5950, VI W2 to baseline: 0.1267
2026-03-28 22:56:54 | DEBUG | sivi:base_reverse_runner.py:272| eval_w2 | Epoch 5950, Reverse Model W2: 0.1208
2026-03-28 22:56:54 | DEBUG | sivi:base_runner.py:477| eval_elbo | Epoch 5950, ELBO: 0.6747, Std Total: 5.9802, Std Q: nan, CI Half: 0.5242
2026-03-28 22:56:54 | DEBUG | sivi:base_runner.py:507| eval_ksd | Epoch 5950, VI KSD: 0.0013
2026-03-28 22:56:54 | DEBUG | sivi:base_runner.py:337| eval_kl_ite | Epoch 5960, VI KL to baseline: 0.0250
2026-03-28 22:56:54 | DEBUG | sivi:base_reverse_runner.py:261| eval_kl_ite | Epoch 5960, Reverse Model KL ITE: 0.2648
2026-03-28 22:56:55 | DEBUG | sivi:base_runner.py:347| eval_w2 | Epoch 5960, VI W2 to baseline: 0.1122
2026-03-28 22:56:55 | DEBUG | sivi:base_reverse_runner.py:272| eval_w2 | Epoch 5960, Reverse Model W2: 0.1372
2026-03-28 22:56:55 | DEBUG | sivi:base_runner.py:477| eval_elbo | Epoch 5960, ELBO: 1.2662, Std Total: 8.3112, Std Q: nan, CI Half: 0.7285
2026-03-28 22:56:55 | DEBUG | sivi:base_runner.py:507| eval_ksd | Epoch 5960, VI KSD: 0.0039
2026-03-28 22:56:55 | DEBUG | sivi:base_runner.py:337| eval_kl_ite | Epoch 5970, VI KL to baseline: 0.0345
2026-03-28 22:56:55 | DEBUG | sivi:base_reverse_runner.py:261| eval_kl_ite | Epoch 5970, Reverse Model KL ITE: 0.2966
2026-03-28 22:56:55 | DEBUG | sivi:base_runner.py:347| eval_w2 | Epoch 5970, VI W2 to baseline: 0.1347
2026-03-28 22:56:55 | DEBUG | sivi:base_reverse_runner.py:272| eval_w2 | Epoch 5970, Reverse Model W2: 0.1152
2026-03-28 22:56:55 | DEBUG | sivi:base_runner.py:477| eval_elbo | Epoch 5970, ELBO: 1.2208, Std Total: 8.6900, Std Q: nan, CI Half: 0.7617
2026-03-28 22:56:55 | DEBUG | sivi:base_runner.py:507| eval_ksd | Epoch 5970, VI KSD: 0.0037
2026-03-28 22:56:56 | DEBUG | sivi:base_runner.py:337| eval_kl_ite | Epoch 5980, VI KL to baseline: 0.0214
2026-03-28 22:56:56 | DEBUG | sivi:base_reverse_runner.py:261| eval_kl_ite | Epoch 5980, Reverse Model KL ITE: 0.2418
2026-03-28 22:56:56 | DEBUG | sivi:base_runner.py:347| eval_w2 | Epoch 5980, VI W2 to baseline: 0.1294
2026-03-28 22:56:56 | DEBUG | sivi:base_reverse_runner.py:272| eval_w2 | Epoch 5980, Reverse Model W2: 0.1144
2026-03-28 22:56:56 | DEBUG | sivi:base_runner.py:477| eval_elbo | Epoch 5980, ELBO: 0.9660, Std Total: 7.7978, Std Q: nan, CI Half: 0.6835
2026-03-28 22:56:56 | DEBUG | sivi:base_runner.py:507| eval_ksd | Epoch 5980, VI KSD: 0.0018
2026-03-28 22:56:56 | DEBUG | sivi:base_runner.py:337| eval_kl_ite | Epoch 5990, VI KL to baseline: 0.0514
2026-03-28 22:56:56 | DEBUG | sivi:base_reverse_runner.py:261| eval_kl_ite | Epoch 5990, Reverse Model KL ITE: 0.2536
2026-03-28 22:56:56 | DEBUG | sivi:base_runner.py:347| eval_w2 | Epoch 5990, VI W2 to baseline: 0.1158
2026-03-28 22:56:56 | DEBUG | sivi:base_reverse_runner.py:272| eval_w2 | Epoch 5990, Reverse Model W2: 0.1376
2026-03-28 22:56:56 | DEBUG | sivi:base_runner.py:477| eval_elbo | Epoch 5990, ELBO: 0.9791, Std Total: 7.5773, Std Q: nan, CI Half: 0.6642
2026-03-28 22:56:56 | DEBUG | sivi:base_runner.py:507| eval_ksd | Epoch 5990, VI KSD: 0.0043
2026-03-28 22:56:57 | DEBUG | sivi:base_runner.py:874| learn | Epoch 6000: Avg Loss: 0.1383, Avg Epoch Time: 0.0554s
2026-03-28 22:56:57 | DEBUG | sivi:base_reverse_runner.py:183| _training_rev_log_func | Epoch 6000, Inner epoch 1, Reverse Model Loss: 3.7521, Avg Steps: 1.0000
2026-03-28 22:56:57 | DEBUG | sivi:base_runner.py:588| save_samples | Saved 100000 samples at epoch 6000.
2026-03-28 22:56:57 | DEBUG | sivi:base_runner.py:607| save_checkpoint | Saved VIModel checkpoints at epoch 6000 to results/AISIVI/x_shaped/20260328_225057/checkpoints/epoch_6000.
2026-03-28 22:56:57 | DEBUG | sivi:base_reverse_runner.py:476| save_checkpoint | Saved reverse checkpoints at epoch 6000 to results/AISIVI/x_shaped/20260328_225057/checkpoints/epoch_6000.
2026-03-28 22:56:57 | DEBUG | sivi:base_runner.py:337| eval_kl_ite | Epoch 6000, VI KL to baseline: 0.0150
2026-03-28 22:56:57 | DEBUG | sivi:base_reverse_runner.py:261| eval_kl_ite | Epoch 6000, Reverse Model KL ITE: 0.2474
2026-03-28 22:56:57 | DEBUG | sivi:base_runner.py:347| eval_w2 | Epoch 6000, VI W2 to baseline: 0.1277
2026-03-28 22:56:57 | DEBUG | sivi:base_reverse_runner.py:272| eval_w2 | Epoch 6000, Reverse Model W2: 0.1171
2026-03-28 22:56:57 | DEBUG | sivi:base_runner.py:477| eval_elbo | Epoch 6000, ELBO: 1.3935, Std Total: 9.0876, Std Q: nan, CI Half: 0.7966
2026-03-28 22:56:57 | DEBUG | sivi:base_runner.py:507| eval_ksd | Epoch 6000, VI KSD: 0.0031
2026-03-28 22:56:57 | DEBUG | sivi:base_runner.py:970| learn | Saved contour plot at epoch 6000.
2026-03-28 22:56:57 | DEBUG | sivi:base_runner.py:337| eval_kl_ite | Epoch 6010, VI KL to baseline: 0.0207
2026-03-28 22:56:58 | DEBUG | sivi:base_reverse_runner.py:261| eval_kl_ite | Epoch 6010, Reverse Model KL ITE: 0.2710
2026-03-28 22:56:58 | DEBUG | sivi:base_runner.py:347| eval_w2 | Epoch 6010, VI W2 to baseline: 0.1407
2026-03-28 22:56:58 | DEBUG | sivi:base_reverse_runner.py:272| eval_w2 | Epoch 6010, Reverse Model W2: 0.1119
2026-03-28 22:56:58 | DEBUG | sivi:base_runner.py:477| eval_elbo | Epoch 6010, ELBO: 0.5572, Std Total: 3.6294, Std Q: nan, CI Half: 0.3181
2026-03-28 22:56:58 | DEBUG | sivi:base_runner.py:507| eval_ksd | Epoch 6010, VI KSD: 0.0021
2026-03-28 22:56:58 | DEBUG | sivi:base_runner.py:337| eval_kl_ite | Epoch 6020, VI KL to baseline: 0.0267
2026-03-28 22:56:58 | DEBUG | sivi:base_reverse_runner.py:261| eval_kl_ite | Epoch 6020, Reverse Model KL ITE: 0.2480
2026-03-28 22:56:58 | DEBUG | sivi:base_runner.py:347| eval_w2 | Epoch 6020, VI W2 to baseline: 0.1290
2026-03-28 22:56:58 | DEBUG | sivi:base_reverse_runner.py:272| eval_w2 | Epoch 6020, Reverse Model W2: 0.1196
2026-03-28 22:56:58 | DEBUG | sivi:base_runner.py:477| eval_elbo | Epoch 6020, ELBO: 1.1620, Std Total: 9.5307, Std Q: nan, CI Half: 0.8354
2026-03-28 22:56:58 | DEBUG | sivi:base_runner.py:507| eval_ksd | Epoch 6020, VI KSD: 0.0037
2026-03-28 22:56:59 | DEBUG | sivi:base_runner.py:337| eval_kl_ite | Epoch 6030, VI KL to baseline: 0.0151
2026-03-28 22:56:59 | DEBUG | sivi:base_reverse_runner.py:261| eval_kl_ite | Epoch 6030, Reverse Model KL ITE: 0.2767
2026-03-28 22:56:59 | DEBUG | sivi:base_runner.py:347| eval_w2 | Epoch 6030, VI W2 to baseline: 0.1080
2026-03-28 22:56:59 | DEBUG | sivi:base_reverse_runner.py:272| eval_w2 | Epoch 6030, Reverse Model W2: 0.1205
2026-03-28 22:56:59 | DEBUG | sivi:base_runner.py:477| eval_elbo | Epoch 6030, ELBO: 1.2986, Std Total: 10.8585, Std Q: nan, CI Half: 0.9518
2026-03-28 22:56:59 | DEBUG | sivi:base_runner.py:507| eval_ksd | Epoch 6030, VI KSD: 0.0007
2026-03-28 22:56:59 | DEBUG | sivi:base_runner.py:337| eval_kl_ite | Epoch 6040, VI KL to baseline: 0.0179
2026-03-28 22:56:59 | DEBUG | sivi:base_reverse_runner.py:261| eval_kl_ite | Epoch 6040, Reverse Model KL ITE: 0.2479
2026-03-28 22:56:59 | DEBUG | sivi:base_runner.py:347| eval_w2 | Epoch 6040, VI W2 to baseline: 0.1224
2026-03-28 22:56:59 | DEBUG | sivi:base_reverse_runner.py:272| eval_w2 | Epoch 6040, Reverse Model W2: 0.1172
2026-03-28 22:56:59 | DEBUG | sivi:base_runner.py:477| eval_elbo | Epoch 6040, ELBO: 0.9052, Std Total: 6.5882, Std Q: nan, CI Half: 0.5775
2026-03-28 22:56:59 | DEBUG | sivi:base_runner.py:507| eval_ksd | Epoch 6040, VI KSD: 0.0016
2026-03-28 22:57:00 | DEBUG | sivi:base_runner.py:337| eval_kl_ite | Epoch 6050, VI KL to baseline: 0.0278
2026-03-28 22:57:00 | DEBUG | sivi:base_reverse_runner.py:261| eval_kl_ite | Epoch 6050, Reverse Model KL ITE: 0.2847
2026-03-28 22:57:00 | DEBUG | sivi:base_runner.py:347| eval_w2 | Epoch 6050, VI W2 to baseline: 0.1060
2026-03-28 22:57:00 | DEBUG | sivi:base_reverse_runner.py:272| eval_w2 | Epoch 6050, Reverse Model W2: 0.1182
2026-03-28 22:57:00 | DEBUG | sivi:base_runner.py:477| eval_elbo | Epoch 6050, ELBO: 1.6488, Std Total: 10.9848, Std Q: nan, CI Half: 0.9629
2026-03-28 22:57:00 | DEBUG | sivi:base_runner.py:507| eval_ksd | Epoch 6050, VI KSD: 0.0034
2026-03-28 22:57:01 | DEBUG | sivi:base_runner.py:337| eval_kl_ite | Epoch 6060, VI KL to baseline: 0.0260
2026-03-28 22:57:01 | DEBUG | sivi:base_reverse_runner.py:261| eval_kl_ite | Epoch 6060, Reverse Model KL ITE: 0.2923
2026-03-28 22:57:01 | DEBUG | sivi:base_runner.py:347| eval_w2 | Epoch 6060, VI W2 to baseline: 0.1190
2026-03-28 22:57:01 | DEBUG | sivi:base_reverse_runner.py:272| eval_w2 | Epoch 6060, Reverse Model W2: 0.1197
2026-03-28 22:57:01 | DEBUG | sivi:base_runner.py:477| eval_elbo | Epoch 6060, ELBO: 0.4993, Std Total: 4.6242, Std Q: nan, CI Half: 0.4053
2026-03-28 22:57:01 | DEBUG | sivi:base_runner.py:507| eval_ksd | Epoch 6060, VI KSD: 0.0012
2026-03-28 22:57:01 | DEBUG | sivi:base_runner.py:337| eval_kl_ite | Epoch 6070, VI KL to baseline: 0.0294
2026-03-28 22:57:01 | DEBUG | sivi:base_reverse_runner.py:261| eval_kl_ite | Epoch 6070, Reverse Model KL ITE: 0.3106
2026-03-28 22:57:01 | DEBUG | sivi:base_runner.py:347| eval_w2 | Epoch 6070, VI W2 to baseline: 0.1254
2026-03-28 22:57:01 | DEBUG | sivi:base_reverse_runner.py:272| eval_w2 | Epoch 6070, Reverse Model W2: 0.1186
2026-03-28 22:57:01 | DEBUG | sivi:base_runner.py:477| eval_elbo | Epoch 6070, ELBO: 0.5438, Std Total: 5.1231, Std Q: nan, CI Half: 0.4491
2026-03-28 22:57:01 | DEBUG | sivi:base_runner.py:507| eval_ksd | Epoch 6070, VI KSD: -0.0004
2026-03-28 22:57:02 | DEBUG | sivi:base_runner.py:337| eval_kl_ite | Epoch 6080, VI KL to baseline: 0.0161
2026-03-28 22:57:02 | DEBUG | sivi:base_reverse_runner.py:261| eval_kl_ite | Epoch 6080, Reverse Model KL ITE: 0.3011
2026-03-28 22:57:02 | DEBUG | sivi:base_runner.py:347| eval_w2 | Epoch 6080, VI W2 to baseline: 0.0890
2026-03-28 22:57:02 | DEBUG | sivi:base_reverse_runner.py:272| eval_w2 | Epoch 6080, Reverse Model W2: 0.1155
2026-03-28 22:57:02 | DEBUG | sivi:base_runner.py:477| eval_elbo | Epoch 6080, ELBO: 1.1783, Std Total: 9.1303, Std Q: nan, CI Half: 0.8003
2026-03-28 22:57:02 | DEBUG | sivi:base_runner.py:507| eval_ksd | Epoch 6080, VI KSD: 0.0016
2026-03-28 22:57:02 | DEBUG | sivi:base_runner.py:337| eval_kl_ite | Epoch 6090, VI KL to baseline: 0.0226
2026-03-28 22:57:02 | DEBUG | sivi:base_reverse_runner.py:261| eval_kl_ite | Epoch 6090, Reverse Model KL ITE: 0.2906
2026-03-28 22:57:02 | DEBUG | sivi:base_runner.py:347| eval_w2 | Epoch 6090, VI W2 to baseline: 0.1090
2026-03-28 22:57:02 | DEBUG | sivi:base_reverse_runner.py:272| eval_w2 | Epoch 6090, Reverse Model W2: 0.1158
2026-03-28 22:57:02 | DEBUG | sivi:base_runner.py:477| eval_elbo | Epoch 6090, ELBO: 0.6719, Std Total: 5.5755, Std Q: nan, CI Half: 0.4887
2026-03-28 22:57:02 | DEBUG | sivi:base_runner.py:507| eval_ksd | Epoch 6090, VI KSD: 0.0014
2026-03-28 22:57:03 | DEBUG | sivi:base_runner.py:874| learn | Epoch 6100: Avg Loss: -0.1258, Avg Epoch Time: 0.0600s
2026-03-28 22:57:03 | DEBUG | sivi:base_runner.py:337| eval_kl_ite | Epoch 6100, VI KL to baseline: 0.0279
2026-03-28 22:57:03 | DEBUG | sivi:base_reverse_runner.py:261| eval_kl_ite | Epoch 6100, Reverse Model KL ITE: 0.2584
2026-03-28 22:57:03 | DEBUG | sivi:base_runner.py:347| eval_w2 | Epoch 6100, VI W2 to baseline: 0.1024
2026-03-28 22:57:03 | DEBUG | sivi:base_reverse_runner.py:272| eval_w2 | Epoch 6100, Reverse Model W2: 0.1318
2026-03-28 22:57:03 | DEBUG | sivi:base_runner.py:477| eval_elbo | Epoch 6100, ELBO: 0.8106, Std Total: 8.7489, Std Q: nan, CI Half: 0.7669
2026-03-28 22:57:03 | DEBUG | sivi:base_runner.py:507| eval_ksd | Epoch 6100, VI KSD: 0.0027
2026-03-28 22:57:03 | DEBUG | sivi:base_runner.py:337| eval_kl_ite | Epoch 6110, VI KL to baseline: 0.0237
2026-03-28 22:57:03 | DEBUG | sivi:base_reverse_runner.py:261| eval_kl_ite | Epoch 6110, Reverse Model KL ITE: 0.2764
2026-03-28 22:57:04 | DEBUG | sivi:base_runner.py:347| eval_w2 | Epoch 6110, VI W2 to baseline: 0.1157
2026-03-28 22:57:04 | DEBUG | sivi:base_reverse_runner.py:272| eval_w2 | Epoch 6110, Reverse Model W2: 0.1246
2026-03-28 22:57:04 | DEBUG | sivi:base_runner.py:477| eval_elbo | Epoch 6110, ELBO: 1.1753, Std Total: 10.2975, Std Q: nan, CI Half: 0.9026
2026-03-28 22:57:04 | DEBUG | sivi:base_runner.py:507| eval_ksd | Epoch 6110, VI KSD: 0.0008
2026-03-28 22:57:04 | DEBUG | sivi:base_runner.py:337| eval_kl_ite | Epoch 6120, VI KL to baseline: 0.0177
2026-03-28 22:57:04 | DEBUG | sivi:base_reverse_runner.py:261| eval_kl_ite | Epoch 6120, Reverse Model KL ITE: 0.2263
2026-03-28 22:57:04 | DEBUG | sivi:base_runner.py:347| eval_w2 | Epoch 6120, VI W2 to baseline: 0.1093
2026-03-28 22:57:04 | DEBUG | sivi:base_reverse_runner.py:272| eval_w2 | Epoch 6120, Reverse Model W2: 0.1294
2026-03-28 22:57:04 | DEBUG | sivi:base_runner.py:477| eval_elbo | Epoch 6120, ELBO: 0.7670, Std Total: 6.4025, Std Q: nan, CI Half: 0.5612
2026-03-28 22:57:04 | DEBUG | sivi:base_runner.py:507| eval_ksd | Epoch 6120, VI KSD: 0.0015
2026-03-28 22:57:04 | DEBUG | sivi:base_runner.py:337| eval_kl_ite | Epoch 6130, VI KL to baseline: 0.0340
2026-03-28 22:57:04 | DEBUG | sivi:base_reverse_runner.py:261| eval_kl_ite | Epoch 6130, Reverse Model KL ITE: 0.2645
2026-03-28 22:57:04 | DEBUG | sivi:base_runner.py:347| eval_w2 | Epoch 6130, VI W2 to baseline: 0.1177
2026-03-28 22:57:04 | DEBUG | sivi:base_reverse_runner.py:272| eval_w2 | Epoch 6130, Reverse Model W2: 0.1373
2026-03-28 22:57:04 | DEBUG | sivi:base_runner.py:477| eval_elbo | Epoch 6130, ELBO: 1.4126, Std Total: 9.2920, Std Q: nan, CI Half: 0.8145
2026-03-28 22:57:04 | DEBUG | sivi:base_runner.py:507| eval_ksd | Epoch 6130, VI KSD: 0.0034
2026-03-28 22:57:05 | DEBUG | sivi:base_runner.py:337| eval_kl_ite | Epoch 6140, VI KL to baseline: 0.0226
2026-03-28 22:57:05 | DEBUG | sivi:base_reverse_runner.py:261| eval_kl_ite | Epoch 6140, Reverse Model KL ITE: 0.2547
2026-03-28 22:57:05 | DEBUG | sivi:base_runner.py:347| eval_w2 | Epoch 6140, VI W2 to baseline: 0.1103
2026-03-28 22:57:05 | DEBUG | sivi:base_reverse_runner.py:272| eval_w2 | Epoch 6140, Reverse Model W2: 0.1230
2026-03-28 22:57:05 | DEBUG | sivi:base_runner.py:477| eval_elbo | Epoch 6140, ELBO: 0.6919, Std Total: 4.8396, Std Q: nan, CI Half: 0.4242
2026-03-28 22:57:05 | DEBUG | sivi:base_runner.py:507| eval_ksd | Epoch 6140, VI KSD: 0.0041
2026-03-28 22:57:05 | DEBUG | sivi:base_runner.py:337| eval_kl_ite | Epoch 6150, VI KL to baseline: 0.0182
2026-03-28 22:57:05 | DEBUG | sivi:base_reverse_runner.py:261| eval_kl_ite | Epoch 6150, Reverse Model KL ITE: 0.2694
2026-03-28 22:57:05 | DEBUG | sivi:base_runner.py:347| eval_w2 | Epoch 6150, VI W2 to baseline: 0.1309
2026-03-28 22:57:05 | DEBUG | sivi:base_reverse_runner.py:272| eval_w2 | Epoch 6150, Reverse Model W2: 0.1124
2026-03-28 22:57:05 | DEBUG | sivi:base_runner.py:477| eval_elbo | Epoch 6150, ELBO: 0.9089, Std Total: 7.5775, Std Q: nan, CI Half: 0.6642
2026-03-28 22:57:05 | DEBUG | sivi:base_runner.py:507| eval_ksd | Epoch 6150, VI KSD: 0.0020
2026-03-28 22:57:06 | DEBUG | sivi:base_runner.py:337| eval_kl_ite | Epoch 6160, VI KL to baseline: 0.0160
2026-03-28 22:57:06 | DEBUG | sivi:base_reverse_runner.py:261| eval_kl_ite | Epoch 6160, Reverse Model KL ITE: 0.2690
2026-03-28 22:57:06 | DEBUG | sivi:base_runner.py:347| eval_w2 | Epoch 6160, VI W2 to baseline: 0.1132
2026-03-28 22:57:06 | DEBUG | sivi:base_reverse_runner.py:272| eval_w2 | Epoch 6160, Reverse Model W2: 0.1247
2026-03-28 22:57:06 | DEBUG | sivi:base_runner.py:477| eval_elbo | Epoch 6160, ELBO: 0.9612, Std Total: 7.2793, Std Q: nan, CI Half: 0.6381
2026-03-28 22:57:06 | DEBUG | sivi:base_runner.py:507| eval_ksd | Epoch 6160, VI KSD: 0.0022
2026-03-28 22:57:06 | DEBUG | sivi:base_runner.py:337| eval_kl_ite | Epoch 6170, VI KL to baseline: 0.0243
2026-03-28 22:57:06 | DEBUG | sivi:base_reverse_runner.py:261| eval_kl_ite | Epoch 6170, Reverse Model KL ITE: 0.2699
2026-03-28 22:57:06 | DEBUG | sivi:base_runner.py:347| eval_w2 | Epoch 6170, VI W2 to baseline: 0.1219
2026-03-28 22:57:06 | DEBUG | sivi:base_reverse_runner.py:272| eval_w2 | Epoch 6170, Reverse Model W2: 0.1030
2026-03-28 22:57:06 | DEBUG | sivi:base_runner.py:477| eval_elbo | Epoch 6170, ELBO: 1.7851, Std Total: 11.3056, Std Q: nan, CI Half: 0.9910
2026-03-28 22:57:06 | DEBUG | sivi:base_runner.py:507| eval_ksd | Epoch 6170, VI KSD: 0.0014
2026-03-28 22:57:07 | DEBUG | sivi:base_runner.py:337| eval_kl_ite | Epoch 6180, VI KL to baseline: 0.0433
2026-03-28 22:57:07 | DEBUG | sivi:base_reverse_runner.py:261| eval_kl_ite | Epoch 6180, Reverse Model KL ITE: 0.2947
2026-03-28 22:57:07 | DEBUG | sivi:base_runner.py:347| eval_w2 | Epoch 6180, VI W2 to baseline: 0.1194
2026-03-28 22:57:07 | DEBUG | sivi:base_reverse_runner.py:272| eval_w2 | Epoch 6180, Reverse Model W2: 0.1249
2026-03-28 22:57:07 | DEBUG | sivi:base_runner.py:477| eval_elbo | Epoch 6180, ELBO: 2.0374, Std Total: 14.1007, Std Q: nan, CI Half: 1.2360
2026-03-28 22:57:07 | DEBUG | sivi:base_runner.py:507| eval_ksd | Epoch 6180, VI KSD: 0.0029
2026-03-28 22:57:07 | DEBUG | sivi:base_runner.py:337| eval_kl_ite | Epoch 6190, VI KL to baseline: 0.0122
2026-03-28 22:57:07 | DEBUG | sivi:base_reverse_runner.py:261| eval_kl_ite | Epoch 6190, Reverse Model KL ITE: 0.2454
2026-03-28 22:57:07 | DEBUG | sivi:base_runner.py:347| eval_w2 | Epoch 6190, VI W2 to baseline: 0.1327
2026-03-28 22:57:07 | DEBUG | sivi:base_reverse_runner.py:272| eval_w2 | Epoch 6190, Reverse Model W2: 0.1100
2026-03-28 22:57:07 | DEBUG | sivi:base_runner.py:477| eval_elbo | Epoch 6190, ELBO: 1.3431, Std Total: 9.2189, Std Q: nan, CI Half: 0.8081
2026-03-28 22:57:07 | DEBUG | sivi:base_runner.py:507| eval_ksd | Epoch 6190, VI KSD: 0.0006
2026-03-28 22:57:08 | DEBUG | sivi:base_runner.py:874| learn | Epoch 6200: Avg Loss: -0.0281, Avg Epoch Time: 0.0506s
2026-03-28 22:57:08 | DEBUG | sivi:base_runner.py:337| eval_kl_ite | Epoch 6200, VI KL to baseline: 0.0256
2026-03-28 22:57:08 | DEBUG | sivi:base_reverse_runner.py:261| eval_kl_ite | Epoch 6200, Reverse Model KL ITE: 0.2708
2026-03-28 22:57:08 | DEBUG | sivi:base_runner.py:347| eval_w2 | Epoch 6200, VI W2 to baseline: 0.1347
2026-03-28 22:57:08 | DEBUG | sivi:base_reverse_runner.py:272| eval_w2 | Epoch 6200, Reverse Model W2: 0.1277
2026-03-28 22:57:08 | DEBUG | sivi:base_runner.py:477| eval_elbo | Epoch 6200, ELBO: 1.2888, Std Total: 9.9307, Std Q: nan, CI Half: 0.8705
2026-03-28 22:57:08 | DEBUG | sivi:base_runner.py:507| eval_ksd | Epoch 6200, VI KSD: 0.0007
2026-03-28 22:57:08 | DEBUG | sivi:base_runner.py:337| eval_kl_ite | Epoch 6210, VI KL to baseline: 0.0431
2026-03-28 22:57:09 | DEBUG | sivi:base_reverse_runner.py:261| eval_kl_ite | Epoch 6210, Reverse Model KL ITE: 0.2343
2026-03-28 22:57:09 | DEBUG | sivi:base_runner.py:347| eval_w2 | Epoch 6210, VI W2 to baseline: 0.1173
2026-03-28 22:57:09 | DEBUG | sivi:base_reverse_runner.py:272| eval_w2 | Epoch 6210, Reverse Model W2: 0.1225
2026-03-28 22:57:09 | DEBUG | sivi:base_runner.py:477| eval_elbo | Epoch 6210, ELBO: 0.8479, Std Total: 6.6919, Std Q: nan, CI Half: 0.5866
2026-03-28 22:57:09 | DEBUG | sivi:base_runner.py:507| eval_ksd | Epoch 6210, VI KSD: 0.0008
2026-03-28 22:57:09 | DEBUG | sivi:base_runner.py:337| eval_kl_ite | Epoch 6220, VI KL to baseline: 0.0058
2026-03-28 22:57:09 | DEBUG | sivi:base_reverse_runner.py:261| eval_kl_ite | Epoch 6220, Reverse Model KL ITE: 0.2403
2026-03-28 22:57:09 | DEBUG | sivi:base_runner.py:347| eval_w2 | Epoch 6220, VI W2 to baseline: 0.1372
2026-03-28 22:57:09 | DEBUG | sivi:base_reverse_runner.py:272| eval_w2 | Epoch 6220, Reverse Model W2: 0.1344
2026-03-28 22:57:09 | DEBUG | sivi:base_runner.py:477| eval_elbo | Epoch 6220, ELBO: 1.6584, Std Total: 12.2810, Std Q: nan, CI Half: 1.0765
2026-03-28 22:57:09 | DEBUG | sivi:base_runner.py:507| eval_ksd | Epoch 6220, VI KSD: 0.0010
2026-03-28 22:57:09 | DEBUG | sivi:base_runner.py:337| eval_kl_ite | Epoch 6230, VI KL to baseline: 0.0188
2026-03-28 22:57:09 | DEBUG | sivi:base_reverse_runner.py:261| eval_kl_ite | Epoch 6230, Reverse Model KL ITE: 0.2397
2026-03-28 22:57:10 | DEBUG | sivi:base_runner.py:347| eval_w2 | Epoch 6230, VI W2 to baseline: 0.1421
2026-03-28 22:57:10 | DEBUG | sivi:base_reverse_runner.py:272| eval_w2 | Epoch 6230, Reverse Model W2: 0.1111
2026-03-28 22:57:10 | DEBUG | sivi:base_runner.py:477| eval_elbo | Epoch 6230, ELBO: 1.4961, Std Total: 11.3437, Std Q: nan, CI Half: 0.9943
2026-03-28 22:57:10 | DEBUG | sivi:base_runner.py:507| eval_ksd | Epoch 6230, VI KSD: 0.0021
2026-03-28 22:57:10 | DEBUG | sivi:base_runner.py:337| eval_kl_ite | Epoch 6240, VI KL to baseline: 0.0114
2026-03-28 22:57:10 | DEBUG | sivi:base_reverse_runner.py:261| eval_kl_ite | Epoch 6240, Reverse Model KL ITE: 0.2055
2026-03-28 22:57:10 | DEBUG | sivi:base_runner.py:347| eval_w2 | Epoch 6240, VI W2 to baseline: 0.1272
2026-03-28 22:57:10 | DEBUG | sivi:base_reverse_runner.py:272| eval_w2 | Epoch 6240, Reverse Model W2: 0.1272
2026-03-28 22:57:10 | DEBUG | sivi:base_runner.py:477| eval_elbo | Epoch 6240, ELBO: 0.6923, Std Total: 5.5068, Std Q: nan, CI Half: 0.4827
2026-03-28 22:57:10 | DEBUG | sivi:base_runner.py:507| eval_ksd | Epoch 6240, VI KSD: 0.0037
2026-03-28 22:57:10 | DEBUG | sivi:base_runner.py:337| eval_kl_ite | Epoch 6250, VI KL to baseline: 0.0224
2026-03-28 22:57:11 | DEBUG | sivi:base_reverse_runner.py:261| eval_kl_ite | Epoch 6250, Reverse Model KL ITE: 0.2229
2026-03-28 22:57:11 | DEBUG | sivi:base_runner.py:347| eval_w2 | Epoch 6250, VI W2 to baseline: 0.1264
2026-03-28 22:57:11 | DEBUG | sivi:base_reverse_runner.py:272| eval_w2 | Epoch 6250, Reverse Model W2: 0.1329
2026-03-28 22:57:11 | DEBUG | sivi:base_runner.py:477| eval_elbo | Epoch 6250, ELBO: 0.4824, Std Total: 3.5752, Std Q: nan, CI Half: 0.3134
2026-03-28 22:57:11 | DEBUG | sivi:base_runner.py:507| eval_ksd | Epoch 6250, VI KSD: 0.0050
2026-03-28 22:57:11 | DEBUG | sivi:base_runner.py:337| eval_kl_ite | Epoch 6260, VI KL to baseline: 0.0137
2026-03-28 22:57:11 | DEBUG | sivi:base_reverse_runner.py:261| eval_kl_ite | Epoch 6260, Reverse Model KL ITE: 0.2425
2026-03-28 22:57:11 | DEBUG | sivi:base_runner.py:347| eval_w2 | Epoch 6260, VI W2 to baseline: 0.1015
2026-03-28 22:57:11 | DEBUG | sivi:base_reverse_runner.py:272| eval_w2 | Epoch 6260, Reverse Model W2: 0.1172
2026-03-28 22:57:11 | DEBUG | sivi:base_runner.py:477| eval_elbo | Epoch 6260, ELBO: 0.8572, Std Total: 7.6350, Std Q: nan, CI Half: 0.6692
2026-03-28 22:57:11 | DEBUG | sivi:base_runner.py:507| eval_ksd | Epoch 6260, VI KSD: 0.0038
2026-03-28 22:57:11 | DEBUG | sivi:base_runner.py:337| eval_kl_ite | Epoch 6270, VI KL to baseline: 0.0063
2026-03-28 22:57:12 | DEBUG | sivi:base_reverse_runner.py:261| eval_kl_ite | Epoch 6270, Reverse Model KL ITE: 0.2692
2026-03-28 22:57:12 | DEBUG | sivi:base_runner.py:347| eval_w2 | Epoch 6270, VI W2 to baseline: 0.1214
2026-03-28 22:57:12 | DEBUG | sivi:base_reverse_runner.py:272| eval_w2 | Epoch 6270, Reverse Model W2: 0.1377
2026-03-28 22:57:12 | DEBUG | sivi:base_runner.py:477| eval_elbo | Epoch 6270, ELBO: 0.4893, Std Total: 5.1968, Std Q: nan, CI Half: 0.4555
2026-03-28 22:57:12 | DEBUG | sivi:base_runner.py:507| eval_ksd | Epoch 6270, VI KSD: 0.0009
2026-03-28 22:57:12 | DEBUG | sivi:base_runner.py:337| eval_kl_ite | Epoch 6280, VI KL to baseline: 0.0084
2026-03-28 22:57:12 | DEBUG | sivi:base_reverse_runner.py:261| eval_kl_ite | Epoch 6280, Reverse Model KL ITE: 0.2394
2026-03-28 22:57:12 | DEBUG | sivi:base_runner.py:347| eval_w2 | Epoch 6280, VI W2 to baseline: 0.1104
2026-03-28 22:57:12 | DEBUG | sivi:base_reverse_runner.py:272| eval_w2 | Epoch 6280, Reverse Model W2: 0.1231
2026-03-28 22:57:12 | DEBUG | sivi:base_runner.py:477| eval_elbo | Epoch 6280, ELBO: 0.9109, Std Total: 7.7548, Std Q: nan, CI Half: 0.6797
2026-03-28 22:57:12 | DEBUG | sivi:base_runner.py:507| eval_ksd | Epoch 6280, VI KSD: 0.0013
2026-03-28 22:57:13 | DEBUG | sivi:base_runner.py:337| eval_kl_ite | Epoch 6290, VI KL to baseline: 0.0293
2026-03-28 22:57:13 | DEBUG | sivi:base_reverse_runner.py:261| eval_kl_ite | Epoch 6290, Reverse Model KL ITE: 0.2554
2026-03-28 22:57:13 | DEBUG | sivi:base_runner.py:347| eval_w2 | Epoch 6290, VI W2 to baseline: 0.1150
2026-03-28 22:57:13 | DEBUG | sivi:base_reverse_runner.py:272| eval_w2 | Epoch 6290, Reverse Model W2: 0.1149
2026-03-28 22:57:13 | DEBUG | sivi:base_runner.py:477| eval_elbo | Epoch 6290, ELBO: 1.1329, Std Total: 10.0280, Std Q: nan, CI Half: 0.8790
2026-03-28 22:57:13 | DEBUG | sivi:base_runner.py:507| eval_ksd | Epoch 6290, VI KSD: 0.0029
2026-03-28 22:57:13 | DEBUG | sivi:base_runner.py:874| learn | Epoch 6300: Avg Loss: 0.1788, Avg Epoch Time: 0.0549s
2026-03-28 22:57:13 | DEBUG | sivi:base_runner.py:337| eval_kl_ite | Epoch 6300, VI KL to baseline: 0.0269
2026-03-28 22:57:13 | DEBUG | sivi:base_reverse_runner.py:261| eval_kl_ite | Epoch 6300, Reverse Model KL ITE: 0.2692
2026-03-28 22:57:14 | DEBUG | sivi:base_runner.py:347| eval_w2 | Epoch 6300, VI W2 to baseline: 0.0974
2026-03-28 22:57:14 | DEBUG | sivi:base_reverse_runner.py:272| eval_w2 | Epoch 6300, Reverse Model W2: 0.1101
2026-03-28 22:57:14 | DEBUG | sivi:base_runner.py:477| eval_elbo | Epoch 6300, ELBO: 1.1175, Std Total: 8.2919, Std Q: nan, CI Half: 0.7268
2026-03-28 22:57:14 | DEBUG | sivi:base_runner.py:507| eval_ksd | Epoch 6300, VI KSD: 0.0056
2026-03-28 22:57:14 | DEBUG | sivi:base_runner.py:337| eval_kl_ite | Epoch 6310, VI KL to baseline: 0.0282
2026-03-28 22:57:14 | DEBUG | sivi:base_reverse_runner.py:261| eval_kl_ite | Epoch 6310, Reverse Model KL ITE: 0.2699
2026-03-28 22:57:14 | DEBUG | sivi:base_runner.py:347| eval_w2 | Epoch 6310, VI W2 to baseline: 0.1110
2026-03-28 22:57:14 | DEBUG | sivi:base_reverse_runner.py:272| eval_w2 | Epoch 6310, Reverse Model W2: 0.1085
2026-03-28 22:57:14 | DEBUG | sivi:base_runner.py:477| eval_elbo | Epoch 6310, ELBO: 0.5377, Std Total: 3.8675, Std Q: nan, CI Half: 0.3390
2026-03-28 22:57:14 | DEBUG | sivi:base_runner.py:507| eval_ksd | Epoch 6310, VI KSD: 0.0010
2026-03-28 22:57:15 | DEBUG | sivi:base_runner.py:337| eval_kl_ite | Epoch 6320, VI KL to baseline: 0.0361
2026-03-28 22:57:15 | DEBUG | sivi:base_reverse_runner.py:261| eval_kl_ite | Epoch 6320, Reverse Model KL ITE: 0.2611
2026-03-28 22:57:15 | DEBUG | sivi:base_runner.py:347| eval_w2 | Epoch 6320, VI W2 to baseline: 0.1180
2026-03-28 22:57:15 | DEBUG | sivi:base_reverse_runner.py:272| eval_w2 | Epoch 6320, Reverse Model W2: 0.1352
2026-03-28 22:57:15 | DEBUG | sivi:base_runner.py:477| eval_elbo | Epoch 6320, ELBO: 1.3558, Std Total: 10.2376, Std Q: nan, CI Half: 0.8974
2026-03-28 22:57:15 | DEBUG | sivi:base_runner.py:507| eval_ksd | Epoch 6320, VI KSD: 0.0030
2026-03-28 22:57:15 | DEBUG | sivi:base_runner.py:337| eval_kl_ite | Epoch 6330, VI KL to baseline: 0.0251
2026-03-28 22:57:15 | DEBUG | sivi:base_reverse_runner.py:261| eval_kl_ite | Epoch 6330, Reverse Model KL ITE: 0.2484
2026-03-28 22:57:15 | DEBUG | sivi:base_runner.py:347| eval_w2 | Epoch 6330, VI W2 to baseline: 0.1222
2026-03-28 22:57:15 | DEBUG | sivi:base_reverse_runner.py:272| eval_w2 | Epoch 6330, Reverse Model W2: 0.1198
2026-03-28 22:57:15 | DEBUG | sivi:base_runner.py:477| eval_elbo | Epoch 6330, ELBO: 0.6556, Std Total: 5.7787, Std Q: nan, CI Half: 0.5065
2026-03-28 22:57:15 | DEBUG | sivi:base_runner.py:507| eval_ksd | Epoch 6330, VI KSD: -0.0005
2026-03-28 22:57:16 | DEBUG | sivi:base_runner.py:337| eval_kl_ite | Epoch 6340, VI KL to baseline: 0.0417
2026-03-28 22:57:16 | DEBUG | sivi:base_reverse_runner.py:261| eval_kl_ite | Epoch 6340, Reverse Model KL ITE: 0.2732
2026-03-28 22:57:16 | DEBUG | sivi:base_runner.py:347| eval_w2 | Epoch 6340, VI W2 to baseline: 0.1122
2026-03-28 22:57:16 | DEBUG | sivi:base_reverse_runner.py:272| eval_w2 | Epoch 6340, Reverse Model W2: 0.1188
2026-03-28 22:57:16 | DEBUG | sivi:base_runner.py:477| eval_elbo | Epoch 6340, ELBO: 0.5579, Std Total: 4.1648, Std Q: nan, CI Half: 0.3651
2026-03-28 22:57:16 | DEBUG | sivi:base_runner.py:507| eval_ksd | Epoch 6340, VI KSD: 0.0010
2026-03-28 22:57:16 | DEBUG | sivi:base_runner.py:337| eval_kl_ite | Epoch 6350, VI KL to baseline: 0.0031
2026-03-28 22:57:17 | DEBUG | sivi:base_reverse_runner.py:261| eval_kl_ite | Epoch 6350, Reverse Model KL ITE: 0.2560
2026-03-28 22:57:17 | DEBUG | sivi:base_runner.py:347| eval_w2 | Epoch 6350, VI W2 to baseline: 0.1089
2026-03-28 22:57:17 | DEBUG | sivi:base_reverse_runner.py:272| eval_w2 | Epoch 6350, Reverse Model W2: 0.1279
2026-03-28 22:57:17 | DEBUG | sivi:base_runner.py:477| eval_elbo | Epoch 6350, ELBO: 2.2922, Std Total: 14.5104, Std Q: nan, CI Half: 1.2719
2026-03-28 22:57:17 | DEBUG | sivi:base_runner.py:507| eval_ksd | Epoch 6350, VI KSD: 0.0049
2026-03-28 22:57:17 | DEBUG | sivi:base_runner.py:337| eval_kl_ite | Epoch 6360, VI KL to baseline: 0.0129
2026-03-28 22:57:17 | DEBUG | sivi:base_reverse_runner.py:261| eval_kl_ite | Epoch 6360, Reverse Model KL ITE: 0.2779
2026-03-28 22:57:17 | DEBUG | sivi:base_runner.py:347| eval_w2 | Epoch 6360, VI W2 to baseline: 0.1087
2026-03-28 22:57:17 | DEBUG | sivi:base_reverse_runner.py:272| eval_w2 | Epoch 6360, Reverse Model W2: 0.1508
2026-03-28 22:57:17 | DEBUG | sivi:base_runner.py:477| eval_elbo | Epoch 6360, ELBO: 1.0847, Std Total: 8.4946, Std Q: nan, CI Half: 0.7446
2026-03-28 22:57:17 | DEBUG | sivi:base_runner.py:507| eval_ksd | Epoch 6360, VI KSD: 0.0062
2026-03-28 22:57:18 | DEBUG | sivi:base_runner.py:337| eval_kl_ite | Epoch 6370, VI KL to baseline: 0.0241
2026-03-28 22:57:18 | DEBUG | sivi:base_reverse_runner.py:261| eval_kl_ite | Epoch 6370, Reverse Model KL ITE: 0.2532
2026-03-28 22:57:18 | DEBUG | sivi:base_runner.py:347| eval_w2 | Epoch 6370, VI W2 to baseline: 0.1177
2026-03-28 22:57:18 | DEBUG | sivi:base_reverse_runner.py:272| eval_w2 | Epoch 6370, Reverse Model W2: 0.1265
2026-03-28 22:57:18 | DEBUG | sivi:base_runner.py:477| eval_elbo | Epoch 6370, ELBO: 1.3199, Std Total: 10.5934, Std Q: nan, CI Half: 0.9285
2026-03-28 22:57:18 | DEBUG | sivi:base_runner.py:507| eval_ksd | Epoch 6370, VI KSD: 0.0022
2026-03-28 22:57:18 | DEBUG | sivi:base_runner.py:337| eval_kl_ite | Epoch 6380, VI KL to baseline: 0.0224
2026-03-28 22:57:19 | DEBUG | sivi:base_reverse_runner.py:261| eval_kl_ite | Epoch 6380, Reverse Model KL ITE: 0.2705
2026-03-28 22:57:19 | DEBUG | sivi:base_runner.py:347| eval_w2 | Epoch 6380, VI W2 to baseline: 0.1051
2026-03-28 22:57:19 | DEBUG | sivi:base_reverse_runner.py:272| eval_w2 | Epoch 6380, Reverse Model W2: 0.1299
2026-03-28 22:57:19 | DEBUG | sivi:base_runner.py:477| eval_elbo | Epoch 6380, ELBO: 1.3243, Std Total: 9.3714, Std Q: nan, CI Half: 0.8214
2026-03-28 22:57:19 | DEBUG | sivi:base_runner.py:507| eval_ksd | Epoch 6380, VI KSD: 0.0050
2026-03-28 22:57:19 | DEBUG | sivi:base_runner.py:337| eval_kl_ite | Epoch 6390, VI KL to baseline: 0.0167
2026-03-28 22:57:19 | DEBUG | sivi:base_reverse_runner.py:261| eval_kl_ite | Epoch 6390, Reverse Model KL ITE: 0.2416
2026-03-28 22:57:19 | DEBUG | sivi:base_runner.py:347| eval_w2 | Epoch 6390, VI W2 to baseline: 0.1099
2026-03-28 22:57:19 | DEBUG | sivi:base_reverse_runner.py:272| eval_w2 | Epoch 6390, Reverse Model W2: 0.1105
2026-03-28 22:57:19 | DEBUG | sivi:base_runner.py:477| eval_elbo | Epoch 6390, ELBO: 1.0697, Std Total: 7.3880, Std Q: nan, CI Half: 0.6476
2026-03-28 22:57:19 | DEBUG | sivi:base_runner.py:507| eval_ksd | Epoch 6390, VI KSD: -0.0003
2026-03-28 22:57:19 | DEBUG | sivi:base_runner.py:874| learn | Epoch 6400: Avg Loss: -0.0646, Avg Epoch Time: 0.0620s
2026-03-28 22:57:20 | DEBUG | sivi:base_runner.py:337| eval_kl_ite | Epoch 6400, VI KL to baseline: 0.0392
2026-03-28 22:57:20 | DEBUG | sivi:base_reverse_runner.py:261| eval_kl_ite | Epoch 6400, Reverse Model KL ITE: 0.2991
2026-03-28 22:57:20 | DEBUG | sivi:base_runner.py:347| eval_w2 | Epoch 6400, VI W2 to baseline: 0.1013
2026-03-28 22:57:20 | DEBUG | sivi:base_reverse_runner.py:272| eval_w2 | Epoch 6400, Reverse Model W2: 0.1345
2026-03-28 22:57:20 | DEBUG | sivi:base_runner.py:477| eval_elbo | Epoch 6400, ELBO: 1.1559, Std Total: 8.3029, Std Q: nan, CI Half: 0.7278
2026-03-28 22:57:20 | DEBUG | sivi:base_runner.py:507| eval_ksd | Epoch 6400, VI KSD: 0.0017
2026-03-28 22:57:20 | DEBUG | sivi:base_runner.py:337| eval_kl_ite | Epoch 6410, VI KL to baseline: 0.0121
2026-03-28 22:57:20 | DEBUG | sivi:base_reverse_runner.py:261| eval_kl_ite | Epoch 6410, Reverse Model KL ITE: 0.2817
2026-03-28 22:57:20 | DEBUG | sivi:base_runner.py:347| eval_w2 | Epoch 6410, VI W2 to baseline: 0.1036
2026-03-28 22:57:20 | DEBUG | sivi:base_reverse_runner.py:272| eval_w2 | Epoch 6410, Reverse Model W2: 0.1228
2026-03-28 22:57:20 | DEBUG | sivi:base_runner.py:477| eval_elbo | Epoch 6410, ELBO: 1.0381, Std Total: 8.4119, Std Q: nan, CI Half: 0.7373
2026-03-28 22:57:20 | DEBUG | sivi:base_runner.py:507| eval_ksd | Epoch 6410, VI KSD: 0.0006
2026-03-28 22:57:21 | DEBUG | sivi:base_runner.py:337| eval_kl_ite | Epoch 6420, VI KL to baseline: 0.0025
2026-03-28 22:57:21 | DEBUG | sivi:base_reverse_runner.py:261| eval_kl_ite | Epoch 6420, Reverse Model KL ITE: 0.2781
2026-03-28 22:57:21 | DEBUG | sivi:base_runner.py:347| eval_w2 | Epoch 6420, VI W2 to baseline: 0.1009
2026-03-28 22:57:21 | DEBUG | sivi:base_reverse_runner.py:272| eval_w2 | Epoch 6420, Reverse Model W2: 0.1190
2026-03-28 22:57:21 | DEBUG | sivi:base_runner.py:477| eval_elbo | Epoch 6420, ELBO: 1.1213, Std Total: 7.6226, Std Q: nan, CI Half: 0.6682
2026-03-28 22:57:21 | DEBUG | sivi:base_runner.py:507| eval_ksd | Epoch 6420, VI KSD: 0.0002
2026-03-28 22:57:21 | DEBUG | sivi:base_runner.py:337| eval_kl_ite | Epoch 6430, VI KL to baseline: 0.0084
2026-03-28 22:57:21 | DEBUG | sivi:base_reverse_runner.py:261| eval_kl_ite | Epoch 6430, Reverse Model KL ITE: 0.2955
2026-03-28 22:57:21 | DEBUG | sivi:base_runner.py:347| eval_w2 | Epoch 6430, VI W2 to baseline: 0.1030
2026-03-28 22:57:21 | DEBUG | sivi:base_reverse_runner.py:272| eval_w2 | Epoch 6430, Reverse Model W2: 0.1170
2026-03-28 22:57:21 | DEBUG | sivi:base_runner.py:477| eval_elbo | Epoch 6430, ELBO: 0.9187, Std Total: 7.9480, Std Q: nan, CI Half: 0.6967
2026-03-28 22:57:21 | DEBUG | sivi:base_runner.py:507| eval_ksd | Epoch 6430, VI KSD: 0.0039
2026-03-28 22:57:22 | DEBUG | sivi:base_runner.py:337| eval_kl_ite | Epoch 6440, VI KL to baseline: 0.0084
2026-03-28 22:57:22 | DEBUG | sivi:base_reverse_runner.py:261| eval_kl_ite | Epoch 6440, Reverse Model KL ITE: 0.2689
2026-03-28 22:57:22 | DEBUG | sivi:base_runner.py:347| eval_w2 | Epoch 6440, VI W2 to baseline: 0.1089
2026-03-28 22:57:22 | DEBUG | sivi:base_reverse_runner.py:272| eval_w2 | Epoch 6440, Reverse Model W2: 0.1400
2026-03-28 22:57:22 | DEBUG | sivi:base_runner.py:477| eval_elbo | Epoch 6440, ELBO: 0.8201, Std Total: 6.3702, Std Q: nan, CI Half: 0.5584
2026-03-28 22:57:22 | DEBUG | sivi:base_runner.py:507| eval_ksd | Epoch 6440, VI KSD: 0.0041
2026-03-28 22:57:22 | DEBUG | sivi:base_runner.py:337| eval_kl_ite | Epoch 6450, VI KL to baseline: 0.0133
2026-03-28 22:57:22 | DEBUG | sivi:base_reverse_runner.py:261| eval_kl_ite | Epoch 6450, Reverse Model KL ITE: 0.2862
2026-03-28 22:57:22 | DEBUG | sivi:base_runner.py:347| eval_w2 | Epoch 6450, VI W2 to baseline: 0.1278
2026-03-28 22:57:22 | DEBUG | sivi:base_reverse_runner.py:272| eval_w2 | Epoch 6450, Reverse Model W2: 0.1269
2026-03-28 22:57:22 | DEBUG | sivi:base_runner.py:477| eval_elbo | Epoch 6450, ELBO: 0.8483, Std Total: 6.5930, Std Q: nan, CI Half: 0.5779
2026-03-28 22:57:22 | DEBUG | sivi:base_runner.py:507| eval_ksd | Epoch 6450, VI KSD: 0.0048
2026-03-28 22:57:23 | DEBUG | sivi:base_runner.py:337| eval_kl_ite | Epoch 6460, VI KL to baseline: 0.0094
2026-03-28 22:57:23 | DEBUG | sivi:base_reverse_runner.py:261| eval_kl_ite | Epoch 6460, Reverse Model KL ITE: 0.3033
2026-03-28 22:57:23 | DEBUG | sivi:base_runner.py:347| eval_w2 | Epoch 6460, VI W2 to baseline: 0.1098
2026-03-28 22:57:23 | DEBUG | sivi:base_reverse_runner.py:272| eval_w2 | Epoch 6460, Reverse Model W2: 0.1106
2026-03-28 22:57:23 | DEBUG | sivi:base_runner.py:477| eval_elbo | Epoch 6460, ELBO: 0.6409, Std Total: 4.8630, Std Q: nan, CI Half: 0.4263
2026-03-28 22:57:23 | DEBUG | sivi:base_runner.py:507| eval_ksd | Epoch 6460, VI KSD: 0.0016
2026-03-28 22:57:23 | DEBUG | sivi:base_runner.py:337| eval_kl_ite | Epoch 6470, VI KL to baseline: 0.0279
2026-03-28 22:57:23 | DEBUG | sivi:base_reverse_runner.py:261| eval_kl_ite | Epoch 6470, Reverse Model KL ITE: 0.2880
2026-03-28 22:57:23 | DEBUG | sivi:base_runner.py:347| eval_w2 | Epoch 6470, VI W2 to baseline: 0.1001
2026-03-28 22:57:23 | DEBUG | sivi:base_reverse_runner.py:272| eval_w2 | Epoch 6470, Reverse Model W2: 0.1255
2026-03-28 22:57:23 | DEBUG | sivi:base_runner.py:477| eval_elbo | Epoch 6470, ELBO: 1.0268, Std Total: 8.1541, Std Q: nan, CI Half: 0.7147
2026-03-28 22:57:23 | DEBUG | sivi:base_runner.py:507| eval_ksd | Epoch 6470, VI KSD: 0.0017
2026-03-28 22:57:24 | DEBUG | sivi:base_runner.py:337| eval_kl_ite | Epoch 6480, VI KL to baseline: 0.0199
2026-03-28 22:57:24 | DEBUG | sivi:base_reverse_runner.py:261| eval_kl_ite | Epoch 6480, Reverse Model KL ITE: 0.3124
2026-03-28 22:57:24 | DEBUG | sivi:base_runner.py:347| eval_w2 | Epoch 6480, VI W2 to baseline: 0.0982
2026-03-28 22:57:24 | DEBUG | sivi:base_reverse_runner.py:272| eval_w2 | Epoch 6480, Reverse Model W2: 0.1192
2026-03-28 22:57:24 | DEBUG | sivi:base_runner.py:477| eval_elbo | Epoch 6480, ELBO: 1.5334, Std Total: 10.2918, Std Q: nan, CI Half: 0.9021
2026-03-28 22:57:24 | DEBUG | sivi:base_runner.py:507| eval_ksd | Epoch 6480, VI KSD: 0.0022
2026-03-28 22:57:24 | DEBUG | sivi:base_runner.py:337| eval_kl_ite | Epoch 6490, VI KL to baseline: 0.0143
2026-03-28 22:57:24 | DEBUG | sivi:base_reverse_runner.py:261| eval_kl_ite | Epoch 6490, Reverse Model KL ITE: 0.2977
2026-03-28 22:57:24 | DEBUG | sivi:base_runner.py:347| eval_w2 | Epoch 6490, VI W2 to baseline: 0.0902
2026-03-28 22:57:24 | DEBUG | sivi:base_reverse_runner.py:272| eval_w2 | Epoch 6490, Reverse Model W2: 0.1272
2026-03-28 22:57:24 | DEBUG | sivi:base_runner.py:477| eval_elbo | Epoch 6490, ELBO: 1.3782, Std Total: 10.5449, Std Q: nan, CI Half: 0.9243
2026-03-28 22:57:24 | DEBUG | sivi:base_runner.py:507| eval_ksd | Epoch 6490, VI KSD: 0.0039
2026-03-28 22:57:25 | DEBUG | sivi:base_runner.py:874| learn | Epoch 6500: Avg Loss: 0.2393, Avg Epoch Time: 0.0528s
2026-03-28 22:57:25 | DEBUG | sivi:base_reverse_runner.py:183| _training_rev_log_func | Epoch 6500, Inner epoch 1, Reverse Model Loss: 3.7874, Avg Steps: 1.0000
2026-03-28 22:57:25 | DEBUG | sivi:base_runner.py:588| save_samples | Saved 100000 samples at epoch 6500.
2026-03-28 22:57:25 | DEBUG | sivi:base_runner.py:337| eval_kl_ite | Epoch 6500, VI KL to baseline: 0.0079
2026-03-28 22:57:25 | DEBUG | sivi:base_reverse_runner.py:261| eval_kl_ite | Epoch 6500, Reverse Model KL ITE: 0.2846
2026-03-28 22:57:25 | DEBUG | sivi:base_runner.py:347| eval_w2 | Epoch 6500, VI W2 to baseline: 0.0988
2026-03-28 22:57:25 | DEBUG | sivi:base_reverse_runner.py:272| eval_w2 | Epoch 6500, Reverse Model W2: 0.1305
2026-03-28 22:57:25 | DEBUG | sivi:base_runner.py:477| eval_elbo | Epoch 6500, ELBO: 0.7897, Std Total: 7.8709, Std Q: nan, CI Half: 0.6899
2026-03-28 22:57:25 | DEBUG | sivi:base_runner.py:507| eval_ksd | Epoch 6500, VI KSD: 0.0042
2026-03-28 22:57:25 | DEBUG | sivi:base_runner.py:970| learn | Saved contour plot at epoch 6500.
2026-03-28 22:57:25 | DEBUG | sivi:base_runner.py:337| eval_kl_ite | Epoch 6510, VI KL to baseline: 0.0271
2026-03-28 22:57:26 | DEBUG | sivi:base_reverse_runner.py:261| eval_kl_ite | Epoch 6510, Reverse Model KL ITE: 0.3233
2026-03-28 22:57:26 | DEBUG | sivi:base_runner.py:347| eval_w2 | Epoch 6510, VI W2 to baseline: 0.0937
2026-03-28 22:57:26 | DEBUG | sivi:base_reverse_runner.py:272| eval_w2 | Epoch 6510, Reverse Model W2: 0.1060
2026-03-28 22:57:26 | DEBUG | sivi:base_runner.py:477| eval_elbo | Epoch 6510, ELBO: 0.8769, Std Total: 7.3671, Std Q: nan, CI Half: 0.6458
2026-03-28 22:57:26 | DEBUG | sivi:base_runner.py:507| eval_ksd | Epoch 6510, VI KSD: -0.0002
2026-03-28 22:57:26 | DEBUG | sivi:base_runner.py:337| eval_kl_ite | Epoch 6520, VI KL to baseline: 0.0023
2026-03-28 22:57:26 | DEBUG | sivi:base_reverse_runner.py:261| eval_kl_ite | Epoch 6520, Reverse Model KL ITE: 0.2943
2026-03-28 22:57:26 | DEBUG | sivi:base_runner.py:347| eval_w2 | Epoch 6520, VI W2 to baseline: 0.1097
2026-03-28 22:57:26 | DEBUG | sivi:base_reverse_runner.py:272| eval_w2 | Epoch 6520, Reverse Model W2: 0.1146
2026-03-28 22:57:26 | DEBUG | sivi:base_runner.py:477| eval_elbo | Epoch 6520, ELBO: 0.8456, Std Total: 5.8657, Std Q: nan, CI Half: 0.5141
2026-03-28 22:57:26 | DEBUG | sivi:base_runner.py:507| eval_ksd | Epoch 6520, VI KSD: 0.0010
2026-03-28 22:57:27 | DEBUG | sivi:base_runner.py:337| eval_kl_ite | Epoch 6530, VI KL to baseline: 0.0100
2026-03-28 22:57:27 | DEBUG | sivi:base_reverse_runner.py:261| eval_kl_ite | Epoch 6530, Reverse Model KL ITE: 0.2976
2026-03-28 22:57:27 | DEBUG | sivi:base_runner.py:347| eval_w2 | Epoch 6530, VI W2 to baseline: 0.1110
2026-03-28 22:57:27 | DEBUG | sivi:base_reverse_runner.py:272| eval_w2 | Epoch 6530, Reverse Model W2: 0.1322
2026-03-28 22:57:27 | DEBUG | sivi:base_runner.py:477| eval_elbo | Epoch 6530, ELBO: 0.5426, Std Total: 4.3324, Std Q: nan, CI Half: 0.3797
2026-03-28 22:57:27 | DEBUG | sivi:base_runner.py:507| eval_ksd | Epoch 6530, VI KSD: 0.0002
2026-03-28 22:57:27 | DEBUG | sivi:base_runner.py:337| eval_kl_ite | Epoch 6540, VI KL to baseline: 0.0133
2026-03-28 22:57:27 | DEBUG | sivi:base_reverse_runner.py:261| eval_kl_ite | Epoch 6540, Reverse Model KL ITE: 0.2992
2026-03-28 22:57:27 | DEBUG | sivi:base_runner.py:347| eval_w2 | Epoch 6540, VI W2 to baseline: 0.1040
2026-03-28 22:57:27 | DEBUG | sivi:base_reverse_runner.py:272| eval_w2 | Epoch 6540, Reverse Model W2: 0.1483
2026-03-28 22:57:27 | DEBUG | sivi:base_runner.py:477| eval_elbo | Epoch 6540, ELBO: 0.8729, Std Total: 5.5115, Std Q: nan, CI Half: 0.4831
2026-03-28 22:57:27 | DEBUG | sivi:base_runner.py:507| eval_ksd | Epoch 6540, VI KSD: 0.0033
2026-03-28 22:57:28 | DEBUG | sivi:base_runner.py:337| eval_kl_ite | Epoch 6550, VI KL to baseline: 0.0255
2026-03-28 22:57:28 | DEBUG | sivi:base_reverse_runner.py:261| eval_kl_ite | Epoch 6550, Reverse Model KL ITE: 0.2800
2026-03-28 22:57:28 | DEBUG | sivi:base_runner.py:347| eval_w2 | Epoch 6550, VI W2 to baseline: 0.1080
2026-03-28 22:57:28 | DEBUG | sivi:base_reverse_runner.py:272| eval_w2 | Epoch 6550, Reverse Model W2: 0.1275
2026-03-28 22:57:28 | DEBUG | sivi:base_runner.py:477| eval_elbo | Epoch 6550, ELBO: 1.6365, Std Total: 10.8824, Std Q: nan, CI Half: 0.9539
2026-03-28 22:57:28 | DEBUG | sivi:base_runner.py:507| eval_ksd | Epoch 6550, VI KSD: 0.0021
2026-03-28 22:57:29 | DEBUG | sivi:base_runner.py:337| eval_kl_ite | Epoch 6560, VI KL to baseline: 0.0277
2026-03-28 22:57:29 | DEBUG | sivi:base_reverse_runner.py:261| eval_kl_ite | Epoch 6560, Reverse Model KL ITE: 0.2839
2026-03-28 22:57:29 | DEBUG | sivi:base_runner.py:347| eval_w2 | Epoch 6560, VI W2 to baseline: 0.1058
2026-03-28 22:57:29 | DEBUG | sivi:base_reverse_runner.py:272| eval_w2 | Epoch 6560, Reverse Model W2: 0.1320
2026-03-28 22:57:29 | DEBUG | sivi:base_runner.py:477| eval_elbo | Epoch 6560, ELBO: 0.8294, Std Total: 6.9954, Std Q: nan, CI Half: 0.6132
2026-03-28 22:57:29 | DEBUG | sivi:base_runner.py:507| eval_ksd | Epoch 6560, VI KSD: 0.0042
2026-03-28 22:57:29 | DEBUG | sivi:base_runner.py:337| eval_kl_ite | Epoch 6570, VI KL to baseline: 0.0267
2026-03-28 22:57:29 | DEBUG | sivi:base_reverse_runner.py:261| eval_kl_ite | Epoch 6570, Reverse Model KL ITE: 0.2924
2026-03-28 22:57:29 | DEBUG | sivi:base_runner.py:347| eval_w2 | Epoch 6570, VI W2 to baseline: 0.1066
2026-03-28 22:57:29 | DEBUG | sivi:base_reverse_runner.py:272| eval_w2 | Epoch 6570, Reverse Model W2: 0.1175
2026-03-28 22:57:29 | DEBUG | sivi:base_runner.py:477| eval_elbo | Epoch 6570, ELBO: 1.2205, Std Total: 9.3383, Std Q: nan, CI Half: 0.8185
2026-03-28 22:57:29 | DEBUG | sivi:base_runner.py:507| eval_ksd | Epoch 6570, VI KSD: 0.0019
2026-03-28 22:57:30 | DEBUG | sivi:base_runner.py:337| eval_kl_ite | Epoch 6580, VI KL to baseline: 0.0227
2026-03-28 22:57:30 | DEBUG | sivi:base_reverse_runner.py:261| eval_kl_ite | Epoch 6580, Reverse Model KL ITE: 0.2655
2026-03-28 22:57:30 | DEBUG | sivi:base_runner.py:347| eval_w2 | Epoch 6580, VI W2 to baseline: 0.1077
2026-03-28 22:57:30 | DEBUG | sivi:base_reverse_runner.py:272| eval_w2 | Epoch 6580, Reverse Model W2: 0.1242
2026-03-28 22:57:30 | DEBUG | sivi:base_runner.py:477| eval_elbo | Epoch 6580, ELBO: 1.7242, Std Total: 11.9338, Std Q: nan, CI Half: 1.0460
2026-03-28 22:57:30 | DEBUG | sivi:base_runner.py:507| eval_ksd | Epoch 6580, VI KSD: 0.0054
2026-03-28 22:57:30 | DEBUG | sivi:base_runner.py:337| eval_kl_ite | Epoch 6590, VI KL to baseline: 0.0136
2026-03-28 22:57:30 | DEBUG | sivi:base_reverse_runner.py:261| eval_kl_ite | Epoch 6590, Reverse Model KL ITE: 0.2857
2026-03-28 22:57:30 | DEBUG | sivi:base_runner.py:347| eval_w2 | Epoch 6590, VI W2 to baseline: 0.1263
2026-03-28 22:57:30 | DEBUG | sivi:base_reverse_runner.py:272| eval_w2 | Epoch 6590, Reverse Model W2: 0.1297
2026-03-28 22:57:30 | DEBUG | sivi:base_runner.py:477| eval_elbo | Epoch 6590, ELBO: 0.8812, Std Total: 7.5104, Std Q: nan, CI Half: 0.6583
2026-03-28 22:57:30 | DEBUG | sivi:base_runner.py:507| eval_ksd | Epoch 6590, VI KSD: 0.0019
2026-03-28 22:57:31 | DEBUG | sivi:base_runner.py:874| learn | Epoch 6600: Avg Loss: -0.3238, Avg Epoch Time: 0.0612s
2026-03-28 22:57:31 | DEBUG | sivi:base_runner.py:337| eval_kl_ite | Epoch 6600, VI KL to baseline: 0.0260
2026-03-28 22:57:31 | DEBUG | sivi:base_reverse_runner.py:261| eval_kl_ite | Epoch 6600, Reverse Model KL ITE: 0.2596
2026-03-28 22:57:31 | DEBUG | sivi:base_runner.py:347| eval_w2 | Epoch 6600, VI W2 to baseline: 0.1230
2026-03-28 22:57:31 | DEBUG | sivi:base_reverse_runner.py:272| eval_w2 | Epoch 6600, Reverse Model W2: 0.1406
2026-03-28 22:57:31 | DEBUG | sivi:base_runner.py:477| eval_elbo | Epoch 6600, ELBO: 0.8947, Std Total: 5.4425, Std Q: nan, CI Half: 0.4771
2026-03-28 22:57:31 | DEBUG | sivi:base_runner.py:507| eval_ksd | Epoch 6600, VI KSD: 0.0003
2026-03-28 22:57:31 | DEBUG | sivi:base_runner.py:337| eval_kl_ite | Epoch 6610, VI KL to baseline: 0.0171
2026-03-28 22:57:32 | DEBUG | sivi:base_reverse_runner.py:261| eval_kl_ite | Epoch 6610, Reverse Model KL ITE: 0.2626
2026-03-28 22:57:32 | DEBUG | sivi:base_runner.py:347| eval_w2 | Epoch 6610, VI W2 to baseline: 0.1207
2026-03-28 22:57:32 | DEBUG | sivi:base_reverse_runner.py:272| eval_w2 | Epoch 6610, Reverse Model W2: 0.1298
2026-03-28 22:57:32 | DEBUG | sivi:base_runner.py:477| eval_elbo | Epoch 6610, ELBO: 1.9305, Std Total: 12.3883, Std Q: nan, CI Half: 1.0859
2026-03-28 22:57:32 | DEBUG | sivi:base_runner.py:507| eval_ksd | Epoch 6610, VI KSD: 0.0016
2026-03-28 22:57:32 | DEBUG | sivi:base_runner.py:337| eval_kl_ite | Epoch 6620, VI KL to baseline: 0.0197
2026-03-28 22:57:32 | DEBUG | sivi:base_reverse_runner.py:261| eval_kl_ite | Epoch 6620, Reverse Model KL ITE: 0.2393
2026-03-28 22:57:32 | DEBUG | sivi:base_runner.py:347| eval_w2 | Epoch 6620, VI W2 to baseline: 0.1134
2026-03-28 22:57:32 | DEBUG | sivi:base_reverse_runner.py:272| eval_w2 | Epoch 6620, Reverse Model W2: 0.1219
2026-03-28 22:57:32 | DEBUG | sivi:base_runner.py:477| eval_elbo | Epoch 6620, ELBO: 1.6230, Std Total: 11.5088, Std Q: nan, CI Half: 1.0088
2026-03-28 22:57:32 | DEBUG | sivi:base_runner.py:507| eval_ksd | Epoch 6620, VI KSD: 0.0040
2026-03-28 22:57:33 | DEBUG | sivi:base_runner.py:337| eval_kl_ite | Epoch 6630, VI KL to baseline: 0.0482
2026-03-28 22:57:33 | DEBUG | sivi:base_reverse_runner.py:261| eval_kl_ite | Epoch 6630, Reverse Model KL ITE: 0.2643
2026-03-28 22:57:33 | DEBUG | sivi:base_runner.py:347| eval_w2 | Epoch 6630, VI W2 to baseline: 0.1120
2026-03-28 22:57:33 | DEBUG | sivi:base_reverse_runner.py:272| eval_w2 | Epoch 6630, Reverse Model W2: 0.1331
2026-03-28 22:57:33 | DEBUG | sivi:base_runner.py:477| eval_elbo | Epoch 6630, ELBO: 1.4939, Std Total: 10.7015, Std Q: nan, CI Half: 0.9380
2026-03-28 22:57:33 | DEBUG | sivi:base_runner.py:507| eval_ksd | Epoch 6630, VI KSD: 0.0000
2026-03-28 22:57:33 | DEBUG | sivi:base_runner.py:337| eval_kl_ite | Epoch 6640, VI KL to baseline: 0.0262
2026-03-28 22:57:33 | DEBUG | sivi:base_reverse_runner.py:261| eval_kl_ite | Epoch 6640, Reverse Model KL ITE: 0.2451
2026-03-28 22:57:33 | DEBUG | sivi:base_runner.py:347| eval_w2 | Epoch 6640, VI W2 to baseline: 0.1290
2026-03-28 22:57:33 | DEBUG | sivi:base_reverse_runner.py:272| eval_w2 | Epoch 6640, Reverse Model W2: 0.1313
2026-03-28 22:57:33 | DEBUG | sivi:base_runner.py:477| eval_elbo | Epoch 6640, ELBO: 1.5906, Std Total: 12.1723, Std Q: nan, CI Half: 1.0669
2026-03-28 22:57:33 | DEBUG | sivi:base_runner.py:507| eval_ksd | Epoch 6640, VI KSD: 0.0019
2026-03-28 22:57:34 | DEBUG | sivi:base_runner.py:337| eval_kl_ite | Epoch 6650, VI KL to baseline: 0.0195
2026-03-28 22:57:34 | DEBUG | sivi:base_reverse_runner.py:261| eval_kl_ite | Epoch 6650, Reverse Model KL ITE: 0.2442
2026-03-28 22:57:34 | DEBUG | sivi:base_runner.py:347| eval_w2 | Epoch 6650, VI W2 to baseline: 0.1159
2026-03-28 22:57:34 | DEBUG | sivi:base_reverse_runner.py:272| eval_w2 | Epoch 6650, Reverse Model W2: 0.1710
2026-03-28 22:57:34 | DEBUG | sivi:base_runner.py:477| eval_elbo | Epoch 6650, ELBO: 0.7859, Std Total: 6.2313, Std Q: nan, CI Half: 0.5462
2026-03-28 22:57:34 | DEBUG | sivi:base_runner.py:507| eval_ksd | Epoch 6650, VI KSD: 0.0030
2026-03-28 22:57:34 | DEBUG | sivi:base_runner.py:337| eval_kl_ite | Epoch 6660, VI KL to baseline: 0.0347
2026-03-28 22:57:34 | DEBUG | sivi:base_reverse_runner.py:261| eval_kl_ite | Epoch 6660, Reverse Model KL ITE: 0.2947
2026-03-28 22:57:34 | DEBUG | sivi:base_runner.py:347| eval_w2 | Epoch 6660, VI W2 to baseline: 0.1171
2026-03-28 22:57:34 | DEBUG | sivi:base_reverse_runner.py:272| eval_w2 | Epoch 6660, Reverse Model W2: 0.1308
2026-03-28 22:57:34 | DEBUG | sivi:base_runner.py:477| eval_elbo | Epoch 6660, ELBO: 0.5172, Std Total: 6.1604, Std Q: nan, CI Half: 0.5400
2026-03-28 22:57:34 | DEBUG | sivi:base_runner.py:507| eval_ksd | Epoch 6660, VI KSD: 0.0028
2026-03-28 22:57:35 | DEBUG | sivi:base_runner.py:337| eval_kl_ite | Epoch 6670, VI KL to baseline: 0.0173
2026-03-28 22:57:35 | DEBUG | sivi:base_reverse_runner.py:261| eval_kl_ite | Epoch 6670, Reverse Model KL ITE: 0.2432
2026-03-28 22:57:35 | DEBUG | sivi:base_runner.py:347| eval_w2 | Epoch 6670, VI W2 to baseline: 0.1234
2026-03-28 22:57:35 | DEBUG | sivi:base_reverse_runner.py:272| eval_w2 | Epoch 6670, Reverse Model W2: 0.1232
2026-03-28 22:57:35 | DEBUG | sivi:base_runner.py:477| eval_elbo | Epoch 6670, ELBO: 1.1765, Std Total: 10.8259, Std Q: nan, CI Half: 0.9489
2026-03-28 22:57:35 | DEBUG | sivi:base_runner.py:507| eval_ksd | Epoch 6670, VI KSD: -0.0009
2026-03-28 22:57:35 | DEBUG | sivi:base_runner.py:337| eval_kl_ite | Epoch 6680, VI KL to baseline: 0.0176
2026-03-28 22:57:35 | DEBUG | sivi:base_reverse_runner.py:261| eval_kl_ite | Epoch 6680, Reverse Model KL ITE: 0.2770
2026-03-28 22:57:35 | DEBUG | sivi:base_runner.py:347| eval_w2 | Epoch 6680, VI W2 to baseline: 0.1116
2026-03-28 22:57:35 | DEBUG | sivi:base_reverse_runner.py:272| eval_w2 | Epoch 6680, Reverse Model W2: 0.1115
2026-03-28 22:57:35 | DEBUG | sivi:base_runner.py:477| eval_elbo | Epoch 6680, ELBO: 0.9543, Std Total: 7.8927, Std Q: nan, CI Half: 0.6918
2026-03-28 22:57:35 | DEBUG | sivi:base_runner.py:507| eval_ksd | Epoch 6680, VI KSD: 0.0034
2026-03-28 22:57:36 | DEBUG | sivi:base_runner.py:337| eval_kl_ite | Epoch 6690, VI KL to baseline: 0.0161
2026-03-28 22:57:36 | DEBUG | sivi:base_reverse_runner.py:261| eval_kl_ite | Epoch 6690, Reverse Model KL ITE: 0.2528
2026-03-28 22:57:36 | DEBUG | sivi:base_runner.py:347| eval_w2 | Epoch 6690, VI W2 to baseline: 0.1186
2026-03-28 22:57:36 | DEBUG | sivi:base_reverse_runner.py:272| eval_w2 | Epoch 6690, Reverse Model W2: 0.1340
2026-03-28 22:57:36 | DEBUG | sivi:base_runner.py:477| eval_elbo | Epoch 6690, ELBO: 0.7362, Std Total: 6.8128, Std Q: nan, CI Half: 0.5972
2026-03-28 22:57:36 | DEBUG | sivi:base_runner.py:507| eval_ksd | Epoch 6690, VI KSD: 0.0044
2026-03-28 22:57:36 | DEBUG | sivi:base_runner.py:874| learn | Epoch 6700: Avg Loss: 0.1405, Avg Epoch Time: 0.0529s
2026-03-28 22:57:36 | DEBUG | sivi:base_runner.py:337| eval_kl_ite | Epoch 6700, VI KL to baseline: 0.0231
2026-03-28 22:57:36 | DEBUG | sivi:base_reverse_runner.py:261| eval_kl_ite | Epoch 6700, Reverse Model KL ITE: 0.2400
2026-03-28 22:57:36 | DEBUG | sivi:base_runner.py:347| eval_w2 | Epoch 6700, VI W2 to baseline: 0.1119
2026-03-28 22:57:36 | DEBUG | sivi:base_reverse_runner.py:272| eval_w2 | Epoch 6700, Reverse Model W2: 0.1410
2026-03-28 22:57:36 | DEBUG | sivi:base_runner.py:477| eval_elbo | Epoch 6700, ELBO: 0.5918, Std Total: 4.9896, Std Q: nan, CI Half: 0.4374
2026-03-28 22:57:36 | DEBUG | sivi:base_runner.py:507| eval_ksd | Epoch 6700, VI KSD: 0.0032
2026-03-28 22:57:37 | DEBUG | sivi:base_runner.py:337| eval_kl_ite | Epoch 6710, VI KL to baseline: 0.0096
2026-03-28 22:57:37 | DEBUG | sivi:base_reverse_runner.py:261| eval_kl_ite | Epoch 6710, Reverse Model KL ITE: 0.2497
2026-03-28 22:57:37 | DEBUG | sivi:base_runner.py:347| eval_w2 | Epoch 6710, VI W2 to baseline: 0.1183
2026-03-28 22:57:37 | DEBUG | sivi:base_reverse_runner.py:272| eval_w2 | Epoch 6710, Reverse Model W2: 0.1222
2026-03-28 22:57:37 | DEBUG | sivi:base_runner.py:477| eval_elbo | Epoch 6710, ELBO: 0.4262, Std Total: 2.8324, Std Q: nan, CI Half: 0.2483
2026-03-28 22:57:37 | DEBUG | sivi:base_runner.py:507| eval_ksd | Epoch 6710, VI KSD: 0.0019
2026-03-28 22:57:37 | DEBUG | sivi:base_runner.py:337| eval_kl_ite | Epoch 6720, VI KL to baseline: 0.0122
2026-03-28 22:57:37 | DEBUG | sivi:base_reverse_runner.py:261| eval_kl_ite | Epoch 6720, Reverse Model KL ITE: 0.2442
2026-03-28 22:57:37 | DEBUG | sivi:base_runner.py:347| eval_w2 | Epoch 6720, VI W2 to baseline: 0.1093
2026-03-28 22:57:37 | DEBUG | sivi:base_reverse_runner.py:272| eval_w2 | Epoch 6720, Reverse Model W2: 0.1062
2026-03-28 22:57:37 | DEBUG | sivi:base_runner.py:477| eval_elbo | Epoch 6720, ELBO: 1.1316, Std Total: 8.3054, Std Q: nan, CI Half: 0.7280
2026-03-28 22:57:37 | DEBUG | sivi:base_runner.py:507| eval_ksd | Epoch 6720, VI KSD: 0.0014
2026-03-28 22:57:38 | DEBUG | sivi:base_runner.py:337| eval_kl_ite | Epoch 6730, VI KL to baseline: 0.0316
2026-03-28 22:57:38 | DEBUG | sivi:base_reverse_runner.py:261| eval_kl_ite | Epoch 6730, Reverse Model KL ITE: 0.2410
2026-03-28 22:57:38 | DEBUG | sivi:base_runner.py:347| eval_w2 | Epoch 6730, VI W2 to baseline: 0.1162
2026-03-28 22:57:38 | DEBUG | sivi:base_reverse_runner.py:272| eval_w2 | Epoch 6730, Reverse Model W2: 0.1177
2026-03-28 22:57:38 | DEBUG | sivi:base_runner.py:477| eval_elbo | Epoch 6730, ELBO: 1.3497, Std Total: 10.0446, Std Q: nan, CI Half: 0.8804
2026-03-28 22:57:38 | DEBUG | sivi:base_runner.py:507| eval_ksd | Epoch 6730, VI KSD: 0.0006
2026-03-28 22:57:38 | DEBUG | sivi:base_runner.py:337| eval_kl_ite | Epoch 6740, VI KL to baseline: 0.0189
2026-03-28 22:57:38 | DEBUG | sivi:base_reverse_runner.py:261| eval_kl_ite | Epoch 6740, Reverse Model KL ITE: 0.2414
2026-03-28 22:57:38 | DEBUG | sivi:base_runner.py:347| eval_w2 | Epoch 6740, VI W2 to baseline: 0.1191
2026-03-28 22:57:38 | DEBUG | sivi:base_reverse_runner.py:272| eval_w2 | Epoch 6740, Reverse Model W2: 0.2069
2026-03-28 22:57:38 | DEBUG | sivi:base_runner.py:477| eval_elbo | Epoch 6740, ELBO: 0.9767, Std Total: 9.1369, Std Q: nan, CI Half: 0.8009
2026-03-28 22:57:38 | DEBUG | sivi:base_runner.py:507| eval_ksd | Epoch 6740, VI KSD: 0.0006
2026-03-28 22:57:39 | DEBUG | sivi:base_runner.py:337| eval_kl_ite | Epoch 6750, VI KL to baseline: 0.0295
2026-03-28 22:57:39 | DEBUG | sivi:base_reverse_runner.py:261| eval_kl_ite | Epoch 6750, Reverse Model KL ITE: 0.2659
2026-03-28 22:57:39 | DEBUG | sivi:base_runner.py:347| eval_w2 | Epoch 6750, VI W2 to baseline: 0.1365
2026-03-28 22:57:39 | DEBUG | sivi:base_reverse_runner.py:272| eval_w2 | Epoch 6750, Reverse Model W2: 0.1295
2026-03-28 22:57:39 | DEBUG | sivi:base_runner.py:477| eval_elbo | Epoch 6750, ELBO: 0.5863, Std Total: 4.8598, Std Q: nan, CI Half: 0.4260
2026-03-28 22:57:39 | DEBUG | sivi:base_runner.py:507| eval_ksd | Epoch 6750, VI KSD: 0.0019
2026-03-28 22:57:39 | DEBUG | sivi:base_runner.py:337| eval_kl_ite | Epoch 6760, VI KL to baseline: 0.0386
2026-03-28 22:57:39 | DEBUG | sivi:base_reverse_runner.py:261| eval_kl_ite | Epoch 6760, Reverse Model KL ITE: 0.2600
2026-03-28 22:57:39 | DEBUG | sivi:base_runner.py:347| eval_w2 | Epoch 6760, VI W2 to baseline: 0.1289
2026-03-28 22:57:39 | DEBUG | sivi:base_reverse_runner.py:272| eval_w2 | Epoch 6760, Reverse Model W2: 0.1263
2026-03-28 22:57:39 | DEBUG | sivi:base_runner.py:477| eval_elbo | Epoch 6760, ELBO: 1.1241, Std Total: 7.9047, Std Q: nan, CI Half: 0.6929
2026-03-28 22:57:39 | DEBUG | sivi:base_runner.py:507| eval_ksd | Epoch 6760, VI KSD: 0.0020
2026-03-28 22:57:40 | DEBUG | sivi:base_runner.py:337| eval_kl_ite | Epoch 6770, VI KL to baseline: 0.0459
2026-03-28 22:57:40 | DEBUG | sivi:base_reverse_runner.py:261| eval_kl_ite | Epoch 6770, Reverse Model KL ITE: 0.2474
2026-03-28 22:57:40 | DEBUG | sivi:base_runner.py:347| eval_w2 | Epoch 6770, VI W2 to baseline: 0.1256
2026-03-28 22:57:40 | DEBUG | sivi:base_reverse_runner.py:272| eval_w2 | Epoch 6770, Reverse Model W2: 0.1281
2026-03-28 22:57:40 | DEBUG | sivi:base_runner.py:477| eval_elbo | Epoch 6770, ELBO: 2.1369, Std Total: 13.6822, Std Q: nan, CI Half: 1.1993
2026-03-28 22:57:40 | DEBUG | sivi:base_runner.py:507| eval_ksd | Epoch 6770, VI KSD: 0.0066
2026-03-28 22:57:40 | DEBUG | sivi:base_runner.py:337| eval_kl_ite | Epoch 6780, VI KL to baseline: 0.0155
2026-03-28 22:57:40 | DEBUG | sivi:base_reverse_runner.py:261| eval_kl_ite | Epoch 6780, Reverse Model KL ITE: 0.2378
2026-03-28 22:57:40 | DEBUG | sivi:base_runner.py:347| eval_w2 | Epoch 6780, VI W2 to baseline: 0.1318
2026-03-28 22:57:40 | DEBUG | sivi:base_reverse_runner.py:272| eval_w2 | Epoch 6780, Reverse Model W2: 0.1276
2026-03-28 22:57:40 | DEBUG | sivi:base_runner.py:477| eval_elbo | Epoch 6780, ELBO: 1.3722, Std Total: 9.5048, Std Q: nan, CI Half: 0.8331
2026-03-28 22:57:40 | DEBUG | sivi:base_runner.py:507| eval_ksd | Epoch 6780, VI KSD: 0.0034
2026-03-28 22:57:41 | DEBUG | sivi:base_runner.py:337| eval_kl_ite | Epoch 6790, VI KL to baseline: 0.0167
2026-03-28 22:57:41 | DEBUG | sivi:base_reverse_runner.py:261| eval_kl_ite | Epoch 6790, Reverse Model KL ITE: 0.2754
2026-03-28 22:57:41 | DEBUG | sivi:base_runner.py:347| eval_w2 | Epoch 6790, VI W2 to baseline: 0.1243
2026-03-28 22:57:41 | DEBUG | sivi:base_reverse_runner.py:272| eval_w2 | Epoch 6790, Reverse Model W2: 0.1434
2026-03-28 22:57:41 | DEBUG | sivi:base_runner.py:477| eval_elbo | Epoch 6790, ELBO: 0.9358, Std Total: 8.0935, Std Q: nan, CI Half: 0.7094
2026-03-28 22:57:41 | DEBUG | sivi:base_runner.py:507| eval_ksd | Epoch 6790, VI KSD: 0.0015
2026-03-28 22:57:41 | DEBUG | sivi:base_runner.py:874| learn | Epoch 6800: Avg Loss: -0.1469, Avg Epoch Time: 0.0520s
2026-03-28 22:57:41 | DEBUG | sivi:base_runner.py:337| eval_kl_ite | Epoch 6800, VI KL to baseline: 0.0261
2026-03-28 22:57:42 | DEBUG | sivi:base_reverse_runner.py:261| eval_kl_ite | Epoch 6800, Reverse Model KL ITE: 0.2497
2026-03-28 22:57:42 | DEBUG | sivi:base_runner.py:347| eval_w2 | Epoch 6800, VI W2 to baseline: 0.1290
2026-03-28 22:57:42 | DEBUG | sivi:base_reverse_runner.py:272| eval_w2 | Epoch 6800, Reverse Model W2: 0.1182
2026-03-28 22:57:42 | DEBUG | sivi:base_runner.py:477| eval_elbo | Epoch 6800, ELBO: 1.0733, Std Total: 7.3188, Std Q: nan, CI Half: 0.6415
2026-03-28 22:57:42 | DEBUG | sivi:base_runner.py:507| eval_ksd | Epoch 6800, VI KSD: 0.0032
2026-03-28 22:57:42 | DEBUG | sivi:base_runner.py:337| eval_kl_ite | Epoch 6810, VI KL to baseline: 0.0205
2026-03-28 22:57:42 | DEBUG | sivi:base_reverse_runner.py:261| eval_kl_ite | Epoch 6810, Reverse Model KL ITE: 0.2560
2026-03-28 22:57:42 | DEBUG | sivi:base_runner.py:347| eval_w2 | Epoch 6810, VI W2 to baseline: 0.1312
2026-03-28 22:57:42 | DEBUG | sivi:base_reverse_runner.py:272| eval_w2 | Epoch 6810, Reverse Model W2: 0.1174
2026-03-28 22:57:42 | DEBUG | sivi:base_runner.py:477| eval_elbo | Epoch 6810, ELBO: 0.9094, Std Total: 7.0343, Std Q: nan, CI Half: 0.6166
2026-03-28 22:57:42 | DEBUG | sivi:base_runner.py:507| eval_ksd | Epoch 6810, VI KSD: 0.0031
2026-03-28 22:57:42 | DEBUG | sivi:base_runner.py:337| eval_kl_ite | Epoch 6820, VI KL to baseline: 0.0254
2026-03-28 22:57:42 | DEBUG | sivi:base_reverse_runner.py:261| eval_kl_ite | Epoch 6820, Reverse Model KL ITE: 0.2279
2026-03-28 22:57:43 | DEBUG | sivi:base_runner.py:347| eval_w2 | Epoch 6820, VI W2 to baseline: 0.1328
2026-03-28 22:57:43 | DEBUG | sivi:base_reverse_runner.py:272| eval_w2 | Epoch 6820, Reverse Model W2: 0.1180
2026-03-28 22:57:43 | DEBUG | sivi:base_runner.py:477| eval_elbo | Epoch 6820, ELBO: 0.9248, Std Total: 7.9821, Std Q: nan, CI Half: 0.6997
2026-03-28 22:57:43 | DEBUG | sivi:base_runner.py:507| eval_ksd | Epoch 6820, VI KSD: 0.0057
2026-03-28 22:57:43 | DEBUG | sivi:base_runner.py:337| eval_kl_ite | Epoch 6830, VI KL to baseline: 0.0201
2026-03-28 22:57:43 | DEBUG | sivi:base_reverse_runner.py:261| eval_kl_ite | Epoch 6830, Reverse Model KL ITE: 0.2480
2026-03-28 22:57:43 | DEBUG | sivi:base_runner.py:347| eval_w2 | Epoch 6830, VI W2 to baseline: 0.1579
2026-03-28 22:57:43 | DEBUG | sivi:base_reverse_runner.py:272| eval_w2 | Epoch 6830, Reverse Model W2: 0.1368
2026-03-28 22:57:43 | DEBUG | sivi:base_runner.py:477| eval_elbo | Epoch 6830, ELBO: 0.8730, Std Total: 7.4743, Std Q: nan, CI Half: 0.6552
2026-03-28 22:57:43 | DEBUG | sivi:base_runner.py:507| eval_ksd | Epoch 6830, VI KSD: 0.0041
2026-03-28 22:57:43 | DEBUG | sivi:base_runner.py:337| eval_kl_ite | Epoch 6840, VI KL to baseline: 0.0280
2026-03-28 22:57:44 | DEBUG | sivi:base_reverse_runner.py:261| eval_kl_ite | Epoch 6840, Reverse Model KL ITE: 0.2528
2026-03-28 22:57:44 | DEBUG | sivi:base_runner.py:347| eval_w2 | Epoch 6840, VI W2 to baseline: 0.1505
2026-03-28 22:57:44 | DEBUG | sivi:base_reverse_runner.py:272| eval_w2 | Epoch 6840, Reverse Model W2: 0.1430
2026-03-28 22:57:44 | DEBUG | sivi:base_runner.py:477| eval_elbo | Epoch 6840, ELBO: 1.4154, Std Total: 9.5192, Std Q: nan, CI Half: 0.8344
2026-03-28 22:57:44 | DEBUG | sivi:base_runner.py:507| eval_ksd | Epoch 6840, VI KSD: 0.0016
2026-03-28 22:57:44 | DEBUG | sivi:base_runner.py:337| eval_kl_ite | Epoch 6850, VI KL to baseline: 0.0213
2026-03-28 22:57:44 | DEBUG | sivi:base_reverse_runner.py:261| eval_kl_ite | Epoch 6850, Reverse Model KL ITE: 0.2419
2026-03-28 22:57:44 | DEBUG | sivi:base_runner.py:347| eval_w2 | Epoch 6850, VI W2 to baseline: 0.1557
2026-03-28 22:57:44 | DEBUG | sivi:base_reverse_runner.py:272| eval_w2 | Epoch 6850, Reverse Model W2: 0.1918
2026-03-28 22:57:44 | DEBUG | sivi:base_runner.py:477| eval_elbo | Epoch 6850, ELBO: 0.9704, Std Total: 8.0631, Std Q: nan, CI Half: 0.7068
2026-03-28 22:57:44 | DEBUG | sivi:base_runner.py:507| eval_ksd | Epoch 6850, VI KSD: 0.0065
2026-03-28 22:57:45 | DEBUG | sivi:base_runner.py:337| eval_kl_ite | Epoch 6860, VI KL to baseline: 0.0229
2026-03-28 22:57:45 | DEBUG | sivi:base_reverse_runner.py:261| eval_kl_ite | Epoch 6860, Reverse Model KL ITE: 0.2307
2026-03-28 22:57:45 | DEBUG | sivi:base_runner.py:347| eval_w2 | Epoch 6860, VI W2 to baseline: 0.1185
2026-03-28 22:57:45 | DEBUG | sivi:base_reverse_runner.py:272| eval_w2 | Epoch 6860, Reverse Model W2: 0.1188
2026-03-28 22:57:45 | DEBUG | sivi:base_runner.py:477| eval_elbo | Epoch 6860, ELBO: 0.6028, Std Total: 5.1197, Std Q: nan, CI Half: 0.4488
2026-03-28 22:57:45 | DEBUG | sivi:base_runner.py:507| eval_ksd | Epoch 6860, VI KSD: 0.0022
2026-03-28 22:57:45 | DEBUG | sivi:base_runner.py:337| eval_kl_ite | Epoch 6870, VI KL to baseline: 0.0160
2026-03-28 22:57:45 | DEBUG | sivi:base_reverse_runner.py:261| eval_kl_ite | Epoch 6870, Reverse Model KL ITE: 0.2451
2026-03-28 22:57:45 | DEBUG | sivi:base_runner.py:347| eval_w2 | Epoch 6870, VI W2 to baseline: 0.1503
2026-03-28 22:57:45 | DEBUG | sivi:base_reverse_runner.py:272| eval_w2 | Epoch 6870, Reverse Model W2: 0.1214
2026-03-28 22:57:45 | DEBUG | sivi:base_runner.py:477| eval_elbo | Epoch 6870, ELBO: 0.7010, Std Total: 5.4165, Std Q: nan, CI Half: 0.4748
2026-03-28 22:57:45 | DEBUG | sivi:base_runner.py:507| eval_ksd | Epoch 6870, VI KSD: 0.0022
2026-03-28 22:57:46 | DEBUG | sivi:base_runner.py:337| eval_kl_ite | Epoch 6880, VI KL to baseline: 0.0307
2026-03-28 22:57:46 | DEBUG | sivi:base_reverse_runner.py:261| eval_kl_ite | Epoch 6880, Reverse Model KL ITE: 0.2876
2026-03-28 22:57:46 | DEBUG | sivi:base_runner.py:347| eval_w2 | Epoch 6880, VI W2 to baseline: 0.1233
2026-03-28 22:57:46 | DEBUG | sivi:base_reverse_runner.py:272| eval_w2 | Epoch 6880, Reverse Model W2: 0.1222
2026-03-28 22:57:46 | DEBUG | sivi:base_runner.py:477| eval_elbo | Epoch 6880, ELBO: 0.9624, Std Total: 8.3566, Std Q: nan, CI Half: 0.7325
2026-03-28 22:57:46 | DEBUG | sivi:base_runner.py:507| eval_ksd | Epoch 6880, VI KSD: 0.0001
2026-03-28 22:57:46 | DEBUG | sivi:base_runner.py:337| eval_kl_ite | Epoch 6890, VI KL to baseline: 0.0263
2026-03-28 22:57:46 | DEBUG | sivi:base_reverse_runner.py:261| eval_kl_ite | Epoch 6890, Reverse Model KL ITE: 0.2267
2026-03-28 22:57:46 | DEBUG | sivi:base_runner.py:347| eval_w2 | Epoch 6890, VI W2 to baseline: 0.1095
2026-03-28 22:57:46 | DEBUG | sivi:base_reverse_runner.py:272| eval_w2 | Epoch 6890, Reverse Model W2: 0.1196
2026-03-28 22:57:46 | DEBUG | sivi:base_runner.py:477| eval_elbo | Epoch 6890, ELBO: 0.9600, Std Total: 8.1369, Std Q: nan, CI Half: 0.7132
2026-03-28 22:57:46 | DEBUG | sivi:base_runner.py:507| eval_ksd | Epoch 6890, VI KSD: 0.0013
2026-03-28 22:57:47 | DEBUG | sivi:base_runner.py:874| learn | Epoch 6900: Avg Loss: 0.0586, Avg Epoch Time: 0.0528s
2026-03-28 22:57:47 | DEBUG | sivi:base_runner.py:337| eval_kl_ite | Epoch 6900, VI KL to baseline: 0.0286
2026-03-28 22:57:47 | DEBUG | sivi:base_reverse_runner.py:261| eval_kl_ite | Epoch 6900, Reverse Model KL ITE: 0.2409
2026-03-28 22:57:47 | DEBUG | sivi:base_runner.py:347| eval_w2 | Epoch 6900, VI W2 to baseline: 0.1124
2026-03-28 22:57:47 | DEBUG | sivi:base_reverse_runner.py:272| eval_w2 | Epoch 6900, Reverse Model W2: 0.1135
2026-03-28 22:57:47 | DEBUG | sivi:base_runner.py:477| eval_elbo | Epoch 6900, ELBO: 1.0743, Std Total: 10.0558, Std Q: nan, CI Half: 0.8814
2026-03-28 22:57:47 | DEBUG | sivi:base_runner.py:507| eval_ksd | Epoch 6900, VI KSD: 0.0057
2026-03-28 22:57:47 | DEBUG | sivi:base_runner.py:337| eval_kl_ite | Epoch 6910, VI KL to baseline: 0.0320
2026-03-28 22:57:47 | DEBUG | sivi:base_reverse_runner.py:261| eval_kl_ite | Epoch 6910, Reverse Model KL ITE: 0.2612
2026-03-28 22:57:47 | DEBUG | sivi:base_runner.py:347| eval_w2 | Epoch 6910, VI W2 to baseline: 0.1448
2026-03-28 22:57:47 | DEBUG | sivi:base_reverse_runner.py:272| eval_w2 | Epoch 6910, Reverse Model W2: 0.1257
2026-03-28 22:57:47 | DEBUG | sivi:base_runner.py:477| eval_elbo | Epoch 6910, ELBO: 0.6613, Std Total: 5.3339, Std Q: nan, CI Half: 0.4675
2026-03-28 22:57:47 | DEBUG | sivi:base_runner.py:507| eval_ksd | Epoch 6910, VI KSD: 0.0029
2026-03-28 22:57:48 | DEBUG | sivi:base_runner.py:337| eval_kl_ite | Epoch 6920, VI KL to baseline: 0.0243
2026-03-28 22:57:48 | DEBUG | sivi:base_reverse_runner.py:261| eval_kl_ite | Epoch 6920, Reverse Model KL ITE: 0.2335
2026-03-28 22:57:48 | DEBUG | sivi:base_runner.py:347| eval_w2 | Epoch 6920, VI W2 to baseline: 0.1570
2026-03-28 22:57:48 | DEBUG | sivi:base_reverse_runner.py:272| eval_w2 | Epoch 6920, Reverse Model W2: 0.1341
2026-03-28 22:57:48 | DEBUG | sivi:base_runner.py:477| eval_elbo | Epoch 6920, ELBO: 0.8278, Std Total: 6.3734, Std Q: nan, CI Half: 0.5587
2026-03-28 22:57:48 | DEBUG | sivi:base_runner.py:507| eval_ksd | Epoch 6920, VI KSD: 0.0007
2026-03-28 22:57:49 | DEBUG | sivi:base_runner.py:337| eval_kl_ite | Epoch 6930, VI KL to baseline: 0.0417
2026-03-28 22:57:49 | DEBUG | sivi:base_reverse_runner.py:261| eval_kl_ite | Epoch 6930, Reverse Model KL ITE: 0.2402
2026-03-28 22:57:49 | DEBUG | sivi:base_runner.py:347| eval_w2 | Epoch 6930, VI W2 to baseline: 0.1369
2026-03-28 22:57:49 | DEBUG | sivi:base_reverse_runner.py:272| eval_w2 | Epoch 6930, Reverse Model W2: 0.1201
2026-03-28 22:57:49 | DEBUG | sivi:base_runner.py:477| eval_elbo | Epoch 6930, ELBO: 1.0106, Std Total: 7.7173, Std Q: nan, CI Half: 0.6765
2026-03-28 22:57:49 | DEBUG | sivi:base_runner.py:507| eval_ksd | Epoch 6930, VI KSD: 0.0055
2026-03-28 22:57:49 | DEBUG | sivi:base_runner.py:337| eval_kl_ite | Epoch 6940, VI KL to baseline: 0.0098
2026-03-28 22:57:49 | DEBUG | sivi:base_reverse_runner.py:261| eval_kl_ite | Epoch 6940, Reverse Model KL ITE: 0.2478
2026-03-28 22:57:49 | DEBUG | sivi:base_runner.py:347| eval_w2 | Epoch 6940, VI W2 to baseline: 0.1446
2026-03-28 22:57:49 | DEBUG | sivi:base_reverse_runner.py:272| eval_w2 | Epoch 6940, Reverse Model W2: 0.1316
2026-03-28 22:57:49 | DEBUG | sivi:base_runner.py:477| eval_elbo | Epoch 6940, ELBO: 0.7997, Std Total: 5.2964, Std Q: nan, CI Half: 0.4643
2026-03-28 22:57:49 | DEBUG | sivi:base_runner.py:507| eval_ksd | Epoch 6940, VI KSD: 0.0034
2026-03-28 22:57:49 | DEBUG | sivi:base_runner.py:337| eval_kl_ite | Epoch 6950, VI KL to baseline: 0.0309
2026-03-28 22:57:50 | DEBUG | sivi:base_reverse_runner.py:261| eval_kl_ite | Epoch 6950, Reverse Model KL ITE: 0.2120
2026-03-28 22:57:50 | DEBUG | sivi:base_runner.py:347| eval_w2 | Epoch 6950, VI W2 to baseline: 0.1293
2026-03-28 22:57:50 | DEBUG | sivi:base_reverse_runner.py:272| eval_w2 | Epoch 6950, Reverse Model W2: 0.1261
2026-03-28 22:57:50 | DEBUG | sivi:base_runner.py:477| eval_elbo | Epoch 6950, ELBO: 0.7906, Std Total: 6.8002, Std Q: nan, CI Half: 0.5961
2026-03-28 22:57:50 | DEBUG | sivi:base_runner.py:507| eval_ksd | Epoch 6950, VI KSD: 0.0024
2026-03-28 22:57:50 | DEBUG | sivi:base_runner.py:337| eval_kl_ite | Epoch 6960, VI KL to baseline: 0.0278
2026-03-28 22:57:50 | DEBUG | sivi:base_reverse_runner.py:261| eval_kl_ite | Epoch 6960, Reverse Model KL ITE: 0.2419
2026-03-28 22:57:50 | DEBUG | sivi:base_runner.py:347| eval_w2 | Epoch 6960, VI W2 to baseline: 0.1374
2026-03-28 22:57:50 | DEBUG | sivi:base_reverse_runner.py:272| eval_w2 | Epoch 6960, Reverse Model W2: 0.1150
2026-03-28 22:57:50 | DEBUG | sivi:base_runner.py:477| eval_elbo | Epoch 6960, ELBO: 1.2603, Std Total: 7.8569, Std Q: nan, CI Half: 0.6887
2026-03-28 22:57:50 | DEBUG | sivi:base_runner.py:507| eval_ksd | Epoch 6960, VI KSD: 0.0040
2026-03-28 22:57:50 | DEBUG | sivi:base_runner.py:337| eval_kl_ite | Epoch 6970, VI KL to baseline: 0.0302
2026-03-28 22:57:51 | DEBUG | sivi:base_reverse_runner.py:261| eval_kl_ite | Epoch 6970, Reverse Model KL ITE: 0.2371
2026-03-28 22:57:51 | DEBUG | sivi:base_runner.py:347| eval_w2 | Epoch 6970, VI W2 to baseline: 0.1760
2026-03-28 22:57:51 | DEBUG | sivi:base_reverse_runner.py:272| eval_w2 | Epoch 6970, Reverse Model W2: 0.1281
2026-03-28 22:57:51 | DEBUG | sivi:base_runner.py:477| eval_elbo | Epoch 6970, ELBO: 1.5914, Std Total: 11.0827, Std Q: nan, CI Half: 0.9714
2026-03-28 22:57:51 | DEBUG | sivi:base_runner.py:507| eval_ksd | Epoch 6970, VI KSD: 0.0017
2026-03-28 22:57:51 | DEBUG | sivi:base_runner.py:337| eval_kl_ite | Epoch 6980, VI KL to baseline: 0.0408
2026-03-28 22:57:51 | DEBUG | sivi:base_reverse_runner.py:261| eval_kl_ite | Epoch 6980, Reverse Model KL ITE: 0.2558
2026-03-28 22:57:51 | DEBUG | sivi:base_runner.py:347| eval_w2 | Epoch 6980, VI W2 to baseline: 0.1407
2026-03-28 22:57:51 | DEBUG | sivi:base_reverse_runner.py:272| eval_w2 | Epoch 6980, Reverse Model W2: 0.1299
2026-03-28 22:57:51 | DEBUG | sivi:base_runner.py:477| eval_elbo | Epoch 6980, ELBO: 0.7258, Std Total: 5.9818, Std Q: nan, CI Half: 0.5243
2026-03-28 22:57:51 | DEBUG | sivi:base_runner.py:507| eval_ksd | Epoch 6980, VI KSD: 0.0051
2026-03-28 22:57:51 | DEBUG | sivi:base_runner.py:337| eval_kl_ite | Epoch 6990, VI KL to baseline: 0.0258
2026-03-28 22:57:51 | DEBUG | sivi:base_reverse_runner.py:261| eval_kl_ite | Epoch 6990, Reverse Model KL ITE: 0.2379
2026-03-28 22:57:51 | DEBUG | sivi:base_runner.py:347| eval_w2 | Epoch 6990, VI W2 to baseline: 0.1446
2026-03-28 22:57:51 | DEBUG | sivi:base_reverse_runner.py:272| eval_w2 | Epoch 6990, Reverse Model W2: 0.1224
2026-03-28 22:57:51 | DEBUG | sivi:base_runner.py:477| eval_elbo | Epoch 6990, ELBO: 2.0451, Std Total: 11.7492, Std Q: nan, CI Half: 1.0299
2026-03-28 22:57:51 | DEBUG | sivi:base_runner.py:507| eval_ksd | Epoch 6990, VI KSD: 0.0066
2026-03-28 22:57:52 | DEBUG | sivi:base_runner.py:874| learn | Epoch 7000: Avg Loss: -0.4616, Avg Epoch Time: 0.0522s
2026-03-28 22:57:52 | DEBUG | sivi:base_reverse_runner.py:183| _training_rev_log_func | Epoch 7000, Inner epoch 1, Reverse Model Loss: 3.7701, Avg Steps: 1.0000
2026-03-28 22:57:52 | DEBUG | sivi:base_runner.py:588| save_samples | Saved 100000 samples at epoch 7000.
2026-03-28 22:57:52 | DEBUG | sivi:base_runner.py:607| save_checkpoint | Saved VIModel checkpoints at epoch 7000 to results/AISIVI/x_shaped/20260328_225057/checkpoints/epoch_7000.
2026-03-28 22:57:52 | DEBUG | sivi:base_reverse_runner.py:476| save_checkpoint | Saved reverse checkpoints at epoch 7000 to results/AISIVI/x_shaped/20260328_225057/checkpoints/epoch_7000.
2026-03-28 22:57:52 | DEBUG | sivi:base_runner.py:337| eval_kl_ite | Epoch 7000, VI KL to baseline: 0.0275
2026-03-28 22:57:52 | DEBUG | sivi:base_reverse_runner.py:261| eval_kl_ite | Epoch 7000, Reverse Model KL ITE: 0.2379
2026-03-28 22:57:52 | DEBUG | sivi:base_runner.py:347| eval_w2 | Epoch 7000, VI W2 to baseline: 0.1578
2026-03-28 22:57:52 | DEBUG | sivi:base_reverse_runner.py:272| eval_w2 | Epoch 7000, Reverse Model W2: 0.1412
2026-03-28 22:57:52 | DEBUG | sivi:base_runner.py:477| eval_elbo | Epoch 7000, ELBO: 1.4451, Std Total: 9.7921, Std Q: nan, CI Half: 0.8583
2026-03-28 22:57:52 | DEBUG | sivi:base_runner.py:507| eval_ksd | Epoch 7000, VI KSD: 0.0014
2026-03-28 22:57:52 | DEBUG | sivi:base_runner.py:970| learn | Saved contour plot at epoch 7000.
2026-03-28 22:57:53 | DEBUG | sivi:base_runner.py:337| eval_kl_ite | Epoch 7010, VI KL to baseline: 0.0479
2026-03-28 22:57:53 | DEBUG | sivi:base_reverse_runner.py:261| eval_kl_ite | Epoch 7010, Reverse Model KL ITE: 0.2171
2026-03-28 22:57:53 | DEBUG | sivi:base_runner.py:347| eval_w2 | Epoch 7010, VI W2 to baseline: 0.1642
2026-03-28 22:57:53 | DEBUG | sivi:base_reverse_runner.py:272| eval_w2 | Epoch 7010, Reverse Model W2: 0.1102
2026-03-28 22:57:53 | DEBUG | sivi:base_runner.py:477| eval_elbo | Epoch 7010, ELBO: 0.7307, Std Total: 7.3547, Std Q: nan, CI Half: 0.6447
2026-03-28 22:57:53 | DEBUG | sivi:base_runner.py:507| eval_ksd | Epoch 7010, VI KSD: 0.0032
2026-03-28 22:57:53 | DEBUG | sivi:base_runner.py:337| eval_kl_ite | Epoch 7020, VI KL to baseline: 0.0293
2026-03-28 22:57:53 | DEBUG | sivi:base_reverse_runner.py:261| eval_kl_ite | Epoch 7020, Reverse Model KL ITE: 0.2140
2026-03-28 22:57:53 | DEBUG | sivi:base_runner.py:347| eval_w2 | Epoch 7020, VI W2 to baseline: 0.1461
2026-03-28 22:57:53 | DEBUG | sivi:base_reverse_runner.py:272| eval_w2 | Epoch 7020, Reverse Model W2: 0.1342
2026-03-28 22:57:53 | DEBUG | sivi:base_runner.py:477| eval_elbo | Epoch 7020, ELBO: 1.1777, Std Total: 8.7226, Std Q: nan, CI Half: 0.7646
2026-03-28 22:57:53 | DEBUG | sivi:base_runner.py:507| eval_ksd | Epoch 7020, VI KSD: 0.0049
2026-03-28 22:57:54 | DEBUG | sivi:base_runner.py:337| eval_kl_ite | Epoch 7030, VI KL to baseline: 0.0218
2026-03-28 22:57:54 | DEBUG | sivi:base_reverse_runner.py:261| eval_kl_ite | Epoch 7030, Reverse Model KL ITE: 0.2175
2026-03-28 22:57:54 | DEBUG | sivi:base_runner.py:347| eval_w2 | Epoch 7030, VI W2 to baseline: 0.1313
2026-03-28 22:57:54 | DEBUG | sivi:base_reverse_runner.py:272| eval_w2 | Epoch 7030, Reverse Model W2: 0.1340
2026-03-28 22:57:54 | DEBUG | sivi:base_runner.py:477| eval_elbo | Epoch 7030, ELBO: 1.4256, Std Total: 9.2947, Std Q: nan, CI Half: 0.8147
2026-03-28 22:57:54 | DEBUG | sivi:base_runner.py:507| eval_ksd | Epoch 7030, VI KSD: 0.0028
2026-03-28 22:57:54 | DEBUG | sivi:base_runner.py:337| eval_kl_ite | Epoch 7040, VI KL to baseline: 0.0354
2026-03-28 22:57:54 | DEBUG | sivi:base_reverse_runner.py:261| eval_kl_ite | Epoch 7040, Reverse Model KL ITE: 0.2384
2026-03-28 22:57:54 | DEBUG | sivi:base_runner.py:347| eval_w2 | Epoch 7040, VI W2 to baseline: 0.1645
2026-03-28 22:57:54 | DEBUG | sivi:base_reverse_runner.py:272| eval_w2 | Epoch 7040, Reverse Model W2: 0.1284
2026-03-28 22:57:54 | DEBUG | sivi:base_runner.py:477| eval_elbo | Epoch 7040, ELBO: 0.7931, Std Total: 8.4096, Std Q: nan, CI Half: 0.7371
2026-03-28 22:57:54 | DEBUG | sivi:base_runner.py:507| eval_ksd | Epoch 7040, VI KSD: 0.0057
2026-03-28 22:57:55 | DEBUG | sivi:base_runner.py:337| eval_kl_ite | Epoch 7050, VI KL to baseline: 0.0320
2026-03-28 22:57:55 | DEBUG | sivi:base_reverse_runner.py:261| eval_kl_ite | Epoch 7050, Reverse Model KL ITE: 0.2418
2026-03-28 22:57:55 | DEBUG | sivi:base_runner.py:347| eval_w2 | Epoch 7050, VI W2 to baseline: 0.1651
2026-03-28 22:57:55 | DEBUG | sivi:base_reverse_runner.py:272| eval_w2 | Epoch 7050, Reverse Model W2: 0.1310
2026-03-28 22:57:55 | DEBUG | sivi:base_runner.py:477| eval_elbo | Epoch 7050, ELBO: 1.2758, Std Total: 12.0477, Std Q: nan, CI Half: 1.0560
2026-03-28 22:57:55 | DEBUG | sivi:base_runner.py:507| eval_ksd | Epoch 7050, VI KSD: 0.0013
2026-03-28 22:57:55 | DEBUG | sivi:base_runner.py:337| eval_kl_ite | Epoch 7060, VI KL to baseline: 0.0308
2026-03-28 22:57:55 | DEBUG | sivi:base_reverse_runner.py:261| eval_kl_ite | Epoch 7060, Reverse Model KL ITE: 0.2252
2026-03-28 22:57:55 | DEBUG | sivi:base_runner.py:347| eval_w2 | Epoch 7060, VI W2 to baseline: 0.1418
2026-03-28 22:57:55 | DEBUG | sivi:base_reverse_runner.py:272| eval_w2 | Epoch 7060, Reverse Model W2: 0.1268
2026-03-28 22:57:55 | DEBUG | sivi:base_runner.py:477| eval_elbo | Epoch 7060, ELBO: 1.1657, Std Total: 8.2102, Std Q: nan, CI Half: 0.7197
2026-03-28 22:57:55 | DEBUG | sivi:base_runner.py:507| eval_ksd | Epoch 7060, VI KSD: 0.0002
2026-03-28 22:57:56 | DEBUG | sivi:base_runner.py:337| eval_kl_ite | Epoch 7070, VI KL to baseline: 0.0177
2026-03-28 22:57:56 | DEBUG | sivi:base_reverse_runner.py:261| eval_kl_ite | Epoch 7070, Reverse Model KL ITE: 0.2260
2026-03-28 22:57:56 | DEBUG | sivi:base_runner.py:347| eval_w2 | Epoch 7070, VI W2 to baseline: 0.1432
2026-03-28 22:57:56 | DEBUG | sivi:base_reverse_runner.py:272| eval_w2 | Epoch 7070, Reverse Model W2: 0.1340
2026-03-28 22:57:56 | DEBUG | sivi:base_runner.py:477| eval_elbo | Epoch 7070, ELBO: 0.6253, Std Total: 5.9598, Std Q: nan, CI Half: 0.5224
2026-03-28 22:57:56 | DEBUG | sivi:base_runner.py:507| eval_ksd | Epoch 7070, VI KSD: 0.0009
2026-03-28 22:57:56 | DEBUG | sivi:base_runner.py:337| eval_kl_ite | Epoch 7080, VI KL to baseline: 0.0097
2026-03-28 22:57:56 | DEBUG | sivi:base_reverse_runner.py:261| eval_kl_ite | Epoch 7080, Reverse Model KL ITE: 0.2779
2026-03-28 22:57:56 | DEBUG | sivi:base_runner.py:347| eval_w2 | Epoch 7080, VI W2 to baseline: 0.1359
2026-03-28 22:57:56 | DEBUG | sivi:base_reverse_runner.py:272| eval_w2 | Epoch 7080, Reverse Model W2: 0.1236
2026-03-28 22:57:56 | DEBUG | sivi:base_runner.py:477| eval_elbo | Epoch 7080, ELBO: 0.6432, Std Total: 4.7267, Std Q: nan, CI Half: 0.4143
2026-03-28 22:57:56 | DEBUG | sivi:base_runner.py:507| eval_ksd | Epoch 7080, VI KSD: 0.0034
2026-03-28 22:57:57 | DEBUG | sivi:base_runner.py:337| eval_kl_ite | Epoch 7090, VI KL to baseline: 0.0207
2026-03-28 22:57:57 | DEBUG | sivi:base_reverse_runner.py:261| eval_kl_ite | Epoch 7090, Reverse Model KL ITE: 0.2515
2026-03-28 22:57:57 | DEBUG | sivi:base_runner.py:347| eval_w2 | Epoch 7090, VI W2 to baseline: 0.1306
2026-03-28 22:57:57 | DEBUG | sivi:base_reverse_runner.py:272| eval_w2 | Epoch 7090, Reverse Model W2: 0.1198
2026-03-28 22:57:57 | DEBUG | sivi:base_runner.py:477| eval_elbo | Epoch 7090, ELBO: 0.8471, Std Total: 7.1960, Std Q: nan, CI Half: 0.6308
2026-03-28 22:57:57 | DEBUG | sivi:base_runner.py:507| eval_ksd | Epoch 7090, VI KSD: 0.0047
2026-03-28 22:57:57 | DEBUG | sivi:base_runner.py:874| learn | Epoch 7100: Avg Loss: 0.7244, Avg Epoch Time: 0.0536s
2026-03-28 22:57:57 | DEBUG | sivi:base_runner.py:337| eval_kl_ite | Epoch 7100, VI KL to baseline: 0.0074
2026-03-28 22:57:57 | DEBUG | sivi:base_reverse_runner.py:261| eval_kl_ite | Epoch 7100, Reverse Model KL ITE: 0.2710
2026-03-28 22:57:57 | DEBUG | sivi:base_runner.py:347| eval_w2 | Epoch 7100, VI W2 to baseline: 0.1473
2026-03-28 22:57:57 | DEBUG | sivi:base_reverse_runner.py:272| eval_w2 | Epoch 7100, Reverse Model W2: 0.1157
2026-03-28 22:57:57 | DEBUG | sivi:base_runner.py:477| eval_elbo | Epoch 7100, ELBO: 0.5491, Std Total: 4.8297, Std Q: nan, CI Half: 0.4233
2026-03-28 22:57:57 | DEBUG | sivi:base_runner.py:507| eval_ksd | Epoch 7100, VI KSD: 0.0033
2026-03-28 22:57:58 | DEBUG | sivi:base_runner.py:337| eval_kl_ite | Epoch 7110, VI KL to baseline: 0.0236
2026-03-28 22:57:58 | DEBUG | sivi:base_reverse_runner.py:261| eval_kl_ite | Epoch 7110, Reverse Model KL ITE: 0.2610
2026-03-28 22:57:58 | DEBUG | sivi:base_runner.py:347| eval_w2 | Epoch 7110, VI W2 to baseline: 0.1484
2026-03-28 22:57:58 | DEBUG | sivi:base_reverse_runner.py:272| eval_w2 | Epoch 7110, Reverse Model W2: 0.1358
2026-03-28 22:57:58 | DEBUG | sivi:base_runner.py:477| eval_elbo | Epoch 7110, ELBO: 1.2416, Std Total: 8.5935, Std Q: nan, CI Half: 0.7533
2026-03-28 22:57:58 | DEBUG | sivi:base_runner.py:507| eval_ksd | Epoch 7110, VI KSD: 0.0033
2026-03-28 22:57:58 | DEBUG | sivi:base_runner.py:337| eval_kl_ite | Epoch 7120, VI KL to baseline: 0.0228
2026-03-28 22:57:58 | DEBUG | sivi:base_reverse_runner.py:261| eval_kl_ite | Epoch 7120, Reverse Model KL ITE: 0.2576
2026-03-28 22:57:58 | DEBUG | sivi:base_runner.py:347| eval_w2 | Epoch 7120, VI W2 to baseline: 0.1323
2026-03-28 22:57:59 | DEBUG | sivi:base_reverse_runner.py:272| eval_w2 | Epoch 7120, Reverse Model W2: 0.1200
2026-03-28 22:57:59 | DEBUG | sivi:base_runner.py:477| eval_elbo | Epoch 7120, ELBO: 1.2402, Std Total: 9.4546, Std Q: nan, CI Half: 0.8287
2026-03-28 22:57:59 | DEBUG | sivi:base_runner.py:507| eval_ksd | Epoch 7120, VI KSD: 0.0006
2026-03-28 22:57:59 | DEBUG | sivi:base_runner.py:337| eval_kl_ite | Epoch 7130, VI KL to baseline: 0.0190
2026-03-28 22:57:59 | DEBUG | sivi:base_reverse_runner.py:261| eval_kl_ite | Epoch 7130, Reverse Model KL ITE: 0.2911
2026-03-28 22:57:59 | DEBUG | sivi:base_runner.py:347| eval_w2 | Epoch 7130, VI W2 to baseline: 0.1320
2026-03-28 22:57:59 | DEBUG | sivi:base_reverse_runner.py:272| eval_w2 | Epoch 7130, Reverse Model W2: 0.1130
2026-03-28 22:57:59 | DEBUG | sivi:base_runner.py:477| eval_elbo | Epoch 7130, ELBO: 0.7058, Std Total: 5.8679, Std Q: nan, CI Half: 0.5143
2026-03-28 22:57:59 | DEBUG | sivi:base_runner.py:507| eval_ksd | Epoch 7130, VI KSD: 0.0005
2026-03-28 22:57:59 | DEBUG | sivi:base_runner.py:337| eval_kl_ite | Epoch 7140, VI KL to baseline: 0.0276
2026-03-28 22:57:59 | DEBUG | sivi:base_reverse_runner.py:261| eval_kl_ite | Epoch 7140, Reverse Model KL ITE: 0.2581
2026-03-28 22:57:59 | DEBUG | sivi:base_runner.py:347| eval_w2 | Epoch 7140, VI W2 to baseline: 0.1386
2026-03-28 22:58:00 | DEBUG | sivi:base_reverse_runner.py:272| eval_w2 | Epoch 7140, Reverse Model W2: 0.1250
2026-03-28 22:58:00 | DEBUG | sivi:base_runner.py:477| eval_elbo | Epoch 7140, ELBO: 0.8955, Std Total: 6.2777, Std Q: nan, CI Half: 0.5503
2026-03-28 22:58:00 | DEBUG | sivi:base_runner.py:507| eval_ksd | Epoch 7140, VI KSD: 0.0021
2026-03-28 22:58:00 | DEBUG | sivi:base_runner.py:337| eval_kl_ite | Epoch 7150, VI KL to baseline: 0.0394
2026-03-28 22:58:00 | DEBUG | sivi:base_reverse_runner.py:261| eval_kl_ite | Epoch 7150, Reverse Model KL ITE: 0.2691
2026-03-28 22:58:00 | DEBUG | sivi:base_runner.py:347| eval_w2 | Epoch 7150, VI W2 to baseline: 0.1376
2026-03-28 22:58:00 | DEBUG | sivi:base_reverse_runner.py:272| eval_w2 | Epoch 7150, Reverse Model W2: 0.3441
2026-03-28 22:58:00 | DEBUG | sivi:base_runner.py:477| eval_elbo | Epoch 7150, ELBO: 1.1399, Std Total: 9.9554, Std Q: nan, CI Half: 0.8726
2026-03-28 22:58:00 | DEBUG | sivi:base_runner.py:507| eval_ksd | Epoch 7150, VI KSD: 0.0042
2026-03-28 22:58:00 | DEBUG | sivi:base_runner.py:337| eval_kl_ite | Epoch 7160, VI KL to baseline: 0.0386
2026-03-28 22:58:01 | DEBUG | sivi:base_reverse_runner.py:261| eval_kl_ite | Epoch 7160, Reverse Model KL ITE: 0.2718
2026-03-28 22:58:01 | DEBUG | sivi:base_runner.py:347| eval_w2 | Epoch 7160, VI W2 to baseline: 0.1353
2026-03-28 22:58:01 | DEBUG | sivi:base_reverse_runner.py:272| eval_w2 | Epoch 7160, Reverse Model W2: 0.1357
2026-03-28 22:58:01 | DEBUG | sivi:base_runner.py:477| eval_elbo | Epoch 7160, ELBO: 1.5135, Std Total: 9.8474, Std Q: nan, CI Half: 0.8632
2026-03-28 22:58:01 | DEBUG | sivi:base_runner.py:507| eval_ksd | Epoch 7160, VI KSD: 0.0020
2026-03-28 22:58:01 | DEBUG | sivi:base_runner.py:337| eval_kl_ite | Epoch 7170, VI KL to baseline: 0.0185
2026-03-28 22:58:01 | DEBUG | sivi:base_reverse_runner.py:261| eval_kl_ite | Epoch 7170, Reverse Model KL ITE: 0.2800
2026-03-28 22:58:01 | DEBUG | sivi:base_runner.py:347| eval_w2 | Epoch 7170, VI W2 to baseline: 0.1676
2026-03-28 22:58:01 | DEBUG | sivi:base_reverse_runner.py:272| eval_w2 | Epoch 7170, Reverse Model W2: 0.1236
2026-03-28 22:58:01 | DEBUG | sivi:base_runner.py:477| eval_elbo | Epoch 7170, ELBO: 1.0731, Std Total: 8.3836, Std Q: nan, CI Half: 0.7349
2026-03-28 22:58:01 | DEBUG | sivi:base_runner.py:507| eval_ksd | Epoch 7170, VI KSD: 0.0022
2026-03-28 22:58:01 | DEBUG | sivi:base_runner.py:337| eval_kl_ite | Epoch 7180, VI KL to baseline: 0.0409
2026-03-28 22:58:01 | DEBUG | sivi:base_reverse_runner.py:261| eval_kl_ite | Epoch 7180, Reverse Model KL ITE: 0.2391
2026-03-28 22:58:01 | DEBUG | sivi:base_runner.py:347| eval_w2 | Epoch 7180, VI W2 to baseline: 0.1249
2026-03-28 22:58:01 | DEBUG | sivi:base_reverse_runner.py:272| eval_w2 | Epoch 7180, Reverse Model W2: 0.1352
2026-03-28 22:58:01 | DEBUG | sivi:base_runner.py:477| eval_elbo | Epoch 7180, ELBO: 1.5107, Std Total: 10.6332, Std Q: nan, CI Half: 0.9320
2026-03-28 22:58:01 | DEBUG | sivi:base_runner.py:507| eval_ksd | Epoch 7180, VI KSD: 0.0052
2026-03-28 22:58:02 | DEBUG | sivi:base_runner.py:337| eval_kl_ite | Epoch 7190, VI KL to baseline: 0.0074
2026-03-28 22:58:02 | DEBUG | sivi:base_reverse_runner.py:261| eval_kl_ite | Epoch 7190, Reverse Model KL ITE: 0.2744
2026-03-28 22:58:02 | DEBUG | sivi:base_runner.py:347| eval_w2 | Epoch 7190, VI W2 to baseline: 0.1397
2026-03-28 22:58:02 | DEBUG | sivi:base_reverse_runner.py:272| eval_w2 | Epoch 7190, Reverse Model W2: 0.1175
2026-03-28 22:58:02 | DEBUG | sivi:base_runner.py:477| eval_elbo | Epoch 7190, ELBO: 1.5824, Std Total: 11.8607, Std Q: nan, CI Half: 1.0396
2026-03-28 22:58:02 | DEBUG | sivi:base_runner.py:507| eval_ksd | Epoch 7190, VI KSD: 0.0018
2026-03-28 22:58:02 | DEBUG | sivi:base_runner.py:874| learn | Epoch 7200: Avg Loss: -0.2427, Avg Epoch Time: 0.0501s
2026-03-28 22:58:02 | DEBUG | sivi:base_runner.py:337| eval_kl_ite | Epoch 7200, VI KL to baseline: 0.0296
2026-03-28 22:58:02 | DEBUG | sivi:base_reverse_runner.py:261| eval_kl_ite | Epoch 7200, Reverse Model KL ITE: 0.2599
2026-03-28 22:58:02 | DEBUG | sivi:base_runner.py:347| eval_w2 | Epoch 7200, VI W2 to baseline: 0.1486
2026-03-28 22:58:02 | DEBUG | sivi:base_reverse_runner.py:272| eval_w2 | Epoch 7200, Reverse Model W2: 0.1293
2026-03-28 22:58:02 | DEBUG | sivi:base_runner.py:477| eval_elbo | Epoch 7200, ELBO: 1.6083, Std Total: 9.8766, Std Q: nan, CI Half: 0.8657
2026-03-28 22:58:02 | DEBUG | sivi:base_runner.py:507| eval_ksd | Epoch 7200, VI KSD: 0.0006
2026-03-28 22:58:03 | DEBUG | sivi:base_runner.py:337| eval_kl_ite | Epoch 7210, VI KL to baseline: 0.0359
2026-03-28 22:58:03 | DEBUG | sivi:base_reverse_runner.py:261| eval_kl_ite | Epoch 7210, Reverse Model KL ITE: 0.2593
2026-03-28 22:58:03 | DEBUG | sivi:base_runner.py:347| eval_w2 | Epoch 7210, VI W2 to baseline: 0.1393
2026-03-28 22:58:03 | DEBUG | sivi:base_reverse_runner.py:272| eval_w2 | Epoch 7210, Reverse Model W2: 0.1180
2026-03-28 22:58:03 | DEBUG | sivi:base_runner.py:477| eval_elbo | Epoch 7210, ELBO: 0.7476, Std Total: 6.5852, Std Q: nan, CI Half: 0.5772
2026-03-28 22:58:03 | DEBUG | sivi:base_runner.py:507| eval_ksd | Epoch 7210, VI KSD: -0.0002
2026-03-28 22:58:04 | DEBUG | sivi:base_runner.py:337| eval_kl_ite | Epoch 7220, VI KL to baseline: 0.0322
2026-03-28 22:58:04 | DEBUG | sivi:base_reverse_runner.py:261| eval_kl_ite | Epoch 7220, Reverse Model KL ITE: 0.2603
2026-03-28 22:58:04 | DEBUG | sivi:base_runner.py:347| eval_w2 | Epoch 7220, VI W2 to baseline: 0.1267
2026-03-28 22:58:04 | DEBUG | sivi:base_reverse_runner.py:272| eval_w2 | Epoch 7220, Reverse Model W2: 0.1281
2026-03-28 22:58:04 | DEBUG | sivi:base_runner.py:477| eval_elbo | Epoch 7220, ELBO: 1.4086, Std Total: 8.7618, Std Q: nan, CI Half: 0.7680
2026-03-28 22:58:04 | DEBUG | sivi:base_runner.py:507| eval_ksd | Epoch 7220, VI KSD: 0.0017
2026-03-28 22:58:04 | DEBUG | sivi:base_runner.py:337| eval_kl_ite | Epoch 7230, VI KL to baseline: 0.0320
2026-03-28 22:58:04 | DEBUG | sivi:base_reverse_runner.py:261| eval_kl_ite | Epoch 7230, Reverse Model KL ITE: 0.2392
2026-03-28 22:58:04 | DEBUG | sivi:base_runner.py:347| eval_w2 | Epoch 7230, VI W2 to baseline: 0.1171
2026-03-28 22:58:04 | DEBUG | sivi:base_reverse_runner.py:272| eval_w2 | Epoch 7230, Reverse Model W2: 0.1219
2026-03-28 22:58:04 | DEBUG | sivi:base_runner.py:477| eval_elbo | Epoch 7230, ELBO: 1.1494, Std Total: 9.5451, Std Q: nan, CI Half: 0.8367
2026-03-28 22:58:04 | DEBUG | sivi:base_runner.py:507| eval_ksd | Epoch 7230, VI KSD: -0.0002
2026-03-28 22:58:04 | DEBUG | sivi:base_runner.py:337| eval_kl_ite | Epoch 7240, VI KL to baseline: 0.0093
2026-03-28 22:58:05 | DEBUG | sivi:base_reverse_runner.py:261| eval_kl_ite | Epoch 7240, Reverse Model KL ITE: 0.2357
2026-03-28 22:58:05 | DEBUG | sivi:base_runner.py:347| eval_w2 | Epoch 7240, VI W2 to baseline: 0.1435
2026-03-28 22:58:05 | DEBUG | sivi:base_reverse_runner.py:272| eval_w2 | Epoch 7240, Reverse Model W2: 0.1291
2026-03-28 22:58:05 | DEBUG | sivi:base_runner.py:477| eval_elbo | Epoch 7240, ELBO: 1.6572, Std Total: 11.1462, Std Q: nan, CI Half: 0.9770
2026-03-28 22:58:05 | DEBUG | sivi:base_runner.py:507| eval_ksd | Epoch 7240, VI KSD: 0.0026
2026-03-28 22:58:05 | DEBUG | sivi:base_runner.py:337| eval_kl_ite | Epoch 7250, VI KL to baseline: 0.0250
2026-03-28 22:58:05 | DEBUG | sivi:base_reverse_runner.py:261| eval_kl_ite | Epoch 7250, Reverse Model KL ITE: 0.2753
2026-03-28 22:58:05 | DEBUG | sivi:base_runner.py:347| eval_w2 | Epoch 7250, VI W2 to baseline: 0.1312
2026-03-28 22:58:05 | DEBUG | sivi:base_reverse_runner.py:272| eval_w2 | Epoch 7250, Reverse Model W2: 0.1336
2026-03-28 22:58:05 | DEBUG | sivi:base_runner.py:477| eval_elbo | Epoch 7250, ELBO: 0.9228, Std Total: 7.4362, Std Q: nan, CI Half: 0.6518
2026-03-28 22:58:05 | DEBUG | sivi:base_runner.py:507| eval_ksd | Epoch 7250, VI KSD: 0.0023
2026-03-28 22:58:06 | DEBUG | sivi:base_runner.py:337| eval_kl_ite | Epoch 7260, VI KL to baseline: 0.0200
2026-03-28 22:58:06 | DEBUG | sivi:base_reverse_runner.py:261| eval_kl_ite | Epoch 7260, Reverse Model KL ITE: 0.2563
2026-03-28 22:58:06 | DEBUG | sivi:base_runner.py:347| eval_w2 | Epoch 7260, VI W2 to baseline: 0.1367
2026-03-28 22:58:06 | DEBUG | sivi:base_reverse_runner.py:272| eval_w2 | Epoch 7260, Reverse Model W2: 0.1334
2026-03-28 22:58:06 | DEBUG | sivi:base_runner.py:477| eval_elbo | Epoch 7260, ELBO: 2.2142, Std Total: 13.4005, Std Q: nan, CI Half: 1.1746
2026-03-28 22:58:06 | DEBUG | sivi:base_runner.py:507| eval_ksd | Epoch 7260, VI KSD: 0.0023
2026-03-28 22:58:06 | DEBUG | sivi:base_runner.py:337| eval_kl_ite | Epoch 7270, VI KL to baseline: 0.0188
2026-03-28 22:58:06 | DEBUG | sivi:base_reverse_runner.py:261| eval_kl_ite | Epoch 7270, Reverse Model KL ITE: 0.2699
2026-03-28 22:58:06 | DEBUG | sivi:base_runner.py:347| eval_w2 | Epoch 7270, VI W2 to baseline: 0.1411
2026-03-28 22:58:06 | DEBUG | sivi:base_reverse_runner.py:272| eval_w2 | Epoch 7270, Reverse Model W2: 0.1310
2026-03-28 22:58:06 | DEBUG | sivi:base_runner.py:477| eval_elbo | Epoch 7270, ELBO: 1.0294, Std Total: 7.8332, Std Q: nan, CI Half: 0.6866
2026-03-28 22:58:06 | DEBUG | sivi:base_runner.py:507| eval_ksd | Epoch 7270, VI KSD: 0.0023
2026-03-28 22:58:06 | DEBUG | sivi:base_runner.py:337| eval_kl_ite | Epoch 7280, VI KL to baseline: 0.0295
2026-03-28 22:58:07 | DEBUG | sivi:base_reverse_runner.py:261| eval_kl_ite | Epoch 7280, Reverse Model KL ITE: 0.2655
2026-03-28 22:58:07 | DEBUG | sivi:base_runner.py:347| eval_w2 | Epoch 7280, VI W2 to baseline: 0.1202
2026-03-28 22:58:07 | DEBUG | sivi:base_reverse_runner.py:272| eval_w2 | Epoch 7280, Reverse Model W2: 0.1106
2026-03-28 22:58:07 | DEBUG | sivi:base_runner.py:477| eval_elbo | Epoch 7280, ELBO: 1.0958, Std Total: 7.6796, Std Q: nan, CI Half: 0.6731
2026-03-28 22:58:07 | DEBUG | sivi:base_runner.py:507| eval_ksd | Epoch 7280, VI KSD: 0.0024
2026-03-28 22:58:07 | DEBUG | sivi:base_runner.py:337| eval_kl_ite | Epoch 7290, VI KL to baseline: 0.0281
2026-03-28 22:58:07 | DEBUG | sivi:base_reverse_runner.py:261| eval_kl_ite | Epoch 7290, Reverse Model KL ITE: 0.2799
2026-03-28 22:58:07 | DEBUG | sivi:base_runner.py:347| eval_w2 | Epoch 7290, VI W2 to baseline: 0.1524
2026-03-28 22:58:07 | DEBUG | sivi:base_reverse_runner.py:272| eval_w2 | Epoch 7290, Reverse Model W2: 0.1282
2026-03-28 22:58:07 | DEBUG | sivi:base_runner.py:477| eval_elbo | Epoch 7290, ELBO: 1.5885, Std Total: 9.6576, Std Q: nan, CI Half: 0.8465
2026-03-28 22:58:07 | DEBUG | sivi:base_runner.py:507| eval_ksd | Epoch 7290, VI KSD: 0.0035
2026-03-28 22:58:08 | DEBUG | sivi:base_runner.py:874| learn | Epoch 7300: Avg Loss: 0.1256, Avg Epoch Time: 0.0535s
2026-03-28 22:58:08 | DEBUG | sivi:base_runner.py:337| eval_kl_ite | Epoch 7300, VI KL to baseline: 0.0334
2026-03-28 22:58:08 | DEBUG | sivi:base_reverse_runner.py:261| eval_kl_ite | Epoch 7300, Reverse Model KL ITE: 0.2497
2026-03-28 22:58:08 | DEBUG | sivi:base_runner.py:347| eval_w2 | Epoch 7300, VI W2 to baseline: 0.1473
2026-03-28 22:58:08 | DEBUG | sivi:base_reverse_runner.py:272| eval_w2 | Epoch 7300, Reverse Model W2: 0.1441
2026-03-28 22:58:08 | DEBUG | sivi:base_runner.py:477| eval_elbo | Epoch 7300, ELBO: 1.0214, Std Total: 7.2883, Std Q: nan, CI Half: 0.6389
2026-03-28 22:58:08 | DEBUG | sivi:base_runner.py:507| eval_ksd | Epoch 7300, VI KSD: 0.0009
2026-03-28 22:58:08 | DEBUG | sivi:base_runner.py:337| eval_kl_ite | Epoch 7310, VI KL to baseline: 0.0248
2026-03-28 22:58:08 | DEBUG | sivi:base_reverse_runner.py:261| eval_kl_ite | Epoch 7310, Reverse Model KL ITE: 0.2388
2026-03-28 22:58:08 | DEBUG | sivi:base_runner.py:347| eval_w2 | Epoch 7310, VI W2 to baseline: 0.1377
2026-03-28 22:58:08 | DEBUG | sivi:base_reverse_runner.py:272| eval_w2 | Epoch 7310, Reverse Model W2: 0.1164
2026-03-28 22:58:08 | DEBUG | sivi:base_runner.py:477| eval_elbo | Epoch 7310, ELBO: 0.8186, Std Total: 6.2524, Std Q: nan, CI Half: 0.5481
2026-03-28 22:58:08 | DEBUG | sivi:base_runner.py:507| eval_ksd | Epoch 7310, VI KSD: 0.0056
2026-03-28 22:58:09 | DEBUG | sivi:base_runner.py:337| eval_kl_ite | Epoch 7320, VI KL to baseline: 0.0136
2026-03-28 22:58:09 | DEBUG | sivi:base_reverse_runner.py:261| eval_kl_ite | Epoch 7320, Reverse Model KL ITE: 0.2458
2026-03-28 22:58:09 | DEBUG | sivi:base_runner.py:347| eval_w2 | Epoch 7320, VI W2 to baseline: 0.1222
2026-03-28 22:58:09 | DEBUG | sivi:base_reverse_runner.py:272| eval_w2 | Epoch 7320, Reverse Model W2: 0.1185
2026-03-28 22:58:09 | DEBUG | sivi:base_runner.py:477| eval_elbo | Epoch 7320, ELBO: 1.5990, Std Total: 9.9458, Std Q: nan, CI Half: 0.8718
2026-03-28 22:58:09 | DEBUG | sivi:base_runner.py:507| eval_ksd | Epoch 7320, VI KSD: 0.0023
2026-03-28 22:58:09 | DEBUG | sivi:base_runner.py:337| eval_kl_ite | Epoch 7330, VI KL to baseline: 0.0438
2026-03-28 22:58:09 | DEBUG | sivi:base_reverse_runner.py:261| eval_kl_ite | Epoch 7330, Reverse Model KL ITE: 0.2744
2026-03-28 22:58:09 | DEBUG | sivi:base_runner.py:347| eval_w2 | Epoch 7330, VI W2 to baseline: 0.1364
2026-03-28 22:58:09 | DEBUG | sivi:base_reverse_runner.py:272| eval_w2 | Epoch 7330, Reverse Model W2: 0.1235
2026-03-28 22:58:09 | DEBUG | sivi:base_runner.py:477| eval_elbo | Epoch 7330, ELBO: 0.4491, Std Total: 4.3489, Std Q: nan, CI Half: 0.3812
2026-03-28 22:58:09 | DEBUG | sivi:base_runner.py:507| eval_ksd | Epoch 7330, VI KSD: 0.0033
2026-03-28 22:58:10 | DEBUG | sivi:base_runner.py:337| eval_kl_ite | Epoch 7340, VI KL to baseline: 0.0060
2026-03-28 22:58:10 | DEBUG | sivi:base_reverse_runner.py:261| eval_kl_ite | Epoch 7340, Reverse Model KL ITE: 0.2410
2026-03-28 22:58:10 | DEBUG | sivi:base_runner.py:347| eval_w2 | Epoch 7340, VI W2 to baseline: 0.1152
2026-03-28 22:58:10 | DEBUG | sivi:base_reverse_runner.py:272| eval_w2 | Epoch 7340, Reverse Model W2: 0.1213
2026-03-28 22:58:10 | DEBUG | sivi:base_runner.py:477| eval_elbo | Epoch 7340, ELBO: 0.5248, Std Total: 5.1694, Std Q: nan, CI Half: 0.4531
2026-03-28 22:58:10 | DEBUG | sivi:base_runner.py:507| eval_ksd | Epoch 7340, VI KSD: 0.0023
2026-03-28 22:58:10 | DEBUG | sivi:base_runner.py:337| eval_kl_ite | Epoch 7350, VI KL to baseline: 0.0314
2026-03-28 22:58:10 | DEBUG | sivi:base_reverse_runner.py:261| eval_kl_ite | Epoch 7350, Reverse Model KL ITE: 0.2644
2026-03-28 22:58:10 | DEBUG | sivi:base_runner.py:347| eval_w2 | Epoch 7350, VI W2 to baseline: 0.1204
2026-03-28 22:58:10 | DEBUG | sivi:base_reverse_runner.py:272| eval_w2 | Epoch 7350, Reverse Model W2: 0.1174
2026-03-28 22:58:10 | DEBUG | sivi:base_runner.py:477| eval_elbo | Epoch 7350, ELBO: 0.8533, Std Total: 8.6161, Std Q: nan, CI Half: 0.7552
2026-03-28 22:58:10 | DEBUG | sivi:base_runner.py:507| eval_ksd | Epoch 7350, VI KSD: 0.0041
2026-03-28 22:58:11 | DEBUG | sivi:base_runner.py:337| eval_kl_ite | Epoch 7360, VI KL to baseline: 0.0309
2026-03-28 22:58:11 | DEBUG | sivi:base_reverse_runner.py:261| eval_kl_ite | Epoch 7360, Reverse Model KL ITE: 0.3013
2026-03-28 22:58:11 | DEBUG | sivi:base_runner.py:347| eval_w2 | Epoch 7360, VI W2 to baseline: 0.1127
2026-03-28 22:58:11 | DEBUG | sivi:base_reverse_runner.py:272| eval_w2 | Epoch 7360, Reverse Model W2: 0.1148
2026-03-28 22:58:11 | DEBUG | sivi:base_runner.py:477| eval_elbo | Epoch 7360, ELBO: 0.5169, Std Total: 4.6222, Std Q: nan, CI Half: 0.4052
2026-03-28 22:58:11 | DEBUG | sivi:base_runner.py:507| eval_ksd | Epoch 7360, VI KSD: 0.0039
2026-03-28 22:58:11 | DEBUG | sivi:base_runner.py:337| eval_kl_ite | Epoch 7370, VI KL to baseline: 0.0188
2026-03-28 22:58:11 | DEBUG | sivi:base_reverse_runner.py:261| eval_kl_ite | Epoch 7370, Reverse Model KL ITE: 0.3033
2026-03-28 22:58:11 | DEBUG | sivi:base_runner.py:347| eval_w2 | Epoch 7370, VI W2 to baseline: 0.1063
2026-03-28 22:58:11 | DEBUG | sivi:base_reverse_runner.py:272| eval_w2 | Epoch 7370, Reverse Model W2: 0.1281
2026-03-28 22:58:11 | DEBUG | sivi:base_runner.py:477| eval_elbo | Epoch 7370, ELBO: 1.2332, Std Total: 9.0730, Std Q: nan, CI Half: 0.7953
2026-03-28 22:58:11 | DEBUG | sivi:base_runner.py:507| eval_ksd | Epoch 7370, VI KSD: 0.0055
2026-03-28 22:58:12 | DEBUG | sivi:base_runner.py:337| eval_kl_ite | Epoch 7380, VI KL to baseline: 0.0257
2026-03-28 22:58:12 | DEBUG | sivi:base_reverse_runner.py:261| eval_kl_ite | Epoch 7380, Reverse Model KL ITE: 0.3079
2026-03-28 22:58:12 | DEBUG | sivi:base_runner.py:347| eval_w2 | Epoch 7380, VI W2 to baseline: 0.1232
2026-03-28 22:58:12 | DEBUG | sivi:base_reverse_runner.py:272| eval_w2 | Epoch 7380, Reverse Model W2: 0.1226
2026-03-28 22:58:12 | DEBUG | sivi:base_runner.py:477| eval_elbo | Epoch 7380, ELBO: 0.9407, Std Total: 6.7099, Std Q: nan, CI Half: 0.5881
2026-03-28 22:58:12 | DEBUG | sivi:base_runner.py:507| eval_ksd | Epoch 7380, VI KSD: 0.0054
2026-03-28 22:58:12 | DEBUG | sivi:base_runner.py:337| eval_kl_ite | Epoch 7390, VI KL to baseline: 0.0304
2026-03-28 22:58:12 | DEBUG | sivi:base_reverse_runner.py:261| eval_kl_ite | Epoch 7390, Reverse Model KL ITE: 0.2831
2026-03-28 22:58:12 | DEBUG | sivi:base_runner.py:347| eval_w2 | Epoch 7390, VI W2 to baseline: 0.1241
2026-03-28 22:58:12 | DEBUG | sivi:base_reverse_runner.py:272| eval_w2 | Epoch 7390, Reverse Model W2: 0.1289
2026-03-28 22:58:12 | DEBUG | sivi:base_runner.py:477| eval_elbo | Epoch 7390, ELBO: 0.9337, Std Total: 8.4616, Std Q: nan, CI Half: 0.7417
2026-03-28 22:58:12 | DEBUG | sivi:base_runner.py:507| eval_ksd | Epoch 7390, VI KSD: 0.0033
2026-03-28 22:58:13 | DEBUG | sivi:base_runner.py:874| learn | Epoch 7400: Avg Loss: 0.5863, Avg Epoch Time: 0.0510s
2026-03-28 22:58:13 | DEBUG | sivi:base_runner.py:337| eval_kl_ite | Epoch 7400, VI KL to baseline: 0.0198
2026-03-28 22:58:13 | DEBUG | sivi:base_reverse_runner.py:261| eval_kl_ite | Epoch 7400, Reverse Model KL ITE: 0.2894
2026-03-28 22:58:13 | DEBUG | sivi:base_runner.py:347| eval_w2 | Epoch 7400, VI W2 to baseline: 0.1264
2026-03-28 22:58:13 | DEBUG | sivi:base_reverse_runner.py:272| eval_w2 | Epoch 7400, Reverse Model W2: 0.1119
2026-03-28 22:58:13 | DEBUG | sivi:base_runner.py:477| eval_elbo | Epoch 7400, ELBO: 1.1603, Std Total: 7.9869, Std Q: nan, CI Half: 0.7001
2026-03-28 22:58:13 | DEBUG | sivi:base_runner.py:507| eval_ksd | Epoch 7400, VI KSD: 0.0041
2026-03-28 22:58:13 | DEBUG | sivi:base_runner.py:337| eval_kl_ite | Epoch 7410, VI KL to baseline: 0.0478
2026-03-28 22:58:13 | DEBUG | sivi:base_reverse_runner.py:261| eval_kl_ite | Epoch 7410, Reverse Model KL ITE: 0.3142
2026-03-28 22:58:13 | DEBUG | sivi:base_runner.py:347| eval_w2 | Epoch 7410, VI W2 to baseline: 0.1260
2026-03-28 22:58:13 | DEBUG | sivi:base_reverse_runner.py:272| eval_w2 | Epoch 7410, Reverse Model W2: 0.1267
2026-03-28 22:58:13 | DEBUG | sivi:base_runner.py:477| eval_elbo | Epoch 7410, ELBO: 1.0654, Std Total: 8.7348, Std Q: nan, CI Half: 0.7656
2026-03-28 22:58:13 | DEBUG | sivi:base_runner.py:507| eval_ksd | Epoch 7410, VI KSD: 0.0030
2026-03-28 22:58:14 | DEBUG | sivi:base_runner.py:337| eval_kl_ite | Epoch 7420, VI KL to baseline: 0.0142
2026-03-28 22:58:14 | DEBUG | sivi:base_reverse_runner.py:261| eval_kl_ite | Epoch 7420, Reverse Model KL ITE: 0.3153
2026-03-28 22:58:14 | DEBUG | sivi:base_runner.py:347| eval_w2 | Epoch 7420, VI W2 to baseline: 0.1087
2026-03-28 22:58:14 | DEBUG | sivi:base_reverse_runner.py:272| eval_w2 | Epoch 7420, Reverse Model W2: 0.1318
2026-03-28 22:58:14 | DEBUG | sivi:base_runner.py:477| eval_elbo | Epoch 7420, ELBO: 0.4949, Std Total: 5.7436, Std Q: nan, CI Half: 0.5034
2026-03-28 22:58:14 | DEBUG | sivi:base_runner.py:507| eval_ksd | Epoch 7420, VI KSD: 0.0021
2026-03-28 22:58:14 | DEBUG | sivi:base_runner.py:337| eval_kl_ite | Epoch 7430, VI KL to baseline: 0.0248
2026-03-28 22:58:14 | DEBUG | sivi:base_reverse_runner.py:261| eval_kl_ite | Epoch 7430, Reverse Model KL ITE: 0.2856
2026-03-28 22:58:14 | DEBUG | sivi:base_runner.py:347| eval_w2 | Epoch 7430, VI W2 to baseline: 0.1180
2026-03-28 22:58:14 | DEBUG | sivi:base_reverse_runner.py:272| eval_w2 | Epoch 7430, Reverse Model W2: 0.1222
2026-03-28 22:58:14 | DEBUG | sivi:base_runner.py:477| eval_elbo | Epoch 7430, ELBO: 0.8127, Std Total: 7.2704, Std Q: nan, CI Half: 0.6373
2026-03-28 22:58:14 | DEBUG | sivi:base_runner.py:507| eval_ksd | Epoch 7430, VI KSD: 0.0019
2026-03-28 22:58:15 | DEBUG | sivi:base_runner.py:337| eval_kl_ite | Epoch 7440, VI KL to baseline: 0.0142
2026-03-28 22:58:15 | DEBUG | sivi:base_reverse_runner.py:261| eval_kl_ite | Epoch 7440, Reverse Model KL ITE: 0.2876
2026-03-28 22:58:15 | DEBUG | sivi:base_runner.py:347| eval_w2 | Epoch 7440, VI W2 to baseline: 0.1155
2026-03-28 22:58:15 | DEBUG | sivi:base_reverse_runner.py:272| eval_w2 | Epoch 7440, Reverse Model W2: 0.1337
2026-03-28 22:58:15 | DEBUG | sivi:base_runner.py:477| eval_elbo | Epoch 7440, ELBO: 1.2103, Std Total: 10.1135, Std Q: nan, CI Half: 0.8865
2026-03-28 22:58:15 | DEBUG | sivi:base_runner.py:507| eval_ksd | Epoch 7440, VI KSD: -0.0002
2026-03-28 22:58:15 | DEBUG | sivi:base_runner.py:337| eval_kl_ite | Epoch 7450, VI KL to baseline: 0.0239
2026-03-28 22:58:15 | DEBUG | sivi:base_reverse_runner.py:261| eval_kl_ite | Epoch 7450, Reverse Model KL ITE: 0.2902
2026-03-28 22:58:15 | DEBUG | sivi:base_runner.py:347| eval_w2 | Epoch 7450, VI W2 to baseline: 0.1261
2026-03-28 22:58:15 | DEBUG | sivi:base_reverse_runner.py:272| eval_w2 | Epoch 7450, Reverse Model W2: 0.1205
2026-03-28 22:58:15 | DEBUG | sivi:base_runner.py:477| eval_elbo | Epoch 7450, ELBO: 0.8407, Std Total: 6.6870, Std Q: nan, CI Half: 0.5861
2026-03-28 22:58:15 | DEBUG | sivi:base_runner.py:507| eval_ksd | Epoch 7450, VI KSD: 0.0017
2026-03-28 22:58:16 | DEBUG | sivi:base_runner.py:337| eval_kl_ite | Epoch 7460, VI KL to baseline: 0.0192
2026-03-28 22:58:16 | DEBUG | sivi:base_reverse_runner.py:261| eval_kl_ite | Epoch 7460, Reverse Model KL ITE: 0.2797
2026-03-28 22:58:16 | DEBUG | sivi:base_runner.py:347| eval_w2 | Epoch 7460, VI W2 to baseline: 0.1153
2026-03-28 22:58:16 | DEBUG | sivi:base_reverse_runner.py:272| eval_w2 | Epoch 7460, Reverse Model W2: 0.1212
2026-03-28 22:58:16 | DEBUG | sivi:base_runner.py:477| eval_elbo | Epoch 7460, ELBO: 0.4424, Std Total: 4.5192, Std Q: nan, CI Half: 0.3961
2026-03-28 22:58:16 | DEBUG | sivi:base_runner.py:507| eval_ksd | Epoch 7460, VI KSD: 0.0024
2026-03-28 22:58:17 | DEBUG | sivi:base_runner.py:337| eval_kl_ite | Epoch 7470, VI KL to baseline: 0.0325
2026-03-28 22:58:17 | DEBUG | sivi:base_reverse_runner.py:261| eval_kl_ite | Epoch 7470, Reverse Model KL ITE: 0.3077
2026-03-28 22:58:17 | DEBUG | sivi:base_runner.py:347| eval_w2 | Epoch 7470, VI W2 to baseline: 0.1043
2026-03-28 22:58:17 | DEBUG | sivi:base_reverse_runner.py:272| eval_w2 | Epoch 7470, Reverse Model W2: 0.1318
2026-03-28 22:58:17 | DEBUG | sivi:base_runner.py:477| eval_elbo | Epoch 7470, ELBO: 0.5136, Std Total: 4.8365, Std Q: nan, CI Half: 0.4239
2026-03-28 22:58:17 | DEBUG | sivi:base_runner.py:507| eval_ksd | Epoch 7470, VI KSD: 0.0026
2026-03-28 22:58:17 | DEBUG | sivi:base_runner.py:337| eval_kl_ite | Epoch 7480, VI KL to baseline: 0.0303
2026-03-28 22:58:17 | DEBUG | sivi:base_reverse_runner.py:261| eval_kl_ite | Epoch 7480, Reverse Model KL ITE: 0.2945
2026-03-28 22:58:17 | DEBUG | sivi:base_runner.py:347| eval_w2 | Epoch 7480, VI W2 to baseline: 0.1224
2026-03-28 22:58:17 | DEBUG | sivi:base_reverse_runner.py:272| eval_w2 | Epoch 7480, Reverse Model W2: 0.1292
2026-03-28 22:58:17 | DEBUG | sivi:base_runner.py:477| eval_elbo | Epoch 7480, ELBO: 0.4509, Std Total: 3.7066, Std Q: nan, CI Half: 0.3249
2026-03-28 22:58:17 | DEBUG | sivi:base_runner.py:507| eval_ksd | Epoch 7480, VI KSD: 0.0005
2026-03-28 22:58:18 | DEBUG | sivi:base_runner.py:337| eval_kl_ite | Epoch 7490, VI KL to baseline: 0.0043
2026-03-28 22:58:18 | DEBUG | sivi:base_reverse_runner.py:261| eval_kl_ite | Epoch 7490, Reverse Model KL ITE: 0.2836
2026-03-28 22:58:18 | DEBUG | sivi:base_runner.py:347| eval_w2 | Epoch 7490, VI W2 to baseline: 0.1093
2026-03-28 22:58:18 | DEBUG | sivi:base_reverse_runner.py:272| eval_w2 | Epoch 7490, Reverse Model W2: 0.1210
2026-03-28 22:58:18 | DEBUG | sivi:base_runner.py:477| eval_elbo | Epoch 7490, ELBO: 1.7097, Std Total: 9.8791, Std Q: nan, CI Half: 0.8659
2026-03-28 22:58:18 | DEBUG | sivi:base_runner.py:507| eval_ksd | Epoch 7490, VI KSD: 0.0029
2026-03-28 22:58:18 | DEBUG | sivi:base_runner.py:874| learn | Epoch 7500: Avg Loss: 0.2806, Avg Epoch Time: 0.0580s
2026-03-28 22:58:18 | DEBUG | sivi:base_reverse_runner.py:183| _training_rev_log_func | Epoch 7500, Inner epoch 1, Reverse Model Loss: 3.7954, Avg Steps: 1.0000
2026-03-28 22:58:18 | DEBUG | sivi:base_runner.py:588| save_samples | Saved 100000 samples at epoch 7500.
2026-03-28 22:58:19 | DEBUG | sivi:base_runner.py:337| eval_kl_ite | Epoch 7500, VI KL to baseline: 0.0080
2026-03-28 22:58:19 | DEBUG | sivi:base_reverse_runner.py:261| eval_kl_ite | Epoch 7500, Reverse Model KL ITE: 0.2642
2026-03-28 22:58:19 | DEBUG | sivi:base_runner.py:347| eval_w2 | Epoch 7500, VI W2 to baseline: 0.1325
2026-03-28 22:58:19 | DEBUG | sivi:base_reverse_runner.py:272| eval_w2 | Epoch 7500, Reverse Model W2: 0.1181
2026-03-28 22:58:19 | DEBUG | sivi:base_runner.py:477| eval_elbo | Epoch 7500, ELBO: 1.1677, Std Total: 10.3007, Std Q: nan, CI Half: 0.9029
2026-03-28 22:58:19 | DEBUG | sivi:base_runner.py:507| eval_ksd | Epoch 7500, VI KSD: 0.0008
2026-03-28 22:58:19 | DEBUG | sivi:base_runner.py:970| learn | Saved contour plot at epoch 7500.
2026-03-28 22:58:19 | DEBUG | sivi:base_runner.py:337| eval_kl_ite | Epoch 7510, VI KL to baseline: 0.0226
2026-03-28 22:58:19 | DEBUG | sivi:base_reverse_runner.py:261| eval_kl_ite | Epoch 7510, Reverse Model KL ITE: 0.2842
2026-03-28 22:58:19 | DEBUG | sivi:base_runner.py:347| eval_w2 | Epoch 7510, VI W2 to baseline: 0.1254
2026-03-28 22:58:19 | DEBUG | sivi:base_reverse_runner.py:272| eval_w2 | Epoch 7510, Reverse Model W2: 0.1653
2026-03-28 22:58:19 | DEBUG | sivi:base_runner.py:477| eval_elbo | Epoch 7510, ELBO: 1.2450, Std Total: 8.9231, Std Q: nan, CI Half: 0.7821
2026-03-28 22:58:19 | DEBUG | sivi:base_runner.py:507| eval_ksd | Epoch 7510, VI KSD: 0.0027
2026-03-28 22:58:20 | DEBUG | sivi:base_runner.py:337| eval_kl_ite | Epoch 7520, VI KL to baseline: 0.0157
2026-03-28 22:58:20 | DEBUG | sivi:base_reverse_runner.py:261| eval_kl_ite | Epoch 7520, Reverse Model KL ITE: 0.2682
2026-03-28 22:58:20 | DEBUG | sivi:base_runner.py:347| eval_w2 | Epoch 7520, VI W2 to baseline: 0.1127
2026-03-28 22:58:20 | DEBUG | sivi:base_reverse_runner.py:272| eval_w2 | Epoch 7520, Reverse Model W2: 0.1165
2026-03-28 22:58:20 | DEBUG | sivi:base_runner.py:477| eval_elbo | Epoch 7520, ELBO: 1.5728, Std Total: 11.0209, Std Q: nan, CI Half: 0.9660
2026-03-28 22:58:20 | DEBUG | sivi:base_runner.py:507| eval_ksd | Epoch 7520, VI KSD: -0.0014
2026-03-28 22:58:21 | DEBUG | sivi:base_runner.py:337| eval_kl_ite | Epoch 7530, VI KL to baseline: 0.0217
2026-03-28 22:58:21 | DEBUG | sivi:base_reverse_runner.py:261| eval_kl_ite | Epoch 7530, Reverse Model KL ITE: 0.2640
2026-03-28 22:58:21 | DEBUG | sivi:base_runner.py:347| eval_w2 | Epoch 7530, VI W2 to baseline: 0.1119
2026-03-28 22:58:21 | DEBUG | sivi:base_reverse_runner.py:272| eval_w2 | Epoch 7530, Reverse Model W2: 0.1433
2026-03-28 22:58:21 | DEBUG | sivi:base_runner.py:477| eval_elbo | Epoch 7530, ELBO: 1.0605, Std Total: 8.8811, Std Q: nan, CI Half: 0.7785
2026-03-28 22:58:21 | DEBUG | sivi:base_runner.py:507| eval_ksd | Epoch 7530, VI KSD: 0.0076
2026-03-28 22:58:21 | DEBUG | sivi:base_runner.py:337| eval_kl_ite | Epoch 7540, VI KL to baseline: 0.0127
2026-03-28 22:58:21 | DEBUG | sivi:base_reverse_runner.py:261| eval_kl_ite | Epoch 7540, Reverse Model KL ITE: 0.2738
2026-03-28 22:58:21 | DEBUG | sivi:base_runner.py:347| eval_w2 | Epoch 7540, VI W2 to baseline: 0.1248
2026-03-28 22:58:21 | DEBUG | sivi:base_reverse_runner.py:272| eval_w2 | Epoch 7540, Reverse Model W2: 0.1283
2026-03-28 22:58:21 | DEBUG | sivi:base_runner.py:477| eval_elbo | Epoch 7540, ELBO: 0.8671, Std Total: 6.7247, Std Q: nan, CI Half: 0.5894
2026-03-28 22:58:21 | DEBUG | sivi:base_runner.py:507| eval_ksd | Epoch 7540, VI KSD: 0.0023
2026-03-28 22:58:22 | DEBUG | sivi:base_runner.py:337| eval_kl_ite | Epoch 7550, VI KL to baseline: 0.0329
2026-03-28 22:58:22 | DEBUG | sivi:base_reverse_runner.py:261| eval_kl_ite | Epoch 7550, Reverse Model KL ITE: 0.2652
2026-03-28 22:58:22 | DEBUG | sivi:base_runner.py:347| eval_w2 | Epoch 7550, VI W2 to baseline: 0.1035
2026-03-28 22:58:22 | DEBUG | sivi:base_reverse_runner.py:272| eval_w2 | Epoch 7550, Reverse Model W2: 0.1308
2026-03-28 22:58:22 | DEBUG | sivi:base_runner.py:477| eval_elbo | Epoch 7550, ELBO: 0.6007, Std Total: 4.7835, Std Q: nan, CI Half: 0.4193
2026-03-28 22:58:22 | DEBUG | sivi:base_runner.py:507| eval_ksd | Epoch 7550, VI KSD: 0.0031
2026-03-28 22:58:22 | DEBUG | sivi:base_runner.py:337| eval_kl_ite | Epoch 7560, VI KL to baseline: 0.0175
2026-03-28 22:58:22 | DEBUG | sivi:base_reverse_runner.py:261| eval_kl_ite | Epoch 7560, Reverse Model KL ITE: 0.2752
2026-03-28 22:58:22 | DEBUG | sivi:base_runner.py:347| eval_w2 | Epoch 7560, VI W2 to baseline: 0.1330
2026-03-28 22:58:22 | DEBUG | sivi:base_reverse_runner.py:272| eval_w2 | Epoch 7560, Reverse Model W2: 0.1224
2026-03-28 22:58:22 | DEBUG | sivi:base_runner.py:477| eval_elbo | Epoch 7560, ELBO: 1.7118, Std Total: 13.2034, Std Q: nan, CI Half: 1.1573
2026-03-28 22:58:22 | DEBUG | sivi:base_runner.py:507| eval_ksd | Epoch 7560, VI KSD: 0.0015
2026-03-28 22:58:23 | DEBUG | sivi:base_runner.py:337| eval_kl_ite | Epoch 7570, VI KL to baseline: 0.0147
2026-03-28 22:58:23 | DEBUG | sivi:base_reverse_runner.py:261| eval_kl_ite | Epoch 7570, Reverse Model KL ITE: 0.2610
2026-03-28 22:58:23 | DEBUG | sivi:base_runner.py:347| eval_w2 | Epoch 7570, VI W2 to baseline: 0.1326
2026-03-28 22:58:23 | DEBUG | sivi:base_reverse_runner.py:272| eval_w2 | Epoch 7570, Reverse Model W2: 0.1151
2026-03-28 22:58:23 | DEBUG | sivi:base_runner.py:477| eval_elbo | Epoch 7570, ELBO: 0.5365, Std Total: 5.7325, Std Q: nan, CI Half: 0.5025
2026-03-28 22:58:23 | DEBUG | sivi:base_runner.py:507| eval_ksd | Epoch 7570, VI KSD: 0.0014
2026-03-28 22:58:23 | DEBUG | sivi:base_runner.py:337| eval_kl_ite | Epoch 7580, VI KL to baseline: 0.0104
2026-03-28 22:58:23 | DEBUG | sivi:base_reverse_runner.py:261| eval_kl_ite | Epoch 7580, Reverse Model KL ITE: 0.2667
2026-03-28 22:58:23 | DEBUG | sivi:base_runner.py:347| eval_w2 | Epoch 7580, VI W2 to baseline: 0.1188
2026-03-28 22:58:23 | DEBUG | sivi:base_reverse_runner.py:272| eval_w2 | Epoch 7580, Reverse Model W2: 0.1399
2026-03-28 22:58:23 | DEBUG | sivi:base_runner.py:477| eval_elbo | Epoch 7580, ELBO: 1.5002, Std Total: 10.3843, Std Q: nan, CI Half: 0.9102
2026-03-28 22:58:23 | DEBUG | sivi:base_runner.py:507| eval_ksd | Epoch 7580, VI KSD: 0.0021
2026-03-28 22:58:24 | DEBUG | sivi:base_runner.py:337| eval_kl_ite | Epoch 7590, VI KL to baseline: 0.0260
2026-03-28 22:58:24 | DEBUG | sivi:base_reverse_runner.py:261| eval_kl_ite | Epoch 7590, Reverse Model KL ITE: 0.2520
2026-03-28 22:58:24 | DEBUG | sivi:base_runner.py:347| eval_w2 | Epoch 7590, VI W2 to baseline: 0.1132
2026-03-28 22:58:24 | DEBUG | sivi:base_reverse_runner.py:272| eval_w2 | Epoch 7590, Reverse Model W2: 0.1263
2026-03-28 22:58:24 | DEBUG | sivi:base_runner.py:477| eval_elbo | Epoch 7590, ELBO: 1.0114, Std Total: 7.2176, Std Q: nan, CI Half: 0.6327
2026-03-28 22:58:24 | DEBUG | sivi:base_runner.py:507| eval_ksd | Epoch 7590, VI KSD: 0.0054
2026-03-28 22:58:24 | DEBUG | sivi:base_runner.py:874| learn | Epoch 7600: Avg Loss: -0.7443, Avg Epoch Time: 0.0582s
2026-03-28 22:58:24 | DEBUG | sivi:base_runner.py:337| eval_kl_ite | Epoch 7600, VI KL to baseline: 0.0140
2026-03-28 22:58:24 | DEBUG | sivi:base_reverse_runner.py:261| eval_kl_ite | Epoch 7600, Reverse Model KL ITE: 0.2649
2026-03-28 22:58:25 | DEBUG | sivi:base_runner.py:347| eval_w2 | Epoch 7600, VI W2 to baseline: 0.1103
2026-03-28 22:58:25 | DEBUG | sivi:base_reverse_runner.py:272| eval_w2 | Epoch 7600, Reverse Model W2: 0.1307
2026-03-28 22:58:25 | DEBUG | sivi:base_runner.py:477| eval_elbo | Epoch 7600, ELBO: 0.8352, Std Total: 6.3644, Std Q: nan, CI Half: 0.5579
2026-03-28 22:58:25 | DEBUG | sivi:base_runner.py:507| eval_ksd | Epoch 7600, VI KSD: 0.0028
2026-03-28 22:58:25 | DEBUG | sivi:base_runner.py:337| eval_kl_ite | Epoch 7610, VI KL to baseline: 0.0200
2026-03-28 22:58:25 | DEBUG | sivi:base_reverse_runner.py:261| eval_kl_ite | Epoch 7610, Reverse Model KL ITE: 0.2930
2026-03-28 22:58:25 | DEBUG | sivi:base_runner.py:347| eval_w2 | Epoch 7610, VI W2 to baseline: 0.1102
2026-03-28 22:58:25 | DEBUG | sivi:base_reverse_runner.py:272| eval_w2 | Epoch 7610, Reverse Model W2: 0.1304
2026-03-28 22:58:25 | DEBUG | sivi:base_runner.py:477| eval_elbo | Epoch 7610, ELBO: 0.8703, Std Total: 7.6616, Std Q: nan, CI Half: 0.6716
2026-03-28 22:58:25 | DEBUG | sivi:base_runner.py:507| eval_ksd | Epoch 7610, VI KSD: 0.0043
2026-03-28 22:58:25 | DEBUG | sivi:base_runner.py:337| eval_kl_ite | Epoch 7620, VI KL to baseline: 0.0112
2026-03-28 22:58:25 | DEBUG | sivi:base_reverse_runner.py:261| eval_kl_ite | Epoch 7620, Reverse Model KL ITE: 0.2506
2026-03-28 22:58:25 | DEBUG | sivi:base_runner.py:347| eval_w2 | Epoch 7620, VI W2 to baseline: 0.1390
2026-03-28 22:58:25 | DEBUG | sivi:base_reverse_runner.py:272| eval_w2 | Epoch 7620, Reverse Model W2: 0.1189
2026-03-28 22:58:25 | DEBUG | sivi:base_runner.py:477| eval_elbo | Epoch 7620, ELBO: 0.6765, Std Total: 6.8021, Std Q: nan, CI Half: 0.5962
2026-03-28 22:58:25 | DEBUG | sivi:base_runner.py:507| eval_ksd | Epoch 7620, VI KSD: 0.0009
2026-03-28 22:58:26 | DEBUG | sivi:base_runner.py:337| eval_kl_ite | Epoch 7630, VI KL to baseline: 0.0215
2026-03-28 22:58:26 | DEBUG | sivi:base_reverse_runner.py:261| eval_kl_ite | Epoch 7630, Reverse Model KL ITE: 0.2389
2026-03-28 22:58:26 | DEBUG | sivi:base_runner.py:347| eval_w2 | Epoch 7630, VI W2 to baseline: 0.1136
2026-03-28 22:58:26 | DEBUG | sivi:base_reverse_runner.py:272| eval_w2 | Epoch 7630, Reverse Model W2: 0.1352
2026-03-28 22:58:26 | DEBUG | sivi:base_runner.py:477| eval_elbo | Epoch 7630, ELBO: 0.4518, Std Total: 3.6172, Std Q: nan, CI Half: 0.3171
2026-03-28 22:58:26 | DEBUG | sivi:base_runner.py:507| eval_ksd | Epoch 7630, VI KSD: 0.0050
2026-03-28 22:58:26 | DEBUG | sivi:base_runner.py:337| eval_kl_ite | Epoch 7640, VI KL to baseline: 0.0107
2026-03-28 22:58:26 | DEBUG | sivi:base_reverse_runner.py:261| eval_kl_ite | Epoch 7640, Reverse Model KL ITE: 0.2763
2026-03-28 22:58:26 | DEBUG | sivi:base_runner.py:347| eval_w2 | Epoch 7640, VI W2 to baseline: 0.1172
2026-03-28 22:58:26 | DEBUG | sivi:base_reverse_runner.py:272| eval_w2 | Epoch 7640, Reverse Model W2: 0.1242
2026-03-28 22:58:26 | DEBUG | sivi:base_runner.py:477| eval_elbo | Epoch 7640, ELBO: 0.9249, Std Total: 7.8696, Std Q: nan, CI Half: 0.6898
2026-03-28 22:58:26 | DEBUG | sivi:base_runner.py:507| eval_ksd | Epoch 7640, VI KSD: 0.0001
2026-03-28 22:58:27 | DEBUG | sivi:base_runner.py:337| eval_kl_ite | Epoch 7650, VI KL to baseline: 0.0246
2026-03-28 22:58:27 | DEBUG | sivi:base_reverse_runner.py:261| eval_kl_ite | Epoch 7650, Reverse Model KL ITE: 0.2541
2026-03-28 22:58:27 | DEBUG | sivi:base_runner.py:347| eval_w2 | Epoch 7650, VI W2 to baseline: 0.1234
2026-03-28 22:58:27 | DEBUG | sivi:base_reverse_runner.py:272| eval_w2 | Epoch 7650, Reverse Model W2: 0.1294
2026-03-28 22:58:27 | DEBUG | sivi:base_runner.py:477| eval_elbo | Epoch 7650, ELBO: 1.1653, Std Total: 7.2189, Std Q: nan, CI Half: 0.6328
2026-03-28 22:58:27 | DEBUG | sivi:base_runner.py:507| eval_ksd | Epoch 7650, VI KSD: 0.0030
2026-03-28 22:58:27 | DEBUG | sivi:base_runner.py:337| eval_kl_ite | Epoch 7660, VI KL to baseline: 0.0081
2026-03-28 22:58:27 | DEBUG | sivi:base_reverse_runner.py:261| eval_kl_ite | Epoch 7660, Reverse Model KL ITE: 0.2695
2026-03-28 22:58:28 | DEBUG | sivi:base_runner.py:347| eval_w2 | Epoch 7660, VI W2 to baseline: 0.1321
2026-03-28 22:58:28 | DEBUG | sivi:base_reverse_runner.py:272| eval_w2 | Epoch 7660, Reverse Model W2: 0.1418
2026-03-28 22:58:28 | DEBUG | sivi:base_runner.py:477| eval_elbo | Epoch 7660, ELBO: 1.0478, Std Total: 7.1197, Std Q: nan, CI Half: 0.6241
2026-03-28 22:58:28 | DEBUG | sivi:base_runner.py:507| eval_ksd | Epoch 7660, VI KSD: 0.0066
2026-03-28 22:58:28 | DEBUG | sivi:base_runner.py:337| eval_kl_ite | Epoch 7670, VI KL to baseline: -0.0025
2026-03-28 22:58:28 | DEBUG | sivi:base_reverse_runner.py:261| eval_kl_ite | Epoch 7670, Reverse Model KL ITE: 0.3015
2026-03-28 22:58:28 | DEBUG | sivi:base_runner.py:347| eval_w2 | Epoch 7670, VI W2 to baseline: 0.1298
2026-03-28 22:58:28 | DEBUG | sivi:base_reverse_runner.py:272| eval_w2 | Epoch 7670, Reverse Model W2: 0.3141
2026-03-28 22:58:28 | DEBUG | sivi:base_runner.py:477| eval_elbo | Epoch 7670, ELBO: 1.3993, Std Total: 12.8624, Std Q: nan, CI Half: 1.1274
2026-03-28 22:58:28 | DEBUG | sivi:base_runner.py:507| eval_ksd | Epoch 7670, VI KSD: 0.0077
2026-03-28 22:58:28 | DEBUG | sivi:base_runner.py:337| eval_kl_ite | Epoch 7680, VI KL to baseline: 0.0055
2026-03-28 22:58:28 | DEBUG | sivi:base_reverse_runner.py:261| eval_kl_ite | Epoch 7680, Reverse Model KL ITE: 0.2638
2026-03-28 22:58:28 | DEBUG | sivi:base_runner.py:347| eval_w2 | Epoch 7680, VI W2 to baseline: 0.1275
2026-03-28 22:58:28 | DEBUG | sivi:base_reverse_runner.py:272| eval_w2 | Epoch 7680, Reverse Model W2: 0.1191
2026-03-28 22:58:28 | DEBUG | sivi:base_runner.py:477| eval_elbo | Epoch 7680, ELBO: 0.9671, Std Total: 7.4423, Std Q: nan, CI Half: 0.6523
2026-03-28 22:58:28 | DEBUG | sivi:base_runner.py:507| eval_ksd | Epoch 7680, VI KSD: 0.0012
2026-03-28 22:58:29 | DEBUG | sivi:base_runner.py:337| eval_kl_ite | Epoch 7690, VI KL to baseline: 0.0291
2026-03-28 22:58:29 | DEBUG | sivi:base_reverse_runner.py:261| eval_kl_ite | Epoch 7690, Reverse Model KL ITE: 0.2455
2026-03-28 22:58:29 | DEBUG | sivi:base_runner.py:347| eval_w2 | Epoch 7690, VI W2 to baseline: 0.1289
2026-03-28 22:58:29 | DEBUG | sivi:base_reverse_runner.py:272| eval_w2 | Epoch 7690, Reverse Model W2: 0.1263
2026-03-28 22:58:29 | DEBUG | sivi:base_runner.py:477| eval_elbo | Epoch 7690, ELBO: 1.2810, Std Total: 11.4673, Std Q: nan, CI Half: 1.0052
2026-03-28 22:58:29 | DEBUG | sivi:base_runner.py:507| eval_ksd | Epoch 7690, VI KSD: 0.0028
2026-03-28 22:58:29 | DEBUG | sivi:base_runner.py:874| learn | Epoch 7700: Avg Loss: 0.1458, Avg Epoch Time: 0.0495s
2026-03-28 22:58:29 | DEBUG | sivi:base_runner.py:337| eval_kl_ite | Epoch 7700, VI KL to baseline: 0.0108
2026-03-28 22:58:29 | DEBUG | sivi:base_reverse_runner.py:261| eval_kl_ite | Epoch 7700, Reverse Model KL ITE: 0.3034
2026-03-28 22:58:29 | DEBUG | sivi:base_runner.py:347| eval_w2 | Epoch 7700, VI W2 to baseline: 0.1329
2026-03-28 22:58:29 | DEBUG | sivi:base_reverse_runner.py:272| eval_w2 | Epoch 7700, Reverse Model W2: 0.1319
2026-03-28 22:58:29 | DEBUG | sivi:base_runner.py:477| eval_elbo | Epoch 7700, ELBO: 1.0317, Std Total: 8.3978, Std Q: nan, CI Half: 0.7361
2026-03-28 22:58:29 | DEBUG | sivi:base_runner.py:507| eval_ksd | Epoch 7700, VI KSD: 0.0013
2026-03-28 22:58:30 | DEBUG | sivi:base_runner.py:337| eval_kl_ite | Epoch 7710, VI KL to baseline: 0.0186
2026-03-28 22:58:30 | DEBUG | sivi:base_reverse_runner.py:261| eval_kl_ite | Epoch 7710, Reverse Model KL ITE: 0.2575
2026-03-28 22:58:30 | DEBUG | sivi:base_runner.py:347| eval_w2 | Epoch 7710, VI W2 to baseline: 0.1038
2026-03-28 22:58:30 | DEBUG | sivi:base_reverse_runner.py:272| eval_w2 | Epoch 7710, Reverse Model W2: 0.1417
2026-03-28 22:58:30 | DEBUG | sivi:base_runner.py:477| eval_elbo | Epoch 7710, ELBO: 1.2353, Std Total: 10.3241, Std Q: nan, CI Half: 0.9050
2026-03-28 22:58:30 | DEBUG | sivi:base_runner.py:507| eval_ksd | Epoch 7710, VI KSD: 0.0012
2026-03-28 22:58:30 | DEBUG | sivi:base_runner.py:337| eval_kl_ite | Epoch 7720, VI KL to baseline: 0.0216
2026-03-28 22:58:30 | DEBUG | sivi:base_reverse_runner.py:261| eval_kl_ite | Epoch 7720, Reverse Model KL ITE: 0.2634
2026-03-28 22:58:30 | DEBUG | sivi:base_runner.py:347| eval_w2 | Epoch 7720, VI W2 to baseline: 0.1287
2026-03-28 22:58:30 | DEBUG | sivi:base_reverse_runner.py:272| eval_w2 | Epoch 7720, Reverse Model W2: 0.1217
2026-03-28 22:58:30 | DEBUG | sivi:base_runner.py:477| eval_elbo | Epoch 7720, ELBO: 0.6423, Std Total: 5.2903, Std Q: nan, CI Half: 0.4637
2026-03-28 22:58:30 | DEBUG | sivi:base_runner.py:507| eval_ksd | Epoch 7720, VI KSD: 0.0063
2026-03-28 22:58:31 | DEBUG | sivi:base_runner.py:337| eval_kl_ite | Epoch 7730, VI KL to baseline: 0.0225
2026-03-28 22:58:31 | DEBUG | sivi:base_reverse_runner.py:261| eval_kl_ite | Epoch 7730, Reverse Model KL ITE: 0.2926
2026-03-28 22:58:31 | DEBUG | sivi:base_runner.py:347| eval_w2 | Epoch 7730, VI W2 to baseline: 0.1207
2026-03-28 22:58:31 | DEBUG | sivi:base_reverse_runner.py:272| eval_w2 | Epoch 7730, Reverse Model W2: 0.1439
2026-03-28 22:58:31 | DEBUG | sivi:base_runner.py:477| eval_elbo | Epoch 7730, ELBO: 0.9461, Std Total: 7.2361, Std Q: nan, CI Half: 0.6343
2026-03-28 22:58:31 | DEBUG | sivi:base_runner.py:507| eval_ksd | Epoch 7730, VI KSD: 0.0031
2026-03-28 22:58:31 | DEBUG | sivi:base_runner.py:337| eval_kl_ite | Epoch 7740, VI KL to baseline: 0.0244
2026-03-28 22:58:32 | DEBUG | sivi:base_reverse_runner.py:261| eval_kl_ite | Epoch 7740, Reverse Model KL ITE: 0.2687
2026-03-28 22:58:32 | DEBUG | sivi:base_runner.py:347| eval_w2 | Epoch 7740, VI W2 to baseline: 0.0989
2026-03-28 22:58:32 | DEBUG | sivi:base_reverse_runner.py:272| eval_w2 | Epoch 7740, Reverse Model W2: 0.1203
2026-03-28 22:58:32 | DEBUG | sivi:base_runner.py:477| eval_elbo | Epoch 7740, ELBO: 0.8198, Std Total: 6.8636, Std Q: nan, CI Half: 0.6016
2026-03-28 22:58:32 | DEBUG | sivi:base_runner.py:507| eval_ksd | Epoch 7740, VI KSD: 0.0026
2026-03-28 22:58:32 | DEBUG | sivi:base_runner.py:337| eval_kl_ite | Epoch 7750, VI KL to baseline: 0.0091
2026-03-28 22:58:32 | DEBUG | sivi:base_reverse_runner.py:261| eval_kl_ite | Epoch 7750, Reverse Model KL ITE: 0.2829
2026-03-28 22:58:32 | DEBUG | sivi:base_runner.py:347| eval_w2 | Epoch 7750, VI W2 to baseline: 0.1195
2026-03-28 22:58:32 | DEBUG | sivi:base_reverse_runner.py:272| eval_w2 | Epoch 7750, Reverse Model W2: 0.1280
2026-03-28 22:58:32 | DEBUG | sivi:base_runner.py:477| eval_elbo | Epoch 7750, ELBO: 0.6187, Std Total: 5.4435, Std Q: nan, CI Half: 0.4771
2026-03-28 22:58:32 | DEBUG | sivi:base_runner.py:507| eval_ksd | Epoch 7750, VI KSD: 0.0022
2026-03-28 22:58:33 | DEBUG | sivi:base_runner.py:337| eval_kl_ite | Epoch 7760, VI KL to baseline: 0.0170
2026-03-28 22:58:33 | DEBUG | sivi:base_reverse_runner.py:261| eval_kl_ite | Epoch 7760, Reverse Model KL ITE: 0.2833
2026-03-28 22:58:33 | DEBUG | sivi:base_runner.py:347| eval_w2 | Epoch 7760, VI W2 to baseline: 0.1186
2026-03-28 22:58:33 | DEBUG | sivi:base_reverse_runner.py:272| eval_w2 | Epoch 7760, Reverse Model W2: 0.1401
2026-03-28 22:58:33 | DEBUG | sivi:base_runner.py:477| eval_elbo | Epoch 7760, ELBO: 1.3277, Std Total: 10.0035, Std Q: nan, CI Half: 0.8768
2026-03-28 22:58:33 | DEBUG | sivi:base_runner.py:507| eval_ksd | Epoch 7760, VI KSD: 0.0034
2026-03-28 22:58:33 | DEBUG | sivi:base_runner.py:337| eval_kl_ite | Epoch 7770, VI KL to baseline: 0.0477
2026-03-28 22:58:33 | DEBUG | sivi:base_reverse_runner.py:261| eval_kl_ite | Epoch 7770, Reverse Model KL ITE: 0.2494
2026-03-28 22:58:33 | DEBUG | sivi:base_runner.py:347| eval_w2 | Epoch 7770, VI W2 to baseline: 0.1208
2026-03-28 22:58:33 | DEBUG | sivi:base_reverse_runner.py:272| eval_w2 | Epoch 7770, Reverse Model W2: 0.1282
2026-03-28 22:58:33 | DEBUG | sivi:base_runner.py:477| eval_elbo | Epoch 7770, ELBO: 1.1898, Std Total: 10.5623, Std Q: nan, CI Half: 0.9258
2026-03-28 22:58:33 | DEBUG | sivi:base_runner.py:507| eval_ksd | Epoch 7770, VI KSD: -0.0006
2026-03-28 22:58:33 | DEBUG | sivi:base_runner.py:337| eval_kl_ite | Epoch 7780, VI KL to baseline: 0.0016
2026-03-28 22:58:34 | DEBUG | sivi:base_reverse_runner.py:261| eval_kl_ite | Epoch 7780, Reverse Model KL ITE: 0.2833
2026-03-28 22:58:34 | DEBUG | sivi:base_runner.py:347| eval_w2 | Epoch 7780, VI W2 to baseline: 0.1175
2026-03-28 22:58:34 | DEBUG | sivi:base_reverse_runner.py:272| eval_w2 | Epoch 7780, Reverse Model W2: 0.1243
2026-03-28 22:58:34 | DEBUG | sivi:base_runner.py:477| eval_elbo | Epoch 7780, ELBO: 0.6859, Std Total: 5.8033, Std Q: nan, CI Half: 0.5087
2026-03-28 22:58:34 | DEBUG | sivi:base_runner.py:507| eval_ksd | Epoch 7780, VI KSD: 0.0019
2026-03-28 22:58:34 | DEBUG | sivi:base_runner.py:337| eval_kl_ite | Epoch 7790, VI KL to baseline: 0.0147
2026-03-28 22:58:34 | DEBUG | sivi:base_reverse_runner.py:261| eval_kl_ite | Epoch 7790, Reverse Model KL ITE: 0.2641
2026-03-28 22:58:34 | DEBUG | sivi:base_runner.py:347| eval_w2 | Epoch 7790, VI W2 to baseline: 0.1291
2026-03-28 22:58:34 | DEBUG | sivi:base_reverse_runner.py:272| eval_w2 | Epoch 7790, Reverse Model W2: 0.1292
2026-03-28 22:58:34 | DEBUG | sivi:base_runner.py:477| eval_elbo | Epoch 7790, ELBO: 0.9168, Std Total: 7.0865, Std Q: nan, CI Half: 0.6212
2026-03-28 22:58:34 | DEBUG | sivi:base_runner.py:507| eval_ksd | Epoch 7790, VI KSD: 0.0012
2026-03-28 22:58:35 | DEBUG | sivi:base_runner.py:874| learn | Epoch 7800: Avg Loss: 0.0301, Avg Epoch Time: 0.0540s
2026-03-28 22:58:35 | DEBUG | sivi:base_runner.py:337| eval_kl_ite | Epoch 7800, VI KL to baseline: 0.0175
2026-03-28 22:58:35 | DEBUG | sivi:base_reverse_runner.py:261| eval_kl_ite | Epoch 7800, Reverse Model KL ITE: 0.2239
2026-03-28 22:58:35 | DEBUG | sivi:base_runner.py:347| eval_w2 | Epoch 7800, VI W2 to baseline: 0.1205
2026-03-28 22:58:35 | DEBUG | sivi:base_reverse_runner.py:272| eval_w2 | Epoch 7800, Reverse Model W2: 0.2004
2026-03-28 22:58:35 | DEBUG | sivi:base_runner.py:477| eval_elbo | Epoch 7800, ELBO: 0.8850, Std Total: 7.9350, Std Q: nan, CI Half: 0.6955
2026-03-28 22:58:35 | DEBUG | sivi:base_runner.py:507| eval_ksd | Epoch 7800, VI KSD: 0.0024
2026-03-28 22:58:35 | DEBUG | sivi:base_runner.py:337| eval_kl_ite | Epoch 7810, VI KL to baseline: 0.0217
2026-03-28 22:58:35 | DEBUG | sivi:base_reverse_runner.py:261| eval_kl_ite | Epoch 7810, Reverse Model KL ITE: 0.2469
2026-03-28 22:58:35 | DEBUG | sivi:base_runner.py:347| eval_w2 | Epoch 7810, VI W2 to baseline: 0.1148
2026-03-28 22:58:35 | DEBUG | sivi:base_reverse_runner.py:272| eval_w2 | Epoch 7810, Reverse Model W2: 0.1314
2026-03-28 22:58:35 | DEBUG | sivi:base_runner.py:477| eval_elbo | Epoch 7810, ELBO: 0.7414, Std Total: 5.9982, Std Q: nan, CI Half: 0.5258
2026-03-28 22:58:35 | DEBUG | sivi:base_runner.py:507| eval_ksd | Epoch 7810, VI KSD: 0.0036
2026-03-28 22:58:36 | DEBUG | sivi:base_runner.py:337| eval_kl_ite | Epoch 7820, VI KL to baseline: 0.0178
2026-03-28 22:58:36 | DEBUG | sivi:base_reverse_runner.py:261| eval_kl_ite | Epoch 7820, Reverse Model KL ITE: 0.2767
2026-03-28 22:58:36 | DEBUG | sivi:base_runner.py:347| eval_w2 | Epoch 7820, VI W2 to baseline: 0.1073
2026-03-28 22:58:36 | DEBUG | sivi:base_reverse_runner.py:272| eval_w2 | Epoch 7820, Reverse Model W2: 0.1386
2026-03-28 22:58:36 | DEBUG | sivi:base_runner.py:477| eval_elbo | Epoch 7820, ELBO: 0.5055, Std Total: 4.5353, Std Q: nan, CI Half: 0.3975
2026-03-28 22:58:36 | DEBUG | sivi:base_runner.py:507| eval_ksd | Epoch 7820, VI KSD: 0.0043
2026-03-28 22:58:36 | DEBUG | sivi:base_runner.py:337| eval_kl_ite | Epoch 7830, VI KL to baseline: 0.0241
2026-03-28 22:58:36 | DEBUG | sivi:base_reverse_runner.py:261| eval_kl_ite | Epoch 7830, Reverse Model KL ITE: 0.2886
2026-03-28 22:58:36 | DEBUG | sivi:base_runner.py:347| eval_w2 | Epoch 7830, VI W2 to baseline: 0.1134
2026-03-28 22:58:36 | DEBUG | sivi:base_reverse_runner.py:272| eval_w2 | Epoch 7830, Reverse Model W2: 0.1113
2026-03-28 22:58:36 | DEBUG | sivi:base_runner.py:477| eval_elbo | Epoch 7830, ELBO: 0.6404, Std Total: 5.3157, Std Q: nan, CI Half: 0.4659
2026-03-28 22:58:36 | DEBUG | sivi:base_runner.py:507| eval_ksd | Epoch 7830, VI KSD: 0.0009
2026-03-28 22:58:37 | DEBUG | sivi:base_runner.py:337| eval_kl_ite | Epoch 7840, VI KL to baseline: 0.0317
2026-03-28 22:58:37 | DEBUG | sivi:base_reverse_runner.py:261| eval_kl_ite | Epoch 7840, Reverse Model KL ITE: 0.2378
2026-03-28 22:58:37 | DEBUG | sivi:base_runner.py:347| eval_w2 | Epoch 7840, VI W2 to baseline: 0.1007
2026-03-28 22:58:37 | DEBUG | sivi:base_reverse_runner.py:272| eval_w2 | Epoch 7840, Reverse Model W2: 0.1305
2026-03-28 22:58:37 | DEBUG | sivi:base_runner.py:477| eval_elbo | Epoch 7840, ELBO: 0.9764, Std Total: 9.5036, Std Q: nan, CI Half: 0.8330
2026-03-28 22:58:37 | DEBUG | sivi:base_runner.py:507| eval_ksd | Epoch 7840, VI KSD: 0.0042
2026-03-28 22:58:38 | DEBUG | sivi:base_runner.py:337| eval_kl_ite | Epoch 7850, VI KL to baseline: 0.0233
2026-03-28 22:58:38 | DEBUG | sivi:base_reverse_runner.py:261| eval_kl_ite | Epoch 7850, Reverse Model KL ITE: 0.2460
2026-03-28 22:58:38 | DEBUG | sivi:base_runner.py:347| eval_w2 | Epoch 7850, VI W2 to baseline: 0.0940
2026-03-28 22:58:38 | DEBUG | sivi:base_reverse_runner.py:272| eval_w2 | Epoch 7850, Reverse Model W2: 0.1209
2026-03-28 22:58:38 | DEBUG | sivi:base_runner.py:477| eval_elbo | Epoch 7850, ELBO: 0.8457, Std Total: 6.8583, Std Q: nan, CI Half: 0.6012
2026-03-28 22:58:38 | DEBUG | sivi:base_runner.py:507| eval_ksd | Epoch 7850, VI KSD: 0.0033
2026-03-28 22:58:38 | DEBUG | sivi:base_runner.py:337| eval_kl_ite | Epoch 7860, VI KL to baseline: 0.0095
2026-03-28 22:58:38 | DEBUG | sivi:base_reverse_runner.py:261| eval_kl_ite | Epoch 7860, Reverse Model KL ITE: 0.2898
2026-03-28 22:58:38 | DEBUG | sivi:base_runner.py:347| eval_w2 | Epoch 7860, VI W2 to baseline: 0.1134
2026-03-28 22:58:38 | DEBUG | sivi:base_reverse_runner.py:272| eval_w2 | Epoch 7860, Reverse Model W2: 0.1235
2026-03-28 22:58:38 | DEBUG | sivi:base_runner.py:477| eval_elbo | Epoch 7860, ELBO: 1.4670, Std Total: 10.0382, Std Q: nan, CI Half: 0.8799
2026-03-28 22:58:38 | DEBUG | sivi:base_runner.py:507| eval_ksd | Epoch 7860, VI KSD: 0.0042
2026-03-28 22:58:39 | DEBUG | sivi:base_runner.py:337| eval_kl_ite | Epoch 7870, VI KL to baseline: 0.0286
2026-03-28 22:58:39 | DEBUG | sivi:base_reverse_runner.py:261| eval_kl_ite | Epoch 7870, Reverse Model KL ITE: 0.2828
2026-03-28 22:58:39 | DEBUG | sivi:base_runner.py:347| eval_w2 | Epoch 7870, VI W2 to baseline: 0.1111
2026-03-28 22:58:39 | DEBUG | sivi:base_reverse_runner.py:272| eval_w2 | Epoch 7870, Reverse Model W2: 0.1171
2026-03-28 22:58:39 | DEBUG | sivi:base_runner.py:477| eval_elbo | Epoch 7870, ELBO: 0.4711, Std Total: 4.8048, Std Q: nan, CI Half: 0.4212
2026-03-28 22:58:39 | DEBUG | sivi:base_runner.py:507| eval_ksd | Epoch 7870, VI KSD: 0.0025
2026-03-28 22:58:39 | DEBUG | sivi:base_runner.py:337| eval_kl_ite | Epoch 7880, VI KL to baseline: 0.0357
2026-03-28 22:58:40 | DEBUG | sivi:base_reverse_runner.py:261| eval_kl_ite | Epoch 7880, Reverse Model KL ITE: 0.2495
2026-03-28 22:58:40 | DEBUG | sivi:base_runner.py:347| eval_w2 | Epoch 7880, VI W2 to baseline: 0.1020
2026-03-28 22:58:40 | DEBUG | sivi:base_reverse_runner.py:272| eval_w2 | Epoch 7880, Reverse Model W2: 0.1189
2026-03-28 22:58:40 | DEBUG | sivi:base_runner.py:477| eval_elbo | Epoch 7880, ELBO: 1.9203, Std Total: 13.8891, Std Q: nan, CI Half: 1.2174
2026-03-28 22:58:40 | DEBUG | sivi:base_runner.py:507| eval_ksd | Epoch 7880, VI KSD: 0.0006
2026-03-28 22:58:40 | DEBUG | sivi:base_runner.py:337| eval_kl_ite | Epoch 7890, VI KL to baseline: 0.0336
2026-03-28 22:58:40 | DEBUG | sivi:base_reverse_runner.py:261| eval_kl_ite | Epoch 7890, Reverse Model KL ITE: 0.2668
2026-03-28 22:58:40 | DEBUG | sivi:base_runner.py:347| eval_w2 | Epoch 7890, VI W2 to baseline: 0.1020
2026-03-28 22:58:40 | DEBUG | sivi:base_reverse_runner.py:272| eval_w2 | Epoch 7890, Reverse Model W2: 0.1104
2026-03-28 22:58:40 | DEBUG | sivi:base_runner.py:477| eval_elbo | Epoch 7890, ELBO: 0.7646, Std Total: 5.7471, Std Q: nan, CI Half: 0.5038
2026-03-28 22:58:40 | DEBUG | sivi:base_runner.py:507| eval_ksd | Epoch 7890, VI KSD: 0.0006
2026-03-28 22:58:40 | DEBUG | sivi:base_runner.py:874| learn | Epoch 7900: Avg Loss: 0.0590, Avg Epoch Time: 0.0569s
2026-03-28 22:58:40 | DEBUG | sivi:base_runner.py:337| eval_kl_ite | Epoch 7900, VI KL to baseline: 0.0168
2026-03-28 22:58:40 | DEBUG | sivi:base_reverse_runner.py:261| eval_kl_ite | Epoch 7900, Reverse Model KL ITE: 0.2700
2026-03-28 22:58:41 | DEBUG | sivi:base_runner.py:347| eval_w2 | Epoch 7900, VI W2 to baseline: 0.1092
2026-03-28 22:58:41 | DEBUG | sivi:base_reverse_runner.py:272| eval_w2 | Epoch 7900, Reverse Model W2: 0.1231
2026-03-28 22:58:41 | DEBUG | sivi:base_runner.py:477| eval_elbo | Epoch 7900, ELBO: 1.5407, Std Total: 12.5654, Std Q: nan, CI Half: 1.1014
2026-03-28 22:58:41 | DEBUG | sivi:base_runner.py:507| eval_ksd | Epoch 7900, VI KSD: 0.0032
2026-03-28 22:58:41 | DEBUG | sivi:base_runner.py:337| eval_kl_ite | Epoch 7910, VI KL to baseline: 0.0134
2026-03-28 22:58:41 | DEBUG | sivi:base_reverse_runner.py:261| eval_kl_ite | Epoch 7910, Reverse Model KL ITE: 0.2470
2026-03-28 22:58:41 | DEBUG | sivi:base_runner.py:347| eval_w2 | Epoch 7910, VI W2 to baseline: 0.1195
2026-03-28 22:58:41 | DEBUG | sivi:base_reverse_runner.py:272| eval_w2 | Epoch 7910, Reverse Model W2: 0.1330
2026-03-28 22:58:41 | DEBUG | sivi:base_runner.py:477| eval_elbo | Epoch 7910, ELBO: 1.0692, Std Total: 7.2698, Std Q: nan, CI Half: 0.6372
2026-03-28 22:58:41 | DEBUG | sivi:base_runner.py:507| eval_ksd | Epoch 7910, VI KSD: 0.0021
2026-03-28 22:58:42 | DEBUG | sivi:base_runner.py:337| eval_kl_ite | Epoch 7920, VI KL to baseline: 0.0302
2026-03-28 22:58:42 | DEBUG | sivi:base_reverse_runner.py:261| eval_kl_ite | Epoch 7920, Reverse Model KL ITE: 0.2400
2026-03-28 22:58:42 | DEBUG | sivi:base_runner.py:347| eval_w2 | Epoch 7920, VI W2 to baseline: 0.1031
2026-03-28 22:58:42 | DEBUG | sivi:base_reverse_runner.py:272| eval_w2 | Epoch 7920, Reverse Model W2: 0.1302
2026-03-28 22:58:42 | DEBUG | sivi:base_runner.py:477| eval_elbo | Epoch 7920, ELBO: 1.1113, Std Total: 9.0123, Std Q: nan, CI Half: 0.7900
2026-03-28 22:58:42 | DEBUG | sivi:base_runner.py:507| eval_ksd | Epoch 7920, VI KSD: 0.0011
2026-03-28 22:58:42 | DEBUG | sivi:base_runner.py:337| eval_kl_ite | Epoch 7930, VI KL to baseline: 0.0253
2026-03-28 22:58:42 | DEBUG | sivi:base_reverse_runner.py:261| eval_kl_ite | Epoch 7930, Reverse Model KL ITE: 0.2295
2026-03-28 22:58:42 | DEBUG | sivi:base_runner.py:347| eval_w2 | Epoch 7930, VI W2 to baseline: 0.1039
2026-03-28 22:58:42 | DEBUG | sivi:base_reverse_runner.py:272| eval_w2 | Epoch 7930, Reverse Model W2: 0.1139
2026-03-28 22:58:42 | DEBUG | sivi:base_runner.py:477| eval_elbo | Epoch 7930, ELBO: 1.1507, Std Total: 9.0656, Std Q: nan, CI Half: 0.7946
2026-03-28 22:58:42 | DEBUG | sivi:base_runner.py:507| eval_ksd | Epoch 7930, VI KSD: 0.0041
2026-03-28 22:58:43 | DEBUG | sivi:base_runner.py:337| eval_kl_ite | Epoch 7940, VI KL to baseline: 0.0228
2026-03-28 22:58:43 | DEBUG | sivi:base_reverse_runner.py:261| eval_kl_ite | Epoch 7940, Reverse Model KL ITE: 0.2434
2026-03-28 22:58:43 | DEBUG | sivi:base_runner.py:347| eval_w2 | Epoch 7940, VI W2 to baseline: 0.1479
2026-03-28 22:58:43 | DEBUG | sivi:base_reverse_runner.py:272| eval_w2 | Epoch 7940, Reverse Model W2: 0.1227
2026-03-28 22:58:43 | DEBUG | sivi:base_runner.py:477| eval_elbo | Epoch 7940, ELBO: 1.0083, Std Total: 6.8463, Std Q: nan, CI Half: 0.6001
2026-03-28 22:58:43 | DEBUG | sivi:base_runner.py:507| eval_ksd | Epoch 7940, VI KSD: 0.0003
2026-03-28 22:58:43 | DEBUG | sivi:base_runner.py:337| eval_kl_ite | Epoch 7950, VI KL to baseline: 0.0246
2026-03-28 22:58:43 | DEBUG | sivi:base_reverse_runner.py:261| eval_kl_ite | Epoch 7950, Reverse Model KL ITE: 0.2664
2026-03-28 22:58:43 | DEBUG | sivi:base_runner.py:347| eval_w2 | Epoch 7950, VI W2 to baseline: 0.1454
2026-03-28 22:58:44 | DEBUG | sivi:base_reverse_runner.py:272| eval_w2 | Epoch 7950, Reverse Model W2: 0.1344
2026-03-28 22:58:44 | DEBUG | sivi:base_runner.py:477| eval_elbo | Epoch 7950, ELBO: 0.8826, Std Total: 6.2662, Std Q: nan, CI Half: 0.5493
2026-03-28 22:58:44 | DEBUG | sivi:base_runner.py:507| eval_ksd | Epoch 7950, VI KSD: 0.0029
2026-03-28 22:58:44 | DEBUG | sivi:base_runner.py:337| eval_kl_ite | Epoch 7960, VI KL to baseline: 0.0214
2026-03-28 22:58:44 | DEBUG | sivi:base_reverse_runner.py:261| eval_kl_ite | Epoch 7960, Reverse Model KL ITE: 0.2837
2026-03-28 22:58:44 | DEBUG | sivi:base_runner.py:347| eval_w2 | Epoch 7960, VI W2 to baseline: 0.1337
2026-03-28 22:58:44 | DEBUG | sivi:base_reverse_runner.py:272| eval_w2 | Epoch 7960, Reverse Model W2: 0.1308
2026-03-28 22:58:44 | DEBUG | sivi:base_runner.py:477| eval_elbo | Epoch 7960, ELBO: 1.6276, Std Total: 10.8876, Std Q: nan, CI Half: 0.9543
2026-03-28 22:58:44 | DEBUG | sivi:base_runner.py:507| eval_ksd | Epoch 7960, VI KSD: 0.0029
2026-03-28 22:58:44 | DEBUG | sivi:base_runner.py:337| eval_kl_ite | Epoch 7970, VI KL to baseline: 0.0181
2026-03-28 22:58:45 | DEBUG | sivi:base_reverse_runner.py:261| eval_kl_ite | Epoch 7970, Reverse Model KL ITE: 0.2587
2026-03-28 22:58:45 | DEBUG | sivi:base_runner.py:347| eval_w2 | Epoch 7970, VI W2 to baseline: 0.0978
2026-03-28 22:58:45 | DEBUG | sivi:base_reverse_runner.py:272| eval_w2 | Epoch 7970, Reverse Model W2: 0.1301
2026-03-28 22:58:45 | DEBUG | sivi:base_runner.py:477| eval_elbo | Epoch 7970, ELBO: 0.7306, Std Total: 6.0215, Std Q: nan, CI Half: 0.5278
2026-03-28 22:58:45 | DEBUG | sivi:base_runner.py:507| eval_ksd | Epoch 7970, VI KSD: 0.0064
2026-03-28 22:58:45 | DEBUG | sivi:base_runner.py:337| eval_kl_ite | Epoch 7980, VI KL to baseline: 0.0103
2026-03-28 22:58:45 | DEBUG | sivi:base_reverse_runner.py:261| eval_kl_ite | Epoch 7980, Reverse Model KL ITE: 0.2447
2026-03-28 22:58:45 | DEBUG | sivi:base_runner.py:347| eval_w2 | Epoch 7980, VI W2 to baseline: 0.1348
2026-03-28 22:58:45 | DEBUG | sivi:base_reverse_runner.py:272| eval_w2 | Epoch 7980, Reverse Model W2: 0.1395
2026-03-28 22:58:45 | DEBUG | sivi:base_runner.py:477| eval_elbo | Epoch 7980, ELBO: 0.9386, Std Total: 8.4459, Std Q: nan, CI Half: 0.7403
2026-03-28 22:58:45 | DEBUG | sivi:base_runner.py:507| eval_ksd | Epoch 7980, VI KSD: 0.0019
2026-03-28 22:58:46 | DEBUG | sivi:base_runner.py:337| eval_kl_ite | Epoch 7990, VI KL to baseline: 0.0252
2026-03-28 22:58:46 | DEBUG | sivi:base_reverse_runner.py:261| eval_kl_ite | Epoch 7990, Reverse Model KL ITE: 0.2463
2026-03-28 22:58:46 | DEBUG | sivi:base_runner.py:347| eval_w2 | Epoch 7990, VI W2 to baseline: 0.1450
2026-03-28 22:58:46 | DEBUG | sivi:base_reverse_runner.py:272| eval_w2 | Epoch 7990, Reverse Model W2: 0.1115
2026-03-28 22:58:46 | DEBUG | sivi:base_runner.py:477| eval_elbo | Epoch 7990, ELBO: 0.9450, Std Total: 7.4416, Std Q: nan, CI Half: 0.6523
2026-03-28 22:58:46 | DEBUG | sivi:base_runner.py:507| eval_ksd | Epoch 7990, VI KSD: 0.0036
2026-03-28 22:58:46 | DEBUG | sivi:base_runner.py:874| learn | Epoch 8000: Avg Loss: -0.1899, Avg Epoch Time: 0.0574s
2026-03-28 22:58:46 | DEBUG | sivi:base_reverse_runner.py:183| _training_rev_log_func | Epoch 8000, Inner epoch 1, Reverse Model Loss: 3.7792, Avg Steps: 1.0000
2026-03-28 22:58:46 | DEBUG | sivi:base_runner.py:588| save_samples | Saved 100000 samples at epoch 8000.
2026-03-28 22:58:46 | DEBUG | sivi:base_runner.py:607| save_checkpoint | Saved VIModel checkpoints at epoch 8000 to results/AISIVI/x_shaped/20260328_225057/checkpoints/epoch_8000.
2026-03-28 22:58:46 | DEBUG | sivi:base_reverse_runner.py:476| save_checkpoint | Saved reverse checkpoints at epoch 8000 to results/AISIVI/x_shaped/20260328_225057/checkpoints/epoch_8000.
2026-03-28 22:58:46 | DEBUG | sivi:base_runner.py:337| eval_kl_ite | Epoch 8000, VI KL to baseline: 0.0387
2026-03-28 22:58:46 | DEBUG | sivi:base_reverse_runner.py:261| eval_kl_ite | Epoch 8000, Reverse Model KL ITE: 0.2809
2026-03-28 22:58:46 | DEBUG | sivi:base_runner.py:347| eval_w2 | Epoch 8000, VI W2 to baseline: 0.1336
2026-03-28 22:58:46 | DEBUG | sivi:base_reverse_runner.py:272| eval_w2 | Epoch 8000, Reverse Model W2: 0.1477
2026-03-28 22:58:46 | DEBUG | sivi:base_runner.py:477| eval_elbo | Epoch 8000, ELBO: 0.6450, Std Total: 5.8694, Std Q: nan, CI Half: 0.5145
2026-03-28 22:58:46 | DEBUG | sivi:base_runner.py:507| eval_ksd | Epoch 8000, VI KSD: 0.0033
2026-03-28 22:58:46 | DEBUG | sivi:base_runner.py:970| learn | Saved contour plot at epoch 8000.
2026-03-28 22:58:47 | DEBUG | sivi:base_runner.py:337| eval_kl_ite | Epoch 8010, VI KL to baseline: 0.0304
2026-03-28 22:58:47 | DEBUG | sivi:base_reverse_runner.py:261| eval_kl_ite | Epoch 8010, Reverse Model KL ITE: 0.2300
2026-03-28 22:58:47 | DEBUG | sivi:base_runner.py:347| eval_w2 | Epoch 8010, VI W2 to baseline: 0.1237
2026-03-28 22:58:47 | DEBUG | sivi:base_reverse_runner.py:272| eval_w2 | Epoch 8010, Reverse Model W2: 0.1364
2026-03-28 22:58:47 | DEBUG | sivi:base_runner.py:477| eval_elbo | Epoch 8010, ELBO: 0.7342, Std Total: 5.6617, Std Q: nan, CI Half: 0.4963
2026-03-28 22:58:47 | DEBUG | sivi:base_runner.py:507| eval_ksd | Epoch 8010, VI KSD: 0.0036
2026-03-28 22:58:47 | DEBUG | sivi:base_runner.py:337| eval_kl_ite | Epoch 8020, VI KL to baseline: 0.0309
2026-03-28 22:58:47 | DEBUG | sivi:base_reverse_runner.py:261| eval_kl_ite | Epoch 8020, Reverse Model KL ITE: 0.2432
2026-03-28 22:58:47 | DEBUG | sivi:base_runner.py:347| eval_w2 | Epoch 8020, VI W2 to baseline: 0.1358
2026-03-28 22:58:47 | DEBUG | sivi:base_reverse_runner.py:272| eval_w2 | Epoch 8020, Reverse Model W2: 0.1315
2026-03-28 22:58:47 | DEBUG | sivi:base_runner.py:477| eval_elbo | Epoch 8020, ELBO: 0.5391, Std Total: 4.7217, Std Q: nan, CI Half: 0.4139
2026-03-28 22:58:47 | DEBUG | sivi:base_runner.py:507| eval_ksd | Epoch 8020, VI KSD: 0.0032
2026-03-28 22:58:48 | DEBUG | sivi:base_runner.py:337| eval_kl_ite | Epoch 8030, VI KL to baseline: 0.0536
2026-03-28 22:58:48 | DEBUG | sivi:base_reverse_runner.py:261| eval_kl_ite | Epoch 8030, Reverse Model KL ITE: 0.2692
2026-03-28 22:58:48 | DEBUG | sivi:base_runner.py:347| eval_w2 | Epoch 8030, VI W2 to baseline: 0.1251
2026-03-28 22:58:48 | DEBUG | sivi:base_reverse_runner.py:272| eval_w2 | Epoch 8030, Reverse Model W2: 0.1542
2026-03-28 22:58:48 | DEBUG | sivi:base_runner.py:477| eval_elbo | Epoch 8030, ELBO: 1.3511, Std Total: 9.5106, Std Q: nan, CI Half: 0.8336
2026-03-28 22:58:48 | DEBUG | sivi:base_runner.py:507| eval_ksd | Epoch 8030, VI KSD: 0.0037
2026-03-28 22:58:48 | DEBUG | sivi:base_runner.py:337| eval_kl_ite | Epoch 8040, VI KL to baseline: 0.0124
2026-03-28 22:58:48 | DEBUG | sivi:base_reverse_runner.py:261| eval_kl_ite | Epoch 8040, Reverse Model KL ITE: 0.2489
2026-03-28 22:58:49 | DEBUG | sivi:base_runner.py:347| eval_w2 | Epoch 8040, VI W2 to baseline: 0.1261
2026-03-28 22:58:49 | DEBUG | sivi:base_reverse_runner.py:272| eval_w2 | Epoch 8040, Reverse Model W2: 0.1339
2026-03-28 22:58:49 | DEBUG | sivi:base_runner.py:477| eval_elbo | Epoch 8040, ELBO: 0.9979, Std Total: 8.1790, Std Q: nan, CI Half: 0.7169
2026-03-28 22:58:49 | DEBUG | sivi:base_runner.py:507| eval_ksd | Epoch 8040, VI KSD: 0.0031
2026-03-28 22:58:49 | DEBUG | sivi:base_runner.py:337| eval_kl_ite | Epoch 8050, VI KL to baseline: 0.0197
2026-03-28 22:58:49 | DEBUG | sivi:base_reverse_runner.py:261| eval_kl_ite | Epoch 8050, Reverse Model KL ITE: 0.2539
2026-03-28 22:58:49 | DEBUG | sivi:base_runner.py:347| eval_w2 | Epoch 8050, VI W2 to baseline: 0.1320
2026-03-28 22:58:49 | DEBUG | sivi:base_reverse_runner.py:272| eval_w2 | Epoch 8050, Reverse Model W2: 0.1217
2026-03-28 22:58:49 | DEBUG | sivi:base_runner.py:477| eval_elbo | Epoch 8050, ELBO: 0.8475, Std Total: 7.4780, Std Q: nan, CI Half: 0.6555
2026-03-28 22:58:49 | DEBUG | sivi:base_runner.py:507| eval_ksd | Epoch 8050, VI KSD: 0.0048
2026-03-28 22:58:49 | DEBUG | sivi:base_runner.py:337| eval_kl_ite | Epoch 8060, VI KL to baseline: 0.0274
2026-03-28 22:58:49 | DEBUG | sivi:base_reverse_runner.py:261| eval_kl_ite | Epoch 8060, Reverse Model KL ITE: 0.2781
2026-03-28 22:58:49 | DEBUG | sivi:base_runner.py:347| eval_w2 | Epoch 8060, VI W2 to baseline: 0.1220
2026-03-28 22:58:49 | DEBUG | sivi:base_reverse_runner.py:272| eval_w2 | Epoch 8060, Reverse Model W2: 0.1288
2026-03-28 22:58:49 | DEBUG | sivi:base_runner.py:477| eval_elbo | Epoch 8060, ELBO: 0.4350, Std Total: 3.5704, Std Q: nan, CI Half: 0.3130
2026-03-28 22:58:49 | DEBUG | sivi:base_runner.py:507| eval_ksd | Epoch 8060, VI KSD: 0.0024
2026-03-28 22:58:50 | DEBUG | sivi:base_runner.py:337| eval_kl_ite | Epoch 8070, VI KL to baseline: 0.0044
2026-03-28 22:58:50 | DEBUG | sivi:base_reverse_runner.py:261| eval_kl_ite | Epoch 8070, Reverse Model KL ITE: 0.2558
2026-03-28 22:58:50 | DEBUG | sivi:base_runner.py:347| eval_w2 | Epoch 8070, VI W2 to baseline: 0.1285
2026-03-28 22:58:50 | DEBUG | sivi:base_reverse_runner.py:272| eval_w2 | Epoch 8070, Reverse Model W2: 0.1273
2026-03-28 22:58:50 | DEBUG | sivi:base_runner.py:477| eval_elbo | Epoch 8070, ELBO: 0.7938, Std Total: 7.7920, Std Q: nan, CI Half: 0.6830
2026-03-28 22:58:50 | DEBUG | sivi:base_runner.py:507| eval_ksd | Epoch 8070, VI KSD: 0.0033
2026-03-28 22:58:51 | DEBUG | sivi:base_runner.py:337| eval_kl_ite | Epoch 8080, VI KL to baseline: 0.0335
2026-03-28 22:58:51 | DEBUG | sivi:base_reverse_runner.py:261| eval_kl_ite | Epoch 8080, Reverse Model KL ITE: 0.2453
2026-03-28 22:58:51 | DEBUG | sivi:base_runner.py:347| eval_w2 | Epoch 8080, VI W2 to baseline: 0.1216
2026-03-28 22:58:51 | DEBUG | sivi:base_reverse_runner.py:272| eval_w2 | Epoch 8080, Reverse Model W2: 0.1332
2026-03-28 22:58:51 | DEBUG | sivi:base_runner.py:477| eval_elbo | Epoch 8080, ELBO: 0.9569, Std Total: 8.4239, Std Q: nan, CI Half: 0.7384
2026-03-28 22:58:51 | DEBUG | sivi:base_runner.py:507| eval_ksd | Epoch 8080, VI KSD: 0.0031
2026-03-28 22:58:51 | DEBUG | sivi:base_runner.py:337| eval_kl_ite | Epoch 8090, VI KL to baseline: 0.0197
2026-03-28 22:58:51 | DEBUG | sivi:base_reverse_runner.py:261| eval_kl_ite | Epoch 8090, Reverse Model KL ITE: 0.2734
2026-03-28 22:58:51 | DEBUG | sivi:base_runner.py:347| eval_w2 | Epoch 8090, VI W2 to baseline: 0.1255
2026-03-28 22:58:51 | DEBUG | sivi:base_reverse_runner.py:272| eval_w2 | Epoch 8090, Reverse Model W2: 0.1255
2026-03-28 22:58:51 | DEBUG | sivi:base_runner.py:477| eval_elbo | Epoch 8090, ELBO: 1.0989, Std Total: 7.4590, Std Q: nan, CI Half: 0.6538
2026-03-28 22:58:51 | DEBUG | sivi:base_runner.py:507| eval_ksd | Epoch 8090, VI KSD: 0.0021
2026-03-28 22:58:52 | DEBUG | sivi:base_runner.py:874| learn | Epoch 8100: Avg Loss: 0.2627, Avg Epoch Time: 0.0562s
2026-03-28 22:58:52 | DEBUG | sivi:base_runner.py:337| eval_kl_ite | Epoch 8100, VI KL to baseline: 0.0169
2026-03-28 22:58:52 | DEBUG | sivi:base_reverse_runner.py:261| eval_kl_ite | Epoch 8100, Reverse Model KL ITE: 0.2569
2026-03-28 22:58:52 | DEBUG | sivi:base_runner.py:347| eval_w2 | Epoch 8100, VI W2 to baseline: 0.1318
2026-03-28 22:58:52 | DEBUG | sivi:base_reverse_runner.py:272| eval_w2 | Epoch 8100, Reverse Model W2: 0.1232
2026-03-28 22:58:52 | DEBUG | sivi:base_runner.py:477| eval_elbo | Epoch 8100, ELBO: 1.2177, Std Total: 10.0600, Std Q: nan, CI Half: 0.8818
2026-03-28 22:58:52 | DEBUG | sivi:base_runner.py:507| eval_ksd | Epoch 8100, VI KSD: 0.0022
2026-03-28 22:58:52 | DEBUG | sivi:base_runner.py:337| eval_kl_ite | Epoch 8110, VI KL to baseline: 0.0234
2026-03-28 22:58:52 | DEBUG | sivi:base_reverse_runner.py:261| eval_kl_ite | Epoch 8110, Reverse Model KL ITE: 0.2596
2026-03-28 22:58:53 | DEBUG | sivi:base_runner.py:347| eval_w2 | Epoch 8110, VI W2 to baseline: 0.1150
2026-03-28 22:58:53 | DEBUG | sivi:base_reverse_runner.py:272| eval_w2 | Epoch 8110, Reverse Model W2: 0.1517
2026-03-28 22:58:53 | DEBUG | sivi:base_runner.py:477| eval_elbo | Epoch 8110, ELBO: 1.0289, Std Total: 8.7251, Std Q: nan, CI Half: 0.7648
2026-03-28 22:58:53 | DEBUG | sivi:base_runner.py:507| eval_ksd | Epoch 8110, VI KSD: 0.0015
2026-03-28 22:58:53 | DEBUG | sivi:base_runner.py:337| eval_kl_ite | Epoch 8120, VI KL to baseline: 0.0276
2026-03-28 22:58:53 | DEBUG | sivi:base_reverse_runner.py:261| eval_kl_ite | Epoch 8120, Reverse Model KL ITE: 0.2578
2026-03-28 22:58:53 | DEBUG | sivi:base_runner.py:347| eval_w2 | Epoch 8120, VI W2 to baseline: 0.1234
2026-03-28 22:58:53 | DEBUG | sivi:base_reverse_runner.py:272| eval_w2 | Epoch 8120, Reverse Model W2: 0.1254
2026-03-28 22:58:53 | DEBUG | sivi:base_runner.py:477| eval_elbo | Epoch 8120, ELBO: 0.8541, Std Total: 7.2914, Std Q: nan, CI Half: 0.6391
2026-03-28 22:58:53 | DEBUG | sivi:base_runner.py:507| eval_ksd | Epoch 8120, VI KSD: 0.0022
2026-03-28 22:58:54 | DEBUG | sivi:base_runner.py:337| eval_kl_ite | Epoch 8130, VI KL to baseline: 0.0178
2026-03-28 22:58:54 | DEBUG | sivi:base_reverse_runner.py:261| eval_kl_ite | Epoch 8130, Reverse Model KL ITE: 0.2519
2026-03-28 22:58:54 | DEBUG | sivi:base_runner.py:347| eval_w2 | Epoch 8130, VI W2 to baseline: 0.1183
2026-03-28 22:58:54 | DEBUG | sivi:base_reverse_runner.py:272| eval_w2 | Epoch 8130, Reverse Model W2: 0.1266
2026-03-28 22:58:54 | DEBUG | sivi:base_runner.py:477| eval_elbo | Epoch 8130, ELBO: 1.0185, Std Total: 7.4775, Std Q: nan, CI Half: 0.6554
2026-03-28 22:58:54 | DEBUG | sivi:base_runner.py:507| eval_ksd | Epoch 8130, VI KSD: 0.0004
2026-03-28 22:58:54 | DEBUG | sivi:base_runner.py:337| eval_kl_ite | Epoch 8140, VI KL to baseline: 0.0211
2026-03-28 22:58:54 | DEBUG | sivi:base_reverse_runner.py:261| eval_kl_ite | Epoch 8140, Reverse Model KL ITE: 0.2810
2026-03-28 22:58:54 | DEBUG | sivi:base_runner.py:347| eval_w2 | Epoch 8140, VI W2 to baseline: 0.1133
2026-03-28 22:58:54 | DEBUG | sivi:base_reverse_runner.py:272| eval_w2 | Epoch 8140, Reverse Model W2: 0.1304
2026-03-28 22:58:54 | DEBUG | sivi:base_runner.py:477| eval_elbo | Epoch 8140, ELBO: 1.0493, Std Total: 7.6571, Std Q: nan, CI Half: 0.6712
2026-03-28 22:58:54 | DEBUG | sivi:base_runner.py:507| eval_ksd | Epoch 8140, VI KSD: 0.0024
2026-03-28 22:58:55 | DEBUG | sivi:base_runner.py:337| eval_kl_ite | Epoch 8150, VI KL to baseline: 0.0012
2026-03-28 22:58:55 | DEBUG | sivi:base_reverse_runner.py:261| eval_kl_ite | Epoch 8150, Reverse Model KL ITE: 0.2685
2026-03-28 22:58:55 | DEBUG | sivi:base_runner.py:347| eval_w2 | Epoch 8150, VI W2 to baseline: 0.1126
2026-03-28 22:58:55 | DEBUG | sivi:base_reverse_runner.py:272| eval_w2 | Epoch 8150, Reverse Model W2: 0.1330
2026-03-28 22:58:55 | DEBUG | sivi:base_runner.py:477| eval_elbo | Epoch 8150, ELBO: 1.1994, Std Total: 8.3306, Std Q: nan, CI Half: 0.7302
2026-03-28 22:58:55 | DEBUG | sivi:base_runner.py:507| eval_ksd | Epoch 8150, VI KSD: 0.0052
2026-03-28 22:58:56 | DEBUG | sivi:base_runner.py:337| eval_kl_ite | Epoch 8160, VI KL to baseline: 0.0362
2026-03-28 22:58:56 | DEBUG | sivi:base_reverse_runner.py:261| eval_kl_ite | Epoch 8160, Reverse Model KL ITE: 0.2564
2026-03-28 22:58:56 | DEBUG | sivi:base_runner.py:347| eval_w2 | Epoch 8160, VI W2 to baseline: 0.1277
2026-03-28 22:58:56 | DEBUG | sivi:base_reverse_runner.py:272| eval_w2 | Epoch 8160, Reverse Model W2: 0.1305
2026-03-28 22:58:56 | DEBUG | sivi:base_runner.py:477| eval_elbo | Epoch 8160, ELBO: 0.5726, Std Total: 5.4468, Std Q: nan, CI Half: 0.4774
2026-03-28 22:58:56 | DEBUG | sivi:base_runner.py:507| eval_ksd | Epoch 8160, VI KSD: 0.0039
2026-03-28 22:58:56 | DEBUG | sivi:base_runner.py:337| eval_kl_ite | Epoch 8170, VI KL to baseline: 0.0292
2026-03-28 22:58:56 | DEBUG | sivi:base_reverse_runner.py:261| eval_kl_ite | Epoch 8170, Reverse Model KL ITE: 0.3185
2026-03-28 22:58:56 | DEBUG | sivi:base_runner.py:347| eval_w2 | Epoch 8170, VI W2 to baseline: 0.1130
2026-03-28 22:58:56 | DEBUG | sivi:base_reverse_runner.py:272| eval_w2 | Epoch 8170, Reverse Model W2: 0.1092
2026-03-28 22:58:56 | DEBUG | sivi:base_runner.py:477| eval_elbo | Epoch 8170, ELBO: 1.0103, Std Total: 8.4126, Std Q: nan, CI Half: 0.7374
2026-03-28 22:58:56 | DEBUG | sivi:base_runner.py:507| eval_ksd | Epoch 8170, VI KSD: 0.0026
2026-03-28 22:58:57 | DEBUG | sivi:base_runner.py:337| eval_kl_ite | Epoch 8180, VI KL to baseline: 0.0127
2026-03-28 22:58:57 | DEBUG | sivi:base_reverse_runner.py:261| eval_kl_ite | Epoch 8180, Reverse Model KL ITE: 0.2444
2026-03-28 22:58:57 | DEBUG | sivi:base_runner.py:347| eval_w2 | Epoch 8180, VI W2 to baseline: 0.1046
2026-03-28 22:58:57 | DEBUG | sivi:base_reverse_runner.py:272| eval_w2 | Epoch 8180, Reverse Model W2: 0.1249
2026-03-28 22:58:57 | DEBUG | sivi:base_runner.py:477| eval_elbo | Epoch 8180, ELBO: 1.7294, Std Total: 10.4519, Std Q: nan, CI Half: 0.9162
2026-03-28 22:58:57 | DEBUG | sivi:base_runner.py:507| eval_ksd | Epoch 8180, VI KSD: 0.0053
2026-03-28 22:58:57 | DEBUG | sivi:base_runner.py:337| eval_kl_ite | Epoch 8190, VI KL to baseline: 0.0008
2026-03-28 22:58:58 | DEBUG | sivi:base_reverse_runner.py:261| eval_kl_ite | Epoch 8190, Reverse Model KL ITE: 0.2365
2026-03-28 22:58:58 | DEBUG | sivi:base_runner.py:347| eval_w2 | Epoch 8190, VI W2 to baseline: 0.1100
2026-03-28 22:58:58 | DEBUG | sivi:base_reverse_runner.py:272| eval_w2 | Epoch 8190, Reverse Model W2: 0.1197
2026-03-28 22:58:58 | DEBUG | sivi:base_runner.py:477| eval_elbo | Epoch 8190, ELBO: 1.1752, Std Total: 9.2437, Std Q: nan, CI Half: 0.8102
2026-03-28 22:58:58 | DEBUG | sivi:base_runner.py:507| eval_ksd | Epoch 8190, VI KSD: 0.0034
2026-03-28 22:58:58 | DEBUG | sivi:base_runner.py:874| learn | Epoch 8200: Avg Loss: 0.3999, Avg Epoch Time: 0.0632s
2026-03-28 22:58:58 | DEBUG | sivi:base_runner.py:337| eval_kl_ite | Epoch 8200, VI KL to baseline: 0.0275
2026-03-28 22:58:58 | DEBUG | sivi:base_reverse_runner.py:261| eval_kl_ite | Epoch 8200, Reverse Model KL ITE: 0.2537
2026-03-28 22:58:58 | DEBUG | sivi:base_runner.py:347| eval_w2 | Epoch 8200, VI W2 to baseline: 0.1028
2026-03-28 22:58:58 | DEBUG | sivi:base_reverse_runner.py:272| eval_w2 | Epoch 8200, Reverse Model W2: 0.1166
2026-03-28 22:58:58 | DEBUG | sivi:base_runner.py:477| eval_elbo | Epoch 8200, ELBO: 0.9636, Std Total: 8.1013, Std Q: nan, CI Half: 0.7101
2026-03-28 22:58:58 | DEBUG | sivi:base_runner.py:507| eval_ksd | Epoch 8200, VI KSD: 0.0032
2026-03-28 22:58:59 | DEBUG | sivi:base_runner.py:337| eval_kl_ite | Epoch 8210, VI KL to baseline: 0.0186
2026-03-28 22:58:59 | DEBUG | sivi:base_reverse_runner.py:261| eval_kl_ite | Epoch 8210, Reverse Model KL ITE: 0.2907
2026-03-28 22:58:59 | DEBUG | sivi:base_runner.py:347| eval_w2 | Epoch 8210, VI W2 to baseline: 0.1015
2026-03-28 22:58:59 | DEBUG | sivi:base_reverse_runner.py:272| eval_w2 | Epoch 8210, Reverse Model W2: 0.1573
2026-03-28 22:58:59 | DEBUG | sivi:base_runner.py:477| eval_elbo | Epoch 8210, ELBO: 1.6540, Std Total: 11.0838, Std Q: nan, CI Half: 0.9715
2026-03-28 22:58:59 | DEBUG | sivi:base_runner.py:507| eval_ksd | Epoch 8210, VI KSD: -0.0006
2026-03-28 22:58:59 | DEBUG | sivi:base_runner.py:337| eval_kl_ite | Epoch 8220, VI KL to baseline: 0.0104
2026-03-28 22:58:59 | DEBUG | sivi:base_reverse_runner.py:261| eval_kl_ite | Epoch 8220, Reverse Model KL ITE: 0.2524
2026-03-28 22:58:59 | DEBUG | sivi:base_runner.py:347| eval_w2 | Epoch 8220, VI W2 to baseline: 0.0975
2026-03-28 22:59:00 | DEBUG | sivi:base_reverse_runner.py:272| eval_w2 | Epoch 8220, Reverse Model W2: 0.1343
2026-03-28 22:59:00 | DEBUG | sivi:base_runner.py:477| eval_elbo | Epoch 8220, ELBO: 0.8816, Std Total: 6.7544, Std Q: nan, CI Half: 0.5921
2026-03-28 22:59:00 | DEBUG | sivi:base_runner.py:507| eval_ksd | Epoch 8220, VI KSD: 0.0032
2026-03-28 22:59:00 | DEBUG | sivi:base_runner.py:337| eval_kl_ite | Epoch 8230, VI KL to baseline: 0.0352
2026-03-28 22:59:00 | DEBUG | sivi:base_reverse_runner.py:261| eval_kl_ite | Epoch 8230, Reverse Model KL ITE: 0.2808
2026-03-28 22:59:00 | DEBUG | sivi:base_runner.py:347| eval_w2 | Epoch 8230, VI W2 to baseline: 0.0924
2026-03-28 22:59:00 | DEBUG | sivi:base_reverse_runner.py:272| eval_w2 | Epoch 8230, Reverse Model W2: 0.1218
2026-03-28 22:59:00 | DEBUG | sivi:base_runner.py:477| eval_elbo | Epoch 8230, ELBO: 1.1705, Std Total: 8.5514, Std Q: nan, CI Half: 0.7496
2026-03-28 22:59:00 | DEBUG | sivi:base_runner.py:507| eval_ksd | Epoch 8230, VI KSD: 0.0040
2026-03-28 22:59:00 | DEBUG | sivi:base_runner.py:337| eval_kl_ite | Epoch 8240, VI KL to baseline: 0.0137
2026-03-28 22:59:00 | DEBUG | sivi:base_reverse_runner.py:261| eval_kl_ite | Epoch 8240, Reverse Model KL ITE: 0.2723
2026-03-28 22:59:00 | DEBUG | sivi:base_runner.py:347| eval_w2 | Epoch 8240, VI W2 to baseline: 0.1253
2026-03-28 22:59:00 | DEBUG | sivi:base_reverse_runner.py:272| eval_w2 | Epoch 8240, Reverse Model W2: 0.1168
2026-03-28 22:59:00 | DEBUG | sivi:base_runner.py:477| eval_elbo | Epoch 8240, ELBO: 1.1449, Std Total: 10.2024, Std Q: nan, CI Half: 0.8943
2026-03-28 22:59:00 | DEBUG | sivi:base_runner.py:507| eval_ksd | Epoch 8240, VI KSD: 0.0015
2026-03-28 22:59:01 | DEBUG | sivi:base_runner.py:337| eval_kl_ite | Epoch 8250, VI KL to baseline: 0.0270
2026-03-28 22:59:01 | DEBUG | sivi:base_reverse_runner.py:261| eval_kl_ite | Epoch 8250, Reverse Model KL ITE: 0.2784
2026-03-28 22:59:01 | DEBUG | sivi:base_runner.py:347| eval_w2 | Epoch 8250, VI W2 to baseline: 0.1090
2026-03-28 22:59:01 | DEBUG | sivi:base_reverse_runner.py:272| eval_w2 | Epoch 8250, Reverse Model W2: 0.1189
2026-03-28 22:59:01 | DEBUG | sivi:base_runner.py:477| eval_elbo | Epoch 8250, ELBO: 0.8726, Std Total: 7.1614, Std Q: nan, CI Half: 0.6277
2026-03-28 22:59:01 | DEBUG | sivi:base_runner.py:507| eval_ksd | Epoch 8250, VI KSD: 0.0001
2026-03-28 22:59:01 | DEBUG | sivi:base_runner.py:337| eval_kl_ite | Epoch 8260, VI KL to baseline: 0.0015
2026-03-28 22:59:01 | DEBUG | sivi:base_reverse_runner.py:261| eval_kl_ite | Epoch 8260, Reverse Model KL ITE: 0.2655
2026-03-28 22:59:01 | DEBUG | sivi:base_runner.py:347| eval_w2 | Epoch 8260, VI W2 to baseline: 0.0915
2026-03-28 22:59:01 | DEBUG | sivi:base_reverse_runner.py:272| eval_w2 | Epoch 8260, Reverse Model W2: 0.1242
2026-03-28 22:59:01 | DEBUG | sivi:base_runner.py:477| eval_elbo | Epoch 8260, ELBO: 1.4204, Std Total: 12.2468, Std Q: nan, CI Half: 1.0735
2026-03-28 22:59:01 | DEBUG | sivi:base_runner.py:507| eval_ksd | Epoch 8260, VI KSD: 0.0023
2026-03-28 22:59:02 | DEBUG | sivi:base_runner.py:337| eval_kl_ite | Epoch 8270, VI KL to baseline: 0.0151
2026-03-28 22:59:02 | DEBUG | sivi:base_reverse_runner.py:261| eval_kl_ite | Epoch 8270, Reverse Model KL ITE: 0.2625
2026-03-28 22:59:02 | DEBUG | sivi:base_runner.py:347| eval_w2 | Epoch 8270, VI W2 to baseline: 0.1164
2026-03-28 22:59:02 | DEBUG | sivi:base_reverse_runner.py:272| eval_w2 | Epoch 8270, Reverse Model W2: 0.1152
2026-03-28 22:59:02 | DEBUG | sivi:base_runner.py:477| eval_elbo | Epoch 8270, ELBO: 2.0203, Std Total: 14.6943, Std Q: nan, CI Half: 1.2880
2026-03-28 22:59:02 | DEBUG | sivi:base_runner.py:507| eval_ksd | Epoch 8270, VI KSD: 0.0011
2026-03-28 22:59:02 | DEBUG | sivi:base_runner.py:337| eval_kl_ite | Epoch 8280, VI KL to baseline: 0.0197
2026-03-28 22:59:02 | DEBUG | sivi:base_reverse_runner.py:261| eval_kl_ite | Epoch 8280, Reverse Model KL ITE: 0.2653
2026-03-28 22:59:02 | DEBUG | sivi:base_runner.py:347| eval_w2 | Epoch 8280, VI W2 to baseline: 0.1179
2026-03-28 22:59:02 | DEBUG | sivi:base_reverse_runner.py:272| eval_w2 | Epoch 8280, Reverse Model W2: 0.1230
2026-03-28 22:59:02 | DEBUG | sivi:base_runner.py:477| eval_elbo | Epoch 8280, ELBO: 0.7374, Std Total: 5.6502, Std Q: nan, CI Half: 0.4953
2026-03-28 22:59:02 | DEBUG | sivi:base_runner.py:507| eval_ksd | Epoch 8280, VI KSD: 0.0012
2026-03-28 22:59:03 | DEBUG | sivi:base_runner.py:337| eval_kl_ite | Epoch 8290, VI KL to baseline: -0.0013
2026-03-28 22:59:03 | DEBUG | sivi:base_reverse_runner.py:261| eval_kl_ite | Epoch 8290, Reverse Model KL ITE: 0.2538
2026-03-28 22:59:03 | DEBUG | sivi:base_runner.py:347| eval_w2 | Epoch 8290, VI W2 to baseline: 0.0961
2026-03-28 22:59:03 | DEBUG | sivi:base_reverse_runner.py:272| eval_w2 | Epoch 8290, Reverse Model W2: 0.1282
2026-03-28 22:59:03 | DEBUG | sivi:base_runner.py:477| eval_elbo | Epoch 8290, ELBO: 1.1918, Std Total: 10.3364, Std Q: nan, CI Half: 0.9060
2026-03-28 22:59:03 | DEBUG | sivi:base_runner.py:507| eval_ksd | Epoch 8290, VI KSD: -0.0001
2026-03-28 22:59:03 | DEBUG | sivi:base_runner.py:874| learn | Epoch 8300: Avg Loss: 0.1079, Avg Epoch Time: 0.0507s
2026-03-28 22:59:03 | DEBUG | sivi:base_runner.py:337| eval_kl_ite | Epoch 8300, VI KL to baseline: 0.0049
2026-03-28 22:59:03 | DEBUG | sivi:base_reverse_runner.py:261| eval_kl_ite | Epoch 8300, Reverse Model KL ITE: 0.2639
2026-03-28 22:59:03 | DEBUG | sivi:base_runner.py:347| eval_w2 | Epoch 8300, VI W2 to baseline: 0.1077
2026-03-28 22:59:03 | DEBUG | sivi:base_reverse_runner.py:272| eval_w2 | Epoch 8300, Reverse Model W2: 0.1459
2026-03-28 22:59:03 | DEBUG | sivi:base_runner.py:477| eval_elbo | Epoch 8300, ELBO: 1.0567, Std Total: 8.0916, Std Q: nan, CI Half: 0.7093
2026-03-28 22:59:03 | DEBUG | sivi:base_runner.py:507| eval_ksd | Epoch 8300, VI KSD: 0.0008
2026-03-28 22:59:04 | DEBUG | sivi:base_runner.py:337| eval_kl_ite | Epoch 8310, VI KL to baseline: 0.0256
2026-03-28 22:59:04 | DEBUG | sivi:base_reverse_runner.py:261| eval_kl_ite | Epoch 8310, Reverse Model KL ITE: 0.2566
2026-03-28 22:59:04 | DEBUG | sivi:base_runner.py:347| eval_w2 | Epoch 8310, VI W2 to baseline: 0.1174
2026-03-28 22:59:04 | DEBUG | sivi:base_reverse_runner.py:272| eval_w2 | Epoch 8310, Reverse Model W2: 0.1704
2026-03-28 22:59:04 | DEBUG | sivi:base_runner.py:477| eval_elbo | Epoch 8310, ELBO: 2.1677, Std Total: 14.1811, Std Q: nan, CI Half: 1.2430
2026-03-28 22:59:04 | DEBUG | sivi:base_runner.py:507| eval_ksd | Epoch 8310, VI KSD: 0.0027
2026-03-28 22:59:04 | DEBUG | sivi:base_runner.py:337| eval_kl_ite | Epoch 8320, VI KL to baseline: 0.0328
2026-03-28 22:59:04 | DEBUG | sivi:base_reverse_runner.py:261| eval_kl_ite | Epoch 8320, Reverse Model KL ITE: 0.2625
2026-03-28 22:59:04 | DEBUG | sivi:base_runner.py:347| eval_w2 | Epoch 8320, VI W2 to baseline: 0.1232
2026-03-28 22:59:04 | DEBUG | sivi:base_reverse_runner.py:272| eval_w2 | Epoch 8320, Reverse Model W2: 0.1095
2026-03-28 22:59:04 | DEBUG | sivi:base_runner.py:477| eval_elbo | Epoch 8320, ELBO: 0.6965, Std Total: 6.2340, Std Q: nan, CI Half: 0.5464
2026-03-28 22:59:04 | DEBUG | sivi:base_runner.py:507| eval_ksd | Epoch 8320, VI KSD: 0.0006
2026-03-28 22:59:04 | DEBUG | sivi:base_runner.py:337| eval_kl_ite | Epoch 8330, VI KL to baseline: 0.0125
2026-03-28 22:59:05 | DEBUG | sivi:base_reverse_runner.py:261| eval_kl_ite | Epoch 8330, Reverse Model KL ITE: 0.2751
2026-03-28 22:59:05 | DEBUG | sivi:base_runner.py:347| eval_w2 | Epoch 8330, VI W2 to baseline: 0.1273
2026-03-28 22:59:05 | DEBUG | sivi:base_reverse_runner.py:272| eval_w2 | Epoch 8330, Reverse Model W2: 0.1038
2026-03-28 22:59:05 | DEBUG | sivi:base_runner.py:477| eval_elbo | Epoch 8330, ELBO: 0.8267, Std Total: 6.4467, Std Q: nan, CI Half: 0.5651
2026-03-28 22:59:05 | DEBUG | sivi:base_runner.py:507| eval_ksd | Epoch 8330, VI KSD: 0.0027
2026-03-28 22:59:05 | DEBUG | sivi:base_runner.py:337| eval_kl_ite | Epoch 8340, VI KL to baseline: 0.0266
2026-03-28 22:59:05 | DEBUG | sivi:base_reverse_runner.py:261| eval_kl_ite | Epoch 8340, Reverse Model KL ITE: 0.2756
2026-03-28 22:59:05 | DEBUG | sivi:base_runner.py:347| eval_w2 | Epoch 8340, VI W2 to baseline: 0.1222
2026-03-28 22:59:05 | DEBUG | sivi:base_reverse_runner.py:272| eval_w2 | Epoch 8340, Reverse Model W2: 0.2540
2026-03-28 22:59:05 | DEBUG | sivi:base_runner.py:477| eval_elbo | Epoch 8340, ELBO: 0.6320, Std Total: 5.6830, Std Q: nan, CI Half: 0.4981
2026-03-28 22:59:05 | DEBUG | sivi:base_runner.py:507| eval_ksd | Epoch 8340, VI KSD: 0.0029
2026-03-28 22:59:06 | DEBUG | sivi:base_runner.py:337| eval_kl_ite | Epoch 8350, VI KL to baseline: 0.0141
2026-03-28 22:59:06 | DEBUG | sivi:base_reverse_runner.py:261| eval_kl_ite | Epoch 8350, Reverse Model KL ITE: 0.2592
2026-03-28 22:59:06 | DEBUG | sivi:base_runner.py:347| eval_w2 | Epoch 8350, VI W2 to baseline: 0.1282
2026-03-28 22:59:06 | DEBUG | sivi:base_reverse_runner.py:272| eval_w2 | Epoch 8350, Reverse Model W2: 0.1186
2026-03-28 22:59:06 | DEBUG | sivi:base_runner.py:477| eval_elbo | Epoch 8350, ELBO: 0.6704, Std Total: 5.5255, Std Q: nan, CI Half: 0.4843
2026-03-28 22:59:06 | DEBUG | sivi:base_runner.py:507| eval_ksd | Epoch 8350, VI KSD: 0.0024
2026-03-28 22:59:06 | DEBUG | sivi:base_runner.py:337| eval_kl_ite | Epoch 8360, VI KL to baseline: 0.0167
2026-03-28 22:59:06 | DEBUG | sivi:base_reverse_runner.py:261| eval_kl_ite | Epoch 8360, Reverse Model KL ITE: 0.2436
2026-03-28 22:59:06 | DEBUG | sivi:base_runner.py:347| eval_w2 | Epoch 8360, VI W2 to baseline: 0.1142
2026-03-28 22:59:06 | DEBUG | sivi:base_reverse_runner.py:272| eval_w2 | Epoch 8360, Reverse Model W2: 0.1359
2026-03-28 22:59:06 | DEBUG | sivi:base_runner.py:477| eval_elbo | Epoch 8360, ELBO: 0.5989, Std Total: 5.6242, Std Q: nan, CI Half: 0.4930
2026-03-28 22:59:06 | DEBUG | sivi:base_runner.py:507| eval_ksd | Epoch 8360, VI KSD: 0.0026
2026-03-28 22:59:07 | DEBUG | sivi:base_runner.py:337| eval_kl_ite | Epoch 8370, VI KL to baseline: 0.0113
2026-03-28 22:59:07 | DEBUG | sivi:base_reverse_runner.py:261| eval_kl_ite | Epoch 8370, Reverse Model KL ITE: 0.2646
2026-03-28 22:59:07 | DEBUG | sivi:base_runner.py:347| eval_w2 | Epoch 8370, VI W2 to baseline: 0.1124
2026-03-28 22:59:07 | DEBUG | sivi:base_reverse_runner.py:272| eval_w2 | Epoch 8370, Reverse Model W2: 0.1435
2026-03-28 22:59:07 | DEBUG | sivi:base_runner.py:477| eval_elbo | Epoch 8370, ELBO: 1.5237, Std Total: 9.3270, Std Q: nan, CI Half: 0.8176
2026-03-28 22:59:07 | DEBUG | sivi:base_runner.py:507| eval_ksd | Epoch 8370, VI KSD: 0.0019
2026-03-28 22:59:07 | DEBUG | sivi:base_runner.py:337| eval_kl_ite | Epoch 8380, VI KL to baseline: 0.0233
2026-03-28 22:59:07 | DEBUG | sivi:base_reverse_runner.py:261| eval_kl_ite | Epoch 8380, Reverse Model KL ITE: 0.2406
2026-03-28 22:59:07 | DEBUG | sivi:base_runner.py:347| eval_w2 | Epoch 8380, VI W2 to baseline: 0.1136
2026-03-28 22:59:07 | DEBUG | sivi:base_reverse_runner.py:272| eval_w2 | Epoch 8380, Reverse Model W2: 0.1314
2026-03-28 22:59:07 | DEBUG | sivi:base_runner.py:477| eval_elbo | Epoch 8380, ELBO: 1.1319, Std Total: 7.3612, Std Q: nan, CI Half: 0.6452
2026-03-28 22:59:07 | DEBUG | sivi:base_runner.py:507| eval_ksd | Epoch 8380, VI KSD: 0.0061
2026-03-28 22:59:08 | DEBUG | sivi:base_runner.py:337| eval_kl_ite | Epoch 8390, VI KL to baseline: 0.0288
2026-03-28 22:59:08 | DEBUG | sivi:base_reverse_runner.py:261| eval_kl_ite | Epoch 8390, Reverse Model KL ITE: 0.2451
2026-03-28 22:59:08 | DEBUG | sivi:base_runner.py:347| eval_w2 | Epoch 8390, VI W2 to baseline: 0.1242
2026-03-28 22:59:08 | DEBUG | sivi:base_reverse_runner.py:272| eval_w2 | Epoch 8390, Reverse Model W2: 0.1326
2026-03-28 22:59:08 | DEBUG | sivi:base_runner.py:477| eval_elbo | Epoch 8390, ELBO: 0.9166, Std Total: 6.9757, Std Q: nan, CI Half: 0.6115
2026-03-28 22:59:08 | DEBUG | sivi:base_runner.py:507| eval_ksd | Epoch 8390, VI KSD: 0.0049
2026-03-28 22:59:08 | DEBUG | sivi:base_runner.py:874| learn | Epoch 8400: Avg Loss: -0.0832, Avg Epoch Time: 0.0535s
2026-03-28 22:59:09 | DEBUG | sivi:base_runner.py:337| eval_kl_ite | Epoch 8400, VI KL to baseline: 0.0258
2026-03-28 22:59:09 | DEBUG | sivi:base_reverse_runner.py:261| eval_kl_ite | Epoch 8400, Reverse Model KL ITE: 0.2883
2026-03-28 22:59:09 | DEBUG | sivi:base_runner.py:347| eval_w2 | Epoch 8400, VI W2 to baseline: 0.1235
2026-03-28 22:59:09 | DEBUG | sivi:base_reverse_runner.py:272| eval_w2 | Epoch 8400, Reverse Model W2: 0.1127
2026-03-28 22:59:09 | DEBUG | sivi:base_runner.py:477| eval_elbo | Epoch 8400, ELBO: 0.9594, Std Total: 7.2900, Std Q: nan, CI Half: 0.6390
2026-03-28 22:59:09 | DEBUG | sivi:base_runner.py:507| eval_ksd | Epoch 8400, VI KSD: 0.0041
2026-03-28 22:59:09 | DEBUG | sivi:base_runner.py:337| eval_kl_ite | Epoch 8410, VI KL to baseline: 0.0131
2026-03-28 22:59:09 | DEBUG | sivi:base_reverse_runner.py:261| eval_kl_ite | Epoch 8410, Reverse Model KL ITE: 0.2517
2026-03-28 22:59:09 | DEBUG | sivi:base_runner.py:347| eval_w2 | Epoch 8410, VI W2 to baseline: 0.1088
2026-03-28 22:59:09 | DEBUG | sivi:base_reverse_runner.py:272| eval_w2 | Epoch 8410, Reverse Model W2: 0.1471
2026-03-28 22:59:09 | DEBUG | sivi:base_runner.py:477| eval_elbo | Epoch 8410, ELBO: 0.7030, Std Total: 8.1901, Std Q: nan, CI Half: 0.7179
2026-03-28 22:59:09 | DEBUG | sivi:base_runner.py:507| eval_ksd | Epoch 8410, VI KSD: -0.0000
2026-03-28 22:59:10 | DEBUG | sivi:base_runner.py:337| eval_kl_ite | Epoch 8420, VI KL to baseline: 0.0161
2026-03-28 22:59:10 | DEBUG | sivi:base_reverse_runner.py:261| eval_kl_ite | Epoch 8420, Reverse Model KL ITE: 0.2561
2026-03-28 22:59:10 | DEBUG | sivi:base_runner.py:347| eval_w2 | Epoch 8420, VI W2 to baseline: 0.1216
2026-03-28 22:59:10 | DEBUG | sivi:base_reverse_runner.py:272| eval_w2 | Epoch 8420, Reverse Model W2: 0.1316
2026-03-28 22:59:10 | DEBUG | sivi:base_runner.py:477| eval_elbo | Epoch 8420, ELBO: 0.9510, Std Total: 7.7113, Std Q: nan, CI Half: 0.6759
2026-03-28 22:59:10 | DEBUG | sivi:base_runner.py:507| eval_ksd | Epoch 8420, VI KSD: -0.0006
2026-03-28 22:59:10 | DEBUG | sivi:base_runner.py:337| eval_kl_ite | Epoch 8430, VI KL to baseline: 0.0310
2026-03-28 22:59:10 | DEBUG | sivi:base_reverse_runner.py:261| eval_kl_ite | Epoch 8430, Reverse Model KL ITE: 0.2737
2026-03-28 22:59:10 | DEBUG | sivi:base_runner.py:347| eval_w2 | Epoch 8430, VI W2 to baseline: 0.1208
2026-03-28 22:59:10 | DEBUG | sivi:base_reverse_runner.py:272| eval_w2 | Epoch 8430, Reverse Model W2: 0.1273
2026-03-28 22:59:10 | DEBUG | sivi:base_runner.py:477| eval_elbo | Epoch 8430, ELBO: 0.9103, Std Total: 7.4144, Std Q: nan, CI Half: 0.6499
2026-03-28 22:59:10 | DEBUG | sivi:base_runner.py:507| eval_ksd | Epoch 8430, VI KSD: 0.0036
2026-03-28 22:59:11 | DEBUG | sivi:base_runner.py:337| eval_kl_ite | Epoch 8440, VI KL to baseline: 0.0237
2026-03-28 22:59:11 | DEBUG | sivi:base_reverse_runner.py:261| eval_kl_ite | Epoch 8440, Reverse Model KL ITE: 0.2483
2026-03-28 22:59:11 | DEBUG | sivi:base_runner.py:347| eval_w2 | Epoch 8440, VI W2 to baseline: 0.1242
2026-03-28 22:59:11 | DEBUG | sivi:base_reverse_runner.py:272| eval_w2 | Epoch 8440, Reverse Model W2: 0.1301
2026-03-28 22:59:11 | DEBUG | sivi:base_runner.py:477| eval_elbo | Epoch 8440, ELBO: 0.8830, Std Total: 7.3137, Std Q: nan, CI Half: 0.6411
2026-03-28 22:59:11 | DEBUG | sivi:base_runner.py:507| eval_ksd | Epoch 8440, VI KSD: 0.0031
2026-03-28 22:59:12 | DEBUG | sivi:base_runner.py:337| eval_kl_ite | Epoch 8450, VI KL to baseline: 0.0143
2026-03-28 22:59:12 | DEBUG | sivi:base_reverse_runner.py:261| eval_kl_ite | Epoch 8450, Reverse Model KL ITE: 0.2583
2026-03-28 22:59:12 | DEBUG | sivi:base_runner.py:347| eval_w2 | Epoch 8450, VI W2 to baseline: 0.1149
2026-03-28 22:59:12 | DEBUG | sivi:base_reverse_runner.py:272| eval_w2 | Epoch 8450, Reverse Model W2: 0.1319
2026-03-28 22:59:12 | DEBUG | sivi:base_runner.py:477| eval_elbo | Epoch 8450, ELBO: 0.9209, Std Total: 10.1553, Std Q: nan, CI Half: 0.8902
2026-03-28 22:59:12 | DEBUG | sivi:base_runner.py:507| eval_ksd | Epoch 8450, VI KSD: 0.0011
2026-03-28 22:59:12 | DEBUG | sivi:base_runner.py:337| eval_kl_ite | Epoch 8460, VI KL to baseline: 0.0189
2026-03-28 22:59:12 | DEBUG | sivi:base_reverse_runner.py:261| eval_kl_ite | Epoch 8460, Reverse Model KL ITE: 0.2666
2026-03-28 22:59:12 | DEBUG | sivi:base_runner.py:347| eval_w2 | Epoch 8460, VI W2 to baseline: 0.1168
2026-03-28 22:59:12 | DEBUG | sivi:base_reverse_runner.py:272| eval_w2 | Epoch 8460, Reverse Model W2: 0.1405
2026-03-28 22:59:12 | DEBUG | sivi:base_runner.py:477| eval_elbo | Epoch 8460, ELBO: 1.1807, Std Total: 8.0386, Std Q: nan, CI Half: 0.7046
2026-03-28 22:59:12 | DEBUG | sivi:base_runner.py:507| eval_ksd | Epoch 8460, VI KSD: -0.0002
2026-03-28 22:59:13 | DEBUG | sivi:base_runner.py:337| eval_kl_ite | Epoch 8470, VI KL to baseline: 0.0136
2026-03-28 22:59:13 | DEBUG | sivi:base_reverse_runner.py:261| eval_kl_ite | Epoch 8470, Reverse Model KL ITE: 0.2612
2026-03-28 22:59:13 | DEBUG | sivi:base_runner.py:347| eval_w2 | Epoch 8470, VI W2 to baseline: 0.1021
2026-03-28 22:59:13 | DEBUG | sivi:base_reverse_runner.py:272| eval_w2 | Epoch 8470, Reverse Model W2: 0.1306
2026-03-28 22:59:13 | DEBUG | sivi:base_runner.py:477| eval_elbo | Epoch 8470, ELBO: 0.6541, Std Total: 5.9275, Std Q: nan, CI Half: 0.5196
2026-03-28 22:59:13 | DEBUG | sivi:base_runner.py:507| eval_ksd | Epoch 8470, VI KSD: 0.0028
2026-03-28 22:59:13 | DEBUG | sivi:base_runner.py:337| eval_kl_ite | Epoch 8480, VI KL to baseline: 0.0051
2026-03-28 22:59:13 | DEBUG | sivi:base_reverse_runner.py:261| eval_kl_ite | Epoch 8480, Reverse Model KL ITE: 0.2153
2026-03-28 22:59:13 | DEBUG | sivi:base_runner.py:347| eval_w2 | Epoch 8480, VI W2 to baseline: 0.1113
2026-03-28 22:59:13 | DEBUG | sivi:base_reverse_runner.py:272| eval_w2 | Epoch 8480, Reverse Model W2: 0.1187
2026-03-28 22:59:13 | DEBUG | sivi:base_runner.py:477| eval_elbo | Epoch 8480, ELBO: 0.5767, Std Total: 5.6368, Std Q: nan, CI Half: 0.4941
2026-03-28 22:59:13 | DEBUG | sivi:base_runner.py:507| eval_ksd | Epoch 8480, VI KSD: 0.0014
2026-03-28 22:59:14 | DEBUG | sivi:base_runner.py:337| eval_kl_ite | Epoch 8490, VI KL to baseline: 0.0393
2026-03-28 22:59:14 | DEBUG | sivi:base_reverse_runner.py:261| eval_kl_ite | Epoch 8490, Reverse Model KL ITE: 0.2614
2026-03-28 22:59:14 | DEBUG | sivi:base_runner.py:347| eval_w2 | Epoch 8490, VI W2 to baseline: 0.1015
2026-03-28 22:59:14 | DEBUG | sivi:base_reverse_runner.py:272| eval_w2 | Epoch 8490, Reverse Model W2: 0.1223
2026-03-28 22:59:14 | DEBUG | sivi:base_runner.py:477| eval_elbo | Epoch 8490, ELBO: 0.7556, Std Total: 7.1697, Std Q: nan, CI Half: 0.6284
2026-03-28 22:59:14 | DEBUG | sivi:base_runner.py:507| eval_ksd | Epoch 8490, VI KSD: 0.0013
2026-03-28 22:59:14 | DEBUG | sivi:base_runner.py:874| learn | Epoch 8500: Avg Loss: -0.1343, Avg Epoch Time: 0.0606s
2026-03-28 22:59:14 | DEBUG | sivi:base_reverse_runner.py:183| _training_rev_log_func | Epoch 8500, Inner epoch 1, Reverse Model Loss: 3.7719, Avg Steps: 1.0000
2026-03-28 22:59:14 | DEBUG | sivi:base_runner.py:588| save_samples | Saved 100000 samples at epoch 8500.
2026-03-28 22:59:15 | DEBUG | sivi:base_runner.py:337| eval_kl_ite | Epoch 8500, VI KL to baseline: 0.0454
2026-03-28 22:59:15 | DEBUG | sivi:base_reverse_runner.py:261| eval_kl_ite | Epoch 8500, Reverse Model KL ITE: 0.2611
2026-03-28 22:59:15 | DEBUG | sivi:base_runner.py:347| eval_w2 | Epoch 8500, VI W2 to baseline: 0.1116
2026-03-28 22:59:15 | DEBUG | sivi:base_reverse_runner.py:272| eval_w2 | Epoch 8500, Reverse Model W2: 0.1157
2026-03-28 22:59:15 | DEBUG | sivi:base_runner.py:477| eval_elbo | Epoch 8500, ELBO: 1.7701, Std Total: 11.8309, Std Q: nan, CI Half: 1.0370
2026-03-28 22:59:15 | DEBUG | sivi:base_runner.py:507| eval_ksd | Epoch 8500, VI KSD: -0.0000
2026-03-28 22:59:15 | DEBUG | sivi:base_runner.py:970| learn | Saved contour plot at epoch 8500.
2026-03-28 22:59:15 | DEBUG | sivi:base_runner.py:337| eval_kl_ite | Epoch 8510, VI KL to baseline: 0.0201
2026-03-28 22:59:15 | DEBUG | sivi:base_reverse_runner.py:261| eval_kl_ite | Epoch 8510, Reverse Model KL ITE: 0.2267
2026-03-28 22:59:15 | DEBUG | sivi:base_runner.py:347| eval_w2 | Epoch 8510, VI W2 to baseline: 0.1217
2026-03-28 22:59:15 | DEBUG | sivi:base_reverse_runner.py:272| eval_w2 | Epoch 8510, Reverse Model W2: 0.1974
2026-03-28 22:59:15 | DEBUG | sivi:base_runner.py:477| eval_elbo | Epoch 8510, ELBO: 0.9378, Std Total: 8.0751, Std Q: nan, CI Half: 0.7078
2026-03-28 22:59:15 | DEBUG | sivi:base_runner.py:507| eval_ksd | Epoch 8510, VI KSD: 0.0012
2026-03-28 22:59:16 | DEBUG | sivi:base_runner.py:337| eval_kl_ite | Epoch 8520, VI KL to baseline: 0.0173
2026-03-28 22:59:16 | DEBUG | sivi:base_reverse_runner.py:261| eval_kl_ite | Epoch 8520, Reverse Model KL ITE: 0.2447
2026-03-28 22:59:16 | DEBUG | sivi:base_runner.py:347| eval_w2 | Epoch 8520, VI W2 to baseline: 0.1081
2026-03-28 22:59:16 | DEBUG | sivi:base_reverse_runner.py:272| eval_w2 | Epoch 8520, Reverse Model W2: 0.1386
2026-03-28 22:59:16 | DEBUG | sivi:base_runner.py:477| eval_elbo | Epoch 8520, ELBO: 1.7437, Std Total: 10.3662, Std Q: nan, CI Half: 0.9086
2026-03-28 22:59:16 | DEBUG | sivi:base_runner.py:507| eval_ksd | Epoch 8520, VI KSD: 0.0015
2026-03-28 22:59:16 | DEBUG | sivi:base_runner.py:337| eval_kl_ite | Epoch 8530, VI KL to baseline: 0.0215
2026-03-28 22:59:16 | DEBUG | sivi:base_reverse_runner.py:261| eval_kl_ite | Epoch 8530, Reverse Model KL ITE: 0.2620
2026-03-28 22:59:16 | DEBUG | sivi:base_runner.py:347| eval_w2 | Epoch 8530, VI W2 to baseline: 0.1104
2026-03-28 22:59:16 | DEBUG | sivi:base_reverse_runner.py:272| eval_w2 | Epoch 8530, Reverse Model W2: 0.1158
2026-03-28 22:59:16 | DEBUG | sivi:base_runner.py:477| eval_elbo | Epoch 8530, ELBO: 0.9704, Std Total: 8.0109, Std Q: nan, CI Half: 0.7022
2026-03-28 22:59:16 | DEBUG | sivi:base_runner.py:507| eval_ksd | Epoch 8530, VI KSD: 0.0046
2026-03-28 22:59:17 | DEBUG | sivi:base_runner.py:337| eval_kl_ite | Epoch 8540, VI KL to baseline: 0.0157
2026-03-28 22:59:17 | DEBUG | sivi:base_reverse_runner.py:261| eval_kl_ite | Epoch 8540, Reverse Model KL ITE: 0.2392
2026-03-28 22:59:17 | DEBUG | sivi:base_runner.py:347| eval_w2 | Epoch 8540, VI W2 to baseline: 0.1025
2026-03-28 22:59:17 | DEBUG | sivi:base_reverse_runner.py:272| eval_w2 | Epoch 8540, Reverse Model W2: 0.1258
2026-03-28 22:59:17 | DEBUG | sivi:base_runner.py:477| eval_elbo | Epoch 8540, ELBO: 0.5679, Std Total: 6.7931, Std Q: nan, CI Half: 0.5954
2026-03-28 22:59:17 | DEBUG | sivi:base_runner.py:507| eval_ksd | Epoch 8540, VI KSD: 0.0036
2026-03-28 22:59:17 | DEBUG | sivi:base_runner.py:337| eval_kl_ite | Epoch 8550, VI KL to baseline: 0.0319
2026-03-28 22:59:17 | DEBUG | sivi:base_reverse_runner.py:261| eval_kl_ite | Epoch 8550, Reverse Model KL ITE: 0.2418
2026-03-28 22:59:17 | DEBUG | sivi:base_runner.py:347| eval_w2 | Epoch 8550, VI W2 to baseline: 0.1042
2026-03-28 22:59:17 | DEBUG | sivi:base_reverse_runner.py:272| eval_w2 | Epoch 8550, Reverse Model W2: 0.1385
2026-03-28 22:59:17 | DEBUG | sivi:base_runner.py:477| eval_elbo | Epoch 8550, ELBO: 0.9105, Std Total: 8.7165, Std Q: nan, CI Half: 0.7640
2026-03-28 22:59:17 | DEBUG | sivi:base_runner.py:507| eval_ksd | Epoch 8550, VI KSD: 0.0031
2026-03-28 22:59:18 | DEBUG | sivi:base_runner.py:337| eval_kl_ite | Epoch 8560, VI KL to baseline: 0.0336
2026-03-28 22:59:18 | DEBUG | sivi:base_reverse_runner.py:261| eval_kl_ite | Epoch 8560, Reverse Model KL ITE: 0.2683
2026-03-28 22:59:18 | DEBUG | sivi:base_runner.py:347| eval_w2 | Epoch 8560, VI W2 to baseline: 0.1002
2026-03-28 22:59:18 | DEBUG | sivi:base_reverse_runner.py:272| eval_w2 | Epoch 8560, Reverse Model W2: 0.1266
2026-03-28 22:59:18 | DEBUG | sivi:base_runner.py:477| eval_elbo | Epoch 8560, ELBO: 0.7335, Std Total: 7.0860, Std Q: nan, CI Half: 0.6211
2026-03-28 22:59:18 | DEBUG | sivi:base_runner.py:507| eval_ksd | Epoch 8560, VI KSD: -0.0003
2026-03-28 22:59:18 | DEBUG | sivi:base_runner.py:337| eval_kl_ite | Epoch 8570, VI KL to baseline: 0.0258
2026-03-28 22:59:18 | DEBUG | sivi:base_reverse_runner.py:261| eval_kl_ite | Epoch 8570, Reverse Model KL ITE: 0.2522
2026-03-28 22:59:18 | DEBUG | sivi:base_runner.py:347| eval_w2 | Epoch 8570, VI W2 to baseline: 0.1240
2026-03-28 22:59:18 | DEBUG | sivi:base_reverse_runner.py:272| eval_w2 | Epoch 8570, Reverse Model W2: 0.1165
2026-03-28 22:59:18 | DEBUG | sivi:base_runner.py:477| eval_elbo | Epoch 8570, ELBO: 0.5949, Std Total: 5.5724, Std Q: nan, CI Half: 0.4884
2026-03-28 22:59:18 | DEBUG | sivi:base_runner.py:507| eval_ksd | Epoch 8570, VI KSD: 0.0009
2026-03-28 22:59:19 | DEBUG | sivi:base_runner.py:337| eval_kl_ite | Epoch 8580, VI KL to baseline: 0.0383
2026-03-28 22:59:19 | DEBUG | sivi:base_reverse_runner.py:261| eval_kl_ite | Epoch 8580, Reverse Model KL ITE: 0.2852
2026-03-28 22:59:19 | DEBUG | sivi:base_runner.py:347| eval_w2 | Epoch 8580, VI W2 to baseline: 0.1200
2026-03-28 22:59:19 | DEBUG | sivi:base_reverse_runner.py:272| eval_w2 | Epoch 8580, Reverse Model W2: 0.1560
2026-03-28 22:59:19 | DEBUG | sivi:base_runner.py:477| eval_elbo | Epoch 8580, ELBO: 0.9599, Std Total: 9.2292, Std Q: nan, CI Half: 0.8090
2026-03-28 22:59:19 | DEBUG | sivi:base_runner.py:507| eval_ksd | Epoch 8580, VI KSD: 0.0039
2026-03-28 22:59:19 | DEBUG | sivi:base_runner.py:337| eval_kl_ite | Epoch 8590, VI KL to baseline: 0.0235
2026-03-28 22:59:19 | DEBUG | sivi:base_reverse_runner.py:261| eval_kl_ite | Epoch 8590, Reverse Model KL ITE: 0.2511
2026-03-28 22:59:19 | DEBUG | sivi:base_runner.py:347| eval_w2 | Epoch 8590, VI W2 to baseline: 0.0989
2026-03-28 22:59:19 | DEBUG | sivi:base_reverse_runner.py:272| eval_w2 | Epoch 8590, Reverse Model W2: 0.1124
2026-03-28 22:59:19 | DEBUG | sivi:base_runner.py:477| eval_elbo | Epoch 8590, ELBO: 1.0169, Std Total: 8.9009, Std Q: nan, CI Half: 0.7802
2026-03-28 22:59:19 | DEBUG | sivi:base_runner.py:507| eval_ksd | Epoch 8590, VI KSD: 0.0059
2026-03-28 22:59:20 | DEBUG | sivi:base_runner.py:874| learn | Epoch 8600: Avg Loss: -0.1540, Avg Epoch Time: 0.0506s
2026-03-28 22:59:20 | DEBUG | sivi:base_runner.py:337| eval_kl_ite | Epoch 8600, VI KL to baseline: 0.0321
2026-03-28 22:59:20 | DEBUG | sivi:base_reverse_runner.py:261| eval_kl_ite | Epoch 8600, Reverse Model KL ITE: 0.2587
2026-03-28 22:59:20 | DEBUG | sivi:base_runner.py:347| eval_w2 | Epoch 8600, VI W2 to baseline: 0.1175
2026-03-28 22:59:20 | DEBUG | sivi:base_reverse_runner.py:272| eval_w2 | Epoch 8600, Reverse Model W2: 0.1348
2026-03-28 22:59:20 | DEBUG | sivi:base_runner.py:477| eval_elbo | Epoch 8600, ELBO: 1.3925, Std Total: 11.0705, Std Q: nan, CI Half: 0.9704
2026-03-28 22:59:20 | DEBUG | sivi:base_runner.py:507| eval_ksd | Epoch 8600, VI KSD: 0.0019
2026-03-28 22:59:20 | DEBUG | sivi:base_runner.py:337| eval_kl_ite | Epoch 8610, VI KL to baseline: 0.0257
2026-03-28 22:59:20 | DEBUG | sivi:base_reverse_runner.py:261| eval_kl_ite | Epoch 8610, Reverse Model KL ITE: 0.2577
2026-03-28 22:59:20 | DEBUG | sivi:base_runner.py:347| eval_w2 | Epoch 8610, VI W2 to baseline: 0.0991
2026-03-28 22:59:20 | DEBUG | sivi:base_reverse_runner.py:272| eval_w2 | Epoch 8610, Reverse Model W2: 0.1509
2026-03-28 22:59:20 | DEBUG | sivi:base_runner.py:477| eval_elbo | Epoch 8610, ELBO: 0.9258, Std Total: 7.0491, Std Q: nan, CI Half: 0.6179
2026-03-28 22:59:20 | DEBUG | sivi:base_runner.py:507| eval_ksd | Epoch 8610, VI KSD: -0.0004
2026-03-28 22:59:21 | DEBUG | sivi:base_runner.py:337| eval_kl_ite | Epoch 8620, VI KL to baseline: 0.0247
2026-03-28 22:59:21 | DEBUG | sivi:base_reverse_runner.py:261| eval_kl_ite | Epoch 8620, Reverse Model KL ITE: 0.2672
2026-03-28 22:59:21 | DEBUG | sivi:base_runner.py:347| eval_w2 | Epoch 8620, VI W2 to baseline: 0.1180
2026-03-28 22:59:21 | DEBUG | sivi:base_reverse_runner.py:272| eval_w2 | Epoch 8620, Reverse Model W2: 0.1234
2026-03-28 22:59:21 | DEBUG | sivi:base_runner.py:477| eval_elbo | Epoch 8620, ELBO: 1.0853, Std Total: 10.0378, Std Q: nan, CI Half: 0.8799
2026-03-28 22:59:21 | DEBUG | sivi:base_runner.py:507| eval_ksd | Epoch 8620, VI KSD: 0.0026
2026-03-28 22:59:21 | DEBUG | sivi:base_runner.py:337| eval_kl_ite | Epoch 8630, VI KL to baseline: 0.0365
2026-03-28 22:59:21 | DEBUG | sivi:base_reverse_runner.py:261| eval_kl_ite | Epoch 8630, Reverse Model KL ITE: 0.2472
2026-03-28 22:59:21 | DEBUG | sivi:base_runner.py:347| eval_w2 | Epoch 8630, VI W2 to baseline: 0.1088
2026-03-28 22:59:21 | DEBUG | sivi:base_reverse_runner.py:272| eval_w2 | Epoch 8630, Reverse Model W2: 0.1196
2026-03-28 22:59:21 | DEBUG | sivi:base_runner.py:477| eval_elbo | Epoch 8630, ELBO: 0.8932, Std Total: 6.4508, Std Q: nan, CI Half: 0.5654
2026-03-28 22:59:21 | DEBUG | sivi:base_runner.py:507| eval_ksd | Epoch 8630, VI KSD: 0.0021
2026-03-28 22:59:22 | DEBUG | sivi:base_runner.py:337| eval_kl_ite | Epoch 8640, VI KL to baseline: 0.0311
2026-03-28 22:59:22 | DEBUG | sivi:base_reverse_runner.py:261| eval_kl_ite | Epoch 8640, Reverse Model KL ITE: 0.2584
2026-03-28 22:59:22 | DEBUG | sivi:base_runner.py:347| eval_w2 | Epoch 8640, VI W2 to baseline: 0.1085
2026-03-28 22:59:22 | DEBUG | sivi:base_reverse_runner.py:272| eval_w2 | Epoch 8640, Reverse Model W2: 0.1126
2026-03-28 22:59:22 | DEBUG | sivi:base_runner.py:477| eval_elbo | Epoch 8640, ELBO: 0.8075, Std Total: 6.7665, Std Q: nan, CI Half: 0.5931
2026-03-28 22:59:22 | DEBUG | sivi:base_runner.py:507| eval_ksd | Epoch 8640, VI KSD: 0.0023
2026-03-28 22:59:22 | DEBUG | sivi:base_runner.py:337| eval_kl_ite | Epoch 8650, VI KL to baseline: 0.0254
2026-03-28 22:59:22 | DEBUG | sivi:base_reverse_runner.py:261| eval_kl_ite | Epoch 8650, Reverse Model KL ITE: 0.2641
2026-03-28 22:59:22 | DEBUG | sivi:base_runner.py:347| eval_w2 | Epoch 8650, VI W2 to baseline: 0.0975
2026-03-28 22:59:22 | DEBUG | sivi:base_reverse_runner.py:272| eval_w2 | Epoch 8650, Reverse Model W2: 0.1227
2026-03-28 22:59:22 | DEBUG | sivi:base_runner.py:477| eval_elbo | Epoch 8650, ELBO: 1.0382, Std Total: 8.1776, Std Q: nan, CI Half: 0.7168
2026-03-28 22:59:22 | DEBUG | sivi:base_runner.py:507| eval_ksd | Epoch 8650, VI KSD: -0.0011
2026-03-28 22:59:23 | DEBUG | sivi:base_runner.py:337| eval_kl_ite | Epoch 8660, VI KL to baseline: 0.0113
2026-03-28 22:59:23 | DEBUG | sivi:base_reverse_runner.py:261| eval_kl_ite | Epoch 8660, Reverse Model KL ITE: 0.2769
2026-03-28 22:59:23 | DEBUG | sivi:base_runner.py:347| eval_w2 | Epoch 8660, VI W2 to baseline: 0.1112
2026-03-28 22:59:23 | DEBUG | sivi:base_reverse_runner.py:272| eval_w2 | Epoch 8660, Reverse Model W2: 0.1058
2026-03-28 22:59:23 | DEBUG | sivi:base_runner.py:477| eval_elbo | Epoch 8660, ELBO: 1.1725, Std Total: 9.1122, Std Q: nan, CI Half: 0.7987
2026-03-28 22:59:23 | DEBUG | sivi:base_runner.py:507| eval_ksd | Epoch 8660, VI KSD: 0.0028
2026-03-28 22:59:23 | DEBUG | sivi:base_runner.py:337| eval_kl_ite | Epoch 8670, VI KL to baseline: 0.0263
2026-03-28 22:59:23 | DEBUG | sivi:base_reverse_runner.py:261| eval_kl_ite | Epoch 8670, Reverse Model KL ITE: 0.2518
2026-03-28 22:59:24 | DEBUG | sivi:base_runner.py:347| eval_w2 | Epoch 8670, VI W2 to baseline: 0.1209
2026-03-28 22:59:24 | DEBUG | sivi:base_reverse_runner.py:272| eval_w2 | Epoch 8670, Reverse Model W2: 0.1288
2026-03-28 22:59:24 | DEBUG | sivi:base_runner.py:477| eval_elbo | Epoch 8670, ELBO: 0.8044, Std Total: 7.5997, Std Q: nan, CI Half: 0.6661
2026-03-28 22:59:24 | DEBUG | sivi:base_runner.py:507| eval_ksd | Epoch 8670, VI KSD: 0.0022
2026-03-28 22:59:24 | DEBUG | sivi:base_runner.py:337| eval_kl_ite | Epoch 8680, VI KL to baseline: 0.0338
2026-03-28 22:59:24 | DEBUG | sivi:base_reverse_runner.py:261| eval_kl_ite | Epoch 8680, Reverse Model KL ITE: 0.2592
2026-03-28 22:59:24 | DEBUG | sivi:base_runner.py:347| eval_w2 | Epoch 8680, VI W2 to baseline: 0.1181
2026-03-28 22:59:24 | DEBUG | sivi:base_reverse_runner.py:272| eval_w2 | Epoch 8680, Reverse Model W2: 0.1180
2026-03-28 22:59:24 | DEBUG | sivi:base_runner.py:477| eval_elbo | Epoch 8680, ELBO: 0.9209, Std Total: 6.4864, Std Q: nan, CI Half: 0.5686
2026-03-28 22:59:24 | DEBUG | sivi:base_runner.py:507| eval_ksd | Epoch 8680, VI KSD: 0.0017
2026-03-28 22:59:25 | DEBUG | sivi:base_runner.py:337| eval_kl_ite | Epoch 8690, VI KL to baseline: 0.0285
2026-03-28 22:59:25 | DEBUG | sivi:base_reverse_runner.py:261| eval_kl_ite | Epoch 8690, Reverse Model KL ITE: 0.2416
2026-03-28 22:59:25 | DEBUG | sivi:base_runner.py:347| eval_w2 | Epoch 8690, VI W2 to baseline: 0.1210
2026-03-28 22:59:25 | DEBUG | sivi:base_reverse_runner.py:272| eval_w2 | Epoch 8690, Reverse Model W2: 0.1216
2026-03-28 22:59:25 | DEBUG | sivi:base_runner.py:477| eval_elbo | Epoch 8690, ELBO: 0.7725, Std Total: 6.9412, Std Q: nan, CI Half: 0.6084
2026-03-28 22:59:25 | DEBUG | sivi:base_runner.py:507| eval_ksd | Epoch 8690, VI KSD: 0.0010
2026-03-28 22:59:25 | DEBUG | sivi:base_runner.py:874| learn | Epoch 8700: Avg Loss: 0.0592, Avg Epoch Time: 0.0561s
2026-03-28 22:59:25 | DEBUG | sivi:base_runner.py:337| eval_kl_ite | Epoch 8700, VI KL to baseline: 0.0429
2026-03-28 22:59:25 | DEBUG | sivi:base_reverse_runner.py:261| eval_kl_ite | Epoch 8700, Reverse Model KL ITE: 0.2420
2026-03-28 22:59:25 | DEBUG | sivi:base_runner.py:347| eval_w2 | Epoch 8700, VI W2 to baseline: 0.1162
2026-03-28 22:59:25 | DEBUG | sivi:base_reverse_runner.py:272| eval_w2 | Epoch 8700, Reverse Model W2: 0.1353
2026-03-28 22:59:25 | DEBUG | sivi:base_runner.py:477| eval_elbo | Epoch 8700, ELBO: 1.0306, Std Total: 8.0480, Std Q: nan, CI Half: 0.7054
2026-03-28 22:59:25 | DEBUG | sivi:base_runner.py:507| eval_ksd | Epoch 8700, VI KSD: 0.0016
2026-03-28 22:59:26 | DEBUG | sivi:base_runner.py:337| eval_kl_ite | Epoch 8710, VI KL to baseline: 0.0237
2026-03-28 22:59:26 | DEBUG | sivi:base_reverse_runner.py:261| eval_kl_ite | Epoch 8710, Reverse Model KL ITE: 0.2379
2026-03-28 22:59:26 | DEBUG | sivi:base_runner.py:347| eval_w2 | Epoch 8710, VI W2 to baseline: 0.1114
2026-03-28 22:59:26 | DEBUG | sivi:base_reverse_runner.py:272| eval_w2 | Epoch 8710, Reverse Model W2: 0.1323
2026-03-28 22:59:26 | DEBUG | sivi:base_runner.py:477| eval_elbo | Epoch 8710, ELBO: 0.7717, Std Total: 7.4238, Std Q: nan, CI Half: 0.6507
2026-03-28 22:59:26 | DEBUG | sivi:base_runner.py:507| eval_ksd | Epoch 8710, VI KSD: 0.0028
2026-03-28 22:59:26 | DEBUG | sivi:base_runner.py:337| eval_kl_ite | Epoch 8720, VI KL to baseline: 0.0389
2026-03-28 22:59:27 | DEBUG | sivi:base_reverse_runner.py:261| eval_kl_ite | Epoch 8720, Reverse Model KL ITE: 0.2225
2026-03-28 22:59:27 | DEBUG | sivi:base_runner.py:347| eval_w2 | Epoch 8720, VI W2 to baseline: 0.1009
2026-03-28 22:59:27 | DEBUG | sivi:base_reverse_runner.py:272| eval_w2 | Epoch 8720, Reverse Model W2: 0.1185
2026-03-28 22:59:27 | DEBUG | sivi:base_runner.py:477| eval_elbo | Epoch 8720, ELBO: 0.6958, Std Total: 4.7404, Std Q: nan, CI Half: 0.4155
2026-03-28 22:59:27 | DEBUG | sivi:base_runner.py:507| eval_ksd | Epoch 8720, VI KSD: 0.0063
2026-03-28 22:59:27 | DEBUG | sivi:base_runner.py:337| eval_kl_ite | Epoch 8730, VI KL to baseline: 0.0139
2026-03-28 22:59:27 | DEBUG | sivi:base_reverse_runner.py:261| eval_kl_ite | Epoch 8730, Reverse Model KL ITE: 0.2560
2026-03-28 22:59:27 | DEBUG | sivi:base_runner.py:347| eval_w2 | Epoch 8730, VI W2 to baseline: 0.1040
2026-03-28 22:59:27 | DEBUG | sivi:base_reverse_runner.py:272| eval_w2 | Epoch 8730, Reverse Model W2: 0.1265
2026-03-28 22:59:27 | DEBUG | sivi:base_runner.py:477| eval_elbo | Epoch 8730, ELBO: 1.5569, Std Total: 11.1431, Std Q: nan, CI Half: 0.9767
2026-03-28 22:59:27 | DEBUG | sivi:base_runner.py:507| eval_ksd | Epoch 8730, VI KSD: 0.0016
2026-03-28 22:59:27 | DEBUG | sivi:base_runner.py:337| eval_kl_ite | Epoch 8740, VI KL to baseline: 0.0300
2026-03-28 22:59:28 | DEBUG | sivi:base_reverse_runner.py:261| eval_kl_ite | Epoch 8740, Reverse Model KL ITE: 0.2692
2026-03-28 22:59:28 | DEBUG | sivi:base_runner.py:347| eval_w2 | Epoch 8740, VI W2 to baseline: 0.1262
2026-03-28 22:59:28 | DEBUG | sivi:base_reverse_runner.py:272| eval_w2 | Epoch 8740, Reverse Model W2: 0.1185
2026-03-28 22:59:28 | DEBUG | sivi:base_runner.py:477| eval_elbo | Epoch 8740, ELBO: 1.0779, Std Total: 10.2523, Std Q: nan, CI Half: 0.8987
2026-03-28 22:59:28 | DEBUG | sivi:base_runner.py:507| eval_ksd | Epoch 8740, VI KSD: 0.0021
2026-03-28 22:59:28 | DEBUG | sivi:base_runner.py:337| eval_kl_ite | Epoch 8750, VI KL to baseline: 0.0121
2026-03-28 22:59:28 | DEBUG | sivi:base_reverse_runner.py:261| eval_kl_ite | Epoch 8750, Reverse Model KL ITE: 0.2529
2026-03-28 22:59:28 | DEBUG | sivi:base_runner.py:347| eval_w2 | Epoch 8750, VI W2 to baseline: 0.1194
2026-03-28 22:59:28 | DEBUG | sivi:base_reverse_runner.py:272| eval_w2 | Epoch 8750, Reverse Model W2: 0.1090
2026-03-28 22:59:28 | DEBUG | sivi:base_runner.py:477| eval_elbo | Epoch 8750, ELBO: 1.4762, Std Total: 11.6761, Std Q: nan, CI Half: 1.0235
2026-03-28 22:59:28 | DEBUG | sivi:base_runner.py:507| eval_ksd | Epoch 8750, VI KSD: 0.0008
2026-03-28 22:59:29 | DEBUG | sivi:base_runner.py:337| eval_kl_ite | Epoch 8760, VI KL to baseline: 0.0199
2026-03-28 22:59:29 | DEBUG | sivi:base_reverse_runner.py:261| eval_kl_ite | Epoch 8760, Reverse Model KL ITE: 0.2509
2026-03-28 22:59:29 | DEBUG | sivi:base_runner.py:347| eval_w2 | Epoch 8760, VI W2 to baseline: 0.1130
2026-03-28 22:59:29 | DEBUG | sivi:base_reverse_runner.py:272| eval_w2 | Epoch 8760, Reverse Model W2: 0.1042
2026-03-28 22:59:29 | DEBUG | sivi:base_runner.py:477| eval_elbo | Epoch 8760, ELBO: 0.2225, Std Total: 2.6445, Std Q: nan, CI Half: 0.2318
2026-03-28 22:59:29 | DEBUG | sivi:base_runner.py:507| eval_ksd | Epoch 8760, VI KSD: 0.0058
2026-03-28 22:59:29 | DEBUG | sivi:base_runner.py:337| eval_kl_ite | Epoch 8770, VI KL to baseline: 0.0140
2026-03-28 22:59:29 | DEBUG | sivi:base_reverse_runner.py:261| eval_kl_ite | Epoch 8770, Reverse Model KL ITE: 0.2527
2026-03-28 22:59:29 | DEBUG | sivi:base_runner.py:347| eval_w2 | Epoch 8770, VI W2 to baseline: 0.1103
2026-03-28 22:59:29 | DEBUG | sivi:base_reverse_runner.py:272| eval_w2 | Epoch 8770, Reverse Model W2: 0.1338
2026-03-28 22:59:29 | DEBUG | sivi:base_runner.py:477| eval_elbo | Epoch 8770, ELBO: 1.0376, Std Total: 7.8988, Std Q: nan, CI Half: 0.6924
2026-03-28 22:59:29 | DEBUG | sivi:base_runner.py:507| eval_ksd | Epoch 8770, VI KSD: 0.0020
2026-03-28 22:59:29 | DEBUG | sivi:base_runner.py:337| eval_kl_ite | Epoch 8780, VI KL to baseline: 0.0298
2026-03-28 22:59:30 | DEBUG | sivi:base_reverse_runner.py:261| eval_kl_ite | Epoch 8780, Reverse Model KL ITE: 0.2324
2026-03-28 22:59:30 | DEBUG | sivi:base_runner.py:347| eval_w2 | Epoch 8780, VI W2 to baseline: 0.1186
2026-03-28 22:59:30 | DEBUG | sivi:base_reverse_runner.py:272| eval_w2 | Epoch 8780, Reverse Model W2: 0.1351
2026-03-28 22:59:30 | DEBUG | sivi:base_runner.py:477| eval_elbo | Epoch 8780, ELBO: 1.8114, Std Total: 13.8250, Std Q: nan, CI Half: 1.2118
2026-03-28 22:59:30 | DEBUG | sivi:base_runner.py:507| eval_ksd | Epoch 8780, VI KSD: 0.0002
2026-03-28 22:59:30 | DEBUG | sivi:base_runner.py:337| eval_kl_ite | Epoch 8790, VI KL to baseline: 0.0341
2026-03-28 22:59:30 | DEBUG | sivi:base_reverse_runner.py:261| eval_kl_ite | Epoch 8790, Reverse Model KL ITE: 0.2725
2026-03-28 22:59:30 | DEBUG | sivi:base_runner.py:347| eval_w2 | Epoch 8790, VI W2 to baseline: 0.1147
2026-03-28 22:59:30 | DEBUG | sivi:base_reverse_runner.py:272| eval_w2 | Epoch 8790, Reverse Model W2: 0.1166
2026-03-28 22:59:30 | DEBUG | sivi:base_runner.py:477| eval_elbo | Epoch 8790, ELBO: 0.9893, Std Total: 8.8402, Std Q: nan, CI Half: 0.7749
2026-03-28 22:59:30 | DEBUG | sivi:base_runner.py:507| eval_ksd | Epoch 8790, VI KSD: 0.0012
2026-03-28 22:59:30 | DEBUG | sivi:base_runner.py:874| learn | Epoch 8800: Avg Loss: -0.1455, Avg Epoch Time: 0.0532s
2026-03-28 22:59:31 | DEBUG | sivi:base_runner.py:337| eval_kl_ite | Epoch 8800, VI KL to baseline: 0.0041
2026-03-28 22:59:31 | DEBUG | sivi:base_reverse_runner.py:261| eval_kl_ite | Epoch 8800, Reverse Model KL ITE: 0.2574
2026-03-28 22:59:31 | DEBUG | sivi:base_runner.py:347| eval_w2 | Epoch 8800, VI W2 to baseline: 0.1159
2026-03-28 22:59:31 | DEBUG | sivi:base_reverse_runner.py:272| eval_w2 | Epoch 8800, Reverse Model W2: 0.1171
2026-03-28 22:59:31 | DEBUG | sivi:base_runner.py:477| eval_elbo | Epoch 8800, ELBO: 1.1247, Std Total: 7.5335, Std Q: nan, CI Half: 0.6603
2026-03-28 22:59:31 | DEBUG | sivi:base_runner.py:507| eval_ksd | Epoch 8800, VI KSD: 0.0018
2026-03-28 22:59:31 | DEBUG | sivi:base_runner.py:337| eval_kl_ite | Epoch 8810, VI KL to baseline: 0.0227
2026-03-28 22:59:31 | DEBUG | sivi:base_reverse_runner.py:261| eval_kl_ite | Epoch 8810, Reverse Model KL ITE: 0.2698
2026-03-28 22:59:31 | DEBUG | sivi:base_runner.py:347| eval_w2 | Epoch 8810, VI W2 to baseline: 0.1141
2026-03-28 22:59:31 | DEBUG | sivi:base_reverse_runner.py:272| eval_w2 | Epoch 8810, Reverse Model W2: 0.1327
2026-03-28 22:59:31 | DEBUG | sivi:base_runner.py:477| eval_elbo | Epoch 8810, ELBO: 2.0017, Std Total: 13.8575, Std Q: nan, CI Half: 1.2147
2026-03-28 22:59:31 | DEBUG | sivi:base_runner.py:507| eval_ksd | Epoch 8810, VI KSD: 0.0033
2026-03-28 22:59:31 | DEBUG | sivi:base_runner.py:337| eval_kl_ite | Epoch 8820, VI KL to baseline: 0.0172
2026-03-28 22:59:32 | DEBUG | sivi:base_reverse_runner.py:261| eval_kl_ite | Epoch 8820, Reverse Model KL ITE: 0.2841
2026-03-28 22:59:32 | DEBUG | sivi:base_runner.py:347| eval_w2 | Epoch 8820, VI W2 to baseline: 0.1208
2026-03-28 22:59:32 | DEBUG | sivi:base_reverse_runner.py:272| eval_w2 | Epoch 8820, Reverse Model W2: 0.1110
2026-03-28 22:59:32 | DEBUG | sivi:base_runner.py:477| eval_elbo | Epoch 8820, ELBO: 0.5753, Std Total: 4.4886, Std Q: nan, CI Half: 0.3934
2026-03-28 22:59:32 | DEBUG | sivi:base_runner.py:507| eval_ksd | Epoch 8820, VI KSD: 0.0018
2026-03-28 22:59:32 | DEBUG | sivi:base_runner.py:337| eval_kl_ite | Epoch 8830, VI KL to baseline: 0.0291
2026-03-28 22:59:32 | DEBUG | sivi:base_reverse_runner.py:261| eval_kl_ite | Epoch 8830, Reverse Model KL ITE: 0.2801
2026-03-28 22:59:32 | DEBUG | sivi:base_runner.py:347| eval_w2 | Epoch 8830, VI W2 to baseline: 0.1031
2026-03-28 22:59:32 | DEBUG | sivi:base_reverse_runner.py:272| eval_w2 | Epoch 8830, Reverse Model W2: 0.1239
2026-03-28 22:59:32 | DEBUG | sivi:base_runner.py:477| eval_elbo | Epoch 8830, ELBO: 1.2678, Std Total: 10.2996, Std Q: nan, CI Half: 0.9028
2026-03-28 22:59:32 | DEBUG | sivi:base_runner.py:507| eval_ksd | Epoch 8830, VI KSD: 0.0029
2026-03-28 22:59:33 | DEBUG | sivi:base_runner.py:337| eval_kl_ite | Epoch 8840, VI KL to baseline: 0.0265
2026-03-28 22:59:33 | DEBUG | sivi:base_reverse_runner.py:261| eval_kl_ite | Epoch 8840, Reverse Model KL ITE: 0.2383
2026-03-28 22:59:33 | DEBUG | sivi:base_runner.py:347| eval_w2 | Epoch 8840, VI W2 to baseline: 0.1227
2026-03-28 22:59:33 | DEBUG | sivi:base_reverse_runner.py:272| eval_w2 | Epoch 8840, Reverse Model W2: 0.1442
2026-03-28 22:59:33 | DEBUG | sivi:base_runner.py:477| eval_elbo | Epoch 8840, ELBO: 0.7024, Std Total: 7.0371, Std Q: nan, CI Half: 0.6168
2026-03-28 22:59:33 | DEBUG | sivi:base_runner.py:507| eval_ksd | Epoch 8840, VI KSD: 0.0017
2026-03-28 22:59:33 | DEBUG | sivi:base_runner.py:337| eval_kl_ite | Epoch 8850, VI KL to baseline: 0.0201
2026-03-28 22:59:33 | DEBUG | sivi:base_reverse_runner.py:261| eval_kl_ite | Epoch 8850, Reverse Model KL ITE: 0.2517
2026-03-28 22:59:33 | DEBUG | sivi:base_runner.py:347| eval_w2 | Epoch 8850, VI W2 to baseline: 0.1164
2026-03-28 22:59:33 | DEBUG | sivi:base_reverse_runner.py:272| eval_w2 | Epoch 8850, Reverse Model W2: 0.1206
2026-03-28 22:59:33 | DEBUG | sivi:base_runner.py:477| eval_elbo | Epoch 8850, ELBO: 0.9475, Std Total: 7.4304, Std Q: nan, CI Half: 0.6513
2026-03-28 22:59:33 | DEBUG | sivi:base_runner.py:507| eval_ksd | Epoch 8850, VI KSD: 0.0006
2026-03-28 22:59:34 | DEBUG | sivi:base_runner.py:337| eval_kl_ite | Epoch 8860, VI KL to baseline: 0.0371
2026-03-28 22:59:34 | DEBUG | sivi:base_reverse_runner.py:261| eval_kl_ite | Epoch 8860, Reverse Model KL ITE: 0.2535
2026-03-28 22:59:34 | DEBUG | sivi:base_runner.py:347| eval_w2 | Epoch 8860, VI W2 to baseline: 0.1109
2026-03-28 22:59:34 | DEBUG | sivi:base_reverse_runner.py:272| eval_w2 | Epoch 8860, Reverse Model W2: 0.1263
2026-03-28 22:59:34 | DEBUG | sivi:base_runner.py:477| eval_elbo | Epoch 8860, ELBO: 1.0260, Std Total: 7.6841, Std Q: nan, CI Half: 0.6735
2026-03-28 22:59:34 | DEBUG | sivi:base_runner.py:507| eval_ksd | Epoch 8860, VI KSD: 0.0044
2026-03-28 22:59:34 | DEBUG | sivi:base_runner.py:337| eval_kl_ite | Epoch 8870, VI KL to baseline: 0.0203
2026-03-28 22:59:34 | DEBUG | sivi:base_reverse_runner.py:261| eval_kl_ite | Epoch 8870, Reverse Model KL ITE: 0.2779
2026-03-28 22:59:34 | DEBUG | sivi:base_runner.py:347| eval_w2 | Epoch 8870, VI W2 to baseline: 0.1300
2026-03-28 22:59:34 | DEBUG | sivi:base_reverse_runner.py:272| eval_w2 | Epoch 8870, Reverse Model W2: 0.1164
2026-03-28 22:59:34 | DEBUG | sivi:base_runner.py:477| eval_elbo | Epoch 8870, ELBO: 1.3505, Std Total: 8.8103, Std Q: nan, CI Half: 0.7723
2026-03-28 22:59:34 | DEBUG | sivi:base_runner.py:507| eval_ksd | Epoch 8870, VI KSD: 0.0025
2026-03-28 22:59:35 | DEBUG | sivi:base_runner.py:337| eval_kl_ite | Epoch 8880, VI KL to baseline: 0.0347
2026-03-28 22:59:35 | DEBUG | sivi:base_reverse_runner.py:261| eval_kl_ite | Epoch 8880, Reverse Model KL ITE: 0.2717
2026-03-28 22:59:35 | DEBUG | sivi:base_runner.py:347| eval_w2 | Epoch 8880, VI W2 to baseline: 0.1173
2026-03-28 22:59:35 | DEBUG | sivi:base_reverse_runner.py:272| eval_w2 | Epoch 8880, Reverse Model W2: 0.1507
2026-03-28 22:59:35 | DEBUG | sivi:base_runner.py:477| eval_elbo | Epoch 8880, ELBO: 1.1049, Std Total: 7.8485, Std Q: nan, CI Half: 0.6880
2026-03-28 22:59:35 | DEBUG | sivi:base_runner.py:507| eval_ksd | Epoch 8880, VI KSD: 0.0006
2026-03-28 22:59:35 | DEBUG | sivi:base_runner.py:337| eval_kl_ite | Epoch 8890, VI KL to baseline: 0.0223
2026-03-28 22:59:35 | DEBUG | sivi:base_reverse_runner.py:261| eval_kl_ite | Epoch 8890, Reverse Model KL ITE: 0.2650
2026-03-28 22:59:35 | DEBUG | sivi:base_runner.py:347| eval_w2 | Epoch 8890, VI W2 to baseline: 0.1275
2026-03-28 22:59:35 | DEBUG | sivi:base_reverse_runner.py:272| eval_w2 | Epoch 8890, Reverse Model W2: 0.1221
2026-03-28 22:59:35 | DEBUG | sivi:base_runner.py:477| eval_elbo | Epoch 8890, ELBO: 0.9582, Std Total: 8.0268, Std Q: nan, CI Half: 0.7036
2026-03-28 22:59:35 | DEBUG | sivi:base_runner.py:507| eval_ksd | Epoch 8890, VI KSD: 0.0036
2026-03-28 22:59:36 | DEBUG | sivi:base_runner.py:874| learn | Epoch 8900: Avg Loss: 0.5077, Avg Epoch Time: 0.0521s
2026-03-28 22:59:36 | DEBUG | sivi:base_runner.py:337| eval_kl_ite | Epoch 8900, VI KL to baseline: 0.0314
2026-03-28 22:59:36 | DEBUG | sivi:base_reverse_runner.py:261| eval_kl_ite | Epoch 8900, Reverse Model KL ITE: 0.2522
2026-03-28 22:59:36 | DEBUG | sivi:base_runner.py:347| eval_w2 | Epoch 8900, VI W2 to baseline: 0.1191
2026-03-28 22:59:36 | DEBUG | sivi:base_reverse_runner.py:272| eval_w2 | Epoch 8900, Reverse Model W2: 0.1188
2026-03-28 22:59:36 | DEBUG | sivi:base_runner.py:477| eval_elbo | Epoch 8900, ELBO: 0.8461, Std Total: 6.9665, Std Q: nan, CI Half: 0.6106
2026-03-28 22:59:36 | DEBUG | sivi:base_runner.py:507| eval_ksd | Epoch 8900, VI KSD: 0.0021
2026-03-28 22:59:36 | DEBUG | sivi:base_runner.py:337| eval_kl_ite | Epoch 8910, VI KL to baseline: 0.0046
2026-03-28 22:59:36 | DEBUG | sivi:base_reverse_runner.py:261| eval_kl_ite | Epoch 8910, Reverse Model KL ITE: 0.2443
2026-03-28 22:59:36 | DEBUG | sivi:base_runner.py:347| eval_w2 | Epoch 8910, VI W2 to baseline: 0.1370
2026-03-28 22:59:36 | DEBUG | sivi:base_reverse_runner.py:272| eval_w2 | Epoch 8910, Reverse Model W2: 0.1303
2026-03-28 22:59:36 | DEBUG | sivi:base_runner.py:477| eval_elbo | Epoch 8910, ELBO: 1.3341, Std Total: 9.2106, Std Q: nan, CI Half: 0.8073
2026-03-28 22:59:36 | DEBUG | sivi:base_runner.py:507| eval_ksd | Epoch 8910, VI KSD: 0.0021
2026-03-28 22:59:37 | DEBUG | sivi:base_runner.py:337| eval_kl_ite | Epoch 8920, VI KL to baseline: 0.0132
2026-03-28 22:59:37 | DEBUG | sivi:base_reverse_runner.py:261| eval_kl_ite | Epoch 8920, Reverse Model KL ITE: 0.2774
2026-03-28 22:59:37 | DEBUG | sivi:base_runner.py:347| eval_w2 | Epoch 8920, VI W2 to baseline: 0.1152
2026-03-28 22:59:37 | DEBUG | sivi:base_reverse_runner.py:272| eval_w2 | Epoch 8920, Reverse Model W2: 0.1220
2026-03-28 22:59:37 | DEBUG | sivi:base_runner.py:477| eval_elbo | Epoch 8920, ELBO: 0.8344, Std Total: 6.7549, Std Q: nan, CI Half: 0.5921
2026-03-28 22:59:37 | DEBUG | sivi:base_runner.py:507| eval_ksd | Epoch 8920, VI KSD: 0.0017
2026-03-28 22:59:37 | DEBUG | sivi:base_runner.py:337| eval_kl_ite | Epoch 8930, VI KL to baseline: 0.0104
2026-03-28 22:59:37 | DEBUG | sivi:base_reverse_runner.py:261| eval_kl_ite | Epoch 8930, Reverse Model KL ITE: 0.2322
2026-03-28 22:59:38 | DEBUG | sivi:base_runner.py:347| eval_w2 | Epoch 8930, VI W2 to baseline: 0.1159
2026-03-28 22:59:38 | DEBUG | sivi:base_reverse_runner.py:272| eval_w2 | Epoch 8930, Reverse Model W2: 0.1139
2026-03-28 22:59:38 | DEBUG | sivi:base_runner.py:477| eval_elbo | Epoch 8930, ELBO: 0.6776, Std Total: 6.8165, Std Q: nan, CI Half: 0.5975
2026-03-28 22:59:38 | DEBUG | sivi:base_runner.py:507| eval_ksd | Epoch 8930, VI KSD: 0.0010
2026-03-28 22:59:38 | DEBUG | sivi:base_runner.py:337| eval_kl_ite | Epoch 8940, VI KL to baseline: 0.0342
2026-03-28 22:59:38 | DEBUG | sivi:base_reverse_runner.py:261| eval_kl_ite | Epoch 8940, Reverse Model KL ITE: 0.2578
2026-03-28 22:59:38 | DEBUG | sivi:base_runner.py:347| eval_w2 | Epoch 8940, VI W2 to baseline: 0.1151
2026-03-28 22:59:38 | DEBUG | sivi:base_reverse_runner.py:272| eval_w2 | Epoch 8940, Reverse Model W2: 0.1294
2026-03-28 22:59:38 | DEBUG | sivi:base_runner.py:477| eval_elbo | Epoch 8940, ELBO: 1.7157, Std Total: 9.7052, Std Q: nan, CI Half: 0.8507
2026-03-28 22:59:38 | DEBUG | sivi:base_runner.py:507| eval_ksd | Epoch 8940, VI KSD: -0.0007
2026-03-28 22:59:38 | DEBUG | sivi:base_runner.py:337| eval_kl_ite | Epoch 8950, VI KL to baseline: 0.0196
2026-03-28 22:59:38 | DEBUG | sivi:base_reverse_runner.py:261| eval_kl_ite | Epoch 8950, Reverse Model KL ITE: 0.2832
2026-03-28 22:59:38 | DEBUG | sivi:base_runner.py:347| eval_w2 | Epoch 8950, VI W2 to baseline: 0.1191
2026-03-28 22:59:38 | DEBUG | sivi:base_reverse_runner.py:272| eval_w2 | Epoch 8950, Reverse Model W2: 0.1300
2026-03-28 22:59:38 | DEBUG | sivi:base_runner.py:477| eval_elbo | Epoch 8950, ELBO: 0.5854, Std Total: 4.9342, Std Q: nan, CI Half: 0.4325
2026-03-28 22:59:38 | DEBUG | sivi:base_runner.py:507| eval_ksd | Epoch 8950, VI KSD: 0.0013
2026-03-28 22:59:39 | DEBUG | sivi:base_runner.py:337| eval_kl_ite | Epoch 8960, VI KL to baseline: 0.0186
2026-03-28 22:59:39 | DEBUG | sivi:base_reverse_runner.py:261| eval_kl_ite | Epoch 8960, Reverse Model KL ITE: 0.2837
2026-03-28 22:59:39 | DEBUG | sivi:base_runner.py:347| eval_w2 | Epoch 8960, VI W2 to baseline: 0.0904
2026-03-28 22:59:39 | DEBUG | sivi:base_reverse_runner.py:272| eval_w2 | Epoch 8960, Reverse Model W2: 0.1198
2026-03-28 22:59:39 | DEBUG | sivi:base_runner.py:477| eval_elbo | Epoch 8960, ELBO: 0.4395, Std Total: 3.4994, Std Q: nan, CI Half: 0.3067
2026-03-28 22:59:39 | DEBUG | sivi:base_runner.py:507| eval_ksd | Epoch 8960, VI KSD: 0.0008
2026-03-28 22:59:39 | DEBUG | sivi:base_runner.py:337| eval_kl_ite | Epoch 8970, VI KL to baseline: 0.0240
2026-03-28 22:59:39 | DEBUG | sivi:base_reverse_runner.py:261| eval_kl_ite | Epoch 8970, Reverse Model KL ITE: 0.2648
2026-03-28 22:59:39 | DEBUG | sivi:base_runner.py:347| eval_w2 | Epoch 8970, VI W2 to baseline: 0.1274
2026-03-28 22:59:39 | DEBUG | sivi:base_reverse_runner.py:272| eval_w2 | Epoch 8970, Reverse Model W2: 0.1389
2026-03-28 22:59:39 | DEBUG | sivi:base_runner.py:477| eval_elbo | Epoch 8970, ELBO: 0.9709, Std Total: 6.5843, Std Q: nan, CI Half: 0.5771
2026-03-28 22:59:39 | DEBUG | sivi:base_runner.py:507| eval_ksd | Epoch 8970, VI KSD: 0.0041
2026-03-28 22:59:40 | DEBUG | sivi:base_runner.py:337| eval_kl_ite | Epoch 8980, VI KL to baseline: 0.0228
2026-03-28 22:59:40 | DEBUG | sivi:base_reverse_runner.py:261| eval_kl_ite | Epoch 8980, Reverse Model KL ITE: 0.2636
2026-03-28 22:59:40 | DEBUG | sivi:base_runner.py:347| eval_w2 | Epoch 8980, VI W2 to baseline: 0.0911
2026-03-28 22:59:40 | DEBUG | sivi:base_reverse_runner.py:272| eval_w2 | Epoch 8980, Reverse Model W2: 0.1364
2026-03-28 22:59:40 | DEBUG | sivi:base_runner.py:477| eval_elbo | Epoch 8980, ELBO: 1.3083, Std Total: 9.6477, Std Q: nan, CI Half: 0.8457
2026-03-28 22:59:40 | DEBUG | sivi:base_runner.py:507| eval_ksd | Epoch 8980, VI KSD: -0.0004
2026-03-28 22:59:40 | DEBUG | sivi:base_runner.py:337| eval_kl_ite | Epoch 8990, VI KL to baseline: 0.0012
2026-03-28 22:59:40 | DEBUG | sivi:base_reverse_runner.py:261| eval_kl_ite | Epoch 8990, Reverse Model KL ITE: 0.2801
2026-03-28 22:59:40 | DEBUG | sivi:base_runner.py:347| eval_w2 | Epoch 8990, VI W2 to baseline: 0.1060
2026-03-28 22:59:40 | DEBUG | sivi:base_reverse_runner.py:272| eval_w2 | Epoch 8990, Reverse Model W2: 0.1220
2026-03-28 22:59:40 | DEBUG | sivi:base_runner.py:477| eval_elbo | Epoch 8990, ELBO: 0.4605, Std Total: 5.9973, Std Q: nan, CI Half: 0.5257
2026-03-28 22:59:40 | DEBUG | sivi:base_runner.py:507| eval_ksd | Epoch 8990, VI KSD: 0.0031
2026-03-28 22:59:41 | DEBUG | sivi:base_runner.py:874| learn | Epoch 9000: Avg Loss: -0.0496, Avg Epoch Time: 0.0518s
2026-03-28 22:59:41 | DEBUG | sivi:base_reverse_runner.py:183| _training_rev_log_func | Epoch 9000, Inner epoch 1, Reverse Model Loss: 3.7766, Avg Steps: 1.0000
2026-03-28 22:59:41 | DEBUG | sivi:base_runner.py:588| save_samples | Saved 100000 samples at epoch 9000.
2026-03-28 22:59:41 | DEBUG | sivi:base_runner.py:607| save_checkpoint | Saved VIModel checkpoints at epoch 9000 to results/AISIVI/x_shaped/20260328_225057/checkpoints/epoch_9000.
2026-03-28 22:59:41 | DEBUG | sivi:base_reverse_runner.py:476| save_checkpoint | Saved reverse checkpoints at epoch 9000 to results/AISIVI/x_shaped/20260328_225057/checkpoints/epoch_9000.
2026-03-28 22:59:41 | DEBUG | sivi:base_runner.py:337| eval_kl_ite | Epoch 9000, VI KL to baseline: 0.0324
2026-03-28 22:59:41 | DEBUG | sivi:base_reverse_runner.py:261| eval_kl_ite | Epoch 9000, Reverse Model KL ITE: 0.2528
2026-03-28 22:59:41 | DEBUG | sivi:base_runner.py:347| eval_w2 | Epoch 9000, VI W2 to baseline: 0.0957
2026-03-28 22:59:41 | DEBUG | sivi:base_reverse_runner.py:272| eval_w2 | Epoch 9000, Reverse Model W2: 0.1235
2026-03-28 22:59:41 | DEBUG | sivi:base_runner.py:477| eval_elbo | Epoch 9000, ELBO: 1.2705, Std Total: 8.8353, Std Q: nan, CI Half: 0.7744
2026-03-28 22:59:41 | DEBUG | sivi:base_runner.py:507| eval_ksd | Epoch 9000, VI KSD: 0.0003
2026-03-28 22:59:41 | DEBUG | sivi:base_runner.py:970| learn | Saved contour plot at epoch 9000.
2026-03-28 22:59:42 | DEBUG | sivi:base_runner.py:337| eval_kl_ite | Epoch 9010, VI KL to baseline: 0.0261
2026-03-28 22:59:42 | DEBUG | sivi:base_reverse_runner.py:261| eval_kl_ite | Epoch 9010, Reverse Model KL ITE: 0.2621
2026-03-28 22:59:42 | DEBUG | sivi:base_runner.py:347| eval_w2 | Epoch 9010, VI W2 to baseline: 0.1089
2026-03-28 22:59:42 | DEBUG | sivi:base_reverse_runner.py:272| eval_w2 | Epoch 9010, Reverse Model W2: 0.1149
2026-03-28 22:59:42 | DEBUG | sivi:base_runner.py:477| eval_elbo | Epoch 9010, ELBO: 1.5621, Std Total: 12.3535, Std Q: nan, CI Half: 1.0828
2026-03-28 22:59:42 | DEBUG | sivi:base_runner.py:507| eval_ksd | Epoch 9010, VI KSD: -0.0004
2026-03-28 22:59:42 | DEBUG | sivi:base_runner.py:337| eval_kl_ite | Epoch 9020, VI KL to baseline: 0.0019
2026-03-28 22:59:42 | DEBUG | sivi:base_reverse_runner.py:261| eval_kl_ite | Epoch 9020, Reverse Model KL ITE: 0.2681
2026-03-28 22:59:42 | DEBUG | sivi:base_runner.py:347| eval_w2 | Epoch 9020, VI W2 to baseline: 0.1037
2026-03-28 22:59:42 | DEBUG | sivi:base_reverse_runner.py:272| eval_w2 | Epoch 9020, Reverse Model W2: 0.1264
2026-03-28 22:59:42 | DEBUG | sivi:base_runner.py:477| eval_elbo | Epoch 9020, ELBO: 1.2010, Std Total: 8.7602, Std Q: nan, CI Half: 0.7679
2026-03-28 22:59:42 | DEBUG | sivi:base_runner.py:507| eval_ksd | Epoch 9020, VI KSD: 0.0004
2026-03-28 22:59:43 | DEBUG | sivi:base_runner.py:337| eval_kl_ite | Epoch 9030, VI KL to baseline: 0.0272
2026-03-28 22:59:43 | DEBUG | sivi:base_reverse_runner.py:261| eval_kl_ite | Epoch 9030, Reverse Model KL ITE: 0.2721
2026-03-28 22:59:43 | DEBUG | sivi:base_runner.py:347| eval_w2 | Epoch 9030, VI W2 to baseline: 0.1009
2026-03-28 22:59:43 | DEBUG | sivi:base_reverse_runner.py:272| eval_w2 | Epoch 9030, Reverse Model W2: 0.1115
2026-03-28 22:59:43 | DEBUG | sivi:base_runner.py:477| eval_elbo | Epoch 9030, ELBO: 0.8452, Std Total: 7.2957, Std Q: nan, CI Half: 0.6395
2026-03-28 22:59:43 | DEBUG | sivi:base_runner.py:507| eval_ksd | Epoch 9030, VI KSD: 0.0003
2026-03-28 22:59:43 | DEBUG | sivi:base_runner.py:337| eval_kl_ite | Epoch 9040, VI KL to baseline: 0.0055
2026-03-28 22:59:43 | DEBUG | sivi:base_reverse_runner.py:261| eval_kl_ite | Epoch 9040, Reverse Model KL ITE: 0.2818
2026-03-28 22:59:43 | DEBUG | sivi:base_runner.py:347| eval_w2 | Epoch 9040, VI W2 to baseline: 0.1064
2026-03-28 22:59:43 | DEBUG | sivi:base_reverse_runner.py:272| eval_w2 | Epoch 9040, Reverse Model W2: 0.1349
2026-03-28 22:59:43 | DEBUG | sivi:base_runner.py:477| eval_elbo | Epoch 9040, ELBO: 0.8149, Std Total: 7.2888, Std Q: nan, CI Half: 0.6389
2026-03-28 22:59:43 | DEBUG | sivi:base_runner.py:507| eval_ksd | Epoch 9040, VI KSD: 0.0020
2026-03-28 22:59:44 | DEBUG | sivi:base_runner.py:337| eval_kl_ite | Epoch 9050, VI KL to baseline: 0.0165
2026-03-28 22:59:44 | DEBUG | sivi:base_reverse_runner.py:261| eval_kl_ite | Epoch 9050, Reverse Model KL ITE: 0.2682
2026-03-28 22:59:44 | DEBUG | sivi:base_runner.py:347| eval_w2 | Epoch 9050, VI W2 to baseline: 0.1162
2026-03-28 22:59:44 | DEBUG | sivi:base_reverse_runner.py:272| eval_w2 | Epoch 9050, Reverse Model W2: 0.1318
2026-03-28 22:59:44 | DEBUG | sivi:base_runner.py:477| eval_elbo | Epoch 9050, ELBO: 0.6637, Std Total: 5.3165, Std Q: nan, CI Half: 0.4660
2026-03-28 22:59:44 | DEBUG | sivi:base_runner.py:507| eval_ksd | Epoch 9050, VI KSD: 0.0043
2026-03-28 22:59:44 | DEBUG | sivi:base_runner.py:337| eval_kl_ite | Epoch 9060, VI KL to baseline: 0.0152
2026-03-28 22:59:45 | DEBUG | sivi:base_reverse_runner.py:261| eval_kl_ite | Epoch 9060, Reverse Model KL ITE: 0.2612
2026-03-28 22:59:45 | DEBUG | sivi:base_runner.py:347| eval_w2 | Epoch 9060, VI W2 to baseline: 0.0915
2026-03-28 22:59:45 | DEBUG | sivi:base_reverse_runner.py:272| eval_w2 | Epoch 9060, Reverse Model W2: 0.1201
2026-03-28 22:59:45 | DEBUG | sivi:base_runner.py:477| eval_elbo | Epoch 9060, ELBO: 0.8099, Std Total: 6.6738, Std Q: nan, CI Half: 0.5850
2026-03-28 22:59:45 | DEBUG | sivi:base_runner.py:507| eval_ksd | Epoch 9060, VI KSD: 0.0005
2026-03-28 22:59:45 | DEBUG | sivi:base_runner.py:337| eval_kl_ite | Epoch 9070, VI KL to baseline: 0.0091
2026-03-28 22:59:45 | DEBUG | sivi:base_reverse_runner.py:261| eval_kl_ite | Epoch 9070, Reverse Model KL ITE: 0.2650
2026-03-28 22:59:45 | DEBUG | sivi:base_runner.py:347| eval_w2 | Epoch 9070, VI W2 to baseline: 0.1090
2026-03-28 22:59:45 | DEBUG | sivi:base_reverse_runner.py:272| eval_w2 | Epoch 9070, Reverse Model W2: 0.1152
2026-03-28 22:59:45 | DEBUG | sivi:base_runner.py:477| eval_elbo | Epoch 9070, ELBO: 0.6680, Std Total: 6.3757, Std Q: nan, CI Half: 0.5589
2026-03-28 22:59:45 | DEBUG | sivi:base_runner.py:507| eval_ksd | Epoch 9070, VI KSD: 0.0006
2026-03-28 22:59:46 | DEBUG | sivi:base_runner.py:337| eval_kl_ite | Epoch 9080, VI KL to baseline: 0.0155
2026-03-28 22:59:46 | DEBUG | sivi:base_reverse_runner.py:261| eval_kl_ite | Epoch 9080, Reverse Model KL ITE: 0.2825
2026-03-28 22:59:46 | DEBUG | sivi:base_runner.py:347| eval_w2 | Epoch 9080, VI W2 to baseline: 0.1190
2026-03-28 22:59:46 | DEBUG | sivi:base_reverse_runner.py:272| eval_w2 | Epoch 9080, Reverse Model W2: 0.1162
2026-03-28 22:59:46 | DEBUG | sivi:base_runner.py:477| eval_elbo | Epoch 9080, ELBO: 0.7000, Std Total: 6.2121, Std Q: nan, CI Half: 0.5445
2026-03-28 22:59:46 | DEBUG | sivi:base_runner.py:507| eval_ksd | Epoch 9080, VI KSD: 0.0013
2026-03-28 22:59:46 | DEBUG | sivi:base_runner.py:337| eval_kl_ite | Epoch 9090, VI KL to baseline: 0.0227
2026-03-28 22:59:47 | DEBUG | sivi:base_reverse_runner.py:261| eval_kl_ite | Epoch 9090, Reverse Model KL ITE: 0.2664
2026-03-28 22:59:47 | DEBUG | sivi:base_runner.py:347| eval_w2 | Epoch 9090, VI W2 to baseline: 0.1228
2026-03-28 22:59:47 | DEBUG | sivi:base_reverse_runner.py:272| eval_w2 | Epoch 9090, Reverse Model W2: 0.1141
2026-03-28 22:59:47 | DEBUG | sivi:base_runner.py:477| eval_elbo | Epoch 9090, ELBO: 0.8096, Std Total: 7.4359, Std Q: nan, CI Half: 0.6518
2026-03-28 22:59:47 | DEBUG | sivi:base_runner.py:507| eval_ksd | Epoch 9090, VI KSD: 0.0031
2026-03-28 22:59:47 | DEBUG | sivi:base_runner.py:874| learn | Epoch 9100: Avg Loss: 0.3989, Avg Epoch Time: 0.0608s
2026-03-28 22:59:47 | DEBUG | sivi:base_runner.py:337| eval_kl_ite | Epoch 9100, VI KL to baseline: 0.0208
2026-03-28 22:59:47 | DEBUG | sivi:base_reverse_runner.py:261| eval_kl_ite | Epoch 9100, Reverse Model KL ITE: 0.2939
2026-03-28 22:59:47 | DEBUG | sivi:base_runner.py:347| eval_w2 | Epoch 9100, VI W2 to baseline: 0.1098
2026-03-28 22:59:47 | DEBUG | sivi:base_reverse_runner.py:272| eval_w2 | Epoch 9100, Reverse Model W2: 0.1310
2026-03-28 22:59:47 | DEBUG | sivi:base_runner.py:477| eval_elbo | Epoch 9100, ELBO: 0.8168, Std Total: 7.0418, Std Q: nan, CI Half: 0.6172
2026-03-28 22:59:47 | DEBUG | sivi:base_runner.py:507| eval_ksd | Epoch 9100, VI KSD: 0.0018
2026-03-28 22:59:48 | DEBUG | sivi:base_runner.py:337| eval_kl_ite | Epoch 9110, VI KL to baseline: 0.0105
2026-03-28 22:59:48 | DEBUG | sivi:base_reverse_runner.py:261| eval_kl_ite | Epoch 9110, Reverse Model KL ITE: 0.2596
2026-03-28 22:59:48 | DEBUG | sivi:base_runner.py:347| eval_w2 | Epoch 9110, VI W2 to baseline: 0.0935
2026-03-28 22:59:48 | DEBUG | sivi:base_reverse_runner.py:272| eval_w2 | Epoch 9110, Reverse Model W2: 0.1194
2026-03-28 22:59:48 | DEBUG | sivi:base_runner.py:477| eval_elbo | Epoch 9110, ELBO: 1.0718, Std Total: 9.7731, Std Q: nan, CI Half: 0.8567
2026-03-28 22:59:48 | DEBUG | sivi:base_runner.py:507| eval_ksd | Epoch 9110, VI KSD: 0.0042
2026-03-28 22:59:48 | DEBUG | sivi:base_runner.py:337| eval_kl_ite | Epoch 9120, VI KL to baseline: 0.0470
2026-03-28 22:59:48 | DEBUG | sivi:base_reverse_runner.py:261| eval_kl_ite | Epoch 9120, Reverse Model KL ITE: 0.2675
2026-03-28 22:59:48 | DEBUG | sivi:base_runner.py:347| eval_w2 | Epoch 9120, VI W2 to baseline: 0.1261
2026-03-28 22:59:48 | DEBUG | sivi:base_reverse_runner.py:272| eval_w2 | Epoch 9120, Reverse Model W2: 0.1103
2026-03-28 22:59:48 | DEBUG | sivi:base_runner.py:477| eval_elbo | Epoch 9120, ELBO: 0.5506, Std Total: 4.9147, Std Q: nan, CI Half: 0.4308
2026-03-28 22:59:48 | DEBUG | sivi:base_runner.py:507| eval_ksd | Epoch 9120, VI KSD: 0.0037
2026-03-28 22:59:49 | DEBUG | sivi:base_runner.py:337| eval_kl_ite | Epoch 9130, VI KL to baseline: 0.0217
2026-03-28 22:59:49 | DEBUG | sivi:base_reverse_runner.py:261| eval_kl_ite | Epoch 9130, Reverse Model KL ITE: 0.2430
2026-03-28 22:59:49 | DEBUG | sivi:base_runner.py:347| eval_w2 | Epoch 9130, VI W2 to baseline: 0.1000
2026-03-28 22:59:49 | DEBUG | sivi:base_reverse_runner.py:272| eval_w2 | Epoch 9130, Reverse Model W2: 0.1227
2026-03-28 22:59:49 | DEBUG | sivi:base_runner.py:477| eval_elbo | Epoch 9130, ELBO: 0.7138, Std Total: 7.2405, Std Q: nan, CI Half: 0.6347
2026-03-28 22:59:49 | DEBUG | sivi:base_runner.py:507| eval_ksd | Epoch 9130, VI KSD: 0.0023
2026-03-28 22:59:49 | DEBUG | sivi:base_runner.py:337| eval_kl_ite | Epoch 9140, VI KL to baseline: 0.0437
2026-03-28 22:59:49 | DEBUG | sivi:base_reverse_runner.py:261| eval_kl_ite | Epoch 9140, Reverse Model KL ITE: 0.2929
2026-03-28 22:59:49 | DEBUG | sivi:base_runner.py:347| eval_w2 | Epoch 9140, VI W2 to baseline: 0.1037
2026-03-28 22:59:49 | DEBUG | sivi:base_reverse_runner.py:272| eval_w2 | Epoch 9140, Reverse Model W2: 0.1234
2026-03-28 22:59:49 | DEBUG | sivi:base_runner.py:477| eval_elbo | Epoch 9140, ELBO: 0.6733, Std Total: 5.2599, Std Q: nan, CI Half: 0.4611
2026-03-28 22:59:49 | DEBUG | sivi:base_runner.py:507| eval_ksd | Epoch 9140, VI KSD: 0.0008
2026-03-28 22:59:50 | DEBUG | sivi:base_runner.py:337| eval_kl_ite | Epoch 9150, VI KL to baseline: 0.0126
2026-03-28 22:59:50 | DEBUG | sivi:base_reverse_runner.py:261| eval_kl_ite | Epoch 9150, Reverse Model KL ITE: 0.3006
2026-03-28 22:59:50 | DEBUG | sivi:base_runner.py:347| eval_w2 | Epoch 9150, VI W2 to baseline: 0.0997
2026-03-28 22:59:50 | DEBUG | sivi:base_reverse_runner.py:272| eval_w2 | Epoch 9150, Reverse Model W2: 0.1114
2026-03-28 22:59:50 | DEBUG | sivi:base_runner.py:477| eval_elbo | Epoch 9150, ELBO: 0.5653, Std Total: 4.6898, Std Q: nan, CI Half: 0.4111
2026-03-28 22:59:50 | DEBUG | sivi:base_runner.py:507| eval_ksd | Epoch 9150, VI KSD: -0.0004
2026-03-28 22:59:50 | DEBUG | sivi:base_runner.py:337| eval_kl_ite | Epoch 9160, VI KL to baseline: 0.0243
2026-03-28 22:59:50 | DEBUG | sivi:base_reverse_runner.py:261| eval_kl_ite | Epoch 9160, Reverse Model KL ITE: 0.2805
2026-03-28 22:59:50 | DEBUG | sivi:base_runner.py:347| eval_w2 | Epoch 9160, VI W2 to baseline: 0.1054
2026-03-28 22:59:50 | DEBUG | sivi:base_reverse_runner.py:272| eval_w2 | Epoch 9160, Reverse Model W2: 0.1388
2026-03-28 22:59:50 | DEBUG | sivi:base_runner.py:477| eval_elbo | Epoch 9160, ELBO: 1.0479, Std Total: 9.1151, Std Q: nan, CI Half: 0.7990
2026-03-28 22:59:50 | DEBUG | sivi:base_runner.py:507| eval_ksd | Epoch 9160, VI KSD: 0.0002
2026-03-28 22:59:51 | DEBUG | sivi:base_runner.py:337| eval_kl_ite | Epoch 9170, VI KL to baseline: 0.0265
2026-03-28 22:59:51 | DEBUG | sivi:base_reverse_runner.py:261| eval_kl_ite | Epoch 9170, Reverse Model KL ITE: 0.3035
2026-03-28 22:59:51 | DEBUG | sivi:base_runner.py:347| eval_w2 | Epoch 9170, VI W2 to baseline: 0.0930
2026-03-28 22:59:51 | DEBUG | sivi:base_reverse_runner.py:272| eval_w2 | Epoch 9170, Reverse Model W2: 0.1465
2026-03-28 22:59:51 | DEBUG | sivi:base_runner.py:477| eval_elbo | Epoch 9170, ELBO: 1.1361, Std Total: 8.9351, Std Q: nan, CI Half: 0.7832
2026-03-28 22:59:51 | DEBUG | sivi:base_runner.py:507| eval_ksd | Epoch 9170, VI KSD: 0.0032
2026-03-28 22:59:51 | DEBUG | sivi:base_runner.py:337| eval_kl_ite | Epoch 9180, VI KL to baseline: 0.0250
2026-03-28 22:59:51 | DEBUG | sivi:base_reverse_runner.py:261| eval_kl_ite | Epoch 9180, Reverse Model KL ITE: 0.2860
2026-03-28 22:59:51 | DEBUG | sivi:base_runner.py:347| eval_w2 | Epoch 9180, VI W2 to baseline: 0.0963
2026-03-28 22:59:51 | DEBUG | sivi:base_reverse_runner.py:272| eval_w2 | Epoch 9180, Reverse Model W2: 0.1272
2026-03-28 22:59:51 | DEBUG | sivi:base_runner.py:477| eval_elbo | Epoch 9180, ELBO: 0.8826, Std Total: 6.6183, Std Q: nan, CI Half: 0.5801
2026-03-28 22:59:51 | DEBUG | sivi:base_runner.py:507| eval_ksd | Epoch 9180, VI KSD: 0.0030
2026-03-28 22:59:52 | DEBUG | sivi:base_runner.py:337| eval_kl_ite | Epoch 9190, VI KL to baseline: 0.0130
2026-03-28 22:59:52 | DEBUG | sivi:base_reverse_runner.py:261| eval_kl_ite | Epoch 9190, Reverse Model KL ITE: 0.2928
2026-03-28 22:59:52 | DEBUG | sivi:base_runner.py:347| eval_w2 | Epoch 9190, VI W2 to baseline: 0.1125
2026-03-28 22:59:52 | DEBUG | sivi:base_reverse_runner.py:272| eval_w2 | Epoch 9190, Reverse Model W2: 0.1235
2026-03-28 22:59:52 | DEBUG | sivi:base_runner.py:477| eval_elbo | Epoch 9190, ELBO: 0.7232, Std Total: 6.8452, Std Q: nan, CI Half: 0.6000
2026-03-28 22:59:52 | DEBUG | sivi:base_runner.py:507| eval_ksd | Epoch 9190, VI KSD: 0.0019
2026-03-28 22:59:52 | DEBUG | sivi:base_runner.py:874| learn | Epoch 9200: Avg Loss: -0.3372, Avg Epoch Time: 0.0530s
2026-03-28 22:59:52 | DEBUG | sivi:base_runner.py:337| eval_kl_ite | Epoch 9200, VI KL to baseline: 0.0063
2026-03-28 22:59:52 | DEBUG | sivi:base_reverse_runner.py:261| eval_kl_ite | Epoch 9200, Reverse Model KL ITE: 0.2762
2026-03-28 22:59:52 | DEBUG | sivi:base_runner.py:347| eval_w2 | Epoch 9200, VI W2 to baseline: 0.1051
2026-03-28 22:59:52 | DEBUG | sivi:base_reverse_runner.py:272| eval_w2 | Epoch 9200, Reverse Model W2: 0.1219
2026-03-28 22:59:52 | DEBUG | sivi:base_runner.py:477| eval_elbo | Epoch 9200, ELBO: 0.6948, Std Total: 6.3885, Std Q: nan, CI Half: 0.5600
2026-03-28 22:59:52 | DEBUG | sivi:base_runner.py:507| eval_ksd | Epoch 9200, VI KSD: 0.0003
2026-03-28 22:59:53 | DEBUG | sivi:base_runner.py:337| eval_kl_ite | Epoch 9210, VI KL to baseline: -0.0109
2026-03-28 22:59:53 | DEBUG | sivi:base_reverse_runner.py:261| eval_kl_ite | Epoch 9210, Reverse Model KL ITE: 0.2544
2026-03-28 22:59:53 | DEBUG | sivi:base_runner.py:347| eval_w2 | Epoch 9210, VI W2 to baseline: 0.1081
2026-03-28 22:59:53 | DEBUG | sivi:base_reverse_runner.py:272| eval_w2 | Epoch 9210, Reverse Model W2: 0.1324
2026-03-28 22:59:53 | DEBUG | sivi:base_runner.py:477| eval_elbo | Epoch 9210, ELBO: 0.5170, Std Total: 4.7800, Std Q: nan, CI Half: 0.4190
2026-03-28 22:59:53 | DEBUG | sivi:base_runner.py:507| eval_ksd | Epoch 9210, VI KSD: -0.0005
2026-03-28 22:59:53 | DEBUG | sivi:base_runner.py:337| eval_kl_ite | Epoch 9220, VI KL to baseline: 0.0052
2026-03-28 22:59:53 | DEBUG | sivi:base_reverse_runner.py:261| eval_kl_ite | Epoch 9220, Reverse Model KL ITE: 0.2733
2026-03-28 22:59:53 | DEBUG | sivi:base_runner.py:347| eval_w2 | Epoch 9220, VI W2 to baseline: 0.1100
2026-03-28 22:59:53 | DEBUG | sivi:base_reverse_runner.py:272| eval_w2 | Epoch 9220, Reverse Model W2: 0.1082
2026-03-28 22:59:53 | DEBUG | sivi:base_runner.py:477| eval_elbo | Epoch 9220, ELBO: 0.9492, Std Total: 6.5624, Std Q: nan, CI Half: 0.5752
2026-03-28 22:59:53 | DEBUG | sivi:base_runner.py:507| eval_ksd | Epoch 9220, VI KSD: 0.0024
2026-03-28 22:59:54 | DEBUG | sivi:base_runner.py:337| eval_kl_ite | Epoch 9230, VI KL to baseline: 0.0269
2026-03-28 22:59:54 | DEBUG | sivi:base_reverse_runner.py:261| eval_kl_ite | Epoch 9230, Reverse Model KL ITE: 0.2520
2026-03-28 22:59:54 | DEBUG | sivi:base_runner.py:347| eval_w2 | Epoch 9230, VI W2 to baseline: 0.1048
2026-03-28 22:59:54 | DEBUG | sivi:base_reverse_runner.py:272| eval_w2 | Epoch 9230, Reverse Model W2: 0.1256
2026-03-28 22:59:54 | DEBUG | sivi:base_runner.py:477| eval_elbo | Epoch 9230, ELBO: 1.0319, Std Total: 7.6897, Std Q: nan, CI Half: 0.6740
2026-03-28 22:59:54 | DEBUG | sivi:base_runner.py:507| eval_ksd | Epoch 9230, VI KSD: 0.0031
2026-03-28 22:59:54 | DEBUG | sivi:base_runner.py:337| eval_kl_ite | Epoch 9240, VI KL to baseline: 0.0150
2026-03-28 22:59:55 | DEBUG | sivi:base_reverse_runner.py:261| eval_kl_ite | Epoch 9240, Reverse Model KL ITE: 0.2570
2026-03-28 22:59:55 | DEBUG | sivi:base_runner.py:347| eval_w2 | Epoch 9240, VI W2 to baseline: 0.1042
2026-03-28 22:59:55 | DEBUG | sivi:base_reverse_runner.py:272| eval_w2 | Epoch 9240, Reverse Model W2: 0.1350
2026-03-28 22:59:55 | DEBUG | sivi:base_runner.py:477| eval_elbo | Epoch 9240, ELBO: 0.5856, Std Total: 4.6248, Std Q: nan, CI Half: 0.4054
2026-03-28 22:59:55 | DEBUG | sivi:base_runner.py:507| eval_ksd | Epoch 9240, VI KSD: -0.0002
2026-03-28 22:59:55 | DEBUG | sivi:base_runner.py:337| eval_kl_ite | Epoch 9250, VI KL to baseline: 0.0308
2026-03-28 22:59:55 | DEBUG | sivi:base_reverse_runner.py:261| eval_kl_ite | Epoch 9250, Reverse Model KL ITE: 0.2757
2026-03-28 22:59:55 | DEBUG | sivi:base_runner.py:347| eval_w2 | Epoch 9250, VI W2 to baseline: 0.1202
2026-03-28 22:59:55 | DEBUG | sivi:base_reverse_runner.py:272| eval_w2 | Epoch 9250, Reverse Model W2: 0.1199
2026-03-28 22:59:55 | DEBUG | sivi:base_runner.py:477| eval_elbo | Epoch 9250, ELBO: 0.8437, Std Total: 8.4458, Std Q: nan, CI Half: 0.7403
2026-03-28 22:59:55 | DEBUG | sivi:base_runner.py:507| eval_ksd | Epoch 9250, VI KSD: 0.0032
2026-03-28 22:59:55 | DEBUG | sivi:base_runner.py:337| eval_kl_ite | Epoch 9260, VI KL to baseline: 0.0378
2026-03-28 22:59:55 | DEBUG | sivi:base_reverse_runner.py:261| eval_kl_ite | Epoch 9260, Reverse Model KL ITE: 0.2625
2026-03-28 22:59:55 | DEBUG | sivi:base_runner.py:347| eval_w2 | Epoch 9260, VI W2 to baseline: 0.1050
2026-03-28 22:59:55 | DEBUG | sivi:base_reverse_runner.py:272| eval_w2 | Epoch 9260, Reverse Model W2: 0.1337
2026-03-28 22:59:55 | DEBUG | sivi:base_runner.py:477| eval_elbo | Epoch 9260, ELBO: 0.5656, Std Total: 4.7536, Std Q: nan, CI Half: 0.4167
2026-03-28 22:59:55 | DEBUG | sivi:base_runner.py:507| eval_ksd | Epoch 9260, VI KSD: 0.0002
2026-03-28 22:59:56 | DEBUG | sivi:base_runner.py:337| eval_kl_ite | Epoch 9270, VI KL to baseline: 0.0162
2026-03-28 22:59:56 | DEBUG | sivi:base_reverse_runner.py:261| eval_kl_ite | Epoch 9270, Reverse Model KL ITE: 0.2951
2026-03-28 22:59:56 | DEBUG | sivi:base_runner.py:347| eval_w2 | Epoch 9270, VI W2 to baseline: 0.1091
2026-03-28 22:59:56 | DEBUG | sivi:base_reverse_runner.py:272| eval_w2 | Epoch 9270, Reverse Model W2: 0.1196
2026-03-28 22:59:56 | DEBUG | sivi:base_runner.py:477| eval_elbo | Epoch 9270, ELBO: 0.5518, Std Total: 5.2680, Std Q: nan, CI Half: 0.4618
2026-03-28 22:59:56 | DEBUG | sivi:base_runner.py:507| eval_ksd | Epoch 9270, VI KSD: 0.0000
2026-03-28 22:59:56 | DEBUG | sivi:base_runner.py:337| eval_kl_ite | Epoch 9280, VI KL to baseline: 0.0297
2026-03-28 22:59:56 | DEBUG | sivi:base_reverse_runner.py:261| eval_kl_ite | Epoch 9280, Reverse Model KL ITE: 0.2467
2026-03-28 22:59:56 | DEBUG | sivi:base_runner.py:347| eval_w2 | Epoch 9280, VI W2 to baseline: 0.1076
2026-03-28 22:59:56 | DEBUG | sivi:base_reverse_runner.py:272| eval_w2 | Epoch 9280, Reverse Model W2: 0.1406
2026-03-28 22:59:56 | DEBUG | sivi:base_runner.py:477| eval_elbo | Epoch 9280, ELBO: 0.7935, Std Total: 7.1248, Std Q: nan, CI Half: 0.6245
2026-03-28 22:59:56 | DEBUG | sivi:base_runner.py:507| eval_ksd | Epoch 9280, VI KSD: 0.0025
2026-03-28 22:59:57 | DEBUG | sivi:base_runner.py:337| eval_kl_ite | Epoch 9290, VI KL to baseline: 0.0192
2026-03-28 22:59:57 | DEBUG | sivi:base_reverse_runner.py:261| eval_kl_ite | Epoch 9290, Reverse Model KL ITE: 0.2786
2026-03-28 22:59:57 | DEBUG | sivi:base_runner.py:347| eval_w2 | Epoch 9290, VI W2 to baseline: 0.1128
2026-03-28 22:59:57 | DEBUG | sivi:base_reverse_runner.py:272| eval_w2 | Epoch 9290, Reverse Model W2: 0.1239
2026-03-28 22:59:57 | DEBUG | sivi:base_runner.py:477| eval_elbo | Epoch 9290, ELBO: 1.1949, Std Total: 12.9724, Std Q: nan, CI Half: 1.1371
2026-03-28 22:59:57 | DEBUG | sivi:base_runner.py:507| eval_ksd | Epoch 9290, VI KSD: 0.0003
2026-03-28 22:59:57 | DEBUG | sivi:base_runner.py:874| learn | Epoch 9300: Avg Loss: -0.2624, Avg Epoch Time: 0.0486s
2026-03-28 22:59:57 | DEBUG | sivi:base_runner.py:337| eval_kl_ite | Epoch 9300, VI KL to baseline: 0.0230
2026-03-28 22:59:57 | DEBUG | sivi:base_reverse_runner.py:261| eval_kl_ite | Epoch 9300, Reverse Model KL ITE: 0.2711
2026-03-28 22:59:57 | DEBUG | sivi:base_runner.py:347| eval_w2 | Epoch 9300, VI W2 to baseline: 0.1189
2026-03-28 22:59:57 | DEBUG | sivi:base_reverse_runner.py:272| eval_w2 | Epoch 9300, Reverse Model W2: 0.1101
2026-03-28 22:59:57 | DEBUG | sivi:base_runner.py:477| eval_elbo | Epoch 9300, ELBO: 1.5045, Std Total: 11.1715, Std Q: nan, CI Half: 0.9792
2026-03-28 22:59:57 | DEBUG | sivi:base_runner.py:507| eval_ksd | Epoch 9300, VI KSD: 0.0022
2026-03-28 22:59:58 | DEBUG | sivi:base_runner.py:337| eval_kl_ite | Epoch 9310, VI KL to baseline: 0.0247
2026-03-28 22:59:58 | DEBUG | sivi:base_reverse_runner.py:261| eval_kl_ite | Epoch 9310, Reverse Model KL ITE: 0.2629
2026-03-28 22:59:58 | DEBUG | sivi:base_runner.py:347| eval_w2 | Epoch 9310, VI W2 to baseline: 0.1113
2026-03-28 22:59:58 | DEBUG | sivi:base_reverse_runner.py:272| eval_w2 | Epoch 9310, Reverse Model W2: 0.1197
2026-03-28 22:59:58 | DEBUG | sivi:base_runner.py:477| eval_elbo | Epoch 9310, ELBO: 1.7804, Std Total: 12.8593, Std Q: nan, CI Half: 1.1272
2026-03-28 22:59:58 | DEBUG | sivi:base_runner.py:507| eval_ksd | Epoch 9310, VI KSD: 0.0010
2026-03-28 22:59:58 | DEBUG | sivi:base_runner.py:337| eval_kl_ite | Epoch 9320, VI KL to baseline: 0.0097
2026-03-28 22:59:58 | DEBUG | sivi:base_reverse_runner.py:261| eval_kl_ite | Epoch 9320, Reverse Model KL ITE: 0.2961
2026-03-28 22:59:58 | DEBUG | sivi:base_runner.py:347| eval_w2 | Epoch 9320, VI W2 to baseline: 0.1208
2026-03-28 22:59:58 | DEBUG | sivi:base_reverse_runner.py:272| eval_w2 | Epoch 9320, Reverse Model W2: 0.1207
2026-03-28 22:59:58 | DEBUG | sivi:base_runner.py:477| eval_elbo | Epoch 9320, ELBO: 0.4598, Std Total: 4.3997, Std Q: nan, CI Half: 0.3856
2026-03-28 22:59:58 | DEBUG | sivi:base_runner.py:507| eval_ksd | Epoch 9320, VI KSD: 0.0023
2026-03-28 22:59:59 | DEBUG | sivi:base_runner.py:337| eval_kl_ite | Epoch 9330, VI KL to baseline: 0.0138
2026-03-28 22:59:59 | DEBUG | sivi:base_reverse_runner.py:261| eval_kl_ite | Epoch 9330, Reverse Model KL ITE: 0.2577
2026-03-28 22:59:59 | DEBUG | sivi:base_runner.py:347| eval_w2 | Epoch 9330, VI W2 to baseline: 0.1236
2026-03-28 22:59:59 | DEBUG | sivi:base_reverse_runner.py:272| eval_w2 | Epoch 9330, Reverse Model W2: 0.1304
2026-03-28 22:59:59 | DEBUG | sivi:base_runner.py:477| eval_elbo | Epoch 9330, ELBO: 1.3916, Std Total: 10.3109, Std Q: nan, CI Half: 0.9038
2026-03-28 22:59:59 | DEBUG | sivi:base_runner.py:507| eval_ksd | Epoch 9330, VI KSD: 0.0013
2026-03-28 22:59:59 | DEBUG | sivi:base_runner.py:337| eval_kl_ite | Epoch 9340, VI KL to baseline: 0.0240
2026-03-28 22:59:59 | DEBUG | sivi:base_reverse_runner.py:261| eval_kl_ite | Epoch 9340, Reverse Model KL ITE: 0.2449
2026-03-28 22:59:59 | DEBUG | sivi:base_runner.py:347| eval_w2 | Epoch 9340, VI W2 to baseline: 0.1143
2026-03-28 22:59:59 | DEBUG | sivi:base_reverse_runner.py:272| eval_w2 | Epoch 9340, Reverse Model W2: 0.1420
2026-03-28 22:59:59 | DEBUG | sivi:base_runner.py:477| eval_elbo | Epoch 9340, ELBO: 1.1396, Std Total: 8.7349, Std Q: nan, CI Half: 0.7656
2026-03-28 22:59:59 | DEBUG | sivi:base_runner.py:507| eval_ksd | Epoch 9340, VI KSD: 0.0051
2026-03-28 23:00:00 | DEBUG | sivi:base_runner.py:337| eval_kl_ite | Epoch 9350, VI KL to baseline: 0.0246
2026-03-28 23:00:00 | DEBUG | sivi:base_reverse_runner.py:261| eval_kl_ite | Epoch 9350, Reverse Model KL ITE: 0.2489
2026-03-28 23:00:00 | DEBUG | sivi:base_runner.py:347| eval_w2 | Epoch 9350, VI W2 to baseline: 0.1139
2026-03-28 23:00:00 | DEBUG | sivi:base_reverse_runner.py:272| eval_w2 | Epoch 9350, Reverse Model W2: 0.1086
2026-03-28 23:00:00 | DEBUG | sivi:base_runner.py:477| eval_elbo | Epoch 9350, ELBO: 0.9292, Std Total: 7.9823, Std Q: nan, CI Half: 0.6997
2026-03-28 23:00:00 | DEBUG | sivi:base_runner.py:507| eval_ksd | Epoch 9350, VI KSD: 0.0007
2026-03-28 23:00:00 | DEBUG | sivi:base_runner.py:337| eval_kl_ite | Epoch 9360, VI KL to baseline: 0.0391
2026-03-28 23:00:00 | DEBUG | sivi:base_reverse_runner.py:261| eval_kl_ite | Epoch 9360, Reverse Model KL ITE: 0.2584
2026-03-28 23:00:00 | DEBUG | sivi:base_runner.py:347| eval_w2 | Epoch 9360, VI W2 to baseline: 0.1026
2026-03-28 23:00:00 | DEBUG | sivi:base_reverse_runner.py:272| eval_w2 | Epoch 9360, Reverse Model W2: 0.1129
2026-03-28 23:00:00 | DEBUG | sivi:base_runner.py:477| eval_elbo | Epoch 9360, ELBO: 0.9535, Std Total: 8.1566, Std Q: nan, CI Half: 0.7150
2026-03-28 23:00:00 | DEBUG | sivi:base_runner.py:507| eval_ksd | Epoch 9360, VI KSD: 0.0013
2026-03-28 23:00:01 | DEBUG | sivi:base_runner.py:337| eval_kl_ite | Epoch 9370, VI KL to baseline: 0.0245
2026-03-28 23:00:01 | DEBUG | sivi:base_reverse_runner.py:261| eval_kl_ite | Epoch 9370, Reverse Model KL ITE: 0.2481
2026-03-28 23:00:01 | DEBUG | sivi:base_runner.py:347| eval_w2 | Epoch 9370, VI W2 to baseline: 0.1149
2026-03-28 23:00:01 | DEBUG | sivi:base_reverse_runner.py:272| eval_w2 | Epoch 9370, Reverse Model W2: 0.1167
2026-03-28 23:00:01 | DEBUG | sivi:base_runner.py:477| eval_elbo | Epoch 9370, ELBO: 0.7114, Std Total: 7.9406, Std Q: nan, CI Half: 0.6960
2026-03-28 23:00:01 | DEBUG | sivi:base_runner.py:507| eval_ksd | Epoch 9370, VI KSD: 0.0034
2026-03-28 23:00:01 | DEBUG | sivi:base_runner.py:337| eval_kl_ite | Epoch 9380, VI KL to baseline: 0.0152
2026-03-28 23:00:01 | DEBUG | sivi:base_reverse_runner.py:261| eval_kl_ite | Epoch 9380, Reverse Model KL ITE: 0.2446
2026-03-28 23:00:01 | DEBUG | sivi:base_runner.py:347| eval_w2 | Epoch 9380, VI W2 to baseline: 0.1256
2026-03-28 23:00:01 | DEBUG | sivi:base_reverse_runner.py:272| eval_w2 | Epoch 9380, Reverse Model W2: 0.1200
2026-03-28 23:00:01 | DEBUG | sivi:base_runner.py:477| eval_elbo | Epoch 9380, ELBO: 0.8869, Std Total: 6.5832, Std Q: nan, CI Half: 0.5770
2026-03-28 23:00:01 | DEBUG | sivi:base_runner.py:507| eval_ksd | Epoch 9380, VI KSD: 0.0032
2026-03-28 23:00:02 | DEBUG | sivi:base_runner.py:337| eval_kl_ite | Epoch 9390, VI KL to baseline: 0.0360
2026-03-28 23:00:02 | DEBUG | sivi:base_reverse_runner.py:261| eval_kl_ite | Epoch 9390, Reverse Model KL ITE: 0.2599
2026-03-28 23:00:02 | DEBUG | sivi:base_runner.py:347| eval_w2 | Epoch 9390, VI W2 to baseline: 0.1221
2026-03-28 23:00:02 | DEBUG | sivi:base_reverse_runner.py:272| eval_w2 | Epoch 9390, Reverse Model W2: 0.1322
2026-03-28 23:00:02 | DEBUG | sivi:base_runner.py:477| eval_elbo | Epoch 9390, ELBO: 1.0234, Std Total: 8.5336, Std Q: nan, CI Half: 0.7480
2026-03-28 23:00:02 | DEBUG | sivi:base_runner.py:507| eval_ksd | Epoch 9390, VI KSD: 0.0027
2026-03-28 23:00:02 | DEBUG | sivi:base_runner.py:874| learn | Epoch 9400: Avg Loss: -0.0734, Avg Epoch Time: 0.0534s
2026-03-28 23:00:03 | DEBUG | sivi:base_runner.py:337| eval_kl_ite | Epoch 9400, VI KL to baseline: 0.0352
2026-03-28 23:00:03 | DEBUG | sivi:base_reverse_runner.py:261| eval_kl_ite | Epoch 9400, Reverse Model KL ITE: 0.2576
2026-03-28 23:00:03 | DEBUG | sivi:base_runner.py:347| eval_w2 | Epoch 9400, VI W2 to baseline: 0.1025
2026-03-28 23:00:03 | DEBUG | sivi:base_reverse_runner.py:272| eval_w2 | Epoch 9400, Reverse Model W2: 0.1019
2026-03-28 23:00:03 | DEBUG | sivi:base_runner.py:477| eval_elbo | Epoch 9400, ELBO: 0.9890, Std Total: 7.7004, Std Q: nan, CI Half: 0.6750
2026-03-28 23:00:03 | DEBUG | sivi:base_runner.py:507| eval_ksd | Epoch 9400, VI KSD: 0.0012
2026-03-28 23:00:03 | DEBUG | sivi:base_runner.py:337| eval_kl_ite | Epoch 9410, VI KL to baseline: 0.0157
2026-03-28 23:00:03 | DEBUG | sivi:base_reverse_runner.py:261| eval_kl_ite | Epoch 9410, Reverse Model KL ITE: 0.2786
2026-03-28 23:00:03 | DEBUG | sivi:base_runner.py:347| eval_w2 | Epoch 9410, VI W2 to baseline: 0.1018
2026-03-28 23:00:03 | DEBUG | sivi:base_reverse_runner.py:272| eval_w2 | Epoch 9410, Reverse Model W2: 0.1207
2026-03-28 23:00:03 | DEBUG | sivi:base_runner.py:477| eval_elbo | Epoch 9410, ELBO: 1.2946, Std Total: 9.1168, Std Q: nan, CI Half: 0.7991
2026-03-28 23:00:03 | DEBUG | sivi:base_runner.py:507| eval_ksd | Epoch 9410, VI KSD: 0.0018
2026-03-28 23:00:04 | DEBUG | sivi:base_runner.py:337| eval_kl_ite | Epoch 9420, VI KL to baseline: 0.0106
2026-03-28 23:00:04 | DEBUG | sivi:base_reverse_runner.py:261| eval_kl_ite | Epoch 9420, Reverse Model KL ITE: 0.2544
2026-03-28 23:00:04 | DEBUG | sivi:base_runner.py:347| eval_w2 | Epoch 9420, VI W2 to baseline: 0.1129
2026-03-28 23:00:04 | DEBUG | sivi:base_reverse_runner.py:272| eval_w2 | Epoch 9420, Reverse Model W2: 0.1264
2026-03-28 23:00:04 | DEBUG | sivi:base_runner.py:477| eval_elbo | Epoch 9420, ELBO: 1.3336, Std Total: 9.3032, Std Q: nan, CI Half: 0.8155
2026-03-28 23:00:04 | DEBUG | sivi:base_runner.py:507| eval_ksd | Epoch 9420, VI KSD: 0.0019
2026-03-28 23:00:04 | DEBUG | sivi:base_runner.py:337| eval_kl_ite | Epoch 9430, VI KL to baseline: 0.0283
2026-03-28 23:00:04 | DEBUG | sivi:base_reverse_runner.py:261| eval_kl_ite | Epoch 9430, Reverse Model KL ITE: 0.2488
2026-03-28 23:00:04 | DEBUG | sivi:base_runner.py:347| eval_w2 | Epoch 9430, VI W2 to baseline: 0.1417
2026-03-28 23:00:04 | DEBUG | sivi:base_reverse_runner.py:272| eval_w2 | Epoch 9430, Reverse Model W2: 0.1170
2026-03-28 23:00:04 | DEBUG | sivi:base_runner.py:477| eval_elbo | Epoch 9430, ELBO: 1.3016, Std Total: 10.2566, Std Q: nan, CI Half: 0.8990
2026-03-28 23:00:04 | DEBUG | sivi:base_runner.py:507| eval_ksd | Epoch 9430, VI KSD: -0.0005
2026-03-28 23:00:05 | DEBUG | sivi:base_runner.py:337| eval_kl_ite | Epoch 9440, VI KL to baseline: 0.0201
2026-03-28 23:00:05 | DEBUG | sivi:base_reverse_runner.py:261| eval_kl_ite | Epoch 9440, Reverse Model KL ITE: 0.2393
2026-03-28 23:00:05 | DEBUG | sivi:base_runner.py:347| eval_w2 | Epoch 9440, VI W2 to baseline: 0.0944
2026-03-28 23:00:05 | DEBUG | sivi:base_reverse_runner.py:272| eval_w2 | Epoch 9440, Reverse Model W2: 0.1204
2026-03-28 23:00:05 | DEBUG | sivi:base_runner.py:477| eval_elbo | Epoch 9440, ELBO: 0.7818, Std Total: 6.6010, Std Q: nan, CI Half: 0.5786
2026-03-28 23:00:05 | DEBUG | sivi:base_runner.py:507| eval_ksd | Epoch 9440, VI KSD: -0.0004
2026-03-28 23:00:05 | DEBUG | sivi:base_runner.py:337| eval_kl_ite | Epoch 9450, VI KL to baseline: 0.0376
2026-03-28 23:00:06 | DEBUG | sivi:base_reverse_runner.py:261| eval_kl_ite | Epoch 9450, Reverse Model KL ITE: 0.2711
2026-03-28 23:00:06 | DEBUG | sivi:base_runner.py:347| eval_w2 | Epoch 9450, VI W2 to baseline: 0.1039
2026-03-28 23:00:06 | DEBUG | sivi:base_reverse_runner.py:272| eval_w2 | Epoch 9450, Reverse Model W2: 0.1337
2026-03-28 23:00:06 | DEBUG | sivi:base_runner.py:477| eval_elbo | Epoch 9450, ELBO: 0.8042, Std Total: 8.2535, Std Q: nan, CI Half: 0.7235
2026-03-28 23:00:06 | DEBUG | sivi:base_runner.py:507| eval_ksd | Epoch 9450, VI KSD: -0.0004
2026-03-28 23:00:06 | DEBUG | sivi:base_runner.py:337| eval_kl_ite | Epoch 9460, VI KL to baseline: 0.0236
2026-03-28 23:00:06 | DEBUG | sivi:base_reverse_runner.py:261| eval_kl_ite | Epoch 9460, Reverse Model KL ITE: 0.2415
2026-03-28 23:00:06 | DEBUG | sivi:base_runner.py:347| eval_w2 | Epoch 9460, VI W2 to baseline: 0.1095
2026-03-28 23:00:06 | DEBUG | sivi:base_reverse_runner.py:272| eval_w2 | Epoch 9460, Reverse Model W2: 0.1356
2026-03-28 23:00:06 | DEBUG | sivi:base_runner.py:477| eval_elbo | Epoch 9460, ELBO: 0.8326, Std Total: 6.7651, Std Q: nan, CI Half: 0.5930
2026-03-28 23:00:06 | DEBUG | sivi:base_runner.py:507| eval_ksd | Epoch 9460, VI KSD: 0.0020
2026-03-28 23:00:07 | DEBUG | sivi:base_runner.py:337| eval_kl_ite | Epoch 9470, VI KL to baseline: 0.0164
2026-03-28 23:00:07 | DEBUG | sivi:base_reverse_runner.py:261| eval_kl_ite | Epoch 9470, Reverse Model KL ITE: 0.2548
2026-03-28 23:00:07 | DEBUG | sivi:base_runner.py:347| eval_w2 | Epoch 9470, VI W2 to baseline: 0.1106
2026-03-28 23:00:07 | DEBUG | sivi:base_reverse_runner.py:272| eval_w2 | Epoch 9470, Reverse Model W2: 0.1353
2026-03-28 23:00:07 | DEBUG | sivi:base_runner.py:477| eval_elbo | Epoch 9470, ELBO: 0.6246, Std Total: 5.7205, Std Q: nan, CI Half: 0.5014
2026-03-28 23:00:07 | DEBUG | sivi:base_runner.py:507| eval_ksd | Epoch 9470, VI KSD: 0.0056
2026-03-28 23:00:07 | DEBUG | sivi:base_runner.py:337| eval_kl_ite | Epoch 9480, VI KL to baseline: 0.0176
2026-03-28 23:00:07 | DEBUG | sivi:base_reverse_runner.py:261| eval_kl_ite | Epoch 9480, Reverse Model KL ITE: 0.2504
2026-03-28 23:00:07 | DEBUG | sivi:base_runner.py:347| eval_w2 | Epoch 9480, VI W2 to baseline: 0.1197
2026-03-28 23:00:07 | DEBUG | sivi:base_reverse_runner.py:272| eval_w2 | Epoch 9480, Reverse Model W2: 0.1446
2026-03-28 23:00:07 | DEBUG | sivi:base_runner.py:477| eval_elbo | Epoch 9480, ELBO: 1.1701, Std Total: 7.1004, Std Q: nan, CI Half: 0.6224
2026-03-28 23:00:07 | DEBUG | sivi:base_runner.py:507| eval_ksd | Epoch 9480, VI KSD: 0.0024
2026-03-28 23:00:08 | DEBUG | sivi:base_runner.py:337| eval_kl_ite | Epoch 9490, VI KL to baseline: 0.0233
2026-03-28 23:00:08 | DEBUG | sivi:base_reverse_runner.py:261| eval_kl_ite | Epoch 9490, Reverse Model KL ITE: 0.2625
2026-03-28 23:00:08 | DEBUG | sivi:base_runner.py:347| eval_w2 | Epoch 9490, VI W2 to baseline: 0.0946
2026-03-28 23:00:08 | DEBUG | sivi:base_reverse_runner.py:272| eval_w2 | Epoch 9490, Reverse Model W2: 0.1298
2026-03-28 23:00:08 | DEBUG | sivi:base_runner.py:477| eval_elbo | Epoch 9490, ELBO: 1.0587, Std Total: 8.6107, Std Q: nan, CI Half: 0.7548
2026-03-28 23:00:08 | DEBUG | sivi:base_runner.py:507| eval_ksd | Epoch 9490, VI KSD: 0.0041
2026-03-28 23:00:08 | DEBUG | sivi:base_runner.py:874| learn | Epoch 9500: Avg Loss: -0.0267, Avg Epoch Time: 0.0550s
2026-03-28 23:00:08 | DEBUG | sivi:base_reverse_runner.py:183| _training_rev_log_func | Epoch 9500, Inner epoch 1, Reverse Model Loss: 3.7987, Avg Steps: 1.0000
2026-03-28 23:00:08 | DEBUG | sivi:base_runner.py:588| save_samples | Saved 100000 samples at epoch 9500.
2026-03-28 23:00:08 | DEBUG | sivi:base_runner.py:337| eval_kl_ite | Epoch 9500, VI KL to baseline: 0.0217
2026-03-28 23:00:08 | DEBUG | sivi:base_reverse_runner.py:261| eval_kl_ite | Epoch 9500, Reverse Model KL ITE: 0.2519
2026-03-28 23:00:08 | DEBUG | sivi:base_runner.py:347| eval_w2 | Epoch 9500, VI W2 to baseline: 0.0793
2026-03-28 23:00:08 | DEBUG | sivi:base_reverse_runner.py:272| eval_w2 | Epoch 9500, Reverse Model W2: 0.1183
2026-03-28 23:00:08 | DEBUG | sivi:base_runner.py:477| eval_elbo | Epoch 9500, ELBO: 1.4468, Std Total: 11.8667, Std Q: nan, CI Half: 1.0402
2026-03-28 23:00:08 | DEBUG | sivi:base_runner.py:507| eval_ksd | Epoch 9500, VI KSD: 0.0020
2026-03-28 23:00:08 | DEBUG | sivi:base_runner.py:970| learn | Saved contour plot at epoch 9500.
2026-03-28 23:00:09 | DEBUG | sivi:base_runner.py:337| eval_kl_ite | Epoch 9510, VI KL to baseline: 0.0218
2026-03-28 23:00:09 | DEBUG | sivi:base_reverse_runner.py:261| eval_kl_ite | Epoch 9510, Reverse Model KL ITE: 0.2639
2026-03-28 23:00:09 | DEBUG | sivi:base_runner.py:347| eval_w2 | Epoch 9510, VI W2 to baseline: 0.1055
2026-03-28 23:00:09 | DEBUG | sivi:base_reverse_runner.py:272| eval_w2 | Epoch 9510, Reverse Model W2: 0.1182
2026-03-28 23:00:09 | DEBUG | sivi:base_runner.py:477| eval_elbo | Epoch 9510, ELBO: 0.7909, Std Total: 5.6967, Std Q: nan, CI Half: 0.4993
2026-03-28 23:00:09 | DEBUG | sivi:base_runner.py:507| eval_ksd | Epoch 9510, VI KSD: -0.0000
2026-03-28 23:00:09 | DEBUG | sivi:base_runner.py:337| eval_kl_ite | Epoch 9520, VI KL to baseline: 0.0195
2026-03-28 23:00:09 | DEBUG | sivi:base_reverse_runner.py:261| eval_kl_ite | Epoch 9520, Reverse Model KL ITE: 0.2492
2026-03-28 23:00:09 | DEBUG | sivi:base_runner.py:347| eval_w2 | Epoch 9520, VI W2 to baseline: 0.1022
2026-03-28 23:00:09 | DEBUG | sivi:base_reverse_runner.py:272| eval_w2 | Epoch 9520, Reverse Model W2: 0.1235
2026-03-28 23:00:09 | DEBUG | sivi:base_runner.py:477| eval_elbo | Epoch 9520, ELBO: 1.0357, Std Total: 8.7838, Std Q: nan, CI Half: 0.7699
2026-03-28 23:00:09 | DEBUG | sivi:base_runner.py:507| eval_ksd | Epoch 9520, VI KSD: 0.0023
2026-03-28 23:00:10 | DEBUG | sivi:base_runner.py:337| eval_kl_ite | Epoch 9530, VI KL to baseline: -0.0030
2026-03-28 23:00:10 | DEBUG | sivi:base_reverse_runner.py:261| eval_kl_ite | Epoch 9530, Reverse Model KL ITE: 0.2904
2026-03-28 23:00:10 | DEBUG | sivi:base_runner.py:347| eval_w2 | Epoch 9530, VI W2 to baseline: 0.1037
2026-03-28 23:00:10 | DEBUG | sivi:base_reverse_runner.py:272| eval_w2 | Epoch 9530, Reverse Model W2: 0.1298
2026-03-28 23:00:10 | DEBUG | sivi:base_runner.py:477| eval_elbo | Epoch 9530, ELBO: 0.8988, Std Total: 6.5975, Std Q: nan, CI Half: 0.5783
2026-03-28 23:00:10 | DEBUG | sivi:base_runner.py:507| eval_ksd | Epoch 9530, VI KSD: 0.0012
2026-03-28 23:00:10 | DEBUG | sivi:base_runner.py:337| eval_kl_ite | Epoch 9540, VI KL to baseline: 0.0225
2026-03-28 23:00:10 | DEBUG | sivi:base_reverse_runner.py:261| eval_kl_ite | Epoch 9540, Reverse Model KL ITE: 0.2718
2026-03-28 23:00:10 | DEBUG | sivi:base_runner.py:347| eval_w2 | Epoch 9540, VI W2 to baseline: 0.0883
2026-03-28 23:00:10 | DEBUG | sivi:base_reverse_runner.py:272| eval_w2 | Epoch 9540, Reverse Model W2: 0.1170
2026-03-28 23:00:10 | DEBUG | sivi:base_runner.py:477| eval_elbo | Epoch 9540, ELBO: 0.7724, Std Total: 6.2420, Std Q: nan, CI Half: 0.5471
2026-03-28 23:00:10 | DEBUG | sivi:base_runner.py:507| eval_ksd | Epoch 9540, VI KSD: 0.0025
2026-03-28 23:00:11 | DEBUG | sivi:base_runner.py:337| eval_kl_ite | Epoch 9550, VI KL to baseline: 0.0165
2026-03-28 23:00:11 | DEBUG | sivi:base_reverse_runner.py:261| eval_kl_ite | Epoch 9550, Reverse Model KL ITE: 0.2841
2026-03-28 23:00:11 | DEBUG | sivi:base_runner.py:347| eval_w2 | Epoch 9550, VI W2 to baseline: 0.0939
2026-03-28 23:00:11 | DEBUG | sivi:base_reverse_runner.py:272| eval_w2 | Epoch 9550, Reverse Model W2: 0.1235
2026-03-28 23:00:11 | DEBUG | sivi:base_runner.py:477| eval_elbo | Epoch 9550, ELBO: 1.0205, Std Total: 7.8925, Std Q: nan, CI Half: 0.6918
2026-03-28 23:00:11 | DEBUG | sivi:base_runner.py:507| eval_ksd | Epoch 9550, VI KSD: 0.0012
2026-03-28 23:00:11 | DEBUG | sivi:base_runner.py:337| eval_kl_ite | Epoch 9560, VI KL to baseline: 0.0147
2026-03-28 23:00:11 | DEBUG | sivi:base_reverse_runner.py:261| eval_kl_ite | Epoch 9560, Reverse Model KL ITE: 0.2792
2026-03-28 23:00:11 | DEBUG | sivi:base_runner.py:347| eval_w2 | Epoch 9560, VI W2 to baseline: 0.1035
2026-03-28 23:00:11 | DEBUG | sivi:base_reverse_runner.py:272| eval_w2 | Epoch 9560, Reverse Model W2: 0.1315
2026-03-28 23:00:11 | DEBUG | sivi:base_runner.py:477| eval_elbo | Epoch 9560, ELBO: 1.1093, Std Total: 7.8676, Std Q: nan, CI Half: 0.6896
2026-03-28 23:00:11 | DEBUG | sivi:base_runner.py:507| eval_ksd | Epoch 9560, VI KSD: 0.0008
2026-03-28 23:00:11 | DEBUG | sivi:base_runner.py:337| eval_kl_ite | Epoch 9570, VI KL to baseline: 0.0173
2026-03-28 23:00:11 | DEBUG | sivi:base_reverse_runner.py:261| eval_kl_ite | Epoch 9570, Reverse Model KL ITE: 0.2802
2026-03-28 23:00:12 | DEBUG | sivi:base_runner.py:347| eval_w2 | Epoch 9570, VI W2 to baseline: 0.0978
2026-03-28 23:00:12 | DEBUG | sivi:base_reverse_runner.py:272| eval_w2 | Epoch 9570, Reverse Model W2: 0.1189
2026-03-28 23:00:12 | DEBUG | sivi:base_runner.py:477| eval_elbo | Epoch 9570, ELBO: 0.8111, Std Total: 6.9388, Std Q: nan, CI Half: 0.6082
2026-03-28 23:00:12 | DEBUG | sivi:base_runner.py:507| eval_ksd | Epoch 9570, VI KSD: 0.0021
2026-03-28 23:00:12 | DEBUG | sivi:base_runner.py:337| eval_kl_ite | Epoch 9580, VI KL to baseline: 0.0160
2026-03-28 23:00:12 | DEBUG | sivi:base_reverse_runner.py:261| eval_kl_ite | Epoch 9580, Reverse Model KL ITE: 0.2657
2026-03-28 23:00:12 | DEBUG | sivi:base_runner.py:347| eval_w2 | Epoch 9580, VI W2 to baseline: 0.1158
2026-03-28 23:00:12 | DEBUG | sivi:base_reverse_runner.py:272| eval_w2 | Epoch 9580, Reverse Model W2: 0.1267
2026-03-28 23:00:12 | DEBUG | sivi:base_runner.py:477| eval_elbo | Epoch 9580, ELBO: 1.9035, Std Total: 12.2224, Std Q: nan, CI Half: 1.0713
2026-03-28 23:00:12 | DEBUG | sivi:base_runner.py:507| eval_ksd | Epoch 9580, VI KSD: 0.0030
2026-03-28 23:00:12 | DEBUG | sivi:base_runner.py:337| eval_kl_ite | Epoch 9590, VI KL to baseline: 0.0159
2026-03-28 23:00:12 | DEBUG | sivi:base_reverse_runner.py:261| eval_kl_ite | Epoch 9590, Reverse Model KL ITE: 0.2803
2026-03-28 23:00:12 | DEBUG | sivi:base_runner.py:347| eval_w2 | Epoch 9590, VI W2 to baseline: 0.1093
2026-03-28 23:00:12 | DEBUG | sivi:base_reverse_runner.py:272| eval_w2 | Epoch 9590, Reverse Model W2: 0.1222
2026-03-28 23:00:12 | DEBUG | sivi:base_runner.py:477| eval_elbo | Epoch 9590, ELBO: 0.5987, Std Total: 5.9372, Std Q: nan, CI Half: 0.5204
2026-03-28 23:00:12 | DEBUG | sivi:base_runner.py:507| eval_ksd | Epoch 9590, VI KSD: 0.0021
2026-03-28 23:00:13 | DEBUG | sivi:base_runner.py:874| learn | Epoch 9600: Avg Loss: 0.4600, Avg Epoch Time: 0.0481s
2026-03-28 23:00:13 | DEBUG | sivi:base_runner.py:337| eval_kl_ite | Epoch 9600, VI KL to baseline: 0.0226
2026-03-28 23:00:13 | DEBUG | sivi:base_reverse_runner.py:261| eval_kl_ite | Epoch 9600, Reverse Model KL ITE: 0.2721
2026-03-28 23:00:13 | DEBUG | sivi:base_runner.py:347| eval_w2 | Epoch 9600, VI W2 to baseline: 0.1048
2026-03-28 23:00:13 | DEBUG | sivi:base_reverse_runner.py:272| eval_w2 | Epoch 9600, Reverse Model W2: 0.1269
2026-03-28 23:00:13 | DEBUG | sivi:base_runner.py:477| eval_elbo | Epoch 9600, ELBO: 0.8189, Std Total: 6.9216, Std Q: nan, CI Half: 0.6067
2026-03-28 23:00:13 | DEBUG | sivi:base_runner.py:507| eval_ksd | Epoch 9600, VI KSD: 0.0012
2026-03-28 23:00:13 | DEBUG | sivi:base_runner.py:337| eval_kl_ite | Epoch 9610, VI KL to baseline: 0.0214
2026-03-28 23:00:13 | DEBUG | sivi:base_reverse_runner.py:261| eval_kl_ite | Epoch 9610, Reverse Model KL ITE: 0.2560
2026-03-28 23:00:13 | DEBUG | sivi:base_runner.py:347| eval_w2 | Epoch 9610, VI W2 to baseline: 0.1029
2026-03-28 23:00:13 | DEBUG | sivi:base_reverse_runner.py:272| eval_w2 | Epoch 9610, Reverse Model W2: 0.1102
2026-03-28 23:00:13 | DEBUG | sivi:base_runner.py:477| eval_elbo | Epoch 9610, ELBO: 0.7265, Std Total: 7.3626, Std Q: nan, CI Half: 0.6454
2026-03-28 23:00:13 | DEBUG | sivi:base_runner.py:507| eval_ksd | Epoch 9610, VI KSD: 0.0005
2026-03-28 23:00:14 | DEBUG | sivi:base_runner.py:337| eval_kl_ite | Epoch 9620, VI KL to baseline: 0.0081
2026-03-28 23:00:14 | DEBUG | sivi:base_reverse_runner.py:261| eval_kl_ite | Epoch 9620, Reverse Model KL ITE: 0.2604
2026-03-28 23:00:14 | DEBUG | sivi:base_runner.py:347| eval_w2 | Epoch 9620, VI W2 to baseline: 0.0904
2026-03-28 23:00:14 | DEBUG | sivi:base_reverse_runner.py:272| eval_w2 | Epoch 9620, Reverse Model W2: 0.1163
2026-03-28 23:00:14 | DEBUG | sivi:base_runner.py:477| eval_elbo | Epoch 9620, ELBO: 0.7343, Std Total: 6.8702, Std Q: nan, CI Half: 0.6022
2026-03-28 23:00:14 | DEBUG | sivi:base_runner.py:507| eval_ksd | Epoch 9620, VI KSD: 0.0031
2026-03-28 23:00:14 | DEBUG | sivi:base_runner.py:337| eval_kl_ite | Epoch 9630, VI KL to baseline: 0.0241
2026-03-28 23:00:14 | DEBUG | sivi:base_reverse_runner.py:261| eval_kl_ite | Epoch 9630, Reverse Model KL ITE: 0.2629
2026-03-28 23:00:14 | DEBUG | sivi:base_runner.py:347| eval_w2 | Epoch 9630, VI W2 to baseline: 0.0995
2026-03-28 23:00:14 | DEBUG | sivi:base_reverse_runner.py:272| eval_w2 | Epoch 9630, Reverse Model W2: 0.1354
2026-03-28 23:00:14 | DEBUG | sivi:base_runner.py:477| eval_elbo | Epoch 9630, ELBO: 1.1973, Std Total: 8.0241, Std Q: nan, CI Half: 0.7033
2026-03-28 23:00:14 | DEBUG | sivi:base_runner.py:507| eval_ksd | Epoch 9630, VI KSD: 0.0016
2026-03-28 23:00:15 | DEBUG | sivi:base_runner.py:337| eval_kl_ite | Epoch 9640, VI KL to baseline: 0.0099
2026-03-28 23:00:15 | DEBUG | sivi:base_reverse_runner.py:261| eval_kl_ite | Epoch 9640, Reverse Model KL ITE: 0.2811
2026-03-28 23:00:15 | DEBUG | sivi:base_runner.py:347| eval_w2 | Epoch 9640, VI W2 to baseline: 0.1201
2026-03-28 23:00:15 | DEBUG | sivi:base_reverse_runner.py:272| eval_w2 | Epoch 9640, Reverse Model W2: 0.1273
2026-03-28 23:00:15 | DEBUG | sivi:base_runner.py:477| eval_elbo | Epoch 9640, ELBO: 0.9702, Std Total: 8.1306, Std Q: nan, CI Half: 0.7127
2026-03-28 23:00:15 | DEBUG | sivi:base_runner.py:507| eval_ksd | Epoch 9640, VI KSD: 0.0010
2026-03-28 23:00:15 | DEBUG | sivi:base_runner.py:337| eval_kl_ite | Epoch 9650, VI KL to baseline: 0.0120
2026-03-28 23:00:15 | DEBUG | sivi:base_reverse_runner.py:261| eval_kl_ite | Epoch 9650, Reverse Model KL ITE: 0.2726
2026-03-28 23:00:15 | DEBUG | sivi:base_runner.py:347| eval_w2 | Epoch 9650, VI W2 to baseline: 0.0943
2026-03-28 23:00:15 | DEBUG | sivi:base_reverse_runner.py:272| eval_w2 | Epoch 9650, Reverse Model W2: 0.1310
2026-03-28 23:00:15 | DEBUG | sivi:base_runner.py:477| eval_elbo | Epoch 9650, ELBO: 0.8221, Std Total: 6.2934, Std Q: nan, CI Half: 0.5516
2026-03-28 23:00:15 | DEBUG | sivi:base_runner.py:507| eval_ksd | Epoch 9650, VI KSD: 0.0026
2026-03-28 23:00:16 | DEBUG | sivi:base_runner.py:337| eval_kl_ite | Epoch 9660, VI KL to baseline: 0.0127
2026-03-28 23:00:16 | DEBUG | sivi:base_reverse_runner.py:261| eval_kl_ite | Epoch 9660, Reverse Model KL ITE: 0.2711
2026-03-28 23:00:16 | DEBUG | sivi:base_runner.py:347| eval_w2 | Epoch 9660, VI W2 to baseline: 0.0811
2026-03-28 23:00:16 | DEBUG | sivi:base_reverse_runner.py:272| eval_w2 | Epoch 9660, Reverse Model W2: 0.1312
2026-03-28 23:00:16 | DEBUG | sivi:base_runner.py:477| eval_elbo | Epoch 9660, ELBO: 1.3084, Std Total: 8.7989, Std Q: nan, CI Half: 0.7713
2026-03-28 23:00:16 | DEBUG | sivi:base_runner.py:507| eval_ksd | Epoch 9660, VI KSD: -0.0005
2026-03-28 23:00:16 | DEBUG | sivi:base_runner.py:337| eval_kl_ite | Epoch 9670, VI KL to baseline: 0.0234
2026-03-28 23:00:16 | DEBUG | sivi:base_reverse_runner.py:261| eval_kl_ite | Epoch 9670, Reverse Model KL ITE: 0.2514
2026-03-28 23:00:16 | DEBUG | sivi:base_runner.py:347| eval_w2 | Epoch 9670, VI W2 to baseline: 0.0986
2026-03-28 23:00:16 | DEBUG | sivi:base_reverse_runner.py:272| eval_w2 | Epoch 9670, Reverse Model W2: 0.1275
2026-03-28 23:00:16 | DEBUG | sivi:base_runner.py:477| eval_elbo | Epoch 9670, ELBO: 1.4042, Std Total: 9.8625, Std Q: nan, CI Half: 0.8645
2026-03-28 23:00:16 | DEBUG | sivi:base_runner.py:507| eval_ksd | Epoch 9670, VI KSD: 0.0012
2026-03-28 23:00:17 | DEBUG | sivi:base_runner.py:337| eval_kl_ite | Epoch 9680, VI KL to baseline: 0.0195
2026-03-28 23:00:17 | DEBUG | sivi:base_reverse_runner.py:261| eval_kl_ite | Epoch 9680, Reverse Model KL ITE: 0.2816
2026-03-28 23:00:17 | DEBUG | sivi:base_runner.py:347| eval_w2 | Epoch 9680, VI W2 to baseline: 0.0965
2026-03-28 23:00:17 | DEBUG | sivi:base_reverse_runner.py:272| eval_w2 | Epoch 9680, Reverse Model W2: 0.1048
2026-03-28 23:00:17 | DEBUG | sivi:base_runner.py:477| eval_elbo | Epoch 9680, ELBO: 0.5553, Std Total: 4.3057, Std Q: nan, CI Half: 0.3774
2026-03-28 23:00:17 | DEBUG | sivi:base_runner.py:507| eval_ksd | Epoch 9680, VI KSD: 0.0017
2026-03-28 23:00:17 | DEBUG | sivi:base_runner.py:337| eval_kl_ite | Epoch 9690, VI KL to baseline: 0.0256
2026-03-28 23:00:17 | DEBUG | sivi:base_reverse_runner.py:261| eval_kl_ite | Epoch 9690, Reverse Model KL ITE: 0.3102
2026-03-28 23:00:18 | DEBUG | sivi:base_runner.py:347| eval_w2 | Epoch 9690, VI W2 to baseline: 0.0950
2026-03-28 23:00:18 | DEBUG | sivi:base_reverse_runner.py:272| eval_w2 | Epoch 9690, Reverse Model W2: 0.1257
2026-03-28 23:00:18 | DEBUG | sivi:base_runner.py:477| eval_elbo | Epoch 9690, ELBO: 1.3330, Std Total: 12.0844, Std Q: nan, CI Half: 1.0592
2026-03-28 23:00:18 | DEBUG | sivi:base_runner.py:507| eval_ksd | Epoch 9690, VI KSD: 0.0005
2026-03-28 23:00:18 | DEBUG | sivi:base_runner.py:874| learn | Epoch 9700: Avg Loss: 0.3149, Avg Epoch Time: 0.0514s
2026-03-28 23:00:18 | DEBUG | sivi:base_runner.py:337| eval_kl_ite | Epoch 9700, VI KL to baseline: 0.0094
2026-03-28 23:00:18 | DEBUG | sivi:base_reverse_runner.py:261| eval_kl_ite | Epoch 9700, Reverse Model KL ITE: 0.2832
2026-03-28 23:00:18 | DEBUG | sivi:base_runner.py:347| eval_w2 | Epoch 9700, VI W2 to baseline: 0.1035
2026-03-28 23:00:18 | DEBUG | sivi:base_reverse_runner.py:272| eval_w2 | Epoch 9700, Reverse Model W2: 0.1216
2026-03-28 23:00:18 | DEBUG | sivi:base_runner.py:477| eval_elbo | Epoch 9700, ELBO: 1.2023, Std Total: 7.9761, Std Q: nan, CI Half: 0.6991
2026-03-28 23:00:18 | DEBUG | sivi:base_runner.py:507| eval_ksd | Epoch 9700, VI KSD: 0.0002
2026-03-28 23:00:19 | DEBUG | sivi:base_runner.py:337| eval_kl_ite | Epoch 9710, VI KL to baseline: 0.0276
2026-03-28 23:00:19 | DEBUG | sivi:base_reverse_runner.py:261| eval_kl_ite | Epoch 9710, Reverse Model KL ITE: 0.2612
2026-03-28 23:00:19 | DEBUG | sivi:base_runner.py:347| eval_w2 | Epoch 9710, VI W2 to baseline: 0.1003
2026-03-28 23:00:19 | DEBUG | sivi:base_reverse_runner.py:272| eval_w2 | Epoch 9710, Reverse Model W2: 0.1322
2026-03-28 23:00:19 | DEBUG | sivi:base_runner.py:477| eval_elbo | Epoch 9710, ELBO: 0.5606, Std Total: 4.6359, Std Q: nan, CI Half: 0.4064
2026-03-28 23:00:19 | DEBUG | sivi:base_runner.py:507| eval_ksd | Epoch 9710, VI KSD: 0.0022
2026-03-28 23:00:19 | DEBUG | sivi:base_runner.py:337| eval_kl_ite | Epoch 9720, VI KL to baseline: 0.0146
2026-03-28 23:00:19 | DEBUG | sivi:base_reverse_runner.py:261| eval_kl_ite | Epoch 9720, Reverse Model KL ITE: 0.2966
2026-03-28 23:00:19 | DEBUG | sivi:base_runner.py:347| eval_w2 | Epoch 9720, VI W2 to baseline: 0.0912
2026-03-28 23:00:19 | DEBUG | sivi:base_reverse_runner.py:272| eval_w2 | Epoch 9720, Reverse Model W2: 0.1067
2026-03-28 23:00:19 | DEBUG | sivi:base_runner.py:477| eval_elbo | Epoch 9720, ELBO: 0.7321, Std Total: 6.3604, Std Q: nan, CI Half: 0.5575
2026-03-28 23:00:19 | DEBUG | sivi:base_runner.py:507| eval_ksd | Epoch 9720, VI KSD: 0.0021
2026-03-28 23:00:20 | DEBUG | sivi:base_runner.py:337| eval_kl_ite | Epoch 9730, VI KL to baseline: 0.0194
2026-03-28 23:00:20 | DEBUG | sivi:base_reverse_runner.py:261| eval_kl_ite | Epoch 9730, Reverse Model KL ITE: 0.2936
2026-03-28 23:00:20 | DEBUG | sivi:base_runner.py:347| eval_w2 | Epoch 9730, VI W2 to baseline: 0.0913
2026-03-28 23:00:20 | DEBUG | sivi:base_reverse_runner.py:272| eval_w2 | Epoch 9730, Reverse Model W2: 0.1262
2026-03-28 23:00:20 | DEBUG | sivi:base_runner.py:477| eval_elbo | Epoch 9730, ELBO: 1.8857, Std Total: 14.9819, Std Q: nan, CI Half: 1.3132
2026-03-28 23:00:20 | DEBUG | sivi:base_runner.py:507| eval_ksd | Epoch 9730, VI KSD: 0.0021
2026-03-28 23:00:20 | DEBUG | sivi:base_runner.py:337| eval_kl_ite | Epoch 9740, VI KL to baseline: 0.0254
2026-03-28 23:00:20 | DEBUG | sivi:base_reverse_runner.py:261| eval_kl_ite | Epoch 9740, Reverse Model KL ITE: 0.2896
2026-03-28 23:00:20 | DEBUG | sivi:base_runner.py:347| eval_w2 | Epoch 9740, VI W2 to baseline: 0.0871
2026-03-28 23:00:20 | DEBUG | sivi:base_reverse_runner.py:272| eval_w2 | Epoch 9740, Reverse Model W2: 0.1289
2026-03-28 23:00:20 | DEBUG | sivi:base_runner.py:477| eval_elbo | Epoch 9740, ELBO: 0.5853, Std Total: 5.3263, Std Q: nan, CI Half: 0.4669
2026-03-28 23:00:20 | DEBUG | sivi:base_runner.py:507| eval_ksd | Epoch 9740, VI KSD: 0.0025
2026-03-28 23:00:21 | DEBUG | sivi:base_runner.py:337| eval_kl_ite | Epoch 9750, VI KL to baseline: 0.0118
2026-03-28 23:00:21 | DEBUG | sivi:base_reverse_runner.py:261| eval_kl_ite | Epoch 9750, Reverse Model KL ITE: 0.2902
2026-03-28 23:00:21 | DEBUG | sivi:base_runner.py:347| eval_w2 | Epoch 9750, VI W2 to baseline: 0.0812
2026-03-28 23:00:21 | DEBUG | sivi:base_reverse_runner.py:272| eval_w2 | Epoch 9750, Reverse Model W2: 0.1235
2026-03-28 23:00:21 | DEBUG | sivi:base_runner.py:477| eval_elbo | Epoch 9750, ELBO: 1.1509, Std Total: 7.9633, Std Q: nan, CI Half: 0.6980
2026-03-28 23:00:21 | DEBUG | sivi:base_runner.py:507| eval_ksd | Epoch 9750, VI KSD: 0.0031
2026-03-28 23:00:21 | DEBUG | sivi:base_runner.py:337| eval_kl_ite | Epoch 9760, VI KL to baseline: -0.0006
2026-03-28 23:00:21 | DEBUG | sivi:base_reverse_runner.py:261| eval_kl_ite | Epoch 9760, Reverse Model KL ITE: 0.2852
2026-03-28 23:00:21 | DEBUG | sivi:base_runner.py:347| eval_w2 | Epoch 9760, VI W2 to baseline: 0.0915
2026-03-28 23:00:21 | DEBUG | sivi:base_reverse_runner.py:272| eval_w2 | Epoch 9760, Reverse Model W2: 0.1248
2026-03-28 23:00:21 | DEBUG | sivi:base_runner.py:477| eval_elbo | Epoch 9760, ELBO: 1.0898, Std Total: 8.1936, Std Q: nan, CI Half: 0.7182
2026-03-28 23:00:21 | DEBUG | sivi:base_runner.py:507| eval_ksd | Epoch 9760, VI KSD: 0.0045
2026-03-28 23:00:22 | DEBUG | sivi:base_runner.py:337| eval_kl_ite | Epoch 9770, VI KL to baseline: 0.0236
2026-03-28 23:00:22 | DEBUG | sivi:base_reverse_runner.py:261| eval_kl_ite | Epoch 9770, Reverse Model KL ITE: 0.2702
2026-03-28 23:00:22 | DEBUG | sivi:base_runner.py:347| eval_w2 | Epoch 9770, VI W2 to baseline: 0.1001
2026-03-28 23:00:22 | DEBUG | sivi:base_reverse_runner.py:272| eval_w2 | Epoch 9770, Reverse Model W2: 0.1131
2026-03-28 23:00:22 | DEBUG | sivi:base_runner.py:477| eval_elbo | Epoch 9770, ELBO: 1.0411, Std Total: 9.0503, Std Q: nan, CI Half: 0.7933
2026-03-28 23:00:22 | DEBUG | sivi:base_runner.py:507| eval_ksd | Epoch 9770, VI KSD: 0.0028
2026-03-28 23:00:23 | DEBUG | sivi:base_runner.py:337| eval_kl_ite | Epoch 9780, VI KL to baseline: -0.0027
2026-03-28 23:00:23 | DEBUG | sivi:base_reverse_runner.py:261| eval_kl_ite | Epoch 9780, Reverse Model KL ITE: 0.2751
2026-03-28 23:00:23 | DEBUG | sivi:base_runner.py:347| eval_w2 | Epoch 9780, VI W2 to baseline: 0.0892
2026-03-28 23:00:23 | DEBUG | sivi:base_reverse_runner.py:272| eval_w2 | Epoch 9780, Reverse Model W2: 0.1410
2026-03-28 23:00:23 | DEBUG | sivi:base_runner.py:477| eval_elbo | Epoch 9780, ELBO: 0.5154, Std Total: 4.9166, Std Q: nan, CI Half: 0.4310
2026-03-28 23:00:23 | DEBUG | sivi:base_runner.py:507| eval_ksd | Epoch 9780, VI KSD: 0.0020
2026-03-28 23:00:23 | DEBUG | sivi:base_runner.py:337| eval_kl_ite | Epoch 9790, VI KL to baseline: 0.0127
2026-03-28 23:00:23 | DEBUG | sivi:base_reverse_runner.py:261| eval_kl_ite | Epoch 9790, Reverse Model KL ITE: 0.2776
2026-03-28 23:00:23 | DEBUG | sivi:base_runner.py:347| eval_w2 | Epoch 9790, VI W2 to baseline: 0.0942
2026-03-28 23:00:23 | DEBUG | sivi:base_reverse_runner.py:272| eval_w2 | Epoch 9790, Reverse Model W2: 0.1124
2026-03-28 23:00:23 | DEBUG | sivi:base_runner.py:477| eval_elbo | Epoch 9790, ELBO: 0.8153, Std Total: 6.4894, Std Q: nan, CI Half: 0.5688
2026-03-28 23:00:23 | DEBUG | sivi:base_runner.py:507| eval_ksd | Epoch 9790, VI KSD: 0.0009
2026-03-28 23:00:24 | DEBUG | sivi:base_runner.py:874| learn | Epoch 9800: Avg Loss: 0.0700, Avg Epoch Time: 0.0578s
2026-03-28 23:00:24 | DEBUG | sivi:base_runner.py:337| eval_kl_ite | Epoch 9800, VI KL to baseline: 0.0197
2026-03-28 23:00:24 | DEBUG | sivi:base_reverse_runner.py:261| eval_kl_ite | Epoch 9800, Reverse Model KL ITE: 0.2552
2026-03-28 23:00:24 | DEBUG | sivi:base_runner.py:347| eval_w2 | Epoch 9800, VI W2 to baseline: 0.1017
2026-03-28 23:00:24 | DEBUG | sivi:base_reverse_runner.py:272| eval_w2 | Epoch 9800, Reverse Model W2: 0.1236
2026-03-28 23:00:24 | DEBUG | sivi:base_runner.py:477| eval_elbo | Epoch 9800, ELBO: 1.1672, Std Total: 8.8613, Std Q: nan, CI Half: 0.7767
2026-03-28 23:00:24 | DEBUG | sivi:base_runner.py:507| eval_ksd | Epoch 9800, VI KSD: 0.0016
2026-03-28 23:00:24 | DEBUG | sivi:base_runner.py:337| eval_kl_ite | Epoch 9810, VI KL to baseline: 0.0163
2026-03-28 23:00:24 | DEBUG | sivi:base_reverse_runner.py:261| eval_kl_ite | Epoch 9810, Reverse Model KL ITE: 0.2726
2026-03-28 23:00:24 | DEBUG | sivi:base_runner.py:347| eval_w2 | Epoch 9810, VI W2 to baseline: 0.1091
2026-03-28 23:00:24 | DEBUG | sivi:base_reverse_runner.py:272| eval_w2 | Epoch 9810, Reverse Model W2: 0.1248
2026-03-28 23:00:24 | DEBUG | sivi:base_runner.py:477| eval_elbo | Epoch 9810, ELBO: 0.7502, Std Total: 6.2606, Std Q: nan, CI Half: 0.5488
2026-03-28 23:00:24 | DEBUG | sivi:base_runner.py:507| eval_ksd | Epoch 9810, VI KSD: 0.0021
2026-03-28 23:00:25 | DEBUG | sivi:base_runner.py:337| eval_kl_ite | Epoch 9820, VI KL to baseline: 0.0126
2026-03-28 23:00:25 | DEBUG | sivi:base_reverse_runner.py:261| eval_kl_ite | Epoch 9820, Reverse Model KL ITE: 0.2974
2026-03-28 23:00:25 | DEBUG | sivi:base_runner.py:347| eval_w2 | Epoch 9820, VI W2 to baseline: 0.1117
2026-03-28 23:00:25 | DEBUG | sivi:base_reverse_runner.py:272| eval_w2 | Epoch 9820, Reverse Model W2: 0.1117
2026-03-28 23:00:25 | DEBUG | sivi:base_runner.py:477| eval_elbo | Epoch 9820, ELBO: 1.3222, Std Total: 10.0803, Std Q: nan, CI Half: 0.8836
2026-03-28 23:00:25 | DEBUG | sivi:base_runner.py:507| eval_ksd | Epoch 9820, VI KSD: 0.0013
2026-03-28 23:00:25 | DEBUG | sivi:base_runner.py:337| eval_kl_ite | Epoch 9830, VI KL to baseline: 0.0135
2026-03-28 23:00:25 | DEBUG | sivi:base_reverse_runner.py:261| eval_kl_ite | Epoch 9830, Reverse Model KL ITE: 0.2648
2026-03-28 23:00:25 | DEBUG | sivi:base_runner.py:347| eval_w2 | Epoch 9830, VI W2 to baseline: 0.0994
2026-03-28 23:00:25 | DEBUG | sivi:base_reverse_runner.py:272| eval_w2 | Epoch 9830, Reverse Model W2: 0.1208
2026-03-28 23:00:25 | DEBUG | sivi:base_runner.py:477| eval_elbo | Epoch 9830, ELBO: 0.9468, Std Total: 5.9866, Std Q: nan, CI Half: 0.5248
2026-03-28 23:00:25 | DEBUG | sivi:base_runner.py:507| eval_ksd | Epoch 9830, VI KSD: 0.0020
2026-03-28 23:00:26 | DEBUG | sivi:base_runner.py:337| eval_kl_ite | Epoch 9840, VI KL to baseline: 0.0273
2026-03-28 23:00:26 | DEBUG | sivi:base_reverse_runner.py:261| eval_kl_ite | Epoch 9840, Reverse Model KL ITE: 0.2804
2026-03-28 23:00:26 | DEBUG | sivi:base_runner.py:347| eval_w2 | Epoch 9840, VI W2 to baseline: 0.0940
2026-03-28 23:00:26 | DEBUG | sivi:base_reverse_runner.py:272| eval_w2 | Epoch 9840, Reverse Model W2: 0.1754
2026-03-28 23:00:26 | DEBUG | sivi:base_runner.py:477| eval_elbo | Epoch 9840, ELBO: 0.9786, Std Total: 7.4626, Std Q: nan, CI Half: 0.6541
2026-03-28 23:00:26 | DEBUG | sivi:base_runner.py:507| eval_ksd | Epoch 9840, VI KSD: 0.0020
2026-03-28 23:00:26 | DEBUG | sivi:base_runner.py:337| eval_kl_ite | Epoch 9850, VI KL to baseline: 0.0073
2026-03-28 23:00:26 | DEBUG | sivi:base_reverse_runner.py:261| eval_kl_ite | Epoch 9850, Reverse Model KL ITE: 0.2619
2026-03-28 23:00:26 | DEBUG | sivi:base_runner.py:347| eval_w2 | Epoch 9850, VI W2 to baseline: 0.0925
2026-03-28 23:00:26 | DEBUG | sivi:base_reverse_runner.py:272| eval_w2 | Epoch 9850, Reverse Model W2: 0.1067
2026-03-28 23:00:26 | DEBUG | sivi:base_runner.py:477| eval_elbo | Epoch 9850, ELBO: 0.4374, Std Total: 4.8838, Std Q: nan, CI Half: 0.4281
2026-03-28 23:00:26 | DEBUG | sivi:base_runner.py:507| eval_ksd | Epoch 9850, VI KSD: 0.0049
2026-03-28 23:00:27 | DEBUG | sivi:base_runner.py:337| eval_kl_ite | Epoch 9860, VI KL to baseline: 0.0230
2026-03-28 23:00:27 | DEBUG | sivi:base_reverse_runner.py:261| eval_kl_ite | Epoch 9860, Reverse Model KL ITE: 0.3112
2026-03-28 23:00:27 | DEBUG | sivi:base_runner.py:347| eval_w2 | Epoch 9860, VI W2 to baseline: 0.1071
2026-03-28 23:00:27 | DEBUG | sivi:base_reverse_runner.py:272| eval_w2 | Epoch 9860, Reverse Model W2: 0.1418
2026-03-28 23:00:27 | DEBUG | sivi:base_runner.py:477| eval_elbo | Epoch 9860, ELBO: 1.4155, Std Total: 10.0895, Std Q: nan, CI Half: 0.8844
2026-03-28 23:00:27 | DEBUG | sivi:base_runner.py:507| eval_ksd | Epoch 9860, VI KSD: 0.0008
2026-03-28 23:00:27 | DEBUG | sivi:base_runner.py:337| eval_kl_ite | Epoch 9870, VI KL to baseline: 0.0247
2026-03-28 23:00:27 | DEBUG | sivi:base_reverse_runner.py:261| eval_kl_ite | Epoch 9870, Reverse Model KL ITE: 0.2774
2026-03-28 23:00:27 | DEBUG | sivi:base_runner.py:347| eval_w2 | Epoch 9870, VI W2 to baseline: 0.0939
2026-03-28 23:00:27 | DEBUG | sivi:base_reverse_runner.py:272| eval_w2 | Epoch 9870, Reverse Model W2: 0.1074
2026-03-28 23:00:27 | DEBUG | sivi:base_runner.py:477| eval_elbo | Epoch 9870, ELBO: 1.2402, Std Total: 9.8528, Std Q: nan, CI Half: 0.8636
2026-03-28 23:00:27 | DEBUG | sivi:base_runner.py:507| eval_ksd | Epoch 9870, VI KSD: 0.0015
2026-03-28 23:00:28 | DEBUG | sivi:base_runner.py:337| eval_kl_ite | Epoch 9880, VI KL to baseline: 0.0087
2026-03-28 23:00:28 | DEBUG | sivi:base_reverse_runner.py:261| eval_kl_ite | Epoch 9880, Reverse Model KL ITE: 0.2979
2026-03-28 23:00:28 | DEBUG | sivi:base_runner.py:347| eval_w2 | Epoch 9880, VI W2 to baseline: 0.1069
2026-03-28 23:00:28 | DEBUG | sivi:base_reverse_runner.py:272| eval_w2 | Epoch 9880, Reverse Model W2: 0.1219
2026-03-28 23:00:28 | DEBUG | sivi:base_runner.py:477| eval_elbo | Epoch 9880, ELBO: 0.6104, Std Total: 5.8953, Std Q: nan, CI Half: 0.5167
2026-03-28 23:00:28 | DEBUG | sivi:base_runner.py:507| eval_ksd | Epoch 9880, VI KSD: 0.0026
2026-03-28 23:00:28 | DEBUG | sivi:base_runner.py:337| eval_kl_ite | Epoch 9890, VI KL to baseline: 0.0236
2026-03-28 23:00:28 | DEBUG | sivi:base_reverse_runner.py:261| eval_kl_ite | Epoch 9890, Reverse Model KL ITE: 0.2863
2026-03-28 23:00:28 | DEBUG | sivi:base_runner.py:347| eval_w2 | Epoch 9890, VI W2 to baseline: 0.1009
2026-03-28 23:00:28 | DEBUG | sivi:base_reverse_runner.py:272| eval_w2 | Epoch 9890, Reverse Model W2: 0.1210
2026-03-28 23:00:28 | DEBUG | sivi:base_runner.py:477| eval_elbo | Epoch 9890, ELBO: 1.0837, Std Total: 7.3182, Std Q: nan, CI Half: 0.6415
2026-03-28 23:00:28 | DEBUG | sivi:base_runner.py:507| eval_ksd | Epoch 9890, VI KSD: 0.0002
2026-03-28 23:00:29 | DEBUG | sivi:base_runner.py:874| learn | Epoch 9900: Avg Loss: -0.0078, Avg Epoch Time: 0.0501s
2026-03-28 23:00:29 | DEBUG | sivi:base_runner.py:337| eval_kl_ite | Epoch 9900, VI KL to baseline: 0.0031
2026-03-28 23:00:29 | DEBUG | sivi:base_reverse_runner.py:261| eval_kl_ite | Epoch 9900, Reverse Model KL ITE: 0.2727
2026-03-28 23:00:29 | DEBUG | sivi:base_runner.py:347| eval_w2 | Epoch 9900, VI W2 to baseline: 0.0965
2026-03-28 23:00:29 | DEBUG | sivi:base_reverse_runner.py:272| eval_w2 | Epoch 9900, Reverse Model W2: 0.1173
2026-03-28 23:00:29 | DEBUG | sivi:base_runner.py:477| eval_elbo | Epoch 9900, ELBO: 0.8472, Std Total: 6.4427, Std Q: nan, CI Half: 0.5647
2026-03-28 23:00:29 | DEBUG | sivi:base_runner.py:507| eval_ksd | Epoch 9900, VI KSD: 0.0036
2026-03-28 23:00:29 | DEBUG | sivi:base_runner.py:337| eval_kl_ite | Epoch 9910, VI KL to baseline: 0.0010
2026-03-28 23:00:29 | DEBUG | sivi:base_reverse_runner.py:261| eval_kl_ite | Epoch 9910, Reverse Model KL ITE: 0.2529
2026-03-28 23:00:29 | DEBUG | sivi:base_runner.py:347| eval_w2 | Epoch 9910, VI W2 to baseline: 0.0762
2026-03-28 23:00:29 | DEBUG | sivi:base_reverse_runner.py:272| eval_w2 | Epoch 9910, Reverse Model W2: 0.1190
2026-03-28 23:00:29 | DEBUG | sivi:base_runner.py:477| eval_elbo | Epoch 9910, ELBO: 0.6715, Std Total: 6.3958, Std Q: nan, CI Half: 0.5606
2026-03-28 23:00:29 | DEBUG | sivi:base_runner.py:507| eval_ksd | Epoch 9910, VI KSD: 0.0010
2026-03-28 23:00:30 | DEBUG | sivi:base_runner.py:337| eval_kl_ite | Epoch 9920, VI KL to baseline: 0.0207
2026-03-28 23:00:30 | DEBUG | sivi:base_reverse_runner.py:261| eval_kl_ite | Epoch 9920, Reverse Model KL ITE: 0.2863
2026-03-28 23:00:30 | DEBUG | sivi:base_runner.py:347| eval_w2 | Epoch 9920, VI W2 to baseline: 0.1021
2026-03-28 23:00:30 | DEBUG | sivi:base_reverse_runner.py:272| eval_w2 | Epoch 9920, Reverse Model W2: 0.1183
2026-03-28 23:00:30 | DEBUG | sivi:base_runner.py:477| eval_elbo | Epoch 9920, ELBO: 0.4651, Std Total: 4.1033, Std Q: nan, CI Half: 0.3597
2026-03-28 23:00:30 | DEBUG | sivi:base_runner.py:507| eval_ksd | Epoch 9920, VI KSD: 0.0000
2026-03-28 23:00:30 | DEBUG | sivi:base_runner.py:337| eval_kl_ite | Epoch 9930, VI KL to baseline: 0.0194
2026-03-28 23:00:30 | DEBUG | sivi:base_reverse_runner.py:261| eval_kl_ite | Epoch 9930, Reverse Model KL ITE: 0.2829
2026-03-28 23:00:30 | DEBUG | sivi:base_runner.py:347| eval_w2 | Epoch 9930, VI W2 to baseline: 0.0895
2026-03-28 23:00:30 | DEBUG | sivi:base_reverse_runner.py:272| eval_w2 | Epoch 9930, Reverse Model W2: 0.1322
2026-03-28 23:00:30 | DEBUG | sivi:base_runner.py:477| eval_elbo | Epoch 9930, ELBO: 0.9299, Std Total: 7.8537, Std Q: nan, CI Half: 0.6884
2026-03-28 23:00:30 | DEBUG | sivi:base_runner.py:507| eval_ksd | Epoch 9930, VI KSD: 0.0033
2026-03-28 23:00:31 | DEBUG | sivi:base_runner.py:337| eval_kl_ite | Epoch 9940, VI KL to baseline: 0.0265
2026-03-28 23:00:31 | DEBUG | sivi:base_reverse_runner.py:261| eval_kl_ite | Epoch 9940, Reverse Model KL ITE: 0.2358
2026-03-28 23:00:31 | DEBUG | sivi:base_runner.py:347| eval_w2 | Epoch 9940, VI W2 to baseline: 0.1045
2026-03-28 23:00:31 | DEBUG | sivi:base_reverse_runner.py:272| eval_w2 | Epoch 9940, Reverse Model W2: 0.1147
2026-03-28 23:00:31 | DEBUG | sivi:base_runner.py:477| eval_elbo | Epoch 9940, ELBO: 1.6088, Std Total: 11.4876, Std Q: nan, CI Half: 1.0069
2026-03-28 23:00:31 | DEBUG | sivi:base_runner.py:507| eval_ksd | Epoch 9940, VI KSD: 0.0020
2026-03-28 23:00:31 | DEBUG | sivi:base_runner.py:337| eval_kl_ite | Epoch 9950, VI KL to baseline: 0.0214
2026-03-28 23:00:32 | DEBUG | sivi:base_reverse_runner.py:261| eval_kl_ite | Epoch 9950, Reverse Model KL ITE: 0.2611
2026-03-28 23:00:32 | DEBUG | sivi:base_runner.py:347| eval_w2 | Epoch 9950, VI W2 to baseline: 0.1020
2026-03-28 23:00:32 | DEBUG | sivi:base_reverse_runner.py:272| eval_w2 | Epoch 9950, Reverse Model W2: 0.1158
2026-03-28 23:00:32 | DEBUG | sivi:base_runner.py:477| eval_elbo | Epoch 9950, ELBO: 1.3356, Std Total: 9.1702, Std Q: nan, CI Half: 0.8038
2026-03-28 23:00:32 | DEBUG | sivi:base_runner.py:507| eval_ksd | Epoch 9950, VI KSD: 0.0029
2026-03-28 23:00:32 | DEBUG | sivi:base_runner.py:337| eval_kl_ite | Epoch 9960, VI KL to baseline: 0.0046
2026-03-28 23:00:32 | DEBUG | sivi:base_reverse_runner.py:261| eval_kl_ite | Epoch 9960, Reverse Model KL ITE: 0.2540
2026-03-28 23:00:32 | DEBUG | sivi:base_runner.py:347| eval_w2 | Epoch 9960, VI W2 to baseline: 0.0977
2026-03-28 23:00:32 | DEBUG | sivi:base_reverse_runner.py:272| eval_w2 | Epoch 9960, Reverse Model W2: 0.1221
2026-03-28 23:00:32 | DEBUG | sivi:base_runner.py:477| eval_elbo | Epoch 9960, ELBO: 0.7835, Std Total: 5.7101, Std Q: nan, CI Half: 0.5005
2026-03-28 23:00:32 | DEBUG | sivi:base_runner.py:507| eval_ksd | Epoch 9960, VI KSD: 0.0026
2026-03-28 23:00:32 | DEBUG | sivi:base_runner.py:337| eval_kl_ite | Epoch 9970, VI KL to baseline: 0.0186
2026-03-28 23:00:33 | DEBUG | sivi:base_reverse_runner.py:261| eval_kl_ite | Epoch 9970, Reverse Model KL ITE: 0.2934
2026-03-28 23:00:33 | DEBUG | sivi:base_runner.py:347| eval_w2 | Epoch 9970, VI W2 to baseline: 0.0999
2026-03-28 23:00:33 | DEBUG | sivi:base_reverse_runner.py:272| eval_w2 | Epoch 9970, Reverse Model W2: 0.1348
2026-03-28 23:00:33 | DEBUG | sivi:base_runner.py:477| eval_elbo | Epoch 9970, ELBO: 1.5476, Std Total: 12.3482, Std Q: nan, CI Half: 1.0824
2026-03-28 23:00:33 | DEBUG | sivi:base_runner.py:507| eval_ksd | Epoch 9970, VI KSD: 0.0021
2026-03-28 23:00:33 | DEBUG | sivi:base_runner.py:337| eval_kl_ite | Epoch 9980, VI KL to baseline: 0.0318
2026-03-28 23:00:33 | DEBUG | sivi:base_reverse_runner.py:261| eval_kl_ite | Epoch 9980, Reverse Model KL ITE: 0.2448
2026-03-28 23:00:33 | DEBUG | sivi:base_runner.py:347| eval_w2 | Epoch 9980, VI W2 to baseline: 0.0843
2026-03-28 23:00:33 | DEBUG | sivi:base_reverse_runner.py:272| eval_w2 | Epoch 9980, Reverse Model W2: 0.1462
2026-03-28 23:00:33 | DEBUG | sivi:base_runner.py:477| eval_elbo | Epoch 9980, ELBO: 0.7126, Std Total: 5.2155, Std Q: nan, CI Half: 0.4572
2026-03-28 23:00:33 | DEBUG | sivi:base_runner.py:507| eval_ksd | Epoch 9980, VI KSD: 0.0021
2026-03-28 23:00:34 | DEBUG | sivi:base_runner.py:337| eval_kl_ite | Epoch 9990, VI KL to baseline: 0.0187
2026-03-28 23:00:34 | DEBUG | sivi:base_reverse_runner.py:261| eval_kl_ite | Epoch 9990, Reverse Model KL ITE: 0.2898
2026-03-28 23:00:34 | DEBUG | sivi:base_runner.py:347| eval_w2 | Epoch 9990, VI W2 to baseline: 0.1180
2026-03-28 23:00:34 | DEBUG | sivi:base_reverse_runner.py:272| eval_w2 | Epoch 9990, Reverse Model W2: 0.1136
2026-03-28 23:00:34 | DEBUG | sivi:base_runner.py:477| eval_elbo | Epoch 9990, ELBO: 1.2249, Std Total: 8.6397, Std Q: nan, CI Half: 0.7573
2026-03-28 23:00:34 | DEBUG | sivi:base_runner.py:507| eval_ksd | Epoch 9990, VI KSD: 0.0020
2026-03-28 23:00:34 | DEBUG | sivi:base_runner.py:874| learn | Epoch 10000: Avg Loss: -0.1270, Avg Epoch Time: 0.0562s
2026-03-28 23:00:34 | DEBUG | sivi:base_reverse_runner.py:183| _training_rev_log_func | Epoch 10000, Inner epoch 1, Reverse Model Loss: 3.8055, Avg Steps: 1.0000
2026-03-28 23:00:34 | DEBUG | sivi:base_runner.py:588| save_samples | Saved 100000 samples at epoch 10000.
2026-03-28 23:00:34 | DEBUG | sivi:base_runner.py:607| save_checkpoint | Saved VIModel checkpoints at epoch 10000 to results/AISIVI/x_shaped/20260328_225057/checkpoints/epoch_10000.
2026-03-28 23:00:34 | DEBUG | sivi:base_reverse_runner.py:476| save_checkpoint | Saved reverse checkpoints at epoch 10000 to results/AISIVI/x_shaped/20260328_225057/checkpoints/epoch_10000.
2026-03-28 23:00:34 | DEBUG | sivi:base_runner.py:337| eval_kl_ite | Epoch 10000, VI KL to baseline: 0.0289
2026-03-28 23:00:35 | DEBUG | sivi:base_reverse_runner.py:261| eval_kl_ite | Epoch 10000, Reverse Model KL ITE: 0.2513
2026-03-28 23:00:35 | DEBUG | sivi:base_runner.py:347| eval_w2 | Epoch 10000, VI W2 to baseline: 0.1021
2026-03-28 23:00:35 | DEBUG | sivi:base_reverse_runner.py:272| eval_w2 | Epoch 10000, Reverse Model W2: 0.1259
2026-03-28 23:00:35 | DEBUG | sivi:base_runner.py:477| eval_elbo | Epoch 10000, ELBO: 0.6076, Std Total: 5.2490, Std Q: nan, CI Half: 0.4601
2026-03-28 23:00:35 | DEBUG | sivi:base_runner.py:507| eval_ksd | Epoch 10000, VI KSD: 0.0002
2026-03-28 23:00:35 | DEBUG | sivi:base_runner.py:970| learn | Saved contour plot at epoch 10000.
2026-03-28 23:00:35 | INFO | sivi:base_runner.py:1003| learn | Training completed. Total time: 554.603s, Avg epoch time: 0.055460s
