accumulator_dtype,analysis_fingerprint,cell_key,checkpoint_dir,completed_at,device,diagnostic_aisivi_z_chunk_size,diagnostic_hmc_acceptance_rate,diagnostic_hmc_burn_in_steps,diagnostic_hmc_divergence_fraction,diagnostic_hmc_epsilon_rhat_max,diagnostic_hmc_epsilon_rhat_median,diagnostic_hmc_epsilon_rhat_nonfinite_fraction,diagnostic_hmc_epsilon_rhat_p95,diagnostic_hmc_final_step_size_median,diagnostic_hmc_final_step_size_p05,diagnostic_hmc_final_step_size_p95,diagnostic_hmc_leapfrog_steps,diagnostic_hmc_mean_squared_jump_distance,diagnostic_hmc_num_chains,diagnostic_hmc_post_burn_acceptance_min,diagnostic_hmc_post_burn_acceptance_rate,diagnostic_hmc_samples_per_chain,diagnostic_hmc_score_rhat_max,diagnostic_hmc_score_rhat_median,diagnostic_hmc_score_rhat_nonfinite_fraction,diagnostic_hmc_score_rhat_p95,diagnostic_hmc_thinning,diagnostic_hmc_total_samples,diagnostic_importance_clipped_fraction,diagnostic_importance_ess_mean,diagnostic_importance_ess_min,diagnostic_native_auxiliary_samples,diagnostic_nonfinite_reverse_parameter_tensors,epoch,forward_batch_size,forward_seed,gpu_name,method,method_error,method_l2,method_l2_z_sd,method_relative_l2,method_runtime_sec,method_score_sq_norm,method_seed,method_status,method_target_l2,progress,reference_estimator,reference_internal_l2,reference_mean_mcse_l2,reference_mean_score_sq_norm,reference_num_chains,reference_quality_issues,reference_quality_status,reference_repeats,reference_replication_unit,reference_runtime_sec,reference_samples_per_chain,reference_seed,reference_target_l2,reference_total_samples,run_id,seed,target,target_score_sq_norm,total_runtime_sec
torch.float64,2039e966ba63fbe9d2360f0767265fd6137a714705926dfba2820054c9009b84,seed42_sivi_x_shaped|SIVI|x_shaped|42|2000,results/default_config_grid/SIVI/x_shaped/20260428_043837/checkpoints/epoch_2000,2026-07-27T17:40:53.020332+00:00,cuda,,0.9996641845703125,1000,0.0,1.0171054791188434,1.0042321063043644,0.0,1.0104314139815938,0.009999999776482582,0.009999999776482582,0.009999999776482582,20,0.06869920608352932,20,0.9978,0.9996366210937501,5000,1.0083347209800626,1.000553407709213,0.0,1.0026808827134497,1,100000,,,,4097,,2000,1024,1519994601,NVIDIA GeForce RTX 3090,SIVI,,0.01037994098342434,0.027856791163866027,0.005780698622261678,0.14255504310131073,1.8128801535315386,143581502,ok,3.335465313851577,0.2,posterior_hmc,0.009586479641594925,0.0005045515600839434,1.795620505703379,20,[],pass,20,hmc_chain,459.21006298065186,5000,280897237,3.3215834670826725,100000,seed42_sivi_x_shaped,42,x_shaped,9.618026147559256,459.35261802375317
torch.float64,2039e966ba63fbe9d2360f0767265fd6137a714705926dfba2820054c9009b84,seed42_sivi_x_shaped|SIVI|x_shaped|42|4000,results/default_config_grid/SIVI/x_shaped/20260428_043837/checkpoints/epoch_4000,2026-07-27T17:50:06.622395+00:00,cuda,,0.9996556152343751,1000,0.0,1.0220469867571387,1.0044453150620807,0.0,1.0107276896577426,0.009999999776482582,0.009999999776482582,0.009999999776482582,20,0.0687563454203992,20,0.9982000000000001,0.999626083984375,5000,1.0074823645304052,1.0006091553406855,0.0,1.003329816227743,1,100000,,,,4097,,4000,1024,1480712840,NVIDIA GeForce RTX 3090,SIVI,,0.018748348773410604,0.20730085520982805,0.005241041893254579,0.18938329070806503,3.572818091145044,1765956219,ok,0.28332736343852083,0.4,posterior_hmc,0.019129304586858797,0.0010068055045715156,3.5772178805783725,20,[],pass,20,hmc_chain,490.91051077097654,5000,724971558,0.2589006224117849,100000,seed42_sivi_x_shaped,42,x_shaped,5.272099486926065,491.0998940616846
torch.float64,2039e966ba63fbe9d2360f0767265fd6137a714705926dfba2820054c9009b84,seed42_sivi_x_shaped|SIVI|x_shaped|42|6000,results/default_config_grid/SIVI/x_shaped/20260428_043837/checkpoints/epoch_6000,2026-07-27T17:57:49.443343+00:00,cuda,,0.9996924560546875,1000,0.0,1.0329987023744156,1.0046358172246894,0.0,1.0115462643877156,0.009999999776482582,0.009999999776482582,0.009999999776482582,20,0.0693149471322748,20,0.9974000000000001,0.9996661132812502,5000,1.0152566907906129,1.0007124346353473,0.0,1.003873179161979,1,100000,,,,4097,,6000,1024,1035680422,NVIDIA GeForce RTX 3090,SIVI,,0.014145648469515566,0.024955668966636833,0.0035077656589226256,0.0025452077388763428,4.057566286468098,1564196000,ok,0.03913141471056282,0.6,posterior_hmc,0.025001821483590397,0.0013158853412415998,4.032666330925954,20,[],pass,20,hmc_chain,462.80223412811756,5000,1882414682,0.028285471710159216,100000,seed42_sivi_x_shaped,42,x_shaped,3.976686838712066,462.80477933585644
torch.float64,2039e966ba63fbe9d2360f0767265fd6137a714705926dfba2820054c9009b84,seed42_sivi_x_shaped|SIVI|x_shaped|42|8000,results/default_config_grid/SIVI/x_shaped/20260428_043837/checkpoints/epoch_8000,2026-07-27T18:10:54.897174+00:00,cuda,,0.9996952799479166,1000,0.0,1.0420451515027565,1.0046582406881148,0.0,1.0120718606616093,0.009999999776482582,0.009999999776482582,0.009999999776482582,20,0.06931370806301004,20,0.9982000000000001,0.9996683496093749,5000,1.0363660472284886,1.000645705283931,0.0,1.004173333789748,1,100000,,,,4097,,8000,1024,1554131834,NVIDIA GeForce RTX 3090,SIVI,,0.013950690889071048,0.06616102238893211,0.003574939266823137,0.2242618352174759,3.864494019410323,1898580874,ok,0.058041361994214356,0.8,posterior_hmc,0.025553307200587252,0.001344910905294066,3.902357452205979,20,[],pass,20,hmc_chain,562.1007199510932,5000,1831667074,0.03800545439294804,100000,seed42_sivi_x_shaped,42,x_shaped,4.049822690184202,562.3249817863107
torch.float64,2039e966ba63fbe9d2360f0767265fd6137a714705926dfba2820054c9009b84,seed42_sivi_x_shaped|SIVI|x_shaped|42|10000,results/default_config_grid/SIVI/x_shaped/20260428_043837/checkpoints/epoch_10000,2026-07-27T18:20:29.189145+00:00,cuda,,0.9996943033854166,1000,0.0,1.0449570482627482,1.0047653673119337,0.0,1.0118249680673737,0.009999999776482582,0.009999999776482582,0.009999999776482582,20,0.06934690797245162,20,0.9982000000000001,0.9996683789062502,5000,1.011507310058999,1.0006910315400017,0.0,1.0043290326505505,1,100000,,,,4097,,10000,1024,923609180,NVIDIA GeForce RTX 3090,SIVI,,0.01583885987351523,0.0571754331076631,0.004026447955612194,0.0025493279099464417,3.9939534401238044,964732268,ok,0.03611773285087233,1.0,posterior_hmc,0.025907354879491442,0.0013635449936574443,3.933705352241921,20,[],pass,20,hmc_chain,574.2720854058862,5000,651747563,0.01901349824715846,100000,seed42_sivi_x_shaped,42,x_shaped,3.9432777755289687,574.2746347337961
torch.float64,2039e966ba63fbe9d2360f0767265fd6137a714705926dfba2820054c9009b84,seed43_sivi_x_shaped|SIVI|x_shaped|43|2000,results/default_config_grid/SIVI/x_shaped/20260428_070030/checkpoints/epoch_2000,2026-07-27T17:50:57.983043+00:00,cuda,,0.9997051269531249,1000,0.0,1.1546739887266249,1.0035682390307465,0.0,1.0088881901065556,0.009999999776482582,0.009999999776482582,0.009999999776482582,20,0.06939019796721611,20,0.9982000000000001,0.999680830078125,5000,1.068241889336253,1.000755596241157,0.0,1.002618442750848,1,100000,,,,4097,,2000,1024,127349471,NVIDIA GeForce RTX 3090,SIVI,,0.008033350483801398,0.02633475024491166,0.004449712770687162,0.14561279118061066,1.7624542513969916,175362789,ok,3.046286009068244,0.2,posterior_hmc,0.011852937699773436,0.0006238388263038651,1.8053638285872597,20,[],pass,20,hmc_chain,542.1355732753873,5000,263106188,2.995448216662667,100000,seed43_sivi_x_shaped,43,x_shaped,9.07141065097602,542.2811860665679
torch.float64,2039e966ba63fbe9d2360f0767265fd6137a714705926dfba2820054c9009b84,seed43_sivi_x_shaped|SIVI|x_shaped|43|4000,results/default_config_grid/SIVI/x_shaped/20260428_070030/checkpoints/epoch_4000,2026-07-27T18:00:06.816969+00:00,cuda,,0.9996924072265625,1000,0.0,1.1220825211764798,1.0039828487935472,0.0,1.008492617271025,0.009999999776482582,0.009999999776482582,0.009999999776482582,20,0.06926212897415375,20,0.998,0.9996661230468752,5000,1.049772308106239,1.0007539023057332,0.0,1.002569194442438,1,100000,,,,4097,,4000,1024,1359005006,NVIDIA GeForce RTX 3090,SIVI,,0.01259241339600035,0.031230815246871792,0.003926183660420365,0.0019827857613563538,3.186419289730545,1637900253,ok,0.18783744446302966,0.4,posterior_hmc,0.019564356605679064,0.0010297029792462665,3.207290968821392,20,[],pass,20,hmc_chain,548.8203131407499,5000,862205402,0.17397838408251637,100000,seed43_sivi_x_shaped,43,x_shaped,4.418033104996074,548.8222959265113
torch.float64,2039e966ba63fbe9d2360f0767265fd6137a714705926dfba2820054c9009b84,seed43_sivi_x_shaped|SIVI|x_shaped|43|6000,results/default_config_grid/SIVI/x_shaped/20260428_070030/checkpoints/epoch_6000,2026-07-27T18:11:07.438396+00:00,cuda,,0.9997197021484375,1000,0.0,1.2143601599645555,1.0041286831442984,0.0,1.0094850052974995,0.009999999776482582,0.009999999776482582,0.009999999776482582,20,0.06969209154241635,20,0.9984000000000001,0.999694951171875,5000,1.1062777245311652,1.0007816981984257,0.0,1.0028561230391728,1,100000,,,,4097,,6000,1024,78804063,NVIDIA GeForce RTX 3090,SIVI,,0.0169788336911782,0.04870381481109424,0.004208350723309239,0.19504565000534058,4.07388828637125,69479845,ok,0.05980801991760671,0.6,posterior_hmc,0.028653413902151245,0.0015080744159026971,4.034557670570499,20,[],pass,20,hmc_chain,573.5029572173953,5000,1157221491,0.047584443101972275,100000,seed43_sivi_x_shaped,43,x_shaped,4.166034578617312,573.6980028674006
torch.float64,2039e966ba63fbe9d2360f0767265fd6137a714705926dfba2820054c9009b84,seed43_sivi_x_shaped|SIVI|x_shaped|43|8000,results/default_config_grid/SIVI/x_shaped/20260428_070030/checkpoints/epoch_8000,2026-07-27T18:20:12.313092+00:00,cuda,,0.9997247884114583,1000,0.0,1.1107773950142514,1.0040943972333214,0.0,1.009031081118836,0.009999999776482582,0.009999999776482582,0.009999999776482582,20,0.06973822670023593,20,0.9982000000000001,0.9997008300781252,5000,1.0723554029146247,1.0007942774611862,0.0,1.0030016686106942,1,100000,,,,4097,,8000,1024,1333816556,NVIDIA GeForce RTX 3090,SIVI,,0.0158933636985448,0.053338630764105534,0.003910579233673006,0.002678699791431427,4.164153891212232,458207985,ok,0.03627386974017399,0.8,posterior_hmc,0.029296565005756954,0.001541924473987208,4.064196823245793,20,[],pass,20,hmc_chain,544.8546646684408,5000,341413517,0.022795774831264104,100000,seed43_sivi_x_shaped,43,x_shaped,3.9784275963170557,544.8573433682323
torch.float64,2039e966ba63fbe9d2360f0767265fd6137a714705926dfba2820054c9009b84,seed43_sivi_x_shaped|SIVI|x_shaped|43|10000,results/default_config_grid/SIVI/x_shaped/20260428_070030/checkpoints/epoch_10000,2026-07-27T18:29:25.038575+00:00,cuda,,0.9997191406249999,1000,0.0,1.0606641747018755,1.0039167266240494,0.0,1.0088111011608867,0.009999999776482582,0.009999999776482582,0.009999999776482582,20,0.06969914265357872,20,0.9984000000000001,0.9996944921875003,5000,1.0306390104858623,1.0007208548632567,0.0,1.0028283043043984,1,100000,,,,4097,,10000,1024,2002093202,NVIDIA GeForce RTX 3090,SIVI,,0.014663826532629608,0.0557786775824075,0.0038892443261885393,0.003327086567878723,3.789586195865546,1988957141,ok,0.031202179474349907,1.0,posterior_hmc,0.021788797250516145,0.0011467788026587444,3.770353647851217,20,[],pass,20,hmc_chain,552.7000839859247,5000,483180617,0.019199249335910457,100000,seed43_sivi_x_shaped,43,x_shaped,3.842168368616714,552.7034110724926
torch.float64,2039e966ba63fbe9d2360f0767265fd6137a714705926dfba2820054c9009b84,seed45_sivi_x_shaped|SIVI|x_shaped|45|2000,results/default_config_grid/SIVI/x_shaped/20260428_115832/checkpoints/epoch_2000,2026-07-27T17:51:02.710430+00:00,cuda,,0.9996710286458333,1000,0.0,1.1304115297957873,1.0033749302267745,0.0,1.0094908573889423,0.009999999776482582,0.009999999776482582,0.009999999776482582,20,0.0687318706454293,20,0.9978,0.9996428515625002,5000,1.0208592960648495,1.0006626219542551,0.0,1.0025300131057675,1,100000,,,,4097,,2000,1024,2134509602,NVIDIA GeForce RTX 3090,SIVI,,0.01565273746191378,0.037135885124036976,0.00856633811834431,0.1872721090912819,1.8033116612124718,560558119,ok,3.4573133507110656,0.2,posterior_hmc,0.010065551085361696,0.000529765846597984,1.8272378752356697,20,[],pass,20,hmc_chain,546.7828583195806,5000,211026819,3.370217066608681,100000,seed45_sivi_x_shaped,45,x_shaped,9.713243637708644,546.9701304286718
torch.float64,2039e966ba63fbe9d2360f0767265fd6137a714705926dfba2820054c9009b84,seed45_sivi_x_shaped|SIVI|x_shaped|45|4000,results/default_config_grid/SIVI/x_shaped/20260428_115832/checkpoints/epoch_4000,2026-07-27T18:00:11.305476+00:00,cuda,,0.9996998697916667,1000,0.0,1.5437712026913573,1.0039350876703925,0.0,1.0097394925126444,0.009999999776482582,0.009999999776482582,0.009999999776482582,20,0.06922011214455673,20,0.9978,0.9996738476562501,5000,1.0185809607387104,1.0006967822955375,0.0,1.002322248107187,1,100000,,,,4097,,4000,1024,675310175,NVIDIA GeForce RTX 3090,SIVI,,0.021974739815256543,0.060390950207099156,0.006682545569634117,0.0019712820649147034,3.352383436942729,1207667630,ok,0.23693399721758762,0.4,posterior_hmc,0.017579939422110332,0.0009252599695847543,3.2883785955925333,20,[],pass,20,hmc_chain,548.5816478058696,5000,502056621,0.22768107513526986,100000,seed45_sivi_x_shaped,45,x_shaped,4.998030077545611,548.5836190879345
torch.float64,2039e966ba63fbe9d2360f0767265fd6137a714705926dfba2820054c9009b84,seed45_sivi_x_shaped|SIVI|x_shaped|45|6000,results/default_config_grid/SIVI/x_shaped/20260428_115832/checkpoints/epoch_6000,2026-07-27T18:10:49.385146+00:00,cuda,,0.9997087727864584,1000,0.0,1.0513352910681215,1.0041281121478554,0.0,1.0094432357141296,0.009999999776482582,0.009999999776482582,0.009999999776482582,20,0.06947742788526011,20,0.998,0.99968376953125,5000,1.020041368682237,1.0006725445159417,0.0,1.0024588357409594,1,100000,,,,4097,,6000,1024,1523803715,NVIDIA GeForce RTX 3090,SIVI,,0.022065293409498865,0.03674463501464389,0.005338373473953999,0.23842933028936386,4.136891521880965,2115162537,ok,0.04523566695572156,0.6,posterior_hmc,0.021532676466099132,0.0011332987613736384,4.133336402399673,20,[],pass,20,hmc_chain,556.308672606945,5000,711190196,0.023618774731901736,100000,seed45_sivi_x_shaped,45,x_shaped,4.01285078796668,556.5471019372344
torch.float64,2039e966ba63fbe9d2360f0767265fd6137a714705926dfba2820054c9009b84,seed45_sivi_x_shaped|SIVI|x_shaped|45|8000,results/default_config_grid/SIVI/x_shaped/20260428_115832/checkpoints/epoch_8000,2026-07-27T18:20:15.352216+00:00,cuda,,0.9997329345703124,1000,0.0,1.0451871562335455,1.0040295555617584,0.0,1.0089787215957546,0.009999999776482582,0.009999999776482582,0.009999999776482582,20,0.06976783218133387,20,0.9982000000000001,0.9997099121093751,5000,1.0309166276883104,1.0006686141321275,0.0,1.0025724696342417,1,100000,,,,4097,,8000,1024,2082476374,NVIDIA GeForce RTX 3090,SIVI,,0.01711725547915409,0.09573629537517968,0.004338193561365759,0.0029692500829696655,3.886836620092634,1306353032,ok,0.050095221107776616,0.8,posterior_hmc,0.02120464986361445,0.001116034203348129,3.9457104061915578,20,[],pass,20,hmc_chain,565.9461803734303,5000,2000624487,0.03236396375505528,100000,seed45_sivi_x_shaped,45,x_shaped,4.115959484258001,565.9491496235132
torch.float64,2039e966ba63fbe9d2360f0767265fd6137a714705926dfba2820054c9009b84,seed45_sivi_x_shaped|SIVI|x_shaped|45|10000,results/default_config_grid/SIVI/x_shaped/20260428_115832/checkpoints/epoch_10000,2026-07-27T18:29:34.374063+00:00,cuda,,0.9997238444010418,1000,0.0,1.0873353863787538,1.004094930390954,0.0,1.0095527328036582,0.009999999776482582,0.009999999776482582,0.009999999776482582,20,0.06967125042078941,20,0.9982000000000001,0.9996997949218752,5000,1.052767614764541,1.0006787848305112,0.0,1.0026538630328157,1,100000,,,,4097,,10000,1024,1650895423,NVIDIA GeForce RTX 3090,SIVI,,0.02512740435985079,0.15229760451100496,0.006451599457496801,0.002758607268333435,3.9131913009395904,521477153,ok,0.04561041219591416,1.0,posterior_hmc,0.026153538550335177,0.0013765020289650094,3.894755792790667,20,[],pass,20,hmc_chain,558.9992378801107,5000,148797538,0.02681763404235641,100000,seed45_sivi_x_shaped,45,x_shaped,3.896549169669166,559.0019964873791
torch.float64,2039e966ba63fbe9d2360f0767265fd6137a714705926dfba2820054c9009b84,seed49_sivi_x_shaped|SIVI|x_shaped|49|2000,results/default_config_grid/SIVI/x_shaped/20260502_085619/checkpoints/epoch_2000,2026-07-27T17:50:59.642458+00:00,cuda,,0.9993207845052082,1000,0.0,1.025537551135241,1.0089950277258066,0.0,1.0147179325123659,0.009999999776482582,0.009999999776482582,0.009999999776482582,20,0.05924206458938002,20,0.9974000000000001,0.9992818750000002,5000,1.020388315537671,1.0000056558509332,0.0,1.0111596551266493,1,100000,,,,4097,,2000,1024,1022516288,NVIDIA GeForce RTX 3090,SIVI,,0.16017150735438776,0.3292442203310221,0.13623420618875323,0.14720173925161362,1.308229539490994,1545655438,ok,9.216976829850779,0.2,posterior_hmc,0.002547143671826334,0.00013406019325401758,1.1757069816406407,20,[],pass,20,hmc_chain,544.0905213430524,5000,82082880,9.041448784425882,100000,seed49_sivi_x_shaped,49,x_shaped,13.86771101134598,544.237723082304
torch.float64,2039e966ba63fbe9d2360f0767265fd6137a714705926dfba2820054c9009b84,seed49_sivi_x_shaped|SIVI|x_shaped|49|4000,results/default_config_grid/SIVI/x_shaped/20260502_085619/checkpoints/epoch_4000,2026-07-27T18:00:01.966851+00:00,cuda,,0.999487980143229,1000,0.0,1.0357561078243163,1.0049550397733273,0.0,1.0101823650730286,0.009999999776482582,0.009999999776482582,0.009999999776482582,20,0.06564512819442836,20,0.9978,0.9994480664062501,5000,1.0135074149549534,1.0002558406198905,0.0,1.0058546826296473,1,100000,,,,4097,,4000,1024,1151447825,NVIDIA GeForce RTX 3090,SIVI,,0.0666722744875193,0.17341073801667684,0.022788814676458814,0.0020336955785751343,2.938090008112534,654499119,ok,1.7682320545487475,0.4,posterior_hmc,0.017335582413933247,0.0009123990744175393,2.925657847241733,20,[],pass,20,hmc_chain,542.3102725669742,5000,46323909,1.674671304823023,100000,seed49_sivi_x_shaped,49,x_shaped,6.16263884250413,542.3123062625527
torch.float64,2039e966ba63fbe9d2360f0767265fd6137a714705926dfba2820054c9009b84,seed49_sivi_x_shaped|SIVI|x_shaped|49|6000,results/default_config_grid/SIVI/x_shaped/20260502_085619/checkpoints/epoch_6000,2026-07-27T18:10:55.749606+00:00,cuda,,0.9995238444010417,1000,0.0,1.04396368778648,1.0056753268165397,0.0,1.0126364212986765,0.009999999776482582,0.009999999776482582,0.009999999776482582,20,0.06577686976048151,20,0.9976,0.999488134765625,5000,1.0201086481649764,1.0004433001695898,0.0,1.0069053928742417,1,100000,,,,4097,,6000,1024,9532806,NVIDIA GeForce RTX 3090,SIVI,,0.1576688552395934,0.5933457884738854,0.04304147474036369,0.18704873323440552,3.8185563067791723,1298067013,ok,1.289887031340696,0.6,posterior_hmc,0.023138880675645207,0.0012178358250339583,3.663184316770953,20,[],pass,20,hmc_chain,561.7748205810785,5000,1484602237,1.1167289168771906,100000,seed49_sivi_x_shaped,49,x_shaped,5.390304506955235,561.9618693143129
torch.float64,2039e966ba63fbe9d2360f0767265fd6137a714705926dfba2820054c9009b84,seed49_sivi_x_shaped|SIVI|x_shaped|49|8000,results/default_config_grid/SIVI/x_shaped/20260502_085619/checkpoints/epoch_8000,2026-07-27T18:20:20.605039+00:00,cuda,,0.9995248209635417,1000,0.0,1.0262676399972233,1.005518923042413,0.0,1.012791622464759,0.009999999776482582,0.009999999776482582,0.009999999776482582,20,0.06568402486169977,20,0.9972000000000001,0.9994894238281251,5000,1.0169750337066372,1.0004760889239963,0.0,1.006459982274578,1,100000,,,,4097,,8000,1024,1410093379,NVIDIA GeForce RTX 3090,SIVI,,0.10657113027036982,0.3763017401799972,0.030938688980756673,0.002710118889808655,3.5750886085627345,1923021957,ok,1.1560163449615595,0.8,posterior_hmc,0.021464762973195772,0.0011297243670103038,3.444591021185649,20,[],pass,20,hmc_chain,564.8350196704268,5000,2075691772,1.0705555410330645,100000,seed49_sivi_x_shaped,49,x_shaped,4.871311750025577,564.8377297893167
torch.float64,2039e966ba63fbe9d2360f0767265fd6137a714705926dfba2820054c9009b84,seed49_sivi_x_shaped|SIVI|x_shaped|49|10000,results/default_config_grid/SIVI/x_shaped/20260502_085619/checkpoints/epoch_10000,2026-07-27T18:29:45.345443+00:00,cuda,,0.9995346028645833,1000,0.0,1.0331251444225225,1.0057101130772375,0.0,1.0132464906673329,0.009999999776482582,0.009999999776482582,0.009999999776482582,20,0.06559401558143671,20,0.9976,0.9995017675781253,5000,1.016303268803502,1.0004822692274897,0.0,1.0064868015161992,1,100000,,,,4097,,10000,1024,1170526129,NVIDIA GeForce RTX 3090,SIVI,,0.06072941080178185,0.2890832128227535,0.01675378461822927,0.003213159739971161,3.6541574861814996,747443248,ok,0.7975579581201468,1.0,posterior_hmc,0.020224524120034323,0.0010644486378965433,3.6248174478561737,20,[],pass,20,hmc_chain,564.716773852706,5000,983571357,0.7427289851484824,100000,seed49_sivi_x_shaped,49,x_shaped,4.413373191861367,564.7199870124459
torch.float64,2039e966ba63fbe9d2360f0767265fd6137a714705926dfba2820054c9009b84,seed50_sivi_x_shaped|SIVI|x_shaped|50|2000,results/default_config_grid/SIVI/x_shaped/20260502_113115/checkpoints/epoch_2000,2026-07-27T17:50:55.780759+00:00,cuda,,0.9996316650390625,1000,0.0,1.0515185814598054,1.0030239943122796,0.0,1.0080099633977706,0.009999999776482582,0.009999999776482582,0.009999999776482582,20,0.06814830616229048,20,0.9978,0.9996015917968752,5000,1.037510818090308,1.0005150915745462,0.0,1.0026150941657945,1,100000,,,,4097,,2000,1024,168303531,NVIDIA GeForce RTX 3090,SIVI,,0.02020006618600923,0.04347685615059656,0.010850747075920656,0.18894990533590317,1.8532488408228849,246311996,ok,3.3398788958193606,0.2,posterior_hmc,0.009456207000618142,0.0004976951052956917,1.8616290698394435,20,[],pass,20,hmc_chain,539.8998302817345,5000,1664495037,3.2687842608409308,100000,seed50_sivi_x_shaped,50,x_shaped,9.629447369026991,540.0887801870704
torch.float64,2039e966ba63fbe9d2360f0767265fd6137a714705926dfba2820054c9009b84,seed50_sivi_x_shaped|SIVI|x_shaped|50|4000,results/default_config_grid/SIVI/x_shaped/20260502_113115/checkpoints/epoch_4000,2026-07-27T17:59:36.647181+00:00,cuda,,0.999692138671875,1000,0.0,1.0694008828815302,1.0034616449630345,0.0,1.0089214821047425,0.009999999776482582,0.009999999776482582,0.009999999776482582,20,0.06922640123087968,20,0.998,0.9996660839843751,5000,1.0473410107126278,1.0007077134849234,0.0,1.0024875776962263,1,100000,,,,4097,,4000,1024,853868169,NVIDIA GeForce RTX 3090,SIVI,,0.020609113173726136,0.038729995633001085,0.0057884494086395955,0.0020795688033103943,3.5405053060522578,1714780091,ok,0.2549878840208186,0.4,posterior_hmc,0.020897613821764454,0.0010998744116718134,3.560385816444356,20,[],pass,20,hmc_chain,520.8524586930871,5000,1469236121,0.2333821149445969,100000,seed50_sivi_x_shaped,50,x_shaped,5.082395851492153,520.8545382618904
torch.float64,2039e966ba63fbe9d2360f0767265fd6137a714705926dfba2820054c9009b84,seed50_sivi_x_shaped|SIVI|x_shaped|50|6000,results/default_config_grid/SIVI/x_shaped/20260502_113115/checkpoints/epoch_6000,2026-07-27T18:10:54.815764+00:00,cuda,,0.999724169921875,1000,0.0,1.0521901712874921,1.0036493709671876,0.0,1.009047081678232,0.009999999776482582,0.009999999776482582,0.009999999776482582,20,0.06963702169135777,20,0.9982000000000001,0.9996998828125001,5000,1.0271161986431572,1.0007746531511197,0.0,1.002552831749914,1,100000,,,,4097,,6000,1024,1507554888,NVIDIA GeForce RTX 3090,SIVI,,0.0197704603945378,0.046707312836479636,0.004525529711965919,0.19321605563163757,4.363238638470415,1891072673,ok,0.057249846270189655,0.6,posterior_hmc,0.023825388564037618,0.0012539678191598746,4.368651108899556,20,[],pass,20,hmc_chain,560.1790411919355,5000,1751133257,0.03848486601397771,100000,seed50_sivi_x_shaped,50,x_shaped,4.295562707763408,560.3722572475672
torch.float64,2039e966ba63fbe9d2360f0767265fd6137a714705926dfba2820054c9009b84,seed50_sivi_x_shaped|SIVI|x_shaped|50|8000,results/default_config_grid/SIVI/x_shaped/20260502_113115/checkpoints/epoch_8000,2026-07-27T18:20:41.514831+00:00,cuda,,0.9997337972005209,1000,0.0,1.0661726298111769,1.0036462669965436,0.0,1.0088154905460918,0.009999999776482582,0.009999999776482582,0.009999999776482582,20,0.06984801969748859,20,0.9984000000000001,0.9997110058593752,5000,1.0486564090597716,1.0007532762319118,0.0,1.0026001345625333,1,100000,,,,4097,,8000,1024,1655870567,NVIDIA GeForce RTX 3090,SIVI,,0.019766169488205552,0.07656643383903379,0.005067619106708302,0.0024454817175865173,3.9100708467500285,293070127,ok,0.051931084066337674,0.8,posterior_hmc,0.025158623960457267,0.0013241381031819613,3.900484442889547,20,[],pass,20,hmc_chain,586.6785743609071,5000,1492212627,0.036578466035951954,100000,seed50_sivi_x_shaped,50,x_shaped,4.1686803214689565,586.6810198426247
torch.float64,2039e966ba63fbe9d2360f0767265fd6137a714705926dfba2820054c9009b84,seed50_sivi_x_shaped|SIVI|x_shaped|50|10000,results/default_config_grid/SIVI/x_shaped/20260502_113115/checkpoints/epoch_10000,2026-07-27T18:30:14.149295+00:00,cuda,,0.9997276448567707,1000,0.0,1.0350631448136172,1.003521238570583,0.0,1.0087236353028057,0.009999999776482582,0.009999999776482582,0.009999999776482582,20,0.0697438745425312,20,0.9984000000000001,0.9997044335937499,5000,1.0243375654235642,1.0008030130105352,0.0,1.0025316050185247,1,100000,,,,4097,,10000,1024,1932966163,NVIDIA GeForce RTX 3090,SIVI,,0.01585339165104535,0.036470409358273934,0.004083262914817769,0.003421880304813385,3.8402954386667143,1402364221,ok,0.04114847110912928,1.0,posterior_hmc,0.024135880483895283,0.0012703094991523833,3.882530217075887,20,[],pass,20,hmc_chain,572.6101285144687,5000,444187371,0.01925134768725201,100000,seed50_sivi_x_shaped,50,x_shaped,3.8753798951227716,572.6135503947735
torch.float64,2039e966ba63fbe9d2360f0767265fd6137a714705926dfba2820054c9009b84,seed42_uivi_x_shaped|UIVI|x_shaped|42|2000,results/default_config_grid/UIVI/x_shaped/20260428_051601/checkpoints/epoch_2000,2026-07-27T18:11:01.942551+00:00,cuda,,0.9997607584635416,1000,0.0,2.0976349977883406,1.0037883614927463,0.0,1.0643132282837557,0.009999999776482582,0.009999999776482582,0.009999999776482582,20,0.06997797266148924,20,0.9982000000000001,0.9997391699218752,5000,1.0558899266431192,1.0006611005330492,0.0,1.0029876929917962,1,100000,,,,5,,2000,1024,1679669430,NVIDIA GeForce RTX 3090,UIVI,,1.7773400199081637,2.9711907985115995,1.1056582976759004,0.3492233604192734,3.4159468663509474,1382746040,ok,5.441381028451089,0.2,posterior_hmc,0.014214042756185328,0.0007481075134834383,1.6074948504833202,20,[],pass,20,hmc_chain,567.1887877881527,5000,1139053151,3.7706087308127465,100000,seed42_uivi_x_shaped,42,x_shaped,9.700649281769412,567.538011148572
torch.float64,2039e966ba63fbe9d2360f0767265fd6137a714705926dfba2820054c9009b84,seed42_uivi_x_shaped|UIVI|x_shaped|42|4000,results/default_config_grid/UIVI/x_shaped/20260428_051601/checkpoints/epoch_4000,2026-07-27T18:20:49.273828+00:00,cuda,,0.9996972819010417,1000,0.0,2.3533802215304043,1.0045856353758895,0.0,1.230981488477686,0.009999999776482582,0.009999999776482582,0.009999999776482582,20,0.06912575681514854,20,0.998,0.9996730371093752,5000,1.14316177924629,1.00060031963855,0.0,1.0062214350446772,1,100000,,,,5,,4000,1024,2050326136,NVIDIA GeForce RTX 3090,UIVI,,4.679526451530485,19.46643450372221,1.6288918191503425,0.26229915022850037,7.5378058173844185,1499173962,ok,5.932953147419337,0.4,posterior_hmc,0.029542106923008588,0.0015548477327899258,2.8728282606093543,20,[],pass,20,hmc_chain,587.0502939671278,5000,1201212197,1.1596846782348949,100000,seed42_uivi_x_shaped,42,x_shaped,5.867651019135476,587.3125931173563
torch.float64,2039e966ba63fbe9d2360f0767265fd6137a714705926dfba2820054c9009b84,seed42_uivi_x_shaped|UIVI|x_shaped|42|6000,results/default_config_grid/UIVI/x_shaped/20260428_051601/checkpoints/epoch_6000,2026-07-27T18:30:25.948481+00:00,cuda,,0.9997105143229167,1000,0.0,2.214595532092932,1.0073637052089506,0.0,1.2623132766078522,0.009999999776482582,0.009999999776482582,0.009999999776482582,20,0.06948963555039334,20,0.998,0.9996867773437501,5000,1.3247513685322803,1.0009422343587744,0.0,1.0097847985204345,1,100000,,,,5,,6000,1024,1152539166,NVIDIA GeForce RTX 3090,UIVI,,3.1989944675757007,5.586712690916196,1.0051222327235225,0.2700559198856354,6.451987801315744,1393326621,ok,4.008740084007561,0.6,posterior_hmc,0.046325441393940875,0.002438181125996888,3.182691978574155,20,[],pass,20,hmc_chain,576.383128464222,5000,1395167947,0.8258700122806724,100000,seed42_uivi_x_shaped,42,x_shaped,4.977510355285509,576.6531843841076
torch.float64,2039e966ba63fbe9d2360f0767265fd6137a714705926dfba2820054c9009b84,seed42_uivi_x_shaped|UIVI|x_shaped|42|8000,results/default_config_grid/UIVI/x_shaped/20260428_051601/checkpoints/epoch_8000,2026-07-27T18:40:08.527309+00:00,cuda,,0.9997230712890626,1000,0.0,2.135640981610662,1.0089701380538232,0.0,1.2694596232919029,0.009999999776482582,0.009999999776482582,0.009999999776482582,20,0.06973987169220973,20,0.9984000000000001,0.9996994824218751,5000,1.3562079706052297,1.0013306914603486,0.0,1.015930150074724,1,100000,,,,5,,8000,1024,1835180659,NVIDIA GeForce RTX 3090,UIVI,,3.1581087385477686,6.22959461164632,0.9705568983759276,0.2708889916539192,6.500537640382849,634426913,ok,3.9553709738820646,0.8,posterior_hmc,0.05171333384427941,0.002721754412856811,3.253914060919417,20,[],pass,20,hmc_chain,582.2860029563308,5000,1851911172,0.7734414212517705,100000,seed42_uivi_x_shaped,42,x_shaped,4.7759876339320275,582.5568919479847
torch.float64,2039e966ba63fbe9d2360f0767265fd6137a714705926dfba2820054c9009b84,seed42_uivi_x_shaped|UIVI|x_shaped|42|10000,results/default_config_grid/UIVI/x_shaped/20260428_051601/checkpoints/epoch_10000,2026-07-27T18:49:35.672352+00:00,cuda,,0.9997257975260416,1000,0.0,2.216768331752921,1.0101745443568542,0.0,1.2721469837855541,0.009999999776482582,0.009999999776482582,0.009999999776482582,20,0.06978541867204487,20,0.9984000000000001,0.9997029003906251,5000,1.446558507771397,1.0013266166600652,0.0,1.0200412407039419,1,100000,,,,5,,10000,1024,2118991507,NVIDIA GeForce RTX 3090,UIVI,,3.0748062636858413,5.023114637746553,0.9450563050694508,0.26310671120882034,6.57721262517595,387225510,ok,3.884744518290706,1.0,posterior_hmc,0.06261202731512164,0.0032953698586906124,3.2535693875508067,20,[],pass,20,hmc_chain,566.8595788106322,5000,284491475,0.9096783713647968,100000,seed42_uivi_x_shaped,42,x_shaped,4.995194552358592,567.122685521841
torch.float64,2039e966ba63fbe9d2360f0767265fd6137a714705926dfba2820054c9009b84,seed43_uivi_x_shaped|UIVI|x_shaped|43|2000,results/default_config_grid/UIVI/x_shaped/20260428_073822/checkpoints/epoch_2000,2026-07-27T18:11:06.316347+00:00,cuda,,0.9997996175130208,1000,0.0,1.8758300755750208,1.0023286587924847,0.0,1.0071407777109278,0.009999999776482582,0.009999999776482582,0.009999999776482582,20,0.07045898700620364,20,0.998,0.9997827441406252,5000,1.5113300665318505,1.0007160627672527,0.0,1.0019322342676518,1,100000,,,,5,,2000,1024,1653310795,NVIDIA GeForce RTX 3090,UIVI,,1.482256063710094,2.3573180351208483,0.8580898242056534,0.22290822118520737,3.3125739367922407,1386801351,ok,4.9698937988024205,0.2,posterior_hmc,0.011552886695442282,0.0006080466681811727,1.7273903289579744,20,[],pass,20,hmc_chain,572.6205858066678,5000,1199119869,3.566979657535505,100000,seed43_uivi_x_shaped,43,x_shaped,9.909404710575455,572.843494027853
torch.float64,2039e966ba63fbe9d2360f0767265fd6137a714705926dfba2820054c9009b84,seed43_uivi_x_shaped|UIVI|x_shaped|43|4000,results/default_config_grid/UIVI/x_shaped/20260428_073822/checkpoints/epoch_4000,2026-07-27T18:20:31.569351+00:00,cuda,,0.9998426350911459,1000,0.0,1.0326796636740285,1.0025120556518319,0.0,1.0074532834851253,0.009999999776482582,0.009999999776482582,0.009999999776482582,20,0.07113610386758018,20,0.9988,0.9998279101562502,5000,1.0195492980196745,1.000835124175054,0.0,1.002292332082036,1,100000,,,,5,,4000,1024,1560808373,NVIDIA GeForce RTX 3090,UIVI,,1.749576767742107,2.9068564665859946,0.5948376980196629,0.2251998633146286,4.658683513780771,320643846,ok,2.229913372112942,0.4,posterior_hmc,0.017871677081489536,0.0009406145832362914,2.9412674643298637,20,[],pass,20,hmc_chain,565.008621737361,5000,1689278209,0.4319813858922797,100000,seed43_uivi_x_shaped,43,x_shaped,5.312132396933766,565.2338216006756
torch.float64,2039e966ba63fbe9d2360f0767265fd6137a714705926dfba2820054c9009b84,seed43_uivi_x_shaped|UIVI|x_shaped|43|6000,results/default_config_grid/UIVI/x_shaped/20260428_073822/checkpoints/epoch_6000,2026-07-27T18:30:22.704188+00:00,cuda,,0.9998380940755208,1000,0.0,1.0455834250997678,1.002876819389669,0.0,1.008345367415161,0.009999999776482582,0.009999999776482582,0.009999999776482582,20,0.07113039110873418,20,0.9988,0.999823505859375,5000,1.0200654981766115,1.0008517603949145,0.0,1.0026679269308985,1,100000,,,,5,,6000,1024,942358902,NVIDIA GeForce RTX 3090,UIVI,,2.603933733336416,4.160910950139887,0.6088863457271063,0.27193982899188995,6.9159280277178405,1944047537,ok,2.7147436698334486,0.6,posterior_hmc,0.02358585033836031,0.001241360544124227,4.276551365636076,20,[],pass,20,hmc_chain,590.8404183760285,5000,320225976,0.07522611621223958,100000,seed43_uivi_x_shaped,43,x_shaped,4.735952026765736,591.1123582050204
torch.float64,2039e966ba63fbe9d2360f0767265fd6137a714705926dfba2820054c9009b84,seed43_uivi_x_shaped|UIVI|x_shaped|43|8000,results/default_config_grid/UIVI/x_shaped/20260428_073822/checkpoints/epoch_8000,2026-07-27T18:39:39.406102+00:00,cuda,,0.9998336018880208,1000,0.0,1.0223417649098199,1.0027498921374052,0.0,1.007773788989863,0.009999999776482582,0.009999999776482582,0.009999999776482582,20,0.0710408091094733,20,0.9986,0.9998194140625002,5000,1.0156124738198804,1.0008300533472279,0.0,1.0024059285096276,1,100000,,,,5,,8000,1024,1268075621,NVIDIA GeForce RTX 3090,UIVI,,2.6102107603800127,4.107242601891986,0.6914615260196596,0.24900227785110474,6.399807131166827,1590073026,ok,2.6628685531801413,0.8,posterior_hmc,0.02151875923704192,0.0011325662756337853,3.774918288520653,20,[],pass,20,hmc_chain,556.4311959221959,5000,2038272481,0.08888789008292547,100000,seed43_uivi_x_shaped,43,x_shaped,4.465529087256932,556.680198200047
torch.float64,2039e966ba63fbe9d2360f0767265fd6137a714705926dfba2820054c9009b84,seed43_uivi_x_shaped|UIVI|x_shaped|43|10000,results/default_config_grid/UIVI/x_shaped/20260428_073822/checkpoints/epoch_10000,2026-07-27T18:49:13.722231+00:00,cuda,,0.9998442952473958,1000,0.0,1.0641912605131498,1.0028762176746167,0.0,1.0085321930318094,0.009999999776482582,0.009999999776482582,0.009999999776482582,20,0.07120501051842981,20,0.9988,0.9998307226562502,5000,1.0181642227052903,1.0008801111901375,0.0,1.0025204531535241,1,100000,,,,5,,10000,1024,262093556,NVIDIA GeForce RTX 3090,UIVI,,2.191871670715975,3.7856725055869043,0.5984814743402319,0.2986351475119591,5.819041888182507,266198841,ok,2.258757051816393,1.0,posterior_hmc,0.022463240979335677,0.0011822758410176672,3.6623885027223313,20,[],pass,20,hmc_chain,573.9936592057347,5000,1223359749,0.06053774374769684,100000,seed43_uivi_x_shaped,43,x_shaped,4.227547508387974,574.2922943532467
torch.float64,2039e966ba63fbe9d2360f0767265fd6137a714705926dfba2820054c9009b84,seed45_uivi_x_shaped|UIVI|x_shaped|45|2000,results/default_config_grid/UIVI/x_shaped/20260428_123939/checkpoints/epoch_2000,2026-07-27T18:11:05.092111+00:00,cuda,,0.999813761393229,1000,0.0,1.0287907387120083,1.0024056212075234,0.0,1.007293875507701,0.009999999776482582,0.009999999776482582,0.009999999776482582,20,0.07065968570958706,20,0.9984000000000001,0.9997974121093751,5000,1.0190217977359504,1.0007962177096528,0.0,1.0023424012863975,1,100000,,,,5,,2000,1024,1145916355,NVIDIA GeForce RTX 3090,UIVI,,1.1808161306353118,1.6825261343072828,0.6985572091851459,0.23263749480247498,2.897501487808178,1658169763,ok,5.702983097903481,0.2,posterior_hmc,0.009229749425323813,0.0004857762855433586,1.6903642466344484,20,[],pass,20,hmc_chain,571.1288275048137,5000,489147523,4.550535560994009,100000,seed45_uivi_x_shaped,45,x_shaped,11.288387118002738,571.3614649996161
torch.float64,2039e966ba63fbe9d2360f0767265fd6137a714705926dfba2820054c9009b84,seed45_uivi_x_shaped|UIVI|x_shaped|45|4000,results/default_config_grid/UIVI/x_shaped/20260428_123939/checkpoints/epoch_4000,2026-07-27T18:20:50.145936+00:00,cuda,,0.999822119140625,1000,0.0,1.025141236618615,1.0023194017200898,0.0,1.0078781589125994,0.009999999776482582,0.009999999776482582,0.009999999776482582,20,0.07088420025393542,20,0.9986,0.999806064453125,5000,1.0196530565200852,1.000786299962433,0.0,1.0023743360665183,1,100000,,,,5,,4000,1024,703484050,NVIDIA GeForce RTX 3090,UIVI,,2.1952553134774546,3.3770930984418936,0.6977331338132238,0.2840535566210747,5.322693136999442,797894069,ok,2.5508898098800747,0.4,posterior_hmc,0.0186068190034348,0.0009793062633386737,3.1462678309112704,20,[],pass,20,hmc_chain,584.7508991807699,5000,606186705,0.3520888779150274,100000,seed45_uivi_x_shaped,45,x_shaped,5.268750061631015,585.034952737391
torch.float64,2039e966ba63fbe9d2360f0767265fd6137a714705926dfba2820054c9009b84,seed45_uivi_x_shaped|UIVI|x_shaped|45|6000,results/default_config_grid/UIVI/x_shaped/20260428_123939/checkpoints/epoch_6000,2026-07-27T18:30:41.196378+00:00,cuda,,0.9998367919921876,1000,0.0,1.0411832965358003,1.0024872526370094,0.0,1.0076932820568885,0.009999999776482582,0.009999999776482582,0.009999999776482582,20,0.07107062032132985,20,0.9988,0.999822294921875,5000,1.0220664974594178,1.0008079093036717,0.0,1.0024506364885204,1,100000,,,,5,,6000,1024,917666006,NVIDIA GeForce RTX 3090,UIVI,,2.417406652000908,3.821662582918295,0.642064368073038,0.24661462754011154,6.234604072876918,1142020769,ok,2.5312253566233363,0.6,posterior_hmc,0.02140554531646066,0.0011266076482347716,3.7650534311007213,20,[],pass,20,hmc_chain,590.7816152572632,5000,169573984,0.1097730402507412,100000,seed45_uivi_x_shaped,45,x_shaped,4.569269890928803,591.0282298848033
torch.float64,2039e966ba63fbe9d2360f0767265fd6137a714705926dfba2820054c9009b84,seed45_uivi_x_shaped|UIVI|x_shaped|45|8000,results/default_config_grid/UIVI/x_shaped/20260428_123939/checkpoints/epoch_8000,2026-07-27T18:40:26.232823+00:00,cuda,,0.9998348632812498,1000,0.0,1.0357954260279514,1.002541170247499,0.0,1.007659675608651,0.009999999776482582,0.009999999776482582,0.009999999776482582,20,0.07109531390065828,20,0.9988,0.999820009765625,5000,1.0254115477191568,1.000849241494767,0.0,1.002616644474805,1,100000,,,,5,,8000,1024,1263585002,NVIDIA GeForce RTX 3090,UIVI,,2.438466444104008,3.674898754797293,0.6415810001645831,0.2809932753443718,6.297371342346907,1466861623,ok,2.5013334688388875,0.8,posterior_hmc,0.022858639116906082,0.0012030862693108463,3.800714864496415,20,[],pass,20,hmc_chain,584.7332945168018,5000,1942184371,0.05774793880380893,100000,seed45_uivi_x_shaped,45,x_shaped,4.264004022011478,585.0142877921462
torch.float64,2039e966ba63fbe9d2360f0767265fd6137a714705926dfba2820054c9009b84,seed45_uivi_x_shaped|UIVI|x_shaped|45|10000,results/default_config_grid/UIVI/x_shaped/20260428_123939/checkpoints/epoch_10000,2026-07-27T18:50:27.543850+00:00,cuda,,0.9998366048177083,1000,0.0,1.0665736911424613,1.00257045040668,0.0,1.0081989326312466,0.009999999776482582,0.009999999776482582,0.009999999776482582,20,0.07110242194574948,20,0.9986,0.9998225292968752,5000,1.0464845844386437,1.0008123845469323,0.0,1.0024861657480948,1,100000,,,,5,,10000,1024,1685514002,NVIDIA GeForce RTX 3090,UIVI,,2.5316781398530788,3.8566883194562602,0.6949833901119424,0.23865605145692825,5.985466196190009,937367550,ok,2.573554052017554,1.0,posterior_hmc,0.021405250280872635,0.001126592120045928,3.6427894189604966,20,[],pass,20,hmc_chain,601.0510868355632,5000,1023306098,0.0497364184311579,100000,seed45_uivi_x_shaped,45,x_shaped,4.069190993711608,601.2897428870201
torch.float64,2039e966ba63fbe9d2360f0767265fd6137a714705926dfba2820054c9009b84,seed49_uivi_x_shaped|UIVI|x_shaped|49|2000,results/default_config_grid/UIVI/x_shaped/20260502_093156/checkpoints/epoch_2000,2026-07-27T18:10:37.839501+00:00,cuda,,0.9997258138020833,1000,0.0,1.748903842742966,1.0051319558489982,0.0,1.014066530865915,0.009999999776482582,0.009999999776482582,0.009999999776482582,20,0.06970412520317451,20,0.998,0.9997018164062501,5000,1.1547283532079364,1.0008122785126705,0.0,1.003659410999276,1,100000,,,,5,,2000,1024,1272681620,NVIDIA GeForce RTX 3090,UIVI,,1.127372712710819,1.8694358941866704,0.6628140006286928,0.3336910232901573,2.8079738484780195,1933495910,ok,4.714817350856141,0.2,posterior_hmc,0.014186191299766905,0.0007466416473561529,1.7008885021159523,20,[],pass,20,hmc_chain,543.0865043103695,5000,1740405635,3.529291405619639,100000,seed49_uivi_x_shaped,49,x_shaped,9.580564470043113,543.4201953336596
torch.float64,2039e966ba63fbe9d2360f0767265fd6137a714705926dfba2820054c9009b84,seed49_uivi_x_shaped|UIVI|x_shaped|49|4000,results/default_config_grid/UIVI/x_shaped/20260502_093156/checkpoints/epoch_4000,2026-07-27T18:20:02.369194+00:00,cuda,,0.999735595703125,1000,0.0,1.6837892469970066,1.0054466295958655,0.0,1.0175833060541626,0.009999999776482582,0.009999999776482582,0.009999999776482582,20,0.0697819695039018,20,0.9982000000000001,0.9997130859375002,5000,1.17225819094408,1.0007878412311435,0.0,1.00440906099066,1,100000,,,,5,,4000,1024,678163721,NVIDIA GeForce RTX 3090,UIVI,,2.2434082011708654,3.572681719376036,0.7205335533798227,0.20261257141828537,5.3014765031303615,389146716,ok,2.909372106187659,0.4,posterior_hmc,0.03045477596886861,0.0016028829457299268,3.1135374482529796,20,[],pass,20,hmc_chain,564.3073858246207,5000,1295937754,0.6141134402363146,100000,seed49_uivi_x_shaped,49,x_shaped,5.9020313887561855,564.509998396039
torch.float64,2039e966ba63fbe9d2360f0767265fd6137a714705926dfba2820054c9009b84,seed49_uivi_x_shaped|UIVI|x_shaped|49|6000,results/default_config_grid/UIVI/x_shaped/20260502_093156/checkpoints/epoch_6000,2026-07-27T18:29:11.451380+00:00,cuda,,0.999742333984375,1000,0.0,1.7013998517636608,1.0057976442226666,0.0,1.0527726871462104,0.009999999776482582,0.009999999776482582,0.009999999776482582,20,0.06984967786133232,20,0.9982000000000001,0.9997206542968752,5000,1.2624578518845702,1.0010573028220655,0.0,1.0086306033007115,1,100000,,,,5,,6000,1024,785967915,NVIDIA GeForce RTX 3090,UIVI,,2.9777637452668726,4.593270389387322,0.8184237958697027,0.30025170743465424,6.7823235641871635,1725449101,ok,3.2481242313872594,0.6,posterior_hmc,0.05389220877663541,0.002836432040875548,3.638412959513885,20,[],pass,20,hmc_chain,548.757486179471,5000,1117149370,0.24654460740020867,100000,seed49_uivi_x_shaped,49,x_shaped,4.423107706562419,549.0577378869057
torch.float64,2039e966ba63fbe9d2360f0767265fd6137a714705926dfba2820054c9009b84,seed49_uivi_x_shaped|UIVI|x_shaped|49|8000,results/default_config_grid/UIVI/x_shaped/20260502_093156/checkpoints/epoch_8000,2026-07-27T18:38:49.740820+00:00,cuda,,0.999761710611979,1000,0.0,1.5709279026625111,1.0046602546824417,0.0,1.1188493469598397,0.009999999776482582,0.009999999776482582,0.009999999776482582,20,0.07009698822367978,20,0.9978,0.999741767578125,5000,1.2226102397867868,1.001038630906494,0.0,1.0082309524349509,1,100000,,,,5,,8000,1024,1868658836,NVIDIA GeForce RTX 3090,UIVI,,3.207316077196501,7.205834908263741,0.9089594772960663,0.20940228551626205,6.909391024112557,1271560290,ok,3.698156035264443,0.8,posterior_hmc,0.04129994246380717,0.002173681182305641,3.528557826073267,20,[],pass,20,hmc_chain,578.0598729774356,5000,1774398320,0.5085857361795633,100000,seed49_uivi_x_shaped,49,x_shaped,4.6779636914076175,578.2692752629519
torch.float64,2039e966ba63fbe9d2360f0767265fd6137a714705926dfba2820054c9009b84,seed49_uivi_x_shaped|UIVI|x_shaped|49|10000,results/default_config_grid/UIVI/x_shaped/20260502_093156/checkpoints/epoch_10000,2026-07-27T18:48:31.796474+00:00,cuda,,0.9997547200520831,1000,0.0,1.8793030937709765,1.0044872324232086,0.0,1.1842791559966939,0.009999999776482582,0.009999999776482582,0.009999999776482582,20,0.06992547438885299,20,0.9978,0.9997343359375,5000,1.0733733301498367,1.000772813593012,0.0,1.0049793812318906,1,100000,,,,5,,10000,1024,470620039,NVIDIA GeForce RTX 3090,UIVI,,3.5308695968581425,7.767501908536942,1.0358134942633597,0.3082984536886215,6.975488492007934,1821108837,ok,3.9170728699457533,1.0,posterior_hmc,0.033405012086188395,0.0017581585308520207,3.4087889532364066,20,[],pass,20,hmc_chain,581.7233772948384,5000,1056013696,0.37709849319906624,100000,seed49_uivi_x_shaped,49,x_shaped,4.391485535759562,582.031675748527
torch.float64,2039e966ba63fbe9d2360f0767265fd6137a714705926dfba2820054c9009b84,seed50_uivi_x_shaped|UIVI|x_shaped|50|2000,results/default_config_grid/UIVI/x_shaped/20260502_121758/checkpoints/epoch_2000,2026-07-27T18:10:53.355442+00:00,cuda,,0.9998260253906249,1000,0.0,1.01547965840546,1.0022104546154225,0.0,1.0064875198849703,0.009999999776482582,0.009999999776482582,0.009999999776482582,20,0.0708604176210662,20,0.9986,0.9998100097656251,5000,1.0091259142652163,1.0007928396039432,0.0,1.0021317718028617,1,100000,,,,5,,2000,1024,736122275,NVIDIA GeForce RTX 3090,UIVI,,1.0636500411169016,1.6600361056550328,0.7219170479055267,0.23301523178815842,2.5666083575670777,941668352,ok,4.4831279250993665,0.2,posterior_hmc,0.008938362621577295,0.00047044013797775235,1.4733687813618381,20,[],pass,20,hmc_chain,559.8537097275257,5000,897406099,3.4805419531742947,100000,seed50_uivi_x_shaped,50,x_shaped,9.162490714623445,560.0867249593139
torch.float64,2039e966ba63fbe9d2360f0767265fd6137a714705926dfba2820054c9009b84,seed50_uivi_x_shaped|UIVI|x_shaped|50|4000,results/default_config_grid/UIVI/x_shaped/20260502_121758/checkpoints/epoch_4000,2026-07-27T18:20:13.832600+00:00,cuda,,0.9998310953776042,1000,0.0,1.0199148003989869,1.0024491060346836,0.0,1.0073614063385745,0.009999999776482582,0.009999999776482582,0.009999999776482582,20,0.07092477026671236,20,0.9986,0.9998160644531251,5000,1.0109220192297619,1.0007706316983918,0.0,1.0022779906796246,1,100000,,,,5,,4000,1024,2033309830,NVIDIA GeForce RTX 3090,UIVI,,2.2532212571719956,3.7331820935172115,0.7221023241742239,0.25686220079660416,5.278822214515102,1108978590,ok,2.701774155480603,0.4,posterior_hmc,0.016878421721443746,0.0008883379853391445,3.1203628374257297,20,[],pass,20,hmc_chain,560.1999980434775,5000,1725991383,0.42687843969640993,100000,seed50_uivi_x_shaped,50,x_shaped,5.4599192091869995,560.4568602442741
torch.float64,2039e966ba63fbe9d2360f0767265fd6137a714705926dfba2820054c9009b84,seed50_uivi_x_shaped|UIVI|x_shaped|50|6000,results/default_config_grid/UIVI/x_shaped/20260502_121758/checkpoints/epoch_6000,2026-07-27T18:29:26.587755+00:00,cuda,,0.9998382486979168,1000,0.0,1.0249348409466856,1.0027613246387073,0.0,1.0080017054778816,0.009999999776482582,0.009999999776482582,0.009999999776482582,20,0.07109968093546942,20,0.9988,0.9998237207031251,5000,1.015429054729967,1.0008028750423614,0.0,1.002442158785265,1,100000,,,,5,,6000,1024,81127325,NVIDIA GeForce RTX 3090,UIVI,,2.544920711167579,4.091498083525755,0.7052314342835845,0.30199041962623596,6.379041170556582,1330237776,ok,2.6118323208974292,0.6,posterior_hmc,0.02125165978794459,0.0011185084098918206,3.608631985828679,20,[],pass,20,hmc_chain,552.4295984879136,5000,2083850972,0.06898162240381542,100000,seed50_uivi_x_shaped,50,x_shaped,4.00416595708275,552.7315889075398
torch.float64,2039e966ba63fbe9d2360f0767265fd6137a714705926dfba2820054c9009b84,seed50_uivi_x_shaped|UIVI|x_shaped|50|8000,results/default_config_grid/UIVI/x_shaped/20260502_121758/checkpoints/epoch_8000,2026-07-27T18:38:52.707069+00:00,cuda,,0.999840087890625,1000,0.0,1.03300006963616,1.0026264929305135,0.0,1.008019776900633,0.009999999776482582,0.009999999776482582,0.009999999776482582,20,0.07111581562028597,20,0.9986,0.9998255566406251,5000,1.023222002599178,1.0007843969940493,0.0,1.0023559229452557,1,100000,,,,5,,8000,1024,757998965,NVIDIA GeForce RTX 3090,UIVI,,2.4246003757873407,3.7376560767369535,0.6169427164653369,0.3104753643274307,6.423583828408129,973841767,ok,2.4437263274368437,0.8,posterior_hmc,0.02097253751273824,0.0011038177638283285,3.930025124015817,20,[],pass,20,hmc_chain,565.7852753773332,5000,565908302,0.059401301308126125,100000,seed50_uivi_x_shaped,50,x_shaped,4.400926685858878,566.0957507416606
torch.float64,2039e966ba63fbe9d2360f0767265fd6137a714705926dfba2820054c9009b84,seed50_uivi_x_shaped|UIVI|x_shaped|50|10000,results/default_config_grid/UIVI/x_shaped/20260502_121758/checkpoints/epoch_10000,2026-07-27T18:48:22.326477+00:00,cuda,,0.9998361165364582,1000,0.0,1.0290836987553844,1.0026182187498476,0.0,1.0078299516096134,0.009999999776482582,0.009999999776482582,0.009999999776482582,20,0.07107923799545156,20,0.9988,0.9998212304687502,5000,1.0128799978661758,1.0008084208293817,0.0,1.0024621957830782,1,100000,,,,5,,10000,1024,1674465177,NVIDIA GeForce RTX 3090,UIVI,,2.4782830532688527,3.4727607612213505,0.654262023692911,0.30502527207136154,6.156971598415039,1416195950,ok,2.563727546350049,1.0,posterior_hmc,0.02110034722701063,0.0011105445908952964,3.7879060124572916,20,[],pass,20,hmc_chain,569.290064163506,5000,343944214,0.07319714188298311,100000,seed50_uivi_x_shaped,50,x_shaped,4.423010952789706,569.5950894355774
torch.float64,2039e966ba63fbe9d2360f0767265fd6137a714705926dfba2820054c9009b84,seed42_aisivi_x_shaped|AISIVI|x_shaped|42|2000,results/default_config_grid/AISIVI/x_shaped/20260428_055416/checkpoints/epoch_2000,2026-07-27T18:11:16.821567+00:00,cuda,128,0.9821579508463542,1000,0.0005218424479166667,1.4611407312013793,1.004284606291779,0.0,1.03690891720837,0.009999999776482582,0.005050755105912685,0.009999999776482582,20,0.05386324700832837,20,0.11560000000000001,0.980764853515625,5000,1.1156419439445284,1.000695154493866,0.0,1.0069358034949092,1,100000,1.9073486328125e-06,446.95960235595703,1.3834686279296875,1024,,2000,1024,391770985,NVIDIA GeForce RTX 3090,AISIVI,,47.133090535206286,550.7168614903301,26.388661265056026,0.20914695411920547,49.253489584577146,1279119627,ok,52.59228909771642,0.2,posterior_hmc,1.1898483894905945,0.06262359944687339,1.7861114689292752,20,[],pass,20,hmc_chain,582.0027711689472,5000,957576488,5.709004014568594,100000,seed42_aisivi_x_shaped,42,x_shaped,11.244670203246686,582.2119181230664
torch.float64,2039e966ba63fbe9d2360f0767265fd6137a714705926dfba2820054c9009b84,seed42_aisivi_x_shaped|AISIVI|x_shaped|42|4000,results/default_config_grid/AISIVI/x_shaped/20260428_055416/checkpoints/epoch_4000,2026-07-27T18:21:14.060189+00:00,cuda,128,0.987556241861979,1000,0.00020450032552083334,2.786344796148269,1.0039072480853628,0.0,1.0196152756877752,0.009999999776482582,0.00662301667034626,0.009999999776482582,20,0.057239498237528864,20,0.1454,0.9865541992187501,5000,1.1801039671418208,1.0005150121211774,0.0,1.0069162350617076,1,100000,9.5367431640625e-07,441.44581604003906,1.0,1024,,4000,1024,309132186,NVIDIA GeForce RTX 3090,AISIVI,,741.5620526852128,15771.753515869052,242.66072893963238,0.1544085517525673,745.8353590291545,1257549133,ok,747.9252618122606,0.4,posterior_hmc,1.1205692331399135,0.05897732805999545,3.055962355036418,20,[],pass,20,hmc_chain,597.0175218209624,5000,20228649,1.3281609350666714,100000,seed42_aisivi_x_shaped,42,x_shaped,5.459576486638868,597.171930372715
torch.float64,2039e966ba63fbe9d2360f0767265fd6137a714705926dfba2820054c9009b84,seed42_aisivi_x_shaped|AISIVI|x_shaped|42|6000,results/default_config_grid/AISIVI/x_shaped/20260428_055416/checkpoints/epoch_6000,2026-07-27T18:30:40.856275+00:00,cuda,128,0.9835453125000001,1000,0.00012882486979166665,1.8120333602795922,1.0036807326659012,0.0,1.0174459209289057,0.009999999776482582,0.006104708183556795,0.009999999776482582,20,0.053412553253888786,20,0.17,0.9822853222656251,5000,1.1189891374214869,1.0004278848157961,0.0,1.0067233933715316,1,100000,2.86102294921875e-06,390.8360404968262,1.11160147190094,1024,,6000,1024,737030540,NVIDIA GeForce RTX 3090,AISIVI,,480.48647433834867,11659.46931735672,125.36060546607732,0.1595717892050743,487.75721556814415,485798181,ok,479.1983544630141,0.6,posterior_hmc,2.901872810468566,0.1527301479193982,3.832834665658732,20,[],pass,20,hmc_chain,566.5624323785305,5000,1908501300,1.109637374634589,100000,seed42_aisivi_x_shaped,42,x_shaped,4.906013083906949,566.7220041677356
torch.float64,2039e966ba63fbe9d2360f0767265fd6137a714705926dfba2820054c9009b84,seed42_aisivi_x_shaped|AISIVI|x_shaped|42|8000,results/default_config_grid/AISIVI/x_shaped/20260428_055416/checkpoints/epoch_8000,2026-07-27T18:40:32.000571+00:00,cuda,128,0.9840794677734375,1000,0.0001275390625,2.099450689384663,1.0037287966228092,0.0,1.0206828075303476,0.009999999776482582,0.006429778877645731,0.009999999776482582,20,0.054039007977049226,20,0.33740000000000003,0.9827923046875,5000,1.0463487412083843,1.0003917299907605,0.0,1.006507742304933,1,100000,9.5367431640625e-07,401.49255752563477,1.0137977600097656,1024,,8000,1024,1299754925,NVIDIA GeForce RTX 3090,AISIVI,,141.58221799072393,1813.6105419857581,38.56140654868491,0.16990972310304642,144.75003398966504,420511241,ok,139.89251441750253,0.8,posterior_hmc,1.10193884345213,0.057996781234322635,3.671604089751556,20,[],pass,20,hmc_chain,590.8995253741741,5000,68792728,0.8034073735409645,100000,seed42_aisivi_x_shaped,42,x_shaped,4.54150157433989,591.0694350972772
torch.float64,2039e966ba63fbe9d2360f0767265fd6137a714705926dfba2820054c9009b84,seed42_aisivi_x_shaped|AISIVI|x_shaped|42|10000,results/default_config_grid/AISIVI/x_shaped/20260428_055416/checkpoints/epoch_10000,2026-07-27T18:50:11.945832+00:00,cuda,128,0.9844112711588542,1000,0.000169873046875,1.3583725541618255,1.004024872027645,0.0,1.019751170600741,0.009999999776482582,0.0064649274572730064,0.009999999776482582,20,0.05424957778740278,20,0.014400000000000001,0.983136259765625,5000,1.121048330501617,1.0003710248152677,0.0,1.0064826008519407,1,100000,0.0,380.7212600708008,1.2075990438461304,1024,,10000,1024,2050849044,NVIDIA GeForce RTX 3090,AISIVI,,72.38197019057043,664.426246586409,21.03952069962857,0.16037282347679138,77.68549394909576,755539159,ok,73.06999214027992,1.0,posterior_hmc,2.1384430559982586,0.11254963452622413,3.4402860798938377,20,['hmc_post_burn_acceptance_min=0.0144 >= 0.05 failed'],warning,20,hmc_chain,579.7028809934855,5000,692723080,0.8843748009073086,100000,seed42_aisivi_x_shaped,42,x_shaped,4.493695705499129,579.8632538169622
torch.float64,2039e966ba63fbe9d2360f0767265fd6137a714705926dfba2820054c9009b84,seed43_aisivi_x_shaped|AISIVI|x_shaped|43|2000,results/default_config_grid/AISIVI/x_shaped/20260428_082128/checkpoints/epoch_2000,2026-07-27T18:10:36.727673+00:00,cuda,128,0.9992260986328125,1000,1.4680989583333333e-05,1.0715944881499062,1.0023237826610263,0.0,1.0091022301502022,0.009999999776482582,0.009999999776482582,0.009999999776482582,20,0.06647412967089276,20,0.8402000000000001,0.9991604589843752,5000,1.040408552213398,1.0005043530160125,0.0,1.0021604606581571,1,100000,9.5367431640625e-07,657.1993637084961,7.427454471588135,1024,,2000,1024,1360479881,NVIDIA GeForce RTX 3090,AISIVI,,0.12813319519296612,1.0076776637428364,0.07021784156834843,0.20008648931980133,1.9565490095202325,1743879029,ok,3.307290026715691,0.2,posterior_hmc,0.017794017665604702,0.0009365272455581422,1.824795412833136,20,[],pass,20,hmc_chain,542.7395641058683,5000,815976623,3.2135376215352847,100000,seed43_aisivi_x_shaped,43,x_shaped,9.26053317740367,542.9396505951881
torch.float64,2039e966ba63fbe9d2360f0767265fd6137a714705926dfba2820054c9009b84,seed43_aisivi_x_shaped|AISIVI|x_shaped|43|4000,results/default_config_grid/AISIVI/x_shaped/20260428_082128/checkpoints/epoch_4000,2026-07-27T18:20:04.059436+00:00,cuda,128,0.9995748779296874,1000,0.0,1.1348924732014252,1.00306434407018,0.0,1.0088334295662353,0.009999999776482582,0.009999999776482582,0.009999999776482582,20,0.0675282316021999,20,0.9928,0.9995409667968751,5000,1.0738633706221494,1.0005988694469183,0.0,1.0024563643479512,1,100000,9.5367431640625e-07,646.3413162231445,24.593595504760742,1024,,4000,1024,1123958432,NVIDIA GeForce RTX 3090,AISIVI,,0.06209628957476589,0.5980346997004392,0.0198982074952136,0.15683990716934204,3.2012322856492235,1513596043,ok,0.28440048785190375,0.4,posterior_hmc,0.02160339727494463,0.001137020909207612,3.120697660314518,20,[],pass,20,hmc_chain,567.1078029125929,5000,914715598,0.2631207351496235,100000,seed43_aisivi_x_shaped,43,x_shaped,4.759553990976625,567.2646428197622
torch.float64,2039e966ba63fbe9d2360f0767265fd6137a714705926dfba2820054c9009b84,seed43_aisivi_x_shaped|AISIVI|x_shaped|43|6000,results/default_config_grid/AISIVI/x_shaped/20260428_082128/checkpoints/epoch_6000,2026-07-27T18:29:26.345962+00:00,cuda,128,0.999662353515625,1000,0.0,1.0336553683487921,1.0032492596501106,0.0,1.0092541128138932,0.009999999776482582,0.009999999776482582,0.009999999776482582,20,0.06846335489503924,20,0.9962000000000001,0.9996338281250001,5000,1.0242176622470396,1.0007243837730708,0.0,1.0025042694011288,1,100000,9.5367431640625e-07,631.3801498413086,54.02632141113281,1024,,6000,1024,303685355,NVIDIA GeForce RTX 3090,AISIVI,,0.03137242876720754,0.07350134842485194,0.007537155185092559,0.15569879859685898,4.177494914983441,1430695489,ok,0.051070205835679214,0.6,posterior_hmc,0.024226608174774088,0.0012750846407775837,4.16237001849953,20,[],pass,20,hmc_chain,562.0600171536207,5000,1020324133,0.02135055559549791,100000,seed43_aisivi_x_shaped,43,x_shaped,4.24318020015497,562.2157159522176
torch.float64,2039e966ba63fbe9d2360f0767265fd6137a714705926dfba2820054c9009b84,seed43_aisivi_x_shaped|AISIVI|x_shaped|43|8000,results/default_config_grid/AISIVI/x_shaped/20260428_082128/checkpoints/epoch_8000,2026-07-27T18:39:05.557637+00:00,cuda,128,0.9996565511067708,1000,0.0,1.0538096201126237,1.0031917932069128,0.0,1.0097455732002092,0.009999999776482582,0.009999999776482582,0.009999999776482582,20,0.06842889697510472,20,0.9932000000000001,0.9996293164062501,5000,1.048138514496035,1.0007278918591767,0.0,1.0025208456131744,1,100000,0.0,626.8561477661133,37.13784408569336,1024,,8000,1024,876224264,NVIDIA GeForce RTX 3090,AISIVI,,0.03185912067522066,0.06324711121241597,0.008087292183591492,0.15365176647901535,3.991862203574183,633214341,ok,0.04989020531943296,0.8,posterior_hmc,0.02617139567255134,0.001377441877502702,3.9394051744365592,20,[],pass,20,hmc_chain,578.9848724752665,5000,1747708022,0.02076438678674524,100000,seed43_aisivi_x_shaped,43,x_shaped,4.038284591581417,579.1385242417455
torch.float64,2039e966ba63fbe9d2360f0767265fd6137a714705926dfba2820054c9009b84,seed43_aisivi_x_shaped|AISIVI|x_shaped|43|10000,results/default_config_grid/AISIVI/x_shaped/20260428_082128/checkpoints/epoch_10000,2026-07-27T18:48:58.533882+00:00,cuda,128,0.9996886800130208,1000,0.0,1.1047921968761818,1.0032509813758281,0.0,1.0093959660598444,0.009999999776482582,0.009999999776482582,0.009999999776482582,20,0.06885995073154023,20,0.9958,0.99966298828125,5000,1.0432313669998583,1.0007350481627948,0.0,1.0023994683867399,1,100000,0.0,623.1555099487305,5.335846424102783,1024,,10000,1024,970683008,NVIDIA GeForce RTX 3090,AISIVI,,0.03584452992281857,0.1696214828806121,0.008914627616692917,0.15817828476428986,4.027425689715909,1546222708,ok,0.05141362819799786,1.0,posterior_hmc,0.024022731371603996,0.0012643542827159998,4.02086676685166,20,[],pass,20,hmc_chain,592.7465570122004,5000,695574295,0.017745757435434453,100000,seed43_aisivi_x_shaped,43,x_shaped,4.026927220686337,592.9047352969646
torch.float64,2039e966ba63fbe9d2360f0767265fd6137a714705926dfba2820054c9009b84,seed45_aisivi_x_shaped|AISIVI|x_shaped|45|2000,results/default_config_grid/AISIVI/x_shaped/20260428_132642/checkpoints/epoch_2000,2026-07-27T18:10:46.487286+00:00,cuda,128,0.9890807617187498,1000,7.212727864583333e-05,2.0177023014746194,1.0051507338250265,0.0,1.0257945540787834,0.009999999776482582,0.0035304261837154627,0.009999999776482582,20,0.05957626195236798,20,0.35000000000000003,0.988586552734375,5000,1.0976286080086541,1.0009279112691571,0.0,1.003923078770983,1,100000,0.0,299.1309700012207,1.0,1024,,2000,1024,1998609738,NVIDIA GeForce RTX 3090,AISIVI,,8430.954375370191,61811.00995942029,5569.307914760238,0.21970918029546738,8443.816238045969,1496074038,ok,8352.546490558783,0.2,posterior_hmc,2.8795900822665703,0.1515573727508721,1.5138244292483418,20,[],pass,20,hmc_chain,551.703369602561,5000,1808894257,77.64819257840499,100000,seed45_aisivi_x_shaped,45,x_shaped,82.00730530259726,551.9230787828565
torch.float64,2039e966ba63fbe9d2360f0767265fd6137a714705926dfba2820054c9009b84,seed45_aisivi_x_shaped|AISIVI|x_shaped|45|4000,results/default_config_grid/AISIVI/x_shaped/20260428_132642/checkpoints/epoch_4000,2026-07-27T18:20:22.461995+00:00,cuda,128,0.9906099283854165,1000,0.0003056884765625,2.9491057334891893,1.007385703590709,0.0,1.0811354388020538,0.009999999776482582,0.006565232761204243,0.009999999776482582,20,0.05988035871179116,20,0.5926,0.98991388671875,5000,1.7852555758652113,1.0007814259154417,0.0,1.0076387910796427,1,100000,0.0,354.2932243347168,1.0937573909759521,1024,,4000,1024,537760224,NVIDIA GeForce RTX 3090,AISIVI,,46.08104253545174,443.49918512694296,12.4366084641216,0.15193386375904083,48.823064961670354,930340500,ok,48.303972015165556,0.4,posterior_hmc,0.5800745110287747,0.03053023742256709,3.7052740438352667,20,[],pass,20,hmc_chain,575.7545948773623,5000,838478292,2.5690932614401643,100000,seed45_aisivi_x_shaped,45,x_shaped,6.202962969328619,575.9065287411213
torch.float64,2039e966ba63fbe9d2360f0767265fd6137a714705926dfba2820054c9009b84,seed45_aisivi_x_shaped|AISIVI|x_shaped|45|6000,results/default_config_grid/AISIVI/x_shaped/20260428_132642/checkpoints/epoch_6000,2026-07-27T18:29:43.954098+00:00,cuda,128,0.9909120035807292,1000,0.00012642415364583334,2.012788597974268,1.0080286143488926,0.0,1.1296206771550628,0.009999999776482582,0.0068445573560893536,0.009999999776482582,20,0.059688754670246015,20,0.49460000000000004,0.9901655468750001,5000,1.1412847107129171,1.000724537015865,0.0,1.0119022423273536,1,100000,0.0,295.5650062561035,1.128239631652832,1024,,6000,1024,284872271,NVIDIA GeForce RTX 3090,AISIVI,,104.83205632614283,1130.2789835159513,27.019881798793218,0.15428023785352707,106.32819429628027,1526838159,ok,106.70056271868123,0.6,posterior_hmc,0.7177615734315701,0.037776924917451056,3.879811803278315,20,[],pass,20,hmc_chain,561.2657235041261,5000,913442798,1.9926088369970216,100000,seed45_aisivi_x_shaped,45,x_shaped,4.984645763679404,561.4200037419796
torch.float64,2039e966ba63fbe9d2360f0767265fd6137a714705926dfba2820054c9009b84,seed45_aisivi_x_shaped|AISIVI|x_shaped|45|8000,results/default_config_grid/AISIVI/x_shaped/20260428_132642/checkpoints/epoch_8000,2026-07-27T18:38:38.616602+00:00,cuda,128,0.9891877197265626,1000,0.00019419759114583333,2.445618956549819,1.008405652119227,0.0,1.0939465378174147,0.009999999776482582,0.005940343253314495,0.009999999776482582,20,0.05826272360249381,20,0.5688,0.988367724609375,5000,1.51594294494349,1.000788639083785,0.0,1.0132198851844751,1,100000,0.0,299.9737968444824,1.151295781135559,1024,,8000,1024,34049182,NVIDIA GeForce RTX 3090,AISIVI,,100.26371967373461,1450.9056517585536,27.567489008790197,0.15457122772932053,103.05194543402924,1128424865,ok,101.44648676917834,0.8,posterior_hmc,0.6959245121646238,0.03662760590340125,3.63702764665162,20,[],pass,20,hmc_chain,534.4375298395753,5000,1013534203,1.5850756534302322,100000,seed45_aisivi_x_shaped,45,x_shaped,4.980779244047449,534.5921010673046
torch.float64,2039e966ba63fbe9d2360f0767265fd6137a714705926dfba2820054c9009b84,seed45_aisivi_x_shaped|AISIVI|x_shaped|45|10000,results/default_config_grid/AISIVI/x_shaped/20260428_132642/checkpoints/epoch_10000,2026-07-27T18:47:15.200918+00:00,cuda,128,0.9903488525390625,1000,0.00022727864583333332,2.0738088024025583,1.008045440474902,0.0,1.0693365504085155,0.009999999776482582,0.006659217178821564,0.009999999776482582,20,0.058723579182473576,20,0.36360000000000003,0.9895824804687501,5000,1.1565880446569898,1.0007026395898588,0.0,1.0096343865003727,1,100000,9.5367431640625e-07,295.05826568603516,1.0400640964508057,1024,,10000,1024,1689167465,NVIDIA GeForce RTX 3090,AISIVI,,85.51147900581793,1201.7387736268731,22.664898809595446,0.15812309831380844,86.4717518490692,1666395565,ok,82.3889560155758,1.0,posterior_hmc,0.7872234745243016,0.04143281444864746,3.7728595095079647,20,[],pass,20,hmc_chain,516.3526071757078,5000,1065261656,1.907696987179458,100000,seed45_aisivi_x_shaped,45,x_shaped,5.087269547430347,516.5107302740216
torch.float64,2039e966ba63fbe9d2360f0767265fd6137a714705926dfba2820054c9009b84,seed49_aisivi_x_shaped|AISIVI|x_shaped|49|2000,results/default_config_grid/AISIVI/x_shaped/20260502_100806/checkpoints/epoch_2000,2026-07-27T18:11:23.146607+00:00,cuda,128,0.9883267659505208,1000,0.00054453125,2.5301486062092207,1.006036124722405,0.0,1.0452439345285758,0.009999999776482582,0.0044263629242777824,0.009999999776482582,20,0.05956430831867674,20,0.1884,0.9875381542968751,5000,1.4611804497238565,1.0009931218658235,0.0,1.0107618879979257,1,100000,0.0,435.43188095092773,1.836221694946289,1024,,2000,1024,1119891839,NVIDIA GeForce RTX 3090,AISIVI,,14.521368435089279,116.49125190175268,8.664540231151447,0.21587668359279633,16.0621094198637,72929325,ok,18.966850477690897,0.2,posterior_hmc,1.2903751215836317,0.06791448008334904,1.6759537203002295,20,[],pass,20,hmc_chain,588.5930449217558,5000,148626086,4.48395492824001,100000,seed49_aisivi_x_shaped,49,x_shaped,9.513162149996088,588.8089216053486
torch.float64,2039e966ba63fbe9d2360f0767265fd6137a714705926dfba2820054c9009b84,seed49_aisivi_x_shaped|AISIVI|x_shaped|49|4000,results/default_config_grid/AISIVI/x_shaped/20260502_100806/checkpoints/epoch_4000,2026-07-27T18:21:19.798524+00:00,cuda,128,0.9822278889973959,1000,0.0006860921223958333,1.3991990057685186,1.004885627246592,0.0,1.035959835685616,0.009999999776482582,0.005240789148956537,0.009999999776482582,20,0.05519457994788153,20,0.23420000000000002,0.980804501953125,5000,1.1446260403685078,1.0005918788535324,0.0,1.0146040771594385,1,100000,9.5367431640625e-07,359.00708770751953,5.021406650543213,1024,,4000,1024,1426040198,NVIDIA GeForce RTX 3090,AISIVI,,14.21138014257799,64.68737122161107,4.612908114205633,0.16687658429145813,17.312596005988233,529790711,ok,14.927604857659192,0.4,posterior_hmc,2.4677937351451167,0.1298838807971114,3.08078543745831,20,[],pass,20,hmc_chain,596.4046570956707,5000,932652243,1.337887633041933,100000,seed49_aisivi_x_shaped,49,x_shaped,5.580269735077545,596.5715336799622
torch.float64,2039e966ba63fbe9d2360f0767265fd6137a714705926dfba2820054c9009b84,seed49_aisivi_x_shaped|AISIVI|x_shaped|49|6000,results/default_config_grid/AISIVI/x_shaped/20260502_100806/checkpoints/epoch_6000,2026-07-27T18:31:12.927820+00:00,cuda,128,0.9768179850260417,1000,0.0004596110026041667,1.5419377941404084,1.0044079149139082,0.0,1.0294638805232637,0.009999999776482582,0.005300155375152826,0.009999999776482582,20,0.05034393662463115,20,0.2904,0.9750216015625001,5000,1.168708492942538,1.0003947662328054,0.0,1.013701543149031,1,100000,1.9073486328125e-06,313.76866912841797,2.202075481414795,1024,,6000,1024,750149860,NVIDIA GeForce RTX 3090,AISIVI,,51.39991110922432,337.12685703615716,14.123670055564011,0.163728266954422,54.273145142830685,1990886107,ok,52.007478338162315,0.6,posterior_hmc,2.564414924959226,0.13496920657680136,3.639274417131782,20,[],pass,20,hmc_chain,592.8910463899374,5000,1008222270,0.8198494219764643,100000,seed49_aisivi_x_shaped,49,x_shaped,4.416974383391134,593.0547746568918
torch.float64,2039e966ba63fbe9d2360f0767265fd6137a714705926dfba2820054c9009b84,seed49_aisivi_x_shaped|AISIVI|x_shaped|49|8000,results/default_config_grid/AISIVI/x_shaped/20260502_100806/checkpoints/epoch_8000,2026-07-27T18:41:12.810885+00:00,cuda,128,0.9790527750651041,1000,0.00044891764322916667,1.7407816075672848,1.0049162514514283,0.0,1.023644229359162,0.009999999776482582,0.006030641496181488,0.009999999776482582,20,0.05132271413106526,20,0.035,0.9772924707031252,5000,1.5848550588490025,1.0002717876114369,0.0,1.0100589946170095,1,100000,0.0,272.1188735961914,1.5159915685653687,1024,,8000,1024,2120538885,NVIDIA GeForce RTX 3090,AISIVI,,97.54938878002261,902.3691093740191,25.21580715382921,0.16619180142879486,102.3347047106555,1786264616,ok,97.85989235561208,0.8,posterior_hmc,1.622965740040578,0.08541924947581989,3.8685808542602613,20,['hmc_post_burn_acceptance_min=0.035 >= 0.05 failed'],warning,20,hmc_chain,599.643225133419,5000,1710240626,0.6530016446213369,100000,seed49_aisivi_x_shaped,49,x_shaped,4.698728931382799,599.8094169348478
torch.float64,2039e966ba63fbe9d2360f0767265fd6137a714705926dfba2820054c9009b84,seed49_aisivi_x_shaped|AISIVI|x_shaped|49|10000,results/default_config_grid/AISIVI/x_shaped/20260502_100806/checkpoints/epoch_10000,2026-07-27T18:51:08.945087+00:00,cuda,128,0.9779557942708333,1000,0.0004547281901041667,1.144407675834167,1.0039688943502023,0.0,1.0248652848686495,0.009999999776482582,0.0060387905687093735,0.009999999776482582,20,0.05004507656578083,20,0.22440000000000002,0.9760748828125001,5000,1.097837294693013,1.0002395449806027,0.0,1.0088053559871542,1,100000,9.5367431640625e-07,268.50224685668945,1.1017581224441528,1024,,10000,1024,634731220,NVIDIA GeForce RTX 3090,AISIVI,,52.99303595178046,260.50324217210823,14.217617352033038,0.16193117946386337,57.66332557583743,728096946,ok,53.633472559735026,1.0,posterior_hmc,1.7986500182804865,0.09466579043581508,3.7272796587258528,20,[],pass,20,hmc_chain,595.8960425257683,5000,85938443,0.9737396099936491,100000,seed49_aisivi_x_shaped,49,x_shaped,5.047572247898874,596.0579737052321
torch.float64,2039e966ba63fbe9d2360f0767265fd6137a714705926dfba2820054c9009b84,seed50_aisivi_x_shaped|AISIVI|x_shaped|50|2000,results/default_config_grid/AISIVI/x_shaped/20260502_125218/checkpoints/epoch_2000,2026-07-27T18:10:53.234121+00:00,cuda,128,0.9745600260416666,1000,0.0008673909505208334,2.6505343970194493,1.0041580603782005,0.0,1.0369140878507985,0.009999999776482582,0.003896870417520404,0.009999999776482582,20,0.04795733399477748,20,0.159,0.9729280175781251,5000,1.3769140584412136,1.0005434380538905,0.0,1.012781363836208,1,100000,1.9073486328125e-06,413.7233200073242,1.0,1024,,2000,1024,1843141720,NVIDIA GeForce RTX 3090,AISIVI,,92.23672538624083,1080.1230860292405,52.981509013683564,0.14568914473056793,93.24519922656927,346957780,ok,96.81522357552589,0.2,posterior_hmc,2.7537274342755307,0.1449330228566069,1.7409229579025165,20,[],pass,20,hmc_chain,559.6121151745319,5000,1901981973,6.681138614068742,100000,seed50_aisivi_x_shaped,50,x_shaped,12.212284500207751,559.7578043192625
torch.float64,2039e966ba63fbe9d2360f0767265fd6137a714705926dfba2820054c9009b84,seed50_aisivi_x_shaped|AISIVI|x_shaped|50|4000,results/default_config_grid/AISIVI/x_shaped/20260502_125218/checkpoints/epoch_4000,2026-07-27T18:20:12.153066+00:00,cuda,128,0.9752519205729165,1000,0.00044100748697916667,1.653501075380168,1.002903657730488,0.0,1.0220001608944445,0.009999999776482582,0.0046809338964521885,0.009999999776482582,20,0.046744455201521914,20,0.1862,0.9734101464843751,5000,1.3836270648388,1.0002546035538762,0.0,1.0062153722906686,1,100000,3.814697265625e-06,336.4026985168457,1.0001378059387207,1024,,4000,1024,1702189690,NVIDIA GeForce RTX 3090,AISIVI,,600.1136325722148,8734.730565304937,200.01731715287204,0.13637059181928635,601.268909082932,1906940249,ok,601.7935474591271,0.4,posterior_hmc,8.774391816825661,0.4618100956224032,3.0003083788667735,20,[],pass,20,hmc_chain,558.7257343754172,5000,396323454,2.71853215453314,100000,seed50_aisivi_x_shaped,50,x_shaped,7.402640061754484,558.8621049672365
torch.float64,2039e966ba63fbe9d2360f0767265fd6137a714705926dfba2820054c9009b84,seed50_aisivi_x_shaped|AISIVI|x_shaped|50|6000,results/default_config_grid/AISIVI/x_shaped/20260502_125218/checkpoints/epoch_6000,2026-07-27T18:29:46.212874+00:00,cuda,128,0.9759558430989582,1000,0.0004800862630208333,1.9209966440247868,1.0032326010302486,0.0,1.0198451996281401,0.009999999776482582,0.005243122112005949,0.009999999776482582,20,0.04770359822267059,20,0.2326,0.9740679394531251,5000,1.2098427962742884,1.0002887024778404,0.0,1.0037895462132693,1,100000,9.5367431640625e-07,311.16430282592773,1.0,1024,,6000,1024,1095708895,NVIDIA GeForce RTX 3090,AISIVI,,2261.1445871901956,69596.24367063586,608.7959456044739,0.15829700231552124,2276.0707240965335,1866578322,ok,2267.398684282853,0.6,posterior_hmc,1.8633233280285493,0.09806964884360786,3.7141255678782543,20,[],pass,20,hmc_chain,573.8291150778532,5000,872265200,0.589832984940964,100000,seed50_aisivi_x_shaped,50,x_shaped,4.153644764219926,573.9874120801687
torch.float64,2039e966ba63fbe9d2360f0767265fd6137a714705926dfba2820054c9009b84,seed50_aisivi_x_shaped|AISIVI|x_shaped|50|8000,results/default_config_grid/AISIVI/x_shaped/20260502_125218/checkpoints/epoch_8000,2026-07-27T18:39:18.897115+00:00,cuda,128,0.9765185791015626,1000,0.0005357828776041667,3.077311942126011,1.0032556819025698,0.0,1.02073215246198,0.009999999776482582,0.0055078258737921715,0.009999999776482582,20,0.04826456527590139,20,0.1358,0.9746462792968752,5000,1.1622707045784069,1.000287178424322,0.0,1.004493211738628,1,100000,0.0,287.9366340637207,1.7265058755874634,1024,,8000,1024,1939216858,NVIDIA GeForce RTX 3090,AISIVI,,161.3809657710961,2184.778062762342,41.30162339788215,0.15197555720806122,163.62979561711774,1023529948,ok,163.12950435792527,0.8,posterior_hmc,1.8373024456800089,0.09670012872000047,3.907375848557355,20,[],pass,20,hmc_chain,572.4624499902129,5000,490007307,0.6993043797945098,100000,seed50_aisivi_x_shaped,50,x_shaped,4.641934632125358,572.614425547421
torch.float64,2039e966ba63fbe9d2360f0767265fd6137a714705926dfba2820054c9009b84,seed50_aisivi_x_shaped|AISIVI|x_shaped|50|10000,results/default_config_grid/AISIVI/x_shaped/20260502_125218/checkpoints/epoch_10000,2026-07-27T18:48:56.632824+00:00,cuda,128,0.9767241699218749,1000,0.0006698323567708333,1.808268290993993,1.003297332239619,0.0,1.0173811052387165,0.009999999776482582,0.005985687952488661,0.009999999776482582,20,0.0485834193199948,20,0.2328,0.9747979101562501,5000,1.4089225627829038,1.0003147203438494,0.0,1.0048157806513633,1,100000,9.5367431640625e-07,309.2125778198242,1.0010524988174438,1024,,10000,1024,1245838106,NVIDIA GeForce RTX 3090,AISIVI,,227.4495084196472,4925.001724407023,57.79730461913405,0.15975786745548248,231.41490482114216,384095480,ok,232.76362733525377,1.0,posterior_hmc,1.7905798412509943,0.09424104427636812,3.9352961166349796,20,[],pass,20,hmc_chain,577.504614084959,5000,1720818351,0.6305000043205105,100000,seed50_aisivi_x_shaped,50,x_shaped,4.507721925512024,577.6643719524145
torch.float64,2039e966ba63fbe9d2360f0767265fd6137a714705926dfba2820054c9009b84,seed42_dsivi_x_shaped|DSIVI|x_shaped|42|2000,results/default_config_grid/DSIVI/x_shaped/20260504_125719/checkpoints/epoch_2000,2026-07-27T18:11:22.424175+00:00,cuda,,0.966814111328125,1000,0.0013998453776041667,1.8702419271783213,1.0040793591769015,0.0,1.032445308074975,0.009999999776482582,0.005933424923568964,0.009999999776482582,20,0.041017341589217354,20,0.302,0.963751904296875,5000,1.1269212781496316,1.0002461323454575,0.0,1.0037440382473635,1,100000,,,,0,,2000,1024,1422744530,NVIDIA GeForce RTX 3090,DSIVI,,2.4822109093032285,24.108895047848225,0.5790137692660839,0.0006641596555709839,1.7037370411752524,118406005,ok,4.130294073565571,0.2,posterior_hmc,2.074958194603974,0.1092083260317881,4.286963524977135,20,[],pass,20,hmc_chain,588.7913950681686,5000,188299586,6.070844401636823,100000,seed42_dsivi_x_shaped,42,x_shaped,8.893927084512637,588.7920592278242
torch.float64,2039e966ba63fbe9d2360f0767265fd6137a714705926dfba2820054c9009b84,seed42_dsivi_x_shaped|DSIVI|x_shaped|42|4000,results/default_config_grid/DSIVI/x_shaped/20260504_125719/checkpoints/epoch_4000,2026-07-27T18:20:59.731840+00:00,cuda,,0.9849886555989585,1000,3.241373697916667e-05,1.2410156997295525,1.0031633466082657,0.0,1.0119535600145488,0.009999999776482582,0.007204016204923391,0.009999999776482582,20,0.048194849348550756,20,0.8184,0.9836894238281251,5000,1.0208819691109294,1.0001988071893928,0.0,1.0035076293842968,1,100000,,,,0,,4000,1024,1229126924,NVIDIA GeForce RTX 3090,DSIVI,,2.069627937792013,9.851756481955452,0.37834942084831763,0.0006391406059265137,3.664301487144216,1687605431,ok,0.49924668707318254,0.4,posterior_hmc,0.6073619962859018,0.031966420857152726,5.470149612365175,20,[],pass,20,hmc_chain,577.284694083035,5000,1678071490,2.1351861650649124,100000,seed42_dsivi_x_shaped,42,x_shaped,5.08613440721863,577.2853332236409
torch.float64,2039e966ba63fbe9d2360f0767265fd6137a714705926dfba2820054c9009b84,seed42_dsivi_x_shaped|DSIVI|x_shaped|42|6000,results/default_config_grid/DSIVI/x_shaped/20260504_125719/checkpoints/epoch_6000,2026-07-27T18:30:43.792402+00:00,cuda,,0.9952291666666668,1000,4.801432291666666e-07,1.5731305189179323,1.0028935124804959,0.0,1.0103537068858803,0.009999999776482582,0.009993861429393291,0.009999999776482582,20,0.06030643602776701,20,0.8798,0.9947795214843751,5000,1.1609941704510383,1.0004198318725286,0.0,1.003097223155302,1,100000,,,,0,,6000,1024,2011215148,NVIDIA GeForce RTX 3090,DSIVI,,0.32998226338841175,1.260538462323647,0.07959009517418707,0.0005597025156021118,3.860293067942961,1271258489,ok,0.17127956442918862,0.6,posterior_hmc,0.18200644627085913,0.00957928664583469,4.146021721248459,20,[],pass,20,hmc_chain,584.0329667627811,5000,1096717799,0.42850254339778465,100000,seed42_dsivi_x_shaped,42,x_shaped,3.932855039289885,584.0335264652967
torch.float64,2039e966ba63fbe9d2360f0767265fd6137a714705926dfba2820054c9009b84,seed42_dsivi_x_shaped|DSIVI|x_shaped|42|8000,results/default_config_grid/DSIVI/x_shaped/20260504_125719/checkpoints/epoch_8000,2026-07-27T18:40:34.531987+00:00,cuda,,0.9952551350911458,1000,1.3509114583333334e-06,1.2087510747580996,1.0032720949531988,0.0,1.009850972895781,0.009999999776482582,0.009999366477131844,0.009999999776482582,20,0.060646541734495255,20,0.8344,0.9948088183593751,5000,1.1831334968151654,1.0004269218159396,0.0,1.0034567494561557,1,100000,,,,0,,8000,1024,1387132465,NVIDIA GeForce RTX 3090,DSIVI,,0.11284987934870921,0.45456236737606265,0.027870853221861374,0.0007328763604164124,3.8844036630045586,651196203,ok,0.1326835136341308,0.8,posterior_hmc,0.2207875685010084,0.011620398342158337,4.049028511986561,20,[],pass,20,hmc_chain,590.7133439853787,5000,1366769071,0.14108892448612256,100000,seed42_dsivi_x_shaped,42,x_shaped,3.748828407032739,590.7140768617392
torch.float64,2039e966ba63fbe9d2360f0767265fd6137a714705926dfba2820054c9009b84,seed42_dsivi_x_shaped|DSIVI|x_shaped|42|10000,results/default_config_grid/DSIVI/x_shaped/20260504_125719/checkpoints/epoch_10000,2026-07-27T18:50:43.304363+00:00,cuda,,0.9959987141927084,1000,2.1158854166666666e-07,1.2081890586459079,1.0033893288628126,0.0,1.0102310257974527,0.009999999776482582,0.009999999776482582,0.009999999776482582,20,0.061025218400214166,20,0.8464,0.995632724609375,5000,1.0871685926618535,1.000447355801778,0.0,1.0033149916488566,1,100000,,,,0,,10000,1024,541300602,NVIDIA GeForce RTX 3090,DSIVI,,0.07480491504211557,0.2697917341327237,0.01852453423879677,0.0010469630360603333,4.109452695358442,1564316009,ok,0.07678966288458808,1.0,posterior_hmc,0.15122974932757927,0.007959460490925224,4.038153622532018,20,[],pass,20,hmc_chain,608.7446754202247,5000,331707540,0.07793590035320373,100000,seed42_dsivi_x_shaped,42,x_shaped,4.058923619452841,608.7457223832607
torch.float64,2039e966ba63fbe9d2360f0767265fd6137a714705926dfba2820054c9009b84,seed43_dsivi_x_shaped|DSIVI|x_shaped|43|2000,results/default_config_grid/DSIVI/x_shaped/20260504_130200/checkpoints/epoch_2000,2026-07-27T18:10:48.026756+00:00,cuda,,0.9795841064453126,1000,6.417643229166667e-05,2.4467870888329504,1.0045139888979706,0.0,1.0323231543426155,0.009999999776482582,0.0077886576764285564,0.009999999776482582,20,0.04715588775295488,20,0.1472,0.9776662304687502,5000,1.1779186164560076,1.0002298163294698,0.0,1.0036963839173199,1,100000,,,,0,,2000,1024,1125808050,NVIDIA GeForce RTX 3090,DSIVI,,0.8479311177875334,4.333467039674978,0.3335018316205049,0.000825636088848114,1.6934011377347695,1131356576,ok,4.160543081826333,0.2,posterior_hmc,1.1008612295502576,0.05794006471317145,2.5425081285682496,20,[],pass,20,hmc_chain,555.3368302434683,5000,43858497,4.5465230473292815,100000,seed43_dsivi_x_shaped,43,x_shaped,9.82545157399467,555.3376558795571
torch.float64,2039e966ba63fbe9d2360f0767265fd6137a714705926dfba2820054c9009b84,seed43_dsivi_x_shaped|DSIVI|x_shaped|43|4000,results/default_config_grid/DSIVI/x_shaped/20260504_130200/checkpoints/epoch_4000,2026-07-27T18:20:19.244517+00:00,cuda,,0.9860842203776041,1000,0.0,2.0449459167095583,1.004689550927639,0.0,1.0282623450070698,0.009999999776482582,0.008202414028346539,0.009999999776482582,20,0.04756457421736455,20,0.8502000000000001,0.9848192382812502,5000,1.444700484934416,1.0004933347734644,0.0,1.0047918257137662,1,100000,,,,0,,4000,1024,449408976,NVIDIA GeForce RTX 3090,DSIVI,,0.4375836417100872,2.68919297414409,0.10825554059954724,0.00046237558126449585,3.1942855429061523,445825740,ok,0.45112249182323394,0.4,posterior_hmc,0.6700490284330958,0.035265738338583985,4.042136220341569,20,[],pass,20,hmc_chain,571.194113753736,5000,2015975258,0.5328249194801646,100000,seed43_dsivi_x_shaped,43,x_shaped,5.2083710972767605,571.1945761293173
torch.float64,2039e966ba63fbe9d2360f0767265fd6137a714705926dfba2820054c9009b84,seed43_dsivi_x_shaped|DSIVI|x_shaped|43|6000,results/default_config_grid/DSIVI/x_shaped/20260504_130200/checkpoints/epoch_6000,2026-07-27T18:29:28.151015+00:00,cuda,,0.9828903401692707,1000,1.46484375e-07,1.4223953665757674,1.005076336361066,0.0,1.0194779762938586,0.009999999776482582,0.007064663805067539,0.009999999776482582,20,0.04780307174313293,20,0.793,0.9813789160156251,5000,1.4461403547114167,1.00051788839793,0.0,1.0070767826189744,1,100000,,,,0,,6000,1024,1059607171,NVIDIA GeForce RTX 3090,DSIVI,,0.3046341369484774,0.6817667553716543,0.0698399401989627,0.0013005509972572327,4.143260214845814,1824859702,ok,0.23322769924340966,0.6,posterior_hmc,0.6641805884206566,0.034956873074771404,4.361890002778124,20,[],pass,20,hmc_chain,548.8782602995634,5000,685666870,0.15427271795870812,100000,seed43_dsivi_x_shaped,43,x_shaped,4.027227289297545,548.8795608505607
torch.float64,2039e966ba63fbe9d2360f0767265fd6137a714705926dfba2820054c9009b84,seed43_dsivi_x_shaped|DSIVI|x_shaped|43|8000,results/default_config_grid/DSIVI/x_shaped/20260504_130200/checkpoints/epoch_8000,2026-07-27T18:38:35.203851+00:00,cuda,,0.98120703125,1000,0.0,1.522909176836627,1.0051369820973217,0.0,1.0225501874007727,0.009999999776482582,0.007292136084288359,0.009999999776482582,20,0.047300026016664436,20,0.7156,0.9795056835937501,5000,1.6404640742080117,1.0005171376295234,0.0,1.0074398512746998,1,100000,,,,0,,8000,1024,2012199882,NVIDIA GeForce RTX 3090,DSIVI,,0.39808485865035226,0.9962002386119461,0.09191810277992025,0.0008713603019714355,4.79360211993062,1509749480,ok,0.28961455293778016,0.8,posterior_hmc,0.798246480714557,0.04201297266918721,4.330864613290462,20,[],pass,20,hmc_chain,547.0246068015695,5000,484246714,0.17328709258366914,100000,seed43_dsivi_x_shaped,43,x_shaped,4.081881291118016,547.0254781618714
torch.float64,2039e966ba63fbe9d2360f0767265fd6137a714705926dfba2820054c9009b84,seed43_dsivi_x_shaped|DSIVI|x_shaped|43|10000,results/default_config_grid/DSIVI/x_shaped/20260504_130200/checkpoints/epoch_10000,2026-07-27T18:47:50.807891+00:00,cuda,,0.9826859130859376,1000,6.510416666666667e-08,1.2599337298234048,1.0050847011329216,0.0,1.0183916731551212,0.009999999776482582,0.007177640218287706,0.009999999776482582,20,0.04815246274639276,20,0.7888000000000001,0.9811395703125001,5000,1.4980157468719872,1.00058063766763,0.0,1.0064115633034576,1,100000,,,,0,,10000,1024,1837401042,NVIDIA GeForce RTX 3090,DSIVI,,0.16347348404992895,0.7128090290809657,0.0380301634773709,0.0007189884781837463,4.230065180349742,1573592973,ok,0.1061716238073032,1.0,posterior_hmc,0.7040567837420475,0.03705562019694987,4.298521728606311,20,[],pass,20,hmc_chain,555.5773253068328,5000,2070561695,0.1475582303204042,100000,seed43_dsivi_x_shaped,43,x_shaped,4.245803629524618,555.578044295311
torch.float64,2039e966ba63fbe9d2360f0767265fd6137a714705926dfba2820054c9009b84,seed45_dsivi_x_shaped|DSIVI|x_shaped|45|2000,results/default_config_grid/DSIVI/x_shaped/20260504_130839/checkpoints/epoch_2000,2026-07-27T18:11:09.132682+00:00,cuda,,0.9892672851562498,1000,0.00047401529947916667,1.5571018220004795,1.0049615306360522,0.0,1.0156476210798484,0.009999999776482582,0.00867102574557066,0.009999999776482582,20,0.05276119539344021,20,0.16140000000000002,0.98824724609375,5000,1.3218892141824365,1.00072260214743,0.0,1.0070813495974336,1,100000,,,,0,,2000,1024,1580204362,NVIDIA GeForce RTX 3090,DSIVI,,0.4384684899561484,4.9400030025168435,0.17868651717930578,0.0005689933896064758,1.6035887945370058,1090597406,ok,3.6621102580767464,0.2,posterior_hmc,0.6512446189349899,0.034276032575525785,2.453842051866512,20,[],pass,20,hmc_chain,575.069981791079,5000,2096418314,3.219663540078484,100000,seed45_dsivi_x_shaped,45,x_shaped,9.07432254593389,575.0705507844687
torch.float64,2039e966ba63fbe9d2360f0767265fd6137a714705926dfba2820054c9009b84,seed45_dsivi_x_shaped|DSIVI|x_shaped|45|4000,results/default_config_grid/DSIVI/x_shaped/20260504_130839/checkpoints/epoch_4000,2026-07-27T18:20:21.146032+00:00,cuda,,0.9912725667317709,1000,4.2228190104166664e-05,1.510921945951583,1.0057327656305823,0.0,1.0211200456581666,0.009999999776482582,0.009393665939569473,0.009999999776482582,20,0.0534092118982315,20,0.529,0.9904719335937501,5000,1.1262692534593106,1.00071253036305,0.0,1.0086616471480305,1,100000,,,,0,,4000,1024,1759842448,NVIDIA GeForce RTX 3090,DSIVI,,0.12646743656758158,0.37694970717641724,0.038001096409721366,0.0004935264587402344,3.420786005356133,2056941303,ok,0.31355180349163714,0.4,posterior_hmc,0.261970876410537,0.013787940863712475,3.3279944137408872,20,[],pass,20,hmc_chain,551.9895207807422,5000,1834489822,0.2637594810352365,100000,seed45_dsivi_x_shaped,45,x_shaped,4.805253692176766,551.9900143072009
torch.float64,2039e966ba63fbe9d2360f0767265fd6137a714705926dfba2820054c9009b84,seed45_dsivi_x_shaped|DSIVI|x_shaped|45|6000,results/default_config_grid/DSIVI/x_shaped/20260504_130839/checkpoints/epoch_6000,2026-07-27T18:29:55.139369+00:00,cuda,,0.9912824788411458,1000,9.537760416666667e-06,1.3281197412871606,1.00607478905046,0.0,1.0209217587525599,0.009999999776482582,0.009295087307691574,0.009999999776482582,20,0.05250031086287027,20,0.4868,0.9905169042968751,5000,1.0910287584468377,1.0006934838145207,0.0,1.0091695867153418,1,100000,,,,0,,6000,1024,1367582725,NVIDIA GeForce RTX 3090,DSIVI,,0.10995636221650254,0.279068270344906,0.02679331917314882,0.000703863799571991,4.21334437574464,410074778,ok,0.10249096345824521,0.6,posterior_hmc,0.36444090902903076,0.019181100475212143,4.103872368552842,20,[],pass,20,hmc_chain,573.9661184102297,5000,232347588,0.05754753049853259,100000,seed45_dsivi_x_shaped,45,x_shaped,4.0247381150477395,573.9668222740293
torch.float64,2039e966ba63fbe9d2360f0767265fd6137a714705926dfba2820054c9009b84,seed45_dsivi_x_shaped|DSIVI|x_shaped|45|8000,results/default_config_grid/DSIVI/x_shaped/20260504_130839/checkpoints/epoch_8000,2026-07-27T18:39:17.019446+00:00,cuda,,0.9928446126302085,1000,1.4168294270833333e-05,1.77449703672536,1.006216550179826,0.0,1.0215155751054628,0.009999999776482582,0.009940792806446552,0.009999999776482582,20,0.05315295384825278,20,0.778,0.9922079199218751,5000,1.5411497178331284,1.0006314180009388,0.0,1.010902902623092,1,100000,,,,0,,8000,1024,2041634711,NVIDIA GeForce RTX 3090,DSIVI,,0.1089974184197931,0.3886558150335878,0.026323989090156152,0.0006920918822288513,3.9922451494936557,1085158491,ok,0.12157800781869765,0.8,posterior_hmc,0.2259516157374386,0.011892190301970453,4.1406117456777345,20,[],pass,20,hmc_chain,561.8516375049949,5000,1698068270,0.07207000777625597,100000,seed45_dsivi_x_shaped,45,x_shaped,3.981905037486339,561.8523295968771
torch.float64,2039e966ba63fbe9d2360f0767265fd6137a714705926dfba2820054c9009b84,seed45_dsivi_x_shaped|DSIVI|x_shaped|45|10000,results/default_config_grid/DSIVI/x_shaped/20260504_130839/checkpoints/epoch_10000,2026-07-27T18:48:13.008385+00:00,cuda,,0.9918131591796876,1000,6.673177083333334e-06,1.1982361448101009,1.0059521366788018,0.0,1.0188800607893944,0.009999999776482582,0.009733714163303375,0.009999999776482582,20,0.05261626239743329,20,0.8876000000000001,0.9910886621093751,5000,1.0992055182159455,1.0006915635422313,0.0,1.0091626438696284,1,100000,,,,0,,10000,1024,238554665,NVIDIA GeForce RTX 3090,DSIVI,,0.046430796705437226,0.19215448233715454,0.011726745502107413,0.0008584782481193542,3.8694480447955515,758772726,ok,0.04437520787639281,1.0,posterior_hmc,0.24163061736959454,0.012717400914189186,3.959393226116585,20,[],pass,20,hmc_chain,535.9602636545897,5000,1842817136,0.036095054534117155,100000,seed45_dsivi_x_shaped,45,x_shaped,3.886321283905485,535.9611221328378
torch.float64,2039e966ba63fbe9d2360f0767265fd6137a714705926dfba2820054c9009b84,seed49_dsivi_x_shaped|DSIVI|x_shaped|49|2000,results/default_config_grid/DSIVI/x_shaped/20260504_132344/checkpoints/epoch_2000,2026-07-27T18:10:06.436161+00:00,cuda,,0.994943359375,1000,1.0091145833333333e-05,1.175903602948782,1.0037333720615653,0.0,1.0116806845932336,0.009999999776482582,0.009999687783420086,0.009999999776482582,20,0.05566827115607951,20,0.888,0.994496357421875,5000,1.157322752361468,1.0005289626571774,0.0,1.0035826000780588,1,100000,,,,0,,2000,1024,710497481,NVIDIA GeForce RTX 3090,DSIVI,,0.3303669421393688,1.6432309950261283,0.14378774979210346,0.0005767792463302612,1.7690067748425538,808732646,ok,3.344439473299502,0.2,posterior_hmc,0.15874154035876706,0.00835481791361932,2.2976014480860307,20,[],pass,20,hmc_chain,512.0223906040192,5000,297558986,3.263386395557703,100000,seed49_dsivi_x_shaped,49,x_shaped,9.092608515984207,512.0229673832655
torch.float64,2039e966ba63fbe9d2360f0767265fd6137a714705926dfba2820054c9009b84,seed49_dsivi_x_shaped|DSIVI|x_shaped|49|4000,results/default_config_grid/DSIVI/x_shaped/20260504_132344/checkpoints/epoch_4000,2026-07-27T18:18:30.667998+00:00,cuda,,0.9949877278645833,1000,0.0,1.1031033166453148,1.0048002978187887,0.0,1.0110076746239884,0.009999999776482582,0.009998437017202377,0.009999999776482582,20,0.053898614172547446,20,0.872,0.994528623046875,5000,1.1469863314465933,1.0004300658422576,0.0,1.006131473352349,1,100000,,,,0,,4000,1024,1537012670,NVIDIA GeForce RTX 3090,DSIVI,,0.06124116408656238,0.20091788153787105,0.01749193097239888,0.0005272403359413147,3.45944229564788,655515016,ok,0.2772069653556013,0.4,posterior_hmc,0.1484116573853719,0.007811139862387995,3.50110940771473,20,[],pass,20,hmc_chain,504.20944007486105,5000,426983795,0.21850069530447475,100000,seed49_dsivi_x_shaped,49,x_shaped,4.981393753117945,504.209967315197
torch.float64,2039e966ba63fbe9d2360f0767265fd6137a714705926dfba2820054c9009b84,seed49_dsivi_x_shaped|DSIVI|x_shaped|49|6000,results/default_config_grid/DSIVI/x_shaped/20260504_132344/checkpoints/epoch_6000,2026-07-27T18:26:56.906373+00:00,cuda,,0.9946234212239585,1000,4.0690104166666665e-08,1.036034379083304,1.0046360585558454,0.0,1.0115492397502215,0.009999999776482582,0.009997622109949589,0.009999999776482582,20,0.052574374230441694,20,0.9018,0.994130849609375,5000,1.0853457629707124,1.0003662206555808,0.0,1.0066725921511113,1,100000,,,,0,,6000,1024,1974658767,NVIDIA GeForce RTX 3090,DSIVI,,0.06665042071313629,0.18665348432558637,0.016504946954302224,0.0005251690745353699,3.863940954724854,1112815267,ok,0.07179447435538508,0.6,posterior_hmc,0.1717684627547988,0.009040445408147305,4.038208719947629,20,[],pass,20,hmc_chain,506.21129478514194,5000,1658386511,0.04643912328016312,100000,seed49_dsivi_x_shaped,49,x_shaped,3.923376009841752,506.2118199542165
torch.float64,2039e966ba63fbe9d2360f0767265fd6137a714705926dfba2820054c9009b84,seed49_dsivi_x_shaped|DSIVI|x_shaped|49|8000,results/default_config_grid/DSIVI/x_shaped/20260504_132344/checkpoints/epoch_8000,2026-07-27T18:35:27.479268+00:00,cuda,,0.9938264892578124,1000,4.0690104166666665e-08,1.0615636402231892,1.0047285186312533,0.0,1.012817593569883,0.009999999776482582,0.009995972737669945,0.009999999776482582,20,0.050662774066288545,20,0.87,0.993274619140625,5000,1.0964835166941738,1.0004219965174141,0.0,1.0075783844643937,1,100000,,,,0,,8000,1024,510793284,NVIDIA GeForce RTX 3090,DSIVI,,0.09125814282339331,0.5256722648573907,0.02108510184088333,0.0008353814482688904,4.378837497129014,1446904452,ok,0.08833049586966785,0.8,posterior_hmc,0.22817213212379098,0.012009059585462683,4.32808641438225,20,[],pass,20,hmc_chain,510.5440639555454,5000,284778939,0.06616367311251396,100000,seed49_dsivi_x_shaped,49,x_shaped,4.2290330872378314,510.5448993369937
torch.float64,2039e966ba63fbe9d2360f0767265fd6137a714705926dfba2820054c9009b84,seed49_dsivi_x_shaped|DSIVI|x_shaped|49|10000,results/default_config_grid/DSIVI/x_shaped/20260504_132344/checkpoints/epoch_10000,2026-07-27T18:43:54.977179+00:00,cuda,,0.9921783935546874,1000,7.32421875e-08,1.2595409544826177,1.004682626749983,0.0,1.0121928625156522,0.009999999776482582,0.009617687202990055,0.009999999776482582,20,0.049350823885728166,20,0.885,0.9914537207031252,5000,1.3911794000794886,1.0003636684028092,0.0,1.006975132667824,1,100000,,,,0,,10000,1024,1603067004,NVIDIA GeForce RTX 3090,DSIVI,,0.062301642486022046,0.239140042396064,0.014523060490749357,0.00044049322605133057,4.04310905074047,758188706,ok,0.042426697456821545,1.0,posterior_hmc,0.2569376558073423,0.01352303451617591,4.289842524976457,20,[],pass,20,hmc_chain,507.4703566133976,5000,362855313,0.04646640840210757,100000,seed49_dsivi_x_shaped,49,x_shaped,4.247537932232165,507.47079710662365
torch.float64,2039e966ba63fbe9d2360f0767265fd6137a714705926dfba2820054c9009b84,seed50_dsivi_x_shaped|DSIVI|x_shaped|50|2000,results/default_config_grid/DSIVI/x_shaped/20260504_132716/checkpoints/epoch_2000,2026-07-27T18:11:07.662652+00:00,cuda,,0.9886368408203124,1000,0.0009126708984375,1.5514762066218346,1.0035450663854641,0.0,1.0116279874976695,0.009999999776482582,0.009076787158846855,0.009999999776482582,20,0.05151711570490909,20,0.08560000000000001,0.9874919238281251,5000,1.3942332248879348,1.00082698597711,0.0,1.0054918628486378,1,100000,,,,0,,2000,1024,1160701054,NVIDIA GeForce RTX 3090,DSIVI,,0.39624432504824714,1.6987625566511777,0.17206208064896444,0.0005622655153274536,1.6596395278818634,1093540180,ok,3.1724148149809217,0.2,posterior_hmc,2.071802131411714,0.10904221744272179,2.3029148755712896,20,[],pass,20,hmc_chain,573.2576476335526,5000,1168840387,2.9016140634521896,100000,seed50_dsivi_x_shaped,50,x_shaped,8.898273310483988,573.2582098990679
torch.float64,2039e966ba63fbe9d2360f0767265fd6137a714705926dfba2820054c9009b84,seed50_dsivi_x_shaped|DSIVI|x_shaped|50|4000,results/default_config_grid/DSIVI/x_shaped/20260504_132716/checkpoints/epoch_4000,2026-07-27T18:20:32.647166+00:00,cuda,,0.9805982828776042,1000,0.0007858235677083333,1.1282367731658594,1.0045255243718105,0.0,1.013211629806047,0.009999999776482582,0.008709455840289593,0.009999999776482582,20,0.04419546826041596,20,0.2394,0.9785823828125001,5000,1.2560789213721388,1.0010665755058494,0.0,1.006308367857474,1,100000,,,,0,,4000,1024,1105767216,NVIDIA GeForce RTX 3090,DSIVI,,1.315369735883379,10.198459251788911,0.27054726785397065,0.0004084557294845581,3.024914555507711,1889666774,ok,0.5143820801113033,0.4,posterior_hmc,1.9850195237029191,0.10447471177383785,4.861885120175587,20,[],pass,20,hmc_chain,564.9616721943021,5000,2099852155,1.2478668857265496,100000,seed50_dsivi_x_shaped,50,x_shaped,5.058309528982544,564.9620806500316
torch.float64,2039e966ba63fbe9d2360f0767265fd6137a714705926dfba2820054c9009b84,seed50_dsivi_x_shaped|DSIVI|x_shaped|50|6000,results/default_config_grid/DSIVI/x_shaped/20260504_132716/checkpoints/epoch_6000,2026-07-27T18:29:51.835062+00:00,cuda,,0.9802101888020833,1000,0.000204931640625,1.2698658271204109,1.0050228830673156,0.0,1.015372258401336,0.009999999776482582,0.008557472378015518,0.009999999776482582,20,0.04318835830581143,20,0.0908,0.9781622265625001,5000,1.5732067846893307,1.000857349509727,0.0,1.0081861137567338,1,100000,,,,0,,6000,1024,1571037853,NVIDIA GeForce RTX 3090,DSIVI,,1.2244283360598254,6.042007319128072,0.22700136493463924,0.0005567446351051331,3.791083333218044,1756831026,ok,0.16099704460570735,0.6,posterior_hmc,1.839961177119509,0.09684006195365837,5.3939249942940934,20,[],pass,20,hmc_chain,559.1595497131348,5000,385749685,1.1745335050953645,100000,seed50_dsivi_x_shaped,50,x_shaped,4.035181007040753,559.1601064577699
torch.float64,2039e966ba63fbe9d2360f0767265fd6137a714705926dfba2820054c9009b84,seed50_dsivi_x_shaped|DSIVI|x_shaped|50|8000,results/default_config_grid/DSIVI/x_shaped/20260504_132716/checkpoints/epoch_8000,2026-07-27T18:39:19.827563+00:00,cuda,,0.9763805582682292,1000,0.0004476318359375,1.226626624264852,1.005563954992351,0.0,1.0196288663529642,0.009999999776482582,0.007827571593225002,0.009999999776482582,20,0.041255903794161074,20,0.15460000000000002,0.9739694921875,5000,2.2889064378250983,1.0010362612241022,0.0,1.0104485423340253,1,100000,,,,0,,8000,1024,182277415,NVIDIA GeForce RTX 3090,DSIVI,,0.8020314701808116,4.13253742825667,0.15692949384218882,0.0007171779870986938,4.168061686186391,2037719218,ok,0.07802671792807243,0.8,posterior_hmc,1.4114634043036187,0.0742875475949273,5.110775868475999,20,[],pass,20,hmc_chain,567.9625293314457,5000,1960267657,0.7796480003009818,100000,seed50_dsivi_x_shaped,50,x_shaped,4.115622107818419,567.9632465094328
torch.float64,2039e966ba63fbe9d2360f0767265fd6137a714705926dfba2820054c9009b84,seed50_dsivi_x_shaped|DSIVI|x_shaped|50|10000,results/default_config_grid/DSIVI/x_shaped/20260504_132716/checkpoints/epoch_10000,2026-07-27T18:48:53.859543+00:00,cuda,,0.9765797281901041,1000,0.00031813151041666665,1.6264062010583455,1.0053963103948882,0.0,1.0180043588443122,0.009999999776482582,0.008275185711681843,0.009999999776482582,20,0.0417535767401129,20,0.0682,0.9741309082031251,5000,2.6791144375773275,1.0010456687670608,0.0,1.0105018806442887,1,100000,,,,0,,10000,1024,1129676189,NVIDIA GeForce RTX 3090,DSIVI,,1.3087872581523574,6.1902699914545725,0.24406726106683604,0.0007254034280776978,3.5800712246074045,1332495170,ok,0.1256604533694061,1.0,posterior_hmc,1.7619240408974954,0.09273284425776292,5.362404004664745,20,[],pass,20,hmc_chain,574.0032665580511,5000,436695484,1.2813834710151089,100000,seed50_dsivi_x_shaped,50,x_shaped,3.963013644571189,574.0039919614792
torch.float64,2039e966ba63fbe9d2360f0767265fd6137a714705926dfba2820054c9009b84,seed42_sivi_8_gaussians|SIVI|8_gaussians|42|2000,results/default_config_grid/SIVI/8_gaussians/20260428_042348/checkpoints/epoch_2000,2026-07-27T18:30:13.376044+00:00,cuda,,0.9995075358072918,1000,0.0,3.0407996591077042,1.002630371369353,0.0,1.0442329980077225,0.009999999776482582,0.009999999776482582,0.009999999776482582,20,0.06375883596814684,20,0.9976,0.9994724218750002,5000,1.4566390222349572,1.0006074705700334,0.0,1.0110026844140099,1,100000,,,,4097,,2000,1024,962484817,NVIDIA GeForce RTX 3090,SIVI,,0.059507907355506005,0.3456682031518323,0.02899640712863091,0.0029600635170936584,2.1783766988374755,2038499129,ok,12.055861171646878,0.2,posterior_hmc,0.06269155267528641,0.0032995554039624425,2.0522510630894057,20,[],pass,20,hmc_chain,584.1098047867417,5000,294169141,12.29830335792784,100000,seed42_sivi_8_gaussians,42,8_gaussians,19.14179848629653,584.1127648502588
torch.float64,2039e966ba63fbe9d2360f0767265fd6137a714705926dfba2820054c9009b84,seed42_sivi_8_gaussians|SIVI|8_gaussians|42|4000,results/default_config_grid/SIVI/8_gaussians/20260428_042348/checkpoints/epoch_4000,2026-07-27T18:39:27.281176+00:00,cuda,,0.9981907877604167,1000,0.0,2.3712331580798915,1.0040235382102356,0.0,1.1072596708282083,0.009999999776482582,0.009999999776482582,0.009999999776482582,20,0.05256588361751222,20,0.9808,0.99804466796875,5000,1.279998623469173,1.0006764698128123,0.0,1.0117216299823837,1,100000,,,,4097,,4000,1024,1804601426,NVIDIA GeForce RTX 3090,SIVI,,0.19383026540092976,0.8165070130503804,0.04107712746503481,0.003548860549926758,4.6379308268806225,393205784,ok,6.7430699371185305,0.4,posterior_hmc,0.09385496398127136,0.0049397349463827026,4.7186908472584825,20,[],pass,20,hmc_chain,553.879866078496,5000,2102158687,6.845979078821447,100000,seed42_sivi_8_gaussians,42,8_gaussians,12.584672241164917,553.8834149390459
torch.float64,2039e966ba63fbe9d2360f0767265fd6137a714705926dfba2820054c9009b84,seed42_sivi_8_gaussians|SIVI|8_gaussians|42|6000,results/default_config_grid/SIVI/8_gaussians/20260428_042348/checkpoints/epoch_6000,2026-07-27T18:49:14.977150+00:00,cuda,,0.9972769449869792,1000,0.0,2.8859367672225362,1.0052695417491326,0.0,1.064924336287133,0.009999999776482582,0.009999999776482582,0.009999999776482582,20,0.05177170451522928,20,0.9630000000000001,0.997057373046875,5000,1.3007738916709382,1.000797903392419,0.0,1.0206431183573965,1,100000,,,,4097,,6000,1024,1849534694,NVIDIA GeForce RTX 3090,SIVI,,0.3065987925365756,3.8456636154495527,0.051835824333044844,0.003918565809726715,5.537518985298516,929189416,ok,4.43345286391807,0.6,posterior_hmc,0.13142361099909056,0.006917032157846871,5.914804992135947,20,[],pass,20,hmc_chain,587.669248342514,5000,1033003622,4.422782591898678,100000,seed42_sivi_8_gaussians,42,8_gaussians,10.148764833475006,587.6731669083238
torch.float64,2039e966ba63fbe9d2360f0767265fd6137a714705926dfba2820054c9009b84,seed42_sivi_8_gaussians|SIVI|8_gaussians|42|8000,results/default_config_grid/SIVI/8_gaussians/20260428_042348/checkpoints/epoch_8000,2026-07-27T18:59:02.106504+00:00,cuda,,0.996356005859375,1000,0.0,2.333254473008549,1.0064546382089365,0.0,1.1036403744450638,0.009999999776482582,0.009999999776482582,0.009999999776482582,20,0.04911038645213539,20,0.9542,0.9960507128906251,5000,1.4974866164724687,1.0010931358616826,0.0,1.0445412934049307,1,100000,,,,4097,,8000,1024,1427376506,NVIDIA GeForce RTX 3090,SIVI,,0.504041667850178,3.761421547556944,0.0806654872481274,0.0034352317452430725,6.224456822621274,1463492372,ok,3.186441123800423,0.8,posterior_hmc,0.30439512311427097,0.016020795953382683,6.248541787143039,20,[],pass,20,hmc_chain,587.1043630838394,5000,102090858,3.3891675941002437,100000,seed42_sivi_8_gaussians,42,8_gaussians,9.603945200068761,587.1077983155847
torch.float64,2039e966ba63fbe9d2360f0767265fd6137a714705926dfba2820054c9009b84,seed42_sivi_8_gaussians|SIVI|8_gaussians|42|10000,results/default_config_grid/SIVI/8_gaussians/20260428_042348/checkpoints/epoch_10000,2026-07-27T19:08:48.913867+00:00,cuda,,0.9959963378906251,1000,0.0,1.874599322133549,1.0074570526406068,0.0,1.1014861869295796,0.009999999776482582,0.009999999776482582,0.009999999776482582,20,0.04869757958498417,20,0.9386,0.9956616015625,5000,2.1372710694088166,1.0011073069820877,0.0,1.050548168754447,1,100000,,,,4097,,10000,1024,1612871854,NVIDIA GeForce RTX 3090,SIVI,,0.4409984480100702,4.111514708287132,0.06880466475410296,0.004044331610202789,6.1848081315032335,1067176071,ok,2.909513616673189,1.0,posterior_hmc,0.3662805014430574,0.019277921128581968,6.409426593184187,20,[],pass,20,hmc_chain,586.7812107205391,5000,236498570,3.0879530301351705,100000,seed42_sivi_8_gaussians,42,8_gaussians,9.019801931212466,586.7852550521493
torch.float64,2039e966ba63fbe9d2360f0767265fd6137a714705926dfba2820054c9009b84,seed43_sivi_8_gaussians|SIVI|8_gaussians|43|2000,results/default_config_grid/SIVI/8_gaussians/20260428_064309/checkpoints/epoch_2000,2026-07-27T18:39:06.813961+00:00,cuda,,0.9994839843749999,1000,0.0,4.126742946003211,1.0025159295262296,0.0,1.037504972368336,0.009999999776482582,0.009999999776482582,0.009999999776482582,20,0.06306790145060337,20,0.9972000000000001,0.9994480078125,5000,1.3652390079860117,1.0005992228418445,0.0,1.0066947904635977,1,100000,,,,4097,,2000,1024,1303496529,NVIDIA GeForce RTX 3090,SIVI,,0.0649995852616973,0.23872344350328648,0.0338235709317749,0.0030169114470481873,2.007908173680468,1705754932,ok,11.827074828300542,0.2,posterior_hmc,0.04277407982457709,0.0022512673591882676,1.9217245095973796,20,[],pass,20,hmc_chain,581.7044837027788,5000,930969528,12.129755998290433,100000,seed43_sivi_8_gaussians,43,8_gaussians,18.65576906689065,581.7075006142259
torch.float64,2039e966ba63fbe9d2360f0767265fd6137a714705926dfba2820054c9009b84,seed43_sivi_8_gaussians|SIVI|8_gaussians|43|4000,results/default_config_grid/SIVI/8_gaussians/20260428_064309/checkpoints/epoch_4000,2026-07-27T18:48:40.266968+00:00,cuda,,0.9986922281901042,1000,0.0,1.7360474761311113,1.0035339968630432,0.0,1.03698508194667,0.009999999776482582,0.009999999776482582,0.009999999776482582,20,0.05527825536524081,20,0.9876,0.9985970410156251,5000,1.1827580230213972,1.0007571593977216,0.0,1.0102298445241815,1,100000,,,,4097,,4000,1024,1808628362,NVIDIA GeForce RTX 3090,SIVI,,0.08518486697712879,0.47486572259569276,0.019593283042875696,0.0030191242694854736,4.322812276152288,996940118,ok,6.6201292712324875,0.4,posterior_hmc,0.06894047034985154,0.0036284458078869233,4.347656632669471,20,[],pass,20,hmc_chain,573.4291643276811,5000,617741741,6.68275955609416,100000,seed43_sivi_8_gaussians,43,8_gaussians,12.921600245636398,573.4321834519506
torch.float64,2039e966ba63fbe9d2360f0767265fd6137a714705926dfba2820054c9009b84,seed43_sivi_8_gaussians|SIVI|8_gaussians|43|6000,results/default_config_grid/SIVI/8_gaussians/20260428_064309/checkpoints/epoch_6000,2026-07-27T18:58:20.190886+00:00,cuda,,0.9974262939453125,1000,0.0,3.2405191681072365,1.0043798983455976,0.0,1.0749353988298302,0.009999999776482582,0.009999999776482582,0.009999999776482582,20,0.051380319789623666,20,0.9660000000000001,0.9972189746093751,5000,1.340569084444017,1.0008352162800387,0.0,1.0210182333099673,1,100000,,,,4097,,6000,1024,1951123018,NVIDIA GeForce RTX 3090,SIVI,,0.1685691461812219,0.6014193569704042,0.029055687830132643,0.003333352506160736,5.757211125082502,1016934517,ok,5.524927414637618,0.6,posterior_hmc,0.1601254465499104,0.008427655081574231,5.801588562168014,20,[],pass,20,hmc_chain,579.8984877318144,5000,971754777,5.474021024420413,100000,seed43_sivi_8_gaussians,43,8_gaussians,11.132006961136174,579.9018210843205
torch.float64,2039e966ba63fbe9d2360f0767265fd6137a714705926dfba2820054c9009b84,seed43_sivi_8_gaussians|SIVI|8_gaussians|43|8000,results/default_config_grid/SIVI/8_gaussians/20260428_064309/checkpoints/epoch_8000,2026-07-27T19:08:06.258803+00:00,cuda,,0.9965092854817709,1000,0.0,3.0588929238068157,1.0060462879952417,0.0,1.126171228328294,0.009999999776482582,0.009999999776482582,0.009999999776482582,20,0.049733057315413845,20,0.9418000000000001,0.9962210058593751,5000,1.476479535595807,1.0009468688159564,0.0,1.0427305471338,1,100000,,,,4097,,8000,1024,377836644,NVIDIA GeForce RTX 3090,SIVI,,0.4537080046566404,4.344105831623706,0.06787807305979485,0.0031387507915496826,6.44332192097601,1726646926,ok,4.335080914073153,0.8,posterior_hmc,0.2931871095147736,0.01543090050077756,6.6841615297028545,20,[],pass,20,hmc_chain,586.0442100912333,5000,87883641,4.289809643520636,100000,seed43_sivi_8_gaussians,43,8_gaussians,10.18302653723503,586.0473488420248
torch.float64,2039e966ba63fbe9d2360f0767265fd6137a714705926dfba2820054c9009b84,seed43_sivi_8_gaussians|SIVI|8_gaussians|43|10000,results/default_config_grid/SIVI/8_gaussians/20260428_064309/checkpoints/epoch_10000,2026-07-27T19:17:47.259883+00:00,cuda,,0.996048095703125,1000,0.0,2.3190785765887747,1.0083462923737048,0.0,1.2003226938381852,0.009999999776482582,0.009999999776482582,0.009999999776482582,20,0.0483084591649403,20,0.9386,0.9957230664062501,5000,1.4792816321529925,1.0011386416801218,0.0,1.0491442572651812,1,100000,,,,4097,,10000,1024,388691879,NVIDIA GeForce RTX 3090,SIVI,,0.3611564946962232,1.5169642006160884,0.06070733541810389,0.003914646804332733,6.176232900674244,1740443629,ok,3.6011101411341344,1.0,posterior_hmc,0.32763934340122786,0.017244175968485678,5.949140943328581,20,[],pass,20,hmc_chain,580.9767653048038,5000,1930116937,3.9678186851456574,100000,seed43_sivi_8_gaussians,43,8_gaussians,10.04466057140866,580.9806799516082
torch.float64,2039e966ba63fbe9d2360f0767265fd6137a714705926dfba2820054c9009b84,seed45_sivi_8_gaussians|SIVI|8_gaussians|45|2000,results/default_config_grid/SIVI/8_gaussians/20260428_113846/checkpoints/epoch_2000,2026-07-27T18:39:07.961465+00:00,cuda,,0.9994484619140626,1000,0.0,1.6006140456475841,1.0029066050038025,0.0,1.0202130389435782,0.009999999776482582,0.009999999776482582,0.009999999776482582,20,0.062124998214581666,20,0.9962000000000001,0.9994118164062501,5000,1.4719727891876861,1.0006911460404813,0.0,1.005425376803518,1,100000,,,,4097,,2000,1024,218901988,NVIDIA GeForce RTX 3090,SIVI,,0.07646535764162984,0.256689793136001,0.038419536980498145,0.0033837035298347473,2.0791398961874163,1447416539,ok,11.556778165774627,0.2,posterior_hmc,0.03808157761166267,0.0020042935585085618,1.9902727531683646,20,[],pass,20,hmc_chain,573.5151465386152,5000,431296909,11.73185039771688,100000,seed45_sivi_8_gaussians,45,8_gaussians,18.20406063360459,573.5185302421451
torch.float64,2039e966ba63fbe9d2360f0767265fd6137a714705926dfba2820054c9009b84,seed45_sivi_8_gaussians|SIVI|8_gaussians|45|4000,results/default_config_grid/SIVI/8_gaussians/20260428_113846/checkpoints/epoch_4000,2026-07-27T18:48:44.034119+00:00,cuda,,0.9986210937500002,1000,0.0,1.7945073809972891,1.0047866835772494,0.0,1.0430335407106628,0.009999999776482582,0.009999999776482582,0.009999999776482582,20,0.054377923801302186,20,0.9846,0.9985166796875,5000,1.4507443612292,1.0007126601762273,0.0,1.0137135870825653,1,100000,,,,4097,,4000,1024,1819055170,NVIDIA GeForce RTX 3090,SIVI,,0.1097079242205784,0.6907024852514528,0.025169116618492336,0.0033916234970092773,4.412660496090731,249519866,ok,6.260974178076436,0.4,posterior_hmc,0.0886215893122575,0.004664294174329342,4.358830938864713,20,[],pass,20,hmc_chain,576.0474959239364,5000,1499023949,6.361386513270662,100000,seed45_sivi_8_gaussians,45,8_gaussians,12.683274332389445,576.0508875474334
torch.float64,2039e966ba63fbe9d2360f0767265fd6137a714705926dfba2820054c9009b84,seed45_sivi_8_gaussians|SIVI|8_gaussians|45|6000,results/default_config_grid/SIVI/8_gaussians/20260428_113846/checkpoints/epoch_6000,2026-07-27T18:58:20.608273+00:00,cuda,,0.9970482259114584,1000,0.0,2.0542622721215014,1.0049663617405529,0.0,1.0721070368694683,0.009999999776482582,0.009999999776482582,0.009999999776482582,20,0.049906728529612615,20,0.9626,0.9968106542968752,5000,1.8566362096702358,1.0009469698618187,0.0,1.0204735061674053,1,100000,,,,4097,,6000,1024,1640292196,NVIDIA GeForce RTX 3090,SIVI,,0.3985474318900454,2.5169833443300886,0.0665177830713894,0.004034318029880524,5.794771454290405,646804147,ok,4.981549821017261,0.6,posterior_hmc,0.1921927357332552,0.010115407143855537,5.991592225229593,20,[],pass,20,hmc_chain,576.5506761148572,5000,1463899274,5.014268606415649,100000,seed45_sivi_8_gaussians,45,8_gaussians,10.749757889926066,576.5547104328871
torch.float64,2039e966ba63fbe9d2360f0767265fd6137a714705926dfba2820054c9009b84,seed45_sivi_8_gaussians|SIVI|8_gaussians|45|8000,results/default_config_grid/SIVI/8_gaussians/20260428_113846/checkpoints/epoch_8000,2026-07-27T19:07:59.697371+00:00,cuda,,0.9967414957682292,1000,0.0,1.6996554004820688,1.0052259159692516,0.0,1.0913407858358617,0.009999999776482582,0.009999999776482582,0.009999999776482582,20,0.049805363420184025,20,0.9624,0.9964806835937502,5000,1.3674606320019,1.0009637538221876,0.0,1.0322403665448538,1,100000,,,,4097,,8000,1024,353376033,NVIDIA GeForce RTX 3090,SIVI,,0.34541162704390216,2.2722274809545193,0.05681898664622177,0.0033365637063980103,5.956692632306774,1980612746,ok,4.705504498994755,0.8,posterior_hmc,0.2423301437765104,0.012754218093500547,6.079158524853252,20,[],pass,20,hmc_chain,579.0639954507351,5000,1875736606,4.741570246539086,100000,seed45_sivi_8_gaussians,45,8_gaussians,10.748264547970019,579.0673320144415
torch.float64,2039e966ba63fbe9d2360f0767265fd6137a714705926dfba2820054c9009b84,seed45_sivi_8_gaussians|SIVI|8_gaussians|45|10000,results/default_config_grid/SIVI/8_gaussians/20260428_113846/checkpoints/epoch_10000,2026-07-27T19:17:36.267899+00:00,cuda,,0.99633232421875,1000,0.0,1.9126447678084422,1.0062008559141473,0.0,1.159243983275707,0.009999999776482582,0.009999999776482582,0.009999999776482582,20,0.04844241877851599,20,0.9558000000000001,0.9960464160156252,5000,1.366707397919587,1.0010820072201176,0.0,1.0419954403637042,1,100000,,,,4097,,10000,1024,1914710686,NVIDIA GeForce RTX 3090,SIVI,,0.49967416658975367,5.370921546683082,0.08488473083631942,0.003180094063282013,5.724335226363062,1456990207,ok,3.641896633774717,1.0,posterior_hmc,0.2683835983482776,0.014125452544646188,5.8865023387216695,20,[],pass,20,hmc_chain,576.5460074841976,5000,476526159,3.695022896949534,100000,seed45_sivi_8_gaussians,45,8_gaussians,9.550946167705154,576.5491875782609
torch.float64,2039e966ba63fbe9d2360f0767265fd6137a714705926dfba2820054c9009b84,seed49_sivi_8_gaussians|SIVI|8_gaussians|49|2000,results/default_config_grid/SIVI/8_gaussians/20260502_083309/checkpoints/epoch_2000,2026-07-27T18:39:31.892438+00:00,cuda,,0.9991665364583334,1000,0.0,1.409714280770385,1.0077974660859481,0.0,1.017473909816787,0.009999999776482582,0.009999999776482582,0.009999999776482582,20,0.05945080635085875,20,0.9928,0.999104775390625,5000,1.056146919355929,1.000648764326365,0.0,1.0055742399498018,1,100000,,,,4097,,2000,1024,71249275,NVIDIA GeForce RTX 3090,SIVI,,0.17554521900962367,1.118789784698964,0.08871346447291595,0.0033383145928382874,1.8427743400268795,1670081737,ok,11.928080490901408,0.2,posterior_hmc,0.013672216780342923,0.0007195903568601538,1.978788902593442,20,[],pass,20,hmc_chain,586.477610193193,5000,258336785,12.107088005604918,100000,seed49_sivi_8_gaussians,49,8_gaussians,17.711846516898895,586.4809485077858
torch.float64,2039e966ba63fbe9d2360f0767265fd6137a714705926dfba2820054c9009b84,seed49_sivi_8_gaussians|SIVI|8_gaussians|49|4000,results/default_config_grid/SIVI/8_gaussians/20260502_083309/checkpoints/epoch_4000,2026-07-27T18:49:21.744725+00:00,cuda,,0.9981784505208332,1000,0.0,1.2675572885645945,1.0085360362970381,0.0,1.0276313282530494,0.009999999776482582,0.009999999776482582,0.009999999776482582,20,0.05260612441146461,20,0.9902000000000001,0.9980127246093752,5000,1.0937365515579662,1.0007212219117034,0.0,1.005459918160621,1,100000,,,,4097,,4000,1024,568721998,NVIDIA GeForce RTX 3090,SIVI,,0.15805048549821119,1.4857148945897936,0.036273782888246675,0.003850303590297699,4.281438574592617,1847067263,ok,6.92301192341996,0.4,posterior_hmc,0.027793436394524886,0.0014628124418170994,4.357154752376881,20,[],pass,20,hmc_chain,589.8268270492554,5000,1682456402,7.069909593102816,100000,seed49_sivi_8_gaussians,49,8_gaussians,12.625202501245589,589.8306773528457
torch.float64,2039e966ba63fbe9d2360f0767265fd6137a714705926dfba2820054c9009b84,seed49_sivi_8_gaussians|SIVI|8_gaussians|49|6000,results/default_config_grid/SIVI/8_gaussians/20260502_083309/checkpoints/epoch_6000,2026-07-27T18:59:10.440666+00:00,cuda,,0.9976153157552082,1000,0.0,2.015294730837613,1.007269983987926,0.0,1.0267510586891226,0.009999999776482582,0.009999999776482582,0.009999999776482582,20,0.05025586307553945,20,0.9880000000000001,0.9974206250000002,5000,1.0692746971585916,1.001561837183975,0.0,1.0088362429157718,1,100000,,,,4097,,6000,1024,1528496906,NVIDIA GeForce RTX 3090,SIVI,,0.1101619653815917,0.4930265979981786,0.022298001419008173,0.002726525068283081,5.040640584168475,1237883350,ok,5.982791650201887,0.6,posterior_hmc,0.061924454185247196,0.0032591817992235366,4.94044122213047,20,[],pass,20,hmc_chain,588.674829185009,5000,1146344932,5.921896235647321,100000,seed49_sivi_8_gaussians,49,8_gaussians,11.421644856655082,588.6775557100773
torch.float64,2039e966ba63fbe9d2360f0767265fd6137a714705926dfba2820054c9009b84,seed49_sivi_8_gaussians|SIVI|8_gaussians|49|8000,results/default_config_grid/SIVI/8_gaussians/20260502_083309/checkpoints/epoch_8000,2026-07-27T19:08:52.124500+00:00,cuda,,0.9971499186197916,1000,0.0,1.4000032211451716,1.008615473733387,0.0,1.035103784801258,0.009999999776482582,0.009999999776482582,0.009999999776482582,20,0.0498577066023064,20,0.9836,0.9969023046875001,5000,1.2745604504722714,1.0014786990210183,0.0,1.0254923672902236,1,100000,,,,4097,,8000,1024,1975401445,NVIDIA GeForce RTX 3090,SIVI,,0.1311910601421281,1.8777084532329325,0.026082009488520595,0.003373458981513977,4.9581501240659644,2109341917,ok,5.595876760384391,0.8,posterior_hmc,0.12353500347543798,0.006501842288180947,5.0299444987116075,20,[],pass,20,hmc_chain,581.6595640704036,5000,1817345215,5.799872564436307,100000,seed49_sivi_8_gaussians,49,8_gaussians,11.00838854212806,581.6629375293851
torch.float64,2039e966ba63fbe9d2360f0767265fd6137a714705926dfba2820054c9009b84,seed49_sivi_8_gaussians|SIVI|8_gaussians|49|10000,results/default_config_grid/SIVI/8_gaussians/20260502_083309/checkpoints/epoch_10000,2026-07-27T19:18:31.827087+00:00,cuda,,0.9966876220703125,1000,0.0,1.3457853779126592,1.0078473542258286,0.0,1.025741245159434,0.009999999776482582,0.009999999776482582,0.009999999776482582,20,0.04936732163620216,20,0.9836,0.9964101855468752,5000,1.2177138699251706,1.001714336828934,0.0,1.032144102537732,1,100000,,,,4097,,10000,1024,791869272,NVIDIA GeForce RTX 3090,SIVI,,0.060767455438093976,0.5282152614703877,0.01013134690318851,0.003308504819869995,5.930685679788011,1648936765,ok,5.81874621909977,1.0,posterior_hmc,0.1505239089522183,0.007922310997485173,5.997964142257276,20,[],pass,20,hmc_chain,579.6783673986793,5000,1532407496,5.823524761995133,100000,seed49_sivi_8_gaussians,49,8_gaussians,11.189054603083775,579.6816759034991
torch.float64,2039e966ba63fbe9d2360f0767265fd6137a714705926dfba2820054c9009b84,seed50_sivi_8_gaussians|SIVI|8_gaussians|50|2000,results/default_config_grid/SIVI/8_gaussians/20260502_111136/checkpoints/epoch_2000,2026-07-27T18:39:55.705243+00:00,cuda,,0.9995088541666665,1000,0.0,1.5359084426344063,1.0031035352348687,0.0,1.0373853680176057,0.009999999776482582,0.009999999776482582,0.009999999776482582,20,0.0638235625074086,20,0.9962000000000001,0.9994746484375,5000,1.4157974130489446,1.0006413433601966,0.0,1.0058959991417378,1,100000,,,,4097,,2000,1024,308856856,NVIDIA GeForce RTX 3090,SIVI,,0.03424397921894312,0.13069206712102724,0.0190023744783282,0.003421217203140259,1.7614150992136743,1646545444,ok,12.242712154773155,0.2,posterior_hmc,0.04438300584750399,0.00233594767618442,1.8020894840272539,20,[],pass,20,hmc_chain,581.4823897480965,5000,665477760,12.243137443259442,100000,seed50_sivi_8_gaussians,50,8_gaussians,18.806493799934554,581.4858109652996
torch.float64,2039e966ba63fbe9d2360f0767265fd6137a714705926dfba2820054c9009b84,seed50_sivi_8_gaussians|SIVI|8_gaussians|50|4000,results/default_config_grid/SIVI/8_gaussians/20260502_111136/checkpoints/epoch_4000,2026-07-27T18:49:32.185519+00:00,cuda,,0.9985419840494791,1000,0.0,2.266922490989479,1.0048489078901355,0.0,1.091539093633478,0.009999999776482582,0.009999999776482582,0.009999999776482582,20,0.05294167223343382,20,0.9886,0.998435361328125,5000,1.629947620181458,1.000721416079638,0.0,1.0229591171893806,1,100000,,,,4097,,4000,1024,158436764,NVIDIA GeForce RTX 3090,SIVI,,0.3442433481151854,2.618102679978989,0.0773112282867415,0.0037106946110725403,4.405822930713675,2039126838,ok,7.378542426005781,0.4,posterior_hmc,0.10969131037505762,0.005773226861845138,4.452695368367618,20,[],pass,20,hmc_chain,576.4537933319807,5000,319021202,7.6015264863227205,100000,seed50_sivi_8_gaussians,50,8_gaussians,13.90906908553363,576.4575040265918
torch.float64,2039e966ba63fbe9d2360f0767265fd6137a714705926dfba2820054c9009b84,seed50_sivi_8_gaussians|SIVI|8_gaussians|50|6000,results/default_config_grid/SIVI/8_gaussians/20260502_111136/checkpoints/epoch_6000,2026-07-27T18:58:52.574105+00:00,cuda,,0.9972230224609376,1000,0.0,1.826949723127334,1.0062195369010234,0.0,1.120428432818545,0.009999999776482582,0.009999999776482582,0.009999999776482582,20,0.049083767514761956,20,0.9676,0.9969975,5000,1.3791608602324887,1.0009053746199907,0.0,1.038874622939031,1,100000,,,,4097,,6000,1024,1326890638,NVIDIA GeForce RTX 3090,SIVI,,0.43804909468996467,3.25704743270336,0.07029770485519428,0.003656521439552307,5.769997315019736,2072054916,ok,4.785456874140296,0.6,posterior_hmc,0.21510824449521126,0.01132148655237954,6.231342767054753,20,[],pass,20,hmc_chain,560.3597909882665,5000,13788824,5.171682537247588,100000,seed50_sivi_8_gaussians,50,8_gaussians,11.056077320010424,560.363447509706
torch.float64,2039e966ba63fbe9d2360f0767265fd6137a714705926dfba2820054c9009b84,seed50_sivi_8_gaussians|SIVI|8_gaussians|50|8000,results/default_config_grid/SIVI/8_gaussians/20260502_111136/checkpoints/epoch_8000,2026-07-27T19:07:51.774039+00:00,cuda,,0.9965552734374999,1000,0.0,2.436215855934917,1.0073217555724614,0.0,1.1605448714074658,0.009999999776482582,0.009999999776482582,0.009999999776482582,20,0.04798664735587241,20,0.9542,0.9962719824218751,5000,1.4355474452854613,1.0010906295015878,0.0,1.0405290838765227,1,100000,,,,4097,,8000,1024,1559014752,NVIDIA GeForce RTX 3090,SIVI,,0.6693142575217849,5.140783141900021,0.10950398333013521,0.003435976803302765,5.793594548731026,1907569901,ok,4.476159605086081,0.8,posterior_hmc,0.2665899554468613,0.014031050286676911,6.112236625255178,20,[],pass,20,hmc_chain,539.1706042289734,5000,1950565786,4.998160613862725,100000,seed50_sivi_8_gaussians,50,8_gaussians,10.566960286496624,539.1740402057767
torch.float64,2039e966ba63fbe9d2360f0767265fd6137a714705926dfba2820054c9009b84,seed50_sivi_8_gaussians|SIVI|8_gaussians|50|10000,results/default_config_grid/SIVI/8_gaussians/20260502_111136/checkpoints/epoch_10000,2026-07-27T19:16:46.193745+00:00,cuda,,0.9963098876953125,1000,0.0,3.321670442201822,1.0076193354879293,0.0,1.1891824589954865,0.009999999776482582,0.009999999776482582,0.009999999776482582,20,0.047890048278085,20,0.9620000000000001,0.9960096289062501,5000,1.376613157704955,1.001096540949456,0.0,1.060348561501303,1,100000,,,,4097,,10000,1024,1225012352,NVIDIA GeForce RTX 3090,SIVI,,1.0053192714585055,7.731632027775296,0.14633428481531122,0.0037160366773605347,6.001202270676246,976255612,ok,4.346829211688321,1.0,posterior_hmc,0.31950024449518344,0.01681580234185176,6.870018688561747,20,[],pass,20,hmc_chain,534.393368549645,5000,381382394,4.800385593942414,100000,seed50_sivi_8_gaussians,50,8_gaussians,10.68635576322107,534.3970845863223
torch.float64,2039e966ba63fbe9d2360f0767265fd6137a714705926dfba2820054c9009b84,seed42_uivi_8_gaussians|UIVI|8_gaussians|42|2000,results/default_config_grid/UIVI/8_gaussians/20260428_043837/checkpoints/epoch_2000,2026-07-27T18:58:38.828535+00:00,cuda,,0.9993725179036457,1000,0.0,1.8011172820139516,1.0091747106628022,0.0,1.2182876855219873,0.009999999776482582,0.009999999776482582,0.009999999776482582,20,0.062113978557500005,20,0.9976,0.9993333203125001,5000,1.0641444707145613,1.0004763922472828,0.0,1.0059062753057304,1,100000,,,,5,,2000,1024,1847560492,NVIDIA GeForce RTX 3090,UIVI,,1.160896046550143,1.806963910285918,1.0355053359175976,0.2801247909665108,2.3532319182257853,1250224544,ok,17.65766319329972,0.2,posterior_hmc,0.004630071201957009,0.0002436879579977373,1.121091322548746,20,[],pass,20,hmc_chain,542.797886967659,5000,1317139451,16.900867649778718,100000,seed42_uivi_8_gaussians,42,8_gaussians,23.12383255921189,543.0780117586255
torch.float64,2039e966ba63fbe9d2360f0767265fd6137a714705926dfba2820054c9009b84,seed42_uivi_8_gaussians|UIVI|8_gaussians|42|4000,results/default_config_grid/UIVI/8_gaussians/20260428_043837/checkpoints/epoch_4000,2026-07-27T19:07:24.500416+00:00,cuda,,0.9993307047526042,1000,0.0,2.5172995250405417,1.0083348073570135,0.0,1.015424033346109,0.009999999776482582,0.009999999776482582,0.009999999776482582,20,0.06082015579977136,20,0.995,0.9992860644531251,5000,1.015617805511354,1.0002233972714314,0.0,1.0049925402624622,1,100000,,,,5,,4000,1024,447923968,NVIDIA GeForce RTX 3090,UIVI,,1.3453093467280155,2.0630738490066283,0.6938714645345553,0.2198675274848938,3.346351767534182,866773384,ok,14.2689703397282,0.4,posterior_hmc,0.0030632879017817426,0.00016122567904114436,1.938845183135526,20,[],pass,20,hmc_chain,525.4279896393418,5000,515235582,12.780585729248127,100000,seed42_uivi_8_gaussians,42,8_gaussians,18.792383150362955,525.6478571668267
torch.float64,2039e966ba63fbe9d2360f0767265fd6137a714705926dfba2820054c9009b84,seed42_uivi_8_gaussians|UIVI|8_gaussians|42|6000,results/default_config_grid/UIVI/8_gaussians/20260428_043837/checkpoints/epoch_6000,2026-07-27T19:16:05.446481+00:00,cuda,,0.9992590657552083,1000,0.0,1.0655779747416456,1.0090750889949944,0.0,1.015778947284577,0.009999999776482582,0.009999999776482582,0.009999999776482582,20,0.06039283335465735,20,0.9934000000000001,0.9992070117187499,5000,1.0104473414134485,1.0000516947406375,0.0,1.0030361794843612,1,100000,,,,5,,6000,1024,1212031446,NVIDIA GeForce RTX 3090,UIVI,,1.6981599597297419,2.9250728478308954,0.6008457203961822,0.21245352923870087,4.422371214842673,79957772,ok,13.12022516163628,0.6,posterior_hmc,0.0017141533721450088,9.021859853394782e-05,2.8262828577858867,20,[],pass,20,hmc_chain,520.7128956690431,5000,438126421,11.221938150691374,100000,seed42_uivi_8_gaussians,42,8_gaussians,16.532870837154913,520.9253491982818
torch.float64,2039e966ba63fbe9d2360f0767265fd6137a714705926dfba2820054c9009b84,seed42_uivi_8_gaussians|UIVI|8_gaussians|42|8000,results/default_config_grid/UIVI/8_gaussians/20260428_043837/checkpoints/epoch_8000,2026-07-27T19:24:29.366590+00:00,cuda,,0.9992635579427083,1000,0.0,1.0770521264080952,1.0089056391010445,0.0,1.0150266377747874,0.009999999776482582,0.009999999776482582,0.009999999776482582,20,0.06021879568728459,20,0.9932000000000001,0.999211591796875,5000,1.193305053148442,1.000041697341311,0.0,1.003590862343268,1,100000,,,,5,,8000,1024,1535925192,NVIDIA GeForce RTX 3090,UIVI,,1.7008688752907508,2.8655253209083837,0.5634135122132007,0.31820132583379745,4.698369135722871,1495995559,ok,12.728848416592214,0.8,posterior_hmc,0.004713699195632811,0.00024808943134909533,3.018864188417133,20,[],pass,20,hmc_chain,503.581876039505,5000,1007738929,11.048079983636118,100000,seed42_uivi_8_gaussians,42,8_gaussians,15.800696106727255,503.9000773653388
torch.float64,2039e966ba63fbe9d2360f0767265fd6137a714705926dfba2820054c9009b84,seed42_uivi_8_gaussians|UIVI|8_gaussians|42|10000,results/default_config_grid/UIVI/8_gaussians/20260428_043837/checkpoints/epoch_10000,2026-07-27T19:32:39.382112+00:00,cuda,,0.9992519042968748,1000,0.0,1.0221634835576063,1.0088006470091366,0.0,1.0151781085136597,0.009999999776482582,0.009999999776482582,0.009999999776482582,20,0.05997293993024316,20,0.9926,0.9992002539062501,5000,1.1083545756166457,1.0000161735920654,0.0,1.0025655058901988,1,100000,,,,5,,10000,1024,1302702972,NVIDIA GeForce RTX 3090,UIVI,,1.7044669365578662,3.365213681486131,0.5841224899434219,0.22159618139266968,4.826922961447482,172090130,ok,11.870916266655604,1.0,posterior_hmc,0.0018255379405909004,9.608094424162634e-05,2.917995738741306,20,[],pass,20,hmc_chain,489.77557917684317,5000,1461584364,10.826500469740933,100000,seed42_uivi_8_gaussians,42,8_gaussians,15.541609502139533,489.99717535823584
torch.float64,2039e966ba63fbe9d2360f0767265fd6137a714705926dfba2820054c9009b84,seed43_uivi_8_gaussians|UIVI|8_gaussians|43|2000,results/default_config_grid/UIVI/8_gaussians/20260428_070030/checkpoints/epoch_2000,2026-07-27T18:59:02.953501+00:00,cuda,,0.9994582031249998,1000,0.0,3.632435247839025,1.0059838832067174,0.0,1.2793485498158323,0.009999999776482582,0.009999999776482582,0.009999999776482582,20,0.06411758797160914,20,0.9974000000000001,0.999419169921875,5000,1.1331757219030083,1.0004306992976966,0.0,1.0067961459070898,1,100000,,,,5,,2000,1024,1442574734,NVIDIA GeForce RTX 3090,UIVI,,1.4632408205042153,2.0776550611886764,1.1867514931488155,0.2450934574007988,2.6433361765946204,494169820,ok,20.930970754875823,0.2,posterior_hmc,0.00687997896729123,0.0003621041561732226,1.232979970070894,20,[],pass,20,hmc_chain,588.9128966331482,5000,1104044369,19.928048703919455,100000,seed43_uivi_8_gaussians,43,8_gaussians,26.248322197365493,589.157990090549
torch.float64,2039e966ba63fbe9d2360f0767265fd6137a714705926dfba2820054c9009b84,seed43_uivi_8_gaussians|UIVI|8_gaussians|43|4000,results/default_config_grid/UIVI/8_gaussians/20260428_070030/checkpoints/epoch_4000,2026-07-27T19:08:44.279828+00:00,cuda,,0.9994096354166667,1000,0.0,2.784204504682969,1.0057455063163567,0.0,1.2438130333443695,0.009999999776482582,0.009999999776482582,0.009999999776482582,20,0.0629680112251022,20,0.9972000000000001,0.9993680175781251,5000,1.0556119501380554,1.0003377485717082,0.0,1.0044412785413734,1,100000,,,,5,,4000,1024,1284113687,NVIDIA GeForce RTX 3090,UIVI,,2.6725171498681513,5.901884828067821,1.1496849288611326,0.2682970389723778,5.2032054164329455,744068324,ok,15.883696524784561,0.4,posterior_hmc,0.010980064748158401,0.0005778981446399158,2.324564828831428,20,[],pass,20,hmc_chain,581.0378164947033,5000,902137989,13.426155410631718,100000,seed43_uivi_8_gaussians,43,8_gaussians,19.413383743983896,581.3061135336757
torch.float64,2039e966ba63fbe9d2360f0767265fd6137a714705926dfba2820054c9009b84,seed43_uivi_8_gaussians|UIVI|8_gaussians|43|6000,results/default_config_grid/UIVI/8_gaussians/20260428_070030/checkpoints/epoch_6000,2026-07-27T19:18:18.535669+00:00,cuda,,0.9993916585286459,1000,0.0,1.9923351899348667,1.0052632726812036,0.0,1.207238197029219,0.009999999776482582,0.009999999776482582,0.009999999776482582,20,0.06246828767623946,20,0.9968,0.9993493652343752,5000,1.1394273893434312,1.0003085522381858,0.0,1.008506084957695,1,100000,,,,5,,6000,1024,1438166872,NVIDIA GeForce RTX 3090,UIVI,,2.5608639120377434,4.865980792346458,1.0239549070361118,0.28670784085989,5.017755246979017,804797165,ok,13.593312035621924,0.6,posterior_hmc,0.01877906000489811,0.0009883715792051637,2.5009537963446955,20,[],pass,20,hmc_chain,573.9490434154868,5000,1464623391,11.32494377301513,100000,seed43_uivi_8_gaussians,43,8_gaussians,17.26319237888372,574.2357512563467
torch.float64,2039e966ba63fbe9d2360f0767265fd6137a714705926dfba2820054c9009b84,seed43_uivi_8_gaussians|UIVI|8_gaussians|43|8000,results/default_config_grid/UIVI/8_gaussians/20260428_070030/checkpoints/epoch_8000,2026-07-27T19:27:50.082429+00:00,cuda,,0.9993225341796876,1000,0.0,1.785933763059591,1.0050359795411092,0.0,1.1885225622373339,0.009999999776482582,0.009999999776482582,0.009999999776482582,20,0.06155619845103908,20,0.9958,0.9992741406250002,5000,1.1867131799324693,1.000275651148453,0.0,1.0062516971910191,1,100000,,,,5,,8000,1024,45095354,NVIDIA GeForce RTX 3090,UIVI,,2.896298999565163,5.520611939522403,0.9835844389846792,0.26764071732759476,5.846975614188857,1170148572,ok,12.912521802339466,0.8,posterior_hmc,0.025172424526390208,0.0013248644487573794,2.944636865702058,20,[],pass,20,hmc_chain,571.2601879015565,5000,1024811540,9.994650755153081,100000,seed43_uivi_8_gaussians,43,8_gaussians,15.540282209150206,571.5278286188841
torch.float64,2039e966ba63fbe9d2360f0767265fd6137a714705926dfba2820054c9009b84,seed43_uivi_8_gaussians|UIVI|8_gaussians|43|10000,results/default_config_grid/UIVI/8_gaussians/20260428_070030/checkpoints/epoch_10000,2026-07-27T19:37:17.513508+00:00,cuda,,0.9992989827473958,1000,0.0,2.731638102037786,1.005015439359951,0.0,1.1246384732335528,0.009999999776482582,0.009999999776482582,0.009999999776482582,20,0.061343028899293654,20,0.9954000000000001,0.999251376953125,5000,1.506973134886683,1.0002648400434238,0.0,1.006337283186691,1,100000,,,,5,,10000,1024,1227059239,NVIDIA GeForce RTX 3090,UIVI,,3.0765282912401215,5.44977140539534,1.0819923709962773,0.27450402081012726,5.90101647438161,1533835214,ok,13.126548039544438,1.0,posterior_hmc,0.022938740884217268,0.0012073021518009088,2.843391851651703,20,[],pass,20,hmc_chain,567.1389139816165,5000,824198044,10.508287771151396,100000,seed43_uivi_8_gaussians,43,8_gaussians,16.17051879467453,567.4134180024266
torch.float64,2039e966ba63fbe9d2360f0767265fd6137a714705926dfba2820054c9009b84,seed45_uivi_8_gaussians|UIVI|8_gaussians|45|2000,results/default_config_grid/UIVI/8_gaussians/20260428_115838/checkpoints/epoch_2000,2026-07-27T18:59:49.379509+00:00,cuda,,0.9993958902994792,1000,0.0,1.58805106548714,1.0098742392275062,0.0,1.1707356930279655,0.009999999776482582,0.009999999776482582,0.009999999776482582,20,0.06178947267749499,20,0.9976,0.9993601562500001,5000,1.1306579834931165,1.000506604089108,0.0,1.0151274166955289,1,100000,,,,5,,2000,1024,1243576276,NVIDIA GeForce RTX 3090,UIVI,,1.0137577740606107,1.503356343837318,0.9368956732146289,0.28258170187473297,2.1056362785511413,301818661,ok,17.763583629144026,0.2,posterior_hmc,0.005642493482688214,0.00029697334119411654,1.0820391245721699,20,[],pass,20,hmc_chain,561.481602743268,5000,1068400930,16.612831972019627,100000,seed45_uivi_8_gaussians,45,8_gaussians,22.54625963705868,561.7641844451427
torch.float64,2039e966ba63fbe9d2360f0767265fd6137a714705926dfba2820054c9009b84,seed45_uivi_8_gaussians|UIVI|8_gaussians|45|4000,results/default_config_grid/UIVI/8_gaussians/20260428_115838/checkpoints/epoch_4000,2026-07-27T19:08:57.164848+00:00,cuda,,0.9993399983723958,1000,0.0,1.0337262416958548,1.009196100305989,0.0,1.0156872301714541,0.009999999776482582,0.009999999776482582,0.009999999776482582,20,0.06149308862065699,20,0.9954000000000001,0.999296708984375,5000,1.0436268443602685,1.0001265889794846,0.0,1.0042391391760956,1,100000,,,,5,,4000,1024,1141327843,NVIDIA GeForce RTX 3090,UIVI,,1.465928051296665,2.4327506046850638,0.6461139559577939,0.2512867674231529,3.650933767948917,1187647602,ok,13.490597883270413,0.4,posterior_hmc,0.002129205311023558,0.00011206343742229252,2.268838240962596,20,[],pass,20,hmc_chain,547.5090475231409,5000,641641353,11.592504098366371,100000,seed45_uivi_8_gaussians,45,8_gaussians,17.279090675321143,547.7603342905641
torch.float64,2039e966ba63fbe9d2360f0767265fd6137a714705926dfba2820054c9009b84,seed45_uivi_8_gaussians|UIVI|8_gaussians|45|6000,results/default_config_grid/UIVI/8_gaussians/20260428_115838/checkpoints/epoch_6000,2026-07-27T19:17:59.246329+00:00,cuda,,0.9992524251302083,1000,0.0,1.0236679477248696,1.00895241212456,0.0,1.0154783413882962,0.009999999776482582,0.009999999776482582,0.009999999776482582,20,0.06028755820047296,20,0.9934000000000001,0.9991988183593752,5000,1.0390705197756762,1.0000809845319838,0.0,1.0040530540101464,1,100000,,,,5,,6000,1024,147629178,NVIDIA GeForce RTX 3090,UIVI,,1.7622616430392353,3.1695031425812825,0.57992606193188,0.22173912823200226,4.823582361332383,155081610,ok,13.049459524956163,0.6,posterior_hmc,0.002654622677539559,0.00013971698302839785,3.038769523771181,20,[],pass,20,hmc_chain,541.8381988555193,5000,1963042399,11.1127427346727,100000,seed45_uivi_8_gaussians,45,8_gaussians,16.305821680358587,542.0599379837513
torch.float64,2039e966ba63fbe9d2360f0767265fd6137a714705926dfba2820054c9009b84,seed45_uivi_8_gaussians|UIVI|8_gaussians|45|8000,results/default_config_grid/UIVI/8_gaussians/20260428_115838/checkpoints/epoch_8000,2026-07-27T19:26:41.329411+00:00,cuda,,0.9992801595052083,1000,0.0,1.0244603843285556,1.0094940537536536,0.0,1.015921500786498,0.009999999776482582,0.009999999776482582,0.009999999776482582,20,0.06075874062424476,20,0.9932000000000001,0.9992295996093752,5000,1.01169505200095,0.9999876623520562,0.0,1.001152705921195,1,100000,,,,5,,8000,1024,1684245135,NVIDIA GeForce RTX 3090,UIVI,,1.640089230724492,2.7740844795320707,0.5903745009852627,0.2832731232047081,4.537252731557158,375085797,ok,12.354171186703727,0.8,posterior_hmc,0.0007839961157321472,4.126295345958669e-05,2.778048896060694,20,[],pass,20,hmc_chain,521.7798902541399,5000,1905568982,10.540662989570613,100000,seed45_uivi_8_gaussians,45,8_gaussians,14.72312607372735,522.0631633773446
torch.float64,2039e966ba63fbe9d2360f0767265fd6137a714705926dfba2820054c9009b84,seed45_uivi_8_gaussians|UIVI|8_gaussians|45|10000,results/default_config_grid/UIVI/8_gaussians/20260428_115838/checkpoints/epoch_10000,2026-07-27T19:35:00.778186+00:00,cuda,,0.9992788736979166,1000,0.0,1.024024737389072,1.0095608731559742,0.0,1.0158284759343126,0.009999999776482582,0.009999999776482582,0.009999999776482582,20,0.0605274853978961,20,0.9928,0.99922869140625,5000,1.0434680635688378,1.0000113650526952,0.0,1.0022402520410054,1,100000,,,,5,,10000,1024,941427306,NVIDIA GeForce RTX 3090,UIVI,,1.5983270118524198,3.0827341953373772,0.5937544380562947,0.25580229610204697,4.4083645387921475,1563397314,ok,11.748079099794154,1.0,posterior_hmc,0.0011710805686118099,6.163581940062158e-05,2.691899056931142,20,[],pass,20,hmc_chain,499.17452712357044,5000,751467999,10.643260727204279,100000,seed45_uivi_8_gaussians,45,8_gaussians,15.54226170930039,499.4303294196725
torch.float64,2039e966ba63fbe9d2360f0767265fd6137a714705926dfba2820054c9009b84,seed49_uivi_8_gaussians|UIVI|8_gaussians|49|2000,results/default_config_grid/UIVI/8_gaussians/20260502_085619/checkpoints/epoch_2000,2026-07-27T18:58:18.248996+00:00,cuda,,0.9994098795572915,1000,0.0,1.8734809011615616,1.0071363739560173,0.0,1.1595031995381782,0.009999999776482582,0.009999999776482582,0.009999999776482582,20,0.06371684258708157,20,0.9974000000000001,0.9993662597656251,5000,1.1153051323638576,1.0004678471661614,0.0,1.010509909778839,1,100000,,,,5,,2000,1024,1988152994,NVIDIA GeForce RTX 3090,UIVI,,1.3547452401129272,1.9839337067613396,1.2249310591382037,0.3128706365823746,2.4559372718484083,529662813,ok,19.13433086182976,0.2,posterior_hmc,0.009507470484660023,0.0005003931834031591,1.1059767241644227,20,[],pass,20,hmc_chain,586.0621525496244,5000,1975233344,17.824646989925796,100000,seed49_uivi_8_gaussians,49,8_gaussians,23.519259085642286,586.3750231862068
torch.float64,2039e966ba63fbe9d2360f0767265fd6137a714705926dfba2820054c9009b84,seed49_uivi_8_gaussians|UIVI|8_gaussians|49|4000,results/default_config_grid/UIVI/8_gaussians/20260502_085619/checkpoints/epoch_4000,2026-07-27T19:07:55.470804+00:00,cuda,,0.9993347493489582,1000,0.0,2.3279881618141465,1.0077903773884076,0.0,1.0847487383494048,0.009999999776482582,0.009999999776482582,0.009999999776482582,20,0.060935066762079104,20,0.9968,0.999291123046875,5000,1.1309290567211834,1.0003290803732046,0.0,1.0037946419029076,1,100000,,,,5,,4000,1024,751409689,NVIDIA GeForce RTX 3090,UIVI,,1.9832371531748072,3.1182035318972154,0.9587959128539425,0.2757089287042618,4.120672300747701,1546522030,ok,13.948834396925884,0.4,posterior_hmc,0.0076561567280314415,0.0004029556172648127,2.0684664239666217,20,[],pass,20,hmc_chain,576.9249781295657,5000,589275095,11.968230593303497,100000,seed49_uivi_8_gaussians,49,8_gaussians,17.559570949846233,577.20068705827
torch.float64,2039e966ba63fbe9d2360f0767265fd6137a714705926dfba2820054c9009b84,seed49_uivi_8_gaussians|UIVI|8_gaussians|49|6000,results/default_config_grid/UIVI/8_gaussians/20260502_085619/checkpoints/epoch_6000,2026-07-27T19:17:27.530182+00:00,cuda,,0.999259619140625,1000,0.0,1.8926205283902455,1.0079263923257253,0.0,1.0754349609989042,0.009999999776482582,0.009999999776482582,0.009999999776482582,20,0.060002616785243934,20,0.9954000000000001,0.9992080957031251,5000,1.2427615851609455,1.000259393663528,0.0,1.0035983745341257,1,100000,,,,5,,6000,1024,44392232,NVIDIA GeForce RTX 3090,UIVI,,2.0825380614154962,3.322883435411619,0.7683032764622336,0.2558361068367958,4.736256024660924,612187250,ok,13.596752918644814,0.6,posterior_hmc,0.008952013478239334,0.00047115860411785964,2.710567721388423,20,[],pass,20,hmc_chain,571.782256424427,5000,1334566439,11.000228269425435,100000,seed49_uivi_8_gaussians,49,8_gaussians,16.32254065075908,572.0380925312638
torch.float64,2039e966ba63fbe9d2360f0767265fd6137a714705926dfba2820054c9009b84,seed49_uivi_8_gaussians|UIVI|8_gaussians|49|8000,results/default_config_grid/UIVI/8_gaussians/20260502_085619/checkpoints/epoch_8000,2026-07-27T19:26:53.397278+00:00,cuda,,0.999269140625,1000,0.0,2.2163338350193853,1.0076737082046647,0.0,1.0820707028084127,0.009999999776482582,0.009999999776482582,0.009999999776482582,20,0.06031101832009292,20,0.995,0.9992182910156251,5000,1.1258575996630587,1.000300680310421,0.0,1.0048707053505785,1,100000,,,,5,,8000,1024,423550510,NVIDIA GeForce RTX 3090,UIVI,,2.287436345551386,4.297338714149538,0.9172071860088757,0.2804768905043602,4.838575728900953,2114995756,ok,13.977206509159668,0.8,posterior_hmc,0.007087161136617568,0.0003730084808746088,2.4939145489089647,20,[],pass,20,hmc_chain,565.5683071166277,5000,52746839,11.579109494212823,100000,seed49_uivi_8_gaussians,49,8_gaussians,16.878779066976094,565.848784007132
torch.float64,2039e966ba63fbe9d2360f0767265fd6137a714705926dfba2820054c9009b84,seed49_uivi_8_gaussians|UIVI|8_gaussians|49|10000,results/default_config_grid/UIVI/8_gaussians/20260502_085619/checkpoints/epoch_10000,2026-07-27T19:36:15.750430+00:00,cuda,,0.9992207845052082,1000,0.0,2.700885100548185,1.0079210290393612,0.0,1.1055841173962282,0.009999999776482582,0.009999999776482582,0.009999999776482582,20,0.059888625179854896,20,0.995,0.9991642285156251,5000,1.0924741286436275,1.0002698605998341,0.0,1.005700192362478,1,100000,,,,5,,10000,1024,513189530,NVIDIA GeForce RTX 3090,UIVI,,2.0432201970123516,3.676474026544012,0.7072775068885414,0.2526954784989357,4.921642023530186,1080706028,ok,12.861443249883344,1.0,posterior_hmc,0.008142394211026822,0.00042854706373825376,2.888852221528853,20,[],pass,20,hmc_chain,562.0832870677114,5000,1755101521,11.361903899496708,100000,seed49_uivi_8_gaussians,49,8_gaussians,16.286844604544005,562.3359825462103
torch.float64,2039e966ba63fbe9d2360f0767265fd6137a714705926dfba2820054c9009b84,seed50_uivi_8_gaussians|UIVI|8_gaussians|50|2000,results/default_config_grid/UIVI/8_gaussians/20260502_113754/checkpoints/epoch_2000,2026-07-27T18:57:54.004155+00:00,cuda,,0.9994175618489582,1000,0.0,2.27773321146475,1.008114335310781,0.0,1.1505372069255249,0.009999999776482582,0.009999999776482582,0.009999999776482582,20,0.06373009112250082,20,0.9974000000000001,0.9993776367187501,5000,1.0311714093826512,1.0004623701870654,0.0,1.0036827939405841,1,100000,,,,5,,2000,1024,305444420,NVIDIA GeForce RTX 3090,UIVI,,1.071634863546207,1.5255682255707415,0.8972162386546966,0.2563672959804535,2.2773451653628047,1802806651,ok,17.541935641684248,0.2,posterior_hmc,0.0033898447475375253,0.00017841288144934345,1.1943997638217483,20,[],pass,20,hmc_chain,571.3449655920267,5000,930114648,16.42781020932379,100000,seed50_uivi_8_gaussians,50,8_gaussians,22.366168725206407,571.6013328880072
torch.float64,2039e966ba63fbe9d2360f0767265fd6137a714705926dfba2820054c9009b84,seed50_uivi_8_gaussians|UIVI|8_gaussians|50|4000,results/default_config_grid/UIVI/8_gaussians/20260502_113754/checkpoints/epoch_4000,2026-07-27T19:07:29.511648+00:00,cuda,,0.9993639160156249,1000,0.0,2.178400811019994,1.009230205637014,0.0,1.1518279192514125,0.009999999776482582,0.009999999776482582,0.009999999776482582,20,0.06117297977167461,20,0.9964000000000001,0.9993239257812502,5000,1.058564593595894,1.0004642796046503,0.0,1.0072371752231168,1,100000,,,,5,,4000,1024,2112862512,NVIDIA GeForce RTX 3090,UIVI,,1.7911509029464807,3.283649262102137,0.9870420883905302,0.2808644771575928,3.598159709978153,1061403969,ok,15.057363691431547,0.4,posterior_hmc,0.009410707894696857,0.0004953004155103609,1.8146651738702748,20,[],pass,20,hmc_chain,575.2049764543772,5000,1584169209,13.133085722686188,100000,seed50_uivi_8_gaussians,50,8_gaussians,18.512597923929697,575.4858409315348
torch.float64,2039e966ba63fbe9d2360f0767265fd6137a714705926dfba2820054c9009b84,seed50_uivi_8_gaussians|UIVI|8_gaussians|50|6000,results/default_config_grid/UIVI/8_gaussians/20260502_113754/checkpoints/epoch_6000,2026-07-27T19:17:02.006054+00:00,cuda,,0.9992885416666667,1000,0.0,1.802271464968535,1.0096321704236875,0.0,1.1259354837447115,0.009999999776482582,0.009999999776482582,0.009999999776482582,20,0.060322451495734765,20,0.9954000000000001,0.999239482421875,5000,1.051471094926992,1.0004542440369755,0.0,1.0075424158789952,1,100000,,,,5,,6000,1024,78992998,NVIDIA GeForce RTX 3090,UIVI,,1.8668428723907171,3.3329104301702333,0.7201928607517656,0.2633063644170761,4.3550067662302165,465962646,ok,13.415574313982702,0.6,posterior_hmc,0.007745531085438336,0.000407659530812544,2.5921429857580556,20,[],pass,20,hmc_chain,572.212471447885,5000,75364688,11.387470015072804,100000,seed50_uivi_8_gaussians,50,8_gaussians,16.908557536107615,572.4757778123021
torch.float64,2039e966ba63fbe9d2360f0767265fd6137a714705926dfba2820054c9009b84,seed50_uivi_8_gaussians|UIVI|8_gaussians|50|8000,results/default_config_grid/UIVI/8_gaussians/20260502_113754/checkpoints/epoch_8000,2026-07-27T19:26:25.266933+00:00,cuda,,0.9992664876302083,1000,0.0,1.840535853003518,1.0091796583558164,0.0,1.15483335130306,0.009999999776482582,0.009999999776482582,0.009999999776482582,20,0.06047360137057933,20,0.9952000000000001,0.9992139941406251,5000,1.0287095616469821,1.0002746361872303,0.0,1.00552357075574,1,100000,,,,5,,8000,1024,523735189,NVIDIA GeForce RTX 3090,UIVI,,1.861856276308289,3.11136755122527,0.6743455836885617,0.2819691002368927,4.723072951188467,725134954,ok,13.144924864829116,0.8,posterior_hmc,0.006004126526819233,0.0003160066593062754,2.760982382540767,20,[],pass,20,hmc_chain,562.9600672274828,5000,294842297,11.391562350466366,100000,seed50_uivi_8_gaussians,50,8_gaussians,16.47913007617909,563.2420363277197
torch.float64,2039e966ba63fbe9d2360f0767265fd6137a714705926dfba2820054c9009b84,seed50_uivi_8_gaussians|UIVI|8_gaussians|50|10000,results/default_config_grid/UIVI/8_gaussians/20260502_113754/checkpoints/epoch_10000,2026-07-27T19:35:41.985418+00:00,cuda,,0.9992509440104167,1000,0.0,2.13341819080096,1.008748165215486,0.0,1.1401079929923141,0.009999999776482582,0.009999999776482582,0.009999999776482582,20,0.06048827117762983,20,0.995,0.9991943359375001,5000,1.09923416346937,1.0002736886783778,0.0,1.0035891371016348,1,100000,,,,5,,10000,1024,20493298,NVIDIA GeForce RTX 3090,UIVI,,1.7385728711804485,2.9864799056925366,0.6771243316854905,0.26848476380109787,4.249726400304581,1835240146,ok,12.368094902583444,1.0,posterior_hmc,0.005097577988559324,0.00026829357834522757,2.567582923586296,20,[],pass,20,hmc_chain,556.4308249950409,5000,1260400256,10.806263953267937,100000,seed50_uivi_8_gaussians,50,8_gaussians,15.753436742838334,556.699309758842
torch.float64,2039e966ba63fbe9d2360f0767265fd6137a714705926dfba2820054c9009b84,seed42_aisivi_8_gaussians|AISIVI|8_gaussians|42|2000,results/default_config_grid/AISIVI/8_gaussians/20260428_052846/checkpoints/epoch_2000,2026-07-27T19:00:06.058733+00:00,cuda,128,0.9992353922526042,1000,0.0,3.1212817421435495,1.0014684684290274,0.0,1.1120364327662249,0.009999999776482582,0.009999999776482582,0.009999999776482582,20,0.05768148693189215,20,0.9922000000000001,0.99918279296875,5000,2.1595844038350362,1.0002121874172554,0.0,1.0043936513095408,1,100000,2.86102294921875e-06,468.8404312133789,3.4688022136688232,1024,,2000,1024,1068106336,NVIDIA GeForce RTX 3090,AISIVI,,1.4672161348432913,33.86135053503778,0.7297314026009287,0.15105030685663223,3.439956535901847,794352788,ok,12.365378369120394,0.2,posterior_hmc,0.08165060462308656,0.0042974002433203455,2.0106249088552297,20,[],pass,20,hmc_chain,593.751602165401,5000,1825330208,11.499390980363234,100000,seed42_aisivi_8_gaussians,42,8_gaussians,18.24521274930448,593.9026524722576
torch.float64,2039e966ba63fbe9d2360f0767265fd6137a714705926dfba2820054c9009b84,seed42_aisivi_8_gaussians|AISIVI|8_gaussians|42|4000,results/default_config_grid/AISIVI/8_gaussians/20260428_052846/checkpoints/epoch_4000,2026-07-27T19:10:06.178005+00:00,cuda,128,0.9976584716796876,1000,0.0,4.202107155611997,1.003161675214213,0.0,1.0833734837230282,0.009999999776482582,0.009999999776482582,0.009999999776482582,20,0.04962660602083698,20,0.9698,0.997472626953125,5000,1.262478347768078,1.0005150112362378,0.0,1.0084507499840316,1,100000,9.5367431640625e-07,265.4322910308838,1.1741359233856201,1024,,4000,1024,1914850764,NVIDIA GeForce RTX 3090,AISIVI,,1.2992664693779477,10.959674473259051,0.2779123870547989,0.1549670547246933,5.503742282872935,1665473453,ok,6.814767167374029,0.4,posterior_hmc,0.11990569910277755,0.00631082626856724,4.675093770187932,20,[],pass,20,hmc_chain,599.8890997767448,5000,81525260,6.252865654963141,100000,seed42_aisivi_8_gaussians,42,8_gaussians,12.298441920297737,600.0440668314695
torch.float64,2039e966ba63fbe9d2360f0767265fd6137a714705926dfba2820054c9009b84,seed42_aisivi_8_gaussians|AISIVI|8_gaussians|42|6000,results/default_config_grid/AISIVI/8_gaussians/20260428_052846/checkpoints/epoch_6000,2026-07-27T19:51:15.656474+00:00,cuda,,0.9856240885416665,1000,0.00020515950520833334,1.853993001391197,1.0030559032474506,0.0,1.1111072634113661,0.009999999776482582,0.008298150263726711,0.009999999776482582,20,0.04029404690243247,20,0.31220000000000003,0.9843451171875,5000,1.2816401871167336,1.000444591264843,0.0,1.0079168032040413,1,100000,,,,1024,,6000,1024,536268584,NVIDIA GeForce RTX 3090,AISIVI,RuntimeError: Failed to obtain finite samples from RealNVP after 3 attempts.,,,,0.14139880239963531,,1389828645,unavailable,,0.6,posterior_hmc,0.22471813606199664,0.011827270319052455,5.317070640371957,20,[],pass,20,hmc_chain,550.3316514864564,5000,1903760440,427.1234219656602,100000,seed42_aisivi_8_gaussians,42,8_gaussians,432.5094786665049,550.473050288856
torch.float64,2039e966ba63fbe9d2360f0767265fd6137a714705926dfba2820054c9009b84,seed42_aisivi_8_gaussians|AISIVI|8_gaussians|42|8000,results/default_config_grid/AISIVI/8_gaussians/20260428_052846/checkpoints/epoch_8000,2026-07-27T20:11:12.194256+00:00,cuda,,0.9859097819010416,1000,0.0002664143880208333,2.2581698538229236,1.0032926772182014,0.0,1.145793784181645,0.009999999776482582,0.008445403538644314,0.009999999776482582,20,0.040561489370098104,20,0.1724,0.9846674511718752,5000,1.288947854762492,1.0004453378215852,0.0,1.0105594549417172,1,100000,,,,1024,80,8000,1024,1949683682,NVIDIA GeForce RTX 3090,AISIVI,FloatingPointError: AISIVI reverse checkpoint contains 80 non-finite parameter tensors.,,,,0.01219833642244339,,484921915,unavailable,,0.8,posterior_hmc,0.1858722608019153,0.009782750568521858,5.700301229675744,20,[],pass,20,hmc_chain,547.6115585938096,5000,857732915,440.4878481478806,100000,seed42_aisivi_8_gaussians,42,8_gaussians,446.1636926228093,547.623756930232
torch.float64,2039e966ba63fbe9d2360f0767265fd6137a714705926dfba2820054c9009b84,seed42_aisivi_8_gaussians|AISIVI|8_gaussians|42|10000,results/default_config_grid/AISIVI/8_gaussians/20260428_052846/checkpoints/epoch_10000,2026-07-27T20:11:14.670144+00:00,cuda,,0.988115625,1000,0.00014437662760416668,1.8904617537726032,1.0030299086333916,0.0,1.1031174205726402,0.009999999776482582,0.008740202523767948,0.009999999776482582,20,0.04101763430902933,20,0.44720000000000004,0.9870839160156252,5000,1.2843267551292654,1.0004319604102785,0.0,1.0094878023182956,1,100000,,,,1024,80,10000,1024,1855757640,NVIDIA GeForce RTX 3090,AISIVI,FloatingPointError: AISIVI reverse checkpoint contains 80 non-finite parameter tensors.,,,,0.012499012053012848,,22756606,unavailable,,1.0,posterior_hmc,0.1972110479662967,0.010379528840331406,5.6069617035981905,20,[],pass,20,hmc_chain,550.4978028535843,5000,7051459,349.4458909434852,100000,seed42_aisivi_8_gaussians,42,8_gaussians,353.5677677419609,550.5103018656373
torch.float64,2039e966ba63fbe9d2360f0767265fd6137a714705926dfba2820054c9009b84,seed43_aisivi_8_gaussians|AISIVI|8_gaussians|43|2000,results/default_config_grid/AISIVI/8_gaussians/20260428_075233/checkpoints/epoch_2000,2026-07-27T18:58:42.523132+00:00,cuda,128,0.9992526529947917,1000,0.0,1.7409346960460192,1.0036773446665765,0.0,1.0370726862343687,0.009999999776482582,0.009999999776482582,0.009999999776482582,20,0.06120742879491741,20,0.9928,0.999194658203125,5000,1.3594655336886554,1.0007107811572296,0.0,1.0069872225004792,1,100000,0.0,466.0790481567383,4.383674144744873,1024,,2000,1024,67725338,NVIDIA GeForce RTX 3090,AISIVI,,0.06586746076284761,0.44603351507473676,0.03469061092143532,0.16490955650806427,1.9391874408525203,315521451,ok,10.787896688470628,0.2,posterior_hmc,0.04753481746195838,0.0025018324979978095,1.8987114672618266,20,[],pass,20,hmc_chain,583.6260262280703,5000,56635061,10.766755114871252,100000,seed43_aisivi_8_gaussians,43,8_gaussians,17.901909103991116,583.7909357845783
torch.float64,2039e966ba63fbe9d2360f0767265fd6137a714705926dfba2820054c9009b84,seed43_aisivi_8_gaussians|AISIVI|8_gaussians|43|4000,results/default_config_grid/AISIVI/8_gaussians/20260428_075233/checkpoints/epoch_4000,2026-07-27T19:08:27.717039+00:00,cuda,128,0.9967634521484374,1000,0.0,2.487564058910745,1.0046342044201526,0.0,1.0818901296281798,0.009999999776482582,0.009999999776482582,0.009999999776482582,20,0.046824417690924436,20,0.9818,0.9965011621093751,5000,1.2799824734270289,1.0006888658741373,0.0,1.0216194034541632,1,100000,9.5367431640625e-07,229.8397331237793,1.1880534887313843,1024,,4000,1024,2023569362,NVIDIA GeForce RTX 3090,AISIVI,,0.46166160103758425,2.1853235218236904,0.10078806080107497,0.16086695343255997,4.757646536441901,1874334920,ok,5.681621634867708,0.4,posterior_hmc,0.1644883153874897,0.0086572797572363,4.580518737717993,20,[],pass,20,hmc_chain,584.9560065343976,5000,220993474,5.803661155111348,100000,seed43_aisivi_8_gaussians,43,8_gaussians,12.099600014238153,585.1168734878302
torch.float64,2039e966ba63fbe9d2360f0767265fd6137a714705926dfba2820054c9009b84,seed43_aisivi_8_gaussians|AISIVI|8_gaussians|43|6000,results/default_config_grid/AISIVI/8_gaussians/20260428_075233/checkpoints/epoch_6000,2026-07-27T19:18:12.304841+00:00,cuda,128,0.9947894938151042,1000,0.0,1.8835917353585645,1.006916087662053,0.0,1.119938110717704,0.009999999776482582,0.009999999776482582,0.009999999776482582,20,0.047862586316875566,20,0.9214,0.9943507031250001,5000,1.4187073809612123,1.0009193169154387,0.0,1.0320035307552804,1,100000,0.0,198.58734893798828,1.005022644996643,1024,,6000,1024,2063732132,NVIDIA GeForce RTX 3090,AISIVI,,1.186151451156912,8.969151661182538,0.1749035114274355,0.1511068344116211,6.870763205694249,120604798,ok,3.8061854881341284,0.6,posterior_hmc,0.24898799238281294,0.013104631178042786,6.78174749881466,20,[],pass,20,hmc_chain,584.3626332953572,5000,607539459,4.017931838860495,100000,seed43_aisivi_8_gaussians,43,8_gaussians,9.64497232337386,584.5137401297688
torch.float64,2039e966ba63fbe9d2360f0767265fd6137a714705926dfba2820054c9009b84,seed43_aisivi_8_gaussians|AISIVI|8_gaussians|43|8000,results/default_config_grid/AISIVI/8_gaussians/20260428_075233/checkpoints/epoch_8000,2026-07-27T19:27:47.849515+00:00,cuda,128,0.9937228678385417,1000,0.0,2.3719995392260445,1.0074425322191225,0.0,1.1565655083645023,0.009999999776482582,0.009999999776482582,0.009999999776482582,20,0.045963757503551445,20,0.9216000000000001,0.9931852050781251,5000,1.3841110493167048,1.0010395736678432,0.0,1.0357152599739758,1,100000,0.0,175.805082321167,1.1375194787979126,1024,,8000,1024,1174005200,NVIDIA GeForce RTX 3090,AISIVI,,1.502736126100378,13.329941754011399,0.20888249270039486,0.12644751369953156,7.374209277531089,976511918,ok,3.481583391343923,0.8,posterior_hmc,0.2914929696322709,0.015341735243803731,7.194169825691367,20,[],pass,20,hmc_chain,575.3501958921552,5000,62112212,4.189807959324538,100000,seed43_aisivi_8_gaussians,43,8_gaussians,10.354193204057662,575.4766434058547
torch.float64,2039e966ba63fbe9d2360f0767265fd6137a714705926dfba2820054c9009b84,seed43_aisivi_8_gaussians|AISIVI|8_gaussians|43|10000,results/default_config_grid/AISIVI/8_gaussians/20260428_075233/checkpoints/epoch_10000,2026-07-27T19:51:19.415557+00:00,cuda,,0.9939153645833333,1000,2.3356119791666665e-06,1.8554708211715862,1.0028119497504606,0.0,1.0615513179131908,0.009999999776482582,0.009999999776482582,0.009999999776482582,20,0.045892079780736596,20,0.8238000000000001,0.99338455078125,5000,1.3761456906187879,1.0004595143108357,0.0,1.0120887356535377,1,100000,,,,1024,,10000,1024,285459795,NVIDIA GeForce RTX 3090,AISIVI,RuntimeError: Failed to obtain finite samples from RealNVP after 3 attempts.,,,,0.14400237053632736,,859565708,unavailable,,1.0,posterior_hmc,0.12588489003126405,0.006625520527961265,3.4339995735121223,20,[],pass,20,hmc_chain,554.8071298450232,5000,2138642171,349.2196109955165,100000,seed43_aisivi_8_gaussians,43,8_gaussians,358.37040459442227,554.9511322155595
torch.float64,2039e966ba63fbe9d2360f0767265fd6137a714705926dfba2820054c9009b84,seed45_aisivi_8_gaussians|AISIVI|8_gaussians|45|2000,results/default_config_grid/AISIVI/8_gaussians/20260428_125713/checkpoints/epoch_2000,2026-07-27T18:56:02.665439+00:00,cuda,128,0.9991163736979166,1000,0.0,2.103978992025744,1.003435379099278,0.0,1.0442545564115457,0.009999999776482582,0.009999999776482582,0.009999999776482582,20,0.05949320482341616,20,0.9932000000000001,0.9990519335937501,5000,1.2399888830026637,1.0005908429770385,0.0,1.0058814790463229,1,100000,1.9073486328125e-06,403.0544853210449,4.960628986358643,1024,,2000,1024,237307169,NVIDIA GeForce RTX 3090,AISIVI,,0.09603191432716324,0.5942889867706886,0.04136728091411742,0.16152243316173553,2.3907681594818992,1597834231,ok,10.00573605513771,0.2,posterior_hmc,0.043556501855013134,0.0022924474660533226,2.321446133395497,20,[],pass,20,hmc_chain,527.0980116575956,5000,185184326,9.92898999840402,100000,seed45_aisivi_8_gaussians,45,8_gaussians,17.118918254108156,527.2595340907574
torch.float64,2039e966ba63fbe9d2360f0767265fd6137a714705926dfba2820054c9009b84,seed45_aisivi_8_gaussians|AISIVI|8_gaussians|45|4000,results/default_config_grid/AISIVI/8_gaussians/20260428_125713/checkpoints/epoch_4000,2026-07-27T19:04:43.784296+00:00,cuda,128,0.9972969970703125,1000,0.0,3.8467160171374397,1.0057590422746625,0.0,1.1224216090723766,0.009999999776482582,0.009999999776482582,0.009999999776482582,20,0.05068864579579307,20,0.9622,0.9970715136718751,5000,1.4323006240902825,1.0008311916621553,0.0,1.019089453117383,1,100000,1.9073486328125e-06,266.4023246765137,1.2166625261306763,1024,,4000,1024,777654855,NVIDIA GeForce RTX 3090,AISIVI,,0.39479481596601296,3.0606076823324533,0.08057281817790775,0.16870036721229553,4.729630007669398,60914553,ok,5.403403123866544,0.4,posterior_hmc,0.21713676526280282,0.011428250803305411,4.8998511519640715,20,[],pass,20,hmc_chain,520.8693967536092,5000,657399705,5.438828980056049,100000,seed45_aisivi_8_gaussians,45,8_gaussians,12.03232071704846,521.0380971208215
torch.float64,2039e966ba63fbe9d2360f0767265fd6137a714705926dfba2820054c9009b84,seed45_aisivi_8_gaussians|AISIVI|8_gaussians|45|6000,results/default_config_grid/AISIVI/8_gaussians/20260428_125713/checkpoints/epoch_6000,2026-07-27T19:13:42.016308+00:00,cuda,128,0.9957470377604166,1000,0.0,3.2877638256961155,1.0065051389245776,0.0,1.139439875264937,0.009999999776482582,0.009999999776482582,0.009999999776482582,20,0.04704361823530972,20,0.9282,0.9953835253906249,5000,1.37177207724309,1.0008274813221194,0.0,1.0305551582059311,1,100000,9.5367431640625e-07,181.92255401611328,1.066432237625122,1024,,6000,1024,306749778,NVIDIA GeForce RTX 3090,AISIVI,,0.7730280592702393,5.915165450843863,0.12642450828981297,0.15467569231987,6.110619501733228,1570463574,ok,4.709661717839193,0.6,posterior_hmc,0.2550560173496201,0.013424000913137899,6.114542739594174,20,[],pass,20,hmc_chain,538.0011759027839,5000,874776757,5.001718392205818,100000,seed45_aisivi_8_gaussians,45,8_gaussians,10.114503640797677,538.1558515951037
torch.float64,2039e966ba63fbe9d2360f0767265fd6137a714705926dfba2820054c9009b84,seed45_aisivi_8_gaussians|AISIVI|8_gaussians|45|8000,results/default_config_grid/AISIVI/8_gaussians/20260428_125713/checkpoints/epoch_8000,2026-07-27T19:21:58.165197+00:00,cuda,128,0.99527763671875,1000,0.0,4.330824411742216,1.0074019824291869,0.0,1.174825546214589,0.009999999776482582,0.009999999776482582,0.009999999776482582,20,0.047816374086170614,20,0.9206000000000001,0.9948790136718751,5000,1.5079118329889456,1.00094718609381,0.0,1.038419293828107,1,100000,0.0,158.78903770446777,1.1574950218200684,1024,,8000,1024,1467751155,NVIDIA GeForce RTX 3090,AISIVI,,1.7334516398653244,19.67774365996184,0.26023114955705207,0.15302496403455734,7.281375332986713,1727705194,ok,4.729510545020857,0.8,posterior_hmc,0.30144442733919424,0.015865496175747066,6.661199640457681,20,[],pass,20,hmc_chain,495.919372998178,5000,835316660,4.185763027362276,100000,seed45_aisivi_8_gaussians,45,8_gaussians,9.602773796987815,496.07239796221256
torch.float64,2039e966ba63fbe9d2360f0767265fd6137a714705926dfba2820054c9009b84,seed45_aisivi_8_gaussians|AISIVI|8_gaussians|45|10000,results/default_config_grid/AISIVI/8_gaussians/20260428_125713/checkpoints/epoch_10000,2026-07-27T19:30:10.732663+00:00,cuda,128,0.9939852701822919,1000,0.0,2.4215631135108864,1.0082880076820573,0.0,1.204621422966341,0.009999999776482582,0.009999999776482582,0.009999999776482582,20,0.04541906981191999,20,0.912,0.993466455078125,5000,1.43055992272664,1.0009936398275185,0.0,1.0384622914639545,1,100000,9.5367431640625e-07,131.5632038116455,1.000450611114502,1024,,10000,1024,1019359935,NVIDIA GeForce RTX 3090,AISIVI,,1.228018353284673,4.05120115368506,0.17849842954237932,0.12702347338199615,7.442386809719659,1893358491,ok,3.561803406317479,1.0,posterior_hmc,0.3557580231215719,0.01872410648008273,6.879715168547829,20,[],pass,20,hmc_chain,492.3717256486416,5000,1354220871,3.736835521834726,100000,seed45_aisivi_8_gaussians,45,8_gaussians,9.559527754865076,492.4987491220236
torch.float64,2039e966ba63fbe9d2360f0767265fd6137a714705926dfba2820054c9009b84,seed49_aisivi_8_gaussians|AISIVI|8_gaussians|49|2000,results/default_config_grid/AISIVI/8_gaussians/20260502_093742/checkpoints/epoch_2000,2026-07-27T19:00:27.286720+00:00,cuda,128,0.9993153157552084,1000,2.44140625e-08,2.191065579388448,1.0033726376240626,0.0,1.0825605775964315,0.009999999776482582,0.009999999776482582,0.009999999776482582,20,0.06034666782959755,20,0.9916,0.9992698046874999,5000,1.3690782016555394,1.0003519112483699,0.0,1.0075600465098622,1,100000,0.0,461.5782356262207,11.952964782714844,1024,,2000,1024,1420429757,NVIDIA GeForce RTX 3090,AISIVI,,0.506556501596215,3.5742049277434713,0.2063317888676762,0.16220958530902863,2.516839775268199,1050374298,ok,12.936222162177692,0.2,posterior_hmc,0.0895368996151593,0.004712468400797858,2.455057964534382,20,[],pass,20,hmc_chain,557.9776789322495,5000,190558774,12.49216379291916,100000,seed49_aisivi_8_gaussians,49,8_gaussians,19.262616764576148,558.1398885175586
torch.float64,2039e966ba63fbe9d2360f0767265fd6137a714705926dfba2820054c9009b84,seed49_aisivi_8_gaussians|AISIVI|8_gaussians|49|4000,results/default_config_grid/AISIVI/8_gaussians/20260502_093742/checkpoints/epoch_4000,2026-07-27T19:09:40.281864+00:00,cuda,128,0.998134033203125,1000,0.0,2.434643766750391,1.0034859750501062,0.0,1.1043612702748178,0.009999999776482582,0.009999999776482582,0.009999999776482582,20,0.051892509636475306,20,0.9818,0.9979852832031251,5000,1.2957170602514825,1.0004777457626346,0.0,1.0104031030286376,1,100000,9.5367431640625e-07,282.42662811279297,1.7718809843063354,1024,,4000,1024,1682408949,NVIDIA GeForce RTX 3090,AISIVI,,0.6668492758111708,5.311277435177617,0.13195406938300577,0.15454301238059998,5.059870516527232,1993097661,ok,6.275045236332911,0.4,posterior_hmc,0.1328654381458064,0.006992917797147705,5.053646916152278,20,[],pass,20,hmc_chain,552.7601675614715,5000,1630120879,6.223923007687336,100000,seed49_aisivi_8_gaussians,49,8_gaussians,12.351951855406648,552.9147105738521
torch.float64,2039e966ba63fbe9d2360f0767265fd6137a714705926dfba2820054c9009b84,seed49_aisivi_8_gaussians|AISIVI|8_gaussians|49|6000,results/default_config_grid/AISIVI/8_gaussians/20260502_093742/checkpoints/epoch_6000,2026-07-27T19:18:39.446323+00:00,cuda,128,0.9959525960286458,1000,0.0,2.7133923972793292,1.0051182274945385,0.0,1.1489817826344189,0.009999999776482582,0.009999999776482582,0.009999999776482582,20,0.048393180142958486,20,0.9538000000000001,0.9956120898437502,5000,1.355555472693211,1.0007325373758293,0.0,1.031636604259736,1,100000,9.5367431640625e-07,202.4323673248291,1.0092146396636963,1024,,6000,1024,336310581,NVIDIA GeForce RTX 3090,AISIVI,,0.8411738259246664,3.855872080965279,0.12356499414642362,0.16457022726535797,7.053073141621904,1589325595,ok,4.820778185968052,0.6,posterior_hmc,0.26367409465893926,0.013877583929417856,6.8075415026352974,20,[],pass,20,hmc_chain,538.9229045808315,5000,1558289014,5.03219360243121,100000,seed49_aisivi_8_gaussians,49,8_gaussians,10.792084299328518,539.0874748080969
torch.float64,2039e966ba63fbe9d2360f0767265fd6137a714705926dfba2820054c9009b84,seed49_aisivi_8_gaussians|AISIVI|8_gaussians|49|8000,results/default_config_grid/AISIVI/8_gaussians/20260502_093742/checkpoints/epoch_8000,2026-07-27T19:51:17.960935+00:00,cuda,,0.945857275390625,1000,0.0015820231119791667,3.590520187825431,1.0091390552308284,0.0,2.2251019300767605,0.009999999776482582,0.00012184186925878748,0.009999999776482582,20,0.021488350423808047,20,0.20220000000000002,0.9447984765625002,5000,2.7322628317379665,1.0006439753088883,0.0,1.9383930845391741,1,100000,,,,1024,,8000,1024,602944391,NVIDIA GeForce RTX 3090,AISIVI,RuntimeError: Failed to obtain finite samples from RealNVP after 3 attempts.,,,,0.13900524377822876,,2032115186,unavailable,,0.8,posterior_hmc,13.259951461549157,0.6978921821867977,3.792268830696915,20,"['hmc_score_rhat_p95=1.93839 <= 1.1 failed', 'hmc_epsilon_rhat_p95=2.2251 <= 2 failed']",warning,20,hmc_chain,553.4495346993208,5000,1885640375,61884.78425603232,100000,seed49_aisivi_8_gaussians,49,8_gaussians,61888.67426141257,553.588539943099
torch.float64,2039e966ba63fbe9d2360f0767265fd6137a714705926dfba2820054c9009b84,seed49_aisivi_8_gaussians|AISIVI|8_gaussians|49|10000,results/default_config_grid/AISIVI/8_gaussians/20260502_093742/checkpoints/epoch_10000,2026-07-27T20:11:20.169534+00:00,cuda,,0.9434703613281251,1000,0.00184599609375,6.755604687830178,1.0093461613914132,0.0,2.194052870119083,0.009999999776482582,0.00011902967526111752,0.009999999776482582,20,0.021247272427935216,20,0.0162,0.9424150781249999,5000,26.107738518229883,1.0006638807190853,0.0,1.9563133865633375,1,100000,,,,1024,80,10000,1024,472207065,NVIDIA GeForce RTX 3090,AISIVI,FloatingPointError: AISIVI reverse checkpoint contains 80 non-finite parameter tensors.,,,,0.012012556195259094,,1047253052,unavailable,,1.0,posterior_hmc,15.033622524020103,0.7912432907379001,4.1177754007741605,20,"['hmc_score_rhat_p95=1.95631 <= 1.1 failed', 'hmc_epsilon_rhat_p95=2.19405 <= 2 failed', 'hmc_post_burn_acceptance_min=0.0162 >= 0.05 failed']",warning,20,hmc_chain,555.9323668852448,5000,2042881445,65843.720299752,100000,seed49_aisivi_8_gaussians,49,8_gaussians,65882.35212874033,555.9443794414401
torch.float64,2039e966ba63fbe9d2360f0767265fd6137a714705926dfba2820054c9009b84,seed50_aisivi_8_gaussians|AISIVI|8_gaussians|50|2000,results/default_config_grid/AISIVI/8_gaussians/20260502_121758/checkpoints/epoch_2000,2026-07-27T18:57:57.765838+00:00,cuda,128,0.9993222819010417,1000,0.0,1.9996248226591424,1.0041591974876902,0.0,1.0452952194929253,0.009999999776482582,0.009999999776482582,0.009999999776482582,20,0.06128862923149513,20,0.9938,0.9992723144531251,5000,1.3807437737681523,1.0006784923749514,0.0,1.0104248498230806,1,100000,9.5367431640625e-07,450.5331611633301,4.326572418212891,1024,,2000,1024,1196529208,NVIDIA GeForce RTX 3090,AISIVI,,0.07408155080182027,0.49920573222285947,0.035127342634486594,0.164297915995121,2.1373655035245003,1204968877,ok,10.657692045840442,0.2,posterior_hmc,0.049072553539935795,0.0025827659757860946,2.1089426425638593,20,[],pass,20,hmc_chain,540.7745298594236,5000,1250084622,10.615269813587002,100000,seed50_aisivi_8_gaussians,50,8_gaussians,17.816178452363687,540.9388277754188
torch.float64,2039e966ba63fbe9d2360f0767265fd6137a714705926dfba2820054c9009b84,seed50_aisivi_8_gaussians|AISIVI|8_gaussians|50|4000,results/default_config_grid/AISIVI/8_gaussians/20260502_121758/checkpoints/epoch_4000,2026-07-27T19:06:49.136459+00:00,cuda,128,0.9974484375,1000,0.0,4.030982748796238,1.0055534363581213,0.0,1.1821377798201878,0.009999999776482582,0.009999999776482582,0.009999999776482582,20,0.05079851618492596,20,0.9680000000000001,0.9972331347656251,5000,1.7044999257657258,1.0006073551255874,0.0,1.0254137979123514,1,100000,9.5367431640625e-07,229.93475341796875,1.512311339378357,1024,,4000,1024,2099105123,NVIDIA GeForce RTX 3090,AISIVI,,0.9403354331326239,5.94337019193064,0.1857377801697205,0.15991507470607758,4.8320794166127055,1488539983,ok,5.311223096741776,0.4,posterior_hmc,0.19513067305903897,0.010270035424159945,5.062704164297534,20,[],pass,20,hmc_chain,531.1282415166497,5000,1699432090,5.490323648331309,100000,seed50_aisivi_8_gaussians,50,8_gaussians,11.91507369364083,531.2881565913558
torch.float64,2039e966ba63fbe9d2360f0767265fd6137a714705926dfba2820054c9009b84,seed50_aisivi_8_gaussians|AISIVI|8_gaussians|50|6000,results/default_config_grid/AISIVI/8_gaussians/20260502_121758/checkpoints/epoch_6000,2026-07-27T19:15:37.942617+00:00,cuda,128,0.9951486083984374,1000,0.0,2.659912389810599,1.0072296218026435,0.0,1.1960261601625541,0.009999999776482582,0.009999999776482582,0.009999999776482582,20,0.045709925409936805,20,0.9218000000000001,0.9947370214843752,5000,1.3596007263917245,1.00083587125289,0.0,1.0397311107107274,1,100000,0.0,173.2893886566162,1.0029038190841675,1024,,6000,1024,1196287518,NVIDIA GeForce RTX 3090,AISIVI,,1.7734929898331893,18.03568013430476,0.22997459919320712,0.15868161618709564,6.802726370266365,1224193170,ok,4.000408755944086,0.6,posterior_hmc,0.3750341353307625,0.01973863870161908,7.711690752174051,20,[],pass,20,hmc_chain,528.5677996054292,5000,700253931,4.623765160794775,100000,seed50_aisivi_8_gaussians,50,8_gaussians,9.844833487152574,528.7264812216163
torch.float64,2039e966ba63fbe9d2360f0767265fd6137a714705926dfba2820054c9009b84,seed50_aisivi_8_gaussians|AISIVI|8_gaussians|50|8000,results/default_config_grid/AISIVI/8_gaussians/20260502_121758/checkpoints/epoch_8000,2026-07-27T19:24:05.613345+00:00,cuda,128,0.9941605061848957,1000,0.0,2.2342326808363526,1.006903726602295,0.0,1.191639633431846,0.009999999776482582,0.009999999776482582,0.009999999776482582,20,0.04688225101521606,20,0.9232,0.9936698437500001,5000,1.3464031986304406,1.0010079289402893,0.0,1.043428817597565,1,100000,0.0,199.0046844482422,1.02800714969635,1024,,8000,1024,1974775045,NVIDIA GeForce RTX 3090,AISIVI,,2.3943250594749617,20.70570327168276,0.3165987396763219,0.1703220009803772,7.4882141151689225,1394852831,ok,3.4775135538423214,0.8,posterior_hmc,0.445713968727001,0.02345862993300005,7.5626487392932304,20,[],pass,20,hmc_chain,507.4222063347697,5000,1993553494,4.080217358327291,100000,seed50_aisivi_8_gaussians,50,8_gaussians,8.907410773824392,507.5925283357501
torch.float64,2039e966ba63fbe9d2360f0767265fd6137a714705926dfba2820054c9009b84,seed50_aisivi_8_gaussians|AISIVI|8_gaussians|50|10000,results/default_config_grid/AISIVI/8_gaussians/20260502_121758/checkpoints/epoch_10000,2026-07-27T19:32:18.898847+00:00,cuda,128,0.9937943196614584,1000,0.0,2.276512023104776,1.008140837763325,0.0,1.1546908790941386,0.009999999776482582,0.009999999776482582,0.009999999776482582,20,0.04585117815516928,20,0.9186000000000001,0.9932702343750001,5000,1.4844595024011666,1.001037989507134,0.0,1.0701970015798543,1,100000,1.9073486328125e-06,175.48831176757812,1.000206708908081,1024,,10000,1024,1872021479,NVIDIA GeForce RTX 3090,AISIVI,,0.8300066674963146,5.048826907836485,0.11692309784781492,0.12041230499744415,6.692659317046208,1345400516,ok,3.31710904264913,1.0,posterior_hmc,0.4844380321892934,0.0254967385362786,7.098739964764164,20,[],pass,20,hmc_chain,493.0982002168894,5000,5295965,3.339944782289002,100000,seed50_aisivi_8_gaussians,50,8_gaussians,9.11485777295501,493.2186125218868
torch.float64,2039e966ba63fbe9d2360f0767265fd6137a714705926dfba2820054c9009b84,seed42_dsivi_8_gaussians|DSIVI|8_gaussians|42|2000,results/default_config_grid/DSIVI/8_gaussians/20260428_055623/checkpoints/epoch_2000,2026-07-27T19:00:03.601702+00:00,cuda,,0.9985675537109375,1000,0.0,2.8847908805964098,1.0021666164937757,0.0,1.0537984116983923,0.009999999776482582,0.009999999776482582,0.009999999776482582,20,0.058911230859058084,20,0.9008,0.9984550976562501,5000,1.3201654122402013,1.0003504955918754,0.0,1.0057568919697717,1,100000,,,,0,,2000,1024,1326846589,NVIDIA GeForce RTX 3090,DSIVI,,1.425081500727197,7.31233610072302,0.40708606953897913,0.0006204769015312195,2.341150841399192,1186550925,ok,10.785275789380886,0.2,posterior_hmc,0.10619960765176908,0.005589453034303636,3.5006884473867834,20,[],pass,20,hmc_chain,560.1966916322708,5000,63266207,12.444700001978756,100000,seed42_dsivi_8_gaussians,42,8_gaussians,18.57247512790203,560.1973121091723
torch.float64,2039e966ba63fbe9d2360f0767265fd6137a714705926dfba2820054c9009b84,seed42_dsivi_8_gaussians|DSIVI|8_gaussians|42|4000,results/default_config_grid/DSIVI/8_gaussians/20260428_055623/checkpoints/epoch_4000,2026-07-27T19:09:13.066815+00:00,cuda,,0.9891807698567707,1000,0.00028651529947916666,2.0572523695419442,1.0034698997850604,0.0,1.1429606263991525,0.009999999776482582,0.008192767389118671,0.009999999776482582,20,0.04304028489358491,20,0.3366,0.9882559179687501,5000,1.1859235415474032,1.0003878814311424,0.0,1.0113636116621334,1,100000,,,,0,,4000,1024,2115534161,NVIDIA GeForce RTX 3090,DSIVI,,3.363863639141151,24.912362703232514,0.4667243701041499,0.0006620660424232483,5.134350994869161,2126017467,ok,5.818816344882427,0.4,posterior_hmc,0.6526501026498214,0.034350005402622175,7.207388031592398,20,[],pass,20,hmc_chain,549.4348663985729,5000,67315419,9.14542343639108,100000,seed42_dsivi_8_gaussians,42,8_gaussians,11.838877756570689,549.4355284646153
torch.float64,2039e966ba63fbe9d2360f0767265fd6137a714705926dfba2820054c9009b84,seed42_dsivi_8_gaussians|DSIVI|8_gaussians|42|6000,results/default_config_grid/DSIVI/8_gaussians/20260428_055623/checkpoints/epoch_6000,2026-07-27T19:18:15.602624+00:00,cuda,,0.9869900716145832,1000,0.00012268880208333335,5.759073961097529,1.0060320867673263,0.0,1.2203860585530606,0.009999999776482582,0.009005208499729633,0.009999999776482582,20,0.03790318106574117,20,0.07060000000000001,0.9857930566406252,5000,1.3395122659215961,1.0004556550573263,0.0,1.0219948730305686,1,100000,,,,0,,6000,1024,107178541,NVIDIA GeForce RTX 3090,DSIVI,,4.232200452819265,24.021796708292502,0.4410104228807505,0.0007117316126823425,5.25335495357041,268516639,ok,4.23009142173,0.6,posterior_hmc,0.744303982181407,0.03917389379902142,9.59659961135126,20,[],pass,20,hmc_chain,542.5086989626288,5000,404500013,8.886290301433714,100000,seed42_dsivi_8_gaussians,42,8_gaussians,10.627359108873822,542.5094106942415
torch.float64,2039e966ba63fbe9d2360f0767265fd6137a714705926dfba2820054c9009b84,seed42_dsivi_8_gaussians|DSIVI|8_gaussians|42|8000,results/default_config_grid/DSIVI/8_gaussians/20260428_055623/checkpoints/epoch_8000,2026-07-27T19:26:54.784393+00:00,cuda,,0.9906282958984376,1000,7.185872395833333e-06,3.4960229000608325,1.0051507005931384,0.0,1.2132944366676794,0.009999999776482582,0.009762763977050781,0.009999999776482582,20,0.04292782239099066,20,0.7844,0.9898139941406252,5000,1.5355701934805988,1.0006203756956213,0.0,1.0327289742647956,1,100000,,,,0,,8000,1024,1858226497,NVIDIA GeForce RTX 3090,DSIVI,,2.1729643341799996,8.33040137373407,0.2502332843597636,0.0006675124168395996,6.46679137224624,1468425989,ok,2.6647032507373005,0.8,posterior_hmc,0.5339161842759719,0.02810085180399852,8.683754200563905,20,[],pass,20,hmc_chain,519.1566375046968,5000,432410025,5.201928487386998,100000,seed42_dsivi_8_gaussians,42,8_gaussians,9.137102146692175,519.1573050171137
torch.float64,2039e966ba63fbe9d2360f0767265fd6137a714705926dfba2820054c9009b84,seed42_dsivi_8_gaussians|DSIVI|8_gaussians|42|10000,results/default_config_grid/DSIVI/8_gaussians/20260428_055623/checkpoints/epoch_10000,2026-07-27T19:35:15.708007+00:00,cuda,,0.9909480305989583,1000,1.5462239583333332e-07,1.9907887448432153,1.0064161377547758,0.0,1.201568480908395,0.009999999776482582,0.009989987127482891,0.009999999776482582,20,0.04310591581170814,20,0.8466,0.99014326171875,5000,1.6422053746907774,1.0006507639859266,0.0,1.0370717677019232,1,100000,,,,0,,10000,1024,714372527,NVIDIA GeForce RTX 3090,DSIVI,,2.3261975119299816,13.194279967415518,0.28325347725000033,0.0005872547626495361,6.166357937465317,1792645792,ok,2.778985319156253,1.0,posterior_hmc,0.426861365545081,0.022466387660267418,8.212423496135488,20,[],pass,20,hmc_chain,500.8989930078387,5000,1147897091,4.901668716343282,100000,seed42_dsivi_8_gaussians,42,8_gaussians,9.68164580751452,500.8995802626014
torch.float64,2039e966ba63fbe9d2360f0767265fd6137a714705926dfba2820054c9009b84,seed43_dsivi_8_gaussians|DSIVI|8_gaussians|43|2000,results/default_config_grid/DSIVI/8_gaussians/20260428_082337/checkpoints/epoch_2000,2026-07-27T18:57:22.741843+00:00,cuda,,0.9980539550781249,1000,0.0,1.7248757551040836,1.002646859049082,0.0,1.0448793319680871,0.009999999776482582,0.009999999776482582,0.009999999776482582,20,0.051573431473125375,20,0.9518000000000001,0.9979071777343752,5000,1.3156168857756143,1.0003243382287876,0.0,1.0046082852520735,1,100000,,,,0,,2000,1024,1082707488,NVIDIA GeForce RTX 3090,DSIVI,,0.5489223902513467,2.8525395647114995,0.20888531929846652,0.0006069466471672058,2.0501770118707543,1642887464,ok,11.128982151322736,0.2,posterior_hmc,0.14066547997321316,0.00740344631437964,2.627864859507034,20,[],pass,20,hmc_chain,571.8513811901212,5000,291972967,11.711165956888273,100000,seed43_dsivi_8_gaussians,43,8_gaussians,18.3207399825365,571.8519881367683
torch.float64,2039e966ba63fbe9d2360f0767265fd6137a714705926dfba2820054c9009b84,seed43_dsivi_8_gaussians|DSIVI|8_gaussians|43|4000,results/default_config_grid/DSIVI/8_gaussians/20260428_082337/checkpoints/epoch_4000,2026-07-27T19:07:00.678260+00:00,cuda,,0.9956823974609375,1000,2.7701822916666665e-05,1.9743160155420219,1.00415627705951,0.0,1.100781721348773,0.009999999776482582,0.009999999776482582,0.009999999776482582,20,0.048460659481173805,20,0.4284,0.9953156250000001,5000,1.3440109869967973,1.0005261568556094,0.0,1.0107432997798795,1,100000,,,,0,,4000,1024,2128823171,NVIDIA GeForce RTX 3090,DSIVI,,1.8410532271692752,35.87954909328076,0.27627782702999193,0.0009259656071662903,4.842735183618544,1145068571,ok,5.143468182351224,0.4,posterior_hmc,0.23909509648427651,0.01258395244654087,6.663774820298611,20,[],pass,20,hmc_chain,577.9080320969224,5000,2052079716,6.830654649703392,100000,seed43_dsivi_8_gaussians,43,8_gaussians,11.45225173746959,577.9089580625296
torch.float64,2039e966ba63fbe9d2360f0767265fd6137a714705926dfba2820054c9009b84,seed43_dsivi_8_gaussians|DSIVI|8_gaussians|43|6000,results/default_config_grid/DSIVI/8_gaussians/20260428_082337/checkpoints/epoch_6000,2026-07-27T19:16:41.797070+00:00,cuda,,0.9887666341145833,1000,8.875325520833333e-05,3.0429100568472953,1.0065598364296129,0.0,1.1717561205046134,0.009999999776482582,0.008960634469985962,0.009999999776482582,20,0.04315245535517967,20,0.4974,0.9877367089843752,5000,1.381478502301892,1.0008065098317136,0.0,1.0378092077907763,1,100000,,,,0,,6000,1024,237343967,NVIDIA GeForce RTX 3090,DSIVI,,1.460488652201017,4.419005002899127,0.19767939852820315,0.0009307563304901123,6.395164129385567,1875254281,ok,2.950062298427703,0.6,posterior_hmc,0.6161745248176633,0.03243023814829807,7.388168231363003,20,[],pass,20,hmc_chain,581.0908418372273,5000,278114001,4.425520046417264,100000,seed43_dsivi_8_gaussians,43,8_gaussians,9.647840602836377,581.0917725935578
torch.float64,2039e966ba63fbe9d2360f0767265fd6137a714705926dfba2820054c9009b84,seed43_dsivi_8_gaussians|DSIVI|8_gaussians|43|8000,results/default_config_grid/DSIVI/8_gaussians/20260428_082337/checkpoints/epoch_8000,2026-07-27T19:26:13.350501+00:00,cuda,,0.9908044514973959,1000,7.0231119791666665e-06,3.841043964487756,1.0088121646900503,0.0,1.2189284783767693,0.009999999776482582,0.009991668164730072,0.009999999776482582,20,0.04440057195568085,20,0.6988000000000001,0.9899862109375,5000,1.5608586974098815,1.000825389907867,0.0,1.0433921151015038,1,100000,,,,0,,8000,1024,354896807,NVIDIA GeForce RTX 3090,DSIVI,,1.7718768794593536,10.919231032280294,0.20723542084439187,0.0006833374500274658,6.624203752718194,1822732017,ok,3.0374416384000535,0.8,posterior_hmc,0.5056840181028991,0.026614948321205215,8.550067706764345,20,[],pass,20,hmc_chain,571.5278749242425,5000,553930901,4.967621636084901,100000,seed43_dsivi_8_gaussians,43,8_gaussians,9.281022586369058,571.5285582616925
torch.float64,2039e966ba63fbe9d2360f0767265fd6137a714705926dfba2820054c9009b84,seed43_dsivi_8_gaussians|DSIVI|8_gaussians|43|10000,results/default_config_grid/DSIVI/8_gaussians/20260428_082337/checkpoints/epoch_10000,2026-07-27T19:35:30.583972+00:00,cuda,,0.9902908365885417,1000,2.3030598958333334e-06,2.2896633370730717,1.0081496415276012,0.0,1.2177243752368425,0.009999999776482582,0.009991416707634926,0.009999999776482582,20,0.04415779301660756,20,0.868,0.9894147167968751,5000,2.100693595258133,1.0007567918655684,0.0,1.0455762835526499,1,100000,,,,0,,10000,1024,20520913,NVIDIA GeForce RTX 3090,DSIVI,,1.845296531062829,12.629383235349463,0.22785749677257375,0.000515960156917572,5.999750324100484,72307349,ok,2.2821009665878655,1.0,posterior_hmc,0.5946411843415284,0.03129690443902781,8.098467494815996,20,[],pass,20,hmc_chain,557.2091457098722,5000,807250933,4.1392184306599145,100000,seed43_dsivi_8_gaussians,43,8_gaussians,8.562287372584011,557.2096616700292
torch.float64,2039e966ba63fbe9d2360f0767265fd6137a714705926dfba2820054c9009b84,seed45_dsivi_8_gaussians|DSIVI|8_gaussians|45|2000,results/default_config_grid/DSIVI/8_gaussians/20260428_133044/checkpoints/epoch_2000,2026-07-27T18:57:15.863298+00:00,cuda,,0.9907769856770834,1000,0.0001981689453125,6.769412227595249,1.0019678318124956,0.0,1.191478492691905,0.009999999776482582,0.009994029067456722,0.009999999776482582,20,0.04025219974532034,20,0.1158,0.9899434375,5000,1.7645217812478495,1.000175813553096,0.0,1.0055620678678667,1,100000,,,,0,,2000,1024,1533465653,NVIDIA GeForce RTX 3090,DSIVI,,6.269818048515344,41.37745941132442,0.692307628984533,0.00067901611328125,2.738386183718471,1358157303,ok,10.185603342220725,0.2,posterior_hmc,0.8693781674772636,0.045756745656698086,9.056404676215722,20,[],pass,20,hmc_chain,542.7614654377103,5000,806889721,16.709522929357398,100000,seed45_dsivi_8_gaussians,45,8_gaussians,17.056371341949095,542.7621444538236
torch.float64,2039e966ba63fbe9d2360f0767265fd6137a714705926dfba2820054c9009b84,seed45_dsivi_8_gaussians|DSIVI|8_gaussians|45|4000,results/default_config_grid/DSIVI/8_gaussians/20260428_133044/checkpoints/epoch_4000,2026-07-27T19:06:08.680378+00:00,cuda,,0.9961462076822916,1000,0.0,1.913320098292819,1.0049393557745807,0.0,1.1290312973418162,0.009999999776482582,0.009999999776482582,0.009999999776482582,20,0.04575031232046824,20,0.9614,0.9958273242187501,5000,1.2583796663664037,1.0007551760493247,0.0,1.0081297382573065,1,100000,,,,0,,4000,1024,323808188,NVIDIA GeForce RTX 3090,DSIVI,,0.6954228785967181,5.276335345155499,0.1422910173882286,0.0007650777697563171,4.362442308278546,1919599344,ok,6.468133793749632,0.4,posterior_hmc,0.10286898172990243,0.00541415693315276,4.887328036311088,20,[],pass,20,hmc_chain,532.786443516612,5000,757289370,7.159112135832926,100000,seed45_dsivi_8_gaussians,45,8_gaussians,12.686388487636712,532.7872085943818
torch.float64,2039e966ba63fbe9d2360f0767265fd6137a714705926dfba2820054c9009b84,seed45_dsivi_8_gaussians|DSIVI|8_gaussians|45|6000,results/default_config_grid/DSIVI/8_gaussians/20260428_133044/checkpoints/epoch_6000,2026-07-27T19:15:02.384409+00:00,cuda,,0.9953471516927084,1000,0.0,2.0027181087286654,1.0078067050702224,0.0,1.1429404799098188,0.009999999776482582,0.009999999776482582,0.009999999776482582,20,0.04617265784604135,20,0.9484,0.9949684570312499,5000,1.312854963621021,1.0009280027946263,0.0,1.0276519264987038,1,100000,,,,0,,6000,1024,1024026370,NVIDIA GeForce RTX 3090,DSIVI,,0.7052606842690319,4.667849467524404,0.11503365146257365,0.0007531344890594482,5.34152058665329,1633703023,ok,4.596934422238442,0.6,posterior_hmc,0.22193810291151947,0.011680952784816814,6.130907567499841,20,[],pass,20,hmc_chain,533.6760216802359,5000,59375022,5.343841796900053,100000,seed45_dsivi_8_gaussians,45,8_gaussians,10.143359776878762,533.6767748147249
torch.float64,2039e966ba63fbe9d2360f0767265fd6137a714705926dfba2820054c9009b84,seed45_dsivi_8_gaussians|DSIVI|8_gaussians|45|8000,results/default_config_grid/DSIVI/8_gaussians/20260428_133044/checkpoints/epoch_8000,2026-07-27T19:23:26.775679+00:00,cuda,,0.995220271809896,1000,0.0,3.176040942771459,1.0078050773211524,0.0,1.2159289593235343,0.009999999776482582,0.009999999776482582,0.009999999776482582,20,0.045829958076182,20,0.9396,0.994846748046875,5000,1.4139433725051576,1.001014330811335,0.0,1.0338595040645067,1,100000,,,,0,,8000,1024,1313712700,NVIDIA GeForce RTX 3090,DSIVI,,0.6741006186327877,3.0068961531249796,0.10694071697631191,0.0009128674864768982,5.69558354262349,791322573,ok,4.44810435841592,0.8,posterior_hmc,0.27140042125136005,0.014284232697440002,6.303498215577753,20,[],pass,20,hmc_chain,504.36533561348915,5000,1988622721,5.126716586944145,100000,seed45_dsivi_8_gaussians,45,8_gaussians,10.462941822185314,504.3662484809756
torch.float64,2039e966ba63fbe9d2360f0767265fd6137a714705926dfba2820054c9009b84,seed45_dsivi_8_gaussians|DSIVI|8_gaussians|45|10000,results/default_config_grid/DSIVI/8_gaussians/20260428_133044/checkpoints/epoch_10000,2026-07-27T19:31:42.003337+00:00,cuda,,0.9943194010416667,1000,2.44140625e-07,2.270077351065135,1.0086173592380372,0.0,1.1917064940976887,0.009999999776482582,0.009999999776482582,0.009999999776482582,20,0.04607130486133095,20,0.9234,0.993834345703125,5000,1.407632340146579,1.0010848016962888,0.0,1.045042684564787,1,100000,,,,0,,10000,1024,1332858594,NVIDIA GeForce RTX 3090,DSIVI,,0.8709247328849125,4.065546637436418,0.11834218049057905,0.0007797479629516602,6.0365288966626505,974671602,ok,3.5310848964022155,1.0,posterior_hmc,0.33151718060039875,0.01744827266317888,7.359377098466128,20,[],pass,20,hmc_chain,495.2025035023689,5000,142015877,4.5085331445616434,100000,seed45_dsivi_8_gaussians,45,8_gaussians,10.044158114869616,495.2032832503319
torch.float64,2039e966ba63fbe9d2360f0767265fd6137a714705926dfba2820054c9009b84,seed49_dsivi_8_gaussians|DSIVI|8_gaussians|49|2000,results/default_config_grid/DSIVI/8_gaussians/20260502_100806/checkpoints/epoch_2000,2026-07-27T18:52:27.405383+00:00,cuda,,0.9985972330729167,1000,5.045572916666667e-07,3.0364186401200848,1.0017409828260786,0.0,1.0861411527459703,0.009999999776482582,0.009999999776482582,0.009999999776482582,20,0.053195234466113475,20,0.9672000000000001,0.9984857714843751,5000,1.3279749454669307,1.0001344303264936,0.0,1.003159769987199,1,100000,,,,0,,2000,1024,955855803,NVIDIA GeForce RTX 3090,DSIVI,,0.8640661522975477,7.094476412735967,0.2693157874897357,0.0006110742688179016,2.0720716834981454,76753763,ok,11.075907991452338,0.2,posterior_hmc,0.11463748948302373,0.00603355207805388,3.2083754181342945,20,[],pass,20,hmc_chain,512.3404329568148,5000,361803816,11.514495904164166,100000,seed49_dsivi_8_gaussians,49,8_gaussians,18.722999506668177,512.3410440310836
torch.float64,2039e966ba63fbe9d2360f0767265fd6137a714705926dfba2820054c9009b84,seed49_dsivi_8_gaussians|DSIVI|8_gaussians|49|4000,results/default_config_grid/DSIVI/8_gaussians/20260502_100806/checkpoints/epoch_4000,2026-07-27T19:01:14.654503+00:00,cuda,,0.9968088297526041,1000,0.0,2.4950747649983644,1.0030310616332099,0.0,1.0642933740841685,0.009999999776482582,0.009999999776482582,0.009999999776482582,20,0.051136503285700324,20,0.9724,0.99654595703125,5000,1.2180198193841048,1.0007067573801711,0.0,1.0119452817793166,1,100000,,,,0,,4000,1024,1969729435,NVIDIA GeForce RTX 3090,DSIVI,,0.2646799324838083,1.1270569657501945,0.05556585411607369,0.0004653632640838623,4.528064443201234,1243873527,ok,4.681732680492889,0.4,posterior_hmc,0.13327578672793988,0.007014515090944204,4.763355781968329,20,[],pass,20,hmc_chain,527.2236808538437,5000,2051774423,4.9135559435798095,100000,seed49_dsivi_8_gaussians,49,8_gaussians,11.815032353171027,527.2241462171078
torch.float64,2039e966ba63fbe9d2360f0767265fd6137a714705926dfba2820054c9009b84,seed49_dsivi_8_gaussians|DSIVI|8_gaussians|49|6000,results/default_config_grid/DSIVI/8_gaussians/20260502_100806/checkpoints/epoch_6000,2026-07-27T19:10:00.686842+00:00,cuda,,0.9945176106770832,1000,2.3356119791666665e-06,2.161773001334158,1.005221951835849,0.0,1.1011202362271688,0.009999999776482582,0.009999999776482582,0.009999999776482582,20,0.0472496745483146,20,0.935,0.9940646777343751,5000,1.177321792273793,1.0007577378708883,0.0,1.020435326196609,1,100000,,,,0,,6000,1024,710621713,NVIDIA GeForce RTX 3090,DSIVI,,1.126926666804072,12.47908726601858,0.14195572444027202,0.0005569607019424438,6.416462648932065,1969020547,ok,3.4079765671146687,0.6,posterior_hmc,0.21093338169674888,0.011101756931407835,7.93857853388806,20,[],pass,20,hmc_chain,526.0053359419107,5000,2021479978,4.736323626748208,100000,seed49_dsivi_8_gaussians,49,8_gaussians,9.711460605979802,526.0058929026127
torch.float64,2039e966ba63fbe9d2360f0767265fd6137a714705926dfba2820054c9009b84,seed49_dsivi_8_gaussians|DSIVI|8_gaussians|49|8000,results/default_config_grid/DSIVI/8_gaussians/20260502_100806/checkpoints/epoch_8000,2026-07-27T19:18:28.658519+00:00,cuda,,0.9934527587890625,1000,7.8125e-07,2.1348111078107417,1.0058644598576263,0.0,1.1296962219194187,0.009999999776482582,0.009999999776482582,0.009999999776482582,20,0.046731927530150943,20,0.8822000000000001,0.9928940820312502,5000,1.1573325478334324,1.0008833969193953,0.0,1.0272550245860868,1,100000,,,,0,,8000,1024,633473220,NVIDIA GeForce RTX 3090,DSIVI,,0.9069630907094386,5.084753828683525,0.11224811514905197,0.0005868971347808838,6.8344154539709585,715728868,ok,2.583554506685871,0.8,posterior_hmc,0.2650608807161932,0.013950572669273327,8.07998503587433,20,[],pass,20,hmc_chain,507.9448786228895,5000,1425261176,3.745975602929673,100000,seed49_dsivi_8_gaussians,49,8_gaussians,9.158398635582898,507.9454655200243
torch.float64,2039e966ba63fbe9d2360f0767265fd6137a714705926dfba2820054c9009b84,seed49_dsivi_8_gaussians|DSIVI|8_gaussians|49|10000,results/default_config_grid/DSIVI/8_gaussians/20260502_100806/checkpoints/epoch_10000,2026-07-27T19:26:44.690240+00:00,cuda,,0.9926830891927083,1000,2.0751953125e-06,2.1151015698564564,1.0060714405518931,0.0,1.1269016789629716,0.009999999776482582,0.009999999776482582,0.009999999776482582,20,0.0467222116883743,20,0.7138,0.99205068359375,5000,1.432814668858226,1.0007770819924524,0.0,1.023933585182234,1,100000,,,,0,,10000,1024,46796897,NVIDIA GeForce RTX 3090,DSIVI,,1.1897020320743361,7.6411212636107395,0.16412987363003004,0.0004914551973342896,6.2901182578970705,1723697320,ok,2.4727292975784954,1.0,posterior_hmc,0.2729015854063676,0.014363241337177243,7.248540474454263,20,[],pass,20,hmc_chain,496.0080475062132,5000,829397908,3.683022306619229,100000,seed49_dsivi_8_gaussians,49,8_gaussians,8.625420936483392,496.0085389614105
torch.float64,2039e966ba63fbe9d2360f0767265fd6137a714705926dfba2820054c9009b84,seed50_dsivi_8_gaussians|DSIVI|8_gaussians|50|2000,results/default_config_grid/DSIVI/8_gaussians/20260502_125218/checkpoints/epoch_2000,2026-07-27T18:58:31.570540+00:00,cuda,,0.9987686848958334,1000,0.0,2.7855081921572427,1.0031522021498125,0.0,1.0426606722859877,0.009999999776482582,0.009999999776482582,0.009999999776482582,20,0.056611371514524556,20,0.9912000000000001,0.998662333984375,5000,1.3264677340612203,1.0004487101873765,0.0,1.005007180454042,1,100000,,,,0,,2000,1024,146486738,NVIDIA GeForce RTX 3090,DSIVI,,0.4203730776282455,1.6597812115183654,0.16108211412046972,0.0006028488278388977,2.2155832000023787,541945426,ok,10.112656759953346,0.2,posterior_hmc,0.05689151128976001,0.002994290067882106,2.6096818999647464,20,[],pass,20,hmc_chain,577.6274947077036,5000,1550801229,10.828593913409541,100000,seed50_dsivi_8_gaussians,50,8_gaussians,17.73278533995624,577.6280975565314
torch.float64,2039e966ba63fbe9d2360f0767265fd6137a714705926dfba2820054c9009b84,seed50_dsivi_8_gaussians|DSIVI|8_gaussians|50|4000,results/default_config_grid/DSIVI/8_gaussians/20260502_125218/checkpoints/epoch_4000,2026-07-27T19:08:13.448717+00:00,cuda,,0.9970475423177082,1000,0.0,2.0918027641623507,1.0051230061512295,0.0,1.1970316639742105,0.009999999776482582,0.009999999776482582,0.009999999776482582,20,0.04819710323162226,20,0.9696,0.9968107617187499,5000,1.5831290156850393,1.0004745602641918,0.0,1.028278431806579,1,100000,,,,0,,4000,1024,1940194525,NVIDIA GeForce RTX 3090,DSIVI,,0.7585249214139712,3.3178616604582802,0.1543749061857492,0.000682927668094635,4.20171171060904,1073792729,ok,5.328425773974007,0.4,posterior_hmc,0.3097442987176704,0.016302331511456335,4.913524744114098,20,[],pass,20,hmc_chain,581.8518571779132,5000,1286014382,6.0783835293103525,100000,seed50_dsivi_8_gaussians,50,8_gaussians,12.456491700230124,581.8525401055813
torch.float64,2039e966ba63fbe9d2360f0767265fd6137a714705926dfba2820054c9009b84,seed50_dsivi_8_gaussians|DSIVI|8_gaussians|50|6000,results/default_config_grid/DSIVI/8_gaussians/20260502_125218/checkpoints/epoch_6000,2026-07-27T19:17:52.371710+00:00,cuda,,0.9940602132161459,1000,0.0,4.637053049762932,1.0066282742770827,0.0,1.1935329790076894,0.009999999776482582,0.009999999776482582,0.009999999776482582,20,0.044543349806390166,20,0.9122,0.9935436328125,5000,1.341288265220488,1.0007153067320493,0.0,1.0277317674460695,1,100000,,,,0,,6000,1024,340236952,NVIDIA GeForce RTX 3090,DSIVI,,2.460682946093693,23.74337415787162,0.3001837967636432,0.0006384924054145813,5.867790015757543,1839241665,ok,3.8680534665060824,0.6,posterior_hmc,0.3670863787026411,0.01932033572119164,8.197254390886293,20,[],pass,20,hmc_chain,578.8983336463571,5000,898943028,6.2954983012061145,100000,seed50_dsivi_8_gaussians,50,8_gaussians,9.624084647990973,578.8989721387625
torch.float64,2039e966ba63fbe9d2360f0767265fd6137a714705926dfba2820054c9009b84,seed50_dsivi_8_gaussians|DSIVI|8_gaussians|50|8000,results/default_config_grid/DSIVI/8_gaussians/20260502_125218/checkpoints/epoch_8000,2026-07-27T19:27:13.848477+00:00,cuda,,0.9928611897786459,1000,1.6276041666666667e-08,2.1796251247153933,1.0082098774882053,0.0,1.3035902262295234,0.009999999776482582,0.009999999776482582,0.009999999776482582,20,0.04391382422317787,20,0.9098,0.9922628222656251,5000,1.4218463727468518,1.000835188385528,0.0,1.0400735789083577,1,100000,,,,0,,8000,1024,1653910895,NVIDIA GeForce RTX 3090,DSIVI,,1.5023291783751527,9.331861706771225,0.19629262902370878,0.0006056278944015503,6.5044644808653915,1348002075,ok,3.526156023272258,0.8,posterior_hmc,0.45160471610670094,0.023768669268773735,7.653518045212472,20,[],pass,20,hmc_chain,561.451676286757,5000,165491921,5.051809388846831,100000,seed50_dsivi_8_gaussians,50,8_gaussians,9.914402220197447,561.4522819146514
torch.float64,2039e966ba63fbe9d2360f0767265fd6137a714705926dfba2820054c9009b84,seed50_dsivi_8_gaussians|DSIVI|8_gaussians|50|10000,results/default_config_grid/DSIVI/8_gaussians/20260502_125218/checkpoints/epoch_10000,2026-07-27T19:36:34.909279+00:00,cuda,,0.992202734375,1000,3.751627604166667e-06,2.0756689078642574,1.0090153863213749,0.0,1.2235270600395536,0.009999999776482582,0.009999999776482582,0.009999999776482582,20,0.04435839583161891,20,0.7574000000000001,0.9915280468750001,5000,1.5416335651895514,1.0009249992973352,0.0,1.0456370969956683,1,100000,,,,0,,10000,1024,282738361,NVIDIA GeForce RTX 3090,DSIVI,,1.808854906050946,12.432397798238364,0.22603739190382624,0.0007114335894584656,6.424553635638809,945929398,ok,2.359325679932282,1.0,posterior_hmc,0.42168320277345916,0.022193852777550482,8.002458756118424,20,[],pass,20,hmc_chain,561.0380377396941,5000,1889072140,4.100963639376053,100000,seed50_dsivi_8_gaussians,50,8_gaussians,8.756837273949493,561.0387491732836
