chain,epoch,method,progress,reference_internal_l2,reference_seed,repeat,replication_unit,run_id,runtime_sec,seed,target
0,2000,SIVI,0.2,0.008568142853549818,280897237,0,hmc_chain,seed42_sivi_x_shaped,22.960503149032593,42,x_shaped
1,2000,SIVI,0.2,0.01015748868960974,280897237,1,hmc_chain,seed42_sivi_x_shaped,22.960503149032593,42,x_shaped
2,2000,SIVI,0.2,0.009719732150564382,280897237,2,hmc_chain,seed42_sivi_x_shaped,22.960503149032593,42,x_shaped
3,2000,SIVI,0.2,0.010089694278551001,280897237,3,hmc_chain,seed42_sivi_x_shaped,22.960503149032593,42,x_shaped
4,2000,SIVI,0.2,0.009503126479802199,280897237,4,hmc_chain,seed42_sivi_x_shaped,22.960503149032593,42,x_shaped
5,2000,SIVI,0.2,0.009321778011607867,280897237,5,hmc_chain,seed42_sivi_x_shaped,22.960503149032593,42,x_shaped
6,2000,SIVI,0.2,0.009661789176305485,280897237,6,hmc_chain,seed42_sivi_x_shaped,22.960503149032593,42,x_shaped
7,2000,SIVI,0.2,0.009711626319064297,280897237,7,hmc_chain,seed42_sivi_x_shaped,22.960503149032593,42,x_shaped
8,2000,SIVI,0.2,0.010494006914610138,280897237,8,hmc_chain,seed42_sivi_x_shaped,22.960503149032593,42,x_shaped
9,2000,SIVI,0.2,0.008919783456836503,280897237,9,hmc_chain,seed42_sivi_x_shaped,22.960503149032593,42,x_shaped
10,2000,SIVI,0.2,0.010074590598096818,280897237,10,hmc_chain,seed42_sivi_x_shaped,22.960503149032593,42,x_shaped
11,2000,SIVI,0.2,0.009950293352572515,280897237,11,hmc_chain,seed42_sivi_x_shaped,22.960503149032593,42,x_shaped
12,2000,SIVI,0.2,0.009272112751419665,280897237,12,hmc_chain,seed42_sivi_x_shaped,22.960503149032593,42,x_shaped
13,2000,SIVI,0.2,0.009210227712091575,280897237,13,hmc_chain,seed42_sivi_x_shaped,22.960503149032593,42,x_shaped
14,2000,SIVI,0.2,0.00887579453817766,280897237,14,hmc_chain,seed42_sivi_x_shaped,22.960503149032593,42,x_shaped
15,2000,SIVI,0.2,0.009355506811428205,280897237,15,hmc_chain,seed42_sivi_x_shaped,22.960503149032593,42,x_shaped
16,2000,SIVI,0.2,0.009365637484611982,280897237,16,hmc_chain,seed42_sivi_x_shaped,22.960503149032593,42,x_shaped
17,2000,SIVI,0.2,0.010383009742104116,280897237,17,hmc_chain,seed42_sivi_x_shaped,22.960503149032593,42,x_shaped
18,2000,SIVI,0.2,0.009704376474490206,280897237,18,hmc_chain,seed42_sivi_x_shaped,22.960503149032593,42,x_shaped
19,2000,SIVI,0.2,0.009390875036404334,280897237,19,hmc_chain,seed42_sivi_x_shaped,22.960503149032593,42,x_shaped
0,4000,SIVI,0.4,0.018994704612871702,724971558,0,hmc_chain,seed42_sivi_x_shaped,24.545525538548826,42,x_shaped
1,4000,SIVI,0.4,0.019187780054783415,724971558,1,hmc_chain,seed42_sivi_x_shaped,24.545525538548826,42,x_shaped
2,4000,SIVI,0.4,0.019137918735670733,724971558,2,hmc_chain,seed42_sivi_x_shaped,24.545525538548826,42,x_shaped
3,4000,SIVI,0.4,0.0200915202516447,724971558,3,hmc_chain,seed42_sivi_x_shaped,24.545525538548826,42,x_shaped
4,4000,SIVI,0.4,0.018468439398606304,724971558,4,hmc_chain,seed42_sivi_x_shaped,24.545525538548826,42,x_shaped
5,4000,SIVI,0.4,0.019619514796765082,724971558,5,hmc_chain,seed42_sivi_x_shaped,24.545525538548826,42,x_shaped
6,4000,SIVI,0.4,0.01787879891822625,724971558,6,hmc_chain,seed42_sivi_x_shaped,24.545525538548826,42,x_shaped
7,4000,SIVI,0.4,0.017977590901060214,724971558,7,hmc_chain,seed42_sivi_x_shaped,24.545525538548826,42,x_shaped
8,4000,SIVI,0.4,0.018828349405842035,724971558,8,hmc_chain,seed42_sivi_x_shaped,24.545525538548826,42,x_shaped
9,4000,SIVI,0.4,0.017749279264195176,724971558,9,hmc_chain,seed42_sivi_x_shaped,24.545525538548826,42,x_shaped
10,4000,SIVI,0.4,0.019420849553523932,724971558,10,hmc_chain,seed42_sivi_x_shaped,24.545525538548826,42,x_shaped
11,4000,SIVI,0.4,0.019483876369212456,724971558,11,hmc_chain,seed42_sivi_x_shaped,24.545525538548826,42,x_shaped
12,4000,SIVI,0.4,0.02041881670014855,724971558,12,hmc_chain,seed42_sivi_x_shaped,24.545525538548826,42,x_shaped
13,4000,SIVI,0.4,0.01963713079005515,724971558,13,hmc_chain,seed42_sivi_x_shaped,24.545525538548826,42,x_shaped
14,4000,SIVI,0.4,0.01836613572316701,724971558,14,hmc_chain,seed42_sivi_x_shaped,24.545525538548826,42,x_shaped
15,4000,SIVI,0.4,0.018024594844880858,724971558,15,hmc_chain,seed42_sivi_x_shaped,24.545525538548826,42,x_shaped
16,4000,SIVI,0.4,0.020953629807488987,724971558,16,hmc_chain,seed42_sivi_x_shaped,24.545525538548826,42,x_shaped
17,4000,SIVI,0.4,0.018537141232123237,724971558,17,hmc_chain,seed42_sivi_x_shaped,24.545525538548826,42,x_shaped
18,4000,SIVI,0.4,0.021282970432579387,724971558,18,hmc_chain,seed42_sivi_x_shaped,24.545525538548826,42,x_shaped
19,4000,SIVI,0.4,0.01852704994433072,724971558,19,hmc_chain,seed42_sivi_x_shaped,24.545525538548826,42,x_shaped
0,6000,SIVI,0.6,0.027283686312990604,1882414682,0,hmc_chain,seed42_sivi_x_shaped,23.14011170640588,42,x_shaped
1,6000,SIVI,0.6,0.023969523435732217,1882414682,1,hmc_chain,seed42_sivi_x_shaped,23.14011170640588,42,x_shaped
2,6000,SIVI,0.6,0.028678758555898284,1882414682,2,hmc_chain,seed42_sivi_x_shaped,23.14011170640588,42,x_shaped
3,6000,SIVI,0.6,0.023386572893191734,1882414682,3,hmc_chain,seed42_sivi_x_shaped,23.14011170640588,42,x_shaped
4,6000,SIVI,0.6,0.023678505682576602,1882414682,4,hmc_chain,seed42_sivi_x_shaped,23.14011170640588,42,x_shaped
5,6000,SIVI,0.6,0.02329024910479053,1882414682,5,hmc_chain,seed42_sivi_x_shaped,23.14011170640588,42,x_shaped
6,6000,SIVI,0.6,0.025658680854305428,1882414682,6,hmc_chain,seed42_sivi_x_shaped,23.14011170640588,42,x_shaped
7,6000,SIVI,0.6,0.026059150991872924,1882414682,7,hmc_chain,seed42_sivi_x_shaped,23.14011170640588,42,x_shaped
8,6000,SIVI,0.6,0.023870769878920124,1882414682,8,hmc_chain,seed42_sivi_x_shaped,23.14011170640588,42,x_shaped
9,6000,SIVI,0.6,0.023871258169640447,1882414682,9,hmc_chain,seed42_sivi_x_shaped,23.14011170640588,42,x_shaped
10,6000,SIVI,0.6,0.026445288668582603,1882414682,10,hmc_chain,seed42_sivi_x_shaped,23.14011170640588,42,x_shaped
11,6000,SIVI,0.6,0.024978924423745347,1882414682,11,hmc_chain,seed42_sivi_x_shaped,23.14011170640588,42,x_shaped
12,6000,SIVI,0.6,0.025590995311153254,1882414682,12,hmc_chain,seed42_sivi_x_shaped,23.14011170640588,42,x_shaped
13,6000,SIVI,0.6,0.0222708560427392,1882414682,13,hmc_chain,seed42_sivi_x_shaped,23.14011170640588,42,x_shaped
14,6000,SIVI,0.6,0.02454519345129949,1882414682,14,hmc_chain,seed42_sivi_x_shaped,23.14011170640588,42,x_shaped
15,6000,SIVI,0.6,0.02538601099665553,1882414682,15,hmc_chain,seed42_sivi_x_shaped,23.14011170640588,42,x_shaped
16,6000,SIVI,0.6,0.025013591474861627,1882414682,16,hmc_chain,seed42_sivi_x_shaped,23.14011170640588,42,x_shaped
17,6000,SIVI,0.6,0.025319908204549907,1882414682,17,hmc_chain,seed42_sivi_x_shaped,23.14011170640588,42,x_shaped
18,6000,SIVI,0.6,0.02460173372249476,1882414682,18,hmc_chain,seed42_sivi_x_shaped,23.14011170640588,42,x_shaped
19,6000,SIVI,0.6,0.02613677149580738,1882414682,19,hmc_chain,seed42_sivi_x_shaped,23.14011170640588,42,x_shaped
0,8000,SIVI,0.8,0.025154850689014307,1831667074,0,hmc_chain,seed42_sivi_x_shaped,28.10503599755466,42,x_shaped
1,8000,SIVI,0.8,0.028893281273264775,1831667074,1,hmc_chain,seed42_sivi_x_shaped,28.10503599755466,42,x_shaped
2,8000,SIVI,0.8,0.026324016423990577,1831667074,2,hmc_chain,seed42_sivi_x_shaped,28.10503599755466,42,x_shaped
3,8000,SIVI,0.8,0.022734246786983128,1831667074,3,hmc_chain,seed42_sivi_x_shaped,28.10503599755466,42,x_shaped
4,8000,SIVI,0.8,0.025122237564808643,1831667074,4,hmc_chain,seed42_sivi_x_shaped,28.10503599755466,42,x_shaped
5,8000,SIVI,0.8,0.02558401255262206,1831667074,5,hmc_chain,seed42_sivi_x_shaped,28.10503599755466,42,x_shaped
6,8000,SIVI,0.8,0.023599813187806167,1831667074,6,hmc_chain,seed42_sivi_x_shaped,28.10503599755466,42,x_shaped
7,8000,SIVI,0.8,0.027263074738925197,1831667074,7,hmc_chain,seed42_sivi_x_shaped,28.10503599755466,42,x_shaped
8,8000,SIVI,0.8,0.024060446872163906,1831667074,8,hmc_chain,seed42_sivi_x_shaped,28.10503599755466,42,x_shaped
9,8000,SIVI,0.8,0.027258103568007723,1831667074,9,hmc_chain,seed42_sivi_x_shaped,28.10503599755466,42,x_shaped
10,8000,SIVI,0.8,0.026141309460215305,1831667074,10,hmc_chain,seed42_sivi_x_shaped,28.10503599755466,42,x_shaped
11,8000,SIVI,0.8,0.025141785983464573,1831667074,11,hmc_chain,seed42_sivi_x_shaped,28.10503599755466,42,x_shaped
12,8000,SIVI,0.8,0.025276512934902132,1831667074,12,hmc_chain,seed42_sivi_x_shaped,28.10503599755466,42,x_shaped
13,8000,SIVI,0.8,0.021983168532805873,1831667074,13,hmc_chain,seed42_sivi_x_shaped,28.10503599755466,42,x_shaped
14,8000,SIVI,0.8,0.02621038656226865,1831667074,14,hmc_chain,seed42_sivi_x_shaped,28.10503599755466,42,x_shaped
15,8000,SIVI,0.8,0.02420853138052429,1831667074,15,hmc_chain,seed42_sivi_x_shaped,28.10503599755466,42,x_shaped
16,8000,SIVI,0.8,0.0328322063929975,1831667074,16,hmc_chain,seed42_sivi_x_shaped,28.10503599755466,42,x_shaped
17,8000,SIVI,0.8,0.02305538864399401,1831667074,17,hmc_chain,seed42_sivi_x_shaped,28.10503599755466,42,x_shaped
18,8000,SIVI,0.8,0.025381308918197523,1831667074,18,hmc_chain,seed42_sivi_x_shaped,28.10503599755466,42,x_shaped
19,8000,SIVI,0.8,0.024841461544788643,1831667074,19,hmc_chain,seed42_sivi_x_shaped,28.10503599755466,42,x_shaped
0,10000,SIVI,1.0,0.026828434944971166,651747563,0,hmc_chain,seed42_sivi_x_shaped,28.713604270294308,42,x_shaped
1,10000,SIVI,1.0,0.023003297361173968,651747563,1,hmc_chain,seed42_sivi_x_shaped,28.713604270294308,42,x_shaped
2,10000,SIVI,1.0,0.027802236999619548,651747563,2,hmc_chain,seed42_sivi_x_shaped,28.713604270294308,42,x_shaped
3,10000,SIVI,1.0,0.027365066054867826,651747563,3,hmc_chain,seed42_sivi_x_shaped,28.713604270294308,42,x_shaped
4,10000,SIVI,1.0,0.023953363534009856,651747563,4,hmc_chain,seed42_sivi_x_shaped,28.713604270294308,42,x_shaped
5,10000,SIVI,1.0,0.024278661280282738,651747563,5,hmc_chain,seed42_sivi_x_shaped,28.713604270294308,42,x_shaped
6,10000,SIVI,1.0,0.026624254876697825,651747563,6,hmc_chain,seed42_sivi_x_shaped,28.713604270294308,42,x_shaped
7,10000,SIVI,1.0,0.02649721698019117,651747563,7,hmc_chain,seed42_sivi_x_shaped,28.713604270294308,42,x_shaped
8,10000,SIVI,1.0,0.024402566493212027,651747563,8,hmc_chain,seed42_sivi_x_shaped,28.713604270294308,42,x_shaped
9,10000,SIVI,1.0,0.02599846863179331,651747563,9,hmc_chain,seed42_sivi_x_shaped,28.713604270294308,42,x_shaped
10,10000,SIVI,1.0,0.029919575488888718,651747563,10,hmc_chain,seed42_sivi_x_shaped,28.713604270294308,42,x_shaped
11,10000,SIVI,1.0,0.02391856779879719,651747563,11,hmc_chain,seed42_sivi_x_shaped,28.713604270294308,42,x_shaped
12,10000,SIVI,1.0,0.026385651846000138,651747563,12,hmc_chain,seed42_sivi_x_shaped,28.713604270294308,42,x_shaped
13,10000,SIVI,1.0,0.023649423814146198,651747563,13,hmc_chain,seed42_sivi_x_shaped,28.713604270294308,42,x_shaped
14,10000,SIVI,1.0,0.02758278278577324,651747563,14,hmc_chain,seed42_sivi_x_shaped,28.713604270294308,42,x_shaped
15,10000,SIVI,1.0,0.026360188506839473,651747563,15,hmc_chain,seed42_sivi_x_shaped,28.713604270294308,42,x_shaped
16,10000,SIVI,1.0,0.025545519826079013,651747563,16,hmc_chain,seed42_sivi_x_shaped,28.713604270294308,42,x_shaped
17,10000,SIVI,1.0,0.026494074754567668,651747563,17,hmc_chain,seed42_sivi_x_shaped,28.713604270294308,42,x_shaped
18,10000,SIVI,1.0,0.026084729659106416,651747563,18,hmc_chain,seed42_sivi_x_shaped,28.713604270294308,42,x_shaped
19,10000,SIVI,1.0,0.025453015952811263,651747563,19,hmc_chain,seed42_sivi_x_shaped,28.713604270294308,42,x_shaped
0,2000,SIVI,0.2,0.01185949669720185,263106188,0,hmc_chain,seed43_sivi_x_shaped,27.106778663769365,43,x_shaped
1,2000,SIVI,0.2,0.011158530054817024,263106188,1,hmc_chain,seed43_sivi_x_shaped,27.106778663769365,43,x_shaped
2,2000,SIVI,0.2,0.010936773991528098,263106188,2,hmc_chain,seed43_sivi_x_shaped,27.106778663769365,43,x_shaped
3,2000,SIVI,0.2,0.015663442934938696,263106188,3,hmc_chain,seed43_sivi_x_shaped,27.106778663769365,43,x_shaped
4,2000,SIVI,0.2,0.011587566962610003,263106188,4,hmc_chain,seed43_sivi_x_shaped,27.106778663769365,43,x_shaped
5,2000,SIVI,0.2,0.012061193964541406,263106188,5,hmc_chain,seed43_sivi_x_shaped,27.106778663769365,43,x_shaped
6,2000,SIVI,0.2,0.011240406215258443,263106188,6,hmc_chain,seed43_sivi_x_shaped,27.106778663769365,43,x_shaped
7,2000,SIVI,0.2,0.011508205161336979,263106188,7,hmc_chain,seed43_sivi_x_shaped,27.106778663769365,43,x_shaped
8,2000,SIVI,0.2,0.010869656497503818,263106188,8,hmc_chain,seed43_sivi_x_shaped,27.106778663769365,43,x_shaped
9,2000,SIVI,0.2,0.011126506033344141,263106188,9,hmc_chain,seed43_sivi_x_shaped,27.106778663769365,43,x_shaped
10,2000,SIVI,0.2,0.010532206927009709,263106188,10,hmc_chain,seed43_sivi_x_shaped,27.106778663769365,43,x_shaped
11,2000,SIVI,0.2,0.011250448166879855,263106188,11,hmc_chain,seed43_sivi_x_shaped,27.106778663769365,43,x_shaped
12,2000,SIVI,0.2,0.018787192709462948,263106188,12,hmc_chain,seed43_sivi_x_shaped,27.106778663769365,43,x_shaped
13,2000,SIVI,0.2,0.009763520050683828,263106188,13,hmc_chain,seed43_sivi_x_shaped,27.106778663769365,43,x_shaped
14,2000,SIVI,0.2,0.010909957487683405,263106188,14,hmc_chain,seed43_sivi_x_shaped,27.106778663769365,43,x_shaped
15,2000,SIVI,0.2,0.010335244782449873,263106188,15,hmc_chain,seed43_sivi_x_shaped,27.106778663769365,43,x_shaped
16,2000,SIVI,0.2,0.013265549615226517,263106188,16,hmc_chain,seed43_sivi_x_shaped,27.106778663769365,43,x_shaped
17,2000,SIVI,0.2,0.01086114622427842,263106188,17,hmc_chain,seed43_sivi_x_shaped,27.106778663769365,43,x_shaped
18,2000,SIVI,0.2,0.011673870730960677,263106188,18,hmc_chain,seed43_sivi_x_shaped,27.106778663769365,43,x_shaped
19,2000,SIVI,0.2,0.011667838787753036,263106188,19,hmc_chain,seed43_sivi_x_shaped,27.106778663769365,43,x_shaped
0,4000,SIVI,0.4,0.019247384370681055,862205402,0,hmc_chain,seed43_sivi_x_shaped,27.441015657037497,43,x_shaped
1,4000,SIVI,0.4,0.018117042727713646,862205402,1,hmc_chain,seed43_sivi_x_shaped,27.441015657037497,43,x_shaped
2,4000,SIVI,0.4,0.018354811143348783,862205402,2,hmc_chain,seed43_sivi_x_shaped,27.441015657037497,43,x_shaped
3,4000,SIVI,0.4,0.019649945265834273,862205402,3,hmc_chain,seed43_sivi_x_shaped,27.441015657037497,43,x_shaped
4,4000,SIVI,0.4,0.023741043459022365,862205402,4,hmc_chain,seed43_sivi_x_shaped,27.441015657037497,43,x_shaped
5,4000,SIVI,0.4,0.023454899219345883,862205402,5,hmc_chain,seed43_sivi_x_shaped,27.441015657037497,43,x_shaped
6,4000,SIVI,0.4,0.0185567913594343,862205402,6,hmc_chain,seed43_sivi_x_shaped,27.441015657037497,43,x_shaped
7,4000,SIVI,0.4,0.016941293315853305,862205402,7,hmc_chain,seed43_sivi_x_shaped,27.441015657037497,43,x_shaped
8,4000,SIVI,0.4,0.018050916833849476,862205402,8,hmc_chain,seed43_sivi_x_shaped,27.441015657037497,43,x_shaped
9,4000,SIVI,0.4,0.017557827850142933,862205402,9,hmc_chain,seed43_sivi_x_shaped,27.441015657037497,43,x_shaped
10,4000,SIVI,0.4,0.017639413253140557,862205402,10,hmc_chain,seed43_sivi_x_shaped,27.441015657037497,43,x_shaped
11,4000,SIVI,0.4,0.017592533397230575,862205402,11,hmc_chain,seed43_sivi_x_shaped,27.441015657037497,43,x_shaped
12,4000,SIVI,0.4,0.019105365024079772,862205402,12,hmc_chain,seed43_sivi_x_shaped,27.441015657037497,43,x_shaped
13,4000,SIVI,0.4,0.020075140855084793,862205402,13,hmc_chain,seed43_sivi_x_shaped,27.441015657037497,43,x_shaped
14,4000,SIVI,0.4,0.02295370451653067,862205402,14,hmc_chain,seed43_sivi_x_shaped,27.441015657037497,43,x_shaped
15,4000,SIVI,0.4,0.019648470133439545,862205402,15,hmc_chain,seed43_sivi_x_shaped,27.441015657037497,43,x_shaped
16,4000,SIVI,0.4,0.01790791571577851,862205402,16,hmc_chain,seed43_sivi_x_shaped,27.441015657037497,43,x_shaped
17,4000,SIVI,0.4,0.022798546608538313,862205402,17,hmc_chain,seed43_sivi_x_shaped,27.441015657037497,43,x_shaped
18,4000,SIVI,0.4,0.023222514651245012,862205402,18,hmc_chain,seed43_sivi_x_shaped,27.441015657037497,43,x_shaped
19,4000,SIVI,0.4,0.016671572413287435,862205402,19,hmc_chain,seed43_sivi_x_shaped,27.441015657037497,43,x_shaped
0,6000,SIVI,0.6,0.028434538371439673,1157221491,0,hmc_chain,seed43_sivi_x_shaped,28.675147860869764,43,x_shaped
1,6000,SIVI,0.6,0.022838764621767614,1157221491,1,hmc_chain,seed43_sivi_x_shaped,28.675147860869764,43,x_shaped
2,6000,SIVI,0.6,0.02938346392291768,1157221491,2,hmc_chain,seed43_sivi_x_shaped,28.675147860869764,43,x_shaped
3,6000,SIVI,0.6,0.03163130863082321,1157221491,3,hmc_chain,seed43_sivi_x_shaped,28.675147860869764,43,x_shaped
4,6000,SIVI,0.6,0.0243393821612999,1157221491,4,hmc_chain,seed43_sivi_x_shaped,28.675147860869764,43,x_shaped
5,6000,SIVI,0.6,0.025390886479716983,1157221491,5,hmc_chain,seed43_sivi_x_shaped,28.675147860869764,43,x_shaped
6,6000,SIVI,0.6,0.02527325147375583,1157221491,6,hmc_chain,seed43_sivi_x_shaped,28.675147860869764,43,x_shaped
7,6000,SIVI,0.6,0.023408061449232714,1157221491,7,hmc_chain,seed43_sivi_x_shaped,28.675147860869764,43,x_shaped
8,6000,SIVI,0.6,0.04433531904224887,1157221491,8,hmc_chain,seed43_sivi_x_shaped,28.675147860869764,43,x_shaped
9,6000,SIVI,0.6,0.030709180127342476,1157221491,9,hmc_chain,seed43_sivi_x_shaped,28.675147860869764,43,x_shaped
10,6000,SIVI,0.6,0.025756797885896385,1157221491,10,hmc_chain,seed43_sivi_x_shaped,28.675147860869764,43,x_shaped
11,6000,SIVI,0.6,0.021346362811453176,1157221491,11,hmc_chain,seed43_sivi_x_shaped,28.675147860869764,43,x_shaped
12,6000,SIVI,0.6,0.0522595750011207,1157221491,12,hmc_chain,seed43_sivi_x_shaped,28.675147860869764,43,x_shaped
13,6000,SIVI,0.6,0.025318876204319243,1157221491,13,hmc_chain,seed43_sivi_x_shaped,28.675147860869764,43,x_shaped
14,6000,SIVI,0.6,0.024399626672846432,1157221491,14,hmc_chain,seed43_sivi_x_shaped,28.675147860869764,43,x_shaped
15,6000,SIVI,0.6,0.025741523415039387,1157221491,15,hmc_chain,seed43_sivi_x_shaped,28.675147860869764,43,x_shaped
16,6000,SIVI,0.6,0.026627557709952402,1157221491,16,hmc_chain,seed43_sivi_x_shaped,28.675147860869764,43,x_shaped
17,6000,SIVI,0.6,0.02815927112816194,1157221491,17,hmc_chain,seed43_sivi_x_shaped,28.675147860869764,43,x_shaped
18,6000,SIVI,0.6,0.0273974476772025,1157221491,18,hmc_chain,seed43_sivi_x_shaped,28.675147860869764,43,x_shaped
19,6000,SIVI,0.6,0.03031708325648773,1157221491,19,hmc_chain,seed43_sivi_x_shaped,28.675147860869764,43,x_shaped
0,8000,SIVI,0.8,0.02760666745682336,341413517,0,hmc_chain,seed43_sivi_x_shaped,27.24273323342204,43,x_shaped
1,8000,SIVI,0.8,0.03277213879792842,341413517,1,hmc_chain,seed43_sivi_x_shaped,27.24273323342204,43,x_shaped
2,8000,SIVI,0.8,0.02716394861920866,341413517,2,hmc_chain,seed43_sivi_x_shaped,27.24273323342204,43,x_shaped
3,8000,SIVI,0.8,0.026424326656004193,341413517,3,hmc_chain,seed43_sivi_x_shaped,27.24273323342204,43,x_shaped
4,8000,SIVI,0.8,0.029759142156465603,341413517,4,hmc_chain,seed43_sivi_x_shaped,27.24273323342204,43,x_shaped
5,8000,SIVI,0.8,0.03110610803995067,341413517,5,hmc_chain,seed43_sivi_x_shaped,27.24273323342204,43,x_shaped
6,8000,SIVI,0.8,0.02759143350993644,341413517,6,hmc_chain,seed43_sivi_x_shaped,27.24273323342204,43,x_shaped
7,8000,SIVI,0.8,0.030738307953965125,341413517,7,hmc_chain,seed43_sivi_x_shaped,27.24273323342204,43,x_shaped
8,8000,SIVI,0.8,0.02719685115651591,341413517,8,hmc_chain,seed43_sivi_x_shaped,27.24273323342204,43,x_shaped
9,8000,SIVI,0.8,0.027130173146938635,341413517,9,hmc_chain,seed43_sivi_x_shaped,27.24273323342204,43,x_shaped
10,8000,SIVI,0.8,0.03403042423115006,341413517,10,hmc_chain,seed43_sivi_x_shaped,27.24273323342204,43,x_shaped
11,8000,SIVI,0.8,0.027357238521941885,341413517,11,hmc_chain,seed43_sivi_x_shaped,27.24273323342204,43,x_shaped
12,8000,SIVI,0.8,0.02491094101468136,341413517,12,hmc_chain,seed43_sivi_x_shaped,27.24273323342204,43,x_shaped
13,8000,SIVI,0.8,0.029171452350029197,341413517,13,hmc_chain,seed43_sivi_x_shaped,27.24273323342204,43,x_shaped
14,8000,SIVI,0.8,0.03366504262968141,341413517,14,hmc_chain,seed43_sivi_x_shaped,27.24273323342204,43,x_shaped
15,8000,SIVI,0.8,0.031393500500900826,341413517,15,hmc_chain,seed43_sivi_x_shaped,27.24273323342204,43,x_shaped
16,8000,SIVI,0.8,0.031888654389544246,341413517,16,hmc_chain,seed43_sivi_x_shaped,27.24273323342204,43,x_shaped
17,8000,SIVI,0.8,0.026820831643030386,341413517,17,hmc_chain,seed43_sivi_x_shaped,27.24273323342204,43,x_shaped
18,8000,SIVI,0.8,0.02816417348639543,341413517,18,hmc_chain,seed43_sivi_x_shaped,27.24273323342204,43,x_shaped
19,8000,SIVI,0.8,0.031039943854047285,341413517,19,hmc_chain,seed43_sivi_x_shaped,27.24273323342204,43,x_shaped
0,10000,SIVI,1.0,0.024073416643230903,483180617,0,hmc_chain,seed43_sivi_x_shaped,27.635004199296237,43,x_shaped
1,10000,SIVI,1.0,0.02026332073259339,483180617,1,hmc_chain,seed43_sivi_x_shaped,27.635004199296237,43,x_shaped
2,10000,SIVI,1.0,0.021015475977496853,483180617,2,hmc_chain,seed43_sivi_x_shaped,27.635004199296237,43,x_shaped
3,10000,SIVI,1.0,0.022254116117224547,483180617,3,hmc_chain,seed43_sivi_x_shaped,27.635004199296237,43,x_shaped
4,10000,SIVI,1.0,0.020729015538836784,483180617,4,hmc_chain,seed43_sivi_x_shaped,27.635004199296237,43,x_shaped
5,10000,SIVI,1.0,0.021918991306077825,483180617,5,hmc_chain,seed43_sivi_x_shaped,27.635004199296237,43,x_shaped
6,10000,SIVI,1.0,0.018995495536456568,483180617,6,hmc_chain,seed43_sivi_x_shaped,27.635004199296237,43,x_shaped
7,10000,SIVI,1.0,0.02200919798036693,483180617,7,hmc_chain,seed43_sivi_x_shaped,27.635004199296237,43,x_shaped
8,10000,SIVI,1.0,0.019144411255035583,483180617,8,hmc_chain,seed43_sivi_x_shaped,27.635004199296237,43,x_shaped
9,10000,SIVI,1.0,0.020713432096773038,483180617,9,hmc_chain,seed43_sivi_x_shaped,27.635004199296237,43,x_shaped
10,10000,SIVI,1.0,0.02099413525421037,483180617,10,hmc_chain,seed43_sivi_x_shaped,27.635004199296237,43,x_shaped
11,10000,SIVI,1.0,0.027305468512130747,483180617,11,hmc_chain,seed43_sivi_x_shaped,27.635004199296237,43,x_shaped
12,10000,SIVI,1.0,0.022811611663322906,483180617,12,hmc_chain,seed43_sivi_x_shaped,27.635004199296237,43,x_shaped
13,10000,SIVI,1.0,0.02145956365314685,483180617,13,hmc_chain,seed43_sivi_x_shaped,27.635004199296237,43,x_shaped
14,10000,SIVI,1.0,0.022835611278725323,483180617,14,hmc_chain,seed43_sivi_x_shaped,27.635004199296237,43,x_shaped
15,10000,SIVI,1.0,0.02192631644083412,483180617,15,hmc_chain,seed43_sivi_x_shaped,27.635004199296237,43,x_shaped
16,10000,SIVI,1.0,0.021942783491953208,483180617,16,hmc_chain,seed43_sivi_x_shaped,27.635004199296237,43,x_shaped
17,10000,SIVI,1.0,0.020974816420445637,483180617,17,hmc_chain,seed43_sivi_x_shaped,27.635004199296237,43,x_shaped
18,10000,SIVI,1.0,0.021843375560720843,483180617,18,hmc_chain,seed43_sivi_x_shaped,27.635004199296237,43,x_shaped
19,10000,SIVI,1.0,0.022565389550740438,483180617,19,hmc_chain,seed43_sivi_x_shaped,27.635004199296237,43,x_shaped
0,2000,SIVI,0.2,0.00991869307226291,211026819,0,hmc_chain,seed45_sivi_x_shaped,27.33914291597903,45,x_shaped
1,2000,SIVI,0.2,0.010314267733149696,211026819,1,hmc_chain,seed45_sivi_x_shaped,27.33914291597903,45,x_shaped
2,2000,SIVI,0.2,0.011573960583701762,211026819,2,hmc_chain,seed45_sivi_x_shaped,27.33914291597903,45,x_shaped
3,2000,SIVI,0.2,0.011107805542978882,211026819,3,hmc_chain,seed45_sivi_x_shaped,27.33914291597903,45,x_shaped
4,2000,SIVI,0.2,0.009615859111208295,211026819,4,hmc_chain,seed45_sivi_x_shaped,27.33914291597903,45,x_shaped
5,2000,SIVI,0.2,0.009868400163887903,211026819,5,hmc_chain,seed45_sivi_x_shaped,27.33914291597903,45,x_shaped
6,2000,SIVI,0.2,0.009832740146919292,211026819,6,hmc_chain,seed45_sivi_x_shaped,27.33914291597903,45,x_shaped
7,2000,SIVI,0.2,0.009829635399104274,211026819,7,hmc_chain,seed45_sivi_x_shaped,27.33914291597903,45,x_shaped
8,2000,SIVI,0.2,0.009801263026349916,211026819,8,hmc_chain,seed45_sivi_x_shaped,27.33914291597903,45,x_shaped
9,2000,SIVI,0.2,0.009808676889953037,211026819,9,hmc_chain,seed45_sivi_x_shaped,27.33914291597903,45,x_shaped
10,2000,SIVI,0.2,0.009571714410366734,211026819,10,hmc_chain,seed45_sivi_x_shaped,27.33914291597903,45,x_shaped
11,2000,SIVI,0.2,0.010768920999120055,211026819,11,hmc_chain,seed45_sivi_x_shaped,27.33914291597903,45,x_shaped
12,2000,SIVI,0.2,0.00948973316574376,211026819,12,hmc_chain,seed45_sivi_x_shaped,27.33914291597903,45,x_shaped
13,2000,SIVI,0.2,0.010004980765105314,211026819,13,hmc_chain,seed45_sivi_x_shaped,27.33914291597903,45,x_shaped
14,2000,SIVI,0.2,0.010357787902552165,211026819,14,hmc_chain,seed45_sivi_x_shaped,27.33914291597903,45,x_shaped
15,2000,SIVI,0.2,0.009898244349267775,211026819,15,hmc_chain,seed45_sivi_x_shaped,27.33914291597903,45,x_shaped
16,2000,SIVI,0.2,0.010129772027046773,211026819,16,hmc_chain,seed45_sivi_x_shaped,27.33914291597903,45,x_shaped
17,2000,SIVI,0.2,0.009324480825666996,211026819,17,hmc_chain,seed45_sivi_x_shaped,27.33914291597903,45,x_shaped
18,2000,SIVI,0.2,0.009804380331004219,211026819,18,hmc_chain,seed45_sivi_x_shaped,27.33914291597903,45,x_shaped
19,2000,SIVI,0.2,0.01028970526184416,211026819,19,hmc_chain,seed45_sivi_x_shaped,27.33914291597903,45,x_shaped
0,4000,SIVI,0.4,0.017223971980758916,502056621,0,hmc_chain,seed45_sivi_x_shaped,27.42908239029348,45,x_shaped
1,4000,SIVI,0.4,0.016065963117571302,502056621,1,hmc_chain,seed45_sivi_x_shaped,27.42908239029348,45,x_shaped
2,4000,SIVI,0.4,0.01792962882126882,502056621,2,hmc_chain,seed45_sivi_x_shaped,27.42908239029348,45,x_shaped
3,4000,SIVI,0.4,0.018141123634289255,502056621,3,hmc_chain,seed45_sivi_x_shaped,27.42908239029348,45,x_shaped
4,4000,SIVI,0.4,0.017680996518661635,502056621,4,hmc_chain,seed45_sivi_x_shaped,27.42908239029348,45,x_shaped
5,4000,SIVI,0.4,0.016067863183701982,502056621,5,hmc_chain,seed45_sivi_x_shaped,27.42908239029348,45,x_shaped
6,4000,SIVI,0.4,0.019352597937896232,502056621,6,hmc_chain,seed45_sivi_x_shaped,27.42908239029348,45,x_shaped
7,4000,SIVI,0.4,0.01725423205416411,502056621,7,hmc_chain,seed45_sivi_x_shaped,27.42908239029348,45,x_shaped
8,4000,SIVI,0.4,0.016430837398449555,502056621,8,hmc_chain,seed45_sivi_x_shaped,27.42908239029348,45,x_shaped
9,4000,SIVI,0.4,0.016983561401525106,502056621,9,hmc_chain,seed45_sivi_x_shaped,27.42908239029348,45,x_shaped
10,4000,SIVI,0.4,0.016434993992345288,502056621,10,hmc_chain,seed45_sivi_x_shaped,27.42908239029348,45,x_shaped
11,4000,SIVI,0.4,0.018686588831516995,502056621,11,hmc_chain,seed45_sivi_x_shaped,27.42908239029348,45,x_shaped
12,4000,SIVI,0.4,0.015766343982778708,502056621,12,hmc_chain,seed45_sivi_x_shaped,27.42908239029348,45,x_shaped
13,4000,SIVI,0.4,0.016527183911790557,502056621,13,hmc_chain,seed45_sivi_x_shaped,27.42908239029348,45,x_shaped
14,4000,SIVI,0.4,0.01789295156723538,502056621,14,hmc_chain,seed45_sivi_x_shaped,27.42908239029348,45,x_shaped
15,4000,SIVI,0.4,0.02270160845334933,502056621,15,hmc_chain,seed45_sivi_x_shaped,27.42908239029348,45,x_shaped
16,4000,SIVI,0.4,0.01775684737238985,502056621,16,hmc_chain,seed45_sivi_x_shaped,27.42908239029348,45,x_shaped
17,4000,SIVI,0.4,0.01732649781700144,502056621,17,hmc_chain,seed45_sivi_x_shaped,27.42908239029348,45,x_shaped
18,4000,SIVI,0.4,0.017777462278727132,502056621,18,hmc_chain,seed45_sivi_x_shaped,27.42908239029348,45,x_shaped
19,4000,SIVI,0.4,0.017597534186784978,502056621,19,hmc_chain,seed45_sivi_x_shaped,27.42908239029348,45,x_shaped
0,6000,SIVI,0.6,0.019928261773741133,711190196,0,hmc_chain,seed45_sivi_x_shaped,27.81543363034725,45,x_shaped
1,6000,SIVI,0.6,0.02476952814052108,711190196,1,hmc_chain,seed45_sivi_x_shaped,27.81543363034725,45,x_shaped
2,6000,SIVI,0.6,0.02288487624147274,711190196,2,hmc_chain,seed45_sivi_x_shaped,27.81543363034725,45,x_shaped
3,6000,SIVI,0.6,0.019274719613384804,711190196,3,hmc_chain,seed45_sivi_x_shaped,27.81543363034725,45,x_shaped
4,6000,SIVI,0.6,0.020087058421867636,711190196,4,hmc_chain,seed45_sivi_x_shaped,27.81543363034725,45,x_shaped
5,6000,SIVI,0.6,0.020985136615275804,711190196,5,hmc_chain,seed45_sivi_x_shaped,27.81543363034725,45,x_shaped
6,6000,SIVI,0.6,0.02120676765239385,711190196,6,hmc_chain,seed45_sivi_x_shaped,27.81543363034725,45,x_shaped
7,6000,SIVI,0.6,0.019867203624741488,711190196,7,hmc_chain,seed45_sivi_x_shaped,27.81543363034725,45,x_shaped
8,6000,SIVI,0.6,0.02304262089086581,711190196,8,hmc_chain,seed45_sivi_x_shaped,27.81543363034725,45,x_shaped
9,6000,SIVI,0.6,0.021098517032795777,711190196,9,hmc_chain,seed45_sivi_x_shaped,27.81543363034725,45,x_shaped
10,6000,SIVI,0.6,0.023281394664422857,711190196,10,hmc_chain,seed45_sivi_x_shaped,27.81543363034725,45,x_shaped
11,6000,SIVI,0.6,0.02173238785402683,711190196,11,hmc_chain,seed45_sivi_x_shaped,27.81543363034725,45,x_shaped
12,6000,SIVI,0.6,0.02141011635677416,711190196,12,hmc_chain,seed45_sivi_x_shaped,27.81543363034725,45,x_shaped
13,6000,SIVI,0.6,0.02263428009717984,711190196,13,hmc_chain,seed45_sivi_x_shaped,27.81543363034725,45,x_shaped
14,6000,SIVI,0.6,0.021336648079191382,711190196,14,hmc_chain,seed45_sivi_x_shaped,27.81543363034725,45,x_shaped
15,6000,SIVI,0.6,0.022426544964491785,711190196,15,hmc_chain,seed45_sivi_x_shaped,27.81543363034725,45,x_shaped
16,6000,SIVI,0.6,0.021131312734655856,711190196,16,hmc_chain,seed45_sivi_x_shaped,27.81543363034725,45,x_shaped
17,6000,SIVI,0.6,0.02081683096161071,711190196,17,hmc_chain,seed45_sivi_x_shaped,27.81543363034725,45,x_shaped
18,6000,SIVI,0.6,0.02186972562531928,711190196,18,hmc_chain,seed45_sivi_x_shaped,27.81543363034725,45,x_shaped
19,6000,SIVI,0.6,0.02086959797724982,711190196,19,hmc_chain,seed45_sivi_x_shaped,27.81543363034725,45,x_shaped
0,8000,SIVI,0.8,0.01873514418862344,2000624487,0,hmc_chain,seed45_sivi_x_shaped,28.297309018671513,45,x_shaped
1,8000,SIVI,0.8,0.023649885989181246,2000624487,1,hmc_chain,seed45_sivi_x_shaped,28.297309018671513,45,x_shaped
2,8000,SIVI,0.8,0.021261359261953397,2000624487,2,hmc_chain,seed45_sivi_x_shaped,28.297309018671513,45,x_shaped
3,8000,SIVI,0.8,0.017908548335343957,2000624487,3,hmc_chain,seed45_sivi_x_shaped,28.297309018671513,45,x_shaped
4,8000,SIVI,0.8,0.021857360169393835,2000624487,4,hmc_chain,seed45_sivi_x_shaped,28.297309018671513,45,x_shaped
5,8000,SIVI,0.8,0.020524915889791693,2000624487,5,hmc_chain,seed45_sivi_x_shaped,28.297309018671513,45,x_shaped
6,8000,SIVI,0.8,0.022220115830619586,2000624487,6,hmc_chain,seed45_sivi_x_shaped,28.297309018671513,45,x_shaped
7,8000,SIVI,0.8,0.02214327551520161,2000624487,7,hmc_chain,seed45_sivi_x_shaped,28.297309018671513,45,x_shaped
8,8000,SIVI,0.8,0.019941615347092163,2000624487,8,hmc_chain,seed45_sivi_x_shaped,28.297309018671513,45,x_shaped
9,8000,SIVI,0.8,0.020269562354118302,2000624487,9,hmc_chain,seed45_sivi_x_shaped,28.297309018671513,45,x_shaped
10,8000,SIVI,0.8,0.02103650186660667,2000624487,10,hmc_chain,seed45_sivi_x_shaped,28.297309018671513,45,x_shaped
11,8000,SIVI,0.8,0.02114491429065741,2000624487,11,hmc_chain,seed45_sivi_x_shaped,28.297309018671513,45,x_shaped
12,8000,SIVI,0.8,0.0210399404226545,2000624487,12,hmc_chain,seed45_sivi_x_shaped,28.297309018671513,45,x_shaped
13,8000,SIVI,0.8,0.02473798045520646,2000624487,13,hmc_chain,seed45_sivi_x_shaped,28.297309018671513,45,x_shaped
14,8000,SIVI,0.8,0.020006282993042482,2000624487,14,hmc_chain,seed45_sivi_x_shaped,28.297309018671513,45,x_shaped
15,8000,SIVI,0.8,0.021085271996987613,2000624487,15,hmc_chain,seed45_sivi_x_shaped,28.297309018671513,45,x_shaped
16,8000,SIVI,0.8,0.022734295912215464,2000624487,16,hmc_chain,seed45_sivi_x_shaped,28.297309018671513,45,x_shaped
17,8000,SIVI,0.8,0.01896248162361644,2000624487,17,hmc_chain,seed45_sivi_x_shaped,28.297309018671513,45,x_shaped
18,8000,SIVI,0.8,0.023368643155569756,2000624487,18,hmc_chain,seed45_sivi_x_shaped,28.297309018671513,45,x_shaped
19,8000,SIVI,0.8,0.021464901674412912,2000624487,19,hmc_chain,seed45_sivi_x_shaped,28.297309018671513,45,x_shaped
0,10000,SIVI,1.0,0.02973641659113989,148797538,0,hmc_chain,seed45_sivi_x_shaped,27.949961894005536,45,x_shaped
1,10000,SIVI,1.0,0.022300228728912914,148797538,1,hmc_chain,seed45_sivi_x_shaped,27.949961894005536,45,x_shaped
2,10000,SIVI,1.0,0.022496137859157952,148797538,2,hmc_chain,seed45_sivi_x_shaped,27.949961894005536,45,x_shaped
3,10000,SIVI,1.0,0.022770463367771287,148797538,3,hmc_chain,seed45_sivi_x_shaped,27.949961894005536,45,x_shaped
4,10000,SIVI,1.0,0.024311539117378198,148797538,4,hmc_chain,seed45_sivi_x_shaped,27.949961894005536,45,x_shaped
5,10000,SIVI,1.0,0.02495301371042903,148797538,5,hmc_chain,seed45_sivi_x_shaped,27.949961894005536,45,x_shaped
6,10000,SIVI,1.0,0.02314158223086482,148797538,6,hmc_chain,seed45_sivi_x_shaped,27.949961894005536,45,x_shaped
7,10000,SIVI,1.0,0.025627049312463245,148797538,7,hmc_chain,seed45_sivi_x_shaped,27.949961894005536,45,x_shaped
8,10000,SIVI,1.0,0.02472375094824896,148797538,8,hmc_chain,seed45_sivi_x_shaped,27.949961894005536,45,x_shaped
9,10000,SIVI,1.0,0.02239950907365246,148797538,9,hmc_chain,seed45_sivi_x_shaped,27.949961894005536,45,x_shaped
10,10000,SIVI,1.0,0.02351828598948071,148797538,10,hmc_chain,seed45_sivi_x_shaped,27.949961894005536,45,x_shaped
11,10000,SIVI,1.0,0.02918360826627548,148797538,11,hmc_chain,seed45_sivi_x_shaped,27.949961894005536,45,x_shaped
12,10000,SIVI,1.0,0.02851761617409253,148797538,12,hmc_chain,seed45_sivi_x_shaped,27.949961894005536,45,x_shaped
13,10000,SIVI,1.0,0.02615575072949399,148797538,13,hmc_chain,seed45_sivi_x_shaped,27.949961894005536,45,x_shaped
14,10000,SIVI,1.0,0.03486480773391416,148797538,14,hmc_chain,seed45_sivi_x_shaped,27.949961894005536,45,x_shaped
15,10000,SIVI,1.0,0.027039272451866336,148797538,15,hmc_chain,seed45_sivi_x_shaped,27.949961894005536,45,x_shaped
16,10000,SIVI,1.0,0.02241854697525983,148797538,16,hmc_chain,seed45_sivi_x_shaped,27.949961894005536,45,x_shaped
17,10000,SIVI,1.0,0.02846347288570272,148797538,17,hmc_chain,seed45_sivi_x_shaped,27.949961894005536,45,x_shaped
18,10000,SIVI,1.0,0.029812415598703363,148797538,18,hmc_chain,seed45_sivi_x_shaped,27.949961894005536,45,x_shaped
19,10000,SIVI,1.0,0.030637303261895617,148797538,19,hmc_chain,seed45_sivi_x_shaped,27.949961894005536,45,x_shaped
0,2000,SIVI,0.2,0.0024141994881794063,82082880,0,hmc_chain,seed49_sivi_x_shaped,27.20452606715262,49,x_shaped
1,2000,SIVI,0.2,0.0024779593927165703,82082880,1,hmc_chain,seed49_sivi_x_shaped,27.20452606715262,49,x_shaped
2,2000,SIVI,0.2,0.002543083281510207,82082880,2,hmc_chain,seed49_sivi_x_shaped,27.20452606715262,49,x_shaped
3,2000,SIVI,0.2,0.0024846597293173575,82082880,3,hmc_chain,seed49_sivi_x_shaped,27.20452606715262,49,x_shaped
4,2000,SIVI,0.2,0.0024171019898818384,82082880,4,hmc_chain,seed49_sivi_x_shaped,27.20452606715262,49,x_shaped
5,2000,SIVI,0.2,0.002795342757301032,82082880,5,hmc_chain,seed49_sivi_x_shaped,27.20452606715262,49,x_shaped
6,2000,SIVI,0.2,0.0024693547533469126,82082880,6,hmc_chain,seed49_sivi_x_shaped,27.20452606715262,49,x_shaped
7,2000,SIVI,0.2,0.002466584255981719,82082880,7,hmc_chain,seed49_sivi_x_shaped,27.20452606715262,49,x_shaped
8,2000,SIVI,0.2,0.0026651736176150145,82082880,8,hmc_chain,seed49_sivi_x_shaped,27.20452606715262,49,x_shaped
9,2000,SIVI,0.2,0.002418744733948154,82082880,9,hmc_chain,seed49_sivi_x_shaped,27.20452606715262,49,x_shaped
10,2000,SIVI,0.2,0.0024632403615894418,82082880,10,hmc_chain,seed49_sivi_x_shaped,27.20452606715262,49,x_shaped
11,2000,SIVI,0.2,0.0024755816338912448,82082880,11,hmc_chain,seed49_sivi_x_shaped,27.20452606715262,49,x_shaped
12,2000,SIVI,0.2,0.0025286798786580593,82082880,12,hmc_chain,seed49_sivi_x_shaped,27.20452606715262,49,x_shaped
13,2000,SIVI,0.2,0.0026642575884636447,82082880,13,hmc_chain,seed49_sivi_x_shaped,27.20452606715262,49,x_shaped
14,2000,SIVI,0.2,0.0026188976079798954,82082880,14,hmc_chain,seed49_sivi_x_shaped,27.20452606715262,49,x_shaped
15,2000,SIVI,0.2,0.002691993243899484,82082880,15,hmc_chain,seed49_sivi_x_shaped,27.20452606715262,49,x_shaped
16,2000,SIVI,0.2,0.0025171214655442843,82082880,16,hmc_chain,seed49_sivi_x_shaped,27.20452606715262,49,x_shaped
17,2000,SIVI,0.2,0.0025561539784570856,82082880,17,hmc_chain,seed49_sivi_x_shaped,27.20452606715262,49,x_shaped
18,2000,SIVI,0.2,0.002576593086011386,82082880,18,hmc_chain,seed49_sivi_x_shaped,27.20452606715262,49,x_shaped
19,2000,SIVI,0.2,0.00269815059223393,82082880,19,hmc_chain,seed49_sivi_x_shaped,27.20452606715262,49,x_shaped
0,4000,SIVI,0.4,0.017133859008522313,46323909,0,hmc_chain,seed49_sivi_x_shaped,27.115513628348708,49,x_shaped
1,4000,SIVI,0.4,0.016496568046826907,46323909,1,hmc_chain,seed49_sivi_x_shaped,27.115513628348708,49,x_shaped
2,4000,SIVI,0.4,0.016878982298868965,46323909,2,hmc_chain,seed49_sivi_x_shaped,27.115513628348708,49,x_shaped
3,4000,SIVI,0.4,0.018105444998670464,46323909,3,hmc_chain,seed49_sivi_x_shaped,27.115513628348708,49,x_shaped
4,4000,SIVI,0.4,0.019379227713634827,46323909,4,hmc_chain,seed49_sivi_x_shaped,27.115513628348708,49,x_shaped
5,4000,SIVI,0.4,0.01683687147594558,46323909,5,hmc_chain,seed49_sivi_x_shaped,27.115513628348708,49,x_shaped
6,4000,SIVI,0.4,0.018333127727377663,46323909,6,hmc_chain,seed49_sivi_x_shaped,27.115513628348708,49,x_shaped
7,4000,SIVI,0.4,0.017491208688193708,46323909,7,hmc_chain,seed49_sivi_x_shaped,27.115513628348708,49,x_shaped
8,4000,SIVI,0.4,0.017035843118121813,46323909,8,hmc_chain,seed49_sivi_x_shaped,27.115513628348708,49,x_shaped
9,4000,SIVI,0.4,0.016532500085698502,46323909,9,hmc_chain,seed49_sivi_x_shaped,27.115513628348708,49,x_shaped
10,4000,SIVI,0.4,0.018676909292226734,46323909,10,hmc_chain,seed49_sivi_x_shaped,27.115513628348708,49,x_shaped
11,4000,SIVI,0.4,0.016363953438911373,46323909,11,hmc_chain,seed49_sivi_x_shaped,27.115513628348708,49,x_shaped
12,4000,SIVI,0.4,0.017257263791907833,46323909,12,hmc_chain,seed49_sivi_x_shaped,27.115513628348708,49,x_shaped
13,4000,SIVI,0.4,0.0180803002273059,46323909,13,hmc_chain,seed49_sivi_x_shaped,27.115513628348708,49,x_shaped
14,4000,SIVI,0.4,0.016830314721099558,46323909,14,hmc_chain,seed49_sivi_x_shaped,27.115513628348708,49,x_shaped
15,4000,SIVI,0.4,0.016102970869679514,46323909,15,hmc_chain,seed49_sivi_x_shaped,27.115513628348708,49,x_shaped
16,4000,SIVI,0.4,0.016210266372818045,46323909,16,hmc_chain,seed49_sivi_x_shaped,27.115513628348708,49,x_shaped
17,4000,SIVI,0.4,0.01855236952857659,46323909,17,hmc_chain,seed49_sivi_x_shaped,27.115513628348708,49,x_shaped
18,4000,SIVI,0.4,0.016275810311059437,46323909,18,hmc_chain,seed49_sivi_x_shaped,27.115513628348708,49,x_shaped
19,4000,SIVI,0.4,0.01813785656321919,46323909,19,hmc_chain,seed49_sivi_x_shaped,27.115513628348708,49,x_shaped
0,6000,SIVI,0.6,0.0236805161498668,1484602237,0,hmc_chain,seed49_sivi_x_shaped,28.088741029053928,49,x_shaped
1,6000,SIVI,0.6,0.02363840454757599,1484602237,1,hmc_chain,seed49_sivi_x_shaped,28.088741029053928,49,x_shaped
2,6000,SIVI,0.6,0.020241615547015576,1484602237,2,hmc_chain,seed49_sivi_x_shaped,28.088741029053928,49,x_shaped
3,6000,SIVI,0.6,0.021359994408557417,1484602237,3,hmc_chain,seed49_sivi_x_shaped,28.088741029053928,49,x_shaped
4,6000,SIVI,0.6,0.023369151212076902,1484602237,4,hmc_chain,seed49_sivi_x_shaped,28.088741029053928,49,x_shaped
5,6000,SIVI,0.6,0.02279145496865754,1484602237,5,hmc_chain,seed49_sivi_x_shaped,28.088741029053928,49,x_shaped
6,6000,SIVI,0.6,0.024089696940140345,1484602237,6,hmc_chain,seed49_sivi_x_shaped,28.088741029053928,49,x_shaped
7,6000,SIVI,0.6,0.022774661714882814,1484602237,7,hmc_chain,seed49_sivi_x_shaped,28.088741029053928,49,x_shaped
8,6000,SIVI,0.6,0.022883563869671796,1484602237,8,hmc_chain,seed49_sivi_x_shaped,28.088741029053928,49,x_shaped
9,6000,SIVI,0.6,0.023070640705329257,1484602237,9,hmc_chain,seed49_sivi_x_shaped,28.088741029053928,49,x_shaped
10,6000,SIVI,0.6,0.023445289066238793,1484602237,10,hmc_chain,seed49_sivi_x_shaped,28.088741029053928,49,x_shaped
11,6000,SIVI,0.6,0.024473073632543016,1484602237,11,hmc_chain,seed49_sivi_x_shaped,28.088741029053928,49,x_shaped
12,6000,SIVI,0.6,0.022291150787688594,1484602237,12,hmc_chain,seed49_sivi_x_shaped,28.088741029053928,49,x_shaped
13,6000,SIVI,0.6,0.022784044027681527,1484602237,13,hmc_chain,seed49_sivi_x_shaped,28.088741029053928,49,x_shaped
14,6000,SIVI,0.6,0.0228751162938942,1484602237,14,hmc_chain,seed49_sivi_x_shaped,28.088741029053928,49,x_shaped
15,6000,SIVI,0.6,0.02272038319239226,1484602237,15,hmc_chain,seed49_sivi_x_shaped,28.088741029053928,49,x_shaped
16,6000,SIVI,0.6,0.02634329787936398,1484602237,16,hmc_chain,seed49_sivi_x_shaped,28.088741029053928,49,x_shaped
17,6000,SIVI,0.6,0.024871012207863308,1484602237,17,hmc_chain,seed49_sivi_x_shaped,28.088741029053928,49,x_shaped
18,6000,SIVI,0.6,0.022037000281347127,1484602237,18,hmc_chain,seed49_sivi_x_shaped,28.088741029053928,49,x_shaped
19,6000,SIVI,0.6,0.02303754608011696,1484602237,19,hmc_chain,seed49_sivi_x_shaped,28.088741029053928,49,x_shaped
0,8000,SIVI,0.8,0.020046345397102476,2075691772,0,hmc_chain,seed49_sivi_x_shaped,28.241750983521342,49,x_shaped
1,8000,SIVI,0.8,0.023843416246627364,2075691772,1,hmc_chain,seed49_sivi_x_shaped,28.241750983521342,49,x_shaped
2,8000,SIVI,0.8,0.019322896266643234,2075691772,2,hmc_chain,seed49_sivi_x_shaped,28.241750983521342,49,x_shaped
3,8000,SIVI,0.8,0.019827359580693336,2075691772,3,hmc_chain,seed49_sivi_x_shaped,28.241750983521342,49,x_shaped
4,8000,SIVI,0.8,0.0225183185653314,2075691772,4,hmc_chain,seed49_sivi_x_shaped,28.241750983521342,49,x_shaped
5,8000,SIVI,0.8,0.022852716875576537,2075691772,5,hmc_chain,seed49_sivi_x_shaped,28.241750983521342,49,x_shaped
6,8000,SIVI,0.8,0.021149423969363215,2075691772,6,hmc_chain,seed49_sivi_x_shaped,28.241750983521342,49,x_shaped
7,8000,SIVI,0.8,0.023095929215814832,2075691772,7,hmc_chain,seed49_sivi_x_shaped,28.241750983521342,49,x_shaped
8,8000,SIVI,0.8,0.019913811863713993,2075691772,8,hmc_chain,seed49_sivi_x_shaped,28.241750983521342,49,x_shaped
9,8000,SIVI,0.8,0.02213787559058753,2075691772,9,hmc_chain,seed49_sivi_x_shaped,28.241750983521342,49,x_shaped
10,8000,SIVI,0.8,0.02243802603752669,2075691772,10,hmc_chain,seed49_sivi_x_shaped,28.241750983521342,49,x_shaped
11,8000,SIVI,0.8,0.021803470203973007,2075691772,11,hmc_chain,seed49_sivi_x_shaped,28.241750983521342,49,x_shaped
12,8000,SIVI,0.8,0.02142139569179173,2075691772,12,hmc_chain,seed49_sivi_x_shaped,28.241750983521342,49,x_shaped
13,8000,SIVI,0.8,0.019630737088693496,2075691772,13,hmc_chain,seed49_sivi_x_shaped,28.241750983521342,49,x_shaped
14,8000,SIVI,0.8,0.021841628648644085,2075691772,14,hmc_chain,seed49_sivi_x_shaped,28.241750983521342,49,x_shaped
15,8000,SIVI,0.8,0.02141438961624776,2075691772,15,hmc_chain,seed49_sivi_x_shaped,28.241750983521342,49,x_shaped
16,8000,SIVI,0.8,0.023023687957106964,2075691772,16,hmc_chain,seed49_sivi_x_shaped,28.241750983521342,49,x_shaped
17,8000,SIVI,0.8,0.020018208540077277,2075691772,17,hmc_chain,seed49_sivi_x_shaped,28.241750983521342,49,x_shaped
18,8000,SIVI,0.8,0.022531155758500974,2075691772,18,hmc_chain,seed49_sivi_x_shaped,28.241750983521342,49,x_shaped
19,8000,SIVI,0.8,0.02046446634989952,2075691772,19,hmc_chain,seed49_sivi_x_shaped,28.241750983521342,49,x_shaped
0,10000,SIVI,1.0,0.02115798366092652,983571357,0,hmc_chain,seed49_sivi_x_shaped,28.235838692635298,49,x_shaped
1,10000,SIVI,1.0,0.020013193193653772,983571357,1,hmc_chain,seed49_sivi_x_shaped,28.235838692635298,49,x_shaped
2,10000,SIVI,1.0,0.019224520830792548,983571357,2,hmc_chain,seed49_sivi_x_shaped,28.235838692635298,49,x_shaped
3,10000,SIVI,1.0,0.01796550570149917,983571357,3,hmc_chain,seed49_sivi_x_shaped,28.235838692635298,49,x_shaped
4,10000,SIVI,1.0,0.01948937993541743,983571357,4,hmc_chain,seed49_sivi_x_shaped,28.235838692635298,49,x_shaped
5,10000,SIVI,1.0,0.01946215050560391,983571357,5,hmc_chain,seed49_sivi_x_shaped,28.235838692635298,49,x_shaped
6,10000,SIVI,1.0,0.020248491567927948,983571357,6,hmc_chain,seed49_sivi_x_shaped,28.235838692635298,49,x_shaped
7,10000,SIVI,1.0,0.02021664890671622,983571357,7,hmc_chain,seed49_sivi_x_shaped,28.235838692635298,49,x_shaped
8,10000,SIVI,1.0,0.019615907054060994,983571357,8,hmc_chain,seed49_sivi_x_shaped,28.235838692635298,49,x_shaped
9,10000,SIVI,1.0,0.018690962267688516,983571357,9,hmc_chain,seed49_sivi_x_shaped,28.235838692635298,49,x_shaped
10,10000,SIVI,1.0,0.020986177295000505,983571357,10,hmc_chain,seed49_sivi_x_shaped,28.235838692635298,49,x_shaped
11,10000,SIVI,1.0,0.020185092218518025,983571357,11,hmc_chain,seed49_sivi_x_shaped,28.235838692635298,49,x_shaped
12,10000,SIVI,1.0,0.019780387494865034,983571357,12,hmc_chain,seed49_sivi_x_shaped,28.235838692635298,49,x_shaped
13,10000,SIVI,1.0,0.020639298019141175,983571357,13,hmc_chain,seed49_sivi_x_shaped,28.235838692635298,49,x_shaped
14,10000,SIVI,1.0,0.021758043599826426,983571357,14,hmc_chain,seed49_sivi_x_shaped,28.235838692635298,49,x_shaped
15,10000,SIVI,1.0,0.019730658400269753,983571357,15,hmc_chain,seed49_sivi_x_shaped,28.235838692635298,49,x_shaped
16,10000,SIVI,1.0,0.02221212630220861,983571357,16,hmc_chain,seed49_sivi_x_shaped,28.235838692635298,49,x_shaped
17,10000,SIVI,1.0,0.02306639194187911,983571357,17,hmc_chain,seed49_sivi_x_shaped,28.235838692635298,49,x_shaped
18,10000,SIVI,1.0,0.019082675554248203,983571357,18,hmc_chain,seed49_sivi_x_shaped,28.235838692635298,49,x_shaped
19,10000,SIVI,1.0,0.02096488795044257,983571357,19,hmc_chain,seed49_sivi_x_shaped,28.235838692635298,49,x_shaped
0,2000,SIVI,0.2,0.008779136175497818,1664495037,0,hmc_chain,seed50_sivi_x_shaped,26.994991514086724,50,x_shaped
1,2000,SIVI,0.2,0.009163005689382796,1664495037,1,hmc_chain,seed50_sivi_x_shaped,26.994991514086724,50,x_shaped
2,2000,SIVI,0.2,0.009127416931877845,1664495037,2,hmc_chain,seed50_sivi_x_shaped,26.994991514086724,50,x_shaped
3,2000,SIVI,0.2,0.009037082757264553,1664495037,3,hmc_chain,seed50_sivi_x_shaped,26.994991514086724,50,x_shaped
4,2000,SIVI,0.2,0.010295446105134373,1664495037,4,hmc_chain,seed50_sivi_x_shaped,26.994991514086724,50,x_shaped
5,2000,SIVI,0.2,0.009141039524016967,1664495037,5,hmc_chain,seed50_sivi_x_shaped,26.994991514086724,50,x_shaped
6,2000,SIVI,0.2,0.01060906239706304,1664495037,6,hmc_chain,seed50_sivi_x_shaped,26.994991514086724,50,x_shaped
7,2000,SIVI,0.2,0.010409849904866502,1664495037,7,hmc_chain,seed50_sivi_x_shaped,26.994991514086724,50,x_shaped
8,2000,SIVI,0.2,0.009159527934762966,1664495037,8,hmc_chain,seed50_sivi_x_shaped,26.994991514086724,50,x_shaped
9,2000,SIVI,0.2,0.009282767774062931,1664495037,9,hmc_chain,seed50_sivi_x_shaped,26.994991514086724,50,x_shaped
10,2000,SIVI,0.2,0.009996653283605762,1664495037,10,hmc_chain,seed50_sivi_x_shaped,26.994991514086724,50,x_shaped
11,2000,SIVI,0.2,0.009432676955762578,1664495037,11,hmc_chain,seed50_sivi_x_shaped,26.994991514086724,50,x_shaped
12,2000,SIVI,0.2,0.01035373588885877,1664495037,12,hmc_chain,seed50_sivi_x_shaped,26.994991514086724,50,x_shaped
13,2000,SIVI,0.2,0.00937603125918643,1664495037,13,hmc_chain,seed50_sivi_x_shaped,26.994991514086724,50,x_shaped
14,2000,SIVI,0.2,0.008939842171696003,1664495037,14,hmc_chain,seed50_sivi_x_shaped,26.994991514086724,50,x_shaped
15,2000,SIVI,0.2,0.009303219423465143,1664495037,15,hmc_chain,seed50_sivi_x_shaped,26.994991514086724,50,x_shaped
16,2000,SIVI,0.2,0.009314609643674813,1664495037,16,hmc_chain,seed50_sivi_x_shaped,26.994991514086724,50,x_shaped
17,2000,SIVI,0.2,0.009447583017418016,1664495037,17,hmc_chain,seed50_sivi_x_shaped,26.994991514086724,50,x_shaped
18,2000,SIVI,0.2,0.00948012936273952,1664495037,18,hmc_chain,seed50_sivi_x_shaped,26.994991514086724,50,x_shaped
19,2000,SIVI,0.2,0.008475323812026028,1664495037,19,hmc_chain,seed50_sivi_x_shaped,26.994991514086724,50,x_shaped
0,4000,SIVI,0.4,0.02001120622699437,1469236121,0,hmc_chain,seed50_sivi_x_shaped,26.042622934654354,50,x_shaped
1,4000,SIVI,0.4,0.021210696483280736,1469236121,1,hmc_chain,seed50_sivi_x_shaped,26.042622934654354,50,x_shaped
2,4000,SIVI,0.4,0.01924268561790466,1469236121,2,hmc_chain,seed50_sivi_x_shaped,26.042622934654354,50,x_shaped
3,4000,SIVI,0.4,0.019217332122004792,1469236121,3,hmc_chain,seed50_sivi_x_shaped,26.042622934654354,50,x_shaped
4,4000,SIVI,0.4,0.022364694437595294,1469236121,4,hmc_chain,seed50_sivi_x_shaped,26.042622934654354,50,x_shaped
5,4000,SIVI,0.4,0.019992631692126873,1469236121,5,hmc_chain,seed50_sivi_x_shaped,26.042622934654354,50,x_shaped
6,4000,SIVI,0.4,0.021015584951381176,1469236121,6,hmc_chain,seed50_sivi_x_shaped,26.042622934654354,50,x_shaped
7,4000,SIVI,0.4,0.02179743827980253,1469236121,7,hmc_chain,seed50_sivi_x_shaped,26.042622934654354,50,x_shaped
8,4000,SIVI,0.4,0.02022680423732067,1469236121,8,hmc_chain,seed50_sivi_x_shaped,26.042622934654354,50,x_shaped
9,4000,SIVI,0.4,0.019369151804453966,1469236121,9,hmc_chain,seed50_sivi_x_shaped,26.042622934654354,50,x_shaped
10,4000,SIVI,0.4,0.020019697839462742,1469236121,10,hmc_chain,seed50_sivi_x_shaped,26.042622934654354,50,x_shaped
11,4000,SIVI,0.4,0.022096109959551788,1469236121,11,hmc_chain,seed50_sivi_x_shaped,26.042622934654354,50,x_shaped
12,4000,SIVI,0.4,0.019731987469955213,1469236121,12,hmc_chain,seed50_sivi_x_shaped,26.042622934654354,50,x_shaped
13,4000,SIVI,0.4,0.019082093926819883,1469236121,13,hmc_chain,seed50_sivi_x_shaped,26.042622934654354,50,x_shaped
14,4000,SIVI,0.4,0.02267384425717292,1469236121,14,hmc_chain,seed50_sivi_x_shaped,26.042622934654354,50,x_shaped
15,4000,SIVI,0.4,0.022679067778952837,1469236121,15,hmc_chain,seed50_sivi_x_shaped,26.042622934654354,50,x_shaped
16,4000,SIVI,0.4,0.021714378183464104,1469236121,16,hmc_chain,seed50_sivi_x_shaped,26.042622934654354,50,x_shaped
17,4000,SIVI,0.4,0.019552607424017737,1469236121,17,hmc_chain,seed50_sivi_x_shaped,26.042622934654354,50,x_shaped
18,4000,SIVI,0.4,0.02246198391342437,1469236121,18,hmc_chain,seed50_sivi_x_shaped,26.042622934654354,50,x_shaped
19,4000,SIVI,0.4,0.023492279829602433,1469236121,19,hmc_chain,seed50_sivi_x_shaped,26.042622934654354,50,x_shaped
0,6000,SIVI,0.6,0.023455916923521527,1751133257,0,hmc_chain,seed50_sivi_x_shaped,28.008952059596776,50,x_shaped
1,6000,SIVI,0.6,0.02206655010301873,1751133257,1,hmc_chain,seed50_sivi_x_shaped,28.008952059596776,50,x_shaped
2,6000,SIVI,0.6,0.02328630828340726,1751133257,2,hmc_chain,seed50_sivi_x_shaped,28.008952059596776,50,x_shaped
3,6000,SIVI,0.6,0.023055798756112692,1751133257,3,hmc_chain,seed50_sivi_x_shaped,28.008952059596776,50,x_shaped
4,6000,SIVI,0.6,0.024345932442899794,1751133257,4,hmc_chain,seed50_sivi_x_shaped,28.008952059596776,50,x_shaped
5,6000,SIVI,0.6,0.024883692486351992,1751133257,5,hmc_chain,seed50_sivi_x_shaped,28.008952059596776,50,x_shaped
6,6000,SIVI,0.6,0.02277405841700275,1751133257,6,hmc_chain,seed50_sivi_x_shaped,28.008952059596776,50,x_shaped
7,6000,SIVI,0.6,0.024513559652792803,1751133257,7,hmc_chain,seed50_sivi_x_shaped,28.008952059596776,50,x_shaped
8,6000,SIVI,0.6,0.02487086012084223,1751133257,8,hmc_chain,seed50_sivi_x_shaped,28.008952059596776,50,x_shaped
9,6000,SIVI,0.6,0.02413365877963794,1751133257,9,hmc_chain,seed50_sivi_x_shaped,28.008952059596776,50,x_shaped
10,6000,SIVI,0.6,0.02366916389508694,1751133257,10,hmc_chain,seed50_sivi_x_shaped,28.008952059596776,50,x_shaped
11,6000,SIVI,0.6,0.02281931953600989,1751133257,11,hmc_chain,seed50_sivi_x_shaped,28.008952059596776,50,x_shaped
12,6000,SIVI,0.6,0.022269064954671278,1751133257,12,hmc_chain,seed50_sivi_x_shaped,28.008952059596776,50,x_shaped
13,6000,SIVI,0.6,0.026932295645921936,1751133257,13,hmc_chain,seed50_sivi_x_shaped,28.008952059596776,50,x_shaped
14,6000,SIVI,0.6,0.02241636340220726,1751133257,14,hmc_chain,seed50_sivi_x_shaped,28.008952059596776,50,x_shaped
15,6000,SIVI,0.6,0.026626719180018067,1751133257,15,hmc_chain,seed50_sivi_x_shaped,28.008952059596776,50,x_shaped
16,6000,SIVI,0.6,0.022062893942895033,1751133257,16,hmc_chain,seed50_sivi_x_shaped,28.008952059596776,50,x_shaped
17,6000,SIVI,0.6,0.025720791655913164,1751133257,17,hmc_chain,seed50_sivi_x_shaped,28.008952059596776,50,x_shaped
18,6000,SIVI,0.6,0.023006991302727244,1751133257,18,hmc_chain,seed50_sivi_x_shaped,28.008952059596776,50,x_shaped
19,6000,SIVI,0.6,0.023597831799713823,1751133257,19,hmc_chain,seed50_sivi_x_shaped,28.008952059596776,50,x_shaped
0,8000,SIVI,0.8,0.02643578425880976,1492212627,0,hmc_chain,seed50_sivi_x_shaped,29.333928718045353,50,x_shaped
1,8000,SIVI,0.8,0.02193868173464763,1492212627,1,hmc_chain,seed50_sivi_x_shaped,29.333928718045353,50,x_shaped
2,8000,SIVI,0.8,0.02674702959097365,1492212627,2,hmc_chain,seed50_sivi_x_shaped,29.333928718045353,50,x_shaped
3,8000,SIVI,0.8,0.026265740010055827,1492212627,3,hmc_chain,seed50_sivi_x_shaped,29.333928718045353,50,x_shaped
4,8000,SIVI,0.8,0.02148814888552901,1492212627,4,hmc_chain,seed50_sivi_x_shaped,29.333928718045353,50,x_shaped
5,8000,SIVI,0.8,0.02297973591901961,1492212627,5,hmc_chain,seed50_sivi_x_shaped,29.333928718045353,50,x_shaped
6,8000,SIVI,0.8,0.02439192024346954,1492212627,6,hmc_chain,seed50_sivi_x_shaped,29.333928718045353,50,x_shaped
7,8000,SIVI,0.8,0.02868777520754611,1492212627,7,hmc_chain,seed50_sivi_x_shaped,29.333928718045353,50,x_shaped
8,8000,SIVI,0.8,0.02500840596340007,1492212627,8,hmc_chain,seed50_sivi_x_shaped,29.333928718045353,50,x_shaped
9,8000,SIVI,0.8,0.022173914576192937,1492212627,9,hmc_chain,seed50_sivi_x_shaped,29.333928718045353,50,x_shaped
10,8000,SIVI,0.8,0.022718607281051642,1492212627,10,hmc_chain,seed50_sivi_x_shaped,29.333928718045353,50,x_shaped
11,8000,SIVI,0.8,0.026852385808695332,1492212627,11,hmc_chain,seed50_sivi_x_shaped,29.333928718045353,50,x_shaped
12,8000,SIVI,0.8,0.02045355507995692,1492212627,12,hmc_chain,seed50_sivi_x_shaped,29.333928718045353,50,x_shaped
13,8000,SIVI,0.8,0.029785217309235886,1492212627,13,hmc_chain,seed50_sivi_x_shaped,29.333928718045353,50,x_shaped
14,8000,SIVI,0.8,0.021969085453892923,1492212627,14,hmc_chain,seed50_sivi_x_shaped,29.333928718045353,50,x_shaped
15,8000,SIVI,0.8,0.030529287331834652,1492212627,15,hmc_chain,seed50_sivi_x_shaped,29.333928718045353,50,x_shaped
16,8000,SIVI,0.8,0.03141926036504231,1492212627,16,hmc_chain,seed50_sivi_x_shaped,29.333928718045353,50,x_shaped
17,8000,SIVI,0.8,0.02455565360959395,1492212627,17,hmc_chain,seed50_sivi_x_shaped,29.333928718045353,50,x_shaped
18,8000,SIVI,0.8,0.02678060455339483,1492212627,18,hmc_chain,seed50_sivi_x_shaped,29.333928718045353,50,x_shaped
19,8000,SIVI,0.8,0.021991686026802702,1492212627,19,hmc_chain,seed50_sivi_x_shaped,29.333928718045353,50,x_shaped
0,10000,SIVI,1.0,0.02371044438488092,444187371,0,hmc_chain,seed50_sivi_x_shaped,28.630506425723432,50,x_shaped
1,10000,SIVI,1.0,0.02385522536613553,444187371,1,hmc_chain,seed50_sivi_x_shaped,28.630506425723432,50,x_shaped
2,10000,SIVI,1.0,0.023882720486578447,444187371,2,hmc_chain,seed50_sivi_x_shaped,28.630506425723432,50,x_shaped
3,10000,SIVI,1.0,0.024252446210751552,444187371,3,hmc_chain,seed50_sivi_x_shaped,28.630506425723432,50,x_shaped
4,10000,SIVI,1.0,0.022823760271036147,444187371,4,hmc_chain,seed50_sivi_x_shaped,28.630506425723432,50,x_shaped
5,10000,SIVI,1.0,0.02438040953099254,444187371,5,hmc_chain,seed50_sivi_x_shaped,28.630506425723432,50,x_shaped
6,10000,SIVI,1.0,0.02312648206611747,444187371,6,hmc_chain,seed50_sivi_x_shaped,28.630506425723432,50,x_shaped
7,10000,SIVI,1.0,0.022191586200096987,444187371,7,hmc_chain,seed50_sivi_x_shaped,28.630506425723432,50,x_shaped
8,10000,SIVI,1.0,0.028598313481567016,444187371,8,hmc_chain,seed50_sivi_x_shaped,28.630506425723432,50,x_shaped
9,10000,SIVI,1.0,0.02720826003925646,444187371,9,hmc_chain,seed50_sivi_x_shaped,28.630506425723432,50,x_shaped
10,10000,SIVI,1.0,0.025307235005202385,444187371,10,hmc_chain,seed50_sivi_x_shaped,28.630506425723432,50,x_shaped
11,10000,SIVI,1.0,0.022939929619554194,444187371,11,hmc_chain,seed50_sivi_x_shaped,28.630506425723432,50,x_shaped
12,10000,SIVI,1.0,0.01997935865617717,444187371,12,hmc_chain,seed50_sivi_x_shaped,28.630506425723432,50,x_shaped
13,10000,SIVI,1.0,0.024736952577615226,444187371,13,hmc_chain,seed50_sivi_x_shaped,28.630506425723432,50,x_shaped
14,10000,SIVI,1.0,0.02456304022472112,444187371,14,hmc_chain,seed50_sivi_x_shaped,28.630506425723432,50,x_shaped
15,10000,SIVI,1.0,0.02688276442195408,444187371,15,hmc_chain,seed50_sivi_x_shaped,28.630506425723432,50,x_shaped
16,10000,SIVI,1.0,0.022413835588266973,444187371,16,hmc_chain,seed50_sivi_x_shaped,28.630506425723432,50,x_shaped
17,10000,SIVI,1.0,0.02237278681166719,444187371,17,hmc_chain,seed50_sivi_x_shaped,28.630506425723432,50,x_shaped
18,10000,SIVI,1.0,0.024821536800493517,444187371,18,hmc_chain,seed50_sivi_x_shaped,28.630506425723432,50,x_shaped
19,10000,SIVI,1.0,0.024670521934840685,444187371,19,hmc_chain,seed50_sivi_x_shaped,28.630506425723432,50,x_shaped
0,2000,UIVI,0.2,0.012093300569377229,1139053151,0,hmc_chain,seed42_uivi_x_shaped,28.359439389407633,42,x_shaped
1,2000,UIVI,0.2,0.012647760788239858,1139053151,1,hmc_chain,seed42_uivi_x_shaped,28.359439389407633,42,x_shaped
2,2000,UIVI,0.2,0.01396695230029037,1139053151,2,hmc_chain,seed42_uivi_x_shaped,28.359439389407633,42,x_shaped
3,2000,UIVI,0.2,0.01830784935325183,1139053151,3,hmc_chain,seed42_uivi_x_shaped,28.359439389407633,42,x_shaped
4,2000,UIVI,0.2,0.012768517862211672,1139053151,4,hmc_chain,seed42_uivi_x_shaped,28.359439389407633,42,x_shaped
5,2000,UIVI,0.2,0.016881703082707034,1139053151,5,hmc_chain,seed42_uivi_x_shaped,28.359439389407633,42,x_shaped
6,2000,UIVI,0.2,0.01714157126744356,1139053151,6,hmc_chain,seed42_uivi_x_shaped,28.359439389407633,42,x_shaped
7,2000,UIVI,0.2,0.014483354338614734,1139053151,7,hmc_chain,seed42_uivi_x_shaped,28.359439389407633,42,x_shaped
8,2000,UIVI,0.2,0.012080444249880931,1139053151,8,hmc_chain,seed42_uivi_x_shaped,28.359439389407633,42,x_shaped
9,2000,UIVI,0.2,0.01276777813939313,1139053151,9,hmc_chain,seed42_uivi_x_shaped,28.359439389407633,42,x_shaped
10,2000,UIVI,0.2,0.011525741333434168,1139053151,10,hmc_chain,seed42_uivi_x_shaped,28.359439389407633,42,x_shaped
11,2000,UIVI,0.2,0.014758915465448788,1139053151,11,hmc_chain,seed42_uivi_x_shaped,28.359439389407633,42,x_shaped
12,2000,UIVI,0.2,0.012641807998760437,1139053151,12,hmc_chain,seed42_uivi_x_shaped,28.359439389407633,42,x_shaped
13,2000,UIVI,0.2,0.012199207547658205,1139053151,13,hmc_chain,seed42_uivi_x_shaped,28.359439389407633,42,x_shaped
14,2000,UIVI,0.2,0.013740238366514154,1139053151,14,hmc_chain,seed42_uivi_x_shaped,28.359439389407633,42,x_shaped
15,2000,UIVI,0.2,0.016998864379528807,1139053151,15,hmc_chain,seed42_uivi_x_shaped,28.359439389407633,42,x_shaped
16,2000,UIVI,0.2,0.016832041662000283,1139053151,16,hmc_chain,seed42_uivi_x_shaped,28.359439389407633,42,x_shaped
17,2000,UIVI,0.2,0.012874690432128286,1139053151,17,hmc_chain,seed42_uivi_x_shaped,28.359439389407633,42,x_shaped
18,2000,UIVI,0.2,0.014635006717344252,1139053151,18,hmc_chain,seed42_uivi_x_shaped,28.359439389407633,42,x_shaped
19,2000,UIVI,0.2,0.014935109269478825,1139053151,19,hmc_chain,seed42_uivi_x_shaped,28.359439389407633,42,x_shaped
0,4000,UIVI,0.4,0.02801779525489124,1201212197,0,hmc_chain,seed42_uivi_x_shaped,29.35251469835639,42,x_shaped
1,4000,UIVI,0.4,0.02573093454535104,1201212197,1,hmc_chain,seed42_uivi_x_shaped,29.35251469835639,42,x_shaped
2,4000,UIVI,0.4,0.02644996084538838,1201212197,2,hmc_chain,seed42_uivi_x_shaped,29.35251469835639,42,x_shaped
3,4000,UIVI,0.4,0.029954787706967318,1201212197,3,hmc_chain,seed42_uivi_x_shaped,29.35251469835639,42,x_shaped
4,4000,UIVI,0.4,0.03779954328244235,1201212197,4,hmc_chain,seed42_uivi_x_shaped,29.35251469835639,42,x_shaped
5,4000,UIVI,0.4,0.028104791989591985,1201212197,5,hmc_chain,seed42_uivi_x_shaped,29.35251469835639,42,x_shaped
6,4000,UIVI,0.4,0.026219665505789965,1201212197,6,hmc_chain,seed42_uivi_x_shaped,29.35251469835639,42,x_shaped
7,4000,UIVI,0.4,0.029212192981638404,1201212197,7,hmc_chain,seed42_uivi_x_shaped,29.35251469835639,42,x_shaped
8,4000,UIVI,0.4,0.02810991689352204,1201212197,8,hmc_chain,seed42_uivi_x_shaped,29.35251469835639,42,x_shaped
9,4000,UIVI,0.4,0.028900945041510036,1201212197,9,hmc_chain,seed42_uivi_x_shaped,29.35251469835639,42,x_shaped
10,4000,UIVI,0.4,0.02877574085460926,1201212197,10,hmc_chain,seed42_uivi_x_shaped,29.35251469835639,42,x_shaped
11,4000,UIVI,0.4,0.02940880327048135,1201212197,11,hmc_chain,seed42_uivi_x_shaped,29.35251469835639,42,x_shaped
12,4000,UIVI,0.4,0.025426570312259367,1201212197,12,hmc_chain,seed42_uivi_x_shaped,29.35251469835639,42,x_shaped
13,4000,UIVI,0.4,0.03011152082648027,1201212197,13,hmc_chain,seed42_uivi_x_shaped,29.35251469835639,42,x_shaped
14,4000,UIVI,0.4,0.027569294681979627,1201212197,14,hmc_chain,seed42_uivi_x_shaped,29.35251469835639,42,x_shaped
15,4000,UIVI,0.4,0.029333835864698204,1201212197,15,hmc_chain,seed42_uivi_x_shaped,29.35251469835639,42,x_shaped
16,4000,UIVI,0.4,0.029919583980767987,1201212197,16,hmc_chain,seed42_uivi_x_shaped,29.35251469835639,42,x_shaped
17,4000,UIVI,0.4,0.03888281566649879,1201212197,17,hmc_chain,seed42_uivi_x_shaped,29.35251469835639,42,x_shaped
18,4000,UIVI,0.4,0.03336460367551248,1201212197,18,hmc_chain,seed42_uivi_x_shaped,29.35251469835639,42,x_shaped
19,4000,UIVI,0.4,0.02954883527979164,1201212197,19,hmc_chain,seed42_uivi_x_shaped,29.35251469835639,42,x_shaped
0,6000,UIVI,0.6,0.04190669353116375,1395167947,0,hmc_chain,seed42_uivi_x_shaped,28.819156423211098,42,x_shaped
1,6000,UIVI,0.6,0.05151794646894467,1395167947,1,hmc_chain,seed42_uivi_x_shaped,28.819156423211098,42,x_shaped
2,6000,UIVI,0.6,0.051061526798549355,1395167947,2,hmc_chain,seed42_uivi_x_shaped,28.819156423211098,42,x_shaped
3,6000,UIVI,0.6,0.04327430346990949,1395167947,3,hmc_chain,seed42_uivi_x_shaped,28.819156423211098,42,x_shaped
4,6000,UIVI,0.6,0.04952222473274857,1395167947,4,hmc_chain,seed42_uivi_x_shaped,28.819156423211098,42,x_shaped
5,6000,UIVI,0.6,0.03575766753878167,1395167947,5,hmc_chain,seed42_uivi_x_shaped,28.819156423211098,42,x_shaped
6,6000,UIVI,0.6,0.049291730883415104,1395167947,6,hmc_chain,seed42_uivi_x_shaped,28.819156423211098,42,x_shaped
7,6000,UIVI,0.6,0.032624632235329624,1395167947,7,hmc_chain,seed42_uivi_x_shaped,28.819156423211098,42,x_shaped
8,6000,UIVI,0.6,0.032876802582932435,1395167947,8,hmc_chain,seed42_uivi_x_shaped,28.819156423211098,42,x_shaped
9,6000,UIVI,0.6,0.04816729809331691,1395167947,9,hmc_chain,seed42_uivi_x_shaped,28.819156423211098,42,x_shaped
10,6000,UIVI,0.6,0.04061661148200317,1395167947,10,hmc_chain,seed42_uivi_x_shaped,28.819156423211098,42,x_shaped
11,6000,UIVI,0.6,0.047555784162912146,1395167947,11,hmc_chain,seed42_uivi_x_shaped,28.819156423211098,42,x_shaped
12,6000,UIVI,0.6,0.04904803611150981,1395167947,12,hmc_chain,seed42_uivi_x_shaped,28.819156423211098,42,x_shaped
13,6000,UIVI,0.6,0.04283481055165716,1395167947,13,hmc_chain,seed42_uivi_x_shaped,28.819156423211098,42,x_shaped
14,6000,UIVI,0.6,0.035037031631532614,1395167947,14,hmc_chain,seed42_uivi_x_shaped,28.819156423211098,42,x_shaped
15,6000,UIVI,0.6,0.04071250846652233,1395167947,15,hmc_chain,seed42_uivi_x_shaped,28.819156423211098,42,x_shaped
16,6000,UIVI,0.6,0.07188113849635151,1395167947,16,hmc_chain,seed42_uivi_x_shaped,28.819156423211098,42,x_shaped
17,6000,UIVI,0.6,0.04713504998935728,1395167947,17,hmc_chain,seed42_uivi_x_shaped,28.819156423211098,42,x_shaped
18,6000,UIVI,0.6,0.04547116700870396,1395167947,18,hmc_chain,seed42_uivi_x_shaped,28.819156423211098,42,x_shaped
19,6000,UIVI,0.6,0.07021586364317597,1395167947,19,hmc_chain,seed42_uivi_x_shaped,28.819156423211098,42,x_shaped
0,8000,UIVI,0.8,0.04256542682931794,1851911172,0,hmc_chain,seed42_uivi_x_shaped,29.11430014781654,42,x_shaped
1,8000,UIVI,0.8,0.04731198010453647,1851911172,1,hmc_chain,seed42_uivi_x_shaped,29.11430014781654,42,x_shaped
2,8000,UIVI,0.8,0.049854002835812705,1851911172,2,hmc_chain,seed42_uivi_x_shaped,29.11430014781654,42,x_shaped
3,8000,UIVI,0.8,0.04595982451754252,1851911172,3,hmc_chain,seed42_uivi_x_shaped,29.11430014781654,42,x_shaped
4,8000,UIVI,0.8,0.05466419019319882,1851911172,4,hmc_chain,seed42_uivi_x_shaped,29.11430014781654,42,x_shaped
5,8000,UIVI,0.8,0.05208150433270989,1851911172,5,hmc_chain,seed42_uivi_x_shaped,29.11430014781654,42,x_shaped
6,8000,UIVI,0.8,0.05249330703377564,1851911172,6,hmc_chain,seed42_uivi_x_shaped,29.11430014781654,42,x_shaped
7,8000,UIVI,0.8,0.059925307413798416,1851911172,7,hmc_chain,seed42_uivi_x_shaped,29.11430014781654,42,x_shaped
8,8000,UIVI,0.8,0.05952941718000995,1851911172,8,hmc_chain,seed42_uivi_x_shaped,29.11430014781654,42,x_shaped
9,8000,UIVI,0.8,0.04750989154612752,1851911172,9,hmc_chain,seed42_uivi_x_shaped,29.11430014781654,42,x_shaped
10,8000,UIVI,0.8,0.0574443244334879,1851911172,10,hmc_chain,seed42_uivi_x_shaped,29.11430014781654,42,x_shaped
11,8000,UIVI,0.8,0.05519840493298419,1851911172,11,hmc_chain,seed42_uivi_x_shaped,29.11430014781654,42,x_shaped
12,8000,UIVI,0.8,0.06385306032011497,1851911172,12,hmc_chain,seed42_uivi_x_shaped,29.11430014781654,42,x_shaped
13,8000,UIVI,0.8,0.043152058658016426,1851911172,13,hmc_chain,seed42_uivi_x_shaped,29.11430014781654,42,x_shaped
14,8000,UIVI,0.8,0.04344044531090706,1851911172,14,hmc_chain,seed42_uivi_x_shaped,29.11430014781654,42,x_shaped
15,8000,UIVI,0.8,0.08185738498820325,1851911172,15,hmc_chain,seed42_uivi_x_shaped,29.11430014781654,42,x_shaped
16,8000,UIVI,0.8,0.04157908187157245,1851911172,16,hmc_chain,seed42_uivi_x_shaped,29.11430014781654,42,x_shaped
17,8000,UIVI,0.8,0.04373894675000037,1851911172,17,hmc_chain,seed42_uivi_x_shaped,29.11430014781654,42,x_shaped
18,8000,UIVI,0.8,0.04889634849121256,1851911172,18,hmc_chain,seed42_uivi_x_shaped,29.11430014781654,42,x_shaped
19,8000,UIVI,0.8,0.043211769142259215,1851911172,19,hmc_chain,seed42_uivi_x_shaped,29.11430014781654,42,x_shaped
0,10000,UIVI,1.0,0.06033212700302213,284491475,0,hmc_chain,seed42_uivi_x_shaped,28.342978940531612,42,x_shaped
1,10000,UIVI,1.0,0.05375793870637329,284491475,1,hmc_chain,seed42_uivi_x_shaped,28.342978940531612,42,x_shaped
2,10000,UIVI,1.0,0.06806575235350855,284491475,2,hmc_chain,seed42_uivi_x_shaped,28.342978940531612,42,x_shaped
3,10000,UIVI,1.0,0.060040540001190065,284491475,3,hmc_chain,seed42_uivi_x_shaped,28.342978940531612,42,x_shaped
4,10000,UIVI,1.0,0.060240870538673205,284491475,4,hmc_chain,seed42_uivi_x_shaped,28.342978940531612,42,x_shaped
5,10000,UIVI,1.0,0.06039991015615842,284491475,5,hmc_chain,seed42_uivi_x_shaped,28.342978940531612,42,x_shaped
6,10000,UIVI,1.0,0.08607745869103747,284491475,6,hmc_chain,seed42_uivi_x_shaped,28.342978940531612,42,x_shaped
7,10000,UIVI,1.0,0.06478136180464869,284491475,7,hmc_chain,seed42_uivi_x_shaped,28.342978940531612,42,x_shaped
8,10000,UIVI,1.0,0.06414138696715685,284491475,8,hmc_chain,seed42_uivi_x_shaped,28.342978940531612,42,x_shaped
9,10000,UIVI,1.0,0.06954713505639569,284491475,9,hmc_chain,seed42_uivi_x_shaped,28.342978940531612,42,x_shaped
10,10000,UIVI,1.0,0.0803179207412744,284491475,10,hmc_chain,seed42_uivi_x_shaped,28.342978940531612,42,x_shaped
11,10000,UIVI,1.0,0.05278727993235616,284491475,11,hmc_chain,seed42_uivi_x_shaped,28.342978940531612,42,x_shaped
12,10000,UIVI,1.0,0.07323976401361713,284491475,12,hmc_chain,seed42_uivi_x_shaped,28.342978940531612,42,x_shaped
13,10000,UIVI,1.0,0.05806786327656678,284491475,13,hmc_chain,seed42_uivi_x_shaped,28.342978940531612,42,x_shaped
14,10000,UIVI,1.0,0.06589581244088585,284491475,14,hmc_chain,seed42_uivi_x_shaped,28.342978940531612,42,x_shaped
15,10000,UIVI,1.0,0.05500531299754122,284491475,15,hmc_chain,seed42_uivi_x_shaped,28.342978940531612,42,x_shaped
16,10000,UIVI,1.0,0.0470980310629596,284491475,16,hmc_chain,seed42_uivi_x_shaped,28.342978940531612,42,x_shaped
17,10000,UIVI,1.0,0.04841436567648698,284491475,17,hmc_chain,seed42_uivi_x_shaped,28.342978940531612,42,x_shaped
18,10000,UIVI,1.0,0.06756079343985377,284491475,18,hmc_chain,seed42_uivi_x_shaped,28.342978940531612,42,x_shaped
19,10000,UIVI,1.0,0.0564689214427263,284491475,19,hmc_chain,seed42_uivi_x_shaped,28.342978940531612,42,x_shaped
0,2000,UIVI,0.2,0.009811309438098005,1199119869,0,hmc_chain,seed43_uivi_x_shaped,28.63102929033339,43,x_shaped
1,2000,UIVI,0.2,0.009541728911714255,1199119869,1,hmc_chain,seed43_uivi_x_shaped,28.63102929033339,43,x_shaped
2,2000,UIVI,0.2,0.00897751143253432,1199119869,2,hmc_chain,seed43_uivi_x_shaped,28.63102929033339,43,x_shaped
3,2000,UIVI,0.2,0.0098344173649475,1199119869,3,hmc_chain,seed43_uivi_x_shaped,28.63102929033339,43,x_shaped
4,2000,UIVI,0.2,0.01022570029303253,1199119869,4,hmc_chain,seed43_uivi_x_shaped,28.63102929033339,43,x_shaped
5,2000,UIVI,0.2,0.0101823682849933,1199119869,5,hmc_chain,seed43_uivi_x_shaped,28.63102929033339,43,x_shaped
6,2000,UIVI,0.2,0.008752432514063348,1199119869,6,hmc_chain,seed43_uivi_x_shaped,28.63102929033339,43,x_shaped
7,2000,UIVI,0.2,0.014426234384493239,1199119869,7,hmc_chain,seed43_uivi_x_shaped,28.63102929033339,43,x_shaped
8,2000,UIVI,0.2,0.027016452771701543,1199119869,8,hmc_chain,seed43_uivi_x_shaped,28.63102929033339,43,x_shaped
9,2000,UIVI,0.2,0.010642313747602918,1199119869,9,hmc_chain,seed43_uivi_x_shaped,28.63102929033339,43,x_shaped
10,2000,UIVI,0.2,0.009582533203437483,1199119869,10,hmc_chain,seed43_uivi_x_shaped,28.63102929033339,43,x_shaped
11,2000,UIVI,0.2,0.01025634671605173,1199119869,11,hmc_chain,seed43_uivi_x_shaped,28.63102929033339,43,x_shaped
12,2000,UIVI,0.2,0.00894324008084547,1199119869,12,hmc_chain,seed43_uivi_x_shaped,28.63102929033339,43,x_shaped
13,2000,UIVI,0.2,0.0259655962803369,1199119869,13,hmc_chain,seed43_uivi_x_shaped,28.63102929033339,43,x_shaped
14,2000,UIVI,0.2,0.009842068830179263,1199119869,14,hmc_chain,seed43_uivi_x_shaped,28.63102929033339,43,x_shaped
15,2000,UIVI,0.2,0.008973199277611057,1199119869,15,hmc_chain,seed43_uivi_x_shaped,28.63102929033339,43,x_shaped
16,2000,UIVI,0.2,0.010208961182997512,1199119869,16,hmc_chain,seed43_uivi_x_shaped,28.63102929033339,43,x_shaped
17,2000,UIVI,0.2,0.009877589983435645,1199119869,17,hmc_chain,seed43_uivi_x_shaped,28.63102929033339,43,x_shaped
18,2000,UIVI,0.2,0.009143854611080925,1199119869,18,hmc_chain,seed43_uivi_x_shaped,28.63102929033339,43,x_shaped
19,2000,UIVI,0.2,0.008853874599688678,1199119869,19,hmc_chain,seed43_uivi_x_shaped,28.63102929033339,43,x_shaped
0,4000,UIVI,0.4,0.017198369351847768,1689278209,0,hmc_chain,seed43_uivi_x_shaped,28.250431086868048,43,x_shaped
1,4000,UIVI,0.4,0.017592300296699673,1689278209,1,hmc_chain,seed43_uivi_x_shaped,28.250431086868048,43,x_shaped
2,4000,UIVI,0.4,0.017659986475119842,1689278209,2,hmc_chain,seed43_uivi_x_shaped,28.250431086868048,43,x_shaped
3,4000,UIVI,0.4,0.017195277005065394,1689278209,3,hmc_chain,seed43_uivi_x_shaped,28.250431086868048,43,x_shaped
4,4000,UIVI,0.4,0.01710444616417004,1689278209,4,hmc_chain,seed43_uivi_x_shaped,28.250431086868048,43,x_shaped
5,4000,UIVI,0.4,0.017870567708555156,1689278209,5,hmc_chain,seed43_uivi_x_shaped,28.250431086868048,43,x_shaped
6,4000,UIVI,0.4,0.016281701530563034,1689278209,6,hmc_chain,seed43_uivi_x_shaped,28.250431086868048,43,x_shaped
7,4000,UIVI,0.4,0.017722159880080482,1689278209,7,hmc_chain,seed43_uivi_x_shaped,28.250431086868048,43,x_shaped
8,4000,UIVI,0.4,0.019015570801951962,1689278209,8,hmc_chain,seed43_uivi_x_shaped,28.250431086868048,43,x_shaped
9,4000,UIVI,0.4,0.017742072170235948,1689278209,9,hmc_chain,seed43_uivi_x_shaped,28.250431086868048,43,x_shaped
10,4000,UIVI,0.4,0.016630570518678826,1689278209,10,hmc_chain,seed43_uivi_x_shaped,28.250431086868048,43,x_shaped
11,4000,UIVI,0.4,0.017826306095545634,1689278209,11,hmc_chain,seed43_uivi_x_shaped,28.250431086868048,43,x_shaped
12,4000,UIVI,0.4,0.01807716430794947,1689278209,12,hmc_chain,seed43_uivi_x_shaped,28.250431086868048,43,x_shaped
13,4000,UIVI,0.4,0.019011348210216758,1689278209,13,hmc_chain,seed43_uivi_x_shaped,28.250431086868048,43,x_shaped
14,4000,UIVI,0.4,0.0200107719058526,1689278209,14,hmc_chain,seed43_uivi_x_shaped,28.250431086868048,43,x_shaped
15,4000,UIVI,0.4,0.018640343824331666,1689278209,15,hmc_chain,seed43_uivi_x_shaped,28.250431086868048,43,x_shaped
16,4000,UIVI,0.4,0.0187184130811671,1689278209,16,hmc_chain,seed43_uivi_x_shaped,28.250431086868048,43,x_shaped
17,4000,UIVI,0.4,0.017708420759348024,1689278209,17,hmc_chain,seed43_uivi_x_shaped,28.250431086868048,43,x_shaped
18,4000,UIVI,0.4,0.017325564232946324,1689278209,18,hmc_chain,seed43_uivi_x_shaped,28.250431086868048,43,x_shaped
19,4000,UIVI,0.4,0.01810218730946503,1689278209,19,hmc_chain,seed43_uivi_x_shaped,28.250431086868048,43,x_shaped
0,6000,UIVI,0.6,0.02323164365820507,320225976,0,hmc_chain,seed43_uivi_x_shaped,29.542020918801427,43,x_shaped
1,6000,UIVI,0.6,0.025952749913879695,320225976,1,hmc_chain,seed43_uivi_x_shaped,29.542020918801427,43,x_shaped
2,6000,UIVI,0.6,0.023897032891872803,320225976,2,hmc_chain,seed43_uivi_x_shaped,29.542020918801427,43,x_shaped
3,6000,UIVI,0.6,0.022179336344867857,320225976,3,hmc_chain,seed43_uivi_x_shaped,29.542020918801427,43,x_shaped
4,6000,UIVI,0.6,0.02478298358967681,320225976,4,hmc_chain,seed43_uivi_x_shaped,29.542020918801427,43,x_shaped
5,6000,UIVI,0.6,0.023220895994310452,320225976,5,hmc_chain,seed43_uivi_x_shaped,29.542020918801427,43,x_shaped
6,6000,UIVI,0.6,0.024314020722247948,320225976,6,hmc_chain,seed43_uivi_x_shaped,29.542020918801427,43,x_shaped
7,6000,UIVI,0.6,0.02151645793280818,320225976,7,hmc_chain,seed43_uivi_x_shaped,29.542020918801427,43,x_shaped
8,6000,UIVI,0.6,0.024396390509964692,320225976,8,hmc_chain,seed43_uivi_x_shaped,29.542020918801427,43,x_shaped
9,6000,UIVI,0.6,0.025184268566254338,320225976,9,hmc_chain,seed43_uivi_x_shaped,29.542020918801427,43,x_shaped
10,6000,UIVI,0.6,0.02335427690547978,320225976,10,hmc_chain,seed43_uivi_x_shaped,29.542020918801427,43,x_shaped
11,6000,UIVI,0.6,0.023175227233818832,320225976,11,hmc_chain,seed43_uivi_x_shaped,29.542020918801427,43,x_shaped
12,6000,UIVI,0.6,0.024048600410614275,320225976,12,hmc_chain,seed43_uivi_x_shaped,29.542020918801427,43,x_shaped
13,6000,UIVI,0.6,0.021910552974345403,320225976,13,hmc_chain,seed43_uivi_x_shaped,29.542020918801427,43,x_shaped
14,6000,UIVI,0.6,0.02346968394911538,320225976,14,hmc_chain,seed43_uivi_x_shaped,29.542020918801427,43,x_shaped
15,6000,UIVI,0.6,0.02496344359637661,320225976,15,hmc_chain,seed43_uivi_x_shaped,29.542020918801427,43,x_shaped
16,6000,UIVI,0.6,0.023709469341712863,320225976,16,hmc_chain,seed43_uivi_x_shaped,29.542020918801427,43,x_shaped
17,6000,UIVI,0.6,0.02243392127887456,320225976,17,hmc_chain,seed43_uivi_x_shaped,29.542020918801427,43,x_shaped
18,6000,UIVI,0.6,0.022359625089068254,320225976,18,hmc_chain,seed43_uivi_x_shaped,29.542020918801427,43,x_shaped
19,6000,UIVI,0.6,0.023616425863712334,320225976,19,hmc_chain,seed43_uivi_x_shaped,29.542020918801427,43,x_shaped
0,8000,UIVI,0.8,0.020197641495078147,2038272481,0,hmc_chain,seed43_uivi_x_shaped,27.821559796109796,43,x_shaped
1,8000,UIVI,0.8,0.022622496225097294,2038272481,1,hmc_chain,seed43_uivi_x_shaped,27.821559796109796,43,x_shaped
2,8000,UIVI,0.8,0.020405161329556144,2038272481,2,hmc_chain,seed43_uivi_x_shaped,27.821559796109796,43,x_shaped
3,8000,UIVI,0.8,0.02173416587722168,2038272481,3,hmc_chain,seed43_uivi_x_shaped,27.821559796109796,43,x_shaped
4,8000,UIVI,0.8,0.020178100139194407,2038272481,4,hmc_chain,seed43_uivi_x_shaped,27.821559796109796,43,x_shaped
5,8000,UIVI,0.8,0.02012344790531128,2038272481,5,hmc_chain,seed43_uivi_x_shaped,27.821559796109796,43,x_shaped
6,8000,UIVI,0.8,0.021298161752153308,2038272481,6,hmc_chain,seed43_uivi_x_shaped,27.821559796109796,43,x_shaped
7,8000,UIVI,0.8,0.020552437773079957,2038272481,7,hmc_chain,seed43_uivi_x_shaped,27.821559796109796,43,x_shaped
8,8000,UIVI,0.8,0.02083527370008291,2038272481,8,hmc_chain,seed43_uivi_x_shaped,27.821559796109796,43,x_shaped
9,8000,UIVI,0.8,0.021613883272104006,2038272481,9,hmc_chain,seed43_uivi_x_shaped,27.821559796109796,43,x_shaped
10,8000,UIVI,0.8,0.023089211197554485,2038272481,10,hmc_chain,seed43_uivi_x_shaped,27.821559796109796,43,x_shaped
11,8000,UIVI,0.8,0.02112424489052653,2038272481,11,hmc_chain,seed43_uivi_x_shaped,27.821559796109796,43,x_shaped
12,8000,UIVI,0.8,0.02243459729857209,2038272481,12,hmc_chain,seed43_uivi_x_shaped,27.821559796109796,43,x_shaped
13,8000,UIVI,0.8,0.02209751608977019,2038272481,13,hmc_chain,seed43_uivi_x_shaped,27.821559796109796,43,x_shaped
14,8000,UIVI,0.8,0.023522543615535147,2038272481,14,hmc_chain,seed43_uivi_x_shaped,27.821559796109796,43,x_shaped
15,8000,UIVI,0.8,0.022046043576509897,2038272481,15,hmc_chain,seed43_uivi_x_shaped,27.821559796109796,43,x_shaped
16,8000,UIVI,0.8,0.021573498289257257,2038272481,16,hmc_chain,seed43_uivi_x_shaped,27.821559796109796,43,x_shaped
17,8000,UIVI,0.8,0.021194463180644982,2038272481,17,hmc_chain,seed43_uivi_x_shaped,27.821559796109796,43,x_shaped
18,8000,UIVI,0.8,0.022339950651777563,2038272481,18,hmc_chain,seed43_uivi_x_shaped,27.821559796109796,43,x_shaped
19,8000,UIVI,0.8,0.02139234648181109,2038272481,19,hmc_chain,seed43_uivi_x_shaped,27.821559796109796,43,x_shaped
0,10000,UIVI,1.0,0.0228618587127956,1223359749,0,hmc_chain,seed43_uivi_x_shaped,28.699682960286736,43,x_shaped
1,10000,UIVI,1.0,0.02201531098917725,1223359749,1,hmc_chain,seed43_uivi_x_shaped,28.699682960286736,43,x_shaped
2,10000,UIVI,1.0,0.022461770051079834,1223359749,2,hmc_chain,seed43_uivi_x_shaped,28.699682960286736,43,x_shaped
3,10000,UIVI,1.0,0.024241844841456354,1223359749,3,hmc_chain,seed43_uivi_x_shaped,28.699682960286736,43,x_shaped
4,10000,UIVI,1.0,0.02233865242662513,1223359749,4,hmc_chain,seed43_uivi_x_shaped,28.699682960286736,43,x_shaped
5,10000,UIVI,1.0,0.02234504729165126,1223359749,5,hmc_chain,seed43_uivi_x_shaped,28.699682960286736,43,x_shaped
6,10000,UIVI,1.0,0.021469272966015147,1223359749,6,hmc_chain,seed43_uivi_x_shaped,28.699682960286736,43,x_shaped
7,10000,UIVI,1.0,0.02353018810726206,1223359749,7,hmc_chain,seed43_uivi_x_shaped,28.699682960286736,43,x_shaped
8,10000,UIVI,1.0,0.021483554131078615,1223359749,8,hmc_chain,seed43_uivi_x_shaped,28.699682960286736,43,x_shaped
9,10000,UIVI,1.0,0.022638365523608765,1223359749,9,hmc_chain,seed43_uivi_x_shaped,28.699682960286736,43,x_shaped
10,10000,UIVI,1.0,0.02182653435795683,1223359749,10,hmc_chain,seed43_uivi_x_shaped,28.699682960286736,43,x_shaped
11,10000,UIVI,1.0,0.021274262330516425,1223359749,11,hmc_chain,seed43_uivi_x_shaped,28.699682960286736,43,x_shaped
12,10000,UIVI,1.0,0.02203000887094267,1223359749,12,hmc_chain,seed43_uivi_x_shaped,28.699682960286736,43,x_shaped
13,10000,UIVI,1.0,0.024113768202253222,1223359749,13,hmc_chain,seed43_uivi_x_shaped,28.699682960286736,43,x_shaped
14,10000,UIVI,1.0,0.02360352430103556,1223359749,14,hmc_chain,seed43_uivi_x_shaped,28.699682960286736,43,x_shaped
15,10000,UIVI,1.0,0.022900398348904324,1223359749,15,hmc_chain,seed43_uivi_x_shaped,28.699682960286736,43,x_shaped
16,10000,UIVI,1.0,0.024090952745635434,1223359749,16,hmc_chain,seed43_uivi_x_shaped,28.699682960286736,43,x_shaped
17,10000,UIVI,1.0,0.021302917580049978,1223359749,17,hmc_chain,seed43_uivi_x_shaped,28.699682960286736,43,x_shaped
18,10000,UIVI,1.0,0.021468506893296047,1223359749,18,hmc_chain,seed43_uivi_x_shaped,28.699682960286736,43,x_shaped
19,10000,UIVI,1.0,0.02126808091537301,1223359749,19,hmc_chain,seed43_uivi_x_shaped,28.699682960286736,43,x_shaped
0,2000,UIVI,0.2,0.009492609127643202,489147523,0,hmc_chain,seed45_uivi_x_shaped,28.556441375240684,45,x_shaped
1,2000,UIVI,0.2,0.009209715218841315,489147523,1,hmc_chain,seed45_uivi_x_shaped,28.556441375240684,45,x_shaped
2,2000,UIVI,0.2,0.00926984464355109,489147523,2,hmc_chain,seed45_uivi_x_shaped,28.556441375240684,45,x_shaped
3,2000,UIVI,0.2,0.009113463309644545,489147523,3,hmc_chain,seed45_uivi_x_shaped,28.556441375240684,45,x_shaped
4,2000,UIVI,0.2,0.009363412864161213,489147523,4,hmc_chain,seed45_uivi_x_shaped,28.556441375240684,45,x_shaped
5,2000,UIVI,0.2,0.008589686520098177,489147523,5,hmc_chain,seed45_uivi_x_shaped,28.556441375240684,45,x_shaped
6,2000,UIVI,0.2,0.00902013153171865,489147523,6,hmc_chain,seed45_uivi_x_shaped,28.556441375240684,45,x_shaped
7,2000,UIVI,0.2,0.009383152662870656,489147523,7,hmc_chain,seed45_uivi_x_shaped,28.556441375240684,45,x_shaped
8,2000,UIVI,0.2,0.009744364306887875,489147523,8,hmc_chain,seed45_uivi_x_shaped,28.556441375240684,45,x_shaped
9,2000,UIVI,0.2,0.008672375437651671,489147523,9,hmc_chain,seed45_uivi_x_shaped,28.556441375240684,45,x_shaped
10,2000,UIVI,0.2,0.0085992557408179,489147523,10,hmc_chain,seed45_uivi_x_shaped,28.556441375240684,45,x_shaped
11,2000,UIVI,0.2,0.008702556936424771,489147523,11,hmc_chain,seed45_uivi_x_shaped,28.556441375240684,45,x_shaped
12,2000,UIVI,0.2,0.009187661682361304,489147523,12,hmc_chain,seed45_uivi_x_shaped,28.556441375240684,45,x_shaped
13,2000,UIVI,0.2,0.009468711716874582,489147523,13,hmc_chain,seed45_uivi_x_shaped,28.556441375240684,45,x_shaped
14,2000,UIVI,0.2,0.010426424647678232,489147523,14,hmc_chain,seed45_uivi_x_shaped,28.556441375240684,45,x_shaped
15,2000,UIVI,0.2,0.009468117741905757,489147523,15,hmc_chain,seed45_uivi_x_shaped,28.556441375240684,45,x_shaped
16,2000,UIVI,0.2,0.009707581376640385,489147523,16,hmc_chain,seed45_uivi_x_shaped,28.556441375240684,45,x_shaped
17,2000,UIVI,0.2,0.008344268613936693,489147523,17,hmc_chain,seed45_uivi_x_shaped,28.556441375240684,45,x_shaped
18,2000,UIVI,0.2,0.008970577991244278,489147523,18,hmc_chain,seed45_uivi_x_shaped,28.556441375240684,45,x_shaped
19,2000,UIVI,0.2,0.009861076435523962,489147523,19,hmc_chain,seed45_uivi_x_shaped,28.556441375240684,45,x_shaped
0,4000,UIVI,0.4,0.016752955903206745,606186705,0,hmc_chain,seed45_uivi_x_shaped,29.237544959038495,45,x_shaped
1,4000,UIVI,0.4,0.018675328200419936,606186705,1,hmc_chain,seed45_uivi_x_shaped,29.237544959038495,45,x_shaped
2,4000,UIVI,0.4,0.019057221826452413,606186705,2,hmc_chain,seed45_uivi_x_shaped,29.237544959038495,45,x_shaped
3,4000,UIVI,0.4,0.018727787003021128,606186705,3,hmc_chain,seed45_uivi_x_shaped,29.237544959038495,45,x_shaped
4,4000,UIVI,0.4,0.01696409664766403,606186705,4,hmc_chain,seed45_uivi_x_shaped,29.237544959038495,45,x_shaped
5,4000,UIVI,0.4,0.01769502382900885,606186705,5,hmc_chain,seed45_uivi_x_shaped,29.237544959038495,45,x_shaped
6,4000,UIVI,0.4,0.018424711312241597,606186705,6,hmc_chain,seed45_uivi_x_shaped,29.237544959038495,45,x_shaped
7,4000,UIVI,0.4,0.0189428996012258,606186705,7,hmc_chain,seed45_uivi_x_shaped,29.237544959038495,45,x_shaped
8,4000,UIVI,0.4,0.018613941185886655,606186705,8,hmc_chain,seed45_uivi_x_shaped,29.237544959038495,45,x_shaped
9,4000,UIVI,0.4,0.018633895404153028,606186705,9,hmc_chain,seed45_uivi_x_shaped,29.237544959038495,45,x_shaped
10,4000,UIVI,0.4,0.018636909859938287,606186705,10,hmc_chain,seed45_uivi_x_shaped,29.237544959038495,45,x_shaped
11,4000,UIVI,0.4,0.019913078648028687,606186705,11,hmc_chain,seed45_uivi_x_shaped,29.237544959038495,45,x_shaped
12,4000,UIVI,0.4,0.018544582999443095,606186705,12,hmc_chain,seed45_uivi_x_shaped,29.237544959038495,45,x_shaped
13,4000,UIVI,0.4,0.018150964314443324,606186705,13,hmc_chain,seed45_uivi_x_shaped,29.237544959038495,45,x_shaped
14,4000,UIVI,0.4,0.018902282613091046,606186705,14,hmc_chain,seed45_uivi_x_shaped,29.237544959038495,45,x_shaped
15,4000,UIVI,0.4,0.01788400030411646,606186705,15,hmc_chain,seed45_uivi_x_shaped,29.237544959038495,45,x_shaped
16,4000,UIVI,0.4,0.019695044030062468,606186705,16,hmc_chain,seed45_uivi_x_shaped,29.237544959038495,45,x_shaped
17,4000,UIVI,0.4,0.019850308022336158,606186705,17,hmc_chain,seed45_uivi_x_shaped,29.237544959038495,45,x_shaped
18,4000,UIVI,0.4,0.017484432468070084,606186705,18,hmc_chain,seed45_uivi_x_shaped,29.237544959038495,45,x_shaped
19,4000,UIVI,0.4,0.02058691589588618,606186705,19,hmc_chain,seed45_uivi_x_shaped,29.237544959038495,45,x_shaped
0,6000,UIVI,0.6,0.021296115119793367,169573984,0,hmc_chain,seed45_uivi_x_shaped,29.539080762863158,45,x_shaped
1,6000,UIVI,0.6,0.022963231378449446,169573984,1,hmc_chain,seed45_uivi_x_shaped,29.539080762863158,45,x_shaped
2,6000,UIVI,0.6,0.021492478859924228,169573984,2,hmc_chain,seed45_uivi_x_shaped,29.539080762863158,45,x_shaped
3,6000,UIVI,0.6,0.0207854379447723,169573984,3,hmc_chain,seed45_uivi_x_shaped,29.539080762863158,45,x_shaped
4,6000,UIVI,0.6,0.020622791155783894,169573984,4,hmc_chain,seed45_uivi_x_shaped,29.539080762863158,45,x_shaped
5,6000,UIVI,0.6,0.0212619369862889,169573984,5,hmc_chain,seed45_uivi_x_shaped,29.539080762863158,45,x_shaped
6,6000,UIVI,0.6,0.02130211618801478,169573984,6,hmc_chain,seed45_uivi_x_shaped,29.539080762863158,45,x_shaped
7,6000,UIVI,0.6,0.023771266957038708,169573984,7,hmc_chain,seed45_uivi_x_shaped,29.539080762863158,45,x_shaped
8,6000,UIVI,0.6,0.020282627681658304,169573984,8,hmc_chain,seed45_uivi_x_shaped,29.539080762863158,45,x_shaped
9,6000,UIVI,0.6,0.021953778162964267,169573984,9,hmc_chain,seed45_uivi_x_shaped,29.539080762863158,45,x_shaped
10,6000,UIVI,0.6,0.020540179566780843,169573984,10,hmc_chain,seed45_uivi_x_shaped,29.539080762863158,45,x_shaped
11,6000,UIVI,0.6,0.02176833064724153,169573984,11,hmc_chain,seed45_uivi_x_shaped,29.539080762863158,45,x_shaped
12,6000,UIVI,0.6,0.021430730614630873,169573984,12,hmc_chain,seed45_uivi_x_shaped,29.539080762863158,45,x_shaped
13,6000,UIVI,0.6,0.02092090977203128,169573984,13,hmc_chain,seed45_uivi_x_shaped,29.539080762863158,45,x_shaped
14,6000,UIVI,0.6,0.021814543127737205,169573984,14,hmc_chain,seed45_uivi_x_shaped,29.539080762863158,45,x_shaped
15,6000,UIVI,0.6,0.02150937303402531,169573984,15,hmc_chain,seed45_uivi_x_shaped,29.539080762863158,45,x_shaped
16,6000,UIVI,0.6,0.021437091481568717,169573984,16,hmc_chain,seed45_uivi_x_shaped,29.539080762863158,45,x_shaped
17,6000,UIVI,0.6,0.02140563920965742,169573984,17,hmc_chain,seed45_uivi_x_shaped,29.539080762863158,45,x_shaped
18,6000,UIVI,0.6,0.021198917238519327,169573984,18,hmc_chain,seed45_uivi_x_shaped,29.539080762863158,45,x_shaped
19,6000,UIVI,0.6,0.020353411202332448,169573984,19,hmc_chain,seed45_uivi_x_shaped,29.539080762863158,45,x_shaped
0,8000,UIVI,0.8,0.023477772502276645,1942184371,0,hmc_chain,seed45_uivi_x_shaped,29.236664725840093,45,x_shaped
1,8000,UIVI,0.8,0.022837526175990275,1942184371,1,hmc_chain,seed45_uivi_x_shaped,29.236664725840093,45,x_shaped
2,8000,UIVI,0.8,0.024391212958687,1942184371,2,hmc_chain,seed45_uivi_x_shaped,29.236664725840093,45,x_shaped
3,8000,UIVI,0.8,0.021580283002867115,1942184371,3,hmc_chain,seed45_uivi_x_shaped,29.236664725840093,45,x_shaped
4,8000,UIVI,0.8,0.022248462898003446,1942184371,4,hmc_chain,seed45_uivi_x_shaped,29.236664725840093,45,x_shaped
5,8000,UIVI,0.8,0.02058899663585788,1942184371,5,hmc_chain,seed45_uivi_x_shaped,29.236664725840093,45,x_shaped
6,8000,UIVI,0.8,0.024032573422618622,1942184371,6,hmc_chain,seed45_uivi_x_shaped,29.236664725840093,45,x_shaped
7,8000,UIVI,0.8,0.024641102147200104,1942184371,7,hmc_chain,seed45_uivi_x_shaped,29.236664725840093,45,x_shaped
8,8000,UIVI,0.8,0.022793972574280445,1942184371,8,hmc_chain,seed45_uivi_x_shaped,29.236664725840093,45,x_shaped
9,8000,UIVI,0.8,0.022625456786825447,1942184371,9,hmc_chain,seed45_uivi_x_shaped,29.236664725840093,45,x_shaped
10,8000,UIVI,0.8,0.02116623432155068,1942184371,10,hmc_chain,seed45_uivi_x_shaped,29.236664725840093,45,x_shaped
11,8000,UIVI,0.8,0.022013289740746123,1942184371,11,hmc_chain,seed45_uivi_x_shaped,29.236664725840093,45,x_shaped
12,8000,UIVI,0.8,0.025295389648914042,1942184371,12,hmc_chain,seed45_uivi_x_shaped,29.236664725840093,45,x_shaped
13,8000,UIVI,0.8,0.026380041065178994,1942184371,13,hmc_chain,seed45_uivi_x_shaped,29.236664725840093,45,x_shaped
14,8000,UIVI,0.8,0.022693536151315898,1942184371,14,hmc_chain,seed45_uivi_x_shaped,29.236664725840093,45,x_shaped
15,8000,UIVI,0.8,0.020097372459102234,1942184371,15,hmc_chain,seed45_uivi_x_shaped,29.236664725840093,45,x_shaped
16,8000,UIVI,0.8,0.02160673001616601,1942184371,16,hmc_chain,seed45_uivi_x_shaped,29.236664725840093,45,x_shaped
17,8000,UIVI,0.8,0.022259863988116753,1942184371,17,hmc_chain,seed45_uivi_x_shaped,29.236664725840093,45,x_shaped
18,8000,UIVI,0.8,0.02185034887585699,1942184371,18,hmc_chain,seed45_uivi_x_shaped,29.236664725840093,45,x_shaped
19,8000,UIVI,0.8,0.024592616966566908,1942184371,19,hmc_chain,seed45_uivi_x_shaped,29.236664725840093,45,x_shaped
0,10000,UIVI,1.0,0.020970615526663086,1023306098,0,hmc_chain,seed45_uivi_x_shaped,30.05255434177816,45,x_shaped
1,10000,UIVI,1.0,0.021118802016770945,1023306098,1,hmc_chain,seed45_uivi_x_shaped,30.05255434177816,45,x_shaped
2,10000,UIVI,1.0,0.0203498272932371,1023306098,2,hmc_chain,seed45_uivi_x_shaped,30.05255434177816,45,x_shaped
3,10000,UIVI,1.0,0.01798964801218518,1023306098,3,hmc_chain,seed45_uivi_x_shaped,30.05255434177816,45,x_shaped
4,10000,UIVI,1.0,0.02297678757444576,1023306098,4,hmc_chain,seed45_uivi_x_shaped,30.05255434177816,45,x_shaped
5,10000,UIVI,1.0,0.02156148156824922,1023306098,5,hmc_chain,seed45_uivi_x_shaped,30.05255434177816,45,x_shaped
6,10000,UIVI,1.0,0.03391692310981184,1023306098,6,hmc_chain,seed45_uivi_x_shaped,30.05255434177816,45,x_shaped
7,10000,UIVI,1.0,0.020672632472509056,1023306098,7,hmc_chain,seed45_uivi_x_shaped,30.05255434177816,45,x_shaped
8,10000,UIVI,1.0,0.02139936339526082,1023306098,8,hmc_chain,seed45_uivi_x_shaped,30.05255434177816,45,x_shaped
9,10000,UIVI,1.0,0.019813530184640535,1023306098,9,hmc_chain,seed45_uivi_x_shaped,30.05255434177816,45,x_shaped
10,10000,UIVI,1.0,0.021499142046219458,1023306098,10,hmc_chain,seed45_uivi_x_shaped,30.05255434177816,45,x_shaped
11,10000,UIVI,1.0,0.02281618949592841,1023306098,11,hmc_chain,seed45_uivi_x_shaped,30.05255434177816,45,x_shaped
12,10000,UIVI,1.0,0.019570467042797704,1023306098,12,hmc_chain,seed45_uivi_x_shaped,30.05255434177816,45,x_shaped
13,10000,UIVI,1.0,0.019075098376410686,1023306098,13,hmc_chain,seed45_uivi_x_shaped,30.05255434177816,45,x_shaped
14,10000,UIVI,1.0,0.019705679583688497,1023306098,14,hmc_chain,seed45_uivi_x_shaped,30.05255434177816,45,x_shaped
15,10000,UIVI,1.0,0.022125075179718505,1023306098,15,hmc_chain,seed45_uivi_x_shaped,30.05255434177816,45,x_shaped
16,10000,UIVI,1.0,0.021090030512915997,1023306098,16,hmc_chain,seed45_uivi_x_shaped,30.05255434177816,45,x_shaped
17,10000,UIVI,1.0,0.020327975858559347,1023306098,17,hmc_chain,seed45_uivi_x_shaped,30.05255434177816,45,x_shaped
18,10000,UIVI,1.0,0.019561215411673886,1023306098,18,hmc_chain,seed45_uivi_x_shaped,30.05255434177816,45,x_shaped
19,10000,UIVI,1.0,0.02156452095576667,1023306098,19,hmc_chain,seed45_uivi_x_shaped,30.05255434177816,45,x_shaped
0,2000,UIVI,0.2,0.014775292294208368,1740405635,0,hmc_chain,seed49_uivi_x_shaped,27.154325215518476,49,x_shaped
1,2000,UIVI,0.2,0.012607623168608865,1740405635,1,hmc_chain,seed49_uivi_x_shaped,27.154325215518476,49,x_shaped
2,2000,UIVI,0.2,0.014371661847398052,1740405635,2,hmc_chain,seed49_uivi_x_shaped,27.154325215518476,49,x_shaped
3,2000,UIVI,0.2,0.01529012482052369,1740405635,3,hmc_chain,seed49_uivi_x_shaped,27.154325215518476,49,x_shaped
4,2000,UIVI,0.2,0.013561045190631426,1740405635,4,hmc_chain,seed49_uivi_x_shaped,27.154325215518476,49,x_shaped
5,2000,UIVI,0.2,0.01823143075632411,1740405635,5,hmc_chain,seed49_uivi_x_shaped,27.154325215518476,49,x_shaped
6,2000,UIVI,0.2,0.014229888722651594,1740405635,6,hmc_chain,seed49_uivi_x_shaped,27.154325215518476,49,x_shaped
7,2000,UIVI,0.2,0.013089237308653169,1740405635,7,hmc_chain,seed49_uivi_x_shaped,27.154325215518476,49,x_shaped
8,2000,UIVI,0.2,0.02315389494294941,1740405635,8,hmc_chain,seed49_uivi_x_shaped,27.154325215518476,49,x_shaped
9,2000,UIVI,0.2,0.013570212475903239,1740405635,9,hmc_chain,seed49_uivi_x_shaped,27.154325215518476,49,x_shaped
10,2000,UIVI,0.2,0.012886334452640888,1740405635,10,hmc_chain,seed49_uivi_x_shaped,27.154325215518476,49,x_shaped
11,2000,UIVI,0.2,0.013393362505264107,1740405635,11,hmc_chain,seed49_uivi_x_shaped,27.154325215518476,49,x_shaped
12,2000,UIVI,0.2,0.016963589313674945,1740405635,12,hmc_chain,seed49_uivi_x_shaped,27.154325215518476,49,x_shaped
13,2000,UIVI,0.2,0.011815679035794717,1740405635,13,hmc_chain,seed49_uivi_x_shaped,27.154325215518476,49,x_shaped
14,2000,UIVI,0.2,0.014013736650098148,1740405635,14,hmc_chain,seed49_uivi_x_shaped,27.154325215518476,49,x_shaped
15,2000,UIVI,0.2,0.011664320078671596,1740405635,15,hmc_chain,seed49_uivi_x_shaped,27.154325215518476,49,x_shaped
16,2000,UIVI,0.2,0.011707734125138397,1740405635,16,hmc_chain,seed49_uivi_x_shaped,27.154325215518476,49,x_shaped
17,2000,UIVI,0.2,0.012331564214413039,1740405635,17,hmc_chain,seed49_uivi_x_shaped,27.154325215518476,49,x_shaped
18,2000,UIVI,0.2,0.01326761574051682,1740405635,18,hmc_chain,seed49_uivi_x_shaped,27.154325215518476,49,x_shaped
19,2000,UIVI,0.2,0.012799478351273506,1740405635,19,hmc_chain,seed49_uivi_x_shaped,27.154325215518476,49,x_shaped
0,4000,UIVI,0.4,0.02806514908325204,1295937754,0,hmc_chain,seed49_uivi_x_shaped,28.215369291231035,49,x_shaped
1,4000,UIVI,0.4,0.037569468651915336,1295937754,1,hmc_chain,seed49_uivi_x_shaped,28.215369291231035,49,x_shaped
2,4000,UIVI,0.4,0.029172986260921782,1295937754,2,hmc_chain,seed49_uivi_x_shaped,28.215369291231035,49,x_shaped
3,4000,UIVI,0.4,0.029192238663782975,1295937754,3,hmc_chain,seed49_uivi_x_shaped,28.215369291231035,49,x_shaped
4,4000,UIVI,0.4,0.042012337134758646,1295937754,4,hmc_chain,seed49_uivi_x_shaped,28.215369291231035,49,x_shaped
5,4000,UIVI,0.4,0.0302859121155393,1295937754,5,hmc_chain,seed49_uivi_x_shaped,28.215369291231035,49,x_shaped
6,4000,UIVI,0.4,0.03512298771393178,1295937754,6,hmc_chain,seed49_uivi_x_shaped,28.215369291231035,49,x_shaped
7,4000,UIVI,0.4,0.027842888822147926,1295937754,7,hmc_chain,seed49_uivi_x_shaped,28.215369291231035,49,x_shaped
8,4000,UIVI,0.4,0.028221290912040835,1295937754,8,hmc_chain,seed49_uivi_x_shaped,28.215369291231035,49,x_shaped
9,4000,UIVI,0.4,0.030988386744705887,1295937754,9,hmc_chain,seed49_uivi_x_shaped,28.215369291231035,49,x_shaped
10,4000,UIVI,0.4,0.03437730031355507,1295937754,10,hmc_chain,seed49_uivi_x_shaped,28.215369291231035,49,x_shaped
11,4000,UIVI,0.4,0.03276525436198776,1295937754,11,hmc_chain,seed49_uivi_x_shaped,28.215369291231035,49,x_shaped
12,4000,UIVI,0.4,0.03033325775232477,1295937754,12,hmc_chain,seed49_uivi_x_shaped,28.215369291231035,49,x_shaped
13,4000,UIVI,0.4,0.03560605317719508,1295937754,13,hmc_chain,seed49_uivi_x_shaped,28.215369291231035,49,x_shaped
14,4000,UIVI,0.4,0.026923120671949834,1295937754,14,hmc_chain,seed49_uivi_x_shaped,28.215369291231035,49,x_shaped
15,4000,UIVI,0.4,0.02622306487035201,1295937754,15,hmc_chain,seed49_uivi_x_shaped,28.215369291231035,49,x_shaped
16,4000,UIVI,0.4,0.029759203777918856,1295937754,16,hmc_chain,seed49_uivi_x_shaped,28.215369291231035,49,x_shaped
17,4000,UIVI,0.4,0.02270649370324498,1295937754,17,hmc_chain,seed49_uivi_x_shaped,28.215369291231035,49,x_shaped
18,4000,UIVI,0.4,0.024880051277085764,1295937754,18,hmc_chain,seed49_uivi_x_shaped,28.215369291231035,49,x_shaped
19,4000,UIVI,0.4,0.027048073368761548,1295937754,19,hmc_chain,seed49_uivi_x_shaped,28.215369291231035,49,x_shaped
0,6000,UIVI,0.6,0.054953782658657885,1117149370,0,hmc_chain,seed49_uivi_x_shaped,27.43787430897355,49,x_shaped
1,6000,UIVI,0.6,0.05060773966247745,1117149370,1,hmc_chain,seed49_uivi_x_shaped,27.43787430897355,49,x_shaped
2,6000,UIVI,0.6,0.04395697914389773,1117149370,2,hmc_chain,seed49_uivi_x_shaped,27.43787430897355,49,x_shaped
3,6000,UIVI,0.6,0.0636399122529671,1117149370,3,hmc_chain,seed49_uivi_x_shaped,27.43787430897355,49,x_shaped
4,6000,UIVI,0.6,0.075594674732299,1117149370,4,hmc_chain,seed49_uivi_x_shaped,27.43787430897355,49,x_shaped
5,6000,UIVI,0.6,0.04836994765128514,1117149370,5,hmc_chain,seed49_uivi_x_shaped,27.43787430897355,49,x_shaped
6,6000,UIVI,0.6,0.04339628739757301,1117149370,6,hmc_chain,seed49_uivi_x_shaped,27.43787430897355,49,x_shaped
7,6000,UIVI,0.6,0.059698165025308246,1117149370,7,hmc_chain,seed49_uivi_x_shaped,27.43787430897355,49,x_shaped
8,6000,UIVI,0.6,0.04965352239851336,1117149370,8,hmc_chain,seed49_uivi_x_shaped,27.43787430897355,49,x_shaped
9,6000,UIVI,0.6,0.04829996409472359,1117149370,9,hmc_chain,seed49_uivi_x_shaped,27.43787430897355,49,x_shaped
10,6000,UIVI,0.6,0.04972488619017844,1117149370,10,hmc_chain,seed49_uivi_x_shaped,27.43787430897355,49,x_shaped
11,6000,UIVI,0.6,0.062251352411390834,1117149370,11,hmc_chain,seed49_uivi_x_shaped,27.43787430897355,49,x_shaped
12,6000,UIVI,0.6,0.06209143906113723,1117149370,12,hmc_chain,seed49_uivi_x_shaped,27.43787430897355,49,x_shaped
13,6000,UIVI,0.6,0.039631285297277594,1117149370,13,hmc_chain,seed49_uivi_x_shaped,27.43787430897355,49,x_shaped
14,6000,UIVI,0.6,0.037746993439411035,1117149370,14,hmc_chain,seed49_uivi_x_shaped,27.43787430897355,49,x_shaped
15,6000,UIVI,0.6,0.0740559294771369,1117149370,15,hmc_chain,seed49_uivi_x_shaped,27.43787430897355,49,x_shaped
16,6000,UIVI,0.6,0.0502105944057953,1117149370,16,hmc_chain,seed49_uivi_x_shaped,27.43787430897355,49,x_shaped
17,6000,UIVI,0.6,0.06623536164894474,1117149370,17,hmc_chain,seed49_uivi_x_shaped,27.43787430897355,49,x_shaped
18,6000,UIVI,0.6,0.051667310651775114,1117149370,18,hmc_chain,seed49_uivi_x_shaped,27.43787430897355,49,x_shaped
19,6000,UIVI,0.6,0.04605804793195846,1117149370,19,hmc_chain,seed49_uivi_x_shaped,27.43787430897355,49,x_shaped
0,8000,UIVI,0.8,0.03905635805946206,1774398320,0,hmc_chain,seed49_uivi_x_shaped,28.902993648871778,49,x_shaped
1,8000,UIVI,0.8,0.044770916623624035,1774398320,1,hmc_chain,seed49_uivi_x_shaped,28.902993648871778,49,x_shaped
2,8000,UIVI,0.8,0.04035543608753152,1774398320,2,hmc_chain,seed49_uivi_x_shaped,28.902993648871778,49,x_shaped
3,8000,UIVI,0.8,0.036844566521355086,1774398320,3,hmc_chain,seed49_uivi_x_shaped,28.902993648871778,49,x_shaped
4,8000,UIVI,0.8,0.047875066094552395,1774398320,4,hmc_chain,seed49_uivi_x_shaped,28.902993648871778,49,x_shaped
5,8000,UIVI,0.8,0.04417360058006835,1774398320,5,hmc_chain,seed49_uivi_x_shaped,28.902993648871778,49,x_shaped
6,8000,UIVI,0.8,0.035708046865579546,1774398320,6,hmc_chain,seed49_uivi_x_shaped,28.902993648871778,49,x_shaped
7,8000,UIVI,0.8,0.04553131796456561,1774398320,7,hmc_chain,seed49_uivi_x_shaped,28.902993648871778,49,x_shaped
8,8000,UIVI,0.8,0.036042239386946125,1774398320,8,hmc_chain,seed49_uivi_x_shaped,28.902993648871778,49,x_shaped
9,8000,UIVI,0.8,0.04034764356466472,1774398320,9,hmc_chain,seed49_uivi_x_shaped,28.902993648871778,49,x_shaped
10,8000,UIVI,0.8,0.046247124116258385,1774398320,10,hmc_chain,seed49_uivi_x_shaped,28.902993648871778,49,x_shaped
11,8000,UIVI,0.8,0.04337488066496199,1774398320,11,hmc_chain,seed49_uivi_x_shaped,28.902993648871778,49,x_shaped
12,8000,UIVI,0.8,0.041251256293114894,1774398320,12,hmc_chain,seed49_uivi_x_shaped,28.902993648871778,49,x_shaped
13,8000,UIVI,0.8,0.047777545567053915,1774398320,13,hmc_chain,seed49_uivi_x_shaped,28.902993648871778,49,x_shaped
14,8000,UIVI,0.8,0.04320535260051938,1774398320,14,hmc_chain,seed49_uivi_x_shaped,28.902993648871778,49,x_shaped
15,8000,UIVI,0.8,0.0422108194700816,1774398320,15,hmc_chain,seed49_uivi_x_shaped,28.902993648871778,49,x_shaped
16,8000,UIVI,0.8,0.03989583093861087,1774398320,16,hmc_chain,seed49_uivi_x_shaped,28.902993648871778,49,x_shaped
17,8000,UIVI,0.8,0.03988615062544243,1774398320,17,hmc_chain,seed49_uivi_x_shaped,28.902993648871778,49,x_shaped
18,8000,UIVI,0.8,0.035527571287849655,1774398320,18,hmc_chain,seed49_uivi_x_shaped,28.902993648871778,49,x_shaped
19,8000,UIVI,0.8,0.03591712596390088,1774398320,19,hmc_chain,seed49_uivi_x_shaped,28.902993648871778,49,x_shaped
0,10000,UIVI,1.0,0.02874342937947031,1056013696,0,hmc_chain,seed49_uivi_x_shaped,29.08616886474192,49,x_shaped
1,10000,UIVI,1.0,0.03450045922819027,1056013696,1,hmc_chain,seed49_uivi_x_shaped,29.08616886474192,49,x_shaped
2,10000,UIVI,1.0,0.03332788678345361,1056013696,2,hmc_chain,seed49_uivi_x_shaped,29.08616886474192,49,x_shaped
3,10000,UIVI,1.0,0.03873768832995718,1056013696,3,hmc_chain,seed49_uivi_x_shaped,29.08616886474192,49,x_shaped
4,10000,UIVI,1.0,0.03325130903147775,1056013696,4,hmc_chain,seed49_uivi_x_shaped,29.08616886474192,49,x_shaped
5,10000,UIVI,1.0,0.03711219479978156,1056013696,5,hmc_chain,seed49_uivi_x_shaped,29.08616886474192,49,x_shaped
6,10000,UIVI,1.0,0.03344890756026539,1056013696,6,hmc_chain,seed49_uivi_x_shaped,29.08616886474192,49,x_shaped
7,10000,UIVI,1.0,0.02989877313525363,1056013696,7,hmc_chain,seed49_uivi_x_shaped,29.08616886474192,49,x_shaped
8,10000,UIVI,1.0,0.03249591238280302,1056013696,8,hmc_chain,seed49_uivi_x_shaped,29.08616886474192,49,x_shaped
9,10000,UIVI,1.0,0.03477281996218047,1056013696,9,hmc_chain,seed49_uivi_x_shaped,29.08616886474192,49,x_shaped
10,10000,UIVI,1.0,0.034120466848741246,1056013696,10,hmc_chain,seed49_uivi_x_shaped,29.08616886474192,49,x_shaped
11,10000,UIVI,1.0,0.026994886827796685,1056013696,11,hmc_chain,seed49_uivi_x_shaped,29.08616886474192,49,x_shaped
12,10000,UIVI,1.0,0.03273600694606388,1056013696,12,hmc_chain,seed49_uivi_x_shaped,29.08616886474192,49,x_shaped
13,10000,UIVI,1.0,0.02945415539794429,1056013696,13,hmc_chain,seed49_uivi_x_shaped,29.08616886474192,49,x_shaped
14,10000,UIVI,1.0,0.036241420470332686,1056013696,14,hmc_chain,seed49_uivi_x_shaped,29.08616886474192,49,x_shaped
15,10000,UIVI,1.0,0.04382974285652808,1056013696,15,hmc_chain,seed49_uivi_x_shaped,29.08616886474192,49,x_shaped
16,10000,UIVI,1.0,0.030053530199375997,1056013696,16,hmc_chain,seed49_uivi_x_shaped,29.08616886474192,49,x_shaped
17,10000,UIVI,1.0,0.03022399058125979,1056013696,17,hmc_chain,seed49_uivi_x_shaped,29.08616886474192,49,x_shaped
18,10000,UIVI,1.0,0.033874127862019085,1056013696,18,hmc_chain,seed49_uivi_x_shaped,29.08616886474192,49,x_shaped
19,10000,UIVI,1.0,0.03428253314087304,1056013696,19,hmc_chain,seed49_uivi_x_shaped,29.08616886474192,49,x_shaped
0,2000,UIVI,0.2,0.008523469260070641,897406099,0,hmc_chain,seed50_uivi_x_shaped,27.992685486376285,50,x_shaped
1,2000,UIVI,0.2,0.008399902176459896,897406099,1,hmc_chain,seed50_uivi_x_shaped,27.992685486376285,50,x_shaped
2,2000,UIVI,0.2,0.009599531400260881,897406099,2,hmc_chain,seed50_uivi_x_shaped,27.992685486376285,50,x_shaped
3,2000,UIVI,0.2,0.008631805339577293,897406099,3,hmc_chain,seed50_uivi_x_shaped,27.992685486376285,50,x_shaped
4,2000,UIVI,0.2,0.008959718098859626,897406099,4,hmc_chain,seed50_uivi_x_shaped,27.992685486376285,50,x_shaped
5,2000,UIVI,0.2,0.009419207687738889,897406099,5,hmc_chain,seed50_uivi_x_shaped,27.992685486376285,50,x_shaped
6,2000,UIVI,0.2,0.008937555962345547,897406099,6,hmc_chain,seed50_uivi_x_shaped,27.992685486376285,50,x_shaped
7,2000,UIVI,0.2,0.008905263310199002,897406099,7,hmc_chain,seed50_uivi_x_shaped,27.992685486376285,50,x_shaped
8,2000,UIVI,0.2,0.008596985020904738,897406099,8,hmc_chain,seed50_uivi_x_shaped,27.992685486376285,50,x_shaped
9,2000,UIVI,0.2,0.008726391115691762,897406099,9,hmc_chain,seed50_uivi_x_shaped,27.992685486376285,50,x_shaped
10,2000,UIVI,0.2,0.009047636962119597,897406099,10,hmc_chain,seed50_uivi_x_shaped,27.992685486376285,50,x_shaped
11,2000,UIVI,0.2,0.009868040551794913,897406099,11,hmc_chain,seed50_uivi_x_shaped,27.992685486376285,50,x_shaped
12,2000,UIVI,0.2,0.008693714710725092,897406099,12,hmc_chain,seed50_uivi_x_shaped,27.992685486376285,50,x_shaped
13,2000,UIVI,0.2,0.00886555584000397,897406099,13,hmc_chain,seed50_uivi_x_shaped,27.992685486376285,50,x_shaped
14,2000,UIVI,0.2,0.009266964271085502,897406099,14,hmc_chain,seed50_uivi_x_shaped,27.992685486376285,50,x_shaped
15,2000,UIVI,0.2,0.009375040013937762,897406099,15,hmc_chain,seed50_uivi_x_shaped,27.992685486376285,50,x_shaped
16,2000,UIVI,0.2,0.00868224513816502,897406099,16,hmc_chain,seed50_uivi_x_shaped,27.992685486376285,50,x_shaped
17,2000,UIVI,0.2,0.008271064812249122,897406099,17,hmc_chain,seed50_uivi_x_shaped,27.992685486376285,50,x_shaped
18,2000,UIVI,0.2,0.008380871367270226,897406099,18,hmc_chain,seed50_uivi_x_shaped,27.992685486376285,50,x_shaped
19,2000,UIVI,0.2,0.009616289392086405,897406099,19,hmc_chain,seed50_uivi_x_shaped,27.992685486376285,50,x_shaped
0,4000,UIVI,0.4,0.017338040086164016,1725991383,0,hmc_chain,seed50_uivi_x_shaped,28.009999902173877,50,x_shaped
1,4000,UIVI,0.4,0.018063167736998766,1725991383,1,hmc_chain,seed50_uivi_x_shaped,28.009999902173877,50,x_shaped
2,4000,UIVI,0.4,0.01556414038645294,1725991383,2,hmc_chain,seed50_uivi_x_shaped,28.009999902173877,50,x_shaped
3,4000,UIVI,0.4,0.015223447618378785,1725991383,3,hmc_chain,seed50_uivi_x_shaped,28.009999902173877,50,x_shaped
4,4000,UIVI,0.4,0.016801562875655235,1725991383,4,hmc_chain,seed50_uivi_x_shaped,28.009999902173877,50,x_shaped
5,4000,UIVI,0.4,0.017223827375163318,1725991383,5,hmc_chain,seed50_uivi_x_shaped,28.009999902173877,50,x_shaped
6,4000,UIVI,0.4,0.017966804523712215,1725991383,6,hmc_chain,seed50_uivi_x_shaped,28.009999902173877,50,x_shaped
7,4000,UIVI,0.4,0.018203118240269912,1725991383,7,hmc_chain,seed50_uivi_x_shaped,28.009999902173877,50,x_shaped
8,4000,UIVI,0.4,0.017418791382789588,1725991383,8,hmc_chain,seed50_uivi_x_shaped,28.009999902173877,50,x_shaped
9,4000,UIVI,0.4,0.01584866988989553,1725991383,9,hmc_chain,seed50_uivi_x_shaped,28.009999902173877,50,x_shaped
10,4000,UIVI,0.4,0.01739776867756488,1725991383,10,hmc_chain,seed50_uivi_x_shaped,28.009999902173877,50,x_shaped
11,4000,UIVI,0.4,0.016288152803244877,1725991383,11,hmc_chain,seed50_uivi_x_shaped,28.009999902173877,50,x_shaped
12,4000,UIVI,0.4,0.016432002857789035,1725991383,12,hmc_chain,seed50_uivi_x_shaped,28.009999902173877,50,x_shaped
13,4000,UIVI,0.4,0.015983618957146888,1725991383,13,hmc_chain,seed50_uivi_x_shaped,28.009999902173877,50,x_shaped
14,4000,UIVI,0.4,0.016730274908212765,1725991383,14,hmc_chain,seed50_uivi_x_shaped,28.009999902173877,50,x_shaped
15,4000,UIVI,0.4,0.017005370314242402,1725991383,15,hmc_chain,seed50_uivi_x_shaped,28.009999902173877,50,x_shaped
16,4000,UIVI,0.4,0.016859723617471657,1725991383,16,hmc_chain,seed50_uivi_x_shaped,28.009999902173877,50,x_shaped
17,4000,UIVI,0.4,0.016398359350235175,1725991383,17,hmc_chain,seed50_uivi_x_shaped,28.009999902173877,50,x_shaped
18,4000,UIVI,0.4,0.017887681895163265,1725991383,18,hmc_chain,seed50_uivi_x_shaped,28.009999902173877,50,x_shaped
19,4000,UIVI,0.4,0.016933910932323652,1725991383,19,hmc_chain,seed50_uivi_x_shaped,28.009999902173877,50,x_shaped
0,6000,UIVI,0.6,0.02006300832471976,2083850972,0,hmc_chain,seed50_uivi_x_shaped,27.62147992439568,50,x_shaped
1,6000,UIVI,0.6,0.021453995724542214,2083850972,1,hmc_chain,seed50_uivi_x_shaped,27.62147992439568,50,x_shaped
2,6000,UIVI,0.6,0.019736854476582615,2083850972,2,hmc_chain,seed50_uivi_x_shaped,27.62147992439568,50,x_shaped
3,6000,UIVI,0.6,0.021765922270744094,2083850972,3,hmc_chain,seed50_uivi_x_shaped,27.62147992439568,50,x_shaped
4,6000,UIVI,0.6,0.022323411093945113,2083850972,4,hmc_chain,seed50_uivi_x_shaped,27.62147992439568,50,x_shaped
5,6000,UIVI,0.6,0.02169845847130457,2083850972,5,hmc_chain,seed50_uivi_x_shaped,27.62147992439568,50,x_shaped
6,6000,UIVI,0.6,0.02088453958057961,2083850972,6,hmc_chain,seed50_uivi_x_shaped,27.62147992439568,50,x_shaped
7,6000,UIVI,0.6,0.020857915240681514,2083850972,7,hmc_chain,seed50_uivi_x_shaped,27.62147992439568,50,x_shaped
8,6000,UIVI,0.6,0.022749714271197728,2083850972,8,hmc_chain,seed50_uivi_x_shaped,27.62147992439568,50,x_shaped
9,6000,UIVI,0.6,0.021947050051792004,2083850972,9,hmc_chain,seed50_uivi_x_shaped,27.62147992439568,50,x_shaped
10,6000,UIVI,0.6,0.02056234654728919,2083850972,10,hmc_chain,seed50_uivi_x_shaped,27.62147992439568,50,x_shaped
11,6000,UIVI,0.6,0.021255918208452046,2083850972,11,hmc_chain,seed50_uivi_x_shaped,27.62147992439568,50,x_shaped
12,6000,UIVI,0.6,0.02323427228346954,2083850972,12,hmc_chain,seed50_uivi_x_shaped,27.62147992439568,50,x_shaped
13,6000,UIVI,0.6,0.0191958962975965,2083850972,13,hmc_chain,seed50_uivi_x_shaped,27.62147992439568,50,x_shaped
14,6000,UIVI,0.6,0.022606199939447583,2083850972,14,hmc_chain,seed50_uivi_x_shaped,27.62147992439568,50,x_shaped
15,6000,UIVI,0.6,0.020444649129586746,2083850972,15,hmc_chain,seed50_uivi_x_shaped,27.62147992439568,50,x_shaped
16,6000,UIVI,0.6,0.022402793656917733,2083850972,16,hmc_chain,seed50_uivi_x_shaped,27.62147992439568,50,x_shaped
17,6000,UIVI,0.6,0.021386034112851025,2083850972,17,hmc_chain,seed50_uivi_x_shaped,27.62147992439568,50,x_shaped
18,6000,UIVI,0.6,0.01944380415555981,2083850972,18,hmc_chain,seed50_uivi_x_shaped,27.62147992439568,50,x_shaped
19,6000,UIVI,0.6,0.021020411921632363,2083850972,19,hmc_chain,seed50_uivi_x_shaped,27.62147992439568,50,x_shaped
0,8000,UIVI,0.8,0.01896593882125979,565908302,0,hmc_chain,seed50_uivi_x_shaped,28.289263768866658,50,x_shaped
1,8000,UIVI,0.8,0.018974870157598037,565908302,1,hmc_chain,seed50_uivi_x_shaped,28.289263768866658,50,x_shaped
2,8000,UIVI,0.8,0.018881567312609975,565908302,2,hmc_chain,seed50_uivi_x_shaped,28.289263768866658,50,x_shaped
3,8000,UIVI,0.8,0.019536022120347482,565908302,3,hmc_chain,seed50_uivi_x_shaped,28.289263768866658,50,x_shaped
4,8000,UIVI,0.8,0.021370904482393874,565908302,4,hmc_chain,seed50_uivi_x_shaped,28.289263768866658,50,x_shaped
5,8000,UIVI,0.8,0.021370909045777688,565908302,5,hmc_chain,seed50_uivi_x_shaped,28.289263768866658,50,x_shaped
6,8000,UIVI,0.8,0.02122676546927684,565908302,6,hmc_chain,seed50_uivi_x_shaped,28.289263768866658,50,x_shaped
7,8000,UIVI,0.8,0.02128534993460038,565908302,7,hmc_chain,seed50_uivi_x_shaped,28.289263768866658,50,x_shaped
8,8000,UIVI,0.8,0.022976318963672956,565908302,8,hmc_chain,seed50_uivi_x_shaped,28.289263768866658,50,x_shaped
9,8000,UIVI,0.8,0.018987895288193238,565908302,9,hmc_chain,seed50_uivi_x_shaped,28.289263768866658,50,x_shaped
10,8000,UIVI,0.8,0.02214824464709937,565908302,10,hmc_chain,seed50_uivi_x_shaped,28.289263768866658,50,x_shaped
11,8000,UIVI,0.8,0.02015172580700096,565908302,11,hmc_chain,seed50_uivi_x_shaped,28.289263768866658,50,x_shaped
12,8000,UIVI,0.8,0.02070261758716829,565908302,12,hmc_chain,seed50_uivi_x_shaped,28.289263768866658,50,x_shaped
13,8000,UIVI,0.8,0.020692744504062714,565908302,13,hmc_chain,seed50_uivi_x_shaped,28.289263768866658,50,x_shaped
14,8000,UIVI,0.8,0.022114557037278885,565908302,14,hmc_chain,seed50_uivi_x_shaped,28.289263768866658,50,x_shaped
15,8000,UIVI,0.8,0.02235535711344819,565908302,15,hmc_chain,seed50_uivi_x_shaped,28.289263768866658,50,x_shaped
16,8000,UIVI,0.8,0.0214920548012636,565908302,16,hmc_chain,seed50_uivi_x_shaped,28.289263768866658,50,x_shaped
17,8000,UIVI,0.8,0.023115156623589914,565908302,17,hmc_chain,seed50_uivi_x_shaped,28.289263768866658,50,x_shaped
18,8000,UIVI,0.8,0.021486668237391884,565908302,18,hmc_chain,seed50_uivi_x_shaped,28.289263768866658,50,x_shaped
19,8000,UIVI,0.8,0.021615082300730726,565908302,19,hmc_chain,seed50_uivi_x_shaped,28.289263768866658,50,x_shaped
0,10000,UIVI,1.0,0.02234426167720747,343944214,0,hmc_chain,seed50_uivi_x_shaped,28.4645032081753,50,x_shaped
1,10000,UIVI,1.0,0.018943859261331762,343944214,1,hmc_chain,seed50_uivi_x_shaped,28.4645032081753,50,x_shaped
2,10000,UIVI,1.0,0.023069563927115087,343944214,2,hmc_chain,seed50_uivi_x_shaped,28.4645032081753,50,x_shaped
3,10000,UIVI,1.0,0.018886357690515082,343944214,3,hmc_chain,seed50_uivi_x_shaped,28.4645032081753,50,x_shaped
4,10000,UIVI,1.0,0.02288833133365496,343944214,4,hmc_chain,seed50_uivi_x_shaped,28.4645032081753,50,x_shaped
5,10000,UIVI,1.0,0.022346373332452537,343944214,5,hmc_chain,seed50_uivi_x_shaped,28.4645032081753,50,x_shaped
6,10000,UIVI,1.0,0.02159524252654104,343944214,6,hmc_chain,seed50_uivi_x_shaped,28.4645032081753,50,x_shaped
7,10000,UIVI,1.0,0.020467827814548728,343944214,7,hmc_chain,seed50_uivi_x_shaped,28.4645032081753,50,x_shaped
8,10000,UIVI,1.0,0.020677291972406447,343944214,8,hmc_chain,seed50_uivi_x_shaped,28.4645032081753,50,x_shaped
9,10000,UIVI,1.0,0.01899429824391333,343944214,9,hmc_chain,seed50_uivi_x_shaped,28.4645032081753,50,x_shaped
10,10000,UIVI,1.0,0.022550882036577055,343944214,10,hmc_chain,seed50_uivi_x_shaped,28.4645032081753,50,x_shaped
11,10000,UIVI,1.0,0.021251361712241307,343944214,11,hmc_chain,seed50_uivi_x_shaped,28.4645032081753,50,x_shaped
12,10000,UIVI,1.0,0.019898948503336854,343944214,12,hmc_chain,seed50_uivi_x_shaped,28.4645032081753,50,x_shaped
13,10000,UIVI,1.0,0.02068101663126571,343944214,13,hmc_chain,seed50_uivi_x_shaped,28.4645032081753,50,x_shaped
14,10000,UIVI,1.0,0.02182802549169245,343944214,14,hmc_chain,seed50_uivi_x_shaped,28.4645032081753,50,x_shaped
15,10000,UIVI,1.0,0.021632143502979595,343944214,15,hmc_chain,seed50_uivi_x_shaped,28.4645032081753,50,x_shaped
16,10000,UIVI,1.0,0.021953031351351612,343944214,16,hmc_chain,seed50_uivi_x_shaped,28.4645032081753,50,x_shaped
17,10000,UIVI,1.0,0.020520752582679422,343944214,17,hmc_chain,seed50_uivi_x_shaped,28.4645032081753,50,x_shaped
18,10000,UIVI,1.0,0.021199187648913265,343944214,18,hmc_chain,seed50_uivi_x_shaped,28.4645032081753,50,x_shaped
19,10000,UIVI,1.0,0.020278187299488912,343944214,19,hmc_chain,seed50_uivi_x_shaped,28.4645032081753,50,x_shaped
0,2000,AISIVI,0.2,0.6976880056774486,957576488,0,hmc_chain,seed42_aisivi_x_shaped,29.100138558447362,42,x_shaped
1,2000,AISIVI,0.2,0.9428036114929695,957576488,1,hmc_chain,seed42_aisivi_x_shaped,29.100138558447362,42,x_shaped
2,2000,AISIVI,0.2,1.1266304872539763,957576488,2,hmc_chain,seed42_aisivi_x_shaped,29.100138558447362,42,x_shaped
3,2000,AISIVI,0.2,0.947760210858788,957576488,3,hmc_chain,seed42_aisivi_x_shaped,29.100138558447362,42,x_shaped
4,2000,AISIVI,0.2,0.8982650351756979,957576488,4,hmc_chain,seed42_aisivi_x_shaped,29.100138558447362,42,x_shaped
5,2000,AISIVI,0.2,0.6255462537968162,957576488,5,hmc_chain,seed42_aisivi_x_shaped,29.100138558447362,42,x_shaped
6,2000,AISIVI,0.2,0.8680695171737471,957576488,6,hmc_chain,seed42_aisivi_x_shaped,29.100138558447362,42,x_shaped
7,2000,AISIVI,0.2,0.8383691083292446,957576488,7,hmc_chain,seed42_aisivi_x_shaped,29.100138558447362,42,x_shaped
8,2000,AISIVI,0.2,0.7484423098998273,957576488,8,hmc_chain,seed42_aisivi_x_shaped,29.100138558447362,42,x_shaped
9,2000,AISIVI,0.2,1.144810281653874,957576488,9,hmc_chain,seed42_aisivi_x_shaped,29.100138558447362,42,x_shaped
10,2000,AISIVI,0.2,0.9682123256897404,957576488,10,hmc_chain,seed42_aisivi_x_shaped,29.100138558447362,42,x_shaped
11,2000,AISIVI,0.2,0.6479513182028658,957576488,11,hmc_chain,seed42_aisivi_x_shaped,29.100138558447362,42,x_shaped
12,2000,AISIVI,0.2,0.8985038350544177,957576488,12,hmc_chain,seed42_aisivi_x_shaped,29.100138558447362,42,x_shaped
13,2000,AISIVI,0.2,0.87450563122742,957576488,13,hmc_chain,seed42_aisivi_x_shaped,29.100138558447362,42,x_shaped
14,2000,AISIVI,0.2,2.0344926686388707,957576488,14,hmc_chain,seed42_aisivi_x_shaped,29.100138558447362,42,x_shaped
15,2000,AISIVI,0.2,0.7592802006937421,957576488,15,hmc_chain,seed42_aisivi_x_shaped,29.100138558447362,42,x_shaped
16,2000,AISIVI,0.2,5.637444717345763,957576488,16,hmc_chain,seed42_aisivi_x_shaped,29.100138558447362,42,x_shaped
17,2000,AISIVI,0.2,0.9460092709874275,957576488,17,hmc_chain,seed42_aisivi_x_shaped,29.100138558447362,42,x_shaped
18,2000,AISIVI,0.2,1.2437031803221057,957576488,18,hmc_chain,seed42_aisivi_x_shaped,29.100138558447362,42,x_shaped
19,2000,AISIVI,0.2,0.9484798203371464,957576488,19,hmc_chain,seed42_aisivi_x_shaped,29.100138558447362,42,x_shaped
0,4000,AISIVI,0.4,0.7586405871698603,20228649,0,hmc_chain,seed42_aisivi_x_shaped,29.85087609104812,42,x_shaped
1,4000,AISIVI,0.4,0.47050470689964385,20228649,1,hmc_chain,seed42_aisivi_x_shaped,29.85087609104812,42,x_shaped
2,4000,AISIVI,0.4,2.084157036785397,20228649,2,hmc_chain,seed42_aisivi_x_shaped,29.85087609104812,42,x_shaped
3,4000,AISIVI,0.4,0.7664653906251764,20228649,3,hmc_chain,seed42_aisivi_x_shaped,29.85087609104812,42,x_shaped
4,4000,AISIVI,0.4,0.5885059961346508,20228649,4,hmc_chain,seed42_aisivi_x_shaped,29.85087609104812,42,x_shaped
5,4000,AISIVI,0.4,1.2233132741002968,20228649,5,hmc_chain,seed42_aisivi_x_shaped,29.85087609104812,42,x_shaped
6,4000,AISIVI,0.4,0.6475120558137633,20228649,6,hmc_chain,seed42_aisivi_x_shaped,29.85087609104812,42,x_shaped
7,4000,AISIVI,0.4,1.5271084031974747,20228649,7,hmc_chain,seed42_aisivi_x_shaped,29.85087609104812,42,x_shaped
8,4000,AISIVI,0.4,0.7959904638503998,20228649,8,hmc_chain,seed42_aisivi_x_shaped,29.85087609104812,42,x_shaped
9,4000,AISIVI,0.4,0.7871999305390281,20228649,9,hmc_chain,seed42_aisivi_x_shaped,29.85087609104812,42,x_shaped
10,4000,AISIVI,0.4,0.6393214210596666,20228649,10,hmc_chain,seed42_aisivi_x_shaped,29.85087609104812,42,x_shaped
11,4000,AISIVI,0.4,7.021692184792894,20228649,11,hmc_chain,seed42_aisivi_x_shaped,29.85087609104812,42,x_shaped
12,4000,AISIVI,0.4,0.5986714895595224,20228649,12,hmc_chain,seed42_aisivi_x_shaped,29.85087609104812,42,x_shaped
13,4000,AISIVI,0.4,0.5663982650811552,20228649,13,hmc_chain,seed42_aisivi_x_shaped,29.85087609104812,42,x_shaped
14,4000,AISIVI,0.4,0.680367198629868,20228649,14,hmc_chain,seed42_aisivi_x_shaped,29.85087609104812,42,x_shaped
15,4000,AISIVI,0.4,0.6579289511377897,20228649,15,hmc_chain,seed42_aisivi_x_shaped,29.85087609104812,42,x_shaped
16,4000,AISIVI,0.4,0.6948075105844468,20228649,16,hmc_chain,seed42_aisivi_x_shaped,29.85087609104812,42,x_shaped
17,4000,AISIVI,0.4,0.7877597644547061,20228649,17,hmc_chain,seed42_aisivi_x_shaped,29.85087609104812,42,x_shaped
18,4000,AISIVI,0.4,0.6037741466353346,20228649,18,hmc_chain,seed42_aisivi_x_shaped,29.85087609104812,42,x_shaped
19,4000,AISIVI,0.4,0.5112658857471919,20228649,19,hmc_chain,seed42_aisivi_x_shaped,29.85087609104812,42,x_shaped
0,6000,AISIVI,0.6,0.8342037389204486,1908501300,0,hmc_chain,seed42_aisivi_x_shaped,28.328121618926524,42,x_shaped
1,6000,AISIVI,0.6,0.8052861721864532,1908501300,1,hmc_chain,seed42_aisivi_x_shaped,28.328121618926524,42,x_shaped
2,6000,AISIVI,0.6,0.8661092747147869,1908501300,2,hmc_chain,seed42_aisivi_x_shaped,28.328121618926524,42,x_shaped
3,6000,AISIVI,0.6,0.7514619755799921,1908501300,3,hmc_chain,seed42_aisivi_x_shaped,28.328121618926524,42,x_shaped
4,6000,AISIVI,0.6,1.1443471555492684,1908501300,4,hmc_chain,seed42_aisivi_x_shaped,28.328121618926524,42,x_shaped
5,6000,AISIVI,0.6,1.0404649694242853,1908501300,5,hmc_chain,seed42_aisivi_x_shaped,28.328121618926524,42,x_shaped
6,6000,AISIVI,0.6,36.61137756850007,1908501300,6,hmc_chain,seed42_aisivi_x_shaped,28.328121618926524,42,x_shaped
7,6000,AISIVI,0.6,1.2583202021031195,1908501300,7,hmc_chain,seed42_aisivi_x_shaped,28.328121618926524,42,x_shaped
8,6000,AISIVI,0.6,0.9732339162651237,1908501300,8,hmc_chain,seed42_aisivi_x_shaped,28.328121618926524,42,x_shaped
9,6000,AISIVI,0.6,0.8849082742877743,1908501300,9,hmc_chain,seed42_aisivi_x_shaped,28.328121618926524,42,x_shaped
10,6000,AISIVI,0.6,0.8589093679845771,1908501300,10,hmc_chain,seed42_aisivi_x_shaped,28.328121618926524,42,x_shaped
11,6000,AISIVI,0.6,0.8119078863269384,1908501300,11,hmc_chain,seed42_aisivi_x_shaped,28.328121618926524,42,x_shaped
12,6000,AISIVI,0.6,0.8464742604899542,1908501300,12,hmc_chain,seed42_aisivi_x_shaped,28.328121618926524,42,x_shaped
13,6000,AISIVI,0.6,0.9089804722541128,1908501300,13,hmc_chain,seed42_aisivi_x_shaped,28.328121618926524,42,x_shaped
14,6000,AISIVI,0.6,1.284882293682041,1908501300,14,hmc_chain,seed42_aisivi_x_shaped,28.328121618926524,42,x_shaped
15,6000,AISIVI,0.6,0.9325095499955367,1908501300,15,hmc_chain,seed42_aisivi_x_shaped,28.328121618926524,42,x_shaped
16,6000,AISIVI,0.6,3.38641063664399,1908501300,16,hmc_chain,seed42_aisivi_x_shaped,28.328121618926524,42,x_shaped
17,6000,AISIVI,0.6,0.8834125957413946,1908501300,17,hmc_chain,seed42_aisivi_x_shaped,28.328121618926524,42,x_shaped
18,6000,AISIVI,0.6,2.14284710222356,1908501300,18,hmc_chain,seed42_aisivi_x_shaped,28.328121618926524,42,x_shaped
19,6000,AISIVI,0.6,0.8114087964978882,1908501300,19,hmc_chain,seed42_aisivi_x_shaped,28.328121618926524,42,x_shaped
0,8000,AISIVI,0.8,0.7136406109167219,68792728,0,hmc_chain,seed42_aisivi_x_shaped,29.544976268708705,42,x_shaped
1,8000,AISIVI,0.8,0.7411534238749133,68792728,1,hmc_chain,seed42_aisivi_x_shaped,29.544976268708705,42,x_shaped
2,8000,AISIVI,0.8,0.7123036800456429,68792728,2,hmc_chain,seed42_aisivi_x_shaped,29.544976268708705,42,x_shaped
3,8000,AISIVI,0.8,0.7217372136994052,68792728,3,hmc_chain,seed42_aisivi_x_shaped,29.544976268708705,42,x_shaped
4,8000,AISIVI,0.8,0.8037526214754225,68792728,4,hmc_chain,seed42_aisivi_x_shaped,29.544976268708705,42,x_shaped
5,8000,AISIVI,0.8,0.9565056772751911,68792728,5,hmc_chain,seed42_aisivi_x_shaped,29.544976268708705,42,x_shaped
6,8000,AISIVI,0.8,0.8567930527015142,68792728,6,hmc_chain,seed42_aisivi_x_shaped,29.544976268708705,42,x_shaped
7,8000,AISIVI,0.8,4.868402683612049,68792728,7,hmc_chain,seed42_aisivi_x_shaped,29.544976268708705,42,x_shaped
8,8000,AISIVI,0.8,0.8913086694333547,68792728,8,hmc_chain,seed42_aisivi_x_shaped,29.544976268708705,42,x_shaped
9,8000,AISIVI,0.8,0.8221316791639357,68792728,9,hmc_chain,seed42_aisivi_x_shaped,29.544976268708705,42,x_shaped
10,8000,AISIVI,0.8,0.7674983969498997,68792728,10,hmc_chain,seed42_aisivi_x_shaped,29.544976268708705,42,x_shaped
11,8000,AISIVI,0.8,2.5398547058600904,68792728,11,hmc_chain,seed42_aisivi_x_shaped,29.544976268708705,42,x_shaped
12,8000,AISIVI,0.8,1.0120538035138917,68792728,12,hmc_chain,seed42_aisivi_x_shaped,29.544976268708705,42,x_shaped
13,8000,AISIVI,0.8,0.7946951653879968,68792728,13,hmc_chain,seed42_aisivi_x_shaped,29.544976268708705,42,x_shaped
14,8000,AISIVI,0.8,0.742715876450611,68792728,14,hmc_chain,seed42_aisivi_x_shaped,29.544976268708705,42,x_shaped
15,8000,AISIVI,0.8,0.8078338209765338,68792728,15,hmc_chain,seed42_aisivi_x_shaped,29.544976268708705,42,x_shaped
16,8000,AISIVI,0.8,0.7875570689794582,68792728,16,hmc_chain,seed42_aisivi_x_shaped,29.544976268708705,42,x_shaped
17,8000,AISIVI,0.8,0.7688323693671202,68792728,17,hmc_chain,seed42_aisivi_x_shaped,29.544976268708705,42,x_shaped
18,8000,AISIVI,0.8,0.8303671220643976,68792728,18,hmc_chain,seed42_aisivi_x_shaped,29.544976268708705,42,x_shaped
19,8000,AISIVI,0.8,0.8996392272944478,68792728,19,hmc_chain,seed42_aisivi_x_shaped,29.544976268708705,42,x_shaped
0,10000,AISIVI,1.0,0.801499997883113,692723080,0,hmc_chain,seed42_aisivi_x_shaped,28.985144049674272,42,x_shaped
1,10000,AISIVI,1.0,0.8621339474172398,692723080,1,hmc_chain,seed42_aisivi_x_shaped,28.985144049674272,42,x_shaped
2,10000,AISIVI,1.0,1.029889710647835,692723080,2,hmc_chain,seed42_aisivi_x_shaped,28.985144049674272,42,x_shaped
3,10000,AISIVI,1.0,0.9048453811916533,692723080,3,hmc_chain,seed42_aisivi_x_shaped,28.985144049674272,42,x_shaped
4,10000,AISIVI,1.0,0.8716811335344468,692723080,4,hmc_chain,seed42_aisivi_x_shaped,28.985144049674272,42,x_shaped
5,10000,AISIVI,1.0,0.7502848342142703,692723080,5,hmc_chain,seed42_aisivi_x_shaped,28.985144049674272,42,x_shaped
6,10000,AISIVI,1.0,0.9457371685145791,692723080,6,hmc_chain,seed42_aisivi_x_shaped,28.985144049674272,42,x_shaped
7,10000,AISIVI,1.0,1.808319855978309,692723080,7,hmc_chain,seed42_aisivi_x_shaped,28.985144049674272,42,x_shaped
8,10000,AISIVI,1.0,0.927953521352911,692723080,8,hmc_chain,seed42_aisivi_x_shaped,28.985144049674272,42,x_shaped
9,10000,AISIVI,1.0,18.816931833673518,692723080,9,hmc_chain,seed42_aisivi_x_shaped,28.985144049674272,42,x_shaped
10,10000,AISIVI,1.0,0.8869595253307753,692723080,10,hmc_chain,seed42_aisivi_x_shaped,28.985144049674272,42,x_shaped
11,10000,AISIVI,1.0,6.890702983538861,692723080,11,hmc_chain,seed42_aisivi_x_shaped,28.985144049674272,42,x_shaped
12,10000,AISIVI,1.0,0.8149637511137983,692723080,12,hmc_chain,seed42_aisivi_x_shaped,28.985144049674272,42,x_shaped
13,10000,AISIVI,1.0,0.775045034343915,692723080,13,hmc_chain,seed42_aisivi_x_shaped,28.985144049674272,42,x_shaped
14,10000,AISIVI,1.0,0.845616988880614,692723080,14,hmc_chain,seed42_aisivi_x_shaped,28.985144049674272,42,x_shaped
15,10000,AISIVI,1.0,1.3644405221332816,692723080,15,hmc_chain,seed42_aisivi_x_shaped,28.985144049674272,42,x_shaped
16,10000,AISIVI,1.0,0.9942482392422872,692723080,16,hmc_chain,seed42_aisivi_x_shaped,28.985144049674272,42,x_shaped
17,10000,AISIVI,1.0,0.7221627378022033,692723080,17,hmc_chain,seed42_aisivi_x_shaped,28.985144049674272,42,x_shaped
18,10000,AISIVI,1.0,0.8997534464597606,692723080,18,hmc_chain,seed42_aisivi_x_shaped,28.985144049674272,42,x_shaped
19,10000,AISIVI,1.0,0.8556905067117921,692723080,19,hmc_chain,seed42_aisivi_x_shaped,28.985144049674272,42,x_shaped
0,2000,AISIVI,0.2,0.015079050207661567,815976623,0,hmc_chain,seed43_aisivi_x_shaped,27.136978205293417,43,x_shaped
1,2000,AISIVI,0.2,0.016978550393868364,815976623,1,hmc_chain,seed43_aisivi_x_shaped,27.136978205293417,43,x_shaped
2,2000,AISIVI,0.2,0.01783696966096541,815976623,2,hmc_chain,seed43_aisivi_x_shaped,27.136978205293417,43,x_shaped
3,2000,AISIVI,0.2,0.020380615639916066,815976623,3,hmc_chain,seed43_aisivi_x_shaped,27.136978205293417,43,x_shaped
4,2000,AISIVI,0.2,0.0182121808806512,815976623,4,hmc_chain,seed43_aisivi_x_shaped,27.136978205293417,43,x_shaped
5,2000,AISIVI,0.2,0.01803012309415341,815976623,5,hmc_chain,seed43_aisivi_x_shaped,27.136978205293417,43,x_shaped
6,2000,AISIVI,0.2,0.016948477369569406,815976623,6,hmc_chain,seed43_aisivi_x_shaped,27.136978205293417,43,x_shaped
7,2000,AISIVI,0.2,0.015294006171212949,815976623,7,hmc_chain,seed43_aisivi_x_shaped,27.136978205293417,43,x_shaped
8,2000,AISIVI,0.2,0.017978576897454596,815976623,8,hmc_chain,seed43_aisivi_x_shaped,27.136978205293417,43,x_shaped
9,2000,AISIVI,0.2,0.020867775189489617,815976623,9,hmc_chain,seed43_aisivi_x_shaped,27.136978205293417,43,x_shaped
10,2000,AISIVI,0.2,0.018783551411006363,815976623,10,hmc_chain,seed43_aisivi_x_shaped,27.136978205293417,43,x_shaped
11,2000,AISIVI,0.2,0.01642675755781508,815976623,11,hmc_chain,seed43_aisivi_x_shaped,27.136978205293417,43,x_shaped
12,2000,AISIVI,0.2,0.017123965665694157,815976623,12,hmc_chain,seed43_aisivi_x_shaped,27.136978205293417,43,x_shaped
13,2000,AISIVI,0.2,0.018061429232689417,815976623,13,hmc_chain,seed43_aisivi_x_shaped,27.136978205293417,43,x_shaped
14,2000,AISIVI,0.2,0.01526618368015394,815976623,14,hmc_chain,seed43_aisivi_x_shaped,27.136978205293417,43,x_shaped
15,2000,AISIVI,0.2,0.017200210710107477,815976623,15,hmc_chain,seed43_aisivi_x_shaped,27.136978205293417,43,x_shaped
16,2000,AISIVI,0.2,0.016976392153129793,815976623,16,hmc_chain,seed43_aisivi_x_shaped,27.136978205293417,43,x_shaped
17,2000,AISIVI,0.2,0.022837786016339644,815976623,17,hmc_chain,seed43_aisivi_x_shaped,27.136978205293417,43,x_shaped
18,2000,AISIVI,0.2,0.019593747738875934,815976623,18,hmc_chain,seed43_aisivi_x_shaped,27.136978205293417,43,x_shaped
19,2000,AISIVI,0.2,0.01600400364133967,815976623,19,hmc_chain,seed43_aisivi_x_shaped,27.136978205293417,43,x_shaped
0,4000,AISIVI,0.4,0.021495329167166524,914715598,0,hmc_chain,seed43_aisivi_x_shaped,28.355390145629645,43,x_shaped
1,4000,AISIVI,0.4,0.019965999694750082,914715598,1,hmc_chain,seed43_aisivi_x_shaped,28.355390145629645,43,x_shaped
2,4000,AISIVI,0.4,0.021210240055847727,914715598,2,hmc_chain,seed43_aisivi_x_shaped,28.355390145629645,43,x_shaped
3,4000,AISIVI,0.4,0.02144560824606173,914715598,3,hmc_chain,seed43_aisivi_x_shaped,28.355390145629645,43,x_shaped
4,4000,AISIVI,0.4,0.021188885749010945,914715598,4,hmc_chain,seed43_aisivi_x_shaped,28.355390145629645,43,x_shaped
5,4000,AISIVI,0.4,0.02031501017023865,914715598,5,hmc_chain,seed43_aisivi_x_shaped,28.355390145629645,43,x_shaped
6,4000,AISIVI,0.4,0.019632294604708174,914715598,6,hmc_chain,seed43_aisivi_x_shaped,28.355390145629645,43,x_shaped
7,4000,AISIVI,0.4,0.01954241470503275,914715598,7,hmc_chain,seed43_aisivi_x_shaped,28.355390145629645,43,x_shaped
8,4000,AISIVI,0.4,0.022052977977894614,914715598,8,hmc_chain,seed43_aisivi_x_shaped,28.355390145629645,43,x_shaped
9,4000,AISIVI,0.4,0.021805066076922314,914715598,9,hmc_chain,seed43_aisivi_x_shaped,28.355390145629645,43,x_shaped
10,4000,AISIVI,0.4,0.01980947823939555,914715598,10,hmc_chain,seed43_aisivi_x_shaped,28.355390145629645,43,x_shaped
11,4000,AISIVI,0.4,0.019636835434068058,914715598,11,hmc_chain,seed43_aisivi_x_shaped,28.355390145629645,43,x_shaped
12,4000,AISIVI,0.4,0.022539205286089634,914715598,12,hmc_chain,seed43_aisivi_x_shaped,28.355390145629645,43,x_shaped
13,4000,AISIVI,0.4,0.022394781342924754,914715598,13,hmc_chain,seed43_aisivi_x_shaped,28.355390145629645,43,x_shaped
14,4000,AISIVI,0.4,0.02018133734781023,914715598,14,hmc_chain,seed43_aisivi_x_shaped,28.355390145629645,43,x_shaped
15,4000,AISIVI,0.4,0.031126356261315324,914715598,15,hmc_chain,seed43_aisivi_x_shaped,28.355390145629645,43,x_shaped
16,4000,AISIVI,0.4,0.021044397573267738,914715598,16,hmc_chain,seed43_aisivi_x_shaped,28.355390145629645,43,x_shaped
17,4000,AISIVI,0.4,0.02621843629468839,914715598,17,hmc_chain,seed43_aisivi_x_shaped,28.355390145629645,43,x_shaped
18,4000,AISIVI,0.4,0.020894868976889382,914715598,18,hmc_chain,seed43_aisivi_x_shaped,28.355390145629645,43,x_shaped
19,4000,AISIVI,0.4,0.019568422294809942,914715598,19,hmc_chain,seed43_aisivi_x_shaped,28.355390145629645,43,x_shaped
0,6000,AISIVI,0.6,0.024853393825961467,1020324133,0,hmc_chain,seed43_aisivi_x_shaped,28.103000857681035,43,x_shaped
1,6000,AISIVI,0.6,0.02454930947284016,1020324133,1,hmc_chain,seed43_aisivi_x_shaped,28.103000857681035,43,x_shaped
2,6000,AISIVI,0.6,0.02318960117933088,1020324133,2,hmc_chain,seed43_aisivi_x_shaped,28.103000857681035,43,x_shaped
3,6000,AISIVI,0.6,0.025331592364909644,1020324133,3,hmc_chain,seed43_aisivi_x_shaped,28.103000857681035,43,x_shaped
4,6000,AISIVI,0.6,0.02390605598612465,1020324133,4,hmc_chain,seed43_aisivi_x_shaped,28.103000857681035,43,x_shaped
5,6000,AISIVI,0.6,0.02582038349625533,1020324133,5,hmc_chain,seed43_aisivi_x_shaped,28.103000857681035,43,x_shaped
6,6000,AISIVI,0.6,0.0226766761657362,1020324133,6,hmc_chain,seed43_aisivi_x_shaped,28.103000857681035,43,x_shaped
7,6000,AISIVI,0.6,0.027360706443666227,1020324133,7,hmc_chain,seed43_aisivi_x_shaped,28.103000857681035,43,x_shaped
8,6000,AISIVI,0.6,0.023461683974511663,1020324133,8,hmc_chain,seed43_aisivi_x_shaped,28.103000857681035,43,x_shaped
9,6000,AISIVI,0.6,0.02281050724172723,1020324133,9,hmc_chain,seed43_aisivi_x_shaped,28.103000857681035,43,x_shaped
10,6000,AISIVI,0.6,0.024767738771840367,1020324133,10,hmc_chain,seed43_aisivi_x_shaped,28.103000857681035,43,x_shaped
11,6000,AISIVI,0.6,0.024955168640297856,1020324133,11,hmc_chain,seed43_aisivi_x_shaped,28.103000857681035,43,x_shaped
12,6000,AISIVI,0.6,0.021373554333444452,1020324133,12,hmc_chain,seed43_aisivi_x_shaped,28.103000857681035,43,x_shaped
13,6000,AISIVI,0.6,0.024725567617381768,1020324133,13,hmc_chain,seed43_aisivi_x_shaped,28.103000857681035,43,x_shaped
14,6000,AISIVI,0.6,0.024638707646871094,1020324133,14,hmc_chain,seed43_aisivi_x_shaped,28.103000857681035,43,x_shaped
15,6000,AISIVI,0.6,0.02572814014126641,1020324133,15,hmc_chain,seed43_aisivi_x_shaped,28.103000857681035,43,x_shaped
16,6000,AISIVI,0.6,0.022569916143272764,1020324133,16,hmc_chain,seed43_aisivi_x_shaped,28.103000857681035,43,x_shaped
17,6000,AISIVI,0.6,0.02238625019166808,1020324133,17,hmc_chain,seed43_aisivi_x_shaped,28.103000857681035,43,x_shaped
18,6000,AISIVI,0.6,0.02354958476453569,1020324133,18,hmc_chain,seed43_aisivi_x_shaped,28.103000857681035,43,x_shaped
19,6000,AISIVI,0.6,0.025877625093839812,1020324133,19,hmc_chain,seed43_aisivi_x_shaped,28.103000857681035,43,x_shaped
0,8000,AISIVI,0.8,0.02493533625489184,1747708022,0,hmc_chain,seed43_aisivi_x_shaped,28.949243623763323,43,x_shaped
1,8000,AISIVI,0.8,0.02644076580630135,1747708022,1,hmc_chain,seed43_aisivi_x_shaped,28.949243623763323,43,x_shaped
2,8000,AISIVI,0.8,0.02720505344245553,1747708022,2,hmc_chain,seed43_aisivi_x_shaped,28.949243623763323,43,x_shaped
3,8000,AISIVI,0.8,0.024927078283032422,1747708022,3,hmc_chain,seed43_aisivi_x_shaped,28.949243623763323,43,x_shaped
4,8000,AISIVI,0.8,0.02566138534590866,1747708022,4,hmc_chain,seed43_aisivi_x_shaped,28.949243623763323,43,x_shaped
5,8000,AISIVI,0.8,0.024734643458049915,1747708022,5,hmc_chain,seed43_aisivi_x_shaped,28.949243623763323,43,x_shaped
6,8000,AISIVI,0.8,0.024932454267786397,1747708022,6,hmc_chain,seed43_aisivi_x_shaped,28.949243623763323,43,x_shaped
7,8000,AISIVI,0.8,0.02229783953907865,1747708022,7,hmc_chain,seed43_aisivi_x_shaped,28.949243623763323,43,x_shaped
8,8000,AISIVI,0.8,0.025566290366795853,1747708022,8,hmc_chain,seed43_aisivi_x_shaped,28.949243623763323,43,x_shaped
9,8000,AISIVI,0.8,0.03545866126253575,1747708022,9,hmc_chain,seed43_aisivi_x_shaped,28.949243623763323,43,x_shaped
10,8000,AISIVI,0.8,0.02312245246492712,1747708022,10,hmc_chain,seed43_aisivi_x_shaped,28.949243623763323,43,x_shaped
11,8000,AISIVI,0.8,0.024171898721296513,1747708022,11,hmc_chain,seed43_aisivi_x_shaped,28.949243623763323,43,x_shaped
12,8000,AISIVI,0.8,0.03190720437990071,1747708022,12,hmc_chain,seed43_aisivi_x_shaped,28.949243623763323,43,x_shaped
13,8000,AISIVI,0.8,0.025393020952002895,1747708022,13,hmc_chain,seed43_aisivi_x_shaped,28.949243623763323,43,x_shaped
14,8000,AISIVI,0.8,0.026721140883648575,1747708022,14,hmc_chain,seed43_aisivi_x_shaped,28.949243623763323,43,x_shaped
15,8000,AISIVI,0.8,0.023710135541857115,1747708022,15,hmc_chain,seed43_aisivi_x_shaped,28.949243623763323,43,x_shaped
16,8000,AISIVI,0.8,0.027731282954686024,1747708022,16,hmc_chain,seed43_aisivi_x_shaped,28.949243623763323,43,x_shaped
17,8000,AISIVI,0.8,0.025297711105407086,1747708022,17,hmc_chain,seed43_aisivi_x_shaped,28.949243623763323,43,x_shaped
18,8000,AISIVI,0.8,0.026090255079496732,1747708022,18,hmc_chain,seed43_aisivi_x_shaped,28.949243623763323,43,x_shaped
19,8000,AISIVI,0.8,0.02712330334096766,1747708022,19,hmc_chain,seed43_aisivi_x_shaped,28.949243623763323,43,x_shaped
0,10000,AISIVI,1.0,0.02372111816949281,695574295,0,hmc_chain,seed43_aisivi_x_shaped,29.637327850610017,43,x_shaped
1,10000,AISIVI,1.0,0.025994959575877143,695574295,1,hmc_chain,seed43_aisivi_x_shaped,29.637327850610017,43,x_shaped
2,10000,AISIVI,1.0,0.024231969639152907,695574295,2,hmc_chain,seed43_aisivi_x_shaped,29.637327850610017,43,x_shaped
3,10000,AISIVI,1.0,0.026257255663097417,695574295,3,hmc_chain,seed43_aisivi_x_shaped,29.637327850610017,43,x_shaped
4,10000,AISIVI,1.0,0.025736996116563618,695574295,4,hmc_chain,seed43_aisivi_x_shaped,29.637327850610017,43,x_shaped
5,10000,AISIVI,1.0,0.025331870403939923,695574295,5,hmc_chain,seed43_aisivi_x_shaped,29.637327850610017,43,x_shaped
6,10000,AISIVI,1.0,0.023346530373251823,695574295,6,hmc_chain,seed43_aisivi_x_shaped,29.637327850610017,43,x_shaped
7,10000,AISIVI,1.0,0.023479489648826492,695574295,7,hmc_chain,seed43_aisivi_x_shaped,29.637327850610017,43,x_shaped
8,10000,AISIVI,1.0,0.02556841263139239,695574295,8,hmc_chain,seed43_aisivi_x_shaped,29.637327850610017,43,x_shaped
9,10000,AISIVI,1.0,0.024144093811066147,695574295,9,hmc_chain,seed43_aisivi_x_shaped,29.637327850610017,43,x_shaped
10,10000,AISIVI,1.0,0.023464267865455544,695574295,10,hmc_chain,seed43_aisivi_x_shaped,29.637327850610017,43,x_shaped
11,10000,AISIVI,1.0,0.021142387495636662,695574295,11,hmc_chain,seed43_aisivi_x_shaped,29.637327850610017,43,x_shaped
12,10000,AISIVI,1.0,0.02706398001067748,695574295,12,hmc_chain,seed43_aisivi_x_shaped,29.637327850610017,43,x_shaped
13,10000,AISIVI,1.0,0.023999854610005124,695574295,13,hmc_chain,seed43_aisivi_x_shaped,29.637327850610017,43,x_shaped
14,10000,AISIVI,1.0,0.02163740500694531,695574295,14,hmc_chain,seed43_aisivi_x_shaped,29.637327850610017,43,x_shaped
15,10000,AISIVI,1.0,0.022651246576099453,695574295,15,hmc_chain,seed43_aisivi_x_shaped,29.637327850610017,43,x_shaped
16,10000,AISIVI,1.0,0.023395507766695335,695574295,16,hmc_chain,seed43_aisivi_x_shaped,29.637327850610017,43,x_shaped
17,10000,AISIVI,1.0,0.022707031144866816,695574295,17,hmc_chain,seed43_aisivi_x_shaped,29.637327850610017,43,x_shaped
18,10000,AISIVI,1.0,0.024397206870229858,695574295,18,hmc_chain,seed43_aisivi_x_shaped,29.637327850610017,43,x_shaped
19,10000,AISIVI,1.0,0.022183044052807632,695574295,19,hmc_chain,seed43_aisivi_x_shaped,29.637327850610017,43,x_shaped
0,2000,AISIVI,0.2,2.1225817724842497,1808894257,0,hmc_chain,seed45_aisivi_x_shaped,27.58516848012805,45,x_shaped
1,2000,AISIVI,0.2,1.5557060093397084,1808894257,1,hmc_chain,seed45_aisivi_x_shaped,27.58516848012805,45,x_shaped
2,2000,AISIVI,0.2,2.1119053870438655,1808894257,2,hmc_chain,seed45_aisivi_x_shaped,27.58516848012805,45,x_shaped
3,2000,AISIVI,0.2,0.34758553560219646,1808894257,3,hmc_chain,seed45_aisivi_x_shaped,27.58516848012805,45,x_shaped
4,2000,AISIVI,0.2,4.783577364906856,1808894257,4,hmc_chain,seed45_aisivi_x_shaped,27.58516848012805,45,x_shaped
5,2000,AISIVI,0.2,1.557820068516089,1808894257,5,hmc_chain,seed45_aisivi_x_shaped,27.58516848012805,45,x_shaped
6,2000,AISIVI,0.2,2.04575507756509,1808894257,6,hmc_chain,seed45_aisivi_x_shaped,27.58516848012805,45,x_shaped
7,2000,AISIVI,0.2,13.49535896168976,1808894257,7,hmc_chain,seed45_aisivi_x_shaped,27.58516848012805,45,x_shaped
8,2000,AISIVI,0.2,0.6061876059971615,1808894257,8,hmc_chain,seed45_aisivi_x_shaped,27.58516848012805,45,x_shaped
9,2000,AISIVI,0.2,0.9346124769264655,1808894257,9,hmc_chain,seed45_aisivi_x_shaped,27.58516848012805,45,x_shaped
10,2000,AISIVI,0.2,3.897562900840694,1808894257,10,hmc_chain,seed45_aisivi_x_shaped,27.58516848012805,45,x_shaped
11,2000,AISIVI,0.2,3.6631658597005554,1808894257,11,hmc_chain,seed45_aisivi_x_shaped,27.58516848012805,45,x_shaped
12,2000,AISIVI,0.2,1.6257959451760489,1808894257,12,hmc_chain,seed45_aisivi_x_shaped,27.58516848012805,45,x_shaped
13,2000,AISIVI,0.2,0.9091292385643611,1808894257,13,hmc_chain,seed45_aisivi_x_shaped,27.58516848012805,45,x_shaped
14,2000,AISIVI,0.2,1.1546129129340166,1808894257,14,hmc_chain,seed45_aisivi_x_shaped,27.58516848012805,45,x_shaped
15,2000,AISIVI,0.2,1.6489352138844127,1808894257,15,hmc_chain,seed45_aisivi_x_shaped,27.58516848012805,45,x_shaped
16,2000,AISIVI,0.2,11.414301332552624,1808894257,16,hmc_chain,seed45_aisivi_x_shaped,27.58516848012805,45,x_shaped
17,2000,AISIVI,0.2,0.7367461208863574,1808894257,17,hmc_chain,seed45_aisivi_x_shaped,27.58516848012805,45,x_shaped
18,2000,AISIVI,0.2,2.438858310993473,1808894257,18,hmc_chain,seed45_aisivi_x_shaped,27.58516848012805,45,x_shaped
19,2000,AISIVI,0.2,0.5416035497274128,1808894257,19,hmc_chain,seed45_aisivi_x_shaped,27.58516848012805,45,x_shaped
0,4000,AISIVI,0.4,0.3229891967588093,838478292,0,hmc_chain,seed45_aisivi_x_shaped,28.787729743868113,45,x_shaped
1,4000,AISIVI,0.4,0.3905967793997467,838478292,1,hmc_chain,seed45_aisivi_x_shaped,28.787729743868113,45,x_shaped
2,4000,AISIVI,0.4,0.4593774006901936,838478292,2,hmc_chain,seed45_aisivi_x_shaped,28.787729743868113,45,x_shaped
3,4000,AISIVI,0.4,0.43968917949846537,838478292,3,hmc_chain,seed45_aisivi_x_shaped,28.787729743868113,45,x_shaped
4,4000,AISIVI,0.4,1.7940707726571263,838478292,4,hmc_chain,seed45_aisivi_x_shaped,28.787729743868113,45,x_shaped
5,4000,AISIVI,0.4,0.8719978791621534,838478292,5,hmc_chain,seed45_aisivi_x_shaped,28.787729743868113,45,x_shaped
6,4000,AISIVI,0.4,0.8897995878767064,838478292,6,hmc_chain,seed45_aisivi_x_shaped,28.787729743868113,45,x_shaped
7,4000,AISIVI,0.4,0.410172852942604,838478292,7,hmc_chain,seed45_aisivi_x_shaped,28.787729743868113,45,x_shaped
8,4000,AISIVI,0.4,0.5784724274963957,838478292,8,hmc_chain,seed45_aisivi_x_shaped,28.787729743868113,45,x_shaped
9,4000,AISIVI,0.4,0.38357079360859664,838478292,9,hmc_chain,seed45_aisivi_x_shaped,28.787729743868113,45,x_shaped
10,4000,AISIVI,0.4,0.4543640694512922,838478292,10,hmc_chain,seed45_aisivi_x_shaped,28.787729743868113,45,x_shaped
11,4000,AISIVI,0.4,0.45632149356882173,838478292,11,hmc_chain,seed45_aisivi_x_shaped,28.787729743868113,45,x_shaped
12,4000,AISIVI,0.4,0.510395274713343,838478292,12,hmc_chain,seed45_aisivi_x_shaped,28.787729743868113,45,x_shaped
13,4000,AISIVI,0.4,0.6329755204024786,838478292,13,hmc_chain,seed45_aisivi_x_shaped,28.787729743868113,45,x_shaped
14,4000,AISIVI,0.4,0.4061953883691918,838478292,14,hmc_chain,seed45_aisivi_x_shaped,28.787729743868113,45,x_shaped
15,4000,AISIVI,0.4,0.33875459003416697,838478292,15,hmc_chain,seed45_aisivi_x_shaped,28.787729743868113,45,x_shaped
16,4000,AISIVI,0.4,0.379441578940494,838478292,16,hmc_chain,seed45_aisivi_x_shaped,28.787729743868113,45,x_shaped
17,4000,AISIVI,0.4,0.9603061289277105,838478292,17,hmc_chain,seed45_aisivi_x_shaped,28.787729743868113,45,x_shaped
18,4000,AISIVI,0.4,0.4180147281292334,838478292,18,hmc_chain,seed45_aisivi_x_shaped,28.787729743868113,45,x_shaped
19,4000,AISIVI,0.4,0.503984577947965,838478292,19,hmc_chain,seed45_aisivi_x_shaped,28.787729743868113,45,x_shaped
0,6000,AISIVI,0.6,0.49562218592243956,913442798,0,hmc_chain,seed45_aisivi_x_shaped,28.063286175206304,45,x_shaped
1,6000,AISIVI,0.6,0.44805719578002134,913442798,1,hmc_chain,seed45_aisivi_x_shaped,28.063286175206304,45,x_shaped
2,6000,AISIVI,0.6,0.5694793522309216,913442798,2,hmc_chain,seed45_aisivi_x_shaped,28.063286175206304,45,x_shaped
3,6000,AISIVI,0.6,0.4351093084086188,913442798,3,hmc_chain,seed45_aisivi_x_shaped,28.063286175206304,45,x_shaped
4,6000,AISIVI,0.6,0.48117461019851887,913442798,4,hmc_chain,seed45_aisivi_x_shaped,28.063286175206304,45,x_shaped
5,6000,AISIVI,0.6,0.4562248357180681,913442798,5,hmc_chain,seed45_aisivi_x_shaped,28.063286175206304,45,x_shaped
6,6000,AISIVI,0.6,0.4664639404283997,913442798,6,hmc_chain,seed45_aisivi_x_shaped,28.063286175206304,45,x_shaped
7,6000,AISIVI,0.6,0.28977869565905023,913442798,7,hmc_chain,seed45_aisivi_x_shaped,28.063286175206304,45,x_shaped
8,6000,AISIVI,0.6,0.4316358064653384,913442798,8,hmc_chain,seed45_aisivi_x_shaped,28.063286175206304,45,x_shaped
9,6000,AISIVI,0.6,0.3494897954468172,913442798,9,hmc_chain,seed45_aisivi_x_shaped,28.063286175206304,45,x_shaped
10,6000,AISIVI,0.6,0.41336582472971967,913442798,10,hmc_chain,seed45_aisivi_x_shaped,28.063286175206304,45,x_shaped
11,6000,AISIVI,0.6,0.3693505321711318,913442798,11,hmc_chain,seed45_aisivi_x_shaped,28.063286175206304,45,x_shaped
12,6000,AISIVI,0.6,0.44534031565360593,913442798,12,hmc_chain,seed45_aisivi_x_shaped,28.063286175206304,45,x_shaped
13,6000,AISIVI,0.6,0.5418459555094641,913442798,13,hmc_chain,seed45_aisivi_x_shaped,28.063286175206304,45,x_shaped
14,6000,AISIVI,0.6,0.611990255133395,913442798,14,hmc_chain,seed45_aisivi_x_shaped,28.063286175206304,45,x_shaped
15,6000,AISIVI,0.6,0.43450770113789217,913442798,15,hmc_chain,seed45_aisivi_x_shaped,28.063286175206304,45,x_shaped
16,6000,AISIVI,0.6,0.5032746594193431,913442798,16,hmc_chain,seed45_aisivi_x_shaped,28.063286175206304,45,x_shaped
17,6000,AISIVI,0.6,0.5998968647966598,913442798,17,hmc_chain,seed45_aisivi_x_shaped,28.063286175206304,45,x_shaped
18,6000,AISIVI,0.6,5.645606930284771,913442798,18,hmc_chain,seed45_aisivi_x_shaped,28.063286175206304,45,x_shaped
19,6000,AISIVI,0.6,0.3670167035372279,913442798,19,hmc_chain,seed45_aisivi_x_shaped,28.063286175206304,45,x_shaped
0,8000,AISIVI,0.8,1.04250608142421,1013534203,0,hmc_chain,seed45_aisivi_x_shaped,26.721876491978765,45,x_shaped
1,8000,AISIVI,0.8,1.3214058360530818,1013534203,1,hmc_chain,seed45_aisivi_x_shaped,26.721876491978765,45,x_shaped
2,8000,AISIVI,0.8,0.6348823198722824,1013534203,2,hmc_chain,seed45_aisivi_x_shaped,26.721876491978765,45,x_shaped
3,8000,AISIVI,0.8,0.8752018802958318,1013534203,3,hmc_chain,seed45_aisivi_x_shaped,26.721876491978765,45,x_shaped
4,8000,AISIVI,0.8,0.543132650681943,1013534203,4,hmc_chain,seed45_aisivi_x_shaped,26.721876491978765,45,x_shaped
5,8000,AISIVI,0.8,0.7090724393183927,1013534203,5,hmc_chain,seed45_aisivi_x_shaped,26.721876491978765,45,x_shaped
6,8000,AISIVI,0.8,0.6115752894172688,1013534203,6,hmc_chain,seed45_aisivi_x_shaped,26.721876491978765,45,x_shaped
7,8000,AISIVI,0.8,0.5058637211766742,1013534203,7,hmc_chain,seed45_aisivi_x_shaped,26.721876491978765,45,x_shaped
8,8000,AISIVI,0.8,0.4974244302516502,1013534203,8,hmc_chain,seed45_aisivi_x_shaped,26.721876491978765,45,x_shaped
9,8000,AISIVI,0.8,0.7799751883596066,1013534203,9,hmc_chain,seed45_aisivi_x_shaped,26.721876491978765,45,x_shaped
10,8000,AISIVI,0.8,0.497506102779525,1013534203,10,hmc_chain,seed45_aisivi_x_shaped,26.721876491978765,45,x_shaped
11,8000,AISIVI,0.8,0.6638195496426731,1013534203,11,hmc_chain,seed45_aisivi_x_shaped,26.721876491978765,45,x_shaped
12,8000,AISIVI,0.8,0.5070465607412772,1013534203,12,hmc_chain,seed45_aisivi_x_shaped,26.721876491978765,45,x_shaped
13,8000,AISIVI,0.8,0.7074580643338368,1013534203,13,hmc_chain,seed45_aisivi_x_shaped,26.721876491978765,45,x_shaped
14,8000,AISIVI,0.8,0.47198082342846914,1013534203,14,hmc_chain,seed45_aisivi_x_shaped,26.721876491978765,45,x_shaped
15,8000,AISIVI,0.8,0.62707960197489,1013534203,15,hmc_chain,seed45_aisivi_x_shaped,26.721876491978765,45,x_shaped
16,8000,AISIVI,0.8,0.6168410039698926,1013534203,16,hmc_chain,seed45_aisivi_x_shaped,26.721876491978765,45,x_shaped
17,8000,AISIVI,0.8,0.8588132746951849,1013534203,17,hmc_chain,seed45_aisivi_x_shaped,26.721876491978765,45,x_shaped
18,8000,AISIVI,0.8,0.6169740925532263,1013534203,18,hmc_chain,seed45_aisivi_x_shaped,26.721876491978765,45,x_shaped
19,8000,AISIVI,0.8,0.8299313323225586,1013534203,19,hmc_chain,seed45_aisivi_x_shaped,26.721876491978765,45,x_shaped
0,10000,AISIVI,1.0,0.4761165282088552,1065261656,0,hmc_chain,seed45_aisivi_x_shaped,25.81763035878539,45,x_shaped
1,10000,AISIVI,1.0,0.541451386762581,1065261656,1,hmc_chain,seed45_aisivi_x_shaped,25.81763035878539,45,x_shaped
2,10000,AISIVI,1.0,0.6248942959699515,1065261656,2,hmc_chain,seed45_aisivi_x_shaped,25.81763035878539,45,x_shaped
3,10000,AISIVI,1.0,3.3666191628818813,1065261656,3,hmc_chain,seed45_aisivi_x_shaped,25.81763035878539,45,x_shaped
4,10000,AISIVI,1.0,0.5991661528236749,1065261656,4,hmc_chain,seed45_aisivi_x_shaped,25.81763035878539,45,x_shaped
5,10000,AISIVI,1.0,0.618942145390222,1065261656,5,hmc_chain,seed45_aisivi_x_shaped,25.81763035878539,45,x_shaped
6,10000,AISIVI,1.0,0.6315415519008788,1065261656,6,hmc_chain,seed45_aisivi_x_shaped,25.81763035878539,45,x_shaped
7,10000,AISIVI,1.0,0.7126319593537309,1065261656,7,hmc_chain,seed45_aisivi_x_shaped,25.81763035878539,45,x_shaped
8,10000,AISIVI,1.0,0.4713155918031905,1065261656,8,hmc_chain,seed45_aisivi_x_shaped,25.81763035878539,45,x_shaped
9,10000,AISIVI,1.0,1.1578863907866421,1065261656,9,hmc_chain,seed45_aisivi_x_shaped,25.81763035878539,45,x_shaped
10,10000,AISIVI,1.0,0.42831693592715725,1065261656,10,hmc_chain,seed45_aisivi_x_shaped,25.81763035878539,45,x_shaped
11,10000,AISIVI,1.0,1.2289856759140645,1065261656,11,hmc_chain,seed45_aisivi_x_shaped,25.81763035878539,45,x_shaped
12,10000,AISIVI,1.0,0.6692389162190547,1065261656,12,hmc_chain,seed45_aisivi_x_shaped,25.81763035878539,45,x_shaped
13,10000,AISIVI,1.0,0.7342553828852951,1065261656,13,hmc_chain,seed45_aisivi_x_shaped,25.81763035878539,45,x_shaped
14,10000,AISIVI,1.0,0.4583639592621315,1065261656,14,hmc_chain,seed45_aisivi_x_shaped,25.81763035878539,45,x_shaped
15,10000,AISIVI,1.0,0.6310300226500775,1065261656,15,hmc_chain,seed45_aisivi_x_shaped,25.81763035878539,45,x_shaped
16,10000,AISIVI,1.0,0.6281220562604942,1065261656,16,hmc_chain,seed45_aisivi_x_shaped,25.81763035878539,45,x_shaped
17,10000,AISIVI,1.0,0.5056309992015139,1065261656,17,hmc_chain,seed45_aisivi_x_shaped,25.81763035878539,45,x_shaped
18,10000,AISIVI,1.0,0.7389745776358184,1065261656,18,hmc_chain,seed45_aisivi_x_shaped,25.81763035878539,45,x_shaped
19,10000,AISIVI,1.0,0.5209857986488169,1065261656,19,hmc_chain,seed45_aisivi_x_shaped,25.81763035878539,45,x_shaped
0,2000,AISIVI,0.2,0.9405883554463252,148626086,0,hmc_chain,seed49_aisivi_x_shaped,29.42965224608779,49,x_shaped
1,2000,AISIVI,0.2,0.9128026155098903,148626086,1,hmc_chain,seed49_aisivi_x_shaped,29.42965224608779,49,x_shaped
2,2000,AISIVI,0.2,0.6231554028666008,148626086,2,hmc_chain,seed49_aisivi_x_shaped,29.42965224608779,49,x_shaped
3,2000,AISIVI,0.2,1.1409580044079561,148626086,3,hmc_chain,seed49_aisivi_x_shaped,29.42965224608779,49,x_shaped
4,2000,AISIVI,0.2,0.5899785413273588,148626086,4,hmc_chain,seed49_aisivi_x_shaped,29.42965224608779,49,x_shaped
5,2000,AISIVI,0.2,0.690869347200097,148626086,5,hmc_chain,seed49_aisivi_x_shaped,29.42965224608779,49,x_shaped
6,2000,AISIVI,0.2,8.264089915830978,148626086,6,hmc_chain,seed49_aisivi_x_shaped,29.42965224608779,49,x_shaped
7,2000,AISIVI,0.2,1.2237820332753506,148626086,7,hmc_chain,seed49_aisivi_x_shaped,29.42965224608779,49,x_shaped
8,2000,AISIVI,0.2,1.2359450994241339,148626086,8,hmc_chain,seed49_aisivi_x_shaped,29.42965224608779,49,x_shaped
9,2000,AISIVI,0.2,0.6137797032341266,148626086,9,hmc_chain,seed49_aisivi_x_shaped,29.42965224608779,49,x_shaped
10,2000,AISIVI,0.2,1.2736493852702844,148626086,10,hmc_chain,seed49_aisivi_x_shaped,29.42965224608779,49,x_shaped
11,2000,AISIVI,0.2,0.778104132193358,148626086,11,hmc_chain,seed49_aisivi_x_shaped,29.42965224608779,49,x_shaped
12,2000,AISIVI,0.2,0.7513082313464081,148626086,12,hmc_chain,seed49_aisivi_x_shaped,29.42965224608779,49,x_shaped
13,2000,AISIVI,0.2,0.6957843328148317,148626086,13,hmc_chain,seed49_aisivi_x_shaped,29.42965224608779,49,x_shaped
14,2000,AISIVI,0.2,0.9261452031086668,148626086,14,hmc_chain,seed49_aisivi_x_shaped,29.42965224608779,49,x_shaped
15,2000,AISIVI,0.2,0.6560409624789987,148626086,15,hmc_chain,seed49_aisivi_x_shaped,29.42965224608779,49,x_shaped
16,2000,AISIVI,0.2,0.7422120200155248,148626086,16,hmc_chain,seed49_aisivi_x_shaped,29.42965224608779,49,x_shaped
17,2000,AISIVI,0.2,0.6982822885228382,148626086,17,hmc_chain,seed49_aisivi_x_shaped,29.42965224608779,49,x_shaped
18,2000,AISIVI,0.2,2.0438883286890306,148626086,18,hmc_chain,seed49_aisivi_x_shaped,29.42965224608779,49,x_shaped
19,2000,AISIVI,0.2,1.0061385287098785,148626086,19,hmc_chain,seed49_aisivi_x_shaped,29.42965224608779,49,x_shaped
0,4000,AISIVI,0.4,1.1431009010826574,932652243,0,hmc_chain,seed49_aisivi_x_shaped,29.820232854783534,49,x_shaped
1,4000,AISIVI,0.4,3.193291772945648,932652243,1,hmc_chain,seed49_aisivi_x_shaped,29.820232854783534,49,x_shaped
2,4000,AISIVI,0.4,7.966507506457944,932652243,2,hmc_chain,seed49_aisivi_x_shaped,29.820232854783534,49,x_shaped
3,4000,AISIVI,0.4,3.369329280386194,932652243,3,hmc_chain,seed49_aisivi_x_shaped,29.820232854783534,49,x_shaped
4,4000,AISIVI,0.4,1.8377486386400321,932652243,4,hmc_chain,seed49_aisivi_x_shaped,29.820232854783534,49,x_shaped
5,4000,AISIVI,0.4,2.994661380632793,932652243,5,hmc_chain,seed49_aisivi_x_shaped,29.820232854783534,49,x_shaped
6,4000,AISIVI,0.4,1.7756870842917178,932652243,6,hmc_chain,seed49_aisivi_x_shaped,29.820232854783534,49,x_shaped
7,4000,AISIVI,0.4,1.399376514650672,932652243,7,hmc_chain,seed49_aisivi_x_shaped,29.820232854783534,49,x_shaped
8,4000,AISIVI,0.4,2.015121419648332,932652243,8,hmc_chain,seed49_aisivi_x_shaped,29.820232854783534,49,x_shaped
9,4000,AISIVI,0.4,1.313338055323801,932652243,9,hmc_chain,seed49_aisivi_x_shaped,29.820232854783534,49,x_shaped
10,4000,AISIVI,0.4,1.206014499874513,932652243,10,hmc_chain,seed49_aisivi_x_shaped,29.820232854783534,49,x_shaped
11,4000,AISIVI,0.4,1.5875068415978113,932652243,11,hmc_chain,seed49_aisivi_x_shaped,29.820232854783534,49,x_shaped
12,4000,AISIVI,0.4,1.381163865264782,932652243,12,hmc_chain,seed49_aisivi_x_shaped,29.820232854783534,49,x_shaped
13,4000,AISIVI,0.4,1.10891808688861,932652243,13,hmc_chain,seed49_aisivi_x_shaped,29.820232854783534,49,x_shaped
14,4000,AISIVI,0.4,8.858329884115058,932652243,14,hmc_chain,seed49_aisivi_x_shaped,29.820232854783534,49,x_shaped
15,4000,AISIVI,0.4,1.157119535128512,932652243,15,hmc_chain,seed49_aisivi_x_shaped,29.820232854783534,49,x_shaped
16,4000,AISIVI,0.4,1.0370881321075855,932652243,16,hmc_chain,seed49_aisivi_x_shaped,29.820232854783534,49,x_shaped
17,4000,AISIVI,0.4,2.8594313264726283,932652243,17,hmc_chain,seed49_aisivi_x_shaped,29.820232854783534,49,x_shaped
18,4000,AISIVI,0.4,1.7738658372912073,932652243,18,hmc_chain,seed49_aisivi_x_shaped,29.820232854783534,49,x_shaped
19,4000,AISIVI,0.4,1.3782741401018255,932652243,19,hmc_chain,seed49_aisivi_x_shaped,29.820232854783534,49,x_shaped
0,6000,AISIVI,0.6,2.1227817905223416,1008222270,0,hmc_chain,seed49_aisivi_x_shaped,29.64455231949687,49,x_shaped
1,6000,AISIVI,0.6,3.3671192795028917,1008222270,1,hmc_chain,seed49_aisivi_x_shaped,29.64455231949687,49,x_shaped
2,6000,AISIVI,0.6,2.4653382399768438,1008222270,2,hmc_chain,seed49_aisivi_x_shaped,29.64455231949687,49,x_shaped
3,6000,AISIVI,0.6,1.345400149524017,1008222270,3,hmc_chain,seed49_aisivi_x_shaped,29.64455231949687,49,x_shaped
4,6000,AISIVI,0.6,13.693830738855517,1008222270,4,hmc_chain,seed49_aisivi_x_shaped,29.64455231949687,49,x_shaped
5,6000,AISIVI,0.6,1.3735099896363643,1008222270,5,hmc_chain,seed49_aisivi_x_shaped,29.64455231949687,49,x_shaped
6,6000,AISIVI,0.6,1.4433885800760868,1008222270,6,hmc_chain,seed49_aisivi_x_shaped,29.64455231949687,49,x_shaped
7,6000,AISIVI,0.6,1.3139475225245847,1008222270,7,hmc_chain,seed49_aisivi_x_shaped,29.64455231949687,49,x_shaped
8,6000,AISIVI,0.6,1.7919543293629714,1008222270,8,hmc_chain,seed49_aisivi_x_shaped,29.64455231949687,49,x_shaped
9,6000,AISIVI,0.6,2.3207454539413037,1008222270,9,hmc_chain,seed49_aisivi_x_shaped,29.64455231949687,49,x_shaped
10,6000,AISIVI,0.6,1.436655187891632,1008222270,10,hmc_chain,seed49_aisivi_x_shaped,29.64455231949687,49,x_shaped
11,6000,AISIVI,0.6,1.7654746751196246,1008222270,11,hmc_chain,seed49_aisivi_x_shaped,29.64455231949687,49,x_shaped
12,6000,AISIVI,0.6,1.9492863093169859,1008222270,12,hmc_chain,seed49_aisivi_x_shaped,29.64455231949687,49,x_shaped
13,6000,AISIVI,0.6,2.3564112332949474,1008222270,13,hmc_chain,seed49_aisivi_x_shaped,29.64455231949687,49,x_shaped
14,6000,AISIVI,0.6,2.5357638905055047,1008222270,14,hmc_chain,seed49_aisivi_x_shaped,29.64455231949687,49,x_shaped
15,6000,AISIVI,0.6,1.639964799891684,1008222270,15,hmc_chain,seed49_aisivi_x_shaped,29.64455231949687,49,x_shaped
16,6000,AISIVI,0.6,1.3825065289758687,1008222270,16,hmc_chain,seed49_aisivi_x_shaped,29.64455231949687,49,x_shaped
17,6000,AISIVI,0.6,1.6021633062945226,1008222270,17,hmc_chain,seed49_aisivi_x_shaped,29.64455231949687,49,x_shaped
18,6000,AISIVI,0.6,1.9933790528624904,1008222270,18,hmc_chain,seed49_aisivi_x_shaped,29.64455231949687,49,x_shaped
19,6000,AISIVI,0.6,3.3886774411083267,1008222270,19,hmc_chain,seed49_aisivi_x_shaped,29.64455231949687,49,x_shaped
0,8000,AISIVI,0.8,1.5797194847572085,1710240626,0,hmc_chain,seed49_aisivi_x_shaped,29.982161256670953,49,x_shaped
1,8000,AISIVI,0.8,1.0733229041969918,1710240626,1,hmc_chain,seed49_aisivi_x_shaped,29.982161256670953,49,x_shaped
2,8000,AISIVI,0.8,1.2589351434468112,1710240626,2,hmc_chain,seed49_aisivi_x_shaped,29.982161256670953,49,x_shaped
3,8000,AISIVI,0.8,1.4472207074756285,1710240626,3,hmc_chain,seed49_aisivi_x_shaped,29.982161256670953,49,x_shaped
4,8000,AISIVI,0.8,4.460805579245155,1710240626,4,hmc_chain,seed49_aisivi_x_shaped,29.982161256670953,49,x_shaped
5,8000,AISIVI,0.8,1.1122377871330524,1710240626,5,hmc_chain,seed49_aisivi_x_shaped,29.982161256670953,49,x_shaped
6,8000,AISIVI,0.8,1.4065638162148426,1710240626,6,hmc_chain,seed49_aisivi_x_shaped,29.982161256670953,49,x_shaped
7,8000,AISIVI,0.8,1.11327805385061,1710240626,7,hmc_chain,seed49_aisivi_x_shaped,29.982161256670953,49,x_shaped
8,8000,AISIVI,0.8,1.099868099989836,1710240626,8,hmc_chain,seed49_aisivi_x_shaped,29.982161256670953,49,x_shaped
9,8000,AISIVI,0.8,1.0833698161714527,1710240626,9,hmc_chain,seed49_aisivi_x_shaped,29.982161256670953,49,x_shaped
10,8000,AISIVI,0.8,2.7133201532765656,1710240626,10,hmc_chain,seed49_aisivi_x_shaped,29.982161256670953,49,x_shaped
11,8000,AISIVI,0.8,1.1615952966582848,1710240626,11,hmc_chain,seed49_aisivi_x_shaped,29.982161256670953,49,x_shaped
12,8000,AISIVI,0.8,2.5467889283231058,1710240626,12,hmc_chain,seed49_aisivi_x_shaped,29.982161256670953,49,x_shaped
13,8000,AISIVI,0.8,1.2342472347162792,1710240626,13,hmc_chain,seed49_aisivi_x_shaped,29.982161256670953,49,x_shaped
14,8000,AISIVI,0.8,1.3088062883572449,1710240626,14,hmc_chain,seed49_aisivi_x_shaped,29.982161256670953,49,x_shaped
15,8000,AISIVI,0.8,1.2673385129262127,1710240626,15,hmc_chain,seed49_aisivi_x_shaped,29.982161256670953,49,x_shaped
16,8000,AISIVI,0.8,1.1329869561690287,1710240626,16,hmc_chain,seed49_aisivi_x_shaped,29.982161256670953,49,x_shaped
17,8000,AISIVI,0.8,2.3726638206099744,1710240626,17,hmc_chain,seed49_aisivi_x_shaped,29.982161256670953,49,x_shaped
18,8000,AISIVI,0.8,1.1824457208243657,1710240626,18,hmc_chain,seed49_aisivi_x_shaped,29.982161256670953,49,x_shaped
19,8000,AISIVI,0.8,1.9038004964689073,1710240626,19,hmc_chain,seed49_aisivi_x_shaped,29.982161256670953,49,x_shaped
0,10000,AISIVI,1.0,6.233429720135406,85938443,0,hmc_chain,seed49_aisivi_x_shaped,29.794802126288413,49,x_shaped
1,10000,AISIVI,1.0,2.9588266587895573,85938443,1,hmc_chain,seed49_aisivi_x_shaped,29.794802126288413,49,x_shaped
2,10000,AISIVI,1.0,1.1747926725779059,85938443,2,hmc_chain,seed49_aisivi_x_shaped,29.794802126288413,49,x_shaped
3,10000,AISIVI,1.0,1.1649407224327213,85938443,3,hmc_chain,seed49_aisivi_x_shaped,29.794802126288413,49,x_shaped
4,10000,AISIVI,1.0,1.1455128098115228,85938443,4,hmc_chain,seed49_aisivi_x_shaped,29.794802126288413,49,x_shaped
5,10000,AISIVI,1.0,1.1640509893588704,85938443,5,hmc_chain,seed49_aisivi_x_shaped,29.794802126288413,49,x_shaped
6,10000,AISIVI,1.0,3.6102789805828177,85938443,6,hmc_chain,seed49_aisivi_x_shaped,29.794802126288413,49,x_shaped
7,10000,AISIVI,1.0,2.17207554309345,85938443,7,hmc_chain,seed49_aisivi_x_shaped,29.794802126288413,49,x_shaped
8,10000,AISIVI,1.0,1.3563193335793118,85938443,8,hmc_chain,seed49_aisivi_x_shaped,29.794802126288413,49,x_shaped
9,10000,AISIVI,1.0,1.0387928801988031,85938443,9,hmc_chain,seed49_aisivi_x_shaped,29.794802126288413,49,x_shaped
10,10000,AISIVI,1.0,2.0104833563859437,85938443,10,hmc_chain,seed49_aisivi_x_shaped,29.794802126288413,49,x_shaped
11,10000,AISIVI,1.0,1.3473915339603615,85938443,11,hmc_chain,seed49_aisivi_x_shaped,29.794802126288413,49,x_shaped
12,10000,AISIVI,1.0,1.1644326033128147,85938443,12,hmc_chain,seed49_aisivi_x_shaped,29.794802126288413,49,x_shaped
13,10000,AISIVI,1.0,1.2048686349083715,85938443,13,hmc_chain,seed49_aisivi_x_shaped,29.794802126288413,49,x_shaped
14,10000,AISIVI,1.0,1.28173689466426,85938443,14,hmc_chain,seed49_aisivi_x_shaped,29.794802126288413,49,x_shaped
15,10000,AISIVI,1.0,1.6818029254824085,85938443,15,hmc_chain,seed49_aisivi_x_shaped,29.794802126288413,49,x_shaped
16,10000,AISIVI,1.0,1.2416999114561427,85938443,16,hmc_chain,seed49_aisivi_x_shaped,29.794802126288413,49,x_shaped
17,10000,AISIVI,1.0,1.4792548088616506,85938443,17,hmc_chain,seed49_aisivi_x_shaped,29.794802126288413,49,x_shaped
18,10000,AISIVI,1.0,1.220312905428766,85938443,18,hmc_chain,seed49_aisivi_x_shaped,29.794802126288413,49,x_shaped
19,10000,AISIVI,1.0,1.321996480588643,85938443,19,hmc_chain,seed49_aisivi_x_shaped,29.794802126288413,49,x_shaped
0,2000,AISIVI,0.2,1.522602662192441,1901981973,0,hmc_chain,seed50_aisivi_x_shaped,27.980605758726597,50,x_shaped
1,2000,AISIVI,0.2,1.5415968057634275,1901981973,1,hmc_chain,seed50_aisivi_x_shaped,27.980605758726597,50,x_shaped
2,2000,AISIVI,0.2,1.1043243036838133,1901981973,2,hmc_chain,seed50_aisivi_x_shaped,27.980605758726597,50,x_shaped
3,2000,AISIVI,0.2,1.0518721182793787,1901981973,3,hmc_chain,seed50_aisivi_x_shaped,27.980605758726597,50,x_shaped
4,2000,AISIVI,0.2,1.2797222093037832,1901981973,4,hmc_chain,seed50_aisivi_x_shaped,27.980605758726597,50,x_shaped
5,2000,AISIVI,0.2,1.8387177005250015,1901981973,5,hmc_chain,seed50_aisivi_x_shaped,27.980605758726597,50,x_shaped
6,2000,AISIVI,0.2,13.37473596792647,1901981973,6,hmc_chain,seed50_aisivi_x_shaped,27.980605758726597,50,x_shaped
7,2000,AISIVI,0.2,2.8339043531208388,1901981973,7,hmc_chain,seed50_aisivi_x_shaped,27.980605758726597,50,x_shaped
8,2000,AISIVI,0.2,2.0318290303528994,1901981973,8,hmc_chain,seed50_aisivi_x_shaped,27.980605758726597,50,x_shaped
9,2000,AISIVI,0.2,1.477510588909505,1901981973,9,hmc_chain,seed50_aisivi_x_shaped,27.980605758726597,50,x_shaped
10,2000,AISIVI,0.2,5.860329923853172,1901981973,10,hmc_chain,seed50_aisivi_x_shaped,27.980605758726597,50,x_shaped
11,2000,AISIVI,0.2,5.4990392609448655,1901981973,11,hmc_chain,seed50_aisivi_x_shaped,27.980605758726597,50,x_shaped
12,2000,AISIVI,0.2,1.2993472265633395,1901981973,12,hmc_chain,seed50_aisivi_x_shaped,27.980605758726597,50,x_shaped
13,2000,AISIVI,0.2,4.564581819183689,1901981973,13,hmc_chain,seed50_aisivi_x_shaped,27.980605758726597,50,x_shaped
14,2000,AISIVI,0.2,1.1693518127499953,1901981973,14,hmc_chain,seed50_aisivi_x_shaped,27.980605758726597,50,x_shaped
15,2000,AISIVI,0.2,1.1799570487725606,1901981973,15,hmc_chain,seed50_aisivi_x_shaped,27.980605758726597,50,x_shaped
16,2000,AISIVI,0.2,0.9625355826827668,1901981973,16,hmc_chain,seed50_aisivi_x_shaped,27.980605758726597,50,x_shaped
17,2000,AISIVI,0.2,1.7248398869045904,1901981973,17,hmc_chain,seed50_aisivi_x_shaped,27.980605758726597,50,x_shaped
18,2000,AISIVI,0.2,2.5761651743354674,1901981973,18,hmc_chain,seed50_aisivi_x_shaped,27.980605758726597,50,x_shaped
19,2000,AISIVI,0.2,2.181585209462613,1901981973,19,hmc_chain,seed50_aisivi_x_shaped,27.980605758726597,50,x_shaped
0,4000,AISIVI,0.4,5.395743203460139,396323454,0,hmc_chain,seed50_aisivi_x_shaped,27.936286718770862,50,x_shaped
1,4000,AISIVI,0.4,2.620291148413085,396323454,1,hmc_chain,seed50_aisivi_x_shaped,27.936286718770862,50,x_shaped
2,4000,AISIVI,0.4,9.250751447018308,396323454,2,hmc_chain,seed50_aisivi_x_shaped,27.936286718770862,50,x_shaped
3,4000,AISIVI,0.4,3.0244053396473936,396323454,3,hmc_chain,seed50_aisivi_x_shaped,27.936286718770862,50,x_shaped
4,4000,AISIVI,0.4,1.715800185293185,396323454,4,hmc_chain,seed50_aisivi_x_shaped,27.936286718770862,50,x_shaped
5,4000,AISIVI,0.4,17.98643785970367,396323454,5,hmc_chain,seed50_aisivi_x_shaped,27.936286718770862,50,x_shaped
6,4000,AISIVI,0.4,7.741367020001298,396323454,6,hmc_chain,seed50_aisivi_x_shaped,27.936286718770862,50,x_shaped
7,4000,AISIVI,0.4,8.488768661204315,396323454,7,hmc_chain,seed50_aisivi_x_shaped,27.936286718770862,50,x_shaped
8,4000,AISIVI,0.4,14.013791947243813,396323454,8,hmc_chain,seed50_aisivi_x_shaped,27.936286718770862,50,x_shaped
9,4000,AISIVI,0.4,18.0895727869255,396323454,9,hmc_chain,seed50_aisivi_x_shaped,27.936286718770862,50,x_shaped
10,4000,AISIVI,0.4,7.821270517670273,396323454,10,hmc_chain,seed50_aisivi_x_shaped,27.936286718770862,50,x_shaped
11,4000,AISIVI,0.4,3.0902449284869773,396323454,11,hmc_chain,seed50_aisivi_x_shaped,27.936286718770862,50,x_shaped
12,4000,AISIVI,0.4,34.91825230786134,396323454,12,hmc_chain,seed50_aisivi_x_shaped,27.936286718770862,50,x_shaped
13,4000,AISIVI,0.4,2.2728447111670347,396323454,13,hmc_chain,seed50_aisivi_x_shaped,27.936286718770862,50,x_shaped
14,4000,AISIVI,0.4,2.0534237183902118,396323454,14,hmc_chain,seed50_aisivi_x_shaped,27.936286718770862,50,x_shaped
15,4000,AISIVI,0.4,3.883210626083109,396323454,15,hmc_chain,seed50_aisivi_x_shaped,27.936286718770862,50,x_shaped
16,4000,AISIVI,0.4,20.761422095912362,396323454,16,hmc_chain,seed50_aisivi_x_shaped,27.936286718770862,50,x_shaped
17,4000,AISIVI,0.4,7.64128231723439,396323454,17,hmc_chain,seed50_aisivi_x_shaped,27.936286718770862,50,x_shaped
18,4000,AISIVI,0.4,1.5130422454821726,396323454,18,hmc_chain,seed50_aisivi_x_shaped,27.936286718770862,50,x_shaped
19,4000,AISIVI,0.4,3.205913269314652,396323454,19,hmc_chain,seed50_aisivi_x_shaped,27.936286718770862,50,x_shaped
0,6000,AISIVI,0.6,1.1123947253304869,872265200,0,hmc_chain,seed50_aisivi_x_shaped,28.69145575389266,50,x_shaped
1,6000,AISIVI,0.6,4.496013842700098,872265200,1,hmc_chain,seed50_aisivi_x_shaped,28.69145575389266,50,x_shaped
2,6000,AISIVI,0.6,1.473583876512156,872265200,2,hmc_chain,seed50_aisivi_x_shaped,28.69145575389266,50,x_shaped
3,6000,AISIVI,0.6,1.5749484210463331,872265200,3,hmc_chain,seed50_aisivi_x_shaped,28.69145575389266,50,x_shaped
4,6000,AISIVI,0.6,1.337542349069637,872265200,4,hmc_chain,seed50_aisivi_x_shaped,28.69145575389266,50,x_shaped
5,6000,AISIVI,0.6,3.6418073319396838,872265200,5,hmc_chain,seed50_aisivi_x_shaped,28.69145575389266,50,x_shaped
6,6000,AISIVI,0.6,1.3032280802220404,872265200,6,hmc_chain,seed50_aisivi_x_shaped,28.69145575389266,50,x_shaped
7,6000,AISIVI,0.6,1.4751872497395737,872265200,7,hmc_chain,seed50_aisivi_x_shaped,28.69145575389266,50,x_shaped
8,6000,AISIVI,0.6,2.215811200713098,872265200,8,hmc_chain,seed50_aisivi_x_shaped,28.69145575389266,50,x_shaped
9,6000,AISIVI,0.6,1.2820658683674955,872265200,9,hmc_chain,seed50_aisivi_x_shaped,28.69145575389266,50,x_shaped
10,6000,AISIVI,0.6,4.818092368988305,872265200,10,hmc_chain,seed50_aisivi_x_shaped,28.69145575389266,50,x_shaped
11,6000,AISIVI,0.6,1.4244165418582502,872265200,11,hmc_chain,seed50_aisivi_x_shaped,28.69145575389266,50,x_shaped
12,6000,AISIVI,0.6,1.3172423038007535,872265200,12,hmc_chain,seed50_aisivi_x_shaped,28.69145575389266,50,x_shaped
13,6000,AISIVI,0.6,1.2270818923762314,872265200,13,hmc_chain,seed50_aisivi_x_shaped,28.69145575389266,50,x_shaped
14,6000,AISIVI,0.6,1.0631715822768726,872265200,14,hmc_chain,seed50_aisivi_x_shaped,28.69145575389266,50,x_shaped
15,6000,AISIVI,0.6,1.2764331520887102,872265200,15,hmc_chain,seed50_aisivi_x_shaped,28.69145575389266,50,x_shaped
16,6000,AISIVI,0.6,1.432270640413288,872265200,16,hmc_chain,seed50_aisivi_x_shaped,28.69145575389266,50,x_shaped
17,6000,AISIVI,0.6,1.2319263070125064,872265200,17,hmc_chain,seed50_aisivi_x_shaped,28.69145575389266,50,x_shaped
18,6000,AISIVI,0.6,1.280240410226663,872265200,18,hmc_chain,seed50_aisivi_x_shaped,28.69145575389266,50,x_shaped
19,6000,AISIVI,0.6,2.2830084158888004,872265200,19,hmc_chain,seed50_aisivi_x_shaped,28.69145575389266,50,x_shaped
0,8000,AISIVI,0.8,1.391389376168727,490007307,0,hmc_chain,seed50_aisivi_x_shaped,28.623122499510647,50,x_shaped
1,8000,AISIVI,0.8,0.8962075292919317,490007307,1,hmc_chain,seed50_aisivi_x_shaped,28.623122499510647,50,x_shaped
2,8000,AISIVI,0.8,1.1502983583852755,490007307,2,hmc_chain,seed50_aisivi_x_shaped,28.623122499510647,50,x_shaped
3,8000,AISIVI,0.8,1.2106431741801467,490007307,3,hmc_chain,seed50_aisivi_x_shaped,28.623122499510647,50,x_shaped
4,8000,AISIVI,0.8,1.2314641315042711,490007307,4,hmc_chain,seed50_aisivi_x_shaped,28.623122499510647,50,x_shaped
5,8000,AISIVI,0.8,3.4264143881872573,490007307,5,hmc_chain,seed50_aisivi_x_shaped,28.623122499510647,50,x_shaped
6,8000,AISIVI,0.8,3.4122764282513085,490007307,6,hmc_chain,seed50_aisivi_x_shaped,28.623122499510647,50,x_shaped
7,8000,AISIVI,0.8,2.6981993297095337,490007307,7,hmc_chain,seed50_aisivi_x_shaped,28.623122499510647,50,x_shaped
8,8000,AISIVI,0.8,1.2837932953445566,490007307,8,hmc_chain,seed50_aisivi_x_shaped,28.623122499510647,50,x_shaped
9,8000,AISIVI,0.8,1.4711630747692837,490007307,9,hmc_chain,seed50_aisivi_x_shaped,28.623122499510647,50,x_shaped
10,8000,AISIVI,0.8,2.3101693939538634,490007307,10,hmc_chain,seed50_aisivi_x_shaped,28.623122499510647,50,x_shaped
11,8000,AISIVI,0.8,5.509695311024774,490007307,11,hmc_chain,seed50_aisivi_x_shaped,28.623122499510647,50,x_shaped
12,8000,AISIVI,0.8,1.2490639136959218,490007307,12,hmc_chain,seed50_aisivi_x_shaped,28.623122499510647,50,x_shaped
13,8000,AISIVI,0.8,1.7218281617567517,490007307,13,hmc_chain,seed50_aisivi_x_shaped,28.623122499510647,50,x_shaped
14,8000,AISIVI,0.8,1.5179354044139508,490007307,14,hmc_chain,seed50_aisivi_x_shaped,28.623122499510647,50,x_shaped
15,8000,AISIVI,0.8,0.9505126779231248,490007307,15,hmc_chain,seed50_aisivi_x_shaped,28.623122499510647,50,x_shaped
16,8000,AISIVI,0.8,1.3335768009206221,490007307,16,hmc_chain,seed50_aisivi_x_shaped,28.623122499510647,50,x_shaped
17,8000,AISIVI,0.8,1.8299179298890131,490007307,17,hmc_chain,seed50_aisivi_x_shaped,28.623122499510647,50,x_shaped
18,8000,AISIVI,0.8,1.0444157343122407,490007307,18,hmc_chain,seed50_aisivi_x_shaped,28.623122499510647,50,x_shaped
19,8000,AISIVI,0.8,1.1070844999176224,490007307,19,hmc_chain,seed50_aisivi_x_shaped,28.623122499510647,50,x_shaped
0,10000,AISIVI,1.0,1.4773574017000608,1720818351,0,hmc_chain,seed50_aisivi_x_shaped,28.87523070424795,50,x_shaped
1,10000,AISIVI,1.0,1.3915826601521084,1720818351,1,hmc_chain,seed50_aisivi_x_shaped,28.87523070424795,50,x_shaped
2,10000,AISIVI,1.0,1.2277806567758347,1720818351,2,hmc_chain,seed50_aisivi_x_shaped,28.87523070424795,50,x_shaped
3,10000,AISIVI,1.0,1.7953236819358096,1720818351,3,hmc_chain,seed50_aisivi_x_shaped,28.87523070424795,50,x_shaped
4,10000,AISIVI,1.0,1.199326949888475,1720818351,4,hmc_chain,seed50_aisivi_x_shaped,28.87523070424795,50,x_shaped
5,10000,AISIVI,1.0,1.0058028325224286,1720818351,5,hmc_chain,seed50_aisivi_x_shaped,28.87523070424795,50,x_shaped
6,10000,AISIVI,1.0,3.8764694341551387,1720818351,6,hmc_chain,seed50_aisivi_x_shaped,28.87523070424795,50,x_shaped
7,10000,AISIVI,1.0,1.151808536275184,1720818351,7,hmc_chain,seed50_aisivi_x_shaped,28.87523070424795,50,x_shaped
8,10000,AISIVI,1.0,1.2243549920441774,1720818351,8,hmc_chain,seed50_aisivi_x_shaped,28.87523070424795,50,x_shaped
9,10000,AISIVI,1.0,1.8113526631965613,1720818351,9,hmc_chain,seed50_aisivi_x_shaped,28.87523070424795,50,x_shaped
10,10000,AISIVI,1.0,0.9692937378229635,1720818351,10,hmc_chain,seed50_aisivi_x_shaped,28.87523070424795,50,x_shaped
11,10000,AISIVI,1.0,1.28602392769136,1720818351,11,hmc_chain,seed50_aisivi_x_shaped,28.87523070424795,50,x_shaped
12,10000,AISIVI,1.0,3.399226079266897,1720818351,12,hmc_chain,seed50_aisivi_x_shaped,28.87523070424795,50,x_shaped
13,10000,AISIVI,1.0,2.171841625866496,1720818351,13,hmc_chain,seed50_aisivi_x_shaped,28.87523070424795,50,x_shaped
14,10000,AISIVI,1.0,1.1833085627367872,1720818351,14,hmc_chain,seed50_aisivi_x_shaped,28.87523070424795,50,x_shaped
15,10000,AISIVI,1.0,1.81625947834508,1720818351,15,hmc_chain,seed50_aisivi_x_shaped,28.87523070424795,50,x_shaped
16,10000,AISIVI,1.0,1.2006238101968734,1720818351,16,hmc_chain,seed50_aisivi_x_shaped,28.87523070424795,50,x_shaped
17,10000,AISIVI,1.0,2.0950234101750405,1720818351,17,hmc_chain,seed50_aisivi_x_shaped,28.87523070424795,50,x_shaped
18,10000,AISIVI,1.0,1.5332620072636645,1720818351,18,hmc_chain,seed50_aisivi_x_shaped,28.87523070424795,50,x_shaped
19,10000,AISIVI,1.0,3.9955743770089427,1720818351,19,hmc_chain,seed50_aisivi_x_shaped,28.87523070424795,50,x_shaped
0,2000,DSIVI,0.2,10.016109076818514,188299586,0,hmc_chain,seed42_dsivi_x_shaped,29.43956975340843,42,x_shaped
1,2000,DSIVI,0.2,1.47992636421933,188299586,1,hmc_chain,seed42_dsivi_x_shaped,29.43956975340843,42,x_shaped
2,2000,DSIVI,0.2,1.9095325498472329,188299586,2,hmc_chain,seed42_dsivi_x_shaped,29.43956975340843,42,x_shaped
3,2000,DSIVI,0.2,1.691662240110197,188299586,3,hmc_chain,seed42_dsivi_x_shaped,29.43956975340843,42,x_shaped
4,2000,DSIVI,0.2,1.744874165853049,188299586,4,hmc_chain,seed42_dsivi_x_shaped,29.43956975340843,42,x_shaped
5,2000,DSIVI,0.2,1.2027137068471223,188299586,5,hmc_chain,seed42_dsivi_x_shaped,29.43956975340843,42,x_shaped
6,2000,DSIVI,0.2,4.122431141266319,188299586,6,hmc_chain,seed42_dsivi_x_shaped,29.43956975340843,42,x_shaped
7,2000,DSIVI,0.2,1.8007933171559387,188299586,7,hmc_chain,seed42_dsivi_x_shaped,29.43956975340843,42,x_shaped
8,2000,DSIVI,0.2,1.392074111761194,188299586,8,hmc_chain,seed42_dsivi_x_shaped,29.43956975340843,42,x_shaped
9,2000,DSIVI,0.2,1.3013501807119416,188299586,9,hmc_chain,seed42_dsivi_x_shaped,29.43956975340843,42,x_shaped
10,2000,DSIVI,0.2,1.3587554506110238,188299586,10,hmc_chain,seed42_dsivi_x_shaped,29.43956975340843,42,x_shaped
11,2000,DSIVI,0.2,1.6485912943060401,188299586,11,hmc_chain,seed42_dsivi_x_shaped,29.43956975340843,42,x_shaped
12,2000,DSIVI,0.2,1.4555809191035962,188299586,12,hmc_chain,seed42_dsivi_x_shaped,29.43956975340843,42,x_shaped
13,2000,DSIVI,0.2,1.5786310913710184,188299586,13,hmc_chain,seed42_dsivi_x_shaped,29.43956975340843,42,x_shaped
14,2000,DSIVI,0.2,1.2137854443984075,188299586,14,hmc_chain,seed42_dsivi_x_shaped,29.43956975340843,42,x_shaped
15,2000,DSIVI,0.2,1.3984302164655826,188299586,15,hmc_chain,seed42_dsivi_x_shaped,29.43956975340843,42,x_shaped
16,2000,DSIVI,0.2,1.3402902835134687,188299586,16,hmc_chain,seed42_dsivi_x_shaped,29.43956975340843,42,x_shaped
17,2000,DSIVI,0.2,1.766895727407236,188299586,17,hmc_chain,seed42_dsivi_x_shaped,29.43956975340843,42,x_shaped
18,2000,DSIVI,0.2,1.2612967069227938,188299586,18,hmc_chain,seed42_dsivi_x_shaped,29.43956975340843,42,x_shaped
19,2000,DSIVI,0.2,1.815439903389473,188299586,19,hmc_chain,seed42_dsivi_x_shaped,29.43956975340843,42,x_shaped
0,4000,DSIVI,0.4,0.567166160716535,1678071490,0,hmc_chain,seed42_dsivi_x_shaped,28.864234704151748,42,x_shaped
1,4000,DSIVI,0.4,0.6311344554117895,1678071490,1,hmc_chain,seed42_dsivi_x_shaped,28.864234704151748,42,x_shaped
2,4000,DSIVI,0.4,0.5114686558331711,1678071490,2,hmc_chain,seed42_dsivi_x_shaped,28.864234704151748,42,x_shaped
3,4000,DSIVI,0.4,0.5921175788927978,1678071490,3,hmc_chain,seed42_dsivi_x_shaped,28.864234704151748,42,x_shaped
4,4000,DSIVI,0.4,0.7538303109453935,1678071490,4,hmc_chain,seed42_dsivi_x_shaped,28.864234704151748,42,x_shaped
5,4000,DSIVI,0.4,0.5224482768304948,1678071490,5,hmc_chain,seed42_dsivi_x_shaped,28.864234704151748,42,x_shaped
6,4000,DSIVI,0.4,0.5673159158541038,1678071490,6,hmc_chain,seed42_dsivi_x_shaped,28.864234704151748,42,x_shaped
7,4000,DSIVI,0.4,0.4146161137314278,1678071490,7,hmc_chain,seed42_dsivi_x_shaped,28.864234704151748,42,x_shaped
8,4000,DSIVI,0.4,0.5429103468380642,1678071490,8,hmc_chain,seed42_dsivi_x_shaped,28.864234704151748,42,x_shaped
9,4000,DSIVI,0.4,0.8476287542274892,1678071490,9,hmc_chain,seed42_dsivi_x_shaped,28.864234704151748,42,x_shaped
10,4000,DSIVI,0.4,0.5857406927064623,1678071490,10,hmc_chain,seed42_dsivi_x_shaped,28.864234704151748,42,x_shaped
11,4000,DSIVI,0.4,0.5658529550481313,1678071490,11,hmc_chain,seed42_dsivi_x_shaped,28.864234704151748,42,x_shaped
12,4000,DSIVI,0.4,0.6439880585777646,1678071490,12,hmc_chain,seed42_dsivi_x_shaped,28.864234704151748,42,x_shaped
13,4000,DSIVI,0.4,0.5884958451980158,1678071490,13,hmc_chain,seed42_dsivi_x_shaped,28.864234704151748,42,x_shaped
14,4000,DSIVI,0.4,0.7764000054653541,1678071490,14,hmc_chain,seed42_dsivi_x_shaped,28.864234704151748,42,x_shaped
15,4000,DSIVI,0.4,0.6530171517435158,1678071490,15,hmc_chain,seed42_dsivi_x_shaped,28.864234704151748,42,x_shaped
16,4000,DSIVI,0.4,0.6289594934820145,1678071490,16,hmc_chain,seed42_dsivi_x_shaped,28.864234704151748,42,x_shaped
17,4000,DSIVI,0.4,0.6052407311170378,1678071490,17,hmc_chain,seed42_dsivi_x_shaped,28.864234704151748,42,x_shaped
18,4000,DSIVI,0.4,0.6196009073118873,1678071490,18,hmc_chain,seed42_dsivi_x_shaped,28.864234704151748,42,x_shaped
19,4000,DSIVI,0.4,0.5293075157865842,1678071490,19,hmc_chain,seed42_dsivi_x_shaped,28.864234704151748,42,x_shaped
0,6000,DSIVI,0.6,0.19592723103101717,1096717799,0,hmc_chain,seed42_dsivi_x_shaped,29.20164833813906,42,x_shaped
1,6000,DSIVI,0.6,0.17162205720662843,1096717799,1,hmc_chain,seed42_dsivi_x_shaped,29.20164833813906,42,x_shaped
2,6000,DSIVI,0.6,0.22244128348558456,1096717799,2,hmc_chain,seed42_dsivi_x_shaped,29.20164833813906,42,x_shaped
3,6000,DSIVI,0.6,0.177375351070304,1096717799,3,hmc_chain,seed42_dsivi_x_shaped,29.20164833813906,42,x_shaped
4,6000,DSIVI,0.6,0.1453119076192887,1096717799,4,hmc_chain,seed42_dsivi_x_shaped,29.20164833813906,42,x_shaped
5,6000,DSIVI,0.6,0.172290737450483,1096717799,5,hmc_chain,seed42_dsivi_x_shaped,29.20164833813906,42,x_shaped
6,6000,DSIVI,0.6,0.14324112151324725,1096717799,6,hmc_chain,seed42_dsivi_x_shaped,29.20164833813906,42,x_shaped
7,6000,DSIVI,0.6,0.14556586249816245,1096717799,7,hmc_chain,seed42_dsivi_x_shaped,29.20164833813906,42,x_shaped
8,6000,DSIVI,0.6,0.17891020332535731,1096717799,8,hmc_chain,seed42_dsivi_x_shaped,29.20164833813906,42,x_shaped
9,6000,DSIVI,0.6,0.17800806189449575,1096717799,9,hmc_chain,seed42_dsivi_x_shaped,29.20164833813906,42,x_shaped
10,6000,DSIVI,0.6,0.23267867529622926,1096717799,10,hmc_chain,seed42_dsivi_x_shaped,29.20164833813906,42,x_shaped
11,6000,DSIVI,0.6,0.2004864855389638,1096717799,11,hmc_chain,seed42_dsivi_x_shaped,29.20164833813906,42,x_shaped
12,6000,DSIVI,0.6,0.16178249178792983,1096717799,12,hmc_chain,seed42_dsivi_x_shaped,29.20164833813906,42,x_shaped
13,6000,DSIVI,0.6,0.1428758521055103,1096717799,13,hmc_chain,seed42_dsivi_x_shaped,29.20164833813906,42,x_shaped
14,6000,DSIVI,0.6,0.1459797292901063,1096717799,14,hmc_chain,seed42_dsivi_x_shaped,29.20164833813906,42,x_shaped
15,6000,DSIVI,0.6,0.23715068806060857,1096717799,15,hmc_chain,seed42_dsivi_x_shaped,29.20164833813906,42,x_shaped
16,6000,DSIVI,0.6,0.16271376127693077,1096717799,16,hmc_chain,seed42_dsivi_x_shaped,29.20164833813906,42,x_shaped
17,6000,DSIVI,0.6,0.2021228823818778,1096717799,17,hmc_chain,seed42_dsivi_x_shaped,29.20164833813906,42,x_shaped
18,6000,DSIVI,0.6,0.22627362628025954,1096717799,18,hmc_chain,seed42_dsivi_x_shaped,29.20164833813906,42,x_shaped
19,6000,DSIVI,0.6,0.19737091630419748,1096717799,19,hmc_chain,seed42_dsivi_x_shaped,29.20164833813906,42,x_shaped
0,8000,DSIVI,0.8,0.44291481426846513,1366769071,0,hmc_chain,seed42_dsivi_x_shaped,29.535667199268936,42,x_shaped
1,8000,DSIVI,0.8,0.28904576062921383,1366769071,1,hmc_chain,seed42_dsivi_x_shaped,29.535667199268936,42,x_shaped
2,8000,DSIVI,0.8,0.12134098664271427,1366769071,2,hmc_chain,seed42_dsivi_x_shaped,29.535667199268936,42,x_shaped
3,8000,DSIVI,0.8,0.2032309546257653,1366769071,3,hmc_chain,seed42_dsivi_x_shaped,29.535667199268936,42,x_shaped
4,8000,DSIVI,0.8,0.1583113444925921,1366769071,4,hmc_chain,seed42_dsivi_x_shaped,29.535667199268936,42,x_shaped
5,8000,DSIVI,0.8,0.12926271410705825,1366769071,5,hmc_chain,seed42_dsivi_x_shaped,29.535667199268936,42,x_shaped
6,8000,DSIVI,0.8,0.5087794287389695,1366769071,6,hmc_chain,seed42_dsivi_x_shaped,29.535667199268936,42,x_shaped
7,8000,DSIVI,0.8,0.1683148850174485,1366769071,7,hmc_chain,seed42_dsivi_x_shaped,29.535667199268936,42,x_shaped
8,8000,DSIVI,0.8,0.21351607128942102,1366769071,8,hmc_chain,seed42_dsivi_x_shaped,29.535667199268936,42,x_shaped
9,8000,DSIVI,0.8,0.34324683861730915,1366769071,9,hmc_chain,seed42_dsivi_x_shaped,29.535667199268936,42,x_shaped
10,8000,DSIVI,0.8,0.15995663697797913,1366769071,10,hmc_chain,seed42_dsivi_x_shaped,29.535667199268936,42,x_shaped
11,8000,DSIVI,0.8,0.19162098589397714,1366769071,11,hmc_chain,seed42_dsivi_x_shaped,29.535667199268936,42,x_shaped
12,8000,DSIVI,0.8,0.17965137895018635,1366769071,12,hmc_chain,seed42_dsivi_x_shaped,29.535667199268936,42,x_shaped
13,8000,DSIVI,0.8,0.17376938803305392,1366769071,13,hmc_chain,seed42_dsivi_x_shaped,29.535667199268936,42,x_shaped
14,8000,DSIVI,0.8,0.16608714522775703,1366769071,14,hmc_chain,seed42_dsivi_x_shaped,29.535667199268936,42,x_shaped
15,8000,DSIVI,0.8,0.13714180417533578,1366769071,15,hmc_chain,seed42_dsivi_x_shaped,29.535667199268936,42,x_shaped
16,8000,DSIVI,0.8,0.23450235510020095,1366769071,16,hmc_chain,seed42_dsivi_x_shaped,29.535667199268936,42,x_shaped
17,8000,DSIVI,0.8,0.16805156738852928,1366769071,17,hmc_chain,seed42_dsivi_x_shaped,29.535667199268936,42,x_shaped
18,8000,DSIVI,0.8,0.16985616216738633,1366769071,18,hmc_chain,seed42_dsivi_x_shaped,29.535667199268936,42,x_shaped
19,8000,DSIVI,0.8,0.25715014767680455,1366769071,19,hmc_chain,seed42_dsivi_x_shaped,29.535667199268936,42,x_shaped
0,10000,DSIVI,1.0,0.14739794764074465,331707540,0,hmc_chain,seed42_dsivi_x_shaped,30.437233771011233,42,x_shaped
1,10000,DSIVI,1.0,0.12158103397723814,331707540,1,hmc_chain,seed42_dsivi_x_shaped,30.437233771011233,42,x_shaped
2,10000,DSIVI,1.0,0.15705825860871248,331707540,2,hmc_chain,seed42_dsivi_x_shaped,30.437233771011233,42,x_shaped
3,10000,DSIVI,1.0,0.1858146714359839,331707540,3,hmc_chain,seed42_dsivi_x_shaped,30.437233771011233,42,x_shaped
4,10000,DSIVI,1.0,0.1408586712523741,331707540,4,hmc_chain,seed42_dsivi_x_shaped,30.437233771011233,42,x_shaped
5,10000,DSIVI,1.0,0.13602585252533808,331707540,5,hmc_chain,seed42_dsivi_x_shaped,30.437233771011233,42,x_shaped
6,10000,DSIVI,1.0,0.12422758120582525,331707540,6,hmc_chain,seed42_dsivi_x_shaped,30.437233771011233,42,x_shaped
7,10000,DSIVI,1.0,0.14645530659913517,331707540,7,hmc_chain,seed42_dsivi_x_shaped,30.437233771011233,42,x_shaped
8,10000,DSIVI,1.0,0.17934343864308028,331707540,8,hmc_chain,seed42_dsivi_x_shaped,30.437233771011233,42,x_shaped
9,10000,DSIVI,1.0,0.11141843437927067,331707540,9,hmc_chain,seed42_dsivi_x_shaped,30.437233771011233,42,x_shaped
10,10000,DSIVI,1.0,0.13322394626204723,331707540,10,hmc_chain,seed42_dsivi_x_shaped,30.437233771011233,42,x_shaped
11,10000,DSIVI,1.0,0.1910118051345665,331707540,11,hmc_chain,seed42_dsivi_x_shaped,30.437233771011233,42,x_shaped
12,10000,DSIVI,1.0,0.11345809258189156,331707540,12,hmc_chain,seed42_dsivi_x_shaped,30.437233771011233,42,x_shaped
13,10000,DSIVI,1.0,0.13970752172344075,331707540,13,hmc_chain,seed42_dsivi_x_shaped,30.437233771011233,42,x_shaped
14,10000,DSIVI,1.0,0.17000136032399338,331707540,14,hmc_chain,seed42_dsivi_x_shaped,30.437233771011233,42,x_shaped
15,10000,DSIVI,1.0,0.17265172421564867,331707540,15,hmc_chain,seed42_dsivi_x_shaped,30.437233771011233,42,x_shaped
16,10000,DSIVI,1.0,0.15530293525162275,331707540,16,hmc_chain,seed42_dsivi_x_shaped,30.437233771011233,42,x_shaped
17,10000,DSIVI,1.0,0.18439724520361958,331707540,17,hmc_chain,seed42_dsivi_x_shaped,30.437233771011233,42,x_shaped
18,10000,DSIVI,1.0,0.17302485560104924,331707540,18,hmc_chain,seed42_dsivi_x_shaped,30.437233771011233,42,x_shaped
19,10000,DSIVI,1.0,0.14163430398600257,331707540,19,hmc_chain,seed42_dsivi_x_shaped,30.437233771011233,42,x_shaped
0,2000,DSIVI,0.2,0.8198723003196242,43858497,0,hmc_chain,seed43_dsivi_x_shaped,27.766841512173414,43,x_shaped
1,2000,DSIVI,0.2,1.0309944728275726,43858497,1,hmc_chain,seed43_dsivi_x_shaped,27.766841512173414,43,x_shaped
2,2000,DSIVI,0.2,0.7355374741162538,43858497,2,hmc_chain,seed43_dsivi_x_shaped,27.766841512173414,43,x_shaped
3,2000,DSIVI,0.2,0.7612376789940742,43858497,3,hmc_chain,seed43_dsivi_x_shaped,27.766841512173414,43,x_shaped
4,2000,DSIVI,0.2,0.734603253434803,43858497,4,hmc_chain,seed43_dsivi_x_shaped,27.766841512173414,43,x_shaped
5,2000,DSIVI,0.2,0.6628630809218933,43858497,5,hmc_chain,seed43_dsivi_x_shaped,27.766841512173414,43,x_shaped
6,2000,DSIVI,0.2,0.8524662051718341,43858497,6,hmc_chain,seed43_dsivi_x_shaped,27.766841512173414,43,x_shaped
7,2000,DSIVI,0.2,0.7853955265664574,43858497,7,hmc_chain,seed43_dsivi_x_shaped,27.766841512173414,43,x_shaped
8,2000,DSIVI,0.2,0.8067839897519631,43858497,8,hmc_chain,seed43_dsivi_x_shaped,27.766841512173414,43,x_shaped
9,2000,DSIVI,0.2,0.8558108685976653,43858497,9,hmc_chain,seed43_dsivi_x_shaped,27.766841512173414,43,x_shaped
10,2000,DSIVI,0.2,0.995535328673761,43858497,10,hmc_chain,seed43_dsivi_x_shaped,27.766841512173414,43,x_shaped
11,2000,DSIVI,0.2,0.9691265252468391,43858497,11,hmc_chain,seed43_dsivi_x_shaped,27.766841512173414,43,x_shaped
12,2000,DSIVI,0.2,0.709721554018012,43858497,12,hmc_chain,seed43_dsivi_x_shaped,27.766841512173414,43,x_shaped
13,2000,DSIVI,0.2,0.7001928690495456,43858497,13,hmc_chain,seed43_dsivi_x_shaped,27.766841512173414,43,x_shaped
14,2000,DSIVI,0.2,5.012525323920584,43858497,14,hmc_chain,seed43_dsivi_x_shaped,27.766841512173414,43,x_shaped
15,2000,DSIVI,0.2,0.8509970817090617,43858497,15,hmc_chain,seed43_dsivi_x_shaped,27.766841512173414,43,x_shaped
16,2000,DSIVI,0.2,0.7611071055119878,43858497,16,hmc_chain,seed43_dsivi_x_shaped,27.766841512173414,43,x_shaped
17,2000,DSIVI,0.2,0.6557363909996092,43858497,17,hmc_chain,seed43_dsivi_x_shaped,27.766841512173414,43,x_shaped
18,2000,DSIVI,0.2,2.442129525037531,43858497,18,hmc_chain,seed43_dsivi_x_shaped,27.766841512173414,43,x_shaped
19,2000,DSIVI,0.2,0.8745880361360782,43858497,19,hmc_chain,seed43_dsivi_x_shaped,27.766841512173414,43,x_shaped
0,4000,DSIVI,0.4,0.714948633116618,2015975258,0,hmc_chain,seed43_dsivi_x_shaped,28.5597056876868,43,x_shaped
1,4000,DSIVI,0.4,0.7067657387882875,2015975258,1,hmc_chain,seed43_dsivi_x_shaped,28.5597056876868,43,x_shaped
2,4000,DSIVI,0.4,0.8072801476638889,2015975258,2,hmc_chain,seed43_dsivi_x_shaped,28.5597056876868,43,x_shaped
3,4000,DSIVI,0.4,0.6597289263558521,2015975258,3,hmc_chain,seed43_dsivi_x_shaped,28.5597056876868,43,x_shaped
4,4000,DSIVI,0.4,0.7377486477914263,2015975258,4,hmc_chain,seed43_dsivi_x_shaped,28.5597056876868,43,x_shaped
5,4000,DSIVI,0.4,0.6588191747350215,2015975258,5,hmc_chain,seed43_dsivi_x_shaped,28.5597056876868,43,x_shaped
6,4000,DSIVI,0.4,0.6741317565327826,2015975258,6,hmc_chain,seed43_dsivi_x_shaped,28.5597056876868,43,x_shaped
7,4000,DSIVI,0.4,0.6988269557044279,2015975258,7,hmc_chain,seed43_dsivi_x_shaped,28.5597056876868,43,x_shaped
8,4000,DSIVI,0.4,0.7124083237691907,2015975258,8,hmc_chain,seed43_dsivi_x_shaped,28.5597056876868,43,x_shaped
9,4000,DSIVI,0.4,0.5516911899354809,2015975258,9,hmc_chain,seed43_dsivi_x_shaped,28.5597056876868,43,x_shaped
10,4000,DSIVI,0.4,0.5336789822510675,2015975258,10,hmc_chain,seed43_dsivi_x_shaped,28.5597056876868,43,x_shaped
11,4000,DSIVI,0.4,0.6531130615609928,2015975258,11,hmc_chain,seed43_dsivi_x_shaped,28.5597056876868,43,x_shaped
12,4000,DSIVI,0.4,0.6602551163865773,2015975258,12,hmc_chain,seed43_dsivi_x_shaped,28.5597056876868,43,x_shaped
13,4000,DSIVI,0.4,0.6304930237084702,2015975258,13,hmc_chain,seed43_dsivi_x_shaped,28.5597056876868,43,x_shaped
14,4000,DSIVI,0.4,0.6147179703810759,2015975258,14,hmc_chain,seed43_dsivi_x_shaped,28.5597056876868,43,x_shaped
15,4000,DSIVI,0.4,0.7762131452698429,2015975258,15,hmc_chain,seed43_dsivi_x_shaped,28.5597056876868,43,x_shaped
16,4000,DSIVI,0.4,0.6091660510552741,2015975258,16,hmc_chain,seed43_dsivi_x_shaped,28.5597056876868,43,x_shaped
17,4000,DSIVI,0.4,0.6508912840411999,2015975258,17,hmc_chain,seed43_dsivi_x_shaped,28.5597056876868,43,x_shaped
18,4000,DSIVI,0.4,0.655570749897896,2015975258,18,hmc_chain,seed43_dsivi_x_shaped,28.5597056876868,43,x_shaped
19,4000,DSIVI,0.4,0.6945316897165418,2015975258,19,hmc_chain,seed43_dsivi_x_shaped,28.5597056876868,43,x_shaped
0,6000,DSIVI,0.6,0.6072267977951655,685666870,0,hmc_chain,seed43_dsivi_x_shaped,27.443913014978172,43,x_shaped
1,6000,DSIVI,0.6,0.7371288217591296,685666870,1,hmc_chain,seed43_dsivi_x_shaped,27.443913014978172,43,x_shaped
2,6000,DSIVI,0.6,0.566220066283019,685666870,2,hmc_chain,seed43_dsivi_x_shaped,27.443913014978172,43,x_shaped
3,6000,DSIVI,0.6,0.6257366446110677,685666870,3,hmc_chain,seed43_dsivi_x_shaped,27.443913014978172,43,x_shaped
4,6000,DSIVI,0.6,0.7993777567306245,685666870,4,hmc_chain,seed43_dsivi_x_shaped,27.443913014978172,43,x_shaped
5,6000,DSIVI,0.6,0.5277233888400845,685666870,5,hmc_chain,seed43_dsivi_x_shaped,27.443913014978172,43,x_shaped
6,6000,DSIVI,0.6,0.6189609378979413,685666870,6,hmc_chain,seed43_dsivi_x_shaped,27.443913014978172,43,x_shaped
7,6000,DSIVI,0.6,0.5916154560112082,685666870,7,hmc_chain,seed43_dsivi_x_shaped,27.443913014978172,43,x_shaped
8,6000,DSIVI,0.6,0.8382167392585766,685666870,8,hmc_chain,seed43_dsivi_x_shaped,27.443913014978172,43,x_shaped
9,6000,DSIVI,0.6,0.6710960517729793,685666870,9,hmc_chain,seed43_dsivi_x_shaped,27.443913014978172,43,x_shaped
10,6000,DSIVI,0.6,0.5836791444779827,685666870,10,hmc_chain,seed43_dsivi_x_shaped,27.443913014978172,43,x_shaped
11,6000,DSIVI,0.6,0.6896718713178716,685666870,11,hmc_chain,seed43_dsivi_x_shaped,27.443913014978172,43,x_shaped
12,6000,DSIVI,0.6,0.7008732456496328,685666870,12,hmc_chain,seed43_dsivi_x_shaped,27.443913014978172,43,x_shaped
13,6000,DSIVI,0.6,0.6862581902487666,685666870,13,hmc_chain,seed43_dsivi_x_shaped,27.443913014978172,43,x_shaped
14,6000,DSIVI,0.6,0.6519074530694372,685666870,14,hmc_chain,seed43_dsivi_x_shaped,27.443913014978172,43,x_shaped
15,6000,DSIVI,0.6,0.6065034086850363,685666870,15,hmc_chain,seed43_dsivi_x_shaped,27.443913014978172,43,x_shaped
16,6000,DSIVI,0.6,0.6567442972810481,685666870,16,hmc_chain,seed43_dsivi_x_shaped,27.443913014978172,43,x_shaped
17,6000,DSIVI,0.6,0.7135740513307254,685666870,17,hmc_chain,seed43_dsivi_x_shaped,27.443913014978172,43,x_shaped
18,6000,DSIVI,0.6,0.6630552154241723,685666870,18,hmc_chain,seed43_dsivi_x_shaped,27.443913014978172,43,x_shaped
19,6000,DSIVI,0.6,0.7480422299686637,685666870,19,hmc_chain,seed43_dsivi_x_shaped,27.443913014978172,43,x_shaped
0,8000,DSIVI,0.8,0.7179439495846479,484246714,0,hmc_chain,seed43_dsivi_x_shaped,27.351230340078473,43,x_shaped
1,8000,DSIVI,0.8,0.7155975850697855,484246714,1,hmc_chain,seed43_dsivi_x_shaped,27.351230340078473,43,x_shaped
2,8000,DSIVI,0.8,0.811659092124676,484246714,2,hmc_chain,seed43_dsivi_x_shaped,27.351230340078473,43,x_shaped
3,8000,DSIVI,0.8,0.7955719277895522,484246714,3,hmc_chain,seed43_dsivi_x_shaped,27.351230340078473,43,x_shaped
4,8000,DSIVI,0.8,0.942715486713039,484246714,4,hmc_chain,seed43_dsivi_x_shaped,27.351230340078473,43,x_shaped
5,8000,DSIVI,0.8,0.6733123423387254,484246714,5,hmc_chain,seed43_dsivi_x_shaped,27.351230340078473,43,x_shaped
6,8000,DSIVI,0.8,0.7627060675072918,484246714,6,hmc_chain,seed43_dsivi_x_shaped,27.351230340078473,43,x_shaped
7,8000,DSIVI,0.8,0.9273187010515568,484246714,7,hmc_chain,seed43_dsivi_x_shaped,27.351230340078473,43,x_shaped
8,8000,DSIVI,0.8,0.7470615976976581,484246714,8,hmc_chain,seed43_dsivi_x_shaped,27.351230340078473,43,x_shaped
9,8000,DSIVI,0.8,0.7049336265490298,484246714,9,hmc_chain,seed43_dsivi_x_shaped,27.351230340078473,43,x_shaped
10,8000,DSIVI,0.8,0.7982499479389725,484246714,10,hmc_chain,seed43_dsivi_x_shaped,27.351230340078473,43,x_shaped
11,8000,DSIVI,0.8,0.8175515627659762,484246714,11,hmc_chain,seed43_dsivi_x_shaped,27.351230340078473,43,x_shaped
12,8000,DSIVI,0.8,0.8366815152532789,484246714,12,hmc_chain,seed43_dsivi_x_shaped,27.351230340078473,43,x_shaped
13,8000,DSIVI,0.8,0.8387418448005994,484246714,13,hmc_chain,seed43_dsivi_x_shaped,27.351230340078473,43,x_shaped
14,8000,DSIVI,0.8,0.8008353767400624,484246714,14,hmc_chain,seed43_dsivi_x_shaped,27.351230340078473,43,x_shaped
15,8000,DSIVI,0.8,0.9365115306455505,484246714,15,hmc_chain,seed43_dsivi_x_shaped,27.351230340078473,43,x_shaped
16,8000,DSIVI,0.8,0.8887923261920518,484246714,16,hmc_chain,seed43_dsivi_x_shaped,27.351230340078473,43,x_shaped
17,8000,DSIVI,0.8,0.7445600970113887,484246714,17,hmc_chain,seed43_dsivi_x_shaped,27.351230340078473,43,x_shaped
18,8000,DSIVI,0.8,0.7536043872160897,484246714,18,hmc_chain,seed43_dsivi_x_shaped,27.351230340078473,43,x_shaped
19,8000,DSIVI,0.8,0.7505806493012049,484246714,19,hmc_chain,seed43_dsivi_x_shaped,27.351230340078473,43,x_shaped
0,10000,DSIVI,1.0,0.625620078637545,2070561695,0,hmc_chain,seed43_dsivi_x_shaped,27.77886626534164,43,x_shaped
1,10000,DSIVI,1.0,0.6354932911917593,2070561695,1,hmc_chain,seed43_dsivi_x_shaped,27.77886626534164,43,x_shaped
2,10000,DSIVI,1.0,0.6649706971680607,2070561695,2,hmc_chain,seed43_dsivi_x_shaped,27.77886626534164,43,x_shaped
3,10000,DSIVI,1.0,0.7395733253932576,2070561695,3,hmc_chain,seed43_dsivi_x_shaped,27.77886626534164,43,x_shaped
4,10000,DSIVI,1.0,0.7090327385180915,2070561695,4,hmc_chain,seed43_dsivi_x_shaped,27.77886626534164,43,x_shaped
5,10000,DSIVI,1.0,0.7364137559359083,2070561695,5,hmc_chain,seed43_dsivi_x_shaped,27.77886626534164,43,x_shaped
6,10000,DSIVI,1.0,0.6695991842786047,2070561695,6,hmc_chain,seed43_dsivi_x_shaped,27.77886626534164,43,x_shaped
7,10000,DSIVI,1.0,0.6897489707307334,2070561695,7,hmc_chain,seed43_dsivi_x_shaped,27.77886626534164,43,x_shaped
8,10000,DSIVI,1.0,0.6306953918852822,2070561695,8,hmc_chain,seed43_dsivi_x_shaped,27.77886626534164,43,x_shaped
9,10000,DSIVI,1.0,0.7731764124413563,2070561695,9,hmc_chain,seed43_dsivi_x_shaped,27.77886626534164,43,x_shaped
10,10000,DSIVI,1.0,0.6395562678241924,2070561695,10,hmc_chain,seed43_dsivi_x_shaped,27.77886626534164,43,x_shaped
11,10000,DSIVI,1.0,0.7166389910546291,2070561695,11,hmc_chain,seed43_dsivi_x_shaped,27.77886626534164,43,x_shaped
12,10000,DSIVI,1.0,0.7614607949042772,2070561695,12,hmc_chain,seed43_dsivi_x_shaped,27.77886626534164,43,x_shaped
13,10000,DSIVI,1.0,0.7353126731527471,2070561695,13,hmc_chain,seed43_dsivi_x_shaped,27.77886626534164,43,x_shaped
14,10000,DSIVI,1.0,0.6986888208037184,2070561695,14,hmc_chain,seed43_dsivi_x_shaped,27.77886626534164,43,x_shaped
15,10000,DSIVI,1.0,0.6680895918065914,2070561695,15,hmc_chain,seed43_dsivi_x_shaped,27.77886626534164,43,x_shaped
16,10000,DSIVI,1.0,0.7494268025945876,2070561695,16,hmc_chain,seed43_dsivi_x_shaped,27.77886626534164,43,x_shaped
17,10000,DSIVI,1.0,0.8252738363933638,2070561695,17,hmc_chain,seed43_dsivi_x_shaped,27.77886626534164,43,x_shaped
18,10000,DSIVI,1.0,0.6854822297593604,2070561695,18,hmc_chain,seed43_dsivi_x_shaped,27.77886626534164,43,x_shaped
19,10000,DSIVI,1.0,0.7268818203668838,2070561695,19,hmc_chain,seed43_dsivi_x_shaped,27.77886626534164,43,x_shaped
0,2000,DSIVI,0.2,0.2587579506946925,2096418314,0,hmc_chain,seed45_dsivi_x_shaped,28.75349908955395,45,x_shaped
1,2000,DSIVI,0.2,0.26258166863771604,2096418314,1,hmc_chain,seed45_dsivi_x_shaped,28.75349908955395,45,x_shaped
2,2000,DSIVI,0.2,6.43979919880688,2096418314,2,hmc_chain,seed45_dsivi_x_shaped,28.75349908955395,45,x_shaped
3,2000,DSIVI,0.2,0.5651969020175582,2096418314,3,hmc_chain,seed45_dsivi_x_shaped,28.75349908955395,45,x_shaped
4,2000,DSIVI,0.2,0.3978888535529422,2096418314,4,hmc_chain,seed45_dsivi_x_shaped,28.75349908955395,45,x_shaped
5,2000,DSIVI,0.2,0.2703284559499116,2096418314,5,hmc_chain,seed45_dsivi_x_shaped,28.75349908955395,45,x_shaped
6,2000,DSIVI,0.2,0.26377764966599976,2096418314,6,hmc_chain,seed45_dsivi_x_shaped,28.75349908955395,45,x_shaped
7,2000,DSIVI,0.2,0.4930328130568329,2096418314,7,hmc_chain,seed45_dsivi_x_shaped,28.75349908955395,45,x_shaped
8,2000,DSIVI,0.2,0.3049727762055407,2096418314,8,hmc_chain,seed45_dsivi_x_shaped,28.75349908955395,45,x_shaped
9,2000,DSIVI,0.2,0.33374596480222674,2096418314,9,hmc_chain,seed45_dsivi_x_shaped,28.75349908955395,45,x_shaped
10,2000,DSIVI,0.2,0.3199325302289411,2096418314,10,hmc_chain,seed45_dsivi_x_shaped,28.75349908955395,45,x_shaped
11,2000,DSIVI,0.2,0.23302083579656532,2096418314,11,hmc_chain,seed45_dsivi_x_shaped,28.75349908955395,45,x_shaped
12,2000,DSIVI,0.2,0.2543000222519507,2096418314,12,hmc_chain,seed45_dsivi_x_shaped,28.75349908955395,45,x_shaped
13,2000,DSIVI,0.2,0.464580390203715,2096418314,13,hmc_chain,seed45_dsivi_x_shaped,28.75349908955395,45,x_shaped
14,2000,DSIVI,0.2,0.4598652722192884,2096418314,14,hmc_chain,seed45_dsivi_x_shaped,28.75349908955395,45,x_shaped
15,2000,DSIVI,0.2,0.21519164854615208,2096418314,15,hmc_chain,seed45_dsivi_x_shaped,28.75349908955395,45,x_shaped
16,2000,DSIVI,0.2,0.4018436579895806,2096418314,16,hmc_chain,seed45_dsivi_x_shaped,28.75349908955395,45,x_shaped
17,2000,DSIVI,0.2,0.5987000847008805,2096418314,17,hmc_chain,seed45_dsivi_x_shaped,28.75349908955395,45,x_shaped
18,2000,DSIVI,0.2,0.2881286959665721,2096418314,18,hmc_chain,seed45_dsivi_x_shaped,28.75349908955395,45,x_shaped
19,2000,DSIVI,0.2,0.1992470074058501,2096418314,19,hmc_chain,seed45_dsivi_x_shaped,28.75349908955395,45,x_shaped
0,4000,DSIVI,0.4,0.2004157125091977,1834489822,0,hmc_chain,seed45_dsivi_x_shaped,27.599476039037107,45,x_shaped
1,4000,DSIVI,0.4,0.2843147611635382,1834489822,1,hmc_chain,seed45_dsivi_x_shaped,27.599476039037107,45,x_shaped
2,4000,DSIVI,0.4,0.2818207482229246,1834489822,2,hmc_chain,seed45_dsivi_x_shaped,27.599476039037107,45,x_shaped
3,4000,DSIVI,0.4,0.25054050517734816,1834489822,3,hmc_chain,seed45_dsivi_x_shaped,27.599476039037107,45,x_shaped
4,4000,DSIVI,0.4,0.24334547434510742,1834489822,4,hmc_chain,seed45_dsivi_x_shaped,27.599476039037107,45,x_shaped
5,4000,DSIVI,0.4,0.23015642399341235,1834489822,5,hmc_chain,seed45_dsivi_x_shaped,27.599476039037107,45,x_shaped
6,4000,DSIVI,0.4,0.2018546195143409,1834489822,6,hmc_chain,seed45_dsivi_x_shaped,27.599476039037107,45,x_shaped
7,4000,DSIVI,0.4,0.228163581255663,1834489822,7,hmc_chain,seed45_dsivi_x_shaped,27.599476039037107,45,x_shaped
8,4000,DSIVI,0.4,0.21388923738446686,1834489822,8,hmc_chain,seed45_dsivi_x_shaped,27.599476039037107,45,x_shaped
9,4000,DSIVI,0.4,0.2365611375844195,1834489822,9,hmc_chain,seed45_dsivi_x_shaped,27.599476039037107,45,x_shaped
10,4000,DSIVI,0.4,0.768068438822406,1834489822,10,hmc_chain,seed45_dsivi_x_shaped,27.599476039037107,45,x_shaped
11,4000,DSIVI,0.4,0.23639879634840533,1834489822,11,hmc_chain,seed45_dsivi_x_shaped,27.599476039037107,45,x_shaped
12,4000,DSIVI,0.4,0.2027686320209487,1834489822,12,hmc_chain,seed45_dsivi_x_shaped,27.599476039037107,45,x_shaped
13,4000,DSIVI,0.4,0.2542449254985061,1834489822,13,hmc_chain,seed45_dsivi_x_shaped,27.599476039037107,45,x_shaped
14,4000,DSIVI,0.4,0.2020301572913224,1834489822,14,hmc_chain,seed45_dsivi_x_shaped,27.599476039037107,45,x_shaped
15,4000,DSIVI,0.4,0.2770730064916006,1834489822,15,hmc_chain,seed45_dsivi_x_shaped,27.599476039037107,45,x_shaped
16,4000,DSIVI,0.4,0.27389446961086217,1834489822,16,hmc_chain,seed45_dsivi_x_shaped,27.599476039037107,45,x_shaped
17,4000,DSIVI,0.4,0.21619182965599376,1834489822,17,hmc_chain,seed45_dsivi_x_shaped,27.599476039037107,45,x_shaped
18,4000,DSIVI,0.4,0.25406003925349135,1834489822,18,hmc_chain,seed45_dsivi_x_shaped,27.599476039037107,45,x_shaped
19,4000,DSIVI,0.4,0.1836250320667854,1834489822,19,hmc_chain,seed45_dsivi_x_shaped,27.599476039037107,45,x_shaped
0,6000,DSIVI,0.6,1.9594296570105756,232347588,0,hmc_chain,seed45_dsivi_x_shaped,28.698305920511483,45,x_shaped
1,6000,DSIVI,0.6,0.20110347701129944,232347588,1,hmc_chain,seed45_dsivi_x_shaped,28.698305920511483,45,x_shaped
2,6000,DSIVI,0.6,0.2848709916746039,232347588,2,hmc_chain,seed45_dsivi_x_shaped,28.698305920511483,45,x_shaped
3,6000,DSIVI,0.6,0.3585643935429198,232347588,3,hmc_chain,seed45_dsivi_x_shaped,28.698305920511483,45,x_shaped
4,6000,DSIVI,0.6,0.2657033832206017,232347588,4,hmc_chain,seed45_dsivi_x_shaped,28.698305920511483,45,x_shaped
5,6000,DSIVI,0.6,0.2948829200457374,232347588,5,hmc_chain,seed45_dsivi_x_shaped,28.698305920511483,45,x_shaped
6,6000,DSIVI,0.6,0.31587046096243976,232347588,6,hmc_chain,seed45_dsivi_x_shaped,28.698305920511483,45,x_shaped
7,6000,DSIVI,0.6,0.3078368529662027,232347588,7,hmc_chain,seed45_dsivi_x_shaped,28.698305920511483,45,x_shaped
8,6000,DSIVI,0.6,0.32609566320156536,232347588,8,hmc_chain,seed45_dsivi_x_shaped,28.698305920511483,45,x_shaped
9,6000,DSIVI,0.6,0.2471152177972839,232347588,9,hmc_chain,seed45_dsivi_x_shaped,28.698305920511483,45,x_shaped
10,6000,DSIVI,0.6,0.2539066365747345,232347588,10,hmc_chain,seed45_dsivi_x_shaped,28.698305920511483,45,x_shaped
11,6000,DSIVI,0.6,0.2387112953344463,232347588,11,hmc_chain,seed45_dsivi_x_shaped,28.698305920511483,45,x_shaped
12,6000,DSIVI,0.6,0.282412889267027,232347588,12,hmc_chain,seed45_dsivi_x_shaped,28.698305920511483,45,x_shaped
13,6000,DSIVI,0.6,0.2879712327969833,232347588,13,hmc_chain,seed45_dsivi_x_shaped,28.698305920511483,45,x_shaped
14,6000,DSIVI,0.6,0.2629574203612281,232347588,14,hmc_chain,seed45_dsivi_x_shaped,28.698305920511483,45,x_shaped
15,6000,DSIVI,0.6,0.34875615042608704,232347588,15,hmc_chain,seed45_dsivi_x_shaped,28.698305920511483,45,x_shaped
16,6000,DSIVI,0.6,0.24473478229283835,232347588,16,hmc_chain,seed45_dsivi_x_shaped,28.698305920511483,45,x_shaped
17,6000,DSIVI,0.6,0.28243109200298666,232347588,17,hmc_chain,seed45_dsivi_x_shaped,28.698305920511483,45,x_shaped
18,6000,DSIVI,0.6,0.2749880416643091,232347588,18,hmc_chain,seed45_dsivi_x_shaped,28.698305920511483,45,x_shaped
19,6000,DSIVI,0.6,0.2504756224267436,232347588,19,hmc_chain,seed45_dsivi_x_shaped,28.698305920511483,45,x_shaped
0,8000,DSIVI,0.8,0.23187968547040727,1698068270,0,hmc_chain,seed45_dsivi_x_shaped,28.092581875249742,45,x_shaped
1,8000,DSIVI,0.8,0.20903832748769657,1698068270,1,hmc_chain,seed45_dsivi_x_shaped,28.092581875249742,45,x_shaped
2,8000,DSIVI,0.8,0.20607266772752886,1698068270,2,hmc_chain,seed45_dsivi_x_shaped,28.092581875249742,45,x_shaped
3,8000,DSIVI,0.8,0.20470189835968272,1698068270,3,hmc_chain,seed45_dsivi_x_shaped,28.092581875249742,45,x_shaped
4,8000,DSIVI,0.8,0.3317441967810291,1698068270,4,hmc_chain,seed45_dsivi_x_shaped,28.092581875249742,45,x_shaped
5,8000,DSIVI,0.8,0.3222018369953825,1698068270,5,hmc_chain,seed45_dsivi_x_shaped,28.092581875249742,45,x_shaped
6,8000,DSIVI,0.8,0.2133459616159491,1698068270,6,hmc_chain,seed45_dsivi_x_shaped,28.092581875249742,45,x_shaped
7,8000,DSIVI,0.8,0.18926660030633624,1698068270,7,hmc_chain,seed45_dsivi_x_shaped,28.092581875249742,45,x_shaped
8,8000,DSIVI,0.8,0.19116351732263923,1698068270,8,hmc_chain,seed45_dsivi_x_shaped,28.092581875249742,45,x_shaped
9,8000,DSIVI,0.8,0.2592982758043557,1698068270,9,hmc_chain,seed45_dsivi_x_shaped,28.092581875249742,45,x_shaped
10,8000,DSIVI,0.8,0.28497667749817923,1698068270,10,hmc_chain,seed45_dsivi_x_shaped,28.092581875249742,45,x_shaped
11,8000,DSIVI,0.8,0.20021373575256862,1698068270,11,hmc_chain,seed45_dsivi_x_shaped,28.092581875249742,45,x_shaped
12,8000,DSIVI,0.8,0.1901344182283643,1698068270,12,hmc_chain,seed45_dsivi_x_shaped,28.092581875249742,45,x_shaped
13,8000,DSIVI,0.8,0.22030982637204055,1698068270,13,hmc_chain,seed45_dsivi_x_shaped,28.092581875249742,45,x_shaped
14,8000,DSIVI,0.8,0.27486995295790284,1698068270,14,hmc_chain,seed45_dsivi_x_shaped,28.092581875249742,45,x_shaped
15,8000,DSIVI,0.8,0.18002476434137202,1698068270,15,hmc_chain,seed45_dsivi_x_shaped,28.092581875249742,45,x_shaped
16,8000,DSIVI,0.8,0.2342937008371903,1698068270,16,hmc_chain,seed45_dsivi_x_shaped,28.092581875249742,45,x_shaped
17,8000,DSIVI,0.8,0.1983476062687703,1698068270,17,hmc_chain,seed45_dsivi_x_shaped,28.092581875249742,45,x_shaped
18,8000,DSIVI,0.8,0.18066820273037115,1698068270,18,hmc_chain,seed45_dsivi_x_shaped,28.092581875249742,45,x_shaped
19,8000,DSIVI,0.8,0.19648046189100588,1698068270,19,hmc_chain,seed45_dsivi_x_shaped,28.092581875249742,45,x_shaped
0,10000,DSIVI,1.0,0.19117218810304348,1842817136,0,hmc_chain,seed45_dsivi_x_shaped,26.798013182729484,45,x_shaped
1,10000,DSIVI,1.0,0.20493608421886894,1842817136,1,hmc_chain,seed45_dsivi_x_shaped,26.798013182729484,45,x_shaped
2,10000,DSIVI,1.0,0.2878193571278309,1842817136,2,hmc_chain,seed45_dsivi_x_shaped,26.798013182729484,45,x_shaped
3,10000,DSIVI,1.0,0.20349783347329925,1842817136,3,hmc_chain,seed45_dsivi_x_shaped,26.798013182729484,45,x_shaped
4,10000,DSIVI,1.0,0.2756940022035963,1842817136,4,hmc_chain,seed45_dsivi_x_shaped,26.798013182729484,45,x_shaped
5,10000,DSIVI,1.0,0.2666182534376741,1842817136,5,hmc_chain,seed45_dsivi_x_shaped,26.798013182729484,45,x_shaped
6,10000,DSIVI,1.0,0.18004523905086145,1842817136,6,hmc_chain,seed45_dsivi_x_shaped,26.798013182729484,45,x_shaped
7,10000,DSIVI,1.0,0.27058254058358006,1842817136,7,hmc_chain,seed45_dsivi_x_shaped,26.798013182729484,45,x_shaped
8,10000,DSIVI,1.0,0.2045131653167382,1842817136,8,hmc_chain,seed45_dsivi_x_shaped,26.798013182729484,45,x_shaped
9,10000,DSIVI,1.0,0.2145181050010419,1842817136,9,hmc_chain,seed45_dsivi_x_shaped,26.798013182729484,45,x_shaped
10,10000,DSIVI,1.0,0.22088989299541467,1842817136,10,hmc_chain,seed45_dsivi_x_shaped,26.798013182729484,45,x_shaped
11,10000,DSIVI,1.0,0.2643776820163404,1842817136,11,hmc_chain,seed45_dsivi_x_shaped,26.798013182729484,45,x_shaped
12,10000,DSIVI,1.0,0.24894336484743518,1842817136,12,hmc_chain,seed45_dsivi_x_shaped,26.798013182729484,45,x_shaped
13,10000,DSIVI,1.0,0.23879436803502818,1842817136,13,hmc_chain,seed45_dsivi_x_shaped,26.798013182729484,45,x_shaped
14,10000,DSIVI,1.0,0.26737462660628064,1842817136,14,hmc_chain,seed45_dsivi_x_shaped,26.798013182729484,45,x_shaped
15,10000,DSIVI,1.0,0.2399490449410297,1842817136,15,hmc_chain,seed45_dsivi_x_shaped,26.798013182729484,45,x_shaped
16,10000,DSIVI,1.0,0.20116064849737314,1842817136,16,hmc_chain,seed45_dsivi_x_shaped,26.798013182729484,45,x_shaped
17,10000,DSIVI,1.0,0.2741291349396015,1842817136,17,hmc_chain,seed45_dsivi_x_shaped,26.798013182729484,45,x_shaped
18,10000,DSIVI,1.0,0.2624203297514477,1842817136,18,hmc_chain,seed45_dsivi_x_shaped,26.798013182729484,45,x_shaped
19,10000,DSIVI,1.0,0.3151764862454047,1842817136,19,hmc_chain,seed45_dsivi_x_shaped,26.798013182729484,45,x_shaped
0,2000,DSIVI,0.2,0.13998150612047972,297558986,0,hmc_chain,seed49_dsivi_x_shaped,25.601119530200958,49,x_shaped
1,2000,DSIVI,0.2,0.16874745522173445,297558986,1,hmc_chain,seed49_dsivi_x_shaped,25.601119530200958,49,x_shaped
2,2000,DSIVI,0.2,0.13532425514775676,297558986,2,hmc_chain,seed49_dsivi_x_shaped,25.601119530200958,49,x_shaped
3,2000,DSIVI,0.2,0.14404110646852467,297558986,3,hmc_chain,seed49_dsivi_x_shaped,25.601119530200958,49,x_shaped
4,2000,DSIVI,0.2,0.15170142009368212,297558986,4,hmc_chain,seed49_dsivi_x_shaped,25.601119530200958,49,x_shaped
5,2000,DSIVI,0.2,0.17933164082310776,297558986,5,hmc_chain,seed49_dsivi_x_shaped,25.601119530200958,49,x_shaped
6,2000,DSIVI,0.2,0.15496178839175978,297558986,6,hmc_chain,seed49_dsivi_x_shaped,25.601119530200958,49,x_shaped
7,2000,DSIVI,0.2,0.13565459330246746,297558986,7,hmc_chain,seed49_dsivi_x_shaped,25.601119530200958,49,x_shaped
8,2000,DSIVI,0.2,0.14391418826770785,297558986,8,hmc_chain,seed49_dsivi_x_shaped,25.601119530200958,49,x_shaped
9,2000,DSIVI,0.2,0.17801354027132515,297558986,9,hmc_chain,seed49_dsivi_x_shaped,25.601119530200958,49,x_shaped
10,2000,DSIVI,0.2,0.17586872844571108,297558986,10,hmc_chain,seed49_dsivi_x_shaped,25.601119530200958,49,x_shaped
11,2000,DSIVI,0.2,0.19217013830240465,297558986,11,hmc_chain,seed49_dsivi_x_shaped,25.601119530200958,49,x_shaped
12,2000,DSIVI,0.2,0.1521084689078,297558986,12,hmc_chain,seed49_dsivi_x_shaped,25.601119530200958,49,x_shaped
13,2000,DSIVI,0.2,0.16133527670363956,297558986,13,hmc_chain,seed49_dsivi_x_shaped,25.601119530200958,49,x_shaped
14,2000,DSIVI,0.2,0.1303979438914102,297558986,14,hmc_chain,seed49_dsivi_x_shaped,25.601119530200958,49,x_shaped
15,2000,DSIVI,0.2,0.1329701940801036,297558986,15,hmc_chain,seed49_dsivi_x_shaped,25.601119530200958,49,x_shaped
16,2000,DSIVI,0.2,0.14261410526578375,297558986,16,hmc_chain,seed49_dsivi_x_shaped,25.601119530200958,49,x_shaped
17,2000,DSIVI,0.2,0.2114714199507498,297558986,17,hmc_chain,seed49_dsivi_x_shaped,25.601119530200958,49,x_shaped
18,2000,DSIVI,0.2,0.23322247474495406,297558986,18,hmc_chain,seed49_dsivi_x_shaped,25.601119530200958,49,x_shaped
19,2000,DSIVI,0.2,0.1110005627742382,297558986,19,hmc_chain,seed49_dsivi_x_shaped,25.601119530200958,49,x_shaped
0,4000,DSIVI,0.4,0.14599806419239422,426983795,0,hmc_chain,seed49_dsivi_x_shaped,25.210472003743053,49,x_shaped
1,4000,DSIVI,0.4,0.1630116696251325,426983795,1,hmc_chain,seed49_dsivi_x_shaped,25.210472003743053,49,x_shaped
2,4000,DSIVI,0.4,0.1566630994158111,426983795,2,hmc_chain,seed49_dsivi_x_shaped,25.210472003743053,49,x_shaped
3,4000,DSIVI,0.4,0.1553622301424784,426983795,3,hmc_chain,seed49_dsivi_x_shaped,25.210472003743053,49,x_shaped
4,4000,DSIVI,0.4,0.1487931515332955,426983795,4,hmc_chain,seed49_dsivi_x_shaped,25.210472003743053,49,x_shaped
5,4000,DSIVI,0.4,0.15088248141869331,426983795,5,hmc_chain,seed49_dsivi_x_shaped,25.210472003743053,49,x_shaped
6,4000,DSIVI,0.4,0.1464560354352184,426983795,6,hmc_chain,seed49_dsivi_x_shaped,25.210472003743053,49,x_shaped
7,4000,DSIVI,0.4,0.15957193872344755,426983795,7,hmc_chain,seed49_dsivi_x_shaped,25.210472003743053,49,x_shaped
8,4000,DSIVI,0.4,0.131969225570487,426983795,8,hmc_chain,seed49_dsivi_x_shaped,25.210472003743053,49,x_shaped
9,4000,DSIVI,0.4,0.13446532182056595,426983795,9,hmc_chain,seed49_dsivi_x_shaped,25.210472003743053,49,x_shaped
10,4000,DSIVI,0.4,0.15200116316979614,426983795,10,hmc_chain,seed49_dsivi_x_shaped,25.210472003743053,49,x_shaped
11,4000,DSIVI,0.4,0.14931600322769123,426983795,11,hmc_chain,seed49_dsivi_x_shaped,25.210472003743053,49,x_shaped
12,4000,DSIVI,0.4,0.18478365511330136,426983795,12,hmc_chain,seed49_dsivi_x_shaped,25.210472003743053,49,x_shaped
13,4000,DSIVI,0.4,0.15957708843889284,426983795,13,hmc_chain,seed49_dsivi_x_shaped,25.210472003743053,49,x_shaped
14,4000,DSIVI,0.4,0.17154598076511277,426983795,14,hmc_chain,seed49_dsivi_x_shaped,25.210472003743053,49,x_shaped
15,4000,DSIVI,0.4,0.13673014557242552,426983795,15,hmc_chain,seed49_dsivi_x_shaped,25.210472003743053,49,x_shaped
16,4000,DSIVI,0.4,0.1295517630684911,426983795,16,hmc_chain,seed49_dsivi_x_shaped,25.210472003743053,49,x_shaped
17,4000,DSIVI,0.4,0.13819687739164063,426983795,17,hmc_chain,seed49_dsivi_x_shaped,25.210472003743053,49,x_shaped
18,4000,DSIVI,0.4,0.12482608758358343,426983795,18,hmc_chain,seed49_dsivi_x_shaped,25.210472003743053,49,x_shaped
19,4000,DSIVI,0.4,0.12853116549897908,426983795,19,hmc_chain,seed49_dsivi_x_shaped,25.210472003743053,49,x_shaped
0,6000,DSIVI,0.6,0.18578024122998527,1658386511,0,hmc_chain,seed49_dsivi_x_shaped,25.310564739257096,49,x_shaped
1,6000,DSIVI,0.6,0.19438006370713506,1658386511,1,hmc_chain,seed49_dsivi_x_shaped,25.310564739257096,49,x_shaped
2,6000,DSIVI,0.6,0.14309466721830605,1658386511,2,hmc_chain,seed49_dsivi_x_shaped,25.310564739257096,49,x_shaped
3,6000,DSIVI,0.6,0.14238633353379856,1658386511,3,hmc_chain,seed49_dsivi_x_shaped,25.310564739257096,49,x_shaped
4,6000,DSIVI,0.6,0.1622648013122608,1658386511,4,hmc_chain,seed49_dsivi_x_shaped,25.310564739257096,49,x_shaped
5,6000,DSIVI,0.6,0.18242813689759313,1658386511,5,hmc_chain,seed49_dsivi_x_shaped,25.310564739257096,49,x_shaped
6,6000,DSIVI,0.6,0.21750091880844757,1658386511,6,hmc_chain,seed49_dsivi_x_shaped,25.310564739257096,49,x_shaped
7,6000,DSIVI,0.6,0.16641789239055757,1658386511,7,hmc_chain,seed49_dsivi_x_shaped,25.310564739257096,49,x_shaped
8,6000,DSIVI,0.6,0.176818245177012,1658386511,8,hmc_chain,seed49_dsivi_x_shaped,25.310564739257096,49,x_shaped
9,6000,DSIVI,0.6,0.17619931585673515,1658386511,9,hmc_chain,seed49_dsivi_x_shaped,25.310564739257096,49,x_shaped
10,6000,DSIVI,0.6,0.18392278581983135,1658386511,10,hmc_chain,seed49_dsivi_x_shaped,25.310564739257096,49,x_shaped
11,6000,DSIVI,0.6,0.17393121694849834,1658386511,11,hmc_chain,seed49_dsivi_x_shaped,25.310564739257096,49,x_shaped
12,6000,DSIVI,0.6,0.17477415508897504,1658386511,12,hmc_chain,seed49_dsivi_x_shaped,25.310564739257096,49,x_shaped
13,6000,DSIVI,0.6,0.16980518681525852,1658386511,13,hmc_chain,seed49_dsivi_x_shaped,25.310564739257096,49,x_shaped
14,6000,DSIVI,0.6,0.17403939551903064,1658386511,14,hmc_chain,seed49_dsivi_x_shaped,25.310564739257096,49,x_shaped
15,6000,DSIVI,0.6,0.20800933626992052,1658386511,15,hmc_chain,seed49_dsivi_x_shaped,25.310564739257096,49,x_shaped
16,6000,DSIVI,0.6,0.14713721522814488,1658386511,16,hmc_chain,seed49_dsivi_x_shaped,25.310564739257096,49,x_shaped
17,6000,DSIVI,0.6,0.1401740383400064,1658386511,17,hmc_chain,seed49_dsivi_x_shaped,25.310564739257096,49,x_shaped
18,6000,DSIVI,0.6,0.16388168958379049,1658386511,18,hmc_chain,seed49_dsivi_x_shaped,25.310564739257096,49,x_shaped
19,6000,DSIVI,0.6,0.15242361935068832,1658386511,19,hmc_chain,seed49_dsivi_x_shaped,25.310564739257096,49,x_shaped
0,8000,DSIVI,0.8,0.20591364865961426,284778939,0,hmc_chain,seed49_dsivi_x_shaped,25.527203197777272,49,x_shaped
1,8000,DSIVI,0.8,0.2051924260322271,284778939,1,hmc_chain,seed49_dsivi_x_shaped,25.527203197777272,49,x_shaped
2,8000,DSIVI,0.8,0.2016166232096886,284778939,2,hmc_chain,seed49_dsivi_x_shaped,25.527203197777272,49,x_shaped
3,8000,DSIVI,0.8,0.2795483362535247,284778939,3,hmc_chain,seed49_dsivi_x_shaped,25.527203197777272,49,x_shaped
4,8000,DSIVI,0.8,0.24261209233549988,284778939,4,hmc_chain,seed49_dsivi_x_shaped,25.527203197777272,49,x_shaped
5,8000,DSIVI,0.8,0.199663240421519,284778939,5,hmc_chain,seed49_dsivi_x_shaped,25.527203197777272,49,x_shaped
6,8000,DSIVI,0.8,0.2096562741133525,284778939,6,hmc_chain,seed49_dsivi_x_shaped,25.527203197777272,49,x_shaped
7,8000,DSIVI,0.8,0.2432590591726867,284778939,7,hmc_chain,seed49_dsivi_x_shaped,25.527203197777272,49,x_shaped
8,8000,DSIVI,0.8,0.2710415049233437,284778939,8,hmc_chain,seed49_dsivi_x_shaped,25.527203197777272,49,x_shaped
9,8000,DSIVI,0.8,0.19738683245685587,284778939,9,hmc_chain,seed49_dsivi_x_shaped,25.527203197777272,49,x_shaped
10,8000,DSIVI,0.8,0.24613081494833589,284778939,10,hmc_chain,seed49_dsivi_x_shaped,25.527203197777272,49,x_shaped
11,8000,DSIVI,0.8,0.20988338154195216,284778939,11,hmc_chain,seed49_dsivi_x_shaped,25.527203197777272,49,x_shaped
12,8000,DSIVI,0.8,0.2364384802128863,284778939,12,hmc_chain,seed49_dsivi_x_shaped,25.527203197777272,49,x_shaped
13,8000,DSIVI,0.8,0.2415511808948123,284778939,13,hmc_chain,seed49_dsivi_x_shaped,25.527203197777272,49,x_shaped
14,8000,DSIVI,0.8,0.2087643611037455,284778939,14,hmc_chain,seed49_dsivi_x_shaped,25.527203197777272,49,x_shaped
15,8000,DSIVI,0.8,0.23368566551293396,284778939,15,hmc_chain,seed49_dsivi_x_shaped,25.527203197777272,49,x_shaped
16,8000,DSIVI,0.8,0.28457625698334116,284778939,16,hmc_chain,seed49_dsivi_x_shaped,25.527203197777272,49,x_shaped
17,8000,DSIVI,0.8,0.21832185249822145,284778939,17,hmc_chain,seed49_dsivi_x_shaped,25.527203197777272,49,x_shaped
18,8000,DSIVI,0.8,0.18865415892647078,284778939,18,hmc_chain,seed49_dsivi_x_shaped,25.527203197777272,49,x_shaped
19,8000,DSIVI,0.8,0.23954645227480775,284778939,19,hmc_chain,seed49_dsivi_x_shaped,25.527203197777272,49,x_shaped
0,10000,DSIVI,1.0,0.2730900888286952,362855313,0,hmc_chain,seed49_dsivi_x_shaped,25.37351783066988,49,x_shaped
1,10000,DSIVI,1.0,0.26325726343721345,362855313,1,hmc_chain,seed49_dsivi_x_shaped,25.37351783066988,49,x_shaped
2,10000,DSIVI,1.0,0.22496659832669366,362855313,2,hmc_chain,seed49_dsivi_x_shaped,25.37351783066988,49,x_shaped
3,10000,DSIVI,1.0,0.2744085765938129,362855313,3,hmc_chain,seed49_dsivi_x_shaped,25.37351783066988,49,x_shaped
4,10000,DSIVI,1.0,0.23188897531409963,362855313,4,hmc_chain,seed49_dsivi_x_shaped,25.37351783066988,49,x_shaped
5,10000,DSIVI,1.0,0.2675500687796153,362855313,5,hmc_chain,seed49_dsivi_x_shaped,25.37351783066988,49,x_shaped
6,10000,DSIVI,1.0,0.20238708366481215,362855313,6,hmc_chain,seed49_dsivi_x_shaped,25.37351783066988,49,x_shaped
7,10000,DSIVI,1.0,0.2745369280735122,362855313,7,hmc_chain,seed49_dsivi_x_shaped,25.37351783066988,49,x_shaped
8,10000,DSIVI,1.0,0.26377657321087966,362855313,8,hmc_chain,seed49_dsivi_x_shaped,25.37351783066988,49,x_shaped
9,10000,DSIVI,1.0,0.20409765234156552,362855313,9,hmc_chain,seed49_dsivi_x_shaped,25.37351783066988,49,x_shaped
10,10000,DSIVI,1.0,0.2745385569364174,362855313,10,hmc_chain,seed49_dsivi_x_shaped,25.37351783066988,49,x_shaped
11,10000,DSIVI,1.0,0.22557734266968127,362855313,11,hmc_chain,seed49_dsivi_x_shaped,25.37351783066988,49,x_shaped
12,10000,DSIVI,1.0,0.36769661762257566,362855313,12,hmc_chain,seed49_dsivi_x_shaped,25.37351783066988,49,x_shaped
13,10000,DSIVI,1.0,0.2518771507970738,362855313,13,hmc_chain,seed49_dsivi_x_shaped,25.37351783066988,49,x_shaped
14,10000,DSIVI,1.0,0.26741834715964563,362855313,14,hmc_chain,seed49_dsivi_x_shaped,25.37351783066988,49,x_shaped
15,10000,DSIVI,1.0,0.22641318260145138,362855313,15,hmc_chain,seed49_dsivi_x_shaped,25.37351783066988,49,x_shaped
16,10000,DSIVI,1.0,0.262145167973969,362855313,16,hmc_chain,seed49_dsivi_x_shaped,25.37351783066988,49,x_shaped
17,10000,DSIVI,1.0,0.2891284092563031,362855313,17,hmc_chain,seed49_dsivi_x_shaped,25.37351783066988,49,x_shaped
18,10000,DSIVI,1.0,0.21714024670088924,362855313,18,hmc_chain,seed49_dsivi_x_shaped,25.37351783066988,49,x_shaped
19,10000,DSIVI,1.0,0.27685828585793926,362855313,19,hmc_chain,seed49_dsivi_x_shaped,25.37351783066988,49,x_shaped
0,2000,DSIVI,0.2,0.7876093501574121,1168840387,0,hmc_chain,seed50_dsivi_x_shaped,28.662882381677626,50,x_shaped
1,2000,DSIVI,0.2,0.339271097508665,1168840387,1,hmc_chain,seed50_dsivi_x_shaped,28.662882381677626,50,x_shaped
2,2000,DSIVI,0.2,1.2486537593823954,1168840387,2,hmc_chain,seed50_dsivi_x_shaped,28.662882381677626,50,x_shaped
3,2000,DSIVI,0.2,0.4378122506519615,1168840387,3,hmc_chain,seed50_dsivi_x_shaped,28.662882381677626,50,x_shaped
4,2000,DSIVI,0.2,0.5365878252617513,1168840387,4,hmc_chain,seed50_dsivi_x_shaped,28.662882381677626,50,x_shaped
5,2000,DSIVI,0.2,1.1411399693888122,1168840387,5,hmc_chain,seed50_dsivi_x_shaped,28.662882381677626,50,x_shaped
6,2000,DSIVI,0.2,5.000281048147543,1168840387,6,hmc_chain,seed50_dsivi_x_shaped,28.662882381677626,50,x_shaped
7,2000,DSIVI,0.2,9.883604810200879,1168840387,7,hmc_chain,seed50_dsivi_x_shaped,28.662882381677626,50,x_shaped
8,2000,DSIVI,0.2,0.48468915266966206,1168840387,8,hmc_chain,seed50_dsivi_x_shaped,28.662882381677626,50,x_shaped
9,2000,DSIVI,0.2,2.297186704186636,1168840387,9,hmc_chain,seed50_dsivi_x_shaped,28.662882381677626,50,x_shaped
10,2000,DSIVI,0.2,6.155316695468496,1168840387,10,hmc_chain,seed50_dsivi_x_shaped,28.662882381677626,50,x_shaped
11,2000,DSIVI,0.2,0.302403799583028,1168840387,11,hmc_chain,seed50_dsivi_x_shaped,28.662882381677626,50,x_shaped
12,2000,DSIVI,0.2,2.268464785933563,1168840387,12,hmc_chain,seed50_dsivi_x_shaped,28.662882381677626,50,x_shaped
13,2000,DSIVI,0.2,1.299332164073307,1168840387,13,hmc_chain,seed50_dsivi_x_shaped,28.662882381677626,50,x_shaped
14,2000,DSIVI,0.2,5.045282118377558,1168840387,14,hmc_chain,seed50_dsivi_x_shaped,28.662882381677626,50,x_shaped
15,2000,DSIVI,0.2,0.3811152875478819,1168840387,15,hmc_chain,seed50_dsivi_x_shaped,28.662882381677626,50,x_shaped
16,2000,DSIVI,0.2,1.7272374215162394,1168840387,16,hmc_chain,seed50_dsivi_x_shaped,28.662882381677626,50,x_shaped
17,2000,DSIVI,0.2,1.0841242800810977,1168840387,17,hmc_chain,seed50_dsivi_x_shaped,28.662882381677626,50,x_shaped
18,2000,DSIVI,0.2,0.4334258264898405,1168840387,18,hmc_chain,seed50_dsivi_x_shaped,28.662882381677626,50,x_shaped
19,2000,DSIVI,0.2,0.582504281607547,1168840387,19,hmc_chain,seed50_dsivi_x_shaped,28.662882381677626,50,x_shaped
0,4000,DSIVI,0.4,2.158780451021764,2099852155,0,hmc_chain,seed50_dsivi_x_shaped,28.248083609715103,50,x_shaped
1,4000,DSIVI,0.4,5.14135344772236,2099852155,1,hmc_chain,seed50_dsivi_x_shaped,28.248083609715103,50,x_shaped
2,4000,DSIVI,0.4,1.7406900479641403,2099852155,2,hmc_chain,seed50_dsivi_x_shaped,28.248083609715103,50,x_shaped
3,4000,DSIVI,0.4,1.1516365884829143,2099852155,3,hmc_chain,seed50_dsivi_x_shaped,28.248083609715103,50,x_shaped
4,4000,DSIVI,0.4,1.1645642492104065,2099852155,4,hmc_chain,seed50_dsivi_x_shaped,28.248083609715103,50,x_shaped
5,4000,DSIVI,0.4,0.6513656551505287,2099852155,5,hmc_chain,seed50_dsivi_x_shaped,28.248083609715103,50,x_shaped
6,4000,DSIVI,0.4,2.3324718348898816,2099852155,6,hmc_chain,seed50_dsivi_x_shaped,28.248083609715103,50,x_shaped
7,4000,DSIVI,0.4,3.3631013602770863,2099852155,7,hmc_chain,seed50_dsivi_x_shaped,28.248083609715103,50,x_shaped
8,4000,DSIVI,0.4,1.1659889643737613,2099852155,8,hmc_chain,seed50_dsivi_x_shaped,28.248083609715103,50,x_shaped
9,4000,DSIVI,0.4,2.77224062303082,2099852155,9,hmc_chain,seed50_dsivi_x_shaped,28.248083609715103,50,x_shaped
10,4000,DSIVI,0.4,1.7097288589476691,2099852155,10,hmc_chain,seed50_dsivi_x_shaped,28.248083609715103,50,x_shaped
11,4000,DSIVI,0.4,0.5884150345813861,2099852155,11,hmc_chain,seed50_dsivi_x_shaped,28.248083609715103,50,x_shaped
12,4000,DSIVI,0.4,0.6038300117916184,2099852155,12,hmc_chain,seed50_dsivi_x_shaped,28.248083609715103,50,x_shaped
13,4000,DSIVI,0.4,0.5951314811233317,2099852155,13,hmc_chain,seed50_dsivi_x_shaped,28.248083609715103,50,x_shaped
14,4000,DSIVI,0.4,3.8271366241265152,2099852155,14,hmc_chain,seed50_dsivi_x_shaped,28.248083609715103,50,x_shaped
15,4000,DSIVI,0.4,0.9736821615092873,2099852155,15,hmc_chain,seed50_dsivi_x_shaped,28.248083609715103,50,x_shaped
16,4000,DSIVI,0.4,2.5449111109072238,2099852155,16,hmc_chain,seed50_dsivi_x_shaped,28.248083609715103,50,x_shaped
17,4000,DSIVI,0.4,2.4217755763170756,2099852155,17,hmc_chain,seed50_dsivi_x_shaped,28.248083609715103,50,x_shaped
18,4000,DSIVI,0.4,0.6619506642367934,2099852155,18,hmc_chain,seed50_dsivi_x_shaped,28.248083609715103,50,x_shaped
19,4000,DSIVI,0.4,4.131635728393819,2099852155,19,hmc_chain,seed50_dsivi_x_shaped,28.248083609715103,50,x_shaped
0,6000,DSIVI,0.6,0.7132646997024551,385749685,0,hmc_chain,seed50_dsivi_x_shaped,27.957977485656738,50,x_shaped
1,6000,DSIVI,0.6,0.8213857927356427,385749685,1,hmc_chain,seed50_dsivi_x_shaped,27.957977485656738,50,x_shaped
2,6000,DSIVI,0.6,1.489484368894402,385749685,2,hmc_chain,seed50_dsivi_x_shaped,27.957977485656738,50,x_shaped
3,6000,DSIVI,0.6,0.6779626290919141,385749685,3,hmc_chain,seed50_dsivi_x_shaped,27.957977485656738,50,x_shaped
4,6000,DSIVI,0.6,1.0396239298390428,385749685,4,hmc_chain,seed50_dsivi_x_shaped,27.957977485656738,50,x_shaped
5,6000,DSIVI,0.6,1.8227577712896657,385749685,5,hmc_chain,seed50_dsivi_x_shaped,27.957977485656738,50,x_shaped
6,6000,DSIVI,0.6,16.838582085688518,385749685,6,hmc_chain,seed50_dsivi_x_shaped,27.957977485656738,50,x_shaped
7,6000,DSIVI,0.6,1.831595347534428,385749685,7,hmc_chain,seed50_dsivi_x_shaped,27.957977485656738,50,x_shaped
8,6000,DSIVI,0.6,1.4032869572711375,385749685,8,hmc_chain,seed50_dsivi_x_shaped,27.957977485656738,50,x_shaped
9,6000,DSIVI,0.6,0.8684589663668474,385749685,9,hmc_chain,seed50_dsivi_x_shaped,27.957977485656738,50,x_shaped
10,6000,DSIVI,0.6,0.5990914239691092,385749685,10,hmc_chain,seed50_dsivi_x_shaped,27.957977485656738,50,x_shaped
11,6000,DSIVI,0.6,1.2342458029432004,385749685,11,hmc_chain,seed50_dsivi_x_shaped,27.957977485656738,50,x_shaped
12,6000,DSIVI,0.6,1.1482915008654757,385749685,12,hmc_chain,seed50_dsivi_x_shaped,27.957977485656738,50,x_shaped
13,6000,DSIVI,0.6,0.8405334173086214,385749685,13,hmc_chain,seed50_dsivi_x_shaped,27.957977485656738,50,x_shaped
14,6000,DSIVI,0.6,0.8618479508553747,385749685,14,hmc_chain,seed50_dsivi_x_shaped,27.957977485656738,50,x_shaped
15,6000,DSIVI,0.6,0.7607571052158704,385749685,15,hmc_chain,seed50_dsivi_x_shaped,27.957977485656738,50,x_shaped
16,6000,DSIVI,0.6,0.9132014998207536,385749685,16,hmc_chain,seed50_dsivi_x_shaped,27.957977485656738,50,x_shaped
17,6000,DSIVI,0.6,0.6665644063126972,385749685,17,hmc_chain,seed50_dsivi_x_shaped,27.957977485656738,50,x_shaped
18,6000,DSIVI,0.6,1.1195089401902758,385749685,18,hmc_chain,seed50_dsivi_x_shaped,27.957977485656738,50,x_shaped
19,6000,DSIVI,0.6,1.1487789464947489,385749685,19,hmc_chain,seed50_dsivi_x_shaped,27.957977485656738,50,x_shaped
0,8000,DSIVI,0.8,1.2714308452954233,1960267657,0,hmc_chain,seed50_dsivi_x_shaped,28.398126466572286,50,x_shaped
1,8000,DSIVI,0.8,1.1135331407876325,1960267657,1,hmc_chain,seed50_dsivi_x_shaped,28.398126466572286,50,x_shaped
2,8000,DSIVI,0.8,1.248927677050614,1960267657,2,hmc_chain,seed50_dsivi_x_shaped,28.398126466572286,50,x_shaped
3,8000,DSIVI,0.8,0.7376680770561971,1960267657,3,hmc_chain,seed50_dsivi_x_shaped,28.398126466572286,50,x_shaped
4,8000,DSIVI,0.8,1.5744007255882329,1960267657,4,hmc_chain,seed50_dsivi_x_shaped,28.398126466572286,50,x_shaped
5,8000,DSIVI,0.8,2.969354282370311,1960267657,5,hmc_chain,seed50_dsivi_x_shaped,28.398126466572286,50,x_shaped
6,8000,DSIVI,0.8,1.2751171469882487,1960267657,6,hmc_chain,seed50_dsivi_x_shaped,28.398126466572286,50,x_shaped
7,8000,DSIVI,0.8,0.967587623736752,1960267657,7,hmc_chain,seed50_dsivi_x_shaped,28.398126466572286,50,x_shaped
8,8000,DSIVI,0.8,1.274858435400554,1960267657,8,hmc_chain,seed50_dsivi_x_shaped,28.398126466572286,50,x_shaped
9,8000,DSIVI,0.8,0.9089655537368434,1960267657,9,hmc_chain,seed50_dsivi_x_shaped,28.398126466572286,50,x_shaped
10,8000,DSIVI,0.8,1.9950190952442979,1960267657,10,hmc_chain,seed50_dsivi_x_shaped,28.398126466572286,50,x_shaped
11,8000,DSIVI,0.8,0.8822976014577468,1960267657,11,hmc_chain,seed50_dsivi_x_shaped,28.398126466572286,50,x_shaped
12,8000,DSIVI,0.8,1.257751701085874,1960267657,12,hmc_chain,seed50_dsivi_x_shaped,28.398126466572286,50,x_shaped
13,8000,DSIVI,0.8,2.395438200303767,1960267657,13,hmc_chain,seed50_dsivi_x_shaped,28.398126466572286,50,x_shaped
14,8000,DSIVI,0.8,0.7543299254405638,1960267657,14,hmc_chain,seed50_dsivi_x_shaped,28.398126466572286,50,x_shaped
15,8000,DSIVI,0.8,0.7163903675898762,1960267657,15,hmc_chain,seed50_dsivi_x_shaped,28.398126466572286,50,x_shaped
16,8000,DSIVI,0.8,1.2101826433966076,1960267657,16,hmc_chain,seed50_dsivi_x_shaped,28.398126466572286,50,x_shaped
17,8000,DSIVI,0.8,1.7281064320302155,1960267657,17,hmc_chain,seed50_dsivi_x_shaped,28.398126466572286,50,x_shaped
18,8000,DSIVI,0.8,2.604013259071679,1960267657,18,hmc_chain,seed50_dsivi_x_shaped,28.398126466572286,50,x_shaped
19,8000,DSIVI,0.8,1.343895352440939,1960267657,19,hmc_chain,seed50_dsivi_x_shaped,28.398126466572286,50,x_shaped
0,10000,DSIVI,1.0,0.8186505007209322,436695484,0,hmc_chain,seed50_dsivi_x_shaped,28.700163327902555,50,x_shaped
1,10000,DSIVI,1.0,2.644728335819968,436695484,1,hmc_chain,seed50_dsivi_x_shaped,28.700163327902555,50,x_shaped
2,10000,DSIVI,1.0,1.0155352089584366,436695484,2,hmc_chain,seed50_dsivi_x_shaped,28.700163327902555,50,x_shaped
3,10000,DSIVI,1.0,1.4871668942011929,436695484,3,hmc_chain,seed50_dsivi_x_shaped,28.700163327902555,50,x_shaped
4,10000,DSIVI,1.0,0.8237711979599301,436695484,4,hmc_chain,seed50_dsivi_x_shaped,28.700163327902555,50,x_shaped
5,10000,DSIVI,1.0,2.007427512178614,436695484,5,hmc_chain,seed50_dsivi_x_shaped,28.700163327902555,50,x_shaped
6,10000,DSIVI,1.0,2.3945787848047346,436695484,6,hmc_chain,seed50_dsivi_x_shaped,28.700163327902555,50,x_shaped
7,10000,DSIVI,1.0,1.9838704442834056,436695484,7,hmc_chain,seed50_dsivi_x_shaped,28.700163327902555,50,x_shaped
8,10000,DSIVI,1.0,3.1297297405952293,436695484,8,hmc_chain,seed50_dsivi_x_shaped,28.700163327902555,50,x_shaped
9,10000,DSIVI,1.0,1.12796660339799,436695484,9,hmc_chain,seed50_dsivi_x_shaped,28.700163327902555,50,x_shaped
10,10000,DSIVI,1.0,0.9952833422128484,436695484,10,hmc_chain,seed50_dsivi_x_shaped,28.700163327902555,50,x_shaped
11,10000,DSIVI,1.0,1.3970980769938484,436695484,11,hmc_chain,seed50_dsivi_x_shaped,28.700163327902555,50,x_shaped
12,10000,DSIVI,1.0,2.5184289587792543,436695484,12,hmc_chain,seed50_dsivi_x_shaped,28.700163327902555,50,x_shaped
13,10000,DSIVI,1.0,0.9673166551316154,436695484,13,hmc_chain,seed50_dsivi_x_shaped,28.700163327902555,50,x_shaped
14,10000,DSIVI,1.0,4.261470041304324,436695484,14,hmc_chain,seed50_dsivi_x_shaped,28.700163327902555,50,x_shaped
15,10000,DSIVI,1.0,2.6877411042925847,436695484,15,hmc_chain,seed50_dsivi_x_shaped,28.700163327902555,50,x_shaped
16,10000,DSIVI,1.0,0.8424358406357934,436695484,16,hmc_chain,seed50_dsivi_x_shaped,28.700163327902555,50,x_shaped
17,10000,DSIVI,1.0,1.0365183456805704,436695484,17,hmc_chain,seed50_dsivi_x_shaped,28.700163327902555,50,x_shaped
18,10000,DSIVI,1.0,2.3297506637478453,436695484,18,hmc_chain,seed50_dsivi_x_shaped,28.700163327902555,50,x_shaped
19,10000,DSIVI,1.0,0.7690125662507877,436695484,19,hmc_chain,seed50_dsivi_x_shaped,28.700163327902555,50,x_shaped
0,2000,SIVI,0.2,0.049519805411079545,294169141,0,hmc_chain,seed42_sivi_8_gaussians,29.205490239337088,42,8_gaussians
1,2000,SIVI,0.2,0.061994654518921,294169141,1,hmc_chain,seed42_sivi_8_gaussians,29.205490239337088,42,8_gaussians
2,2000,SIVI,0.2,0.0526780216363878,294169141,2,hmc_chain,seed42_sivi_8_gaussians,29.205490239337088,42,8_gaussians
3,2000,SIVI,0.2,0.05296051923665768,294169141,3,hmc_chain,seed42_sivi_8_gaussians,29.205490239337088,42,8_gaussians
4,2000,SIVI,0.2,0.07870707902944107,294169141,4,hmc_chain,seed42_sivi_8_gaussians,29.205490239337088,42,8_gaussians
5,2000,SIVI,0.2,0.05780474761209693,294169141,5,hmc_chain,seed42_sivi_8_gaussians,29.205490239337088,42,8_gaussians
6,2000,SIVI,0.2,0.09776951552050421,294169141,6,hmc_chain,seed42_sivi_8_gaussians,29.205490239337088,42,8_gaussians
7,2000,SIVI,0.2,0.035569369011551895,294169141,7,hmc_chain,seed42_sivi_8_gaussians,29.205490239337088,42,8_gaussians
8,2000,SIVI,0.2,0.0503153531308096,294169141,8,hmc_chain,seed42_sivi_8_gaussians,29.205490239337088,42,8_gaussians
9,2000,SIVI,0.2,0.058937757593384016,294169141,9,hmc_chain,seed42_sivi_8_gaussians,29.205490239337088,42,8_gaussians
10,2000,SIVI,0.2,0.09616769653425666,294169141,10,hmc_chain,seed42_sivi_8_gaussians,29.205490239337088,42,8_gaussians
11,2000,SIVI,0.2,0.055142131164139144,294169141,11,hmc_chain,seed42_sivi_8_gaussians,29.205490239337088,42,8_gaussians
12,2000,SIVI,0.2,0.06846943122452112,294169141,12,hmc_chain,seed42_sivi_8_gaussians,29.205490239337088,42,8_gaussians
13,2000,SIVI,0.2,0.11439893621305333,294169141,13,hmc_chain,seed42_sivi_8_gaussians,29.205490239337088,42,8_gaussians
14,2000,SIVI,0.2,0.0529350593174813,294169141,14,hmc_chain,seed42_sivi_8_gaussians,29.205490239337088,42,8_gaussians
15,2000,SIVI,0.2,0.035487148139226196,294169141,15,hmc_chain,seed42_sivi_8_gaussians,29.205490239337088,42,8_gaussians
16,2000,SIVI,0.2,0.05593577297284218,294169141,16,hmc_chain,seed42_sivi_8_gaussians,29.205490239337088,42,8_gaussians
17,2000,SIVI,0.2,0.04308819457009241,294169141,17,hmc_chain,seed42_sivi_8_gaussians,29.205490239337088,42,8_gaussians
18,2000,SIVI,0.2,0.08360526382597841,294169141,18,hmc_chain,seed42_sivi_8_gaussians,29.205490239337088,42,8_gaussians
19,2000,SIVI,0.2,0.05234459684330341,294169141,19,hmc_chain,seed42_sivi_8_gaussians,29.205490239337088,42,8_gaussians
0,4000,SIVI,0.4,0.09756768677029004,2102158687,0,hmc_chain,seed42_sivi_8_gaussians,27.6939933039248,42,8_gaussians
1,4000,SIVI,0.4,0.10823729662359312,2102158687,1,hmc_chain,seed42_sivi_8_gaussians,27.6939933039248,42,8_gaussians
2,4000,SIVI,0.4,0.0736630264365468,2102158687,2,hmc_chain,seed42_sivi_8_gaussians,27.6939933039248,42,8_gaussians
3,4000,SIVI,0.4,0.07942692145078126,2102158687,3,hmc_chain,seed42_sivi_8_gaussians,27.6939933039248,42,8_gaussians
4,4000,SIVI,0.4,0.0821652856397066,2102158687,4,hmc_chain,seed42_sivi_8_gaussians,27.6939933039248,42,8_gaussians
5,4000,SIVI,0.4,0.08943030432853637,2102158687,5,hmc_chain,seed42_sivi_8_gaussians,27.6939933039248,42,8_gaussians
6,4000,SIVI,0.4,0.07788674076955654,2102158687,6,hmc_chain,seed42_sivi_8_gaussians,27.6939933039248,42,8_gaussians
7,4000,SIVI,0.4,0.11463358147239469,2102158687,7,hmc_chain,seed42_sivi_8_gaussians,27.6939933039248,42,8_gaussians
8,4000,SIVI,0.4,0.09624203395883374,2102158687,8,hmc_chain,seed42_sivi_8_gaussians,27.6939933039248,42,8_gaussians
9,4000,SIVI,0.4,0.0901198469785494,2102158687,9,hmc_chain,seed42_sivi_8_gaussians,27.6939933039248,42,8_gaussians
10,4000,SIVI,0.4,0.10836262624323448,2102158687,10,hmc_chain,seed42_sivi_8_gaussians,27.6939933039248,42,8_gaussians
11,4000,SIVI,0.4,0.10188283498556842,2102158687,11,hmc_chain,seed42_sivi_8_gaussians,27.6939933039248,42,8_gaussians
12,4000,SIVI,0.4,0.07460772324825511,2102158687,12,hmc_chain,seed42_sivi_8_gaussians,27.6939933039248,42,8_gaussians
13,4000,SIVI,0.4,0.09153492911541018,2102158687,13,hmc_chain,seed42_sivi_8_gaussians,27.6939933039248,42,8_gaussians
14,4000,SIVI,0.4,0.10574117244645671,2102158687,14,hmc_chain,seed42_sivi_8_gaussians,27.6939933039248,42,8_gaussians
15,4000,SIVI,0.4,0.09213138996116058,2102158687,15,hmc_chain,seed42_sivi_8_gaussians,27.6939933039248,42,8_gaussians
16,4000,SIVI,0.4,0.12408422556142545,2102158687,16,hmc_chain,seed42_sivi_8_gaussians,27.6939933039248,42,8_gaussians
17,4000,SIVI,0.4,0.09296705370019888,2102158687,17,hmc_chain,seed42_sivi_8_gaussians,27.6939933039248,42,8_gaussians
18,4000,SIVI,0.4,0.08483903914866397,2102158687,18,hmc_chain,seed42_sivi_8_gaussians,27.6939933039248,42,8_gaussians
19,4000,SIVI,0.4,0.09157556078626461,2102158687,19,hmc_chain,seed42_sivi_8_gaussians,27.6939933039248,42,8_gaussians
0,6000,SIVI,0.6,0.17176179677336162,1033003622,0,hmc_chain,seed42_sivi_8_gaussians,29.383462417125703,42,8_gaussians
1,6000,SIVI,0.6,0.14399415015862221,1033003622,1,hmc_chain,seed42_sivi_8_gaussians,29.383462417125703,42,8_gaussians
2,6000,SIVI,0.6,0.11738028832392325,1033003622,2,hmc_chain,seed42_sivi_8_gaussians,29.383462417125703,42,8_gaussians
3,6000,SIVI,0.6,0.09375889651094094,1033003622,3,hmc_chain,seed42_sivi_8_gaussians,29.383462417125703,42,8_gaussians
4,6000,SIVI,0.6,0.10466611586861171,1033003622,4,hmc_chain,seed42_sivi_8_gaussians,29.383462417125703,42,8_gaussians
5,6000,SIVI,0.6,0.12238232489317898,1033003622,5,hmc_chain,seed42_sivi_8_gaussians,29.383462417125703,42,8_gaussians
6,6000,SIVI,0.6,0.0908968385295365,1033003622,6,hmc_chain,seed42_sivi_8_gaussians,29.383462417125703,42,8_gaussians
7,6000,SIVI,0.6,0.15214507982245384,1033003622,7,hmc_chain,seed42_sivi_8_gaussians,29.383462417125703,42,8_gaussians
8,6000,SIVI,0.6,0.17088315831717316,1033003622,8,hmc_chain,seed42_sivi_8_gaussians,29.383462417125703,42,8_gaussians
9,6000,SIVI,0.6,0.10292256906784675,1033003622,9,hmc_chain,seed42_sivi_8_gaussians,29.383462417125703,42,8_gaussians
10,6000,SIVI,0.6,0.11694441419636734,1033003622,10,hmc_chain,seed42_sivi_8_gaussians,29.383462417125703,42,8_gaussians
11,6000,SIVI,0.6,0.11615794379010655,1033003622,11,hmc_chain,seed42_sivi_8_gaussians,29.383462417125703,42,8_gaussians
12,6000,SIVI,0.6,0.12509145737251515,1033003622,12,hmc_chain,seed42_sivi_8_gaussians,29.383462417125703,42,8_gaussians
13,6000,SIVI,0.6,0.1364665862134266,1033003622,13,hmc_chain,seed42_sivi_8_gaussians,29.383462417125703,42,8_gaussians
14,6000,SIVI,0.6,0.13957036096650158,1033003622,14,hmc_chain,seed42_sivi_8_gaussians,29.383462417125703,42,8_gaussians
15,6000,SIVI,0.6,0.17091572629530072,1033003622,15,hmc_chain,seed42_sivi_8_gaussians,29.383462417125703,42,8_gaussians
16,6000,SIVI,0.6,0.17702955881802068,1033003622,16,hmc_chain,seed42_sivi_8_gaussians,29.383462417125703,42,8_gaussians
17,6000,SIVI,0.6,0.13264189478892074,1033003622,17,hmc_chain,seed42_sivi_8_gaussians,29.383462417125703,42,8_gaussians
18,6000,SIVI,0.6,0.128018857712217,1033003622,18,hmc_chain,seed42_sivi_8_gaussians,29.383462417125703,42,8_gaussians
19,6000,SIVI,0.6,0.11484420156278564,1033003622,19,hmc_chain,seed42_sivi_8_gaussians,29.383462417125703,42,8_gaussians
0,8000,SIVI,0.8,0.2974947329543414,102090858,0,hmc_chain,seed42_sivi_8_gaussians,29.35521815419197,42,8_gaussians
1,8000,SIVI,0.8,0.29563466989659926,102090858,1,hmc_chain,seed42_sivi_8_gaussians,29.35521815419197,42,8_gaussians
2,8000,SIVI,0.8,0.32453710656047674,102090858,2,hmc_chain,seed42_sivi_8_gaussians,29.35521815419197,42,8_gaussians
3,8000,SIVI,0.8,0.3880054559273085,102090858,3,hmc_chain,seed42_sivi_8_gaussians,29.35521815419197,42,8_gaussians
4,8000,SIVI,0.8,0.3786966428433831,102090858,4,hmc_chain,seed42_sivi_8_gaussians,29.35521815419197,42,8_gaussians
5,8000,SIVI,0.8,0.25349976337332686,102090858,5,hmc_chain,seed42_sivi_8_gaussians,29.35521815419197,42,8_gaussians
6,8000,SIVI,0.8,0.33445165409745303,102090858,6,hmc_chain,seed42_sivi_8_gaussians,29.35521815419197,42,8_gaussians
7,8000,SIVI,0.8,0.3057991242925486,102090858,7,hmc_chain,seed42_sivi_8_gaussians,29.35521815419197,42,8_gaussians
8,8000,SIVI,0.8,0.268008327176353,102090858,8,hmc_chain,seed42_sivi_8_gaussians,29.35521815419197,42,8_gaussians
9,8000,SIVI,0.8,0.33028869420543017,102090858,9,hmc_chain,seed42_sivi_8_gaussians,29.35521815419197,42,8_gaussians
10,8000,SIVI,0.8,0.23575338536950807,102090858,10,hmc_chain,seed42_sivi_8_gaussians,29.35521815419197,42,8_gaussians
11,8000,SIVI,0.8,0.322459267946508,102090858,11,hmc_chain,seed42_sivi_8_gaussians,29.35521815419197,42,8_gaussians
12,8000,SIVI,0.8,0.21856300247987054,102090858,12,hmc_chain,seed42_sivi_8_gaussians,29.35521815419197,42,8_gaussians
13,8000,SIVI,0.8,0.24297318218601144,102090858,13,hmc_chain,seed42_sivi_8_gaussians,29.35521815419197,42,8_gaussians
14,8000,SIVI,0.8,0.3186338862826227,102090858,14,hmc_chain,seed42_sivi_8_gaussians,29.35521815419197,42,8_gaussians
15,8000,SIVI,0.8,0.30412271359066206,102090858,15,hmc_chain,seed42_sivi_8_gaussians,29.35521815419197,42,8_gaussians
16,8000,SIVI,0.8,0.3645792258380876,102090858,16,hmc_chain,seed42_sivi_8_gaussians,29.35521815419197,42,8_gaussians
17,8000,SIVI,0.8,0.23317890193929003,102090858,17,hmc_chain,seed42_sivi_8_gaussians,29.35521815419197,42,8_gaussians
18,8000,SIVI,0.8,0.3113008396360821,102090858,18,hmc_chain,seed42_sivi_8_gaussians,29.35521815419197,42,8_gaussians
19,8000,SIVI,0.8,0.3599218856895548,102090858,19,hmc_chain,seed42_sivi_8_gaussians,29.35521815419197,42,8_gaussians
0,10000,SIVI,1.0,0.270194420862035,236498570,0,hmc_chain,seed42_sivi_8_gaussians,29.339060536026956,42,8_gaussians
1,10000,SIVI,1.0,0.3035382376990372,236498570,1,hmc_chain,seed42_sivi_8_gaussians,29.339060536026956,42,8_gaussians
2,10000,SIVI,1.0,0.341832796853875,236498570,2,hmc_chain,seed42_sivi_8_gaussians,29.339060536026956,42,8_gaussians
3,10000,SIVI,1.0,0.2789778868222289,236498570,3,hmc_chain,seed42_sivi_8_gaussians,29.339060536026956,42,8_gaussians
4,10000,SIVI,1.0,0.3198149417822049,236498570,4,hmc_chain,seed42_sivi_8_gaussians,29.339060536026956,42,8_gaussians
5,10000,SIVI,1.0,0.33337187811521823,236498570,5,hmc_chain,seed42_sivi_8_gaussians,29.339060536026956,42,8_gaussians
6,10000,SIVI,1.0,0.36560529675953024,236498570,6,hmc_chain,seed42_sivi_8_gaussians,29.339060536026956,42,8_gaussians
7,10000,SIVI,1.0,0.31330288635632797,236498570,7,hmc_chain,seed42_sivi_8_gaussians,29.339060536026956,42,8_gaussians
8,10000,SIVI,1.0,0.3347590201553849,236498570,8,hmc_chain,seed42_sivi_8_gaussians,29.339060536026956,42,8_gaussians
9,10000,SIVI,1.0,0.4296232248477709,236498570,9,hmc_chain,seed42_sivi_8_gaussians,29.339060536026956,42,8_gaussians
10,10000,SIVI,1.0,0.4602195009919004,236498570,10,hmc_chain,seed42_sivi_8_gaussians,29.339060536026956,42,8_gaussians
11,10000,SIVI,1.0,0.3375942110721501,236498570,11,hmc_chain,seed42_sivi_8_gaussians,29.339060536026956,42,8_gaussians
12,10000,SIVI,1.0,0.3240298721313257,236498570,12,hmc_chain,seed42_sivi_8_gaussians,29.339060536026956,42,8_gaussians
13,10000,SIVI,1.0,0.4524329680297339,236498570,13,hmc_chain,seed42_sivi_8_gaussians,29.339060536026956,42,8_gaussians
14,10000,SIVI,1.0,0.4404092186351043,236498570,14,hmc_chain,seed42_sivi_8_gaussians,29.339060536026956,42,8_gaussians
15,10000,SIVI,1.0,0.31684308321098587,236498570,15,hmc_chain,seed42_sivi_8_gaussians,29.339060536026956,42,8_gaussians
16,10000,SIVI,1.0,0.5745618887390931,236498570,16,hmc_chain,seed42_sivi_8_gaussians,29.339060536026956,42,8_gaussians
17,10000,SIVI,1.0,0.4448244000507198,236498570,17,hmc_chain,seed42_sivi_8_gaussians,29.339060536026956,42,8_gaussians
18,10000,SIVI,1.0,0.3514122739848615,236498570,18,hmc_chain,seed42_sivi_8_gaussians,29.339060536026956,42,8_gaussians
19,10000,SIVI,1.0,0.33226202176165953,236498570,19,hmc_chain,seed42_sivi_8_gaussians,29.339060536026956,42,8_gaussians
0,2000,SIVI,0.2,0.05359584466243876,930969528,0,hmc_chain,seed43_sivi_8_gaussians,29.08522418513894,43,8_gaussians
1,2000,SIVI,0.2,0.03260198545408182,930969528,1,hmc_chain,seed43_sivi_8_gaussians,29.08522418513894,43,8_gaussians
2,2000,SIVI,0.2,0.04447546483045815,930969528,2,hmc_chain,seed43_sivi_8_gaussians,29.08522418513894,43,8_gaussians
3,2000,SIVI,0.2,0.056800041032901136,930969528,3,hmc_chain,seed43_sivi_8_gaussians,29.08522418513894,43,8_gaussians
4,2000,SIVI,0.2,0.04008785480588216,930969528,4,hmc_chain,seed43_sivi_8_gaussians,29.08522418513894,43,8_gaussians
5,2000,SIVI,0.2,0.052380898486370536,930969528,5,hmc_chain,seed43_sivi_8_gaussians,29.08522418513894,43,8_gaussians
6,2000,SIVI,0.2,0.035664013197140534,930969528,6,hmc_chain,seed43_sivi_8_gaussians,29.08522418513894,43,8_gaussians
7,2000,SIVI,0.2,0.058048704571150626,930969528,7,hmc_chain,seed43_sivi_8_gaussians,29.08522418513894,43,8_gaussians
8,2000,SIVI,0.2,0.03532551496282181,930969528,8,hmc_chain,seed43_sivi_8_gaussians,29.08522418513894,43,8_gaussians
9,2000,SIVI,0.2,0.031085556725151196,930969528,9,hmc_chain,seed43_sivi_8_gaussians,29.08522418513894,43,8_gaussians
10,2000,SIVI,0.2,0.04314276033725473,930969528,10,hmc_chain,seed43_sivi_8_gaussians,29.08522418513894,43,8_gaussians
11,2000,SIVI,0.2,0.04979241475158974,930969528,11,hmc_chain,seed43_sivi_8_gaussians,29.08522418513894,43,8_gaussians
12,2000,SIVI,0.2,0.03534983530114506,930969528,12,hmc_chain,seed43_sivi_8_gaussians,29.08522418513894,43,8_gaussians
13,2000,SIVI,0.2,0.06506096467740702,930969528,13,hmc_chain,seed43_sivi_8_gaussians,29.08522418513894,43,8_gaussians
14,2000,SIVI,0.2,0.05605085278159237,930969528,14,hmc_chain,seed43_sivi_8_gaussians,29.08522418513894,43,8_gaussians
15,2000,SIVI,0.2,0.038698288409512845,930969528,15,hmc_chain,seed43_sivi_8_gaussians,29.08522418513894,43,8_gaussians
16,2000,SIVI,0.2,0.030377444727659856,930969528,16,hmc_chain,seed43_sivi_8_gaussians,29.08522418513894,43,8_gaussians
17,2000,SIVI,0.2,0.03704299044491022,930969528,17,hmc_chain,seed43_sivi_8_gaussians,29.08522418513894,43,8_gaussians
18,2000,SIVI,0.2,0.030899366622211842,930969528,18,hmc_chain,seed43_sivi_8_gaussians,29.08522418513894,43,8_gaussians
19,2000,SIVI,0.2,0.029000799709861226,930969528,19,hmc_chain,seed43_sivi_8_gaussians,29.08522418513894,43,8_gaussians
0,4000,SIVI,0.4,0.062222789396825254,617741741,0,hmc_chain,seed43_sivi_8_gaussians,28.671458216384053,43,8_gaussians
1,4000,SIVI,0.4,0.05227219663330077,617741741,1,hmc_chain,seed43_sivi_8_gaussians,28.671458216384053,43,8_gaussians
2,4000,SIVI,0.4,0.04902105839707745,617741741,2,hmc_chain,seed43_sivi_8_gaussians,28.671458216384053,43,8_gaussians
3,4000,SIVI,0.4,0.07951878884056543,617741741,3,hmc_chain,seed43_sivi_8_gaussians,28.671458216384053,43,8_gaussians
4,4000,SIVI,0.4,0.07236556280909553,617741741,4,hmc_chain,seed43_sivi_8_gaussians,28.671458216384053,43,8_gaussians
5,4000,SIVI,0.4,0.0842867873751591,617741741,5,hmc_chain,seed43_sivi_8_gaussians,28.671458216384053,43,8_gaussians
6,4000,SIVI,0.4,0.05655443415730891,617741741,6,hmc_chain,seed43_sivi_8_gaussians,28.671458216384053,43,8_gaussians
7,4000,SIVI,0.4,0.05790199089918168,617741741,7,hmc_chain,seed43_sivi_8_gaussians,28.671458216384053,43,8_gaussians
8,4000,SIVI,0.4,0.05389974552961216,617741741,8,hmc_chain,seed43_sivi_8_gaussians,28.671458216384053,43,8_gaussians
9,4000,SIVI,0.4,0.10159534000475821,617741741,9,hmc_chain,seed43_sivi_8_gaussians,28.671458216384053,43,8_gaussians
10,4000,SIVI,0.4,0.09346498543279178,617741741,10,hmc_chain,seed43_sivi_8_gaussians,28.671458216384053,43,8_gaussians
11,4000,SIVI,0.4,0.055717204105985754,617741741,11,hmc_chain,seed43_sivi_8_gaussians,28.671458216384053,43,8_gaussians
12,4000,SIVI,0.4,0.05449928360429958,617741741,12,hmc_chain,seed43_sivi_8_gaussians,28.671458216384053,43,8_gaussians
13,4000,SIVI,0.4,0.10413112455091836,617741741,13,hmc_chain,seed43_sivi_8_gaussians,28.671458216384053,43,8_gaussians
14,4000,SIVI,0.4,0.08521515205147252,617741741,14,hmc_chain,seed43_sivi_8_gaussians,28.671458216384053,43,8_gaussians
15,4000,SIVI,0.4,0.061475892854714165,617741741,15,hmc_chain,seed43_sivi_8_gaussians,28.671458216384053,43,8_gaussians
16,4000,SIVI,0.4,0.062464631032704644,617741741,16,hmc_chain,seed43_sivi_8_gaussians,28.671458216384053,43,8_gaussians
17,4000,SIVI,0.4,0.06744702178473061,617741741,17,hmc_chain,seed43_sivi_8_gaussians,28.671458216384053,43,8_gaussians
18,4000,SIVI,0.4,0.06418049926771982,617741741,18,hmc_chain,seed43_sivi_8_gaussians,28.671458216384053,43,8_gaussians
19,4000,SIVI,0.4,0.06057491826880906,617741741,19,hmc_chain,seed43_sivi_8_gaussians,28.671458216384053,43,8_gaussians
0,6000,SIVI,0.6,0.16585836735142956,971754777,0,hmc_chain,seed43_sivi_8_gaussians,28.994924386590718,43,8_gaussians
1,6000,SIVI,0.6,0.14898100260123698,971754777,1,hmc_chain,seed43_sivi_8_gaussians,28.994924386590718,43,8_gaussians
2,6000,SIVI,0.6,0.17165273334596143,971754777,2,hmc_chain,seed43_sivi_8_gaussians,28.994924386590718,43,8_gaussians
3,6000,SIVI,0.6,0.15502277154382732,971754777,3,hmc_chain,seed43_sivi_8_gaussians,28.994924386590718,43,8_gaussians
4,6000,SIVI,0.6,0.2221109885252373,971754777,4,hmc_chain,seed43_sivi_8_gaussians,28.994924386590718,43,8_gaussians
5,6000,SIVI,0.6,0.14062866550669018,971754777,5,hmc_chain,seed43_sivi_8_gaussians,28.994924386590718,43,8_gaussians
6,6000,SIVI,0.6,0.13953999859546856,971754777,6,hmc_chain,seed43_sivi_8_gaussians,28.994924386590718,43,8_gaussians
7,6000,SIVI,0.6,0.1309789202302526,971754777,7,hmc_chain,seed43_sivi_8_gaussians,28.994924386590718,43,8_gaussians
8,6000,SIVI,0.6,0.13731114539424838,971754777,8,hmc_chain,seed43_sivi_8_gaussians,28.994924386590718,43,8_gaussians
9,6000,SIVI,0.6,0.22304033088617334,971754777,9,hmc_chain,seed43_sivi_8_gaussians,28.994924386590718,43,8_gaussians
10,6000,SIVI,0.6,0.1485726579110758,971754777,10,hmc_chain,seed43_sivi_8_gaussians,28.994924386590718,43,8_gaussians
11,6000,SIVI,0.6,0.13375870835532105,971754777,11,hmc_chain,seed43_sivi_8_gaussians,28.994924386590718,43,8_gaussians
12,6000,SIVI,0.6,0.13149543717049794,971754777,12,hmc_chain,seed43_sivi_8_gaussians,28.994924386590718,43,8_gaussians
13,6000,SIVI,0.6,0.11581213083862514,971754777,13,hmc_chain,seed43_sivi_8_gaussians,28.994924386590718,43,8_gaussians
14,6000,SIVI,0.6,0.18066536043717463,971754777,14,hmc_chain,seed43_sivi_8_gaussians,28.994924386590718,43,8_gaussians
15,6000,SIVI,0.6,0.15457017778339038,971754777,15,hmc_chain,seed43_sivi_8_gaussians,28.994924386590718,43,8_gaussians
16,6000,SIVI,0.6,0.17194329092231736,971754777,16,hmc_chain,seed43_sivi_8_gaussians,28.994924386590718,43,8_gaussians
17,6000,SIVI,0.6,0.14720418360800358,971754777,17,hmc_chain,seed43_sivi_8_gaussians,28.994924386590718,43,8_gaussians
18,6000,SIVI,0.6,0.19855443941210527,971754777,18,hmc_chain,seed43_sivi_8_gaussians,28.994924386590718,43,8_gaussians
19,6000,SIVI,0.6,0.18480762057917083,971754777,19,hmc_chain,seed43_sivi_8_gaussians,28.994924386590718,43,8_gaussians
0,8000,SIVI,0.8,0.2708327206743048,87883641,0,hmc_chain,seed43_sivi_8_gaussians,29.302210504561664,43,8_gaussians
1,8000,SIVI,0.8,0.37157775820849115,87883641,1,hmc_chain,seed43_sivi_8_gaussians,29.302210504561664,43,8_gaussians
2,8000,SIVI,0.8,0.21247820023713074,87883641,2,hmc_chain,seed43_sivi_8_gaussians,29.302210504561664,43,8_gaussians
3,8000,SIVI,0.8,0.3601833543405541,87883641,3,hmc_chain,seed43_sivi_8_gaussians,29.302210504561664,43,8_gaussians
4,8000,SIVI,0.8,0.2992368858475809,87883641,4,hmc_chain,seed43_sivi_8_gaussians,29.302210504561664,43,8_gaussians
5,8000,SIVI,0.8,0.3245131472644691,87883641,5,hmc_chain,seed43_sivi_8_gaussians,29.302210504561664,43,8_gaussians
6,8000,SIVI,0.8,0.30093453630511957,87883641,6,hmc_chain,seed43_sivi_8_gaussians,29.302210504561664,43,8_gaussians
7,8000,SIVI,0.8,0.31610377078098595,87883641,7,hmc_chain,seed43_sivi_8_gaussians,29.302210504561664,43,8_gaussians
8,8000,SIVI,0.8,0.31199308333527864,87883641,8,hmc_chain,seed43_sivi_8_gaussians,29.302210504561664,43,8_gaussians
9,8000,SIVI,0.8,0.2740293103106648,87883641,9,hmc_chain,seed43_sivi_8_gaussians,29.302210504561664,43,8_gaussians
10,8000,SIVI,0.8,0.3215636857406384,87883641,10,hmc_chain,seed43_sivi_8_gaussians,29.302210504561664,43,8_gaussians
11,8000,SIVI,0.8,0.32467529621042784,87883641,11,hmc_chain,seed43_sivi_8_gaussians,29.302210504561664,43,8_gaussians
12,8000,SIVI,0.8,0.26470439157374964,87883641,12,hmc_chain,seed43_sivi_8_gaussians,29.302210504561664,43,8_gaussians
13,8000,SIVI,0.8,0.2450496240137589,87883641,13,hmc_chain,seed43_sivi_8_gaussians,29.302210504561664,43,8_gaussians
14,8000,SIVI,0.8,0.2678775194378742,87883641,14,hmc_chain,seed43_sivi_8_gaussians,29.302210504561664,43,8_gaussians
15,8000,SIVI,0.8,0.29394612648985763,87883641,15,hmc_chain,seed43_sivi_8_gaussians,29.302210504561664,43,8_gaussians
16,8000,SIVI,0.8,0.2501453162653593,87883641,16,hmc_chain,seed43_sivi_8_gaussians,29.302210504561664,43,8_gaussians
17,8000,SIVI,0.8,0.18886508895932147,87883641,17,hmc_chain,seed43_sivi_8_gaussians,29.302210504561664,43,8_gaussians
18,8000,SIVI,0.8,0.368097029272638,87883641,18,hmc_chain,seed43_sivi_8_gaussians,29.302210504561664,43,8_gaussians
19,8000,SIVI,0.8,0.29693534502726715,87883641,19,hmc_chain,seed43_sivi_8_gaussians,29.302210504561664,43,8_gaussians
0,10000,SIVI,1.0,0.3865754997024211,1930116937,0,hmc_chain,seed43_sivi_8_gaussians,29.048838265240192,43,8_gaussians
1,10000,SIVI,1.0,0.31163911175905795,1930116937,1,hmc_chain,seed43_sivi_8_gaussians,29.048838265240192,43,8_gaussians
2,10000,SIVI,1.0,0.40142066827893486,1930116937,2,hmc_chain,seed43_sivi_8_gaussians,29.048838265240192,43,8_gaussians
3,10000,SIVI,1.0,0.4241540970202889,1930116937,3,hmc_chain,seed43_sivi_8_gaussians,29.048838265240192,43,8_gaussians
4,10000,SIVI,1.0,0.4026488790645374,1930116937,4,hmc_chain,seed43_sivi_8_gaussians,29.048838265240192,43,8_gaussians
5,10000,SIVI,1.0,0.3132977707319508,1930116937,5,hmc_chain,seed43_sivi_8_gaussians,29.048838265240192,43,8_gaussians
6,10000,SIVI,1.0,0.3353754844210596,1930116937,6,hmc_chain,seed43_sivi_8_gaussians,29.048838265240192,43,8_gaussians
7,10000,SIVI,1.0,0.2765929658961327,1930116937,7,hmc_chain,seed43_sivi_8_gaussians,29.048838265240192,43,8_gaussians
8,10000,SIVI,1.0,0.24888282676950155,1930116937,8,hmc_chain,seed43_sivi_8_gaussians,29.048838265240192,43,8_gaussians
9,10000,SIVI,1.0,0.26111260370946776,1930116937,9,hmc_chain,seed43_sivi_8_gaussians,29.048838265240192,43,8_gaussians
10,10000,SIVI,1.0,0.2975017888314897,1930116937,10,hmc_chain,seed43_sivi_8_gaussians,29.048838265240192,43,8_gaussians
11,10000,SIVI,1.0,0.29382927554464333,1930116937,11,hmc_chain,seed43_sivi_8_gaussians,29.048838265240192,43,8_gaussians
12,10000,SIVI,1.0,0.26164879116967726,1930116937,12,hmc_chain,seed43_sivi_8_gaussians,29.048838265240192,43,8_gaussians
13,10000,SIVI,1.0,0.373084025403546,1930116937,13,hmc_chain,seed43_sivi_8_gaussians,29.048838265240192,43,8_gaussians
14,10000,SIVI,1.0,0.3866175052614953,1930116937,14,hmc_chain,seed43_sivi_8_gaussians,29.048838265240192,43,8_gaussians
15,10000,SIVI,1.0,0.3034541796545005,1930116937,15,hmc_chain,seed43_sivi_8_gaussians,29.048838265240192,43,8_gaussians
16,10000,SIVI,1.0,0.33308986821249564,1930116937,16,hmc_chain,seed43_sivi_8_gaussians,29.048838265240192,43,8_gaussians
17,10000,SIVI,1.0,0.3188188876871807,1930116937,17,hmc_chain,seed43_sivi_8_gaussians,29.048838265240192,43,8_gaussians
18,10000,SIVI,1.0,0.3265839011014434,1930116937,18,hmc_chain,seed43_sivi_8_gaussians,29.048838265240192,43,8_gaussians
19,10000,SIVI,1.0,0.296458737804732,1930116937,19,hmc_chain,seed43_sivi_8_gaussians,29.048838265240192,43,8_gaussians
0,2000,SIVI,0.2,0.031781616698493026,431296909,0,hmc_chain,seed45_sivi_8_gaussians,28.67575732693076,45,8_gaussians
1,2000,SIVI,0.2,0.02837892214606874,431296909,1,hmc_chain,seed45_sivi_8_gaussians,28.67575732693076,45,8_gaussians
2,2000,SIVI,0.2,0.025163158441519125,431296909,2,hmc_chain,seed45_sivi_8_gaussians,28.67575732693076,45,8_gaussians
3,2000,SIVI,0.2,0.03792616912596576,431296909,3,hmc_chain,seed45_sivi_8_gaussians,28.67575732693076,45,8_gaussians
4,2000,SIVI,0.2,0.030936366891693757,431296909,4,hmc_chain,seed45_sivi_8_gaussians,28.67575732693076,45,8_gaussians
5,2000,SIVI,0.2,0.04342341214536992,431296909,5,hmc_chain,seed45_sivi_8_gaussians,28.67575732693076,45,8_gaussians
6,2000,SIVI,0.2,0.03228217692493178,431296909,6,hmc_chain,seed45_sivi_8_gaussians,28.67575732693076,45,8_gaussians
7,2000,SIVI,0.2,0.030065646227876473,431296909,7,hmc_chain,seed45_sivi_8_gaussians,28.67575732693076,45,8_gaussians
8,2000,SIVI,0.2,0.059834291343887416,431296909,8,hmc_chain,seed45_sivi_8_gaussians,28.67575732693076,45,8_gaussians
9,2000,SIVI,0.2,0.04868688848593108,431296909,9,hmc_chain,seed45_sivi_8_gaussians,28.67575732693076,45,8_gaussians
10,2000,SIVI,0.2,0.04800149316564494,431296909,10,hmc_chain,seed45_sivi_8_gaussians,28.67575732693076,45,8_gaussians
11,2000,SIVI,0.2,0.03505484860670044,431296909,11,hmc_chain,seed45_sivi_8_gaussians,28.67575732693076,45,8_gaussians
12,2000,SIVI,0.2,0.040434041612838145,431296909,12,hmc_chain,seed45_sivi_8_gaussians,28.67575732693076,45,8_gaussians
13,2000,SIVI,0.2,0.049643904357204574,431296909,13,hmc_chain,seed45_sivi_8_gaussians,28.67575732693076,45,8_gaussians
14,2000,SIVI,0.2,0.03012005382862224,431296909,14,hmc_chain,seed45_sivi_8_gaussians,28.67575732693076,45,8_gaussians
15,2000,SIVI,0.2,0.04129739601117996,431296909,15,hmc_chain,seed45_sivi_8_gaussians,28.67575732693076,45,8_gaussians
16,2000,SIVI,0.2,0.04596145656950848,431296909,16,hmc_chain,seed45_sivi_8_gaussians,28.67575732693076,45,8_gaussians
17,2000,SIVI,0.2,0.035210451767041934,431296909,17,hmc_chain,seed45_sivi_8_gaussians,28.67575732693076,45,8_gaussians
18,2000,SIVI,0.2,0.03768985863377908,431296909,18,hmc_chain,seed45_sivi_8_gaussians,28.67575732693076,45,8_gaussians
19,2000,SIVI,0.2,0.029739399248996594,431296909,19,hmc_chain,seed45_sivi_8_gaussians,28.67575732693076,45,8_gaussians
0,4000,SIVI,0.4,0.1165419892938072,1499023949,0,hmc_chain,seed45_sivi_8_gaussians,28.80237479619682,45,8_gaussians
1,4000,SIVI,0.4,0.07950474024954428,1499023949,1,hmc_chain,seed45_sivi_8_gaussians,28.80237479619682,45,8_gaussians
2,4000,SIVI,0.4,0.08759046092625684,1499023949,2,hmc_chain,seed45_sivi_8_gaussians,28.80237479619682,45,8_gaussians
3,4000,SIVI,0.4,0.07996188475425722,1499023949,3,hmc_chain,seed45_sivi_8_gaussians,28.80237479619682,45,8_gaussians
4,4000,SIVI,0.4,0.08735418304915687,1499023949,4,hmc_chain,seed45_sivi_8_gaussians,28.80237479619682,45,8_gaussians
5,4000,SIVI,0.4,0.07149621247174634,1499023949,5,hmc_chain,seed45_sivi_8_gaussians,28.80237479619682,45,8_gaussians
6,4000,SIVI,0.4,0.10086643552061736,1499023949,6,hmc_chain,seed45_sivi_8_gaussians,28.80237479619682,45,8_gaussians
7,4000,SIVI,0.4,0.08183338769377044,1499023949,7,hmc_chain,seed45_sivi_8_gaussians,28.80237479619682,45,8_gaussians
8,4000,SIVI,0.4,0.09837252645509803,1499023949,8,hmc_chain,seed45_sivi_8_gaussians,28.80237479619682,45,8_gaussians
9,4000,SIVI,0.4,0.07064814679187553,1499023949,9,hmc_chain,seed45_sivi_8_gaussians,28.80237479619682,45,8_gaussians
10,4000,SIVI,0.4,0.07707961597249727,1499023949,10,hmc_chain,seed45_sivi_8_gaussians,28.80237479619682,45,8_gaussians
11,4000,SIVI,0.4,0.10106540474305462,1499023949,11,hmc_chain,seed45_sivi_8_gaussians,28.80237479619682,45,8_gaussians
12,4000,SIVI,0.4,0.07723529101918512,1499023949,12,hmc_chain,seed45_sivi_8_gaussians,28.80237479619682,45,8_gaussians
13,4000,SIVI,0.4,0.07575183749943801,1499023949,13,hmc_chain,seed45_sivi_8_gaussians,28.80237479619682,45,8_gaussians
14,4000,SIVI,0.4,0.08167351505785758,1499023949,14,hmc_chain,seed45_sivi_8_gaussians,28.80237479619682,45,8_gaussians
15,4000,SIVI,0.4,0.0747515594724668,1499023949,15,hmc_chain,seed45_sivi_8_gaussians,28.80237479619682,45,8_gaussians
16,4000,SIVI,0.4,0.09797369069856902,1499023949,16,hmc_chain,seed45_sivi_8_gaussians,28.80237479619682,45,8_gaussians
17,4000,SIVI,0.4,0.07265666819712988,1499023949,17,hmc_chain,seed45_sivi_8_gaussians,28.80237479619682,45,8_gaussians
18,4000,SIVI,0.4,0.13249276109699049,1499023949,18,hmc_chain,seed45_sivi_8_gaussians,28.80237479619682,45,8_gaussians
19,4000,SIVI,0.4,0.10758147528183122,1499023949,19,hmc_chain,seed45_sivi_8_gaussians,28.80237479619682,45,8_gaussians
0,6000,SIVI,0.6,0.19939231249101516,1463899274,0,hmc_chain,seed45_sivi_8_gaussians,28.82753380574286,45,8_gaussians
1,6000,SIVI,0.6,0.2183703258381417,1463899274,1,hmc_chain,seed45_sivi_8_gaussians,28.82753380574286,45,8_gaussians
2,6000,SIVI,0.6,0.20315626286053703,1463899274,2,hmc_chain,seed45_sivi_8_gaussians,28.82753380574286,45,8_gaussians
3,6000,SIVI,0.6,0.1551367047841544,1463899274,3,hmc_chain,seed45_sivi_8_gaussians,28.82753380574286,45,8_gaussians
4,6000,SIVI,0.6,0.21737271612457756,1463899274,4,hmc_chain,seed45_sivi_8_gaussians,28.82753380574286,45,8_gaussians
5,6000,SIVI,0.6,0.16053858925687708,1463899274,5,hmc_chain,seed45_sivi_8_gaussians,28.82753380574286,45,8_gaussians
6,6000,SIVI,0.6,0.241772072917618,1463899274,6,hmc_chain,seed45_sivi_8_gaussians,28.82753380574286,45,8_gaussians
7,6000,SIVI,0.6,0.20468050533601234,1463899274,7,hmc_chain,seed45_sivi_8_gaussians,28.82753380574286,45,8_gaussians
8,6000,SIVI,0.6,0.25548817354173614,1463899274,8,hmc_chain,seed45_sivi_8_gaussians,28.82753380574286,45,8_gaussians
9,6000,SIVI,0.6,0.18099558676084257,1463899274,9,hmc_chain,seed45_sivi_8_gaussians,28.82753380574286,45,8_gaussians
10,6000,SIVI,0.6,0.14816998364086198,1463899274,10,hmc_chain,seed45_sivi_8_gaussians,28.82753380574286,45,8_gaussians
11,6000,SIVI,0.6,0.2602009425914235,1463899274,11,hmc_chain,seed45_sivi_8_gaussians,28.82753380574286,45,8_gaussians
12,6000,SIVI,0.6,0.14439922926405496,1463899274,12,hmc_chain,seed45_sivi_8_gaussians,28.82753380574286,45,8_gaussians
13,6000,SIVI,0.6,0.17200585381809227,1463899274,13,hmc_chain,seed45_sivi_8_gaussians,28.82753380574286,45,8_gaussians
14,6000,SIVI,0.6,0.16442979244065553,1463899274,14,hmc_chain,seed45_sivi_8_gaussians,28.82753380574286,45,8_gaussians
15,6000,SIVI,0.6,0.12616458397623564,1463899274,15,hmc_chain,seed45_sivi_8_gaussians,28.82753380574286,45,8_gaussians
16,6000,SIVI,0.6,0.16822221050536376,1463899274,16,hmc_chain,seed45_sivi_8_gaussians,28.82753380574286,45,8_gaussians
17,6000,SIVI,0.6,0.1714042832987189,1463899274,17,hmc_chain,seed45_sivi_8_gaussians,28.82753380574286,45,8_gaussians
18,6000,SIVI,0.6,0.24006056577652599,1463899274,18,hmc_chain,seed45_sivi_8_gaussians,28.82753380574286,45,8_gaussians
19,6000,SIVI,0.6,0.21189401944165923,1463899274,19,hmc_chain,seed45_sivi_8_gaussians,28.82753380574286,45,8_gaussians
0,8000,SIVI,0.8,0.2244640789690803,1875736606,0,hmc_chain,seed45_sivi_8_gaussians,28.953199772536756,45,8_gaussians
1,8000,SIVI,0.8,0.21040460478170103,1875736606,1,hmc_chain,seed45_sivi_8_gaussians,28.953199772536756,45,8_gaussians
2,8000,SIVI,0.8,0.1572234275485975,1875736606,2,hmc_chain,seed45_sivi_8_gaussians,28.953199772536756,45,8_gaussians
3,8000,SIVI,0.8,0.24229601838800296,1875736606,3,hmc_chain,seed45_sivi_8_gaussians,28.953199772536756,45,8_gaussians
4,8000,SIVI,0.8,0.31240426680351113,1875736606,4,hmc_chain,seed45_sivi_8_gaussians,28.953199772536756,45,8_gaussians
5,8000,SIVI,0.8,0.2706011287532629,1875736606,5,hmc_chain,seed45_sivi_8_gaussians,28.953199772536756,45,8_gaussians
6,8000,SIVI,0.8,0.23042796437892765,1875736606,6,hmc_chain,seed45_sivi_8_gaussians,28.953199772536756,45,8_gaussians
7,8000,SIVI,0.8,0.19412343173174681,1875736606,7,hmc_chain,seed45_sivi_8_gaussians,28.953199772536756,45,8_gaussians
8,8000,SIVI,0.8,0.26590189836260114,1875736606,8,hmc_chain,seed45_sivi_8_gaussians,28.953199772536756,45,8_gaussians
9,8000,SIVI,0.8,0.20529870665421812,1875736606,9,hmc_chain,seed45_sivi_8_gaussians,28.953199772536756,45,8_gaussians
10,8000,SIVI,0.8,0.2193929352637723,1875736606,10,hmc_chain,seed45_sivi_8_gaussians,28.953199772536756,45,8_gaussians
11,8000,SIVI,0.8,0.17909803364424295,1875736606,11,hmc_chain,seed45_sivi_8_gaussians,28.953199772536756,45,8_gaussians
12,8000,SIVI,0.8,0.32424832693419936,1875736606,12,hmc_chain,seed45_sivi_8_gaussians,28.953199772536756,45,8_gaussians
13,8000,SIVI,0.8,0.29945731548372645,1875736606,13,hmc_chain,seed45_sivi_8_gaussians,28.953199772536756,45,8_gaussians
14,8000,SIVI,0.8,0.22511129249130873,1875736606,14,hmc_chain,seed45_sivi_8_gaussians,28.953199772536756,45,8_gaussians
15,8000,SIVI,0.8,0.24374698376292184,1875736606,15,hmc_chain,seed45_sivi_8_gaussians,28.953199772536756,45,8_gaussians
16,8000,SIVI,0.8,0.22538450394327633,1875736606,16,hmc_chain,seed45_sivi_8_gaussians,28.953199772536756,45,8_gaussians
17,8000,SIVI,0.8,0.24827303292505953,1875736606,17,hmc_chain,seed45_sivi_8_gaussians,28.953199772536756,45,8_gaussians
18,8000,SIVI,0.8,0.32072856082481666,1875736606,18,hmc_chain,seed45_sivi_8_gaussians,28.953199772536756,45,8_gaussians
19,8000,SIVI,0.8,0.24801636388523446,1875736606,19,hmc_chain,seed45_sivi_8_gaussians,28.953199772536756,45,8_gaussians
0,10000,SIVI,1.0,0.25648783908812955,476526159,0,hmc_chain,seed45_sivi_8_gaussians,28.82730037420988,45,8_gaussians
1,10000,SIVI,1.0,0.2724061698935063,476526159,1,hmc_chain,seed45_sivi_8_gaussians,28.82730037420988,45,8_gaussians
2,10000,SIVI,1.0,0.2110874351144726,476526159,2,hmc_chain,seed45_sivi_8_gaussians,28.82730037420988,45,8_gaussians
3,10000,SIVI,1.0,0.26066150662306087,476526159,3,hmc_chain,seed45_sivi_8_gaussians,28.82730037420988,45,8_gaussians
4,10000,SIVI,1.0,0.26633928925109346,476526159,4,hmc_chain,seed45_sivi_8_gaussians,28.82730037420988,45,8_gaussians
5,10000,SIVI,1.0,0.2017268856692363,476526159,5,hmc_chain,seed45_sivi_8_gaussians,28.82730037420988,45,8_gaussians
6,10000,SIVI,1.0,0.26080253638024153,476526159,6,hmc_chain,seed45_sivi_8_gaussians,28.82730037420988,45,8_gaussians
7,10000,SIVI,1.0,0.3367951158621286,476526159,7,hmc_chain,seed45_sivi_8_gaussians,28.82730037420988,45,8_gaussians
8,10000,SIVI,1.0,0.24569290493300766,476526159,8,hmc_chain,seed45_sivi_8_gaussians,28.82730037420988,45,8_gaussians
9,10000,SIVI,1.0,0.30116252331800064,476526159,9,hmc_chain,seed45_sivi_8_gaussians,28.82730037420988,45,8_gaussians
10,10000,SIVI,1.0,0.2388946782891243,476526159,10,hmc_chain,seed45_sivi_8_gaussians,28.82730037420988,45,8_gaussians
11,10000,SIVI,1.0,0.277420932618795,476526159,11,hmc_chain,seed45_sivi_8_gaussians,28.82730037420988,45,8_gaussians
12,10000,SIVI,1.0,0.34400967662506754,476526159,12,hmc_chain,seed45_sivi_8_gaussians,28.82730037420988,45,8_gaussians
13,10000,SIVI,1.0,0.2388912141756278,476526159,13,hmc_chain,seed45_sivi_8_gaussians,28.82730037420988,45,8_gaussians
14,10000,SIVI,1.0,0.2803281736049372,476526159,14,hmc_chain,seed45_sivi_8_gaussians,28.82730037420988,45,8_gaussians
15,10000,SIVI,1.0,0.3410578901200969,476526159,15,hmc_chain,seed45_sivi_8_gaussians,28.82730037420988,45,8_gaussians
16,10000,SIVI,1.0,0.2676886508303471,476526159,16,hmc_chain,seed45_sivi_8_gaussians,28.82730037420988,45,8_gaussians
17,10000,SIVI,1.0,0.23935410321522466,476526159,17,hmc_chain,seed45_sivi_8_gaussians,28.82730037420988,45,8_gaussians
18,10000,SIVI,1.0,0.2936117260192004,476526159,18,hmc_chain,seed45_sivi_8_gaussians,28.82730037420988,45,8_gaussians
19,10000,SIVI,1.0,0.2332527153342516,476526159,19,hmc_chain,seed45_sivi_8_gaussians,28.82730037420988,45,8_gaussians
0,2000,SIVI,0.2,0.012395815255017916,258336785,0,hmc_chain,seed49_sivi_8_gaussians,29.32388050965965,49,8_gaussians
1,2000,SIVI,0.2,0.010261020327783534,258336785,1,hmc_chain,seed49_sivi_8_gaussians,29.32388050965965,49,8_gaussians
2,2000,SIVI,0.2,0.013042699951804479,258336785,2,hmc_chain,seed49_sivi_8_gaussians,29.32388050965965,49,8_gaussians
3,2000,SIVI,0.2,0.012591498792787842,258336785,3,hmc_chain,seed49_sivi_8_gaussians,29.32388050965965,49,8_gaussians
4,2000,SIVI,0.2,0.015381135435251943,258336785,4,hmc_chain,seed49_sivi_8_gaussians,29.32388050965965,49,8_gaussians
5,2000,SIVI,0.2,0.016052651204165595,258336785,5,hmc_chain,seed49_sivi_8_gaussians,29.32388050965965,49,8_gaussians
6,2000,SIVI,0.2,0.01138162032021197,258336785,6,hmc_chain,seed49_sivi_8_gaussians,29.32388050965965,49,8_gaussians
7,2000,SIVI,0.2,0.011646152106987388,258336785,7,hmc_chain,seed49_sivi_8_gaussians,29.32388050965965,49,8_gaussians
8,2000,SIVI,0.2,0.010971346345665945,258336785,8,hmc_chain,seed49_sivi_8_gaussians,29.32388050965965,49,8_gaussians
9,2000,SIVI,0.2,0.012577157919033338,258336785,9,hmc_chain,seed49_sivi_8_gaussians,29.32388050965965,49,8_gaussians
10,2000,SIVI,0.2,0.021341865765406746,258336785,10,hmc_chain,seed49_sivi_8_gaussians,29.32388050965965,49,8_gaussians
11,2000,SIVI,0.2,0.014639189613614323,258336785,11,hmc_chain,seed49_sivi_8_gaussians,29.32388050965965,49,8_gaussians
12,2000,SIVI,0.2,0.008570194351997183,258336785,12,hmc_chain,seed49_sivi_8_gaussians,29.32388050965965,49,8_gaussians
13,2000,SIVI,0.2,0.00990549088153478,258336785,13,hmc_chain,seed49_sivi_8_gaussians,29.32388050965965,49,8_gaussians
14,2000,SIVI,0.2,0.017673418764219143,258336785,14,hmc_chain,seed49_sivi_8_gaussians,29.32388050965965,49,8_gaussians
15,2000,SIVI,0.2,0.013453511897721562,258336785,15,hmc_chain,seed49_sivi_8_gaussians,29.32388050965965,49,8_gaussians
16,2000,SIVI,0.2,0.010811690668757146,258336785,16,hmc_chain,seed49_sivi_8_gaussians,29.32388050965965,49,8_gaussians
17,2000,SIVI,0.2,0.016346062672642634,258336785,17,hmc_chain,seed49_sivi_8_gaussians,29.32388050965965,49,8_gaussians
18,2000,SIVI,0.2,0.013873306218677875,258336785,18,hmc_chain,seed49_sivi_8_gaussians,29.32388050965965,49,8_gaussians
19,2000,SIVI,0.2,0.020528507113577087,258336785,19,hmc_chain,seed49_sivi_8_gaussians,29.32388050965965,49,8_gaussians
0,4000,SIVI,0.4,0.020617052526837626,1682456402,0,hmc_chain,seed49_sivi_8_gaussians,29.49134135246277,49,8_gaussians
1,4000,SIVI,0.4,0.02763487296131569,1682456402,1,hmc_chain,seed49_sivi_8_gaussians,29.49134135246277,49,8_gaussians
2,4000,SIVI,0.4,0.02843282805602467,1682456402,2,hmc_chain,seed49_sivi_8_gaussians,29.49134135246277,49,8_gaussians
3,4000,SIVI,0.4,0.041518072069328726,1682456402,3,hmc_chain,seed49_sivi_8_gaussians,29.49134135246277,49,8_gaussians
4,4000,SIVI,0.4,0.02689002196965415,1682456402,4,hmc_chain,seed49_sivi_8_gaussians,29.49134135246277,49,8_gaussians
5,4000,SIVI,0.4,0.017692258407762368,1682456402,5,hmc_chain,seed49_sivi_8_gaussians,29.49134135246277,49,8_gaussians
6,4000,SIVI,0.4,0.03395462941659885,1682456402,6,hmc_chain,seed49_sivi_8_gaussians,29.49134135246277,49,8_gaussians
7,4000,SIVI,0.4,0.030537182145765996,1682456402,7,hmc_chain,seed49_sivi_8_gaussians,29.49134135246277,49,8_gaussians
8,4000,SIVI,0.4,0.02054369477258356,1682456402,8,hmc_chain,seed49_sivi_8_gaussians,29.49134135246277,49,8_gaussians
9,4000,SIVI,0.4,0.043954925334157194,1682456402,9,hmc_chain,seed49_sivi_8_gaussians,29.49134135246277,49,8_gaussians
10,4000,SIVI,0.4,0.027992866414809324,1682456402,10,hmc_chain,seed49_sivi_8_gaussians,29.49134135246277,49,8_gaussians
11,4000,SIVI,0.4,0.020967425283726557,1682456402,11,hmc_chain,seed49_sivi_8_gaussians,29.49134135246277,49,8_gaussians
12,4000,SIVI,0.4,0.022467831626063625,1682456402,12,hmc_chain,seed49_sivi_8_gaussians,29.49134135246277,49,8_gaussians
13,4000,SIVI,0.4,0.03026975754896509,1682456402,13,hmc_chain,seed49_sivi_8_gaussians,29.49134135246277,49,8_gaussians
14,4000,SIVI,0.4,0.0457292749543849,1682456402,14,hmc_chain,seed49_sivi_8_gaussians,29.49134135246277,49,8_gaussians
15,4000,SIVI,0.4,0.016082900422394877,1682456402,15,hmc_chain,seed49_sivi_8_gaussians,29.49134135246277,49,8_gaussians
16,4000,SIVI,0.4,0.021554758991485713,1682456402,16,hmc_chain,seed49_sivi_8_gaussians,29.49134135246277,49,8_gaussians
17,4000,SIVI,0.4,0.024574836238525476,1682456402,17,hmc_chain,seed49_sivi_8_gaussians,29.49134135246277,49,8_gaussians
18,4000,SIVI,0.4,0.03199925549397359,1682456402,18,hmc_chain,seed49_sivi_8_gaussians,29.49134135246277,49,8_gaussians
19,4000,SIVI,0.4,0.02245428325613965,1682456402,19,hmc_chain,seed49_sivi_8_gaussians,29.49134135246277,49,8_gaussians
0,6000,SIVI,0.6,0.05438686157322568,1146344932,0,hmc_chain,seed49_sivi_8_gaussians,29.43374145925045,49,8_gaussians
1,6000,SIVI,0.6,0.0626274558190455,1146344932,1,hmc_chain,seed49_sivi_8_gaussians,29.43374145925045,49,8_gaussians
2,6000,SIVI,0.6,0.060183067837298154,1146344932,2,hmc_chain,seed49_sivi_8_gaussians,29.43374145925045,49,8_gaussians
3,6000,SIVI,0.6,0.05580308446285111,1146344932,3,hmc_chain,seed49_sivi_8_gaussians,29.43374145925045,49,8_gaussians
4,6000,SIVI,0.6,0.05151730812337843,1146344932,4,hmc_chain,seed49_sivi_8_gaussians,29.43374145925045,49,8_gaussians
5,6000,SIVI,0.6,0.062153006801235595,1146344932,5,hmc_chain,seed49_sivi_8_gaussians,29.43374145925045,49,8_gaussians
6,6000,SIVI,0.6,0.0633088428942824,1146344932,6,hmc_chain,seed49_sivi_8_gaussians,29.43374145925045,49,8_gaussians
7,6000,SIVI,0.6,0.06585852714811681,1146344932,7,hmc_chain,seed49_sivi_8_gaussians,29.43374145925045,49,8_gaussians
8,6000,SIVI,0.6,0.0747394293879566,1146344932,8,hmc_chain,seed49_sivi_8_gaussians,29.43374145925045,49,8_gaussians
9,6000,SIVI,0.6,0.07486106589317823,1146344932,9,hmc_chain,seed49_sivi_8_gaussians,29.43374145925045,49,8_gaussians
10,6000,SIVI,0.6,0.05307087343669546,1146344932,10,hmc_chain,seed49_sivi_8_gaussians,29.43374145925045,49,8_gaussians
11,6000,SIVI,0.6,0.05435429107655084,1146344932,11,hmc_chain,seed49_sivi_8_gaussians,29.43374145925045,49,8_gaussians
12,6000,SIVI,0.6,0.052365812546353266,1146344932,12,hmc_chain,seed49_sivi_8_gaussians,29.43374145925045,49,8_gaussians
13,6000,SIVI,0.6,0.07214788329345337,1146344932,13,hmc_chain,seed49_sivi_8_gaussians,29.43374145925045,49,8_gaussians
14,6000,SIVI,0.6,0.0659955225908734,1146344932,14,hmc_chain,seed49_sivi_8_gaussians,29.43374145925045,49,8_gaussians
15,6000,SIVI,0.6,0.09269096288812528,1146344932,15,hmc_chain,seed49_sivi_8_gaussians,29.43374145925045,49,8_gaussians
16,6000,SIVI,0.6,0.050922512560230136,1146344932,16,hmc_chain,seed49_sivi_8_gaussians,29.43374145925045,49,8_gaussians
17,6000,SIVI,0.6,0.05975350475769765,1146344932,17,hmc_chain,seed49_sivi_8_gaussians,29.43374145925045,49,8_gaussians
18,6000,SIVI,0.6,0.05082511587311367,1146344932,18,hmc_chain,seed49_sivi_8_gaussians,29.43374145925045,49,8_gaussians
19,6000,SIVI,0.6,0.06092395474128248,1146344932,19,hmc_chain,seed49_sivi_8_gaussians,29.43374145925045,49,8_gaussians
0,8000,SIVI,0.8,0.16123297478256718,1817345215,0,hmc_chain,seed49_sivi_8_gaussians,29.082978203520177,49,8_gaussians
1,8000,SIVI,0.8,0.0864614189450121,1817345215,1,hmc_chain,seed49_sivi_8_gaussians,29.082978203520177,49,8_gaussians
2,8000,SIVI,0.8,0.11811437650792506,1817345215,2,hmc_chain,seed49_sivi_8_gaussians,29.082978203520177,49,8_gaussians
3,8000,SIVI,0.8,0.11332924484095552,1817345215,3,hmc_chain,seed49_sivi_8_gaussians,29.082978203520177,49,8_gaussians
4,8000,SIVI,0.8,0.09386394544797938,1817345215,4,hmc_chain,seed49_sivi_8_gaussians,29.082978203520177,49,8_gaussians
5,8000,SIVI,0.8,0.14478757931516573,1817345215,5,hmc_chain,seed49_sivi_8_gaussians,29.082978203520177,49,8_gaussians
6,8000,SIVI,0.8,0.11523683798091797,1817345215,6,hmc_chain,seed49_sivi_8_gaussians,29.082978203520177,49,8_gaussians
7,8000,SIVI,0.8,0.1451780559742329,1817345215,7,hmc_chain,seed49_sivi_8_gaussians,29.082978203520177,49,8_gaussians
8,8000,SIVI,0.8,0.12497794628179171,1817345215,8,hmc_chain,seed49_sivi_8_gaussians,29.082978203520177,49,8_gaussians
9,8000,SIVI,0.8,0.10777075437649151,1817345215,9,hmc_chain,seed49_sivi_8_gaussians,29.082978203520177,49,8_gaussians
10,8000,SIVI,0.8,0.10834820055676281,1817345215,10,hmc_chain,seed49_sivi_8_gaussians,29.082978203520177,49,8_gaussians
11,8000,SIVI,0.8,0.11389236977755833,1817345215,11,hmc_chain,seed49_sivi_8_gaussians,29.082978203520177,49,8_gaussians
12,8000,SIVI,0.8,0.10127830935211528,1817345215,12,hmc_chain,seed49_sivi_8_gaussians,29.082978203520177,49,8_gaussians
13,8000,SIVI,0.8,0.12155835299929828,1817345215,13,hmc_chain,seed49_sivi_8_gaussians,29.082978203520177,49,8_gaussians
14,8000,SIVI,0.8,0.18163969700062968,1817345215,14,hmc_chain,seed49_sivi_8_gaussians,29.082978203520177,49,8_gaussians
15,8000,SIVI,0.8,0.12417558123233585,1817345215,15,hmc_chain,seed49_sivi_8_gaussians,29.082978203520177,49,8_gaussians
16,8000,SIVI,0.8,0.14500309228642133,1817345215,16,hmc_chain,seed49_sivi_8_gaussians,29.082978203520177,49,8_gaussians
17,8000,SIVI,0.8,0.16962284844934783,1817345215,17,hmc_chain,seed49_sivi_8_gaussians,29.082978203520177,49,8_gaussians
18,8000,SIVI,0.8,0.0877857173002652,1817345215,18,hmc_chain,seed49_sivi_8_gaussians,29.082978203520177,49,8_gaussians
19,8000,SIVI,0.8,0.10644276610098578,1817345215,19,hmc_chain,seed49_sivi_8_gaussians,29.082978203520177,49,8_gaussians
0,10000,SIVI,1.0,0.15147843572284855,1532407496,0,hmc_chain,seed49_sivi_8_gaussians,28.983918369933964,49,8_gaussians
1,10000,SIVI,1.0,0.21311523297606993,1532407496,1,hmc_chain,seed49_sivi_8_gaussians,28.983918369933964,49,8_gaussians
2,10000,SIVI,1.0,0.10760564112668584,1532407496,2,hmc_chain,seed49_sivi_8_gaussians,28.983918369933964,49,8_gaussians
3,10000,SIVI,1.0,0.24362919697197605,1532407496,3,hmc_chain,seed49_sivi_8_gaussians,28.983918369933964,49,8_gaussians
4,10000,SIVI,1.0,0.12510559360638185,1532407496,4,hmc_chain,seed49_sivi_8_gaussians,28.983918369933964,49,8_gaussians
5,10000,SIVI,1.0,0.10869529090173316,1532407496,5,hmc_chain,seed49_sivi_8_gaussians,28.983918369933964,49,8_gaussians
6,10000,SIVI,1.0,0.11797587334825621,1532407496,6,hmc_chain,seed49_sivi_8_gaussians,28.983918369933964,49,8_gaussians
7,10000,SIVI,1.0,0.22056500400051507,1532407496,7,hmc_chain,seed49_sivi_8_gaussians,28.983918369933964,49,8_gaussians
8,10000,SIVI,1.0,0.1298044315971431,1532407496,8,hmc_chain,seed49_sivi_8_gaussians,28.983918369933964,49,8_gaussians
9,10000,SIVI,1.0,0.20960886712838667,1532407496,9,hmc_chain,seed49_sivi_8_gaussians,28.983918369933964,49,8_gaussians
10,10000,SIVI,1.0,0.1819529882803722,1532407496,10,hmc_chain,seed49_sivi_8_gaussians,28.983918369933964,49,8_gaussians
11,10000,SIVI,1.0,0.14097750040892143,1532407496,11,hmc_chain,seed49_sivi_8_gaussians,28.983918369933964,49,8_gaussians
12,10000,SIVI,1.0,0.13266627973154516,1532407496,12,hmc_chain,seed49_sivi_8_gaussians,28.983918369933964,49,8_gaussians
13,10000,SIVI,1.0,0.12391594764153585,1532407496,13,hmc_chain,seed49_sivi_8_gaussians,28.983918369933964,49,8_gaussians
14,10000,SIVI,1.0,0.12639594023275413,1532407496,14,hmc_chain,seed49_sivi_8_gaussians,28.983918369933964,49,8_gaussians
15,10000,SIVI,1.0,0.1207680129007755,1532407496,15,hmc_chain,seed49_sivi_8_gaussians,28.983918369933964,49,8_gaussians
16,10000,SIVI,1.0,0.1303379725923864,1532407496,16,hmc_chain,seed49_sivi_8_gaussians,28.983918369933964,49,8_gaussians
17,10000,SIVI,1.0,0.10556842289239567,1532407496,17,hmc_chain,seed49_sivi_8_gaussians,28.983918369933964,49,8_gaussians
18,10000,SIVI,1.0,0.19440325755228693,1532407496,18,hmc_chain,seed49_sivi_8_gaussians,28.983918369933964,49,8_gaussians
19,10000,SIVI,1.0,0.1259082894313961,1532407496,19,hmc_chain,seed49_sivi_8_gaussians,28.983918369933964,49,8_gaussians
0,2000,SIVI,0.2,0.030879884639711037,665477760,0,hmc_chain,seed50_sivi_8_gaussians,29.074119487404822,50,8_gaussians
1,2000,SIVI,0.2,0.04047439757023473,665477760,1,hmc_chain,seed50_sivi_8_gaussians,29.074119487404822,50,8_gaussians
2,2000,SIVI,0.2,0.029174234037108032,665477760,2,hmc_chain,seed50_sivi_8_gaussians,29.074119487404822,50,8_gaussians
3,2000,SIVI,0.2,0.051157981628345686,665477760,3,hmc_chain,seed50_sivi_8_gaussians,29.074119487404822,50,8_gaussians
4,2000,SIVI,0.2,0.045510434026733125,665477760,4,hmc_chain,seed50_sivi_8_gaussians,29.074119487404822,50,8_gaussians
5,2000,SIVI,0.2,0.04520243824274381,665477760,5,hmc_chain,seed50_sivi_8_gaussians,29.074119487404822,50,8_gaussians
6,2000,SIVI,0.2,0.04433934570302503,665477760,6,hmc_chain,seed50_sivi_8_gaussians,29.074119487404822,50,8_gaussians
7,2000,SIVI,0.2,0.04397273709168251,665477760,7,hmc_chain,seed50_sivi_8_gaussians,29.074119487404822,50,8_gaussians
8,2000,SIVI,0.2,0.06946572628483999,665477760,8,hmc_chain,seed50_sivi_8_gaussians,29.074119487404822,50,8_gaussians
9,2000,SIVI,0.2,0.03644716919892489,665477760,9,hmc_chain,seed50_sivi_8_gaussians,29.074119487404822,50,8_gaussians
10,2000,SIVI,0.2,0.04863910448500457,665477760,10,hmc_chain,seed50_sivi_8_gaussians,29.074119487404822,50,8_gaussians
11,2000,SIVI,0.2,0.0334230454297517,665477760,11,hmc_chain,seed50_sivi_8_gaussians,29.074119487404822,50,8_gaussians
12,2000,SIVI,0.2,0.030828183449491956,665477760,12,hmc_chain,seed50_sivi_8_gaussians,29.074119487404822,50,8_gaussians
13,2000,SIVI,0.2,0.05195296665903451,665477760,13,hmc_chain,seed50_sivi_8_gaussians,29.074119487404822,50,8_gaussians
14,2000,SIVI,0.2,0.04476887842612642,665477760,14,hmc_chain,seed50_sivi_8_gaussians,29.074119487404822,50,8_gaussians
15,2000,SIVI,0.2,0.029623031762693645,665477760,15,hmc_chain,seed50_sivi_8_gaussians,29.074119487404822,50,8_gaussians
16,2000,SIVI,0.2,0.04088792728104878,665477760,16,hmc_chain,seed50_sivi_8_gaussians,29.074119487404822,50,8_gaussians
17,2000,SIVI,0.2,0.08463119839873204,665477760,17,hmc_chain,seed50_sivi_8_gaussians,29.074119487404822,50,8_gaussians
18,2000,SIVI,0.2,0.04110408522607565,665477760,18,hmc_chain,seed50_sivi_8_gaussians,29.074119487404822,50,8_gaussians
19,2000,SIVI,0.2,0.045177347408771634,665477760,19,hmc_chain,seed50_sivi_8_gaussians,29.074119487404822,50,8_gaussians
0,4000,SIVI,0.4,0.09051752669164219,319021202,0,hmc_chain,seed50_sivi_8_gaussians,28.822689666599036,50,8_gaussians
1,4000,SIVI,0.4,0.07418978318186473,319021202,1,hmc_chain,seed50_sivi_8_gaussians,28.822689666599036,50,8_gaussians
2,4000,SIVI,0.4,0.11498064573770785,319021202,2,hmc_chain,seed50_sivi_8_gaussians,28.822689666599036,50,8_gaussians
3,4000,SIVI,0.4,0.12378724358272554,319021202,3,hmc_chain,seed50_sivi_8_gaussians,28.822689666599036,50,8_gaussians
4,4000,SIVI,0.4,0.09586468884412407,319021202,4,hmc_chain,seed50_sivi_8_gaussians,28.822689666599036,50,8_gaussians
5,4000,SIVI,0.4,0.12474497685005806,319021202,5,hmc_chain,seed50_sivi_8_gaussians,28.822689666599036,50,8_gaussians
6,4000,SIVI,0.4,0.11667325931469177,319021202,6,hmc_chain,seed50_sivi_8_gaussians,28.822689666599036,50,8_gaussians
7,4000,SIVI,0.4,0.13077199546335272,319021202,7,hmc_chain,seed50_sivi_8_gaussians,28.822689666599036,50,8_gaussians
8,4000,SIVI,0.4,0.14052137973165185,319021202,8,hmc_chain,seed50_sivi_8_gaussians,28.822689666599036,50,8_gaussians
9,4000,SIVI,0.4,0.13111558054998784,319021202,9,hmc_chain,seed50_sivi_8_gaussians,28.822689666599036,50,8_gaussians
10,4000,SIVI,0.4,0.09591421263990457,319021202,10,hmc_chain,seed50_sivi_8_gaussians,28.822689666599036,50,8_gaussians
11,4000,SIVI,0.4,0.12413689111781817,319021202,11,hmc_chain,seed50_sivi_8_gaussians,28.822689666599036,50,8_gaussians
12,4000,SIVI,0.4,0.08479767804455712,319021202,12,hmc_chain,seed50_sivi_8_gaussians,28.822689666599036,50,8_gaussians
13,4000,SIVI,0.4,0.11769038132858917,319021202,13,hmc_chain,seed50_sivi_8_gaussians,28.822689666599036,50,8_gaussians
14,4000,SIVI,0.4,0.1117383825806546,319021202,14,hmc_chain,seed50_sivi_8_gaussians,28.822689666599036,50,8_gaussians
15,4000,SIVI,0.4,0.08876444295784791,319021202,15,hmc_chain,seed50_sivi_8_gaussians,28.822689666599036,50,8_gaussians
16,4000,SIVI,0.4,0.11176410618113758,319021202,16,hmc_chain,seed50_sivi_8_gaussians,28.822689666599036,50,8_gaussians
17,4000,SIVI,0.4,0.12552005074607991,319021202,17,hmc_chain,seed50_sivi_8_gaussians,28.822689666599036,50,8_gaussians
18,4000,SIVI,0.4,0.08435349834264981,319021202,18,hmc_chain,seed50_sivi_8_gaussians,28.822689666599036,50,8_gaussians
19,4000,SIVI,0.4,0.10597948361410696,319021202,19,hmc_chain,seed50_sivi_8_gaussians,28.822689666599036,50,8_gaussians
0,6000,SIVI,0.6,0.21089831148852653,13788824,0,hmc_chain,seed50_sivi_8_gaussians,28.017989549413322,50,8_gaussians
1,6000,SIVI,0.6,0.205766521596631,13788824,1,hmc_chain,seed50_sivi_8_gaussians,28.017989549413322,50,8_gaussians
2,6000,SIVI,0.6,0.2700940554392054,13788824,2,hmc_chain,seed50_sivi_8_gaussians,28.017989549413322,50,8_gaussians
3,6000,SIVI,0.6,0.1576102545951912,13788824,3,hmc_chain,seed50_sivi_8_gaussians,28.017989549413322,50,8_gaussians
4,6000,SIVI,0.6,0.2178922774060738,13788824,4,hmc_chain,seed50_sivi_8_gaussians,28.017989549413322,50,8_gaussians
5,6000,SIVI,0.6,0.19982184437994255,13788824,5,hmc_chain,seed50_sivi_8_gaussians,28.017989549413322,50,8_gaussians
6,6000,SIVI,0.6,0.25648984453433377,13788824,6,hmc_chain,seed50_sivi_8_gaussians,28.017989549413322,50,8_gaussians
7,6000,SIVI,0.6,0.17030859313372207,13788824,7,hmc_chain,seed50_sivi_8_gaussians,28.017989549413322,50,8_gaussians
8,6000,SIVI,0.6,0.1972795368993422,13788824,8,hmc_chain,seed50_sivi_8_gaussians,28.017989549413322,50,8_gaussians
9,6000,SIVI,0.6,0.2122415333997124,13788824,9,hmc_chain,seed50_sivi_8_gaussians,28.017989549413322,50,8_gaussians
10,6000,SIVI,0.6,0.19579943431627794,13788824,10,hmc_chain,seed50_sivi_8_gaussians,28.017989549413322,50,8_gaussians
11,6000,SIVI,0.6,0.18128937298606485,13788824,11,hmc_chain,seed50_sivi_8_gaussians,28.017989549413322,50,8_gaussians
12,6000,SIVI,0.6,0.2325931476978294,13788824,12,hmc_chain,seed50_sivi_8_gaussians,28.017989549413322,50,8_gaussians
13,6000,SIVI,0.6,0.188557851587279,13788824,13,hmc_chain,seed50_sivi_8_gaussians,28.017989549413322,50,8_gaussians
14,6000,SIVI,0.6,0.2897045055626721,13788824,14,hmc_chain,seed50_sivi_8_gaussians,28.017989549413322,50,8_gaussians
15,6000,SIVI,0.6,0.2313731760185247,13788824,15,hmc_chain,seed50_sivi_8_gaussians,28.017989549413322,50,8_gaussians
16,6000,SIVI,0.6,0.25391001325291607,13788824,16,hmc_chain,seed50_sivi_8_gaussians,28.017989549413322,50,8_gaussians
17,6000,SIVI,0.6,0.22809747011702056,13788824,17,hmc_chain,seed50_sivi_8_gaussians,28.017989549413322,50,8_gaussians
18,6000,SIVI,0.6,0.22007743864800364,13788824,18,hmc_chain,seed50_sivi_8_gaussians,28.017989549413322,50,8_gaussians
19,6000,SIVI,0.6,0.1823597068449556,13788824,19,hmc_chain,seed50_sivi_8_gaussians,28.017989549413322,50,8_gaussians
0,8000,SIVI,0.8,0.2852558509359563,1950565786,0,hmc_chain,seed50_sivi_8_gaussians,26.958530211448668,50,8_gaussians
1,8000,SIVI,0.8,0.27595156402640275,1950565786,1,hmc_chain,seed50_sivi_8_gaussians,26.958530211448668,50,8_gaussians
2,8000,SIVI,0.8,0.2415312713892863,1950565786,2,hmc_chain,seed50_sivi_8_gaussians,26.958530211448668,50,8_gaussians
3,8000,SIVI,0.8,0.25586683255493153,1950565786,3,hmc_chain,seed50_sivi_8_gaussians,26.958530211448668,50,8_gaussians
4,8000,SIVI,0.8,0.2215727724252207,1950565786,4,hmc_chain,seed50_sivi_8_gaussians,26.958530211448668,50,8_gaussians
5,8000,SIVI,0.8,0.2625053217173306,1950565786,5,hmc_chain,seed50_sivi_8_gaussians,26.958530211448668,50,8_gaussians
6,8000,SIVI,0.8,0.29782564915701343,1950565786,6,hmc_chain,seed50_sivi_8_gaussians,26.958530211448668,50,8_gaussians
7,8000,SIVI,0.8,0.24222996762253432,1950565786,7,hmc_chain,seed50_sivi_8_gaussians,26.958530211448668,50,8_gaussians
8,8000,SIVI,0.8,0.18224363150719008,1950565786,8,hmc_chain,seed50_sivi_8_gaussians,26.958530211448668,50,8_gaussians
9,8000,SIVI,0.8,0.2029203821722783,1950565786,9,hmc_chain,seed50_sivi_8_gaussians,26.958530211448668,50,8_gaussians
10,8000,SIVI,0.8,0.30773975662999986,1950565786,10,hmc_chain,seed50_sivi_8_gaussians,26.958530211448668,50,8_gaussians
11,8000,SIVI,0.8,0.27397050108950693,1950565786,11,hmc_chain,seed50_sivi_8_gaussians,26.958530211448668,50,8_gaussians
12,8000,SIVI,0.8,0.3571106166335997,1950565786,12,hmc_chain,seed50_sivi_8_gaussians,26.958530211448668,50,8_gaussians
13,8000,SIVI,0.8,0.2403281381875102,1950565786,13,hmc_chain,seed50_sivi_8_gaussians,26.958530211448668,50,8_gaussians
14,8000,SIVI,0.8,0.31750167353927666,1950565786,14,hmc_chain,seed50_sivi_8_gaussians,26.958530211448668,50,8_gaussians
15,8000,SIVI,0.8,0.2289358676036536,1950565786,15,hmc_chain,seed50_sivi_8_gaussians,26.958530211448668,50,8_gaussians
16,8000,SIVI,0.8,0.3726327213889694,1950565786,16,hmc_chain,seed50_sivi_8_gaussians,26.958530211448668,50,8_gaussians
17,8000,SIVI,0.8,0.23818242233315728,1950565786,17,hmc_chain,seed50_sivi_8_gaussians,26.958530211448668,50,8_gaussians
18,8000,SIVI,0.8,0.253398209136137,1950565786,18,hmc_chain,seed50_sivi_8_gaussians,26.958530211448668,50,8_gaussians
19,8000,SIVI,0.8,0.2740959588872713,1950565786,19,hmc_chain,seed50_sivi_8_gaussians,26.958530211448668,50,8_gaussians
0,10000,SIVI,1.0,0.23064661856862095,381382394,0,hmc_chain,seed50_sivi_8_gaussians,26.719668427482247,50,8_gaussians
1,10000,SIVI,1.0,0.25663241840251205,381382394,1,hmc_chain,seed50_sivi_8_gaussians,26.719668427482247,50,8_gaussians
2,10000,SIVI,1.0,0.3358023746749257,381382394,2,hmc_chain,seed50_sivi_8_gaussians,26.719668427482247,50,8_gaussians
3,10000,SIVI,1.0,0.4163030190675422,381382394,3,hmc_chain,seed50_sivi_8_gaussians,26.719668427482247,50,8_gaussians
4,10000,SIVI,1.0,0.29498941598996686,381382394,4,hmc_chain,seed50_sivi_8_gaussians,26.719668427482247,50,8_gaussians
5,10000,SIVI,1.0,0.2929954699180045,381382394,5,hmc_chain,seed50_sivi_8_gaussians,26.719668427482247,50,8_gaussians
6,10000,SIVI,1.0,0.323683806803181,381382394,6,hmc_chain,seed50_sivi_8_gaussians,26.719668427482247,50,8_gaussians
7,10000,SIVI,1.0,0.39749607230513906,381382394,7,hmc_chain,seed50_sivi_8_gaussians,26.719668427482247,50,8_gaussians
8,10000,SIVI,1.0,0.44079202908683146,381382394,8,hmc_chain,seed50_sivi_8_gaussians,26.719668427482247,50,8_gaussians
9,10000,SIVI,1.0,0.26924533101848747,381382394,9,hmc_chain,seed50_sivi_8_gaussians,26.719668427482247,50,8_gaussians
10,10000,SIVI,1.0,0.39720625865487497,381382394,10,hmc_chain,seed50_sivi_8_gaussians,26.719668427482247,50,8_gaussians
11,10000,SIVI,1.0,0.27023158326440405,381382394,11,hmc_chain,seed50_sivi_8_gaussians,26.719668427482247,50,8_gaussians
12,10000,SIVI,1.0,0.2619770387511613,381382394,12,hmc_chain,seed50_sivi_8_gaussians,26.719668427482247,50,8_gaussians
13,10000,SIVI,1.0,0.25902548736411296,381382394,13,hmc_chain,seed50_sivi_8_gaussians,26.719668427482247,50,8_gaussians
14,10000,SIVI,1.0,0.35296078898262984,381382394,14,hmc_chain,seed50_sivi_8_gaussians,26.719668427482247,50,8_gaussians
15,10000,SIVI,1.0,0.3101900203057163,381382394,15,hmc_chain,seed50_sivi_8_gaussians,26.719668427482247,50,8_gaussians
16,10000,SIVI,1.0,0.3195516874423019,381382394,16,hmc_chain,seed50_sivi_8_gaussians,26.719668427482247,50,8_gaussians
17,10000,SIVI,1.0,0.28971558447657303,381382394,17,hmc_chain,seed50_sivi_8_gaussians,26.719668427482247,50,8_gaussians
18,10000,SIVI,1.0,0.2800855707941636,381382394,18,hmc_chain,seed50_sivi_8_gaussians,26.719668427482247,50,8_gaussians
19,10000,SIVI,1.0,0.3904743140325194,381382394,19,hmc_chain,seed50_sivi_8_gaussians,26.719668427482247,50,8_gaussians
0,2000,UIVI,0.2,0.00638535101004035,1317139451,0,hmc_chain,seed42_uivi_8_gaussians,27.13989434838295,42,8_gaussians
1,2000,UIVI,0.2,0.004713487722412896,1317139451,1,hmc_chain,seed42_uivi_8_gaussians,27.13989434838295,42,8_gaussians
2,2000,UIVI,0.2,0.004090431617757055,1317139451,2,hmc_chain,seed42_uivi_8_gaussians,27.13989434838295,42,8_gaussians
3,2000,UIVI,0.2,0.0041645623956033575,1317139451,3,hmc_chain,seed42_uivi_8_gaussians,27.13989434838295,42,8_gaussians
4,2000,UIVI,0.2,0.004487323847366489,1317139451,4,hmc_chain,seed42_uivi_8_gaussians,27.13989434838295,42,8_gaussians
5,2000,UIVI,0.2,0.0050920509618770215,1317139451,5,hmc_chain,seed42_uivi_8_gaussians,27.13989434838295,42,8_gaussians
6,2000,UIVI,0.2,0.004811216923601593,1317139451,6,hmc_chain,seed42_uivi_8_gaussians,27.13989434838295,42,8_gaussians
7,2000,UIVI,0.2,0.003573061787316236,1317139451,7,hmc_chain,seed42_uivi_8_gaussians,27.13989434838295,42,8_gaussians
8,2000,UIVI,0.2,0.004037912423282193,1317139451,8,hmc_chain,seed42_uivi_8_gaussians,27.13989434838295,42,8_gaussians
9,2000,UIVI,0.2,0.004487202827334776,1317139451,9,hmc_chain,seed42_uivi_8_gaussians,27.13989434838295,42,8_gaussians
10,2000,UIVI,0.2,0.0048604005114619726,1317139451,10,hmc_chain,seed42_uivi_8_gaussians,27.13989434838295,42,8_gaussians
11,2000,UIVI,0.2,0.005633751924550779,1317139451,11,hmc_chain,seed42_uivi_8_gaussians,27.13989434838295,42,8_gaussians
12,2000,UIVI,0.2,0.004438751563090015,1317139451,12,hmc_chain,seed42_uivi_8_gaussians,27.13989434838295,42,8_gaussians
13,2000,UIVI,0.2,0.004175613113765955,1317139451,13,hmc_chain,seed42_uivi_8_gaussians,27.13989434838295,42,8_gaussians
14,2000,UIVI,0.2,0.004891401338179037,1317139451,14,hmc_chain,seed42_uivi_8_gaussians,27.13989434838295,42,8_gaussians
15,2000,UIVI,0.2,0.005420056607483498,1317139451,15,hmc_chain,seed42_uivi_8_gaussians,27.13989434838295,42,8_gaussians
16,2000,UIVI,0.2,0.004163768279981072,1317139451,16,hmc_chain,seed42_uivi_8_gaussians,27.13989434838295,42,8_gaussians
17,2000,UIVI,0.2,0.004020077660552936,1317139451,17,hmc_chain,seed42_uivi_8_gaussians,27.13989434838295,42,8_gaussians
18,2000,UIVI,0.2,0.004076763998519538,1317139451,18,hmc_chain,seed42_uivi_8_gaussians,27.13989434838295,42,8_gaussians
19,2000,UIVI,0.2,0.005078237524963404,1317139451,19,hmc_chain,seed42_uivi_8_gaussians,27.13989434838295,42,8_gaussians
0,4000,UIVI,0.4,0.0027734574704776594,515235582,0,hmc_chain,seed42_uivi_8_gaussians,26.27139948196709,42,8_gaussians
1,4000,UIVI,0.4,0.003198868415528494,515235582,1,hmc_chain,seed42_uivi_8_gaussians,26.27139948196709,42,8_gaussians
2,4000,UIVI,0.4,0.003200325009018697,515235582,2,hmc_chain,seed42_uivi_8_gaussians,26.27139948196709,42,8_gaussians
3,4000,UIVI,0.4,0.0025708835805415,515235582,3,hmc_chain,seed42_uivi_8_gaussians,26.27139948196709,42,8_gaussians
4,4000,UIVI,0.4,0.003288788633924085,515235582,4,hmc_chain,seed42_uivi_8_gaussians,26.27139948196709,42,8_gaussians
5,4000,UIVI,0.4,0.0026829095966643254,515235582,5,hmc_chain,seed42_uivi_8_gaussians,26.27139948196709,42,8_gaussians
6,4000,UIVI,0.4,0.0034000180276468847,515235582,6,hmc_chain,seed42_uivi_8_gaussians,26.27139948196709,42,8_gaussians
7,4000,UIVI,0.4,0.002851202212410151,515235582,7,hmc_chain,seed42_uivi_8_gaussians,26.27139948196709,42,8_gaussians
8,4000,UIVI,0.4,0.003371248059328519,515235582,8,hmc_chain,seed42_uivi_8_gaussians,26.27139948196709,42,8_gaussians
9,4000,UIVI,0.4,0.0026759194615932234,515235582,9,hmc_chain,seed42_uivi_8_gaussians,26.27139948196709,42,8_gaussians
10,4000,UIVI,0.4,0.0034304347636569003,515235582,10,hmc_chain,seed42_uivi_8_gaussians,26.27139948196709,42,8_gaussians
11,4000,UIVI,0.4,0.0031669279700981693,515235582,11,hmc_chain,seed42_uivi_8_gaussians,26.27139948196709,42,8_gaussians
12,4000,UIVI,0.4,0.0027619829626717267,515235582,12,hmc_chain,seed42_uivi_8_gaussians,26.27139948196709,42,8_gaussians
13,4000,UIVI,0.4,0.0028338652863778013,515235582,13,hmc_chain,seed42_uivi_8_gaussians,26.27139948196709,42,8_gaussians
14,4000,UIVI,0.4,0.002888706598217351,515235582,14,hmc_chain,seed42_uivi_8_gaussians,26.27139948196709,42,8_gaussians
15,4000,UIVI,0.4,0.0035551685064512577,515235582,15,hmc_chain,seed42_uivi_8_gaussians,26.27139948196709,42,8_gaussians
16,4000,UIVI,0.4,0.002682972771599528,515235582,16,hmc_chain,seed42_uivi_8_gaussians,26.27139948196709,42,8_gaussians
17,4000,UIVI,0.4,0.0036198021305698727,515235582,17,hmc_chain,seed42_uivi_8_gaussians,26.27139948196709,42,8_gaussians
18,4000,UIVI,0.4,0.0032330129728229246,515235582,18,hmc_chain,seed42_uivi_8_gaussians,26.27139948196709,42,8_gaussians
19,4000,UIVI,0.4,0.0030792636060357767,515235582,19,hmc_chain,seed42_uivi_8_gaussians,26.27139948196709,42,8_gaussians
0,6000,UIVI,0.6,0.0015349892008818958,438126421,0,hmc_chain,seed42_uivi_8_gaussians,26.035644783452152,42,8_gaussians
1,6000,UIVI,0.6,0.0017632573722427694,438126421,1,hmc_chain,seed42_uivi_8_gaussians,26.035644783452152,42,8_gaussians
2,6000,UIVI,0.6,0.002184888637925148,438126421,2,hmc_chain,seed42_uivi_8_gaussians,26.035644783452152,42,8_gaussians
3,6000,UIVI,0.6,0.0016196440864773834,438126421,3,hmc_chain,seed42_uivi_8_gaussians,26.035644783452152,42,8_gaussians
4,6000,UIVI,0.6,0.001403342203766211,438126421,4,hmc_chain,seed42_uivi_8_gaussians,26.035644783452152,42,8_gaussians
5,6000,UIVI,0.6,0.0016934228272099698,438126421,5,hmc_chain,seed42_uivi_8_gaussians,26.035644783452152,42,8_gaussians
6,6000,UIVI,0.6,0.0015070528265507216,438126421,6,hmc_chain,seed42_uivi_8_gaussians,26.035644783452152,42,8_gaussians
7,6000,UIVI,0.6,0.0015020089724535743,438126421,7,hmc_chain,seed42_uivi_8_gaussians,26.035644783452152,42,8_gaussians
8,6000,UIVI,0.6,0.0017439764078387944,438126421,8,hmc_chain,seed42_uivi_8_gaussians,26.035644783452152,42,8_gaussians
9,6000,UIVI,0.6,0.0019505445849195848,438126421,9,hmc_chain,seed42_uivi_8_gaussians,26.035644783452152,42,8_gaussians
10,6000,UIVI,0.6,0.0015479335230182251,438126421,10,hmc_chain,seed42_uivi_8_gaussians,26.035644783452152,42,8_gaussians
11,6000,UIVI,0.6,0.0018756344765710918,438126421,11,hmc_chain,seed42_uivi_8_gaussians,26.035644783452152,42,8_gaussians
12,6000,UIVI,0.6,0.0017386978918197216,438126421,12,hmc_chain,seed42_uivi_8_gaussians,26.035644783452152,42,8_gaussians
13,6000,UIVI,0.6,0.001732259883225391,438126421,13,hmc_chain,seed42_uivi_8_gaussians,26.035644783452152,42,8_gaussians
14,6000,UIVI,0.6,0.0020044256682379127,438126421,14,hmc_chain,seed42_uivi_8_gaussians,26.035644783452152,42,8_gaussians
15,6000,UIVI,0.6,0.0016868350980924751,438126421,15,hmc_chain,seed42_uivi_8_gaussians,26.035644783452152,42,8_gaussians
16,6000,UIVI,0.6,0.0019084178658823321,438126421,16,hmc_chain,seed42_uivi_8_gaussians,26.035644783452152,42,8_gaussians
17,6000,UIVI,0.6,0.001438568489257784,438126421,17,hmc_chain,seed42_uivi_8_gaussians,26.035644783452152,42,8_gaussians
18,6000,UIVI,0.6,0.0016584401170546552,438126421,18,hmc_chain,seed42_uivi_8_gaussians,26.035644783452152,42,8_gaussians
19,6000,UIVI,0.6,0.0017887273094745314,438126421,19,hmc_chain,seed42_uivi_8_gaussians,26.035644783452152,42,8_gaussians
0,8000,UIVI,0.8,0.0029145169150730046,1007738929,0,hmc_chain,seed42_uivi_8_gaussians,25.17909380197525,42,8_gaussians
1,8000,UIVI,0.8,0.002287439707689275,1007738929,1,hmc_chain,seed42_uivi_8_gaussians,25.17909380197525,42,8_gaussians
2,8000,UIVI,0.8,0.005547620585511598,1007738929,2,hmc_chain,seed42_uivi_8_gaussians,25.17909380197525,42,8_gaussians
3,8000,UIVI,0.8,0.003433601046022739,1007738929,3,hmc_chain,seed42_uivi_8_gaussians,25.17909380197525,42,8_gaussians
4,8000,UIVI,0.8,0.002642953351016066,1007738929,4,hmc_chain,seed42_uivi_8_gaussians,25.17909380197525,42,8_gaussians
5,8000,UIVI,0.8,0.00889015302246348,1007738929,5,hmc_chain,seed42_uivi_8_gaussians,25.17909380197525,42,8_gaussians
6,8000,UIVI,0.8,0.005295445191923617,1007738929,6,hmc_chain,seed42_uivi_8_gaussians,25.17909380197525,42,8_gaussians
7,8000,UIVI,0.8,0.00506830808056226,1007738929,7,hmc_chain,seed42_uivi_8_gaussians,25.17909380197525,42,8_gaussians
8,8000,UIVI,0.8,0.0030863935195305538,1007738929,8,hmc_chain,seed42_uivi_8_gaussians,25.17909380197525,42,8_gaussians
9,8000,UIVI,0.8,0.006712935606007659,1007738929,9,hmc_chain,seed42_uivi_8_gaussians,25.17909380197525,42,8_gaussians
10,8000,UIVI,0.8,0.004027707967806283,1007738929,10,hmc_chain,seed42_uivi_8_gaussians,25.17909380197525,42,8_gaussians
11,8000,UIVI,0.8,0.009415014730448267,1007738929,11,hmc_chain,seed42_uivi_8_gaussians,25.17909380197525,42,8_gaussians
12,8000,UIVI,0.8,0.004034836515366007,1007738929,12,hmc_chain,seed42_uivi_8_gaussians,25.17909380197525,42,8_gaussians
13,8000,UIVI,0.8,0.001811967128810195,1007738929,13,hmc_chain,seed42_uivi_8_gaussians,25.17909380197525,42,8_gaussians
14,8000,UIVI,0.8,0.0023201597226366684,1007738929,14,hmc_chain,seed42_uivi_8_gaussians,25.17909380197525,42,8_gaussians
15,8000,UIVI,0.8,0.0035318036439302225,1007738929,15,hmc_chain,seed42_uivi_8_gaussians,25.17909380197525,42,8_gaussians
16,8000,UIVI,0.8,0.006478548674513056,1007738929,16,hmc_chain,seed42_uivi_8_gaussians,25.17909380197525,42,8_gaussians
17,8000,UIVI,0.8,0.0039736905994943,1007738929,17,hmc_chain,seed42_uivi_8_gaussians,25.17909380197525,42,8_gaussians
18,8000,UIVI,0.8,0.004373117800377968,1007738929,18,hmc_chain,seed42_uivi_8_gaussians,25.17909380197525,42,8_gaussians
19,8000,UIVI,0.8,0.008427770103473004,1007738929,19,hmc_chain,seed42_uivi_8_gaussians,25.17909380197525,42,8_gaussians
0,10000,UIVI,1.0,0.0012675983808897993,1461584364,0,hmc_chain,seed42_uivi_8_gaussians,24.488778958842158,42,8_gaussians
1,10000,UIVI,1.0,0.0013897553883252256,1461584364,1,hmc_chain,seed42_uivi_8_gaussians,24.488778958842158,42,8_gaussians
2,10000,UIVI,1.0,0.0014335924776346974,1461584364,2,hmc_chain,seed42_uivi_8_gaussians,24.488778958842158,42,8_gaussians
3,10000,UIVI,1.0,0.001407590825889743,1461584364,3,hmc_chain,seed42_uivi_8_gaussians,24.488778958842158,42,8_gaussians
4,10000,UIVI,1.0,0.0016175837799454304,1461584364,4,hmc_chain,seed42_uivi_8_gaussians,24.488778958842158,42,8_gaussians
5,10000,UIVI,1.0,0.0022738722214539556,1461584364,5,hmc_chain,seed42_uivi_8_gaussians,24.488778958842158,42,8_gaussians
6,10000,UIVI,1.0,0.0014069259407481513,1461584364,6,hmc_chain,seed42_uivi_8_gaussians,24.488778958842158,42,8_gaussians
7,10000,UIVI,1.0,0.0015973300775363876,1461584364,7,hmc_chain,seed42_uivi_8_gaussians,24.488778958842158,42,8_gaussians
8,10000,UIVI,1.0,0.0030750874844959783,1461584364,8,hmc_chain,seed42_uivi_8_gaussians,24.488778958842158,42,8_gaussians
9,10000,UIVI,1.0,0.002596887066953061,1461584364,9,hmc_chain,seed42_uivi_8_gaussians,24.488778958842158,42,8_gaussians
10,10000,UIVI,1.0,0.0013642398972561506,1461584364,10,hmc_chain,seed42_uivi_8_gaussians,24.488778958842158,42,8_gaussians
11,10000,UIVI,1.0,0.0013818418900675075,1461584364,11,hmc_chain,seed42_uivi_8_gaussians,24.488778958842158,42,8_gaussians
12,10000,UIVI,1.0,0.0013010215696298468,1461584364,12,hmc_chain,seed42_uivi_8_gaussians,24.488778958842158,42,8_gaussians
13,10000,UIVI,1.0,0.001246857310394871,1461584364,13,hmc_chain,seed42_uivi_8_gaussians,24.488778958842158,42,8_gaussians
14,10000,UIVI,1.0,0.0015832780861956114,1461584364,14,hmc_chain,seed42_uivi_8_gaussians,24.488778958842158,42,8_gaussians
15,10000,UIVI,1.0,0.0016911154700563293,1461584364,15,hmc_chain,seed42_uivi_8_gaussians,24.488778958842158,42,8_gaussians
16,10000,UIVI,1.0,0.0046628319507445596,1461584364,16,hmc_chain,seed42_uivi_8_gaussians,24.488778958842158,42,8_gaussians
17,10000,UIVI,1.0,0.0013139199255635618,1461584364,17,hmc_chain,seed42_uivi_8_gaussians,24.488778958842158,42,8_gaussians
18,10000,UIVI,1.0,0.0014918917054527782,1461584364,18,hmc_chain,seed42_uivi_8_gaussians,24.488778958842158,42,8_gaussians
19,10000,UIVI,1.0,0.0024075373625843596,1461584364,19,hmc_chain,seed42_uivi_8_gaussians,24.488778958842158,42,8_gaussians
0,2000,UIVI,0.2,0.005230225028514297,1104044369,0,hmc_chain,seed43_uivi_8_gaussians,29.44564483165741,43,8_gaussians
1,2000,UIVI,0.2,0.005918929818891909,1104044369,1,hmc_chain,seed43_uivi_8_gaussians,29.44564483165741,43,8_gaussians
2,2000,UIVI,0.2,0.008098344797390793,1104044369,2,hmc_chain,seed43_uivi_8_gaussians,29.44564483165741,43,8_gaussians
3,2000,UIVI,0.2,0.00931767009748253,1104044369,3,hmc_chain,seed43_uivi_8_gaussians,29.44564483165741,43,8_gaussians
4,2000,UIVI,0.2,0.005884027360539304,1104044369,4,hmc_chain,seed43_uivi_8_gaussians,29.44564483165741,43,8_gaussians
5,2000,UIVI,0.2,0.0069715817823140635,1104044369,5,hmc_chain,seed43_uivi_8_gaussians,29.44564483165741,43,8_gaussians
6,2000,UIVI,0.2,0.006680030825417164,1104044369,6,hmc_chain,seed43_uivi_8_gaussians,29.44564483165741,43,8_gaussians
7,2000,UIVI,0.2,0.008171739464546399,1104044369,7,hmc_chain,seed43_uivi_8_gaussians,29.44564483165741,43,8_gaussians
8,2000,UIVI,0.2,0.006036060066693496,1104044369,8,hmc_chain,seed43_uivi_8_gaussians,29.44564483165741,43,8_gaussians
9,2000,UIVI,0.2,0.008611372493007178,1104044369,9,hmc_chain,seed43_uivi_8_gaussians,29.44564483165741,43,8_gaussians
10,2000,UIVI,0.2,0.00644076076928647,1104044369,10,hmc_chain,seed43_uivi_8_gaussians,29.44564483165741,43,8_gaussians
11,2000,UIVI,0.2,0.006748084880189397,1104044369,11,hmc_chain,seed43_uivi_8_gaussians,29.44564483165741,43,8_gaussians
12,2000,UIVI,0.2,0.007590349411442357,1104044369,12,hmc_chain,seed43_uivi_8_gaussians,29.44564483165741,43,8_gaussians
13,2000,UIVI,0.2,0.006084498964255151,1104044369,13,hmc_chain,seed43_uivi_8_gaussians,29.44564483165741,43,8_gaussians
14,2000,UIVI,0.2,0.007233730360446269,1104044369,14,hmc_chain,seed43_uivi_8_gaussians,29.44564483165741,43,8_gaussians
15,2000,UIVI,0.2,0.006606154529997363,1104044369,15,hmc_chain,seed43_uivi_8_gaussians,29.44564483165741,43,8_gaussians
16,2000,UIVI,0.2,0.005458924160065139,1104044369,16,hmc_chain,seed43_uivi_8_gaussians,29.44564483165741,43,8_gaussians
17,2000,UIVI,0.2,0.006323593039904911,1104044369,17,hmc_chain,seed43_uivi_8_gaussians,29.44564483165741,43,8_gaussians
18,2000,UIVI,0.2,0.006112123819223281,1104044369,18,hmc_chain,seed43_uivi_8_gaussians,29.44564483165741,43,8_gaussians
19,2000,UIVI,0.2,0.008081377676217128,1104044369,19,hmc_chain,seed43_uivi_8_gaussians,29.44564483165741,43,8_gaussians
0,4000,UIVI,0.4,0.01059736001200854,902137989,0,hmc_chain,seed43_uivi_8_gaussians,29.051890824735164,43,8_gaussians
1,4000,UIVI,0.4,0.010606739887284632,902137989,1,hmc_chain,seed43_uivi_8_gaussians,29.051890824735164,43,8_gaussians
2,4000,UIVI,0.4,0.015435144607263607,902137989,2,hmc_chain,seed43_uivi_8_gaussians,29.051890824735164,43,8_gaussians
3,4000,UIVI,0.4,0.011687374081452269,902137989,3,hmc_chain,seed43_uivi_8_gaussians,29.051890824735164,43,8_gaussians
4,4000,UIVI,0.4,0.011944910828930073,902137989,4,hmc_chain,seed43_uivi_8_gaussians,29.051890824735164,43,8_gaussians
5,4000,UIVI,0.4,0.010938881163654492,902137989,5,hmc_chain,seed43_uivi_8_gaussians,29.051890824735164,43,8_gaussians
6,4000,UIVI,0.4,0.009740613960852709,902137989,6,hmc_chain,seed43_uivi_8_gaussians,29.051890824735164,43,8_gaussians
7,4000,UIVI,0.4,0.008254473177891263,902137989,7,hmc_chain,seed43_uivi_8_gaussians,29.051890824735164,43,8_gaussians
8,4000,UIVI,0.4,0.009971160141977107,902137989,8,hmc_chain,seed43_uivi_8_gaussians,29.051890824735164,43,8_gaussians
9,4000,UIVI,0.4,0.009154130008560007,902137989,9,hmc_chain,seed43_uivi_8_gaussians,29.051890824735164,43,8_gaussians
10,4000,UIVI,0.4,0.012178001315236608,902137989,10,hmc_chain,seed43_uivi_8_gaussians,29.051890824735164,43,8_gaussians
11,4000,UIVI,0.4,0.01086744482493196,902137989,11,hmc_chain,seed43_uivi_8_gaussians,29.051890824735164,43,8_gaussians
12,4000,UIVI,0.4,0.01133866361197883,902137989,12,hmc_chain,seed43_uivi_8_gaussians,29.051890824735164,43,8_gaussians
13,4000,UIVI,0.4,0.01111381161124711,902137989,13,hmc_chain,seed43_uivi_8_gaussians,29.051890824735164,43,8_gaussians
14,4000,UIVI,0.4,0.011131746340673316,902137989,14,hmc_chain,seed43_uivi_8_gaussians,29.051890824735164,43,8_gaussians
15,4000,UIVI,0.4,0.01078546156275601,902137989,15,hmc_chain,seed43_uivi_8_gaussians,29.051890824735164,43,8_gaussians
16,4000,UIVI,0.4,0.011960088098173432,902137989,16,hmc_chain,seed43_uivi_8_gaussians,29.051890824735164,43,8_gaussians
17,4000,UIVI,0.4,0.010529723090327061,902137989,17,hmc_chain,seed43_uivi_8_gaussians,29.051890824735164,43,8_gaussians
18,4000,UIVI,0.4,0.011426431503216471,902137989,18,hmc_chain,seed43_uivi_8_gaussians,29.051890824735164,43,8_gaussians
19,4000,UIVI,0.4,0.00993913513475252,902137989,19,hmc_chain,seed43_uivi_8_gaussians,29.051890824735164,43,8_gaussians
0,6000,UIVI,0.6,0.017005045366715606,1464623391,0,hmc_chain,seed43_uivi_8_gaussians,28.69745217077434,43,8_gaussians
1,6000,UIVI,0.6,0.020376525941191152,1464623391,1,hmc_chain,seed43_uivi_8_gaussians,28.69745217077434,43,8_gaussians
2,6000,UIVI,0.6,0.02029284652392955,1464623391,2,hmc_chain,seed43_uivi_8_gaussians,28.69745217077434,43,8_gaussians
3,6000,UIVI,0.6,0.01645305417305682,1464623391,3,hmc_chain,seed43_uivi_8_gaussians,28.69745217077434,43,8_gaussians
4,6000,UIVI,0.6,0.017615499049571662,1464623391,4,hmc_chain,seed43_uivi_8_gaussians,28.69745217077434,43,8_gaussians
5,6000,UIVI,0.6,0.021145483433578898,1464623391,5,hmc_chain,seed43_uivi_8_gaussians,28.69745217077434,43,8_gaussians
6,6000,UIVI,0.6,0.018758047058696443,1464623391,6,hmc_chain,seed43_uivi_8_gaussians,28.69745217077434,43,8_gaussians
7,6000,UIVI,0.6,0.015352892226582367,1464623391,7,hmc_chain,seed43_uivi_8_gaussians,28.69745217077434,43,8_gaussians
8,6000,UIVI,0.6,0.019049358372098493,1464623391,8,hmc_chain,seed43_uivi_8_gaussians,28.69745217077434,43,8_gaussians
9,6000,UIVI,0.6,0.01904498310443002,1464623391,9,hmc_chain,seed43_uivi_8_gaussians,28.69745217077434,43,8_gaussians
10,6000,UIVI,0.6,0.020824645180917787,1464623391,10,hmc_chain,seed43_uivi_8_gaussians,28.69745217077434,43,8_gaussians
11,6000,UIVI,0.6,0.019523497631753577,1464623391,11,hmc_chain,seed43_uivi_8_gaussians,28.69745217077434,43,8_gaussians
12,6000,UIVI,0.6,0.017618793512092248,1464623391,12,hmc_chain,seed43_uivi_8_gaussians,28.69745217077434,43,8_gaussians
13,6000,UIVI,0.6,0.016526423139168106,1464623391,13,hmc_chain,seed43_uivi_8_gaussians,28.69745217077434,43,8_gaussians
14,6000,UIVI,0.6,0.0192752127972719,1464623391,14,hmc_chain,seed43_uivi_8_gaussians,28.69745217077434,43,8_gaussians
15,6000,UIVI,0.6,0.022132168404151657,1464623391,15,hmc_chain,seed43_uivi_8_gaussians,28.69745217077434,43,8_gaussians
16,6000,UIVI,0.6,0.01408048564541997,1464623391,16,hmc_chain,seed43_uivi_8_gaussians,28.69745217077434,43,8_gaussians
17,6000,UIVI,0.6,0.023006799570529167,1464623391,17,hmc_chain,seed43_uivi_8_gaussians,28.69745217077434,43,8_gaussians
18,6000,UIVI,0.6,0.018176929247104748,1464623391,18,hmc_chain,seed43_uivi_8_gaussians,28.69745217077434,43,8_gaussians
19,6000,UIVI,0.6,0.019322509719702025,1464623391,19,hmc_chain,seed43_uivi_8_gaussians,28.69745217077434,43,8_gaussians
0,8000,UIVI,0.8,0.026225613088618774,1024811540,0,hmc_chain,seed43_uivi_8_gaussians,28.563009395077824,43,8_gaussians
1,8000,UIVI,0.8,0.027594470921747476,1024811540,1,hmc_chain,seed43_uivi_8_gaussians,28.563009395077824,43,8_gaussians
2,8000,UIVI,0.8,0.019098292672516306,1024811540,2,hmc_chain,seed43_uivi_8_gaussians,28.563009395077824,43,8_gaussians
3,8000,UIVI,0.8,0.027103636899454022,1024811540,3,hmc_chain,seed43_uivi_8_gaussians,28.563009395077824,43,8_gaussians
4,8000,UIVI,0.8,0.020637949397185128,1024811540,4,hmc_chain,seed43_uivi_8_gaussians,28.563009395077824,43,8_gaussians
5,8000,UIVI,0.8,0.030937348822870837,1024811540,5,hmc_chain,seed43_uivi_8_gaussians,28.563009395077824,43,8_gaussians
6,8000,UIVI,0.8,0.019140937286034006,1024811540,6,hmc_chain,seed43_uivi_8_gaussians,28.563009395077824,43,8_gaussians
7,8000,UIVI,0.8,0.015405848556213762,1024811540,7,hmc_chain,seed43_uivi_8_gaussians,28.563009395077824,43,8_gaussians
8,8000,UIVI,0.8,0.022860182064953237,1024811540,8,hmc_chain,seed43_uivi_8_gaussians,28.563009395077824,43,8_gaussians
9,8000,UIVI,0.8,0.018923490512512527,1024811540,9,hmc_chain,seed43_uivi_8_gaussians,28.563009395077824,43,8_gaussians
10,8000,UIVI,0.8,0.026945037298964615,1024811540,10,hmc_chain,seed43_uivi_8_gaussians,28.563009395077824,43,8_gaussians
11,8000,UIVI,0.8,0.024509349724253796,1024811540,11,hmc_chain,seed43_uivi_8_gaussians,28.563009395077824,43,8_gaussians
12,8000,UIVI,0.8,0.0355527271689935,1024811540,12,hmc_chain,seed43_uivi_8_gaussians,28.563009395077824,43,8_gaussians
13,8000,UIVI,0.8,0.028532775972990417,1024811540,13,hmc_chain,seed43_uivi_8_gaussians,28.563009395077824,43,8_gaussians
14,8000,UIVI,0.8,0.019145202893765784,1024811540,14,hmc_chain,seed43_uivi_8_gaussians,28.563009395077824,43,8_gaussians
15,8000,UIVI,0.8,0.023219983748033544,1024811540,15,hmc_chain,seed43_uivi_8_gaussians,28.563009395077824,43,8_gaussians
16,8000,UIVI,0.8,0.03313805802309204,1024811540,16,hmc_chain,seed43_uivi_8_gaussians,28.563009395077824,43,8_gaussians
17,8000,UIVI,0.8,0.029300887087340004,1024811540,17,hmc_chain,seed43_uivi_8_gaussians,28.563009395077824,43,8_gaussians
18,8000,UIVI,0.8,0.024930982131258855,1024811540,18,hmc_chain,seed43_uivi_8_gaussians,28.563009395077824,43,8_gaussians
19,8000,UIVI,0.8,0.03024571625700547,1024811540,19,hmc_chain,seed43_uivi_8_gaussians,28.563009395077824,43,8_gaussians
0,10000,UIVI,1.0,0.014081742652237684,824198044,0,hmc_chain,seed43_uivi_8_gaussians,28.356945699080825,43,8_gaussians
1,10000,UIVI,1.0,0.012503170955143701,824198044,1,hmc_chain,seed43_uivi_8_gaussians,28.356945699080825,43,8_gaussians
2,10000,UIVI,1.0,0.013532589511266076,824198044,2,hmc_chain,seed43_uivi_8_gaussians,28.356945699080825,43,8_gaussians
3,10000,UIVI,1.0,0.09797864383259278,824198044,3,hmc_chain,seed43_uivi_8_gaussians,28.356945699080825,43,8_gaussians
4,10000,UIVI,1.0,0.016875819332841872,824198044,4,hmc_chain,seed43_uivi_8_gaussians,28.356945699080825,43,8_gaussians
5,10000,UIVI,1.0,0.03016016110842762,824198044,5,hmc_chain,seed43_uivi_8_gaussians,28.356945699080825,43,8_gaussians
6,10000,UIVI,1.0,0.023291073234951394,824198044,6,hmc_chain,seed43_uivi_8_gaussians,28.356945699080825,43,8_gaussians
7,10000,UIVI,1.0,0.020135014408781387,824198044,7,hmc_chain,seed43_uivi_8_gaussians,28.356945699080825,43,8_gaussians
8,10000,UIVI,1.0,0.017114997157475664,824198044,8,hmc_chain,seed43_uivi_8_gaussians,28.356945699080825,43,8_gaussians
9,10000,UIVI,1.0,0.024894168722378415,824198044,9,hmc_chain,seed43_uivi_8_gaussians,28.356945699080825,43,8_gaussians
10,10000,UIVI,1.0,0.025587923136596094,824198044,10,hmc_chain,seed43_uivi_8_gaussians,28.356945699080825,43,8_gaussians
11,10000,UIVI,1.0,0.023437151073762034,824198044,11,hmc_chain,seed43_uivi_8_gaussians,28.356945699080825,43,8_gaussians
12,10000,UIVI,1.0,0.024172179838687517,824198044,12,hmc_chain,seed43_uivi_8_gaussians,28.356945699080825,43,8_gaussians
13,10000,UIVI,1.0,0.013213777827524144,824198044,13,hmc_chain,seed43_uivi_8_gaussians,28.356945699080825,43,8_gaussians
14,10000,UIVI,1.0,0.010895099138797732,824198044,14,hmc_chain,seed43_uivi_8_gaussians,28.356945699080825,43,8_gaussians
15,10000,UIVI,1.0,0.012387073413487389,824198044,15,hmc_chain,seed43_uivi_8_gaussians,28.356945699080825,43,8_gaussians
16,10000,UIVI,1.0,0.014481001855575961,824198044,16,hmc_chain,seed43_uivi_8_gaussians,28.356945699080825,43,8_gaussians
17,10000,UIVI,1.0,0.027945258266116803,824198044,17,hmc_chain,seed43_uivi_8_gaussians,28.356945699080825,43,8_gaussians
18,10000,UIVI,1.0,0.018682226123111913,824198044,18,hmc_chain,seed43_uivi_8_gaussians,28.356945699080825,43,8_gaussians
19,10000,UIVI,1.0,0.01740574609458919,824198044,19,hmc_chain,seed43_uivi_8_gaussians,28.356945699080825,43,8_gaussians
0,2000,UIVI,0.2,0.005725043379492452,1068400930,0,hmc_chain,seed45_uivi_8_gaussians,28.0740801371634,45,8_gaussians
1,2000,UIVI,0.2,0.005549748071225862,1068400930,1,hmc_chain,seed45_uivi_8_gaussians,28.0740801371634,45,8_gaussians
2,2000,UIVI,0.2,0.005054647686511985,1068400930,2,hmc_chain,seed45_uivi_8_gaussians,28.0740801371634,45,8_gaussians
3,2000,UIVI,0.2,0.006347588880957756,1068400930,3,hmc_chain,seed45_uivi_8_gaussians,28.0740801371634,45,8_gaussians
4,2000,UIVI,0.2,0.007056653471960599,1068400930,4,hmc_chain,seed45_uivi_8_gaussians,28.0740801371634,45,8_gaussians
5,2000,UIVI,0.2,0.005158553584420043,1068400930,5,hmc_chain,seed45_uivi_8_gaussians,28.0740801371634,45,8_gaussians
6,2000,UIVI,0.2,0.005192660653863619,1068400930,6,hmc_chain,seed45_uivi_8_gaussians,28.0740801371634,45,8_gaussians
7,2000,UIVI,0.2,0.004447326225994461,1068400930,7,hmc_chain,seed45_uivi_8_gaussians,28.0740801371634,45,8_gaussians
8,2000,UIVI,0.2,0.005401176184853581,1068400930,8,hmc_chain,seed45_uivi_8_gaussians,28.0740801371634,45,8_gaussians
9,2000,UIVI,0.2,0.00576558383887156,1068400930,9,hmc_chain,seed45_uivi_8_gaussians,28.0740801371634,45,8_gaussians
10,2000,UIVI,0.2,0.0062871838175934,1068400930,10,hmc_chain,seed45_uivi_8_gaussians,28.0740801371634,45,8_gaussians
11,2000,UIVI,0.2,0.005614167719343999,1068400930,11,hmc_chain,seed45_uivi_8_gaussians,28.0740801371634,45,8_gaussians
12,2000,UIVI,0.2,0.006092571504043582,1068400930,12,hmc_chain,seed45_uivi_8_gaussians,28.0740801371634,45,8_gaussians
13,2000,UIVI,0.2,0.007343280012180613,1068400930,13,hmc_chain,seed45_uivi_8_gaussians,28.0740801371634,45,8_gaussians
14,2000,UIVI,0.2,0.005021084872318875,1068400930,14,hmc_chain,seed45_uivi_8_gaussians,28.0740801371634,45,8_gaussians
15,2000,UIVI,0.2,0.0048797872478321645,1068400930,15,hmc_chain,seed45_uivi_8_gaussians,28.0740801371634,45,8_gaussians
16,2000,UIVI,0.2,0.0063669630627046555,1068400930,16,hmc_chain,seed45_uivi_8_gaussians,28.0740801371634,45,8_gaussians
17,2000,UIVI,0.2,0.005310486305618423,1068400930,17,hmc_chain,seed45_uivi_8_gaussians,28.0740801371634,45,8_gaussians
18,2000,UIVI,0.2,0.005314229144210267,1068400930,18,hmc_chain,seed45_uivi_8_gaussians,28.0740801371634,45,8_gaussians
19,2000,UIVI,0.2,0.004921133989766376,1068400930,19,hmc_chain,seed45_uivi_8_gaussians,28.0740801371634,45,8_gaussians
0,4000,UIVI,0.4,0.0020171036824692115,641641353,0,hmc_chain,seed45_uivi_8_gaussians,27.375452376157046,45,8_gaussians
1,4000,UIVI,0.4,0.0019790949605645643,641641353,1,hmc_chain,seed45_uivi_8_gaussians,27.375452376157046,45,8_gaussians
2,4000,UIVI,0.4,0.0021510494890619285,641641353,2,hmc_chain,seed45_uivi_8_gaussians,27.375452376157046,45,8_gaussians
3,4000,UIVI,0.4,0.0020677276597407144,641641353,3,hmc_chain,seed45_uivi_8_gaussians,27.375452376157046,45,8_gaussians
4,4000,UIVI,0.4,0.001988290794848835,641641353,4,hmc_chain,seed45_uivi_8_gaussians,27.375452376157046,45,8_gaussians
5,4000,UIVI,0.4,0.00196518281165437,641641353,5,hmc_chain,seed45_uivi_8_gaussians,27.375452376157046,45,8_gaussians
6,4000,UIVI,0.4,0.0020879579062988442,641641353,6,hmc_chain,seed45_uivi_8_gaussians,27.375452376157046,45,8_gaussians
7,4000,UIVI,0.4,0.002074592777023837,641641353,7,hmc_chain,seed45_uivi_8_gaussians,27.375452376157046,45,8_gaussians
8,4000,UIVI,0.4,0.0021271119217538582,641641353,8,hmc_chain,seed45_uivi_8_gaussians,27.375452376157046,45,8_gaussians
9,4000,UIVI,0.4,0.0020446158945028985,641641353,9,hmc_chain,seed45_uivi_8_gaussians,27.375452376157046,45,8_gaussians
10,4000,UIVI,0.4,0.0018800380616447578,641641353,10,hmc_chain,seed45_uivi_8_gaussians,27.375452376157046,45,8_gaussians
11,4000,UIVI,0.4,0.0021128248550563583,641641353,11,hmc_chain,seed45_uivi_8_gaussians,27.375452376157046,45,8_gaussians
12,4000,UIVI,0.4,0.001998466153674934,641641353,12,hmc_chain,seed45_uivi_8_gaussians,27.375452376157046,45,8_gaussians
13,4000,UIVI,0.4,0.001913217697604604,641641353,13,hmc_chain,seed45_uivi_8_gaussians,27.375452376157046,45,8_gaussians
14,4000,UIVI,0.4,0.0023093777644465946,641641353,14,hmc_chain,seed45_uivi_8_gaussians,27.375452376157046,45,8_gaussians
15,4000,UIVI,0.4,0.0019036895974626697,641641353,15,hmc_chain,seed45_uivi_8_gaussians,27.375452376157046,45,8_gaussians
16,4000,UIVI,0.4,0.0035946842905000636,641641353,16,hmc_chain,seed45_uivi_8_gaussians,27.375452376157046,45,8_gaussians
17,4000,UIVI,0.4,0.001987021011588723,641641353,17,hmc_chain,seed45_uivi_8_gaussians,27.375452376157046,45,8_gaussians
18,4000,UIVI,0.4,0.001841275712869775,641641353,18,hmc_chain,seed45_uivi_8_gaussians,27.375452376157046,45,8_gaussians
19,4000,UIVI,0.4,0.002540783177703618,641641353,19,hmc_chain,seed45_uivi_8_gaussians,27.375452376157046,45,8_gaussians
0,6000,UIVI,0.6,0.0025914844715656114,1963042399,0,hmc_chain,seed45_uivi_8_gaussians,27.091909942775963,45,8_gaussians
1,6000,UIVI,0.6,0.002207637279090054,1963042399,1,hmc_chain,seed45_uivi_8_gaussians,27.091909942775963,45,8_gaussians
2,6000,UIVI,0.6,0.0022465641051578095,1963042399,2,hmc_chain,seed45_uivi_8_gaussians,27.091909942775963,45,8_gaussians
3,6000,UIVI,0.6,0.002849533306546089,1963042399,3,hmc_chain,seed45_uivi_8_gaussians,27.091909942775963,45,8_gaussians
4,6000,UIVI,0.6,0.002796700231170997,1963042399,4,hmc_chain,seed45_uivi_8_gaussians,27.091909942775963,45,8_gaussians
5,6000,UIVI,0.6,0.0024511440407527793,1963042399,5,hmc_chain,seed45_uivi_8_gaussians,27.091909942775963,45,8_gaussians
6,6000,UIVI,0.6,0.002894815854844183,1963042399,6,hmc_chain,seed45_uivi_8_gaussians,27.091909942775963,45,8_gaussians
7,6000,UIVI,0.6,0.0023056045892355832,1963042399,7,hmc_chain,seed45_uivi_8_gaussians,27.091909942775963,45,8_gaussians
8,6000,UIVI,0.6,0.0031240954113122385,1963042399,8,hmc_chain,seed45_uivi_8_gaussians,27.091909942775963,45,8_gaussians
9,6000,UIVI,0.6,0.0029528723593954124,1963042399,9,hmc_chain,seed45_uivi_8_gaussians,27.091909942775963,45,8_gaussians
10,6000,UIVI,0.6,0.002275228054196364,1963042399,10,hmc_chain,seed45_uivi_8_gaussians,27.091909942775963,45,8_gaussians
11,6000,UIVI,0.6,0.003872479285601702,1963042399,11,hmc_chain,seed45_uivi_8_gaussians,27.091909942775963,45,8_gaussians
12,6000,UIVI,0.6,0.002631478595169874,1963042399,12,hmc_chain,seed45_uivi_8_gaussians,27.091909942775963,45,8_gaussians
13,6000,UIVI,0.6,0.002840219224490957,1963042399,13,hmc_chain,seed45_uivi_8_gaussians,27.091909942775963,45,8_gaussians
14,6000,UIVI,0.6,0.00240097971206045,1963042399,14,hmc_chain,seed45_uivi_8_gaussians,27.091909942775963,45,8_gaussians
15,6000,UIVI,0.6,0.0023540111026302346,1963042399,15,hmc_chain,seed45_uivi_8_gaussians,27.091909942775963,45,8_gaussians
16,6000,UIVI,0.6,0.0021408219169957946,1963042399,16,hmc_chain,seed45_uivi_8_gaussians,27.091909942775963,45,8_gaussians
17,6000,UIVI,0.6,0.0034791195463989835,1963042399,17,hmc_chain,seed45_uivi_8_gaussians,27.091909942775963,45,8_gaussians
18,6000,UIVI,0.6,0.002184802273613826,1963042399,18,hmc_chain,seed45_uivi_8_gaussians,27.091909942775963,45,8_gaussians
19,6000,UIVI,0.6,0.002492862190562233,1963042399,19,hmc_chain,seed45_uivi_8_gaussians,27.091909942775963,45,8_gaussians
0,8000,UIVI,0.8,0.00078493709636527,1905568982,0,hmc_chain,seed45_uivi_8_gaussians,26.088994512706996,45,8_gaussians
1,8000,UIVI,0.8,0.0006253920459657061,1905568982,1,hmc_chain,seed45_uivi_8_gaussians,26.088994512706996,45,8_gaussians
2,8000,UIVI,0.8,0.0009726766969927623,1905568982,2,hmc_chain,seed45_uivi_8_gaussians,26.088994512706996,45,8_gaussians
3,8000,UIVI,0.8,0.0007199846484826736,1905568982,3,hmc_chain,seed45_uivi_8_gaussians,26.088994512706996,45,8_gaussians
4,8000,UIVI,0.8,0.0007898445458607874,1905568982,4,hmc_chain,seed45_uivi_8_gaussians,26.088994512706996,45,8_gaussians
5,8000,UIVI,0.8,0.0008287315502880952,1905568982,5,hmc_chain,seed45_uivi_8_gaussians,26.088994512706996,45,8_gaussians
6,8000,UIVI,0.8,0.0008019794474195392,1905568982,6,hmc_chain,seed45_uivi_8_gaussians,26.088994512706996,45,8_gaussians
7,8000,UIVI,0.8,0.0006372289304669721,1905568982,7,hmc_chain,seed45_uivi_8_gaussians,26.088994512706996,45,8_gaussians
8,8000,UIVI,0.8,0.0008086213592609064,1905568982,8,hmc_chain,seed45_uivi_8_gaussians,26.088994512706996,45,8_gaussians
9,8000,UIVI,0.8,0.0008475067001786772,1905568982,9,hmc_chain,seed45_uivi_8_gaussians,26.088994512706996,45,8_gaussians
10,8000,UIVI,0.8,0.0006956159821861745,1905568982,10,hmc_chain,seed45_uivi_8_gaussians,26.088994512706996,45,8_gaussians
11,8000,UIVI,0.8,0.0006980608558344497,1905568982,11,hmc_chain,seed45_uivi_8_gaussians,26.088994512706996,45,8_gaussians
12,8000,UIVI,0.8,0.0007196532616705611,1905568982,12,hmc_chain,seed45_uivi_8_gaussians,26.088994512706996,45,8_gaussians
13,8000,UIVI,0.8,0.0007639149107281076,1905568982,13,hmc_chain,seed45_uivi_8_gaussians,26.088994512706996,45,8_gaussians
14,8000,UIVI,0.8,0.0007522596313381003,1905568982,14,hmc_chain,seed45_uivi_8_gaussians,26.088994512706996,45,8_gaussians
15,8000,UIVI,0.8,0.0008631893357932878,1905568982,15,hmc_chain,seed45_uivi_8_gaussians,26.088994512706996,45,8_gaussians
16,8000,UIVI,0.8,0.0008955158408183234,1905568982,16,hmc_chain,seed45_uivi_8_gaussians,26.088994512706996,45,8_gaussians
17,8000,UIVI,0.8,0.0009287666094820574,1905568982,17,hmc_chain,seed45_uivi_8_gaussians,26.088994512706996,45,8_gaussians
18,8000,UIVI,0.8,0.0008080789316777172,1905568982,18,hmc_chain,seed45_uivi_8_gaussians,26.088994512706996,45,8_gaussians
19,8000,UIVI,0.8,0.0007379639338327747,1905568982,19,hmc_chain,seed45_uivi_8_gaussians,26.088994512706996,45,8_gaussians
0,10000,UIVI,1.0,0.0010303958919650285,751467999,0,hmc_chain,seed45_uivi_8_gaussians,24.958726356178524,45,8_gaussians
1,10000,UIVI,1.0,0.0009737531794684351,751467999,1,hmc_chain,seed45_uivi_8_gaussians,24.958726356178524,45,8_gaussians
2,10000,UIVI,1.0,0.000910117502188357,751467999,2,hmc_chain,seed45_uivi_8_gaussians,24.958726356178524,45,8_gaussians
3,10000,UIVI,1.0,0.0012143314145333533,751467999,3,hmc_chain,seed45_uivi_8_gaussians,24.958726356178524,45,8_gaussians
4,10000,UIVI,1.0,0.0011098861793809233,751467999,4,hmc_chain,seed45_uivi_8_gaussians,24.958726356178524,45,8_gaussians
5,10000,UIVI,1.0,0.0009552205054864998,751467999,5,hmc_chain,seed45_uivi_8_gaussians,24.958726356178524,45,8_gaussians
6,10000,UIVI,1.0,0.001027165262079472,751467999,6,hmc_chain,seed45_uivi_8_gaussians,24.958726356178524,45,8_gaussians
7,10000,UIVI,1.0,0.0011119138874708648,751467999,7,hmc_chain,seed45_uivi_8_gaussians,24.958726356178524,45,8_gaussians
8,10000,UIVI,1.0,0.0010864394293657283,751467999,8,hmc_chain,seed45_uivi_8_gaussians,24.958726356178524,45,8_gaussians
9,10000,UIVI,1.0,0.0010372015747721784,751467999,9,hmc_chain,seed45_uivi_8_gaussians,24.958726356178524,45,8_gaussians
10,10000,UIVI,1.0,0.0010447394506583353,751467999,10,hmc_chain,seed45_uivi_8_gaussians,24.958726356178524,45,8_gaussians
11,10000,UIVI,1.0,0.0009350880512271368,751467999,11,hmc_chain,seed45_uivi_8_gaussians,24.958726356178524,45,8_gaussians
12,10000,UIVI,1.0,0.0010258302105584877,751467999,12,hmc_chain,seed45_uivi_8_gaussians,24.958726356178524,45,8_gaussians
13,10000,UIVI,1.0,0.0009791454333480164,751467999,13,hmc_chain,seed45_uivi_8_gaussians,24.958726356178524,45,8_gaussians
14,10000,UIVI,1.0,0.0010564765894522585,751467999,14,hmc_chain,seed45_uivi_8_gaussians,24.958726356178524,45,8_gaussians
15,10000,UIVI,1.0,0.0009865955943228742,751467999,15,hmc_chain,seed45_uivi_8_gaussians,24.958726356178524,45,8_gaussians
16,10000,UIVI,1.0,0.0010521398858299338,751467999,16,hmc_chain,seed45_uivi_8_gaussians,24.958726356178524,45,8_gaussians
17,10000,UIVI,1.0,0.0038224648545296174,751467999,17,hmc_chain,seed45_uivi_8_gaussians,24.958726356178524,45,8_gaussians
18,10000,UIVI,1.0,0.0011106488767628504,751467999,18,hmc_chain,seed45_uivi_8_gaussians,24.958726356178524,45,8_gaussians
19,10000,UIVI,1.0,0.0009520575988358434,751467999,19,hmc_chain,seed45_uivi_8_gaussians,24.958726356178524,45,8_gaussians
0,2000,UIVI,0.2,0.00799401976230924,1975233344,0,hmc_chain,seed49_uivi_8_gaussians,29.30310762748122,49,8_gaussians
1,2000,UIVI,0.2,0.011444358624945016,1975233344,1,hmc_chain,seed49_uivi_8_gaussians,29.30310762748122,49,8_gaussians
2,2000,UIVI,0.2,0.01737562266936659,1975233344,2,hmc_chain,seed49_uivi_8_gaussians,29.30310762748122,49,8_gaussians
3,2000,UIVI,0.2,0.008692197813631737,1975233344,3,hmc_chain,seed49_uivi_8_gaussians,29.30310762748122,49,8_gaussians
4,2000,UIVI,0.2,0.012292503998716089,1975233344,4,hmc_chain,seed49_uivi_8_gaussians,29.30310762748122,49,8_gaussians
5,2000,UIVI,0.2,0.0073881673277752455,1975233344,5,hmc_chain,seed49_uivi_8_gaussians,29.30310762748122,49,8_gaussians
6,2000,UIVI,0.2,0.009804008303254896,1975233344,6,hmc_chain,seed49_uivi_8_gaussians,29.30310762748122,49,8_gaussians
7,2000,UIVI,0.2,0.011030684140208757,1975233344,7,hmc_chain,seed49_uivi_8_gaussians,29.30310762748122,49,8_gaussians
8,2000,UIVI,0.2,0.008507596257667343,1975233344,8,hmc_chain,seed49_uivi_8_gaussians,29.30310762748122,49,8_gaussians
9,2000,UIVI,0.2,0.007375435033600813,1975233344,9,hmc_chain,seed49_uivi_8_gaussians,29.30310762748122,49,8_gaussians
10,2000,UIVI,0.2,0.010480835944727061,1975233344,10,hmc_chain,seed49_uivi_8_gaussians,29.30310762748122,49,8_gaussians
11,2000,UIVI,0.2,0.009284195977990739,1975233344,11,hmc_chain,seed49_uivi_8_gaussians,29.30310762748122,49,8_gaussians
12,2000,UIVI,0.2,0.010938938440278476,1975233344,12,hmc_chain,seed49_uivi_8_gaussians,29.30310762748122,49,8_gaussians
13,2000,UIVI,0.2,0.009131791095218984,1975233344,13,hmc_chain,seed49_uivi_8_gaussians,29.30310762748122,49,8_gaussians
14,2000,UIVI,0.2,0.00970620501787663,1975233344,14,hmc_chain,seed49_uivi_8_gaussians,29.30310762748122,49,8_gaussians
15,2000,UIVI,0.2,0.008095697234128948,1975233344,15,hmc_chain,seed49_uivi_8_gaussians,29.30310762748122,49,8_gaussians
16,2000,UIVI,0.2,0.006816169557478364,1975233344,16,hmc_chain,seed49_uivi_8_gaussians,29.30310762748122,49,8_gaussians
17,2000,UIVI,0.2,0.009118051012150514,1975233344,17,hmc_chain,seed49_uivi_8_gaussians,29.30310762748122,49,8_gaussians
18,2000,UIVI,0.2,0.007661992283070752,1975233344,18,hmc_chain,seed49_uivi_8_gaussians,29.30310762748122,49,8_gaussians
19,2000,UIVI,0.2,0.007010939198804217,1975233344,19,hmc_chain,seed49_uivi_8_gaussians,29.30310762748122,49,8_gaussians
0,4000,UIVI,0.4,0.00618984365946981,589275095,0,hmc_chain,seed49_uivi_8_gaussians,28.846248906478287,49,8_gaussians
1,4000,UIVI,0.4,0.006293618324478138,589275095,1,hmc_chain,seed49_uivi_8_gaussians,28.846248906478287,49,8_gaussians
2,4000,UIVI,0.4,0.006610573136543403,589275095,2,hmc_chain,seed49_uivi_8_gaussians,28.846248906478287,49,8_gaussians
3,4000,UIVI,0.4,0.006504559768485704,589275095,3,hmc_chain,seed49_uivi_8_gaussians,28.846248906478287,49,8_gaussians
4,4000,UIVI,0.4,0.009183885755736712,589275095,4,hmc_chain,seed49_uivi_8_gaussians,28.846248906478287,49,8_gaussians
5,4000,UIVI,0.4,0.008539601123580492,589275095,5,hmc_chain,seed49_uivi_8_gaussians,28.846248906478287,49,8_gaussians
6,4000,UIVI,0.4,0.0064595747543784235,589275095,6,hmc_chain,seed49_uivi_8_gaussians,28.846248906478287,49,8_gaussians
7,4000,UIVI,0.4,0.008569818921337949,589275095,7,hmc_chain,seed49_uivi_8_gaussians,28.846248906478287,49,8_gaussians
8,4000,UIVI,0.4,0.00894649614336233,589275095,8,hmc_chain,seed49_uivi_8_gaussians,28.846248906478287,49,8_gaussians
9,4000,UIVI,0.4,0.009773047925400137,589275095,9,hmc_chain,seed49_uivi_8_gaussians,28.846248906478287,49,8_gaussians
10,4000,UIVI,0.4,0.010524762862277865,589275095,10,hmc_chain,seed49_uivi_8_gaussians,28.846248906478287,49,8_gaussians
11,4000,UIVI,0.4,0.006235304970302939,589275095,11,hmc_chain,seed49_uivi_8_gaussians,28.846248906478287,49,8_gaussians
12,4000,UIVI,0.4,0.005963969514637007,589275095,12,hmc_chain,seed49_uivi_8_gaussians,28.846248906478287,49,8_gaussians
13,4000,UIVI,0.4,0.0059269648120301565,589275095,13,hmc_chain,seed49_uivi_8_gaussians,28.846248906478287,49,8_gaussians
14,4000,UIVI,0.4,0.007631519195084577,589275095,14,hmc_chain,seed49_uivi_8_gaussians,28.846248906478287,49,8_gaussians
15,4000,UIVI,0.4,0.005252204045146352,589275095,15,hmc_chain,seed49_uivi_8_gaussians,28.846248906478287,49,8_gaussians
16,4000,UIVI,0.4,0.006813307126007052,589275095,16,hmc_chain,seed49_uivi_8_gaussians,28.846248906478287,49,8_gaussians
17,4000,UIVI,0.4,0.016132218919718035,589275095,17,hmc_chain,seed49_uivi_8_gaussians,28.846248906478287,49,8_gaussians
18,4000,UIVI,0.4,0.006270971347542039,589275095,18,hmc_chain,seed49_uivi_8_gaussians,28.846248906478287,49,8_gaussians
19,4000,UIVI,0.4,0.005300892255109688,589275095,19,hmc_chain,seed49_uivi_8_gaussians,28.846248906478287,49,8_gaussians
0,6000,UIVI,0.6,0.00780609165690521,1334566439,0,hmc_chain,seed49_uivi_8_gaussians,28.589112821221352,49,8_gaussians
1,6000,UIVI,0.6,0.011659428550289338,1334566439,1,hmc_chain,seed49_uivi_8_gaussians,28.589112821221352,49,8_gaussians
2,6000,UIVI,0.6,0.007884767377099904,1334566439,2,hmc_chain,seed49_uivi_8_gaussians,28.589112821221352,49,8_gaussians
3,6000,UIVI,0.6,0.010031848644098834,1334566439,3,hmc_chain,seed49_uivi_8_gaussians,28.589112821221352,49,8_gaussians
4,6000,UIVI,0.6,0.006878992270380105,1334566439,4,hmc_chain,seed49_uivi_8_gaussians,28.589112821221352,49,8_gaussians
5,6000,UIVI,0.6,0.008050036933826017,1334566439,5,hmc_chain,seed49_uivi_8_gaussians,28.589112821221352,49,8_gaussians
6,6000,UIVI,0.6,0.007775738538808868,1334566439,6,hmc_chain,seed49_uivi_8_gaussians,28.589112821221352,49,8_gaussians
7,6000,UIVI,0.6,0.010360456558770933,1334566439,7,hmc_chain,seed49_uivi_8_gaussians,28.589112821221352,49,8_gaussians
8,6000,UIVI,0.6,0.0052627134606782625,1334566439,8,hmc_chain,seed49_uivi_8_gaussians,28.589112821221352,49,8_gaussians
9,6000,UIVI,0.6,0.016194520631282714,1334566439,9,hmc_chain,seed49_uivi_8_gaussians,28.589112821221352,49,8_gaussians
10,6000,UIVI,0.6,0.014704828751631548,1334566439,10,hmc_chain,seed49_uivi_8_gaussians,28.589112821221352,49,8_gaussians
11,6000,UIVI,0.6,0.00629654960387878,1334566439,11,hmc_chain,seed49_uivi_8_gaussians,28.589112821221352,49,8_gaussians
12,6000,UIVI,0.6,0.005326912621912276,1334566439,12,hmc_chain,seed49_uivi_8_gaussians,28.589112821221352,49,8_gaussians
13,6000,UIVI,0.6,0.007015909592365919,1334566439,13,hmc_chain,seed49_uivi_8_gaussians,28.589112821221352,49,8_gaussians
14,6000,UIVI,0.6,0.005997232207190286,1334566439,14,hmc_chain,seed49_uivi_8_gaussians,28.589112821221352,49,8_gaussians
15,6000,UIVI,0.6,0.00537913322574371,1334566439,15,hmc_chain,seed49_uivi_8_gaussians,28.589112821221352,49,8_gaussians
16,6000,UIVI,0.6,0.010205535598235458,1334566439,16,hmc_chain,seed49_uivi_8_gaussians,28.589112821221352,49,8_gaussians
17,6000,UIVI,0.6,0.008179940781101888,1334566439,17,hmc_chain,seed49_uivi_8_gaussians,28.589112821221352,49,8_gaussians
18,6000,UIVI,0.6,0.015450723208767482,1334566439,18,hmc_chain,seed49_uivi_8_gaussians,28.589112821221352,49,8_gaussians
19,6000,UIVI,0.6,0.008578909351819137,1334566439,19,hmc_chain,seed49_uivi_8_gaussians,28.589112821221352,49,8_gaussians
0,8000,UIVI,0.8,0.006200700498224231,52746839,0,hmc_chain,seed49_uivi_8_gaussians,28.278415355831385,49,8_gaussians
1,8000,UIVI,0.8,0.008555868014033487,52746839,1,hmc_chain,seed49_uivi_8_gaussians,28.278415355831385,49,8_gaussians
2,8000,UIVI,0.8,0.007099362689209493,52746839,2,hmc_chain,seed49_uivi_8_gaussians,28.278415355831385,49,8_gaussians
3,8000,UIVI,0.8,0.00750905136927752,52746839,3,hmc_chain,seed49_uivi_8_gaussians,28.278415355831385,49,8_gaussians
4,8000,UIVI,0.8,0.0075164340024460935,52746839,4,hmc_chain,seed49_uivi_8_gaussians,28.278415355831385,49,8_gaussians
5,8000,UIVI,0.8,0.008325242424717515,52746839,5,hmc_chain,seed49_uivi_8_gaussians,28.278415355831385,49,8_gaussians
6,8000,UIVI,0.8,0.006408646036877216,52746839,6,hmc_chain,seed49_uivi_8_gaussians,28.278415355831385,49,8_gaussians
7,8000,UIVI,0.8,0.0053781253674794974,52746839,7,hmc_chain,seed49_uivi_8_gaussians,28.278415355831385,49,8_gaussians
8,8000,UIVI,0.8,0.00806000504365641,52746839,8,hmc_chain,seed49_uivi_8_gaussians,28.278415355831385,49,8_gaussians
9,8000,UIVI,0.8,0.006672998384961915,52746839,9,hmc_chain,seed49_uivi_8_gaussians,28.278415355831385,49,8_gaussians
10,8000,UIVI,0.8,0.006333670014650676,52746839,10,hmc_chain,seed49_uivi_8_gaussians,28.278415355831385,49,8_gaussians
11,8000,UIVI,0.8,0.00719510998290766,52746839,11,hmc_chain,seed49_uivi_8_gaussians,28.278415355831385,49,8_gaussians
12,8000,UIVI,0.8,0.008283745879698365,52746839,12,hmc_chain,seed49_uivi_8_gaussians,28.278415355831385,49,8_gaussians
13,8000,UIVI,0.8,0.008084229563546468,52746839,13,hmc_chain,seed49_uivi_8_gaussians,28.278415355831385,49,8_gaussians
14,8000,UIVI,0.8,0.005503558605784253,52746839,14,hmc_chain,seed49_uivi_8_gaussians,28.278415355831385,49,8_gaussians
15,8000,UIVI,0.8,0.007001491239495809,52746839,15,hmc_chain,seed49_uivi_8_gaussians,28.278415355831385,49,8_gaussians
16,8000,UIVI,0.8,0.00714743088984941,52746839,16,hmc_chain,seed49_uivi_8_gaussians,28.278415355831385,49,8_gaussians
17,8000,UIVI,0.8,0.007531194906619956,52746839,17,hmc_chain,seed49_uivi_8_gaussians,28.278415355831385,49,8_gaussians
18,8000,UIVI,0.8,0.007161426987695493,52746839,18,hmc_chain,seed49_uivi_8_gaussians,28.278415355831385,49,8_gaussians
19,8000,UIVI,0.8,0.005774930831219861,52746839,19,hmc_chain,seed49_uivi_8_gaussians,28.278415355831385,49,8_gaussians
0,10000,UIVI,1.0,0.008064200874723582,1755101521,0,hmc_chain,seed49_uivi_8_gaussians,28.104164353385567,49,8_gaussians
1,10000,UIVI,1.0,0.007038768451010466,1755101521,1,hmc_chain,seed49_uivi_8_gaussians,28.104164353385567,49,8_gaussians
2,10000,UIVI,1.0,0.010138690467376227,1755101521,2,hmc_chain,seed49_uivi_8_gaussians,28.104164353385567,49,8_gaussians
3,10000,UIVI,1.0,0.006785011798608969,1755101521,3,hmc_chain,seed49_uivi_8_gaussians,28.104164353385567,49,8_gaussians
4,10000,UIVI,1.0,0.012037030968206774,1755101521,4,hmc_chain,seed49_uivi_8_gaussians,28.104164353385567,49,8_gaussians
5,10000,UIVI,1.0,0.006613833119597992,1755101521,5,hmc_chain,seed49_uivi_8_gaussians,28.104164353385567,49,8_gaussians
6,10000,UIVI,1.0,0.00673366831793496,1755101521,6,hmc_chain,seed49_uivi_8_gaussians,28.104164353385567,49,8_gaussians
7,10000,UIVI,1.0,0.008228454981728129,1755101521,7,hmc_chain,seed49_uivi_8_gaussians,28.104164353385567,49,8_gaussians
8,10000,UIVI,1.0,0.00711021690386563,1755101521,8,hmc_chain,seed49_uivi_8_gaussians,28.104164353385567,49,8_gaussians
9,10000,UIVI,1.0,0.007298594711337448,1755101521,9,hmc_chain,seed49_uivi_8_gaussians,28.104164353385567,49,8_gaussians
10,10000,UIVI,1.0,0.00769160223083885,1755101521,10,hmc_chain,seed49_uivi_8_gaussians,28.104164353385567,49,8_gaussians
11,10000,UIVI,1.0,0.006300011137777933,1755101521,11,hmc_chain,seed49_uivi_8_gaussians,28.104164353385567,49,8_gaussians
12,10000,UIVI,1.0,0.009544055023332441,1755101521,12,hmc_chain,seed49_uivi_8_gaussians,28.104164353385567,49,8_gaussians
13,10000,UIVI,1.0,0.008458869926139706,1755101521,13,hmc_chain,seed49_uivi_8_gaussians,28.104164353385567,49,8_gaussians
14,10000,UIVI,1.0,0.0069882716079397,1755101521,14,hmc_chain,seed49_uivi_8_gaussians,28.104164353385567,49,8_gaussians
15,10000,UIVI,1.0,0.008314180520461732,1755101521,15,hmc_chain,seed49_uivi_8_gaussians,28.104164353385567,49,8_gaussians
16,10000,UIVI,1.0,0.005932516541018974,1755101521,16,hmc_chain,seed49_uivi_8_gaussians,28.104164353385567,49,8_gaussians
17,10000,UIVI,1.0,0.007510454730953084,1755101521,17,hmc_chain,seed49_uivi_8_gaussians,28.104164353385567,49,8_gaussians
18,10000,UIVI,1.0,0.007702508618618902,1755101521,18,hmc_chain,seed49_uivi_8_gaussians,28.104164353385567,49,8_gaussians
19,10000,UIVI,1.0,0.014356943289064925,1755101521,19,hmc_chain,seed49_uivi_8_gaussians,28.104164353385567,49,8_gaussians
0,2000,UIVI,0.2,0.002794247759788259,930114648,0,hmc_chain,seed50_uivi_8_gaussians,28.567248279601337,50,8_gaussians
1,2000,UIVI,0.2,0.003293886544080144,930114648,1,hmc_chain,seed50_uivi_8_gaussians,28.567248279601337,50,8_gaussians
2,2000,UIVI,0.2,0.003519673447270243,930114648,2,hmc_chain,seed50_uivi_8_gaussians,28.567248279601337,50,8_gaussians
3,2000,UIVI,0.2,0.004085356742432791,930114648,3,hmc_chain,seed50_uivi_8_gaussians,28.567248279601337,50,8_gaussians
4,2000,UIVI,0.2,0.0032580687515681075,930114648,4,hmc_chain,seed50_uivi_8_gaussians,28.567248279601337,50,8_gaussians
5,2000,UIVI,0.2,0.0030685665401810813,930114648,5,hmc_chain,seed50_uivi_8_gaussians,28.567248279601337,50,8_gaussians
6,2000,UIVI,0.2,0.003243239625653959,930114648,6,hmc_chain,seed50_uivi_8_gaussians,28.567248279601337,50,8_gaussians
7,2000,UIVI,0.2,0.0030008709369569527,930114648,7,hmc_chain,seed50_uivi_8_gaussians,28.567248279601337,50,8_gaussians
8,2000,UIVI,0.2,0.004987166652146228,930114648,8,hmc_chain,seed50_uivi_8_gaussians,28.567248279601337,50,8_gaussians
9,2000,UIVI,0.2,0.0029684645173517652,930114648,9,hmc_chain,seed50_uivi_8_gaussians,28.567248279601337,50,8_gaussians
10,2000,UIVI,0.2,0.0029383812007078665,930114648,10,hmc_chain,seed50_uivi_8_gaussians,28.567248279601337,50,8_gaussians
11,2000,UIVI,0.2,0.002747229854554751,930114648,11,hmc_chain,seed50_uivi_8_gaussians,28.567248279601337,50,8_gaussians
12,2000,UIVI,0.2,0.003288495737408624,930114648,12,hmc_chain,seed50_uivi_8_gaussians,28.567248279601337,50,8_gaussians
13,2000,UIVI,0.2,0.004064572202860662,930114648,13,hmc_chain,seed50_uivi_8_gaussians,28.567248279601337,50,8_gaussians
14,2000,UIVI,0.2,0.004343547823020927,930114648,14,hmc_chain,seed50_uivi_8_gaussians,28.567248279601337,50,8_gaussians
15,2000,UIVI,0.2,0.0035649982888363123,930114648,15,hmc_chain,seed50_uivi_8_gaussians,28.567248279601337,50,8_gaussians
16,2000,UIVI,0.2,0.002799419809525185,930114648,16,hmc_chain,seed50_uivi_8_gaussians,28.567248279601337,50,8_gaussians
17,2000,UIVI,0.2,0.0034244140840530737,930114648,17,hmc_chain,seed50_uivi_8_gaussians,28.567248279601337,50,8_gaussians
18,2000,UIVI,0.2,0.003079780657497277,930114648,18,hmc_chain,seed50_uivi_8_gaussians,28.567248279601337,50,8_gaussians
19,2000,UIVI,0.2,0.0033265137748562917,930114648,19,hmc_chain,seed50_uivi_8_gaussians,28.567248279601337,50,8_gaussians
0,4000,UIVI,0.4,0.009962546976951253,1584169209,0,hmc_chain,seed50_uivi_8_gaussians,28.760248822718857,50,8_gaussians
1,4000,UIVI,0.4,0.008345719118975314,1584169209,1,hmc_chain,seed50_uivi_8_gaussians,28.760248822718857,50,8_gaussians
2,4000,UIVI,0.4,0.008666070224801791,1584169209,2,hmc_chain,seed50_uivi_8_gaussians,28.760248822718857,50,8_gaussians
3,4000,UIVI,0.4,0.00860074257344448,1584169209,3,hmc_chain,seed50_uivi_8_gaussians,28.760248822718857,50,8_gaussians
4,4000,UIVI,0.4,0.008881823288549792,1584169209,4,hmc_chain,seed50_uivi_8_gaussians,28.760248822718857,50,8_gaussians
5,4000,UIVI,0.4,0.01320014642162199,1584169209,5,hmc_chain,seed50_uivi_8_gaussians,28.760248822718857,50,8_gaussians
6,4000,UIVI,0.4,0.00905935730419233,1584169209,6,hmc_chain,seed50_uivi_8_gaussians,28.760248822718857,50,8_gaussians
7,4000,UIVI,0.4,0.010281363697263866,1584169209,7,hmc_chain,seed50_uivi_8_gaussians,28.760248822718857,50,8_gaussians
8,4000,UIVI,0.4,0.008600358951050912,1584169209,8,hmc_chain,seed50_uivi_8_gaussians,28.760248822718857,50,8_gaussians
9,4000,UIVI,0.4,0.011600397836949721,1584169209,9,hmc_chain,seed50_uivi_8_gaussians,28.760248822718857,50,8_gaussians
10,4000,UIVI,0.4,0.009411200754933301,1584169209,10,hmc_chain,seed50_uivi_8_gaussians,28.760248822718857,50,8_gaussians
11,4000,UIVI,0.4,0.01060691997031524,1584169209,11,hmc_chain,seed50_uivi_8_gaussians,28.760248822718857,50,8_gaussians
12,4000,UIVI,0.4,0.008348109658319076,1584169209,12,hmc_chain,seed50_uivi_8_gaussians,28.760248822718857,50,8_gaussians
13,4000,UIVI,0.4,0.01050432780473087,1584169209,13,hmc_chain,seed50_uivi_8_gaussians,28.760248822718857,50,8_gaussians
14,4000,UIVI,0.4,0.008546671166852017,1584169209,14,hmc_chain,seed50_uivi_8_gaussians,28.760248822718857,50,8_gaussians
15,4000,UIVI,0.4,0.009092156340557574,1584169209,15,hmc_chain,seed50_uivi_8_gaussians,28.760248822718857,50,8_gaussians
16,4000,UIVI,0.4,0.008949299675449903,1584169209,16,hmc_chain,seed50_uivi_8_gaussians,28.760248822718857,50,8_gaussians
17,4000,UIVI,0.4,0.007866419465400913,1584169209,17,hmc_chain,seed50_uivi_8_gaussians,28.760248822718857,50,8_gaussians
18,4000,UIVI,0.4,0.009329683172563294,1584169209,18,hmc_chain,seed50_uivi_8_gaussians,28.760248822718857,50,8_gaussians
19,4000,UIVI,0.4,0.008360843491013488,1584169209,19,hmc_chain,seed50_uivi_8_gaussians,28.760248822718857,50,8_gaussians
0,6000,UIVI,0.6,0.007995335935065618,75364688,0,hmc_chain,seed50_uivi_8_gaussians,28.610623572394253,50,8_gaussians
1,6000,UIVI,0.6,0.01392481665640511,75364688,1,hmc_chain,seed50_uivi_8_gaussians,28.610623572394253,50,8_gaussians
2,6000,UIVI,0.6,0.0071982897340499815,75364688,2,hmc_chain,seed50_uivi_8_gaussians,28.610623572394253,50,8_gaussians
3,6000,UIVI,0.6,0.007871112333719054,75364688,3,hmc_chain,seed50_uivi_8_gaussians,28.610623572394253,50,8_gaussians
4,6000,UIVI,0.6,0.007202752050809402,75364688,4,hmc_chain,seed50_uivi_8_gaussians,28.610623572394253,50,8_gaussians
5,6000,UIVI,0.6,0.007351092790058508,75364688,5,hmc_chain,seed50_uivi_8_gaussians,28.610623572394253,50,8_gaussians
6,6000,UIVI,0.6,0.007824345813863133,75364688,6,hmc_chain,seed50_uivi_8_gaussians,28.610623572394253,50,8_gaussians
7,6000,UIVI,0.6,0.007657357942542277,75364688,7,hmc_chain,seed50_uivi_8_gaussians,28.610623572394253,50,8_gaussians
8,6000,UIVI,0.6,0.007864960593792214,75364688,8,hmc_chain,seed50_uivi_8_gaussians,28.610623572394253,50,8_gaussians
9,6000,UIVI,0.6,0.006790636128478179,75364688,9,hmc_chain,seed50_uivi_8_gaussians,28.610623572394253,50,8_gaussians
10,6000,UIVI,0.6,0.007299539296666059,75364688,10,hmc_chain,seed50_uivi_8_gaussians,28.610623572394253,50,8_gaussians
11,6000,UIVI,0.6,0.008595353845460126,75364688,11,hmc_chain,seed50_uivi_8_gaussians,28.610623572394253,50,8_gaussians
12,6000,UIVI,0.6,0.007112783546088487,75364688,12,hmc_chain,seed50_uivi_8_gaussians,28.610623572394253,50,8_gaussians
13,6000,UIVI,0.6,0.007672358935780523,75364688,13,hmc_chain,seed50_uivi_8_gaussians,28.610623572394253,50,8_gaussians
14,6000,UIVI,0.6,0.0071255239184236235,75364688,14,hmc_chain,seed50_uivi_8_gaussians,28.610623572394253,50,8_gaussians
15,6000,UIVI,0.6,0.007391090282413927,75364688,15,hmc_chain,seed50_uivi_8_gaussians,28.610623572394253,50,8_gaussians
16,6000,UIVI,0.6,0.007032069953687774,75364688,16,hmc_chain,seed50_uivi_8_gaussians,28.610623572394253,50,8_gaussians
17,6000,UIVI,0.6,0.0071863244576360116,75364688,17,hmc_chain,seed50_uivi_8_gaussians,28.610623572394253,50,8_gaussians
18,6000,UIVI,0.6,0.007320680962529804,75364688,18,hmc_chain,seed50_uivi_8_gaussians,28.610623572394253,50,8_gaussians
19,6000,UIVI,0.6,0.006494196531296899,75364688,19,hmc_chain,seed50_uivi_8_gaussians,28.610623572394253,50,8_gaussians
0,8000,UIVI,0.8,0.005402131645338082,294842297,0,hmc_chain,seed50_uivi_8_gaussians,28.14800336137414,50,8_gaussians
1,8000,UIVI,0.8,0.005241822625239353,294842297,1,hmc_chain,seed50_uivi_8_gaussians,28.14800336137414,50,8_gaussians
2,8000,UIVI,0.8,0.005842541684561242,294842297,2,hmc_chain,seed50_uivi_8_gaussians,28.14800336137414,50,8_gaussians
3,8000,UIVI,0.8,0.007240129936948367,294842297,3,hmc_chain,seed50_uivi_8_gaussians,28.14800336137414,50,8_gaussians
4,8000,UIVI,0.8,0.006416790742815023,294842297,4,hmc_chain,seed50_uivi_8_gaussians,28.14800336137414,50,8_gaussians
5,8000,UIVI,0.8,0.006758142776111295,294842297,5,hmc_chain,seed50_uivi_8_gaussians,28.14800336137414,50,8_gaussians
6,8000,UIVI,0.8,0.005480499199032801,294842297,6,hmc_chain,seed50_uivi_8_gaussians,28.14800336137414,50,8_gaussians
7,8000,UIVI,0.8,0.0059945992083105856,294842297,7,hmc_chain,seed50_uivi_8_gaussians,28.14800336137414,50,8_gaussians
8,8000,UIVI,0.8,0.006674758025329654,294842297,8,hmc_chain,seed50_uivi_8_gaussians,28.14800336137414,50,8_gaussians
9,8000,UIVI,0.8,0.006393439561185873,294842297,9,hmc_chain,seed50_uivi_8_gaussians,28.14800336137414,50,8_gaussians
10,8000,UIVI,0.8,0.006122305414054225,294842297,10,hmc_chain,seed50_uivi_8_gaussians,28.14800336137414,50,8_gaussians
11,8000,UIVI,0.8,0.005027340750177189,294842297,11,hmc_chain,seed50_uivi_8_gaussians,28.14800336137414,50,8_gaussians
12,8000,UIVI,0.8,0.005456691823712783,294842297,12,hmc_chain,seed50_uivi_8_gaussians,28.14800336137414,50,8_gaussians
13,8000,UIVI,0.8,0.005172540600949725,294842297,13,hmc_chain,seed50_uivi_8_gaussians,28.14800336137414,50,8_gaussians
14,8000,UIVI,0.8,0.005696080167823506,294842297,14,hmc_chain,seed50_uivi_8_gaussians,28.14800336137414,50,8_gaussians
15,8000,UIVI,0.8,0.006543492477008897,294842297,15,hmc_chain,seed50_uivi_8_gaussians,28.14800336137414,50,8_gaussians
16,8000,UIVI,0.8,0.005749923355617254,294842297,16,hmc_chain,seed50_uivi_8_gaussians,28.14800336137414,50,8_gaussians
17,8000,UIVI,0.8,0.006399232259611025,294842297,17,hmc_chain,seed50_uivi_8_gaussians,28.14800336137414,50,8_gaussians
18,8000,UIVI,0.8,0.006034926391651685,294842297,18,hmc_chain,seed50_uivi_8_gaussians,28.14800336137414,50,8_gaussians
19,8000,UIVI,0.8,0.006435141890906085,294842297,19,hmc_chain,seed50_uivi_8_gaussians,28.14800336137414,50,8_gaussians
0,10000,UIVI,1.0,0.005946696099411795,1260400256,0,hmc_chain,seed50_uivi_8_gaussians,27.821541249752045,50,8_gaussians
1,10000,UIVI,1.0,0.004662028902665666,1260400256,1,hmc_chain,seed50_uivi_8_gaussians,27.821541249752045,50,8_gaussians
2,10000,UIVI,1.0,0.0048985218385929116,1260400256,2,hmc_chain,seed50_uivi_8_gaussians,27.821541249752045,50,8_gaussians
3,10000,UIVI,1.0,0.00733787286692366,1260400256,3,hmc_chain,seed50_uivi_8_gaussians,27.821541249752045,50,8_gaussians
4,10000,UIVI,1.0,0.004690263294814788,1260400256,4,hmc_chain,seed50_uivi_8_gaussians,27.821541249752045,50,8_gaussians
5,10000,UIVI,1.0,0.004956457143657502,1260400256,5,hmc_chain,seed50_uivi_8_gaussians,27.821541249752045,50,8_gaussians
6,10000,UIVI,1.0,0.00476533722469516,1260400256,6,hmc_chain,seed50_uivi_8_gaussians,27.821541249752045,50,8_gaussians
7,10000,UIVI,1.0,0.005574071843685906,1260400256,7,hmc_chain,seed50_uivi_8_gaussians,27.821541249752045,50,8_gaussians
8,10000,UIVI,1.0,0.0053758035607920415,1260400256,8,hmc_chain,seed50_uivi_8_gaussians,27.821541249752045,50,8_gaussians
9,10000,UIVI,1.0,0.0051093604495159265,1260400256,9,hmc_chain,seed50_uivi_8_gaussians,27.821541249752045,50,8_gaussians
10,10000,UIVI,1.0,0.004441534668823789,1260400256,10,hmc_chain,seed50_uivi_8_gaussians,27.821541249752045,50,8_gaussians
11,10000,UIVI,1.0,0.004652783582744161,1260400256,11,hmc_chain,seed50_uivi_8_gaussians,27.821541249752045,50,8_gaussians
12,10000,UIVI,1.0,0.004310749294800216,1260400256,12,hmc_chain,seed50_uivi_8_gaussians,27.821541249752045,50,8_gaussians
13,10000,UIVI,1.0,0.004704090537433029,1260400256,13,hmc_chain,seed50_uivi_8_gaussians,27.821541249752045,50,8_gaussians
14,10000,UIVI,1.0,0.004914298536957987,1260400256,14,hmc_chain,seed50_uivi_8_gaussians,27.821541249752045,50,8_gaussians
15,10000,UIVI,1.0,0.004387151840039088,1260400256,15,hmc_chain,seed50_uivi_8_gaussians,27.821541249752045,50,8_gaussians
16,10000,UIVI,1.0,0.004129020671097355,1260400256,16,hmc_chain,seed50_uivi_8_gaussians,27.821541249752045,50,8_gaussians
17,10000,UIVI,1.0,0.005184302914908543,1260400256,17,hmc_chain,seed50_uivi_8_gaussians,27.821541249752045,50,8_gaussians
18,10000,UIVI,1.0,0.0061739366297083416,1260400256,18,hmc_chain,seed50_uivi_8_gaussians,27.821541249752045,50,8_gaussians
19,10000,UIVI,1.0,0.005737277869918615,1260400256,19,hmc_chain,seed50_uivi_8_gaussians,27.821541249752045,50,8_gaussians
0,2000,AISIVI,0.2,0.12490284056088878,1825330208,0,hmc_chain,seed42_aisivi_8_gaussians,29.687580108270048,42,8_gaussians
1,2000,AISIVI,0.2,0.051555513711999956,1825330208,1,hmc_chain,seed42_aisivi_8_gaussians,29.687580108270048,42,8_gaussians
2,2000,AISIVI,0.2,0.0642426787549845,1825330208,2,hmc_chain,seed42_aisivi_8_gaussians,29.687580108270048,42,8_gaussians
3,2000,AISIVI,0.2,0.05978725920402502,1825330208,3,hmc_chain,seed42_aisivi_8_gaussians,29.687580108270048,42,8_gaussians
4,2000,AISIVI,0.2,0.0723625214084529,1825330208,4,hmc_chain,seed42_aisivi_8_gaussians,29.687580108270048,42,8_gaussians
5,2000,AISIVI,0.2,0.0747468959079252,1825330208,5,hmc_chain,seed42_aisivi_8_gaussians,29.687580108270048,42,8_gaussians
6,2000,AISIVI,0.2,0.156227763959717,1825330208,6,hmc_chain,seed42_aisivi_8_gaussians,29.687580108270048,42,8_gaussians
7,2000,AISIVI,0.2,0.042659439041572184,1825330208,7,hmc_chain,seed42_aisivi_8_gaussians,29.687580108270048,42,8_gaussians
8,2000,AISIVI,0.2,0.05649371278252314,1825330208,8,hmc_chain,seed42_aisivi_8_gaussians,29.687580108270048,42,8_gaussians
9,2000,AISIVI,0.2,0.08959533297213872,1825330208,9,hmc_chain,seed42_aisivi_8_gaussians,29.687580108270048,42,8_gaussians
10,2000,AISIVI,0.2,0.14961378019056426,1825330208,10,hmc_chain,seed42_aisivi_8_gaussians,29.687580108270048,42,8_gaussians
11,2000,AISIVI,0.2,0.08632239423821336,1825330208,11,hmc_chain,seed42_aisivi_8_gaussians,29.687580108270048,42,8_gaussians
12,2000,AISIVI,0.2,0.06771849994718564,1825330208,12,hmc_chain,seed42_aisivi_8_gaussians,29.687580108270048,42,8_gaussians
13,2000,AISIVI,0.2,0.05879050463298893,1825330208,13,hmc_chain,seed42_aisivi_8_gaussians,29.687580108270048,42,8_gaussians
14,2000,AISIVI,0.2,0.052274757384988546,1825330208,14,hmc_chain,seed42_aisivi_8_gaussians,29.687580108270048,42,8_gaussians
15,2000,AISIVI,0.2,0.07054661799989825,1825330208,15,hmc_chain,seed42_aisivi_8_gaussians,29.687580108270048,42,8_gaussians
16,2000,AISIVI,0.2,0.13895140213188995,1825330208,16,hmc_chain,seed42_aisivi_8_gaussians,29.687580108270048,42,8_gaussians
17,2000,AISIVI,0.2,0.04743552825070861,1825330208,17,hmc_chain,seed42_aisivi_8_gaussians,29.687580108270048,42,8_gaussians
18,2000,AISIVI,0.2,0.1280405682574904,1825330208,18,hmc_chain,seed42_aisivi_8_gaussians,29.687580108270048,42,8_gaussians
19,2000,AISIVI,0.2,0.040744081123575915,1825330208,19,hmc_chain,seed42_aisivi_8_gaussians,29.687580108270048,42,8_gaussians
0,4000,AISIVI,0.4,0.10189579322401486,81525260,0,hmc_chain,seed42_aisivi_8_gaussians,29.99445498883724,42,8_gaussians
1,4000,AISIVI,0.4,0.11758871077368163,81525260,1,hmc_chain,seed42_aisivi_8_gaussians,29.99445498883724,42,8_gaussians
2,4000,AISIVI,0.4,0.13247650321659543,81525260,2,hmc_chain,seed42_aisivi_8_gaussians,29.99445498883724,42,8_gaussians
3,4000,AISIVI,0.4,0.1240351157756266,81525260,3,hmc_chain,seed42_aisivi_8_gaussians,29.99445498883724,42,8_gaussians
4,4000,AISIVI,0.4,0.09600819525344781,81525260,4,hmc_chain,seed42_aisivi_8_gaussians,29.99445498883724,42,8_gaussians
5,4000,AISIVI,0.4,0.12460232567057221,81525260,5,hmc_chain,seed42_aisivi_8_gaussians,29.99445498883724,42,8_gaussians
6,4000,AISIVI,0.4,0.09466074984227088,81525260,6,hmc_chain,seed42_aisivi_8_gaussians,29.99445498883724,42,8_gaussians
7,4000,AISIVI,0.4,0.1614958503746809,81525260,7,hmc_chain,seed42_aisivi_8_gaussians,29.99445498883724,42,8_gaussians
8,4000,AISIVI,0.4,0.09466332683693814,81525260,8,hmc_chain,seed42_aisivi_8_gaussians,29.99445498883724,42,8_gaussians
9,4000,AISIVI,0.4,0.21526640818980777,81525260,9,hmc_chain,seed42_aisivi_8_gaussians,29.99445498883724,42,8_gaussians
10,4000,AISIVI,0.4,0.09641544171778221,81525260,10,hmc_chain,seed42_aisivi_8_gaussians,29.99445498883724,42,8_gaussians
11,4000,AISIVI,0.4,0.08302914203183734,81525260,11,hmc_chain,seed42_aisivi_8_gaussians,29.99445498883724,42,8_gaussians
12,4000,AISIVI,0.4,0.1166286104768599,81525260,12,hmc_chain,seed42_aisivi_8_gaussians,29.99445498883724,42,8_gaussians
13,4000,AISIVI,0.4,0.13458682333728017,81525260,13,hmc_chain,seed42_aisivi_8_gaussians,29.99445498883724,42,8_gaussians
14,4000,AISIVI,0.4,0.14225766252251534,81525260,14,hmc_chain,seed42_aisivi_8_gaussians,29.99445498883724,42,8_gaussians
15,4000,AISIVI,0.4,0.08085912673235243,81525260,15,hmc_chain,seed42_aisivi_8_gaussians,29.99445498883724,42,8_gaussians
16,4000,AISIVI,0.4,0.10839289085624594,81525260,16,hmc_chain,seed42_aisivi_8_gaussians,29.99445498883724,42,8_gaussians
17,4000,AISIVI,0.4,0.1004609368944121,81525260,17,hmc_chain,seed42_aisivi_8_gaussians,29.99445498883724,42,8_gaussians
18,4000,AISIVI,0.4,0.14430223634580056,81525260,18,hmc_chain,seed42_aisivi_8_gaussians,29.99445498883724,42,8_gaussians
19,4000,AISIVI,0.4,0.12848813198282855,81525260,19,hmc_chain,seed42_aisivi_8_gaussians,29.99445498883724,42,8_gaussians
0,6000,AISIVI,0.6,0.1188471332965094,1903760440,0,hmc_chain,seed42_aisivi_8_gaussians,27.51658257432282,42,8_gaussians
1,6000,AISIVI,0.6,0.12960265779293598,1903760440,1,hmc_chain,seed42_aisivi_8_gaussians,27.51658257432282,42,8_gaussians
2,6000,AISIVI,0.6,0.10988526760063841,1903760440,2,hmc_chain,seed42_aisivi_8_gaussians,27.51658257432282,42,8_gaussians
3,6000,AISIVI,0.6,0.11602160001219317,1903760440,3,hmc_chain,seed42_aisivi_8_gaussians,27.51658257432282,42,8_gaussians
4,6000,AISIVI,0.6,0.14074050559669155,1903760440,4,hmc_chain,seed42_aisivi_8_gaussians,27.51658257432282,42,8_gaussians
5,6000,AISIVI,0.6,0.12535140765654318,1903760440,5,hmc_chain,seed42_aisivi_8_gaussians,27.51658257432282,42,8_gaussians
6,6000,AISIVI,0.6,0.13116340894295384,1903760440,6,hmc_chain,seed42_aisivi_8_gaussians,27.51658257432282,42,8_gaussians
7,6000,AISIVI,0.6,0.1606516708869269,1903760440,7,hmc_chain,seed42_aisivi_8_gaussians,27.51658257432282,42,8_gaussians
8,6000,AISIVI,0.6,0.2845799851754217,1903760440,8,hmc_chain,seed42_aisivi_8_gaussians,27.51658257432282,42,8_gaussians
9,6000,AISIVI,0.6,0.21714171390123987,1903760440,9,hmc_chain,seed42_aisivi_8_gaussians,27.51658257432282,42,8_gaussians
10,6000,AISIVI,0.6,0.1581261178108771,1903760440,10,hmc_chain,seed42_aisivi_8_gaussians,27.51658257432282,42,8_gaussians
11,6000,AISIVI,0.6,1.3486830471483304,1903760440,11,hmc_chain,seed42_aisivi_8_gaussians,27.51658257432282,42,8_gaussians
12,6000,AISIVI,0.6,0.20939200303591426,1903760440,12,hmc_chain,seed42_aisivi_8_gaussians,27.51658257432282,42,8_gaussians
13,6000,AISIVI,0.6,0.1450136292308693,1903760440,13,hmc_chain,seed42_aisivi_8_gaussians,27.51658257432282,42,8_gaussians
14,6000,AISIVI,0.6,0.17187120867961092,1903760440,14,hmc_chain,seed42_aisivi_8_gaussians,27.51658257432282,42,8_gaussians
15,6000,AISIVI,0.6,0.25572189172307086,1903760440,15,hmc_chain,seed42_aisivi_8_gaussians,27.51658257432282,42,8_gaussians
16,6000,AISIVI,0.6,0.18446594591535903,1903760440,16,hmc_chain,seed42_aisivi_8_gaussians,27.51658257432282,42,8_gaussians
17,6000,AISIVI,0.6,0.2274469110292417,1903760440,17,hmc_chain,seed42_aisivi_8_gaussians,27.51658257432282,42,8_gaussians
18,6000,AISIVI,0.6,0.12002079817917971,1903760440,18,hmc_chain,seed42_aisivi_8_gaussians,27.51658257432282,42,8_gaussians
19,6000,AISIVI,0.6,0.1396358176254253,1903760440,19,hmc_chain,seed42_aisivi_8_gaussians,27.51658257432282,42,8_gaussians
0,8000,AISIVI,0.8,0.1767408270575947,857732915,0,hmc_chain,seed42_aisivi_8_gaussians,27.38057792969048,42,8_gaussians
1,8000,AISIVI,0.8,0.2692852596845966,857732915,1,hmc_chain,seed42_aisivi_8_gaussians,27.38057792969048,42,8_gaussians
2,8000,AISIVI,0.8,0.1458545240124072,857732915,2,hmc_chain,seed42_aisivi_8_gaussians,27.38057792969048,42,8_gaussians
3,8000,AISIVI,0.8,0.2681203863571773,857732915,3,hmc_chain,seed42_aisivi_8_gaussians,27.38057792969048,42,8_gaussians
4,8000,AISIVI,0.8,0.1794015397866301,857732915,4,hmc_chain,seed42_aisivi_8_gaussians,27.38057792969048,42,8_gaussians
5,8000,AISIVI,0.8,0.22213701459469218,857732915,5,hmc_chain,seed42_aisivi_8_gaussians,27.38057792969048,42,8_gaussians
6,8000,AISIVI,0.8,0.5112442118834757,857732915,6,hmc_chain,seed42_aisivi_8_gaussians,27.38057792969048,42,8_gaussians
7,8000,AISIVI,0.8,0.13631505679944844,857732915,7,hmc_chain,seed42_aisivi_8_gaussians,27.38057792969048,42,8_gaussians
8,8000,AISIVI,0.8,0.24791219685754173,857732915,8,hmc_chain,seed42_aisivi_8_gaussians,27.38057792969048,42,8_gaussians
9,8000,AISIVI,0.8,0.14060804327975623,857732915,9,hmc_chain,seed42_aisivi_8_gaussians,27.38057792969048,42,8_gaussians
10,8000,AISIVI,0.8,0.1095677068139857,857732915,10,hmc_chain,seed42_aisivi_8_gaussians,27.38057792969048,42,8_gaussians
11,8000,AISIVI,0.8,0.11438483628875161,857732915,11,hmc_chain,seed42_aisivi_8_gaussians,27.38057792969048,42,8_gaussians
12,8000,AISIVI,0.8,0.12378420651651735,857732915,12,hmc_chain,seed42_aisivi_8_gaussians,27.38057792969048,42,8_gaussians
13,8000,AISIVI,0.8,0.13813610491383654,857732915,13,hmc_chain,seed42_aisivi_8_gaussians,27.38057792969048,42,8_gaussians
14,8000,AISIVI,0.8,0.1255688527455765,857732915,14,hmc_chain,seed42_aisivi_8_gaussians,27.38057792969048,42,8_gaussians
15,8000,AISIVI,0.8,0.16693439463565693,857732915,15,hmc_chain,seed42_aisivi_8_gaussians,27.38057792969048,42,8_gaussians
16,8000,AISIVI,0.8,0.12275854282073476,857732915,16,hmc_chain,seed42_aisivi_8_gaussians,27.38057792969048,42,8_gaussians
17,8000,AISIVI,0.8,0.1483567854163794,857732915,17,hmc_chain,seed42_aisivi_8_gaussians,27.38057792969048,42,8_gaussians
18,8000,AISIVI,0.8,0.19389808197392322,857732915,18,hmc_chain,seed42_aisivi_8_gaussians,27.38057792969048,42,8_gaussians
19,8000,AISIVI,0.8,0.17643664359962352,857732915,19,hmc_chain,seed42_aisivi_8_gaussians,27.38057792969048,42,8_gaussians
0,10000,AISIVI,1.0,0.20677707678982293,7051459,0,hmc_chain,seed42_aisivi_8_gaussians,27.524890142679215,42,8_gaussians
1,10000,AISIVI,1.0,0.23894201242760424,7051459,1,hmc_chain,seed42_aisivi_8_gaussians,27.524890142679215,42,8_gaussians
2,10000,AISIVI,1.0,0.13023723448999602,7051459,2,hmc_chain,seed42_aisivi_8_gaussians,27.524890142679215,42,8_gaussians
3,10000,AISIVI,1.0,0.26160462553765534,7051459,3,hmc_chain,seed42_aisivi_8_gaussians,27.524890142679215,42,8_gaussians
4,10000,AISIVI,1.0,0.2625134882185366,7051459,4,hmc_chain,seed42_aisivi_8_gaussians,27.524890142679215,42,8_gaussians
5,10000,AISIVI,1.0,0.1291493250907822,7051459,5,hmc_chain,seed42_aisivi_8_gaussians,27.524890142679215,42,8_gaussians
6,10000,AISIVI,1.0,0.2832226568883687,7051459,6,hmc_chain,seed42_aisivi_8_gaussians,27.524890142679215,42,8_gaussians
7,10000,AISIVI,1.0,0.12170814005882821,7051459,7,hmc_chain,seed42_aisivi_8_gaussians,27.524890142679215,42,8_gaussians
8,10000,AISIVI,1.0,0.14283379330872137,7051459,8,hmc_chain,seed42_aisivi_8_gaussians,27.524890142679215,42,8_gaussians
9,10000,AISIVI,1.0,0.201780858212981,7051459,9,hmc_chain,seed42_aisivi_8_gaussians,27.524890142679215,42,8_gaussians
10,10000,AISIVI,1.0,0.2131110941183073,7051459,10,hmc_chain,seed42_aisivi_8_gaussians,27.524890142679215,42,8_gaussians
11,10000,AISIVI,1.0,0.11447545383582554,7051459,11,hmc_chain,seed42_aisivi_8_gaussians,27.524890142679215,42,8_gaussians
12,10000,AISIVI,1.0,0.13994939995557104,7051459,12,hmc_chain,seed42_aisivi_8_gaussians,27.524890142679215,42,8_gaussians
13,10000,AISIVI,1.0,0.14897119037163165,7051459,13,hmc_chain,seed42_aisivi_8_gaussians,27.524890142679215,42,8_gaussians
14,10000,AISIVI,1.0,0.19644744346140933,7051459,14,hmc_chain,seed42_aisivi_8_gaussians,27.524890142679215,42,8_gaussians
15,10000,AISIVI,1.0,0.17086805688066642,7051459,15,hmc_chain,seed42_aisivi_8_gaussians,27.524890142679215,42,8_gaussians
16,10000,AISIVI,1.0,0.11414517544381564,7051459,16,hmc_chain,seed42_aisivi_8_gaussians,27.524890142679215,42,8_gaussians
17,10000,AISIVI,1.0,0.404473859695109,7051459,17,hmc_chain,seed42_aisivi_8_gaussians,27.524890142679215,42,8_gaussians
18,10000,AISIVI,1.0,0.29543533366212227,7051459,18,hmc_chain,seed42_aisivi_8_gaussians,27.524890142679215,42,8_gaussians
19,10000,AISIVI,1.0,0.16757474087817892,7051459,19,hmc_chain,seed42_aisivi_8_gaussians,27.524890142679215,42,8_gaussians
0,2000,AISIVI,0.2,0.040931572770305555,56635061,0,hmc_chain,seed43_aisivi_8_gaussians,29.181301311403512,43,8_gaussians
1,2000,AISIVI,0.2,0.050505981900187395,56635061,1,hmc_chain,seed43_aisivi_8_gaussians,29.181301311403512,43,8_gaussians
2,2000,AISIVI,0.2,0.04819562645001704,56635061,2,hmc_chain,seed43_aisivi_8_gaussians,29.181301311403512,43,8_gaussians
3,2000,AISIVI,0.2,0.05125688381772807,56635061,3,hmc_chain,seed43_aisivi_8_gaussians,29.181301311403512,43,8_gaussians
4,2000,AISIVI,0.2,0.04819175493608678,56635061,4,hmc_chain,seed43_aisivi_8_gaussians,29.181301311403512,43,8_gaussians
5,2000,AISIVI,0.2,0.04505019473739121,56635061,5,hmc_chain,seed43_aisivi_8_gaussians,29.181301311403512,43,8_gaussians
6,2000,AISIVI,0.2,0.03649489108451637,56635061,6,hmc_chain,seed43_aisivi_8_gaussians,29.181301311403512,43,8_gaussians
7,2000,AISIVI,0.2,0.045678090710887964,56635061,7,hmc_chain,seed43_aisivi_8_gaussians,29.181301311403512,43,8_gaussians
8,2000,AISIVI,0.2,0.05388905093492188,56635061,8,hmc_chain,seed43_aisivi_8_gaussians,29.181301311403512,43,8_gaussians
9,2000,AISIVI,0.2,0.0500613862789714,56635061,9,hmc_chain,seed43_aisivi_8_gaussians,29.181301311403512,43,8_gaussians
10,2000,AISIVI,0.2,0.05996857256378642,56635061,10,hmc_chain,seed43_aisivi_8_gaussians,29.181301311403512,43,8_gaussians
11,2000,AISIVI,0.2,0.04642467060754578,56635061,11,hmc_chain,seed43_aisivi_8_gaussians,29.181301311403512,43,8_gaussians
12,2000,AISIVI,0.2,0.0394432372657563,56635061,12,hmc_chain,seed43_aisivi_8_gaussians,29.181301311403512,43,8_gaussians
13,2000,AISIVI,0.2,0.04858254990999746,56635061,13,hmc_chain,seed43_aisivi_8_gaussians,29.181301311403512,43,8_gaussians
14,2000,AISIVI,0.2,0.03873589717994594,56635061,14,hmc_chain,seed43_aisivi_8_gaussians,29.181301311403512,43,8_gaussians
15,2000,AISIVI,0.2,0.048857903190240734,56635061,15,hmc_chain,seed43_aisivi_8_gaussians,29.181301311403512,43,8_gaussians
16,2000,AISIVI,0.2,0.06906689834312202,56635061,16,hmc_chain,seed43_aisivi_8_gaussians,29.181301311403512,43,8_gaussians
17,2000,AISIVI,0.2,0.04981175015904142,56635061,17,hmc_chain,seed43_aisivi_8_gaussians,29.181301311403512,43,8_gaussians
18,2000,AISIVI,0.2,0.04168699459178492,56635061,18,hmc_chain,seed43_aisivi_8_gaussians,29.181301311403512,43,8_gaussians
19,2000,AISIVI,0.2,0.03786244180693299,56635061,19,hmc_chain,seed43_aisivi_8_gaussians,29.181301311403512,43,8_gaussians
0,4000,AISIVI,0.4,0.15814107998223634,220993474,0,hmc_chain,seed43_aisivi_8_gaussians,29.24780032671988,43,8_gaussians
1,4000,AISIVI,0.4,0.1656267992969232,220993474,1,hmc_chain,seed43_aisivi_8_gaussians,29.24780032671988,43,8_gaussians
2,4000,AISIVI,0.4,0.12546054338404874,220993474,2,hmc_chain,seed43_aisivi_8_gaussians,29.24780032671988,43,8_gaussians
3,4000,AISIVI,0.4,0.12025634451331363,220993474,3,hmc_chain,seed43_aisivi_8_gaussians,29.24780032671988,43,8_gaussians
4,4000,AISIVI,0.4,0.2062360118838716,220993474,4,hmc_chain,seed43_aisivi_8_gaussians,29.24780032671988,43,8_gaussians
5,4000,AISIVI,0.4,0.14640027969016386,220993474,5,hmc_chain,seed43_aisivi_8_gaussians,29.24780032671988,43,8_gaussians
6,4000,AISIVI,0.4,0.13725561278175502,220993474,6,hmc_chain,seed43_aisivi_8_gaussians,29.24780032671988,43,8_gaussians
7,4000,AISIVI,0.4,0.20247863187857756,220993474,7,hmc_chain,seed43_aisivi_8_gaussians,29.24780032671988,43,8_gaussians
8,4000,AISIVI,0.4,0.18696613105324428,220993474,8,hmc_chain,seed43_aisivi_8_gaussians,29.24780032671988,43,8_gaussians
9,4000,AISIVI,0.4,0.11561081352853955,220993474,9,hmc_chain,seed43_aisivi_8_gaussians,29.24780032671988,43,8_gaussians
10,4000,AISIVI,0.4,0.14622349058173723,220993474,10,hmc_chain,seed43_aisivi_8_gaussians,29.24780032671988,43,8_gaussians
11,4000,AISIVI,0.4,0.1849499843800515,220993474,11,hmc_chain,seed43_aisivi_8_gaussians,29.24780032671988,43,8_gaussians
12,4000,AISIVI,0.4,0.1348184373348508,220993474,12,hmc_chain,seed43_aisivi_8_gaussians,29.24780032671988,43,8_gaussians
13,4000,AISIVI,0.4,0.14036250682492407,220993474,13,hmc_chain,seed43_aisivi_8_gaussians,29.24780032671988,43,8_gaussians
14,4000,AISIVI,0.4,0.2503587769289758,220993474,14,hmc_chain,seed43_aisivi_8_gaussians,29.24780032671988,43,8_gaussians
15,4000,AISIVI,0.4,0.15687559104726148,220993474,15,hmc_chain,seed43_aisivi_8_gaussians,29.24780032671988,43,8_gaussians
16,4000,AISIVI,0.4,0.13194287786689496,220993474,16,hmc_chain,seed43_aisivi_8_gaussians,29.24780032671988,43,8_gaussians
17,4000,AISIVI,0.4,0.22501432788835635,220993474,17,hmc_chain,seed43_aisivi_8_gaussians,29.24780032671988,43,8_gaussians
18,4000,AISIVI,0.4,0.21283371477897078,220993474,18,hmc_chain,seed43_aisivi_8_gaussians,29.24780032671988,43,8_gaussians
19,4000,AISIVI,0.4,0.14195435212509702,220993474,19,hmc_chain,seed43_aisivi_8_gaussians,29.24780032671988,43,8_gaussians
0,6000,AISIVI,0.6,0.44972363477354316,607539459,0,hmc_chain,seed43_aisivi_8_gaussians,29.21813166476786,43,8_gaussians
1,6000,AISIVI,0.6,0.2475868383215304,607539459,1,hmc_chain,seed43_aisivi_8_gaussians,29.21813166476786,43,8_gaussians
2,6000,AISIVI,0.6,0.2060520223435744,607539459,2,hmc_chain,seed43_aisivi_8_gaussians,29.21813166476786,43,8_gaussians
3,6000,AISIVI,0.6,0.24794371065650853,607539459,3,hmc_chain,seed43_aisivi_8_gaussians,29.21813166476786,43,8_gaussians
4,6000,AISIVI,0.6,0.2956071212296721,607539459,4,hmc_chain,seed43_aisivi_8_gaussians,29.21813166476786,43,8_gaussians
5,6000,AISIVI,0.6,0.24260536360392007,607539459,5,hmc_chain,seed43_aisivi_8_gaussians,29.21813166476786,43,8_gaussians
6,6000,AISIVI,0.6,0.20252938148362656,607539459,6,hmc_chain,seed43_aisivi_8_gaussians,29.21813166476786,43,8_gaussians
7,6000,AISIVI,0.6,0.27463302851981264,607539459,7,hmc_chain,seed43_aisivi_8_gaussians,29.21813166476786,43,8_gaussians
8,6000,AISIVI,0.6,0.21658046366400094,607539459,8,hmc_chain,seed43_aisivi_8_gaussians,29.21813166476786,43,8_gaussians
9,6000,AISIVI,0.6,0.19134364353328825,607539459,9,hmc_chain,seed43_aisivi_8_gaussians,29.21813166476786,43,8_gaussians
10,6000,AISIVI,0.6,0.32398329207176924,607539459,10,hmc_chain,seed43_aisivi_8_gaussians,29.21813166476786,43,8_gaussians
11,6000,AISIVI,0.6,0.22247568940407011,607539459,11,hmc_chain,seed43_aisivi_8_gaussians,29.21813166476786,43,8_gaussians
12,6000,AISIVI,0.6,0.23278646604779257,607539459,12,hmc_chain,seed43_aisivi_8_gaussians,29.21813166476786,43,8_gaussians
13,6000,AISIVI,0.6,0.23125805410704778,607539459,13,hmc_chain,seed43_aisivi_8_gaussians,29.21813166476786,43,8_gaussians
14,6000,AISIVI,0.6,0.16124445037106871,607539459,14,hmc_chain,seed43_aisivi_8_gaussians,29.21813166476786,43,8_gaussians
15,6000,AISIVI,0.6,0.228493006237686,607539459,15,hmc_chain,seed43_aisivi_8_gaussians,29.21813166476786,43,8_gaussians
16,6000,AISIVI,0.6,0.17076368365648076,607539459,16,hmc_chain,seed43_aisivi_8_gaussians,29.21813166476786,43,8_gaussians
17,6000,AISIVI,0.6,0.2862806725487834,607539459,17,hmc_chain,seed43_aisivi_8_gaussians,29.21813166476786,43,8_gaussians
18,6000,AISIVI,0.6,0.2658783855529363,607539459,18,hmc_chain,seed43_aisivi_8_gaussians,29.21813166476786,43,8_gaussians
19,6000,AISIVI,0.6,0.28199093952914667,607539459,19,hmc_chain,seed43_aisivi_8_gaussians,29.21813166476786,43,8_gaussians
0,8000,AISIVI,0.8,0.27960785183713116,62112212,0,hmc_chain,seed43_aisivi_8_gaussians,28.767509794607758,43,8_gaussians
1,8000,AISIVI,0.8,0.41082387740262544,62112212,1,hmc_chain,seed43_aisivi_8_gaussians,28.767509794607758,43,8_gaussians
2,8000,AISIVI,0.8,0.24192338033037064,62112212,2,hmc_chain,seed43_aisivi_8_gaussians,28.767509794607758,43,8_gaussians
3,8000,AISIVI,0.8,0.22574994176763385,62112212,3,hmc_chain,seed43_aisivi_8_gaussians,28.767509794607758,43,8_gaussians
4,8000,AISIVI,0.8,0.27704528386311744,62112212,4,hmc_chain,seed43_aisivi_8_gaussians,28.767509794607758,43,8_gaussians
5,8000,AISIVI,0.8,0.34073430751198563,62112212,5,hmc_chain,seed43_aisivi_8_gaussians,28.767509794607758,43,8_gaussians
6,8000,AISIVI,0.8,0.32640042219313814,62112212,6,hmc_chain,seed43_aisivi_8_gaussians,28.767509794607758,43,8_gaussians
7,8000,AISIVI,0.8,0.22466636836851742,62112212,7,hmc_chain,seed43_aisivi_8_gaussians,28.767509794607758,43,8_gaussians
8,8000,AISIVI,0.8,0.34102252276994616,62112212,8,hmc_chain,seed43_aisivi_8_gaussians,28.767509794607758,43,8_gaussians
9,8000,AISIVI,0.8,0.23523586147990821,62112212,9,hmc_chain,seed43_aisivi_8_gaussians,28.767509794607758,43,8_gaussians
10,8000,AISIVI,0.8,0.2050787076440307,62112212,10,hmc_chain,seed43_aisivi_8_gaussians,28.767509794607758,43,8_gaussians
11,8000,AISIVI,0.8,0.27982161969479824,62112212,11,hmc_chain,seed43_aisivi_8_gaussians,28.767509794607758,43,8_gaussians
12,8000,AISIVI,0.8,0.2936463636824381,62112212,12,hmc_chain,seed43_aisivi_8_gaussians,28.767509794607758,43,8_gaussians
13,8000,AISIVI,0.8,0.2699367903748924,62112212,13,hmc_chain,seed43_aisivi_8_gaussians,28.767509794607758,43,8_gaussians
14,8000,AISIVI,0.8,0.22545383489139553,62112212,14,hmc_chain,seed43_aisivi_8_gaussians,28.767509794607758,43,8_gaussians
15,8000,AISIVI,0.8,0.318723157311704,62112212,15,hmc_chain,seed43_aisivi_8_gaussians,28.767509794607758,43,8_gaussians
16,8000,AISIVI,0.8,0.379009740794018,62112212,16,hmc_chain,seed43_aisivi_8_gaussians,28.767509794607758,43,8_gaussians
17,8000,AISIVI,0.8,0.2752422609536357,62112212,17,hmc_chain,seed43_aisivi_8_gaussians,28.767509794607758,43,8_gaussians
18,8000,AISIVI,0.8,0.44774423353323034,62112212,18,hmc_chain,seed43_aisivi_8_gaussians,28.767509794607758,43,8_gaussians
19,8000,AISIVI,0.8,0.2319928662409003,62112212,19,hmc_chain,seed43_aisivi_8_gaussians,28.767509794607758,43,8_gaussians
0,10000,AISIVI,1.0,0.15387887026634406,2138642171,0,hmc_chain,seed43_aisivi_8_gaussians,27.74035649225116,43,8_gaussians
1,10000,AISIVI,1.0,0.11744745400619529,2138642171,1,hmc_chain,seed43_aisivi_8_gaussians,27.74035649225116,43,8_gaussians
2,10000,AISIVI,1.0,0.1731315083947449,2138642171,2,hmc_chain,seed43_aisivi_8_gaussians,27.74035649225116,43,8_gaussians
3,10000,AISIVI,1.0,0.11125060202595337,2138642171,3,hmc_chain,seed43_aisivi_8_gaussians,27.74035649225116,43,8_gaussians
4,10000,AISIVI,1.0,0.08260076460761655,2138642171,4,hmc_chain,seed43_aisivi_8_gaussians,27.74035649225116,43,8_gaussians
5,10000,AISIVI,1.0,0.18849731762497068,2138642171,5,hmc_chain,seed43_aisivi_8_gaussians,27.74035649225116,43,8_gaussians
6,10000,AISIVI,1.0,0.0879953697788373,2138642171,6,hmc_chain,seed43_aisivi_8_gaussians,27.74035649225116,43,8_gaussians
7,10000,AISIVI,1.0,0.1313500395841537,2138642171,7,hmc_chain,seed43_aisivi_8_gaussians,27.74035649225116,43,8_gaussians
8,10000,AISIVI,1.0,0.11257809389026895,2138642171,8,hmc_chain,seed43_aisivi_8_gaussians,27.74035649225116,43,8_gaussians
9,10000,AISIVI,1.0,0.11595031241607875,2138642171,9,hmc_chain,seed43_aisivi_8_gaussians,27.74035649225116,43,8_gaussians
10,10000,AISIVI,1.0,0.1537932833338727,2138642171,10,hmc_chain,seed43_aisivi_8_gaussians,27.74035649225116,43,8_gaussians
11,10000,AISIVI,1.0,0.10093486658307968,2138642171,11,hmc_chain,seed43_aisivi_8_gaussians,27.74035649225116,43,8_gaussians
12,10000,AISIVI,1.0,0.1213098736010425,2138642171,12,hmc_chain,seed43_aisivi_8_gaussians,27.74035649225116,43,8_gaussians
13,10000,AISIVI,1.0,0.10080070993410903,2138642171,13,hmc_chain,seed43_aisivi_8_gaussians,27.74035649225116,43,8_gaussians
14,10000,AISIVI,1.0,0.12758793711105929,2138642171,14,hmc_chain,seed43_aisivi_8_gaussians,27.74035649225116,43,8_gaussians
15,10000,AISIVI,1.0,0.11499309470857891,2138642171,15,hmc_chain,seed43_aisivi_8_gaussians,27.74035649225116,43,8_gaussians
16,10000,AISIVI,1.0,0.1429242011250472,2138642171,16,hmc_chain,seed43_aisivi_8_gaussians,27.74035649225116,43,8_gaussians
17,10000,AISIVI,1.0,0.12117083095344058,2138642171,17,hmc_chain,seed43_aisivi_8_gaussians,27.74035649225116,43,8_gaussians
18,10000,AISIVI,1.0,0.16198631086042148,2138642171,18,hmc_chain,seed43_aisivi_8_gaussians,27.74035649225116,43,8_gaussians
19,10000,AISIVI,1.0,0.097516359819466,2138642171,19,hmc_chain,seed43_aisivi_8_gaussians,27.74035649225116,43,8_gaussians
0,2000,AISIVI,0.2,0.03359488896083779,185184326,0,hmc_chain,seed45_aisivi_8_gaussians,26.354900582879782,45,8_gaussians
1,2000,AISIVI,0.2,0.04385634385244075,185184326,1,hmc_chain,seed45_aisivi_8_gaussians,26.354900582879782,45,8_gaussians
2,2000,AISIVI,0.2,0.04506724020516705,185184326,2,hmc_chain,seed45_aisivi_8_gaussians,26.354900582879782,45,8_gaussians
3,2000,AISIVI,0.2,0.048810263296811124,185184326,3,hmc_chain,seed45_aisivi_8_gaussians,26.354900582879782,45,8_gaussians
4,2000,AISIVI,0.2,0.04333117098417107,185184326,4,hmc_chain,seed45_aisivi_8_gaussians,26.354900582879782,45,8_gaussians
5,2000,AISIVI,0.2,0.05530712877840923,185184326,5,hmc_chain,seed45_aisivi_8_gaussians,26.354900582879782,45,8_gaussians
6,2000,AISIVI,0.2,0.03383135521988272,185184326,6,hmc_chain,seed45_aisivi_8_gaussians,26.354900582879782,45,8_gaussians
7,2000,AISIVI,0.2,0.043362080046973915,185184326,7,hmc_chain,seed45_aisivi_8_gaussians,26.354900582879782,45,8_gaussians
8,2000,AISIVI,0.2,0.03531303784467492,185184326,8,hmc_chain,seed45_aisivi_8_gaussians,26.354900582879782,45,8_gaussians
9,2000,AISIVI,0.2,0.034722428129902394,185184326,9,hmc_chain,seed45_aisivi_8_gaussians,26.354900582879782,45,8_gaussians
10,2000,AISIVI,0.2,0.0389721808286089,185184326,10,hmc_chain,seed45_aisivi_8_gaussians,26.354900582879782,45,8_gaussians
11,2000,AISIVI,0.2,0.03907178923574977,185184326,11,hmc_chain,seed45_aisivi_8_gaussians,26.354900582879782,45,8_gaussians
12,2000,AISIVI,0.2,0.06555609902387002,185184326,12,hmc_chain,seed45_aisivi_8_gaussians,26.354900582879782,45,8_gaussians
13,2000,AISIVI,0.2,0.038099842165056935,185184326,13,hmc_chain,seed45_aisivi_8_gaussians,26.354900582879782,45,8_gaussians
14,2000,AISIVI,0.2,0.04856617512220679,185184326,14,hmc_chain,seed45_aisivi_8_gaussians,26.354900582879782,45,8_gaussians
15,2000,AISIVI,0.2,0.045360665148192855,185184326,15,hmc_chain,seed45_aisivi_8_gaussians,26.354900582879782,45,8_gaussians
16,2000,AISIVI,0.2,0.04718165058509728,185184326,16,hmc_chain,seed45_aisivi_8_gaussians,26.354900582879782,45,8_gaussians
17,2000,AISIVI,0.2,0.045059295872197244,185184326,17,hmc_chain,seed45_aisivi_8_gaussians,26.354900582879782,45,8_gaussians
18,2000,AISIVI,0.2,0.04645780337904623,185184326,18,hmc_chain,seed45_aisivi_8_gaussians,26.354900582879782,45,8_gaussians
19,2000,AISIVI,0.2,0.039608598420965584,185184326,19,hmc_chain,seed45_aisivi_8_gaussians,26.354900582879782,45,8_gaussians
0,4000,AISIVI,0.4,0.16760001767207938,657399705,0,hmc_chain,seed45_aisivi_8_gaussians,26.04346983768046,45,8_gaussians
1,4000,AISIVI,0.4,0.12081147510854799,657399705,1,hmc_chain,seed45_aisivi_8_gaussians,26.04346983768046,45,8_gaussians
2,4000,AISIVI,0.4,0.17029041257247013,657399705,2,hmc_chain,seed45_aisivi_8_gaussians,26.04346983768046,45,8_gaussians
3,4000,AISIVI,0.4,0.1672296947364161,657399705,3,hmc_chain,seed45_aisivi_8_gaussians,26.04346983768046,45,8_gaussians
4,4000,AISIVI,0.4,0.1087312917512793,657399705,4,hmc_chain,seed45_aisivi_8_gaussians,26.04346983768046,45,8_gaussians
5,4000,AISIVI,0.4,0.17802787175296553,657399705,5,hmc_chain,seed45_aisivi_8_gaussians,26.04346983768046,45,8_gaussians
6,4000,AISIVI,0.4,0.1284880869856441,657399705,6,hmc_chain,seed45_aisivi_8_gaussians,26.04346983768046,45,8_gaussians
7,4000,AISIVI,0.4,0.13893796306720213,657399705,7,hmc_chain,seed45_aisivi_8_gaussians,26.04346983768046,45,8_gaussians
8,4000,AISIVI,0.4,0.14270729363221454,657399705,8,hmc_chain,seed45_aisivi_8_gaussians,26.04346983768046,45,8_gaussians
9,4000,AISIVI,0.4,0.13814603674722684,657399705,9,hmc_chain,seed45_aisivi_8_gaussians,26.04346983768046,45,8_gaussians
10,4000,AISIVI,0.4,0.14786697088648715,657399705,10,hmc_chain,seed45_aisivi_8_gaussians,26.04346983768046,45,8_gaussians
11,4000,AISIVI,0.4,0.21336499715738794,657399705,11,hmc_chain,seed45_aisivi_8_gaussians,26.04346983768046,45,8_gaussians
12,4000,AISIVI,0.4,0.16598977701142792,657399705,12,hmc_chain,seed45_aisivi_8_gaussians,26.04346983768046,45,8_gaussians
13,4000,AISIVI,0.4,0.1842240096577914,657399705,13,hmc_chain,seed45_aisivi_8_gaussians,26.04346983768046,45,8_gaussians
14,4000,AISIVI,0.4,0.10903334369531743,657399705,14,hmc_chain,seed45_aisivi_8_gaussians,26.04346983768046,45,8_gaussians
15,4000,AISIVI,0.4,1.5873875586027317,657399705,15,hmc_chain,seed45_aisivi_8_gaussians,26.04346983768046,45,8_gaussians
16,4000,AISIVI,0.4,0.1041306377097568,657399705,16,hmc_chain,seed45_aisivi_8_gaussians,26.04346983768046,45,8_gaussians
17,4000,AISIVI,0.4,0.11822089841896098,657399705,17,hmc_chain,seed45_aisivi_8_gaussians,26.04346983768046,45,8_gaussians
18,4000,AISIVI,0.4,0.11085776152695806,657399705,18,hmc_chain,seed45_aisivi_8_gaussians,26.04346983768046,45,8_gaussians
19,4000,AISIVI,0.4,0.1406892065631908,657399705,19,hmc_chain,seed45_aisivi_8_gaussians,26.04346983768046,45,8_gaussians
0,6000,AISIVI,0.6,0.2157380082124917,874776757,0,hmc_chain,seed45_aisivi_8_gaussians,26.900058795139195,45,8_gaussians
1,6000,AISIVI,0.6,0.26092056687755855,874776757,1,hmc_chain,seed45_aisivi_8_gaussians,26.900058795139195,45,8_gaussians
2,6000,AISIVI,0.6,0.22107724152653643,874776757,2,hmc_chain,seed45_aisivi_8_gaussians,26.900058795139195,45,8_gaussians
3,6000,AISIVI,0.6,0.20279207656802117,874776757,3,hmc_chain,seed45_aisivi_8_gaussians,26.900058795139195,45,8_gaussians
4,6000,AISIVI,0.6,0.3701745930501183,874776757,4,hmc_chain,seed45_aisivi_8_gaussians,26.900058795139195,45,8_gaussians
5,6000,AISIVI,0.6,0.2299136262026222,874776757,5,hmc_chain,seed45_aisivi_8_gaussians,26.900058795139195,45,8_gaussians
6,6000,AISIVI,0.6,0.24914264372348757,874776757,6,hmc_chain,seed45_aisivi_8_gaussians,26.900058795139195,45,8_gaussians
7,6000,AISIVI,0.6,0.2345215657974713,874776757,7,hmc_chain,seed45_aisivi_8_gaussians,26.900058795139195,45,8_gaussians
8,6000,AISIVI,0.6,0.265996182849418,874776757,8,hmc_chain,seed45_aisivi_8_gaussians,26.900058795139195,45,8_gaussians
9,6000,AISIVI,0.6,0.35926185847727926,874776757,9,hmc_chain,seed45_aisivi_8_gaussians,26.900058795139195,45,8_gaussians
10,6000,AISIVI,0.6,0.20236541465101515,874776757,10,hmc_chain,seed45_aisivi_8_gaussians,26.900058795139195,45,8_gaussians
11,6000,AISIVI,0.6,0.24003790237996026,874776757,11,hmc_chain,seed45_aisivi_8_gaussians,26.900058795139195,45,8_gaussians
12,6000,AISIVI,0.6,0.25082671092058356,874776757,12,hmc_chain,seed45_aisivi_8_gaussians,26.900058795139195,45,8_gaussians
13,6000,AISIVI,0.6,0.21078152510942189,874776757,13,hmc_chain,seed45_aisivi_8_gaussians,26.900058795139195,45,8_gaussians
14,6000,AISIVI,0.6,0.2648170707098414,874776757,14,hmc_chain,seed45_aisivi_8_gaussians,26.900058795139195,45,8_gaussians
15,6000,AISIVI,0.6,0.21837992163477926,874776757,15,hmc_chain,seed45_aisivi_8_gaussians,26.900058795139195,45,8_gaussians
16,6000,AISIVI,0.6,0.2600484196559174,874776757,16,hmc_chain,seed45_aisivi_8_gaussians,26.900058795139195,45,8_gaussians
17,6000,AISIVI,0.6,0.2666639147389549,874776757,17,hmc_chain,seed45_aisivi_8_gaussians,26.900058795139195,45,8_gaussians
18,6000,AISIVI,0.6,0.23518518073273925,874776757,18,hmc_chain,seed45_aisivi_8_gaussians,26.900058795139195,45,8_gaussians
19,6000,AISIVI,0.6,0.3424759231741837,874776757,19,hmc_chain,seed45_aisivi_8_gaussians,26.900058795139195,45,8_gaussians
0,8000,AISIVI,0.8,0.30498831612190147,835316660,0,hmc_chain,seed45_aisivi_8_gaussians,24.7959686499089,45,8_gaussians
1,8000,AISIVI,0.8,0.25158287279939545,835316660,1,hmc_chain,seed45_aisivi_8_gaussians,24.7959686499089,45,8_gaussians
2,8000,AISIVI,0.8,0.29874667088387646,835316660,2,hmc_chain,seed45_aisivi_8_gaussians,24.7959686499089,45,8_gaussians
3,8000,AISIVI,0.8,0.2580384473790432,835316660,3,hmc_chain,seed45_aisivi_8_gaussians,24.7959686499089,45,8_gaussians
4,8000,AISIVI,0.8,0.2785617091612992,835316660,4,hmc_chain,seed45_aisivi_8_gaussians,24.7959686499089,45,8_gaussians
5,8000,AISIVI,0.8,0.298066808352464,835316660,5,hmc_chain,seed45_aisivi_8_gaussians,24.7959686499089,45,8_gaussians
6,8000,AISIVI,0.8,0.3184980119699755,835316660,6,hmc_chain,seed45_aisivi_8_gaussians,24.7959686499089,45,8_gaussians
7,8000,AISIVI,0.8,0.25400990057481465,835316660,7,hmc_chain,seed45_aisivi_8_gaussians,24.7959686499089,45,8_gaussians
8,8000,AISIVI,0.8,0.2762249734341293,835316660,8,hmc_chain,seed45_aisivi_8_gaussians,24.7959686499089,45,8_gaussians
9,8000,AISIVI,0.8,0.22608425770610702,835316660,9,hmc_chain,seed45_aisivi_8_gaussians,24.7959686499089,45,8_gaussians
10,8000,AISIVI,0.8,0.38048172200274943,835316660,10,hmc_chain,seed45_aisivi_8_gaussians,24.7959686499089,45,8_gaussians
11,8000,AISIVI,0.8,0.40120251698204457,835316660,11,hmc_chain,seed45_aisivi_8_gaussians,24.7959686499089,45,8_gaussians
12,8000,AISIVI,0.8,0.287933297696282,835316660,12,hmc_chain,seed45_aisivi_8_gaussians,24.7959686499089,45,8_gaussians
13,8000,AISIVI,0.8,0.30452786820616934,835316660,13,hmc_chain,seed45_aisivi_8_gaussians,24.7959686499089,45,8_gaussians
14,8000,AISIVI,0.8,0.24711672265499124,835316660,14,hmc_chain,seed45_aisivi_8_gaussians,24.7959686499089,45,8_gaussians
15,8000,AISIVI,0.8,0.3029242577979488,835316660,15,hmc_chain,seed45_aisivi_8_gaussians,24.7959686499089,45,8_gaussians
16,8000,AISIVI,0.8,0.2526572673179699,835316660,16,hmc_chain,seed45_aisivi_8_gaussians,24.7959686499089,45,8_gaussians
17,8000,AISIVI,0.8,0.30014472957555194,835316660,17,hmc_chain,seed45_aisivi_8_gaussians,24.7959686499089,45,8_gaussians
18,8000,AISIVI,0.8,0.39183841296972505,835316660,18,hmc_chain,seed45_aisivi_8_gaussians,24.7959686499089,45,8_gaussians
19,8000,AISIVI,0.8,0.395259783197446,835316660,19,hmc_chain,seed45_aisivi_8_gaussians,24.7959686499089,45,8_gaussians
0,10000,AISIVI,1.0,0.2904934863368605,1354220871,0,hmc_chain,seed45_aisivi_8_gaussians,24.61858628243208,45,8_gaussians
1,10000,AISIVI,1.0,0.41937508539645274,1354220871,1,hmc_chain,seed45_aisivi_8_gaussians,24.61858628243208,45,8_gaussians
2,10000,AISIVI,1.0,0.3102133226526945,1354220871,2,hmc_chain,seed45_aisivi_8_gaussians,24.61858628243208,45,8_gaussians
3,10000,AISIVI,1.0,0.3306562617391734,1354220871,3,hmc_chain,seed45_aisivi_8_gaussians,24.61858628243208,45,8_gaussians
4,10000,AISIVI,1.0,0.32207078163497427,1354220871,4,hmc_chain,seed45_aisivi_8_gaussians,24.61858628243208,45,8_gaussians
5,10000,AISIVI,1.0,0.37117476506509406,1354220871,5,hmc_chain,seed45_aisivi_8_gaussians,24.61858628243208,45,8_gaussians
6,10000,AISIVI,1.0,0.275239802468337,1354220871,6,hmc_chain,seed45_aisivi_8_gaussians,24.61858628243208,45,8_gaussians
7,10000,AISIVI,1.0,0.3967174557328588,1354220871,7,hmc_chain,seed45_aisivi_8_gaussians,24.61858628243208,45,8_gaussians
8,10000,AISIVI,1.0,0.3363476432000394,1354220871,8,hmc_chain,seed45_aisivi_8_gaussians,24.61858628243208,45,8_gaussians
9,10000,AISIVI,1.0,0.34052959320610554,1354220871,9,hmc_chain,seed45_aisivi_8_gaussians,24.61858628243208,45,8_gaussians
10,10000,AISIVI,1.0,0.3339584162406981,1354220871,10,hmc_chain,seed45_aisivi_8_gaussians,24.61858628243208,45,8_gaussians
11,10000,AISIVI,1.0,0.32878574118635995,1354220871,11,hmc_chain,seed45_aisivi_8_gaussians,24.61858628243208,45,8_gaussians
12,10000,AISIVI,1.0,0.33528852629380046,1354220871,12,hmc_chain,seed45_aisivi_8_gaussians,24.61858628243208,45,8_gaussians
13,10000,AISIVI,1.0,0.3168643840509672,1354220871,13,hmc_chain,seed45_aisivi_8_gaussians,24.61858628243208,45,8_gaussians
14,10000,AISIVI,1.0,0.36310595534826623,1354220871,14,hmc_chain,seed45_aisivi_8_gaussians,24.61858628243208,45,8_gaussians
15,10000,AISIVI,1.0,0.3336426593014896,1354220871,15,hmc_chain,seed45_aisivi_8_gaussians,24.61858628243208,45,8_gaussians
16,10000,AISIVI,1.0,0.33696124474147937,1354220871,16,hmc_chain,seed45_aisivi_8_gaussians,24.61858628243208,45,8_gaussians
17,10000,AISIVI,1.0,0.40204412896969105,1354220871,17,hmc_chain,seed45_aisivi_8_gaussians,24.61858628243208,45,8_gaussians
18,10000,AISIVI,1.0,0.4802409170447116,1354220871,18,hmc_chain,seed45_aisivi_8_gaussians,24.61858628243208,45,8_gaussians
19,10000,AISIVI,1.0,0.49145029182138306,1354220871,19,hmc_chain,seed45_aisivi_8_gaussians,24.61858628243208,45,8_gaussians
0,2000,AISIVI,0.2,0.07474613769753008,190558774,0,hmc_chain,seed49_aisivi_8_gaussians,27.89888394661248,49,8_gaussians
1,2000,AISIVI,0.2,0.07902474419204493,190558774,1,hmc_chain,seed49_aisivi_8_gaussians,27.89888394661248,49,8_gaussians
2,2000,AISIVI,0.2,0.09013447507757462,190558774,2,hmc_chain,seed49_aisivi_8_gaussians,27.89888394661248,49,8_gaussians
3,2000,AISIVI,0.2,0.05235774246827295,190558774,3,hmc_chain,seed49_aisivi_8_gaussians,27.89888394661248,49,8_gaussians
4,2000,AISIVI,0.2,0.21282139081767712,190558774,4,hmc_chain,seed49_aisivi_8_gaussians,27.89888394661248,49,8_gaussians
5,2000,AISIVI,0.2,0.0914348340180002,190558774,5,hmc_chain,seed49_aisivi_8_gaussians,27.89888394661248,49,8_gaussians
6,2000,AISIVI,0.2,0.06628691600783981,190558774,6,hmc_chain,seed49_aisivi_8_gaussians,27.89888394661248,49,8_gaussians
7,2000,AISIVI,0.2,0.09053748944999719,190558774,7,hmc_chain,seed49_aisivi_8_gaussians,27.89888394661248,49,8_gaussians
8,2000,AISIVI,0.2,0.16898302553859296,190558774,8,hmc_chain,seed49_aisivi_8_gaussians,27.89888394661248,49,8_gaussians
9,2000,AISIVI,0.2,0.06293230833385066,190558774,9,hmc_chain,seed49_aisivi_8_gaussians,27.89888394661248,49,8_gaussians
10,2000,AISIVI,0.2,0.07312297993082806,190558774,10,hmc_chain,seed49_aisivi_8_gaussians,27.89888394661248,49,8_gaussians
11,2000,AISIVI,0.2,0.07392501224299983,190558774,11,hmc_chain,seed49_aisivi_8_gaussians,27.89888394661248,49,8_gaussians
12,2000,AISIVI,0.2,0.1625951847678478,190558774,12,hmc_chain,seed49_aisivi_8_gaussians,27.89888394661248,49,8_gaussians
13,2000,AISIVI,0.2,0.06043228370577832,190558774,13,hmc_chain,seed49_aisivi_8_gaussians,27.89888394661248,49,8_gaussians
14,2000,AISIVI,0.2,0.08119964120983318,190558774,14,hmc_chain,seed49_aisivi_8_gaussians,27.89888394661248,49,8_gaussians
15,2000,AISIVI,0.2,0.06682628273292217,190558774,15,hmc_chain,seed49_aisivi_8_gaussians,27.89888394661248,49,8_gaussians
16,2000,AISIVI,0.2,0.05844480582240246,190558774,16,hmc_chain,seed49_aisivi_8_gaussians,27.89888394661248,49,8_gaussians
17,2000,AISIVI,0.2,0.06452347538861636,190558774,17,hmc_chain,seed49_aisivi_8_gaussians,27.89888394661248,49,8_gaussians
18,2000,AISIVI,0.2,0.08355342900953816,190558774,18,hmc_chain,seed49_aisivi_8_gaussians,27.89888394661248,49,8_gaussians
19,2000,AISIVI,0.2,0.0768558338910392,190558774,19,hmc_chain,seed49_aisivi_8_gaussians,27.89888394661248,49,8_gaussians
0,4000,AISIVI,0.4,0.16616692199505073,1630120879,0,hmc_chain,seed49_aisivi_8_gaussians,27.63800837807357,49,8_gaussians
1,4000,AISIVI,0.4,0.2240160019062012,1630120879,1,hmc_chain,seed49_aisivi_8_gaussians,27.63800837807357,49,8_gaussians
2,4000,AISIVI,0.4,0.09242825281398273,1630120879,2,hmc_chain,seed49_aisivi_8_gaussians,27.63800837807357,49,8_gaussians
3,4000,AISIVI,0.4,0.12919453955502563,1630120879,3,hmc_chain,seed49_aisivi_8_gaussians,27.63800837807357,49,8_gaussians
4,4000,AISIVI,0.4,0.1421775377220451,1630120879,4,hmc_chain,seed49_aisivi_8_gaussians,27.63800837807357,49,8_gaussians
5,4000,AISIVI,0.4,0.1397464642094967,1630120879,5,hmc_chain,seed49_aisivi_8_gaussians,27.63800837807357,49,8_gaussians
6,4000,AISIVI,0.4,0.11950718943283002,1630120879,6,hmc_chain,seed49_aisivi_8_gaussians,27.63800837807357,49,8_gaussians
7,4000,AISIVI,0.4,0.10623562247342519,1630120879,7,hmc_chain,seed49_aisivi_8_gaussians,27.63800837807357,49,8_gaussians
8,4000,AISIVI,0.4,0.09209312163955388,1630120879,8,hmc_chain,seed49_aisivi_8_gaussians,27.63800837807357,49,8_gaussians
9,4000,AISIVI,0.4,0.12577968769712553,1630120879,9,hmc_chain,seed49_aisivi_8_gaussians,27.63800837807357,49,8_gaussians
10,4000,AISIVI,0.4,0.15380982219658376,1630120879,10,hmc_chain,seed49_aisivi_8_gaussians,27.63800837807357,49,8_gaussians
11,4000,AISIVI,0.4,0.0850767348252628,1630120879,11,hmc_chain,seed49_aisivi_8_gaussians,27.63800837807357,49,8_gaussians
12,4000,AISIVI,0.4,0.1501146025819263,1630120879,12,hmc_chain,seed49_aisivi_8_gaussians,27.63800837807357,49,8_gaussians
13,4000,AISIVI,0.4,0.1420808029217561,1630120879,13,hmc_chain,seed49_aisivi_8_gaussians,27.63800837807357,49,8_gaussians
14,4000,AISIVI,0.4,0.14339397146106903,1630120879,14,hmc_chain,seed49_aisivi_8_gaussians,27.63800837807357,49,8_gaussians
15,4000,AISIVI,0.4,0.17401726478620172,1630120879,15,hmc_chain,seed49_aisivi_8_gaussians,27.63800837807357,49,8_gaussians
16,4000,AISIVI,0.4,0.13579068099600833,1630120879,16,hmc_chain,seed49_aisivi_8_gaussians,27.63800837807357,49,8_gaussians
17,4000,AISIVI,0.4,0.09093422546601967,1630120879,17,hmc_chain,seed49_aisivi_8_gaussians,27.63800837807357,49,8_gaussians
18,4000,AISIVI,0.4,0.12433231340405843,1630120879,18,hmc_chain,seed49_aisivi_8_gaussians,27.63800837807357,49,8_gaussians
19,4000,AISIVI,0.4,0.12041300483250442,1630120879,19,hmc_chain,seed49_aisivi_8_gaussians,27.63800837807357,49,8_gaussians
0,6000,AISIVI,0.6,0.2995432044367651,1558289014,0,hmc_chain,seed49_aisivi_8_gaussians,26.946145229041576,49,8_gaussians
1,6000,AISIVI,0.6,0.23790414751427963,1558289014,1,hmc_chain,seed49_aisivi_8_gaussians,26.946145229041576,49,8_gaussians
2,6000,AISIVI,0.6,0.2682390833937134,1558289014,2,hmc_chain,seed49_aisivi_8_gaussians,26.946145229041576,49,8_gaussians
3,6000,AISIVI,0.6,0.21303600746750567,1558289014,3,hmc_chain,seed49_aisivi_8_gaussians,26.946145229041576,49,8_gaussians
4,6000,AISIVI,0.6,0.2484544661302618,1558289014,4,hmc_chain,seed49_aisivi_8_gaussians,26.946145229041576,49,8_gaussians
5,6000,AISIVI,0.6,0.2546767388320751,1558289014,5,hmc_chain,seed49_aisivi_8_gaussians,26.946145229041576,49,8_gaussians
6,6000,AISIVI,0.6,0.2049942439725718,1558289014,6,hmc_chain,seed49_aisivi_8_gaussians,26.946145229041576,49,8_gaussians
7,6000,AISIVI,0.6,0.2233458805029631,1558289014,7,hmc_chain,seed49_aisivi_8_gaussians,26.946145229041576,49,8_gaussians
8,6000,AISIVI,0.6,0.26674419872230437,1558289014,8,hmc_chain,seed49_aisivi_8_gaussians,26.946145229041576,49,8_gaussians
9,6000,AISIVI,0.6,0.35437479232014046,1558289014,9,hmc_chain,seed49_aisivi_8_gaussians,26.946145229041576,49,8_gaussians
10,6000,AISIVI,0.6,0.2614160386542933,1558289014,10,hmc_chain,seed49_aisivi_8_gaussians,26.946145229041576,49,8_gaussians
11,6000,AISIVI,0.6,0.3358254495086629,1558289014,11,hmc_chain,seed49_aisivi_8_gaussians,26.946145229041576,49,8_gaussians
12,6000,AISIVI,0.6,0.2601151735339515,1558289014,12,hmc_chain,seed49_aisivi_8_gaussians,26.946145229041576,49,8_gaussians
13,6000,AISIVI,0.6,0.28511404710486776,1558289014,13,hmc_chain,seed49_aisivi_8_gaussians,26.946145229041576,49,8_gaussians
14,6000,AISIVI,0.6,0.25084345292213484,1558289014,14,hmc_chain,seed49_aisivi_8_gaussians,26.946145229041576,49,8_gaussians
15,6000,AISIVI,0.6,0.3010847707934806,1558289014,15,hmc_chain,seed49_aisivi_8_gaussians,26.946145229041576,49,8_gaussians
16,6000,AISIVI,0.6,0.20408156676602907,1558289014,16,hmc_chain,seed49_aisivi_8_gaussians,26.946145229041576,49,8_gaussians
17,6000,AISIVI,0.6,0.27941326774882996,1558289014,17,hmc_chain,seed49_aisivi_8_gaussians,26.946145229041576,49,8_gaussians
18,6000,AISIVI,0.6,0.2840620314295258,1558289014,18,hmc_chain,seed49_aisivi_8_gaussians,26.946145229041576,49,8_gaussians
19,6000,AISIVI,0.6,0.24021333142442944,1558289014,19,hmc_chain,seed49_aisivi_8_gaussians,26.946145229041576,49,8_gaussians
0,8000,AISIVI,0.8,10.992638199500206,1885640375,0,hmc_chain,seed49_aisivi_8_gaussians,27.67247673496604,49,8_gaussians
1,8000,AISIVI,0.8,11.11951452024395,1885640375,1,hmc_chain,seed49_aisivi_8_gaussians,27.67247673496604,49,8_gaussians
2,8000,AISIVI,0.8,9.302921484836991,1885640375,2,hmc_chain,seed49_aisivi_8_gaussians,27.67247673496604,49,8_gaussians
3,8000,AISIVI,0.8,12.159886279729395,1885640375,3,hmc_chain,seed49_aisivi_8_gaussians,27.67247673496604,49,8_gaussians
4,8000,AISIVI,0.8,16.495498586433225,1885640375,4,hmc_chain,seed49_aisivi_8_gaussians,27.67247673496604,49,8_gaussians
5,8000,AISIVI,0.8,12.159607230422772,1885640375,5,hmc_chain,seed49_aisivi_8_gaussians,27.67247673496604,49,8_gaussians
6,8000,AISIVI,0.8,11.598721900649137,1885640375,6,hmc_chain,seed49_aisivi_8_gaussians,27.67247673496604,49,8_gaussians
7,8000,AISIVI,0.8,10.626854526669428,1885640375,7,hmc_chain,seed49_aisivi_8_gaussians,27.67247673496604,49,8_gaussians
8,8000,AISIVI,0.8,12.798763413288718,1885640375,8,hmc_chain,seed49_aisivi_8_gaussians,27.67247673496604,49,8_gaussians
9,8000,AISIVI,0.8,12.237452400961166,1885640375,9,hmc_chain,seed49_aisivi_8_gaussians,27.67247673496604,49,8_gaussians
10,8000,AISIVI,0.8,8.342117614371757,1885640375,10,hmc_chain,seed49_aisivi_8_gaussians,27.67247673496604,49,8_gaussians
11,8000,AISIVI,0.8,18.9234493028675,1885640375,11,hmc_chain,seed49_aisivi_8_gaussians,27.67247673496604,49,8_gaussians
12,8000,AISIVI,0.8,18.37747610341275,1885640375,12,hmc_chain,seed49_aisivi_8_gaussians,27.67247673496604,49,8_gaussians
13,8000,AISIVI,0.8,13.471979623398669,1885640375,13,hmc_chain,seed49_aisivi_8_gaussians,27.67247673496604,49,8_gaussians
14,8000,AISIVI,0.8,11.97434574016403,1885640375,14,hmc_chain,seed49_aisivi_8_gaussians,27.67247673496604,49,8_gaussians
15,8000,AISIVI,0.8,8.772086989423453,1885640375,15,hmc_chain,seed49_aisivi_8_gaussians,27.67247673496604,49,8_gaussians
16,8000,AISIVI,0.8,18.711610968624072,1885640375,16,hmc_chain,seed49_aisivi_8_gaussians,27.67247673496604,49,8_gaussians
17,8000,AISIVI,0.8,12.565018082140641,1885640375,17,hmc_chain,seed49_aisivi_8_gaussians,27.67247673496604,49,8_gaussians
18,8000,AISIVI,0.8,11.851542211550488,1885640375,18,hmc_chain,seed49_aisivi_8_gaussians,27.67247673496604,49,8_gaussians
19,8000,AISIVI,0.8,22.717544052294716,1885640375,19,hmc_chain,seed49_aisivi_8_gaussians,27.67247673496604,49,8_gaussians
0,10000,AISIVI,1.0,15.215471855680569,2042881445,0,hmc_chain,seed49_aisivi_8_gaussians,27.796618344262242,49,8_gaussians
1,10000,AISIVI,1.0,13.069534929482618,2042881445,1,hmc_chain,seed49_aisivi_8_gaussians,27.796618344262242,49,8_gaussians
2,10000,AISIVI,1.0,22.05541759479417,2042881445,2,hmc_chain,seed49_aisivi_8_gaussians,27.796618344262242,49,8_gaussians
3,10000,AISIVI,1.0,12.83919168615342,2042881445,3,hmc_chain,seed49_aisivi_8_gaussians,27.796618344262242,49,8_gaussians
4,10000,AISIVI,1.0,26.533881172788295,2042881445,4,hmc_chain,seed49_aisivi_8_gaussians,27.796618344262242,49,8_gaussians
5,10000,AISIVI,1.0,14.048820136494056,2042881445,5,hmc_chain,seed49_aisivi_8_gaussians,27.796618344262242,49,8_gaussians
6,10000,AISIVI,1.0,10.985806336427,2042881445,6,hmc_chain,seed49_aisivi_8_gaussians,27.796618344262242,49,8_gaussians
7,10000,AISIVI,1.0,11.234380693337215,2042881445,7,hmc_chain,seed49_aisivi_8_gaussians,27.796618344262242,49,8_gaussians
8,10000,AISIVI,1.0,18.840858404034584,2042881445,8,hmc_chain,seed49_aisivi_8_gaussians,27.796618344262242,49,8_gaussians
9,10000,AISIVI,1.0,11.426430172532221,2042881445,9,hmc_chain,seed49_aisivi_8_gaussians,27.796618344262242,49,8_gaussians
10,10000,AISIVI,1.0,15.442121519048396,2042881445,10,hmc_chain,seed49_aisivi_8_gaussians,27.796618344262242,49,8_gaussians
11,10000,AISIVI,1.0,17.31636110023599,2042881445,11,hmc_chain,seed49_aisivi_8_gaussians,27.796618344262242,49,8_gaussians
12,10000,AISIVI,1.0,13.240422466642624,2042881445,12,hmc_chain,seed49_aisivi_8_gaussians,27.796618344262242,49,8_gaussians
13,10000,AISIVI,1.0,12.359916054152153,2042881445,13,hmc_chain,seed49_aisivi_8_gaussians,27.796618344262242,49,8_gaussians
14,10000,AISIVI,1.0,12.429739934322916,2042881445,14,hmc_chain,seed49_aisivi_8_gaussians,27.796618344262242,49,8_gaussians
15,10000,AISIVI,1.0,16.869528431059088,2042881445,15,hmc_chain,seed49_aisivi_8_gaussians,27.796618344262242,49,8_gaussians
16,10000,AISIVI,1.0,16.133557823977842,2042881445,16,hmc_chain,seed49_aisivi_8_gaussians,27.796618344262242,49,8_gaussians
17,10000,AISIVI,1.0,19.466461442769546,2042881445,17,hmc_chain,seed49_aisivi_8_gaussians,27.796618344262242,49,8_gaussians
18,10000,AISIVI,1.0,9.569495553031702,2042881445,18,hmc_chain,seed49_aisivi_8_gaussians,27.796618344262242,49,8_gaussians
19,10000,AISIVI,1.0,11.595053173437641,2042881445,19,hmc_chain,seed49_aisivi_8_gaussians,27.796618344262242,49,8_gaussians
0,2000,AISIVI,0.2,0.04135526109017821,1250084622,0,hmc_chain,seed50_aisivi_8_gaussians,27.038726492971183,50,8_gaussians
1,2000,AISIVI,0.2,0.04698607124194057,1250084622,1,hmc_chain,seed50_aisivi_8_gaussians,27.038726492971183,50,8_gaussians
2,2000,AISIVI,0.2,0.058616965852498315,1250084622,2,hmc_chain,seed50_aisivi_8_gaussians,27.038726492971183,50,8_gaussians
3,2000,AISIVI,0.2,0.05233448875758412,1250084622,3,hmc_chain,seed50_aisivi_8_gaussians,27.038726492971183,50,8_gaussians
4,2000,AISIVI,0.2,0.029249017570016488,1250084622,4,hmc_chain,seed50_aisivi_8_gaussians,27.038726492971183,50,8_gaussians
5,2000,AISIVI,0.2,0.12045810972836571,1250084622,5,hmc_chain,seed50_aisivi_8_gaussians,27.038726492971183,50,8_gaussians
6,2000,AISIVI,0.2,0.04738149260532644,1250084622,6,hmc_chain,seed50_aisivi_8_gaussians,27.038726492971183,50,8_gaussians
7,2000,AISIVI,0.2,0.0431884948826995,1250084622,7,hmc_chain,seed50_aisivi_8_gaussians,27.038726492971183,50,8_gaussians
8,2000,AISIVI,0.2,0.05210140213994549,1250084622,8,hmc_chain,seed50_aisivi_8_gaussians,27.038726492971183,50,8_gaussians
9,2000,AISIVI,0.2,0.04762999502293759,1250084622,9,hmc_chain,seed50_aisivi_8_gaussians,27.038726492971183,50,8_gaussians
10,2000,AISIVI,0.2,0.043744829408301086,1250084622,10,hmc_chain,seed50_aisivi_8_gaussians,27.038726492971183,50,8_gaussians
11,2000,AISIVI,0.2,0.04080981900929917,1250084622,11,hmc_chain,seed50_aisivi_8_gaussians,27.038726492971183,50,8_gaussians
12,2000,AISIVI,0.2,0.0321265643673338,1250084622,12,hmc_chain,seed50_aisivi_8_gaussians,27.038726492971183,50,8_gaussians
13,2000,AISIVI,0.2,0.04817737756187361,1250084622,13,hmc_chain,seed50_aisivi_8_gaussians,27.038726492971183,50,8_gaussians
14,2000,AISIVI,0.2,0.04363849552826979,1250084622,14,hmc_chain,seed50_aisivi_8_gaussians,27.038726492971183,50,8_gaussians
15,2000,AISIVI,0.2,0.04002828209108164,1250084622,15,hmc_chain,seed50_aisivi_8_gaussians,27.038726492971183,50,8_gaussians
16,2000,AISIVI,0.2,0.0457053894163863,1250084622,16,hmc_chain,seed50_aisivi_8_gaussians,27.038726492971183,50,8_gaussians
17,2000,AISIVI,0.2,0.04569651495802471,1250084622,17,hmc_chain,seed50_aisivi_8_gaussians,27.038726492971183,50,8_gaussians
18,2000,AISIVI,0.2,0.056879272219171856,1250084622,18,hmc_chain,seed50_aisivi_8_gaussians,27.038726492971183,50,8_gaussians
19,2000,AISIVI,0.2,0.045343227347481536,1250084622,19,hmc_chain,seed50_aisivi_8_gaussians,27.038726492971183,50,8_gaussians
0,4000,AISIVI,0.4,0.18389104198773915,1699432090,0,hmc_chain,seed50_aisivi_8_gaussians,26.556412075832487,50,8_gaussians
1,4000,AISIVI,0.4,0.20618671086318563,1699432090,1,hmc_chain,seed50_aisivi_8_gaussians,26.556412075832487,50,8_gaussians
2,4000,AISIVI,0.4,0.22511594435536,1699432090,2,hmc_chain,seed50_aisivi_8_gaussians,26.556412075832487,50,8_gaussians
3,4000,AISIVI,0.4,0.12254363086950036,1699432090,3,hmc_chain,seed50_aisivi_8_gaussians,26.556412075832487,50,8_gaussians
4,4000,AISIVI,0.4,0.16335625959383732,1699432090,4,hmc_chain,seed50_aisivi_8_gaussians,26.556412075832487,50,8_gaussians
5,4000,AISIVI,0.4,0.15398355263111463,1699432090,5,hmc_chain,seed50_aisivi_8_gaussians,26.556412075832487,50,8_gaussians
6,4000,AISIVI,0.4,0.2800651882010563,1699432090,6,hmc_chain,seed50_aisivi_8_gaussians,26.556412075832487,50,8_gaussians
7,4000,AISIVI,0.4,0.28492740150438706,1699432090,7,hmc_chain,seed50_aisivi_8_gaussians,26.556412075832487,50,8_gaussians
8,4000,AISIVI,0.4,0.1412653154764584,1699432090,8,hmc_chain,seed50_aisivi_8_gaussians,26.556412075832487,50,8_gaussians
9,4000,AISIVI,0.4,0.1498827691109741,1699432090,9,hmc_chain,seed50_aisivi_8_gaussians,26.556412075832487,50,8_gaussians
10,4000,AISIVI,0.4,0.23354651356965342,1699432090,10,hmc_chain,seed50_aisivi_8_gaussians,26.556412075832487,50,8_gaussians
11,4000,AISIVI,0.4,0.2273008316781932,1699432090,11,hmc_chain,seed50_aisivi_8_gaussians,26.556412075832487,50,8_gaussians
12,4000,AISIVI,0.4,0.19957609670623772,1699432090,12,hmc_chain,seed50_aisivi_8_gaussians,26.556412075832487,50,8_gaussians
13,4000,AISIVI,0.4,0.22527979552396832,1699432090,13,hmc_chain,seed50_aisivi_8_gaussians,26.556412075832487,50,8_gaussians
14,4000,AISIVI,0.4,0.2279582126876102,1699432090,14,hmc_chain,seed50_aisivi_8_gaussians,26.556412075832487,50,8_gaussians
15,4000,AISIVI,0.4,0.1815229052924358,1699432090,15,hmc_chain,seed50_aisivi_8_gaussians,26.556412075832487,50,8_gaussians
16,4000,AISIVI,0.4,0.1776562749918717,1699432090,16,hmc_chain,seed50_aisivi_8_gaussians,26.556412075832487,50,8_gaussians
17,4000,AISIVI,0.4,0.1436821458167475,1699432090,17,hmc_chain,seed50_aisivi_8_gaussians,26.556412075832487,50,8_gaussians
18,4000,AISIVI,0.4,0.22126027848360688,1699432090,18,hmc_chain,seed50_aisivi_8_gaussians,26.556412075832487,50,8_gaussians
19,4000,AISIVI,0.4,0.15361259183684167,1699432090,19,hmc_chain,seed50_aisivi_8_gaussians,26.556412075832487,50,8_gaussians
0,6000,AISIVI,0.6,0.442678843021149,700253931,0,hmc_chain,seed50_aisivi_8_gaussians,26.428389980271458,50,8_gaussians
1,6000,AISIVI,0.6,0.34785177586126015,700253931,1,hmc_chain,seed50_aisivi_8_gaussians,26.428389980271458,50,8_gaussians
2,6000,AISIVI,0.6,0.324306294081869,700253931,2,hmc_chain,seed50_aisivi_8_gaussians,26.428389980271458,50,8_gaussians
3,6000,AISIVI,0.6,0.4085667628144801,700253931,3,hmc_chain,seed50_aisivi_8_gaussians,26.428389980271458,50,8_gaussians
4,6000,AISIVI,0.6,0.3276569001268233,700253931,4,hmc_chain,seed50_aisivi_8_gaussians,26.428389980271458,50,8_gaussians
5,6000,AISIVI,0.6,0.3564256103181548,700253931,5,hmc_chain,seed50_aisivi_8_gaussians,26.428389980271458,50,8_gaussians
6,6000,AISIVI,0.6,0.4175657499705479,700253931,6,hmc_chain,seed50_aisivi_8_gaussians,26.428389980271458,50,8_gaussians
7,6000,AISIVI,0.6,0.36481188874596093,700253931,7,hmc_chain,seed50_aisivi_8_gaussians,26.428389980271458,50,8_gaussians
8,6000,AISIVI,0.6,0.3401545368976546,700253931,8,hmc_chain,seed50_aisivi_8_gaussians,26.428389980271458,50,8_gaussians
9,6000,AISIVI,0.6,0.40376668109401204,700253931,9,hmc_chain,seed50_aisivi_8_gaussians,26.428389980271458,50,8_gaussians
10,6000,AISIVI,0.6,0.35939380303172463,700253931,10,hmc_chain,seed50_aisivi_8_gaussians,26.428389980271458,50,8_gaussians
11,6000,AISIVI,0.6,0.27060942149679174,700253931,11,hmc_chain,seed50_aisivi_8_gaussians,26.428389980271458,50,8_gaussians
12,6000,AISIVI,0.6,0.3538506301977765,700253931,12,hmc_chain,seed50_aisivi_8_gaussians,26.428389980271458,50,8_gaussians
13,6000,AISIVI,0.6,0.34685538925191406,700253931,13,hmc_chain,seed50_aisivi_8_gaussians,26.428389980271458,50,8_gaussians
14,6000,AISIVI,0.6,0.4080572243916227,700253931,14,hmc_chain,seed50_aisivi_8_gaussians,26.428389980271458,50,8_gaussians
15,6000,AISIVI,0.6,0.39364318259492714,700253931,15,hmc_chain,seed50_aisivi_8_gaussians,26.428389980271458,50,8_gaussians
16,6000,AISIVI,0.6,0.46561087342457896,700253931,16,hmc_chain,seed50_aisivi_8_gaussians,26.428389980271458,50,8_gaussians
17,6000,AISIVI,0.6,0.40907841708981896,700253931,17,hmc_chain,seed50_aisivi_8_gaussians,26.428389980271458,50,8_gaussians
18,6000,AISIVI,0.6,0.35964528184225175,700253931,18,hmc_chain,seed50_aisivi_8_gaussians,26.428389980271458,50,8_gaussians
19,6000,AISIVI,0.6,0.400153440361931,700253931,19,hmc_chain,seed50_aisivi_8_gaussians,26.428389980271458,50,8_gaussians
0,8000,AISIVI,0.8,0.3764840824199343,1993553494,0,hmc_chain,seed50_aisivi_8_gaussians,25.371110316738488,50,8_gaussians
1,8000,AISIVI,0.8,0.44052944397486615,1993553494,1,hmc_chain,seed50_aisivi_8_gaussians,25.371110316738488,50,8_gaussians
2,8000,AISIVI,0.8,0.4552525580635515,1993553494,2,hmc_chain,seed50_aisivi_8_gaussians,25.371110316738488,50,8_gaussians
3,8000,AISIVI,0.8,0.2573618437262033,1993553494,3,hmc_chain,seed50_aisivi_8_gaussians,25.371110316738488,50,8_gaussians
4,8000,AISIVI,0.8,0.5096320215007457,1993553494,4,hmc_chain,seed50_aisivi_8_gaussians,25.371110316738488,50,8_gaussians
5,8000,AISIVI,0.8,0.40974689698814953,1993553494,5,hmc_chain,seed50_aisivi_8_gaussians,25.371110316738488,50,8_gaussians
6,8000,AISIVI,0.8,0.3412138516199095,1993553494,6,hmc_chain,seed50_aisivi_8_gaussians,25.371110316738488,50,8_gaussians
7,8000,AISIVI,0.8,0.5892354288359765,1993553494,7,hmc_chain,seed50_aisivi_8_gaussians,25.371110316738488,50,8_gaussians
8,8000,AISIVI,0.8,0.5806400715678534,1993553494,8,hmc_chain,seed50_aisivi_8_gaussians,25.371110316738488,50,8_gaussians
9,8000,AISIVI,0.8,0.4515076661120174,1993553494,9,hmc_chain,seed50_aisivi_8_gaussians,25.371110316738488,50,8_gaussians
10,8000,AISIVI,0.8,0.42975791723226864,1993553494,10,hmc_chain,seed50_aisivi_8_gaussians,25.371110316738488,50,8_gaussians
11,8000,AISIVI,0.8,0.3611546565701776,1993553494,11,hmc_chain,seed50_aisivi_8_gaussians,25.371110316738488,50,8_gaussians
12,8000,AISIVI,0.8,0.27680485153176565,1993553494,12,hmc_chain,seed50_aisivi_8_gaussians,25.371110316738488,50,8_gaussians
13,8000,AISIVI,0.8,0.42963471347689036,1993553494,13,hmc_chain,seed50_aisivi_8_gaussians,25.371110316738488,50,8_gaussians
14,8000,AISIVI,0.8,0.4042217515572114,1993553494,14,hmc_chain,seed50_aisivi_8_gaussians,25.371110316738488,50,8_gaussians
15,8000,AISIVI,0.8,0.6436341998111701,1993553494,15,hmc_chain,seed50_aisivi_8_gaussians,25.371110316738488,50,8_gaussians
16,8000,AISIVI,0.8,0.5781173958902156,1993553494,16,hmc_chain,seed50_aisivi_8_gaussians,25.371110316738488,50,8_gaussians
17,8000,AISIVI,0.8,0.4461544394257254,1993553494,17,hmc_chain,seed50_aisivi_8_gaussians,25.371110316738488,50,8_gaussians
18,8000,AISIVI,0.8,0.391487960525633,1993553494,18,hmc_chain,seed50_aisivi_8_gaussians,25.371110316738488,50,8_gaussians
19,8000,AISIVI,0.8,0.5417076237097531,1993553494,19,hmc_chain,seed50_aisivi_8_gaussians,25.371110316738488,50,8_gaussians
0,10000,AISIVI,1.0,0.5295509583467579,5295965,0,hmc_chain,seed50_aisivi_8_gaussians,24.654910010844468,50,8_gaussians
1,10000,AISIVI,1.0,0.4545203685203329,5295965,1,hmc_chain,seed50_aisivi_8_gaussians,24.654910010844468,50,8_gaussians
2,10000,AISIVI,1.0,0.539280283001762,5295965,2,hmc_chain,seed50_aisivi_8_gaussians,24.654910010844468,50,8_gaussians
3,10000,AISIVI,1.0,0.484566319810447,5295965,3,hmc_chain,seed50_aisivi_8_gaussians,24.654910010844468,50,8_gaussians
4,10000,AISIVI,1.0,0.49511298039874596,5295965,4,hmc_chain,seed50_aisivi_8_gaussians,24.654910010844468,50,8_gaussians
5,10000,AISIVI,1.0,0.5993745098989691,5295965,5,hmc_chain,seed50_aisivi_8_gaussians,24.654910010844468,50,8_gaussians
6,10000,AISIVI,1.0,0.47034722033660686,5295965,6,hmc_chain,seed50_aisivi_8_gaussians,24.654910010844468,50,8_gaussians
7,10000,AISIVI,1.0,0.44933713772402084,5295965,7,hmc_chain,seed50_aisivi_8_gaussians,24.654910010844468,50,8_gaussians
8,10000,AISIVI,1.0,0.6209820270957385,5295965,8,hmc_chain,seed50_aisivi_8_gaussians,24.654910010844468,50,8_gaussians
9,10000,AISIVI,1.0,0.5084286682026002,5295965,9,hmc_chain,seed50_aisivi_8_gaussians,24.654910010844468,50,8_gaussians
10,10000,AISIVI,1.0,0.4377209428649837,5295965,10,hmc_chain,seed50_aisivi_8_gaussians,24.654910010844468,50,8_gaussians
11,10000,AISIVI,1.0,0.3845892502971813,5295965,11,hmc_chain,seed50_aisivi_8_gaussians,24.654910010844468,50,8_gaussians
12,10000,AISIVI,1.0,0.5189739333259891,5295965,12,hmc_chain,seed50_aisivi_8_gaussians,24.654910010844468,50,8_gaussians
13,10000,AISIVI,1.0,0.4618589931968139,5295965,13,hmc_chain,seed50_aisivi_8_gaussians,24.654910010844468,50,8_gaussians
14,10000,AISIVI,1.0,0.44991275601290387,5295965,14,hmc_chain,seed50_aisivi_8_gaussians,24.654910010844468,50,8_gaussians
15,10000,AISIVI,1.0,0.3641700327400459,5295965,15,hmc_chain,seed50_aisivi_8_gaussians,24.654910010844468,50,8_gaussians
16,10000,AISIVI,1.0,0.49970720140801317,5295965,16,hmc_chain,seed50_aisivi_8_gaussians,24.654910010844468,50,8_gaussians
17,10000,AISIVI,1.0,0.4325539687233477,5295965,17,hmc_chain,seed50_aisivi_8_gaussians,24.654910010844468,50,8_gaussians
18,10000,AISIVI,1.0,0.44641826606675455,5295965,18,hmc_chain,seed50_aisivi_8_gaussians,24.654910010844468,50,8_gaussians
19,10000,AISIVI,1.0,0.5413548258138527,5295965,19,hmc_chain,seed50_aisivi_8_gaussians,24.654910010844468,50,8_gaussians
0,2000,DSIVI,0.2,0.07042711852108563,63266207,0,hmc_chain,seed42_dsivi_8_gaussians,28.00983458161354,42,8_gaussians
1,2000,DSIVI,0.2,0.12457704726528224,63266207,1,hmc_chain,seed42_dsivi_8_gaussians,28.00983458161354,42,8_gaussians
2,2000,DSIVI,0.2,0.11345599532741134,63266207,2,hmc_chain,seed42_dsivi_8_gaussians,28.00983458161354,42,8_gaussians
3,2000,DSIVI,0.2,0.13064314034203175,63266207,3,hmc_chain,seed42_dsivi_8_gaussians,28.00983458161354,42,8_gaussians
4,2000,DSIVI,0.2,0.06908115657433683,63266207,4,hmc_chain,seed42_dsivi_8_gaussians,28.00983458161354,42,8_gaussians
5,2000,DSIVI,0.2,0.1391788685117346,63266207,5,hmc_chain,seed42_dsivi_8_gaussians,28.00983458161354,42,8_gaussians
6,2000,DSIVI,0.2,0.1298633982341399,63266207,6,hmc_chain,seed42_dsivi_8_gaussians,28.00983458161354,42,8_gaussians
7,2000,DSIVI,0.2,0.09193854401919116,63266207,7,hmc_chain,seed42_dsivi_8_gaussians,28.00983458161354,42,8_gaussians
8,2000,DSIVI,0.2,0.12078338641016825,63266207,8,hmc_chain,seed42_dsivi_8_gaussians,28.00983458161354,42,8_gaussians
9,2000,DSIVI,0.2,0.08819892457208114,63266207,9,hmc_chain,seed42_dsivi_8_gaussians,28.00983458161354,42,8_gaussians
10,2000,DSIVI,0.2,0.10406572285715084,63266207,10,hmc_chain,seed42_dsivi_8_gaussians,28.00983458161354,42,8_gaussians
11,2000,DSIVI,0.2,0.09416509843684906,63266207,11,hmc_chain,seed42_dsivi_8_gaussians,28.00983458161354,42,8_gaussians
12,2000,DSIVI,0.2,0.10189729438687489,63266207,12,hmc_chain,seed42_dsivi_8_gaussians,28.00983458161354,42,8_gaussians
13,2000,DSIVI,0.2,0.14859847137017496,63266207,13,hmc_chain,seed42_dsivi_8_gaussians,28.00983458161354,42,8_gaussians
14,2000,DSIVI,0.2,0.1011306879545858,63266207,14,hmc_chain,seed42_dsivi_8_gaussians,28.00983458161354,42,8_gaussians
15,2000,DSIVI,0.2,0.10853255365487702,63266207,15,hmc_chain,seed42_dsivi_8_gaussians,28.00983458161354,42,8_gaussians
16,2000,DSIVI,0.2,0.09772047856939114,63266207,16,hmc_chain,seed42_dsivi_8_gaussians,28.00983458161354,42,8_gaussians
17,2000,DSIVI,0.2,0.11701540476594224,63266207,17,hmc_chain,seed42_dsivi_8_gaussians,28.00983458161354,42,8_gaussians
18,2000,DSIVI,0.2,0.09820022379343157,63266207,18,hmc_chain,seed42_dsivi_8_gaussians,28.00983458161354,42,8_gaussians
19,2000,DSIVI,0.2,0.07451863746864133,63266207,19,hmc_chain,seed42_dsivi_8_gaussians,28.00983458161354,42,8_gaussians
0,4000,DSIVI,0.4,0.491952857556961,67315419,0,hmc_chain,seed42_dsivi_8_gaussians,27.471743319928645,42,8_gaussians
1,4000,DSIVI,0.4,0.4736399555977477,67315419,1,hmc_chain,seed42_dsivi_8_gaussians,27.471743319928645,42,8_gaussians
2,4000,DSIVI,0.4,0.31991121684626844,67315419,2,hmc_chain,seed42_dsivi_8_gaussians,27.471743319928645,42,8_gaussians
3,4000,DSIVI,0.4,1.334936794680968,67315419,3,hmc_chain,seed42_dsivi_8_gaussians,27.471743319928645,42,8_gaussians
4,4000,DSIVI,0.4,0.44882474442554116,67315419,4,hmc_chain,seed42_dsivi_8_gaussians,27.471743319928645,42,8_gaussians
5,4000,DSIVI,0.4,0.3777408778254016,67315419,5,hmc_chain,seed42_dsivi_8_gaussians,27.471743319928645,42,8_gaussians
6,4000,DSIVI,0.4,0.6579893358791813,67315419,6,hmc_chain,seed42_dsivi_8_gaussians,27.471743319928645,42,8_gaussians
7,4000,DSIVI,0.4,1.3041829440437054,67315419,7,hmc_chain,seed42_dsivi_8_gaussians,27.471743319928645,42,8_gaussians
8,4000,DSIVI,0.4,0.5098929076387255,67315419,8,hmc_chain,seed42_dsivi_8_gaussians,27.471743319928645,42,8_gaussians
9,4000,DSIVI,0.4,0.7742282990683501,67315419,9,hmc_chain,seed42_dsivi_8_gaussians,27.471743319928645,42,8_gaussians
10,4000,DSIVI,0.4,0.5514448653703485,67315419,10,hmc_chain,seed42_dsivi_8_gaussians,27.471743319928645,42,8_gaussians
11,4000,DSIVI,0.4,0.44609022730159975,67315419,11,hmc_chain,seed42_dsivi_8_gaussians,27.471743319928645,42,8_gaussians
12,4000,DSIVI,0.4,0.45511960991107836,67315419,12,hmc_chain,seed42_dsivi_8_gaussians,27.471743319928645,42,8_gaussians
13,4000,DSIVI,0.4,0.6430407927687875,67315419,13,hmc_chain,seed42_dsivi_8_gaussians,27.471743319928645,42,8_gaussians
14,4000,DSIVI,0.4,0.6145400409671199,67315419,14,hmc_chain,seed42_dsivi_8_gaussians,27.471743319928645,42,8_gaussians
15,4000,DSIVI,0.4,0.4782830302352818,67315419,15,hmc_chain,seed42_dsivi_8_gaussians,27.471743319928645,42,8_gaussians
16,4000,DSIVI,0.4,0.3280508052008969,67315419,16,hmc_chain,seed42_dsivi_8_gaussians,27.471743319928645,42,8_gaussians
17,4000,DSIVI,0.4,1.0999192650329546,67315419,17,hmc_chain,seed42_dsivi_8_gaussians,27.471743319928645,42,8_gaussians
18,4000,DSIVI,0.4,0.9366116046219058,67315419,18,hmc_chain,seed42_dsivi_8_gaussians,27.471743319928645,42,8_gaussians
19,4000,DSIVI,0.4,0.8066018780236006,67315419,19,hmc_chain,seed42_dsivi_8_gaussians,27.471743319928645,42,8_gaussians
0,6000,DSIVI,0.6,0.9624647545041571,404500013,0,hmc_chain,seed42_dsivi_8_gaussians,27.125434948131442,42,8_gaussians
1,6000,DSIVI,0.6,1.062028629099137,404500013,1,hmc_chain,seed42_dsivi_8_gaussians,27.125434948131442,42,8_gaussians
2,6000,DSIVI,0.6,0.48908953836221825,404500013,2,hmc_chain,seed42_dsivi_8_gaussians,27.125434948131442,42,8_gaussians
3,6000,DSIVI,0.6,0.48071854788824075,404500013,3,hmc_chain,seed42_dsivi_8_gaussians,27.125434948131442,42,8_gaussians
4,6000,DSIVI,0.6,0.41129414110197515,404500013,4,hmc_chain,seed42_dsivi_8_gaussians,27.125434948131442,42,8_gaussians
5,6000,DSIVI,0.6,0.5703011894065518,404500013,5,hmc_chain,seed42_dsivi_8_gaussians,27.125434948131442,42,8_gaussians
6,6000,DSIVI,0.6,0.5362542570028355,404500013,6,hmc_chain,seed42_dsivi_8_gaussians,27.125434948131442,42,8_gaussians
7,6000,DSIVI,0.6,0.47098848192942383,404500013,7,hmc_chain,seed42_dsivi_8_gaussians,27.125434948131442,42,8_gaussians
8,6000,DSIVI,0.6,4.861147632043387,404500013,8,hmc_chain,seed42_dsivi_8_gaussians,27.125434948131442,42,8_gaussians
9,6000,DSIVI,0.6,0.5488032996375268,404500013,9,hmc_chain,seed42_dsivi_8_gaussians,27.125434948131442,42,8_gaussians
10,6000,DSIVI,0.6,0.4385169312332941,404500013,10,hmc_chain,seed42_dsivi_8_gaussians,27.125434948131442,42,8_gaussians
11,6000,DSIVI,0.6,0.47361976931605054,404500013,11,hmc_chain,seed42_dsivi_8_gaussians,27.125434948131442,42,8_gaussians
12,6000,DSIVI,0.6,0.41322869670519957,404500013,12,hmc_chain,seed42_dsivi_8_gaussians,27.125434948131442,42,8_gaussians
13,6000,DSIVI,0.6,0.6576564855176953,404500013,13,hmc_chain,seed42_dsivi_8_gaussians,27.125434948131442,42,8_gaussians
14,6000,DSIVI,0.6,0.36269310094013507,404500013,14,hmc_chain,seed42_dsivi_8_gaussians,27.125434948131442,42,8_gaussians
15,6000,DSIVI,0.6,0.42402358629826764,404500013,15,hmc_chain,seed42_dsivi_8_gaussians,27.125434948131442,42,8_gaussians
16,6000,DSIVI,0.6,0.4278935612464789,404500013,16,hmc_chain,seed42_dsivi_8_gaussians,27.125434948131442,42,8_gaussians
17,6000,DSIVI,0.6,0.37825670827965974,404500013,17,hmc_chain,seed42_dsivi_8_gaussians,27.125434948131442,42,8_gaussians
18,6000,DSIVI,0.6,0.4317625337223313,404500013,18,hmc_chain,seed42_dsivi_8_gaussians,27.125434948131442,42,8_gaussians
19,6000,DSIVI,0.6,0.48533779939357424,404500013,19,hmc_chain,seed42_dsivi_8_gaussians,27.125434948131442,42,8_gaussians
0,8000,DSIVI,0.8,0.45333540980012144,432410025,0,hmc_chain,seed42_dsivi_8_gaussians,25.95783187523484,42,8_gaussians
1,8000,DSIVI,0.8,0.34864641855263967,432410025,1,hmc_chain,seed42_dsivi_8_gaussians,25.95783187523484,42,8_gaussians
2,8000,DSIVI,0.8,0.43226773706769067,432410025,2,hmc_chain,seed42_dsivi_8_gaussians,25.95783187523484,42,8_gaussians
3,8000,DSIVI,0.8,0.3741933900055303,432410025,3,hmc_chain,seed42_dsivi_8_gaussians,25.95783187523484,42,8_gaussians
4,8000,DSIVI,0.8,0.8137320057966204,432410025,4,hmc_chain,seed42_dsivi_8_gaussians,25.95783187523484,42,8_gaussians
5,8000,DSIVI,0.8,0.5913351959482027,432410025,5,hmc_chain,seed42_dsivi_8_gaussians,25.95783187523484,42,8_gaussians
6,8000,DSIVI,0.8,0.9531623904318758,432410025,6,hmc_chain,seed42_dsivi_8_gaussians,25.95783187523484,42,8_gaussians
7,8000,DSIVI,0.8,0.4173123740063882,432410025,7,hmc_chain,seed42_dsivi_8_gaussians,25.95783187523484,42,8_gaussians
8,8000,DSIVI,0.8,0.4010298378028807,432410025,8,hmc_chain,seed42_dsivi_8_gaussians,25.95783187523484,42,8_gaussians
9,8000,DSIVI,0.8,0.4635217984263577,432410025,9,hmc_chain,seed42_dsivi_8_gaussians,25.95783187523484,42,8_gaussians
10,8000,DSIVI,0.8,0.3361128542109355,432410025,10,hmc_chain,seed42_dsivi_8_gaussians,25.95783187523484,42,8_gaussians
11,8000,DSIVI,0.8,0.5489041252865595,432410025,11,hmc_chain,seed42_dsivi_8_gaussians,25.95783187523484,42,8_gaussians
12,8000,DSIVI,0.8,0.38575619035679276,432410025,12,hmc_chain,seed42_dsivi_8_gaussians,25.95783187523484,42,8_gaussians
13,8000,DSIVI,0.8,0.535368878759517,432410025,13,hmc_chain,seed42_dsivi_8_gaussians,25.95783187523484,42,8_gaussians
14,8000,DSIVI,0.8,0.8185561970299535,432410025,14,hmc_chain,seed42_dsivi_8_gaussians,25.95783187523484,42,8_gaussians
15,8000,DSIVI,0.8,0.39383096311230326,432410025,15,hmc_chain,seed42_dsivi_8_gaussians,25.95783187523484,42,8_gaussians
16,8000,DSIVI,0.8,0.820543164604251,432410025,16,hmc_chain,seed42_dsivi_8_gaussians,25.95783187523484,42,8_gaussians
17,8000,DSIVI,0.8,0.6008968519611664,432410025,17,hmc_chain,seed42_dsivi_8_gaussians,25.95783187523484,42,8_gaussians
18,8000,DSIVI,0.8,0.45418116010300646,432410025,18,hmc_chain,seed42_dsivi_8_gaussians,25.95783187523484,42,8_gaussians
19,8000,DSIVI,0.8,0.5356367422566445,432410025,19,hmc_chain,seed42_dsivi_8_gaussians,25.95783187523484,42,8_gaussians
0,10000,DSIVI,1.0,0.4574015198829514,1147897091,0,hmc_chain,seed42_dsivi_8_gaussians,25.044949650391935,42,8_gaussians
1,10000,DSIVI,1.0,0.4039134641893293,1147897091,1,hmc_chain,seed42_dsivi_8_gaussians,25.044949650391935,42,8_gaussians
2,10000,DSIVI,1.0,0.3138812292168959,1147897091,2,hmc_chain,seed42_dsivi_8_gaussians,25.044949650391935,42,8_gaussians
3,10000,DSIVI,1.0,0.38515674482758255,1147897091,3,hmc_chain,seed42_dsivi_8_gaussians,25.044949650391935,42,8_gaussians
4,10000,DSIVI,1.0,0.76274321415962,1147897091,4,hmc_chain,seed42_dsivi_8_gaussians,25.044949650391935,42,8_gaussians
5,10000,DSIVI,1.0,0.29127151263831075,1147897091,5,hmc_chain,seed42_dsivi_8_gaussians,25.044949650391935,42,8_gaussians
6,10000,DSIVI,1.0,0.3810402523296156,1147897091,6,hmc_chain,seed42_dsivi_8_gaussians,25.044949650391935,42,8_gaussians
7,10000,DSIVI,1.0,0.4690451102852819,1147897091,7,hmc_chain,seed42_dsivi_8_gaussians,25.044949650391935,42,8_gaussians
8,10000,DSIVI,1.0,0.4356536801113806,1147897091,8,hmc_chain,seed42_dsivi_8_gaussians,25.044949650391935,42,8_gaussians
9,10000,DSIVI,1.0,0.4295121984071243,1147897091,9,hmc_chain,seed42_dsivi_8_gaussians,25.044949650391935,42,8_gaussians
10,10000,DSIVI,1.0,0.3642358287390225,1147897091,10,hmc_chain,seed42_dsivi_8_gaussians,25.044949650391935,42,8_gaussians
11,10000,DSIVI,1.0,0.38338826907476187,1147897091,11,hmc_chain,seed42_dsivi_8_gaussians,25.044949650391935,42,8_gaussians
12,10000,DSIVI,1.0,0.6505713586868945,1147897091,12,hmc_chain,seed42_dsivi_8_gaussians,25.044949650391935,42,8_gaussians
13,10000,DSIVI,1.0,0.4207016106581764,1147897091,13,hmc_chain,seed42_dsivi_8_gaussians,25.044949650391935,42,8_gaussians
14,10000,DSIVI,1.0,0.5213860574331264,1147897091,14,hmc_chain,seed42_dsivi_8_gaussians,25.044949650391935,42,8_gaussians
15,10000,DSIVI,1.0,0.3461236371394146,1147897091,15,hmc_chain,seed42_dsivi_8_gaussians,25.044949650391935,42,8_gaussians
16,10000,DSIVI,1.0,0.4010225750257495,1147897091,16,hmc_chain,seed42_dsivi_8_gaussians,25.044949650391935,42,8_gaussians
17,10000,DSIVI,1.0,0.45642045397623454,1147897091,17,hmc_chain,seed42_dsivi_8_gaussians,25.044949650391935,42,8_gaussians
18,10000,DSIVI,1.0,0.3469451686061883,1147897091,18,hmc_chain,seed42_dsivi_8_gaussians,25.044949650391935,42,8_gaussians
19,10000,DSIVI,1.0,0.3168134255139583,1147897091,19,hmc_chain,seed42_dsivi_8_gaussians,25.044949650391935,42,8_gaussians
0,2000,DSIVI,0.2,0.19142616298519563,291972967,0,hmc_chain,seed43_dsivi_8_gaussians,28.592569059506058,43,8_gaussians
1,2000,DSIVI,0.2,0.11480324109508476,291972967,1,hmc_chain,seed43_dsivi_8_gaussians,28.592569059506058,43,8_gaussians
2,2000,DSIVI,0.2,0.09626609748014753,291972967,2,hmc_chain,seed43_dsivi_8_gaussians,28.592569059506058,43,8_gaussians
3,2000,DSIVI,0.2,0.10710616578184676,291972967,3,hmc_chain,seed43_dsivi_8_gaussians,28.592569059506058,43,8_gaussians
4,2000,DSIVI,0.2,0.11892618504556374,291972967,4,hmc_chain,seed43_dsivi_8_gaussians,28.592569059506058,43,8_gaussians
5,2000,DSIVI,0.2,0.1989409706286343,291972967,5,hmc_chain,seed43_dsivi_8_gaussians,28.592569059506058,43,8_gaussians
6,2000,DSIVI,0.2,0.2120727091117695,291972967,6,hmc_chain,seed43_dsivi_8_gaussians,28.592569059506058,43,8_gaussians
7,2000,DSIVI,0.2,0.11363143522113581,291972967,7,hmc_chain,seed43_dsivi_8_gaussians,28.592569059506058,43,8_gaussians
8,2000,DSIVI,0.2,0.1417632801898008,291972967,8,hmc_chain,seed43_dsivi_8_gaussians,28.592569059506058,43,8_gaussians
9,2000,DSIVI,0.2,0.16950621271971805,291972967,9,hmc_chain,seed43_dsivi_8_gaussians,28.592569059506058,43,8_gaussians
10,2000,DSIVI,0.2,0.14064705346712034,291972967,10,hmc_chain,seed43_dsivi_8_gaussians,28.592569059506058,43,8_gaussians
11,2000,DSIVI,0.2,0.13372678884657502,291972967,11,hmc_chain,seed43_dsivi_8_gaussians,28.592569059506058,43,8_gaussians
12,2000,DSIVI,0.2,0.1132886588358912,291972967,12,hmc_chain,seed43_dsivi_8_gaussians,28.592569059506058,43,8_gaussians
13,2000,DSIVI,0.2,0.14487116154780433,291972967,13,hmc_chain,seed43_dsivi_8_gaussians,28.592569059506058,43,8_gaussians
14,2000,DSIVI,0.2,0.17814621523081753,291972967,14,hmc_chain,seed43_dsivi_8_gaussians,28.592569059506058,43,8_gaussians
15,2000,DSIVI,0.2,0.12001090875189402,291972967,15,hmc_chain,seed43_dsivi_8_gaussians,28.592569059506058,43,8_gaussians
16,2000,DSIVI,0.2,0.14273544738021451,291972967,16,hmc_chain,seed43_dsivi_8_gaussians,28.592569059506058,43,8_gaussians
17,2000,DSIVI,0.2,0.1444070596173604,291972967,17,hmc_chain,seed43_dsivi_8_gaussians,28.592569059506058,43,8_gaussians
18,2000,DSIVI,0.2,0.0929802457636282,291972967,18,hmc_chain,seed43_dsivi_8_gaussians,28.592569059506058,43,8_gaussians
19,2000,DSIVI,0.2,0.13805359976406073,291972967,19,hmc_chain,seed43_dsivi_8_gaussians,28.592569059506058,43,8_gaussians
0,4000,DSIVI,0.4,0.12651272539733763,2052079716,0,hmc_chain,seed43_dsivi_8_gaussians,28.89540160484612,43,8_gaussians
1,4000,DSIVI,0.4,0.13433099203885945,2052079716,1,hmc_chain,seed43_dsivi_8_gaussians,28.89540160484612,43,8_gaussians
2,4000,DSIVI,0.4,0.19594914027789673,2052079716,2,hmc_chain,seed43_dsivi_8_gaussians,28.89540160484612,43,8_gaussians
3,4000,DSIVI,0.4,0.45906569166546884,2052079716,3,hmc_chain,seed43_dsivi_8_gaussians,28.89540160484612,43,8_gaussians
4,4000,DSIVI,0.4,0.13822089098930201,2052079716,4,hmc_chain,seed43_dsivi_8_gaussians,28.89540160484612,43,8_gaussians
5,4000,DSIVI,0.4,1.5062608903919374,2052079716,5,hmc_chain,seed43_dsivi_8_gaussians,28.89540160484612,43,8_gaussians
6,4000,DSIVI,0.4,0.1861754394335898,2052079716,6,hmc_chain,seed43_dsivi_8_gaussians,28.89540160484612,43,8_gaussians
7,4000,DSIVI,0.4,0.1745835490434159,2052079716,7,hmc_chain,seed43_dsivi_8_gaussians,28.89540160484612,43,8_gaussians
8,4000,DSIVI,0.4,0.12076745875754288,2052079716,8,hmc_chain,seed43_dsivi_8_gaussians,28.89540160484612,43,8_gaussians
9,4000,DSIVI,0.4,0.1497480194656845,2052079716,9,hmc_chain,seed43_dsivi_8_gaussians,28.89540160484612,43,8_gaussians
10,4000,DSIVI,0.4,0.1339447313285308,2052079716,10,hmc_chain,seed43_dsivi_8_gaussians,28.89540160484612,43,8_gaussians
11,4000,DSIVI,0.4,0.12917185043349966,2052079716,11,hmc_chain,seed43_dsivi_8_gaussians,28.89540160484612,43,8_gaussians
12,4000,DSIVI,0.4,0.15002225418486181,2052079716,12,hmc_chain,seed43_dsivi_8_gaussians,28.89540160484612,43,8_gaussians
13,4000,DSIVI,0.4,0.18458814775936233,2052079716,13,hmc_chain,seed43_dsivi_8_gaussians,28.89540160484612,43,8_gaussians
14,4000,DSIVI,0.4,0.16976132372989305,2052079716,14,hmc_chain,seed43_dsivi_8_gaussians,28.89540160484612,43,8_gaussians
15,4000,DSIVI,0.4,0.22887261338658527,2052079716,15,hmc_chain,seed43_dsivi_8_gaussians,28.89540160484612,43,8_gaussians
16,4000,DSIVI,0.4,0.1842176617769528,2052079716,16,hmc_chain,seed43_dsivi_8_gaussians,28.89540160484612,43,8_gaussians
17,4000,DSIVI,0.4,0.1315120509845434,2052079716,17,hmc_chain,seed43_dsivi_8_gaussians,28.89540160484612,43,8_gaussians
18,4000,DSIVI,0.4,0.16047061579817157,2052079716,18,hmc_chain,seed43_dsivi_8_gaussians,28.89540160484612,43,8_gaussians
19,4000,DSIVI,0.4,0.11772588284209373,2052079716,19,hmc_chain,seed43_dsivi_8_gaussians,28.89540160484612,43,8_gaussians
0,6000,DSIVI,0.6,0.6649527564417721,278114001,0,hmc_chain,seed43_dsivi_8_gaussians,29.054542091861368,43,8_gaussians
1,6000,DSIVI,0.6,0.6387918386420748,278114001,1,hmc_chain,seed43_dsivi_8_gaussians,29.054542091861368,43,8_gaussians
2,6000,DSIVI,0.6,0.4329345951844298,278114001,2,hmc_chain,seed43_dsivi_8_gaussians,29.054542091861368,43,8_gaussians
3,6000,DSIVI,0.6,0.44471822167568975,278114001,3,hmc_chain,seed43_dsivi_8_gaussians,29.054542091861368,43,8_gaussians
4,6000,DSIVI,0.6,0.71438567030145,278114001,4,hmc_chain,seed43_dsivi_8_gaussians,29.054542091861368,43,8_gaussians
5,6000,DSIVI,0.6,0.6462157277576706,278114001,5,hmc_chain,seed43_dsivi_8_gaussians,29.054542091861368,43,8_gaussians
6,6000,DSIVI,0.6,0.386640954355962,278114001,6,hmc_chain,seed43_dsivi_8_gaussians,29.054542091861368,43,8_gaussians
7,6000,DSIVI,0.6,0.3694845071694282,278114001,7,hmc_chain,seed43_dsivi_8_gaussians,29.054542091861368,43,8_gaussians
8,6000,DSIVI,0.6,1.5100622298182933,278114001,8,hmc_chain,seed43_dsivi_8_gaussians,29.054542091861368,43,8_gaussians
9,6000,DSIVI,0.6,0.4840248457690812,278114001,9,hmc_chain,seed43_dsivi_8_gaussians,29.054542091861368,43,8_gaussians
10,6000,DSIVI,0.6,0.6839476687909262,278114001,10,hmc_chain,seed43_dsivi_8_gaussians,29.054542091861368,43,8_gaussians
11,6000,DSIVI,0.6,1.4030156962698195,278114001,11,hmc_chain,seed43_dsivi_8_gaussians,29.054542091861368,43,8_gaussians
12,6000,DSIVI,0.6,0.4170018458192766,278114001,12,hmc_chain,seed43_dsivi_8_gaussians,29.054542091861368,43,8_gaussians
13,6000,DSIVI,0.6,0.42238096933760855,278114001,13,hmc_chain,seed43_dsivi_8_gaussians,29.054542091861368,43,8_gaussians
14,6000,DSIVI,0.6,0.5990187709101228,278114001,14,hmc_chain,seed43_dsivi_8_gaussians,29.054542091861368,43,8_gaussians
15,6000,DSIVI,0.6,0.4293751015965189,278114001,15,hmc_chain,seed43_dsivi_8_gaussians,29.054542091861368,43,8_gaussians
16,6000,DSIVI,0.6,0.4056372905606682,278114001,16,hmc_chain,seed43_dsivi_8_gaussians,29.054542091861368,43,8_gaussians
17,6000,DSIVI,0.6,0.444464758070294,278114001,17,hmc_chain,seed43_dsivi_8_gaussians,29.054542091861368,43,8_gaussians
18,6000,DSIVI,0.6,0.6686795297924892,278114001,18,hmc_chain,seed43_dsivi_8_gaussians,29.054542091861368,43,8_gaussians
19,6000,DSIVI,0.6,0.5577575180896885,278114001,19,hmc_chain,seed43_dsivi_8_gaussians,29.054542091861368,43,8_gaussians
0,8000,DSIVI,0.8,0.4434572026089819,553930901,0,hmc_chain,seed43_dsivi_8_gaussians,28.576393746212126,43,8_gaussians
1,8000,DSIVI,0.8,0.44555506921836757,553930901,1,hmc_chain,seed43_dsivi_8_gaussians,28.576393746212126,43,8_gaussians
2,8000,DSIVI,0.8,0.5936826725237071,553930901,2,hmc_chain,seed43_dsivi_8_gaussians,28.576393746212126,43,8_gaussians
3,8000,DSIVI,0.8,0.519982975727604,553930901,3,hmc_chain,seed43_dsivi_8_gaussians,28.576393746212126,43,8_gaussians
4,8000,DSIVI,0.8,0.5443754808367309,553930901,4,hmc_chain,seed43_dsivi_8_gaussians,28.576393746212126,43,8_gaussians
5,8000,DSIVI,0.8,0.5947946901581175,553930901,5,hmc_chain,seed43_dsivi_8_gaussians,28.576393746212126,43,8_gaussians
6,8000,DSIVI,0.8,0.6616300099435325,553930901,6,hmc_chain,seed43_dsivi_8_gaussians,28.576393746212126,43,8_gaussians
7,8000,DSIVI,0.8,0.7136668398327339,553930901,7,hmc_chain,seed43_dsivi_8_gaussians,28.576393746212126,43,8_gaussians
8,8000,DSIVI,0.8,0.34036774518369745,553930901,8,hmc_chain,seed43_dsivi_8_gaussians,28.576393746212126,43,8_gaussians
9,8000,DSIVI,0.8,0.32187227225864823,553930901,9,hmc_chain,seed43_dsivi_8_gaussians,28.576393746212126,43,8_gaussians
10,8000,DSIVI,0.8,0.5218503160999565,553930901,10,hmc_chain,seed43_dsivi_8_gaussians,28.576393746212126,43,8_gaussians
11,8000,DSIVI,0.8,0.535621666725175,553930901,11,hmc_chain,seed43_dsivi_8_gaussians,28.576393746212126,43,8_gaussians
12,8000,DSIVI,0.8,0.5531164169555494,553930901,12,hmc_chain,seed43_dsivi_8_gaussians,28.576393746212126,43,8_gaussians
13,8000,DSIVI,0.8,0.4574686781737602,553930901,13,hmc_chain,seed43_dsivi_8_gaussians,28.576393746212126,43,8_gaussians
14,8000,DSIVI,0.8,0.3932033073520873,553930901,14,hmc_chain,seed43_dsivi_8_gaussians,28.576393746212126,43,8_gaussians
15,8000,DSIVI,0.8,0.40836013022599016,553930901,15,hmc_chain,seed43_dsivi_8_gaussians,28.576393746212126,43,8_gaussians
16,8000,DSIVI,0.8,0.5674416523627658,553930901,16,hmc_chain,seed43_dsivi_8_gaussians,28.576393746212126,43,8_gaussians
17,8000,DSIVI,0.8,0.4391599151415757,553930901,17,hmc_chain,seed43_dsivi_8_gaussians,28.576393746212126,43,8_gaussians
18,8000,DSIVI,0.8,0.6410291111481581,553930901,18,hmc_chain,seed43_dsivi_8_gaussians,28.576393746212126,43,8_gaussians
19,8000,DSIVI,0.8,0.41704420958084115,553930901,19,hmc_chain,seed43_dsivi_8_gaussians,28.576393746212126,43,8_gaussians
0,10000,DSIVI,1.0,0.5024169927945003,807250933,0,hmc_chain,seed43_dsivi_8_gaussians,27.860457285493613,43,8_gaussians
1,10000,DSIVI,1.0,0.6987585490060017,807250933,1,hmc_chain,seed43_dsivi_8_gaussians,27.860457285493613,43,8_gaussians
2,10000,DSIVI,1.0,0.5630716563496931,807250933,2,hmc_chain,seed43_dsivi_8_gaussians,27.860457285493613,43,8_gaussians
3,10000,DSIVI,1.0,0.5099820179369412,807250933,3,hmc_chain,seed43_dsivi_8_gaussians,27.860457285493613,43,8_gaussians
4,10000,DSIVI,1.0,0.4880808282327984,807250933,4,hmc_chain,seed43_dsivi_8_gaussians,27.860457285493613,43,8_gaussians
5,10000,DSIVI,1.0,0.7644777566811983,807250933,5,hmc_chain,seed43_dsivi_8_gaussians,27.860457285493613,43,8_gaussians
6,10000,DSIVI,1.0,0.9239631964439226,807250933,6,hmc_chain,seed43_dsivi_8_gaussians,27.860457285493613,43,8_gaussians
7,10000,DSIVI,1.0,0.5337818374555217,807250933,7,hmc_chain,seed43_dsivi_8_gaussians,27.860457285493613,43,8_gaussians
8,10000,DSIVI,1.0,0.4598524714107207,807250933,8,hmc_chain,seed43_dsivi_8_gaussians,27.860457285493613,43,8_gaussians
9,10000,DSIVI,1.0,0.4910705729814827,807250933,9,hmc_chain,seed43_dsivi_8_gaussians,27.860457285493613,43,8_gaussians
10,10000,DSIVI,1.0,0.39491742360283794,807250933,10,hmc_chain,seed43_dsivi_8_gaussians,27.860457285493613,43,8_gaussians
11,10000,DSIVI,1.0,0.466111755473221,807250933,11,hmc_chain,seed43_dsivi_8_gaussians,27.860457285493613,43,8_gaussians
12,10000,DSIVI,1.0,0.8817810350174,807250933,12,hmc_chain,seed43_dsivi_8_gaussians,27.860457285493613,43,8_gaussians
13,10000,DSIVI,1.0,0.6607183368347116,807250933,13,hmc_chain,seed43_dsivi_8_gaussians,27.860457285493613,43,8_gaussians
14,10000,DSIVI,1.0,0.611880562803216,807250933,14,hmc_chain,seed43_dsivi_8_gaussians,27.860457285493613,43,8_gaussians
15,10000,DSIVI,1.0,0.6685435953276249,807250933,15,hmc_chain,seed43_dsivi_8_gaussians,27.860457285493613,43,8_gaussians
16,10000,DSIVI,1.0,0.3883610561652697,807250933,16,hmc_chain,seed43_dsivi_8_gaussians,27.860457285493613,43,8_gaussians
17,10000,DSIVI,1.0,0.9205519771032735,807250933,17,hmc_chain,seed43_dsivi_8_gaussians,27.860457285493613,43,8_gaussians
18,10000,DSIVI,1.0,0.5056567094895162,807250933,18,hmc_chain,seed43_dsivi_8_gaussians,27.860457285493613,43,8_gaussians
19,10000,DSIVI,1.0,0.4588453557207142,807250933,19,hmc_chain,seed43_dsivi_8_gaussians,27.860457285493613,43,8_gaussians
0,2000,DSIVI,0.2,0.5393863822988576,806889721,0,hmc_chain,seed45_dsivi_8_gaussians,27.138073271885514,45,8_gaussians
1,2000,DSIVI,0.2,0.48729441552968866,806889721,1,hmc_chain,seed45_dsivi_8_gaussians,27.138073271885514,45,8_gaussians
2,2000,DSIVI,0.2,0.34752851116628664,806889721,2,hmc_chain,seed45_dsivi_8_gaussians,27.138073271885514,45,8_gaussians
3,2000,DSIVI,0.2,0.4489247330887084,806889721,3,hmc_chain,seed45_dsivi_8_gaussians,27.138073271885514,45,8_gaussians
4,2000,DSIVI,0.2,0.37650387993946155,806889721,4,hmc_chain,seed45_dsivi_8_gaussians,27.138073271885514,45,8_gaussians
5,2000,DSIVI,0.2,0.36796618004987197,806889721,5,hmc_chain,seed45_dsivi_8_gaussians,27.138073271885514,45,8_gaussians
6,2000,DSIVI,0.2,1.352618536780374,806889721,6,hmc_chain,seed45_dsivi_8_gaussians,27.138073271885514,45,8_gaussians
7,2000,DSIVI,0.2,0.4698092349663396,806889721,7,hmc_chain,seed45_dsivi_8_gaussians,27.138073271885514,45,8_gaussians
8,2000,DSIVI,0.2,0.7033852909924558,806889721,8,hmc_chain,seed45_dsivi_8_gaussians,27.138073271885514,45,8_gaussians
9,2000,DSIVI,0.2,1.0101941961360934,806889721,9,hmc_chain,seed45_dsivi_8_gaussians,27.138073271885514,45,8_gaussians
10,2000,DSIVI,0.2,0.5234069188612569,806889721,10,hmc_chain,seed45_dsivi_8_gaussians,27.138073271885514,45,8_gaussians
11,2000,DSIVI,0.2,5.286888176032411,806889721,11,hmc_chain,seed45_dsivi_8_gaussians,27.138073271885514,45,8_gaussians
12,2000,DSIVI,0.2,0.8452885499267924,806889721,12,hmc_chain,seed45_dsivi_8_gaussians,27.138073271885514,45,8_gaussians
13,2000,DSIVI,0.2,0.5627824273142481,806889721,13,hmc_chain,seed45_dsivi_8_gaussians,27.138073271885514,45,8_gaussians
14,2000,DSIVI,0.2,1.3103463183235842,806889721,14,hmc_chain,seed45_dsivi_8_gaussians,27.138073271885514,45,8_gaussians
15,2000,DSIVI,0.2,0.586098555430557,806889721,15,hmc_chain,seed45_dsivi_8_gaussians,27.138073271885514,45,8_gaussians
16,2000,DSIVI,0.2,0.605365788856737,806889721,16,hmc_chain,seed45_dsivi_8_gaussians,27.138073271885514,45,8_gaussians
17,2000,DSIVI,0.2,0.7634418677121082,806889721,17,hmc_chain,seed45_dsivi_8_gaussians,27.138073271885514,45,8_gaussians
18,2000,DSIVI,0.2,0.3733852544188726,806889721,18,hmc_chain,seed45_dsivi_8_gaussians,27.138073271885514,45,8_gaussians
19,2000,DSIVI,0.2,0.42694813172056556,806889721,19,hmc_chain,seed45_dsivi_8_gaussians,27.138073271885514,45,8_gaussians
0,4000,DSIVI,0.4,0.07600353197671009,757289370,0,hmc_chain,seed45_dsivi_8_gaussians,26.639322175830603,45,8_gaussians
1,4000,DSIVI,0.4,0.10482565151956638,757289370,1,hmc_chain,seed45_dsivi_8_gaussians,26.639322175830603,45,8_gaussians
2,4000,DSIVI,0.4,0.11191026953546843,757289370,2,hmc_chain,seed45_dsivi_8_gaussians,26.639322175830603,45,8_gaussians
3,4000,DSIVI,0.4,0.14353246515730464,757289370,3,hmc_chain,seed45_dsivi_8_gaussians,26.639322175830603,45,8_gaussians
4,4000,DSIVI,0.4,0.10294203960933483,757289370,4,hmc_chain,seed45_dsivi_8_gaussians,26.639322175830603,45,8_gaussians
5,4000,DSIVI,0.4,0.09289014571675787,757289370,5,hmc_chain,seed45_dsivi_8_gaussians,26.639322175830603,45,8_gaussians
6,4000,DSIVI,0.4,0.10253023007602081,757289370,6,hmc_chain,seed45_dsivi_8_gaussians,26.639322175830603,45,8_gaussians
7,4000,DSIVI,0.4,0.08466584693642554,757289370,7,hmc_chain,seed45_dsivi_8_gaussians,26.639322175830603,45,8_gaussians
8,4000,DSIVI,0.4,0.11058395014606429,757289370,8,hmc_chain,seed45_dsivi_8_gaussians,26.639322175830603,45,8_gaussians
9,4000,DSIVI,0.4,0.10500661742705651,757289370,9,hmc_chain,seed45_dsivi_8_gaussians,26.639322175830603,45,8_gaussians
10,4000,DSIVI,0.4,0.08891370232580204,757289370,10,hmc_chain,seed45_dsivi_8_gaussians,26.639322175830603,45,8_gaussians
11,4000,DSIVI,0.4,0.08881990170082062,757289370,11,hmc_chain,seed45_dsivi_8_gaussians,26.639322175830603,45,8_gaussians
12,4000,DSIVI,0.4,0.09662163843340625,757289370,12,hmc_chain,seed45_dsivi_8_gaussians,26.639322175830603,45,8_gaussians
13,4000,DSIVI,0.4,0.1290168484586263,757289370,13,hmc_chain,seed45_dsivi_8_gaussians,26.639322175830603,45,8_gaussians
14,4000,DSIVI,0.4,0.09857320329126865,757289370,14,hmc_chain,seed45_dsivi_8_gaussians,26.639322175830603,45,8_gaussians
15,4000,DSIVI,0.4,0.09974146914127437,757289370,15,hmc_chain,seed45_dsivi_8_gaussians,26.639322175830603,45,8_gaussians
16,4000,DSIVI,0.4,0.10644516181295872,757289370,16,hmc_chain,seed45_dsivi_8_gaussians,26.639322175830603,45,8_gaussians
17,4000,DSIVI,0.4,0.09101100919762001,757289370,17,hmc_chain,seed45_dsivi_8_gaussians,26.639322175830603,45,8_gaussians
18,4000,DSIVI,0.4,0.10891701394457282,757289370,18,hmc_chain,seed45_dsivi_8_gaussians,26.639322175830603,45,8_gaussians
19,4000,DSIVI,0.4,0.11442893819098937,757289370,19,hmc_chain,seed45_dsivi_8_gaussians,26.639322175830603,45,8_gaussians
0,6000,DSIVI,0.6,0.22225427468198405,59375022,0,hmc_chain,seed45_dsivi_8_gaussians,26.683801084011794,45,8_gaussians
1,6000,DSIVI,0.6,0.18176210327329795,59375022,1,hmc_chain,seed45_dsivi_8_gaussians,26.683801084011794,45,8_gaussians
2,6000,DSIVI,0.6,0.2708685762799927,59375022,2,hmc_chain,seed45_dsivi_8_gaussians,26.683801084011794,45,8_gaussians
3,6000,DSIVI,0.6,0.18457640823339325,59375022,3,hmc_chain,seed45_dsivi_8_gaussians,26.683801084011794,45,8_gaussians
4,6000,DSIVI,0.6,0.21698201267063094,59375022,4,hmc_chain,seed45_dsivi_8_gaussians,26.683801084011794,45,8_gaussians
5,6000,DSIVI,0.6,0.2049501784702436,59375022,5,hmc_chain,seed45_dsivi_8_gaussians,26.683801084011794,45,8_gaussians
6,6000,DSIVI,0.6,0.20117698144660973,59375022,6,hmc_chain,seed45_dsivi_8_gaussians,26.683801084011794,45,8_gaussians
7,6000,DSIVI,0.6,0.227402628113955,59375022,7,hmc_chain,seed45_dsivi_8_gaussians,26.683801084011794,45,8_gaussians
8,6000,DSIVI,0.6,0.25387409059502997,59375022,8,hmc_chain,seed45_dsivi_8_gaussians,26.683801084011794,45,8_gaussians
9,6000,DSIVI,0.6,0.24679610906054336,59375022,9,hmc_chain,seed45_dsivi_8_gaussians,26.683801084011794,45,8_gaussians
10,6000,DSIVI,0.6,0.2101880090178812,59375022,10,hmc_chain,seed45_dsivi_8_gaussians,26.683801084011794,45,8_gaussians
11,6000,DSIVI,0.6,0.27129238771105624,59375022,11,hmc_chain,seed45_dsivi_8_gaussians,26.683801084011794,45,8_gaussians
12,6000,DSIVI,0.6,0.21210750931035321,59375022,12,hmc_chain,seed45_dsivi_8_gaussians,26.683801084011794,45,8_gaussians
13,6000,DSIVI,0.6,0.30482788956423995,59375022,13,hmc_chain,seed45_dsivi_8_gaussians,26.683801084011794,45,8_gaussians
14,6000,DSIVI,0.6,0.20639884563295224,59375022,14,hmc_chain,seed45_dsivi_8_gaussians,26.683801084011794,45,8_gaussians
15,6000,DSIVI,0.6,0.2679562930844328,59375022,15,hmc_chain,seed45_dsivi_8_gaussians,26.683801084011794,45,8_gaussians
16,6000,DSIVI,0.6,0.1678553606698722,59375022,16,hmc_chain,seed45_dsivi_8_gaussians,26.683801084011794,45,8_gaussians
17,6000,DSIVI,0.6,0.2139724293564078,59375022,17,hmc_chain,seed45_dsivi_8_gaussians,26.683801084011794,45,8_gaussians
18,6000,DSIVI,0.6,0.1988889926165221,59375022,18,hmc_chain,seed45_dsivi_8_gaussians,26.683801084011794,45,8_gaussians
19,6000,DSIVI,0.6,0.1746309784409904,59375022,19,hmc_chain,seed45_dsivi_8_gaussians,26.683801084011794,45,8_gaussians
0,8000,DSIVI,0.8,0.23319081626525073,1988622721,0,hmc_chain,seed45_dsivi_8_gaussians,25.21826678067446,45,8_gaussians
1,8000,DSIVI,0.8,0.2681367492320264,1988622721,1,hmc_chain,seed45_dsivi_8_gaussians,25.21826678067446,45,8_gaussians
2,8000,DSIVI,0.8,0.2542777325452605,1988622721,2,hmc_chain,seed45_dsivi_8_gaussians,25.21826678067446,45,8_gaussians
3,8000,DSIVI,0.8,0.2807185794654131,1988622721,3,hmc_chain,seed45_dsivi_8_gaussians,25.21826678067446,45,8_gaussians
4,8000,DSIVI,0.8,0.32001557480292003,1988622721,4,hmc_chain,seed45_dsivi_8_gaussians,25.21826678067446,45,8_gaussians
5,8000,DSIVI,0.8,0.2177800331788582,1988622721,5,hmc_chain,seed45_dsivi_8_gaussians,25.21826678067446,45,8_gaussians
6,8000,DSIVI,0.8,0.29565708586752226,1988622721,6,hmc_chain,seed45_dsivi_8_gaussians,25.21826678067446,45,8_gaussians
7,8000,DSIVI,0.8,0.2661205052728851,1988622721,7,hmc_chain,seed45_dsivi_8_gaussians,25.21826678067446,45,8_gaussians
8,8000,DSIVI,0.8,0.21453057799674172,1988622721,8,hmc_chain,seed45_dsivi_8_gaussians,25.21826678067446,45,8_gaussians
9,8000,DSIVI,0.8,0.2900308317912581,1988622721,9,hmc_chain,seed45_dsivi_8_gaussians,25.21826678067446,45,8_gaussians
10,8000,DSIVI,0.8,0.299973486293764,1988622721,10,hmc_chain,seed45_dsivi_8_gaussians,25.21826678067446,45,8_gaussians
11,8000,DSIVI,0.8,0.24962187699052207,1988622721,11,hmc_chain,seed45_dsivi_8_gaussians,25.21826678067446,45,8_gaussians
12,8000,DSIVI,0.8,0.32342011642243834,1988622721,12,hmc_chain,seed45_dsivi_8_gaussians,25.21826678067446,45,8_gaussians
13,8000,DSIVI,0.8,0.24541646505015285,1988622721,13,hmc_chain,seed45_dsivi_8_gaussians,25.21826678067446,45,8_gaussians
14,8000,DSIVI,0.8,0.25092739424433547,1988622721,14,hmc_chain,seed45_dsivi_8_gaussians,25.21826678067446,45,8_gaussians
15,8000,DSIVI,0.8,0.2833344076222816,1988622721,15,hmc_chain,seed45_dsivi_8_gaussians,25.21826678067446,45,8_gaussians
16,8000,DSIVI,0.8,0.3230828954760411,1988622721,16,hmc_chain,seed45_dsivi_8_gaussians,25.21826678067446,45,8_gaussians
17,8000,DSIVI,0.8,0.24180862660265,1988622721,17,hmc_chain,seed45_dsivi_8_gaussians,25.21826678067446,45,8_gaussians
18,8000,DSIVI,0.8,0.2856470550472424,1988622721,18,hmc_chain,seed45_dsivi_8_gaussians,25.21826678067446,45,8_gaussians
19,8000,DSIVI,0.8,0.28431761485963625,1988622721,19,hmc_chain,seed45_dsivi_8_gaussians,25.21826678067446,45,8_gaussians
0,10000,DSIVI,1.0,0.2598011779316722,142015877,0,hmc_chain,seed45_dsivi_8_gaussians,24.760125175118446,45,8_gaussians
1,10000,DSIVI,1.0,0.24745198862744666,142015877,1,hmc_chain,seed45_dsivi_8_gaussians,24.760125175118446,45,8_gaussians
2,10000,DSIVI,1.0,0.4467119812967546,142015877,2,hmc_chain,seed45_dsivi_8_gaussians,24.760125175118446,45,8_gaussians
3,10000,DSIVI,1.0,0.369644917572346,142015877,3,hmc_chain,seed45_dsivi_8_gaussians,24.760125175118446,45,8_gaussians
4,10000,DSIVI,1.0,0.37064426936622363,142015877,4,hmc_chain,seed45_dsivi_8_gaussians,24.760125175118446,45,8_gaussians
5,10000,DSIVI,1.0,0.3088504099231419,142015877,5,hmc_chain,seed45_dsivi_8_gaussians,24.760125175118446,45,8_gaussians
6,10000,DSIVI,1.0,0.32266919685936,142015877,6,hmc_chain,seed45_dsivi_8_gaussians,24.760125175118446,45,8_gaussians
7,10000,DSIVI,1.0,0.2656109975338847,142015877,7,hmc_chain,seed45_dsivi_8_gaussians,24.760125175118446,45,8_gaussians
8,10000,DSIVI,1.0,0.34775845910215797,142015877,8,hmc_chain,seed45_dsivi_8_gaussians,24.760125175118446,45,8_gaussians
9,10000,DSIVI,1.0,0.3168033101374037,142015877,9,hmc_chain,seed45_dsivi_8_gaussians,24.760125175118446,45,8_gaussians
10,10000,DSIVI,1.0,0.34689795046833083,142015877,10,hmc_chain,seed45_dsivi_8_gaussians,24.760125175118446,45,8_gaussians
11,10000,DSIVI,1.0,0.369661604032942,142015877,11,hmc_chain,seed45_dsivi_8_gaussians,24.760125175118446,45,8_gaussians
12,10000,DSIVI,1.0,0.27723274101150613,142015877,12,hmc_chain,seed45_dsivi_8_gaussians,24.760125175118446,45,8_gaussians
13,10000,DSIVI,1.0,0.3633850688646094,142015877,13,hmc_chain,seed45_dsivi_8_gaussians,24.760125175118446,45,8_gaussians
14,10000,DSIVI,1.0,0.32498079022545817,142015877,14,hmc_chain,seed45_dsivi_8_gaussians,24.760125175118446,45,8_gaussians
15,10000,DSIVI,1.0,0.3479056537369615,142015877,15,hmc_chain,seed45_dsivi_8_gaussians,24.760125175118446,45,8_gaussians
16,10000,DSIVI,1.0,0.3662315505772389,142015877,16,hmc_chain,seed45_dsivi_8_gaussians,24.760125175118446,45,8_gaussians
17,10000,DSIVI,1.0,0.3682745358545092,142015877,17,hmc_chain,seed45_dsivi_8_gaussians,24.760125175118446,45,8_gaussians
18,10000,DSIVI,1.0,0.26391192837845184,142015877,18,hmc_chain,seed45_dsivi_8_gaussians,24.760125175118446,45,8_gaussians
19,10000,DSIVI,1.0,0.3459150805075759,142015877,19,hmc_chain,seed45_dsivi_8_gaussians,24.760125175118446,45,8_gaussians
0,2000,DSIVI,0.2,0.08976207098916122,361803816,0,hmc_chain,seed49_dsivi_8_gaussians,25.617021647840737,49,8_gaussians
1,2000,DSIVI,0.2,0.11193370931314695,361803816,1,hmc_chain,seed49_dsivi_8_gaussians,25.617021647840737,49,8_gaussians
2,2000,DSIVI,0.2,0.16819141105831248,361803816,2,hmc_chain,seed49_dsivi_8_gaussians,25.617021647840737,49,8_gaussians
3,2000,DSIVI,0.2,0.11062601989124776,361803816,3,hmc_chain,seed49_dsivi_8_gaussians,25.617021647840737,49,8_gaussians
4,2000,DSIVI,0.2,0.0729374570420285,361803816,4,hmc_chain,seed49_dsivi_8_gaussians,25.617021647840737,49,8_gaussians
5,2000,DSIVI,0.2,0.06752585534912274,361803816,5,hmc_chain,seed49_dsivi_8_gaussians,25.617021647840737,49,8_gaussians
6,2000,DSIVI,0.2,0.08284043685229925,361803816,6,hmc_chain,seed49_dsivi_8_gaussians,25.617021647840737,49,8_gaussians
7,2000,DSIVI,0.2,0.09598111200791173,361803816,7,hmc_chain,seed49_dsivi_8_gaussians,25.617021647840737,49,8_gaussians
8,2000,DSIVI,0.2,0.1621609162704102,361803816,8,hmc_chain,seed49_dsivi_8_gaussians,25.617021647840737,49,8_gaussians
9,2000,DSIVI,0.2,0.07489674682068403,361803816,9,hmc_chain,seed49_dsivi_8_gaussians,25.617021647840737,49,8_gaussians
10,2000,DSIVI,0.2,0.0755935104064511,361803816,10,hmc_chain,seed49_dsivi_8_gaussians,25.617021647840737,49,8_gaussians
11,2000,DSIVI,0.2,0.08358659984894136,361803816,11,hmc_chain,seed49_dsivi_8_gaussians,25.617021647840737,49,8_gaussians
12,2000,DSIVI,0.2,0.15536737950765445,361803816,12,hmc_chain,seed49_dsivi_8_gaussians,25.617021647840737,49,8_gaussians
13,2000,DSIVI,0.2,0.09626298291216341,361803816,13,hmc_chain,seed49_dsivi_8_gaussians,25.617021647840737,49,8_gaussians
14,2000,DSIVI,0.2,0.06832571943732588,361803816,14,hmc_chain,seed49_dsivi_8_gaussians,25.617021647840737,49,8_gaussians
15,2000,DSIVI,0.2,0.12165251069029598,361803816,15,hmc_chain,seed49_dsivi_8_gaussians,25.617021647840737,49,8_gaussians
16,2000,DSIVI,0.2,0.08062685369587105,361803816,16,hmc_chain,seed49_dsivi_8_gaussians,25.617021647840737,49,8_gaussians
17,2000,DSIVI,0.2,0.11496604598221317,361803816,17,hmc_chain,seed49_dsivi_8_gaussians,25.617021647840737,49,8_gaussians
18,2000,DSIVI,0.2,0.17052204715670832,361803816,18,hmc_chain,seed49_dsivi_8_gaussians,25.617021647840737,49,8_gaussians
19,2000,DSIVI,0.2,0.2889904044285244,361803816,19,hmc_chain,seed49_dsivi_8_gaussians,25.617021647840737,49,8_gaussians
0,4000,DSIVI,0.4,0.15736134962360745,2051774423,0,hmc_chain,seed49_dsivi_8_gaussians,26.361184042692184,49,8_gaussians
1,4000,DSIVI,0.4,0.15122667014983074,2051774423,1,hmc_chain,seed49_dsivi_8_gaussians,26.361184042692184,49,8_gaussians
2,4000,DSIVI,0.4,0.10691426834067277,2051774423,2,hmc_chain,seed49_dsivi_8_gaussians,26.361184042692184,49,8_gaussians
3,4000,DSIVI,0.4,0.1419969916947884,2051774423,3,hmc_chain,seed49_dsivi_8_gaussians,26.361184042692184,49,8_gaussians
4,4000,DSIVI,0.4,0.0811750349014078,2051774423,4,hmc_chain,seed49_dsivi_8_gaussians,26.361184042692184,49,8_gaussians
5,4000,DSIVI,0.4,0.20768682156735926,2051774423,5,hmc_chain,seed49_dsivi_8_gaussians,26.361184042692184,49,8_gaussians
6,4000,DSIVI,0.4,0.16782842070478782,2051774423,6,hmc_chain,seed49_dsivi_8_gaussians,26.361184042692184,49,8_gaussians
7,4000,DSIVI,0.4,0.10530406362623579,2051774423,7,hmc_chain,seed49_dsivi_8_gaussians,26.361184042692184,49,8_gaussians
8,4000,DSIVI,0.4,0.15025752237447954,2051774423,8,hmc_chain,seed49_dsivi_8_gaussians,26.361184042692184,49,8_gaussians
9,4000,DSIVI,0.4,0.10308697677345922,2051774423,9,hmc_chain,seed49_dsivi_8_gaussians,26.361184042692184,49,8_gaussians
10,4000,DSIVI,0.4,0.10106047246113722,2051774423,10,hmc_chain,seed49_dsivi_8_gaussians,26.361184042692184,49,8_gaussians
11,4000,DSIVI,0.4,0.10783092237197676,2051774423,11,hmc_chain,seed49_dsivi_8_gaussians,26.361184042692184,49,8_gaussians
12,4000,DSIVI,0.4,0.17935568441531052,2051774423,12,hmc_chain,seed49_dsivi_8_gaussians,26.361184042692184,49,8_gaussians
13,4000,DSIVI,0.4,0.13778194711486103,2051774423,13,hmc_chain,seed49_dsivi_8_gaussians,26.361184042692184,49,8_gaussians
14,4000,DSIVI,0.4,0.17351718965878662,2051774423,14,hmc_chain,seed49_dsivi_8_gaussians,26.361184042692184,49,8_gaussians
15,4000,DSIVI,0.4,0.09297994995862734,2051774423,15,hmc_chain,seed49_dsivi_8_gaussians,26.361184042692184,49,8_gaussians
16,4000,DSIVI,0.4,0.13995825474895368,2051774423,16,hmc_chain,seed49_dsivi_8_gaussians,26.361184042692184,49,8_gaussians
17,4000,DSIVI,0.4,0.11518020951924576,2051774423,17,hmc_chain,seed49_dsivi_8_gaussians,26.361184042692184,49,8_gaussians
18,4000,DSIVI,0.4,0.12677094597273025,2051774423,18,hmc_chain,seed49_dsivi_8_gaussians,26.361184042692184,49,8_gaussians
19,4000,DSIVI,0.4,0.11824203858053939,2051774423,19,hmc_chain,seed49_dsivi_8_gaussians,26.361184042692184,49,8_gaussians
0,6000,DSIVI,0.6,0.17723897646410164,2021479978,0,hmc_chain,seed49_dsivi_8_gaussians,26.30026679709554,49,8_gaussians
1,6000,DSIVI,0.6,0.22747731500579002,2021479978,1,hmc_chain,seed49_dsivi_8_gaussians,26.30026679709554,49,8_gaussians
2,6000,DSIVI,0.6,0.14851327440124978,2021479978,2,hmc_chain,seed49_dsivi_8_gaussians,26.30026679709554,49,8_gaussians
3,6000,DSIVI,0.6,0.18162273343300006,2021479978,3,hmc_chain,seed49_dsivi_8_gaussians,26.30026679709554,49,8_gaussians
4,6000,DSIVI,0.6,0.2292662507417245,2021479978,4,hmc_chain,seed49_dsivi_8_gaussians,26.30026679709554,49,8_gaussians
5,6000,DSIVI,0.6,0.1718244291497598,2021479978,5,hmc_chain,seed49_dsivi_8_gaussians,26.30026679709554,49,8_gaussians
6,6000,DSIVI,0.6,0.22255899282431665,2021479978,6,hmc_chain,seed49_dsivi_8_gaussians,26.30026679709554,49,8_gaussians
7,6000,DSIVI,0.6,0.1693276837658921,2021479978,7,hmc_chain,seed49_dsivi_8_gaussians,26.30026679709554,49,8_gaussians
8,6000,DSIVI,0.6,0.2265054316976976,2021479978,8,hmc_chain,seed49_dsivi_8_gaussians,26.30026679709554,49,8_gaussians
9,6000,DSIVI,0.6,0.19205299249623423,2021479978,9,hmc_chain,seed49_dsivi_8_gaussians,26.30026679709554,49,8_gaussians
10,6000,DSIVI,0.6,0.3145298051700315,2021479978,10,hmc_chain,seed49_dsivi_8_gaussians,26.30026679709554,49,8_gaussians
11,6000,DSIVI,0.6,0.26133139528280247,2021479978,11,hmc_chain,seed49_dsivi_8_gaussians,26.30026679709554,49,8_gaussians
12,6000,DSIVI,0.6,0.315100940127226,2021479978,12,hmc_chain,seed49_dsivi_8_gaussians,26.30026679709554,49,8_gaussians
13,6000,DSIVI,0.6,0.1928241534902201,2021479978,13,hmc_chain,seed49_dsivi_8_gaussians,26.30026679709554,49,8_gaussians
14,6000,DSIVI,0.6,0.18823168295529075,2021479978,14,hmc_chain,seed49_dsivi_8_gaussians,26.30026679709554,49,8_gaussians
15,6000,DSIVI,0.6,0.21450924814751787,2021479978,15,hmc_chain,seed49_dsivi_8_gaussians,26.30026679709554,49,8_gaussians
16,6000,DSIVI,0.6,0.20305026760862255,2021479978,16,hmc_chain,seed49_dsivi_8_gaussians,26.30026679709554,49,8_gaussians
17,6000,DSIVI,0.6,0.19353862607746702,2021479978,17,hmc_chain,seed49_dsivi_8_gaussians,26.30026679709554,49,8_gaussians
18,6000,DSIVI,0.6,0.19758709733609853,2021479978,18,hmc_chain,seed49_dsivi_8_gaussians,26.30026679709554,49,8_gaussians
19,6000,DSIVI,0.6,0.19157633775993405,2021479978,19,hmc_chain,seed49_dsivi_8_gaussians,26.30026679709554,49,8_gaussians
0,8000,DSIVI,0.8,0.2798882415205362,1425261176,0,hmc_chain,seed49_dsivi_8_gaussians,25.397243931144477,49,8_gaussians
1,8000,DSIVI,0.8,0.2688300821348705,1425261176,1,hmc_chain,seed49_dsivi_8_gaussians,25.397243931144477,49,8_gaussians
2,8000,DSIVI,0.8,0.23537726075469934,1425261176,2,hmc_chain,seed49_dsivi_8_gaussians,25.397243931144477,49,8_gaussians
3,8000,DSIVI,0.8,0.23264135138524025,1425261176,3,hmc_chain,seed49_dsivi_8_gaussians,25.397243931144477,49,8_gaussians
4,8000,DSIVI,0.8,0.2116783947247957,1425261176,4,hmc_chain,seed49_dsivi_8_gaussians,25.397243931144477,49,8_gaussians
5,8000,DSIVI,0.8,0.323413928639645,1425261176,5,hmc_chain,seed49_dsivi_8_gaussians,25.397243931144477,49,8_gaussians
6,8000,DSIVI,0.8,0.2116171622978146,1425261176,6,hmc_chain,seed49_dsivi_8_gaussians,25.397243931144477,49,8_gaussians
7,8000,DSIVI,0.8,0.26245572039546217,1425261176,7,hmc_chain,seed49_dsivi_8_gaussians,25.397243931144477,49,8_gaussians
8,8000,DSIVI,0.8,0.25686993587778006,1425261176,8,hmc_chain,seed49_dsivi_8_gaussians,25.397243931144477,49,8_gaussians
9,8000,DSIVI,0.8,0.23378825482758275,1425261176,9,hmc_chain,seed49_dsivi_8_gaussians,25.397243931144477,49,8_gaussians
10,8000,DSIVI,0.8,0.3456535420720632,1425261176,10,hmc_chain,seed49_dsivi_8_gaussians,25.397243931144477,49,8_gaussians
11,8000,DSIVI,0.8,0.2505184841593484,1425261176,11,hmc_chain,seed49_dsivi_8_gaussians,25.397243931144477,49,8_gaussians
12,8000,DSIVI,0.8,0.20150062640391145,1425261176,12,hmc_chain,seed49_dsivi_8_gaussians,25.397243931144477,49,8_gaussians
13,8000,DSIVI,0.8,0.38079853026440613,1425261176,13,hmc_chain,seed49_dsivi_8_gaussians,25.397243931144477,49,8_gaussians
14,8000,DSIVI,0.8,0.21073643862047728,1425261176,14,hmc_chain,seed49_dsivi_8_gaussians,25.397243931144477,49,8_gaussians
15,8000,DSIVI,0.8,0.23943681974860903,1425261176,15,hmc_chain,seed49_dsivi_8_gaussians,25.397243931144477,49,8_gaussians
16,8000,DSIVI,0.8,0.2907022120244389,1425261176,16,hmc_chain,seed49_dsivi_8_gaussians,25.397243931144477,49,8_gaussians
17,8000,DSIVI,0.8,0.2229991303911502,1425261176,17,hmc_chain,seed49_dsivi_8_gaussians,25.397243931144477,49,8_gaussians
18,8000,DSIVI,0.8,0.3358011411481515,1425261176,18,hmc_chain,seed49_dsivi_8_gaussians,25.397243931144477,49,8_gaussians
19,8000,DSIVI,0.8,0.3065103569328811,1425261176,19,hmc_chain,seed49_dsivi_8_gaussians,25.397243931144477,49,8_gaussians
0,10000,DSIVI,1.0,0.2090229360829179,829397908,0,hmc_chain,seed49_dsivi_8_gaussians,24.80040237531066,49,8_gaussians
1,10000,DSIVI,1.0,0.2639155780151894,829397908,1,hmc_chain,seed49_dsivi_8_gaussians,24.80040237531066,49,8_gaussians
2,10000,DSIVI,1.0,0.2618125097476516,829397908,2,hmc_chain,seed49_dsivi_8_gaussians,24.80040237531066,49,8_gaussians
3,10000,DSIVI,1.0,0.33793234321318655,829397908,3,hmc_chain,seed49_dsivi_8_gaussians,24.80040237531066,49,8_gaussians
4,10000,DSIVI,1.0,0.2591332330036948,829397908,4,hmc_chain,seed49_dsivi_8_gaussians,24.80040237531066,49,8_gaussians
5,10000,DSIVI,1.0,0.1876991635934743,829397908,5,hmc_chain,seed49_dsivi_8_gaussians,24.80040237531066,49,8_gaussians
6,10000,DSIVI,1.0,0.21884383169865906,829397908,6,hmc_chain,seed49_dsivi_8_gaussians,24.80040237531066,49,8_gaussians
7,10000,DSIVI,1.0,0.3623970132543226,829397908,7,hmc_chain,seed49_dsivi_8_gaussians,24.80040237531066,49,8_gaussians
8,10000,DSIVI,1.0,0.25778227218099503,829397908,8,hmc_chain,seed49_dsivi_8_gaussians,24.80040237531066,49,8_gaussians
9,10000,DSIVI,1.0,0.3157936130159258,829397908,9,hmc_chain,seed49_dsivi_8_gaussians,24.80040237531066,49,8_gaussians
10,10000,DSIVI,1.0,0.2581310548023527,829397908,10,hmc_chain,seed49_dsivi_8_gaussians,24.80040237531066,49,8_gaussians
11,10000,DSIVI,1.0,0.25269454207933817,829397908,11,hmc_chain,seed49_dsivi_8_gaussians,24.80040237531066,49,8_gaussians
12,10000,DSIVI,1.0,0.3985758115473106,829397908,12,hmc_chain,seed49_dsivi_8_gaussians,24.80040237531066,49,8_gaussians
13,10000,DSIVI,1.0,0.2713509262132144,829397908,13,hmc_chain,seed49_dsivi_8_gaussians,24.80040237531066,49,8_gaussians
14,10000,DSIVI,1.0,0.20163815032512766,829397908,14,hmc_chain,seed49_dsivi_8_gaussians,24.80040237531066,49,8_gaussians
15,10000,DSIVI,1.0,0.21296035285535136,829397908,15,hmc_chain,seed49_dsivi_8_gaussians,24.80040237531066,49,8_gaussians
16,10000,DSIVI,1.0,0.31804940996041686,829397908,16,hmc_chain,seed49_dsivi_8_gaussians,24.80040237531066,49,8_gaussians
17,10000,DSIVI,1.0,0.3093946270432101,829397908,17,hmc_chain,seed49_dsivi_8_gaussians,24.80040237531066,49,8_gaussians
18,10000,DSIVI,1.0,0.3430102250592798,829397908,18,hmc_chain,seed49_dsivi_8_gaussians,24.80040237531066,49,8_gaussians
19,10000,DSIVI,1.0,0.2178941144357341,829397908,19,hmc_chain,seed49_dsivi_8_gaussians,24.80040237531066,49,8_gaussians
0,2000,DSIVI,0.2,0.049579196796859015,1550801229,0,hmc_chain,seed50_dsivi_8_gaussians,28.88137473538518,50,8_gaussians
1,2000,DSIVI,0.2,0.07410911254933089,1550801229,1,hmc_chain,seed50_dsivi_8_gaussians,28.88137473538518,50,8_gaussians
2,2000,DSIVI,0.2,0.06728276869885527,1550801229,2,hmc_chain,seed50_dsivi_8_gaussians,28.88137473538518,50,8_gaussians
3,2000,DSIVI,0.2,0.05430056095911487,1550801229,3,hmc_chain,seed50_dsivi_8_gaussians,28.88137473538518,50,8_gaussians
4,2000,DSIVI,0.2,0.06559483852028611,1550801229,4,hmc_chain,seed50_dsivi_8_gaussians,28.88137473538518,50,8_gaussians
5,2000,DSIVI,0.2,0.061207521218885313,1550801229,5,hmc_chain,seed50_dsivi_8_gaussians,28.88137473538518,50,8_gaussians
6,2000,DSIVI,0.2,0.06059426883762287,1550801229,6,hmc_chain,seed50_dsivi_8_gaussians,28.88137473538518,50,8_gaussians
7,2000,DSIVI,0.2,0.04603430710970802,1550801229,7,hmc_chain,seed50_dsivi_8_gaussians,28.88137473538518,50,8_gaussians
8,2000,DSIVI,0.2,0.04734851826363758,1550801229,8,hmc_chain,seed50_dsivi_8_gaussians,28.88137473538518,50,8_gaussians
9,2000,DSIVI,0.2,0.042991551333127515,1550801229,9,hmc_chain,seed50_dsivi_8_gaussians,28.88137473538518,50,8_gaussians
10,2000,DSIVI,0.2,0.07292157792445861,1550801229,10,hmc_chain,seed50_dsivi_8_gaussians,28.88137473538518,50,8_gaussians
11,2000,DSIVI,0.2,0.05534500106343439,1550801229,11,hmc_chain,seed50_dsivi_8_gaussians,28.88137473538518,50,8_gaussians
12,2000,DSIVI,0.2,0.10366000355299151,1550801229,12,hmc_chain,seed50_dsivi_8_gaussians,28.88137473538518,50,8_gaussians
13,2000,DSIVI,0.2,0.05659682612134159,1550801229,13,hmc_chain,seed50_dsivi_8_gaussians,28.88137473538518,50,8_gaussians
14,2000,DSIVI,0.2,0.03602451777494929,1550801229,14,hmc_chain,seed50_dsivi_8_gaussians,28.88137473538518,50,8_gaussians
15,2000,DSIVI,0.2,0.048476570472960084,1550801229,15,hmc_chain,seed50_dsivi_8_gaussians,28.88137473538518,50,8_gaussians
16,2000,DSIVI,0.2,0.047616978908973845,1550801229,16,hmc_chain,seed50_dsivi_8_gaussians,28.88137473538518,50,8_gaussians
17,2000,DSIVI,0.2,0.04315415826134743,1550801229,17,hmc_chain,seed50_dsivi_8_gaussians,28.88137473538518,50,8_gaussians
18,2000,DSIVI,0.2,0.06380340618204632,1550801229,18,hmc_chain,seed50_dsivi_8_gaussians,28.88137473538518,50,8_gaussians
19,2000,DSIVI,0.2,0.04118854124526976,1550801229,19,hmc_chain,seed50_dsivi_8_gaussians,28.88137473538518,50,8_gaussians
0,4000,DSIVI,0.4,0.2540927226732085,1286014382,0,hmc_chain,seed50_dsivi_8_gaussians,29.09259285889566,50,8_gaussians
1,4000,DSIVI,0.4,0.3190544504950709,1286014382,1,hmc_chain,seed50_dsivi_8_gaussians,29.09259285889566,50,8_gaussians
2,4000,DSIVI,0.4,0.284423051075492,1286014382,2,hmc_chain,seed50_dsivi_8_gaussians,29.09259285889566,50,8_gaussians
3,4000,DSIVI,0.4,0.32202978351721906,1286014382,3,hmc_chain,seed50_dsivi_8_gaussians,29.09259285889566,50,8_gaussians
4,4000,DSIVI,0.4,0.23952670347302102,1286014382,4,hmc_chain,seed50_dsivi_8_gaussians,29.09259285889566,50,8_gaussians
5,4000,DSIVI,0.4,0.34181811428060327,1286014382,5,hmc_chain,seed50_dsivi_8_gaussians,29.09259285889566,50,8_gaussians
6,4000,DSIVI,0.4,0.2639816578976192,1286014382,6,hmc_chain,seed50_dsivi_8_gaussians,29.09259285889566,50,8_gaussians
7,4000,DSIVI,0.4,0.3048783746658965,1286014382,7,hmc_chain,seed50_dsivi_8_gaussians,29.09259285889566,50,8_gaussians
8,4000,DSIVI,0.4,0.3764727377399716,1286014382,8,hmc_chain,seed50_dsivi_8_gaussians,29.09259285889566,50,8_gaussians
9,4000,DSIVI,0.4,0.2690937804250867,1286014382,9,hmc_chain,seed50_dsivi_8_gaussians,29.09259285889566,50,8_gaussians
10,4000,DSIVI,0.4,0.3513717295248672,1286014382,10,hmc_chain,seed50_dsivi_8_gaussians,29.09259285889566,50,8_gaussians
11,4000,DSIVI,0.4,0.4027731700144298,1286014382,11,hmc_chain,seed50_dsivi_8_gaussians,29.09259285889566,50,8_gaussians
12,4000,DSIVI,0.4,0.44319595464531364,1286014382,12,hmc_chain,seed50_dsivi_8_gaussians,29.09259285889566,50,8_gaussians
13,4000,DSIVI,0.4,0.2505620762922267,1286014382,13,hmc_chain,seed50_dsivi_8_gaussians,29.09259285889566,50,8_gaussians
14,4000,DSIVI,0.4,0.27961575676810907,1286014382,14,hmc_chain,seed50_dsivi_8_gaussians,29.09259285889566,50,8_gaussians
15,4000,DSIVI,0.4,0.3489733169646779,1286014382,15,hmc_chain,seed50_dsivi_8_gaussians,29.09259285889566,50,8_gaussians
16,4000,DSIVI,0.4,0.2898392262388957,1286014382,16,hmc_chain,seed50_dsivi_8_gaussians,29.09259285889566,50,8_gaussians
17,4000,DSIVI,0.4,0.24858109279356136,1286014382,17,hmc_chain,seed50_dsivi_8_gaussians,29.09259285889566,50,8_gaussians
18,4000,DSIVI,0.4,0.2699981088165544,1286014382,18,hmc_chain,seed50_dsivi_8_gaussians,29.09259285889566,50,8_gaussians
19,4000,DSIVI,0.4,0.3346041660515824,1286014382,19,hmc_chain,seed50_dsivi_8_gaussians,29.09259285889566,50,8_gaussians
0,6000,DSIVI,0.6,0.32431643378328634,898943028,0,hmc_chain,seed50_dsivi_8_gaussians,28.944916682317853,50,8_gaussians
1,6000,DSIVI,0.6,0.3119071830425468,898943028,1,hmc_chain,seed50_dsivi_8_gaussians,28.944916682317853,50,8_gaussians
2,6000,DSIVI,0.6,0.9224191160316693,898943028,2,hmc_chain,seed50_dsivi_8_gaussians,28.944916682317853,50,8_gaussians
3,6000,DSIVI,0.6,0.2776645997783257,898943028,3,hmc_chain,seed50_dsivi_8_gaussians,28.944916682317853,50,8_gaussians
4,6000,DSIVI,0.6,0.3365873198916753,898943028,4,hmc_chain,seed50_dsivi_8_gaussians,28.944916682317853,50,8_gaussians
5,6000,DSIVI,0.6,0.27699850170632107,898943028,5,hmc_chain,seed50_dsivi_8_gaussians,28.944916682317853,50,8_gaussians
6,6000,DSIVI,0.6,0.3577132127610858,898943028,6,hmc_chain,seed50_dsivi_8_gaussians,28.944916682317853,50,8_gaussians
7,6000,DSIVI,0.6,0.2710980662581856,898943028,7,hmc_chain,seed50_dsivi_8_gaussians,28.944916682317853,50,8_gaussians
8,6000,DSIVI,0.6,0.315409824924124,898943028,8,hmc_chain,seed50_dsivi_8_gaussians,28.944916682317853,50,8_gaussians
9,6000,DSIVI,0.6,0.37869095810268044,898943028,9,hmc_chain,seed50_dsivi_8_gaussians,28.944916682317853,50,8_gaussians
10,6000,DSIVI,0.6,0.6838068151682317,898943028,10,hmc_chain,seed50_dsivi_8_gaussians,28.944916682317853,50,8_gaussians
11,6000,DSIVI,0.6,0.33646724396654937,898943028,11,hmc_chain,seed50_dsivi_8_gaussians,28.944916682317853,50,8_gaussians
12,6000,DSIVI,0.6,0.31947880751155716,898943028,12,hmc_chain,seed50_dsivi_8_gaussians,28.944916682317853,50,8_gaussians
13,6000,DSIVI,0.6,0.2813417313724005,898943028,13,hmc_chain,seed50_dsivi_8_gaussians,28.944916682317853,50,8_gaussians
14,6000,DSIVI,0.6,0.387051306273704,898943028,14,hmc_chain,seed50_dsivi_8_gaussians,28.944916682317853,50,8_gaussians
15,6000,DSIVI,0.6,0.3256093663351175,898943028,15,hmc_chain,seed50_dsivi_8_gaussians,28.944916682317853,50,8_gaussians
16,6000,DSIVI,0.6,0.306176380266084,898943028,16,hmc_chain,seed50_dsivi_8_gaussians,28.944916682317853,50,8_gaussians
17,6000,DSIVI,0.6,0.3887036327932534,898943028,17,hmc_chain,seed50_dsivi_8_gaussians,28.944916682317853,50,8_gaussians
18,6000,DSIVI,0.6,0.3090884968763327,898943028,18,hmc_chain,seed50_dsivi_8_gaussians,28.944916682317853,50,8_gaussians
19,6000,DSIVI,0.6,0.23119857720969145,898943028,19,hmc_chain,seed50_dsivi_8_gaussians,28.944916682317853,50,8_gaussians
0,8000,DSIVI,0.8,0.4203006304423238,165491921,0,hmc_chain,seed50_dsivi_8_gaussians,28.07258381433785,50,8_gaussians
1,8000,DSIVI,0.8,0.5443647561522487,165491921,1,hmc_chain,seed50_dsivi_8_gaussians,28.07258381433785,50,8_gaussians
2,8000,DSIVI,0.8,0.5903756980411281,165491921,2,hmc_chain,seed50_dsivi_8_gaussians,28.07258381433785,50,8_gaussians
3,8000,DSIVI,0.8,0.5534066151945042,165491921,3,hmc_chain,seed50_dsivi_8_gaussians,28.07258381433785,50,8_gaussians
4,8000,DSIVI,0.8,0.5176683662082321,165491921,4,hmc_chain,seed50_dsivi_8_gaussians,28.07258381433785,50,8_gaussians
5,8000,DSIVI,0.8,0.39197790152260475,165491921,5,hmc_chain,seed50_dsivi_8_gaussians,28.07258381433785,50,8_gaussians
6,8000,DSIVI,0.8,0.337864290591669,165491921,6,hmc_chain,seed50_dsivi_8_gaussians,28.07258381433785,50,8_gaussians
7,8000,DSIVI,0.8,0.4297120996410123,165491921,7,hmc_chain,seed50_dsivi_8_gaussians,28.07258381433785,50,8_gaussians
8,8000,DSIVI,0.8,0.41898045982560694,165491921,8,hmc_chain,seed50_dsivi_8_gaussians,28.07258381433785,50,8_gaussians
9,8000,DSIVI,0.8,0.6085204998056811,165491921,9,hmc_chain,seed50_dsivi_8_gaussians,28.07258381433785,50,8_gaussians
10,8000,DSIVI,0.8,0.36164768897276395,165491921,10,hmc_chain,seed50_dsivi_8_gaussians,28.07258381433785,50,8_gaussians
11,8000,DSIVI,0.8,0.33727697227820125,165491921,11,hmc_chain,seed50_dsivi_8_gaussians,28.07258381433785,50,8_gaussians
12,8000,DSIVI,0.8,0.3569071457549725,165491921,12,hmc_chain,seed50_dsivi_8_gaussians,28.07258381433785,50,8_gaussians
13,8000,DSIVI,0.8,0.43621399024800966,165491921,13,hmc_chain,seed50_dsivi_8_gaussians,28.07258381433785,50,8_gaussians
14,8000,DSIVI,0.8,0.4134702972996779,165491921,14,hmc_chain,seed50_dsivi_8_gaussians,28.07258381433785,50,8_gaussians
15,8000,DSIVI,0.8,0.6582785377757987,165491921,15,hmc_chain,seed50_dsivi_8_gaussians,28.07258381433785,50,8_gaussians
16,8000,DSIVI,0.8,0.3798471817446436,165491921,16,hmc_chain,seed50_dsivi_8_gaussians,28.07258381433785,50,8_gaussians
17,8000,DSIVI,0.8,0.5016126238404331,165491921,17,hmc_chain,seed50_dsivi_8_gaussians,28.07258381433785,50,8_gaussians
18,8000,DSIVI,0.8,0.4366492164852773,165491921,18,hmc_chain,seed50_dsivi_8_gaussians,28.07258381433785,50,8_gaussians
19,8000,DSIVI,0.8,0.3370193503092296,165491921,19,hmc_chain,seed50_dsivi_8_gaussians,28.07258381433785,50,8_gaussians
0,10000,DSIVI,1.0,0.3345698294481047,1889072140,0,hmc_chain,seed50_dsivi_8_gaussians,28.051901886984705,50,8_gaussians
1,10000,DSIVI,1.0,0.42826706231607725,1889072140,1,hmc_chain,seed50_dsivi_8_gaussians,28.051901886984705,50,8_gaussians
2,10000,DSIVI,1.0,0.41543853529444186,1889072140,2,hmc_chain,seed50_dsivi_8_gaussians,28.051901886984705,50,8_gaussians
3,10000,DSIVI,1.0,0.4459647600992476,1889072140,3,hmc_chain,seed50_dsivi_8_gaussians,28.051901886984705,50,8_gaussians
4,10000,DSIVI,1.0,0.4284149478666087,1889072140,4,hmc_chain,seed50_dsivi_8_gaussians,28.051901886984705,50,8_gaussians
5,10000,DSIVI,1.0,0.40393220642089844,1889072140,5,hmc_chain,seed50_dsivi_8_gaussians,28.051901886984705,50,8_gaussians
6,10000,DSIVI,1.0,0.3328548360446246,1889072140,6,hmc_chain,seed50_dsivi_8_gaussians,28.051901886984705,50,8_gaussians
7,10000,DSIVI,1.0,0.4302157551077769,1889072140,7,hmc_chain,seed50_dsivi_8_gaussians,28.051901886984705,50,8_gaussians
8,10000,DSIVI,1.0,0.4395857963566576,1889072140,8,hmc_chain,seed50_dsivi_8_gaussians,28.051901886984705,50,8_gaussians
9,10000,DSIVI,1.0,0.4146177582477676,1889072140,9,hmc_chain,seed50_dsivi_8_gaussians,28.051901886984705,50,8_gaussians
10,10000,DSIVI,1.0,0.3565587857805147,1889072140,10,hmc_chain,seed50_dsivi_8_gaussians,28.051901886984705,50,8_gaussians
11,10000,DSIVI,1.0,0.41675179970888404,1889072140,11,hmc_chain,seed50_dsivi_8_gaussians,28.051901886984705,50,8_gaussians
12,10000,DSIVI,1.0,0.4843087388322578,1889072140,12,hmc_chain,seed50_dsivi_8_gaussians,28.051901886984705,50,8_gaussians
13,10000,DSIVI,1.0,0.5867191480582035,1889072140,13,hmc_chain,seed50_dsivi_8_gaussians,28.051901886984705,50,8_gaussians
14,10000,DSIVI,1.0,0.4028242788279187,1889072140,14,hmc_chain,seed50_dsivi_8_gaussians,28.051901886984705,50,8_gaussians
15,10000,DSIVI,1.0,0.5488774586095135,1889072140,15,hmc_chain,seed50_dsivi_8_gaussians,28.051901886984705,50,8_gaussians
16,10000,DSIVI,1.0,0.35380015756957933,1889072140,16,hmc_chain,seed50_dsivi_8_gaussians,28.051901886984705,50,8_gaussians
17,10000,DSIVI,1.0,0.4196361311919947,1889072140,17,hmc_chain,seed50_dsivi_8_gaussians,28.051901886984705,50,8_gaussians
18,10000,DSIVI,1.0,0.38436421267349075,1889072140,18,hmc_chain,seed50_dsivi_8_gaussians,28.051901886984705,50,8_gaussians
19,10000,DSIVI,1.0,0.4059618570146222,1889072140,19,hmc_chain,seed50_dsivi_8_gaussians,28.051901886984705,50,8_gaussians
