2026-03-28 22:25:15 | INFO | sivi:base_runner.py:074| __init__ | Artifacts will be saved to: results/AISIVI/multimodal/20260328_222515
2026-03-28 22:25:15 | WARNING | sivi:base_runner.py:261| _load_baseline_samples | baseline_path not found, using default: baselines/hmc/multimodal.pt
2026-03-28 22:25:15 | INFO | sivi:base_runner.py:268| _load_baseline_samples | Loaded baseline samples from baselines/hmc/multimodal.pt, shape: torch.Size([100000, 2])
2026-03-28 22:25:15 | INFO | sivi:base_runner.py:123| __init__ | VI model type: ConditionalGaussian
2026-03-28 22:25:15 | WARNING | sivi:base_runner.py:127| __init__ | 'vi_model_config_path' not found in main_config; using default: configs/vi_models/ConditionalGaussian.yaml
2026-03-28 22:25:15 | INFO | sivi:base_runner.py:132| __init__ | Using VI model config path: configs/vi_models/ConditionalGaussian.yaml
2026-03-28 22:25:16 | INFO | sivi:base_reverse_runner.py:036| __init__ | Reverse model type: ConditionalRealNVP
2026-03-28 22:25:16 | WARNING | sivi:base_reverse_runner.py:040| __init__ | 'reverse_model_config_path' not found in main_config; using default: configs/reverse_models/ConditionalRealNVP.yaml
2026-03-28 22:25:16 | INFO | sivi:base_reverse_runner.py:045| __init__ | Using reverse model config path: configs/reverse_models/ConditionalRealNVP.yaml
2026-03-28 22:25:16 | INFO | sivi:base_reverse_runner.py:123| __init__ | Using reverse scheduler StepLR(step_size=2000, gamma=0.1).
2026-03-28 22:25:16 | INFO | sivi:base_runner.py:247| log_config | Saved full configuration to results/AISIVI/multimodal/20260328_222515/full_config.yaml.
2026-03-28 22:25:16 | INFO | sivi:base_reverse_runner.py:407| warmup | Starting reverse model warmup...
2026-03-28 22:25:16 | DEBUG | sivi:base_reverse_runner.py:376| _warmup_log_func | Warmup Epoch 10, KL Divergence: 0.0206
2026-03-28 22:25:16 | DEBUG | sivi:base_reverse_runner.py:382| _warmup_log_func | Warmup Epoch 10, W2 Dist: 0.0737
2026-03-28 22:25:17 | DEBUG | sivi:base_reverse_runner.py:376| _warmup_log_func | Warmup Epoch 20, KL Divergence: 0.0054
2026-03-28 22:25:17 | DEBUG | sivi:base_reverse_runner.py:382| _warmup_log_func | Warmup Epoch 20, W2 Dist: 0.0378
2026-03-28 22:25:17 | DEBUG | sivi:base_reverse_runner.py:376| _warmup_log_func | Warmup Epoch 30, KL Divergence: 0.0022
2026-03-28 22:25:17 | DEBUG | sivi:base_reverse_runner.py:382| _warmup_log_func | Warmup Epoch 30, W2 Dist: 0.0246
2026-03-28 22:25:17 | DEBUG | sivi:base_reverse_runner.py:376| _warmup_log_func | Warmup Epoch 40, KL Divergence: -0.0057
2026-03-28 22:25:17 | DEBUG | sivi:base_reverse_runner.py:382| _warmup_log_func | Warmup Epoch 40, W2 Dist: 0.0312
2026-03-28 22:25:18 | DEBUG | sivi:base_reverse_runner.py:376| _warmup_log_func | Warmup Epoch 50, KL Divergence: -0.0017
2026-03-28 22:25:18 | DEBUG | sivi:base_reverse_runner.py:382| _warmup_log_func | Warmup Epoch 50, W2 Dist: 0.0333
2026-03-28 22:25:18 | DEBUG | sivi:base_reverse_runner.py:376| _warmup_log_func | Warmup Epoch 60, KL Divergence: 0.0140
2026-03-28 22:25:18 | DEBUG | sivi:base_reverse_runner.py:382| _warmup_log_func | Warmup Epoch 60, W2 Dist: 0.0294
2026-03-28 22:25:19 | DEBUG | sivi:base_reverse_runner.py:376| _warmup_log_func | Warmup Epoch 70, KL Divergence: 0.0004
2026-03-28 22:25:19 | DEBUG | sivi:base_reverse_runner.py:382| _warmup_log_func | Warmup Epoch 70, W2 Dist: 0.0266
2026-03-28 22:25:19 | DEBUG | sivi:base_reverse_runner.py:376| _warmup_log_func | Warmup Epoch 80, KL Divergence: 0.0028
2026-03-28 22:25:19 | DEBUG | sivi:base_reverse_runner.py:382| _warmup_log_func | Warmup Epoch 80, W2 Dist: 0.0305
2026-03-28 22:25:20 | DEBUG | sivi:base_reverse_runner.py:376| _warmup_log_func | Warmup Epoch 90, KL Divergence: -0.0042
2026-03-28 22:25:20 | DEBUG | sivi:base_reverse_runner.py:382| _warmup_log_func | Warmup Epoch 90, W2 Dist: 0.0332
2026-03-28 22:25:20 | DEBUG | sivi:base_reverse_runner.py:376| _warmup_log_func | Warmup Epoch 100, KL Divergence: 0.0051
2026-03-28 22:25:20 | DEBUG | sivi:base_reverse_runner.py:382| _warmup_log_func | Warmup Epoch 100, W2 Dist: 0.0253
2026-03-28 22:25:20 | DEBUG | sivi:base_reverse_runner.py:392| _warmup_log_func | Warmup Epoch 100, Average Reverse Model Loss: 5.6768, Avg Step Time: 0.0406s, Avg Steps: 1.0000
2026-03-28 22:25:20 | DEBUG | sivi:base_reverse_runner.py:376| _warmup_log_func | Warmup Epoch 110, KL Divergence: -0.0083
2026-03-28 22:25:20 | DEBUG | sivi:base_reverse_runner.py:382| _warmup_log_func | Warmup Epoch 110, W2 Dist: 0.0261
2026-03-28 22:25:21 | DEBUG | sivi:base_reverse_runner.py:376| _warmup_log_func | Warmup Epoch 120, KL Divergence: 0.0137
2026-03-28 22:25:21 | DEBUG | sivi:base_reverse_runner.py:382| _warmup_log_func | Warmup Epoch 120, W2 Dist: 0.0259
2026-03-28 22:25:21 | DEBUG | sivi:base_reverse_runner.py:376| _warmup_log_func | Warmup Epoch 130, KL Divergence: -0.0081
2026-03-28 22:25:21 | DEBUG | sivi:base_reverse_runner.py:382| _warmup_log_func | Warmup Epoch 130, W2 Dist: 0.0297
2026-03-28 22:25:21 | DEBUG | sivi:base_reverse_runner.py:376| _warmup_log_func | Warmup Epoch 140, KL Divergence: -0.0081
2026-03-28 22:25:21 | DEBUG | sivi:base_reverse_runner.py:382| _warmup_log_func | Warmup Epoch 140, W2 Dist: 0.0312
2026-03-28 22:25:22 | DEBUG | sivi:base_reverse_runner.py:376| _warmup_log_func | Warmup Epoch 150, KL Divergence: -0.0082
2026-03-28 22:25:22 | DEBUG | sivi:base_reverse_runner.py:382| _warmup_log_func | Warmup Epoch 150, W2 Dist: 0.0287
2026-03-28 22:25:22 | DEBUG | sivi:base_reverse_runner.py:376| _warmup_log_func | Warmup Epoch 160, KL Divergence: 0.0005
2026-03-28 22:25:22 | DEBUG | sivi:base_reverse_runner.py:382| _warmup_log_func | Warmup Epoch 160, W2 Dist: 0.0284
2026-03-28 22:25:22 | DEBUG | sivi:base_reverse_runner.py:376| _warmup_log_func | Warmup Epoch 170, KL Divergence: -0.0035
2026-03-28 22:25:22 | DEBUG | sivi:base_reverse_runner.py:382| _warmup_log_func | Warmup Epoch 170, W2 Dist: 0.0352
2026-03-28 22:25:23 | DEBUG | sivi:base_reverse_runner.py:376| _warmup_log_func | Warmup Epoch 180, KL Divergence: -0.0126
2026-03-28 22:25:23 | DEBUG | sivi:base_reverse_runner.py:382| _warmup_log_func | Warmup Epoch 180, W2 Dist: 0.0303
2026-03-28 22:25:23 | DEBUG | sivi:base_reverse_runner.py:376| _warmup_log_func | Warmup Epoch 190, KL Divergence: 0.0031
2026-03-28 22:25:23 | DEBUG | sivi:base_reverse_runner.py:382| _warmup_log_func | Warmup Epoch 190, W2 Dist: 0.0402
2026-03-28 22:25:24 | DEBUG | sivi:base_reverse_runner.py:376| _warmup_log_func | Warmup Epoch 200, KL Divergence: -0.0083
2026-03-28 22:25:24 | DEBUG | sivi:base_reverse_runner.py:382| _warmup_log_func | Warmup Epoch 200, W2 Dist: 0.0265
2026-03-28 22:25:24 | DEBUG | sivi:base_reverse_runner.py:392| _warmup_log_func | Warmup Epoch 200, Average Reverse Model Loss: 5.6713, Avg Step Time: 0.0364s, Avg Steps: 2.0000
2026-03-28 22:25:24 | DEBUG | sivi:base_reverse_runner.py:376| _warmup_log_func | Warmup Epoch 210, KL Divergence: -0.0358
2026-03-28 22:25:24 | DEBUG | sivi:base_reverse_runner.py:382| _warmup_log_func | Warmup Epoch 210, W2 Dist: 0.0316
2026-03-28 22:25:24 | DEBUG | sivi:base_reverse_runner.py:376| _warmup_log_func | Warmup Epoch 220, KL Divergence: -0.0022
2026-03-28 22:25:24 | DEBUG | sivi:base_reverse_runner.py:382| _warmup_log_func | Warmup Epoch 220, W2 Dist: 0.0315
2026-03-28 22:25:25 | DEBUG | sivi:base_reverse_runner.py:376| _warmup_log_func | Warmup Epoch 230, KL Divergence: -0.0171
2026-03-28 22:25:25 | DEBUG | sivi:base_reverse_runner.py:382| _warmup_log_func | Warmup Epoch 230, W2 Dist: 0.0446
2026-03-28 22:25:25 | DEBUG | sivi:base_reverse_runner.py:376| _warmup_log_func | Warmup Epoch 240, KL Divergence: 0.0083
2026-03-28 22:25:25 | DEBUG | sivi:base_reverse_runner.py:382| _warmup_log_func | Warmup Epoch 240, W2 Dist: 0.0291
2026-03-28 22:25:25 | DEBUG | sivi:base_reverse_runner.py:376| _warmup_log_func | Warmup Epoch 250, KL Divergence: 0.0168
2026-03-28 22:25:25 | DEBUG | sivi:base_reverse_runner.py:382| _warmup_log_func | Warmup Epoch 250, W2 Dist: 0.0266
2026-03-28 22:25:26 | DEBUG | sivi:base_reverse_runner.py:376| _warmup_log_func | Warmup Epoch 260, KL Divergence: 0.0088
2026-03-28 22:25:26 | DEBUG | sivi:base_reverse_runner.py:382| _warmup_log_func | Warmup Epoch 260, W2 Dist: 0.0326
2026-03-28 22:25:26 | DEBUG | sivi:base_reverse_runner.py:376| _warmup_log_func | Warmup Epoch 270, KL Divergence: 0.0138
2026-03-28 22:25:26 | DEBUG | sivi:base_reverse_runner.py:382| _warmup_log_func | Warmup Epoch 270, W2 Dist: 0.0319
2026-03-28 22:25:26 | DEBUG | sivi:base_reverse_runner.py:376| _warmup_log_func | Warmup Epoch 280, KL Divergence: 0.0017
2026-03-28 22:25:26 | DEBUG | sivi:base_reverse_runner.py:382| _warmup_log_func | Warmup Epoch 280, W2 Dist: 0.0300
2026-03-28 22:25:27 | DEBUG | sivi:base_reverse_runner.py:376| _warmup_log_func | Warmup Epoch 290, KL Divergence: -0.0045
2026-03-28 22:25:27 | DEBUG | sivi:base_reverse_runner.py:382| _warmup_log_func | Warmup Epoch 290, W2 Dist: 0.0290
2026-03-28 22:25:27 | DEBUG | sivi:base_reverse_runner.py:376| _warmup_log_func | Warmup Epoch 300, KL Divergence: 0.0050
2026-03-28 22:25:27 | DEBUG | sivi:base_reverse_runner.py:382| _warmup_log_func | Warmup Epoch 300, W2 Dist: 0.0299
2026-03-28 22:25:27 | DEBUG | sivi:base_reverse_runner.py:392| _warmup_log_func | Warmup Epoch 300, Average Reverse Model Loss: 5.6743, Avg Step Time: 0.0345s, Avg Steps: 3.0000
2026-03-28 22:25:27 | DEBUG | sivi:base_reverse_runner.py:376| _warmup_log_func | Warmup Epoch 310, KL Divergence: -0.0064
2026-03-28 22:25:27 | DEBUG | sivi:base_reverse_runner.py:382| _warmup_log_func | Warmup Epoch 310, W2 Dist: 0.0314
2026-03-28 22:25:28 | DEBUG | sivi:base_reverse_runner.py:376| _warmup_log_func | Warmup Epoch 320, KL Divergence: 0.0091
2026-03-28 22:25:28 | DEBUG | sivi:base_reverse_runner.py:382| _warmup_log_func | Warmup Epoch 320, W2 Dist: 0.0251
2026-03-28 22:25:28 | DEBUG | sivi:base_reverse_runner.py:376| _warmup_log_func | Warmup Epoch 330, KL Divergence: 0.0160
2026-03-28 22:25:28 | DEBUG | sivi:base_reverse_runner.py:382| _warmup_log_func | Warmup Epoch 330, W2 Dist: 0.0349
2026-03-28 22:25:28 | DEBUG | sivi:base_reverse_runner.py:376| _warmup_log_func | Warmup Epoch 340, KL Divergence: -0.0078
2026-03-28 22:25:28 | DEBUG | sivi:base_reverse_runner.py:382| _warmup_log_func | Warmup Epoch 340, W2 Dist: 0.0396
2026-03-28 22:25:29 | DEBUG | sivi:base_reverse_runner.py:376| _warmup_log_func | Warmup Epoch 350, KL Divergence: -0.0066
2026-03-28 22:25:29 | DEBUG | sivi:base_reverse_runner.py:382| _warmup_log_func | Warmup Epoch 350, W2 Dist: 0.0273
2026-03-28 22:25:29 | DEBUG | sivi:base_reverse_runner.py:376| _warmup_log_func | Warmup Epoch 360, KL Divergence: 0.0027
2026-03-28 22:25:29 | DEBUG | sivi:base_reverse_runner.py:382| _warmup_log_func | Warmup Epoch 360, W2 Dist: 0.0275
2026-03-28 22:25:29 | DEBUG | sivi:base_reverse_runner.py:376| _warmup_log_func | Warmup Epoch 370, KL Divergence: 0.0077
2026-03-28 22:25:29 | DEBUG | sivi:base_reverse_runner.py:382| _warmup_log_func | Warmup Epoch 370, W2 Dist: 0.0402
2026-03-28 22:25:30 | DEBUG | sivi:base_reverse_runner.py:376| _warmup_log_func | Warmup Epoch 380, KL Divergence: -0.0077
2026-03-28 22:25:30 | DEBUG | sivi:base_reverse_runner.py:382| _warmup_log_func | Warmup Epoch 380, W2 Dist: 0.0310
2026-03-28 22:25:30 | DEBUG | sivi:base_reverse_runner.py:376| _warmup_log_func | Warmup Epoch 390, KL Divergence: 0.0065
2026-03-28 22:25:30 | DEBUG | sivi:base_reverse_runner.py:382| _warmup_log_func | Warmup Epoch 390, W2 Dist: 0.0310
2026-03-28 22:25:30 | DEBUG | sivi:base_reverse_runner.py:376| _warmup_log_func | Warmup Epoch 400, KL Divergence: 0.0065
2026-03-28 22:25:30 | DEBUG | sivi:base_reverse_runner.py:382| _warmup_log_func | Warmup Epoch 400, W2 Dist: 0.0268
2026-03-28 22:25:30 | DEBUG | sivi:base_reverse_runner.py:392| _warmup_log_func | Warmup Epoch 400, Average Reverse Model Loss: 5.6726, Avg Step Time: 0.0334s, Avg Steps: 4.0000
2026-03-28 22:25:31 | DEBUG | sivi:base_reverse_runner.py:376| _warmup_log_func | Warmup Epoch 410, KL Divergence: -0.0013
2026-03-28 22:25:31 | DEBUG | sivi:base_reverse_runner.py:382| _warmup_log_func | Warmup Epoch 410, W2 Dist: 0.0271
2026-03-28 22:25:31 | DEBUG | sivi:base_reverse_runner.py:376| _warmup_log_func | Warmup Epoch 420, KL Divergence: 0.0089
2026-03-28 22:25:31 | DEBUG | sivi:base_reverse_runner.py:382| _warmup_log_func | Warmup Epoch 420, W2 Dist: 0.0336
2026-03-28 22:25:31 | DEBUG | sivi:base_reverse_runner.py:376| _warmup_log_func | Warmup Epoch 430, KL Divergence: 0.0028
2026-03-28 22:25:31 | DEBUG | sivi:base_reverse_runner.py:382| _warmup_log_func | Warmup Epoch 430, W2 Dist: 0.0286
2026-03-28 22:25:32 | DEBUG | sivi:base_reverse_runner.py:376| _warmup_log_func | Warmup Epoch 440, KL Divergence: -0.0040
2026-03-28 22:25:32 | DEBUG | sivi:base_reverse_runner.py:382| _warmup_log_func | Warmup Epoch 440, W2 Dist: 0.0303
2026-03-28 22:25:32 | DEBUG | sivi:base_reverse_runner.py:376| _warmup_log_func | Warmup Epoch 450, KL Divergence: 0.0001
2026-03-28 22:25:32 | DEBUG | sivi:base_reverse_runner.py:382| _warmup_log_func | Warmup Epoch 450, W2 Dist: 0.0333
2026-03-28 22:25:32 | DEBUG | sivi:base_reverse_runner.py:376| _warmup_log_func | Warmup Epoch 460, KL Divergence: 0.0239
2026-03-28 22:25:33 | DEBUG | sivi:base_reverse_runner.py:382| _warmup_log_func | Warmup Epoch 460, W2 Dist: 0.0265
2026-03-28 22:25:33 | DEBUG | sivi:base_reverse_runner.py:376| _warmup_log_func | Warmup Epoch 470, KL Divergence: 0.0065
2026-03-28 22:25:33 | DEBUG | sivi:base_reverse_runner.py:382| _warmup_log_func | Warmup Epoch 470, W2 Dist: 0.0302
2026-03-28 22:25:33 | DEBUG | sivi:base_reverse_runner.py:376| _warmup_log_func | Warmup Epoch 480, KL Divergence: -0.0086
2026-03-28 22:25:33 | DEBUG | sivi:base_reverse_runner.py:382| _warmup_log_func | Warmup Epoch 480, W2 Dist: 0.0296
2026-03-28 22:25:34 | DEBUG | sivi:base_reverse_runner.py:376| _warmup_log_func | Warmup Epoch 490, KL Divergence: -0.0093
2026-03-28 22:25:34 | DEBUG | sivi:base_reverse_runner.py:382| _warmup_log_func | Warmup Epoch 490, W2 Dist: 0.0251
2026-03-28 22:25:34 | DEBUG | sivi:base_reverse_runner.py:376| _warmup_log_func | Warmup Epoch 500, KL Divergence: -0.0016
2026-03-28 22:25:34 | DEBUG | sivi:base_reverse_runner.py:382| _warmup_log_func | Warmup Epoch 500, W2 Dist: 0.0399
2026-03-28 22:25:34 | DEBUG | sivi:base_reverse_runner.py:392| _warmup_log_func | Warmup Epoch 500, Average Reverse Model Loss: 5.6721, Avg Step Time: 0.0360s, Avg Steps: 5.0000
2026-03-28 22:25:34 | INFO | sivi:base_reverse_runner.py:434| warmup | Warmup completed for 500 epochs. Total time: 18.101s, Avg epoch time: 0.036202s
2026-03-28 22:25:34 | DEBUG | sivi:base_runner.py:337| eval_kl_ite | Epoch 10, VI KL to baseline: 0.9302
2026-03-28 22:25:35 | DEBUG | sivi:base_reverse_runner.py:261| eval_kl_ite | Epoch 10, Reverse Model KL ITE: 0.0044
2026-03-28 22:25:35 | DEBUG | sivi:base_runner.py:347| eval_w2 | Epoch 10, VI W2 to baseline: 0.8140
2026-03-28 22:25:35 | DEBUG | sivi:base_reverse_runner.py:272| eval_w2 | Epoch 10, Reverse Model W2: 0.0349
2026-03-28 22:25:35 | DEBUG | sivi:base_runner.py:477| eval_elbo | Epoch 10, ELBO: -0.9661, Std Total: 1.0712, Std Q: nan, CI Half: 0.0939
2026-03-28 22:25:35 | DEBUG | sivi:base_runner.py:507| eval_ksd | Epoch 10, VI KSD: 0.1438
2026-03-28 22:25:35 | DEBUG | sivi:base_runner.py:337| eval_kl_ite | Epoch 20, VI KL to baseline: 0.7108
2026-03-28 22:25:35 | DEBUG | sivi:base_reverse_runner.py:261| eval_kl_ite | Epoch 20, Reverse Model KL ITE: 0.0232
2026-03-28 22:25:35 | DEBUG | sivi:base_runner.py:347| eval_w2 | Epoch 20, VI W2 to baseline: 0.6806
2026-03-28 22:25:35 | DEBUG | sivi:base_reverse_runner.py:272| eval_w2 | Epoch 20, Reverse Model W2: 0.0478
2026-03-28 22:25:35 | DEBUG | sivi:base_runner.py:477| eval_elbo | Epoch 20, ELBO: -0.6664, Std Total: 1.1121, Std Q: nan, CI Half: 0.0975
2026-03-28 22:25:35 | DEBUG | sivi:base_runner.py:507| eval_ksd | Epoch 20, VI KSD: 0.1087
2026-03-28 22:25:36 | DEBUG | sivi:base_runner.py:337| eval_kl_ite | Epoch 30, VI KL to baseline: 0.6748
2026-03-28 22:25:36 | DEBUG | sivi:base_reverse_runner.py:261| eval_kl_ite | Epoch 30, Reverse Model KL ITE: 0.0395
2026-03-28 22:25:36 | DEBUG | sivi:base_runner.py:347| eval_w2 | Epoch 30, VI W2 to baseline: 0.5538
2026-03-28 22:25:36 | DEBUG | sivi:base_reverse_runner.py:272| eval_w2 | Epoch 30, Reverse Model W2: 0.0679
2026-03-28 22:25:36 | DEBUG | sivi:base_runner.py:477| eval_elbo | Epoch 30, ELBO: -0.7584, Std Total: 1.4980, Std Q: nan, CI Half: 0.1313
2026-03-28 22:25:36 | DEBUG | sivi:base_runner.py:507| eval_ksd | Epoch 30, VI KSD: 0.0978
2026-03-28 22:25:36 | DEBUG | sivi:base_runner.py:337| eval_kl_ite | Epoch 40, VI KL to baseline: 0.8888
2026-03-28 22:25:36 | DEBUG | sivi:base_reverse_runner.py:261| eval_kl_ite | Epoch 40, Reverse Model KL ITE: 0.0182
2026-03-28 22:25:36 | DEBUG | sivi:base_runner.py:347| eval_w2 | Epoch 40, VI W2 to baseline: 0.6842
2026-03-28 22:25:36 | DEBUG | sivi:base_reverse_runner.py:272| eval_w2 | Epoch 40, Reverse Model W2: 0.0766
2026-03-28 22:25:36 | DEBUG | sivi:base_runner.py:477| eval_elbo | Epoch 40, ELBO: -1.3018, Std Total: 2.8159, Std Q: nan, CI Half: 0.2468
2026-03-28 22:25:36 | DEBUG | sivi:base_runner.py:507| eval_ksd | Epoch 40, VI KSD: 0.1142
2026-03-28 22:25:37 | DEBUG | sivi:base_runner.py:337| eval_kl_ite | Epoch 50, VI KL to baseline: 1.4551
2026-03-28 22:25:37 | DEBUG | sivi:base_reverse_runner.py:261| eval_kl_ite | Epoch 50, Reverse Model KL ITE: 0.0143
2026-03-28 22:25:37 | DEBUG | sivi:base_runner.py:347| eval_w2 | Epoch 50, VI W2 to baseline: 1.0543
2026-03-28 22:25:37 | DEBUG | sivi:base_reverse_runner.py:272| eval_w2 | Epoch 50, Reverse Model W2: 0.0676
2026-03-28 22:25:37 | DEBUG | sivi:base_runner.py:477| eval_elbo | Epoch 50, ELBO: -2.0168, Std Total: 4.5026, Std Q: nan, CI Half: 0.3947
2026-03-28 22:25:37 | DEBUG | sivi:base_runner.py:507| eval_ksd | Epoch 50, VI KSD: 0.1862
2026-03-28 22:25:37 | DEBUG | sivi:base_runner.py:337| eval_kl_ite | Epoch 60, VI KL to baseline: 2.1503
2026-03-28 22:25:37 | DEBUG | sivi:base_reverse_runner.py:261| eval_kl_ite | Epoch 60, Reverse Model KL ITE: 0.0198
2026-03-28 22:25:37 | DEBUG | sivi:base_runner.py:347| eval_w2 | Epoch 60, VI W2 to baseline: 1.6137
2026-03-28 22:25:37 | DEBUG | sivi:base_reverse_runner.py:272| eval_w2 | Epoch 60, Reverse Model W2: 0.0707
2026-03-28 22:25:37 | DEBUG | sivi:base_runner.py:477| eval_elbo | Epoch 60, ELBO: -3.7991, Std Total: 7.3806, Std Q: nan, CI Half: 0.6469
2026-03-28 22:25:37 | DEBUG | sivi:base_runner.py:507| eval_ksd | Epoch 60, VI KSD: 0.3162
2026-03-28 22:25:38 | DEBUG | sivi:base_runner.py:337| eval_kl_ite | Epoch 70, VI KL to baseline: 2.6410
2026-03-28 22:25:38 | DEBUG | sivi:base_reverse_runner.py:261| eval_kl_ite | Epoch 70, Reverse Model KL ITE: -0.0074
2026-03-28 22:25:38 | DEBUG | sivi:base_runner.py:347| eval_w2 | Epoch 70, VI W2 to baseline: 1.9879
2026-03-28 22:25:38 | DEBUG | sivi:base_reverse_runner.py:272| eval_w2 | Epoch 70, Reverse Model W2: 0.0841
2026-03-28 22:25:38 | DEBUG | sivi:base_runner.py:477| eval_elbo | Epoch 70, ELBO: -5.8820, Std Total: 9.5113, Std Q: nan, CI Half: 0.8337
2026-03-28 22:25:38 | DEBUG | sivi:base_runner.py:507| eval_ksd | Epoch 70, VI KSD: 0.3819
2026-03-28 22:25:38 | DEBUG | sivi:base_runner.py:337| eval_kl_ite | Epoch 80, VI KL to baseline: 2.6817
2026-03-28 22:25:38 | DEBUG | sivi:base_reverse_runner.py:261| eval_kl_ite | Epoch 80, Reverse Model KL ITE: 0.0025
2026-03-28 22:25:38 | DEBUG | sivi:base_runner.py:347| eval_w2 | Epoch 80, VI W2 to baseline: 1.9906
2026-03-28 22:25:38 | DEBUG | sivi:base_reverse_runner.py:272| eval_w2 | Epoch 80, Reverse Model W2: 0.0660
2026-03-28 22:25:38 | DEBUG | sivi:base_runner.py:477| eval_elbo | Epoch 80, ELBO: -5.9702, Std Total: 10.5433, Std Q: nan, CI Half: 0.9242
2026-03-28 22:25:38 | DEBUG | sivi:base_runner.py:507| eval_ksd | Epoch 80, VI KSD: 0.4027
2026-03-28 22:25:39 | DEBUG | sivi:base_runner.py:337| eval_kl_ite | Epoch 90, VI KL to baseline: 2.4459
2026-03-28 22:25:39 | DEBUG | sivi:base_reverse_runner.py:261| eval_kl_ite | Epoch 90, Reverse Model KL ITE: 0.0191
2026-03-28 22:25:39 | DEBUG | sivi:base_runner.py:347| eval_w2 | Epoch 90, VI W2 to baseline: 1.8463
2026-03-28 22:25:39 | DEBUG | sivi:base_reverse_runner.py:272| eval_w2 | Epoch 90, Reverse Model W2: 0.0605
2026-03-28 22:25:39 | DEBUG | sivi:base_runner.py:477| eval_elbo | Epoch 90, ELBO: -4.9119, Std Total: 7.5706, Std Q: nan, CI Half: 0.6636
2026-03-28 22:25:39 | DEBUG | sivi:base_runner.py:507| eval_ksd | Epoch 90, VI KSD: 0.3752
2026-03-28 22:25:39 | DEBUG | sivi:base_runner.py:874| learn | Epoch 100: Avg Loss: -0.8686, Avg Epoch Time: 0.0500s
2026-03-28 22:25:39 | DEBUG | sivi:base_runner.py:337| eval_kl_ite | Epoch 100, VI KL to baseline: 2.2507
2026-03-28 22:25:39 | DEBUG | sivi:base_reverse_runner.py:261| eval_kl_ite | Epoch 100, Reverse Model KL ITE: -0.0081
2026-03-28 22:25:39 | DEBUG | sivi:base_runner.py:347| eval_w2 | Epoch 100, VI W2 to baseline: 1.7127
2026-03-28 22:25:39 | DEBUG | sivi:base_reverse_runner.py:272| eval_w2 | Epoch 100, Reverse Model W2: 0.0570
2026-03-28 22:25:39 | DEBUG | sivi:base_runner.py:477| eval_elbo | Epoch 100, ELBO: -4.1518, Std Total: 7.4598, Std Q: nan, CI Half: 0.6539
2026-03-28 22:25:39 | DEBUG | sivi:base_runner.py:507| eval_ksd | Epoch 100, VI KSD: 0.3319
2026-03-28 22:25:40 | DEBUG | sivi:base_runner.py:337| eval_kl_ite | Epoch 110, VI KL to baseline: 2.2876
2026-03-28 22:25:40 | DEBUG | sivi:base_reverse_runner.py:261| eval_kl_ite | Epoch 110, Reverse Model KL ITE: 0.0042
2026-03-28 22:25:40 | DEBUG | sivi:base_runner.py:347| eval_w2 | Epoch 110, VI W2 to baseline: 1.6980
2026-03-28 22:25:40 | DEBUG | sivi:base_reverse_runner.py:272| eval_w2 | Epoch 110, Reverse Model W2: 0.0577
2026-03-28 22:25:40 | DEBUG | sivi:base_runner.py:477| eval_elbo | Epoch 110, ELBO: -3.8514, Std Total: 7.3480, Std Q: nan, CI Half: 0.6441
2026-03-28 22:25:40 | DEBUG | sivi:base_runner.py:507| eval_ksd | Epoch 110, VI KSD: 0.3260
2026-03-28 22:25:40 | DEBUG | sivi:base_runner.py:337| eval_kl_ite | Epoch 120, VI KL to baseline: 2.3733
2026-03-28 22:25:40 | DEBUG | sivi:base_reverse_runner.py:261| eval_kl_ite | Epoch 120, Reverse Model KL ITE: -0.0358
2026-03-28 22:25:40 | DEBUG | sivi:base_runner.py:347| eval_w2 | Epoch 120, VI W2 to baseline: 1.7316
2026-03-28 22:25:40 | DEBUG | sivi:base_reverse_runner.py:272| eval_w2 | Epoch 120, Reverse Model W2: 0.0612
2026-03-28 22:25:40 | DEBUG | sivi:base_runner.py:477| eval_elbo | Epoch 120, ELBO: -5.0409, Std Total: 8.3871, Std Q: nan, CI Half: 0.7352
2026-03-28 22:25:40 | DEBUG | sivi:base_runner.py:507| eval_ksd | Epoch 120, VI KSD: 0.3373
2026-03-28 22:25:40 | DEBUG | sivi:base_runner.py:337| eval_kl_ite | Epoch 130, VI KL to baseline: 2.3351
2026-03-28 22:25:41 | DEBUG | sivi:base_reverse_runner.py:261| eval_kl_ite | Epoch 130, Reverse Model KL ITE: 0.0274
2026-03-28 22:25:41 | DEBUG | sivi:base_runner.py:347| eval_w2 | Epoch 130, VI W2 to baseline: 1.6856
2026-03-28 22:25:41 | DEBUG | sivi:base_reverse_runner.py:272| eval_w2 | Epoch 130, Reverse Model W2: 0.0720
2026-03-28 22:25:41 | DEBUG | sivi:base_runner.py:477| eval_elbo | Epoch 130, ELBO: -4.6476, Std Total: 8.0595, Std Q: nan, CI Half: 0.7064
2026-03-28 22:25:41 | DEBUG | sivi:base_runner.py:507| eval_ksd | Epoch 130, VI KSD: 0.2924
2026-03-28 22:25:41 | DEBUG | sivi:base_runner.py:337| eval_kl_ite | Epoch 140, VI KL to baseline: 2.2326
2026-03-28 22:25:41 | DEBUG | sivi:base_reverse_runner.py:261| eval_kl_ite | Epoch 140, Reverse Model KL ITE: 0.0027
2026-03-28 22:25:41 | DEBUG | sivi:base_runner.py:347| eval_w2 | Epoch 140, VI W2 to baseline: 1.6986
2026-03-28 22:25:41 | DEBUG | sivi:base_reverse_runner.py:272| eval_w2 | Epoch 140, Reverse Model W2: 0.0539
2026-03-28 22:25:41 | DEBUG | sivi:base_runner.py:477| eval_elbo | Epoch 140, ELBO: -4.6514, Std Total: 7.4327, Std Q: nan, CI Half: 0.6515
2026-03-28 22:25:41 | DEBUG | sivi:base_runner.py:507| eval_ksd | Epoch 140, VI KSD: 0.3148
2026-03-28 22:25:42 | DEBUG | sivi:base_runner.py:337| eval_kl_ite | Epoch 150, VI KL to baseline: 2.2632
2026-03-28 22:25:42 | DEBUG | sivi:base_reverse_runner.py:261| eval_kl_ite | Epoch 150, Reverse Model KL ITE: -0.0153
2026-03-28 22:25:42 | DEBUG | sivi:base_runner.py:347| eval_w2 | Epoch 150, VI W2 to baseline: 1.6648
2026-03-28 22:25:42 | DEBUG | sivi:base_reverse_runner.py:272| eval_w2 | Epoch 150, Reverse Model W2: 0.0567
2026-03-28 22:25:42 | DEBUG | sivi:base_runner.py:477| eval_elbo | Epoch 150, ELBO: -4.5624, Std Total: 7.3543, Std Q: nan, CI Half: 0.6446
2026-03-28 22:25:42 | DEBUG | sivi:base_runner.py:507| eval_ksd | Epoch 150, VI KSD: 0.3292
2026-03-28 22:25:42 | DEBUG | sivi:base_runner.py:337| eval_kl_ite | Epoch 160, VI KL to baseline: 2.2483
2026-03-28 22:25:42 | DEBUG | sivi:base_reverse_runner.py:261| eval_kl_ite | Epoch 160, Reverse Model KL ITE: 0.0004
2026-03-28 22:25:42 | DEBUG | sivi:base_runner.py:347| eval_w2 | Epoch 160, VI W2 to baseline: 1.6471
2026-03-28 22:25:42 | DEBUG | sivi:base_reverse_runner.py:272| eval_w2 | Epoch 160, Reverse Model W2: 0.0604
2026-03-28 22:25:42 | DEBUG | sivi:base_runner.py:477| eval_elbo | Epoch 160, ELBO: -3.6591, Std Total: 6.4513, Std Q: nan, CI Half: 0.5655
2026-03-28 22:25:42 | DEBUG | sivi:base_runner.py:507| eval_ksd | Epoch 160, VI KSD: 0.3105
2026-03-28 22:25:43 | DEBUG | sivi:base_runner.py:337| eval_kl_ite | Epoch 170, VI KL to baseline: 2.1979
2026-03-28 22:25:43 | DEBUG | sivi:base_reverse_runner.py:261| eval_kl_ite | Epoch 170, Reverse Model KL ITE: 0.0007
2026-03-28 22:25:43 | DEBUG | sivi:base_runner.py:347| eval_w2 | Epoch 170, VI W2 to baseline: 1.6187
2026-03-28 22:25:43 | DEBUG | sivi:base_reverse_runner.py:272| eval_w2 | Epoch 170, Reverse Model W2: 0.0494
2026-03-28 22:25:43 | DEBUG | sivi:base_runner.py:477| eval_elbo | Epoch 170, ELBO: -3.7865, Std Total: 6.2283, Std Q: nan, CI Half: 0.5459
2026-03-28 22:25:43 | DEBUG | sivi:base_runner.py:507| eval_ksd | Epoch 170, VI KSD: 0.2869
2026-03-28 22:25:43 | DEBUG | sivi:base_runner.py:337| eval_kl_ite | Epoch 180, VI KL to baseline: 2.2009
2026-03-28 22:25:43 | DEBUG | sivi:base_reverse_runner.py:261| eval_kl_ite | Epoch 180, Reverse Model KL ITE: -0.0169
2026-03-28 22:25:43 | DEBUG | sivi:base_runner.py:347| eval_w2 | Epoch 180, VI W2 to baseline: 1.6271
2026-03-28 22:25:43 | DEBUG | sivi:base_reverse_runner.py:272| eval_w2 | Epoch 180, Reverse Model W2: 0.0499
2026-03-28 22:25:43 | DEBUG | sivi:base_runner.py:477| eval_elbo | Epoch 180, ELBO: -3.9659, Std Total: 6.5754, Std Q: nan, CI Half: 0.5764
2026-03-28 22:25:43 | DEBUG | sivi:base_runner.py:507| eval_ksd | Epoch 180, VI KSD: 0.3089
2026-03-28 22:25:44 | DEBUG | sivi:base_runner.py:337| eval_kl_ite | Epoch 190, VI KL to baseline: 2.1513
2026-03-28 22:25:44 | DEBUG | sivi:base_reverse_runner.py:261| eval_kl_ite | Epoch 190, Reverse Model KL ITE: -0.0100
2026-03-28 22:25:44 | DEBUG | sivi:base_runner.py:347| eval_w2 | Epoch 190, VI W2 to baseline: 1.5972
2026-03-28 22:25:44 | DEBUG | sivi:base_reverse_runner.py:272| eval_w2 | Epoch 190, Reverse Model W2: 0.0585
2026-03-28 22:25:44 | DEBUG | sivi:base_runner.py:477| eval_elbo | Epoch 190, ELBO: -3.9592, Std Total: 6.6983, Std Q: nan, CI Half: 0.5871
2026-03-28 22:25:44 | DEBUG | sivi:base_runner.py:507| eval_ksd | Epoch 190, VI KSD: 0.2940
2026-03-28 22:25:44 | DEBUG | sivi:base_runner.py:874| learn | Epoch 200: Avg Loss: 0.0158, Avg Epoch Time: 0.0491s
2026-03-28 22:25:44 | DEBUG | sivi:base_runner.py:337| eval_kl_ite | Epoch 200, VI KL to baseline: 2.1599
2026-03-28 22:25:44 | DEBUG | sivi:base_reverse_runner.py:261| eval_kl_ite | Epoch 200, Reverse Model KL ITE: 0.0250
2026-03-28 22:25:44 | DEBUG | sivi:base_runner.py:347| eval_w2 | Epoch 200, VI W2 to baseline: 1.5682
2026-03-28 22:25:44 | DEBUG | sivi:base_reverse_runner.py:272| eval_w2 | Epoch 200, Reverse Model W2: 0.0483
2026-03-28 22:25:44 | DEBUG | sivi:base_runner.py:477| eval_elbo | Epoch 200, ELBO: -3.5986, Std Total: 6.6692, Std Q: nan, CI Half: 0.5846
2026-03-28 22:25:44 | DEBUG | sivi:base_runner.py:507| eval_ksd | Epoch 200, VI KSD: 0.3139
2026-03-28 22:25:44 | DEBUG | sivi:base_runner.py:337| eval_kl_ite | Epoch 210, VI KL to baseline: 2.0993
2026-03-28 22:25:45 | DEBUG | sivi:base_reverse_runner.py:261| eval_kl_ite | Epoch 210, Reverse Model KL ITE: -0.0055
2026-03-28 22:25:45 | DEBUG | sivi:base_runner.py:347| eval_w2 | Epoch 210, VI W2 to baseline: 1.5436
2026-03-28 22:25:45 | DEBUG | sivi:base_reverse_runner.py:272| eval_w2 | Epoch 210, Reverse Model W2: 0.0472
2026-03-28 22:25:45 | DEBUG | sivi:base_runner.py:477| eval_elbo | Epoch 210, ELBO: -3.6417, Std Total: 6.3274, Std Q: nan, CI Half: 0.5546
2026-03-28 22:25:45 | DEBUG | sivi:base_runner.py:507| eval_ksd | Epoch 210, VI KSD: 0.3020
2026-03-28 22:25:45 | DEBUG | sivi:base_runner.py:337| eval_kl_ite | Epoch 220, VI KL to baseline: 2.1381
2026-03-28 22:25:45 | DEBUG | sivi:base_reverse_runner.py:261| eval_kl_ite | Epoch 220, Reverse Model KL ITE: -0.0038
2026-03-28 22:25:45 | DEBUG | sivi:base_runner.py:347| eval_w2 | Epoch 220, VI W2 to baseline: 1.5348
2026-03-28 22:25:45 | DEBUG | sivi:base_reverse_runner.py:272| eval_w2 | Epoch 220, Reverse Model W2: 0.0513
2026-03-28 22:25:45 | DEBUG | sivi:base_runner.py:477| eval_elbo | Epoch 220, ELBO: -3.7695, Std Total: 6.1246, Std Q: nan, CI Half: 0.5368
2026-03-28 22:25:45 | DEBUG | sivi:base_runner.py:507| eval_ksd | Epoch 220, VI KSD: 0.3048
2026-03-28 22:25:45 | DEBUG | sivi:base_runner.py:337| eval_kl_ite | Epoch 230, VI KL to baseline: 2.1108
2026-03-28 22:25:46 | DEBUG | sivi:base_reverse_runner.py:261| eval_kl_ite | Epoch 230, Reverse Model KL ITE: 0.0107
2026-03-28 22:25:46 | DEBUG | sivi:base_runner.py:347| eval_w2 | Epoch 230, VI W2 to baseline: 1.5124
2026-03-28 22:25:46 | DEBUG | sivi:base_reverse_runner.py:272| eval_w2 | Epoch 230, Reverse Model W2: 0.0507
2026-03-28 22:25:46 | DEBUG | sivi:base_runner.py:477| eval_elbo | Epoch 230, ELBO: -3.7741, Std Total: 6.3918, Std Q: nan, CI Half: 0.5603
2026-03-28 22:25:46 | DEBUG | sivi:base_runner.py:507| eval_ksd | Epoch 230, VI KSD: 0.2807
2026-03-28 22:25:46 | DEBUG | sivi:base_runner.py:337| eval_kl_ite | Epoch 240, VI KL to baseline: 2.0405
2026-03-28 22:25:46 | DEBUG | sivi:base_reverse_runner.py:261| eval_kl_ite | Epoch 240, Reverse Model KL ITE: -0.0169
2026-03-28 22:25:46 | DEBUG | sivi:base_runner.py:347| eval_w2 | Epoch 240, VI W2 to baseline: 1.4928
2026-03-28 22:25:46 | DEBUG | sivi:base_reverse_runner.py:272| eval_w2 | Epoch 240, Reverse Model W2: 0.0588
2026-03-28 22:25:46 | DEBUG | sivi:base_runner.py:477| eval_elbo | Epoch 240, ELBO: -3.0870, Std Total: 5.3424, Std Q: nan, CI Half: 0.4683
2026-03-28 22:25:46 | DEBUG | sivi:base_runner.py:507| eval_ksd | Epoch 240, VI KSD: 0.2746
2026-03-28 22:25:47 | DEBUG | sivi:base_runner.py:337| eval_kl_ite | Epoch 250, VI KL to baseline: 2.0820
2026-03-28 22:25:47 | DEBUG | sivi:base_reverse_runner.py:261| eval_kl_ite | Epoch 250, Reverse Model KL ITE: 0.0013
2026-03-28 22:25:47 | DEBUG | sivi:base_runner.py:347| eval_w2 | Epoch 250, VI W2 to baseline: 1.4876
2026-03-28 22:25:47 | DEBUG | sivi:base_reverse_runner.py:272| eval_w2 | Epoch 250, Reverse Model W2: 0.0499
2026-03-28 22:25:47 | DEBUG | sivi:base_runner.py:477| eval_elbo | Epoch 250, ELBO: -3.4996, Std Total: 5.7983, Std Q: nan, CI Half: 0.5082
2026-03-28 22:25:47 | DEBUG | sivi:base_runner.py:507| eval_ksd | Epoch 250, VI KSD: 0.2845
2026-03-28 22:25:47 | DEBUG | sivi:base_runner.py:337| eval_kl_ite | Epoch 260, VI KL to baseline: 2.0246
2026-03-28 22:25:47 | DEBUG | sivi:base_reverse_runner.py:261| eval_kl_ite | Epoch 260, Reverse Model KL ITE: 0.0077
2026-03-28 22:25:47 | DEBUG | sivi:base_runner.py:347| eval_w2 | Epoch 260, VI W2 to baseline: 1.4375
2026-03-28 22:25:47 | DEBUG | sivi:base_reverse_runner.py:272| eval_w2 | Epoch 260, Reverse Model W2: 0.0550
2026-03-28 22:25:47 | DEBUG | sivi:base_runner.py:477| eval_elbo | Epoch 260, ELBO: -3.6035, Std Total: 5.9041, Std Q: nan, CI Half: 0.5175
2026-03-28 22:25:47 | DEBUG | sivi:base_runner.py:507| eval_ksd | Epoch 260, VI KSD: 0.2556
2026-03-28 22:25:48 | DEBUG | sivi:base_runner.py:337| eval_kl_ite | Epoch 270, VI KL to baseline: 2.0108
2026-03-28 22:25:48 | DEBUG | sivi:base_reverse_runner.py:261| eval_kl_ite | Epoch 270, Reverse Model KL ITE: 0.0000
2026-03-28 22:25:48 | DEBUG | sivi:base_runner.py:347| eval_w2 | Epoch 270, VI W2 to baseline: 1.4424
2026-03-28 22:25:48 | DEBUG | sivi:base_reverse_runner.py:272| eval_w2 | Epoch 270, Reverse Model W2: 0.0615
2026-03-28 22:25:48 | DEBUG | sivi:base_runner.py:477| eval_elbo | Epoch 270, ELBO: -3.2167, Std Total: 5.2280, Std Q: nan, CI Half: 0.4583
2026-03-28 22:25:48 | DEBUG | sivi:base_runner.py:507| eval_ksd | Epoch 270, VI KSD: 0.2553
2026-03-28 22:25:48 | DEBUG | sivi:base_runner.py:337| eval_kl_ite | Epoch 280, VI KL to baseline: 1.9568
2026-03-28 22:25:48 | DEBUG | sivi:base_reverse_runner.py:261| eval_kl_ite | Epoch 280, Reverse Model KL ITE: 0.0097
2026-03-28 22:25:48 | DEBUG | sivi:base_runner.py:347| eval_w2 | Epoch 280, VI W2 to baseline: 1.4194
2026-03-28 22:25:48 | DEBUG | sivi:base_reverse_runner.py:272| eval_w2 | Epoch 280, Reverse Model W2: 0.0533
2026-03-28 22:25:49 | DEBUG | sivi:base_runner.py:477| eval_elbo | Epoch 280, ELBO: -2.8356, Std Total: 4.8018, Std Q: nan, CI Half: 0.4209
2026-03-28 22:25:49 | DEBUG | sivi:base_runner.py:507| eval_ksd | Epoch 280, VI KSD: 0.2939
2026-03-28 22:25:49 | DEBUG | sivi:base_runner.py:337| eval_kl_ite | Epoch 290, VI KL to baseline: 1.9847
2026-03-28 22:25:49 | DEBUG | sivi:base_reverse_runner.py:261| eval_kl_ite | Epoch 290, Reverse Model KL ITE: 0.0059
2026-03-28 22:25:49 | DEBUG | sivi:base_runner.py:347| eval_w2 | Epoch 290, VI W2 to baseline: 1.4365
2026-03-28 22:25:49 | DEBUG | sivi:base_reverse_runner.py:272| eval_w2 | Epoch 290, Reverse Model W2: 0.0474
2026-03-28 22:25:49 | DEBUG | sivi:base_runner.py:477| eval_elbo | Epoch 290, ELBO: -3.9240, Std Total: 5.9987, Std Q: nan, CI Half: 0.5258
2026-03-28 22:25:49 | DEBUG | sivi:base_runner.py:507| eval_ksd | Epoch 290, VI KSD: 0.2713
2026-03-28 22:25:49 | DEBUG | sivi:base_runner.py:874| learn | Epoch 300: Avg Loss: 0.0175, Avg Epoch Time: 0.0535s
2026-03-28 22:25:49 | DEBUG | sivi:base_runner.py:337| eval_kl_ite | Epoch 300, VI KL to baseline: 1.9623
2026-03-28 22:25:49 | DEBUG | sivi:base_reverse_runner.py:261| eval_kl_ite | Epoch 300, Reverse Model KL ITE: -0.0039
2026-03-28 22:25:49 | DEBUG | sivi:base_runner.py:347| eval_w2 | Epoch 300, VI W2 to baseline: 1.3932
2026-03-28 22:25:49 | DEBUG | sivi:base_reverse_runner.py:272| eval_w2 | Epoch 300, Reverse Model W2: 0.0511
2026-03-28 22:25:49 | DEBUG | sivi:base_runner.py:477| eval_elbo | Epoch 300, ELBO: -2.8250, Std Total: 4.7342, Std Q: nan, CI Half: 0.4150
2026-03-28 22:25:49 | DEBUG | sivi:base_runner.py:507| eval_ksd | Epoch 300, VI KSD: 0.2714
2026-03-28 22:25:50 | DEBUG | sivi:base_runner.py:337| eval_kl_ite | Epoch 310, VI KL to baseline: 1.8890
2026-03-28 22:25:50 | DEBUG | sivi:base_reverse_runner.py:261| eval_kl_ite | Epoch 310, Reverse Model KL ITE: -0.0016
2026-03-28 22:25:50 | DEBUG | sivi:base_runner.py:347| eval_w2 | Epoch 310, VI W2 to baseline: 1.3517
2026-03-28 22:25:50 | DEBUG | sivi:base_reverse_runner.py:272| eval_w2 | Epoch 310, Reverse Model W2: 0.0412
2026-03-28 22:25:50 | DEBUG | sivi:base_runner.py:477| eval_elbo | Epoch 310, ELBO: -3.4436, Std Total: 5.3235, Std Q: nan, CI Half: 0.4666
2026-03-28 22:25:50 | DEBUG | sivi:base_runner.py:507| eval_ksd | Epoch 310, VI KSD: 0.2488
2026-03-28 22:25:50 | DEBUG | sivi:base_runner.py:337| eval_kl_ite | Epoch 320, VI KL to baseline: 1.8561
2026-03-28 22:25:50 | DEBUG | sivi:base_reverse_runner.py:261| eval_kl_ite | Epoch 320, Reverse Model KL ITE: 0.0180
2026-03-28 22:25:50 | DEBUG | sivi:base_runner.py:347| eval_w2 | Epoch 320, VI W2 to baseline: 1.3721
2026-03-28 22:25:50 | DEBUG | sivi:base_reverse_runner.py:272| eval_w2 | Epoch 320, Reverse Model W2: 0.0438
2026-03-28 22:25:50 | DEBUG | sivi:base_runner.py:477| eval_elbo | Epoch 320, ELBO: -2.9106, Std Total: 4.9884, Std Q: nan, CI Half: 0.4373
2026-03-28 22:25:50 | DEBUG | sivi:base_runner.py:507| eval_ksd | Epoch 320, VI KSD: 0.2444
2026-03-28 22:25:51 | DEBUG | sivi:base_runner.py:337| eval_kl_ite | Epoch 330, VI KL to baseline: 1.8667
2026-03-28 22:25:51 | DEBUG | sivi:base_reverse_runner.py:261| eval_kl_ite | Epoch 330, Reverse Model KL ITE: 0.0007
2026-03-28 22:25:51 | DEBUG | sivi:base_runner.py:347| eval_w2 | Epoch 330, VI W2 to baseline: 1.3468
2026-03-28 22:25:51 | DEBUG | sivi:base_reverse_runner.py:272| eval_w2 | Epoch 330, Reverse Model W2: 0.0454
2026-03-28 22:25:51 | DEBUG | sivi:base_runner.py:477| eval_elbo | Epoch 330, ELBO: -3.0559, Std Total: 4.9613, Std Q: nan, CI Half: 0.4349
2026-03-28 22:25:51 | DEBUG | sivi:base_runner.py:507| eval_ksd | Epoch 330, VI KSD: 0.2537
2026-03-28 22:25:51 | DEBUG | sivi:base_runner.py:337| eval_kl_ite | Epoch 340, VI KL to baseline: 1.7992
2026-03-28 22:25:51 | DEBUG | sivi:base_reverse_runner.py:261| eval_kl_ite | Epoch 340, Reverse Model KL ITE: 0.0119
2026-03-28 22:25:51 | DEBUG | sivi:base_runner.py:347| eval_w2 | Epoch 340, VI W2 to baseline: 1.3355
2026-03-28 22:25:51 | DEBUG | sivi:base_reverse_runner.py:272| eval_w2 | Epoch 340, Reverse Model W2: 0.0545
2026-03-28 22:25:51 | DEBUG | sivi:base_runner.py:477| eval_elbo | Epoch 340, ELBO: -2.9502, Std Total: 5.2377, Std Q: nan, CI Half: 0.4591
2026-03-28 22:25:51 | DEBUG | sivi:base_runner.py:507| eval_ksd | Epoch 340, VI KSD: 0.2669
2026-03-28 22:25:52 | DEBUG | sivi:base_runner.py:337| eval_kl_ite | Epoch 350, VI KL to baseline: 1.8433
2026-03-28 22:25:52 | DEBUG | sivi:base_reverse_runner.py:261| eval_kl_ite | Epoch 350, Reverse Model KL ITE: -0.0044
2026-03-28 22:25:52 | DEBUG | sivi:base_runner.py:347| eval_w2 | Epoch 350, VI W2 to baseline: 1.3250
2026-03-28 22:25:52 | DEBUG | sivi:base_reverse_runner.py:272| eval_w2 | Epoch 350, Reverse Model W2: 0.0582
2026-03-28 22:25:52 | DEBUG | sivi:base_runner.py:477| eval_elbo | Epoch 350, ELBO: -2.8751, Std Total: 5.0920, Std Q: nan, CI Half: 0.4463
2026-03-28 22:25:52 | DEBUG | sivi:base_runner.py:507| eval_ksd | Epoch 350, VI KSD: 0.2235
2026-03-28 22:25:52 | DEBUG | sivi:base_runner.py:337| eval_kl_ite | Epoch 360, VI KL to baseline: 1.7933
2026-03-28 22:25:53 | DEBUG | sivi:base_reverse_runner.py:261| eval_kl_ite | Epoch 360, Reverse Model KL ITE: 0.0181
2026-03-28 22:25:53 | DEBUG | sivi:base_runner.py:347| eval_w2 | Epoch 360, VI W2 to baseline: 1.3024
2026-03-28 22:25:53 | DEBUG | sivi:base_reverse_runner.py:272| eval_w2 | Epoch 360, Reverse Model W2: 0.0534
2026-03-28 22:25:53 | DEBUG | sivi:base_runner.py:477| eval_elbo | Epoch 360, ELBO: -3.1545, Std Total: 4.9383, Std Q: nan, CI Half: 0.4329
2026-03-28 22:25:53 | DEBUG | sivi:base_runner.py:507| eval_ksd | Epoch 360, VI KSD: 0.2353
2026-03-28 22:25:53 | DEBUG | sivi:base_runner.py:337| eval_kl_ite | Epoch 370, VI KL to baseline: 1.7478
2026-03-28 22:25:53 | DEBUG | sivi:base_reverse_runner.py:261| eval_kl_ite | Epoch 370, Reverse Model KL ITE: -0.0181
2026-03-28 22:25:53 | DEBUG | sivi:base_runner.py:347| eval_w2 | Epoch 370, VI W2 to baseline: 1.2950
2026-03-28 22:25:53 | DEBUG | sivi:base_reverse_runner.py:272| eval_w2 | Epoch 370, Reverse Model W2: 0.0449
2026-03-28 22:25:53 | DEBUG | sivi:base_runner.py:477| eval_elbo | Epoch 370, ELBO: -2.8721, Std Total: 4.7205, Std Q: nan, CI Half: 0.4138
2026-03-28 22:25:53 | DEBUG | sivi:base_runner.py:507| eval_ksd | Epoch 370, VI KSD: 0.2315
2026-03-28 22:25:54 | DEBUG | sivi:base_runner.py:337| eval_kl_ite | Epoch 380, VI KL to baseline: 1.7181
2026-03-28 22:25:54 | DEBUG | sivi:base_reverse_runner.py:261| eval_kl_ite | Epoch 380, Reverse Model KL ITE: 0.0006
2026-03-28 22:25:54 | DEBUG | sivi:base_runner.py:347| eval_w2 | Epoch 380, VI W2 to baseline: 1.2640
2026-03-28 22:25:54 | DEBUG | sivi:base_reverse_runner.py:272| eval_w2 | Epoch 380, Reverse Model W2: 0.0581
2026-03-28 22:25:54 | DEBUG | sivi:base_runner.py:477| eval_elbo | Epoch 380, ELBO: -2.0390, Std Total: 3.8123, Std Q: nan, CI Half: 0.3342
2026-03-28 22:25:54 | DEBUG | sivi:base_runner.py:507| eval_ksd | Epoch 380, VI KSD: 0.2137
2026-03-28 22:25:54 | DEBUG | sivi:base_runner.py:337| eval_kl_ite | Epoch 390, VI KL to baseline: 1.7130
2026-03-28 22:25:54 | DEBUG | sivi:base_reverse_runner.py:261| eval_kl_ite | Epoch 390, Reverse Model KL ITE: -0.0131
2026-03-28 22:25:54 | DEBUG | sivi:base_runner.py:347| eval_w2 | Epoch 390, VI W2 to baseline: 1.2570
2026-03-28 22:25:54 | DEBUG | sivi:base_reverse_runner.py:272| eval_w2 | Epoch 390, Reverse Model W2: 0.0572
2026-03-28 22:25:54 | DEBUG | sivi:base_runner.py:477| eval_elbo | Epoch 390, ELBO: -2.4982, Std Total: 4.4275, Std Q: nan, CI Half: 0.3881
2026-03-28 22:25:54 | DEBUG | sivi:base_runner.py:507| eval_ksd | Epoch 390, VI KSD: 0.2214
2026-03-28 22:25:55 | DEBUG | sivi:base_runner.py:874| learn | Epoch 400: Avg Loss: 0.0094, Avg Epoch Time: 0.0533s
2026-03-28 22:25:55 | DEBUG | sivi:base_runner.py:337| eval_kl_ite | Epoch 400, VI KL to baseline: 1.7477
2026-03-28 22:25:55 | DEBUG | sivi:base_reverse_runner.py:261| eval_kl_ite | Epoch 400, Reverse Model KL ITE: -0.0054
2026-03-28 22:25:55 | DEBUG | sivi:base_runner.py:347| eval_w2 | Epoch 400, VI W2 to baseline: 1.2834
2026-03-28 22:25:55 | DEBUG | sivi:base_reverse_runner.py:272| eval_w2 | Epoch 400, Reverse Model W2: 0.0548
2026-03-28 22:25:55 | DEBUG | sivi:base_runner.py:477| eval_elbo | Epoch 400, ELBO: -2.8418, Std Total: 4.6005, Std Q: nan, CI Half: 0.4032
2026-03-28 22:25:55 | DEBUG | sivi:base_runner.py:507| eval_ksd | Epoch 400, VI KSD: 0.2453
2026-03-28 22:25:55 | DEBUG | sivi:base_runner.py:337| eval_kl_ite | Epoch 410, VI KL to baseline: 1.7010
2026-03-28 22:25:55 | DEBUG | sivi:base_reverse_runner.py:261| eval_kl_ite | Epoch 410, Reverse Model KL ITE: -0.0060
2026-03-28 22:25:55 | DEBUG | sivi:base_runner.py:347| eval_w2 | Epoch 410, VI W2 to baseline: 1.2597
2026-03-28 22:25:55 | DEBUG | sivi:base_reverse_runner.py:272| eval_w2 | Epoch 410, Reverse Model W2: 0.0459
2026-03-28 22:25:55 | DEBUG | sivi:base_runner.py:477| eval_elbo | Epoch 410, ELBO: -2.7648, Std Total: 4.6065, Std Q: nan, CI Half: 0.4038
2026-03-28 22:25:55 | DEBUG | sivi:base_runner.py:507| eval_ksd | Epoch 410, VI KSD: 0.2497
2026-03-28 22:25:56 | DEBUG | sivi:base_runner.py:337| eval_kl_ite | Epoch 420, VI KL to baseline: 1.6842
2026-03-28 22:25:56 | DEBUG | sivi:base_reverse_runner.py:261| eval_kl_ite | Epoch 420, Reverse Model KL ITE: -0.0048
2026-03-28 22:25:56 | DEBUG | sivi:base_runner.py:347| eval_w2 | Epoch 420, VI W2 to baseline: 1.2064
2026-03-28 22:25:56 | DEBUG | sivi:base_reverse_runner.py:272| eval_w2 | Epoch 420, Reverse Model W2: 0.0432
2026-03-28 22:25:56 | DEBUG | sivi:base_runner.py:477| eval_elbo | Epoch 420, ELBO: -2.8879, Std Total: 4.2712, Std Q: nan, CI Half: 0.3744
2026-03-28 22:25:56 | DEBUG | sivi:base_runner.py:507| eval_ksd | Epoch 420, VI KSD: 0.2322
2026-03-28 22:25:56 | DEBUG | sivi:base_runner.py:337| eval_kl_ite | Epoch 430, VI KL to baseline: 1.6244
2026-03-28 22:25:57 | DEBUG | sivi:base_reverse_runner.py:261| eval_kl_ite | Epoch 430, Reverse Model KL ITE: 0.0066
2026-03-28 22:25:57 | DEBUG | sivi:base_runner.py:347| eval_w2 | Epoch 430, VI W2 to baseline: 1.1903
2026-03-28 22:25:57 | DEBUG | sivi:base_reverse_runner.py:272| eval_w2 | Epoch 430, Reverse Model W2: 0.0451
2026-03-28 22:25:57 | DEBUG | sivi:base_runner.py:477| eval_elbo | Epoch 430, ELBO: -2.7154, Std Total: 4.6946, Std Q: nan, CI Half: 0.4115
2026-03-28 22:25:57 | DEBUG | sivi:base_runner.py:507| eval_ksd | Epoch 430, VI KSD: 0.2547
2026-03-28 22:25:57 | DEBUG | sivi:base_runner.py:337| eval_kl_ite | Epoch 440, VI KL to baseline: 1.6518
2026-03-28 22:25:57 | DEBUG | sivi:base_reverse_runner.py:261| eval_kl_ite | Epoch 440, Reverse Model KL ITE: -0.0065
2026-03-28 22:25:57 | DEBUG | sivi:base_runner.py:347| eval_w2 | Epoch 440, VI W2 to baseline: 1.1865
2026-03-28 22:25:57 | DEBUG | sivi:base_reverse_runner.py:272| eval_w2 | Epoch 440, Reverse Model W2: 0.0523
2026-03-28 22:25:57 | DEBUG | sivi:base_runner.py:477| eval_elbo | Epoch 440, ELBO: -2.2897, Std Total: 4.0934, Std Q: nan, CI Half: 0.3588
2026-03-28 22:25:57 | DEBUG | sivi:base_runner.py:507| eval_ksd | Epoch 440, VI KSD: 0.2131
2026-03-28 22:25:57 | DEBUG | sivi:base_runner.py:337| eval_kl_ite | Epoch 450, VI KL to baseline: 1.5847
2026-03-28 22:25:58 | DEBUG | sivi:base_reverse_runner.py:261| eval_kl_ite | Epoch 450, Reverse Model KL ITE: 0.0001
2026-03-28 22:25:58 | DEBUG | sivi:base_runner.py:347| eval_w2 | Epoch 450, VI W2 to baseline: 1.2303
2026-03-28 22:25:58 | DEBUG | sivi:base_reverse_runner.py:272| eval_w2 | Epoch 450, Reverse Model W2: 0.0436
2026-03-28 22:25:58 | DEBUG | sivi:base_runner.py:477| eval_elbo | Epoch 450, ELBO: -2.0600, Std Total: 3.8410, Std Q: nan, CI Half: 0.3367
2026-03-28 22:25:58 | DEBUG | sivi:base_runner.py:507| eval_ksd | Epoch 450, VI KSD: 0.2233
2026-03-28 22:25:58 | DEBUG | sivi:base_runner.py:337| eval_kl_ite | Epoch 460, VI KL to baseline: 1.6803
2026-03-28 22:25:58 | DEBUG | sivi:base_reverse_runner.py:261| eval_kl_ite | Epoch 460, Reverse Model KL ITE: 0.0106
2026-03-28 22:25:58 | DEBUG | sivi:base_runner.py:347| eval_w2 | Epoch 460, VI W2 to baseline: 1.2087
2026-03-28 22:25:58 | DEBUG | sivi:base_reverse_runner.py:272| eval_w2 | Epoch 460, Reverse Model W2: 0.0508
2026-03-28 22:25:58 | DEBUG | sivi:base_runner.py:477| eval_elbo | Epoch 460, ELBO: -2.1960, Std Total: 4.1907, Std Q: nan, CI Half: 0.3673
2026-03-28 22:25:58 | DEBUG | sivi:base_runner.py:507| eval_ksd | Epoch 460, VI KSD: 0.2043
2026-03-28 22:25:59 | DEBUG | sivi:base_runner.py:337| eval_kl_ite | Epoch 470, VI KL to baseline: 1.5713
2026-03-28 22:25:59 | DEBUG | sivi:base_reverse_runner.py:261| eval_kl_ite | Epoch 470, Reverse Model KL ITE: 0.0193
2026-03-28 22:25:59 | DEBUG | sivi:base_runner.py:347| eval_w2 | Epoch 470, VI W2 to baseline: 1.2192
2026-03-28 22:25:59 | DEBUG | sivi:base_reverse_runner.py:272| eval_w2 | Epoch 470, Reverse Model W2: 0.0504
2026-03-28 22:25:59 | DEBUG | sivi:base_runner.py:477| eval_elbo | Epoch 470, ELBO: -2.1648, Std Total: 3.8330, Std Q: nan, CI Half: 0.3360
2026-03-28 22:25:59 | DEBUG | sivi:base_runner.py:507| eval_ksd | Epoch 470, VI KSD: 0.2144
2026-03-28 22:25:59 | DEBUG | sivi:base_runner.py:337| eval_kl_ite | Epoch 480, VI KL to baseline: 1.5518
2026-03-28 22:25:59 | DEBUG | sivi:base_reverse_runner.py:261| eval_kl_ite | Epoch 480, Reverse Model KL ITE: 0.0133
2026-03-28 22:25:59 | DEBUG | sivi:base_runner.py:347| eval_w2 | Epoch 480, VI W2 to baseline: 1.1784
2026-03-28 22:25:59 | DEBUG | sivi:base_reverse_runner.py:272| eval_w2 | Epoch 480, Reverse Model W2: 0.0538
2026-03-28 22:25:59 | DEBUG | sivi:base_runner.py:477| eval_elbo | Epoch 480, ELBO: -2.1456, Std Total: 3.6401, Std Q: nan, CI Half: 0.3191
2026-03-28 22:25:59 | DEBUG | sivi:base_runner.py:507| eval_ksd | Epoch 480, VI KSD: 0.2090
2026-03-28 22:26:00 | DEBUG | sivi:base_runner.py:337| eval_kl_ite | Epoch 490, VI KL to baseline: 1.5469
2026-03-28 22:26:00 | DEBUG | sivi:base_reverse_runner.py:261| eval_kl_ite | Epoch 490, Reverse Model KL ITE: -0.0034
2026-03-28 22:26:00 | DEBUG | sivi:base_runner.py:347| eval_w2 | Epoch 490, VI W2 to baseline: 1.1690
2026-03-28 22:26:00 | DEBUG | sivi:base_reverse_runner.py:272| eval_w2 | Epoch 490, Reverse Model W2: 0.0578
2026-03-28 22:26:00 | DEBUG | sivi:base_runner.py:477| eval_elbo | Epoch 490, ELBO: -2.3108, Std Total: 4.1863, Std Q: nan, CI Half: 0.3669
2026-03-28 22:26:00 | DEBUG | sivi:base_runner.py:507| eval_ksd | Epoch 490, VI KSD: 0.2016
2026-03-28 22:26:00 | DEBUG | sivi:base_runner.py:874| learn | Epoch 500: Avg Loss: 0.0016, Avg Epoch Time: 0.0562s
2026-03-28 22:26:00 | DEBUG | sivi:base_reverse_runner.py:183| _training_rev_log_func | Epoch 500, Inner epoch 1, Reverse Model Loss: 4.9714, Avg Steps: 1.0000
2026-03-28 22:26:00 | DEBUG | sivi:base_runner.py:588| save_samples | Saved 100000 samples at epoch 500.
2026-03-28 22:26:00 | DEBUG | sivi:base_runner.py:337| eval_kl_ite | Epoch 500, VI KL to baseline: 1.5620
2026-03-28 22:26:00 | DEBUG | sivi:base_reverse_runner.py:261| eval_kl_ite | Epoch 500, Reverse Model KL ITE: -0.0004
2026-03-28 22:26:00 | DEBUG | sivi:base_runner.py:347| eval_w2 | Epoch 500, VI W2 to baseline: 1.1339
2026-03-28 22:26:00 | DEBUG | sivi:base_reverse_runner.py:272| eval_w2 | Epoch 500, Reverse Model W2: 0.0406
2026-03-28 22:26:00 | DEBUG | sivi:base_runner.py:477| eval_elbo | Epoch 500, ELBO: -2.0812, Std Total: 3.6497, Std Q: nan, CI Half: 0.3199
2026-03-28 22:26:00 | DEBUG | sivi:base_runner.py:507| eval_ksd | Epoch 500, VI KSD: 0.1837
2026-03-28 22:26:01 | DEBUG | sivi:base_runner.py:970| learn | Saved contour plot at epoch 500.
2026-03-28 22:26:01 | DEBUG | sivi:base_runner.py:337| eval_kl_ite | Epoch 510, VI KL to baseline: 1.5024
2026-03-28 22:26:01 | DEBUG | sivi:base_reverse_runner.py:261| eval_kl_ite | Epoch 510, Reverse Model KL ITE: 0.0045
2026-03-28 22:26:01 | DEBUG | sivi:base_runner.py:347| eval_w2 | Epoch 510, VI W2 to baseline: 1.1239
2026-03-28 22:26:01 | DEBUG | sivi:base_reverse_runner.py:272| eval_w2 | Epoch 510, Reverse Model W2: 0.0464
2026-03-28 22:26:01 | DEBUG | sivi:base_runner.py:477| eval_elbo | Epoch 510, ELBO: -1.9608, Std Total: 3.7105, Std Q: nan, CI Half: 0.3252
2026-03-28 22:26:01 | DEBUG | sivi:base_runner.py:507| eval_ksd | Epoch 510, VI KSD: 0.2111
2026-03-28 22:26:01 | DEBUG | sivi:base_runner.py:337| eval_kl_ite | Epoch 520, VI KL to baseline: 1.4848
2026-03-28 22:26:01 | DEBUG | sivi:base_reverse_runner.py:261| eval_kl_ite | Epoch 520, Reverse Model KL ITE: 0.0017
2026-03-28 22:26:01 | DEBUG | sivi:base_runner.py:347| eval_w2 | Epoch 520, VI W2 to baseline: 1.1357
2026-03-28 22:26:02 | DEBUG | sivi:base_reverse_runner.py:272| eval_w2 | Epoch 520, Reverse Model W2: 0.0544
2026-03-28 22:26:02 | DEBUG | sivi:base_runner.py:477| eval_elbo | Epoch 520, ELBO: -2.0281, Std Total: 3.7883, Std Q: nan, CI Half: 0.3321
2026-03-28 22:26:02 | DEBUG | sivi:base_runner.py:507| eval_ksd | Epoch 520, VI KSD: 0.2038
2026-03-28 22:26:02 | DEBUG | sivi:base_runner.py:337| eval_kl_ite | Epoch 530, VI KL to baseline: 1.5162
2026-03-28 22:26:02 | DEBUG | sivi:base_reverse_runner.py:261| eval_kl_ite | Epoch 530, Reverse Model KL ITE: -0.0144
2026-03-28 22:26:02 | DEBUG | sivi:base_runner.py:347| eval_w2 | Epoch 530, VI W2 to baseline: 1.1285
2026-03-28 22:26:02 | DEBUG | sivi:base_reverse_runner.py:272| eval_w2 | Epoch 530, Reverse Model W2: 0.0416
2026-03-28 22:26:02 | DEBUG | sivi:base_runner.py:477| eval_elbo | Epoch 530, ELBO: -2.1945, Std Total: 3.5025, Std Q: nan, CI Half: 0.3070
2026-03-28 22:26:02 | DEBUG | sivi:base_runner.py:507| eval_ksd | Epoch 530, VI KSD: 0.2009
2026-03-28 22:26:03 | DEBUG | sivi:base_runner.py:337| eval_kl_ite | Epoch 540, VI KL to baseline: 1.4911
2026-03-28 22:26:03 | DEBUG | sivi:base_reverse_runner.py:261| eval_kl_ite | Epoch 540, Reverse Model KL ITE: -0.0104
2026-03-28 22:26:03 | DEBUG | sivi:base_runner.py:347| eval_w2 | Epoch 540, VI W2 to baseline: 1.0967
2026-03-28 22:26:03 | DEBUG | sivi:base_reverse_runner.py:272| eval_w2 | Epoch 540, Reverse Model W2: 0.0526
2026-03-28 22:26:03 | DEBUG | sivi:base_runner.py:477| eval_elbo | Epoch 540, ELBO: -1.8876, Std Total: 3.6670, Std Q: nan, CI Half: 0.3214
2026-03-28 22:26:03 | DEBUG | sivi:base_runner.py:507| eval_ksd | Epoch 540, VI KSD: 0.2041
2026-03-28 22:26:03 | DEBUG | sivi:base_runner.py:337| eval_kl_ite | Epoch 550, VI KL to baseline: 1.4847
2026-03-28 22:26:03 | DEBUG | sivi:base_reverse_runner.py:261| eval_kl_ite | Epoch 550, Reverse Model KL ITE: 0.0136
2026-03-28 22:26:03 | DEBUG | sivi:base_runner.py:347| eval_w2 | Epoch 550, VI W2 to baseline: 1.1233
2026-03-28 22:26:03 | DEBUG | sivi:base_reverse_runner.py:272| eval_w2 | Epoch 550, Reverse Model W2: 0.0520
2026-03-28 22:26:03 | DEBUG | sivi:base_runner.py:477| eval_elbo | Epoch 550, ELBO: -2.0668, Std Total: 3.7561, Std Q: nan, CI Half: 0.3292
2026-03-28 22:26:03 | DEBUG | sivi:base_runner.py:507| eval_ksd | Epoch 550, VI KSD: 0.1861
2026-03-28 22:26:03 | DEBUG | sivi:base_runner.py:337| eval_kl_ite | Epoch 560, VI KL to baseline: 1.3993
2026-03-28 22:26:04 | DEBUG | sivi:base_reverse_runner.py:261| eval_kl_ite | Epoch 560, Reverse Model KL ITE: 0.0188
2026-03-28 22:26:04 | DEBUG | sivi:base_runner.py:347| eval_w2 | Epoch 560, VI W2 to baseline: 1.0902
2026-03-28 22:26:04 | DEBUG | sivi:base_reverse_runner.py:272| eval_w2 | Epoch 560, Reverse Model W2: 0.0565
2026-03-28 22:26:04 | DEBUG | sivi:base_runner.py:477| eval_elbo | Epoch 560, ELBO: -2.2450, Std Total: 4.4250, Std Q: nan, CI Half: 0.3879
2026-03-28 22:26:04 | DEBUG | sivi:base_runner.py:507| eval_ksd | Epoch 560, VI KSD: 0.1701
2026-03-28 22:26:04 | DEBUG | sivi:base_runner.py:337| eval_kl_ite | Epoch 570, VI KL to baseline: 1.4198
2026-03-28 22:26:04 | DEBUG | sivi:base_reverse_runner.py:261| eval_kl_ite | Epoch 570, Reverse Model KL ITE: 0.0117
2026-03-28 22:26:04 | DEBUG | sivi:base_runner.py:347| eval_w2 | Epoch 570, VI W2 to baseline: 1.0470
2026-03-28 22:26:04 | DEBUG | sivi:base_reverse_runner.py:272| eval_w2 | Epoch 570, Reverse Model W2: 0.0506
2026-03-28 22:26:04 | DEBUG | sivi:base_runner.py:477| eval_elbo | Epoch 570, ELBO: -1.8425, Std Total: 3.3950, Std Q: nan, CI Half: 0.2976
2026-03-28 22:26:04 | DEBUG | sivi:base_runner.py:507| eval_ksd | Epoch 570, VI KSD: 0.1848
2026-03-28 22:26:05 | DEBUG | sivi:base_runner.py:337| eval_kl_ite | Epoch 580, VI KL to baseline: 1.3805
2026-03-28 22:26:05 | DEBUG | sivi:base_reverse_runner.py:261| eval_kl_ite | Epoch 580, Reverse Model KL ITE: 0.0048
2026-03-28 22:26:05 | DEBUG | sivi:base_runner.py:347| eval_w2 | Epoch 580, VI W2 to baseline: 1.0812
2026-03-28 22:26:05 | DEBUG | sivi:base_reverse_runner.py:272| eval_w2 | Epoch 580, Reverse Model W2: 0.0488
2026-03-28 22:26:05 | DEBUG | sivi:base_runner.py:477| eval_elbo | Epoch 580, ELBO: -1.8581, Std Total: 3.4844, Std Q: nan, CI Half: 0.3054
2026-03-28 22:26:05 | DEBUG | sivi:base_runner.py:507| eval_ksd | Epoch 580, VI KSD: 0.1757
2026-03-28 22:26:05 | DEBUG | sivi:base_runner.py:337| eval_kl_ite | Epoch 590, VI KL to baseline: 1.3401
2026-03-28 22:26:05 | DEBUG | sivi:base_reverse_runner.py:261| eval_kl_ite | Epoch 590, Reverse Model KL ITE: -0.0016
2026-03-28 22:26:05 | DEBUG | sivi:base_runner.py:347| eval_w2 | Epoch 590, VI W2 to baseline: 1.0660
2026-03-28 22:26:05 | DEBUG | sivi:base_reverse_runner.py:272| eval_w2 | Epoch 590, Reverse Model W2: 0.0475
2026-03-28 22:26:05 | DEBUG | sivi:base_runner.py:477| eval_elbo | Epoch 590, ELBO: -1.9919, Std Total: 3.5575, Std Q: nan, CI Half: 0.3118
2026-03-28 22:26:05 | DEBUG | sivi:base_runner.py:507| eval_ksd | Epoch 590, VI KSD: 0.1799
2026-03-28 22:26:05 | DEBUG | sivi:base_runner.py:874| learn | Epoch 600: Avg Loss: 0.0043, Avg Epoch Time: 0.0523s
2026-03-28 22:26:06 | DEBUG | sivi:base_runner.py:337| eval_kl_ite | Epoch 600, VI KL to baseline: 1.3118
2026-03-28 22:26:06 | DEBUG | sivi:base_reverse_runner.py:261| eval_kl_ite | Epoch 600, Reverse Model KL ITE: -0.0125
2026-03-28 22:26:06 | DEBUG | sivi:base_runner.py:347| eval_w2 | Epoch 600, VI W2 to baseline: 1.0478
2026-03-28 22:26:06 | DEBUG | sivi:base_reverse_runner.py:272| eval_w2 | Epoch 600, Reverse Model W2: 0.0480
2026-03-28 22:26:06 | DEBUG | sivi:base_runner.py:477| eval_elbo | Epoch 600, ELBO: -1.4979, Std Total: 2.9502, Std Q: nan, CI Half: 0.2586
2026-03-28 22:26:06 | DEBUG | sivi:base_runner.py:507| eval_ksd | Epoch 600, VI KSD: 0.1828
2026-03-28 22:26:06 | DEBUG | sivi:base_runner.py:337| eval_kl_ite | Epoch 610, VI KL to baseline: 1.3478
2026-03-28 22:26:06 | DEBUG | sivi:base_reverse_runner.py:261| eval_kl_ite | Epoch 610, Reverse Model KL ITE: -0.0095
2026-03-28 22:26:06 | DEBUG | sivi:base_runner.py:347| eval_w2 | Epoch 610, VI W2 to baseline: 1.0711
2026-03-28 22:26:06 | DEBUG | sivi:base_reverse_runner.py:272| eval_w2 | Epoch 610, Reverse Model W2: 0.0571
2026-03-28 22:26:06 | DEBUG | sivi:base_runner.py:477| eval_elbo | Epoch 610, ELBO: -2.0881, Std Total: 3.6558, Std Q: nan, CI Half: 0.3204
2026-03-28 22:26:06 | DEBUG | sivi:base_runner.py:507| eval_ksd | Epoch 610, VI KSD: 0.1868
2026-03-28 22:26:07 | DEBUG | sivi:base_runner.py:337| eval_kl_ite | Epoch 620, VI KL to baseline: 1.3187
2026-03-28 22:26:07 | DEBUG | sivi:base_reverse_runner.py:261| eval_kl_ite | Epoch 620, Reverse Model KL ITE: 0.0155
2026-03-28 22:26:07 | DEBUG | sivi:base_runner.py:347| eval_w2 | Epoch 620, VI W2 to baseline: 1.0473
2026-03-28 22:26:07 | DEBUG | sivi:base_reverse_runner.py:272| eval_w2 | Epoch 620, Reverse Model W2: 0.0684
2026-03-28 22:26:07 | DEBUG | sivi:base_runner.py:477| eval_elbo | Epoch 620, ELBO: -1.9377, Std Total: 3.4551, Std Q: nan, CI Half: 0.3029
2026-03-28 22:26:07 | DEBUG | sivi:base_runner.py:507| eval_ksd | Epoch 620, VI KSD: 0.1848
2026-03-28 22:26:07 | DEBUG | sivi:base_runner.py:337| eval_kl_ite | Epoch 630, VI KL to baseline: 1.3142
2026-03-28 22:26:07 | DEBUG | sivi:base_reverse_runner.py:261| eval_kl_ite | Epoch 630, Reverse Model KL ITE: -0.0127
2026-03-28 22:26:07 | DEBUG | sivi:base_runner.py:347| eval_w2 | Epoch 630, VI W2 to baseline: 1.0377
2026-03-28 22:26:08 | DEBUG | sivi:base_reverse_runner.py:272| eval_w2 | Epoch 630, Reverse Model W2: 0.0559
2026-03-28 22:26:08 | DEBUG | sivi:base_runner.py:477| eval_elbo | Epoch 630, ELBO: -1.7479, Std Total: 3.2890, Std Q: nan, CI Half: 0.2883
2026-03-28 22:26:08 | DEBUG | sivi:base_runner.py:507| eval_ksd | Epoch 630, VI KSD: 0.1679
2026-03-28 22:26:08 | DEBUG | sivi:base_runner.py:337| eval_kl_ite | Epoch 640, VI KL to baseline: 1.2859
2026-03-28 22:26:08 | DEBUG | sivi:base_reverse_runner.py:261| eval_kl_ite | Epoch 640, Reverse Model KL ITE: 0.0083
2026-03-28 22:26:08 | DEBUG | sivi:base_runner.py:347| eval_w2 | Epoch 640, VI W2 to baseline: 1.0294
2026-03-28 22:26:08 | DEBUG | sivi:base_reverse_runner.py:272| eval_w2 | Epoch 640, Reverse Model W2: 0.0457
2026-03-28 22:26:08 | DEBUG | sivi:base_runner.py:477| eval_elbo | Epoch 640, ELBO: -1.8568, Std Total: 3.6253, Std Q: nan, CI Half: 0.3178
2026-03-28 22:26:08 | DEBUG | sivi:base_runner.py:507| eval_ksd | Epoch 640, VI KSD: 0.1666
2026-03-28 22:26:09 | DEBUG | sivi:base_runner.py:337| eval_kl_ite | Epoch 650, VI KL to baseline: 1.3105
2026-03-28 22:26:09 | DEBUG | sivi:base_reverse_runner.py:261| eval_kl_ite | Epoch 650, Reverse Model KL ITE: 0.0093
2026-03-28 22:26:09 | DEBUG | sivi:base_runner.py:347| eval_w2 | Epoch 650, VI W2 to baseline: 1.0226
2026-03-28 22:26:09 | DEBUG | sivi:base_reverse_runner.py:272| eval_w2 | Epoch 650, Reverse Model W2: 0.0539
2026-03-28 22:26:09 | DEBUG | sivi:base_runner.py:477| eval_elbo | Epoch 650, ELBO: -1.6156, Std Total: 3.0184, Std Q: nan, CI Half: 0.2646
2026-03-28 22:26:09 | DEBUG | sivi:base_runner.py:507| eval_ksd | Epoch 650, VI KSD: 0.1729
2026-03-28 22:26:09 | DEBUG | sivi:base_runner.py:337| eval_kl_ite | Epoch 660, VI KL to baseline: 1.2452
2026-03-28 22:26:09 | DEBUG | sivi:base_reverse_runner.py:261| eval_kl_ite | Epoch 660, Reverse Model KL ITE: 0.0011
2026-03-28 22:26:09 | DEBUG | sivi:base_runner.py:347| eval_w2 | Epoch 660, VI W2 to baseline: 1.0089
2026-03-28 22:26:09 | DEBUG | sivi:base_reverse_runner.py:272| eval_w2 | Epoch 660, Reverse Model W2: 0.0459
2026-03-28 22:26:09 | DEBUG | sivi:base_runner.py:477| eval_elbo | Epoch 660, ELBO: -2.0623, Std Total: 3.4958, Std Q: nan, CI Half: 0.3064
2026-03-28 22:26:09 | DEBUG | sivi:base_runner.py:507| eval_ksd | Epoch 660, VI KSD: 0.1830
2026-03-28 22:26:10 | DEBUG | sivi:base_runner.py:337| eval_kl_ite | Epoch 670, VI KL to baseline: 1.2341
2026-03-28 22:26:10 | DEBUG | sivi:base_reverse_runner.py:261| eval_kl_ite | Epoch 670, Reverse Model KL ITE: 0.0149
2026-03-28 22:26:10 | DEBUG | sivi:base_runner.py:347| eval_w2 | Epoch 670, VI W2 to baseline: 0.9777
2026-03-28 22:26:10 | DEBUG | sivi:base_reverse_runner.py:272| eval_w2 | Epoch 670, Reverse Model W2: 0.0500
2026-03-28 22:26:10 | DEBUG | sivi:base_runner.py:477| eval_elbo | Epoch 670, ELBO: -1.5546, Std Total: 3.3962, Std Q: nan, CI Half: 0.2977
2026-03-28 22:26:10 | DEBUG | sivi:base_runner.py:507| eval_ksd | Epoch 670, VI KSD: 0.1672
2026-03-28 22:26:10 | DEBUG | sivi:base_runner.py:337| eval_kl_ite | Epoch 680, VI KL to baseline: 1.2574
2026-03-28 22:26:10 | DEBUG | sivi:base_reverse_runner.py:261| eval_kl_ite | Epoch 680, Reverse Model KL ITE: -0.0067
2026-03-28 22:26:10 | DEBUG | sivi:base_runner.py:347| eval_w2 | Epoch 680, VI W2 to baseline: 0.9790
2026-03-28 22:26:10 | DEBUG | sivi:base_reverse_runner.py:272| eval_w2 | Epoch 680, Reverse Model W2: 0.0569
2026-03-28 22:26:10 | DEBUG | sivi:base_runner.py:477| eval_elbo | Epoch 680, ELBO: -1.8765, Std Total: 3.3398, Std Q: nan, CI Half: 0.2927
2026-03-28 22:26:10 | DEBUG | sivi:base_runner.py:507| eval_ksd | Epoch 680, VI KSD: 0.1654
2026-03-28 22:26:11 | DEBUG | sivi:base_runner.py:337| eval_kl_ite | Epoch 690, VI KL to baseline: 1.2333
2026-03-28 22:26:11 | DEBUG | sivi:base_reverse_runner.py:261| eval_kl_ite | Epoch 690, Reverse Model KL ITE: 0.0028
2026-03-28 22:26:11 | DEBUG | sivi:base_runner.py:347| eval_w2 | Epoch 690, VI W2 to baseline: 0.9777
2026-03-28 22:26:11 | DEBUG | sivi:base_reverse_runner.py:272| eval_w2 | Epoch 690, Reverse Model W2: 0.0514
2026-03-28 22:26:11 | DEBUG | sivi:base_runner.py:477| eval_elbo | Epoch 690, ELBO: -1.9312, Std Total: 3.4435, Std Q: nan, CI Half: 0.3018
2026-03-28 22:26:11 | DEBUG | sivi:base_runner.py:507| eval_ksd | Epoch 690, VI KSD: 0.1669
2026-03-28 22:26:11 | DEBUG | sivi:base_runner.py:874| learn | Epoch 700: Avg Loss: -0.0004, Avg Epoch Time: 0.0555s
2026-03-28 22:26:11 | DEBUG | sivi:base_runner.py:337| eval_kl_ite | Epoch 700, VI KL to baseline: 1.1695
2026-03-28 22:26:11 | DEBUG | sivi:base_reverse_runner.py:261| eval_kl_ite | Epoch 700, Reverse Model KL ITE: -0.0122
2026-03-28 22:26:11 | DEBUG | sivi:base_runner.py:347| eval_w2 | Epoch 700, VI W2 to baseline: 0.9543
2026-03-28 22:26:11 | DEBUG | sivi:base_reverse_runner.py:272| eval_w2 | Epoch 700, Reverse Model W2: 0.0722
2026-03-28 22:26:11 | DEBUG | sivi:base_runner.py:477| eval_elbo | Epoch 700, ELBO: -1.6740, Std Total: 3.2968, Std Q: nan, CI Half: 0.2890
2026-03-28 22:26:11 | DEBUG | sivi:base_runner.py:507| eval_ksd | Epoch 700, VI KSD: 0.1556
2026-03-28 22:26:12 | DEBUG | sivi:base_runner.py:337| eval_kl_ite | Epoch 710, VI KL to baseline: 1.1742
2026-03-28 22:26:12 | DEBUG | sivi:base_reverse_runner.py:261| eval_kl_ite | Epoch 710, Reverse Model KL ITE: -0.0251
2026-03-28 22:26:12 | DEBUG | sivi:base_runner.py:347| eval_w2 | Epoch 710, VI W2 to baseline: 0.9644
2026-03-28 22:26:12 | DEBUG | sivi:base_reverse_runner.py:272| eval_w2 | Epoch 710, Reverse Model W2: 0.0461
2026-03-28 22:26:12 | DEBUG | sivi:base_runner.py:477| eval_elbo | Epoch 710, ELBO: -1.6366, Std Total: 3.0137, Std Q: nan, CI Half: 0.2642
2026-03-28 22:26:12 | DEBUG | sivi:base_runner.py:507| eval_ksd | Epoch 710, VI KSD: 0.1624
2026-03-28 22:26:12 | DEBUG | sivi:base_runner.py:337| eval_kl_ite | Epoch 720, VI KL to baseline: 1.1298
2026-03-28 22:26:12 | DEBUG | sivi:base_reverse_runner.py:261| eval_kl_ite | Epoch 720, Reverse Model KL ITE: 0.0098
2026-03-28 22:26:12 | DEBUG | sivi:base_runner.py:347| eval_w2 | Epoch 720, VI W2 to baseline: 0.9389
2026-03-28 22:26:12 | DEBUG | sivi:base_reverse_runner.py:272| eval_w2 | Epoch 720, Reverse Model W2: 0.0567
2026-03-28 22:26:12 | DEBUG | sivi:base_runner.py:477| eval_elbo | Epoch 720, ELBO: -1.5237, Std Total: 3.0353, Std Q: nan, CI Half: 0.2661
2026-03-28 22:26:12 | DEBUG | sivi:base_runner.py:507| eval_ksd | Epoch 720, VI KSD: 0.1307
2026-03-28 22:26:13 | DEBUG | sivi:base_runner.py:337| eval_kl_ite | Epoch 730, VI KL to baseline: 1.1311
2026-03-28 22:26:13 | DEBUG | sivi:base_reverse_runner.py:261| eval_kl_ite | Epoch 730, Reverse Model KL ITE: 0.0061
2026-03-28 22:26:13 | DEBUG | sivi:base_runner.py:347| eval_w2 | Epoch 730, VI W2 to baseline: 0.9246
2026-03-28 22:26:13 | DEBUG | sivi:base_reverse_runner.py:272| eval_w2 | Epoch 730, Reverse Model W2: 0.0582
2026-03-28 22:26:13 | DEBUG | sivi:base_runner.py:477| eval_elbo | Epoch 730, ELBO: -1.5035, Std Total: 3.0211, Std Q: nan, CI Half: 0.2648
2026-03-28 22:26:13 | DEBUG | sivi:base_runner.py:507| eval_ksd | Epoch 730, VI KSD: 0.1532
2026-03-28 22:26:13 | DEBUG | sivi:base_runner.py:337| eval_kl_ite | Epoch 740, VI KL to baseline: 1.1773
2026-03-28 22:26:13 | DEBUG | sivi:base_reverse_runner.py:261| eval_kl_ite | Epoch 740, Reverse Model KL ITE: 0.0085
2026-03-28 22:26:13 | DEBUG | sivi:base_runner.py:347| eval_w2 | Epoch 740, VI W2 to baseline: 0.9515
2026-03-28 22:26:13 | DEBUG | sivi:base_reverse_runner.py:272| eval_w2 | Epoch 740, Reverse Model W2: 0.0581
2026-03-28 22:26:13 | DEBUG | sivi:base_runner.py:477| eval_elbo | Epoch 740, ELBO: -1.6977, Std Total: 3.0330, Std Q: nan, CI Half: 0.2659
2026-03-28 22:26:13 | DEBUG | sivi:base_runner.py:507| eval_ksd | Epoch 740, VI KSD: 0.1532
2026-03-28 22:26:14 | DEBUG | sivi:base_runner.py:337| eval_kl_ite | Epoch 750, VI KL to baseline: 1.1367
2026-03-28 22:26:14 | DEBUG | sivi:base_reverse_runner.py:261| eval_kl_ite | Epoch 750, Reverse Model KL ITE: 0.0151
2026-03-28 22:26:14 | DEBUG | sivi:base_runner.py:347| eval_w2 | Epoch 750, VI W2 to baseline: 0.9673
2026-03-28 22:26:14 | DEBUG | sivi:base_reverse_runner.py:272| eval_w2 | Epoch 750, Reverse Model W2: 0.0510
2026-03-28 22:26:14 | DEBUG | sivi:base_runner.py:477| eval_elbo | Epoch 750, ELBO: -1.2777, Std Total: 2.7938, Std Q: nan, CI Half: 0.2449
2026-03-28 22:26:14 | DEBUG | sivi:base_runner.py:507| eval_ksd | Epoch 750, VI KSD: 0.1468
2026-03-28 22:26:14 | DEBUG | sivi:base_runner.py:337| eval_kl_ite | Epoch 760, VI KL to baseline: 1.0880
2026-03-28 22:26:14 | DEBUG | sivi:base_reverse_runner.py:261| eval_kl_ite | Epoch 760, Reverse Model KL ITE: 0.0103
2026-03-28 22:26:14 | DEBUG | sivi:base_runner.py:347| eval_w2 | Epoch 760, VI W2 to baseline: 0.9109
2026-03-28 22:26:14 | DEBUG | sivi:base_reverse_runner.py:272| eval_w2 | Epoch 760, Reverse Model W2: 0.0555
2026-03-28 22:26:14 | DEBUG | sivi:base_runner.py:477| eval_elbo | Epoch 760, ELBO: -1.3776, Std Total: 2.8444, Std Q: nan, CI Half: 0.2493
2026-03-28 22:26:14 | DEBUG | sivi:base_runner.py:507| eval_ksd | Epoch 760, VI KSD: 0.1348
2026-03-28 22:26:15 | DEBUG | sivi:base_runner.py:337| eval_kl_ite | Epoch 770, VI KL to baseline: 1.0923
2026-03-28 22:26:15 | DEBUG | sivi:base_reverse_runner.py:261| eval_kl_ite | Epoch 770, Reverse Model KL ITE: 0.0135
2026-03-28 22:26:15 | DEBUG | sivi:base_runner.py:347| eval_w2 | Epoch 770, VI W2 to baseline: 0.9437
2026-03-28 22:26:15 | DEBUG | sivi:base_reverse_runner.py:272| eval_w2 | Epoch 770, Reverse Model W2: 0.0768
2026-03-28 22:26:15 | DEBUG | sivi:base_runner.py:477| eval_elbo | Epoch 770, ELBO: -1.7843, Std Total: 3.1571, Std Q: nan, CI Half: 0.2767
2026-03-28 22:26:15 | DEBUG | sivi:base_runner.py:507| eval_ksd | Epoch 770, VI KSD: 0.1470
2026-03-28 22:26:15 | DEBUG | sivi:base_runner.py:337| eval_kl_ite | Epoch 780, VI KL to baseline: 1.0993
2026-03-28 22:26:15 | DEBUG | sivi:base_reverse_runner.py:261| eval_kl_ite | Epoch 780, Reverse Model KL ITE: 0.0189
2026-03-28 22:26:15 | DEBUG | sivi:base_runner.py:347| eval_w2 | Epoch 780, VI W2 to baseline: 0.8978
2026-03-28 22:26:15 | DEBUG | sivi:base_reverse_runner.py:272| eval_w2 | Epoch 780, Reverse Model W2: 0.0571
2026-03-28 22:26:15 | DEBUG | sivi:base_runner.py:477| eval_elbo | Epoch 780, ELBO: -1.4514, Std Total: 2.8936, Std Q: nan, CI Half: 0.2536
2026-03-28 22:26:15 | DEBUG | sivi:base_runner.py:507| eval_ksd | Epoch 780, VI KSD: 0.1314
2026-03-28 22:26:16 | DEBUG | sivi:base_runner.py:337| eval_kl_ite | Epoch 790, VI KL to baseline: 1.0493
2026-03-28 22:26:16 | DEBUG | sivi:base_reverse_runner.py:261| eval_kl_ite | Epoch 790, Reverse Model KL ITE: 0.0132
2026-03-28 22:26:16 | DEBUG | sivi:base_runner.py:347| eval_w2 | Epoch 790, VI W2 to baseline: 0.9077
2026-03-28 22:26:16 | DEBUG | sivi:base_reverse_runner.py:272| eval_w2 | Epoch 790, Reverse Model W2: 0.0657
2026-03-28 22:26:16 | DEBUG | sivi:base_runner.py:477| eval_elbo | Epoch 790, ELBO: -1.4148, Std Total: 2.9179, Std Q: nan, CI Half: 0.2558
2026-03-28 22:26:16 | DEBUG | sivi:base_runner.py:507| eval_ksd | Epoch 790, VI KSD: 0.1361
2026-03-28 22:26:16 | DEBUG | sivi:base_runner.py:874| learn | Epoch 800: Avg Loss: 0.0004, Avg Epoch Time: 0.0521s
2026-03-28 22:26:16 | DEBUG | sivi:base_runner.py:337| eval_kl_ite | Epoch 800, VI KL to baseline: 1.0338
2026-03-28 22:26:16 | DEBUG | sivi:base_reverse_runner.py:261| eval_kl_ite | Epoch 800, Reverse Model KL ITE: 0.0325
2026-03-28 22:26:16 | DEBUG | sivi:base_runner.py:347| eval_w2 | Epoch 800, VI W2 to baseline: 0.8819
2026-03-28 22:26:16 | DEBUG | sivi:base_reverse_runner.py:272| eval_w2 | Epoch 800, Reverse Model W2: 0.0534
2026-03-28 22:26:16 | DEBUG | sivi:base_runner.py:477| eval_elbo | Epoch 800, ELBO: -1.3722, Std Total: 2.8603, Std Q: nan, CI Half: 0.2507
2026-03-28 22:26:16 | DEBUG | sivi:base_runner.py:507| eval_ksd | Epoch 800, VI KSD: 0.1278
2026-03-28 22:26:17 | DEBUG | sivi:base_runner.py:337| eval_kl_ite | Epoch 810, VI KL to baseline: 1.0512
2026-03-28 22:26:17 | DEBUG | sivi:base_reverse_runner.py:261| eval_kl_ite | Epoch 810, Reverse Model KL ITE: 0.0178
2026-03-28 22:26:17 | DEBUG | sivi:base_runner.py:347| eval_w2 | Epoch 810, VI W2 to baseline: 0.9016
2026-03-28 22:26:17 | DEBUG | sivi:base_reverse_runner.py:272| eval_w2 | Epoch 810, Reverse Model W2: 0.0523
2026-03-28 22:26:17 | DEBUG | sivi:base_runner.py:477| eval_elbo | Epoch 810, ELBO: -1.4197, Std Total: 2.8569, Std Q: nan, CI Half: 0.2504
2026-03-28 22:26:17 | DEBUG | sivi:base_runner.py:507| eval_ksd | Epoch 810, VI KSD: 0.1483
2026-03-28 22:26:17 | DEBUG | sivi:base_runner.py:337| eval_kl_ite | Epoch 820, VI KL to baseline: 1.0573
2026-03-28 22:26:17 | DEBUG | sivi:base_reverse_runner.py:261| eval_kl_ite | Epoch 820, Reverse Model KL ITE: 0.0002
2026-03-28 22:26:18 | DEBUG | sivi:base_runner.py:347| eval_w2 | Epoch 820, VI W2 to baseline: 0.8820
2026-03-28 22:26:18 | DEBUG | sivi:base_reverse_runner.py:272| eval_w2 | Epoch 820, Reverse Model W2: 0.0547
2026-03-28 22:26:18 | DEBUG | sivi:base_runner.py:477| eval_elbo | Epoch 820, ELBO: -1.3685, Std Total: 2.8113, Std Q: nan, CI Half: 0.2464
2026-03-28 22:26:18 | DEBUG | sivi:base_runner.py:507| eval_ksd | Epoch 820, VI KSD: 0.1213
2026-03-28 22:26:18 | DEBUG | sivi:base_runner.py:337| eval_kl_ite | Epoch 830, VI KL to baseline: 1.0252
2026-03-28 22:26:18 | DEBUG | sivi:base_reverse_runner.py:261| eval_kl_ite | Epoch 830, Reverse Model KL ITE: 0.0030
2026-03-28 22:26:18 | DEBUG | sivi:base_runner.py:347| eval_w2 | Epoch 830, VI W2 to baseline: 0.8432
2026-03-28 22:26:18 | DEBUG | sivi:base_reverse_runner.py:272| eval_w2 | Epoch 830, Reverse Model W2: 0.0531
2026-03-28 22:26:18 | DEBUG | sivi:base_runner.py:477| eval_elbo | Epoch 830, ELBO: -1.4593, Std Total: 2.7370, Std Q: nan, CI Half: 0.2399
2026-03-28 22:26:18 | DEBUG | sivi:base_runner.py:507| eval_ksd | Epoch 830, VI KSD: 0.1194
2026-03-28 22:26:18 | DEBUG | sivi:base_runner.py:337| eval_kl_ite | Epoch 840, VI KL to baseline: 0.9577
2026-03-28 22:26:18 | DEBUG | sivi:base_reverse_runner.py:261| eval_kl_ite | Epoch 840, Reverse Model KL ITE: 0.0175
2026-03-28 22:26:19 | DEBUG | sivi:base_runner.py:347| eval_w2 | Epoch 840, VI W2 to baseline: 0.8655
2026-03-28 22:26:19 | DEBUG | sivi:base_reverse_runner.py:272| eval_w2 | Epoch 840, Reverse Model W2: 0.0576
2026-03-28 22:26:19 | DEBUG | sivi:base_runner.py:477| eval_elbo | Epoch 840, ELBO: -1.4091, Std Total: 2.9138, Std Q: nan, CI Half: 0.2554
2026-03-28 22:26:19 | DEBUG | sivi:base_runner.py:507| eval_ksd | Epoch 840, VI KSD: 0.1335
2026-03-28 22:26:19 | DEBUG | sivi:base_runner.py:337| eval_kl_ite | Epoch 850, VI KL to baseline: 0.9895
2026-03-28 22:26:19 | DEBUG | sivi:base_reverse_runner.py:261| eval_kl_ite | Epoch 850, Reverse Model KL ITE: -0.0130
2026-03-28 22:26:19 | DEBUG | sivi:base_runner.py:347| eval_w2 | Epoch 850, VI W2 to baseline: 0.8522
2026-03-28 22:26:19 | DEBUG | sivi:base_reverse_runner.py:272| eval_w2 | Epoch 850, Reverse Model W2: 0.0537
2026-03-28 22:26:19 | DEBUG | sivi:base_runner.py:477| eval_elbo | Epoch 850, ELBO: -1.5496, Std Total: 2.9883, Std Q: nan, CI Half: 0.2619
2026-03-28 22:26:19 | DEBUG | sivi:base_runner.py:507| eval_ksd | Epoch 850, VI KSD: 0.1214
2026-03-28 22:26:19 | DEBUG | sivi:base_runner.py:337| eval_kl_ite | Epoch 860, VI KL to baseline: 0.9576
2026-03-28 22:26:19 | DEBUG | sivi:base_reverse_runner.py:261| eval_kl_ite | Epoch 860, Reverse Model KL ITE: 0.0235
2026-03-28 22:26:20 | DEBUG | sivi:base_runner.py:347| eval_w2 | Epoch 860, VI W2 to baseline: 0.8371
2026-03-28 22:26:20 | DEBUG | sivi:base_reverse_runner.py:272| eval_w2 | Epoch 860, Reverse Model W2: 0.0573
2026-03-28 22:26:20 | DEBUG | sivi:base_runner.py:477| eval_elbo | Epoch 860, ELBO: -1.2324, Std Total: 2.6190, Std Q: nan, CI Half: 0.2296
2026-03-28 22:26:20 | DEBUG | sivi:base_runner.py:507| eval_ksd | Epoch 860, VI KSD: 0.1227
2026-03-28 22:26:20 | DEBUG | sivi:base_runner.py:337| eval_kl_ite | Epoch 870, VI KL to baseline: 0.9880
2026-03-28 22:26:20 | DEBUG | sivi:base_reverse_runner.py:261| eval_kl_ite | Epoch 870, Reverse Model KL ITE: 0.0035
2026-03-28 22:26:20 | DEBUG | sivi:base_runner.py:347| eval_w2 | Epoch 870, VI W2 to baseline: 0.8311
2026-03-28 22:26:20 | DEBUG | sivi:base_reverse_runner.py:272| eval_w2 | Epoch 870, Reverse Model W2: 0.0626
2026-03-28 22:26:20 | DEBUG | sivi:base_runner.py:477| eval_elbo | Epoch 870, ELBO: -1.3122, Std Total: 2.6254, Std Q: nan, CI Half: 0.2301
2026-03-28 22:26:20 | DEBUG | sivi:base_runner.py:507| eval_ksd | Epoch 870, VI KSD: 0.1212
2026-03-28 22:26:20 | DEBUG | sivi:base_runner.py:337| eval_kl_ite | Epoch 880, VI KL to baseline: 0.9694
2026-03-28 22:26:21 | DEBUG | sivi:base_reverse_runner.py:261| eval_kl_ite | Epoch 880, Reverse Model KL ITE: 0.0257
2026-03-28 22:26:21 | DEBUG | sivi:base_runner.py:347| eval_w2 | Epoch 880, VI W2 to baseline: 0.8330
2026-03-28 22:26:21 | DEBUG | sivi:base_reverse_runner.py:272| eval_w2 | Epoch 880, Reverse Model W2: 0.0453
2026-03-28 22:26:21 | DEBUG | sivi:base_runner.py:477| eval_elbo | Epoch 880, ELBO: -1.2080, Std Total: 2.5644, Std Q: nan, CI Half: 0.2248
2026-03-28 22:26:21 | DEBUG | sivi:base_runner.py:507| eval_ksd | Epoch 880, VI KSD: 0.1271
2026-03-28 22:26:21 | DEBUG | sivi:base_runner.py:337| eval_kl_ite | Epoch 890, VI KL to baseline: 0.9292
2026-03-28 22:26:21 | DEBUG | sivi:base_reverse_runner.py:261| eval_kl_ite | Epoch 890, Reverse Model KL ITE: 0.0117
2026-03-28 22:26:21 | DEBUG | sivi:base_runner.py:347| eval_w2 | Epoch 890, VI W2 to baseline: 0.8520
2026-03-28 22:26:21 | DEBUG | sivi:base_reverse_runner.py:272| eval_w2 | Epoch 890, Reverse Model W2: 0.0508
2026-03-28 22:26:21 | DEBUG | sivi:base_runner.py:477| eval_elbo | Epoch 890, ELBO: -1.4100, Std Total: 2.6906, Std Q: nan, CI Half: 0.2358
2026-03-28 22:26:21 | DEBUG | sivi:base_runner.py:507| eval_ksd | Epoch 890, VI KSD: 0.1278
2026-03-28 22:26:22 | DEBUG | sivi:base_runner.py:874| learn | Epoch 900: Avg Loss: 0.0009, Avg Epoch Time: 0.0537s
2026-03-28 22:26:22 | DEBUG | sivi:base_runner.py:337| eval_kl_ite | Epoch 900, VI KL to baseline: 0.9455
2026-03-28 22:26:22 | DEBUG | sivi:base_reverse_runner.py:261| eval_kl_ite | Epoch 900, Reverse Model KL ITE: -0.0016
2026-03-28 22:26:22 | DEBUG | sivi:base_runner.py:347| eval_w2 | Epoch 900, VI W2 to baseline: 0.8389
2026-03-28 22:26:22 | DEBUG | sivi:base_reverse_runner.py:272| eval_w2 | Epoch 900, Reverse Model W2: 0.0492
2026-03-28 22:26:22 | DEBUG | sivi:base_runner.py:477| eval_elbo | Epoch 900, ELBO: -1.0219, Std Total: 2.2762, Std Q: nan, CI Half: 0.1995
2026-03-28 22:26:22 | DEBUG | sivi:base_runner.py:507| eval_ksd | Epoch 900, VI KSD: 0.1222
2026-03-28 22:26:22 | DEBUG | sivi:base_runner.py:337| eval_kl_ite | Epoch 910, VI KL to baseline: 0.8932
2026-03-28 22:26:22 | DEBUG | sivi:base_reverse_runner.py:261| eval_kl_ite | Epoch 910, Reverse Model KL ITE: 0.0061
2026-03-28 22:26:22 | DEBUG | sivi:base_runner.py:347| eval_w2 | Epoch 910, VI W2 to baseline: 0.8050
2026-03-28 22:26:22 | DEBUG | sivi:base_reverse_runner.py:272| eval_w2 | Epoch 910, Reverse Model W2: 0.0516
2026-03-28 22:26:22 | DEBUG | sivi:base_runner.py:477| eval_elbo | Epoch 910, ELBO: -1.4182, Std Total: 2.7024, Std Q: nan, CI Half: 0.2369
2026-03-28 22:26:22 | DEBUG | sivi:base_runner.py:507| eval_ksd | Epoch 910, VI KSD: 0.1236
2026-03-28 22:26:23 | DEBUG | sivi:base_runner.py:337| eval_kl_ite | Epoch 920, VI KL to baseline: 0.9023
2026-03-28 22:26:23 | DEBUG | sivi:base_reverse_runner.py:261| eval_kl_ite | Epoch 920, Reverse Model KL ITE: 0.0156
2026-03-28 22:26:23 | DEBUG | sivi:base_runner.py:347| eval_w2 | Epoch 920, VI W2 to baseline: 0.8086
2026-03-28 22:26:23 | DEBUG | sivi:base_reverse_runner.py:272| eval_w2 | Epoch 920, Reverse Model W2: 0.0528
2026-03-28 22:26:23 | DEBUG | sivi:base_runner.py:477| eval_elbo | Epoch 920, ELBO: -1.3947, Std Total: 2.7359, Std Q: nan, CI Half: 0.2398
2026-03-28 22:26:23 | DEBUG | sivi:base_runner.py:507| eval_ksd | Epoch 920, VI KSD: 0.1142
2026-03-28 22:26:24 | DEBUG | sivi:base_runner.py:337| eval_kl_ite | Epoch 930, VI KL to baseline: 0.8988
2026-03-28 22:26:24 | DEBUG | sivi:base_reverse_runner.py:261| eval_kl_ite | Epoch 930, Reverse Model KL ITE: 0.0038
2026-03-28 22:26:24 | DEBUG | sivi:base_runner.py:347| eval_w2 | Epoch 930, VI W2 to baseline: 0.8373
2026-03-28 22:26:24 | DEBUG | sivi:base_reverse_runner.py:272| eval_w2 | Epoch 930, Reverse Model W2: 0.0505
2026-03-28 22:26:24 | DEBUG | sivi:base_runner.py:477| eval_elbo | Epoch 930, ELBO: -1.2897, Std Total: 2.6471, Std Q: nan, CI Half: 0.2320
2026-03-28 22:26:24 | DEBUG | sivi:base_runner.py:507| eval_ksd | Epoch 930, VI KSD: 0.1206
2026-03-28 22:26:24 | DEBUG | sivi:base_runner.py:337| eval_kl_ite | Epoch 940, VI KL to baseline: 0.9121
2026-03-28 22:26:24 | DEBUG | sivi:base_reverse_runner.py:261| eval_kl_ite | Epoch 940, Reverse Model KL ITE: 0.0262
2026-03-28 22:26:24 | DEBUG | sivi:base_runner.py:347| eval_w2 | Epoch 940, VI W2 to baseline: 0.7903
2026-03-28 22:26:24 | DEBUG | sivi:base_reverse_runner.py:272| eval_w2 | Epoch 940, Reverse Model W2: 0.0475
2026-03-28 22:26:24 | DEBUG | sivi:base_runner.py:477| eval_elbo | Epoch 940, ELBO: -1.2552, Std Total: 2.8914, Std Q: nan, CI Half: 0.2534
2026-03-28 22:26:24 | DEBUG | sivi:base_runner.py:507| eval_ksd | Epoch 940, VI KSD: 0.1266
2026-03-28 22:26:25 | DEBUG | sivi:base_runner.py:337| eval_kl_ite | Epoch 950, VI KL to baseline: 0.8430
2026-03-28 22:26:25 | DEBUG | sivi:base_reverse_runner.py:261| eval_kl_ite | Epoch 950, Reverse Model KL ITE: 0.0087
2026-03-28 22:26:25 | DEBUG | sivi:base_runner.py:347| eval_w2 | Epoch 950, VI W2 to baseline: 0.7759
2026-03-28 22:26:25 | DEBUG | sivi:base_reverse_runner.py:272| eval_w2 | Epoch 950, Reverse Model W2: 0.0591
2026-03-28 22:26:25 | DEBUG | sivi:base_runner.py:477| eval_elbo | Epoch 950, ELBO: -1.0292, Std Total: 2.2659, Std Q: nan, CI Half: 0.1986
2026-03-28 22:26:25 | DEBUG | sivi:base_runner.py:507| eval_ksd | Epoch 950, VI KSD: 0.1107
2026-03-28 22:26:25 | DEBUG | sivi:base_runner.py:337| eval_kl_ite | Epoch 960, VI KL to baseline: 0.8641
2026-03-28 22:26:25 | DEBUG | sivi:base_reverse_runner.py:261| eval_kl_ite | Epoch 960, Reverse Model KL ITE: 0.0079
2026-03-28 22:26:25 | DEBUG | sivi:base_runner.py:347| eval_w2 | Epoch 960, VI W2 to baseline: 0.8007
2026-03-28 22:26:25 | DEBUG | sivi:base_reverse_runner.py:272| eval_w2 | Epoch 960, Reverse Model W2: 0.0510
2026-03-28 22:26:25 | DEBUG | sivi:base_runner.py:477| eval_elbo | Epoch 960, ELBO: -1.4111, Std Total: 2.7592, Std Q: nan, CI Half: 0.2419
2026-03-28 22:26:25 | DEBUG | sivi:base_runner.py:507| eval_ksd | Epoch 960, VI KSD: 0.1149
2026-03-28 22:26:26 | DEBUG | sivi:base_runner.py:337| eval_kl_ite | Epoch 970, VI KL to baseline: 0.8635
2026-03-28 22:26:26 | DEBUG | sivi:base_reverse_runner.py:261| eval_kl_ite | Epoch 970, Reverse Model KL ITE: 0.0229
2026-03-28 22:26:26 | DEBUG | sivi:base_runner.py:347| eval_w2 | Epoch 970, VI W2 to baseline: 0.8019
2026-03-28 22:26:26 | DEBUG | sivi:base_reverse_runner.py:272| eval_w2 | Epoch 970, Reverse Model W2: 0.0523
2026-03-28 22:26:26 | DEBUG | sivi:base_runner.py:477| eval_elbo | Epoch 970, ELBO: -1.1945, Std Total: 2.5638, Std Q: nan, CI Half: 0.2247
2026-03-28 22:26:26 | DEBUG | sivi:base_runner.py:507| eval_ksd | Epoch 970, VI KSD: 0.1092
2026-03-28 22:26:27 | DEBUG | sivi:base_runner.py:337| eval_kl_ite | Epoch 980, VI KL to baseline: 0.8082
2026-03-28 22:26:27 | DEBUG | sivi:base_reverse_runner.py:261| eval_kl_ite | Epoch 980, Reverse Model KL ITE: -0.0004
2026-03-28 22:26:27 | DEBUG | sivi:base_runner.py:347| eval_w2 | Epoch 980, VI W2 to baseline: 0.7836
2026-03-28 22:26:27 | DEBUG | sivi:base_reverse_runner.py:272| eval_w2 | Epoch 980, Reverse Model W2: 0.0584
2026-03-28 22:26:27 | DEBUG | sivi:base_runner.py:477| eval_elbo | Epoch 980, ELBO: -1.0532, Std Total: 2.4875, Std Q: nan, CI Half: 0.2180
2026-03-28 22:26:27 | DEBUG | sivi:base_runner.py:507| eval_ksd | Epoch 980, VI KSD: 0.1100
2026-03-28 22:26:27 | DEBUG | sivi:base_runner.py:337| eval_kl_ite | Epoch 990, VI KL to baseline: 0.8314
2026-03-28 22:26:27 | DEBUG | sivi:base_reverse_runner.py:261| eval_kl_ite | Epoch 990, Reverse Model KL ITE: 0.0313
2026-03-28 22:26:27 | DEBUG | sivi:base_runner.py:347| eval_w2 | Epoch 990, VI W2 to baseline: 0.7668
2026-03-28 22:26:27 | DEBUG | sivi:base_reverse_runner.py:272| eval_w2 | Epoch 990, Reverse Model W2: 0.0462
2026-03-28 22:26:27 | DEBUG | sivi:base_runner.py:477| eval_elbo | Epoch 990, ELBO: -1.2285, Std Total: 2.5529, Std Q: nan, CI Half: 0.2238
2026-03-28 22:26:27 | DEBUG | sivi:base_runner.py:507| eval_ksd | Epoch 990, VI KSD: 0.1096
2026-03-28 22:26:28 | DEBUG | sivi:base_runner.py:874| learn | Epoch 1000: Avg Loss: 0.0001, Avg Epoch Time: 0.0617s
2026-03-28 22:26:28 | DEBUG | sivi:base_reverse_runner.py:183| _training_rev_log_func | Epoch 1000, Inner epoch 1, Reverse Model Loss: 4.9999, Avg Steps: 1.0000
2026-03-28 22:26:28 | DEBUG | sivi:base_runner.py:588| save_samples | Saved 100000 samples at epoch 1000.
2026-03-28 22:26:28 | DEBUG | sivi:base_runner.py:607| save_checkpoint | Saved VIModel checkpoints at epoch 1000 to results/AISIVI/multimodal/20260328_222515/checkpoints/epoch_1000.
2026-03-28 22:26:28 | DEBUG | sivi:base_reverse_runner.py:476| save_checkpoint | Saved reverse checkpoints at epoch 1000 to results/AISIVI/multimodal/20260328_222515/checkpoints/epoch_1000.
2026-03-28 22:26:28 | DEBUG | sivi:base_runner.py:337| eval_kl_ite | Epoch 1000, VI KL to baseline: 0.8416
2026-03-28 22:26:28 | DEBUG | sivi:base_reverse_runner.py:261| eval_kl_ite | Epoch 1000, Reverse Model KL ITE: 0.0085
2026-03-28 22:26:28 | DEBUG | sivi:base_runner.py:347| eval_w2 | Epoch 1000, VI W2 to baseline: 0.7650
2026-03-28 22:26:28 | DEBUG | sivi:base_reverse_runner.py:272| eval_w2 | Epoch 1000, Reverse Model W2: 0.0524
2026-03-28 22:26:28 | DEBUG | sivi:base_runner.py:477| eval_elbo | Epoch 1000, ELBO: -1.0693, Std Total: 2.3729, Std Q: nan, CI Half: 0.2080
2026-03-28 22:26:28 | DEBUG | sivi:base_runner.py:507| eval_ksd | Epoch 1000, VI KSD: 0.1018
2026-03-28 22:26:28 | DEBUG | sivi:base_runner.py:970| learn | Saved contour plot at epoch 1000.
2026-03-28 22:26:28 | DEBUG | sivi:base_runner.py:337| eval_kl_ite | Epoch 1010, VI KL to baseline: 0.8173
2026-03-28 22:26:28 | DEBUG | sivi:base_reverse_runner.py:261| eval_kl_ite | Epoch 1010, Reverse Model KL ITE: 0.0055
2026-03-28 22:26:28 | DEBUG | sivi:base_runner.py:347| eval_w2 | Epoch 1010, VI W2 to baseline: 0.7718
2026-03-28 22:26:28 | DEBUG | sivi:base_reverse_runner.py:272| eval_w2 | Epoch 1010, Reverse Model W2: 0.0470
2026-03-28 22:26:28 | DEBUG | sivi:base_runner.py:477| eval_elbo | Epoch 1010, ELBO: -1.0223, Std Total: 2.3676, Std Q: nan, CI Half: 0.2075
2026-03-28 22:26:28 | DEBUG | sivi:base_runner.py:507| eval_ksd | Epoch 1010, VI KSD: 0.1131
2026-03-28 22:26:29 | DEBUG | sivi:base_runner.py:337| eval_kl_ite | Epoch 1020, VI KL to baseline: 0.8489
2026-03-28 22:26:29 | DEBUG | sivi:base_reverse_runner.py:261| eval_kl_ite | Epoch 1020, Reverse Model KL ITE: 0.0089
2026-03-28 22:26:29 | DEBUG | sivi:base_runner.py:347| eval_w2 | Epoch 1020, VI W2 to baseline: 0.7737
2026-03-28 22:26:29 | DEBUG | sivi:base_reverse_runner.py:272| eval_w2 | Epoch 1020, Reverse Model W2: 0.0451
2026-03-28 22:26:29 | DEBUG | sivi:base_runner.py:477| eval_elbo | Epoch 1020, ELBO: -1.1782, Std Total: 2.3804, Std Q: nan, CI Half: 0.2086
2026-03-28 22:26:29 | DEBUG | sivi:base_runner.py:507| eval_ksd | Epoch 1020, VI KSD: 0.1088
2026-03-28 22:26:29 | DEBUG | sivi:base_runner.py:337| eval_kl_ite | Epoch 1030, VI KL to baseline: 0.8048
2026-03-28 22:26:29 | DEBUG | sivi:base_reverse_runner.py:261| eval_kl_ite | Epoch 1030, Reverse Model KL ITE: 0.0208
2026-03-28 22:26:29 | DEBUG | sivi:base_runner.py:347| eval_w2 | Epoch 1030, VI W2 to baseline: 0.7582
2026-03-28 22:26:29 | DEBUG | sivi:base_reverse_runner.py:272| eval_w2 | Epoch 1030, Reverse Model W2: 0.0436
2026-03-28 22:26:29 | DEBUG | sivi:base_runner.py:477| eval_elbo | Epoch 1030, ELBO: -1.0589, Std Total: 2.5155, Std Q: nan, CI Half: 0.2205
2026-03-28 22:26:29 | DEBUG | sivi:base_runner.py:507| eval_ksd | Epoch 1030, VI KSD: 0.1075
2026-03-28 22:26:30 | DEBUG | sivi:base_runner.py:337| eval_kl_ite | Epoch 1040, VI KL to baseline: 0.8112
2026-03-28 22:26:30 | DEBUG | sivi:base_reverse_runner.py:261| eval_kl_ite | Epoch 1040, Reverse Model KL ITE: 0.0145
2026-03-28 22:26:30 | DEBUG | sivi:base_runner.py:347| eval_w2 | Epoch 1040, VI W2 to baseline: 0.7357
2026-03-28 22:26:30 | DEBUG | sivi:base_reverse_runner.py:272| eval_w2 | Epoch 1040, Reverse Model W2: 0.0571
2026-03-28 22:26:30 | DEBUG | sivi:base_runner.py:477| eval_elbo | Epoch 1040, ELBO: -0.9017, Std Total: 2.1317, Std Q: nan, CI Half: 0.1869
2026-03-28 22:26:30 | DEBUG | sivi:base_runner.py:507| eval_ksd | Epoch 1040, VI KSD: 0.0929
2026-03-28 22:26:30 | DEBUG | sivi:base_runner.py:337| eval_kl_ite | Epoch 1050, VI KL to baseline: 0.8093
2026-03-28 22:26:30 | DEBUG | sivi:base_reverse_runner.py:261| eval_kl_ite | Epoch 1050, Reverse Model KL ITE: 0.0231
2026-03-28 22:26:30 | DEBUG | sivi:base_runner.py:347| eval_w2 | Epoch 1050, VI W2 to baseline: 0.7410
2026-03-28 22:26:30 | DEBUG | sivi:base_reverse_runner.py:272| eval_w2 | Epoch 1050, Reverse Model W2: 0.0462
2026-03-28 22:26:30 | DEBUG | sivi:base_runner.py:477| eval_elbo | Epoch 1050, ELBO: -0.9551, Std Total: 2.0467, Std Q: nan, CI Half: 0.1794
2026-03-28 22:26:30 | DEBUG | sivi:base_runner.py:507| eval_ksd | Epoch 1050, VI KSD: 0.1038
2026-03-28 22:26:31 | DEBUG | sivi:base_runner.py:337| eval_kl_ite | Epoch 1060, VI KL to baseline: 0.7837
2026-03-28 22:26:31 | DEBUG | sivi:base_reverse_runner.py:261| eval_kl_ite | Epoch 1060, Reverse Model KL ITE: 0.0177
2026-03-28 22:26:31 | DEBUG | sivi:base_runner.py:347| eval_w2 | Epoch 1060, VI W2 to baseline: 0.7476
2026-03-28 22:26:31 | DEBUG | sivi:base_reverse_runner.py:272| eval_w2 | Epoch 1060, Reverse Model W2: 0.0546
2026-03-28 22:26:31 | DEBUG | sivi:base_runner.py:477| eval_elbo | Epoch 1060, ELBO: -1.0930, Std Total: 2.3976, Std Q: nan, CI Half: 0.2102
2026-03-28 22:26:31 | DEBUG | sivi:base_runner.py:507| eval_ksd | Epoch 1060, VI KSD: 0.1001
2026-03-28 22:26:31 | DEBUG | sivi:base_runner.py:337| eval_kl_ite | Epoch 1070, VI KL to baseline: 0.7933
2026-03-28 22:26:32 | DEBUG | sivi:base_reverse_runner.py:261| eval_kl_ite | Epoch 1070, Reverse Model KL ITE: 0.0189
2026-03-28 22:26:32 | DEBUG | sivi:base_runner.py:347| eval_w2 | Epoch 1070, VI W2 to baseline: 0.7343
2026-03-28 22:26:32 | DEBUG | sivi:base_reverse_runner.py:272| eval_w2 | Epoch 1070, Reverse Model W2: 0.0434
2026-03-28 22:26:32 | DEBUG | sivi:base_runner.py:477| eval_elbo | Epoch 1070, ELBO: -1.0324, Std Total: 2.3198, Std Q: nan, CI Half: 0.2033
2026-03-28 22:26:32 | DEBUG | sivi:base_runner.py:507| eval_ksd | Epoch 1070, VI KSD: 0.1037
2026-03-28 22:26:32 | DEBUG | sivi:base_runner.py:337| eval_kl_ite | Epoch 1080, VI KL to baseline: 0.7362
2026-03-28 22:26:32 | DEBUG | sivi:base_reverse_runner.py:261| eval_kl_ite | Epoch 1080, Reverse Model KL ITE: 0.0255
2026-03-28 22:26:32 | DEBUG | sivi:base_runner.py:347| eval_w2 | Epoch 1080, VI W2 to baseline: 0.7325
2026-03-28 22:26:32 | DEBUG | sivi:base_reverse_runner.py:272| eval_w2 | Epoch 1080, Reverse Model W2: 0.0437
2026-03-28 22:26:32 | DEBUG | sivi:base_runner.py:477| eval_elbo | Epoch 1080, ELBO: -0.8052, Std Total: 2.1979, Std Q: nan, CI Half: 0.1927
2026-03-28 22:26:32 | DEBUG | sivi:base_runner.py:507| eval_ksd | Epoch 1080, VI KSD: 0.0992
2026-03-28 22:26:32 | DEBUG | sivi:base_runner.py:337| eval_kl_ite | Epoch 1090, VI KL to baseline: 0.7676
2026-03-28 22:26:33 | DEBUG | sivi:base_reverse_runner.py:261| eval_kl_ite | Epoch 1090, Reverse Model KL ITE: 0.0257
2026-03-28 22:26:33 | DEBUG | sivi:base_runner.py:347| eval_w2 | Epoch 1090, VI W2 to baseline: 0.7316
2026-03-28 22:26:33 | DEBUG | sivi:base_reverse_runner.py:272| eval_w2 | Epoch 1090, Reverse Model W2: 0.0514
2026-03-28 22:26:33 | DEBUG | sivi:base_runner.py:477| eval_elbo | Epoch 1090, ELBO: -0.8191, Std Total: 1.9172, Std Q: nan, CI Half: 0.1680
2026-03-28 22:26:33 | DEBUG | sivi:base_runner.py:507| eval_ksd | Epoch 1090, VI KSD: 0.1040
2026-03-28 22:26:33 | DEBUG | sivi:base_runner.py:874| learn | Epoch 1100: Avg Loss: 0.0009, Avg Epoch Time: 0.0517s
2026-03-28 22:26:33 | DEBUG | sivi:base_runner.py:337| eval_kl_ite | Epoch 1100, VI KL to baseline: 0.7557
2026-03-28 22:26:33 | DEBUG | sivi:base_reverse_runner.py:261| eval_kl_ite | Epoch 1100, Reverse Model KL ITE: 0.0200
2026-03-28 22:26:33 | DEBUG | sivi:base_runner.py:347| eval_w2 | Epoch 1100, VI W2 to baseline: 0.7163
2026-03-28 22:26:33 | DEBUG | sivi:base_reverse_runner.py:272| eval_w2 | Epoch 1100, Reverse Model W2: 0.0522
2026-03-28 22:26:33 | DEBUG | sivi:base_runner.py:477| eval_elbo | Epoch 1100, ELBO: -0.9931, Std Total: 2.6266, Std Q: nan, CI Half: 0.2302
2026-03-28 22:26:33 | DEBUG | sivi:base_runner.py:507| eval_ksd | Epoch 1100, VI KSD: 0.0992
2026-03-28 22:26:33 | DEBUG | sivi:base_runner.py:337| eval_kl_ite | Epoch 1110, VI KL to baseline: 0.7599
2026-03-28 22:26:34 | DEBUG | sivi:base_reverse_runner.py:261| eval_kl_ite | Epoch 1110, Reverse Model KL ITE: 0.0290
2026-03-28 22:26:34 | DEBUG | sivi:base_runner.py:347| eval_w2 | Epoch 1110, VI W2 to baseline: 0.7068
2026-03-28 22:26:34 | DEBUG | sivi:base_reverse_runner.py:272| eval_w2 | Epoch 1110, Reverse Model W2: 0.0486
2026-03-28 22:26:34 | DEBUG | sivi:base_runner.py:477| eval_elbo | Epoch 1110, ELBO: -1.0464, Std Total: 2.3459, Std Q: nan, CI Half: 0.2056
2026-03-28 22:26:34 | DEBUG | sivi:base_runner.py:507| eval_ksd | Epoch 1110, VI KSD: 0.0901
2026-03-28 22:26:34 | DEBUG | sivi:base_runner.py:337| eval_kl_ite | Epoch 1120, VI KL to baseline: 0.7548
2026-03-28 22:26:34 | DEBUG | sivi:base_reverse_runner.py:261| eval_kl_ite | Epoch 1120, Reverse Model KL ITE: 0.0383
2026-03-28 22:26:34 | DEBUG | sivi:base_runner.py:347| eval_w2 | Epoch 1120, VI W2 to baseline: 0.7226
2026-03-28 22:26:34 | DEBUG | sivi:base_reverse_runner.py:272| eval_w2 | Epoch 1120, Reverse Model W2: 0.0648
2026-03-28 22:26:34 | DEBUG | sivi:base_runner.py:477| eval_elbo | Epoch 1120, ELBO: -0.8413, Std Total: 1.9870, Std Q: nan, CI Half: 0.1742
2026-03-28 22:26:34 | DEBUG | sivi:base_runner.py:507| eval_ksd | Epoch 1120, VI KSD: 0.0936
2026-03-28 22:26:34 | DEBUG | sivi:base_runner.py:337| eval_kl_ite | Epoch 1130, VI KL to baseline: 0.7284
2026-03-28 22:26:34 | DEBUG | sivi:base_reverse_runner.py:261| eval_kl_ite | Epoch 1130, Reverse Model KL ITE: 0.0175
2026-03-28 22:26:34 | DEBUG | sivi:base_runner.py:347| eval_w2 | Epoch 1130, VI W2 to baseline: 0.6875
2026-03-28 22:26:34 | DEBUG | sivi:base_reverse_runner.py:272| eval_w2 | Epoch 1130, Reverse Model W2: 0.0494
2026-03-28 22:26:34 | DEBUG | sivi:base_runner.py:477| eval_elbo | Epoch 1130, ELBO: -0.8639, Std Total: 1.9829, Std Q: nan, CI Half: 0.1738
2026-03-28 22:26:34 | DEBUG | sivi:base_runner.py:507| eval_ksd | Epoch 1130, VI KSD: 0.0871
2026-03-28 22:26:35 | DEBUG | sivi:base_runner.py:337| eval_kl_ite | Epoch 1140, VI KL to baseline: 0.7265
2026-03-28 22:26:35 | DEBUG | sivi:base_reverse_runner.py:261| eval_kl_ite | Epoch 1140, Reverse Model KL ITE: 0.0239
2026-03-28 22:26:35 | DEBUG | sivi:base_runner.py:347| eval_w2 | Epoch 1140, VI W2 to baseline: 0.6978
2026-03-28 22:26:35 | DEBUG | sivi:base_reverse_runner.py:272| eval_w2 | Epoch 1140, Reverse Model W2: 0.0497
2026-03-28 22:26:35 | DEBUG | sivi:base_runner.py:477| eval_elbo | Epoch 1140, ELBO: -0.9254, Std Total: 2.0779, Std Q: nan, CI Half: 0.1821
2026-03-28 22:26:35 | DEBUG | sivi:base_runner.py:507| eval_ksd | Epoch 1140, VI KSD: 0.0984
2026-03-28 22:26:36 | DEBUG | sivi:base_runner.py:337| eval_kl_ite | Epoch 1150, VI KL to baseline: 0.7116
2026-03-28 22:26:36 | DEBUG | sivi:base_reverse_runner.py:261| eval_kl_ite | Epoch 1150, Reverse Model KL ITE: 0.0349
2026-03-28 22:26:36 | DEBUG | sivi:base_runner.py:347| eval_w2 | Epoch 1150, VI W2 to baseline: 0.6944
2026-03-28 22:26:36 | DEBUG | sivi:base_reverse_runner.py:272| eval_w2 | Epoch 1150, Reverse Model W2: 0.0446
2026-03-28 22:26:36 | DEBUG | sivi:base_runner.py:477| eval_elbo | Epoch 1150, ELBO: -0.8454, Std Total: 2.0678, Std Q: nan, CI Half: 0.1813
2026-03-28 22:26:36 | DEBUG | sivi:base_runner.py:507| eval_ksd | Epoch 1150, VI KSD: 0.0964
2026-03-28 22:26:36 | DEBUG | sivi:base_runner.py:337| eval_kl_ite | Epoch 1160, VI KL to baseline: 0.6725
2026-03-28 22:26:36 | DEBUG | sivi:base_reverse_runner.py:261| eval_kl_ite | Epoch 1160, Reverse Model KL ITE: 0.0285
2026-03-28 22:26:36 | DEBUG | sivi:base_runner.py:347| eval_w2 | Epoch 1160, VI W2 to baseline: 0.6957
2026-03-28 22:26:36 | DEBUG | sivi:base_reverse_runner.py:272| eval_w2 | Epoch 1160, Reverse Model W2: 0.0393
2026-03-28 22:26:36 | DEBUG | sivi:base_runner.py:477| eval_elbo | Epoch 1160, ELBO: -0.8392, Std Total: 1.9218, Std Q: nan, CI Half: 0.1684
2026-03-28 22:26:36 | DEBUG | sivi:base_runner.py:507| eval_ksd | Epoch 1160, VI KSD: 0.0891
2026-03-28 22:26:37 | DEBUG | sivi:base_runner.py:337| eval_kl_ite | Epoch 1170, VI KL to baseline: 0.6928
2026-03-28 22:26:37 | DEBUG | sivi:base_reverse_runner.py:261| eval_kl_ite | Epoch 1170, Reverse Model KL ITE: 0.0417
2026-03-28 22:26:37 | DEBUG | sivi:base_runner.py:347| eval_w2 | Epoch 1170, VI W2 to baseline: 0.6955
2026-03-28 22:26:37 | DEBUG | sivi:base_reverse_runner.py:272| eval_w2 | Epoch 1170, Reverse Model W2: 0.0413
2026-03-28 22:26:37 | DEBUG | sivi:base_runner.py:477| eval_elbo | Epoch 1170, ELBO: -0.7742, Std Total: 1.8094, Std Q: nan, CI Half: 0.1586
2026-03-28 22:26:37 | DEBUG | sivi:base_runner.py:507| eval_ksd | Epoch 1170, VI KSD: 0.0886
2026-03-28 22:26:37 | DEBUG | sivi:base_runner.py:337| eval_kl_ite | Epoch 1180, VI KL to baseline: 0.6643
2026-03-28 22:26:38 | DEBUG | sivi:base_reverse_runner.py:261| eval_kl_ite | Epoch 1180, Reverse Model KL ITE: 0.0324
2026-03-28 22:26:38 | DEBUG | sivi:base_runner.py:347| eval_w2 | Epoch 1180, VI W2 to baseline: 0.6753
2026-03-28 22:26:38 | DEBUG | sivi:base_reverse_runner.py:272| eval_w2 | Epoch 1180, Reverse Model W2: 0.0518
2026-03-28 22:26:38 | DEBUG | sivi:base_runner.py:477| eval_elbo | Epoch 1180, ELBO: -0.7955, Std Total: 1.9766, Std Q: nan, CI Half: 0.1733
2026-03-28 22:26:38 | DEBUG | sivi:base_runner.py:507| eval_ksd | Epoch 1180, VI KSD: 0.0914
2026-03-28 22:26:38 | DEBUG | sivi:base_runner.py:337| eval_kl_ite | Epoch 1190, VI KL to baseline: 0.7102
2026-03-28 22:26:38 | DEBUG | sivi:base_reverse_runner.py:261| eval_kl_ite | Epoch 1190, Reverse Model KL ITE: 0.0228
2026-03-28 22:26:38 | DEBUG | sivi:base_runner.py:347| eval_w2 | Epoch 1190, VI W2 to baseline: 0.6747
2026-03-28 22:26:38 | DEBUG | sivi:base_reverse_runner.py:272| eval_w2 | Epoch 1190, Reverse Model W2: 0.0453
2026-03-28 22:26:38 | DEBUG | sivi:base_runner.py:477| eval_elbo | Epoch 1190, ELBO: -0.9090, Std Total: 2.2664, Std Q: nan, CI Half: 0.1987
2026-03-28 22:26:38 | DEBUG | sivi:base_runner.py:507| eval_ksd | Epoch 1190, VI KSD: 0.0882
2026-03-28 22:26:38 | DEBUG | sivi:base_runner.py:874| learn | Epoch 1200: Avg Loss: 0.0021, Avg Epoch Time: 0.0558s
2026-03-28 22:26:39 | DEBUG | sivi:base_runner.py:337| eval_kl_ite | Epoch 1200, VI KL to baseline: 0.6478
2026-03-28 22:26:39 | DEBUG | sivi:base_reverse_runner.py:261| eval_kl_ite | Epoch 1200, Reverse Model KL ITE: 0.0321
2026-03-28 22:26:39 | DEBUG | sivi:base_runner.py:347| eval_w2 | Epoch 1200, VI W2 to baseline: 0.6828
2026-03-28 22:26:39 | DEBUG | sivi:base_reverse_runner.py:272| eval_w2 | Epoch 1200, Reverse Model W2: 0.0457
2026-03-28 22:26:39 | DEBUG | sivi:base_runner.py:477| eval_elbo | Epoch 1200, ELBO: -0.8431, Std Total: 2.0195, Std Q: nan, CI Half: 0.1770
2026-03-28 22:26:39 | DEBUG | sivi:base_runner.py:507| eval_ksd | Epoch 1200, VI KSD: 0.0910
2026-03-28 22:26:39 | DEBUG | sivi:base_runner.py:337| eval_kl_ite | Epoch 1210, VI KL to baseline: 0.6513
2026-03-28 22:26:39 | DEBUG | sivi:base_reverse_runner.py:261| eval_kl_ite | Epoch 1210, Reverse Model KL ITE: 0.0169
2026-03-28 22:26:39 | DEBUG | sivi:base_runner.py:347| eval_w2 | Epoch 1210, VI W2 to baseline: 0.6572
2026-03-28 22:26:39 | DEBUG | sivi:base_reverse_runner.py:272| eval_w2 | Epoch 1210, Reverse Model W2: 0.0588
2026-03-28 22:26:39 | DEBUG | sivi:base_runner.py:477| eval_elbo | Epoch 1210, ELBO: -0.9265, Std Total: 2.1138, Std Q: nan, CI Half: 0.1853
2026-03-28 22:26:39 | DEBUG | sivi:base_runner.py:507| eval_ksd | Epoch 1210, VI KSD: 0.0845
2026-03-28 22:26:40 | DEBUG | sivi:base_runner.py:337| eval_kl_ite | Epoch 1220, VI KL to baseline: 0.6668
2026-03-28 22:26:40 | DEBUG | sivi:base_reverse_runner.py:261| eval_kl_ite | Epoch 1220, Reverse Model KL ITE: 0.0091
2026-03-28 22:26:40 | DEBUG | sivi:base_runner.py:347| eval_w2 | Epoch 1220, VI W2 to baseline: 0.6622
2026-03-28 22:26:40 | DEBUG | sivi:base_reverse_runner.py:272| eval_w2 | Epoch 1220, Reverse Model W2: 0.0533
2026-03-28 22:26:40 | DEBUG | sivi:base_runner.py:477| eval_elbo | Epoch 1220, ELBO: -0.9583, Std Total: 2.1033, Std Q: nan, CI Half: 0.1844
2026-03-28 22:26:40 | DEBUG | sivi:base_runner.py:507| eval_ksd | Epoch 1220, VI KSD: 0.0857
2026-03-28 22:26:40 | DEBUG | sivi:base_runner.py:337| eval_kl_ite | Epoch 1230, VI KL to baseline: 0.6764
2026-03-28 22:26:40 | DEBUG | sivi:base_reverse_runner.py:261| eval_kl_ite | Epoch 1230, Reverse Model KL ITE: 0.0064
2026-03-28 22:26:40 | DEBUG | sivi:base_runner.py:347| eval_w2 | Epoch 1230, VI W2 to baseline: 0.6620
2026-03-28 22:26:40 | DEBUG | sivi:base_reverse_runner.py:272| eval_w2 | Epoch 1230, Reverse Model W2: 0.0505
2026-03-28 22:26:40 | DEBUG | sivi:base_runner.py:477| eval_elbo | Epoch 1230, ELBO: -0.6249, Std Total: 1.7159, Std Q: nan, CI Half: 0.1504
2026-03-28 22:26:40 | DEBUG | sivi:base_runner.py:507| eval_ksd | Epoch 1230, VI KSD: 0.0868
2026-03-28 22:26:41 | DEBUG | sivi:base_runner.py:337| eval_kl_ite | Epoch 1240, VI KL to baseline: 0.6090
2026-03-28 22:26:41 | DEBUG | sivi:base_reverse_runner.py:261| eval_kl_ite | Epoch 1240, Reverse Model KL ITE: -0.0039
2026-03-28 22:26:41 | DEBUG | sivi:base_runner.py:347| eval_w2 | Epoch 1240, VI W2 to baseline: 0.6409
2026-03-28 22:26:41 | DEBUG | sivi:base_reverse_runner.py:272| eval_w2 | Epoch 1240, Reverse Model W2: 0.0462
2026-03-28 22:26:41 | DEBUG | sivi:base_runner.py:477| eval_elbo | Epoch 1240, ELBO: -0.7251, Std Total: 1.9358, Std Q: nan, CI Half: 0.1697
2026-03-28 22:26:41 | DEBUG | sivi:base_runner.py:507| eval_ksd | Epoch 1240, VI KSD: 0.0775
2026-03-28 22:26:42 | DEBUG | sivi:base_runner.py:337| eval_kl_ite | Epoch 1250, VI KL to baseline: 0.6574
2026-03-28 22:26:42 | DEBUG | sivi:base_reverse_runner.py:261| eval_kl_ite | Epoch 1250, Reverse Model KL ITE: 0.0017
2026-03-28 22:26:42 | DEBUG | sivi:base_runner.py:347| eval_w2 | Epoch 1250, VI W2 to baseline: 0.6481
2026-03-28 22:26:42 | DEBUG | sivi:base_reverse_runner.py:272| eval_w2 | Epoch 1250, Reverse Model W2: 0.0567
2026-03-28 22:26:42 | DEBUG | sivi:base_runner.py:477| eval_elbo | Epoch 1250, ELBO: -0.7864, Std Total: 1.8355, Std Q: nan, CI Half: 0.1609
2026-03-28 22:26:42 | DEBUG | sivi:base_runner.py:507| eval_ksd | Epoch 1250, VI KSD: 0.0816
2026-03-28 22:26:42 | DEBUG | sivi:base_runner.py:337| eval_kl_ite | Epoch 1260, VI KL to baseline: 0.6384
2026-03-28 22:26:42 | DEBUG | sivi:base_reverse_runner.py:261| eval_kl_ite | Epoch 1260, Reverse Model KL ITE: 0.0247
2026-03-28 22:26:42 | DEBUG | sivi:base_runner.py:347| eval_w2 | Epoch 1260, VI W2 to baseline: 0.6470
2026-03-28 22:26:42 | DEBUG | sivi:base_reverse_runner.py:272| eval_w2 | Epoch 1260, Reverse Model W2: 0.0482
2026-03-28 22:26:42 | DEBUG | sivi:base_runner.py:477| eval_elbo | Epoch 1260, ELBO: -0.8105, Std Total: 1.7525, Std Q: nan, CI Half: 0.1536
2026-03-28 22:26:42 | DEBUG | sivi:base_runner.py:507| eval_ksd | Epoch 1260, VI KSD: 0.0897
2026-03-28 22:26:43 | DEBUG | sivi:base_runner.py:337| eval_kl_ite | Epoch 1270, VI KL to baseline: 0.6342
2026-03-28 22:26:43 | DEBUG | sivi:base_reverse_runner.py:261| eval_kl_ite | Epoch 1270, Reverse Model KL ITE: 0.0015
2026-03-28 22:26:43 | DEBUG | sivi:base_runner.py:347| eval_w2 | Epoch 1270, VI W2 to baseline: 0.6477
2026-03-28 22:26:43 | DEBUG | sivi:base_reverse_runner.py:272| eval_w2 | Epoch 1270, Reverse Model W2: 0.0413
2026-03-28 22:26:43 | DEBUG | sivi:base_runner.py:477| eval_elbo | Epoch 1270, ELBO: -0.8838, Std Total: 2.0874, Std Q: nan, CI Half: 0.1830
2026-03-28 22:26:43 | DEBUG | sivi:base_runner.py:507| eval_ksd | Epoch 1270, VI KSD: 0.0870
2026-03-28 22:26:43 | DEBUG | sivi:base_runner.py:337| eval_kl_ite | Epoch 1280, VI KL to baseline: 0.6081
2026-03-28 22:26:43 | DEBUG | sivi:base_reverse_runner.py:261| eval_kl_ite | Epoch 1280, Reverse Model KL ITE: 0.0191
2026-03-28 22:26:43 | DEBUG | sivi:base_runner.py:347| eval_w2 | Epoch 1280, VI W2 to baseline: 0.6260
2026-03-28 22:26:43 | DEBUG | sivi:base_reverse_runner.py:272| eval_w2 | Epoch 1280, Reverse Model W2: 0.0564
2026-03-28 22:26:43 | DEBUG | sivi:base_runner.py:477| eval_elbo | Epoch 1280, ELBO: -0.7381, Std Total: 1.8950, Std Q: nan, CI Half: 0.1661
2026-03-28 22:26:43 | DEBUG | sivi:base_runner.py:507| eval_ksd | Epoch 1280, VI KSD: 0.0767
2026-03-28 22:26:44 | DEBUG | sivi:base_runner.py:337| eval_kl_ite | Epoch 1290, VI KL to baseline: 0.6410
2026-03-28 22:26:44 | DEBUG | sivi:base_reverse_runner.py:261| eval_kl_ite | Epoch 1290, Reverse Model KL ITE: -0.0068
2026-03-28 22:26:44 | DEBUG | sivi:base_runner.py:347| eval_w2 | Epoch 1290, VI W2 to baseline: 0.6426
2026-03-28 22:26:44 | DEBUG | sivi:base_reverse_runner.py:272| eval_w2 | Epoch 1290, Reverse Model W2: 0.0464
2026-03-28 22:26:44 | DEBUG | sivi:base_runner.py:477| eval_elbo | Epoch 1290, ELBO: -0.7366, Std Total: 1.7796, Std Q: nan, CI Half: 0.1560
2026-03-28 22:26:44 | DEBUG | sivi:base_runner.py:507| eval_ksd | Epoch 1290, VI KSD: 0.0802
2026-03-28 22:26:44 | DEBUG | sivi:base_runner.py:874| learn | Epoch 1300: Avg Loss: 0.0032, Avg Epoch Time: 0.0569s
2026-03-28 22:26:44 | DEBUG | sivi:base_runner.py:337| eval_kl_ite | Epoch 1300, VI KL to baseline: 0.5901
2026-03-28 22:26:44 | DEBUG | sivi:base_reverse_runner.py:261| eval_kl_ite | Epoch 1300, Reverse Model KL ITE: 0.0037
2026-03-28 22:26:44 | DEBUG | sivi:base_runner.py:347| eval_w2 | Epoch 1300, VI W2 to baseline: 0.6320
2026-03-28 22:26:44 | DEBUG | sivi:base_reverse_runner.py:272| eval_w2 | Epoch 1300, Reverse Model W2: 0.0539
2026-03-28 22:26:44 | DEBUG | sivi:base_runner.py:477| eval_elbo | Epoch 1300, ELBO: -0.7081, Std Total: 1.6722, Std Q: nan, CI Half: 0.1466
2026-03-28 22:26:44 | DEBUG | sivi:base_runner.py:507| eval_ksd | Epoch 1300, VI KSD: 0.0765
2026-03-28 22:26:45 | DEBUG | sivi:base_runner.py:337| eval_kl_ite | Epoch 1310, VI KL to baseline: 0.6035
2026-03-28 22:26:45 | DEBUG | sivi:base_reverse_runner.py:261| eval_kl_ite | Epoch 1310, Reverse Model KL ITE: 0.0044
2026-03-28 22:26:45 | DEBUG | sivi:base_runner.py:347| eval_w2 | Epoch 1310, VI W2 to baseline: 0.6253
2026-03-28 22:26:45 | DEBUG | sivi:base_reverse_runner.py:272| eval_w2 | Epoch 1310, Reverse Model W2: 0.0565
2026-03-28 22:26:45 | DEBUG | sivi:base_runner.py:477| eval_elbo | Epoch 1310, ELBO: -0.8054, Std Total: 1.9005, Std Q: nan, CI Half: 0.1666
2026-03-28 22:26:45 | DEBUG | sivi:base_runner.py:507| eval_ksd | Epoch 1310, VI KSD: 0.0869
2026-03-28 22:26:45 | DEBUG | sivi:base_runner.py:337| eval_kl_ite | Epoch 1320, VI KL to baseline: 0.5610
2026-03-28 22:26:45 | DEBUG | sivi:base_reverse_runner.py:261| eval_kl_ite | Epoch 1320, Reverse Model KL ITE: 0.0188
2026-03-28 22:26:45 | DEBUG | sivi:base_runner.py:347| eval_w2 | Epoch 1320, VI W2 to baseline: 0.6057
2026-03-28 22:26:45 | DEBUG | sivi:base_reverse_runner.py:272| eval_w2 | Epoch 1320, Reverse Model W2: 0.0446
2026-03-28 22:26:45 | DEBUG | sivi:base_runner.py:477| eval_elbo | Epoch 1320, ELBO: -0.6895, Std Total: 1.7157, Std Q: nan, CI Half: 0.1504
2026-03-28 22:26:45 | DEBUG | sivi:base_runner.py:507| eval_ksd | Epoch 1320, VI KSD: 0.0846
2026-03-28 22:26:46 | DEBUG | sivi:base_runner.py:337| eval_kl_ite | Epoch 1330, VI KL to baseline: 0.6025
2026-03-28 22:26:46 | DEBUG | sivi:base_reverse_runner.py:261| eval_kl_ite | Epoch 1330, Reverse Model KL ITE: 0.0203
2026-03-28 22:26:46 | DEBUG | sivi:base_runner.py:347| eval_w2 | Epoch 1330, VI W2 to baseline: 0.6106
2026-03-28 22:26:46 | DEBUG | sivi:base_reverse_runner.py:272| eval_w2 | Epoch 1330, Reverse Model W2: 0.0435
2026-03-28 22:26:46 | DEBUG | sivi:base_runner.py:477| eval_elbo | Epoch 1330, ELBO: -0.8218, Std Total: 1.8271, Std Q: nan, CI Half: 0.1601
2026-03-28 22:26:46 | DEBUG | sivi:base_runner.py:507| eval_ksd | Epoch 1330, VI KSD: 0.0807
2026-03-28 22:26:46 | DEBUG | sivi:base_runner.py:337| eval_kl_ite | Epoch 1340, VI KL to baseline: 0.5597
2026-03-28 22:26:47 | DEBUG | sivi:base_reverse_runner.py:261| eval_kl_ite | Epoch 1340, Reverse Model KL ITE: 0.0187
2026-03-28 22:26:47 | DEBUG | sivi:base_runner.py:347| eval_w2 | Epoch 1340, VI W2 to baseline: 0.5984
2026-03-28 22:26:47 | DEBUG | sivi:base_reverse_runner.py:272| eval_w2 | Epoch 1340, Reverse Model W2: 0.0459
2026-03-28 22:26:47 | DEBUG | sivi:base_runner.py:477| eval_elbo | Epoch 1340, ELBO: -0.5682, Std Total: 1.7351, Std Q: nan, CI Half: 0.1521
2026-03-28 22:26:47 | DEBUG | sivi:base_runner.py:507| eval_ksd | Epoch 1340, VI KSD: 0.0665
2026-03-28 22:26:47 | DEBUG | sivi:base_runner.py:337| eval_kl_ite | Epoch 1350, VI KL to baseline: 0.5875
2026-03-28 22:26:47 | DEBUG | sivi:base_reverse_runner.py:261| eval_kl_ite | Epoch 1350, Reverse Model KL ITE: 0.0419
2026-03-28 22:26:47 | DEBUG | sivi:base_runner.py:347| eval_w2 | Epoch 1350, VI W2 to baseline: 0.6253
2026-03-28 22:26:47 | DEBUG | sivi:base_reverse_runner.py:272| eval_w2 | Epoch 1350, Reverse Model W2: 0.0460
2026-03-28 22:26:47 | DEBUG | sivi:base_runner.py:477| eval_elbo | Epoch 1350, ELBO: -0.7348, Std Total: 1.6833, Std Q: nan, CI Half: 0.1475
2026-03-28 22:26:47 | DEBUG | sivi:base_runner.py:507| eval_ksd | Epoch 1350, VI KSD: 0.0725
2026-03-28 22:26:47 | DEBUG | sivi:base_runner.py:337| eval_kl_ite | Epoch 1360, VI KL to baseline: 0.5559
2026-03-28 22:26:48 | DEBUG | sivi:base_reverse_runner.py:261| eval_kl_ite | Epoch 1360, Reverse Model KL ITE: 0.0252
2026-03-28 22:26:48 | DEBUG | sivi:base_runner.py:347| eval_w2 | Epoch 1360, VI W2 to baseline: 0.5922
2026-03-28 22:26:48 | DEBUG | sivi:base_reverse_runner.py:272| eval_w2 | Epoch 1360, Reverse Model W2: 0.0442
2026-03-28 22:26:48 | DEBUG | sivi:base_runner.py:477| eval_elbo | Epoch 1360, ELBO: -0.6414, Std Total: 1.7051, Std Q: nan, CI Half: 0.1495
2026-03-28 22:26:48 | DEBUG | sivi:base_runner.py:507| eval_ksd | Epoch 1360, VI KSD: 0.0825
2026-03-28 22:26:48 | DEBUG | sivi:base_runner.py:337| eval_kl_ite | Epoch 1370, VI KL to baseline: 0.5573
2026-03-28 22:26:48 | DEBUG | sivi:base_reverse_runner.py:261| eval_kl_ite | Epoch 1370, Reverse Model KL ITE: 0.0208
2026-03-28 22:26:48 | DEBUG | sivi:base_runner.py:347| eval_w2 | Epoch 1370, VI W2 to baseline: 0.6136
2026-03-28 22:26:48 | DEBUG | sivi:base_reverse_runner.py:272| eval_w2 | Epoch 1370, Reverse Model W2: 0.0490
2026-03-28 22:26:48 | DEBUG | sivi:base_runner.py:477| eval_elbo | Epoch 1370, ELBO: -0.7034, Std Total: 1.7032, Std Q: nan, CI Half: 0.1493
2026-03-28 22:26:48 | DEBUG | sivi:base_runner.py:507| eval_ksd | Epoch 1370, VI KSD: 0.0728
2026-03-28 22:26:48 | DEBUG | sivi:base_runner.py:337| eval_kl_ite | Epoch 1380, VI KL to baseline: 0.5819
2026-03-28 22:26:49 | DEBUG | sivi:base_reverse_runner.py:261| eval_kl_ite | Epoch 1380, Reverse Model KL ITE: 0.0211
2026-03-28 22:26:49 | DEBUG | sivi:base_runner.py:347| eval_w2 | Epoch 1380, VI W2 to baseline: 0.6054
2026-03-28 22:26:49 | DEBUG | sivi:base_reverse_runner.py:272| eval_w2 | Epoch 1380, Reverse Model W2: 0.0389
2026-03-28 22:26:49 | DEBUG | sivi:base_runner.py:477| eval_elbo | Epoch 1380, ELBO: -0.5807, Std Total: 1.6314, Std Q: nan, CI Half: 0.1430
2026-03-28 22:26:49 | DEBUG | sivi:base_runner.py:507| eval_ksd | Epoch 1380, VI KSD: 0.0815
2026-03-28 22:26:49 | DEBUG | sivi:base_runner.py:337| eval_kl_ite | Epoch 1390, VI KL to baseline: 0.5684
2026-03-28 22:26:49 | DEBUG | sivi:base_reverse_runner.py:261| eval_kl_ite | Epoch 1390, Reverse Model KL ITE: 0.0206
2026-03-28 22:26:49 | DEBUG | sivi:base_runner.py:347| eval_w2 | Epoch 1390, VI W2 to baseline: 0.6098
2026-03-28 22:26:49 | DEBUG | sivi:base_reverse_runner.py:272| eval_w2 | Epoch 1390, Reverse Model W2: 0.0395
2026-03-28 22:26:49 | DEBUG | sivi:base_runner.py:477| eval_elbo | Epoch 1390, ELBO: -0.6100, Std Total: 1.5991, Std Q: nan, CI Half: 0.1402
2026-03-28 22:26:49 | DEBUG | sivi:base_runner.py:507| eval_ksd | Epoch 1390, VI KSD: 0.0731
2026-03-28 22:26:50 | DEBUG | sivi:base_runner.py:874| learn | Epoch 1400: Avg Loss: -0.0011, Avg Epoch Time: 0.0535s
2026-03-28 22:26:50 | DEBUG | sivi:base_runner.py:337| eval_kl_ite | Epoch 1400, VI KL to baseline: 0.5395
2026-03-28 22:26:50 | DEBUG | sivi:base_reverse_runner.py:261| eval_kl_ite | Epoch 1400, Reverse Model KL ITE: -0.0067
2026-03-28 22:26:50 | DEBUG | sivi:base_runner.py:347| eval_w2 | Epoch 1400, VI W2 to baseline: 0.5725
2026-03-28 22:26:50 | DEBUG | sivi:base_reverse_runner.py:272| eval_w2 | Epoch 1400, Reverse Model W2: 0.0520
2026-03-28 22:26:50 | DEBUG | sivi:base_runner.py:477| eval_elbo | Epoch 1400, ELBO: -0.7561, Std Total: 1.6706, Std Q: nan, CI Half: 0.1464
2026-03-28 22:26:50 | DEBUG | sivi:base_runner.py:507| eval_ksd | Epoch 1400, VI KSD: 0.0766
2026-03-28 22:26:50 | DEBUG | sivi:base_runner.py:337| eval_kl_ite | Epoch 1410, VI KL to baseline: 0.5300
2026-03-28 22:26:50 | DEBUG | sivi:base_reverse_runner.py:261| eval_kl_ite | Epoch 1410, Reverse Model KL ITE: 0.0223
2026-03-28 22:26:50 | DEBUG | sivi:base_runner.py:347| eval_w2 | Epoch 1410, VI W2 to baseline: 0.5791
2026-03-28 22:26:50 | DEBUG | sivi:base_reverse_runner.py:272| eval_w2 | Epoch 1410, Reverse Model W2: 0.0462
2026-03-28 22:26:50 | DEBUG | sivi:base_runner.py:477| eval_elbo | Epoch 1410, ELBO: -0.5788, Std Total: 1.5080, Std Q: nan, CI Half: 0.1322
2026-03-28 22:26:50 | DEBUG | sivi:base_runner.py:507| eval_ksd | Epoch 1410, VI KSD: 0.0696
2026-03-28 22:26:51 | DEBUG | sivi:base_runner.py:337| eval_kl_ite | Epoch 1420, VI KL to baseline: 0.5570
2026-03-28 22:26:51 | DEBUG | sivi:base_reverse_runner.py:261| eval_kl_ite | Epoch 1420, Reverse Model KL ITE: 0.0361
2026-03-28 22:26:51 | DEBUG | sivi:base_runner.py:347| eval_w2 | Epoch 1420, VI W2 to baseline: 0.6017
2026-03-28 22:26:51 | DEBUG | sivi:base_reverse_runner.py:272| eval_w2 | Epoch 1420, Reverse Model W2: 0.0421
2026-03-28 22:26:51 | DEBUG | sivi:base_runner.py:477| eval_elbo | Epoch 1420, ELBO: -0.4908, Std Total: 1.4877, Std Q: nan, CI Half: 0.1304
2026-03-28 22:26:51 | DEBUG | sivi:base_runner.py:507| eval_ksd | Epoch 1420, VI KSD: 0.0666
2026-03-28 22:26:51 | DEBUG | sivi:base_runner.py:337| eval_kl_ite | Epoch 1430, VI KL to baseline: 0.5319
2026-03-28 22:26:51 | DEBUG | sivi:base_reverse_runner.py:261| eval_kl_ite | Epoch 1430, Reverse Model KL ITE: 0.0328
2026-03-28 22:26:51 | DEBUG | sivi:base_runner.py:347| eval_w2 | Epoch 1430, VI W2 to baseline: 0.5768
2026-03-28 22:26:52 | DEBUG | sivi:base_reverse_runner.py:272| eval_w2 | Epoch 1430, Reverse Model W2: 0.0470
2026-03-28 22:26:52 | DEBUG | sivi:base_runner.py:477| eval_elbo | Epoch 1430, ELBO: -0.6177, Std Total: 1.6472, Std Q: nan, CI Half: 0.1444
2026-03-28 22:26:52 | DEBUG | sivi:base_runner.py:507| eval_ksd | Epoch 1430, VI KSD: 0.0590
2026-03-28 22:26:52 | DEBUG | sivi:base_runner.py:337| eval_kl_ite | Epoch 1440, VI KL to baseline: 0.5408
2026-03-28 22:26:52 | DEBUG | sivi:base_reverse_runner.py:261| eval_kl_ite | Epoch 1440, Reverse Model KL ITE: 0.0266
2026-03-28 22:26:52 | DEBUG | sivi:base_runner.py:347| eval_w2 | Epoch 1440, VI W2 to baseline: 0.5682
2026-03-28 22:26:52 | DEBUG | sivi:base_reverse_runner.py:272| eval_w2 | Epoch 1440, Reverse Model W2: 0.0418
2026-03-28 22:26:52 | DEBUG | sivi:base_runner.py:477| eval_elbo | Epoch 1440, ELBO: -0.6788, Std Total: 1.8506, Std Q: nan, CI Half: 0.1622
2026-03-28 22:26:52 | DEBUG | sivi:base_runner.py:507| eval_ksd | Epoch 1440, VI KSD: 0.0629
2026-03-28 22:26:52 | DEBUG | sivi:base_runner.py:337| eval_kl_ite | Epoch 1450, VI KL to baseline: 0.5123
2026-03-28 22:26:53 | DEBUG | sivi:base_reverse_runner.py:261| eval_kl_ite | Epoch 1450, Reverse Model KL ITE: 0.0051
2026-03-28 22:26:53 | DEBUG | sivi:base_runner.py:347| eval_w2 | Epoch 1450, VI W2 to baseline: 0.5653
2026-03-28 22:26:53 | DEBUG | sivi:base_reverse_runner.py:272| eval_w2 | Epoch 1450, Reverse Model W2: 0.0598
2026-03-28 22:26:53 | DEBUG | sivi:base_runner.py:477| eval_elbo | Epoch 1450, ELBO: -0.6781, Std Total: 1.5750, Std Q: nan, CI Half: 0.1381
2026-03-28 22:26:53 | DEBUG | sivi:base_runner.py:507| eval_ksd | Epoch 1450, VI KSD: 0.0647
2026-03-28 22:26:53 | DEBUG | sivi:base_runner.py:337| eval_kl_ite | Epoch 1460, VI KL to baseline: 0.4885
2026-03-28 22:26:53 | DEBUG | sivi:base_reverse_runner.py:261| eval_kl_ite | Epoch 1460, Reverse Model KL ITE: 0.0208
2026-03-28 22:26:53 | DEBUG | sivi:base_runner.py:347| eval_w2 | Epoch 1460, VI W2 to baseline: 0.5591
2026-03-28 22:26:53 | DEBUG | sivi:base_reverse_runner.py:272| eval_w2 | Epoch 1460, Reverse Model W2: 0.0414
2026-03-28 22:26:53 | DEBUG | sivi:base_runner.py:477| eval_elbo | Epoch 1460, ELBO: -0.6560, Std Total: 1.6513, Std Q: nan, CI Half: 0.1447
2026-03-28 22:26:53 | DEBUG | sivi:base_runner.py:507| eval_ksd | Epoch 1460, VI KSD: 0.0722
2026-03-28 22:26:53 | DEBUG | sivi:base_runner.py:337| eval_kl_ite | Epoch 1470, VI KL to baseline: 0.5346
2026-03-28 22:26:54 | DEBUG | sivi:base_reverse_runner.py:261| eval_kl_ite | Epoch 1470, Reverse Model KL ITE: 0.0321
2026-03-28 22:26:54 | DEBUG | sivi:base_runner.py:347| eval_w2 | Epoch 1470, VI W2 to baseline: 0.5630
2026-03-28 22:26:54 | DEBUG | sivi:base_reverse_runner.py:272| eval_w2 | Epoch 1470, Reverse Model W2: 0.0408
2026-03-28 22:26:54 | DEBUG | sivi:base_runner.py:477| eval_elbo | Epoch 1470, ELBO: -0.5631, Std Total: 1.7762, Std Q: nan, CI Half: 0.1557
2026-03-28 22:26:54 | DEBUG | sivi:base_runner.py:507| eval_ksd | Epoch 1470, VI KSD: 0.0638
2026-03-28 22:26:54 | DEBUG | sivi:base_runner.py:337| eval_kl_ite | Epoch 1480, VI KL to baseline: 0.5138
2026-03-28 22:26:54 | DEBUG | sivi:base_reverse_runner.py:261| eval_kl_ite | Epoch 1480, Reverse Model KL ITE: 0.0233
2026-03-28 22:26:54 | DEBUG | sivi:base_runner.py:347| eval_w2 | Epoch 1480, VI W2 to baseline: 0.5493
2026-03-28 22:26:54 | DEBUG | sivi:base_reverse_runner.py:272| eval_w2 | Epoch 1480, Reverse Model W2: 0.0374
2026-03-28 22:26:54 | DEBUG | sivi:base_runner.py:477| eval_elbo | Epoch 1480, ELBO: -0.4862, Std Total: 1.4353, Std Q: nan, CI Half: 0.1258
2026-03-28 22:26:54 | DEBUG | sivi:base_runner.py:507| eval_ksd | Epoch 1480, VI KSD: 0.0741
2026-03-28 22:26:55 | DEBUG | sivi:base_runner.py:337| eval_kl_ite | Epoch 1490, VI KL to baseline: 0.4872
2026-03-28 22:26:55 | DEBUG | sivi:base_reverse_runner.py:261| eval_kl_ite | Epoch 1490, Reverse Model KL ITE: 0.0255
2026-03-28 22:26:55 | DEBUG | sivi:base_runner.py:347| eval_w2 | Epoch 1490, VI W2 to baseline: 0.5781
2026-03-28 22:26:55 | DEBUG | sivi:base_reverse_runner.py:272| eval_w2 | Epoch 1490, Reverse Model W2: 0.0452
2026-03-28 22:26:55 | DEBUG | sivi:base_runner.py:477| eval_elbo | Epoch 1490, ELBO: -0.6541, Std Total: 1.4381, Std Q: nan, CI Half: 0.1261
2026-03-28 22:26:55 | DEBUG | sivi:base_runner.py:507| eval_ksd | Epoch 1490, VI KSD: 0.0546
2026-03-28 22:26:55 | DEBUG | sivi:base_runner.py:874| learn | Epoch 1500: Avg Loss: 0.0002, Avg Epoch Time: 0.0594s
2026-03-28 22:26:55 | DEBUG | sivi:base_reverse_runner.py:183| _training_rev_log_func | Epoch 1500, Inner epoch 1, Reverse Model Loss: 5.0369, Avg Steps: 1.0000
2026-03-28 22:26:55 | DEBUG | sivi:base_runner.py:588| save_samples | Saved 100000 samples at epoch 1500.
2026-03-28 22:26:56 | DEBUG | sivi:base_runner.py:337| eval_kl_ite | Epoch 1500, VI KL to baseline: 0.4897
2026-03-28 22:26:56 | DEBUG | sivi:base_reverse_runner.py:261| eval_kl_ite | Epoch 1500, Reverse Model KL ITE: 0.0275
2026-03-28 22:26:56 | DEBUG | sivi:base_runner.py:347| eval_w2 | Epoch 1500, VI W2 to baseline: 0.5525
2026-03-28 22:26:56 | DEBUG | sivi:base_reverse_runner.py:272| eval_w2 | Epoch 1500, Reverse Model W2: 0.0391
2026-03-28 22:26:56 | DEBUG | sivi:base_runner.py:477| eval_elbo | Epoch 1500, ELBO: -0.5126, Std Total: 1.5098, Std Q: nan, CI Half: 0.1323
2026-03-28 22:26:56 | DEBUG | sivi:base_runner.py:507| eval_ksd | Epoch 1500, VI KSD: 0.0641
2026-03-28 22:26:56 | DEBUG | sivi:base_runner.py:970| learn | Saved contour plot at epoch 1500.
2026-03-28 22:26:56 | DEBUG | sivi:base_runner.py:337| eval_kl_ite | Epoch 1510, VI KL to baseline: 0.4883
2026-03-28 22:26:56 | DEBUG | sivi:base_reverse_runner.py:261| eval_kl_ite | Epoch 1510, Reverse Model KL ITE: 0.0167
2026-03-28 22:26:56 | DEBUG | sivi:base_runner.py:347| eval_w2 | Epoch 1510, VI W2 to baseline: 0.5528
2026-03-28 22:26:56 | DEBUG | sivi:base_reverse_runner.py:272| eval_w2 | Epoch 1510, Reverse Model W2: 0.0377
2026-03-28 22:26:56 | DEBUG | sivi:base_runner.py:477| eval_elbo | Epoch 1510, ELBO: -0.5104, Std Total: 1.4786, Std Q: nan, CI Half: 0.1296
2026-03-28 22:26:56 | DEBUG | sivi:base_runner.py:507| eval_ksd | Epoch 1510, VI KSD: 0.0616
2026-03-28 22:26:57 | DEBUG | sivi:base_runner.py:337| eval_kl_ite | Epoch 1520, VI KL to baseline: 0.4649
2026-03-28 22:26:57 | DEBUG | sivi:base_reverse_runner.py:261| eval_kl_ite | Epoch 1520, Reverse Model KL ITE: 0.0116
2026-03-28 22:26:57 | DEBUG | sivi:base_runner.py:347| eval_w2 | Epoch 1520, VI W2 to baseline: 0.5468
2026-03-28 22:26:57 | DEBUG | sivi:base_reverse_runner.py:272| eval_w2 | Epoch 1520, Reverse Model W2: 0.0435
2026-03-28 22:26:57 | DEBUG | sivi:base_runner.py:477| eval_elbo | Epoch 1520, ELBO: -0.6026, Std Total: 1.5248, Std Q: nan, CI Half: 0.1337
2026-03-28 22:26:57 | DEBUG | sivi:base_runner.py:507| eval_ksd | Epoch 1520, VI KSD: 0.0653
2026-03-28 22:26:58 | DEBUG | sivi:base_runner.py:337| eval_kl_ite | Epoch 1530, VI KL to baseline: 0.4756
2026-03-28 22:26:58 | DEBUG | sivi:base_reverse_runner.py:261| eval_kl_ite | Epoch 1530, Reverse Model KL ITE: 0.0156
2026-03-28 22:26:58 | DEBUG | sivi:base_runner.py:347| eval_w2 | Epoch 1530, VI W2 to baseline: 0.5460
2026-03-28 22:26:58 | DEBUG | sivi:base_reverse_runner.py:272| eval_w2 | Epoch 1530, Reverse Model W2: 0.0401
2026-03-28 22:26:58 | DEBUG | sivi:base_runner.py:477| eval_elbo | Epoch 1530, ELBO: -0.5864, Std Total: 1.6838, Std Q: nan, CI Half: 0.1476
2026-03-28 22:26:58 | DEBUG | sivi:base_runner.py:507| eval_ksd | Epoch 1530, VI KSD: 0.0509
2026-03-28 22:26:58 | DEBUG | sivi:base_runner.py:337| eval_kl_ite | Epoch 1540, VI KL to baseline: 0.4967
2026-03-28 22:26:58 | DEBUG | sivi:base_reverse_runner.py:261| eval_kl_ite | Epoch 1540, Reverse Model KL ITE: 0.0262
2026-03-28 22:26:58 | DEBUG | sivi:base_runner.py:347| eval_w2 | Epoch 1540, VI W2 to baseline: 0.5244
2026-03-28 22:26:58 | DEBUG | sivi:base_reverse_runner.py:272| eval_w2 | Epoch 1540, Reverse Model W2: 0.0393
2026-03-28 22:26:58 | DEBUG | sivi:base_runner.py:477| eval_elbo | Epoch 1540, ELBO: -0.6255, Std Total: 1.5357, Std Q: nan, CI Half: 0.1346
2026-03-28 22:26:58 | DEBUG | sivi:base_runner.py:507| eval_ksd | Epoch 1540, VI KSD: 0.0619
2026-03-28 22:26:59 | DEBUG | sivi:base_runner.py:337| eval_kl_ite | Epoch 1550, VI KL to baseline: 0.4055
2026-03-28 22:26:59 | DEBUG | sivi:base_reverse_runner.py:261| eval_kl_ite | Epoch 1550, Reverse Model KL ITE: -0.0018
2026-03-28 22:26:59 | DEBUG | sivi:base_runner.py:347| eval_w2 | Epoch 1550, VI W2 to baseline: 0.5288
2026-03-28 22:26:59 | DEBUG | sivi:base_reverse_runner.py:272| eval_w2 | Epoch 1550, Reverse Model W2: 0.0460
2026-03-28 22:26:59 | DEBUG | sivi:base_runner.py:477| eval_elbo | Epoch 1550, ELBO: -0.5497, Std Total: 1.4475, Std Q: nan, CI Half: 0.1269
2026-03-28 22:26:59 | DEBUG | sivi:base_runner.py:507| eval_ksd | Epoch 1550, VI KSD: 0.0584
2026-03-28 22:26:59 | DEBUG | sivi:base_runner.py:337| eval_kl_ite | Epoch 1560, VI KL to baseline: 0.4697
2026-03-28 22:26:59 | DEBUG | sivi:base_reverse_runner.py:261| eval_kl_ite | Epoch 1560, Reverse Model KL ITE: 0.0125
2026-03-28 22:26:59 | DEBUG | sivi:base_runner.py:347| eval_w2 | Epoch 1560, VI W2 to baseline: 0.5367
2026-03-28 22:26:59 | DEBUG | sivi:base_reverse_runner.py:272| eval_w2 | Epoch 1560, Reverse Model W2: 0.0433
2026-03-28 22:26:59 | DEBUG | sivi:base_runner.py:477| eval_elbo | Epoch 1560, ELBO: -0.5639, Std Total: 1.5464, Std Q: nan, CI Half: 0.1355
2026-03-28 22:26:59 | DEBUG | sivi:base_runner.py:507| eval_ksd | Epoch 1560, VI KSD: 0.0609
2026-03-28 22:27:00 | DEBUG | sivi:base_runner.py:337| eval_kl_ite | Epoch 1570, VI KL to baseline: 0.4590
2026-03-28 22:27:00 | DEBUG | sivi:base_reverse_runner.py:261| eval_kl_ite | Epoch 1570, Reverse Model KL ITE: 0.0118
2026-03-28 22:27:00 | DEBUG | sivi:base_runner.py:347| eval_w2 | Epoch 1570, VI W2 to baseline: 0.5149
2026-03-28 22:27:00 | DEBUG | sivi:base_reverse_runner.py:272| eval_w2 | Epoch 1570, Reverse Model W2: 0.0378
2026-03-28 22:27:00 | DEBUG | sivi:base_runner.py:477| eval_elbo | Epoch 1570, ELBO: -0.3756, Std Total: 1.4035, Std Q: nan, CI Half: 0.1230
2026-03-28 22:27:00 | DEBUG | sivi:base_runner.py:507| eval_ksd | Epoch 1570, VI KSD: 0.0566
2026-03-28 22:27:00 | DEBUG | sivi:base_runner.py:337| eval_kl_ite | Epoch 1580, VI KL to baseline: 0.4415
2026-03-28 22:27:01 | DEBUG | sivi:base_reverse_runner.py:261| eval_kl_ite | Epoch 1580, Reverse Model KL ITE: 0.0169
2026-03-28 22:27:01 | DEBUG | sivi:base_runner.py:347| eval_w2 | Epoch 1580, VI W2 to baseline: 0.5300
2026-03-28 22:27:01 | DEBUG | sivi:base_reverse_runner.py:272| eval_w2 | Epoch 1580, Reverse Model W2: 0.0445
2026-03-28 22:27:01 | DEBUG | sivi:base_runner.py:477| eval_elbo | Epoch 1580, ELBO: -0.5155, Std Total: 1.4477, Std Q: nan, CI Half: 0.1269
2026-03-28 22:27:01 | DEBUG | sivi:base_runner.py:507| eval_ksd | Epoch 1580, VI KSD: 0.0607
2026-03-28 22:27:01 | DEBUG | sivi:base_runner.py:337| eval_kl_ite | Epoch 1590, VI KL to baseline: 0.4357
2026-03-28 22:27:01 | DEBUG | sivi:base_reverse_runner.py:261| eval_kl_ite | Epoch 1590, Reverse Model KL ITE: 0.0138
2026-03-28 22:27:01 | DEBUG | sivi:base_runner.py:347| eval_w2 | Epoch 1590, VI W2 to baseline: 0.5136
2026-03-28 22:27:01 | DEBUG | sivi:base_reverse_runner.py:272| eval_w2 | Epoch 1590, Reverse Model W2: 0.0406
2026-03-28 22:27:01 | DEBUG | sivi:base_runner.py:477| eval_elbo | Epoch 1590, ELBO: -0.4484, Std Total: 1.4133, Std Q: nan, CI Half: 0.1239
2026-03-28 22:27:01 | DEBUG | sivi:base_runner.py:507| eval_ksd | Epoch 1590, VI KSD: 0.0678
2026-03-28 22:27:01 | DEBUG | sivi:base_runner.py:874| learn | Epoch 1600: Avg Loss: 0.0022, Avg Epoch Time: 0.0593s
2026-03-28 22:27:01 | DEBUG | sivi:base_runner.py:337| eval_kl_ite | Epoch 1600, VI KL to baseline: 0.4956
2026-03-28 22:27:02 | DEBUG | sivi:base_reverse_runner.py:261| eval_kl_ite | Epoch 1600, Reverse Model KL ITE: 0.0032
2026-03-28 22:27:02 | DEBUG | sivi:base_runner.py:347| eval_w2 | Epoch 1600, VI W2 to baseline: 0.5022
2026-03-28 22:27:02 | DEBUG | sivi:base_reverse_runner.py:272| eval_w2 | Epoch 1600, Reverse Model W2: 0.0415
2026-03-28 22:27:02 | DEBUG | sivi:base_runner.py:477| eval_elbo | Epoch 1600, ELBO: -0.6122, Std Total: 1.5618, Std Q: nan, CI Half: 0.1369
2026-03-28 22:27:02 | DEBUG | sivi:base_runner.py:507| eval_ksd | Epoch 1600, VI KSD: 0.0512
2026-03-28 22:27:02 | DEBUG | sivi:base_runner.py:337| eval_kl_ite | Epoch 1610, VI KL to baseline: 0.4326
2026-03-28 22:27:02 | DEBUG | sivi:base_reverse_runner.py:261| eval_kl_ite | Epoch 1610, Reverse Model KL ITE: 0.0086
2026-03-28 22:27:02 | DEBUG | sivi:base_runner.py:347| eval_w2 | Epoch 1610, VI W2 to baseline: 0.5197
2026-03-28 22:27:02 | DEBUG | sivi:base_reverse_runner.py:272| eval_w2 | Epoch 1610, Reverse Model W2: 0.0439
2026-03-28 22:27:02 | DEBUG | sivi:base_runner.py:477| eval_elbo | Epoch 1610, ELBO: -0.4031, Std Total: 1.3090, Std Q: nan, CI Half: 0.1147
2026-03-28 22:27:02 | DEBUG | sivi:base_runner.py:507| eval_ksd | Epoch 1610, VI KSD: 0.0556
2026-03-28 22:27:03 | DEBUG | sivi:base_runner.py:337| eval_kl_ite | Epoch 1620, VI KL to baseline: 0.4214
2026-03-28 22:27:03 | DEBUG | sivi:base_reverse_runner.py:261| eval_kl_ite | Epoch 1620, Reverse Model KL ITE: 0.0080
2026-03-28 22:27:03 | DEBUG | sivi:base_runner.py:347| eval_w2 | Epoch 1620, VI W2 to baseline: 0.4963
2026-03-28 22:27:03 | DEBUG | sivi:base_reverse_runner.py:272| eval_w2 | Epoch 1620, Reverse Model W2: 0.0385
2026-03-28 22:27:03 | DEBUG | sivi:base_runner.py:477| eval_elbo | Epoch 1620, ELBO: -0.4338, Std Total: 1.3186, Std Q: nan, CI Half: 0.1156
2026-03-28 22:27:03 | DEBUG | sivi:base_runner.py:507| eval_ksd | Epoch 1620, VI KSD: 0.0513
2026-03-28 22:27:03 | DEBUG | sivi:base_runner.py:337| eval_kl_ite | Epoch 1630, VI KL to baseline: 0.4240
2026-03-28 22:27:03 | DEBUG | sivi:base_reverse_runner.py:261| eval_kl_ite | Epoch 1630, Reverse Model KL ITE: 0.0083
2026-03-28 22:27:03 | DEBUG | sivi:base_runner.py:347| eval_w2 | Epoch 1630, VI W2 to baseline: 0.5135
2026-03-28 22:27:03 | DEBUG | sivi:base_reverse_runner.py:272| eval_w2 | Epoch 1630, Reverse Model W2: 0.0389
2026-03-28 22:27:03 | DEBUG | sivi:base_runner.py:477| eval_elbo | Epoch 1630, ELBO: -0.5577, Std Total: 1.4921, Std Q: nan, CI Half: 0.1308
2026-03-28 22:27:03 | DEBUG | sivi:base_runner.py:507| eval_ksd | Epoch 1630, VI KSD: 0.0581
2026-03-28 22:27:04 | DEBUG | sivi:base_runner.py:337| eval_kl_ite | Epoch 1640, VI KL to baseline: 0.4552
2026-03-28 22:27:04 | DEBUG | sivi:base_reverse_runner.py:261| eval_kl_ite | Epoch 1640, Reverse Model KL ITE: 0.0217
2026-03-28 22:27:04 | DEBUG | sivi:base_runner.py:347| eval_w2 | Epoch 1640, VI W2 to baseline: 0.5208
2026-03-28 22:27:04 | DEBUG | sivi:base_reverse_runner.py:272| eval_w2 | Epoch 1640, Reverse Model W2: 0.0483
2026-03-28 22:27:04 | DEBUG | sivi:base_runner.py:477| eval_elbo | Epoch 1640, ELBO: -0.4946, Std Total: 1.3266, Std Q: nan, CI Half: 0.1163
2026-03-28 22:27:04 | DEBUG | sivi:base_runner.py:507| eval_ksd | Epoch 1640, VI KSD: 0.0594
2026-03-28 22:27:04 | DEBUG | sivi:base_runner.py:337| eval_kl_ite | Epoch 1650, VI KL to baseline: 0.4402
2026-03-28 22:27:05 | DEBUG | sivi:base_reverse_runner.py:261| eval_kl_ite | Epoch 1650, Reverse Model KL ITE: 0.0258
2026-03-28 22:27:05 | DEBUG | sivi:base_runner.py:347| eval_w2 | Epoch 1650, VI W2 to baseline: 0.5007
2026-03-28 22:27:05 | DEBUG | sivi:base_reverse_runner.py:272| eval_w2 | Epoch 1650, Reverse Model W2: 0.0431
2026-03-28 22:27:05 | DEBUG | sivi:base_runner.py:477| eval_elbo | Epoch 1650, ELBO: -0.5203, Std Total: 1.3440, Std Q: nan, CI Half: 0.1178
2026-03-28 22:27:05 | DEBUG | sivi:base_runner.py:507| eval_ksd | Epoch 1650, VI KSD: 0.0498
2026-03-28 22:27:05 | DEBUG | sivi:base_runner.py:337| eval_kl_ite | Epoch 1660, VI KL to baseline: 0.4058
2026-03-28 22:27:05 | DEBUG | sivi:base_reverse_runner.py:261| eval_kl_ite | Epoch 1660, Reverse Model KL ITE: 0.0151
2026-03-28 22:27:05 | DEBUG | sivi:base_runner.py:347| eval_w2 | Epoch 1660, VI W2 to baseline: 0.5060
2026-03-28 22:27:05 | DEBUG | sivi:base_reverse_runner.py:272| eval_w2 | Epoch 1660, Reverse Model W2: 0.0423
2026-03-28 22:27:05 | DEBUG | sivi:base_runner.py:477| eval_elbo | Epoch 1660, ELBO: -0.5912, Std Total: 1.5274, Std Q: nan, CI Half: 0.1339
2026-03-28 22:27:05 | DEBUG | sivi:base_runner.py:507| eval_ksd | Epoch 1660, VI KSD: 0.0514
2026-03-28 22:27:06 | DEBUG | sivi:base_runner.py:337| eval_kl_ite | Epoch 1670, VI KL to baseline: 0.3971
2026-03-28 22:27:06 | DEBUG | sivi:base_reverse_runner.py:261| eval_kl_ite | Epoch 1670, Reverse Model KL ITE: 0.0210
2026-03-28 22:27:06 | DEBUG | sivi:base_runner.py:347| eval_w2 | Epoch 1670, VI W2 to baseline: 0.5097
2026-03-28 22:27:06 | DEBUG | sivi:base_reverse_runner.py:272| eval_w2 | Epoch 1670, Reverse Model W2: 0.0404
2026-03-28 22:27:06 | DEBUG | sivi:base_runner.py:477| eval_elbo | Epoch 1670, ELBO: -0.4875, Std Total: 1.3886, Std Q: nan, CI Half: 0.1217
2026-03-28 22:27:06 | DEBUG | sivi:base_runner.py:507| eval_ksd | Epoch 1670, VI KSD: 0.0544
2026-03-28 22:27:06 | DEBUG | sivi:base_runner.py:337| eval_kl_ite | Epoch 1680, VI KL to baseline: 0.3864
2026-03-28 22:27:06 | DEBUG | sivi:base_reverse_runner.py:261| eval_kl_ite | Epoch 1680, Reverse Model KL ITE: 0.0185
2026-03-28 22:27:06 | DEBUG | sivi:base_runner.py:347| eval_w2 | Epoch 1680, VI W2 to baseline: 0.4818
2026-03-28 22:27:06 | DEBUG | sivi:base_reverse_runner.py:272| eval_w2 | Epoch 1680, Reverse Model W2: 0.0440
2026-03-28 22:27:06 | DEBUG | sivi:base_runner.py:477| eval_elbo | Epoch 1680, ELBO: -0.4883, Std Total: 1.3646, Std Q: nan, CI Half: 0.1196
2026-03-28 22:27:06 | DEBUG | sivi:base_runner.py:507| eval_ksd | Epoch 1680, VI KSD: 0.0508
2026-03-28 22:27:07 | DEBUG | sivi:base_runner.py:337| eval_kl_ite | Epoch 1690, VI KL to baseline: 0.4085
2026-03-28 22:27:07 | DEBUG | sivi:base_reverse_runner.py:261| eval_kl_ite | Epoch 1690, Reverse Model KL ITE: 0.0380
2026-03-28 22:27:07 | DEBUG | sivi:base_runner.py:347| eval_w2 | Epoch 1690, VI W2 to baseline: 0.4971
2026-03-28 22:27:07 | DEBUG | sivi:base_reverse_runner.py:272| eval_w2 | Epoch 1690, Reverse Model W2: 0.0513
2026-03-28 22:27:07 | DEBUG | sivi:base_runner.py:477| eval_elbo | Epoch 1690, ELBO: -0.4944, Std Total: 1.2840, Std Q: nan, CI Half: 0.1126
2026-03-28 22:27:07 | DEBUG | sivi:base_runner.py:507| eval_ksd | Epoch 1690, VI KSD: 0.0510
2026-03-28 22:27:07 | DEBUG | sivi:base_runner.py:874| learn | Epoch 1700: Avg Loss: 0.0034, Avg Epoch Time: 0.0576s
2026-03-28 22:27:07 | DEBUG | sivi:base_runner.py:337| eval_kl_ite | Epoch 1700, VI KL to baseline: 0.3691
2026-03-28 22:27:07 | DEBUG | sivi:base_reverse_runner.py:261| eval_kl_ite | Epoch 1700, Reverse Model KL ITE: 0.0096
2026-03-28 22:27:07 | DEBUG | sivi:base_runner.py:347| eval_w2 | Epoch 1700, VI W2 to baseline: 0.5086
2026-03-28 22:27:07 | DEBUG | sivi:base_reverse_runner.py:272| eval_w2 | Epoch 1700, Reverse Model W2: 0.0467
2026-03-28 22:27:07 | DEBUG | sivi:base_runner.py:477| eval_elbo | Epoch 1700, ELBO: -0.4061, Std Total: 1.2456, Std Q: nan, CI Half: 0.1092
2026-03-28 22:27:07 | DEBUG | sivi:base_runner.py:507| eval_ksd | Epoch 1700, VI KSD: 0.0501
2026-03-28 22:27:08 | DEBUG | sivi:base_runner.py:337| eval_kl_ite | Epoch 1710, VI KL to baseline: 0.3911
2026-03-28 22:27:08 | DEBUG | sivi:base_reverse_runner.py:261| eval_kl_ite | Epoch 1710, Reverse Model KL ITE: 0.0357
2026-03-28 22:27:08 | DEBUG | sivi:base_runner.py:347| eval_w2 | Epoch 1710, VI W2 to baseline: 0.4728
2026-03-28 22:27:08 | DEBUG | sivi:base_reverse_runner.py:272| eval_w2 | Epoch 1710, Reverse Model W2: 0.0510
2026-03-28 22:27:08 | DEBUG | sivi:base_runner.py:477| eval_elbo | Epoch 1710, ELBO: -0.3947, Std Total: 1.3110, Std Q: nan, CI Half: 0.1149
2026-03-28 22:27:08 | DEBUG | sivi:base_runner.py:507| eval_ksd | Epoch 1710, VI KSD: 0.0558
2026-03-28 22:27:09 | DEBUG | sivi:base_runner.py:337| eval_kl_ite | Epoch 1720, VI KL to baseline: 0.3730
2026-03-28 22:27:09 | DEBUG | sivi:base_reverse_runner.py:261| eval_kl_ite | Epoch 1720, Reverse Model KL ITE: 0.0201
2026-03-28 22:27:09 | DEBUG | sivi:base_runner.py:347| eval_w2 | Epoch 1720, VI W2 to baseline: 0.4744
2026-03-28 22:27:09 | DEBUG | sivi:base_reverse_runner.py:272| eval_w2 | Epoch 1720, Reverse Model W2: 0.0454
2026-03-28 22:27:09 | DEBUG | sivi:base_runner.py:477| eval_elbo | Epoch 1720, ELBO: -0.3425, Std Total: 1.3804, Std Q: nan, CI Half: 0.1210
2026-03-28 22:27:09 | DEBUG | sivi:base_runner.py:507| eval_ksd | Epoch 1720, VI KSD: 0.0543
2026-03-28 22:27:09 | DEBUG | sivi:base_runner.py:337| eval_kl_ite | Epoch 1730, VI KL to baseline: 0.3964
2026-03-28 22:27:09 | DEBUG | sivi:base_reverse_runner.py:261| eval_kl_ite | Epoch 1730, Reverse Model KL ITE: 0.0096
2026-03-28 22:27:09 | DEBUG | sivi:base_runner.py:347| eval_w2 | Epoch 1730, VI W2 to baseline: 0.4807
2026-03-28 22:27:09 | DEBUG | sivi:base_reverse_runner.py:272| eval_w2 | Epoch 1730, Reverse Model W2: 0.0417
2026-03-28 22:27:09 | DEBUG | sivi:base_runner.py:477| eval_elbo | Epoch 1730, ELBO: -0.5754, Std Total: 1.4244, Std Q: nan, CI Half: 0.1249
2026-03-28 22:27:09 | DEBUG | sivi:base_runner.py:507| eval_ksd | Epoch 1730, VI KSD: 0.0464
2026-03-28 22:27:10 | DEBUG | sivi:base_runner.py:337| eval_kl_ite | Epoch 1740, VI KL to baseline: 0.3789
2026-03-28 22:27:10 | DEBUG | sivi:base_reverse_runner.py:261| eval_kl_ite | Epoch 1740, Reverse Model KL ITE: 0.0295
2026-03-28 22:27:10 | DEBUG | sivi:base_runner.py:347| eval_w2 | Epoch 1740, VI W2 to baseline: 0.4733
2026-03-28 22:27:10 | DEBUG | sivi:base_reverse_runner.py:272| eval_w2 | Epoch 1740, Reverse Model W2: 0.0548
2026-03-28 22:27:10 | DEBUG | sivi:base_runner.py:477| eval_elbo | Epoch 1740, ELBO: -0.5094, Std Total: 1.3510, Std Q: nan, CI Half: 0.1184
2026-03-28 22:27:10 | DEBUG | sivi:base_runner.py:507| eval_ksd | Epoch 1740, VI KSD: 0.0547
2026-03-28 22:27:10 | DEBUG | sivi:base_runner.py:337| eval_kl_ite | Epoch 1750, VI KL to baseline: 0.3641
2026-03-28 22:27:10 | DEBUG | sivi:base_reverse_runner.py:261| eval_kl_ite | Epoch 1750, Reverse Model KL ITE: 0.0363
2026-03-28 22:27:10 | DEBUG | sivi:base_runner.py:347| eval_w2 | Epoch 1750, VI W2 to baseline: 0.4751
2026-03-28 22:27:10 | DEBUG | sivi:base_reverse_runner.py:272| eval_w2 | Epoch 1750, Reverse Model W2: 0.0386
2026-03-28 22:27:10 | DEBUG | sivi:base_runner.py:477| eval_elbo | Epoch 1750, ELBO: -0.5043, Std Total: 1.2837, Std Q: nan, CI Half: 0.1125
2026-03-28 22:27:10 | DEBUG | sivi:base_runner.py:507| eval_ksd | Epoch 1750, VI KSD: 0.0500
2026-03-28 22:27:11 | DEBUG | sivi:base_runner.py:337| eval_kl_ite | Epoch 1760, VI KL to baseline: 0.3635
2026-03-28 22:27:11 | DEBUG | sivi:base_reverse_runner.py:261| eval_kl_ite | Epoch 1760, Reverse Model KL ITE: -0.0081
2026-03-28 22:27:11 | DEBUG | sivi:base_runner.py:347| eval_w2 | Epoch 1760, VI W2 to baseline: 0.4674
2026-03-28 22:27:11 | DEBUG | sivi:base_reverse_runner.py:272| eval_w2 | Epoch 1760, Reverse Model W2: 0.0389
2026-03-28 22:27:11 | DEBUG | sivi:base_runner.py:477| eval_elbo | Epoch 1760, ELBO: -0.4613, Std Total: 1.3402, Std Q: nan, CI Half: 0.1175
2026-03-28 22:27:11 | DEBUG | sivi:base_runner.py:507| eval_ksd | Epoch 1760, VI KSD: 0.0469
2026-03-28 22:27:11 | DEBUG | sivi:base_runner.py:337| eval_kl_ite | Epoch 1770, VI KL to baseline: 0.3702
2026-03-28 22:27:11 | DEBUG | sivi:base_reverse_runner.py:261| eval_kl_ite | Epoch 1770, Reverse Model KL ITE: 0.0223
2026-03-28 22:27:11 | DEBUG | sivi:base_runner.py:347| eval_w2 | Epoch 1770, VI W2 to baseline: 0.4691
2026-03-28 22:27:11 | DEBUG | sivi:base_reverse_runner.py:272| eval_w2 | Epoch 1770, Reverse Model W2: 0.0488
2026-03-28 22:27:11 | DEBUG | sivi:base_runner.py:477| eval_elbo | Epoch 1770, ELBO: -0.4417, Std Total: 1.3056, Std Q: nan, CI Half: 0.1144
2026-03-28 22:27:11 | DEBUG | sivi:base_runner.py:507| eval_ksd | Epoch 1770, VI KSD: 0.0463
2026-03-28 22:27:12 | DEBUG | sivi:base_runner.py:337| eval_kl_ite | Epoch 1780, VI KL to baseline: 0.3486
2026-03-28 22:27:12 | DEBUG | sivi:base_reverse_runner.py:261| eval_kl_ite | Epoch 1780, Reverse Model KL ITE: 0.0192
2026-03-28 22:27:12 | DEBUG | sivi:base_runner.py:347| eval_w2 | Epoch 1780, VI W2 to baseline: 0.4501
2026-03-28 22:27:12 | DEBUG | sivi:base_reverse_runner.py:272| eval_w2 | Epoch 1780, Reverse Model W2: 0.0422
2026-03-28 22:27:12 | DEBUG | sivi:base_runner.py:477| eval_elbo | Epoch 1780, ELBO: -0.3716, Std Total: 1.2636, Std Q: nan, CI Half: 0.1108
2026-03-28 22:27:12 | DEBUG | sivi:base_runner.py:507| eval_ksd | Epoch 1780, VI KSD: 0.0501
2026-03-28 22:27:12 | DEBUG | sivi:base_runner.py:337| eval_kl_ite | Epoch 1790, VI KL to baseline: 0.3397
2026-03-28 22:27:12 | DEBUG | sivi:base_reverse_runner.py:261| eval_kl_ite | Epoch 1790, Reverse Model KL ITE: 0.0231
2026-03-28 22:27:12 | DEBUG | sivi:base_runner.py:347| eval_w2 | Epoch 1790, VI W2 to baseline: 0.4551
2026-03-28 22:27:12 | DEBUG | sivi:base_reverse_runner.py:272| eval_w2 | Epoch 1790, Reverse Model W2: 0.0461
2026-03-28 22:27:12 | DEBUG | sivi:base_runner.py:477| eval_elbo | Epoch 1790, ELBO: -0.4139, Std Total: 1.2030, Std Q: nan, CI Half: 0.1054
2026-03-28 22:27:12 | DEBUG | sivi:base_runner.py:507| eval_ksd | Epoch 1790, VI KSD: 0.0496
2026-03-28 22:27:13 | DEBUG | sivi:base_runner.py:874| learn | Epoch 1800: Avg Loss: 0.0012, Avg Epoch Time: 0.0558s
2026-03-28 22:27:13 | DEBUG | sivi:base_runner.py:337| eval_kl_ite | Epoch 1800, VI KL to baseline: 0.3410
2026-03-28 22:27:13 | DEBUG | sivi:base_reverse_runner.py:261| eval_kl_ite | Epoch 1800, Reverse Model KL ITE: 0.0221
2026-03-28 22:27:13 | DEBUG | sivi:base_runner.py:347| eval_w2 | Epoch 1800, VI W2 to baseline: 0.4532
2026-03-28 22:27:13 | DEBUG | sivi:base_reverse_runner.py:272| eval_w2 | Epoch 1800, Reverse Model W2: 0.0350
2026-03-28 22:27:13 | DEBUG | sivi:base_runner.py:477| eval_elbo | Epoch 1800, ELBO: -0.4495, Std Total: 1.2245, Std Q: nan, CI Half: 0.1073
2026-03-28 22:27:13 | DEBUG | sivi:base_runner.py:507| eval_ksd | Epoch 1800, VI KSD: 0.0482
2026-03-28 22:27:13 | DEBUG | sivi:base_runner.py:337| eval_kl_ite | Epoch 1810, VI KL to baseline: 0.3444
2026-03-28 22:27:13 | DEBUG | sivi:base_reverse_runner.py:261| eval_kl_ite | Epoch 1810, Reverse Model KL ITE: 0.0317
2026-03-28 22:27:13 | DEBUG | sivi:base_runner.py:347| eval_w2 | Epoch 1810, VI W2 to baseline: 0.4528
2026-03-28 22:27:13 | DEBUG | sivi:base_reverse_runner.py:272| eval_w2 | Epoch 1810, Reverse Model W2: 0.0405
2026-03-28 22:27:13 | DEBUG | sivi:base_runner.py:477| eval_elbo | Epoch 1810, ELBO: -0.3888, Std Total: 1.2899, Std Q: nan, CI Half: 0.1131
2026-03-28 22:27:13 | DEBUG | sivi:base_runner.py:507| eval_ksd | Epoch 1810, VI KSD: 0.0479
2026-03-28 22:27:14 | DEBUG | sivi:base_runner.py:337| eval_kl_ite | Epoch 1820, VI KL to baseline: 0.3269
2026-03-28 22:27:14 | DEBUG | sivi:base_reverse_runner.py:261| eval_kl_ite | Epoch 1820, Reverse Model KL ITE: 0.0272
2026-03-28 22:27:14 | DEBUG | sivi:base_runner.py:347| eval_w2 | Epoch 1820, VI W2 to baseline: 0.4465
2026-03-28 22:27:14 | DEBUG | sivi:base_reverse_runner.py:272| eval_w2 | Epoch 1820, Reverse Model W2: 0.0440
2026-03-28 22:27:14 | DEBUG | sivi:base_runner.py:477| eval_elbo | Epoch 1820, ELBO: -0.4188, Std Total: 1.2351, Std Q: nan, CI Half: 0.1083
2026-03-28 22:27:14 | DEBUG | sivi:base_runner.py:507| eval_ksd | Epoch 1820, VI KSD: 0.0498
2026-03-28 22:27:14 | DEBUG | sivi:base_runner.py:337| eval_kl_ite | Epoch 1830, VI KL to baseline: 0.3494
2026-03-28 22:27:15 | DEBUG | sivi:base_reverse_runner.py:261| eval_kl_ite | Epoch 1830, Reverse Model KL ITE: 0.0268
2026-03-28 22:27:15 | DEBUG | sivi:base_runner.py:347| eval_w2 | Epoch 1830, VI W2 to baseline: 0.4698
2026-03-28 22:27:15 | DEBUG | sivi:base_reverse_runner.py:272| eval_w2 | Epoch 1830, Reverse Model W2: 0.0408
2026-03-28 22:27:15 | DEBUG | sivi:base_runner.py:477| eval_elbo | Epoch 1830, ELBO: -0.4041, Std Total: 1.2481, Std Q: nan, CI Half: 0.1094
2026-03-28 22:27:15 | DEBUG | sivi:base_runner.py:507| eval_ksd | Epoch 1830, VI KSD: 0.0502
2026-03-28 22:27:15 | DEBUG | sivi:base_runner.py:337| eval_kl_ite | Epoch 1840, VI KL to baseline: 0.3336
2026-03-28 22:27:15 | DEBUG | sivi:base_reverse_runner.py:261| eval_kl_ite | Epoch 1840, Reverse Model KL ITE: 0.0221
2026-03-28 22:27:15 | DEBUG | sivi:base_runner.py:347| eval_w2 | Epoch 1840, VI W2 to baseline: 0.4351
2026-03-28 22:27:15 | DEBUG | sivi:base_reverse_runner.py:272| eval_w2 | Epoch 1840, Reverse Model W2: 0.0396
2026-03-28 22:27:15 | DEBUG | sivi:base_runner.py:477| eval_elbo | Epoch 1840, ELBO: -0.3716, Std Total: 1.1743, Std Q: nan, CI Half: 0.1029
2026-03-28 22:27:15 | DEBUG | sivi:base_runner.py:507| eval_ksd | Epoch 1840, VI KSD: 0.0459
2026-03-28 22:27:16 | DEBUG | sivi:base_runner.py:337| eval_kl_ite | Epoch 1850, VI KL to baseline: 0.3360
2026-03-28 22:27:16 | DEBUG | sivi:base_reverse_runner.py:261| eval_kl_ite | Epoch 1850, Reverse Model KL ITE: 0.0373
2026-03-28 22:27:16 | DEBUG | sivi:base_runner.py:347| eval_w2 | Epoch 1850, VI W2 to baseline: 0.4440
2026-03-28 22:27:16 | DEBUG | sivi:base_reverse_runner.py:272| eval_w2 | Epoch 1850, Reverse Model W2: 0.0400
2026-03-28 22:27:16 | DEBUG | sivi:base_runner.py:477| eval_elbo | Epoch 1850, ELBO: -0.5273, Std Total: 1.2741, Std Q: nan, CI Half: 0.1117
2026-03-28 22:27:16 | DEBUG | sivi:base_runner.py:507| eval_ksd | Epoch 1850, VI KSD: 0.0474
2026-03-28 22:27:17 | DEBUG | sivi:base_runner.py:337| eval_kl_ite | Epoch 1860, VI KL to baseline: 0.3236
2026-03-28 22:27:17 | DEBUG | sivi:base_reverse_runner.py:261| eval_kl_ite | Epoch 1860, Reverse Model KL ITE: 0.0187
2026-03-28 22:27:17 | DEBUG | sivi:base_runner.py:347| eval_w2 | Epoch 1860, VI W2 to baseline: 0.4271
2026-03-28 22:27:17 | DEBUG | sivi:base_reverse_runner.py:272| eval_w2 | Epoch 1860, Reverse Model W2: 0.0376
2026-03-28 22:27:17 | DEBUG | sivi:base_runner.py:477| eval_elbo | Epoch 1860, ELBO: -0.3311, Std Total: 1.0833, Std Q: nan, CI Half: 0.0950
2026-03-28 22:27:17 | DEBUG | sivi:base_runner.py:507| eval_ksd | Epoch 1860, VI KSD: 0.0454
2026-03-28 22:27:17 | DEBUG | sivi:base_runner.py:337| eval_kl_ite | Epoch 1870, VI KL to baseline: 0.3292
2026-03-28 22:27:17 | DEBUG | sivi:base_reverse_runner.py:261| eval_kl_ite | Epoch 1870, Reverse Model KL ITE: 0.0181
2026-03-28 22:27:17 | DEBUG | sivi:base_runner.py:347| eval_w2 | Epoch 1870, VI W2 to baseline: 0.4446
2026-03-28 22:27:17 | DEBUG | sivi:base_reverse_runner.py:272| eval_w2 | Epoch 1870, Reverse Model W2: 0.0421
2026-03-28 22:27:17 | DEBUG | sivi:base_runner.py:477| eval_elbo | Epoch 1870, ELBO: -0.4424, Std Total: 1.2004, Std Q: nan, CI Half: 0.1052
2026-03-28 22:27:17 | DEBUG | sivi:base_runner.py:507| eval_ksd | Epoch 1870, VI KSD: 0.0419
2026-03-28 22:27:18 | DEBUG | sivi:base_runner.py:337| eval_kl_ite | Epoch 1880, VI KL to baseline: 0.3332
2026-03-28 22:27:18 | DEBUG | sivi:base_reverse_runner.py:261| eval_kl_ite | Epoch 1880, Reverse Model KL ITE: 0.0246
2026-03-28 22:27:18 | DEBUG | sivi:base_runner.py:347| eval_w2 | Epoch 1880, VI W2 to baseline: 0.4271
2026-03-28 22:27:18 | DEBUG | sivi:base_reverse_runner.py:272| eval_w2 | Epoch 1880, Reverse Model W2: 0.0406
2026-03-28 22:27:18 | DEBUG | sivi:base_runner.py:477| eval_elbo | Epoch 1880, ELBO: -0.3031, Std Total: 1.0387, Std Q: nan, CI Half: 0.0910
2026-03-28 22:27:18 | DEBUG | sivi:base_runner.py:507| eval_ksd | Epoch 1880, VI KSD: 0.0451
2026-03-28 22:27:18 | DEBUG | sivi:base_runner.py:337| eval_kl_ite | Epoch 1890, VI KL to baseline: 0.2978
2026-03-28 22:27:18 | DEBUG | sivi:base_reverse_runner.py:261| eval_kl_ite | Epoch 1890, Reverse Model KL ITE: 0.0157
2026-03-28 22:27:18 | DEBUG | sivi:base_runner.py:347| eval_w2 | Epoch 1890, VI W2 to baseline: 0.4436
2026-03-28 22:27:18 | DEBUG | sivi:base_reverse_runner.py:272| eval_w2 | Epoch 1890, Reverse Model W2: 0.0394
2026-03-28 22:27:18 | DEBUG | sivi:base_runner.py:477| eval_elbo | Epoch 1890, ELBO: -0.3015, Std Total: 1.0718, Std Q: nan, CI Half: 0.0939
2026-03-28 22:27:18 | DEBUG | sivi:base_runner.py:507| eval_ksd | Epoch 1890, VI KSD: 0.0422
2026-03-28 22:27:19 | DEBUG | sivi:base_runner.py:874| learn | Epoch 1900: Avg Loss: 0.0010, Avg Epoch Time: 0.0587s
2026-03-28 22:27:19 | DEBUG | sivi:base_runner.py:337| eval_kl_ite | Epoch 1900, VI KL to baseline: 0.3240
2026-03-28 22:27:19 | DEBUG | sivi:base_reverse_runner.py:261| eval_kl_ite | Epoch 1900, Reverse Model KL ITE: -0.0020
2026-03-28 22:27:19 | DEBUG | sivi:base_runner.py:347| eval_w2 | Epoch 1900, VI W2 to baseline: 0.4148
2026-03-28 22:27:19 | DEBUG | sivi:base_reverse_runner.py:272| eval_w2 | Epoch 1900, Reverse Model W2: 0.0458
2026-03-28 22:27:19 | DEBUG | sivi:base_runner.py:477| eval_elbo | Epoch 1900, ELBO: -0.4141, Std Total: 1.2296, Std Q: nan, CI Half: 0.1078
2026-03-28 22:27:19 | DEBUG | sivi:base_runner.py:507| eval_ksd | Epoch 1900, VI KSD: 0.0442
2026-03-28 22:27:19 | DEBUG | sivi:base_runner.py:337| eval_kl_ite | Epoch 1910, VI KL to baseline: 0.3261
2026-03-28 22:27:19 | DEBUG | sivi:base_reverse_runner.py:261| eval_kl_ite | Epoch 1910, Reverse Model KL ITE: 0.0198
2026-03-28 22:27:19 | DEBUG | sivi:base_runner.py:347| eval_w2 | Epoch 1910, VI W2 to baseline: 0.4151
2026-03-28 22:27:19 | DEBUG | sivi:base_reverse_runner.py:272| eval_w2 | Epoch 1910, Reverse Model W2: 0.0411
2026-03-28 22:27:19 | DEBUG | sivi:base_runner.py:477| eval_elbo | Epoch 1910, ELBO: -0.3249, Std Total: 1.0142, Std Q: nan, CI Half: 0.0889
2026-03-28 22:27:19 | DEBUG | sivi:base_runner.py:507| eval_ksd | Epoch 1910, VI KSD: 0.0447
2026-03-28 22:27:20 | DEBUG | sivi:base_runner.py:337| eval_kl_ite | Epoch 1920, VI KL to baseline: 0.3077
2026-03-28 22:27:20 | DEBUG | sivi:base_reverse_runner.py:261| eval_kl_ite | Epoch 1920, Reverse Model KL ITE: 0.0320
2026-03-28 22:27:20 | DEBUG | sivi:base_runner.py:347| eval_w2 | Epoch 1920, VI W2 to baseline: 0.4209
2026-03-28 22:27:20 | DEBUG | sivi:base_reverse_runner.py:272| eval_w2 | Epoch 1920, Reverse Model W2: 0.0476
2026-03-28 22:27:20 | DEBUG | sivi:base_runner.py:477| eval_elbo | Epoch 1920, ELBO: -0.2966, Std Total: 1.0275, Std Q: nan, CI Half: 0.0901
2026-03-28 22:27:20 | DEBUG | sivi:base_runner.py:507| eval_ksd | Epoch 1920, VI KSD: 0.0424
2026-03-28 22:27:20 | DEBUG | sivi:base_runner.py:337| eval_kl_ite | Epoch 1930, VI KL to baseline: 0.3022
2026-03-28 22:27:21 | DEBUG | sivi:base_reverse_runner.py:261| eval_kl_ite | Epoch 1930, Reverse Model KL ITE: 0.0211
2026-03-28 22:27:21 | DEBUG | sivi:base_runner.py:347| eval_w2 | Epoch 1930, VI W2 to baseline: 0.3986
2026-03-28 22:27:21 | DEBUG | sivi:base_reverse_runner.py:272| eval_w2 | Epoch 1930, Reverse Model W2: 0.0507
2026-03-28 22:27:21 | DEBUG | sivi:base_runner.py:477| eval_elbo | Epoch 1930, ELBO: -0.3249, Std Total: 1.1094, Std Q: nan, CI Half: 0.0972
2026-03-28 22:27:21 | DEBUG | sivi:base_runner.py:507| eval_ksd | Epoch 1930, VI KSD: 0.0426
2026-03-28 22:27:21 | DEBUG | sivi:base_runner.py:337| eval_kl_ite | Epoch 1940, VI KL to baseline: 0.3240
2026-03-28 22:27:21 | DEBUG | sivi:base_reverse_runner.py:261| eval_kl_ite | Epoch 1940, Reverse Model KL ITE: 0.0350
2026-03-28 22:27:21 | DEBUG | sivi:base_runner.py:347| eval_w2 | Epoch 1940, VI W2 to baseline: 0.4246
2026-03-28 22:27:21 | DEBUG | sivi:base_reverse_runner.py:272| eval_w2 | Epoch 1940, Reverse Model W2: 0.0373
2026-03-28 22:27:21 | DEBUG | sivi:base_runner.py:477| eval_elbo | Epoch 1940, ELBO: -0.4116, Std Total: 1.2078, Std Q: nan, CI Half: 0.1059
2026-03-28 22:27:21 | DEBUG | sivi:base_runner.py:507| eval_ksd | Epoch 1940, VI KSD: 0.0421
2026-03-28 22:27:22 | DEBUG | sivi:base_runner.py:337| eval_kl_ite | Epoch 1950, VI KL to baseline: 0.3107
2026-03-28 22:27:22 | DEBUG | sivi:base_reverse_runner.py:261| eval_kl_ite | Epoch 1950, Reverse Model KL ITE: 0.0434
2026-03-28 22:27:22 | DEBUG | sivi:base_runner.py:347| eval_w2 | Epoch 1950, VI W2 to baseline: 0.4112
2026-03-28 22:27:22 | DEBUG | sivi:base_reverse_runner.py:272| eval_w2 | Epoch 1950, Reverse Model W2: 0.0512
2026-03-28 22:27:22 | DEBUG | sivi:base_runner.py:477| eval_elbo | Epoch 1950, ELBO: -0.3194, Std Total: 1.2460, Std Q: nan, CI Half: 0.1092
2026-03-28 22:27:22 | DEBUG | sivi:base_runner.py:507| eval_ksd | Epoch 1950, VI KSD: 0.0434
2026-03-28 22:27:22 | DEBUG | sivi:base_runner.py:337| eval_kl_ite | Epoch 1960, VI KL to baseline: 0.3274
2026-03-28 22:27:22 | DEBUG | sivi:base_reverse_runner.py:261| eval_kl_ite | Epoch 1960, Reverse Model KL ITE: 0.0202
2026-03-28 22:27:22 | DEBUG | sivi:base_runner.py:347| eval_w2 | Epoch 1960, VI W2 to baseline: 0.4261
2026-03-28 22:27:22 | DEBUG | sivi:base_reverse_runner.py:272| eval_w2 | Epoch 1960, Reverse Model W2: 0.0464
2026-03-28 22:27:22 | DEBUG | sivi:base_runner.py:477| eval_elbo | Epoch 1960, ELBO: -0.2614, Std Total: 1.0494, Std Q: nan, CI Half: 0.0920
2026-03-28 22:27:22 | DEBUG | sivi:base_runner.py:507| eval_ksd | Epoch 1960, VI KSD: 0.0402
2026-03-28 22:27:23 | DEBUG | sivi:base_runner.py:337| eval_kl_ite | Epoch 1970, VI KL to baseline: 0.3045
2026-03-28 22:27:23 | DEBUG | sivi:base_reverse_runner.py:261| eval_kl_ite | Epoch 1970, Reverse Model KL ITE: 0.0353
2026-03-28 22:27:23 | DEBUG | sivi:base_runner.py:347| eval_w2 | Epoch 1970, VI W2 to baseline: 0.4006
2026-03-28 22:27:23 | DEBUG | sivi:base_reverse_runner.py:272| eval_w2 | Epoch 1970, Reverse Model W2: 0.0420
2026-03-28 22:27:23 | DEBUG | sivi:base_runner.py:477| eval_elbo | Epoch 1970, ELBO: -0.3186, Std Total: 1.0985, Std Q: nan, CI Half: 0.0963
2026-03-28 22:27:23 | DEBUG | sivi:base_runner.py:507| eval_ksd | Epoch 1970, VI KSD: 0.0425
2026-03-28 22:27:23 | DEBUG | sivi:base_runner.py:337| eval_kl_ite | Epoch 1980, VI KL to baseline: 0.2738
2026-03-28 22:27:23 | DEBUG | sivi:base_reverse_runner.py:261| eval_kl_ite | Epoch 1980, Reverse Model KL ITE: 0.0134
2026-03-28 22:27:23 | DEBUG | sivi:base_runner.py:347| eval_w2 | Epoch 1980, VI W2 to baseline: 0.4057
2026-03-28 22:27:23 | DEBUG | sivi:base_reverse_runner.py:272| eval_w2 | Epoch 1980, Reverse Model W2: 0.0469
2026-03-28 22:27:23 | DEBUG | sivi:base_runner.py:477| eval_elbo | Epoch 1980, ELBO: -0.3359, Std Total: 1.1632, Std Q: nan, CI Half: 0.1020
2026-03-28 22:27:23 | DEBUG | sivi:base_runner.py:507| eval_ksd | Epoch 1980, VI KSD: 0.0376
2026-03-28 22:27:24 | DEBUG | sivi:base_runner.py:337| eval_kl_ite | Epoch 1990, VI KL to baseline: 0.2882
2026-03-28 22:27:24 | DEBUG | sivi:base_reverse_runner.py:261| eval_kl_ite | Epoch 1990, Reverse Model KL ITE: 0.0383
2026-03-28 22:27:24 | DEBUG | sivi:base_runner.py:347| eval_w2 | Epoch 1990, VI W2 to baseline: 0.3974
2026-03-28 22:27:24 | DEBUG | sivi:base_reverse_runner.py:272| eval_w2 | Epoch 1990, Reverse Model W2: 0.0533
2026-03-28 22:27:24 | DEBUG | sivi:base_runner.py:477| eval_elbo | Epoch 1990, ELBO: -0.3371, Std Total: 1.1114, Std Q: nan, CI Half: 0.0974
2026-03-28 22:27:24 | DEBUG | sivi:base_runner.py:507| eval_ksd | Epoch 1990, VI KSD: 0.0370
2026-03-28 22:27:24 | DEBUG | sivi:base_runner.py:874| learn | Epoch 2000: Avg Loss: 0.0037, Avg Epoch Time: 0.0556s
2026-03-28 22:27:24 | DEBUG | sivi:base_reverse_runner.py:183| _training_rev_log_func | Epoch 2000, Inner epoch 1, Reverse Model Loss: 5.0158, Avg Steps: 1.0000
2026-03-28 22:27:24 | DEBUG | sivi:base_runner.py:588| save_samples | Saved 100000 samples at epoch 2000.
2026-03-28 22:27:24 | DEBUG | sivi:base_runner.py:607| save_checkpoint | Saved VIModel checkpoints at epoch 2000 to results/AISIVI/multimodal/20260328_222515/checkpoints/epoch_2000.
2026-03-28 22:27:24 | DEBUG | sivi:base_reverse_runner.py:476| save_checkpoint | Saved reverse checkpoints at epoch 2000 to results/AISIVI/multimodal/20260328_222515/checkpoints/epoch_2000.
2026-03-28 22:27:24 | DEBUG | sivi:base_runner.py:337| eval_kl_ite | Epoch 2000, VI KL to baseline: 0.3001
2026-03-28 22:27:24 | DEBUG | sivi:base_reverse_runner.py:261| eval_kl_ite | Epoch 2000, Reverse Model KL ITE: 0.0400
2026-03-28 22:27:24 | DEBUG | sivi:base_runner.py:347| eval_w2 | Epoch 2000, VI W2 to baseline: 0.4150
2026-03-28 22:27:24 | DEBUG | sivi:base_reverse_runner.py:272| eval_w2 | Epoch 2000, Reverse Model W2: 0.0402
2026-03-28 22:27:24 | DEBUG | sivi:base_runner.py:477| eval_elbo | Epoch 2000, ELBO: -0.4249, Std Total: 1.2272, Std Q: nan, CI Half: 0.1076
2026-03-28 22:27:24 | DEBUG | sivi:base_runner.py:507| eval_ksd | Epoch 2000, VI KSD: 0.0432
2026-03-28 22:27:25 | DEBUG | sivi:base_runner.py:970| learn | Saved contour plot at epoch 2000.
2026-03-28 22:27:25 | DEBUG | sivi:base_runner.py:337| eval_kl_ite | Epoch 2010, VI KL to baseline: 0.2922
2026-03-28 22:27:25 | DEBUG | sivi:base_reverse_runner.py:261| eval_kl_ite | Epoch 2010, Reverse Model KL ITE: 0.0350
2026-03-28 22:27:25 | DEBUG | sivi:base_runner.py:347| eval_w2 | Epoch 2010, VI W2 to baseline: 0.4060
2026-03-28 22:27:25 | DEBUG | sivi:base_reverse_runner.py:272| eval_w2 | Epoch 2010, Reverse Model W2: 0.0548
2026-03-28 22:27:25 | DEBUG | sivi:base_runner.py:477| eval_elbo | Epoch 2010, ELBO: -0.2652, Std Total: 0.9944, Std Q: nan, CI Half: 0.0872
2026-03-28 22:27:25 | DEBUG | sivi:base_runner.py:507| eval_ksd | Epoch 2010, VI KSD: 0.0419
2026-03-28 22:27:26 | DEBUG | sivi:base_runner.py:337| eval_kl_ite | Epoch 2020, VI KL to baseline: 0.2618
2026-03-28 22:27:26 | DEBUG | sivi:base_reverse_runner.py:261| eval_kl_ite | Epoch 2020, Reverse Model KL ITE: 0.0172
2026-03-28 22:27:26 | DEBUG | sivi:base_runner.py:347| eval_w2 | Epoch 2020, VI W2 to baseline: 0.3797
2026-03-28 22:27:26 | DEBUG | sivi:base_reverse_runner.py:272| eval_w2 | Epoch 2020, Reverse Model W2: 0.0450
2026-03-28 22:27:26 | DEBUG | sivi:base_runner.py:477| eval_elbo | Epoch 2020, ELBO: -0.2790, Std Total: 1.0164, Std Q: nan, CI Half: 0.0891
2026-03-28 22:27:26 | DEBUG | sivi:base_runner.py:507| eval_ksd | Epoch 2020, VI KSD: 0.0325
2026-03-28 22:27:26 | DEBUG | sivi:base_runner.py:337| eval_kl_ite | Epoch 2030, VI KL to baseline: 0.2925
2026-03-28 22:27:27 | DEBUG | sivi:base_reverse_runner.py:261| eval_kl_ite | Epoch 2030, Reverse Model KL ITE: 0.0211
2026-03-28 22:27:27 | DEBUG | sivi:base_runner.py:347| eval_w2 | Epoch 2030, VI W2 to baseline: 0.4017
2026-03-28 22:27:27 | DEBUG | sivi:base_reverse_runner.py:272| eval_w2 | Epoch 2030, Reverse Model W2: 0.0467
2026-03-28 22:27:27 | DEBUG | sivi:base_runner.py:477| eval_elbo | Epoch 2030, ELBO: -0.3324, Std Total: 1.1591, Std Q: nan, CI Half: 0.1016
2026-03-28 22:27:27 | DEBUG | sivi:base_runner.py:507| eval_ksd | Epoch 2030, VI KSD: 0.0357
2026-03-28 22:27:27 | DEBUG | sivi:base_runner.py:337| eval_kl_ite | Epoch 2040, VI KL to baseline: 0.2950
2026-03-28 22:27:27 | DEBUG | sivi:base_reverse_runner.py:261| eval_kl_ite | Epoch 2040, Reverse Model KL ITE: 0.0377
2026-03-28 22:27:27 | DEBUG | sivi:base_runner.py:347| eval_w2 | Epoch 2040, VI W2 to baseline: 0.4025
2026-03-28 22:27:27 | DEBUG | sivi:base_reverse_runner.py:272| eval_w2 | Epoch 2040, Reverse Model W2: 0.0505
2026-03-28 22:27:27 | DEBUG | sivi:base_runner.py:477| eval_elbo | Epoch 2040, ELBO: -0.4143, Std Total: 1.0958, Std Q: nan, CI Half: 0.0960
2026-03-28 22:27:27 | DEBUG | sivi:base_runner.py:507| eval_ksd | Epoch 2040, VI KSD: 0.0403
2026-03-28 22:27:28 | DEBUG | sivi:base_runner.py:337| eval_kl_ite | Epoch 2050, VI KL to baseline: 0.2797
2026-03-28 22:27:28 | DEBUG | sivi:base_reverse_runner.py:261| eval_kl_ite | Epoch 2050, Reverse Model KL ITE: 0.0319
2026-03-28 22:27:28 | DEBUG | sivi:base_runner.py:347| eval_w2 | Epoch 2050, VI W2 to baseline: 0.4051
2026-03-28 22:27:28 | DEBUG | sivi:base_reverse_runner.py:272| eval_w2 | Epoch 2050, Reverse Model W2: 0.0536
2026-03-28 22:27:28 | DEBUG | sivi:base_runner.py:477| eval_elbo | Epoch 2050, ELBO: -0.3351, Std Total: 1.1064, Std Q: nan, CI Half: 0.0970
2026-03-28 22:27:28 | DEBUG | sivi:base_runner.py:507| eval_ksd | Epoch 2050, VI KSD: 0.0408
2026-03-28 22:27:28 | DEBUG | sivi:base_runner.py:337| eval_kl_ite | Epoch 2060, VI KL to baseline: 0.2793
2026-03-28 22:27:29 | DEBUG | sivi:base_reverse_runner.py:261| eval_kl_ite | Epoch 2060, Reverse Model KL ITE: 0.0680
2026-03-28 22:27:29 | DEBUG | sivi:base_runner.py:347| eval_w2 | Epoch 2060, VI W2 to baseline: 0.4047
2026-03-28 22:27:29 | DEBUG | sivi:base_reverse_runner.py:272| eval_w2 | Epoch 2060, Reverse Model W2: 0.0682
2026-03-28 22:27:29 | DEBUG | sivi:base_runner.py:477| eval_elbo | Epoch 2060, ELBO: -0.3036, Std Total: 1.0720, Std Q: nan, CI Half: 0.0940
2026-03-28 22:27:29 | DEBUG | sivi:base_runner.py:507| eval_ksd | Epoch 2060, VI KSD: 0.0445
2026-03-28 22:27:29 | DEBUG | sivi:base_runner.py:337| eval_kl_ite | Epoch 2070, VI KL to baseline: 0.2903
2026-03-28 22:27:29 | DEBUG | sivi:base_reverse_runner.py:261| eval_kl_ite | Epoch 2070, Reverse Model KL ITE: 0.0426
2026-03-28 22:27:29 | DEBUG | sivi:base_runner.py:347| eval_w2 | Epoch 2070, VI W2 to baseline: 0.4087
2026-03-28 22:27:29 | DEBUG | sivi:base_reverse_runner.py:272| eval_w2 | Epoch 2070, Reverse Model W2: 0.0521
2026-03-28 22:27:29 | DEBUG | sivi:base_runner.py:477| eval_elbo | Epoch 2070, ELBO: -0.2929, Std Total: 1.0034, Std Q: nan, CI Half: 0.0880
2026-03-28 22:27:29 | DEBUG | sivi:base_runner.py:507| eval_ksd | Epoch 2070, VI KSD: 0.0416
2026-03-28 22:27:30 | DEBUG | sivi:base_runner.py:337| eval_kl_ite | Epoch 2080, VI KL to baseline: 0.3241
2026-03-28 22:27:30 | DEBUG | sivi:base_reverse_runner.py:261| eval_kl_ite | Epoch 2080, Reverse Model KL ITE: 0.0539
2026-03-28 22:27:30 | DEBUG | sivi:base_runner.py:347| eval_w2 | Epoch 2080, VI W2 to baseline: 0.4090
2026-03-28 22:27:30 | DEBUG | sivi:base_reverse_runner.py:272| eval_w2 | Epoch 2080, Reverse Model W2: 0.0588
2026-03-28 22:27:30 | DEBUG | sivi:base_runner.py:477| eval_elbo | Epoch 2080, ELBO: -0.2902, Std Total: 1.0018, Std Q: nan, CI Half: 0.0878
2026-03-28 22:27:30 | DEBUG | sivi:base_runner.py:507| eval_ksd | Epoch 2080, VI KSD: 0.0377
2026-03-28 22:27:31 | DEBUG | sivi:base_runner.py:337| eval_kl_ite | Epoch 2090, VI KL to baseline: 0.2751
2026-03-28 22:27:31 | DEBUG | sivi:base_reverse_runner.py:261| eval_kl_ite | Epoch 2090, Reverse Model KL ITE: 0.0417
2026-03-28 22:27:31 | DEBUG | sivi:base_runner.py:347| eval_w2 | Epoch 2090, VI W2 to baseline: 0.4228
2026-03-28 22:27:31 | DEBUG | sivi:base_reverse_runner.py:272| eval_w2 | Epoch 2090, Reverse Model W2: 0.0493
2026-03-28 22:27:31 | DEBUG | sivi:base_runner.py:477| eval_elbo | Epoch 2090, ELBO: -0.2477, Std Total: 0.9191, Std Q: nan, CI Half: 0.0806
2026-03-28 22:27:31 | DEBUG | sivi:base_runner.py:507| eval_ksd | Epoch 2090, VI KSD: 0.0387
2026-03-28 22:27:31 | DEBUG | sivi:base_runner.py:874| learn | Epoch 2100: Avg Loss: 0.0086, Avg Epoch Time: 0.0684s
2026-03-28 22:27:31 | DEBUG | sivi:base_runner.py:337| eval_kl_ite | Epoch 2100, VI KL to baseline: 0.2375
2026-03-28 22:27:31 | DEBUG | sivi:base_reverse_runner.py:261| eval_kl_ite | Epoch 2100, Reverse Model KL ITE: 0.0078
2026-03-28 22:27:31 | DEBUG | sivi:base_runner.py:347| eval_w2 | Epoch 2100, VI W2 to baseline: 0.3648
2026-03-28 22:27:31 | DEBUG | sivi:base_reverse_runner.py:272| eval_w2 | Epoch 2100, Reverse Model W2: 0.0504
2026-03-28 22:27:31 | DEBUG | sivi:base_runner.py:477| eval_elbo | Epoch 2100, ELBO: -0.3107, Std Total: 1.0103, Std Q: nan, CI Half: 0.0886
2026-03-28 22:27:31 | DEBUG | sivi:base_runner.py:507| eval_ksd | Epoch 2100, VI KSD: 0.0345
2026-03-28 22:27:32 | DEBUG | sivi:base_runner.py:337| eval_kl_ite | Epoch 2110, VI KL to baseline: 0.2409
2026-03-28 22:27:32 | DEBUG | sivi:base_reverse_runner.py:261| eval_kl_ite | Epoch 2110, Reverse Model KL ITE: 0.0343
2026-03-28 22:27:32 | DEBUG | sivi:base_runner.py:347| eval_w2 | Epoch 2110, VI W2 to baseline: 0.3932
2026-03-28 22:27:32 | DEBUG | sivi:base_reverse_runner.py:272| eval_w2 | Epoch 2110, Reverse Model W2: 0.0490
2026-03-28 22:27:32 | DEBUG | sivi:base_runner.py:477| eval_elbo | Epoch 2110, ELBO: -0.3909, Std Total: 1.1374, Std Q: nan, CI Half: 0.0997
2026-03-28 22:27:32 | DEBUG | sivi:base_runner.py:507| eval_ksd | Epoch 2110, VI KSD: 0.0398
2026-03-28 22:27:32 | DEBUG | sivi:base_runner.py:337| eval_kl_ite | Epoch 2120, VI KL to baseline: 0.2453
2026-03-28 22:27:32 | DEBUG | sivi:base_reverse_runner.py:261| eval_kl_ite | Epoch 2120, Reverse Model KL ITE: 0.0406
2026-03-28 22:27:32 | DEBUG | sivi:base_runner.py:347| eval_w2 | Epoch 2120, VI W2 to baseline: 0.3641
2026-03-28 22:27:32 | DEBUG | sivi:base_reverse_runner.py:272| eval_w2 | Epoch 2120, Reverse Model W2: 0.0550
2026-03-28 22:27:32 | DEBUG | sivi:base_runner.py:477| eval_elbo | Epoch 2120, ELBO: -0.2845, Std Total: 0.9355, Std Q: nan, CI Half: 0.0820
2026-03-28 22:27:32 | DEBUG | sivi:base_runner.py:507| eval_ksd | Epoch 2120, VI KSD: 0.0438
2026-03-28 22:27:33 | DEBUG | sivi:base_runner.py:337| eval_kl_ite | Epoch 2130, VI KL to baseline: 0.2390
2026-03-28 22:27:33 | DEBUG | sivi:base_reverse_runner.py:261| eval_kl_ite | Epoch 2130, Reverse Model KL ITE: 0.0454
2026-03-28 22:27:33 | DEBUG | sivi:base_runner.py:347| eval_w2 | Epoch 2130, VI W2 to baseline: 0.3711
2026-03-28 22:27:33 | DEBUG | sivi:base_reverse_runner.py:272| eval_w2 | Epoch 2130, Reverse Model W2: 0.0542
2026-03-28 22:27:33 | DEBUG | sivi:base_runner.py:477| eval_elbo | Epoch 2130, ELBO: -0.2293, Std Total: 0.8853, Std Q: nan, CI Half: 0.0776
2026-03-28 22:27:33 | DEBUG | sivi:base_runner.py:507| eval_ksd | Epoch 2130, VI KSD: 0.0339
2026-03-28 22:27:33 | DEBUG | sivi:base_runner.py:337| eval_kl_ite | Epoch 2140, VI KL to baseline: 0.2499
2026-03-28 22:27:33 | DEBUG | sivi:base_reverse_runner.py:261| eval_kl_ite | Epoch 2140, Reverse Model KL ITE: 0.0216
2026-03-28 22:27:33 | DEBUG | sivi:base_runner.py:347| eval_w2 | Epoch 2140, VI W2 to baseline: 0.3730
2026-03-28 22:27:33 | DEBUG | sivi:base_reverse_runner.py:272| eval_w2 | Epoch 2140, Reverse Model W2: 0.0637
2026-03-28 22:27:33 | DEBUG | sivi:base_runner.py:477| eval_elbo | Epoch 2140, ELBO: -0.2623, Std Total: 0.9704, Std Q: nan, CI Half: 0.0851
2026-03-28 22:27:33 | DEBUG | sivi:base_runner.py:507| eval_ksd | Epoch 2140, VI KSD: 0.0447
2026-03-28 22:27:34 | DEBUG | sivi:base_runner.py:337| eval_kl_ite | Epoch 2150, VI KL to baseline: 0.2555
2026-03-28 22:27:34 | DEBUG | sivi:base_reverse_runner.py:261| eval_kl_ite | Epoch 2150, Reverse Model KL ITE: 0.0428
2026-03-28 22:27:34 | DEBUG | sivi:base_runner.py:347| eval_w2 | Epoch 2150, VI W2 to baseline: 0.3746
2026-03-28 22:27:34 | DEBUG | sivi:base_reverse_runner.py:272| eval_w2 | Epoch 2150, Reverse Model W2: 0.0563
2026-03-28 22:27:34 | DEBUG | sivi:base_runner.py:477| eval_elbo | Epoch 2150, ELBO: -0.3197, Std Total: 0.9523, Std Q: nan, CI Half: 0.0835
2026-03-28 22:27:34 | DEBUG | sivi:base_runner.py:507| eval_ksd | Epoch 2150, VI KSD: 0.0356
2026-03-28 22:27:35 | DEBUG | sivi:base_runner.py:337| eval_kl_ite | Epoch 2160, VI KL to baseline: 0.2297
2026-03-28 22:27:35 | DEBUG | sivi:base_reverse_runner.py:261| eval_kl_ite | Epoch 2160, Reverse Model KL ITE: 0.0516
2026-03-28 22:27:35 | DEBUG | sivi:base_runner.py:347| eval_w2 | Epoch 2160, VI W2 to baseline: 0.3754
2026-03-28 22:27:35 | DEBUG | sivi:base_reverse_runner.py:272| eval_w2 | Epoch 2160, Reverse Model W2: 0.0526
2026-03-28 22:27:35 | DEBUG | sivi:base_runner.py:477| eval_elbo | Epoch 2160, ELBO: -0.2833, Std Total: 0.9816, Std Q: nan, CI Half: 0.0860
2026-03-28 22:27:35 | DEBUG | sivi:base_runner.py:507| eval_ksd | Epoch 2160, VI KSD: 0.0338
2026-03-28 22:27:35 | DEBUG | sivi:base_runner.py:337| eval_kl_ite | Epoch 2170, VI KL to baseline: 0.2424
2026-03-28 22:27:35 | DEBUG | sivi:base_reverse_runner.py:261| eval_kl_ite | Epoch 2170, Reverse Model KL ITE: 0.0613
2026-03-28 22:27:35 | DEBUG | sivi:base_runner.py:347| eval_w2 | Epoch 2170, VI W2 to baseline: 0.3561
2026-03-28 22:27:35 | DEBUG | sivi:base_reverse_runner.py:272| eval_w2 | Epoch 2170, Reverse Model W2: 0.0530
2026-03-28 22:27:35 | DEBUG | sivi:base_runner.py:477| eval_elbo | Epoch 2170, ELBO: -0.2497, Std Total: 0.9282, Std Q: nan, CI Half: 0.0814
2026-03-28 22:27:35 | DEBUG | sivi:base_runner.py:507| eval_ksd | Epoch 2170, VI KSD: 0.0352
2026-03-28 22:27:36 | DEBUG | sivi:base_runner.py:337| eval_kl_ite | Epoch 2180, VI KL to baseline: 0.2451
2026-03-28 22:27:36 | DEBUG | sivi:base_reverse_runner.py:261| eval_kl_ite | Epoch 2180, Reverse Model KL ITE: 0.0234
2026-03-28 22:27:36 | DEBUG | sivi:base_runner.py:347| eval_w2 | Epoch 2180, VI W2 to baseline: 0.3501
2026-03-28 22:27:36 | DEBUG | sivi:base_reverse_runner.py:272| eval_w2 | Epoch 2180, Reverse Model W2: 0.0549
2026-03-28 22:27:36 | DEBUG | sivi:base_runner.py:477| eval_elbo | Epoch 2180, ELBO: -0.2647, Std Total: 0.9572, Std Q: nan, CI Half: 0.0839
2026-03-28 22:27:36 | DEBUG | sivi:base_runner.py:507| eval_ksd | Epoch 2180, VI KSD: 0.0268
2026-03-28 22:27:37 | DEBUG | sivi:base_runner.py:337| eval_kl_ite | Epoch 2190, VI KL to baseline: 0.2538
2026-03-28 22:27:37 | DEBUG | sivi:base_reverse_runner.py:261| eval_kl_ite | Epoch 2190, Reverse Model KL ITE: 0.0474
2026-03-28 22:27:37 | DEBUG | sivi:base_runner.py:347| eval_w2 | Epoch 2190, VI W2 to baseline: 0.3659
2026-03-28 22:27:37 | DEBUG | sivi:base_reverse_runner.py:272| eval_w2 | Epoch 2190, Reverse Model W2: 0.0532
2026-03-28 22:27:37 | DEBUG | sivi:base_runner.py:477| eval_elbo | Epoch 2190, ELBO: -0.2803, Std Total: 0.9303, Std Q: nan, CI Half: 0.0815
2026-03-28 22:27:37 | DEBUG | sivi:base_runner.py:507| eval_ksd | Epoch 2190, VI KSD: 0.0360
2026-03-28 22:27:37 | DEBUG | sivi:base_runner.py:874| learn | Epoch 2200: Avg Loss: 0.0098, Avg Epoch Time: 0.0619s
2026-03-28 22:27:37 | DEBUG | sivi:base_runner.py:337| eval_kl_ite | Epoch 2200, VI KL to baseline: 0.2201
2026-03-28 22:27:37 | DEBUG | sivi:base_reverse_runner.py:261| eval_kl_ite | Epoch 2200, Reverse Model KL ITE: 0.0410
2026-03-28 22:27:37 | DEBUG | sivi:base_runner.py:347| eval_w2 | Epoch 2200, VI W2 to baseline: 0.3351
2026-03-28 22:27:37 | DEBUG | sivi:base_reverse_runner.py:272| eval_w2 | Epoch 2200, Reverse Model W2: 0.0540
2026-03-28 22:27:37 | DEBUG | sivi:base_runner.py:477| eval_elbo | Epoch 2200, ELBO: -0.2516, Std Total: 0.9103, Std Q: nan, CI Half: 0.0798
2026-03-28 22:27:37 | DEBUG | sivi:base_runner.py:507| eval_ksd | Epoch 2200, VI KSD: 0.0296
2026-03-28 22:27:38 | DEBUG | sivi:base_runner.py:337| eval_kl_ite | Epoch 2210, VI KL to baseline: 0.2295
2026-03-28 22:27:38 | DEBUG | sivi:base_reverse_runner.py:261| eval_kl_ite | Epoch 2210, Reverse Model KL ITE: 0.0461
2026-03-28 22:27:38 | DEBUG | sivi:base_runner.py:347| eval_w2 | Epoch 2210, VI W2 to baseline: 0.3462
2026-03-28 22:27:38 | DEBUG | sivi:base_reverse_runner.py:272| eval_w2 | Epoch 2210, Reverse Model W2: 0.0482
2026-03-28 22:27:38 | DEBUG | sivi:base_runner.py:477| eval_elbo | Epoch 2210, ELBO: -0.2350, Std Total: 0.8676, Std Q: nan, CI Half: 0.0760
2026-03-28 22:27:38 | DEBUG | sivi:base_runner.py:507| eval_ksd | Epoch 2210, VI KSD: 0.0358
2026-03-28 22:27:38 | DEBUG | sivi:base_runner.py:337| eval_kl_ite | Epoch 2220, VI KL to baseline: 0.2561
2026-03-28 22:27:38 | DEBUG | sivi:base_reverse_runner.py:261| eval_kl_ite | Epoch 2220, Reverse Model KL ITE: 0.0160
2026-03-28 22:27:39 | DEBUG | sivi:base_runner.py:347| eval_w2 | Epoch 2220, VI W2 to baseline: 0.3525
2026-03-28 22:27:39 | DEBUG | sivi:base_reverse_runner.py:272| eval_w2 | Epoch 2220, Reverse Model W2: 0.0517
2026-03-28 22:27:39 | DEBUG | sivi:base_runner.py:477| eval_elbo | Epoch 2220, ELBO: -0.2723, Std Total: 0.9347, Std Q: nan, CI Half: 0.0819
2026-03-28 22:27:39 | DEBUG | sivi:base_runner.py:507| eval_ksd | Epoch 2220, VI KSD: 0.0343
2026-03-28 22:27:39 | DEBUG | sivi:base_runner.py:337| eval_kl_ite | Epoch 2230, VI KL to baseline: 0.2156
2026-03-28 22:27:39 | DEBUG | sivi:base_reverse_runner.py:261| eval_kl_ite | Epoch 2230, Reverse Model KL ITE: 0.0434
2026-03-28 22:27:39 | DEBUG | sivi:base_runner.py:347| eval_w2 | Epoch 2230, VI W2 to baseline: 0.3488
2026-03-28 22:27:39 | DEBUG | sivi:base_reverse_runner.py:272| eval_w2 | Epoch 2230, Reverse Model W2: 0.0594
2026-03-28 22:27:39 | DEBUG | sivi:base_runner.py:477| eval_elbo | Epoch 2230, ELBO: -0.2788, Std Total: 0.9435, Std Q: nan, CI Half: 0.0827
2026-03-28 22:27:39 | DEBUG | sivi:base_runner.py:507| eval_ksd | Epoch 2230, VI KSD: 0.0306
2026-03-28 22:27:39 | DEBUG | sivi:base_runner.py:337| eval_kl_ite | Epoch 2240, VI KL to baseline: 0.2028
2026-03-28 22:27:40 | DEBUG | sivi:base_reverse_runner.py:261| eval_kl_ite | Epoch 2240, Reverse Model KL ITE: 0.0425
2026-03-28 22:27:40 | DEBUG | sivi:base_runner.py:347| eval_w2 | Epoch 2240, VI W2 to baseline: 0.3181
2026-03-28 22:27:40 | DEBUG | sivi:base_reverse_runner.py:272| eval_w2 | Epoch 2240, Reverse Model W2: 0.0463
2026-03-28 22:27:40 | DEBUG | sivi:base_runner.py:477| eval_elbo | Epoch 2240, ELBO: -0.1915, Std Total: 0.7886, Std Q: nan, CI Half: 0.0691
2026-03-28 22:27:40 | DEBUG | sivi:base_runner.py:507| eval_ksd | Epoch 2240, VI KSD: 0.0272
2026-03-28 22:27:40 | DEBUG | sivi:base_runner.py:337| eval_kl_ite | Epoch 2250, VI KL to baseline: 0.2006
2026-03-28 22:27:40 | DEBUG | sivi:base_reverse_runner.py:261| eval_kl_ite | Epoch 2250, Reverse Model KL ITE: 0.0337
2026-03-28 22:27:40 | DEBUG | sivi:base_runner.py:347| eval_w2 | Epoch 2250, VI W2 to baseline: 0.3406
2026-03-28 22:27:40 | DEBUG | sivi:base_reverse_runner.py:272| eval_w2 | Epoch 2250, Reverse Model W2: 0.0521
2026-03-28 22:27:40 | DEBUG | sivi:base_runner.py:477| eval_elbo | Epoch 2250, ELBO: -0.2220, Std Total: 0.9308, Std Q: nan, CI Half: 0.0816
2026-03-28 22:27:40 | DEBUG | sivi:base_runner.py:507| eval_ksd | Epoch 2250, VI KSD: 0.0243
2026-03-28 22:27:40 | DEBUG | sivi:base_runner.py:337| eval_kl_ite | Epoch 2260, VI KL to baseline: 0.2029
2026-03-28 22:27:40 | DEBUG | sivi:base_reverse_runner.py:261| eval_kl_ite | Epoch 2260, Reverse Model KL ITE: 0.0243
2026-03-28 22:27:41 | DEBUG | sivi:base_runner.py:347| eval_w2 | Epoch 2260, VI W2 to baseline: 0.3396
2026-03-28 22:27:41 | DEBUG | sivi:base_reverse_runner.py:272| eval_w2 | Epoch 2260, Reverse Model W2: 0.0514
2026-03-28 22:27:41 | DEBUG | sivi:base_runner.py:477| eval_elbo | Epoch 2260, ELBO: -0.1903, Std Total: 0.8183, Std Q: nan, CI Half: 0.0717
2026-03-28 22:27:41 | DEBUG | sivi:base_runner.py:507| eval_ksd | Epoch 2260, VI KSD: 0.0371
2026-03-28 22:27:41 | DEBUG | sivi:base_runner.py:337| eval_kl_ite | Epoch 2270, VI KL to baseline: 0.2204
2026-03-28 22:27:41 | DEBUG | sivi:base_reverse_runner.py:261| eval_kl_ite | Epoch 2270, Reverse Model KL ITE: 0.0440
2026-03-28 22:27:41 | DEBUG | sivi:base_runner.py:347| eval_w2 | Epoch 2270, VI W2 to baseline: 0.3490
2026-03-28 22:27:41 | DEBUG | sivi:base_reverse_runner.py:272| eval_w2 | Epoch 2270, Reverse Model W2: 0.0425
2026-03-28 22:27:41 | DEBUG | sivi:base_runner.py:477| eval_elbo | Epoch 2270, ELBO: -0.1498, Std Total: 0.8133, Std Q: nan, CI Half: 0.0713
2026-03-28 22:27:41 | DEBUG | sivi:base_runner.py:507| eval_ksd | Epoch 2270, VI KSD: 0.0318
2026-03-28 22:27:42 | DEBUG | sivi:base_runner.py:337| eval_kl_ite | Epoch 2280, VI KL to baseline: 0.2257
2026-03-28 22:27:42 | DEBUG | sivi:base_reverse_runner.py:261| eval_kl_ite | Epoch 2280, Reverse Model KL ITE: 0.0479
2026-03-28 22:27:42 | DEBUG | sivi:base_runner.py:347| eval_w2 | Epoch 2280, VI W2 to baseline: 0.3304
2026-03-28 22:27:42 | DEBUG | sivi:base_reverse_runner.py:272| eval_w2 | Epoch 2280, Reverse Model W2: 0.0499
2026-03-28 22:27:42 | DEBUG | sivi:base_runner.py:477| eval_elbo | Epoch 2280, ELBO: -0.1974, Std Total: 0.7953, Std Q: nan, CI Half: 0.0697
2026-03-28 22:27:42 | DEBUG | sivi:base_runner.py:507| eval_ksd | Epoch 2280, VI KSD: 0.0288
2026-03-28 22:27:42 | DEBUG | sivi:base_runner.py:337| eval_kl_ite | Epoch 2290, VI KL to baseline: 0.2217
2026-03-28 22:27:42 | DEBUG | sivi:base_reverse_runner.py:261| eval_kl_ite | Epoch 2290, Reverse Model KL ITE: 0.0406
2026-03-28 22:27:42 | DEBUG | sivi:base_runner.py:347| eval_w2 | Epoch 2290, VI W2 to baseline: 0.3555
2026-03-28 22:27:42 | DEBUG | sivi:base_reverse_runner.py:272| eval_w2 | Epoch 2290, Reverse Model W2: 0.0448
2026-03-28 22:27:42 | DEBUG | sivi:base_runner.py:477| eval_elbo | Epoch 2290, ELBO: -0.2816, Std Total: 0.9139, Std Q: nan, CI Half: 0.0801
2026-03-28 22:27:42 | DEBUG | sivi:base_runner.py:507| eval_ksd | Epoch 2290, VI KSD: 0.0223
2026-03-28 22:27:42 | DEBUG | sivi:base_runner.py:874| learn | Epoch 2300: Avg Loss: 0.0040, Avg Epoch Time: 0.0520s
2026-03-28 22:27:42 | DEBUG | sivi:base_runner.py:337| eval_kl_ite | Epoch 2300, VI KL to baseline: 0.2264
2026-03-28 22:27:43 | DEBUG | sivi:base_reverse_runner.py:261| eval_kl_ite | Epoch 2300, Reverse Model KL ITE: 0.0626
2026-03-28 22:27:43 | DEBUG | sivi:base_runner.py:347| eval_w2 | Epoch 2300, VI W2 to baseline: 0.3480
2026-03-28 22:27:43 | DEBUG | sivi:base_reverse_runner.py:272| eval_w2 | Epoch 2300, Reverse Model W2: 0.0478
2026-03-28 22:27:43 | DEBUG | sivi:base_runner.py:477| eval_elbo | Epoch 2300, ELBO: -0.2850, Std Total: 0.9448, Std Q: nan, CI Half: 0.0828
2026-03-28 22:27:43 | DEBUG | sivi:base_runner.py:507| eval_ksd | Epoch 2300, VI KSD: 0.0265
2026-03-28 22:27:43 | DEBUG | sivi:base_runner.py:337| eval_kl_ite | Epoch 2310, VI KL to baseline: 0.1892
2026-03-28 22:27:43 | DEBUG | sivi:base_reverse_runner.py:261| eval_kl_ite | Epoch 2310, Reverse Model KL ITE: 0.0006
2026-03-28 22:27:43 | DEBUG | sivi:base_runner.py:347| eval_w2 | Epoch 2310, VI W2 to baseline: 0.3198
2026-03-28 22:27:43 | DEBUG | sivi:base_reverse_runner.py:272| eval_w2 | Epoch 2310, Reverse Model W2: 0.0490
2026-03-28 22:27:43 | DEBUG | sivi:base_runner.py:477| eval_elbo | Epoch 2310, ELBO: -0.2475, Std Total: 0.9361, Std Q: nan, CI Half: 0.0821
2026-03-28 22:27:43 | DEBUG | sivi:base_runner.py:507| eval_ksd | Epoch 2310, VI KSD: 0.0309
2026-03-28 22:27:44 | DEBUG | sivi:base_runner.py:337| eval_kl_ite | Epoch 2320, VI KL to baseline: 0.2045
2026-03-28 22:27:44 | DEBUG | sivi:base_reverse_runner.py:261| eval_kl_ite | Epoch 2320, Reverse Model KL ITE: 0.0445
2026-03-28 22:27:44 | DEBUG | sivi:base_runner.py:347| eval_w2 | Epoch 2320, VI W2 to baseline: 0.3338
2026-03-28 22:27:44 | DEBUG | sivi:base_reverse_runner.py:272| eval_w2 | Epoch 2320, Reverse Model W2: 0.0471
2026-03-28 22:27:44 | DEBUG | sivi:base_runner.py:477| eval_elbo | Epoch 2320, ELBO: -0.2295, Std Total: 0.8369, Std Q: nan, CI Half: 0.0734
2026-03-28 22:27:44 | DEBUG | sivi:base_runner.py:507| eval_ksd | Epoch 2320, VI KSD: 0.0256
2026-03-28 22:27:44 | DEBUG | sivi:base_runner.py:337| eval_kl_ite | Epoch 2330, VI KL to baseline: 0.1948
2026-03-28 22:27:44 | DEBUG | sivi:base_reverse_runner.py:261| eval_kl_ite | Epoch 2330, Reverse Model KL ITE: 0.0385
2026-03-28 22:27:44 | DEBUG | sivi:base_runner.py:347| eval_w2 | Epoch 2330, VI W2 to baseline: 0.3259
2026-03-28 22:27:44 | DEBUG | sivi:base_reverse_runner.py:272| eval_w2 | Epoch 2330, Reverse Model W2: 0.0476
2026-03-28 22:27:44 | DEBUG | sivi:base_runner.py:477| eval_elbo | Epoch 2330, ELBO: -0.1620, Std Total: 0.7394, Std Q: nan, CI Half: 0.0648
2026-03-28 22:27:44 | DEBUG | sivi:base_runner.py:507| eval_ksd | Epoch 2330, VI KSD: 0.0296
2026-03-28 22:27:45 | DEBUG | sivi:base_runner.py:337| eval_kl_ite | Epoch 2340, VI KL to baseline: 0.1906
2026-03-28 22:27:45 | DEBUG | sivi:base_reverse_runner.py:261| eval_kl_ite | Epoch 2340, Reverse Model KL ITE: 0.0436
2026-03-28 22:27:45 | DEBUG | sivi:base_runner.py:347| eval_w2 | Epoch 2340, VI W2 to baseline: 0.3220
2026-03-28 22:27:45 | DEBUG | sivi:base_reverse_runner.py:272| eval_w2 | Epoch 2340, Reverse Model W2: 0.0572
2026-03-28 22:27:45 | DEBUG | sivi:base_runner.py:477| eval_elbo | Epoch 2340, ELBO: -0.2550, Std Total: 0.8672, Std Q: nan, CI Half: 0.0760
2026-03-28 22:27:45 | DEBUG | sivi:base_runner.py:507| eval_ksd | Epoch 2340, VI KSD: 0.0270
2026-03-28 22:27:45 | DEBUG | sivi:base_runner.py:337| eval_kl_ite | Epoch 2350, VI KL to baseline: 0.2067
2026-03-28 22:27:45 | DEBUG | sivi:base_reverse_runner.py:261| eval_kl_ite | Epoch 2350, Reverse Model KL ITE: 0.0398
2026-03-28 22:27:45 | DEBUG | sivi:base_runner.py:347| eval_w2 | Epoch 2350, VI W2 to baseline: 0.3201
2026-03-28 22:27:45 | DEBUG | sivi:base_reverse_runner.py:272| eval_w2 | Epoch 2350, Reverse Model W2: 0.0469
2026-03-28 22:27:45 | DEBUG | sivi:base_runner.py:477| eval_elbo | Epoch 2350, ELBO: -0.2064, Std Total: 0.7863, Std Q: nan, CI Half: 0.0689
2026-03-28 22:27:45 | DEBUG | sivi:base_runner.py:507| eval_ksd | Epoch 2350, VI KSD: 0.0267
2026-03-28 22:27:46 | DEBUG | sivi:base_runner.py:337| eval_kl_ite | Epoch 2360, VI KL to baseline: 0.1845
2026-03-28 22:27:46 | DEBUG | sivi:base_reverse_runner.py:261| eval_kl_ite | Epoch 2360, Reverse Model KL ITE: 0.0495
2026-03-28 22:27:46 | DEBUG | sivi:base_runner.py:347| eval_w2 | Epoch 2360, VI W2 to baseline: 0.3256
2026-03-28 22:27:46 | DEBUG | sivi:base_reverse_runner.py:272| eval_w2 | Epoch 2360, Reverse Model W2: 0.0576
2026-03-28 22:27:46 | DEBUG | sivi:base_runner.py:477| eval_elbo | Epoch 2360, ELBO: -0.1902, Std Total: 0.7550, Std Q: nan, CI Half: 0.0662
2026-03-28 22:27:46 | DEBUG | sivi:base_runner.py:507| eval_ksd | Epoch 2360, VI KSD: 0.0280
2026-03-28 22:27:46 | DEBUG | sivi:base_runner.py:337| eval_kl_ite | Epoch 2370, VI KL to baseline: 0.1774
2026-03-28 22:27:46 | DEBUG | sivi:base_reverse_runner.py:261| eval_kl_ite | Epoch 2370, Reverse Model KL ITE: 0.0605
2026-03-28 22:27:46 | DEBUG | sivi:base_runner.py:347| eval_w2 | Epoch 2370, VI W2 to baseline: 0.3146
2026-03-28 22:27:46 | DEBUG | sivi:base_reverse_runner.py:272| eval_w2 | Epoch 2370, Reverse Model W2: 0.0480
2026-03-28 22:27:46 | DEBUG | sivi:base_runner.py:477| eval_elbo | Epoch 2370, ELBO: -0.1818, Std Total: 0.8813, Std Q: nan, CI Half: 0.0773
2026-03-28 22:27:46 | DEBUG | sivi:base_runner.py:507| eval_ksd | Epoch 2370, VI KSD: 0.0333
2026-03-28 22:27:47 | DEBUG | sivi:base_runner.py:337| eval_kl_ite | Epoch 2380, VI KL to baseline: 0.1778
2026-03-28 22:27:47 | DEBUG | sivi:base_reverse_runner.py:261| eval_kl_ite | Epoch 2380, Reverse Model KL ITE: 0.0473
2026-03-28 22:27:47 | DEBUG | sivi:base_runner.py:347| eval_w2 | Epoch 2380, VI W2 to baseline: 0.3179
2026-03-28 22:27:47 | DEBUG | sivi:base_reverse_runner.py:272| eval_w2 | Epoch 2380, Reverse Model W2: 0.0509
2026-03-28 22:27:47 | DEBUG | sivi:base_runner.py:477| eval_elbo | Epoch 2380, ELBO: -0.1932, Std Total: 0.8120, Std Q: nan, CI Half: 0.0712
2026-03-28 22:27:47 | DEBUG | sivi:base_runner.py:507| eval_ksd | Epoch 2380, VI KSD: 0.0257
2026-03-28 22:27:47 | DEBUG | sivi:base_runner.py:337| eval_kl_ite | Epoch 2390, VI KL to baseline: 0.1896
2026-03-28 22:27:47 | DEBUG | sivi:base_reverse_runner.py:261| eval_kl_ite | Epoch 2390, Reverse Model KL ITE: 0.0635
2026-03-28 22:27:47 | DEBUG | sivi:base_runner.py:347| eval_w2 | Epoch 2390, VI W2 to baseline: 0.3812
2026-03-28 22:27:47 | DEBUG | sivi:base_reverse_runner.py:272| eval_w2 | Epoch 2390, Reverse Model W2: 0.0616
2026-03-28 22:27:47 | DEBUG | sivi:base_runner.py:477| eval_elbo | Epoch 2390, ELBO: -0.1315, Std Total: 0.7002, Std Q: nan, CI Half: 0.0614
2026-03-28 22:27:47 | DEBUG | sivi:base_runner.py:507| eval_ksd | Epoch 2390, VI KSD: 0.0249
2026-03-28 22:27:48 | DEBUG | sivi:base_runner.py:874| learn | Epoch 2400: Avg Loss: -0.0029, Avg Epoch Time: 0.0526s
2026-03-28 22:27:48 | DEBUG | sivi:base_runner.py:337| eval_kl_ite | Epoch 2400, VI KL to baseline: 0.1743
2026-03-28 22:27:48 | DEBUG | sivi:base_reverse_runner.py:261| eval_kl_ite | Epoch 2400, Reverse Model KL ITE: 0.0698
2026-03-28 22:27:48 | DEBUG | sivi:base_runner.py:347| eval_w2 | Epoch 2400, VI W2 to baseline: 0.3226
2026-03-28 22:27:48 | DEBUG | sivi:base_reverse_runner.py:272| eval_w2 | Epoch 2400, Reverse Model W2: 0.0529
2026-03-28 22:27:48 | DEBUG | sivi:base_runner.py:477| eval_elbo | Epoch 2400, ELBO: -0.1761, Std Total: 0.7367, Std Q: nan, CI Half: 0.0646
2026-03-28 22:27:48 | DEBUG | sivi:base_runner.py:507| eval_ksd | Epoch 2400, VI KSD: 0.0214
2026-03-28 22:27:48 | DEBUG | sivi:base_runner.py:337| eval_kl_ite | Epoch 2410, VI KL to baseline: 0.1935
2026-03-28 22:27:48 | DEBUG | sivi:base_reverse_runner.py:261| eval_kl_ite | Epoch 2410, Reverse Model KL ITE: 0.0710
2026-03-28 22:27:49 | DEBUG | sivi:base_runner.py:347| eval_w2 | Epoch 2410, VI W2 to baseline: 0.3839
2026-03-28 22:27:49 | DEBUG | sivi:base_reverse_runner.py:272| eval_w2 | Epoch 2410, Reverse Model W2: 0.0701
2026-03-28 22:27:49 | DEBUG | sivi:base_runner.py:477| eval_elbo | Epoch 2410, ELBO: -0.1576, Std Total: 0.7770, Std Q: nan, CI Half: 0.0681
2026-03-28 22:27:49 | DEBUG | sivi:base_runner.py:507| eval_ksd | Epoch 2410, VI KSD: 0.0264
2026-03-28 22:27:49 | DEBUG | sivi:base_runner.py:337| eval_kl_ite | Epoch 2420, VI KL to baseline: 0.2021
2026-03-28 22:27:49 | DEBUG | sivi:base_reverse_runner.py:261| eval_kl_ite | Epoch 2420, Reverse Model KL ITE: 0.0418
2026-03-28 22:27:49 | DEBUG | sivi:base_runner.py:347| eval_w2 | Epoch 2420, VI W2 to baseline: 0.3045
2026-03-28 22:27:49 | DEBUG | sivi:base_reverse_runner.py:272| eval_w2 | Epoch 2420, Reverse Model W2: 0.0553
2026-03-28 22:27:49 | DEBUG | sivi:base_runner.py:477| eval_elbo | Epoch 2420, ELBO: -0.2238, Std Total: 0.8242, Std Q: nan, CI Half: 0.0722
2026-03-28 22:27:49 | DEBUG | sivi:base_runner.py:507| eval_ksd | Epoch 2420, VI KSD: 0.0205
2026-03-28 22:27:50 | DEBUG | sivi:base_runner.py:337| eval_kl_ite | Epoch 2430, VI KL to baseline: 0.1918
2026-03-28 22:27:50 | DEBUG | sivi:base_reverse_runner.py:261| eval_kl_ite | Epoch 2430, Reverse Model KL ITE: 0.0616
2026-03-28 22:27:50 | DEBUG | sivi:base_runner.py:347| eval_w2 | Epoch 2430, VI W2 to baseline: 0.3576
2026-03-28 22:27:50 | DEBUG | sivi:base_reverse_runner.py:272| eval_w2 | Epoch 2430, Reverse Model W2: 0.0514
2026-03-28 22:27:50 | DEBUG | sivi:base_runner.py:477| eval_elbo | Epoch 2430, ELBO: -0.2393, Std Total: 0.8912, Std Q: nan, CI Half: 0.0781
2026-03-28 22:27:50 | DEBUG | sivi:base_runner.py:507| eval_ksd | Epoch 2430, VI KSD: 0.0244
2026-03-28 22:27:50 | DEBUG | sivi:base_runner.py:337| eval_kl_ite | Epoch 2440, VI KL to baseline: 0.1735
2026-03-28 22:27:50 | DEBUG | sivi:base_reverse_runner.py:261| eval_kl_ite | Epoch 2440, Reverse Model KL ITE: 0.0460
2026-03-28 22:27:50 | DEBUG | sivi:base_runner.py:347| eval_w2 | Epoch 2440, VI W2 to baseline: 0.3295
2026-03-28 22:27:50 | DEBUG | sivi:base_reverse_runner.py:272| eval_w2 | Epoch 2440, Reverse Model W2: 0.0502
2026-03-28 22:27:50 | DEBUG | sivi:base_runner.py:477| eval_elbo | Epoch 2440, ELBO: -0.1532, Std Total: 0.7505, Std Q: nan, CI Half: 0.0658
2026-03-28 22:27:50 | DEBUG | sivi:base_runner.py:507| eval_ksd | Epoch 2440, VI KSD: 0.0224
2026-03-28 22:27:51 | DEBUG | sivi:base_runner.py:337| eval_kl_ite | Epoch 2450, VI KL to baseline: 0.1736
2026-03-28 22:27:51 | DEBUG | sivi:base_reverse_runner.py:261| eval_kl_ite | Epoch 2450, Reverse Model KL ITE: 0.0403
2026-03-28 22:27:51 | DEBUG | sivi:base_runner.py:347| eval_w2 | Epoch 2450, VI W2 to baseline: 0.3177
2026-03-28 22:27:51 | DEBUG | sivi:base_reverse_runner.py:272| eval_w2 | Epoch 2450, Reverse Model W2: 0.0545
2026-03-28 22:27:51 | DEBUG | sivi:base_runner.py:477| eval_elbo | Epoch 2450, ELBO: -0.2064, Std Total: 0.8837, Std Q: nan, CI Half: 0.0775
2026-03-28 22:27:51 | DEBUG | sivi:base_runner.py:507| eval_ksd | Epoch 2450, VI KSD: 0.0218
2026-03-28 22:27:51 | DEBUG | sivi:base_runner.py:337| eval_kl_ite | Epoch 2460, VI KL to baseline: 0.1725
2026-03-28 22:27:51 | DEBUG | sivi:base_reverse_runner.py:261| eval_kl_ite | Epoch 2460, Reverse Model KL ITE: 0.0420
2026-03-28 22:27:51 | DEBUG | sivi:base_runner.py:347| eval_w2 | Epoch 2460, VI W2 to baseline: 0.2981
2026-03-28 22:27:51 | DEBUG | sivi:base_reverse_runner.py:272| eval_w2 | Epoch 2460, Reverse Model W2: 0.0500
2026-03-28 22:27:51 | DEBUG | sivi:base_runner.py:477| eval_elbo | Epoch 2460, ELBO: -0.1896, Std Total: 0.7869, Std Q: nan, CI Half: 0.0690
2026-03-28 22:27:51 | DEBUG | sivi:base_runner.py:507| eval_ksd | Epoch 2460, VI KSD: 0.0219
2026-03-28 22:27:52 | DEBUG | sivi:base_runner.py:337| eval_kl_ite | Epoch 2470, VI KL to baseline: 0.1815
2026-03-28 22:27:52 | DEBUG | sivi:base_reverse_runner.py:261| eval_kl_ite | Epoch 2470, Reverse Model KL ITE: 0.0582
2026-03-28 22:27:52 | DEBUG | sivi:base_runner.py:347| eval_w2 | Epoch 2470, VI W2 to baseline: 0.2908
2026-03-28 22:27:52 | DEBUG | sivi:base_reverse_runner.py:272| eval_w2 | Epoch 2470, Reverse Model W2: 0.0488
2026-03-28 22:27:52 | DEBUG | sivi:base_runner.py:477| eval_elbo | Epoch 2470, ELBO: -0.1857, Std Total: 0.6932, Std Q: nan, CI Half: 0.0608
2026-03-28 22:27:52 | DEBUG | sivi:base_runner.py:507| eval_ksd | Epoch 2470, VI KSD: 0.0235
2026-03-28 22:27:52 | DEBUG | sivi:base_runner.py:337| eval_kl_ite | Epoch 2480, VI KL to baseline: 0.1516
2026-03-28 22:27:53 | DEBUG | sivi:base_reverse_runner.py:261| eval_kl_ite | Epoch 2480, Reverse Model KL ITE: 0.0412
2026-03-28 22:27:53 | DEBUG | sivi:base_runner.py:347| eval_w2 | Epoch 2480, VI W2 to baseline: 0.2934
2026-03-28 22:27:53 | DEBUG | sivi:base_reverse_runner.py:272| eval_w2 | Epoch 2480, Reverse Model W2: 0.0471
2026-03-28 22:27:53 | DEBUG | sivi:base_runner.py:477| eval_elbo | Epoch 2480, ELBO: -0.1431, Std Total: 0.6841, Std Q: nan, CI Half: 0.0600
2026-03-28 22:27:53 | DEBUG | sivi:base_runner.py:507| eval_ksd | Epoch 2480, VI KSD: 0.0220
2026-03-28 22:27:53 | DEBUG | sivi:base_runner.py:337| eval_kl_ite | Epoch 2490, VI KL to baseline: 0.1616
2026-03-28 22:27:53 | DEBUG | sivi:base_reverse_runner.py:261| eval_kl_ite | Epoch 2490, Reverse Model KL ITE: 0.0481
2026-03-28 22:27:53 | DEBUG | sivi:base_runner.py:347| eval_w2 | Epoch 2490, VI W2 to baseline: 0.2909
2026-03-28 22:27:53 | DEBUG | sivi:base_reverse_runner.py:272| eval_w2 | Epoch 2490, Reverse Model W2: 0.0465
2026-03-28 22:27:53 | DEBUG | sivi:base_runner.py:477| eval_elbo | Epoch 2490, ELBO: -0.1097, Std Total: 0.6003, Std Q: nan, CI Half: 0.0526
2026-03-28 22:27:53 | DEBUG | sivi:base_runner.py:507| eval_ksd | Epoch 2490, VI KSD: 0.0230
2026-03-28 22:27:53 | DEBUG | sivi:base_runner.py:874| learn | Epoch 2500: Avg Loss: 0.0068, Avg Epoch Time: 0.0576s
2026-03-28 22:27:53 | DEBUG | sivi:base_reverse_runner.py:183| _training_rev_log_func | Epoch 2500, Inner epoch 1, Reverse Model Loss: 4.9197, Avg Steps: 1.0000
2026-03-28 22:27:53 | DEBUG | sivi:base_runner.py:588| save_samples | Saved 100000 samples at epoch 2500.
2026-03-28 22:27:54 | DEBUG | sivi:base_runner.py:337| eval_kl_ite | Epoch 2500, VI KL to baseline: 0.1635
2026-03-28 22:27:54 | DEBUG | sivi:base_reverse_runner.py:261| eval_kl_ite | Epoch 2500, Reverse Model KL ITE: 0.0360
2026-03-28 22:27:54 | DEBUG | sivi:base_runner.py:347| eval_w2 | Epoch 2500, VI W2 to baseline: 0.2879
2026-03-28 22:27:54 | DEBUG | sivi:base_reverse_runner.py:272| eval_w2 | Epoch 2500, Reverse Model W2: 0.0435
2026-03-28 22:27:54 | DEBUG | sivi:base_runner.py:477| eval_elbo | Epoch 2500, ELBO: -0.1643, Std Total: 0.7203, Std Q: nan, CI Half: 0.0631
2026-03-28 22:27:54 | DEBUG | sivi:base_runner.py:507| eval_ksd | Epoch 2500, VI KSD: 0.0198
2026-03-28 22:27:54 | DEBUG | sivi:base_runner.py:970| learn | Saved contour plot at epoch 2500.
2026-03-28 22:27:54 | DEBUG | sivi:base_runner.py:337| eval_kl_ite | Epoch 2510, VI KL to baseline: 0.1680
2026-03-28 22:27:54 | DEBUG | sivi:base_reverse_runner.py:261| eval_kl_ite | Epoch 2510, Reverse Model KL ITE: 0.0145
2026-03-28 22:27:54 | DEBUG | sivi:base_runner.py:347| eval_w2 | Epoch 2510, VI W2 to baseline: 0.2931
2026-03-28 22:27:54 | DEBUG | sivi:base_reverse_runner.py:272| eval_w2 | Epoch 2510, Reverse Model W2: 0.0412
2026-03-28 22:27:54 | DEBUG | sivi:base_runner.py:477| eval_elbo | Epoch 2510, ELBO: -0.0941, Std Total: 0.6442, Std Q: nan, CI Half: 0.0565
2026-03-28 22:27:54 | DEBUG | sivi:base_runner.py:507| eval_ksd | Epoch 2510, VI KSD: 0.0218
2026-03-28 22:27:55 | DEBUG | sivi:base_runner.py:337| eval_kl_ite | Epoch 2520, VI KL to baseline: 0.1716
2026-03-28 22:27:55 | DEBUG | sivi:base_reverse_runner.py:261| eval_kl_ite | Epoch 2520, Reverse Model KL ITE: 0.0304
2026-03-28 22:27:55 | DEBUG | sivi:base_runner.py:347| eval_w2 | Epoch 2520, VI W2 to baseline: 0.2955
2026-03-28 22:27:55 | DEBUG | sivi:base_reverse_runner.py:272| eval_w2 | Epoch 2520, Reverse Model W2: 0.0574
2026-03-28 22:27:55 | DEBUG | sivi:base_runner.py:477| eval_elbo | Epoch 2520, ELBO: -0.2271, Std Total: 0.7834, Std Q: nan, CI Half: 0.0687
2026-03-28 22:27:55 | DEBUG | sivi:base_runner.py:507| eval_ksd | Epoch 2520, VI KSD: 0.0273
2026-03-28 22:27:55 | DEBUG | sivi:base_runner.py:337| eval_kl_ite | Epoch 2530, VI KL to baseline: 0.1424
2026-03-28 22:27:55 | DEBUG | sivi:base_reverse_runner.py:261| eval_kl_ite | Epoch 2530, Reverse Model KL ITE: 0.0403
2026-03-28 22:27:55 | DEBUG | sivi:base_runner.py:347| eval_w2 | Epoch 2530, VI W2 to baseline: 0.2908
2026-03-28 22:27:55 | DEBUG | sivi:base_reverse_runner.py:272| eval_w2 | Epoch 2530, Reverse Model W2: 0.0495
2026-03-28 22:27:55 | DEBUG | sivi:base_runner.py:477| eval_elbo | Epoch 2530, ELBO: -0.2372, Std Total: 0.8681, Std Q: nan, CI Half: 0.0761
2026-03-28 22:27:55 | DEBUG | sivi:base_runner.py:507| eval_ksd | Epoch 2530, VI KSD: 0.0223
2026-03-28 22:27:56 | DEBUG | sivi:base_runner.py:337| eval_kl_ite | Epoch 2540, VI KL to baseline: 0.1518
2026-03-28 22:27:56 | DEBUG | sivi:base_reverse_runner.py:261| eval_kl_ite | Epoch 2540, Reverse Model KL ITE: 0.0371
2026-03-28 22:27:56 | DEBUG | sivi:base_runner.py:347| eval_w2 | Epoch 2540, VI W2 to baseline: 0.2817
2026-03-28 22:27:56 | DEBUG | sivi:base_reverse_runner.py:272| eval_w2 | Epoch 2540, Reverse Model W2: 0.0510
2026-03-28 22:27:56 | DEBUG | sivi:base_runner.py:477| eval_elbo | Epoch 2540, ELBO: -0.1239, Std Total: 0.7113, Std Q: nan, CI Half: 0.0624
2026-03-28 22:27:56 | DEBUG | sivi:base_runner.py:507| eval_ksd | Epoch 2540, VI KSD: 0.0209
2026-03-28 22:27:56 | DEBUG | sivi:base_runner.py:337| eval_kl_ite | Epoch 2550, VI KL to baseline: 0.1561
2026-03-28 22:27:57 | DEBUG | sivi:base_reverse_runner.py:261| eval_kl_ite | Epoch 2550, Reverse Model KL ITE: 0.0379
2026-03-28 22:27:57 | DEBUG | sivi:base_runner.py:347| eval_w2 | Epoch 2550, VI W2 to baseline: 0.2687
2026-03-28 22:27:57 | DEBUG | sivi:base_reverse_runner.py:272| eval_w2 | Epoch 2550, Reverse Model W2: 0.0467
2026-03-28 22:27:57 | DEBUG | sivi:base_runner.py:477| eval_elbo | Epoch 2550, ELBO: -0.1879, Std Total: 0.8019, Std Q: nan, CI Half: 0.0703
2026-03-28 22:27:57 | DEBUG | sivi:base_runner.py:507| eval_ksd | Epoch 2550, VI KSD: 0.0187
2026-03-28 22:27:57 | DEBUG | sivi:base_runner.py:337| eval_kl_ite | Epoch 2560, VI KL to baseline: 0.1349
2026-03-28 22:27:57 | DEBUG | sivi:base_reverse_runner.py:261| eval_kl_ite | Epoch 2560, Reverse Model KL ITE: 0.0358
2026-03-28 22:27:57 | DEBUG | sivi:base_runner.py:347| eval_w2 | Epoch 2560, VI W2 to baseline: 0.2945
2026-03-28 22:27:57 | DEBUG | sivi:base_reverse_runner.py:272| eval_w2 | Epoch 2560, Reverse Model W2: 0.0412
2026-03-28 22:27:57 | DEBUG | sivi:base_runner.py:477| eval_elbo | Epoch 2560, ELBO: -0.1140, Std Total: 0.6855, Std Q: nan, CI Half: 0.0601
2026-03-28 22:27:57 | DEBUG | sivi:base_runner.py:507| eval_ksd | Epoch 2560, VI KSD: 0.0226
2026-03-28 22:27:57 | DEBUG | sivi:base_runner.py:337| eval_kl_ite | Epoch 2570, VI KL to baseline: 0.1769
2026-03-28 22:27:58 | DEBUG | sivi:base_reverse_runner.py:261| eval_kl_ite | Epoch 2570, Reverse Model KL ITE: 0.0297
2026-03-28 22:27:58 | DEBUG | sivi:base_runner.py:347| eval_w2 | Epoch 2570, VI W2 to baseline: 0.2868
2026-03-28 22:27:58 | DEBUG | sivi:base_reverse_runner.py:272| eval_w2 | Epoch 2570, Reverse Model W2: 0.0419
2026-03-28 22:27:58 | DEBUG | sivi:base_runner.py:477| eval_elbo | Epoch 2570, ELBO: -0.1057, Std Total: 0.6341, Std Q: nan, CI Half: 0.0556
2026-03-28 22:27:58 | DEBUG | sivi:base_runner.py:507| eval_ksd | Epoch 2570, VI KSD: 0.0208
2026-03-28 22:27:58 | DEBUG | sivi:base_runner.py:337| eval_kl_ite | Epoch 2580, VI KL to baseline: 0.1384
2026-03-28 22:27:58 | DEBUG | sivi:base_reverse_runner.py:261| eval_kl_ite | Epoch 2580, Reverse Model KL ITE: 0.0548
2026-03-28 22:27:58 | DEBUG | sivi:base_runner.py:347| eval_w2 | Epoch 2580, VI W2 to baseline: 0.2995
2026-03-28 22:27:58 | DEBUG | sivi:base_reverse_runner.py:272| eval_w2 | Epoch 2580, Reverse Model W2: 0.0474
2026-03-28 22:27:58 | DEBUG | sivi:base_runner.py:477| eval_elbo | Epoch 2580, ELBO: -0.1876, Std Total: 0.7927, Std Q: nan, CI Half: 0.0695
2026-03-28 22:27:58 | DEBUG | sivi:base_runner.py:507| eval_ksd | Epoch 2580, VI KSD: 0.0275
2026-03-28 22:27:59 | DEBUG | sivi:base_runner.py:337| eval_kl_ite | Epoch 2590, VI KL to baseline: 0.1605
2026-03-28 22:27:59 | DEBUG | sivi:base_reverse_runner.py:261| eval_kl_ite | Epoch 2590, Reverse Model KL ITE: 0.0429
2026-03-28 22:27:59 | DEBUG | sivi:base_runner.py:347| eval_w2 | Epoch 2590, VI W2 to baseline: 0.2744
2026-03-28 22:27:59 | DEBUG | sivi:base_reverse_runner.py:272| eval_w2 | Epoch 2590, Reverse Model W2: 0.0477
2026-03-28 22:27:59 | DEBUG | sivi:base_runner.py:477| eval_elbo | Epoch 2590, ELBO: -0.1370, Std Total: 0.6737, Std Q: nan, CI Half: 0.0591
2026-03-28 22:27:59 | DEBUG | sivi:base_runner.py:507| eval_ksd | Epoch 2590, VI KSD: 0.0184
2026-03-28 22:27:59 | DEBUG | sivi:base_runner.py:874| learn | Epoch 2600: Avg Loss: 0.0033, Avg Epoch Time: 0.0564s
2026-03-28 22:27:59 | DEBUG | sivi:base_runner.py:337| eval_kl_ite | Epoch 2600, VI KL to baseline: 0.1365
2026-03-28 22:27:59 | DEBUG | sivi:base_reverse_runner.py:261| eval_kl_ite | Epoch 2600, Reverse Model KL ITE: 0.0455
2026-03-28 22:27:59 | DEBUG | sivi:base_runner.py:347| eval_w2 | Epoch 2600, VI W2 to baseline: 0.2814
2026-03-28 22:27:59 | DEBUG | sivi:base_reverse_runner.py:272| eval_w2 | Epoch 2600, Reverse Model W2: 0.0387
2026-03-28 22:27:59 | DEBUG | sivi:base_runner.py:477| eval_elbo | Epoch 2600, ELBO: -0.1946, Std Total: 0.7366, Std Q: nan, CI Half: 0.0646
2026-03-28 22:27:59 | DEBUG | sivi:base_runner.py:507| eval_ksd | Epoch 2600, VI KSD: 0.0240
2026-03-28 22:28:00 | DEBUG | sivi:base_runner.py:337| eval_kl_ite | Epoch 2610, VI KL to baseline: 0.1466
2026-03-28 22:28:00 | DEBUG | sivi:base_reverse_runner.py:261| eval_kl_ite | Epoch 2610, Reverse Model KL ITE: 0.0246
2026-03-28 22:28:00 | DEBUG | sivi:base_runner.py:347| eval_w2 | Epoch 2610, VI W2 to baseline: 0.2767
2026-03-28 22:28:00 | DEBUG | sivi:base_reverse_runner.py:272| eval_w2 | Epoch 2610, Reverse Model W2: 0.0436
2026-03-28 22:28:00 | DEBUG | sivi:base_runner.py:477| eval_elbo | Epoch 2610, ELBO: -0.1290, Std Total: 0.6412, Std Q: nan, CI Half: 0.0562
2026-03-28 22:28:00 | DEBUG | sivi:base_runner.py:507| eval_ksd | Epoch 2610, VI KSD: 0.0217
2026-03-28 22:28:00 | DEBUG | sivi:base_runner.py:337| eval_kl_ite | Epoch 2620, VI KL to baseline: 0.1410
2026-03-28 22:28:00 | DEBUG | sivi:base_reverse_runner.py:261| eval_kl_ite | Epoch 2620, Reverse Model KL ITE: 0.0421
2026-03-28 22:28:00 | DEBUG | sivi:base_runner.py:347| eval_w2 | Epoch 2620, VI W2 to baseline: 0.2715
2026-03-28 22:28:00 | DEBUG | sivi:base_reverse_runner.py:272| eval_w2 | Epoch 2620, Reverse Model W2: 0.0392
2026-03-28 22:28:00 | DEBUG | sivi:base_runner.py:477| eval_elbo | Epoch 2620, ELBO: -0.1626, Std Total: 0.6528, Std Q: nan, CI Half: 0.0572
2026-03-28 22:28:00 | DEBUG | sivi:base_runner.py:507| eval_ksd | Epoch 2620, VI KSD: 0.0216
2026-03-28 22:28:01 | DEBUG | sivi:base_runner.py:337| eval_kl_ite | Epoch 2630, VI KL to baseline: 0.1483
2026-03-28 22:28:01 | DEBUG | sivi:base_reverse_runner.py:261| eval_kl_ite | Epoch 2630, Reverse Model KL ITE: 0.0348
2026-03-28 22:28:01 | DEBUG | sivi:base_runner.py:347| eval_w2 | Epoch 2630, VI W2 to baseline: 0.2671
2026-03-28 22:28:01 | DEBUG | sivi:base_reverse_runner.py:272| eval_w2 | Epoch 2630, Reverse Model W2: 0.0421
2026-03-28 22:28:01 | DEBUG | sivi:base_runner.py:477| eval_elbo | Epoch 2630, ELBO: -0.1531, Std Total: 0.6548, Std Q: nan, CI Half: 0.0574
2026-03-28 22:28:01 | DEBUG | sivi:base_runner.py:507| eval_ksd | Epoch 2630, VI KSD: 0.0200
2026-03-28 22:28:01 | DEBUG | sivi:base_runner.py:337| eval_kl_ite | Epoch 2640, VI KL to baseline: 0.1460
2026-03-28 22:28:01 | DEBUG | sivi:base_reverse_runner.py:261| eval_kl_ite | Epoch 2640, Reverse Model KL ITE: 0.0163
2026-03-28 22:28:01 | DEBUG | sivi:base_runner.py:347| eval_w2 | Epoch 2640, VI W2 to baseline: 0.2666
2026-03-28 22:28:01 | DEBUG | sivi:base_reverse_runner.py:272| eval_w2 | Epoch 2640, Reverse Model W2: 0.0441
2026-03-28 22:28:01 | DEBUG | sivi:base_runner.py:477| eval_elbo | Epoch 2640, ELBO: -0.1560, Std Total: 0.6706, Std Q: nan, CI Half: 0.0588
2026-03-28 22:28:01 | DEBUG | sivi:base_runner.py:507| eval_ksd | Epoch 2640, VI KSD: 0.0188
2026-03-28 22:28:02 | DEBUG | sivi:base_runner.py:337| eval_kl_ite | Epoch 2650, VI KL to baseline: 0.1330
2026-03-28 22:28:02 | DEBUG | sivi:base_reverse_runner.py:261| eval_kl_ite | Epoch 2650, Reverse Model KL ITE: 0.0511
2026-03-28 22:28:02 | DEBUG | sivi:base_runner.py:347| eval_w2 | Epoch 2650, VI W2 to baseline: 0.2582
2026-03-28 22:28:02 | DEBUG | sivi:base_reverse_runner.py:272| eval_w2 | Epoch 2650, Reverse Model W2: 0.0418
2026-03-28 22:28:02 | DEBUG | sivi:base_runner.py:477| eval_elbo | Epoch 2650, ELBO: -0.1663, Std Total: 0.7017, Std Q: nan, CI Half: 0.0615
2026-03-28 22:28:02 | DEBUG | sivi:base_runner.py:507| eval_ksd | Epoch 2650, VI KSD: 0.0209
2026-03-28 22:28:02 | DEBUG | sivi:base_runner.py:337| eval_kl_ite | Epoch 2660, VI KL to baseline: 0.1265
2026-03-28 22:28:03 | DEBUG | sivi:base_reverse_runner.py:261| eval_kl_ite | Epoch 2660, Reverse Model KL ITE: 0.0347
2026-03-28 22:28:03 | DEBUG | sivi:base_runner.py:347| eval_w2 | Epoch 2660, VI W2 to baseline: 0.2627
2026-03-28 22:28:03 | DEBUG | sivi:base_reverse_runner.py:272| eval_w2 | Epoch 2660, Reverse Model W2: 0.0451
2026-03-28 22:28:03 | DEBUG | sivi:base_runner.py:477| eval_elbo | Epoch 2660, ELBO: -0.1427, Std Total: 0.6993, Std Q: nan, CI Half: 0.0613
2026-03-28 22:28:03 | DEBUG | sivi:base_runner.py:507| eval_ksd | Epoch 2660, VI KSD: 0.0195
2026-03-28 22:28:03 | DEBUG | sivi:base_runner.py:337| eval_kl_ite | Epoch 2670, VI KL to baseline: 0.1331
2026-03-28 22:28:03 | DEBUG | sivi:base_reverse_runner.py:261| eval_kl_ite | Epoch 2670, Reverse Model KL ITE: 0.0266
2026-03-28 22:28:03 | DEBUG | sivi:base_runner.py:347| eval_w2 | Epoch 2670, VI W2 to baseline: 0.2581
2026-03-28 22:28:03 | DEBUG | sivi:base_reverse_runner.py:272| eval_w2 | Epoch 2670, Reverse Model W2: 0.0473
2026-03-28 22:28:03 | DEBUG | sivi:base_runner.py:477| eval_elbo | Epoch 2670, ELBO: -0.1523, Std Total: 0.6978, Std Q: nan, CI Half: 0.0612
2026-03-28 22:28:03 | DEBUG | sivi:base_runner.py:507| eval_ksd | Epoch 2670, VI KSD: 0.0204
2026-03-28 22:28:03 | DEBUG | sivi:base_runner.py:337| eval_kl_ite | Epoch 2680, VI KL to baseline: 0.1339
2026-03-28 22:28:04 | DEBUG | sivi:base_reverse_runner.py:261| eval_kl_ite | Epoch 2680, Reverse Model KL ITE: 0.0309
2026-03-28 22:28:04 | DEBUG | sivi:base_runner.py:347| eval_w2 | Epoch 2680, VI W2 to baseline: 0.2596
2026-03-28 22:28:04 | DEBUG | sivi:base_reverse_runner.py:272| eval_w2 | Epoch 2680, Reverse Model W2: 0.0438
2026-03-28 22:28:04 | DEBUG | sivi:base_runner.py:477| eval_elbo | Epoch 2680, ELBO: -0.1081, Std Total: 0.6054, Std Q: nan, CI Half: 0.0531
2026-03-28 22:28:04 | DEBUG | sivi:base_runner.py:507| eval_ksd | Epoch 2680, VI KSD: 0.0220
2026-03-28 22:28:04 | DEBUG | sivi:base_runner.py:337| eval_kl_ite | Epoch 2690, VI KL to baseline: 0.1034
2026-03-28 22:28:04 | DEBUG | sivi:base_reverse_runner.py:261| eval_kl_ite | Epoch 2690, Reverse Model KL ITE: 0.0574
2026-03-28 22:28:04 | DEBUG | sivi:base_runner.py:347| eval_w2 | Epoch 2690, VI W2 to baseline: 0.2587
2026-03-28 22:28:04 | DEBUG | sivi:base_reverse_runner.py:272| eval_w2 | Epoch 2690, Reverse Model W2: 0.0435
2026-03-28 22:28:04 | DEBUG | sivi:base_runner.py:477| eval_elbo | Epoch 2690, ELBO: -0.1571, Std Total: 0.6450, Std Q: nan, CI Half: 0.0565
2026-03-28 22:28:04 | DEBUG | sivi:base_runner.py:507| eval_ksd | Epoch 2690, VI KSD: 0.0226
2026-03-28 22:28:04 | DEBUG | sivi:base_runner.py:874| learn | Epoch 2700: Avg Loss: 0.0038, Avg Epoch Time: 0.0539s
2026-03-28 22:28:05 | DEBUG | sivi:base_runner.py:337| eval_kl_ite | Epoch 2700, VI KL to baseline: 0.1291
2026-03-28 22:28:05 | DEBUG | sivi:base_reverse_runner.py:261| eval_kl_ite | Epoch 2700, Reverse Model KL ITE: 0.0318
2026-03-28 22:28:05 | DEBUG | sivi:base_runner.py:347| eval_w2 | Epoch 2700, VI W2 to baseline: 0.2639
2026-03-28 22:28:05 | DEBUG | sivi:base_reverse_runner.py:272| eval_w2 | Epoch 2700, Reverse Model W2: 0.0410
2026-03-28 22:28:05 | DEBUG | sivi:base_runner.py:477| eval_elbo | Epoch 2700, ELBO: -0.1462, Std Total: 0.5926, Std Q: nan, CI Half: 0.0519
2026-03-28 22:28:05 | DEBUG | sivi:base_runner.py:507| eval_ksd | Epoch 2700, VI KSD: 0.0202
2026-03-28 22:28:05 | DEBUG | sivi:base_runner.py:337| eval_kl_ite | Epoch 2710, VI KL to baseline: 0.1238
2026-03-28 22:28:05 | DEBUG | sivi:base_reverse_runner.py:261| eval_kl_ite | Epoch 2710, Reverse Model KL ITE: 0.0305
2026-03-28 22:28:05 | DEBUG | sivi:base_runner.py:347| eval_w2 | Epoch 2710, VI W2 to baseline: 0.2362
2026-03-28 22:28:05 | DEBUG | sivi:base_reverse_runner.py:272| eval_w2 | Epoch 2710, Reverse Model W2: 0.0433
2026-03-28 22:28:05 | DEBUG | sivi:base_runner.py:477| eval_elbo | Epoch 2710, ELBO: -0.1710, Std Total: 0.7115, Std Q: nan, CI Half: 0.0624
2026-03-28 22:28:05 | DEBUG | sivi:base_runner.py:507| eval_ksd | Epoch 2710, VI KSD: 0.0181
2026-03-28 22:28:06 | DEBUG | sivi:base_runner.py:337| eval_kl_ite | Epoch 2720, VI KL to baseline: 0.1259
2026-03-28 22:28:06 | DEBUG | sivi:base_reverse_runner.py:261| eval_kl_ite | Epoch 2720, Reverse Model KL ITE: 0.0176
2026-03-28 22:28:06 | DEBUG | sivi:base_runner.py:347| eval_w2 | Epoch 2720, VI W2 to baseline: 0.2467
2026-03-28 22:28:06 | DEBUG | sivi:base_reverse_runner.py:272| eval_w2 | Epoch 2720, Reverse Model W2: 0.0407
2026-03-28 22:28:06 | DEBUG | sivi:base_runner.py:477| eval_elbo | Epoch 2720, ELBO: -0.1341, Std Total: 0.6366, Std Q: nan, CI Half: 0.0558
2026-03-28 22:28:06 | DEBUG | sivi:base_runner.py:507| eval_ksd | Epoch 2720, VI KSD: 0.0184
2026-03-28 22:28:06 | DEBUG | sivi:base_runner.py:337| eval_kl_ite | Epoch 2730, VI KL to baseline: 0.1484
2026-03-28 22:28:06 | DEBUG | sivi:base_reverse_runner.py:261| eval_kl_ite | Epoch 2730, Reverse Model KL ITE: 0.0489
2026-03-28 22:28:06 | DEBUG | sivi:base_runner.py:347| eval_w2 | Epoch 2730, VI W2 to baseline: 0.2540
2026-03-28 22:28:06 | DEBUG | sivi:base_reverse_runner.py:272| eval_w2 | Epoch 2730, Reverse Model W2: 0.0455
2026-03-28 22:28:06 | DEBUG | sivi:base_runner.py:477| eval_elbo | Epoch 2730, ELBO: -0.1597, Std Total: 0.7284, Std Q: nan, CI Half: 0.0638
2026-03-28 22:28:06 | DEBUG | sivi:base_runner.py:507| eval_ksd | Epoch 2730, VI KSD: 0.0171
2026-03-28 22:28:07 | DEBUG | sivi:base_runner.py:337| eval_kl_ite | Epoch 2740, VI KL to baseline: 0.1220
2026-03-28 22:28:07 | DEBUG | sivi:base_reverse_runner.py:261| eval_kl_ite | Epoch 2740, Reverse Model KL ITE: 0.0297
2026-03-28 22:28:07 | DEBUG | sivi:base_runner.py:347| eval_w2 | Epoch 2740, VI W2 to baseline: 0.2472
2026-03-28 22:28:07 | DEBUG | sivi:base_reverse_runner.py:272| eval_w2 | Epoch 2740, Reverse Model W2: 0.0454
2026-03-28 22:28:07 | DEBUG | sivi:base_runner.py:477| eval_elbo | Epoch 2740, ELBO: -0.1340, Std Total: 0.6602, Std Q: nan, CI Half: 0.0579
2026-03-28 22:28:07 | DEBUG | sivi:base_runner.py:507| eval_ksd | Epoch 2740, VI KSD: 0.0144
2026-03-28 22:28:07 | DEBUG | sivi:base_runner.py:337| eval_kl_ite | Epoch 2750, VI KL to baseline: 0.1051
2026-03-28 22:28:07 | DEBUG | sivi:base_reverse_runner.py:261| eval_kl_ite | Epoch 2750, Reverse Model KL ITE: 0.0475
2026-03-28 22:28:07 | DEBUG | sivi:base_runner.py:347| eval_w2 | Epoch 2750, VI W2 to baseline: 0.2383
2026-03-28 22:28:07 | DEBUG | sivi:base_reverse_runner.py:272| eval_w2 | Epoch 2750, Reverse Model W2: 0.0450
2026-03-28 22:28:07 | DEBUG | sivi:base_runner.py:477| eval_elbo | Epoch 2750, ELBO: -0.1535, Std Total: 0.6243, Std Q: nan, CI Half: 0.0547
2026-03-28 22:28:07 | DEBUG | sivi:base_runner.py:507| eval_ksd | Epoch 2750, VI KSD: 0.0182
2026-03-28 22:28:08 | DEBUG | sivi:base_runner.py:337| eval_kl_ite | Epoch 2760, VI KL to baseline: 0.0888
2026-03-28 22:28:08 | DEBUG | sivi:base_reverse_runner.py:261| eval_kl_ite | Epoch 2760, Reverse Model KL ITE: 0.0126
2026-03-28 22:28:08 | DEBUG | sivi:base_runner.py:347| eval_w2 | Epoch 2760, VI W2 to baseline: 0.2403
2026-03-28 22:28:08 | DEBUG | sivi:base_reverse_runner.py:272| eval_w2 | Epoch 2760, Reverse Model W2: 0.0416
2026-03-28 22:28:08 | DEBUG | sivi:base_runner.py:477| eval_elbo | Epoch 2760, ELBO: -0.1303, Std Total: 0.6833, Std Q: nan, CI Half: 0.0599
2026-03-28 22:28:08 | DEBUG | sivi:base_runner.py:507| eval_ksd | Epoch 2760, VI KSD: 0.0201
2026-03-28 22:28:08 | DEBUG | sivi:base_runner.py:337| eval_kl_ite | Epoch 2770, VI KL to baseline: 0.1266
2026-03-28 22:28:08 | DEBUG | sivi:base_reverse_runner.py:261| eval_kl_ite | Epoch 2770, Reverse Model KL ITE: 0.0397
2026-03-28 22:28:08 | DEBUG | sivi:base_runner.py:347| eval_w2 | Epoch 2770, VI W2 to baseline: 0.2212
2026-03-28 22:28:08 | DEBUG | sivi:base_reverse_runner.py:272| eval_w2 | Epoch 2770, Reverse Model W2: 0.0412
2026-03-28 22:28:08 | DEBUG | sivi:base_runner.py:477| eval_elbo | Epoch 2770, ELBO: -0.1620, Std Total: 0.6474, Std Q: nan, CI Half: 0.0567
2026-03-28 22:28:08 | DEBUG | sivi:base_runner.py:507| eval_ksd | Epoch 2770, VI KSD: 0.0170
2026-03-28 22:28:09 | DEBUG | sivi:base_runner.py:337| eval_kl_ite | Epoch 2780, VI KL to baseline: 0.1109
2026-03-28 22:28:09 | DEBUG | sivi:base_reverse_runner.py:261| eval_kl_ite | Epoch 2780, Reverse Model KL ITE: 0.0292
2026-03-28 22:28:09 | DEBUG | sivi:base_runner.py:347| eval_w2 | Epoch 2780, VI W2 to baseline: 0.2430
2026-03-28 22:28:09 | DEBUG | sivi:base_reverse_runner.py:272| eval_w2 | Epoch 2780, Reverse Model W2: 0.0492
2026-03-28 22:28:09 | DEBUG | sivi:base_runner.py:477| eval_elbo | Epoch 2780, ELBO: -0.1193, Std Total: 0.6120, Std Q: nan, CI Half: 0.0536
2026-03-28 22:28:09 | DEBUG | sivi:base_runner.py:507| eval_ksd | Epoch 2780, VI KSD: 0.0205
2026-03-28 22:28:09 | DEBUG | sivi:base_runner.py:337| eval_kl_ite | Epoch 2790, VI KL to baseline: 0.1257
2026-03-28 22:28:09 | DEBUG | sivi:base_reverse_runner.py:261| eval_kl_ite | Epoch 2790, Reverse Model KL ITE: 0.0385
2026-03-28 22:28:09 | DEBUG | sivi:base_runner.py:347| eval_w2 | Epoch 2790, VI W2 to baseline: 0.2352
2026-03-28 22:28:09 | DEBUG | sivi:base_reverse_runner.py:272| eval_w2 | Epoch 2790, Reverse Model W2: 0.0461
2026-03-28 22:28:09 | DEBUG | sivi:base_runner.py:477| eval_elbo | Epoch 2790, ELBO: -0.1255, Std Total: 0.6177, Std Q: nan, CI Half: 0.0541
2026-03-28 22:28:09 | DEBUG | sivi:base_runner.py:507| eval_ksd | Epoch 2790, VI KSD: 0.0161
2026-03-28 22:28:09 | DEBUG | sivi:base_runner.py:874| learn | Epoch 2800: Avg Loss: -0.0015, Avg Epoch Time: 0.0503s
2026-03-28 22:28:10 | DEBUG | sivi:base_runner.py:337| eval_kl_ite | Epoch 2800, VI KL to baseline: 0.1159
2026-03-28 22:28:10 | DEBUG | sivi:base_reverse_runner.py:261| eval_kl_ite | Epoch 2800, Reverse Model KL ITE: 0.0289
2026-03-28 22:28:10 | DEBUG | sivi:base_runner.py:347| eval_w2 | Epoch 2800, VI W2 to baseline: 0.2349
2026-03-28 22:28:10 | DEBUG | sivi:base_reverse_runner.py:272| eval_w2 | Epoch 2800, Reverse Model W2: 0.0407
2026-03-28 22:28:10 | DEBUG | sivi:base_runner.py:477| eval_elbo | Epoch 2800, ELBO: -0.1110, Std Total: 0.6145, Std Q: nan, CI Half: 0.0539
2026-03-28 22:28:10 | DEBUG | sivi:base_runner.py:507| eval_ksd | Epoch 2800, VI KSD: 0.0147
2026-03-28 22:28:10 | DEBUG | sivi:base_runner.py:337| eval_kl_ite | Epoch 2810, VI KL to baseline: 0.1255
2026-03-28 22:28:10 | DEBUG | sivi:base_reverse_runner.py:261| eval_kl_ite | Epoch 2810, Reverse Model KL ITE: 0.0185
2026-03-28 22:28:10 | DEBUG | sivi:base_runner.py:347| eval_w2 | Epoch 2810, VI W2 to baseline: 0.2340
2026-03-28 22:28:10 | DEBUG | sivi:base_reverse_runner.py:272| eval_w2 | Epoch 2810, Reverse Model W2: 0.0398
2026-03-28 22:28:10 | DEBUG | sivi:base_runner.py:477| eval_elbo | Epoch 2810, ELBO: -0.1389, Std Total: 0.6293, Std Q: nan, CI Half: 0.0552
2026-03-28 22:28:10 | DEBUG | sivi:base_runner.py:507| eval_ksd | Epoch 2810, VI KSD: 0.0148
2026-03-28 22:28:11 | DEBUG | sivi:base_runner.py:337| eval_kl_ite | Epoch 2820, VI KL to baseline: 0.1077
2026-03-28 22:28:11 | DEBUG | sivi:base_reverse_runner.py:261| eval_kl_ite | Epoch 2820, Reverse Model KL ITE: 0.0317
2026-03-28 22:28:11 | DEBUG | sivi:base_runner.py:347| eval_w2 | Epoch 2820, VI W2 to baseline: 0.2448
2026-03-28 22:28:11 | DEBUG | sivi:base_reverse_runner.py:272| eval_w2 | Epoch 2820, Reverse Model W2: 0.0414
2026-03-28 22:28:11 | DEBUG | sivi:base_runner.py:477| eval_elbo | Epoch 2820, ELBO: -0.1167, Std Total: 0.5956, Std Q: nan, CI Half: 0.0522
2026-03-28 22:28:11 | DEBUG | sivi:base_runner.py:507| eval_ksd | Epoch 2820, VI KSD: 0.0159
2026-03-28 22:28:11 | DEBUG | sivi:base_runner.py:337| eval_kl_ite | Epoch 2830, VI KL to baseline: 0.1122
2026-03-28 22:28:12 | DEBUG | sivi:base_reverse_runner.py:261| eval_kl_ite | Epoch 2830, Reverse Model KL ITE: 0.0543
2026-03-28 22:28:12 | DEBUG | sivi:base_runner.py:347| eval_w2 | Epoch 2830, VI W2 to baseline: 0.2445
2026-03-28 22:28:12 | DEBUG | sivi:base_reverse_runner.py:272| eval_w2 | Epoch 2830, Reverse Model W2: 0.0419
2026-03-28 22:28:12 | DEBUG | sivi:base_runner.py:477| eval_elbo | Epoch 2830, ELBO: -0.1417, Std Total: 0.6371, Std Q: nan, CI Half: 0.0558
2026-03-28 22:28:12 | DEBUG | sivi:base_runner.py:507| eval_ksd | Epoch 2830, VI KSD: 0.0168
2026-03-28 22:28:12 | DEBUG | sivi:base_runner.py:337| eval_kl_ite | Epoch 2840, VI KL to baseline: 0.1199
2026-03-28 22:28:12 | DEBUG | sivi:base_reverse_runner.py:261| eval_kl_ite | Epoch 2840, Reverse Model KL ITE: 0.0130
2026-03-28 22:28:12 | DEBUG | sivi:base_runner.py:347| eval_w2 | Epoch 2840, VI W2 to baseline: 0.2186
2026-03-28 22:28:12 | DEBUG | sivi:base_reverse_runner.py:272| eval_w2 | Epoch 2840, Reverse Model W2: 0.0487
2026-03-28 22:28:12 | DEBUG | sivi:base_runner.py:477| eval_elbo | Epoch 2840, ELBO: -0.1388, Std Total: 0.5604, Std Q: nan, CI Half: 0.0491
2026-03-28 22:28:12 | DEBUG | sivi:base_runner.py:507| eval_ksd | Epoch 2840, VI KSD: 0.0169
2026-03-28 22:28:12 | DEBUG | sivi:base_runner.py:337| eval_kl_ite | Epoch 2850, VI KL to baseline: 0.1133
2026-03-28 22:28:13 | DEBUG | sivi:base_reverse_runner.py:261| eval_kl_ite | Epoch 2850, Reverse Model KL ITE: 0.0126
2026-03-28 22:28:13 | DEBUG | sivi:base_runner.py:347| eval_w2 | Epoch 2850, VI W2 to baseline: 0.2489
2026-03-28 22:28:13 | DEBUG | sivi:base_reverse_runner.py:272| eval_w2 | Epoch 2850, Reverse Model W2: 0.0390
2026-03-28 22:28:13 | DEBUG | sivi:base_runner.py:477| eval_elbo | Epoch 2850, ELBO: -0.1347, Std Total: 0.5780, Std Q: nan, CI Half: 0.0507
2026-03-28 22:28:13 | DEBUG | sivi:base_runner.py:507| eval_ksd | Epoch 2850, VI KSD: 0.0182
2026-03-28 22:28:13 | DEBUG | sivi:base_runner.py:337| eval_kl_ite | Epoch 2860, VI KL to baseline: 0.1077
2026-03-28 22:28:13 | DEBUG | sivi:base_reverse_runner.py:261| eval_kl_ite | Epoch 2860, Reverse Model KL ITE: 0.0360
2026-03-28 22:28:13 | DEBUG | sivi:base_runner.py:347| eval_w2 | Epoch 2860, VI W2 to baseline: 0.2259
2026-03-28 22:28:13 | DEBUG | sivi:base_reverse_runner.py:272| eval_w2 | Epoch 2860, Reverse Model W2: 0.0406
2026-03-28 22:28:13 | DEBUG | sivi:base_runner.py:477| eval_elbo | Epoch 2860, ELBO: -0.1030, Std Total: 0.6835, Std Q: nan, CI Half: 0.0599
2026-03-28 22:28:13 | DEBUG | sivi:base_runner.py:507| eval_ksd | Epoch 2860, VI KSD: 0.0171
2026-03-28 22:28:14 | DEBUG | sivi:base_runner.py:337| eval_kl_ite | Epoch 2870, VI KL to baseline: 0.0975
2026-03-28 22:28:14 | DEBUG | sivi:base_reverse_runner.py:261| eval_kl_ite | Epoch 2870, Reverse Model KL ITE: 0.0189
2026-03-28 22:28:14 | DEBUG | sivi:base_runner.py:347| eval_w2 | Epoch 2870, VI W2 to baseline: 0.2171
2026-03-28 22:28:14 | DEBUG | sivi:base_reverse_runner.py:272| eval_w2 | Epoch 2870, Reverse Model W2: 0.0384
2026-03-28 22:28:14 | DEBUG | sivi:base_runner.py:477| eval_elbo | Epoch 2870, ELBO: -0.1092, Std Total: 0.5726, Std Q: nan, CI Half: 0.0502
2026-03-28 22:28:14 | DEBUG | sivi:base_runner.py:507| eval_ksd | Epoch 2870, VI KSD: 0.0189
2026-03-28 22:28:14 | DEBUG | sivi:base_runner.py:337| eval_kl_ite | Epoch 2880, VI KL to baseline: 0.1152
2026-03-28 22:28:14 | DEBUG | sivi:base_reverse_runner.py:261| eval_kl_ite | Epoch 2880, Reverse Model KL ITE: 0.0388
2026-03-28 22:28:14 | DEBUG | sivi:base_runner.py:347| eval_w2 | Epoch 2880, VI W2 to baseline: 0.2174
2026-03-28 22:28:14 | DEBUG | sivi:base_reverse_runner.py:272| eval_w2 | Epoch 2880, Reverse Model W2: 0.0413
2026-03-28 22:28:14 | DEBUG | sivi:base_runner.py:477| eval_elbo | Epoch 2880, ELBO: -0.1186, Std Total: 0.5444, Std Q: nan, CI Half: 0.0477
2026-03-28 22:28:15 | DEBUG | sivi:base_runner.py:507| eval_ksd | Epoch 2880, VI KSD: 0.0158
2026-03-28 22:28:15 | DEBUG | sivi:base_runner.py:337| eval_kl_ite | Epoch 2890, VI KL to baseline: 0.0947
2026-03-28 22:28:15 | DEBUG | sivi:base_reverse_runner.py:261| eval_kl_ite | Epoch 2890, Reverse Model KL ITE: 0.0331
2026-03-28 22:28:15 | DEBUG | sivi:base_runner.py:347| eval_w2 | Epoch 2890, VI W2 to baseline: 0.2084
2026-03-28 22:28:15 | DEBUG | sivi:base_reverse_runner.py:272| eval_w2 | Epoch 2890, Reverse Model W2: 0.0389
2026-03-28 22:28:15 | DEBUG | sivi:base_runner.py:477| eval_elbo | Epoch 2890, ELBO: -0.0984, Std Total: 0.5607, Std Q: nan, CI Half: 0.0491
2026-03-28 22:28:15 | DEBUG | sivi:base_runner.py:507| eval_ksd | Epoch 2890, VI KSD: 0.0131
2026-03-28 22:28:15 | DEBUG | sivi:base_runner.py:874| learn | Epoch 2900: Avg Loss: 0.0013, Avg Epoch Time: 0.0590s
2026-03-28 22:28:15 | DEBUG | sivi:base_runner.py:337| eval_kl_ite | Epoch 2900, VI KL to baseline: 0.0983
2026-03-28 22:28:16 | DEBUG | sivi:base_reverse_runner.py:261| eval_kl_ite | Epoch 2900, Reverse Model KL ITE: 0.0369
2026-03-28 22:28:16 | DEBUG | sivi:base_runner.py:347| eval_w2 | Epoch 2900, VI W2 to baseline: 0.2266
2026-03-28 22:28:16 | DEBUG | sivi:base_reverse_runner.py:272| eval_w2 | Epoch 2900, Reverse Model W2: 0.0410
2026-03-28 22:28:16 | DEBUG | sivi:base_runner.py:477| eval_elbo | Epoch 2900, ELBO: -0.1337, Std Total: 0.5732, Std Q: nan, CI Half: 0.0502
2026-03-28 22:28:16 | DEBUG | sivi:base_runner.py:507| eval_ksd | Epoch 2900, VI KSD: 0.0121
2026-03-28 22:28:16 | DEBUG | sivi:base_runner.py:337| eval_kl_ite | Epoch 2910, VI KL to baseline: 0.0926
2026-03-28 22:28:16 | DEBUG | sivi:base_reverse_runner.py:261| eval_kl_ite | Epoch 2910, Reverse Model KL ITE: 0.0424
2026-03-28 22:28:16 | DEBUG | sivi:base_runner.py:347| eval_w2 | Epoch 2910, VI W2 to baseline: 0.2046
2026-03-28 22:28:16 | DEBUG | sivi:base_reverse_runner.py:272| eval_w2 | Epoch 2910, Reverse Model W2: 0.0359
2026-03-28 22:28:16 | DEBUG | sivi:base_runner.py:477| eval_elbo | Epoch 2910, ELBO: -0.1136, Std Total: 0.5772, Std Q: nan, CI Half: 0.0506
2026-03-28 22:28:16 | DEBUG | sivi:base_runner.py:507| eval_ksd | Epoch 2910, VI KSD: 0.0121
2026-03-28 22:28:16 | DEBUG | sivi:base_runner.py:337| eval_kl_ite | Epoch 2920, VI KL to baseline: 0.0923
2026-03-28 22:28:17 | DEBUG | sivi:base_reverse_runner.py:261| eval_kl_ite | Epoch 2920, Reverse Model KL ITE: 0.0206
2026-03-28 22:28:17 | DEBUG | sivi:base_runner.py:347| eval_w2 | Epoch 2920, VI W2 to baseline: 0.2332
2026-03-28 22:28:17 | DEBUG | sivi:base_reverse_runner.py:272| eval_w2 | Epoch 2920, Reverse Model W2: 0.0436
2026-03-28 22:28:17 | DEBUG | sivi:base_runner.py:477| eval_elbo | Epoch 2920, ELBO: -0.0772, Std Total: 0.5201, Std Q: nan, CI Half: 0.0456
2026-03-28 22:28:17 | DEBUG | sivi:base_runner.py:507| eval_ksd | Epoch 2920, VI KSD: 0.0185
2026-03-28 22:28:17 | DEBUG | sivi:base_runner.py:337| eval_kl_ite | Epoch 2930, VI KL to baseline: 0.1099
2026-03-28 22:28:17 | DEBUG | sivi:base_reverse_runner.py:261| eval_kl_ite | Epoch 2930, Reverse Model KL ITE: 0.0442
2026-03-28 22:28:17 | DEBUG | sivi:base_runner.py:347| eval_w2 | Epoch 2930, VI W2 to baseline: 0.2230
2026-03-28 22:28:17 | DEBUG | sivi:base_reverse_runner.py:272| eval_w2 | Epoch 2930, Reverse Model W2: 0.0402
2026-03-28 22:28:17 | DEBUG | sivi:base_runner.py:477| eval_elbo | Epoch 2930, ELBO: -0.0986, Std Total: 0.5765, Std Q: nan, CI Half: 0.0505
2026-03-28 22:28:17 | DEBUG | sivi:base_runner.py:507| eval_ksd | Epoch 2930, VI KSD: 0.0143
2026-03-28 22:28:17 | DEBUG | sivi:base_runner.py:337| eval_kl_ite | Epoch 2940, VI KL to baseline: 0.0781
2026-03-28 22:28:18 | DEBUG | sivi:base_reverse_runner.py:261| eval_kl_ite | Epoch 2940, Reverse Model KL ITE: 0.0345
2026-03-28 22:28:18 | DEBUG | sivi:base_runner.py:347| eval_w2 | Epoch 2940, VI W2 to baseline: 0.2147
2026-03-28 22:28:18 | DEBUG | sivi:base_reverse_runner.py:272| eval_w2 | Epoch 2940, Reverse Model W2: 0.0487
2026-03-28 22:28:18 | DEBUG | sivi:base_runner.py:477| eval_elbo | Epoch 2940, ELBO: -0.1114, Std Total: 0.5436, Std Q: nan, CI Half: 0.0476
2026-03-28 22:28:18 | DEBUG | sivi:base_runner.py:507| eval_ksd | Epoch 2940, VI KSD: 0.0127
2026-03-28 22:28:18 | DEBUG | sivi:base_runner.py:337| eval_kl_ite | Epoch 2950, VI KL to baseline: 0.1126
2026-03-28 22:28:18 | DEBUG | sivi:base_reverse_runner.py:261| eval_kl_ite | Epoch 2950, Reverse Model KL ITE: 0.0387
2026-03-28 22:28:18 | DEBUG | sivi:base_runner.py:347| eval_w2 | Epoch 2950, VI W2 to baseline: 0.2214
2026-03-28 22:28:18 | DEBUG | sivi:base_reverse_runner.py:272| eval_w2 | Epoch 2950, Reverse Model W2: 0.0391
2026-03-28 22:28:18 | DEBUG | sivi:base_runner.py:477| eval_elbo | Epoch 2950, ELBO: -0.1035, Std Total: 0.5403, Std Q: nan, CI Half: 0.0474
2026-03-28 22:28:18 | DEBUG | sivi:base_runner.py:507| eval_ksd | Epoch 2950, VI KSD: 0.0146
2026-03-28 22:28:19 | DEBUG | sivi:base_runner.py:337| eval_kl_ite | Epoch 2960, VI KL to baseline: 0.0887
2026-03-28 22:28:19 | DEBUG | sivi:base_reverse_runner.py:261| eval_kl_ite | Epoch 2960, Reverse Model KL ITE: 0.0212
2026-03-28 22:28:19 | DEBUG | sivi:base_runner.py:347| eval_w2 | Epoch 2960, VI W2 to baseline: 0.1984
2026-03-28 22:28:19 | DEBUG | sivi:base_reverse_runner.py:272| eval_w2 | Epoch 2960, Reverse Model W2: 0.0432
2026-03-28 22:28:19 | DEBUG | sivi:base_runner.py:477| eval_elbo | Epoch 2960, ELBO: -0.1031, Std Total: 0.5794, Std Q: nan, CI Half: 0.0508
2026-03-28 22:28:19 | DEBUG | sivi:base_runner.py:507| eval_ksd | Epoch 2960, VI KSD: 0.0145
2026-03-28 22:28:19 | DEBUG | sivi:base_runner.py:337| eval_kl_ite | Epoch 2970, VI KL to baseline: 0.1207
2026-03-28 22:28:19 | DEBUG | sivi:base_reverse_runner.py:261| eval_kl_ite | Epoch 2970, Reverse Model KL ITE: 0.0502
2026-03-28 22:28:19 | DEBUG | sivi:base_runner.py:347| eval_w2 | Epoch 2970, VI W2 to baseline: 0.2271
2026-03-28 22:28:19 | DEBUG | sivi:base_reverse_runner.py:272| eval_w2 | Epoch 2970, Reverse Model W2: 0.0418
2026-03-28 22:28:19 | DEBUG | sivi:base_runner.py:477| eval_elbo | Epoch 2970, ELBO: -0.0623, Std Total: 0.4865, Std Q: nan, CI Half: 0.0426
2026-03-28 22:28:19 | DEBUG | sivi:base_runner.py:507| eval_ksd | Epoch 2970, VI KSD: 0.0125
2026-03-28 22:28:20 | DEBUG | sivi:base_runner.py:337| eval_kl_ite | Epoch 2980, VI KL to baseline: 0.0859
2026-03-28 22:28:20 | DEBUG | sivi:base_reverse_runner.py:261| eval_kl_ite | Epoch 2980, Reverse Model KL ITE: 0.0359
2026-03-28 22:28:20 | DEBUG | sivi:base_runner.py:347| eval_w2 | Epoch 2980, VI W2 to baseline: 0.2157
2026-03-28 22:28:20 | DEBUG | sivi:base_reverse_runner.py:272| eval_w2 | Epoch 2980, Reverse Model W2: 0.0371
2026-03-28 22:28:20 | DEBUG | sivi:base_runner.py:477| eval_elbo | Epoch 2980, ELBO: -0.1155, Std Total: 0.5313, Std Q: nan, CI Half: 0.0466
2026-03-28 22:28:20 | DEBUG | sivi:base_runner.py:507| eval_ksd | Epoch 2980, VI KSD: 0.0118
2026-03-28 22:28:20 | DEBUG | sivi:base_runner.py:337| eval_kl_ite | Epoch 2990, VI KL to baseline: 0.0819
2026-03-28 22:28:20 | DEBUG | sivi:base_reverse_runner.py:261| eval_kl_ite | Epoch 2990, Reverse Model KL ITE: 0.0541
2026-03-28 22:28:20 | DEBUG | sivi:base_runner.py:347| eval_w2 | Epoch 2990, VI W2 to baseline: 0.2010
2026-03-28 22:28:20 | DEBUG | sivi:base_reverse_runner.py:272| eval_w2 | Epoch 2990, Reverse Model W2: 0.0387
2026-03-28 22:28:20 | DEBUG | sivi:base_runner.py:477| eval_elbo | Epoch 2990, ELBO: -0.0698, Std Total: 0.4823, Std Q: nan, CI Half: 0.0423
2026-03-28 22:28:20 | DEBUG | sivi:base_runner.py:507| eval_ksd | Epoch 2990, VI KSD: 0.0160
2026-03-28 22:28:21 | DEBUG | sivi:base_runner.py:874| learn | Epoch 3000: Avg Loss: -0.0009, Avg Epoch Time: 0.0529s
2026-03-28 22:28:21 | DEBUG | sivi:base_reverse_runner.py:183| _training_rev_log_func | Epoch 3000, Inner epoch 1, Reverse Model Loss: 4.9376, Avg Steps: 1.0000
2026-03-28 22:28:21 | DEBUG | sivi:base_runner.py:588| save_samples | Saved 100000 samples at epoch 3000.
2026-03-28 22:28:21 | DEBUG | sivi:base_runner.py:607| save_checkpoint | Saved VIModel checkpoints at epoch 3000 to results/AISIVI/multimodal/20260328_222515/checkpoints/epoch_3000.
2026-03-28 22:28:21 | DEBUG | sivi:base_reverse_runner.py:476| save_checkpoint | Saved reverse checkpoints at epoch 3000 to results/AISIVI/multimodal/20260328_222515/checkpoints/epoch_3000.
2026-03-28 22:28:21 | DEBUG | sivi:base_runner.py:337| eval_kl_ite | Epoch 3000, VI KL to baseline: 0.0906
2026-03-28 22:28:21 | DEBUG | sivi:base_reverse_runner.py:261| eval_kl_ite | Epoch 3000, Reverse Model KL ITE: 0.0236
2026-03-28 22:28:21 | DEBUG | sivi:base_runner.py:347| eval_w2 | Epoch 3000, VI W2 to baseline: 0.1960
2026-03-28 22:28:21 | DEBUG | sivi:base_reverse_runner.py:272| eval_w2 | Epoch 3000, Reverse Model W2: 0.0423
2026-03-28 22:28:21 | DEBUG | sivi:base_runner.py:477| eval_elbo | Epoch 3000, ELBO: -0.0633, Std Total: 0.4837, Std Q: nan, CI Half: 0.0424
2026-03-28 22:28:21 | DEBUG | sivi:base_runner.py:507| eval_ksd | Epoch 3000, VI KSD: 0.0095
2026-03-28 22:28:21 | DEBUG | sivi:base_runner.py:970| learn | Saved contour plot at epoch 3000.
2026-03-28 22:28:21 | DEBUG | sivi:base_runner.py:337| eval_kl_ite | Epoch 3010, VI KL to baseline: 0.0727
2026-03-28 22:28:21 | DEBUG | sivi:base_reverse_runner.py:261| eval_kl_ite | Epoch 3010, Reverse Model KL ITE: 0.0094
2026-03-28 22:28:22 | DEBUG | sivi:base_runner.py:347| eval_w2 | Epoch 3010, VI W2 to baseline: 0.2064
2026-03-28 22:28:22 | DEBUG | sivi:base_reverse_runner.py:272| eval_w2 | Epoch 3010, Reverse Model W2: 0.0572
2026-03-28 22:28:22 | DEBUG | sivi:base_runner.py:477| eval_elbo | Epoch 3010, ELBO: -0.0823, Std Total: 0.4677, Std Q: nan, CI Half: 0.0410
2026-03-28 22:28:22 | DEBUG | sivi:base_runner.py:507| eval_ksd | Epoch 3010, VI KSD: 0.0140
2026-03-28 22:28:22 | DEBUG | sivi:base_runner.py:337| eval_kl_ite | Epoch 3020, VI KL to baseline: 0.1013
2026-03-28 22:28:22 | DEBUG | sivi:base_reverse_runner.py:261| eval_kl_ite | Epoch 3020, Reverse Model KL ITE: 0.0514
2026-03-28 22:28:22 | DEBUG | sivi:base_runner.py:347| eval_w2 | Epoch 3020, VI W2 to baseline: 0.2103
2026-03-28 22:28:22 | DEBUG | sivi:base_reverse_runner.py:272| eval_w2 | Epoch 3020, Reverse Model W2: 0.0412
2026-03-28 22:28:22 | DEBUG | sivi:base_runner.py:477| eval_elbo | Epoch 3020, ELBO: -0.0868, Std Total: 0.5521, Std Q: nan, CI Half: 0.0484
2026-03-28 22:28:22 | DEBUG | sivi:base_runner.py:507| eval_ksd | Epoch 3020, VI KSD: 0.0132
2026-03-28 22:28:23 | DEBUG | sivi:base_runner.py:337| eval_kl_ite | Epoch 3030, VI KL to baseline: 0.0996
2026-03-28 22:28:23 | DEBUG | sivi:base_reverse_runner.py:261| eval_kl_ite | Epoch 3030, Reverse Model KL ITE: 0.0186
2026-03-28 22:28:23 | DEBUG | sivi:base_runner.py:347| eval_w2 | Epoch 3030, VI W2 to baseline: 0.2043
2026-03-28 22:28:23 | DEBUG | sivi:base_reverse_runner.py:272| eval_w2 | Epoch 3030, Reverse Model W2: 0.0381
2026-03-28 22:28:23 | DEBUG | sivi:base_runner.py:477| eval_elbo | Epoch 3030, ELBO: -0.1087, Std Total: 0.5750, Std Q: nan, CI Half: 0.0504
2026-03-28 22:28:23 | DEBUG | sivi:base_runner.py:507| eval_ksd | Epoch 3030, VI KSD: 0.0123
2026-03-28 22:28:23 | DEBUG | sivi:base_runner.py:337| eval_kl_ite | Epoch 3040, VI KL to baseline: 0.0666
2026-03-28 22:28:23 | DEBUG | sivi:base_reverse_runner.py:261| eval_kl_ite | Epoch 3040, Reverse Model KL ITE: 0.0227
2026-03-28 22:28:23 | DEBUG | sivi:base_runner.py:347| eval_w2 | Epoch 3040, VI W2 to baseline: 0.2026
2026-03-28 22:28:23 | DEBUG | sivi:base_reverse_runner.py:272| eval_w2 | Epoch 3040, Reverse Model W2: 0.0482
2026-03-28 22:28:23 | DEBUG | sivi:base_runner.py:477| eval_elbo | Epoch 3040, ELBO: -0.1334, Std Total: 0.5073, Std Q: nan, CI Half: 0.0445
2026-03-28 22:28:23 | DEBUG | sivi:base_runner.py:507| eval_ksd | Epoch 3040, VI KSD: 0.0129
2026-03-28 22:28:24 | DEBUG | sivi:base_runner.py:337| eval_kl_ite | Epoch 3050, VI KL to baseline: 0.0945
2026-03-28 22:28:24 | DEBUG | sivi:base_reverse_runner.py:261| eval_kl_ite | Epoch 3050, Reverse Model KL ITE: 0.0306
2026-03-28 22:28:24 | DEBUG | sivi:base_runner.py:347| eval_w2 | Epoch 3050, VI W2 to baseline: 0.2019
2026-03-28 22:28:24 | DEBUG | sivi:base_reverse_runner.py:272| eval_w2 | Epoch 3050, Reverse Model W2: 0.0397
2026-03-28 22:28:24 | DEBUG | sivi:base_runner.py:477| eval_elbo | Epoch 3050, ELBO: -0.1494, Std Total: 0.5465, Std Q: nan, CI Half: 0.0479
2026-03-28 22:28:24 | DEBUG | sivi:base_runner.py:507| eval_ksd | Epoch 3050, VI KSD: 0.0135
2026-03-28 22:28:24 | DEBUG | sivi:base_runner.py:337| eval_kl_ite | Epoch 3060, VI KL to baseline: 0.0829
2026-03-28 22:28:24 | DEBUG | sivi:base_reverse_runner.py:261| eval_kl_ite | Epoch 3060, Reverse Model KL ITE: 0.0226
2026-03-28 22:28:24 | DEBUG | sivi:base_runner.py:347| eval_w2 | Epoch 3060, VI W2 to baseline: 0.1933
2026-03-28 22:28:24 | DEBUG | sivi:base_reverse_runner.py:272| eval_w2 | Epoch 3060, Reverse Model W2: 0.0394
2026-03-28 22:28:24 | DEBUG | sivi:base_runner.py:477| eval_elbo | Epoch 3060, ELBO: -0.0757, Std Total: 0.4389, Std Q: nan, CI Half: 0.0385
2026-03-28 22:28:24 | DEBUG | sivi:base_runner.py:507| eval_ksd | Epoch 3060, VI KSD: 0.0117
2026-03-28 22:28:25 | DEBUG | sivi:base_runner.py:337| eval_kl_ite | Epoch 3070, VI KL to baseline: 0.0753
2026-03-28 22:28:25 | DEBUG | sivi:base_reverse_runner.py:261| eval_kl_ite | Epoch 3070, Reverse Model KL ITE: 0.0594
2026-03-28 22:28:25 | DEBUG | sivi:base_runner.py:347| eval_w2 | Epoch 3070, VI W2 to baseline: 0.1979
2026-03-28 22:28:25 | DEBUG | sivi:base_reverse_runner.py:272| eval_w2 | Epoch 3070, Reverse Model W2: 0.0395
2026-03-28 22:28:25 | DEBUG | sivi:base_runner.py:477| eval_elbo | Epoch 3070, ELBO: -0.1108, Std Total: 0.5252, Std Q: nan, CI Half: 0.0460
2026-03-28 22:28:25 | DEBUG | sivi:base_runner.py:507| eval_ksd | Epoch 3070, VI KSD: 0.0134
2026-03-28 22:28:25 | DEBUG | sivi:base_runner.py:337| eval_kl_ite | Epoch 3080, VI KL to baseline: 0.0776
2026-03-28 22:28:25 | DEBUG | sivi:base_reverse_runner.py:261| eval_kl_ite | Epoch 3080, Reverse Model KL ITE: 0.0256
2026-03-28 22:28:25 | DEBUG | sivi:base_runner.py:347| eval_w2 | Epoch 3080, VI W2 to baseline: 0.1877
2026-03-28 22:28:25 | DEBUG | sivi:base_reverse_runner.py:272| eval_w2 | Epoch 3080, Reverse Model W2: 0.0492
2026-03-28 22:28:25 | DEBUG | sivi:base_runner.py:477| eval_elbo | Epoch 3080, ELBO: -0.1041, Std Total: 0.5053, Std Q: nan, CI Half: 0.0443
2026-03-28 22:28:25 | DEBUG | sivi:base_runner.py:507| eval_ksd | Epoch 3080, VI KSD: 0.0136
2026-03-28 22:28:26 | DEBUG | sivi:base_runner.py:337| eval_kl_ite | Epoch 3090, VI KL to baseline: 0.0768
2026-03-28 22:28:26 | DEBUG | sivi:base_reverse_runner.py:261| eval_kl_ite | Epoch 3090, Reverse Model KL ITE: 0.0312
2026-03-28 22:28:26 | DEBUG | sivi:base_runner.py:347| eval_w2 | Epoch 3090, VI W2 to baseline: 0.1873
2026-03-28 22:28:26 | DEBUG | sivi:base_reverse_runner.py:272| eval_w2 | Epoch 3090, Reverse Model W2: 0.0408
2026-03-28 22:28:26 | DEBUG | sivi:base_runner.py:477| eval_elbo | Epoch 3090, ELBO: -0.0758, Std Total: 0.5358, Std Q: nan, CI Half: 0.0470
2026-03-28 22:28:26 | DEBUG | sivi:base_runner.py:507| eval_ksd | Epoch 3090, VI KSD: 0.0131
2026-03-28 22:28:26 | DEBUG | sivi:base_runner.py:874| learn | Epoch 3100: Avg Loss: 0.0036, Avg Epoch Time: 0.0546s
2026-03-28 22:28:26 | DEBUG | sivi:base_runner.py:337| eval_kl_ite | Epoch 3100, VI KL to baseline: 0.0950
2026-03-28 22:28:26 | DEBUG | sivi:base_reverse_runner.py:261| eval_kl_ite | Epoch 3100, Reverse Model KL ITE: 0.0240
2026-03-28 22:28:26 | DEBUG | sivi:base_runner.py:347| eval_w2 | Epoch 3100, VI W2 to baseline: 0.1944
2026-03-28 22:28:26 | DEBUG | sivi:base_reverse_runner.py:272| eval_w2 | Epoch 3100, Reverse Model W2: 0.0393
2026-03-28 22:28:26 | DEBUG | sivi:base_runner.py:477| eval_elbo | Epoch 3100, ELBO: -0.0523, Std Total: 0.4620, Std Q: nan, CI Half: 0.0405
2026-03-28 22:28:26 | DEBUG | sivi:base_runner.py:507| eval_ksd | Epoch 3100, VI KSD: 0.0113
2026-03-28 22:28:27 | DEBUG | sivi:base_runner.py:337| eval_kl_ite | Epoch 3110, VI KL to baseline: 0.0884
2026-03-28 22:28:27 | DEBUG | sivi:base_reverse_runner.py:261| eval_kl_ite | Epoch 3110, Reverse Model KL ITE: 0.0355
2026-03-28 22:28:27 | DEBUG | sivi:base_runner.py:347| eval_w2 | Epoch 3110, VI W2 to baseline: 0.1873
2026-03-28 22:28:27 | DEBUG | sivi:base_reverse_runner.py:272| eval_w2 | Epoch 3110, Reverse Model W2: 0.0394
2026-03-28 22:28:27 | DEBUG | sivi:base_runner.py:477| eval_elbo | Epoch 3110, ELBO: -0.0928, Std Total: 0.4872, Std Q: nan, CI Half: 0.0427
2026-03-28 22:28:27 | DEBUG | sivi:base_runner.py:507| eval_ksd | Epoch 3110, VI KSD: 0.0099
2026-03-28 22:28:27 | DEBUG | sivi:base_runner.py:337| eval_kl_ite | Epoch 3120, VI KL to baseline: 0.0684
2026-03-28 22:28:27 | DEBUG | sivi:base_reverse_runner.py:261| eval_kl_ite | Epoch 3120, Reverse Model KL ITE: 0.0265
2026-03-28 22:28:27 | DEBUG | sivi:base_runner.py:347| eval_w2 | Epoch 3120, VI W2 to baseline: 0.1875
2026-03-28 22:28:27 | DEBUG | sivi:base_reverse_runner.py:272| eval_w2 | Epoch 3120, Reverse Model W2: 0.0379
2026-03-28 22:28:27 | DEBUG | sivi:base_runner.py:477| eval_elbo | Epoch 3120, ELBO: -0.0677, Std Total: 0.5097, Std Q: nan, CI Half: 0.0447
2026-03-28 22:28:27 | DEBUG | sivi:base_runner.py:507| eval_ksd | Epoch 3120, VI KSD: 0.0142
2026-03-28 22:28:28 | DEBUG | sivi:base_runner.py:337| eval_kl_ite | Epoch 3130, VI KL to baseline: 0.0953
2026-03-28 22:28:28 | DEBUG | sivi:base_reverse_runner.py:261| eval_kl_ite | Epoch 3130, Reverse Model KL ITE: 0.0343
2026-03-28 22:28:28 | DEBUG | sivi:base_runner.py:347| eval_w2 | Epoch 3130, VI W2 to baseline: 0.1808
2026-03-28 22:28:28 | DEBUG | sivi:base_reverse_runner.py:272| eval_w2 | Epoch 3130, Reverse Model W2: 0.0409
2026-03-28 22:28:28 | DEBUG | sivi:base_runner.py:477| eval_elbo | Epoch 3130, ELBO: -0.0911, Std Total: 0.4929, Std Q: nan, CI Half: 0.0432
2026-03-28 22:28:28 | DEBUG | sivi:base_runner.py:507| eval_ksd | Epoch 3130, VI KSD: 0.0115
2026-03-28 22:28:28 | DEBUG | sivi:base_runner.py:337| eval_kl_ite | Epoch 3140, VI KL to baseline: 0.1023
2026-03-28 22:28:29 | DEBUG | sivi:base_reverse_runner.py:261| eval_kl_ite | Epoch 3140, Reverse Model KL ITE: 0.0226
2026-03-28 22:28:29 | DEBUG | sivi:base_runner.py:347| eval_w2 | Epoch 3140, VI W2 to baseline: 0.1953
2026-03-28 22:28:29 | DEBUG | sivi:base_reverse_runner.py:272| eval_w2 | Epoch 3140, Reverse Model W2: 0.0349
2026-03-28 22:28:29 | DEBUG | sivi:base_runner.py:477| eval_elbo | Epoch 3140, ELBO: -0.0935, Std Total: 0.4859, Std Q: nan, CI Half: 0.0426
2026-03-28 22:28:29 | DEBUG | sivi:base_runner.py:507| eval_ksd | Epoch 3140, VI KSD: 0.0088
2026-03-28 22:28:29 | DEBUG | sivi:base_runner.py:337| eval_kl_ite | Epoch 3150, VI KL to baseline: 0.0701
2026-03-28 22:28:29 | DEBUG | sivi:base_reverse_runner.py:261| eval_kl_ite | Epoch 3150, Reverse Model KL ITE: 0.0249
2026-03-28 22:28:29 | DEBUG | sivi:base_runner.py:347| eval_w2 | Epoch 3150, VI W2 to baseline: 0.1930
2026-03-28 22:28:29 | DEBUG | sivi:base_reverse_runner.py:272| eval_w2 | Epoch 3150, Reverse Model W2: 0.0510
2026-03-28 22:28:29 | DEBUG | sivi:base_runner.py:477| eval_elbo | Epoch 3150, ELBO: -0.0296, Std Total: 0.3719, Std Q: nan, CI Half: 0.0326
2026-03-28 22:28:29 | DEBUG | sivi:base_runner.py:507| eval_ksd | Epoch 3150, VI KSD: 0.0124
2026-03-28 22:28:30 | DEBUG | sivi:base_runner.py:337| eval_kl_ite | Epoch 3160, VI KL to baseline: 0.0855
2026-03-28 22:28:30 | DEBUG | sivi:base_reverse_runner.py:261| eval_kl_ite | Epoch 3160, Reverse Model KL ITE: 0.0385
2026-03-28 22:28:30 | DEBUG | sivi:base_runner.py:347| eval_w2 | Epoch 3160, VI W2 to baseline: 0.1899
2026-03-28 22:28:30 | DEBUG | sivi:base_reverse_runner.py:272| eval_w2 | Epoch 3160, Reverse Model W2: 0.0442
2026-03-28 22:28:30 | DEBUG | sivi:base_runner.py:477| eval_elbo | Epoch 3160, ELBO: -0.0728, Std Total: 0.5113, Std Q: nan, CI Half: 0.0448
2026-03-28 22:28:30 | DEBUG | sivi:base_runner.py:507| eval_ksd | Epoch 3160, VI KSD: 0.0095
2026-03-28 22:28:30 | DEBUG | sivi:base_runner.py:337| eval_kl_ite | Epoch 3170, VI KL to baseline: 0.0693
2026-03-28 22:28:30 | DEBUG | sivi:base_reverse_runner.py:261| eval_kl_ite | Epoch 3170, Reverse Model KL ITE: 0.0159
2026-03-28 22:28:30 | DEBUG | sivi:base_runner.py:347| eval_w2 | Epoch 3170, VI W2 to baseline: 0.1859
2026-03-28 22:28:30 | DEBUG | sivi:base_reverse_runner.py:272| eval_w2 | Epoch 3170, Reverse Model W2: 0.0346
2026-03-28 22:28:30 | DEBUG | sivi:base_runner.py:477| eval_elbo | Epoch 3170, ELBO: -0.0617, Std Total: 0.4079, Std Q: nan, CI Half: 0.0358
2026-03-28 22:28:30 | DEBUG | sivi:base_runner.py:507| eval_ksd | Epoch 3170, VI KSD: 0.0116
2026-03-28 22:28:31 | DEBUG | sivi:base_runner.py:337| eval_kl_ite | Epoch 3180, VI KL to baseline: 0.0737
2026-03-28 22:28:31 | DEBUG | sivi:base_reverse_runner.py:261| eval_kl_ite | Epoch 3180, Reverse Model KL ITE: 0.0348
2026-03-28 22:28:31 | DEBUG | sivi:base_runner.py:347| eval_w2 | Epoch 3180, VI W2 to baseline: 0.1794
2026-03-28 22:28:31 | DEBUG | sivi:base_reverse_runner.py:272| eval_w2 | Epoch 3180, Reverse Model W2: 0.0568
2026-03-28 22:28:31 | DEBUG | sivi:base_runner.py:477| eval_elbo | Epoch 3180, ELBO: -0.0451, Std Total: 0.4179, Std Q: nan, CI Half: 0.0366
2026-03-28 22:28:31 | DEBUG | sivi:base_runner.py:507| eval_ksd | Epoch 3180, VI KSD: 0.0129
2026-03-28 22:28:31 | DEBUG | sivi:base_runner.py:337| eval_kl_ite | Epoch 3190, VI KL to baseline: 0.0469
2026-03-28 22:28:31 | DEBUG | sivi:base_reverse_runner.py:261| eval_kl_ite | Epoch 3190, Reverse Model KL ITE: 0.0191
2026-03-28 22:28:31 | DEBUG | sivi:base_runner.py:347| eval_w2 | Epoch 3190, VI W2 to baseline: 0.1850
2026-03-28 22:28:32 | DEBUG | sivi:base_reverse_runner.py:272| eval_w2 | Epoch 3190, Reverse Model W2: 0.0429
2026-03-28 22:28:32 | DEBUG | sivi:base_runner.py:477| eval_elbo | Epoch 3190, ELBO: -0.0954, Std Total: 0.4899, Std Q: nan, CI Half: 0.0429
2026-03-28 22:28:32 | DEBUG | sivi:base_runner.py:507| eval_ksd | Epoch 3190, VI KSD: 0.0117
2026-03-28 22:28:32 | DEBUG | sivi:base_runner.py:874| learn | Epoch 3200: Avg Loss: 0.0013, Avg Epoch Time: 0.0563s
2026-03-28 22:28:32 | DEBUG | sivi:base_runner.py:337| eval_kl_ite | Epoch 3200, VI KL to baseline: 0.0527
2026-03-28 22:28:32 | DEBUG | sivi:base_reverse_runner.py:261| eval_kl_ite | Epoch 3200, Reverse Model KL ITE: 0.0456
2026-03-28 22:28:32 | DEBUG | sivi:base_runner.py:347| eval_w2 | Epoch 3200, VI W2 to baseline: 0.1694
2026-03-28 22:28:32 | DEBUG | sivi:base_reverse_runner.py:272| eval_w2 | Epoch 3200, Reverse Model W2: 0.0424
2026-03-28 22:28:32 | DEBUG | sivi:base_runner.py:477| eval_elbo | Epoch 3200, ELBO: -0.0899, Std Total: 0.4917, Std Q: nan, CI Half: 0.0431
2026-03-28 22:28:32 | DEBUG | sivi:base_runner.py:507| eval_ksd | Epoch 3200, VI KSD: 0.0113
2026-03-28 22:28:32 | DEBUG | sivi:base_runner.py:337| eval_kl_ite | Epoch 3210, VI KL to baseline: 0.0613
2026-03-28 22:28:32 | DEBUG | sivi:base_reverse_runner.py:261| eval_kl_ite | Epoch 3210, Reverse Model KL ITE: 0.0319
2026-03-28 22:28:32 | DEBUG | sivi:base_runner.py:347| eval_w2 | Epoch 3210, VI W2 to baseline: 0.1666
2026-03-28 22:28:32 | DEBUG | sivi:base_reverse_runner.py:272| eval_w2 | Epoch 3210, Reverse Model W2: 0.0372
2026-03-28 22:28:32 | DEBUG | sivi:base_runner.py:477| eval_elbo | Epoch 3210, ELBO: -0.0973, Std Total: 0.4801, Std Q: nan, CI Half: 0.0421
2026-03-28 22:28:32 | DEBUG | sivi:base_runner.py:507| eval_ksd | Epoch 3210, VI KSD: 0.0139
2026-03-28 22:28:33 | DEBUG | sivi:base_runner.py:337| eval_kl_ite | Epoch 3220, VI KL to baseline: 0.0815
2026-03-28 22:28:33 | DEBUG | sivi:base_reverse_runner.py:261| eval_kl_ite | Epoch 3220, Reverse Model KL ITE: 0.0337
2026-03-28 22:28:33 | DEBUG | sivi:base_runner.py:347| eval_w2 | Epoch 3220, VI W2 to baseline: 0.1637
2026-03-28 22:28:33 | DEBUG | sivi:base_reverse_runner.py:272| eval_w2 | Epoch 3220, Reverse Model W2: 0.0350
2026-03-28 22:28:33 | DEBUG | sivi:base_runner.py:477| eval_elbo | Epoch 3220, ELBO: -0.0321, Std Total: 0.3708, Std Q: nan, CI Half: 0.0325
2026-03-28 22:28:33 | DEBUG | sivi:base_runner.py:507| eval_ksd | Epoch 3220, VI KSD: 0.0095
2026-03-28 22:28:34 | DEBUG | sivi:base_runner.py:337| eval_kl_ite | Epoch 3230, VI KL to baseline: 0.0831
2026-03-28 22:28:34 | DEBUG | sivi:base_reverse_runner.py:261| eval_kl_ite | Epoch 3230, Reverse Model KL ITE: 0.0213
2026-03-28 22:28:34 | DEBUG | sivi:base_runner.py:347| eval_w2 | Epoch 3230, VI W2 to baseline: 0.1755
2026-03-28 22:28:34 | DEBUG | sivi:base_reverse_runner.py:272| eval_w2 | Epoch 3230, Reverse Model W2: 0.0372
2026-03-28 22:28:34 | DEBUG | sivi:base_runner.py:477| eval_elbo | Epoch 3230, ELBO: -0.0718, Std Total: 0.4713, Std Q: nan, CI Half: 0.0413
2026-03-28 22:28:34 | DEBUG | sivi:base_runner.py:507| eval_ksd | Epoch 3230, VI KSD: 0.0135
2026-03-28 22:28:34 | DEBUG | sivi:base_runner.py:337| eval_kl_ite | Epoch 3240, VI KL to baseline: 0.0547
2026-03-28 22:28:34 | DEBUG | sivi:base_reverse_runner.py:261| eval_kl_ite | Epoch 3240, Reverse Model KL ITE: 0.0344
2026-03-28 22:28:34 | DEBUG | sivi:base_runner.py:347| eval_w2 | Epoch 3240, VI W2 to baseline: 0.1684
2026-03-28 22:28:34 | DEBUG | sivi:base_reverse_runner.py:272| eval_w2 | Epoch 3240, Reverse Model W2: 0.0414
2026-03-28 22:28:34 | DEBUG | sivi:base_runner.py:477| eval_elbo | Epoch 3240, ELBO: -0.0445, Std Total: 0.3831, Std Q: nan, CI Half: 0.0336
2026-03-28 22:28:34 | DEBUG | sivi:base_runner.py:507| eval_ksd | Epoch 3240, VI KSD: 0.0115
2026-03-28 22:28:35 | DEBUG | sivi:base_runner.py:337| eval_kl_ite | Epoch 3250, VI KL to baseline: 0.0679
2026-03-28 22:28:35 | DEBUG | sivi:base_reverse_runner.py:261| eval_kl_ite | Epoch 3250, Reverse Model KL ITE: 0.0461
2026-03-28 22:28:35 | DEBUG | sivi:base_runner.py:347| eval_w2 | Epoch 3250, VI W2 to baseline: 0.1662
2026-03-28 22:28:35 | DEBUG | sivi:base_reverse_runner.py:272| eval_w2 | Epoch 3250, Reverse Model W2: 0.0429
2026-03-28 22:28:35 | DEBUG | sivi:base_runner.py:477| eval_elbo | Epoch 3250, ELBO: -0.0942, Std Total: 0.5110, Std Q: nan, CI Half: 0.0448
2026-03-28 22:28:35 | DEBUG | sivi:base_runner.py:507| eval_ksd | Epoch 3250, VI KSD: 0.0099
2026-03-28 22:28:35 | DEBUG | sivi:base_runner.py:337| eval_kl_ite | Epoch 3260, VI KL to baseline: 0.0490
2026-03-28 22:28:35 | DEBUG | sivi:base_reverse_runner.py:261| eval_kl_ite | Epoch 3260, Reverse Model KL ITE: 0.0288
2026-03-28 22:28:35 | DEBUG | sivi:base_runner.py:347| eval_w2 | Epoch 3260, VI W2 to baseline: 0.1614
2026-03-28 22:28:35 | DEBUG | sivi:base_reverse_runner.py:272| eval_w2 | Epoch 3260, Reverse Model W2: 0.0577
2026-03-28 22:28:35 | DEBUG | sivi:base_runner.py:477| eval_elbo | Epoch 3260, ELBO: -0.0918, Std Total: 0.4517, Std Q: nan, CI Half: 0.0396
2026-03-28 22:28:35 | DEBUG | sivi:base_runner.py:507| eval_ksd | Epoch 3260, VI KSD: 0.0117
2026-03-28 22:28:36 | DEBUG | sivi:base_runner.py:337| eval_kl_ite | Epoch 3270, VI KL to baseline: 0.0572
2026-03-28 22:28:36 | DEBUG | sivi:base_reverse_runner.py:261| eval_kl_ite | Epoch 3270, Reverse Model KL ITE: 0.0387
2026-03-28 22:28:36 | DEBUG | sivi:base_runner.py:347| eval_w2 | Epoch 3270, VI W2 to baseline: 0.1626
2026-03-28 22:28:36 | DEBUG | sivi:base_reverse_runner.py:272| eval_w2 | Epoch 3270, Reverse Model W2: 0.0385
2026-03-28 22:28:36 | DEBUG | sivi:base_runner.py:477| eval_elbo | Epoch 3270, ELBO: -0.0736, Std Total: 0.4418, Std Q: nan, CI Half: 0.0387
2026-03-28 22:28:36 | DEBUG | sivi:base_runner.py:507| eval_ksd | Epoch 3270, VI KSD: 0.0114
2026-03-28 22:28:36 | DEBUG | sivi:base_runner.py:337| eval_kl_ite | Epoch 3280, VI KL to baseline: 0.0610
2026-03-28 22:28:37 | DEBUG | sivi:base_reverse_runner.py:261| eval_kl_ite | Epoch 3280, Reverse Model KL ITE: 0.0207
2026-03-28 22:28:37 | DEBUG | sivi:base_runner.py:347| eval_w2 | Epoch 3280, VI W2 to baseline: 0.1531
2026-03-28 22:28:37 | DEBUG | sivi:base_reverse_runner.py:272| eval_w2 | Epoch 3280, Reverse Model W2: 0.0528
2026-03-28 22:28:37 | DEBUG | sivi:base_runner.py:477| eval_elbo | Epoch 3280, ELBO: -0.0635, Std Total: 0.4126, Std Q: nan, CI Half: 0.0362
2026-03-28 22:28:37 | DEBUG | sivi:base_runner.py:507| eval_ksd | Epoch 3280, VI KSD: 0.0104
2026-03-28 22:28:37 | DEBUG | sivi:base_runner.py:337| eval_kl_ite | Epoch 3290, VI KL to baseline: 0.0661
2026-03-28 22:28:37 | DEBUG | sivi:base_reverse_runner.py:261| eval_kl_ite | Epoch 3290, Reverse Model KL ITE: 0.0306
2026-03-28 22:28:37 | DEBUG | sivi:base_runner.py:347| eval_w2 | Epoch 3290, VI W2 to baseline: 0.1701
2026-03-28 22:28:37 | DEBUG | sivi:base_reverse_runner.py:272| eval_w2 | Epoch 3290, Reverse Model W2: 0.0361
2026-03-28 22:28:37 | DEBUG | sivi:base_runner.py:477| eval_elbo | Epoch 3290, ELBO: -0.0582, Std Total: 0.4559, Std Q: nan, CI Half: 0.0400
2026-03-28 22:28:37 | DEBUG | sivi:base_runner.py:507| eval_ksd | Epoch 3290, VI KSD: 0.0109
2026-03-28 22:28:38 | DEBUG | sivi:base_runner.py:874| learn | Epoch 3300: Avg Loss: -0.0014, Avg Epoch Time: 0.0588s
2026-03-28 22:28:38 | DEBUG | sivi:base_runner.py:337| eval_kl_ite | Epoch 3300, VI KL to baseline: 0.0583
2026-03-28 22:28:38 | DEBUG | sivi:base_reverse_runner.py:261| eval_kl_ite | Epoch 3300, Reverse Model KL ITE: 0.0288
2026-03-28 22:28:38 | DEBUG | sivi:base_runner.py:347| eval_w2 | Epoch 3300, VI W2 to baseline: 0.1647
2026-03-28 22:28:38 | DEBUG | sivi:base_reverse_runner.py:272| eval_w2 | Epoch 3300, Reverse Model W2: 0.0386
2026-03-28 22:28:38 | DEBUG | sivi:base_runner.py:477| eval_elbo | Epoch 3300, ELBO: -0.0727, Std Total: 0.4691, Std Q: nan, CI Half: 0.0411
2026-03-28 22:28:38 | DEBUG | sivi:base_runner.py:507| eval_ksd | Epoch 3300, VI KSD: 0.0097
2026-03-28 22:28:38 | DEBUG | sivi:base_runner.py:337| eval_kl_ite | Epoch 3310, VI KL to baseline: 0.0634
2026-03-28 22:28:38 | DEBUG | sivi:base_reverse_runner.py:261| eval_kl_ite | Epoch 3310, Reverse Model KL ITE: 0.0152
2026-03-28 22:28:38 | DEBUG | sivi:base_runner.py:347| eval_w2 | Epoch 3310, VI W2 to baseline: 0.1750
2026-03-28 22:28:39 | DEBUG | sivi:base_reverse_runner.py:272| eval_w2 | Epoch 3310, Reverse Model W2: 0.0391
2026-03-28 22:28:39 | DEBUG | sivi:base_runner.py:477| eval_elbo | Epoch 3310, ELBO: -0.0658, Std Total: 0.4618, Std Q: nan, CI Half: 0.0405
2026-03-28 22:28:39 | DEBUG | sivi:base_runner.py:507| eval_ksd | Epoch 3310, VI KSD: 0.0101
2026-03-28 22:28:39 | DEBUG | sivi:base_runner.py:337| eval_kl_ite | Epoch 3320, VI KL to baseline: 0.0645
2026-03-28 22:28:39 | DEBUG | sivi:base_reverse_runner.py:261| eval_kl_ite | Epoch 3320, Reverse Model KL ITE: 0.0360
2026-03-28 22:28:39 | DEBUG | sivi:base_runner.py:347| eval_w2 | Epoch 3320, VI W2 to baseline: 0.1648
2026-03-28 22:28:39 | DEBUG | sivi:base_reverse_runner.py:272| eval_w2 | Epoch 3320, Reverse Model W2: 0.0359
2026-03-28 22:28:39 | DEBUG | sivi:base_runner.py:477| eval_elbo | Epoch 3320, ELBO: -0.0643, Std Total: 0.4422, Std Q: nan, CI Half: 0.0388
2026-03-28 22:28:39 | DEBUG | sivi:base_runner.py:507| eval_ksd | Epoch 3320, VI KSD: 0.0099
2026-03-28 22:28:39 | DEBUG | sivi:base_runner.py:337| eval_kl_ite | Epoch 3330, VI KL to baseline: 0.0662
2026-03-28 22:28:39 | DEBUG | sivi:base_reverse_runner.py:261| eval_kl_ite | Epoch 3330, Reverse Model KL ITE: 0.0336
2026-03-28 22:28:40 | DEBUG | sivi:base_runner.py:347| eval_w2 | Epoch 3330, VI W2 to baseline: 0.1664
2026-03-28 22:28:40 | DEBUG | sivi:base_reverse_runner.py:272| eval_w2 | Epoch 3330, Reverse Model W2: 0.0347
2026-03-28 22:28:40 | DEBUG | sivi:base_runner.py:477| eval_elbo | Epoch 3330, ELBO: -0.0571, Std Total: 0.3904, Std Q: nan, CI Half: 0.0342
2026-03-28 22:28:40 | DEBUG | sivi:base_runner.py:507| eval_ksd | Epoch 3330, VI KSD: 0.0115
2026-03-28 22:28:40 | DEBUG | sivi:base_runner.py:337| eval_kl_ite | Epoch 3340, VI KL to baseline: 0.0690
2026-03-28 22:28:40 | DEBUG | sivi:base_reverse_runner.py:261| eval_kl_ite | Epoch 3340, Reverse Model KL ITE: 0.0375
2026-03-28 22:28:40 | DEBUG | sivi:base_runner.py:347| eval_w2 | Epoch 3340, VI W2 to baseline: 0.1700
2026-03-28 22:28:40 | DEBUG | sivi:base_reverse_runner.py:272| eval_w2 | Epoch 3340, Reverse Model W2: 0.0384
2026-03-28 22:28:40 | DEBUG | sivi:base_runner.py:477| eval_elbo | Epoch 3340, ELBO: -0.0641, Std Total: 0.3961, Std Q: nan, CI Half: 0.0347
2026-03-28 22:28:40 | DEBUG | sivi:base_runner.py:507| eval_ksd | Epoch 3340, VI KSD: 0.0092
2026-03-28 22:28:40 | DEBUG | sivi:base_runner.py:337| eval_kl_ite | Epoch 3350, VI KL to baseline: 0.0493
2026-03-28 22:28:41 | DEBUG | sivi:base_reverse_runner.py:261| eval_kl_ite | Epoch 3350, Reverse Model KL ITE: 0.0318
2026-03-28 22:28:41 | DEBUG | sivi:base_runner.py:347| eval_w2 | Epoch 3350, VI W2 to baseline: 0.1516
2026-03-28 22:28:41 | DEBUG | sivi:base_reverse_runner.py:272| eval_w2 | Epoch 3350, Reverse Model W2: 0.0366
2026-03-28 22:28:41 | DEBUG | sivi:base_runner.py:477| eval_elbo | Epoch 3350, ELBO: -0.0182, Std Total: 0.3918, Std Q: nan, CI Half: 0.0343
2026-03-28 22:28:41 | DEBUG | sivi:base_runner.py:507| eval_ksd | Epoch 3350, VI KSD: 0.0118
2026-03-28 22:28:41 | DEBUG | sivi:base_runner.py:337| eval_kl_ite | Epoch 3360, VI KL to baseline: 0.0514
2026-03-28 22:28:41 | DEBUG | sivi:base_reverse_runner.py:261| eval_kl_ite | Epoch 3360, Reverse Model KL ITE: 0.0155
2026-03-28 22:28:41 | DEBUG | sivi:base_runner.py:347| eval_w2 | Epoch 3360, VI W2 to baseline: 0.1721
2026-03-28 22:28:41 | DEBUG | sivi:base_reverse_runner.py:272| eval_w2 | Epoch 3360, Reverse Model W2: 0.0438
2026-03-28 22:28:41 | DEBUG | sivi:base_runner.py:477| eval_elbo | Epoch 3360, ELBO: -0.0497, Std Total: 0.3642, Std Q: nan, CI Half: 0.0319
2026-03-28 22:28:41 | DEBUG | sivi:base_runner.py:507| eval_ksd | Epoch 3360, VI KSD: 0.0099
2026-03-28 22:28:42 | DEBUG | sivi:base_runner.py:337| eval_kl_ite | Epoch 3370, VI KL to baseline: 0.0620
2026-03-28 22:28:42 | DEBUG | sivi:base_reverse_runner.py:261| eval_kl_ite | Epoch 3370, Reverse Model KL ITE: 0.0267
2026-03-28 22:28:42 | DEBUG | sivi:base_runner.py:347| eval_w2 | Epoch 3370, VI W2 to baseline: 0.1535
2026-03-28 22:28:42 | DEBUG | sivi:base_reverse_runner.py:272| eval_w2 | Epoch 3370, Reverse Model W2: 0.0384
2026-03-28 22:28:42 | DEBUG | sivi:base_runner.py:477| eval_elbo | Epoch 3370, ELBO: -0.0247, Std Total: 0.3624, Std Q: nan, CI Half: 0.0318
2026-03-28 22:28:42 | DEBUG | sivi:base_runner.py:507| eval_ksd | Epoch 3370, VI KSD: 0.0084
2026-03-28 22:28:42 | DEBUG | sivi:base_runner.py:337| eval_kl_ite | Epoch 3380, VI KL to baseline: 0.0721
2026-03-28 22:28:42 | DEBUG | sivi:base_reverse_runner.py:261| eval_kl_ite | Epoch 3380, Reverse Model KL ITE: 0.0313
2026-03-28 22:28:42 | DEBUG | sivi:base_runner.py:347| eval_w2 | Epoch 3380, VI W2 to baseline: 0.1685
2026-03-28 22:28:42 | DEBUG | sivi:base_reverse_runner.py:272| eval_w2 | Epoch 3380, Reverse Model W2: 0.0369
2026-03-28 22:28:42 | DEBUG | sivi:base_runner.py:477| eval_elbo | Epoch 3380, ELBO: -0.0450, Std Total: 0.3813, Std Q: nan, CI Half: 0.0334
2026-03-28 22:28:42 | DEBUG | sivi:base_runner.py:507| eval_ksd | Epoch 3380, VI KSD: 0.0070
2026-03-28 22:28:43 | DEBUG | sivi:base_runner.py:337| eval_kl_ite | Epoch 3390, VI KL to baseline: 0.0668
2026-03-28 22:28:43 | DEBUG | sivi:base_reverse_runner.py:261| eval_kl_ite | Epoch 3390, Reverse Model KL ITE: 0.0191
2026-03-28 22:28:43 | DEBUG | sivi:base_runner.py:347| eval_w2 | Epoch 3390, VI W2 to baseline: 0.1468
2026-03-28 22:28:43 | DEBUG | sivi:base_reverse_runner.py:272| eval_w2 | Epoch 3390, Reverse Model W2: 0.0355
2026-03-28 22:28:43 | DEBUG | sivi:base_runner.py:477| eval_elbo | Epoch 3390, ELBO: -0.0512, Std Total: 0.3629, Std Q: nan, CI Half: 0.0318
2026-03-28 22:28:43 | DEBUG | sivi:base_runner.py:507| eval_ksd | Epoch 3390, VI KSD: 0.0114
2026-03-28 22:28:43 | DEBUG | sivi:base_runner.py:874| learn | Epoch 3400: Avg Loss: 0.0029, Avg Epoch Time: 0.0550s
2026-03-28 22:28:43 | DEBUG | sivi:base_runner.py:337| eval_kl_ite | Epoch 3400, VI KL to baseline: 0.0631
2026-03-28 22:28:43 | DEBUG | sivi:base_reverse_runner.py:261| eval_kl_ite | Epoch 3400, Reverse Model KL ITE: 0.0541
2026-03-28 22:28:43 | DEBUG | sivi:base_runner.py:347| eval_w2 | Epoch 3400, VI W2 to baseline: 0.1422
2026-03-28 22:28:43 | DEBUG | sivi:base_reverse_runner.py:272| eval_w2 | Epoch 3400, Reverse Model W2: 0.0409
2026-03-28 22:28:43 | DEBUG | sivi:base_runner.py:477| eval_elbo | Epoch 3400, ELBO: -0.0833, Std Total: 0.4413, Std Q: nan, CI Half: 0.0387
2026-03-28 22:28:43 | DEBUG | sivi:base_runner.py:507| eval_ksd | Epoch 3400, VI KSD: 0.0081
2026-03-28 22:28:44 | DEBUG | sivi:base_runner.py:337| eval_kl_ite | Epoch 3410, VI KL to baseline: 0.0509
2026-03-28 22:28:44 | DEBUG | sivi:base_reverse_runner.py:261| eval_kl_ite | Epoch 3410, Reverse Model KL ITE: 0.0155
2026-03-28 22:28:44 | DEBUG | sivi:base_runner.py:347| eval_w2 | Epoch 3410, VI W2 to baseline: 0.1559
2026-03-28 22:28:44 | DEBUG | sivi:base_reverse_runner.py:272| eval_w2 | Epoch 3410, Reverse Model W2: 0.0440
2026-03-28 22:28:44 | DEBUG | sivi:base_runner.py:477| eval_elbo | Epoch 3410, ELBO: -0.0638, Std Total: 0.4088, Std Q: nan, CI Half: 0.0358
2026-03-28 22:28:44 | DEBUG | sivi:base_runner.py:507| eval_ksd | Epoch 3410, VI KSD: 0.0101
2026-03-28 22:28:44 | DEBUG | sivi:base_runner.py:337| eval_kl_ite | Epoch 3420, VI KL to baseline: 0.0571
2026-03-28 22:28:45 | DEBUG | sivi:base_reverse_runner.py:261| eval_kl_ite | Epoch 3420, Reverse Model KL ITE: 0.0309
2026-03-28 22:28:45 | DEBUG | sivi:base_runner.py:347| eval_w2 | Epoch 3420, VI W2 to baseline: 0.1488
2026-03-28 22:28:45 | DEBUG | sivi:base_reverse_runner.py:272| eval_w2 | Epoch 3420, Reverse Model W2: 0.0452
2026-03-28 22:28:45 | DEBUG | sivi:base_runner.py:477| eval_elbo | Epoch 3420, ELBO: -0.0482, Std Total: 0.3822, Std Q: nan, CI Half: 0.0335
2026-03-28 22:28:45 | DEBUG | sivi:base_runner.py:507| eval_ksd | Epoch 3420, VI KSD: 0.0115
2026-03-28 22:28:45 | DEBUG | sivi:base_runner.py:337| eval_kl_ite | Epoch 3430, VI KL to baseline: 0.0534
2026-03-28 22:28:45 | DEBUG | sivi:base_reverse_runner.py:261| eval_kl_ite | Epoch 3430, Reverse Model KL ITE: 0.0399
2026-03-28 22:28:45 | DEBUG | sivi:base_runner.py:347| eval_w2 | Epoch 3430, VI W2 to baseline: 0.1550
2026-03-28 22:28:45 | DEBUG | sivi:base_reverse_runner.py:272| eval_w2 | Epoch 3430, Reverse Model W2: 0.0389
2026-03-28 22:28:45 | DEBUG | sivi:base_runner.py:477| eval_elbo | Epoch 3430, ELBO: -0.0327, Std Total: 0.3509, Std Q: nan, CI Half: 0.0308
2026-03-28 22:28:45 | DEBUG | sivi:base_runner.py:507| eval_ksd | Epoch 3430, VI KSD: 0.0055
2026-03-28 22:28:46 | DEBUG | sivi:base_runner.py:337| eval_kl_ite | Epoch 3440, VI KL to baseline: 0.0403
2026-03-28 22:28:46 | DEBUG | sivi:base_reverse_runner.py:261| eval_kl_ite | Epoch 3440, Reverse Model KL ITE: 0.0466
2026-03-28 22:28:46 | DEBUG | sivi:base_runner.py:347| eval_w2 | Epoch 3440, VI W2 to baseline: 0.1483
2026-03-28 22:28:46 | DEBUG | sivi:base_reverse_runner.py:272| eval_w2 | Epoch 3440, Reverse Model W2: 0.0403
2026-03-28 22:28:46 | DEBUG | sivi:base_runner.py:477| eval_elbo | Epoch 3440, ELBO: -0.0642, Std Total: 0.3595, Std Q: nan, CI Half: 0.0315
2026-03-28 22:28:46 | DEBUG | sivi:base_runner.py:507| eval_ksd | Epoch 3440, VI KSD: 0.0090
2026-03-28 22:28:46 | DEBUG | sivi:base_runner.py:337| eval_kl_ite | Epoch 3450, VI KL to baseline: 0.0434
2026-03-28 22:28:46 | DEBUG | sivi:base_reverse_runner.py:261| eval_kl_ite | Epoch 3450, Reverse Model KL ITE: 0.0454
2026-03-28 22:28:46 | DEBUG | sivi:base_runner.py:347| eval_w2 | Epoch 3450, VI W2 to baseline: 0.1339
2026-03-28 22:28:46 | DEBUG | sivi:base_reverse_runner.py:272| eval_w2 | Epoch 3450, Reverse Model W2: 0.0375
2026-03-28 22:28:46 | DEBUG | sivi:base_runner.py:477| eval_elbo | Epoch 3450, ELBO: -0.0238, Std Total: 0.3370, Std Q: nan, CI Half: 0.0295
2026-03-28 22:28:46 | DEBUG | sivi:base_runner.py:507| eval_ksd | Epoch 3450, VI KSD: 0.0081
2026-03-28 22:28:47 | DEBUG | sivi:base_runner.py:337| eval_kl_ite | Epoch 3460, VI KL to baseline: 0.0768
2026-03-28 22:28:47 | DEBUG | sivi:base_reverse_runner.py:261| eval_kl_ite | Epoch 3460, Reverse Model KL ITE: 0.0466
2026-03-28 22:28:47 | DEBUG | sivi:base_runner.py:347| eval_w2 | Epoch 3460, VI W2 to baseline: 0.1451
2026-03-28 22:28:47 | DEBUG | sivi:base_reverse_runner.py:272| eval_w2 | Epoch 3460, Reverse Model W2: 0.0381
2026-03-28 22:28:47 | DEBUG | sivi:base_runner.py:477| eval_elbo | Epoch 3460, ELBO: -0.0338, Std Total: 0.3435, Std Q: nan, CI Half: 0.0301
2026-03-28 22:28:47 | DEBUG | sivi:base_runner.py:507| eval_ksd | Epoch 3460, VI KSD: 0.0076
2026-03-28 22:28:48 | DEBUG | sivi:base_runner.py:337| eval_kl_ite | Epoch 3470, VI KL to baseline: 0.0542
2026-03-28 22:28:48 | DEBUG | sivi:base_reverse_runner.py:261| eval_kl_ite | Epoch 3470, Reverse Model KL ITE: 0.0388
2026-03-28 22:28:48 | DEBUG | sivi:base_runner.py:347| eval_w2 | Epoch 3470, VI W2 to baseline: 0.1347
2026-03-28 22:28:48 | DEBUG | sivi:base_reverse_runner.py:272| eval_w2 | Epoch 3470, Reverse Model W2: 0.0474
2026-03-28 22:28:48 | DEBUG | sivi:base_runner.py:477| eval_elbo | Epoch 3470, ELBO: -0.0586, Std Total: 0.3583, Std Q: nan, CI Half: 0.0314
2026-03-28 22:28:48 | DEBUG | sivi:base_runner.py:507| eval_ksd | Epoch 3470, VI KSD: 0.0073
2026-03-28 22:28:48 | DEBUG | sivi:base_runner.py:337| eval_kl_ite | Epoch 3480, VI KL to baseline: 0.0559
2026-03-28 22:28:48 | DEBUG | sivi:base_reverse_runner.py:261| eval_kl_ite | Epoch 3480, Reverse Model KL ITE: 0.0389
2026-03-28 22:28:48 | DEBUG | sivi:base_runner.py:347| eval_w2 | Epoch 3480, VI W2 to baseline: 0.1556
2026-03-28 22:28:48 | DEBUG | sivi:base_reverse_runner.py:272| eval_w2 | Epoch 3480, Reverse Model W2: 0.0579
2026-03-28 22:28:48 | DEBUG | sivi:base_runner.py:477| eval_elbo | Epoch 3480, ELBO: -0.0537, Std Total: 0.3584, Std Q: nan, CI Half: 0.0314
2026-03-28 22:28:48 | DEBUG | sivi:base_runner.py:507| eval_ksd | Epoch 3480, VI KSD: 0.0067
2026-03-28 22:28:49 | DEBUG | sivi:base_runner.py:337| eval_kl_ite | Epoch 3490, VI KL to baseline: 0.0608
2026-03-28 22:28:49 | DEBUG | sivi:base_reverse_runner.py:261| eval_kl_ite | Epoch 3490, Reverse Model KL ITE: 0.0276
2026-03-28 22:28:49 | DEBUG | sivi:base_runner.py:347| eval_w2 | Epoch 3490, VI W2 to baseline: 0.1466
2026-03-28 22:28:49 | DEBUG | sivi:base_reverse_runner.py:272| eval_w2 | Epoch 3490, Reverse Model W2: 0.0475
2026-03-28 22:28:49 | DEBUG | sivi:base_runner.py:477| eval_elbo | Epoch 3490, ELBO: -0.0645, Std Total: 0.3787, Std Q: nan, CI Half: 0.0332
2026-03-28 22:28:49 | DEBUG | sivi:base_runner.py:507| eval_ksd | Epoch 3490, VI KSD: 0.0065
2026-03-28 22:28:49 | DEBUG | sivi:base_runner.py:874| learn | Epoch 3500: Avg Loss: 0.0006, Avg Epoch Time: 0.0610s
2026-03-28 22:28:49 | DEBUG | sivi:base_reverse_runner.py:183| _training_rev_log_func | Epoch 3500, Inner epoch 1, Reverse Model Loss: 4.9547, Avg Steps: 1.0000
2026-03-28 22:28:49 | DEBUG | sivi:base_runner.py:588| save_samples | Saved 100000 samples at epoch 3500.
2026-03-28 22:28:49 | DEBUG | sivi:base_runner.py:337| eval_kl_ite | Epoch 3500, VI KL to baseline: 0.0419
2026-03-28 22:28:49 | DEBUG | sivi:base_reverse_runner.py:261| eval_kl_ite | Epoch 3500, Reverse Model KL ITE: 0.0225
2026-03-28 22:28:49 | DEBUG | sivi:base_runner.py:347| eval_w2 | Epoch 3500, VI W2 to baseline: 0.1340
2026-03-28 22:28:50 | DEBUG | sivi:base_reverse_runner.py:272| eval_w2 | Epoch 3500, Reverse Model W2: 0.0450
2026-03-28 22:28:50 | DEBUG | sivi:base_runner.py:477| eval_elbo | Epoch 3500, ELBO: -0.0559, Std Total: 0.3511, Std Q: nan, CI Half: 0.0308
2026-03-28 22:28:50 | DEBUG | sivi:base_runner.py:507| eval_ksd | Epoch 3500, VI KSD: 0.0098
2026-03-28 22:28:50 | DEBUG | sivi:base_runner.py:970| learn | Saved contour plot at epoch 3500.
2026-03-28 22:28:50 | DEBUG | sivi:base_runner.py:337| eval_kl_ite | Epoch 3510, VI KL to baseline: 0.0461
2026-03-28 22:28:50 | DEBUG | sivi:base_reverse_runner.py:261| eval_kl_ite | Epoch 3510, Reverse Model KL ITE: 0.0224
2026-03-28 22:28:50 | DEBUG | sivi:base_runner.py:347| eval_w2 | Epoch 3510, VI W2 to baseline: 0.1467
2026-03-28 22:28:50 | DEBUG | sivi:base_reverse_runner.py:272| eval_w2 | Epoch 3510, Reverse Model W2: 0.0382
2026-03-28 22:28:50 | DEBUG | sivi:base_runner.py:477| eval_elbo | Epoch 3510, ELBO: -0.0400, Std Total: 0.3486, Std Q: nan, CI Half: 0.0306
2026-03-28 22:28:50 | DEBUG | sivi:base_runner.py:507| eval_ksd | Epoch 3510, VI KSD: 0.0059
2026-03-28 22:28:51 | DEBUG | sivi:base_runner.py:337| eval_kl_ite | Epoch 3520, VI KL to baseline: 0.0515
2026-03-28 22:28:51 | DEBUG | sivi:base_reverse_runner.py:261| eval_kl_ite | Epoch 3520, Reverse Model KL ITE: 0.0623
2026-03-28 22:28:51 | DEBUG | sivi:base_runner.py:347| eval_w2 | Epoch 3520, VI W2 to baseline: 0.1408
2026-03-28 22:28:51 | DEBUG | sivi:base_reverse_runner.py:272| eval_w2 | Epoch 3520, Reverse Model W2: 0.0409
2026-03-28 22:28:51 | DEBUG | sivi:base_runner.py:477| eval_elbo | Epoch 3520, ELBO: -0.0345, Std Total: 0.3404, Std Q: nan, CI Half: 0.0298
2026-03-28 22:28:51 | DEBUG | sivi:base_runner.py:507| eval_ksd | Epoch 3520, VI KSD: 0.0069
2026-03-28 22:28:51 | DEBUG | sivi:base_runner.py:337| eval_kl_ite | Epoch 3530, VI KL to baseline: 0.0375
2026-03-28 22:28:51 | DEBUG | sivi:base_reverse_runner.py:261| eval_kl_ite | Epoch 3530, Reverse Model KL ITE: 0.0403
2026-03-28 22:28:51 | DEBUG | sivi:base_runner.py:347| eval_w2 | Epoch 3530, VI W2 to baseline: 0.1388
2026-03-28 22:28:51 | DEBUG | sivi:base_reverse_runner.py:272| eval_w2 | Epoch 3530, Reverse Model W2: 0.0363
2026-03-28 22:28:51 | DEBUG | sivi:base_runner.py:477| eval_elbo | Epoch 3530, ELBO: -0.0330, Std Total: 0.3228, Std Q: nan, CI Half: 0.0283
2026-03-28 22:28:51 | DEBUG | sivi:base_runner.py:507| eval_ksd | Epoch 3530, VI KSD: 0.0058
2026-03-28 22:28:52 | DEBUG | sivi:base_runner.py:337| eval_kl_ite | Epoch 3540, VI KL to baseline: 0.0522
2026-03-28 22:28:52 | DEBUG | sivi:base_reverse_runner.py:261| eval_kl_ite | Epoch 3540, Reverse Model KL ITE: 0.0314
2026-03-28 22:28:52 | DEBUG | sivi:base_runner.py:347| eval_w2 | Epoch 3540, VI W2 to baseline: 0.1346
2026-03-28 22:28:52 | DEBUG | sivi:base_reverse_runner.py:272| eval_w2 | Epoch 3540, Reverse Model W2: 0.0355
2026-03-28 22:28:52 | DEBUG | sivi:base_runner.py:477| eval_elbo | Epoch 3540, ELBO: -0.0446, Std Total: 0.3346, Std Q: nan, CI Half: 0.0293
2026-03-28 22:28:52 | DEBUG | sivi:base_runner.py:507| eval_ksd | Epoch 3540, VI KSD: 0.0061
2026-03-28 22:28:52 | DEBUG | sivi:base_runner.py:337| eval_kl_ite | Epoch 3550, VI KL to baseline: 0.0630
2026-03-28 22:28:52 | DEBUG | sivi:base_reverse_runner.py:261| eval_kl_ite | Epoch 3550, Reverse Model KL ITE: 0.0435
2026-03-28 22:28:52 | DEBUG | sivi:base_runner.py:347| eval_w2 | Epoch 3550, VI W2 to baseline: 0.1490
2026-03-28 22:28:53 | DEBUG | sivi:base_reverse_runner.py:272| eval_w2 | Epoch 3550, Reverse Model W2: 0.0366
2026-03-28 22:28:53 | DEBUG | sivi:base_runner.py:477| eval_elbo | Epoch 3550, ELBO: -0.0494, Std Total: 0.3288, Std Q: nan, CI Half: 0.0288
2026-03-28 22:28:53 | DEBUG | sivi:base_runner.py:507| eval_ksd | Epoch 3550, VI KSD: 0.0078
2026-03-28 22:28:53 | DEBUG | sivi:base_runner.py:337| eval_kl_ite | Epoch 3560, VI KL to baseline: 0.0443
2026-03-28 22:28:53 | DEBUG | sivi:base_reverse_runner.py:261| eval_kl_ite | Epoch 3560, Reverse Model KL ITE: 0.0419
2026-03-28 22:28:53 | DEBUG | sivi:base_runner.py:347| eval_w2 | Epoch 3560, VI W2 to baseline: 0.1185
2026-03-28 22:28:53 | DEBUG | sivi:base_reverse_runner.py:272| eval_w2 | Epoch 3560, Reverse Model W2: 0.0426
2026-03-28 22:28:53 | DEBUG | sivi:base_runner.py:477| eval_elbo | Epoch 3560, ELBO: -0.0528, Std Total: 0.3210, Std Q: nan, CI Half: 0.0281
2026-03-28 22:28:53 | DEBUG | sivi:base_runner.py:507| eval_ksd | Epoch 3560, VI KSD: 0.0038
2026-03-28 22:28:54 | DEBUG | sivi:base_runner.py:337| eval_kl_ite | Epoch 3570, VI KL to baseline: 0.0493
2026-03-28 22:28:54 | DEBUG | sivi:base_reverse_runner.py:261| eval_kl_ite | Epoch 3570, Reverse Model KL ITE: 0.0349
2026-03-28 22:28:54 | DEBUG | sivi:base_runner.py:347| eval_w2 | Epoch 3570, VI W2 to baseline: 0.1266
2026-03-28 22:28:54 | DEBUG | sivi:base_reverse_runner.py:272| eval_w2 | Epoch 3570, Reverse Model W2: 0.0375
2026-03-28 22:28:54 | DEBUG | sivi:base_runner.py:477| eval_elbo | Epoch 3570, ELBO: -0.0612, Std Total: 0.3979, Std Q: nan, CI Half: 0.0349
2026-03-28 22:28:54 | DEBUG | sivi:base_runner.py:507| eval_ksd | Epoch 3570, VI KSD: 0.0055
2026-03-28 22:28:54 | DEBUG | sivi:base_runner.py:337| eval_kl_ite | Epoch 3580, VI KL to baseline: 0.0337
2026-03-28 22:28:54 | DEBUG | sivi:base_reverse_runner.py:261| eval_kl_ite | Epoch 3580, Reverse Model KL ITE: 0.0360
2026-03-28 22:28:54 | DEBUG | sivi:base_runner.py:347| eval_w2 | Epoch 3580, VI W2 to baseline: 0.1366
2026-03-28 22:28:54 | DEBUG | sivi:base_reverse_runner.py:272| eval_w2 | Epoch 3580, Reverse Model W2: 0.0491
2026-03-28 22:28:54 | DEBUG | sivi:base_runner.py:477| eval_elbo | Epoch 3580, ELBO: -0.0206, Std Total: 0.2893, Std Q: nan, CI Half: 0.0254
2026-03-28 22:28:54 | DEBUG | sivi:base_runner.py:507| eval_ksd | Epoch 3580, VI KSD: 0.0089
2026-03-28 22:28:55 | DEBUG | sivi:base_runner.py:337| eval_kl_ite | Epoch 3590, VI KL to baseline: 0.0445
2026-03-28 22:28:55 | DEBUG | sivi:base_reverse_runner.py:261| eval_kl_ite | Epoch 3590, Reverse Model KL ITE: 0.0556
2026-03-28 22:28:55 | DEBUG | sivi:base_runner.py:347| eval_w2 | Epoch 3590, VI W2 to baseline: 0.1426
2026-03-28 22:28:55 | DEBUG | sivi:base_reverse_runner.py:272| eval_w2 | Epoch 3590, Reverse Model W2: 0.0359
2026-03-28 22:28:55 | DEBUG | sivi:base_runner.py:477| eval_elbo | Epoch 3590, ELBO: -0.0535, Std Total: 0.3395, Std Q: nan, CI Half: 0.0298
2026-03-28 22:28:55 | DEBUG | sivi:base_runner.py:507| eval_ksd | Epoch 3590, VI KSD: 0.0082
2026-03-28 22:28:55 | DEBUG | sivi:base_runner.py:874| learn | Epoch 3600: Avg Loss: 0.0030, Avg Epoch Time: 0.0596s
2026-03-28 22:28:55 | DEBUG | sivi:base_runner.py:337| eval_kl_ite | Epoch 3600, VI KL to baseline: 0.0487
2026-03-28 22:28:55 | DEBUG | sivi:base_reverse_runner.py:261| eval_kl_ite | Epoch 3600, Reverse Model KL ITE: 0.0351
2026-03-28 22:28:55 | DEBUG | sivi:base_runner.py:347| eval_w2 | Epoch 3600, VI W2 to baseline: 0.1270
2026-03-28 22:28:55 | DEBUG | sivi:base_reverse_runner.py:272| eval_w2 | Epoch 3600, Reverse Model W2: 0.0406
2026-03-28 22:28:55 | DEBUG | sivi:base_runner.py:477| eval_elbo | Epoch 3600, ELBO: -0.0441, Std Total: 0.3423, Std Q: nan, CI Half: 0.0300
2026-03-28 22:28:55 | DEBUG | sivi:base_runner.py:507| eval_ksd | Epoch 3600, VI KSD: 0.0068
2026-03-28 22:28:56 | DEBUG | sivi:base_runner.py:337| eval_kl_ite | Epoch 3610, VI KL to baseline: 0.0464
2026-03-28 22:28:56 | DEBUG | sivi:base_reverse_runner.py:261| eval_kl_ite | Epoch 3610, Reverse Model KL ITE: 0.0229
2026-03-28 22:28:56 | DEBUG | sivi:base_runner.py:347| eval_w2 | Epoch 3610, VI W2 to baseline: 0.1318
2026-03-28 22:28:56 | DEBUG | sivi:base_reverse_runner.py:272| eval_w2 | Epoch 3610, Reverse Model W2: 0.0393
2026-03-28 22:28:56 | DEBUG | sivi:base_runner.py:477| eval_elbo | Epoch 3610, ELBO: -0.0535, Std Total: 0.3417, Std Q: nan, CI Half: 0.0300
2026-03-28 22:28:56 | DEBUG | sivi:base_runner.py:507| eval_ksd | Epoch 3610, VI KSD: 0.0054
2026-03-28 22:28:57 | DEBUG | sivi:base_runner.py:337| eval_kl_ite | Epoch 3620, VI KL to baseline: 0.0508
2026-03-28 22:28:57 | DEBUG | sivi:base_reverse_runner.py:261| eval_kl_ite | Epoch 3620, Reverse Model KL ITE: 0.0396
2026-03-28 22:28:57 | DEBUG | sivi:base_runner.py:347| eval_w2 | Epoch 3620, VI W2 to baseline: 0.1365
2026-03-28 22:28:57 | DEBUG | sivi:base_reverse_runner.py:272| eval_w2 | Epoch 3620, Reverse Model W2: 0.0361
2026-03-28 22:28:57 | DEBUG | sivi:base_runner.py:477| eval_elbo | Epoch 3620, ELBO: -0.0345, Std Total: 0.3247, Std Q: nan, CI Half: 0.0285
2026-03-28 22:28:57 | DEBUG | sivi:base_runner.py:507| eval_ksd | Epoch 3620, VI KSD: 0.0092
2026-03-28 22:28:57 | DEBUG | sivi:base_runner.py:337| eval_kl_ite | Epoch 3630, VI KL to baseline: 0.0382
2026-03-28 22:28:57 | DEBUG | sivi:base_reverse_runner.py:261| eval_kl_ite | Epoch 3630, Reverse Model KL ITE: 0.0161
2026-03-28 22:28:57 | DEBUG | sivi:base_runner.py:347| eval_w2 | Epoch 3630, VI W2 to baseline: 0.1289
2026-03-28 22:28:57 | DEBUG | sivi:base_reverse_runner.py:272| eval_w2 | Epoch 3630, Reverse Model W2: 0.0366
2026-03-28 22:28:57 | DEBUG | sivi:base_runner.py:477| eval_elbo | Epoch 3630, ELBO: -0.0113, Std Total: 0.2912, Std Q: nan, CI Half: 0.0255
2026-03-28 22:28:57 | DEBUG | sivi:base_runner.py:507| eval_ksd | Epoch 3630, VI KSD: 0.0040
2026-03-28 22:28:58 | DEBUG | sivi:base_runner.py:337| eval_kl_ite | Epoch 3640, VI KL to baseline: 0.0202
2026-03-28 22:28:58 | DEBUG | sivi:base_reverse_runner.py:261| eval_kl_ite | Epoch 3640, Reverse Model KL ITE: 0.0308
2026-03-28 22:28:58 | DEBUG | sivi:base_runner.py:347| eval_w2 | Epoch 3640, VI W2 to baseline: 0.1195
2026-03-28 22:28:58 | DEBUG | sivi:base_reverse_runner.py:272| eval_w2 | Epoch 3640, Reverse Model W2: 0.0412
2026-03-28 22:28:58 | DEBUG | sivi:base_runner.py:477| eval_elbo | Epoch 3640, ELBO: -0.0144, Std Total: 0.2791, Std Q: nan, CI Half: 0.0245
2026-03-28 22:28:58 | DEBUG | sivi:base_runner.py:507| eval_ksd | Epoch 3640, VI KSD: 0.0056
2026-03-28 22:28:58 | DEBUG | sivi:base_runner.py:337| eval_kl_ite | Epoch 3650, VI KL to baseline: 0.0148
2026-03-28 22:28:58 | DEBUG | sivi:base_reverse_runner.py:261| eval_kl_ite | Epoch 3650, Reverse Model KL ITE: 0.0637
2026-03-28 22:28:58 | DEBUG | sivi:base_runner.py:347| eval_w2 | Epoch 3650, VI W2 to baseline: 0.1386
2026-03-28 22:28:58 | DEBUG | sivi:base_reverse_runner.py:272| eval_w2 | Epoch 3650, Reverse Model W2: 0.0376
2026-03-28 22:28:58 | DEBUG | sivi:base_runner.py:477| eval_elbo | Epoch 3650, ELBO: -0.0482, Std Total: 0.2986, Std Q: nan, CI Half: 0.0262
2026-03-28 22:28:58 | DEBUG | sivi:base_runner.py:507| eval_ksd | Epoch 3650, VI KSD: 0.0047
2026-03-28 22:28:59 | DEBUG | sivi:base_runner.py:337| eval_kl_ite | Epoch 3660, VI KL to baseline: 0.0366
2026-03-28 22:28:59 | DEBUG | sivi:base_reverse_runner.py:261| eval_kl_ite | Epoch 3660, Reverse Model KL ITE: 0.0411
2026-03-28 22:28:59 | DEBUG | sivi:base_runner.py:347| eval_w2 | Epoch 3660, VI W2 to baseline: 0.1250
2026-03-28 22:28:59 | DEBUG | sivi:base_reverse_runner.py:272| eval_w2 | Epoch 3660, Reverse Model W2: 0.0381
2026-03-28 22:28:59 | DEBUG | sivi:base_runner.py:477| eval_elbo | Epoch 3660, ELBO: -0.0422, Std Total: 0.3096, Std Q: nan, CI Half: 0.0271
2026-03-28 22:28:59 | DEBUG | sivi:base_runner.py:507| eval_ksd | Epoch 3660, VI KSD: 0.0052
2026-03-28 22:29:00 | DEBUG | sivi:base_runner.py:337| eval_kl_ite | Epoch 3670, VI KL to baseline: 0.0399
2026-03-28 22:29:00 | DEBUG | sivi:base_reverse_runner.py:261| eval_kl_ite | Epoch 3670, Reverse Model KL ITE: 0.0397
2026-03-28 22:29:00 | DEBUG | sivi:base_runner.py:347| eval_w2 | Epoch 3670, VI W2 to baseline: 0.1231
2026-03-28 22:29:00 | DEBUG | sivi:base_reverse_runner.py:272| eval_w2 | Epoch 3670, Reverse Model W2: 0.0416
2026-03-28 22:29:00 | DEBUG | sivi:base_runner.py:477| eval_elbo | Epoch 3670, ELBO: -0.0179, Std Total: 0.2961, Std Q: nan, CI Half: 0.0260
2026-03-28 22:29:00 | DEBUG | sivi:base_runner.py:507| eval_ksd | Epoch 3670, VI KSD: 0.0069
2026-03-28 22:29:00 | DEBUG | sivi:base_runner.py:337| eval_kl_ite | Epoch 3680, VI KL to baseline: 0.0239
2026-03-28 22:29:00 | DEBUG | sivi:base_reverse_runner.py:261| eval_kl_ite | Epoch 3680, Reverse Model KL ITE: 0.0214
2026-03-28 22:29:00 | DEBUG | sivi:base_runner.py:347| eval_w2 | Epoch 3680, VI W2 to baseline: 0.1346
2026-03-28 22:29:00 | DEBUG | sivi:base_reverse_runner.py:272| eval_w2 | Epoch 3680, Reverse Model W2: 0.0409
2026-03-28 22:29:00 | DEBUG | sivi:base_runner.py:477| eval_elbo | Epoch 3680, ELBO: -0.0454, Std Total: 0.3003, Std Q: nan, CI Half: 0.0263
2026-03-28 22:29:00 | DEBUG | sivi:base_runner.py:507| eval_ksd | Epoch 3680, VI KSD: 0.0069
2026-03-28 22:29:01 | DEBUG | sivi:base_runner.py:337| eval_kl_ite | Epoch 3690, VI KL to baseline: 0.0158
2026-03-28 22:29:01 | DEBUG | sivi:base_reverse_runner.py:261| eval_kl_ite | Epoch 3690, Reverse Model KL ITE: 0.0192
2026-03-28 22:29:01 | DEBUG | sivi:base_runner.py:347| eval_w2 | Epoch 3690, VI W2 to baseline: 0.1200
2026-03-28 22:29:01 | DEBUG | sivi:base_reverse_runner.py:272| eval_w2 | Epoch 3690, Reverse Model W2: 0.0364
2026-03-28 22:29:01 | DEBUG | sivi:base_runner.py:477| eval_elbo | Epoch 3690, ELBO: -0.0546, Std Total: 0.3118, Std Q: nan, CI Half: 0.0273
2026-03-28 22:29:01 | DEBUG | sivi:base_runner.py:507| eval_ksd | Epoch 3690, VI KSD: 0.0057
2026-03-28 22:29:01 | DEBUG | sivi:base_runner.py:874| learn | Epoch 3700: Avg Loss: 0.0031, Avg Epoch Time: 0.0596s
2026-03-28 22:29:01 | DEBUG | sivi:base_runner.py:337| eval_kl_ite | Epoch 3700, VI KL to baseline: 0.0270
2026-03-28 22:29:01 | DEBUG | sivi:base_reverse_runner.py:261| eval_kl_ite | Epoch 3700, Reverse Model KL ITE: 0.0467
2026-03-28 22:29:01 | DEBUG | sivi:base_runner.py:347| eval_w2 | Epoch 3700, VI W2 to baseline: 0.1245
2026-03-28 22:29:01 | DEBUG | sivi:base_reverse_runner.py:272| eval_w2 | Epoch 3700, Reverse Model W2: 0.0368
2026-03-28 22:29:01 | DEBUG | sivi:base_runner.py:477| eval_elbo | Epoch 3700, ELBO: -0.0216, Std Total: 0.2991, Std Q: nan, CI Half: 0.0262
2026-03-28 22:29:01 | DEBUG | sivi:base_runner.py:507| eval_ksd | Epoch 3700, VI KSD: 0.0051
2026-03-28 22:29:02 | DEBUG | sivi:base_runner.py:337| eval_kl_ite | Epoch 3710, VI KL to baseline: 0.0324
2026-03-28 22:29:02 | DEBUG | sivi:base_reverse_runner.py:261| eval_kl_ite | Epoch 3710, Reverse Model KL ITE: 0.0294
2026-03-28 22:29:02 | DEBUG | sivi:base_runner.py:347| eval_w2 | Epoch 3710, VI W2 to baseline: 0.1299
2026-03-28 22:29:02 | DEBUG | sivi:base_reverse_runner.py:272| eval_w2 | Epoch 3710, Reverse Model W2: 0.0381
2026-03-28 22:29:02 | DEBUG | sivi:base_runner.py:477| eval_elbo | Epoch 3710, ELBO: -0.0332, Std Total: 0.3035, Std Q: nan, CI Half: 0.0266
2026-03-28 22:29:02 | DEBUG | sivi:base_runner.py:507| eval_ksd | Epoch 3710, VI KSD: 0.0072
2026-03-28 22:29:02 | DEBUG | sivi:base_runner.py:337| eval_kl_ite | Epoch 3720, VI KL to baseline: 0.0381
2026-03-28 22:29:02 | DEBUG | sivi:base_reverse_runner.py:261| eval_kl_ite | Epoch 3720, Reverse Model KL ITE: 0.0357
2026-03-28 22:29:02 | DEBUG | sivi:base_runner.py:347| eval_w2 | Epoch 3720, VI W2 to baseline: 0.1168
2026-03-28 22:29:02 | DEBUG | sivi:base_reverse_runner.py:272| eval_w2 | Epoch 3720, Reverse Model W2: 0.0402
2026-03-28 22:29:02 | DEBUG | sivi:base_runner.py:477| eval_elbo | Epoch 3720, ELBO: -0.0196, Std Total: 0.2587, Std Q: nan, CI Half: 0.0227
2026-03-28 22:29:02 | DEBUG | sivi:base_runner.py:507| eval_ksd | Epoch 3720, VI KSD: 0.0045
2026-03-28 22:29:03 | DEBUG | sivi:base_runner.py:337| eval_kl_ite | Epoch 3730, VI KL to baseline: 0.0301
2026-03-28 22:29:03 | DEBUG | sivi:base_reverse_runner.py:261| eval_kl_ite | Epoch 3730, Reverse Model KL ITE: 0.0376
2026-03-28 22:29:03 | DEBUG | sivi:base_runner.py:347| eval_w2 | Epoch 3730, VI W2 to baseline: 0.1049
2026-03-28 22:29:03 | DEBUG | sivi:base_reverse_runner.py:272| eval_w2 | Epoch 3730, Reverse Model W2: 0.0521
2026-03-28 22:29:03 | DEBUG | sivi:base_runner.py:477| eval_elbo | Epoch 3730, ELBO: -0.0316, Std Total: 0.3038, Std Q: nan, CI Half: 0.0266
2026-03-28 22:29:03 | DEBUG | sivi:base_runner.py:507| eval_ksd | Epoch 3730, VI KSD: 0.0055
2026-03-28 22:29:03 | DEBUG | sivi:base_runner.py:337| eval_kl_ite | Epoch 3740, VI KL to baseline: 0.0430
2026-03-28 22:29:04 | DEBUG | sivi:base_reverse_runner.py:261| eval_kl_ite | Epoch 3740, Reverse Model KL ITE: 0.0533
2026-03-28 22:29:04 | DEBUG | sivi:base_runner.py:347| eval_w2 | Epoch 3740, VI W2 to baseline: 0.1339
2026-03-28 22:29:04 | DEBUG | sivi:base_reverse_runner.py:272| eval_w2 | Epoch 3740, Reverse Model W2: 0.0385
2026-03-28 22:29:04 | DEBUG | sivi:base_runner.py:477| eval_elbo | Epoch 3740, ELBO: -0.0147, Std Total: 0.2901, Std Q: nan, CI Half: 0.0254
2026-03-28 22:29:04 | DEBUG | sivi:base_runner.py:507| eval_ksd | Epoch 3740, VI KSD: 0.0058
2026-03-28 22:29:04 | DEBUG | sivi:base_runner.py:337| eval_kl_ite | Epoch 3750, VI KL to baseline: 0.0523
2026-03-28 22:29:04 | DEBUG | sivi:base_reverse_runner.py:261| eval_kl_ite | Epoch 3750, Reverse Model KL ITE: 0.0604
2026-03-28 22:29:04 | DEBUG | sivi:base_runner.py:347| eval_w2 | Epoch 3750, VI W2 to baseline: 0.1141
2026-03-28 22:29:04 | DEBUG | sivi:base_reverse_runner.py:272| eval_w2 | Epoch 3750, Reverse Model W2: 0.0407
2026-03-28 22:29:04 | DEBUG | sivi:base_runner.py:477| eval_elbo | Epoch 3750, ELBO: 0.0125, Std Total: 0.2317, Std Q: nan, CI Half: 0.0203
2026-03-28 22:29:04 | DEBUG | sivi:base_runner.py:507| eval_ksd | Epoch 3750, VI KSD: 0.0031
2026-03-28 22:29:05 | DEBUG | sivi:base_runner.py:337| eval_kl_ite | Epoch 3760, VI KL to baseline: 0.0580
2026-03-28 22:29:05 | DEBUG | sivi:base_reverse_runner.py:261| eval_kl_ite | Epoch 3760, Reverse Model KL ITE: 0.0259
2026-03-28 22:29:05 | DEBUG | sivi:base_runner.py:347| eval_w2 | Epoch 3760, VI W2 to baseline: 0.1039
2026-03-28 22:29:05 | DEBUG | sivi:base_reverse_runner.py:272| eval_w2 | Epoch 3760, Reverse Model W2: 0.0415
2026-03-28 22:29:05 | DEBUG | sivi:base_runner.py:477| eval_elbo | Epoch 3760, ELBO: -0.0191, Std Total: 0.2731, Std Q: nan, CI Half: 0.0239
2026-03-28 22:29:05 | DEBUG | sivi:base_runner.py:507| eval_ksd | Epoch 3760, VI KSD: 0.0036
2026-03-28 22:29:05 | DEBUG | sivi:base_runner.py:337| eval_kl_ite | Epoch 3770, VI KL to baseline: 0.0354
2026-03-28 22:29:05 | DEBUG | sivi:base_reverse_runner.py:261| eval_kl_ite | Epoch 3770, Reverse Model KL ITE: 0.0592
2026-03-28 22:29:05 | DEBUG | sivi:base_runner.py:347| eval_w2 | Epoch 3770, VI W2 to baseline: 0.1158
2026-03-28 22:29:05 | DEBUG | sivi:base_reverse_runner.py:272| eval_w2 | Epoch 3770, Reverse Model W2: 0.0443
2026-03-28 22:29:05 | DEBUG | sivi:base_runner.py:477| eval_elbo | Epoch 3770, ELBO: -0.0163, Std Total: 0.2329, Std Q: nan, CI Half: 0.0204
2026-03-28 22:29:05 | DEBUG | sivi:base_runner.py:507| eval_ksd | Epoch 3770, VI KSD: 0.0037
2026-03-28 22:29:06 | DEBUG | sivi:base_runner.py:337| eval_kl_ite | Epoch 3780, VI KL to baseline: 0.0361
2026-03-28 22:29:06 | DEBUG | sivi:base_reverse_runner.py:261| eval_kl_ite | Epoch 3780, Reverse Model KL ITE: 0.0626
2026-03-28 22:29:06 | DEBUG | sivi:base_runner.py:347| eval_w2 | Epoch 3780, VI W2 to baseline: 0.1223
2026-03-28 22:29:06 | DEBUG | sivi:base_reverse_runner.py:272| eval_w2 | Epoch 3780, Reverse Model W2: 0.0447
2026-03-28 22:29:06 | DEBUG | sivi:base_runner.py:477| eval_elbo | Epoch 3780, ELBO: -0.0225, Std Total: 0.2384, Std Q: nan, CI Half: 0.0209
2026-03-28 22:29:06 | DEBUG | sivi:base_runner.py:507| eval_ksd | Epoch 3780, VI KSD: 0.0031
2026-03-28 22:29:06 | DEBUG | sivi:base_runner.py:337| eval_kl_ite | Epoch 3790, VI KL to baseline: 0.0230
2026-03-28 22:29:07 | DEBUG | sivi:base_reverse_runner.py:261| eval_kl_ite | Epoch 3790, Reverse Model KL ITE: 0.0441
2026-03-28 22:29:07 | DEBUG | sivi:base_runner.py:347| eval_w2 | Epoch 3790, VI W2 to baseline: 0.0957
2026-03-28 22:29:07 | DEBUG | sivi:base_reverse_runner.py:272| eval_w2 | Epoch 3790, Reverse Model W2: 0.0412
2026-03-28 22:29:07 | DEBUG | sivi:base_runner.py:477| eval_elbo | Epoch 3790, ELBO: -0.0317, Std Total: 0.2926, Std Q: nan, CI Half: 0.0256
2026-03-28 22:29:07 | DEBUG | sivi:base_runner.py:507| eval_ksd | Epoch 3790, VI KSD: 0.0040
2026-03-28 22:29:07 | DEBUG | sivi:base_runner.py:874| learn | Epoch 3800: Avg Loss: -0.0003, Avg Epoch Time: 0.0583s
2026-03-28 22:29:07 | DEBUG | sivi:base_runner.py:337| eval_kl_ite | Epoch 3800, VI KL to baseline: 0.0197
2026-03-28 22:29:07 | DEBUG | sivi:base_reverse_runner.py:261| eval_kl_ite | Epoch 3800, Reverse Model KL ITE: 0.0479
2026-03-28 22:29:07 | DEBUG | sivi:base_runner.py:347| eval_w2 | Epoch 3800, VI W2 to baseline: 0.1093
2026-03-28 22:29:07 | DEBUG | sivi:base_reverse_runner.py:272| eval_w2 | Epoch 3800, Reverse Model W2: 0.0368
2026-03-28 22:29:07 | DEBUG | sivi:base_runner.py:477| eval_elbo | Epoch 3800, ELBO: -0.0380, Std Total: 0.3104, Std Q: nan, CI Half: 0.0272
2026-03-28 22:29:07 | DEBUG | sivi:base_runner.py:507| eval_ksd | Epoch 3800, VI KSD: 0.0044
2026-03-28 22:29:08 | DEBUG | sivi:base_runner.py:337| eval_kl_ite | Epoch 3810, VI KL to baseline: 0.0261
2026-03-28 22:29:08 | DEBUG | sivi:base_reverse_runner.py:261| eval_kl_ite | Epoch 3810, Reverse Model KL ITE: 0.0321
2026-03-28 22:29:08 | DEBUG | sivi:base_runner.py:347| eval_w2 | Epoch 3810, VI W2 to baseline: 0.1173
2026-03-28 22:29:08 | DEBUG | sivi:base_reverse_runner.py:272| eval_w2 | Epoch 3810, Reverse Model W2: 0.0483
2026-03-28 22:29:08 | DEBUG | sivi:base_runner.py:477| eval_elbo | Epoch 3810, ELBO: -0.0373, Std Total: 0.3273, Std Q: nan, CI Half: 0.0287
2026-03-28 22:29:08 | DEBUG | sivi:base_runner.py:507| eval_ksd | Epoch 3810, VI KSD: 0.0081
2026-03-28 22:29:08 | DEBUG | sivi:base_runner.py:337| eval_kl_ite | Epoch 3820, VI KL to baseline: 0.0498
2026-03-28 22:29:09 | DEBUG | sivi:base_reverse_runner.py:261| eval_kl_ite | Epoch 3820, Reverse Model KL ITE: 0.0450
2026-03-28 22:29:09 | DEBUG | sivi:base_runner.py:347| eval_w2 | Epoch 3820, VI W2 to baseline: 0.1138
2026-03-28 22:29:09 | DEBUG | sivi:base_reverse_runner.py:272| eval_w2 | Epoch 3820, Reverse Model W2: 0.0426
2026-03-28 22:29:09 | DEBUG | sivi:base_runner.py:477| eval_elbo | Epoch 3820, ELBO: -0.0464, Std Total: 0.2924, Std Q: nan, CI Half: 0.0256
2026-03-28 22:29:09 | DEBUG | sivi:base_runner.py:507| eval_ksd | Epoch 3820, VI KSD: 0.0046
2026-03-28 22:29:09 | DEBUG | sivi:base_runner.py:337| eval_kl_ite | Epoch 3830, VI KL to baseline: 0.0302
2026-03-28 22:29:09 | DEBUG | sivi:base_reverse_runner.py:261| eval_kl_ite | Epoch 3830, Reverse Model KL ITE: 0.0376
2026-03-28 22:29:09 | DEBUG | sivi:base_runner.py:347| eval_w2 | Epoch 3830, VI W2 to baseline: 0.1056
2026-03-28 22:29:09 | DEBUG | sivi:base_reverse_runner.py:272| eval_w2 | Epoch 3830, Reverse Model W2: 0.0462
2026-03-28 22:29:09 | DEBUG | sivi:base_runner.py:477| eval_elbo | Epoch 3830, ELBO: -0.0158, Std Total: 0.2663, Std Q: nan, CI Half: 0.0233
2026-03-28 22:29:09 | DEBUG | sivi:base_runner.py:507| eval_ksd | Epoch 3830, VI KSD: 0.0044
2026-03-28 22:29:10 | DEBUG | sivi:base_runner.py:337| eval_kl_ite | Epoch 3840, VI KL to baseline: 0.0337
2026-03-28 22:29:10 | DEBUG | sivi:base_reverse_runner.py:261| eval_kl_ite | Epoch 3840, Reverse Model KL ITE: 0.0397
2026-03-28 22:29:10 | DEBUG | sivi:base_runner.py:347| eval_w2 | Epoch 3840, VI W2 to baseline: 0.1096
2026-03-28 22:29:10 | DEBUG | sivi:base_reverse_runner.py:272| eval_w2 | Epoch 3840, Reverse Model W2: 0.0392
2026-03-28 22:29:10 | DEBUG | sivi:base_runner.py:477| eval_elbo | Epoch 3840, ELBO: -0.0386, Std Total: 0.2909, Std Q: nan, CI Half: 0.0255
2026-03-28 22:29:10 | DEBUG | sivi:base_runner.py:507| eval_ksd | Epoch 3840, VI KSD: 0.0042
2026-03-28 22:29:10 | DEBUG | sivi:base_runner.py:337| eval_kl_ite | Epoch 3850, VI KL to baseline: 0.0313
2026-03-28 22:29:10 | DEBUG | sivi:base_reverse_runner.py:261| eval_kl_ite | Epoch 3850, Reverse Model KL ITE: 0.0589
2026-03-28 22:29:10 | DEBUG | sivi:base_runner.py:347| eval_w2 | Epoch 3850, VI W2 to baseline: 0.0942
2026-03-28 22:29:10 | DEBUG | sivi:base_reverse_runner.py:272| eval_w2 | Epoch 3850, Reverse Model W2: 0.0426
2026-03-28 22:29:10 | DEBUG | sivi:base_runner.py:477| eval_elbo | Epoch 3850, ELBO: -0.0311, Std Total: 0.2560, Std Q: nan, CI Half: 0.0224
2026-03-28 22:29:10 | DEBUG | sivi:base_runner.py:507| eval_ksd | Epoch 3850, VI KSD: 0.0042
2026-03-28 22:29:11 | DEBUG | sivi:base_runner.py:337| eval_kl_ite | Epoch 3860, VI KL to baseline: 0.0228
2026-03-28 22:29:11 | DEBUG | sivi:base_reverse_runner.py:261| eval_kl_ite | Epoch 3860, Reverse Model KL ITE: 0.0440
2026-03-28 22:29:11 | DEBUG | sivi:base_runner.py:347| eval_w2 | Epoch 3860, VI W2 to baseline: 0.1009
2026-03-28 22:29:11 | DEBUG | sivi:base_reverse_runner.py:272| eval_w2 | Epoch 3860, Reverse Model W2: 0.0424
2026-03-28 22:29:11 | DEBUG | sivi:base_runner.py:477| eval_elbo | Epoch 3860, ELBO: -0.0335, Std Total: 0.2637, Std Q: nan, CI Half: 0.0231
2026-03-28 22:29:11 | DEBUG | sivi:base_runner.py:507| eval_ksd | Epoch 3860, VI KSD: 0.0019
2026-03-28 22:29:11 | DEBUG | sivi:base_runner.py:337| eval_kl_ite | Epoch 3870, VI KL to baseline: 0.0189
2026-03-28 22:29:11 | DEBUG | sivi:base_reverse_runner.py:261| eval_kl_ite | Epoch 3870, Reverse Model KL ITE: 0.0473
2026-03-28 22:29:12 | DEBUG | sivi:base_runner.py:347| eval_w2 | Epoch 3870, VI W2 to baseline: 0.1122
2026-03-28 22:29:12 | DEBUG | sivi:base_reverse_runner.py:272| eval_w2 | Epoch 3870, Reverse Model W2: 0.0413
2026-03-28 22:29:12 | DEBUG | sivi:base_runner.py:477| eval_elbo | Epoch 3870, ELBO: -0.0537, Std Total: 0.2782, Std Q: nan, CI Half: 0.0244
2026-03-28 22:29:12 | DEBUG | sivi:base_runner.py:507| eval_ksd | Epoch 3870, VI KSD: 0.0046
2026-03-28 22:29:12 | DEBUG | sivi:base_runner.py:337| eval_kl_ite | Epoch 3880, VI KL to baseline: 0.0269
2026-03-28 22:29:12 | DEBUG | sivi:base_reverse_runner.py:261| eval_kl_ite | Epoch 3880, Reverse Model KL ITE: 0.0414
2026-03-28 22:29:12 | DEBUG | sivi:base_runner.py:347| eval_w2 | Epoch 3880, VI W2 to baseline: 0.0918
2026-03-28 22:29:12 | DEBUG | sivi:base_reverse_runner.py:272| eval_w2 | Epoch 3880, Reverse Model W2: 0.0435
2026-03-28 22:29:12 | DEBUG | sivi:base_runner.py:477| eval_elbo | Epoch 3880, ELBO: -0.0153, Std Total: 0.2367, Std Q: nan, CI Half: 0.0207
2026-03-28 22:29:12 | DEBUG | sivi:base_runner.py:507| eval_ksd | Epoch 3880, VI KSD: 0.0036
2026-03-28 22:29:13 | DEBUG | sivi:base_runner.py:337| eval_kl_ite | Epoch 3890, VI KL to baseline: 0.0366
2026-03-28 22:29:13 | DEBUG | sivi:base_reverse_runner.py:261| eval_kl_ite | Epoch 3890, Reverse Model KL ITE: 0.0398
2026-03-28 22:29:13 | DEBUG | sivi:base_runner.py:347| eval_w2 | Epoch 3890, VI W2 to baseline: 0.0962
2026-03-28 22:29:13 | DEBUG | sivi:base_reverse_runner.py:272| eval_w2 | Epoch 3890, Reverse Model W2: 0.0459
2026-03-28 22:29:13 | DEBUG | sivi:base_runner.py:477| eval_elbo | Epoch 3890, ELBO: -0.0392, Std Total: 0.2729, Std Q: nan, CI Half: 0.0239
2026-03-28 22:29:13 | DEBUG | sivi:base_runner.py:507| eval_ksd | Epoch 3890, VI KSD: 0.0031
2026-03-28 22:29:13 | DEBUG | sivi:base_runner.py:874| learn | Epoch 3900: Avg Loss: -0.0003, Avg Epoch Time: 0.0600s
2026-03-28 22:29:13 | DEBUG | sivi:base_runner.py:337| eval_kl_ite | Epoch 3900, VI KL to baseline: 0.0251
2026-03-28 22:29:13 | DEBUG | sivi:base_reverse_runner.py:261| eval_kl_ite | Epoch 3900, Reverse Model KL ITE: 0.0482
2026-03-28 22:29:13 | DEBUG | sivi:base_runner.py:347| eval_w2 | Epoch 3900, VI W2 to baseline: 0.1039
2026-03-28 22:29:13 | DEBUG | sivi:base_reverse_runner.py:272| eval_w2 | Epoch 3900, Reverse Model W2: 0.0406
2026-03-28 22:29:13 | DEBUG | sivi:base_runner.py:477| eval_elbo | Epoch 3900, ELBO: -0.0179, Std Total: 0.2746, Std Q: nan, CI Half: 0.0241
2026-03-28 22:29:13 | DEBUG | sivi:base_runner.py:507| eval_ksd | Epoch 3900, VI KSD: 0.0065
2026-03-28 22:29:14 | DEBUG | sivi:base_runner.py:337| eval_kl_ite | Epoch 3910, VI KL to baseline: 0.0091
2026-03-28 22:29:14 | DEBUG | sivi:base_reverse_runner.py:261| eval_kl_ite | Epoch 3910, Reverse Model KL ITE: 0.0404
2026-03-28 22:29:14 | DEBUG | sivi:base_runner.py:347| eval_w2 | Epoch 3910, VI W2 to baseline: 0.0990
2026-03-28 22:29:14 | DEBUG | sivi:base_reverse_runner.py:272| eval_w2 | Epoch 3910, Reverse Model W2: 0.0405
2026-03-28 22:29:14 | DEBUG | sivi:base_runner.py:477| eval_elbo | Epoch 3910, ELBO: -0.0226, Std Total: 0.2783, Std Q: nan, CI Half: 0.0244
2026-03-28 22:29:14 | DEBUG | sivi:base_runner.py:507| eval_ksd | Epoch 3910, VI KSD: 0.0037
2026-03-28 22:29:14 | DEBUG | sivi:base_runner.py:337| eval_kl_ite | Epoch 3920, VI KL to baseline: 0.0160
2026-03-28 22:29:14 | DEBUG | sivi:base_reverse_runner.py:261| eval_kl_ite | Epoch 3920, Reverse Model KL ITE: 0.0394
2026-03-28 22:29:14 | DEBUG | sivi:base_runner.py:347| eval_w2 | Epoch 3920, VI W2 to baseline: 0.0945
2026-03-28 22:29:14 | DEBUG | sivi:base_reverse_runner.py:272| eval_w2 | Epoch 3920, Reverse Model W2: 0.0473
2026-03-28 22:29:14 | DEBUG | sivi:base_runner.py:477| eval_elbo | Epoch 3920, ELBO: -0.0172, Std Total: 0.2191, Std Q: nan, CI Half: 0.0192
2026-03-28 22:29:14 | DEBUG | sivi:base_runner.py:507| eval_ksd | Epoch 3920, VI KSD: 0.0029
2026-03-28 22:29:15 | DEBUG | sivi:base_runner.py:337| eval_kl_ite | Epoch 3930, VI KL to baseline: 0.0166
2026-03-28 22:29:15 | DEBUG | sivi:base_reverse_runner.py:261| eval_kl_ite | Epoch 3930, Reverse Model KL ITE: 0.0444
2026-03-28 22:29:15 | DEBUG | sivi:base_runner.py:347| eval_w2 | Epoch 3930, VI W2 to baseline: 0.1049
2026-03-28 22:29:15 | DEBUG | sivi:base_reverse_runner.py:272| eval_w2 | Epoch 3930, Reverse Model W2: 0.0399
2026-03-28 22:29:15 | DEBUG | sivi:base_runner.py:477| eval_elbo | Epoch 3930, ELBO: -0.0212, Std Total: 0.2332, Std Q: nan, CI Half: 0.0204
2026-03-28 22:29:15 | DEBUG | sivi:base_runner.py:507| eval_ksd | Epoch 3930, VI KSD: 0.0047
2026-03-28 22:29:15 | DEBUG | sivi:base_runner.py:337| eval_kl_ite | Epoch 3940, VI KL to baseline: 0.0310
2026-03-28 22:29:15 | DEBUG | sivi:base_reverse_runner.py:261| eval_kl_ite | Epoch 3940, Reverse Model KL ITE: 0.0277
2026-03-28 22:29:15 | DEBUG | sivi:base_runner.py:347| eval_w2 | Epoch 3940, VI W2 to baseline: 0.0969
2026-03-28 22:29:15 | DEBUG | sivi:base_reverse_runner.py:272| eval_w2 | Epoch 3940, Reverse Model W2: 0.0443
2026-03-28 22:29:15 | DEBUG | sivi:base_runner.py:477| eval_elbo | Epoch 3940, ELBO: -0.0167, Std Total: 0.2292, Std Q: nan, CI Half: 0.0201
2026-03-28 22:29:15 | DEBUG | sivi:base_runner.py:507| eval_ksd | Epoch 3940, VI KSD: 0.0050
2026-03-28 22:29:16 | DEBUG | sivi:base_runner.py:337| eval_kl_ite | Epoch 3950, VI KL to baseline: 0.0139
2026-03-28 22:29:16 | DEBUG | sivi:base_reverse_runner.py:261| eval_kl_ite | Epoch 3950, Reverse Model KL ITE: 0.0593
2026-03-28 22:29:16 | DEBUG | sivi:base_runner.py:347| eval_w2 | Epoch 3950, VI W2 to baseline: 0.1023
2026-03-28 22:29:16 | DEBUG | sivi:base_reverse_runner.py:272| eval_w2 | Epoch 3950, Reverse Model W2: 0.0385
2026-03-28 22:29:16 | DEBUG | sivi:base_runner.py:477| eval_elbo | Epoch 3950, ELBO: -0.0074, Std Total: 0.2502, Std Q: nan, CI Half: 0.0219
2026-03-28 22:29:16 | DEBUG | sivi:base_runner.py:507| eval_ksd | Epoch 3950, VI KSD: 0.0022
2026-03-28 22:29:16 | DEBUG | sivi:base_runner.py:337| eval_kl_ite | Epoch 3960, VI KL to baseline: 0.0287
2026-03-28 22:29:16 | DEBUG | sivi:base_reverse_runner.py:261| eval_kl_ite | Epoch 3960, Reverse Model KL ITE: 0.0429
2026-03-28 22:29:16 | DEBUG | sivi:base_runner.py:347| eval_w2 | Epoch 3960, VI W2 to baseline: 0.0880
2026-03-28 22:29:16 | DEBUG | sivi:base_reverse_runner.py:272| eval_w2 | Epoch 3960, Reverse Model W2: 0.0397
2026-03-28 22:29:16 | DEBUG | sivi:base_runner.py:477| eval_elbo | Epoch 3960, ELBO: -0.0063, Std Total: 0.2227, Std Q: nan, CI Half: 0.0195
2026-03-28 22:29:16 | DEBUG | sivi:base_runner.py:507| eval_ksd | Epoch 3960, VI KSD: 0.0025
2026-03-28 22:29:17 | DEBUG | sivi:base_runner.py:337| eval_kl_ite | Epoch 3970, VI KL to baseline: 0.0131
2026-03-28 22:29:17 | DEBUG | sivi:base_reverse_runner.py:261| eval_kl_ite | Epoch 3970, Reverse Model KL ITE: 0.0465
2026-03-28 22:29:17 | DEBUG | sivi:base_runner.py:347| eval_w2 | Epoch 3970, VI W2 to baseline: 0.0901
2026-03-28 22:29:17 | DEBUG | sivi:base_reverse_runner.py:272| eval_w2 | Epoch 3970, Reverse Model W2: 0.0391
2026-03-28 22:29:17 | DEBUG | sivi:base_runner.py:477| eval_elbo | Epoch 3970, ELBO: -0.0171, Std Total: 0.2226, Std Q: nan, CI Half: 0.0195
2026-03-28 22:29:17 | DEBUG | sivi:base_runner.py:507| eval_ksd | Epoch 3970, VI KSD: 0.0030
2026-03-28 22:29:17 | DEBUG | sivi:base_runner.py:337| eval_kl_ite | Epoch 3980, VI KL to baseline: 0.0255
2026-03-28 22:29:18 | DEBUG | sivi:base_reverse_runner.py:261| eval_kl_ite | Epoch 3980, Reverse Model KL ITE: 0.0578
2026-03-28 22:29:18 | DEBUG | sivi:base_runner.py:347| eval_w2 | Epoch 3980, VI W2 to baseline: 0.0959
2026-03-28 22:29:18 | DEBUG | sivi:base_reverse_runner.py:272| eval_w2 | Epoch 3980, Reverse Model W2: 0.0392
2026-03-28 22:29:18 | DEBUG | sivi:base_runner.py:477| eval_elbo | Epoch 3980, ELBO: -0.0075, Std Total: 0.2350, Std Q: nan, CI Half: 0.0206
2026-03-28 22:29:18 | DEBUG | sivi:base_runner.py:507| eval_ksd | Epoch 3980, VI KSD: 0.0017
2026-03-28 22:29:18 | DEBUG | sivi:base_runner.py:337| eval_kl_ite | Epoch 3990, VI KL to baseline: 0.0373
2026-03-28 22:29:18 | DEBUG | sivi:base_reverse_runner.py:261| eval_kl_ite | Epoch 3990, Reverse Model KL ITE: 0.0575
2026-03-28 22:29:18 | DEBUG | sivi:base_runner.py:347| eval_w2 | Epoch 3990, VI W2 to baseline: 0.0961
2026-03-28 22:29:18 | DEBUG | sivi:base_reverse_runner.py:272| eval_w2 | Epoch 3990, Reverse Model W2: 0.0472
2026-03-28 22:29:18 | DEBUG | sivi:base_runner.py:477| eval_elbo | Epoch 3990, ELBO: -0.0267, Std Total: 0.2202, Std Q: nan, CI Half: 0.0193
2026-03-28 22:29:18 | DEBUG | sivi:base_runner.py:507| eval_ksd | Epoch 3990, VI KSD: 0.0028
2026-03-28 22:29:19 | DEBUG | sivi:base_runner.py:874| learn | Epoch 4000: Avg Loss: 0.0022, Avg Epoch Time: 0.0563s
2026-03-28 22:29:19 | DEBUG | sivi:base_reverse_runner.py:183| _training_rev_log_func | Epoch 4000, Inner epoch 1, Reverse Model Loss: 4.9400, Avg Steps: 1.0000
2026-03-28 22:29:19 | DEBUG | sivi:base_runner.py:588| save_samples | Saved 100000 samples at epoch 4000.
2026-03-28 22:29:19 | DEBUG | sivi:base_runner.py:607| save_checkpoint | Saved VIModel checkpoints at epoch 4000 to results/AISIVI/multimodal/20260328_222515/checkpoints/epoch_4000.
2026-03-28 22:29:19 | DEBUG | sivi:base_reverse_runner.py:476| save_checkpoint | Saved reverse checkpoints at epoch 4000 to results/AISIVI/multimodal/20260328_222515/checkpoints/epoch_4000.
2026-03-28 22:29:19 | DEBUG | sivi:base_runner.py:337| eval_kl_ite | Epoch 4000, VI KL to baseline: 0.0235
2026-03-28 22:29:19 | DEBUG | sivi:base_reverse_runner.py:261| eval_kl_ite | Epoch 4000, Reverse Model KL ITE: 0.0624
2026-03-28 22:29:19 | DEBUG | sivi:base_runner.py:347| eval_w2 | Epoch 4000, VI W2 to baseline: 0.0945
2026-03-28 22:29:19 | DEBUG | sivi:base_reverse_runner.py:272| eval_w2 | Epoch 4000, Reverse Model W2: 0.0428
2026-03-28 22:29:19 | DEBUG | sivi:base_runner.py:477| eval_elbo | Epoch 4000, ELBO: -0.0238, Std Total: 0.2036, Std Q: nan, CI Half: 0.0178
2026-03-28 22:29:19 | DEBUG | sivi:base_runner.py:507| eval_ksd | Epoch 4000, VI KSD: 0.0040
2026-03-28 22:29:19 | DEBUG | sivi:base_runner.py:970| learn | Saved contour plot at epoch 4000.
2026-03-28 22:29:19 | DEBUG | sivi:base_runner.py:337| eval_kl_ite | Epoch 4010, VI KL to baseline: 0.0170
2026-03-28 22:29:20 | DEBUG | sivi:base_reverse_runner.py:261| eval_kl_ite | Epoch 4010, Reverse Model KL ITE: 0.0538
2026-03-28 22:29:20 | DEBUG | sivi:base_runner.py:347| eval_w2 | Epoch 4010, VI W2 to baseline: 0.0951
2026-03-28 22:29:20 | DEBUG | sivi:base_reverse_runner.py:272| eval_w2 | Epoch 4010, Reverse Model W2: 0.0418
2026-03-28 22:29:20 | DEBUG | sivi:base_runner.py:477| eval_elbo | Epoch 4010, ELBO: -0.0264, Std Total: 0.2212, Std Q: nan, CI Half: 0.0194
2026-03-28 22:29:20 | DEBUG | sivi:base_runner.py:507| eval_ksd | Epoch 4010, VI KSD: 0.0017
2026-03-28 22:29:20 | DEBUG | sivi:base_runner.py:337| eval_kl_ite | Epoch 4020, VI KL to baseline: 0.0320
2026-03-28 22:29:20 | DEBUG | sivi:base_reverse_runner.py:261| eval_kl_ite | Epoch 4020, Reverse Model KL ITE: 0.0450
2026-03-28 22:29:20 | DEBUG | sivi:base_runner.py:347| eval_w2 | Epoch 4020, VI W2 to baseline: 0.0822
2026-03-28 22:29:20 | DEBUG | sivi:base_reverse_runner.py:272| eval_w2 | Epoch 4020, Reverse Model W2: 0.0391
2026-03-28 22:29:20 | DEBUG | sivi:base_runner.py:477| eval_elbo | Epoch 4020, ELBO: -0.0065, Std Total: 0.2318, Std Q: nan, CI Half: 0.0203
2026-03-28 22:29:20 | DEBUG | sivi:base_runner.py:507| eval_ksd | Epoch 4020, VI KSD: 0.0049
2026-03-28 22:29:21 | DEBUG | sivi:base_runner.py:337| eval_kl_ite | Epoch 4030, VI KL to baseline: 0.0263
2026-03-28 22:29:21 | DEBUG | sivi:base_reverse_runner.py:261| eval_kl_ite | Epoch 4030, Reverse Model KL ITE: 0.0607
2026-03-28 22:29:21 | DEBUG | sivi:base_runner.py:347| eval_w2 | Epoch 4030, VI W2 to baseline: 0.0826
2026-03-28 22:29:21 | DEBUG | sivi:base_reverse_runner.py:272| eval_w2 | Epoch 4030, Reverse Model W2: 0.0407
2026-03-28 22:29:21 | DEBUG | sivi:base_runner.py:477| eval_elbo | Epoch 4030, ELBO: -0.0112, Std Total: 0.2179, Std Q: nan, CI Half: 0.0191
2026-03-28 22:29:21 | DEBUG | sivi:base_runner.py:507| eval_ksd | Epoch 4030, VI KSD: 0.0034
2026-03-28 22:29:21 | DEBUG | sivi:base_runner.py:337| eval_kl_ite | Epoch 4040, VI KL to baseline: 0.0227
2026-03-28 22:29:21 | DEBUG | sivi:base_reverse_runner.py:261| eval_kl_ite | Epoch 4040, Reverse Model KL ITE: 0.0508
2026-03-28 22:29:21 | DEBUG | sivi:base_runner.py:347| eval_w2 | Epoch 4040, VI W2 to baseline: 0.0746
2026-03-28 22:29:21 | DEBUG | sivi:base_reverse_runner.py:272| eval_w2 | Epoch 4040, Reverse Model W2: 0.0418
2026-03-28 22:29:21 | DEBUG | sivi:base_runner.py:477| eval_elbo | Epoch 4040, ELBO: -0.0110, Std Total: 0.2322, Std Q: nan, CI Half: 0.0203
2026-03-28 22:29:21 | DEBUG | sivi:base_runner.py:507| eval_ksd | Epoch 4040, VI KSD: 0.0032
2026-03-28 22:29:22 | DEBUG | sivi:base_runner.py:337| eval_kl_ite | Epoch 4050, VI KL to baseline: 0.0218
2026-03-28 22:29:22 | DEBUG | sivi:base_reverse_runner.py:261| eval_kl_ite | Epoch 4050, Reverse Model KL ITE: 0.0517
2026-03-28 22:29:22 | DEBUG | sivi:base_runner.py:347| eval_w2 | Epoch 4050, VI W2 to baseline: 0.0804
2026-03-28 22:29:22 | DEBUG | sivi:base_reverse_runner.py:272| eval_w2 | Epoch 4050, Reverse Model W2: 0.0446
2026-03-28 22:29:22 | DEBUG | sivi:base_runner.py:477| eval_elbo | Epoch 4050, ELBO: -0.0106, Std Total: 0.2304, Std Q: nan, CI Half: 0.0202
2026-03-28 22:29:22 | DEBUG | sivi:base_runner.py:507| eval_ksd | Epoch 4050, VI KSD: 0.0035
2026-03-28 22:29:22 | DEBUG | sivi:base_runner.py:337| eval_kl_ite | Epoch 4060, VI KL to baseline: 0.0096
2026-03-28 22:29:22 | DEBUG | sivi:base_reverse_runner.py:261| eval_kl_ite | Epoch 4060, Reverse Model KL ITE: 0.0287
2026-03-28 22:29:22 | DEBUG | sivi:base_runner.py:347| eval_w2 | Epoch 4060, VI W2 to baseline: 0.0877
2026-03-28 22:29:22 | DEBUG | sivi:base_reverse_runner.py:272| eval_w2 | Epoch 4060, Reverse Model W2: 0.0509
2026-03-28 22:29:22 | DEBUG | sivi:base_runner.py:477| eval_elbo | Epoch 4060, ELBO: -0.0128, Std Total: 0.2222, Std Q: nan, CI Half: 0.0195
2026-03-28 22:29:22 | DEBUG | sivi:base_runner.py:507| eval_ksd | Epoch 4060, VI KSD: 0.0058
2026-03-28 22:29:23 | DEBUG | sivi:base_runner.py:337| eval_kl_ite | Epoch 4070, VI KL to baseline: 0.0453
2026-03-28 22:29:23 | DEBUG | sivi:base_reverse_runner.py:261| eval_kl_ite | Epoch 4070, Reverse Model KL ITE: 0.0540
2026-03-28 22:29:23 | DEBUG | sivi:base_runner.py:347| eval_w2 | Epoch 4070, VI W2 to baseline: 0.0784
2026-03-28 22:29:23 | DEBUG | sivi:base_reverse_runner.py:272| eval_w2 | Epoch 4070, Reverse Model W2: 0.0452
2026-03-28 22:29:23 | DEBUG | sivi:base_runner.py:477| eval_elbo | Epoch 4070, ELBO: -0.0227, Std Total: 0.2158, Std Q: nan, CI Half: 0.0189
2026-03-28 22:29:23 | DEBUG | sivi:base_runner.py:507| eval_ksd | Epoch 4070, VI KSD: 0.0034
2026-03-28 22:29:23 | DEBUG | sivi:base_runner.py:337| eval_kl_ite | Epoch 4080, VI KL to baseline: 0.0221
2026-03-28 22:29:23 | DEBUG | sivi:base_reverse_runner.py:261| eval_kl_ite | Epoch 4080, Reverse Model KL ITE: 0.0621
2026-03-28 22:29:23 | DEBUG | sivi:base_runner.py:347| eval_w2 | Epoch 4080, VI W2 to baseline: 0.0758
2026-03-28 22:29:23 | DEBUG | sivi:base_reverse_runner.py:272| eval_w2 | Epoch 4080, Reverse Model W2: 0.0443
2026-03-28 22:29:23 | DEBUG | sivi:base_runner.py:477| eval_elbo | Epoch 4080, ELBO: -0.0060, Std Total: 0.2080, Std Q: nan, CI Half: 0.0182
2026-03-28 22:29:23 | DEBUG | sivi:base_runner.py:507| eval_ksd | Epoch 4080, VI KSD: 0.0013
2026-03-28 22:29:24 | DEBUG | sivi:base_runner.py:337| eval_kl_ite | Epoch 4090, VI KL to baseline: 0.0038
2026-03-28 22:29:24 | DEBUG | sivi:base_reverse_runner.py:261| eval_kl_ite | Epoch 4090, Reverse Model KL ITE: 0.0547
2026-03-28 22:29:24 | DEBUG | sivi:base_runner.py:347| eval_w2 | Epoch 4090, VI W2 to baseline: 0.0961
2026-03-28 22:29:24 | DEBUG | sivi:base_reverse_runner.py:272| eval_w2 | Epoch 4090, Reverse Model W2: 0.0442
2026-03-28 22:29:24 | DEBUG | sivi:base_runner.py:477| eval_elbo | Epoch 4090, ELBO: -0.0197, Std Total: 0.2195, Std Q: nan, CI Half: 0.0192
2026-03-28 22:29:24 | DEBUG | sivi:base_runner.py:507| eval_ksd | Epoch 4090, VI KSD: 0.0026
2026-03-28 22:29:24 | DEBUG | sivi:base_runner.py:874| learn | Epoch 4100: Avg Loss: -0.0029, Avg Epoch Time: 0.0541s
2026-03-28 22:29:24 | DEBUG | sivi:base_runner.py:337| eval_kl_ite | Epoch 4100, VI KL to baseline: 0.0170
2026-03-28 22:29:24 | DEBUG | sivi:base_reverse_runner.py:261| eval_kl_ite | Epoch 4100, Reverse Model KL ITE: 0.0405
2026-03-28 22:29:24 | DEBUG | sivi:base_runner.py:347| eval_w2 | Epoch 4100, VI W2 to baseline: 0.0759
2026-03-28 22:29:24 | DEBUG | sivi:base_reverse_runner.py:272| eval_w2 | Epoch 4100, Reverse Model W2: 0.0471
2026-03-28 22:29:24 | DEBUG | sivi:base_runner.py:477| eval_elbo | Epoch 4100, ELBO: -0.0255, Std Total: 0.2398, Std Q: nan, CI Half: 0.0210
2026-03-28 22:29:24 | DEBUG | sivi:base_runner.py:507| eval_ksd | Epoch 4100, VI KSD: 0.0017
2026-03-28 22:29:25 | DEBUG | sivi:base_runner.py:337| eval_kl_ite | Epoch 4110, VI KL to baseline: 0.0101
2026-03-28 22:29:25 | DEBUG | sivi:base_reverse_runner.py:261| eval_kl_ite | Epoch 4110, Reverse Model KL ITE: 0.0381
2026-03-28 22:29:25 | DEBUG | sivi:base_runner.py:347| eval_w2 | Epoch 4110, VI W2 to baseline: 0.0732
2026-03-28 22:29:25 | DEBUG | sivi:base_reverse_runner.py:272| eval_w2 | Epoch 4110, Reverse Model W2: 0.0366
2026-03-28 22:29:25 | DEBUG | sivi:base_runner.py:477| eval_elbo | Epoch 4110, ELBO: -0.0293, Std Total: 0.1872, Std Q: nan, CI Half: 0.0164
2026-03-28 22:29:25 | DEBUG | sivi:base_runner.py:507| eval_ksd | Epoch 4110, VI KSD: 0.0031
2026-03-28 22:29:25 | DEBUG | sivi:base_runner.py:337| eval_kl_ite | Epoch 4120, VI KL to baseline: 0.0139
2026-03-28 22:29:25 | DEBUG | sivi:base_reverse_runner.py:261| eval_kl_ite | Epoch 4120, Reverse Model KL ITE: 0.0527
2026-03-28 22:29:25 | DEBUG | sivi:base_runner.py:347| eval_w2 | Epoch 4120, VI W2 to baseline: 0.0776
2026-03-28 22:29:25 | DEBUG | sivi:base_reverse_runner.py:272| eval_w2 | Epoch 4120, Reverse Model W2: 0.0375
2026-03-28 22:29:25 | DEBUG | sivi:base_runner.py:477| eval_elbo | Epoch 4120, ELBO: -0.0278, Std Total: 0.2336, Std Q: nan, CI Half: 0.0205
2026-03-28 22:29:25 | DEBUG | sivi:base_runner.py:507| eval_ksd | Epoch 4120, VI KSD: 0.0029
2026-03-28 22:29:26 | DEBUG | sivi:base_runner.py:337| eval_kl_ite | Epoch 4130, VI KL to baseline: 0.0111
2026-03-28 22:29:26 | DEBUG | sivi:base_reverse_runner.py:261| eval_kl_ite | Epoch 4130, Reverse Model KL ITE: 0.0411
2026-03-28 22:29:26 | DEBUG | sivi:base_runner.py:347| eval_w2 | Epoch 4130, VI W2 to baseline: 0.0819
2026-03-28 22:29:26 | DEBUG | sivi:base_reverse_runner.py:272| eval_w2 | Epoch 4130, Reverse Model W2: 0.0376
2026-03-28 22:29:26 | DEBUG | sivi:base_runner.py:477| eval_elbo | Epoch 4130, ELBO: -0.0106, Std Total: 0.1926, Std Q: nan, CI Half: 0.0169
2026-03-28 22:29:26 | DEBUG | sivi:base_runner.py:507| eval_ksd | Epoch 4130, VI KSD: 0.0026
2026-03-28 22:29:26 | DEBUG | sivi:base_runner.py:337| eval_kl_ite | Epoch 4140, VI KL to baseline: 0.0026
2026-03-28 22:29:26 | DEBUG | sivi:base_reverse_runner.py:261| eval_kl_ite | Epoch 4140, Reverse Model KL ITE: 0.0348
2026-03-28 22:29:26 | DEBUG | sivi:base_runner.py:347| eval_w2 | Epoch 4140, VI W2 to baseline: 0.0825
2026-03-28 22:29:26 | DEBUG | sivi:base_reverse_runner.py:272| eval_w2 | Epoch 4140, Reverse Model W2: 0.0375
2026-03-28 22:29:26 | DEBUG | sivi:base_runner.py:477| eval_elbo | Epoch 4140, ELBO: -0.0198, Std Total: 0.1905, Std Q: nan, CI Half: 0.0167
2026-03-28 22:29:26 | DEBUG | sivi:base_runner.py:507| eval_ksd | Epoch 4140, VI KSD: 0.0015
2026-03-28 22:29:26 | DEBUG | sivi:base_runner.py:337| eval_kl_ite | Epoch 4150, VI KL to baseline: 0.0175
2026-03-28 22:29:27 | DEBUG | sivi:base_reverse_runner.py:261| eval_kl_ite | Epoch 4150, Reverse Model KL ITE: 0.0693
2026-03-28 22:29:27 | DEBUG | sivi:base_runner.py:347| eval_w2 | Epoch 4150, VI W2 to baseline: 0.0801
2026-03-28 22:29:27 | DEBUG | sivi:base_reverse_runner.py:272| eval_w2 | Epoch 4150, Reverse Model W2: 0.0449
2026-03-28 22:29:27 | DEBUG | sivi:base_runner.py:477| eval_elbo | Epoch 4150, ELBO: -0.0122, Std Total: 0.2453, Std Q: nan, CI Half: 0.0215
2026-03-28 22:29:27 | DEBUG | sivi:base_runner.py:507| eval_ksd | Epoch 4150, VI KSD: 0.0026
2026-03-28 22:29:27 | DEBUG | sivi:base_runner.py:337| eval_kl_ite | Epoch 4160, VI KL to baseline: 0.0111
2026-03-28 22:29:27 | DEBUG | sivi:base_reverse_runner.py:261| eval_kl_ite | Epoch 4160, Reverse Model KL ITE: 0.0518
2026-03-28 22:29:27 | DEBUG | sivi:base_runner.py:347| eval_w2 | Epoch 4160, VI W2 to baseline: 0.0785
2026-03-28 22:29:27 | DEBUG | sivi:base_reverse_runner.py:272| eval_w2 | Epoch 4160, Reverse Model W2: 0.0410
2026-03-28 22:29:27 | DEBUG | sivi:base_runner.py:477| eval_elbo | Epoch 4160, ELBO: 0.0225, Std Total: 0.2390, Std Q: nan, CI Half: 0.0210
2026-03-28 22:29:27 | DEBUG | sivi:base_runner.py:507| eval_ksd | Epoch 4160, VI KSD: 0.0003
2026-03-28 22:29:28 | DEBUG | sivi:base_runner.py:337| eval_kl_ite | Epoch 4170, VI KL to baseline: 0.0083
2026-03-28 22:29:28 | DEBUG | sivi:base_reverse_runner.py:261| eval_kl_ite | Epoch 4170, Reverse Model KL ITE: 0.0598
2026-03-28 22:29:28 | DEBUG | sivi:base_runner.py:347| eval_w2 | Epoch 4170, VI W2 to baseline: 0.0714
2026-03-28 22:29:28 | DEBUG | sivi:base_reverse_runner.py:272| eval_w2 | Epoch 4170, Reverse Model W2: 0.0410
2026-03-28 22:29:28 | DEBUG | sivi:base_runner.py:477| eval_elbo | Epoch 4170, ELBO: -0.0118, Std Total: 0.1920, Std Q: nan, CI Half: 0.0168
2026-03-28 22:29:28 | DEBUG | sivi:base_runner.py:507| eval_ksd | Epoch 4170, VI KSD: 0.0032
2026-03-28 22:29:28 | DEBUG | sivi:base_runner.py:337| eval_kl_ite | Epoch 4180, VI KL to baseline: 0.0227
2026-03-28 22:29:28 | DEBUG | sivi:base_reverse_runner.py:261| eval_kl_ite | Epoch 4180, Reverse Model KL ITE: 0.0559
2026-03-28 22:29:28 | DEBUG | sivi:base_runner.py:347| eval_w2 | Epoch 4180, VI W2 to baseline: 0.1043
2026-03-28 22:29:28 | DEBUG | sivi:base_reverse_runner.py:272| eval_w2 | Epoch 4180, Reverse Model W2: 0.0431
2026-03-28 22:29:28 | DEBUG | sivi:base_runner.py:477| eval_elbo | Epoch 4180, ELBO: -0.0217, Std Total: 0.2077, Std Q: nan, CI Half: 0.0182
2026-03-28 22:29:28 | DEBUG | sivi:base_runner.py:507| eval_ksd | Epoch 4180, VI KSD: 0.0025
2026-03-28 22:29:29 | DEBUG | sivi:base_runner.py:337| eval_kl_ite | Epoch 4190, VI KL to baseline: 0.0237
2026-03-28 22:29:29 | DEBUG | sivi:base_reverse_runner.py:261| eval_kl_ite | Epoch 4190, Reverse Model KL ITE: 0.0727
2026-03-28 22:29:29 | DEBUG | sivi:base_runner.py:347| eval_w2 | Epoch 4190, VI W2 to baseline: 0.0871
2026-03-28 22:29:29 | DEBUG | sivi:base_reverse_runner.py:272| eval_w2 | Epoch 4190, Reverse Model W2: 0.0450
2026-03-28 22:29:29 | DEBUG | sivi:base_runner.py:477| eval_elbo | Epoch 4190, ELBO: -0.0135, Std Total: 0.2143, Std Q: nan, CI Half: 0.0188
2026-03-28 22:29:29 | DEBUG | sivi:base_runner.py:507| eval_ksd | Epoch 4190, VI KSD: 0.0020
2026-03-28 22:29:29 | DEBUG | sivi:base_runner.py:874| learn | Epoch 4200: Avg Loss: 0.0067, Avg Epoch Time: 0.0518s
2026-03-28 22:29:29 | DEBUG | sivi:base_runner.py:337| eval_kl_ite | Epoch 4200, VI KL to baseline: 0.0174
2026-03-28 22:29:29 | DEBUG | sivi:base_reverse_runner.py:261| eval_kl_ite | Epoch 4200, Reverse Model KL ITE: 0.0595
2026-03-28 22:29:29 | DEBUG | sivi:base_runner.py:347| eval_w2 | Epoch 4200, VI W2 to baseline: 0.0960
2026-03-28 22:29:29 | DEBUG | sivi:base_reverse_runner.py:272| eval_w2 | Epoch 4200, Reverse Model W2: 0.0461
2026-03-28 22:29:29 | DEBUG | sivi:base_runner.py:477| eval_elbo | Epoch 4200, ELBO: -0.0129, Std Total: 0.1982, Std Q: nan, CI Half: 0.0174
2026-03-28 22:29:29 | DEBUG | sivi:base_runner.py:507| eval_ksd | Epoch 4200, VI KSD: 0.0048
2026-03-28 22:29:30 | DEBUG | sivi:base_runner.py:337| eval_kl_ite | Epoch 4210, VI KL to baseline: 0.0171
2026-03-28 22:29:30 | DEBUG | sivi:base_reverse_runner.py:261| eval_kl_ite | Epoch 4210, Reverse Model KL ITE: 0.0476
2026-03-28 22:29:30 | DEBUG | sivi:base_runner.py:347| eval_w2 | Epoch 4210, VI W2 to baseline: 0.0851
2026-03-28 22:29:30 | DEBUG | sivi:base_reverse_runner.py:272| eval_w2 | Epoch 4210, Reverse Model W2: 0.0428
2026-03-28 22:29:30 | DEBUG | sivi:base_runner.py:477| eval_elbo | Epoch 4210, ELBO: -0.0020, Std Total: 0.1725, Std Q: nan, CI Half: 0.0151
2026-03-28 22:29:30 | DEBUG | sivi:base_runner.py:507| eval_ksd | Epoch 4210, VI KSD: 0.0018
2026-03-28 22:29:31 | DEBUG | sivi:base_runner.py:337| eval_kl_ite | Epoch 4220, VI KL to baseline: 0.0083
2026-03-28 22:29:31 | DEBUG | sivi:base_reverse_runner.py:261| eval_kl_ite | Epoch 4220, Reverse Model KL ITE: 0.0665
2026-03-28 22:29:31 | DEBUG | sivi:base_runner.py:347| eval_w2 | Epoch 4220, VI W2 to baseline: 0.0733
2026-03-28 22:29:31 | DEBUG | sivi:base_reverse_runner.py:272| eval_w2 | Epoch 4220, Reverse Model W2: 0.0410
2026-03-28 22:29:31 | DEBUG | sivi:base_runner.py:477| eval_elbo | Epoch 4220, ELBO: -0.0148, Std Total: 0.2274, Std Q: nan, CI Half: 0.0199
2026-03-28 22:29:31 | DEBUG | sivi:base_runner.py:507| eval_ksd | Epoch 4220, VI KSD: 0.0024
2026-03-28 22:29:31 | DEBUG | sivi:base_runner.py:337| eval_kl_ite | Epoch 4230, VI KL to baseline: 0.0133
2026-03-28 22:29:31 | DEBUG | sivi:base_reverse_runner.py:261| eval_kl_ite | Epoch 4230, Reverse Model KL ITE: 0.0659
2026-03-28 22:29:31 | DEBUG | sivi:base_runner.py:347| eval_w2 | Epoch 4230, VI W2 to baseline: 0.0968
2026-03-28 22:29:31 | DEBUG | sivi:base_reverse_runner.py:272| eval_w2 | Epoch 4230, Reverse Model W2: 0.0416
2026-03-28 22:29:31 | DEBUG | sivi:base_runner.py:477| eval_elbo | Epoch 4230, ELBO: -0.0106, Std Total: 0.2533, Std Q: nan, CI Half: 0.0222
2026-03-28 22:29:31 | DEBUG | sivi:base_runner.py:507| eval_ksd | Epoch 4230, VI KSD: 0.0037
2026-03-28 22:29:32 | DEBUG | sivi:base_runner.py:337| eval_kl_ite | Epoch 4240, VI KL to baseline: 0.0112
2026-03-28 22:29:32 | DEBUG | sivi:base_reverse_runner.py:261| eval_kl_ite | Epoch 4240, Reverse Model KL ITE: 0.0749
2026-03-28 22:29:32 | DEBUG | sivi:base_runner.py:347| eval_w2 | Epoch 4240, VI W2 to baseline: 0.0759
2026-03-28 22:29:32 | DEBUG | sivi:base_reverse_runner.py:272| eval_w2 | Epoch 4240, Reverse Model W2: 0.0465
2026-03-28 22:29:32 | DEBUG | sivi:base_runner.py:477| eval_elbo | Epoch 4240, ELBO: 0.0038, Std Total: 0.1978, Std Q: nan, CI Half: 0.0173
2026-03-28 22:29:32 | DEBUG | sivi:base_runner.py:507| eval_ksd | Epoch 4240, VI KSD: 0.0027
2026-03-28 22:29:33 | DEBUG | sivi:base_runner.py:337| eval_kl_ite | Epoch 4250, VI KL to baseline: 0.0264
2026-03-28 22:29:33 | DEBUG | sivi:base_reverse_runner.py:261| eval_kl_ite | Epoch 4250, Reverse Model KL ITE: 0.0671
2026-03-28 22:29:33 | DEBUG | sivi:base_runner.py:347| eval_w2 | Epoch 4250, VI W2 to baseline: 0.0654
2026-03-28 22:29:33 | DEBUG | sivi:base_reverse_runner.py:272| eval_w2 | Epoch 4250, Reverse Model W2: 0.0439
2026-03-28 22:29:33 | DEBUG | sivi:base_runner.py:477| eval_elbo | Epoch 4250, ELBO: -0.0138, Std Total: 0.1996, Std Q: nan, CI Half: 0.0175
2026-03-28 22:29:33 | DEBUG | sivi:base_runner.py:507| eval_ksd | Epoch 4250, VI KSD: 0.0036
2026-03-28 22:29:33 | DEBUG | sivi:base_runner.py:337| eval_kl_ite | Epoch 4260, VI KL to baseline: 0.0031
2026-03-28 22:29:33 | DEBUG | sivi:base_reverse_runner.py:261| eval_kl_ite | Epoch 4260, Reverse Model KL ITE: 0.0445
2026-03-28 22:29:33 | DEBUG | sivi:base_runner.py:347| eval_w2 | Epoch 4260, VI W2 to baseline: 0.0587
2026-03-28 22:29:33 | DEBUG | sivi:base_reverse_runner.py:272| eval_w2 | Epoch 4260, Reverse Model W2: 0.0467
2026-03-28 22:29:33 | DEBUG | sivi:base_runner.py:477| eval_elbo | Epoch 4260, ELBO: -0.0218, Std Total: 0.1587, Std Q: nan, CI Half: 0.0139
2026-03-28 22:29:33 | DEBUG | sivi:base_runner.py:507| eval_ksd | Epoch 4260, VI KSD: 0.0021
2026-03-28 22:29:34 | DEBUG | sivi:base_runner.py:337| eval_kl_ite | Epoch 4270, VI KL to baseline: -0.0020
2026-03-28 22:29:34 | DEBUG | sivi:base_reverse_runner.py:261| eval_kl_ite | Epoch 4270, Reverse Model KL ITE: 0.0560
2026-03-28 22:29:34 | DEBUG | sivi:base_runner.py:347| eval_w2 | Epoch 4270, VI W2 to baseline: 0.0640
2026-03-28 22:29:34 | DEBUG | sivi:base_reverse_runner.py:272| eval_w2 | Epoch 4270, Reverse Model W2: 0.0448
2026-03-28 22:29:34 | DEBUG | sivi:base_runner.py:477| eval_elbo | Epoch 4270, ELBO: -0.0029, Std Total: 0.1495, Std Q: nan, CI Half: 0.0131
2026-03-28 22:29:34 | DEBUG | sivi:base_runner.py:507| eval_ksd | Epoch 4270, VI KSD: -0.0000
2026-03-28 22:29:34 | DEBUG | sivi:base_runner.py:337| eval_kl_ite | Epoch 4280, VI KL to baseline: 0.0242
2026-03-28 22:29:35 | DEBUG | sivi:base_reverse_runner.py:261| eval_kl_ite | Epoch 4280, Reverse Model KL ITE: 0.0428
2026-03-28 22:29:35 | DEBUG | sivi:base_runner.py:347| eval_w2 | Epoch 4280, VI W2 to baseline: 0.0581
2026-03-28 22:29:35 | DEBUG | sivi:base_reverse_runner.py:272| eval_w2 | Epoch 4280, Reverse Model W2: 0.0429
2026-03-28 22:29:35 | DEBUG | sivi:base_runner.py:477| eval_elbo | Epoch 4280, ELBO: -0.0003, Std Total: 0.1843, Std Q: nan, CI Half: 0.0162
2026-03-28 22:29:35 | DEBUG | sivi:base_runner.py:507| eval_ksd | Epoch 4280, VI KSD: 0.0018
2026-03-28 22:29:35 | DEBUG | sivi:base_runner.py:337| eval_kl_ite | Epoch 4290, VI KL to baseline: 0.0268
2026-03-28 22:29:35 | DEBUG | sivi:base_reverse_runner.py:261| eval_kl_ite | Epoch 4290, Reverse Model KL ITE: 0.0637
2026-03-28 22:29:35 | DEBUG | sivi:base_runner.py:347| eval_w2 | Epoch 4290, VI W2 to baseline: 0.0658
2026-03-28 22:29:35 | DEBUG | sivi:base_reverse_runner.py:272| eval_w2 | Epoch 4290, Reverse Model W2: 0.0413
2026-03-28 22:29:35 | DEBUG | sivi:base_runner.py:477| eval_elbo | Epoch 4290, ELBO: -0.0036, Std Total: 0.1957, Std Q: nan, CI Half: 0.0172
2026-03-28 22:29:35 | DEBUG | sivi:base_runner.py:507| eval_ksd | Epoch 4290, VI KSD: 0.0028
2026-03-28 22:29:36 | DEBUG | sivi:base_runner.py:874| learn | Epoch 4300: Avg Loss: -0.0008, Avg Epoch Time: 0.0642s
2026-03-28 22:29:36 | DEBUG | sivi:base_runner.py:337| eval_kl_ite | Epoch 4300, VI KL to baseline: 0.0223
2026-03-28 22:29:36 | DEBUG | sivi:base_reverse_runner.py:261| eval_kl_ite | Epoch 4300, Reverse Model KL ITE: 0.0441
2026-03-28 22:29:36 | DEBUG | sivi:base_runner.py:347| eval_w2 | Epoch 4300, VI W2 to baseline: 0.0787
2026-03-28 22:29:36 | DEBUG | sivi:base_reverse_runner.py:272| eval_w2 | Epoch 4300, Reverse Model W2: 0.0460
2026-03-28 22:29:36 | DEBUG | sivi:base_runner.py:477| eval_elbo | Epoch 4300, ELBO: -0.0077, Std Total: 0.1991, Std Q: nan, CI Half: 0.0175
2026-03-28 22:29:36 | DEBUG | sivi:base_runner.py:507| eval_ksd | Epoch 4300, VI KSD: 0.0033
2026-03-28 22:29:36 | DEBUG | sivi:base_runner.py:337| eval_kl_ite | Epoch 4310, VI KL to baseline: 0.0463
2026-03-28 22:29:36 | DEBUG | sivi:base_reverse_runner.py:261| eval_kl_ite | Epoch 4310, Reverse Model KL ITE: 0.0577
2026-03-28 22:29:37 | DEBUG | sivi:base_runner.py:347| eval_w2 | Epoch 4310, VI W2 to baseline: 0.0711
2026-03-28 22:29:37 | DEBUG | sivi:base_reverse_runner.py:272| eval_w2 | Epoch 4310, Reverse Model W2: 0.0477
2026-03-28 22:29:37 | DEBUG | sivi:base_runner.py:477| eval_elbo | Epoch 4310, ELBO: -0.0156, Std Total: 0.1770, Std Q: nan, CI Half: 0.0155
2026-03-28 22:29:37 | DEBUG | sivi:base_runner.py:507| eval_ksd | Epoch 4310, VI KSD: 0.0023
2026-03-28 22:29:37 | DEBUG | sivi:base_runner.py:337| eval_kl_ite | Epoch 4320, VI KL to baseline: 0.0108
2026-03-28 22:29:37 | DEBUG | sivi:base_reverse_runner.py:261| eval_kl_ite | Epoch 4320, Reverse Model KL ITE: 0.0658
2026-03-28 22:29:37 | DEBUG | sivi:base_runner.py:347| eval_w2 | Epoch 4320, VI W2 to baseline: 0.0617
2026-03-28 22:29:37 | DEBUG | sivi:base_reverse_runner.py:272| eval_w2 | Epoch 4320, Reverse Model W2: 0.0442
2026-03-28 22:29:37 | DEBUG | sivi:base_runner.py:477| eval_elbo | Epoch 4320, ELBO: -0.0067, Std Total: 0.2148, Std Q: nan, CI Half: 0.0188
2026-03-28 22:29:37 | DEBUG | sivi:base_runner.py:507| eval_ksd | Epoch 4320, VI KSD: 0.0032
2026-03-28 22:29:37 | DEBUG | sivi:base_runner.py:337| eval_kl_ite | Epoch 4330, VI KL to baseline: 0.0019
2026-03-28 22:29:38 | DEBUG | sivi:base_reverse_runner.py:261| eval_kl_ite | Epoch 4330, Reverse Model KL ITE: 0.0389
2026-03-28 22:29:38 | DEBUG | sivi:base_runner.py:347| eval_w2 | Epoch 4330, VI W2 to baseline: 0.0861
2026-03-28 22:29:38 | DEBUG | sivi:base_reverse_runner.py:272| eval_w2 | Epoch 4330, Reverse Model W2: 0.0448
2026-03-28 22:29:38 | DEBUG | sivi:base_runner.py:477| eval_elbo | Epoch 4330, ELBO: 0.0181, Std Total: 0.2165, Std Q: nan, CI Half: 0.0190
2026-03-28 22:29:38 | DEBUG | sivi:base_runner.py:507| eval_ksd | Epoch 4330, VI KSD: 0.0049
2026-03-28 22:29:38 | DEBUG | sivi:base_runner.py:337| eval_kl_ite | Epoch 4340, VI KL to baseline: 0.0066
2026-03-28 22:29:38 | DEBUG | sivi:base_reverse_runner.py:261| eval_kl_ite | Epoch 4340, Reverse Model KL ITE: 0.0508
2026-03-28 22:29:38 | DEBUG | sivi:base_runner.py:347| eval_w2 | Epoch 4340, VI W2 to baseline: 0.0557
2026-03-28 22:29:38 | DEBUG | sivi:base_reverse_runner.py:272| eval_w2 | Epoch 4340, Reverse Model W2: 0.0433
2026-03-28 22:29:38 | DEBUG | sivi:base_runner.py:477| eval_elbo | Epoch 4340, ELBO: 0.0034, Std Total: 0.1935, Std Q: nan, CI Half: 0.0170
2026-03-28 22:29:38 | DEBUG | sivi:base_runner.py:507| eval_ksd | Epoch 4340, VI KSD: 0.0011
2026-03-28 22:29:39 | DEBUG | sivi:base_runner.py:337| eval_kl_ite | Epoch 4350, VI KL to baseline: -0.0095
2026-03-28 22:29:39 | DEBUG | sivi:base_reverse_runner.py:261| eval_kl_ite | Epoch 4350, Reverse Model KL ITE: 0.0426
2026-03-28 22:29:39 | DEBUG | sivi:base_runner.py:347| eval_w2 | Epoch 4350, VI W2 to baseline: 0.0732
2026-03-28 22:29:39 | DEBUG | sivi:base_reverse_runner.py:272| eval_w2 | Epoch 4350, Reverse Model W2: 0.0440
2026-03-28 22:29:39 | DEBUG | sivi:base_runner.py:477| eval_elbo | Epoch 4350, ELBO: -0.0157, Std Total: 0.1978, Std Q: nan, CI Half: 0.0173
2026-03-28 22:29:39 | DEBUG | sivi:base_runner.py:507| eval_ksd | Epoch 4350, VI KSD: 0.0010
2026-03-28 22:29:39 | DEBUG | sivi:base_runner.py:337| eval_kl_ite | Epoch 4360, VI KL to baseline: -0.0088
2026-03-28 22:29:39 | DEBUG | sivi:base_reverse_runner.py:261| eval_kl_ite | Epoch 4360, Reverse Model KL ITE: 0.0376
2026-03-28 22:29:39 | DEBUG | sivi:base_runner.py:347| eval_w2 | Epoch 4360, VI W2 to baseline: 0.0708
2026-03-28 22:29:39 | DEBUG | sivi:base_reverse_runner.py:272| eval_w2 | Epoch 4360, Reverse Model W2: 0.0458
2026-03-28 22:29:39 | DEBUG | sivi:base_runner.py:477| eval_elbo | Epoch 4360, ELBO: -0.0108, Std Total: 0.1967, Std Q: nan, CI Half: 0.0172
2026-03-28 22:29:39 | DEBUG | sivi:base_runner.py:507| eval_ksd | Epoch 4360, VI KSD: 0.0035
2026-03-28 22:29:40 | DEBUG | sivi:base_runner.py:337| eval_kl_ite | Epoch 4370, VI KL to baseline: -0.0175
2026-03-28 22:29:40 | DEBUG | sivi:base_reverse_runner.py:261| eval_kl_ite | Epoch 4370, Reverse Model KL ITE: 0.0497
2026-03-28 22:29:40 | DEBUG | sivi:base_runner.py:347| eval_w2 | Epoch 4370, VI W2 to baseline: 0.0696
2026-03-28 22:29:40 | DEBUG | sivi:base_reverse_runner.py:272| eval_w2 | Epoch 4370, Reverse Model W2: 0.0487
2026-03-28 22:29:40 | DEBUG | sivi:base_runner.py:477| eval_elbo | Epoch 4370, ELBO: -0.0066, Std Total: 0.1828, Std Q: nan, CI Half: 0.0160
2026-03-28 22:29:40 | DEBUG | sivi:base_runner.py:507| eval_ksd | Epoch 4370, VI KSD: 0.0027
2026-03-28 22:29:40 | DEBUG | sivi:base_runner.py:337| eval_kl_ite | Epoch 4380, VI KL to baseline: 0.0330
2026-03-28 22:29:40 | DEBUG | sivi:base_reverse_runner.py:261| eval_kl_ite | Epoch 4380, Reverse Model KL ITE: 0.0528
2026-03-28 22:29:40 | DEBUG | sivi:base_runner.py:347| eval_w2 | Epoch 4380, VI W2 to baseline: 0.0818
2026-03-28 22:29:40 | DEBUG | sivi:base_reverse_runner.py:272| eval_w2 | Epoch 4380, Reverse Model W2: 0.0524
2026-03-28 22:29:40 | DEBUG | sivi:base_runner.py:477| eval_elbo | Epoch 4380, ELBO: 0.0021, Std Total: 0.1649, Std Q: nan, CI Half: 0.0145
2026-03-28 22:29:40 | DEBUG | sivi:base_runner.py:507| eval_ksd | Epoch 4380, VI KSD: 0.0015
2026-03-28 22:29:41 | DEBUG | sivi:base_runner.py:337| eval_kl_ite | Epoch 4390, VI KL to baseline: 0.0121
2026-03-28 22:29:41 | DEBUG | sivi:base_reverse_runner.py:261| eval_kl_ite | Epoch 4390, Reverse Model KL ITE: 0.0811
2026-03-28 22:29:41 | DEBUG | sivi:base_runner.py:347| eval_w2 | Epoch 4390, VI W2 to baseline: 0.0537
2026-03-28 22:29:41 | DEBUG | sivi:base_reverse_runner.py:272| eval_w2 | Epoch 4390, Reverse Model W2: 0.0516
2026-03-28 22:29:41 | DEBUG | sivi:base_runner.py:477| eval_elbo | Epoch 4390, ELBO: -0.0109, Std Total: 0.1505, Std Q: nan, CI Half: 0.0132
2026-03-28 22:29:41 | DEBUG | sivi:base_runner.py:507| eval_ksd | Epoch 4390, VI KSD: 0.0021
2026-03-28 22:29:41 | DEBUG | sivi:base_runner.py:874| learn | Epoch 4400: Avg Loss: -0.0039, Avg Epoch Time: 0.0567s
2026-03-28 22:29:41 | DEBUG | sivi:base_runner.py:337| eval_kl_ite | Epoch 4400, VI KL to baseline: 0.0054
2026-03-28 22:29:42 | DEBUG | sivi:base_reverse_runner.py:261| eval_kl_ite | Epoch 4400, Reverse Model KL ITE: 0.0809
2026-03-28 22:29:42 | DEBUG | sivi:base_runner.py:347| eval_w2 | Epoch 4400, VI W2 to baseline: 0.0544
2026-03-28 22:29:42 | DEBUG | sivi:base_reverse_runner.py:272| eval_w2 | Epoch 4400, Reverse Model W2: 0.0548
2026-03-28 22:29:42 | DEBUG | sivi:base_runner.py:477| eval_elbo | Epoch 4400, ELBO: -0.0096, Std Total: 0.1903, Std Q: nan, CI Half: 0.0167
2026-03-28 22:29:42 | DEBUG | sivi:base_runner.py:507| eval_ksd | Epoch 4400, VI KSD: 0.0024
2026-03-28 22:29:42 | DEBUG | sivi:base_runner.py:337| eval_kl_ite | Epoch 4410, VI KL to baseline: 0.0105
2026-03-28 22:29:42 | DEBUG | sivi:base_reverse_runner.py:261| eval_kl_ite | Epoch 4410, Reverse Model KL ITE: 0.0681
2026-03-28 22:29:42 | DEBUG | sivi:base_runner.py:347| eval_w2 | Epoch 4410, VI W2 to baseline: 0.0714
2026-03-28 22:29:42 | DEBUG | sivi:base_reverse_runner.py:272| eval_w2 | Epoch 4410, Reverse Model W2: 0.0505
2026-03-28 22:29:42 | DEBUG | sivi:base_runner.py:477| eval_elbo | Epoch 4410, ELBO: 0.0010, Std Total: 0.1619, Std Q: nan, CI Half: 0.0142
2026-03-28 22:29:42 | DEBUG | sivi:base_runner.py:507| eval_ksd | Epoch 4410, VI KSD: 0.0013
2026-03-28 22:29:43 | DEBUG | sivi:base_runner.py:337| eval_kl_ite | Epoch 4420, VI KL to baseline: 0.0005
2026-03-28 22:29:43 | DEBUG | sivi:base_reverse_runner.py:261| eval_kl_ite | Epoch 4420, Reverse Model KL ITE: 0.0778
2026-03-28 22:29:43 | DEBUG | sivi:base_runner.py:347| eval_w2 | Epoch 4420, VI W2 to baseline: 0.0524
2026-03-28 22:29:43 | DEBUG | sivi:base_reverse_runner.py:272| eval_w2 | Epoch 4420, Reverse Model W2: 0.0531
2026-03-28 22:29:43 | DEBUG | sivi:base_runner.py:477| eval_elbo | Epoch 4420, ELBO: -0.0116, Std Total: 0.1422, Std Q: nan, CI Half: 0.0125
2026-03-28 22:29:43 | DEBUG | sivi:base_runner.py:507| eval_ksd | Epoch 4420, VI KSD: 0.0013
2026-03-28 22:29:43 | DEBUG | sivi:base_runner.py:337| eval_kl_ite | Epoch 4430, VI KL to baseline: 0.0018
2026-03-28 22:29:43 | DEBUG | sivi:base_reverse_runner.py:261| eval_kl_ite | Epoch 4430, Reverse Model KL ITE: 0.0876
2026-03-28 22:29:43 | DEBUG | sivi:base_runner.py:347| eval_w2 | Epoch 4430, VI W2 to baseline: 0.0433
2026-03-28 22:29:43 | DEBUG | sivi:base_reverse_runner.py:272| eval_w2 | Epoch 4430, Reverse Model W2: 0.0585
2026-03-28 22:29:43 | DEBUG | sivi:base_runner.py:477| eval_elbo | Epoch 4430, ELBO: 0.0006, Std Total: 0.1697, Std Q: nan, CI Half: 0.0149
2026-03-28 22:29:43 | DEBUG | sivi:base_runner.py:507| eval_ksd | Epoch 4430, VI KSD: 0.0015
2026-03-28 22:29:44 | DEBUG | sivi:base_runner.py:337| eval_kl_ite | Epoch 4440, VI KL to baseline: 0.0242
2026-03-28 22:29:44 | DEBUG | sivi:base_reverse_runner.py:261| eval_kl_ite | Epoch 4440, Reverse Model KL ITE: 0.0990
2026-03-28 22:29:44 | DEBUG | sivi:base_runner.py:347| eval_w2 | Epoch 4440, VI W2 to baseline: 0.0521
2026-03-28 22:29:44 | DEBUG | sivi:base_reverse_runner.py:272| eval_w2 | Epoch 4440, Reverse Model W2: 0.0595
2026-03-28 22:29:44 | DEBUG | sivi:base_runner.py:477| eval_elbo | Epoch 4440, ELBO: -0.0124, Std Total: 0.1646, Std Q: nan, CI Half: 0.0144
2026-03-28 22:29:44 | DEBUG | sivi:base_runner.py:507| eval_ksd | Epoch 4440, VI KSD: 0.0022
2026-03-28 22:29:44 | DEBUG | sivi:base_runner.py:337| eval_kl_ite | Epoch 4450, VI KL to baseline: 0.0147
2026-03-28 22:29:44 | DEBUG | sivi:base_reverse_runner.py:261| eval_kl_ite | Epoch 4450, Reverse Model KL ITE: 0.1103
2026-03-28 22:29:44 | DEBUG | sivi:base_runner.py:347| eval_w2 | Epoch 4450, VI W2 to baseline: 0.0539
2026-03-28 22:29:44 | DEBUG | sivi:base_reverse_runner.py:272| eval_w2 | Epoch 4450, Reverse Model W2: 0.0572
2026-03-28 22:29:44 | DEBUG | sivi:base_runner.py:477| eval_elbo | Epoch 4450, ELBO: -0.0063, Std Total: 0.1507, Std Q: nan, CI Half: 0.0132
2026-03-28 22:29:44 | DEBUG | sivi:base_runner.py:507| eval_ksd | Epoch 4450, VI KSD: 0.0021
2026-03-28 22:29:45 | DEBUG | sivi:base_runner.py:337| eval_kl_ite | Epoch 4460, VI KL to baseline: 0.0224
2026-03-28 22:29:45 | DEBUG | sivi:base_reverse_runner.py:261| eval_kl_ite | Epoch 4460, Reverse Model KL ITE: 0.0684
2026-03-28 22:29:45 | DEBUG | sivi:base_runner.py:347| eval_w2 | Epoch 4460, VI W2 to baseline: 0.0776
2026-03-28 22:29:45 | DEBUG | sivi:base_reverse_runner.py:272| eval_w2 | Epoch 4460, Reverse Model W2: 0.0571
2026-03-28 22:29:45 | DEBUG | sivi:base_runner.py:477| eval_elbo | Epoch 4460, ELBO: -0.0132, Std Total: 0.1559, Std Q: nan, CI Half: 0.0137
2026-03-28 22:29:45 | DEBUG | sivi:base_runner.py:507| eval_ksd | Epoch 4460, VI KSD: 0.0011
2026-03-28 22:29:45 | DEBUG | sivi:base_runner.py:337| eval_kl_ite | Epoch 4470, VI KL to baseline: 0.0179
2026-03-28 22:29:45 | DEBUG | sivi:base_reverse_runner.py:261| eval_kl_ite | Epoch 4470, Reverse Model KL ITE: 0.0714
2026-03-28 22:29:45 | DEBUG | sivi:base_runner.py:347| eval_w2 | Epoch 4470, VI W2 to baseline: 0.0669
2026-03-28 22:29:46 | DEBUG | sivi:base_reverse_runner.py:272| eval_w2 | Epoch 4470, Reverse Model W2: 0.0559
2026-03-28 22:29:46 | DEBUG | sivi:base_runner.py:477| eval_elbo | Epoch 4470, ELBO: 0.0051, Std Total: 0.1999, Std Q: nan, CI Half: 0.0175
2026-03-28 22:29:46 | DEBUG | sivi:base_runner.py:507| eval_ksd | Epoch 4470, VI KSD: 0.0030
2026-03-28 22:29:46 | DEBUG | sivi:base_runner.py:337| eval_kl_ite | Epoch 4480, VI KL to baseline: 0.0009
2026-03-28 22:29:46 | DEBUG | sivi:base_reverse_runner.py:261| eval_kl_ite | Epoch 4480, Reverse Model KL ITE: 0.0715
2026-03-28 22:29:46 | DEBUG | sivi:base_runner.py:347| eval_w2 | Epoch 4480, VI W2 to baseline: 0.0519
2026-03-28 22:29:46 | DEBUG | sivi:base_reverse_runner.py:272| eval_w2 | Epoch 4480, Reverse Model W2: 0.0484
2026-03-28 22:29:46 | DEBUG | sivi:base_runner.py:477| eval_elbo | Epoch 4480, ELBO: 0.0092, Std Total: 0.1669, Std Q: nan, CI Half: 0.0146
2026-03-28 22:29:46 | DEBUG | sivi:base_runner.py:507| eval_ksd | Epoch 4480, VI KSD: 0.0028
2026-03-28 22:29:47 | DEBUG | sivi:base_runner.py:337| eval_kl_ite | Epoch 4490, VI KL to baseline: 0.0116
2026-03-28 22:29:47 | DEBUG | sivi:base_reverse_runner.py:261| eval_kl_ite | Epoch 4490, Reverse Model KL ITE: 0.0670
2026-03-28 22:29:47 | DEBUG | sivi:base_runner.py:347| eval_w2 | Epoch 4490, VI W2 to baseline: 0.0507
2026-03-28 22:29:47 | DEBUG | sivi:base_reverse_runner.py:272| eval_w2 | Epoch 4490, Reverse Model W2: 0.0473
2026-03-28 22:29:47 | DEBUG | sivi:base_runner.py:477| eval_elbo | Epoch 4490, ELBO: -0.0009, Std Total: 0.1909, Std Q: nan, CI Half: 0.0167
2026-03-28 22:29:47 | DEBUG | sivi:base_runner.py:507| eval_ksd | Epoch 4490, VI KSD: 0.0022
2026-03-28 22:29:47 | DEBUG | sivi:base_runner.py:874| learn | Epoch 4500: Avg Loss: -0.0087, Avg Epoch Time: 0.0579s
2026-03-28 22:29:47 | DEBUG | sivi:base_reverse_runner.py:183| _training_rev_log_func | Epoch 4500, Inner epoch 1, Reverse Model Loss: 4.9434, Avg Steps: 1.0000
2026-03-28 22:29:47 | DEBUG | sivi:base_runner.py:588| save_samples | Saved 100000 samples at epoch 4500.
2026-03-28 22:29:47 | DEBUG | sivi:base_runner.py:337| eval_kl_ite | Epoch 4500, VI KL to baseline: -0.0023
2026-03-28 22:29:47 | DEBUG | sivi:base_reverse_runner.py:261| eval_kl_ite | Epoch 4500, Reverse Model KL ITE: 0.0861
2026-03-28 22:29:47 | DEBUG | sivi:base_runner.py:347| eval_w2 | Epoch 4500, VI W2 to baseline: 0.0632
2026-03-28 22:29:47 | DEBUG | sivi:base_reverse_runner.py:272| eval_w2 | Epoch 4500, Reverse Model W2: 0.0529
2026-03-28 22:29:47 | DEBUG | sivi:base_runner.py:477| eval_elbo | Epoch 4500, ELBO: 0.0033, Std Total: 0.1260, Std Q: nan, CI Half: 0.0110
2026-03-28 22:29:47 | DEBUG | sivi:base_runner.py:507| eval_ksd | Epoch 4500, VI KSD: 0.0009
2026-03-28 22:29:47 | DEBUG | sivi:base_runner.py:970| learn | Saved contour plot at epoch 4500.
2026-03-28 22:29:48 | DEBUG | sivi:base_runner.py:337| eval_kl_ite | Epoch 4510, VI KL to baseline: 0.0128
2026-03-28 22:29:48 | DEBUG | sivi:base_reverse_runner.py:261| eval_kl_ite | Epoch 4510, Reverse Model KL ITE: 0.0744
2026-03-28 22:29:48 | DEBUG | sivi:base_runner.py:347| eval_w2 | Epoch 4510, VI W2 to baseline: 0.0532
2026-03-28 22:29:48 | DEBUG | sivi:base_reverse_runner.py:272| eval_w2 | Epoch 4510, Reverse Model W2: 0.0523
2026-03-28 22:29:48 | DEBUG | sivi:base_runner.py:477| eval_elbo | Epoch 4510, ELBO: 0.0024, Std Total: 0.1503, Std Q: nan, CI Half: 0.0132
2026-03-28 22:29:48 | DEBUG | sivi:base_runner.py:507| eval_ksd | Epoch 4510, VI KSD: 0.0025
2026-03-28 22:29:48 | DEBUG | sivi:base_runner.py:337| eval_kl_ite | Epoch 4520, VI KL to baseline: 0.0136
2026-03-28 22:29:48 | DEBUG | sivi:base_reverse_runner.py:261| eval_kl_ite | Epoch 4520, Reverse Model KL ITE: 0.0723
2026-03-28 22:29:48 | DEBUG | sivi:base_runner.py:347| eval_w2 | Epoch 4520, VI W2 to baseline: 0.0515
2026-03-28 22:29:48 | DEBUG | sivi:base_reverse_runner.py:272| eval_w2 | Epoch 4520, Reverse Model W2: 0.0528
2026-03-28 22:29:48 | DEBUG | sivi:base_runner.py:477| eval_elbo | Epoch 4520, ELBO: -0.0161, Std Total: 0.1430, Std Q: nan, CI Half: 0.0125
2026-03-28 22:29:48 | DEBUG | sivi:base_runner.py:507| eval_ksd | Epoch 4520, VI KSD: 0.0014
2026-03-28 22:29:49 | DEBUG | sivi:base_runner.py:337| eval_kl_ite | Epoch 4530, VI KL to baseline: 0.0060
2026-03-28 22:29:49 | DEBUG | sivi:base_reverse_runner.py:261| eval_kl_ite | Epoch 4530, Reverse Model KL ITE: 0.0565
2026-03-28 22:29:49 | DEBUG | sivi:base_runner.py:347| eval_w2 | Epoch 4530, VI W2 to baseline: 0.0490
2026-03-28 22:29:49 | DEBUG | sivi:base_reverse_runner.py:272| eval_w2 | Epoch 4530, Reverse Model W2: 0.0530
2026-03-28 22:29:49 | DEBUG | sivi:base_runner.py:477| eval_elbo | Epoch 4530, ELBO: -0.0072, Std Total: 0.1475, Std Q: nan, CI Half: 0.0129
2026-03-28 22:29:49 | DEBUG | sivi:base_runner.py:507| eval_ksd | Epoch 4530, VI KSD: -0.0001
2026-03-28 22:29:49 | DEBUG | sivi:base_runner.py:337| eval_kl_ite | Epoch 4540, VI KL to baseline: -0.0070
2026-03-28 22:29:49 | DEBUG | sivi:base_reverse_runner.py:261| eval_kl_ite | Epoch 4540, Reverse Model KL ITE: 0.0726
2026-03-28 22:29:50 | DEBUG | sivi:base_runner.py:347| eval_w2 | Epoch 4540, VI W2 to baseline: 0.0428
2026-03-28 22:29:50 | DEBUG | sivi:base_reverse_runner.py:272| eval_w2 | Epoch 4540, Reverse Model W2: 0.0480
2026-03-28 22:29:50 | DEBUG | sivi:base_runner.py:477| eval_elbo | Epoch 4540, ELBO: 0.0170, Std Total: 0.1798, Std Q: nan, CI Half: 0.0158
2026-03-28 22:29:50 | DEBUG | sivi:base_runner.py:507| eval_ksd | Epoch 4540, VI KSD: -0.0000
2026-03-28 22:29:50 | DEBUG | sivi:base_runner.py:337| eval_kl_ite | Epoch 4550, VI KL to baseline: 0.0146
2026-03-28 22:29:50 | DEBUG | sivi:base_reverse_runner.py:261| eval_kl_ite | Epoch 4550, Reverse Model KL ITE: 0.0902
2026-03-28 22:29:50 | DEBUG | sivi:base_runner.py:347| eval_w2 | Epoch 4550, VI W2 to baseline: 0.0395
2026-03-28 22:29:50 | DEBUG | sivi:base_reverse_runner.py:272| eval_w2 | Epoch 4550, Reverse Model W2: 0.0581
2026-03-28 22:29:50 | DEBUG | sivi:base_runner.py:477| eval_elbo | Epoch 4550, ELBO: 0.0100, Std Total: 0.1323, Std Q: nan, CI Half: 0.0116
2026-03-28 22:29:50 | DEBUG | sivi:base_runner.py:507| eval_ksd | Epoch 4550, VI KSD: 0.0006
2026-03-28 22:29:51 | DEBUG | sivi:base_runner.py:337| eval_kl_ite | Epoch 4560, VI KL to baseline: 0.0142
2026-03-28 22:29:51 | DEBUG | sivi:base_reverse_runner.py:261| eval_kl_ite | Epoch 4560, Reverse Model KL ITE: 0.0846
2026-03-28 22:29:51 | DEBUG | sivi:base_runner.py:347| eval_w2 | Epoch 4560, VI W2 to baseline: 0.0410
2026-03-28 22:29:51 | DEBUG | sivi:base_reverse_runner.py:272| eval_w2 | Epoch 4560, Reverse Model W2: 0.0470
2026-03-28 22:29:51 | DEBUG | sivi:base_runner.py:477| eval_elbo | Epoch 4560, ELBO: 0.0085, Std Total: 0.1623, Std Q: nan, CI Half: 0.0142
2026-03-28 22:29:51 | DEBUG | sivi:base_runner.py:507| eval_ksd | Epoch 4560, VI KSD: 0.0004
2026-03-28 22:29:51 | DEBUG | sivi:base_runner.py:337| eval_kl_ite | Epoch 4570, VI KL to baseline: 0.0083
2026-03-28 22:29:51 | DEBUG | sivi:base_reverse_runner.py:261| eval_kl_ite | Epoch 4570, Reverse Model KL ITE: 0.0794
2026-03-28 22:29:51 | DEBUG | sivi:base_runner.py:347| eval_w2 | Epoch 4570, VI W2 to baseline: 0.0381
2026-03-28 22:29:51 | DEBUG | sivi:base_reverse_runner.py:272| eval_w2 | Epoch 4570, Reverse Model W2: 0.0515
2026-03-28 22:29:51 | DEBUG | sivi:base_runner.py:477| eval_elbo | Epoch 4570, ELBO: 0.0033, Std Total: 0.1464, Std Q: nan, CI Half: 0.0128
2026-03-28 22:29:51 | DEBUG | sivi:base_runner.py:507| eval_ksd | Epoch 4570, VI KSD: 0.0020
2026-03-28 22:29:52 | DEBUG | sivi:base_runner.py:337| eval_kl_ite | Epoch 4580, VI KL to baseline: 0.0214
2026-03-28 22:29:52 | DEBUG | sivi:base_reverse_runner.py:261| eval_kl_ite | Epoch 4580, Reverse Model KL ITE: 0.0836
2026-03-28 22:29:52 | DEBUG | sivi:base_runner.py:347| eval_w2 | Epoch 4580, VI W2 to baseline: 0.0513
2026-03-28 22:29:52 | DEBUG | sivi:base_reverse_runner.py:272| eval_w2 | Epoch 4580, Reverse Model W2: 0.0484
2026-03-28 22:29:52 | DEBUG | sivi:base_runner.py:477| eval_elbo | Epoch 4580, ELBO: -0.0077, Std Total: 0.1297, Std Q: nan, CI Half: 0.0114
2026-03-28 22:29:52 | DEBUG | sivi:base_runner.py:507| eval_ksd | Epoch 4580, VI KSD: 0.0022
2026-03-28 22:29:52 | DEBUG | sivi:base_runner.py:337| eval_kl_ite | Epoch 4590, VI KL to baseline: 0.0197
2026-03-28 22:29:52 | DEBUG | sivi:base_reverse_runner.py:261| eval_kl_ite | Epoch 4590, Reverse Model KL ITE: 0.0742
2026-03-28 22:29:52 | DEBUG | sivi:base_runner.py:347| eval_w2 | Epoch 4590, VI W2 to baseline: 0.0429
2026-03-28 22:29:52 | DEBUG | sivi:base_reverse_runner.py:272| eval_w2 | Epoch 4590, Reverse Model W2: 0.0532
2026-03-28 22:29:52 | DEBUG | sivi:base_runner.py:477| eval_elbo | Epoch 4590, ELBO: -0.0022, Std Total: 0.1390, Std Q: nan, CI Half: 0.0122
2026-03-28 22:29:52 | DEBUG | sivi:base_runner.py:507| eval_ksd | Epoch 4590, VI KSD: 0.0013
2026-03-28 22:29:53 | DEBUG | sivi:base_runner.py:874| learn | Epoch 4600: Avg Loss: 0.0063, Avg Epoch Time: 0.0573s
2026-03-28 22:29:53 | DEBUG | sivi:base_runner.py:337| eval_kl_ite | Epoch 4600, VI KL to baseline: 0.0099
2026-03-28 22:29:53 | DEBUG | sivi:base_reverse_runner.py:261| eval_kl_ite | Epoch 4600, Reverse Model KL ITE: 0.0605
2026-03-28 22:29:53 | DEBUG | sivi:base_runner.py:347| eval_w2 | Epoch 4600, VI W2 to baseline: 0.0402
2026-03-28 22:29:53 | DEBUG | sivi:base_reverse_runner.py:272| eval_w2 | Epoch 4600, Reverse Model W2: 0.0459
2026-03-28 22:29:53 | DEBUG | sivi:base_runner.py:477| eval_elbo | Epoch 4600, ELBO: -0.0022, Std Total: 0.1553, Std Q: nan, CI Half: 0.0136
2026-03-28 22:29:53 | DEBUG | sivi:base_runner.py:507| eval_ksd | Epoch 4600, VI KSD: 0.0009
2026-03-28 22:29:54 | DEBUG | sivi:base_runner.py:337| eval_kl_ite | Epoch 4610, VI KL to baseline: 0.0197
2026-03-28 22:29:54 | DEBUG | sivi:base_reverse_runner.py:261| eval_kl_ite | Epoch 4610, Reverse Model KL ITE: 0.0687
2026-03-28 22:29:54 | DEBUG | sivi:base_runner.py:347| eval_w2 | Epoch 4610, VI W2 to baseline: 0.0536
2026-03-28 22:29:54 | DEBUG | sivi:base_reverse_runner.py:272| eval_w2 | Epoch 4610, Reverse Model W2: 0.0518
2026-03-28 22:29:54 | DEBUG | sivi:base_runner.py:477| eval_elbo | Epoch 4610, ELBO: 0.0057, Std Total: 0.1771, Std Q: nan, CI Half: 0.0155
2026-03-28 22:29:54 | DEBUG | sivi:base_runner.py:507| eval_ksd | Epoch 4610, VI KSD: 0.0006
2026-03-28 22:29:54 | DEBUG | sivi:base_runner.py:337| eval_kl_ite | Epoch 4620, VI KL to baseline: 0.0261
2026-03-28 22:29:54 | DEBUG | sivi:base_reverse_runner.py:261| eval_kl_ite | Epoch 4620, Reverse Model KL ITE: 0.0330
2026-03-28 22:29:54 | DEBUG | sivi:base_runner.py:347| eval_w2 | Epoch 4620, VI W2 to baseline: 0.0475
2026-03-28 22:29:54 | DEBUG | sivi:base_reverse_runner.py:272| eval_w2 | Epoch 4620, Reverse Model W2: 0.0548
2026-03-28 22:29:54 | DEBUG | sivi:base_runner.py:477| eval_elbo | Epoch 4620, ELBO: 0.0011, Std Total: 0.1521, Std Q: nan, CI Half: 0.0133
2026-03-28 22:29:54 | DEBUG | sivi:base_runner.py:507| eval_ksd | Epoch 4620, VI KSD: 0.0017
2026-03-28 22:29:55 | DEBUG | sivi:base_runner.py:337| eval_kl_ite | Epoch 4630, VI KL to baseline: 0.0208
2026-03-28 22:29:55 | DEBUG | sivi:base_reverse_runner.py:261| eval_kl_ite | Epoch 4630, Reverse Model KL ITE: 0.0730
2026-03-28 22:29:55 | DEBUG | sivi:base_runner.py:347| eval_w2 | Epoch 4630, VI W2 to baseline: 0.0465
2026-03-28 22:29:55 | DEBUG | sivi:base_reverse_runner.py:272| eval_w2 | Epoch 4630, Reverse Model W2: 0.0497
2026-03-28 22:29:55 | DEBUG | sivi:base_runner.py:477| eval_elbo | Epoch 4630, ELBO: -0.0064, Std Total: 0.1161, Std Q: nan, CI Half: 0.0102
2026-03-28 22:29:55 | DEBUG | sivi:base_runner.py:507| eval_ksd | Epoch 4630, VI KSD: 0.0005
2026-03-28 22:29:55 | DEBUG | sivi:base_runner.py:337| eval_kl_ite | Epoch 4640, VI KL to baseline: -0.0123
2026-03-28 22:29:56 | DEBUG | sivi:base_reverse_runner.py:261| eval_kl_ite | Epoch 4640, Reverse Model KL ITE: 0.0427
2026-03-28 22:29:56 | DEBUG | sivi:base_runner.py:347| eval_w2 | Epoch 4640, VI W2 to baseline: 0.0397
2026-03-28 22:29:56 | DEBUG | sivi:base_reverse_runner.py:272| eval_w2 | Epoch 4640, Reverse Model W2: 0.0445
2026-03-28 22:29:56 | DEBUG | sivi:base_runner.py:477| eval_elbo | Epoch 4640, ELBO: 0.0056, Std Total: 0.1353, Std Q: nan, CI Half: 0.0119
2026-03-28 22:29:56 | DEBUG | sivi:base_runner.py:507| eval_ksd | Epoch 4640, VI KSD: -0.0005
2026-03-28 22:29:56 | DEBUG | sivi:base_runner.py:337| eval_kl_ite | Epoch 4650, VI KL to baseline: 0.0123
2026-03-28 22:29:56 | DEBUG | sivi:base_reverse_runner.py:261| eval_kl_ite | Epoch 4650, Reverse Model KL ITE: 0.0482
2026-03-28 22:29:56 | DEBUG | sivi:base_runner.py:347| eval_w2 | Epoch 4650, VI W2 to baseline: 0.0392
2026-03-28 22:29:56 | DEBUG | sivi:base_reverse_runner.py:272| eval_w2 | Epoch 4650, Reverse Model W2: 0.0488
2026-03-28 22:29:56 | DEBUG | sivi:base_runner.py:477| eval_elbo | Epoch 4650, ELBO: 0.0133, Std Total: 0.1441, Std Q: nan, CI Half: 0.0126
2026-03-28 22:29:56 | DEBUG | sivi:base_runner.py:507| eval_ksd | Epoch 4650, VI KSD: 0.0015
2026-03-28 22:29:57 | DEBUG | sivi:base_runner.py:337| eval_kl_ite | Epoch 4660, VI KL to baseline: 0.0126
2026-03-28 22:29:57 | DEBUG | sivi:base_reverse_runner.py:261| eval_kl_ite | Epoch 4660, Reverse Model KL ITE: 0.0343
2026-03-28 22:29:57 | DEBUG | sivi:base_runner.py:347| eval_w2 | Epoch 4660, VI W2 to baseline: 0.0371
2026-03-28 22:29:57 | DEBUG | sivi:base_reverse_runner.py:272| eval_w2 | Epoch 4660, Reverse Model W2: 0.0480
2026-03-28 22:29:57 | DEBUG | sivi:base_runner.py:477| eval_elbo | Epoch 4660, ELBO: 0.0166, Std Total: 0.1402, Std Q: nan, CI Half: 0.0123
2026-03-28 22:29:57 | DEBUG | sivi:base_runner.py:507| eval_ksd | Epoch 4660, VI KSD: 0.0005
2026-03-28 22:29:57 | DEBUG | sivi:base_runner.py:337| eval_kl_ite | Epoch 4670, VI KL to baseline: 0.0066
2026-03-28 22:29:57 | DEBUG | sivi:base_reverse_runner.py:261| eval_kl_ite | Epoch 4670, Reverse Model KL ITE: 0.0682
2026-03-28 22:29:57 | DEBUG | sivi:base_runner.py:347| eval_w2 | Epoch 4670, VI W2 to baseline: 0.0415
2026-03-28 22:29:58 | DEBUG | sivi:base_reverse_runner.py:272| eval_w2 | Epoch 4670, Reverse Model W2: 0.0558
2026-03-28 22:29:58 | DEBUG | sivi:base_runner.py:477| eval_elbo | Epoch 4670, ELBO: 0.0090, Std Total: 0.1100, Std Q: nan, CI Half: 0.0096
2026-03-28 22:29:58 | DEBUG | sivi:base_runner.py:507| eval_ksd | Epoch 4670, VI KSD: 0.0004
2026-03-28 22:29:58 | DEBUG | sivi:base_runner.py:337| eval_kl_ite | Epoch 4680, VI KL to baseline: 0.0131
2026-03-28 22:29:58 | DEBUG | sivi:base_reverse_runner.py:261| eval_kl_ite | Epoch 4680, Reverse Model KL ITE: 0.0498
2026-03-28 22:29:58 | DEBUG | sivi:base_runner.py:347| eval_w2 | Epoch 4680, VI W2 to baseline: 0.0366
2026-03-28 22:29:58 | DEBUG | sivi:base_reverse_runner.py:272| eval_w2 | Epoch 4680, Reverse Model W2: 0.0429
2026-03-28 22:29:58 | DEBUG | sivi:base_runner.py:477| eval_elbo | Epoch 4680, ELBO: 0.0006, Std Total: 0.1549, Std Q: nan, CI Half: 0.0136
2026-03-28 22:29:58 | DEBUG | sivi:base_runner.py:507| eval_ksd | Epoch 4680, VI KSD: -0.0006
2026-03-28 22:29:59 | DEBUG | sivi:base_runner.py:337| eval_kl_ite | Epoch 4690, VI KL to baseline: 0.0077
2026-03-28 22:29:59 | DEBUG | sivi:base_reverse_runner.py:261| eval_kl_ite | Epoch 4690, Reverse Model KL ITE: 0.0512
2026-03-28 22:29:59 | DEBUG | sivi:base_runner.py:347| eval_w2 | Epoch 4690, VI W2 to baseline: 0.0389
2026-03-28 22:29:59 | DEBUG | sivi:base_reverse_runner.py:272| eval_w2 | Epoch 4690, Reverse Model W2: 0.0435
2026-03-28 22:29:59 | DEBUG | sivi:base_runner.py:477| eval_elbo | Epoch 4690, ELBO: -0.0063, Std Total: 0.1691, Std Q: nan, CI Half: 0.0148
2026-03-28 22:29:59 | DEBUG | sivi:base_runner.py:507| eval_ksd | Epoch 4690, VI KSD: 0.0020
2026-03-28 22:29:59 | DEBUG | sivi:base_runner.py:874| learn | Epoch 4700: Avg Loss: 0.0010, Avg Epoch Time: 0.0627s
2026-03-28 22:29:59 | DEBUG | sivi:base_runner.py:337| eval_kl_ite | Epoch 4700, VI KL to baseline: 0.0034
2026-03-28 22:29:59 | DEBUG | sivi:base_reverse_runner.py:261| eval_kl_ite | Epoch 4700, Reverse Model KL ITE: 0.0610
2026-03-28 22:29:59 | DEBUG | sivi:base_runner.py:347| eval_w2 | Epoch 4700, VI W2 to baseline: 0.0396
2026-03-28 22:29:59 | DEBUG | sivi:base_reverse_runner.py:272| eval_w2 | Epoch 4700, Reverse Model W2: 0.0497
2026-03-28 22:29:59 | DEBUG | sivi:base_runner.py:477| eval_elbo | Epoch 4700, ELBO: -0.0051, Std Total: 0.1382, Std Q: nan, CI Half: 0.0121
2026-03-28 22:29:59 | DEBUG | sivi:base_runner.py:507| eval_ksd | Epoch 4700, VI KSD: 0.0006
2026-03-28 22:30:00 | DEBUG | sivi:base_runner.py:337| eval_kl_ite | Epoch 4710, VI KL to baseline: -0.0020
2026-03-28 22:30:00 | DEBUG | sivi:base_reverse_runner.py:261| eval_kl_ite | Epoch 4710, Reverse Model KL ITE: 0.0683
2026-03-28 22:30:00 | DEBUG | sivi:base_runner.py:347| eval_w2 | Epoch 4710, VI W2 to baseline: 0.0417
2026-03-28 22:30:00 | DEBUG | sivi:base_reverse_runner.py:272| eval_w2 | Epoch 4710, Reverse Model W2: 0.0460
2026-03-28 22:30:00 | DEBUG | sivi:base_runner.py:477| eval_elbo | Epoch 4710, ELBO: -0.0059, Std Total: 0.1169, Std Q: nan, CI Half: 0.0102
2026-03-28 22:30:00 | DEBUG | sivi:base_runner.py:507| eval_ksd | Epoch 4710, VI KSD: 0.0008
2026-03-28 22:30:00 | DEBUG | sivi:base_runner.py:337| eval_kl_ite | Epoch 4720, VI KL to baseline: 0.0199
2026-03-28 22:30:00 | DEBUG | sivi:base_reverse_runner.py:261| eval_kl_ite | Epoch 4720, Reverse Model KL ITE: 0.0776
2026-03-28 22:30:00 | DEBUG | sivi:base_runner.py:347| eval_w2 | Epoch 4720, VI W2 to baseline: 0.0329
2026-03-28 22:30:00 | DEBUG | sivi:base_reverse_runner.py:272| eval_w2 | Epoch 4720, Reverse Model W2: 0.0450
2026-03-28 22:30:00 | DEBUG | sivi:base_runner.py:477| eval_elbo | Epoch 4720, ELBO: 0.0023, Std Total: 0.1091, Std Q: nan, CI Half: 0.0096
2026-03-28 22:30:00 | DEBUG | sivi:base_runner.py:507| eval_ksd | Epoch 4720, VI KSD: 0.0004
2026-03-28 22:30:01 | DEBUG | sivi:base_runner.py:337| eval_kl_ite | Epoch 4730, VI KL to baseline: 0.0048
2026-03-28 22:30:01 | DEBUG | sivi:base_reverse_runner.py:261| eval_kl_ite | Epoch 4730, Reverse Model KL ITE: 0.0703
2026-03-28 22:30:01 | DEBUG | sivi:base_runner.py:347| eval_w2 | Epoch 4730, VI W2 to baseline: 0.0381
2026-03-28 22:30:01 | DEBUG | sivi:base_reverse_runner.py:272| eval_w2 | Epoch 4730, Reverse Model W2: 0.0515
2026-03-28 22:30:01 | DEBUG | sivi:base_runner.py:477| eval_elbo | Epoch 4730, ELBO: -0.0068, Std Total: 0.1278, Std Q: nan, CI Half: 0.0112
2026-03-28 22:30:01 | DEBUG | sivi:base_runner.py:507| eval_ksd | Epoch 4730, VI KSD: -0.0003
2026-03-28 22:30:01 | DEBUG | sivi:base_runner.py:337| eval_kl_ite | Epoch 4740, VI KL to baseline: 0.0089
2026-03-28 22:30:01 | DEBUG | sivi:base_reverse_runner.py:261| eval_kl_ite | Epoch 4740, Reverse Model KL ITE: 0.0765
2026-03-28 22:30:01 | DEBUG | sivi:base_runner.py:347| eval_w2 | Epoch 4740, VI W2 to baseline: 0.0494
2026-03-28 22:30:01 | DEBUG | sivi:base_reverse_runner.py:272| eval_w2 | Epoch 4740, Reverse Model W2: 0.0540
2026-03-28 22:30:01 | DEBUG | sivi:base_runner.py:477| eval_elbo | Epoch 4740, ELBO: -0.0052, Std Total: 0.1163, Std Q: nan, CI Half: 0.0102
2026-03-28 22:30:01 | DEBUG | sivi:base_runner.py:507| eval_ksd | Epoch 4740, VI KSD: 0.0004
2026-03-28 22:30:02 | DEBUG | sivi:base_runner.py:337| eval_kl_ite | Epoch 4750, VI KL to baseline: 0.0092
2026-03-28 22:30:02 | DEBUG | sivi:base_reverse_runner.py:261| eval_kl_ite | Epoch 4750, Reverse Model KL ITE: 0.0410
2026-03-28 22:30:02 | DEBUG | sivi:base_runner.py:347| eval_w2 | Epoch 4750, VI W2 to baseline: 0.0521
2026-03-28 22:30:02 | DEBUG | sivi:base_reverse_runner.py:272| eval_w2 | Epoch 4750, Reverse Model W2: 0.0567
2026-03-28 22:30:02 | DEBUG | sivi:base_runner.py:477| eval_elbo | Epoch 4750, ELBO: 0.0107, Std Total: 0.1211, Std Q: nan, CI Half: 0.0106
2026-03-28 22:30:02 | DEBUG | sivi:base_runner.py:507| eval_ksd | Epoch 4750, VI KSD: 0.0003
2026-03-28 22:30:02 | DEBUG | sivi:base_runner.py:337| eval_kl_ite | Epoch 4760, VI KL to baseline: 0.0004
2026-03-28 22:30:03 | DEBUG | sivi:base_reverse_runner.py:261| eval_kl_ite | Epoch 4760, Reverse Model KL ITE: 0.0551
2026-03-28 22:30:03 | DEBUG | sivi:base_runner.py:347| eval_w2 | Epoch 4760, VI W2 to baseline: 0.0476
2026-03-28 22:30:03 | DEBUG | sivi:base_reverse_runner.py:272| eval_w2 | Epoch 4760, Reverse Model W2: 0.0494
2026-03-28 22:30:03 | DEBUG | sivi:base_runner.py:477| eval_elbo | Epoch 4760, ELBO: -0.0087, Std Total: 0.1416, Std Q: nan, CI Half: 0.0124
2026-03-28 22:30:03 | DEBUG | sivi:base_runner.py:507| eval_ksd | Epoch 4760, VI KSD: 0.0010
2026-03-28 22:30:03 | DEBUG | sivi:base_runner.py:337| eval_kl_ite | Epoch 4770, VI KL to baseline: 0.0167
2026-03-28 22:30:03 | DEBUG | sivi:base_reverse_runner.py:261| eval_kl_ite | Epoch 4770, Reverse Model KL ITE: 0.0698
2026-03-28 22:30:03 | DEBUG | sivi:base_runner.py:347| eval_w2 | Epoch 4770, VI W2 to baseline: 0.0470
2026-03-28 22:30:03 | DEBUG | sivi:base_reverse_runner.py:272| eval_w2 | Epoch 4770, Reverse Model W2: 0.0472
2026-03-28 22:30:03 | DEBUG | sivi:base_runner.py:477| eval_elbo | Epoch 4770, ELBO: 0.0014, Std Total: 0.1054, Std Q: nan, CI Half: 0.0092
2026-03-28 22:30:03 | DEBUG | sivi:base_runner.py:507| eval_ksd | Epoch 4770, VI KSD: 0.0007
2026-03-28 22:30:04 | DEBUG | sivi:base_runner.py:337| eval_kl_ite | Epoch 4780, VI KL to baseline: 0.0024
2026-03-28 22:30:04 | DEBUG | sivi:base_reverse_runner.py:261| eval_kl_ite | Epoch 4780, Reverse Model KL ITE: 0.0601
2026-03-28 22:30:04 | DEBUG | sivi:base_runner.py:347| eval_w2 | Epoch 4780, VI W2 to baseline: 0.0436
2026-03-28 22:30:04 | DEBUG | sivi:base_reverse_runner.py:272| eval_w2 | Epoch 4780, Reverse Model W2: 0.0468
2026-03-28 22:30:04 | DEBUG | sivi:base_runner.py:477| eval_elbo | Epoch 4780, ELBO: -0.0041, Std Total: 0.1162, Std Q: nan, CI Half: 0.0102
2026-03-28 22:30:04 | DEBUG | sivi:base_runner.py:507| eval_ksd | Epoch 4780, VI KSD: 0.0010
2026-03-28 22:30:05 | DEBUG | sivi:base_runner.py:337| eval_kl_ite | Epoch 4790, VI KL to baseline: 0.0001
2026-03-28 22:30:05 | DEBUG | sivi:base_reverse_runner.py:261| eval_kl_ite | Epoch 4790, Reverse Model KL ITE: 0.0443
2026-03-28 22:30:05 | DEBUG | sivi:base_runner.py:347| eval_w2 | Epoch 4790, VI W2 to baseline: 0.0391
2026-03-28 22:30:05 | DEBUG | sivi:base_reverse_runner.py:272| eval_w2 | Epoch 4790, Reverse Model W2: 0.0416
2026-03-28 22:30:05 | DEBUG | sivi:base_runner.py:477| eval_elbo | Epoch 4790, ELBO: -0.0017, Std Total: 0.1697, Std Q: nan, CI Half: 0.0149
2026-03-28 22:30:05 | DEBUG | sivi:base_runner.py:507| eval_ksd | Epoch 4790, VI KSD: 0.0009
2026-03-28 22:30:05 | DEBUG | sivi:base_runner.py:874| learn | Epoch 4800: Avg Loss: 0.0036, Avg Epoch Time: 0.0611s
2026-03-28 22:30:05 | DEBUG | sivi:base_runner.py:337| eval_kl_ite | Epoch 4800, VI KL to baseline: 0.0237
2026-03-28 22:30:05 | DEBUG | sivi:base_reverse_runner.py:261| eval_kl_ite | Epoch 4800, Reverse Model KL ITE: 0.0428
2026-03-28 22:30:05 | DEBUG | sivi:base_runner.py:347| eval_w2 | Epoch 4800, VI W2 to baseline: 0.0363
2026-03-28 22:30:06 | DEBUG | sivi:base_reverse_runner.py:272| eval_w2 | Epoch 4800, Reverse Model W2: 0.0458
2026-03-28 22:30:06 | DEBUG | sivi:base_runner.py:477| eval_elbo | Epoch 4800, ELBO: 0.0066, Std Total: 0.1204, Std Q: nan, CI Half: 0.0106
2026-03-28 22:30:06 | DEBUG | sivi:base_runner.py:507| eval_ksd | Epoch 4800, VI KSD: 0.0002
2026-03-28 22:30:06 | DEBUG | sivi:base_runner.py:337| eval_kl_ite | Epoch 4810, VI KL to baseline: 0.0067
2026-03-28 22:30:06 | DEBUG | sivi:base_reverse_runner.py:261| eval_kl_ite | Epoch 4810, Reverse Model KL ITE: 0.0667
2026-03-28 22:30:06 | DEBUG | sivi:base_runner.py:347| eval_w2 | Epoch 4810, VI W2 to baseline: 0.0477
2026-03-28 22:30:06 | DEBUG | sivi:base_reverse_runner.py:272| eval_w2 | Epoch 4810, Reverse Model W2: 0.0424
2026-03-28 22:30:06 | DEBUG | sivi:base_runner.py:477| eval_elbo | Epoch 4810, ELBO: 0.0053, Std Total: 0.1147, Std Q: nan, CI Half: 0.0101
2026-03-28 22:30:06 | DEBUG | sivi:base_runner.py:507| eval_ksd | Epoch 4810, VI KSD: 0.0004
2026-03-28 22:30:06 | DEBUG | sivi:base_runner.py:337| eval_kl_ite | Epoch 4820, VI KL to baseline: 0.0077
2026-03-28 22:30:06 | DEBUG | sivi:base_reverse_runner.py:261| eval_kl_ite | Epoch 4820, Reverse Model KL ITE: 0.0540
2026-03-28 22:30:07 | DEBUG | sivi:base_runner.py:347| eval_w2 | Epoch 4820, VI W2 to baseline: 0.0470
2026-03-28 22:30:07 | DEBUG | sivi:base_reverse_runner.py:272| eval_w2 | Epoch 4820, Reverse Model W2: 0.0587
2026-03-28 22:30:07 | DEBUG | sivi:base_runner.py:477| eval_elbo | Epoch 4820, ELBO: 0.0063, Std Total: 0.1870, Std Q: nan, CI Half: 0.0164
2026-03-28 22:30:07 | DEBUG | sivi:base_runner.py:507| eval_ksd | Epoch 4820, VI KSD: 0.0003
2026-03-28 22:30:07 | DEBUG | sivi:base_runner.py:337| eval_kl_ite | Epoch 4830, VI KL to baseline: 0.0076
2026-03-28 22:30:07 | DEBUG | sivi:base_reverse_runner.py:261| eval_kl_ite | Epoch 4830, Reverse Model KL ITE: 0.0535
2026-03-28 22:30:07 | DEBUG | sivi:base_runner.py:347| eval_w2 | Epoch 4830, VI W2 to baseline: 0.0233
2026-03-28 22:30:07 | DEBUG | sivi:base_reverse_runner.py:272| eval_w2 | Epoch 4830, Reverse Model W2: 0.0392
2026-03-28 22:30:07 | DEBUG | sivi:base_runner.py:477| eval_elbo | Epoch 4830, ELBO: 0.0058, Std Total: 0.1125, Std Q: nan, CI Half: 0.0099
2026-03-28 22:30:07 | DEBUG | sivi:base_runner.py:507| eval_ksd | Epoch 4830, VI KSD: 0.0021
2026-03-28 22:30:07 | DEBUG | sivi:base_runner.py:337| eval_kl_ite | Epoch 4840, VI KL to baseline: 0.0037
2026-03-28 22:30:08 | DEBUG | sivi:base_reverse_runner.py:261| eval_kl_ite | Epoch 4840, Reverse Model KL ITE: 0.0681
2026-03-28 22:30:08 | DEBUG | sivi:base_runner.py:347| eval_w2 | Epoch 4840, VI W2 to baseline: 0.0471
2026-03-28 22:30:08 | DEBUG | sivi:base_reverse_runner.py:272| eval_w2 | Epoch 4840, Reverse Model W2: 0.0497
2026-03-28 22:30:08 | DEBUG | sivi:base_runner.py:477| eval_elbo | Epoch 4840, ELBO: 0.0193, Std Total: 0.1860, Std Q: nan, CI Half: 0.0163
2026-03-28 22:30:08 | DEBUG | sivi:base_runner.py:507| eval_ksd | Epoch 4840, VI KSD: 0.0000
2026-03-28 22:30:08 | DEBUG | sivi:base_runner.py:337| eval_kl_ite | Epoch 4850, VI KL to baseline: 0.0005
2026-03-28 22:30:08 | DEBUG | sivi:base_reverse_runner.py:261| eval_kl_ite | Epoch 4850, Reverse Model KL ITE: 0.0576
2026-03-28 22:30:08 | DEBUG | sivi:base_runner.py:347| eval_w2 | Epoch 4850, VI W2 to baseline: 0.0833
2026-03-28 22:30:08 | DEBUG | sivi:base_reverse_runner.py:272| eval_w2 | Epoch 4850, Reverse Model W2: 0.0504
2026-03-28 22:30:08 | DEBUG | sivi:base_runner.py:477| eval_elbo | Epoch 4850, ELBO: -0.0026, Std Total: 0.1165, Std Q: nan, CI Half: 0.0102
2026-03-28 22:30:08 | DEBUG | sivi:base_runner.py:507| eval_ksd | Epoch 4850, VI KSD: 0.0001
2026-03-28 22:30:09 | DEBUG | sivi:base_runner.py:337| eval_kl_ite | Epoch 4860, VI KL to baseline: 0.0009
2026-03-28 22:30:09 | DEBUG | sivi:base_reverse_runner.py:261| eval_kl_ite | Epoch 4860, Reverse Model KL ITE: 0.0427
2026-03-28 22:30:09 | DEBUG | sivi:base_runner.py:347| eval_w2 | Epoch 4860, VI W2 to baseline: 0.0475
2026-03-28 22:30:09 | DEBUG | sivi:base_reverse_runner.py:272| eval_w2 | Epoch 4860, Reverse Model W2: 0.0452
2026-03-28 22:30:09 | DEBUG | sivi:base_runner.py:477| eval_elbo | Epoch 4860, ELBO: 0.0026, Std Total: 0.1567, Std Q: nan, CI Half: 0.0137
2026-03-28 22:30:09 | DEBUG | sivi:base_runner.py:507| eval_ksd | Epoch 4860, VI KSD: 0.0001
2026-03-28 22:30:09 | DEBUG | sivi:base_runner.py:337| eval_kl_ite | Epoch 4870, VI KL to baseline: 0.0049
2026-03-28 22:30:09 | DEBUG | sivi:base_reverse_runner.py:261| eval_kl_ite | Epoch 4870, Reverse Model KL ITE: 0.0584
2026-03-28 22:30:09 | DEBUG | sivi:base_runner.py:347| eval_w2 | Epoch 4870, VI W2 to baseline: 0.0496
2026-03-28 22:30:09 | DEBUG | sivi:base_reverse_runner.py:272| eval_w2 | Epoch 4870, Reverse Model W2: 0.0441
2026-03-28 22:30:09 | DEBUG | sivi:base_runner.py:477| eval_elbo | Epoch 4870, ELBO: -0.0126, Std Total: 0.1690, Std Q: nan, CI Half: 0.0148
2026-03-28 22:30:09 | DEBUG | sivi:base_runner.py:507| eval_ksd | Epoch 4870, VI KSD: -0.0004
2026-03-28 22:30:10 | DEBUG | sivi:base_runner.py:337| eval_kl_ite | Epoch 4880, VI KL to baseline: 0.0035
2026-03-28 22:30:10 | DEBUG | sivi:base_reverse_runner.py:261| eval_kl_ite | Epoch 4880, Reverse Model KL ITE: 0.0692
2026-03-28 22:30:10 | DEBUG | sivi:base_runner.py:347| eval_w2 | Epoch 4880, VI W2 to baseline: 0.0837
2026-03-28 22:30:10 | DEBUG | sivi:base_reverse_runner.py:272| eval_w2 | Epoch 4880, Reverse Model W2: 0.0433
2026-03-28 22:30:10 | DEBUG | sivi:base_runner.py:477| eval_elbo | Epoch 4880, ELBO: 0.0032, Std Total: 0.1250, Std Q: nan, CI Half: 0.0110
2026-03-28 22:30:10 | DEBUG | sivi:base_runner.py:507| eval_ksd | Epoch 4880, VI KSD: 0.0006
2026-03-28 22:30:10 | DEBUG | sivi:base_runner.py:337| eval_kl_ite | Epoch 4890, VI KL to baseline: 0.0022
2026-03-28 22:30:10 | DEBUG | sivi:base_reverse_runner.py:261| eval_kl_ite | Epoch 4890, Reverse Model KL ITE: 0.0410
2026-03-28 22:30:10 | DEBUG | sivi:base_runner.py:347| eval_w2 | Epoch 4890, VI W2 to baseline: 0.0524
2026-03-28 22:30:10 | DEBUG | sivi:base_reverse_runner.py:272| eval_w2 | Epoch 4890, Reverse Model W2: 0.0422
2026-03-28 22:30:10 | DEBUG | sivi:base_runner.py:477| eval_elbo | Epoch 4890, ELBO: -0.0058, Std Total: 0.1256, Std Q: nan, CI Half: 0.0110
2026-03-28 22:30:10 | DEBUG | sivi:base_runner.py:507| eval_ksd | Epoch 4890, VI KSD: -0.0008
2026-03-28 22:30:11 | DEBUG | sivi:base_runner.py:874| learn | Epoch 4900: Avg Loss: -0.0031, Avg Epoch Time: 0.0540s
2026-03-28 22:30:11 | DEBUG | sivi:base_runner.py:337| eval_kl_ite | Epoch 4900, VI KL to baseline: 0.0014
2026-03-28 22:30:11 | DEBUG | sivi:base_reverse_runner.py:261| eval_kl_ite | Epoch 4900, Reverse Model KL ITE: 0.0597
2026-03-28 22:30:11 | DEBUG | sivi:base_runner.py:347| eval_w2 | Epoch 4900, VI W2 to baseline: 0.0711
2026-03-28 22:30:11 | DEBUG | sivi:base_reverse_runner.py:272| eval_w2 | Epoch 4900, Reverse Model W2: 0.0413
2026-03-28 22:30:11 | DEBUG | sivi:base_runner.py:477| eval_elbo | Epoch 4900, ELBO: -0.0002, Std Total: 0.1310, Std Q: nan, CI Half: 0.0115
2026-03-28 22:30:11 | DEBUG | sivi:base_runner.py:507| eval_ksd | Epoch 4900, VI KSD: -0.0000
2026-03-28 22:30:11 | DEBUG | sivi:base_runner.py:337| eval_kl_ite | Epoch 4910, VI KL to baseline: 0.0221
2026-03-28 22:30:11 | DEBUG | sivi:base_reverse_runner.py:261| eval_kl_ite | Epoch 4910, Reverse Model KL ITE: 0.0676
2026-03-28 22:30:11 | DEBUG | sivi:base_runner.py:347| eval_w2 | Epoch 4910, VI W2 to baseline: 0.0624
2026-03-28 22:30:11 | DEBUG | sivi:base_reverse_runner.py:272| eval_w2 | Epoch 4910, Reverse Model W2: 0.0475
2026-03-28 22:30:11 | DEBUG | sivi:base_runner.py:477| eval_elbo | Epoch 4910, ELBO: 0.0081, Std Total: 0.1037, Std Q: nan, CI Half: 0.0091
2026-03-28 22:30:11 | DEBUG | sivi:base_runner.py:507| eval_ksd | Epoch 4910, VI KSD: -0.0004
2026-03-28 22:30:12 | DEBUG | sivi:base_runner.py:337| eval_kl_ite | Epoch 4920, VI KL to baseline: 0.0052
2026-03-28 22:30:12 | DEBUG | sivi:base_reverse_runner.py:261| eval_kl_ite | Epoch 4920, Reverse Model KL ITE: 0.0496
2026-03-28 22:30:12 | DEBUG | sivi:base_runner.py:347| eval_w2 | Epoch 4920, VI W2 to baseline: 0.0730
2026-03-28 22:30:12 | DEBUG | sivi:base_reverse_runner.py:272| eval_w2 | Epoch 4920, Reverse Model W2: 0.0406
2026-03-28 22:30:12 | DEBUG | sivi:base_runner.py:477| eval_elbo | Epoch 4920, ELBO: 0.0065, Std Total: 0.1273, Std Q: nan, CI Half: 0.0112
2026-03-28 22:30:12 | DEBUG | sivi:base_runner.py:507| eval_ksd | Epoch 4920, VI KSD: -0.0003
2026-03-28 22:30:12 | DEBUG | sivi:base_runner.py:337| eval_kl_ite | Epoch 4930, VI KL to baseline: 0.0059
2026-03-28 22:30:13 | DEBUG | sivi:base_reverse_runner.py:261| eval_kl_ite | Epoch 4930, Reverse Model KL ITE: 0.0746
2026-03-28 22:30:13 | DEBUG | sivi:base_runner.py:347| eval_w2 | Epoch 4930, VI W2 to baseline: 0.0938
2026-03-28 22:30:13 | DEBUG | sivi:base_reverse_runner.py:272| eval_w2 | Epoch 4930, Reverse Model W2: 0.0506
2026-03-28 22:30:13 | DEBUG | sivi:base_runner.py:477| eval_elbo | Epoch 4930, ELBO: 0.0064, Std Total: 0.1457, Std Q: nan, CI Half: 0.0128
2026-03-28 22:30:13 | DEBUG | sivi:base_runner.py:507| eval_ksd | Epoch 4930, VI KSD: 0.0006
2026-03-28 22:30:13 | DEBUG | sivi:base_runner.py:337| eval_kl_ite | Epoch 4940, VI KL to baseline: 0.0089
2026-03-28 22:30:13 | DEBUG | sivi:base_reverse_runner.py:261| eval_kl_ite | Epoch 4940, Reverse Model KL ITE: 0.0866
2026-03-28 22:30:13 | DEBUG | sivi:base_runner.py:347| eval_w2 | Epoch 4940, VI W2 to baseline: 0.0473
2026-03-28 22:30:13 | DEBUG | sivi:base_reverse_runner.py:272| eval_w2 | Epoch 4940, Reverse Model W2: 0.0498
2026-03-28 22:30:13 | DEBUG | sivi:base_runner.py:477| eval_elbo | Epoch 4940, ELBO: 0.0060, Std Total: 0.1839, Std Q: nan, CI Half: 0.0161
2026-03-28 22:30:13 | DEBUG | sivi:base_runner.py:507| eval_ksd | Epoch 4940, VI KSD: 0.0011
2026-03-28 22:30:14 | DEBUG | sivi:base_runner.py:337| eval_kl_ite | Epoch 4950, VI KL to baseline: 0.0017
2026-03-28 22:30:14 | DEBUG | sivi:base_reverse_runner.py:261| eval_kl_ite | Epoch 4950, Reverse Model KL ITE: 0.0750
2026-03-28 22:30:14 | DEBUG | sivi:base_runner.py:347| eval_w2 | Epoch 4950, VI W2 to baseline: 0.0615
2026-03-28 22:30:14 | DEBUG | sivi:base_reverse_runner.py:272| eval_w2 | Epoch 4950, Reverse Model W2: 0.0465
2026-03-28 22:30:14 | DEBUG | sivi:base_runner.py:477| eval_elbo | Epoch 4950, ELBO: 0.0096, Std Total: 0.1509, Std Q: nan, CI Half: 0.0132
2026-03-28 22:30:14 | DEBUG | sivi:base_runner.py:507| eval_ksd | Epoch 4950, VI KSD: 0.0005
2026-03-28 22:30:14 | DEBUG | sivi:base_runner.py:337| eval_kl_ite | Epoch 4960, VI KL to baseline: 0.0104
2026-03-28 22:30:14 | DEBUG | sivi:base_reverse_runner.py:261| eval_kl_ite | Epoch 4960, Reverse Model KL ITE: 0.0717
2026-03-28 22:30:14 | DEBUG | sivi:base_runner.py:347| eval_w2 | Epoch 4960, VI W2 to baseline: 0.0587
2026-03-28 22:30:14 | DEBUG | sivi:base_reverse_runner.py:272| eval_w2 | Epoch 4960, Reverse Model W2: 0.0500
2026-03-28 22:30:14 | DEBUG | sivi:base_runner.py:477| eval_elbo | Epoch 4960, ELBO: 0.0035, Std Total: 0.1597, Std Q: nan, CI Half: 0.0140
2026-03-28 22:30:14 | DEBUG | sivi:base_runner.py:507| eval_ksd | Epoch 4960, VI KSD: 0.0011
2026-03-28 22:30:15 | DEBUG | sivi:base_runner.py:337| eval_kl_ite | Epoch 4970, VI KL to baseline: 0.0062
2026-03-28 22:30:15 | DEBUG | sivi:base_reverse_runner.py:261| eval_kl_ite | Epoch 4970, Reverse Model KL ITE: 0.0550
2026-03-28 22:30:15 | DEBUG | sivi:base_runner.py:347| eval_w2 | Epoch 4970, VI W2 to baseline: 0.0599
2026-03-28 22:30:15 | DEBUG | sivi:base_reverse_runner.py:272| eval_w2 | Epoch 4970, Reverse Model W2: 0.0461
2026-03-28 22:30:15 | DEBUG | sivi:base_runner.py:477| eval_elbo | Epoch 4970, ELBO: -0.0033, Std Total: 0.1280, Std Q: nan, CI Half: 0.0112
2026-03-28 22:30:15 | DEBUG | sivi:base_runner.py:507| eval_ksd | Epoch 4970, VI KSD: 0.0009
2026-03-28 22:30:15 | DEBUG | sivi:base_runner.py:337| eval_kl_ite | Epoch 4980, VI KL to baseline: -0.0146
2026-03-28 22:30:15 | DEBUG | sivi:base_reverse_runner.py:261| eval_kl_ite | Epoch 4980, Reverse Model KL ITE: 0.0731
2026-03-28 22:30:15 | DEBUG | sivi:base_runner.py:347| eval_w2 | Epoch 4980, VI W2 to baseline: 0.1173
2026-03-28 22:30:15 | DEBUG | sivi:base_reverse_runner.py:272| eval_w2 | Epoch 4980, Reverse Model W2: 0.0479
2026-03-28 22:30:15 | DEBUG | sivi:base_runner.py:477| eval_elbo | Epoch 4980, ELBO: -0.0012, Std Total: 0.1494, Std Q: nan, CI Half: 0.0131
2026-03-28 22:30:15 | DEBUG | sivi:base_runner.py:507| eval_ksd | Epoch 4980, VI KSD: 0.0023
2026-03-28 22:30:16 | DEBUG | sivi:base_runner.py:337| eval_kl_ite | Epoch 4990, VI KL to baseline: -0.0014
2026-03-28 22:30:16 | DEBUG | sivi:base_reverse_runner.py:261| eval_kl_ite | Epoch 4990, Reverse Model KL ITE: 0.0863
2026-03-28 22:30:16 | DEBUG | sivi:base_runner.py:347| eval_w2 | Epoch 4990, VI W2 to baseline: 0.0511
2026-03-28 22:30:16 | DEBUG | sivi:base_reverse_runner.py:272| eval_w2 | Epoch 4990, Reverse Model W2: 0.0444
2026-03-28 22:30:16 | DEBUG | sivi:base_runner.py:477| eval_elbo | Epoch 4990, ELBO: 0.0024, Std Total: 0.1561, Std Q: nan, CI Half: 0.0137
2026-03-28 22:30:16 | DEBUG | sivi:base_runner.py:507| eval_ksd | Epoch 4990, VI KSD: 0.0003
2026-03-28 22:30:17 | DEBUG | sivi:base_runner.py:874| learn | Epoch 5000: Avg Loss: 0.0087, Avg Epoch Time: 0.0591s
2026-03-28 22:30:17 | DEBUG | sivi:base_reverse_runner.py:183| _training_rev_log_func | Epoch 5000, Inner epoch 1, Reverse Model Loss: 4.9356, Avg Steps: 1.0000
2026-03-28 22:30:17 | DEBUG | sivi:base_runner.py:588| save_samples | Saved 100000 samples at epoch 5000.
2026-03-28 22:30:17 | DEBUG | sivi:base_runner.py:607| save_checkpoint | Saved VIModel checkpoints at epoch 5000 to results/AISIVI/multimodal/20260328_222515/checkpoints/epoch_5000.
2026-03-28 22:30:17 | DEBUG | sivi:base_reverse_runner.py:476| save_checkpoint | Saved reverse checkpoints at epoch 5000 to results/AISIVI/multimodal/20260328_222515/checkpoints/epoch_5000.
2026-03-28 22:30:17 | DEBUG | sivi:base_runner.py:337| eval_kl_ite | Epoch 5000, VI KL to baseline: 0.0042
2026-03-28 22:30:17 | DEBUG | sivi:base_reverse_runner.py:261| eval_kl_ite | Epoch 5000, Reverse Model KL ITE: 0.0740
2026-03-28 22:30:17 | DEBUG | sivi:base_runner.py:347| eval_w2 | Epoch 5000, VI W2 to baseline: 0.0484
2026-03-28 22:30:17 | DEBUG | sivi:base_reverse_runner.py:272| eval_w2 | Epoch 5000, Reverse Model W2: 0.0458
2026-03-28 22:30:17 | DEBUG | sivi:base_runner.py:477| eval_elbo | Epoch 5000, ELBO: 0.0029, Std Total: 0.1371, Std Q: nan, CI Half: 0.0120
2026-03-28 22:30:17 | DEBUG | sivi:base_runner.py:507| eval_ksd | Epoch 5000, VI KSD: 0.0014
2026-03-28 22:30:17 | DEBUG | sivi:base_runner.py:970| learn | Saved contour plot at epoch 5000.
2026-03-28 22:30:17 | DEBUG | sivi:base_runner.py:337| eval_kl_ite | Epoch 5010, VI KL to baseline: 0.0059
2026-03-28 22:30:17 | DEBUG | sivi:base_reverse_runner.py:261| eval_kl_ite | Epoch 5010, Reverse Model KL ITE: 0.0599
2026-03-28 22:30:17 | DEBUG | sivi:base_runner.py:347| eval_w2 | Epoch 5010, VI W2 to baseline: 0.0506
2026-03-28 22:30:17 | DEBUG | sivi:base_reverse_runner.py:272| eval_w2 | Epoch 5010, Reverse Model W2: 0.0591
2026-03-28 22:30:17 | DEBUG | sivi:base_runner.py:477| eval_elbo | Epoch 5010, ELBO: 0.0085, Std Total: 0.1384, Std Q: nan, CI Half: 0.0121
2026-03-28 22:30:17 | DEBUG | sivi:base_runner.py:507| eval_ksd | Epoch 5010, VI KSD: 0.0021
2026-03-28 22:30:18 | DEBUG | sivi:base_runner.py:337| eval_kl_ite | Epoch 5020, VI KL to baseline: 0.0159
2026-03-28 22:30:18 | DEBUG | sivi:base_reverse_runner.py:261| eval_kl_ite | Epoch 5020, Reverse Model KL ITE: 0.0607
2026-03-28 22:30:18 | DEBUG | sivi:base_runner.py:347| eval_w2 | Epoch 5020, VI W2 to baseline: 0.0497
2026-03-28 22:30:18 | DEBUG | sivi:base_reverse_runner.py:272| eval_w2 | Epoch 5020, Reverse Model W2: 0.0411
2026-03-28 22:30:18 | DEBUG | sivi:base_runner.py:477| eval_elbo | Epoch 5020, ELBO: -0.0031, Std Total: 0.1571, Std Q: nan, CI Half: 0.0138
2026-03-28 22:30:18 | DEBUG | sivi:base_runner.py:507| eval_ksd | Epoch 5020, VI KSD: 0.0022
2026-03-28 22:30:18 | DEBUG | sivi:base_runner.py:337| eval_kl_ite | Epoch 5030, VI KL to baseline: 0.0169
2026-03-28 22:30:18 | DEBUG | sivi:base_reverse_runner.py:261| eval_kl_ite | Epoch 5030, Reverse Model KL ITE: 0.0713
2026-03-28 22:30:18 | DEBUG | sivi:base_runner.py:347| eval_w2 | Epoch 5030, VI W2 to baseline: 0.0498
2026-03-28 22:30:18 | DEBUG | sivi:base_reverse_runner.py:272| eval_w2 | Epoch 5030, Reverse Model W2: 0.0509
2026-03-28 22:30:18 | DEBUG | sivi:base_runner.py:477| eval_elbo | Epoch 5030, ELBO: -0.0068, Std Total: 0.1114, Std Q: nan, CI Half: 0.0098
2026-03-28 22:30:18 | DEBUG | sivi:base_runner.py:507| eval_ksd | Epoch 5030, VI KSD: -0.0009
2026-03-28 22:30:19 | DEBUG | sivi:base_runner.py:337| eval_kl_ite | Epoch 5040, VI KL to baseline: 0.0224
2026-03-28 22:30:19 | DEBUG | sivi:base_reverse_runner.py:261| eval_kl_ite | Epoch 5040, Reverse Model KL ITE: 0.0856
2026-03-28 22:30:19 | DEBUG | sivi:base_runner.py:347| eval_w2 | Epoch 5040, VI W2 to baseline: 0.1027
2026-03-28 22:30:19 | DEBUG | sivi:base_reverse_runner.py:272| eval_w2 | Epoch 5040, Reverse Model W2: 0.0491
2026-03-28 22:30:19 | DEBUG | sivi:base_runner.py:477| eval_elbo | Epoch 5040, ELBO: -0.0086, Std Total: 0.1685, Std Q: nan, CI Half: 0.0148
2026-03-28 22:30:19 | DEBUG | sivi:base_runner.py:507| eval_ksd | Epoch 5040, VI KSD: 0.0019
2026-03-28 22:30:19 | DEBUG | sivi:base_runner.py:337| eval_kl_ite | Epoch 5050, VI KL to baseline: -0.0110
2026-03-28 22:30:20 | DEBUG | sivi:base_reverse_runner.py:261| eval_kl_ite | Epoch 5050, Reverse Model KL ITE: 0.0640
2026-03-28 22:30:20 | DEBUG | sivi:base_runner.py:347| eval_w2 | Epoch 5050, VI W2 to baseline: 0.0963
2026-03-28 22:30:20 | DEBUG | sivi:base_reverse_runner.py:272| eval_w2 | Epoch 5050, Reverse Model W2: 0.0520
2026-03-28 22:30:20 | DEBUG | sivi:base_runner.py:477| eval_elbo | Epoch 5050, ELBO: -0.0087, Std Total: 0.1533, Std Q: nan, CI Half: 0.0134
2026-03-28 22:30:20 | DEBUG | sivi:base_runner.py:507| eval_ksd | Epoch 5050, VI KSD: 0.0005
2026-03-28 22:30:20 | DEBUG | sivi:base_runner.py:337| eval_kl_ite | Epoch 5060, VI KL to baseline: 0.0060
2026-03-28 22:30:20 | DEBUG | sivi:base_reverse_runner.py:261| eval_kl_ite | Epoch 5060, Reverse Model KL ITE: 0.0683
2026-03-28 22:30:20 | DEBUG | sivi:base_runner.py:347| eval_w2 | Epoch 5060, VI W2 to baseline: 0.0859
2026-03-28 22:30:20 | DEBUG | sivi:base_reverse_runner.py:272| eval_w2 | Epoch 5060, Reverse Model W2: 0.0438
2026-03-28 22:30:20 | DEBUG | sivi:base_runner.py:477| eval_elbo | Epoch 5060, ELBO: -0.0055, Std Total: 0.1516, Std Q: nan, CI Half: 0.0133
2026-03-28 22:30:20 | DEBUG | sivi:base_runner.py:507| eval_ksd | Epoch 5060, VI KSD: 0.0017
2026-03-28 22:30:21 | DEBUG | sivi:base_runner.py:337| eval_kl_ite | Epoch 5070, VI KL to baseline: 0.0010
2026-03-28 22:30:21 | DEBUG | sivi:base_reverse_runner.py:261| eval_kl_ite | Epoch 5070, Reverse Model KL ITE: 0.0602
2026-03-28 22:30:21 | DEBUG | sivi:base_runner.py:347| eval_w2 | Epoch 5070, VI W2 to baseline: 0.0864
2026-03-28 22:30:21 | DEBUG | sivi:base_reverse_runner.py:272| eval_w2 | Epoch 5070, Reverse Model W2: 0.0422
2026-03-28 22:30:21 | DEBUG | sivi:base_runner.py:477| eval_elbo | Epoch 5070, ELBO: 0.0109, Std Total: 0.1556, Std Q: nan, CI Half: 0.0136
2026-03-28 22:30:21 | DEBUG | sivi:base_runner.py:507| eval_ksd | Epoch 5070, VI KSD: 0.0007
2026-03-28 22:30:21 | DEBUG | sivi:base_runner.py:337| eval_kl_ite | Epoch 5080, VI KL to baseline: 0.0225
2026-03-28 22:30:21 | DEBUG | sivi:base_reverse_runner.py:261| eval_kl_ite | Epoch 5080, Reverse Model KL ITE: 0.0706
2026-03-28 22:30:21 | DEBUG | sivi:base_runner.py:347| eval_w2 | Epoch 5080, VI W2 to baseline: 0.0643
2026-03-28 22:30:21 | DEBUG | sivi:base_reverse_runner.py:272| eval_w2 | Epoch 5080, Reverse Model W2: 0.0413
2026-03-28 22:30:21 | DEBUG | sivi:base_runner.py:477| eval_elbo | Epoch 5080, ELBO: 0.0129, Std Total: 0.1629, Std Q: nan, CI Half: 0.0143
2026-03-28 22:30:21 | DEBUG | sivi:base_runner.py:507| eval_ksd | Epoch 5080, VI KSD: 0.0008
2026-03-28 22:30:21 | DEBUG | sivi:base_runner.py:337| eval_kl_ite | Epoch 5090, VI KL to baseline: 0.0112
2026-03-28 22:30:22 | DEBUG | sivi:base_reverse_runner.py:261| eval_kl_ite | Epoch 5090, Reverse Model KL ITE: 0.0669
2026-03-28 22:30:22 | DEBUG | sivi:base_runner.py:347| eval_w2 | Epoch 5090, VI W2 to baseline: 0.0551
2026-03-28 22:30:22 | DEBUG | sivi:base_reverse_runner.py:272| eval_w2 | Epoch 5090, Reverse Model W2: 0.0427
2026-03-28 22:30:22 | DEBUG | sivi:base_runner.py:477| eval_elbo | Epoch 5090, ELBO: -0.0056, Std Total: 0.1600, Std Q: nan, CI Half: 0.0140
2026-03-28 22:30:22 | DEBUG | sivi:base_runner.py:507| eval_ksd | Epoch 5090, VI KSD: 0.0025
2026-03-28 22:30:22 | DEBUG | sivi:base_runner.py:874| learn | Epoch 5100: Avg Loss: 0.0060, Avg Epoch Time: 0.0552s
2026-03-28 22:30:22 | DEBUG | sivi:base_runner.py:337| eval_kl_ite | Epoch 5100, VI KL to baseline: 0.0123
2026-03-28 22:30:22 | DEBUG | sivi:base_reverse_runner.py:261| eval_kl_ite | Epoch 5100, Reverse Model KL ITE: 0.0614
2026-03-28 22:30:22 | DEBUG | sivi:base_runner.py:347| eval_w2 | Epoch 5100, VI W2 to baseline: 0.0772
2026-03-28 22:30:22 | DEBUG | sivi:base_reverse_runner.py:272| eval_w2 | Epoch 5100, Reverse Model W2: 0.0465
2026-03-28 22:30:22 | DEBUG | sivi:base_runner.py:477| eval_elbo | Epoch 5100, ELBO: 0.0038, Std Total: 0.1403, Std Q: nan, CI Half: 0.0123
2026-03-28 22:30:22 | DEBUG | sivi:base_runner.py:507| eval_ksd | Epoch 5100, VI KSD: -0.0007
2026-03-28 22:30:23 | DEBUG | sivi:base_runner.py:337| eval_kl_ite | Epoch 5110, VI KL to baseline: 0.0070
2026-03-28 22:30:23 | DEBUG | sivi:base_reverse_runner.py:261| eval_kl_ite | Epoch 5110, Reverse Model KL ITE: 0.0573
2026-03-28 22:30:23 | DEBUG | sivi:base_runner.py:347| eval_w2 | Epoch 5110, VI W2 to baseline: 0.0426
2026-03-28 22:30:23 | DEBUG | sivi:base_reverse_runner.py:272| eval_w2 | Epoch 5110, Reverse Model W2: 0.0465
2026-03-28 22:30:23 | DEBUG | sivi:base_runner.py:477| eval_elbo | Epoch 5110, ELBO: -0.0025, Std Total: 0.1138, Std Q: nan, CI Half: 0.0100
2026-03-28 22:30:23 | DEBUG | sivi:base_runner.py:507| eval_ksd | Epoch 5110, VI KSD: -0.0001
2026-03-28 22:30:23 | DEBUG | sivi:base_runner.py:337| eval_kl_ite | Epoch 5120, VI KL to baseline: 0.0084
2026-03-28 22:30:23 | DEBUG | sivi:base_reverse_runner.py:261| eval_kl_ite | Epoch 5120, Reverse Model KL ITE: 0.0807
2026-03-28 22:30:23 | DEBUG | sivi:base_runner.py:347| eval_w2 | Epoch 5120, VI W2 to baseline: 0.0528
2026-03-28 22:30:23 | DEBUG | sivi:base_reverse_runner.py:272| eval_w2 | Epoch 5120, Reverse Model W2: 0.0501
2026-03-28 22:30:23 | DEBUG | sivi:base_runner.py:477| eval_elbo | Epoch 5120, ELBO: 0.0102, Std Total: 0.1044, Std Q: nan, CI Half: 0.0092
2026-03-28 22:30:23 | DEBUG | sivi:base_runner.py:507| eval_ksd | Epoch 5120, VI KSD: 0.0004
2026-03-28 22:30:24 | DEBUG | sivi:base_runner.py:337| eval_kl_ite | Epoch 5130, VI KL to baseline: 0.0100
2026-03-28 22:30:24 | DEBUG | sivi:base_reverse_runner.py:261| eval_kl_ite | Epoch 5130, Reverse Model KL ITE: 0.0666
2026-03-28 22:30:24 | DEBUG | sivi:base_runner.py:347| eval_w2 | Epoch 5130, VI W2 to baseline: 0.0513
2026-03-28 22:30:24 | DEBUG | sivi:base_reverse_runner.py:272| eval_w2 | Epoch 5130, Reverse Model W2: 0.0459
2026-03-28 22:30:24 | DEBUG | sivi:base_runner.py:477| eval_elbo | Epoch 5130, ELBO: 0.0030, Std Total: 0.1254, Std Q: nan, CI Half: 0.0110
2026-03-28 22:30:24 | DEBUG | sivi:base_runner.py:507| eval_ksd | Epoch 5130, VI KSD: -0.0005
2026-03-28 22:30:24 | DEBUG | sivi:base_runner.py:337| eval_kl_ite | Epoch 5140, VI KL to baseline: -0.0174
2026-03-28 22:30:24 | DEBUG | sivi:base_reverse_runner.py:261| eval_kl_ite | Epoch 5140, Reverse Model KL ITE: 0.0843
2026-03-28 22:30:24 | DEBUG | sivi:base_runner.py:347| eval_w2 | Epoch 5140, VI W2 to baseline: 0.0860
2026-03-28 22:30:24 | DEBUG | sivi:base_reverse_runner.py:272| eval_w2 | Epoch 5140, Reverse Model W2: 0.0498
2026-03-28 22:30:24 | DEBUG | sivi:base_runner.py:477| eval_elbo | Epoch 5140, ELBO: 0.0157, Std Total: 0.1277, Std Q: nan, CI Half: 0.0112
2026-03-28 22:30:24 | DEBUG | sivi:base_runner.py:507| eval_ksd | Epoch 5140, VI KSD: 0.0011
2026-03-28 22:30:25 | DEBUG | sivi:base_runner.py:337| eval_kl_ite | Epoch 5150, VI KL to baseline: 0.0218
2026-03-28 22:30:25 | DEBUG | sivi:base_reverse_runner.py:261| eval_kl_ite | Epoch 5150, Reverse Model KL ITE: 0.0767
2026-03-28 22:30:25 | DEBUG | sivi:base_runner.py:347| eval_w2 | Epoch 5150, VI W2 to baseline: 0.0539
2026-03-28 22:30:25 | DEBUG | sivi:base_reverse_runner.py:272| eval_w2 | Epoch 5150, Reverse Model W2: 0.0527
2026-03-28 22:30:25 | DEBUG | sivi:base_runner.py:477| eval_elbo | Epoch 5150, ELBO: 0.0099, Std Total: 0.1745, Std Q: nan, CI Half: 0.0153
2026-03-28 22:30:25 | DEBUG | sivi:base_runner.py:507| eval_ksd | Epoch 5150, VI KSD: 0.0012
2026-03-28 22:30:25 | DEBUG | sivi:base_runner.py:337| eval_kl_ite | Epoch 5160, VI KL to baseline: 0.0006
2026-03-28 22:30:26 | DEBUG | sivi:base_reverse_runner.py:261| eval_kl_ite | Epoch 5160, Reverse Model KL ITE: 0.0588
2026-03-28 22:30:26 | DEBUG | sivi:base_runner.py:347| eval_w2 | Epoch 5160, VI W2 to baseline: 0.0570
2026-03-28 22:30:26 | DEBUG | sivi:base_reverse_runner.py:272| eval_w2 | Epoch 5160, Reverse Model W2: 0.0491
2026-03-28 22:30:26 | DEBUG | sivi:base_runner.py:477| eval_elbo | Epoch 5160, ELBO: 0.0012, Std Total: 0.1237, Std Q: nan, CI Half: 0.0108
2026-03-28 22:30:26 | DEBUG | sivi:base_runner.py:507| eval_ksd | Epoch 5160, VI KSD: 0.0009
2026-03-28 22:30:26 | DEBUG | sivi:base_runner.py:337| eval_kl_ite | Epoch 5170, VI KL to baseline: 0.0085
2026-03-28 22:30:26 | DEBUG | sivi:base_reverse_runner.py:261| eval_kl_ite | Epoch 5170, Reverse Model KL ITE: 0.0725
2026-03-28 22:30:26 | DEBUG | sivi:base_runner.py:347| eval_w2 | Epoch 5170, VI W2 to baseline: 0.0581
2026-03-28 22:30:26 | DEBUG | sivi:base_reverse_runner.py:272| eval_w2 | Epoch 5170, Reverse Model W2: 0.0473
2026-03-28 22:30:26 | DEBUG | sivi:base_runner.py:477| eval_elbo | Epoch 5170, ELBO: -0.0046, Std Total: 0.1216, Std Q: nan, CI Half: 0.0107
2026-03-28 22:30:26 | DEBUG | sivi:base_runner.py:507| eval_ksd | Epoch 5170, VI KSD: -0.0009
2026-03-28 22:30:27 | DEBUG | sivi:base_runner.py:337| eval_kl_ite | Epoch 5180, VI KL to baseline: 0.0216
2026-03-28 22:30:27 | DEBUG | sivi:base_reverse_runner.py:261| eval_kl_ite | Epoch 5180, Reverse Model KL ITE: 0.0628
2026-03-28 22:30:27 | DEBUG | sivi:base_runner.py:347| eval_w2 | Epoch 5180, VI W2 to baseline: 0.0446
2026-03-28 22:30:27 | DEBUG | sivi:base_reverse_runner.py:272| eval_w2 | Epoch 5180, Reverse Model W2: 0.0487
2026-03-28 22:30:27 | DEBUG | sivi:base_runner.py:477| eval_elbo | Epoch 5180, ELBO: -0.0032, Std Total: 0.0993, Std Q: nan, CI Half: 0.0087
2026-03-28 22:30:27 | DEBUG | sivi:base_runner.py:507| eval_ksd | Epoch 5180, VI KSD: 0.0004
2026-03-28 22:30:27 | DEBUG | sivi:base_runner.py:337| eval_kl_ite | Epoch 5190, VI KL to baseline: -0.0018
2026-03-28 22:30:27 | DEBUG | sivi:base_reverse_runner.py:261| eval_kl_ite | Epoch 5190, Reverse Model KL ITE: 0.0561
2026-03-28 22:30:27 | DEBUG | sivi:base_runner.py:347| eval_w2 | Epoch 5190, VI W2 to baseline: 0.0764
2026-03-28 22:30:27 | DEBUG | sivi:base_reverse_runner.py:272| eval_w2 | Epoch 5190, Reverse Model W2: 0.0442
2026-03-28 22:30:27 | DEBUG | sivi:base_runner.py:477| eval_elbo | Epoch 5190, ELBO: 0.0073, Std Total: 0.1419, Std Q: nan, CI Half: 0.0124
2026-03-28 22:30:27 | DEBUG | sivi:base_runner.py:507| eval_ksd | Epoch 5190, VI KSD: -0.0001
2026-03-28 22:30:28 | DEBUG | sivi:base_runner.py:874| learn | Epoch 5200: Avg Loss: 0.0020, Avg Epoch Time: 0.0548s
2026-03-28 22:30:28 | DEBUG | sivi:base_runner.py:337| eval_kl_ite | Epoch 5200, VI KL to baseline: -0.0028
2026-03-28 22:30:28 | DEBUG | sivi:base_reverse_runner.py:261| eval_kl_ite | Epoch 5200, Reverse Model KL ITE: 0.0650
2026-03-28 22:30:28 | DEBUG | sivi:base_runner.py:347| eval_w2 | Epoch 5200, VI W2 to baseline: 0.0738
2026-03-28 22:30:28 | DEBUG | sivi:base_reverse_runner.py:272| eval_w2 | Epoch 5200, Reverse Model W2: 0.0475
2026-03-28 22:30:28 | DEBUG | sivi:base_runner.py:477| eval_elbo | Epoch 5200, ELBO: -0.0036, Std Total: 0.1430, Std Q: nan, CI Half: 0.0125
2026-03-28 22:30:28 | DEBUG | sivi:base_runner.py:507| eval_ksd | Epoch 5200, VI KSD: 0.0007
2026-03-28 22:30:28 | DEBUG | sivi:base_runner.py:337| eval_kl_ite | Epoch 5210, VI KL to baseline: -0.0070
2026-03-28 22:30:28 | DEBUG | sivi:base_reverse_runner.py:261| eval_kl_ite | Epoch 5210, Reverse Model KL ITE: 0.0451
2026-03-28 22:30:28 | DEBUG | sivi:base_runner.py:347| eval_w2 | Epoch 5210, VI W2 to baseline: 0.0752
2026-03-28 22:30:28 | DEBUG | sivi:base_reverse_runner.py:272| eval_w2 | Epoch 5210, Reverse Model W2: 0.0458
2026-03-28 22:30:28 | DEBUG | sivi:base_runner.py:477| eval_elbo | Epoch 5210, ELBO: 0.0037, Std Total: 0.1467, Std Q: nan, CI Half: 0.0129
2026-03-28 22:30:28 | DEBUG | sivi:base_runner.py:507| eval_ksd | Epoch 5210, VI KSD: 0.0003
2026-03-28 22:30:29 | DEBUG | sivi:base_runner.py:337| eval_kl_ite | Epoch 5220, VI KL to baseline: 0.0056
2026-03-28 22:30:29 | DEBUG | sivi:base_reverse_runner.py:261| eval_kl_ite | Epoch 5220, Reverse Model KL ITE: 0.0728
2026-03-28 22:30:29 | DEBUG | sivi:base_runner.py:347| eval_w2 | Epoch 5220, VI W2 to baseline: 0.0337
2026-03-28 22:30:29 | DEBUG | sivi:base_reverse_runner.py:272| eval_w2 | Epoch 5220, Reverse Model W2: 0.0429
2026-03-28 22:30:29 | DEBUG | sivi:base_runner.py:477| eval_elbo | Epoch 5220, ELBO: 0.0129, Std Total: 0.1366, Std Q: nan, CI Half: 0.0120
2026-03-28 22:30:29 | DEBUG | sivi:base_runner.py:507| eval_ksd | Epoch 5220, VI KSD: 0.0003
2026-03-28 22:30:29 | DEBUG | sivi:base_runner.py:337| eval_kl_ite | Epoch 5230, VI KL to baseline: 0.0073
2026-03-28 22:30:29 | DEBUG | sivi:base_reverse_runner.py:261| eval_kl_ite | Epoch 5230, Reverse Model KL ITE: 0.0879
2026-03-28 22:30:29 | DEBUG | sivi:base_runner.py:347| eval_w2 | Epoch 5230, VI W2 to baseline: 0.0547
2026-03-28 22:30:29 | DEBUG | sivi:base_reverse_runner.py:272| eval_w2 | Epoch 5230, Reverse Model W2: 0.0500
2026-03-28 22:30:29 | DEBUG | sivi:base_runner.py:477| eval_elbo | Epoch 5230, ELBO: 0.0072, Std Total: 0.1159, Std Q: nan, CI Half: 0.0102
2026-03-28 22:30:29 | DEBUG | sivi:base_runner.py:507| eval_ksd | Epoch 5230, VI KSD: 0.0001
2026-03-28 22:30:30 | DEBUG | sivi:base_runner.py:337| eval_kl_ite | Epoch 5240, VI KL to baseline: -0.0050
2026-03-28 22:30:30 | DEBUG | sivi:base_reverse_runner.py:261| eval_kl_ite | Epoch 5240, Reverse Model KL ITE: 0.0556
2026-03-28 22:30:30 | DEBUG | sivi:base_runner.py:347| eval_w2 | Epoch 5240, VI W2 to baseline: 0.0448
2026-03-28 22:30:30 | DEBUG | sivi:base_reverse_runner.py:272| eval_w2 | Epoch 5240, Reverse Model W2: 0.0479
2026-03-28 22:30:30 | DEBUG | sivi:base_runner.py:477| eval_elbo | Epoch 5240, ELBO: -0.0062, Std Total: 0.1244, Std Q: nan, CI Half: 0.0109
2026-03-28 22:30:30 | DEBUG | sivi:base_runner.py:507| eval_ksd | Epoch 5240, VI KSD: -0.0006
2026-03-28 22:30:31 | DEBUG | sivi:base_runner.py:337| eval_kl_ite | Epoch 5250, VI KL to baseline: 0.0150
2026-03-28 22:30:31 | DEBUG | sivi:base_reverse_runner.py:261| eval_kl_ite | Epoch 5250, Reverse Model KL ITE: 0.0666
2026-03-28 22:30:31 | DEBUG | sivi:base_runner.py:347| eval_w2 | Epoch 5250, VI W2 to baseline: 0.0493
2026-03-28 22:30:31 | DEBUG | sivi:base_reverse_runner.py:272| eval_w2 | Epoch 5250, Reverse Model W2: 0.0504
2026-03-28 22:30:31 | DEBUG | sivi:base_runner.py:477| eval_elbo | Epoch 5250, ELBO: -0.0104, Std Total: 0.1396, Std Q: nan, CI Half: 0.0122
2026-03-28 22:30:31 | DEBUG | sivi:base_runner.py:507| eval_ksd | Epoch 5250, VI KSD: -0.0008
2026-03-28 22:30:31 | DEBUG | sivi:base_runner.py:337| eval_kl_ite | Epoch 5260, VI KL to baseline: 0.0191
2026-03-28 22:30:31 | DEBUG | sivi:base_reverse_runner.py:261| eval_kl_ite | Epoch 5260, Reverse Model KL ITE: 0.0595
2026-03-28 22:30:31 | DEBUG | sivi:base_runner.py:347| eval_w2 | Epoch 5260, VI W2 to baseline: 0.0722
2026-03-28 22:30:31 | DEBUG | sivi:base_reverse_runner.py:272| eval_w2 | Epoch 5260, Reverse Model W2: 0.0436
2026-03-28 22:30:31 | DEBUG | sivi:base_runner.py:477| eval_elbo | Epoch 5260, ELBO: 0.0082, Std Total: 0.1199, Std Q: nan, CI Half: 0.0105
2026-03-28 22:30:31 | DEBUG | sivi:base_runner.py:507| eval_ksd | Epoch 5260, VI KSD: 0.0006
2026-03-28 22:30:32 | DEBUG | sivi:base_runner.py:337| eval_kl_ite | Epoch 5270, VI KL to baseline: -0.0014
2026-03-28 22:30:32 | DEBUG | sivi:base_reverse_runner.py:261| eval_kl_ite | Epoch 5270, Reverse Model KL ITE: 0.0553
2026-03-28 22:30:32 | DEBUG | sivi:base_runner.py:347| eval_w2 | Epoch 5270, VI W2 to baseline: 0.0679
2026-03-28 22:30:32 | DEBUG | sivi:base_reverse_runner.py:272| eval_w2 | Epoch 5270, Reverse Model W2: 0.0478
2026-03-28 22:30:32 | DEBUG | sivi:base_runner.py:477| eval_elbo | Epoch 5270, ELBO: 0.0031, Std Total: 0.1482, Std Q: nan, CI Half: 0.0130
2026-03-28 22:30:32 | DEBUG | sivi:base_runner.py:507| eval_ksd | Epoch 5270, VI KSD: 0.0002
2026-03-28 22:30:32 | DEBUG | sivi:base_runner.py:337| eval_kl_ite | Epoch 5280, VI KL to baseline: 0.0200
2026-03-28 22:30:33 | DEBUG | sivi:base_reverse_runner.py:261| eval_kl_ite | Epoch 5280, Reverse Model KL ITE: 0.0674
2026-03-28 22:30:33 | DEBUG | sivi:base_runner.py:347| eval_w2 | Epoch 5280, VI W2 to baseline: 0.0768
2026-03-28 22:30:33 | DEBUG | sivi:base_reverse_runner.py:272| eval_w2 | Epoch 5280, Reverse Model W2: 0.0479
2026-03-28 22:30:33 | DEBUG | sivi:base_runner.py:477| eval_elbo | Epoch 5280, ELBO: -0.0059, Std Total: 0.1820, Std Q: nan, CI Half: 0.0160
2026-03-28 22:30:33 | DEBUG | sivi:base_runner.py:507| eval_ksd | Epoch 5280, VI KSD: 0.0023
2026-03-28 22:30:33 | DEBUG | sivi:base_runner.py:337| eval_kl_ite | Epoch 5290, VI KL to baseline: 0.0043
2026-03-28 22:30:33 | DEBUG | sivi:base_reverse_runner.py:261| eval_kl_ite | Epoch 5290, Reverse Model KL ITE: 0.0394
2026-03-28 22:30:33 | DEBUG | sivi:base_runner.py:347| eval_w2 | Epoch 5290, VI W2 to baseline: 0.0481
2026-03-28 22:30:33 | DEBUG | sivi:base_reverse_runner.py:272| eval_w2 | Epoch 5290, Reverse Model W2: 0.0466
2026-03-28 22:30:33 | DEBUG | sivi:base_runner.py:477| eval_elbo | Epoch 5290, ELBO: -0.0020, Std Total: 0.1179, Std Q: nan, CI Half: 0.0103
2026-03-28 22:30:33 | DEBUG | sivi:base_runner.py:507| eval_ksd | Epoch 5290, VI KSD: 0.0029
2026-03-28 22:30:34 | DEBUG | sivi:base_runner.py:874| learn | Epoch 5300: Avg Loss: -0.0061, Avg Epoch Time: 0.0603s
2026-03-28 22:30:34 | DEBUG | sivi:base_runner.py:337| eval_kl_ite | Epoch 5300, VI KL to baseline: 0.0104
2026-03-28 22:30:34 | DEBUG | sivi:base_reverse_runner.py:261| eval_kl_ite | Epoch 5300, Reverse Model KL ITE: 0.0827
2026-03-28 22:30:34 | DEBUG | sivi:base_runner.py:347| eval_w2 | Epoch 5300, VI W2 to baseline: 0.0346
2026-03-28 22:30:34 | DEBUG | sivi:base_reverse_runner.py:272| eval_w2 | Epoch 5300, Reverse Model W2: 0.0491
2026-03-28 22:30:34 | DEBUG | sivi:base_runner.py:477| eval_elbo | Epoch 5300, ELBO: 0.0146, Std Total: 0.1280, Std Q: nan, CI Half: 0.0112
2026-03-28 22:30:34 | DEBUG | sivi:base_runner.py:507| eval_ksd | Epoch 5300, VI KSD: 0.0013
2026-03-28 22:30:34 | DEBUG | sivi:base_runner.py:337| eval_kl_ite | Epoch 5310, VI KL to baseline: 0.0136
2026-03-28 22:30:34 | DEBUG | sivi:base_reverse_runner.py:261| eval_kl_ite | Epoch 5310, Reverse Model KL ITE: 0.0497
2026-03-28 22:30:34 | DEBUG | sivi:base_runner.py:347| eval_w2 | Epoch 5310, VI W2 to baseline: 0.0274
2026-03-28 22:30:34 | DEBUG | sivi:base_reverse_runner.py:272| eval_w2 | Epoch 5310, Reverse Model W2: 0.0420
2026-03-28 22:30:34 | DEBUG | sivi:base_runner.py:477| eval_elbo | Epoch 5310, ELBO: 0.0025, Std Total: 0.1510, Std Q: nan, CI Half: 0.0132
2026-03-28 22:30:34 | DEBUG | sivi:base_runner.py:507| eval_ksd | Epoch 5310, VI KSD: -0.0003
2026-03-28 22:30:35 | DEBUG | sivi:base_runner.py:337| eval_kl_ite | Epoch 5320, VI KL to baseline: 0.0309
2026-03-28 22:30:35 | DEBUG | sivi:base_reverse_runner.py:261| eval_kl_ite | Epoch 5320, Reverse Model KL ITE: 0.0806
2026-03-28 22:30:35 | DEBUG | sivi:base_runner.py:347| eval_w2 | Epoch 5320, VI W2 to baseline: 0.0377
2026-03-28 22:30:35 | DEBUG | sivi:base_reverse_runner.py:272| eval_w2 | Epoch 5320, Reverse Model W2: 0.0503
2026-03-28 22:30:35 | DEBUG | sivi:base_runner.py:477| eval_elbo | Epoch 5320, ELBO: 0.0002, Std Total: 0.0862, Std Q: nan, CI Half: 0.0076
2026-03-28 22:30:35 | DEBUG | sivi:base_runner.py:507| eval_ksd | Epoch 5320, VI KSD: 0.0009
2026-03-28 22:30:35 | DEBUG | sivi:base_runner.py:337| eval_kl_ite | Epoch 5330, VI KL to baseline: 0.0016
2026-03-28 22:30:35 | DEBUG | sivi:base_reverse_runner.py:261| eval_kl_ite | Epoch 5330, Reverse Model KL ITE: 0.0651
2026-03-28 22:30:35 | DEBUG | sivi:base_runner.py:347| eval_w2 | Epoch 5330, VI W2 to baseline: 0.0569
2026-03-28 22:30:35 | DEBUG | sivi:base_reverse_runner.py:272| eval_w2 | Epoch 5330, Reverse Model W2: 0.0461
2026-03-28 22:30:35 | DEBUG | sivi:base_runner.py:477| eval_elbo | Epoch 5330, ELBO: -0.0010, Std Total: 0.1580, Std Q: nan, CI Half: 0.0138
2026-03-28 22:30:35 | DEBUG | sivi:base_runner.py:507| eval_ksd | Epoch 5330, VI KSD: 0.0014
2026-03-28 22:30:36 | DEBUG | sivi:base_runner.py:337| eval_kl_ite | Epoch 5340, VI KL to baseline: 0.0156
2026-03-28 22:30:36 | DEBUG | sivi:base_reverse_runner.py:261| eval_kl_ite | Epoch 5340, Reverse Model KL ITE: 0.0447
2026-03-28 22:30:36 | DEBUG | sivi:base_runner.py:347| eval_w2 | Epoch 5340, VI W2 to baseline: 0.0590
2026-03-28 22:30:36 | DEBUG | sivi:base_reverse_runner.py:272| eval_w2 | Epoch 5340, Reverse Model W2: 0.0466
2026-03-28 22:30:36 | DEBUG | sivi:base_runner.py:477| eval_elbo | Epoch 5340, ELBO: 0.0054, Std Total: 0.1379, Std Q: nan, CI Half: 0.0121
2026-03-28 22:30:36 | DEBUG | sivi:base_runner.py:507| eval_ksd | Epoch 5340, VI KSD: 0.0012
2026-03-28 22:30:36 | DEBUG | sivi:base_runner.py:337| eval_kl_ite | Epoch 5350, VI KL to baseline: -0.0012
2026-03-28 22:30:36 | DEBUG | sivi:base_reverse_runner.py:261| eval_kl_ite | Epoch 5350, Reverse Model KL ITE: 0.0675
2026-03-28 22:30:37 | DEBUG | sivi:base_runner.py:347| eval_w2 | Epoch 5350, VI W2 to baseline: 0.0450
2026-03-28 22:30:37 | DEBUG | sivi:base_reverse_runner.py:272| eval_w2 | Epoch 5350, Reverse Model W2: 0.0411
2026-03-28 22:30:37 | DEBUG | sivi:base_runner.py:477| eval_elbo | Epoch 5350, ELBO: 0.0022, Std Total: 0.1153, Std Q: nan, CI Half: 0.0101
2026-03-28 22:30:37 | DEBUG | sivi:base_runner.py:507| eval_ksd | Epoch 5350, VI KSD: 0.0001
2026-03-28 22:30:37 | DEBUG | sivi:base_runner.py:337| eval_kl_ite | Epoch 5360, VI KL to baseline: 0.0206
2026-03-28 22:30:37 | DEBUG | sivi:base_reverse_runner.py:261| eval_kl_ite | Epoch 5360, Reverse Model KL ITE: 0.0613
2026-03-28 22:30:37 | DEBUG | sivi:base_runner.py:347| eval_w2 | Epoch 5360, VI W2 to baseline: 0.0384
2026-03-28 22:30:37 | DEBUG | sivi:base_reverse_runner.py:272| eval_w2 | Epoch 5360, Reverse Model W2: 0.0445
2026-03-28 22:30:37 | DEBUG | sivi:base_runner.py:477| eval_elbo | Epoch 5360, ELBO: 0.0044, Std Total: 0.1369, Std Q: nan, CI Half: 0.0120
2026-03-28 22:30:37 | DEBUG | sivi:base_runner.py:507| eval_ksd | Epoch 5360, VI KSD: 0.0003
2026-03-28 22:30:38 | DEBUG | sivi:base_runner.py:337| eval_kl_ite | Epoch 5370, VI KL to baseline: 0.0092
2026-03-28 22:30:38 | DEBUG | sivi:base_reverse_runner.py:261| eval_kl_ite | Epoch 5370, Reverse Model KL ITE: 0.0891
2026-03-28 22:30:38 | DEBUG | sivi:base_runner.py:347| eval_w2 | Epoch 5370, VI W2 to baseline: 0.0565
2026-03-28 22:30:38 | DEBUG | sivi:base_reverse_runner.py:272| eval_w2 | Epoch 5370, Reverse Model W2: 0.0441
2026-03-28 22:30:38 | DEBUG | sivi:base_runner.py:477| eval_elbo | Epoch 5370, ELBO: 0.0122, Std Total: 0.1433, Std Q: nan, CI Half: 0.0126
2026-03-28 22:30:38 | DEBUG | sivi:base_runner.py:507| eval_ksd | Epoch 5370, VI KSD: -0.0002
2026-03-28 22:30:38 | DEBUG | sivi:base_runner.py:337| eval_kl_ite | Epoch 5380, VI KL to baseline: 0.0012
2026-03-28 22:30:38 | DEBUG | sivi:base_reverse_runner.py:261| eval_kl_ite | Epoch 5380, Reverse Model KL ITE: 0.0503
2026-03-28 22:30:38 | DEBUG | sivi:base_runner.py:347| eval_w2 | Epoch 5380, VI W2 to baseline: 0.0510
2026-03-28 22:30:38 | DEBUG | sivi:base_reverse_runner.py:272| eval_w2 | Epoch 5380, Reverse Model W2: 0.0435
2026-03-28 22:30:38 | DEBUG | sivi:base_runner.py:477| eval_elbo | Epoch 5380, ELBO: -0.0016, Std Total: 0.1439, Std Q: nan, CI Half: 0.0126
2026-03-28 22:30:38 | DEBUG | sivi:base_runner.py:507| eval_ksd | Epoch 5380, VI KSD: 0.0020
2026-03-28 22:30:39 | DEBUG | sivi:base_runner.py:337| eval_kl_ite | Epoch 5390, VI KL to baseline: 0.0292
2026-03-28 22:30:39 | DEBUG | sivi:base_reverse_runner.py:261| eval_kl_ite | Epoch 5390, Reverse Model KL ITE: 0.0717
2026-03-28 22:30:39 | DEBUG | sivi:base_runner.py:347| eval_w2 | Epoch 5390, VI W2 to baseline: 0.0559
2026-03-28 22:30:39 | DEBUG | sivi:base_reverse_runner.py:272| eval_w2 | Epoch 5390, Reverse Model W2: 0.0398
2026-03-28 22:30:39 | DEBUG | sivi:base_runner.py:477| eval_elbo | Epoch 5390, ELBO: 0.0083, Std Total: 0.1618, Std Q: nan, CI Half: 0.0142
2026-03-28 22:30:39 | DEBUG | sivi:base_runner.py:507| eval_ksd | Epoch 5390, VI KSD: 0.0006
2026-03-28 22:30:39 | DEBUG | sivi:base_runner.py:874| learn | Epoch 5400: Avg Loss: -0.0057, Avg Epoch Time: 0.0558s
2026-03-28 22:30:39 | DEBUG | sivi:base_runner.py:337| eval_kl_ite | Epoch 5400, VI KL to baseline: 0.0010
2026-03-28 22:30:39 | DEBUG | sivi:base_reverse_runner.py:261| eval_kl_ite | Epoch 5400, Reverse Model KL ITE: 0.0590
2026-03-28 22:30:39 | DEBUG | sivi:base_runner.py:347| eval_w2 | Epoch 5400, VI W2 to baseline: 0.0671
2026-03-28 22:30:39 | DEBUG | sivi:base_reverse_runner.py:272| eval_w2 | Epoch 5400, Reverse Model W2: 0.0474
2026-03-28 22:30:39 | DEBUG | sivi:base_runner.py:477| eval_elbo | Epoch 5400, ELBO: -0.0080, Std Total: 0.1059, Std Q: nan, CI Half: 0.0093
2026-03-28 22:30:39 | DEBUG | sivi:base_runner.py:507| eval_ksd | Epoch 5400, VI KSD: -0.0001
2026-03-28 22:30:40 | DEBUG | sivi:base_runner.py:337| eval_kl_ite | Epoch 5410, VI KL to baseline: -0.0050
2026-03-28 22:30:40 | DEBUG | sivi:base_reverse_runner.py:261| eval_kl_ite | Epoch 5410, Reverse Model KL ITE: 0.0741
2026-03-28 22:30:40 | DEBUG | sivi:base_runner.py:347| eval_w2 | Epoch 5410, VI W2 to baseline: 0.0451
2026-03-28 22:30:40 | DEBUG | sivi:base_reverse_runner.py:272| eval_w2 | Epoch 5410, Reverse Model W2: 0.0525
2026-03-28 22:30:40 | DEBUG | sivi:base_runner.py:477| eval_elbo | Epoch 5410, ELBO: 0.0130, Std Total: 0.1431, Std Q: nan, CI Half: 0.0125
2026-03-28 22:30:40 | DEBUG | sivi:base_runner.py:507| eval_ksd | Epoch 5410, VI KSD: -0.0007
2026-03-28 22:30:41 | DEBUG | sivi:base_runner.py:337| eval_kl_ite | Epoch 5420, VI KL to baseline: -0.0206
2026-03-28 22:30:41 | DEBUG | sivi:base_reverse_runner.py:261| eval_kl_ite | Epoch 5420, Reverse Model KL ITE: 0.0674
2026-03-28 22:30:41 | DEBUG | sivi:base_runner.py:347| eval_w2 | Epoch 5420, VI W2 to baseline: 0.0561
2026-03-28 22:30:41 | DEBUG | sivi:base_reverse_runner.py:272| eval_w2 | Epoch 5420, Reverse Model W2: 0.0523
2026-03-28 22:30:41 | DEBUG | sivi:base_runner.py:477| eval_elbo | Epoch 5420, ELBO: 0.0123, Std Total: 0.1644, Std Q: nan, CI Half: 0.0144
2026-03-28 22:30:41 | DEBUG | sivi:base_runner.py:507| eval_ksd | Epoch 5420, VI KSD: -0.0003
2026-03-28 22:30:41 | DEBUG | sivi:base_runner.py:337| eval_kl_ite | Epoch 5430, VI KL to baseline: 0.0193
2026-03-28 22:30:41 | DEBUG | sivi:base_reverse_runner.py:261| eval_kl_ite | Epoch 5430, Reverse Model KL ITE: 0.0733
2026-03-28 22:30:41 | DEBUG | sivi:base_runner.py:347| eval_w2 | Epoch 5430, VI W2 to baseline: 0.0751
2026-03-28 22:30:41 | DEBUG | sivi:base_reverse_runner.py:272| eval_w2 | Epoch 5430, Reverse Model W2: 0.0426
2026-03-28 22:30:41 | DEBUG | sivi:base_runner.py:477| eval_elbo | Epoch 5430, ELBO: 0.0035, Std Total: 0.1221, Std Q: nan, CI Half: 0.0107
2026-03-28 22:30:41 | DEBUG | sivi:base_runner.py:507| eval_ksd | Epoch 5430, VI KSD: -0.0007
2026-03-28 22:30:42 | DEBUG | sivi:base_runner.py:337| eval_kl_ite | Epoch 5440, VI KL to baseline: -0.0011
2026-03-28 22:30:42 | DEBUG | sivi:base_reverse_runner.py:261| eval_kl_ite | Epoch 5440, Reverse Model KL ITE: 0.0385
2026-03-28 22:30:42 | DEBUG | sivi:base_runner.py:347| eval_w2 | Epoch 5440, VI W2 to baseline: 0.0432
2026-03-28 22:30:42 | DEBUG | sivi:base_reverse_runner.py:272| eval_w2 | Epoch 5440, Reverse Model W2: 0.0481
2026-03-28 22:30:42 | DEBUG | sivi:base_runner.py:477| eval_elbo | Epoch 5440, ELBO: -0.0015, Std Total: 0.1167, Std Q: nan, CI Half: 0.0102
2026-03-28 22:30:42 | DEBUG | sivi:base_runner.py:507| eval_ksd | Epoch 5440, VI KSD: 0.0007
2026-03-28 22:30:42 | DEBUG | sivi:base_runner.py:337| eval_kl_ite | Epoch 5450, VI KL to baseline: 0.0022
2026-03-28 22:30:42 | DEBUG | sivi:base_reverse_runner.py:261| eval_kl_ite | Epoch 5450, Reverse Model KL ITE: 0.0655
2026-03-28 22:30:42 | DEBUG | sivi:base_runner.py:347| eval_w2 | Epoch 5450, VI W2 to baseline: 0.0366
2026-03-28 22:30:42 | DEBUG | sivi:base_reverse_runner.py:272| eval_w2 | Epoch 5450, Reverse Model W2: 0.0475
2026-03-28 22:30:42 | DEBUG | sivi:base_runner.py:477| eval_elbo | Epoch 5450, ELBO: -0.0070, Std Total: 0.1253, Std Q: nan, CI Half: 0.0110
2026-03-28 22:30:42 | DEBUG | sivi:base_runner.py:507| eval_ksd | Epoch 5450, VI KSD: 0.0010
2026-03-28 22:30:43 | DEBUG | sivi:base_runner.py:337| eval_kl_ite | Epoch 5460, VI KL to baseline: 0.0085
2026-03-28 22:30:43 | DEBUG | sivi:base_reverse_runner.py:261| eval_kl_ite | Epoch 5460, Reverse Model KL ITE: 0.0862
2026-03-28 22:30:43 | DEBUG | sivi:base_runner.py:347| eval_w2 | Epoch 5460, VI W2 to baseline: 0.0536
2026-03-28 22:30:43 | DEBUG | sivi:base_reverse_runner.py:272| eval_w2 | Epoch 5460, Reverse Model W2: 0.0452
2026-03-28 22:30:43 | DEBUG | sivi:base_runner.py:477| eval_elbo | Epoch 5460, ELBO: 0.0036, Std Total: 0.1404, Std Q: nan, CI Half: 0.0123
2026-03-28 22:30:43 | DEBUG | sivi:base_runner.py:507| eval_ksd | Epoch 5460, VI KSD: -0.0007
2026-03-28 22:30:43 | DEBUG | sivi:base_runner.py:337| eval_kl_ite | Epoch 5470, VI KL to baseline: 0.0104
2026-03-28 22:30:43 | DEBUG | sivi:base_reverse_runner.py:261| eval_kl_ite | Epoch 5470, Reverse Model KL ITE: 0.0812
2026-03-28 22:30:43 | DEBUG | sivi:base_runner.py:347| eval_w2 | Epoch 5470, VI W2 to baseline: 0.0400
2026-03-28 22:30:43 | DEBUG | sivi:base_reverse_runner.py:272| eval_w2 | Epoch 5470, Reverse Model W2: 0.0448
2026-03-28 22:30:43 | DEBUG | sivi:base_runner.py:477| eval_elbo | Epoch 5470, ELBO: 0.0031, Std Total: 0.1185, Std Q: nan, CI Half: 0.0104
2026-03-28 22:30:43 | DEBUG | sivi:base_runner.py:507| eval_ksd | Epoch 5470, VI KSD: 0.0006
2026-03-28 22:30:44 | DEBUG | sivi:base_runner.py:337| eval_kl_ite | Epoch 5480, VI KL to baseline: 0.0086
2026-03-28 22:30:44 | DEBUG | sivi:base_reverse_runner.py:261| eval_kl_ite | Epoch 5480, Reverse Model KL ITE: 0.0728
2026-03-28 22:30:44 | DEBUG | sivi:base_runner.py:347| eval_w2 | Epoch 5480, VI W2 to baseline: 0.0366
2026-03-28 22:30:44 | DEBUG | sivi:base_reverse_runner.py:272| eval_w2 | Epoch 5480, Reverse Model W2: 0.0435
2026-03-28 22:30:44 | DEBUG | sivi:base_runner.py:477| eval_elbo | Epoch 5480, ELBO: 0.0078, Std Total: 0.1429, Std Q: nan, CI Half: 0.0125
2026-03-28 22:30:44 | DEBUG | sivi:base_runner.py:507| eval_ksd | Epoch 5480, VI KSD: 0.0004
2026-03-28 22:30:44 | DEBUG | sivi:base_runner.py:337| eval_kl_ite | Epoch 5490, VI KL to baseline: 0.0052
2026-03-28 22:30:45 | DEBUG | sivi:base_reverse_runner.py:261| eval_kl_ite | Epoch 5490, Reverse Model KL ITE: 0.0778
2026-03-28 22:30:45 | DEBUG | sivi:base_runner.py:347| eval_w2 | Epoch 5490, VI W2 to baseline: 0.0355
2026-03-28 22:30:45 | DEBUG | sivi:base_reverse_runner.py:272| eval_w2 | Epoch 5490, Reverse Model W2: 0.0432
2026-03-28 22:30:45 | DEBUG | sivi:base_runner.py:477| eval_elbo | Epoch 5490, ELBO: 0.0128, Std Total: 0.1406, Std Q: nan, CI Half: 0.0123
2026-03-28 22:30:45 | DEBUG | sivi:base_runner.py:507| eval_ksd | Epoch 5490, VI KSD: 0.0013
2026-03-28 22:30:45 | DEBUG | sivi:base_runner.py:874| learn | Epoch 5500: Avg Loss: 0.0141, Avg Epoch Time: 0.0588s
2026-03-28 22:30:45 | DEBUG | sivi:base_reverse_runner.py:183| _training_rev_log_func | Epoch 5500, Inner epoch 1, Reverse Model Loss: 4.9186, Avg Steps: 1.0000
2026-03-28 22:30:45 | DEBUG | sivi:base_runner.py:588| save_samples | Saved 100000 samples at epoch 5500.
2026-03-28 22:30:45 | DEBUG | sivi:base_runner.py:337| eval_kl_ite | Epoch 5500, VI KL to baseline: -0.0143
2026-03-28 22:30:45 | DEBUG | sivi:base_reverse_runner.py:261| eval_kl_ite | Epoch 5500, Reverse Model KL ITE: 0.0544
2026-03-28 22:30:45 | DEBUG | sivi:base_runner.py:347| eval_w2 | Epoch 5500, VI W2 to baseline: 0.0421
2026-03-28 22:30:45 | DEBUG | sivi:base_reverse_runner.py:272| eval_w2 | Epoch 5500, Reverse Model W2: 0.0454
2026-03-28 22:30:45 | DEBUG | sivi:base_runner.py:477| eval_elbo | Epoch 5500, ELBO: -0.0025, Std Total: 0.1393, Std Q: nan, CI Half: 0.0122
2026-03-28 22:30:45 | DEBUG | sivi:base_runner.py:507| eval_ksd | Epoch 5500, VI KSD: 0.0004
2026-03-28 22:30:45 | DEBUG | sivi:base_runner.py:970| learn | Saved contour plot at epoch 5500.
2026-03-28 22:30:46 | DEBUG | sivi:base_runner.py:337| eval_kl_ite | Epoch 5510, VI KL to baseline: 0.0057
2026-03-28 22:30:46 | DEBUG | sivi:base_reverse_runner.py:261| eval_kl_ite | Epoch 5510, Reverse Model KL ITE: 0.0740
2026-03-28 22:30:46 | DEBUG | sivi:base_runner.py:347| eval_w2 | Epoch 5510, VI W2 to baseline: 0.0344
2026-03-28 22:30:46 | DEBUG | sivi:base_reverse_runner.py:272| eval_w2 | Epoch 5510, Reverse Model W2: 0.0534
2026-03-28 22:30:46 | DEBUG | sivi:base_runner.py:477| eval_elbo | Epoch 5510, ELBO: 0.0056, Std Total: 0.1530, Std Q: nan, CI Half: 0.0134
2026-03-28 22:30:46 | DEBUG | sivi:base_runner.py:507| eval_ksd | Epoch 5510, VI KSD: -0.0002
2026-03-28 22:30:46 | DEBUG | sivi:base_runner.py:337| eval_kl_ite | Epoch 5520, VI KL to baseline: 0.0126
2026-03-28 22:30:46 | DEBUG | sivi:base_reverse_runner.py:261| eval_kl_ite | Epoch 5520, Reverse Model KL ITE: 0.0623
2026-03-28 22:30:47 | DEBUG | sivi:base_runner.py:347| eval_w2 | Epoch 5520, VI W2 to baseline: 0.0563
2026-03-28 22:30:47 | DEBUG | sivi:base_reverse_runner.py:272| eval_w2 | Epoch 5520, Reverse Model W2: 0.0450
2026-03-28 22:30:47 | DEBUG | sivi:base_runner.py:477| eval_elbo | Epoch 5520, ELBO: -0.0054, Std Total: 0.1081, Std Q: nan, CI Half: 0.0095
2026-03-28 22:30:47 | DEBUG | sivi:base_runner.py:507| eval_ksd | Epoch 5520, VI KSD: -0.0001
2026-03-28 22:30:47 | DEBUG | sivi:base_runner.py:337| eval_kl_ite | Epoch 5530, VI KL to baseline: -0.0057
2026-03-28 22:30:47 | DEBUG | sivi:base_reverse_runner.py:261| eval_kl_ite | Epoch 5530, Reverse Model KL ITE: 0.0609
2026-03-28 22:30:47 | DEBUG | sivi:base_runner.py:347| eval_w2 | Epoch 5530, VI W2 to baseline: 0.0353
2026-03-28 22:30:47 | DEBUG | sivi:base_reverse_runner.py:272| eval_w2 | Epoch 5530, Reverse Model W2: 0.0432
2026-03-28 22:30:47 | DEBUG | sivi:base_runner.py:477| eval_elbo | Epoch 5530, ELBO: -0.0028, Std Total: 0.1421, Std Q: nan, CI Half: 0.0125
2026-03-28 22:30:47 | DEBUG | sivi:base_runner.py:507| eval_ksd | Epoch 5530, VI KSD: 0.0002
2026-03-28 22:30:47 | DEBUG | sivi:base_runner.py:337| eval_kl_ite | Epoch 5540, VI KL to baseline: 0.0002
2026-03-28 22:30:47 | DEBUG | sivi:base_reverse_runner.py:261| eval_kl_ite | Epoch 5540, Reverse Model KL ITE: 0.0505
2026-03-28 22:30:47 | DEBUG | sivi:base_runner.py:347| eval_w2 | Epoch 5540, VI W2 to baseline: 0.0451
2026-03-28 22:30:48 | DEBUG | sivi:base_reverse_runner.py:272| eval_w2 | Epoch 5540, Reverse Model W2: 0.0411
2026-03-28 22:30:48 | DEBUG | sivi:base_runner.py:477| eval_elbo | Epoch 5540, ELBO: 0.0089, Std Total: 0.1190, Std Q: nan, CI Half: 0.0104
2026-03-28 22:30:48 | DEBUG | sivi:base_runner.py:507| eval_ksd | Epoch 5540, VI KSD: 0.0018
2026-03-28 22:30:48 | DEBUG | sivi:base_runner.py:337| eval_kl_ite | Epoch 5550, VI KL to baseline: -0.0075
2026-03-28 22:30:48 | DEBUG | sivi:base_reverse_runner.py:261| eval_kl_ite | Epoch 5550, Reverse Model KL ITE: 0.0563
2026-03-28 22:30:48 | DEBUG | sivi:base_runner.py:347| eval_w2 | Epoch 5550, VI W2 to baseline: 0.0325
2026-03-28 22:30:48 | DEBUG | sivi:base_reverse_runner.py:272| eval_w2 | Epoch 5550, Reverse Model W2: 0.0468
2026-03-28 22:30:48 | DEBUG | sivi:base_runner.py:477| eval_elbo | Epoch 5550, ELBO: 0.0105, Std Total: 0.1201, Std Q: nan, CI Half: 0.0105
2026-03-28 22:30:48 | DEBUG | sivi:base_runner.py:507| eval_ksd | Epoch 5550, VI KSD: 0.0011
2026-03-28 22:30:48 | DEBUG | sivi:base_runner.py:337| eval_kl_ite | Epoch 5560, VI KL to baseline: 0.0058
2026-03-28 22:30:48 | DEBUG | sivi:base_reverse_runner.py:261| eval_kl_ite | Epoch 5560, Reverse Model KL ITE: 0.0539
2026-03-28 22:30:48 | DEBUG | sivi:base_runner.py:347| eval_w2 | Epoch 5560, VI W2 to baseline: 0.0525
2026-03-28 22:30:48 | DEBUG | sivi:base_reverse_runner.py:272| eval_w2 | Epoch 5560, Reverse Model W2: 0.0412
2026-03-28 22:30:48 | DEBUG | sivi:base_runner.py:477| eval_elbo | Epoch 5560, ELBO: 0.0085, Std Total: 0.1079, Std Q: nan, CI Half: 0.0095
2026-03-28 22:30:48 | DEBUG | sivi:base_runner.py:507| eval_ksd | Epoch 5560, VI KSD: -0.0002
2026-03-28 22:30:49 | DEBUG | sivi:base_runner.py:337| eval_kl_ite | Epoch 5570, VI KL to baseline: 0.0052
2026-03-28 22:30:49 | DEBUG | sivi:base_reverse_runner.py:261| eval_kl_ite | Epoch 5570, Reverse Model KL ITE: 0.0689
2026-03-28 22:30:49 | DEBUG | sivi:base_runner.py:347| eval_w2 | Epoch 5570, VI W2 to baseline: 0.0298
2026-03-28 22:30:49 | DEBUG | sivi:base_reverse_runner.py:272| eval_w2 | Epoch 5570, Reverse Model W2: 0.0434
2026-03-28 22:30:49 | DEBUG | sivi:base_runner.py:477| eval_elbo | Epoch 5570, ELBO: 0.0035, Std Total: 0.1561, Std Q: nan, CI Half: 0.0137
2026-03-28 22:30:49 | DEBUG | sivi:base_runner.py:507| eval_ksd | Epoch 5570, VI KSD: 0.0010
2026-03-28 22:30:49 | DEBUG | sivi:base_runner.py:337| eval_kl_ite | Epoch 5580, VI KL to baseline: 0.0096
2026-03-28 22:30:49 | DEBUG | sivi:base_reverse_runner.py:261| eval_kl_ite | Epoch 5580, Reverse Model KL ITE: 0.0732
2026-03-28 22:30:49 | DEBUG | sivi:base_runner.py:347| eval_w2 | Epoch 5580, VI W2 to baseline: 0.0459
2026-03-28 22:30:49 | DEBUG | sivi:base_reverse_runner.py:272| eval_w2 | Epoch 5580, Reverse Model W2: 0.0436
2026-03-28 22:30:49 | DEBUG | sivi:base_runner.py:477| eval_elbo | Epoch 5580, ELBO: -0.0023, Std Total: 0.1128, Std Q: nan, CI Half: 0.0099
2026-03-28 22:30:49 | DEBUG | sivi:base_runner.py:507| eval_ksd | Epoch 5580, VI KSD: 0.0001
2026-03-28 22:30:50 | DEBUG | sivi:base_runner.py:337| eval_kl_ite | Epoch 5590, VI KL to baseline: 0.0180
2026-03-28 22:30:50 | DEBUG | sivi:base_reverse_runner.py:261| eval_kl_ite | Epoch 5590, Reverse Model KL ITE: 0.0729
2026-03-28 22:30:50 | DEBUG | sivi:base_runner.py:347| eval_w2 | Epoch 5590, VI W2 to baseline: 0.0424
2026-03-28 22:30:50 | DEBUG | sivi:base_reverse_runner.py:272| eval_w2 | Epoch 5590, Reverse Model W2: 0.0432
2026-03-28 22:30:50 | DEBUG | sivi:base_runner.py:477| eval_elbo | Epoch 5590, ELBO: -0.0019, Std Total: 0.1298, Std Q: nan, CI Half: 0.0114
2026-03-28 22:30:50 | DEBUG | sivi:base_runner.py:507| eval_ksd | Epoch 5590, VI KSD: 0.0002
2026-03-28 22:30:50 | DEBUG | sivi:base_runner.py:874| learn | Epoch 5600: Avg Loss: 0.0041, Avg Epoch Time: 0.0514s
2026-03-28 22:30:50 | DEBUG | sivi:base_runner.py:337| eval_kl_ite | Epoch 5600, VI KL to baseline: 0.0114
2026-03-28 22:30:50 | DEBUG | sivi:base_reverse_runner.py:261| eval_kl_ite | Epoch 5600, Reverse Model KL ITE: 0.0540
2026-03-28 22:30:50 | DEBUG | sivi:base_runner.py:347| eval_w2 | Epoch 5600, VI W2 to baseline: 0.0378
2026-03-28 22:30:50 | DEBUG | sivi:base_reverse_runner.py:272| eval_w2 | Epoch 5600, Reverse Model W2: 0.0403
2026-03-28 22:30:50 | DEBUG | sivi:base_runner.py:477| eval_elbo | Epoch 5600, ELBO: 0.0044, Std Total: 0.1107, Std Q: nan, CI Half: 0.0097
2026-03-28 22:30:50 | DEBUG | sivi:base_runner.py:507| eval_ksd | Epoch 5600, VI KSD: -0.0006
2026-03-28 22:30:51 | DEBUG | sivi:base_runner.py:337| eval_kl_ite | Epoch 5610, VI KL to baseline: 0.0027
2026-03-28 22:30:51 | DEBUG | sivi:base_reverse_runner.py:261| eval_kl_ite | Epoch 5610, Reverse Model KL ITE: 0.0557
2026-03-28 22:30:51 | DEBUG | sivi:base_runner.py:347| eval_w2 | Epoch 5610, VI W2 to baseline: 0.0713
2026-03-28 22:30:51 | DEBUG | sivi:base_reverse_runner.py:272| eval_w2 | Epoch 5610, Reverse Model W2: 0.0482
2026-03-28 22:30:51 | DEBUG | sivi:base_runner.py:477| eval_elbo | Epoch 5610, ELBO: 0.0100, Std Total: 0.1359, Std Q: nan, CI Half: 0.0119
2026-03-28 22:30:51 | DEBUG | sivi:base_runner.py:507| eval_ksd | Epoch 5610, VI KSD: -0.0002
2026-03-28 22:30:51 | DEBUG | sivi:base_runner.py:337| eval_kl_ite | Epoch 5620, VI KL to baseline: 0.0028
2026-03-28 22:30:51 | DEBUG | sivi:base_reverse_runner.py:261| eval_kl_ite | Epoch 5620, Reverse Model KL ITE: 0.0464
2026-03-28 22:30:51 | DEBUG | sivi:base_runner.py:347| eval_w2 | Epoch 5620, VI W2 to baseline: 0.0373
2026-03-28 22:30:51 | DEBUG | sivi:base_reverse_runner.py:272| eval_w2 | Epoch 5620, Reverse Model W2: 0.0418
2026-03-28 22:30:51 | DEBUG | sivi:base_runner.py:477| eval_elbo | Epoch 5620, ELBO: 0.0050, Std Total: 0.1381, Std Q: nan, CI Half: 0.0121
2026-03-28 22:30:51 | DEBUG | sivi:base_runner.py:507| eval_ksd | Epoch 5620, VI KSD: -0.0001
2026-03-28 22:30:52 | DEBUG | sivi:base_runner.py:337| eval_kl_ite | Epoch 5630, VI KL to baseline: -0.0091
2026-03-28 22:30:52 | DEBUG | sivi:base_reverse_runner.py:261| eval_kl_ite | Epoch 5630, Reverse Model KL ITE: 0.0616
2026-03-28 22:30:52 | DEBUG | sivi:base_runner.py:347| eval_w2 | Epoch 5630, VI W2 to baseline: 0.0263
2026-03-28 22:30:52 | DEBUG | sivi:base_reverse_runner.py:272| eval_w2 | Epoch 5630, Reverse Model W2: 0.0419
2026-03-28 22:30:52 | DEBUG | sivi:base_runner.py:477| eval_elbo | Epoch 5630, ELBO: -0.0012, Std Total: 0.1353, Std Q: nan, CI Half: 0.0119
2026-03-28 22:30:52 | DEBUG | sivi:base_runner.py:507| eval_ksd | Epoch 5630, VI KSD: -0.0001
2026-03-28 22:30:52 | DEBUG | sivi:base_runner.py:337| eval_kl_ite | Epoch 5640, VI KL to baseline: -0.0098
2026-03-28 22:30:53 | DEBUG | sivi:base_reverse_runner.py:261| eval_kl_ite | Epoch 5640, Reverse Model KL ITE: 0.0924
2026-03-28 22:30:53 | DEBUG | sivi:base_runner.py:347| eval_w2 | Epoch 5640, VI W2 to baseline: 0.0457
2026-03-28 22:30:53 | DEBUG | sivi:base_reverse_runner.py:272| eval_w2 | Epoch 5640, Reverse Model W2: 0.0407
2026-03-28 22:30:53 | DEBUG | sivi:base_runner.py:477| eval_elbo | Epoch 5640, ELBO: 0.0033, Std Total: 0.1148, Std Q: nan, CI Half: 0.0101
2026-03-28 22:30:53 | DEBUG | sivi:base_runner.py:507| eval_ksd | Epoch 5640, VI KSD: -0.0004
2026-03-28 22:30:53 | DEBUG | sivi:base_runner.py:337| eval_kl_ite | Epoch 5650, VI KL to baseline: -0.0049
2026-03-28 22:30:53 | DEBUG | sivi:base_reverse_runner.py:261| eval_kl_ite | Epoch 5650, Reverse Model KL ITE: 0.0534
2026-03-28 22:30:53 | DEBUG | sivi:base_runner.py:347| eval_w2 | Epoch 5650, VI W2 to baseline: 0.0348
2026-03-28 22:30:53 | DEBUG | sivi:base_reverse_runner.py:272| eval_w2 | Epoch 5650, Reverse Model W2: 0.0427
2026-03-28 22:30:53 | DEBUG | sivi:base_runner.py:477| eval_elbo | Epoch 5650, ELBO: 0.0103, Std Total: 0.1209, Std Q: nan, CI Half: 0.0106
2026-03-28 22:30:53 | DEBUG | sivi:base_runner.py:507| eval_ksd | Epoch 5650, VI KSD: 0.0002
2026-03-28 22:30:54 | DEBUG | sivi:base_runner.py:337| eval_kl_ite | Epoch 5660, VI KL to baseline: 0.0066
2026-03-28 22:30:54 | DEBUG | sivi:base_reverse_runner.py:261| eval_kl_ite | Epoch 5660, Reverse Model KL ITE: 0.0646
2026-03-28 22:30:54 | DEBUG | sivi:base_runner.py:347| eval_w2 | Epoch 5660, VI W2 to baseline: 0.0391
2026-03-28 22:30:54 | DEBUG | sivi:base_reverse_runner.py:272| eval_w2 | Epoch 5660, Reverse Model W2: 0.0431
2026-03-28 22:30:54 | DEBUG | sivi:base_runner.py:477| eval_elbo | Epoch 5660, ELBO: 0.0044, Std Total: 0.1164, Std Q: nan, CI Half: 0.0102
2026-03-28 22:30:54 | DEBUG | sivi:base_runner.py:507| eval_ksd | Epoch 5660, VI KSD: 0.0001
2026-03-28 22:30:54 | DEBUG | sivi:base_runner.py:337| eval_kl_ite | Epoch 5670, VI KL to baseline: 0.0280
2026-03-28 22:30:54 | DEBUG | sivi:base_reverse_runner.py:261| eval_kl_ite | Epoch 5670, Reverse Model KL ITE: 0.0700
2026-03-28 22:30:54 | DEBUG | sivi:base_runner.py:347| eval_w2 | Epoch 5670, VI W2 to baseline: 0.0367
2026-03-28 22:30:54 | DEBUG | sivi:base_reverse_runner.py:272| eval_w2 | Epoch 5670, Reverse Model W2: 0.0491
2026-03-28 22:30:55 | DEBUG | sivi:base_runner.py:477| eval_elbo | Epoch 5670, ELBO: 0.0113, Std Total: 0.1413, Std Q: nan, CI Half: 0.0124
2026-03-28 22:30:55 | DEBUG | sivi:base_runner.py:507| eval_ksd | Epoch 5670, VI KSD: -0.0001
2026-03-28 22:30:55 | DEBUG | sivi:base_runner.py:337| eval_kl_ite | Epoch 5680, VI KL to baseline: 0.0064
2026-03-28 22:30:55 | DEBUG | sivi:base_reverse_runner.py:261| eval_kl_ite | Epoch 5680, Reverse Model KL ITE: 0.0755
2026-03-28 22:30:55 | DEBUG | sivi:base_runner.py:347| eval_w2 | Epoch 5680, VI W2 to baseline: 0.0347
2026-03-28 22:30:55 | DEBUG | sivi:base_reverse_runner.py:272| eval_w2 | Epoch 5680, Reverse Model W2: 0.0489
2026-03-28 22:30:55 | DEBUG | sivi:base_runner.py:477| eval_elbo | Epoch 5680, ELBO: 0.0137, Std Total: 0.1357, Std Q: nan, CI Half: 0.0119
2026-03-28 22:30:55 | DEBUG | sivi:base_runner.py:507| eval_ksd | Epoch 5680, VI KSD: 0.0012
2026-03-28 22:30:56 | DEBUG | sivi:base_runner.py:337| eval_kl_ite | Epoch 5690, VI KL to baseline: 0.0038
2026-03-28 22:30:56 | DEBUG | sivi:base_reverse_runner.py:261| eval_kl_ite | Epoch 5690, Reverse Model KL ITE: 0.0644
2026-03-28 22:30:56 | DEBUG | sivi:base_runner.py:347| eval_w2 | Epoch 5690, VI W2 to baseline: 0.0532
2026-03-28 22:30:56 | DEBUG | sivi:base_reverse_runner.py:272| eval_w2 | Epoch 5690, Reverse Model W2: 0.0499
2026-03-28 22:30:56 | DEBUG | sivi:base_runner.py:477| eval_elbo | Epoch 5690, ELBO: 0.0029, Std Total: 0.1634, Std Q: nan, CI Half: 0.0143
2026-03-28 22:30:56 | DEBUG | sivi:base_runner.py:507| eval_ksd | Epoch 5690, VI KSD: 0.0007
2026-03-28 22:30:56 | DEBUG | sivi:base_runner.py:874| learn | Epoch 5700: Avg Loss: -0.0135, Avg Epoch Time: 0.0594s
2026-03-28 22:30:56 | DEBUG | sivi:base_runner.py:337| eval_kl_ite | Epoch 5700, VI KL to baseline: 0.0069
2026-03-28 22:30:56 | DEBUG | sivi:base_reverse_runner.py:261| eval_kl_ite | Epoch 5700, Reverse Model KL ITE: 0.0620
2026-03-28 22:30:56 | DEBUG | sivi:base_runner.py:347| eval_w2 | Epoch 5700, VI W2 to baseline: 0.0492
2026-03-28 22:30:56 | DEBUG | sivi:base_reverse_runner.py:272| eval_w2 | Epoch 5700, Reverse Model W2: 0.0430
2026-03-28 22:30:56 | DEBUG | sivi:base_runner.py:477| eval_elbo | Epoch 5700, ELBO: 0.0045, Std Total: 0.1180, Std Q: nan, CI Half: 0.0103
2026-03-28 22:30:56 | DEBUG | sivi:base_runner.py:507| eval_ksd | Epoch 5700, VI KSD: 0.0010
2026-03-28 22:30:57 | DEBUG | sivi:base_runner.py:337| eval_kl_ite | Epoch 5710, VI KL to baseline: -0.0050
2026-03-28 22:30:57 | DEBUG | sivi:base_reverse_runner.py:261| eval_kl_ite | Epoch 5710, Reverse Model KL ITE: 0.0673
2026-03-28 22:30:57 | DEBUG | sivi:base_runner.py:347| eval_w2 | Epoch 5710, VI W2 to baseline: 0.0256
2026-03-28 22:30:57 | DEBUG | sivi:base_reverse_runner.py:272| eval_w2 | Epoch 5710, Reverse Model W2: 0.0429
2026-03-28 22:30:57 | DEBUG | sivi:base_runner.py:477| eval_elbo | Epoch 5710, ELBO: -0.0005, Std Total: 0.1254, Std Q: nan, CI Half: 0.0110
2026-03-28 22:30:57 | DEBUG | sivi:base_runner.py:507| eval_ksd | Epoch 5710, VI KSD: 0.0010
2026-03-28 22:30:57 | DEBUG | sivi:base_runner.py:337| eval_kl_ite | Epoch 5720, VI KL to baseline: -0.0016
2026-03-28 22:30:58 | DEBUG | sivi:base_reverse_runner.py:261| eval_kl_ite | Epoch 5720, Reverse Model KL ITE: 0.0586
2026-03-28 22:30:58 | DEBUG | sivi:base_runner.py:347| eval_w2 | Epoch 5720, VI W2 to baseline: 0.0249
2026-03-28 22:30:58 | DEBUG | sivi:base_reverse_runner.py:272| eval_w2 | Epoch 5720, Reverse Model W2: 0.0412
2026-03-28 22:30:58 | DEBUG | sivi:base_runner.py:477| eval_elbo | Epoch 5720, ELBO: 0.0070, Std Total: 0.1256, Std Q: nan, CI Half: 0.0110
2026-03-28 22:30:58 | DEBUG | sivi:base_runner.py:507| eval_ksd | Epoch 5720, VI KSD: 0.0012
2026-03-28 22:30:58 | DEBUG | sivi:base_runner.py:337| eval_kl_ite | Epoch 5730, VI KL to baseline: -0.0036
2026-03-28 22:30:58 | DEBUG | sivi:base_reverse_runner.py:261| eval_kl_ite | Epoch 5730, Reverse Model KL ITE: 0.0648
2026-03-28 22:30:58 | DEBUG | sivi:base_runner.py:347| eval_w2 | Epoch 5730, VI W2 to baseline: 0.0531
2026-03-28 22:30:58 | DEBUG | sivi:base_reverse_runner.py:272| eval_w2 | Epoch 5730, Reverse Model W2: 0.0471
2026-03-28 22:30:58 | DEBUG | sivi:base_runner.py:477| eval_elbo | Epoch 5730, ELBO: 0.0020, Std Total: 0.1585, Std Q: nan, CI Half: 0.0139
2026-03-28 22:30:58 | DEBUG | sivi:base_runner.py:507| eval_ksd | Epoch 5730, VI KSD: 0.0003
2026-03-28 22:30:58 | DEBUG | sivi:base_runner.py:337| eval_kl_ite | Epoch 5740, VI KL to baseline: 0.0223
2026-03-28 22:30:59 | DEBUG | sivi:base_reverse_runner.py:261| eval_kl_ite | Epoch 5740, Reverse Model KL ITE: 0.0505
2026-03-28 22:30:59 | DEBUG | sivi:base_runner.py:347| eval_w2 | Epoch 5740, VI W2 to baseline: 0.0356
2026-03-28 22:30:59 | DEBUG | sivi:base_reverse_runner.py:272| eval_w2 | Epoch 5740, Reverse Model W2: 0.0441
2026-03-28 22:30:59 | DEBUG | sivi:base_runner.py:477| eval_elbo | Epoch 5740, ELBO: -0.0004, Std Total: 0.1174, Std Q: nan, CI Half: 0.0103
2026-03-28 22:30:59 | DEBUG | sivi:base_runner.py:507| eval_ksd | Epoch 5740, VI KSD: 0.0009
2026-03-28 22:30:59 | DEBUG | sivi:base_runner.py:337| eval_kl_ite | Epoch 5750, VI KL to baseline: 0.0083
2026-03-28 22:30:59 | DEBUG | sivi:base_reverse_runner.py:261| eval_kl_ite | Epoch 5750, Reverse Model KL ITE: 0.0818
2026-03-28 22:30:59 | DEBUG | sivi:base_runner.py:347| eval_w2 | Epoch 5750, VI W2 to baseline: 0.0506
2026-03-28 22:30:59 | DEBUG | sivi:base_reverse_runner.py:272| eval_w2 | Epoch 5750, Reverse Model W2: 0.0462
2026-03-28 22:30:59 | DEBUG | sivi:base_runner.py:477| eval_elbo | Epoch 5750, ELBO: 0.0063, Std Total: 0.1486, Std Q: nan, CI Half: 0.0130
2026-03-28 22:30:59 | DEBUG | sivi:base_runner.py:507| eval_ksd | Epoch 5750, VI KSD: 0.0007
2026-03-28 22:30:59 | DEBUG | sivi:base_runner.py:337| eval_kl_ite | Epoch 5760, VI KL to baseline: 0.0090
2026-03-28 22:31:00 | DEBUG | sivi:base_reverse_runner.py:261| eval_kl_ite | Epoch 5760, Reverse Model KL ITE: 0.0899
2026-03-28 22:31:00 | DEBUG | sivi:base_runner.py:347| eval_w2 | Epoch 5760, VI W2 to baseline: 0.0492
2026-03-28 22:31:00 | DEBUG | sivi:base_reverse_runner.py:272| eval_w2 | Epoch 5760, Reverse Model W2: 0.0379
2026-03-28 22:31:00 | DEBUG | sivi:base_runner.py:477| eval_elbo | Epoch 5760, ELBO: 0.0029, Std Total: 0.1265, Std Q: nan, CI Half: 0.0111
2026-03-28 22:31:00 | DEBUG | sivi:base_runner.py:507| eval_ksd | Epoch 5760, VI KSD: -0.0002
2026-03-28 22:31:00 | DEBUG | sivi:base_runner.py:337| eval_kl_ite | Epoch 5770, VI KL to baseline: 0.0082
2026-03-28 22:31:00 | DEBUG | sivi:base_reverse_runner.py:261| eval_kl_ite | Epoch 5770, Reverse Model KL ITE: 0.0623
2026-03-28 22:31:00 | DEBUG | sivi:base_runner.py:347| eval_w2 | Epoch 5770, VI W2 to baseline: 0.0490
2026-03-28 22:31:00 | DEBUG | sivi:base_reverse_runner.py:272| eval_w2 | Epoch 5770, Reverse Model W2: 0.0499
2026-03-28 22:31:00 | DEBUG | sivi:base_runner.py:477| eval_elbo | Epoch 5770, ELBO: 0.0044, Std Total: 0.1455, Std Q: nan, CI Half: 0.0128
2026-03-28 22:31:00 | DEBUG | sivi:base_runner.py:507| eval_ksd | Epoch 5770, VI KSD: -0.0004
2026-03-28 22:31:00 | DEBUG | sivi:base_runner.py:337| eval_kl_ite | Epoch 5780, VI KL to baseline: 0.0112
2026-03-28 22:31:01 | DEBUG | sivi:base_reverse_runner.py:261| eval_kl_ite | Epoch 5780, Reverse Model KL ITE: 0.0594
2026-03-28 22:31:01 | DEBUG | sivi:base_runner.py:347| eval_w2 | Epoch 5780, VI W2 to baseline: 0.0422
2026-03-28 22:31:01 | DEBUG | sivi:base_reverse_runner.py:272| eval_w2 | Epoch 5780, Reverse Model W2: 0.0547
2026-03-28 22:31:01 | DEBUG | sivi:base_runner.py:477| eval_elbo | Epoch 5780, ELBO: 0.0024, Std Total: 0.1311, Std Q: nan, CI Half: 0.0115
2026-03-28 22:31:01 | DEBUG | sivi:base_runner.py:507| eval_ksd | Epoch 5780, VI KSD: 0.0005
2026-03-28 22:31:01 | DEBUG | sivi:base_runner.py:337| eval_kl_ite | Epoch 5790, VI KL to baseline: 0.0146
2026-03-28 22:31:01 | DEBUG | sivi:base_reverse_runner.py:261| eval_kl_ite | Epoch 5790, Reverse Model KL ITE: 0.0744
2026-03-28 22:31:01 | DEBUG | sivi:base_runner.py:347| eval_w2 | Epoch 5790, VI W2 to baseline: 0.0352
2026-03-28 22:31:01 | DEBUG | sivi:base_reverse_runner.py:272| eval_w2 | Epoch 5790, Reverse Model W2: 0.0464
2026-03-28 22:31:01 | DEBUG | sivi:base_runner.py:477| eval_elbo | Epoch 5790, ELBO: 0.0067, Std Total: 0.1460, Std Q: nan, CI Half: 0.0128
2026-03-28 22:31:01 | DEBUG | sivi:base_runner.py:507| eval_ksd | Epoch 5790, VI KSD: 0.0000
2026-03-28 22:31:01 | DEBUG | sivi:base_runner.py:874| learn | Epoch 5800: Avg Loss: -0.0037, Avg Epoch Time: 0.0536s
2026-03-28 22:31:02 | DEBUG | sivi:base_runner.py:337| eval_kl_ite | Epoch 5800, VI KL to baseline: 0.0012
2026-03-28 22:31:02 | DEBUG | sivi:base_reverse_runner.py:261| eval_kl_ite | Epoch 5800, Reverse Model KL ITE: 0.0722
2026-03-28 22:31:02 | DEBUG | sivi:base_runner.py:347| eval_w2 | Epoch 5800, VI W2 to baseline: 0.0296
2026-03-28 22:31:02 | DEBUG | sivi:base_reverse_runner.py:272| eval_w2 | Epoch 5800, Reverse Model W2: 0.0460
2026-03-28 22:31:02 | DEBUG | sivi:base_runner.py:477| eval_elbo | Epoch 5800, ELBO: -0.0038, Std Total: 0.1275, Std Q: nan, CI Half: 0.0112
2026-03-28 22:31:02 | DEBUG | sivi:base_runner.py:507| eval_ksd | Epoch 5800, VI KSD: -0.0002
2026-03-28 22:31:02 | DEBUG | sivi:base_runner.py:337| eval_kl_ite | Epoch 5810, VI KL to baseline: 0.0216
2026-03-28 22:31:02 | DEBUG | sivi:base_reverse_runner.py:261| eval_kl_ite | Epoch 5810, Reverse Model KL ITE: 0.0645
2026-03-28 22:31:02 | DEBUG | sivi:base_runner.py:347| eval_w2 | Epoch 5810, VI W2 to baseline: 0.0349
2026-03-28 22:31:02 | DEBUG | sivi:base_reverse_runner.py:272| eval_w2 | Epoch 5810, Reverse Model W2: 0.0413
2026-03-28 22:31:02 | DEBUG | sivi:base_runner.py:477| eval_elbo | Epoch 5810, ELBO: 0.0021, Std Total: 0.1144, Std Q: nan, CI Half: 0.0100
2026-03-28 22:31:02 | DEBUG | sivi:base_runner.py:507| eval_ksd | Epoch 5810, VI KSD: 0.0015
2026-03-28 22:31:03 | DEBUG | sivi:base_runner.py:337| eval_kl_ite | Epoch 5820, VI KL to baseline: 0.0039
2026-03-28 22:31:03 | DEBUG | sivi:base_reverse_runner.py:261| eval_kl_ite | Epoch 5820, Reverse Model KL ITE: 0.0784
2026-03-28 22:31:03 | DEBUG | sivi:base_runner.py:347| eval_w2 | Epoch 5820, VI W2 to baseline: 0.0384
2026-03-28 22:31:03 | DEBUG | sivi:base_reverse_runner.py:272| eval_w2 | Epoch 5820, Reverse Model W2: 0.0429
2026-03-28 22:31:03 | DEBUG | sivi:base_runner.py:477| eval_elbo | Epoch 5820, ELBO: 0.0027, Std Total: 0.1281, Std Q: nan, CI Half: 0.0112
2026-03-28 22:31:03 | DEBUG | sivi:base_runner.py:507| eval_ksd | Epoch 5820, VI KSD: 0.0002
2026-03-28 22:31:03 | DEBUG | sivi:base_runner.py:337| eval_kl_ite | Epoch 5830, VI KL to baseline: 0.0033
2026-03-28 22:31:03 | DEBUG | sivi:base_reverse_runner.py:261| eval_kl_ite | Epoch 5830, Reverse Model KL ITE: 0.0735
2026-03-28 22:31:03 | DEBUG | sivi:base_runner.py:347| eval_w2 | Epoch 5830, VI W2 to baseline: 0.0323
2026-03-28 22:31:03 | DEBUG | sivi:base_reverse_runner.py:272| eval_w2 | Epoch 5830, Reverse Model W2: 0.0413
2026-03-28 22:31:03 | DEBUG | sivi:base_runner.py:477| eval_elbo | Epoch 5830, ELBO: 0.0106, Std Total: 0.1323, Std Q: nan, CI Half: 0.0116
2026-03-28 22:31:03 | DEBUG | sivi:base_runner.py:507| eval_ksd | Epoch 5830, VI KSD: -0.0001
2026-03-28 22:31:04 | DEBUG | sivi:base_runner.py:337| eval_kl_ite | Epoch 5840, VI KL to baseline: -0.0008
2026-03-28 22:31:04 | DEBUG | sivi:base_reverse_runner.py:261| eval_kl_ite | Epoch 5840, Reverse Model KL ITE: 0.0511
2026-03-28 22:31:04 | DEBUG | sivi:base_runner.py:347| eval_w2 | Epoch 5840, VI W2 to baseline: 0.0373
2026-03-28 22:31:04 | DEBUG | sivi:base_reverse_runner.py:272| eval_w2 | Epoch 5840, Reverse Model W2: 0.0435
2026-03-28 22:31:04 | DEBUG | sivi:base_runner.py:477| eval_elbo | Epoch 5840, ELBO: 0.0017, Std Total: 0.1473, Std Q: nan, CI Half: 0.0129
2026-03-28 22:31:04 | DEBUG | sivi:base_runner.py:507| eval_ksd | Epoch 5840, VI KSD: -0.0002
2026-03-28 22:31:04 | DEBUG | sivi:base_runner.py:337| eval_kl_ite | Epoch 5850, VI KL to baseline: 0.0255
2026-03-28 22:31:04 | DEBUG | sivi:base_reverse_runner.py:261| eval_kl_ite | Epoch 5850, Reverse Model KL ITE: 0.0783
2026-03-28 22:31:04 | DEBUG | sivi:base_runner.py:347| eval_w2 | Epoch 5850, VI W2 to baseline: 0.0506
2026-03-28 22:31:04 | DEBUG | sivi:base_reverse_runner.py:272| eval_w2 | Epoch 5850, Reverse Model W2: 0.0435
2026-03-28 22:31:04 | DEBUG | sivi:base_runner.py:477| eval_elbo | Epoch 5850, ELBO: 0.0101, Std Total: 0.1315, Std Q: nan, CI Half: 0.0115
2026-03-28 22:31:04 | DEBUG | sivi:base_runner.py:507| eval_ksd | Epoch 5850, VI KSD: 0.0010
2026-03-28 22:31:05 | DEBUG | sivi:base_runner.py:337| eval_kl_ite | Epoch 5860, VI KL to baseline: 0.0033
2026-03-28 22:31:05 | DEBUG | sivi:base_reverse_runner.py:261| eval_kl_ite | Epoch 5860, Reverse Model KL ITE: 0.0698
2026-03-28 22:31:05 | DEBUG | sivi:base_runner.py:347| eval_w2 | Epoch 5860, VI W2 to baseline: 0.0531
2026-03-28 22:31:05 | DEBUG | sivi:base_reverse_runner.py:272| eval_w2 | Epoch 5860, Reverse Model W2: 0.0453
2026-03-28 22:31:05 | DEBUG | sivi:base_runner.py:477| eval_elbo | Epoch 5860, ELBO: 0.0039, Std Total: 0.1795, Std Q: nan, CI Half: 0.0157
2026-03-28 22:31:05 | DEBUG | sivi:base_runner.py:507| eval_ksd | Epoch 5860, VI KSD: 0.0009
2026-03-28 22:31:05 | DEBUG | sivi:base_runner.py:337| eval_kl_ite | Epoch 5870, VI KL to baseline: 0.0096
2026-03-28 22:31:05 | DEBUG | sivi:base_reverse_runner.py:261| eval_kl_ite | Epoch 5870, Reverse Model KL ITE: 0.0894
2026-03-28 22:31:05 | DEBUG | sivi:base_runner.py:347| eval_w2 | Epoch 5870, VI W2 to baseline: 0.0590
2026-03-28 22:31:05 | DEBUG | sivi:base_reverse_runner.py:272| eval_w2 | Epoch 5870, Reverse Model W2: 0.0446
2026-03-28 22:31:05 | DEBUG | sivi:base_runner.py:477| eval_elbo | Epoch 5870, ELBO: -0.0075, Std Total: 0.1164, Std Q: nan, CI Half: 0.0102
2026-03-28 22:31:05 | DEBUG | sivi:base_runner.py:507| eval_ksd | Epoch 5870, VI KSD: 0.0012
2026-03-28 22:31:06 | DEBUG | sivi:base_runner.py:337| eval_kl_ite | Epoch 5880, VI KL to baseline: 0.0108
2026-03-28 22:31:06 | DEBUG | sivi:base_reverse_runner.py:261| eval_kl_ite | Epoch 5880, Reverse Model KL ITE: 0.0641
2026-03-28 22:31:06 | DEBUG | sivi:base_runner.py:347| eval_w2 | Epoch 5880, VI W2 to baseline: 0.0461
2026-03-28 22:31:06 | DEBUG | sivi:base_reverse_runner.py:272| eval_w2 | Epoch 5880, Reverse Model W2: 0.0430
2026-03-28 22:31:06 | DEBUG | sivi:base_runner.py:477| eval_elbo | Epoch 5880, ELBO: -0.0040, Std Total: 0.1450, Std Q: nan, CI Half: 0.0127
2026-03-28 22:31:06 | DEBUG | sivi:base_runner.py:507| eval_ksd | Epoch 5880, VI KSD: 0.0000
2026-03-28 22:31:06 | DEBUG | sivi:base_runner.py:337| eval_kl_ite | Epoch 5890, VI KL to baseline: -0.0020
2026-03-28 22:31:06 | DEBUG | sivi:base_reverse_runner.py:261| eval_kl_ite | Epoch 5890, Reverse Model KL ITE: 0.0603
2026-03-28 22:31:06 | DEBUG | sivi:base_runner.py:347| eval_w2 | Epoch 5890, VI W2 to baseline: 0.0310
2026-03-28 22:31:06 | DEBUG | sivi:base_reverse_runner.py:272| eval_w2 | Epoch 5890, Reverse Model W2: 0.0407
2026-03-28 22:31:06 | DEBUG | sivi:base_runner.py:477| eval_elbo | Epoch 5890, ELBO: -0.0011, Std Total: 0.1120, Std Q: nan, CI Half: 0.0098
2026-03-28 22:31:06 | DEBUG | sivi:base_runner.py:507| eval_ksd | Epoch 5890, VI KSD: 0.0000
2026-03-28 22:31:07 | DEBUG | sivi:base_runner.py:874| learn | Epoch 5900: Avg Loss: -0.0098, Avg Epoch Time: 0.0535s
2026-03-28 22:31:07 | DEBUG | sivi:base_runner.py:337| eval_kl_ite | Epoch 5900, VI KL to baseline: -0.0007
2026-03-28 22:31:07 | DEBUG | sivi:base_reverse_runner.py:261| eval_kl_ite | Epoch 5900, Reverse Model KL ITE: 0.0609
2026-03-28 22:31:07 | DEBUG | sivi:base_runner.py:347| eval_w2 | Epoch 5900, VI W2 to baseline: 0.0421
2026-03-28 22:31:07 | DEBUG | sivi:base_reverse_runner.py:272| eval_w2 | Epoch 5900, Reverse Model W2: 0.0454
2026-03-28 22:31:07 | DEBUG | sivi:base_runner.py:477| eval_elbo | Epoch 5900, ELBO: 0.0060, Std Total: 0.1461, Std Q: nan, CI Half: 0.0128
2026-03-28 22:31:07 | DEBUG | sivi:base_runner.py:507| eval_ksd | Epoch 5900, VI KSD: -0.0007
2026-03-28 22:31:07 | DEBUG | sivi:base_runner.py:337| eval_kl_ite | Epoch 5910, VI KL to baseline: 0.0100
2026-03-28 22:31:07 | DEBUG | sivi:base_reverse_runner.py:261| eval_kl_ite | Epoch 5910, Reverse Model KL ITE: 0.0374
2026-03-28 22:31:08 | DEBUG | sivi:base_runner.py:347| eval_w2 | Epoch 5910, VI W2 to baseline: 0.0313
2026-03-28 22:31:08 | DEBUG | sivi:base_reverse_runner.py:272| eval_w2 | Epoch 5910, Reverse Model W2: 0.0411
2026-03-28 22:31:08 | DEBUG | sivi:base_runner.py:477| eval_elbo | Epoch 5910, ELBO: 0.0068, Std Total: 0.1335, Std Q: nan, CI Half: 0.0117
2026-03-28 22:31:08 | DEBUG | sivi:base_runner.py:507| eval_ksd | Epoch 5910, VI KSD: -0.0008
2026-03-28 22:31:08 | DEBUG | sivi:base_runner.py:337| eval_kl_ite | Epoch 5920, VI KL to baseline: 0.0131
2026-03-28 22:31:08 | DEBUG | sivi:base_reverse_runner.py:261| eval_kl_ite | Epoch 5920, Reverse Model KL ITE: 0.0650
2026-03-28 22:31:08 | DEBUG | sivi:base_runner.py:347| eval_w2 | Epoch 5920, VI W2 to baseline: 0.0278
2026-03-28 22:31:08 | DEBUG | sivi:base_reverse_runner.py:272| eval_w2 | Epoch 5920, Reverse Model W2: 0.0443
2026-03-28 22:31:08 | DEBUG | sivi:base_runner.py:477| eval_elbo | Epoch 5920, ELBO: 0.0027, Std Total: 0.1470, Std Q: nan, CI Half: 0.0129
2026-03-28 22:31:08 | DEBUG | sivi:base_runner.py:507| eval_ksd | Epoch 5920, VI KSD: -0.0003
2026-03-28 22:31:08 | DEBUG | sivi:base_runner.py:337| eval_kl_ite | Epoch 5930, VI KL to baseline: 0.0124
2026-03-28 22:31:09 | DEBUG | sivi:base_reverse_runner.py:261| eval_kl_ite | Epoch 5930, Reverse Model KL ITE: 0.0430
2026-03-28 22:31:09 | DEBUG | sivi:base_runner.py:347| eval_w2 | Epoch 5930, VI W2 to baseline: 0.0522
2026-03-28 22:31:09 | DEBUG | sivi:base_reverse_runner.py:272| eval_w2 | Epoch 5930, Reverse Model W2: 0.0519
2026-03-28 22:31:09 | DEBUG | sivi:base_runner.py:477| eval_elbo | Epoch 5930, ELBO: 0.0015, Std Total: 0.1423, Std Q: nan, CI Half: 0.0125
2026-03-28 22:31:09 | DEBUG | sivi:base_runner.py:507| eval_ksd | Epoch 5930, VI KSD: 0.0001
2026-03-28 22:31:09 | DEBUG | sivi:base_runner.py:337| eval_kl_ite | Epoch 5940, VI KL to baseline: 0.0100
2026-03-28 22:31:09 | DEBUG | sivi:base_reverse_runner.py:261| eval_kl_ite | Epoch 5940, Reverse Model KL ITE: 0.0857
2026-03-28 22:31:09 | DEBUG | sivi:base_runner.py:347| eval_w2 | Epoch 5940, VI W2 to baseline: 0.0619
2026-03-28 22:31:09 | DEBUG | sivi:base_reverse_runner.py:272| eval_w2 | Epoch 5940, Reverse Model W2: 0.0514
2026-03-28 22:31:09 | DEBUG | sivi:base_runner.py:477| eval_elbo | Epoch 5940, ELBO: 0.0044, Std Total: 0.1255, Std Q: nan, CI Half: 0.0110
2026-03-28 22:31:09 | DEBUG | sivi:base_runner.py:507| eval_ksd | Epoch 5940, VI KSD: -0.0003
2026-03-28 22:31:10 | DEBUG | sivi:base_runner.py:337| eval_kl_ite | Epoch 5950, VI KL to baseline: 0.0100
2026-03-28 22:31:10 | DEBUG | sivi:base_reverse_runner.py:261| eval_kl_ite | Epoch 5950, Reverse Model KL ITE: 0.0742
2026-03-28 22:31:10 | DEBUG | sivi:base_runner.py:347| eval_w2 | Epoch 5950, VI W2 to baseline: 0.0564
2026-03-28 22:31:10 | DEBUG | sivi:base_reverse_runner.py:272| eval_w2 | Epoch 5950, Reverse Model W2: 0.0438
2026-03-28 22:31:10 | DEBUG | sivi:base_runner.py:477| eval_elbo | Epoch 5950, ELBO: 0.0173, Std Total: 0.1412, Std Q: nan, CI Half: 0.0124
2026-03-28 22:31:10 | DEBUG | sivi:base_runner.py:507| eval_ksd | Epoch 5950, VI KSD: 0.0029
2026-03-28 22:31:10 | DEBUG | sivi:base_runner.py:337| eval_kl_ite | Epoch 5960, VI KL to baseline: -0.0071
2026-03-28 22:31:11 | DEBUG | sivi:base_reverse_runner.py:261| eval_kl_ite | Epoch 5960, Reverse Model KL ITE: 0.0784
2026-03-28 22:31:11 | DEBUG | sivi:base_runner.py:347| eval_w2 | Epoch 5960, VI W2 to baseline: 0.0668
2026-03-28 22:31:11 | DEBUG | sivi:base_reverse_runner.py:272| eval_w2 | Epoch 5960, Reverse Model W2: 0.0494
2026-03-28 22:31:11 | DEBUG | sivi:base_runner.py:477| eval_elbo | Epoch 5960, ELBO: 0.0026, Std Total: 0.1348, Std Q: nan, CI Half: 0.0118
2026-03-28 22:31:11 | DEBUG | sivi:base_runner.py:507| eval_ksd | Epoch 5960, VI KSD: 0.0006
2026-03-28 22:31:11 | DEBUG | sivi:base_runner.py:337| eval_kl_ite | Epoch 5970, VI KL to baseline: 0.0151
2026-03-28 22:31:11 | DEBUG | sivi:base_reverse_runner.py:261| eval_kl_ite | Epoch 5970, Reverse Model KL ITE: 0.0830
2026-03-28 22:31:11 | DEBUG | sivi:base_runner.py:347| eval_w2 | Epoch 5970, VI W2 to baseline: 0.0542
2026-03-28 22:31:11 | DEBUG | sivi:base_reverse_runner.py:272| eval_w2 | Epoch 5970, Reverse Model W2: 0.0458
2026-03-28 22:31:11 | DEBUG | sivi:base_runner.py:477| eval_elbo | Epoch 5970, ELBO: 0.0090, Std Total: 0.1133, Std Q: nan, CI Half: 0.0099
2026-03-28 22:31:11 | DEBUG | sivi:base_runner.py:507| eval_ksd | Epoch 5970, VI KSD: 0.0011
2026-03-28 22:31:12 | DEBUG | sivi:base_runner.py:337| eval_kl_ite | Epoch 5980, VI KL to baseline: 0.0229
2026-03-28 22:31:12 | DEBUG | sivi:base_reverse_runner.py:261| eval_kl_ite | Epoch 5980, Reverse Model KL ITE: 0.0786
2026-03-28 22:31:12 | DEBUG | sivi:base_runner.py:347| eval_w2 | Epoch 5980, VI W2 to baseline: 0.0581
2026-03-28 22:31:12 | DEBUG | sivi:base_reverse_runner.py:272| eval_w2 | Epoch 5980, Reverse Model W2: 0.0435
2026-03-28 22:31:12 | DEBUG | sivi:base_runner.py:477| eval_elbo | Epoch 5980, ELBO: 0.0037, Std Total: 0.1309, Std Q: nan, CI Half: 0.0115
2026-03-28 22:31:12 | DEBUG | sivi:base_runner.py:507| eval_ksd | Epoch 5980, VI KSD: -0.0001
2026-03-28 22:31:12 | DEBUG | sivi:base_runner.py:337| eval_kl_ite | Epoch 5990, VI KL to baseline: 0.0135
2026-03-28 22:31:13 | DEBUG | sivi:base_reverse_runner.py:261| eval_kl_ite | Epoch 5990, Reverse Model KL ITE: 0.0593
2026-03-28 22:31:13 | DEBUG | sivi:base_runner.py:347| eval_w2 | Epoch 5990, VI W2 to baseline: 0.0705
2026-03-28 22:31:13 | DEBUG | sivi:base_reverse_runner.py:272| eval_w2 | Epoch 5990, Reverse Model W2: 0.0449
2026-03-28 22:31:13 | DEBUG | sivi:base_runner.py:477| eval_elbo | Epoch 5990, ELBO: 0.0136, Std Total: 0.1212, Std Q: nan, CI Half: 0.0106
2026-03-28 22:31:13 | DEBUG | sivi:base_runner.py:507| eval_ksd | Epoch 5990, VI KSD: 0.0002
2026-03-28 22:31:13 | DEBUG | sivi:base_runner.py:874| learn | Epoch 6000: Avg Loss: -0.0018, Avg Epoch Time: 0.0622s
2026-03-28 22:31:13 | DEBUG | sivi:base_reverse_runner.py:183| _training_rev_log_func | Epoch 6000, Inner epoch 1, Reverse Model Loss: 4.9170, Avg Steps: 1.0000
2026-03-28 22:31:13 | DEBUG | sivi:base_runner.py:588| save_samples | Saved 100000 samples at epoch 6000.
2026-03-28 22:31:13 | DEBUG | sivi:base_runner.py:607| save_checkpoint | Saved VIModel checkpoints at epoch 6000 to results/AISIVI/multimodal/20260328_222515/checkpoints/epoch_6000.
2026-03-28 22:31:13 | DEBUG | sivi:base_reverse_runner.py:476| save_checkpoint | Saved reverse checkpoints at epoch 6000 to results/AISIVI/multimodal/20260328_222515/checkpoints/epoch_6000.
2026-03-28 22:31:13 | DEBUG | sivi:base_runner.py:337| eval_kl_ite | Epoch 6000, VI KL to baseline: 0.0348
2026-03-28 22:31:13 | DEBUG | sivi:base_reverse_runner.py:261| eval_kl_ite | Epoch 6000, Reverse Model KL ITE: 0.0613
2026-03-28 22:31:13 | DEBUG | sivi:base_runner.py:347| eval_w2 | Epoch 6000, VI W2 to baseline: 0.0515
2026-03-28 22:31:13 | DEBUG | sivi:base_reverse_runner.py:272| eval_w2 | Epoch 6000, Reverse Model W2: 0.0483
2026-03-28 22:31:13 | DEBUG | sivi:base_runner.py:477| eval_elbo | Epoch 6000, ELBO: 0.0041, Std Total: 0.1181, Std Q: nan, CI Half: 0.0104
2026-03-28 22:31:13 | DEBUG | sivi:base_runner.py:507| eval_ksd | Epoch 6000, VI KSD: 0.0010
2026-03-28 22:31:13 | DEBUG | sivi:base_runner.py:970| learn | Saved contour plot at epoch 6000.
2026-03-28 22:31:14 | DEBUG | sivi:base_runner.py:337| eval_kl_ite | Epoch 6010, VI KL to baseline: 0.0092
2026-03-28 22:31:14 | DEBUG | sivi:base_reverse_runner.py:261| eval_kl_ite | Epoch 6010, Reverse Model KL ITE: 0.0852
2026-03-28 22:31:14 | DEBUG | sivi:base_runner.py:347| eval_w2 | Epoch 6010, VI W2 to baseline: 0.0521
2026-03-28 22:31:14 | DEBUG | sivi:base_reverse_runner.py:272| eval_w2 | Epoch 6010, Reverse Model W2: 0.0432
2026-03-28 22:31:14 | DEBUG | sivi:base_runner.py:477| eval_elbo | Epoch 6010, ELBO: 0.0002, Std Total: 0.1285, Std Q: nan, CI Half: 0.0113
2026-03-28 22:31:14 | DEBUG | sivi:base_runner.py:507| eval_ksd | Epoch 6010, VI KSD: -0.0005
2026-03-28 22:31:14 | DEBUG | sivi:base_runner.py:337| eval_kl_ite | Epoch 6020, VI KL to baseline: 0.0001
2026-03-28 22:31:14 | DEBUG | sivi:base_reverse_runner.py:261| eval_kl_ite | Epoch 6020, Reverse Model KL ITE: 0.0653
2026-03-28 22:31:14 | DEBUG | sivi:base_runner.py:347| eval_w2 | Epoch 6020, VI W2 to baseline: 0.0289
2026-03-28 22:31:14 | DEBUG | sivi:base_reverse_runner.py:272| eval_w2 | Epoch 6020, Reverse Model W2: 0.0470
2026-03-28 22:31:14 | DEBUG | sivi:base_runner.py:477| eval_elbo | Epoch 6020, ELBO: 0.0061, Std Total: 0.1183, Std Q: nan, CI Half: 0.0104
2026-03-28 22:31:14 | DEBUG | sivi:base_runner.py:507| eval_ksd | Epoch 6020, VI KSD: 0.0006
2026-03-28 22:31:15 | DEBUG | sivi:base_runner.py:337| eval_kl_ite | Epoch 6030, VI KL to baseline: 0.0105
2026-03-28 22:31:15 | DEBUG | sivi:base_reverse_runner.py:261| eval_kl_ite | Epoch 6030, Reverse Model KL ITE: 0.0704
2026-03-28 22:31:15 | DEBUG | sivi:base_runner.py:347| eval_w2 | Epoch 6030, VI W2 to baseline: 0.0484
2026-03-28 22:31:15 | DEBUG | sivi:base_reverse_runner.py:272| eval_w2 | Epoch 6030, Reverse Model W2: 0.0477
2026-03-28 22:31:15 | DEBUG | sivi:base_runner.py:477| eval_elbo | Epoch 6030, ELBO: 0.0116, Std Total: 0.1239, Std Q: nan, CI Half: 0.0109
2026-03-28 22:31:15 | DEBUG | sivi:base_runner.py:507| eval_ksd | Epoch 6030, VI KSD: 0.0001
2026-03-28 22:31:16 | DEBUG | sivi:base_runner.py:337| eval_kl_ite | Epoch 6040, VI KL to baseline: -0.0013
2026-03-28 22:31:16 | DEBUG | sivi:base_reverse_runner.py:261| eval_kl_ite | Epoch 6040, Reverse Model KL ITE: 0.0709
2026-03-28 22:31:16 | DEBUG | sivi:base_runner.py:347| eval_w2 | Epoch 6040, VI W2 to baseline: 0.0332
2026-03-28 22:31:16 | DEBUG | sivi:base_reverse_runner.py:272| eval_w2 | Epoch 6040, Reverse Model W2: 0.0428
2026-03-28 22:31:16 | DEBUG | sivi:base_runner.py:477| eval_elbo | Epoch 6040, ELBO: 0.0104, Std Total: 0.1749, Std Q: nan, CI Half: 0.0153
2026-03-28 22:31:16 | DEBUG | sivi:base_runner.py:507| eval_ksd | Epoch 6040, VI KSD: 0.0012
2026-03-28 22:31:16 | DEBUG | sivi:base_runner.py:337| eval_kl_ite | Epoch 6050, VI KL to baseline: -0.0046
2026-03-28 22:31:16 | DEBUG | sivi:base_reverse_runner.py:261| eval_kl_ite | Epoch 6050, Reverse Model KL ITE: 0.0642
2026-03-28 22:31:16 | DEBUG | sivi:base_runner.py:347| eval_w2 | Epoch 6050, VI W2 to baseline: 0.0462
2026-03-28 22:31:16 | DEBUG | sivi:base_reverse_runner.py:272| eval_w2 | Epoch 6050, Reverse Model W2: 0.0477
2026-03-28 22:31:16 | DEBUG | sivi:base_runner.py:477| eval_elbo | Epoch 6050, ELBO: -0.0040, Std Total: 0.0986, Std Q: nan, CI Half: 0.0086
2026-03-28 22:31:16 | DEBUG | sivi:base_runner.py:507| eval_ksd | Epoch 6050, VI KSD: 0.0002
2026-03-28 22:31:17 | DEBUG | sivi:base_runner.py:337| eval_kl_ite | Epoch 6060, VI KL to baseline: -0.0050
2026-03-28 22:31:17 | DEBUG | sivi:base_reverse_runner.py:261| eval_kl_ite | Epoch 6060, Reverse Model KL ITE: 0.0410
2026-03-28 22:31:17 | DEBUG | sivi:base_runner.py:347| eval_w2 | Epoch 6060, VI W2 to baseline: 0.0435
2026-03-28 22:31:17 | DEBUG | sivi:base_reverse_runner.py:272| eval_w2 | Epoch 6060, Reverse Model W2: 0.0439
2026-03-28 22:31:17 | DEBUG | sivi:base_runner.py:477| eval_elbo | Epoch 6060, ELBO: 0.0037, Std Total: 0.1482, Std Q: nan, CI Half: 0.0130
2026-03-28 22:31:17 | DEBUG | sivi:base_runner.py:507| eval_ksd | Epoch 6060, VI KSD: 0.0011
2026-03-28 22:31:17 | DEBUG | sivi:base_runner.py:337| eval_kl_ite | Epoch 6070, VI KL to baseline: 0.0087
2026-03-28 22:31:17 | DEBUG | sivi:base_reverse_runner.py:261| eval_kl_ite | Epoch 6070, Reverse Model KL ITE: 0.0915
2026-03-28 22:31:17 | DEBUG | sivi:base_runner.py:347| eval_w2 | Epoch 6070, VI W2 to baseline: 0.0360
2026-03-28 22:31:17 | DEBUG | sivi:base_reverse_runner.py:272| eval_w2 | Epoch 6070, Reverse Model W2: 0.0482
2026-03-28 22:31:17 | DEBUG | sivi:base_runner.py:477| eval_elbo | Epoch 6070, ELBO: 0.0098, Std Total: 0.1246, Std Q: nan, CI Half: 0.0109
2026-03-28 22:31:17 | DEBUG | sivi:base_runner.py:507| eval_ksd | Epoch 6070, VI KSD: -0.0001
2026-03-28 22:31:18 | DEBUG | sivi:base_runner.py:337| eval_kl_ite | Epoch 6080, VI KL to baseline: 0.0246
2026-03-28 22:31:18 | DEBUG | sivi:base_reverse_runner.py:261| eval_kl_ite | Epoch 6080, Reverse Model KL ITE: 0.0817
2026-03-28 22:31:18 | DEBUG | sivi:base_runner.py:347| eval_w2 | Epoch 6080, VI W2 to baseline: 0.0379
2026-03-28 22:31:18 | DEBUG | sivi:base_reverse_runner.py:272| eval_w2 | Epoch 6080, Reverse Model W2: 0.0454
2026-03-28 22:31:18 | DEBUG | sivi:base_runner.py:477| eval_elbo | Epoch 6080, ELBO: 0.0012, Std Total: 0.1186, Std Q: nan, CI Half: 0.0104
2026-03-28 22:31:18 | DEBUG | sivi:base_runner.py:507| eval_ksd | Epoch 6080, VI KSD: -0.0002
2026-03-28 22:31:18 | DEBUG | sivi:base_runner.py:337| eval_kl_ite | Epoch 6090, VI KL to baseline: -0.0045
2026-03-28 22:31:18 | DEBUG | sivi:base_reverse_runner.py:261| eval_kl_ite | Epoch 6090, Reverse Model KL ITE: 0.0775
2026-03-28 22:31:18 | DEBUG | sivi:base_runner.py:347| eval_w2 | Epoch 6090, VI W2 to baseline: 0.0325
2026-03-28 22:31:18 | DEBUG | sivi:base_reverse_runner.py:272| eval_w2 | Epoch 6090, Reverse Model W2: 0.0415
2026-03-28 22:31:18 | DEBUG | sivi:base_runner.py:477| eval_elbo | Epoch 6090, ELBO: 0.0134, Std Total: 0.1030, Std Q: nan, CI Half: 0.0090
2026-03-28 22:31:18 | DEBUG | sivi:base_runner.py:507| eval_ksd | Epoch 6090, VI KSD: 0.0003
2026-03-28 22:31:19 | DEBUG | sivi:base_runner.py:874| learn | Epoch 6100: Avg Loss: -0.0039, Avg Epoch Time: 0.0576s
2026-03-28 22:31:19 | DEBUG | sivi:base_runner.py:337| eval_kl_ite | Epoch 6100, VI KL to baseline: 0.0154
2026-03-28 22:31:19 | DEBUG | sivi:base_reverse_runner.py:261| eval_kl_ite | Epoch 6100, Reverse Model KL ITE: 0.0765
2026-03-28 22:31:19 | DEBUG | sivi:base_runner.py:347| eval_w2 | Epoch 6100, VI W2 to baseline: 0.0260
2026-03-28 22:31:19 | DEBUG | sivi:base_reverse_runner.py:272| eval_w2 | Epoch 6100, Reverse Model W2: 0.0445
2026-03-28 22:31:19 | DEBUG | sivi:base_runner.py:477| eval_elbo | Epoch 6100, ELBO: -0.0040, Std Total: 0.1405, Std Q: nan, CI Half: 0.0123
2026-03-28 22:31:19 | DEBUG | sivi:base_runner.py:507| eval_ksd | Epoch 6100, VI KSD: -0.0004
2026-03-28 22:31:20 | DEBUG | sivi:base_runner.py:337| eval_kl_ite | Epoch 6110, VI KL to baseline: 0.0122
2026-03-28 22:31:20 | DEBUG | sivi:base_reverse_runner.py:261| eval_kl_ite | Epoch 6110, Reverse Model KL ITE: 0.0819
2026-03-28 22:31:20 | DEBUG | sivi:base_runner.py:347| eval_w2 | Epoch 6110, VI W2 to baseline: 0.0340
2026-03-28 22:31:20 | DEBUG | sivi:base_reverse_runner.py:272| eval_w2 | Epoch 6110, Reverse Model W2: 0.0439
2026-03-28 22:31:20 | DEBUG | sivi:base_runner.py:477| eval_elbo | Epoch 6110, ELBO: 0.0049, Std Total: 0.1050, Std Q: nan, CI Half: 0.0092
2026-03-28 22:31:20 | DEBUG | sivi:base_runner.py:507| eval_ksd | Epoch 6110, VI KSD: 0.0001
2026-03-28 22:31:20 | DEBUG | sivi:base_runner.py:337| eval_kl_ite | Epoch 6120, VI KL to baseline: -0.0066
2026-03-28 22:31:20 | DEBUG | sivi:base_reverse_runner.py:261| eval_kl_ite | Epoch 6120, Reverse Model KL ITE: 0.0606
2026-03-28 22:31:20 | DEBUG | sivi:base_runner.py:347| eval_w2 | Epoch 6120, VI W2 to baseline: 0.0299
2026-03-28 22:31:20 | DEBUG | sivi:base_reverse_runner.py:272| eval_w2 | Epoch 6120, Reverse Model W2: 0.0437
2026-03-28 22:31:20 | DEBUG | sivi:base_runner.py:477| eval_elbo | Epoch 6120, ELBO: 0.0082, Std Total: 0.1311, Std Q: nan, CI Half: 0.0115
2026-03-28 22:31:20 | DEBUG | sivi:base_runner.py:507| eval_ksd | Epoch 6120, VI KSD: 0.0000
2026-03-28 22:31:21 | DEBUG | sivi:base_runner.py:337| eval_kl_ite | Epoch 6130, VI KL to baseline: 0.0067
2026-03-28 22:31:21 | DEBUG | sivi:base_reverse_runner.py:261| eval_kl_ite | Epoch 6130, Reverse Model KL ITE: 0.0779
2026-03-28 22:31:21 | DEBUG | sivi:base_runner.py:347| eval_w2 | Epoch 6130, VI W2 to baseline: 0.0361
2026-03-28 22:31:21 | DEBUG | sivi:base_reverse_runner.py:272| eval_w2 | Epoch 6130, Reverse Model W2: 0.0441
2026-03-28 22:31:21 | DEBUG | sivi:base_runner.py:477| eval_elbo | Epoch 6130, ELBO: -0.0018, Std Total: 0.1198, Std Q: nan, CI Half: 0.0105
2026-03-28 22:31:21 | DEBUG | sivi:base_runner.py:507| eval_ksd | Epoch 6130, VI KSD: -0.0004
2026-03-28 22:31:21 | DEBUG | sivi:base_runner.py:337| eval_kl_ite | Epoch 6140, VI KL to baseline: -0.0053
2026-03-28 22:31:21 | DEBUG | sivi:base_reverse_runner.py:261| eval_kl_ite | Epoch 6140, Reverse Model KL ITE: 0.0938
2026-03-28 22:31:21 | DEBUG | sivi:base_runner.py:347| eval_w2 | Epoch 6140, VI W2 to baseline: 0.0570
2026-03-28 22:31:21 | DEBUG | sivi:base_reverse_runner.py:272| eval_w2 | Epoch 6140, Reverse Model W2: 0.0465
2026-03-28 22:31:21 | DEBUG | sivi:base_runner.py:477| eval_elbo | Epoch 6140, ELBO: 0.0062, Std Total: 0.1154, Std Q: nan, CI Half: 0.0101
2026-03-28 22:31:21 | DEBUG | sivi:base_runner.py:507| eval_ksd | Epoch 6140, VI KSD: -0.0009
2026-03-28 22:31:22 | DEBUG | sivi:base_runner.py:337| eval_kl_ite | Epoch 6150, VI KL to baseline: 0.0176
2026-03-28 22:31:22 | DEBUG | sivi:base_reverse_runner.py:261| eval_kl_ite | Epoch 6150, Reverse Model KL ITE: 0.0720
2026-03-28 22:31:22 | DEBUG | sivi:base_runner.py:347| eval_w2 | Epoch 6150, VI W2 to baseline: 0.0390
2026-03-28 22:31:22 | DEBUG | sivi:base_reverse_runner.py:272| eval_w2 | Epoch 6150, Reverse Model W2: 0.0431
2026-03-28 22:31:22 | DEBUG | sivi:base_runner.py:477| eval_elbo | Epoch 6150, ELBO: 0.0087, Std Total: 0.1125, Std Q: nan, CI Half: 0.0099
2026-03-28 22:31:22 | DEBUG | sivi:base_runner.py:507| eval_ksd | Epoch 6150, VI KSD: -0.0001
2026-03-28 22:31:22 | DEBUG | sivi:base_runner.py:337| eval_kl_ite | Epoch 6160, VI KL to baseline: 0.0028
2026-03-28 22:31:22 | DEBUG | sivi:base_reverse_runner.py:261| eval_kl_ite | Epoch 6160, Reverse Model KL ITE: 0.0749
2026-03-28 22:31:22 | DEBUG | sivi:base_runner.py:347| eval_w2 | Epoch 6160, VI W2 to baseline: 0.0397
2026-03-28 22:31:22 | DEBUG | sivi:base_reverse_runner.py:272| eval_w2 | Epoch 6160, Reverse Model W2: 0.0408
2026-03-28 22:31:22 | DEBUG | sivi:base_runner.py:477| eval_elbo | Epoch 6160, ELBO: 0.0049, Std Total: 0.1629, Std Q: nan, CI Half: 0.0143
2026-03-28 22:31:22 | DEBUG | sivi:base_runner.py:507| eval_ksd | Epoch 6160, VI KSD: 0.0001
2026-03-28 22:31:23 | DEBUG | sivi:base_runner.py:337| eval_kl_ite | Epoch 6170, VI KL to baseline: -0.0037
2026-03-28 22:31:23 | DEBUG | sivi:base_reverse_runner.py:261| eval_kl_ite | Epoch 6170, Reverse Model KL ITE: 0.0726
2026-03-28 22:31:23 | DEBUG | sivi:base_runner.py:347| eval_w2 | Epoch 6170, VI W2 to baseline: 0.0382
2026-03-28 22:31:23 | DEBUG | sivi:base_reverse_runner.py:272| eval_w2 | Epoch 6170, Reverse Model W2: 0.0509
2026-03-28 22:31:23 | DEBUG | sivi:base_runner.py:477| eval_elbo | Epoch 6170, ELBO: 0.0000, Std Total: 0.1156, Std Q: nan, CI Half: 0.0101
2026-03-28 22:31:23 | DEBUG | sivi:base_runner.py:507| eval_ksd | Epoch 6170, VI KSD: 0.0002
2026-03-28 22:31:24 | DEBUG | sivi:base_runner.py:337| eval_kl_ite | Epoch 6180, VI KL to baseline: 0.0119
2026-03-28 22:31:24 | DEBUG | sivi:base_reverse_runner.py:261| eval_kl_ite | Epoch 6180, Reverse Model KL ITE: 0.0726
2026-03-28 22:31:24 | DEBUG | sivi:base_runner.py:347| eval_w2 | Epoch 6180, VI W2 to baseline: 0.0360
2026-03-28 22:31:24 | DEBUG | sivi:base_reverse_runner.py:272| eval_w2 | Epoch 6180, Reverse Model W2: 0.0519
2026-03-28 22:31:24 | DEBUG | sivi:base_runner.py:477| eval_elbo | Epoch 6180, ELBO: 0.0026, Std Total: 0.1166, Std Q: nan, CI Half: 0.0102
2026-03-28 22:31:24 | DEBUG | sivi:base_runner.py:507| eval_ksd | Epoch 6180, VI KSD: 0.0004
2026-03-28 22:31:24 | DEBUG | sivi:base_runner.py:337| eval_kl_ite | Epoch 6190, VI KL to baseline: 0.0147
2026-03-28 22:31:24 | DEBUG | sivi:base_reverse_runner.py:261| eval_kl_ite | Epoch 6190, Reverse Model KL ITE: 0.0490
2026-03-28 22:31:24 | DEBUG | sivi:base_runner.py:347| eval_w2 | Epoch 6190, VI W2 to baseline: 0.0376
2026-03-28 22:31:24 | DEBUG | sivi:base_reverse_runner.py:272| eval_w2 | Epoch 6190, Reverse Model W2: 0.0466
2026-03-28 22:31:24 | DEBUG | sivi:base_runner.py:477| eval_elbo | Epoch 6190, ELBO: 0.0147, Std Total: 0.1082, Std Q: nan, CI Half: 0.0095
2026-03-28 22:31:24 | DEBUG | sivi:base_runner.py:507| eval_ksd | Epoch 6190, VI KSD: 0.0017
2026-03-28 22:31:25 | DEBUG | sivi:base_runner.py:874| learn | Epoch 6200: Avg Loss: 0.0170, Avg Epoch Time: 0.0591s
2026-03-28 22:31:25 | DEBUG | sivi:base_runner.py:337| eval_kl_ite | Epoch 6200, VI KL to baseline: 0.0108
2026-03-28 22:31:25 | DEBUG | sivi:base_reverse_runner.py:261| eval_kl_ite | Epoch 6200, Reverse Model KL ITE: 0.0914
2026-03-28 22:31:25 | DEBUG | sivi:base_runner.py:347| eval_w2 | Epoch 6200, VI W2 to baseline: 0.0368
2026-03-28 22:31:25 | DEBUG | sivi:base_reverse_runner.py:272| eval_w2 | Epoch 6200, Reverse Model W2: 0.0484
2026-03-28 22:31:25 | DEBUG | sivi:base_runner.py:477| eval_elbo | Epoch 6200, ELBO: 0.0015, Std Total: 0.1121, Std Q: nan, CI Half: 0.0098
2026-03-28 22:31:25 | DEBUG | sivi:base_runner.py:507| eval_ksd | Epoch 6200, VI KSD: -0.0002
2026-03-28 22:31:25 | DEBUG | sivi:base_runner.py:337| eval_kl_ite | Epoch 6210, VI KL to baseline: 0.0002
2026-03-28 22:31:25 | DEBUG | sivi:base_reverse_runner.py:261| eval_kl_ite | Epoch 6210, Reverse Model KL ITE: 0.0601
2026-03-28 22:31:26 | DEBUG | sivi:base_runner.py:347| eval_w2 | Epoch 6210, VI W2 to baseline: 0.0357
2026-03-28 22:31:26 | DEBUG | sivi:base_reverse_runner.py:272| eval_w2 | Epoch 6210, Reverse Model W2: 0.0480
2026-03-28 22:31:26 | DEBUG | sivi:base_runner.py:477| eval_elbo | Epoch 6210, ELBO: 0.0046, Std Total: 0.1166, Std Q: nan, CI Half: 0.0102
2026-03-28 22:31:26 | DEBUG | sivi:base_runner.py:507| eval_ksd | Epoch 6210, VI KSD: 0.0012
2026-03-28 22:31:26 | DEBUG | sivi:base_runner.py:337| eval_kl_ite | Epoch 6220, VI KL to baseline: 0.0053
2026-03-28 22:31:26 | DEBUG | sivi:base_reverse_runner.py:261| eval_kl_ite | Epoch 6220, Reverse Model KL ITE: 0.0811
2026-03-28 22:31:26 | DEBUG | sivi:base_runner.py:347| eval_w2 | Epoch 6220, VI W2 to baseline: 0.0431
2026-03-28 22:31:26 | DEBUG | sivi:base_reverse_runner.py:272| eval_w2 | Epoch 6220, Reverse Model W2: 0.0439
2026-03-28 22:31:26 | DEBUG | sivi:base_runner.py:477| eval_elbo | Epoch 6220, ELBO: 0.0071, Std Total: 0.1212, Std Q: nan, CI Half: 0.0106
2026-03-28 22:31:26 | DEBUG | sivi:base_runner.py:507| eval_ksd | Epoch 6220, VI KSD: -0.0009
2026-03-28 22:31:26 | DEBUG | sivi:base_runner.py:337| eval_kl_ite | Epoch 6230, VI KL to baseline: -0.0006
2026-03-28 22:31:27 | DEBUG | sivi:base_reverse_runner.py:261| eval_kl_ite | Epoch 6230, Reverse Model KL ITE: 0.0900
2026-03-28 22:31:27 | DEBUG | sivi:base_runner.py:347| eval_w2 | Epoch 6230, VI W2 to baseline: 0.0452
2026-03-28 22:31:27 | DEBUG | sivi:base_reverse_runner.py:272| eval_w2 | Epoch 6230, Reverse Model W2: 0.0495
2026-03-28 22:31:27 | DEBUG | sivi:base_runner.py:477| eval_elbo | Epoch 6230, ELBO: 0.0067, Std Total: 0.1182, Std Q: nan, CI Half: 0.0104
2026-03-28 22:31:27 | DEBUG | sivi:base_runner.py:507| eval_ksd | Epoch 6230, VI KSD: 0.0013
2026-03-28 22:31:27 | DEBUG | sivi:base_runner.py:337| eval_kl_ite | Epoch 6240, VI KL to baseline: 0.0253
2026-03-28 22:31:27 | DEBUG | sivi:base_reverse_runner.py:261| eval_kl_ite | Epoch 6240, Reverse Model KL ITE: 0.0611
2026-03-28 22:31:27 | DEBUG | sivi:base_runner.py:347| eval_w2 | Epoch 6240, VI W2 to baseline: 0.0328
2026-03-28 22:31:27 | DEBUG | sivi:base_reverse_runner.py:272| eval_w2 | Epoch 6240, Reverse Model W2: 0.0505
2026-03-28 22:31:27 | DEBUG | sivi:base_runner.py:477| eval_elbo | Epoch 6240, ELBO: 0.0072, Std Total: 0.1310, Std Q: nan, CI Half: 0.0115
2026-03-28 22:31:27 | DEBUG | sivi:base_runner.py:507| eval_ksd | Epoch 6240, VI KSD: 0.0006
2026-03-28 22:31:27 | DEBUG | sivi:base_runner.py:337| eval_kl_ite | Epoch 6250, VI KL to baseline: 0.0100
2026-03-28 22:31:28 | DEBUG | sivi:base_reverse_runner.py:261| eval_kl_ite | Epoch 6250, Reverse Model KL ITE: 0.0885
2026-03-28 22:31:28 | DEBUG | sivi:base_runner.py:347| eval_w2 | Epoch 6250, VI W2 to baseline: 0.0392
2026-03-28 22:31:28 | DEBUG | sivi:base_reverse_runner.py:272| eval_w2 | Epoch 6250, Reverse Model W2: 0.0472
2026-03-28 22:31:28 | DEBUG | sivi:base_runner.py:477| eval_elbo | Epoch 6250, ELBO: 0.0035, Std Total: 0.1294, Std Q: nan, CI Half: 0.0113
2026-03-28 22:31:28 | DEBUG | sivi:base_runner.py:507| eval_ksd | Epoch 6250, VI KSD: 0.0002
2026-03-28 22:31:28 | DEBUG | sivi:base_runner.py:337| eval_kl_ite | Epoch 6260, VI KL to baseline: 0.0100
2026-03-28 22:31:28 | DEBUG | sivi:base_reverse_runner.py:261| eval_kl_ite | Epoch 6260, Reverse Model KL ITE: 0.0573
2026-03-28 22:31:28 | DEBUG | sivi:base_runner.py:347| eval_w2 | Epoch 6260, VI W2 to baseline: 0.0366
2026-03-28 22:31:28 | DEBUG | sivi:base_reverse_runner.py:272| eval_w2 | Epoch 6260, Reverse Model W2: 0.0528
2026-03-28 22:31:28 | DEBUG | sivi:base_runner.py:477| eval_elbo | Epoch 6260, ELBO: 0.0020, Std Total: 0.1248, Std Q: nan, CI Half: 0.0109
2026-03-28 22:31:28 | DEBUG | sivi:base_runner.py:507| eval_ksd | Epoch 6260, VI KSD: -0.0007
2026-03-28 22:31:29 | DEBUG | sivi:base_runner.py:337| eval_kl_ite | Epoch 6270, VI KL to baseline: 0.0173
2026-03-28 22:31:29 | DEBUG | sivi:base_reverse_runner.py:261| eval_kl_ite | Epoch 6270, Reverse Model KL ITE: 0.0788
2026-03-28 22:31:29 | DEBUG | sivi:base_runner.py:347| eval_w2 | Epoch 6270, VI W2 to baseline: 0.0465
2026-03-28 22:31:29 | DEBUG | sivi:base_reverse_runner.py:272| eval_w2 | Epoch 6270, Reverse Model W2: 0.0443
2026-03-28 22:31:29 | DEBUG | sivi:base_runner.py:477| eval_elbo | Epoch 6270, ELBO: 0.0066, Std Total: 0.1638, Std Q: nan, CI Half: 0.0144
2026-03-28 22:31:29 | DEBUG | sivi:base_runner.py:507| eval_ksd | Epoch 6270, VI KSD: -0.0001
2026-03-28 22:31:29 | DEBUG | sivi:base_runner.py:337| eval_kl_ite | Epoch 6280, VI KL to baseline: 0.0139
2026-03-28 22:31:29 | DEBUG | sivi:base_reverse_runner.py:261| eval_kl_ite | Epoch 6280, Reverse Model KL ITE: 0.0736
2026-03-28 22:31:29 | DEBUG | sivi:base_runner.py:347| eval_w2 | Epoch 6280, VI W2 to baseline: 0.0312
2026-03-28 22:31:29 | DEBUG | sivi:base_reverse_runner.py:272| eval_w2 | Epoch 6280, Reverse Model W2: 0.0461
2026-03-28 22:31:29 | DEBUG | sivi:base_runner.py:477| eval_elbo | Epoch 6280, ELBO: 0.0005, Std Total: 0.1065, Std Q: nan, CI Half: 0.0093
2026-03-28 22:31:29 | DEBUG | sivi:base_runner.py:507| eval_ksd | Epoch 6280, VI KSD: 0.0017
2026-03-28 22:31:30 | DEBUG | sivi:base_runner.py:337| eval_kl_ite | Epoch 6290, VI KL to baseline: -0.0013
2026-03-28 22:31:30 | DEBUG | sivi:base_reverse_runner.py:261| eval_kl_ite | Epoch 6290, Reverse Model KL ITE: 0.0780
2026-03-28 22:31:30 | DEBUG | sivi:base_runner.py:347| eval_w2 | Epoch 6290, VI W2 to baseline: 0.0313
2026-03-28 22:31:30 | DEBUG | sivi:base_reverse_runner.py:272| eval_w2 | Epoch 6290, Reverse Model W2: 0.0490
2026-03-28 22:31:30 | DEBUG | sivi:base_runner.py:477| eval_elbo | Epoch 6290, ELBO: 0.0024, Std Total: 0.1113, Std Q: nan, CI Half: 0.0098
2026-03-28 22:31:30 | DEBUG | sivi:base_runner.py:507| eval_ksd | Epoch 6290, VI KSD: -0.0003
2026-03-28 22:31:30 | DEBUG | sivi:base_runner.py:874| learn | Epoch 6300: Avg Loss: 0.0025, Avg Epoch Time: 0.0538s
2026-03-28 22:31:30 | DEBUG | sivi:base_runner.py:337| eval_kl_ite | Epoch 6300, VI KL to baseline: 0.0003
2026-03-28 22:31:30 | DEBUG | sivi:base_reverse_runner.py:261| eval_kl_ite | Epoch 6300, Reverse Model KL ITE: 0.0800
2026-03-28 22:31:30 | DEBUG | sivi:base_runner.py:347| eval_w2 | Epoch 6300, VI W2 to baseline: 0.0380
2026-03-28 22:31:30 | DEBUG | sivi:base_reverse_runner.py:272| eval_w2 | Epoch 6300, Reverse Model W2: 0.0443
2026-03-28 22:31:30 | DEBUG | sivi:base_runner.py:477| eval_elbo | Epoch 6300, ELBO: -0.0024, Std Total: 0.1402, Std Q: nan, CI Half: 0.0123
2026-03-28 22:31:30 | DEBUG | sivi:base_runner.py:507| eval_ksd | Epoch 6300, VI KSD: 0.0010
2026-03-28 22:31:31 | DEBUG | sivi:base_runner.py:337| eval_kl_ite | Epoch 6310, VI KL to baseline: -0.0158
2026-03-28 22:31:31 | DEBUG | sivi:base_reverse_runner.py:261| eval_kl_ite | Epoch 6310, Reverse Model KL ITE: 0.0682
2026-03-28 22:31:31 | DEBUG | sivi:base_runner.py:347| eval_w2 | Epoch 6310, VI W2 to baseline: 0.0435
2026-03-28 22:31:31 | DEBUG | sivi:base_reverse_runner.py:272| eval_w2 | Epoch 6310, Reverse Model W2: 0.0500
2026-03-28 22:31:31 | DEBUG | sivi:base_runner.py:477| eval_elbo | Epoch 6310, ELBO: 0.0041, Std Total: 0.1054, Std Q: nan, CI Half: 0.0092
2026-03-28 22:31:31 | DEBUG | sivi:base_runner.py:507| eval_ksd | Epoch 6310, VI KSD: -0.0004
2026-03-28 22:31:31 | DEBUG | sivi:base_runner.py:337| eval_kl_ite | Epoch 6320, VI KL to baseline: 0.0016
2026-03-28 22:31:31 | DEBUG | sivi:base_reverse_runner.py:261| eval_kl_ite | Epoch 6320, Reverse Model KL ITE: 0.0741
2026-03-28 22:31:31 | DEBUG | sivi:base_runner.py:347| eval_w2 | Epoch 6320, VI W2 to baseline: 0.0340
2026-03-28 22:31:31 | DEBUG | sivi:base_reverse_runner.py:272| eval_w2 | Epoch 6320, Reverse Model W2: 0.0423
2026-03-28 22:31:31 | DEBUG | sivi:base_runner.py:477| eval_elbo | Epoch 6320, ELBO: 0.0032, Std Total: 0.1198, Std Q: nan, CI Half: 0.0105
2026-03-28 22:31:31 | DEBUG | sivi:base_runner.py:507| eval_ksd | Epoch 6320, VI KSD: 0.0012
2026-03-28 22:31:32 | DEBUG | sivi:base_runner.py:337| eval_kl_ite | Epoch 6330, VI KL to baseline: 0.0357
2026-03-28 22:31:32 | DEBUG | sivi:base_reverse_runner.py:261| eval_kl_ite | Epoch 6330, Reverse Model KL ITE: 0.0693
2026-03-28 22:31:32 | DEBUG | sivi:base_runner.py:347| eval_w2 | Epoch 6330, VI W2 to baseline: 0.0478
2026-03-28 22:31:32 | DEBUG | sivi:base_reverse_runner.py:272| eval_w2 | Epoch 6330, Reverse Model W2: 0.0460
2026-03-28 22:31:32 | DEBUG | sivi:base_runner.py:477| eval_elbo | Epoch 6330, ELBO: 0.0133, Std Total: 0.1482, Std Q: nan, CI Half: 0.0130
2026-03-28 22:31:32 | DEBUG | sivi:base_runner.py:507| eval_ksd | Epoch 6330, VI KSD: 0.0002
2026-03-28 22:31:32 | DEBUG | sivi:base_runner.py:337| eval_kl_ite | Epoch 6340, VI KL to baseline: 0.0177
2026-03-28 22:31:32 | DEBUG | sivi:base_reverse_runner.py:261| eval_kl_ite | Epoch 6340, Reverse Model KL ITE: 0.0805
2026-03-28 22:31:32 | DEBUG | sivi:base_runner.py:347| eval_w2 | Epoch 6340, VI W2 to baseline: 0.0491
2026-03-28 22:31:32 | DEBUG | sivi:base_reverse_runner.py:272| eval_w2 | Epoch 6340, Reverse Model W2: 0.0484
2026-03-28 22:31:32 | DEBUG | sivi:base_runner.py:477| eval_elbo | Epoch 6340, ELBO: -0.0045, Std Total: 0.1343, Std Q: nan, CI Half: 0.0118
2026-03-28 22:31:32 | DEBUG | sivi:base_runner.py:507| eval_ksd | Epoch 6340, VI KSD: 0.0004
2026-03-28 22:31:33 | DEBUG | sivi:base_runner.py:337| eval_kl_ite | Epoch 6350, VI KL to baseline: 0.0179
2026-03-28 22:31:33 | DEBUG | sivi:base_reverse_runner.py:261| eval_kl_ite | Epoch 6350, Reverse Model KL ITE: 0.0787
2026-03-28 22:31:33 | DEBUG | sivi:base_runner.py:347| eval_w2 | Epoch 6350, VI W2 to baseline: 0.0371
2026-03-28 22:31:33 | DEBUG | sivi:base_reverse_runner.py:272| eval_w2 | Epoch 6350, Reverse Model W2: 0.0432
2026-03-28 22:31:33 | DEBUG | sivi:base_runner.py:477| eval_elbo | Epoch 6350, ELBO: 0.0006, Std Total: 0.1457, Std Q: nan, CI Half: 0.0128
2026-03-28 22:31:33 | DEBUG | sivi:base_runner.py:507| eval_ksd | Epoch 6350, VI KSD: -0.0003
2026-03-28 22:31:33 | DEBUG | sivi:base_runner.py:337| eval_kl_ite | Epoch 6360, VI KL to baseline: 0.0125
2026-03-28 22:31:33 | DEBUG | sivi:base_reverse_runner.py:261| eval_kl_ite | Epoch 6360, Reverse Model KL ITE: 0.0896
2026-03-28 22:31:33 | DEBUG | sivi:base_runner.py:347| eval_w2 | Epoch 6360, VI W2 to baseline: 0.0301
2026-03-28 22:31:33 | DEBUG | sivi:base_reverse_runner.py:272| eval_w2 | Epoch 6360, Reverse Model W2: 0.0464
2026-03-28 22:31:33 | DEBUG | sivi:base_runner.py:477| eval_elbo | Epoch 6360, ELBO: 0.0084, Std Total: 0.1159, Std Q: nan, CI Half: 0.0102
2026-03-28 22:31:33 | DEBUG | sivi:base_runner.py:507| eval_ksd | Epoch 6360, VI KSD: -0.0008
2026-03-28 22:31:34 | DEBUG | sivi:base_runner.py:337| eval_kl_ite | Epoch 6370, VI KL to baseline: 0.0108
2026-03-28 22:31:34 | DEBUG | sivi:base_reverse_runner.py:261| eval_kl_ite | Epoch 6370, Reverse Model KL ITE: 0.0715
2026-03-28 22:31:34 | DEBUG | sivi:base_runner.py:347| eval_w2 | Epoch 6370, VI W2 to baseline: 0.0462
2026-03-28 22:31:34 | DEBUG | sivi:base_reverse_runner.py:272| eval_w2 | Epoch 6370, Reverse Model W2: 0.0520
2026-03-28 22:31:34 | DEBUG | sivi:base_runner.py:477| eval_elbo | Epoch 6370, ELBO: 0.0060, Std Total: 0.1190, Std Q: nan, CI Half: 0.0104
2026-03-28 22:31:34 | DEBUG | sivi:base_runner.py:507| eval_ksd | Epoch 6370, VI KSD: 0.0002
2026-03-28 22:31:34 | DEBUG | sivi:base_runner.py:337| eval_kl_ite | Epoch 6380, VI KL to baseline: 0.0022
2026-03-28 22:31:35 | DEBUG | sivi:base_reverse_runner.py:261| eval_kl_ite | Epoch 6380, Reverse Model KL ITE: 0.0786
2026-03-28 22:31:35 | DEBUG | sivi:base_runner.py:347| eval_w2 | Epoch 6380, VI W2 to baseline: 0.0272
2026-03-28 22:31:35 | DEBUG | sivi:base_reverse_runner.py:272| eval_w2 | Epoch 6380, Reverse Model W2: 0.0502
2026-03-28 22:31:35 | DEBUG | sivi:base_runner.py:477| eval_elbo | Epoch 6380, ELBO: 0.0002, Std Total: 0.1312, Std Q: nan, CI Half: 0.0115
2026-03-28 22:31:35 | DEBUG | sivi:base_runner.py:507| eval_ksd | Epoch 6380, VI KSD: -0.0000
2026-03-28 22:31:35 | DEBUG | sivi:base_runner.py:337| eval_kl_ite | Epoch 6390, VI KL to baseline: 0.0007
2026-03-28 22:31:35 | DEBUG | sivi:base_reverse_runner.py:261| eval_kl_ite | Epoch 6390, Reverse Model KL ITE: 0.0972
2026-03-28 22:31:35 | DEBUG | sivi:base_runner.py:347| eval_w2 | Epoch 6390, VI W2 to baseline: 0.0400
2026-03-28 22:31:35 | DEBUG | sivi:base_reverse_runner.py:272| eval_w2 | Epoch 6390, Reverse Model W2: 0.0559
2026-03-28 22:31:35 | DEBUG | sivi:base_runner.py:477| eval_elbo | Epoch 6390, ELBO: 0.0051, Std Total: 0.1613, Std Q: nan, CI Half: 0.0141
2026-03-28 22:31:35 | DEBUG | sivi:base_runner.py:507| eval_ksd | Epoch 6390, VI KSD: -0.0005
2026-03-28 22:31:35 | DEBUG | sivi:base_runner.py:874| learn | Epoch 6400: Avg Loss: -0.0019, Avg Epoch Time: 0.0534s
2026-03-28 22:31:35 | DEBUG | sivi:base_runner.py:337| eval_kl_ite | Epoch 6400, VI KL to baseline: 0.0081
2026-03-28 22:31:36 | DEBUG | sivi:base_reverse_runner.py:261| eval_kl_ite | Epoch 6400, Reverse Model KL ITE: 0.0638
2026-03-28 22:31:36 | DEBUG | sivi:base_runner.py:347| eval_w2 | Epoch 6400, VI W2 to baseline: 0.0324
2026-03-28 22:31:36 | DEBUG | sivi:base_reverse_runner.py:272| eval_w2 | Epoch 6400, Reverse Model W2: 0.0574
2026-03-28 22:31:36 | DEBUG | sivi:base_runner.py:477| eval_elbo | Epoch 6400, ELBO: 0.0100, Std Total: 0.1735, Std Q: nan, CI Half: 0.0152
2026-03-28 22:31:36 | DEBUG | sivi:base_runner.py:507| eval_ksd | Epoch 6400, VI KSD: 0.0017
2026-03-28 22:31:36 | DEBUG | sivi:base_runner.py:337| eval_kl_ite | Epoch 6410, VI KL to baseline: -0.0003
2026-03-28 22:31:36 | DEBUG | sivi:base_reverse_runner.py:261| eval_kl_ite | Epoch 6410, Reverse Model KL ITE: 0.0651
2026-03-28 22:31:36 | DEBUG | sivi:base_runner.py:347| eval_w2 | Epoch 6410, VI W2 to baseline: 0.0289
2026-03-28 22:31:36 | DEBUG | sivi:base_reverse_runner.py:272| eval_w2 | Epoch 6410, Reverse Model W2: 0.0531
2026-03-28 22:31:36 | DEBUG | sivi:base_runner.py:477| eval_elbo | Epoch 6410, ELBO: -0.0045, Std Total: 0.1147, Std Q: nan, CI Half: 0.0101
2026-03-28 22:31:36 | DEBUG | sivi:base_runner.py:507| eval_ksd | Epoch 6410, VI KSD: 0.0006
2026-03-28 22:31:36 | DEBUG | sivi:base_runner.py:337| eval_kl_ite | Epoch 6420, VI KL to baseline: 0.0026
2026-03-28 22:31:37 | DEBUG | sivi:base_reverse_runner.py:261| eval_kl_ite | Epoch 6420, Reverse Model KL ITE: 0.0734
2026-03-28 22:31:37 | DEBUG | sivi:base_runner.py:347| eval_w2 | Epoch 6420, VI W2 to baseline: 0.0344
2026-03-28 22:31:37 | DEBUG | sivi:base_reverse_runner.py:272| eval_w2 | Epoch 6420, Reverse Model W2: 0.0650
2026-03-28 22:31:37 | DEBUG | sivi:base_runner.py:477| eval_elbo | Epoch 6420, ELBO: -0.0058, Std Total: 0.1138, Std Q: nan, CI Half: 0.0100
2026-03-28 22:31:37 | DEBUG | sivi:base_runner.py:507| eval_ksd | Epoch 6420, VI KSD: 0.0010
2026-03-28 22:31:37 | DEBUG | sivi:base_runner.py:337| eval_kl_ite | Epoch 6430, VI KL to baseline: 0.0257
2026-03-28 22:31:37 | DEBUG | sivi:base_reverse_runner.py:261| eval_kl_ite | Epoch 6430, Reverse Model KL ITE: 0.0796
2026-03-28 22:31:37 | DEBUG | sivi:base_runner.py:347| eval_w2 | Epoch 6430, VI W2 to baseline: 0.0440
2026-03-28 22:31:37 | DEBUG | sivi:base_reverse_runner.py:272| eval_w2 | Epoch 6430, Reverse Model W2: 0.0485
2026-03-28 22:31:37 | DEBUG | sivi:base_runner.py:477| eval_elbo | Epoch 6430, ELBO: 0.0149, Std Total: 0.1829, Std Q: nan, CI Half: 0.0160
2026-03-28 22:31:37 | DEBUG | sivi:base_runner.py:507| eval_ksd | Epoch 6430, VI KSD: -0.0005
2026-03-28 22:31:38 | DEBUG | sivi:base_runner.py:337| eval_kl_ite | Epoch 6440, VI KL to baseline: -0.0139
2026-03-28 22:31:38 | DEBUG | sivi:base_reverse_runner.py:261| eval_kl_ite | Epoch 6440, Reverse Model KL ITE: 0.0854
2026-03-28 22:31:38 | DEBUG | sivi:base_runner.py:347| eval_w2 | Epoch 6440, VI W2 to baseline: 0.0323
2026-03-28 22:31:38 | DEBUG | sivi:base_reverse_runner.py:272| eval_w2 | Epoch 6440, Reverse Model W2: 0.0534
2026-03-28 22:31:38 | DEBUG | sivi:base_runner.py:477| eval_elbo | Epoch 6440, ELBO: -0.0046, Std Total: 0.1358, Std Q: nan, CI Half: 0.0119
2026-03-28 22:31:38 | DEBUG | sivi:base_runner.py:507| eval_ksd | Epoch 6440, VI KSD: 0.0001
2026-03-28 22:31:38 | DEBUG | sivi:base_runner.py:337| eval_kl_ite | Epoch 6450, VI KL to baseline: 0.0120
2026-03-28 22:31:38 | DEBUG | sivi:base_reverse_runner.py:261| eval_kl_ite | Epoch 6450, Reverse Model KL ITE: 0.0890
2026-03-28 22:31:38 | DEBUG | sivi:base_runner.py:347| eval_w2 | Epoch 6450, VI W2 to baseline: 0.0372
2026-03-28 22:31:38 | DEBUG | sivi:base_reverse_runner.py:272| eval_w2 | Epoch 6450, Reverse Model W2: 0.0503
2026-03-28 22:31:38 | DEBUG | sivi:base_runner.py:477| eval_elbo | Epoch 6450, ELBO: 0.0017, Std Total: 0.1341, Std Q: nan, CI Half: 0.0118
2026-03-28 22:31:38 | DEBUG | sivi:base_runner.py:507| eval_ksd | Epoch 6450, VI KSD: 0.0002
2026-03-28 22:31:39 | DEBUG | sivi:base_runner.py:337| eval_kl_ite | Epoch 6460, VI KL to baseline: -0.0025
2026-03-28 22:31:39 | DEBUG | sivi:base_reverse_runner.py:261| eval_kl_ite | Epoch 6460, Reverse Model KL ITE: 0.0658
2026-03-28 22:31:39 | DEBUG | sivi:base_runner.py:347| eval_w2 | Epoch 6460, VI W2 to baseline: 0.0389
2026-03-28 22:31:39 | DEBUG | sivi:base_reverse_runner.py:272| eval_w2 | Epoch 6460, Reverse Model W2: 0.0503
2026-03-28 22:31:39 | DEBUG | sivi:base_runner.py:477| eval_elbo | Epoch 6460, ELBO: -0.0007, Std Total: 0.1451, Std Q: nan, CI Half: 0.0127
2026-03-28 22:31:39 | DEBUG | sivi:base_runner.py:507| eval_ksd | Epoch 6460, VI KSD: -0.0004
2026-03-28 22:31:40 | DEBUG | sivi:base_runner.py:337| eval_kl_ite | Epoch 6470, VI KL to baseline: 0.0237
2026-03-28 22:31:40 | DEBUG | sivi:base_reverse_runner.py:261| eval_kl_ite | Epoch 6470, Reverse Model KL ITE: 0.0908
2026-03-28 22:31:40 | DEBUG | sivi:base_runner.py:347| eval_w2 | Epoch 6470, VI W2 to baseline: 0.0319
2026-03-28 22:31:40 | DEBUG | sivi:base_reverse_runner.py:272| eval_w2 | Epoch 6470, Reverse Model W2: 0.0597
2026-03-28 22:31:40 | DEBUG | sivi:base_runner.py:477| eval_elbo | Epoch 6470, ELBO: 0.0029, Std Total: 0.1302, Std Q: nan, CI Half: 0.0114
2026-03-28 22:31:40 | DEBUG | sivi:base_runner.py:507| eval_ksd | Epoch 6470, VI KSD: 0.0003
2026-03-28 22:31:40 | DEBUG | sivi:base_runner.py:337| eval_kl_ite | Epoch 6480, VI KL to baseline: -0.0029
2026-03-28 22:31:40 | DEBUG | sivi:base_reverse_runner.py:261| eval_kl_ite | Epoch 6480, Reverse Model KL ITE: 0.0885
2026-03-28 22:31:40 | DEBUG | sivi:base_runner.py:347| eval_w2 | Epoch 6480, VI W2 to baseline: 0.0490
2026-03-28 22:31:40 | DEBUG | sivi:base_reverse_runner.py:272| eval_w2 | Epoch 6480, Reverse Model W2: 0.0613
2026-03-28 22:31:40 | DEBUG | sivi:base_runner.py:477| eval_elbo | Epoch 6480, ELBO: 0.0052, Std Total: 0.1413, Std Q: nan, CI Half: 0.0124
2026-03-28 22:31:40 | DEBUG | sivi:base_runner.py:507| eval_ksd | Epoch 6480, VI KSD: 0.0008
2026-03-28 22:31:41 | DEBUG | sivi:base_runner.py:337| eval_kl_ite | Epoch 6490, VI KL to baseline: 0.0120
2026-03-28 22:31:41 | DEBUG | sivi:base_reverse_runner.py:261| eval_kl_ite | Epoch 6490, Reverse Model KL ITE: 0.0894
2026-03-28 22:31:41 | DEBUG | sivi:base_runner.py:347| eval_w2 | Epoch 6490, VI W2 to baseline: 0.0274
2026-03-28 22:31:41 | DEBUG | sivi:base_reverse_runner.py:272| eval_w2 | Epoch 6490, Reverse Model W2: 0.0495
2026-03-28 22:31:41 | DEBUG | sivi:base_runner.py:477| eval_elbo | Epoch 6490, ELBO: 0.0102, Std Total: 0.1328, Std Q: nan, CI Half: 0.0116
2026-03-28 22:31:41 | DEBUG | sivi:base_runner.py:507| eval_ksd | Epoch 6490, VI KSD: 0.0002
2026-03-28 22:31:41 | DEBUG | sivi:base_runner.py:874| learn | Epoch 6500: Avg Loss: -0.0011, Avg Epoch Time: 0.0583s
2026-03-28 22:31:41 | DEBUG | sivi:base_reverse_runner.py:183| _training_rev_log_func | Epoch 6500, Inner epoch 1, Reverse Model Loss: 4.9218, Avg Steps: 1.0000
2026-03-28 22:31:41 | DEBUG | sivi:base_runner.py:588| save_samples | Saved 100000 samples at epoch 6500.
2026-03-28 22:31:41 | DEBUG | sivi:base_runner.py:337| eval_kl_ite | Epoch 6500, VI KL to baseline: -0.0017
2026-03-28 22:31:41 | DEBUG | sivi:base_reverse_runner.py:261| eval_kl_ite | Epoch 6500, Reverse Model KL ITE: 0.0811
2026-03-28 22:31:41 | DEBUG | sivi:base_runner.py:347| eval_w2 | Epoch 6500, VI W2 to baseline: 0.0368
2026-03-28 22:31:41 | DEBUG | sivi:base_reverse_runner.py:272| eval_w2 | Epoch 6500, Reverse Model W2: 0.0509
2026-03-28 22:31:41 | DEBUG | sivi:base_runner.py:477| eval_elbo | Epoch 6500, ELBO: 0.0050, Std Total: 0.1388, Std Q: nan, CI Half: 0.0122
2026-03-28 22:31:41 | DEBUG | sivi:base_runner.py:507| eval_ksd | Epoch 6500, VI KSD: 0.0005
2026-03-28 22:31:42 | DEBUG | sivi:base_runner.py:970| learn | Saved contour plot at epoch 6500.
2026-03-28 22:31:42 | DEBUG | sivi:base_runner.py:337| eval_kl_ite | Epoch 6510, VI KL to baseline: 0.0041
2026-03-28 22:31:42 | DEBUG | sivi:base_reverse_runner.py:261| eval_kl_ite | Epoch 6510, Reverse Model KL ITE: 0.0768
2026-03-28 22:31:42 | DEBUG | sivi:base_runner.py:347| eval_w2 | Epoch 6510, VI W2 to baseline: 0.0290
2026-03-28 22:31:42 | DEBUG | sivi:base_reverse_runner.py:272| eval_w2 | Epoch 6510, Reverse Model W2: 0.0507
2026-03-28 22:31:42 | DEBUG | sivi:base_runner.py:477| eval_elbo | Epoch 6510, ELBO: -0.0053, Std Total: 0.1670, Std Q: nan, CI Half: 0.0146
2026-03-28 22:31:42 | DEBUG | sivi:base_runner.py:507| eval_ksd | Epoch 6510, VI KSD: 0.0016
2026-03-28 22:31:43 | DEBUG | sivi:base_runner.py:337| eval_kl_ite | Epoch 6520, VI KL to baseline: 0.0093
2026-03-28 22:31:43 | DEBUG | sivi:base_reverse_runner.py:261| eval_kl_ite | Epoch 6520, Reverse Model KL ITE: 0.0739
2026-03-28 22:31:43 | DEBUG | sivi:base_runner.py:347| eval_w2 | Epoch 6520, VI W2 to baseline: 0.0380
2026-03-28 22:31:43 | DEBUG | sivi:base_reverse_runner.py:272| eval_w2 | Epoch 6520, Reverse Model W2: 0.0493
2026-03-28 22:31:43 | DEBUG | sivi:base_runner.py:477| eval_elbo | Epoch 6520, ELBO: -0.0054, Std Total: 0.1221, Std Q: nan, CI Half: 0.0107
2026-03-28 22:31:43 | DEBUG | sivi:base_runner.py:507| eval_ksd | Epoch 6520, VI KSD: -0.0002
2026-03-28 22:31:43 | DEBUG | sivi:base_runner.py:337| eval_kl_ite | Epoch 6530, VI KL to baseline: 0.0111
2026-03-28 22:31:43 | DEBUG | sivi:base_reverse_runner.py:261| eval_kl_ite | Epoch 6530, Reverse Model KL ITE: 0.0879
2026-03-28 22:31:43 | DEBUG | sivi:base_runner.py:347| eval_w2 | Epoch 6530, VI W2 to baseline: 0.0337
2026-03-28 22:31:43 | DEBUG | sivi:base_reverse_runner.py:272| eval_w2 | Epoch 6530, Reverse Model W2: 0.0540
2026-03-28 22:31:43 | DEBUG | sivi:base_runner.py:477| eval_elbo | Epoch 6530, ELBO: -0.0041, Std Total: 0.0965, Std Q: nan, CI Half: 0.0085
2026-03-28 22:31:43 | DEBUG | sivi:base_runner.py:507| eval_ksd | Epoch 6530, VI KSD: -0.0009
2026-03-28 22:31:44 | DEBUG | sivi:base_runner.py:337| eval_kl_ite | Epoch 6540, VI KL to baseline: 0.0177
2026-03-28 22:31:44 | DEBUG | sivi:base_reverse_runner.py:261| eval_kl_ite | Epoch 6540, Reverse Model KL ITE: 0.0884
2026-03-28 22:31:44 | DEBUG | sivi:base_runner.py:347| eval_w2 | Epoch 6540, VI W2 to baseline: 0.0371
2026-03-28 22:31:44 | DEBUG | sivi:base_reverse_runner.py:272| eval_w2 | Epoch 6540, Reverse Model W2: 0.0470
2026-03-28 22:31:44 | DEBUG | sivi:base_runner.py:477| eval_elbo | Epoch 6540, ELBO: 0.0048, Std Total: 0.1221, Std Q: nan, CI Half: 0.0107
2026-03-28 22:31:44 | DEBUG | sivi:base_runner.py:507| eval_ksd | Epoch 6540, VI KSD: 0.0012
2026-03-28 22:31:44 | DEBUG | sivi:base_runner.py:337| eval_kl_ite | Epoch 6550, VI KL to baseline: 0.0056
2026-03-28 22:31:45 | DEBUG | sivi:base_reverse_runner.py:261| eval_kl_ite | Epoch 6550, Reverse Model KL ITE: 0.0883
2026-03-28 22:31:45 | DEBUG | sivi:base_runner.py:347| eval_w2 | Epoch 6550, VI W2 to baseline: 0.0467
2026-03-28 22:31:45 | DEBUG | sivi:base_reverse_runner.py:272| eval_w2 | Epoch 6550, Reverse Model W2: 0.0500
2026-03-28 22:31:45 | DEBUG | sivi:base_runner.py:477| eval_elbo | Epoch 6550, ELBO: 0.0130, Std Total: 0.1512, Std Q: nan, CI Half: 0.0133
2026-03-28 22:31:45 | DEBUG | sivi:base_runner.py:507| eval_ksd | Epoch 6550, VI KSD: -0.0005
2026-03-28 22:31:45 | DEBUG | sivi:base_runner.py:337| eval_kl_ite | Epoch 6560, VI KL to baseline: 0.0152
2026-03-28 22:31:45 | DEBUG | sivi:base_reverse_runner.py:261| eval_kl_ite | Epoch 6560, Reverse Model KL ITE: 0.0639
2026-03-28 22:31:45 | DEBUG | sivi:base_runner.py:347| eval_w2 | Epoch 6560, VI W2 to baseline: 0.0500
2026-03-28 22:31:45 | DEBUG | sivi:base_reverse_runner.py:272| eval_w2 | Epoch 6560, Reverse Model W2: 0.0502
2026-03-28 22:31:45 | DEBUG | sivi:base_runner.py:477| eval_elbo | Epoch 6560, ELBO: 0.0062, Std Total: 0.1537, Std Q: nan, CI Half: 0.0135
2026-03-28 22:31:45 | DEBUG | sivi:base_runner.py:507| eval_ksd | Epoch 6560, VI KSD: -0.0006
2026-03-28 22:31:46 | DEBUG | sivi:base_runner.py:337| eval_kl_ite | Epoch 6570, VI KL to baseline: 0.0149
2026-03-28 22:31:46 | DEBUG | sivi:base_reverse_runner.py:261| eval_kl_ite | Epoch 6570, Reverse Model KL ITE: 0.0643
2026-03-28 22:31:46 | DEBUG | sivi:base_runner.py:347| eval_w2 | Epoch 6570, VI W2 to baseline: 0.0302
2026-03-28 22:31:46 | DEBUG | sivi:base_reverse_runner.py:272| eval_w2 | Epoch 6570, Reverse Model W2: 0.0508
2026-03-28 22:31:46 | DEBUG | sivi:base_runner.py:477| eval_elbo | Epoch 6570, ELBO: 0.0070, Std Total: 0.1241, Std Q: nan, CI Half: 0.0109
2026-03-28 22:31:46 | DEBUG | sivi:base_runner.py:507| eval_ksd | Epoch 6570, VI KSD: 0.0001
2026-03-28 22:31:46 | DEBUG | sivi:base_runner.py:337| eval_kl_ite | Epoch 6580, VI KL to baseline: -0.0074
2026-03-28 22:31:46 | DEBUG | sivi:base_reverse_runner.py:261| eval_kl_ite | Epoch 6580, Reverse Model KL ITE: 0.0839
2026-03-28 22:31:46 | DEBUG | sivi:base_runner.py:347| eval_w2 | Epoch 6580, VI W2 to baseline: 0.0276
2026-03-28 22:31:46 | DEBUG | sivi:base_reverse_runner.py:272| eval_w2 | Epoch 6580, Reverse Model W2: 0.0491
2026-03-28 22:31:46 | DEBUG | sivi:base_runner.py:477| eval_elbo | Epoch 6580, ELBO: 0.0099, Std Total: 0.1312, Std Q: nan, CI Half: 0.0115
2026-03-28 22:31:46 | DEBUG | sivi:base_runner.py:507| eval_ksd | Epoch 6580, VI KSD: 0.0002
2026-03-28 22:31:47 | DEBUG | sivi:base_runner.py:337| eval_kl_ite | Epoch 6590, VI KL to baseline: -0.0096
2026-03-28 22:31:47 | DEBUG | sivi:base_reverse_runner.py:261| eval_kl_ite | Epoch 6590, Reverse Model KL ITE: 0.0826
2026-03-28 22:31:47 | DEBUG | sivi:base_runner.py:347| eval_w2 | Epoch 6590, VI W2 to baseline: 0.0651
2026-03-28 22:31:47 | DEBUG | sivi:base_reverse_runner.py:272| eval_w2 | Epoch 6590, Reverse Model W2: 0.0550
2026-03-28 22:31:47 | DEBUG | sivi:base_runner.py:477| eval_elbo | Epoch 6590, ELBO: -0.0013, Std Total: 0.1077, Std Q: nan, CI Half: 0.0094
2026-03-28 22:31:47 | DEBUG | sivi:base_runner.py:507| eval_ksd | Epoch 6590, VI KSD: 0.0000
2026-03-28 22:31:47 | DEBUG | sivi:base_runner.py:874| learn | Epoch 6600: Avg Loss: -0.0103, Avg Epoch Time: 0.0579s
2026-03-28 22:31:47 | DEBUG | sivi:base_runner.py:337| eval_kl_ite | Epoch 6600, VI KL to baseline: -0.0025
2026-03-28 22:31:47 | DEBUG | sivi:base_reverse_runner.py:261| eval_kl_ite | Epoch 6600, Reverse Model KL ITE: 0.0860
2026-03-28 22:31:47 | DEBUG | sivi:base_runner.py:347| eval_w2 | Epoch 6600, VI W2 to baseline: 0.0557
2026-03-28 22:31:47 | DEBUG | sivi:base_reverse_runner.py:272| eval_w2 | Epoch 6600, Reverse Model W2: 0.0562
2026-03-28 22:31:47 | DEBUG | sivi:base_runner.py:477| eval_elbo | Epoch 6600, ELBO: 0.0177, Std Total: 0.1739, Std Q: nan, CI Half: 0.0152
2026-03-28 22:31:47 | DEBUG | sivi:base_runner.py:507| eval_ksd | Epoch 6600, VI KSD: -0.0005
2026-03-28 22:31:48 | DEBUG | sivi:base_runner.py:337| eval_kl_ite | Epoch 6610, VI KL to baseline: 0.0021
2026-03-28 22:31:48 | DEBUG | sivi:base_reverse_runner.py:261| eval_kl_ite | Epoch 6610, Reverse Model KL ITE: 0.0932
2026-03-28 22:31:48 | DEBUG | sivi:base_runner.py:347| eval_w2 | Epoch 6610, VI W2 to baseline: 0.0611
2026-03-28 22:31:48 | DEBUG | sivi:base_reverse_runner.py:272| eval_w2 | Epoch 6610, Reverse Model W2: 0.0472
2026-03-28 22:31:48 | DEBUG | sivi:base_runner.py:477| eval_elbo | Epoch 6610, ELBO: 0.0115, Std Total: 0.1455, Std Q: nan, CI Half: 0.0128
2026-03-28 22:31:48 | DEBUG | sivi:base_runner.py:507| eval_ksd | Epoch 6610, VI KSD: 0.0001
2026-03-28 22:31:48 | DEBUG | sivi:base_runner.py:337| eval_kl_ite | Epoch 6620, VI KL to baseline: -0.0009
2026-03-28 22:31:48 | DEBUG | sivi:base_reverse_runner.py:261| eval_kl_ite | Epoch 6620, Reverse Model KL ITE: 0.0905
2026-03-28 22:31:48 | DEBUG | sivi:base_runner.py:347| eval_w2 | Epoch 6620, VI W2 to baseline: 0.0405
2026-03-28 22:31:48 | DEBUG | sivi:base_reverse_runner.py:272| eval_w2 | Epoch 6620, Reverse Model W2: 0.0506
2026-03-28 22:31:48 | DEBUG | sivi:base_runner.py:477| eval_elbo | Epoch 6620, ELBO: -0.0012, Std Total: 0.1213, Std Q: nan, CI Half: 0.0106
2026-03-28 22:31:48 | DEBUG | sivi:base_runner.py:507| eval_ksd | Epoch 6620, VI KSD: -0.0005
2026-03-28 22:31:49 | DEBUG | sivi:base_runner.py:337| eval_kl_ite | Epoch 6630, VI KL to baseline: 0.0202
2026-03-28 22:31:49 | DEBUG | sivi:base_reverse_runner.py:261| eval_kl_ite | Epoch 6630, Reverse Model KL ITE: 0.0968
2026-03-28 22:31:49 | DEBUG | sivi:base_runner.py:347| eval_w2 | Epoch 6630, VI W2 to baseline: 0.0393
2026-03-28 22:31:49 | DEBUG | sivi:base_reverse_runner.py:272| eval_w2 | Epoch 6630, Reverse Model W2: 0.0482
2026-03-28 22:31:49 | DEBUG | sivi:base_runner.py:477| eval_elbo | Epoch 6630, ELBO: -0.0067, Std Total: 0.1373, Std Q: nan, CI Half: 0.0120
2026-03-28 22:31:49 | DEBUG | sivi:base_runner.py:507| eval_ksd | Epoch 6630, VI KSD: 0.0013
2026-03-28 22:31:49 | DEBUG | sivi:base_runner.py:337| eval_kl_ite | Epoch 6640, VI KL to baseline: 0.0204
2026-03-28 22:31:49 | DEBUG | sivi:base_reverse_runner.py:261| eval_kl_ite | Epoch 6640, Reverse Model KL ITE: 0.0764
2026-03-28 22:31:49 | DEBUG | sivi:base_runner.py:347| eval_w2 | Epoch 6640, VI W2 to baseline: 0.0413
2026-03-28 22:31:49 | DEBUG | sivi:base_reverse_runner.py:272| eval_w2 | Epoch 6640, Reverse Model W2: 0.0530
2026-03-28 22:31:49 | DEBUG | sivi:base_runner.py:477| eval_elbo | Epoch 6640, ELBO: 0.0145, Std Total: 0.1289, Std Q: nan, CI Half: 0.0113
2026-03-28 22:31:49 | DEBUG | sivi:base_runner.py:507| eval_ksd | Epoch 6640, VI KSD: -0.0006
2026-03-28 22:31:50 | DEBUG | sivi:base_runner.py:337| eval_kl_ite | Epoch 6650, VI KL to baseline: -0.0213
2026-03-28 22:31:50 | DEBUG | sivi:base_reverse_runner.py:261| eval_kl_ite | Epoch 6650, Reverse Model KL ITE: 0.0861
2026-03-28 22:31:50 | DEBUG | sivi:base_runner.py:347| eval_w2 | Epoch 6650, VI W2 to baseline: 0.0425
2026-03-28 22:31:50 | DEBUG | sivi:base_reverse_runner.py:272| eval_w2 | Epoch 6650, Reverse Model W2: 0.0504
2026-03-28 22:31:50 | DEBUG | sivi:base_runner.py:477| eval_elbo | Epoch 6650, ELBO: 0.0113, Std Total: 0.1354, Std Q: nan, CI Half: 0.0119
2026-03-28 22:31:50 | DEBUG | sivi:base_runner.py:507| eval_ksd | Epoch 6650, VI KSD: 0.0011
2026-03-28 22:31:51 | DEBUG | sivi:base_runner.py:337| eval_kl_ite | Epoch 6660, VI KL to baseline: -0.0055
2026-03-28 22:31:51 | DEBUG | sivi:base_reverse_runner.py:261| eval_kl_ite | Epoch 6660, Reverse Model KL ITE: 0.0972
2026-03-28 22:31:51 | DEBUG | sivi:base_runner.py:347| eval_w2 | Epoch 6660, VI W2 to baseline: 0.0273
2026-03-28 22:31:51 | DEBUG | sivi:base_reverse_runner.py:272| eval_w2 | Epoch 6660, Reverse Model W2: 0.0502
2026-03-28 22:31:51 | DEBUG | sivi:base_runner.py:477| eval_elbo | Epoch 6660, ELBO: -0.0045, Std Total: 0.1165, Std Q: nan, CI Half: 0.0102
2026-03-28 22:31:51 | DEBUG | sivi:base_runner.py:507| eval_ksd | Epoch 6660, VI KSD: 0.0013
2026-03-28 22:31:51 | DEBUG | sivi:base_runner.py:337| eval_kl_ite | Epoch 6670, VI KL to baseline: 0.0087
2026-03-28 22:31:51 | DEBUG | sivi:base_reverse_runner.py:261| eval_kl_ite | Epoch 6670, Reverse Model KL ITE: 0.0721
2026-03-28 22:31:51 | DEBUG | sivi:base_runner.py:347| eval_w2 | Epoch 6670, VI W2 to baseline: 0.0379
2026-03-28 22:31:51 | DEBUG | sivi:base_reverse_runner.py:272| eval_w2 | Epoch 6670, Reverse Model W2: 0.0582
2026-03-28 22:31:51 | DEBUG | sivi:base_runner.py:477| eval_elbo | Epoch 6670, ELBO: 0.0109, Std Total: 0.1237, Std Q: nan, CI Half: 0.0108
2026-03-28 22:31:51 | DEBUG | sivi:base_runner.py:507| eval_ksd | Epoch 6670, VI KSD: -0.0001
2026-03-28 22:31:52 | DEBUG | sivi:base_runner.py:337| eval_kl_ite | Epoch 6680, VI KL to baseline: 0.0116
2026-03-28 22:31:52 | DEBUG | sivi:base_reverse_runner.py:261| eval_kl_ite | Epoch 6680, Reverse Model KL ITE: 0.0864
2026-03-28 22:31:52 | DEBUG | sivi:base_runner.py:347| eval_w2 | Epoch 6680, VI W2 to baseline: 0.0403
2026-03-28 22:31:52 | DEBUG | sivi:base_reverse_runner.py:272| eval_w2 | Epoch 6680, Reverse Model W2: 0.0534
2026-03-28 22:31:52 | DEBUG | sivi:base_runner.py:477| eval_elbo | Epoch 6680, ELBO: 0.0017, Std Total: 0.1268, Std Q: nan, CI Half: 0.0111
2026-03-28 22:31:52 | DEBUG | sivi:base_runner.py:507| eval_ksd | Epoch 6680, VI KSD: 0.0001
2026-03-28 22:31:52 | DEBUG | sivi:base_runner.py:337| eval_kl_ite | Epoch 6690, VI KL to baseline: -0.0014
2026-03-28 22:31:52 | DEBUG | sivi:base_reverse_runner.py:261| eval_kl_ite | Epoch 6690, Reverse Model KL ITE: 0.0950
2026-03-28 22:31:52 | DEBUG | sivi:base_runner.py:347| eval_w2 | Epoch 6690, VI W2 to baseline: 0.0471
2026-03-28 22:31:52 | DEBUG | sivi:base_reverse_runner.py:272| eval_w2 | Epoch 6690, Reverse Model W2: 0.0464
2026-03-28 22:31:52 | DEBUG | sivi:base_runner.py:477| eval_elbo | Epoch 6690, ELBO: 0.0057, Std Total: 0.1406, Std Q: nan, CI Half: 0.0123
2026-03-28 22:31:52 | DEBUG | sivi:base_runner.py:507| eval_ksd | Epoch 6690, VI KSD: -0.0003
2026-03-28 22:31:53 | DEBUG | sivi:base_runner.py:874| learn | Epoch 6700: Avg Loss: -0.0179, Avg Epoch Time: 0.0554s
2026-03-28 22:31:53 | DEBUG | sivi:base_runner.py:337| eval_kl_ite | Epoch 6700, VI KL to baseline: -0.0119
2026-03-28 22:31:53 | DEBUG | sivi:base_reverse_runner.py:261| eval_kl_ite | Epoch 6700, Reverse Model KL ITE: 0.0653
2026-03-28 22:31:53 | DEBUG | sivi:base_runner.py:347| eval_w2 | Epoch 6700, VI W2 to baseline: 0.0432
2026-03-28 22:31:53 | DEBUG | sivi:base_reverse_runner.py:272| eval_w2 | Epoch 6700, Reverse Model W2: 0.0551
2026-03-28 22:31:53 | DEBUG | sivi:base_runner.py:477| eval_elbo | Epoch 6700, ELBO: 0.0007, Std Total: 0.1459, Std Q: nan, CI Half: 0.0128
2026-03-28 22:31:53 | DEBUG | sivi:base_runner.py:507| eval_ksd | Epoch 6700, VI KSD: -0.0003
2026-03-28 22:31:53 | DEBUG | sivi:base_runner.py:337| eval_kl_ite | Epoch 6710, VI KL to baseline: 0.0138
2026-03-28 22:31:53 | DEBUG | sivi:base_reverse_runner.py:261| eval_kl_ite | Epoch 6710, Reverse Model KL ITE: 0.0820
2026-03-28 22:31:53 | DEBUG | sivi:base_runner.py:347| eval_w2 | Epoch 6710, VI W2 to baseline: 0.0405
2026-03-28 22:31:53 | DEBUG | sivi:base_reverse_runner.py:272| eval_w2 | Epoch 6710, Reverse Model W2: 0.0569
2026-03-28 22:31:53 | DEBUG | sivi:base_runner.py:477| eval_elbo | Epoch 6710, ELBO: -0.0045, Std Total: 0.1368, Std Q: nan, CI Half: 0.0120
2026-03-28 22:31:53 | DEBUG | sivi:base_runner.py:507| eval_ksd | Epoch 6710, VI KSD: 0.0016
2026-03-28 22:31:54 | DEBUG | sivi:base_runner.py:337| eval_kl_ite | Epoch 6720, VI KL to baseline: 0.0097
2026-03-28 22:31:54 | DEBUG | sivi:base_reverse_runner.py:261| eval_kl_ite | Epoch 6720, Reverse Model KL ITE: 0.0847
2026-03-28 22:31:54 | DEBUG | sivi:base_runner.py:347| eval_w2 | Epoch 6720, VI W2 to baseline: 0.0521
2026-03-28 22:31:54 | DEBUG | sivi:base_reverse_runner.py:272| eval_w2 | Epoch 6720, Reverse Model W2: 0.0543
2026-03-28 22:31:54 | DEBUG | sivi:base_runner.py:477| eval_elbo | Epoch 6720, ELBO: -0.0017, Std Total: 0.1062, Std Q: nan, CI Half: 0.0093
2026-03-28 22:31:54 | DEBUG | sivi:base_runner.py:507| eval_ksd | Epoch 6720, VI KSD: -0.0009
2026-03-28 22:31:54 | DEBUG | sivi:base_runner.py:337| eval_kl_ite | Epoch 6730, VI KL to baseline: -0.0057
2026-03-28 22:31:55 | DEBUG | sivi:base_reverse_runner.py:261| eval_kl_ite | Epoch 6730, Reverse Model KL ITE: 0.0890
2026-03-28 22:31:55 | DEBUG | sivi:base_runner.py:347| eval_w2 | Epoch 6730, VI W2 to baseline: 0.0520
2026-03-28 22:31:55 | DEBUG | sivi:base_reverse_runner.py:272| eval_w2 | Epoch 6730, Reverse Model W2: 0.0514
2026-03-28 22:31:55 | DEBUG | sivi:base_runner.py:477| eval_elbo | Epoch 6730, ELBO: 0.0065, Std Total: 0.1355, Std Q: nan, CI Half: 0.0119
2026-03-28 22:31:55 | DEBUG | sivi:base_runner.py:507| eval_ksd | Epoch 6730, VI KSD: -0.0004
2026-03-28 22:31:55 | DEBUG | sivi:base_runner.py:337| eval_kl_ite | Epoch 6740, VI KL to baseline: 0.0179
2026-03-28 22:31:55 | DEBUG | sivi:base_reverse_runner.py:261| eval_kl_ite | Epoch 6740, Reverse Model KL ITE: 0.0719
2026-03-28 22:31:55 | DEBUG | sivi:base_runner.py:347| eval_w2 | Epoch 6740, VI W2 to baseline: 0.0706
2026-03-28 22:31:55 | DEBUG | sivi:base_reverse_runner.py:272| eval_w2 | Epoch 6740, Reverse Model W2: 0.0516
2026-03-28 22:31:55 | DEBUG | sivi:base_runner.py:477| eval_elbo | Epoch 6740, ELBO: -0.0006, Std Total: 0.1140, Std Q: nan, CI Half: 0.0100
2026-03-28 22:31:55 | DEBUG | sivi:base_runner.py:507| eval_ksd | Epoch 6740, VI KSD: 0.0005
2026-03-28 22:31:56 | DEBUG | sivi:base_runner.py:337| eval_kl_ite | Epoch 6750, VI KL to baseline: 0.0170
2026-03-28 22:31:56 | DEBUG | sivi:base_reverse_runner.py:261| eval_kl_ite | Epoch 6750, Reverse Model KL ITE: 0.0882
2026-03-28 22:31:56 | DEBUG | sivi:base_runner.py:347| eval_w2 | Epoch 6750, VI W2 to baseline: 0.0616
2026-03-28 22:31:56 | DEBUG | sivi:base_reverse_runner.py:272| eval_w2 | Epoch 6750, Reverse Model W2: 0.0525
2026-03-28 22:31:56 | DEBUG | sivi:base_runner.py:477| eval_elbo | Epoch 6750, ELBO: 0.0047, Std Total: 0.1392, Std Q: nan, CI Half: 0.0122
2026-03-28 22:31:56 | DEBUG | sivi:base_runner.py:507| eval_ksd | Epoch 6750, VI KSD: 0.0001
2026-03-28 22:31:56 | DEBUG | sivi:base_runner.py:337| eval_kl_ite | Epoch 6760, VI KL to baseline: 0.0023
2026-03-28 22:31:56 | DEBUG | sivi:base_reverse_runner.py:261| eval_kl_ite | Epoch 6760, Reverse Model KL ITE: 0.0776
2026-03-28 22:31:56 | DEBUG | sivi:base_runner.py:347| eval_w2 | Epoch 6760, VI W2 to baseline: 0.0513
2026-03-28 22:31:56 | DEBUG | sivi:base_reverse_runner.py:272| eval_w2 | Epoch 6760, Reverse Model W2: 0.0492
2026-03-28 22:31:56 | DEBUG | sivi:base_runner.py:477| eval_elbo | Epoch 6760, ELBO: 0.0008, Std Total: 0.1342, Std Q: nan, CI Half: 0.0118
2026-03-28 22:31:56 | DEBUG | sivi:base_runner.py:507| eval_ksd | Epoch 6760, VI KSD: -0.0002
2026-03-28 22:31:57 | DEBUG | sivi:base_runner.py:337| eval_kl_ite | Epoch 6770, VI KL to baseline: -0.0117
2026-03-28 22:31:57 | DEBUG | sivi:base_reverse_runner.py:261| eval_kl_ite | Epoch 6770, Reverse Model KL ITE: 0.0815
2026-03-28 22:31:57 | DEBUG | sivi:base_runner.py:347| eval_w2 | Epoch 6770, VI W2 to baseline: 0.0539
2026-03-28 22:31:57 | DEBUG | sivi:base_reverse_runner.py:272| eval_w2 | Epoch 6770, Reverse Model W2: 0.0480
2026-03-28 22:31:57 | DEBUG | sivi:base_runner.py:477| eval_elbo | Epoch 6770, ELBO: -0.0042, Std Total: 0.1179, Std Q: nan, CI Half: 0.0103
2026-03-28 22:31:57 | DEBUG | sivi:base_runner.py:507| eval_ksd | Epoch 6770, VI KSD: -0.0002
2026-03-28 22:31:57 | DEBUG | sivi:base_runner.py:337| eval_kl_ite | Epoch 6780, VI KL to baseline: 0.0143
2026-03-28 22:31:57 | DEBUG | sivi:base_reverse_runner.py:261| eval_kl_ite | Epoch 6780, Reverse Model KL ITE: 0.0727
2026-03-28 22:31:57 | DEBUG | sivi:base_runner.py:347| eval_w2 | Epoch 6780, VI W2 to baseline: 0.0337
2026-03-28 22:31:57 | DEBUG | sivi:base_reverse_runner.py:272| eval_w2 | Epoch 6780, Reverse Model W2: 0.0516
2026-03-28 22:31:58 | DEBUG | sivi:base_runner.py:477| eval_elbo | Epoch 6780, ELBO: -0.0107, Std Total: 0.1121, Std Q: nan, CI Half: 0.0098
2026-03-28 22:31:58 | DEBUG | sivi:base_runner.py:507| eval_ksd | Epoch 6780, VI KSD: 0.0015
2026-03-28 22:31:58 | DEBUG | sivi:base_runner.py:337| eval_kl_ite | Epoch 6790, VI KL to baseline: 0.0066
2026-03-28 22:31:58 | DEBUG | sivi:base_reverse_runner.py:261| eval_kl_ite | Epoch 6790, Reverse Model KL ITE: 0.0754
2026-03-28 22:31:58 | DEBUG | sivi:base_runner.py:347| eval_w2 | Epoch 6790, VI W2 to baseline: 0.0411
2026-03-28 22:31:58 | DEBUG | sivi:base_reverse_runner.py:272| eval_w2 | Epoch 6790, Reverse Model W2: 0.0556
2026-03-28 22:31:58 | DEBUG | sivi:base_runner.py:477| eval_elbo | Epoch 6790, ELBO: 0.0005, Std Total: 0.1057, Std Q: nan, CI Half: 0.0093
2026-03-28 22:31:58 | DEBUG | sivi:base_runner.py:507| eval_ksd | Epoch 6790, VI KSD: -0.0005
2026-03-28 22:31:58 | DEBUG | sivi:base_runner.py:874| learn | Epoch 6800: Avg Loss: -0.0018, Avg Epoch Time: 0.0575s
2026-03-28 22:31:58 | DEBUG | sivi:base_runner.py:337| eval_kl_ite | Epoch 6800, VI KL to baseline: 0.0099
2026-03-28 22:31:59 | DEBUG | sivi:base_reverse_runner.py:261| eval_kl_ite | Epoch 6800, Reverse Model KL ITE: 0.0833
2026-03-28 22:31:59 | DEBUG | sivi:base_runner.py:347| eval_w2 | Epoch 6800, VI W2 to baseline: 0.0732
2026-03-28 22:31:59 | DEBUG | sivi:base_reverse_runner.py:272| eval_w2 | Epoch 6800, Reverse Model W2: 0.0461
2026-03-28 22:31:59 | DEBUG | sivi:base_runner.py:477| eval_elbo | Epoch 6800, ELBO: 0.0098, Std Total: 0.1661, Std Q: nan, CI Half: 0.0146
2026-03-28 22:31:59 | DEBUG | sivi:base_runner.py:507| eval_ksd | Epoch 6800, VI KSD: 0.0013
2026-03-28 22:31:59 | DEBUG | sivi:base_runner.py:337| eval_kl_ite | Epoch 6810, VI KL to baseline: 0.0059
2026-03-28 22:31:59 | DEBUG | sivi:base_reverse_runner.py:261| eval_kl_ite | Epoch 6810, Reverse Model KL ITE: 0.0809
2026-03-28 22:31:59 | DEBUG | sivi:base_runner.py:347| eval_w2 | Epoch 6810, VI W2 to baseline: 0.0303
2026-03-28 22:31:59 | DEBUG | sivi:base_reverse_runner.py:272| eval_w2 | Epoch 6810, Reverse Model W2: 0.0499
2026-03-28 22:31:59 | DEBUG | sivi:base_runner.py:477| eval_elbo | Epoch 6810, ELBO: 0.0113, Std Total: 0.1238, Std Q: nan, CI Half: 0.0109
2026-03-28 22:31:59 | DEBUG | sivi:base_runner.py:507| eval_ksd | Epoch 6810, VI KSD: 0.0003
2026-03-28 22:31:59 | DEBUG | sivi:base_runner.py:337| eval_kl_ite | Epoch 6820, VI KL to baseline: 0.0203
2026-03-28 22:32:00 | DEBUG | sivi:base_reverse_runner.py:261| eval_kl_ite | Epoch 6820, Reverse Model KL ITE: 0.0744
2026-03-28 22:32:00 | DEBUG | sivi:base_runner.py:347| eval_w2 | Epoch 6820, VI W2 to baseline: 0.0384
2026-03-28 22:32:00 | DEBUG | sivi:base_reverse_runner.py:272| eval_w2 | Epoch 6820, Reverse Model W2: 0.0490
2026-03-28 22:32:00 | DEBUG | sivi:base_runner.py:477| eval_elbo | Epoch 6820, ELBO: 0.0033, Std Total: 0.1149, Std Q: nan, CI Half: 0.0101
2026-03-28 22:32:00 | DEBUG | sivi:base_runner.py:507| eval_ksd | Epoch 6820, VI KSD: 0.0007
2026-03-28 22:32:00 | DEBUG | sivi:base_runner.py:337| eval_kl_ite | Epoch 6830, VI KL to baseline: 0.0120
2026-03-28 22:32:00 | DEBUG | sivi:base_reverse_runner.py:261| eval_kl_ite | Epoch 6830, Reverse Model KL ITE: 0.0785
2026-03-28 22:32:00 | DEBUG | sivi:base_runner.py:347| eval_w2 | Epoch 6830, VI W2 to baseline: 0.0355
2026-03-28 22:32:00 | DEBUG | sivi:base_reverse_runner.py:272| eval_w2 | Epoch 6830, Reverse Model W2: 0.0502
2026-03-28 22:32:00 | DEBUG | sivi:base_runner.py:477| eval_elbo | Epoch 6830, ELBO: -0.0006, Std Total: 0.1345, Std Q: nan, CI Half: 0.0118
2026-03-28 22:32:00 | DEBUG | sivi:base_runner.py:507| eval_ksd | Epoch 6830, VI KSD: 0.0007
2026-03-28 22:32:01 | DEBUG | sivi:base_runner.py:337| eval_kl_ite | Epoch 6840, VI KL to baseline: 0.0108
2026-03-28 22:32:01 | DEBUG | sivi:base_reverse_runner.py:261| eval_kl_ite | Epoch 6840, Reverse Model KL ITE: 0.0702
2026-03-28 22:32:01 | DEBUG | sivi:base_runner.py:347| eval_w2 | Epoch 6840, VI W2 to baseline: 0.0582
2026-03-28 22:32:01 | DEBUG | sivi:base_reverse_runner.py:272| eval_w2 | Epoch 6840, Reverse Model W2: 0.0488
2026-03-28 22:32:01 | DEBUG | sivi:base_runner.py:477| eval_elbo | Epoch 6840, ELBO: 0.0028, Std Total: 0.1030, Std Q: nan, CI Half: 0.0090
2026-03-28 22:32:01 | DEBUG | sivi:base_runner.py:507| eval_ksd | Epoch 6840, VI KSD: -0.0006
2026-03-28 22:32:01 | DEBUG | sivi:base_runner.py:337| eval_kl_ite | Epoch 6850, VI KL to baseline: 0.0122
2026-03-28 22:32:01 | DEBUG | sivi:base_reverse_runner.py:261| eval_kl_ite | Epoch 6850, Reverse Model KL ITE: 0.0740
2026-03-28 22:32:01 | DEBUG | sivi:base_runner.py:347| eval_w2 | Epoch 6850, VI W2 to baseline: 0.0624
2026-03-28 22:32:01 | DEBUG | sivi:base_reverse_runner.py:272| eval_w2 | Epoch 6850, Reverse Model W2: 0.0491
2026-03-28 22:32:01 | DEBUG | sivi:base_runner.py:477| eval_elbo | Epoch 6850, ELBO: 0.0017, Std Total: 0.1268, Std Q: nan, CI Half: 0.0111
2026-03-28 22:32:01 | DEBUG | sivi:base_runner.py:507| eval_ksd | Epoch 6850, VI KSD: 0.0005
2026-03-28 22:32:02 | DEBUG | sivi:base_runner.py:337| eval_kl_ite | Epoch 6860, VI KL to baseline: 0.0011
2026-03-28 22:32:02 | DEBUG | sivi:base_reverse_runner.py:261| eval_kl_ite | Epoch 6860, Reverse Model KL ITE: 0.0874
2026-03-28 22:32:02 | DEBUG | sivi:base_runner.py:347| eval_w2 | Epoch 6860, VI W2 to baseline: 0.0359
2026-03-28 22:32:02 | DEBUG | sivi:base_reverse_runner.py:272| eval_w2 | Epoch 6860, Reverse Model W2: 0.0470
2026-03-28 22:32:02 | DEBUG | sivi:base_runner.py:477| eval_elbo | Epoch 6860, ELBO: 0.0037, Std Total: 0.1153, Std Q: nan, CI Half: 0.0101
2026-03-28 22:32:02 | DEBUG | sivi:base_runner.py:507| eval_ksd | Epoch 6860, VI KSD: 0.0009
2026-03-28 22:32:02 | DEBUG | sivi:base_runner.py:337| eval_kl_ite | Epoch 6870, VI KL to baseline: 0.0004
2026-03-28 22:32:02 | DEBUG | sivi:base_reverse_runner.py:261| eval_kl_ite | Epoch 6870, Reverse Model KL ITE: 0.1088
2026-03-28 22:32:02 | DEBUG | sivi:base_runner.py:347| eval_w2 | Epoch 6870, VI W2 to baseline: 0.0487
2026-03-28 22:32:02 | DEBUG | sivi:base_reverse_runner.py:272| eval_w2 | Epoch 6870, Reverse Model W2: 0.0570
2026-03-28 22:32:02 | DEBUG | sivi:base_runner.py:477| eval_elbo | Epoch 6870, ELBO: 0.0095, Std Total: 0.1074, Std Q: nan, CI Half: 0.0094
2026-03-28 22:32:02 | DEBUG | sivi:base_runner.py:507| eval_ksd | Epoch 6870, VI KSD: 0.0003
2026-03-28 22:32:03 | DEBUG | sivi:base_runner.py:337| eval_kl_ite | Epoch 6880, VI KL to baseline: 0.0250
2026-03-28 22:32:03 | DEBUG | sivi:base_reverse_runner.py:261| eval_kl_ite | Epoch 6880, Reverse Model KL ITE: 0.0725
2026-03-28 22:32:03 | DEBUG | sivi:base_runner.py:347| eval_w2 | Epoch 6880, VI W2 to baseline: 0.0488
2026-03-28 22:32:03 | DEBUG | sivi:base_reverse_runner.py:272| eval_w2 | Epoch 6880, Reverse Model W2: 0.0526
2026-03-28 22:32:03 | DEBUG | sivi:base_runner.py:477| eval_elbo | Epoch 6880, ELBO: -0.0023, Std Total: 0.1271, Std Q: nan, CI Half: 0.0111
2026-03-28 22:32:03 | DEBUG | sivi:base_runner.py:507| eval_ksd | Epoch 6880, VI KSD: 0.0003
2026-03-28 22:32:04 | DEBUG | sivi:base_runner.py:337| eval_kl_ite | Epoch 6890, VI KL to baseline: 0.0068
2026-03-28 22:32:04 | DEBUG | sivi:base_reverse_runner.py:261| eval_kl_ite | Epoch 6890, Reverse Model KL ITE: 0.0862
2026-03-28 22:32:04 | DEBUG | sivi:base_runner.py:347| eval_w2 | Epoch 6890, VI W2 to baseline: 0.0566
2026-03-28 22:32:04 | DEBUG | sivi:base_reverse_runner.py:272| eval_w2 | Epoch 6890, Reverse Model W2: 0.0516
2026-03-28 22:32:04 | DEBUG | sivi:base_runner.py:477| eval_elbo | Epoch 6890, ELBO: 0.0158, Std Total: 0.1571, Std Q: nan, CI Half: 0.0138
2026-03-28 22:32:04 | DEBUG | sivi:base_runner.py:507| eval_ksd | Epoch 6890, VI KSD: -0.0002
2026-03-28 22:32:04 | DEBUG | sivi:base_runner.py:874| learn | Epoch 6900: Avg Loss: -0.0082, Avg Epoch Time: 0.0594s
2026-03-28 22:32:04 | DEBUG | sivi:base_runner.py:337| eval_kl_ite | Epoch 6900, VI KL to baseline: 0.0052
2026-03-28 22:32:04 | DEBUG | sivi:base_reverse_runner.py:261| eval_kl_ite | Epoch 6900, Reverse Model KL ITE: 0.0948
2026-03-28 22:32:04 | DEBUG | sivi:base_runner.py:347| eval_w2 | Epoch 6900, VI W2 to baseline: 0.0354
2026-03-28 22:32:04 | DEBUG | sivi:base_reverse_runner.py:272| eval_w2 | Epoch 6900, Reverse Model W2: 0.0494
2026-03-28 22:32:04 | DEBUG | sivi:base_runner.py:477| eval_elbo | Epoch 6900, ELBO: 0.0119, Std Total: 0.1286, Std Q: nan, CI Half: 0.0113
2026-03-28 22:32:04 | DEBUG | sivi:base_runner.py:507| eval_ksd | Epoch 6900, VI KSD: 0.0006
2026-03-28 22:32:05 | DEBUG | sivi:base_runner.py:337| eval_kl_ite | Epoch 6910, VI KL to baseline: 0.0099
2026-03-28 22:32:05 | DEBUG | sivi:base_reverse_runner.py:261| eval_kl_ite | Epoch 6910, Reverse Model KL ITE: 0.0901
2026-03-28 22:32:05 | DEBUG | sivi:base_runner.py:347| eval_w2 | Epoch 6910, VI W2 to baseline: 0.0471
2026-03-28 22:32:05 | DEBUG | sivi:base_reverse_runner.py:272| eval_w2 | Epoch 6910, Reverse Model W2: 0.0523
2026-03-28 22:32:05 | DEBUG | sivi:base_runner.py:477| eval_elbo | Epoch 6910, ELBO: 0.0005, Std Total: 0.1160, Std Q: nan, CI Half: 0.0102
2026-03-28 22:32:05 | DEBUG | sivi:base_runner.py:507| eval_ksd | Epoch 6910, VI KSD: 0.0005
2026-03-28 22:32:06 | DEBUG | sivi:base_runner.py:337| eval_kl_ite | Epoch 6920, VI KL to baseline: 0.0142
2026-03-28 22:32:06 | DEBUG | sivi:base_reverse_runner.py:261| eval_kl_ite | Epoch 6920, Reverse Model KL ITE: 0.1000
2026-03-28 22:32:06 | DEBUG | sivi:base_runner.py:347| eval_w2 | Epoch 6920, VI W2 to baseline: 0.0718
2026-03-28 22:32:06 | DEBUG | sivi:base_reverse_runner.py:272| eval_w2 | Epoch 6920, Reverse Model W2: 0.0535
2026-03-28 22:32:06 | DEBUG | sivi:base_runner.py:477| eval_elbo | Epoch 6920, ELBO: 0.0037, Std Total: 0.1579, Std Q: nan, CI Half: 0.0138
2026-03-28 22:32:06 | DEBUG | sivi:base_runner.py:507| eval_ksd | Epoch 6920, VI KSD: 0.0009
2026-03-28 22:32:06 | DEBUG | sivi:base_runner.py:337| eval_kl_ite | Epoch 6930, VI KL to baseline: 0.0076
2026-03-28 22:32:06 | DEBUG | sivi:base_reverse_runner.py:261| eval_kl_ite | Epoch 6930, Reverse Model KL ITE: 0.0952
2026-03-28 22:32:06 | DEBUG | sivi:base_runner.py:347| eval_w2 | Epoch 6930, VI W2 to baseline: 0.0463
2026-03-28 22:32:06 | DEBUG | sivi:base_reverse_runner.py:272| eval_w2 | Epoch 6930, Reverse Model W2: 0.0537
2026-03-28 22:32:06 | DEBUG | sivi:base_runner.py:477| eval_elbo | Epoch 6930, ELBO: 0.0165, Std Total: 0.1368, Std Q: nan, CI Half: 0.0120
2026-03-28 22:32:06 | DEBUG | sivi:base_runner.py:507| eval_ksd | Epoch 6930, VI KSD: 0.0001
2026-03-28 22:32:07 | DEBUG | sivi:base_runner.py:337| eval_kl_ite | Epoch 6940, VI KL to baseline: -0.0170
2026-03-28 22:32:07 | DEBUG | sivi:base_reverse_runner.py:261| eval_kl_ite | Epoch 6940, Reverse Model KL ITE: 0.0676
2026-03-28 22:32:07 | DEBUG | sivi:base_runner.py:347| eval_w2 | Epoch 6940, VI W2 to baseline: 0.0441
2026-03-28 22:32:07 | DEBUG | sivi:base_reverse_runner.py:272| eval_w2 | Epoch 6940, Reverse Model W2: 0.0469
2026-03-28 22:32:07 | DEBUG | sivi:base_runner.py:477| eval_elbo | Epoch 6940, ELBO: -0.0005, Std Total: 0.1388, Std Q: nan, CI Half: 0.0122
2026-03-28 22:32:07 | DEBUG | sivi:base_runner.py:507| eval_ksd | Epoch 6940, VI KSD: 0.0006
2026-03-28 22:32:07 | DEBUG | sivi:base_runner.py:337| eval_kl_ite | Epoch 6950, VI KL to baseline: 0.0075
2026-03-28 22:32:08 | DEBUG | sivi:base_reverse_runner.py:261| eval_kl_ite | Epoch 6950, Reverse Model KL ITE: 0.0846
2026-03-28 22:32:08 | DEBUG | sivi:base_runner.py:347| eval_w2 | Epoch 6950, VI W2 to baseline: 0.0467
2026-03-28 22:32:08 | DEBUG | sivi:base_reverse_runner.py:272| eval_w2 | Epoch 6950, Reverse Model W2: 0.0545
2026-03-28 22:32:08 | DEBUG | sivi:base_runner.py:477| eval_elbo | Epoch 6950, ELBO: 0.0075, Std Total: 0.1057, Std Q: nan, CI Half: 0.0093
2026-03-28 22:32:08 | DEBUG | sivi:base_runner.py:507| eval_ksd | Epoch 6950, VI KSD: 0.0003
2026-03-28 22:32:08 | DEBUG | sivi:base_runner.py:337| eval_kl_ite | Epoch 6960, VI KL to baseline: 0.0048
2026-03-28 22:32:08 | DEBUG | sivi:base_reverse_runner.py:261| eval_kl_ite | Epoch 6960, Reverse Model KL ITE: 0.0733
2026-03-28 22:32:08 | DEBUG | sivi:base_runner.py:347| eval_w2 | Epoch 6960, VI W2 to baseline: 0.0370
2026-03-28 22:32:08 | DEBUG | sivi:base_reverse_runner.py:272| eval_w2 | Epoch 6960, Reverse Model W2: 0.0505
2026-03-28 22:32:08 | DEBUG | sivi:base_runner.py:477| eval_elbo | Epoch 6960, ELBO: 0.0106, Std Total: 0.1128, Std Q: nan, CI Half: 0.0099
2026-03-28 22:32:08 | DEBUG | sivi:base_runner.py:507| eval_ksd | Epoch 6960, VI KSD: 0.0010
2026-03-28 22:32:09 | DEBUG | sivi:base_runner.py:337| eval_kl_ite | Epoch 6970, VI KL to baseline: 0.0121
2026-03-28 22:32:09 | DEBUG | sivi:base_reverse_runner.py:261| eval_kl_ite | Epoch 6970, Reverse Model KL ITE: 0.0835
2026-03-28 22:32:09 | DEBUG | sivi:base_runner.py:347| eval_w2 | Epoch 6970, VI W2 to baseline: 0.0424
2026-03-28 22:32:09 | DEBUG | sivi:base_reverse_runner.py:272| eval_w2 | Epoch 6970, Reverse Model W2: 0.0626
2026-03-28 22:32:09 | DEBUG | sivi:base_runner.py:477| eval_elbo | Epoch 6970, ELBO: 0.0067, Std Total: 0.1027, Std Q: nan, CI Half: 0.0090
2026-03-28 22:32:09 | DEBUG | sivi:base_runner.py:507| eval_ksd | Epoch 6970, VI KSD: 0.0007
2026-03-28 22:32:09 | DEBUG | sivi:base_runner.py:337| eval_kl_ite | Epoch 6980, VI KL to baseline: 0.0133
2026-03-28 22:32:09 | DEBUG | sivi:base_reverse_runner.py:261| eval_kl_ite | Epoch 6980, Reverse Model KL ITE: 0.0750
2026-03-28 22:32:09 | DEBUG | sivi:base_runner.py:347| eval_w2 | Epoch 6980, VI W2 to baseline: 0.0449
2026-03-28 22:32:09 | DEBUG | sivi:base_reverse_runner.py:272| eval_w2 | Epoch 6980, Reverse Model W2: 0.0537
2026-03-28 22:32:09 | DEBUG | sivi:base_runner.py:477| eval_elbo | Epoch 6980, ELBO: -0.0020, Std Total: 0.1325, Std Q: nan, CI Half: 0.0116
2026-03-28 22:32:09 | DEBUG | sivi:base_runner.py:507| eval_ksd | Epoch 6980, VI KSD: 0.0011
2026-03-28 22:32:09 | DEBUG | sivi:base_runner.py:337| eval_kl_ite | Epoch 6990, VI KL to baseline: 0.0112
2026-03-28 22:32:10 | DEBUG | sivi:base_reverse_runner.py:261| eval_kl_ite | Epoch 6990, Reverse Model KL ITE: 0.0882
2026-03-28 22:32:10 | DEBUG | sivi:base_runner.py:347| eval_w2 | Epoch 6990, VI W2 to baseline: 0.0358
2026-03-28 22:32:10 | DEBUG | sivi:base_reverse_runner.py:272| eval_w2 | Epoch 6990, Reverse Model W2: 0.0574
2026-03-28 22:32:10 | DEBUG | sivi:base_runner.py:477| eval_elbo | Epoch 6990, ELBO: 0.0116, Std Total: 0.1175, Std Q: nan, CI Half: 0.0103
2026-03-28 22:32:10 | DEBUG | sivi:base_runner.py:507| eval_ksd | Epoch 6990, VI KSD: 0.0018
2026-03-28 22:32:10 | DEBUG | sivi:base_runner.py:874| learn | Epoch 7000: Avg Loss: -0.0004, Avg Epoch Time: 0.0564s
2026-03-28 22:32:10 | DEBUG | sivi:base_reverse_runner.py:183| _training_rev_log_func | Epoch 7000, Inner epoch 1, Reverse Model Loss: 4.9388, Avg Steps: 1.0000
2026-03-28 22:32:10 | DEBUG | sivi:base_runner.py:588| save_samples | Saved 100000 samples at epoch 7000.
2026-03-28 22:32:10 | DEBUG | sivi:base_runner.py:607| save_checkpoint | Saved VIModel checkpoints at epoch 7000 to results/AISIVI/multimodal/20260328_222515/checkpoints/epoch_7000.
2026-03-28 22:32:10 | DEBUG | sivi:base_reverse_runner.py:476| save_checkpoint | Saved reverse checkpoints at epoch 7000 to results/AISIVI/multimodal/20260328_222515/checkpoints/epoch_7000.
2026-03-28 22:32:10 | DEBUG | sivi:base_runner.py:337| eval_kl_ite | Epoch 7000, VI KL to baseline: 0.0062
2026-03-28 22:32:10 | DEBUG | sivi:base_reverse_runner.py:261| eval_kl_ite | Epoch 7000, Reverse Model KL ITE: 0.0805
2026-03-28 22:32:10 | DEBUG | sivi:base_runner.py:347| eval_w2 | Epoch 7000, VI W2 to baseline: 0.0357
2026-03-28 22:32:10 | DEBUG | sivi:base_reverse_runner.py:272| eval_w2 | Epoch 7000, Reverse Model W2: 0.0521
2026-03-28 22:32:10 | DEBUG | sivi:base_runner.py:477| eval_elbo | Epoch 7000, ELBO: 0.0051, Std Total: 0.1464, Std Q: nan, CI Half: 0.0128
2026-03-28 22:32:10 | DEBUG | sivi:base_runner.py:507| eval_ksd | Epoch 7000, VI KSD: 0.0015
2026-03-28 22:32:10 | DEBUG | sivi:base_runner.py:970| learn | Saved contour plot at epoch 7000.
2026-03-28 22:32:11 | DEBUG | sivi:base_runner.py:337| eval_kl_ite | Epoch 7010, VI KL to baseline: 0.0100
2026-03-28 22:32:11 | DEBUG | sivi:base_reverse_runner.py:261| eval_kl_ite | Epoch 7010, Reverse Model KL ITE: 0.0793
2026-03-28 22:32:11 | DEBUG | sivi:base_runner.py:347| eval_w2 | Epoch 7010, VI W2 to baseline: 0.0510
2026-03-28 22:32:11 | DEBUG | sivi:base_reverse_runner.py:272| eval_w2 | Epoch 7010, Reverse Model W2: 0.0562
2026-03-28 22:32:11 | DEBUG | sivi:base_runner.py:477| eval_elbo | Epoch 7010, ELBO: 0.0160, Std Total: 0.1645, Std Q: nan, CI Half: 0.0144
2026-03-28 22:32:11 | DEBUG | sivi:base_runner.py:507| eval_ksd | Epoch 7010, VI KSD: 0.0001
2026-03-28 22:32:11 | DEBUG | sivi:base_runner.py:337| eval_kl_ite | Epoch 7020, VI KL to baseline: -0.0048
2026-03-28 22:32:11 | DEBUG | sivi:base_reverse_runner.py:261| eval_kl_ite | Epoch 7020, Reverse Model KL ITE: 0.0618
2026-03-28 22:32:11 | DEBUG | sivi:base_runner.py:347| eval_w2 | Epoch 7020, VI W2 to baseline: 0.0376
2026-03-28 22:32:11 | DEBUG | sivi:base_reverse_runner.py:272| eval_w2 | Epoch 7020, Reverse Model W2: 0.0528
2026-03-28 22:32:11 | DEBUG | sivi:base_runner.py:477| eval_elbo | Epoch 7020, ELBO: 0.0030, Std Total: 0.1130, Std Q: nan, CI Half: 0.0099
2026-03-28 22:32:11 | DEBUG | sivi:base_runner.py:507| eval_ksd | Epoch 7020, VI KSD: 0.0010
2026-03-28 22:32:12 | DEBUG | sivi:base_runner.py:337| eval_kl_ite | Epoch 7030, VI KL to baseline: 0.0049
2026-03-28 22:32:12 | DEBUG | sivi:base_reverse_runner.py:261| eval_kl_ite | Epoch 7030, Reverse Model KL ITE: 0.0863
2026-03-28 22:32:12 | DEBUG | sivi:base_runner.py:347| eval_w2 | Epoch 7030, VI W2 to baseline: 0.0466
2026-03-28 22:32:12 | DEBUG | sivi:base_reverse_runner.py:272| eval_w2 | Epoch 7030, Reverse Model W2: 0.0566
2026-03-28 22:32:12 | DEBUG | sivi:base_runner.py:477| eval_elbo | Epoch 7030, ELBO: -0.0035, Std Total: 0.1173, Std Q: nan, CI Half: 0.0103
2026-03-28 22:32:12 | DEBUG | sivi:base_runner.py:507| eval_ksd | Epoch 7030, VI KSD: -0.0001
2026-03-28 22:32:12 | DEBUG | sivi:base_runner.py:337| eval_kl_ite | Epoch 7040, VI KL to baseline: -0.0092
2026-03-28 22:32:12 | DEBUG | sivi:base_reverse_runner.py:261| eval_kl_ite | Epoch 7040, Reverse Model KL ITE: 0.0946
2026-03-28 22:32:12 | DEBUG | sivi:base_runner.py:347| eval_w2 | Epoch 7040, VI W2 to baseline: 0.0402
2026-03-28 22:32:12 | DEBUG | sivi:base_reverse_runner.py:272| eval_w2 | Epoch 7040, Reverse Model W2: 0.0433
2026-03-28 22:32:12 | DEBUG | sivi:base_runner.py:477| eval_elbo | Epoch 7040, ELBO: -0.0048, Std Total: 0.1058, Std Q: nan, CI Half: 0.0093
2026-03-28 22:32:12 | DEBUG | sivi:base_runner.py:507| eval_ksd | Epoch 7040, VI KSD: 0.0004
2026-03-28 22:32:13 | DEBUG | sivi:base_runner.py:337| eval_kl_ite | Epoch 7050, VI KL to baseline: -0.0033
2026-03-28 22:32:13 | DEBUG | sivi:base_reverse_runner.py:261| eval_kl_ite | Epoch 7050, Reverse Model KL ITE: 0.0953
2026-03-28 22:32:13 | DEBUG | sivi:base_runner.py:347| eval_w2 | Epoch 7050, VI W2 to baseline: 0.0363
2026-03-28 22:32:13 | DEBUG | sivi:base_reverse_runner.py:272| eval_w2 | Epoch 7050, Reverse Model W2: 0.0502
2026-03-28 22:32:13 | DEBUG | sivi:base_runner.py:477| eval_elbo | Epoch 7050, ELBO: 0.0176, Std Total: 0.1494, Std Q: nan, CI Half: 0.0131
2026-03-28 22:32:13 | DEBUG | sivi:base_runner.py:507| eval_ksd | Epoch 7050, VI KSD: 0.0005
2026-03-28 22:32:13 | DEBUG | sivi:base_runner.py:337| eval_kl_ite | Epoch 7060, VI KL to baseline: 0.0122
2026-03-28 22:32:13 | DEBUG | sivi:base_reverse_runner.py:261| eval_kl_ite | Epoch 7060, Reverse Model KL ITE: 0.1005
2026-03-28 22:32:13 | DEBUG | sivi:base_runner.py:347| eval_w2 | Epoch 7060, VI W2 to baseline: 0.0420
2026-03-28 22:32:13 | DEBUG | sivi:base_reverse_runner.py:272| eval_w2 | Epoch 7060, Reverse Model W2: 0.0578
2026-03-28 22:32:13 | DEBUG | sivi:base_runner.py:477| eval_elbo | Epoch 7060, ELBO: 0.0078, Std Total: 0.1043, Std Q: nan, CI Half: 0.0091
2026-03-28 22:32:13 | DEBUG | sivi:base_runner.py:507| eval_ksd | Epoch 7060, VI KSD: -0.0002
2026-03-28 22:32:14 | DEBUG | sivi:base_runner.py:337| eval_kl_ite | Epoch 7070, VI KL to baseline: 0.0101
2026-03-28 22:32:14 | DEBUG | sivi:base_reverse_runner.py:261| eval_kl_ite | Epoch 7070, Reverse Model KL ITE: 0.0787
2026-03-28 22:32:14 | DEBUG | sivi:base_runner.py:347| eval_w2 | Epoch 7070, VI W2 to baseline: 0.0568
2026-03-28 22:32:14 | DEBUG | sivi:base_reverse_runner.py:272| eval_w2 | Epoch 7070, Reverse Model W2: 0.0545
2026-03-28 22:32:14 | DEBUG | sivi:base_runner.py:477| eval_elbo | Epoch 7070, ELBO: 0.0023, Std Total: 0.1218, Std Q: nan, CI Half: 0.0107
2026-03-28 22:32:14 | DEBUG | sivi:base_runner.py:507| eval_ksd | Epoch 7070, VI KSD: -0.0004
2026-03-28 22:32:14 | DEBUG | sivi:base_runner.py:337| eval_kl_ite | Epoch 7080, VI KL to baseline: -0.0089
2026-03-28 22:32:14 | DEBUG | sivi:base_reverse_runner.py:261| eval_kl_ite | Epoch 7080, Reverse Model KL ITE: 0.0943
2026-03-28 22:32:14 | DEBUG | sivi:base_runner.py:347| eval_w2 | Epoch 7080, VI W2 to baseline: 0.0354
2026-03-28 22:32:14 | DEBUG | sivi:base_reverse_runner.py:272| eval_w2 | Epoch 7080, Reverse Model W2: 0.0547
2026-03-28 22:32:14 | DEBUG | sivi:base_runner.py:477| eval_elbo | Epoch 7080, ELBO: -0.0036, Std Total: 0.1513, Std Q: nan, CI Half: 0.0133
2026-03-28 22:32:14 | DEBUG | sivi:base_runner.py:507| eval_ksd | Epoch 7080, VI KSD: 0.0011
2026-03-28 22:32:15 | DEBUG | sivi:base_runner.py:337| eval_kl_ite | Epoch 7090, VI KL to baseline: 0.0135
2026-03-28 22:32:15 | DEBUG | sivi:base_reverse_runner.py:261| eval_kl_ite | Epoch 7090, Reverse Model KL ITE: 0.0965
2026-03-28 22:32:15 | DEBUG | sivi:base_runner.py:347| eval_w2 | Epoch 7090, VI W2 to baseline: 0.0316
2026-03-28 22:32:15 | DEBUG | sivi:base_reverse_runner.py:272| eval_w2 | Epoch 7090, Reverse Model W2: 0.0588
2026-03-28 22:32:15 | DEBUG | sivi:base_runner.py:477| eval_elbo | Epoch 7090, ELBO: 0.0179, Std Total: 0.1693, Std Q: nan, CI Half: 0.0148
2026-03-28 22:32:15 | DEBUG | sivi:base_runner.py:507| eval_ksd | Epoch 7090, VI KSD: 0.0003
2026-03-28 22:32:15 | DEBUG | sivi:base_runner.py:874| learn | Epoch 7100: Avg Loss: -0.0069, Avg Epoch Time: 0.0509s
2026-03-28 22:32:15 | DEBUG | sivi:base_runner.py:337| eval_kl_ite | Epoch 7100, VI KL to baseline: -0.0027
2026-03-28 22:32:15 | DEBUG | sivi:base_reverse_runner.py:261| eval_kl_ite | Epoch 7100, Reverse Model KL ITE: 0.0829
2026-03-28 22:32:15 | DEBUG | sivi:base_runner.py:347| eval_w2 | Epoch 7100, VI W2 to baseline: 0.0542
2026-03-28 22:32:15 | DEBUG | sivi:base_reverse_runner.py:272| eval_w2 | Epoch 7100, Reverse Model W2: 0.0659
2026-03-28 22:32:15 | DEBUG | sivi:base_runner.py:477| eval_elbo | Epoch 7100, ELBO: 0.0143, Std Total: 0.1563, Std Q: nan, CI Half: 0.0137
2026-03-28 22:32:15 | DEBUG | sivi:base_runner.py:507| eval_ksd | Epoch 7100, VI KSD: 0.0014
2026-03-28 22:32:16 | DEBUG | sivi:base_runner.py:337| eval_kl_ite | Epoch 7110, VI KL to baseline: -0.0016
2026-03-28 22:32:16 | DEBUG | sivi:base_reverse_runner.py:261| eval_kl_ite | Epoch 7110, Reverse Model KL ITE: 0.1069
2026-03-28 22:32:16 | DEBUG | sivi:base_runner.py:347| eval_w2 | Epoch 7110, VI W2 to baseline: 0.0385
2026-03-28 22:32:16 | DEBUG | sivi:base_reverse_runner.py:272| eval_w2 | Epoch 7110, Reverse Model W2: 0.0562
2026-03-28 22:32:16 | DEBUG | sivi:base_runner.py:477| eval_elbo | Epoch 7110, ELBO: 0.0114, Std Total: 0.1511, Std Q: nan, CI Half: 0.0132
2026-03-28 22:32:16 | DEBUG | sivi:base_runner.py:507| eval_ksd | Epoch 7110, VI KSD: -0.0011
2026-03-28 22:32:16 | DEBUG | sivi:base_runner.py:337| eval_kl_ite | Epoch 7120, VI KL to baseline: 0.0170
2026-03-28 22:32:16 | DEBUG | sivi:base_reverse_runner.py:261| eval_kl_ite | Epoch 7120, Reverse Model KL ITE: 0.1092
2026-03-28 22:32:16 | DEBUG | sivi:base_runner.py:347| eval_w2 | Epoch 7120, VI W2 to baseline: 0.0368
2026-03-28 22:32:16 | DEBUG | sivi:base_reverse_runner.py:272| eval_w2 | Epoch 7120, Reverse Model W2: 0.0526
2026-03-28 22:32:16 | DEBUG | sivi:base_runner.py:477| eval_elbo | Epoch 7120, ELBO: 0.0066, Std Total: 0.1224, Std Q: nan, CI Half: 0.0107
2026-03-28 22:32:16 | DEBUG | sivi:base_runner.py:507| eval_ksd | Epoch 7120, VI KSD: 0.0006
2026-03-28 22:32:17 | DEBUG | sivi:base_runner.py:337| eval_kl_ite | Epoch 7130, VI KL to baseline: 0.0193
2026-03-28 22:32:17 | DEBUG | sivi:base_reverse_runner.py:261| eval_kl_ite | Epoch 7130, Reverse Model KL ITE: 0.1101
2026-03-28 22:32:17 | DEBUG | sivi:base_runner.py:347| eval_w2 | Epoch 7130, VI W2 to baseline: 0.0314
2026-03-28 22:32:17 | DEBUG | sivi:base_reverse_runner.py:272| eval_w2 | Epoch 7130, Reverse Model W2: 0.0570
2026-03-28 22:32:17 | DEBUG | sivi:base_runner.py:477| eval_elbo | Epoch 7130, ELBO: 0.0062, Std Total: 0.1194, Std Q: nan, CI Half: 0.0105
2026-03-28 22:32:17 | DEBUG | sivi:base_runner.py:507| eval_ksd | Epoch 7130, VI KSD: -0.0001
2026-03-28 22:32:17 | DEBUG | sivi:base_runner.py:337| eval_kl_ite | Epoch 7140, VI KL to baseline: 0.0036
2026-03-28 22:32:17 | DEBUG | sivi:base_reverse_runner.py:261| eval_kl_ite | Epoch 7140, Reverse Model KL ITE: 0.0789
2026-03-28 22:32:17 | DEBUG | sivi:base_runner.py:347| eval_w2 | Epoch 7140, VI W2 to baseline: 0.0541
2026-03-28 22:32:17 | DEBUG | sivi:base_reverse_runner.py:272| eval_w2 | Epoch 7140, Reverse Model W2: 0.0573
2026-03-28 22:32:17 | DEBUG | sivi:base_runner.py:477| eval_elbo | Epoch 7140, ELBO: 0.0125, Std Total: 0.1305, Std Q: nan, CI Half: 0.0114
2026-03-28 22:32:17 | DEBUG | sivi:base_runner.py:507| eval_ksd | Epoch 7140, VI KSD: 0.0007
2026-03-28 22:32:18 | DEBUG | sivi:base_runner.py:337| eval_kl_ite | Epoch 7150, VI KL to baseline: 0.0108
2026-03-28 22:32:18 | DEBUG | sivi:base_reverse_runner.py:261| eval_kl_ite | Epoch 7150, Reverse Model KL ITE: 0.1105
2026-03-28 22:32:18 | DEBUG | sivi:base_runner.py:347| eval_w2 | Epoch 7150, VI W2 to baseline: 0.0400
2026-03-28 22:32:18 | DEBUG | sivi:base_reverse_runner.py:272| eval_w2 | Epoch 7150, Reverse Model W2: 0.0532
2026-03-28 22:32:18 | DEBUG | sivi:base_runner.py:477| eval_elbo | Epoch 7150, ELBO: 0.0028, Std Total: 0.1197, Std Q: nan, CI Half: 0.0105
2026-03-28 22:32:18 | DEBUG | sivi:base_runner.py:507| eval_ksd | Epoch 7150, VI KSD: 0.0001
2026-03-28 22:32:18 | DEBUG | sivi:base_runner.py:337| eval_kl_ite | Epoch 7160, VI KL to baseline: -0.0022
2026-03-28 22:32:18 | DEBUG | sivi:base_reverse_runner.py:261| eval_kl_ite | Epoch 7160, Reverse Model KL ITE: 0.1113
2026-03-28 22:32:18 | DEBUG | sivi:base_runner.py:347| eval_w2 | Epoch 7160, VI W2 to baseline: 0.0444
2026-03-28 22:32:18 | DEBUG | sivi:base_reverse_runner.py:272| eval_w2 | Epoch 7160, Reverse Model W2: 0.0625
2026-03-28 22:32:18 | DEBUG | sivi:base_runner.py:477| eval_elbo | Epoch 7160, ELBO: 0.0014, Std Total: 0.1209, Std Q: nan, CI Half: 0.0106
2026-03-28 22:32:18 | DEBUG | sivi:base_runner.py:507| eval_ksd | Epoch 7160, VI KSD: 0.0003
2026-03-28 22:32:19 | DEBUG | sivi:base_runner.py:337| eval_kl_ite | Epoch 7170, VI KL to baseline: 0.0133
2026-03-28 22:32:19 | DEBUG | sivi:base_reverse_runner.py:261| eval_kl_ite | Epoch 7170, Reverse Model KL ITE: 0.0942
2026-03-28 22:32:19 | DEBUG | sivi:base_runner.py:347| eval_w2 | Epoch 7170, VI W2 to baseline: 0.0350
2026-03-28 22:32:19 | DEBUG | sivi:base_reverse_runner.py:272| eval_w2 | Epoch 7170, Reverse Model W2: 0.0546
2026-03-28 22:32:19 | DEBUG | sivi:base_runner.py:477| eval_elbo | Epoch 7170, ELBO: 0.0022, Std Total: 0.1265, Std Q: nan, CI Half: 0.0111
2026-03-28 22:32:19 | DEBUG | sivi:base_runner.py:507| eval_ksd | Epoch 7170, VI KSD: 0.0000
2026-03-28 22:32:19 | DEBUG | sivi:base_runner.py:337| eval_kl_ite | Epoch 7180, VI KL to baseline: -0.0017
2026-03-28 22:32:19 | DEBUG | sivi:base_reverse_runner.py:261| eval_kl_ite | Epoch 7180, Reverse Model KL ITE: 0.1020
2026-03-28 22:32:19 | DEBUG | sivi:base_runner.py:347| eval_w2 | Epoch 7180, VI W2 to baseline: 0.0302
2026-03-28 22:32:19 | DEBUG | sivi:base_reverse_runner.py:272| eval_w2 | Epoch 7180, Reverse Model W2: 0.0566
2026-03-28 22:32:19 | DEBUG | sivi:base_runner.py:477| eval_elbo | Epoch 7180, ELBO: -0.0031, Std Total: 0.1165, Std Q: nan, CI Half: 0.0102
2026-03-28 22:32:19 | DEBUG | sivi:base_runner.py:507| eval_ksd | Epoch 7180, VI KSD: -0.0011
2026-03-28 22:32:20 | DEBUG | sivi:base_runner.py:337| eval_kl_ite | Epoch 7190, VI KL to baseline: -0.0020
2026-03-28 22:32:20 | DEBUG | sivi:base_reverse_runner.py:261| eval_kl_ite | Epoch 7190, Reverse Model KL ITE: 0.0965
2026-03-28 22:32:20 | DEBUG | sivi:base_runner.py:347| eval_w2 | Epoch 7190, VI W2 to baseline: 0.0427
2026-03-28 22:32:20 | DEBUG | sivi:base_reverse_runner.py:272| eval_w2 | Epoch 7190, Reverse Model W2: 0.0536
2026-03-28 22:32:20 | DEBUG | sivi:base_runner.py:477| eval_elbo | Epoch 7190, ELBO: -0.0034, Std Total: 0.1136, Std Q: nan, CI Half: 0.0100
2026-03-28 22:32:20 | DEBUG | sivi:base_runner.py:507| eval_ksd | Epoch 7190, VI KSD: -0.0007
2026-03-28 22:32:20 | DEBUG | sivi:base_runner.py:874| learn | Epoch 7200: Avg Loss: -0.0009, Avg Epoch Time: 0.0532s
2026-03-28 22:32:20 | DEBUG | sivi:base_runner.py:337| eval_kl_ite | Epoch 7200, VI KL to baseline: 0.0056
2026-03-28 22:32:21 | DEBUG | sivi:base_reverse_runner.py:261| eval_kl_ite | Epoch 7200, Reverse Model KL ITE: 0.0986
2026-03-28 22:32:21 | DEBUG | sivi:base_runner.py:347| eval_w2 | Epoch 7200, VI W2 to baseline: 0.0384
2026-03-28 22:32:21 | DEBUG | sivi:base_reverse_runner.py:272| eval_w2 | Epoch 7200, Reverse Model W2: 0.0540
2026-03-28 22:32:21 | DEBUG | sivi:base_runner.py:477| eval_elbo | Epoch 7200, ELBO: 0.0067, Std Total: 0.1272, Std Q: nan, CI Half: 0.0111
2026-03-28 22:32:21 | DEBUG | sivi:base_runner.py:507| eval_ksd | Epoch 7200, VI KSD: 0.0004
2026-03-28 22:32:21 | DEBUG | sivi:base_runner.py:337| eval_kl_ite | Epoch 7210, VI KL to baseline: 0.0158
2026-03-28 22:32:21 | DEBUG | sivi:base_reverse_runner.py:261| eval_kl_ite | Epoch 7210, Reverse Model KL ITE: 0.0989
2026-03-28 22:32:21 | DEBUG | sivi:base_runner.py:347| eval_w2 | Epoch 7210, VI W2 to baseline: 0.0340
2026-03-28 22:32:21 | DEBUG | sivi:base_reverse_runner.py:272| eval_w2 | Epoch 7210, Reverse Model W2: 0.0565
2026-03-28 22:32:21 | DEBUG | sivi:base_runner.py:477| eval_elbo | Epoch 7210, ELBO: 0.0006, Std Total: 0.1362, Std Q: nan, CI Half: 0.0119
2026-03-28 22:32:21 | DEBUG | sivi:base_runner.py:507| eval_ksd | Epoch 7210, VI KSD: 0.0002
2026-03-28 22:32:21 | DEBUG | sivi:base_runner.py:337| eval_kl_ite | Epoch 7220, VI KL to baseline: 0.0174
2026-03-28 22:32:22 | DEBUG | sivi:base_reverse_runner.py:261| eval_kl_ite | Epoch 7220, Reverse Model KL ITE: 0.0931
2026-03-28 22:32:22 | DEBUG | sivi:base_runner.py:347| eval_w2 | Epoch 7220, VI W2 to baseline: 0.0329
2026-03-28 22:32:22 | DEBUG | sivi:base_reverse_runner.py:272| eval_w2 | Epoch 7220, Reverse Model W2: 0.0557
2026-03-28 22:32:22 | DEBUG | sivi:base_runner.py:477| eval_elbo | Epoch 7220, ELBO: 0.0050, Std Total: 0.1344, Std Q: nan, CI Half: 0.0118
2026-03-28 22:32:22 | DEBUG | sivi:base_runner.py:507| eval_ksd | Epoch 7220, VI KSD: -0.0005
2026-03-28 22:32:22 | DEBUG | sivi:base_runner.py:337| eval_kl_ite | Epoch 7230, VI KL to baseline: -0.0073
2026-03-28 22:32:22 | DEBUG | sivi:base_reverse_runner.py:261| eval_kl_ite | Epoch 7230, Reverse Model KL ITE: 0.0937
2026-03-28 22:32:22 | DEBUG | sivi:base_runner.py:347| eval_w2 | Epoch 7230, VI W2 to baseline: 0.0418
2026-03-28 22:32:22 | DEBUG | sivi:base_reverse_runner.py:272| eval_w2 | Epoch 7230, Reverse Model W2: 0.0535
2026-03-28 22:32:22 | DEBUG | sivi:base_runner.py:477| eval_elbo | Epoch 7230, ELBO: 0.0053, Std Total: 0.1273, Std Q: nan, CI Half: 0.0112
2026-03-28 22:32:22 | DEBUG | sivi:base_runner.py:507| eval_ksd | Epoch 7230, VI KSD: -0.0006
2026-03-28 22:32:23 | DEBUG | sivi:base_runner.py:337| eval_kl_ite | Epoch 7240, VI KL to baseline: 0.0025
2026-03-28 22:32:23 | DEBUG | sivi:base_reverse_runner.py:261| eval_kl_ite | Epoch 7240, Reverse Model KL ITE: 0.0904
2026-03-28 22:32:23 | DEBUG | sivi:base_runner.py:347| eval_w2 | Epoch 7240, VI W2 to baseline: 0.0500
2026-03-28 22:32:23 | DEBUG | sivi:base_reverse_runner.py:272| eval_w2 | Epoch 7240, Reverse Model W2: 0.0551
2026-03-28 22:32:23 | DEBUG | sivi:base_runner.py:477| eval_elbo | Epoch 7240, ELBO: 0.0018, Std Total: 0.1167, Std Q: nan, CI Half: 0.0102
2026-03-28 22:32:23 | DEBUG | sivi:base_runner.py:507| eval_ksd | Epoch 7240, VI KSD: -0.0004
2026-03-28 22:32:23 | DEBUG | sivi:base_runner.py:337| eval_kl_ite | Epoch 7250, VI KL to baseline: 0.0104
2026-03-28 22:32:23 | DEBUG | sivi:base_reverse_runner.py:261| eval_kl_ite | Epoch 7250, Reverse Model KL ITE: 0.0888
2026-03-28 22:32:23 | DEBUG | sivi:base_runner.py:347| eval_w2 | Epoch 7250, VI W2 to baseline: 0.0377
2026-03-28 22:32:23 | DEBUG | sivi:base_reverse_runner.py:272| eval_w2 | Epoch 7250, Reverse Model W2: 0.0550
2026-03-28 22:32:23 | DEBUG | sivi:base_runner.py:477| eval_elbo | Epoch 7250, ELBO: 0.0078, Std Total: 0.1325, Std Q: nan, CI Half: 0.0116
2026-03-28 22:32:23 | DEBUG | sivi:base_runner.py:507| eval_ksd | Epoch 7250, VI KSD: 0.0004
2026-03-28 22:32:23 | DEBUG | sivi:base_runner.py:337| eval_kl_ite | Epoch 7260, VI KL to baseline: 0.0129
2026-03-28 22:32:24 | DEBUG | sivi:base_reverse_runner.py:261| eval_kl_ite | Epoch 7260, Reverse Model KL ITE: 0.0872
2026-03-28 22:32:24 | DEBUG | sivi:base_runner.py:347| eval_w2 | Epoch 7260, VI W2 to baseline: 0.0449
2026-03-28 22:32:24 | DEBUG | sivi:base_reverse_runner.py:272| eval_w2 | Epoch 7260, Reverse Model W2: 0.0509
2026-03-28 22:32:24 | DEBUG | sivi:base_runner.py:477| eval_elbo | Epoch 7260, ELBO: 0.0036, Std Total: 0.1205, Std Q: nan, CI Half: 0.0106
2026-03-28 22:32:24 | DEBUG | sivi:base_runner.py:507| eval_ksd | Epoch 7260, VI KSD: 0.0022
2026-03-28 22:32:24 | DEBUG | sivi:base_runner.py:337| eval_kl_ite | Epoch 7270, VI KL to baseline: 0.0034
2026-03-28 22:32:24 | DEBUG | sivi:base_reverse_runner.py:261| eval_kl_ite | Epoch 7270, Reverse Model KL ITE: 0.0650
2026-03-28 22:32:24 | DEBUG | sivi:base_runner.py:347| eval_w2 | Epoch 7270, VI W2 to baseline: 0.0367
2026-03-28 22:32:24 | DEBUG | sivi:base_reverse_runner.py:272| eval_w2 | Epoch 7270, Reverse Model W2: 0.0530
2026-03-28 22:32:24 | DEBUG | sivi:base_runner.py:477| eval_elbo | Epoch 7270, ELBO: 0.0078, Std Total: 0.1306, Std Q: nan, CI Half: 0.0114
2026-03-28 22:32:24 | DEBUG | sivi:base_runner.py:507| eval_ksd | Epoch 7270, VI KSD: -0.0002
2026-03-28 22:32:24 | DEBUG | sivi:base_runner.py:337| eval_kl_ite | Epoch 7280, VI KL to baseline: 0.0118
2026-03-28 22:32:25 | DEBUG | sivi:base_reverse_runner.py:261| eval_kl_ite | Epoch 7280, Reverse Model KL ITE: 0.0958
2026-03-28 22:32:25 | DEBUG | sivi:base_runner.py:347| eval_w2 | Epoch 7280, VI W2 to baseline: 0.0420
2026-03-28 22:32:25 | DEBUG | sivi:base_reverse_runner.py:272| eval_w2 | Epoch 7280, Reverse Model W2: 0.0546
2026-03-28 22:32:25 | DEBUG | sivi:base_runner.py:477| eval_elbo | Epoch 7280, ELBO: 0.0014, Std Total: 0.1186, Std Q: nan, CI Half: 0.0104
2026-03-28 22:32:25 | DEBUG | sivi:base_runner.py:507| eval_ksd | Epoch 7280, VI KSD: -0.0002
2026-03-28 22:32:25 | DEBUG | sivi:base_runner.py:337| eval_kl_ite | Epoch 7290, VI KL to baseline: -0.0028
2026-03-28 22:32:25 | DEBUG | sivi:base_reverse_runner.py:261| eval_kl_ite | Epoch 7290, Reverse Model KL ITE: 0.0996
2026-03-28 22:32:25 | DEBUG | sivi:base_runner.py:347| eval_w2 | Epoch 7290, VI W2 to baseline: 0.0311
2026-03-28 22:32:25 | DEBUG | sivi:base_reverse_runner.py:272| eval_w2 | Epoch 7290, Reverse Model W2: 0.0508
2026-03-28 22:32:25 | DEBUG | sivi:base_runner.py:477| eval_elbo | Epoch 7290, ELBO: -0.0014, Std Total: 0.1380, Std Q: nan, CI Half: 0.0121
2026-03-28 22:32:25 | DEBUG | sivi:base_runner.py:507| eval_ksd | Epoch 7290, VI KSD: -0.0001
2026-03-28 22:32:25 | DEBUG | sivi:base_runner.py:874| learn | Epoch 7300: Avg Loss: -0.0177, Avg Epoch Time: 0.0510s
2026-03-28 22:32:25 | DEBUG | sivi:base_runner.py:337| eval_kl_ite | Epoch 7300, VI KL to baseline: -0.0009
2026-03-28 22:32:26 | DEBUG | sivi:base_reverse_runner.py:261| eval_kl_ite | Epoch 7300, Reverse Model KL ITE: 0.0859
2026-03-28 22:32:26 | DEBUG | sivi:base_runner.py:347| eval_w2 | Epoch 7300, VI W2 to baseline: 0.0383
2026-03-28 22:32:26 | DEBUG | sivi:base_reverse_runner.py:272| eval_w2 | Epoch 7300, Reverse Model W2: 0.0500
2026-03-28 22:32:26 | DEBUG | sivi:base_runner.py:477| eval_elbo | Epoch 7300, ELBO: 0.0049, Std Total: 0.1254, Std Q: nan, CI Half: 0.0110
2026-03-28 22:32:26 | DEBUG | sivi:base_runner.py:507| eval_ksd | Epoch 7300, VI KSD: 0.0003
2026-03-28 22:32:26 | DEBUG | sivi:base_runner.py:337| eval_kl_ite | Epoch 7310, VI KL to baseline: -0.0006
2026-03-28 22:32:26 | DEBUG | sivi:base_reverse_runner.py:261| eval_kl_ite | Epoch 7310, Reverse Model KL ITE: 0.1008
2026-03-28 22:32:26 | DEBUG | sivi:base_runner.py:347| eval_w2 | Epoch 7310, VI W2 to baseline: 0.0373
2026-03-28 22:32:26 | DEBUG | sivi:base_reverse_runner.py:272| eval_w2 | Epoch 7310, Reverse Model W2: 0.0528
2026-03-28 22:32:26 | DEBUG | sivi:base_runner.py:477| eval_elbo | Epoch 7310, ELBO: -0.0015, Std Total: 0.1458, Std Q: nan, CI Half: 0.0128
2026-03-28 22:32:26 | DEBUG | sivi:base_runner.py:507| eval_ksd | Epoch 7310, VI KSD: 0.0004
2026-03-28 22:32:26 | DEBUG | sivi:base_runner.py:337| eval_kl_ite | Epoch 7320, VI KL to baseline: 0.0090
2026-03-28 22:32:27 | DEBUG | sivi:base_reverse_runner.py:261| eval_kl_ite | Epoch 7320, Reverse Model KL ITE: 0.0889
2026-03-28 22:32:27 | DEBUG | sivi:base_runner.py:347| eval_w2 | Epoch 7320, VI W2 to baseline: 0.0385
2026-03-28 22:32:27 | DEBUG | sivi:base_reverse_runner.py:272| eval_w2 | Epoch 7320, Reverse Model W2: 0.0535
2026-03-28 22:32:27 | DEBUG | sivi:base_runner.py:477| eval_elbo | Epoch 7320, ELBO: 0.0100, Std Total: 0.1341, Std Q: nan, CI Half: 0.0118
2026-03-28 22:32:27 | DEBUG | sivi:base_runner.py:507| eval_ksd | Epoch 7320, VI KSD: 0.0010
2026-03-28 22:32:27 | DEBUG | sivi:base_runner.py:337| eval_kl_ite | Epoch 7330, VI KL to baseline: -0.0020
2026-03-28 22:32:27 | DEBUG | sivi:base_reverse_runner.py:261| eval_kl_ite | Epoch 7330, Reverse Model KL ITE: 0.0933
2026-03-28 22:32:27 | DEBUG | sivi:base_runner.py:347| eval_w2 | Epoch 7330, VI W2 to baseline: 0.0278
2026-03-28 22:32:27 | DEBUG | sivi:base_reverse_runner.py:272| eval_w2 | Epoch 7330, Reverse Model W2: 0.0577
2026-03-28 22:32:27 | DEBUG | sivi:base_runner.py:477| eval_elbo | Epoch 7330, ELBO: 0.0119, Std Total: 0.1091, Std Q: nan, CI Half: 0.0096
2026-03-28 22:32:27 | DEBUG | sivi:base_runner.py:507| eval_ksd | Epoch 7330, VI KSD: 0.0012
2026-03-28 22:32:28 | DEBUG | sivi:base_runner.py:337| eval_kl_ite | Epoch 7340, VI KL to baseline: -0.0117
2026-03-28 22:32:28 | DEBUG | sivi:base_reverse_runner.py:261| eval_kl_ite | Epoch 7340, Reverse Model KL ITE: 0.1020
2026-03-28 22:32:28 | DEBUG | sivi:base_runner.py:347| eval_w2 | Epoch 7340, VI W2 to baseline: 0.0346
2026-03-28 22:32:28 | DEBUG | sivi:base_reverse_runner.py:272| eval_w2 | Epoch 7340, Reverse Model W2: 0.0565
2026-03-28 22:32:28 | DEBUG | sivi:base_runner.py:477| eval_elbo | Epoch 7340, ELBO: 0.0078, Std Total: 0.1254, Std Q: nan, CI Half: 0.0110
2026-03-28 22:32:28 | DEBUG | sivi:base_runner.py:507| eval_ksd | Epoch 7340, VI KSD: 0.0002
2026-03-28 22:32:28 | DEBUG | sivi:base_runner.py:337| eval_kl_ite | Epoch 7350, VI KL to baseline: 0.0093
2026-03-28 22:32:28 | DEBUG | sivi:base_reverse_runner.py:261| eval_kl_ite | Epoch 7350, Reverse Model KL ITE: 0.0774
2026-03-28 22:32:28 | DEBUG | sivi:base_runner.py:347| eval_w2 | Epoch 7350, VI W2 to baseline: 0.0437
2026-03-28 22:32:28 | DEBUG | sivi:base_reverse_runner.py:272| eval_w2 | Epoch 7350, Reverse Model W2: 0.0519
2026-03-28 22:32:28 | DEBUG | sivi:base_runner.py:477| eval_elbo | Epoch 7350, ELBO: -0.0035, Std Total: 0.1270, Std Q: nan, CI Half: 0.0111
2026-03-28 22:32:28 | DEBUG | sivi:base_runner.py:507| eval_ksd | Epoch 7350, VI KSD: 0.0002
2026-03-28 22:32:29 | DEBUG | sivi:base_runner.py:337| eval_kl_ite | Epoch 7360, VI KL to baseline: 0.0153
2026-03-28 22:32:29 | DEBUG | sivi:base_reverse_runner.py:261| eval_kl_ite | Epoch 7360, Reverse Model KL ITE: 0.0822
2026-03-28 22:32:29 | DEBUG | sivi:base_runner.py:347| eval_w2 | Epoch 7360, VI W2 to baseline: 0.0315
2026-03-28 22:32:29 | DEBUG | sivi:base_reverse_runner.py:272| eval_w2 | Epoch 7360, Reverse Model W2: 0.0629
2026-03-28 22:32:29 | DEBUG | sivi:base_runner.py:477| eval_elbo | Epoch 7360, ELBO: 0.0028, Std Total: 0.1215, Std Q: nan, CI Half: 0.0107
2026-03-28 22:32:29 | DEBUG | sivi:base_runner.py:507| eval_ksd | Epoch 7360, VI KSD: 0.0006
2026-03-28 22:32:29 | DEBUG | sivi:base_runner.py:337| eval_kl_ite | Epoch 7370, VI KL to baseline: -0.0053
2026-03-28 22:32:29 | DEBUG | sivi:base_reverse_runner.py:261| eval_kl_ite | Epoch 7370, Reverse Model KL ITE: 0.0868
2026-03-28 22:32:29 | DEBUG | sivi:base_runner.py:347| eval_w2 | Epoch 7370, VI W2 to baseline: 0.0332
2026-03-28 22:32:29 | DEBUG | sivi:base_reverse_runner.py:272| eval_w2 | Epoch 7370, Reverse Model W2: 0.0540
2026-03-28 22:32:29 | DEBUG | sivi:base_runner.py:477| eval_elbo | Epoch 7370, ELBO: 0.0053, Std Total: 0.1319, Std Q: nan, CI Half: 0.0116
2026-03-28 22:32:29 | DEBUG | sivi:base_runner.py:507| eval_ksd | Epoch 7370, VI KSD: 0.0010
2026-03-28 22:32:30 | DEBUG | sivi:base_runner.py:337| eval_kl_ite | Epoch 7380, VI KL to baseline: 0.0210
2026-03-28 22:32:30 | DEBUG | sivi:base_reverse_runner.py:261| eval_kl_ite | Epoch 7380, Reverse Model KL ITE: 0.0776
2026-03-28 22:32:30 | DEBUG | sivi:base_runner.py:347| eval_w2 | Epoch 7380, VI W2 to baseline: 0.0282
2026-03-28 22:32:30 | DEBUG | sivi:base_reverse_runner.py:272| eval_w2 | Epoch 7380, Reverse Model W2: 0.0565
2026-03-28 22:32:30 | DEBUG | sivi:base_runner.py:477| eval_elbo | Epoch 7380, ELBO: -0.0139, Std Total: 0.1130, Std Q: nan, CI Half: 0.0099
2026-03-28 22:32:30 | DEBUG | sivi:base_runner.py:507| eval_ksd | Epoch 7380, VI KSD: 0.0016
2026-03-28 22:32:30 | DEBUG | sivi:base_runner.py:337| eval_kl_ite | Epoch 7390, VI KL to baseline: 0.0107
2026-03-28 22:32:30 | DEBUG | sivi:base_reverse_runner.py:261| eval_kl_ite | Epoch 7390, Reverse Model KL ITE: 0.1133
2026-03-28 22:32:30 | DEBUG | sivi:base_runner.py:347| eval_w2 | Epoch 7390, VI W2 to baseline: 0.0327
2026-03-28 22:32:30 | DEBUG | sivi:base_reverse_runner.py:272| eval_w2 | Epoch 7390, Reverse Model W2: 0.0534
2026-03-28 22:32:30 | DEBUG | sivi:base_runner.py:477| eval_elbo | Epoch 7390, ELBO: 0.0074, Std Total: 0.1063, Std Q: nan, CI Half: 0.0093
2026-03-28 22:32:30 | DEBUG | sivi:base_runner.py:507| eval_ksd | Epoch 7390, VI KSD: -0.0005
2026-03-28 22:32:31 | DEBUG | sivi:base_runner.py:874| learn | Epoch 7400: Avg Loss: 0.0066, Avg Epoch Time: 0.0519s
2026-03-28 22:32:31 | DEBUG | sivi:base_runner.py:337| eval_kl_ite | Epoch 7400, VI KL to baseline: -0.0054
2026-03-28 22:32:31 | DEBUG | sivi:base_reverse_runner.py:261| eval_kl_ite | Epoch 7400, Reverse Model KL ITE: 0.0843
2026-03-28 22:32:31 | DEBUG | sivi:base_runner.py:347| eval_w2 | Epoch 7400, VI W2 to baseline: 0.0311
2026-03-28 22:32:31 | DEBUG | sivi:base_reverse_runner.py:272| eval_w2 | Epoch 7400, Reverse Model W2: 0.0547
2026-03-28 22:32:31 | DEBUG | sivi:base_runner.py:477| eval_elbo | Epoch 7400, ELBO: 0.0056, Std Total: 0.1360, Std Q: nan, CI Half: 0.0119
2026-03-28 22:32:31 | DEBUG | sivi:base_runner.py:507| eval_ksd | Epoch 7400, VI KSD: -0.0006
2026-03-28 22:32:31 | DEBUG | sivi:base_runner.py:337| eval_kl_ite | Epoch 7410, VI KL to baseline: 0.0104
2026-03-28 22:32:31 | DEBUG | sivi:base_reverse_runner.py:261| eval_kl_ite | Epoch 7410, Reverse Model KL ITE: 0.0813
2026-03-28 22:32:31 | DEBUG | sivi:base_runner.py:347| eval_w2 | Epoch 7410, VI W2 to baseline: 0.0257
2026-03-28 22:32:31 | DEBUG | sivi:base_reverse_runner.py:272| eval_w2 | Epoch 7410, Reverse Model W2: 0.0583
2026-03-28 22:32:31 | DEBUG | sivi:base_runner.py:477| eval_elbo | Epoch 7410, ELBO: 0.0049, Std Total: 0.1281, Std Q: nan, CI Half: 0.0112
2026-03-28 22:32:31 | DEBUG | sivi:base_runner.py:507| eval_ksd | Epoch 7410, VI KSD: 0.0006
2026-03-28 22:32:32 | DEBUG | sivi:base_runner.py:337| eval_kl_ite | Epoch 7420, VI KL to baseline: 0.0092
2026-03-28 22:32:32 | DEBUG | sivi:base_reverse_runner.py:261| eval_kl_ite | Epoch 7420, Reverse Model KL ITE: 0.0979
2026-03-28 22:32:32 | DEBUG | sivi:base_runner.py:347| eval_w2 | Epoch 7420, VI W2 to baseline: 0.0388
2026-03-28 22:32:32 | DEBUG | sivi:base_reverse_runner.py:272| eval_w2 | Epoch 7420, Reverse Model W2: 0.0529
2026-03-28 22:32:32 | DEBUG | sivi:base_runner.py:477| eval_elbo | Epoch 7420, ELBO: 0.0045, Std Total: 0.1281, Std Q: nan, CI Half: 0.0112
2026-03-28 22:32:32 | DEBUG | sivi:base_runner.py:507| eval_ksd | Epoch 7420, VI KSD: -0.0008
2026-03-28 22:32:32 | DEBUG | sivi:base_runner.py:337| eval_kl_ite | Epoch 7430, VI KL to baseline: 0.0157
2026-03-28 22:32:32 | DEBUG | sivi:base_reverse_runner.py:261| eval_kl_ite | Epoch 7430, Reverse Model KL ITE: 0.0793
2026-03-28 22:32:33 | DEBUG | sivi:base_runner.py:347| eval_w2 | Epoch 7430, VI W2 to baseline: 0.0260
2026-03-28 22:32:33 | DEBUG | sivi:base_reverse_runner.py:272| eval_w2 | Epoch 7430, Reverse Model W2: 0.0656
2026-03-28 22:32:33 | DEBUG | sivi:base_runner.py:477| eval_elbo | Epoch 7430, ELBO: -0.0069, Std Total: 0.1018, Std Q: nan, CI Half: 0.0089
2026-03-28 22:32:33 | DEBUG | sivi:base_runner.py:507| eval_ksd | Epoch 7430, VI KSD: -0.0002
2026-03-28 22:32:33 | DEBUG | sivi:base_runner.py:337| eval_kl_ite | Epoch 7440, VI KL to baseline: -0.0012
2026-03-28 22:32:33 | DEBUG | sivi:base_reverse_runner.py:261| eval_kl_ite | Epoch 7440, Reverse Model KL ITE: 0.0907
2026-03-28 22:32:33 | DEBUG | sivi:base_runner.py:347| eval_w2 | Epoch 7440, VI W2 to baseline: 0.0346
2026-03-28 22:32:33 | DEBUG | sivi:base_reverse_runner.py:272| eval_w2 | Epoch 7440, Reverse Model W2: 0.0491
2026-03-28 22:32:33 | DEBUG | sivi:base_runner.py:477| eval_elbo | Epoch 7440, ELBO: 0.0130, Std Total: 0.1292, Std Q: nan, CI Half: 0.0113
2026-03-28 22:32:33 | DEBUG | sivi:base_runner.py:507| eval_ksd | Epoch 7440, VI KSD: -0.0007
2026-03-28 22:32:33 | DEBUG | sivi:base_runner.py:337| eval_kl_ite | Epoch 7450, VI KL to baseline: 0.0073
2026-03-28 22:32:34 | DEBUG | sivi:base_reverse_runner.py:261| eval_kl_ite | Epoch 7450, Reverse Model KL ITE: 0.0980
2026-03-28 22:32:34 | DEBUG | sivi:base_runner.py:347| eval_w2 | Epoch 7450, VI W2 to baseline: 0.0533
2026-03-28 22:32:34 | DEBUG | sivi:base_reverse_runner.py:272| eval_w2 | Epoch 7450, Reverse Model W2: 0.0531
2026-03-28 22:32:34 | DEBUG | sivi:base_runner.py:477| eval_elbo | Epoch 7450, ELBO: -0.0003, Std Total: 0.0785, Std Q: nan, CI Half: 0.0069
2026-03-28 22:32:34 | DEBUG | sivi:base_runner.py:507| eval_ksd | Epoch 7450, VI KSD: -0.0002
2026-03-28 22:32:34 | DEBUG | sivi:base_runner.py:337| eval_kl_ite | Epoch 7460, VI KL to baseline: 0.0121
2026-03-28 22:32:34 | DEBUG | sivi:base_reverse_runner.py:261| eval_kl_ite | Epoch 7460, Reverse Model KL ITE: 0.0851
2026-03-28 22:32:34 | DEBUG | sivi:base_runner.py:347| eval_w2 | Epoch 7460, VI W2 to baseline: 0.0449
2026-03-28 22:32:34 | DEBUG | sivi:base_reverse_runner.py:272| eval_w2 | Epoch 7460, Reverse Model W2: 0.0511
2026-03-28 22:32:34 | DEBUG | sivi:base_runner.py:477| eval_elbo | Epoch 7460, ELBO: 0.0084, Std Total: 0.1115, Std Q: nan, CI Half: 0.0098
2026-03-28 22:32:34 | DEBUG | sivi:base_runner.py:507| eval_ksd | Epoch 7460, VI KSD: 0.0011
2026-03-28 22:32:35 | DEBUG | sivi:base_runner.py:337| eval_kl_ite | Epoch 7470, VI KL to baseline: 0.0146
2026-03-28 22:32:35 | DEBUG | sivi:base_reverse_runner.py:261| eval_kl_ite | Epoch 7470, Reverse Model KL ITE: 0.0887
2026-03-28 22:32:35 | DEBUG | sivi:base_runner.py:347| eval_w2 | Epoch 7470, VI W2 to baseline: 0.0455
2026-03-28 22:32:35 | DEBUG | sivi:base_reverse_runner.py:272| eval_w2 | Epoch 7470, Reverse Model W2: 0.0485
2026-03-28 22:32:35 | DEBUG | sivi:base_runner.py:477| eval_elbo | Epoch 7470, ELBO: 0.0065, Std Total: 0.1088, Std Q: nan, CI Half: 0.0095
2026-03-28 22:32:35 | DEBUG | sivi:base_runner.py:507| eval_ksd | Epoch 7470, VI KSD: -0.0002
2026-03-28 22:32:35 | DEBUG | sivi:base_runner.py:337| eval_kl_ite | Epoch 7480, VI KL to baseline: 0.0047
2026-03-28 22:32:35 | DEBUG | sivi:base_reverse_runner.py:261| eval_kl_ite | Epoch 7480, Reverse Model KL ITE: 0.0673
2026-03-28 22:32:35 | DEBUG | sivi:base_runner.py:347| eval_w2 | Epoch 7480, VI W2 to baseline: 0.0360
2026-03-28 22:32:35 | DEBUG | sivi:base_reverse_runner.py:272| eval_w2 | Epoch 7480, Reverse Model W2: 0.0578
2026-03-28 22:32:35 | DEBUG | sivi:base_runner.py:477| eval_elbo | Epoch 7480, ELBO: -0.0033, Std Total: 0.1267, Std Q: nan, CI Half: 0.0111
2026-03-28 22:32:35 | DEBUG | sivi:base_runner.py:507| eval_ksd | Epoch 7480, VI KSD: 0.0002
2026-03-28 22:32:36 | DEBUG | sivi:base_runner.py:337| eval_kl_ite | Epoch 7490, VI KL to baseline: 0.0080
2026-03-28 22:32:36 | DEBUG | sivi:base_reverse_runner.py:261| eval_kl_ite | Epoch 7490, Reverse Model KL ITE: 0.0672
2026-03-28 22:32:36 | DEBUG | sivi:base_runner.py:347| eval_w2 | Epoch 7490, VI W2 to baseline: 0.0330
2026-03-28 22:32:36 | DEBUG | sivi:base_reverse_runner.py:272| eval_w2 | Epoch 7490, Reverse Model W2: 0.0603
2026-03-28 22:32:36 | DEBUG | sivi:base_runner.py:477| eval_elbo | Epoch 7490, ELBO: 0.0116, Std Total: 0.1243, Std Q: nan, CI Half: 0.0109
2026-03-28 22:32:36 | DEBUG | sivi:base_runner.py:507| eval_ksd | Epoch 7490, VI KSD: 0.0000
2026-03-28 22:32:36 | DEBUG | sivi:base_runner.py:874| learn | Epoch 7500: Avg Loss: 0.0147, Avg Epoch Time: 0.0568s
2026-03-28 22:32:36 | DEBUG | sivi:base_reverse_runner.py:183| _training_rev_log_func | Epoch 7500, Inner epoch 1, Reverse Model Loss: 3747234143277.9209, Avg Steps: 1.0000
2026-03-28 22:32:36 | DEBUG | sivi:base_runner.py:588| save_samples | Saved 100000 samples at epoch 7500.
2026-03-28 22:32:36 | DEBUG | sivi:base_runner.py:337| eval_kl_ite | Epoch 7500, VI KL to baseline: 0.0089
2026-03-28 22:32:37 | DEBUG | sivi:base_reverse_runner.py:261| eval_kl_ite | Epoch 7500, Reverse Model KL ITE: 0.0709
2026-03-28 22:32:37 | DEBUG | sivi:base_runner.py:347| eval_w2 | Epoch 7500, VI W2 to baseline: 0.0474
2026-03-28 22:32:37 | DEBUG | sivi:base_reverse_runner.py:272| eval_w2 | Epoch 7500, Reverse Model W2: 0.0500
2026-03-28 22:32:37 | DEBUG | sivi:base_runner.py:477| eval_elbo | Epoch 7500, ELBO: -0.0026, Std Total: 0.1242, Std Q: nan, CI Half: 0.0109
2026-03-28 22:32:37 | DEBUG | sivi:base_runner.py:507| eval_ksd | Epoch 7500, VI KSD: 0.0000
2026-03-28 22:32:37 | DEBUG | sivi:base_runner.py:970| learn | Saved contour plot at epoch 7500.
2026-03-28 22:32:37 | DEBUG | sivi:base_runner.py:337| eval_kl_ite | Epoch 7510, VI KL to baseline: -0.0123
2026-03-28 22:32:37 | DEBUG | sivi:base_reverse_runner.py:261| eval_kl_ite | Epoch 7510, Reverse Model KL ITE: 0.1031
2026-03-28 22:32:37 | DEBUG | sivi:base_runner.py:347| eval_w2 | Epoch 7510, VI W2 to baseline: 0.0564
2026-03-28 22:32:37 | DEBUG | sivi:base_reverse_runner.py:272| eval_w2 | Epoch 7510, Reverse Model W2: 0.0500
2026-03-28 22:32:37 | DEBUG | sivi:base_runner.py:477| eval_elbo | Epoch 7510, ELBO: 0.0100, Std Total: 0.1194, Std Q: nan, CI Half: 0.0105
2026-03-28 22:32:37 | DEBUG | sivi:base_runner.py:507| eval_ksd | Epoch 7510, VI KSD: -0.0001
2026-03-28 22:32:38 | DEBUG | sivi:base_runner.py:337| eval_kl_ite | Epoch 7520, VI KL to baseline: -0.0131
2026-03-28 22:32:38 | DEBUG | sivi:base_reverse_runner.py:261| eval_kl_ite | Epoch 7520, Reverse Model KL ITE: 0.0978
2026-03-28 22:32:38 | DEBUG | sivi:base_runner.py:347| eval_w2 | Epoch 7520, VI W2 to baseline: 0.0528
2026-03-28 22:32:38 | DEBUG | sivi:base_reverse_runner.py:272| eval_w2 | Epoch 7520, Reverse Model W2: 0.0525
2026-03-28 22:32:38 | DEBUG | sivi:base_runner.py:477| eval_elbo | Epoch 7520, ELBO: -0.0052, Std Total: 0.1216, Std Q: nan, CI Half: 0.0107
2026-03-28 22:32:38 | DEBUG | sivi:base_runner.py:507| eval_ksd | Epoch 7520, VI KSD: 0.0004
2026-03-28 22:32:38 | DEBUG | sivi:base_runner.py:337| eval_kl_ite | Epoch 7530, VI KL to baseline: 0.0019
2026-03-28 22:32:38 | DEBUG | sivi:base_reverse_runner.py:261| eval_kl_ite | Epoch 7530, Reverse Model KL ITE: 0.0907
2026-03-28 22:32:38 | DEBUG | sivi:base_runner.py:347| eval_w2 | Epoch 7530, VI W2 to baseline: 0.0469
2026-03-28 22:32:38 | DEBUG | sivi:base_reverse_runner.py:272| eval_w2 | Epoch 7530, Reverse Model W2: 0.0552
2026-03-28 22:32:38 | DEBUG | sivi:base_runner.py:477| eval_elbo | Epoch 7530, ELBO: 0.0034, Std Total: 0.0938, Std Q: nan, CI Half: 0.0082
2026-03-28 22:32:38 | DEBUG | sivi:base_runner.py:507| eval_ksd | Epoch 7530, VI KSD: -0.0002
2026-03-28 22:32:39 | DEBUG | sivi:base_runner.py:337| eval_kl_ite | Epoch 7540, VI KL to baseline: 0.0011
2026-03-28 22:32:39 | DEBUG | sivi:base_reverse_runner.py:261| eval_kl_ite | Epoch 7540, Reverse Model KL ITE: 0.0761
2026-03-28 22:32:39 | DEBUG | sivi:base_runner.py:347| eval_w2 | Epoch 7540, VI W2 to baseline: 0.0464
2026-03-28 22:32:39 | DEBUG | sivi:base_reverse_runner.py:272| eval_w2 | Epoch 7540, Reverse Model W2: 0.0501
2026-03-28 22:32:39 | DEBUG | sivi:base_runner.py:477| eval_elbo | Epoch 7540, ELBO: 0.0091, Std Total: 0.1195, Std Q: nan, CI Half: 0.0105
2026-03-28 22:32:39 | DEBUG | sivi:base_runner.py:507| eval_ksd | Epoch 7540, VI KSD: -0.0001
2026-03-28 22:32:39 | DEBUG | sivi:base_runner.py:337| eval_kl_ite | Epoch 7550, VI KL to baseline: 0.0045
2026-03-28 22:32:39 | DEBUG | sivi:base_reverse_runner.py:261| eval_kl_ite | Epoch 7550, Reverse Model KL ITE: 0.0913
2026-03-28 22:32:39 | DEBUG | sivi:base_runner.py:347| eval_w2 | Epoch 7550, VI W2 to baseline: 0.0534
2026-03-28 22:32:39 | DEBUG | sivi:base_reverse_runner.py:272| eval_w2 | Epoch 7550, Reverse Model W2: 0.0590
2026-03-28 22:32:39 | DEBUG | sivi:base_runner.py:477| eval_elbo | Epoch 7550, ELBO: 0.0021, Std Total: 0.0990, Std Q: nan, CI Half: 0.0087
2026-03-28 22:32:39 | DEBUG | sivi:base_runner.py:507| eval_ksd | Epoch 7550, VI KSD: 0.0003
2026-03-28 22:32:40 | DEBUG | sivi:base_runner.py:337| eval_kl_ite | Epoch 7560, VI KL to baseline: 0.0059
2026-03-28 22:32:40 | DEBUG | sivi:base_reverse_runner.py:261| eval_kl_ite | Epoch 7560, Reverse Model KL ITE: 0.0780
2026-03-28 22:32:40 | DEBUG | sivi:base_runner.py:347| eval_w2 | Epoch 7560, VI W2 to baseline: 0.0363
2026-03-28 22:32:40 | DEBUG | sivi:base_reverse_runner.py:272| eval_w2 | Epoch 7560, Reverse Model W2: 0.0450
2026-03-28 22:32:40 | DEBUG | sivi:base_runner.py:477| eval_elbo | Epoch 7560, ELBO: 0.0003, Std Total: 0.1114, Std Q: nan, CI Half: 0.0098
2026-03-28 22:32:40 | DEBUG | sivi:base_runner.py:507| eval_ksd | Epoch 7560, VI KSD: 0.0016
2026-03-28 22:32:40 | DEBUG | sivi:base_runner.py:337| eval_kl_ite | Epoch 7570, VI KL to baseline: 0.0059
2026-03-28 22:32:41 | DEBUG | sivi:base_reverse_runner.py:261| eval_kl_ite | Epoch 7570, Reverse Model KL ITE: 0.0845
2026-03-28 22:32:41 | DEBUG | sivi:base_runner.py:347| eval_w2 | Epoch 7570, VI W2 to baseline: 0.0299
2026-03-28 22:32:41 | DEBUG | sivi:base_reverse_runner.py:272| eval_w2 | Epoch 7570, Reverse Model W2: 0.0503
2026-03-28 22:32:41 | DEBUG | sivi:base_runner.py:477| eval_elbo | Epoch 7570, ELBO: 0.0078, Std Total: 0.1526, Std Q: nan, CI Half: 0.0134
2026-03-28 22:32:41 | DEBUG | sivi:base_runner.py:507| eval_ksd | Epoch 7570, VI KSD: 0.0002
2026-03-28 22:32:41 | DEBUG | sivi:base_runner.py:337| eval_kl_ite | Epoch 7580, VI KL to baseline: -0.0163
2026-03-28 22:32:41 | DEBUG | sivi:base_reverse_runner.py:261| eval_kl_ite | Epoch 7580, Reverse Model KL ITE: 0.0826
2026-03-28 22:32:41 | DEBUG | sivi:base_runner.py:347| eval_w2 | Epoch 7580, VI W2 to baseline: 0.0273
2026-03-28 22:32:41 | DEBUG | sivi:base_reverse_runner.py:272| eval_w2 | Epoch 7580, Reverse Model W2: 0.0457
2026-03-28 22:32:41 | DEBUG | sivi:base_runner.py:477| eval_elbo | Epoch 7580, ELBO: -0.0058, Std Total: 0.1034, Std Q: nan, CI Half: 0.0091
2026-03-28 22:32:41 | DEBUG | sivi:base_runner.py:507| eval_ksd | Epoch 7580, VI KSD: -0.0000
2026-03-28 22:32:42 | DEBUG | sivi:base_runner.py:337| eval_kl_ite | Epoch 7590, VI KL to baseline: 0.0019
2026-03-28 22:32:42 | DEBUG | sivi:base_reverse_runner.py:261| eval_kl_ite | Epoch 7590, Reverse Model KL ITE: 0.0971
2026-03-28 22:32:42 | DEBUG | sivi:base_runner.py:347| eval_w2 | Epoch 7590, VI W2 to baseline: 0.0499
2026-03-28 22:32:42 | DEBUG | sivi:base_reverse_runner.py:272| eval_w2 | Epoch 7590, Reverse Model W2: 0.0469
2026-03-28 22:32:42 | DEBUG | sivi:base_runner.py:477| eval_elbo | Epoch 7590, ELBO: 0.0011, Std Total: 0.1486, Std Q: nan, CI Half: 0.0130
2026-03-28 22:32:42 | DEBUG | sivi:base_runner.py:507| eval_ksd | Epoch 7590, VI KSD: 0.0009
2026-03-28 22:32:42 | DEBUG | sivi:base_runner.py:874| learn | Epoch 7600: Avg Loss: -0.0104, Avg Epoch Time: 0.0584s
2026-03-28 22:32:42 | DEBUG | sivi:base_runner.py:337| eval_kl_ite | Epoch 7600, VI KL to baseline: -0.0124
2026-03-28 22:32:42 | DEBUG | sivi:base_reverse_runner.py:261| eval_kl_ite | Epoch 7600, Reverse Model KL ITE: 0.0824
2026-03-28 22:32:42 | DEBUG | sivi:base_runner.py:347| eval_w2 | Epoch 7600, VI W2 to baseline: 0.0337
2026-03-28 22:32:42 | DEBUG | sivi:base_reverse_runner.py:272| eval_w2 | Epoch 7600, Reverse Model W2: 0.0448
2026-03-28 22:32:42 | DEBUG | sivi:base_runner.py:477| eval_elbo | Epoch 7600, ELBO: 0.0062, Std Total: 0.1117, Std Q: nan, CI Half: 0.0098
2026-03-28 22:32:42 | DEBUG | sivi:base_runner.py:507| eval_ksd | Epoch 7600, VI KSD: -0.0009
2026-03-28 22:32:43 | DEBUG | sivi:base_runner.py:337| eval_kl_ite | Epoch 7610, VI KL to baseline: -0.0021
2026-03-28 22:32:43 | DEBUG | sivi:base_reverse_runner.py:261| eval_kl_ite | Epoch 7610, Reverse Model KL ITE: 0.0856
2026-03-28 22:32:43 | DEBUG | sivi:base_runner.py:347| eval_w2 | Epoch 7610, VI W2 to baseline: 0.0324
2026-03-28 22:32:43 | DEBUG | sivi:base_reverse_runner.py:272| eval_w2 | Epoch 7610, Reverse Model W2: 0.0511
2026-03-28 22:32:43 | DEBUG | sivi:base_runner.py:477| eval_elbo | Epoch 7610, ELBO: 0.0078, Std Total: 0.1228, Std Q: nan, CI Half: 0.0108
2026-03-28 22:32:43 | DEBUG | sivi:base_runner.py:507| eval_ksd | Epoch 7610, VI KSD: 0.0003
2026-03-28 22:32:43 | DEBUG | sivi:base_runner.py:337| eval_kl_ite | Epoch 7620, VI KL to baseline: 0.0006
2026-03-28 22:32:43 | DEBUG | sivi:base_reverse_runner.py:261| eval_kl_ite | Epoch 7620, Reverse Model KL ITE: 0.0836
2026-03-28 22:32:43 | DEBUG | sivi:base_runner.py:347| eval_w2 | Epoch 7620, VI W2 to baseline: 0.0401
2026-03-28 22:32:43 | DEBUG | sivi:base_reverse_runner.py:272| eval_w2 | Epoch 7620, Reverse Model W2: 0.0534
2026-03-28 22:32:43 | DEBUG | sivi:base_runner.py:477| eval_elbo | Epoch 7620, ELBO: -0.0008, Std Total: 0.1339, Std Q: nan, CI Half: 0.0117
2026-03-28 22:32:43 | DEBUG | sivi:base_runner.py:507| eval_ksd | Epoch 7620, VI KSD: 0.0007
2026-03-28 22:32:44 | DEBUG | sivi:base_runner.py:337| eval_kl_ite | Epoch 7630, VI KL to baseline: 0.0192
2026-03-28 22:32:44 | DEBUG | sivi:base_reverse_runner.py:261| eval_kl_ite | Epoch 7630, Reverse Model KL ITE: 0.0825
2026-03-28 22:32:44 | DEBUG | sivi:base_runner.py:347| eval_w2 | Epoch 7630, VI W2 to baseline: 0.0387
2026-03-28 22:32:44 | DEBUG | sivi:base_reverse_runner.py:272| eval_w2 | Epoch 7630, Reverse Model W2: 0.0529
2026-03-28 22:32:44 | DEBUG | sivi:base_runner.py:477| eval_elbo | Epoch 7630, ELBO: 0.0080, Std Total: 0.1128, Std Q: nan, CI Half: 0.0099
2026-03-28 22:32:44 | DEBUG | sivi:base_runner.py:507| eval_ksd | Epoch 7630, VI KSD: 0.0000
2026-03-28 22:32:44 | DEBUG | sivi:base_runner.py:337| eval_kl_ite | Epoch 7640, VI KL to baseline: -0.0119
2026-03-28 22:32:44 | DEBUG | sivi:base_reverse_runner.py:261| eval_kl_ite | Epoch 7640, Reverse Model KL ITE: 0.0764
2026-03-28 22:32:44 | DEBUG | sivi:base_runner.py:347| eval_w2 | Epoch 7640, VI W2 to baseline: 0.0416
2026-03-28 22:32:44 | DEBUG | sivi:base_reverse_runner.py:272| eval_w2 | Epoch 7640, Reverse Model W2: 0.0542
2026-03-28 22:32:44 | DEBUG | sivi:base_runner.py:477| eval_elbo | Epoch 7640, ELBO: 0.0056, Std Total: 0.1240, Std Q: nan, CI Half: 0.0109
2026-03-28 22:32:44 | DEBUG | sivi:base_runner.py:507| eval_ksd | Epoch 7640, VI KSD: 0.0001
2026-03-28 22:32:45 | DEBUG | sivi:base_runner.py:337| eval_kl_ite | Epoch 7650, VI KL to baseline: -0.0091
2026-03-28 22:32:45 | DEBUG | sivi:base_reverse_runner.py:261| eval_kl_ite | Epoch 7650, Reverse Model KL ITE: 0.0816
2026-03-28 22:32:45 | DEBUG | sivi:base_runner.py:347| eval_w2 | Epoch 7650, VI W2 to baseline: 0.0314
2026-03-28 22:32:45 | DEBUG | sivi:base_reverse_runner.py:272| eval_w2 | Epoch 7650, Reverse Model W2: 0.0527
2026-03-28 22:32:45 | DEBUG | sivi:base_runner.py:477| eval_elbo | Epoch 7650, ELBO: 0.0064, Std Total: 0.1058, Std Q: nan, CI Half: 0.0093
2026-03-28 22:32:45 | DEBUG | sivi:base_runner.py:507| eval_ksd | Epoch 7650, VI KSD: 0.0007
2026-03-28 22:32:45 | DEBUG | sivi:base_runner.py:337| eval_kl_ite | Epoch 7660, VI KL to baseline: -0.0069
2026-03-28 22:32:45 | DEBUG | sivi:base_reverse_runner.py:261| eval_kl_ite | Epoch 7660, Reverse Model KL ITE: 0.0847
2026-03-28 22:32:45 | DEBUG | sivi:base_runner.py:347| eval_w2 | Epoch 7660, VI W2 to baseline: 0.0619
2026-03-28 22:32:45 | DEBUG | sivi:base_reverse_runner.py:272| eval_w2 | Epoch 7660, Reverse Model W2: 0.0502
2026-03-28 22:32:45 | DEBUG | sivi:base_runner.py:477| eval_elbo | Epoch 7660, ELBO: 0.0102, Std Total: 0.1747, Std Q: nan, CI Half: 0.0153
2026-03-28 22:32:45 | DEBUG | sivi:base_runner.py:507| eval_ksd | Epoch 7660, VI KSD: 0.0006
2026-03-28 22:32:46 | DEBUG | sivi:base_runner.py:337| eval_kl_ite | Epoch 7670, VI KL to baseline: 0.0082
2026-03-28 22:32:46 | DEBUG | sivi:base_reverse_runner.py:261| eval_kl_ite | Epoch 7670, Reverse Model KL ITE: 0.0653
2026-03-28 22:32:46 | DEBUG | sivi:base_runner.py:347| eval_w2 | Epoch 7670, VI W2 to baseline: 0.0375
2026-03-28 22:32:46 | DEBUG | sivi:base_reverse_runner.py:272| eval_w2 | Epoch 7670, Reverse Model W2: 0.0449
2026-03-28 22:32:46 | DEBUG | sivi:base_runner.py:477| eval_elbo | Epoch 7670, ELBO: 0.0046, Std Total: 0.1122, Std Q: nan, CI Half: 0.0098
2026-03-28 22:32:46 | DEBUG | sivi:base_runner.py:507| eval_ksd | Epoch 7670, VI KSD: 0.0008
2026-03-28 22:32:46 | DEBUG | sivi:base_runner.py:337| eval_kl_ite | Epoch 7680, VI KL to baseline: 0.0128
2026-03-28 22:32:46 | DEBUG | sivi:base_reverse_runner.py:261| eval_kl_ite | Epoch 7680, Reverse Model KL ITE: 0.0776
2026-03-28 22:32:46 | DEBUG | sivi:base_runner.py:347| eval_w2 | Epoch 7680, VI W2 to baseline: 0.0314
2026-03-28 22:32:46 | DEBUG | sivi:base_reverse_runner.py:272| eval_w2 | Epoch 7680, Reverse Model W2: 0.0490
2026-03-28 22:32:46 | DEBUG | sivi:base_runner.py:477| eval_elbo | Epoch 7680, ELBO: 0.0144, Std Total: 0.1063, Std Q: nan, CI Half: 0.0093
2026-03-28 22:32:46 | DEBUG | sivi:base_runner.py:507| eval_ksd | Epoch 7680, VI KSD: -0.0006
2026-03-28 22:32:47 | DEBUG | sivi:base_runner.py:337| eval_kl_ite | Epoch 7690, VI KL to baseline: 0.0096
2026-03-28 22:32:47 | DEBUG | sivi:base_reverse_runner.py:261| eval_kl_ite | Epoch 7690, Reverse Model KL ITE: 0.0709
2026-03-28 22:32:47 | DEBUG | sivi:base_runner.py:347| eval_w2 | Epoch 7690, VI W2 to baseline: 0.0466
2026-03-28 22:32:47 | DEBUG | sivi:base_reverse_runner.py:272| eval_w2 | Epoch 7690, Reverse Model W2: 0.0632
2026-03-28 22:32:47 | DEBUG | sivi:base_runner.py:477| eval_elbo | Epoch 7690, ELBO: 0.0052, Std Total: 0.1108, Std Q: nan, CI Half: 0.0097
2026-03-28 22:32:47 | DEBUG | sivi:base_runner.py:507| eval_ksd | Epoch 7690, VI KSD: 0.0007
2026-03-28 22:32:47 | DEBUG | sivi:base_runner.py:874| learn | Epoch 7700: Avg Loss: -0.0078, Avg Epoch Time: 0.0519s
2026-03-28 22:32:47 | DEBUG | sivi:base_runner.py:337| eval_kl_ite | Epoch 7700, VI KL to baseline: 0.0161
2026-03-28 22:32:48 | DEBUG | sivi:base_reverse_runner.py:261| eval_kl_ite | Epoch 7700, Reverse Model KL ITE: 0.0811
2026-03-28 22:32:48 | DEBUG | sivi:base_runner.py:347| eval_w2 | Epoch 7700, VI W2 to baseline: 0.0508
2026-03-28 22:32:48 | DEBUG | sivi:base_reverse_runner.py:272| eval_w2 | Epoch 7700, Reverse Model W2: 0.0541
2026-03-28 22:32:48 | DEBUG | sivi:base_runner.py:477| eval_elbo | Epoch 7700, ELBO: -0.0131, Std Total: 0.1171, Std Q: nan, CI Half: 0.0103
2026-03-28 22:32:48 | DEBUG | sivi:base_runner.py:507| eval_ksd | Epoch 7700, VI KSD: -0.0004
2026-03-28 22:32:48 | DEBUG | sivi:base_runner.py:337| eval_kl_ite | Epoch 7710, VI KL to baseline: 0.0106
2026-03-28 22:32:48 | DEBUG | sivi:base_reverse_runner.py:261| eval_kl_ite | Epoch 7710, Reverse Model KL ITE: 0.0669
2026-03-28 22:32:48 | DEBUG | sivi:base_runner.py:347| eval_w2 | Epoch 7710, VI W2 to baseline: 0.0385
2026-03-28 22:32:48 | DEBUG | sivi:base_reverse_runner.py:272| eval_w2 | Epoch 7710, Reverse Model W2: 0.0478
2026-03-28 22:32:48 | DEBUG | sivi:base_runner.py:477| eval_elbo | Epoch 7710, ELBO: 0.0108, Std Total: 0.1463, Std Q: nan, CI Half: 0.0128
2026-03-28 22:32:48 | DEBUG | sivi:base_runner.py:507| eval_ksd | Epoch 7710, VI KSD: 0.0006
2026-03-28 22:32:48 | DEBUG | sivi:base_runner.py:337| eval_kl_ite | Epoch 7720, VI KL to baseline: 0.0094
2026-03-28 22:32:49 | DEBUG | sivi:base_reverse_runner.py:261| eval_kl_ite | Epoch 7720, Reverse Model KL ITE: 0.0990
2026-03-28 22:32:49 | DEBUG | sivi:base_runner.py:347| eval_w2 | Epoch 7720, VI W2 to baseline: 0.0402
2026-03-28 22:32:49 | DEBUG | sivi:base_reverse_runner.py:272| eval_w2 | Epoch 7720, Reverse Model W2: 0.0633
2026-03-28 22:32:49 | DEBUG | sivi:base_runner.py:477| eval_elbo | Epoch 7720, ELBO: 0.0056, Std Total: 0.1375, Std Q: nan, CI Half: 0.0120
2026-03-28 22:32:49 | DEBUG | sivi:base_runner.py:507| eval_ksd | Epoch 7720, VI KSD: 0.0007
2026-03-28 22:32:49 | DEBUG | sivi:base_runner.py:337| eval_kl_ite | Epoch 7730, VI KL to baseline: 0.0151
2026-03-28 22:32:49 | DEBUG | sivi:base_reverse_runner.py:261| eval_kl_ite | Epoch 7730, Reverse Model KL ITE: 0.0941
2026-03-28 22:32:49 | DEBUG | sivi:base_runner.py:347| eval_w2 | Epoch 7730, VI W2 to baseline: 0.0520
2026-03-28 22:32:49 | DEBUG | sivi:base_reverse_runner.py:272| eval_w2 | Epoch 7730, Reverse Model W2: 0.0562
2026-03-28 22:32:49 | DEBUG | sivi:base_runner.py:477| eval_elbo | Epoch 7730, ELBO: 0.0148, Std Total: 0.1336, Std Q: nan, CI Half: 0.0117
2026-03-28 22:32:49 | DEBUG | sivi:base_runner.py:507| eval_ksd | Epoch 7730, VI KSD: -0.0007
2026-03-28 22:32:50 | DEBUG | sivi:base_runner.py:337| eval_kl_ite | Epoch 7740, VI KL to baseline: 0.0145
2026-03-28 22:32:50 | DEBUG | sivi:base_reverse_runner.py:261| eval_kl_ite | Epoch 7740, Reverse Model KL ITE: 0.1021
2026-03-28 22:32:50 | DEBUG | sivi:base_runner.py:347| eval_w2 | Epoch 7740, VI W2 to baseline: 0.0356
2026-03-28 22:32:50 | DEBUG | sivi:base_reverse_runner.py:272| eval_w2 | Epoch 7740, Reverse Model W2: 0.0480
2026-03-28 22:32:50 | DEBUG | sivi:base_runner.py:477| eval_elbo | Epoch 7740, ELBO: -0.0013, Std Total: 0.1099, Std Q: nan, CI Half: 0.0096
2026-03-28 22:32:50 | DEBUG | sivi:base_runner.py:507| eval_ksd | Epoch 7740, VI KSD: 0.0001
2026-03-28 22:32:50 | DEBUG | sivi:base_runner.py:337| eval_kl_ite | Epoch 7750, VI KL to baseline: 0.0035
2026-03-28 22:32:50 | DEBUG | sivi:base_reverse_runner.py:261| eval_kl_ite | Epoch 7750, Reverse Model KL ITE: 0.0807
2026-03-28 22:32:50 | DEBUG | sivi:base_runner.py:347| eval_w2 | Epoch 7750, VI W2 to baseline: 0.0374
2026-03-28 22:32:50 | DEBUG | sivi:base_reverse_runner.py:272| eval_w2 | Epoch 7750, Reverse Model W2: 0.0495
2026-03-28 22:32:50 | DEBUG | sivi:base_runner.py:477| eval_elbo | Epoch 7750, ELBO: 0.0020, Std Total: 0.1253, Std Q: nan, CI Half: 0.0110
2026-03-28 22:32:50 | DEBUG | sivi:base_runner.py:507| eval_ksd | Epoch 7750, VI KSD: -0.0007
2026-03-28 22:32:51 | DEBUG | sivi:base_runner.py:337| eval_kl_ite | Epoch 7760, VI KL to baseline: 0.0063
2026-03-28 22:32:51 | DEBUG | sivi:base_reverse_runner.py:261| eval_kl_ite | Epoch 7760, Reverse Model KL ITE: 0.1075
2026-03-28 22:32:51 | DEBUG | sivi:base_runner.py:347| eval_w2 | Epoch 7760, VI W2 to baseline: 0.0409
2026-03-28 22:32:51 | DEBUG | sivi:base_reverse_runner.py:272| eval_w2 | Epoch 7760, Reverse Model W2: 0.0498
2026-03-28 22:32:51 | DEBUG | sivi:base_runner.py:477| eval_elbo | Epoch 7760, ELBO: -0.0030, Std Total: 0.1179, Std Q: nan, CI Half: 0.0103
2026-03-28 22:32:51 | DEBUG | sivi:base_runner.py:507| eval_ksd | Epoch 7760, VI KSD: -0.0007
2026-03-28 22:32:51 | DEBUG | sivi:base_runner.py:337| eval_kl_ite | Epoch 7770, VI KL to baseline: 0.0121
2026-03-28 22:32:51 | DEBUG | sivi:base_reverse_runner.py:261| eval_kl_ite | Epoch 7770, Reverse Model KL ITE: 0.0946
2026-03-28 22:32:51 | DEBUG | sivi:base_runner.py:347| eval_w2 | Epoch 7770, VI W2 to baseline: 0.0261
2026-03-28 22:32:51 | DEBUG | sivi:base_reverse_runner.py:272| eval_w2 | Epoch 7770, Reverse Model W2: 0.0488
2026-03-28 22:32:51 | DEBUG | sivi:base_runner.py:477| eval_elbo | Epoch 7770, ELBO: -0.0027, Std Total: 0.1237, Std Q: nan, CI Half: 0.0108
2026-03-28 22:32:51 | DEBUG | sivi:base_runner.py:507| eval_ksd | Epoch 7770, VI KSD: -0.0006
2026-03-28 22:32:52 | DEBUG | sivi:base_runner.py:337| eval_kl_ite | Epoch 7780, VI KL to baseline: 0.0322
2026-03-28 22:32:52 | DEBUG | sivi:base_reverse_runner.py:261| eval_kl_ite | Epoch 7780, Reverse Model KL ITE: 0.0953
2026-03-28 22:32:52 | DEBUG | sivi:base_runner.py:347| eval_w2 | Epoch 7780, VI W2 to baseline: 0.0365
2026-03-28 22:32:52 | DEBUG | sivi:base_reverse_runner.py:272| eval_w2 | Epoch 7780, Reverse Model W2: 0.0552
2026-03-28 22:32:52 | DEBUG | sivi:base_runner.py:477| eval_elbo | Epoch 7780, ELBO: 0.0010, Std Total: 0.1256, Std Q: nan, CI Half: 0.0110
2026-03-28 22:32:52 | DEBUG | sivi:base_runner.py:507| eval_ksd | Epoch 7780, VI KSD: 0.0007
2026-03-28 22:32:52 | DEBUG | sivi:base_runner.py:337| eval_kl_ite | Epoch 7790, VI KL to baseline: 0.0063
2026-03-28 22:32:52 | DEBUG | sivi:base_reverse_runner.py:261| eval_kl_ite | Epoch 7790, Reverse Model KL ITE: 0.0696
2026-03-28 22:32:52 | DEBUG | sivi:base_runner.py:347| eval_w2 | Epoch 7790, VI W2 to baseline: 0.0326
2026-03-28 22:32:52 | DEBUG | sivi:base_reverse_runner.py:272| eval_w2 | Epoch 7790, Reverse Model W2: 0.0584
2026-03-28 22:32:52 | DEBUG | sivi:base_runner.py:477| eval_elbo | Epoch 7790, ELBO: 0.0080, Std Total: 0.1281, Std Q: nan, CI Half: 0.0112
2026-03-28 22:32:52 | DEBUG | sivi:base_runner.py:507| eval_ksd | Epoch 7790, VI KSD: -0.0004
2026-03-28 22:32:53 | DEBUG | sivi:base_runner.py:874| learn | Epoch 7800: Avg Loss: 0.0070, Avg Epoch Time: 0.0539s
2026-03-28 22:32:53 | DEBUG | sivi:base_runner.py:337| eval_kl_ite | Epoch 7800, VI KL to baseline: 0.0124
2026-03-28 22:32:53 | DEBUG | sivi:base_reverse_runner.py:261| eval_kl_ite | Epoch 7800, Reverse Model KL ITE: 0.0953
2026-03-28 22:32:53 | DEBUG | sivi:base_runner.py:347| eval_w2 | Epoch 7800, VI W2 to baseline: 0.0390
2026-03-28 22:32:53 | DEBUG | sivi:base_reverse_runner.py:272| eval_w2 | Epoch 7800, Reverse Model W2: 0.0521
2026-03-28 22:32:53 | DEBUG | sivi:base_runner.py:477| eval_elbo | Epoch 7800, ELBO: 0.0009, Std Total: 0.1139, Std Q: nan, CI Half: 0.0100
2026-03-28 22:32:53 | DEBUG | sivi:base_runner.py:507| eval_ksd | Epoch 7800, VI KSD: -0.0004
2026-03-28 22:32:53 | DEBUG | sivi:base_runner.py:337| eval_kl_ite | Epoch 7810, VI KL to baseline: 0.0078
2026-03-28 22:32:53 | DEBUG | sivi:base_reverse_runner.py:261| eval_kl_ite | Epoch 7810, Reverse Model KL ITE: 0.0850
2026-03-28 22:32:53 | DEBUG | sivi:base_runner.py:347| eval_w2 | Epoch 7810, VI W2 to baseline: 0.0423
2026-03-28 22:32:53 | DEBUG | sivi:base_reverse_runner.py:272| eval_w2 | Epoch 7810, Reverse Model W2: 0.0467
2026-03-28 22:32:53 | DEBUG | sivi:base_runner.py:477| eval_elbo | Epoch 7810, ELBO: 0.0044, Std Total: 0.1144, Std Q: nan, CI Half: 0.0100
2026-03-28 22:32:53 | DEBUG | sivi:base_runner.py:507| eval_ksd | Epoch 7810, VI KSD: 0.0010
2026-03-28 22:32:54 | DEBUG | sivi:base_runner.py:337| eval_kl_ite | Epoch 7820, VI KL to baseline: -0.0001
2026-03-28 22:32:54 | DEBUG | sivi:base_reverse_runner.py:261| eval_kl_ite | Epoch 7820, Reverse Model KL ITE: 0.0796
2026-03-28 22:32:54 | DEBUG | sivi:base_runner.py:347| eval_w2 | Epoch 7820, VI W2 to baseline: 0.0336
2026-03-28 22:32:54 | DEBUG | sivi:base_reverse_runner.py:272| eval_w2 | Epoch 7820, Reverse Model W2: 0.0471
2026-03-28 22:32:54 | DEBUG | sivi:base_runner.py:477| eval_elbo | Epoch 7820, ELBO: 0.0020, Std Total: 0.1476, Std Q: nan, CI Half: 0.0129
2026-03-28 22:32:54 | DEBUG | sivi:base_runner.py:507| eval_ksd | Epoch 7820, VI KSD: -0.0004
2026-03-28 22:32:54 | DEBUG | sivi:base_runner.py:337| eval_kl_ite | Epoch 7830, VI KL to baseline: -0.0177
2026-03-28 22:32:55 | DEBUG | sivi:base_reverse_runner.py:261| eval_kl_ite | Epoch 7830, Reverse Model KL ITE: 0.0807
2026-03-28 22:32:55 | DEBUG | sivi:base_runner.py:347| eval_w2 | Epoch 7830, VI W2 to baseline: 0.0378
2026-03-28 22:32:55 | DEBUG | sivi:base_reverse_runner.py:272| eval_w2 | Epoch 7830, Reverse Model W2: 0.0474
2026-03-28 22:32:55 | DEBUG | sivi:base_runner.py:477| eval_elbo | Epoch 7830, ELBO: 0.0034, Std Total: 0.0957, Std Q: nan, CI Half: 0.0084
2026-03-28 22:32:55 | DEBUG | sivi:base_runner.py:507| eval_ksd | Epoch 7830, VI KSD: 0.0002
2026-03-28 22:32:55 | DEBUG | sivi:base_runner.py:337| eval_kl_ite | Epoch 7840, VI KL to baseline: -0.0025
2026-03-28 22:32:55 | DEBUG | sivi:base_reverse_runner.py:261| eval_kl_ite | Epoch 7840, Reverse Model KL ITE: 0.0874
2026-03-28 22:32:55 | DEBUG | sivi:base_runner.py:347| eval_w2 | Epoch 7840, VI W2 to baseline: 0.0497
2026-03-28 22:32:55 | DEBUG | sivi:base_reverse_runner.py:272| eval_w2 | Epoch 7840, Reverse Model W2: 0.0490
2026-03-28 22:32:55 | DEBUG | sivi:base_runner.py:477| eval_elbo | Epoch 7840, ELBO: 0.0057, Std Total: 0.1067, Std Q: nan, CI Half: 0.0093
2026-03-28 22:32:55 | DEBUG | sivi:base_runner.py:507| eval_ksd | Epoch 7840, VI KSD: -0.0006
2026-03-28 22:32:55 | DEBUG | sivi:base_runner.py:337| eval_kl_ite | Epoch 7850, VI KL to baseline: 0.0030
2026-03-28 22:32:56 | DEBUG | sivi:base_reverse_runner.py:261| eval_kl_ite | Epoch 7850, Reverse Model KL ITE: 0.0675
2026-03-28 22:32:56 | DEBUG | sivi:base_runner.py:347| eval_w2 | Epoch 7850, VI W2 to baseline: 0.0680
2026-03-28 22:32:56 | DEBUG | sivi:base_reverse_runner.py:272| eval_w2 | Epoch 7850, Reverse Model W2: 0.0523
2026-03-28 22:32:56 | DEBUG | sivi:base_runner.py:477| eval_elbo | Epoch 7850, ELBO: -0.0007, Std Total: 0.1276, Std Q: nan, CI Half: 0.0112
2026-03-28 22:32:56 | DEBUG | sivi:base_runner.py:507| eval_ksd | Epoch 7850, VI KSD: 0.0012
2026-03-28 22:32:56 | DEBUG | sivi:base_runner.py:337| eval_kl_ite | Epoch 7860, VI KL to baseline: 0.0015
2026-03-28 22:32:56 | DEBUG | sivi:base_reverse_runner.py:261| eval_kl_ite | Epoch 7860, Reverse Model KL ITE: 0.0769
2026-03-28 22:32:56 | DEBUG | sivi:base_runner.py:347| eval_w2 | Epoch 7860, VI W2 to baseline: 0.0386
2026-03-28 22:32:56 | DEBUG | sivi:base_reverse_runner.py:272| eval_w2 | Epoch 7860, Reverse Model W2: 0.0522
2026-03-28 22:32:56 | DEBUG | sivi:base_runner.py:477| eval_elbo | Epoch 7860, ELBO: -0.0037, Std Total: 0.1321, Std Q: nan, CI Half: 0.0116
2026-03-28 22:32:56 | DEBUG | sivi:base_runner.py:507| eval_ksd | Epoch 7860, VI KSD: 0.0007
2026-03-28 22:32:57 | DEBUG | sivi:base_runner.py:337| eval_kl_ite | Epoch 7870, VI KL to baseline: -0.0035
2026-03-28 22:32:57 | DEBUG | sivi:base_reverse_runner.py:261| eval_kl_ite | Epoch 7870, Reverse Model KL ITE: 0.0806
2026-03-28 22:32:57 | DEBUG | sivi:base_runner.py:347| eval_w2 | Epoch 7870, VI W2 to baseline: 0.0420
2026-03-28 22:32:57 | DEBUG | sivi:base_reverse_runner.py:272| eval_w2 | Epoch 7870, Reverse Model W2: 0.0446
2026-03-28 22:32:57 | DEBUG | sivi:base_runner.py:477| eval_elbo | Epoch 7870, ELBO: 0.0109, Std Total: 0.1643, Std Q: nan, CI Half: 0.0144
2026-03-28 22:32:57 | DEBUG | sivi:base_runner.py:507| eval_ksd | Epoch 7870, VI KSD: 0.0012
2026-03-28 22:32:57 | DEBUG | sivi:base_runner.py:337| eval_kl_ite | Epoch 7880, VI KL to baseline: 0.0153
2026-03-28 22:32:57 | DEBUG | sivi:base_reverse_runner.py:261| eval_kl_ite | Epoch 7880, Reverse Model KL ITE: 0.0945
2026-03-28 22:32:57 | DEBUG | sivi:base_runner.py:347| eval_w2 | Epoch 7880, VI W2 to baseline: 0.0364
2026-03-28 22:32:57 | DEBUG | sivi:base_reverse_runner.py:272| eval_w2 | Epoch 7880, Reverse Model W2: 0.0480
2026-03-28 22:32:57 | DEBUG | sivi:base_runner.py:477| eval_elbo | Epoch 7880, ELBO: 0.0085, Std Total: 0.1027, Std Q: nan, CI Half: 0.0090
2026-03-28 22:32:57 | DEBUG | sivi:base_runner.py:507| eval_ksd | Epoch 7880, VI KSD: 0.0000
2026-03-28 22:32:58 | DEBUG | sivi:base_runner.py:337| eval_kl_ite | Epoch 7890, VI KL to baseline: 0.0126
2026-03-28 22:32:58 | DEBUG | sivi:base_reverse_runner.py:261| eval_kl_ite | Epoch 7890, Reverse Model KL ITE: 0.0808
2026-03-28 22:32:58 | DEBUG | sivi:base_runner.py:347| eval_w2 | Epoch 7890, VI W2 to baseline: 0.0358
2026-03-28 22:32:58 | DEBUG | sivi:base_reverse_runner.py:272| eval_w2 | Epoch 7890, Reverse Model W2: 0.0458
2026-03-28 22:32:58 | DEBUG | sivi:base_runner.py:477| eval_elbo | Epoch 7890, ELBO: 0.0103, Std Total: 0.1107, Std Q: nan, CI Half: 0.0097
2026-03-28 22:32:58 | DEBUG | sivi:base_runner.py:507| eval_ksd | Epoch 7890, VI KSD: -0.0005
2026-03-28 22:32:58 | DEBUG | sivi:base_runner.py:874| learn | Epoch 7900: Avg Loss: -0.0064, Avg Epoch Time: 0.0548s
2026-03-28 22:32:58 | DEBUG | sivi:base_runner.py:337| eval_kl_ite | Epoch 7900, VI KL to baseline: -0.0162
2026-03-28 22:32:58 | DEBUG | sivi:base_reverse_runner.py:261| eval_kl_ite | Epoch 7900, Reverse Model KL ITE: 0.0723
2026-03-28 22:32:58 | DEBUG | sivi:base_runner.py:347| eval_w2 | Epoch 7900, VI W2 to baseline: 0.0379
2026-03-28 22:32:58 | DEBUG | sivi:base_reverse_runner.py:272| eval_w2 | Epoch 7900, Reverse Model W2: 0.0493
2026-03-28 22:32:58 | DEBUG | sivi:base_runner.py:477| eval_elbo | Epoch 7900, ELBO: 0.0105, Std Total: 0.1115, Std Q: nan, CI Half: 0.0098
2026-03-28 22:32:58 | DEBUG | sivi:base_runner.py:507| eval_ksd | Epoch 7900, VI KSD: 0.0002
2026-03-28 22:32:59 | DEBUG | sivi:base_runner.py:337| eval_kl_ite | Epoch 7910, VI KL to baseline: -0.0024
2026-03-28 22:32:59 | DEBUG | sivi:base_reverse_runner.py:261| eval_kl_ite | Epoch 7910, Reverse Model KL ITE: 0.0731
2026-03-28 22:32:59 | DEBUG | sivi:base_runner.py:347| eval_w2 | Epoch 7910, VI W2 to baseline: 0.0347
2026-03-28 22:32:59 | DEBUG | sivi:base_reverse_runner.py:272| eval_w2 | Epoch 7910, Reverse Model W2: 0.0488
2026-03-28 22:32:59 | DEBUG | sivi:base_runner.py:477| eval_elbo | Epoch 7910, ELBO: 0.0056, Std Total: 0.1059, Std Q: nan, CI Half: 0.0093
2026-03-28 22:32:59 | DEBUG | sivi:base_runner.py:507| eval_ksd | Epoch 7910, VI KSD: 0.0009
2026-03-28 22:32:59 | DEBUG | sivi:base_runner.py:337| eval_kl_ite | Epoch 7920, VI KL to baseline: 0.0199
2026-03-28 22:33:00 | DEBUG | sivi:base_reverse_runner.py:261| eval_kl_ite | Epoch 7920, Reverse Model KL ITE: 0.0602
2026-03-28 22:33:00 | DEBUG | sivi:base_runner.py:347| eval_w2 | Epoch 7920, VI W2 to baseline: 0.0368
2026-03-28 22:33:00 | DEBUG | sivi:base_reverse_runner.py:272| eval_w2 | Epoch 7920, Reverse Model W2: 0.0471
2026-03-28 22:33:00 | DEBUG | sivi:base_runner.py:477| eval_elbo | Epoch 7920, ELBO: 0.0030, Std Total: 0.1101, Std Q: nan, CI Half: 0.0096
2026-03-28 22:33:00 | DEBUG | sivi:base_runner.py:507| eval_ksd | Epoch 7920, VI KSD: 0.0014
2026-03-28 22:33:00 | DEBUG | sivi:base_runner.py:337| eval_kl_ite | Epoch 7930, VI KL to baseline: 0.0055
2026-03-28 22:33:00 | DEBUG | sivi:base_reverse_runner.py:261| eval_kl_ite | Epoch 7930, Reverse Model KL ITE: 0.0724
2026-03-28 22:33:00 | DEBUG | sivi:base_runner.py:347| eval_w2 | Epoch 7930, VI W2 to baseline: 0.0386
2026-03-28 22:33:00 | DEBUG | sivi:base_reverse_runner.py:272| eval_w2 | Epoch 7930, Reverse Model W2: 0.0506
2026-03-28 22:33:00 | DEBUG | sivi:base_runner.py:477| eval_elbo | Epoch 7930, ELBO: 0.0119, Std Total: 0.1050, Std Q: nan, CI Half: 0.0092
2026-03-28 22:33:00 | DEBUG | sivi:base_runner.py:507| eval_ksd | Epoch 7930, VI KSD: 0.0010
2026-03-28 22:33:00 | DEBUG | sivi:base_runner.py:337| eval_kl_ite | Epoch 7940, VI KL to baseline: 0.0108
2026-03-28 22:33:01 | DEBUG | sivi:base_reverse_runner.py:261| eval_kl_ite | Epoch 7940, Reverse Model KL ITE: 0.0708
2026-03-28 22:33:01 | DEBUG | sivi:base_runner.py:347| eval_w2 | Epoch 7940, VI W2 to baseline: 0.0444
2026-03-28 22:33:01 | DEBUG | sivi:base_reverse_runner.py:272| eval_w2 | Epoch 7940, Reverse Model W2: 0.0503
2026-03-28 22:33:01 | DEBUG | sivi:base_runner.py:477| eval_elbo | Epoch 7940, ELBO: -0.0044, Std Total: 0.1154, Std Q: nan, CI Half: 0.0101
2026-03-28 22:33:01 | DEBUG | sivi:base_runner.py:507| eval_ksd | Epoch 7940, VI KSD: 0.0003
2026-03-28 22:33:01 | DEBUG | sivi:base_runner.py:337| eval_kl_ite | Epoch 7950, VI KL to baseline: 0.0088
2026-03-28 22:33:01 | DEBUG | sivi:base_reverse_runner.py:261| eval_kl_ite | Epoch 7950, Reverse Model KL ITE: 0.0901
2026-03-28 22:33:01 | DEBUG | sivi:base_runner.py:347| eval_w2 | Epoch 7950, VI W2 to baseline: 0.0351
2026-03-28 22:33:01 | DEBUG | sivi:base_reverse_runner.py:272| eval_w2 | Epoch 7950, Reverse Model W2: 0.0498
2026-03-28 22:33:01 | DEBUG | sivi:base_runner.py:477| eval_elbo | Epoch 7950, ELBO: 0.0035, Std Total: 0.1158, Std Q: nan, CI Half: 0.0102
2026-03-28 22:33:01 | DEBUG | sivi:base_runner.py:507| eval_ksd | Epoch 7950, VI KSD: -0.0004
2026-03-28 22:33:02 | DEBUG | sivi:base_runner.py:337| eval_kl_ite | Epoch 7960, VI KL to baseline: 0.0223
2026-03-28 22:33:02 | DEBUG | sivi:base_reverse_runner.py:261| eval_kl_ite | Epoch 7960, Reverse Model KL ITE: 0.0874
2026-03-28 22:33:02 | DEBUG | sivi:base_runner.py:347| eval_w2 | Epoch 7960, VI W2 to baseline: 0.0437
2026-03-28 22:33:02 | DEBUG | sivi:base_reverse_runner.py:272| eval_w2 | Epoch 7960, Reverse Model W2: 0.0462
2026-03-28 22:33:02 | DEBUG | sivi:base_runner.py:477| eval_elbo | Epoch 7960, ELBO: 0.0085, Std Total: 0.1291, Std Q: nan, CI Half: 0.0113
2026-03-28 22:33:02 | DEBUG | sivi:base_runner.py:507| eval_ksd | Epoch 7960, VI KSD: 0.0007
2026-03-28 22:33:02 | DEBUG | sivi:base_runner.py:337| eval_kl_ite | Epoch 7970, VI KL to baseline: -0.0251
2026-03-28 22:33:02 | DEBUG | sivi:base_reverse_runner.py:261| eval_kl_ite | Epoch 7970, Reverse Model KL ITE: 0.0574
2026-03-28 22:33:02 | DEBUG | sivi:base_runner.py:347| eval_w2 | Epoch 7970, VI W2 to baseline: 0.0356
2026-03-28 22:33:02 | DEBUG | sivi:base_reverse_runner.py:272| eval_w2 | Epoch 7970, Reverse Model W2: 0.0506
2026-03-28 22:33:02 | DEBUG | sivi:base_runner.py:477| eval_elbo | Epoch 7970, ELBO: 0.0105, Std Total: 0.1185, Std Q: nan, CI Half: 0.0104
2026-03-28 22:33:03 | DEBUG | sivi:base_runner.py:507| eval_ksd | Epoch 7970, VI KSD: -0.0006
2026-03-28 22:33:03 | DEBUG | sivi:base_runner.py:337| eval_kl_ite | Epoch 7980, VI KL to baseline: -0.0045
2026-03-28 22:33:03 | DEBUG | sivi:base_reverse_runner.py:261| eval_kl_ite | Epoch 7980, Reverse Model KL ITE: 0.0757
2026-03-28 22:33:03 | DEBUG | sivi:base_runner.py:347| eval_w2 | Epoch 7980, VI W2 to baseline: 0.0477
2026-03-28 22:33:03 | DEBUG | sivi:base_reverse_runner.py:272| eval_w2 | Epoch 7980, Reverse Model W2: 0.0594
2026-03-28 22:33:03 | DEBUG | sivi:base_runner.py:477| eval_elbo | Epoch 7980, ELBO: -0.0028, Std Total: 0.1141, Std Q: nan, CI Half: 0.0100
2026-03-28 22:33:03 | DEBUG | sivi:base_runner.py:507| eval_ksd | Epoch 7980, VI KSD: -0.0004
2026-03-28 22:33:04 | DEBUG | sivi:base_runner.py:337| eval_kl_ite | Epoch 7990, VI KL to baseline: 0.0161
2026-03-28 22:33:04 | DEBUG | sivi:base_reverse_runner.py:261| eval_kl_ite | Epoch 7990, Reverse Model KL ITE: 0.0962
2026-03-28 22:33:04 | DEBUG | sivi:base_runner.py:347| eval_w2 | Epoch 7990, VI W2 to baseline: 0.0546
2026-03-28 22:33:04 | DEBUG | sivi:base_reverse_runner.py:272| eval_w2 | Epoch 7990, Reverse Model W2: 0.0580
2026-03-28 22:33:04 | DEBUG | sivi:base_runner.py:477| eval_elbo | Epoch 7990, ELBO: 0.0052, Std Total: 0.1222, Std Q: nan, CI Half: 0.0107
2026-03-28 22:33:04 | DEBUG | sivi:base_runner.py:507| eval_ksd | Epoch 7990, VI KSD: -0.0003
2026-03-28 22:33:04 | DEBUG | sivi:base_runner.py:874| learn | Epoch 8000: Avg Loss: -0.0073, Avg Epoch Time: 0.0598s
2026-03-28 22:33:04 | DEBUG | sivi:base_reverse_runner.py:183| _training_rev_log_func | Epoch 8000, Inner epoch 1, Reverse Model Loss: 4.9384, Avg Steps: 1.0000
2026-03-28 22:33:04 | DEBUG | sivi:base_runner.py:588| save_samples | Saved 100000 samples at epoch 8000.
2026-03-28 22:33:04 | DEBUG | sivi:base_runner.py:607| save_checkpoint | Saved VIModel checkpoints at epoch 8000 to results/AISIVI/multimodal/20260328_222515/checkpoints/epoch_8000.
2026-03-28 22:33:04 | DEBUG | sivi:base_reverse_runner.py:476| save_checkpoint | Saved reverse checkpoints at epoch 8000 to results/AISIVI/multimodal/20260328_222515/checkpoints/epoch_8000.
2026-03-28 22:33:04 | DEBUG | sivi:base_runner.py:337| eval_kl_ite | Epoch 8000, VI KL to baseline: -0.0092
2026-03-28 22:33:04 | DEBUG | sivi:base_reverse_runner.py:261| eval_kl_ite | Epoch 8000, Reverse Model KL ITE: 0.0612
2026-03-28 22:33:04 | DEBUG | sivi:base_runner.py:347| eval_w2 | Epoch 8000, VI W2 to baseline: 0.0416
2026-03-28 22:33:04 | DEBUG | sivi:base_reverse_runner.py:272| eval_w2 | Epoch 8000, Reverse Model W2: 0.0518
2026-03-28 22:33:04 | DEBUG | sivi:base_runner.py:477| eval_elbo | Epoch 8000, ELBO: 0.0094, Std Total: 0.1143, Std Q: nan, CI Half: 0.0100
2026-03-28 22:33:04 | DEBUG | sivi:base_runner.py:507| eval_ksd | Epoch 8000, VI KSD: -0.0002
2026-03-28 22:33:05 | DEBUG | sivi:base_runner.py:970| learn | Saved contour plot at epoch 8000.
2026-03-28 22:33:05 | DEBUG | sivi:base_runner.py:337| eval_kl_ite | Epoch 8010, VI KL to baseline: 0.0047
2026-03-28 22:33:05 | DEBUG | sivi:base_reverse_runner.py:261| eval_kl_ite | Epoch 8010, Reverse Model KL ITE: 0.0643
2026-03-28 22:33:05 | DEBUG | sivi:base_runner.py:347| eval_w2 | Epoch 8010, VI W2 to baseline: 0.0294
2026-03-28 22:33:05 | DEBUG | sivi:base_reverse_runner.py:272| eval_w2 | Epoch 8010, Reverse Model W2: 0.0461
2026-03-28 22:33:05 | DEBUG | sivi:base_runner.py:477| eval_elbo | Epoch 8010, ELBO: 0.0061, Std Total: 0.1172, Std Q: nan, CI Half: 0.0103
2026-03-28 22:33:05 | DEBUG | sivi:base_runner.py:507| eval_ksd | Epoch 8010, VI KSD: 0.0003
2026-03-28 22:33:06 | DEBUG | sivi:base_runner.py:337| eval_kl_ite | Epoch 8020, VI KL to baseline: 0.0121
2026-03-28 22:33:06 | DEBUG | sivi:base_reverse_runner.py:261| eval_kl_ite | Epoch 8020, Reverse Model KL ITE: 0.0753
2026-03-28 22:33:06 | DEBUG | sivi:base_runner.py:347| eval_w2 | Epoch 8020, VI W2 to baseline: 0.0269
2026-03-28 22:33:06 | DEBUG | sivi:base_reverse_runner.py:272| eval_w2 | Epoch 8020, Reverse Model W2: 0.0482
2026-03-28 22:33:06 | DEBUG | sivi:base_runner.py:477| eval_elbo | Epoch 8020, ELBO: 0.0210, Std Total: 0.1691, Std Q: nan, CI Half: 0.0148
2026-03-28 22:33:06 | DEBUG | sivi:base_runner.py:507| eval_ksd | Epoch 8020, VI KSD: -0.0002
2026-03-28 22:33:06 | DEBUG | sivi:base_runner.py:337| eval_kl_ite | Epoch 8030, VI KL to baseline: -0.0111
2026-03-28 22:33:06 | DEBUG | sivi:base_reverse_runner.py:261| eval_kl_ite | Epoch 8030, Reverse Model KL ITE: 0.0671
2026-03-28 22:33:06 | DEBUG | sivi:base_runner.py:347| eval_w2 | Epoch 8030, VI W2 to baseline: 0.0358
2026-03-28 22:33:06 | DEBUG | sivi:base_reverse_runner.py:272| eval_w2 | Epoch 8030, Reverse Model W2: 0.0633
2026-03-28 22:33:06 | DEBUG | sivi:base_runner.py:477| eval_elbo | Epoch 8030, ELBO: 0.0048, Std Total: 0.0974, Std Q: nan, CI Half: 0.0085
2026-03-28 22:33:06 | DEBUG | sivi:base_runner.py:507| eval_ksd | Epoch 8030, VI KSD: 0.0005
2026-03-28 22:33:07 | DEBUG | sivi:base_runner.py:337| eval_kl_ite | Epoch 8040, VI KL to baseline: 0.0141
2026-03-28 22:33:07 | DEBUG | sivi:base_reverse_runner.py:261| eval_kl_ite | Epoch 8040, Reverse Model KL ITE: 0.0851
2026-03-28 22:33:07 | DEBUG | sivi:base_runner.py:347| eval_w2 | Epoch 8040, VI W2 to baseline: 0.0612
2026-03-28 22:33:07 | DEBUG | sivi:base_reverse_runner.py:272| eval_w2 | Epoch 8040, Reverse Model W2: 0.0514
2026-03-28 22:33:07 | DEBUG | sivi:base_runner.py:477| eval_elbo | Epoch 8040, ELBO: 0.0163, Std Total: 0.1251, Std Q: nan, CI Half: 0.0110
2026-03-28 22:33:07 | DEBUG | sivi:base_runner.py:507| eval_ksd | Epoch 8040, VI KSD: 0.0006
2026-03-28 22:33:07 | DEBUG | sivi:base_runner.py:337| eval_kl_ite | Epoch 8050, VI KL to baseline: 0.0010
2026-03-28 22:33:07 | DEBUG | sivi:base_reverse_runner.py:261| eval_kl_ite | Epoch 8050, Reverse Model KL ITE: 0.0884
2026-03-28 22:33:07 | DEBUG | sivi:base_runner.py:347| eval_w2 | Epoch 8050, VI W2 to baseline: 0.0290
2026-03-28 22:33:07 | DEBUG | sivi:base_reverse_runner.py:272| eval_w2 | Epoch 8050, Reverse Model W2: 0.0484
2026-03-28 22:33:07 | DEBUG | sivi:base_runner.py:477| eval_elbo | Epoch 8050, ELBO: 0.0133, Std Total: 0.1530, Std Q: nan, CI Half: 0.0134
2026-03-28 22:33:07 | DEBUG | sivi:base_runner.py:507| eval_ksd | Epoch 8050, VI KSD: -0.0005
2026-03-28 22:33:08 | DEBUG | sivi:base_runner.py:337| eval_kl_ite | Epoch 8060, VI KL to baseline: -0.0132
2026-03-28 22:33:08 | DEBUG | sivi:base_reverse_runner.py:261| eval_kl_ite | Epoch 8060, Reverse Model KL ITE: 0.0858
2026-03-28 22:33:08 | DEBUG | sivi:base_runner.py:347| eval_w2 | Epoch 8060, VI W2 to baseline: 0.0463
2026-03-28 22:33:08 | DEBUG | sivi:base_reverse_runner.py:272| eval_w2 | Epoch 8060, Reverse Model W2: 0.0543
2026-03-28 22:33:08 | DEBUG | sivi:base_runner.py:477| eval_elbo | Epoch 8060, ELBO: -0.0021, Std Total: 0.1031, Std Q: nan, CI Half: 0.0090
2026-03-28 22:33:08 | DEBUG | sivi:base_runner.py:507| eval_ksd | Epoch 8060, VI KSD: -0.0002
2026-03-28 22:33:08 | DEBUG | sivi:base_runner.py:337| eval_kl_ite | Epoch 8070, VI KL to baseline: 0.0041
2026-03-28 22:33:08 | DEBUG | sivi:base_reverse_runner.py:261| eval_kl_ite | Epoch 8070, Reverse Model KL ITE: 0.0614
2026-03-28 22:33:09 | DEBUG | sivi:base_runner.py:347| eval_w2 | Epoch 8070, VI W2 to baseline: 0.0400
2026-03-28 22:33:09 | DEBUG | sivi:base_reverse_runner.py:272| eval_w2 | Epoch 8070, Reverse Model W2: 0.0546
2026-03-28 22:33:09 | DEBUG | sivi:base_runner.py:477| eval_elbo | Epoch 8070, ELBO: -0.0037, Std Total: 0.1178, Std Q: nan, CI Half: 0.0103
2026-03-28 22:33:09 | DEBUG | sivi:base_runner.py:507| eval_ksd | Epoch 8070, VI KSD: 0.0002
2026-03-28 22:33:09 | DEBUG | sivi:base_runner.py:337| eval_kl_ite | Epoch 8080, VI KL to baseline: 0.0032
2026-03-28 22:33:09 | DEBUG | sivi:base_reverse_runner.py:261| eval_kl_ite | Epoch 8080, Reverse Model KL ITE: 0.0811
2026-03-28 22:33:09 | DEBUG | sivi:base_runner.py:347| eval_w2 | Epoch 8080, VI W2 to baseline: 0.0302
2026-03-28 22:33:09 | DEBUG | sivi:base_reverse_runner.py:272| eval_w2 | Epoch 8080, Reverse Model W2: 0.0477
2026-03-28 22:33:09 | DEBUG | sivi:base_runner.py:477| eval_elbo | Epoch 8080, ELBO: 0.0103, Std Total: 0.1322, Std Q: nan, CI Half: 0.0116
2026-03-28 22:33:09 | DEBUG | sivi:base_runner.py:507| eval_ksd | Epoch 8080, VI KSD: 0.0006
2026-03-28 22:33:10 | DEBUG | sivi:base_runner.py:337| eval_kl_ite | Epoch 8090, VI KL to baseline: -0.0125
2026-03-28 22:33:10 | DEBUG | sivi:base_reverse_runner.py:261| eval_kl_ite | Epoch 8090, Reverse Model KL ITE: 0.0845
2026-03-28 22:33:10 | DEBUG | sivi:base_runner.py:347| eval_w2 | Epoch 8090, VI W2 to baseline: 0.0334
2026-03-28 22:33:10 | DEBUG | sivi:base_reverse_runner.py:272| eval_w2 | Epoch 8090, Reverse Model W2: 0.0550
2026-03-28 22:33:10 | DEBUG | sivi:base_runner.py:477| eval_elbo | Epoch 8090, ELBO: -0.0020, Std Total: 0.1300, Std Q: nan, CI Half: 0.0114
2026-03-28 22:33:10 | DEBUG | sivi:base_runner.py:507| eval_ksd | Epoch 8090, VI KSD: 0.0001
2026-03-28 22:33:10 | DEBUG | sivi:base_runner.py:874| learn | Epoch 8100: Avg Loss: 0.0128, Avg Epoch Time: 0.0593s
2026-03-28 22:33:10 | DEBUG | sivi:base_runner.py:337| eval_kl_ite | Epoch 8100, VI KL to baseline: -0.0033
2026-03-28 22:33:10 | DEBUG | sivi:base_reverse_runner.py:261| eval_kl_ite | Epoch 8100, Reverse Model KL ITE: 0.0847
2026-03-28 22:33:10 | DEBUG | sivi:base_runner.py:347| eval_w2 | Epoch 8100, VI W2 to baseline: 0.0364
2026-03-28 22:33:10 | DEBUG | sivi:base_reverse_runner.py:272| eval_w2 | Epoch 8100, Reverse Model W2: 0.0562
2026-03-28 22:33:10 | DEBUG | sivi:base_runner.py:477| eval_elbo | Epoch 8100, ELBO: 0.0064, Std Total: 0.1380, Std Q: nan, CI Half: 0.0121
2026-03-28 22:33:10 | DEBUG | sivi:base_runner.py:507| eval_ksd | Epoch 8100, VI KSD: 0.0006
2026-03-28 22:33:11 | DEBUG | sivi:base_runner.py:337| eval_kl_ite | Epoch 8110, VI KL to baseline: 0.0090
2026-03-28 22:33:11 | DEBUG | sivi:base_reverse_runner.py:261| eval_kl_ite | Epoch 8110, Reverse Model KL ITE: 0.0725
2026-03-28 22:33:11 | DEBUG | sivi:base_runner.py:347| eval_w2 | Epoch 8110, VI W2 to baseline: 0.0591
2026-03-28 22:33:11 | DEBUG | sivi:base_reverse_runner.py:272| eval_w2 | Epoch 8110, Reverse Model W2: 0.0493
2026-03-28 22:33:11 | DEBUG | sivi:base_runner.py:477| eval_elbo | Epoch 8110, ELBO: 0.0053, Std Total: 0.0946, Std Q: nan, CI Half: 0.0083
2026-03-28 22:33:11 | DEBUG | sivi:base_runner.py:507| eval_ksd | Epoch 8110, VI KSD: 0.0006
2026-03-28 22:33:11 | DEBUG | sivi:base_runner.py:337| eval_kl_ite | Epoch 8120, VI KL to baseline: 0.0109
2026-03-28 22:33:11 | DEBUG | sivi:base_reverse_runner.py:261| eval_kl_ite | Epoch 8120, Reverse Model KL ITE: 0.0892
2026-03-28 22:33:11 | DEBUG | sivi:base_runner.py:347| eval_w2 | Epoch 8120, VI W2 to baseline: 0.0442
2026-03-28 22:33:11 | DEBUG | sivi:base_reverse_runner.py:272| eval_w2 | Epoch 8120, Reverse Model W2: 0.0505
2026-03-28 22:33:11 | DEBUG | sivi:base_runner.py:477| eval_elbo | Epoch 8120, ELBO: 0.0096, Std Total: 0.1359, Std Q: nan, CI Half: 0.0119
2026-03-28 22:33:11 | DEBUG | sivi:base_runner.py:507| eval_ksd | Epoch 8120, VI KSD: -0.0004
2026-03-28 22:33:12 | DEBUG | sivi:base_runner.py:337| eval_kl_ite | Epoch 8130, VI KL to baseline: 0.0062
2026-03-28 22:33:12 | DEBUG | sivi:base_reverse_runner.py:261| eval_kl_ite | Epoch 8130, Reverse Model KL ITE: 0.0769
2026-03-28 22:33:12 | DEBUG | sivi:base_runner.py:347| eval_w2 | Epoch 8130, VI W2 to baseline: 0.0591
2026-03-28 22:33:12 | DEBUG | sivi:base_reverse_runner.py:272| eval_w2 | Epoch 8130, Reverse Model W2: 0.0571
2026-03-28 22:33:12 | DEBUG | sivi:base_runner.py:477| eval_elbo | Epoch 8130, ELBO: -0.0036, Std Total: 0.1039, Std Q: nan, CI Half: 0.0091
2026-03-28 22:33:12 | DEBUG | sivi:base_runner.py:507| eval_ksd | Epoch 8130, VI KSD: -0.0008
2026-03-28 22:33:12 | DEBUG | sivi:base_runner.py:337| eval_kl_ite | Epoch 8140, VI KL to baseline: 0.0095
2026-03-28 22:33:12 | DEBUG | sivi:base_reverse_runner.py:261| eval_kl_ite | Epoch 8140, Reverse Model KL ITE: 0.0692
2026-03-28 22:33:13 | DEBUG | sivi:base_runner.py:347| eval_w2 | Epoch 8140, VI W2 to baseline: 0.0522
2026-03-28 22:33:13 | DEBUG | sivi:base_reverse_runner.py:272| eval_w2 | Epoch 8140, Reverse Model W2: 0.0487
2026-03-28 22:33:13 | DEBUG | sivi:base_runner.py:477| eval_elbo | Epoch 8140, ELBO: 0.0101, Std Total: 0.1482, Std Q: nan, CI Half: 0.0130
2026-03-28 22:33:13 | DEBUG | sivi:base_runner.py:507| eval_ksd | Epoch 8140, VI KSD: 0.0010
2026-03-28 22:33:13 | DEBUG | sivi:base_runner.py:337| eval_kl_ite | Epoch 8150, VI KL to baseline: 0.0032
2026-03-28 22:33:13 | DEBUG | sivi:base_reverse_runner.py:261| eval_kl_ite | Epoch 8150, Reverse Model KL ITE: 0.0865
2026-03-28 22:33:13 | DEBUG | sivi:base_runner.py:347| eval_w2 | Epoch 8150, VI W2 to baseline: 0.0340
2026-03-28 22:33:13 | DEBUG | sivi:base_reverse_runner.py:272| eval_w2 | Epoch 8150, Reverse Model W2: 0.0502
2026-03-28 22:33:13 | DEBUG | sivi:base_runner.py:477| eval_elbo | Epoch 8150, ELBO: 0.0092, Std Total: 0.1570, Std Q: nan, CI Half: 0.0138
2026-03-28 22:33:13 | DEBUG | sivi:base_runner.py:507| eval_ksd | Epoch 8150, VI KSD: 0.0004
2026-03-28 22:33:13 | DEBUG | sivi:base_runner.py:337| eval_kl_ite | Epoch 8160, VI KL to baseline: 0.0125
2026-03-28 22:33:14 | DEBUG | sivi:base_reverse_runner.py:261| eval_kl_ite | Epoch 8160, Reverse Model KL ITE: 0.1088
2026-03-28 22:33:14 | DEBUG | sivi:base_runner.py:347| eval_w2 | Epoch 8160, VI W2 to baseline: 0.0470
2026-03-28 22:33:14 | DEBUG | sivi:base_reverse_runner.py:272| eval_w2 | Epoch 8160, Reverse Model W2: 0.0531
2026-03-28 22:33:14 | DEBUG | sivi:base_runner.py:477| eval_elbo | Epoch 8160, ELBO: 0.0095, Std Total: 0.1315, Std Q: nan, CI Half: 0.0115
2026-03-28 22:33:14 | DEBUG | sivi:base_runner.py:507| eval_ksd | Epoch 8160, VI KSD: 0.0001
2026-03-28 22:33:14 | DEBUG | sivi:base_runner.py:337| eval_kl_ite | Epoch 8170, VI KL to baseline: 0.0201
2026-03-28 22:33:14 | DEBUG | sivi:base_reverse_runner.py:261| eval_kl_ite | Epoch 8170, Reverse Model KL ITE: 0.0686
2026-03-28 22:33:14 | DEBUG | sivi:base_runner.py:347| eval_w2 | Epoch 8170, VI W2 to baseline: 0.0473
2026-03-28 22:33:14 | DEBUG | sivi:base_reverse_runner.py:272| eval_w2 | Epoch 8170, Reverse Model W2: 0.0494
2026-03-28 22:33:14 | DEBUG | sivi:base_runner.py:477| eval_elbo | Epoch 8170, ELBO: 0.0109, Std Total: 0.1330, Std Q: nan, CI Half: 0.0117
2026-03-28 22:33:14 | DEBUG | sivi:base_runner.py:507| eval_ksd | Epoch 8170, VI KSD: 0.0006
2026-03-28 22:33:14 | DEBUG | sivi:base_runner.py:337| eval_kl_ite | Epoch 8180, VI KL to baseline: 0.0002
2026-03-28 22:33:15 | DEBUG | sivi:base_reverse_runner.py:261| eval_kl_ite | Epoch 8180, Reverse Model KL ITE: 0.0889
2026-03-28 22:33:15 | DEBUG | sivi:base_runner.py:347| eval_w2 | Epoch 8180, VI W2 to baseline: 0.0520
2026-03-28 22:33:15 | DEBUG | sivi:base_reverse_runner.py:272| eval_w2 | Epoch 8180, Reverse Model W2: 0.0472
2026-03-28 22:33:15 | DEBUG | sivi:base_runner.py:477| eval_elbo | Epoch 8180, ELBO: 0.0114, Std Total: 0.0970, Std Q: nan, CI Half: 0.0085
2026-03-28 22:33:15 | DEBUG | sivi:base_runner.py:507| eval_ksd | Epoch 8180, VI KSD: 0.0008
2026-03-28 22:33:15 | DEBUG | sivi:base_runner.py:337| eval_kl_ite | Epoch 8190, VI KL to baseline: 0.0018
2026-03-28 22:33:15 | DEBUG | sivi:base_reverse_runner.py:261| eval_kl_ite | Epoch 8190, Reverse Model KL ITE: 0.0897
2026-03-28 22:33:15 | DEBUG | sivi:base_runner.py:347| eval_w2 | Epoch 8190, VI W2 to baseline: 0.0483
2026-03-28 22:33:15 | DEBUG | sivi:base_reverse_runner.py:272| eval_w2 | Epoch 8190, Reverse Model W2: 0.0487
2026-03-28 22:33:15 | DEBUG | sivi:base_runner.py:477| eval_elbo | Epoch 8190, ELBO: -0.0016, Std Total: 0.1173, Std Q: nan, CI Half: 0.0103
2026-03-28 22:33:15 | DEBUG | sivi:base_runner.py:507| eval_ksd | Epoch 8190, VI KSD: -0.0000
2026-03-28 22:33:15 | DEBUG | sivi:base_runner.py:874| learn | Epoch 8200: Avg Loss: -0.0251, Avg Epoch Time: 0.0535s
2026-03-28 22:33:15 | DEBUG | sivi:base_runner.py:337| eval_kl_ite | Epoch 8200, VI KL to baseline: 0.0087
2026-03-28 22:33:16 | DEBUG | sivi:base_reverse_runner.py:261| eval_kl_ite | Epoch 8200, Reverse Model KL ITE: 0.0682
2026-03-28 22:33:16 | DEBUG | sivi:base_runner.py:347| eval_w2 | Epoch 8200, VI W2 to baseline: 0.0327
2026-03-28 22:33:16 | DEBUG | sivi:base_reverse_runner.py:272| eval_w2 | Epoch 8200, Reverse Model W2: 0.0479
2026-03-28 22:33:16 | DEBUG | sivi:base_runner.py:477| eval_elbo | Epoch 8200, ELBO: -0.0016, Std Total: 0.1111, Std Q: nan, CI Half: 0.0097
2026-03-28 22:33:16 | DEBUG | sivi:base_runner.py:507| eval_ksd | Epoch 8200, VI KSD: -0.0007
2026-03-28 22:33:16 | DEBUG | sivi:base_runner.py:337| eval_kl_ite | Epoch 8210, VI KL to baseline: -0.0077
2026-03-28 22:33:16 | DEBUG | sivi:base_reverse_runner.py:261| eval_kl_ite | Epoch 8210, Reverse Model KL ITE: 0.0871
2026-03-28 22:33:16 | DEBUG | sivi:base_runner.py:347| eval_w2 | Epoch 8210, VI W2 to baseline: 0.0497
2026-03-28 22:33:16 | DEBUG | sivi:base_reverse_runner.py:272| eval_w2 | Epoch 8210, Reverse Model W2: 0.0579
2026-03-28 22:33:16 | DEBUG | sivi:base_runner.py:477| eval_elbo | Epoch 8210, ELBO: 0.0008, Std Total: 0.1548, Std Q: nan, CI Half: 0.0136
2026-03-28 22:33:16 | DEBUG | sivi:base_runner.py:507| eval_ksd | Epoch 8210, VI KSD: 0.0008
2026-03-28 22:33:17 | DEBUG | sivi:base_runner.py:337| eval_kl_ite | Epoch 8220, VI KL to baseline: 0.0030
2026-03-28 22:33:17 | DEBUG | sivi:base_reverse_runner.py:261| eval_kl_ite | Epoch 8220, Reverse Model KL ITE: 0.0921
2026-03-28 22:33:17 | DEBUG | sivi:base_runner.py:347| eval_w2 | Epoch 8220, VI W2 to baseline: 0.0545
2026-03-28 22:33:17 | DEBUG | sivi:base_reverse_runner.py:272| eval_w2 | Epoch 8220, Reverse Model W2: 0.0536
2026-03-28 22:33:17 | DEBUG | sivi:base_runner.py:477| eval_elbo | Epoch 8220, ELBO: 0.0005, Std Total: 0.1378, Std Q: nan, CI Half: 0.0121
2026-03-28 22:33:17 | DEBUG | sivi:base_runner.py:507| eval_ksd | Epoch 8220, VI KSD: 0.0003
2026-03-28 22:33:17 | DEBUG | sivi:base_runner.py:337| eval_kl_ite | Epoch 8230, VI KL to baseline: 0.0025
2026-03-28 22:33:17 | DEBUG | sivi:base_reverse_runner.py:261| eval_kl_ite | Epoch 8230, Reverse Model KL ITE: 0.0744
2026-03-28 22:33:17 | DEBUG | sivi:base_runner.py:347| eval_w2 | Epoch 8230, VI W2 to baseline: 0.0465
2026-03-28 22:33:17 | DEBUG | sivi:base_reverse_runner.py:272| eval_w2 | Epoch 8230, Reverse Model W2: 0.0510
2026-03-28 22:33:17 | DEBUG | sivi:base_runner.py:477| eval_elbo | Epoch 8230, ELBO: -0.0018, Std Total: 0.1566, Std Q: nan, CI Half: 0.0137
2026-03-28 22:33:17 | DEBUG | sivi:base_runner.py:507| eval_ksd | Epoch 8230, VI KSD: -0.0003
2026-03-28 22:33:17 | DEBUG | sivi:base_runner.py:337| eval_kl_ite | Epoch 8240, VI KL to baseline: 0.0107
2026-03-28 22:33:18 | DEBUG | sivi:base_reverse_runner.py:261| eval_kl_ite | Epoch 8240, Reverse Model KL ITE: 0.0895
2026-03-28 22:33:18 | DEBUG | sivi:base_runner.py:347| eval_w2 | Epoch 8240, VI W2 to baseline: 0.0406
2026-03-28 22:33:18 | DEBUG | sivi:base_reverse_runner.py:272| eval_w2 | Epoch 8240, Reverse Model W2: 0.0571
2026-03-28 22:33:18 | DEBUG | sivi:base_runner.py:477| eval_elbo | Epoch 8240, ELBO: 0.0010, Std Total: 0.1176, Std Q: nan, CI Half: 0.0103
2026-03-28 22:33:18 | DEBUG | sivi:base_runner.py:507| eval_ksd | Epoch 8240, VI KSD: 0.0006
2026-03-28 22:33:18 | DEBUG | sivi:base_runner.py:337| eval_kl_ite | Epoch 8250, VI KL to baseline: 0.0083
2026-03-28 22:33:18 | DEBUG | sivi:base_reverse_runner.py:261| eval_kl_ite | Epoch 8250, Reverse Model KL ITE: 0.0768
2026-03-28 22:33:18 | DEBUG | sivi:base_runner.py:347| eval_w2 | Epoch 8250, VI W2 to baseline: 0.0507
2026-03-28 22:33:18 | DEBUG | sivi:base_reverse_runner.py:272| eval_w2 | Epoch 8250, Reverse Model W2: 0.0421
2026-03-28 22:33:18 | DEBUG | sivi:base_runner.py:477| eval_elbo | Epoch 8250, ELBO: 0.0117, Std Total: 0.1649, Std Q: nan, CI Half: 0.0145
2026-03-28 22:33:18 | DEBUG | sivi:base_runner.py:507| eval_ksd | Epoch 8250, VI KSD: -0.0003
2026-03-28 22:33:19 | DEBUG | sivi:base_runner.py:337| eval_kl_ite | Epoch 8260, VI KL to baseline: -0.0009
2026-03-28 22:33:19 | DEBUG | sivi:base_reverse_runner.py:261| eval_kl_ite | Epoch 8260, Reverse Model KL ITE: 0.0902
2026-03-28 22:33:19 | DEBUG | sivi:base_runner.py:347| eval_w2 | Epoch 8260, VI W2 to baseline: 0.0418
2026-03-28 22:33:19 | DEBUG | sivi:base_reverse_runner.py:272| eval_w2 | Epoch 8260, Reverse Model W2: 0.0527
2026-03-28 22:33:19 | DEBUG | sivi:base_runner.py:477| eval_elbo | Epoch 8260, ELBO: 0.0126, Std Total: 0.1733, Std Q: nan, CI Half: 0.0152
2026-03-28 22:33:19 | DEBUG | sivi:base_runner.py:507| eval_ksd | Epoch 8260, VI KSD: 0.0007
2026-03-28 22:33:19 | DEBUG | sivi:base_runner.py:337| eval_kl_ite | Epoch 8270, VI KL to baseline: -0.0090
2026-03-28 22:33:19 | DEBUG | sivi:base_reverse_runner.py:261| eval_kl_ite | Epoch 8270, Reverse Model KL ITE: 0.0830
2026-03-28 22:33:19 | DEBUG | sivi:base_runner.py:347| eval_w2 | Epoch 8270, VI W2 to baseline: 0.0297
2026-03-28 22:33:19 | DEBUG | sivi:base_reverse_runner.py:272| eval_w2 | Epoch 8270, Reverse Model W2: 0.0488
2026-03-28 22:33:19 | DEBUG | sivi:base_runner.py:477| eval_elbo | Epoch 8270, ELBO: 0.0051, Std Total: 0.1237, Std Q: nan, CI Half: 0.0108
2026-03-28 22:33:19 | DEBUG | sivi:base_runner.py:507| eval_ksd | Epoch 8270, VI KSD: -0.0012
2026-03-28 22:33:19 | DEBUG | sivi:base_runner.py:337| eval_kl_ite | Epoch 8280, VI KL to baseline: 0.0134
2026-03-28 22:33:20 | DEBUG | sivi:base_reverse_runner.py:261| eval_kl_ite | Epoch 8280, Reverse Model KL ITE: 0.0752
2026-03-28 22:33:20 | DEBUG | sivi:base_runner.py:347| eval_w2 | Epoch 8280, VI W2 to baseline: 0.0554
2026-03-28 22:33:20 | DEBUG | sivi:base_reverse_runner.py:272| eval_w2 | Epoch 8280, Reverse Model W2: 0.0509
2026-03-28 22:33:20 | DEBUG | sivi:base_runner.py:477| eval_elbo | Epoch 8280, ELBO: 0.0097, Std Total: 0.1241, Std Q: nan, CI Half: 0.0109
2026-03-28 22:33:20 | DEBUG | sivi:base_runner.py:507| eval_ksd | Epoch 8280, VI KSD: 0.0001
2026-03-28 22:33:20 | DEBUG | sivi:base_runner.py:337| eval_kl_ite | Epoch 8290, VI KL to baseline: 0.0064
2026-03-28 22:33:20 | DEBUG | sivi:base_reverse_runner.py:261| eval_kl_ite | Epoch 8290, Reverse Model KL ITE: 0.0708
2026-03-28 22:33:20 | DEBUG | sivi:base_runner.py:347| eval_w2 | Epoch 8290, VI W2 to baseline: 0.0506
2026-03-28 22:33:20 | DEBUG | sivi:base_reverse_runner.py:272| eval_w2 | Epoch 8290, Reverse Model W2: 0.0533
2026-03-28 22:33:20 | DEBUG | sivi:base_runner.py:477| eval_elbo | Epoch 8290, ELBO: 0.0005, Std Total: 0.1116, Std Q: nan, CI Half: 0.0098
2026-03-28 22:33:20 | DEBUG | sivi:base_runner.py:507| eval_ksd | Epoch 8290, VI KSD: 0.0000
2026-03-28 22:33:20 | DEBUG | sivi:base_runner.py:874| learn | Epoch 8300: Avg Loss: 0.0063, Avg Epoch Time: 0.0499s
2026-03-28 22:33:21 | DEBUG | sivi:base_runner.py:337| eval_kl_ite | Epoch 8300, VI KL to baseline: 0.0051
2026-03-28 22:33:21 | DEBUG | sivi:base_reverse_runner.py:261| eval_kl_ite | Epoch 8300, Reverse Model KL ITE: 0.0694
2026-03-28 22:33:21 | DEBUG | sivi:base_runner.py:347| eval_w2 | Epoch 8300, VI W2 to baseline: 0.0298
2026-03-28 22:33:21 | DEBUG | sivi:base_reverse_runner.py:272| eval_w2 | Epoch 8300, Reverse Model W2: 0.0468
2026-03-28 22:33:21 | DEBUG | sivi:base_runner.py:477| eval_elbo | Epoch 8300, ELBO: 0.0109, Std Total: 0.1382, Std Q: nan, CI Half: 0.0121
2026-03-28 22:33:21 | DEBUG | sivi:base_runner.py:507| eval_ksd | Epoch 8300, VI KSD: -0.0011
2026-03-28 22:33:21 | DEBUG | sivi:base_runner.py:337| eval_kl_ite | Epoch 8310, VI KL to baseline: 0.0103
2026-03-28 22:33:21 | DEBUG | sivi:base_reverse_runner.py:261| eval_kl_ite | Epoch 8310, Reverse Model KL ITE: 0.0768
2026-03-28 22:33:21 | DEBUG | sivi:base_runner.py:347| eval_w2 | Epoch 8310, VI W2 to baseline: 0.0341
2026-03-28 22:33:21 | DEBUG | sivi:base_reverse_runner.py:272| eval_w2 | Epoch 8310, Reverse Model W2: 0.0528
2026-03-28 22:33:21 | DEBUG | sivi:base_runner.py:477| eval_elbo | Epoch 8310, ELBO: 0.0037, Std Total: 0.1407, Std Q: nan, CI Half: 0.0123
2026-03-28 22:33:21 | DEBUG | sivi:base_runner.py:507| eval_ksd | Epoch 8310, VI KSD: 0.0009
2026-03-28 22:33:22 | DEBUG | sivi:base_runner.py:337| eval_kl_ite | Epoch 8320, VI KL to baseline: 0.0103
2026-03-28 22:33:22 | DEBUG | sivi:base_reverse_runner.py:261| eval_kl_ite | Epoch 8320, Reverse Model KL ITE: 0.0862
2026-03-28 22:33:22 | DEBUG | sivi:base_runner.py:347| eval_w2 | Epoch 8320, VI W2 to baseline: 0.0359
2026-03-28 22:33:22 | DEBUG | sivi:base_reverse_runner.py:272| eval_w2 | Epoch 8320, Reverse Model W2: 0.0508
2026-03-28 22:33:22 | DEBUG | sivi:base_runner.py:477| eval_elbo | Epoch 8320, ELBO: -0.0038, Std Total: 0.1456, Std Q: nan, CI Half: 0.0128
2026-03-28 22:33:22 | DEBUG | sivi:base_runner.py:507| eval_ksd | Epoch 8320, VI KSD: 0.0024
2026-03-28 22:33:22 | DEBUG | sivi:base_runner.py:337| eval_kl_ite | Epoch 8330, VI KL to baseline: 0.0068
2026-03-28 22:33:22 | DEBUG | sivi:base_reverse_runner.py:261| eval_kl_ite | Epoch 8330, Reverse Model KL ITE: 0.0670
2026-03-28 22:33:22 | DEBUG | sivi:base_runner.py:347| eval_w2 | Epoch 8330, VI W2 to baseline: 0.0325
2026-03-28 22:33:22 | DEBUG | sivi:base_reverse_runner.py:272| eval_w2 | Epoch 8330, Reverse Model W2: 0.0486
2026-03-28 22:33:22 | DEBUG | sivi:base_runner.py:477| eval_elbo | Epoch 8330, ELBO: 0.0026, Std Total: 0.1171, Std Q: nan, CI Half: 0.0103
2026-03-28 22:33:22 | DEBUG | sivi:base_runner.py:507| eval_ksd | Epoch 8330, VI KSD: 0.0008
2026-03-28 22:33:23 | DEBUG | sivi:base_runner.py:337| eval_kl_ite | Epoch 8340, VI KL to baseline: -0.0124
2026-03-28 22:33:23 | DEBUG | sivi:base_reverse_runner.py:261| eval_kl_ite | Epoch 8340, Reverse Model KL ITE: 0.0609
2026-03-28 22:33:23 | DEBUG | sivi:base_runner.py:347| eval_w2 | Epoch 8340, VI W2 to baseline: 0.0287
2026-03-28 22:33:23 | DEBUG | sivi:base_reverse_runner.py:272| eval_w2 | Epoch 8340, Reverse Model W2: 0.0499
2026-03-28 22:33:23 | DEBUG | sivi:base_runner.py:477| eval_elbo | Epoch 8340, ELBO: 0.0025, Std Total: 0.1423, Std Q: nan, CI Half: 0.0125
2026-03-28 22:33:23 | DEBUG | sivi:base_runner.py:507| eval_ksd | Epoch 8340, VI KSD: 0.0021
2026-03-28 22:33:23 | DEBUG | sivi:base_runner.py:337| eval_kl_ite | Epoch 8350, VI KL to baseline: 0.0015
2026-03-28 22:33:24 | DEBUG | sivi:base_reverse_runner.py:261| eval_kl_ite | Epoch 8350, Reverse Model KL ITE: 0.0974
2026-03-28 22:33:24 | DEBUG | sivi:base_runner.py:347| eval_w2 | Epoch 8350, VI W2 to baseline: 0.0410
2026-03-28 22:33:24 | DEBUG | sivi:base_reverse_runner.py:272| eval_w2 | Epoch 8350, Reverse Model W2: 0.0446
2026-03-28 22:33:24 | DEBUG | sivi:base_runner.py:477| eval_elbo | Epoch 8350, ELBO: 0.0030, Std Total: 0.1148, Std Q: nan, CI Half: 0.0101
2026-03-28 22:33:24 | DEBUG | sivi:base_runner.py:507| eval_ksd | Epoch 8350, VI KSD: -0.0009
2026-03-28 22:33:24 | DEBUG | sivi:base_runner.py:337| eval_kl_ite | Epoch 8360, VI KL to baseline: 0.0300
2026-03-28 22:33:24 | DEBUG | sivi:base_reverse_runner.py:261| eval_kl_ite | Epoch 8360, Reverse Model KL ITE: 0.0615
2026-03-28 22:33:24 | DEBUG | sivi:base_runner.py:347| eval_w2 | Epoch 8360, VI W2 to baseline: 0.0312
2026-03-28 22:33:24 | DEBUG | sivi:base_reverse_runner.py:272| eval_w2 | Epoch 8360, Reverse Model W2: 0.0474
2026-03-28 22:33:24 | DEBUG | sivi:base_runner.py:477| eval_elbo | Epoch 8360, ELBO: 0.0046, Std Total: 0.1020, Std Q: nan, CI Half: 0.0089
2026-03-28 22:33:24 | DEBUG | sivi:base_runner.py:507| eval_ksd | Epoch 8360, VI KSD: 0.0007
2026-03-28 22:33:25 | DEBUG | sivi:base_runner.py:337| eval_kl_ite | Epoch 8370, VI KL to baseline: -0.0090
2026-03-28 22:33:25 | DEBUG | sivi:base_reverse_runner.py:261| eval_kl_ite | Epoch 8370, Reverse Model KL ITE: 0.0782
2026-03-28 22:33:25 | DEBUG | sivi:base_runner.py:347| eval_w2 | Epoch 8370, VI W2 to baseline: 0.0250
2026-03-28 22:33:25 | DEBUG | sivi:base_reverse_runner.py:272| eval_w2 | Epoch 8370, Reverse Model W2: 0.0543
2026-03-28 22:33:25 | DEBUG | sivi:base_runner.py:477| eval_elbo | Epoch 8370, ELBO: 0.0091, Std Total: 0.1058, Std Q: nan, CI Half: 0.0093
2026-03-28 22:33:25 | DEBUG | sivi:base_runner.py:507| eval_ksd | Epoch 8370, VI KSD: -0.0004
2026-03-28 22:33:25 | DEBUG | sivi:base_runner.py:337| eval_kl_ite | Epoch 8380, VI KL to baseline: -0.0046
2026-03-28 22:33:25 | DEBUG | sivi:base_reverse_runner.py:261| eval_kl_ite | Epoch 8380, Reverse Model KL ITE: 0.1014
2026-03-28 22:33:25 | DEBUG | sivi:base_runner.py:347| eval_w2 | Epoch 8380, VI W2 to baseline: 0.0305
2026-03-28 22:33:25 | DEBUG | sivi:base_reverse_runner.py:272| eval_w2 | Epoch 8380, Reverse Model W2: 0.0563
2026-03-28 22:33:25 | DEBUG | sivi:base_runner.py:477| eval_elbo | Epoch 8380, ELBO: 0.0066, Std Total: 0.1154, Std Q: nan, CI Half: 0.0101
2026-03-28 22:33:25 | DEBUG | sivi:base_runner.py:507| eval_ksd | Epoch 8380, VI KSD: 0.0011
2026-03-28 22:33:26 | DEBUG | sivi:base_runner.py:337| eval_kl_ite | Epoch 8390, VI KL to baseline: 0.0091
2026-03-28 22:33:26 | DEBUG | sivi:base_reverse_runner.py:261| eval_kl_ite | Epoch 8390, Reverse Model KL ITE: 0.0880
2026-03-28 22:33:26 | DEBUG | sivi:base_runner.py:347| eval_w2 | Epoch 8390, VI W2 to baseline: 0.0382
2026-03-28 22:33:26 | DEBUG | sivi:base_reverse_runner.py:272| eval_w2 | Epoch 8390, Reverse Model W2: 0.0542
2026-03-28 22:33:26 | DEBUG | sivi:base_runner.py:477| eval_elbo | Epoch 8390, ELBO: 0.0116, Std Total: 0.1176, Std Q: nan, CI Half: 0.0103
2026-03-28 22:33:26 | DEBUG | sivi:base_runner.py:507| eval_ksd | Epoch 8390, VI KSD: -0.0001
2026-03-28 22:33:26 | DEBUG | sivi:base_runner.py:874| learn | Epoch 8400: Avg Loss: 0.0257, Avg Epoch Time: 0.0558s
2026-03-28 22:33:26 | DEBUG | sivi:base_runner.py:337| eval_kl_ite | Epoch 8400, VI KL to baseline: 0.0118
2026-03-28 22:33:26 | DEBUG | sivi:base_reverse_runner.py:261| eval_kl_ite | Epoch 8400, Reverse Model KL ITE: 0.0800
2026-03-28 22:33:26 | DEBUG | sivi:base_runner.py:347| eval_w2 | Epoch 8400, VI W2 to baseline: 0.0479
2026-03-28 22:33:26 | DEBUG | sivi:base_reverse_runner.py:272| eval_w2 | Epoch 8400, Reverse Model W2: 0.0481
2026-03-28 22:33:26 | DEBUG | sivi:base_runner.py:477| eval_elbo | Epoch 8400, ELBO: 0.0106, Std Total: 0.1233, Std Q: nan, CI Half: 0.0108
2026-03-28 22:33:26 | DEBUG | sivi:base_runner.py:507| eval_ksd | Epoch 8400, VI KSD: 0.0007
2026-03-28 22:33:27 | DEBUG | sivi:base_runner.py:337| eval_kl_ite | Epoch 8410, VI KL to baseline: -0.0175
2026-03-28 22:33:27 | DEBUG | sivi:base_reverse_runner.py:261| eval_kl_ite | Epoch 8410, Reverse Model KL ITE: 0.0895
2026-03-28 22:33:27 | DEBUG | sivi:base_runner.py:347| eval_w2 | Epoch 8410, VI W2 to baseline: 0.0342
2026-03-28 22:33:27 | DEBUG | sivi:base_reverse_runner.py:272| eval_w2 | Epoch 8410, Reverse Model W2: 0.0480
2026-03-28 22:33:27 | DEBUG | sivi:base_runner.py:477| eval_elbo | Epoch 8410, ELBO: 0.0087, Std Total: 0.1387, Std Q: nan, CI Half: 0.0122
2026-03-28 22:33:27 | DEBUG | sivi:base_runner.py:507| eval_ksd | Epoch 8410, VI KSD: 0.0001
2026-03-28 22:33:27 | DEBUG | sivi:base_runner.py:337| eval_kl_ite | Epoch 8420, VI KL to baseline: -0.0008
2026-03-28 22:33:27 | DEBUG | sivi:base_reverse_runner.py:261| eval_kl_ite | Epoch 8420, Reverse Model KL ITE: 0.0733
2026-03-28 22:33:27 | DEBUG | sivi:base_runner.py:347| eval_w2 | Epoch 8420, VI W2 to baseline: 0.0409
2026-03-28 22:33:27 | DEBUG | sivi:base_reverse_runner.py:272| eval_w2 | Epoch 8420, Reverse Model W2: 0.0545
2026-03-28 22:33:27 | DEBUG | sivi:base_runner.py:477| eval_elbo | Epoch 8420, ELBO: -0.0048, Std Total: 0.1210, Std Q: nan, CI Half: 0.0106
2026-03-28 22:33:27 | DEBUG | sivi:base_runner.py:507| eval_ksd | Epoch 8420, VI KSD: 0.0004
2026-03-28 22:33:28 | DEBUG | sivi:base_runner.py:337| eval_kl_ite | Epoch 8430, VI KL to baseline: 0.0136
2026-03-28 22:33:28 | DEBUG | sivi:base_reverse_runner.py:261| eval_kl_ite | Epoch 8430, Reverse Model KL ITE: 0.0922
2026-03-28 22:33:28 | DEBUG | sivi:base_runner.py:347| eval_w2 | Epoch 8430, VI W2 to baseline: 0.0380
2026-03-28 22:33:28 | DEBUG | sivi:base_reverse_runner.py:272| eval_w2 | Epoch 8430, Reverse Model W2: 0.0517
2026-03-28 22:33:28 | DEBUG | sivi:base_runner.py:477| eval_elbo | Epoch 8430, ELBO: 0.0073, Std Total: 0.1306, Std Q: nan, CI Half: 0.0114
2026-03-28 22:33:28 | DEBUG | sivi:base_runner.py:507| eval_ksd | Epoch 8430, VI KSD: -0.0000
2026-03-28 22:33:28 | DEBUG | sivi:base_runner.py:337| eval_kl_ite | Epoch 8440, VI KL to baseline: 0.0011
2026-03-28 22:33:29 | DEBUG | sivi:base_reverse_runner.py:261| eval_kl_ite | Epoch 8440, Reverse Model KL ITE: 0.0938
2026-03-28 22:33:29 | DEBUG | sivi:base_runner.py:347| eval_w2 | Epoch 8440, VI W2 to baseline: 0.0500
2026-03-28 22:33:29 | DEBUG | sivi:base_reverse_runner.py:272| eval_w2 | Epoch 8440, Reverse Model W2: 0.0494
2026-03-28 22:33:29 | DEBUG | sivi:base_runner.py:477| eval_elbo | Epoch 8440, ELBO: -0.0023, Std Total: 0.1003, Std Q: nan, CI Half: 0.0088
2026-03-28 22:33:29 | DEBUG | sivi:base_runner.py:507| eval_ksd | Epoch 8440, VI KSD: 0.0004
2026-03-28 22:33:29 | DEBUG | sivi:base_runner.py:337| eval_kl_ite | Epoch 8450, VI KL to baseline: 0.0048
2026-03-28 22:33:29 | DEBUG | sivi:base_reverse_runner.py:261| eval_kl_ite | Epoch 8450, Reverse Model KL ITE: 0.0864
2026-03-28 22:33:29 | DEBUG | sivi:base_runner.py:347| eval_w2 | Epoch 8450, VI W2 to baseline: 0.0484
2026-03-28 22:33:29 | DEBUG | sivi:base_reverse_runner.py:272| eval_w2 | Epoch 8450, Reverse Model W2: 0.0500
2026-03-28 22:33:29 | DEBUG | sivi:base_runner.py:477| eval_elbo | Epoch 8450, ELBO: 0.0010, Std Total: 0.1242, Std Q: nan, CI Half: 0.0109
2026-03-28 22:33:29 | DEBUG | sivi:base_runner.py:507| eval_ksd | Epoch 8450, VI KSD: -0.0001
2026-03-28 22:33:29 | DEBUG | sivi:base_runner.py:337| eval_kl_ite | Epoch 8460, VI KL to baseline: -0.0025
2026-03-28 22:33:30 | DEBUG | sivi:base_reverse_runner.py:261| eval_kl_ite | Epoch 8460, Reverse Model KL ITE: 0.0801
2026-03-28 22:33:30 | DEBUG | sivi:base_runner.py:347| eval_w2 | Epoch 8460, VI W2 to baseline: 0.0366
2026-03-28 22:33:30 | DEBUG | sivi:base_reverse_runner.py:272| eval_w2 | Epoch 8460, Reverse Model W2: 0.0480
2026-03-28 22:33:30 | DEBUG | sivi:base_runner.py:477| eval_elbo | Epoch 8460, ELBO: 0.0056, Std Total: 0.1394, Std Q: nan, CI Half: 0.0122
2026-03-28 22:33:30 | DEBUG | sivi:base_runner.py:507| eval_ksd | Epoch 8460, VI KSD: 0.0003
2026-03-28 22:33:30 | DEBUG | sivi:base_runner.py:337| eval_kl_ite | Epoch 8470, VI KL to baseline: 0.0051
2026-03-28 22:33:30 | DEBUG | sivi:base_reverse_runner.py:261| eval_kl_ite | Epoch 8470, Reverse Model KL ITE: 0.0768
2026-03-28 22:33:30 | DEBUG | sivi:base_runner.py:347| eval_w2 | Epoch 8470, VI W2 to baseline: 0.0335
2026-03-28 22:33:30 | DEBUG | sivi:base_reverse_runner.py:272| eval_w2 | Epoch 8470, Reverse Model W2: 0.0486
2026-03-28 22:33:30 | DEBUG | sivi:base_runner.py:477| eval_elbo | Epoch 8470, ELBO: 0.0142, Std Total: 0.1473, Std Q: nan, CI Half: 0.0129
2026-03-28 22:33:30 | DEBUG | sivi:base_runner.py:507| eval_ksd | Epoch 8470, VI KSD: -0.0003
2026-03-28 22:33:30 | DEBUG | sivi:base_runner.py:337| eval_kl_ite | Epoch 8480, VI KL to baseline: 0.0171
2026-03-28 22:33:31 | DEBUG | sivi:base_reverse_runner.py:261| eval_kl_ite | Epoch 8480, Reverse Model KL ITE: 0.0976
2026-03-28 22:33:31 | DEBUG | sivi:base_runner.py:347| eval_w2 | Epoch 8480, VI W2 to baseline: 0.0414
2026-03-28 22:33:31 | DEBUG | sivi:base_reverse_runner.py:272| eval_w2 | Epoch 8480, Reverse Model W2: 0.0503
2026-03-28 22:33:31 | DEBUG | sivi:base_runner.py:477| eval_elbo | Epoch 8480, ELBO: 0.0037, Std Total: 0.1571, Std Q: nan, CI Half: 0.0138
2026-03-28 22:33:31 | DEBUG | sivi:base_runner.py:507| eval_ksd | Epoch 8480, VI KSD: 0.0027
2026-03-28 22:33:31 | DEBUG | sivi:base_runner.py:337| eval_kl_ite | Epoch 8490, VI KL to baseline: 0.0124
2026-03-28 22:33:31 | DEBUG | sivi:base_reverse_runner.py:261| eval_kl_ite | Epoch 8490, Reverse Model KL ITE: 0.0869
2026-03-28 22:33:31 | DEBUG | sivi:base_runner.py:347| eval_w2 | Epoch 8490, VI W2 to baseline: 0.0474
2026-03-28 22:33:31 | DEBUG | sivi:base_reverse_runner.py:272| eval_w2 | Epoch 8490, Reverse Model W2: 0.0545
2026-03-28 22:33:31 | DEBUG | sivi:base_runner.py:477| eval_elbo | Epoch 8490, ELBO: 0.0021, Std Total: 0.1384, Std Q: nan, CI Half: 0.0121
2026-03-28 22:33:31 | DEBUG | sivi:base_runner.py:507| eval_ksd | Epoch 8490, VI KSD: 0.0006
2026-03-28 22:33:32 | DEBUG | sivi:base_runner.py:874| learn | Epoch 8500: Avg Loss: -0.0244, Avg Epoch Time: 0.0557s
2026-03-28 22:33:32 | DEBUG | sivi:base_reverse_runner.py:183| _training_rev_log_func | Epoch 8500, Inner epoch 1, Reverse Model Loss: 4.9392, Avg Steps: 1.0000
2026-03-28 22:33:32 | DEBUG | sivi:base_runner.py:588| save_samples | Saved 100000 samples at epoch 8500.
2026-03-28 22:33:32 | DEBUG | sivi:base_runner.py:337| eval_kl_ite | Epoch 8500, VI KL to baseline: 0.0270
2026-03-28 22:33:32 | DEBUG | sivi:base_reverse_runner.py:261| eval_kl_ite | Epoch 8500, Reverse Model KL ITE: 0.0907
2026-03-28 22:33:32 | DEBUG | sivi:base_runner.py:347| eval_w2 | Epoch 8500, VI W2 to baseline: 0.0462
2026-03-28 22:33:32 | DEBUG | sivi:base_reverse_runner.py:272| eval_w2 | Epoch 8500, Reverse Model W2: 0.0530
2026-03-28 22:33:32 | DEBUG | sivi:base_runner.py:477| eval_elbo | Epoch 8500, ELBO: 0.0036, Std Total: 0.1500, Std Q: nan, CI Half: 0.0131
2026-03-28 22:33:32 | DEBUG | sivi:base_runner.py:507| eval_ksd | Epoch 8500, VI KSD: -0.0004
2026-03-28 22:33:32 | DEBUG | sivi:base_runner.py:970| learn | Saved contour plot at epoch 8500.
2026-03-28 22:33:32 | DEBUG | sivi:base_runner.py:337| eval_kl_ite | Epoch 8510, VI KL to baseline: -0.0086
2026-03-28 22:33:33 | DEBUG | sivi:base_reverse_runner.py:261| eval_kl_ite | Epoch 8510, Reverse Model KL ITE: 0.0693
2026-03-28 22:33:33 | DEBUG | sivi:base_runner.py:347| eval_w2 | Epoch 8510, VI W2 to baseline: 0.0454
2026-03-28 22:33:33 | DEBUG | sivi:base_reverse_runner.py:272| eval_w2 | Epoch 8510, Reverse Model W2: 0.0519
2026-03-28 22:33:33 | DEBUG | sivi:base_runner.py:477| eval_elbo | Epoch 8510, ELBO: 0.0074, Std Total: 0.1254, Std Q: nan, CI Half: 0.0110
2026-03-28 22:33:33 | DEBUG | sivi:base_runner.py:507| eval_ksd | Epoch 8510, VI KSD: 0.0008
2026-03-28 22:33:33 | DEBUG | sivi:base_runner.py:337| eval_kl_ite | Epoch 8520, VI KL to baseline: -0.0029
2026-03-28 22:33:33 | DEBUG | sivi:base_reverse_runner.py:261| eval_kl_ite | Epoch 8520, Reverse Model KL ITE: 0.0760
2026-03-28 22:33:33 | DEBUG | sivi:base_runner.py:347| eval_w2 | Epoch 8520, VI W2 to baseline: 0.0436
2026-03-28 22:33:33 | DEBUG | sivi:base_reverse_runner.py:272| eval_w2 | Epoch 8520, Reverse Model W2: 0.0487
2026-03-28 22:33:33 | DEBUG | sivi:base_runner.py:477| eval_elbo | Epoch 8520, ELBO: 0.0031, Std Total: 0.1723, Std Q: nan, CI Half: 0.0151
2026-03-28 22:33:33 | DEBUG | sivi:base_runner.py:507| eval_ksd | Epoch 8520, VI KSD: -0.0003
2026-03-28 22:33:34 | DEBUG | sivi:base_runner.py:337| eval_kl_ite | Epoch 8530, VI KL to baseline: 0.0054
2026-03-28 22:33:34 | DEBUG | sivi:base_reverse_runner.py:261| eval_kl_ite | Epoch 8530, Reverse Model KL ITE: 0.0893
2026-03-28 22:33:34 | DEBUG | sivi:base_runner.py:347| eval_w2 | Epoch 8530, VI W2 to baseline: 0.0490
2026-03-28 22:33:34 | DEBUG | sivi:base_reverse_runner.py:272| eval_w2 | Epoch 8530, Reverse Model W2: 0.0521
2026-03-28 22:33:34 | DEBUG | sivi:base_runner.py:477| eval_elbo | Epoch 8530, ELBO: -0.0079, Std Total: 0.1040, Std Q: nan, CI Half: 0.0091
2026-03-28 22:33:34 | DEBUG | sivi:base_runner.py:507| eval_ksd | Epoch 8530, VI KSD: 0.0008
2026-03-28 22:33:34 | DEBUG | sivi:base_runner.py:337| eval_kl_ite | Epoch 8540, VI KL to baseline: 0.0101
2026-03-28 22:33:34 | DEBUG | sivi:base_reverse_runner.py:261| eval_kl_ite | Epoch 8540, Reverse Model KL ITE: 0.0933
2026-03-28 22:33:34 | DEBUG | sivi:base_runner.py:347| eval_w2 | Epoch 8540, VI W2 to baseline: 0.0589
2026-03-28 22:33:34 | DEBUG | sivi:base_reverse_runner.py:272| eval_w2 | Epoch 8540, Reverse Model W2: 0.0524
2026-03-28 22:33:34 | DEBUG | sivi:base_runner.py:477| eval_elbo | Epoch 8540, ELBO: 0.0014, Std Total: 0.1442, Std Q: nan, CI Half: 0.0126
2026-03-28 22:33:34 | DEBUG | sivi:base_runner.py:507| eval_ksd | Epoch 8540, VI KSD: 0.0001
2026-03-28 22:33:35 | DEBUG | sivi:base_runner.py:337| eval_kl_ite | Epoch 8550, VI KL to baseline: 0.0002
2026-03-28 22:33:35 | DEBUG | sivi:base_reverse_runner.py:261| eval_kl_ite | Epoch 8550, Reverse Model KL ITE: 0.0947
2026-03-28 22:33:35 | DEBUG | sivi:base_runner.py:347| eval_w2 | Epoch 8550, VI W2 to baseline: 0.0478
2026-03-28 22:33:35 | DEBUG | sivi:base_reverse_runner.py:272| eval_w2 | Epoch 8550, Reverse Model W2: 0.0496
2026-03-28 22:33:35 | DEBUG | sivi:base_runner.py:477| eval_elbo | Epoch 8550, ELBO: 0.0110, Std Total: 0.1271, Std Q: nan, CI Half: 0.0111
2026-03-28 22:33:35 | DEBUG | sivi:base_runner.py:507| eval_ksd | Epoch 8550, VI KSD: 0.0004
2026-03-28 22:33:35 | DEBUG | sivi:base_runner.py:337| eval_kl_ite | Epoch 8560, VI KL to baseline: -0.0060
2026-03-28 22:33:36 | DEBUG | sivi:base_reverse_runner.py:261| eval_kl_ite | Epoch 8560, Reverse Model KL ITE: 0.0793
2026-03-28 22:33:36 | DEBUG | sivi:base_runner.py:347| eval_w2 | Epoch 8560, VI W2 to baseline: 0.0518
2026-03-28 22:33:36 | DEBUG | sivi:base_reverse_runner.py:272| eval_w2 | Epoch 8560, Reverse Model W2: 0.0474
2026-03-28 22:33:36 | DEBUG | sivi:base_runner.py:477| eval_elbo | Epoch 8560, ELBO: -0.0022, Std Total: 0.1214, Std Q: nan, CI Half: 0.0106
2026-03-28 22:33:36 | DEBUG | sivi:base_runner.py:507| eval_ksd | Epoch 8560, VI KSD: -0.0001
2026-03-28 22:33:36 | DEBUG | sivi:base_runner.py:337| eval_kl_ite | Epoch 8570, VI KL to baseline: 0.0143
2026-03-28 22:33:36 | DEBUG | sivi:base_reverse_runner.py:261| eval_kl_ite | Epoch 8570, Reverse Model KL ITE: 0.0805
2026-03-28 22:33:36 | DEBUG | sivi:base_runner.py:347| eval_w2 | Epoch 8570, VI W2 to baseline: 0.0448
2026-03-28 22:33:36 | DEBUG | sivi:base_reverse_runner.py:272| eval_w2 | Epoch 8570, Reverse Model W2: 0.0541
2026-03-28 22:33:36 | DEBUG | sivi:base_runner.py:477| eval_elbo | Epoch 8570, ELBO: 0.0136, Std Total: 0.1289, Std Q: nan, CI Half: 0.0113
2026-03-28 22:33:36 | DEBUG | sivi:base_runner.py:507| eval_ksd | Epoch 8570, VI KSD: 0.0000
2026-03-28 22:33:37 | DEBUG | sivi:base_runner.py:337| eval_kl_ite | Epoch 8580, VI KL to baseline: 0.0197
2026-03-28 22:33:37 | DEBUG | sivi:base_reverse_runner.py:261| eval_kl_ite | Epoch 8580, Reverse Model KL ITE: 0.0891
2026-03-28 22:33:37 | DEBUG | sivi:base_runner.py:347| eval_w2 | Epoch 8580, VI W2 to baseline: 0.0342
2026-03-28 22:33:37 | DEBUG | sivi:base_reverse_runner.py:272| eval_w2 | Epoch 8580, Reverse Model W2: 0.0538
2026-03-28 22:33:37 | DEBUG | sivi:base_runner.py:477| eval_elbo | Epoch 8580, ELBO: 0.0050, Std Total: 0.1203, Std Q: nan, CI Half: 0.0105
2026-03-28 22:33:37 | DEBUG | sivi:base_runner.py:507| eval_ksd | Epoch 8580, VI KSD: -0.0005
2026-03-28 22:33:37 | DEBUG | sivi:base_runner.py:337| eval_kl_ite | Epoch 8590, VI KL to baseline: -0.0096
2026-03-28 22:33:37 | DEBUG | sivi:base_reverse_runner.py:261| eval_kl_ite | Epoch 8590, Reverse Model KL ITE: 0.0756
2026-03-28 22:33:37 | DEBUG | sivi:base_runner.py:347| eval_w2 | Epoch 8590, VI W2 to baseline: 0.0297
2026-03-28 22:33:37 | DEBUG | sivi:base_reverse_runner.py:272| eval_w2 | Epoch 8590, Reverse Model W2: 0.0459
2026-03-28 22:33:37 | DEBUG | sivi:base_runner.py:477| eval_elbo | Epoch 8590, ELBO: 0.0042, Std Total: 0.1258, Std Q: nan, CI Half: 0.0110
2026-03-28 22:33:37 | DEBUG | sivi:base_runner.py:507| eval_ksd | Epoch 8590, VI KSD: 0.0001
2026-03-28 22:33:38 | DEBUG | sivi:base_runner.py:874| learn | Epoch 8600: Avg Loss: -0.0093, Avg Epoch Time: 0.0604s
2026-03-28 22:33:38 | DEBUG | sivi:base_runner.py:337| eval_kl_ite | Epoch 8600, VI KL to baseline: -0.0008
2026-03-28 22:33:38 | DEBUG | sivi:base_reverse_runner.py:261| eval_kl_ite | Epoch 8600, Reverse Model KL ITE: 0.0864
2026-03-28 22:33:38 | DEBUG | sivi:base_runner.py:347| eval_w2 | Epoch 8600, VI W2 to baseline: 0.0376
2026-03-28 22:33:38 | DEBUG | sivi:base_reverse_runner.py:272| eval_w2 | Epoch 8600, Reverse Model W2: 0.0507
2026-03-28 22:33:38 | DEBUG | sivi:base_runner.py:477| eval_elbo | Epoch 8600, ELBO: 0.0047, Std Total: 0.1397, Std Q: nan, CI Half: 0.0122
2026-03-28 22:33:38 | DEBUG | sivi:base_runner.py:507| eval_ksd | Epoch 8600, VI KSD: 0.0003
2026-03-28 22:33:38 | DEBUG | sivi:base_runner.py:337| eval_kl_ite | Epoch 8610, VI KL to baseline: 0.0227
2026-03-28 22:33:38 | DEBUG | sivi:base_reverse_runner.py:261| eval_kl_ite | Epoch 8610, Reverse Model KL ITE: 0.0659
2026-03-28 22:33:38 | DEBUG | sivi:base_runner.py:347| eval_w2 | Epoch 8610, VI W2 to baseline: 0.0331
2026-03-28 22:33:38 | DEBUG | sivi:base_reverse_runner.py:272| eval_w2 | Epoch 8610, Reverse Model W2: 0.0533
2026-03-28 22:33:38 | DEBUG | sivi:base_runner.py:477| eval_elbo | Epoch 8610, ELBO: 0.0261, Std Total: 0.1617, Std Q: nan, CI Half: 0.0142
2026-03-28 22:33:38 | DEBUG | sivi:base_runner.py:507| eval_ksd | Epoch 8610, VI KSD: -0.0002
2026-03-28 22:33:39 | DEBUG | sivi:base_runner.py:337| eval_kl_ite | Epoch 8620, VI KL to baseline: -0.0020
2026-03-28 22:33:39 | DEBUG | sivi:base_reverse_runner.py:261| eval_kl_ite | Epoch 8620, Reverse Model KL ITE: 0.1140
2026-03-28 22:33:39 | DEBUG | sivi:base_runner.py:347| eval_w2 | Epoch 8620, VI W2 to baseline: 0.0382
2026-03-28 22:33:39 | DEBUG | sivi:base_reverse_runner.py:272| eval_w2 | Epoch 8620, Reverse Model W2: 0.0444
2026-03-28 22:33:39 | DEBUG | sivi:base_runner.py:477| eval_elbo | Epoch 8620, ELBO: 0.0027, Std Total: 0.1168, Std Q: nan, CI Half: 0.0102
2026-03-28 22:33:39 | DEBUG | sivi:base_runner.py:507| eval_ksd | Epoch 8620, VI KSD: -0.0008
2026-03-28 22:33:39 | DEBUG | sivi:base_runner.py:337| eval_kl_ite | Epoch 8630, VI KL to baseline: -0.0010
2026-03-28 22:33:39 | DEBUG | sivi:base_reverse_runner.py:261| eval_kl_ite | Epoch 8630, Reverse Model KL ITE: 0.0752
2026-03-28 22:33:39 | DEBUG | sivi:base_runner.py:347| eval_w2 | Epoch 8630, VI W2 to baseline: 0.0270
2026-03-28 22:33:39 | DEBUG | sivi:base_reverse_runner.py:272| eval_w2 | Epoch 8630, Reverse Model W2: 0.0493
2026-03-28 22:33:39 | DEBUG | sivi:base_runner.py:477| eval_elbo | Epoch 8630, ELBO: 0.0104, Std Total: 0.1401, Std Q: nan, CI Half: 0.0123
2026-03-28 22:33:39 | DEBUG | sivi:base_runner.py:507| eval_ksd | Epoch 8630, VI KSD: -0.0001
2026-03-28 22:33:40 | DEBUG | sivi:base_runner.py:337| eval_kl_ite | Epoch 8640, VI KL to baseline: 0.0078
2026-03-28 22:33:40 | DEBUG | sivi:base_reverse_runner.py:261| eval_kl_ite | Epoch 8640, Reverse Model KL ITE: 0.0677
2026-03-28 22:33:40 | DEBUG | sivi:base_runner.py:347| eval_w2 | Epoch 8640, VI W2 to baseline: 0.0341
2026-03-28 22:33:40 | DEBUG | sivi:base_reverse_runner.py:272| eval_w2 | Epoch 8640, Reverse Model W2: 0.0531
2026-03-28 22:33:40 | DEBUG | sivi:base_runner.py:477| eval_elbo | Epoch 8640, ELBO: 0.0058, Std Total: 0.1161, Std Q: nan, CI Half: 0.0102
2026-03-28 22:33:40 | DEBUG | sivi:base_runner.py:507| eval_ksd | Epoch 8640, VI KSD: 0.0015
2026-03-28 22:33:40 | DEBUG | sivi:base_runner.py:337| eval_kl_ite | Epoch 8650, VI KL to baseline: 0.0020
2026-03-28 22:33:40 | DEBUG | sivi:base_reverse_runner.py:261| eval_kl_ite | Epoch 8650, Reverse Model KL ITE: 0.0680
2026-03-28 22:33:40 | DEBUG | sivi:base_runner.py:347| eval_w2 | Epoch 8650, VI W2 to baseline: 0.0327
2026-03-28 22:33:40 | DEBUG | sivi:base_reverse_runner.py:272| eval_w2 | Epoch 8650, Reverse Model W2: 0.0521
2026-03-28 22:33:40 | DEBUG | sivi:base_runner.py:477| eval_elbo | Epoch 8650, ELBO: -0.0052, Std Total: 0.1410, Std Q: nan, CI Half: 0.0124
2026-03-28 22:33:40 | DEBUG | sivi:base_runner.py:507| eval_ksd | Epoch 8650, VI KSD: 0.0003
2026-03-28 22:33:41 | DEBUG | sivi:base_runner.py:337| eval_kl_ite | Epoch 8660, VI KL to baseline: -0.0069
2026-03-28 22:33:41 | DEBUG | sivi:base_reverse_runner.py:261| eval_kl_ite | Epoch 8660, Reverse Model KL ITE: 0.0749
2026-03-28 22:33:41 | DEBUG | sivi:base_runner.py:347| eval_w2 | Epoch 8660, VI W2 to baseline: 0.0276
2026-03-28 22:33:41 | DEBUG | sivi:base_reverse_runner.py:272| eval_w2 | Epoch 8660, Reverse Model W2: 0.0490
2026-03-28 22:33:41 | DEBUG | sivi:base_runner.py:477| eval_elbo | Epoch 8660, ELBO: 0.0078, Std Total: 0.1238, Std Q: nan, CI Half: 0.0108
2026-03-28 22:33:41 | DEBUG | sivi:base_runner.py:507| eval_ksd | Epoch 8660, VI KSD: 0.0014
2026-03-28 22:33:41 | DEBUG | sivi:base_runner.py:337| eval_kl_ite | Epoch 8670, VI KL to baseline: 0.0205
2026-03-28 22:33:41 | DEBUG | sivi:base_reverse_runner.py:261| eval_kl_ite | Epoch 8670, Reverse Model KL ITE: 0.0932
2026-03-28 22:33:42 | DEBUG | sivi:base_runner.py:347| eval_w2 | Epoch 8670, VI W2 to baseline: 0.0343
2026-03-28 22:33:42 | DEBUG | sivi:base_reverse_runner.py:272| eval_w2 | Epoch 8670, Reverse Model W2: 0.0487
2026-03-28 22:33:42 | DEBUG | sivi:base_runner.py:477| eval_elbo | Epoch 8670, ELBO: 0.0135, Std Total: 0.1429, Std Q: nan, CI Half: 0.0125
2026-03-28 22:33:42 | DEBUG | sivi:base_runner.py:507| eval_ksd | Epoch 8670, VI KSD: 0.0011
2026-03-28 22:33:42 | DEBUG | sivi:base_runner.py:337| eval_kl_ite | Epoch 8680, VI KL to baseline: 0.0114
2026-03-28 22:33:42 | DEBUG | sivi:base_reverse_runner.py:261| eval_kl_ite | Epoch 8680, Reverse Model KL ITE: 0.0792
2026-03-28 22:33:42 | DEBUG | sivi:base_runner.py:347| eval_w2 | Epoch 8680, VI W2 to baseline: 0.0268
2026-03-28 22:33:42 | DEBUG | sivi:base_reverse_runner.py:272| eval_w2 | Epoch 8680, Reverse Model W2: 0.0458
2026-03-28 22:33:42 | DEBUG | sivi:base_runner.py:477| eval_elbo | Epoch 8680, ELBO: 0.0013, Std Total: 0.1197, Std Q: nan, CI Half: 0.0105
2026-03-28 22:33:42 | DEBUG | sivi:base_runner.py:507| eval_ksd | Epoch 8680, VI KSD: 0.0009
2026-03-28 22:33:43 | DEBUG | sivi:base_runner.py:337| eval_kl_ite | Epoch 8690, VI KL to baseline: 0.0068
2026-03-28 22:33:43 | DEBUG | sivi:base_reverse_runner.py:261| eval_kl_ite | Epoch 8690, Reverse Model KL ITE: 0.0903
2026-03-28 22:33:43 | DEBUG | sivi:base_runner.py:347| eval_w2 | Epoch 8690, VI W2 to baseline: 0.0322
2026-03-28 22:33:43 | DEBUG | sivi:base_reverse_runner.py:272| eval_w2 | Epoch 8690, Reverse Model W2: 0.0524
2026-03-28 22:33:43 | DEBUG | sivi:base_runner.py:477| eval_elbo | Epoch 8690, ELBO: 0.0128, Std Total: 0.1039, Std Q: nan, CI Half: 0.0091
2026-03-28 22:33:43 | DEBUG | sivi:base_runner.py:507| eval_ksd | Epoch 8690, VI KSD: 0.0000
2026-03-28 22:33:43 | DEBUG | sivi:base_runner.py:874| learn | Epoch 8700: Avg Loss: -0.0036, Avg Epoch Time: 0.0537s
2026-03-28 22:33:43 | DEBUG | sivi:base_runner.py:337| eval_kl_ite | Epoch 8700, VI KL to baseline: -0.0145
2026-03-28 22:33:43 | DEBUG | sivi:base_reverse_runner.py:261| eval_kl_ite | Epoch 8700, Reverse Model KL ITE: 0.0892
2026-03-28 22:33:43 | DEBUG | sivi:base_runner.py:347| eval_w2 | Epoch 8700, VI W2 to baseline: 0.0409
2026-03-28 22:33:43 | DEBUG | sivi:base_reverse_runner.py:272| eval_w2 | Epoch 8700, Reverse Model W2: 0.0475
2026-03-28 22:33:43 | DEBUG | sivi:base_runner.py:477| eval_elbo | Epoch 8700, ELBO: 0.0127, Std Total: 0.1365, Std Q: nan, CI Half: 0.0120
2026-03-28 22:33:43 | DEBUG | sivi:base_runner.py:507| eval_ksd | Epoch 8700, VI KSD: 0.0004
2026-03-28 22:33:44 | DEBUG | sivi:base_runner.py:337| eval_kl_ite | Epoch 8710, VI KL to baseline: -0.0036
2026-03-28 22:33:44 | DEBUG | sivi:base_reverse_runner.py:261| eval_kl_ite | Epoch 8710, Reverse Model KL ITE: 0.0923
2026-03-28 22:33:44 | DEBUG | sivi:base_runner.py:347| eval_w2 | Epoch 8710, VI W2 to baseline: 0.0338
2026-03-28 22:33:44 | DEBUG | sivi:base_reverse_runner.py:272| eval_w2 | Epoch 8710, Reverse Model W2: 0.0492
2026-03-28 22:33:44 | DEBUG | sivi:base_runner.py:477| eval_elbo | Epoch 8710, ELBO: 0.0028, Std Total: 0.1235, Std Q: nan, CI Half: 0.0108
2026-03-28 22:33:44 | DEBUG | sivi:base_runner.py:507| eval_ksd | Epoch 8710, VI KSD: -0.0006
2026-03-28 22:33:44 | DEBUG | sivi:base_runner.py:337| eval_kl_ite | Epoch 8720, VI KL to baseline: -0.0099
2026-03-28 22:33:44 | DEBUG | sivi:base_reverse_runner.py:261| eval_kl_ite | Epoch 8720, Reverse Model KL ITE: 0.0821
2026-03-28 22:33:44 | DEBUG | sivi:base_runner.py:347| eval_w2 | Epoch 8720, VI W2 to baseline: 0.0430
2026-03-28 22:33:44 | DEBUG | sivi:base_reverse_runner.py:272| eval_w2 | Epoch 8720, Reverse Model W2: 0.0484
2026-03-28 22:33:44 | DEBUG | sivi:base_runner.py:477| eval_elbo | Epoch 8720, ELBO: -0.0030, Std Total: 0.1466, Std Q: nan, CI Half: 0.0128
2026-03-28 22:33:44 | DEBUG | sivi:base_runner.py:507| eval_ksd | Epoch 8720, VI KSD: -0.0001
2026-03-28 22:33:45 | DEBUG | sivi:base_runner.py:337| eval_kl_ite | Epoch 8730, VI KL to baseline: -0.0013
2026-03-28 22:33:45 | DEBUG | sivi:base_reverse_runner.py:261| eval_kl_ite | Epoch 8730, Reverse Model KL ITE: 0.1036
2026-03-28 22:33:45 | DEBUG | sivi:base_runner.py:347| eval_w2 | Epoch 8730, VI W2 to baseline: 0.0458
2026-03-28 22:33:45 | DEBUG | sivi:base_reverse_runner.py:272| eval_w2 | Epoch 8730, Reverse Model W2: 0.0456
2026-03-28 22:33:45 | DEBUG | sivi:base_runner.py:477| eval_elbo | Epoch 8730, ELBO: 0.0029, Std Total: 0.1571, Std Q: nan, CI Half: 0.0138
2026-03-28 22:33:45 | DEBUG | sivi:base_runner.py:507| eval_ksd | Epoch 8730, VI KSD: -0.0001
2026-03-28 22:33:45 | DEBUG | sivi:base_runner.py:337| eval_kl_ite | Epoch 8740, VI KL to baseline: -0.0020
2026-03-28 22:33:46 | DEBUG | sivi:base_reverse_runner.py:261| eval_kl_ite | Epoch 8740, Reverse Model KL ITE: 0.0868
2026-03-28 22:33:46 | DEBUG | sivi:base_runner.py:347| eval_w2 | Epoch 8740, VI W2 to baseline: 0.0375
2026-03-28 22:33:46 | DEBUG | sivi:base_reverse_runner.py:272| eval_w2 | Epoch 8740, Reverse Model W2: 0.0479
2026-03-28 22:33:46 | DEBUG | sivi:base_runner.py:477| eval_elbo | Epoch 8740, ELBO: 0.0143, Std Total: 0.1316, Std Q: nan, CI Half: 0.0115
2026-03-28 22:33:46 | DEBUG | sivi:base_runner.py:507| eval_ksd | Epoch 8740, VI KSD: 0.0011
2026-03-28 22:33:46 | DEBUG | sivi:base_runner.py:337| eval_kl_ite | Epoch 8750, VI KL to baseline: 0.0060
2026-03-28 22:33:46 | DEBUG | sivi:base_reverse_runner.py:261| eval_kl_ite | Epoch 8750, Reverse Model KL ITE: 0.0937
2026-03-28 22:33:46 | DEBUG | sivi:base_runner.py:347| eval_w2 | Epoch 8750, VI W2 to baseline: 0.0574
2026-03-28 22:33:46 | DEBUG | sivi:base_reverse_runner.py:272| eval_w2 | Epoch 8750, Reverse Model W2: 0.0487
2026-03-28 22:33:46 | DEBUG | sivi:base_runner.py:477| eval_elbo | Epoch 8750, ELBO: 0.0027, Std Total: 0.1492, Std Q: nan, CI Half: 0.0131
2026-03-28 22:33:46 | DEBUG | sivi:base_runner.py:507| eval_ksd | Epoch 8750, VI KSD: 0.0001
2026-03-28 22:33:47 | DEBUG | sivi:base_runner.py:337| eval_kl_ite | Epoch 8760, VI KL to baseline: 0.0032
2026-03-28 22:33:47 | DEBUG | sivi:base_reverse_runner.py:261| eval_kl_ite | Epoch 8760, Reverse Model KL ITE: 0.0863
2026-03-28 22:33:47 | DEBUG | sivi:base_runner.py:347| eval_w2 | Epoch 8760, VI W2 to baseline: 0.0391
2026-03-28 22:33:47 | DEBUG | sivi:base_reverse_runner.py:272| eval_w2 | Epoch 8760, Reverse Model W2: 0.0503
2026-03-28 22:33:47 | DEBUG | sivi:base_runner.py:477| eval_elbo | Epoch 8760, ELBO: 0.0078, Std Total: 0.1328, Std Q: nan, CI Half: 0.0116
2026-03-28 22:33:47 | DEBUG | sivi:base_runner.py:507| eval_ksd | Epoch 8760, VI KSD: 0.0006
2026-03-28 22:33:47 | DEBUG | sivi:base_runner.py:337| eval_kl_ite | Epoch 8770, VI KL to baseline: -0.0025
2026-03-28 22:33:47 | DEBUG | sivi:base_reverse_runner.py:261| eval_kl_ite | Epoch 8770, Reverse Model KL ITE: 0.0779
2026-03-28 22:33:47 | DEBUG | sivi:base_runner.py:347| eval_w2 | Epoch 8770, VI W2 to baseline: 0.0298
2026-03-28 22:33:47 | DEBUG | sivi:base_reverse_runner.py:272| eval_w2 | Epoch 8770, Reverse Model W2: 0.0427
2026-03-28 22:33:47 | DEBUG | sivi:base_runner.py:477| eval_elbo | Epoch 8770, ELBO: 0.0117, Std Total: 0.1269, Std Q: nan, CI Half: 0.0111
2026-03-28 22:33:47 | DEBUG | sivi:base_runner.py:507| eval_ksd | Epoch 8770, VI KSD: 0.0005
2026-03-28 22:33:48 | DEBUG | sivi:base_runner.py:337| eval_kl_ite | Epoch 8780, VI KL to baseline: -0.0187
2026-03-28 22:33:48 | DEBUG | sivi:base_reverse_runner.py:261| eval_kl_ite | Epoch 8780, Reverse Model KL ITE: 0.0974
2026-03-28 22:33:48 | DEBUG | sivi:base_runner.py:347| eval_w2 | Epoch 8780, VI W2 to baseline: 0.0342
2026-03-28 22:33:48 | DEBUG | sivi:base_reverse_runner.py:272| eval_w2 | Epoch 8780, Reverse Model W2: 0.0486
2026-03-28 22:33:48 | DEBUG | sivi:base_runner.py:477| eval_elbo | Epoch 8780, ELBO: 0.0086, Std Total: 0.1368, Std Q: nan, CI Half: 0.0120
2026-03-28 22:33:48 | DEBUG | sivi:base_runner.py:507| eval_ksd | Epoch 8780, VI KSD: 0.0005
2026-03-28 22:33:48 | DEBUG | sivi:base_runner.py:337| eval_kl_ite | Epoch 8790, VI KL to baseline: -0.0053
2026-03-28 22:33:48 | DEBUG | sivi:base_reverse_runner.py:261| eval_kl_ite | Epoch 8790, Reverse Model KL ITE: 0.0851
2026-03-28 22:33:48 | DEBUG | sivi:base_runner.py:347| eval_w2 | Epoch 8790, VI W2 to baseline: 0.0256
2026-03-28 22:33:48 | DEBUG | sivi:base_reverse_runner.py:272| eval_w2 | Epoch 8790, Reverse Model W2: 0.0533
2026-03-28 22:33:48 | DEBUG | sivi:base_runner.py:477| eval_elbo | Epoch 8790, ELBO: 0.0069, Std Total: 0.1296, Std Q: nan, CI Half: 0.0114
2026-03-28 22:33:48 | DEBUG | sivi:base_runner.py:507| eval_ksd | Epoch 8790, VI KSD: 0.0007
2026-03-28 22:33:49 | DEBUG | sivi:base_runner.py:874| learn | Epoch 8800: Avg Loss: 0.0057, Avg Epoch Time: 0.0591s
2026-03-28 22:33:49 | DEBUG | sivi:base_runner.py:337| eval_kl_ite | Epoch 8800, VI KL to baseline: 0.0040
2026-03-28 22:33:49 | DEBUG | sivi:base_reverse_runner.py:261| eval_kl_ite | Epoch 8800, Reverse Model KL ITE: 0.0920
2026-03-28 22:33:49 | DEBUG | sivi:base_runner.py:347| eval_w2 | Epoch 8800, VI W2 to baseline: 0.0372
2026-03-28 22:33:49 | DEBUG | sivi:base_reverse_runner.py:272| eval_w2 | Epoch 8800, Reverse Model W2: 0.0461
2026-03-28 22:33:49 | DEBUG | sivi:base_runner.py:477| eval_elbo | Epoch 8800, ELBO: 0.0037, Std Total: 0.1213, Std Q: nan, CI Half: 0.0106
2026-03-28 22:33:49 | DEBUG | sivi:base_runner.py:507| eval_ksd | Epoch 8800, VI KSD: 0.0011
2026-03-28 22:33:50 | DEBUG | sivi:base_runner.py:337| eval_kl_ite | Epoch 8810, VI KL to baseline: -0.0008
2026-03-28 22:33:50 | DEBUG | sivi:base_reverse_runner.py:261| eval_kl_ite | Epoch 8810, Reverse Model KL ITE: 0.1036
2026-03-28 22:33:50 | DEBUG | sivi:base_runner.py:347| eval_w2 | Epoch 8810, VI W2 to baseline: 0.0361
2026-03-28 22:33:50 | DEBUG | sivi:base_reverse_runner.py:272| eval_w2 | Epoch 8810, Reverse Model W2: 0.0485
2026-03-28 22:33:50 | DEBUG | sivi:base_runner.py:477| eval_elbo | Epoch 8810, ELBO: 0.0063, Std Total: 0.1282, Std Q: nan, CI Half: 0.0112
2026-03-28 22:33:50 | DEBUG | sivi:base_runner.py:507| eval_ksd | Epoch 8810, VI KSD: 0.0004
2026-03-28 22:33:50 | DEBUG | sivi:base_runner.py:337| eval_kl_ite | Epoch 8820, VI KL to baseline: 0.0037
2026-03-28 22:33:50 | DEBUG | sivi:base_reverse_runner.py:261| eval_kl_ite | Epoch 8820, Reverse Model KL ITE: 0.0829
2026-03-28 22:33:50 | DEBUG | sivi:base_runner.py:347| eval_w2 | Epoch 8820, VI W2 to baseline: 0.0309
2026-03-28 22:33:50 | DEBUG | sivi:base_reverse_runner.py:272| eval_w2 | Epoch 8820, Reverse Model W2: 0.0427
2026-03-28 22:33:50 | DEBUG | sivi:base_runner.py:477| eval_elbo | Epoch 8820, ELBO: -0.0021, Std Total: 0.1335, Std Q: nan, CI Half: 0.0117
2026-03-28 22:33:50 | DEBUG | sivi:base_runner.py:507| eval_ksd | Epoch 8820, VI KSD: -0.0003
2026-03-28 22:33:51 | DEBUG | sivi:base_runner.py:337| eval_kl_ite | Epoch 8830, VI KL to baseline: 0.0002
2026-03-28 22:33:51 | DEBUG | sivi:base_reverse_runner.py:261| eval_kl_ite | Epoch 8830, Reverse Model KL ITE: 0.0788
2026-03-28 22:33:51 | DEBUG | sivi:base_runner.py:347| eval_w2 | Epoch 8830, VI W2 to baseline: 0.0320
2026-03-28 22:33:51 | DEBUG | sivi:base_reverse_runner.py:272| eval_w2 | Epoch 8830, Reverse Model W2: 0.0434
2026-03-28 22:33:51 | DEBUG | sivi:base_runner.py:477| eval_elbo | Epoch 8830, ELBO: 0.0071, Std Total: 0.0901, Std Q: nan, CI Half: 0.0079
2026-03-28 22:33:51 | DEBUG | sivi:base_runner.py:507| eval_ksd | Epoch 8830, VI KSD: 0.0002
2026-03-28 22:33:51 | DEBUG | sivi:base_runner.py:337| eval_kl_ite | Epoch 8840, VI KL to baseline: 0.0146
2026-03-28 22:33:51 | DEBUG | sivi:base_reverse_runner.py:261| eval_kl_ite | Epoch 8840, Reverse Model KL ITE: 0.0680
2026-03-28 22:33:52 | DEBUG | sivi:base_runner.py:347| eval_w2 | Epoch 8840, VI W2 to baseline: 0.0313
2026-03-28 22:33:52 | DEBUG | sivi:base_reverse_runner.py:272| eval_w2 | Epoch 8840, Reverse Model W2: 0.0485
2026-03-28 22:33:52 | DEBUG | sivi:base_runner.py:477| eval_elbo | Epoch 8840, ELBO: 0.0198, Std Total: 0.1282, Std Q: nan, CI Half: 0.0112
2026-03-28 22:33:52 | DEBUG | sivi:base_runner.py:507| eval_ksd | Epoch 8840, VI KSD: 0.0002
2026-03-28 22:33:52 | DEBUG | sivi:base_runner.py:337| eval_kl_ite | Epoch 8850, VI KL to baseline: 0.0095
2026-03-28 22:33:52 | DEBUG | sivi:base_reverse_runner.py:261| eval_kl_ite | Epoch 8850, Reverse Model KL ITE: 0.0688
2026-03-28 22:33:52 | DEBUG | sivi:base_runner.py:347| eval_w2 | Epoch 8850, VI W2 to baseline: 0.0274
2026-03-28 22:33:52 | DEBUG | sivi:base_reverse_runner.py:272| eval_w2 | Epoch 8850, Reverse Model W2: 0.0504
2026-03-28 22:33:52 | DEBUG | sivi:base_runner.py:477| eval_elbo | Epoch 8850, ELBO: 0.0101, Std Total: 0.1332, Std Q: nan, CI Half: 0.0117
2026-03-28 22:33:52 | DEBUG | sivi:base_runner.py:507| eval_ksd | Epoch 8850, VI KSD: -0.0000
2026-03-28 22:33:52 | DEBUG | sivi:base_runner.py:337| eval_kl_ite | Epoch 8860, VI KL to baseline: 0.0045
2026-03-28 22:33:53 | DEBUG | sivi:base_reverse_runner.py:261| eval_kl_ite | Epoch 8860, Reverse Model KL ITE: 0.0794
2026-03-28 22:33:53 | DEBUG | sivi:base_runner.py:347| eval_w2 | Epoch 8860, VI W2 to baseline: 0.0328
2026-03-28 22:33:53 | DEBUG | sivi:base_reverse_runner.py:272| eval_w2 | Epoch 8860, Reverse Model W2: 0.0481
2026-03-28 22:33:53 | DEBUG | sivi:base_runner.py:477| eval_elbo | Epoch 8860, ELBO: 0.0079, Std Total: 0.1225, Std Q: nan, CI Half: 0.0107
2026-03-28 22:33:53 | DEBUG | sivi:base_runner.py:507| eval_ksd | Epoch 8860, VI KSD: 0.0005
2026-03-28 22:33:53 | DEBUG | sivi:base_runner.py:337| eval_kl_ite | Epoch 8870, VI KL to baseline: -0.0113
2026-03-28 22:33:53 | DEBUG | sivi:base_reverse_runner.py:261| eval_kl_ite | Epoch 8870, Reverse Model KL ITE: 0.0675
2026-03-28 22:33:53 | DEBUG | sivi:base_runner.py:347| eval_w2 | Epoch 8870, VI W2 to baseline: 0.0383
2026-03-28 22:33:53 | DEBUG | sivi:base_reverse_runner.py:272| eval_w2 | Epoch 8870, Reverse Model W2: 0.0513
2026-03-28 22:33:53 | DEBUG | sivi:base_runner.py:477| eval_elbo | Epoch 8870, ELBO: 0.0029, Std Total: 0.1455, Std Q: nan, CI Half: 0.0128
2026-03-28 22:33:53 | DEBUG | sivi:base_runner.py:507| eval_ksd | Epoch 8870, VI KSD: -0.0005
2026-03-28 22:33:54 | DEBUG | sivi:base_runner.py:337| eval_kl_ite | Epoch 8880, VI KL to baseline: -0.0077
2026-03-28 22:33:54 | DEBUG | sivi:base_reverse_runner.py:261| eval_kl_ite | Epoch 8880, Reverse Model KL ITE: 0.0951
2026-03-28 22:33:54 | DEBUG | sivi:base_runner.py:347| eval_w2 | Epoch 8880, VI W2 to baseline: 0.0463
2026-03-28 22:33:54 | DEBUG | sivi:base_reverse_runner.py:272| eval_w2 | Epoch 8880, Reverse Model W2: 0.0507
2026-03-28 22:33:54 | DEBUG | sivi:base_runner.py:477| eval_elbo | Epoch 8880, ELBO: 0.0024, Std Total: 0.1113, Std Q: nan, CI Half: 0.0098
2026-03-28 22:33:54 | DEBUG | sivi:base_runner.py:507| eval_ksd | Epoch 8880, VI KSD: -0.0006
2026-03-28 22:33:54 | DEBUG | sivi:base_runner.py:337| eval_kl_ite | Epoch 8890, VI KL to baseline: -0.0139
2026-03-28 22:33:55 | DEBUG | sivi:base_reverse_runner.py:261| eval_kl_ite | Epoch 8890, Reverse Model KL ITE: 0.0832
2026-03-28 22:33:55 | DEBUG | sivi:base_runner.py:347| eval_w2 | Epoch 8890, VI W2 to baseline: 0.0360
2026-03-28 22:33:55 | DEBUG | sivi:base_reverse_runner.py:272| eval_w2 | Epoch 8890, Reverse Model W2: 0.0482
2026-03-28 22:33:55 | DEBUG | sivi:base_runner.py:477| eval_elbo | Epoch 8890, ELBO: 0.0012, Std Total: 0.1096, Std Q: nan, CI Half: 0.0096
2026-03-28 22:33:55 | DEBUG | sivi:base_runner.py:507| eval_ksd | Epoch 8890, VI KSD: 0.0003
2026-03-28 22:33:55 | DEBUG | sivi:base_runner.py:874| learn | Epoch 8900: Avg Loss: -0.0022, Avg Epoch Time: 0.0602s
2026-03-28 22:33:55 | DEBUG | sivi:base_runner.py:337| eval_kl_ite | Epoch 8900, VI KL to baseline: -0.0022
2026-03-28 22:33:55 | DEBUG | sivi:base_reverse_runner.py:261| eval_kl_ite | Epoch 8900, Reverse Model KL ITE: 0.0870
2026-03-28 22:33:55 | DEBUG | sivi:base_runner.py:347| eval_w2 | Epoch 8900, VI W2 to baseline: 0.0378
2026-03-28 22:33:55 | DEBUG | sivi:base_reverse_runner.py:272| eval_w2 | Epoch 8900, Reverse Model W2: 0.0491
2026-03-28 22:33:55 | DEBUG | sivi:base_runner.py:477| eval_elbo | Epoch 8900, ELBO: 0.0085, Std Total: 0.1013, Std Q: nan, CI Half: 0.0089
2026-03-28 22:33:55 | DEBUG | sivi:base_runner.py:507| eval_ksd | Epoch 8900, VI KSD: -0.0002
2026-03-28 22:33:56 | DEBUG | sivi:base_runner.py:337| eval_kl_ite | Epoch 8910, VI KL to baseline: 0.0157
2026-03-28 22:33:56 | DEBUG | sivi:base_reverse_runner.py:261| eval_kl_ite | Epoch 8910, Reverse Model KL ITE: 0.1071
2026-03-28 22:33:56 | DEBUG | sivi:base_runner.py:347| eval_w2 | Epoch 8910, VI W2 to baseline: 0.0397
2026-03-28 22:33:56 | DEBUG | sivi:base_reverse_runner.py:272| eval_w2 | Epoch 8910, Reverse Model W2: 0.0484
2026-03-28 22:33:56 | DEBUG | sivi:base_runner.py:477| eval_elbo | Epoch 8910, ELBO: 0.0004, Std Total: 0.1384, Std Q: nan, CI Half: 0.0121
2026-03-28 22:33:56 | DEBUG | sivi:base_runner.py:507| eval_ksd | Epoch 8910, VI KSD: -0.0011
2026-03-28 22:33:56 | DEBUG | sivi:base_runner.py:337| eval_kl_ite | Epoch 8920, VI KL to baseline: -0.0013
2026-03-28 22:33:57 | DEBUG | sivi:base_reverse_runner.py:261| eval_kl_ite | Epoch 8920, Reverse Model KL ITE: 0.0778
2026-03-28 22:33:57 | DEBUG | sivi:base_runner.py:347| eval_w2 | Epoch 8920, VI W2 to baseline: 0.0367
2026-03-28 22:33:57 | DEBUG | sivi:base_reverse_runner.py:272| eval_w2 | Epoch 8920, Reverse Model W2: 0.0474
2026-03-28 22:33:57 | DEBUG | sivi:base_runner.py:477| eval_elbo | Epoch 8920, ELBO: 0.0073, Std Total: 0.1091, Std Q: nan, CI Half: 0.0096
2026-03-28 22:33:57 | DEBUG | sivi:base_runner.py:507| eval_ksd | Epoch 8920, VI KSD: -0.0001
2026-03-28 22:33:57 | DEBUG | sivi:base_runner.py:337| eval_kl_ite | Epoch 8930, VI KL to baseline: 0.0143
2026-03-28 22:33:57 | DEBUG | sivi:base_reverse_runner.py:261| eval_kl_ite | Epoch 8930, Reverse Model KL ITE: 0.0842
2026-03-28 22:33:57 | DEBUG | sivi:base_runner.py:347| eval_w2 | Epoch 8930, VI W2 to baseline: 0.0384
2026-03-28 22:33:57 | DEBUG | sivi:base_reverse_runner.py:272| eval_w2 | Epoch 8930, Reverse Model W2: 0.0468
2026-03-28 22:33:57 | DEBUG | sivi:base_runner.py:477| eval_elbo | Epoch 8930, ELBO: 0.0009, Std Total: 0.1160, Std Q: nan, CI Half: 0.0102
2026-03-28 22:33:57 | DEBUG | sivi:base_runner.py:507| eval_ksd | Epoch 8930, VI KSD: -0.0011
2026-03-28 22:33:58 | DEBUG | sivi:base_runner.py:337| eval_kl_ite | Epoch 8940, VI KL to baseline: -0.0103
2026-03-28 22:33:58 | DEBUG | sivi:base_reverse_runner.py:261| eval_kl_ite | Epoch 8940, Reverse Model KL ITE: 0.0759
2026-03-28 22:33:58 | DEBUG | sivi:base_runner.py:347| eval_w2 | Epoch 8940, VI W2 to baseline: 0.0421
2026-03-28 22:33:58 | DEBUG | sivi:base_reverse_runner.py:272| eval_w2 | Epoch 8940, Reverse Model W2: 0.0473
2026-03-28 22:33:58 | DEBUG | sivi:base_runner.py:477| eval_elbo | Epoch 8940, ELBO: -0.0016, Std Total: 0.1250, Std Q: nan, CI Half: 0.0110
2026-03-28 22:33:58 | DEBUG | sivi:base_runner.py:507| eval_ksd | Epoch 8940, VI KSD: -0.0001
2026-03-28 22:33:59 | DEBUG | sivi:base_runner.py:337| eval_kl_ite | Epoch 8950, VI KL to baseline: 0.0140
2026-03-28 22:33:59 | DEBUG | sivi:base_reverse_runner.py:261| eval_kl_ite | Epoch 8950, Reverse Model KL ITE: 0.0922
2026-03-28 22:33:59 | DEBUG | sivi:base_runner.py:347| eval_w2 | Epoch 8950, VI W2 to baseline: 0.0293
2026-03-28 22:33:59 | DEBUG | sivi:base_reverse_runner.py:272| eval_w2 | Epoch 8950, Reverse Model W2: 0.0489
2026-03-28 22:33:59 | DEBUG | sivi:base_runner.py:477| eval_elbo | Epoch 8950, ELBO: 0.0168, Std Total: 0.1471, Std Q: nan, CI Half: 0.0129
2026-03-28 22:33:59 | DEBUG | sivi:base_runner.py:507| eval_ksd | Epoch 8950, VI KSD: 0.0003
2026-03-28 22:33:59 | DEBUG | sivi:base_runner.py:337| eval_kl_ite | Epoch 8960, VI KL to baseline: -0.0003
2026-03-28 22:33:59 | DEBUG | sivi:base_reverse_runner.py:261| eval_kl_ite | Epoch 8960, Reverse Model KL ITE: 0.0825
2026-03-28 22:33:59 | DEBUG | sivi:base_runner.py:347| eval_w2 | Epoch 8960, VI W2 to baseline: 0.0478
2026-03-28 22:33:59 | DEBUG | sivi:base_reverse_runner.py:272| eval_w2 | Epoch 8960, Reverse Model W2: 0.0485
2026-03-28 22:33:59 | DEBUG | sivi:base_runner.py:477| eval_elbo | Epoch 8960, ELBO: 0.0035, Std Total: 0.1633, Std Q: nan, CI Half: 0.0143
2026-03-28 22:33:59 | DEBUG | sivi:base_runner.py:507| eval_ksd | Epoch 8960, VI KSD: 0.0011
2026-03-28 22:34:00 | DEBUG | sivi:base_runner.py:337| eval_kl_ite | Epoch 8970, VI KL to baseline: 0.0061
2026-03-28 22:34:00 | DEBUG | sivi:base_reverse_runner.py:261| eval_kl_ite | Epoch 8970, Reverse Model KL ITE: 0.0732
2026-03-28 22:34:00 | DEBUG | sivi:base_runner.py:347| eval_w2 | Epoch 8970, VI W2 to baseline: 0.0213
2026-03-28 22:34:00 | DEBUG | sivi:base_reverse_runner.py:272| eval_w2 | Epoch 8970, Reverse Model W2: 0.0502
2026-03-28 22:34:00 | DEBUG | sivi:base_runner.py:477| eval_elbo | Epoch 8970, ELBO: 0.0053, Std Total: 0.1238, Std Q: nan, CI Half: 0.0109
2026-03-28 22:34:00 | DEBUG | sivi:base_runner.py:507| eval_ksd | Epoch 8970, VI KSD: -0.0003
2026-03-28 22:34:01 | DEBUG | sivi:base_runner.py:337| eval_kl_ite | Epoch 8980, VI KL to baseline: -0.0030
2026-03-28 22:34:01 | DEBUG | sivi:base_reverse_runner.py:261| eval_kl_ite | Epoch 8980, Reverse Model KL ITE: 0.0797
2026-03-28 22:34:01 | DEBUG | sivi:base_runner.py:347| eval_w2 | Epoch 8980, VI W2 to baseline: 0.0362
2026-03-28 22:34:01 | DEBUG | sivi:base_reverse_runner.py:272| eval_w2 | Epoch 8980, Reverse Model W2: 0.0467
2026-03-28 22:34:01 | DEBUG | sivi:base_runner.py:477| eval_elbo | Epoch 8980, ELBO: 0.0076, Std Total: 0.1158, Std Q: nan, CI Half: 0.0102
2026-03-28 22:34:01 | DEBUG | sivi:base_runner.py:507| eval_ksd | Epoch 8980, VI KSD: -0.0005
2026-03-28 22:34:01 | DEBUG | sivi:base_runner.py:337| eval_kl_ite | Epoch 8990, VI KL to baseline: 0.0014
2026-03-28 22:34:01 | DEBUG | sivi:base_reverse_runner.py:261| eval_kl_ite | Epoch 8990, Reverse Model KL ITE: 0.0845
2026-03-28 22:34:01 | DEBUG | sivi:base_runner.py:347| eval_w2 | Epoch 8990, VI W2 to baseline: 0.0349
2026-03-28 22:34:01 | DEBUG | sivi:base_reverse_runner.py:272| eval_w2 | Epoch 8990, Reverse Model W2: 0.0538
2026-03-28 22:34:01 | DEBUG | sivi:base_runner.py:477| eval_elbo | Epoch 8990, ELBO: -0.0069, Std Total: 0.1312, Std Q: nan, CI Half: 0.0115
2026-03-28 22:34:01 | DEBUG | sivi:base_runner.py:507| eval_ksd | Epoch 8990, VI KSD: -0.0009
2026-03-28 22:34:02 | DEBUG | sivi:base_runner.py:874| learn | Epoch 9000: Avg Loss: -0.0118, Avg Epoch Time: 0.0692s
2026-03-28 22:34:02 | DEBUG | sivi:base_reverse_runner.py:183| _training_rev_log_func | Epoch 9000, Inner epoch 1, Reverse Model Loss: 4.9422, Avg Steps: 1.0000
2026-03-28 22:34:02 | DEBUG | sivi:base_runner.py:588| save_samples | Saved 100000 samples at epoch 9000.
2026-03-28 22:34:02 | DEBUG | sivi:base_runner.py:607| save_checkpoint | Saved VIModel checkpoints at epoch 9000 to results/AISIVI/multimodal/20260328_222515/checkpoints/epoch_9000.
2026-03-28 22:34:02 | DEBUG | sivi:base_reverse_runner.py:476| save_checkpoint | Saved reverse checkpoints at epoch 9000 to results/AISIVI/multimodal/20260328_222515/checkpoints/epoch_9000.
2026-03-28 22:34:02 | DEBUG | sivi:base_runner.py:337| eval_kl_ite | Epoch 9000, VI KL to baseline: 0.0080
2026-03-28 22:34:02 | DEBUG | sivi:base_reverse_runner.py:261| eval_kl_ite | Epoch 9000, Reverse Model KL ITE: 0.0952
2026-03-28 22:34:02 | DEBUG | sivi:base_runner.py:347| eval_w2 | Epoch 9000, VI W2 to baseline: 0.0325
2026-03-28 22:34:02 | DEBUG | sivi:base_reverse_runner.py:272| eval_w2 | Epoch 9000, Reverse Model W2: 0.0499
2026-03-28 22:34:02 | DEBUG | sivi:base_runner.py:477| eval_elbo | Epoch 9000, ELBO: 0.0175, Std Total: 0.1229, Std Q: nan, CI Half: 0.0108
2026-03-28 22:34:02 | DEBUG | sivi:base_runner.py:507| eval_ksd | Epoch 9000, VI KSD: 0.0001
2026-03-28 22:34:02 | DEBUG | sivi:base_runner.py:970| learn | Saved contour plot at epoch 9000.
2026-03-28 22:34:03 | DEBUG | sivi:base_runner.py:337| eval_kl_ite | Epoch 9010, VI KL to baseline: 0.0002
2026-03-28 22:34:03 | DEBUG | sivi:base_reverse_runner.py:261| eval_kl_ite | Epoch 9010, Reverse Model KL ITE: 0.0920
2026-03-28 22:34:03 | DEBUG | sivi:base_runner.py:347| eval_w2 | Epoch 9010, VI W2 to baseline: 0.0274
2026-03-28 22:34:03 | DEBUG | sivi:base_reverse_runner.py:272| eval_w2 | Epoch 9010, Reverse Model W2: 0.0562
2026-03-28 22:34:03 | DEBUG | sivi:base_runner.py:477| eval_elbo | Epoch 9010, ELBO: -0.0011, Std Total: 0.1386, Std Q: nan, CI Half: 0.0121
2026-03-28 22:34:03 | DEBUG | sivi:base_runner.py:507| eval_ksd | Epoch 9010, VI KSD: 0.0001
2026-03-28 22:34:03 | DEBUG | sivi:base_runner.py:337| eval_kl_ite | Epoch 9020, VI KL to baseline: -0.0103
2026-03-28 22:34:03 | DEBUG | sivi:base_reverse_runner.py:261| eval_kl_ite | Epoch 9020, Reverse Model KL ITE: 0.0696
2026-03-28 22:34:03 | DEBUG | sivi:base_runner.py:347| eval_w2 | Epoch 9020, VI W2 to baseline: 0.0522
2026-03-28 22:34:03 | DEBUG | sivi:base_reverse_runner.py:272| eval_w2 | Epoch 9020, Reverse Model W2: 0.0494
2026-03-28 22:34:03 | DEBUG | sivi:base_runner.py:477| eval_elbo | Epoch 9020, ELBO: 0.0027, Std Total: 0.0969, Std Q: nan, CI Half: 0.0085
2026-03-28 22:34:03 | DEBUG | sivi:base_runner.py:507| eval_ksd | Epoch 9020, VI KSD: -0.0006
2026-03-28 22:34:04 | DEBUG | sivi:base_runner.py:337| eval_kl_ite | Epoch 9030, VI KL to baseline: 0.0112
2026-03-28 22:34:04 | DEBUG | sivi:base_reverse_runner.py:261| eval_kl_ite | Epoch 9030, Reverse Model KL ITE: 0.0914
2026-03-28 22:34:04 | DEBUG | sivi:base_runner.py:347| eval_w2 | Epoch 9030, VI W2 to baseline: 0.0301
2026-03-28 22:34:04 | DEBUG | sivi:base_reverse_runner.py:272| eval_w2 | Epoch 9030, Reverse Model W2: 0.0510
2026-03-28 22:34:04 | DEBUG | sivi:base_runner.py:477| eval_elbo | Epoch 9030, ELBO: 0.0150, Std Total: 0.1363, Std Q: nan, CI Half: 0.0119
2026-03-28 22:34:04 | DEBUG | sivi:base_runner.py:507| eval_ksd | Epoch 9030, VI KSD: 0.0013
2026-03-28 22:34:04 | DEBUG | sivi:base_runner.py:337| eval_kl_ite | Epoch 9040, VI KL to baseline: 0.0290
2026-03-28 22:34:04 | DEBUG | sivi:base_reverse_runner.py:261| eval_kl_ite | Epoch 9040, Reverse Model KL ITE: 0.0814
2026-03-28 22:34:04 | DEBUG | sivi:base_runner.py:347| eval_w2 | Epoch 9040, VI W2 to baseline: 0.0301
2026-03-28 22:34:04 | DEBUG | sivi:base_reverse_runner.py:272| eval_w2 | Epoch 9040, Reverse Model W2: 0.0502
2026-03-28 22:34:04 | DEBUG | sivi:base_runner.py:477| eval_elbo | Epoch 9040, ELBO: 0.0042, Std Total: 0.1425, Std Q: nan, CI Half: 0.0125
2026-03-28 22:34:04 | DEBUG | sivi:base_runner.py:507| eval_ksd | Epoch 9040, VI KSD: -0.0002
2026-03-28 22:34:05 | DEBUG | sivi:base_runner.py:337| eval_kl_ite | Epoch 9050, VI KL to baseline: 0.0038
2026-03-28 22:34:05 | DEBUG | sivi:base_reverse_runner.py:261| eval_kl_ite | Epoch 9050, Reverse Model KL ITE: 0.0988
2026-03-28 22:34:05 | DEBUG | sivi:base_runner.py:347| eval_w2 | Epoch 9050, VI W2 to baseline: 0.0344
2026-03-28 22:34:05 | DEBUG | sivi:base_reverse_runner.py:272| eval_w2 | Epoch 9050, Reverse Model W2: 0.0544
2026-03-28 22:34:05 | DEBUG | sivi:base_runner.py:477| eval_elbo | Epoch 9050, ELBO: -0.0137, Std Total: 0.1323, Std Q: nan, CI Half: 0.0116
2026-03-28 22:34:05 | DEBUG | sivi:base_runner.py:507| eval_ksd | Epoch 9050, VI KSD: -0.0005
2026-03-28 22:34:05 | DEBUG | sivi:base_runner.py:337| eval_kl_ite | Epoch 9060, VI KL to baseline: -0.0151
2026-03-28 22:34:05 | DEBUG | sivi:base_reverse_runner.py:261| eval_kl_ite | Epoch 9060, Reverse Model KL ITE: 0.0915
2026-03-28 22:34:05 | DEBUG | sivi:base_runner.py:347| eval_w2 | Epoch 9060, VI W2 to baseline: 0.0349
2026-03-28 22:34:05 | DEBUG | sivi:base_reverse_runner.py:272| eval_w2 | Epoch 9060, Reverse Model W2: 0.0481
2026-03-28 22:34:05 | DEBUG | sivi:base_runner.py:477| eval_elbo | Epoch 9060, ELBO: 0.0051, Std Total: 0.1155, Std Q: nan, CI Half: 0.0101
2026-03-28 22:34:05 | DEBUG | sivi:base_runner.py:507| eval_ksd | Epoch 9060, VI KSD: 0.0010
2026-03-28 22:34:06 | DEBUG | sivi:base_runner.py:337| eval_kl_ite | Epoch 9070, VI KL to baseline: -0.0003
2026-03-28 22:34:06 | DEBUG | sivi:base_reverse_runner.py:261| eval_kl_ite | Epoch 9070, Reverse Model KL ITE: 0.0949
2026-03-28 22:34:06 | DEBUG | sivi:base_runner.py:347| eval_w2 | Epoch 9070, VI W2 to baseline: 0.0335
2026-03-28 22:34:06 | DEBUG | sivi:base_reverse_runner.py:272| eval_w2 | Epoch 9070, Reverse Model W2: 0.0602
2026-03-28 22:34:06 | DEBUG | sivi:base_runner.py:477| eval_elbo | Epoch 9070, ELBO: 0.0081, Std Total: 0.1232, Std Q: nan, CI Half: 0.0108
2026-03-28 22:34:06 | DEBUG | sivi:base_runner.py:507| eval_ksd | Epoch 9070, VI KSD: -0.0003
2026-03-28 22:34:06 | DEBUG | sivi:base_runner.py:337| eval_kl_ite | Epoch 9080, VI KL to baseline: 0.0092
2026-03-28 22:34:06 | DEBUG | sivi:base_reverse_runner.py:261| eval_kl_ite | Epoch 9080, Reverse Model KL ITE: 0.0828
2026-03-28 22:34:07 | DEBUG | sivi:base_runner.py:347| eval_w2 | Epoch 9080, VI W2 to baseline: 0.0337
2026-03-28 22:34:07 | DEBUG | sivi:base_reverse_runner.py:272| eval_w2 | Epoch 9080, Reverse Model W2: 0.0439
2026-03-28 22:34:07 | DEBUG | sivi:base_runner.py:477| eval_elbo | Epoch 9080, ELBO: 0.0005, Std Total: 0.1525, Std Q: nan, CI Half: 0.0134
2026-03-28 22:34:07 | DEBUG | sivi:base_runner.py:507| eval_ksd | Epoch 9080, VI KSD: -0.0001
2026-03-28 22:34:07 | DEBUG | sivi:base_runner.py:337| eval_kl_ite | Epoch 9090, VI KL to baseline: -0.0047
2026-03-28 22:34:07 | DEBUG | sivi:base_reverse_runner.py:261| eval_kl_ite | Epoch 9090, Reverse Model KL ITE: 0.0701
2026-03-28 22:34:07 | DEBUG | sivi:base_runner.py:347| eval_w2 | Epoch 9090, VI W2 to baseline: 0.0582
2026-03-28 22:34:07 | DEBUG | sivi:base_reverse_runner.py:272| eval_w2 | Epoch 9090, Reverse Model W2: 0.0576
2026-03-28 22:34:07 | DEBUG | sivi:base_runner.py:477| eval_elbo | Epoch 9090, ELBO: 0.0103, Std Total: 0.1535, Std Q: nan, CI Half: 0.0135
2026-03-28 22:34:07 | DEBUG | sivi:base_runner.py:507| eval_ksd | Epoch 9090, VI KSD: 0.0002
2026-03-28 22:34:07 | DEBUG | sivi:base_runner.py:874| learn | Epoch 9100: Avg Loss: 0.0152, Avg Epoch Time: 0.0549s
2026-03-28 22:34:07 | DEBUG | sivi:base_runner.py:337| eval_kl_ite | Epoch 9100, VI KL to baseline: 0.0157
2026-03-28 22:34:08 | DEBUG | sivi:base_reverse_runner.py:261| eval_kl_ite | Epoch 9100, Reverse Model KL ITE: 0.0829
2026-03-28 22:34:08 | DEBUG | sivi:base_runner.py:347| eval_w2 | Epoch 9100, VI W2 to baseline: 0.0336
2026-03-28 22:34:08 | DEBUG | sivi:base_reverse_runner.py:272| eval_w2 | Epoch 9100, Reverse Model W2: 0.0516
2026-03-28 22:34:08 | DEBUG | sivi:base_runner.py:477| eval_elbo | Epoch 9100, ELBO: 0.0102, Std Total: 0.1227, Std Q: nan, CI Half: 0.0108
2026-03-28 22:34:08 | DEBUG | sivi:base_runner.py:507| eval_ksd | Epoch 9100, VI KSD: -0.0011
2026-03-28 22:34:08 | DEBUG | sivi:base_runner.py:337| eval_kl_ite | Epoch 9110, VI KL to baseline: 0.0116
2026-03-28 22:34:08 | DEBUG | sivi:base_reverse_runner.py:261| eval_kl_ite | Epoch 9110, Reverse Model KL ITE: 0.0643
2026-03-28 22:34:08 | DEBUG | sivi:base_runner.py:347| eval_w2 | Epoch 9110, VI W2 to baseline: 0.0410
2026-03-28 22:34:08 | DEBUG | sivi:base_reverse_runner.py:272| eval_w2 | Epoch 9110, Reverse Model W2: 0.0524
2026-03-28 22:34:08 | DEBUG | sivi:base_runner.py:477| eval_elbo | Epoch 9110, ELBO: 0.0031, Std Total: 0.1369, Std Q: nan, CI Half: 0.0120
2026-03-28 22:34:08 | DEBUG | sivi:base_runner.py:507| eval_ksd | Epoch 9110, VI KSD: -0.0001
2026-03-28 22:34:08 | DEBUG | sivi:base_runner.py:337| eval_kl_ite | Epoch 9120, VI KL to baseline: -0.0036
2026-03-28 22:34:09 | DEBUG | sivi:base_reverse_runner.py:261| eval_kl_ite | Epoch 9120, Reverse Model KL ITE: 0.0746
2026-03-28 22:34:09 | DEBUG | sivi:base_runner.py:347| eval_w2 | Epoch 9120, VI W2 to baseline: 0.0429
2026-03-28 22:34:09 | DEBUG | sivi:base_reverse_runner.py:272| eval_w2 | Epoch 9120, Reverse Model W2: 0.0512
2026-03-28 22:34:09 | DEBUG | sivi:base_runner.py:477| eval_elbo | Epoch 9120, ELBO: -0.0050, Std Total: 0.1276, Std Q: nan, CI Half: 0.0112
2026-03-28 22:34:09 | DEBUG | sivi:base_runner.py:507| eval_ksd | Epoch 9120, VI KSD: 0.0023
2026-03-28 22:34:09 | DEBUG | sivi:base_runner.py:337| eval_kl_ite | Epoch 9130, VI KL to baseline: 0.0135
2026-03-28 22:34:09 | DEBUG | sivi:base_reverse_runner.py:261| eval_kl_ite | Epoch 9130, Reverse Model KL ITE: 0.0758
2026-03-28 22:34:09 | DEBUG | sivi:base_runner.py:347| eval_w2 | Epoch 9130, VI W2 to baseline: 0.0411
2026-03-28 22:34:09 | DEBUG | sivi:base_reverse_runner.py:272| eval_w2 | Epoch 9130, Reverse Model W2: 0.0505
2026-03-28 22:34:09 | DEBUG | sivi:base_runner.py:477| eval_elbo | Epoch 9130, ELBO: 0.0051, Std Total: 0.1099, Std Q: nan, CI Half: 0.0096
2026-03-28 22:34:09 | DEBUG | sivi:base_runner.py:507| eval_ksd | Epoch 9130, VI KSD: 0.0003
2026-03-28 22:34:09 | DEBUG | sivi:base_runner.py:337| eval_kl_ite | Epoch 9140, VI KL to baseline: 0.0025
2026-03-28 22:34:10 | DEBUG | sivi:base_reverse_runner.py:261| eval_kl_ite | Epoch 9140, Reverse Model KL ITE: 0.0743
2026-03-28 22:34:10 | DEBUG | sivi:base_runner.py:347| eval_w2 | Epoch 9140, VI W2 to baseline: 0.0310
2026-03-28 22:34:10 | DEBUG | sivi:base_reverse_runner.py:272| eval_w2 | Epoch 9140, Reverse Model W2: 0.0502
2026-03-28 22:34:10 | DEBUG | sivi:base_runner.py:477| eval_elbo | Epoch 9140, ELBO: 0.0108, Std Total: 0.1540, Std Q: nan, CI Half: 0.0135
2026-03-28 22:34:10 | DEBUG | sivi:base_runner.py:507| eval_ksd | Epoch 9140, VI KSD: 0.0014
2026-03-28 22:34:10 | DEBUG | sivi:base_runner.py:337| eval_kl_ite | Epoch 9150, VI KL to baseline: 0.0061
2026-03-28 22:34:10 | DEBUG | sivi:base_reverse_runner.py:261| eval_kl_ite | Epoch 9150, Reverse Model KL ITE: 0.1067
2026-03-28 22:34:10 | DEBUG | sivi:base_runner.py:347| eval_w2 | Epoch 9150, VI W2 to baseline: 0.0469
2026-03-28 22:34:10 | DEBUG | sivi:base_reverse_runner.py:272| eval_w2 | Epoch 9150, Reverse Model W2: 0.0490
2026-03-28 22:34:10 | DEBUG | sivi:base_runner.py:477| eval_elbo | Epoch 9150, ELBO: 0.0103, Std Total: 0.1384, Std Q: nan, CI Half: 0.0121
2026-03-28 22:34:10 | DEBUG | sivi:base_runner.py:507| eval_ksd | Epoch 9150, VI KSD: 0.0000
2026-03-28 22:34:10 | DEBUG | sivi:base_runner.py:337| eval_kl_ite | Epoch 9160, VI KL to baseline: -0.0075
2026-03-28 22:34:11 | DEBUG | sivi:base_reverse_runner.py:261| eval_kl_ite | Epoch 9160, Reverse Model KL ITE: 0.0746
2026-03-28 22:34:11 | DEBUG | sivi:base_runner.py:347| eval_w2 | Epoch 9160, VI W2 to baseline: 0.0488
2026-03-28 22:34:11 | DEBUG | sivi:base_reverse_runner.py:272| eval_w2 | Epoch 9160, Reverse Model W2: 0.0545
2026-03-28 22:34:11 | DEBUG | sivi:base_runner.py:477| eval_elbo | Epoch 9160, ELBO: 0.0079, Std Total: 0.1016, Std Q: nan, CI Half: 0.0089
2026-03-28 22:34:11 | DEBUG | sivi:base_runner.py:507| eval_ksd | Epoch 9160, VI KSD: -0.0000
2026-03-28 22:34:11 | DEBUG | sivi:base_runner.py:337| eval_kl_ite | Epoch 9170, VI KL to baseline: -0.0021
2026-03-28 22:34:11 | DEBUG | sivi:base_reverse_runner.py:261| eval_kl_ite | Epoch 9170, Reverse Model KL ITE: 0.0743
2026-03-28 22:34:11 | DEBUG | sivi:base_runner.py:347| eval_w2 | Epoch 9170, VI W2 to baseline: 0.0406
2026-03-28 22:34:11 | DEBUG | sivi:base_reverse_runner.py:272| eval_w2 | Epoch 9170, Reverse Model W2: 0.0450
2026-03-28 22:34:11 | DEBUG | sivi:base_runner.py:477| eval_elbo | Epoch 9170, ELBO: -0.0024, Std Total: 0.1413, Std Q: nan, CI Half: 0.0124
2026-03-28 22:34:11 | DEBUG | sivi:base_runner.py:507| eval_ksd | Epoch 9170, VI KSD: -0.0011
2026-03-28 22:34:12 | DEBUG | sivi:base_runner.py:337| eval_kl_ite | Epoch 9180, VI KL to baseline: 0.0009
2026-03-28 22:34:12 | DEBUG | sivi:base_reverse_runner.py:261| eval_kl_ite | Epoch 9180, Reverse Model KL ITE: 0.0938
2026-03-28 22:34:12 | DEBUG | sivi:base_runner.py:347| eval_w2 | Epoch 9180, VI W2 to baseline: 0.0357
2026-03-28 22:34:12 | DEBUG | sivi:base_reverse_runner.py:272| eval_w2 | Epoch 9180, Reverse Model W2: 0.0525
2026-03-28 22:34:12 | DEBUG | sivi:base_runner.py:477| eval_elbo | Epoch 9180, ELBO: 0.0062, Std Total: 0.1422, Std Q: nan, CI Half: 0.0125
2026-03-28 22:34:12 | DEBUG | sivi:base_runner.py:507| eval_ksd | Epoch 9180, VI KSD: 0.0002
2026-03-28 22:34:12 | DEBUG | sivi:base_runner.py:337| eval_kl_ite | Epoch 9190, VI KL to baseline: 0.0343
2026-03-28 22:34:12 | DEBUG | sivi:base_reverse_runner.py:261| eval_kl_ite | Epoch 9190, Reverse Model KL ITE: 0.0847
2026-03-28 22:34:12 | DEBUG | sivi:base_runner.py:347| eval_w2 | Epoch 9190, VI W2 to baseline: 0.0307
2026-03-28 22:34:12 | DEBUG | sivi:base_reverse_runner.py:272| eval_w2 | Epoch 9190, Reverse Model W2: 0.0500
2026-03-28 22:34:12 | DEBUG | sivi:base_runner.py:477| eval_elbo | Epoch 9190, ELBO: -0.0053, Std Total: 0.1354, Std Q: nan, CI Half: 0.0119
2026-03-28 22:34:12 | DEBUG | sivi:base_runner.py:507| eval_ksd | Epoch 9190, VI KSD: -0.0007
2026-03-28 22:34:13 | DEBUG | sivi:base_runner.py:874| learn | Epoch 9200: Avg Loss: -0.0117, Avg Epoch Time: 0.0519s
2026-03-28 22:34:13 | DEBUG | sivi:base_runner.py:337| eval_kl_ite | Epoch 9200, VI KL to baseline: 0.0083
2026-03-28 22:34:13 | DEBUG | sivi:base_reverse_runner.py:261| eval_kl_ite | Epoch 9200, Reverse Model KL ITE: 0.0862
2026-03-28 22:34:13 | DEBUG | sivi:base_runner.py:347| eval_w2 | Epoch 9200, VI W2 to baseline: 0.0340
2026-03-28 22:34:13 | DEBUG | sivi:base_reverse_runner.py:272| eval_w2 | Epoch 9200, Reverse Model W2: 0.0501
2026-03-28 22:34:13 | DEBUG | sivi:base_runner.py:477| eval_elbo | Epoch 9200, ELBO: 0.0129, Std Total: 0.1261, Std Q: nan, CI Half: 0.0111
2026-03-28 22:34:13 | DEBUG | sivi:base_runner.py:507| eval_ksd | Epoch 9200, VI KSD: -0.0001
2026-03-28 22:34:13 | DEBUG | sivi:base_runner.py:337| eval_kl_ite | Epoch 9210, VI KL to baseline: 0.0063
2026-03-28 22:34:13 | DEBUG | sivi:base_reverse_runner.py:261| eval_kl_ite | Epoch 9210, Reverse Model KL ITE: 0.0999
2026-03-28 22:34:13 | DEBUG | sivi:base_runner.py:347| eval_w2 | Epoch 9210, VI W2 to baseline: 0.0317
2026-03-28 22:34:13 | DEBUG | sivi:base_reverse_runner.py:272| eval_w2 | Epoch 9210, Reverse Model W2: 0.0556
2026-03-28 22:34:13 | DEBUG | sivi:base_runner.py:477| eval_elbo | Epoch 9210, ELBO: 0.0032, Std Total: 0.1309, Std Q: nan, CI Half: 0.0115
2026-03-28 22:34:13 | DEBUG | sivi:base_runner.py:507| eval_ksd | Epoch 9210, VI KSD: -0.0000
2026-03-28 22:34:14 | DEBUG | sivi:base_runner.py:337| eval_kl_ite | Epoch 9220, VI KL to baseline: 0.0049
2026-03-28 22:34:14 | DEBUG | sivi:base_reverse_runner.py:261| eval_kl_ite | Epoch 9220, Reverse Model KL ITE: 0.0973
2026-03-28 22:34:14 | DEBUG | sivi:base_runner.py:347| eval_w2 | Epoch 9220, VI W2 to baseline: 0.0280
2026-03-28 22:34:14 | DEBUG | sivi:base_reverse_runner.py:272| eval_w2 | Epoch 9220, Reverse Model W2: 0.0475
2026-03-28 22:34:14 | DEBUG | sivi:base_runner.py:477| eval_elbo | Epoch 9220, ELBO: 0.0001, Std Total: 0.1233, Std Q: nan, CI Half: 0.0108
2026-03-28 22:34:14 | DEBUG | sivi:base_runner.py:507| eval_ksd | Epoch 9220, VI KSD: 0.0003
2026-03-28 22:34:14 | DEBUG | sivi:base_runner.py:337| eval_kl_ite | Epoch 9230, VI KL to baseline: 0.0441
2026-03-28 22:34:14 | DEBUG | sivi:base_reverse_runner.py:261| eval_kl_ite | Epoch 9230, Reverse Model KL ITE: 0.0938
2026-03-28 22:34:14 | DEBUG | sivi:base_runner.py:347| eval_w2 | Epoch 9230, VI W2 to baseline: 0.0348
2026-03-28 22:34:14 | DEBUG | sivi:base_reverse_runner.py:272| eval_w2 | Epoch 9230, Reverse Model W2: 0.0512
2026-03-28 22:34:14 | DEBUG | sivi:base_runner.py:477| eval_elbo | Epoch 9230, ELBO: 0.0126, Std Total: 0.1564, Std Q: nan, CI Half: 0.0137
2026-03-28 22:34:14 | DEBUG | sivi:base_runner.py:507| eval_ksd | Epoch 9230, VI KSD: 0.0003
2026-03-28 22:34:15 | DEBUG | sivi:base_runner.py:337| eval_kl_ite | Epoch 9240, VI KL to baseline: -0.0032
2026-03-28 22:34:15 | DEBUG | sivi:base_reverse_runner.py:261| eval_kl_ite | Epoch 9240, Reverse Model KL ITE: 0.0792
2026-03-28 22:34:15 | DEBUG | sivi:base_runner.py:347| eval_w2 | Epoch 9240, VI W2 to baseline: 0.0334
2026-03-28 22:34:15 | DEBUG | sivi:base_reverse_runner.py:272| eval_w2 | Epoch 9240, Reverse Model W2: 0.0497
2026-03-28 22:34:15 | DEBUG | sivi:base_runner.py:477| eval_elbo | Epoch 9240, ELBO: -0.0050, Std Total: 0.1252, Std Q: nan, CI Half: 0.0110
2026-03-28 22:34:15 | DEBUG | sivi:base_runner.py:507| eval_ksd | Epoch 9240, VI KSD: 0.0014
2026-03-28 22:34:15 | DEBUG | sivi:base_runner.py:337| eval_kl_ite | Epoch 9250, VI KL to baseline: 0.0081
2026-03-28 22:34:15 | DEBUG | sivi:base_reverse_runner.py:261| eval_kl_ite | Epoch 9250, Reverse Model KL ITE: 0.0954
2026-03-28 22:34:16 | DEBUG | sivi:base_runner.py:347| eval_w2 | Epoch 9250, VI W2 to baseline: 0.0446
2026-03-28 22:34:16 | DEBUG | sivi:base_reverse_runner.py:272| eval_w2 | Epoch 9250, Reverse Model W2: 0.0498
2026-03-28 22:34:16 | DEBUG | sivi:base_runner.py:477| eval_elbo | Epoch 9250, ELBO: 0.0055, Std Total: 0.1269, Std Q: nan, CI Half: 0.0111
2026-03-28 22:34:16 | DEBUG | sivi:base_runner.py:507| eval_ksd | Epoch 9250, VI KSD: -0.0007
2026-03-28 22:34:16 | DEBUG | sivi:base_runner.py:337| eval_kl_ite | Epoch 9260, VI KL to baseline: -0.0067
2026-03-28 22:34:16 | DEBUG | sivi:base_reverse_runner.py:261| eval_kl_ite | Epoch 9260, Reverse Model KL ITE: 0.0985
2026-03-28 22:34:16 | DEBUG | sivi:base_runner.py:347| eval_w2 | Epoch 9260, VI W2 to baseline: 0.0364
2026-03-28 22:34:16 | DEBUG | sivi:base_reverse_runner.py:272| eval_w2 | Epoch 9260, Reverse Model W2: 0.0522
2026-03-28 22:34:16 | DEBUG | sivi:base_runner.py:477| eval_elbo | Epoch 9260, ELBO: 0.0051, Std Total: 0.1178, Std Q: nan, CI Half: 0.0103
2026-03-28 22:34:16 | DEBUG | sivi:base_runner.py:507| eval_ksd | Epoch 9260, VI KSD: -0.0002
2026-03-28 22:34:17 | DEBUG | sivi:base_runner.py:337| eval_kl_ite | Epoch 9270, VI KL to baseline: -0.0044
2026-03-28 22:34:17 | DEBUG | sivi:base_reverse_runner.py:261| eval_kl_ite | Epoch 9270, Reverse Model KL ITE: 0.0752
2026-03-28 22:34:17 | DEBUG | sivi:base_runner.py:347| eval_w2 | Epoch 9270, VI W2 to baseline: 0.0423
2026-03-28 22:34:17 | DEBUG | sivi:base_reverse_runner.py:272| eval_w2 | Epoch 9270, Reverse Model W2: 0.0552
2026-03-28 22:34:17 | DEBUG | sivi:base_runner.py:477| eval_elbo | Epoch 9270, ELBO: 0.0090, Std Total: 0.1128, Std Q: nan, CI Half: 0.0099
2026-03-28 22:34:17 | DEBUG | sivi:base_runner.py:507| eval_ksd | Epoch 9270, VI KSD: 0.0001
2026-03-28 22:34:17 | DEBUG | sivi:base_runner.py:337| eval_kl_ite | Epoch 9280, VI KL to baseline: 0.0098
2026-03-28 22:34:17 | DEBUG | sivi:base_reverse_runner.py:261| eval_kl_ite | Epoch 9280, Reverse Model KL ITE: 0.0940
2026-03-28 22:34:17 | DEBUG | sivi:base_runner.py:347| eval_w2 | Epoch 9280, VI W2 to baseline: 0.0323
2026-03-28 22:34:17 | DEBUG | sivi:base_reverse_runner.py:272| eval_w2 | Epoch 9280, Reverse Model W2: 0.0488
2026-03-28 22:34:17 | DEBUG | sivi:base_runner.py:477| eval_elbo | Epoch 9280, ELBO: 0.0067, Std Total: 0.1289, Std Q: nan, CI Half: 0.0113
2026-03-28 22:34:17 | DEBUG | sivi:base_runner.py:507| eval_ksd | Epoch 9280, VI KSD: 0.0010
2026-03-28 22:34:18 | DEBUG | sivi:base_runner.py:337| eval_kl_ite | Epoch 9290, VI KL to baseline: 0.0193
2026-03-28 22:34:18 | DEBUG | sivi:base_reverse_runner.py:261| eval_kl_ite | Epoch 9290, Reverse Model KL ITE: 0.0876
2026-03-28 22:34:18 | DEBUG | sivi:base_runner.py:347| eval_w2 | Epoch 9290, VI W2 to baseline: 0.0392
2026-03-28 22:34:18 | DEBUG | sivi:base_reverse_runner.py:272| eval_w2 | Epoch 9290, Reverse Model W2: 0.0542
2026-03-28 22:34:18 | DEBUG | sivi:base_runner.py:477| eval_elbo | Epoch 9290, ELBO: 0.0111, Std Total: 0.1433, Std Q: nan, CI Half: 0.0126
2026-03-28 22:34:18 | DEBUG | sivi:base_runner.py:507| eval_ksd | Epoch 9290, VI KSD: -0.0010
2026-03-28 22:34:18 | DEBUG | sivi:base_runner.py:874| learn | Epoch 9300: Avg Loss: -0.0067, Avg Epoch Time: 0.0590s
2026-03-28 22:34:18 | DEBUG | sivi:base_runner.py:337| eval_kl_ite | Epoch 9300, VI KL to baseline: 0.0099
2026-03-28 22:34:19 | DEBUG | sivi:base_reverse_runner.py:261| eval_kl_ite | Epoch 9300, Reverse Model KL ITE: 0.0690
2026-03-28 22:34:19 | DEBUG | sivi:base_runner.py:347| eval_w2 | Epoch 9300, VI W2 to baseline: 0.0548
2026-03-28 22:34:19 | DEBUG | sivi:base_reverse_runner.py:272| eval_w2 | Epoch 9300, Reverse Model W2: 0.0482
2026-03-28 22:34:19 | DEBUG | sivi:base_runner.py:477| eval_elbo | Epoch 9300, ELBO: 0.0030, Std Total: 0.1354, Std Q: nan, CI Half: 0.0119
2026-03-28 22:34:19 | DEBUG | sivi:base_runner.py:507| eval_ksd | Epoch 9300, VI KSD: -0.0003
2026-03-28 22:34:19 | DEBUG | sivi:base_runner.py:337| eval_kl_ite | Epoch 9310, VI KL to baseline: 0.0325
2026-03-28 22:34:19 | DEBUG | sivi:base_reverse_runner.py:261| eval_kl_ite | Epoch 9310, Reverse Model KL ITE: 0.0881
2026-03-28 22:34:19 | DEBUG | sivi:base_runner.py:347| eval_w2 | Epoch 9310, VI W2 to baseline: 0.0288
2026-03-28 22:34:19 | DEBUG | sivi:base_reverse_runner.py:272| eval_w2 | Epoch 9310, Reverse Model W2: 0.0488
2026-03-28 22:34:19 | DEBUG | sivi:base_runner.py:477| eval_elbo | Epoch 9310, ELBO: 0.0036, Std Total: 0.1115, Std Q: nan, CI Half: 0.0098
2026-03-28 22:34:19 | DEBUG | sivi:base_runner.py:507| eval_ksd | Epoch 9310, VI KSD: -0.0011
2026-03-28 22:34:20 | DEBUG | sivi:base_runner.py:337| eval_kl_ite | Epoch 9320, VI KL to baseline: 0.0014
2026-03-28 22:34:20 | DEBUG | sivi:base_reverse_runner.py:261| eval_kl_ite | Epoch 9320, Reverse Model KL ITE: 0.0891
2026-03-28 22:34:20 | DEBUG | sivi:base_runner.py:347| eval_w2 | Epoch 9320, VI W2 to baseline: 0.0356
2026-03-28 22:34:20 | DEBUG | sivi:base_reverse_runner.py:272| eval_w2 | Epoch 9320, Reverse Model W2: 0.0490
2026-03-28 22:34:20 | DEBUG | sivi:base_runner.py:477| eval_elbo | Epoch 9320, ELBO: -0.0059, Std Total: 0.1213, Std Q: nan, CI Half: 0.0106
2026-03-28 22:34:20 | DEBUG | sivi:base_runner.py:507| eval_ksd | Epoch 9320, VI KSD: -0.0003
2026-03-28 22:34:20 | DEBUG | sivi:base_runner.py:337| eval_kl_ite | Epoch 9330, VI KL to baseline: 0.0098
2026-03-28 22:34:20 | DEBUG | sivi:base_reverse_runner.py:261| eval_kl_ite | Epoch 9330, Reverse Model KL ITE: 0.0937
2026-03-28 22:34:21 | DEBUG | sivi:base_runner.py:347| eval_w2 | Epoch 9330, VI W2 to baseline: 0.0378
2026-03-28 22:34:21 | DEBUG | sivi:base_reverse_runner.py:272| eval_w2 | Epoch 9330, Reverse Model W2: 0.0554
2026-03-28 22:34:21 | DEBUG | sivi:base_runner.py:477| eval_elbo | Epoch 9330, ELBO: 0.0231, Std Total: 0.1295, Std Q: nan, CI Half: 0.0113
2026-03-28 22:34:21 | DEBUG | sivi:base_runner.py:507| eval_ksd | Epoch 9330, VI KSD: -0.0000
2026-03-28 22:34:21 | DEBUG | sivi:base_runner.py:337| eval_kl_ite | Epoch 9340, VI KL to baseline: 0.0136
2026-03-28 22:34:21 | DEBUG | sivi:base_reverse_runner.py:261| eval_kl_ite | Epoch 9340, Reverse Model KL ITE: 0.0628
2026-03-28 22:34:21 | DEBUG | sivi:base_runner.py:347| eval_w2 | Epoch 9340, VI W2 to baseline: 0.0270
2026-03-28 22:34:21 | DEBUG | sivi:base_reverse_runner.py:272| eval_w2 | Epoch 9340, Reverse Model W2: 0.0556
2026-03-28 22:34:21 | DEBUG | sivi:base_runner.py:477| eval_elbo | Epoch 9340, ELBO: -0.0065, Std Total: 0.1206, Std Q: nan, CI Half: 0.0106
2026-03-28 22:34:21 | DEBUG | sivi:base_runner.py:507| eval_ksd | Epoch 9340, VI KSD: -0.0003
2026-03-28 22:34:22 | DEBUG | sivi:base_runner.py:337| eval_kl_ite | Epoch 9350, VI KL to baseline: 0.0070
2026-03-28 22:34:22 | DEBUG | sivi:base_reverse_runner.py:261| eval_kl_ite | Epoch 9350, Reverse Model KL ITE: 0.0810
2026-03-28 22:34:22 | DEBUG | sivi:base_runner.py:347| eval_w2 | Epoch 9350, VI W2 to baseline: 0.0359
2026-03-28 22:34:22 | DEBUG | sivi:base_reverse_runner.py:272| eval_w2 | Epoch 9350, Reverse Model W2: 0.0494
2026-03-28 22:34:22 | DEBUG | sivi:base_runner.py:477| eval_elbo | Epoch 9350, ELBO: 0.0036, Std Total: 0.1154, Std Q: nan, CI Half: 0.0101
2026-03-28 22:34:22 | DEBUG | sivi:base_runner.py:507| eval_ksd | Epoch 9350, VI KSD: 0.0002
2026-03-28 22:34:22 | DEBUG | sivi:base_runner.py:337| eval_kl_ite | Epoch 9360, VI KL to baseline: -0.0006
2026-03-28 22:34:22 | DEBUG | sivi:base_reverse_runner.py:261| eval_kl_ite | Epoch 9360, Reverse Model KL ITE: 0.0770
2026-03-28 22:34:22 | DEBUG | sivi:base_runner.py:347| eval_w2 | Epoch 9360, VI W2 to baseline: 0.0224
2026-03-28 22:34:22 | DEBUG | sivi:base_reverse_runner.py:272| eval_w2 | Epoch 9360, Reverse Model W2: 0.0531
2026-03-28 22:34:22 | DEBUG | sivi:base_runner.py:477| eval_elbo | Epoch 9360, ELBO: 0.0078, Std Total: 0.1302, Std Q: nan, CI Half: 0.0114
2026-03-28 22:34:22 | DEBUG | sivi:base_runner.py:507| eval_ksd | Epoch 9360, VI KSD: -0.0007
2026-03-28 22:34:23 | DEBUG | sivi:base_runner.py:337| eval_kl_ite | Epoch 9370, VI KL to baseline: -0.0151
2026-03-28 22:34:23 | DEBUG | sivi:base_reverse_runner.py:261| eval_kl_ite | Epoch 9370, Reverse Model KL ITE: 0.0856
2026-03-28 22:34:23 | DEBUG | sivi:base_runner.py:347| eval_w2 | Epoch 9370, VI W2 to baseline: 0.0631
2026-03-28 22:34:23 | DEBUG | sivi:base_reverse_runner.py:272| eval_w2 | Epoch 9370, Reverse Model W2: 0.0523
2026-03-28 22:34:23 | DEBUG | sivi:base_runner.py:477| eval_elbo | Epoch 9370, ELBO: 0.0020, Std Total: 0.1387, Std Q: nan, CI Half: 0.0122
2026-03-28 22:34:23 | DEBUG | sivi:base_runner.py:507| eval_ksd | Epoch 9370, VI KSD: -0.0001
2026-03-28 22:34:23 | DEBUG | sivi:base_runner.py:337| eval_kl_ite | Epoch 9380, VI KL to baseline: 0.0128
2026-03-28 22:34:23 | DEBUG | sivi:base_reverse_runner.py:261| eval_kl_ite | Epoch 9380, Reverse Model KL ITE: 0.1100
2026-03-28 22:34:23 | DEBUG | sivi:base_runner.py:347| eval_w2 | Epoch 9380, VI W2 to baseline: 0.0375
2026-03-28 22:34:23 | DEBUG | sivi:base_reverse_runner.py:272| eval_w2 | Epoch 9380, Reverse Model W2: 0.0489
2026-03-28 22:34:23 | DEBUG | sivi:base_runner.py:477| eval_elbo | Epoch 9380, ELBO: 0.0041, Std Total: 0.1193, Std Q: nan, CI Half: 0.0105
2026-03-28 22:34:23 | DEBUG | sivi:base_runner.py:507| eval_ksd | Epoch 9380, VI KSD: 0.0006
2026-03-28 22:34:24 | DEBUG | sivi:base_runner.py:337| eval_kl_ite | Epoch 9390, VI KL to baseline: -0.0031
2026-03-28 22:34:24 | DEBUG | sivi:base_reverse_runner.py:261| eval_kl_ite | Epoch 9390, Reverse Model KL ITE: 0.0995
2026-03-28 22:34:24 | DEBUG | sivi:base_runner.py:347| eval_w2 | Epoch 9390, VI W2 to baseline: 0.0381
2026-03-28 22:34:24 | DEBUG | sivi:base_reverse_runner.py:272| eval_w2 | Epoch 9390, Reverse Model W2: 0.0508
2026-03-28 22:34:24 | DEBUG | sivi:base_runner.py:477| eval_elbo | Epoch 9390, ELBO: -0.0014, Std Total: 0.1147, Std Q: nan, CI Half: 0.0100
2026-03-28 22:34:24 | DEBUG | sivi:base_runner.py:507| eval_ksd | Epoch 9390, VI KSD: 0.0011
2026-03-28 22:34:24 | DEBUG | sivi:base_runner.py:874| learn | Epoch 9400: Avg Loss: -0.0042, Avg Epoch Time: 0.0569s
2026-03-28 22:34:24 | DEBUG | sivi:base_runner.py:337| eval_kl_ite | Epoch 9400, VI KL to baseline: 0.0046
2026-03-28 22:34:24 | DEBUG | sivi:base_reverse_runner.py:261| eval_kl_ite | Epoch 9400, Reverse Model KL ITE: 0.0916
2026-03-28 22:34:24 | DEBUG | sivi:base_runner.py:347| eval_w2 | Epoch 9400, VI W2 to baseline: 0.0308
2026-03-28 22:34:24 | DEBUG | sivi:base_reverse_runner.py:272| eval_w2 | Epoch 9400, Reverse Model W2: 0.0535
2026-03-28 22:34:24 | DEBUG | sivi:base_runner.py:477| eval_elbo | Epoch 9400, ELBO: 0.0057, Std Total: 0.1126, Std Q: nan, CI Half: 0.0099
2026-03-28 22:34:24 | DEBUG | sivi:base_runner.py:507| eval_ksd | Epoch 9400, VI KSD: -0.0001
2026-03-28 22:34:25 | DEBUG | sivi:base_runner.py:337| eval_kl_ite | Epoch 9410, VI KL to baseline: 0.0153
2026-03-28 22:34:25 | DEBUG | sivi:base_reverse_runner.py:261| eval_kl_ite | Epoch 9410, Reverse Model KL ITE: 0.0809
2026-03-28 22:34:25 | DEBUG | sivi:base_runner.py:347| eval_w2 | Epoch 9410, VI W2 to baseline: 0.0268
2026-03-28 22:34:25 | DEBUG | sivi:base_reverse_runner.py:272| eval_w2 | Epoch 9410, Reverse Model W2: 0.0506
2026-03-28 22:34:25 | DEBUG | sivi:base_runner.py:477| eval_elbo | Epoch 9410, ELBO: 0.0113, Std Total: 0.1132, Std Q: nan, CI Half: 0.0099
2026-03-28 22:34:25 | DEBUG | sivi:base_runner.py:507| eval_ksd | Epoch 9410, VI KSD: -0.0002
2026-03-28 22:34:25 | DEBUG | sivi:base_runner.py:337| eval_kl_ite | Epoch 9420, VI KL to baseline: 0.0161
2026-03-28 22:34:25 | DEBUG | sivi:base_reverse_runner.py:261| eval_kl_ite | Epoch 9420, Reverse Model KL ITE: 0.0877
2026-03-28 22:34:25 | DEBUG | sivi:base_runner.py:347| eval_w2 | Epoch 9420, VI W2 to baseline: 0.0345
2026-03-28 22:34:25 | DEBUG | sivi:base_reverse_runner.py:272| eval_w2 | Epoch 9420, Reverse Model W2: 0.0487
2026-03-28 22:34:25 | DEBUG | sivi:base_runner.py:477| eval_elbo | Epoch 9420, ELBO: -0.0063, Std Total: 0.0944, Std Q: nan, CI Half: 0.0083
2026-03-28 22:34:25 | DEBUG | sivi:base_runner.py:507| eval_ksd | Epoch 9420, VI KSD: 0.0003
2026-03-28 22:34:26 | DEBUG | sivi:base_runner.py:337| eval_kl_ite | Epoch 9430, VI KL to baseline: -0.0082
2026-03-28 22:34:26 | DEBUG | sivi:base_reverse_runner.py:261| eval_kl_ite | Epoch 9430, Reverse Model KL ITE: 0.0909
2026-03-28 22:34:26 | DEBUG | sivi:base_runner.py:347| eval_w2 | Epoch 9430, VI W2 to baseline: 0.0629
2026-03-28 22:34:26 | DEBUG | sivi:base_reverse_runner.py:272| eval_w2 | Epoch 9430, Reverse Model W2: 0.0543
2026-03-28 22:34:26 | DEBUG | sivi:base_runner.py:477| eval_elbo | Epoch 9430, ELBO: 0.0139, Std Total: 0.1508, Std Q: nan, CI Half: 0.0132
2026-03-28 22:34:26 | DEBUG | sivi:base_runner.py:507| eval_ksd | Epoch 9430, VI KSD: -0.0000
2026-03-28 22:34:27 | DEBUG | sivi:base_runner.py:337| eval_kl_ite | Epoch 9440, VI KL to baseline: -0.0058
2026-03-28 22:34:27 | DEBUG | sivi:base_reverse_runner.py:261| eval_kl_ite | Epoch 9440, Reverse Model KL ITE: 0.0815
2026-03-28 22:34:27 | DEBUG | sivi:base_runner.py:347| eval_w2 | Epoch 9440, VI W2 to baseline: 0.0253
2026-03-28 22:34:27 | DEBUG | sivi:base_reverse_runner.py:272| eval_w2 | Epoch 9440, Reverse Model W2: 0.0467
2026-03-28 22:34:27 | DEBUG | sivi:base_runner.py:477| eval_elbo | Epoch 9440, ELBO: 0.0054, Std Total: 0.1447, Std Q: nan, CI Half: 0.0127
2026-03-28 22:34:27 | DEBUG | sivi:base_runner.py:507| eval_ksd | Epoch 9440, VI KSD: -0.0002
2026-03-28 22:34:27 | DEBUG | sivi:base_runner.py:337| eval_kl_ite | Epoch 9450, VI KL to baseline: 0.0298
2026-03-28 22:34:27 | DEBUG | sivi:base_reverse_runner.py:261| eval_kl_ite | Epoch 9450, Reverse Model KL ITE: 0.0682
2026-03-28 22:34:27 | DEBUG | sivi:base_runner.py:347| eval_w2 | Epoch 9450, VI W2 to baseline: 0.0257
2026-03-28 22:34:27 | DEBUG | sivi:base_reverse_runner.py:272| eval_w2 | Epoch 9450, Reverse Model W2: 0.0468
2026-03-28 22:34:27 | DEBUG | sivi:base_runner.py:477| eval_elbo | Epoch 9450, ELBO: 0.0078, Std Total: 0.1463, Std Q: nan, CI Half: 0.0128
2026-03-28 22:34:27 | DEBUG | sivi:base_runner.py:507| eval_ksd | Epoch 9450, VI KSD: 0.0003
2026-03-28 22:34:28 | DEBUG | sivi:base_runner.py:337| eval_kl_ite | Epoch 9460, VI KL to baseline: 0.0165
2026-03-28 22:34:28 | DEBUG | sivi:base_reverse_runner.py:261| eval_kl_ite | Epoch 9460, Reverse Model KL ITE: 0.0951
2026-03-28 22:34:28 | DEBUG | sivi:base_runner.py:347| eval_w2 | Epoch 9460, VI W2 to baseline: 0.0240
2026-03-28 22:34:28 | DEBUG | sivi:base_reverse_runner.py:272| eval_w2 | Epoch 9460, Reverse Model W2: 0.0536
2026-03-28 22:34:28 | DEBUG | sivi:base_runner.py:477| eval_elbo | Epoch 9460, ELBO: 0.0005, Std Total: 0.1082, Std Q: nan, CI Half: 0.0095
2026-03-28 22:34:28 | DEBUG | sivi:base_runner.py:507| eval_ksd | Epoch 9460, VI KSD: 0.0011
2026-03-28 22:34:28 | DEBUG | sivi:base_runner.py:337| eval_kl_ite | Epoch 9470, VI KL to baseline: 0.0043
2026-03-28 22:34:28 | DEBUG | sivi:base_reverse_runner.py:261| eval_kl_ite | Epoch 9470, Reverse Model KL ITE: 0.0938
2026-03-28 22:34:28 | DEBUG | sivi:base_runner.py:347| eval_w2 | Epoch 9470, VI W2 to baseline: 0.0303
2026-03-28 22:34:28 | DEBUG | sivi:base_reverse_runner.py:272| eval_w2 | Epoch 9470, Reverse Model W2: 0.0472
2026-03-28 22:34:28 | DEBUG | sivi:base_runner.py:477| eval_elbo | Epoch 9470, ELBO: 0.0160, Std Total: 0.1283, Std Q: nan, CI Half: 0.0112
2026-03-28 22:34:28 | DEBUG | sivi:base_runner.py:507| eval_ksd | Epoch 9470, VI KSD: -0.0001
2026-03-28 22:34:29 | DEBUG | sivi:base_runner.py:337| eval_kl_ite | Epoch 9480, VI KL to baseline: 0.0055
2026-03-28 22:34:29 | DEBUG | sivi:base_reverse_runner.py:261| eval_kl_ite | Epoch 9480, Reverse Model KL ITE: 0.0850
2026-03-28 22:34:29 | DEBUG | sivi:base_runner.py:347| eval_w2 | Epoch 9480, VI W2 to baseline: 0.0294
2026-03-28 22:34:29 | DEBUG | sivi:base_reverse_runner.py:272| eval_w2 | Epoch 9480, Reverse Model W2: 0.0478
2026-03-28 22:34:29 | DEBUG | sivi:base_runner.py:477| eval_elbo | Epoch 9480, ELBO: 0.0101, Std Total: 0.1236, Std Q: nan, CI Half: 0.0108
2026-03-28 22:34:29 | DEBUG | sivi:base_runner.py:507| eval_ksd | Epoch 9480, VI KSD: -0.0003
2026-03-28 22:34:29 | DEBUG | sivi:base_runner.py:337| eval_kl_ite | Epoch 9490, VI KL to baseline: 0.0086
2026-03-28 22:34:30 | DEBUG | sivi:base_reverse_runner.py:261| eval_kl_ite | Epoch 9490, Reverse Model KL ITE: 0.0913
2026-03-28 22:34:30 | DEBUG | sivi:base_runner.py:347| eval_w2 | Epoch 9490, VI W2 to baseline: 0.0268
2026-03-28 22:34:30 | DEBUG | sivi:base_reverse_runner.py:272| eval_w2 | Epoch 9490, Reverse Model W2: 0.0489
2026-03-28 22:34:30 | DEBUG | sivi:base_runner.py:477| eval_elbo | Epoch 9490, ELBO: 0.0019, Std Total: 0.0998, Std Q: nan, CI Half: 0.0088
2026-03-28 22:34:30 | DEBUG | sivi:base_runner.py:507| eval_ksd | Epoch 9490, VI KSD: 0.0001
2026-03-28 22:34:30 | DEBUG | sivi:base_runner.py:874| learn | Epoch 9500: Avg Loss: 0.0143, Avg Epoch Time: 0.0576s
2026-03-28 22:34:30 | DEBUG | sivi:base_reverse_runner.py:183| _training_rev_log_func | Epoch 9500, Inner epoch 1, Reverse Model Loss: 4.9440, Avg Steps: 1.0000
2026-03-28 22:34:30 | DEBUG | sivi:base_runner.py:588| save_samples | Saved 100000 samples at epoch 9500.
2026-03-28 22:34:30 | DEBUG | sivi:base_runner.py:337| eval_kl_ite | Epoch 9500, VI KL to baseline: -0.0107
2026-03-28 22:34:30 | DEBUG | sivi:base_reverse_runner.py:261| eval_kl_ite | Epoch 9500, Reverse Model KL ITE: 0.0777
2026-03-28 22:34:30 | DEBUG | sivi:base_runner.py:347| eval_w2 | Epoch 9500, VI W2 to baseline: 0.0359
2026-03-28 22:34:30 | DEBUG | sivi:base_reverse_runner.py:272| eval_w2 | Epoch 9500, Reverse Model W2: 0.0531
2026-03-28 22:34:30 | DEBUG | sivi:base_runner.py:477| eval_elbo | Epoch 9500, ELBO: 0.0102, Std Total: 0.1456, Std Q: nan, CI Half: 0.0128
2026-03-28 22:34:30 | DEBUG | sivi:base_runner.py:507| eval_ksd | Epoch 9500, VI KSD: -0.0005
2026-03-28 22:34:30 | DEBUG | sivi:base_runner.py:970| learn | Saved contour plot at epoch 9500.
2026-03-28 22:34:31 | DEBUG | sivi:base_runner.py:337| eval_kl_ite | Epoch 9510, VI KL to baseline: 0.0048
2026-03-28 22:34:31 | DEBUG | sivi:base_reverse_runner.py:261| eval_kl_ite | Epoch 9510, Reverse Model KL ITE: 0.1219
2026-03-28 22:34:31 | DEBUG | sivi:base_runner.py:347| eval_w2 | Epoch 9510, VI W2 to baseline: 0.0318
2026-03-28 22:34:31 | DEBUG | sivi:base_reverse_runner.py:272| eval_w2 | Epoch 9510, Reverse Model W2: 0.0516
2026-03-28 22:34:31 | DEBUG | sivi:base_runner.py:477| eval_elbo | Epoch 9510, ELBO: 0.0032, Std Total: 0.1528, Std Q: nan, CI Half: 0.0134
2026-03-28 22:34:31 | DEBUG | sivi:base_runner.py:507| eval_ksd | Epoch 9510, VI KSD: 0.0000
2026-03-28 22:34:31 | DEBUG | sivi:base_runner.py:337| eval_kl_ite | Epoch 9520, VI KL to baseline: 0.0031
2026-03-28 22:34:31 | DEBUG | sivi:base_reverse_runner.py:261| eval_kl_ite | Epoch 9520, Reverse Model KL ITE: 0.0794
2026-03-28 22:34:31 | DEBUG | sivi:base_runner.py:347| eval_w2 | Epoch 9520, VI W2 to baseline: 0.0319
2026-03-28 22:34:31 | DEBUG | sivi:base_reverse_runner.py:272| eval_w2 | Epoch 9520, Reverse Model W2: 0.0519
2026-03-28 22:34:31 | DEBUG | sivi:base_runner.py:477| eval_elbo | Epoch 9520, ELBO: 0.0010, Std Total: 0.1376, Std Q: nan, CI Half: 0.0121
2026-03-28 22:34:31 | DEBUG | sivi:base_runner.py:507| eval_ksd | Epoch 9520, VI KSD: 0.0003
2026-03-28 22:34:32 | DEBUG | sivi:base_runner.py:337| eval_kl_ite | Epoch 9530, VI KL to baseline: 0.0016
2026-03-28 22:34:32 | DEBUG | sivi:base_reverse_runner.py:261| eval_kl_ite | Epoch 9530, Reverse Model KL ITE: 0.0866
2026-03-28 22:34:32 | DEBUG | sivi:base_runner.py:347| eval_w2 | Epoch 9530, VI W2 to baseline: 0.0420
2026-03-28 22:34:32 | DEBUG | sivi:base_reverse_runner.py:272| eval_w2 | Epoch 9530, Reverse Model W2: 0.0495
2026-03-28 22:34:32 | DEBUG | sivi:base_runner.py:477| eval_elbo | Epoch 9530, ELBO: 0.0027, Std Total: 0.1036, Std Q: nan, CI Half: 0.0091
2026-03-28 22:34:32 | DEBUG | sivi:base_runner.py:507| eval_ksd | Epoch 9530, VI KSD: -0.0003
2026-03-28 22:34:32 | DEBUG | sivi:base_runner.py:337| eval_kl_ite | Epoch 9540, VI KL to baseline: -0.0068
2026-03-28 22:34:32 | DEBUG | sivi:base_reverse_runner.py:261| eval_kl_ite | Epoch 9540, Reverse Model KL ITE: 0.0837
2026-03-28 22:34:33 | DEBUG | sivi:base_runner.py:347| eval_w2 | Epoch 9540, VI W2 to baseline: 0.0419
2026-03-28 22:34:33 | DEBUG | sivi:base_reverse_runner.py:272| eval_w2 | Epoch 9540, Reverse Model W2: 0.0526
2026-03-28 22:34:33 | DEBUG | sivi:base_runner.py:477| eval_elbo | Epoch 9540, ELBO: 0.0222, Std Total: 0.1359, Std Q: nan, CI Half: 0.0119
2026-03-28 22:34:33 | DEBUG | sivi:base_runner.py:507| eval_ksd | Epoch 9540, VI KSD: -0.0009
2026-03-28 22:34:33 | DEBUG | sivi:base_runner.py:337| eval_kl_ite | Epoch 9550, VI KL to baseline: 0.0080
2026-03-28 22:34:33 | DEBUG | sivi:base_reverse_runner.py:261| eval_kl_ite | Epoch 9550, Reverse Model KL ITE: 0.0793
2026-03-28 22:34:33 | DEBUG | sivi:base_runner.py:347| eval_w2 | Epoch 9550, VI W2 to baseline: 0.0396
2026-03-28 22:34:33 | DEBUG | sivi:base_reverse_runner.py:272| eval_w2 | Epoch 9550, Reverse Model W2: 0.0500
2026-03-28 22:34:33 | DEBUG | sivi:base_runner.py:477| eval_elbo | Epoch 9550, ELBO: 0.0062, Std Total: 0.1294, Std Q: nan, CI Half: 0.0113
2026-03-28 22:34:33 | DEBUG | sivi:base_runner.py:507| eval_ksd | Epoch 9550, VI KSD: -0.0007
2026-03-28 22:34:34 | DEBUG | sivi:base_runner.py:337| eval_kl_ite | Epoch 9560, VI KL to baseline: 0.0149
2026-03-28 22:34:34 | DEBUG | sivi:base_reverse_runner.py:261| eval_kl_ite | Epoch 9560, Reverse Model KL ITE: 0.1054
2026-03-28 22:34:34 | DEBUG | sivi:base_runner.py:347| eval_w2 | Epoch 9560, VI W2 to baseline: 0.0360
2026-03-28 22:34:34 | DEBUG | sivi:base_reverse_runner.py:272| eval_w2 | Epoch 9560, Reverse Model W2: 0.0481
2026-03-28 22:34:34 | DEBUG | sivi:base_runner.py:477| eval_elbo | Epoch 9560, ELBO: 0.0051, Std Total: 0.1126, Std Q: nan, CI Half: 0.0099
2026-03-28 22:34:34 | DEBUG | sivi:base_runner.py:507| eval_ksd | Epoch 9560, VI KSD: 0.0001
2026-03-28 22:34:34 | DEBUG | sivi:base_runner.py:337| eval_kl_ite | Epoch 9570, VI KL to baseline: 0.0041
2026-03-28 22:34:35 | DEBUG | sivi:base_reverse_runner.py:261| eval_kl_ite | Epoch 9570, Reverse Model KL ITE: 0.0813
2026-03-28 22:34:35 | DEBUG | sivi:base_runner.py:347| eval_w2 | Epoch 9570, VI W2 to baseline: 0.0535
2026-03-28 22:34:35 | DEBUG | sivi:base_reverse_runner.py:272| eval_w2 | Epoch 9570, Reverse Model W2: 0.0488
2026-03-28 22:34:35 | DEBUG | sivi:base_runner.py:477| eval_elbo | Epoch 9570, ELBO: 0.0094, Std Total: 0.1421, Std Q: nan, CI Half: 0.0125
2026-03-28 22:34:35 | DEBUG | sivi:base_runner.py:507| eval_ksd | Epoch 9570, VI KSD: -0.0005
2026-03-28 22:34:35 | DEBUG | sivi:base_runner.py:337| eval_kl_ite | Epoch 9580, VI KL to baseline: 0.0046
2026-03-28 22:34:35 | DEBUG | sivi:base_reverse_runner.py:261| eval_kl_ite | Epoch 9580, Reverse Model KL ITE: 0.0710
2026-03-28 22:34:35 | DEBUG | sivi:base_runner.py:347| eval_w2 | Epoch 9580, VI W2 to baseline: 0.0299
2026-03-28 22:34:35 | DEBUG | sivi:base_reverse_runner.py:272| eval_w2 | Epoch 9580, Reverse Model W2: 0.0533
2026-03-28 22:34:35 | DEBUG | sivi:base_runner.py:477| eval_elbo | Epoch 9580, ELBO: 0.0053, Std Total: 0.1328, Std Q: nan, CI Half: 0.0116
2026-03-28 22:34:35 | DEBUG | sivi:base_runner.py:507| eval_ksd | Epoch 9580, VI KSD: 0.0000
2026-03-28 22:34:36 | DEBUG | sivi:base_runner.py:337| eval_kl_ite | Epoch 9590, VI KL to baseline: 0.0202
2026-03-28 22:34:36 | DEBUG | sivi:base_reverse_runner.py:261| eval_kl_ite | Epoch 9590, Reverse Model KL ITE: 0.0831
2026-03-28 22:34:36 | DEBUG | sivi:base_runner.py:347| eval_w2 | Epoch 9590, VI W2 to baseline: 0.0379
2026-03-28 22:34:36 | DEBUG | sivi:base_reverse_runner.py:272| eval_w2 | Epoch 9590, Reverse Model W2: 0.0515
2026-03-28 22:34:36 | DEBUG | sivi:base_runner.py:477| eval_elbo | Epoch 9590, ELBO: 0.0044, Std Total: 0.0923, Std Q: nan, CI Half: 0.0081
2026-03-28 22:34:36 | DEBUG | sivi:base_runner.py:507| eval_ksd | Epoch 9590, VI KSD: 0.0004
2026-03-28 22:34:36 | DEBUG | sivi:base_runner.py:874| learn | Epoch 9600: Avg Loss: -0.0103, Avg Epoch Time: 0.0615s
2026-03-28 22:34:36 | DEBUG | sivi:base_runner.py:337| eval_kl_ite | Epoch 9600, VI KL to baseline: 0.0012
2026-03-28 22:34:36 | DEBUG | sivi:base_reverse_runner.py:261| eval_kl_ite | Epoch 9600, Reverse Model KL ITE: 0.0796
2026-03-28 22:34:36 | DEBUG | sivi:base_runner.py:347| eval_w2 | Epoch 9600, VI W2 to baseline: 0.0338
2026-03-28 22:34:36 | DEBUG | sivi:base_reverse_runner.py:272| eval_w2 | Epoch 9600, Reverse Model W2: 0.0525
2026-03-28 22:34:36 | DEBUG | sivi:base_runner.py:477| eval_elbo | Epoch 9600, ELBO: 0.0097, Std Total: 0.1483, Std Q: nan, CI Half: 0.0130
2026-03-28 22:34:36 | DEBUG | sivi:base_runner.py:507| eval_ksd | Epoch 9600, VI KSD: -0.0002
2026-03-28 22:34:37 | DEBUG | sivi:base_runner.py:337| eval_kl_ite | Epoch 9610, VI KL to baseline: -0.0031
2026-03-28 22:34:37 | DEBUG | sivi:base_reverse_runner.py:261| eval_kl_ite | Epoch 9610, Reverse Model KL ITE: 0.0837
2026-03-28 22:34:37 | DEBUG | sivi:base_runner.py:347| eval_w2 | Epoch 9610, VI W2 to baseline: 0.0311
2026-03-28 22:34:37 | DEBUG | sivi:base_reverse_runner.py:272| eval_w2 | Epoch 9610, Reverse Model W2: 0.0573
2026-03-28 22:34:37 | DEBUG | sivi:base_runner.py:477| eval_elbo | Epoch 9610, ELBO: 0.0044, Std Total: 0.1100, Std Q: nan, CI Half: 0.0096
2026-03-28 22:34:37 | DEBUG | sivi:base_runner.py:507| eval_ksd | Epoch 9610, VI KSD: -0.0008
2026-03-28 22:34:37 | DEBUG | sivi:base_runner.py:337| eval_kl_ite | Epoch 9620, VI KL to baseline: 0.0080
2026-03-28 22:34:38 | DEBUG | sivi:base_reverse_runner.py:261| eval_kl_ite | Epoch 9620, Reverse Model KL ITE: 0.0905
2026-03-28 22:34:38 | DEBUG | sivi:base_runner.py:347| eval_w2 | Epoch 9620, VI W2 to baseline: 0.0545
2026-03-28 22:34:38 | DEBUG | sivi:base_reverse_runner.py:272| eval_w2 | Epoch 9620, Reverse Model W2: 0.0479
2026-03-28 22:34:38 | DEBUG | sivi:base_runner.py:477| eval_elbo | Epoch 9620, ELBO: -0.0015, Std Total: 0.0925, Std Q: nan, CI Half: 0.0081
2026-03-28 22:34:38 | DEBUG | sivi:base_runner.py:507| eval_ksd | Epoch 9620, VI KSD: -0.0000
2026-03-28 22:34:38 | DEBUG | sivi:base_runner.py:337| eval_kl_ite | Epoch 9630, VI KL to baseline: 0.0144
2026-03-28 22:34:38 | DEBUG | sivi:base_reverse_runner.py:261| eval_kl_ite | Epoch 9630, Reverse Model KL ITE: 0.0994
2026-03-28 22:34:38 | DEBUG | sivi:base_runner.py:347| eval_w2 | Epoch 9630, VI W2 to baseline: 0.0437
2026-03-28 22:34:38 | DEBUG | sivi:base_reverse_runner.py:272| eval_w2 | Epoch 9630, Reverse Model W2: 0.0581
2026-03-28 22:34:38 | DEBUG | sivi:base_runner.py:477| eval_elbo | Epoch 9630, ELBO: -0.0010, Std Total: 0.1594, Std Q: nan, CI Half: 0.0140
2026-03-28 22:34:38 | DEBUG | sivi:base_runner.py:507| eval_ksd | Epoch 9630, VI KSD: 0.0001
2026-03-28 22:34:39 | DEBUG | sivi:base_runner.py:337| eval_kl_ite | Epoch 9640, VI KL to baseline: 0.0070
2026-03-28 22:34:39 | DEBUG | sivi:base_reverse_runner.py:261| eval_kl_ite | Epoch 9640, Reverse Model KL ITE: 0.0927
2026-03-28 22:34:39 | DEBUG | sivi:base_runner.py:347| eval_w2 | Epoch 9640, VI W2 to baseline: 0.0534
2026-03-28 22:34:39 | DEBUG | sivi:base_reverse_runner.py:272| eval_w2 | Epoch 9640, Reverse Model W2: 0.0501
2026-03-28 22:34:39 | DEBUG | sivi:base_runner.py:477| eval_elbo | Epoch 9640, ELBO: 0.0082, Std Total: 0.1253, Std Q: nan, CI Half: 0.0110
2026-03-28 22:34:39 | DEBUG | sivi:base_runner.py:507| eval_ksd | Epoch 9640, VI KSD: 0.0001
2026-03-28 22:34:39 | DEBUG | sivi:base_runner.py:337| eval_kl_ite | Epoch 9650, VI KL to baseline: 0.0114
2026-03-28 22:34:39 | DEBUG | sivi:base_reverse_runner.py:261| eval_kl_ite | Epoch 9650, Reverse Model KL ITE: 0.0686
2026-03-28 22:34:39 | DEBUG | sivi:base_runner.py:347| eval_w2 | Epoch 9650, VI W2 to baseline: 0.0321
2026-03-28 22:34:39 | DEBUG | sivi:base_reverse_runner.py:272| eval_w2 | Epoch 9650, Reverse Model W2: 0.0521
2026-03-28 22:34:39 | DEBUG | sivi:base_runner.py:477| eval_elbo | Epoch 9650, ELBO: 0.0113, Std Total: 0.1135, Std Q: nan, CI Half: 0.0099
2026-03-28 22:34:39 | DEBUG | sivi:base_runner.py:507| eval_ksd | Epoch 9650, VI KSD: 0.0003
2026-03-28 22:34:40 | DEBUG | sivi:base_runner.py:337| eval_kl_ite | Epoch 9660, VI KL to baseline: 0.0003
2026-03-28 22:34:40 | DEBUG | sivi:base_reverse_runner.py:261| eval_kl_ite | Epoch 9660, Reverse Model KL ITE: 0.1006
2026-03-28 22:34:40 | DEBUG | sivi:base_runner.py:347| eval_w2 | Epoch 9660, VI W2 to baseline: 0.0251
2026-03-28 22:34:40 | DEBUG | sivi:base_reverse_runner.py:272| eval_w2 | Epoch 9660, Reverse Model W2: 0.0551
2026-03-28 22:34:40 | DEBUG | sivi:base_runner.py:477| eval_elbo | Epoch 9660, ELBO: 0.0242, Std Total: 0.1869, Std Q: nan, CI Half: 0.0164
2026-03-28 22:34:40 | DEBUG | sivi:base_runner.py:507| eval_ksd | Epoch 9660, VI KSD: 0.0014
2026-03-28 22:34:40 | DEBUG | sivi:base_runner.py:337| eval_kl_ite | Epoch 9670, VI KL to baseline: 0.0216
2026-03-28 22:34:40 | DEBUG | sivi:base_reverse_runner.py:261| eval_kl_ite | Epoch 9670, Reverse Model KL ITE: 0.0640
2026-03-28 22:34:41 | DEBUG | sivi:base_runner.py:347| eval_w2 | Epoch 9670, VI W2 to baseline: 0.0356
2026-03-28 22:34:41 | DEBUG | sivi:base_reverse_runner.py:272| eval_w2 | Epoch 9670, Reverse Model W2: 0.0527
2026-03-28 22:34:41 | DEBUG | sivi:base_runner.py:477| eval_elbo | Epoch 9670, ELBO: -0.0045, Std Total: 0.1200, Std Q: nan, CI Half: 0.0105
2026-03-28 22:34:41 | DEBUG | sivi:base_runner.py:507| eval_ksd | Epoch 9670, VI KSD: 0.0002
2026-03-28 22:34:41 | DEBUG | sivi:base_runner.py:337| eval_kl_ite | Epoch 9680, VI KL to baseline: -0.0054
2026-03-28 22:34:41 | DEBUG | sivi:base_reverse_runner.py:261| eval_kl_ite | Epoch 9680, Reverse Model KL ITE: 0.0894
2026-03-28 22:34:41 | DEBUG | sivi:base_runner.py:347| eval_w2 | Epoch 9680, VI W2 to baseline: 0.0291
2026-03-28 22:34:41 | DEBUG | sivi:base_reverse_runner.py:272| eval_w2 | Epoch 9680, Reverse Model W2: 0.0538
2026-03-28 22:34:41 | DEBUG | sivi:base_runner.py:477| eval_elbo | Epoch 9680, ELBO: 0.0072, Std Total: 0.0902, Std Q: nan, CI Half: 0.0079
2026-03-28 22:34:41 | DEBUG | sivi:base_runner.py:507| eval_ksd | Epoch 9680, VI KSD: -0.0004
2026-03-28 22:34:41 | DEBUG | sivi:base_runner.py:337| eval_kl_ite | Epoch 9690, VI KL to baseline: -0.0044
2026-03-28 22:34:42 | DEBUG | sivi:base_reverse_runner.py:261| eval_kl_ite | Epoch 9690, Reverse Model KL ITE: 0.0835
2026-03-28 22:34:42 | DEBUG | sivi:base_runner.py:347| eval_w2 | Epoch 9690, VI W2 to baseline: 0.0492
2026-03-28 22:34:42 | DEBUG | sivi:base_reverse_runner.py:272| eval_w2 | Epoch 9690, Reverse Model W2: 0.0575
2026-03-28 22:34:42 | DEBUG | sivi:base_runner.py:477| eval_elbo | Epoch 9690, ELBO: 0.0130, Std Total: 0.1098, Std Q: nan, CI Half: 0.0096
2026-03-28 22:34:42 | DEBUG | sivi:base_runner.py:507| eval_ksd | Epoch 9690, VI KSD: 0.0008
2026-03-28 22:34:42 | DEBUG | sivi:base_runner.py:874| learn | Epoch 9700: Avg Loss: 0.0157, Avg Epoch Time: 0.0583s
2026-03-28 22:34:42 | DEBUG | sivi:base_runner.py:337| eval_kl_ite | Epoch 9700, VI KL to baseline: -0.0169
2026-03-28 22:34:42 | DEBUG | sivi:base_reverse_runner.py:261| eval_kl_ite | Epoch 9700, Reverse Model KL ITE: 0.1055
2026-03-28 22:34:42 | DEBUG | sivi:base_runner.py:347| eval_w2 | Epoch 9700, VI W2 to baseline: 0.0455
2026-03-28 22:34:42 | DEBUG | sivi:base_reverse_runner.py:272| eval_w2 | Epoch 9700, Reverse Model W2: 0.0575
2026-03-28 22:34:42 | DEBUG | sivi:base_runner.py:477| eval_elbo | Epoch 9700, ELBO: 0.0054, Std Total: 0.1086, Std Q: nan, CI Half: 0.0095
2026-03-28 22:34:42 | DEBUG | sivi:base_runner.py:507| eval_ksd | Epoch 9700, VI KSD: -0.0007
2026-03-28 22:34:42 | DEBUG | sivi:base_runner.py:337| eval_kl_ite | Epoch 9710, VI KL to baseline: 0.0088
2026-03-28 22:34:42 | DEBUG | sivi:base_reverse_runner.py:261| eval_kl_ite | Epoch 9710, Reverse Model KL ITE: 0.0946
2026-03-28 22:34:43 | DEBUG | sivi:base_runner.py:347| eval_w2 | Epoch 9710, VI W2 to baseline: 0.0436
2026-03-28 22:34:43 | DEBUG | sivi:base_reverse_runner.py:272| eval_w2 | Epoch 9710, Reverse Model W2: 0.0499
2026-03-28 22:34:43 | DEBUG | sivi:base_runner.py:477| eval_elbo | Epoch 9710, ELBO: 0.0013, Std Total: 0.1170, Std Q: nan, CI Half: 0.0103
2026-03-28 22:34:43 | DEBUG | sivi:base_runner.py:507| eval_ksd | Epoch 9710, VI KSD: -0.0004
2026-03-28 22:34:43 | DEBUG | sivi:base_runner.py:337| eval_kl_ite | Epoch 9720, VI KL to baseline: 0.0061
2026-03-28 22:34:43 | DEBUG | sivi:base_reverse_runner.py:261| eval_kl_ite | Epoch 9720, Reverse Model KL ITE: 0.0851
2026-03-28 22:34:43 | DEBUG | sivi:base_runner.py:347| eval_w2 | Epoch 9720, VI W2 to baseline: 0.0477
2026-03-28 22:34:43 | DEBUG | sivi:base_reverse_runner.py:272| eval_w2 | Epoch 9720, Reverse Model W2: 0.0509
2026-03-28 22:34:43 | DEBUG | sivi:base_runner.py:477| eval_elbo | Epoch 9720, ELBO: 0.0091, Std Total: 0.1224, Std Q: nan, CI Half: 0.0107
2026-03-28 22:34:43 | DEBUG | sivi:base_runner.py:507| eval_ksd | Epoch 9720, VI KSD: 0.0007
2026-03-28 22:34:43 | DEBUG | sivi:base_runner.py:337| eval_kl_ite | Epoch 9730, VI KL to baseline: -0.0016
2026-03-28 22:34:44 | DEBUG | sivi:base_reverse_runner.py:261| eval_kl_ite | Epoch 9730, Reverse Model KL ITE: 0.0851
2026-03-28 22:34:44 | DEBUG | sivi:base_runner.py:347| eval_w2 | Epoch 9730, VI W2 to baseline: 0.0294
2026-03-28 22:34:44 | DEBUG | sivi:base_reverse_runner.py:272| eval_w2 | Epoch 9730, Reverse Model W2: 0.0539
2026-03-28 22:34:44 | DEBUG | sivi:base_runner.py:477| eval_elbo | Epoch 9730, ELBO: 0.0019, Std Total: 0.1413, Std Q: nan, CI Half: 0.0124
2026-03-28 22:34:44 | DEBUG | sivi:base_runner.py:507| eval_ksd | Epoch 9730, VI KSD: -0.0001
2026-03-28 22:34:44 | DEBUG | sivi:base_runner.py:337| eval_kl_ite | Epoch 9740, VI KL to baseline: 0.0006
2026-03-28 22:34:44 | DEBUG | sivi:base_reverse_runner.py:261| eval_kl_ite | Epoch 9740, Reverse Model KL ITE: 0.0902
2026-03-28 22:34:44 | DEBUG | sivi:base_runner.py:347| eval_w2 | Epoch 9740, VI W2 to baseline: 0.0360
2026-03-28 22:34:44 | DEBUG | sivi:base_reverse_runner.py:272| eval_w2 | Epoch 9740, Reverse Model W2: 0.0535
2026-03-28 22:34:44 | DEBUG | sivi:base_runner.py:477| eval_elbo | Epoch 9740, ELBO: -0.0069, Std Total: 0.1307, Std Q: nan, CI Half: 0.0115
2026-03-28 22:34:44 | DEBUG | sivi:base_runner.py:507| eval_ksd | Epoch 9740, VI KSD: -0.0003
2026-03-28 22:34:45 | DEBUG | sivi:base_runner.py:337| eval_kl_ite | Epoch 9750, VI KL to baseline: 0.0055
2026-03-28 22:34:45 | DEBUG | sivi:base_reverse_runner.py:261| eval_kl_ite | Epoch 9750, Reverse Model KL ITE: 0.0977
2026-03-28 22:34:45 | DEBUG | sivi:base_runner.py:347| eval_w2 | Epoch 9750, VI W2 to baseline: 0.0367
2026-03-28 22:34:45 | DEBUG | sivi:base_reverse_runner.py:272| eval_w2 | Epoch 9750, Reverse Model W2: 0.0564
2026-03-28 22:34:45 | DEBUG | sivi:base_runner.py:477| eval_elbo | Epoch 9750, ELBO: -0.0006, Std Total: 0.1627, Std Q: nan, CI Half: 0.0143
2026-03-28 22:34:45 | DEBUG | sivi:base_runner.py:507| eval_ksd | Epoch 9750, VI KSD: -0.0002
2026-03-28 22:34:45 | DEBUG | sivi:base_runner.py:337| eval_kl_ite | Epoch 9760, VI KL to baseline: 0.0026
2026-03-28 22:34:45 | DEBUG | sivi:base_reverse_runner.py:261| eval_kl_ite | Epoch 9760, Reverse Model KL ITE: 0.1005
2026-03-28 22:34:45 | DEBUG | sivi:base_runner.py:347| eval_w2 | Epoch 9760, VI W2 to baseline: 0.0474
2026-03-28 22:34:45 | DEBUG | sivi:base_reverse_runner.py:272| eval_w2 | Epoch 9760, Reverse Model W2: 0.0529
2026-03-28 22:34:45 | DEBUG | sivi:base_runner.py:477| eval_elbo | Epoch 9760, ELBO: -0.0035, Std Total: 0.1222, Std Q: nan, CI Half: 0.0107
2026-03-28 22:34:45 | DEBUG | sivi:base_runner.py:507| eval_ksd | Epoch 9760, VI KSD: 0.0011
2026-03-28 22:34:46 | DEBUG | sivi:base_runner.py:337| eval_kl_ite | Epoch 9770, VI KL to baseline: -0.0087
2026-03-28 22:34:46 | DEBUG | sivi:base_reverse_runner.py:261| eval_kl_ite | Epoch 9770, Reverse Model KL ITE: 0.0872
2026-03-28 22:34:46 | DEBUG | sivi:base_runner.py:347| eval_w2 | Epoch 9770, VI W2 to baseline: 0.0298
2026-03-28 22:34:46 | DEBUG | sivi:base_reverse_runner.py:272| eval_w2 | Epoch 9770, Reverse Model W2: 0.0496
2026-03-28 22:34:46 | DEBUG | sivi:base_runner.py:477| eval_elbo | Epoch 9770, ELBO: 0.0028, Std Total: 0.1421, Std Q: nan, CI Half: 0.0125
2026-03-28 22:34:46 | DEBUG | sivi:base_runner.py:507| eval_ksd | Epoch 9770, VI KSD: 0.0009
2026-03-28 22:34:47 | DEBUG | sivi:base_runner.py:337| eval_kl_ite | Epoch 9780, VI KL to baseline: 0.0093
2026-03-28 22:34:47 | DEBUG | sivi:base_reverse_runner.py:261| eval_kl_ite | Epoch 9780, Reverse Model KL ITE: 0.0863
2026-03-28 22:34:47 | DEBUG | sivi:base_runner.py:347| eval_w2 | Epoch 9780, VI W2 to baseline: 0.0312
2026-03-28 22:34:47 | DEBUG | sivi:base_reverse_runner.py:272| eval_w2 | Epoch 9780, Reverse Model W2: 0.0509
2026-03-28 22:34:47 | DEBUG | sivi:base_runner.py:477| eval_elbo | Epoch 9780, ELBO: 0.0089, Std Total: 0.1397, Std Q: nan, CI Half: 0.0122
2026-03-28 22:34:47 | DEBUG | sivi:base_runner.py:507| eval_ksd | Epoch 9780, VI KSD: -0.0002
2026-03-28 22:34:47 | DEBUG | sivi:base_runner.py:337| eval_kl_ite | Epoch 9790, VI KL to baseline: -0.0012
2026-03-28 22:34:47 | DEBUG | sivi:base_reverse_runner.py:261| eval_kl_ite | Epoch 9790, Reverse Model KL ITE: 0.0973
2026-03-28 22:34:47 | DEBUG | sivi:base_runner.py:347| eval_w2 | Epoch 9790, VI W2 to baseline: 0.0581
2026-03-28 22:34:47 | DEBUG | sivi:base_reverse_runner.py:272| eval_w2 | Epoch 9790, Reverse Model W2: 0.0493
2026-03-28 22:34:47 | DEBUG | sivi:base_runner.py:477| eval_elbo | Epoch 9790, ELBO: 0.0037, Std Total: 0.1073, Std Q: nan, CI Half: 0.0094
2026-03-28 22:34:47 | DEBUG | sivi:base_runner.py:507| eval_ksd | Epoch 9790, VI KSD: -0.0001
2026-03-28 22:34:47 | DEBUG | sivi:base_runner.py:874| learn | Epoch 9800: Avg Loss: -0.0109, Avg Epoch Time: 0.0565s
2026-03-28 22:34:48 | DEBUG | sivi:base_runner.py:337| eval_kl_ite | Epoch 9800, VI KL to baseline: 0.0179
2026-03-28 22:34:48 | DEBUG | sivi:base_reverse_runner.py:261| eval_kl_ite | Epoch 9800, Reverse Model KL ITE: 0.1038
2026-03-28 22:34:48 | DEBUG | sivi:base_runner.py:347| eval_w2 | Epoch 9800, VI W2 to baseline: 0.0399
2026-03-28 22:34:48 | DEBUG | sivi:base_reverse_runner.py:272| eval_w2 | Epoch 9800, Reverse Model W2: 0.0542
2026-03-28 22:34:48 | DEBUG | sivi:base_runner.py:477| eval_elbo | Epoch 9800, ELBO: 0.0026, Std Total: 0.1047, Std Q: nan, CI Half: 0.0092
2026-03-28 22:34:48 | DEBUG | sivi:base_runner.py:507| eval_ksd | Epoch 9800, VI KSD: 0.0012
2026-03-28 22:34:48 | DEBUG | sivi:base_runner.py:337| eval_kl_ite | Epoch 9810, VI KL to baseline: 0.0054
2026-03-28 22:34:48 | DEBUG | sivi:base_reverse_runner.py:261| eval_kl_ite | Epoch 9810, Reverse Model KL ITE: 0.1103
2026-03-28 22:34:48 | DEBUG | sivi:base_runner.py:347| eval_w2 | Epoch 9810, VI W2 to baseline: 0.0340
2026-03-28 22:34:48 | DEBUG | sivi:base_reverse_runner.py:272| eval_w2 | Epoch 9810, Reverse Model W2: 0.0523
2026-03-28 22:34:48 | DEBUG | sivi:base_runner.py:477| eval_elbo | Epoch 9810, ELBO: 0.0068, Std Total: 0.1228, Std Q: nan, CI Half: 0.0108
2026-03-28 22:34:48 | DEBUG | sivi:base_runner.py:507| eval_ksd | Epoch 9810, VI KSD: 0.0004
2026-03-28 22:34:49 | DEBUG | sivi:base_runner.py:337| eval_kl_ite | Epoch 9820, VI KL to baseline: 0.0025
2026-03-28 22:34:49 | DEBUG | sivi:base_reverse_runner.py:261| eval_kl_ite | Epoch 9820, Reverse Model KL ITE: 0.0933
2026-03-28 22:34:49 | DEBUG | sivi:base_runner.py:347| eval_w2 | Epoch 9820, VI W2 to baseline: 0.0344
2026-03-28 22:34:49 | DEBUG | sivi:base_reverse_runner.py:272| eval_w2 | Epoch 9820, Reverse Model W2: 0.0494
2026-03-28 22:34:49 | DEBUG | sivi:base_runner.py:477| eval_elbo | Epoch 9820, ELBO: 0.0157, Std Total: 0.1552, Std Q: nan, CI Half: 0.0136
2026-03-28 22:34:49 | DEBUG | sivi:base_runner.py:507| eval_ksd | Epoch 9820, VI KSD: -0.0004
2026-03-28 22:34:49 | DEBUG | sivi:base_runner.py:337| eval_kl_ite | Epoch 9830, VI KL to baseline: -0.0048
2026-03-28 22:34:49 | DEBUG | sivi:base_reverse_runner.py:261| eval_kl_ite | Epoch 9830, Reverse Model KL ITE: 0.1014
2026-03-28 22:34:49 | DEBUG | sivi:base_runner.py:347| eval_w2 | Epoch 9830, VI W2 to baseline: 0.0502
2026-03-28 22:34:49 | DEBUG | sivi:base_reverse_runner.py:272| eval_w2 | Epoch 9830, Reverse Model W2: 0.0520
2026-03-28 22:34:49 | DEBUG | sivi:base_runner.py:477| eval_elbo | Epoch 9830, ELBO: 0.0048, Std Total: 0.0969, Std Q: nan, CI Half: 0.0085
2026-03-28 22:34:49 | DEBUG | sivi:base_runner.py:507| eval_ksd | Epoch 9830, VI KSD: -0.0002
2026-03-28 22:34:50 | DEBUG | sivi:base_runner.py:337| eval_kl_ite | Epoch 9840, VI KL to baseline: 0.0152
2026-03-28 22:34:50 | DEBUG | sivi:base_reverse_runner.py:261| eval_kl_ite | Epoch 9840, Reverse Model KL ITE: 0.0771
2026-03-28 22:34:50 | DEBUG | sivi:base_runner.py:347| eval_w2 | Epoch 9840, VI W2 to baseline: 0.0480
2026-03-28 22:34:50 | DEBUG | sivi:base_reverse_runner.py:272| eval_w2 | Epoch 9840, Reverse Model W2: 0.0548
2026-03-28 22:34:50 | DEBUG | sivi:base_runner.py:477| eval_elbo | Epoch 9840, ELBO: 0.0033, Std Total: 0.1090, Std Q: nan, CI Half: 0.0096
2026-03-28 22:34:50 | DEBUG | sivi:base_runner.py:507| eval_ksd | Epoch 9840, VI KSD: 0.0005
2026-03-28 22:34:50 | DEBUG | sivi:base_runner.py:337| eval_kl_ite | Epoch 9850, VI KL to baseline: -0.0064
2026-03-28 22:34:51 | DEBUG | sivi:base_reverse_runner.py:261| eval_kl_ite | Epoch 9850, Reverse Model KL ITE: 0.0766
2026-03-28 22:34:51 | DEBUG | sivi:base_runner.py:347| eval_w2 | Epoch 9850, VI W2 to baseline: 0.0453
2026-03-28 22:34:51 | DEBUG | sivi:base_reverse_runner.py:272| eval_w2 | Epoch 9850, Reverse Model W2: 0.0553
2026-03-28 22:34:51 | DEBUG | sivi:base_runner.py:477| eval_elbo | Epoch 9850, ELBO: -0.0026, Std Total: 0.1271, Std Q: nan, CI Half: 0.0111
2026-03-28 22:34:51 | DEBUG | sivi:base_runner.py:507| eval_ksd | Epoch 9850, VI KSD: -0.0005
2026-03-28 22:34:51 | DEBUG | sivi:base_runner.py:337| eval_kl_ite | Epoch 9860, VI KL to baseline: -0.0006
2026-03-28 22:34:51 | DEBUG | sivi:base_reverse_runner.py:261| eval_kl_ite | Epoch 9860, Reverse Model KL ITE: 0.0903
2026-03-28 22:34:51 | DEBUG | sivi:base_runner.py:347| eval_w2 | Epoch 9860, VI W2 to baseline: 0.0408
2026-03-28 22:34:51 | DEBUG | sivi:base_reverse_runner.py:272| eval_w2 | Epoch 9860, Reverse Model W2: 0.0490
2026-03-28 22:34:51 | DEBUG | sivi:base_runner.py:477| eval_elbo | Epoch 9860, ELBO: 0.0059, Std Total: 0.1235, Std Q: nan, CI Half: 0.0108
2026-03-28 22:34:51 | DEBUG | sivi:base_runner.py:507| eval_ksd | Epoch 9860, VI KSD: 0.0002
2026-03-28 22:34:52 | DEBUG | sivi:base_runner.py:337| eval_kl_ite | Epoch 9870, VI KL to baseline: -0.0025
2026-03-28 22:34:52 | DEBUG | sivi:base_reverse_runner.py:261| eval_kl_ite | Epoch 9870, Reverse Model KL ITE: 0.1076
2026-03-28 22:34:52 | DEBUG | sivi:base_runner.py:347| eval_w2 | Epoch 9870, VI W2 to baseline: 0.0441
2026-03-28 22:34:52 | DEBUG | sivi:base_reverse_runner.py:272| eval_w2 | Epoch 9870, Reverse Model W2: 0.0527
2026-03-28 22:34:52 | DEBUG | sivi:base_runner.py:477| eval_elbo | Epoch 9870, ELBO: 0.0047, Std Total: 0.1346, Std Q: nan, CI Half: 0.0118
2026-03-28 22:34:52 | DEBUG | sivi:base_runner.py:507| eval_ksd | Epoch 9870, VI KSD: -0.0005
2026-03-28 22:34:53 | DEBUG | sivi:base_runner.py:337| eval_kl_ite | Epoch 9880, VI KL to baseline: -0.0172
2026-03-28 22:34:53 | DEBUG | sivi:base_reverse_runner.py:261| eval_kl_ite | Epoch 9880, Reverse Model KL ITE: 0.0969
2026-03-28 22:34:53 | DEBUG | sivi:base_runner.py:347| eval_w2 | Epoch 9880, VI W2 to baseline: 0.0352
2026-03-28 22:34:53 | DEBUG | sivi:base_reverse_runner.py:272| eval_w2 | Epoch 9880, Reverse Model W2: 0.0596
2026-03-28 22:34:53 | DEBUG | sivi:base_runner.py:477| eval_elbo | Epoch 9880, ELBO: 0.0115, Std Total: 0.0970, Std Q: nan, CI Half: 0.0085
2026-03-28 22:34:53 | DEBUG | sivi:base_runner.py:507| eval_ksd | Epoch 9880, VI KSD: 0.0031
2026-03-28 22:34:53 | DEBUG | sivi:base_runner.py:337| eval_kl_ite | Epoch 9890, VI KL to baseline: 0.0178
2026-03-28 22:34:53 | DEBUG | sivi:base_reverse_runner.py:261| eval_kl_ite | Epoch 9890, Reverse Model KL ITE: 0.0903
2026-03-28 22:34:53 | DEBUG | sivi:base_runner.py:347| eval_w2 | Epoch 9890, VI W2 to baseline: 0.0296
2026-03-28 22:34:53 | DEBUG | sivi:base_reverse_runner.py:272| eval_w2 | Epoch 9890, Reverse Model W2: 0.0471
2026-03-28 22:34:53 | DEBUG | sivi:base_runner.py:477| eval_elbo | Epoch 9890, ELBO: 0.0051, Std Total: 0.0999, Std Q: nan, CI Half: 0.0088
2026-03-28 22:34:53 | DEBUG | sivi:base_runner.py:507| eval_ksd | Epoch 9890, VI KSD: -0.0004
2026-03-28 22:34:54 | DEBUG | sivi:base_runner.py:874| learn | Epoch 9900: Avg Loss: -0.0158, Avg Epoch Time: 0.0641s
2026-03-28 22:34:54 | DEBUG | sivi:base_runner.py:337| eval_kl_ite | Epoch 9900, VI KL to baseline: 0.0236
2026-03-28 22:34:54 | DEBUG | sivi:base_reverse_runner.py:261| eval_kl_ite | Epoch 9900, Reverse Model KL ITE: 0.0675
2026-03-28 22:34:54 | DEBUG | sivi:base_runner.py:347| eval_w2 | Epoch 9900, VI W2 to baseline: 0.0464
2026-03-28 22:34:54 | DEBUG | sivi:base_reverse_runner.py:272| eval_w2 | Epoch 9900, Reverse Model W2: 0.0482
2026-03-28 22:34:54 | DEBUG | sivi:base_runner.py:477| eval_elbo | Epoch 9900, ELBO: -0.0039, Std Total: 0.1159, Std Q: nan, CI Half: 0.0102
2026-03-28 22:34:54 | DEBUG | sivi:base_runner.py:507| eval_ksd | Epoch 9900, VI KSD: 0.0010
2026-03-28 22:34:55 | DEBUG | sivi:base_runner.py:337| eval_kl_ite | Epoch 9910, VI KL to baseline: 0.0184
2026-03-28 22:34:55 | DEBUG | sivi:base_reverse_runner.py:261| eval_kl_ite | Epoch 9910, Reverse Model KL ITE: 0.0905
2026-03-28 22:34:55 | DEBUG | sivi:base_runner.py:347| eval_w2 | Epoch 9910, VI W2 to baseline: 0.0549
2026-03-28 22:34:55 | DEBUG | sivi:base_reverse_runner.py:272| eval_w2 | Epoch 9910, Reverse Model W2: 0.0541
2026-03-28 22:34:55 | DEBUG | sivi:base_runner.py:477| eval_elbo | Epoch 9910, ELBO: 0.0056, Std Total: 0.1446, Std Q: nan, CI Half: 0.0127
2026-03-28 22:34:55 | DEBUG | sivi:base_runner.py:507| eval_ksd | Epoch 9910, VI KSD: -0.0001
2026-03-28 22:34:55 | DEBUG | sivi:base_runner.py:337| eval_kl_ite | Epoch 9920, VI KL to baseline: -0.0173
2026-03-28 22:34:56 | DEBUG | sivi:base_reverse_runner.py:261| eval_kl_ite | Epoch 9920, Reverse Model KL ITE: 0.0763
2026-03-28 22:34:56 | DEBUG | sivi:base_runner.py:347| eval_w2 | Epoch 9920, VI W2 to baseline: 0.0519
2026-03-28 22:34:56 | DEBUG | sivi:base_reverse_runner.py:272| eval_w2 | Epoch 9920, Reverse Model W2: 0.0506
2026-03-28 22:34:56 | DEBUG | sivi:base_runner.py:477| eval_elbo | Epoch 9920, ELBO: 0.0066, Std Total: 0.0964, Std Q: nan, CI Half: 0.0084
2026-03-28 22:34:56 | DEBUG | sivi:base_runner.py:507| eval_ksd | Epoch 9920, VI KSD: 0.0015
2026-03-28 22:34:56 | DEBUG | sivi:base_runner.py:337| eval_kl_ite | Epoch 9930, VI KL to baseline: -0.0050
2026-03-28 22:34:56 | DEBUG | sivi:base_reverse_runner.py:261| eval_kl_ite | Epoch 9930, Reverse Model KL ITE: 0.0643
2026-03-28 22:34:56 | DEBUG | sivi:base_runner.py:347| eval_w2 | Epoch 9930, VI W2 to baseline: 0.0392
2026-03-28 22:34:56 | DEBUG | sivi:base_reverse_runner.py:272| eval_w2 | Epoch 9930, Reverse Model W2: 0.0533
2026-03-28 22:34:56 | DEBUG | sivi:base_runner.py:477| eval_elbo | Epoch 9930, ELBO: 0.0050, Std Total: 0.1486, Std Q: nan, CI Half: 0.0130
2026-03-28 22:34:56 | DEBUG | sivi:base_runner.py:507| eval_ksd | Epoch 9930, VI KSD: 0.0001
2026-03-28 22:34:57 | DEBUG | sivi:base_runner.py:337| eval_kl_ite | Epoch 9940, VI KL to baseline: 0.0151
2026-03-28 22:34:57 | DEBUG | sivi:base_reverse_runner.py:261| eval_kl_ite | Epoch 9940, Reverse Model KL ITE: 0.0831
2026-03-28 22:34:57 | DEBUG | sivi:base_runner.py:347| eval_w2 | Epoch 9940, VI W2 to baseline: 0.0355
2026-03-28 22:34:57 | DEBUG | sivi:base_reverse_runner.py:272| eval_w2 | Epoch 9940, Reverse Model W2: 0.0529
2026-03-28 22:34:57 | DEBUG | sivi:base_runner.py:477| eval_elbo | Epoch 9940, ELBO: 0.0088, Std Total: 0.1597, Std Q: nan, CI Half: 0.0140
2026-03-28 22:34:57 | DEBUG | sivi:base_runner.py:507| eval_ksd | Epoch 9940, VI KSD: 0.0004
2026-03-28 22:34:58 | DEBUG | sivi:base_runner.py:337| eval_kl_ite | Epoch 9950, VI KL to baseline: 0.0147
2026-03-28 22:34:58 | DEBUG | sivi:base_reverse_runner.py:261| eval_kl_ite | Epoch 9950, Reverse Model KL ITE: 0.0988
2026-03-28 22:34:58 | DEBUG | sivi:base_runner.py:347| eval_w2 | Epoch 9950, VI W2 to baseline: 0.0340
2026-03-28 22:34:58 | DEBUG | sivi:base_reverse_runner.py:272| eval_w2 | Epoch 9950, Reverse Model W2: 0.0586
2026-03-28 22:34:58 | DEBUG | sivi:base_runner.py:477| eval_elbo | Epoch 9950, ELBO: -0.0017, Std Total: 0.1141, Std Q: nan, CI Half: 0.0100
2026-03-28 22:34:58 | DEBUG | sivi:base_runner.py:507| eval_ksd | Epoch 9950, VI KSD: -0.0014
2026-03-28 22:34:58 | DEBUG | sivi:base_runner.py:337| eval_kl_ite | Epoch 9960, VI KL to baseline: 0.0061
2026-03-28 22:34:58 | DEBUG | sivi:base_reverse_runner.py:261| eval_kl_ite | Epoch 9960, Reverse Model KL ITE: 0.1073
2026-03-28 22:34:58 | DEBUG | sivi:base_runner.py:347| eval_w2 | Epoch 9960, VI W2 to baseline: 0.0239
2026-03-28 22:34:58 | DEBUG | sivi:base_reverse_runner.py:272| eval_w2 | Epoch 9960, Reverse Model W2: 0.0554
2026-03-28 22:34:58 | DEBUG | sivi:base_runner.py:477| eval_elbo | Epoch 9960, ELBO: 0.0034, Std Total: 0.1173, Std Q: nan, CI Half: 0.0103
2026-03-28 22:34:58 | DEBUG | sivi:base_runner.py:507| eval_ksd | Epoch 9960, VI KSD: 0.0003
2026-03-28 22:34:59 | DEBUG | sivi:base_runner.py:337| eval_kl_ite | Epoch 9970, VI KL to baseline: 0.0052
2026-03-28 22:34:59 | DEBUG | sivi:base_reverse_runner.py:261| eval_kl_ite | Epoch 9970, Reverse Model KL ITE: 0.0758
2026-03-28 22:34:59 | DEBUG | sivi:base_runner.py:347| eval_w2 | Epoch 9970, VI W2 to baseline: 0.0310
2026-03-28 22:34:59 | DEBUG | sivi:base_reverse_runner.py:272| eval_w2 | Epoch 9970, Reverse Model W2: 0.0548
2026-03-28 22:34:59 | DEBUG | sivi:base_runner.py:477| eval_elbo | Epoch 9970, ELBO: 0.0068, Std Total: 0.1195, Std Q: nan, CI Half: 0.0105
2026-03-28 22:34:59 | DEBUG | sivi:base_runner.py:507| eval_ksd | Epoch 9970, VI KSD: -0.0006
2026-03-28 22:34:59 | DEBUG | sivi:base_runner.py:337| eval_kl_ite | Epoch 9980, VI KL to baseline: 0.0194
2026-03-28 22:34:59 | DEBUG | sivi:base_reverse_runner.py:261| eval_kl_ite | Epoch 9980, Reverse Model KL ITE: 0.0671
2026-03-28 22:34:59 | DEBUG | sivi:base_runner.py:347| eval_w2 | Epoch 9980, VI W2 to baseline: 0.0370
2026-03-28 22:34:59 | DEBUG | sivi:base_reverse_runner.py:272| eval_w2 | Epoch 9980, Reverse Model W2: 0.0523
2026-03-28 22:34:59 | DEBUG | sivi:base_runner.py:477| eval_elbo | Epoch 9980, ELBO: -0.0014, Std Total: 0.1016, Std Q: nan, CI Half: 0.0089
2026-03-28 22:34:59 | DEBUG | sivi:base_runner.py:507| eval_ksd | Epoch 9980, VI KSD: -0.0004
2026-03-28 22:35:00 | DEBUG | sivi:base_runner.py:337| eval_kl_ite | Epoch 9990, VI KL to baseline: 0.0113
2026-03-28 22:35:00 | DEBUG | sivi:base_reverse_runner.py:261| eval_kl_ite | Epoch 9990, Reverse Model KL ITE: 0.0728
2026-03-28 22:35:00 | DEBUG | sivi:base_runner.py:347| eval_w2 | Epoch 9990, VI W2 to baseline: 0.0310
2026-03-28 22:35:00 | DEBUG | sivi:base_reverse_runner.py:272| eval_w2 | Epoch 9990, Reverse Model W2: 0.0500
2026-03-28 22:35:00 | DEBUG | sivi:base_runner.py:477| eval_elbo | Epoch 9990, ELBO: 0.0124, Std Total: 0.1331, Std Q: nan, CI Half: 0.0117
2026-03-28 22:35:00 | DEBUG | sivi:base_runner.py:507| eval_ksd | Epoch 9990, VI KSD: -0.0002
2026-03-28 22:35:00 | DEBUG | sivi:base_runner.py:874| learn | Epoch 10000: Avg Loss: -0.0010, Avg Epoch Time: 0.0641s
2026-03-28 22:35:00 | DEBUG | sivi:base_reverse_runner.py:183| _training_rev_log_func | Epoch 10000, Inner epoch 1, Reverse Model Loss: 4.9466, Avg Steps: 1.0000
2026-03-28 22:35:00 | DEBUG | sivi:base_runner.py:588| save_samples | Saved 100000 samples at epoch 10000.
2026-03-28 22:35:00 | DEBUG | sivi:base_runner.py:607| save_checkpoint | Saved VIModel checkpoints at epoch 10000 to results/AISIVI/multimodal/20260328_222515/checkpoints/epoch_10000.
2026-03-28 22:35:00 | DEBUG | sivi:base_reverse_runner.py:476| save_checkpoint | Saved reverse checkpoints at epoch 10000 to results/AISIVI/multimodal/20260328_222515/checkpoints/epoch_10000.
2026-03-28 22:35:00 | DEBUG | sivi:base_runner.py:337| eval_kl_ite | Epoch 10000, VI KL to baseline: 0.0056
2026-03-28 22:35:01 | DEBUG | sivi:base_reverse_runner.py:261| eval_kl_ite | Epoch 10000, Reverse Model KL ITE: 0.0848
2026-03-28 22:35:01 | DEBUG | sivi:base_runner.py:347| eval_w2 | Epoch 10000, VI W2 to baseline: 0.0374
2026-03-28 22:35:01 | DEBUG | sivi:base_reverse_runner.py:272| eval_w2 | Epoch 10000, Reverse Model W2: 0.0530
2026-03-28 22:35:01 | DEBUG | sivi:base_runner.py:477| eval_elbo | Epoch 10000, ELBO: 0.0071, Std Total: 0.1039, Std Q: nan, CI Half: 0.0091
2026-03-28 22:35:01 | DEBUG | sivi:base_runner.py:507| eval_ksd | Epoch 10000, VI KSD: -0.0006
2026-03-28 22:35:01 | DEBUG | sivi:base_runner.py:970| learn | Saved contour plot at epoch 10000.
2026-03-28 22:35:01 | INFO | sivi:base_runner.py:1003| learn | Training completed. Total time: 566.744s, Avg epoch time: 0.056674s
