2026-03-28 21:34:06 | INFO | sivi:base_runner.py:074| __init__ | Artifacts will be saved to: results/AISIVI/banana/20260328_213406
2026-03-28 21:34:06 | WARNING | sivi:base_runner.py:261| _load_baseline_samples | baseline_path not found, using default: baselines/hmc/banana.pt
2026-03-28 21:34:06 | INFO | sivi:base_runner.py:268| _load_baseline_samples | Loaded baseline samples from baselines/hmc/banana.pt, shape: torch.Size([100000, 2])
2026-03-28 21:34:06 | INFO | sivi:base_runner.py:123| __init__ | VI model type: ConditionalGaussian
2026-03-28 21:34:06 | WARNING | sivi:base_runner.py:127| __init__ | 'vi_model_config_path' not found in main_config; using default: configs/vi_models/ConditionalGaussian.yaml
2026-03-28 21:34:06 | INFO | sivi:base_runner.py:132| __init__ | Using VI model config path: configs/vi_models/ConditionalGaussian.yaml
2026-03-28 21:34:07 | INFO | sivi:base_reverse_runner.py:036| __init__ | Reverse model type: ConditionalRealNVP
2026-03-28 21:34:07 | WARNING | sivi:base_reverse_runner.py:040| __init__ | 'reverse_model_config_path' not found in main_config; using default: configs/reverse_models/ConditionalRealNVP.yaml
2026-03-28 21:34:07 | INFO | sivi:base_reverse_runner.py:045| __init__ | Using reverse model config path: configs/reverse_models/ConditionalRealNVP.yaml
2026-03-28 21:34:07 | INFO | sivi:base_reverse_runner.py:123| __init__ | Using reverse scheduler StepLR(step_size=2000, gamma=0.1).
2026-03-28 21:34:07 | INFO | sivi:base_runner.py:247| log_config | Saved full configuration to results/AISIVI/banana/20260328_213406/full_config.yaml.
2026-03-28 21:34:07 | INFO | sivi:base_reverse_runner.py:407| warmup | Starting reverse model warmup...
2026-03-28 21:34:07 | DEBUG | sivi:base_reverse_runner.py:376| _warmup_log_func | Warmup Epoch 10, KL Divergence: 0.0206
2026-03-28 21:34:07 | DEBUG | sivi:base_reverse_runner.py:382| _warmup_log_func | Warmup Epoch 10, W2 Dist: 0.0737
2026-03-28 21:34:08 | DEBUG | sivi:base_reverse_runner.py:376| _warmup_log_func | Warmup Epoch 20, KL Divergence: 0.0054
2026-03-28 21:34:08 | DEBUG | sivi:base_reverse_runner.py:382| _warmup_log_func | Warmup Epoch 20, W2 Dist: 0.0378
2026-03-28 21:34:08 | DEBUG | sivi:base_reverse_runner.py:376| _warmup_log_func | Warmup Epoch 30, KL Divergence: 0.0022
2026-03-28 21:34:08 | DEBUG | sivi:base_reverse_runner.py:382| _warmup_log_func | Warmup Epoch 30, W2 Dist: 0.0246
2026-03-28 21:34:09 | DEBUG | sivi:base_reverse_runner.py:376| _warmup_log_func | Warmup Epoch 40, KL Divergence: -0.0057
2026-03-28 21:34:09 | DEBUG | sivi:base_reverse_runner.py:382| _warmup_log_func | Warmup Epoch 40, W2 Dist: 0.0312
2026-03-28 21:34:09 | DEBUG | sivi:base_reverse_runner.py:376| _warmup_log_func | Warmup Epoch 50, KL Divergence: -0.0017
2026-03-28 21:34:09 | DEBUG | sivi:base_reverse_runner.py:382| _warmup_log_func | Warmup Epoch 50, W2 Dist: 0.0333
2026-03-28 21:34:10 | DEBUG | sivi:base_reverse_runner.py:376| _warmup_log_func | Warmup Epoch 60, KL Divergence: 0.0140
2026-03-28 21:34:10 | DEBUG | sivi:base_reverse_runner.py:382| _warmup_log_func | Warmup Epoch 60, W2 Dist: 0.0294
2026-03-28 21:34:10 | DEBUG | sivi:base_reverse_runner.py:376| _warmup_log_func | Warmup Epoch 70, KL Divergence: 0.0004
2026-03-28 21:34:10 | DEBUG | sivi:base_reverse_runner.py:382| _warmup_log_func | Warmup Epoch 70, W2 Dist: 0.0266
2026-03-28 21:34:11 | DEBUG | sivi:base_reverse_runner.py:376| _warmup_log_func | Warmup Epoch 80, KL Divergence: 0.0028
2026-03-28 21:34:11 | DEBUG | sivi:base_reverse_runner.py:382| _warmup_log_func | Warmup Epoch 80, W2 Dist: 0.0305
2026-03-28 21:34:11 | DEBUG | sivi:base_reverse_runner.py:376| _warmup_log_func | Warmup Epoch 90, KL Divergence: -0.0042
2026-03-28 21:34:11 | DEBUG | sivi:base_reverse_runner.py:382| _warmup_log_func | Warmup Epoch 90, W2 Dist: 0.0332
2026-03-28 21:34:12 | DEBUG | sivi:base_reverse_runner.py:376| _warmup_log_func | Warmup Epoch 100, KL Divergence: 0.0051
2026-03-28 21:34:12 | DEBUG | sivi:base_reverse_runner.py:382| _warmup_log_func | Warmup Epoch 100, W2 Dist: 0.0253
2026-03-28 21:34:12 | DEBUG | sivi:base_reverse_runner.py:392| _warmup_log_func | Warmup Epoch 100, Average Reverse Model Loss: 5.6768, Avg Step Time: 0.0457s, Avg Steps: 1.0000
2026-03-28 21:34:12 | DEBUG | sivi:base_reverse_runner.py:376| _warmup_log_func | Warmup Epoch 110, KL Divergence: -0.0083
2026-03-28 21:34:12 | DEBUG | sivi:base_reverse_runner.py:382| _warmup_log_func | Warmup Epoch 110, W2 Dist: 0.0261
2026-03-28 21:34:12 | DEBUG | sivi:base_reverse_runner.py:376| _warmup_log_func | Warmup Epoch 120, KL Divergence: 0.0137
2026-03-28 21:34:12 | DEBUG | sivi:base_reverse_runner.py:382| _warmup_log_func | Warmup Epoch 120, W2 Dist: 0.0259
2026-03-28 21:34:13 | DEBUG | sivi:base_reverse_runner.py:376| _warmup_log_func | Warmup Epoch 130, KL Divergence: -0.0081
2026-03-28 21:34:13 | DEBUG | sivi:base_reverse_runner.py:382| _warmup_log_func | Warmup Epoch 130, W2 Dist: 0.0297
2026-03-28 21:34:13 | DEBUG | sivi:base_reverse_runner.py:376| _warmup_log_func | Warmup Epoch 140, KL Divergence: -0.0081
2026-03-28 21:34:13 | DEBUG | sivi:base_reverse_runner.py:382| _warmup_log_func | Warmup Epoch 140, W2 Dist: 0.0312
2026-03-28 21:34:13 | DEBUG | sivi:base_reverse_runner.py:376| _warmup_log_func | Warmup Epoch 150, KL Divergence: -0.0082
2026-03-28 21:34:13 | DEBUG | sivi:base_reverse_runner.py:382| _warmup_log_func | Warmup Epoch 150, W2 Dist: 0.0287
2026-03-28 21:34:14 | DEBUG | sivi:base_reverse_runner.py:376| _warmup_log_func | Warmup Epoch 160, KL Divergence: 0.0005
2026-03-28 21:34:14 | DEBUG | sivi:base_reverse_runner.py:382| _warmup_log_func | Warmup Epoch 160, W2 Dist: 0.0284
2026-03-28 21:34:14 | DEBUG | sivi:base_reverse_runner.py:376| _warmup_log_func | Warmup Epoch 170, KL Divergence: -0.0035
2026-03-28 21:34:14 | DEBUG | sivi:base_reverse_runner.py:382| _warmup_log_func | Warmup Epoch 170, W2 Dist: 0.0352
2026-03-28 21:34:15 | DEBUG | sivi:base_reverse_runner.py:376| _warmup_log_func | Warmup Epoch 180, KL Divergence: -0.0126
2026-03-28 21:34:15 | DEBUG | sivi:base_reverse_runner.py:382| _warmup_log_func | Warmup Epoch 180, W2 Dist: 0.0303
2026-03-28 21:34:15 | DEBUG | sivi:base_reverse_runner.py:376| _warmup_log_func | Warmup Epoch 190, KL Divergence: 0.0031
2026-03-28 21:34:15 | DEBUG | sivi:base_reverse_runner.py:382| _warmup_log_func | Warmup Epoch 190, W2 Dist: 0.0402
2026-03-28 21:34:16 | DEBUG | sivi:base_reverse_runner.py:376| _warmup_log_func | Warmup Epoch 200, KL Divergence: -0.0083
2026-03-28 21:34:16 | DEBUG | sivi:base_reverse_runner.py:382| _warmup_log_func | Warmup Epoch 200, W2 Dist: 0.0265
2026-03-28 21:34:16 | DEBUG | sivi:base_reverse_runner.py:392| _warmup_log_func | Warmup Epoch 200, Average Reverse Model Loss: 5.6713, Avg Step Time: 0.0415s, Avg Steps: 2.0000
2026-03-28 21:34:16 | DEBUG | sivi:base_reverse_runner.py:376| _warmup_log_func | Warmup Epoch 210, KL Divergence: -0.0358
2026-03-28 21:34:16 | DEBUG | sivi:base_reverse_runner.py:382| _warmup_log_func | Warmup Epoch 210, W2 Dist: 0.0316
2026-03-28 21:34:17 | DEBUG | sivi:base_reverse_runner.py:376| _warmup_log_func | Warmup Epoch 220, KL Divergence: -0.0022
2026-03-28 21:34:17 | DEBUG | sivi:base_reverse_runner.py:382| _warmup_log_func | Warmup Epoch 220, W2 Dist: 0.0315
2026-03-28 21:34:17 | DEBUG | sivi:base_reverse_runner.py:376| _warmup_log_func | Warmup Epoch 230, KL Divergence: -0.0171
2026-03-28 21:34:17 | DEBUG | sivi:base_reverse_runner.py:382| _warmup_log_func | Warmup Epoch 230, W2 Dist: 0.0446
2026-03-28 21:34:18 | DEBUG | sivi:base_reverse_runner.py:376| _warmup_log_func | Warmup Epoch 240, KL Divergence: 0.0083
2026-03-28 21:34:18 | DEBUG | sivi:base_reverse_runner.py:382| _warmup_log_func | Warmup Epoch 240, W2 Dist: 0.0291
2026-03-28 21:34:18 | DEBUG | sivi:base_reverse_runner.py:376| _warmup_log_func | Warmup Epoch 250, KL Divergence: 0.0168
2026-03-28 21:34:18 | DEBUG | sivi:base_reverse_runner.py:382| _warmup_log_func | Warmup Epoch 250, W2 Dist: 0.0266
2026-03-28 21:34:19 | DEBUG | sivi:base_reverse_runner.py:376| _warmup_log_func | Warmup Epoch 260, KL Divergence: 0.0088
2026-03-28 21:34:19 | DEBUG | sivi:base_reverse_runner.py:382| _warmup_log_func | Warmup Epoch 260, W2 Dist: 0.0326
2026-03-28 21:34:19 | DEBUG | sivi:base_reverse_runner.py:376| _warmup_log_func | Warmup Epoch 270, KL Divergence: 0.0138
2026-03-28 21:34:19 | DEBUG | sivi:base_reverse_runner.py:382| _warmup_log_func | Warmup Epoch 270, W2 Dist: 0.0319
2026-03-28 21:34:19 | DEBUG | sivi:base_reverse_runner.py:376| _warmup_log_func | Warmup Epoch 280, KL Divergence: 0.0017
2026-03-28 21:34:20 | DEBUG | sivi:base_reverse_runner.py:382| _warmup_log_func | Warmup Epoch 280, W2 Dist: 0.0300
2026-03-28 21:34:20 | DEBUG | sivi:base_reverse_runner.py:376| _warmup_log_func | Warmup Epoch 290, KL Divergence: -0.0045
2026-03-28 21:34:20 | DEBUG | sivi:base_reverse_runner.py:382| _warmup_log_func | Warmup Epoch 290, W2 Dist: 0.0290
2026-03-28 21:34:20 | DEBUG | sivi:base_reverse_runner.py:376| _warmup_log_func | Warmup Epoch 300, KL Divergence: 0.0050
2026-03-28 21:34:20 | DEBUG | sivi:base_reverse_runner.py:382| _warmup_log_func | Warmup Epoch 300, W2 Dist: 0.0299
2026-03-28 21:34:20 | DEBUG | sivi:base_reverse_runner.py:392| _warmup_log_func | Warmup Epoch 300, Average Reverse Model Loss: 5.6743, Avg Step Time: 0.0470s, Avg Steps: 3.0000
2026-03-28 21:34:21 | DEBUG | sivi:base_reverse_runner.py:376| _warmup_log_func | Warmup Epoch 310, KL Divergence: -0.0064
2026-03-28 21:34:21 | DEBUG | sivi:base_reverse_runner.py:382| _warmup_log_func | Warmup Epoch 310, W2 Dist: 0.0314
2026-03-28 21:34:21 | DEBUG | sivi:base_reverse_runner.py:376| _warmup_log_func | Warmup Epoch 320, KL Divergence: 0.0091
2026-03-28 21:34:21 | DEBUG | sivi:base_reverse_runner.py:382| _warmup_log_func | Warmup Epoch 320, W2 Dist: 0.0251
2026-03-28 21:34:22 | DEBUG | sivi:base_reverse_runner.py:376| _warmup_log_func | Warmup Epoch 330, KL Divergence: 0.0160
2026-03-28 21:34:22 | DEBUG | sivi:base_reverse_runner.py:382| _warmup_log_func | Warmup Epoch 330, W2 Dist: 0.0349
2026-03-28 21:34:22 | DEBUG | sivi:base_reverse_runner.py:376| _warmup_log_func | Warmup Epoch 340, KL Divergence: -0.0078
2026-03-28 21:34:22 | DEBUG | sivi:base_reverse_runner.py:382| _warmup_log_func | Warmup Epoch 340, W2 Dist: 0.0396
2026-03-28 21:34:23 | DEBUG | sivi:base_reverse_runner.py:376| _warmup_log_func | Warmup Epoch 350, KL Divergence: -0.0066
2026-03-28 21:34:23 | DEBUG | sivi:base_reverse_runner.py:382| _warmup_log_func | Warmup Epoch 350, W2 Dist: 0.0273
2026-03-28 21:34:23 | DEBUG | sivi:base_reverse_runner.py:376| _warmup_log_func | Warmup Epoch 360, KL Divergence: 0.0027
2026-03-28 21:34:23 | DEBUG | sivi:base_reverse_runner.py:382| _warmup_log_func | Warmup Epoch 360, W2 Dist: 0.0275
2026-03-28 21:34:24 | DEBUG | sivi:base_reverse_runner.py:376| _warmup_log_func | Warmup Epoch 370, KL Divergence: 0.0077
2026-03-28 21:34:24 | DEBUG | sivi:base_reverse_runner.py:382| _warmup_log_func | Warmup Epoch 370, W2 Dist: 0.0402
2026-03-28 21:34:24 | DEBUG | sivi:base_reverse_runner.py:376| _warmup_log_func | Warmup Epoch 380, KL Divergence: -0.0077
2026-03-28 21:34:24 | DEBUG | sivi:base_reverse_runner.py:382| _warmup_log_func | Warmup Epoch 380, W2 Dist: 0.0310
2026-03-28 21:34:25 | DEBUG | sivi:base_reverse_runner.py:376| _warmup_log_func | Warmup Epoch 390, KL Divergence: 0.0065
2026-03-28 21:34:25 | DEBUG | sivi:base_reverse_runner.py:382| _warmup_log_func | Warmup Epoch 390, W2 Dist: 0.0310
2026-03-28 21:34:25 | DEBUG | sivi:base_reverse_runner.py:376| _warmup_log_func | Warmup Epoch 400, KL Divergence: 0.0065
2026-03-28 21:34:25 | DEBUG | sivi:base_reverse_runner.py:382| _warmup_log_func | Warmup Epoch 400, W2 Dist: 0.0268
2026-03-28 21:34:25 | DEBUG | sivi:base_reverse_runner.py:392| _warmup_log_func | Warmup Epoch 400, Average Reverse Model Loss: 5.6726, Avg Step Time: 0.0467s, Avg Steps: 4.0000
2026-03-28 21:34:26 | DEBUG | sivi:base_reverse_runner.py:376| _warmup_log_func | Warmup Epoch 410, KL Divergence: -0.0013
2026-03-28 21:34:26 | DEBUG | sivi:base_reverse_runner.py:382| _warmup_log_func | Warmup Epoch 410, W2 Dist: 0.0271
2026-03-28 21:34:26 | DEBUG | sivi:base_reverse_runner.py:376| _warmup_log_func | Warmup Epoch 420, KL Divergence: 0.0089
2026-03-28 21:34:26 | DEBUG | sivi:base_reverse_runner.py:382| _warmup_log_func | Warmup Epoch 420, W2 Dist: 0.0336
2026-03-28 21:34:26 | DEBUG | sivi:base_reverse_runner.py:376| _warmup_log_func | Warmup Epoch 430, KL Divergence: 0.0028
2026-03-28 21:34:26 | DEBUG | sivi:base_reverse_runner.py:382| _warmup_log_func | Warmup Epoch 430, W2 Dist: 0.0286
2026-03-28 21:34:27 | DEBUG | sivi:base_reverse_runner.py:376| _warmup_log_func | Warmup Epoch 440, KL Divergence: -0.0040
2026-03-28 21:34:27 | DEBUG | sivi:base_reverse_runner.py:382| _warmup_log_func | Warmup Epoch 440, W2 Dist: 0.0303
2026-03-28 21:34:27 | DEBUG | sivi:base_reverse_runner.py:376| _warmup_log_func | Warmup Epoch 450, KL Divergence: 0.0001
2026-03-28 21:34:27 | DEBUG | sivi:base_reverse_runner.py:382| _warmup_log_func | Warmup Epoch 450, W2 Dist: 0.0333
2026-03-28 21:34:28 | DEBUG | sivi:base_reverse_runner.py:376| _warmup_log_func | Warmup Epoch 460, KL Divergence: 0.0239
2026-03-28 21:34:28 | DEBUG | sivi:base_reverse_runner.py:382| _warmup_log_func | Warmup Epoch 460, W2 Dist: 0.0265
2026-03-28 21:34:28 | DEBUG | sivi:base_reverse_runner.py:376| _warmup_log_func | Warmup Epoch 470, KL Divergence: 0.0065
2026-03-28 21:34:28 | DEBUG | sivi:base_reverse_runner.py:382| _warmup_log_func | Warmup Epoch 470, W2 Dist: 0.0302
2026-03-28 21:34:29 | DEBUG | sivi:base_reverse_runner.py:376| _warmup_log_func | Warmup Epoch 480, KL Divergence: -0.0086
2026-03-28 21:34:29 | DEBUG | sivi:base_reverse_runner.py:382| _warmup_log_func | Warmup Epoch 480, W2 Dist: 0.0296
2026-03-28 21:34:29 | DEBUG | sivi:base_reverse_runner.py:376| _warmup_log_func | Warmup Epoch 490, KL Divergence: -0.0093
2026-03-28 21:34:29 | DEBUG | sivi:base_reverse_runner.py:382| _warmup_log_func | Warmup Epoch 490, W2 Dist: 0.0251
2026-03-28 21:34:30 | DEBUG | sivi:base_reverse_runner.py:376| _warmup_log_func | Warmup Epoch 500, KL Divergence: -0.0016
2026-03-28 21:34:30 | DEBUG | sivi:base_reverse_runner.py:382| _warmup_log_func | Warmup Epoch 500, W2 Dist: 0.0399
2026-03-28 21:34:30 | DEBUG | sivi:base_reverse_runner.py:392| _warmup_log_func | Warmup Epoch 500, Average Reverse Model Loss: 5.6721, Avg Step Time: 0.0466s, Avg Steps: 5.0000
2026-03-28 21:34:30 | INFO | sivi:base_reverse_runner.py:434| warmup | Warmup completed for 500 epochs. Total time: 22.751s, Avg epoch time: 0.045502s
2026-03-28 21:34:30 | DEBUG | sivi:base_runner.py:337| eval_kl_ite | Epoch 10, VI KL to baseline: 2.2981
2026-03-28 21:34:30 | DEBUG | sivi:base_reverse_runner.py:261| eval_kl_ite | Epoch 10, Reverse Model KL ITE: 0.0008
2026-03-28 21:34:30 | DEBUG | sivi:base_runner.py:347| eval_w2 | Epoch 10, VI W2 to baseline: 1.4118
2026-03-28 21:34:31 | DEBUG | sivi:base_reverse_runner.py:272| eval_w2 | Epoch 10, Reverse Model W2: 0.0433
2026-03-28 21:34:31 | DEBUG | sivi:base_runner.py:477| eval_elbo | Epoch 10, ELBO: -5.9089, Std Total: 13.9484, Std Q: nan, CI Half: 1.2226
2026-03-28 21:34:31 | DEBUG | sivi:base_runner.py:507| eval_ksd | Epoch 10, VI KSD: 9.2208
2026-03-28 21:34:31 | DEBUG | sivi:base_runner.py:337| eval_kl_ite | Epoch 20, VI KL to baseline: 1.7652
2026-03-28 21:34:31 | DEBUG | sivi:base_reverse_runner.py:261| eval_kl_ite | Epoch 20, Reverse Model KL ITE: -0.0009
2026-03-28 21:34:31 | DEBUG | sivi:base_runner.py:347| eval_w2 | Epoch 20, VI W2 to baseline: 1.1255
2026-03-28 21:34:31 | DEBUG | sivi:base_reverse_runner.py:272| eval_w2 | Epoch 20, Reverse Model W2: 0.0411
2026-03-28 21:34:31 | DEBUG | sivi:base_runner.py:477| eval_elbo | Epoch 20, ELBO: -3.9262, Std Total: 12.7983, Std Q: nan, CI Half: 1.1218
2026-03-28 21:34:31 | DEBUG | sivi:base_runner.py:507| eval_ksd | Epoch 20, VI KSD: 4.9625
2026-03-28 21:34:32 | DEBUG | sivi:base_runner.py:337| eval_kl_ite | Epoch 30, VI KL to baseline: 2.1883
2026-03-28 21:34:32 | DEBUG | sivi:base_reverse_runner.py:261| eval_kl_ite | Epoch 30, Reverse Model KL ITE: 0.0005
2026-03-28 21:34:32 | DEBUG | sivi:base_runner.py:347| eval_w2 | Epoch 30, VI W2 to baseline: 0.9497
2026-03-28 21:34:32 | DEBUG | sivi:base_reverse_runner.py:272| eval_w2 | Epoch 30, Reverse Model W2: 0.0500
2026-03-28 21:34:32 | DEBUG | sivi:base_runner.py:477| eval_elbo | Epoch 30, ELBO: -5.3015, Std Total: 12.2491, Std Q: nan, CI Half: 1.0737
2026-03-28 21:34:32 | DEBUG | sivi:base_runner.py:507| eval_ksd | Epoch 30, VI KSD: 4.5072
2026-03-28 21:34:33 | DEBUG | sivi:base_runner.py:337| eval_kl_ite | Epoch 40, VI KL to baseline: 2.3419
2026-03-28 21:34:33 | DEBUG | sivi:base_reverse_runner.py:261| eval_kl_ite | Epoch 40, Reverse Model KL ITE: 0.0014
2026-03-28 21:34:33 | DEBUG | sivi:base_runner.py:347| eval_w2 | Epoch 40, VI W2 to baseline: 0.8382
2026-03-28 21:34:33 | DEBUG | sivi:base_reverse_runner.py:272| eval_w2 | Epoch 40, Reverse Model W2: 0.0563
2026-03-28 21:34:33 | DEBUG | sivi:base_runner.py:477| eval_elbo | Epoch 40, ELBO: -6.5980, Std Total: 12.7122, Std Q: nan, CI Half: 1.1143
2026-03-28 21:34:33 | DEBUG | sivi:base_runner.py:507| eval_ksd | Epoch 40, VI KSD: 6.2859
2026-03-28 21:34:33 | DEBUG | sivi:base_runner.py:337| eval_kl_ite | Epoch 50, VI KL to baseline: 2.2819
2026-03-28 21:34:33 | DEBUG | sivi:base_reverse_runner.py:261| eval_kl_ite | Epoch 50, Reverse Model KL ITE: 0.0028
2026-03-28 21:34:33 | DEBUG | sivi:base_runner.py:347| eval_w2 | Epoch 50, VI W2 to baseline: 0.8572
2026-03-28 21:34:33 | DEBUG | sivi:base_reverse_runner.py:272| eval_w2 | Epoch 50, Reverse Model W2: 0.0516
2026-03-28 21:34:33 | DEBUG | sivi:base_runner.py:477| eval_elbo | Epoch 50, ELBO: -5.4223, Std Total: 13.7894, Std Q: nan, CI Half: 1.2087
2026-03-28 21:34:33 | DEBUG | sivi:base_runner.py:507| eval_ksd | Epoch 50, VI KSD: 7.4917
2026-03-28 21:34:34 | DEBUG | sivi:base_runner.py:337| eval_kl_ite | Epoch 60, VI KL to baseline: 2.3133
2026-03-28 21:34:34 | DEBUG | sivi:base_reverse_runner.py:261| eval_kl_ite | Epoch 60, Reverse Model KL ITE: 0.0100
2026-03-28 21:34:34 | DEBUG | sivi:base_runner.py:347| eval_w2 | Epoch 60, VI W2 to baseline: 0.8551
2026-03-28 21:34:34 | DEBUG | sivi:base_reverse_runner.py:272| eval_w2 | Epoch 60, Reverse Model W2: 0.0407
2026-03-28 21:34:34 | DEBUG | sivi:base_runner.py:477| eval_elbo | Epoch 60, ELBO: -4.8285, Std Total: 11.9030, Std Q: nan, CI Half: 1.0433
2026-03-28 21:34:34 | DEBUG | sivi:base_runner.py:507| eval_ksd | Epoch 60, VI KSD: 6.4499
2026-03-28 21:34:35 | DEBUG | sivi:base_runner.py:337| eval_kl_ite | Epoch 70, VI KL to baseline: 2.3378
2026-03-28 21:34:35 | DEBUG | sivi:base_reverse_runner.py:261| eval_kl_ite | Epoch 70, Reverse Model KL ITE: 0.0246
2026-03-28 21:34:35 | DEBUG | sivi:base_runner.py:347| eval_w2 | Epoch 70, VI W2 to baseline: 0.8316
2026-03-28 21:34:35 | DEBUG | sivi:base_reverse_runner.py:272| eval_w2 | Epoch 70, Reverse Model W2: 0.0461
2026-03-28 21:34:35 | DEBUG | sivi:base_runner.py:477| eval_elbo | Epoch 70, ELBO: -5.0074, Std Total: 10.7444, Std Q: nan, CI Half: 0.9418
2026-03-28 21:34:35 | DEBUG | sivi:base_runner.py:507| eval_ksd | Epoch 70, VI KSD: 5.9592
2026-03-28 21:34:35 | DEBUG | sivi:base_runner.py:337| eval_kl_ite | Epoch 80, VI KL to baseline: 2.3016
2026-03-28 21:34:36 | DEBUG | sivi:base_reverse_runner.py:261| eval_kl_ite | Epoch 80, Reverse Model KL ITE: 0.0360
2026-03-28 21:34:36 | DEBUG | sivi:base_runner.py:347| eval_w2 | Epoch 80, VI W2 to baseline: 0.8527
2026-03-28 21:34:36 | DEBUG | sivi:base_reverse_runner.py:272| eval_w2 | Epoch 80, Reverse Model W2: 0.0513
2026-03-28 21:34:36 | DEBUG | sivi:base_runner.py:477| eval_elbo | Epoch 80, ELBO: -4.5367, Std Total: 8.9782, Std Q: nan, CI Half: 0.7870
2026-03-28 21:34:36 | DEBUG | sivi:base_runner.py:507| eval_ksd | Epoch 80, VI KSD: 4.8665
2026-03-28 21:34:36 | DEBUG | sivi:base_runner.py:337| eval_kl_ite | Epoch 90, VI KL to baseline: 2.2719
2026-03-28 21:34:36 | DEBUG | sivi:base_reverse_runner.py:261| eval_kl_ite | Epoch 90, Reverse Model KL ITE: 0.0596
2026-03-28 21:34:36 | DEBUG | sivi:base_runner.py:347| eval_w2 | Epoch 90, VI W2 to baseline: 0.8855
2026-03-28 21:34:36 | DEBUG | sivi:base_reverse_runner.py:272| eval_w2 | Epoch 90, Reverse Model W2: 0.0580
2026-03-28 21:34:36 | DEBUG | sivi:base_runner.py:477| eval_elbo | Epoch 90, ELBO: -5.3641, Std Total: 10.3632, Std Q: nan, CI Half: 0.9084
2026-03-28 21:34:36 | DEBUG | sivi:base_runner.py:507| eval_ksd | Epoch 90, VI KSD: 4.4430
2026-03-28 21:34:37 | DEBUG | sivi:base_runner.py:874| learn | Epoch 100: Avg Loss: 0.0424, Avg Epoch Time: 0.0712s
2026-03-28 21:34:37 | DEBUG | sivi:base_runner.py:337| eval_kl_ite | Epoch 100, VI KL to baseline: 2.1448
2026-03-28 21:34:37 | DEBUG | sivi:base_reverse_runner.py:261| eval_kl_ite | Epoch 100, Reverse Model KL ITE: 0.0202
2026-03-28 21:34:37 | DEBUG | sivi:base_runner.py:347| eval_w2 | Epoch 100, VI W2 to baseline: 0.9405
2026-03-28 21:34:37 | DEBUG | sivi:base_reverse_runner.py:272| eval_w2 | Epoch 100, Reverse Model W2: 0.0420
2026-03-28 21:34:37 | DEBUG | sivi:base_runner.py:477| eval_elbo | Epoch 100, ELBO: -4.2504, Std Total: 9.1729, Std Q: nan, CI Half: 0.8040
2026-03-28 21:34:37 | DEBUG | sivi:base_runner.py:507| eval_ksd | Epoch 100, VI KSD: 5.1311
2026-03-28 21:34:38 | DEBUG | sivi:base_runner.py:337| eval_kl_ite | Epoch 110, VI KL to baseline: 2.1672
2026-03-28 21:34:38 | DEBUG | sivi:base_reverse_runner.py:261| eval_kl_ite | Epoch 110, Reverse Model KL ITE: 0.0265
2026-03-28 21:34:38 | DEBUG | sivi:base_runner.py:347| eval_w2 | Epoch 110, VI W2 to baseline: 0.9141
2026-03-28 21:34:38 | DEBUG | sivi:base_reverse_runner.py:272| eval_w2 | Epoch 110, Reverse Model W2: 0.0610
2026-03-28 21:34:38 | DEBUG | sivi:base_runner.py:477| eval_elbo | Epoch 110, ELBO: -5.4229, Std Total: 14.7577, Std Q: nan, CI Half: 1.2936
2026-03-28 21:34:38 | DEBUG | sivi:base_runner.py:507| eval_ksd | Epoch 110, VI KSD: 5.1088
2026-03-28 21:34:38 | DEBUG | sivi:base_runner.py:337| eval_kl_ite | Epoch 120, VI KL to baseline: 2.2680
2026-03-28 21:34:38 | DEBUG | sivi:base_reverse_runner.py:261| eval_kl_ite | Epoch 120, Reverse Model KL ITE: 0.0139
2026-03-28 21:34:38 | DEBUG | sivi:base_runner.py:347| eval_w2 | Epoch 120, VI W2 to baseline: 0.8636
2026-03-28 21:34:38 | DEBUG | sivi:base_reverse_runner.py:272| eval_w2 | Epoch 120, Reverse Model W2: 0.0482
2026-03-28 21:34:38 | DEBUG | sivi:base_runner.py:477| eval_elbo | Epoch 120, ELBO: -4.9844, Std Total: 9.1854, Std Q: nan, CI Half: 0.8051
2026-03-28 21:34:38 | DEBUG | sivi:base_runner.py:507| eval_ksd | Epoch 120, VI KSD: 5.2938
2026-03-28 21:34:39 | DEBUG | sivi:base_runner.py:337| eval_kl_ite | Epoch 130, VI KL to baseline: 2.2005
2026-03-28 21:34:39 | DEBUG | sivi:base_reverse_runner.py:261| eval_kl_ite | Epoch 130, Reverse Model KL ITE: 0.0173
2026-03-28 21:34:39 | DEBUG | sivi:base_runner.py:347| eval_w2 | Epoch 130, VI W2 to baseline: 0.8762
2026-03-28 21:34:39 | DEBUG | sivi:base_reverse_runner.py:272| eval_w2 | Epoch 130, Reverse Model W2: 0.0654
2026-03-28 21:34:39 | DEBUG | sivi:base_runner.py:477| eval_elbo | Epoch 130, ELBO: -5.5927, Std Total: 16.0469, Std Q: nan, CI Half: 1.4066
2026-03-28 21:34:39 | DEBUG | sivi:base_runner.py:507| eval_ksd | Epoch 130, VI KSD: 4.8442
2026-03-28 21:34:39 | DEBUG | sivi:base_runner.py:337| eval_kl_ite | Epoch 140, VI KL to baseline: 2.1230
2026-03-28 21:34:39 | DEBUG | sivi:base_reverse_runner.py:261| eval_kl_ite | Epoch 140, Reverse Model KL ITE: 0.0249
2026-03-28 21:34:40 | DEBUG | sivi:base_runner.py:347| eval_w2 | Epoch 140, VI W2 to baseline: 0.8777
2026-03-28 21:34:40 | DEBUG | sivi:base_reverse_runner.py:272| eval_w2 | Epoch 140, Reverse Model W2: 0.0345
2026-03-28 21:34:40 | DEBUG | sivi:base_runner.py:477| eval_elbo | Epoch 140, ELBO: -7.4386, Std Total: 34.5517, Std Q: nan, CI Half: 3.0286
2026-03-28 21:34:40 | DEBUG | sivi:base_runner.py:507| eval_ksd | Epoch 140, VI KSD: 5.4810
2026-03-28 21:34:40 | DEBUG | sivi:base_runner.py:337| eval_kl_ite | Epoch 150, VI KL to baseline: 2.2431
2026-03-28 21:34:40 | DEBUG | sivi:base_reverse_runner.py:261| eval_kl_ite | Epoch 150, Reverse Model KL ITE: 0.0382
2026-03-28 21:34:40 | DEBUG | sivi:base_runner.py:347| eval_w2 | Epoch 150, VI W2 to baseline: 0.8748
2026-03-28 21:34:40 | DEBUG | sivi:base_reverse_runner.py:272| eval_w2 | Epoch 150, Reverse Model W2: 0.0394
2026-03-28 21:34:40 | DEBUG | sivi:base_runner.py:477| eval_elbo | Epoch 150, ELBO: -6.3970, Std Total: 19.0706, Std Q: nan, CI Half: 1.6716
2026-03-28 21:34:40 | DEBUG | sivi:base_runner.py:507| eval_ksd | Epoch 150, VI KSD: 5.6191
2026-03-28 21:34:40 | DEBUG | sivi:base_runner.py:337| eval_kl_ite | Epoch 160, VI KL to baseline: 2.1724
2026-03-28 21:34:40 | DEBUG | sivi:base_reverse_runner.py:261| eval_kl_ite | Epoch 160, Reverse Model KL ITE: -0.0042
2026-03-28 21:34:41 | DEBUG | sivi:base_runner.py:347| eval_w2 | Epoch 160, VI W2 to baseline: 0.8985
2026-03-28 21:34:41 | DEBUG | sivi:base_reverse_runner.py:272| eval_w2 | Epoch 160, Reverse Model W2: 0.0394
2026-03-28 21:34:41 | DEBUG | sivi:base_runner.py:477| eval_elbo | Epoch 160, ELBO: -3.8417, Std Total: 7.8698, Std Q: nan, CI Half: 0.6898
2026-03-28 21:34:41 | DEBUG | sivi:base_runner.py:507| eval_ksd | Epoch 160, VI KSD: 5.3695
2026-03-28 21:34:41 | DEBUG | sivi:base_runner.py:337| eval_kl_ite | Epoch 170, VI KL to baseline: 2.0336
2026-03-28 21:34:41 | DEBUG | sivi:base_reverse_runner.py:261| eval_kl_ite | Epoch 170, Reverse Model KL ITE: -0.0091
2026-03-28 21:34:41 | DEBUG | sivi:base_runner.py:347| eval_w2 | Epoch 170, VI W2 to baseline: 0.8850
2026-03-28 21:34:41 | DEBUG | sivi:base_reverse_runner.py:272| eval_w2 | Epoch 170, Reverse Model W2: 0.0716
2026-03-28 21:34:41 | DEBUG | sivi:base_runner.py:477| eval_elbo | Epoch 170, ELBO: -4.2444, Std Total: 9.0620, Std Q: nan, CI Half: 0.7943
2026-03-28 21:34:41 | DEBUG | sivi:base_runner.py:507| eval_ksd | Epoch 170, VI KSD: 3.8401
2026-03-28 21:34:42 | DEBUG | sivi:base_runner.py:337| eval_kl_ite | Epoch 180, VI KL to baseline: 1.9643
2026-03-28 21:34:42 | DEBUG | sivi:base_reverse_runner.py:261| eval_kl_ite | Epoch 180, Reverse Model KL ITE: 0.0037
2026-03-28 21:34:42 | DEBUG | sivi:base_runner.py:347| eval_w2 | Epoch 180, VI W2 to baseline: 0.8933
2026-03-28 21:34:42 | DEBUG | sivi:base_reverse_runner.py:272| eval_w2 | Epoch 180, Reverse Model W2: 0.0486
2026-03-28 21:34:42 | DEBUG | sivi:base_runner.py:477| eval_elbo | Epoch 180, ELBO: -3.6955, Std Total: 7.8776, Std Q: nan, CI Half: 0.6905
2026-03-28 21:34:42 | DEBUG | sivi:base_runner.py:507| eval_ksd | Epoch 180, VI KSD: 4.1695
2026-03-28 21:34:42 | DEBUG | sivi:base_runner.py:337| eval_kl_ite | Epoch 190, VI KL to baseline: 2.0242
2026-03-28 21:34:42 | DEBUG | sivi:base_reverse_runner.py:261| eval_kl_ite | Epoch 190, Reverse Model KL ITE: 0.0144
2026-03-28 21:34:42 | DEBUG | sivi:base_runner.py:347| eval_w2 | Epoch 190, VI W2 to baseline: 0.8530
2026-03-28 21:34:42 | DEBUG | sivi:base_reverse_runner.py:272| eval_w2 | Epoch 190, Reverse Model W2: 0.0560
2026-03-28 21:34:42 | DEBUG | sivi:base_runner.py:477| eval_elbo | Epoch 190, ELBO: -4.4536, Std Total: 9.9558, Std Q: nan, CI Half: 0.8727
2026-03-28 21:34:42 | DEBUG | sivi:base_runner.py:507| eval_ksd | Epoch 190, VI KSD: 4.0443
2026-03-28 21:34:43 | DEBUG | sivi:base_runner.py:874| learn | Epoch 200: Avg Loss: 0.1316, Avg Epoch Time: 0.0604s
2026-03-28 21:34:43 | DEBUG | sivi:base_runner.py:337| eval_kl_ite | Epoch 200, VI KL to baseline: 1.9828
2026-03-28 21:34:43 | DEBUG | sivi:base_reverse_runner.py:261| eval_kl_ite | Epoch 200, Reverse Model KL ITE: -0.0091
2026-03-28 21:34:43 | DEBUG | sivi:base_runner.py:347| eval_w2 | Epoch 200, VI W2 to baseline: 0.8529
2026-03-28 21:34:43 | DEBUG | sivi:base_reverse_runner.py:272| eval_w2 | Epoch 200, Reverse Model W2: 0.0391
2026-03-28 21:34:43 | DEBUG | sivi:base_runner.py:477| eval_elbo | Epoch 200, ELBO: -3.9132, Std Total: 8.3006, Std Q: nan, CI Half: 0.7276
2026-03-28 21:34:43 | DEBUG | sivi:base_runner.py:507| eval_ksd | Epoch 200, VI KSD: 3.6360
2026-03-28 21:34:44 | DEBUG | sivi:base_runner.py:337| eval_kl_ite | Epoch 210, VI KL to baseline: 1.9062
2026-03-28 21:34:44 | DEBUG | sivi:base_reverse_runner.py:261| eval_kl_ite | Epoch 210, Reverse Model KL ITE: 0.0114
2026-03-28 21:34:44 | DEBUG | sivi:base_runner.py:347| eval_w2 | Epoch 210, VI W2 to baseline: 0.8763
2026-03-28 21:34:44 | DEBUG | sivi:base_reverse_runner.py:272| eval_w2 | Epoch 210, Reverse Model W2: 0.0380
2026-03-28 21:34:44 | DEBUG | sivi:base_runner.py:477| eval_elbo | Epoch 210, ELBO: -3.1605, Std Total: 7.4103, Std Q: nan, CI Half: 0.6495
2026-03-28 21:34:44 | DEBUG | sivi:base_runner.py:507| eval_ksd | Epoch 210, VI KSD: 3.4410
2026-03-28 21:34:44 | DEBUG | sivi:base_runner.py:337| eval_kl_ite | Epoch 220, VI KL to baseline: 1.9684
2026-03-28 21:34:44 | DEBUG | sivi:base_reverse_runner.py:261| eval_kl_ite | Epoch 220, Reverse Model KL ITE: 0.0508
2026-03-28 21:34:44 | DEBUG | sivi:base_runner.py:347| eval_w2 | Epoch 220, VI W2 to baseline: 0.7969
2026-03-28 21:34:44 | DEBUG | sivi:base_reverse_runner.py:272| eval_w2 | Epoch 220, Reverse Model W2: 0.0495
2026-03-28 21:34:44 | DEBUG | sivi:base_runner.py:477| eval_elbo | Epoch 220, ELBO: -4.3141, Std Total: 10.9826, Std Q: nan, CI Half: 0.9627
2026-03-28 21:34:44 | DEBUG | sivi:base_runner.py:507| eval_ksd | Epoch 220, VI KSD: 4.8307
2026-03-28 21:34:45 | DEBUG | sivi:base_runner.py:337| eval_kl_ite | Epoch 230, VI KL to baseline: 1.8994
2026-03-28 21:34:45 | DEBUG | sivi:base_reverse_runner.py:261| eval_kl_ite | Epoch 230, Reverse Model KL ITE: 0.0084
2026-03-28 21:34:45 | DEBUG | sivi:base_runner.py:347| eval_w2 | Epoch 230, VI W2 to baseline: 0.7832
2026-03-28 21:34:45 | DEBUG | sivi:base_reverse_runner.py:272| eval_w2 | Epoch 230, Reverse Model W2: 0.0437
2026-03-28 21:34:45 | DEBUG | sivi:base_runner.py:477| eval_elbo | Epoch 230, ELBO: -3.2219, Std Total: 6.8613, Std Q: nan, CI Half: 0.6014
2026-03-28 21:34:45 | DEBUG | sivi:base_runner.py:507| eval_ksd | Epoch 230, VI KSD: 3.9255
2026-03-28 21:34:46 | DEBUG | sivi:base_runner.py:337| eval_kl_ite | Epoch 240, VI KL to baseline: 1.7864
2026-03-28 21:34:46 | DEBUG | sivi:base_reverse_runner.py:261| eval_kl_ite | Epoch 240, Reverse Model KL ITE: 0.0365
2026-03-28 21:34:46 | DEBUG | sivi:base_runner.py:347| eval_w2 | Epoch 240, VI W2 to baseline: 0.7150
2026-03-28 21:34:46 | DEBUG | sivi:base_reverse_runner.py:272| eval_w2 | Epoch 240, Reverse Model W2: 0.0492
2026-03-28 21:34:46 | DEBUG | sivi:base_runner.py:477| eval_elbo | Epoch 240, ELBO: -3.4738, Std Total: 7.2748, Std Q: nan, CI Half: 0.6377
2026-03-28 21:34:46 | DEBUG | sivi:base_runner.py:507| eval_ksd | Epoch 240, VI KSD: 3.6667
2026-03-28 21:34:46 | DEBUG | sivi:base_runner.py:337| eval_kl_ite | Epoch 250, VI KL to baseline: 1.6084
2026-03-28 21:34:46 | DEBUG | sivi:base_reverse_runner.py:261| eval_kl_ite | Epoch 250, Reverse Model KL ITE: 0.0784
2026-03-28 21:34:46 | DEBUG | sivi:base_runner.py:347| eval_w2 | Epoch 250, VI W2 to baseline: 0.6633
2026-03-28 21:34:46 | DEBUG | sivi:base_reverse_runner.py:272| eval_w2 | Epoch 250, Reverse Model W2: 0.0690
2026-03-28 21:34:46 | DEBUG | sivi:base_runner.py:477| eval_elbo | Epoch 250, ELBO: -3.0251, Std Total: 10.5252, Std Q: nan, CI Half: 0.9226
2026-03-28 21:34:46 | DEBUG | sivi:base_runner.py:507| eval_ksd | Epoch 250, VI KSD: 3.5642
2026-03-28 21:34:47 | DEBUG | sivi:base_runner.py:337| eval_kl_ite | Epoch 260, VI KL to baseline: 1.4556
2026-03-28 21:34:47 | DEBUG | sivi:base_reverse_runner.py:261| eval_kl_ite | Epoch 260, Reverse Model KL ITE: 0.0542
2026-03-28 21:34:47 | DEBUG | sivi:base_runner.py:347| eval_w2 | Epoch 260, VI W2 to baseline: 0.6203
2026-03-28 21:34:47 | DEBUG | sivi:base_reverse_runner.py:272| eval_w2 | Epoch 260, Reverse Model W2: 0.0687
2026-03-28 21:34:47 | DEBUG | sivi:base_runner.py:477| eval_elbo | Epoch 260, ELBO: -2.1311, Std Total: 10.6735, Std Q: nan, CI Half: 0.9356
2026-03-28 21:34:47 | DEBUG | sivi:base_runner.py:507| eval_ksd | Epoch 260, VI KSD: 2.6696
2026-03-28 21:34:48 | DEBUG | sivi:base_runner.py:337| eval_kl_ite | Epoch 270, VI KL to baseline: 1.9554
2026-03-28 21:34:48 | DEBUG | sivi:base_reverse_runner.py:261| eval_kl_ite | Epoch 270, Reverse Model KL ITE: 0.0485
2026-03-28 21:34:48 | DEBUG | sivi:base_runner.py:347| eval_w2 | Epoch 270, VI W2 to baseline: 0.9691
2026-03-28 21:34:48 | DEBUG | sivi:base_reverse_runner.py:272| eval_w2 | Epoch 270, Reverse Model W2: 0.1048
2026-03-28 21:34:48 | DEBUG | sivi:base_runner.py:477| eval_elbo | Epoch 270, ELBO: -3.0947, Std Total: 21.4772, Std Q: nan, CI Half: 1.8826
2026-03-28 21:34:48 | DEBUG | sivi:base_runner.py:507| eval_ksd | Epoch 270, VI KSD: 5.8659
2026-03-28 21:34:48 | DEBUG | sivi:base_runner.py:337| eval_kl_ite | Epoch 280, VI KL to baseline: 1.9597
2026-03-28 21:34:48 | DEBUG | sivi:base_reverse_runner.py:261| eval_kl_ite | Epoch 280, Reverse Model KL ITE: 0.0275
2026-03-28 21:34:48 | DEBUG | sivi:base_runner.py:347| eval_w2 | Epoch 280, VI W2 to baseline: 1.2805
2026-03-28 21:34:48 | DEBUG | sivi:base_reverse_runner.py:272| eval_w2 | Epoch 280, Reverse Model W2: 0.1014
2026-03-28 21:34:48 | DEBUG | sivi:base_runner.py:477| eval_elbo | Epoch 280, ELBO: -2.2818, Std Total: 24.1459, Std Q: nan, CI Half: 2.1165
2026-03-28 21:34:48 | DEBUG | sivi:base_runner.py:507| eval_ksd | Epoch 280, VI KSD: 8.5537
2026-03-28 21:34:49 | DEBUG | sivi:base_runner.py:337| eval_kl_ite | Epoch 290, VI KL to baseline: 1.7382
2026-03-28 21:34:49 | DEBUG | sivi:base_reverse_runner.py:261| eval_kl_ite | Epoch 290, Reverse Model KL ITE: 0.1325
2026-03-28 21:34:49 | DEBUG | sivi:base_runner.py:347| eval_w2 | Epoch 290, VI W2 to baseline: 1.2934
2026-03-28 21:34:49 | DEBUG | sivi:base_reverse_runner.py:272| eval_w2 | Epoch 290, Reverse Model W2: 0.1521
2026-03-28 21:34:49 | DEBUG | sivi:base_runner.py:477| eval_elbo | Epoch 290, ELBO: 0.8352, Std Total: 36.4478, Std Q: nan, CI Half: 3.1948
2026-03-28 21:34:49 | DEBUG | sivi:base_runner.py:507| eval_ksd | Epoch 290, VI KSD: 5.5018
2026-03-28 21:34:50 | DEBUG | sivi:base_runner.py:874| learn | Epoch 300: Avg Loss: -0.8981, Avg Epoch Time: 0.0670s
2026-03-28 21:34:50 | DEBUG | sivi:base_runner.py:337| eval_kl_ite | Epoch 300, VI KL to baseline: 1.4682
2026-03-28 21:34:50 | DEBUG | sivi:base_reverse_runner.py:261| eval_kl_ite | Epoch 300, Reverse Model KL ITE: 0.2600
2026-03-28 21:34:50 | DEBUG | sivi:base_runner.py:347| eval_w2 | Epoch 300, VI W2 to baseline: 1.6933
2026-03-28 21:34:50 | DEBUG | sivi:base_reverse_runner.py:272| eval_w2 | Epoch 300, Reverse Model W2: 0.2503
2026-03-28 21:34:50 | DEBUG | sivi:base_runner.py:477| eval_elbo | Epoch 300, ELBO: 3.6819, Std Total: 44.8054, Std Q: nan, CI Half: 3.9274
2026-03-28 21:34:50 | DEBUG | sivi:base_runner.py:507| eval_ksd | Epoch 300, VI KSD: 6.8849
2026-03-28 21:34:50 | DEBUG | sivi:base_runner.py:337| eval_kl_ite | Epoch 310, VI KL to baseline: 1.2639
2026-03-28 21:34:50 | DEBUG | sivi:base_reverse_runner.py:261| eval_kl_ite | Epoch 310, Reverse Model KL ITE: 0.1492
2026-03-28 21:34:50 | DEBUG | sivi:base_runner.py:347| eval_w2 | Epoch 310, VI W2 to baseline: 1.1385
2026-03-28 21:34:50 | DEBUG | sivi:base_reverse_runner.py:272| eval_w2 | Epoch 310, Reverse Model W2: 0.1202
2026-03-28 21:34:50 | DEBUG | sivi:base_runner.py:477| eval_elbo | Epoch 310, ELBO: -0.3357, Std Total: 37.8315, Std Q: nan, CI Half: 3.3161
2026-03-28 21:34:51 | DEBUG | sivi:base_runner.py:507| eval_ksd | Epoch 310, VI KSD: 5.6456
2026-03-28 21:34:51 | DEBUG | sivi:base_runner.py:337| eval_kl_ite | Epoch 320, VI KL to baseline: 1.3161
2026-03-28 21:34:51 | DEBUG | sivi:base_reverse_runner.py:261| eval_kl_ite | Epoch 320, Reverse Model KL ITE: 0.1305
2026-03-28 21:34:51 | DEBUG | sivi:base_runner.py:347| eval_w2 | Epoch 320, VI W2 to baseline: 0.9463
2026-03-28 21:34:51 | DEBUG | sivi:base_reverse_runner.py:272| eval_w2 | Epoch 320, Reverse Model W2: 0.0868
2026-03-28 21:34:51 | DEBUG | sivi:base_runner.py:477| eval_elbo | Epoch 320, ELBO: -1.1649, Std Total: 13.5196, Std Q: nan, CI Half: 1.1850
2026-03-28 21:34:51 | DEBUG | sivi:base_runner.py:507| eval_ksd | Epoch 320, VI KSD: 4.4145
2026-03-28 21:34:52 | DEBUG | sivi:base_runner.py:337| eval_kl_ite | Epoch 330, VI KL to baseline: 1.3502
2026-03-28 21:34:52 | DEBUG | sivi:base_reverse_runner.py:261| eval_kl_ite | Epoch 330, Reverse Model KL ITE: 0.1024
2026-03-28 21:34:52 | DEBUG | sivi:base_runner.py:347| eval_w2 | Epoch 330, VI W2 to baseline: 0.8743
2026-03-28 21:34:52 | DEBUG | sivi:base_reverse_runner.py:272| eval_w2 | Epoch 330, Reverse Model W2: 0.0791
2026-03-28 21:34:52 | DEBUG | sivi:base_runner.py:477| eval_elbo | Epoch 330, ELBO: -1.0474, Std Total: 16.5893, Std Q: nan, CI Half: 1.4541
2026-03-28 21:34:52 | DEBUG | sivi:base_runner.py:507| eval_ksd | Epoch 330, VI KSD: 4.2687
2026-03-28 21:34:52 | DEBUG | sivi:base_runner.py:337| eval_kl_ite | Epoch 340, VI KL to baseline: 1.3630
2026-03-28 21:34:52 | DEBUG | sivi:base_reverse_runner.py:261| eval_kl_ite | Epoch 340, Reverse Model KL ITE: 0.0510
2026-03-28 21:34:52 | DEBUG | sivi:base_runner.py:347| eval_w2 | Epoch 340, VI W2 to baseline: 0.9277
2026-03-28 21:34:52 | DEBUG | sivi:base_reverse_runner.py:272| eval_w2 | Epoch 340, Reverse Model W2: 0.1055
2026-03-28 21:34:52 | DEBUG | sivi:base_runner.py:477| eval_elbo | Epoch 340, ELBO: -1.1044, Std Total: 12.8819, Std Q: nan, CI Half: 1.1291
2026-03-28 21:34:52 | DEBUG | sivi:base_runner.py:507| eval_ksd | Epoch 340, VI KSD: 4.4416
2026-03-28 21:34:53 | DEBUG | sivi:base_runner.py:337| eval_kl_ite | Epoch 350, VI KL to baseline: 1.3016
2026-03-28 21:34:53 | DEBUG | sivi:base_reverse_runner.py:261| eval_kl_ite | Epoch 350, Reverse Model KL ITE: 0.0817
2026-03-28 21:34:53 | DEBUG | sivi:base_runner.py:347| eval_w2 | Epoch 350, VI W2 to baseline: 0.9860
2026-03-28 21:34:53 | DEBUG | sivi:base_reverse_runner.py:272| eval_w2 | Epoch 350, Reverse Model W2: 0.0825
2026-03-28 21:34:53 | DEBUG | sivi:base_runner.py:477| eval_elbo | Epoch 350, ELBO: -1.1619, Std Total: 13.8066, Std Q: nan, CI Half: 1.2102
2026-03-28 21:34:53 | DEBUG | sivi:base_runner.py:507| eval_ksd | Epoch 350, VI KSD: 3.2245
2026-03-28 21:34:54 | DEBUG | sivi:base_runner.py:337| eval_kl_ite | Epoch 360, VI KL to baseline: 1.4198
2026-03-28 21:34:54 | DEBUG | sivi:base_reverse_runner.py:261| eval_kl_ite | Epoch 360, Reverse Model KL ITE: 0.1133
2026-03-28 21:34:54 | DEBUG | sivi:base_runner.py:347| eval_w2 | Epoch 360, VI W2 to baseline: 0.7078
2026-03-28 21:34:54 | DEBUG | sivi:base_reverse_runner.py:272| eval_w2 | Epoch 360, Reverse Model W2: 0.1472
2026-03-28 21:34:54 | DEBUG | sivi:base_runner.py:477| eval_elbo | Epoch 360, ELBO: -2.3289, Std Total: 13.5759, Std Q: nan, CI Half: 1.1900
2026-03-28 21:34:54 | DEBUG | sivi:base_runner.py:507| eval_ksd | Epoch 360, VI KSD: 7.4035
2026-03-28 21:34:54 | DEBUG | sivi:base_runner.py:337| eval_kl_ite | Epoch 370, VI KL to baseline: 1.4202
2026-03-28 21:34:54 | DEBUG | sivi:base_reverse_runner.py:261| eval_kl_ite | Epoch 370, Reverse Model KL ITE: 0.0950
2026-03-28 21:34:54 | DEBUG | sivi:base_runner.py:347| eval_w2 | Epoch 370, VI W2 to baseline: 0.6032
2026-03-28 21:34:54 | DEBUG | sivi:base_reverse_runner.py:272| eval_w2 | Epoch 370, Reverse Model W2: 0.1146
2026-03-28 21:34:54 | DEBUG | sivi:base_runner.py:477| eval_elbo | Epoch 370, ELBO: -0.8291, Std Total: 16.4728, Std Q: nan, CI Half: 1.4439
2026-03-28 21:34:54 | DEBUG | sivi:base_runner.py:507| eval_ksd | Epoch 370, VI KSD: 6.9949
2026-03-28 21:34:55 | DEBUG | sivi:base_runner.py:337| eval_kl_ite | Epoch 380, VI KL to baseline: 1.2108
2026-03-28 21:34:55 | DEBUG | sivi:base_reverse_runner.py:261| eval_kl_ite | Epoch 380, Reverse Model KL ITE: 0.0724
2026-03-28 21:34:55 | DEBUG | sivi:base_runner.py:347| eval_w2 | Epoch 380, VI W2 to baseline: 0.6321
2026-03-28 21:34:55 | DEBUG | sivi:base_reverse_runner.py:272| eval_w2 | Epoch 380, Reverse Model W2: 0.0858
2026-03-28 21:34:55 | DEBUG | sivi:base_runner.py:477| eval_elbo | Epoch 380, ELBO: -0.9959, Std Total: 14.6117, Std Q: nan, CI Half: 1.2808
2026-03-28 21:34:55 | DEBUG | sivi:base_runner.py:507| eval_ksd | Epoch 380, VI KSD: 4.0898
2026-03-28 21:34:55 | DEBUG | sivi:base_runner.py:337| eval_kl_ite | Epoch 390, VI KL to baseline: 1.2374
2026-03-28 21:34:55 | DEBUG | sivi:base_reverse_runner.py:261| eval_kl_ite | Epoch 390, Reverse Model KL ITE: 0.0605
2026-03-28 21:34:55 | DEBUG | sivi:base_runner.py:347| eval_w2 | Epoch 390, VI W2 to baseline: 0.4792
2026-03-28 21:34:55 | DEBUG | sivi:base_reverse_runner.py:272| eval_w2 | Epoch 390, Reverse Model W2: 0.0971
2026-03-28 21:34:55 | DEBUG | sivi:base_runner.py:477| eval_elbo | Epoch 390, ELBO: -2.2313, Std Total: 10.8388, Std Q: nan, CI Half: 0.9501
2026-03-28 21:34:55 | DEBUG | sivi:base_runner.py:507| eval_ksd | Epoch 390, VI KSD: 7.5587
2026-03-28 21:34:56 | DEBUG | sivi:base_runner.py:874| learn | Epoch 400: Avg Loss: 6.9078, Avg Epoch Time: 0.0607s
2026-03-28 21:34:56 | DEBUG | sivi:base_runner.py:337| eval_kl_ite | Epoch 400, VI KL to baseline: 0.9603
2026-03-28 21:34:56 | DEBUG | sivi:base_reverse_runner.py:261| eval_kl_ite | Epoch 400, Reverse Model KL ITE: 0.0469
2026-03-28 21:34:56 | DEBUG | sivi:base_runner.py:347| eval_w2 | Epoch 400, VI W2 to baseline: 0.4593
2026-03-28 21:34:56 | DEBUG | sivi:base_reverse_runner.py:272| eval_w2 | Epoch 400, Reverse Model W2: 0.0936
2026-03-28 21:34:56 | DEBUG | sivi:base_runner.py:477| eval_elbo | Epoch 400, ELBO: -1.2124, Std Total: 6.0241, Std Q: nan, CI Half: 0.5280
2026-03-28 21:34:56 | DEBUG | sivi:base_runner.py:507| eval_ksd | Epoch 400, VI KSD: 2.3961
2026-03-28 21:34:56 | DEBUG | sivi:base_runner.py:337| eval_kl_ite | Epoch 410, VI KL to baseline: 0.9148
2026-03-28 21:34:56 | DEBUG | sivi:base_reverse_runner.py:261| eval_kl_ite | Epoch 410, Reverse Model KL ITE: 0.0625
2026-03-28 21:34:56 | DEBUG | sivi:base_runner.py:347| eval_w2 | Epoch 410, VI W2 to baseline: 0.4933
2026-03-28 21:34:56 | DEBUG | sivi:base_reverse_runner.py:272| eval_w2 | Epoch 410, Reverse Model W2: 0.0618
2026-03-28 21:34:56 | DEBUG | sivi:base_runner.py:477| eval_elbo | Epoch 410, ELBO: -1.2386, Std Total: 8.4541, Std Q: nan, CI Half: 0.7410
2026-03-28 21:34:56 | DEBUG | sivi:base_runner.py:507| eval_ksd | Epoch 410, VI KSD: 2.9677
2026-03-28 21:34:57 | DEBUG | sivi:base_runner.py:337| eval_kl_ite | Epoch 420, VI KL to baseline: 0.9809
2026-03-28 21:34:57 | DEBUG | sivi:base_reverse_runner.py:261| eval_kl_ite | Epoch 420, Reverse Model KL ITE: 0.0430
2026-03-28 21:34:57 | DEBUG | sivi:base_runner.py:347| eval_w2 | Epoch 420, VI W2 to baseline: 0.5170
2026-03-28 21:34:57 | DEBUG | sivi:base_reverse_runner.py:272| eval_w2 | Epoch 420, Reverse Model W2: 0.0596
2026-03-28 21:34:57 | DEBUG | sivi:base_runner.py:477| eval_elbo | Epoch 420, ELBO: -1.4940, Std Total: 6.5013, Std Q: nan, CI Half: 0.5699
2026-03-28 21:34:57 | DEBUG | sivi:base_runner.py:507| eval_ksd | Epoch 420, VI KSD: 2.2274
2026-03-28 21:34:58 | DEBUG | sivi:base_runner.py:337| eval_kl_ite | Epoch 430, VI KL to baseline: 1.0754
2026-03-28 21:34:58 | DEBUG | sivi:base_reverse_runner.py:261| eval_kl_ite | Epoch 430, Reverse Model KL ITE: 0.0425
2026-03-28 21:34:58 | DEBUG | sivi:base_runner.py:347| eval_w2 | Epoch 430, VI W2 to baseline: 0.5598
2026-03-28 21:34:58 | DEBUG | sivi:base_reverse_runner.py:272| eval_w2 | Epoch 430, Reverse Model W2: 0.0517
2026-03-28 21:34:58 | DEBUG | sivi:base_runner.py:477| eval_elbo | Epoch 430, ELBO: -1.2366, Std Total: 4.8528, Std Q: nan, CI Half: 0.4254
2026-03-28 21:34:58 | DEBUG | sivi:base_runner.py:507| eval_ksd | Epoch 430, VI KSD: 2.7935
2026-03-28 21:34:58 | DEBUG | sivi:base_runner.py:337| eval_kl_ite | Epoch 440, VI KL to baseline: 1.0630
2026-03-28 21:34:58 | DEBUG | sivi:base_reverse_runner.py:261| eval_kl_ite | Epoch 440, Reverse Model KL ITE: -0.0047
2026-03-28 21:34:58 | DEBUG | sivi:base_runner.py:347| eval_w2 | Epoch 440, VI W2 to baseline: 0.6082
2026-03-28 21:34:58 | DEBUG | sivi:base_reverse_runner.py:272| eval_w2 | Epoch 440, Reverse Model W2: 0.0526
2026-03-28 21:34:58 | DEBUG | sivi:base_runner.py:477| eval_elbo | Epoch 440, ELBO: -1.5328, Std Total: 5.2395, Std Q: nan, CI Half: 0.4593
2026-03-28 21:34:58 | DEBUG | sivi:base_runner.py:507| eval_ksd | Epoch 440, VI KSD: 2.2685
2026-03-28 21:34:59 | DEBUG | sivi:base_runner.py:337| eval_kl_ite | Epoch 450, VI KL to baseline: 1.1008
2026-03-28 21:34:59 | DEBUG | sivi:base_reverse_runner.py:261| eval_kl_ite | Epoch 450, Reverse Model KL ITE: 0.0126
2026-03-28 21:34:59 | DEBUG | sivi:base_runner.py:347| eval_w2 | Epoch 450, VI W2 to baseline: 0.7020
2026-03-28 21:34:59 | DEBUG | sivi:base_reverse_runner.py:272| eval_w2 | Epoch 450, Reverse Model W2: 0.0592
2026-03-28 21:34:59 | DEBUG | sivi:base_runner.py:477| eval_elbo | Epoch 450, ELBO: -1.5204, Std Total: 5.3301, Std Q: nan, CI Half: 0.4672
2026-03-28 21:34:59 | DEBUG | sivi:base_runner.py:507| eval_ksd | Epoch 450, VI KSD: 4.3911
2026-03-28 21:34:59 | DEBUG | sivi:base_runner.py:337| eval_kl_ite | Epoch 460, VI KL to baseline: 1.1090
2026-03-28 21:34:59 | DEBUG | sivi:base_reverse_runner.py:261| eval_kl_ite | Epoch 460, Reverse Model KL ITE: 0.0288
2026-03-28 21:34:59 | DEBUG | sivi:base_runner.py:347| eval_w2 | Epoch 460, VI W2 to baseline: 0.7583
2026-03-28 21:34:59 | DEBUG | sivi:base_reverse_runner.py:272| eval_w2 | Epoch 460, Reverse Model W2: 0.0642
2026-03-28 21:34:59 | DEBUG | sivi:base_runner.py:477| eval_elbo | Epoch 460, ELBO: -1.3717, Std Total: 5.8836, Std Q: nan, CI Half: 0.5157
2026-03-28 21:34:59 | DEBUG | sivi:base_runner.py:507| eval_ksd | Epoch 460, VI KSD: 2.7468
2026-03-28 21:35:00 | DEBUG | sivi:base_runner.py:337| eval_kl_ite | Epoch 470, VI KL to baseline: 1.0192
2026-03-28 21:35:00 | DEBUG | sivi:base_reverse_runner.py:261| eval_kl_ite | Epoch 470, Reverse Model KL ITE: 0.0134
2026-03-28 21:35:00 | DEBUG | sivi:base_runner.py:347| eval_w2 | Epoch 470, VI W2 to baseline: 0.7855
2026-03-28 21:35:00 | DEBUG | sivi:base_reverse_runner.py:272| eval_w2 | Epoch 470, Reverse Model W2: 0.0600
2026-03-28 21:35:00 | DEBUG | sivi:base_runner.py:477| eval_elbo | Epoch 470, ELBO: -1.2595, Std Total: 7.0885, Std Q: nan, CI Half: 0.6213
2026-03-28 21:35:00 | DEBUG | sivi:base_runner.py:507| eval_ksd | Epoch 470, VI KSD: 2.0700
2026-03-28 21:35:00 | DEBUG | sivi:base_runner.py:337| eval_kl_ite | Epoch 480, VI KL to baseline: 1.0236
2026-03-28 21:35:01 | DEBUG | sivi:base_reverse_runner.py:261| eval_kl_ite | Epoch 480, Reverse Model KL ITE: 0.0470
2026-03-28 21:35:01 | DEBUG | sivi:base_runner.py:347| eval_w2 | Epoch 480, VI W2 to baseline: 0.7795
2026-03-28 21:35:01 | DEBUG | sivi:base_reverse_runner.py:272| eval_w2 | Epoch 480, Reverse Model W2: 0.0662
2026-03-28 21:35:01 | DEBUG | sivi:base_runner.py:477| eval_elbo | Epoch 480, ELBO: -0.1373, Std Total: 12.1888, Std Q: nan, CI Half: 1.0684
2026-03-28 21:35:01 | DEBUG | sivi:base_runner.py:507| eval_ksd | Epoch 480, VI KSD: 2.1755
2026-03-28 21:35:01 | DEBUG | sivi:base_runner.py:337| eval_kl_ite | Epoch 490, VI KL to baseline: 0.9736
2026-03-28 21:35:01 | DEBUG | sivi:base_reverse_runner.py:261| eval_kl_ite | Epoch 490, Reverse Model KL ITE: 0.0144
2026-03-28 21:35:01 | DEBUG | sivi:base_runner.py:347| eval_w2 | Epoch 490, VI W2 to baseline: 0.7842
2026-03-28 21:35:01 | DEBUG | sivi:base_reverse_runner.py:272| eval_w2 | Epoch 490, Reverse Model W2: 0.0576
2026-03-28 21:35:01 | DEBUG | sivi:base_runner.py:477| eval_elbo | Epoch 490, ELBO: -1.2280, Std Total: 5.1620, Std Q: nan, CI Half: 0.4525
2026-03-28 21:35:01 | DEBUG | sivi:base_runner.py:507| eval_ksd | Epoch 490, VI KSD: 2.2110
2026-03-28 21:35:02 | DEBUG | sivi:base_runner.py:874| learn | Epoch 500: Avg Loss: -0.4760, Avg Epoch Time: 0.0608s
2026-03-28 21:35:02 | DEBUG | sivi:base_reverse_runner.py:183| _training_rev_log_func | Epoch 500, Inner epoch 1, Reverse Model Loss: 4.4025, Avg Steps: 1.0000
2026-03-28 21:35:02 | DEBUG | sivi:base_runner.py:588| save_samples | Saved 100000 samples at epoch 500.
2026-03-28 21:35:02 | DEBUG | sivi:base_runner.py:337| eval_kl_ite | Epoch 500, VI KL to baseline: 0.9688
2026-03-28 21:35:02 | DEBUG | sivi:base_reverse_runner.py:261| eval_kl_ite | Epoch 500, Reverse Model KL ITE: 0.0368
2026-03-28 21:35:02 | DEBUG | sivi:base_runner.py:347| eval_w2 | Epoch 500, VI W2 to baseline: 0.8340
2026-03-28 21:35:02 | DEBUG | sivi:base_reverse_runner.py:272| eval_w2 | Epoch 500, Reverse Model W2: 0.0687
2026-03-28 21:35:02 | DEBUG | sivi:base_runner.py:477| eval_elbo | Epoch 500, ELBO: -0.2232, Std Total: 10.0925, Std Q: nan, CI Half: 0.8847
2026-03-28 21:35:02 | DEBUG | sivi:base_runner.py:507| eval_ksd | Epoch 500, VI KSD: 2.3859
2026-03-28 21:35:02 | DEBUG | sivi:base_runner.py:970| learn | Saved contour plot at epoch 500.
2026-03-28 21:35:03 | DEBUG | sivi:base_runner.py:337| eval_kl_ite | Epoch 510, VI KL to baseline: 0.9535
2026-03-28 21:35:03 | DEBUG | sivi:base_reverse_runner.py:261| eval_kl_ite | Epoch 510, Reverse Model KL ITE: 0.0426
2026-03-28 21:35:03 | DEBUG | sivi:base_runner.py:347| eval_w2 | Epoch 510, VI W2 to baseline: 0.8563
2026-03-28 21:35:03 | DEBUG | sivi:base_reverse_runner.py:272| eval_w2 | Epoch 510, Reverse Model W2: 0.0649
2026-03-28 21:35:03 | DEBUG | sivi:base_runner.py:477| eval_elbo | Epoch 510, ELBO: -1.1027, Std Total: 11.0202, Std Q: nan, CI Half: 0.9660
2026-03-28 21:35:03 | DEBUG | sivi:base_runner.py:507| eval_ksd | Epoch 510, VI KSD: 2.5134
2026-03-28 21:35:03 | DEBUG | sivi:base_runner.py:337| eval_kl_ite | Epoch 520, VI KL to baseline: 0.9636
2026-03-28 21:35:03 | DEBUG | sivi:base_reverse_runner.py:261| eval_kl_ite | Epoch 520, Reverse Model KL ITE: 0.0105
2026-03-28 21:35:03 | DEBUG | sivi:base_runner.py:347| eval_w2 | Epoch 520, VI W2 to baseline: 0.8948
2026-03-28 21:35:03 | DEBUG | sivi:base_reverse_runner.py:272| eval_w2 | Epoch 520, Reverse Model W2: 0.0630
2026-03-28 21:35:03 | DEBUG | sivi:base_runner.py:477| eval_elbo | Epoch 520, ELBO: -1.1905, Std Total: 5.0491, Std Q: nan, CI Half: 0.4426
2026-03-28 21:35:03 | DEBUG | sivi:base_runner.py:507| eval_ksd | Epoch 520, VI KSD: 2.3551
2026-03-28 21:35:04 | DEBUG | sivi:base_runner.py:337| eval_kl_ite | Epoch 530, VI KL to baseline: 1.0778
2026-03-28 21:35:04 | DEBUG | sivi:base_reverse_runner.py:261| eval_kl_ite | Epoch 530, Reverse Model KL ITE: -0.0151
2026-03-28 21:35:04 | DEBUG | sivi:base_runner.py:347| eval_w2 | Epoch 530, VI W2 to baseline: 0.8638
2026-03-28 21:35:04 | DEBUG | sivi:base_reverse_runner.py:272| eval_w2 | Epoch 530, Reverse Model W2: 0.0505
2026-03-28 21:35:04 | DEBUG | sivi:base_runner.py:477| eval_elbo | Epoch 530, ELBO: -0.9819, Std Total: 10.8647, Std Q: nan, CI Half: 0.9523
2026-03-28 21:35:04 | DEBUG | sivi:base_runner.py:507| eval_ksd | Epoch 530, VI KSD: 3.4074
2026-03-28 21:35:05 | DEBUG | sivi:base_runner.py:337| eval_kl_ite | Epoch 540, VI KL to baseline: 1.0144
2026-03-28 21:35:05 | DEBUG | sivi:base_reverse_runner.py:261| eval_kl_ite | Epoch 540, Reverse Model KL ITE: -0.0040
2026-03-28 21:35:05 | DEBUG | sivi:base_runner.py:347| eval_w2 | Epoch 540, VI W2 to baseline: 0.9391
2026-03-28 21:35:05 | DEBUG | sivi:base_reverse_runner.py:272| eval_w2 | Epoch 540, Reverse Model W2: 0.0677
2026-03-28 21:35:05 | DEBUG | sivi:base_runner.py:477| eval_elbo | Epoch 540, ELBO: -0.9188, Std Total: 5.6066, Std Q: nan, CI Half: 0.4914
2026-03-28 21:35:05 | DEBUG | sivi:base_runner.py:507| eval_ksd | Epoch 540, VI KSD: 2.1157
2026-03-28 21:35:05 | DEBUG | sivi:base_runner.py:337| eval_kl_ite | Epoch 550, VI KL to baseline: 1.0145
2026-03-28 21:35:05 | DEBUG | sivi:base_reverse_runner.py:261| eval_kl_ite | Epoch 550, Reverse Model KL ITE: 0.0209
2026-03-28 21:35:05 | DEBUG | sivi:base_runner.py:347| eval_w2 | Epoch 550, VI W2 to baseline: 1.0673
2026-03-28 21:35:05 | DEBUG | sivi:base_reverse_runner.py:272| eval_w2 | Epoch 550, Reverse Model W2: 0.0789
2026-03-28 21:35:05 | DEBUG | sivi:base_runner.py:477| eval_elbo | Epoch 550, ELBO: -1.2041, Std Total: 5.4932, Std Q: nan, CI Half: 0.4815
2026-03-28 21:35:05 | DEBUG | sivi:base_runner.py:507| eval_ksd | Epoch 550, VI KSD: 2.1749
2026-03-28 21:35:06 | DEBUG | sivi:base_runner.py:337| eval_kl_ite | Epoch 560, VI KL to baseline: 0.9756
2026-03-28 21:35:06 | DEBUG | sivi:base_reverse_runner.py:261| eval_kl_ite | Epoch 560, Reverse Model KL ITE: -0.0170
2026-03-28 21:35:06 | DEBUG | sivi:base_runner.py:347| eval_w2 | Epoch 560, VI W2 to baseline: 1.0266
2026-03-28 21:35:06 | DEBUG | sivi:base_reverse_runner.py:272| eval_w2 | Epoch 560, Reverse Model W2: 0.0688
2026-03-28 21:35:06 | DEBUG | sivi:base_runner.py:477| eval_elbo | Epoch 560, ELBO: -1.1600, Std Total: 6.9187, Std Q: nan, CI Half: 0.6064
2026-03-28 21:35:06 | DEBUG | sivi:base_runner.py:507| eval_ksd | Epoch 560, VI KSD: 1.9634
2026-03-28 21:35:06 | DEBUG | sivi:base_runner.py:337| eval_kl_ite | Epoch 570, VI KL to baseline: 0.9193
2026-03-28 21:35:06 | DEBUG | sivi:base_reverse_runner.py:261| eval_kl_ite | Epoch 570, Reverse Model KL ITE: 0.0130
2026-03-28 21:35:06 | DEBUG | sivi:base_runner.py:347| eval_w2 | Epoch 570, VI W2 to baseline: 1.0189
2026-03-28 21:35:06 | DEBUG | sivi:base_reverse_runner.py:272| eval_w2 | Epoch 570, Reverse Model W2: 0.0675
2026-03-28 21:35:06 | DEBUG | sivi:base_runner.py:477| eval_elbo | Epoch 570, ELBO: -1.0174, Std Total: 5.7903, Std Q: nan, CI Half: 0.5075
2026-03-28 21:35:06 | DEBUG | sivi:base_runner.py:507| eval_ksd | Epoch 570, VI KSD: 2.4966
2026-03-28 21:35:07 | DEBUG | sivi:base_runner.py:337| eval_kl_ite | Epoch 580, VI KL to baseline: 0.9933
2026-03-28 21:35:07 | DEBUG | sivi:base_reverse_runner.py:261| eval_kl_ite | Epoch 580, Reverse Model KL ITE: 0.0376
2026-03-28 21:35:07 | DEBUG | sivi:base_runner.py:347| eval_w2 | Epoch 580, VI W2 to baseline: 1.1143
2026-03-28 21:35:07 | DEBUG | sivi:base_reverse_runner.py:272| eval_w2 | Epoch 580, Reverse Model W2: 0.0730
2026-03-28 21:35:07 | DEBUG | sivi:base_runner.py:477| eval_elbo | Epoch 580, ELBO: -1.4189, Std Total: 6.2670, Std Q: nan, CI Half: 0.5493
2026-03-28 21:35:07 | DEBUG | sivi:base_runner.py:507| eval_ksd | Epoch 580, VI KSD: 4.0982
2026-03-28 21:35:08 | DEBUG | sivi:base_runner.py:337| eval_kl_ite | Epoch 590, VI KL to baseline: 0.9237
2026-03-28 21:35:08 | DEBUG | sivi:base_reverse_runner.py:261| eval_kl_ite | Epoch 590, Reverse Model KL ITE: 0.0520
2026-03-28 21:35:08 | DEBUG | sivi:base_runner.py:347| eval_w2 | Epoch 590, VI W2 to baseline: 1.0792
2026-03-28 21:35:08 | DEBUG | sivi:base_reverse_runner.py:272| eval_w2 | Epoch 590, Reverse Model W2: 0.0636
2026-03-28 21:35:08 | DEBUG | sivi:base_runner.py:477| eval_elbo | Epoch 590, ELBO: -0.0455, Std Total: 16.1575, Std Q: nan, CI Half: 1.4163
2026-03-28 21:35:08 | DEBUG | sivi:base_runner.py:507| eval_ksd | Epoch 590, VI KSD: 2.2305
2026-03-28 21:35:08 | DEBUG | sivi:base_runner.py:874| learn | Epoch 600: Avg Loss: -0.0039, Avg Epoch Time: 0.0650s
2026-03-28 21:35:08 | DEBUG | sivi:base_runner.py:337| eval_kl_ite | Epoch 600, VI KL to baseline: 0.9586
2026-03-28 21:35:08 | DEBUG | sivi:base_reverse_runner.py:261| eval_kl_ite | Epoch 600, Reverse Model KL ITE: 0.0294
2026-03-28 21:35:08 | DEBUG | sivi:base_runner.py:347| eval_w2 | Epoch 600, VI W2 to baseline: 1.0759
2026-03-28 21:35:08 | DEBUG | sivi:base_reverse_runner.py:272| eval_w2 | Epoch 600, Reverse Model W2: 0.0707
2026-03-28 21:35:08 | DEBUG | sivi:base_runner.py:477| eval_elbo | Epoch 600, ELBO: -0.5920, Std Total: 5.5707, Std Q: nan, CI Half: 0.4883
2026-03-28 21:35:08 | DEBUG | sivi:base_runner.py:507| eval_ksd | Epoch 600, VI KSD: 2.1769
2026-03-28 21:35:09 | DEBUG | sivi:base_runner.py:337| eval_kl_ite | Epoch 610, VI KL to baseline: 0.8837
2026-03-28 21:35:09 | DEBUG | sivi:base_reverse_runner.py:261| eval_kl_ite | Epoch 610, Reverse Model KL ITE: 0.0111
2026-03-28 21:35:09 | DEBUG | sivi:base_runner.py:347| eval_w2 | Epoch 610, VI W2 to baseline: 1.0840
2026-03-28 21:35:09 | DEBUG | sivi:base_reverse_runner.py:272| eval_w2 | Epoch 610, Reverse Model W2: 0.0590
2026-03-28 21:35:09 | DEBUG | sivi:base_runner.py:477| eval_elbo | Epoch 610, ELBO: -0.9232, Std Total: 5.6166, Std Q: nan, CI Half: 0.4923
2026-03-28 21:35:09 | DEBUG | sivi:base_runner.py:507| eval_ksd | Epoch 610, VI KSD: 2.1660
2026-03-28 21:35:10 | DEBUG | sivi:base_runner.py:337| eval_kl_ite | Epoch 620, VI KL to baseline: 0.8591
2026-03-28 21:35:10 | DEBUG | sivi:base_reverse_runner.py:261| eval_kl_ite | Epoch 620, Reverse Model KL ITE: 0.0365
2026-03-28 21:35:10 | DEBUG | sivi:base_runner.py:347| eval_w2 | Epoch 620, VI W2 to baseline: 1.0743
2026-03-28 21:35:10 | DEBUG | sivi:base_reverse_runner.py:272| eval_w2 | Epoch 620, Reverse Model W2: 0.0652
2026-03-28 21:35:10 | DEBUG | sivi:base_runner.py:477| eval_elbo | Epoch 620, ELBO: -0.2219, Std Total: 11.1536, Std Q: nan, CI Half: 0.9777
2026-03-28 21:35:10 | DEBUG | sivi:base_runner.py:507| eval_ksd | Epoch 620, VI KSD: 1.8651
2026-03-28 21:35:10 | DEBUG | sivi:base_runner.py:337| eval_kl_ite | Epoch 630, VI KL to baseline: 0.8618
2026-03-28 21:35:11 | DEBUG | sivi:base_reverse_runner.py:261| eval_kl_ite | Epoch 630, Reverse Model KL ITE: 0.0191
2026-03-28 21:35:11 | DEBUG | sivi:base_runner.py:347| eval_w2 | Epoch 630, VI W2 to baseline: 1.0752
2026-03-28 21:35:11 | DEBUG | sivi:base_reverse_runner.py:272| eval_w2 | Epoch 630, Reverse Model W2: 0.0735
2026-03-28 21:35:11 | DEBUG | sivi:base_runner.py:477| eval_elbo | Epoch 630, ELBO: -0.6019, Std Total: 4.8747, Std Q: nan, CI Half: 0.4273
2026-03-28 21:35:11 | DEBUG | sivi:base_runner.py:507| eval_ksd | Epoch 630, VI KSD: 1.6897
2026-03-28 21:35:11 | DEBUG | sivi:base_runner.py:337| eval_kl_ite | Epoch 640, VI KL to baseline: 0.8413
2026-03-28 21:35:11 | DEBUG | sivi:base_reverse_runner.py:261| eval_kl_ite | Epoch 640, Reverse Model KL ITE: 0.0270
2026-03-28 21:35:11 | DEBUG | sivi:base_runner.py:347| eval_w2 | Epoch 640, VI W2 to baseline: 1.1367
2026-03-28 21:35:11 | DEBUG | sivi:base_reverse_runner.py:272| eval_w2 | Epoch 640, Reverse Model W2: 0.0747
2026-03-28 21:35:11 | DEBUG | sivi:base_runner.py:477| eval_elbo | Epoch 640, ELBO: 0.5081, Std Total: 22.0362, Std Q: nan, CI Half: 1.9316
2026-03-28 21:35:11 | DEBUG | sivi:base_runner.py:507| eval_ksd | Epoch 640, VI KSD: 1.6774
2026-03-28 21:35:12 | DEBUG | sivi:base_runner.py:337| eval_kl_ite | Epoch 650, VI KL to baseline: 0.8590
2026-03-28 21:35:12 | DEBUG | sivi:base_reverse_runner.py:261| eval_kl_ite | Epoch 650, Reverse Model KL ITE: 0.0318
2026-03-28 21:35:12 | DEBUG | sivi:base_runner.py:347| eval_w2 | Epoch 650, VI W2 to baseline: 1.1179
2026-03-28 21:35:12 | DEBUG | sivi:base_reverse_runner.py:272| eval_w2 | Epoch 650, Reverse Model W2: 0.0629
2026-03-28 21:35:12 | DEBUG | sivi:base_runner.py:477| eval_elbo | Epoch 650, ELBO: -0.1181, Std Total: 13.4692, Std Q: nan, CI Half: 1.1806
2026-03-28 21:35:12 | DEBUG | sivi:base_runner.py:507| eval_ksd | Epoch 650, VI KSD: 2.0236
2026-03-28 21:35:13 | DEBUG | sivi:base_runner.py:337| eval_kl_ite | Epoch 660, VI KL to baseline: 0.8210
2026-03-28 21:35:13 | DEBUG | sivi:base_reverse_runner.py:261| eval_kl_ite | Epoch 660, Reverse Model KL ITE: 0.0264
2026-03-28 21:35:13 | DEBUG | sivi:base_runner.py:347| eval_w2 | Epoch 660, VI W2 to baseline: 1.2280
2026-03-28 21:35:13 | DEBUG | sivi:base_reverse_runner.py:272| eval_w2 | Epoch 660, Reverse Model W2: 0.0804
2026-03-28 21:35:13 | DEBUG | sivi:base_runner.py:477| eval_elbo | Epoch 660, ELBO: -0.5599, Std Total: 5.0340, Std Q: nan, CI Half: 0.4413
2026-03-28 21:35:13 | DEBUG | sivi:base_runner.py:507| eval_ksd | Epoch 660, VI KSD: 1.7049
2026-03-28 21:35:13 | DEBUG | sivi:base_runner.py:337| eval_kl_ite | Epoch 670, VI KL to baseline: 0.9059
2026-03-28 21:35:13 | DEBUG | sivi:base_reverse_runner.py:261| eval_kl_ite | Epoch 670, Reverse Model KL ITE: 0.0568
2026-03-28 21:35:13 | DEBUG | sivi:base_runner.py:347| eval_w2 | Epoch 670, VI W2 to baseline: 1.3152
2026-03-28 21:35:13 | DEBUG | sivi:base_reverse_runner.py:272| eval_w2 | Epoch 670, Reverse Model W2: 0.0609
2026-03-28 21:35:13 | DEBUG | sivi:base_runner.py:477| eval_elbo | Epoch 670, ELBO: -0.6150, Std Total: 7.7947, Std Q: nan, CI Half: 0.6832
2026-03-28 21:35:13 | DEBUG | sivi:base_runner.py:507| eval_ksd | Epoch 670, VI KSD: 1.7249
2026-03-28 21:35:14 | DEBUG | sivi:base_runner.py:337| eval_kl_ite | Epoch 680, VI KL to baseline: 0.8989
2026-03-28 21:35:14 | DEBUG | sivi:base_reverse_runner.py:261| eval_kl_ite | Epoch 680, Reverse Model KL ITE: 0.0299
2026-03-28 21:35:14 | DEBUG | sivi:base_runner.py:347| eval_w2 | Epoch 680, VI W2 to baseline: 1.3366
2026-03-28 21:35:14 | DEBUG | sivi:base_reverse_runner.py:272| eval_w2 | Epoch 680, Reverse Model W2: 0.0585
2026-03-28 21:35:14 | DEBUG | sivi:base_runner.py:477| eval_elbo | Epoch 680, ELBO: -1.3293, Std Total: 5.1698, Std Q: nan, CI Half: 0.4532
2026-03-28 21:35:14 | DEBUG | sivi:base_runner.py:507| eval_ksd | Epoch 680, VI KSD: 1.9688
2026-03-28 21:35:15 | DEBUG | sivi:base_runner.py:337| eval_kl_ite | Epoch 690, VI KL to baseline: 0.8374
2026-03-28 21:35:15 | DEBUG | sivi:base_reverse_runner.py:261| eval_kl_ite | Epoch 690, Reverse Model KL ITE: 0.0250
2026-03-28 21:35:15 | DEBUG | sivi:base_runner.py:347| eval_w2 | Epoch 690, VI W2 to baseline: 1.2936
2026-03-28 21:35:15 | DEBUG | sivi:base_reverse_runner.py:272| eval_w2 | Epoch 690, Reverse Model W2: 0.0773
2026-03-28 21:35:15 | DEBUG | sivi:base_runner.py:477| eval_elbo | Epoch 690, ELBO: 0.1900, Std Total: 28.0225, Std Q: nan, CI Half: 2.4563
2026-03-28 21:35:15 | DEBUG | sivi:base_runner.py:507| eval_ksd | Epoch 690, VI KSD: 1.7175
2026-03-28 21:35:15 | DEBUG | sivi:base_runner.py:874| learn | Epoch 700: Avg Loss: -0.1784, Avg Epoch Time: 0.0694s
2026-03-28 21:35:15 | DEBUG | sivi:base_runner.py:337| eval_kl_ite | Epoch 700, VI KL to baseline: 0.8122
2026-03-28 21:35:15 | DEBUG | sivi:base_reverse_runner.py:261| eval_kl_ite | Epoch 700, Reverse Model KL ITE: 0.0169
2026-03-28 21:35:15 | DEBUG | sivi:base_runner.py:347| eval_w2 | Epoch 700, VI W2 to baseline: 1.3437
2026-03-28 21:35:15 | DEBUG | sivi:base_reverse_runner.py:272| eval_w2 | Epoch 700, Reverse Model W2: 0.0730
2026-03-28 21:35:15 | DEBUG | sivi:base_runner.py:477| eval_elbo | Epoch 700, ELBO: -0.4475, Std Total: 11.5544, Std Q: nan, CI Half: 1.0128
2026-03-28 21:35:15 | DEBUG | sivi:base_runner.py:507| eval_ksd | Epoch 700, VI KSD: 2.1896
2026-03-28 21:35:16 | DEBUG | sivi:base_runner.py:337| eval_kl_ite | Epoch 710, VI KL to baseline: 0.8930
2026-03-28 21:35:16 | DEBUG | sivi:base_reverse_runner.py:261| eval_kl_ite | Epoch 710, Reverse Model KL ITE: 0.0262
2026-03-28 21:35:16 | DEBUG | sivi:base_runner.py:347| eval_w2 | Epoch 710, VI W2 to baseline: 1.3820
2026-03-28 21:35:16 | DEBUG | sivi:base_reverse_runner.py:272| eval_w2 | Epoch 710, Reverse Model W2: 0.0784
2026-03-28 21:35:16 | DEBUG | sivi:base_runner.py:477| eval_elbo | Epoch 710, ELBO: -1.1780, Std Total: 5.0907, Std Q: nan, CI Half: 0.4462
2026-03-28 21:35:16 | DEBUG | sivi:base_runner.py:507| eval_ksd | Epoch 710, VI KSD: 1.9042
2026-03-28 21:35:16 | DEBUG | sivi:base_runner.py:337| eval_kl_ite | Epoch 720, VI KL to baseline: 0.8893
2026-03-28 21:35:16 | DEBUG | sivi:base_reverse_runner.py:261| eval_kl_ite | Epoch 720, Reverse Model KL ITE: 0.0411
2026-03-28 21:35:16 | DEBUG | sivi:base_runner.py:347| eval_w2 | Epoch 720, VI W2 to baseline: 1.4497
2026-03-28 21:35:16 | DEBUG | sivi:base_reverse_runner.py:272| eval_w2 | Epoch 720, Reverse Model W2: 0.0795
2026-03-28 21:35:16 | DEBUG | sivi:base_runner.py:477| eval_elbo | Epoch 720, ELBO: 2.7576, Std Total: 36.8941, Std Q: nan, CI Half: 3.2339
2026-03-28 21:35:16 | DEBUG | sivi:base_runner.py:507| eval_ksd | Epoch 720, VI KSD: 2.8920
2026-03-28 21:35:17 | DEBUG | sivi:base_runner.py:337| eval_kl_ite | Epoch 730, VI KL to baseline: 0.8830
2026-03-28 21:35:17 | DEBUG | sivi:base_reverse_runner.py:261| eval_kl_ite | Epoch 730, Reverse Model KL ITE: 0.0553
2026-03-28 21:35:17 | DEBUG | sivi:base_runner.py:347| eval_w2 | Epoch 730, VI W2 to baseline: 1.4120
2026-03-28 21:35:17 | DEBUG | sivi:base_reverse_runner.py:272| eval_w2 | Epoch 730, Reverse Model W2: 0.0823
2026-03-28 21:35:17 | DEBUG | sivi:base_runner.py:477| eval_elbo | Epoch 730, ELBO: -0.4699, Std Total: 9.2642, Std Q: nan, CI Half: 0.8120
2026-03-28 21:35:17 | DEBUG | sivi:base_runner.py:507| eval_ksd | Epoch 730, VI KSD: 1.8573
2026-03-28 21:35:17 | DEBUG | sivi:base_runner.py:337| eval_kl_ite | Epoch 740, VI KL to baseline: 1.9476
2026-03-28 21:35:17 | DEBUG | sivi:base_reverse_runner.py:261| eval_kl_ite | Epoch 740, Reverse Model KL ITE: 0.2478
2026-03-28 21:35:17 | DEBUG | sivi:base_runner.py:347| eval_w2 | Epoch 740, VI W2 to baseline: 2.4616
2026-03-28 21:35:17 | DEBUG | sivi:base_reverse_runner.py:272| eval_w2 | Epoch 740, Reverse Model W2: 0.2487
2026-03-28 21:35:17 | DEBUG | sivi:base_runner.py:477| eval_elbo | Epoch 740, ELBO: -53.6508, Std Total: 288.4187, Std Q: nan, CI Half: 25.2810
2026-03-28 21:35:17 | DEBUG | sivi:base_runner.py:507| eval_ksd | Epoch 740, VI KSD: 630.3150
2026-03-28 21:35:18 | DEBUG | sivi:base_runner.py:337| eval_kl_ite | Epoch 750, VI KL to baseline: 3.3333
2026-03-28 21:35:18 | DEBUG | sivi:base_reverse_runner.py:261| eval_kl_ite | Epoch 750, Reverse Model KL ITE: 0.2448
2026-03-28 21:35:18 | DEBUG | sivi:base_runner.py:347| eval_w2 | Epoch 750, VI W2 to baseline: 2.2116
2026-03-28 21:35:18 | DEBUG | sivi:base_reverse_runner.py:272| eval_w2 | Epoch 750, Reverse Model W2: 0.1643
2026-03-28 21:35:18 | DEBUG | sivi:base_runner.py:477| eval_elbo | Epoch 750, ELBO: -15.0774, Std Total: 38.9359, Std Q: nan, CI Half: 3.4129
2026-03-28 21:35:18 | DEBUG | sivi:base_runner.py:507| eval_ksd | Epoch 750, VI KSD: 87.5956
2026-03-28 21:35:18 | DEBUG | sivi:base_runner.py:337| eval_kl_ite | Epoch 760, VI KL to baseline: 2.4029
2026-03-28 21:35:18 | DEBUG | sivi:base_reverse_runner.py:261| eval_kl_ite | Epoch 760, Reverse Model KL ITE: 0.1355
2026-03-28 21:35:18 | DEBUG | sivi:base_runner.py:347| eval_w2 | Epoch 760, VI W2 to baseline: 1.4690
2026-03-28 21:35:18 | DEBUG | sivi:base_reverse_runner.py:272| eval_w2 | Epoch 760, Reverse Model W2: 0.0996
2026-03-28 21:35:18 | DEBUG | sivi:base_runner.py:477| eval_elbo | Epoch 760, ELBO: -9.7010, Std Total: 22.0614, Std Q: nan, CI Half: 1.9338
2026-03-28 21:35:18 | DEBUG | sivi:base_runner.py:507| eval_ksd | Epoch 760, VI KSD: 37.9344
2026-03-28 21:35:19 | DEBUG | sivi:base_runner.py:337| eval_kl_ite | Epoch 770, VI KL to baseline: 1.4344
2026-03-28 21:35:19 | DEBUG | sivi:base_reverse_runner.py:261| eval_kl_ite | Epoch 770, Reverse Model KL ITE: 0.1039
2026-03-28 21:35:19 | DEBUG | sivi:base_runner.py:347| eval_w2 | Epoch 770, VI W2 to baseline: 0.9441
2026-03-28 21:35:19 | DEBUG | sivi:base_reverse_runner.py:272| eval_w2 | Epoch 770, Reverse Model W2: 0.0886
2026-03-28 21:35:19 | DEBUG | sivi:base_runner.py:477| eval_elbo | Epoch 770, ELBO: -2.8258, Std Total: 16.7091, Std Q: nan, CI Half: 1.4646
2026-03-28 21:35:19 | DEBUG | sivi:base_runner.py:507| eval_ksd | Epoch 770, VI KSD: 7.8673
2026-03-28 21:35:19 | DEBUG | sivi:base_runner.py:337| eval_kl_ite | Epoch 780, VI KL to baseline: 1.1516
2026-03-28 21:35:19 | DEBUG | sivi:base_reverse_runner.py:261| eval_kl_ite | Epoch 780, Reverse Model KL ITE: 0.1112
2026-03-28 21:35:19 | DEBUG | sivi:base_runner.py:347| eval_w2 | Epoch 780, VI W2 to baseline: 0.8707
2026-03-28 21:35:19 | DEBUG | sivi:base_reverse_runner.py:272| eval_w2 | Epoch 780, Reverse Model W2: 0.1281
2026-03-28 21:35:19 | DEBUG | sivi:base_runner.py:477| eval_elbo | Epoch 780, ELBO: -1.0655, Std Total: 12.5720, Std Q: nan, CI Half: 1.1020
2026-03-28 21:35:19 | DEBUG | sivi:base_runner.py:507| eval_ksd | Epoch 780, VI KSD: 4.7413
2026-03-28 21:35:20 | DEBUG | sivi:base_runner.py:337| eval_kl_ite | Epoch 790, VI KL to baseline: 1.0213
2026-03-28 21:35:20 | DEBUG | sivi:base_reverse_runner.py:261| eval_kl_ite | Epoch 790, Reverse Model KL ITE: 0.0899
2026-03-28 21:35:20 | DEBUG | sivi:base_runner.py:347| eval_w2 | Epoch 790, VI W2 to baseline: 0.8913
2026-03-28 21:35:20 | DEBUG | sivi:base_reverse_runner.py:272| eval_w2 | Epoch 790, Reverse Model W2: 0.0758
2026-03-28 21:35:20 | DEBUG | sivi:base_runner.py:477| eval_elbo | Epoch 790, ELBO: -1.0259, Std Total: 7.3421, Std Q: nan, CI Half: 0.6436
2026-03-28 21:35:20 | DEBUG | sivi:base_runner.py:507| eval_ksd | Epoch 790, VI KSD: 4.2159
2026-03-28 21:35:20 | DEBUG | sivi:base_runner.py:874| learn | Epoch 800: Avg Loss: 3.3010, Avg Epoch Time: 0.0527s
2026-03-28 21:35:21 | DEBUG | sivi:base_runner.py:337| eval_kl_ite | Epoch 800, VI KL to baseline: 0.8077
2026-03-28 21:35:21 | DEBUG | sivi:base_reverse_runner.py:261| eval_kl_ite | Epoch 800, Reverse Model KL ITE: 0.0342
2026-03-28 21:35:21 | DEBUG | sivi:base_runner.py:347| eval_w2 | Epoch 800, VI W2 to baseline: 0.8280
2026-03-28 21:35:21 | DEBUG | sivi:base_reverse_runner.py:272| eval_w2 | Epoch 800, Reverse Model W2: 0.0632
2026-03-28 21:35:21 | DEBUG | sivi:base_runner.py:477| eval_elbo | Epoch 800, ELBO: 1.5995, Std Total: 31.5824, Std Q: nan, CI Half: 2.7683
2026-03-28 21:35:21 | DEBUG | sivi:base_runner.py:507| eval_ksd | Epoch 800, VI KSD: 2.8719
2026-03-28 21:35:21 | DEBUG | sivi:base_runner.py:337| eval_kl_ite | Epoch 810, VI KL to baseline: 0.6860
2026-03-28 21:35:21 | DEBUG | sivi:base_reverse_runner.py:261| eval_kl_ite | Epoch 810, Reverse Model KL ITE: 0.0558
2026-03-28 21:35:21 | DEBUG | sivi:base_runner.py:347| eval_w2 | Epoch 810, VI W2 to baseline: 0.8335
2026-03-28 21:35:21 | DEBUG | sivi:base_reverse_runner.py:272| eval_w2 | Epoch 810, Reverse Model W2: 0.0725
2026-03-28 21:35:21 | DEBUG | sivi:base_runner.py:477| eval_elbo | Epoch 810, ELBO: 2.1678, Std Total: 40.7707, Std Q: nan, CI Half: 3.5737
2026-03-28 21:35:21 | DEBUG | sivi:base_runner.py:507| eval_ksd | Epoch 810, VI KSD: 2.0093
2026-03-28 21:35:22 | DEBUG | sivi:base_runner.py:337| eval_kl_ite | Epoch 820, VI KL to baseline: 0.6947
2026-03-28 21:35:22 | DEBUG | sivi:base_reverse_runner.py:261| eval_kl_ite | Epoch 820, Reverse Model KL ITE: 0.0345
2026-03-28 21:35:22 | DEBUG | sivi:base_runner.py:347| eval_w2 | Epoch 820, VI W2 to baseline: 0.8943
2026-03-28 21:35:22 | DEBUG | sivi:base_reverse_runner.py:272| eval_w2 | Epoch 820, Reverse Model W2: 0.0615
2026-03-28 21:35:22 | DEBUG | sivi:base_runner.py:477| eval_elbo | Epoch 820, ELBO: -0.2212, Std Total: 12.8011, Std Q: nan, CI Half: 1.1221
2026-03-28 21:35:22 | DEBUG | sivi:base_runner.py:507| eval_ksd | Epoch 820, VI KSD: 1.9515
2026-03-28 21:35:23 | DEBUG | sivi:base_runner.py:337| eval_kl_ite | Epoch 830, VI KL to baseline: 0.6858
2026-03-28 21:35:23 | DEBUG | sivi:base_reverse_runner.py:261| eval_kl_ite | Epoch 830, Reverse Model KL ITE: 0.0211
2026-03-28 21:35:23 | DEBUG | sivi:base_runner.py:347| eval_w2 | Epoch 830, VI W2 to baseline: 0.9226
2026-03-28 21:35:23 | DEBUG | sivi:base_reverse_runner.py:272| eval_w2 | Epoch 830, Reverse Model W2: 0.0627
2026-03-28 21:35:23 | DEBUG | sivi:base_runner.py:477| eval_elbo | Epoch 830, ELBO: -0.2291, Std Total: 15.0153, Std Q: nan, CI Half: 1.3161
2026-03-28 21:35:23 | DEBUG | sivi:base_runner.py:507| eval_ksd | Epoch 830, VI KSD: 1.8749
2026-03-28 21:35:23 | DEBUG | sivi:base_runner.py:337| eval_kl_ite | Epoch 840, VI KL to baseline: 0.7114
2026-03-28 21:35:23 | DEBUG | sivi:base_reverse_runner.py:261| eval_kl_ite | Epoch 840, Reverse Model KL ITE: 0.0286
2026-03-28 21:35:23 | DEBUG | sivi:base_runner.py:347| eval_w2 | Epoch 840, VI W2 to baseline: 0.9154
2026-03-28 21:35:23 | DEBUG | sivi:base_reverse_runner.py:272| eval_w2 | Epoch 840, Reverse Model W2: 0.0587
2026-03-28 21:35:23 | DEBUG | sivi:base_runner.py:477| eval_elbo | Epoch 840, ELBO: 0.6676, Std Total: 21.6196, Std Q: nan, CI Half: 1.8950
2026-03-28 21:35:23 | DEBUG | sivi:base_runner.py:507| eval_ksd | Epoch 840, VI KSD: 1.9079
2026-03-28 21:35:24 | DEBUG | sivi:base_runner.py:337| eval_kl_ite | Epoch 850, VI KL to baseline: 0.6934
2026-03-28 21:35:24 | DEBUG | sivi:base_reverse_runner.py:261| eval_kl_ite | Epoch 850, Reverse Model KL ITE: 0.0297
2026-03-28 21:35:24 | DEBUG | sivi:base_runner.py:347| eval_w2 | Epoch 850, VI W2 to baseline: 0.9730
2026-03-28 21:35:24 | DEBUG | sivi:base_reverse_runner.py:272| eval_w2 | Epoch 850, Reverse Model W2: 0.0561
2026-03-28 21:35:24 | DEBUG | sivi:base_runner.py:477| eval_elbo | Epoch 850, ELBO: -0.7622, Std Total: 12.4475, Std Q: nan, CI Half: 1.0911
2026-03-28 21:35:24 | DEBUG | sivi:base_runner.py:507| eval_ksd | Epoch 850, VI KSD: 1.8529
2026-03-28 21:35:24 | DEBUG | sivi:base_runner.py:337| eval_kl_ite | Epoch 860, VI KL to baseline: 0.7193
2026-03-28 21:35:25 | DEBUG | sivi:base_reverse_runner.py:261| eval_kl_ite | Epoch 860, Reverse Model KL ITE: 0.0040
2026-03-28 21:35:25 | DEBUG | sivi:base_runner.py:347| eval_w2 | Epoch 860, VI W2 to baseline: 0.9087
2026-03-28 21:35:25 | DEBUG | sivi:base_reverse_runner.py:272| eval_w2 | Epoch 860, Reverse Model W2: 0.0554
2026-03-28 21:35:25 | DEBUG | sivi:base_runner.py:477| eval_elbo | Epoch 860, ELBO: -0.9040, Std Total: 4.1474, Std Q: nan, CI Half: 0.3635
2026-03-28 21:35:25 | DEBUG | sivi:base_runner.py:507| eval_ksd | Epoch 860, VI KSD: 1.6059
2026-03-28 21:35:25 | DEBUG | sivi:base_runner.py:337| eval_kl_ite | Epoch 870, VI KL to baseline: 0.7334
2026-03-28 21:35:25 | DEBUG | sivi:base_reverse_runner.py:261| eval_kl_ite | Epoch 870, Reverse Model KL ITE: 0.0067
2026-03-28 21:35:25 | DEBUG | sivi:base_runner.py:347| eval_w2 | Epoch 870, VI W2 to baseline: 1.0043
2026-03-28 21:35:25 | DEBUG | sivi:base_reverse_runner.py:272| eval_w2 | Epoch 870, Reverse Model W2: 0.0476
2026-03-28 21:35:25 | DEBUG | sivi:base_runner.py:477| eval_elbo | Epoch 870, ELBO: -0.3684, Std Total: 8.8283, Std Q: nan, CI Half: 0.7738
2026-03-28 21:35:25 | DEBUG | sivi:base_runner.py:507| eval_ksd | Epoch 870, VI KSD: 1.9098
2026-03-28 21:35:26 | DEBUG | sivi:base_runner.py:337| eval_kl_ite | Epoch 880, VI KL to baseline: 0.7095
2026-03-28 21:35:26 | DEBUG | sivi:base_reverse_runner.py:261| eval_kl_ite | Epoch 880, Reverse Model KL ITE: 0.0528
2026-03-28 21:35:26 | DEBUG | sivi:base_runner.py:347| eval_w2 | Epoch 880, VI W2 to baseline: 0.9578
2026-03-28 21:35:26 | DEBUG | sivi:base_reverse_runner.py:272| eval_w2 | Epoch 880, Reverse Model W2: 0.0562
2026-03-28 21:35:26 | DEBUG | sivi:base_runner.py:477| eval_elbo | Epoch 880, ELBO: -0.4359, Std Total: 8.7283, Std Q: nan, CI Half: 0.7651
2026-03-28 21:35:26 | DEBUG | sivi:base_runner.py:507| eval_ksd | Epoch 880, VI KSD: 1.5981
2026-03-28 21:35:26 | DEBUG | sivi:base_runner.py:337| eval_kl_ite | Epoch 890, VI KL to baseline: 0.6996
2026-03-28 21:35:26 | DEBUG | sivi:base_reverse_runner.py:261| eval_kl_ite | Epoch 890, Reverse Model KL ITE: 0.0209
2026-03-28 21:35:27 | DEBUG | sivi:base_runner.py:347| eval_w2 | Epoch 890, VI W2 to baseline: 0.9428
2026-03-28 21:35:27 | DEBUG | sivi:base_reverse_runner.py:272| eval_w2 | Epoch 890, Reverse Model W2: 0.0668
2026-03-28 21:35:27 | DEBUG | sivi:base_runner.py:477| eval_elbo | Epoch 890, ELBO: -0.4136, Std Total: 8.8495, Std Q: nan, CI Half: 0.7757
2026-03-28 21:35:27 | DEBUG | sivi:base_runner.py:507| eval_ksd | Epoch 890, VI KSD: 1.7195
2026-03-28 21:35:27 | DEBUG | sivi:base_runner.py:874| learn | Epoch 900: Avg Loss: -0.1905, Avg Epoch Time: 0.0650s
2026-03-28 21:35:27 | DEBUG | sivi:base_runner.py:337| eval_kl_ite | Epoch 900, VI KL to baseline: 0.6741
2026-03-28 21:35:27 | DEBUG | sivi:base_reverse_runner.py:261| eval_kl_ite | Epoch 900, Reverse Model KL ITE: 0.0304
2026-03-28 21:35:27 | DEBUG | sivi:base_runner.py:347| eval_w2 | Epoch 900, VI W2 to baseline: 0.9482
2026-03-28 21:35:27 | DEBUG | sivi:base_reverse_runner.py:272| eval_w2 | Epoch 900, Reverse Model W2: 0.0716
2026-03-28 21:35:27 | DEBUG | sivi:base_runner.py:477| eval_elbo | Epoch 900, ELBO: -0.1828, Std Total: 9.3303, Std Q: nan, CI Half: 0.8178
2026-03-28 21:35:27 | DEBUG | sivi:base_runner.py:507| eval_ksd | Epoch 900, VI KSD: 1.3051
2026-03-28 21:35:28 | DEBUG | sivi:base_runner.py:337| eval_kl_ite | Epoch 910, VI KL to baseline: 0.6672
2026-03-28 21:35:28 | DEBUG | sivi:base_reverse_runner.py:261| eval_kl_ite | Epoch 910, Reverse Model KL ITE: 0.0175
2026-03-28 21:35:28 | DEBUG | sivi:base_runner.py:347| eval_w2 | Epoch 910, VI W2 to baseline: 0.9433
2026-03-28 21:35:28 | DEBUG | sivi:base_reverse_runner.py:272| eval_w2 | Epoch 910, Reverse Model W2: 0.0538
2026-03-28 21:35:28 | DEBUG | sivi:base_runner.py:477| eval_elbo | Epoch 910, ELBO: 0.5745, Std Total: 25.6269, Std Q: nan, CI Half: 2.2463
2026-03-28 21:35:28 | DEBUG | sivi:base_runner.py:507| eval_ksd | Epoch 910, VI KSD: 1.5673
2026-03-28 21:35:28 | DEBUG | sivi:base_runner.py:337| eval_kl_ite | Epoch 920, VI KL to baseline: 0.6773
2026-03-28 21:35:28 | DEBUG | sivi:base_reverse_runner.py:261| eval_kl_ite | Epoch 920, Reverse Model KL ITE: 0.0097
2026-03-28 21:35:28 | DEBUG | sivi:base_runner.py:347| eval_w2 | Epoch 920, VI W2 to baseline: 0.9757
2026-03-28 21:35:28 | DEBUG | sivi:base_reverse_runner.py:272| eval_w2 | Epoch 920, Reverse Model W2: 0.0498
2026-03-28 21:35:28 | DEBUG | sivi:base_runner.py:477| eval_elbo | Epoch 920, ELBO: 1.0124, Std Total: 26.4927, Std Q: nan, CI Half: 2.3222
2026-03-28 21:35:28 | DEBUG | sivi:base_runner.py:507| eval_ksd | Epoch 920, VI KSD: 1.2589
2026-03-28 21:35:29 | DEBUG | sivi:base_runner.py:337| eval_kl_ite | Epoch 930, VI KL to baseline: 0.6759
2026-03-28 21:35:29 | DEBUG | sivi:base_reverse_runner.py:261| eval_kl_ite | Epoch 930, Reverse Model KL ITE: -0.0013
2026-03-28 21:35:29 | DEBUG | sivi:base_runner.py:347| eval_w2 | Epoch 930, VI W2 to baseline: 1.0263
2026-03-28 21:35:29 | DEBUG | sivi:base_reverse_runner.py:272| eval_w2 | Epoch 930, Reverse Model W2: 0.0556
2026-03-28 21:35:29 | DEBUG | sivi:base_runner.py:477| eval_elbo | Epoch 930, ELBO: -0.5674, Std Total: 7.4010, Std Q: nan, CI Half: 0.6487
2026-03-28 21:35:29 | DEBUG | sivi:base_runner.py:507| eval_ksd | Epoch 930, VI KSD: 1.6236
2026-03-28 21:35:30 | DEBUG | sivi:base_runner.py:337| eval_kl_ite | Epoch 940, VI KL to baseline: 0.6742
2026-03-28 21:35:30 | DEBUG | sivi:base_reverse_runner.py:261| eval_kl_ite | Epoch 940, Reverse Model KL ITE: 0.0297
2026-03-28 21:35:30 | DEBUG | sivi:base_runner.py:347| eval_w2 | Epoch 940, VI W2 to baseline: 1.0266
2026-03-28 21:35:30 | DEBUG | sivi:base_reverse_runner.py:272| eval_w2 | Epoch 940, Reverse Model W2: 0.0540
2026-03-28 21:35:30 | DEBUG | sivi:base_runner.py:477| eval_elbo | Epoch 940, ELBO: -0.3299, Std Total: 8.1806, Std Q: nan, CI Half: 0.7171
2026-03-28 21:35:30 | DEBUG | sivi:base_runner.py:507| eval_ksd | Epoch 940, VI KSD: 1.4063
2026-03-28 21:35:30 | DEBUG | sivi:base_runner.py:337| eval_kl_ite | Epoch 950, VI KL to baseline: 0.6336
2026-03-28 21:35:30 | DEBUG | sivi:base_reverse_runner.py:261| eval_kl_ite | Epoch 950, Reverse Model KL ITE: 0.0379
2026-03-28 21:35:30 | DEBUG | sivi:base_runner.py:347| eval_w2 | Epoch 950, VI W2 to baseline: 0.9339
2026-03-28 21:35:30 | DEBUG | sivi:base_reverse_runner.py:272| eval_w2 | Epoch 950, Reverse Model W2: 0.0688
2026-03-28 21:35:30 | DEBUG | sivi:base_runner.py:477| eval_elbo | Epoch 950, ELBO: 0.8478, Std Total: 13.8554, Std Q: nan, CI Half: 1.2145
2026-03-28 21:35:30 | DEBUG | sivi:base_runner.py:507| eval_ksd | Epoch 950, VI KSD: 1.2729
2026-03-28 21:35:31 | DEBUG | sivi:base_runner.py:337| eval_kl_ite | Epoch 960, VI KL to baseline: 0.6561
2026-03-28 21:35:31 | DEBUG | sivi:base_reverse_runner.py:261| eval_kl_ite | Epoch 960, Reverse Model KL ITE: 0.0075
2026-03-28 21:35:31 | DEBUG | sivi:base_runner.py:347| eval_w2 | Epoch 960, VI W2 to baseline: 1.0460
2026-03-28 21:35:31 | DEBUG | sivi:base_reverse_runner.py:272| eval_w2 | Epoch 960, Reverse Model W2: 0.0594
2026-03-28 21:35:31 | DEBUG | sivi:base_runner.py:477| eval_elbo | Epoch 960, ELBO: 0.0068, Std Total: 20.1076, Std Q: nan, CI Half: 1.7625
2026-03-28 21:35:31 | DEBUG | sivi:base_runner.py:507| eval_ksd | Epoch 960, VI KSD: 1.1879
2026-03-28 21:35:32 | DEBUG | sivi:base_runner.py:337| eval_kl_ite | Epoch 970, VI KL to baseline: 0.6496
2026-03-28 21:35:32 | DEBUG | sivi:base_reverse_runner.py:261| eval_kl_ite | Epoch 970, Reverse Model KL ITE: 0.0123
2026-03-28 21:35:32 | DEBUG | sivi:base_runner.py:347| eval_w2 | Epoch 970, VI W2 to baseline: 1.0451
2026-03-28 21:35:32 | DEBUG | sivi:base_reverse_runner.py:272| eval_w2 | Epoch 970, Reverse Model W2: 0.0732
2026-03-28 21:35:32 | DEBUG | sivi:base_runner.py:477| eval_elbo | Epoch 970, ELBO: -0.5136, Std Total: 10.1360, Std Q: nan, CI Half: 0.8885
2026-03-28 21:35:32 | DEBUG | sivi:base_runner.py:507| eval_ksd | Epoch 970, VI KSD: 1.0288
2026-03-28 21:35:32 | DEBUG | sivi:base_runner.py:337| eval_kl_ite | Epoch 980, VI KL to baseline: 0.6206
2026-03-28 21:35:32 | DEBUG | sivi:base_reverse_runner.py:261| eval_kl_ite | Epoch 980, Reverse Model KL ITE: 0.0159
2026-03-28 21:35:32 | DEBUG | sivi:base_runner.py:347| eval_w2 | Epoch 980, VI W2 to baseline: 1.0474
2026-03-28 21:35:32 | DEBUG | sivi:base_reverse_runner.py:272| eval_w2 | Epoch 980, Reverse Model W2: 0.0515
2026-03-28 21:35:32 | DEBUG | sivi:base_runner.py:477| eval_elbo | Epoch 980, ELBO: -0.1522, Std Total: 9.9234, Std Q: nan, CI Half: 0.8698
2026-03-28 21:35:32 | DEBUG | sivi:base_runner.py:507| eval_ksd | Epoch 980, VI KSD: 1.1091
2026-03-28 21:35:33 | DEBUG | sivi:base_runner.py:337| eval_kl_ite | Epoch 990, VI KL to baseline: 0.6307
2026-03-28 21:35:33 | DEBUG | sivi:base_reverse_runner.py:261| eval_kl_ite | Epoch 990, Reverse Model KL ITE: 0.0200
2026-03-28 21:35:33 | DEBUG | sivi:base_runner.py:347| eval_w2 | Epoch 990, VI W2 to baseline: 1.0501
2026-03-28 21:35:33 | DEBUG | sivi:base_reverse_runner.py:272| eval_w2 | Epoch 990, Reverse Model W2: 0.0786
2026-03-28 21:35:33 | DEBUG | sivi:base_runner.py:477| eval_elbo | Epoch 990, ELBO: 0.2408, Std Total: 21.8254, Std Q: nan, CI Half: 1.9131
2026-03-28 21:35:33 | DEBUG | sivi:base_runner.py:507| eval_ksd | Epoch 990, VI KSD: 1.1443
2026-03-28 21:35:34 | DEBUG | sivi:base_runner.py:874| learn | Epoch 1000: Avg Loss: -0.2155, Avg Epoch Time: 0.0669s
2026-03-28 21:35:34 | DEBUG | sivi:base_reverse_runner.py:183| _training_rev_log_func | Epoch 1000, Inner epoch 1, Reverse Model Loss: 3.4743, Avg Steps: 1.0000
2026-03-28 21:35:34 | DEBUG | sivi:base_runner.py:588| save_samples | Saved 100000 samples at epoch 1000.
2026-03-28 21:35:34 | DEBUG | sivi:base_runner.py:607| save_checkpoint | Saved VIModel checkpoints at epoch 1000 to results/AISIVI/banana/20260328_213406/checkpoints/epoch_1000.
2026-03-28 21:35:34 | DEBUG | sivi:base_reverse_runner.py:476| save_checkpoint | Saved reverse checkpoints at epoch 1000 to results/AISIVI/banana/20260328_213406/checkpoints/epoch_1000.
2026-03-28 21:35:34 | DEBUG | sivi:base_runner.py:337| eval_kl_ite | Epoch 1000, VI KL to baseline: 0.6347
2026-03-28 21:35:34 | DEBUG | sivi:base_reverse_runner.py:261| eval_kl_ite | Epoch 1000, Reverse Model KL ITE: 0.0094
2026-03-28 21:35:34 | DEBUG | sivi:base_runner.py:347| eval_w2 | Epoch 1000, VI W2 to baseline: 1.1346
2026-03-28 21:35:34 | DEBUG | sivi:base_reverse_runner.py:272| eval_w2 | Epoch 1000, Reverse Model W2: 0.0569
2026-03-28 21:35:34 | DEBUG | sivi:base_runner.py:477| eval_elbo | Epoch 1000, ELBO: -0.0489, Std Total: 11.2348, Std Q: nan, CI Half: 0.9848
2026-03-28 21:35:34 | DEBUG | sivi:base_runner.py:507| eval_ksd | Epoch 1000, VI KSD: 1.0028
2026-03-28 21:35:34 | DEBUG | sivi:base_runner.py:970| learn | Saved contour plot at epoch 1000.
2026-03-28 21:35:34 | DEBUG | sivi:base_runner.py:337| eval_kl_ite | Epoch 1010, VI KL to baseline: 0.6205
2026-03-28 21:35:35 | DEBUG | sivi:base_reverse_runner.py:261| eval_kl_ite | Epoch 1010, Reverse Model KL ITE: 0.0531
2026-03-28 21:35:35 | DEBUG | sivi:base_runner.py:347| eval_w2 | Epoch 1010, VI W2 to baseline: 1.0364
2026-03-28 21:35:35 | DEBUG | sivi:base_reverse_runner.py:272| eval_w2 | Epoch 1010, Reverse Model W2: 0.1006
2026-03-28 21:35:35 | DEBUG | sivi:base_runner.py:477| eval_elbo | Epoch 1010, ELBO: -0.2079, Std Total: 8.2323, Std Q: nan, CI Half: 0.7216
2026-03-28 21:35:35 | DEBUG | sivi:base_runner.py:507| eval_ksd | Epoch 1010, VI KSD: 1.1849
2026-03-28 21:35:35 | DEBUG | sivi:base_runner.py:337| eval_kl_ite | Epoch 1020, VI KL to baseline: 0.6541
2026-03-28 21:35:35 | DEBUG | sivi:base_reverse_runner.py:261| eval_kl_ite | Epoch 1020, Reverse Model KL ITE: 0.0137
2026-03-28 21:35:35 | DEBUG | sivi:base_runner.py:347| eval_w2 | Epoch 1020, VI W2 to baseline: 1.1366
2026-03-28 21:35:35 | DEBUG | sivi:base_reverse_runner.py:272| eval_w2 | Epoch 1020, Reverse Model W2: 0.0653
2026-03-28 21:35:35 | DEBUG | sivi:base_runner.py:477| eval_elbo | Epoch 1020, ELBO: 0.0479, Std Total: 10.6731, Std Q: nan, CI Half: 0.9355
2026-03-28 21:35:35 | DEBUG | sivi:base_runner.py:507| eval_ksd | Epoch 1020, VI KSD: 1.1337
2026-03-28 21:35:36 | DEBUG | sivi:base_runner.py:337| eval_kl_ite | Epoch 1030, VI KL to baseline: 0.6118
2026-03-28 21:35:36 | DEBUG | sivi:base_reverse_runner.py:261| eval_kl_ite | Epoch 1030, Reverse Model KL ITE: -0.0102
2026-03-28 21:35:36 | DEBUG | sivi:base_runner.py:347| eval_w2 | Epoch 1030, VI W2 to baseline: 1.0626
2026-03-28 21:35:36 | DEBUG | sivi:base_reverse_runner.py:272| eval_w2 | Epoch 1030, Reverse Model W2: 0.0580
2026-03-28 21:35:36 | DEBUG | sivi:base_runner.py:477| eval_elbo | Epoch 1030, ELBO: 0.6632, Std Total: 19.4964, Std Q: nan, CI Half: 1.7089
2026-03-28 21:35:36 | DEBUG | sivi:base_runner.py:507| eval_ksd | Epoch 1030, VI KSD: 1.0023
2026-03-28 21:35:37 | DEBUG | sivi:base_runner.py:337| eval_kl_ite | Epoch 1040, VI KL to baseline: 0.8974
2026-03-28 21:35:37 | DEBUG | sivi:base_reverse_runner.py:261| eval_kl_ite | Epoch 1040, Reverse Model KL ITE: 0.0783
2026-03-28 21:35:37 | DEBUG | sivi:base_runner.py:347| eval_w2 | Epoch 1040, VI W2 to baseline: 1.0034
2026-03-28 21:35:37 | DEBUG | sivi:base_reverse_runner.py:272| eval_w2 | Epoch 1040, Reverse Model W2: 0.1363
2026-03-28 21:35:37 | DEBUG | sivi:base_runner.py:477| eval_elbo | Epoch 1040, ELBO: -0.4158, Std Total: 26.9536, Std Q: nan, CI Half: 2.3626
2026-03-28 21:35:37 | DEBUG | sivi:base_runner.py:507| eval_ksd | Epoch 1040, VI KSD: 4.8669
2026-03-28 21:35:37 | DEBUG | sivi:base_runner.py:337| eval_kl_ite | Epoch 1050, VI KL to baseline: 0.7778
2026-03-28 21:35:37 | DEBUG | sivi:base_reverse_runner.py:261| eval_kl_ite | Epoch 1050, Reverse Model KL ITE: 0.0279
2026-03-28 21:35:37 | DEBUG | sivi:base_runner.py:347| eval_w2 | Epoch 1050, VI W2 to baseline: 1.0197
2026-03-28 21:35:37 | DEBUG | sivi:base_reverse_runner.py:272| eval_w2 | Epoch 1050, Reverse Model W2: 0.0787
2026-03-28 21:35:37 | DEBUG | sivi:base_runner.py:477| eval_elbo | Epoch 1050, ELBO: -0.3137, Std Total: 8.3354, Std Q: nan, CI Half: 0.7306
2026-03-28 21:35:37 | DEBUG | sivi:base_runner.py:507| eval_ksd | Epoch 1050, VI KSD: 2.7208
2026-03-28 21:35:38 | DEBUG | sivi:base_runner.py:337| eval_kl_ite | Epoch 1060, VI KL to baseline: 0.5078
2026-03-28 21:35:38 | DEBUG | sivi:base_reverse_runner.py:261| eval_kl_ite | Epoch 1060, Reverse Model KL ITE: 0.0298
2026-03-28 21:35:38 | DEBUG | sivi:base_runner.py:347| eval_w2 | Epoch 1060, VI W2 to baseline: 1.0803
2026-03-28 21:35:38 | DEBUG | sivi:base_reverse_runner.py:272| eval_w2 | Epoch 1060, Reverse Model W2: 0.0588
2026-03-28 21:35:38 | DEBUG | sivi:base_runner.py:477| eval_elbo | Epoch 1060, ELBO: 0.0247, Std Total: 8.9337, Std Q: nan, CI Half: 0.7831
2026-03-28 21:35:38 | DEBUG | sivi:base_runner.py:507| eval_ksd | Epoch 1060, VI KSD: 0.9877
2026-03-28 21:35:39 | DEBUG | sivi:base_runner.py:337| eval_kl_ite | Epoch 1070, VI KL to baseline: 0.5653
2026-03-28 21:35:39 | DEBUG | sivi:base_reverse_runner.py:261| eval_kl_ite | Epoch 1070, Reverse Model KL ITE: 0.0212
2026-03-28 21:35:39 | DEBUG | sivi:base_runner.py:347| eval_w2 | Epoch 1070, VI W2 to baseline: 1.0190
2026-03-28 21:35:39 | DEBUG | sivi:base_reverse_runner.py:272| eval_w2 | Epoch 1070, Reverse Model W2: 0.0641
2026-03-28 21:35:39 | DEBUG | sivi:base_runner.py:477| eval_elbo | Epoch 1070, ELBO: 0.4557, Std Total: 13.1086, Std Q: nan, CI Half: 1.1490
2026-03-28 21:35:39 | DEBUG | sivi:base_runner.py:507| eval_ksd | Epoch 1070, VI KSD: 1.0646
2026-03-28 21:35:39 | DEBUG | sivi:base_runner.py:337| eval_kl_ite | Epoch 1080, VI KL to baseline: 0.5478
2026-03-28 21:35:39 | DEBUG | sivi:base_reverse_runner.py:261| eval_kl_ite | Epoch 1080, Reverse Model KL ITE: 0.1148
2026-03-28 21:35:39 | DEBUG | sivi:base_runner.py:347| eval_w2 | Epoch 1080, VI W2 to baseline: 1.0682
2026-03-28 21:35:39 | DEBUG | sivi:base_reverse_runner.py:272| eval_w2 | Epoch 1080, Reverse Model W2: 0.1433
2026-03-28 21:35:39 | DEBUG | sivi:base_runner.py:477| eval_elbo | Epoch 1080, ELBO: 1.8017, Std Total: 26.8320, Std Q: nan, CI Half: 2.3519
2026-03-28 21:35:39 | DEBUG | sivi:base_runner.py:507| eval_ksd | Epoch 1080, VI KSD: 0.8958
2026-03-28 21:35:40 | DEBUG | sivi:base_runner.py:337| eval_kl_ite | Epoch 1090, VI KL to baseline: 0.5605
2026-03-28 21:35:40 | DEBUG | sivi:base_reverse_runner.py:261| eval_kl_ite | Epoch 1090, Reverse Model KL ITE: 0.0596
2026-03-28 21:35:40 | DEBUG | sivi:base_runner.py:347| eval_w2 | Epoch 1090, VI W2 to baseline: 1.0948
2026-03-28 21:35:40 | DEBUG | sivi:base_reverse_runner.py:272| eval_w2 | Epoch 1090, Reverse Model W2: 0.0757
2026-03-28 21:35:40 | DEBUG | sivi:base_runner.py:477| eval_elbo | Epoch 1090, ELBO: 0.5783, Std Total: 23.7003, Std Q: nan, CI Half: 2.0774
2026-03-28 21:35:40 | DEBUG | sivi:base_runner.py:507| eval_ksd | Epoch 1090, VI KSD: 0.8343
2026-03-28 21:35:40 | DEBUG | sivi:base_runner.py:874| learn | Epoch 1100: Avg Loss: 0.5039, Avg Epoch Time: 0.0661s
2026-03-28 21:35:40 | DEBUG | sivi:base_runner.py:337| eval_kl_ite | Epoch 1100, VI KL to baseline: 0.5939
2026-03-28 21:35:40 | DEBUG | sivi:base_reverse_runner.py:261| eval_kl_ite | Epoch 1100, Reverse Model KL ITE: 0.0179
2026-03-28 21:35:40 | DEBUG | sivi:base_runner.py:347| eval_w2 | Epoch 1100, VI W2 to baseline: 1.0787
2026-03-28 21:35:40 | DEBUG | sivi:base_reverse_runner.py:272| eval_w2 | Epoch 1100, Reverse Model W2: 0.0682
2026-03-28 21:35:40 | DEBUG | sivi:base_runner.py:477| eval_elbo | Epoch 1100, ELBO: -0.3244, Std Total: 6.4402, Std Q: nan, CI Half: 0.5645
2026-03-28 21:35:40 | DEBUG | sivi:base_runner.py:507| eval_ksd | Epoch 1100, VI KSD: 0.9673
2026-03-28 21:35:41 | DEBUG | sivi:base_runner.py:337| eval_kl_ite | Epoch 1110, VI KL to baseline: 0.5820
2026-03-28 21:35:41 | DEBUG | sivi:base_reverse_runner.py:261| eval_kl_ite | Epoch 1110, Reverse Model KL ITE: 0.0299
2026-03-28 21:35:41 | DEBUG | sivi:base_runner.py:347| eval_w2 | Epoch 1110, VI W2 to baseline: 1.0968
2026-03-28 21:35:41 | DEBUG | sivi:base_reverse_runner.py:272| eval_w2 | Epoch 1110, Reverse Model W2: 0.0586
2026-03-28 21:35:41 | DEBUG | sivi:base_runner.py:477| eval_elbo | Epoch 1110, ELBO: 0.4201, Std Total: 18.9902, Std Q: nan, CI Half: 1.6646
2026-03-28 21:35:41 | DEBUG | sivi:base_runner.py:507| eval_ksd | Epoch 1110, VI KSD: 0.9481
2026-03-28 21:35:41 | DEBUG | sivi:base_runner.py:337| eval_kl_ite | Epoch 1120, VI KL to baseline: 0.5618
2026-03-28 21:35:42 | DEBUG | sivi:base_reverse_runner.py:261| eval_kl_ite | Epoch 1120, Reverse Model KL ITE: 0.0224
2026-03-28 21:35:42 | DEBUG | sivi:base_runner.py:347| eval_w2 | Epoch 1120, VI W2 to baseline: 1.0622
2026-03-28 21:35:42 | DEBUG | sivi:base_reverse_runner.py:272| eval_w2 | Epoch 1120, Reverse Model W2: 0.0768
2026-03-28 21:35:42 | DEBUG | sivi:base_runner.py:477| eval_elbo | Epoch 1120, ELBO: -0.2043, Std Total: 7.4780, Std Q: nan, CI Half: 0.6555
2026-03-28 21:35:42 | DEBUG | sivi:base_runner.py:507| eval_ksd | Epoch 1120, VI KSD: 0.9356
2026-03-28 21:35:42 | DEBUG | sivi:base_runner.py:337| eval_kl_ite | Epoch 1130, VI KL to baseline: 0.5413
2026-03-28 21:35:42 | DEBUG | sivi:base_reverse_runner.py:261| eval_kl_ite | Epoch 1130, Reverse Model KL ITE: 0.0310
2026-03-28 21:35:42 | DEBUG | sivi:base_runner.py:347| eval_w2 | Epoch 1130, VI W2 to baseline: 1.0444
2026-03-28 21:35:42 | DEBUG | sivi:base_reverse_runner.py:272| eval_w2 | Epoch 1130, Reverse Model W2: 0.0589
2026-03-28 21:35:42 | DEBUG | sivi:base_runner.py:477| eval_elbo | Epoch 1130, ELBO: -0.1057, Std Total: 9.9981, Std Q: nan, CI Half: 0.8764
2026-03-28 21:35:42 | DEBUG | sivi:base_runner.py:507| eval_ksd | Epoch 1130, VI KSD: 0.7017
2026-03-28 21:35:43 | DEBUG | sivi:base_runner.py:337| eval_kl_ite | Epoch 1140, VI KL to baseline: 0.5504
2026-03-28 21:35:43 | DEBUG | sivi:base_reverse_runner.py:261| eval_kl_ite | Epoch 1140, Reverse Model KL ITE: 0.0278
2026-03-28 21:35:43 | DEBUG | sivi:base_runner.py:347| eval_w2 | Epoch 1140, VI W2 to baseline: 1.0690
2026-03-28 21:35:43 | DEBUG | sivi:base_reverse_runner.py:272| eval_w2 | Epoch 1140, Reverse Model W2: 0.0593
2026-03-28 21:35:43 | DEBUG | sivi:base_runner.py:477| eval_elbo | Epoch 1140, ELBO: 1.3176, Std Total: 30.9994, Std Q: nan, CI Half: 2.7172
2026-03-28 21:35:43 | DEBUG | sivi:base_runner.py:507| eval_ksd | Epoch 1140, VI KSD: 1.0757
2026-03-28 21:35:43 | DEBUG | sivi:base_runner.py:337| eval_kl_ite | Epoch 1150, VI KL to baseline: 0.5507
2026-03-28 21:35:43 | DEBUG | sivi:base_reverse_runner.py:261| eval_kl_ite | Epoch 1150, Reverse Model KL ITE: 0.0115
2026-03-28 21:35:43 | DEBUG | sivi:base_runner.py:347| eval_w2 | Epoch 1150, VI W2 to baseline: 1.1421
2026-03-28 21:35:43 | DEBUG | sivi:base_reverse_runner.py:272| eval_w2 | Epoch 1150, Reverse Model W2: 0.0495
2026-03-28 21:35:43 | DEBUG | sivi:base_runner.py:477| eval_elbo | Epoch 1150, ELBO: 1.1315, Std Total: 27.7960, Std Q: nan, CI Half: 2.4364
2026-03-28 21:35:43 | DEBUG | sivi:base_runner.py:507| eval_ksd | Epoch 1150, VI KSD: 1.0189
2026-03-28 21:35:44 | DEBUG | sivi:base_runner.py:337| eval_kl_ite | Epoch 1160, VI KL to baseline: 0.5627
2026-03-28 21:35:44 | DEBUG | sivi:base_reverse_runner.py:261| eval_kl_ite | Epoch 1160, Reverse Model KL ITE: 0.0331
2026-03-28 21:35:44 | DEBUG | sivi:base_runner.py:347| eval_w2 | Epoch 1160, VI W2 to baseline: 1.1579
2026-03-28 21:35:44 | DEBUG | sivi:base_reverse_runner.py:272| eval_w2 | Epoch 1160, Reverse Model W2: 0.0551
2026-03-28 21:35:44 | DEBUG | sivi:base_runner.py:477| eval_elbo | Epoch 1160, ELBO: 0.2257, Std Total: 7.8534, Std Q: nan, CI Half: 0.6884
2026-03-28 21:35:44 | DEBUG | sivi:base_runner.py:507| eval_ksd | Epoch 1160, VI KSD: 1.0215
2026-03-28 21:35:44 | DEBUG | sivi:base_runner.py:337| eval_kl_ite | Epoch 1170, VI KL to baseline: 0.5464
2026-03-28 21:35:44 | DEBUG | sivi:base_reverse_runner.py:261| eval_kl_ite | Epoch 1170, Reverse Model KL ITE: 0.0173
2026-03-28 21:35:44 | DEBUG | sivi:base_runner.py:347| eval_w2 | Epoch 1170, VI W2 to baseline: 1.1143
2026-03-28 21:35:44 | DEBUG | sivi:base_reverse_runner.py:272| eval_w2 | Epoch 1170, Reverse Model W2: 0.0536
2026-03-28 21:35:44 | DEBUG | sivi:base_runner.py:477| eval_elbo | Epoch 1170, ELBO: 1.6604, Std Total: 18.2698, Std Q: nan, CI Half: 1.6014
2026-03-28 21:35:44 | DEBUG | sivi:base_runner.py:507| eval_ksd | Epoch 1170, VI KSD: 0.8605
2026-03-28 21:35:45 | DEBUG | sivi:base_runner.py:337| eval_kl_ite | Epoch 1180, VI KL to baseline: 0.5228
2026-03-28 21:35:45 | DEBUG | sivi:base_reverse_runner.py:261| eval_kl_ite | Epoch 1180, Reverse Model KL ITE: 0.0132
2026-03-28 21:35:45 | DEBUG | sivi:base_runner.py:347| eval_w2 | Epoch 1180, VI W2 to baseline: 1.0832
2026-03-28 21:35:45 | DEBUG | sivi:base_reverse_runner.py:272| eval_w2 | Epoch 1180, Reverse Model W2: 0.0667
2026-03-28 21:35:45 | DEBUG | sivi:base_runner.py:477| eval_elbo | Epoch 1180, ELBO: -0.5445, Std Total: 3.0399, Std Q: nan, CI Half: 0.2665
2026-03-28 21:35:45 | DEBUG | sivi:base_runner.py:507| eval_ksd | Epoch 1180, VI KSD: 0.9050
2026-03-28 21:35:45 | DEBUG | sivi:base_runner.py:337| eval_kl_ite | Epoch 1190, VI KL to baseline: 0.6460
2026-03-28 21:35:45 | DEBUG | sivi:base_reverse_runner.py:261| eval_kl_ite | Epoch 1190, Reverse Model KL ITE: -0.0272
2026-03-28 21:35:45 | DEBUG | sivi:base_runner.py:347| eval_w2 | Epoch 1190, VI W2 to baseline: 1.1291
2026-03-28 21:35:45 | DEBUG | sivi:base_reverse_runner.py:272| eval_w2 | Epoch 1190, Reverse Model W2: 0.0687
2026-03-28 21:35:45 | DEBUG | sivi:base_runner.py:477| eval_elbo | Epoch 1190, ELBO: 0.5243, Std Total: 24.8700, Std Q: nan, CI Half: 2.1800
2026-03-28 21:35:45 | DEBUG | sivi:base_runner.py:507| eval_ksd | Epoch 1190, VI KSD: 2.6380
2026-03-28 21:35:46 | DEBUG | sivi:base_runner.py:874| learn | Epoch 1200: Avg Loss: 0.2675, Avg Epoch Time: 0.0566s
2026-03-28 21:35:46 | DEBUG | sivi:base_runner.py:337| eval_kl_ite | Epoch 1200, VI KL to baseline: 0.5254
2026-03-28 21:35:46 | DEBUG | sivi:base_reverse_runner.py:261| eval_kl_ite | Epoch 1200, Reverse Model KL ITE: 0.0551
2026-03-28 21:35:46 | DEBUG | sivi:base_runner.py:347| eval_w2 | Epoch 1200, VI W2 to baseline: 0.9591
2026-03-28 21:35:46 | DEBUG | sivi:base_reverse_runner.py:272| eval_w2 | Epoch 1200, Reverse Model W2: 0.0719
2026-03-28 21:35:46 | DEBUG | sivi:base_runner.py:477| eval_elbo | Epoch 1200, ELBO: -0.7800, Std Total: 4.4057, Std Q: nan, CI Half: 0.3862
2026-03-28 21:35:46 | DEBUG | sivi:base_runner.py:507| eval_ksd | Epoch 1200, VI KSD: 1.1747
2026-03-28 21:35:47 | DEBUG | sivi:base_runner.py:337| eval_kl_ite | Epoch 1210, VI KL to baseline: 0.5620
2026-03-28 21:35:47 | DEBUG | sivi:base_reverse_runner.py:261| eval_kl_ite | Epoch 1210, Reverse Model KL ITE: 0.0259
2026-03-28 21:35:47 | DEBUG | sivi:base_runner.py:347| eval_w2 | Epoch 1210, VI W2 to baseline: 0.9484
2026-03-28 21:35:47 | DEBUG | sivi:base_reverse_runner.py:272| eval_w2 | Epoch 1210, Reverse Model W2: 0.0760
2026-03-28 21:35:47 | DEBUG | sivi:base_runner.py:477| eval_elbo | Epoch 1210, ELBO: 1.0821, Std Total: 22.6823, Std Q: nan, CI Half: 1.9882
2026-03-28 21:35:47 | DEBUG | sivi:base_runner.py:507| eval_ksd | Epoch 1210, VI KSD: 1.8297
2026-03-28 21:35:47 | DEBUG | sivi:base_runner.py:337| eval_kl_ite | Epoch 1220, VI KL to baseline: 0.5013
2026-03-28 21:35:47 | DEBUG | sivi:base_reverse_runner.py:261| eval_kl_ite | Epoch 1220, Reverse Model KL ITE: 0.0009
2026-03-28 21:35:47 | DEBUG | sivi:base_runner.py:347| eval_w2 | Epoch 1220, VI W2 to baseline: 0.9702
2026-03-28 21:35:47 | DEBUG | sivi:base_reverse_runner.py:272| eval_w2 | Epoch 1220, Reverse Model W2: 0.0554
2026-03-28 21:35:47 | DEBUG | sivi:base_runner.py:477| eval_elbo | Epoch 1220, ELBO: 0.7493, Std Total: 21.9681, Std Q: nan, CI Half: 1.9256
2026-03-28 21:35:47 | DEBUG | sivi:base_runner.py:507| eval_ksd | Epoch 1220, VI KSD: 0.7596
2026-03-28 21:35:48 | DEBUG | sivi:base_runner.py:337| eval_kl_ite | Epoch 1230, VI KL to baseline: 0.5733
2026-03-28 21:35:48 | DEBUG | sivi:base_reverse_runner.py:261| eval_kl_ite | Epoch 1230, Reverse Model KL ITE: 0.0159
2026-03-28 21:35:48 | DEBUG | sivi:base_runner.py:347| eval_w2 | Epoch 1230, VI W2 to baseline: 0.9698
2026-03-28 21:35:48 | DEBUG | sivi:base_reverse_runner.py:272| eval_w2 | Epoch 1230, Reverse Model W2: 0.0637
2026-03-28 21:35:48 | DEBUG | sivi:base_runner.py:477| eval_elbo | Epoch 1230, ELBO: 2.0460, Std Total: 38.6249, Std Q: nan, CI Half: 3.3856
2026-03-28 21:35:48 | DEBUG | sivi:base_runner.py:507| eval_ksd | Epoch 1230, VI KSD: 1.1696
2026-03-28 21:35:48 | DEBUG | sivi:base_runner.py:337| eval_kl_ite | Epoch 1240, VI KL to baseline: 0.5117
2026-03-28 21:35:48 | DEBUG | sivi:base_reverse_runner.py:261| eval_kl_ite | Epoch 1240, Reverse Model KL ITE: 0.0160
2026-03-28 21:35:48 | DEBUG | sivi:base_runner.py:347| eval_w2 | Epoch 1240, VI W2 to baseline: 0.9801
2026-03-28 21:35:48 | DEBUG | sivi:base_reverse_runner.py:272| eval_w2 | Epoch 1240, Reverse Model W2: 0.0677
2026-03-28 21:35:48 | DEBUG | sivi:base_runner.py:477| eval_elbo | Epoch 1240, ELBO: 0.0751, Std Total: 7.6557, Std Q: nan, CI Half: 0.6711
2026-03-28 21:35:48 | DEBUG | sivi:base_runner.py:507| eval_ksd | Epoch 1240, VI KSD: 0.7715
2026-03-28 21:35:49 | DEBUG | sivi:base_runner.py:337| eval_kl_ite | Epoch 1250, VI KL to baseline: 0.4971
2026-03-28 21:35:49 | DEBUG | sivi:base_reverse_runner.py:261| eval_kl_ite | Epoch 1250, Reverse Model KL ITE: 0.0083
2026-03-28 21:35:49 | DEBUG | sivi:base_runner.py:347| eval_w2 | Epoch 1250, VI W2 to baseline: 1.0005
2026-03-28 21:35:49 | DEBUG | sivi:base_reverse_runner.py:272| eval_w2 | Epoch 1250, Reverse Model W2: 0.0598
2026-03-28 21:35:49 | DEBUG | sivi:base_runner.py:477| eval_elbo | Epoch 1250, ELBO: 0.6625, Std Total: 18.8879, Std Q: nan, CI Half: 1.6556
2026-03-28 21:35:49 | DEBUG | sivi:base_runner.py:507| eval_ksd | Epoch 1250, VI KSD: 0.8580
2026-03-28 21:35:50 | DEBUG | sivi:base_runner.py:337| eval_kl_ite | Epoch 1260, VI KL to baseline: 0.4845
2026-03-28 21:35:50 | DEBUG | sivi:base_reverse_runner.py:261| eval_kl_ite | Epoch 1260, Reverse Model KL ITE: 0.0281
2026-03-28 21:35:50 | DEBUG | sivi:base_runner.py:347| eval_w2 | Epoch 1260, VI W2 to baseline: 1.0550
2026-03-28 21:35:50 | DEBUG | sivi:base_reverse_runner.py:272| eval_w2 | Epoch 1260, Reverse Model W2: 0.0994
2026-03-28 21:35:50 | DEBUG | sivi:base_runner.py:477| eval_elbo | Epoch 1260, ELBO: 0.6058, Std Total: 12.7731, Std Q: nan, CI Half: 1.1196
2026-03-28 21:35:50 | DEBUG | sivi:base_runner.py:507| eval_ksd | Epoch 1260, VI KSD: 0.7144
2026-03-28 21:35:50 | DEBUG | sivi:base_runner.py:337| eval_kl_ite | Epoch 1270, VI KL to baseline: 0.4922
2026-03-28 21:35:50 | DEBUG | sivi:base_reverse_runner.py:261| eval_kl_ite | Epoch 1270, Reverse Model KL ITE: 0.0526
2026-03-28 21:35:51 | DEBUG | sivi:base_runner.py:347| eval_w2 | Epoch 1270, VI W2 to baseline: 1.0295
2026-03-28 21:35:51 | DEBUG | sivi:base_reverse_runner.py:272| eval_w2 | Epoch 1270, Reverse Model W2: 0.0580
2026-03-28 21:35:51 | DEBUG | sivi:base_runner.py:477| eval_elbo | Epoch 1270, ELBO: -0.2225, Std Total: 8.3856, Std Q: nan, CI Half: 0.7350
2026-03-28 21:35:51 | DEBUG | sivi:base_runner.py:507| eval_ksd | Epoch 1270, VI KSD: 0.8398
2026-03-28 21:35:51 | DEBUG | sivi:base_runner.py:337| eval_kl_ite | Epoch 1280, VI KL to baseline: 0.4832
2026-03-28 21:35:51 | DEBUG | sivi:base_reverse_runner.py:261| eval_kl_ite | Epoch 1280, Reverse Model KL ITE: 0.0342
2026-03-28 21:35:51 | DEBUG | sivi:base_runner.py:347| eval_w2 | Epoch 1280, VI W2 to baseline: 1.0219
2026-03-28 21:35:51 | DEBUG | sivi:base_reverse_runner.py:272| eval_w2 | Epoch 1280, Reverse Model W2: 0.0924
2026-03-28 21:35:51 | DEBUG | sivi:base_runner.py:477| eval_elbo | Epoch 1280, ELBO: -0.2845, Std Total: 4.4707, Std Q: nan, CI Half: 0.3919
2026-03-28 21:35:51 | DEBUG | sivi:base_runner.py:507| eval_ksd | Epoch 1280, VI KSD: 0.7078
2026-03-28 21:35:52 | DEBUG | sivi:base_runner.py:337| eval_kl_ite | Epoch 1290, VI KL to baseline: 0.5194
2026-03-28 21:35:52 | DEBUG | sivi:base_reverse_runner.py:261| eval_kl_ite | Epoch 1290, Reverse Model KL ITE: 0.0182
2026-03-28 21:35:52 | DEBUG | sivi:base_runner.py:347| eval_w2 | Epoch 1290, VI W2 to baseline: 0.9930
2026-03-28 21:35:52 | DEBUG | sivi:base_reverse_runner.py:272| eval_w2 | Epoch 1290, Reverse Model W2: 0.0809
2026-03-28 21:35:52 | DEBUG | sivi:base_runner.py:477| eval_elbo | Epoch 1290, ELBO: 2.0735, Std Total: 46.0265, Std Q: nan, CI Half: 4.0344
2026-03-28 21:35:52 | DEBUG | sivi:base_runner.py:507| eval_ksd | Epoch 1290, VI KSD: 0.6648
2026-03-28 21:35:52 | DEBUG | sivi:base_runner.py:874| learn | Epoch 1300: Avg Loss: 0.0163, Avg Epoch Time: 0.0634s
2026-03-28 21:35:52 | DEBUG | sivi:base_runner.py:337| eval_kl_ite | Epoch 1300, VI KL to baseline: 0.4769
2026-03-28 21:35:52 | DEBUG | sivi:base_reverse_runner.py:261| eval_kl_ite | Epoch 1300, Reverse Model KL ITE: -0.0043
2026-03-28 21:35:52 | DEBUG | sivi:base_runner.py:347| eval_w2 | Epoch 1300, VI W2 to baseline: 1.0993
2026-03-28 21:35:52 | DEBUG | sivi:base_reverse_runner.py:272| eval_w2 | Epoch 1300, Reverse Model W2: 0.0652
2026-03-28 21:35:52 | DEBUG | sivi:base_runner.py:477| eval_elbo | Epoch 1300, ELBO: 2.0196, Std Total: 38.3100, Std Q: nan, CI Half: 3.3580
2026-03-28 21:35:52 | DEBUG | sivi:base_runner.py:507| eval_ksd | Epoch 1300, VI KSD: 0.6635
2026-03-28 21:35:53 | DEBUG | sivi:base_runner.py:337| eval_kl_ite | Epoch 1310, VI KL to baseline: 0.4702
2026-03-28 21:35:53 | DEBUG | sivi:base_reverse_runner.py:261| eval_kl_ite | Epoch 1310, Reverse Model KL ITE: 0.0172
2026-03-28 21:35:53 | DEBUG | sivi:base_runner.py:347| eval_w2 | Epoch 1310, VI W2 to baseline: 1.0487
2026-03-28 21:35:53 | DEBUG | sivi:base_reverse_runner.py:272| eval_w2 | Epoch 1310, Reverse Model W2: 0.0632
2026-03-28 21:35:53 | DEBUG | sivi:base_runner.py:477| eval_elbo | Epoch 1310, ELBO: 0.3037, Std Total: 10.4659, Std Q: nan, CI Half: 0.9174
2026-03-28 21:35:53 | DEBUG | sivi:base_runner.py:507| eval_ksd | Epoch 1310, VI KSD: 0.6690
2026-03-28 21:35:54 | DEBUG | sivi:base_runner.py:337| eval_kl_ite | Epoch 1320, VI KL to baseline: 0.4715
2026-03-28 21:35:54 | DEBUG | sivi:base_reverse_runner.py:261| eval_kl_ite | Epoch 1320, Reverse Model KL ITE: 0.0231
2026-03-28 21:35:54 | DEBUG | sivi:base_runner.py:347| eval_w2 | Epoch 1320, VI W2 to baseline: 1.0422
2026-03-28 21:35:54 | DEBUG | sivi:base_reverse_runner.py:272| eval_w2 | Epoch 1320, Reverse Model W2: 0.0540
2026-03-28 21:35:54 | DEBUG | sivi:base_runner.py:477| eval_elbo | Epoch 1320, ELBO: 1.1587, Std Total: 28.0059, Std Q: nan, CI Half: 2.4548
2026-03-28 21:35:54 | DEBUG | sivi:base_runner.py:507| eval_ksd | Epoch 1320, VI KSD: 0.8702
2026-03-28 21:35:54 | DEBUG | sivi:base_runner.py:337| eval_kl_ite | Epoch 1330, VI KL to baseline: 0.4694
2026-03-28 21:35:54 | DEBUG | sivi:base_reverse_runner.py:261| eval_kl_ite | Epoch 1330, Reverse Model KL ITE: 0.0235
2026-03-28 21:35:54 | DEBUG | sivi:base_runner.py:347| eval_w2 | Epoch 1330, VI W2 to baseline: 1.0066
2026-03-28 21:35:54 | DEBUG | sivi:base_reverse_runner.py:272| eval_w2 | Epoch 1330, Reverse Model W2: 0.0484
2026-03-28 21:35:54 | DEBUG | sivi:base_runner.py:477| eval_elbo | Epoch 1330, ELBO: 1.0138, Std Total: 16.5454, Std Q: nan, CI Half: 1.4503
2026-03-28 21:35:54 | DEBUG | sivi:base_runner.py:507| eval_ksd | Epoch 1330, VI KSD: 0.6467
2026-03-28 21:35:55 | DEBUG | sivi:base_runner.py:337| eval_kl_ite | Epoch 1340, VI KL to baseline: 0.4780
2026-03-28 21:35:55 | DEBUG | sivi:base_reverse_runner.py:261| eval_kl_ite | Epoch 1340, Reverse Model KL ITE: 0.0138
2026-03-28 21:35:55 | DEBUG | sivi:base_runner.py:347| eval_w2 | Epoch 1340, VI W2 to baseline: 1.0415
2026-03-28 21:35:55 | DEBUG | sivi:base_reverse_runner.py:272| eval_w2 | Epoch 1340, Reverse Model W2: 0.0497
2026-03-28 21:35:55 | DEBUG | sivi:base_runner.py:477| eval_elbo | Epoch 1340, ELBO: -0.3579, Std Total: 3.1411, Std Q: nan, CI Half: 0.2753
2026-03-28 21:35:55 | DEBUG | sivi:base_runner.py:507| eval_ksd | Epoch 1340, VI KSD: 0.6369
2026-03-28 21:35:55 | DEBUG | sivi:base_runner.py:337| eval_kl_ite | Epoch 1350, VI KL to baseline: 0.4535
2026-03-28 21:35:55 | DEBUG | sivi:base_reverse_runner.py:261| eval_kl_ite | Epoch 1350, Reverse Model KL ITE: 0.0099
2026-03-28 21:35:55 | DEBUG | sivi:base_runner.py:347| eval_w2 | Epoch 1350, VI W2 to baseline: 1.0523
2026-03-28 21:35:55 | DEBUG | sivi:base_reverse_runner.py:272| eval_w2 | Epoch 1350, Reverse Model W2: 0.0564
2026-03-28 21:35:55 | DEBUG | sivi:base_runner.py:477| eval_elbo | Epoch 1350, ELBO: 0.6100, Std Total: 14.8377, Std Q: nan, CI Half: 1.3006
2026-03-28 21:35:55 | DEBUG | sivi:base_runner.py:507| eval_ksd | Epoch 1350, VI KSD: 0.5437
2026-03-28 21:35:56 | DEBUG | sivi:base_runner.py:337| eval_kl_ite | Epoch 1360, VI KL to baseline: 0.4496
2026-03-28 21:35:56 | DEBUG | sivi:base_reverse_runner.py:261| eval_kl_ite | Epoch 1360, Reverse Model KL ITE: 0.0270
2026-03-28 21:35:56 | DEBUG | sivi:base_runner.py:347| eval_w2 | Epoch 1360, VI W2 to baseline: 1.0213
2026-03-28 21:35:56 | DEBUG | sivi:base_reverse_runner.py:272| eval_w2 | Epoch 1360, Reverse Model W2: 0.0672
2026-03-28 21:35:56 | DEBUG | sivi:base_runner.py:477| eval_elbo | Epoch 1360, ELBO: 0.1958, Std Total: 9.4373, Std Q: nan, CI Half: 0.8272
2026-03-28 21:35:56 | DEBUG | sivi:base_runner.py:507| eval_ksd | Epoch 1360, VI KSD: 0.7719
2026-03-28 21:35:56 | DEBUG | sivi:base_runner.py:337| eval_kl_ite | Epoch 1370, VI KL to baseline: 0.4491
2026-03-28 21:35:56 | DEBUG | sivi:base_reverse_runner.py:261| eval_kl_ite | Epoch 1370, Reverse Model KL ITE: 0.0407
2026-03-28 21:35:56 | DEBUG | sivi:base_runner.py:347| eval_w2 | Epoch 1370, VI W2 to baseline: 1.0497
2026-03-28 21:35:56 | DEBUG | sivi:base_reverse_runner.py:272| eval_w2 | Epoch 1370, Reverse Model W2: 0.0536
2026-03-28 21:35:56 | DEBUG | sivi:base_runner.py:477| eval_elbo | Epoch 1370, ELBO: 1.2225, Std Total: 23.8960, Std Q: nan, CI Half: 2.0946
2026-03-28 21:35:56 | DEBUG | sivi:base_runner.py:507| eval_ksd | Epoch 1370, VI KSD: 0.5475
2026-03-28 21:35:57 | DEBUG | sivi:base_runner.py:337| eval_kl_ite | Epoch 1380, VI KL to baseline: 0.4651
2026-03-28 21:35:57 | DEBUG | sivi:base_reverse_runner.py:261| eval_kl_ite | Epoch 1380, Reverse Model KL ITE: 0.0252
2026-03-28 21:35:57 | DEBUG | sivi:base_runner.py:347| eval_w2 | Epoch 1380, VI W2 to baseline: 1.1052
2026-03-28 21:35:57 | DEBUG | sivi:base_reverse_runner.py:272| eval_w2 | Epoch 1380, Reverse Model W2: 0.0641
2026-03-28 21:35:57 | DEBUG | sivi:base_runner.py:477| eval_elbo | Epoch 1380, ELBO: 0.7528, Std Total: 15.1563, Std Q: nan, CI Half: 1.3285
2026-03-28 21:35:57 | DEBUG | sivi:base_runner.py:507| eval_ksd | Epoch 1380, VI KSD: 0.7905
2026-03-28 21:35:57 | DEBUG | sivi:base_runner.py:337| eval_kl_ite | Epoch 1390, VI KL to baseline: 0.4736
2026-03-28 21:35:58 | DEBUG | sivi:base_reverse_runner.py:261| eval_kl_ite | Epoch 1390, Reverse Model KL ITE: 0.0430
2026-03-28 21:35:58 | DEBUG | sivi:base_runner.py:347| eval_w2 | Epoch 1390, VI W2 to baseline: 1.1517
2026-03-28 21:35:58 | DEBUG | sivi:base_reverse_runner.py:272| eval_w2 | Epoch 1390, Reverse Model W2: 0.0548
2026-03-28 21:35:58 | DEBUG | sivi:base_runner.py:477| eval_elbo | Epoch 1390, ELBO: -0.0086, Std Total: 6.9230, Std Q: nan, CI Half: 0.6068
2026-03-28 21:35:58 | DEBUG | sivi:base_runner.py:507| eval_ksd | Epoch 1390, VI KSD: 0.6231
2026-03-28 21:35:58 | DEBUG | sivi:base_runner.py:874| learn | Epoch 1400: Avg Loss: -0.1012, Avg Epoch Time: 0.0573s
2026-03-28 21:35:58 | DEBUG | sivi:base_runner.py:337| eval_kl_ite | Epoch 1400, VI KL to baseline: 0.4572
2026-03-28 21:35:58 | DEBUG | sivi:base_reverse_runner.py:261| eval_kl_ite | Epoch 1400, Reverse Model KL ITE: 0.0262
2026-03-28 21:35:58 | DEBUG | sivi:base_runner.py:347| eval_w2 | Epoch 1400, VI W2 to baseline: 1.1517
2026-03-28 21:35:58 | DEBUG | sivi:base_reverse_runner.py:272| eval_w2 | Epoch 1400, Reverse Model W2: 0.0519
2026-03-28 21:35:58 | DEBUG | sivi:base_runner.py:477| eval_elbo | Epoch 1400, ELBO: 1.1683, Std Total: 32.6879, Std Q: nan, CI Half: 2.8652
2026-03-28 21:35:58 | DEBUG | sivi:base_runner.py:507| eval_ksd | Epoch 1400, VI KSD: 0.6324
2026-03-28 21:35:59 | DEBUG | sivi:base_runner.py:337| eval_kl_ite | Epoch 1410, VI KL to baseline: 0.4404
2026-03-28 21:35:59 | DEBUG | sivi:base_reverse_runner.py:261| eval_kl_ite | Epoch 1410, Reverse Model KL ITE: 0.0079
2026-03-28 21:35:59 | DEBUG | sivi:base_runner.py:347| eval_w2 | Epoch 1410, VI W2 to baseline: 1.1467
2026-03-28 21:35:59 | DEBUG | sivi:base_reverse_runner.py:272| eval_w2 | Epoch 1410, Reverse Model W2: 0.0655
2026-03-28 21:35:59 | DEBUG | sivi:base_runner.py:477| eval_elbo | Epoch 1410, ELBO: 1.0350, Std Total: 14.4270, Std Q: nan, CI Half: 1.2646
2026-03-28 21:35:59 | DEBUG | sivi:base_runner.py:507| eval_ksd | Epoch 1410, VI KSD: 0.4814
2026-03-28 21:35:59 | DEBUG | sivi:base_runner.py:337| eval_kl_ite | Epoch 1420, VI KL to baseline: 0.4568
2026-03-28 21:35:59 | DEBUG | sivi:base_reverse_runner.py:261| eval_kl_ite | Epoch 1420, Reverse Model KL ITE: 0.0351
2026-03-28 21:35:59 | DEBUG | sivi:base_runner.py:347| eval_w2 | Epoch 1420, VI W2 to baseline: 1.1020
2026-03-28 21:35:59 | DEBUG | sivi:base_reverse_runner.py:272| eval_w2 | Epoch 1420, Reverse Model W2: 0.0644
2026-03-28 21:35:59 | DEBUG | sivi:base_runner.py:477| eval_elbo | Epoch 1420, ELBO: 2.0888, Std Total: 37.9521, Std Q: nan, CI Half: 3.3266
2026-03-28 21:35:59 | DEBUG | sivi:base_runner.py:507| eval_ksd | Epoch 1420, VI KSD: 0.5510
2026-03-28 21:36:00 | DEBUG | sivi:base_runner.py:337| eval_kl_ite | Epoch 1430, VI KL to baseline: 0.4346
2026-03-28 21:36:00 | DEBUG | sivi:base_reverse_runner.py:261| eval_kl_ite | Epoch 1430, Reverse Model KL ITE: 0.0333
2026-03-28 21:36:00 | DEBUG | sivi:base_runner.py:347| eval_w2 | Epoch 1430, VI W2 to baseline: 1.1401
2026-03-28 21:36:00 | DEBUG | sivi:base_reverse_runner.py:272| eval_w2 | Epoch 1430, Reverse Model W2: 0.0681
2026-03-28 21:36:00 | DEBUG | sivi:base_runner.py:477| eval_elbo | Epoch 1430, ELBO: 0.6777, Std Total: 13.0204, Std Q: nan, CI Half: 1.1413
2026-03-28 21:36:00 | DEBUG | sivi:base_runner.py:507| eval_ksd | Epoch 1430, VI KSD: 0.5751
2026-03-28 21:36:00 | DEBUG | sivi:base_runner.py:337| eval_kl_ite | Epoch 1440, VI KL to baseline: 0.4785
2026-03-28 21:36:00 | DEBUG | sivi:base_reverse_runner.py:261| eval_kl_ite | Epoch 1440, Reverse Model KL ITE: 0.0242
2026-03-28 21:36:00 | DEBUG | sivi:base_runner.py:347| eval_w2 | Epoch 1440, VI W2 to baseline: 1.1244
2026-03-28 21:36:00 | DEBUG | sivi:base_reverse_runner.py:272| eval_w2 | Epoch 1440, Reverse Model W2: 0.0789
2026-03-28 21:36:00 | DEBUG | sivi:base_runner.py:477| eval_elbo | Epoch 1440, ELBO: -0.1592, Std Total: 7.3221, Std Q: nan, CI Half: 0.6418
2026-03-28 21:36:00 | DEBUG | sivi:base_runner.py:507| eval_ksd | Epoch 1440, VI KSD: 0.4411
2026-03-28 21:36:01 | DEBUG | sivi:base_runner.py:337| eval_kl_ite | Epoch 1450, VI KL to baseline: 0.4500
2026-03-28 21:36:01 | DEBUG | sivi:base_reverse_runner.py:261| eval_kl_ite | Epoch 1450, Reverse Model KL ITE: 0.0449
2026-03-28 21:36:01 | DEBUG | sivi:base_runner.py:347| eval_w2 | Epoch 1450, VI W2 to baseline: 1.1572
2026-03-28 21:36:01 | DEBUG | sivi:base_reverse_runner.py:272| eval_w2 | Epoch 1450, Reverse Model W2: 0.0761
2026-03-28 21:36:01 | DEBUG | sivi:base_runner.py:477| eval_elbo | Epoch 1450, ELBO: 2.6262, Std Total: 30.5007, Std Q: nan, CI Half: 2.6735
2026-03-28 21:36:01 | DEBUG | sivi:base_runner.py:507| eval_ksd | Epoch 1450, VI KSD: 0.4571
2026-03-28 21:36:02 | DEBUG | sivi:base_runner.py:337| eval_kl_ite | Epoch 1460, VI KL to baseline: 0.4368
2026-03-28 21:36:02 | DEBUG | sivi:base_reverse_runner.py:261| eval_kl_ite | Epoch 1460, Reverse Model KL ITE: 0.0184
2026-03-28 21:36:02 | DEBUG | sivi:base_runner.py:347| eval_w2 | Epoch 1460, VI W2 to baseline: 1.1639
2026-03-28 21:36:02 | DEBUG | sivi:base_reverse_runner.py:272| eval_w2 | Epoch 1460, Reverse Model W2: 0.0657
2026-03-28 21:36:02 | DEBUG | sivi:base_runner.py:477| eval_elbo | Epoch 1460, ELBO: -0.0520, Std Total: 5.0038, Std Q: nan, CI Half: 0.4386
2026-03-28 21:36:02 | DEBUG | sivi:base_runner.py:507| eval_ksd | Epoch 1460, VI KSD: 0.5617
2026-03-28 21:36:02 | DEBUG | sivi:base_runner.py:337| eval_kl_ite | Epoch 1470, VI KL to baseline: 0.4581
2026-03-28 21:36:02 | DEBUG | sivi:base_reverse_runner.py:261| eval_kl_ite | Epoch 1470, Reverse Model KL ITE: 0.0183
2026-03-28 21:36:02 | DEBUG | sivi:base_runner.py:347| eval_w2 | Epoch 1470, VI W2 to baseline: 1.0853
2026-03-28 21:36:02 | DEBUG | sivi:base_reverse_runner.py:272| eval_w2 | Epoch 1470, Reverse Model W2: 0.0557
2026-03-28 21:36:02 | DEBUG | sivi:base_runner.py:477| eval_elbo | Epoch 1470, ELBO: 0.4232, Std Total: 12.1031, Std Q: nan, CI Half: 1.0609
2026-03-28 21:36:02 | DEBUG | sivi:base_runner.py:507| eval_ksd | Epoch 1470, VI KSD: 0.6238
2026-03-28 21:36:03 | DEBUG | sivi:base_runner.py:337| eval_kl_ite | Epoch 1480, VI KL to baseline: 0.4559
2026-03-28 21:36:03 | DEBUG | sivi:base_reverse_runner.py:261| eval_kl_ite | Epoch 1480, Reverse Model KL ITE: 0.0047
2026-03-28 21:36:03 | DEBUG | sivi:base_runner.py:347| eval_w2 | Epoch 1480, VI W2 to baseline: 1.1349
2026-03-28 21:36:03 | DEBUG | sivi:base_reverse_runner.py:272| eval_w2 | Epoch 1480, Reverse Model W2: 0.0626
2026-03-28 21:36:03 | DEBUG | sivi:base_runner.py:477| eval_elbo | Epoch 1480, ELBO: 0.4673, Std Total: 8.9776, Std Q: nan, CI Half: 0.7869
2026-03-28 21:36:03 | DEBUG | sivi:base_runner.py:507| eval_ksd | Epoch 1480, VI KSD: 0.6502
2026-03-28 21:36:04 | DEBUG | sivi:base_runner.py:337| eval_kl_ite | Epoch 1490, VI KL to baseline: 0.4541
2026-03-28 21:36:04 | DEBUG | sivi:base_reverse_runner.py:261| eval_kl_ite | Epoch 1490, Reverse Model KL ITE: 0.0010
2026-03-28 21:36:04 | DEBUG | sivi:base_runner.py:347| eval_w2 | Epoch 1490, VI W2 to baseline: 1.1985
2026-03-28 21:36:04 | DEBUG | sivi:base_reverse_runner.py:272| eval_w2 | Epoch 1490, Reverse Model W2: 0.0713
2026-03-28 21:36:04 | DEBUG | sivi:base_runner.py:477| eval_elbo | Epoch 1490, ELBO: -0.1646, Std Total: 5.4159, Std Q: nan, CI Half: 0.4747
2026-03-28 21:36:04 | DEBUG | sivi:base_runner.py:507| eval_ksd | Epoch 1490, VI KSD: 0.5596
2026-03-28 21:36:04 | DEBUG | sivi:base_runner.py:874| learn | Epoch 1500: Avg Loss: -0.1514, Avg Epoch Time: 0.0608s
2026-03-28 21:36:04 | DEBUG | sivi:base_reverse_runner.py:183| _training_rev_log_func | Epoch 1500, Inner epoch 1, Reverse Model Loss: 3.2115, Avg Steps: 1.0000
2026-03-28 21:36:04 | DEBUG | sivi:base_runner.py:588| save_samples | Saved 100000 samples at epoch 1500.
2026-03-28 21:36:04 | DEBUG | sivi:base_runner.py:337| eval_kl_ite | Epoch 1500, VI KL to baseline: 0.4329
2026-03-28 21:36:04 | DEBUG | sivi:base_reverse_runner.py:261| eval_kl_ite | Epoch 1500, Reverse Model KL ITE: 0.0260
2026-03-28 21:36:04 | DEBUG | sivi:base_runner.py:347| eval_w2 | Epoch 1500, VI W2 to baseline: 1.1022
2026-03-28 21:36:04 | DEBUG | sivi:base_reverse_runner.py:272| eval_w2 | Epoch 1500, Reverse Model W2: 0.0543
2026-03-28 21:36:04 | DEBUG | sivi:base_runner.py:477| eval_elbo | Epoch 1500, ELBO: 3.6286, Std Total: 42.6875, Std Q: nan, CI Half: 3.7417
2026-03-28 21:36:04 | DEBUG | sivi:base_runner.py:507| eval_ksd | Epoch 1500, VI KSD: 0.5638
2026-03-28 21:36:04 | DEBUG | sivi:base_runner.py:970| learn | Saved contour plot at epoch 1500.
2026-03-28 21:36:05 | DEBUG | sivi:base_runner.py:337| eval_kl_ite | Epoch 1510, VI KL to baseline: 0.4602
2026-03-28 21:36:05 | DEBUG | sivi:base_reverse_runner.py:261| eval_kl_ite | Epoch 1510, Reverse Model KL ITE: 0.0315
2026-03-28 21:36:05 | DEBUG | sivi:base_runner.py:347| eval_w2 | Epoch 1510, VI W2 to baseline: 1.1392
2026-03-28 21:36:05 | DEBUG | sivi:base_reverse_runner.py:272| eval_w2 | Epoch 1510, Reverse Model W2: 0.0671
2026-03-28 21:36:05 | DEBUG | sivi:base_runner.py:477| eval_elbo | Epoch 1510, ELBO: 0.8204, Std Total: 12.5180, Std Q: nan, CI Half: 1.0973
2026-03-28 21:36:05 | DEBUG | sivi:base_runner.py:507| eval_ksd | Epoch 1510, VI KSD: 0.4623
2026-03-28 21:36:05 | DEBUG | sivi:base_runner.py:337| eval_kl_ite | Epoch 1520, VI KL to baseline: 0.4259
2026-03-28 21:36:06 | DEBUG | sivi:base_reverse_runner.py:261| eval_kl_ite | Epoch 1520, Reverse Model KL ITE: 0.0262
2026-03-28 21:36:06 | DEBUG | sivi:base_runner.py:347| eval_w2 | Epoch 1520, VI W2 to baseline: 1.2280
2026-03-28 21:36:06 | DEBUG | sivi:base_reverse_runner.py:272| eval_w2 | Epoch 1520, Reverse Model W2: 0.0617
2026-03-28 21:36:06 | DEBUG | sivi:base_runner.py:477| eval_elbo | Epoch 1520, ELBO: 2.2822, Std Total: 36.0922, Std Q: nan, CI Half: 3.1636
2026-03-28 21:36:06 | DEBUG | sivi:base_runner.py:507| eval_ksd | Epoch 1520, VI KSD: 0.5069
2026-03-28 21:36:06 | DEBUG | sivi:base_runner.py:337| eval_kl_ite | Epoch 1530, VI KL to baseline: 0.4576
2026-03-28 21:36:06 | DEBUG | sivi:base_reverse_runner.py:261| eval_kl_ite | Epoch 1530, Reverse Model KL ITE: -0.0084
2026-03-28 21:36:06 | DEBUG | sivi:base_runner.py:347| eval_w2 | Epoch 1530, VI W2 to baseline: 1.1469
2026-03-28 21:36:06 | DEBUG | sivi:base_reverse_runner.py:272| eval_w2 | Epoch 1530, Reverse Model W2: 0.0511
2026-03-28 21:36:06 | DEBUG | sivi:base_runner.py:477| eval_elbo | Epoch 1530, ELBO: 0.4516, Std Total: 14.4981, Std Q: nan, CI Half: 1.2708
2026-03-28 21:36:06 | DEBUG | sivi:base_runner.py:507| eval_ksd | Epoch 1530, VI KSD: 0.5541
2026-03-28 21:36:06 | DEBUG | sivi:base_runner.py:337| eval_kl_ite | Epoch 1540, VI KL to baseline: 0.4180
2026-03-28 21:36:06 | DEBUG | sivi:base_reverse_runner.py:261| eval_kl_ite | Epoch 1540, Reverse Model KL ITE: 0.1197
2026-03-28 21:36:06 | DEBUG | sivi:base_runner.py:347| eval_w2 | Epoch 1540, VI W2 to baseline: 1.1552
2026-03-28 21:36:06 | DEBUG | sivi:base_reverse_runner.py:272| eval_w2 | Epoch 1540, Reverse Model W2: 0.1517
2026-03-28 21:36:06 | DEBUG | sivi:base_runner.py:477| eval_elbo | Epoch 1540, ELBO: 0.8637, Std Total: 12.4099, Std Q: nan, CI Half: 1.0878
2026-03-28 21:36:06 | DEBUG | sivi:base_runner.py:507| eval_ksd | Epoch 1540, VI KSD: 0.4604
2026-03-28 21:36:07 | DEBUG | sivi:base_runner.py:337| eval_kl_ite | Epoch 1550, VI KL to baseline: 0.4171
2026-03-28 21:36:07 | DEBUG | sivi:base_reverse_runner.py:261| eval_kl_ite | Epoch 1550, Reverse Model KL ITE: 0.0063
2026-03-28 21:36:07 | DEBUG | sivi:base_runner.py:347| eval_w2 | Epoch 1550, VI W2 to baseline: 1.1676
2026-03-28 21:36:07 | DEBUG | sivi:base_reverse_runner.py:272| eval_w2 | Epoch 1550, Reverse Model W2: 0.0932
2026-03-28 21:36:07 | DEBUG | sivi:base_runner.py:477| eval_elbo | Epoch 1550, ELBO: -0.1329, Std Total: 7.8940, Std Q: nan, CI Half: 0.6919
2026-03-28 21:36:07 | DEBUG | sivi:base_runner.py:507| eval_ksd | Epoch 1550, VI KSD: 0.4586
2026-03-28 21:36:07 | DEBUG | sivi:base_runner.py:337| eval_kl_ite | Epoch 1560, VI KL to baseline: 0.4314
2026-03-28 21:36:08 | DEBUG | sivi:base_reverse_runner.py:261| eval_kl_ite | Epoch 1560, Reverse Model KL ITE: 0.0388
2026-03-28 21:36:08 | DEBUG | sivi:base_runner.py:347| eval_w2 | Epoch 1560, VI W2 to baseline: 1.1796
2026-03-28 21:36:08 | DEBUG | sivi:base_reverse_runner.py:272| eval_w2 | Epoch 1560, Reverse Model W2: 0.0603
2026-03-28 21:36:08 | DEBUG | sivi:base_runner.py:477| eval_elbo | Epoch 1560, ELBO: 0.7936, Std Total: 18.3150, Std Q: nan, CI Half: 1.6054
2026-03-28 21:36:08 | DEBUG | sivi:base_runner.py:507| eval_ksd | Epoch 1560, VI KSD: 0.5003
2026-03-28 21:36:08 | DEBUG | sivi:base_runner.py:337| eval_kl_ite | Epoch 1570, VI KL to baseline: 0.4552
2026-03-28 21:36:08 | DEBUG | sivi:base_reverse_runner.py:261| eval_kl_ite | Epoch 1570, Reverse Model KL ITE: 0.0526
2026-03-28 21:36:08 | DEBUG | sivi:base_runner.py:347| eval_w2 | Epoch 1570, VI W2 to baseline: 1.1345
2026-03-28 21:36:08 | DEBUG | sivi:base_reverse_runner.py:272| eval_w2 | Epoch 1570, Reverse Model W2: 0.0611
2026-03-28 21:36:08 | DEBUG | sivi:base_runner.py:477| eval_elbo | Epoch 1570, ELBO: 2.9309, Std Total: 41.4859, Std Q: nan, CI Half: 3.6364
2026-03-28 21:36:08 | DEBUG | sivi:base_runner.py:507| eval_ksd | Epoch 1570, VI KSD: 0.5622
2026-03-28 21:36:09 | DEBUG | sivi:base_runner.py:337| eval_kl_ite | Epoch 1580, VI KL to baseline: 0.4287
2026-03-28 21:36:09 | DEBUG | sivi:base_reverse_runner.py:261| eval_kl_ite | Epoch 1580, Reverse Model KL ITE: 0.0325
2026-03-28 21:36:09 | DEBUG | sivi:base_runner.py:347| eval_w2 | Epoch 1580, VI W2 to baseline: 1.1551
2026-03-28 21:36:09 | DEBUG | sivi:base_reverse_runner.py:272| eval_w2 | Epoch 1580, Reverse Model W2: 0.0562
2026-03-28 21:36:09 | DEBUG | sivi:base_runner.py:477| eval_elbo | Epoch 1580, ELBO: 1.5032, Std Total: 28.0427, Std Q: nan, CI Half: 2.4581
2026-03-28 21:36:09 | DEBUG | sivi:base_runner.py:507| eval_ksd | Epoch 1580, VI KSD: 0.4645
2026-03-28 21:36:09 | DEBUG | sivi:base_runner.py:337| eval_kl_ite | Epoch 1590, VI KL to baseline: 0.4196
2026-03-28 21:36:09 | DEBUG | sivi:base_reverse_runner.py:261| eval_kl_ite | Epoch 1590, Reverse Model KL ITE: 0.0410
2026-03-28 21:36:09 | DEBUG | sivi:base_runner.py:347| eval_w2 | Epoch 1590, VI W2 to baseline: 1.1597
2026-03-28 21:36:09 | DEBUG | sivi:base_reverse_runner.py:272| eval_w2 | Epoch 1590, Reverse Model W2: 0.0616
2026-03-28 21:36:09 | DEBUG | sivi:base_runner.py:477| eval_elbo | Epoch 1590, ELBO: 2.3634, Std Total: 28.9912, Std Q: nan, CI Half: 2.5412
2026-03-28 21:36:09 | DEBUG | sivi:base_runner.py:507| eval_ksd | Epoch 1590, VI KSD: 0.6605
2026-03-28 21:36:10 | DEBUG | sivi:base_runner.py:874| learn | Epoch 1600: Avg Loss: -0.1295, Avg Epoch Time: 0.0577s
2026-03-28 21:36:10 | DEBUG | sivi:base_runner.py:337| eval_kl_ite | Epoch 1600, VI KL to baseline: 0.4499
2026-03-28 21:36:10 | DEBUG | sivi:base_reverse_runner.py:261| eval_kl_ite | Epoch 1600, Reverse Model KL ITE: 0.0119
2026-03-28 21:36:10 | DEBUG | sivi:base_runner.py:347| eval_w2 | Epoch 1600, VI W2 to baseline: 1.1563
2026-03-28 21:36:10 | DEBUG | sivi:base_reverse_runner.py:272| eval_w2 | Epoch 1600, Reverse Model W2: 0.0625
2026-03-28 21:36:10 | DEBUG | sivi:base_runner.py:477| eval_elbo | Epoch 1600, ELBO: 1.2693, Std Total: 15.7075, Std Q: nan, CI Half: 1.3768
2026-03-28 21:36:10 | DEBUG | sivi:base_runner.py:507| eval_ksd | Epoch 1600, VI KSD: 0.4792
2026-03-28 21:36:11 | DEBUG | sivi:base_runner.py:337| eval_kl_ite | Epoch 1610, VI KL to baseline: 0.4215
2026-03-28 21:36:11 | DEBUG | sivi:base_reverse_runner.py:261| eval_kl_ite | Epoch 1610, Reverse Model KL ITE: 0.0195
2026-03-28 21:36:11 | DEBUG | sivi:base_runner.py:347| eval_w2 | Epoch 1610, VI W2 to baseline: 1.1758
2026-03-28 21:36:11 | DEBUG | sivi:base_reverse_runner.py:272| eval_w2 | Epoch 1610, Reverse Model W2: 0.0694
2026-03-28 21:36:11 | DEBUG | sivi:base_runner.py:477| eval_elbo | Epoch 1610, ELBO: 0.7370, Std Total: 19.6080, Std Q: nan, CI Half: 1.7187
2026-03-28 21:36:11 | DEBUG | sivi:base_runner.py:507| eval_ksd | Epoch 1610, VI KSD: 0.3696
2026-03-28 21:36:11 | DEBUG | sivi:base_runner.py:337| eval_kl_ite | Epoch 1620, VI KL to baseline: 0.4390
2026-03-28 21:36:11 | DEBUG | sivi:base_reverse_runner.py:261| eval_kl_ite | Epoch 1620, Reverse Model KL ITE: 0.0270
2026-03-28 21:36:11 | DEBUG | sivi:base_runner.py:347| eval_w2 | Epoch 1620, VI W2 to baseline: 1.1635
2026-03-28 21:36:11 | DEBUG | sivi:base_reverse_runner.py:272| eval_w2 | Epoch 1620, Reverse Model W2: 0.0667
2026-03-28 21:36:11 | DEBUG | sivi:base_runner.py:477| eval_elbo | Epoch 1620, ELBO: 3.5222, Std Total: 32.7541, Std Q: nan, CI Half: 2.8710
2026-03-28 21:36:11 | DEBUG | sivi:base_runner.py:507| eval_ksd | Epoch 1620, VI KSD: 0.4547
2026-03-28 21:36:12 | DEBUG | sivi:base_runner.py:337| eval_kl_ite | Epoch 1630, VI KL to baseline: 0.3783
2026-03-28 21:36:12 | DEBUG | sivi:base_reverse_runner.py:261| eval_kl_ite | Epoch 1630, Reverse Model KL ITE: 0.0050
2026-03-28 21:36:12 | DEBUG | sivi:base_runner.py:347| eval_w2 | Epoch 1630, VI W2 to baseline: 1.2253
2026-03-28 21:36:12 | DEBUG | sivi:base_reverse_runner.py:272| eval_w2 | Epoch 1630, Reverse Model W2: 0.0646
2026-03-28 21:36:12 | DEBUG | sivi:base_runner.py:477| eval_elbo | Epoch 1630, ELBO: 0.7869, Std Total: 13.7849, Std Q: nan, CI Half: 1.2083
2026-03-28 21:36:12 | DEBUG | sivi:base_runner.py:507| eval_ksd | Epoch 1630, VI KSD: 0.4683
2026-03-28 21:36:12 | DEBUG | sivi:base_runner.py:337| eval_kl_ite | Epoch 1640, VI KL to baseline: 0.4109
2026-03-28 21:36:12 | DEBUG | sivi:base_reverse_runner.py:261| eval_kl_ite | Epoch 1640, Reverse Model KL ITE: 0.0242
2026-03-28 21:36:12 | DEBUG | sivi:base_runner.py:347| eval_w2 | Epoch 1640, VI W2 to baseline: 1.2362
2026-03-28 21:36:12 | DEBUG | sivi:base_reverse_runner.py:272| eval_w2 | Epoch 1640, Reverse Model W2: 0.0779
2026-03-28 21:36:12 | DEBUG | sivi:base_runner.py:477| eval_elbo | Epoch 1640, ELBO: 0.5348, Std Total: 10.6322, Std Q: nan, CI Half: 0.9320
2026-03-28 21:36:12 | DEBUG | sivi:base_runner.py:507| eval_ksd | Epoch 1640, VI KSD: 0.4723
2026-03-28 21:36:13 | DEBUG | sivi:base_runner.py:337| eval_kl_ite | Epoch 1650, VI KL to baseline: 0.4329
2026-03-28 21:36:13 | DEBUG | sivi:base_reverse_runner.py:261| eval_kl_ite | Epoch 1650, Reverse Model KL ITE: 0.0288
2026-03-28 21:36:13 | DEBUG | sivi:base_runner.py:347| eval_w2 | Epoch 1650, VI W2 to baseline: 1.1577
2026-03-28 21:36:13 | DEBUG | sivi:base_reverse_runner.py:272| eval_w2 | Epoch 1650, Reverse Model W2: 0.0884
2026-03-28 21:36:13 | DEBUG | sivi:base_runner.py:477| eval_elbo | Epoch 1650, ELBO: -0.1543, Std Total: 4.0289, Std Q: nan, CI Half: 0.3531
2026-03-28 21:36:13 | DEBUG | sivi:base_runner.py:507| eval_ksd | Epoch 1650, VI KSD: 0.4039
2026-03-28 21:36:14 | DEBUG | sivi:base_runner.py:337| eval_kl_ite | Epoch 1660, VI KL to baseline: 0.4033
2026-03-28 21:36:14 | DEBUG | sivi:base_reverse_runner.py:261| eval_kl_ite | Epoch 1660, Reverse Model KL ITE: 0.0261
2026-03-28 21:36:14 | DEBUG | sivi:base_runner.py:347| eval_w2 | Epoch 1660, VI W2 to baseline: 1.2617
2026-03-28 21:36:14 | DEBUG | sivi:base_reverse_runner.py:272| eval_w2 | Epoch 1660, Reverse Model W2: 0.0589
2026-03-28 21:36:14 | DEBUG | sivi:base_runner.py:477| eval_elbo | Epoch 1660, ELBO: -0.0830, Std Total: 7.7769, Std Q: nan, CI Half: 0.6817
2026-03-28 21:36:14 | DEBUG | sivi:base_runner.py:507| eval_ksd | Epoch 1660, VI KSD: 0.4593
2026-03-28 21:36:14 | DEBUG | sivi:base_runner.py:337| eval_kl_ite | Epoch 1670, VI KL to baseline: 0.3960
2026-03-28 21:36:14 | DEBUG | sivi:base_reverse_runner.py:261| eval_kl_ite | Epoch 1670, Reverse Model KL ITE: 0.0106
2026-03-28 21:36:14 | DEBUG | sivi:base_runner.py:347| eval_w2 | Epoch 1670, VI W2 to baseline: 1.2441
2026-03-28 21:36:14 | DEBUG | sivi:base_reverse_runner.py:272| eval_w2 | Epoch 1670, Reverse Model W2: 0.0410
2026-03-28 21:36:14 | DEBUG | sivi:base_runner.py:477| eval_elbo | Epoch 1670, ELBO: 1.2801, Std Total: 28.3950, Std Q: nan, CI Half: 2.4889
2026-03-28 21:36:14 | DEBUG | sivi:base_runner.py:507| eval_ksd | Epoch 1670, VI KSD: 0.3657
2026-03-28 21:36:15 | DEBUG | sivi:base_runner.py:337| eval_kl_ite | Epoch 1680, VI KL to baseline: 0.4260
2026-03-28 21:36:15 | DEBUG | sivi:base_reverse_runner.py:261| eval_kl_ite | Epoch 1680, Reverse Model KL ITE: 0.0064
2026-03-28 21:36:15 | DEBUG | sivi:base_runner.py:347| eval_w2 | Epoch 1680, VI W2 to baseline: 1.2649
2026-03-28 21:36:15 | DEBUG | sivi:base_reverse_runner.py:272| eval_w2 | Epoch 1680, Reverse Model W2: 0.0686
2026-03-28 21:36:15 | DEBUG | sivi:base_runner.py:477| eval_elbo | Epoch 1680, ELBO: 0.8762, Std Total: 14.6611, Std Q: nan, CI Half: 1.2851
2026-03-28 21:36:15 | DEBUG | sivi:base_runner.py:507| eval_ksd | Epoch 1680, VI KSD: 0.4947
2026-03-28 21:36:16 | DEBUG | sivi:base_runner.py:337| eval_kl_ite | Epoch 1690, VI KL to baseline: 0.4173
2026-03-28 21:36:16 | DEBUG | sivi:base_reverse_runner.py:261| eval_kl_ite | Epoch 1690, Reverse Model KL ITE: 0.0111
2026-03-28 21:36:16 | DEBUG | sivi:base_runner.py:347| eval_w2 | Epoch 1690, VI W2 to baseline: 1.2431
2026-03-28 21:36:16 | DEBUG | sivi:base_reverse_runner.py:272| eval_w2 | Epoch 1690, Reverse Model W2: 0.0596
2026-03-28 21:36:16 | DEBUG | sivi:base_runner.py:477| eval_elbo | Epoch 1690, ELBO: 0.4978, Std Total: 13.7883, Std Q: nan, CI Half: 1.2086
2026-03-28 21:36:16 | DEBUG | sivi:base_runner.py:507| eval_ksd | Epoch 1690, VI KSD: 0.4883
2026-03-28 21:36:16 | DEBUG | sivi:base_runner.py:874| learn | Epoch 1700: Avg Loss: -0.1845, Avg Epoch Time: 0.0620s
2026-03-28 21:36:16 | DEBUG | sivi:base_runner.py:337| eval_kl_ite | Epoch 1700, VI KL to baseline: 0.4200
2026-03-28 21:36:16 | DEBUG | sivi:base_reverse_runner.py:261| eval_kl_ite | Epoch 1700, Reverse Model KL ITE: 0.0114
2026-03-28 21:36:16 | DEBUG | sivi:base_runner.py:347| eval_w2 | Epoch 1700, VI W2 to baseline: 1.2663
2026-03-28 21:36:16 | DEBUG | sivi:base_reverse_runner.py:272| eval_w2 | Epoch 1700, Reverse Model W2: 0.0804
2026-03-28 21:36:16 | DEBUG | sivi:base_runner.py:477| eval_elbo | Epoch 1700, ELBO: 1.0948, Std Total: 15.2280, Std Q: nan, CI Half: 1.3348
2026-03-28 21:36:16 | DEBUG | sivi:base_runner.py:507| eval_ksd | Epoch 1700, VI KSD: 0.4696
2026-03-28 21:36:17 | DEBUG | sivi:base_runner.py:337| eval_kl_ite | Epoch 1710, VI KL to baseline: 0.4060
2026-03-28 21:36:17 | DEBUG | sivi:base_reverse_runner.py:261| eval_kl_ite | Epoch 1710, Reverse Model KL ITE: 0.0260
2026-03-28 21:36:17 | DEBUG | sivi:base_runner.py:347| eval_w2 | Epoch 1710, VI W2 to baseline: 1.2114
2026-03-28 21:36:17 | DEBUG | sivi:base_reverse_runner.py:272| eval_w2 | Epoch 1710, Reverse Model W2: 0.0630
2026-03-28 21:36:17 | DEBUG | sivi:base_runner.py:477| eval_elbo | Epoch 1710, ELBO: 3.3915, Std Total: 38.7716, Std Q: nan, CI Half: 3.3985
2026-03-28 21:36:17 | DEBUG | sivi:base_runner.py:507| eval_ksd | Epoch 1710, VI KSD: 0.4239
2026-03-28 21:36:17 | DEBUG | sivi:base_runner.py:337| eval_kl_ite | Epoch 1720, VI KL to baseline: 0.4152
2026-03-28 21:36:17 | DEBUG | sivi:base_reverse_runner.py:261| eval_kl_ite | Epoch 1720, Reverse Model KL ITE: -0.0041
2026-03-28 21:36:17 | DEBUG | sivi:base_runner.py:347| eval_w2 | Epoch 1720, VI W2 to baseline: 1.2211
2026-03-28 21:36:17 | DEBUG | sivi:base_reverse_runner.py:272| eval_w2 | Epoch 1720, Reverse Model W2: 0.0623
2026-03-28 21:36:17 | DEBUG | sivi:base_runner.py:477| eval_elbo | Epoch 1720, ELBO: 0.7029, Std Total: 9.6330, Std Q: nan, CI Half: 0.8444
2026-03-28 21:36:17 | DEBUG | sivi:base_runner.py:507| eval_ksd | Epoch 1720, VI KSD: 0.3674
2026-03-28 21:36:18 | DEBUG | sivi:base_runner.py:337| eval_kl_ite | Epoch 1730, VI KL to baseline: 0.3853
2026-03-28 21:36:18 | DEBUG | sivi:base_reverse_runner.py:261| eval_kl_ite | Epoch 1730, Reverse Model KL ITE: 0.0393
2026-03-28 21:36:18 | DEBUG | sivi:base_runner.py:347| eval_w2 | Epoch 1730, VI W2 to baseline: 1.2088
2026-03-28 21:36:18 | DEBUG | sivi:base_reverse_runner.py:272| eval_w2 | Epoch 1730, Reverse Model W2: 0.0731
2026-03-28 21:36:18 | DEBUG | sivi:base_runner.py:477| eval_elbo | Epoch 1730, ELBO: 6.2058, Std Total: 63.8179, Std Q: nan, CI Half: 5.5939
2026-03-28 21:36:18 | DEBUG | sivi:base_runner.py:507| eval_ksd | Epoch 1730, VI KSD: 0.3855
2026-03-28 21:36:19 | DEBUG | sivi:base_runner.py:337| eval_kl_ite | Epoch 1740, VI KL to baseline: 0.4054
2026-03-28 21:36:19 | DEBUG | sivi:base_reverse_runner.py:261| eval_kl_ite | Epoch 1740, Reverse Model KL ITE: 0.1253
2026-03-28 21:36:19 | DEBUG | sivi:base_runner.py:347| eval_w2 | Epoch 1740, VI W2 to baseline: 1.2283
2026-03-28 21:36:19 | DEBUG | sivi:base_reverse_runner.py:272| eval_w2 | Epoch 1740, Reverse Model W2: 0.1220
2026-03-28 21:36:19 | DEBUG | sivi:base_runner.py:477| eval_elbo | Epoch 1740, ELBO: 1.2938, Std Total: 20.1715, Std Q: nan, CI Half: 1.7681
2026-03-28 21:36:19 | DEBUG | sivi:base_runner.py:507| eval_ksd | Epoch 1740, VI KSD: 0.5048
2026-03-28 21:36:19 | DEBUG | sivi:base_runner.py:337| eval_kl_ite | Epoch 1750, VI KL to baseline: 0.3917
2026-03-28 21:36:19 | DEBUG | sivi:base_reverse_runner.py:261| eval_kl_ite | Epoch 1750, Reverse Model KL ITE: 0.0583
2026-03-28 21:36:19 | DEBUG | sivi:base_runner.py:347| eval_w2 | Epoch 1750, VI W2 to baseline: 1.2949
2026-03-28 21:36:19 | DEBUG | sivi:base_reverse_runner.py:272| eval_w2 | Epoch 1750, Reverse Model W2: 0.0870
2026-03-28 21:36:19 | DEBUG | sivi:base_runner.py:477| eval_elbo | Epoch 1750, ELBO: 4.3359, Std Total: 38.4263, Std Q: nan, CI Half: 3.3682
2026-03-28 21:36:19 | DEBUG | sivi:base_runner.py:507| eval_ksd | Epoch 1750, VI KSD: 0.4107
2026-03-28 21:36:20 | DEBUG | sivi:base_runner.py:337| eval_kl_ite | Epoch 1760, VI KL to baseline: 0.4077
2026-03-28 21:36:20 | DEBUG | sivi:base_reverse_runner.py:261| eval_kl_ite | Epoch 1760, Reverse Model KL ITE: 0.0347
2026-03-28 21:36:20 | DEBUG | sivi:base_runner.py:347| eval_w2 | Epoch 1760, VI W2 to baseline: 1.2062
2026-03-28 21:36:20 | DEBUG | sivi:base_reverse_runner.py:272| eval_w2 | Epoch 1760, Reverse Model W2: 0.0647
2026-03-28 21:36:20 | DEBUG | sivi:base_runner.py:477| eval_elbo | Epoch 1760, ELBO: 1.8871, Std Total: 39.9401, Std Q: nan, CI Half: 3.5009
2026-03-28 21:36:20 | DEBUG | sivi:base_runner.py:507| eval_ksd | Epoch 1760, VI KSD: 0.4115
2026-03-28 21:36:20 | DEBUG | sivi:base_runner.py:337| eval_kl_ite | Epoch 1770, VI KL to baseline: 0.4207
2026-03-28 21:36:21 | DEBUG | sivi:base_reverse_runner.py:261| eval_kl_ite | Epoch 1770, Reverse Model KL ITE: 0.0420
2026-03-28 21:36:21 | DEBUG | sivi:base_runner.py:347| eval_w2 | Epoch 1770, VI W2 to baseline: 1.2464
2026-03-28 21:36:21 | DEBUG | sivi:base_reverse_runner.py:272| eval_w2 | Epoch 1770, Reverse Model W2: 0.0519
2026-03-28 21:36:21 | DEBUG | sivi:base_runner.py:477| eval_elbo | Epoch 1770, ELBO: 0.2128, Std Total: 6.9091, Std Q: nan, CI Half: 0.6056
2026-03-28 21:36:21 | DEBUG | sivi:base_runner.py:507| eval_ksd | Epoch 1770, VI KSD: 0.3476
2026-03-28 21:36:21 | DEBUG | sivi:base_runner.py:337| eval_kl_ite | Epoch 1780, VI KL to baseline: 0.3835
2026-03-28 21:36:21 | DEBUG | sivi:base_reverse_runner.py:261| eval_kl_ite | Epoch 1780, Reverse Model KL ITE: 0.0456
2026-03-28 21:36:21 | DEBUG | sivi:base_runner.py:347| eval_w2 | Epoch 1780, VI W2 to baseline: 1.2080
2026-03-28 21:36:21 | DEBUG | sivi:base_reverse_runner.py:272| eval_w2 | Epoch 1780, Reverse Model W2: 0.0749
2026-03-28 21:36:21 | DEBUG | sivi:base_runner.py:477| eval_elbo | Epoch 1780, ELBO: 2.2012, Std Total: 20.6285, Std Q: nan, CI Half: 1.8082
2026-03-28 21:36:21 | DEBUG | sivi:base_runner.py:507| eval_ksd | Epoch 1780, VI KSD: 0.3907
2026-03-28 21:36:22 | DEBUG | sivi:base_runner.py:337| eval_kl_ite | Epoch 1790, VI KL to baseline: 0.3886
2026-03-28 21:36:22 | DEBUG | sivi:base_reverse_runner.py:261| eval_kl_ite | Epoch 1790, Reverse Model KL ITE: 0.0450
2026-03-28 21:36:22 | DEBUG | sivi:base_runner.py:347| eval_w2 | Epoch 1790, VI W2 to baseline: 1.2269
2026-03-28 21:36:22 | DEBUG | sivi:base_reverse_runner.py:272| eval_w2 | Epoch 1790, Reverse Model W2: 0.0663
2026-03-28 21:36:22 | DEBUG | sivi:base_runner.py:477| eval_elbo | Epoch 1790, ELBO: 3.3000, Std Total: 48.7627, Std Q: nan, CI Half: 4.2742
2026-03-28 21:36:22 | DEBUG | sivi:base_runner.py:507| eval_ksd | Epoch 1790, VI KSD: 0.4374
2026-03-28 21:36:22 | DEBUG | sivi:base_runner.py:874| learn | Epoch 1800: Avg Loss: 0.0795, Avg Epoch Time: 0.0611s
2026-03-28 21:36:22 | DEBUG | sivi:base_runner.py:337| eval_kl_ite | Epoch 1800, VI KL to baseline: 0.3873
2026-03-28 21:36:22 | DEBUG | sivi:base_reverse_runner.py:261| eval_kl_ite | Epoch 1800, Reverse Model KL ITE: 0.0112
2026-03-28 21:36:22 | DEBUG | sivi:base_runner.py:347| eval_w2 | Epoch 1800, VI W2 to baseline: 1.2036
2026-03-28 21:36:22 | DEBUG | sivi:base_reverse_runner.py:272| eval_w2 | Epoch 1800, Reverse Model W2: 0.0609
2026-03-28 21:36:22 | DEBUG | sivi:base_runner.py:477| eval_elbo | Epoch 1800, ELBO: 1.3712, Std Total: 17.6283, Std Q: nan, CI Half: 1.5452
2026-03-28 21:36:22 | DEBUG | sivi:base_runner.py:507| eval_ksd | Epoch 1800, VI KSD: 0.3701
2026-03-28 21:36:23 | DEBUG | sivi:base_runner.py:337| eval_kl_ite | Epoch 1810, VI KL to baseline: 0.3778
2026-03-28 21:36:23 | DEBUG | sivi:base_reverse_runner.py:261| eval_kl_ite | Epoch 1810, Reverse Model KL ITE: 0.0152
2026-03-28 21:36:23 | DEBUG | sivi:base_runner.py:347| eval_w2 | Epoch 1810, VI W2 to baseline: 1.2297
2026-03-28 21:36:23 | DEBUG | sivi:base_reverse_runner.py:272| eval_w2 | Epoch 1810, Reverse Model W2: 0.0533
2026-03-28 21:36:23 | DEBUG | sivi:base_runner.py:477| eval_elbo | Epoch 1810, ELBO: 1.3056, Std Total: 16.6988, Std Q: nan, CI Half: 1.4637
2026-03-28 21:36:23 | DEBUG | sivi:base_runner.py:507| eval_ksd | Epoch 1810, VI KSD: 0.3813
2026-03-28 21:36:23 | DEBUG | sivi:base_runner.py:337| eval_kl_ite | Epoch 1820, VI KL to baseline: 0.3918
2026-03-28 21:36:23 | DEBUG | sivi:base_reverse_runner.py:261| eval_kl_ite | Epoch 1820, Reverse Model KL ITE: 0.0111
2026-03-28 21:36:23 | DEBUG | sivi:base_runner.py:347| eval_w2 | Epoch 1820, VI W2 to baseline: 1.1950
2026-03-28 21:36:23 | DEBUG | sivi:base_reverse_runner.py:272| eval_w2 | Epoch 1820, Reverse Model W2: 0.0566
2026-03-28 21:36:23 | DEBUG | sivi:base_runner.py:477| eval_elbo | Epoch 1820, ELBO: 0.0377, Std Total: 4.9083, Std Q: nan, CI Half: 0.4302
2026-03-28 21:36:23 | DEBUG | sivi:base_runner.py:507| eval_ksd | Epoch 1820, VI KSD: 0.3821
2026-03-28 21:36:24 | DEBUG | sivi:base_runner.py:337| eval_kl_ite | Epoch 1830, VI KL to baseline: 0.3545
2026-03-28 21:36:24 | DEBUG | sivi:base_reverse_runner.py:261| eval_kl_ite | Epoch 1830, Reverse Model KL ITE: 0.0229
2026-03-28 21:36:24 | DEBUG | sivi:base_runner.py:347| eval_w2 | Epoch 1830, VI W2 to baseline: 1.1945
2026-03-28 21:36:24 | DEBUG | sivi:base_reverse_runner.py:272| eval_w2 | Epoch 1830, Reverse Model W2: 0.0740
2026-03-28 21:36:24 | DEBUG | sivi:base_runner.py:477| eval_elbo | Epoch 1830, ELBO: 1.6962, Std Total: 20.8180, Std Q: nan, CI Half: 1.8248
2026-03-28 21:36:24 | DEBUG | sivi:base_runner.py:507| eval_ksd | Epoch 1830, VI KSD: 0.3915
2026-03-28 21:36:24 | DEBUG | sivi:base_runner.py:337| eval_kl_ite | Epoch 1840, VI KL to baseline: 0.3575
2026-03-28 21:36:25 | DEBUG | sivi:base_reverse_runner.py:261| eval_kl_ite | Epoch 1840, Reverse Model KL ITE: 0.0287
2026-03-28 21:36:25 | DEBUG | sivi:base_runner.py:347| eval_w2 | Epoch 1840, VI W2 to baseline: 1.1670
2026-03-28 21:36:25 | DEBUG | sivi:base_reverse_runner.py:272| eval_w2 | Epoch 1840, Reverse Model W2: 0.0701
2026-03-28 21:36:25 | DEBUG | sivi:base_runner.py:477| eval_elbo | Epoch 1840, ELBO: 3.5018, Std Total: 32.8132, Std Q: nan, CI Half: 2.8762
2026-03-28 21:36:25 | DEBUG | sivi:base_runner.py:507| eval_ksd | Epoch 1840, VI KSD: 0.3392
2026-03-28 21:36:25 | DEBUG | sivi:base_runner.py:337| eval_kl_ite | Epoch 1850, VI KL to baseline: 0.3513
2026-03-28 21:36:25 | DEBUG | sivi:base_reverse_runner.py:261| eval_kl_ite | Epoch 1850, Reverse Model KL ITE: 0.0516
2026-03-28 21:36:25 | DEBUG | sivi:base_runner.py:347| eval_w2 | Epoch 1850, VI W2 to baseline: 1.2218
2026-03-28 21:36:25 | DEBUG | sivi:base_reverse_runner.py:272| eval_w2 | Epoch 1850, Reverse Model W2: 0.0613
2026-03-28 21:36:25 | DEBUG | sivi:base_runner.py:477| eval_elbo | Epoch 1850, ELBO: 0.8613, Std Total: 17.1287, Std Q: nan, CI Half: 1.5014
2026-03-28 21:36:25 | DEBUG | sivi:base_runner.py:507| eval_ksd | Epoch 1850, VI KSD: 0.4187
2026-03-28 21:36:26 | DEBUG | sivi:base_runner.py:337| eval_kl_ite | Epoch 1860, VI KL to baseline: 0.3836
2026-03-28 21:36:26 | DEBUG | sivi:base_reverse_runner.py:261| eval_kl_ite | Epoch 1860, Reverse Model KL ITE: -0.0141
2026-03-28 21:36:26 | DEBUG | sivi:base_runner.py:347| eval_w2 | Epoch 1860, VI W2 to baseline: 1.1588
2026-03-28 21:36:26 | DEBUG | sivi:base_reverse_runner.py:272| eval_w2 | Epoch 1860, Reverse Model W2: 0.0750
2026-03-28 21:36:26 | DEBUG | sivi:base_runner.py:477| eval_elbo | Epoch 1860, ELBO: 3.7527, Std Total: 55.4426, Std Q: nan, CI Half: 4.8598
2026-03-28 21:36:26 | DEBUG | sivi:base_runner.py:507| eval_ksd | Epoch 1860, VI KSD: 0.4587
2026-03-28 21:36:27 | DEBUG | sivi:base_runner.py:337| eval_kl_ite | Epoch 1870, VI KL to baseline: 0.3621
2026-03-28 21:36:27 | DEBUG | sivi:base_reverse_runner.py:261| eval_kl_ite | Epoch 1870, Reverse Model KL ITE: 0.0267
2026-03-28 21:36:27 | DEBUG | sivi:base_runner.py:347| eval_w2 | Epoch 1870, VI W2 to baseline: 1.1974
2026-03-28 21:36:27 | DEBUG | sivi:base_reverse_runner.py:272| eval_w2 | Epoch 1870, Reverse Model W2: 0.0608
2026-03-28 21:36:27 | DEBUG | sivi:base_runner.py:477| eval_elbo | Epoch 1870, ELBO: 0.6103, Std Total: 9.8713, Std Q: nan, CI Half: 0.8653
2026-03-28 21:36:27 | DEBUG | sivi:base_runner.py:507| eval_ksd | Epoch 1870, VI KSD: 0.3228
2026-03-28 21:36:27 | DEBUG | sivi:base_runner.py:337| eval_kl_ite | Epoch 1880, VI KL to baseline: 0.3324
2026-03-28 21:36:27 | DEBUG | sivi:base_reverse_runner.py:261| eval_kl_ite | Epoch 1880, Reverse Model KL ITE: 0.0277
2026-03-28 21:36:27 | DEBUG | sivi:base_runner.py:347| eval_w2 | Epoch 1880, VI W2 to baseline: 1.1802
2026-03-28 21:36:27 | DEBUG | sivi:base_reverse_runner.py:272| eval_w2 | Epoch 1880, Reverse Model W2: 0.0612
2026-03-28 21:36:27 | DEBUG | sivi:base_runner.py:477| eval_elbo | Epoch 1880, ELBO: 0.2047, Std Total: 8.4040, Std Q: nan, CI Half: 0.7366
2026-03-28 21:36:27 | DEBUG | sivi:base_runner.py:507| eval_ksd | Epoch 1880, VI KSD: 0.3050
2026-03-28 21:36:28 | DEBUG | sivi:base_runner.py:337| eval_kl_ite | Epoch 1890, VI KL to baseline: 0.3427
2026-03-28 21:36:28 | DEBUG | sivi:base_reverse_runner.py:261| eval_kl_ite | Epoch 1890, Reverse Model KL ITE: 0.0126
2026-03-28 21:36:28 | DEBUG | sivi:base_runner.py:347| eval_w2 | Epoch 1890, VI W2 to baseline: 1.1562
2026-03-28 21:36:28 | DEBUG | sivi:base_reverse_runner.py:272| eval_w2 | Epoch 1890, Reverse Model W2: 0.0511
2026-03-28 21:36:28 | DEBUG | sivi:base_runner.py:477| eval_elbo | Epoch 1890, ELBO: 5.8444, Std Total: 84.2474, Std Q: nan, CI Half: 7.3846
2026-03-28 21:36:28 | DEBUG | sivi:base_runner.py:507| eval_ksd | Epoch 1890, VI KSD: 0.3193
2026-03-28 21:36:28 | DEBUG | sivi:base_runner.py:874| learn | Epoch 1900: Avg Loss: 0.0841, Avg Epoch Time: 0.0621s
2026-03-28 21:36:28 | DEBUG | sivi:base_runner.py:337| eval_kl_ite | Epoch 1900, VI KL to baseline: 0.3715
2026-03-28 21:36:28 | DEBUG | sivi:base_reverse_runner.py:261| eval_kl_ite | Epoch 1900, Reverse Model KL ITE: 0.0348
2026-03-28 21:36:29 | DEBUG | sivi:base_runner.py:347| eval_w2 | Epoch 1900, VI W2 to baseline: 1.2190
2026-03-28 21:36:29 | DEBUG | sivi:base_reverse_runner.py:272| eval_w2 | Epoch 1900, Reverse Model W2: 0.0781
2026-03-28 21:36:29 | DEBUG | sivi:base_runner.py:477| eval_elbo | Epoch 1900, ELBO: 1.0168, Std Total: 28.7376, Std Q: nan, CI Half: 2.5190
2026-03-28 21:36:29 | DEBUG | sivi:base_runner.py:507| eval_ksd | Epoch 1900, VI KSD: 0.4189
2026-03-28 21:36:29 | DEBUG | sivi:base_runner.py:337| eval_kl_ite | Epoch 1910, VI KL to baseline: 0.3466
2026-03-28 21:36:29 | DEBUG | sivi:base_reverse_runner.py:261| eval_kl_ite | Epoch 1910, Reverse Model KL ITE: 0.0179
2026-03-28 21:36:29 | DEBUG | sivi:base_runner.py:347| eval_w2 | Epoch 1910, VI W2 to baseline: 1.2007
2026-03-28 21:36:29 | DEBUG | sivi:base_reverse_runner.py:272| eval_w2 | Epoch 1910, Reverse Model W2: 0.0664
2026-03-28 21:36:29 | DEBUG | sivi:base_runner.py:477| eval_elbo | Epoch 1910, ELBO: 3.1642, Std Total: 45.2734, Std Q: nan, CI Half: 3.9684
2026-03-28 21:36:29 | DEBUG | sivi:base_runner.py:507| eval_ksd | Epoch 1910, VI KSD: 0.3268
2026-03-28 21:36:30 | DEBUG | sivi:base_runner.py:337| eval_kl_ite | Epoch 1920, VI KL to baseline: 0.4019
2026-03-28 21:36:30 | DEBUG | sivi:base_reverse_runner.py:261| eval_kl_ite | Epoch 1920, Reverse Model KL ITE: 0.0202
2026-03-28 21:36:30 | DEBUG | sivi:base_runner.py:347| eval_w2 | Epoch 1920, VI W2 to baseline: 1.2294
2026-03-28 21:36:30 | DEBUG | sivi:base_reverse_runner.py:272| eval_w2 | Epoch 1920, Reverse Model W2: 0.0578
2026-03-28 21:36:30 | DEBUG | sivi:base_runner.py:477| eval_elbo | Epoch 1920, ELBO: 1.2887, Std Total: 16.3429, Std Q: nan, CI Half: 1.4325
2026-03-28 21:36:30 | DEBUG | sivi:base_runner.py:507| eval_ksd | Epoch 1920, VI KSD: 0.3685
2026-03-28 21:36:30 | DEBUG | sivi:base_runner.py:337| eval_kl_ite | Epoch 1930, VI KL to baseline: 0.3818
2026-03-28 21:36:31 | DEBUG | sivi:base_reverse_runner.py:261| eval_kl_ite | Epoch 1930, Reverse Model KL ITE: 0.0154
2026-03-28 21:36:31 | DEBUG | sivi:base_runner.py:347| eval_w2 | Epoch 1930, VI W2 to baseline: 1.2258
2026-03-28 21:36:31 | DEBUG | sivi:base_reverse_runner.py:272| eval_w2 | Epoch 1930, Reverse Model W2: 0.0621
2026-03-28 21:36:31 | DEBUG | sivi:base_runner.py:477| eval_elbo | Epoch 1930, ELBO: 0.3272, Std Total: 11.5619, Std Q: nan, CI Half: 1.0134
2026-03-28 21:36:31 | DEBUG | sivi:base_runner.py:507| eval_ksd | Epoch 1930, VI KSD: 0.2700
2026-03-28 21:36:31 | DEBUG | sivi:base_runner.py:337| eval_kl_ite | Epoch 1940, VI KL to baseline: 0.4107
2026-03-28 21:36:31 | DEBUG | sivi:base_reverse_runner.py:261| eval_kl_ite | Epoch 1940, Reverse Model KL ITE: -0.0126
2026-03-28 21:36:31 | DEBUG | sivi:base_runner.py:347| eval_w2 | Epoch 1940, VI W2 to baseline: 1.2211
2026-03-28 21:36:31 | DEBUG | sivi:base_reverse_runner.py:272| eval_w2 | Epoch 1940, Reverse Model W2: 0.0704
2026-03-28 21:36:31 | DEBUG | sivi:base_runner.py:477| eval_elbo | Epoch 1940, ELBO: 3.3139, Std Total: 40.9000, Std Q: nan, CI Half: 3.5850
2026-03-28 21:36:31 | DEBUG | sivi:base_runner.py:507| eval_ksd | Epoch 1940, VI KSD: 0.4533
2026-03-28 21:36:32 | DEBUG | sivi:base_runner.py:337| eval_kl_ite | Epoch 1950, VI KL to baseline: 0.3899
2026-03-28 21:36:32 | DEBUG | sivi:base_reverse_runner.py:261| eval_kl_ite | Epoch 1950, Reverse Model KL ITE: 0.0056
2026-03-28 21:36:32 | DEBUG | sivi:base_runner.py:347| eval_w2 | Epoch 1950, VI W2 to baseline: 1.2577
2026-03-28 21:36:32 | DEBUG | sivi:base_reverse_runner.py:272| eval_w2 | Epoch 1950, Reverse Model W2: 0.0746
2026-03-28 21:36:32 | DEBUG | sivi:base_runner.py:477| eval_elbo | Epoch 1950, ELBO: 3.9028, Std Total: 53.8558, Std Q: nan, CI Half: 4.7207
2026-03-28 21:36:32 | DEBUG | sivi:base_runner.py:507| eval_ksd | Epoch 1950, VI KSD: 0.3174
2026-03-28 21:36:33 | DEBUG | sivi:base_runner.py:337| eval_kl_ite | Epoch 1960, VI KL to baseline: 0.3565
2026-03-28 21:36:33 | DEBUG | sivi:base_reverse_runner.py:261| eval_kl_ite | Epoch 1960, Reverse Model KL ITE: 0.0461
2026-03-28 21:36:33 | DEBUG | sivi:base_runner.py:347| eval_w2 | Epoch 1960, VI W2 to baseline: 1.2686
2026-03-28 21:36:33 | DEBUG | sivi:base_reverse_runner.py:272| eval_w2 | Epoch 1960, Reverse Model W2: 0.0909
2026-03-28 21:36:33 | DEBUG | sivi:base_runner.py:477| eval_elbo | Epoch 1960, ELBO: 0.6822, Std Total: 12.9294, Std Q: nan, CI Half: 1.1333
2026-03-28 21:36:33 | DEBUG | sivi:base_runner.py:507| eval_ksd | Epoch 1960, VI KSD: 0.4069
2026-03-28 21:36:33 | DEBUG | sivi:base_runner.py:337| eval_kl_ite | Epoch 1970, VI KL to baseline: 0.3213
2026-03-28 21:36:33 | DEBUG | sivi:base_reverse_runner.py:261| eval_kl_ite | Epoch 1970, Reverse Model KL ITE: 0.0408
2026-03-28 21:36:33 | DEBUG | sivi:base_runner.py:347| eval_w2 | Epoch 1970, VI W2 to baseline: 1.1739
2026-03-28 21:36:33 | DEBUG | sivi:base_reverse_runner.py:272| eval_w2 | Epoch 1970, Reverse Model W2: 0.0674
2026-03-28 21:36:33 | DEBUG | sivi:base_runner.py:477| eval_elbo | Epoch 1970, ELBO: 1.2590, Std Total: 17.3801, Std Q: nan, CI Half: 1.5234
2026-03-28 21:36:33 | DEBUG | sivi:base_runner.py:507| eval_ksd | Epoch 1970, VI KSD: 0.2689
2026-03-28 21:36:34 | DEBUG | sivi:base_runner.py:337| eval_kl_ite | Epoch 1980, VI KL to baseline: 0.3278
2026-03-28 21:36:34 | DEBUG | sivi:base_reverse_runner.py:261| eval_kl_ite | Epoch 1980, Reverse Model KL ITE: 0.0032
2026-03-28 21:36:34 | DEBUG | sivi:base_runner.py:347| eval_w2 | Epoch 1980, VI W2 to baseline: 1.1157
2026-03-28 21:36:34 | DEBUG | sivi:base_reverse_runner.py:272| eval_w2 | Epoch 1980, Reverse Model W2: 0.0635
2026-03-28 21:36:34 | DEBUG | sivi:base_runner.py:477| eval_elbo | Epoch 1980, ELBO: 0.3835, Std Total: 6.9816, Std Q: nan, CI Half: 0.6120
2026-03-28 21:36:34 | DEBUG | sivi:base_runner.py:507| eval_ksd | Epoch 1980, VI KSD: 0.3294
2026-03-28 21:36:35 | DEBUG | sivi:base_runner.py:337| eval_kl_ite | Epoch 1990, VI KL to baseline: 0.3286
2026-03-28 21:36:35 | DEBUG | sivi:base_reverse_runner.py:261| eval_kl_ite | Epoch 1990, Reverse Model KL ITE: 0.0435
2026-03-28 21:36:35 | DEBUG | sivi:base_runner.py:347| eval_w2 | Epoch 1990, VI W2 to baseline: 1.1966
2026-03-28 21:36:35 | DEBUG | sivi:base_reverse_runner.py:272| eval_w2 | Epoch 1990, Reverse Model W2: 0.0950
2026-03-28 21:36:35 | DEBUG | sivi:base_runner.py:477| eval_elbo | Epoch 1990, ELBO: 0.9258, Std Total: 18.6618, Std Q: nan, CI Half: 1.6358
2026-03-28 21:36:35 | DEBUG | sivi:base_runner.py:507| eval_ksd | Epoch 1990, VI KSD: 0.2796
2026-03-28 21:36:35 | DEBUG | sivi:base_runner.py:874| learn | Epoch 2000: Avg Loss: -0.0382, Avg Epoch Time: 0.0676s
2026-03-28 21:36:35 | DEBUG | sivi:base_reverse_runner.py:183| _training_rev_log_func | Epoch 2000, Inner epoch 1, Reverse Model Loss: 2.9071, Avg Steps: 1.0000
2026-03-28 21:36:35 | DEBUG | sivi:base_runner.py:588| save_samples | Saved 100000 samples at epoch 2000.
2026-03-28 21:36:35 | DEBUG | sivi:base_runner.py:607| save_checkpoint | Saved VIModel checkpoints at epoch 2000 to results/AISIVI/banana/20260328_213406/checkpoints/epoch_2000.
2026-03-28 21:36:35 | DEBUG | sivi:base_reverse_runner.py:476| save_checkpoint | Saved reverse checkpoints at epoch 2000 to results/AISIVI/banana/20260328_213406/checkpoints/epoch_2000.
2026-03-28 21:36:35 | DEBUG | sivi:base_runner.py:337| eval_kl_ite | Epoch 2000, VI KL to baseline: 0.3143
2026-03-28 21:36:35 | DEBUG | sivi:base_reverse_runner.py:261| eval_kl_ite | Epoch 2000, Reverse Model KL ITE: 0.0308
2026-03-28 21:36:35 | DEBUG | sivi:base_runner.py:347| eval_w2 | Epoch 2000, VI W2 to baseline: 1.1619
2026-03-28 21:36:35 | DEBUG | sivi:base_reverse_runner.py:272| eval_w2 | Epoch 2000, Reverse Model W2: 0.0531
2026-03-28 21:36:35 | DEBUG | sivi:base_runner.py:477| eval_elbo | Epoch 2000, ELBO: 3.2517, Std Total: 34.3738, Std Q: nan, CI Half: 3.0130
2026-03-28 21:36:35 | DEBUG | sivi:base_runner.py:507| eval_ksd | Epoch 2000, VI KSD: 0.3481
2026-03-28 21:36:35 | DEBUG | sivi:base_runner.py:970| learn | Saved contour plot at epoch 2000.
2026-03-28 21:36:36 | DEBUG | sivi:base_runner.py:337| eval_kl_ite | Epoch 2010, VI KL to baseline: 0.3457
2026-03-28 21:36:36 | DEBUG | sivi:base_reverse_runner.py:261| eval_kl_ite | Epoch 2010, Reverse Model KL ITE: 0.0186
2026-03-28 21:36:36 | DEBUG | sivi:base_runner.py:347| eval_w2 | Epoch 2010, VI W2 to baseline: 1.2096
2026-03-28 21:36:36 | DEBUG | sivi:base_reverse_runner.py:272| eval_w2 | Epoch 2010, Reverse Model W2: 0.0649
2026-03-28 21:36:36 | DEBUG | sivi:base_runner.py:477| eval_elbo | Epoch 2010, ELBO: 0.1838, Std Total: 8.7754, Std Q: nan, CI Half: 0.7692
2026-03-28 21:36:36 | DEBUG | sivi:base_runner.py:507| eval_ksd | Epoch 2010, VI KSD: 0.2862
2026-03-28 21:36:36 | DEBUG | sivi:base_runner.py:337| eval_kl_ite | Epoch 2020, VI KL to baseline: 0.3400
2026-03-28 21:36:37 | DEBUG | sivi:base_reverse_runner.py:261| eval_kl_ite | Epoch 2020, Reverse Model KL ITE: 0.0035
2026-03-28 21:36:37 | DEBUG | sivi:base_runner.py:347| eval_w2 | Epoch 2020, VI W2 to baseline: 1.1277
2026-03-28 21:36:37 | DEBUG | sivi:base_reverse_runner.py:272| eval_w2 | Epoch 2020, Reverse Model W2: 0.0611
2026-03-28 21:36:37 | DEBUG | sivi:base_runner.py:477| eval_elbo | Epoch 2020, ELBO: 0.7024, Std Total: 14.6365, Std Q: nan, CI Half: 1.2829
2026-03-28 21:36:37 | DEBUG | sivi:base_runner.py:507| eval_ksd | Epoch 2020, VI KSD: 0.2264
2026-03-28 21:36:37 | DEBUG | sivi:base_runner.py:337| eval_kl_ite | Epoch 2030, VI KL to baseline: 0.3288
2026-03-28 21:36:37 | DEBUG | sivi:base_reverse_runner.py:261| eval_kl_ite | Epoch 2030, Reverse Model KL ITE: 0.0472
2026-03-28 21:36:37 | DEBUG | sivi:base_runner.py:347| eval_w2 | Epoch 2030, VI W2 to baseline: 1.1399
2026-03-28 21:36:37 | DEBUG | sivi:base_reverse_runner.py:272| eval_w2 | Epoch 2030, Reverse Model W2: 0.0512
2026-03-28 21:36:37 | DEBUG | sivi:base_runner.py:477| eval_elbo | Epoch 2030, ELBO: 2.2828, Std Total: 22.8258, Std Q: nan, CI Half: 2.0008
2026-03-28 21:36:37 | DEBUG | sivi:base_runner.py:507| eval_ksd | Epoch 2030, VI KSD: 0.2338
2026-03-28 21:36:38 | DEBUG | sivi:base_runner.py:337| eval_kl_ite | Epoch 2040, VI KL to baseline: 0.3026
2026-03-28 21:36:38 | DEBUG | sivi:base_reverse_runner.py:261| eval_kl_ite | Epoch 2040, Reverse Model KL ITE: 0.0209
2026-03-28 21:36:38 | DEBUG | sivi:base_runner.py:347| eval_w2 | Epoch 2040, VI W2 to baseline: 1.1569
2026-03-28 21:36:38 | DEBUG | sivi:base_reverse_runner.py:272| eval_w2 | Epoch 2040, Reverse Model W2: 0.0704
2026-03-28 21:36:38 | DEBUG | sivi:base_runner.py:477| eval_elbo | Epoch 2040, ELBO: 0.8597, Std Total: 14.6463, Std Q: nan, CI Half: 1.2838
2026-03-28 21:36:38 | DEBUG | sivi:base_runner.py:507| eval_ksd | Epoch 2040, VI KSD: 0.2222
2026-03-28 21:36:39 | DEBUG | sivi:base_runner.py:337| eval_kl_ite | Epoch 2050, VI KL to baseline: 0.3469
2026-03-28 21:36:39 | DEBUG | sivi:base_reverse_runner.py:261| eval_kl_ite | Epoch 2050, Reverse Model KL ITE: -0.0090
2026-03-28 21:36:39 | DEBUG | sivi:base_runner.py:347| eval_w2 | Epoch 2050, VI W2 to baseline: 1.2241
2026-03-28 21:36:39 | DEBUG | sivi:base_reverse_runner.py:272| eval_w2 | Epoch 2050, Reverse Model W2: 0.0431
2026-03-28 21:36:39 | DEBUG | sivi:base_runner.py:477| eval_elbo | Epoch 2050, ELBO: 4.0268, Std Total: 44.0492, Std Q: nan, CI Half: 3.8611
2026-03-28 21:36:39 | DEBUG | sivi:base_runner.py:507| eval_ksd | Epoch 2050, VI KSD: 0.2692
2026-03-28 21:36:39 | DEBUG | sivi:base_runner.py:337| eval_kl_ite | Epoch 2060, VI KL to baseline: 0.3309
2026-03-28 21:36:39 | DEBUG | sivi:base_reverse_runner.py:261| eval_kl_ite | Epoch 2060, Reverse Model KL ITE: 0.0184
2026-03-28 21:36:39 | DEBUG | sivi:base_runner.py:347| eval_w2 | Epoch 2060, VI W2 to baseline: 1.2086
2026-03-28 21:36:39 | DEBUG | sivi:base_reverse_runner.py:272| eval_w2 | Epoch 2060, Reverse Model W2: 0.0557
2026-03-28 21:36:39 | DEBUG | sivi:base_runner.py:477| eval_elbo | Epoch 2060, ELBO: 1.1915, Std Total: 17.5036, Std Q: nan, CI Half: 1.5343
2026-03-28 21:36:39 | DEBUG | sivi:base_runner.py:507| eval_ksd | Epoch 2060, VI KSD: 0.2769
2026-03-28 21:36:40 | DEBUG | sivi:base_runner.py:337| eval_kl_ite | Epoch 2070, VI KL to baseline: 0.3341
2026-03-28 21:36:40 | DEBUG | sivi:base_reverse_runner.py:261| eval_kl_ite | Epoch 2070, Reverse Model KL ITE: 0.0289
2026-03-28 21:36:40 | DEBUG | sivi:base_runner.py:347| eval_w2 | Epoch 2070, VI W2 to baseline: 1.1910
2026-03-28 21:36:40 | DEBUG | sivi:base_reverse_runner.py:272| eval_w2 | Epoch 2070, Reverse Model W2: 0.0486
2026-03-28 21:36:40 | DEBUG | sivi:base_runner.py:477| eval_elbo | Epoch 2070, ELBO: 2.3750, Std Total: 27.2041, Std Q: nan, CI Half: 2.3845
2026-03-28 21:36:40 | DEBUG | sivi:base_runner.py:507| eval_ksd | Epoch 2070, VI KSD: 0.2678
2026-03-28 21:36:41 | DEBUG | sivi:base_runner.py:337| eval_kl_ite | Epoch 2080, VI KL to baseline: 0.3277
2026-03-28 21:36:41 | DEBUG | sivi:base_reverse_runner.py:261| eval_kl_ite | Epoch 2080, Reverse Model KL ITE: 0.0110
2026-03-28 21:36:41 | DEBUG | sivi:base_runner.py:347| eval_w2 | Epoch 2080, VI W2 to baseline: 1.1698
2026-03-28 21:36:41 | DEBUG | sivi:base_reverse_runner.py:272| eval_w2 | Epoch 2080, Reverse Model W2: 0.0652
2026-03-28 21:36:41 | DEBUG | sivi:base_runner.py:477| eval_elbo | Epoch 2080, ELBO: -0.1389, Std Total: 2.6790, Std Q: nan, CI Half: 0.2348
2026-03-28 21:36:41 | DEBUG | sivi:base_runner.py:507| eval_ksd | Epoch 2080, VI KSD: 0.2135
2026-03-28 21:36:41 | DEBUG | sivi:base_runner.py:337| eval_kl_ite | Epoch 2090, VI KL to baseline: 0.2958
2026-03-28 21:36:41 | DEBUG | sivi:base_reverse_runner.py:261| eval_kl_ite | Epoch 2090, Reverse Model KL ITE: 0.0013
2026-03-28 21:36:41 | DEBUG | sivi:base_runner.py:347| eval_w2 | Epoch 2090, VI W2 to baseline: 1.1903
2026-03-28 21:36:41 | DEBUG | sivi:base_reverse_runner.py:272| eval_w2 | Epoch 2090, Reverse Model W2: 0.0439
2026-03-28 21:36:41 | DEBUG | sivi:base_runner.py:477| eval_elbo | Epoch 2090, ELBO: 2.3528, Std Total: 44.3202, Std Q: nan, CI Half: 3.8848
2026-03-28 21:36:41 | DEBUG | sivi:base_runner.py:507| eval_ksd | Epoch 2090, VI KSD: 0.2846
2026-03-28 21:36:41 | DEBUG | sivi:base_runner.py:874| learn | Epoch 2100: Avg Loss: -0.0629, Avg Epoch Time: 0.0622s
2026-03-28 21:36:41 | DEBUG | sivi:base_runner.py:337| eval_kl_ite | Epoch 2100, VI KL to baseline: 0.2885
2026-03-28 21:36:42 | DEBUG | sivi:base_reverse_runner.py:261| eval_kl_ite | Epoch 2100, Reverse Model KL ITE: 0.0108
2026-03-28 21:36:42 | DEBUG | sivi:base_runner.py:347| eval_w2 | Epoch 2100, VI W2 to baseline: 1.1558
2026-03-28 21:36:42 | DEBUG | sivi:base_reverse_runner.py:272| eval_w2 | Epoch 2100, Reverse Model W2: 0.0783
2026-03-28 21:36:42 | DEBUG | sivi:base_runner.py:477| eval_elbo | Epoch 2100, ELBO: 2.9788, Std Total: 51.5141, Std Q: nan, CI Half: 4.5154
2026-03-28 21:36:42 | DEBUG | sivi:base_runner.py:507| eval_ksd | Epoch 2100, VI KSD: 0.3012
2026-03-28 21:36:42 | DEBUG | sivi:base_runner.py:337| eval_kl_ite | Epoch 2110, VI KL to baseline: 0.3150
2026-03-28 21:36:42 | DEBUG | sivi:base_reverse_runner.py:261| eval_kl_ite | Epoch 2110, Reverse Model KL ITE: 0.0159
2026-03-28 21:36:42 | DEBUG | sivi:base_runner.py:347| eval_w2 | Epoch 2110, VI W2 to baseline: 1.2205
2026-03-28 21:36:42 | DEBUG | sivi:base_reverse_runner.py:272| eval_w2 | Epoch 2110, Reverse Model W2: 0.0803
2026-03-28 21:36:42 | DEBUG | sivi:base_runner.py:477| eval_elbo | Epoch 2110, ELBO: 0.8105, Std Total: 10.4558, Std Q: nan, CI Half: 0.9165
2026-03-28 21:36:42 | DEBUG | sivi:base_runner.py:507| eval_ksd | Epoch 2110, VI KSD: 0.2585
2026-03-28 21:36:42 | DEBUG | sivi:base_runner.py:337| eval_kl_ite | Epoch 2120, VI KL to baseline: 0.3096
2026-03-28 21:36:42 | DEBUG | sivi:base_reverse_runner.py:261| eval_kl_ite | Epoch 2120, Reverse Model KL ITE: 0.0297
2026-03-28 21:36:42 | DEBUG | sivi:base_runner.py:347| eval_w2 | Epoch 2120, VI W2 to baseline: 1.1627
2026-03-28 21:36:42 | DEBUG | sivi:base_reverse_runner.py:272| eval_w2 | Epoch 2120, Reverse Model W2: 0.0452
2026-03-28 21:36:42 | DEBUG | sivi:base_runner.py:477| eval_elbo | Epoch 2120, ELBO: 1.4477, Std Total: 20.2949, Std Q: nan, CI Half: 1.7789
2026-03-28 21:36:42 | DEBUG | sivi:base_runner.py:507| eval_ksd | Epoch 2120, VI KSD: 0.2470
2026-03-28 21:36:43 | DEBUG | sivi:base_runner.py:337| eval_kl_ite | Epoch 2130, VI KL to baseline: 0.3182
2026-03-28 21:36:43 | DEBUG | sivi:base_reverse_runner.py:261| eval_kl_ite | Epoch 2130, Reverse Model KL ITE: 0.0327
2026-03-28 21:36:43 | DEBUG | sivi:base_runner.py:347| eval_w2 | Epoch 2130, VI W2 to baseline: 1.1398
2026-03-28 21:36:43 | DEBUG | sivi:base_reverse_runner.py:272| eval_w2 | Epoch 2130, Reverse Model W2: 0.0578
2026-03-28 21:36:43 | DEBUG | sivi:base_runner.py:477| eval_elbo | Epoch 2130, ELBO: 4.1066, Std Total: 61.9848, Std Q: nan, CI Half: 5.4332
2026-03-28 21:36:43 | DEBUG | sivi:base_runner.py:507| eval_ksd | Epoch 2130, VI KSD: 0.2097
2026-03-28 21:36:44 | DEBUG | sivi:base_runner.py:337| eval_kl_ite | Epoch 2140, VI KL to baseline: 0.2925
2026-03-28 21:36:44 | DEBUG | sivi:base_reverse_runner.py:261| eval_kl_ite | Epoch 2140, Reverse Model KL ITE: 0.0283
2026-03-28 21:36:44 | DEBUG | sivi:base_runner.py:347| eval_w2 | Epoch 2140, VI W2 to baseline: 1.1666
2026-03-28 21:36:44 | DEBUG | sivi:base_reverse_runner.py:272| eval_w2 | Epoch 2140, Reverse Model W2: 0.0534
2026-03-28 21:36:44 | DEBUG | sivi:base_runner.py:477| eval_elbo | Epoch 2140, ELBO: 2.1628, Std Total: 42.9939, Std Q: nan, CI Half: 3.7686
2026-03-28 21:36:44 | DEBUG | sivi:base_runner.py:507| eval_ksd | Epoch 2140, VI KSD: 0.3494
2026-03-28 21:36:44 | DEBUG | sivi:base_runner.py:337| eval_kl_ite | Epoch 2150, VI KL to baseline: 0.2947
2026-03-28 21:36:44 | DEBUG | sivi:base_reverse_runner.py:261| eval_kl_ite | Epoch 2150, Reverse Model KL ITE: 0.0659
2026-03-28 21:36:44 | DEBUG | sivi:base_runner.py:347| eval_w2 | Epoch 2150, VI W2 to baseline: 1.1876
2026-03-28 21:36:44 | DEBUG | sivi:base_reverse_runner.py:272| eval_w2 | Epoch 2150, Reverse Model W2: 0.0583
2026-03-28 21:36:44 | DEBUG | sivi:base_runner.py:477| eval_elbo | Epoch 2150, ELBO: 1.7727, Std Total: 16.0166, Std Q: nan, CI Half: 1.4039
2026-03-28 21:36:44 | DEBUG | sivi:base_runner.py:507| eval_ksd | Epoch 2150, VI KSD: 0.2407
2026-03-28 21:36:45 | DEBUG | sivi:base_runner.py:337| eval_kl_ite | Epoch 2160, VI KL to baseline: 0.2875
2026-03-28 21:36:45 | DEBUG | sivi:base_reverse_runner.py:261| eval_kl_ite | Epoch 2160, Reverse Model KL ITE: 0.0152
2026-03-28 21:36:45 | DEBUG | sivi:base_runner.py:347| eval_w2 | Epoch 2160, VI W2 to baseline: 1.1752
2026-03-28 21:36:45 | DEBUG | sivi:base_reverse_runner.py:272| eval_w2 | Epoch 2160, Reverse Model W2: 0.0472
2026-03-28 21:36:45 | DEBUG | sivi:base_runner.py:477| eval_elbo | Epoch 2160, ELBO: 1.8452, Std Total: 21.7301, Std Q: nan, CI Half: 1.9047
2026-03-28 21:36:45 | DEBUG | sivi:base_runner.py:507| eval_ksd | Epoch 2160, VI KSD: 0.2598
2026-03-28 21:36:45 | DEBUG | sivi:base_runner.py:337| eval_kl_ite | Epoch 2170, VI KL to baseline: 0.2946
2026-03-28 21:36:46 | DEBUG | sivi:base_reverse_runner.py:261| eval_kl_ite | Epoch 2170, Reverse Model KL ITE: 0.0068
2026-03-28 21:36:46 | DEBUG | sivi:base_runner.py:347| eval_w2 | Epoch 2170, VI W2 to baseline: 1.2201
2026-03-28 21:36:46 | DEBUG | sivi:base_reverse_runner.py:272| eval_w2 | Epoch 2170, Reverse Model W2: 0.0544
2026-03-28 21:36:46 | DEBUG | sivi:base_runner.py:477| eval_elbo | Epoch 2170, ELBO: 0.0667, Std Total: 4.1059, Std Q: nan, CI Half: 0.3599
2026-03-28 21:36:46 | DEBUG | sivi:base_runner.py:507| eval_ksd | Epoch 2170, VI KSD: 0.2108
2026-03-28 21:36:46 | DEBUG | sivi:base_runner.py:337| eval_kl_ite | Epoch 2180, VI KL to baseline: 0.3038
2026-03-28 21:36:46 | DEBUG | sivi:base_reverse_runner.py:261| eval_kl_ite | Epoch 2180, Reverse Model KL ITE: 0.0223
2026-03-28 21:36:46 | DEBUG | sivi:base_runner.py:347| eval_w2 | Epoch 2180, VI W2 to baseline: 1.1865
2026-03-28 21:36:46 | DEBUG | sivi:base_reverse_runner.py:272| eval_w2 | Epoch 2180, Reverse Model W2: 0.0473
2026-03-28 21:36:46 | DEBUG | sivi:base_runner.py:477| eval_elbo | Epoch 2180, ELBO: 1.2385, Std Total: 17.5892, Std Q: nan, CI Half: 1.5418
2026-03-28 21:36:46 | DEBUG | sivi:base_runner.py:507| eval_ksd | Epoch 2180, VI KSD: 0.2881
2026-03-28 21:36:47 | DEBUG | sivi:base_runner.py:337| eval_kl_ite | Epoch 2190, VI KL to baseline: 0.3160
2026-03-28 21:36:47 | DEBUG | sivi:base_reverse_runner.py:261| eval_kl_ite | Epoch 2190, Reverse Model KL ITE: 0.0287
2026-03-28 21:36:47 | DEBUG | sivi:base_runner.py:347| eval_w2 | Epoch 2190, VI W2 to baseline: 1.1637
2026-03-28 21:36:47 | DEBUG | sivi:base_reverse_runner.py:272| eval_w2 | Epoch 2190, Reverse Model W2: 0.0757
2026-03-28 21:36:47 | DEBUG | sivi:base_runner.py:477| eval_elbo | Epoch 2190, ELBO: 1.5625, Std Total: 17.5980, Std Q: nan, CI Half: 1.5425
2026-03-28 21:36:47 | DEBUG | sivi:base_runner.py:507| eval_ksd | Epoch 2190, VI KSD: 0.2088
2026-03-28 21:36:47 | DEBUG | sivi:base_runner.py:874| learn | Epoch 2200: Avg Loss: -0.0127, Avg Epoch Time: 0.0568s
2026-03-28 21:36:47 | DEBUG | sivi:base_runner.py:337| eval_kl_ite | Epoch 2200, VI KL to baseline: 0.3214
2026-03-28 21:36:47 | DEBUG | sivi:base_reverse_runner.py:261| eval_kl_ite | Epoch 2200, Reverse Model KL ITE: 0.0317
2026-03-28 21:36:47 | DEBUG | sivi:base_runner.py:347| eval_w2 | Epoch 2200, VI W2 to baseline: 1.1507
2026-03-28 21:36:47 | DEBUG | sivi:base_reverse_runner.py:272| eval_w2 | Epoch 2200, Reverse Model W2: 0.0658
2026-03-28 21:36:47 | DEBUG | sivi:base_runner.py:477| eval_elbo | Epoch 2200, ELBO: 0.0459, Std Total: 6.8300, Std Q: nan, CI Half: 0.5987
2026-03-28 21:36:47 | DEBUG | sivi:base_runner.py:507| eval_ksd | Epoch 2200, VI KSD: 0.2402
2026-03-28 21:36:48 | DEBUG | sivi:base_runner.py:337| eval_kl_ite | Epoch 2210, VI KL to baseline: 0.3124
2026-03-28 21:36:48 | DEBUG | sivi:base_reverse_runner.py:261| eval_kl_ite | Epoch 2210, Reverse Model KL ITE: 0.0273
2026-03-28 21:36:48 | DEBUG | sivi:base_runner.py:347| eval_w2 | Epoch 2210, VI W2 to baseline: 1.1459
2026-03-28 21:36:48 | DEBUG | sivi:base_reverse_runner.py:272| eval_w2 | Epoch 2210, Reverse Model W2: 0.0618
2026-03-28 21:36:48 | DEBUG | sivi:base_runner.py:477| eval_elbo | Epoch 2210, ELBO: 2.9483, Std Total: 28.5412, Std Q: nan, CI Half: 2.5017
2026-03-28 21:36:48 | DEBUG | sivi:base_runner.py:507| eval_ksd | Epoch 2210, VI KSD: 0.2464
2026-03-28 21:36:48 | DEBUG | sivi:base_runner.py:337| eval_kl_ite | Epoch 2220, VI KL to baseline: 0.2859
2026-03-28 21:36:48 | DEBUG | sivi:base_reverse_runner.py:261| eval_kl_ite | Epoch 2220, Reverse Model KL ITE: 0.0210
2026-03-28 21:36:48 | DEBUG | sivi:base_runner.py:347| eval_w2 | Epoch 2220, VI W2 to baseline: 1.1548
2026-03-28 21:36:49 | DEBUG | sivi:base_reverse_runner.py:272| eval_w2 | Epoch 2220, Reverse Model W2: 0.0522
2026-03-28 21:36:49 | DEBUG | sivi:base_runner.py:477| eval_elbo | Epoch 2220, ELBO: 4.1997, Std Total: 41.3158, Std Q: nan, CI Half: 3.6215
2026-03-28 21:36:49 | DEBUG | sivi:base_runner.py:507| eval_ksd | Epoch 2220, VI KSD: 0.2425
2026-03-28 21:36:49 | DEBUG | sivi:base_runner.py:337| eval_kl_ite | Epoch 2230, VI KL to baseline: 0.2775
2026-03-28 21:36:49 | DEBUG | sivi:base_reverse_runner.py:261| eval_kl_ite | Epoch 2230, Reverse Model KL ITE: 0.0213
2026-03-28 21:36:49 | DEBUG | sivi:base_runner.py:347| eval_w2 | Epoch 2230, VI W2 to baseline: 1.1837
2026-03-28 21:36:49 | DEBUG | sivi:base_reverse_runner.py:272| eval_w2 | Epoch 2230, Reverse Model W2: 0.0456
2026-03-28 21:36:49 | DEBUG | sivi:base_runner.py:477| eval_elbo | Epoch 2230, ELBO: 0.3399, Std Total: 9.9635, Std Q: nan, CI Half: 0.8733
2026-03-28 21:36:49 | DEBUG | sivi:base_runner.py:507| eval_ksd | Epoch 2230, VI KSD: 0.2792
2026-03-28 21:36:50 | DEBUG | sivi:base_runner.py:337| eval_kl_ite | Epoch 2240, VI KL to baseline: 0.2922
2026-03-28 21:36:50 | DEBUG | sivi:base_reverse_runner.py:261| eval_kl_ite | Epoch 2240, Reverse Model KL ITE: 0.0101
2026-03-28 21:36:50 | DEBUG | sivi:base_runner.py:347| eval_w2 | Epoch 2240, VI W2 to baseline: 1.1361
2026-03-28 21:36:50 | DEBUG | sivi:base_reverse_runner.py:272| eval_w2 | Epoch 2240, Reverse Model W2: 0.0601
2026-03-28 21:36:50 | DEBUG | sivi:base_runner.py:477| eval_elbo | Epoch 2240, ELBO: 1.3903, Std Total: 15.3825, Std Q: nan, CI Half: 1.3483
2026-03-28 21:36:50 | DEBUG | sivi:base_runner.py:507| eval_ksd | Epoch 2240, VI KSD: 0.2272
2026-03-28 21:36:50 | DEBUG | sivi:base_runner.py:337| eval_kl_ite | Epoch 2250, VI KL to baseline: 0.3036
2026-03-28 21:36:50 | DEBUG | sivi:base_reverse_runner.py:261| eval_kl_ite | Epoch 2250, Reverse Model KL ITE: 0.0319
2026-03-28 21:36:50 | DEBUG | sivi:base_runner.py:347| eval_w2 | Epoch 2250, VI W2 to baseline: 1.1544
2026-03-28 21:36:50 | DEBUG | sivi:base_reverse_runner.py:272| eval_w2 | Epoch 2250, Reverse Model W2: 0.1019
2026-03-28 21:36:50 | DEBUG | sivi:base_runner.py:477| eval_elbo | Epoch 2250, ELBO: 4.9202, Std Total: 57.4098, Std Q: nan, CI Half: 5.0322
2026-03-28 21:36:50 | DEBUG | sivi:base_runner.py:507| eval_ksd | Epoch 2250, VI KSD: 0.2339
2026-03-28 21:36:51 | DEBUG | sivi:base_runner.py:337| eval_kl_ite | Epoch 2260, VI KL to baseline: 0.2912
2026-03-28 21:36:51 | DEBUG | sivi:base_reverse_runner.py:261| eval_kl_ite | Epoch 2260, Reverse Model KL ITE: 0.0094
2026-03-28 21:36:51 | DEBUG | sivi:base_runner.py:347| eval_w2 | Epoch 2260, VI W2 to baseline: 1.1019
2026-03-28 21:36:51 | DEBUG | sivi:base_reverse_runner.py:272| eval_w2 | Epoch 2260, Reverse Model W2: 0.0584
2026-03-28 21:36:51 | DEBUG | sivi:base_runner.py:477| eval_elbo | Epoch 2260, ELBO: 2.4246, Std Total: 38.6146, Std Q: nan, CI Half: 3.3847
2026-03-28 21:36:51 | DEBUG | sivi:base_runner.py:507| eval_ksd | Epoch 2260, VI KSD: 0.3043
2026-03-28 21:36:51 | DEBUG | sivi:base_runner.py:337| eval_kl_ite | Epoch 2270, VI KL to baseline: 0.2945
2026-03-28 21:36:51 | DEBUG | sivi:base_reverse_runner.py:261| eval_kl_ite | Epoch 2270, Reverse Model KL ITE: 0.0185
2026-03-28 21:36:51 | DEBUG | sivi:base_runner.py:347| eval_w2 | Epoch 2270, VI W2 to baseline: 1.1593
2026-03-28 21:36:51 | DEBUG | sivi:base_reverse_runner.py:272| eval_w2 | Epoch 2270, Reverse Model W2: 0.0404
2026-03-28 21:36:51 | DEBUG | sivi:base_runner.py:477| eval_elbo | Epoch 2270, ELBO: 1.9256, Std Total: 20.9052, Std Q: nan, CI Half: 1.8324
2026-03-28 21:36:51 | DEBUG | sivi:base_runner.py:507| eval_ksd | Epoch 2270, VI KSD: 0.3061
2026-03-28 21:36:52 | DEBUG | sivi:base_runner.py:337| eval_kl_ite | Epoch 2280, VI KL to baseline: 0.2877
2026-03-28 21:36:52 | DEBUG | sivi:base_reverse_runner.py:261| eval_kl_ite | Epoch 2280, Reverse Model KL ITE: 0.0010
2026-03-28 21:36:52 | DEBUG | sivi:base_runner.py:347| eval_w2 | Epoch 2280, VI W2 to baseline: 1.1056
2026-03-28 21:36:52 | DEBUG | sivi:base_reverse_runner.py:272| eval_w2 | Epoch 2280, Reverse Model W2: 0.0431
2026-03-28 21:36:52 | DEBUG | sivi:base_runner.py:477| eval_elbo | Epoch 2280, ELBO: 0.6876, Std Total: 13.3895, Std Q: nan, CI Half: 1.1736
2026-03-28 21:36:52 | DEBUG | sivi:base_runner.py:507| eval_ksd | Epoch 2280, VI KSD: 0.1714
2026-03-28 21:36:52 | DEBUG | sivi:base_runner.py:337| eval_kl_ite | Epoch 2290, VI KL to baseline: 0.2834
2026-03-28 21:36:52 | DEBUG | sivi:base_reverse_runner.py:261| eval_kl_ite | Epoch 2290, Reverse Model KL ITE: 0.0106
2026-03-28 21:36:52 | DEBUG | sivi:base_runner.py:347| eval_w2 | Epoch 2290, VI W2 to baseline: 1.0921
2026-03-28 21:36:52 | DEBUG | sivi:base_reverse_runner.py:272| eval_w2 | Epoch 2290, Reverse Model W2: 0.0557
2026-03-28 21:36:52 | DEBUG | sivi:base_runner.py:477| eval_elbo | Epoch 2290, ELBO: 3.2568, Std Total: 31.6371, Std Q: nan, CI Half: 2.7731
2026-03-28 21:36:52 | DEBUG | sivi:base_runner.py:507| eval_ksd | Epoch 2290, VI KSD: 0.2871
2026-03-28 21:36:53 | DEBUG | sivi:base_runner.py:874| learn | Epoch 2300: Avg Loss: 0.0308, Avg Epoch Time: 0.0593s
2026-03-28 21:36:53 | DEBUG | sivi:base_runner.py:337| eval_kl_ite | Epoch 2300, VI KL to baseline: 0.2775
2026-03-28 21:36:53 | DEBUG | sivi:base_reverse_runner.py:261| eval_kl_ite | Epoch 2300, Reverse Model KL ITE: 0.0143
2026-03-28 21:36:53 | DEBUG | sivi:base_runner.py:347| eval_w2 | Epoch 2300, VI W2 to baseline: 1.1061
2026-03-28 21:36:53 | DEBUG | sivi:base_reverse_runner.py:272| eval_w2 | Epoch 2300, Reverse Model W2: 0.0452
2026-03-28 21:36:53 | DEBUG | sivi:base_runner.py:477| eval_elbo | Epoch 2300, ELBO: 0.8784, Std Total: 21.0139, Std Q: nan, CI Half: 1.8419
2026-03-28 21:36:53 | DEBUG | sivi:base_runner.py:507| eval_ksd | Epoch 2300, VI KSD: 0.1368
2026-03-28 21:36:54 | DEBUG | sivi:base_runner.py:337| eval_kl_ite | Epoch 2310, VI KL to baseline: 0.2743
2026-03-28 21:36:54 | DEBUG | sivi:base_reverse_runner.py:261| eval_kl_ite | Epoch 2310, Reverse Model KL ITE: 0.0048
2026-03-28 21:36:54 | DEBUG | sivi:base_runner.py:347| eval_w2 | Epoch 2310, VI W2 to baseline: 1.1454
2026-03-28 21:36:54 | DEBUG | sivi:base_reverse_runner.py:272| eval_w2 | Epoch 2310, Reverse Model W2: 0.0544
2026-03-28 21:36:54 | DEBUG | sivi:base_runner.py:477| eval_elbo | Epoch 2310, ELBO: 3.0308, Std Total: 50.4785, Std Q: nan, CI Half: 4.4246
2026-03-28 21:36:54 | DEBUG | sivi:base_runner.py:507| eval_ksd | Epoch 2310, VI KSD: 0.1891
2026-03-28 21:36:54 | DEBUG | sivi:base_runner.py:337| eval_kl_ite | Epoch 2320, VI KL to baseline: 0.2412
2026-03-28 21:36:55 | DEBUG | sivi:base_reverse_runner.py:261| eval_kl_ite | Epoch 2320, Reverse Model KL ITE: 0.0109
2026-03-28 21:36:55 | DEBUG | sivi:base_runner.py:347| eval_w2 | Epoch 2320, VI W2 to baseline: 1.0801
2026-03-28 21:36:55 | DEBUG | sivi:base_reverse_runner.py:272| eval_w2 | Epoch 2320, Reverse Model W2: 0.0507
2026-03-28 21:36:55 | DEBUG | sivi:base_runner.py:477| eval_elbo | Epoch 2320, ELBO: 1.6697, Std Total: 24.4542, Std Q: nan, CI Half: 2.1435
2026-03-28 21:36:55 | DEBUG | sivi:base_runner.py:507| eval_ksd | Epoch 2320, VI KSD: 0.2289
2026-03-28 21:36:55 | DEBUG | sivi:base_runner.py:337| eval_kl_ite | Epoch 2330, VI KL to baseline: 0.2577
2026-03-28 21:36:55 | DEBUG | sivi:base_reverse_runner.py:261| eval_kl_ite | Epoch 2330, Reverse Model KL ITE: -0.0038
2026-03-28 21:36:55 | DEBUG | sivi:base_runner.py:347| eval_w2 | Epoch 2330, VI W2 to baseline: 1.1505
2026-03-28 21:36:55 | DEBUG | sivi:base_reverse_runner.py:272| eval_w2 | Epoch 2330, Reverse Model W2: 0.0514
2026-03-28 21:36:55 | DEBUG | sivi:base_runner.py:477| eval_elbo | Epoch 2330, ELBO: 1.9722, Std Total: 24.6734, Std Q: nan, CI Half: 2.1627
2026-03-28 21:36:55 | DEBUG | sivi:base_runner.py:507| eval_ksd | Epoch 2330, VI KSD: 0.1759
2026-03-28 21:36:56 | DEBUG | sivi:base_runner.py:337| eval_kl_ite | Epoch 2340, VI KL to baseline: 0.2892
2026-03-28 21:36:56 | DEBUG | sivi:base_reverse_runner.py:261| eval_kl_ite | Epoch 2340, Reverse Model KL ITE: 0.0035
2026-03-28 21:36:56 | DEBUG | sivi:base_runner.py:347| eval_w2 | Epoch 2340, VI W2 to baseline: 1.0807
2026-03-28 21:36:56 | DEBUG | sivi:base_reverse_runner.py:272| eval_w2 | Epoch 2340, Reverse Model W2: 0.0630
2026-03-28 21:36:56 | DEBUG | sivi:base_runner.py:477| eval_elbo | Epoch 2340, ELBO: 1.5963, Std Total: 24.5342, Std Q: nan, CI Half: 2.1505
2026-03-28 21:36:56 | DEBUG | sivi:base_runner.py:507| eval_ksd | Epoch 2340, VI KSD: 0.1771
2026-03-28 21:36:57 | DEBUG | sivi:base_runner.py:337| eval_kl_ite | Epoch 2350, VI KL to baseline: 0.2648
2026-03-28 21:36:57 | DEBUG | sivi:base_reverse_runner.py:261| eval_kl_ite | Epoch 2350, Reverse Model KL ITE: -0.0012
2026-03-28 21:36:57 | DEBUG | sivi:base_runner.py:347| eval_w2 | Epoch 2350, VI W2 to baseline: 1.0588
2026-03-28 21:36:57 | DEBUG | sivi:base_reverse_runner.py:272| eval_w2 | Epoch 2350, Reverse Model W2: 0.0503
2026-03-28 21:36:57 | DEBUG | sivi:base_runner.py:477| eval_elbo | Epoch 2350, ELBO: 2.1614, Std Total: 36.3576, Std Q: nan, CI Half: 3.1869
2026-03-28 21:36:57 | DEBUG | sivi:base_runner.py:507| eval_ksd | Epoch 2350, VI KSD: 0.1612
2026-03-28 21:36:57 | DEBUG | sivi:base_runner.py:337| eval_kl_ite | Epoch 2360, VI KL to baseline: 0.2947
2026-03-28 21:36:57 | DEBUG | sivi:base_reverse_runner.py:261| eval_kl_ite | Epoch 2360, Reverse Model KL ITE: 0.0383
2026-03-28 21:36:57 | DEBUG | sivi:base_runner.py:347| eval_w2 | Epoch 2360, VI W2 to baseline: 1.1700
2026-03-28 21:36:57 | DEBUG | sivi:base_reverse_runner.py:272| eval_w2 | Epoch 2360, Reverse Model W2: 0.0495
2026-03-28 21:36:57 | DEBUG | sivi:base_runner.py:477| eval_elbo | Epoch 2360, ELBO: 1.6459, Std Total: 19.2250, Std Q: nan, CI Half: 1.6851
2026-03-28 21:36:57 | DEBUG | sivi:base_runner.py:507| eval_ksd | Epoch 2360, VI KSD: 0.1608
2026-03-28 21:36:58 | DEBUG | sivi:base_runner.py:337| eval_kl_ite | Epoch 2370, VI KL to baseline: 0.2576
2026-03-28 21:36:58 | DEBUG | sivi:base_reverse_runner.py:261| eval_kl_ite | Epoch 2370, Reverse Model KL ITE: 0.0306
2026-03-28 21:36:58 | DEBUG | sivi:base_runner.py:347| eval_w2 | Epoch 2370, VI W2 to baseline: 1.1526
2026-03-28 21:36:58 | DEBUG | sivi:base_reverse_runner.py:272| eval_w2 | Epoch 2370, Reverse Model W2: 0.0424
2026-03-28 21:36:58 | DEBUG | sivi:base_runner.py:477| eval_elbo | Epoch 2370, ELBO: 2.0281, Std Total: 20.2638, Std Q: nan, CI Half: 1.7762
2026-03-28 21:36:58 | DEBUG | sivi:base_runner.py:507| eval_ksd | Epoch 2370, VI KSD: 0.2485
2026-03-28 21:36:59 | DEBUG | sivi:base_runner.py:337| eval_kl_ite | Epoch 2380, VI KL to baseline: 0.2739
2026-03-28 21:36:59 | DEBUG | sivi:base_reverse_runner.py:261| eval_kl_ite | Epoch 2380, Reverse Model KL ITE: 0.0143
2026-03-28 21:36:59 | DEBUG | sivi:base_runner.py:347| eval_w2 | Epoch 2380, VI W2 to baseline: 1.1083
2026-03-28 21:36:59 | DEBUG | sivi:base_reverse_runner.py:272| eval_w2 | Epoch 2380, Reverse Model W2: 0.0511
2026-03-28 21:36:59 | DEBUG | sivi:base_runner.py:477| eval_elbo | Epoch 2380, ELBO: 8.0799, Std Total: 105.6928, Std Q: nan, CI Half: 9.2644
2026-03-28 21:36:59 | DEBUG | sivi:base_runner.py:507| eval_ksd | Epoch 2380, VI KSD: 0.2060
2026-03-28 21:36:59 | DEBUG | sivi:base_runner.py:337| eval_kl_ite | Epoch 2390, VI KL to baseline: 0.2864
2026-03-28 21:36:59 | DEBUG | sivi:base_reverse_runner.py:261| eval_kl_ite | Epoch 2390, Reverse Model KL ITE: 0.0152
2026-03-28 21:36:59 | DEBUG | sivi:base_runner.py:347| eval_w2 | Epoch 2390, VI W2 to baseline: 1.1286
2026-03-28 21:36:59 | DEBUG | sivi:base_reverse_runner.py:272| eval_w2 | Epoch 2390, Reverse Model W2: 0.0592
2026-03-28 21:36:59 | DEBUG | sivi:base_runner.py:477| eval_elbo | Epoch 2390, ELBO: 0.5675, Std Total: 12.5822, Std Q: nan, CI Half: 1.1029
2026-03-28 21:36:59 | DEBUG | sivi:base_runner.py:507| eval_ksd | Epoch 2390, VI KSD: 0.2223
2026-03-28 21:37:00 | DEBUG | sivi:base_runner.py:874| learn | Epoch 2400: Avg Loss: 0.0415, Avg Epoch Time: 0.0698s
2026-03-28 21:37:00 | DEBUG | sivi:base_runner.py:337| eval_kl_ite | Epoch 2400, VI KL to baseline: 0.2723
2026-03-28 21:37:00 | DEBUG | sivi:base_reverse_runner.py:261| eval_kl_ite | Epoch 2400, Reverse Model KL ITE: 0.0117
2026-03-28 21:37:00 | DEBUG | sivi:base_runner.py:347| eval_w2 | Epoch 2400, VI W2 to baseline: 1.1546
2026-03-28 21:37:00 | DEBUG | sivi:base_reverse_runner.py:272| eval_w2 | Epoch 2400, Reverse Model W2: 0.0513
2026-03-28 21:37:00 | DEBUG | sivi:base_runner.py:477| eval_elbo | Epoch 2400, ELBO: 1.4576, Std Total: 20.5451, Std Q: nan, CI Half: 1.8009
2026-03-28 21:37:00 | DEBUG | sivi:base_runner.py:507| eval_ksd | Epoch 2400, VI KSD: 0.1936
2026-03-28 21:37:01 | DEBUG | sivi:base_runner.py:337| eval_kl_ite | Epoch 2410, VI KL to baseline: 0.2469
2026-03-28 21:37:01 | DEBUG | sivi:base_reverse_runner.py:261| eval_kl_ite | Epoch 2410, Reverse Model KL ITE: 0.0103
2026-03-28 21:37:01 | DEBUG | sivi:base_runner.py:347| eval_w2 | Epoch 2410, VI W2 to baseline: 1.0744
2026-03-28 21:37:01 | DEBUG | sivi:base_reverse_runner.py:272| eval_w2 | Epoch 2410, Reverse Model W2: 0.0438
2026-03-28 21:37:01 | DEBUG | sivi:base_runner.py:477| eval_elbo | Epoch 2410, ELBO: 1.9823, Std Total: 22.3174, Std Q: nan, CI Half: 1.9562
2026-03-28 21:37:01 | DEBUG | sivi:base_runner.py:507| eval_ksd | Epoch 2410, VI KSD: 0.1747
2026-03-28 21:37:01 | DEBUG | sivi:base_runner.py:337| eval_kl_ite | Epoch 2420, VI KL to baseline: 0.2671
2026-03-28 21:37:01 | DEBUG | sivi:base_reverse_runner.py:261| eval_kl_ite | Epoch 2420, Reverse Model KL ITE: -0.0020
2026-03-28 21:37:01 | DEBUG | sivi:base_runner.py:347| eval_w2 | Epoch 2420, VI W2 to baseline: 1.0534
2026-03-28 21:37:01 | DEBUG | sivi:base_reverse_runner.py:272| eval_w2 | Epoch 2420, Reverse Model W2: 0.0471
2026-03-28 21:37:01 | DEBUG | sivi:base_runner.py:477| eval_elbo | Epoch 2420, ELBO: 1.1541, Std Total: 10.7346, Std Q: nan, CI Half: 0.9409
2026-03-28 21:37:01 | DEBUG | sivi:base_runner.py:507| eval_ksd | Epoch 2420, VI KSD: 0.1868
2026-03-28 21:37:02 | DEBUG | sivi:base_runner.py:337| eval_kl_ite | Epoch 2430, VI KL to baseline: 0.2672
2026-03-28 21:37:02 | DEBUG | sivi:base_reverse_runner.py:261| eval_kl_ite | Epoch 2430, Reverse Model KL ITE: 0.0156
2026-03-28 21:37:02 | DEBUG | sivi:base_runner.py:347| eval_w2 | Epoch 2430, VI W2 to baseline: 1.0480
2026-03-28 21:37:02 | DEBUG | sivi:base_reverse_runner.py:272| eval_w2 | Epoch 2430, Reverse Model W2: 0.0515
2026-03-28 21:37:02 | DEBUG | sivi:base_runner.py:477| eval_elbo | Epoch 2430, ELBO: 2.2012, Std Total: 22.7951, Std Q: nan, CI Half: 1.9981
2026-03-28 21:37:02 | DEBUG | sivi:base_runner.py:507| eval_ksd | Epoch 2430, VI KSD: 0.1640
2026-03-28 21:37:03 | DEBUG | sivi:base_runner.py:337| eval_kl_ite | Epoch 2440, VI KL to baseline: 0.2625
2026-03-28 21:37:03 | DEBUG | sivi:base_reverse_runner.py:261| eval_kl_ite | Epoch 2440, Reverse Model KL ITE: -0.0165
2026-03-28 21:37:03 | DEBUG | sivi:base_runner.py:347| eval_w2 | Epoch 2440, VI W2 to baseline: 1.0971
2026-03-28 21:37:03 | DEBUG | sivi:base_reverse_runner.py:272| eval_w2 | Epoch 2440, Reverse Model W2: 0.0632
2026-03-28 21:37:03 | DEBUG | sivi:base_runner.py:477| eval_elbo | Epoch 2440, ELBO: 2.7393, Std Total: 26.3843, Std Q: nan, CI Half: 2.3127
2026-03-28 21:37:03 | DEBUG | sivi:base_runner.py:507| eval_ksd | Epoch 2440, VI KSD: 0.1796
2026-03-28 21:37:03 | DEBUG | sivi:base_runner.py:337| eval_kl_ite | Epoch 2450, VI KL to baseline: 0.2690
2026-03-28 21:37:03 | DEBUG | sivi:base_reverse_runner.py:261| eval_kl_ite | Epoch 2450, Reverse Model KL ITE: 0.0290
2026-03-28 21:37:03 | DEBUG | sivi:base_runner.py:347| eval_w2 | Epoch 2450, VI W2 to baseline: 1.0327
2026-03-28 21:37:03 | DEBUG | sivi:base_reverse_runner.py:272| eval_w2 | Epoch 2450, Reverse Model W2: 0.0448
2026-03-28 21:37:03 | DEBUG | sivi:base_runner.py:477| eval_elbo | Epoch 2450, ELBO: 2.5697, Std Total: 26.6565, Std Q: nan, CI Half: 2.3365
2026-03-28 21:37:03 | DEBUG | sivi:base_runner.py:507| eval_ksd | Epoch 2450, VI KSD: 0.1142
2026-03-28 21:37:04 | DEBUG | sivi:base_runner.py:337| eval_kl_ite | Epoch 2460, VI KL to baseline: 0.2517
2026-03-28 21:37:04 | DEBUG | sivi:base_reverse_runner.py:261| eval_kl_ite | Epoch 2460, Reverse Model KL ITE: 0.0505
2026-03-28 21:37:04 | DEBUG | sivi:base_runner.py:347| eval_w2 | Epoch 2460, VI W2 to baseline: 1.0663
2026-03-28 21:37:04 | DEBUG | sivi:base_reverse_runner.py:272| eval_w2 | Epoch 2460, Reverse Model W2: 0.0515
2026-03-28 21:37:04 | DEBUG | sivi:base_runner.py:477| eval_elbo | Epoch 2460, ELBO: 4.1730, Std Total: 56.6297, Std Q: nan, CI Half: 4.9638
2026-03-28 21:37:04 | DEBUG | sivi:base_runner.py:507| eval_ksd | Epoch 2460, VI KSD: 0.1749
2026-03-28 21:37:05 | DEBUG | sivi:base_runner.py:337| eval_kl_ite | Epoch 2470, VI KL to baseline: 0.2361
2026-03-28 21:37:05 | DEBUG | sivi:base_reverse_runner.py:261| eval_kl_ite | Epoch 2470, Reverse Model KL ITE: -0.0031
2026-03-28 21:37:05 | DEBUG | sivi:base_runner.py:347| eval_w2 | Epoch 2470, VI W2 to baseline: 1.0265
2026-03-28 21:37:05 | DEBUG | sivi:base_reverse_runner.py:272| eval_w2 | Epoch 2470, Reverse Model W2: 0.0604
2026-03-28 21:37:05 | DEBUG | sivi:base_runner.py:477| eval_elbo | Epoch 2470, ELBO: 2.1900, Std Total: 27.4559, Std Q: nan, CI Half: 2.4066
2026-03-28 21:37:05 | DEBUG | sivi:base_runner.py:507| eval_ksd | Epoch 2470, VI KSD: 0.1329
2026-03-28 21:37:05 | DEBUG | sivi:base_runner.py:337| eval_kl_ite | Epoch 2480, VI KL to baseline: 0.2407
2026-03-28 21:37:06 | DEBUG | sivi:base_reverse_runner.py:261| eval_kl_ite | Epoch 2480, Reverse Model KL ITE: 0.0174
2026-03-28 21:37:06 | DEBUG | sivi:base_runner.py:347| eval_w2 | Epoch 2480, VI W2 to baseline: 1.0223
2026-03-28 21:37:06 | DEBUG | sivi:base_reverse_runner.py:272| eval_w2 | Epoch 2480, Reverse Model W2: 0.0475
2026-03-28 21:37:06 | DEBUG | sivi:base_runner.py:477| eval_elbo | Epoch 2480, ELBO: 2.3438, Std Total: 25.1282, Std Q: nan, CI Half: 2.2026
2026-03-28 21:37:06 | DEBUG | sivi:base_runner.py:507| eval_ksd | Epoch 2480, VI KSD: 0.1663
2026-03-28 21:37:06 | DEBUG | sivi:base_runner.py:337| eval_kl_ite | Epoch 2490, VI KL to baseline: 0.2609
2026-03-28 21:37:06 | DEBUG | sivi:base_reverse_runner.py:261| eval_kl_ite | Epoch 2490, Reverse Model KL ITE: -0.0101
2026-03-28 21:37:06 | DEBUG | sivi:base_runner.py:347| eval_w2 | Epoch 2490, VI W2 to baseline: 1.0571
2026-03-28 21:37:06 | DEBUG | sivi:base_reverse_runner.py:272| eval_w2 | Epoch 2490, Reverse Model W2: 0.0452
2026-03-28 21:37:06 | DEBUG | sivi:base_runner.py:477| eval_elbo | Epoch 2490, ELBO: 1.2239, Std Total: 20.4068, Std Q: nan, CI Half: 1.7887
2026-03-28 21:37:06 | DEBUG | sivi:base_runner.py:507| eval_ksd | Epoch 2490, VI KSD: 0.1885
2026-03-28 21:37:07 | DEBUG | sivi:base_runner.py:874| learn | Epoch 2500: Avg Loss: 0.0597, Avg Epoch Time: 0.0684s
2026-03-28 21:37:07 | DEBUG | sivi:base_reverse_runner.py:183| _training_rev_log_func | Epoch 2500, Inner epoch 1, Reverse Model Loss: 2.6743, Avg Steps: 1.0000
2026-03-28 21:37:07 | DEBUG | sivi:base_runner.py:588| save_samples | Saved 100000 samples at epoch 2500.
2026-03-28 21:37:07 | DEBUG | sivi:base_runner.py:337| eval_kl_ite | Epoch 2500, VI KL to baseline: 0.2399
2026-03-28 21:37:07 | DEBUG | sivi:base_reverse_runner.py:261| eval_kl_ite | Epoch 2500, Reverse Model KL ITE: 0.0323
2026-03-28 21:37:07 | DEBUG | sivi:base_runner.py:347| eval_w2 | Epoch 2500, VI W2 to baseline: 1.0513
2026-03-28 21:37:07 | DEBUG | sivi:base_reverse_runner.py:272| eval_w2 | Epoch 2500, Reverse Model W2: 0.0652
2026-03-28 21:37:07 | DEBUG | sivi:base_runner.py:477| eval_elbo | Epoch 2500, ELBO: 1.6855, Std Total: 26.5801, Std Q: nan, CI Half: 2.3298
2026-03-28 21:37:07 | DEBUG | sivi:base_runner.py:507| eval_ksd | Epoch 2500, VI KSD: 0.2133
2026-03-28 21:37:07 | DEBUG | sivi:base_runner.py:970| learn | Saved contour plot at epoch 2500.
2026-03-28 21:37:08 | DEBUG | sivi:base_runner.py:337| eval_kl_ite | Epoch 2510, VI KL to baseline: 0.2601
2026-03-28 21:37:08 | DEBUG | sivi:base_reverse_runner.py:261| eval_kl_ite | Epoch 2510, Reverse Model KL ITE: 0.0141
2026-03-28 21:37:08 | DEBUG | sivi:base_runner.py:347| eval_w2 | Epoch 2510, VI W2 to baseline: 1.0696
2026-03-28 21:37:08 | DEBUG | sivi:base_reverse_runner.py:272| eval_w2 | Epoch 2510, Reverse Model W2: 0.0433
2026-03-28 21:37:08 | DEBUG | sivi:base_runner.py:477| eval_elbo | Epoch 2510, ELBO: 0.6409, Std Total: 13.1357, Std Q: nan, CI Half: 1.1514
2026-03-28 21:37:08 | DEBUG | sivi:base_runner.py:507| eval_ksd | Epoch 2510, VI KSD: 0.1786
2026-03-28 21:37:08 | DEBUG | sivi:base_runner.py:337| eval_kl_ite | Epoch 2520, VI KL to baseline: 0.2514
2026-03-28 21:37:09 | DEBUG | sivi:base_reverse_runner.py:261| eval_kl_ite | Epoch 2520, Reverse Model KL ITE: 0.0278
2026-03-28 21:37:09 | DEBUG | sivi:base_runner.py:347| eval_w2 | Epoch 2520, VI W2 to baseline: 1.0651
2026-03-28 21:37:09 | DEBUG | sivi:base_reverse_runner.py:272| eval_w2 | Epoch 2520, Reverse Model W2: 0.0437
2026-03-28 21:37:09 | DEBUG | sivi:base_runner.py:477| eval_elbo | Epoch 2520, ELBO: 0.4814, Std Total: 5.7679, Std Q: nan, CI Half: 0.5056
2026-03-28 21:37:09 | DEBUG | sivi:base_runner.py:507| eval_ksd | Epoch 2520, VI KSD: 0.2000
2026-03-28 21:37:09 | DEBUG | sivi:base_runner.py:337| eval_kl_ite | Epoch 2530, VI KL to baseline: 0.2287
2026-03-28 21:37:09 | DEBUG | sivi:base_reverse_runner.py:261| eval_kl_ite | Epoch 2530, Reverse Model KL ITE: 0.0204
2026-03-28 21:37:09 | DEBUG | sivi:base_runner.py:347| eval_w2 | Epoch 2530, VI W2 to baseline: 1.0817
2026-03-28 21:37:09 | DEBUG | sivi:base_reverse_runner.py:272| eval_w2 | Epoch 2530, Reverse Model W2: 0.0471
2026-03-28 21:37:09 | DEBUG | sivi:base_runner.py:477| eval_elbo | Epoch 2530, ELBO: 0.1407, Std Total: 4.0146, Std Q: nan, CI Half: 0.3519
2026-03-28 21:37:09 | DEBUG | sivi:base_runner.py:507| eval_ksd | Epoch 2530, VI KSD: 0.1739
2026-03-28 21:37:10 | DEBUG | sivi:base_runner.py:337| eval_kl_ite | Epoch 2540, VI KL to baseline: 0.2500
2026-03-28 21:37:10 | DEBUG | sivi:base_reverse_runner.py:261| eval_kl_ite | Epoch 2540, Reverse Model KL ITE: 0.0333
2026-03-28 21:37:10 | DEBUG | sivi:base_runner.py:347| eval_w2 | Epoch 2540, VI W2 to baseline: 1.0273
2026-03-28 21:37:10 | DEBUG | sivi:base_reverse_runner.py:272| eval_w2 | Epoch 2540, Reverse Model W2: 0.0386
2026-03-28 21:37:10 | DEBUG | sivi:base_runner.py:477| eval_elbo | Epoch 2540, ELBO: 0.5096, Std Total: 9.7230, Std Q: nan, CI Half: 0.8523
2026-03-28 21:37:10 | DEBUG | sivi:base_runner.py:507| eval_ksd | Epoch 2540, VI KSD: 0.2068
2026-03-28 21:37:11 | DEBUG | sivi:base_runner.py:337| eval_kl_ite | Epoch 2550, VI KL to baseline: 0.2638
2026-03-28 21:37:11 | DEBUG | sivi:base_reverse_runner.py:261| eval_kl_ite | Epoch 2550, Reverse Model KL ITE: 0.0286
2026-03-28 21:37:11 | DEBUG | sivi:base_runner.py:347| eval_w2 | Epoch 2550, VI W2 to baseline: 1.0401
2026-03-28 21:37:11 | DEBUG | sivi:base_reverse_runner.py:272| eval_w2 | Epoch 2550, Reverse Model W2: 0.0564
2026-03-28 21:37:11 | DEBUG | sivi:base_runner.py:477| eval_elbo | Epoch 2550, ELBO: 0.9515, Std Total: 21.1825, Std Q: nan, CI Half: 1.8567
2026-03-28 21:37:11 | DEBUG | sivi:base_runner.py:507| eval_ksd | Epoch 2550, VI KSD: 0.1228
2026-03-28 21:37:11 | DEBUG | sivi:base_runner.py:337| eval_kl_ite | Epoch 2560, VI KL to baseline: 0.2327
2026-03-28 21:37:11 | DEBUG | sivi:base_reverse_runner.py:261| eval_kl_ite | Epoch 2560, Reverse Model KL ITE: 0.0311
2026-03-28 21:37:11 | DEBUG | sivi:base_runner.py:347| eval_w2 | Epoch 2560, VI W2 to baseline: 1.0824
2026-03-28 21:37:11 | DEBUG | sivi:base_reverse_runner.py:272| eval_w2 | Epoch 2560, Reverse Model W2: 0.0519
2026-03-28 21:37:11 | DEBUG | sivi:base_runner.py:477| eval_elbo | Epoch 2560, ELBO: 2.1564, Std Total: 24.5123, Std Q: nan, CI Half: 2.1486
2026-03-28 21:37:11 | DEBUG | sivi:base_runner.py:507| eval_ksd | Epoch 2560, VI KSD: 0.1912
2026-03-28 21:37:12 | DEBUG | sivi:base_runner.py:337| eval_kl_ite | Epoch 2570, VI KL to baseline: 0.2536
2026-03-28 21:37:12 | DEBUG | sivi:base_reverse_runner.py:261| eval_kl_ite | Epoch 2570, Reverse Model KL ITE: 0.0326
2026-03-28 21:37:12 | DEBUG | sivi:base_runner.py:347| eval_w2 | Epoch 2570, VI W2 to baseline: 1.0250
2026-03-28 21:37:12 | DEBUG | sivi:base_reverse_runner.py:272| eval_w2 | Epoch 2570, Reverse Model W2: 0.0558
2026-03-28 21:37:12 | DEBUG | sivi:base_runner.py:477| eval_elbo | Epoch 2570, ELBO: 1.1858, Std Total: 23.6908, Std Q: nan, CI Half: 2.0766
2026-03-28 21:37:12 | DEBUG | sivi:base_runner.py:507| eval_ksd | Epoch 2570, VI KSD: 0.1146
2026-03-28 21:37:13 | DEBUG | sivi:base_runner.py:337| eval_kl_ite | Epoch 2580, VI KL to baseline: 0.2309
2026-03-28 21:37:13 | DEBUG | sivi:base_reverse_runner.py:261| eval_kl_ite | Epoch 2580, Reverse Model KL ITE: 0.0393
2026-03-28 21:37:13 | DEBUG | sivi:base_runner.py:347| eval_w2 | Epoch 2580, VI W2 to baseline: 1.0433
2026-03-28 21:37:13 | DEBUG | sivi:base_reverse_runner.py:272| eval_w2 | Epoch 2580, Reverse Model W2: 0.0425
2026-03-28 21:37:13 | DEBUG | sivi:base_runner.py:477| eval_elbo | Epoch 2580, ELBO: 0.6281, Std Total: 8.0405, Std Q: nan, CI Half: 0.7048
2026-03-28 21:37:13 | DEBUG | sivi:base_runner.py:507| eval_ksd | Epoch 2580, VI KSD: 0.2626
2026-03-28 21:37:13 | DEBUG | sivi:base_runner.py:337| eval_kl_ite | Epoch 2590, VI KL to baseline: 0.2378
2026-03-28 21:37:13 | DEBUG | sivi:base_reverse_runner.py:261| eval_kl_ite | Epoch 2590, Reverse Model KL ITE: 0.0315
2026-03-28 21:37:13 | DEBUG | sivi:base_runner.py:347| eval_w2 | Epoch 2590, VI W2 to baseline: 0.9899
2026-03-28 21:37:13 | DEBUG | sivi:base_reverse_runner.py:272| eval_w2 | Epoch 2590, Reverse Model W2: 0.0470
2026-03-28 21:37:13 | DEBUG | sivi:base_runner.py:477| eval_elbo | Epoch 2590, ELBO: 1.4002, Std Total: 18.6808, Std Q: nan, CI Half: 1.6374
2026-03-28 21:37:13 | DEBUG | sivi:base_runner.py:507| eval_ksd | Epoch 2590, VI KSD: 0.0746
2026-03-28 21:37:14 | DEBUG | sivi:base_runner.py:874| learn | Epoch 2600: Avg Loss: 0.0198, Avg Epoch Time: 0.0710s
2026-03-28 21:37:14 | DEBUG | sivi:base_runner.py:337| eval_kl_ite | Epoch 2600, VI KL to baseline: 0.2154
2026-03-28 21:37:14 | DEBUG | sivi:base_reverse_runner.py:261| eval_kl_ite | Epoch 2600, Reverse Model KL ITE: 0.0386
2026-03-28 21:37:14 | DEBUG | sivi:base_runner.py:347| eval_w2 | Epoch 2600, VI W2 to baseline: 0.9500
2026-03-28 21:37:14 | DEBUG | sivi:base_reverse_runner.py:272| eval_w2 | Epoch 2600, Reverse Model W2: 0.0476
2026-03-28 21:37:14 | DEBUG | sivi:base_runner.py:477| eval_elbo | Epoch 2600, ELBO: 1.3651, Std Total: 19.6786, Std Q: nan, CI Half: 1.7249
2026-03-28 21:37:14 | DEBUG | sivi:base_runner.py:507| eval_ksd | Epoch 2600, VI KSD: 0.1508
2026-03-28 21:37:15 | DEBUG | sivi:base_runner.py:337| eval_kl_ite | Epoch 2610, VI KL to baseline: 0.2215
2026-03-28 21:37:15 | DEBUG | sivi:base_reverse_runner.py:261| eval_kl_ite | Epoch 2610, Reverse Model KL ITE: 0.0125
2026-03-28 21:37:15 | DEBUG | sivi:base_runner.py:347| eval_w2 | Epoch 2610, VI W2 to baseline: 0.9699
2026-03-28 21:37:15 | DEBUG | sivi:base_reverse_runner.py:272| eval_w2 | Epoch 2610, Reverse Model W2: 0.0569
2026-03-28 21:37:15 | DEBUG | sivi:base_runner.py:477| eval_elbo | Epoch 2610, ELBO: 2.2940, Std Total: 22.0675, Std Q: nan, CI Half: 1.9343
2026-03-28 21:37:15 | DEBUG | sivi:base_runner.py:507| eval_ksd | Epoch 2610, VI KSD: 0.1509
2026-03-28 21:37:15 | DEBUG | sivi:base_runner.py:337| eval_kl_ite | Epoch 2620, VI KL to baseline: 0.2241
2026-03-28 21:37:15 | DEBUG | sivi:base_reverse_runner.py:261| eval_kl_ite | Epoch 2620, Reverse Model KL ITE: 0.0494
2026-03-28 21:37:15 | DEBUG | sivi:base_runner.py:347| eval_w2 | Epoch 2620, VI W2 to baseline: 0.9907
2026-03-28 21:37:15 | DEBUG | sivi:base_reverse_runner.py:272| eval_w2 | Epoch 2620, Reverse Model W2: 0.0630
2026-03-28 21:37:15 | DEBUG | sivi:base_runner.py:477| eval_elbo | Epoch 2620, ELBO: 3.1809, Std Total: 31.5748, Std Q: nan, CI Half: 2.7677
2026-03-28 21:37:15 | DEBUG | sivi:base_runner.py:507| eval_ksd | Epoch 2620, VI KSD: 0.1722
2026-03-28 21:37:16 | DEBUG | sivi:base_runner.py:337| eval_kl_ite | Epoch 2630, VI KL to baseline: 0.2145
2026-03-28 21:37:16 | DEBUG | sivi:base_reverse_runner.py:261| eval_kl_ite | Epoch 2630, Reverse Model KL ITE: 0.0303
2026-03-28 21:37:16 | DEBUG | sivi:base_runner.py:347| eval_w2 | Epoch 2630, VI W2 to baseline: 0.9874
2026-03-28 21:37:16 | DEBUG | sivi:base_reverse_runner.py:272| eval_w2 | Epoch 2630, Reverse Model W2: 0.0506
2026-03-28 21:37:16 | DEBUG | sivi:base_runner.py:477| eval_elbo | Epoch 2630, ELBO: 1.0408, Std Total: 13.0020, Std Q: nan, CI Half: 1.1397
2026-03-28 21:37:16 | DEBUG | sivi:base_runner.py:507| eval_ksd | Epoch 2630, VI KSD: 0.1949
2026-03-28 21:37:17 | DEBUG | sivi:base_runner.py:337| eval_kl_ite | Epoch 2640, VI KL to baseline: 0.2330
2026-03-28 21:37:17 | DEBUG | sivi:base_reverse_runner.py:261| eval_kl_ite | Epoch 2640, Reverse Model KL ITE: 0.0267
2026-03-28 21:37:17 | DEBUG | sivi:base_runner.py:347| eval_w2 | Epoch 2640, VI W2 to baseline: 0.9935
2026-03-28 21:37:17 | DEBUG | sivi:base_reverse_runner.py:272| eval_w2 | Epoch 2640, Reverse Model W2: 0.0702
2026-03-28 21:37:17 | DEBUG | sivi:base_runner.py:477| eval_elbo | Epoch 2640, ELBO: 0.7658, Std Total: 15.9686, Std Q: nan, CI Half: 1.3997
2026-03-28 21:37:17 | DEBUG | sivi:base_runner.py:507| eval_ksd | Epoch 2640, VI KSD: 0.1414
2026-03-28 21:37:17 | DEBUG | sivi:base_runner.py:337| eval_kl_ite | Epoch 2650, VI KL to baseline: 0.2331
2026-03-28 21:37:17 | DEBUG | sivi:base_reverse_runner.py:261| eval_kl_ite | Epoch 2650, Reverse Model KL ITE: 0.0334
2026-03-28 21:37:17 | DEBUG | sivi:base_runner.py:347| eval_w2 | Epoch 2650, VI W2 to baseline: 0.9332
2026-03-28 21:37:17 | DEBUG | sivi:base_reverse_runner.py:272| eval_w2 | Epoch 2650, Reverse Model W2: 0.0691
2026-03-28 21:37:17 | DEBUG | sivi:base_runner.py:477| eval_elbo | Epoch 2650, ELBO: 1.3518, Std Total: 19.8630, Std Q: nan, CI Half: 1.7411
2026-03-28 21:37:17 | DEBUG | sivi:base_runner.py:507| eval_ksd | Epoch 2650, VI KSD: 0.1593
2026-03-28 21:37:18 | DEBUG | sivi:base_runner.py:337| eval_kl_ite | Epoch 2660, VI KL to baseline: 0.2380
2026-03-28 21:37:18 | DEBUG | sivi:base_reverse_runner.py:261| eval_kl_ite | Epoch 2660, Reverse Model KL ITE: 0.0282
2026-03-28 21:37:18 | DEBUG | sivi:base_runner.py:347| eval_w2 | Epoch 2660, VI W2 to baseline: 0.9530
2026-03-28 21:37:18 | DEBUG | sivi:base_reverse_runner.py:272| eval_w2 | Epoch 2660, Reverse Model W2: 0.0411
2026-03-28 21:37:18 | DEBUG | sivi:base_runner.py:477| eval_elbo | Epoch 2660, ELBO: 1.0450, Std Total: 13.1372, Std Q: nan, CI Half: 1.1515
2026-03-28 21:37:18 | DEBUG | sivi:base_runner.py:507| eval_ksd | Epoch 2660, VI KSD: 0.0924
2026-03-28 21:37:18 | DEBUG | sivi:base_runner.py:337| eval_kl_ite | Epoch 2670, VI KL to baseline: 0.2341
2026-03-28 21:37:18 | DEBUG | sivi:base_reverse_runner.py:261| eval_kl_ite | Epoch 2670, Reverse Model KL ITE: 0.0087
2026-03-28 21:37:18 | DEBUG | sivi:base_runner.py:347| eval_w2 | Epoch 2670, VI W2 to baseline: 0.9945
2026-03-28 21:37:18 | DEBUG | sivi:base_reverse_runner.py:272| eval_w2 | Epoch 2670, Reverse Model W2: 0.0483
2026-03-28 21:37:18 | DEBUG | sivi:base_runner.py:477| eval_elbo | Epoch 2670, ELBO: 0.9542, Std Total: 17.3457, Std Q: nan, CI Half: 1.5204
2026-03-28 21:37:18 | DEBUG | sivi:base_runner.py:507| eval_ksd | Epoch 2670, VI KSD: 0.2251
2026-03-28 21:37:19 | DEBUG | sivi:base_runner.py:337| eval_kl_ite | Epoch 2680, VI KL to baseline: 0.1985
2026-03-28 21:37:19 | DEBUG | sivi:base_reverse_runner.py:261| eval_kl_ite | Epoch 2680, Reverse Model KL ITE: 0.0130
2026-03-28 21:37:19 | DEBUG | sivi:base_runner.py:347| eval_w2 | Epoch 2680, VI W2 to baseline: 0.9321
2026-03-28 21:37:19 | DEBUG | sivi:base_reverse_runner.py:272| eval_w2 | Epoch 2680, Reverse Model W2: 0.0424
2026-03-28 21:37:19 | DEBUG | sivi:base_runner.py:477| eval_elbo | Epoch 2680, ELBO: 2.0308, Std Total: 24.8256, Std Q: nan, CI Half: 2.1761
2026-03-28 21:37:19 | DEBUG | sivi:base_runner.py:507| eval_ksd | Epoch 2680, VI KSD: 0.1394
2026-03-28 21:37:19 | DEBUG | sivi:base_runner.py:337| eval_kl_ite | Epoch 2690, VI KL to baseline: 0.2220
2026-03-28 21:37:19 | DEBUG | sivi:base_reverse_runner.py:261| eval_kl_ite | Epoch 2690, Reverse Model KL ITE: 0.0385
2026-03-28 21:37:19 | DEBUG | sivi:base_runner.py:347| eval_w2 | Epoch 2690, VI W2 to baseline: 0.9637
2026-03-28 21:37:20 | DEBUG | sivi:base_reverse_runner.py:272| eval_w2 | Epoch 2690, Reverse Model W2: 0.0709
2026-03-28 21:37:20 | DEBUG | sivi:base_runner.py:477| eval_elbo | Epoch 2690, ELBO: 0.5714, Std Total: 8.4034, Std Q: nan, CI Half: 0.7366
2026-03-28 21:37:20 | DEBUG | sivi:base_runner.py:507| eval_ksd | Epoch 2690, VI KSD: 0.1653
2026-03-28 21:37:20 | DEBUG | sivi:base_runner.py:874| learn | Epoch 2700: Avg Loss: 0.0672, Avg Epoch Time: 0.0611s
2026-03-28 21:37:20 | DEBUG | sivi:base_runner.py:337| eval_kl_ite | Epoch 2700, VI KL to baseline: 0.2205
2026-03-28 21:37:20 | DEBUG | sivi:base_reverse_runner.py:261| eval_kl_ite | Epoch 2700, Reverse Model KL ITE: 0.0158
2026-03-28 21:37:20 | DEBUG | sivi:base_runner.py:347| eval_w2 | Epoch 2700, VI W2 to baseline: 1.0121
2026-03-28 21:37:20 | DEBUG | sivi:base_reverse_runner.py:272| eval_w2 | Epoch 2700, Reverse Model W2: 0.0513
2026-03-28 21:37:20 | DEBUG | sivi:base_runner.py:477| eval_elbo | Epoch 2700, ELBO: 1.9908, Std Total: 28.5677, Std Q: nan, CI Half: 2.5041
2026-03-28 21:37:20 | DEBUG | sivi:base_runner.py:507| eval_ksd | Epoch 2700, VI KSD: 0.1149
2026-03-28 21:37:21 | DEBUG | sivi:base_runner.py:337| eval_kl_ite | Epoch 2710, VI KL to baseline: 0.2171
2026-03-28 21:37:21 | DEBUG | sivi:base_reverse_runner.py:261| eval_kl_ite | Epoch 2710, Reverse Model KL ITE: 0.0064
2026-03-28 21:37:21 | DEBUG | sivi:base_runner.py:347| eval_w2 | Epoch 2710, VI W2 to baseline: 0.9673
2026-03-28 21:37:21 | DEBUG | sivi:base_reverse_runner.py:272| eval_w2 | Epoch 2710, Reverse Model W2: 0.0512
2026-03-28 21:37:21 | DEBUG | sivi:base_runner.py:477| eval_elbo | Epoch 2710, ELBO: 1.7173, Std Total: 16.0431, Std Q: nan, CI Half: 1.4062
2026-03-28 21:37:21 | DEBUG | sivi:base_runner.py:507| eval_ksd | Epoch 2710, VI KSD: 0.1205
2026-03-28 21:37:21 | DEBUG | sivi:base_runner.py:337| eval_kl_ite | Epoch 2720, VI KL to baseline: 0.1927
2026-03-28 21:37:21 | DEBUG | sivi:base_reverse_runner.py:261| eval_kl_ite | Epoch 2720, Reverse Model KL ITE: 0.0252
2026-03-28 21:37:21 | DEBUG | sivi:base_runner.py:347| eval_w2 | Epoch 2720, VI W2 to baseline: 0.8946
2026-03-28 21:37:21 | DEBUG | sivi:base_reverse_runner.py:272| eval_w2 | Epoch 2720, Reverse Model W2: 0.0624
2026-03-28 21:37:21 | DEBUG | sivi:base_runner.py:477| eval_elbo | Epoch 2720, ELBO: 3.7677, Std Total: 46.4116, Std Q: nan, CI Half: 4.0682
2026-03-28 21:37:21 | DEBUG | sivi:base_runner.py:507| eval_ksd | Epoch 2720, VI KSD: 0.1319
2026-03-28 21:37:22 | DEBUG | sivi:base_runner.py:337| eval_kl_ite | Epoch 2730, VI KL to baseline: 0.2145
2026-03-28 21:37:22 | DEBUG | sivi:base_reverse_runner.py:261| eval_kl_ite | Epoch 2730, Reverse Model KL ITE: 0.0311
2026-03-28 21:37:22 | DEBUG | sivi:base_runner.py:347| eval_w2 | Epoch 2730, VI W2 to baseline: 1.0205
2026-03-28 21:37:22 | DEBUG | sivi:base_reverse_runner.py:272| eval_w2 | Epoch 2730, Reverse Model W2: 0.0445
2026-03-28 21:37:22 | DEBUG | sivi:base_runner.py:477| eval_elbo | Epoch 2730, ELBO: 0.0778, Std Total: 3.3493, Std Q: nan, CI Half: 0.2936
2026-03-28 21:37:22 | DEBUG | sivi:base_runner.py:507| eval_ksd | Epoch 2730, VI KSD: 0.1549
2026-03-28 21:37:22 | DEBUG | sivi:base_runner.py:337| eval_kl_ite | Epoch 2740, VI KL to baseline: 0.2054
2026-03-28 21:37:23 | DEBUG | sivi:base_reverse_runner.py:261| eval_kl_ite | Epoch 2740, Reverse Model KL ITE: 0.0018
2026-03-28 21:37:23 | DEBUG | sivi:base_runner.py:347| eval_w2 | Epoch 2740, VI W2 to baseline: 0.9094
2026-03-28 21:37:23 | DEBUG | sivi:base_reverse_runner.py:272| eval_w2 | Epoch 2740, Reverse Model W2: 0.0512
2026-03-28 21:37:23 | DEBUG | sivi:base_runner.py:477| eval_elbo | Epoch 2740, ELBO: 0.5082, Std Total: 5.9316, Std Q: nan, CI Half: 0.5199
2026-03-28 21:37:23 | DEBUG | sivi:base_runner.py:507| eval_ksd | Epoch 2740, VI KSD: 0.1367
2026-03-28 21:37:23 | DEBUG | sivi:base_runner.py:337| eval_kl_ite | Epoch 2750, VI KL to baseline: 0.1855
2026-03-28 21:37:23 | DEBUG | sivi:base_reverse_runner.py:261| eval_kl_ite | Epoch 2750, Reverse Model KL ITE: 0.0337
2026-03-28 21:37:23 | DEBUG | sivi:base_runner.py:347| eval_w2 | Epoch 2750, VI W2 to baseline: 0.9569
2026-03-28 21:37:23 | DEBUG | sivi:base_reverse_runner.py:272| eval_w2 | Epoch 2750, Reverse Model W2: 0.0485
2026-03-28 21:37:23 | DEBUG | sivi:base_runner.py:477| eval_elbo | Epoch 2750, ELBO: 4.6851, Std Total: 57.2074, Std Q: nan, CI Half: 5.0144
2026-03-28 21:37:23 | DEBUG | sivi:base_runner.py:507| eval_ksd | Epoch 2750, VI KSD: 0.1118
2026-03-28 21:37:24 | DEBUG | sivi:base_runner.py:337| eval_kl_ite | Epoch 2760, VI KL to baseline: 0.2045
2026-03-28 21:37:24 | DEBUG | sivi:base_reverse_runner.py:261| eval_kl_ite | Epoch 2760, Reverse Model KL ITE: 0.0161
2026-03-28 21:37:24 | DEBUG | sivi:base_runner.py:347| eval_w2 | Epoch 2760, VI W2 to baseline: 0.8456
2026-03-28 21:37:24 | DEBUG | sivi:base_reverse_runner.py:272| eval_w2 | Epoch 2760, Reverse Model W2: 0.0538
2026-03-28 21:37:24 | DEBUG | sivi:base_runner.py:477| eval_elbo | Epoch 2760, ELBO: 3.9603, Std Total: 46.1591, Std Q: nan, CI Half: 4.0460
2026-03-28 21:37:24 | DEBUG | sivi:base_runner.py:507| eval_ksd | Epoch 2760, VI KSD: 0.1414
2026-03-28 21:37:24 | DEBUG | sivi:base_runner.py:337| eval_kl_ite | Epoch 2770, VI KL to baseline: 0.2142
2026-03-28 21:37:25 | DEBUG | sivi:base_reverse_runner.py:261| eval_kl_ite | Epoch 2770, Reverse Model KL ITE: 0.0139
2026-03-28 21:37:25 | DEBUG | sivi:base_runner.py:347| eval_w2 | Epoch 2770, VI W2 to baseline: 0.9301
2026-03-28 21:37:25 | DEBUG | sivi:base_reverse_runner.py:272| eval_w2 | Epoch 2770, Reverse Model W2: 0.0452
2026-03-28 21:37:25 | DEBUG | sivi:base_runner.py:477| eval_elbo | Epoch 2770, ELBO: 1.4943, Std Total: 19.6825, Std Q: nan, CI Half: 1.7252
2026-03-28 21:37:25 | DEBUG | sivi:base_runner.py:507| eval_ksd | Epoch 2770, VI KSD: 0.1430
2026-03-28 21:37:25 | DEBUG | sivi:base_runner.py:337| eval_kl_ite | Epoch 2780, VI KL to baseline: 0.1986
2026-03-28 21:37:25 | DEBUG | sivi:base_reverse_runner.py:261| eval_kl_ite | Epoch 2780, Reverse Model KL ITE: 0.0172
2026-03-28 21:37:25 | DEBUG | sivi:base_runner.py:347| eval_w2 | Epoch 2780, VI W2 to baseline: 0.9851
2026-03-28 21:37:25 | DEBUG | sivi:base_reverse_runner.py:272| eval_w2 | Epoch 2780, Reverse Model W2: 0.0449
2026-03-28 21:37:25 | DEBUG | sivi:base_runner.py:477| eval_elbo | Epoch 2780, ELBO: 0.3581, Std Total: 8.5235, Std Q: nan, CI Half: 0.7471
2026-03-28 21:37:25 | DEBUG | sivi:base_runner.py:507| eval_ksd | Epoch 2780, VI KSD: 0.1036
2026-03-28 21:37:26 | DEBUG | sivi:base_runner.py:337| eval_kl_ite | Epoch 2790, VI KL to baseline: 0.1893
2026-03-28 21:37:26 | DEBUG | sivi:base_reverse_runner.py:261| eval_kl_ite | Epoch 2790, Reverse Model KL ITE: -0.0209
2026-03-28 21:37:26 | DEBUG | sivi:base_runner.py:347| eval_w2 | Epoch 2790, VI W2 to baseline: 0.9449
2026-03-28 21:37:26 | DEBUG | sivi:base_reverse_runner.py:272| eval_w2 | Epoch 2790, Reverse Model W2: 0.0490
2026-03-28 21:37:26 | DEBUG | sivi:base_runner.py:477| eval_elbo | Epoch 2790, ELBO: 4.2240, Std Total: 31.5241, Std Q: nan, CI Half: 2.7632
2026-03-28 21:37:26 | DEBUG | sivi:base_runner.py:507| eval_ksd | Epoch 2790, VI KSD: 0.1077
2026-03-28 21:37:26 | DEBUG | sivi:base_runner.py:874| learn | Epoch 2800: Avg Loss: -0.0830, Avg Epoch Time: 0.0642s
2026-03-28 21:37:27 | DEBUG | sivi:base_runner.py:337| eval_kl_ite | Epoch 2800, VI KL to baseline: 0.2217
2026-03-28 21:37:27 | DEBUG | sivi:base_reverse_runner.py:261| eval_kl_ite | Epoch 2800, Reverse Model KL ITE: -0.0055
2026-03-28 21:37:27 | DEBUG | sivi:base_runner.py:347| eval_w2 | Epoch 2800, VI W2 to baseline: 0.9226
2026-03-28 21:37:27 | DEBUG | sivi:base_reverse_runner.py:272| eval_w2 | Epoch 2800, Reverse Model W2: 0.0404
2026-03-28 21:37:27 | DEBUG | sivi:base_runner.py:477| eval_elbo | Epoch 2800, ELBO: 10.7417, Std Total: 92.8696, Std Q: nan, CI Half: 8.1404
2026-03-28 21:37:27 | DEBUG | sivi:base_runner.py:507| eval_ksd | Epoch 2800, VI KSD: 0.1641
2026-03-28 21:37:27 | DEBUG | sivi:base_runner.py:337| eval_kl_ite | Epoch 2810, VI KL to baseline: 0.2195
2026-03-28 21:37:27 | DEBUG | sivi:base_reverse_runner.py:261| eval_kl_ite | Epoch 2810, Reverse Model KL ITE: 0.0151
2026-03-28 21:37:27 | DEBUG | sivi:base_runner.py:347| eval_w2 | Epoch 2810, VI W2 to baseline: 0.9232
2026-03-28 21:37:27 | DEBUG | sivi:base_reverse_runner.py:272| eval_w2 | Epoch 2810, Reverse Model W2: 0.0385
2026-03-28 21:37:27 | DEBUG | sivi:base_runner.py:477| eval_elbo | Epoch 2810, ELBO: 3.5007, Std Total: 53.2514, Std Q: nan, CI Half: 4.6677
2026-03-28 21:37:27 | DEBUG | sivi:base_runner.py:507| eval_ksd | Epoch 2810, VI KSD: 0.1366
2026-03-28 21:37:28 | DEBUG | sivi:base_runner.py:337| eval_kl_ite | Epoch 2820, VI KL to baseline: 0.1966
2026-03-28 21:37:28 | DEBUG | sivi:base_reverse_runner.py:261| eval_kl_ite | Epoch 2820, Reverse Model KL ITE: 0.0063
2026-03-28 21:37:28 | DEBUG | sivi:base_runner.py:347| eval_w2 | Epoch 2820, VI W2 to baseline: 0.8310
2026-03-28 21:37:28 | DEBUG | sivi:base_reverse_runner.py:272| eval_w2 | Epoch 2820, Reverse Model W2: 0.0769
2026-03-28 21:37:28 | DEBUG | sivi:base_runner.py:477| eval_elbo | Epoch 2820, ELBO: 1.3407, Std Total: 13.2740, Std Q: nan, CI Half: 1.1635
2026-03-28 21:37:28 | DEBUG | sivi:base_runner.py:507| eval_ksd | Epoch 2820, VI KSD: 0.1325
2026-03-28 21:37:29 | DEBUG | sivi:base_runner.py:337| eval_kl_ite | Epoch 2830, VI KL to baseline: 0.1903
2026-03-28 21:37:29 | DEBUG | sivi:base_reverse_runner.py:261| eval_kl_ite | Epoch 2830, Reverse Model KL ITE: 0.0114
2026-03-28 21:37:29 | DEBUG | sivi:base_runner.py:347| eval_w2 | Epoch 2830, VI W2 to baseline: 0.8800
2026-03-28 21:37:29 | DEBUG | sivi:base_reverse_runner.py:272| eval_w2 | Epoch 2830, Reverse Model W2: 0.0394
2026-03-28 21:37:29 | DEBUG | sivi:base_runner.py:477| eval_elbo | Epoch 2830, ELBO: 1.5219, Std Total: 19.8066, Std Q: nan, CI Half: 1.7361
2026-03-28 21:37:29 | DEBUG | sivi:base_runner.py:507| eval_ksd | Epoch 2830, VI KSD: 0.0994
2026-03-28 21:37:29 | DEBUG | sivi:base_runner.py:337| eval_kl_ite | Epoch 2840, VI KL to baseline: 0.1760
2026-03-28 21:37:29 | DEBUG | sivi:base_reverse_runner.py:261| eval_kl_ite | Epoch 2840, Reverse Model KL ITE: 0.0150
2026-03-28 21:37:29 | DEBUG | sivi:base_runner.py:347| eval_w2 | Epoch 2840, VI W2 to baseline: 0.9253
2026-03-28 21:37:29 | DEBUG | sivi:base_reverse_runner.py:272| eval_w2 | Epoch 2840, Reverse Model W2: 0.0516
2026-03-28 21:37:29 | DEBUG | sivi:base_runner.py:477| eval_elbo | Epoch 2840, ELBO: 4.7546, Std Total: 53.2312, Std Q: nan, CI Half: 4.6659
2026-03-28 21:37:29 | DEBUG | sivi:base_runner.py:507| eval_ksd | Epoch 2840, VI KSD: 0.1327
2026-03-28 21:37:30 | DEBUG | sivi:base_runner.py:337| eval_kl_ite | Epoch 2850, VI KL to baseline: 0.2047
2026-03-28 21:37:30 | DEBUG | sivi:base_reverse_runner.py:261| eval_kl_ite | Epoch 2850, Reverse Model KL ITE: 0.0319
2026-03-28 21:37:30 | DEBUG | sivi:base_runner.py:347| eval_w2 | Epoch 2850, VI W2 to baseline: 0.8658
2026-03-28 21:37:30 | DEBUG | sivi:base_reverse_runner.py:272| eval_w2 | Epoch 2850, Reverse Model W2: 0.0399
2026-03-28 21:37:30 | DEBUG | sivi:base_runner.py:477| eval_elbo | Epoch 2850, ELBO: 3.4009, Std Total: 32.8742, Std Q: nan, CI Half: 2.8816
2026-03-28 21:37:30 | DEBUG | sivi:base_runner.py:507| eval_ksd | Epoch 2850, VI KSD: 0.1557
2026-03-28 21:37:31 | DEBUG | sivi:base_runner.py:337| eval_kl_ite | Epoch 2860, VI KL to baseline: 0.1908
2026-03-28 21:37:31 | DEBUG | sivi:base_reverse_runner.py:261| eval_kl_ite | Epoch 2860, Reverse Model KL ITE: 0.0479
2026-03-28 21:37:31 | DEBUG | sivi:base_runner.py:347| eval_w2 | Epoch 2860, VI W2 to baseline: 0.8600
2026-03-28 21:37:31 | DEBUG | sivi:base_reverse_runner.py:272| eval_w2 | Epoch 2860, Reverse Model W2: 0.0462
2026-03-28 21:37:31 | DEBUG | sivi:base_runner.py:477| eval_elbo | Epoch 2860, ELBO: 1.4212, Std Total: 19.3144, Std Q: nan, CI Half: 1.6930
2026-03-28 21:37:31 | DEBUG | sivi:base_runner.py:507| eval_ksd | Epoch 2860, VI KSD: 0.1708
2026-03-28 21:37:31 | DEBUG | sivi:base_runner.py:337| eval_kl_ite | Epoch 2870, VI KL to baseline: 0.1829
2026-03-28 21:37:31 | DEBUG | sivi:base_reverse_runner.py:261| eval_kl_ite | Epoch 2870, Reverse Model KL ITE: 0.0223
2026-03-28 21:37:31 | DEBUG | sivi:base_runner.py:347| eval_w2 | Epoch 2870, VI W2 to baseline: 0.8488
2026-03-28 21:37:31 | DEBUG | sivi:base_reverse_runner.py:272| eval_w2 | Epoch 2870, Reverse Model W2: 0.0471
2026-03-28 21:37:31 | DEBUG | sivi:base_runner.py:477| eval_elbo | Epoch 2870, ELBO: 0.1128, Std Total: 2.8431, Std Q: nan, CI Half: 0.2492
2026-03-28 21:37:31 | DEBUG | sivi:base_runner.py:507| eval_ksd | Epoch 2870, VI KSD: 0.1574
2026-03-28 21:37:32 | DEBUG | sivi:base_runner.py:337| eval_kl_ite | Epoch 2880, VI KL to baseline: 0.1809
2026-03-28 21:37:32 | DEBUG | sivi:base_reverse_runner.py:261| eval_kl_ite | Epoch 2880, Reverse Model KL ITE: 0.0025
2026-03-28 21:37:32 | DEBUG | sivi:base_runner.py:347| eval_w2 | Epoch 2880, VI W2 to baseline: 0.7466
2026-03-28 21:37:32 | DEBUG | sivi:base_reverse_runner.py:272| eval_w2 | Epoch 2880, Reverse Model W2: 0.0588
2026-03-28 21:37:32 | DEBUG | sivi:base_runner.py:477| eval_elbo | Epoch 2880, ELBO: 5.1955, Std Total: 94.5949, Std Q: nan, CI Half: 8.2916
2026-03-28 21:37:32 | DEBUG | sivi:base_runner.py:507| eval_ksd | Epoch 2880, VI KSD: 0.1130
2026-03-28 21:37:33 | DEBUG | sivi:base_runner.py:337| eval_kl_ite | Epoch 2890, VI KL to baseline: 0.1695
2026-03-28 21:37:33 | DEBUG | sivi:base_reverse_runner.py:261| eval_kl_ite | Epoch 2890, Reverse Model KL ITE: 0.0128
2026-03-28 21:37:33 | DEBUG | sivi:base_runner.py:347| eval_w2 | Epoch 2890, VI W2 to baseline: 0.8373
2026-03-28 21:37:33 | DEBUG | sivi:base_reverse_runner.py:272| eval_w2 | Epoch 2890, Reverse Model W2: 0.0454
2026-03-28 21:37:33 | DEBUG | sivi:base_runner.py:477| eval_elbo | Epoch 2890, ELBO: 0.2581, Std Total: 4.2498, Std Q: nan, CI Half: 0.3725
2026-03-28 21:37:33 | DEBUG | sivi:base_runner.py:507| eval_ksd | Epoch 2890, VI KSD: 0.0972
2026-03-28 21:37:33 | DEBUG | sivi:base_runner.py:874| learn | Epoch 2900: Avg Loss: 0.1759, Avg Epoch Time: 0.0667s
2026-03-28 21:37:33 | DEBUG | sivi:base_runner.py:337| eval_kl_ite | Epoch 2900, VI KL to baseline: 0.1710
2026-03-28 21:37:33 | DEBUG | sivi:base_reverse_runner.py:261| eval_kl_ite | Epoch 2900, Reverse Model KL ITE: 0.0106
2026-03-28 21:37:33 | DEBUG | sivi:base_runner.py:347| eval_w2 | Epoch 2900, VI W2 to baseline: 0.8774
2026-03-28 21:37:33 | DEBUG | sivi:base_reverse_runner.py:272| eval_w2 | Epoch 2900, Reverse Model W2: 0.0551
2026-03-28 21:37:33 | DEBUG | sivi:base_runner.py:477| eval_elbo | Epoch 2900, ELBO: 0.5633, Std Total: 7.9326, Std Q: nan, CI Half: 0.6953
2026-03-28 21:37:33 | DEBUG | sivi:base_runner.py:507| eval_ksd | Epoch 2900, VI KSD: 0.0892
2026-03-28 21:37:34 | DEBUG | sivi:base_runner.py:337| eval_kl_ite | Epoch 2910, VI KL to baseline: 0.1727
2026-03-28 21:37:34 | DEBUG | sivi:base_reverse_runner.py:261| eval_kl_ite | Epoch 2910, Reverse Model KL ITE: 0.0271
2026-03-28 21:37:34 | DEBUG | sivi:base_runner.py:347| eval_w2 | Epoch 2910, VI W2 to baseline: 0.8331
2026-03-28 21:37:34 | DEBUG | sivi:base_reverse_runner.py:272| eval_w2 | Epoch 2910, Reverse Model W2: 0.0404
2026-03-28 21:37:34 | DEBUG | sivi:base_runner.py:477| eval_elbo | Epoch 2910, ELBO: 2.0993, Std Total: 29.0072, Std Q: nan, CI Half: 2.5426
2026-03-28 21:37:34 | DEBUG | sivi:base_runner.py:507| eval_ksd | Epoch 2910, VI KSD: 0.0988
2026-03-28 21:37:35 | DEBUG | sivi:base_runner.py:337| eval_kl_ite | Epoch 2920, VI KL to baseline: 0.1633
2026-03-28 21:37:35 | DEBUG | sivi:base_reverse_runner.py:261| eval_kl_ite | Epoch 2920, Reverse Model KL ITE: -0.0292
2026-03-28 21:37:35 | DEBUG | sivi:base_runner.py:347| eval_w2 | Epoch 2920, VI W2 to baseline: 0.8308
2026-03-28 21:37:35 | DEBUG | sivi:base_reverse_runner.py:272| eval_w2 | Epoch 2920, Reverse Model W2: 0.0456
2026-03-28 21:37:35 | DEBUG | sivi:base_runner.py:477| eval_elbo | Epoch 2920, ELBO: 4.0352, Std Total: 65.8662, Std Q: nan, CI Half: 5.7734
2026-03-28 21:37:35 | DEBUG | sivi:base_runner.py:507| eval_ksd | Epoch 2920, VI KSD: 0.1480
2026-03-28 21:37:35 | DEBUG | sivi:base_runner.py:337| eval_kl_ite | Epoch 2930, VI KL to baseline: 0.1830
2026-03-28 21:37:35 | DEBUG | sivi:base_reverse_runner.py:261| eval_kl_ite | Epoch 2930, Reverse Model KL ITE: 0.0101
2026-03-28 21:37:35 | DEBUG | sivi:base_runner.py:347| eval_w2 | Epoch 2930, VI W2 to baseline: 0.8320
2026-03-28 21:37:35 | DEBUG | sivi:base_reverse_runner.py:272| eval_w2 | Epoch 2930, Reverse Model W2: 0.0425
2026-03-28 21:37:35 | DEBUG | sivi:base_runner.py:477| eval_elbo | Epoch 2930, ELBO: 3.5918, Std Total: 32.6780, Std Q: nan, CI Half: 2.8644
2026-03-28 21:37:35 | DEBUG | sivi:base_runner.py:507| eval_ksd | Epoch 2930, VI KSD: 0.0802
2026-03-28 21:37:36 | DEBUG | sivi:base_runner.py:337| eval_kl_ite | Epoch 2940, VI KL to baseline: 0.1841
2026-03-28 21:37:36 | DEBUG | sivi:base_reverse_runner.py:261| eval_kl_ite | Epoch 2940, Reverse Model KL ITE: 0.0380
2026-03-28 21:37:36 | DEBUG | sivi:base_runner.py:347| eval_w2 | Epoch 2940, VI W2 to baseline: 0.8188
2026-03-28 21:37:36 | DEBUG | sivi:base_reverse_runner.py:272| eval_w2 | Epoch 2940, Reverse Model W2: 0.0462
2026-03-28 21:37:36 | DEBUG | sivi:base_runner.py:477| eval_elbo | Epoch 2940, ELBO: 2.5844, Std Total: 44.2402, Std Q: nan, CI Half: 3.8778
2026-03-28 21:37:36 | DEBUG | sivi:base_runner.py:507| eval_ksd | Epoch 2940, VI KSD: 0.0901
2026-03-28 21:37:36 | DEBUG | sivi:base_runner.py:337| eval_kl_ite | Epoch 2950, VI KL to baseline: 0.1536
2026-03-28 21:37:36 | DEBUG | sivi:base_reverse_runner.py:261| eval_kl_ite | Epoch 2950, Reverse Model KL ITE: 0.0118
2026-03-28 21:37:36 | DEBUG | sivi:base_runner.py:347| eval_w2 | Epoch 2950, VI W2 to baseline: 0.8485
2026-03-28 21:37:36 | DEBUG | sivi:base_reverse_runner.py:272| eval_w2 | Epoch 2950, Reverse Model W2: 0.0460
2026-03-28 21:37:36 | DEBUG | sivi:base_runner.py:477| eval_elbo | Epoch 2950, ELBO: 2.0787, Std Total: 20.8342, Std Q: nan, CI Half: 1.8262
2026-03-28 21:37:36 | DEBUG | sivi:base_runner.py:507| eval_ksd | Epoch 2950, VI KSD: 0.0996
2026-03-28 21:37:37 | DEBUG | sivi:base_runner.py:337| eval_kl_ite | Epoch 2960, VI KL to baseline: 0.1532
2026-03-28 21:37:37 | DEBUG | sivi:base_reverse_runner.py:261| eval_kl_ite | Epoch 2960, Reverse Model KL ITE: 0.0090
2026-03-28 21:37:37 | DEBUG | sivi:base_runner.py:347| eval_w2 | Epoch 2960, VI W2 to baseline: 0.8586
2026-03-28 21:37:37 | DEBUG | sivi:base_reverse_runner.py:272| eval_w2 | Epoch 2960, Reverse Model W2: 0.0444
2026-03-28 21:37:37 | DEBUG | sivi:base_runner.py:477| eval_elbo | Epoch 2960, ELBO: 3.6806, Std Total: 41.4725, Std Q: nan, CI Half: 3.6352
2026-03-28 21:37:37 | DEBUG | sivi:base_runner.py:507| eval_ksd | Epoch 2960, VI KSD: 0.1730
2026-03-28 21:37:38 | DEBUG | sivi:base_runner.py:337| eval_kl_ite | Epoch 2970, VI KL to baseline: 0.1588
2026-03-28 21:37:38 | DEBUG | sivi:base_reverse_runner.py:261| eval_kl_ite | Epoch 2970, Reverse Model KL ITE: 0.0090
2026-03-28 21:37:38 | DEBUG | sivi:base_runner.py:347| eval_w2 | Epoch 2970, VI W2 to baseline: 0.8344
2026-03-28 21:37:38 | DEBUG | sivi:base_reverse_runner.py:272| eval_w2 | Epoch 2970, Reverse Model W2: 0.0538
2026-03-28 21:37:38 | DEBUG | sivi:base_runner.py:477| eval_elbo | Epoch 2970, ELBO: 1.8528, Std Total: 26.7872, Std Q: nan, CI Half: 2.3480
2026-03-28 21:37:38 | DEBUG | sivi:base_runner.py:507| eval_ksd | Epoch 2970, VI KSD: 0.1090
2026-03-28 21:37:38 | DEBUG | sivi:base_runner.py:337| eval_kl_ite | Epoch 2980, VI KL to baseline: 0.1647
2026-03-28 21:37:38 | DEBUG | sivi:base_reverse_runner.py:261| eval_kl_ite | Epoch 2980, Reverse Model KL ITE: 0.0108
2026-03-28 21:37:38 | DEBUG | sivi:base_runner.py:347| eval_w2 | Epoch 2980, VI W2 to baseline: 0.8355
2026-03-28 21:37:38 | DEBUG | sivi:base_reverse_runner.py:272| eval_w2 | Epoch 2980, Reverse Model W2: 0.0383
2026-03-28 21:37:38 | DEBUG | sivi:base_runner.py:477| eval_elbo | Epoch 2980, ELBO: 1.5084, Std Total: 20.9727, Std Q: nan, CI Half: 1.8383
2026-03-28 21:37:38 | DEBUG | sivi:base_runner.py:507| eval_ksd | Epoch 2980, VI KSD: 0.1079
2026-03-28 21:37:39 | DEBUG | sivi:base_runner.py:337| eval_kl_ite | Epoch 2990, VI KL to baseline: 0.1329
2026-03-28 21:37:39 | DEBUG | sivi:base_reverse_runner.py:261| eval_kl_ite | Epoch 2990, Reverse Model KL ITE: -0.0124
2026-03-28 21:37:39 | DEBUG | sivi:base_runner.py:347| eval_w2 | Epoch 2990, VI W2 to baseline: 0.7933
2026-03-28 21:37:39 | DEBUG | sivi:base_reverse_runner.py:272| eval_w2 | Epoch 2990, Reverse Model W2: 0.0513
2026-03-28 21:37:39 | DEBUG | sivi:base_runner.py:477| eval_elbo | Epoch 2990, ELBO: 1.1394, Std Total: 15.4627, Std Q: nan, CI Half: 1.3554
2026-03-28 21:37:39 | DEBUG | sivi:base_runner.py:507| eval_ksd | Epoch 2990, VI KSD: 0.0920
2026-03-28 21:37:39 | DEBUG | sivi:base_runner.py:874| learn | Epoch 3000: Avg Loss: 0.0770, Avg Epoch Time: 0.0643s
2026-03-28 21:37:40 | DEBUG | sivi:base_reverse_runner.py:183| _training_rev_log_func | Epoch 3000, Inner epoch 1, Reverse Model Loss: 2.6399, Avg Steps: 1.0000
2026-03-28 21:37:40 | DEBUG | sivi:base_runner.py:588| save_samples | Saved 100000 samples at epoch 3000.
2026-03-28 21:37:40 | DEBUG | sivi:base_runner.py:607| save_checkpoint | Saved VIModel checkpoints at epoch 3000 to results/AISIVI/banana/20260328_213406/checkpoints/epoch_3000.
2026-03-28 21:37:40 | DEBUG | sivi:base_reverse_runner.py:476| save_checkpoint | Saved reverse checkpoints at epoch 3000 to results/AISIVI/banana/20260328_213406/checkpoints/epoch_3000.
2026-03-28 21:37:40 | DEBUG | sivi:base_runner.py:337| eval_kl_ite | Epoch 3000, VI KL to baseline: 0.1486
2026-03-28 21:37:40 | DEBUG | sivi:base_reverse_runner.py:261| eval_kl_ite | Epoch 3000, Reverse Model KL ITE: 0.0148
2026-03-28 21:37:40 | DEBUG | sivi:base_runner.py:347| eval_w2 | Epoch 3000, VI W2 to baseline: 0.8189
2026-03-28 21:37:40 | DEBUG | sivi:base_reverse_runner.py:272| eval_w2 | Epoch 3000, Reverse Model W2: 0.0337
2026-03-28 21:37:40 | DEBUG | sivi:base_runner.py:477| eval_elbo | Epoch 3000, ELBO: 0.9518, Std Total: 10.9297, Std Q: nan, CI Half: 0.9580
2026-03-28 21:37:40 | DEBUG | sivi:base_runner.py:507| eval_ksd | Epoch 3000, VI KSD: 0.0704
2026-03-28 21:37:40 | DEBUG | sivi:base_runner.py:970| learn | Saved contour plot at epoch 3000.
2026-03-28 21:37:40 | DEBUG | sivi:base_runner.py:337| eval_kl_ite | Epoch 3010, VI KL to baseline: 0.1555
2026-03-28 21:37:40 | DEBUG | sivi:base_reverse_runner.py:261| eval_kl_ite | Epoch 3010, Reverse Model KL ITE: 0.0252
2026-03-28 21:37:40 | DEBUG | sivi:base_runner.py:347| eval_w2 | Epoch 3010, VI W2 to baseline: 0.7841
2026-03-28 21:37:40 | DEBUG | sivi:base_reverse_runner.py:272| eval_w2 | Epoch 3010, Reverse Model W2: 0.0588
2026-03-28 21:37:40 | DEBUG | sivi:base_runner.py:477| eval_elbo | Epoch 3010, ELBO: 0.9313, Std Total: 16.4659, Std Q: nan, CI Half: 1.4433
2026-03-28 21:37:40 | DEBUG | sivi:base_runner.py:507| eval_ksd | Epoch 3010, VI KSD: 0.1115
2026-03-28 21:37:41 | DEBUG | sivi:base_runner.py:337| eval_kl_ite | Epoch 3020, VI KL to baseline: 0.1476
2026-03-28 21:37:41 | DEBUG | sivi:base_reverse_runner.py:261| eval_kl_ite | Epoch 3020, Reverse Model KL ITE: 0.0178
2026-03-28 21:37:41 | DEBUG | sivi:base_runner.py:347| eval_w2 | Epoch 3020, VI W2 to baseline: 0.7488
2026-03-28 21:37:41 | DEBUG | sivi:base_reverse_runner.py:272| eval_w2 | Epoch 3020, Reverse Model W2: 0.0439
2026-03-28 21:37:41 | DEBUG | sivi:base_runner.py:477| eval_elbo | Epoch 3020, ELBO: 3.2995, Std Total: 71.7276, Std Q: nan, CI Half: 6.2872
2026-03-28 21:37:41 | DEBUG | sivi:base_runner.py:507| eval_ksd | Epoch 3020, VI KSD: 0.1133
2026-03-28 21:37:41 | DEBUG | sivi:base_runner.py:337| eval_kl_ite | Epoch 3030, VI KL to baseline: 0.1443
2026-03-28 21:37:42 | DEBUG | sivi:base_reverse_runner.py:261| eval_kl_ite | Epoch 3030, Reverse Model KL ITE: 0.0371
2026-03-28 21:37:42 | DEBUG | sivi:base_runner.py:347| eval_w2 | Epoch 3030, VI W2 to baseline: 0.7610
2026-03-28 21:37:42 | DEBUG | sivi:base_reverse_runner.py:272| eval_w2 | Epoch 3030, Reverse Model W2: 0.0489
2026-03-28 21:37:42 | DEBUG | sivi:base_runner.py:477| eval_elbo | Epoch 3030, ELBO: 1.1252, Std Total: 16.8893, Std Q: nan, CI Half: 1.4804
2026-03-28 21:37:42 | DEBUG | sivi:base_runner.py:507| eval_ksd | Epoch 3030, VI KSD: 0.0784
2026-03-28 21:37:42 | DEBUG | sivi:base_runner.py:337| eval_kl_ite | Epoch 3040, VI KL to baseline: 0.1534
2026-03-28 21:37:42 | DEBUG | sivi:base_reverse_runner.py:261| eval_kl_ite | Epoch 3040, Reverse Model KL ITE: 0.0094
2026-03-28 21:37:42 | DEBUG | sivi:base_runner.py:347| eval_w2 | Epoch 3040, VI W2 to baseline: 0.7572
2026-03-28 21:37:42 | DEBUG | sivi:base_reverse_runner.py:272| eval_w2 | Epoch 3040, Reverse Model W2: 0.0475
2026-03-28 21:37:42 | DEBUG | sivi:base_runner.py:477| eval_elbo | Epoch 3040, ELBO: 3.8658, Std Total: 54.3898, Std Q: nan, CI Half: 4.7675
2026-03-28 21:37:42 | DEBUG | sivi:base_runner.py:507| eval_ksd | Epoch 3040, VI KSD: 0.0737
2026-03-28 21:37:43 | DEBUG | sivi:base_runner.py:337| eval_kl_ite | Epoch 3050, VI KL to baseline: 0.1364
2026-03-28 21:37:43 | DEBUG | sivi:base_reverse_runner.py:261| eval_kl_ite | Epoch 3050, Reverse Model KL ITE: 0.0122
2026-03-28 21:37:43 | DEBUG | sivi:base_runner.py:347| eval_w2 | Epoch 3050, VI W2 to baseline: 0.8088
2026-03-28 21:37:43 | DEBUG | sivi:base_reverse_runner.py:272| eval_w2 | Epoch 3050, Reverse Model W2: 0.0601
2026-03-28 21:37:43 | DEBUG | sivi:base_runner.py:477| eval_elbo | Epoch 3050, ELBO: 1.4603, Std Total: 24.8883, Std Q: nan, CI Half: 2.1816
2026-03-28 21:37:43 | DEBUG | sivi:base_runner.py:507| eval_ksd | Epoch 3050, VI KSD: 0.0964
2026-03-28 21:37:43 | DEBUG | sivi:base_runner.py:337| eval_kl_ite | Epoch 3060, VI KL to baseline: 0.1338
2026-03-28 21:37:43 | DEBUG | sivi:base_reverse_runner.py:261| eval_kl_ite | Epoch 3060, Reverse Model KL ITE: 0.0124
2026-03-28 21:37:43 | DEBUG | sivi:base_runner.py:347| eval_w2 | Epoch 3060, VI W2 to baseline: 0.8007
2026-03-28 21:37:43 | DEBUG | sivi:base_reverse_runner.py:272| eval_w2 | Epoch 3060, Reverse Model W2: 0.0511
2026-03-28 21:37:43 | DEBUG | sivi:base_runner.py:477| eval_elbo | Epoch 3060, ELBO: 2.1236, Std Total: 40.5157, Std Q: nan, CI Half: 3.5514
2026-03-28 21:37:43 | DEBUG | sivi:base_runner.py:507| eval_ksd | Epoch 3060, VI KSD: 0.1005
2026-03-28 21:37:44 | DEBUG | sivi:base_runner.py:337| eval_kl_ite | Epoch 3070, VI KL to baseline: 0.1382
2026-03-28 21:37:44 | DEBUG | sivi:base_reverse_runner.py:261| eval_kl_ite | Epoch 3070, Reverse Model KL ITE: 0.0261
2026-03-28 21:37:44 | DEBUG | sivi:base_runner.py:347| eval_w2 | Epoch 3070, VI W2 to baseline: 0.7425
2026-03-28 21:37:44 | DEBUG | sivi:base_reverse_runner.py:272| eval_w2 | Epoch 3070, Reverse Model W2: 0.0389
2026-03-28 21:37:44 | DEBUG | sivi:base_runner.py:477| eval_elbo | Epoch 3070, ELBO: 4.1259, Std Total: 53.3801, Std Q: nan, CI Half: 4.6790
2026-03-28 21:37:44 | DEBUG | sivi:base_runner.py:507| eval_ksd | Epoch 3070, VI KSD: 0.1158
2026-03-28 21:37:45 | DEBUG | sivi:base_runner.py:337| eval_kl_ite | Epoch 3080, VI KL to baseline: 0.1322
2026-03-28 21:37:45 | DEBUG | sivi:base_reverse_runner.py:261| eval_kl_ite | Epoch 3080, Reverse Model KL ITE: -0.0150
2026-03-28 21:37:45 | DEBUG | sivi:base_runner.py:347| eval_w2 | Epoch 3080, VI W2 to baseline: 0.7717
2026-03-28 21:37:45 | DEBUG | sivi:base_reverse_runner.py:272| eval_w2 | Epoch 3080, Reverse Model W2: 0.0431
2026-03-28 21:37:45 | DEBUG | sivi:base_runner.py:477| eval_elbo | Epoch 3080, ELBO: 3.6264, Std Total: 70.4634, Std Q: nan, CI Half: 6.1764
2026-03-28 21:37:45 | DEBUG | sivi:base_runner.py:507| eval_ksd | Epoch 3080, VI KSD: 0.0910
2026-03-28 21:37:45 | DEBUG | sivi:base_runner.py:337| eval_kl_ite | Epoch 3090, VI KL to baseline: 0.1329
2026-03-28 21:37:45 | DEBUG | sivi:base_reverse_runner.py:261| eval_kl_ite | Epoch 3090, Reverse Model KL ITE: -0.0022
2026-03-28 21:37:45 | DEBUG | sivi:base_runner.py:347| eval_w2 | Epoch 3090, VI W2 to baseline: 0.7507
2026-03-28 21:37:45 | DEBUG | sivi:base_reverse_runner.py:272| eval_w2 | Epoch 3090, Reverse Model W2: 0.0425
2026-03-28 21:37:45 | DEBUG | sivi:base_runner.py:477| eval_elbo | Epoch 3090, ELBO: 4.7903, Std Total: 34.2021, Std Q: nan, CI Half: 2.9979
2026-03-28 21:37:45 | DEBUG | sivi:base_runner.py:507| eval_ksd | Epoch 3090, VI KSD: 0.0747
2026-03-28 21:37:46 | DEBUG | sivi:base_runner.py:874| learn | Epoch 3100: Avg Loss: 0.1059, Avg Epoch Time: 0.0622s
2026-03-28 21:37:46 | DEBUG | sivi:base_runner.py:337| eval_kl_ite | Epoch 3100, VI KL to baseline: 0.1548
2026-03-28 21:37:46 | DEBUG | sivi:base_reverse_runner.py:261| eval_kl_ite | Epoch 3100, Reverse Model KL ITE: 0.0185
2026-03-28 21:37:46 | DEBUG | sivi:base_runner.py:347| eval_w2 | Epoch 3100, VI W2 to baseline: 0.7296
2026-03-28 21:37:46 | DEBUG | sivi:base_reverse_runner.py:272| eval_w2 | Epoch 3100, Reverse Model W2: 0.0467
2026-03-28 21:37:46 | DEBUG | sivi:base_runner.py:477| eval_elbo | Epoch 3100, ELBO: 1.3837, Std Total: 19.6002, Std Q: nan, CI Half: 1.7180
2026-03-28 21:37:46 | DEBUG | sivi:base_runner.py:507| eval_ksd | Epoch 3100, VI KSD: 0.0850
2026-03-28 21:37:46 | DEBUG | sivi:base_runner.py:337| eval_kl_ite | Epoch 3110, VI KL to baseline: 0.1309
2026-03-28 21:37:47 | DEBUG | sivi:base_reverse_runner.py:261| eval_kl_ite | Epoch 3110, Reverse Model KL ITE: 0.0266
2026-03-28 21:37:47 | DEBUG | sivi:base_runner.py:347| eval_w2 | Epoch 3110, VI W2 to baseline: 0.7328
2026-03-28 21:37:47 | DEBUG | sivi:base_reverse_runner.py:272| eval_w2 | Epoch 3110, Reverse Model W2: 0.0500
2026-03-28 21:37:47 | DEBUG | sivi:base_runner.py:477| eval_elbo | Epoch 3110, ELBO: 7.7796, Std Total: 75.6247, Std Q: nan, CI Half: 6.6288
2026-03-28 21:37:47 | DEBUG | sivi:base_runner.py:507| eval_ksd | Epoch 3110, VI KSD: 0.0466
2026-03-28 21:37:47 | DEBUG | sivi:base_runner.py:337| eval_kl_ite | Epoch 3120, VI KL to baseline: 0.1339
2026-03-28 21:37:47 | DEBUG | sivi:base_reverse_runner.py:261| eval_kl_ite | Epoch 3120, Reverse Model KL ITE: 0.0205
2026-03-28 21:37:47 | DEBUG | sivi:base_runner.py:347| eval_w2 | Epoch 3120, VI W2 to baseline: 0.8111
2026-03-28 21:37:47 | DEBUG | sivi:base_reverse_runner.py:272| eval_w2 | Epoch 3120, Reverse Model W2: 0.0436
2026-03-28 21:37:47 | DEBUG | sivi:base_runner.py:477| eval_elbo | Epoch 3120, ELBO: 5.7705, Std Total: 64.1250, Std Q: nan, CI Half: 5.6208
2026-03-28 21:37:47 | DEBUG | sivi:base_runner.py:507| eval_ksd | Epoch 3120, VI KSD: 0.0939
2026-03-28 21:37:48 | DEBUG | sivi:base_runner.py:337| eval_kl_ite | Epoch 3130, VI KL to baseline: 0.1301
2026-03-28 21:37:48 | DEBUG | sivi:base_reverse_runner.py:261| eval_kl_ite | Epoch 3130, Reverse Model KL ITE: 0.0049
2026-03-28 21:37:48 | DEBUG | sivi:base_runner.py:347| eval_w2 | Epoch 3130, VI W2 to baseline: 0.7482
2026-03-28 21:37:48 | DEBUG | sivi:base_reverse_runner.py:272| eval_w2 | Epoch 3130, Reverse Model W2: 0.0474
2026-03-28 21:37:48 | DEBUG | sivi:base_runner.py:477| eval_elbo | Epoch 3130, ELBO: 1.9034, Std Total: 31.8221, Std Q: nan, CI Half: 2.7893
2026-03-28 21:37:48 | DEBUG | sivi:base_runner.py:507| eval_ksd | Epoch 3130, VI KSD: 0.1001
2026-03-28 21:37:48 | DEBUG | sivi:base_runner.py:337| eval_kl_ite | Epoch 3140, VI KL to baseline: 0.1577
2026-03-28 21:37:48 | DEBUG | sivi:base_reverse_runner.py:261| eval_kl_ite | Epoch 3140, Reverse Model KL ITE: 0.0129
2026-03-28 21:37:48 | DEBUG | sivi:base_runner.py:347| eval_w2 | Epoch 3140, VI W2 to baseline: 0.7215
2026-03-28 21:37:48 | DEBUG | sivi:base_reverse_runner.py:272| eval_w2 | Epoch 3140, Reverse Model W2: 0.0401
2026-03-28 21:37:48 | DEBUG | sivi:base_runner.py:477| eval_elbo | Epoch 3140, ELBO: 3.9390, Std Total: 52.2921, Std Q: nan, CI Half: 4.5836
2026-03-28 21:37:48 | DEBUG | sivi:base_runner.py:507| eval_ksd | Epoch 3140, VI KSD: 0.0878
2026-03-28 21:37:49 | DEBUG | sivi:base_runner.py:337| eval_kl_ite | Epoch 3150, VI KL to baseline: 0.1511
2026-03-28 21:37:49 | DEBUG | sivi:base_reverse_runner.py:261| eval_kl_ite | Epoch 3150, Reverse Model KL ITE: 0.0091
2026-03-28 21:37:49 | DEBUG | sivi:base_runner.py:347| eval_w2 | Epoch 3150, VI W2 to baseline: 0.7426
2026-03-28 21:37:49 | DEBUG | sivi:base_reverse_runner.py:272| eval_w2 | Epoch 3150, Reverse Model W2: 0.0483
2026-03-28 21:37:49 | DEBUG | sivi:base_runner.py:477| eval_elbo | Epoch 3150, ELBO: 1.0891, Std Total: 12.4333, Std Q: nan, CI Half: 1.0898
2026-03-28 21:37:49 | DEBUG | sivi:base_runner.py:507| eval_ksd | Epoch 3150, VI KSD: 0.0778
2026-03-28 21:37:49 | DEBUG | sivi:base_runner.py:337| eval_kl_ite | Epoch 3160, VI KL to baseline: 0.1343
2026-03-28 21:37:50 | DEBUG | sivi:base_reverse_runner.py:261| eval_kl_ite | Epoch 3160, Reverse Model KL ITE: 0.0222
2026-03-28 21:37:50 | DEBUG | sivi:base_runner.py:347| eval_w2 | Epoch 3160, VI W2 to baseline: 0.7405
2026-03-28 21:37:50 | DEBUG | sivi:base_reverse_runner.py:272| eval_w2 | Epoch 3160, Reverse Model W2: 0.0605
2026-03-28 21:37:50 | DEBUG | sivi:base_runner.py:477| eval_elbo | Epoch 3160, ELBO: 0.3944, Std Total: 6.2026, Std Q: nan, CI Half: 0.5437
2026-03-28 21:37:50 | DEBUG | sivi:base_runner.py:507| eval_ksd | Epoch 3160, VI KSD: 0.0353
2026-03-28 21:37:50 | DEBUG | sivi:base_runner.py:337| eval_kl_ite | Epoch 3170, VI KL to baseline: 0.1094
2026-03-28 21:37:50 | DEBUG | sivi:base_reverse_runner.py:261| eval_kl_ite | Epoch 3170, Reverse Model KL ITE: 0.0240
2026-03-28 21:37:50 | DEBUG | sivi:base_runner.py:347| eval_w2 | Epoch 3170, VI W2 to baseline: 0.7554
2026-03-28 21:37:50 | DEBUG | sivi:base_reverse_runner.py:272| eval_w2 | Epoch 3170, Reverse Model W2: 0.0517
2026-03-28 21:37:50 | DEBUG | sivi:base_runner.py:477| eval_elbo | Epoch 3170, ELBO: 0.0528, Std Total: 2.4472, Std Q: nan, CI Half: 0.2145
2026-03-28 21:37:50 | DEBUG | sivi:base_runner.py:507| eval_ksd | Epoch 3170, VI KSD: 0.0508
2026-03-28 21:37:51 | DEBUG | sivi:base_runner.py:337| eval_kl_ite | Epoch 3180, VI KL to baseline: 0.1221
2026-03-28 21:37:51 | DEBUG | sivi:base_reverse_runner.py:261| eval_kl_ite | Epoch 3180, Reverse Model KL ITE: 0.0105
2026-03-28 21:37:51 | DEBUG | sivi:base_runner.py:347| eval_w2 | Epoch 3180, VI W2 to baseline: 0.7712
2026-03-28 21:37:51 | DEBUG | sivi:base_reverse_runner.py:272| eval_w2 | Epoch 3180, Reverse Model W2: 0.0495
2026-03-28 21:37:51 | DEBUG | sivi:base_runner.py:477| eval_elbo | Epoch 3180, ELBO: 0.4977, Std Total: 7.6534, Std Q: nan, CI Half: 0.6709
2026-03-28 21:37:51 | DEBUG | sivi:base_runner.py:507| eval_ksd | Epoch 3180, VI KSD: 0.0698
2026-03-28 21:37:51 | DEBUG | sivi:base_runner.py:337| eval_kl_ite | Epoch 3190, VI KL to baseline: 0.1158
2026-03-28 21:37:51 | DEBUG | sivi:base_reverse_runner.py:261| eval_kl_ite | Epoch 3190, Reverse Model KL ITE: 0.0009
2026-03-28 21:37:51 | DEBUG | sivi:base_runner.py:347| eval_w2 | Epoch 3190, VI W2 to baseline: 0.7413
2026-03-28 21:37:51 | DEBUG | sivi:base_reverse_runner.py:272| eval_w2 | Epoch 3190, Reverse Model W2: 0.0361
2026-03-28 21:37:51 | DEBUG | sivi:base_runner.py:477| eval_elbo | Epoch 3190, ELBO: 0.6772, Std Total: 8.9377, Std Q: nan, CI Half: 0.7834
2026-03-28 21:37:51 | DEBUG | sivi:base_runner.py:507| eval_ksd | Epoch 3190, VI KSD: 0.0795
2026-03-28 21:37:52 | DEBUG | sivi:base_runner.py:874| learn | Epoch 3200: Avg Loss: 0.0684, Avg Epoch Time: 0.0599s
2026-03-28 21:37:52 | DEBUG | sivi:base_runner.py:337| eval_kl_ite | Epoch 3200, VI KL to baseline: 0.1300
2026-03-28 21:37:52 | DEBUG | sivi:base_reverse_runner.py:261| eval_kl_ite | Epoch 3200, Reverse Model KL ITE: 0.0165
2026-03-28 21:37:52 | DEBUG | sivi:base_runner.py:347| eval_w2 | Epoch 3200, VI W2 to baseline: 0.7349
2026-03-28 21:37:52 | DEBUG | sivi:base_reverse_runner.py:272| eval_w2 | Epoch 3200, Reverse Model W2: 0.0426
2026-03-28 21:37:52 | DEBUG | sivi:base_runner.py:477| eval_elbo | Epoch 3200, ELBO: 2.7320, Std Total: 29.2496, Std Q: nan, CI Half: 2.5638
2026-03-28 21:37:52 | DEBUG | sivi:base_runner.py:507| eval_ksd | Epoch 3200, VI KSD: 0.0592
2026-03-28 21:37:52 | DEBUG | sivi:base_runner.py:337| eval_kl_ite | Epoch 3210, VI KL to baseline: 0.1305
2026-03-28 21:37:52 | DEBUG | sivi:base_reverse_runner.py:261| eval_kl_ite | Epoch 3210, Reverse Model KL ITE: 0.0244
2026-03-28 21:37:52 | DEBUG | sivi:base_runner.py:347| eval_w2 | Epoch 3210, VI W2 to baseline: 0.6882
2026-03-28 21:37:52 | DEBUG | sivi:base_reverse_runner.py:272| eval_w2 | Epoch 3210, Reverse Model W2: 0.0503
2026-03-28 21:37:52 | DEBUG | sivi:base_runner.py:477| eval_elbo | Epoch 3210, ELBO: 5.9940, Std Total: 67.9133, Std Q: nan, CI Half: 5.9529
2026-03-28 21:37:52 | DEBUG | sivi:base_runner.py:507| eval_ksd | Epoch 3210, VI KSD: 0.0692
2026-03-28 21:37:53 | DEBUG | sivi:base_runner.py:337| eval_kl_ite | Epoch 3220, VI KL to baseline: 0.1306
2026-03-28 21:37:53 | DEBUG | sivi:base_reverse_runner.py:261| eval_kl_ite | Epoch 3220, Reverse Model KL ITE: 0.0092
2026-03-28 21:37:53 | DEBUG | sivi:base_runner.py:347| eval_w2 | Epoch 3220, VI W2 to baseline: 0.7296
2026-03-28 21:37:53 | DEBUG | sivi:base_reverse_runner.py:272| eval_w2 | Epoch 3220, Reverse Model W2: 0.0576
2026-03-28 21:37:53 | DEBUG | sivi:base_runner.py:477| eval_elbo | Epoch 3220, ELBO: 0.7163, Std Total: 9.0568, Std Q: nan, CI Half: 0.7939
2026-03-28 21:37:53 | DEBUG | sivi:base_runner.py:507| eval_ksd | Epoch 3220, VI KSD: 0.0601
2026-03-28 21:37:53 | DEBUG | sivi:base_runner.py:337| eval_kl_ite | Epoch 3230, VI KL to baseline: 0.1166
2026-03-28 21:37:53 | DEBUG | sivi:base_reverse_runner.py:261| eval_kl_ite | Epoch 3230, Reverse Model KL ITE: 0.0080
2026-03-28 21:37:53 | DEBUG | sivi:base_runner.py:347| eval_w2 | Epoch 3230, VI W2 to baseline: 0.6813
2026-03-28 21:37:53 | DEBUG | sivi:base_reverse_runner.py:272| eval_w2 | Epoch 3230, Reverse Model W2: 0.0493
2026-03-28 21:37:53 | DEBUG | sivi:base_runner.py:477| eval_elbo | Epoch 3230, ELBO: 0.9288, Std Total: 20.6687, Std Q: nan, CI Half: 1.8117
2026-03-28 21:37:53 | DEBUG | sivi:base_runner.py:507| eval_ksd | Epoch 3230, VI KSD: 0.1014
2026-03-28 21:37:54 | DEBUG | sivi:base_runner.py:337| eval_kl_ite | Epoch 3240, VI KL to baseline: 0.1250
2026-03-28 21:37:54 | DEBUG | sivi:base_reverse_runner.py:261| eval_kl_ite | Epoch 3240, Reverse Model KL ITE: -0.0038
2026-03-28 21:37:54 | DEBUG | sivi:base_runner.py:347| eval_w2 | Epoch 3240, VI W2 to baseline: 0.6985
2026-03-28 21:37:54 | DEBUG | sivi:base_reverse_runner.py:272| eval_w2 | Epoch 3240, Reverse Model W2: 0.0486
2026-03-28 21:37:54 | DEBUG | sivi:base_runner.py:477| eval_elbo | Epoch 3240, ELBO: 3.8169, Std Total: 53.3842, Std Q: nan, CI Half: 4.6793
2026-03-28 21:37:54 | DEBUG | sivi:base_runner.py:507| eval_ksd | Epoch 3240, VI KSD: 0.1038
2026-03-28 21:37:54 | DEBUG | sivi:base_runner.py:337| eval_kl_ite | Epoch 3250, VI KL to baseline: 0.1359
2026-03-28 21:37:55 | DEBUG | sivi:base_reverse_runner.py:261| eval_kl_ite | Epoch 3250, Reverse Model KL ITE: -0.0023
2026-03-28 21:37:55 | DEBUG | sivi:base_runner.py:347| eval_w2 | Epoch 3250, VI W2 to baseline: 0.6710
2026-03-28 21:37:55 | DEBUG | sivi:base_reverse_runner.py:272| eval_w2 | Epoch 3250, Reverse Model W2: 0.0565
2026-03-28 21:37:55 | DEBUG | sivi:base_runner.py:477| eval_elbo | Epoch 3250, ELBO: 0.5710, Std Total: 7.1419, Std Q: nan, CI Half: 0.6260
2026-03-28 21:37:55 | DEBUG | sivi:base_runner.py:507| eval_ksd | Epoch 3250, VI KSD: 0.0694
2026-03-28 21:37:55 | DEBUG | sivi:base_runner.py:337| eval_kl_ite | Epoch 3260, VI KL to baseline: 0.1224
2026-03-28 21:37:55 | DEBUG | sivi:base_reverse_runner.py:261| eval_kl_ite | Epoch 3260, Reverse Model KL ITE: 0.0204
2026-03-28 21:37:55 | DEBUG | sivi:base_runner.py:347| eval_w2 | Epoch 3260, VI W2 to baseline: 0.6764
2026-03-28 21:37:55 | DEBUG | sivi:base_reverse_runner.py:272| eval_w2 | Epoch 3260, Reverse Model W2: 0.0601
2026-03-28 21:37:55 | DEBUG | sivi:base_runner.py:477| eval_elbo | Epoch 3260, ELBO: 1.7010, Std Total: 18.9985, Std Q: nan, CI Half: 1.6653
2026-03-28 21:37:55 | DEBUG | sivi:base_runner.py:507| eval_ksd | Epoch 3260, VI KSD: 0.0829
2026-03-28 21:37:56 | DEBUG | sivi:base_runner.py:337| eval_kl_ite | Epoch 3270, VI KL to baseline: 0.1212
2026-03-28 21:37:56 | DEBUG | sivi:base_reverse_runner.py:261| eval_kl_ite | Epoch 3270, Reverse Model KL ITE: 0.0246
2026-03-28 21:37:56 | DEBUG | sivi:base_runner.py:347| eval_w2 | Epoch 3270, VI W2 to baseline: 0.7084
2026-03-28 21:37:56 | DEBUG | sivi:base_reverse_runner.py:272| eval_w2 | Epoch 3270, Reverse Model W2: 0.0491
2026-03-28 21:37:56 | DEBUG | sivi:base_runner.py:477| eval_elbo | Epoch 3270, ELBO: 4.2876, Std Total: 64.3600, Std Q: nan, CI Half: 5.6414
2026-03-28 21:37:56 | DEBUG | sivi:base_runner.py:507| eval_ksd | Epoch 3270, VI KSD: 0.0920
2026-03-28 21:37:56 | DEBUG | sivi:base_runner.py:337| eval_kl_ite | Epoch 3280, VI KL to baseline: 0.1314
2026-03-28 21:37:57 | DEBUG | sivi:base_reverse_runner.py:261| eval_kl_ite | Epoch 3280, Reverse Model KL ITE: 0.0170
2026-03-28 21:37:57 | DEBUG | sivi:base_runner.py:347| eval_w2 | Epoch 3280, VI W2 to baseline: 0.7215
2026-03-28 21:37:57 | DEBUG | sivi:base_reverse_runner.py:272| eval_w2 | Epoch 3280, Reverse Model W2: 0.0512
2026-03-28 21:37:57 | DEBUG | sivi:base_runner.py:477| eval_elbo | Epoch 3280, ELBO: 1.5495, Std Total: 20.7753, Std Q: nan, CI Half: 1.8210
2026-03-28 21:37:57 | DEBUG | sivi:base_runner.py:507| eval_ksd | Epoch 3280, VI KSD: 0.0958
2026-03-28 21:37:57 | DEBUG | sivi:base_runner.py:337| eval_kl_ite | Epoch 3290, VI KL to baseline: 0.1291
2026-03-28 21:37:57 | DEBUG | sivi:base_reverse_runner.py:261| eval_kl_ite | Epoch 3290, Reverse Model KL ITE: 0.0105
2026-03-28 21:37:57 | DEBUG | sivi:base_runner.py:347| eval_w2 | Epoch 3290, VI W2 to baseline: 0.7372
2026-03-28 21:37:57 | DEBUG | sivi:base_reverse_runner.py:272| eval_w2 | Epoch 3290, Reverse Model W2: 0.0459
2026-03-28 21:37:57 | DEBUG | sivi:base_runner.py:477| eval_elbo | Epoch 3290, ELBO: 0.6055, Std Total: 6.3838, Std Q: nan, CI Half: 0.5596
2026-03-28 21:37:57 | DEBUG | sivi:base_runner.py:507| eval_ksd | Epoch 3290, VI KSD: 0.0764
2026-03-28 21:37:58 | DEBUG | sivi:base_runner.py:874| learn | Epoch 3300: Avg Loss: 0.1012, Avg Epoch Time: 0.0598s
2026-03-28 21:37:58 | DEBUG | sivi:base_runner.py:337| eval_kl_ite | Epoch 3300, VI KL to baseline: 0.0911
2026-03-28 21:37:58 | DEBUG | sivi:base_reverse_runner.py:261| eval_kl_ite | Epoch 3300, Reverse Model KL ITE: 0.0028
2026-03-28 21:37:58 | DEBUG | sivi:base_runner.py:347| eval_w2 | Epoch 3300, VI W2 to baseline: 0.7124
2026-03-28 21:37:58 | DEBUG | sivi:base_reverse_runner.py:272| eval_w2 | Epoch 3300, Reverse Model W2: 0.0608
2026-03-28 21:37:58 | DEBUG | sivi:base_runner.py:477| eval_elbo | Epoch 3300, ELBO: 1.6794, Std Total: 27.6047, Std Q: nan, CI Half: 2.4197
2026-03-28 21:37:58 | DEBUG | sivi:base_runner.py:507| eval_ksd | Epoch 3300, VI KSD: 0.0600
2026-03-28 21:37:58 | DEBUG | sivi:base_runner.py:337| eval_kl_ite | Epoch 3310, VI KL to baseline: 0.1237
2026-03-28 21:37:59 | DEBUG | sivi:base_reverse_runner.py:261| eval_kl_ite | Epoch 3310, Reverse Model KL ITE: 0.0211
2026-03-28 21:37:59 | DEBUG | sivi:base_runner.py:347| eval_w2 | Epoch 3310, VI W2 to baseline: 0.7111
2026-03-28 21:37:59 | DEBUG | sivi:base_reverse_runner.py:272| eval_w2 | Epoch 3310, Reverse Model W2: 0.0379
2026-03-28 21:37:59 | DEBUG | sivi:base_runner.py:477| eval_elbo | Epoch 3310, ELBO: 1.1958, Std Total: 18.6050, Std Q: nan, CI Half: 1.6308
2026-03-28 21:37:59 | DEBUG | sivi:base_runner.py:507| eval_ksd | Epoch 3310, VI KSD: 0.0533
2026-03-28 21:37:59 | DEBUG | sivi:base_runner.py:337| eval_kl_ite | Epoch 3320, VI KL to baseline: 0.1286
2026-03-28 21:37:59 | DEBUG | sivi:base_reverse_runner.py:261| eval_kl_ite | Epoch 3320, Reverse Model KL ITE: 0.0143
2026-03-28 21:37:59 | DEBUG | sivi:base_runner.py:347| eval_w2 | Epoch 3320, VI W2 to baseline: 0.6793
2026-03-28 21:37:59 | DEBUG | sivi:base_reverse_runner.py:272| eval_w2 | Epoch 3320, Reverse Model W2: 0.0597
2026-03-28 21:37:59 | DEBUG | sivi:base_runner.py:477| eval_elbo | Epoch 3320, ELBO: 1.1751, Std Total: 14.1761, Std Q: nan, CI Half: 1.2426
2026-03-28 21:37:59 | DEBUG | sivi:base_runner.py:507| eval_ksd | Epoch 3320, VI KSD: 0.0517
2026-03-28 21:38:00 | DEBUG | sivi:base_runner.py:337| eval_kl_ite | Epoch 3330, VI KL to baseline: 0.0885
2026-03-28 21:38:00 | DEBUG | sivi:base_reverse_runner.py:261| eval_kl_ite | Epoch 3330, Reverse Model KL ITE: 0.0129
2026-03-28 21:38:00 | DEBUG | sivi:base_runner.py:347| eval_w2 | Epoch 3330, VI W2 to baseline: 0.6557
2026-03-28 21:38:00 | DEBUG | sivi:base_reverse_runner.py:272| eval_w2 | Epoch 3330, Reverse Model W2: 0.0497
2026-03-28 21:38:00 | DEBUG | sivi:base_runner.py:477| eval_elbo | Epoch 3330, ELBO: 6.3091, Std Total: 58.8663, Std Q: nan, CI Half: 5.1599
2026-03-28 21:38:00 | DEBUG | sivi:base_runner.py:507| eval_ksd | Epoch 3330, VI KSD: 0.0496
2026-03-28 21:38:00 | DEBUG | sivi:base_runner.py:337| eval_kl_ite | Epoch 3340, VI KL to baseline: 0.1165
2026-03-28 21:38:00 | DEBUG | sivi:base_reverse_runner.py:261| eval_kl_ite | Epoch 3340, Reverse Model KL ITE: 0.0155
2026-03-28 21:38:00 | DEBUG | sivi:base_runner.py:347| eval_w2 | Epoch 3340, VI W2 to baseline: 0.6727
2026-03-28 21:38:00 | DEBUG | sivi:base_reverse_runner.py:272| eval_w2 | Epoch 3340, Reverse Model W2: 0.0541
2026-03-28 21:38:00 | DEBUG | sivi:base_runner.py:477| eval_elbo | Epoch 3340, ELBO: 0.6539, Std Total: 10.1267, Std Q: nan, CI Half: 0.8876
2026-03-28 21:38:00 | DEBUG | sivi:base_runner.py:507| eval_ksd | Epoch 3340, VI KSD: 0.0484
2026-03-28 21:38:01 | DEBUG | sivi:base_runner.py:337| eval_kl_ite | Epoch 3350, VI KL to baseline: 0.1212
2026-03-28 21:38:01 | DEBUG | sivi:base_reverse_runner.py:261| eval_kl_ite | Epoch 3350, Reverse Model KL ITE: -0.0012
2026-03-28 21:38:01 | DEBUG | sivi:base_runner.py:347| eval_w2 | Epoch 3350, VI W2 to baseline: 0.7228
2026-03-28 21:38:01 | DEBUG | sivi:base_reverse_runner.py:272| eval_w2 | Epoch 3350, Reverse Model W2: 0.0390
2026-03-28 21:38:01 | DEBUG | sivi:base_runner.py:477| eval_elbo | Epoch 3350, ELBO: 1.4799, Std Total: 16.6402, Std Q: nan, CI Half: 1.4586
2026-03-28 21:38:01 | DEBUG | sivi:base_runner.py:507| eval_ksd | Epoch 3350, VI KSD: 0.0936
2026-03-28 21:38:01 | DEBUG | sivi:base_runner.py:337| eval_kl_ite | Epoch 3360, VI KL to baseline: 0.1203
2026-03-28 21:38:01 | DEBUG | sivi:base_reverse_runner.py:261| eval_kl_ite | Epoch 3360, Reverse Model KL ITE: 0.0016
2026-03-28 21:38:01 | DEBUG | sivi:base_runner.py:347| eval_w2 | Epoch 3360, VI W2 to baseline: 0.6635
2026-03-28 21:38:01 | DEBUG | sivi:base_reverse_runner.py:272| eval_w2 | Epoch 3360, Reverse Model W2: 0.0489
2026-03-28 21:38:01 | DEBUG | sivi:base_runner.py:477| eval_elbo | Epoch 3360, ELBO: 1.0518, Std Total: 14.0663, Std Q: nan, CI Half: 1.2330
2026-03-28 21:38:01 | DEBUG | sivi:base_runner.py:507| eval_ksd | Epoch 3360, VI KSD: 0.0505
2026-03-28 21:38:02 | DEBUG | sivi:base_runner.py:337| eval_kl_ite | Epoch 3370, VI KL to baseline: 0.1233
2026-03-28 21:38:02 | DEBUG | sivi:base_reverse_runner.py:261| eval_kl_ite | Epoch 3370, Reverse Model KL ITE: 0.0112
2026-03-28 21:38:02 | DEBUG | sivi:base_runner.py:347| eval_w2 | Epoch 3370, VI W2 to baseline: 0.6861
2026-03-28 21:38:02 | DEBUG | sivi:base_reverse_runner.py:272| eval_w2 | Epoch 3370, Reverse Model W2: 0.0436
2026-03-28 21:38:02 | DEBUG | sivi:base_runner.py:477| eval_elbo | Epoch 3370, ELBO: 0.8407, Std Total: 7.4164, Std Q: nan, CI Half: 0.6501
2026-03-28 21:38:02 | DEBUG | sivi:base_runner.py:507| eval_ksd | Epoch 3370, VI KSD: 0.0681
2026-03-28 21:38:02 | DEBUG | sivi:base_runner.py:337| eval_kl_ite | Epoch 3380, VI KL to baseline: 0.1165
2026-03-28 21:38:02 | DEBUG | sivi:base_reverse_runner.py:261| eval_kl_ite | Epoch 3380, Reverse Model KL ITE: 0.0246
2026-03-28 21:38:02 | DEBUG | sivi:base_runner.py:347| eval_w2 | Epoch 3380, VI W2 to baseline: 0.6236
2026-03-28 21:38:02 | DEBUG | sivi:base_reverse_runner.py:272| eval_w2 | Epoch 3380, Reverse Model W2: 0.0569
2026-03-28 21:38:02 | DEBUG | sivi:base_runner.py:477| eval_elbo | Epoch 3380, ELBO: 0.1339, Std Total: 2.4664, Std Q: nan, CI Half: 0.2162
2026-03-28 21:38:02 | DEBUG | sivi:base_runner.py:507| eval_ksd | Epoch 3380, VI KSD: 0.0563
2026-03-28 21:38:03 | DEBUG | sivi:base_runner.py:337| eval_kl_ite | Epoch 3390, VI KL to baseline: 0.1068
2026-03-28 21:38:03 | DEBUG | sivi:base_reverse_runner.py:261| eval_kl_ite | Epoch 3390, Reverse Model KL ITE: 0.0348
2026-03-28 21:38:03 | DEBUG | sivi:base_runner.py:347| eval_w2 | Epoch 3390, VI W2 to baseline: 0.6578
2026-03-28 21:38:03 | DEBUG | sivi:base_reverse_runner.py:272| eval_w2 | Epoch 3390, Reverse Model W2: 0.0447
2026-03-28 21:38:03 | DEBUG | sivi:base_runner.py:477| eval_elbo | Epoch 3390, ELBO: 0.4047, Std Total: 4.9701, Std Q: nan, CI Half: 0.4356
2026-03-28 21:38:03 | DEBUG | sivi:base_runner.py:507| eval_ksd | Epoch 3390, VI KSD: 0.0465
2026-03-28 21:38:03 | DEBUG | sivi:base_runner.py:874| learn | Epoch 3400: Avg Loss: 0.0068, Avg Epoch Time: 0.0568s
2026-03-28 21:38:03 | DEBUG | sivi:base_runner.py:337| eval_kl_ite | Epoch 3400, VI KL to baseline: 0.1187
2026-03-28 21:38:04 | DEBUG | sivi:base_reverse_runner.py:261| eval_kl_ite | Epoch 3400, Reverse Model KL ITE: -0.0110
2026-03-28 21:38:04 | DEBUG | sivi:base_runner.py:347| eval_w2 | Epoch 3400, VI W2 to baseline: 0.6905
2026-03-28 21:38:04 | DEBUG | sivi:base_reverse_runner.py:272| eval_w2 | Epoch 3400, Reverse Model W2: 0.0435
2026-03-28 21:38:04 | DEBUG | sivi:base_runner.py:477| eval_elbo | Epoch 3400, ELBO: 1.4861, Std Total: 24.4696, Std Q: nan, CI Half: 2.1449
2026-03-28 21:38:04 | DEBUG | sivi:base_runner.py:507| eval_ksd | Epoch 3400, VI KSD: 0.0485
2026-03-28 21:38:04 | DEBUG | sivi:base_runner.py:337| eval_kl_ite | Epoch 3410, VI KL to baseline: 0.0966
2026-03-28 21:38:04 | DEBUG | sivi:base_reverse_runner.py:261| eval_kl_ite | Epoch 3410, Reverse Model KL ITE: 0.0050
2026-03-28 21:38:04 | DEBUG | sivi:base_runner.py:347| eval_w2 | Epoch 3410, VI W2 to baseline: 0.6443
2026-03-28 21:38:04 | DEBUG | sivi:base_reverse_runner.py:272| eval_w2 | Epoch 3410, Reverse Model W2: 0.0641
2026-03-28 21:38:04 | DEBUG | sivi:base_runner.py:477| eval_elbo | Epoch 3410, ELBO: 1.6272, Std Total: 18.6705, Std Q: nan, CI Half: 1.6365
2026-03-28 21:38:04 | DEBUG | sivi:base_runner.py:507| eval_ksd | Epoch 3410, VI KSD: 0.0351
2026-03-28 21:38:04 | DEBUG | sivi:base_runner.py:337| eval_kl_ite | Epoch 3420, VI KL to baseline: 0.1050
2026-03-28 21:38:04 | DEBUG | sivi:base_reverse_runner.py:261| eval_kl_ite | Epoch 3420, Reverse Model KL ITE: 0.0224
2026-03-28 21:38:04 | DEBUG | sivi:base_runner.py:347| eval_w2 | Epoch 3420, VI W2 to baseline: 0.6481
2026-03-28 21:38:04 | DEBUG | sivi:base_reverse_runner.py:272| eval_w2 | Epoch 3420, Reverse Model W2: 0.0504
2026-03-28 21:38:04 | DEBUG | sivi:base_runner.py:477| eval_elbo | Epoch 3420, ELBO: 0.7539, Std Total: 13.5404, Std Q: nan, CI Half: 1.1869
2026-03-28 21:38:04 | DEBUG | sivi:base_runner.py:507| eval_ksd | Epoch 3420, VI KSD: 0.0554
2026-03-28 21:38:05 | DEBUG | sivi:base_runner.py:337| eval_kl_ite | Epoch 3430, VI KL to baseline: 0.1000
2026-03-28 21:38:05 | DEBUG | sivi:base_reverse_runner.py:261| eval_kl_ite | Epoch 3430, Reverse Model KL ITE: 0.0176
2026-03-28 21:38:05 | DEBUG | sivi:base_runner.py:347| eval_w2 | Epoch 3430, VI W2 to baseline: 0.6425
2026-03-28 21:38:05 | DEBUG | sivi:base_reverse_runner.py:272| eval_w2 | Epoch 3430, Reverse Model W2: 0.0521
2026-03-28 21:38:05 | DEBUG | sivi:base_runner.py:477| eval_elbo | Epoch 3430, ELBO: 3.8230, Std Total: 33.2252, Std Q: nan, CI Half: 2.9123
2026-03-28 21:38:05 | DEBUG | sivi:base_runner.py:507| eval_ksd | Epoch 3430, VI KSD: 0.0338
2026-03-28 21:38:05 | DEBUG | sivi:base_runner.py:337| eval_kl_ite | Epoch 3440, VI KL to baseline: 0.1045
2026-03-28 21:38:05 | DEBUG | sivi:base_reverse_runner.py:261| eval_kl_ite | Epoch 3440, Reverse Model KL ITE: 0.0190
2026-03-28 21:38:05 | DEBUG | sivi:base_runner.py:347| eval_w2 | Epoch 3440, VI W2 to baseline: 0.6489
2026-03-28 21:38:05 | DEBUG | sivi:base_reverse_runner.py:272| eval_w2 | Epoch 3440, Reverse Model W2: 0.0441
2026-03-28 21:38:05 | DEBUG | sivi:base_runner.py:477| eval_elbo | Epoch 3440, ELBO: 1.6589, Std Total: 17.5135, Std Q: nan, CI Half: 1.5351
2026-03-28 21:38:05 | DEBUG | sivi:base_runner.py:507| eval_ksd | Epoch 3440, VI KSD: 0.0502
2026-03-28 21:38:06 | DEBUG | sivi:base_runner.py:337| eval_kl_ite | Epoch 3450, VI KL to baseline: 0.0904
2026-03-28 21:38:06 | DEBUG | sivi:base_reverse_runner.py:261| eval_kl_ite | Epoch 3450, Reverse Model KL ITE: 0.0255
2026-03-28 21:38:06 | DEBUG | sivi:base_runner.py:347| eval_w2 | Epoch 3450, VI W2 to baseline: 0.6272
2026-03-28 21:38:06 | DEBUG | sivi:base_reverse_runner.py:272| eval_w2 | Epoch 3450, Reverse Model W2: 0.0689
2026-03-28 21:38:06 | DEBUG | sivi:base_runner.py:477| eval_elbo | Epoch 3450, ELBO: 0.3242, Std Total: 5.2573, Std Q: nan, CI Half: 0.4608
2026-03-28 21:38:06 | DEBUG | sivi:base_runner.py:507| eval_ksd | Epoch 3450, VI KSD: 0.0427
2026-03-28 21:38:06 | DEBUG | sivi:base_runner.py:337| eval_kl_ite | Epoch 3460, VI KL to baseline: 0.1069
2026-03-28 21:38:07 | DEBUG | sivi:base_reverse_runner.py:261| eval_kl_ite | Epoch 3460, Reverse Model KL ITE: -0.0021
2026-03-28 21:38:07 | DEBUG | sivi:base_runner.py:347| eval_w2 | Epoch 3460, VI W2 to baseline: 0.5918
2026-03-28 21:38:07 | DEBUG | sivi:base_reverse_runner.py:272| eval_w2 | Epoch 3460, Reverse Model W2: 0.0409
2026-03-28 21:38:07 | DEBUG | sivi:base_runner.py:477| eval_elbo | Epoch 3460, ELBO: 1.0588, Std Total: 20.0687, Std Q: nan, CI Half: 1.7591
2026-03-28 21:38:07 | DEBUG | sivi:base_runner.py:507| eval_ksd | Epoch 3460, VI KSD: 0.0564
2026-03-28 21:38:07 | DEBUG | sivi:base_runner.py:337| eval_kl_ite | Epoch 3470, VI KL to baseline: 0.1126
2026-03-28 21:38:07 | DEBUG | sivi:base_reverse_runner.py:261| eval_kl_ite | Epoch 3470, Reverse Model KL ITE: 0.0049
2026-03-28 21:38:07 | DEBUG | sivi:base_runner.py:347| eval_w2 | Epoch 3470, VI W2 to baseline: 0.6243
2026-03-28 21:38:07 | DEBUG | sivi:base_reverse_runner.py:272| eval_w2 | Epoch 3470, Reverse Model W2: 0.0489
2026-03-28 21:38:07 | DEBUG | sivi:base_runner.py:477| eval_elbo | Epoch 3470, ELBO: 3.9709, Std Total: 53.3031, Std Q: nan, CI Half: 4.6722
2026-03-28 21:38:07 | DEBUG | sivi:base_runner.py:507| eval_ksd | Epoch 3470, VI KSD: 0.0924
2026-03-28 21:38:08 | DEBUG | sivi:base_runner.py:337| eval_kl_ite | Epoch 3480, VI KL to baseline: 0.0850
2026-03-28 21:38:08 | DEBUG | sivi:base_reverse_runner.py:261| eval_kl_ite | Epoch 3480, Reverse Model KL ITE: 0.0155
2026-03-28 21:38:08 | DEBUG | sivi:base_runner.py:347| eval_w2 | Epoch 3480, VI W2 to baseline: 0.6103
2026-03-28 21:38:08 | DEBUG | sivi:base_reverse_runner.py:272| eval_w2 | Epoch 3480, Reverse Model W2: 0.0449
2026-03-28 21:38:08 | DEBUG | sivi:base_runner.py:477| eval_elbo | Epoch 3480, ELBO: 1.4469, Std Total: 17.9518, Std Q: nan, CI Half: 1.5735
2026-03-28 21:38:08 | DEBUG | sivi:base_runner.py:507| eval_ksd | Epoch 3480, VI KSD: 0.0243
2026-03-28 21:38:08 | DEBUG | sivi:base_runner.py:337| eval_kl_ite | Epoch 3490, VI KL to baseline: 0.0829
2026-03-28 21:38:08 | DEBUG | sivi:base_reverse_runner.py:261| eval_kl_ite | Epoch 3490, Reverse Model KL ITE: 0.0077
2026-03-28 21:38:08 | DEBUG | sivi:base_runner.py:347| eval_w2 | Epoch 3490, VI W2 to baseline: 0.5972
2026-03-28 21:38:08 | DEBUG | sivi:base_reverse_runner.py:272| eval_w2 | Epoch 3490, Reverse Model W2: 0.0537
2026-03-28 21:38:08 | DEBUG | sivi:base_runner.py:477| eval_elbo | Epoch 3490, ELBO: 1.0101, Std Total: 21.3939, Std Q: nan, CI Half: 1.8753
2026-03-28 21:38:08 | DEBUG | sivi:base_runner.py:507| eval_ksd | Epoch 3490, VI KSD: 0.0545
2026-03-28 21:38:08 | DEBUG | sivi:base_runner.py:874| learn | Epoch 3500: Avg Loss: 0.1616, Avg Epoch Time: 0.0512s
2026-03-28 21:38:08 | DEBUG | sivi:base_reverse_runner.py:183| _training_rev_log_func | Epoch 3500, Inner epoch 1, Reverse Model Loss: 2.6739, Avg Steps: 1.0000
2026-03-28 21:38:08 | DEBUG | sivi:base_runner.py:588| save_samples | Saved 100000 samples at epoch 3500.
2026-03-28 21:38:09 | DEBUG | sivi:base_runner.py:337| eval_kl_ite | Epoch 3500, VI KL to baseline: 0.0827
2026-03-28 21:38:09 | DEBUG | sivi:base_reverse_runner.py:261| eval_kl_ite | Epoch 3500, Reverse Model KL ITE: 0.0065
2026-03-28 21:38:09 | DEBUG | sivi:base_runner.py:347| eval_w2 | Epoch 3500, VI W2 to baseline: 0.6028
2026-03-28 21:38:09 | DEBUG | sivi:base_reverse_runner.py:272| eval_w2 | Epoch 3500, Reverse Model W2: 0.0445
2026-03-28 21:38:09 | DEBUG | sivi:base_runner.py:477| eval_elbo | Epoch 3500, ELBO: 0.1631, Std Total: 3.1222, Std Q: nan, CI Half: 0.2737
2026-03-28 21:38:09 | DEBUG | sivi:base_runner.py:507| eval_ksd | Epoch 3500, VI KSD: 0.0425
2026-03-28 21:38:09 | DEBUG | sivi:base_runner.py:970| learn | Saved contour plot at epoch 3500.
2026-03-28 21:38:09 | DEBUG | sivi:base_runner.py:337| eval_kl_ite | Epoch 3510, VI KL to baseline: 0.0852
2026-03-28 21:38:09 | DEBUG | sivi:base_reverse_runner.py:261| eval_kl_ite | Epoch 3510, Reverse Model KL ITE: 0.0198
2026-03-28 21:38:09 | DEBUG | sivi:base_runner.py:347| eval_w2 | Epoch 3510, VI W2 to baseline: 0.6262
2026-03-28 21:38:09 | DEBUG | sivi:base_reverse_runner.py:272| eval_w2 | Epoch 3510, Reverse Model W2: 0.0431
2026-03-28 21:38:09 | DEBUG | sivi:base_runner.py:477| eval_elbo | Epoch 3510, ELBO: 1.1586, Std Total: 15.2640, Std Q: nan, CI Half: 1.3380
2026-03-28 21:38:09 | DEBUG | sivi:base_runner.py:507| eval_ksd | Epoch 3510, VI KSD: 0.0602
2026-03-28 21:38:10 | DEBUG | sivi:base_runner.py:337| eval_kl_ite | Epoch 3520, VI KL to baseline: 0.0932
2026-03-28 21:38:10 | DEBUG | sivi:base_reverse_runner.py:261| eval_kl_ite | Epoch 3520, Reverse Model KL ITE: 0.0214
2026-03-28 21:38:10 | DEBUG | sivi:base_runner.py:347| eval_w2 | Epoch 3520, VI W2 to baseline: 0.5940
2026-03-28 21:38:10 | DEBUG | sivi:base_reverse_runner.py:272| eval_w2 | Epoch 3520, Reverse Model W2: 0.0483
2026-03-28 21:38:10 | DEBUG | sivi:base_runner.py:477| eval_elbo | Epoch 3520, ELBO: 0.6880, Std Total: 9.7858, Std Q: nan, CI Half: 0.8578
2026-03-28 21:38:10 | DEBUG | sivi:base_runner.py:507| eval_ksd | Epoch 3520, VI KSD: 0.0365
2026-03-28 21:38:10 | DEBUG | sivi:base_runner.py:337| eval_kl_ite | Epoch 3530, VI KL to baseline: 0.1107
2026-03-28 21:38:10 | DEBUG | sivi:base_reverse_runner.py:261| eval_kl_ite | Epoch 3530, Reverse Model KL ITE: 0.0279
2026-03-28 21:38:10 | DEBUG | sivi:base_runner.py:347| eval_w2 | Epoch 3530, VI W2 to baseline: 0.5690
2026-03-28 21:38:10 | DEBUG | sivi:base_reverse_runner.py:272| eval_w2 | Epoch 3530, Reverse Model W2: 0.0505
2026-03-28 21:38:10 | DEBUG | sivi:base_runner.py:477| eval_elbo | Epoch 3530, ELBO: 1.5586, Std Total: 21.0652, Std Q: nan, CI Half: 1.8464
2026-03-28 21:38:10 | DEBUG | sivi:base_runner.py:507| eval_ksd | Epoch 3530, VI KSD: 0.0620
2026-03-28 21:38:11 | DEBUG | sivi:base_runner.py:337| eval_kl_ite | Epoch 3540, VI KL to baseline: 0.0919
2026-03-28 21:38:11 | DEBUG | sivi:base_reverse_runner.py:261| eval_kl_ite | Epoch 3540, Reverse Model KL ITE: 0.0138
2026-03-28 21:38:11 | DEBUG | sivi:base_runner.py:347| eval_w2 | Epoch 3540, VI W2 to baseline: 0.6310
2026-03-28 21:38:11 | DEBUG | sivi:base_reverse_runner.py:272| eval_w2 | Epoch 3540, Reverse Model W2: 0.0729
2026-03-28 21:38:11 | DEBUG | sivi:base_runner.py:477| eval_elbo | Epoch 3540, ELBO: 1.8022, Std Total: 27.0739, Std Q: nan, CI Half: 2.3731
2026-03-28 21:38:11 | DEBUG | sivi:base_runner.py:507| eval_ksd | Epoch 3540, VI KSD: 0.0324
2026-03-28 21:38:11 | DEBUG | sivi:base_runner.py:337| eval_kl_ite | Epoch 3550, VI KL to baseline: 0.0992
2026-03-28 21:38:12 | DEBUG | sivi:base_reverse_runner.py:261| eval_kl_ite | Epoch 3550, Reverse Model KL ITE: 0.0152
2026-03-28 21:38:12 | DEBUG | sivi:base_runner.py:347| eval_w2 | Epoch 3550, VI W2 to baseline: 0.6055
2026-03-28 21:38:12 | DEBUG | sivi:base_reverse_runner.py:272| eval_w2 | Epoch 3550, Reverse Model W2: 0.0405
2026-03-28 21:38:12 | DEBUG | sivi:base_runner.py:477| eval_elbo | Epoch 3550, ELBO: 0.4112, Std Total: 6.2102, Std Q: nan, CI Half: 0.5443
2026-03-28 21:38:12 | DEBUG | sivi:base_runner.py:507| eval_ksd | Epoch 3550, VI KSD: 0.0412
2026-03-28 21:38:12 | DEBUG | sivi:base_runner.py:337| eval_kl_ite | Epoch 3560, VI KL to baseline: 0.0878
2026-03-28 21:38:12 | DEBUG | sivi:base_reverse_runner.py:261| eval_kl_ite | Epoch 3560, Reverse Model KL ITE: 0.0278
2026-03-28 21:38:12 | DEBUG | sivi:base_runner.py:347| eval_w2 | Epoch 3560, VI W2 to baseline: 0.6011
2026-03-28 21:38:12 | DEBUG | sivi:base_reverse_runner.py:272| eval_w2 | Epoch 3560, Reverse Model W2: 0.0444
2026-03-28 21:38:12 | DEBUG | sivi:base_runner.py:477| eval_elbo | Epoch 3560, ELBO: 1.1742, Std Total: 17.2009, Std Q: nan, CI Half: 1.5077
2026-03-28 21:38:12 | DEBUG | sivi:base_runner.py:507| eval_ksd | Epoch 3560, VI KSD: 0.0362
2026-03-28 21:38:13 | DEBUG | sivi:base_runner.py:337| eval_kl_ite | Epoch 3570, VI KL to baseline: 0.0792
2026-03-28 21:38:13 | DEBUG | sivi:base_reverse_runner.py:261| eval_kl_ite | Epoch 3570, Reverse Model KL ITE: 0.0375
2026-03-28 21:38:13 | DEBUG | sivi:base_runner.py:347| eval_w2 | Epoch 3570, VI W2 to baseline: 0.5597
2026-03-28 21:38:13 | DEBUG | sivi:base_reverse_runner.py:272| eval_w2 | Epoch 3570, Reverse Model W2: 0.0446
2026-03-28 21:38:13 | DEBUG | sivi:base_runner.py:477| eval_elbo | Epoch 3570, ELBO: 2.8076, Std Total: 28.2627, Std Q: nan, CI Half: 2.4773
2026-03-28 21:38:13 | DEBUG | sivi:base_runner.py:507| eval_ksd | Epoch 3570, VI KSD: 0.0412
2026-03-28 21:38:13 | DEBUG | sivi:base_runner.py:337| eval_kl_ite | Epoch 3580, VI KL to baseline: 0.0764
2026-03-28 21:38:13 | DEBUG | sivi:base_reverse_runner.py:261| eval_kl_ite | Epoch 3580, Reverse Model KL ITE: 0.0205
2026-03-28 21:38:14 | DEBUG | sivi:base_runner.py:347| eval_w2 | Epoch 3580, VI W2 to baseline: 0.5480
2026-03-28 21:38:14 | DEBUG | sivi:base_reverse_runner.py:272| eval_w2 | Epoch 3580, Reverse Model W2: 0.0425
2026-03-28 21:38:14 | DEBUG | sivi:base_runner.py:477| eval_elbo | Epoch 3580, ELBO: 0.9423, Std Total: 15.4686, Std Q: nan, CI Half: 1.3559
2026-03-28 21:38:14 | DEBUG | sivi:base_runner.py:507| eval_ksd | Epoch 3580, VI KSD: 0.0413
2026-03-28 21:38:14 | DEBUG | sivi:base_runner.py:337| eval_kl_ite | Epoch 3590, VI KL to baseline: 0.0799
2026-03-28 21:38:14 | DEBUG | sivi:base_reverse_runner.py:261| eval_kl_ite | Epoch 3590, Reverse Model KL ITE: 0.0558
2026-03-28 21:38:14 | DEBUG | sivi:base_runner.py:347| eval_w2 | Epoch 3590, VI W2 to baseline: 0.5427
2026-03-28 21:38:14 | DEBUG | sivi:base_reverse_runner.py:272| eval_w2 | Epoch 3590, Reverse Model W2: 0.0432
2026-03-28 21:38:14 | DEBUG | sivi:base_runner.py:477| eval_elbo | Epoch 3590, ELBO: 0.1410, Std Total: 2.5409, Std Q: nan, CI Half: 0.2227
2026-03-28 21:38:14 | DEBUG | sivi:base_runner.py:507| eval_ksd | Epoch 3590, VI KSD: 0.0650
2026-03-28 21:38:15 | DEBUG | sivi:base_runner.py:874| learn | Epoch 3600: Avg Loss: 0.0429, Avg Epoch Time: 0.0609s
2026-03-28 21:38:15 | DEBUG | sivi:base_runner.py:337| eval_kl_ite | Epoch 3600, VI KL to baseline: 0.0838
2026-03-28 21:38:15 | DEBUG | sivi:base_reverse_runner.py:261| eval_kl_ite | Epoch 3600, Reverse Model KL ITE: 0.0258
2026-03-28 21:38:15 | DEBUG | sivi:base_runner.py:347| eval_w2 | Epoch 3600, VI W2 to baseline: 0.5026
2026-03-28 21:38:15 | DEBUG | sivi:base_reverse_runner.py:272| eval_w2 | Epoch 3600, Reverse Model W2: 0.0517
2026-03-28 21:38:15 | DEBUG | sivi:base_runner.py:477| eval_elbo | Epoch 3600, ELBO: 0.2653, Std Total: 3.6989, Std Q: nan, CI Half: 0.3242
2026-03-28 21:38:15 | DEBUG | sivi:base_runner.py:507| eval_ksd | Epoch 3600, VI KSD: 0.0701
2026-03-28 21:38:15 | DEBUG | sivi:base_runner.py:337| eval_kl_ite | Epoch 3610, VI KL to baseline: 0.0808
2026-03-28 21:38:15 | DEBUG | sivi:base_reverse_runner.py:261| eval_kl_ite | Epoch 3610, Reverse Model KL ITE: 0.0216
2026-03-28 21:38:15 | DEBUG | sivi:base_runner.py:347| eval_w2 | Epoch 3610, VI W2 to baseline: 0.5085
2026-03-28 21:38:15 | DEBUG | sivi:base_reverse_runner.py:272| eval_w2 | Epoch 3610, Reverse Model W2: 0.0524
2026-03-28 21:38:15 | DEBUG | sivi:base_runner.py:477| eval_elbo | Epoch 3610, ELBO: 0.6815, Std Total: 11.0357, Std Q: nan, CI Half: 0.9673
2026-03-28 21:38:15 | DEBUG | sivi:base_runner.py:507| eval_ksd | Epoch 3610, VI KSD: 0.0272
2026-03-28 21:38:16 | DEBUG | sivi:base_runner.py:337| eval_kl_ite | Epoch 3620, VI KL to baseline: 0.0704
2026-03-28 21:38:16 | DEBUG | sivi:base_reverse_runner.py:261| eval_kl_ite | Epoch 3620, Reverse Model KL ITE: 0.0280
2026-03-28 21:38:16 | DEBUG | sivi:base_runner.py:347| eval_w2 | Epoch 3620, VI W2 to baseline: 0.5304
2026-03-28 21:38:16 | DEBUG | sivi:base_reverse_runner.py:272| eval_w2 | Epoch 3620, Reverse Model W2: 0.0412
2026-03-28 21:38:16 | DEBUG | sivi:base_runner.py:477| eval_elbo | Epoch 3620, ELBO: 1.4385, Std Total: 19.2463, Std Q: nan, CI Half: 1.6870
2026-03-28 21:38:16 | DEBUG | sivi:base_runner.py:507| eval_ksd | Epoch 3620, VI KSD: 0.0242
2026-03-28 21:38:17 | DEBUG | sivi:base_runner.py:337| eval_kl_ite | Epoch 3630, VI KL to baseline: 0.0835
2026-03-28 21:38:17 | DEBUG | sivi:base_reverse_runner.py:261| eval_kl_ite | Epoch 3630, Reverse Model KL ITE: 0.0123
2026-03-28 21:38:17 | DEBUG | sivi:base_runner.py:347| eval_w2 | Epoch 3630, VI W2 to baseline: 0.5109
2026-03-28 21:38:17 | DEBUG | sivi:base_reverse_runner.py:272| eval_w2 | Epoch 3630, Reverse Model W2: 0.0508
2026-03-28 21:38:17 | DEBUG | sivi:base_runner.py:477| eval_elbo | Epoch 3630, ELBO: 0.4601, Std Total: 10.1201, Std Q: nan, CI Half: 0.8871
2026-03-28 21:38:17 | DEBUG | sivi:base_runner.py:507| eval_ksd | Epoch 3630, VI KSD: 0.0492
2026-03-28 21:38:17 | DEBUG | sivi:base_runner.py:337| eval_kl_ite | Epoch 3640, VI KL to baseline: 0.0850
2026-03-28 21:38:17 | DEBUG | sivi:base_reverse_runner.py:261| eval_kl_ite | Epoch 3640, Reverse Model KL ITE: 0.0279
2026-03-28 21:38:17 | DEBUG | sivi:base_runner.py:347| eval_w2 | Epoch 3640, VI W2 to baseline: 0.5762
2026-03-28 21:38:17 | DEBUG | sivi:base_reverse_runner.py:272| eval_w2 | Epoch 3640, Reverse Model W2: 0.0482
2026-03-28 21:38:17 | DEBUG | sivi:base_runner.py:477| eval_elbo | Epoch 3640, ELBO: 1.3732, Std Total: 14.2873, Std Q: nan, CI Half: 1.2523
2026-03-28 21:38:17 | DEBUG | sivi:base_runner.py:507| eval_ksd | Epoch 3640, VI KSD: 0.0350
2026-03-28 21:38:18 | DEBUG | sivi:base_runner.py:337| eval_kl_ite | Epoch 3650, VI KL to baseline: 0.0525
2026-03-28 21:38:18 | DEBUG | sivi:base_reverse_runner.py:261| eval_kl_ite | Epoch 3650, Reverse Model KL ITE: 0.0116
2026-03-28 21:38:18 | DEBUG | sivi:base_runner.py:347| eval_w2 | Epoch 3650, VI W2 to baseline: 0.5653
2026-03-28 21:38:18 | DEBUG | sivi:base_reverse_runner.py:272| eval_w2 | Epoch 3650, Reverse Model W2: 0.0485
2026-03-28 21:38:18 | DEBUG | sivi:base_runner.py:477| eval_elbo | Epoch 3650, ELBO: 2.5777, Std Total: 25.6104, Std Q: nan, CI Half: 2.2448
2026-03-28 21:38:18 | DEBUG | sivi:base_runner.py:507| eval_ksd | Epoch 3650, VI KSD: 0.0369
2026-03-28 21:38:18 | DEBUG | sivi:base_runner.py:337| eval_kl_ite | Epoch 3660, VI KL to baseline: 0.0659
2026-03-28 21:38:18 | DEBUG | sivi:base_reverse_runner.py:261| eval_kl_ite | Epoch 3660, Reverse Model KL ITE: 0.0396
2026-03-28 21:38:18 | DEBUG | sivi:base_runner.py:347| eval_w2 | Epoch 3660, VI W2 to baseline: 0.5032
2026-03-28 21:38:18 | DEBUG | sivi:base_reverse_runner.py:272| eval_w2 | Epoch 3660, Reverse Model W2: 0.0507
2026-03-28 21:38:18 | DEBUG | sivi:base_runner.py:477| eval_elbo | Epoch 3660, ELBO: 1.9730, Std Total: 39.2474, Std Q: nan, CI Half: 3.4402
2026-03-28 21:38:18 | DEBUG | sivi:base_runner.py:507| eval_ksd | Epoch 3660, VI KSD: 0.0217
2026-03-28 21:38:19 | DEBUG | sivi:base_runner.py:337| eval_kl_ite | Epoch 3670, VI KL to baseline: 0.0557
2026-03-28 21:38:19 | DEBUG | sivi:base_reverse_runner.py:261| eval_kl_ite | Epoch 3670, Reverse Model KL ITE: 0.0104
2026-03-28 21:38:19 | DEBUG | sivi:base_runner.py:347| eval_w2 | Epoch 3670, VI W2 to baseline: 0.5474
2026-03-28 21:38:19 | DEBUG | sivi:base_reverse_runner.py:272| eval_w2 | Epoch 3670, Reverse Model W2: 0.0418
2026-03-28 21:38:19 | DEBUG | sivi:base_runner.py:477| eval_elbo | Epoch 3670, ELBO: 2.6122, Std Total: 31.4652, Std Q: nan, CI Half: 2.7580
2026-03-28 21:38:19 | DEBUG | sivi:base_runner.py:507| eval_ksd | Epoch 3670, VI KSD: 0.0302
2026-03-28 21:38:20 | DEBUG | sivi:base_runner.py:337| eval_kl_ite | Epoch 3680, VI KL to baseline: 0.0730
2026-03-28 21:38:20 | DEBUG | sivi:base_reverse_runner.py:261| eval_kl_ite | Epoch 3680, Reverse Model KL ITE: -0.0016
2026-03-28 21:38:20 | DEBUG | sivi:base_runner.py:347| eval_w2 | Epoch 3680, VI W2 to baseline: 0.5414
2026-03-28 21:38:20 | DEBUG | sivi:base_reverse_runner.py:272| eval_w2 | Epoch 3680, Reverse Model W2: 0.0414
2026-03-28 21:38:20 | DEBUG | sivi:base_runner.py:477| eval_elbo | Epoch 3680, ELBO: 0.1538, Std Total: 3.0634, Std Q: nan, CI Half: 0.2685
2026-03-28 21:38:20 | DEBUG | sivi:base_runner.py:507| eval_ksd | Epoch 3680, VI KSD: 0.0199
2026-03-28 21:38:20 | DEBUG | sivi:base_runner.py:337| eval_kl_ite | Epoch 3690, VI KL to baseline: 0.0815
2026-03-28 21:38:20 | DEBUG | sivi:base_reverse_runner.py:261| eval_kl_ite | Epoch 3690, Reverse Model KL ITE: 0.0302
2026-03-28 21:38:20 | DEBUG | sivi:base_runner.py:347| eval_w2 | Epoch 3690, VI W2 to baseline: 0.5810
2026-03-28 21:38:20 | DEBUG | sivi:base_reverse_runner.py:272| eval_w2 | Epoch 3690, Reverse Model W2: 0.0413
2026-03-28 21:38:20 | DEBUG | sivi:base_runner.py:477| eval_elbo | Epoch 3690, ELBO: 2.7260, Std Total: 49.6973, Std Q: nan, CI Half: 4.3562
2026-03-28 21:38:20 | DEBUG | sivi:base_runner.py:507| eval_ksd | Epoch 3690, VI KSD: 0.0264
2026-03-28 21:38:21 | DEBUG | sivi:base_runner.py:874| learn | Epoch 3700: Avg Loss: 0.0415, Avg Epoch Time: 0.0632s
2026-03-28 21:38:21 | DEBUG | sivi:base_runner.py:337| eval_kl_ite | Epoch 3700, VI KL to baseline: 0.0671
2026-03-28 21:38:21 | DEBUG | sivi:base_reverse_runner.py:261| eval_kl_ite | Epoch 3700, Reverse Model KL ITE: 0.0094
2026-03-28 21:38:21 | DEBUG | sivi:base_runner.py:347| eval_w2 | Epoch 3700, VI W2 to baseline: 0.5437
2026-03-28 21:38:21 | DEBUG | sivi:base_reverse_runner.py:272| eval_w2 | Epoch 3700, Reverse Model W2: 0.0460
2026-03-28 21:38:21 | DEBUG | sivi:base_runner.py:477| eval_elbo | Epoch 3700, ELBO: 0.1074, Std Total: 2.0429, Std Q: nan, CI Half: 0.1791
2026-03-28 21:38:21 | DEBUG | sivi:base_runner.py:507| eval_ksd | Epoch 3700, VI KSD: 0.0308
2026-03-28 21:38:22 | DEBUG | sivi:base_runner.py:337| eval_kl_ite | Epoch 3710, VI KL to baseline: 0.0769
2026-03-28 21:38:22 | DEBUG | sivi:base_reverse_runner.py:261| eval_kl_ite | Epoch 3710, Reverse Model KL ITE: 0.0018
2026-03-28 21:38:22 | DEBUG | sivi:base_runner.py:347| eval_w2 | Epoch 3710, VI W2 to baseline: 0.5064
2026-03-28 21:38:22 | DEBUG | sivi:base_reverse_runner.py:272| eval_w2 | Epoch 3710, Reverse Model W2: 0.0399
2026-03-28 21:38:22 | DEBUG | sivi:base_runner.py:477| eval_elbo | Epoch 3710, ELBO: 0.6578, Std Total: 5.9452, Std Q: nan, CI Half: 0.5211
2026-03-28 21:38:22 | DEBUG | sivi:base_runner.py:507| eval_ksd | Epoch 3710, VI KSD: 0.0345
2026-03-28 21:38:22 | DEBUG | sivi:base_runner.py:337| eval_kl_ite | Epoch 3720, VI KL to baseline: 0.0814
2026-03-28 21:38:22 | DEBUG | sivi:base_reverse_runner.py:261| eval_kl_ite | Epoch 3720, Reverse Model KL ITE: 0.0268
2026-03-28 21:38:22 | DEBUG | sivi:base_runner.py:347| eval_w2 | Epoch 3720, VI W2 to baseline: 0.5548
2026-03-28 21:38:22 | DEBUG | sivi:base_reverse_runner.py:272| eval_w2 | Epoch 3720, Reverse Model W2: 0.0401
2026-03-28 21:38:22 | DEBUG | sivi:base_runner.py:477| eval_elbo | Epoch 3720, ELBO: 0.9654, Std Total: 9.1047, Std Q: nan, CI Half: 0.7981
2026-03-28 21:38:22 | DEBUG | sivi:base_runner.py:507| eval_ksd | Epoch 3720, VI KSD: 0.0252
2026-03-28 21:38:23 | DEBUG | sivi:base_runner.py:337| eval_kl_ite | Epoch 3730, VI KL to baseline: 0.0783
2026-03-28 21:38:23 | DEBUG | sivi:base_reverse_runner.py:261| eval_kl_ite | Epoch 3730, Reverse Model KL ITE: 0.0345
2026-03-28 21:38:23 | DEBUG | sivi:base_runner.py:347| eval_w2 | Epoch 3730, VI W2 to baseline: 0.5329
2026-03-28 21:38:23 | DEBUG | sivi:base_reverse_runner.py:272| eval_w2 | Epoch 3730, Reverse Model W2: 0.0535
2026-03-28 21:38:23 | DEBUG | sivi:base_runner.py:477| eval_elbo | Epoch 3730, ELBO: 0.9568, Std Total: 13.2542, Std Q: nan, CI Half: 1.1618
2026-03-28 21:38:23 | DEBUG | sivi:base_runner.py:507| eval_ksd | Epoch 3730, VI KSD: 0.0447
2026-03-28 21:38:24 | DEBUG | sivi:base_runner.py:337| eval_kl_ite | Epoch 3740, VI KL to baseline: 0.0695
2026-03-28 21:38:24 | DEBUG | sivi:base_reverse_runner.py:261| eval_kl_ite | Epoch 3740, Reverse Model KL ITE: 0.0403
2026-03-28 21:38:24 | DEBUG | sivi:base_runner.py:347| eval_w2 | Epoch 3740, VI W2 to baseline: 0.5313
2026-03-28 21:38:24 | DEBUG | sivi:base_reverse_runner.py:272| eval_w2 | Epoch 3740, Reverse Model W2: 0.0483
2026-03-28 21:38:24 | DEBUG | sivi:base_runner.py:477| eval_elbo | Epoch 3740, ELBO: 1.8106, Std Total: 33.3118, Std Q: nan, CI Half: 2.9199
2026-03-28 21:38:24 | DEBUG | sivi:base_runner.py:507| eval_ksd | Epoch 3740, VI KSD: 0.0537
2026-03-28 21:38:24 | DEBUG | sivi:base_runner.py:337| eval_kl_ite | Epoch 3750, VI KL to baseline: 0.0749
2026-03-28 21:38:24 | DEBUG | sivi:base_reverse_runner.py:261| eval_kl_ite | Epoch 3750, Reverse Model KL ITE: 0.0401
2026-03-28 21:38:24 | DEBUG | sivi:base_runner.py:347| eval_w2 | Epoch 3750, VI W2 to baseline: 0.4938
2026-03-28 21:38:24 | DEBUG | sivi:base_reverse_runner.py:272| eval_w2 | Epoch 3750, Reverse Model W2: 0.0453
2026-03-28 21:38:24 | DEBUG | sivi:base_runner.py:477| eval_elbo | Epoch 3750, ELBO: 0.7336, Std Total: 6.4100, Std Q: nan, CI Half: 0.5619
2026-03-28 21:38:24 | DEBUG | sivi:base_runner.py:507| eval_ksd | Epoch 3750, VI KSD: 0.0287
2026-03-28 21:38:25 | DEBUG | sivi:base_runner.py:337| eval_kl_ite | Epoch 3760, VI KL to baseline: 0.0805
2026-03-28 21:38:25 | DEBUG | sivi:base_reverse_runner.py:261| eval_kl_ite | Epoch 3760, Reverse Model KL ITE: 0.0433
2026-03-28 21:38:25 | DEBUG | sivi:base_runner.py:347| eval_w2 | Epoch 3760, VI W2 to baseline: 0.5105
2026-03-28 21:38:25 | DEBUG | sivi:base_reverse_runner.py:272| eval_w2 | Epoch 3760, Reverse Model W2: 0.0494
2026-03-28 21:38:25 | DEBUG | sivi:base_runner.py:477| eval_elbo | Epoch 3760, ELBO: 0.4848, Std Total: 6.4523, Std Q: nan, CI Half: 0.5656
2026-03-28 21:38:25 | DEBUG | sivi:base_runner.py:507| eval_ksd | Epoch 3760, VI KSD: 0.0458
2026-03-28 21:38:26 | DEBUG | sivi:base_runner.py:337| eval_kl_ite | Epoch 3770, VI KL to baseline: 0.0657
2026-03-28 21:38:26 | DEBUG | sivi:base_reverse_runner.py:261| eval_kl_ite | Epoch 3770, Reverse Model KL ITE: 0.0053
2026-03-28 21:38:26 | DEBUG | sivi:base_runner.py:347| eval_w2 | Epoch 3770, VI W2 to baseline: 0.5206
2026-03-28 21:38:26 | DEBUG | sivi:base_reverse_runner.py:272| eval_w2 | Epoch 3770, Reverse Model W2: 0.0536
2026-03-28 21:38:26 | DEBUG | sivi:base_runner.py:477| eval_elbo | Epoch 3770, ELBO: 0.0206, Std Total: 1.5704, Std Q: nan, CI Half: 0.1376
2026-03-28 21:38:26 | DEBUG | sivi:base_runner.py:507| eval_ksd | Epoch 3770, VI KSD: 0.0376
2026-03-28 21:38:26 | DEBUG | sivi:base_runner.py:337| eval_kl_ite | Epoch 3780, VI KL to baseline: 0.0721
2026-03-28 21:38:26 | DEBUG | sivi:base_reverse_runner.py:261| eval_kl_ite | Epoch 3780, Reverse Model KL ITE: 0.0257
2026-03-28 21:38:26 | DEBUG | sivi:base_runner.py:347| eval_w2 | Epoch 3780, VI W2 to baseline: 0.4960
2026-03-28 21:38:26 | DEBUG | sivi:base_reverse_runner.py:272| eval_w2 | Epoch 3780, Reverse Model W2: 0.0471
2026-03-28 21:38:26 | DEBUG | sivi:base_runner.py:477| eval_elbo | Epoch 3780, ELBO: 0.9776, Std Total: 11.0827, Std Q: nan, CI Half: 0.9714
2026-03-28 21:38:26 | DEBUG | sivi:base_runner.py:507| eval_ksd | Epoch 3780, VI KSD: 0.0320
2026-03-28 21:38:27 | DEBUG | sivi:base_runner.py:337| eval_kl_ite | Epoch 3790, VI KL to baseline: 0.0645
2026-03-28 21:38:27 | DEBUG | sivi:base_reverse_runner.py:261| eval_kl_ite | Epoch 3790, Reverse Model KL ITE: 0.0075
2026-03-28 21:38:27 | DEBUG | sivi:base_runner.py:347| eval_w2 | Epoch 3790, VI W2 to baseline: 0.4998
2026-03-28 21:38:27 | DEBUG | sivi:base_reverse_runner.py:272| eval_w2 | Epoch 3790, Reverse Model W2: 0.0506
2026-03-28 21:38:27 | DEBUG | sivi:base_runner.py:477| eval_elbo | Epoch 3790, ELBO: 0.5578, Std Total: 6.8007, Std Q: nan, CI Half: 0.5961
2026-03-28 21:38:27 | DEBUG | sivi:base_runner.py:507| eval_ksd | Epoch 3790, VI KSD: 0.0434
2026-03-28 21:38:27 | DEBUG | sivi:base_runner.py:874| learn | Epoch 3800: Avg Loss: 0.0930, Avg Epoch Time: 0.0644s
2026-03-28 21:38:27 | DEBUG | sivi:base_runner.py:337| eval_kl_ite | Epoch 3800, VI KL to baseline: 0.0534
2026-03-28 21:38:28 | DEBUG | sivi:base_reverse_runner.py:261| eval_kl_ite | Epoch 3800, Reverse Model KL ITE: 0.0040
2026-03-28 21:38:28 | DEBUG | sivi:base_runner.py:347| eval_w2 | Epoch 3800, VI W2 to baseline: 0.5035
2026-03-28 21:38:28 | DEBUG | sivi:base_reverse_runner.py:272| eval_w2 | Epoch 3800, Reverse Model W2: 0.0524
2026-03-28 21:38:28 | DEBUG | sivi:base_runner.py:477| eval_elbo | Epoch 3800, ELBO: 1.2281, Std Total: 23.2791, Std Q: nan, CI Half: 2.0405
2026-03-28 21:38:28 | DEBUG | sivi:base_runner.py:507| eval_ksd | Epoch 3800, VI KSD: 0.0382
2026-03-28 21:38:28 | DEBUG | sivi:base_runner.py:337| eval_kl_ite | Epoch 3810, VI KL to baseline: 0.0592
2026-03-28 21:38:28 | DEBUG | sivi:base_reverse_runner.py:261| eval_kl_ite | Epoch 3810, Reverse Model KL ITE: 0.0152
2026-03-28 21:38:28 | DEBUG | sivi:base_runner.py:347| eval_w2 | Epoch 3810, VI W2 to baseline: 0.5013
2026-03-28 21:38:28 | DEBUG | sivi:base_reverse_runner.py:272| eval_w2 | Epoch 3810, Reverse Model W2: 0.0414
2026-03-28 21:38:28 | DEBUG | sivi:base_runner.py:477| eval_elbo | Epoch 3810, ELBO: 0.1628, Std Total: 2.6566, Std Q: nan, CI Half: 0.2329
2026-03-28 21:38:28 | DEBUG | sivi:base_runner.py:507| eval_ksd | Epoch 3810, VI KSD: 0.0148
2026-03-28 21:38:29 | DEBUG | sivi:base_runner.py:337| eval_kl_ite | Epoch 3820, VI KL to baseline: 0.0704
2026-03-28 21:38:29 | DEBUG | sivi:base_reverse_runner.py:261| eval_kl_ite | Epoch 3820, Reverse Model KL ITE: 0.0205
2026-03-28 21:38:29 | DEBUG | sivi:base_runner.py:347| eval_w2 | Epoch 3820, VI W2 to baseline: 0.4889
2026-03-28 21:38:29 | DEBUG | sivi:base_reverse_runner.py:272| eval_w2 | Epoch 3820, Reverse Model W2: 0.0390
2026-03-28 21:38:29 | DEBUG | sivi:base_runner.py:477| eval_elbo | Epoch 3820, ELBO: 2.2382, Std Total: 48.2245, Std Q: nan, CI Half: 4.2271
2026-03-28 21:38:29 | DEBUG | sivi:base_runner.py:507| eval_ksd | Epoch 3820, VI KSD: 0.0403
2026-03-28 21:38:29 | DEBUG | sivi:base_runner.py:337| eval_kl_ite | Epoch 3830, VI KL to baseline: 0.0517
2026-03-28 21:38:29 | DEBUG | sivi:base_reverse_runner.py:261| eval_kl_ite | Epoch 3830, Reverse Model KL ITE: 0.0043
2026-03-28 21:38:29 | DEBUG | sivi:base_runner.py:347| eval_w2 | Epoch 3830, VI W2 to baseline: 0.4556
2026-03-28 21:38:29 | DEBUG | sivi:base_reverse_runner.py:272| eval_w2 | Epoch 3830, Reverse Model W2: 0.0643
2026-03-28 21:38:29 | DEBUG | sivi:base_runner.py:477| eval_elbo | Epoch 3830, ELBO: 3.9171, Std Total: 43.3478, Std Q: nan, CI Half: 3.7996
2026-03-28 21:38:29 | DEBUG | sivi:base_runner.py:507| eval_ksd | Epoch 3830, VI KSD: 0.0471
2026-03-28 21:38:30 | DEBUG | sivi:base_runner.py:337| eval_kl_ite | Epoch 3840, VI KL to baseline: 0.0668
2026-03-28 21:38:30 | DEBUG | sivi:base_reverse_runner.py:261| eval_kl_ite | Epoch 3840, Reverse Model KL ITE: -0.0010
2026-03-28 21:38:30 | DEBUG | sivi:base_runner.py:347| eval_w2 | Epoch 3840, VI W2 to baseline: 0.4886
2026-03-28 21:38:30 | DEBUG | sivi:base_reverse_runner.py:272| eval_w2 | Epoch 3840, Reverse Model W2: 0.0552
2026-03-28 21:38:30 | DEBUG | sivi:base_runner.py:477| eval_elbo | Epoch 3840, ELBO: 0.4967, Std Total: 6.7951, Std Q: nan, CI Half: 0.5956
2026-03-28 21:38:30 | DEBUG | sivi:base_runner.py:507| eval_ksd | Epoch 3840, VI KSD: 0.0232
2026-03-28 21:38:31 | DEBUG | sivi:base_runner.py:337| eval_kl_ite | Epoch 3850, VI KL to baseline: 0.0442
2026-03-28 21:38:31 | DEBUG | sivi:base_reverse_runner.py:261| eval_kl_ite | Epoch 3850, Reverse Model KL ITE: -0.0095
2026-03-28 21:38:31 | DEBUG | sivi:base_runner.py:347| eval_w2 | Epoch 3850, VI W2 to baseline: 0.4532
2026-03-28 21:38:31 | DEBUG | sivi:base_reverse_runner.py:272| eval_w2 | Epoch 3850, Reverse Model W2: 0.0678
2026-03-28 21:38:31 | DEBUG | sivi:base_runner.py:477| eval_elbo | Epoch 3850, ELBO: 1.2605, Std Total: 10.0667, Std Q: nan, CI Half: 0.8824
2026-03-28 21:38:31 | DEBUG | sivi:base_runner.py:507| eval_ksd | Epoch 3850, VI KSD: 0.0394
2026-03-28 21:38:31 | DEBUG | sivi:base_runner.py:337| eval_kl_ite | Epoch 3860, VI KL to baseline: 0.0581
2026-03-28 21:38:31 | DEBUG | sivi:base_reverse_runner.py:261| eval_kl_ite | Epoch 3860, Reverse Model KL ITE: 0.0316
2026-03-28 21:38:31 | DEBUG | sivi:base_runner.py:347| eval_w2 | Epoch 3860, VI W2 to baseline: 0.4704
2026-03-28 21:38:31 | DEBUG | sivi:base_reverse_runner.py:272| eval_w2 | Epoch 3860, Reverse Model W2: 0.0527
2026-03-28 21:38:31 | DEBUG | sivi:base_runner.py:477| eval_elbo | Epoch 3860, ELBO: 1.8175, Std Total: 33.6054, Std Q: nan, CI Half: 2.9456
2026-03-28 21:38:31 | DEBUG | sivi:base_runner.py:507| eval_ksd | Epoch 3860, VI KSD: 0.0185
2026-03-28 21:38:32 | DEBUG | sivi:base_runner.py:337| eval_kl_ite | Epoch 3870, VI KL to baseline: 0.0423
2026-03-28 21:38:32 | DEBUG | sivi:base_reverse_runner.py:261| eval_kl_ite | Epoch 3870, Reverse Model KL ITE: 0.0214
2026-03-28 21:38:32 | DEBUG | sivi:base_runner.py:347| eval_w2 | Epoch 3870, VI W2 to baseline: 0.4737
2026-03-28 21:38:32 | DEBUG | sivi:base_reverse_runner.py:272| eval_w2 | Epoch 3870, Reverse Model W2: 0.0454
2026-03-28 21:38:32 | DEBUG | sivi:base_runner.py:477| eval_elbo | Epoch 3870, ELBO: 0.2329, Std Total: 3.0256, Std Q: nan, CI Half: 0.2652
2026-03-28 21:38:32 | DEBUG | sivi:base_runner.py:507| eval_ksd | Epoch 3870, VI KSD: 0.0149
2026-03-28 21:38:32 | DEBUG | sivi:base_runner.py:337| eval_kl_ite | Epoch 3880, VI KL to baseline: 0.0665
2026-03-28 21:38:33 | DEBUG | sivi:base_reverse_runner.py:261| eval_kl_ite | Epoch 3880, Reverse Model KL ITE: 0.0316
2026-03-28 21:38:33 | DEBUG | sivi:base_runner.py:347| eval_w2 | Epoch 3880, VI W2 to baseline: 0.4742
2026-03-28 21:38:33 | DEBUG | sivi:base_reverse_runner.py:272| eval_w2 | Epoch 3880, Reverse Model W2: 0.0499
2026-03-28 21:38:33 | DEBUG | sivi:base_runner.py:477| eval_elbo | Epoch 3880, ELBO: 0.2957, Std Total: 3.9126, Std Q: nan, CI Half: 0.3430
2026-03-28 21:38:33 | DEBUG | sivi:base_runner.py:507| eval_ksd | Epoch 3880, VI KSD: 0.0300
2026-03-28 21:38:33 | DEBUG | sivi:base_runner.py:337| eval_kl_ite | Epoch 3890, VI KL to baseline: 0.0491
2026-03-28 21:38:33 | DEBUG | sivi:base_reverse_runner.py:261| eval_kl_ite | Epoch 3890, Reverse Model KL ITE: 0.0133
2026-03-28 21:38:33 | DEBUG | sivi:base_runner.py:347| eval_w2 | Epoch 3890, VI W2 to baseline: 0.4682
2026-03-28 21:38:33 | DEBUG | sivi:base_reverse_runner.py:272| eval_w2 | Epoch 3890, Reverse Model W2: 0.0383
2026-03-28 21:38:33 | DEBUG | sivi:base_runner.py:477| eval_elbo | Epoch 3890, ELBO: 1.2853, Std Total: 24.1830, Std Q: nan, CI Half: 2.1197
2026-03-28 21:38:33 | DEBUG | sivi:base_runner.py:507| eval_ksd | Epoch 3890, VI KSD: 0.0299
2026-03-28 21:38:33 | DEBUG | sivi:base_runner.py:874| learn | Epoch 3900: Avg Loss: 0.0726, Avg Epoch Time: 0.0616s
2026-03-28 21:38:34 | DEBUG | sivi:base_runner.py:337| eval_kl_ite | Epoch 3900, VI KL to baseline: 0.0586
2026-03-28 21:38:34 | DEBUG | sivi:base_reverse_runner.py:261| eval_kl_ite | Epoch 3900, Reverse Model KL ITE: 0.0305
2026-03-28 21:38:34 | DEBUG | sivi:base_runner.py:347| eval_w2 | Epoch 3900, VI W2 to baseline: 0.4266
2026-03-28 21:38:34 | DEBUG | sivi:base_reverse_runner.py:272| eval_w2 | Epoch 3900, Reverse Model W2: 0.0597
2026-03-28 21:38:34 | DEBUG | sivi:base_runner.py:477| eval_elbo | Epoch 3900, ELBO: 0.4013, Std Total: 6.4507, Std Q: nan, CI Half: 0.5654
2026-03-28 21:38:34 | DEBUG | sivi:base_runner.py:507| eval_ksd | Epoch 3900, VI KSD: 0.0498
2026-03-28 21:38:34 | DEBUG | sivi:base_runner.py:337| eval_kl_ite | Epoch 3910, VI KL to baseline: 0.0539
2026-03-28 21:38:34 | DEBUG | sivi:base_reverse_runner.py:261| eval_kl_ite | Epoch 3910, Reverse Model KL ITE: 0.0267
2026-03-28 21:38:34 | DEBUG | sivi:base_runner.py:347| eval_w2 | Epoch 3910, VI W2 to baseline: 0.4900
2026-03-28 21:38:34 | DEBUG | sivi:base_reverse_runner.py:272| eval_w2 | Epoch 3910, Reverse Model W2: 0.0448
2026-03-28 21:38:34 | DEBUG | sivi:base_runner.py:477| eval_elbo | Epoch 3910, ELBO: 0.4682, Std Total: 5.2861, Std Q: nan, CI Half: 0.4634
2026-03-28 21:38:34 | DEBUG | sivi:base_runner.py:507| eval_ksd | Epoch 3910, VI KSD: 0.0198
2026-03-28 21:38:35 | DEBUG | sivi:base_runner.py:337| eval_kl_ite | Epoch 3920, VI KL to baseline: 0.0612
2026-03-28 21:38:35 | DEBUG | sivi:base_reverse_runner.py:261| eval_kl_ite | Epoch 3920, Reverse Model KL ITE: 0.0273
2026-03-28 21:38:35 | DEBUG | sivi:base_runner.py:347| eval_w2 | Epoch 3920, VI W2 to baseline: 0.4110
2026-03-28 21:38:35 | DEBUG | sivi:base_reverse_runner.py:272| eval_w2 | Epoch 3920, Reverse Model W2: 0.0467
2026-03-28 21:38:35 | DEBUG | sivi:base_runner.py:477| eval_elbo | Epoch 3920, ELBO: 2.2087, Std Total: 29.2875, Std Q: nan, CI Half: 2.5672
2026-03-28 21:38:35 | DEBUG | sivi:base_runner.py:507| eval_ksd | Epoch 3920, VI KSD: 0.0113
2026-03-28 21:38:35 | DEBUG | sivi:base_runner.py:337| eval_kl_ite | Epoch 3930, VI KL to baseline: 0.0447
2026-03-28 21:38:35 | DEBUG | sivi:base_reverse_runner.py:261| eval_kl_ite | Epoch 3930, Reverse Model KL ITE: 0.0218
2026-03-28 21:38:35 | DEBUG | sivi:base_runner.py:347| eval_w2 | Epoch 3930, VI W2 to baseline: 0.4349
2026-03-28 21:38:35 | DEBUG | sivi:base_reverse_runner.py:272| eval_w2 | Epoch 3930, Reverse Model W2: 0.0435
2026-03-28 21:38:35 | DEBUG | sivi:base_runner.py:477| eval_elbo | Epoch 3930, ELBO: 1.9956, Std Total: 22.6870, Std Q: nan, CI Half: 1.9886
2026-03-28 21:38:35 | DEBUG | sivi:base_runner.py:507| eval_ksd | Epoch 3930, VI KSD: 0.0368
2026-03-28 21:38:36 | DEBUG | sivi:base_runner.py:337| eval_kl_ite | Epoch 3940, VI KL to baseline: 0.0523
2026-03-28 21:38:36 | DEBUG | sivi:base_reverse_runner.py:261| eval_kl_ite | Epoch 3940, Reverse Model KL ITE: 0.0144
2026-03-28 21:38:36 | DEBUG | sivi:base_runner.py:347| eval_w2 | Epoch 3940, VI W2 to baseline: 0.4217
2026-03-28 21:38:36 | DEBUG | sivi:base_reverse_runner.py:272| eval_w2 | Epoch 3940, Reverse Model W2: 0.0426
2026-03-28 21:38:36 | DEBUG | sivi:base_runner.py:477| eval_elbo | Epoch 3940, ELBO: 0.2197, Std Total: 2.3658, Std Q: nan, CI Half: 0.2074
2026-03-28 21:38:36 | DEBUG | sivi:base_runner.py:507| eval_ksd | Epoch 3940, VI KSD: 0.0259
2026-03-28 21:38:36 | DEBUG | sivi:base_runner.py:337| eval_kl_ite | Epoch 3950, VI KL to baseline: 0.0282
2026-03-28 21:38:36 | DEBUG | sivi:base_reverse_runner.py:261| eval_kl_ite | Epoch 3950, Reverse Model KL ITE: 0.0068
2026-03-28 21:38:37 | DEBUG | sivi:base_runner.py:347| eval_w2 | Epoch 3950, VI W2 to baseline: 0.4208
2026-03-28 21:38:37 | DEBUG | sivi:base_reverse_runner.py:272| eval_w2 | Epoch 3950, Reverse Model W2: 0.0400
2026-03-28 21:38:37 | DEBUG | sivi:base_runner.py:477| eval_elbo | Epoch 3950, ELBO: 0.5491, Std Total: 10.0522, Std Q: nan, CI Half: 0.8811
2026-03-28 21:38:37 | DEBUG | sivi:base_runner.py:507| eval_ksd | Epoch 3950, VI KSD: 0.0178
2026-03-28 21:38:37 | DEBUG | sivi:base_runner.py:337| eval_kl_ite | Epoch 3960, VI KL to baseline: 0.0612
2026-03-28 21:38:37 | DEBUG | sivi:base_reverse_runner.py:261| eval_kl_ite | Epoch 3960, Reverse Model KL ITE: 0.0404
2026-03-28 21:38:37 | DEBUG | sivi:base_runner.py:347| eval_w2 | Epoch 3960, VI W2 to baseline: 0.3929
2026-03-28 21:38:37 | DEBUG | sivi:base_reverse_runner.py:272| eval_w2 | Epoch 3960, Reverse Model W2: 0.0374
2026-03-28 21:38:37 | DEBUG | sivi:base_runner.py:477| eval_elbo | Epoch 3960, ELBO: 1.4018, Std Total: 14.0305, Std Q: nan, CI Half: 1.2298
2026-03-28 21:38:37 | DEBUG | sivi:base_runner.py:507| eval_ksd | Epoch 3960, VI KSD: 0.0480
2026-03-28 21:38:37 | DEBUG | sivi:base_runner.py:337| eval_kl_ite | Epoch 3970, VI KL to baseline: 0.0509
2026-03-28 21:38:38 | DEBUG | sivi:base_reverse_runner.py:261| eval_kl_ite | Epoch 3970, Reverse Model KL ITE: 0.0193
2026-03-28 21:38:38 | DEBUG | sivi:base_runner.py:347| eval_w2 | Epoch 3970, VI W2 to baseline: 0.3906
2026-03-28 21:38:38 | DEBUG | sivi:base_reverse_runner.py:272| eval_w2 | Epoch 3970, Reverse Model W2: 0.0533
2026-03-28 21:38:38 | DEBUG | sivi:base_runner.py:477| eval_elbo | Epoch 3970, ELBO: 0.6300, Std Total: 11.8217, Std Q: nan, CI Half: 1.0362
2026-03-28 21:38:38 | DEBUG | sivi:base_runner.py:507| eval_ksd | Epoch 3970, VI KSD: 0.0277
2026-03-28 21:38:38 | DEBUG | sivi:base_runner.py:337| eval_kl_ite | Epoch 3980, VI KL to baseline: 0.0426
2026-03-28 21:38:38 | DEBUG | sivi:base_reverse_runner.py:261| eval_kl_ite | Epoch 3980, Reverse Model KL ITE: 0.0123
2026-03-28 21:38:38 | DEBUG | sivi:base_runner.py:347| eval_w2 | Epoch 3980, VI W2 to baseline: 0.3970
2026-03-28 21:38:38 | DEBUG | sivi:base_reverse_runner.py:272| eval_w2 | Epoch 3980, Reverse Model W2: 0.0375
2026-03-28 21:38:38 | DEBUG | sivi:base_runner.py:477| eval_elbo | Epoch 3980, ELBO: 1.4694, Std Total: 30.6825, Std Q: nan, CI Half: 2.6894
2026-03-28 21:38:38 | DEBUG | sivi:base_runner.py:507| eval_ksd | Epoch 3980, VI KSD: 0.0134
2026-03-28 21:38:39 | DEBUG | sivi:base_runner.py:337| eval_kl_ite | Epoch 3990, VI KL to baseline: 0.0555
2026-03-28 21:38:39 | DEBUG | sivi:base_reverse_runner.py:261| eval_kl_ite | Epoch 3990, Reverse Model KL ITE: -0.0042
2026-03-28 21:38:39 | DEBUG | sivi:base_runner.py:347| eval_w2 | Epoch 3990, VI W2 to baseline: 0.4224
2026-03-28 21:38:39 | DEBUG | sivi:base_reverse_runner.py:272| eval_w2 | Epoch 3990, Reverse Model W2: 0.0525
2026-03-28 21:38:39 | DEBUG | sivi:base_runner.py:477| eval_elbo | Epoch 3990, ELBO: 0.3062, Std Total: 3.5740, Std Q: nan, CI Half: 0.3133
2026-03-28 21:38:39 | DEBUG | sivi:base_runner.py:507| eval_ksd | Epoch 3990, VI KSD: 0.0137
2026-03-28 21:38:39 | DEBUG | sivi:base_runner.py:874| learn | Epoch 4000: Avg Loss: -0.0043, Avg Epoch Time: 0.0578s
2026-03-28 21:38:39 | DEBUG | sivi:base_reverse_runner.py:183| _training_rev_log_func | Epoch 4000, Inner epoch 1, Reverse Model Loss: 2.8498, Avg Steps: 1.0000
2026-03-28 21:38:39 | DEBUG | sivi:base_runner.py:588| save_samples | Saved 100000 samples at epoch 4000.
2026-03-28 21:38:39 | DEBUG | sivi:base_runner.py:607| save_checkpoint | Saved VIModel checkpoints at epoch 4000 to results/AISIVI/banana/20260328_213406/checkpoints/epoch_4000.
2026-03-28 21:38:39 | DEBUG | sivi:base_reverse_runner.py:476| save_checkpoint | Saved reverse checkpoints at epoch 4000 to results/AISIVI/banana/20260328_213406/checkpoints/epoch_4000.
2026-03-28 21:38:39 | DEBUG | sivi:base_runner.py:337| eval_kl_ite | Epoch 4000, VI KL to baseline: 0.0702
2026-03-28 21:38:39 | DEBUG | sivi:base_reverse_runner.py:261| eval_kl_ite | Epoch 4000, Reverse Model KL ITE: 0.0151
2026-03-28 21:38:40 | DEBUG | sivi:base_runner.py:347| eval_w2 | Epoch 4000, VI W2 to baseline: 0.4170
2026-03-28 21:38:40 | DEBUG | sivi:base_reverse_runner.py:272| eval_w2 | Epoch 4000, Reverse Model W2: 0.0457
2026-03-28 21:38:40 | DEBUG | sivi:base_runner.py:477| eval_elbo | Epoch 4000, ELBO: 2.6574, Std Total: 39.9845, Std Q: nan, CI Half: 3.5048
2026-03-28 21:38:40 | DEBUG | sivi:base_runner.py:507| eval_ksd | Epoch 4000, VI KSD: 0.0297
2026-03-28 21:38:40 | DEBUG | sivi:base_runner.py:970| learn | Saved contour plot at epoch 4000.
2026-03-28 21:38:40 | DEBUG | sivi:base_runner.py:337| eval_kl_ite | Epoch 4010, VI KL to baseline: 0.0406
2026-03-28 21:38:40 | DEBUG | sivi:base_reverse_runner.py:261| eval_kl_ite | Epoch 4010, Reverse Model KL ITE: -0.0056
2026-03-28 21:38:40 | DEBUG | sivi:base_runner.py:347| eval_w2 | Epoch 4010, VI W2 to baseline: 0.4216
2026-03-28 21:38:40 | DEBUG | sivi:base_reverse_runner.py:272| eval_w2 | Epoch 4010, Reverse Model W2: 0.0487
2026-03-28 21:38:40 | DEBUG | sivi:base_runner.py:477| eval_elbo | Epoch 4010, ELBO: 1.7061, Std Total: 36.0154, Std Q: nan, CI Half: 3.1569
2026-03-28 21:38:40 | DEBUG | sivi:base_runner.py:507| eval_ksd | Epoch 4010, VI KSD: 0.0089
2026-03-28 21:38:41 | DEBUG | sivi:base_runner.py:337| eval_kl_ite | Epoch 4020, VI KL to baseline: 0.0457
2026-03-28 21:38:41 | DEBUG | sivi:base_reverse_runner.py:261| eval_kl_ite | Epoch 4020, Reverse Model KL ITE: 0.0281
2026-03-28 21:38:41 | DEBUG | sivi:base_runner.py:347| eval_w2 | Epoch 4020, VI W2 to baseline: 0.4112
2026-03-28 21:38:41 | DEBUG | sivi:base_reverse_runner.py:272| eval_w2 | Epoch 4020, Reverse Model W2: 0.0555
2026-03-28 21:38:41 | DEBUG | sivi:base_runner.py:477| eval_elbo | Epoch 4020, ELBO: 1.0722, Std Total: 11.7026, Std Q: nan, CI Half: 1.0258
2026-03-28 21:38:41 | DEBUG | sivi:base_runner.py:507| eval_ksd | Epoch 4020, VI KSD: 0.0212
2026-03-28 21:38:41 | DEBUG | sivi:base_runner.py:337| eval_kl_ite | Epoch 4030, VI KL to baseline: 0.0280
2026-03-28 21:38:41 | DEBUG | sivi:base_reverse_runner.py:261| eval_kl_ite | Epoch 4030, Reverse Model KL ITE: 0.0063
2026-03-28 21:38:42 | DEBUG | sivi:base_runner.py:347| eval_w2 | Epoch 4030, VI W2 to baseline: 0.3904
2026-03-28 21:38:42 | DEBUG | sivi:base_reverse_runner.py:272| eval_w2 | Epoch 4030, Reverse Model W2: 0.0499
2026-03-28 21:38:42 | DEBUG | sivi:base_runner.py:477| eval_elbo | Epoch 4030, ELBO: 0.8691, Std Total: 8.2196, Std Q: nan, CI Half: 0.7205
2026-03-28 21:38:42 | DEBUG | sivi:base_runner.py:507| eval_ksd | Epoch 4030, VI KSD: 0.0277
2026-03-28 21:38:42 | DEBUG | sivi:base_runner.py:337| eval_kl_ite | Epoch 4040, VI KL to baseline: 0.0605
2026-03-28 21:38:42 | DEBUG | sivi:base_reverse_runner.py:261| eval_kl_ite | Epoch 4040, Reverse Model KL ITE: 0.0176
2026-03-28 21:38:42 | DEBUG | sivi:base_runner.py:347| eval_w2 | Epoch 4040, VI W2 to baseline: 0.4288
2026-03-28 21:38:42 | DEBUG | sivi:base_reverse_runner.py:272| eval_w2 | Epoch 4040, Reverse Model W2: 0.0418
2026-03-28 21:38:42 | DEBUG | sivi:base_runner.py:477| eval_elbo | Epoch 4040, ELBO: 0.3810, Std Total: 4.1461, Std Q: nan, CI Half: 0.3634
2026-03-28 21:38:42 | DEBUG | sivi:base_runner.py:507| eval_ksd | Epoch 4040, VI KSD: 0.0130
2026-03-28 21:38:43 | DEBUG | sivi:base_runner.py:337| eval_kl_ite | Epoch 4050, VI KL to baseline: 0.0517
2026-03-28 21:38:43 | DEBUG | sivi:base_reverse_runner.py:261| eval_kl_ite | Epoch 4050, Reverse Model KL ITE: 0.0241
2026-03-28 21:38:43 | DEBUG | sivi:base_runner.py:347| eval_w2 | Epoch 4050, VI W2 to baseline: 0.4016
2026-03-28 21:38:43 | DEBUG | sivi:base_reverse_runner.py:272| eval_w2 | Epoch 4050, Reverse Model W2: 0.0430
2026-03-28 21:38:43 | DEBUG | sivi:base_runner.py:477| eval_elbo | Epoch 4050, ELBO: 3.6515, Std Total: 68.1181, Std Q: nan, CI Half: 5.9708
2026-03-28 21:38:43 | DEBUG | sivi:base_runner.py:507| eval_ksd | Epoch 4050, VI KSD: 0.0318
2026-03-28 21:38:43 | DEBUG | sivi:base_runner.py:337| eval_kl_ite | Epoch 4060, VI KL to baseline: 0.0420
2026-03-28 21:38:43 | DEBUG | sivi:base_reverse_runner.py:261| eval_kl_ite | Epoch 4060, Reverse Model KL ITE: 0.0134
2026-03-28 21:38:43 | DEBUG | sivi:base_runner.py:347| eval_w2 | Epoch 4060, VI W2 to baseline: 0.4059
2026-03-28 21:38:43 | DEBUG | sivi:base_reverse_runner.py:272| eval_w2 | Epoch 4060, Reverse Model W2: 0.0443
2026-03-28 21:38:43 | DEBUG | sivi:base_runner.py:477| eval_elbo | Epoch 4060, ELBO: 0.4615, Std Total: 4.3651, Std Q: nan, CI Half: 0.3826
2026-03-28 21:38:43 | DEBUG | sivi:base_runner.py:507| eval_ksd | Epoch 4060, VI KSD: 0.0144
2026-03-28 21:38:44 | DEBUG | sivi:base_runner.py:337| eval_kl_ite | Epoch 4070, VI KL to baseline: 0.0485
2026-03-28 21:38:44 | DEBUG | sivi:base_reverse_runner.py:261| eval_kl_ite | Epoch 4070, Reverse Model KL ITE: 0.0119
2026-03-28 21:38:44 | DEBUG | sivi:base_runner.py:347| eval_w2 | Epoch 4070, VI W2 to baseline: 0.3909
2026-03-28 21:38:44 | DEBUG | sivi:base_reverse_runner.py:272| eval_w2 | Epoch 4070, Reverse Model W2: 0.0507
2026-03-28 21:38:44 | DEBUG | sivi:base_runner.py:477| eval_elbo | Epoch 4070, ELBO: 1.8107, Std Total: 17.5991, Std Q: nan, CI Half: 1.5426
2026-03-28 21:38:44 | DEBUG | sivi:base_runner.py:507| eval_ksd | Epoch 4070, VI KSD: 0.0190
2026-03-28 21:38:45 | DEBUG | sivi:base_runner.py:337| eval_kl_ite | Epoch 4080, VI KL to baseline: 0.0347
2026-03-28 21:38:45 | DEBUG | sivi:base_reverse_runner.py:261| eval_kl_ite | Epoch 4080, Reverse Model KL ITE: -0.0029
2026-03-28 21:38:45 | DEBUG | sivi:base_runner.py:347| eval_w2 | Epoch 4080, VI W2 to baseline: 0.4032
2026-03-28 21:38:45 | DEBUG | sivi:base_reverse_runner.py:272| eval_w2 | Epoch 4080, Reverse Model W2: 0.0528
2026-03-28 21:38:45 | DEBUG | sivi:base_runner.py:477| eval_elbo | Epoch 4080, ELBO: 0.9871, Std Total: 12.9815, Std Q: nan, CI Half: 1.1379
2026-03-28 21:38:45 | DEBUG | sivi:base_runner.py:507| eval_ksd | Epoch 4080, VI KSD: -0.0006
2026-03-28 21:38:45 | DEBUG | sivi:base_runner.py:337| eval_kl_ite | Epoch 4090, VI KL to baseline: 0.0290
2026-03-28 21:38:45 | DEBUG | sivi:base_reverse_runner.py:261| eval_kl_ite | Epoch 4090, Reverse Model KL ITE: 0.0277
2026-03-28 21:38:45 | DEBUG | sivi:base_runner.py:347| eval_w2 | Epoch 4090, VI W2 to baseline: 0.3467
2026-03-28 21:38:45 | DEBUG | sivi:base_reverse_runner.py:272| eval_w2 | Epoch 4090, Reverse Model W2: 0.0426
2026-03-28 21:38:45 | DEBUG | sivi:base_runner.py:477| eval_elbo | Epoch 4090, ELBO: 3.3056, Std Total: 37.3773, Std Q: nan, CI Half: 3.2763
2026-03-28 21:38:45 | DEBUG | sivi:base_runner.py:507| eval_ksd | Epoch 4090, VI KSD: 0.0168
2026-03-28 21:38:46 | DEBUG | sivi:base_runner.py:874| learn | Epoch 4100: Avg Loss: 0.0535, Avg Epoch Time: 0.0634s
2026-03-28 21:38:46 | DEBUG | sivi:base_runner.py:337| eval_kl_ite | Epoch 4100, VI KL to baseline: 0.0482
2026-03-28 21:38:46 | DEBUG | sivi:base_reverse_runner.py:261| eval_kl_ite | Epoch 4100, Reverse Model KL ITE: 0.0080
2026-03-28 21:38:46 | DEBUG | sivi:base_runner.py:347| eval_w2 | Epoch 4100, VI W2 to baseline: 0.4102
2026-03-28 21:38:46 | DEBUG | sivi:base_reverse_runner.py:272| eval_w2 | Epoch 4100, Reverse Model W2: 0.0408
2026-03-28 21:38:46 | DEBUG | sivi:base_runner.py:477| eval_elbo | Epoch 4100, ELBO: 1.0176, Std Total: 13.7934, Std Q: nan, CI Half: 1.2090
2026-03-28 21:38:46 | DEBUG | sivi:base_runner.py:507| eval_ksd | Epoch 4100, VI KSD: 0.0086
2026-03-28 21:38:46 | DEBUG | sivi:base_runner.py:337| eval_kl_ite | Epoch 4110, VI KL to baseline: 0.0423
2026-03-28 21:38:46 | DEBUG | sivi:base_reverse_runner.py:261| eval_kl_ite | Epoch 4110, Reverse Model KL ITE: -0.0027
2026-03-28 21:38:46 | DEBUG | sivi:base_runner.py:347| eval_w2 | Epoch 4110, VI W2 to baseline: 0.4006
2026-03-28 21:38:46 | DEBUG | sivi:base_reverse_runner.py:272| eval_w2 | Epoch 4110, Reverse Model W2: 0.0397
2026-03-28 21:38:46 | DEBUG | sivi:base_runner.py:477| eval_elbo | Epoch 4110, ELBO: 1.3768, Std Total: 18.8862, Std Q: nan, CI Half: 1.6554
2026-03-28 21:38:46 | DEBUG | sivi:base_runner.py:507| eval_ksd | Epoch 4110, VI KSD: 0.0115
2026-03-28 21:38:47 | DEBUG | sivi:base_runner.py:337| eval_kl_ite | Epoch 4120, VI KL to baseline: 0.0526
2026-03-28 21:38:47 | DEBUG | sivi:base_reverse_runner.py:261| eval_kl_ite | Epoch 4120, Reverse Model KL ITE: 0.0052
2026-03-28 21:38:47 | DEBUG | sivi:base_runner.py:347| eval_w2 | Epoch 4120, VI W2 to baseline: 0.3677
2026-03-28 21:38:47 | DEBUG | sivi:base_reverse_runner.py:272| eval_w2 | Epoch 4120, Reverse Model W2: 0.0454
2026-03-28 21:38:47 | DEBUG | sivi:base_runner.py:477| eval_elbo | Epoch 4120, ELBO: 2.8372, Std Total: 43.5175, Std Q: nan, CI Half: 3.8145
2026-03-28 21:38:47 | DEBUG | sivi:base_runner.py:507| eval_ksd | Epoch 4120, VI KSD: 0.0342
2026-03-28 21:38:48 | DEBUG | sivi:base_runner.py:337| eval_kl_ite | Epoch 4130, VI KL to baseline: 0.0330
2026-03-28 21:38:48 | DEBUG | sivi:base_reverse_runner.py:261| eval_kl_ite | Epoch 4130, Reverse Model KL ITE: 0.0025
2026-03-28 21:38:48 | DEBUG | sivi:base_runner.py:347| eval_w2 | Epoch 4130, VI W2 to baseline: 0.3487
2026-03-28 21:38:48 | DEBUG | sivi:base_reverse_runner.py:272| eval_w2 | Epoch 4130, Reverse Model W2: 0.0420
2026-03-28 21:38:48 | DEBUG | sivi:base_runner.py:477| eval_elbo | Epoch 4130, ELBO: 1.4175, Std Total: 22.4208, Std Q: nan, CI Half: 1.9653
2026-03-28 21:38:48 | DEBUG | sivi:base_runner.py:507| eval_ksd | Epoch 4130, VI KSD: 0.0042
2026-03-28 21:38:48 | DEBUG | sivi:base_runner.py:337| eval_kl_ite | Epoch 4140, VI KL to baseline: 0.0162
2026-03-28 21:38:48 | DEBUG | sivi:base_reverse_runner.py:261| eval_kl_ite | Epoch 4140, Reverse Model KL ITE: 0.0240
2026-03-28 21:38:48 | DEBUG | sivi:base_runner.py:347| eval_w2 | Epoch 4140, VI W2 to baseline: 0.3464
2026-03-28 21:38:48 | DEBUG | sivi:base_reverse_runner.py:272| eval_w2 | Epoch 4140, Reverse Model W2: 0.0380
2026-03-28 21:38:48 | DEBUG | sivi:base_runner.py:477| eval_elbo | Epoch 4140, ELBO: 0.7413, Std Total: 7.4460, Std Q: nan, CI Half: 0.6527
2026-03-28 21:38:48 | DEBUG | sivi:base_runner.py:507| eval_ksd | Epoch 4140, VI KSD: 0.0164
2026-03-28 21:38:49 | DEBUG | sivi:base_runner.py:337| eval_kl_ite | Epoch 4150, VI KL to baseline: 0.0434
2026-03-28 21:38:49 | DEBUG | sivi:base_reverse_runner.py:261| eval_kl_ite | Epoch 4150, Reverse Model KL ITE: 0.0165
2026-03-28 21:38:49 | DEBUG | sivi:base_runner.py:347| eval_w2 | Epoch 4150, VI W2 to baseline: 0.3573
2026-03-28 21:38:49 | DEBUG | sivi:base_reverse_runner.py:272| eval_w2 | Epoch 4150, Reverse Model W2: 0.0388
2026-03-28 21:38:49 | DEBUG | sivi:base_runner.py:477| eval_elbo | Epoch 4150, ELBO: 0.9946, Std Total: 14.5771, Std Q: nan, CI Half: 1.2777
2026-03-28 21:38:49 | DEBUG | sivi:base_runner.py:507| eval_ksd | Epoch 4150, VI KSD: 0.0099
2026-03-28 21:38:49 | DEBUG | sivi:base_runner.py:337| eval_kl_ite | Epoch 4160, VI KL to baseline: 0.0375
2026-03-28 21:38:50 | DEBUG | sivi:base_reverse_runner.py:261| eval_kl_ite | Epoch 4160, Reverse Model KL ITE: 0.0253
2026-03-28 21:38:50 | DEBUG | sivi:base_runner.py:347| eval_w2 | Epoch 4160, VI W2 to baseline: 0.3840
2026-03-28 21:38:50 | DEBUG | sivi:base_reverse_runner.py:272| eval_w2 | Epoch 4160, Reverse Model W2: 0.0500
2026-03-28 21:38:50 | DEBUG | sivi:base_runner.py:477| eval_elbo | Epoch 4160, ELBO: 2.1362, Std Total: 33.4066, Std Q: nan, CI Half: 2.9282
2026-03-28 21:38:50 | DEBUG | sivi:base_runner.py:507| eval_ksd | Epoch 4160, VI KSD: 0.0103
2026-03-28 21:38:50 | DEBUG | sivi:base_runner.py:337| eval_kl_ite | Epoch 4170, VI KL to baseline: 0.0423
2026-03-28 21:38:50 | DEBUG | sivi:base_reverse_runner.py:261| eval_kl_ite | Epoch 4170, Reverse Model KL ITE: 0.0313
2026-03-28 21:38:50 | DEBUG | sivi:base_runner.py:347| eval_w2 | Epoch 4170, VI W2 to baseline: 0.3739
2026-03-28 21:38:50 | DEBUG | sivi:base_reverse_runner.py:272| eval_w2 | Epoch 4170, Reverse Model W2: 0.0670
2026-03-28 21:38:50 | DEBUG | sivi:base_runner.py:477| eval_elbo | Epoch 4170, ELBO: 0.8425, Std Total: 7.0904, Std Q: nan, CI Half: 0.6215
2026-03-28 21:38:50 | DEBUG | sivi:base_runner.py:507| eval_ksd | Epoch 4170, VI KSD: 0.0167
2026-03-28 21:38:51 | DEBUG | sivi:base_runner.py:337| eval_kl_ite | Epoch 4180, VI KL to baseline: 0.0468
2026-03-28 21:38:51 | DEBUG | sivi:base_reverse_runner.py:261| eval_kl_ite | Epoch 4180, Reverse Model KL ITE: 0.0288
2026-03-28 21:38:51 | DEBUG | sivi:base_runner.py:347| eval_w2 | Epoch 4180, VI W2 to baseline: 0.3653
2026-03-28 21:38:51 | DEBUG | sivi:base_reverse_runner.py:272| eval_w2 | Epoch 4180, Reverse Model W2: 0.0425
2026-03-28 21:38:51 | DEBUG | sivi:base_runner.py:477| eval_elbo | Epoch 4180, ELBO: 2.6584, Std Total: 21.8749, Std Q: nan, CI Half: 1.9174
2026-03-28 21:38:51 | DEBUG | sivi:base_runner.py:507| eval_ksd | Epoch 4180, VI KSD: 0.0104
2026-03-28 21:38:51 | DEBUG | sivi:base_runner.py:337| eval_kl_ite | Epoch 4190, VI KL to baseline: 0.0245
2026-03-28 21:38:51 | DEBUG | sivi:base_reverse_runner.py:261| eval_kl_ite | Epoch 4190, Reverse Model KL ITE: 0.0200
2026-03-28 21:38:51 | DEBUG | sivi:base_runner.py:347| eval_w2 | Epoch 4190, VI W2 to baseline: 0.3880
2026-03-28 21:38:51 | DEBUG | sivi:base_reverse_runner.py:272| eval_w2 | Epoch 4190, Reverse Model W2: 0.0434
2026-03-28 21:38:51 | DEBUG | sivi:base_runner.py:477| eval_elbo | Epoch 4190, ELBO: 0.5715, Std Total: 5.0576, Std Q: nan, CI Half: 0.4433
2026-03-28 21:38:51 | DEBUG | sivi:base_runner.py:507| eval_ksd | Epoch 4190, VI KSD: 0.0187
2026-03-28 21:38:52 | DEBUG | sivi:base_runner.py:874| learn | Epoch 4200: Avg Loss: 0.0377, Avg Epoch Time: 0.0631s
2026-03-28 21:38:52 | DEBUG | sivi:base_runner.py:337| eval_kl_ite | Epoch 4200, VI KL to baseline: 0.0524
2026-03-28 21:38:52 | DEBUG | sivi:base_reverse_runner.py:261| eval_kl_ite | Epoch 4200, Reverse Model KL ITE: 0.0526
2026-03-28 21:38:52 | DEBUG | sivi:base_runner.py:347| eval_w2 | Epoch 4200, VI W2 to baseline: 0.3886
2026-03-28 21:38:52 | DEBUG | sivi:base_reverse_runner.py:272| eval_w2 | Epoch 4200, Reverse Model W2: 0.0460
2026-03-28 21:38:52 | DEBUG | sivi:base_runner.py:477| eval_elbo | Epoch 4200, ELBO: 1.8311, Std Total: 18.5894, Std Q: nan, CI Half: 1.6294
2026-03-28 21:38:52 | DEBUG | sivi:base_runner.py:507| eval_ksd | Epoch 4200, VI KSD: 0.0174
2026-03-28 21:38:53 | DEBUG | sivi:base_runner.py:337| eval_kl_ite | Epoch 4210, VI KL to baseline: 0.0322
2026-03-28 21:38:53 | DEBUG | sivi:base_reverse_runner.py:261| eval_kl_ite | Epoch 4210, Reverse Model KL ITE: 0.0230
2026-03-28 21:38:53 | DEBUG | sivi:base_runner.py:347| eval_w2 | Epoch 4210, VI W2 to baseline: 0.3936
2026-03-28 21:38:53 | DEBUG | sivi:base_reverse_runner.py:272| eval_w2 | Epoch 4210, Reverse Model W2: 0.0388
2026-03-28 21:38:53 | DEBUG | sivi:base_runner.py:477| eval_elbo | Epoch 4210, ELBO: 1.1416, Std Total: 13.9650, Std Q: nan, CI Half: 1.2241
2026-03-28 21:38:53 | DEBUG | sivi:base_runner.py:507| eval_ksd | Epoch 4210, VI KSD: 0.0099
2026-03-28 21:38:53 | DEBUG | sivi:base_runner.py:337| eval_kl_ite | Epoch 4220, VI KL to baseline: 0.0400
2026-03-28 21:38:53 | DEBUG | sivi:base_reverse_runner.py:261| eval_kl_ite | Epoch 4220, Reverse Model KL ITE: 0.0195
2026-03-28 21:38:53 | DEBUG | sivi:base_runner.py:347| eval_w2 | Epoch 4220, VI W2 to baseline: 0.3675
2026-03-28 21:38:53 | DEBUG | sivi:base_reverse_runner.py:272| eval_w2 | Epoch 4220, Reverse Model W2: 0.0433
2026-03-28 21:38:53 | DEBUG | sivi:base_runner.py:477| eval_elbo | Epoch 4220, ELBO: 1.5064, Std Total: 16.4039, Std Q: nan, CI Half: 1.4379
2026-03-28 21:38:53 | DEBUG | sivi:base_runner.py:507| eval_ksd | Epoch 4220, VI KSD: 0.0042
2026-03-28 21:38:54 | DEBUG | sivi:base_runner.py:337| eval_kl_ite | Epoch 4230, VI KL to baseline: 0.0408
2026-03-28 21:38:54 | DEBUG | sivi:base_reverse_runner.py:261| eval_kl_ite | Epoch 4230, Reverse Model KL ITE: 0.0068
2026-03-28 21:38:54 | DEBUG | sivi:base_runner.py:347| eval_w2 | Epoch 4230, VI W2 to baseline: 0.3762
2026-03-28 21:38:54 | DEBUG | sivi:base_reverse_runner.py:272| eval_w2 | Epoch 4230, Reverse Model W2: 0.0379
2026-03-28 21:38:54 | DEBUG | sivi:base_runner.py:477| eval_elbo | Epoch 4230, ELBO: 0.2275, Std Total: 4.8621, Std Q: nan, CI Half: 0.4262
2026-03-28 21:38:54 | DEBUG | sivi:base_runner.py:507| eval_ksd | Epoch 4230, VI KSD: 0.0034
2026-03-28 21:38:54 | DEBUG | sivi:base_runner.py:337| eval_kl_ite | Epoch 4240, VI KL to baseline: 0.0371
2026-03-28 21:38:55 | DEBUG | sivi:base_reverse_runner.py:261| eval_kl_ite | Epoch 4240, Reverse Model KL ITE: 0.0353
2026-03-28 21:38:55 | DEBUG | sivi:base_runner.py:347| eval_w2 | Epoch 4240, VI W2 to baseline: 0.3764
2026-03-28 21:38:55 | DEBUG | sivi:base_reverse_runner.py:272| eval_w2 | Epoch 4240, Reverse Model W2: 0.0427
2026-03-28 21:38:55 | DEBUG | sivi:base_runner.py:477| eval_elbo | Epoch 4240, ELBO: 0.9888, Std Total: 10.9489, Std Q: nan, CI Half: 0.9597
2026-03-28 21:38:55 | DEBUG | sivi:base_runner.py:507| eval_ksd | Epoch 4240, VI KSD: 0.0223
2026-03-28 21:38:55 | DEBUG | sivi:base_runner.py:337| eval_kl_ite | Epoch 4250, VI KL to baseline: 0.0238
2026-03-28 21:38:55 | DEBUG | sivi:base_reverse_runner.py:261| eval_kl_ite | Epoch 4250, Reverse Model KL ITE: 0.0397
2026-03-28 21:38:55 | DEBUG | sivi:base_runner.py:347| eval_w2 | Epoch 4250, VI W2 to baseline: 0.3632
2026-03-28 21:38:55 | DEBUG | sivi:base_reverse_runner.py:272| eval_w2 | Epoch 4250, Reverse Model W2: 0.0458
2026-03-28 21:38:55 | DEBUG | sivi:base_runner.py:477| eval_elbo | Epoch 4250, ELBO: 0.5511, Std Total: 5.7835, Std Q: nan, CI Half: 0.5070
2026-03-28 21:38:55 | DEBUG | sivi:base_runner.py:507| eval_ksd | Epoch 4250, VI KSD: 0.0191
2026-03-28 21:38:55 | DEBUG | sivi:base_runner.py:337| eval_kl_ite | Epoch 4260, VI KL to baseline: 0.0388
2026-03-28 21:38:55 | DEBUG | sivi:base_reverse_runner.py:261| eval_kl_ite | Epoch 4260, Reverse Model KL ITE: 0.0181
2026-03-28 21:38:56 | DEBUG | sivi:base_runner.py:347| eval_w2 | Epoch 4260, VI W2 to baseline: 0.3651
2026-03-28 21:38:56 | DEBUG | sivi:base_reverse_runner.py:272| eval_w2 | Epoch 4260, Reverse Model W2: 0.0428
2026-03-28 21:38:56 | DEBUG | sivi:base_runner.py:477| eval_elbo | Epoch 4260, ELBO: 0.1974, Std Total: 2.8199, Std Q: nan, CI Half: 0.2472
2026-03-28 21:38:56 | DEBUG | sivi:base_runner.py:507| eval_ksd | Epoch 4260, VI KSD: 0.0143
2026-03-28 21:38:56 | DEBUG | sivi:base_runner.py:337| eval_kl_ite | Epoch 4270, VI KL to baseline: 0.0440
2026-03-28 21:38:56 | DEBUG | sivi:base_reverse_runner.py:261| eval_kl_ite | Epoch 4270, Reverse Model KL ITE: -0.0126
2026-03-28 21:38:56 | DEBUG | sivi:base_runner.py:347| eval_w2 | Epoch 4270, VI W2 to baseline: 0.3424
2026-03-28 21:38:56 | DEBUG | sivi:base_reverse_runner.py:272| eval_w2 | Epoch 4270, Reverse Model W2: 0.0503
2026-03-28 21:38:56 | DEBUG | sivi:base_runner.py:477| eval_elbo | Epoch 4270, ELBO: 1.4545, Std Total: 15.2473, Std Q: nan, CI Half: 1.3365
2026-03-28 21:38:56 | DEBUG | sivi:base_runner.py:507| eval_ksd | Epoch 4270, VI KSD: 0.0241
2026-03-28 21:38:56 | DEBUG | sivi:base_runner.py:337| eval_kl_ite | Epoch 4280, VI KL to baseline: 0.0341
2026-03-28 21:38:57 | DEBUG | sivi:base_reverse_runner.py:261| eval_kl_ite | Epoch 4280, Reverse Model KL ITE: 0.0297
2026-03-28 21:38:57 | DEBUG | sivi:base_runner.py:347| eval_w2 | Epoch 4280, VI W2 to baseline: 0.3845
2026-03-28 21:38:57 | DEBUG | sivi:base_reverse_runner.py:272| eval_w2 | Epoch 4280, Reverse Model W2: 0.0543
2026-03-28 21:38:57 | DEBUG | sivi:base_runner.py:477| eval_elbo | Epoch 4280, ELBO: 0.3740, Std Total: 3.4021, Std Q: nan, CI Half: 0.2982
2026-03-28 21:38:57 | DEBUG | sivi:base_runner.py:507| eval_ksd | Epoch 4280, VI KSD: 0.0145
2026-03-28 21:38:57 | DEBUG | sivi:base_runner.py:337| eval_kl_ite | Epoch 4290, VI KL to baseline: 0.0359
2026-03-28 21:38:57 | DEBUG | sivi:base_reverse_runner.py:261| eval_kl_ite | Epoch 4290, Reverse Model KL ITE: 0.0271
2026-03-28 21:38:57 | DEBUG | sivi:base_runner.py:347| eval_w2 | Epoch 4290, VI W2 to baseline: 0.3472
2026-03-28 21:38:57 | DEBUG | sivi:base_reverse_runner.py:272| eval_w2 | Epoch 4290, Reverse Model W2: 0.0424
2026-03-28 21:38:57 | DEBUG | sivi:base_runner.py:477| eval_elbo | Epoch 4290, ELBO: 2.3149, Std Total: 27.7857, Std Q: nan, CI Half: 2.4355
2026-03-28 21:38:57 | DEBUG | sivi:base_runner.py:507| eval_ksd | Epoch 4290, VI KSD: 0.0051
2026-03-28 21:38:58 | DEBUG | sivi:base_runner.py:874| learn | Epoch 4300: Avg Loss: 0.0365, Avg Epoch Time: 0.0567s
2026-03-28 21:38:58 | DEBUG | sivi:base_runner.py:337| eval_kl_ite | Epoch 4300, VI KL to baseline: 0.0282
2026-03-28 21:38:58 | DEBUG | sivi:base_reverse_runner.py:261| eval_kl_ite | Epoch 4300, Reverse Model KL ITE: 0.0137
2026-03-28 21:38:58 | DEBUG | sivi:base_runner.py:347| eval_w2 | Epoch 4300, VI W2 to baseline: 0.3233
2026-03-28 21:38:58 | DEBUG | sivi:base_reverse_runner.py:272| eval_w2 | Epoch 4300, Reverse Model W2: 0.0428
2026-03-28 21:38:58 | DEBUG | sivi:base_runner.py:477| eval_elbo | Epoch 4300, ELBO: 2.3911, Std Total: 48.0977, Std Q: nan, CI Half: 4.2160
2026-03-28 21:38:58 | DEBUG | sivi:base_runner.py:507| eval_ksd | Epoch 4300, VI KSD: 0.0189
2026-03-28 21:38:58 | DEBUG | sivi:base_runner.py:337| eval_kl_ite | Epoch 4310, VI KL to baseline: 0.0402
2026-03-28 21:38:58 | DEBUG | sivi:base_reverse_runner.py:261| eval_kl_ite | Epoch 4310, Reverse Model KL ITE: 0.0083
2026-03-28 21:38:58 | DEBUG | sivi:base_runner.py:347| eval_w2 | Epoch 4310, VI W2 to baseline: 0.3530
2026-03-28 21:38:58 | DEBUG | sivi:base_reverse_runner.py:272| eval_w2 | Epoch 4310, Reverse Model W2: 0.0448
2026-03-28 21:38:58 | DEBUG | sivi:base_runner.py:477| eval_elbo | Epoch 4310, ELBO: 4.1366, Std Total: 58.3260, Std Q: nan, CI Half: 5.1125
2026-03-28 21:38:58 | DEBUG | sivi:base_runner.py:507| eval_ksd | Epoch 4310, VI KSD: 0.0299
2026-03-28 21:38:59 | DEBUG | sivi:base_runner.py:337| eval_kl_ite | Epoch 4320, VI KL to baseline: 0.0289
2026-03-28 21:38:59 | DEBUG | sivi:base_reverse_runner.py:261| eval_kl_ite | Epoch 4320, Reverse Model KL ITE: 0.0174
2026-03-28 21:38:59 | DEBUG | sivi:base_runner.py:347| eval_w2 | Epoch 4320, VI W2 to baseline: 0.3377
2026-03-28 21:38:59 | DEBUG | sivi:base_reverse_runner.py:272| eval_w2 | Epoch 4320, Reverse Model W2: 0.0348
2026-03-28 21:38:59 | DEBUG | sivi:base_runner.py:477| eval_elbo | Epoch 4320, ELBO: 1.3693, Std Total: 17.1904, Std Q: nan, CI Half: 1.5068
2026-03-28 21:38:59 | DEBUG | sivi:base_runner.py:507| eval_ksd | Epoch 4320, VI KSD: 0.0103
2026-03-28 21:39:00 | DEBUG | sivi:base_runner.py:337| eval_kl_ite | Epoch 4330, VI KL to baseline: 0.0329
2026-03-28 21:39:00 | DEBUG | sivi:base_reverse_runner.py:261| eval_kl_ite | Epoch 4330, Reverse Model KL ITE: 0.0103
2026-03-28 21:39:00 | DEBUG | sivi:base_runner.py:347| eval_w2 | Epoch 4330, VI W2 to baseline: 0.3312
2026-03-28 21:39:00 | DEBUG | sivi:base_reverse_runner.py:272| eval_w2 | Epoch 4330, Reverse Model W2: 0.0466
2026-03-28 21:39:00 | DEBUG | sivi:base_runner.py:477| eval_elbo | Epoch 4330, ELBO: 1.4897, Std Total: 20.8409, Std Q: nan, CI Half: 1.8268
2026-03-28 21:39:00 | DEBUG | sivi:base_runner.py:507| eval_ksd | Epoch 4330, VI KSD: 0.0141
2026-03-28 21:39:00 | DEBUG | sivi:base_runner.py:337| eval_kl_ite | Epoch 4340, VI KL to baseline: 0.0200
2026-03-28 21:39:00 | DEBUG | sivi:base_reverse_runner.py:261| eval_kl_ite | Epoch 4340, Reverse Model KL ITE: 0.0100
2026-03-28 21:39:00 | DEBUG | sivi:base_runner.py:347| eval_w2 | Epoch 4340, VI W2 to baseline: 0.3593
2026-03-28 21:39:00 | DEBUG | sivi:base_reverse_runner.py:272| eval_w2 | Epoch 4340, Reverse Model W2: 0.0413
2026-03-28 21:39:00 | DEBUG | sivi:base_runner.py:477| eval_elbo | Epoch 4340, ELBO: 0.3695, Std Total: 3.7971, Std Q: nan, CI Half: 0.3328
2026-03-28 21:39:00 | DEBUG | sivi:base_runner.py:507| eval_ksd | Epoch 4340, VI KSD: 0.0000
2026-03-28 21:39:01 | DEBUG | sivi:base_runner.py:337| eval_kl_ite | Epoch 4350, VI KL to baseline: 0.0327
2026-03-28 21:39:01 | DEBUG | sivi:base_reverse_runner.py:261| eval_kl_ite | Epoch 4350, Reverse Model KL ITE: 0.0051
2026-03-28 21:39:01 | DEBUG | sivi:base_runner.py:347| eval_w2 | Epoch 4350, VI W2 to baseline: 0.3432
2026-03-28 21:39:01 | DEBUG | sivi:base_reverse_runner.py:272| eval_w2 | Epoch 4350, Reverse Model W2: 0.0404
2026-03-28 21:39:01 | DEBUG | sivi:base_runner.py:477| eval_elbo | Epoch 4350, ELBO: 0.1953, Std Total: 2.8092, Std Q: nan, CI Half: 0.2462
2026-03-28 21:39:01 | DEBUG | sivi:base_runner.py:507| eval_ksd | Epoch 4350, VI KSD: 0.0125
2026-03-28 21:39:01 | DEBUG | sivi:base_runner.py:337| eval_kl_ite | Epoch 4360, VI KL to baseline: 0.0337
2026-03-28 21:39:01 | DEBUG | sivi:base_reverse_runner.py:261| eval_kl_ite | Epoch 4360, Reverse Model KL ITE: 0.0064
2026-03-28 21:39:01 | DEBUG | sivi:base_runner.py:347| eval_w2 | Epoch 4360, VI W2 to baseline: 0.3290
2026-03-28 21:39:01 | DEBUG | sivi:base_reverse_runner.py:272| eval_w2 | Epoch 4360, Reverse Model W2: 0.0415
2026-03-28 21:39:01 | DEBUG | sivi:base_runner.py:477| eval_elbo | Epoch 4360, ELBO: 0.3363, Std Total: 4.7841, Std Q: nan, CI Half: 0.4193
2026-03-28 21:39:01 | DEBUG | sivi:base_runner.py:507| eval_ksd | Epoch 4360, VI KSD: 0.0028
2026-03-28 21:39:02 | DEBUG | sivi:base_runner.py:337| eval_kl_ite | Epoch 4370, VI KL to baseline: 0.0291
2026-03-28 21:39:02 | DEBUG | sivi:base_reverse_runner.py:261| eval_kl_ite | Epoch 4370, Reverse Model KL ITE: 0.0053
2026-03-28 21:39:02 | DEBUG | sivi:base_runner.py:347| eval_w2 | Epoch 4370, VI W2 to baseline: 0.3589
2026-03-28 21:39:02 | DEBUG | sivi:base_reverse_runner.py:272| eval_w2 | Epoch 4370, Reverse Model W2: 0.0405
2026-03-28 21:39:02 | DEBUG | sivi:base_runner.py:477| eval_elbo | Epoch 4370, ELBO: 0.2592, Std Total: 3.1032, Std Q: nan, CI Half: 0.2720
2026-03-28 21:39:02 | DEBUG | sivi:base_runner.py:507| eval_ksd | Epoch 4370, VI KSD: 0.0068
2026-03-28 21:39:03 | DEBUG | sivi:base_runner.py:337| eval_kl_ite | Epoch 4380, VI KL to baseline: 0.0361
2026-03-28 21:39:03 | DEBUG | sivi:base_reverse_runner.py:261| eval_kl_ite | Epoch 4380, Reverse Model KL ITE: 0.0556
2026-03-28 21:39:03 | DEBUG | sivi:base_runner.py:347| eval_w2 | Epoch 4380, VI W2 to baseline: 0.3446
2026-03-28 21:39:03 | DEBUG | sivi:base_reverse_runner.py:272| eval_w2 | Epoch 4380, Reverse Model W2: 0.0625
2026-03-28 21:39:03 | DEBUG | sivi:base_runner.py:477| eval_elbo | Epoch 4380, ELBO: 4.0876, Std Total: 46.8983, Std Q: nan, CI Half: 4.1108
2026-03-28 21:39:03 | DEBUG | sivi:base_runner.py:507| eval_ksd | Epoch 4380, VI KSD: 0.0008
2026-03-28 21:39:03 | DEBUG | sivi:base_runner.py:337| eval_kl_ite | Epoch 4390, VI KL to baseline: 0.0255
2026-03-28 21:39:03 | DEBUG | sivi:base_reverse_runner.py:261| eval_kl_ite | Epoch 4390, Reverse Model KL ITE: 0.0231
2026-03-28 21:39:03 | DEBUG | sivi:base_runner.py:347| eval_w2 | Epoch 4390, VI W2 to baseline: 0.3042
2026-03-28 21:39:03 | DEBUG | sivi:base_reverse_runner.py:272| eval_w2 | Epoch 4390, Reverse Model W2: 0.0589
2026-03-28 21:39:03 | DEBUG | sivi:base_runner.py:477| eval_elbo | Epoch 4390, ELBO: 0.3383, Std Total: 4.5150, Std Q: nan, CI Half: 0.3958
2026-03-28 21:39:03 | DEBUG | sivi:base_runner.py:507| eval_ksd | Epoch 4390, VI KSD: -0.0079
2026-03-28 21:39:04 | DEBUG | sivi:base_runner.py:874| learn | Epoch 4400: Avg Loss: 0.0545, Avg Epoch Time: 0.0615s
2026-03-28 21:39:04 | DEBUG | sivi:base_runner.py:337| eval_kl_ite | Epoch 4400, VI KL to baseline: 0.0193
2026-03-28 21:39:04 | DEBUG | sivi:base_reverse_runner.py:261| eval_kl_ite | Epoch 4400, Reverse Model KL ITE: 0.0054
2026-03-28 21:39:04 | DEBUG | sivi:base_runner.py:347| eval_w2 | Epoch 4400, VI W2 to baseline: 0.3188
2026-03-28 21:39:04 | DEBUG | sivi:base_reverse_runner.py:272| eval_w2 | Epoch 4400, Reverse Model W2: 0.0404
2026-03-28 21:39:04 | DEBUG | sivi:base_runner.py:477| eval_elbo | Epoch 4400, ELBO: 1.1943, Std Total: 20.7531, Std Q: nan, CI Half: 1.8191
2026-03-28 21:39:04 | DEBUG | sivi:base_runner.py:507| eval_ksd | Epoch 4400, VI KSD: 0.0105
2026-03-28 21:39:05 | DEBUG | sivi:base_runner.py:337| eval_kl_ite | Epoch 4410, VI KL to baseline: 0.0547
2026-03-28 21:39:05 | DEBUG | sivi:base_reverse_runner.py:261| eval_kl_ite | Epoch 4410, Reverse Model KL ITE: 0.0133
2026-03-28 21:39:05 | DEBUG | sivi:base_runner.py:347| eval_w2 | Epoch 4410, VI W2 to baseline: 0.3071
2026-03-28 21:39:05 | DEBUG | sivi:base_reverse_runner.py:272| eval_w2 | Epoch 4410, Reverse Model W2: 0.0412
2026-03-28 21:39:05 | DEBUG | sivi:base_runner.py:477| eval_elbo | Epoch 4410, ELBO: 0.0854, Std Total: 1.5818, Std Q: nan, CI Half: 0.1386
2026-03-28 21:39:05 | DEBUG | sivi:base_runner.py:507| eval_ksd | Epoch 4410, VI KSD: -0.0007
2026-03-28 21:39:05 | DEBUG | sivi:base_runner.py:337| eval_kl_ite | Epoch 4420, VI KL to baseline: 0.0443
2026-03-28 21:39:05 | DEBUG | sivi:base_reverse_runner.py:261| eval_kl_ite | Epoch 4420, Reverse Model KL ITE: 0.0060
2026-03-28 21:39:05 | DEBUG | sivi:base_runner.py:347| eval_w2 | Epoch 4420, VI W2 to baseline: 0.3181
2026-03-28 21:39:05 | DEBUG | sivi:base_reverse_runner.py:272| eval_w2 | Epoch 4420, Reverse Model W2: 0.0422
2026-03-28 21:39:05 | DEBUG | sivi:base_runner.py:477| eval_elbo | Epoch 4420, ELBO: 1.9707, Std Total: 28.3727, Std Q: nan, CI Half: 2.4870
2026-03-28 21:39:05 | DEBUG | sivi:base_runner.py:507| eval_ksd | Epoch 4420, VI KSD: 0.0053
2026-03-28 21:39:06 | DEBUG | sivi:base_runner.py:337| eval_kl_ite | Epoch 4430, VI KL to baseline: 0.0459
2026-03-28 21:39:06 | DEBUG | sivi:base_reverse_runner.py:261| eval_kl_ite | Epoch 4430, Reverse Model KL ITE: 0.0018
2026-03-28 21:39:06 | DEBUG | sivi:base_runner.py:347| eval_w2 | Epoch 4430, VI W2 to baseline: 0.3134
2026-03-28 21:39:06 | DEBUG | sivi:base_reverse_runner.py:272| eval_w2 | Epoch 4430, Reverse Model W2: 0.0419
2026-03-28 21:39:06 | DEBUG | sivi:base_runner.py:477| eval_elbo | Epoch 4430, ELBO: 3.3033, Std Total: 49.1126, Std Q: nan, CI Half: 4.3049
2026-03-28 21:39:06 | DEBUG | sivi:base_runner.py:507| eval_ksd | Epoch 4430, VI KSD: 0.0036
2026-03-28 21:39:06 | DEBUG | sivi:base_runner.py:337| eval_kl_ite | Epoch 4440, VI KL to baseline: 0.0246
2026-03-28 21:39:06 | DEBUG | sivi:base_reverse_runner.py:261| eval_kl_ite | Epoch 4440, Reverse Model KL ITE: 0.0308
2026-03-28 21:39:06 | DEBUG | sivi:base_runner.py:347| eval_w2 | Epoch 4440, VI W2 to baseline: 0.3271
2026-03-28 21:39:06 | DEBUG | sivi:base_reverse_runner.py:272| eval_w2 | Epoch 4440, Reverse Model W2: 0.0377
2026-03-28 21:39:06 | DEBUG | sivi:base_runner.py:477| eval_elbo | Epoch 4440, ELBO: 0.6364, Std Total: 8.9407, Std Q: nan, CI Half: 0.7837
2026-03-28 21:39:06 | DEBUG | sivi:base_runner.py:507| eval_ksd | Epoch 4440, VI KSD: 0.0116
2026-03-28 21:39:07 | DEBUG | sivi:base_runner.py:337| eval_kl_ite | Epoch 4450, VI KL to baseline: 0.0288
2026-03-28 21:39:07 | DEBUG | sivi:base_reverse_runner.py:261| eval_kl_ite | Epoch 4450, Reverse Model KL ITE: 0.0066
2026-03-28 21:39:07 | DEBUG | sivi:base_runner.py:347| eval_w2 | Epoch 4450, VI W2 to baseline: 0.3374
2026-03-28 21:39:07 | DEBUG | sivi:base_reverse_runner.py:272| eval_w2 | Epoch 4450, Reverse Model W2: 0.0463
2026-03-28 21:39:07 | DEBUG | sivi:base_runner.py:477| eval_elbo | Epoch 4450, ELBO: 0.9682, Std Total: 13.2436, Std Q: nan, CI Half: 1.1609
2026-03-28 21:39:07 | DEBUG | sivi:base_runner.py:507| eval_ksd | Epoch 4450, VI KSD: 0.0129
2026-03-28 21:39:08 | DEBUG | sivi:base_runner.py:337| eval_kl_ite | Epoch 4460, VI KL to baseline: 0.0376
2026-03-28 21:39:08 | DEBUG | sivi:base_reverse_runner.py:261| eval_kl_ite | Epoch 4460, Reverse Model KL ITE: 0.0159
2026-03-28 21:39:08 | DEBUG | sivi:base_runner.py:347| eval_w2 | Epoch 4460, VI W2 to baseline: 0.3202
2026-03-28 21:39:08 | DEBUG | sivi:base_reverse_runner.py:272| eval_w2 | Epoch 4460, Reverse Model W2: 0.0498
2026-03-28 21:39:08 | DEBUG | sivi:base_runner.py:477| eval_elbo | Epoch 4460, ELBO: 0.5154, Std Total: 6.0097, Std Q: nan, CI Half: 0.5268
2026-03-28 21:39:08 | DEBUG | sivi:base_runner.py:507| eval_ksd | Epoch 4460, VI KSD: -0.0000
2026-03-28 21:39:08 | DEBUG | sivi:base_runner.py:337| eval_kl_ite | Epoch 4470, VI KL to baseline: 0.0177
2026-03-28 21:39:08 | DEBUG | sivi:base_reverse_runner.py:261| eval_kl_ite | Epoch 4470, Reverse Model KL ITE: 0.0408
2026-03-28 21:39:08 | DEBUG | sivi:base_runner.py:347| eval_w2 | Epoch 4470, VI W2 to baseline: 0.3171
2026-03-28 21:39:08 | DEBUG | sivi:base_reverse_runner.py:272| eval_w2 | Epoch 4470, Reverse Model W2: 0.0501
2026-03-28 21:39:08 | DEBUG | sivi:base_runner.py:477| eval_elbo | Epoch 4470, ELBO: 0.2052, Std Total: 2.5222, Std Q: nan, CI Half: 0.2211
2026-03-28 21:39:08 | DEBUG | sivi:base_runner.py:507| eval_ksd | Epoch 4470, VI KSD: 0.0082
2026-03-28 21:39:09 | DEBUG | sivi:base_runner.py:337| eval_kl_ite | Epoch 4480, VI KL to baseline: 0.0194
2026-03-28 21:39:09 | DEBUG | sivi:base_reverse_runner.py:261| eval_kl_ite | Epoch 4480, Reverse Model KL ITE: 0.0300
2026-03-28 21:39:09 | DEBUG | sivi:base_runner.py:347| eval_w2 | Epoch 4480, VI W2 to baseline: 0.3304
2026-03-28 21:39:09 | DEBUG | sivi:base_reverse_runner.py:272| eval_w2 | Epoch 4480, Reverse Model W2: 0.0537
2026-03-28 21:39:09 | DEBUG | sivi:base_runner.py:477| eval_elbo | Epoch 4480, ELBO: 1.8847, Std Total: 27.1598, Std Q: nan, CI Half: 2.3807
2026-03-28 21:39:09 | DEBUG | sivi:base_runner.py:507| eval_ksd | Epoch 4480, VI KSD: 0.0027
2026-03-28 21:39:10 | DEBUG | sivi:base_runner.py:337| eval_kl_ite | Epoch 4490, VI KL to baseline: 0.0384
2026-03-28 21:39:10 | DEBUG | sivi:base_reverse_runner.py:261| eval_kl_ite | Epoch 4490, Reverse Model KL ITE: 0.0025
2026-03-28 21:39:10 | DEBUG | sivi:base_runner.py:347| eval_w2 | Epoch 4490, VI W2 to baseline: 0.3362
2026-03-28 21:39:10 | DEBUG | sivi:base_reverse_runner.py:272| eval_w2 | Epoch 4490, Reverse Model W2: 0.0519
2026-03-28 21:39:10 | DEBUG | sivi:base_runner.py:477| eval_elbo | Epoch 4490, ELBO: 0.4914, Std Total: 6.0326, Std Q: nan, CI Half: 0.5288
2026-03-28 21:39:10 | DEBUG | sivi:base_runner.py:507| eval_ksd | Epoch 4490, VI KSD: 0.0029
2026-03-28 21:39:10 | DEBUG | sivi:base_runner.py:874| learn | Epoch 4500: Avg Loss: 0.0386, Avg Epoch Time: 0.0626s
2026-03-28 21:39:10 | DEBUG | sivi:base_reverse_runner.py:183| _training_rev_log_func | Epoch 4500, Inner epoch 1, Reverse Model Loss: 2.8942, Avg Steps: 1.0000
2026-03-28 21:39:10 | DEBUG | sivi:base_runner.py:588| save_samples | Saved 100000 samples at epoch 4500.
2026-03-28 21:39:10 | DEBUG | sivi:base_runner.py:337| eval_kl_ite | Epoch 4500, VI KL to baseline: 0.0205
2026-03-28 21:39:10 | DEBUG | sivi:base_reverse_runner.py:261| eval_kl_ite | Epoch 4500, Reverse Model KL ITE: 0.0276
2026-03-28 21:39:10 | DEBUG | sivi:base_runner.py:347| eval_w2 | Epoch 4500, VI W2 to baseline: 0.3404
2026-03-28 21:39:10 | DEBUG | sivi:base_reverse_runner.py:272| eval_w2 | Epoch 4500, Reverse Model W2: 0.0458
2026-03-28 21:39:10 | DEBUG | sivi:base_runner.py:477| eval_elbo | Epoch 4500, ELBO: 0.1673, Std Total: 2.1340, Std Q: nan, CI Half: 0.1871
2026-03-28 21:39:10 | DEBUG | sivi:base_runner.py:507| eval_ksd | Epoch 4500, VI KSD: 0.0261
2026-03-28 21:39:10 | DEBUG | sivi:base_runner.py:970| learn | Saved contour plot at epoch 4500.
2026-03-28 21:39:11 | DEBUG | sivi:base_runner.py:337| eval_kl_ite | Epoch 4510, VI KL to baseline: 0.0303
2026-03-28 21:39:11 | DEBUG | sivi:base_reverse_runner.py:261| eval_kl_ite | Epoch 4510, Reverse Model KL ITE: 0.0228
2026-03-28 21:39:11 | DEBUG | sivi:base_runner.py:347| eval_w2 | Epoch 4510, VI W2 to baseline: 0.3248
2026-03-28 21:39:11 | DEBUG | sivi:base_reverse_runner.py:272| eval_w2 | Epoch 4510, Reverse Model W2: 0.0387
2026-03-28 21:39:11 | DEBUG | sivi:base_runner.py:477| eval_elbo | Epoch 4510, ELBO: 2.9102, Std Total: 33.2323, Std Q: nan, CI Half: 2.9129
2026-03-28 21:39:11 | DEBUG | sivi:base_runner.py:507| eval_ksd | Epoch 4510, VI KSD: 0.0112
2026-03-28 21:39:11 | DEBUG | sivi:base_runner.py:337| eval_kl_ite | Epoch 4520, VI KL to baseline: 0.0222
2026-03-28 21:39:11 | DEBUG | sivi:base_reverse_runner.py:261| eval_kl_ite | Epoch 4520, Reverse Model KL ITE: 0.0296
2026-03-28 21:39:11 | DEBUG | sivi:base_runner.py:347| eval_w2 | Epoch 4520, VI W2 to baseline: 0.3417
2026-03-28 21:39:11 | DEBUG | sivi:base_reverse_runner.py:272| eval_w2 | Epoch 4520, Reverse Model W2: 0.0433
2026-03-28 21:39:11 | DEBUG | sivi:base_runner.py:477| eval_elbo | Epoch 4520, ELBO: 2.5109, Std Total: 34.5548, Std Q: nan, CI Half: 3.0289
2026-03-28 21:39:11 | DEBUG | sivi:base_runner.py:507| eval_ksd | Epoch 4520, VI KSD: -0.0002
2026-03-28 21:39:12 | DEBUG | sivi:base_runner.py:337| eval_kl_ite | Epoch 4530, VI KL to baseline: 0.0176
2026-03-28 21:39:12 | DEBUG | sivi:base_reverse_runner.py:261| eval_kl_ite | Epoch 4530, Reverse Model KL ITE: 0.0214
2026-03-28 21:39:12 | DEBUG | sivi:base_runner.py:347| eval_w2 | Epoch 4530, VI W2 to baseline: 0.3161
2026-03-28 21:39:12 | DEBUG | sivi:base_reverse_runner.py:272| eval_w2 | Epoch 4530, Reverse Model W2: 0.0494
2026-03-28 21:39:12 | DEBUG | sivi:base_runner.py:477| eval_elbo | Epoch 4530, ELBO: 0.3604, Std Total: 3.8983, Std Q: nan, CI Half: 0.3417
2026-03-28 21:39:12 | DEBUG | sivi:base_runner.py:507| eval_ksd | Epoch 4530, VI KSD: 0.0070
2026-03-28 21:39:13 | DEBUG | sivi:base_runner.py:337| eval_kl_ite | Epoch 4540, VI KL to baseline: 0.0309
2026-03-28 21:39:13 | DEBUG | sivi:base_reverse_runner.py:261| eval_kl_ite | Epoch 4540, Reverse Model KL ITE: 0.0064
2026-03-28 21:39:13 | DEBUG | sivi:base_runner.py:347| eval_w2 | Epoch 4540, VI W2 to baseline: 0.3244
2026-03-28 21:39:13 | DEBUG | sivi:base_reverse_runner.py:272| eval_w2 | Epoch 4540, Reverse Model W2: 0.0407
2026-03-28 21:39:13 | DEBUG | sivi:base_runner.py:477| eval_elbo | Epoch 4540, ELBO: 1.6807, Std Total: 18.1412, Std Q: nan, CI Half: 1.5901
2026-03-28 21:39:13 | DEBUG | sivi:base_runner.py:507| eval_ksd | Epoch 4540, VI KSD: 0.0149
2026-03-28 21:39:13 | DEBUG | sivi:base_runner.py:337| eval_kl_ite | Epoch 4550, VI KL to baseline: 0.0273
2026-03-28 21:39:13 | DEBUG | sivi:base_reverse_runner.py:261| eval_kl_ite | Epoch 4550, Reverse Model KL ITE: 0.0271
2026-03-28 21:39:13 | DEBUG | sivi:base_runner.py:347| eval_w2 | Epoch 4550, VI W2 to baseline: 0.3223
2026-03-28 21:39:13 | DEBUG | sivi:base_reverse_runner.py:272| eval_w2 | Epoch 4550, Reverse Model W2: 0.0429
2026-03-28 21:39:13 | DEBUG | sivi:base_runner.py:477| eval_elbo | Epoch 4550, ELBO: 2.5747, Std Total: 38.1789, Std Q: nan, CI Half: 3.3465
2026-03-28 21:39:13 | DEBUG | sivi:base_runner.py:507| eval_ksd | Epoch 4550, VI KSD: 0.0039
2026-03-28 21:39:14 | DEBUG | sivi:base_runner.py:337| eval_kl_ite | Epoch 4560, VI KL to baseline: 0.0153
2026-03-28 21:39:14 | DEBUG | sivi:base_reverse_runner.py:261| eval_kl_ite | Epoch 4560, Reverse Model KL ITE: 0.0102
2026-03-28 21:39:14 | DEBUG | sivi:base_runner.py:347| eval_w2 | Epoch 4560, VI W2 to baseline: 0.3087
2026-03-28 21:39:14 | DEBUG | sivi:base_reverse_runner.py:272| eval_w2 | Epoch 4560, Reverse Model W2: 0.0345
2026-03-28 21:39:14 | DEBUG | sivi:base_runner.py:477| eval_elbo | Epoch 4560, ELBO: 3.3475, Std Total: 38.2438, Std Q: nan, CI Half: 3.3522
2026-03-28 21:39:14 | DEBUG | sivi:base_runner.py:507| eval_ksd | Epoch 4560, VI KSD: 0.0126
2026-03-28 21:39:15 | DEBUG | sivi:base_runner.py:337| eval_kl_ite | Epoch 4570, VI KL to baseline: 0.0154
2026-03-28 21:39:15 | DEBUG | sivi:base_reverse_runner.py:261| eval_kl_ite | Epoch 4570, Reverse Model KL ITE: 0.0239
2026-03-28 21:39:15 | DEBUG | sivi:base_runner.py:347| eval_w2 | Epoch 4570, VI W2 to baseline: 0.3267
2026-03-28 21:39:15 | DEBUG | sivi:base_reverse_runner.py:272| eval_w2 | Epoch 4570, Reverse Model W2: 0.0575
2026-03-28 21:39:15 | DEBUG | sivi:base_runner.py:477| eval_elbo | Epoch 4570, ELBO: 1.0535, Std Total: 13.8835, Std Q: nan, CI Half: 1.2169
2026-03-28 21:39:15 | DEBUG | sivi:base_runner.py:507| eval_ksd | Epoch 4570, VI KSD: 0.0137
2026-03-28 21:39:15 | DEBUG | sivi:base_runner.py:337| eval_kl_ite | Epoch 4580, VI KL to baseline: 0.0351
2026-03-28 21:39:15 | DEBUG | sivi:base_reverse_runner.py:261| eval_kl_ite | Epoch 4580, Reverse Model KL ITE: 0.0132
2026-03-28 21:39:15 | DEBUG | sivi:base_runner.py:347| eval_w2 | Epoch 4580, VI W2 to baseline: 0.2798
2026-03-28 21:39:15 | DEBUG | sivi:base_reverse_runner.py:272| eval_w2 | Epoch 4580, Reverse Model W2: 0.0404
2026-03-28 21:39:15 | DEBUG | sivi:base_runner.py:477| eval_elbo | Epoch 4580, ELBO: 0.2962, Std Total: 3.0716, Std Q: nan, CI Half: 0.2692
2026-03-28 21:39:15 | DEBUG | sivi:base_runner.py:507| eval_ksd | Epoch 4580, VI KSD: 0.0037
2026-03-28 21:39:16 | DEBUG | sivi:base_runner.py:337| eval_kl_ite | Epoch 4590, VI KL to baseline: 0.0184
2026-03-28 21:39:16 | DEBUG | sivi:base_reverse_runner.py:261| eval_kl_ite | Epoch 4590, Reverse Model KL ITE: 0.0232
2026-03-28 21:39:16 | DEBUG | sivi:base_runner.py:347| eval_w2 | Epoch 4590, VI W2 to baseline: 0.3003
2026-03-28 21:39:16 | DEBUG | sivi:base_reverse_runner.py:272| eval_w2 | Epoch 4590, Reverse Model W2: 0.0390
2026-03-28 21:39:16 | DEBUG | sivi:base_runner.py:477| eval_elbo | Epoch 4590, ELBO: 5.2210, Std Total: 46.9500, Std Q: nan, CI Half: 4.1153
2026-03-28 21:39:16 | DEBUG | sivi:base_runner.py:507| eval_ksd | Epoch 4590, VI KSD: 0.0025
2026-03-28 21:39:16 | DEBUG | sivi:base_runner.py:874| learn | Epoch 4600: Avg Loss: 0.0209, Avg Epoch Time: 0.0645s
2026-03-28 21:39:17 | DEBUG | sivi:base_runner.py:337| eval_kl_ite | Epoch 4600, VI KL to baseline: 0.0196
2026-03-28 21:39:17 | DEBUG | sivi:base_reverse_runner.py:261| eval_kl_ite | Epoch 4600, Reverse Model KL ITE: 0.0127
2026-03-28 21:39:17 | DEBUG | sivi:base_runner.py:347| eval_w2 | Epoch 4600, VI W2 to baseline: 0.3295
2026-03-28 21:39:17 | DEBUG | sivi:base_reverse_runner.py:272| eval_w2 | Epoch 4600, Reverse Model W2: 0.0445
2026-03-28 21:39:17 | DEBUG | sivi:base_runner.py:477| eval_elbo | Epoch 4600, ELBO: 1.1412, Std Total: 9.8334, Std Q: nan, CI Half: 0.8619
2026-03-28 21:39:17 | DEBUG | sivi:base_runner.py:507| eval_ksd | Epoch 4600, VI KSD: -0.0005
2026-03-28 21:39:17 | DEBUG | sivi:base_runner.py:337| eval_kl_ite | Epoch 4610, VI KL to baseline: 0.0244
2026-03-28 21:39:17 | DEBUG | sivi:base_reverse_runner.py:261| eval_kl_ite | Epoch 4610, Reverse Model KL ITE: -0.0020
2026-03-28 21:39:17 | DEBUG | sivi:base_runner.py:347| eval_w2 | Epoch 4610, VI W2 to baseline: 0.3032
2026-03-28 21:39:17 | DEBUG | sivi:base_reverse_runner.py:272| eval_w2 | Epoch 4610, Reverse Model W2: 0.0485
2026-03-28 21:39:17 | DEBUG | sivi:base_runner.py:477| eval_elbo | Epoch 4610, ELBO: 2.4543, Std Total: 27.0964, Std Q: nan, CI Half: 2.3751
2026-03-28 21:39:17 | DEBUG | sivi:base_runner.py:507| eval_ksd | Epoch 4610, VI KSD: 0.0079
2026-03-28 21:39:18 | DEBUG | sivi:base_runner.py:337| eval_kl_ite | Epoch 4620, VI KL to baseline: 0.0304
2026-03-28 21:39:18 | DEBUG | sivi:base_reverse_runner.py:261| eval_kl_ite | Epoch 4620, Reverse Model KL ITE: 0.0203
2026-03-28 21:39:18 | DEBUG | sivi:base_runner.py:347| eval_w2 | Epoch 4620, VI W2 to baseline: 0.3224
2026-03-28 21:39:18 | DEBUG | sivi:base_reverse_runner.py:272| eval_w2 | Epoch 4620, Reverse Model W2: 0.0444
2026-03-28 21:39:18 | DEBUG | sivi:base_runner.py:477| eval_elbo | Epoch 4620, ELBO: 0.3257, Std Total: 3.7002, Std Q: nan, CI Half: 0.3243
2026-03-28 21:39:18 | DEBUG | sivi:base_runner.py:507| eval_ksd | Epoch 4620, VI KSD: -0.0002
2026-03-28 21:39:19 | DEBUG | sivi:base_runner.py:337| eval_kl_ite | Epoch 4630, VI KL to baseline: 0.0237
2026-03-28 21:39:19 | DEBUG | sivi:base_reverse_runner.py:261| eval_kl_ite | Epoch 4630, Reverse Model KL ITE: 0.0420
2026-03-28 21:39:19 | DEBUG | sivi:base_runner.py:347| eval_w2 | Epoch 4630, VI W2 to baseline: 0.3034
2026-03-28 21:39:19 | DEBUG | sivi:base_reverse_runner.py:272| eval_w2 | Epoch 4630, Reverse Model W2: 0.0386
2026-03-28 21:39:19 | DEBUG | sivi:base_runner.py:477| eval_elbo | Epoch 4630, ELBO: 0.2819, Std Total: 3.6416, Std Q: nan, CI Half: 0.3192
2026-03-28 21:39:19 | DEBUG | sivi:base_runner.py:507| eval_ksd | Epoch 4630, VI KSD: -0.0045
2026-03-28 21:39:19 | DEBUG | sivi:base_runner.py:337| eval_kl_ite | Epoch 4640, VI KL to baseline: 0.0227
2026-03-28 21:39:19 | DEBUG | sivi:base_reverse_runner.py:261| eval_kl_ite | Epoch 4640, Reverse Model KL ITE: 0.0055
2026-03-28 21:39:19 | DEBUG | sivi:base_runner.py:347| eval_w2 | Epoch 4640, VI W2 to baseline: 0.2925
2026-03-28 21:39:19 | DEBUG | sivi:base_reverse_runner.py:272| eval_w2 | Epoch 4640, Reverse Model W2: 0.0366
2026-03-28 21:39:19 | DEBUG | sivi:base_runner.py:477| eval_elbo | Epoch 4640, ELBO: 3.5500, Std Total: 37.8691, Std Q: nan, CI Half: 3.3194
2026-03-28 21:39:19 | DEBUG | sivi:base_runner.py:507| eval_ksd | Epoch 4640, VI KSD: -0.0045
2026-03-28 21:39:20 | DEBUG | sivi:base_runner.py:337| eval_kl_ite | Epoch 4650, VI KL to baseline: 0.0329
2026-03-28 21:39:20 | DEBUG | sivi:base_reverse_runner.py:261| eval_kl_ite | Epoch 4650, Reverse Model KL ITE: 0.0281
2026-03-28 21:39:20 | DEBUG | sivi:base_runner.py:347| eval_w2 | Epoch 4650, VI W2 to baseline: 0.3002
2026-03-28 21:39:20 | DEBUG | sivi:base_reverse_runner.py:272| eval_w2 | Epoch 4650, Reverse Model W2: 0.0498
2026-03-28 21:39:20 | DEBUG | sivi:base_runner.py:477| eval_elbo | Epoch 4650, ELBO: 1.9152, Std Total: 24.2917, Std Q: nan, CI Half: 2.1293
2026-03-28 21:39:20 | DEBUG | sivi:base_runner.py:507| eval_ksd | Epoch 4650, VI KSD: 0.0091
2026-03-28 21:39:21 | DEBUG | sivi:base_runner.py:337| eval_kl_ite | Epoch 4660, VI KL to baseline: 0.0318
2026-03-28 21:39:21 | DEBUG | sivi:base_reverse_runner.py:261| eval_kl_ite | Epoch 4660, Reverse Model KL ITE: 0.0069
2026-03-28 21:39:21 | DEBUG | sivi:base_runner.py:347| eval_w2 | Epoch 4660, VI W2 to baseline: 0.3074
2026-03-28 21:39:21 | DEBUG | sivi:base_reverse_runner.py:272| eval_w2 | Epoch 4660, Reverse Model W2: 0.0482
2026-03-28 21:39:21 | DEBUG | sivi:base_runner.py:477| eval_elbo | Epoch 4660, ELBO: 0.2474, Std Total: 2.7030, Std Q: nan, CI Half: 0.2369
2026-03-28 21:39:21 | DEBUG | sivi:base_runner.py:507| eval_ksd | Epoch 4660, VI KSD: 0.0020
2026-03-28 21:39:21 | DEBUG | sivi:base_runner.py:337| eval_kl_ite | Epoch 4670, VI KL to baseline: 0.0304
2026-03-28 21:39:21 | DEBUG | sivi:base_reverse_runner.py:261| eval_kl_ite | Epoch 4670, Reverse Model KL ITE: 0.0196
2026-03-28 21:39:22 | DEBUG | sivi:base_runner.py:347| eval_w2 | Epoch 4670, VI W2 to baseline: 0.3071
2026-03-28 21:39:22 | DEBUG | sivi:base_reverse_runner.py:272| eval_w2 | Epoch 4670, Reverse Model W2: 0.0351
2026-03-28 21:39:22 | DEBUG | sivi:base_runner.py:477| eval_elbo | Epoch 4670, ELBO: 1.0200, Std Total: 13.8308, Std Q: nan, CI Half: 1.2123
2026-03-28 21:39:22 | DEBUG | sivi:base_runner.py:507| eval_ksd | Epoch 4670, VI KSD: 0.0045
2026-03-28 21:39:22 | DEBUG | sivi:base_runner.py:337| eval_kl_ite | Epoch 4680, VI KL to baseline: 0.0031
2026-03-28 21:39:22 | DEBUG | sivi:base_reverse_runner.py:261| eval_kl_ite | Epoch 4680, Reverse Model KL ITE: 0.0195
2026-03-28 21:39:22 | DEBUG | sivi:base_runner.py:347| eval_w2 | Epoch 4680, VI W2 to baseline: 0.3063
2026-03-28 21:39:22 | DEBUG | sivi:base_reverse_runner.py:272| eval_w2 | Epoch 4680, Reverse Model W2: 0.0523
2026-03-28 21:39:22 | DEBUG | sivi:base_runner.py:477| eval_elbo | Epoch 4680, ELBO: 0.5204, Std Total: 8.5287, Std Q: nan, CI Half: 0.7476
2026-03-28 21:39:22 | DEBUG | sivi:base_runner.py:507| eval_ksd | Epoch 4680, VI KSD: 0.0065
2026-03-28 21:39:23 | DEBUG | sivi:base_runner.py:337| eval_kl_ite | Epoch 4690, VI KL to baseline: 0.0240
2026-03-28 21:39:23 | DEBUG | sivi:base_reverse_runner.py:261| eval_kl_ite | Epoch 4690, Reverse Model KL ITE: 0.0264
2026-03-28 21:39:23 | DEBUG | sivi:base_runner.py:347| eval_w2 | Epoch 4690, VI W2 to baseline: 0.3193
2026-03-28 21:39:23 | DEBUG | sivi:base_reverse_runner.py:272| eval_w2 | Epoch 4690, Reverse Model W2: 0.0480
2026-03-28 21:39:23 | DEBUG | sivi:base_runner.py:477| eval_elbo | Epoch 4690, ELBO: 0.6075, Std Total: 5.5879, Std Q: nan, CI Half: 0.4898
2026-03-28 21:39:23 | DEBUG | sivi:base_runner.py:507| eval_ksd | Epoch 4690, VI KSD: 0.0177
2026-03-28 21:39:23 | DEBUG | sivi:base_runner.py:874| learn | Epoch 4700: Avg Loss: 0.0548, Avg Epoch Time: 0.0678s
2026-03-28 21:39:23 | DEBUG | sivi:base_runner.py:337| eval_kl_ite | Epoch 4700, VI KL to baseline: 0.0334
2026-03-28 21:39:23 | DEBUG | sivi:base_reverse_runner.py:261| eval_kl_ite | Epoch 4700, Reverse Model KL ITE: 0.0226
2026-03-28 21:39:23 | DEBUG | sivi:base_runner.py:347| eval_w2 | Epoch 4700, VI W2 to baseline: 0.2994
2026-03-28 21:39:23 | DEBUG | sivi:base_reverse_runner.py:272| eval_w2 | Epoch 4700, Reverse Model W2: 0.0382
2026-03-28 21:39:23 | DEBUG | sivi:base_runner.py:477| eval_elbo | Epoch 4700, ELBO: 0.3195, Std Total: 3.2586, Std Q: nan, CI Half: 0.2856
2026-03-28 21:39:23 | DEBUG | sivi:base_runner.py:507| eval_ksd | Epoch 4700, VI KSD: -0.0008
2026-03-28 21:39:24 | DEBUG | sivi:base_runner.py:337| eval_kl_ite | Epoch 4710, VI KL to baseline: 0.0049
2026-03-28 21:39:24 | DEBUG | sivi:base_reverse_runner.py:261| eval_kl_ite | Epoch 4710, Reverse Model KL ITE: 0.0250
2026-03-28 21:39:24 | DEBUG | sivi:base_runner.py:347| eval_w2 | Epoch 4710, VI W2 to baseline: 0.3096
2026-03-28 21:39:24 | DEBUG | sivi:base_reverse_runner.py:272| eval_w2 | Epoch 4710, Reverse Model W2: 0.0478
2026-03-28 21:39:24 | DEBUG | sivi:base_runner.py:477| eval_elbo | Epoch 4710, ELBO: 0.2782, Std Total: 3.8933, Std Q: nan, CI Half: 0.3413
2026-03-28 21:39:24 | DEBUG | sivi:base_runner.py:507| eval_ksd | Epoch 4710, VI KSD: 0.0018
2026-03-28 21:39:24 | DEBUG | sivi:base_runner.py:337| eval_kl_ite | Epoch 4720, VI KL to baseline: 0.0032
2026-03-28 21:39:24 | DEBUG | sivi:base_reverse_runner.py:261| eval_kl_ite | Epoch 4720, Reverse Model KL ITE: 0.0035
2026-03-28 21:39:25 | DEBUG | sivi:base_runner.py:347| eval_w2 | Epoch 4720, VI W2 to baseline: 0.2924
2026-03-28 21:39:25 | DEBUG | sivi:base_reverse_runner.py:272| eval_w2 | Epoch 4720, Reverse Model W2: 0.0504
2026-03-28 21:39:25 | DEBUG | sivi:base_runner.py:477| eval_elbo | Epoch 4720, ELBO: 0.4136, Std Total: 7.1969, Std Q: nan, CI Half: 0.6308
2026-03-28 21:39:25 | DEBUG | sivi:base_runner.py:507| eval_ksd | Epoch 4720, VI KSD: -0.0050
2026-03-28 21:39:25 | DEBUG | sivi:base_runner.py:337| eval_kl_ite | Epoch 4730, VI KL to baseline: 0.0173
2026-03-28 21:39:25 | DEBUG | sivi:base_reverse_runner.py:261| eval_kl_ite | Epoch 4730, Reverse Model KL ITE: 0.0283
2026-03-28 21:39:25 | DEBUG | sivi:base_runner.py:347| eval_w2 | Epoch 4730, VI W2 to baseline: 0.2860
2026-03-28 21:39:25 | DEBUG | sivi:base_reverse_runner.py:272| eval_w2 | Epoch 4730, Reverse Model W2: 0.0484
2026-03-28 21:39:25 | DEBUG | sivi:base_runner.py:477| eval_elbo | Epoch 4730, ELBO: 2.4118, Std Total: 49.0106, Std Q: nan, CI Half: 4.2960
2026-03-28 21:39:25 | DEBUG | sivi:base_runner.py:507| eval_ksd | Epoch 4730, VI KSD: 0.0098
2026-03-28 21:39:26 | DEBUG | sivi:base_runner.py:337| eval_kl_ite | Epoch 4740, VI KL to baseline: 0.0223
2026-03-28 21:39:26 | DEBUG | sivi:base_reverse_runner.py:261| eval_kl_ite | Epoch 4740, Reverse Model KL ITE: 0.0266
2026-03-28 21:39:26 | DEBUG | sivi:base_runner.py:347| eval_w2 | Epoch 4740, VI W2 to baseline: 0.3053
2026-03-28 21:39:26 | DEBUG | sivi:base_reverse_runner.py:272| eval_w2 | Epoch 4740, Reverse Model W2: 0.0439
2026-03-28 21:39:26 | DEBUG | sivi:base_runner.py:477| eval_elbo | Epoch 4740, ELBO: 0.2804, Std Total: 2.8426, Std Q: nan, CI Half: 0.2492
2026-03-28 21:39:26 | DEBUG | sivi:base_runner.py:507| eval_ksd | Epoch 4740, VI KSD: 0.0053
2026-03-28 21:39:26 | DEBUG | sivi:base_runner.py:337| eval_kl_ite | Epoch 4750, VI KL to baseline: 0.0155
2026-03-28 21:39:26 | DEBUG | sivi:base_reverse_runner.py:261| eval_kl_ite | Epoch 4750, Reverse Model KL ITE: 0.0117
2026-03-28 21:39:27 | DEBUG | sivi:base_runner.py:347| eval_w2 | Epoch 4750, VI W2 to baseline: 0.3026
2026-03-28 21:39:27 | DEBUG | sivi:base_reverse_runner.py:272| eval_w2 | Epoch 4750, Reverse Model W2: 0.0469
2026-03-28 21:39:27 | DEBUG | sivi:base_runner.py:477| eval_elbo | Epoch 4750, ELBO: 2.2355, Std Total: 44.7262, Std Q: nan, CI Half: 3.9204
2026-03-28 21:39:27 | DEBUG | sivi:base_runner.py:507| eval_ksd | Epoch 4750, VI KSD: 0.0031
2026-03-28 21:39:27 | DEBUG | sivi:base_runner.py:337| eval_kl_ite | Epoch 4760, VI KL to baseline: 0.0180
2026-03-28 21:39:27 | DEBUG | sivi:base_reverse_runner.py:261| eval_kl_ite | Epoch 4760, Reverse Model KL ITE: 0.0210
2026-03-28 21:39:27 | DEBUG | sivi:base_runner.py:347| eval_w2 | Epoch 4760, VI W2 to baseline: 0.3250
2026-03-28 21:39:27 | DEBUG | sivi:base_reverse_runner.py:272| eval_w2 | Epoch 4760, Reverse Model W2: 0.0461
2026-03-28 21:39:27 | DEBUG | sivi:base_runner.py:477| eval_elbo | Epoch 4760, ELBO: 1.6643, Std Total: 25.2973, Std Q: nan, CI Half: 2.2174
2026-03-28 21:39:27 | DEBUG | sivi:base_runner.py:507| eval_ksd | Epoch 4760, VI KSD: 0.0341
2026-03-28 21:39:28 | DEBUG | sivi:base_runner.py:337| eval_kl_ite | Epoch 4770, VI KL to baseline: 0.0194
2026-03-28 21:39:28 | DEBUG | sivi:base_reverse_runner.py:261| eval_kl_ite | Epoch 4770, Reverse Model KL ITE: -0.0103
2026-03-28 21:39:28 | DEBUG | sivi:base_runner.py:347| eval_w2 | Epoch 4770, VI W2 to baseline: 0.2955
2026-03-28 21:39:28 | DEBUG | sivi:base_reverse_runner.py:272| eval_w2 | Epoch 4770, Reverse Model W2: 0.0398
2026-03-28 21:39:28 | DEBUG | sivi:base_runner.py:477| eval_elbo | Epoch 4770, ELBO: 1.0299, Std Total: 11.8417, Std Q: nan, CI Half: 1.0380
2026-03-28 21:39:28 | DEBUG | sivi:base_runner.py:507| eval_ksd | Epoch 4770, VI KSD: 0.0036
2026-03-28 21:39:28 | DEBUG | sivi:base_runner.py:337| eval_kl_ite | Epoch 4780, VI KL to baseline: 0.0292
2026-03-28 21:39:29 | DEBUG | sivi:base_reverse_runner.py:261| eval_kl_ite | Epoch 4780, Reverse Model KL ITE: 0.0130
2026-03-28 21:39:29 | DEBUG | sivi:base_runner.py:347| eval_w2 | Epoch 4780, VI W2 to baseline: 0.3333
2026-03-28 21:39:29 | DEBUG | sivi:base_reverse_runner.py:272| eval_w2 | Epoch 4780, Reverse Model W2: 0.0414
2026-03-28 21:39:29 | DEBUG | sivi:base_runner.py:477| eval_elbo | Epoch 4780, ELBO: 0.0740, Std Total: 1.7468, Std Q: nan, CI Half: 0.1531
2026-03-28 21:39:29 | DEBUG | sivi:base_runner.py:507| eval_ksd | Epoch 4780, VI KSD: 0.0013
2026-03-28 21:39:29 | DEBUG | sivi:base_runner.py:337| eval_kl_ite | Epoch 4790, VI KL to baseline: 0.0112
2026-03-28 21:39:29 | DEBUG | sivi:base_reverse_runner.py:261| eval_kl_ite | Epoch 4790, Reverse Model KL ITE: -0.0097
2026-03-28 21:39:29 | DEBUG | sivi:base_runner.py:347| eval_w2 | Epoch 4790, VI W2 to baseline: 0.3107
2026-03-28 21:39:29 | DEBUG | sivi:base_reverse_runner.py:272| eval_w2 | Epoch 4790, Reverse Model W2: 0.0613
2026-03-28 21:39:29 | DEBUG | sivi:base_runner.py:477| eval_elbo | Epoch 4790, ELBO: 0.3087, Std Total: 3.0560, Std Q: nan, CI Half: 0.2679
2026-03-28 21:39:29 | DEBUG | sivi:base_runner.py:507| eval_ksd | Epoch 4790, VI KSD: 0.0025
2026-03-28 21:39:30 | DEBUG | sivi:base_runner.py:874| learn | Epoch 4800: Avg Loss: -0.0272, Avg Epoch Time: 0.0647s
2026-03-28 21:39:30 | DEBUG | sivi:base_runner.py:337| eval_kl_ite | Epoch 4800, VI KL to baseline: 0.0181
2026-03-28 21:39:30 | DEBUG | sivi:base_reverse_runner.py:261| eval_kl_ite | Epoch 4800, Reverse Model KL ITE: 0.0145
2026-03-28 21:39:30 | DEBUG | sivi:base_runner.py:347| eval_w2 | Epoch 4800, VI W2 to baseline: 0.3021
2026-03-28 21:39:30 | DEBUG | sivi:base_reverse_runner.py:272| eval_w2 | Epoch 4800, Reverse Model W2: 0.0434
2026-03-28 21:39:30 | DEBUG | sivi:base_runner.py:477| eval_elbo | Epoch 4800, ELBO: 4.3692, Std Total: 47.4186, Std Q: nan, CI Half: 4.1564
2026-03-28 21:39:30 | DEBUG | sivi:base_runner.py:507| eval_ksd | Epoch 4800, VI KSD: -0.0005
2026-03-28 21:39:30 | DEBUG | sivi:base_runner.py:337| eval_kl_ite | Epoch 4810, VI KL to baseline: 0.0153
2026-03-28 21:39:31 | DEBUG | sivi:base_reverse_runner.py:261| eval_kl_ite | Epoch 4810, Reverse Model KL ITE: 0.0037
2026-03-28 21:39:31 | DEBUG | sivi:base_runner.py:347| eval_w2 | Epoch 4810, VI W2 to baseline: 0.2961
2026-03-28 21:39:31 | DEBUG | sivi:base_reverse_runner.py:272| eval_w2 | Epoch 4810, Reverse Model W2: 0.0387
2026-03-28 21:39:31 | DEBUG | sivi:base_runner.py:477| eval_elbo | Epoch 4810, ELBO: 0.2805, Std Total: 2.8715, Std Q: nan, CI Half: 0.2517
2026-03-28 21:39:31 | DEBUG | sivi:base_runner.py:507| eval_ksd | Epoch 4810, VI KSD: 0.0064
2026-03-28 21:39:31 | DEBUG | sivi:base_runner.py:337| eval_kl_ite | Epoch 4820, VI KL to baseline: 0.0163
2026-03-28 21:39:31 | DEBUG | sivi:base_reverse_runner.py:261| eval_kl_ite | Epoch 4820, Reverse Model KL ITE: 0.0124
2026-03-28 21:39:31 | DEBUG | sivi:base_runner.py:347| eval_w2 | Epoch 4820, VI W2 to baseline: 0.2957
2026-03-28 21:39:31 | DEBUG | sivi:base_reverse_runner.py:272| eval_w2 | Epoch 4820, Reverse Model W2: 0.0381
2026-03-28 21:39:31 | DEBUG | sivi:base_runner.py:477| eval_elbo | Epoch 4820, ELBO: 0.5650, Std Total: 5.3877, Std Q: nan, CI Half: 0.4723
2026-03-28 21:39:31 | DEBUG | sivi:base_runner.py:507| eval_ksd | Epoch 4820, VI KSD: 0.0045
2026-03-28 21:39:31 | DEBUG | sivi:base_runner.py:337| eval_kl_ite | Epoch 4830, VI KL to baseline: 0.0405
2026-03-28 21:39:32 | DEBUG | sivi:base_reverse_runner.py:261| eval_kl_ite | Epoch 4830, Reverse Model KL ITE: 0.0126
2026-03-28 21:39:32 | DEBUG | sivi:base_runner.py:347| eval_w2 | Epoch 4830, VI W2 to baseline: 0.3152
2026-03-28 21:39:32 | DEBUG | sivi:base_reverse_runner.py:272| eval_w2 | Epoch 4830, Reverse Model W2: 0.0399
2026-03-28 21:39:32 | DEBUG | sivi:base_runner.py:477| eval_elbo | Epoch 4830, ELBO: 0.9242, Std Total: 11.9581, Std Q: nan, CI Half: 1.0482
2026-03-28 21:39:32 | DEBUG | sivi:base_runner.py:507| eval_ksd | Epoch 4830, VI KSD: -0.0039
2026-03-28 21:39:32 | DEBUG | sivi:base_runner.py:337| eval_kl_ite | Epoch 4840, VI KL to baseline: 0.0290
2026-03-28 21:39:32 | DEBUG | sivi:base_reverse_runner.py:261| eval_kl_ite | Epoch 4840, Reverse Model KL ITE: 0.0178
2026-03-28 21:39:32 | DEBUG | sivi:base_runner.py:347| eval_w2 | Epoch 4840, VI W2 to baseline: 0.3103
2026-03-28 21:39:32 | DEBUG | sivi:base_reverse_runner.py:272| eval_w2 | Epoch 4840, Reverse Model W2: 0.0384
2026-03-28 21:39:32 | DEBUG | sivi:base_runner.py:477| eval_elbo | Epoch 4840, ELBO: 1.6267, Std Total: 18.3747, Std Q: nan, CI Half: 1.6106
2026-03-28 21:39:32 | DEBUG | sivi:base_runner.py:507| eval_ksd | Epoch 4840, VI KSD: 0.0058
2026-03-28 21:39:33 | DEBUG | sivi:base_runner.py:337| eval_kl_ite | Epoch 4850, VI KL to baseline: 0.0204
2026-03-28 21:39:33 | DEBUG | sivi:base_reverse_runner.py:261| eval_kl_ite | Epoch 4850, Reverse Model KL ITE: 0.0189
2026-03-28 21:39:33 | DEBUG | sivi:base_runner.py:347| eval_w2 | Epoch 4850, VI W2 to baseline: 0.3046
2026-03-28 21:39:33 | DEBUG | sivi:base_reverse_runner.py:272| eval_w2 | Epoch 4850, Reverse Model W2: 0.0448
2026-03-28 21:39:33 | DEBUG | sivi:base_runner.py:477| eval_elbo | Epoch 4850, ELBO: 0.2183, Std Total: 2.1065, Std Q: nan, CI Half: 0.1846
2026-03-28 21:39:33 | DEBUG | sivi:base_runner.py:507| eval_ksd | Epoch 4850, VI KSD: 0.0059
2026-03-28 21:39:33 | DEBUG | sivi:base_runner.py:337| eval_kl_ite | Epoch 4860, VI KL to baseline: 0.0275
2026-03-28 21:39:34 | DEBUG | sivi:base_reverse_runner.py:261| eval_kl_ite | Epoch 4860, Reverse Model KL ITE: 0.0194
2026-03-28 21:39:34 | DEBUG | sivi:base_runner.py:347| eval_w2 | Epoch 4860, VI W2 to baseline: 0.3139
2026-03-28 21:39:34 | DEBUG | sivi:base_reverse_runner.py:272| eval_w2 | Epoch 4860, Reverse Model W2: 0.0395
2026-03-28 21:39:34 | DEBUG | sivi:base_runner.py:477| eval_elbo | Epoch 4860, ELBO: 1.2503, Std Total: 14.0063, Std Q: nan, CI Half: 1.2277
2026-03-28 21:39:34 | DEBUG | sivi:base_runner.py:507| eval_ksd | Epoch 4860, VI KSD: 0.0009
2026-03-28 21:39:34 | DEBUG | sivi:base_runner.py:337| eval_kl_ite | Epoch 4870, VI KL to baseline: 0.0135
2026-03-28 21:39:34 | DEBUG | sivi:base_reverse_runner.py:261| eval_kl_ite | Epoch 4870, Reverse Model KL ITE: 0.0321
2026-03-28 21:39:34 | DEBUG | sivi:base_runner.py:347| eval_w2 | Epoch 4870, VI W2 to baseline: 0.2803
2026-03-28 21:39:34 | DEBUG | sivi:base_reverse_runner.py:272| eval_w2 | Epoch 4870, Reverse Model W2: 0.0428
2026-03-28 21:39:34 | DEBUG | sivi:base_runner.py:477| eval_elbo | Epoch 4870, ELBO: 5.1676, Std Total: 62.0599, Std Q: nan, CI Half: 5.4398
2026-03-28 21:39:34 | DEBUG | sivi:base_runner.py:507| eval_ksd | Epoch 4870, VI KSD: 0.0013
2026-03-28 21:39:35 | DEBUG | sivi:base_runner.py:337| eval_kl_ite | Epoch 4880, VI KL to baseline: 0.0153
2026-03-28 21:39:35 | DEBUG | sivi:base_reverse_runner.py:261| eval_kl_ite | Epoch 4880, Reverse Model KL ITE: 0.0116
2026-03-28 21:39:35 | DEBUG | sivi:base_runner.py:347| eval_w2 | Epoch 4880, VI W2 to baseline: 0.2748
2026-03-28 21:39:35 | DEBUG | sivi:base_reverse_runner.py:272| eval_w2 | Epoch 4880, Reverse Model W2: 0.0421
2026-03-28 21:39:35 | DEBUG | sivi:base_runner.py:477| eval_elbo | Epoch 4880, ELBO: 0.6047, Std Total: 7.2015, Std Q: nan, CI Half: 0.6312
2026-03-28 21:39:35 | DEBUG | sivi:base_runner.py:507| eval_ksd | Epoch 4880, VI KSD: -0.0062
2026-03-28 21:39:35 | DEBUG | sivi:base_runner.py:337| eval_kl_ite | Epoch 4890, VI KL to baseline: 0.0197
2026-03-28 21:39:36 | DEBUG | sivi:base_reverse_runner.py:261| eval_kl_ite | Epoch 4890, Reverse Model KL ITE: 0.0350
2026-03-28 21:39:36 | DEBUG | sivi:base_runner.py:347| eval_w2 | Epoch 4890, VI W2 to baseline: 0.3219
2026-03-28 21:39:36 | DEBUG | sivi:base_reverse_runner.py:272| eval_w2 | Epoch 4890, Reverse Model W2: 0.0463
2026-03-28 21:39:36 | DEBUG | sivi:base_runner.py:477| eval_elbo | Epoch 4890, ELBO: 1.5306, Std Total: 14.8059, Std Q: nan, CI Half: 1.2978
2026-03-28 21:39:36 | DEBUG | sivi:base_runner.py:507| eval_ksd | Epoch 4890, VI KSD: 0.0080
2026-03-28 21:39:36 | DEBUG | sivi:base_runner.py:874| learn | Epoch 4900: Avg Loss: 0.0677, Avg Epoch Time: 0.0629s
2026-03-28 21:39:36 | DEBUG | sivi:base_runner.py:337| eval_kl_ite | Epoch 4900, VI KL to baseline: 0.0215
2026-03-28 21:39:36 | DEBUG | sivi:base_reverse_runner.py:261| eval_kl_ite | Epoch 4900, Reverse Model KL ITE: 0.0085
2026-03-28 21:39:36 | DEBUG | sivi:base_runner.py:347| eval_w2 | Epoch 4900, VI W2 to baseline: 0.3018
2026-03-28 21:39:36 | DEBUG | sivi:base_reverse_runner.py:272| eval_w2 | Epoch 4900, Reverse Model W2: 0.0498
2026-03-28 21:39:36 | DEBUG | sivi:base_runner.py:477| eval_elbo | Epoch 4900, ELBO: 1.5536, Std Total: 15.1267, Std Q: nan, CI Half: 1.3259
2026-03-28 21:39:36 | DEBUG | sivi:base_runner.py:507| eval_ksd | Epoch 4900, VI KSD: -0.0004
2026-03-28 21:39:37 | DEBUG | sivi:base_runner.py:337| eval_kl_ite | Epoch 4910, VI KL to baseline: 0.0104
2026-03-28 21:39:37 | DEBUG | sivi:base_reverse_runner.py:261| eval_kl_ite | Epoch 4910, Reverse Model KL ITE: 0.0235
2026-03-28 21:39:37 | DEBUG | sivi:base_runner.py:347| eval_w2 | Epoch 4910, VI W2 to baseline: 0.3160
2026-03-28 21:39:37 | DEBUG | sivi:base_reverse_runner.py:272| eval_w2 | Epoch 4910, Reverse Model W2: 0.0482
2026-03-28 21:39:37 | DEBUG | sivi:base_runner.py:477| eval_elbo | Epoch 4910, ELBO: 0.3742, Std Total: 4.4358, Std Q: nan, CI Half: 0.3888
2026-03-28 21:39:37 | DEBUG | sivi:base_runner.py:507| eval_ksd | Epoch 4910, VI KSD: 0.0002
2026-03-28 21:39:37 | DEBUG | sivi:base_runner.py:337| eval_kl_ite | Epoch 4920, VI KL to baseline: 0.0241
2026-03-28 21:39:37 | DEBUG | sivi:base_reverse_runner.py:261| eval_kl_ite | Epoch 4920, Reverse Model KL ITE: 0.0228
2026-03-28 21:39:38 | DEBUG | sivi:base_runner.py:347| eval_w2 | Epoch 4920, VI W2 to baseline: 0.3133
2026-03-28 21:39:38 | DEBUG | sivi:base_reverse_runner.py:272| eval_w2 | Epoch 4920, Reverse Model W2: 0.0557
2026-03-28 21:39:38 | DEBUG | sivi:base_runner.py:477| eval_elbo | Epoch 4920, ELBO: 0.4692, Std Total: 5.3994, Std Q: nan, CI Half: 0.4733
2026-03-28 21:39:38 | DEBUG | sivi:base_runner.py:507| eval_ksd | Epoch 4920, VI KSD: -0.0015
2026-03-28 21:39:38 | DEBUG | sivi:base_runner.py:337| eval_kl_ite | Epoch 4930, VI KL to baseline: 0.0302
2026-03-28 21:39:38 | DEBUG | sivi:base_reverse_runner.py:261| eval_kl_ite | Epoch 4930, Reverse Model KL ITE: 0.0017
2026-03-28 21:39:38 | DEBUG | sivi:base_runner.py:347| eval_w2 | Epoch 4930, VI W2 to baseline: 0.2949
2026-03-28 21:39:38 | DEBUG | sivi:base_reverse_runner.py:272| eval_w2 | Epoch 4930, Reverse Model W2: 0.0412
2026-03-28 21:39:38 | DEBUG | sivi:base_runner.py:477| eval_elbo | Epoch 4930, ELBO: 2.3564, Std Total: 31.2348, Std Q: nan, CI Half: 2.7379
2026-03-28 21:39:38 | DEBUG | sivi:base_runner.py:507| eval_ksd | Epoch 4930, VI KSD: -0.0003
2026-03-28 21:39:39 | DEBUG | sivi:base_runner.py:337| eval_kl_ite | Epoch 4940, VI KL to baseline: 0.0296
2026-03-28 21:39:39 | DEBUG | sivi:base_reverse_runner.py:261| eval_kl_ite | Epoch 4940, Reverse Model KL ITE: 0.0017
2026-03-28 21:39:39 | DEBUG | sivi:base_runner.py:347| eval_w2 | Epoch 4940, VI W2 to baseline: 0.2926
2026-03-28 21:39:39 | DEBUG | sivi:base_reverse_runner.py:272| eval_w2 | Epoch 4940, Reverse Model W2: 0.0359
2026-03-28 21:39:39 | DEBUG | sivi:base_runner.py:477| eval_elbo | Epoch 4940, ELBO: 3.1371, Std Total: 30.6318, Std Q: nan, CI Half: 2.6850
2026-03-28 21:39:39 | DEBUG | sivi:base_runner.py:507| eval_ksd | Epoch 4940, VI KSD: -0.0012
2026-03-28 21:39:39 | DEBUG | sivi:base_runner.py:337| eval_kl_ite | Epoch 4950, VI KL to baseline: 0.0347
2026-03-28 21:39:39 | DEBUG | sivi:base_reverse_runner.py:261| eval_kl_ite | Epoch 4950, Reverse Model KL ITE: 0.0196
2026-03-28 21:39:39 | DEBUG | sivi:base_runner.py:347| eval_w2 | Epoch 4950, VI W2 to baseline: 0.3106
2026-03-28 21:39:39 | DEBUG | sivi:base_reverse_runner.py:272| eval_w2 | Epoch 4950, Reverse Model W2: 0.0466
2026-03-28 21:39:39 | DEBUG | sivi:base_runner.py:477| eval_elbo | Epoch 4950, ELBO: 1.6144, Std Total: 30.8105, Std Q: nan, CI Half: 2.7007
2026-03-28 21:39:39 | DEBUG | sivi:base_runner.py:507| eval_ksd | Epoch 4950, VI KSD: -0.0076
2026-03-28 21:39:40 | DEBUG | sivi:base_runner.py:337| eval_kl_ite | Epoch 4960, VI KL to baseline: 0.0155
2026-03-28 21:39:40 | DEBUG | sivi:base_reverse_runner.py:261| eval_kl_ite | Epoch 4960, Reverse Model KL ITE: 0.0297
2026-03-28 21:39:40 | DEBUG | sivi:base_runner.py:347| eval_w2 | Epoch 4960, VI W2 to baseline: 0.3199
2026-03-28 21:39:40 | DEBUG | sivi:base_reverse_runner.py:272| eval_w2 | Epoch 4960, Reverse Model W2: 0.0435
2026-03-28 21:39:40 | DEBUG | sivi:base_runner.py:477| eval_elbo | Epoch 4960, ELBO: 3.5109, Std Total: 32.1698, Std Q: nan, CI Half: 2.8198
2026-03-28 21:39:40 | DEBUG | sivi:base_runner.py:507| eval_ksd | Epoch 4960, VI KSD: 0.0025
2026-03-28 21:39:41 | DEBUG | sivi:base_runner.py:337| eval_kl_ite | Epoch 4970, VI KL to baseline: 0.0262
2026-03-28 21:39:41 | DEBUG | sivi:base_reverse_runner.py:261| eval_kl_ite | Epoch 4970, Reverse Model KL ITE: -0.0003
2026-03-28 21:39:41 | DEBUG | sivi:base_runner.py:347| eval_w2 | Epoch 4970, VI W2 to baseline: 0.2926
2026-03-28 21:39:41 | DEBUG | sivi:base_reverse_runner.py:272| eval_w2 | Epoch 4970, Reverse Model W2: 0.0322
2026-03-28 21:39:41 | DEBUG | sivi:base_runner.py:477| eval_elbo | Epoch 4970, ELBO: 0.9854, Std Total: 9.8657, Std Q: nan, CI Half: 0.8648
2026-03-28 21:39:41 | DEBUG | sivi:base_runner.py:507| eval_ksd | Epoch 4970, VI KSD: 0.0045
2026-03-28 21:39:41 | DEBUG | sivi:base_runner.py:337| eval_kl_ite | Epoch 4980, VI KL to baseline: 0.0071
2026-03-28 21:39:41 | DEBUG | sivi:base_reverse_runner.py:261| eval_kl_ite | Epoch 4980, Reverse Model KL ITE: 0.0170
2026-03-28 21:39:42 | DEBUG | sivi:base_runner.py:347| eval_w2 | Epoch 4980, VI W2 to baseline: 0.3025
2026-03-28 21:39:42 | DEBUG | sivi:base_reverse_runner.py:272| eval_w2 | Epoch 4980, Reverse Model W2: 0.0427
2026-03-28 21:39:42 | DEBUG | sivi:base_runner.py:477| eval_elbo | Epoch 4980, ELBO: 0.1155, Std Total: 2.0509, Std Q: nan, CI Half: 0.1798
2026-03-28 21:39:42 | DEBUG | sivi:base_runner.py:507| eval_ksd | Epoch 4980, VI KSD: 0.0020
2026-03-28 21:39:42 | DEBUG | sivi:base_runner.py:337| eval_kl_ite | Epoch 4990, VI KL to baseline: 0.0219
2026-03-28 21:39:42 | DEBUG | sivi:base_reverse_runner.py:261| eval_kl_ite | Epoch 4990, Reverse Model KL ITE: 0.0174
2026-03-28 21:39:42 | DEBUG | sivi:base_runner.py:347| eval_w2 | Epoch 4990, VI W2 to baseline: 0.3073
2026-03-28 21:39:42 | DEBUG | sivi:base_reverse_runner.py:272| eval_w2 | Epoch 4990, Reverse Model W2: 0.0452
2026-03-28 21:39:42 | DEBUG | sivi:base_runner.py:477| eval_elbo | Epoch 4990, ELBO: 1.2654, Std Total: 14.6039, Std Q: nan, CI Half: 1.2801
2026-03-28 21:39:42 | DEBUG | sivi:base_runner.py:507| eval_ksd | Epoch 4990, VI KSD: -0.0092
2026-03-28 21:39:43 | DEBUG | sivi:base_runner.py:874| learn | Epoch 5000: Avg Loss: -0.0013, Avg Epoch Time: 0.0664s
2026-03-28 21:39:43 | DEBUG | sivi:base_reverse_runner.py:183| _training_rev_log_func | Epoch 5000, Inner epoch 1, Reverse Model Loss: 2.9256, Avg Steps: 1.0000
2026-03-28 21:39:43 | DEBUG | sivi:base_runner.py:588| save_samples | Saved 100000 samples at epoch 5000.
2026-03-28 21:39:43 | DEBUG | sivi:base_runner.py:607| save_checkpoint | Saved VIModel checkpoints at epoch 5000 to results/AISIVI/banana/20260328_213406/checkpoints/epoch_5000.
2026-03-28 21:39:43 | DEBUG | sivi:base_reverse_runner.py:476| save_checkpoint | Saved reverse checkpoints at epoch 5000 to results/AISIVI/banana/20260328_213406/checkpoints/epoch_5000.
2026-03-28 21:39:43 | DEBUG | sivi:base_runner.py:337| eval_kl_ite | Epoch 5000, VI KL to baseline: 0.0254
2026-03-28 21:39:43 | DEBUG | sivi:base_reverse_runner.py:261| eval_kl_ite | Epoch 5000, Reverse Model KL ITE: 0.0292
2026-03-28 21:39:43 | DEBUG | sivi:base_runner.py:347| eval_w2 | Epoch 5000, VI W2 to baseline: 0.3267
2026-03-28 21:39:43 | DEBUG | sivi:base_reverse_runner.py:272| eval_w2 | Epoch 5000, Reverse Model W2: 0.0624
2026-03-28 21:39:43 | DEBUG | sivi:base_runner.py:477| eval_elbo | Epoch 5000, ELBO: 2.6438, Std Total: 27.3806, Std Q: nan, CI Half: 2.4000
2026-03-28 21:39:43 | DEBUG | sivi:base_runner.py:507| eval_ksd | Epoch 5000, VI KSD: 0.0038
2026-03-28 21:39:43 | DEBUG | sivi:base_runner.py:970| learn | Saved contour plot at epoch 5000.
2026-03-28 21:39:44 | DEBUG | sivi:base_runner.py:337| eval_kl_ite | Epoch 5010, VI KL to baseline: 0.0193
2026-03-28 21:39:44 | DEBUG | sivi:base_reverse_runner.py:261| eval_kl_ite | Epoch 5010, Reverse Model KL ITE: 0.0300
2026-03-28 21:39:44 | DEBUG | sivi:base_runner.py:347| eval_w2 | Epoch 5010, VI W2 to baseline: 0.2999
2026-03-28 21:39:44 | DEBUG | sivi:base_reverse_runner.py:272| eval_w2 | Epoch 5010, Reverse Model W2: 0.0379
2026-03-28 21:39:44 | DEBUG | sivi:base_runner.py:477| eval_elbo | Epoch 5010, ELBO: 0.5269, Std Total: 6.3541, Std Q: nan, CI Half: 0.5570
2026-03-28 21:39:44 | DEBUG | sivi:base_runner.py:507| eval_ksd | Epoch 5010, VI KSD: 0.0058
2026-03-28 21:39:44 | DEBUG | sivi:base_runner.py:337| eval_kl_ite | Epoch 5020, VI KL to baseline: 0.0096
2026-03-28 21:39:44 | DEBUG | sivi:base_reverse_runner.py:261| eval_kl_ite | Epoch 5020, Reverse Model KL ITE: -0.0073
2026-03-28 21:39:44 | DEBUG | sivi:base_runner.py:347| eval_w2 | Epoch 5020, VI W2 to baseline: 0.2749
2026-03-28 21:39:44 | DEBUG | sivi:base_reverse_runner.py:272| eval_w2 | Epoch 5020, Reverse Model W2: 0.0446
2026-03-28 21:39:44 | DEBUG | sivi:base_runner.py:477| eval_elbo | Epoch 5020, ELBO: 1.0117, Std Total: 9.9161, Std Q: nan, CI Half: 0.8692
2026-03-28 21:39:44 | DEBUG | sivi:base_runner.py:507| eval_ksd | Epoch 5020, VI KSD: -0.0015
2026-03-28 21:39:45 | DEBUG | sivi:base_runner.py:337| eval_kl_ite | Epoch 5030, VI KL to baseline: 0.0248
2026-03-28 21:39:45 | DEBUG | sivi:base_reverse_runner.py:261| eval_kl_ite | Epoch 5030, Reverse Model KL ITE: 0.0163
2026-03-28 21:39:45 | DEBUG | sivi:base_runner.py:347| eval_w2 | Epoch 5030, VI W2 to baseline: 0.2820
2026-03-28 21:39:45 | DEBUG | sivi:base_reverse_runner.py:272| eval_w2 | Epoch 5030, Reverse Model W2: 0.0425
2026-03-28 21:39:45 | DEBUG | sivi:base_runner.py:477| eval_elbo | Epoch 5030, ELBO: 1.0098, Std Total: 18.3884, Std Q: nan, CI Half: 1.6118
2026-03-28 21:39:45 | DEBUG | sivi:base_runner.py:507| eval_ksd | Epoch 5030, VI KSD: -0.0021
2026-03-28 21:39:46 | DEBUG | sivi:base_runner.py:337| eval_kl_ite | Epoch 5040, VI KL to baseline: 0.0181
2026-03-28 21:39:46 | DEBUG | sivi:base_reverse_runner.py:261| eval_kl_ite | Epoch 5040, Reverse Model KL ITE: -0.0094
2026-03-28 21:39:46 | DEBUG | sivi:base_runner.py:347| eval_w2 | Epoch 5040, VI W2 to baseline: 0.3141
2026-03-28 21:39:46 | DEBUG | sivi:base_reverse_runner.py:272| eval_w2 | Epoch 5040, Reverse Model W2: 0.0512
2026-03-28 21:39:46 | DEBUG | sivi:base_runner.py:477| eval_elbo | Epoch 5040, ELBO: 0.9436, Std Total: 11.7990, Std Q: nan, CI Half: 1.0342
2026-03-28 21:39:46 | DEBUG | sivi:base_runner.py:507| eval_ksd | Epoch 5040, VI KSD: -0.0004
2026-03-28 21:39:46 | DEBUG | sivi:base_runner.py:337| eval_kl_ite | Epoch 5050, VI KL to baseline: 0.0154
2026-03-28 21:39:46 | DEBUG | sivi:base_reverse_runner.py:261| eval_kl_ite | Epoch 5050, Reverse Model KL ITE: 0.0037
2026-03-28 21:39:46 | DEBUG | sivi:base_runner.py:347| eval_w2 | Epoch 5050, VI W2 to baseline: 0.3034
2026-03-28 21:39:46 | DEBUG | sivi:base_reverse_runner.py:272| eval_w2 | Epoch 5050, Reverse Model W2: 0.0414
2026-03-28 21:39:46 | DEBUG | sivi:base_runner.py:477| eval_elbo | Epoch 5050, ELBO: 0.9832, Std Total: 14.6964, Std Q: nan, CI Half: 1.2882
2026-03-28 21:39:46 | DEBUG | sivi:base_runner.py:507| eval_ksd | Epoch 5050, VI KSD: 0.0018
2026-03-28 21:39:47 | DEBUG | sivi:base_runner.py:337| eval_kl_ite | Epoch 5060, VI KL to baseline: 0.0098
2026-03-28 21:39:47 | DEBUG | sivi:base_reverse_runner.py:261| eval_kl_ite | Epoch 5060, Reverse Model KL ITE: -0.0029
2026-03-28 21:39:47 | DEBUG | sivi:base_runner.py:347| eval_w2 | Epoch 5060, VI W2 to baseline: 0.3026
2026-03-28 21:39:47 | DEBUG | sivi:base_reverse_runner.py:272| eval_w2 | Epoch 5060, Reverse Model W2: 0.0420
2026-03-28 21:39:47 | DEBUG | sivi:base_runner.py:477| eval_elbo | Epoch 5060, ELBO: 0.6320, Std Total: 6.1083, Std Q: nan, CI Half: 0.5354
2026-03-28 21:39:47 | DEBUG | sivi:base_runner.py:507| eval_ksd | Epoch 5060, VI KSD: 0.0041
2026-03-28 21:39:48 | DEBUG | sivi:base_runner.py:337| eval_kl_ite | Epoch 5070, VI KL to baseline: 0.0215
2026-03-28 21:39:48 | DEBUG | sivi:base_reverse_runner.py:261| eval_kl_ite | Epoch 5070, Reverse Model KL ITE: 0.0185
2026-03-28 21:39:48 | DEBUG | sivi:base_runner.py:347| eval_w2 | Epoch 5070, VI W2 to baseline: 0.2689
2026-03-28 21:39:48 | DEBUG | sivi:base_reverse_runner.py:272| eval_w2 | Epoch 5070, Reverse Model W2: 0.0370
2026-03-28 21:39:48 | DEBUG | sivi:base_runner.py:477| eval_elbo | Epoch 5070, ELBO: 0.7924, Std Total: 7.5544, Std Q: nan, CI Half: 0.6622
2026-03-28 21:39:48 | DEBUG | sivi:base_runner.py:507| eval_ksd | Epoch 5070, VI KSD: -0.0089
2026-03-28 21:39:48 | DEBUG | sivi:base_runner.py:337| eval_kl_ite | Epoch 5080, VI KL to baseline: 0.0130
2026-03-28 21:39:48 | DEBUG | sivi:base_reverse_runner.py:261| eval_kl_ite | Epoch 5080, Reverse Model KL ITE: -0.0060
2026-03-28 21:39:48 | DEBUG | sivi:base_runner.py:347| eval_w2 | Epoch 5080, VI W2 to baseline: 0.3085
2026-03-28 21:39:48 | DEBUG | sivi:base_reverse_runner.py:272| eval_w2 | Epoch 5080, Reverse Model W2: 0.0536
2026-03-28 21:39:48 | DEBUG | sivi:base_runner.py:477| eval_elbo | Epoch 5080, ELBO: 0.9315, Std Total: 14.8078, Std Q: nan, CI Half: 1.2980
2026-03-28 21:39:48 | DEBUG | sivi:base_runner.py:507| eval_ksd | Epoch 5080, VI KSD: 0.0015
2026-03-28 21:39:49 | DEBUG | sivi:base_runner.py:337| eval_kl_ite | Epoch 5090, VI KL to baseline: -0.0018
2026-03-28 21:39:49 | DEBUG | sivi:base_reverse_runner.py:261| eval_kl_ite | Epoch 5090, Reverse Model KL ITE: 0.0164
2026-03-28 21:39:49 | DEBUG | sivi:base_runner.py:347| eval_w2 | Epoch 5090, VI W2 to baseline: 0.3086
2026-03-28 21:39:49 | DEBUG | sivi:base_reverse_runner.py:272| eval_w2 | Epoch 5090, Reverse Model W2: 0.0350
2026-03-28 21:39:49 | DEBUG | sivi:base_runner.py:477| eval_elbo | Epoch 5090, ELBO: 1.9805, Std Total: 21.5072, Std Q: nan, CI Half: 1.8852
2026-03-28 21:39:49 | DEBUG | sivi:base_runner.py:507| eval_ksd | Epoch 5090, VI KSD: 0.0101
2026-03-28 21:39:49 | DEBUG | sivi:base_runner.py:874| learn | Epoch 5100: Avg Loss: 0.0404, Avg Epoch Time: 0.0671s
2026-03-28 21:39:49 | DEBUG | sivi:base_runner.py:337| eval_kl_ite | Epoch 5100, VI KL to baseline: 0.0159
2026-03-28 21:39:49 | DEBUG | sivi:base_reverse_runner.py:261| eval_kl_ite | Epoch 5100, Reverse Model KL ITE: 0.0098
2026-03-28 21:39:50 | DEBUG | sivi:base_runner.py:347| eval_w2 | Epoch 5100, VI W2 to baseline: 0.3110
2026-03-28 21:39:50 | DEBUG | sivi:base_reverse_runner.py:272| eval_w2 | Epoch 5100, Reverse Model W2: 0.0363
2026-03-28 21:39:50 | DEBUG | sivi:base_runner.py:477| eval_elbo | Epoch 5100, ELBO: 0.5785, Std Total: 4.9866, Std Q: nan, CI Half: 0.4371
2026-03-28 21:39:50 | DEBUG | sivi:base_runner.py:507| eval_ksd | Epoch 5100, VI KSD: -0.0008
2026-03-28 21:39:50 | DEBUG | sivi:base_runner.py:337| eval_kl_ite | Epoch 5110, VI KL to baseline: 0.0279
2026-03-28 21:39:50 | DEBUG | sivi:base_reverse_runner.py:261| eval_kl_ite | Epoch 5110, Reverse Model KL ITE: 0.0046
2026-03-28 21:39:50 | DEBUG | sivi:base_runner.py:347| eval_w2 | Epoch 5110, VI W2 to baseline: 0.2942
2026-03-28 21:39:50 | DEBUG | sivi:base_reverse_runner.py:272| eval_w2 | Epoch 5110, Reverse Model W2: 0.0471
2026-03-28 21:39:50 | DEBUG | sivi:base_runner.py:477| eval_elbo | Epoch 5110, ELBO: 1.9486, Std Total: 30.9671, Std Q: nan, CI Half: 2.7144
2026-03-28 21:39:50 | DEBUG | sivi:base_runner.py:507| eval_ksd | Epoch 5110, VI KSD: 0.0036
2026-03-28 21:39:50 | DEBUG | sivi:base_runner.py:337| eval_kl_ite | Epoch 5120, VI KL to baseline: 0.0167
2026-03-28 21:39:50 | DEBUG | sivi:base_reverse_runner.py:261| eval_kl_ite | Epoch 5120, Reverse Model KL ITE: -0.0071
2026-03-28 21:39:50 | DEBUG | sivi:base_runner.py:347| eval_w2 | Epoch 5120, VI W2 to baseline: 0.3102
2026-03-28 21:39:50 | DEBUG | sivi:base_reverse_runner.py:272| eval_w2 | Epoch 5120, Reverse Model W2: 0.0405
2026-03-28 21:39:50 | DEBUG | sivi:base_runner.py:477| eval_elbo | Epoch 5120, ELBO: 1.6006, Std Total: 33.4159, Std Q: nan, CI Half: 2.9290
2026-03-28 21:39:50 | DEBUG | sivi:base_runner.py:507| eval_ksd | Epoch 5120, VI KSD: 0.0025
2026-03-28 21:39:51 | DEBUG | sivi:base_runner.py:337| eval_kl_ite | Epoch 5130, VI KL to baseline: -0.0010
2026-03-28 21:39:51 | DEBUG | sivi:base_reverse_runner.py:261| eval_kl_ite | Epoch 5130, Reverse Model KL ITE: 0.0173
2026-03-28 21:39:51 | DEBUG | sivi:base_runner.py:347| eval_w2 | Epoch 5130, VI W2 to baseline: 0.3100
2026-03-28 21:39:51 | DEBUG | sivi:base_reverse_runner.py:272| eval_w2 | Epoch 5130, Reverse Model W2: 0.0449
2026-03-28 21:39:51 | DEBUG | sivi:base_runner.py:477| eval_elbo | Epoch 5130, ELBO: 5.2767, Std Total: 48.5698, Std Q: nan, CI Half: 4.2573
2026-03-28 21:39:51 | DEBUG | sivi:base_runner.py:507| eval_ksd | Epoch 5130, VI KSD: 0.0056
2026-03-28 21:39:52 | DEBUG | sivi:base_runner.py:337| eval_kl_ite | Epoch 5140, VI KL to baseline: 0.0206
2026-03-28 21:39:52 | DEBUG | sivi:base_reverse_runner.py:261| eval_kl_ite | Epoch 5140, Reverse Model KL ITE: 0.0046
2026-03-28 21:39:52 | DEBUG | sivi:base_runner.py:347| eval_w2 | Epoch 5140, VI W2 to baseline: 0.2989
2026-03-28 21:39:52 | DEBUG | sivi:base_reverse_runner.py:272| eval_w2 | Epoch 5140, Reverse Model W2: 0.0525
2026-03-28 21:39:52 | DEBUG | sivi:base_runner.py:477| eval_elbo | Epoch 5140, ELBO: 5.6837, Std Total: 72.3348, Std Q: nan, CI Half: 6.3404
2026-03-28 21:39:52 | DEBUG | sivi:base_runner.py:507| eval_ksd | Epoch 5140, VI KSD: 0.0019
2026-03-28 21:39:52 | DEBUG | sivi:base_runner.py:337| eval_kl_ite | Epoch 5150, VI KL to baseline: 0.0211
2026-03-28 21:39:52 | DEBUG | sivi:base_reverse_runner.py:261| eval_kl_ite | Epoch 5150, Reverse Model KL ITE: 0.0155
2026-03-28 21:39:52 | DEBUG | sivi:base_runner.py:347| eval_w2 | Epoch 5150, VI W2 to baseline: 0.2994
2026-03-28 21:39:52 | DEBUG | sivi:base_reverse_runner.py:272| eval_w2 | Epoch 5150, Reverse Model W2: 0.0379
2026-03-28 21:39:52 | DEBUG | sivi:base_runner.py:477| eval_elbo | Epoch 5150, ELBO: 1.9662, Std Total: 22.1832, Std Q: nan, CI Half: 1.9444
2026-03-28 21:39:52 | DEBUG | sivi:base_runner.py:507| eval_ksd | Epoch 5150, VI KSD: 0.0029
2026-03-28 21:39:53 | DEBUG | sivi:base_runner.py:337| eval_kl_ite | Epoch 5160, VI KL to baseline: 0.0166
2026-03-28 21:39:53 | DEBUG | sivi:base_reverse_runner.py:261| eval_kl_ite | Epoch 5160, Reverse Model KL ITE: 0.0112
2026-03-28 21:39:53 | DEBUG | sivi:base_runner.py:347| eval_w2 | Epoch 5160, VI W2 to baseline: 0.2988
2026-03-28 21:39:53 | DEBUG | sivi:base_reverse_runner.py:272| eval_w2 | Epoch 5160, Reverse Model W2: 0.0450
2026-03-28 21:39:53 | DEBUG | sivi:base_runner.py:477| eval_elbo | Epoch 5160, ELBO: 0.9248, Std Total: 12.2905, Std Q: nan, CI Half: 1.0773
2026-03-28 21:39:53 | DEBUG | sivi:base_runner.py:507| eval_ksd | Epoch 5160, VI KSD: 0.0003
2026-03-28 21:39:53 | DEBUG | sivi:base_runner.py:337| eval_kl_ite | Epoch 5170, VI KL to baseline: 0.0209
2026-03-28 21:39:53 | DEBUG | sivi:base_reverse_runner.py:261| eval_kl_ite | Epoch 5170, Reverse Model KL ITE: 0.0407
2026-03-28 21:39:53 | DEBUG | sivi:base_runner.py:347| eval_w2 | Epoch 5170, VI W2 to baseline: 0.3041
2026-03-28 21:39:53 | DEBUG | sivi:base_reverse_runner.py:272| eval_w2 | Epoch 5170, Reverse Model W2: 0.0388
2026-03-28 21:39:53 | DEBUG | sivi:base_runner.py:477| eval_elbo | Epoch 5170, ELBO: 1.8240, Std Total: 22.7133, Std Q: nan, CI Half: 1.9909
2026-03-28 21:39:53 | DEBUG | sivi:base_runner.py:507| eval_ksd | Epoch 5170, VI KSD: -0.0051
2026-03-28 21:39:54 | DEBUG | sivi:base_runner.py:337| eval_kl_ite | Epoch 5180, VI KL to baseline: -0.0011
2026-03-28 21:39:54 | DEBUG | sivi:base_reverse_runner.py:261| eval_kl_ite | Epoch 5180, Reverse Model KL ITE: 0.0325
2026-03-28 21:39:54 | DEBUG | sivi:base_runner.py:347| eval_w2 | Epoch 5180, VI W2 to baseline: 0.3112
2026-03-28 21:39:54 | DEBUG | sivi:base_reverse_runner.py:272| eval_w2 | Epoch 5180, Reverse Model W2: 0.0545
2026-03-28 21:39:54 | DEBUG | sivi:base_runner.py:477| eval_elbo | Epoch 5180, ELBO: 1.2515, Std Total: 11.7064, Std Q: nan, CI Half: 1.0261
2026-03-28 21:39:54 | DEBUG | sivi:base_runner.py:507| eval_ksd | Epoch 5180, VI KSD: 0.0125
2026-03-28 21:39:55 | DEBUG | sivi:base_runner.py:337| eval_kl_ite | Epoch 5190, VI KL to baseline: 0.0168
2026-03-28 21:39:55 | DEBUG | sivi:base_reverse_runner.py:261| eval_kl_ite | Epoch 5190, Reverse Model KL ITE: 0.0043
2026-03-28 21:39:55 | DEBUG | sivi:base_runner.py:347| eval_w2 | Epoch 5190, VI W2 to baseline: 0.3134
2026-03-28 21:39:55 | DEBUG | sivi:base_reverse_runner.py:272| eval_w2 | Epoch 5190, Reverse Model W2: 0.0461
2026-03-28 21:39:55 | DEBUG | sivi:base_runner.py:477| eval_elbo | Epoch 5190, ELBO: 1.3085, Std Total: 12.9309, Std Q: nan, CI Half: 1.1334
2026-03-28 21:39:55 | DEBUG | sivi:base_runner.py:507| eval_ksd | Epoch 5190, VI KSD: 0.0017
2026-03-28 21:39:55 | DEBUG | sivi:base_runner.py:874| learn | Epoch 5200: Avg Loss: -0.0240, Avg Epoch Time: 0.0584s
2026-03-28 21:39:55 | DEBUG | sivi:base_runner.py:337| eval_kl_ite | Epoch 5200, VI KL to baseline: 0.0263
2026-03-28 21:39:55 | DEBUG | sivi:base_reverse_runner.py:261| eval_kl_ite | Epoch 5200, Reverse Model KL ITE: 0.0086
2026-03-28 21:39:55 | DEBUG | sivi:base_runner.py:347| eval_w2 | Epoch 5200, VI W2 to baseline: 0.2915
2026-03-28 21:39:55 | DEBUG | sivi:base_reverse_runner.py:272| eval_w2 | Epoch 5200, Reverse Model W2: 0.0393
2026-03-28 21:39:55 | DEBUG | sivi:base_runner.py:477| eval_elbo | Epoch 5200, ELBO: 1.9542, Std Total: 21.3674, Std Q: nan, CI Half: 1.8729
2026-03-28 21:39:55 | DEBUG | sivi:base_runner.py:507| eval_ksd | Epoch 5200, VI KSD: -0.0049
2026-03-28 21:39:56 | DEBUG | sivi:base_runner.py:337| eval_kl_ite | Epoch 5210, VI KL to baseline: 0.0319
2026-03-28 21:39:56 | DEBUG | sivi:base_reverse_runner.py:261| eval_kl_ite | Epoch 5210, Reverse Model KL ITE: 0.0234
2026-03-28 21:39:56 | DEBUG | sivi:base_runner.py:347| eval_w2 | Epoch 5210, VI W2 to baseline: 0.3034
2026-03-28 21:39:56 | DEBUG | sivi:base_reverse_runner.py:272| eval_w2 | Epoch 5210, Reverse Model W2: 0.0431
2026-03-28 21:39:56 | DEBUG | sivi:base_runner.py:477| eval_elbo | Epoch 5210, ELBO: 0.7089, Std Total: 13.9789, Std Q: nan, CI Half: 1.2253
2026-03-28 21:39:56 | DEBUG | sivi:base_runner.py:507| eval_ksd | Epoch 5210, VI KSD: 0.0057
2026-03-28 21:39:57 | DEBUG | sivi:base_runner.py:337| eval_kl_ite | Epoch 5220, VI KL to baseline: 0.0193
2026-03-28 21:39:57 | DEBUG | sivi:base_reverse_runner.py:261| eval_kl_ite | Epoch 5220, Reverse Model KL ITE: 0.0101
2026-03-28 21:39:57 | DEBUG | sivi:base_runner.py:347| eval_w2 | Epoch 5220, VI W2 to baseline: 0.3098
2026-03-28 21:39:57 | DEBUG | sivi:base_reverse_runner.py:272| eval_w2 | Epoch 5220, Reverse Model W2: 0.0486
2026-03-28 21:39:57 | DEBUG | sivi:base_runner.py:477| eval_elbo | Epoch 5220, ELBO: 2.3050, Std Total: 37.2199, Std Q: nan, CI Half: 3.2625
2026-03-28 21:39:57 | DEBUG | sivi:base_runner.py:507| eval_ksd | Epoch 5220, VI KSD: 0.0067
2026-03-28 21:39:57 | DEBUG | sivi:base_runner.py:337| eval_kl_ite | Epoch 5230, VI KL to baseline: 0.0145
2026-03-28 21:39:57 | DEBUG | sivi:base_reverse_runner.py:261| eval_kl_ite | Epoch 5230, Reverse Model KL ITE: 0.0197
2026-03-28 21:39:57 | DEBUG | sivi:base_runner.py:347| eval_w2 | Epoch 5230, VI W2 to baseline: 0.2952
2026-03-28 21:39:57 | DEBUG | sivi:base_reverse_runner.py:272| eval_w2 | Epoch 5230, Reverse Model W2: 0.0441
2026-03-28 21:39:57 | DEBUG | sivi:base_runner.py:477| eval_elbo | Epoch 5230, ELBO: 2.8138, Std Total: 52.0856, Std Q: nan, CI Half: 4.5655
2026-03-28 21:39:57 | DEBUG | sivi:base_runner.py:507| eval_ksd | Epoch 5230, VI KSD: 0.0004
2026-03-28 21:39:58 | DEBUG | sivi:base_runner.py:337| eval_kl_ite | Epoch 5240, VI KL to baseline: 0.0129
2026-03-28 21:39:58 | DEBUG | sivi:base_reverse_runner.py:261| eval_kl_ite | Epoch 5240, Reverse Model KL ITE: 0.0140
2026-03-28 21:39:58 | DEBUG | sivi:base_runner.py:347| eval_w2 | Epoch 5240, VI W2 to baseline: 0.3088
2026-03-28 21:39:58 | DEBUG | sivi:base_reverse_runner.py:272| eval_w2 | Epoch 5240, Reverse Model W2: 0.0486
2026-03-28 21:39:58 | DEBUG | sivi:base_runner.py:477| eval_elbo | Epoch 5240, ELBO: 0.7713, Std Total: 8.8829, Std Q: nan, CI Half: 0.7786
2026-03-28 21:39:58 | DEBUG | sivi:base_runner.py:507| eval_ksd | Epoch 5240, VI KSD: 0.0097
2026-03-28 21:39:58 | DEBUG | sivi:base_runner.py:337| eval_kl_ite | Epoch 5250, VI KL to baseline: 0.0101
2026-03-28 21:39:58 | DEBUG | sivi:base_reverse_runner.py:261| eval_kl_ite | Epoch 5250, Reverse Model KL ITE: 0.0317
2026-03-28 21:39:58 | DEBUG | sivi:base_runner.py:347| eval_w2 | Epoch 5250, VI W2 to baseline: 0.2916
2026-03-28 21:39:58 | DEBUG | sivi:base_reverse_runner.py:272| eval_w2 | Epoch 5250, Reverse Model W2: 0.0377
2026-03-28 21:39:58 | DEBUG | sivi:base_runner.py:477| eval_elbo | Epoch 5250, ELBO: 0.4111, Std Total: 4.3924, Std Q: nan, CI Half: 0.3850
2026-03-28 21:39:58 | DEBUG | sivi:base_runner.py:507| eval_ksd | Epoch 5250, VI KSD: -0.0016
2026-03-28 21:39:59 | DEBUG | sivi:base_runner.py:337| eval_kl_ite | Epoch 5260, VI KL to baseline: 0.0221
2026-03-28 21:39:59 | DEBUG | sivi:base_reverse_runner.py:261| eval_kl_ite | Epoch 5260, Reverse Model KL ITE: -0.0003
2026-03-28 21:39:59 | DEBUG | sivi:base_runner.py:347| eval_w2 | Epoch 5260, VI W2 to baseline: 0.3288
2026-03-28 21:39:59 | DEBUG | sivi:base_reverse_runner.py:272| eval_w2 | Epoch 5260, Reverse Model W2: 0.0386
2026-03-28 21:39:59 | DEBUG | sivi:base_runner.py:477| eval_elbo | Epoch 5260, ELBO: 0.6770, Std Total: 8.3725, Std Q: nan, CI Half: 0.7339
2026-03-28 21:39:59 | DEBUG | sivi:base_runner.py:507| eval_ksd | Epoch 5260, VI KSD: 0.0015
2026-03-28 21:39:59 | DEBUG | sivi:base_runner.py:337| eval_kl_ite | Epoch 5270, VI KL to baseline: 0.0171
2026-03-28 21:40:00 | DEBUG | sivi:base_reverse_runner.py:261| eval_kl_ite | Epoch 5270, Reverse Model KL ITE: 0.0105
2026-03-28 21:40:00 | DEBUG | sivi:base_runner.py:347| eval_w2 | Epoch 5270, VI W2 to baseline: 0.3000
2026-03-28 21:40:00 | DEBUG | sivi:base_reverse_runner.py:272| eval_w2 | Epoch 5270, Reverse Model W2: 0.0345
2026-03-28 21:40:00 | DEBUG | sivi:base_runner.py:477| eval_elbo | Epoch 5270, ELBO: 5.1092, Std Total: 53.3636, Std Q: nan, CI Half: 4.6775
2026-03-28 21:40:00 | DEBUG | sivi:base_runner.py:507| eval_ksd | Epoch 5270, VI KSD: -0.0023
2026-03-28 21:40:00 | DEBUG | sivi:base_runner.py:337| eval_kl_ite | Epoch 5280, VI KL to baseline: 0.0017
2026-03-28 21:40:00 | DEBUG | sivi:base_reverse_runner.py:261| eval_kl_ite | Epoch 5280, Reverse Model KL ITE: 0.0136
2026-03-28 21:40:00 | DEBUG | sivi:base_runner.py:347| eval_w2 | Epoch 5280, VI W2 to baseline: 0.3276
2026-03-28 21:40:00 | DEBUG | sivi:base_reverse_runner.py:272| eval_w2 | Epoch 5280, Reverse Model W2: 0.0411
2026-03-28 21:40:00 | DEBUG | sivi:base_runner.py:477| eval_elbo | Epoch 5280, ELBO: 0.8890, Std Total: 12.3755, Std Q: nan, CI Half: 1.0848
2026-03-28 21:40:00 | DEBUG | sivi:base_runner.py:507| eval_ksd | Epoch 5280, VI KSD: -0.0044
2026-03-28 21:40:01 | DEBUG | sivi:base_runner.py:337| eval_kl_ite | Epoch 5290, VI KL to baseline: 0.0223
2026-03-28 21:40:01 | DEBUG | sivi:base_reverse_runner.py:261| eval_kl_ite | Epoch 5290, Reverse Model KL ITE: 0.0344
2026-03-28 21:40:01 | DEBUG | sivi:base_runner.py:347| eval_w2 | Epoch 5290, VI W2 to baseline: 0.3122
2026-03-28 21:40:01 | DEBUG | sivi:base_reverse_runner.py:272| eval_w2 | Epoch 5290, Reverse Model W2: 0.0377
2026-03-28 21:40:01 | DEBUG | sivi:base_runner.py:477| eval_elbo | Epoch 5290, ELBO: 2.1023, Std Total: 39.9002, Std Q: nan, CI Half: 3.4974
2026-03-28 21:40:01 | DEBUG | sivi:base_runner.py:507| eval_ksd | Epoch 5290, VI KSD: 0.0076
2026-03-28 21:40:01 | DEBUG | sivi:base_runner.py:874| learn | Epoch 5300: Avg Loss: 0.0420, Avg Epoch Time: 0.0613s
2026-03-28 21:40:01 | DEBUG | sivi:base_runner.py:337| eval_kl_ite | Epoch 5300, VI KL to baseline: 0.0048
2026-03-28 21:40:01 | DEBUG | sivi:base_reverse_runner.py:261| eval_kl_ite | Epoch 5300, Reverse Model KL ITE: 0.0154
2026-03-28 21:40:02 | DEBUG | sivi:base_runner.py:347| eval_w2 | Epoch 5300, VI W2 to baseline: 0.2796
2026-03-28 21:40:02 | DEBUG | sivi:base_reverse_runner.py:272| eval_w2 | Epoch 5300, Reverse Model W2: 0.0479
2026-03-28 21:40:02 | DEBUG | sivi:base_runner.py:477| eval_elbo | Epoch 5300, ELBO: 0.4011, Std Total: 4.9788, Std Q: nan, CI Half: 0.4364
2026-03-28 21:40:02 | DEBUG | sivi:base_runner.py:507| eval_ksd | Epoch 5300, VI KSD: -0.0009
2026-03-28 21:40:02 | DEBUG | sivi:base_runner.py:337| eval_kl_ite | Epoch 5310, VI KL to baseline: 0.0030
2026-03-28 21:40:02 | DEBUG | sivi:base_reverse_runner.py:261| eval_kl_ite | Epoch 5310, Reverse Model KL ITE: 0.0183
2026-03-28 21:40:02 | DEBUG | sivi:base_runner.py:347| eval_w2 | Epoch 5310, VI W2 to baseline: 0.3128
2026-03-28 21:40:02 | DEBUG | sivi:base_reverse_runner.py:272| eval_w2 | Epoch 5310, Reverse Model W2: 0.0438
2026-03-28 21:40:02 | DEBUG | sivi:base_runner.py:477| eval_elbo | Epoch 5310, ELBO: 1.5634, Std Total: 26.0294, Std Q: nan, CI Half: 2.2816
2026-03-28 21:40:02 | DEBUG | sivi:base_runner.py:507| eval_ksd | Epoch 5310, VI KSD: -0.0042
2026-03-28 21:40:03 | DEBUG | sivi:base_runner.py:337| eval_kl_ite | Epoch 5320, VI KL to baseline: 0.0014
2026-03-28 21:40:03 | DEBUG | sivi:base_reverse_runner.py:261| eval_kl_ite | Epoch 5320, Reverse Model KL ITE: 0.0257
2026-03-28 21:40:03 | DEBUG | sivi:base_runner.py:347| eval_w2 | Epoch 5320, VI W2 to baseline: 0.3069
2026-03-28 21:40:03 | DEBUG | sivi:base_reverse_runner.py:272| eval_w2 | Epoch 5320, Reverse Model W2: 0.0395
2026-03-28 21:40:03 | DEBUG | sivi:base_runner.py:477| eval_elbo | Epoch 5320, ELBO: 1.8682, Std Total: 28.6981, Std Q: nan, CI Half: 2.5155
2026-03-28 21:40:03 | DEBUG | sivi:base_runner.py:507| eval_ksd | Epoch 5320, VI KSD: -0.0013
2026-03-28 21:40:03 | DEBUG | sivi:base_runner.py:337| eval_kl_ite | Epoch 5330, VI KL to baseline: 0.0150
2026-03-28 21:40:04 | DEBUG | sivi:base_reverse_runner.py:261| eval_kl_ite | Epoch 5330, Reverse Model KL ITE: -0.0047
2026-03-28 21:40:04 | DEBUG | sivi:base_runner.py:347| eval_w2 | Epoch 5330, VI W2 to baseline: 0.2907
2026-03-28 21:40:04 | DEBUG | sivi:base_reverse_runner.py:272| eval_w2 | Epoch 5330, Reverse Model W2: 0.0390
2026-03-28 21:40:04 | DEBUG | sivi:base_runner.py:477| eval_elbo | Epoch 5330, ELBO: 0.5086, Std Total: 9.1542, Std Q: nan, CI Half: 0.8024
2026-03-28 21:40:04 | DEBUG | sivi:base_runner.py:507| eval_ksd | Epoch 5330, VI KSD: -0.0001
2026-03-28 21:40:04 | DEBUG | sivi:base_runner.py:337| eval_kl_ite | Epoch 5340, VI KL to baseline: 0.0026
2026-03-28 21:40:04 | DEBUG | sivi:base_reverse_runner.py:261| eval_kl_ite | Epoch 5340, Reverse Model KL ITE: 0.0025
2026-03-28 21:40:04 | DEBUG | sivi:base_runner.py:347| eval_w2 | Epoch 5340, VI W2 to baseline: 0.3164
2026-03-28 21:40:04 | DEBUG | sivi:base_reverse_runner.py:272| eval_w2 | Epoch 5340, Reverse Model W2: 0.0445
2026-03-28 21:40:04 | DEBUG | sivi:base_runner.py:477| eval_elbo | Epoch 5340, ELBO: 3.5771, Std Total: 73.2551, Std Q: nan, CI Half: 6.4211
2026-03-28 21:40:04 | DEBUG | sivi:base_runner.py:507| eval_ksd | Epoch 5340, VI KSD: -0.0051
2026-03-28 21:40:05 | DEBUG | sivi:base_runner.py:337| eval_kl_ite | Epoch 5350, VI KL to baseline: 0.0237
2026-03-28 21:40:05 | DEBUG | sivi:base_reverse_runner.py:261| eval_kl_ite | Epoch 5350, Reverse Model KL ITE: -0.0036
2026-03-28 21:40:05 | DEBUG | sivi:base_runner.py:347| eval_w2 | Epoch 5350, VI W2 to baseline: 0.3006
2026-03-28 21:40:05 | DEBUG | sivi:base_reverse_runner.py:272| eval_w2 | Epoch 5350, Reverse Model W2: 0.0386
2026-03-28 21:40:05 | DEBUG | sivi:base_runner.py:477| eval_elbo | Epoch 5350, ELBO: 0.2269, Std Total: 2.3790, Std Q: nan, CI Half: 0.2085
2026-03-28 21:40:05 | DEBUG | sivi:base_runner.py:507| eval_ksd | Epoch 5350, VI KSD: -0.0033
2026-03-28 21:40:05 | DEBUG | sivi:base_runner.py:337| eval_kl_ite | Epoch 5360, VI KL to baseline: 0.0051
2026-03-28 21:40:06 | DEBUG | sivi:base_reverse_runner.py:261| eval_kl_ite | Epoch 5360, Reverse Model KL ITE: 0.0067
2026-03-28 21:40:06 | DEBUG | sivi:base_runner.py:347| eval_w2 | Epoch 5360, VI W2 to baseline: 0.3218
2026-03-28 21:40:06 | DEBUG | sivi:base_reverse_runner.py:272| eval_w2 | Epoch 5360, Reverse Model W2: 0.0504
2026-03-28 21:40:06 | DEBUG | sivi:base_runner.py:477| eval_elbo | Epoch 5360, ELBO: 2.7288, Std Total: 37.4847, Std Q: nan, CI Half: 3.2857
2026-03-28 21:40:06 | DEBUG | sivi:base_runner.py:507| eval_ksd | Epoch 5360, VI KSD: 0.0034
2026-03-28 21:40:06 | DEBUG | sivi:base_runner.py:337| eval_kl_ite | Epoch 5370, VI KL to baseline: 0.0180
2026-03-28 21:40:06 | DEBUG | sivi:base_reverse_runner.py:261| eval_kl_ite | Epoch 5370, Reverse Model KL ITE: 0.0019
2026-03-28 21:40:06 | DEBUG | sivi:base_runner.py:347| eval_w2 | Epoch 5370, VI W2 to baseline: 0.2927
2026-03-28 21:40:06 | DEBUG | sivi:base_reverse_runner.py:272| eval_w2 | Epoch 5370, Reverse Model W2: 0.0403
2026-03-28 21:40:06 | DEBUG | sivi:base_runner.py:477| eval_elbo | Epoch 5370, ELBO: 0.2298, Std Total: 2.0550, Std Q: nan, CI Half: 0.1801
2026-03-28 21:40:06 | DEBUG | sivi:base_runner.py:507| eval_ksd | Epoch 5370, VI KSD: -0.0049
2026-03-28 21:40:07 | DEBUG | sivi:base_runner.py:337| eval_kl_ite | Epoch 5380, VI KL to baseline: -0.0061
2026-03-28 21:40:07 | DEBUG | sivi:base_reverse_runner.py:261| eval_kl_ite | Epoch 5380, Reverse Model KL ITE: -0.0024
2026-03-28 21:40:07 | DEBUG | sivi:base_runner.py:347| eval_w2 | Epoch 5380, VI W2 to baseline: 0.3055
2026-03-28 21:40:07 | DEBUG | sivi:base_reverse_runner.py:272| eval_w2 | Epoch 5380, Reverse Model W2: 0.0410
2026-03-28 21:40:07 | DEBUG | sivi:base_runner.py:477| eval_elbo | Epoch 5380, ELBO: 1.3128, Std Total: 13.9659, Std Q: nan, CI Half: 1.2242
2026-03-28 21:40:07 | DEBUG | sivi:base_runner.py:507| eval_ksd | Epoch 5380, VI KSD: -0.0002
2026-03-28 21:40:07 | DEBUG | sivi:base_runner.py:337| eval_kl_ite | Epoch 5390, VI KL to baseline: 0.0087
2026-03-28 21:40:07 | DEBUG | sivi:base_reverse_runner.py:261| eval_kl_ite | Epoch 5390, Reverse Model KL ITE: 0.0038
2026-03-28 21:40:07 | DEBUG | sivi:base_runner.py:347| eval_w2 | Epoch 5390, VI W2 to baseline: 0.3163
2026-03-28 21:40:07 | DEBUG | sivi:base_reverse_runner.py:272| eval_w2 | Epoch 5390, Reverse Model W2: 0.0419
2026-03-28 21:40:07 | DEBUG | sivi:base_runner.py:477| eval_elbo | Epoch 5390, ELBO: 0.4101, Std Total: 5.4176, Std Q: nan, CI Half: 0.4749
2026-03-28 21:40:07 | DEBUG | sivi:base_runner.py:507| eval_ksd | Epoch 5390, VI KSD: 0.0256
2026-03-28 21:40:08 | DEBUG | sivi:base_runner.py:874| learn | Epoch 5400: Avg Loss: 0.0041, Avg Epoch Time: 0.0658s
2026-03-28 21:40:08 | DEBUG | sivi:base_runner.py:337| eval_kl_ite | Epoch 5400, VI KL to baseline: 0.0136
2026-03-28 21:40:08 | DEBUG | sivi:base_reverse_runner.py:261| eval_kl_ite | Epoch 5400, Reverse Model KL ITE: 0.0083
2026-03-28 21:40:08 | DEBUG | sivi:base_runner.py:347| eval_w2 | Epoch 5400, VI W2 to baseline: 0.2981
2026-03-28 21:40:08 | DEBUG | sivi:base_reverse_runner.py:272| eval_w2 | Epoch 5400, Reverse Model W2: 0.0357
2026-03-28 21:40:08 | DEBUG | sivi:base_runner.py:477| eval_elbo | Epoch 5400, ELBO: 0.8643, Std Total: 9.2491, Std Q: nan, CI Half: 0.8107
2026-03-28 21:40:08 | DEBUG | sivi:base_runner.py:507| eval_ksd | Epoch 5400, VI KSD: -0.0011
2026-03-28 21:40:09 | DEBUG | sivi:base_runner.py:337| eval_kl_ite | Epoch 5410, VI KL to baseline: 0.0135
2026-03-28 21:40:09 | DEBUG | sivi:base_reverse_runner.py:261| eval_kl_ite | Epoch 5410, Reverse Model KL ITE: 0.0059
2026-03-28 21:40:09 | DEBUG | sivi:base_runner.py:347| eval_w2 | Epoch 5410, VI W2 to baseline: 0.3171
2026-03-28 21:40:09 | DEBUG | sivi:base_reverse_runner.py:272| eval_w2 | Epoch 5410, Reverse Model W2: 0.0510
2026-03-28 21:40:09 | DEBUG | sivi:base_runner.py:477| eval_elbo | Epoch 5410, ELBO: 1.7303, Std Total: 17.8248, Std Q: nan, CI Half: 1.5624
2026-03-28 21:40:09 | DEBUG | sivi:base_runner.py:507| eval_ksd | Epoch 5410, VI KSD: 0.0000
2026-03-28 21:40:09 | DEBUG | sivi:base_runner.py:337| eval_kl_ite | Epoch 5420, VI KL to baseline: 0.0104
2026-03-28 21:40:09 | DEBUG | sivi:base_reverse_runner.py:261| eval_kl_ite | Epoch 5420, Reverse Model KL ITE: 0.0240
2026-03-28 21:40:09 | DEBUG | sivi:base_runner.py:347| eval_w2 | Epoch 5420, VI W2 to baseline: 0.3081
2026-03-28 21:40:09 | DEBUG | sivi:base_reverse_runner.py:272| eval_w2 | Epoch 5420, Reverse Model W2: 0.0364
2026-03-28 21:40:09 | DEBUG | sivi:base_runner.py:477| eval_elbo | Epoch 5420, ELBO: 0.2346, Std Total: 3.4010, Std Q: nan, CI Half: 0.2981
2026-03-28 21:40:09 | DEBUG | sivi:base_runner.py:507| eval_ksd | Epoch 5420, VI KSD: 0.0080
2026-03-28 21:40:10 | DEBUG | sivi:base_runner.py:337| eval_kl_ite | Epoch 5430, VI KL to baseline: 0.0042
2026-03-28 21:40:10 | DEBUG | sivi:base_reverse_runner.py:261| eval_kl_ite | Epoch 5430, Reverse Model KL ITE: 0.0263
2026-03-28 21:40:10 | DEBUG | sivi:base_runner.py:347| eval_w2 | Epoch 5430, VI W2 to baseline: 0.3142
2026-03-28 21:40:10 | DEBUG | sivi:base_reverse_runner.py:272| eval_w2 | Epoch 5430, Reverse Model W2: 0.0388
2026-03-28 21:40:10 | DEBUG | sivi:base_runner.py:477| eval_elbo | Epoch 5430, ELBO: 0.2755, Std Total: 3.7249, Std Q: nan, CI Half: 0.3265
2026-03-28 21:40:10 | DEBUG | sivi:base_runner.py:507| eval_ksd | Epoch 5430, VI KSD: 0.0036
2026-03-28 21:40:10 | DEBUG | sivi:base_runner.py:337| eval_kl_ite | Epoch 5440, VI KL to baseline: 0.0164
2026-03-28 21:40:10 | DEBUG | sivi:base_reverse_runner.py:261| eval_kl_ite | Epoch 5440, Reverse Model KL ITE: 0.0266
2026-03-28 21:40:11 | DEBUG | sivi:base_runner.py:347| eval_w2 | Epoch 5440, VI W2 to baseline: 0.3085
2026-03-28 21:40:11 | DEBUG | sivi:base_reverse_runner.py:272| eval_w2 | Epoch 5440, Reverse Model W2: 0.0391
2026-03-28 21:40:11 | DEBUG | sivi:base_runner.py:477| eval_elbo | Epoch 5440, ELBO: 1.9064, Std Total: 16.5963, Std Q: nan, CI Half: 1.4547
2026-03-28 21:40:11 | DEBUG | sivi:base_runner.py:507| eval_ksd | Epoch 5440, VI KSD: -0.0012
2026-03-28 21:40:11 | DEBUG | sivi:base_runner.py:337| eval_kl_ite | Epoch 5450, VI KL to baseline: 0.0037
2026-03-28 21:40:11 | DEBUG | sivi:base_reverse_runner.py:261| eval_kl_ite | Epoch 5450, Reverse Model KL ITE: 0.0027
2026-03-28 21:40:11 | DEBUG | sivi:base_runner.py:347| eval_w2 | Epoch 5450, VI W2 to baseline: 0.2986
2026-03-28 21:40:11 | DEBUG | sivi:base_reverse_runner.py:272| eval_w2 | Epoch 5450, Reverse Model W2: 0.0382
2026-03-28 21:40:11 | DEBUG | sivi:base_runner.py:477| eval_elbo | Epoch 5450, ELBO: 0.4344, Std Total: 5.8127, Std Q: nan, CI Half: 0.5095
2026-03-28 21:40:11 | DEBUG | sivi:base_runner.py:507| eval_ksd | Epoch 5450, VI KSD: 0.0005
2026-03-28 21:40:12 | DEBUG | sivi:base_runner.py:337| eval_kl_ite | Epoch 5460, VI KL to baseline: 0.0136
2026-03-28 21:40:12 | DEBUG | sivi:base_reverse_runner.py:261| eval_kl_ite | Epoch 5460, Reverse Model KL ITE: 0.0127
2026-03-28 21:40:12 | DEBUG | sivi:base_runner.py:347| eval_w2 | Epoch 5460, VI W2 to baseline: 0.2913
2026-03-28 21:40:12 | DEBUG | sivi:base_reverse_runner.py:272| eval_w2 | Epoch 5460, Reverse Model W2: 0.0359
2026-03-28 21:40:12 | DEBUG | sivi:base_runner.py:477| eval_elbo | Epoch 5460, ELBO: 2.4667, Std Total: 35.7747, Std Q: nan, CI Half: 3.1358
2026-03-28 21:40:12 | DEBUG | sivi:base_runner.py:507| eval_ksd | Epoch 5460, VI KSD: 0.0045
2026-03-28 21:40:12 | DEBUG | sivi:base_runner.py:337| eval_kl_ite | Epoch 5470, VI KL to baseline: 0.0262
2026-03-28 21:40:12 | DEBUG | sivi:base_reverse_runner.py:261| eval_kl_ite | Epoch 5470, Reverse Model KL ITE: -0.0021
2026-03-28 21:40:12 | DEBUG | sivi:base_runner.py:347| eval_w2 | Epoch 5470, VI W2 to baseline: 0.3098
2026-03-28 21:40:12 | DEBUG | sivi:base_reverse_runner.py:272| eval_w2 | Epoch 5470, Reverse Model W2: 0.0345
2026-03-28 21:40:12 | DEBUG | sivi:base_runner.py:477| eval_elbo | Epoch 5470, ELBO: 0.3112, Std Total: 4.3612, Std Q: nan, CI Half: 0.3823
2026-03-28 21:40:12 | DEBUG | sivi:base_runner.py:507| eval_ksd | Epoch 5470, VI KSD: 0.0044
2026-03-28 21:40:13 | DEBUG | sivi:base_runner.py:337| eval_kl_ite | Epoch 5480, VI KL to baseline: 0.0163
2026-03-28 21:40:13 | DEBUG | sivi:base_reverse_runner.py:261| eval_kl_ite | Epoch 5480, Reverse Model KL ITE: 0.0066
2026-03-28 21:40:13 | DEBUG | sivi:base_runner.py:347| eval_w2 | Epoch 5480, VI W2 to baseline: 0.2973
2026-03-28 21:40:13 | DEBUG | sivi:base_reverse_runner.py:272| eval_w2 | Epoch 5480, Reverse Model W2: 0.0409
2026-03-28 21:40:13 | DEBUG | sivi:base_runner.py:477| eval_elbo | Epoch 5480, ELBO: 2.9455, Std Total: 41.0122, Std Q: nan, CI Half: 3.5949
2026-03-28 21:40:13 | DEBUG | sivi:base_runner.py:507| eval_ksd | Epoch 5480, VI KSD: 0.0052
2026-03-28 21:40:13 | DEBUG | sivi:base_runner.py:337| eval_kl_ite | Epoch 5490, VI KL to baseline: 0.0244
2026-03-28 21:40:13 | DEBUG | sivi:base_reverse_runner.py:261| eval_kl_ite | Epoch 5490, Reverse Model KL ITE: 0.0369
2026-03-28 21:40:13 | DEBUG | sivi:base_runner.py:347| eval_w2 | Epoch 5490, VI W2 to baseline: 0.2957
2026-03-28 21:40:13 | DEBUG | sivi:base_reverse_runner.py:272| eval_w2 | Epoch 5490, Reverse Model W2: 0.0434
2026-03-28 21:40:13 | DEBUG | sivi:base_runner.py:477| eval_elbo | Epoch 5490, ELBO: 0.3857, Std Total: 7.3818, Std Q: nan, CI Half: 0.6470
2026-03-28 21:40:13 | DEBUG | sivi:base_runner.py:507| eval_ksd | Epoch 5490, VI KSD: 0.0042
2026-03-28 21:40:14 | DEBUG | sivi:base_runner.py:874| learn | Epoch 5500: Avg Loss: 0.0102, Avg Epoch Time: 0.0588s
2026-03-28 21:40:14 | DEBUG | sivi:base_reverse_runner.py:183| _training_rev_log_func | Epoch 5500, Inner epoch 1, Reverse Model Loss: 2.9383, Avg Steps: 1.0000
2026-03-28 21:40:14 | DEBUG | sivi:base_runner.py:588| save_samples | Saved 100000 samples at epoch 5500.
2026-03-28 21:40:14 | DEBUG | sivi:base_runner.py:337| eval_kl_ite | Epoch 5500, VI KL to baseline: 0.0180
2026-03-28 21:40:14 | DEBUG | sivi:base_reverse_runner.py:261| eval_kl_ite | Epoch 5500, Reverse Model KL ITE: 0.0109
2026-03-28 21:40:14 | DEBUG | sivi:base_runner.py:347| eval_w2 | Epoch 5500, VI W2 to baseline: 0.3002
2026-03-28 21:40:14 | DEBUG | sivi:base_reverse_runner.py:272| eval_w2 | Epoch 5500, Reverse Model W2: 0.0424
2026-03-28 21:40:14 | DEBUG | sivi:base_runner.py:477| eval_elbo | Epoch 5500, ELBO: 0.2894, Std Total: 3.3431, Std Q: nan, CI Half: 0.2930
2026-03-28 21:40:14 | DEBUG | sivi:base_runner.py:507| eval_ksd | Epoch 5500, VI KSD: 0.0019
2026-03-28 21:40:14 | DEBUG | sivi:base_runner.py:970| learn | Saved contour plot at epoch 5500.
2026-03-28 21:40:15 | DEBUG | sivi:base_runner.py:337| eval_kl_ite | Epoch 5510, VI KL to baseline: 0.0161
2026-03-28 21:40:15 | DEBUG | sivi:base_reverse_runner.py:261| eval_kl_ite | Epoch 5510, Reverse Model KL ITE: -0.0092
2026-03-28 21:40:15 | DEBUG | sivi:base_runner.py:347| eval_w2 | Epoch 5510, VI W2 to baseline: 0.2989
2026-03-28 21:40:15 | DEBUG | sivi:base_reverse_runner.py:272| eval_w2 | Epoch 5510, Reverse Model W2: 0.0393
2026-03-28 21:40:15 | DEBUG | sivi:base_runner.py:477| eval_elbo | Epoch 5510, ELBO: 0.3597, Std Total: 4.6247, Std Q: nan, CI Half: 0.4054
2026-03-28 21:40:15 | DEBUG | sivi:base_runner.py:507| eval_ksd | Epoch 5510, VI KSD: -0.0012
2026-03-28 21:40:15 | DEBUG | sivi:base_runner.py:337| eval_kl_ite | Epoch 5520, VI KL to baseline: 0.0082
2026-03-28 21:40:15 | DEBUG | sivi:base_reverse_runner.py:261| eval_kl_ite | Epoch 5520, Reverse Model KL ITE: 0.0242
2026-03-28 21:40:15 | DEBUG | sivi:base_runner.py:347| eval_w2 | Epoch 5520, VI W2 to baseline: 0.3136
2026-03-28 21:40:15 | DEBUG | sivi:base_reverse_runner.py:272| eval_w2 | Epoch 5520, Reverse Model W2: 0.0545
2026-03-28 21:40:15 | DEBUG | sivi:base_runner.py:477| eval_elbo | Epoch 5520, ELBO: 0.1692, Std Total: 1.8937, Std Q: nan, CI Half: 0.1660
2026-03-28 21:40:15 | DEBUG | sivi:base_runner.py:507| eval_ksd | Epoch 5520, VI KSD: 0.0011
2026-03-28 21:40:16 | DEBUG | sivi:base_runner.py:337| eval_kl_ite | Epoch 5530, VI KL to baseline: 0.0042
2026-03-28 21:40:16 | DEBUG | sivi:base_reverse_runner.py:261| eval_kl_ite | Epoch 5530, Reverse Model KL ITE: 0.0070
2026-03-28 21:40:16 | DEBUG | sivi:base_runner.py:347| eval_w2 | Epoch 5530, VI W2 to baseline: 0.2996
2026-03-28 21:40:16 | DEBUG | sivi:base_reverse_runner.py:272| eval_w2 | Epoch 5530, Reverse Model W2: 0.0421
2026-03-28 21:40:16 | DEBUG | sivi:base_runner.py:477| eval_elbo | Epoch 5530, ELBO: 1.3635, Std Total: 14.3213, Std Q: nan, CI Half: 1.2553
2026-03-28 21:40:16 | DEBUG | sivi:base_runner.py:507| eval_ksd | Epoch 5530, VI KSD: 0.0052
2026-03-28 21:40:16 | DEBUG | sivi:base_runner.py:337| eval_kl_ite | Epoch 5540, VI KL to baseline: 0.0244
2026-03-28 21:40:16 | DEBUG | sivi:base_reverse_runner.py:261| eval_kl_ite | Epoch 5540, Reverse Model KL ITE: 0.0008
2026-03-28 21:40:16 | DEBUG | sivi:base_runner.py:347| eval_w2 | Epoch 5540, VI W2 to baseline: 0.2992
2026-03-28 21:40:16 | DEBUG | sivi:base_reverse_runner.py:272| eval_w2 | Epoch 5540, Reverse Model W2: 0.0454
2026-03-28 21:40:16 | DEBUG | sivi:base_runner.py:477| eval_elbo | Epoch 5540, ELBO: 1.0320, Std Total: 17.4316, Std Q: nan, CI Half: 1.5279
2026-03-28 21:40:16 | DEBUG | sivi:base_runner.py:507| eval_ksd | Epoch 5540, VI KSD: -0.0022
2026-03-28 21:40:17 | DEBUG | sivi:base_runner.py:337| eval_kl_ite | Epoch 5550, VI KL to baseline: 0.0188
2026-03-28 21:40:17 | DEBUG | sivi:base_reverse_runner.py:261| eval_kl_ite | Epoch 5550, Reverse Model KL ITE: -0.0015
2026-03-28 21:40:17 | DEBUG | sivi:base_runner.py:347| eval_w2 | Epoch 5550, VI W2 to baseline: 0.3123
2026-03-28 21:40:17 | DEBUG | sivi:base_reverse_runner.py:272| eval_w2 | Epoch 5550, Reverse Model W2: 0.0406
2026-03-28 21:40:17 | DEBUG | sivi:base_runner.py:477| eval_elbo | Epoch 5550, ELBO: 5.2035, Std Total: 60.3415, Std Q: nan, CI Half: 5.2892
2026-03-28 21:40:17 | DEBUG | sivi:base_runner.py:507| eval_ksd | Epoch 5550, VI KSD: 0.0009
2026-03-28 21:40:18 | DEBUG | sivi:base_runner.py:337| eval_kl_ite | Epoch 5560, VI KL to baseline: 0.0165
2026-03-28 21:40:18 | DEBUG | sivi:base_reverse_runner.py:261| eval_kl_ite | Epoch 5560, Reverse Model KL ITE: 0.0166
2026-03-28 21:40:18 | DEBUG | sivi:base_runner.py:347| eval_w2 | Epoch 5560, VI W2 to baseline: 0.2921
2026-03-28 21:40:18 | DEBUG | sivi:base_reverse_runner.py:272| eval_w2 | Epoch 5560, Reverse Model W2: 0.0503
2026-03-28 21:40:18 | DEBUG | sivi:base_runner.py:477| eval_elbo | Epoch 5560, ELBO: 0.8473, Std Total: 6.8788, Std Q: nan, CI Half: 0.6030
2026-03-28 21:40:18 | DEBUG | sivi:base_runner.py:507| eval_ksd | Epoch 5560, VI KSD: 0.0052
2026-03-28 21:40:18 | DEBUG | sivi:base_runner.py:337| eval_kl_ite | Epoch 5570, VI KL to baseline: 0.0156
2026-03-28 21:40:18 | DEBUG | sivi:base_reverse_runner.py:261| eval_kl_ite | Epoch 5570, Reverse Model KL ITE: 0.0103
2026-03-28 21:40:18 | DEBUG | sivi:base_runner.py:347| eval_w2 | Epoch 5570, VI W2 to baseline: 0.3219
2026-03-28 21:40:18 | DEBUG | sivi:base_reverse_runner.py:272| eval_w2 | Epoch 5570, Reverse Model W2: 0.0347
2026-03-28 21:40:18 | DEBUG | sivi:base_runner.py:477| eval_elbo | Epoch 5570, ELBO: 1.3403, Std Total: 18.7660, Std Q: nan, CI Half: 1.6449
2026-03-28 21:40:18 | DEBUG | sivi:base_runner.py:507| eval_ksd | Epoch 5570, VI KSD: 0.0028
2026-03-28 21:40:19 | DEBUG | sivi:base_runner.py:337| eval_kl_ite | Epoch 5580, VI KL to baseline: 0.0021
2026-03-28 21:40:19 | DEBUG | sivi:base_reverse_runner.py:261| eval_kl_ite | Epoch 5580, Reverse Model KL ITE: 0.0132
2026-03-28 21:40:19 | DEBUG | sivi:base_runner.py:347| eval_w2 | Epoch 5580, VI W2 to baseline: 0.3004
2026-03-28 21:40:19 | DEBUG | sivi:base_reverse_runner.py:272| eval_w2 | Epoch 5580, Reverse Model W2: 0.0553
2026-03-28 21:40:19 | DEBUG | sivi:base_runner.py:477| eval_elbo | Epoch 5580, ELBO: 0.2468, Std Total: 3.0276, Std Q: nan, CI Half: 0.2654
2026-03-28 21:40:19 | DEBUG | sivi:base_runner.py:507| eval_ksd | Epoch 5580, VI KSD: 0.0094
2026-03-28 21:40:19 | DEBUG | sivi:base_runner.py:337| eval_kl_ite | Epoch 5590, VI KL to baseline: 0.0214
2026-03-28 21:40:19 | DEBUG | sivi:base_reverse_runner.py:261| eval_kl_ite | Epoch 5590, Reverse Model KL ITE: -0.0038
2026-03-28 21:40:19 | DEBUG | sivi:base_runner.py:347| eval_w2 | Epoch 5590, VI W2 to baseline: 0.2824
2026-03-28 21:40:19 | DEBUG | sivi:base_reverse_runner.py:272| eval_w2 | Epoch 5590, Reverse Model W2: 0.0359
2026-03-28 21:40:19 | DEBUG | sivi:base_runner.py:477| eval_elbo | Epoch 5590, ELBO: 3.5244, Std Total: 47.2625, Std Q: nan, CI Half: 4.1427
2026-03-28 21:40:19 | DEBUG | sivi:base_runner.py:507| eval_ksd | Epoch 5590, VI KSD: -0.0019
2026-03-28 21:40:20 | DEBUG | sivi:base_runner.py:874| learn | Epoch 5600: Avg Loss: -0.0052, Avg Epoch Time: 0.0593s
2026-03-28 21:40:20 | DEBUG | sivi:base_runner.py:337| eval_kl_ite | Epoch 5600, VI KL to baseline: 0.0155
2026-03-28 21:40:20 | DEBUG | sivi:base_reverse_runner.py:261| eval_kl_ite | Epoch 5600, Reverse Model KL ITE: 0.0119
2026-03-28 21:40:20 | DEBUG | sivi:base_runner.py:347| eval_w2 | Epoch 5600, VI W2 to baseline: 0.2982
2026-03-28 21:40:20 | DEBUG | sivi:base_reverse_runner.py:272| eval_w2 | Epoch 5600, Reverse Model W2: 0.0393
2026-03-28 21:40:20 | DEBUG | sivi:base_runner.py:477| eval_elbo | Epoch 5600, ELBO: 0.9007, Std Total: 10.7780, Std Q: nan, CI Half: 0.9447
2026-03-28 21:40:20 | DEBUG | sivi:base_runner.py:507| eval_ksd | Epoch 5600, VI KSD: 0.0179
2026-03-28 21:40:20 | DEBUG | sivi:base_runner.py:337| eval_kl_ite | Epoch 5610, VI KL to baseline: 0.0128
2026-03-28 21:40:20 | DEBUG | sivi:base_reverse_runner.py:261| eval_kl_ite | Epoch 5610, Reverse Model KL ITE: 0.0155
2026-03-28 21:40:20 | DEBUG | sivi:base_runner.py:347| eval_w2 | Epoch 5610, VI W2 to baseline: 0.2979
2026-03-28 21:40:20 | DEBUG | sivi:base_reverse_runner.py:272| eval_w2 | Epoch 5610, Reverse Model W2: 0.0353
2026-03-28 21:40:20 | DEBUG | sivi:base_runner.py:477| eval_elbo | Epoch 5610, ELBO: 0.3499, Std Total: 3.5678, Std Q: nan, CI Half: 0.3127
2026-03-28 21:40:20 | DEBUG | sivi:base_runner.py:507| eval_ksd | Epoch 5610, VI KSD: -0.0008
2026-03-28 21:40:21 | DEBUG | sivi:base_runner.py:337| eval_kl_ite | Epoch 5620, VI KL to baseline: 0.0006
2026-03-28 21:40:21 | DEBUG | sivi:base_reverse_runner.py:261| eval_kl_ite | Epoch 5620, Reverse Model KL ITE: -0.0029
2026-03-28 21:40:21 | DEBUG | sivi:base_runner.py:347| eval_w2 | Epoch 5620, VI W2 to baseline: 0.2887
2026-03-28 21:40:21 | DEBUG | sivi:base_reverse_runner.py:272| eval_w2 | Epoch 5620, Reverse Model W2: 0.0507
2026-03-28 21:40:21 | DEBUG | sivi:base_runner.py:477| eval_elbo | Epoch 5620, ELBO: 3.3405, Std Total: 38.0411, Std Q: nan, CI Half: 3.3344
2026-03-28 21:40:21 | DEBUG | sivi:base_runner.py:507| eval_ksd | Epoch 5620, VI KSD: 0.0015
2026-03-28 21:40:22 | DEBUG | sivi:base_runner.py:337| eval_kl_ite | Epoch 5630, VI KL to baseline: 0.0192
2026-03-28 21:40:22 | DEBUG | sivi:base_reverse_runner.py:261| eval_kl_ite | Epoch 5630, Reverse Model KL ITE: 0.0106
2026-03-28 21:40:22 | DEBUG | sivi:base_runner.py:347| eval_w2 | Epoch 5630, VI W2 to baseline: 0.3139
2026-03-28 21:40:22 | DEBUG | sivi:base_reverse_runner.py:272| eval_w2 | Epoch 5630, Reverse Model W2: 0.0345
2026-03-28 21:40:22 | DEBUG | sivi:base_runner.py:477| eval_elbo | Epoch 5630, ELBO: 0.4800, Std Total: 6.0560, Std Q: nan, CI Half: 0.5308
2026-03-28 21:40:22 | DEBUG | sivi:base_runner.py:507| eval_ksd | Epoch 5630, VI KSD: 0.0016
2026-03-28 21:40:22 | DEBUG | sivi:base_runner.py:337| eval_kl_ite | Epoch 5640, VI KL to baseline: 0.0232
2026-03-28 21:40:22 | DEBUG | sivi:base_reverse_runner.py:261| eval_kl_ite | Epoch 5640, Reverse Model KL ITE: 0.0278
2026-03-28 21:40:22 | DEBUG | sivi:base_runner.py:347| eval_w2 | Epoch 5640, VI W2 to baseline: 0.3006
2026-03-28 21:40:22 | DEBUG | sivi:base_reverse_runner.py:272| eval_w2 | Epoch 5640, Reverse Model W2: 0.0302
2026-03-28 21:40:22 | DEBUG | sivi:base_runner.py:477| eval_elbo | Epoch 5640, ELBO: 3.1063, Std Total: 44.0149, Std Q: nan, CI Half: 3.8581
2026-03-28 21:40:22 | DEBUG | sivi:base_runner.py:507| eval_ksd | Epoch 5640, VI KSD: -0.0048
2026-03-28 21:40:23 | DEBUG | sivi:base_runner.py:337| eval_kl_ite | Epoch 5650, VI KL to baseline: 0.0058
2026-03-28 21:40:23 | DEBUG | sivi:base_reverse_runner.py:261| eval_kl_ite | Epoch 5650, Reverse Model KL ITE: 0.0104
2026-03-28 21:40:23 | DEBUG | sivi:base_runner.py:347| eval_w2 | Epoch 5650, VI W2 to baseline: 0.2909
2026-03-28 21:40:23 | DEBUG | sivi:base_reverse_runner.py:272| eval_w2 | Epoch 5650, Reverse Model W2: 0.0395
2026-03-28 21:40:23 | DEBUG | sivi:base_runner.py:477| eval_elbo | Epoch 5650, ELBO: 1.0859, Std Total: 16.5824, Std Q: nan, CI Half: 1.4535
2026-03-28 21:40:23 | DEBUG | sivi:base_runner.py:507| eval_ksd | Epoch 5650, VI KSD: -0.0030
2026-03-28 21:40:23 | DEBUG | sivi:base_runner.py:337| eval_kl_ite | Epoch 5660, VI KL to baseline: 0.0017
2026-03-28 21:40:24 | DEBUG | sivi:base_reverse_runner.py:261| eval_kl_ite | Epoch 5660, Reverse Model KL ITE: 0.0252
2026-03-28 21:40:24 | DEBUG | sivi:base_runner.py:347| eval_w2 | Epoch 5660, VI W2 to baseline: 0.3295
2026-03-28 21:40:24 | DEBUG | sivi:base_reverse_runner.py:272| eval_w2 | Epoch 5660, Reverse Model W2: 0.0370
2026-03-28 21:40:24 | DEBUG | sivi:base_runner.py:477| eval_elbo | Epoch 5660, ELBO: 1.0159, Std Total: 11.9189, Std Q: nan, CI Half: 1.0447
2026-03-28 21:40:24 | DEBUG | sivi:base_runner.py:507| eval_ksd | Epoch 5660, VI KSD: 0.0050
2026-03-28 21:40:24 | DEBUG | sivi:base_runner.py:337| eval_kl_ite | Epoch 5670, VI KL to baseline: 0.0169
2026-03-28 21:40:24 | DEBUG | sivi:base_reverse_runner.py:261| eval_kl_ite | Epoch 5670, Reverse Model KL ITE: 0.0247
2026-03-28 21:40:24 | DEBUG | sivi:base_runner.py:347| eval_w2 | Epoch 5670, VI W2 to baseline: 0.2806
2026-03-28 21:40:24 | DEBUG | sivi:base_reverse_runner.py:272| eval_w2 | Epoch 5670, Reverse Model W2: 0.0409
2026-03-28 21:40:24 | DEBUG | sivi:base_runner.py:477| eval_elbo | Epoch 5670, ELBO: 0.5827, Std Total: 6.3391, Std Q: nan, CI Half: 0.5556
2026-03-28 21:40:24 | DEBUG | sivi:base_runner.py:507| eval_ksd | Epoch 5670, VI KSD: -0.0032
2026-03-28 21:40:25 | DEBUG | sivi:base_runner.py:337| eval_kl_ite | Epoch 5680, VI KL to baseline: 0.0286
2026-03-28 21:40:25 | DEBUG | sivi:base_reverse_runner.py:261| eval_kl_ite | Epoch 5680, Reverse Model KL ITE: -0.0091
2026-03-28 21:40:25 | DEBUG | sivi:base_runner.py:347| eval_w2 | Epoch 5680, VI W2 to baseline: 0.3146
2026-03-28 21:40:25 | DEBUG | sivi:base_reverse_runner.py:272| eval_w2 | Epoch 5680, Reverse Model W2: 0.0402
2026-03-28 21:40:25 | DEBUG | sivi:base_runner.py:477| eval_elbo | Epoch 5680, ELBO: 0.3610, Std Total: 4.0879, Std Q: nan, CI Half: 0.3583
2026-03-28 21:40:25 | DEBUG | sivi:base_runner.py:507| eval_ksd | Epoch 5680, VI KSD: -0.0068
2026-03-28 21:40:25 | DEBUG | sivi:base_runner.py:337| eval_kl_ite | Epoch 5690, VI KL to baseline: 0.0053
2026-03-28 21:40:25 | DEBUG | sivi:base_reverse_runner.py:261| eval_kl_ite | Epoch 5690, Reverse Model KL ITE: 0.0319
2026-03-28 21:40:25 | DEBUG | sivi:base_runner.py:347| eval_w2 | Epoch 5690, VI W2 to baseline: 0.3005
2026-03-28 21:40:25 | DEBUG | sivi:base_reverse_runner.py:272| eval_w2 | Epoch 5690, Reverse Model W2: 0.0477
2026-03-28 21:40:25 | DEBUG | sivi:base_runner.py:477| eval_elbo | Epoch 5690, ELBO: 0.7205, Std Total: 11.3618, Std Q: nan, CI Half: 0.9959
2026-03-28 21:40:25 | DEBUG | sivi:base_runner.py:507| eval_ksd | Epoch 5690, VI KSD: -0.0093
2026-03-28 21:40:26 | DEBUG | sivi:base_runner.py:874| learn | Epoch 5700: Avg Loss: 0.0179, Avg Epoch Time: 0.0613s
2026-03-28 21:40:26 | DEBUG | sivi:base_runner.py:337| eval_kl_ite | Epoch 5700, VI KL to baseline: 0.0183
2026-03-28 21:40:26 | DEBUG | sivi:base_reverse_runner.py:261| eval_kl_ite | Epoch 5700, Reverse Model KL ITE: 0.0006
2026-03-28 21:40:26 | DEBUG | sivi:base_runner.py:347| eval_w2 | Epoch 5700, VI W2 to baseline: 0.3057
2026-03-28 21:40:26 | DEBUG | sivi:base_reverse_runner.py:272| eval_w2 | Epoch 5700, Reverse Model W2: 0.0391
2026-03-28 21:40:26 | DEBUG | sivi:base_runner.py:477| eval_elbo | Epoch 5700, ELBO: 2.4822, Std Total: 29.2271, Std Q: nan, CI Half: 2.5619
2026-03-28 21:40:26 | DEBUG | sivi:base_runner.py:507| eval_ksd | Epoch 5700, VI KSD: -0.0011
2026-03-28 21:40:27 | DEBUG | sivi:base_runner.py:337| eval_kl_ite | Epoch 5710, VI KL to baseline: 0.0195
2026-03-28 21:40:27 | DEBUG | sivi:base_reverse_runner.py:261| eval_kl_ite | Epoch 5710, Reverse Model KL ITE: -0.0113
2026-03-28 21:40:27 | DEBUG | sivi:base_runner.py:347| eval_w2 | Epoch 5710, VI W2 to baseline: 0.2913
2026-03-28 21:40:27 | DEBUG | sivi:base_reverse_runner.py:272| eval_w2 | Epoch 5710, Reverse Model W2: 0.0321
2026-03-28 21:40:27 | DEBUG | sivi:base_runner.py:477| eval_elbo | Epoch 5710, ELBO: 1.9895, Std Total: 32.2970, Std Q: nan, CI Half: 2.8310
2026-03-28 21:40:27 | DEBUG | sivi:base_runner.py:507| eval_ksd | Epoch 5710, VI KSD: -0.0010
2026-03-28 21:40:27 | DEBUG | sivi:base_runner.py:337| eval_kl_ite | Epoch 5720, VI KL to baseline: 0.0216
2026-03-28 21:40:27 | DEBUG | sivi:base_reverse_runner.py:261| eval_kl_ite | Epoch 5720, Reverse Model KL ITE: -0.0049
2026-03-28 21:40:27 | DEBUG | sivi:base_runner.py:347| eval_w2 | Epoch 5720, VI W2 to baseline: 0.3255
2026-03-28 21:40:27 | DEBUG | sivi:base_reverse_runner.py:272| eval_w2 | Epoch 5720, Reverse Model W2: 0.0362
2026-03-28 21:40:27 | DEBUG | sivi:base_runner.py:477| eval_elbo | Epoch 5720, ELBO: 1.4136, Std Total: 22.3959, Std Q: nan, CI Half: 1.9631
2026-03-28 21:40:27 | DEBUG | sivi:base_runner.py:507| eval_ksd | Epoch 5720, VI KSD: 0.0059
2026-03-28 21:40:28 | DEBUG | sivi:base_runner.py:337| eval_kl_ite | Epoch 5730, VI KL to baseline: 0.0018
2026-03-28 21:40:28 | DEBUG | sivi:base_reverse_runner.py:261| eval_kl_ite | Epoch 5730, Reverse Model KL ITE: -0.0107
2026-03-28 21:40:28 | DEBUG | sivi:base_runner.py:347| eval_w2 | Epoch 5730, VI W2 to baseline: 0.3137
2026-03-28 21:40:28 | DEBUG | sivi:base_reverse_runner.py:272| eval_w2 | Epoch 5730, Reverse Model W2: 0.0346
2026-03-28 21:40:28 | DEBUG | sivi:base_runner.py:477| eval_elbo | Epoch 5730, ELBO: 2.2148, Std Total: 33.1636, Std Q: nan, CI Half: 2.9069
2026-03-28 21:40:28 | DEBUG | sivi:base_runner.py:507| eval_ksd | Epoch 5730, VI KSD: 0.0055
2026-03-28 21:40:28 | DEBUG | sivi:base_runner.py:337| eval_kl_ite | Epoch 5740, VI KL to baseline: 0.0155
2026-03-28 21:40:29 | DEBUG | sivi:base_reverse_runner.py:261| eval_kl_ite | Epoch 5740, Reverse Model KL ITE: 0.0210
2026-03-28 21:40:29 | DEBUG | sivi:base_runner.py:347| eval_w2 | Epoch 5740, VI W2 to baseline: 0.3046
2026-03-28 21:40:29 | DEBUG | sivi:base_reverse_runner.py:272| eval_w2 | Epoch 5740, Reverse Model W2: 0.0540
2026-03-28 21:40:29 | DEBUG | sivi:base_runner.py:477| eval_elbo | Epoch 5740, ELBO: 1.5299, Std Total: 15.8103, Std Q: nan, CI Half: 1.3858
2026-03-28 21:40:29 | DEBUG | sivi:base_runner.py:507| eval_ksd | Epoch 5740, VI KSD: -0.0034
2026-03-28 21:40:29 | DEBUG | sivi:base_runner.py:337| eval_kl_ite | Epoch 5750, VI KL to baseline: 0.0197
2026-03-28 21:40:29 | DEBUG | sivi:base_reverse_runner.py:261| eval_kl_ite | Epoch 5750, Reverse Model KL ITE: 0.0072
2026-03-28 21:40:29 | DEBUG | sivi:base_runner.py:347| eval_w2 | Epoch 5750, VI W2 to baseline: 0.2985
2026-03-28 21:40:29 | DEBUG | sivi:base_reverse_runner.py:272| eval_w2 | Epoch 5750, Reverse Model W2: 0.0409
2026-03-28 21:40:29 | DEBUG | sivi:base_runner.py:477| eval_elbo | Epoch 5750, ELBO: 2.6774, Std Total: 31.3185, Std Q: nan, CI Half: 2.7452
2026-03-28 21:40:29 | DEBUG | sivi:base_runner.py:507| eval_ksd | Epoch 5750, VI KSD: 0.0003
2026-03-28 21:40:30 | DEBUG | sivi:base_runner.py:337| eval_kl_ite | Epoch 5760, VI KL to baseline: 0.0334
2026-03-28 21:40:30 | DEBUG | sivi:base_reverse_runner.py:261| eval_kl_ite | Epoch 5760, Reverse Model KL ITE: 0.0164
2026-03-28 21:40:30 | DEBUG | sivi:base_runner.py:347| eval_w2 | Epoch 5760, VI W2 to baseline: 0.3369
2026-03-28 21:40:30 | DEBUG | sivi:base_reverse_runner.py:272| eval_w2 | Epoch 5760, Reverse Model W2: 0.0326
2026-03-28 21:40:30 | DEBUG | sivi:base_runner.py:477| eval_elbo | Epoch 5760, ELBO: 0.3540, Std Total: 4.9796, Std Q: nan, CI Half: 0.4365
2026-03-28 21:40:30 | DEBUG | sivi:base_runner.py:507| eval_ksd | Epoch 5760, VI KSD: 0.0195
2026-03-28 21:40:30 | DEBUG | sivi:base_runner.py:337| eval_kl_ite | Epoch 5770, VI KL to baseline: 0.0201
2026-03-28 21:40:30 | DEBUG | sivi:base_reverse_runner.py:261| eval_kl_ite | Epoch 5770, Reverse Model KL ITE: 0.0131
2026-03-28 21:40:30 | DEBUG | sivi:base_runner.py:347| eval_w2 | Epoch 5770, VI W2 to baseline: 0.3376
2026-03-28 21:40:30 | DEBUG | sivi:base_reverse_runner.py:272| eval_w2 | Epoch 5770, Reverse Model W2: 0.0420
2026-03-28 21:40:30 | DEBUG | sivi:base_runner.py:477| eval_elbo | Epoch 5770, ELBO: 1.0553, Std Total: 13.0985, Std Q: nan, CI Half: 1.1481
2026-03-28 21:40:30 | DEBUG | sivi:base_runner.py:507| eval_ksd | Epoch 5770, VI KSD: -0.0017
2026-03-28 21:40:31 | DEBUG | sivi:base_runner.py:337| eval_kl_ite | Epoch 5780, VI KL to baseline: 0.0323
2026-03-28 21:40:31 | DEBUG | sivi:base_reverse_runner.py:261| eval_kl_ite | Epoch 5780, Reverse Model KL ITE: 0.0063
2026-03-28 21:40:31 | DEBUG | sivi:base_runner.py:347| eval_w2 | Epoch 5780, VI W2 to baseline: 0.3150
2026-03-28 21:40:31 | DEBUG | sivi:base_reverse_runner.py:272| eval_w2 | Epoch 5780, Reverse Model W2: 0.0388
2026-03-28 21:40:31 | DEBUG | sivi:base_runner.py:477| eval_elbo | Epoch 5780, ELBO: 0.3867, Std Total: 4.4461, Std Q: nan, CI Half: 0.3897
2026-03-28 21:40:31 | DEBUG | sivi:base_runner.py:507| eval_ksd | Epoch 5780, VI KSD: 0.0012
2026-03-28 21:40:31 | DEBUG | sivi:base_runner.py:337| eval_kl_ite | Epoch 5790, VI KL to baseline: 0.0261
2026-03-28 21:40:31 | DEBUG | sivi:base_reverse_runner.py:261| eval_kl_ite | Epoch 5790, Reverse Model KL ITE: 0.0179
2026-03-28 21:40:31 | DEBUG | sivi:base_runner.py:347| eval_w2 | Epoch 5790, VI W2 to baseline: 0.3008
2026-03-28 21:40:31 | DEBUG | sivi:base_reverse_runner.py:272| eval_w2 | Epoch 5790, Reverse Model W2: 0.0316
2026-03-28 21:40:31 | DEBUG | sivi:base_runner.py:477| eval_elbo | Epoch 5790, ELBO: 0.2433, Std Total: 2.7581, Std Q: nan, CI Half: 0.2418
2026-03-28 21:40:31 | DEBUG | sivi:base_runner.py:507| eval_ksd | Epoch 5790, VI KSD: 0.0041
2026-03-28 21:40:32 | DEBUG | sivi:base_runner.py:874| learn | Epoch 5800: Avg Loss: -0.0062, Avg Epoch Time: 0.0605s
2026-03-28 21:40:32 | DEBUG | sivi:base_runner.py:337| eval_kl_ite | Epoch 5800, VI KL to baseline: 0.0014
2026-03-28 21:40:32 | DEBUG | sivi:base_reverse_runner.py:261| eval_kl_ite | Epoch 5800, Reverse Model KL ITE: -0.0005
2026-03-28 21:40:32 | DEBUG | sivi:base_runner.py:347| eval_w2 | Epoch 5800, VI W2 to baseline: 0.3040
2026-03-28 21:40:32 | DEBUG | sivi:base_reverse_runner.py:272| eval_w2 | Epoch 5800, Reverse Model W2: 0.0474
2026-03-28 21:40:32 | DEBUG | sivi:base_runner.py:477| eval_elbo | Epoch 5800, ELBO: 0.5356, Std Total: 4.5493, Std Q: nan, CI Half: 0.3988
2026-03-28 21:40:32 | DEBUG | sivi:base_runner.py:507| eval_ksd | Epoch 5800, VI KSD: -0.0053
2026-03-28 21:40:33 | DEBUG | sivi:base_runner.py:337| eval_kl_ite | Epoch 5810, VI KL to baseline: 0.0152
2026-03-28 21:40:33 | DEBUG | sivi:base_reverse_runner.py:261| eval_kl_ite | Epoch 5810, Reverse Model KL ITE: 0.0011
2026-03-28 21:40:33 | DEBUG | sivi:base_runner.py:347| eval_w2 | Epoch 5810, VI W2 to baseline: 0.3054
2026-03-28 21:40:33 | DEBUG | sivi:base_reverse_runner.py:272| eval_w2 | Epoch 5810, Reverse Model W2: 0.0436
2026-03-28 21:40:33 | DEBUG | sivi:base_runner.py:477| eval_elbo | Epoch 5810, ELBO: 0.2436, Std Total: 3.8141, Std Q: nan, CI Half: 0.3343
2026-03-28 21:40:33 | DEBUG | sivi:base_runner.py:507| eval_ksd | Epoch 5810, VI KSD: -0.0003
2026-03-28 21:40:33 | DEBUG | sivi:base_runner.py:337| eval_kl_ite | Epoch 5820, VI KL to baseline: 0.0237
2026-03-28 21:40:33 | DEBUG | sivi:base_reverse_runner.py:261| eval_kl_ite | Epoch 5820, Reverse Model KL ITE: 0.0122
2026-03-28 21:40:33 | DEBUG | sivi:base_runner.py:347| eval_w2 | Epoch 5820, VI W2 to baseline: 0.2988
2026-03-28 21:40:33 | DEBUG | sivi:base_reverse_runner.py:272| eval_w2 | Epoch 5820, Reverse Model W2: 0.0340
2026-03-28 21:40:33 | DEBUG | sivi:base_runner.py:477| eval_elbo | Epoch 5820, ELBO: 2.0145, Std Total: 29.6217, Std Q: nan, CI Half: 2.5965
2026-03-28 21:40:33 | DEBUG | sivi:base_runner.py:507| eval_ksd | Epoch 5820, VI KSD: -0.0000
2026-03-28 21:40:34 | DEBUG | sivi:base_runner.py:337| eval_kl_ite | Epoch 5830, VI KL to baseline: 0.0079
2026-03-28 21:40:34 | DEBUG | sivi:base_reverse_runner.py:261| eval_kl_ite | Epoch 5830, Reverse Model KL ITE: 0.0057
2026-03-28 21:40:34 | DEBUG | sivi:base_runner.py:347| eval_w2 | Epoch 5830, VI W2 to baseline: 0.3253
2026-03-28 21:40:34 | DEBUG | sivi:base_reverse_runner.py:272| eval_w2 | Epoch 5830, Reverse Model W2: 0.0467
2026-03-28 21:40:34 | DEBUG | sivi:base_runner.py:477| eval_elbo | Epoch 5830, ELBO: 0.2145, Std Total: 2.5796, Std Q: nan, CI Half: 0.2261
2026-03-28 21:40:34 | DEBUG | sivi:base_runner.py:507| eval_ksd | Epoch 5830, VI KSD: -0.0014
2026-03-28 21:40:35 | DEBUG | sivi:base_runner.py:337| eval_kl_ite | Epoch 5840, VI KL to baseline: 0.0157
2026-03-28 21:40:35 | DEBUG | sivi:base_reverse_runner.py:261| eval_kl_ite | Epoch 5840, Reverse Model KL ITE: 0.0124
2026-03-28 21:40:35 | DEBUG | sivi:base_runner.py:347| eval_w2 | Epoch 5840, VI W2 to baseline: 0.2837
2026-03-28 21:40:35 | DEBUG | sivi:base_reverse_runner.py:272| eval_w2 | Epoch 5840, Reverse Model W2: 0.0383
2026-03-28 21:40:35 | DEBUG | sivi:base_runner.py:477| eval_elbo | Epoch 5840, ELBO: 3.5391, Std Total: 38.1528, Std Q: nan, CI Half: 3.3442
2026-03-28 21:40:35 | DEBUG | sivi:base_runner.py:507| eval_ksd | Epoch 5840, VI KSD: 0.0003
2026-03-28 21:40:35 | DEBUG | sivi:base_runner.py:337| eval_kl_ite | Epoch 5850, VI KL to baseline: -0.0057
2026-03-28 21:40:35 | DEBUG | sivi:base_reverse_runner.py:261| eval_kl_ite | Epoch 5850, Reverse Model KL ITE: 0.0391
2026-03-28 21:40:35 | DEBUG | sivi:base_runner.py:347| eval_w2 | Epoch 5850, VI W2 to baseline: 0.3361
2026-03-28 21:40:35 | DEBUG | sivi:base_reverse_runner.py:272| eval_w2 | Epoch 5850, Reverse Model W2: 0.0388
2026-03-28 21:40:35 | DEBUG | sivi:base_runner.py:477| eval_elbo | Epoch 5850, ELBO: 0.3507, Std Total: 5.2950, Std Q: nan, CI Half: 0.4641
2026-03-28 21:40:35 | DEBUG | sivi:base_runner.py:507| eval_ksd | Epoch 5850, VI KSD: -0.0028
2026-03-28 21:40:36 | DEBUG | sivi:base_runner.py:337| eval_kl_ite | Epoch 5860, VI KL to baseline: 0.0108
2026-03-28 21:40:36 | DEBUG | sivi:base_reverse_runner.py:261| eval_kl_ite | Epoch 5860, Reverse Model KL ITE: 0.0321
2026-03-28 21:40:36 | DEBUG | sivi:base_runner.py:347| eval_w2 | Epoch 5860, VI W2 to baseline: 0.2871
2026-03-28 21:40:36 | DEBUG | sivi:base_reverse_runner.py:272| eval_w2 | Epoch 5860, Reverse Model W2: 0.0299
2026-03-28 21:40:36 | DEBUG | sivi:base_runner.py:477| eval_elbo | Epoch 5860, ELBO: 1.4659, Std Total: 17.4391, Std Q: nan, CI Half: 1.5286
2026-03-28 21:40:36 | DEBUG | sivi:base_runner.py:507| eval_ksd | Epoch 5860, VI KSD: -0.0040
2026-03-28 21:40:37 | DEBUG | sivi:base_runner.py:337| eval_kl_ite | Epoch 5870, VI KL to baseline: 0.0131
2026-03-28 21:40:37 | DEBUG | sivi:base_reverse_runner.py:261| eval_kl_ite | Epoch 5870, Reverse Model KL ITE: -0.0026
2026-03-28 21:40:37 | DEBUG | sivi:base_runner.py:347| eval_w2 | Epoch 5870, VI W2 to baseline: 0.3124
2026-03-28 21:40:37 | DEBUG | sivi:base_reverse_runner.py:272| eval_w2 | Epoch 5870, Reverse Model W2: 0.0380
2026-03-28 21:40:37 | DEBUG | sivi:base_runner.py:477| eval_elbo | Epoch 5870, ELBO: 0.9807, Std Total: 13.0527, Std Q: nan, CI Half: 1.1441
2026-03-28 21:40:37 | DEBUG | sivi:base_runner.py:507| eval_ksd | Epoch 5870, VI KSD: 0.0039
2026-03-28 21:40:37 | DEBUG | sivi:base_runner.py:337| eval_kl_ite | Epoch 5880, VI KL to baseline: 0.0086
2026-03-28 21:40:37 | DEBUG | sivi:base_reverse_runner.py:261| eval_kl_ite | Epoch 5880, Reverse Model KL ITE: 0.0165
2026-03-28 21:40:37 | DEBUG | sivi:base_runner.py:347| eval_w2 | Epoch 5880, VI W2 to baseline: 0.3366
2026-03-28 21:40:37 | DEBUG | sivi:base_reverse_runner.py:272| eval_w2 | Epoch 5880, Reverse Model W2: 0.0519
2026-03-28 21:40:37 | DEBUG | sivi:base_runner.py:477| eval_elbo | Epoch 5880, ELBO: 0.3525, Std Total: 5.4063, Std Q: nan, CI Half: 0.4739
2026-03-28 21:40:37 | DEBUG | sivi:base_runner.py:507| eval_ksd | Epoch 5880, VI KSD: -0.0028
2026-03-28 21:40:38 | DEBUG | sivi:base_runner.py:337| eval_kl_ite | Epoch 5890, VI KL to baseline: 0.0151
2026-03-28 21:40:38 | DEBUG | sivi:base_reverse_runner.py:261| eval_kl_ite | Epoch 5890, Reverse Model KL ITE: 0.0172
2026-03-28 21:40:38 | DEBUG | sivi:base_runner.py:347| eval_w2 | Epoch 5890, VI W2 to baseline: 0.2944
2026-03-28 21:40:38 | DEBUG | sivi:base_reverse_runner.py:272| eval_w2 | Epoch 5890, Reverse Model W2: 0.0344
2026-03-28 21:40:38 | DEBUG | sivi:base_runner.py:477| eval_elbo | Epoch 5890, ELBO: 0.6903, Std Total: 9.0489, Std Q: nan, CI Half: 0.7932
2026-03-28 21:40:38 | DEBUG | sivi:base_runner.py:507| eval_ksd | Epoch 5890, VI KSD: -0.0046
2026-03-28 21:40:38 | DEBUG | sivi:base_runner.py:874| learn | Epoch 5900: Avg Loss: -0.0028, Avg Epoch Time: 0.0653s
2026-03-28 21:40:39 | DEBUG | sivi:base_runner.py:337| eval_kl_ite | Epoch 5900, VI KL to baseline: 0.0080
2026-03-28 21:40:39 | DEBUG | sivi:base_reverse_runner.py:261| eval_kl_ite | Epoch 5900, Reverse Model KL ITE: 0.0141
2026-03-28 21:40:39 | DEBUG | sivi:base_runner.py:347| eval_w2 | Epoch 5900, VI W2 to baseline: 0.3433
2026-03-28 21:40:39 | DEBUG | sivi:base_reverse_runner.py:272| eval_w2 | Epoch 5900, Reverse Model W2: 0.0323
2026-03-28 21:40:39 | DEBUG | sivi:base_runner.py:477| eval_elbo | Epoch 5900, ELBO: 3.1340, Std Total: 47.4989, Std Q: nan, CI Half: 4.1635
2026-03-28 21:40:39 | DEBUG | sivi:base_runner.py:507| eval_ksd | Epoch 5900, VI KSD: 0.0013
2026-03-28 21:40:39 | DEBUG | sivi:base_runner.py:337| eval_kl_ite | Epoch 5910, VI KL to baseline: -0.0046
2026-03-28 21:40:39 | DEBUG | sivi:base_reverse_runner.py:261| eval_kl_ite | Epoch 5910, Reverse Model KL ITE: -0.0135
2026-03-28 21:40:39 | DEBUG | sivi:base_runner.py:347| eval_w2 | Epoch 5910, VI W2 to baseline: 0.3013
2026-03-28 21:40:39 | DEBUG | sivi:base_reverse_runner.py:272| eval_w2 | Epoch 5910, Reverse Model W2: 0.0330
2026-03-28 21:40:39 | DEBUG | sivi:base_runner.py:477| eval_elbo | Epoch 5910, ELBO: 1.8096, Std Total: 27.2143, Std Q: nan, CI Half: 2.3854
2026-03-28 21:40:39 | DEBUG | sivi:base_runner.py:507| eval_ksd | Epoch 5910, VI KSD: 0.0015
2026-03-28 21:40:40 | DEBUG | sivi:base_runner.py:337| eval_kl_ite | Epoch 5920, VI KL to baseline: 0.0034
2026-03-28 21:40:40 | DEBUG | sivi:base_reverse_runner.py:261| eval_kl_ite | Epoch 5920, Reverse Model KL ITE: -0.0106
2026-03-28 21:40:40 | DEBUG | sivi:base_runner.py:347| eval_w2 | Epoch 5920, VI W2 to baseline: 0.3037
2026-03-28 21:40:40 | DEBUG | sivi:base_reverse_runner.py:272| eval_w2 | Epoch 5920, Reverse Model W2: 0.0448
2026-03-28 21:40:40 | DEBUG | sivi:base_runner.py:477| eval_elbo | Epoch 5920, ELBO: 2.7779, Std Total: 34.4557, Std Q: nan, CI Half: 3.0202
2026-03-28 21:40:40 | DEBUG | sivi:base_runner.py:507| eval_ksd | Epoch 5920, VI KSD: -0.0003
2026-03-28 21:40:40 | DEBUG | sivi:base_runner.py:337| eval_kl_ite | Epoch 5930, VI KL to baseline: 0.0064
2026-03-28 21:40:40 | DEBUG | sivi:base_reverse_runner.py:261| eval_kl_ite | Epoch 5930, Reverse Model KL ITE: -0.0111
2026-03-28 21:40:41 | DEBUG | sivi:base_runner.py:347| eval_w2 | Epoch 5930, VI W2 to baseline: 0.2977
2026-03-28 21:40:41 | DEBUG | sivi:base_reverse_runner.py:272| eval_w2 | Epoch 5930, Reverse Model W2: 0.0466
2026-03-28 21:40:41 | DEBUG | sivi:base_runner.py:477| eval_elbo | Epoch 5930, ELBO: 2.8207, Std Total: 44.1855, Std Q: nan, CI Half: 3.8730
2026-03-28 21:40:41 | DEBUG | sivi:base_runner.py:507| eval_ksd | Epoch 5930, VI KSD: 0.0022
2026-03-28 21:40:41 | DEBUG | sivi:base_runner.py:337| eval_kl_ite | Epoch 5940, VI KL to baseline: 0.0226
2026-03-28 21:40:41 | DEBUG | sivi:base_reverse_runner.py:261| eval_kl_ite | Epoch 5940, Reverse Model KL ITE: 0.0004
2026-03-28 21:40:41 | DEBUG | sivi:base_runner.py:347| eval_w2 | Epoch 5940, VI W2 to baseline: 0.2974
2026-03-28 21:40:41 | DEBUG | sivi:base_reverse_runner.py:272| eval_w2 | Epoch 5940, Reverse Model W2: 0.0379
2026-03-28 21:40:41 | DEBUG | sivi:base_runner.py:477| eval_elbo | Epoch 5940, ELBO: 0.2646, Std Total: 2.6989, Std Q: nan, CI Half: 0.2366
2026-03-28 21:40:41 | DEBUG | sivi:base_runner.py:507| eval_ksd | Epoch 5940, VI KSD: 0.0128
2026-03-28 21:40:42 | DEBUG | sivi:base_runner.py:337| eval_kl_ite | Epoch 5950, VI KL to baseline: 0.0219
2026-03-28 21:40:42 | DEBUG | sivi:base_reverse_runner.py:261| eval_kl_ite | Epoch 5950, Reverse Model KL ITE: 0.0103
2026-03-28 21:40:42 | DEBUG | sivi:base_runner.py:347| eval_w2 | Epoch 5950, VI W2 to baseline: 0.3041
2026-03-28 21:40:42 | DEBUG | sivi:base_reverse_runner.py:272| eval_w2 | Epoch 5950, Reverse Model W2: 0.0461
2026-03-28 21:40:42 | DEBUG | sivi:base_runner.py:477| eval_elbo | Epoch 5950, ELBO: 2.4309, Std Total: 24.6331, Std Q: nan, CI Half: 2.1592
2026-03-28 21:40:42 | DEBUG | sivi:base_runner.py:507| eval_ksd | Epoch 5950, VI KSD: 0.0227
2026-03-28 21:40:42 | DEBUG | sivi:base_runner.py:337| eval_kl_ite | Epoch 5960, VI KL to baseline: 0.0023
2026-03-28 21:40:42 | DEBUG | sivi:base_reverse_runner.py:261| eval_kl_ite | Epoch 5960, Reverse Model KL ITE: -0.0107
2026-03-28 21:40:42 | DEBUG | sivi:base_runner.py:347| eval_w2 | Epoch 5960, VI W2 to baseline: 0.2960
2026-03-28 21:40:42 | DEBUG | sivi:base_reverse_runner.py:272| eval_w2 | Epoch 5960, Reverse Model W2: 0.0406
2026-03-28 21:40:43 | DEBUG | sivi:base_runner.py:477| eval_elbo | Epoch 5960, ELBO: 0.2044, Std Total: 2.4739, Std Q: nan, CI Half: 0.2168
2026-03-28 21:40:43 | DEBUG | sivi:base_runner.py:507| eval_ksd | Epoch 5960, VI KSD: -0.0046
2026-03-28 21:40:43 | DEBUG | sivi:base_runner.py:337| eval_kl_ite | Epoch 5970, VI KL to baseline: 0.0179
2026-03-28 21:40:43 | DEBUG | sivi:base_reverse_runner.py:261| eval_kl_ite | Epoch 5970, Reverse Model KL ITE: -0.0045
2026-03-28 21:40:43 | DEBUG | sivi:base_runner.py:347| eval_w2 | Epoch 5970, VI W2 to baseline: 0.2614
2026-03-28 21:40:43 | DEBUG | sivi:base_reverse_runner.py:272| eval_w2 | Epoch 5970, Reverse Model W2: 0.0321
2026-03-28 21:40:43 | DEBUG | sivi:base_runner.py:477| eval_elbo | Epoch 5970, ELBO: 1.2474, Std Total: 19.9501, Std Q: nan, CI Half: 1.7487
2026-03-28 21:40:43 | DEBUG | sivi:base_runner.py:507| eval_ksd | Epoch 5970, VI KSD: -0.0061
2026-03-28 21:40:44 | DEBUG | sivi:base_runner.py:337| eval_kl_ite | Epoch 5980, VI KL to baseline: 0.0275
2026-03-28 21:40:44 | DEBUG | sivi:base_reverse_runner.py:261| eval_kl_ite | Epoch 5980, Reverse Model KL ITE: 0.0033
2026-03-28 21:40:44 | DEBUG | sivi:base_runner.py:347| eval_w2 | Epoch 5980, VI W2 to baseline: 0.2987
2026-03-28 21:40:44 | DEBUG | sivi:base_reverse_runner.py:272| eval_w2 | Epoch 5980, Reverse Model W2: 0.0443
2026-03-28 21:40:44 | DEBUG | sivi:base_runner.py:477| eval_elbo | Epoch 5980, ELBO: 1.4668, Std Total: 20.8346, Std Q: nan, CI Half: 1.8262
2026-03-28 21:40:44 | DEBUG | sivi:base_runner.py:507| eval_ksd | Epoch 5980, VI KSD: 0.0188
2026-03-28 21:40:44 | DEBUG | sivi:base_runner.py:337| eval_kl_ite | Epoch 5990, VI KL to baseline: 0.0250
2026-03-28 21:40:44 | DEBUG | sivi:base_reverse_runner.py:261| eval_kl_ite | Epoch 5990, Reverse Model KL ITE: -0.0051
2026-03-28 21:40:44 | DEBUG | sivi:base_runner.py:347| eval_w2 | Epoch 5990, VI W2 to baseline: 0.2835
2026-03-28 21:40:44 | DEBUG | sivi:base_reverse_runner.py:272| eval_w2 | Epoch 5990, Reverse Model W2: 0.0392
2026-03-28 21:40:44 | DEBUG | sivi:base_runner.py:477| eval_elbo | Epoch 5990, ELBO: 0.9750, Std Total: 13.8327, Std Q: nan, CI Half: 1.2125
2026-03-28 21:40:45 | DEBUG | sivi:base_runner.py:507| eval_ksd | Epoch 5990, VI KSD: -0.0002
2026-03-28 21:40:45 | DEBUG | sivi:base_runner.py:874| learn | Epoch 6000: Avg Loss: 0.0812, Avg Epoch Time: 0.0653s
2026-03-28 21:40:45 | DEBUG | sivi:base_reverse_runner.py:183| _training_rev_log_func | Epoch 6000, Inner epoch 1, Reverse Model Loss: 2.8895, Avg Steps: 1.0000
2026-03-28 21:40:45 | DEBUG | sivi:base_runner.py:588| save_samples | Saved 100000 samples at epoch 6000.
2026-03-28 21:40:45 | DEBUG | sivi:base_runner.py:607| save_checkpoint | Saved VIModel checkpoints at epoch 6000 to results/AISIVI/banana/20260328_213406/checkpoints/epoch_6000.
2026-03-28 21:40:45 | DEBUG | sivi:base_reverse_runner.py:476| save_checkpoint | Saved reverse checkpoints at epoch 6000 to results/AISIVI/banana/20260328_213406/checkpoints/epoch_6000.
2026-03-28 21:40:45 | DEBUG | sivi:base_runner.py:337| eval_kl_ite | Epoch 6000, VI KL to baseline: 0.0167
2026-03-28 21:40:45 | DEBUG | sivi:base_reverse_runner.py:261| eval_kl_ite | Epoch 6000, Reverse Model KL ITE: 0.0213
2026-03-28 21:40:45 | DEBUG | sivi:base_runner.py:347| eval_w2 | Epoch 6000, VI W2 to baseline: 0.2905
2026-03-28 21:40:45 | DEBUG | sivi:base_reverse_runner.py:272| eval_w2 | Epoch 6000, Reverse Model W2: 0.0404
2026-03-28 21:40:45 | DEBUG | sivi:base_runner.py:477| eval_elbo | Epoch 6000, ELBO: 0.9327, Std Total: 9.9841, Std Q: nan, CI Half: 0.8751
2026-03-28 21:40:45 | DEBUG | sivi:base_runner.py:507| eval_ksd | Epoch 6000, VI KSD: 0.0061
2026-03-28 21:40:45 | DEBUG | sivi:base_runner.py:970| learn | Saved contour plot at epoch 6000.
2026-03-28 21:40:46 | DEBUG | sivi:base_runner.py:337| eval_kl_ite | Epoch 6010, VI KL to baseline: 0.0174
2026-03-28 21:40:46 | DEBUG | sivi:base_reverse_runner.py:261| eval_kl_ite | Epoch 6010, Reverse Model KL ITE: 0.0231
2026-03-28 21:40:46 | DEBUG | sivi:base_runner.py:347| eval_w2 | Epoch 6010, VI W2 to baseline: 0.3067
2026-03-28 21:40:46 | DEBUG | sivi:base_reverse_runner.py:272| eval_w2 | Epoch 6010, Reverse Model W2: 0.0359
2026-03-28 21:40:46 | DEBUG | sivi:base_runner.py:477| eval_elbo | Epoch 6010, ELBO: 0.6589, Std Total: 5.2780, Std Q: nan, CI Half: 0.4626
2026-03-28 21:40:46 | DEBUG | sivi:base_runner.py:507| eval_ksd | Epoch 6010, VI KSD: -0.0027
2026-03-28 21:40:47 | DEBUG | sivi:base_runner.py:337| eval_kl_ite | Epoch 6020, VI KL to baseline: -0.0007
2026-03-28 21:40:47 | DEBUG | sivi:base_reverse_runner.py:261| eval_kl_ite | Epoch 6020, Reverse Model KL ITE: 0.0271
2026-03-28 21:40:47 | DEBUG | sivi:base_runner.py:347| eval_w2 | Epoch 6020, VI W2 to baseline: 0.3164
2026-03-28 21:40:47 | DEBUG | sivi:base_reverse_runner.py:272| eval_w2 | Epoch 6020, Reverse Model W2: 0.0497
2026-03-28 21:40:47 | DEBUG | sivi:base_runner.py:477| eval_elbo | Epoch 6020, ELBO: 1.3966, Std Total: 14.1896, Std Q: nan, CI Half: 1.2438
2026-03-28 21:40:47 | DEBUG | sivi:base_runner.py:507| eval_ksd | Epoch 6020, VI KSD: 0.0010
2026-03-28 21:40:47 | DEBUG | sivi:base_runner.py:337| eval_kl_ite | Epoch 6030, VI KL to baseline: 0.0174
2026-03-28 21:40:47 | DEBUG | sivi:base_reverse_runner.py:261| eval_kl_ite | Epoch 6030, Reverse Model KL ITE: 0.0028
2026-03-28 21:40:47 | DEBUG | sivi:base_runner.py:347| eval_w2 | Epoch 6030, VI W2 to baseline: 0.2805
2026-03-28 21:40:47 | DEBUG | sivi:base_reverse_runner.py:272| eval_w2 | Epoch 6030, Reverse Model W2: 0.0515
2026-03-28 21:40:47 | DEBUG | sivi:base_runner.py:477| eval_elbo | Epoch 6030, ELBO: 2.8589, Std Total: 40.0447, Std Q: nan, CI Half: 3.5101
2026-03-28 21:40:47 | DEBUG | sivi:base_runner.py:507| eval_ksd | Epoch 6030, VI KSD: 0.0152
2026-03-28 21:40:48 | DEBUG | sivi:base_runner.py:337| eval_kl_ite | Epoch 6040, VI KL to baseline: 0.0081
2026-03-28 21:40:48 | DEBUG | sivi:base_reverse_runner.py:261| eval_kl_ite | Epoch 6040, Reverse Model KL ITE: 0.0280
2026-03-28 21:40:48 | DEBUG | sivi:base_runner.py:347| eval_w2 | Epoch 6040, VI W2 to baseline: 0.2907
2026-03-28 21:40:48 | DEBUG | sivi:base_reverse_runner.py:272| eval_w2 | Epoch 6040, Reverse Model W2: 0.0447
2026-03-28 21:40:48 | DEBUG | sivi:base_runner.py:477| eval_elbo | Epoch 6040, ELBO: 3.2566, Std Total: 44.1067, Std Q: nan, CI Half: 3.8661
2026-03-28 21:40:48 | DEBUG | sivi:base_runner.py:507| eval_ksd | Epoch 6040, VI KSD: 0.0231
2026-03-28 21:40:49 | DEBUG | sivi:base_runner.py:337| eval_kl_ite | Epoch 6050, VI KL to baseline: 0.0191
2026-03-28 21:40:49 | DEBUG | sivi:base_reverse_runner.py:261| eval_kl_ite | Epoch 6050, Reverse Model KL ITE: 0.0025
2026-03-28 21:40:49 | DEBUG | sivi:base_runner.py:347| eval_w2 | Epoch 6050, VI W2 to baseline: 0.3063
2026-03-28 21:40:49 | DEBUG | sivi:base_reverse_runner.py:272| eval_w2 | Epoch 6050, Reverse Model W2: 0.0503
2026-03-28 21:40:49 | DEBUG | sivi:base_runner.py:477| eval_elbo | Epoch 6050, ELBO: 0.9953, Std Total: 10.8680, Std Q: nan, CI Half: 0.9526
2026-03-28 21:40:49 | DEBUG | sivi:base_runner.py:507| eval_ksd | Epoch 6050, VI KSD: 0.0056
2026-03-28 21:40:49 | DEBUG | sivi:base_runner.py:337| eval_kl_ite | Epoch 6060, VI KL to baseline: -0.0039
2026-03-28 21:40:49 | DEBUG | sivi:base_reverse_runner.py:261| eval_kl_ite | Epoch 6060, Reverse Model KL ITE: 0.0299
2026-03-28 21:40:49 | DEBUG | sivi:base_runner.py:347| eval_w2 | Epoch 6060, VI W2 to baseline: 0.3055
2026-03-28 21:40:49 | DEBUG | sivi:base_reverse_runner.py:272| eval_w2 | Epoch 6060, Reverse Model W2: 0.0470
2026-03-28 21:40:49 | DEBUG | sivi:base_runner.py:477| eval_elbo | Epoch 6060, ELBO: 2.0695, Std Total: 21.5950, Std Q: nan, CI Half: 1.8929
2026-03-28 21:40:49 | DEBUG | sivi:base_runner.py:507| eval_ksd | Epoch 6060, VI KSD: -0.0066
2026-03-28 21:40:50 | DEBUG | sivi:base_runner.py:337| eval_kl_ite | Epoch 6070, VI KL to baseline: 0.0204
2026-03-28 21:40:50 | DEBUG | sivi:base_reverse_runner.py:261| eval_kl_ite | Epoch 6070, Reverse Model KL ITE: 0.0239
2026-03-28 21:40:50 | DEBUG | sivi:base_runner.py:347| eval_w2 | Epoch 6070, VI W2 to baseline: 0.2962
2026-03-28 21:40:50 | DEBUG | sivi:base_reverse_runner.py:272| eval_w2 | Epoch 6070, Reverse Model W2: 0.0527
2026-03-28 21:40:50 | DEBUG | sivi:base_runner.py:477| eval_elbo | Epoch 6070, ELBO: 0.5302, Std Total: 9.1146, Std Q: nan, CI Half: 0.7989
2026-03-28 21:40:50 | DEBUG | sivi:base_runner.py:507| eval_ksd | Epoch 6070, VI KSD: 0.0099
2026-03-28 21:40:51 | DEBUG | sivi:base_runner.py:337| eval_kl_ite | Epoch 6080, VI KL to baseline: 0.0223
2026-03-28 21:40:51 | DEBUG | sivi:base_reverse_runner.py:261| eval_kl_ite | Epoch 6080, Reverse Model KL ITE: 0.0084
2026-03-28 21:40:51 | DEBUG | sivi:base_runner.py:347| eval_w2 | Epoch 6080, VI W2 to baseline: 0.3087
2026-03-28 21:40:51 | DEBUG | sivi:base_reverse_runner.py:272| eval_w2 | Epoch 6080, Reverse Model W2: 0.0344
2026-03-28 21:40:51 | DEBUG | sivi:base_runner.py:477| eval_elbo | Epoch 6080, ELBO: 1.6157, Std Total: 18.1973, Std Q: nan, CI Half: 1.5951
2026-03-28 21:40:51 | DEBUG | sivi:base_runner.py:507| eval_ksd | Epoch 6080, VI KSD: -0.0032
2026-03-28 21:40:51 | DEBUG | sivi:base_runner.py:337| eval_kl_ite | Epoch 6090, VI KL to baseline: 0.0118
2026-03-28 21:40:51 | DEBUG | sivi:base_reverse_runner.py:261| eval_kl_ite | Epoch 6090, Reverse Model KL ITE: 0.0257
2026-03-28 21:40:51 | DEBUG | sivi:base_runner.py:347| eval_w2 | Epoch 6090, VI W2 to baseline: 0.2936
2026-03-28 21:40:51 | DEBUG | sivi:base_reverse_runner.py:272| eval_w2 | Epoch 6090, Reverse Model W2: 0.0386
2026-03-28 21:40:51 | DEBUG | sivi:base_runner.py:477| eval_elbo | Epoch 6090, ELBO: 1.5733, Std Total: 21.3927, Std Q: nan, CI Half: 1.8752
2026-03-28 21:40:51 | DEBUG | sivi:base_runner.py:507| eval_ksd | Epoch 6090, VI KSD: 0.0015
2026-03-28 21:40:52 | DEBUG | sivi:base_runner.py:874| learn | Epoch 6100: Avg Loss: -0.0865, Avg Epoch Time: 0.0672s
2026-03-28 21:40:52 | DEBUG | sivi:base_runner.py:337| eval_kl_ite | Epoch 6100, VI KL to baseline: 0.0050
2026-03-28 21:40:52 | DEBUG | sivi:base_reverse_runner.py:261| eval_kl_ite | Epoch 6100, Reverse Model KL ITE: 0.0345
2026-03-28 21:40:52 | DEBUG | sivi:base_runner.py:347| eval_w2 | Epoch 6100, VI W2 to baseline: 0.3074
2026-03-28 21:40:52 | DEBUG | sivi:base_reverse_runner.py:272| eval_w2 | Epoch 6100, Reverse Model W2: 0.0407
2026-03-28 21:40:52 | DEBUG | sivi:base_runner.py:477| eval_elbo | Epoch 6100, ELBO: 0.7091, Std Total: 6.7815, Std Q: nan, CI Half: 0.5944
2026-03-28 21:40:52 | DEBUG | sivi:base_runner.py:507| eval_ksd | Epoch 6100, VI KSD: 0.0141
2026-03-28 21:40:52 | DEBUG | sivi:base_runner.py:337| eval_kl_ite | Epoch 6110, VI KL to baseline: 0.0221
2026-03-28 21:40:52 | DEBUG | sivi:base_reverse_runner.py:261| eval_kl_ite | Epoch 6110, Reverse Model KL ITE: 0.0182
2026-03-28 21:40:52 | DEBUG | sivi:base_runner.py:347| eval_w2 | Epoch 6110, VI W2 to baseline: 0.2870
2026-03-28 21:40:52 | DEBUG | sivi:base_reverse_runner.py:272| eval_w2 | Epoch 6110, Reverse Model W2: 0.0377
2026-03-28 21:40:52 | DEBUG | sivi:base_runner.py:477| eval_elbo | Epoch 6110, ELBO: 0.1984, Std Total: 2.4850, Std Q: nan, CI Half: 0.2178
2026-03-28 21:40:52 | DEBUG | sivi:base_runner.py:507| eval_ksd | Epoch 6110, VI KSD: 0.0073
2026-03-28 21:40:53 | DEBUG | sivi:base_runner.py:337| eval_kl_ite | Epoch 6120, VI KL to baseline: 0.0318
2026-03-28 21:40:53 | DEBUG | sivi:base_reverse_runner.py:261| eval_kl_ite | Epoch 6120, Reverse Model KL ITE: 0.0343
2026-03-28 21:40:53 | DEBUG | sivi:base_runner.py:347| eval_w2 | Epoch 6120, VI W2 to baseline: 0.3134
2026-03-28 21:40:53 | DEBUG | sivi:base_reverse_runner.py:272| eval_w2 | Epoch 6120, Reverse Model W2: 0.0440
2026-03-28 21:40:53 | DEBUG | sivi:base_runner.py:477| eval_elbo | Epoch 6120, ELBO: 1.5134, Std Total: 32.2462, Std Q: nan, CI Half: 2.8265
2026-03-28 21:40:53 | DEBUG | sivi:base_runner.py:507| eval_ksd | Epoch 6120, VI KSD: 0.0120
2026-03-28 21:40:54 | DEBUG | sivi:base_runner.py:337| eval_kl_ite | Epoch 6130, VI KL to baseline: 0.0295
2026-03-28 21:40:54 | DEBUG | sivi:base_reverse_runner.py:261| eval_kl_ite | Epoch 6130, Reverse Model KL ITE: 0.0178
2026-03-28 21:40:54 | DEBUG | sivi:base_runner.py:347| eval_w2 | Epoch 6130, VI W2 to baseline: 0.3079
2026-03-28 21:40:54 | DEBUG | sivi:base_reverse_runner.py:272| eval_w2 | Epoch 6130, Reverse Model W2: 0.0416
2026-03-28 21:40:54 | DEBUG | sivi:base_runner.py:477| eval_elbo | Epoch 6130, ELBO: 1.8770, Std Total: 20.2034, Std Q: nan, CI Half: 1.7709
2026-03-28 21:40:54 | DEBUG | sivi:base_runner.py:507| eval_ksd | Epoch 6130, VI KSD: -0.0029
2026-03-28 21:40:54 | DEBUG | sivi:base_runner.py:337| eval_kl_ite | Epoch 6140, VI KL to baseline: 0.0151
2026-03-28 21:40:54 | DEBUG | sivi:base_reverse_runner.py:261| eval_kl_ite | Epoch 6140, Reverse Model KL ITE: 0.0073
2026-03-28 21:40:54 | DEBUG | sivi:base_runner.py:347| eval_w2 | Epoch 6140, VI W2 to baseline: 0.2849
2026-03-28 21:40:54 | DEBUG | sivi:base_reverse_runner.py:272| eval_w2 | Epoch 6140, Reverse Model W2: 0.0414
2026-03-28 21:40:54 | DEBUG | sivi:base_runner.py:477| eval_elbo | Epoch 6140, ELBO: 1.1122, Std Total: 13.9669, Std Q: nan, CI Half: 1.2242
2026-03-28 21:40:54 | DEBUG | sivi:base_runner.py:507| eval_ksd | Epoch 6140, VI KSD: -0.0005
2026-03-28 21:40:55 | DEBUG | sivi:base_runner.py:337| eval_kl_ite | Epoch 6150, VI KL to baseline: -0.0020
2026-03-28 21:40:55 | DEBUG | sivi:base_reverse_runner.py:261| eval_kl_ite | Epoch 6150, Reverse Model KL ITE: 0.0140
2026-03-28 21:40:55 | DEBUG | sivi:base_runner.py:347| eval_w2 | Epoch 6150, VI W2 to baseline: 0.2912
2026-03-28 21:40:55 | DEBUG | sivi:base_reverse_runner.py:272| eval_w2 | Epoch 6150, Reverse Model W2: 0.0495
2026-03-28 21:40:55 | DEBUG | sivi:base_runner.py:477| eval_elbo | Epoch 6150, ELBO: 1.6599, Std Total: 27.3445, Std Q: nan, CI Half: 2.3969
2026-03-28 21:40:55 | DEBUG | sivi:base_runner.py:507| eval_ksd | Epoch 6150, VI KSD: -0.0024
2026-03-28 21:40:55 | DEBUG | sivi:base_runner.py:337| eval_kl_ite | Epoch 6160, VI KL to baseline: 0.0085
2026-03-28 21:40:56 | DEBUG | sivi:base_reverse_runner.py:261| eval_kl_ite | Epoch 6160, Reverse Model KL ITE: 0.0029
2026-03-28 21:40:56 | DEBUG | sivi:base_runner.py:347| eval_w2 | Epoch 6160, VI W2 to baseline: 0.3128
2026-03-28 21:40:56 | DEBUG | sivi:base_reverse_runner.py:272| eval_w2 | Epoch 6160, Reverse Model W2: 0.0373
2026-03-28 21:40:56 | DEBUG | sivi:base_runner.py:477| eval_elbo | Epoch 6160, ELBO: 2.4583, Std Total: 38.1017, Std Q: nan, CI Half: 3.3398
2026-03-28 21:40:56 | DEBUG | sivi:base_runner.py:507| eval_ksd | Epoch 6160, VI KSD: -0.0025
2026-03-28 21:40:56 | DEBUG | sivi:base_runner.py:337| eval_kl_ite | Epoch 6170, VI KL to baseline: 0.0142
2026-03-28 21:40:56 | DEBUG | sivi:base_reverse_runner.py:261| eval_kl_ite | Epoch 6170, Reverse Model KL ITE: -0.0022
2026-03-28 21:40:56 | DEBUG | sivi:base_runner.py:347| eval_w2 | Epoch 6170, VI W2 to baseline: 0.3187
2026-03-28 21:40:56 | DEBUG | sivi:base_reverse_runner.py:272| eval_w2 | Epoch 6170, Reverse Model W2: 0.0485
2026-03-28 21:40:56 | DEBUG | sivi:base_runner.py:477| eval_elbo | Epoch 6170, ELBO: 2.2337, Std Total: 25.6418, Std Q: nan, CI Half: 2.2476
2026-03-28 21:40:56 | DEBUG | sivi:base_runner.py:507| eval_ksd | Epoch 6170, VI KSD: 0.0050
2026-03-28 21:40:57 | DEBUG | sivi:base_runner.py:337| eval_kl_ite | Epoch 6180, VI KL to baseline: 0.0010
2026-03-28 21:40:57 | DEBUG | sivi:base_reverse_runner.py:261| eval_kl_ite | Epoch 6180, Reverse Model KL ITE: 0.0155
2026-03-28 21:40:57 | DEBUG | sivi:base_runner.py:347| eval_w2 | Epoch 6180, VI W2 to baseline: 0.2979
2026-03-28 21:40:57 | DEBUG | sivi:base_reverse_runner.py:272| eval_w2 | Epoch 6180, Reverse Model W2: 0.0506
2026-03-28 21:40:57 | DEBUG | sivi:base_runner.py:477| eval_elbo | Epoch 6180, ELBO: 5.6060, Std Total: 61.8949, Std Q: nan, CI Half: 5.4253
2026-03-28 21:40:57 | DEBUG | sivi:base_runner.py:507| eval_ksd | Epoch 6180, VI KSD: -0.0022
2026-03-28 21:40:57 | DEBUG | sivi:base_runner.py:337| eval_kl_ite | Epoch 6190, VI KL to baseline: 0.0323
2026-03-28 21:40:58 | DEBUG | sivi:base_reverse_runner.py:261| eval_kl_ite | Epoch 6190, Reverse Model KL ITE: 0.0135
2026-03-28 21:40:58 | DEBUG | sivi:base_runner.py:347| eval_w2 | Epoch 6190, VI W2 to baseline: 0.3037
2026-03-28 21:40:58 | DEBUG | sivi:base_reverse_runner.py:272| eval_w2 | Epoch 6190, Reverse Model W2: 0.0530
2026-03-28 21:40:58 | DEBUG | sivi:base_runner.py:477| eval_elbo | Epoch 6190, ELBO: 2.3927, Std Total: 19.3428, Std Q: nan, CI Half: 1.6955
2026-03-28 21:40:58 | DEBUG | sivi:base_runner.py:507| eval_ksd | Epoch 6190, VI KSD: 0.0208
2026-03-28 21:40:58 | DEBUG | sivi:base_runner.py:874| learn | Epoch 6200: Avg Loss: 0.0603, Avg Epoch Time: 0.0638s
2026-03-28 21:40:58 | DEBUG | sivi:base_runner.py:337| eval_kl_ite | Epoch 6200, VI KL to baseline: 0.0021
2026-03-28 21:40:58 | DEBUG | sivi:base_reverse_runner.py:261| eval_kl_ite | Epoch 6200, Reverse Model KL ITE: -0.0081
2026-03-28 21:40:58 | DEBUG | sivi:base_runner.py:347| eval_w2 | Epoch 6200, VI W2 to baseline: 0.3178
2026-03-28 21:40:58 | DEBUG | sivi:base_reverse_runner.py:272| eval_w2 | Epoch 6200, Reverse Model W2: 0.0436
2026-03-28 21:40:58 | DEBUG | sivi:base_runner.py:477| eval_elbo | Epoch 6200, ELBO: 1.3805, Std Total: 17.6276, Std Q: nan, CI Half: 1.5451
2026-03-28 21:40:58 | DEBUG | sivi:base_runner.py:507| eval_ksd | Epoch 6200, VI KSD: 0.0102
2026-03-28 21:40:59 | DEBUG | sivi:base_runner.py:337| eval_kl_ite | Epoch 6210, VI KL to baseline: 0.0329
2026-03-28 21:40:59 | DEBUG | sivi:base_reverse_runner.py:261| eval_kl_ite | Epoch 6210, Reverse Model KL ITE: -0.0039
2026-03-28 21:40:59 | DEBUG | sivi:base_runner.py:347| eval_w2 | Epoch 6210, VI W2 to baseline: 0.3025
2026-03-28 21:40:59 | DEBUG | sivi:base_reverse_runner.py:272| eval_w2 | Epoch 6210, Reverse Model W2: 0.0482
2026-03-28 21:40:59 | DEBUG | sivi:base_runner.py:477| eval_elbo | Epoch 6210, ELBO: 1.7684, Std Total: 35.5120, Std Q: nan, CI Half: 3.1128
2026-03-28 21:40:59 | DEBUG | sivi:base_runner.py:507| eval_ksd | Epoch 6210, VI KSD: 0.0144
2026-03-28 21:40:59 | DEBUG | sivi:base_runner.py:337| eval_kl_ite | Epoch 6220, VI KL to baseline: 0.0164
2026-03-28 21:41:00 | DEBUG | sivi:base_reverse_runner.py:261| eval_kl_ite | Epoch 6220, Reverse Model KL ITE: 0.0096
2026-03-28 21:41:00 | DEBUG | sivi:base_runner.py:347| eval_w2 | Epoch 6220, VI W2 to baseline: 0.3168
2026-03-28 21:41:00 | DEBUG | sivi:base_reverse_runner.py:272| eval_w2 | Epoch 6220, Reverse Model W2: 0.0427
2026-03-28 21:41:00 | DEBUG | sivi:base_runner.py:477| eval_elbo | Epoch 6220, ELBO: 4.6793, Std Total: 45.2069, Std Q: nan, CI Half: 3.9626
2026-03-28 21:41:00 | DEBUG | sivi:base_runner.py:507| eval_ksd | Epoch 6220, VI KSD: 0.0222
2026-03-28 21:41:00 | DEBUG | sivi:base_runner.py:337| eval_kl_ite | Epoch 6230, VI KL to baseline: 0.0233
2026-03-28 21:41:00 | DEBUG | sivi:base_reverse_runner.py:261| eval_kl_ite | Epoch 6230, Reverse Model KL ITE: -0.0308
2026-03-28 21:41:00 | DEBUG | sivi:base_runner.py:347| eval_w2 | Epoch 6230, VI W2 to baseline: 0.2980
2026-03-28 21:41:00 | DEBUG | sivi:base_reverse_runner.py:272| eval_w2 | Epoch 6230, Reverse Model W2: 0.0384
2026-03-28 21:41:00 | DEBUG | sivi:base_runner.py:477| eval_elbo | Epoch 6230, ELBO: 0.6788, Std Total: 6.4307, Std Q: nan, CI Half: 0.5637
2026-03-28 21:41:00 | DEBUG | sivi:base_runner.py:507| eval_ksd | Epoch 6230, VI KSD: -0.0042
2026-03-28 21:41:00 | DEBUG | sivi:base_runner.py:337| eval_kl_ite | Epoch 6240, VI KL to baseline: 0.0043
2026-03-28 21:41:01 | DEBUG | sivi:base_reverse_runner.py:261| eval_kl_ite | Epoch 6240, Reverse Model KL ITE: 0.0062
2026-03-28 21:41:01 | DEBUG | sivi:base_runner.py:347| eval_w2 | Epoch 6240, VI W2 to baseline: 0.3055
2026-03-28 21:41:01 | DEBUG | sivi:base_reverse_runner.py:272| eval_w2 | Epoch 6240, Reverse Model W2: 0.0386
2026-03-28 21:41:01 | DEBUG | sivi:base_runner.py:477| eval_elbo | Epoch 6240, ELBO: 0.4788, Std Total: 5.3209, Std Q: nan, CI Half: 0.4664
2026-03-28 21:41:01 | DEBUG | sivi:base_runner.py:507| eval_ksd | Epoch 6240, VI KSD: 0.0050
2026-03-28 21:41:01 | DEBUG | sivi:base_runner.py:337| eval_kl_ite | Epoch 6250, VI KL to baseline: 0.0008
2026-03-28 21:41:01 | DEBUG | sivi:base_reverse_runner.py:261| eval_kl_ite | Epoch 6250, Reverse Model KL ITE: 0.0137
2026-03-28 21:41:01 | DEBUG | sivi:base_runner.py:347| eval_w2 | Epoch 6250, VI W2 to baseline: 0.3349
2026-03-28 21:41:01 | DEBUG | sivi:base_reverse_runner.py:272| eval_w2 | Epoch 6250, Reverse Model W2: 0.0495
2026-03-28 21:41:01 | DEBUG | sivi:base_runner.py:477| eval_elbo | Epoch 6250, ELBO: 0.3627, Std Total: 3.3536, Std Q: nan, CI Half: 0.2940
2026-03-28 21:41:01 | DEBUG | sivi:base_runner.py:507| eval_ksd | Epoch 6250, VI KSD: 0.0037
2026-03-28 21:41:02 | DEBUG | sivi:base_runner.py:337| eval_kl_ite | Epoch 6260, VI KL to baseline: 0.0160
2026-03-28 21:41:02 | DEBUG | sivi:base_reverse_runner.py:261| eval_kl_ite | Epoch 6260, Reverse Model KL ITE: -0.0039
2026-03-28 21:41:02 | DEBUG | sivi:base_runner.py:347| eval_w2 | Epoch 6260, VI W2 to baseline: 0.2599
2026-03-28 21:41:02 | DEBUG | sivi:base_reverse_runner.py:272| eval_w2 | Epoch 6260, Reverse Model W2: 0.0389
2026-03-28 21:41:02 | DEBUG | sivi:base_runner.py:477| eval_elbo | Epoch 6260, ELBO: 1.2269, Std Total: 17.1708, Std Q: nan, CI Half: 1.5051
2026-03-28 21:41:02 | DEBUG | sivi:base_runner.py:507| eval_ksd | Epoch 6260, VI KSD: -0.0027
2026-03-28 21:41:02 | DEBUG | sivi:base_runner.py:337| eval_kl_ite | Epoch 6270, VI KL to baseline: 0.0020
2026-03-28 21:41:02 | DEBUG | sivi:base_reverse_runner.py:261| eval_kl_ite | Epoch 6270, Reverse Model KL ITE: 0.0126
2026-03-28 21:41:02 | DEBUG | sivi:base_runner.py:347| eval_w2 | Epoch 6270, VI W2 to baseline: 0.3163
2026-03-28 21:41:02 | DEBUG | sivi:base_reverse_runner.py:272| eval_w2 | Epoch 6270, Reverse Model W2: 0.0405
2026-03-28 21:41:02 | DEBUG | sivi:base_runner.py:477| eval_elbo | Epoch 6270, ELBO: 0.2168, Std Total: 2.7321, Std Q: nan, CI Half: 0.2395
2026-03-28 21:41:02 | DEBUG | sivi:base_runner.py:507| eval_ksd | Epoch 6270, VI KSD: -0.0022
2026-03-28 21:41:03 | DEBUG | sivi:base_runner.py:337| eval_kl_ite | Epoch 6280, VI KL to baseline: 0.0371
2026-03-28 21:41:03 | DEBUG | sivi:base_reverse_runner.py:261| eval_kl_ite | Epoch 6280, Reverse Model KL ITE: 0.0123
2026-03-28 21:41:03 | DEBUG | sivi:base_runner.py:347| eval_w2 | Epoch 6280, VI W2 to baseline: 0.3310
2026-03-28 21:41:03 | DEBUG | sivi:base_reverse_runner.py:272| eval_w2 | Epoch 6280, Reverse Model W2: 0.0355
2026-03-28 21:41:03 | DEBUG | sivi:base_runner.py:477| eval_elbo | Epoch 6280, ELBO: 0.2773, Std Total: 3.4951, Std Q: nan, CI Half: 0.3064
2026-03-28 21:41:03 | DEBUG | sivi:base_runner.py:507| eval_ksd | Epoch 6280, VI KSD: -0.0011
2026-03-28 21:41:04 | DEBUG | sivi:base_runner.py:337| eval_kl_ite | Epoch 6290, VI KL to baseline: 0.0037
2026-03-28 21:41:04 | DEBUG | sivi:base_reverse_runner.py:261| eval_kl_ite | Epoch 6290, Reverse Model KL ITE: -0.0148
2026-03-28 21:41:04 | DEBUG | sivi:base_runner.py:347| eval_w2 | Epoch 6290, VI W2 to baseline: 0.3138
2026-03-28 21:41:04 | DEBUG | sivi:base_reverse_runner.py:272| eval_w2 | Epoch 6290, Reverse Model W2: 0.0356
2026-03-28 21:41:04 | DEBUG | sivi:base_runner.py:477| eval_elbo | Epoch 6290, ELBO: 0.3391, Std Total: 2.8264, Std Q: nan, CI Half: 0.2477
2026-03-28 21:41:04 | DEBUG | sivi:base_runner.py:507| eval_ksd | Epoch 6290, VI KSD: 0.0013
2026-03-28 21:41:04 | DEBUG | sivi:base_runner.py:874| learn | Epoch 6300: Avg Loss: 0.0574, Avg Epoch Time: 0.0602s
2026-03-28 21:41:04 | DEBUG | sivi:base_runner.py:337| eval_kl_ite | Epoch 6300, VI KL to baseline: 0.0150
2026-03-28 21:41:04 | DEBUG | sivi:base_reverse_runner.py:261| eval_kl_ite | Epoch 6300, Reverse Model KL ITE: -0.0238
2026-03-28 21:41:04 | DEBUG | sivi:base_runner.py:347| eval_w2 | Epoch 6300, VI W2 to baseline: 0.3002
2026-03-28 21:41:04 | DEBUG | sivi:base_reverse_runner.py:272| eval_w2 | Epoch 6300, Reverse Model W2: 0.0486
2026-03-28 21:41:04 | DEBUG | sivi:base_runner.py:477| eval_elbo | Epoch 6300, ELBO: 0.4788, Std Total: 4.3684, Std Q: nan, CI Half: 0.3829
2026-03-28 21:41:04 | DEBUG | sivi:base_runner.py:507| eval_ksd | Epoch 6300, VI KSD: -0.0017
2026-03-28 21:41:05 | DEBUG | sivi:base_runner.py:337| eval_kl_ite | Epoch 6310, VI KL to baseline: 0.0079
2026-03-28 21:41:05 | DEBUG | sivi:base_reverse_runner.py:261| eval_kl_ite | Epoch 6310, Reverse Model KL ITE: 0.0070
2026-03-28 21:41:05 | DEBUG | sivi:base_runner.py:347| eval_w2 | Epoch 6310, VI W2 to baseline: 0.2986
2026-03-28 21:41:05 | DEBUG | sivi:base_reverse_runner.py:272| eval_w2 | Epoch 6310, Reverse Model W2: 0.0373
2026-03-28 21:41:05 | DEBUG | sivi:base_runner.py:477| eval_elbo | Epoch 6310, ELBO: 1.2331, Std Total: 22.3808, Std Q: nan, CI Half: 1.9618
2026-03-28 21:41:05 | DEBUG | sivi:base_runner.py:507| eval_ksd | Epoch 6310, VI KSD: -0.0051
2026-03-28 21:41:05 | DEBUG | sivi:base_runner.py:337| eval_kl_ite | Epoch 6320, VI KL to baseline: 0.0270
2026-03-28 21:41:06 | DEBUG | sivi:base_reverse_runner.py:261| eval_kl_ite | Epoch 6320, Reverse Model KL ITE: 0.0031
2026-03-28 21:41:06 | DEBUG | sivi:base_runner.py:347| eval_w2 | Epoch 6320, VI W2 to baseline: 0.3011
2026-03-28 21:41:06 | DEBUG | sivi:base_reverse_runner.py:272| eval_w2 | Epoch 6320, Reverse Model W2: 0.0384
2026-03-28 21:41:06 | DEBUG | sivi:base_runner.py:477| eval_elbo | Epoch 6320, ELBO: 1.2359, Std Total: 13.4943, Std Q: nan, CI Half: 1.1828
2026-03-28 21:41:06 | DEBUG | sivi:base_runner.py:507| eval_ksd | Epoch 6320, VI KSD: 0.0109
2026-03-28 21:41:06 | DEBUG | sivi:base_runner.py:337| eval_kl_ite | Epoch 6330, VI KL to baseline: -0.0001
2026-03-28 21:41:06 | DEBUG | sivi:base_reverse_runner.py:261| eval_kl_ite | Epoch 6330, Reverse Model KL ITE: 0.0116
2026-03-28 21:41:06 | DEBUG | sivi:base_runner.py:347| eval_w2 | Epoch 6330, VI W2 to baseline: 0.3197
2026-03-28 21:41:06 | DEBUG | sivi:base_reverse_runner.py:272| eval_w2 | Epoch 6330, Reverse Model W2: 0.0451
2026-03-28 21:41:06 | DEBUG | sivi:base_runner.py:477| eval_elbo | Epoch 6330, ELBO: 0.7297, Std Total: 10.4750, Std Q: nan, CI Half: 0.9182
2026-03-28 21:41:06 | DEBUG | sivi:base_runner.py:507| eval_ksd | Epoch 6330, VI KSD: -0.0011
2026-03-28 21:41:07 | DEBUG | sivi:base_runner.py:337| eval_kl_ite | Epoch 6340, VI KL to baseline: 0.0168
2026-03-28 21:41:07 | DEBUG | sivi:base_reverse_runner.py:261| eval_kl_ite | Epoch 6340, Reverse Model KL ITE: 0.0069
2026-03-28 21:41:07 | DEBUG | sivi:base_runner.py:347| eval_w2 | Epoch 6340, VI W2 to baseline: 0.3192
2026-03-28 21:41:07 | DEBUG | sivi:base_reverse_runner.py:272| eval_w2 | Epoch 6340, Reverse Model W2: 0.0368
2026-03-28 21:41:07 | DEBUG | sivi:base_runner.py:477| eval_elbo | Epoch 6340, ELBO: 0.4461, Std Total: 5.6128, Std Q: nan, CI Half: 0.4920
2026-03-28 21:41:07 | DEBUG | sivi:base_runner.py:507| eval_ksd | Epoch 6340, VI KSD: 0.0001
2026-03-28 21:41:07 | DEBUG | sivi:base_runner.py:337| eval_kl_ite | Epoch 6350, VI KL to baseline: 0.0380
2026-03-28 21:41:07 | DEBUG | sivi:base_reverse_runner.py:261| eval_kl_ite | Epoch 6350, Reverse Model KL ITE: 0.0172
2026-03-28 21:41:07 | DEBUG | sivi:base_runner.py:347| eval_w2 | Epoch 6350, VI W2 to baseline: 0.3286
2026-03-28 21:41:07 | DEBUG | sivi:base_reverse_runner.py:272| eval_w2 | Epoch 6350, Reverse Model W2: 0.0423
2026-03-28 21:41:07 | DEBUG | sivi:base_runner.py:477| eval_elbo | Epoch 6350, ELBO: 0.5540, Std Total: 4.5416, Std Q: nan, CI Half: 0.3981
2026-03-28 21:41:07 | DEBUG | sivi:base_runner.py:507| eval_ksd | Epoch 6350, VI KSD: 0.0097
2026-03-28 21:41:08 | DEBUG | sivi:base_runner.py:337| eval_kl_ite | Epoch 6360, VI KL to baseline: 0.0318
2026-03-28 21:41:08 | DEBUG | sivi:base_reverse_runner.py:261| eval_kl_ite | Epoch 6360, Reverse Model KL ITE: 0.0129
2026-03-28 21:41:08 | DEBUG | sivi:base_runner.py:347| eval_w2 | Epoch 6360, VI W2 to baseline: 0.3227
2026-03-28 21:41:08 | DEBUG | sivi:base_reverse_runner.py:272| eval_w2 | Epoch 6360, Reverse Model W2: 0.0413
2026-03-28 21:41:08 | DEBUG | sivi:base_runner.py:477| eval_elbo | Epoch 6360, ELBO: 0.6721, Std Total: 6.7944, Std Q: nan, CI Half: 0.5956
2026-03-28 21:41:08 | DEBUG | sivi:base_runner.py:507| eval_ksd | Epoch 6360, VI KSD: 0.0003
2026-03-28 21:41:09 | DEBUG | sivi:base_runner.py:337| eval_kl_ite | Epoch 6370, VI KL to baseline: 0.0014
2026-03-28 21:41:09 | DEBUG | sivi:base_reverse_runner.py:261| eval_kl_ite | Epoch 6370, Reverse Model KL ITE: 0.0032
2026-03-28 21:41:09 | DEBUG | sivi:base_runner.py:347| eval_w2 | Epoch 6370, VI W2 to baseline: 0.2951
2026-03-28 21:41:09 | DEBUG | sivi:base_reverse_runner.py:272| eval_w2 | Epoch 6370, Reverse Model W2: 0.0400
2026-03-28 21:41:09 | DEBUG | sivi:base_runner.py:477| eval_elbo | Epoch 6370, ELBO: 0.3609, Std Total: 4.1072, Std Q: nan, CI Half: 0.3600
2026-03-28 21:41:09 | DEBUG | sivi:base_runner.py:507| eval_ksd | Epoch 6370, VI KSD: -0.0018
2026-03-28 21:41:09 | DEBUG | sivi:base_runner.py:337| eval_kl_ite | Epoch 6380, VI KL to baseline: 0.0073
2026-03-28 21:41:09 | DEBUG | sivi:base_reverse_runner.py:261| eval_kl_ite | Epoch 6380, Reverse Model KL ITE: 0.0142
2026-03-28 21:41:09 | DEBUG | sivi:base_runner.py:347| eval_w2 | Epoch 6380, VI W2 to baseline: 0.3151
2026-03-28 21:41:09 | DEBUG | sivi:base_reverse_runner.py:272| eval_w2 | Epoch 6380, Reverse Model W2: 0.0462
2026-03-28 21:41:09 | DEBUG | sivi:base_runner.py:477| eval_elbo | Epoch 6380, ELBO: 2.2097, Std Total: 32.0704, Std Q: nan, CI Half: 2.8111
2026-03-28 21:41:09 | DEBUG | sivi:base_runner.py:507| eval_ksd | Epoch 6380, VI KSD: -0.0039
2026-03-28 21:41:10 | DEBUG | sivi:base_runner.py:337| eval_kl_ite | Epoch 6390, VI KL to baseline: 0.0136
2026-03-28 21:41:10 | DEBUG | sivi:base_reverse_runner.py:261| eval_kl_ite | Epoch 6390, Reverse Model KL ITE: -0.0027
2026-03-28 21:41:10 | DEBUG | sivi:base_runner.py:347| eval_w2 | Epoch 6390, VI W2 to baseline: 0.2920
2026-03-28 21:41:10 | DEBUG | sivi:base_reverse_runner.py:272| eval_w2 | Epoch 6390, Reverse Model W2: 0.0362
2026-03-28 21:41:10 | DEBUG | sivi:base_runner.py:477| eval_elbo | Epoch 6390, ELBO: 0.3322, Std Total: 4.7313, Std Q: nan, CI Half: 0.4147
2026-03-28 21:41:10 | DEBUG | sivi:base_runner.py:507| eval_ksd | Epoch 6390, VI KSD: 0.0054
2026-03-28 21:41:10 | DEBUG | sivi:base_runner.py:874| learn | Epoch 6400: Avg Loss: 0.0012, Avg Epoch Time: 0.0612s
2026-03-28 21:41:10 | DEBUG | sivi:base_runner.py:337| eval_kl_ite | Epoch 6400, VI KL to baseline: -0.0040
2026-03-28 21:41:10 | DEBUG | sivi:base_reverse_runner.py:261| eval_kl_ite | Epoch 6400, Reverse Model KL ITE: -0.0005
2026-03-28 21:41:10 | DEBUG | sivi:base_runner.py:347| eval_w2 | Epoch 6400, VI W2 to baseline: 0.3042
2026-03-28 21:41:10 | DEBUG | sivi:base_reverse_runner.py:272| eval_w2 | Epoch 6400, Reverse Model W2: 0.0406
2026-03-28 21:41:10 | DEBUG | sivi:base_runner.py:477| eval_elbo | Epoch 6400, ELBO: 3.7446, Std Total: 42.9683, Std Q: nan, CI Half: 3.7663
2026-03-28 21:41:10 | DEBUG | sivi:base_runner.py:507| eval_ksd | Epoch 6400, VI KSD: 0.0022
2026-03-28 21:41:11 | DEBUG | sivi:base_runner.py:337| eval_kl_ite | Epoch 6410, VI KL to baseline: 0.0110
2026-03-28 21:41:11 | DEBUG | sivi:base_reverse_runner.py:261| eval_kl_ite | Epoch 6410, Reverse Model KL ITE: 0.0135
2026-03-28 21:41:11 | DEBUG | sivi:base_runner.py:347| eval_w2 | Epoch 6410, VI W2 to baseline: 0.2822
2026-03-28 21:41:11 | DEBUG | sivi:base_reverse_runner.py:272| eval_w2 | Epoch 6410, Reverse Model W2: 0.0461
2026-03-28 21:41:11 | DEBUG | sivi:base_runner.py:477| eval_elbo | Epoch 6410, ELBO: 1.0066, Std Total: 11.8029, Std Q: nan, CI Half: 1.0346
2026-03-28 21:41:11 | DEBUG | sivi:base_runner.py:507| eval_ksd | Epoch 6410, VI KSD: 0.0041
2026-03-28 21:41:11 | DEBUG | sivi:base_runner.py:337| eval_kl_ite | Epoch 6420, VI KL to baseline: 0.0056
2026-03-28 21:41:12 | DEBUG | sivi:base_reverse_runner.py:261| eval_kl_ite | Epoch 6420, Reverse Model KL ITE: -0.0097
2026-03-28 21:41:12 | DEBUG | sivi:base_runner.py:347| eval_w2 | Epoch 6420, VI W2 to baseline: 0.3359
2026-03-28 21:41:12 | DEBUG | sivi:base_reverse_runner.py:272| eval_w2 | Epoch 6420, Reverse Model W2: 0.0420
2026-03-28 21:41:12 | DEBUG | sivi:base_runner.py:477| eval_elbo | Epoch 6420, ELBO: 1.2048, Std Total: 14.2825, Std Q: nan, CI Half: 1.2519
2026-03-28 21:41:12 | DEBUG | sivi:base_runner.py:507| eval_ksd | Epoch 6420, VI KSD: -0.0061
2026-03-28 21:41:12 | DEBUG | sivi:base_runner.py:337| eval_kl_ite | Epoch 6430, VI KL to baseline: 0.0206
2026-03-28 21:41:12 | DEBUG | sivi:base_reverse_runner.py:261| eval_kl_ite | Epoch 6430, Reverse Model KL ITE: -0.0016
2026-03-28 21:41:12 | DEBUG | sivi:base_runner.py:347| eval_w2 | Epoch 6430, VI W2 to baseline: 0.2820
2026-03-28 21:41:12 | DEBUG | sivi:base_reverse_runner.py:272| eval_w2 | Epoch 6430, Reverse Model W2: 0.0345
2026-03-28 21:41:12 | DEBUG | sivi:base_runner.py:477| eval_elbo | Epoch 6430, ELBO: 1.0615, Std Total: 15.4056, Std Q: nan, CI Half: 1.3504
2026-03-28 21:41:12 | DEBUG | sivi:base_runner.py:507| eval_ksd | Epoch 6430, VI KSD: 0.0026
2026-03-28 21:41:13 | DEBUG | sivi:base_runner.py:337| eval_kl_ite | Epoch 6440, VI KL to baseline: 0.0126
2026-03-28 21:41:13 | DEBUG | sivi:base_reverse_runner.py:261| eval_kl_ite | Epoch 6440, Reverse Model KL ITE: 0.0063
2026-03-28 21:41:13 | DEBUG | sivi:base_runner.py:347| eval_w2 | Epoch 6440, VI W2 to baseline: 0.3209
2026-03-28 21:41:13 | DEBUG | sivi:base_reverse_runner.py:272| eval_w2 | Epoch 6440, Reverse Model W2: 0.0362
2026-03-28 21:41:13 | DEBUG | sivi:base_runner.py:477| eval_elbo | Epoch 6440, ELBO: 0.9034, Std Total: 14.2043, Std Q: nan, CI Half: 1.2451
2026-03-28 21:41:13 | DEBUG | sivi:base_runner.py:507| eval_ksd | Epoch 6440, VI KSD: 0.0047
2026-03-28 21:41:13 | DEBUG | sivi:base_runner.py:337| eval_kl_ite | Epoch 6450, VI KL to baseline: 0.0009
2026-03-28 21:41:13 | DEBUG | sivi:base_reverse_runner.py:261| eval_kl_ite | Epoch 6450, Reverse Model KL ITE: -0.0136
2026-03-28 21:41:13 | DEBUG | sivi:base_runner.py:347| eval_w2 | Epoch 6450, VI W2 to baseline: 0.3116
2026-03-28 21:41:13 | DEBUG | sivi:base_reverse_runner.py:272| eval_w2 | Epoch 6450, Reverse Model W2: 0.0358
2026-03-28 21:41:13 | DEBUG | sivi:base_runner.py:477| eval_elbo | Epoch 6450, ELBO: 0.4513, Std Total: 6.5419, Std Q: nan, CI Half: 0.5734
2026-03-28 21:41:13 | DEBUG | sivi:base_runner.py:507| eval_ksd | Epoch 6450, VI KSD: 0.0038
2026-03-28 21:41:14 | DEBUG | sivi:base_runner.py:337| eval_kl_ite | Epoch 6460, VI KL to baseline: 0.0122
2026-03-28 21:41:14 | DEBUG | sivi:base_reverse_runner.py:261| eval_kl_ite | Epoch 6460, Reverse Model KL ITE: 0.0021
2026-03-28 21:41:14 | DEBUG | sivi:base_runner.py:347| eval_w2 | Epoch 6460, VI W2 to baseline: 0.3265
2026-03-28 21:41:14 | DEBUG | sivi:base_reverse_runner.py:272| eval_w2 | Epoch 6460, Reverse Model W2: 0.0392
2026-03-28 21:41:14 | DEBUG | sivi:base_runner.py:477| eval_elbo | Epoch 6460, ELBO: 0.1885, Std Total: 2.0509, Std Q: nan, CI Half: 0.1798
2026-03-28 21:41:14 | DEBUG | sivi:base_runner.py:507| eval_ksd | Epoch 6460, VI KSD: 0.0009
2026-03-28 21:41:15 | DEBUG | sivi:base_runner.py:337| eval_kl_ite | Epoch 6470, VI KL to baseline: 0.0053
2026-03-28 21:41:15 | DEBUG | sivi:base_reverse_runner.py:261| eval_kl_ite | Epoch 6470, Reverse Model KL ITE: -0.0006
2026-03-28 21:41:15 | DEBUG | sivi:base_runner.py:347| eval_w2 | Epoch 6470, VI W2 to baseline: 0.2880
2026-03-28 21:41:15 | DEBUG | sivi:base_reverse_runner.py:272| eval_w2 | Epoch 6470, Reverse Model W2: 0.0482
2026-03-28 21:41:15 | DEBUG | sivi:base_runner.py:477| eval_elbo | Epoch 6470, ELBO: 0.2126, Std Total: 2.5706, Std Q: nan, CI Half: 0.2253
2026-03-28 21:41:15 | DEBUG | sivi:base_runner.py:507| eval_ksd | Epoch 6470, VI KSD: -0.0070
2026-03-28 21:41:15 | DEBUG | sivi:base_runner.py:337| eval_kl_ite | Epoch 6480, VI KL to baseline: 0.0157
2026-03-28 21:41:15 | DEBUG | sivi:base_reverse_runner.py:261| eval_kl_ite | Epoch 6480, Reverse Model KL ITE: -0.0008
2026-03-28 21:41:15 | DEBUG | sivi:base_runner.py:347| eval_w2 | Epoch 6480, VI W2 to baseline: 0.3078
2026-03-28 21:41:15 | DEBUG | sivi:base_reverse_runner.py:272| eval_w2 | Epoch 6480, Reverse Model W2: 0.0423
2026-03-28 21:41:15 | DEBUG | sivi:base_runner.py:477| eval_elbo | Epoch 6480, ELBO: 0.2800, Std Total: 2.7441, Std Q: nan, CI Half: 0.2405
2026-03-28 21:41:15 | DEBUG | sivi:base_runner.py:507| eval_ksd | Epoch 6480, VI KSD: -0.0017
2026-03-28 21:41:16 | DEBUG | sivi:base_runner.py:337| eval_kl_ite | Epoch 6490, VI KL to baseline: 0.0039
2026-03-28 21:41:16 | DEBUG | sivi:base_reverse_runner.py:261| eval_kl_ite | Epoch 6490, Reverse Model KL ITE: 0.0247
2026-03-28 21:41:16 | DEBUG | sivi:base_runner.py:347| eval_w2 | Epoch 6490, VI W2 to baseline: 0.3084
2026-03-28 21:41:16 | DEBUG | sivi:base_reverse_runner.py:272| eval_w2 | Epoch 6490, Reverse Model W2: 0.0447
2026-03-28 21:41:16 | DEBUG | sivi:base_runner.py:477| eval_elbo | Epoch 6490, ELBO: 0.7294, Std Total: 9.0971, Std Q: nan, CI Half: 0.7974
2026-03-28 21:41:16 | DEBUG | sivi:base_runner.py:507| eval_ksd | Epoch 6490, VI KSD: 0.0025
2026-03-28 21:41:16 | DEBUG | sivi:base_runner.py:874| learn | Epoch 6500: Avg Loss: -0.0178, Avg Epoch Time: 0.0625s
2026-03-28 21:41:16 | DEBUG | sivi:base_reverse_runner.py:183| _training_rev_log_func | Epoch 6500, Inner epoch 1, Reverse Model Loss: 2.8744, Avg Steps: 1.0000
2026-03-28 21:41:16 | DEBUG | sivi:base_runner.py:588| save_samples | Saved 100000 samples at epoch 6500.
2026-03-28 21:41:17 | DEBUG | sivi:base_runner.py:337| eval_kl_ite | Epoch 6500, VI KL to baseline: 0.0059
2026-03-28 21:41:17 | DEBUG | sivi:base_reverse_runner.py:261| eval_kl_ite | Epoch 6500, Reverse Model KL ITE: 0.0024
2026-03-28 21:41:17 | DEBUG | sivi:base_runner.py:347| eval_w2 | Epoch 6500, VI W2 to baseline: 0.3132
2026-03-28 21:41:17 | DEBUG | sivi:base_reverse_runner.py:272| eval_w2 | Epoch 6500, Reverse Model W2: 0.0420
2026-03-28 21:41:17 | DEBUG | sivi:base_runner.py:477| eval_elbo | Epoch 6500, ELBO: 4.2762, Std Total: 39.3952, Std Q: nan, CI Half: 3.4531
2026-03-28 21:41:17 | DEBUG | sivi:base_runner.py:507| eval_ksd | Epoch 6500, VI KSD: -0.0039
2026-03-28 21:41:17 | DEBUG | sivi:base_runner.py:970| learn | Saved contour plot at epoch 6500.
2026-03-28 21:41:17 | DEBUG | sivi:base_runner.py:337| eval_kl_ite | Epoch 6510, VI KL to baseline: 0.0070
2026-03-28 21:41:17 | DEBUG | sivi:base_reverse_runner.py:261| eval_kl_ite | Epoch 6510, Reverse Model KL ITE: 0.0126
2026-03-28 21:41:17 | DEBUG | sivi:base_runner.py:347| eval_w2 | Epoch 6510, VI W2 to baseline: 0.2917
2026-03-28 21:41:17 | DEBUG | sivi:base_reverse_runner.py:272| eval_w2 | Epoch 6510, Reverse Model W2: 0.0371
2026-03-28 21:41:17 | DEBUG | sivi:base_runner.py:477| eval_elbo | Epoch 6510, ELBO: 3.6536, Std Total: 67.4354, Std Q: nan, CI Half: 5.9110
2026-03-28 21:41:17 | DEBUG | sivi:base_runner.py:507| eval_ksd | Epoch 6510, VI KSD: -0.0032
2026-03-28 21:41:18 | DEBUG | sivi:base_runner.py:337| eval_kl_ite | Epoch 6520, VI KL to baseline: 0.0337
2026-03-28 21:41:18 | DEBUG | sivi:base_reverse_runner.py:261| eval_kl_ite | Epoch 6520, Reverse Model KL ITE: -0.0038
2026-03-28 21:41:18 | DEBUG | sivi:base_runner.py:347| eval_w2 | Epoch 6520, VI W2 to baseline: 0.2627
2026-03-28 21:41:18 | DEBUG | sivi:base_reverse_runner.py:272| eval_w2 | Epoch 6520, Reverse Model W2: 0.0395
2026-03-28 21:41:18 | DEBUG | sivi:base_runner.py:477| eval_elbo | Epoch 6520, ELBO: 3.8722, Std Total: 40.8579, Std Q: nan, CI Half: 3.5814
2026-03-28 21:41:18 | DEBUG | sivi:base_runner.py:507| eval_ksd | Epoch 6520, VI KSD: 0.0025
2026-03-28 21:41:18 | DEBUG | sivi:base_runner.py:337| eval_kl_ite | Epoch 6530, VI KL to baseline: 0.0132
2026-03-28 21:41:18 | DEBUG | sivi:base_reverse_runner.py:261| eval_kl_ite | Epoch 6530, Reverse Model KL ITE: 0.0093
2026-03-28 21:41:18 | DEBUG | sivi:base_runner.py:347| eval_w2 | Epoch 6530, VI W2 to baseline: 0.3092
2026-03-28 21:41:18 | DEBUG | sivi:base_reverse_runner.py:272| eval_w2 | Epoch 6530, Reverse Model W2: 0.0468
2026-03-28 21:41:18 | DEBUG | sivi:base_runner.py:477| eval_elbo | Epoch 6530, ELBO: 1.5841, Std Total: 17.6203, Std Q: nan, CI Half: 1.5445
2026-03-28 21:41:18 | DEBUG | sivi:base_runner.py:507| eval_ksd | Epoch 6530, VI KSD: 0.0013
2026-03-28 21:41:19 | DEBUG | sivi:base_runner.py:337| eval_kl_ite | Epoch 6540, VI KL to baseline: 0.0203
2026-03-28 21:41:19 | DEBUG | sivi:base_reverse_runner.py:261| eval_kl_ite | Epoch 6540, Reverse Model KL ITE: 0.0011
2026-03-28 21:41:19 | DEBUG | sivi:base_runner.py:347| eval_w2 | Epoch 6540, VI W2 to baseline: 0.3200
2026-03-28 21:41:19 | DEBUG | sivi:base_reverse_runner.py:272| eval_w2 | Epoch 6540, Reverse Model W2: 0.0546
2026-03-28 21:41:19 | DEBUG | sivi:base_runner.py:477| eval_elbo | Epoch 6540, ELBO: 2.1121, Std Total: 30.6749, Std Q: nan, CI Half: 2.6888
2026-03-28 21:41:19 | DEBUG | sivi:base_runner.py:507| eval_ksd | Epoch 6540, VI KSD: -0.0020
2026-03-28 21:41:19 | DEBUG | sivi:base_runner.py:337| eval_kl_ite | Epoch 6550, VI KL to baseline: 0.0251
2026-03-28 21:41:19 | DEBUG | sivi:base_reverse_runner.py:261| eval_kl_ite | Epoch 6550, Reverse Model KL ITE: 0.0245
2026-03-28 21:41:20 | DEBUG | sivi:base_runner.py:347| eval_w2 | Epoch 6550, VI W2 to baseline: 0.2843
2026-03-28 21:41:20 | DEBUG | sivi:base_reverse_runner.py:272| eval_w2 | Epoch 6550, Reverse Model W2: 0.0444
2026-03-28 21:41:20 | DEBUG | sivi:base_runner.py:477| eval_elbo | Epoch 6550, ELBO: 1.1704, Std Total: 19.1237, Std Q: nan, CI Half: 1.6763
2026-03-28 21:41:20 | DEBUG | sivi:base_runner.py:507| eval_ksd | Epoch 6550, VI KSD: -0.0063
2026-03-28 21:41:20 | DEBUG | sivi:base_runner.py:337| eval_kl_ite | Epoch 6560, VI KL to baseline: -0.0026
2026-03-28 21:41:20 | DEBUG | sivi:base_reverse_runner.py:261| eval_kl_ite | Epoch 6560, Reverse Model KL ITE: 0.0072
2026-03-28 21:41:20 | DEBUG | sivi:base_runner.py:347| eval_w2 | Epoch 6560, VI W2 to baseline: 0.3131
2026-03-28 21:41:20 | DEBUG | sivi:base_reverse_runner.py:272| eval_w2 | Epoch 6560, Reverse Model W2: 0.0383
2026-03-28 21:41:20 | DEBUG | sivi:base_runner.py:477| eval_elbo | Epoch 6560, ELBO: 0.0466, Std Total: 1.4790, Std Q: nan, CI Half: 0.1296
2026-03-28 21:41:20 | DEBUG | sivi:base_runner.py:507| eval_ksd | Epoch 6560, VI KSD: 0.0024
2026-03-28 21:41:21 | DEBUG | sivi:base_runner.py:337| eval_kl_ite | Epoch 6570, VI KL to baseline: 0.0128
2026-03-28 21:41:21 | DEBUG | sivi:base_reverse_runner.py:261| eval_kl_ite | Epoch 6570, Reverse Model KL ITE: -0.0018
2026-03-28 21:41:21 | DEBUG | sivi:base_runner.py:347| eval_w2 | Epoch 6570, VI W2 to baseline: 0.2833
2026-03-28 21:41:21 | DEBUG | sivi:base_reverse_runner.py:272| eval_w2 | Epoch 6570, Reverse Model W2: 0.0445
2026-03-28 21:41:21 | DEBUG | sivi:base_runner.py:477| eval_elbo | Epoch 6570, ELBO: 1.3852, Std Total: 26.4226, Std Q: nan, CI Half: 2.3160
2026-03-28 21:41:21 | DEBUG | sivi:base_runner.py:507| eval_ksd | Epoch 6570, VI KSD: -0.0028
2026-03-28 21:41:21 | DEBUG | sivi:base_runner.py:337| eval_kl_ite | Epoch 6580, VI KL to baseline: 0.0093
2026-03-28 21:41:21 | DEBUG | sivi:base_reverse_runner.py:261| eval_kl_ite | Epoch 6580, Reverse Model KL ITE: 0.0304
2026-03-28 21:41:21 | DEBUG | sivi:base_runner.py:347| eval_w2 | Epoch 6580, VI W2 to baseline: 0.3104
2026-03-28 21:41:21 | DEBUG | sivi:base_reverse_runner.py:272| eval_w2 | Epoch 6580, Reverse Model W2: 0.0371
2026-03-28 21:41:21 | DEBUG | sivi:base_runner.py:477| eval_elbo | Epoch 6580, ELBO: 0.3372, Std Total: 4.3502, Std Q: nan, CI Half: 0.3813
2026-03-28 21:41:21 | DEBUG | sivi:base_runner.py:507| eval_ksd | Epoch 6580, VI KSD: 0.0012
2026-03-28 21:41:22 | DEBUG | sivi:base_runner.py:337| eval_kl_ite | Epoch 6590, VI KL to baseline: 0.0005
2026-03-28 21:41:22 | DEBUG | sivi:base_reverse_runner.py:261| eval_kl_ite | Epoch 6590, Reverse Model KL ITE: 0.0040
2026-03-28 21:41:22 | DEBUG | sivi:base_runner.py:347| eval_w2 | Epoch 6590, VI W2 to baseline: 0.3046
2026-03-28 21:41:22 | DEBUG | sivi:base_reverse_runner.py:272| eval_w2 | Epoch 6590, Reverse Model W2: 0.0464
2026-03-28 21:41:22 | DEBUG | sivi:base_runner.py:477| eval_elbo | Epoch 6590, ELBO: 0.4156, Std Total: 6.1101, Std Q: nan, CI Half: 0.5356
2026-03-28 21:41:22 | DEBUG | sivi:base_runner.py:507| eval_ksd | Epoch 6590, VI KSD: 0.0045
2026-03-28 21:41:22 | DEBUG | sivi:base_runner.py:874| learn | Epoch 6600: Avg Loss: 0.0061, Avg Epoch Time: 0.0598s
2026-03-28 21:41:23 | DEBUG | sivi:base_runner.py:337| eval_kl_ite | Epoch 6600, VI KL to baseline: 0.0053
2026-03-28 21:41:23 | DEBUG | sivi:base_reverse_runner.py:261| eval_kl_ite | Epoch 6600, Reverse Model KL ITE: 0.0076
2026-03-28 21:41:23 | DEBUG | sivi:base_runner.py:347| eval_w2 | Epoch 6600, VI W2 to baseline: 0.3247
2026-03-28 21:41:23 | DEBUG | sivi:base_reverse_runner.py:272| eval_w2 | Epoch 6600, Reverse Model W2: 0.0567
2026-03-28 21:41:23 | DEBUG | sivi:base_runner.py:477| eval_elbo | Epoch 6600, ELBO: 0.2794, Std Total: 2.6535, Std Q: nan, CI Half: 0.2326
2026-03-28 21:41:23 | DEBUG | sivi:base_runner.py:507| eval_ksd | Epoch 6600, VI KSD: -0.0020
2026-03-28 21:41:23 | DEBUG | sivi:base_runner.py:337| eval_kl_ite | Epoch 6610, VI KL to baseline: 0.0109
2026-03-28 21:41:23 | DEBUG | sivi:base_reverse_runner.py:261| eval_kl_ite | Epoch 6610, Reverse Model KL ITE: 0.0092
2026-03-28 21:41:23 | DEBUG | sivi:base_runner.py:347| eval_w2 | Epoch 6610, VI W2 to baseline: 0.2998
2026-03-28 21:41:23 | DEBUG | sivi:base_reverse_runner.py:272| eval_w2 | Epoch 6610, Reverse Model W2: 0.0320
2026-03-28 21:41:23 | DEBUG | sivi:base_runner.py:477| eval_elbo | Epoch 6610, ELBO: 0.4884, Std Total: 7.9099, Std Q: nan, CI Half: 0.6933
2026-03-28 21:41:23 | DEBUG | sivi:base_runner.py:507| eval_ksd | Epoch 6610, VI KSD: -0.0000
2026-03-28 21:41:24 | DEBUG | sivi:base_runner.py:337| eval_kl_ite | Epoch 6620, VI KL to baseline: 0.0261
2026-03-28 21:41:24 | DEBUG | sivi:base_reverse_runner.py:261| eval_kl_ite | Epoch 6620, Reverse Model KL ITE: 0.0297
2026-03-28 21:41:24 | DEBUG | sivi:base_runner.py:347| eval_w2 | Epoch 6620, VI W2 to baseline: 0.3069
2026-03-28 21:41:24 | DEBUG | sivi:base_reverse_runner.py:272| eval_w2 | Epoch 6620, Reverse Model W2: 0.0386
2026-03-28 21:41:24 | DEBUG | sivi:base_runner.py:477| eval_elbo | Epoch 6620, ELBO: 0.2855, Std Total: 4.2357, Std Q: nan, CI Half: 0.3713
2026-03-28 21:41:24 | DEBUG | sivi:base_runner.py:507| eval_ksd | Epoch 6620, VI KSD: -0.0025
2026-03-28 21:41:25 | DEBUG | sivi:base_runner.py:337| eval_kl_ite | Epoch 6630, VI KL to baseline: 0.0199
2026-03-28 21:41:25 | DEBUG | sivi:base_reverse_runner.py:261| eval_kl_ite | Epoch 6630, Reverse Model KL ITE: 0.0208
2026-03-28 21:41:25 | DEBUG | sivi:base_runner.py:347| eval_w2 | Epoch 6630, VI W2 to baseline: 0.3049
2026-03-28 21:41:25 | DEBUG | sivi:base_reverse_runner.py:272| eval_w2 | Epoch 6630, Reverse Model W2: 0.0352
2026-03-28 21:41:25 | DEBUG | sivi:base_runner.py:477| eval_elbo | Epoch 6630, ELBO: 3.3610, Std Total: 33.0765, Std Q: nan, CI Half: 2.8993
2026-03-28 21:41:25 | DEBUG | sivi:base_runner.py:507| eval_ksd | Epoch 6630, VI KSD: 0.0013
2026-03-28 21:41:25 | DEBUG | sivi:base_runner.py:337| eval_kl_ite | Epoch 6640, VI KL to baseline: 0.0188
2026-03-28 21:41:25 | DEBUG | sivi:base_reverse_runner.py:261| eval_kl_ite | Epoch 6640, Reverse Model KL ITE: 0.0021
2026-03-28 21:41:25 | DEBUG | sivi:base_runner.py:347| eval_w2 | Epoch 6640, VI W2 to baseline: 0.3003
2026-03-28 21:41:25 | DEBUG | sivi:base_reverse_runner.py:272| eval_w2 | Epoch 6640, Reverse Model W2: 0.0473
2026-03-28 21:41:25 | DEBUG | sivi:base_runner.py:477| eval_elbo | Epoch 6640, ELBO: 1.2412, Std Total: 18.6676, Std Q: nan, CI Half: 1.6363
2026-03-28 21:41:25 | DEBUG | sivi:base_runner.py:507| eval_ksd | Epoch 6640, VI KSD: 0.0014
2026-03-28 21:41:26 | DEBUG | sivi:base_runner.py:337| eval_kl_ite | Epoch 6650, VI KL to baseline: 0.0244
2026-03-28 21:41:26 | DEBUG | sivi:base_reverse_runner.py:261| eval_kl_ite | Epoch 6650, Reverse Model KL ITE: -0.0040
2026-03-28 21:41:26 | DEBUG | sivi:base_runner.py:347| eval_w2 | Epoch 6650, VI W2 to baseline: 0.3276
2026-03-28 21:41:26 | DEBUG | sivi:base_reverse_runner.py:272| eval_w2 | Epoch 6650, Reverse Model W2: 0.0370
2026-03-28 21:41:26 | DEBUG | sivi:base_runner.py:477| eval_elbo | Epoch 6650, ELBO: 1.9094, Std Total: 27.0866, Std Q: nan, CI Half: 2.3742
2026-03-28 21:41:26 | DEBUG | sivi:base_runner.py:507| eval_ksd | Epoch 6650, VI KSD: -0.0003
2026-03-28 21:41:26 | DEBUG | sivi:base_runner.py:337| eval_kl_ite | Epoch 6660, VI KL to baseline: 0.0089
2026-03-28 21:41:27 | DEBUG | sivi:base_reverse_runner.py:261| eval_kl_ite | Epoch 6660, Reverse Model KL ITE: 0.0027
2026-03-28 21:41:27 | DEBUG | sivi:base_runner.py:347| eval_w2 | Epoch 6660, VI W2 to baseline: 0.2981
2026-03-28 21:41:27 | DEBUG | sivi:base_reverse_runner.py:272| eval_w2 | Epoch 6660, Reverse Model W2: 0.0414
2026-03-28 21:41:27 | DEBUG | sivi:base_runner.py:477| eval_elbo | Epoch 6660, ELBO: 1.1180, Std Total: 18.8401, Std Q: nan, CI Half: 1.6514
2026-03-28 21:41:27 | DEBUG | sivi:base_runner.py:507| eval_ksd | Epoch 6660, VI KSD: 0.0054
2026-03-28 21:41:27 | DEBUG | sivi:base_runner.py:337| eval_kl_ite | Epoch 6670, VI KL to baseline: 0.0139
2026-03-28 21:41:27 | DEBUG | sivi:base_reverse_runner.py:261| eval_kl_ite | Epoch 6670, Reverse Model KL ITE: 0.0013
2026-03-28 21:41:27 | DEBUG | sivi:base_runner.py:347| eval_w2 | Epoch 6670, VI W2 to baseline: 0.2988
2026-03-28 21:41:27 | DEBUG | sivi:base_reverse_runner.py:272| eval_w2 | Epoch 6670, Reverse Model W2: 0.0357
2026-03-28 21:41:27 | DEBUG | sivi:base_runner.py:477| eval_elbo | Epoch 6670, ELBO: 5.2815, Std Total: 89.2059, Std Q: nan, CI Half: 7.8192
2026-03-28 21:41:27 | DEBUG | sivi:base_runner.py:507| eval_ksd | Epoch 6670, VI KSD: -0.0049
2026-03-28 21:41:28 | DEBUG | sivi:base_runner.py:337| eval_kl_ite | Epoch 6680, VI KL to baseline: 0.0276
2026-03-28 21:41:28 | DEBUG | sivi:base_reverse_runner.py:261| eval_kl_ite | Epoch 6680, Reverse Model KL ITE: 0.0178
2026-03-28 21:41:28 | DEBUG | sivi:base_runner.py:347| eval_w2 | Epoch 6680, VI W2 to baseline: 0.3151
2026-03-28 21:41:28 | DEBUG | sivi:base_reverse_runner.py:272| eval_w2 | Epoch 6680, Reverse Model W2: 0.0373
2026-03-28 21:41:28 | DEBUG | sivi:base_runner.py:477| eval_elbo | Epoch 6680, ELBO: 3.0839, Std Total: 45.0108, Std Q: nan, CI Half: 3.9454
2026-03-28 21:41:28 | DEBUG | sivi:base_runner.py:507| eval_ksd | Epoch 6680, VI KSD: 0.0078
2026-03-28 21:41:28 | DEBUG | sivi:base_runner.py:337| eval_kl_ite | Epoch 6690, VI KL to baseline: 0.0064
2026-03-28 21:41:28 | DEBUG | sivi:base_reverse_runner.py:261| eval_kl_ite | Epoch 6690, Reverse Model KL ITE: 0.0161
2026-03-28 21:41:28 | DEBUG | sivi:base_runner.py:347| eval_w2 | Epoch 6690, VI W2 to baseline: 0.3101
2026-03-28 21:41:28 | DEBUG | sivi:base_reverse_runner.py:272| eval_w2 | Epoch 6690, Reverse Model W2: 0.0382
2026-03-28 21:41:28 | DEBUG | sivi:base_runner.py:477| eval_elbo | Epoch 6690, ELBO: 1.5656, Std Total: 32.0045, Std Q: nan, CI Half: 2.8053
2026-03-28 21:41:28 | DEBUG | sivi:base_runner.py:507| eval_ksd | Epoch 6690, VI KSD: -0.0054
2026-03-28 21:41:29 | DEBUG | sivi:base_runner.py:874| learn | Epoch 6700: Avg Loss: -0.0222, Avg Epoch Time: 0.0651s
2026-03-28 21:41:29 | DEBUG | sivi:base_runner.py:337| eval_kl_ite | Epoch 6700, VI KL to baseline: 0.0123
2026-03-28 21:41:29 | DEBUG | sivi:base_reverse_runner.py:261| eval_kl_ite | Epoch 6700, Reverse Model KL ITE: -0.0089
2026-03-28 21:41:29 | DEBUG | sivi:base_runner.py:347| eval_w2 | Epoch 6700, VI W2 to baseline: 0.3157
2026-03-28 21:41:29 | DEBUG | sivi:base_reverse_runner.py:272| eval_w2 | Epoch 6700, Reverse Model W2: 0.0387
2026-03-28 21:41:29 | DEBUG | sivi:base_runner.py:477| eval_elbo | Epoch 6700, ELBO: 0.5689, Std Total: 7.3465, Std Q: nan, CI Half: 0.6439
2026-03-28 21:41:29 | DEBUG | sivi:base_runner.py:507| eval_ksd | Epoch 6700, VI KSD: -0.0049
2026-03-28 21:41:30 | DEBUG | sivi:base_runner.py:337| eval_kl_ite | Epoch 6710, VI KL to baseline: 0.0123
2026-03-28 21:41:30 | DEBUG | sivi:base_reverse_runner.py:261| eval_kl_ite | Epoch 6710, Reverse Model KL ITE: 0.0210
2026-03-28 21:41:30 | DEBUG | sivi:base_runner.py:347| eval_w2 | Epoch 6710, VI W2 to baseline: 0.3221
2026-03-28 21:41:30 | DEBUG | sivi:base_reverse_runner.py:272| eval_w2 | Epoch 6710, Reverse Model W2: 0.0437
2026-03-28 21:41:30 | DEBUG | sivi:base_runner.py:477| eval_elbo | Epoch 6710, ELBO: 1.3611, Std Total: 12.5704, Std Q: nan, CI Half: 1.1018
2026-03-28 21:41:30 | DEBUG | sivi:base_runner.py:507| eval_ksd | Epoch 6710, VI KSD: -0.0003
2026-03-28 21:41:30 | DEBUG | sivi:base_runner.py:337| eval_kl_ite | Epoch 6720, VI KL to baseline: 0.0175
2026-03-28 21:41:30 | DEBUG | sivi:base_reverse_runner.py:261| eval_kl_ite | Epoch 6720, Reverse Model KL ITE: 0.0045
2026-03-28 21:41:30 | DEBUG | sivi:base_runner.py:347| eval_w2 | Epoch 6720, VI W2 to baseline: 0.3011
2026-03-28 21:41:30 | DEBUG | sivi:base_reverse_runner.py:272| eval_w2 | Epoch 6720, Reverse Model W2: 0.0419
2026-03-28 21:41:30 | DEBUG | sivi:base_runner.py:477| eval_elbo | Epoch 6720, ELBO: 0.7342, Std Total: 8.0546, Std Q: nan, CI Half: 0.7060
2026-03-28 21:41:30 | DEBUG | sivi:base_runner.py:507| eval_ksd | Epoch 6720, VI KSD: 0.0001
2026-03-28 21:41:31 | DEBUG | sivi:base_runner.py:337| eval_kl_ite | Epoch 6730, VI KL to baseline: 0.0222
2026-03-28 21:41:31 | DEBUG | sivi:base_reverse_runner.py:261| eval_kl_ite | Epoch 6730, Reverse Model KL ITE: -0.0070
2026-03-28 21:41:31 | DEBUG | sivi:base_runner.py:347| eval_w2 | Epoch 6730, VI W2 to baseline: 0.3125
2026-03-28 21:41:31 | DEBUG | sivi:base_reverse_runner.py:272| eval_w2 | Epoch 6730, Reverse Model W2: 0.0350
2026-03-28 21:41:31 | DEBUG | sivi:base_runner.py:477| eval_elbo | Epoch 6730, ELBO: 2.0214, Std Total: 40.0527, Std Q: nan, CI Half: 3.5108
2026-03-28 21:41:31 | DEBUG | sivi:base_runner.py:507| eval_ksd | Epoch 6730, VI KSD: 0.0031
2026-03-28 21:41:32 | DEBUG | sivi:base_runner.py:337| eval_kl_ite | Epoch 6740, VI KL to baseline: 0.0260
2026-03-28 21:41:32 | DEBUG | sivi:base_reverse_runner.py:261| eval_kl_ite | Epoch 6740, Reverse Model KL ITE: 0.0020
2026-03-28 21:41:32 | DEBUG | sivi:base_runner.py:347| eval_w2 | Epoch 6740, VI W2 to baseline: 0.2772
2026-03-28 21:41:32 | DEBUG | sivi:base_reverse_runner.py:272| eval_w2 | Epoch 6740, Reverse Model W2: 0.0452
2026-03-28 21:41:32 | DEBUG | sivi:base_runner.py:477| eval_elbo | Epoch 6740, ELBO: 0.6415, Std Total: 8.0985, Std Q: nan, CI Half: 0.7099
2026-03-28 21:41:32 | DEBUG | sivi:base_runner.py:507| eval_ksd | Epoch 6740, VI KSD: 0.0067
2026-03-28 21:41:32 | DEBUG | sivi:base_runner.py:337| eval_kl_ite | Epoch 6750, VI KL to baseline: 0.0024
2026-03-28 21:41:32 | DEBUG | sivi:base_reverse_runner.py:261| eval_kl_ite | Epoch 6750, Reverse Model KL ITE: 0.0255
2026-03-28 21:41:32 | DEBUG | sivi:base_runner.py:347| eval_w2 | Epoch 6750, VI W2 to baseline: 0.2881
2026-03-28 21:41:32 | DEBUG | sivi:base_reverse_runner.py:272| eval_w2 | Epoch 6750, Reverse Model W2: 0.0486
2026-03-28 21:41:32 | DEBUG | sivi:base_runner.py:477| eval_elbo | Epoch 6750, ELBO: 0.9179, Std Total: 9.0705, Std Q: nan, CI Half: 0.7951
2026-03-28 21:41:32 | DEBUG | sivi:base_runner.py:507| eval_ksd | Epoch 6750, VI KSD: -0.0034
2026-03-28 21:41:33 | DEBUG | sivi:base_runner.py:337| eval_kl_ite | Epoch 6760, VI KL to baseline: 0.0132
2026-03-28 21:41:33 | DEBUG | sivi:base_reverse_runner.py:261| eval_kl_ite | Epoch 6760, Reverse Model KL ITE: 0.0279
2026-03-28 21:41:33 | DEBUG | sivi:base_runner.py:347| eval_w2 | Epoch 6760, VI W2 to baseline: 0.3090
2026-03-28 21:41:33 | DEBUG | sivi:base_reverse_runner.py:272| eval_w2 | Epoch 6760, Reverse Model W2: 0.0365
2026-03-28 21:41:33 | DEBUG | sivi:base_runner.py:477| eval_elbo | Epoch 6760, ELBO: 2.5000, Std Total: 28.9663, Std Q: nan, CI Half: 2.5390
2026-03-28 21:41:33 | DEBUG | sivi:base_runner.py:507| eval_ksd | Epoch 6760, VI KSD: -0.0005
2026-03-28 21:41:34 | DEBUG | sivi:base_runner.py:337| eval_kl_ite | Epoch 6770, VI KL to baseline: 0.0160
2026-03-28 21:41:34 | DEBUG | sivi:base_reverse_runner.py:261| eval_kl_ite | Epoch 6770, Reverse Model KL ITE: 0.0089
2026-03-28 21:41:34 | DEBUG | sivi:base_runner.py:347| eval_w2 | Epoch 6770, VI W2 to baseline: 0.3251
2026-03-28 21:41:34 | DEBUG | sivi:base_reverse_runner.py:272| eval_w2 | Epoch 6770, Reverse Model W2: 0.0354
2026-03-28 21:41:34 | DEBUG | sivi:base_runner.py:477| eval_elbo | Epoch 6770, ELBO: 3.5235, Std Total: 40.7683, Std Q: nan, CI Half: 3.5735
2026-03-28 21:41:34 | DEBUG | sivi:base_runner.py:507| eval_ksd | Epoch 6770, VI KSD: 0.0055
2026-03-28 21:41:34 | DEBUG | sivi:base_runner.py:337| eval_kl_ite | Epoch 6780, VI KL to baseline: 0.0286
2026-03-28 21:41:34 | DEBUG | sivi:base_reverse_runner.py:261| eval_kl_ite | Epoch 6780, Reverse Model KL ITE: -0.0034
2026-03-28 21:41:34 | DEBUG | sivi:base_runner.py:347| eval_w2 | Epoch 6780, VI W2 to baseline: 0.2962
2026-03-28 21:41:34 | DEBUG | sivi:base_reverse_runner.py:272| eval_w2 | Epoch 6780, Reverse Model W2: 0.0400
2026-03-28 21:41:34 | DEBUG | sivi:base_runner.py:477| eval_elbo | Epoch 6780, ELBO: 1.6042, Std Total: 20.9690, Std Q: nan, CI Half: 1.8380
2026-03-28 21:41:34 | DEBUG | sivi:base_runner.py:507| eval_ksd | Epoch 6780, VI KSD: 0.0120
2026-03-28 21:41:35 | DEBUG | sivi:base_runner.py:337| eval_kl_ite | Epoch 6790, VI KL to baseline: 0.0101
2026-03-28 21:41:35 | DEBUG | sivi:base_reverse_runner.py:261| eval_kl_ite | Epoch 6790, Reverse Model KL ITE: 0.0314
2026-03-28 21:41:35 | DEBUG | sivi:base_runner.py:347| eval_w2 | Epoch 6790, VI W2 to baseline: 0.3273
2026-03-28 21:41:35 | DEBUG | sivi:base_reverse_runner.py:272| eval_w2 | Epoch 6790, Reverse Model W2: 0.0423
2026-03-28 21:41:35 | DEBUG | sivi:base_runner.py:477| eval_elbo | Epoch 6790, ELBO: 1.5223, Std Total: 18.4589, Std Q: nan, CI Half: 1.6180
2026-03-28 21:41:35 | DEBUG | sivi:base_runner.py:507| eval_ksd | Epoch 6790, VI KSD: -0.0023
2026-03-28 21:41:35 | DEBUG | sivi:base_runner.py:874| learn | Epoch 6800: Avg Loss: -0.0026, Avg Epoch Time: 0.0644s
2026-03-28 21:41:35 | DEBUG | sivi:base_runner.py:337| eval_kl_ite | Epoch 6800, VI KL to baseline: 0.0058
2026-03-28 21:41:36 | DEBUG | sivi:base_reverse_runner.py:261| eval_kl_ite | Epoch 6800, Reverse Model KL ITE: 0.0192
2026-03-28 21:41:36 | DEBUG | sivi:base_runner.py:347| eval_w2 | Epoch 6800, VI W2 to baseline: 0.3257
2026-03-28 21:41:36 | DEBUG | sivi:base_reverse_runner.py:272| eval_w2 | Epoch 6800, Reverse Model W2: 0.0376
2026-03-28 21:41:36 | DEBUG | sivi:base_runner.py:477| eval_elbo | Epoch 6800, ELBO: 0.3771, Std Total: 3.0910, Std Q: nan, CI Half: 0.2709
2026-03-28 21:41:36 | DEBUG | sivi:base_runner.py:507| eval_ksd | Epoch 6800, VI KSD: -0.0017
2026-03-28 21:41:36 | DEBUG | sivi:base_runner.py:337| eval_kl_ite | Epoch 6810, VI KL to baseline: 0.0135
2026-03-28 21:41:36 | DEBUG | sivi:base_reverse_runner.py:261| eval_kl_ite | Epoch 6810, Reverse Model KL ITE: -0.0048
2026-03-28 21:41:36 | DEBUG | sivi:base_runner.py:347| eval_w2 | Epoch 6810, VI W2 to baseline: 0.3091
2026-03-28 21:41:36 | DEBUG | sivi:base_reverse_runner.py:272| eval_w2 | Epoch 6810, Reverse Model W2: 0.0359
2026-03-28 21:41:36 | DEBUG | sivi:base_runner.py:477| eval_elbo | Epoch 6810, ELBO: 2.8874, Std Total: 35.8265, Std Q: nan, CI Half: 3.1403
2026-03-28 21:41:36 | DEBUG | sivi:base_runner.py:507| eval_ksd | Epoch 6810, VI KSD: 0.0011
2026-03-28 21:41:37 | DEBUG | sivi:base_runner.py:337| eval_kl_ite | Epoch 6820, VI KL to baseline: 0.0180
2026-03-28 21:41:37 | DEBUG | sivi:base_reverse_runner.py:261| eval_kl_ite | Epoch 6820, Reverse Model KL ITE: 0.0054
2026-03-28 21:41:37 | DEBUG | sivi:base_runner.py:347| eval_w2 | Epoch 6820, VI W2 to baseline: 0.3091
2026-03-28 21:41:37 | DEBUG | sivi:base_reverse_runner.py:272| eval_w2 | Epoch 6820, Reverse Model W2: 0.0373
2026-03-28 21:41:37 | DEBUG | sivi:base_runner.py:477| eval_elbo | Epoch 6820, ELBO: 1.9697, Std Total: 23.1540, Std Q: nan, CI Half: 2.0295
2026-03-28 21:41:37 | DEBUG | sivi:base_runner.py:507| eval_ksd | Epoch 6820, VI KSD: 0.0025
2026-03-28 21:41:37 | DEBUG | sivi:base_runner.py:337| eval_kl_ite | Epoch 6830, VI KL to baseline: 0.0109
2026-03-28 21:41:38 | DEBUG | sivi:base_reverse_runner.py:261| eval_kl_ite | Epoch 6830, Reverse Model KL ITE: 0.0316
2026-03-28 21:41:38 | DEBUG | sivi:base_runner.py:347| eval_w2 | Epoch 6830, VI W2 to baseline: 0.2815
2026-03-28 21:41:38 | DEBUG | sivi:base_reverse_runner.py:272| eval_w2 | Epoch 6830, Reverse Model W2: 0.0376
2026-03-28 21:41:38 | DEBUG | sivi:base_runner.py:477| eval_elbo | Epoch 6830, ELBO: 4.5651, Std Total: 58.5220, Std Q: nan, CI Half: 5.1297
2026-03-28 21:41:38 | DEBUG | sivi:base_runner.py:507| eval_ksd | Epoch 6830, VI KSD: 0.0074
2026-03-28 21:41:38 | DEBUG | sivi:base_runner.py:337| eval_kl_ite | Epoch 6840, VI KL to baseline: -0.0017
2026-03-28 21:41:38 | DEBUG | sivi:base_reverse_runner.py:261| eval_kl_ite | Epoch 6840, Reverse Model KL ITE: 0.0408
2026-03-28 21:41:38 | DEBUG | sivi:base_runner.py:347| eval_w2 | Epoch 6840, VI W2 to baseline: 0.3062
2026-03-28 21:41:38 | DEBUG | sivi:base_reverse_runner.py:272| eval_w2 | Epoch 6840, Reverse Model W2: 0.0496
2026-03-28 21:41:38 | DEBUG | sivi:base_runner.py:477| eval_elbo | Epoch 6840, ELBO: 0.2140, Std Total: 2.4504, Std Q: nan, CI Half: 0.2148
2026-03-28 21:41:38 | DEBUG | sivi:base_runner.py:507| eval_ksd | Epoch 6840, VI KSD: 0.0046
2026-03-28 21:41:39 | DEBUG | sivi:base_runner.py:337| eval_kl_ite | Epoch 6850, VI KL to baseline: 0.0205
2026-03-28 21:41:39 | DEBUG | sivi:base_reverse_runner.py:261| eval_kl_ite | Epoch 6850, Reverse Model KL ITE: 0.0085
2026-03-28 21:41:39 | DEBUG | sivi:base_runner.py:347| eval_w2 | Epoch 6850, VI W2 to baseline: 0.3073
2026-03-28 21:41:39 | DEBUG | sivi:base_reverse_runner.py:272| eval_w2 | Epoch 6850, Reverse Model W2: 0.0373
2026-03-28 21:41:39 | DEBUG | sivi:base_runner.py:477| eval_elbo | Epoch 6850, ELBO: 0.3299, Std Total: 3.1130, Std Q: nan, CI Half: 0.2729
2026-03-28 21:41:39 | DEBUG | sivi:base_runner.py:507| eval_ksd | Epoch 6850, VI KSD: 0.0004
2026-03-28 21:41:39 | DEBUG | sivi:base_runner.py:337| eval_kl_ite | Epoch 6860, VI KL to baseline: 0.0191
2026-03-28 21:41:40 | DEBUG | sivi:base_reverse_runner.py:261| eval_kl_ite | Epoch 6860, Reverse Model KL ITE: 0.0244
2026-03-28 21:41:40 | DEBUG | sivi:base_runner.py:347| eval_w2 | Epoch 6860, VI W2 to baseline: 0.3243
2026-03-28 21:41:40 | DEBUG | sivi:base_reverse_runner.py:272| eval_w2 | Epoch 6860, Reverse Model W2: 0.0439
2026-03-28 21:41:40 | DEBUG | sivi:base_runner.py:477| eval_elbo | Epoch 6860, ELBO: 1.4507, Std Total: 30.3987, Std Q: nan, CI Half: 2.6646
2026-03-28 21:41:40 | DEBUG | sivi:base_runner.py:507| eval_ksd | Epoch 6860, VI KSD: 0.0015
2026-03-28 21:41:40 | DEBUG | sivi:base_runner.py:337| eval_kl_ite | Epoch 6870, VI KL to baseline: 0.0272
2026-03-28 21:41:40 | DEBUG | sivi:base_reverse_runner.py:261| eval_kl_ite | Epoch 6870, Reverse Model KL ITE: 0.0025
2026-03-28 21:41:40 | DEBUG | sivi:base_runner.py:347| eval_w2 | Epoch 6870, VI W2 to baseline: 0.3167
2026-03-28 21:41:40 | DEBUG | sivi:base_reverse_runner.py:272| eval_w2 | Epoch 6870, Reverse Model W2: 0.0410
2026-03-28 21:41:40 | DEBUG | sivi:base_runner.py:477| eval_elbo | Epoch 6870, ELBO: 0.0529, Std Total: 1.4929, Std Q: nan, CI Half: 0.1309
2026-03-28 21:41:40 | DEBUG | sivi:base_runner.py:507| eval_ksd | Epoch 6870, VI KSD: 0.0015
2026-03-28 21:41:41 | DEBUG | sivi:base_runner.py:337| eval_kl_ite | Epoch 6880, VI KL to baseline: 0.0141
2026-03-28 21:41:41 | DEBUG | sivi:base_reverse_runner.py:261| eval_kl_ite | Epoch 6880, Reverse Model KL ITE: -0.0001
2026-03-28 21:41:41 | DEBUG | sivi:base_runner.py:347| eval_w2 | Epoch 6880, VI W2 to baseline: 0.2920
2026-03-28 21:41:41 | DEBUG | sivi:base_reverse_runner.py:272| eval_w2 | Epoch 6880, Reverse Model W2: 0.0378
2026-03-28 21:41:41 | DEBUG | sivi:base_runner.py:477| eval_elbo | Epoch 6880, ELBO: 0.8874, Std Total: 10.2781, Std Q: nan, CI Half: 0.9009
2026-03-28 21:41:41 | DEBUG | sivi:base_runner.py:507| eval_ksd | Epoch 6880, VI KSD: 0.0089
2026-03-28 21:41:41 | DEBUG | sivi:base_runner.py:337| eval_kl_ite | Epoch 6890, VI KL to baseline: 0.0213
2026-03-28 21:41:42 | DEBUG | sivi:base_reverse_runner.py:261| eval_kl_ite | Epoch 6890, Reverse Model KL ITE: -0.0076
2026-03-28 21:41:42 | DEBUG | sivi:base_runner.py:347| eval_w2 | Epoch 6890, VI W2 to baseline: 0.3177
2026-03-28 21:41:42 | DEBUG | sivi:base_reverse_runner.py:272| eval_w2 | Epoch 6890, Reverse Model W2: 0.0443
2026-03-28 21:41:42 | DEBUG | sivi:base_runner.py:477| eval_elbo | Epoch 6890, ELBO: 0.1973, Std Total: 2.2814, Std Q: nan, CI Half: 0.2000
2026-03-28 21:41:42 | DEBUG | sivi:base_runner.py:507| eval_ksd | Epoch 6890, VI KSD: 0.0003
2026-03-28 21:41:42 | DEBUG | sivi:base_runner.py:874| learn | Epoch 6900: Avg Loss: -0.0260, Avg Epoch Time: 0.0669s
2026-03-28 21:41:42 | DEBUG | sivi:base_runner.py:337| eval_kl_ite | Epoch 6900, VI KL to baseline: 0.0120
2026-03-28 21:41:42 | DEBUG | sivi:base_reverse_runner.py:261| eval_kl_ite | Epoch 6900, Reverse Model KL ITE: 0.0122
2026-03-28 21:41:42 | DEBUG | sivi:base_runner.py:347| eval_w2 | Epoch 6900, VI W2 to baseline: 0.2898
2026-03-28 21:41:42 | DEBUG | sivi:base_reverse_runner.py:272| eval_w2 | Epoch 6900, Reverse Model W2: 0.0430
2026-03-28 21:41:42 | DEBUG | sivi:base_runner.py:477| eval_elbo | Epoch 6900, ELBO: 1.8407, Std Total: 16.5952, Std Q: nan, CI Half: 1.4546
2026-03-28 21:41:42 | DEBUG | sivi:base_runner.py:507| eval_ksd | Epoch 6900, VI KSD: -0.0022
2026-03-28 21:41:43 | DEBUG | sivi:base_runner.py:337| eval_kl_ite | Epoch 6910, VI KL to baseline: 0.0091
2026-03-28 21:41:43 | DEBUG | sivi:base_reverse_runner.py:261| eval_kl_ite | Epoch 6910, Reverse Model KL ITE: 0.0194
2026-03-28 21:41:43 | DEBUG | sivi:base_runner.py:347| eval_w2 | Epoch 6910, VI W2 to baseline: 0.2848
2026-03-28 21:41:43 | DEBUG | sivi:base_reverse_runner.py:272| eval_w2 | Epoch 6910, Reverse Model W2: 0.0403
2026-03-28 21:41:43 | DEBUG | sivi:base_runner.py:477| eval_elbo | Epoch 6910, ELBO: 0.9552, Std Total: 12.1629, Std Q: nan, CI Half: 1.0661
2026-03-28 21:41:43 | DEBUG | sivi:base_runner.py:507| eval_ksd | Epoch 6910, VI KSD: 0.0004
2026-03-28 21:41:43 | DEBUG | sivi:base_runner.py:337| eval_kl_ite | Epoch 6920, VI KL to baseline: 0.0078
2026-03-28 21:41:44 | DEBUG | sivi:base_reverse_runner.py:261| eval_kl_ite | Epoch 6920, Reverse Model KL ITE: 0.0039
2026-03-28 21:41:44 | DEBUG | sivi:base_runner.py:347| eval_w2 | Epoch 6920, VI W2 to baseline: 0.3015
2026-03-28 21:41:44 | DEBUG | sivi:base_reverse_runner.py:272| eval_w2 | Epoch 6920, Reverse Model W2: 0.0412
2026-03-28 21:41:44 | DEBUG | sivi:base_runner.py:477| eval_elbo | Epoch 6920, ELBO: 1.3955, Std Total: 26.8776, Std Q: nan, CI Half: 2.3559
2026-03-28 21:41:44 | DEBUG | sivi:base_runner.py:507| eval_ksd | Epoch 6920, VI KSD: 0.0030
2026-03-28 21:41:44 | DEBUG | sivi:base_runner.py:337| eval_kl_ite | Epoch 6930, VI KL to baseline: 0.0218
2026-03-28 21:41:44 | DEBUG | sivi:base_reverse_runner.py:261| eval_kl_ite | Epoch 6930, Reverse Model KL ITE: 0.0002
2026-03-28 21:41:44 | DEBUG | sivi:base_runner.py:347| eval_w2 | Epoch 6930, VI W2 to baseline: 0.3130
2026-03-28 21:41:44 | DEBUG | sivi:base_reverse_runner.py:272| eval_w2 | Epoch 6930, Reverse Model W2: 0.0378
2026-03-28 21:41:44 | DEBUG | sivi:base_runner.py:477| eval_elbo | Epoch 6930, ELBO: 0.6040, Std Total: 6.0724, Std Q: nan, CI Half: 0.5323
2026-03-28 21:41:44 | DEBUG | sivi:base_runner.py:507| eval_ksd | Epoch 6930, VI KSD: 0.0052
2026-03-28 21:41:45 | DEBUG | sivi:base_runner.py:337| eval_kl_ite | Epoch 6940, VI KL to baseline: 0.0315
2026-03-28 21:41:45 | DEBUG | sivi:base_reverse_runner.py:261| eval_kl_ite | Epoch 6940, Reverse Model KL ITE: 0.0115
2026-03-28 21:41:45 | DEBUG | sivi:base_runner.py:347| eval_w2 | Epoch 6940, VI W2 to baseline: 0.2709
2026-03-28 21:41:45 | DEBUG | sivi:base_reverse_runner.py:272| eval_w2 | Epoch 6940, Reverse Model W2: 0.0416
2026-03-28 21:41:45 | DEBUG | sivi:base_runner.py:477| eval_elbo | Epoch 6940, ELBO: 0.2720, Std Total: 2.3721, Std Q: nan, CI Half: 0.2079
2026-03-28 21:41:45 | DEBUG | sivi:base_runner.py:507| eval_ksd | Epoch 6940, VI KSD: -0.0088
2026-03-28 21:41:46 | DEBUG | sivi:base_runner.py:337| eval_kl_ite | Epoch 6950, VI KL to baseline: 0.0185
2026-03-28 21:41:46 | DEBUG | sivi:base_reverse_runner.py:261| eval_kl_ite | Epoch 6950, Reverse Model KL ITE: 0.0035
2026-03-28 21:41:46 | DEBUG | sivi:base_runner.py:347| eval_w2 | Epoch 6950, VI W2 to baseline: 0.2873
2026-03-28 21:41:46 | DEBUG | sivi:base_reverse_runner.py:272| eval_w2 | Epoch 6950, Reverse Model W2: 0.0364
2026-03-28 21:41:46 | DEBUG | sivi:base_runner.py:477| eval_elbo | Epoch 6950, ELBO: 1.3696, Std Total: 21.0229, Std Q: nan, CI Half: 1.8427
2026-03-28 21:41:46 | DEBUG | sivi:base_runner.py:507| eval_ksd | Epoch 6950, VI KSD: -0.0004
2026-03-28 21:41:46 | DEBUG | sivi:base_runner.py:337| eval_kl_ite | Epoch 6960, VI KL to baseline: 0.0149
2026-03-28 21:41:46 | DEBUG | sivi:base_reverse_runner.py:261| eval_kl_ite | Epoch 6960, Reverse Model KL ITE: 0.0050
2026-03-28 21:41:46 | DEBUG | sivi:base_runner.py:347| eval_w2 | Epoch 6960, VI W2 to baseline: 0.3046
2026-03-28 21:41:46 | DEBUG | sivi:base_reverse_runner.py:272| eval_w2 | Epoch 6960, Reverse Model W2: 0.0402
2026-03-28 21:41:46 | DEBUG | sivi:base_runner.py:477| eval_elbo | Epoch 6960, ELBO: 0.9492, Std Total: 16.6399, Std Q: nan, CI Half: 1.4586
2026-03-28 21:41:46 | DEBUG | sivi:base_runner.py:507| eval_ksd | Epoch 6960, VI KSD: 0.0033
2026-03-28 21:41:47 | DEBUG | sivi:base_runner.py:337| eval_kl_ite | Epoch 6970, VI KL to baseline: 0.0226
2026-03-28 21:41:47 | DEBUG | sivi:base_reverse_runner.py:261| eval_kl_ite | Epoch 6970, Reverse Model KL ITE: 0.0264
2026-03-28 21:41:47 | DEBUG | sivi:base_runner.py:347| eval_w2 | Epoch 6970, VI W2 to baseline: 0.2815
2026-03-28 21:41:47 | DEBUG | sivi:base_reverse_runner.py:272| eval_w2 | Epoch 6970, Reverse Model W2: 0.0416
2026-03-28 21:41:47 | DEBUG | sivi:base_runner.py:477| eval_elbo | Epoch 6970, ELBO: 0.0771, Std Total: 1.8195, Std Q: nan, CI Half: 0.1595
2026-03-28 21:41:47 | DEBUG | sivi:base_runner.py:507| eval_ksd | Epoch 6970, VI KSD: -0.0044
2026-03-28 21:41:47 | DEBUG | sivi:base_runner.py:337| eval_kl_ite | Epoch 6980, VI KL to baseline: 0.0179
2026-03-28 21:41:47 | DEBUG | sivi:base_reverse_runner.py:261| eval_kl_ite | Epoch 6980, Reverse Model KL ITE: 0.0192
2026-03-28 21:41:48 | DEBUG | sivi:base_runner.py:347| eval_w2 | Epoch 6980, VI W2 to baseline: 0.3129
2026-03-28 21:41:48 | DEBUG | sivi:base_reverse_runner.py:272| eval_w2 | Epoch 6980, Reverse Model W2: 0.0385
2026-03-28 21:41:48 | DEBUG | sivi:base_runner.py:477| eval_elbo | Epoch 6980, ELBO: 0.5613, Std Total: 6.2201, Std Q: nan, CI Half: 0.5452
2026-03-28 21:41:48 | DEBUG | sivi:base_runner.py:507| eval_ksd | Epoch 6980, VI KSD: 0.0012
2026-03-28 21:41:48 | DEBUG | sivi:base_runner.py:337| eval_kl_ite | Epoch 6990, VI KL to baseline: 0.0168
2026-03-28 21:41:48 | DEBUG | sivi:base_reverse_runner.py:261| eval_kl_ite | Epoch 6990, Reverse Model KL ITE: 0.0087
2026-03-28 21:41:48 | DEBUG | sivi:base_runner.py:347| eval_w2 | Epoch 6990, VI W2 to baseline: 0.3167
2026-03-28 21:41:48 | DEBUG | sivi:base_reverse_runner.py:272| eval_w2 | Epoch 6990, Reverse Model W2: 0.0455
2026-03-28 21:41:48 | DEBUG | sivi:base_runner.py:477| eval_elbo | Epoch 6990, ELBO: 0.1011, Std Total: 1.4722, Std Q: nan, CI Half: 0.1290
2026-03-28 21:41:48 | DEBUG | sivi:base_runner.py:507| eval_ksd | Epoch 6990, VI KSD: -0.0070
2026-03-28 21:41:48 | DEBUG | sivi:base_runner.py:874| learn | Epoch 7000: Avg Loss: 0.0118, Avg Epoch Time: 0.0641s
2026-03-28 21:41:48 | DEBUG | sivi:base_reverse_runner.py:183| _training_rev_log_func | Epoch 7000, Inner epoch 1, Reverse Model Loss: 2.8527, Avg Steps: 1.0000
2026-03-28 21:41:48 | DEBUG | sivi:base_runner.py:588| save_samples | Saved 100000 samples at epoch 7000.
2026-03-28 21:41:48 | DEBUG | sivi:base_runner.py:607| save_checkpoint | Saved VIModel checkpoints at epoch 7000 to results/AISIVI/banana/20260328_213406/checkpoints/epoch_7000.
2026-03-28 21:41:49 | DEBUG | sivi:base_reverse_runner.py:476| save_checkpoint | Saved reverse checkpoints at epoch 7000 to results/AISIVI/banana/20260328_213406/checkpoints/epoch_7000.
2026-03-28 21:41:49 | DEBUG | sivi:base_runner.py:337| eval_kl_ite | Epoch 7000, VI KL to baseline: 0.0138
2026-03-28 21:41:49 | DEBUG | sivi:base_reverse_runner.py:261| eval_kl_ite | Epoch 7000, Reverse Model KL ITE: 0.0016
2026-03-28 21:41:49 | DEBUG | sivi:base_runner.py:347| eval_w2 | Epoch 7000, VI W2 to baseline: 0.2967
2026-03-28 21:41:49 | DEBUG | sivi:base_reverse_runner.py:272| eval_w2 | Epoch 7000, Reverse Model W2: 0.0476
2026-03-28 21:41:49 | DEBUG | sivi:base_runner.py:477| eval_elbo | Epoch 7000, ELBO: 2.5914, Std Total: 31.8186, Std Q: nan, CI Half: 2.7890
2026-03-28 21:41:49 | DEBUG | sivi:base_runner.py:507| eval_ksd | Epoch 7000, VI KSD: -0.0061
2026-03-28 21:41:49 | DEBUG | sivi:base_runner.py:970| learn | Saved contour plot at epoch 7000.
2026-03-28 21:41:49 | DEBUG | sivi:base_runner.py:337| eval_kl_ite | Epoch 7010, VI KL to baseline: 0.0198
2026-03-28 21:41:49 | DEBUG | sivi:base_reverse_runner.py:261| eval_kl_ite | Epoch 7010, Reverse Model KL ITE: 0.0101
2026-03-28 21:41:49 | DEBUG | sivi:base_runner.py:347| eval_w2 | Epoch 7010, VI W2 to baseline: 0.3184
2026-03-28 21:41:49 | DEBUG | sivi:base_reverse_runner.py:272| eval_w2 | Epoch 7010, Reverse Model W2: 0.0400
2026-03-28 21:41:49 | DEBUG | sivi:base_runner.py:477| eval_elbo | Epoch 7010, ELBO: 1.9645, Std Total: 23.7150, Std Q: nan, CI Half: 2.0787
2026-03-28 21:41:49 | DEBUG | sivi:base_runner.py:507| eval_ksd | Epoch 7010, VI KSD: 0.0029
2026-03-28 21:41:50 | DEBUG | sivi:base_runner.py:337| eval_kl_ite | Epoch 7020, VI KL to baseline: 0.0103
2026-03-28 21:41:50 | DEBUG | sivi:base_reverse_runner.py:261| eval_kl_ite | Epoch 7020, Reverse Model KL ITE: -0.0040
2026-03-28 21:41:50 | DEBUG | sivi:base_runner.py:347| eval_w2 | Epoch 7020, VI W2 to baseline: 0.3097
2026-03-28 21:41:50 | DEBUG | sivi:base_reverse_runner.py:272| eval_w2 | Epoch 7020, Reverse Model W2: 0.0605
2026-03-28 21:41:50 | DEBUG | sivi:base_runner.py:477| eval_elbo | Epoch 7020, ELBO: 0.1120, Std Total: 1.8883, Std Q: nan, CI Half: 0.1655
2026-03-28 21:41:50 | DEBUG | sivi:base_runner.py:507| eval_ksd | Epoch 7020, VI KSD: -0.0054
2026-03-28 21:41:50 | DEBUG | sivi:base_runner.py:337| eval_kl_ite | Epoch 7030, VI KL to baseline: 0.0121
2026-03-28 21:41:50 | DEBUG | sivi:base_reverse_runner.py:261| eval_kl_ite | Epoch 7030, Reverse Model KL ITE: 0.0206
2026-03-28 21:41:51 | DEBUG | sivi:base_runner.py:347| eval_w2 | Epoch 7030, VI W2 to baseline: 0.2863
2026-03-28 21:41:51 | DEBUG | sivi:base_reverse_runner.py:272| eval_w2 | Epoch 7030, Reverse Model W2: 0.0549
2026-03-28 21:41:51 | DEBUG | sivi:base_runner.py:477| eval_elbo | Epoch 7030, ELBO: 0.7204, Std Total: 8.1494, Std Q: nan, CI Half: 0.7143
2026-03-28 21:41:51 | DEBUG | sivi:base_runner.py:507| eval_ksd | Epoch 7030, VI KSD: 0.0055
2026-03-28 21:41:51 | DEBUG | sivi:base_runner.py:337| eval_kl_ite | Epoch 7040, VI KL to baseline: 0.0185
2026-03-28 21:41:51 | DEBUG | sivi:base_reverse_runner.py:261| eval_kl_ite | Epoch 7040, Reverse Model KL ITE: 0.0001
2026-03-28 21:41:51 | DEBUG | sivi:base_runner.py:347| eval_w2 | Epoch 7040, VI W2 to baseline: 0.3089
2026-03-28 21:41:51 | DEBUG | sivi:base_reverse_runner.py:272| eval_w2 | Epoch 7040, Reverse Model W2: 0.0425
2026-03-28 21:41:51 | DEBUG | sivi:base_runner.py:477| eval_elbo | Epoch 7040, ELBO: 0.7123, Std Total: 9.1067, Std Q: nan, CI Half: 0.7982
2026-03-28 21:41:51 | DEBUG | sivi:base_runner.py:507| eval_ksd | Epoch 7040, VI KSD: 0.0026
2026-03-28 21:41:52 | DEBUG | sivi:base_runner.py:337| eval_kl_ite | Epoch 7050, VI KL to baseline: 0.0118
2026-03-28 21:41:52 | DEBUG | sivi:base_reverse_runner.py:261| eval_kl_ite | Epoch 7050, Reverse Model KL ITE: 0.0132
2026-03-28 21:41:52 | DEBUG | sivi:base_runner.py:347| eval_w2 | Epoch 7050, VI W2 to baseline: 0.2898
2026-03-28 21:41:52 | DEBUG | sivi:base_reverse_runner.py:272| eval_w2 | Epoch 7050, Reverse Model W2: 0.0458
2026-03-28 21:41:52 | DEBUG | sivi:base_runner.py:477| eval_elbo | Epoch 7050, ELBO: 1.1832, Std Total: 15.9978, Std Q: nan, CI Half: 1.4023
2026-03-28 21:41:52 | DEBUG | sivi:base_runner.py:507| eval_ksd | Epoch 7050, VI KSD: -0.0082
2026-03-28 21:41:52 | DEBUG | sivi:base_runner.py:337| eval_kl_ite | Epoch 7060, VI KL to baseline: -0.0028
2026-03-28 21:41:52 | DEBUG | sivi:base_reverse_runner.py:261| eval_kl_ite | Epoch 7060, Reverse Model KL ITE: 0.0033
2026-03-28 21:41:52 | DEBUG | sivi:base_runner.py:347| eval_w2 | Epoch 7060, VI W2 to baseline: 0.2894
2026-03-28 21:41:52 | DEBUG | sivi:base_reverse_runner.py:272| eval_w2 | Epoch 7060, Reverse Model W2: 0.0493
2026-03-28 21:41:52 | DEBUG | sivi:base_runner.py:477| eval_elbo | Epoch 7060, ELBO: 2.1739, Std Total: 34.4295, Std Q: nan, CI Half: 3.0179
2026-03-28 21:41:52 | DEBUG | sivi:base_runner.py:507| eval_ksd | Epoch 7060, VI KSD: -0.0048
2026-03-28 21:41:53 | DEBUG | sivi:base_runner.py:337| eval_kl_ite | Epoch 7070, VI KL to baseline: 0.0144
2026-03-28 21:41:53 | DEBUG | sivi:base_reverse_runner.py:261| eval_kl_ite | Epoch 7070, Reverse Model KL ITE: 0.0190
2026-03-28 21:41:53 | DEBUG | sivi:base_runner.py:347| eval_w2 | Epoch 7070, VI W2 to baseline: 0.3216
2026-03-28 21:41:53 | DEBUG | sivi:base_reverse_runner.py:272| eval_w2 | Epoch 7070, Reverse Model W2: 0.0500
2026-03-28 21:41:53 | DEBUG | sivi:base_runner.py:477| eval_elbo | Epoch 7070, ELBO: 5.3149, Std Total: 49.6406, Std Q: nan, CI Half: 4.3512
2026-03-28 21:41:53 | DEBUG | sivi:base_runner.py:507| eval_ksd | Epoch 7070, VI KSD: 0.0079
2026-03-28 21:41:54 | DEBUG | sivi:base_runner.py:337| eval_kl_ite | Epoch 7080, VI KL to baseline: 0.0166
2026-03-28 21:41:54 | DEBUG | sivi:base_reverse_runner.py:261| eval_kl_ite | Epoch 7080, Reverse Model KL ITE: 0.0102
2026-03-28 21:41:54 | DEBUG | sivi:base_runner.py:347| eval_w2 | Epoch 7080, VI W2 to baseline: 0.3092
2026-03-28 21:41:54 | DEBUG | sivi:base_reverse_runner.py:272| eval_w2 | Epoch 7080, Reverse Model W2: 0.0377
2026-03-28 21:41:54 | DEBUG | sivi:base_runner.py:477| eval_elbo | Epoch 7080, ELBO: 0.5084, Std Total: 5.1819, Std Q: nan, CI Half: 0.4542
2026-03-28 21:41:54 | DEBUG | sivi:base_runner.py:507| eval_ksd | Epoch 7080, VI KSD: -0.0028
2026-03-28 21:41:54 | DEBUG | sivi:base_runner.py:337| eval_kl_ite | Epoch 7090, VI KL to baseline: 0.0208
2026-03-28 21:41:54 | DEBUG | sivi:base_reverse_runner.py:261| eval_kl_ite | Epoch 7090, Reverse Model KL ITE: -0.0031
2026-03-28 21:41:54 | DEBUG | sivi:base_runner.py:347| eval_w2 | Epoch 7090, VI W2 to baseline: 0.2974
2026-03-28 21:41:55 | DEBUG | sivi:base_reverse_runner.py:272| eval_w2 | Epoch 7090, Reverse Model W2: 0.0485
2026-03-28 21:41:55 | DEBUG | sivi:base_runner.py:477| eval_elbo | Epoch 7090, ELBO: 0.3215, Std Total: 3.0936, Std Q: nan, CI Half: 0.2712
2026-03-28 21:41:55 | DEBUG | sivi:base_runner.py:507| eval_ksd | Epoch 7090, VI KSD: -0.0034
2026-03-28 21:41:55 | DEBUG | sivi:base_runner.py:874| learn | Epoch 7100: Avg Loss: -0.0114, Avg Epoch Time: 0.0648s
2026-03-28 21:41:55 | DEBUG | sivi:base_runner.py:337| eval_kl_ite | Epoch 7100, VI KL to baseline: 0.0155
2026-03-28 21:41:55 | DEBUG | sivi:base_reverse_runner.py:261| eval_kl_ite | Epoch 7100, Reverse Model KL ITE: 0.0169
2026-03-28 21:41:55 | DEBUG | sivi:base_runner.py:347| eval_w2 | Epoch 7100, VI W2 to baseline: 0.3289
2026-03-28 21:41:55 | DEBUG | sivi:base_reverse_runner.py:272| eval_w2 | Epoch 7100, Reverse Model W2: 0.0466
2026-03-28 21:41:55 | DEBUG | sivi:base_runner.py:477| eval_elbo | Epoch 7100, ELBO: 0.9704, Std Total: 13.1227, Std Q: nan, CI Half: 1.1503
2026-03-28 21:41:55 | DEBUG | sivi:base_runner.py:507| eval_ksd | Epoch 7100, VI KSD: 0.0101
2026-03-28 21:41:56 | DEBUG | sivi:base_runner.py:337| eval_kl_ite | Epoch 7110, VI KL to baseline: 0.0336
2026-03-28 21:41:56 | DEBUG | sivi:base_reverse_runner.py:261| eval_kl_ite | Epoch 7110, Reverse Model KL ITE: 0.0056
2026-03-28 21:41:56 | DEBUG | sivi:base_runner.py:347| eval_w2 | Epoch 7110, VI W2 to baseline: 0.3032
2026-03-28 21:41:56 | DEBUG | sivi:base_reverse_runner.py:272| eval_w2 | Epoch 7110, Reverse Model W2: 0.0454
2026-03-28 21:41:56 | DEBUG | sivi:base_runner.py:477| eval_elbo | Epoch 7110, ELBO: 2.9793, Std Total: 43.0128, Std Q: nan, CI Half: 3.7702
2026-03-28 21:41:56 | DEBUG | sivi:base_runner.py:507| eval_ksd | Epoch 7110, VI KSD: -0.0025
2026-03-28 21:41:56 | DEBUG | sivi:base_runner.py:337| eval_kl_ite | Epoch 7120, VI KL to baseline: 0.0218
2026-03-28 21:41:56 | DEBUG | sivi:base_reverse_runner.py:261| eval_kl_ite | Epoch 7120, Reverse Model KL ITE: 0.0149
2026-03-28 21:41:56 | DEBUG | sivi:base_runner.py:347| eval_w2 | Epoch 7120, VI W2 to baseline: 0.2961
2026-03-28 21:41:56 | DEBUG | sivi:base_reverse_runner.py:272| eval_w2 | Epoch 7120, Reverse Model W2: 0.0331
2026-03-28 21:41:57 | DEBUG | sivi:base_runner.py:477| eval_elbo | Epoch 7120, ELBO: 1.4107, Std Total: 19.0743, Std Q: nan, CI Half: 1.6719
2026-03-28 21:41:57 | DEBUG | sivi:base_runner.py:507| eval_ksd | Epoch 7120, VI KSD: 0.0186
2026-03-28 21:41:57 | DEBUG | sivi:base_runner.py:337| eval_kl_ite | Epoch 7130, VI KL to baseline: -0.0122
2026-03-28 21:41:57 | DEBUG | sivi:base_reverse_runner.py:261| eval_kl_ite | Epoch 7130, Reverse Model KL ITE: 0.0120
2026-03-28 21:41:57 | DEBUG | sivi:base_runner.py:347| eval_w2 | Epoch 7130, VI W2 to baseline: 0.2829
2026-03-28 21:41:57 | DEBUG | sivi:base_reverse_runner.py:272| eval_w2 | Epoch 7130, Reverse Model W2: 0.0506
2026-03-28 21:41:57 | DEBUG | sivi:base_runner.py:477| eval_elbo | Epoch 7130, ELBO: 0.7042, Std Total: 6.1939, Std Q: nan, CI Half: 0.5429
2026-03-28 21:41:57 | DEBUG | sivi:base_runner.py:507| eval_ksd | Epoch 7130, VI KSD: -0.0025
2026-03-28 21:41:58 | DEBUG | sivi:base_runner.py:337| eval_kl_ite | Epoch 7140, VI KL to baseline: -0.0054
2026-03-28 21:41:58 | DEBUG | sivi:base_reverse_runner.py:261| eval_kl_ite | Epoch 7140, Reverse Model KL ITE: 0.0199
2026-03-28 21:41:58 | DEBUG | sivi:base_runner.py:347| eval_w2 | Epoch 7140, VI W2 to baseline: 0.2930
2026-03-28 21:41:58 | DEBUG | sivi:base_reverse_runner.py:272| eval_w2 | Epoch 7140, Reverse Model W2: 0.0460
2026-03-28 21:41:58 | DEBUG | sivi:base_runner.py:477| eval_elbo | Epoch 7140, ELBO: 1.5512, Std Total: 16.7925, Std Q: nan, CI Half: 1.4719
2026-03-28 21:41:58 | DEBUG | sivi:base_runner.py:507| eval_ksd | Epoch 7140, VI KSD: 0.0064
2026-03-28 21:41:58 | DEBUG | sivi:base_runner.py:337| eval_kl_ite | Epoch 7150, VI KL to baseline: 0.0295
2026-03-28 21:41:58 | DEBUG | sivi:base_reverse_runner.py:261| eval_kl_ite | Epoch 7150, Reverse Model KL ITE: 0.0404
2026-03-28 21:41:58 | DEBUG | sivi:base_runner.py:347| eval_w2 | Epoch 7150, VI W2 to baseline: 0.2847
2026-03-28 21:41:58 | DEBUG | sivi:base_reverse_runner.py:272| eval_w2 | Epoch 7150, Reverse Model W2: 0.0370
2026-03-28 21:41:58 | DEBUG | sivi:base_runner.py:477| eval_elbo | Epoch 7150, ELBO: 0.6541, Std Total: 6.3552, Std Q: nan, CI Half: 0.5571
2026-03-28 21:41:58 | DEBUG | sivi:base_runner.py:507| eval_ksd | Epoch 7150, VI KSD: 0.0032
2026-03-28 21:41:59 | DEBUG | sivi:base_runner.py:337| eval_kl_ite | Epoch 7160, VI KL to baseline: 0.0148
2026-03-28 21:41:59 | DEBUG | sivi:base_reverse_runner.py:261| eval_kl_ite | Epoch 7160, Reverse Model KL ITE: 0.0113
2026-03-28 21:41:59 | DEBUG | sivi:base_runner.py:347| eval_w2 | Epoch 7160, VI W2 to baseline: 0.3099
2026-03-28 21:41:59 | DEBUG | sivi:base_reverse_runner.py:272| eval_w2 | Epoch 7160, Reverse Model W2: 0.0536
2026-03-28 21:41:59 | DEBUG | sivi:base_runner.py:477| eval_elbo | Epoch 7160, ELBO: 1.8921, Std Total: 29.5595, Std Q: nan, CI Half: 2.5910
2026-03-28 21:41:59 | DEBUG | sivi:base_runner.py:507| eval_ksd | Epoch 7160, VI KSD: -0.0000
2026-03-28 21:42:00 | DEBUG | sivi:base_runner.py:337| eval_kl_ite | Epoch 7170, VI KL to baseline: 0.0319
2026-03-28 21:42:00 | DEBUG | sivi:base_reverse_runner.py:261| eval_kl_ite | Epoch 7170, Reverse Model KL ITE: 0.0197
2026-03-28 21:42:00 | DEBUG | sivi:base_runner.py:347| eval_w2 | Epoch 7170, VI W2 to baseline: 0.3219
2026-03-28 21:42:00 | DEBUG | sivi:base_reverse_runner.py:272| eval_w2 | Epoch 7170, Reverse Model W2: 0.0403
2026-03-28 21:42:00 | DEBUG | sivi:base_runner.py:477| eval_elbo | Epoch 7170, ELBO: 1.1386, Std Total: 15.5219, Std Q: nan, CI Half: 1.3606
2026-03-28 21:42:00 | DEBUG | sivi:base_runner.py:507| eval_ksd | Epoch 7170, VI KSD: 0.0048
2026-03-28 21:42:00 | DEBUG | sivi:base_runner.py:337| eval_kl_ite | Epoch 7180, VI KL to baseline: 0.0102
2026-03-28 21:42:00 | DEBUG | sivi:base_reverse_runner.py:261| eval_kl_ite | Epoch 7180, Reverse Model KL ITE: 0.0176
2026-03-28 21:42:00 | DEBUG | sivi:base_runner.py:347| eval_w2 | Epoch 7180, VI W2 to baseline: 0.3070
2026-03-28 21:42:00 | DEBUG | sivi:base_reverse_runner.py:272| eval_w2 | Epoch 7180, Reverse Model W2: 0.0478
2026-03-28 21:42:00 | DEBUG | sivi:base_runner.py:477| eval_elbo | Epoch 7180, ELBO: 5.0536, Std Total: 54.7135, Std Q: nan, CI Half: 4.7958
2026-03-28 21:42:00 | DEBUG | sivi:base_runner.py:507| eval_ksd | Epoch 7180, VI KSD: -0.0084
2026-03-28 21:42:01 | DEBUG | sivi:base_runner.py:337| eval_kl_ite | Epoch 7190, VI KL to baseline: 0.0094
2026-03-28 21:42:01 | DEBUG | sivi:base_reverse_runner.py:261| eval_kl_ite | Epoch 7190, Reverse Model KL ITE: -0.0022
2026-03-28 21:42:01 | DEBUG | sivi:base_runner.py:347| eval_w2 | Epoch 7190, VI W2 to baseline: 0.3202
2026-03-28 21:42:01 | DEBUG | sivi:base_reverse_runner.py:272| eval_w2 | Epoch 7190, Reverse Model W2: 0.0446
2026-03-28 21:42:01 | DEBUG | sivi:base_runner.py:477| eval_elbo | Epoch 7190, ELBO: 0.5783, Std Total: 5.7524, Std Q: nan, CI Half: 0.5042
2026-03-28 21:42:01 | DEBUG | sivi:base_runner.py:507| eval_ksd | Epoch 7190, VI KSD: 0.0045
2026-03-28 21:42:01 | DEBUG | sivi:base_runner.py:874| learn | Epoch 7200: Avg Loss: -0.0221, Avg Epoch Time: 0.0615s
2026-03-28 21:42:01 | DEBUG | sivi:base_runner.py:337| eval_kl_ite | Epoch 7200, VI KL to baseline: 0.0038
2026-03-28 21:42:01 | DEBUG | sivi:base_reverse_runner.py:261| eval_kl_ite | Epoch 7200, Reverse Model KL ITE: 0.0068
2026-03-28 21:42:01 | DEBUG | sivi:base_runner.py:347| eval_w2 | Epoch 7200, VI W2 to baseline: 0.2865
2026-03-28 21:42:01 | DEBUG | sivi:base_reverse_runner.py:272| eval_w2 | Epoch 7200, Reverse Model W2: 0.0617
2026-03-28 21:42:01 | DEBUG | sivi:base_runner.py:477| eval_elbo | Epoch 7200, ELBO: 1.0093, Std Total: 15.2162, Std Q: nan, CI Half: 1.3338
2026-03-28 21:42:01 | DEBUG | sivi:base_runner.py:507| eval_ksd | Epoch 7200, VI KSD: -0.0068
2026-03-28 21:42:02 | DEBUG | sivi:base_runner.py:337| eval_kl_ite | Epoch 7210, VI KL to baseline: 0.0087
2026-03-28 21:42:02 | DEBUG | sivi:base_reverse_runner.py:261| eval_kl_ite | Epoch 7210, Reverse Model KL ITE: 0.0330
2026-03-28 21:42:02 | DEBUG | sivi:base_runner.py:347| eval_w2 | Epoch 7210, VI W2 to baseline: 0.3171
2026-03-28 21:42:02 | DEBUG | sivi:base_reverse_runner.py:272| eval_w2 | Epoch 7210, Reverse Model W2: 0.0356
2026-03-28 21:42:02 | DEBUG | sivi:base_runner.py:477| eval_elbo | Epoch 7210, ELBO: 0.7805, Std Total: 8.1748, Std Q: nan, CI Half: 0.7166
2026-03-28 21:42:02 | DEBUG | sivi:base_runner.py:507| eval_ksd | Epoch 7210, VI KSD: 0.0032
2026-03-28 21:42:02 | DEBUG | sivi:base_runner.py:337| eval_kl_ite | Epoch 7220, VI KL to baseline: 0.0036
2026-03-28 21:42:02 | DEBUG | sivi:base_reverse_runner.py:261| eval_kl_ite | Epoch 7220, Reverse Model KL ITE: 0.0114
2026-03-28 21:42:02 | DEBUG | sivi:base_runner.py:347| eval_w2 | Epoch 7220, VI W2 to baseline: 0.2866
2026-03-28 21:42:02 | DEBUG | sivi:base_reverse_runner.py:272| eval_w2 | Epoch 7220, Reverse Model W2: 0.0403
2026-03-28 21:42:02 | DEBUG | sivi:base_runner.py:477| eval_elbo | Epoch 7220, ELBO: 1.8540, Std Total: 22.6892, Std Q: nan, CI Half: 1.9888
2026-03-28 21:42:02 | DEBUG | sivi:base_runner.py:507| eval_ksd | Epoch 7220, VI KSD: -0.0034
2026-03-28 21:42:03 | DEBUG | sivi:base_runner.py:337| eval_kl_ite | Epoch 7230, VI KL to baseline: -0.0048
2026-03-28 21:42:03 | DEBUG | sivi:base_reverse_runner.py:261| eval_kl_ite | Epoch 7230, Reverse Model KL ITE: 0.0230
2026-03-28 21:42:03 | DEBUG | sivi:base_runner.py:347| eval_w2 | Epoch 7230, VI W2 to baseline: 0.3050
2026-03-28 21:42:03 | DEBUG | sivi:base_reverse_runner.py:272| eval_w2 | Epoch 7230, Reverse Model W2: 0.0465
2026-03-28 21:42:03 | DEBUG | sivi:base_runner.py:477| eval_elbo | Epoch 7230, ELBO: 0.3233, Std Total: 3.3109, Std Q: nan, CI Half: 0.2902
2026-03-28 21:42:03 | DEBUG | sivi:base_runner.py:507| eval_ksd | Epoch 7230, VI KSD: 0.0039
2026-03-28 21:42:03 | DEBUG | sivi:base_runner.py:337| eval_kl_ite | Epoch 7240, VI KL to baseline: 0.0044
2026-03-28 21:42:04 | DEBUG | sivi:base_reverse_runner.py:261| eval_kl_ite | Epoch 7240, Reverse Model KL ITE: -0.0103
2026-03-28 21:42:04 | DEBUG | sivi:base_runner.py:347| eval_w2 | Epoch 7240, VI W2 to baseline: 0.2890
2026-03-28 21:42:04 | DEBUG | sivi:base_reverse_runner.py:272| eval_w2 | Epoch 7240, Reverse Model W2: 0.0372
2026-03-28 21:42:04 | DEBUG | sivi:base_runner.py:477| eval_elbo | Epoch 7240, ELBO: 4.0932, Std Total: 44.5441, Std Q: nan, CI Half: 3.9045
2026-03-28 21:42:04 | DEBUG | sivi:base_runner.py:507| eval_ksd | Epoch 7240, VI KSD: 0.0032
2026-03-28 21:42:04 | DEBUG | sivi:base_runner.py:337| eval_kl_ite | Epoch 7250, VI KL to baseline: 0.0025
2026-03-28 21:42:04 | DEBUG | sivi:base_reverse_runner.py:261| eval_kl_ite | Epoch 7250, Reverse Model KL ITE: 0.0282
2026-03-28 21:42:04 | DEBUG | sivi:base_runner.py:347| eval_w2 | Epoch 7250, VI W2 to baseline: 0.2994
2026-03-28 21:42:04 | DEBUG | sivi:base_reverse_runner.py:272| eval_w2 | Epoch 7250, Reverse Model W2: 0.0392
2026-03-28 21:42:04 | DEBUG | sivi:base_runner.py:477| eval_elbo | Epoch 7250, ELBO: 2.0299, Std Total: 27.1480, Std Q: nan, CI Half: 2.3796
2026-03-28 21:42:04 | DEBUG | sivi:base_runner.py:507| eval_ksd | Epoch 7250, VI KSD: 0.0078
2026-03-28 21:42:05 | DEBUG | sivi:base_runner.py:337| eval_kl_ite | Epoch 7260, VI KL to baseline: 0.0146
2026-03-28 21:42:05 | DEBUG | sivi:base_reverse_runner.py:261| eval_kl_ite | Epoch 7260, Reverse Model KL ITE: 0.0014
2026-03-28 21:42:05 | DEBUG | sivi:base_runner.py:347| eval_w2 | Epoch 7260, VI W2 to baseline: 0.3089
2026-03-28 21:42:05 | DEBUG | sivi:base_reverse_runner.py:272| eval_w2 | Epoch 7260, Reverse Model W2: 0.0430
2026-03-28 21:42:05 | DEBUG | sivi:base_runner.py:477| eval_elbo | Epoch 7260, ELBO: 5.9396, Std Total: 64.8281, Std Q: nan, CI Half: 5.6824
2026-03-28 21:42:05 | DEBUG | sivi:base_runner.py:507| eval_ksd | Epoch 7260, VI KSD: 0.0002
2026-03-28 21:42:05 | DEBUG | sivi:base_runner.py:337| eval_kl_ite | Epoch 7270, VI KL to baseline: 0.0209
2026-03-28 21:42:05 | DEBUG | sivi:base_reverse_runner.py:261| eval_kl_ite | Epoch 7270, Reverse Model KL ITE: -0.0093
2026-03-28 21:42:05 | DEBUG | sivi:base_runner.py:347| eval_w2 | Epoch 7270, VI W2 to baseline: 0.2877
2026-03-28 21:42:05 | DEBUG | sivi:base_reverse_runner.py:272| eval_w2 | Epoch 7270, Reverse Model W2: 0.0450
2026-03-28 21:42:05 | DEBUG | sivi:base_runner.py:477| eval_elbo | Epoch 7270, ELBO: 0.3716, Std Total: 3.1063, Std Q: nan, CI Half: 0.2723
2026-03-28 21:42:05 | DEBUG | sivi:base_runner.py:507| eval_ksd | Epoch 7270, VI KSD: 0.0008
2026-03-28 21:42:06 | DEBUG | sivi:base_runner.py:337| eval_kl_ite | Epoch 7280, VI KL to baseline: -0.0035
2026-03-28 21:42:06 | DEBUG | sivi:base_reverse_runner.py:261| eval_kl_ite | Epoch 7280, Reverse Model KL ITE: -0.0132
2026-03-28 21:42:06 | DEBUG | sivi:base_runner.py:347| eval_w2 | Epoch 7280, VI W2 to baseline: 0.2987
2026-03-28 21:42:06 | DEBUG | sivi:base_reverse_runner.py:272| eval_w2 | Epoch 7280, Reverse Model W2: 0.0460
2026-03-28 21:42:06 | DEBUG | sivi:base_runner.py:477| eval_elbo | Epoch 7280, ELBO: 2.3207, Std Total: 24.0493, Std Q: nan, CI Half: 2.1080
2026-03-28 21:42:06 | DEBUG | sivi:base_runner.py:507| eval_ksd | Epoch 7280, VI KSD: -0.0038
2026-03-28 21:42:06 | DEBUG | sivi:base_runner.py:337| eval_kl_ite | Epoch 7290, VI KL to baseline: -0.0032
2026-03-28 21:42:06 | DEBUG | sivi:base_reverse_runner.py:261| eval_kl_ite | Epoch 7290, Reverse Model KL ITE: 0.0089
2026-03-28 21:42:06 | DEBUG | sivi:base_runner.py:347| eval_w2 | Epoch 7290, VI W2 to baseline: 0.3006
2026-03-28 21:42:07 | DEBUG | sivi:base_reverse_runner.py:272| eval_w2 | Epoch 7290, Reverse Model W2: 0.0480
2026-03-28 21:42:07 | DEBUG | sivi:base_runner.py:477| eval_elbo | Epoch 7290, ELBO: 0.5948, Std Total: 6.6702, Std Q: nan, CI Half: 0.5847
2026-03-28 21:42:07 | DEBUG | sivi:base_runner.py:507| eval_ksd | Epoch 7290, VI KSD: 0.0072
2026-03-28 21:42:07 | DEBUG | sivi:base_runner.py:874| learn | Epoch 7300: Avg Loss: -0.0136, Avg Epoch Time: 0.0584s
2026-03-28 21:42:07 | DEBUG | sivi:base_runner.py:337| eval_kl_ite | Epoch 7300, VI KL to baseline: 0.0290
2026-03-28 21:42:07 | DEBUG | sivi:base_reverse_runner.py:261| eval_kl_ite | Epoch 7300, Reverse Model KL ITE: -0.0115
2026-03-28 21:42:07 | DEBUG | sivi:base_runner.py:347| eval_w2 | Epoch 7300, VI W2 to baseline: 0.3017
2026-03-28 21:42:07 | DEBUG | sivi:base_reverse_runner.py:272| eval_w2 | Epoch 7300, Reverse Model W2: 0.0421
2026-03-28 21:42:07 | DEBUG | sivi:base_runner.py:477| eval_elbo | Epoch 7300, ELBO: 0.1362, Std Total: 2.4088, Std Q: nan, CI Half: 0.2111
2026-03-28 21:42:07 | DEBUG | sivi:base_runner.py:507| eval_ksd | Epoch 7300, VI KSD: -0.0070
2026-03-28 21:42:08 | DEBUG | sivi:base_runner.py:337| eval_kl_ite | Epoch 7310, VI KL to baseline: 0.0182
2026-03-28 21:42:08 | DEBUG | sivi:base_reverse_runner.py:261| eval_kl_ite | Epoch 7310, Reverse Model KL ITE: -0.0183
2026-03-28 21:42:08 | DEBUG | sivi:base_runner.py:347| eval_w2 | Epoch 7310, VI W2 to baseline: 0.3088
2026-03-28 21:42:08 | DEBUG | sivi:base_reverse_runner.py:272| eval_w2 | Epoch 7310, Reverse Model W2: 0.0402
2026-03-28 21:42:08 | DEBUG | sivi:base_runner.py:477| eval_elbo | Epoch 7310, ELBO: 0.8360, Std Total: 10.8730, Std Q: nan, CI Half: 0.9531
2026-03-28 21:42:08 | DEBUG | sivi:base_runner.py:507| eval_ksd | Epoch 7310, VI KSD: 0.0030
2026-03-28 21:42:08 | DEBUG | sivi:base_runner.py:337| eval_kl_ite | Epoch 7320, VI KL to baseline: 0.0138
2026-03-28 21:42:08 | DEBUG | sivi:base_reverse_runner.py:261| eval_kl_ite | Epoch 7320, Reverse Model KL ITE: 0.0251
2026-03-28 21:42:08 | DEBUG | sivi:base_runner.py:347| eval_w2 | Epoch 7320, VI W2 to baseline: 0.2931
2026-03-28 21:42:08 | DEBUG | sivi:base_reverse_runner.py:272| eval_w2 | Epoch 7320, Reverse Model W2: 0.0416
2026-03-28 21:42:08 | DEBUG | sivi:base_runner.py:477| eval_elbo | Epoch 7320, ELBO: 0.9604, Std Total: 15.9503, Std Q: nan, CI Half: 1.3981
2026-03-28 21:42:08 | DEBUG | sivi:base_runner.py:507| eval_ksd | Epoch 7320, VI KSD: -0.0020
2026-03-28 21:42:09 | DEBUG | sivi:base_runner.py:337| eval_kl_ite | Epoch 7330, VI KL to baseline: 0.0187
2026-03-28 21:42:09 | DEBUG | sivi:base_reverse_runner.py:261| eval_kl_ite | Epoch 7330, Reverse Model KL ITE: 0.0165
2026-03-28 21:42:09 | DEBUG | sivi:base_runner.py:347| eval_w2 | Epoch 7330, VI W2 to baseline: 0.2913
2026-03-28 21:42:09 | DEBUG | sivi:base_reverse_runner.py:272| eval_w2 | Epoch 7330, Reverse Model W2: 0.0333
2026-03-28 21:42:09 | DEBUG | sivi:base_runner.py:477| eval_elbo | Epoch 7330, ELBO: 0.8011, Std Total: 14.5339, Std Q: nan, CI Half: 1.2740
2026-03-28 21:42:09 | DEBUG | sivi:base_runner.py:507| eval_ksd | Epoch 7330, VI KSD: -0.0026
2026-03-28 21:42:09 | DEBUG | sivi:base_runner.py:337| eval_kl_ite | Epoch 7340, VI KL to baseline: 0.0282
2026-03-28 21:42:10 | DEBUG | sivi:base_reverse_runner.py:261| eval_kl_ite | Epoch 7340, Reverse Model KL ITE: 0.0129
2026-03-28 21:42:10 | DEBUG | sivi:base_runner.py:347| eval_w2 | Epoch 7340, VI W2 to baseline: 0.3036
2026-03-28 21:42:10 | DEBUG | sivi:base_reverse_runner.py:272| eval_w2 | Epoch 7340, Reverse Model W2: 0.0470
2026-03-28 21:42:10 | DEBUG | sivi:base_runner.py:477| eval_elbo | Epoch 7340, ELBO: 0.1230, Std Total: 1.8938, Std Q: nan, CI Half: 0.1660
2026-03-28 21:42:10 | DEBUG | sivi:base_runner.py:507| eval_ksd | Epoch 7340, VI KSD: -0.0057
2026-03-28 21:42:10 | DEBUG | sivi:base_runner.py:337| eval_kl_ite | Epoch 7350, VI KL to baseline: 0.0055
2026-03-28 21:42:10 | DEBUG | sivi:base_reverse_runner.py:261| eval_kl_ite | Epoch 7350, Reverse Model KL ITE: 0.0116
2026-03-28 21:42:10 | DEBUG | sivi:base_runner.py:347| eval_w2 | Epoch 7350, VI W2 to baseline: 0.3091
2026-03-28 21:42:10 | DEBUG | sivi:base_reverse_runner.py:272| eval_w2 | Epoch 7350, Reverse Model W2: 0.0427
2026-03-28 21:42:10 | DEBUG | sivi:base_runner.py:477| eval_elbo | Epoch 7350, ELBO: 0.6527, Std Total: 6.9036, Std Q: nan, CI Half: 0.6051
2026-03-28 21:42:10 | DEBUG | sivi:base_runner.py:507| eval_ksd | Epoch 7350, VI KSD: 0.0034
2026-03-28 21:42:10 | DEBUG | sivi:base_runner.py:337| eval_kl_ite | Epoch 7360, VI KL to baseline: 0.0098
2026-03-28 21:42:10 | DEBUG | sivi:base_reverse_runner.py:261| eval_kl_ite | Epoch 7360, Reverse Model KL ITE: -0.0053
2026-03-28 21:42:10 | DEBUG | sivi:base_runner.py:347| eval_w2 | Epoch 7360, VI W2 to baseline: 0.2875
2026-03-28 21:42:10 | DEBUG | sivi:base_reverse_runner.py:272| eval_w2 | Epoch 7360, Reverse Model W2: 0.0417
2026-03-28 21:42:10 | DEBUG | sivi:base_runner.py:477| eval_elbo | Epoch 7360, ELBO: 0.1447, Std Total: 2.1037, Std Q: nan, CI Half: 0.1844
2026-03-28 21:42:10 | DEBUG | sivi:base_runner.py:507| eval_ksd | Epoch 7360, VI KSD: 0.0025
2026-03-28 21:42:11 | DEBUG | sivi:base_runner.py:337| eval_kl_ite | Epoch 7370, VI KL to baseline: 0.0096
2026-03-28 21:42:11 | DEBUG | sivi:base_reverse_runner.py:261| eval_kl_ite | Epoch 7370, Reverse Model KL ITE: 0.0410
2026-03-28 21:42:11 | DEBUG | sivi:base_runner.py:347| eval_w2 | Epoch 7370, VI W2 to baseline: 0.2955
2026-03-28 21:42:11 | DEBUG | sivi:base_reverse_runner.py:272| eval_w2 | Epoch 7370, Reverse Model W2: 0.0457
2026-03-28 21:42:11 | DEBUG | sivi:base_runner.py:477| eval_elbo | Epoch 7370, ELBO: 1.5004, Std Total: 16.6978, Std Q: nan, CI Half: 1.4636
2026-03-28 21:42:11 | DEBUG | sivi:base_runner.py:507| eval_ksd | Epoch 7370, VI KSD: 0.0113
2026-03-28 21:42:12 | DEBUG | sivi:base_runner.py:337| eval_kl_ite | Epoch 7380, VI KL to baseline: 0.0253
2026-03-28 21:42:12 | DEBUG | sivi:base_reverse_runner.py:261| eval_kl_ite | Epoch 7380, Reverse Model KL ITE: 0.0502
2026-03-28 21:42:12 | DEBUG | sivi:base_runner.py:347| eval_w2 | Epoch 7380, VI W2 to baseline: 0.2978
2026-03-28 21:42:12 | DEBUG | sivi:base_reverse_runner.py:272| eval_w2 | Epoch 7380, Reverse Model W2: 0.0442
2026-03-28 21:42:12 | DEBUG | sivi:base_runner.py:477| eval_elbo | Epoch 7380, ELBO: 1.1383, Std Total: 12.5238, Std Q: nan, CI Half: 1.0978
2026-03-28 21:42:12 | DEBUG | sivi:base_runner.py:507| eval_ksd | Epoch 7380, VI KSD: 0.0177
2026-03-28 21:42:12 | DEBUG | sivi:base_runner.py:337| eval_kl_ite | Epoch 7390, VI KL to baseline: 0.0138
2026-03-28 21:42:12 | DEBUG | sivi:base_reverse_runner.py:261| eval_kl_ite | Epoch 7390, Reverse Model KL ITE: 0.0067
2026-03-28 21:42:12 | DEBUG | sivi:base_runner.py:347| eval_w2 | Epoch 7390, VI W2 to baseline: 0.3073
2026-03-28 21:42:12 | DEBUG | sivi:base_reverse_runner.py:272| eval_w2 | Epoch 7390, Reverse Model W2: 0.0387
2026-03-28 21:42:12 | DEBUG | sivi:base_runner.py:477| eval_elbo | Epoch 7390, ELBO: 1.1029, Std Total: 13.1698, Std Q: nan, CI Half: 1.1544
2026-03-28 21:42:12 | DEBUG | sivi:base_runner.py:507| eval_ksd | Epoch 7390, VI KSD: 0.0047
2026-03-28 21:42:13 | DEBUG | sivi:base_runner.py:874| learn | Epoch 7400: Avg Loss: 0.0511, Avg Epoch Time: 0.0587s
2026-03-28 21:42:13 | DEBUG | sivi:base_runner.py:337| eval_kl_ite | Epoch 7400, VI KL to baseline: 0.0158
2026-03-28 21:42:13 | DEBUG | sivi:base_reverse_runner.py:261| eval_kl_ite | Epoch 7400, Reverse Model KL ITE: 0.0126
2026-03-28 21:42:13 | DEBUG | sivi:base_runner.py:347| eval_w2 | Epoch 7400, VI W2 to baseline: 0.3038
2026-03-28 21:42:13 | DEBUG | sivi:base_reverse_runner.py:272| eval_w2 | Epoch 7400, Reverse Model W2: 0.0424
2026-03-28 21:42:13 | DEBUG | sivi:base_runner.py:477| eval_elbo | Epoch 7400, ELBO: 0.2751, Std Total: 3.0064, Std Q: nan, CI Half: 0.2635
2026-03-28 21:42:13 | DEBUG | sivi:base_runner.py:507| eval_ksd | Epoch 7400, VI KSD: -0.0023
2026-03-28 21:42:14 | DEBUG | sivi:base_runner.py:337| eval_kl_ite | Epoch 7410, VI KL to baseline: 0.0111
2026-03-28 21:42:14 | DEBUG | sivi:base_reverse_runner.py:261| eval_kl_ite | Epoch 7410, Reverse Model KL ITE: 0.0268
2026-03-28 21:42:14 | DEBUG | sivi:base_runner.py:347| eval_w2 | Epoch 7410, VI W2 to baseline: 0.3109
2026-03-28 21:42:14 | DEBUG | sivi:base_reverse_runner.py:272| eval_w2 | Epoch 7410, Reverse Model W2: 0.0373
2026-03-28 21:42:14 | DEBUG | sivi:base_runner.py:477| eval_elbo | Epoch 7410, ELBO: 1.5873, Std Total: 25.6732, Std Q: nan, CI Half: 2.2504
2026-03-28 21:42:14 | DEBUG | sivi:base_runner.py:507| eval_ksd | Epoch 7410, VI KSD: -0.0036
2026-03-28 21:42:14 | DEBUG | sivi:base_runner.py:337| eval_kl_ite | Epoch 7420, VI KL to baseline: 0.0249
2026-03-28 21:42:14 | DEBUG | sivi:base_reverse_runner.py:261| eval_kl_ite | Epoch 7420, Reverse Model KL ITE: 0.0237
2026-03-28 21:42:14 | DEBUG | sivi:base_runner.py:347| eval_w2 | Epoch 7420, VI W2 to baseline: 0.3043
2026-03-28 21:42:14 | DEBUG | sivi:base_reverse_runner.py:272| eval_w2 | Epoch 7420, Reverse Model W2: 0.0492
2026-03-28 21:42:14 | DEBUG | sivi:base_runner.py:477| eval_elbo | Epoch 7420, ELBO: 3.8629, Std Total: 36.2014, Std Q: nan, CI Half: 3.1732
2026-03-28 21:42:14 | DEBUG | sivi:base_runner.py:507| eval_ksd | Epoch 7420, VI KSD: 0.0008
2026-03-28 21:42:15 | DEBUG | sivi:base_runner.py:337| eval_kl_ite | Epoch 7430, VI KL to baseline: -0.0022
2026-03-28 21:42:15 | DEBUG | sivi:base_reverse_runner.py:261| eval_kl_ite | Epoch 7430, Reverse Model KL ITE: 0.0062
2026-03-28 21:42:15 | DEBUG | sivi:base_runner.py:347| eval_w2 | Epoch 7430, VI W2 to baseline: 0.3103
2026-03-28 21:42:15 | DEBUG | sivi:base_reverse_runner.py:272| eval_w2 | Epoch 7430, Reverse Model W2: 0.0488
2026-03-28 21:42:15 | DEBUG | sivi:base_runner.py:477| eval_elbo | Epoch 7430, ELBO: 0.1755, Std Total: 1.8861, Std Q: nan, CI Half: 0.1653
2026-03-28 21:42:15 | DEBUG | sivi:base_runner.py:507| eval_ksd | Epoch 7430, VI KSD: -0.0013
2026-03-28 21:42:16 | DEBUG | sivi:base_runner.py:337| eval_kl_ite | Epoch 7440, VI KL to baseline: 0.0225
2026-03-28 21:42:16 | DEBUG | sivi:base_reverse_runner.py:261| eval_kl_ite | Epoch 7440, Reverse Model KL ITE: 0.0178
2026-03-28 21:42:16 | DEBUG | sivi:base_runner.py:347| eval_w2 | Epoch 7440, VI W2 to baseline: 0.2995
2026-03-28 21:42:16 | DEBUG | sivi:base_reverse_runner.py:272| eval_w2 | Epoch 7440, Reverse Model W2: 0.0469
2026-03-28 21:42:16 | DEBUG | sivi:base_runner.py:477| eval_elbo | Epoch 7440, ELBO: 2.5840, Std Total: 39.5257, Std Q: nan, CI Half: 3.4646
2026-03-28 21:42:16 | DEBUG | sivi:base_runner.py:507| eval_ksd | Epoch 7440, VI KSD: 0.0015
2026-03-28 21:42:16 | DEBUG | sivi:base_runner.py:337| eval_kl_ite | Epoch 7450, VI KL to baseline: 0.0212
2026-03-28 21:42:16 | DEBUG | sivi:base_reverse_runner.py:261| eval_kl_ite | Epoch 7450, Reverse Model KL ITE: 0.0300
2026-03-28 21:42:16 | DEBUG | sivi:base_runner.py:347| eval_w2 | Epoch 7450, VI W2 to baseline: 0.2954
2026-03-28 21:42:16 | DEBUG | sivi:base_reverse_runner.py:272| eval_w2 | Epoch 7450, Reverse Model W2: 0.0664
2026-03-28 21:42:16 | DEBUG | sivi:base_runner.py:477| eval_elbo | Epoch 7450, ELBO: 1.2524, Std Total: 14.5516, Std Q: nan, CI Half: 1.2755
2026-03-28 21:42:16 | DEBUG | sivi:base_runner.py:507| eval_ksd | Epoch 7450, VI KSD: -0.0024
2026-03-28 21:42:17 | DEBUG | sivi:base_runner.py:337| eval_kl_ite | Epoch 7460, VI KL to baseline: 0.0251
2026-03-28 21:42:17 | DEBUG | sivi:base_reverse_runner.py:261| eval_kl_ite | Epoch 7460, Reverse Model KL ITE: 0.0287
2026-03-28 21:42:17 | DEBUG | sivi:base_runner.py:347| eval_w2 | Epoch 7460, VI W2 to baseline: 0.3095
2026-03-28 21:42:17 | DEBUG | sivi:base_reverse_runner.py:272| eval_w2 | Epoch 7460, Reverse Model W2: 0.0379
2026-03-28 21:42:17 | DEBUG | sivi:base_runner.py:477| eval_elbo | Epoch 7460, ELBO: 0.7883, Std Total: 15.9218, Std Q: nan, CI Half: 1.3956
2026-03-28 21:42:17 | DEBUG | sivi:base_runner.py:507| eval_ksd | Epoch 7460, VI KSD: 0.0028
2026-03-28 21:42:17 | DEBUG | sivi:base_runner.py:337| eval_kl_ite | Epoch 7470, VI KL to baseline: 0.0213
2026-03-28 21:42:17 | DEBUG | sivi:base_reverse_runner.py:261| eval_kl_ite | Epoch 7470, Reverse Model KL ITE: 0.0102
2026-03-28 21:42:17 | DEBUG | sivi:base_runner.py:347| eval_w2 | Epoch 7470, VI W2 to baseline: 0.3231
2026-03-28 21:42:17 | DEBUG | sivi:base_reverse_runner.py:272| eval_w2 | Epoch 7470, Reverse Model W2: 0.0452
2026-03-28 21:42:17 | DEBUG | sivi:base_runner.py:477| eval_elbo | Epoch 7470, ELBO: 2.0009, Std Total: 41.5537, Std Q: nan, CI Half: 3.6423
2026-03-28 21:42:17 | DEBUG | sivi:base_runner.py:507| eval_ksd | Epoch 7470, VI KSD: -0.0033
2026-03-28 21:42:18 | DEBUG | sivi:base_runner.py:337| eval_kl_ite | Epoch 7480, VI KL to baseline: 0.0276
2026-03-28 21:42:18 | DEBUG | sivi:base_reverse_runner.py:261| eval_kl_ite | Epoch 7480, Reverse Model KL ITE: 0.0421
2026-03-28 21:42:18 | DEBUG | sivi:base_runner.py:347| eval_w2 | Epoch 7480, VI W2 to baseline: 0.2760
2026-03-28 21:42:18 | DEBUG | sivi:base_reverse_runner.py:272| eval_w2 | Epoch 7480, Reverse Model W2: 0.0390
2026-03-28 21:42:18 | DEBUG | sivi:base_runner.py:477| eval_elbo | Epoch 7480, ELBO: 0.4686, Std Total: 4.0964, Std Q: nan, CI Half: 0.3591
2026-03-28 21:42:18 | DEBUG | sivi:base_runner.py:507| eval_ksd | Epoch 7480, VI KSD: 0.0028
2026-03-28 21:42:18 | DEBUG | sivi:base_runner.py:337| eval_kl_ite | Epoch 7490, VI KL to baseline: 0.0186
2026-03-28 21:42:18 | DEBUG | sivi:base_reverse_runner.py:261| eval_kl_ite | Epoch 7490, Reverse Model KL ITE: 0.0105
2026-03-28 21:42:18 | DEBUG | sivi:base_runner.py:347| eval_w2 | Epoch 7490, VI W2 to baseline: 0.3080
2026-03-28 21:42:18 | DEBUG | sivi:base_reverse_runner.py:272| eval_w2 | Epoch 7490, Reverse Model W2: 0.0439
2026-03-28 21:42:18 | DEBUG | sivi:base_runner.py:477| eval_elbo | Epoch 7490, ELBO: 3.2832, Std Total: 42.3689, Std Q: nan, CI Half: 3.7138
2026-03-28 21:42:18 | DEBUG | sivi:base_runner.py:507| eval_ksd | Epoch 7490, VI KSD: 0.0045
2026-03-28 21:42:18 | DEBUG | sivi:base_runner.py:874| learn | Epoch 7500: Avg Loss: -0.0476, Avg Epoch Time: 0.0556s
2026-03-28 21:42:18 | DEBUG | sivi:base_reverse_runner.py:183| _training_rev_log_func | Epoch 7500, Inner epoch 1, Reverse Model Loss: 2.8692, Avg Steps: 1.0000
2026-03-28 21:42:18 | DEBUG | sivi:base_runner.py:588| save_samples | Saved 100000 samples at epoch 7500.
2026-03-28 21:42:18 | DEBUG | sivi:base_runner.py:337| eval_kl_ite | Epoch 7500, VI KL to baseline: 0.0092
2026-03-28 21:42:19 | DEBUG | sivi:base_reverse_runner.py:261| eval_kl_ite | Epoch 7500, Reverse Model KL ITE: 0.0016
2026-03-28 21:42:19 | DEBUG | sivi:base_runner.py:347| eval_w2 | Epoch 7500, VI W2 to baseline: 0.3114
2026-03-28 21:42:19 | DEBUG | sivi:base_reverse_runner.py:272| eval_w2 | Epoch 7500, Reverse Model W2: 0.0461
2026-03-28 21:42:19 | DEBUG | sivi:base_runner.py:477| eval_elbo | Epoch 7500, ELBO: 1.4340, Std Total: 16.1601, Std Q: nan, CI Half: 1.4165
2026-03-28 21:42:19 | DEBUG | sivi:base_runner.py:507| eval_ksd | Epoch 7500, VI KSD: -0.0023
2026-03-28 21:42:19 | DEBUG | sivi:base_runner.py:970| learn | Saved contour plot at epoch 7500.
2026-03-28 21:42:19 | DEBUG | sivi:base_runner.py:337| eval_kl_ite | Epoch 7510, VI KL to baseline: 0.0005
2026-03-28 21:42:19 | DEBUG | sivi:base_reverse_runner.py:261| eval_kl_ite | Epoch 7510, Reverse Model KL ITE: 0.0202
2026-03-28 21:42:19 | DEBUG | sivi:base_runner.py:347| eval_w2 | Epoch 7510, VI W2 to baseline: 0.2954
2026-03-28 21:42:19 | DEBUG | sivi:base_reverse_runner.py:272| eval_w2 | Epoch 7510, Reverse Model W2: 0.0433
2026-03-28 21:42:19 | DEBUG | sivi:base_runner.py:477| eval_elbo | Epoch 7510, ELBO: 0.2222, Std Total: 2.3815, Std Q: nan, CI Half: 0.2088
2026-03-28 21:42:19 | DEBUG | sivi:base_runner.py:507| eval_ksd | Epoch 7510, VI KSD: 0.0005
2026-03-28 21:42:20 | DEBUG | sivi:base_runner.py:337| eval_kl_ite | Epoch 7520, VI KL to baseline: 0.0095
2026-03-28 21:42:20 | DEBUG | sivi:base_reverse_runner.py:261| eval_kl_ite | Epoch 7520, Reverse Model KL ITE: 0.0370
2026-03-28 21:42:20 | DEBUG | sivi:base_runner.py:347| eval_w2 | Epoch 7520, VI W2 to baseline: 0.2904
2026-03-28 21:42:20 | DEBUG | sivi:base_reverse_runner.py:272| eval_w2 | Epoch 7520, Reverse Model W2: 0.0411
2026-03-28 21:42:20 | DEBUG | sivi:base_runner.py:477| eval_elbo | Epoch 7520, ELBO: 1.6054, Std Total: 16.9363, Std Q: nan, CI Half: 1.4845
2026-03-28 21:42:20 | DEBUG | sivi:base_runner.py:507| eval_ksd | Epoch 7520, VI KSD: -0.0029
2026-03-28 21:42:21 | DEBUG | sivi:base_runner.py:337| eval_kl_ite | Epoch 7530, VI KL to baseline: 0.0117
2026-03-28 21:42:21 | DEBUG | sivi:base_reverse_runner.py:261| eval_kl_ite | Epoch 7530, Reverse Model KL ITE: 0.0375
2026-03-28 21:42:21 | DEBUG | sivi:base_runner.py:347| eval_w2 | Epoch 7530, VI W2 to baseline: 0.3008
2026-03-28 21:42:21 | DEBUG | sivi:base_reverse_runner.py:272| eval_w2 | Epoch 7530, Reverse Model W2: 0.0447
2026-03-28 21:42:21 | DEBUG | sivi:base_runner.py:477| eval_elbo | Epoch 7530, ELBO: 0.5130, Std Total: 6.5820, Std Q: nan, CI Half: 0.5769
2026-03-28 21:42:21 | DEBUG | sivi:base_runner.py:507| eval_ksd | Epoch 7530, VI KSD: 0.0014
2026-03-28 21:42:21 | DEBUG | sivi:base_runner.py:337| eval_kl_ite | Epoch 7540, VI KL to baseline: 0.0151
2026-03-28 21:42:21 | DEBUG | sivi:base_reverse_runner.py:261| eval_kl_ite | Epoch 7540, Reverse Model KL ITE: -0.0067
2026-03-28 21:42:21 | DEBUG | sivi:base_runner.py:347| eval_w2 | Epoch 7540, VI W2 to baseline: 0.3091
2026-03-28 21:42:21 | DEBUG | sivi:base_reverse_runner.py:272| eval_w2 | Epoch 7540, Reverse Model W2: 0.0408
2026-03-28 21:42:21 | DEBUG | sivi:base_runner.py:477| eval_elbo | Epoch 7540, ELBO: 1.8173, Std Total: 23.0944, Std Q: nan, CI Half: 2.0243
2026-03-28 21:42:21 | DEBUG | sivi:base_runner.py:507| eval_ksd | Epoch 7540, VI KSD: -0.0029
2026-03-28 21:42:22 | DEBUG | sivi:base_runner.py:337| eval_kl_ite | Epoch 7550, VI KL to baseline: 0.0169
2026-03-28 21:42:22 | DEBUG | sivi:base_reverse_runner.py:261| eval_kl_ite | Epoch 7550, Reverse Model KL ITE: 0.0062
2026-03-28 21:42:22 | DEBUG | sivi:base_runner.py:347| eval_w2 | Epoch 7550, VI W2 to baseline: 0.2881
2026-03-28 21:42:22 | DEBUG | sivi:base_reverse_runner.py:272| eval_w2 | Epoch 7550, Reverse Model W2: 0.0447
2026-03-28 21:42:22 | DEBUG | sivi:base_runner.py:477| eval_elbo | Epoch 7550, ELBO: 1.4845, Std Total: 17.2903, Std Q: nan, CI Half: 1.5156
2026-03-28 21:42:22 | DEBUG | sivi:base_runner.py:507| eval_ksd | Epoch 7550, VI KSD: 0.0125
2026-03-28 21:42:22 | DEBUG | sivi:base_runner.py:337| eval_kl_ite | Epoch 7560, VI KL to baseline: 0.0018
2026-03-28 21:42:22 | DEBUG | sivi:base_reverse_runner.py:261| eval_kl_ite | Epoch 7560, Reverse Model KL ITE: -0.0084
2026-03-28 21:42:22 | DEBUG | sivi:base_runner.py:347| eval_w2 | Epoch 7560, VI W2 to baseline: 0.2895
2026-03-28 21:42:23 | DEBUG | sivi:base_reverse_runner.py:272| eval_w2 | Epoch 7560, Reverse Model W2: 0.0412
2026-03-28 21:42:23 | DEBUG | sivi:base_runner.py:477| eval_elbo | Epoch 7560, ELBO: 2.6380, Std Total: 26.4678, Std Q: nan, CI Half: 2.3200
2026-03-28 21:42:23 | DEBUG | sivi:base_runner.py:507| eval_ksd | Epoch 7560, VI KSD: 0.0034
2026-03-28 21:42:23 | DEBUG | sivi:base_runner.py:337| eval_kl_ite | Epoch 7570, VI KL to baseline: 0.0211
2026-03-28 21:42:23 | DEBUG | sivi:base_reverse_runner.py:261| eval_kl_ite | Epoch 7570, Reverse Model KL ITE: 0.0179
2026-03-28 21:42:23 | DEBUG | sivi:base_runner.py:347| eval_w2 | Epoch 7570, VI W2 to baseline: 0.2884
2026-03-28 21:42:23 | DEBUG | sivi:base_reverse_runner.py:272| eval_w2 | Epoch 7570, Reverse Model W2: 0.0532
2026-03-28 21:42:23 | DEBUG | sivi:base_runner.py:477| eval_elbo | Epoch 7570, ELBO: 1.3910, Std Total: 20.4345, Std Q: nan, CI Half: 1.7912
2026-03-28 21:42:23 | DEBUG | sivi:base_runner.py:507| eval_ksd | Epoch 7570, VI KSD: 0.0079
2026-03-28 21:42:24 | DEBUG | sivi:base_runner.py:337| eval_kl_ite | Epoch 7580, VI KL to baseline: 0.0233
2026-03-28 21:42:24 | DEBUG | sivi:base_reverse_runner.py:261| eval_kl_ite | Epoch 7580, Reverse Model KL ITE: 0.0175
2026-03-28 21:42:24 | DEBUG | sivi:base_runner.py:347| eval_w2 | Epoch 7580, VI W2 to baseline: 0.2997
2026-03-28 21:42:24 | DEBUG | sivi:base_reverse_runner.py:272| eval_w2 | Epoch 7580, Reverse Model W2: 0.0405
2026-03-28 21:42:24 | DEBUG | sivi:base_runner.py:477| eval_elbo | Epoch 7580, ELBO: 1.9813, Std Total: 23.4607, Std Q: nan, CI Half: 2.0564
2026-03-28 21:42:24 | DEBUG | sivi:base_runner.py:507| eval_ksd | Epoch 7580, VI KSD: 0.0019
2026-03-28 21:42:24 | DEBUG | sivi:base_runner.py:337| eval_kl_ite | Epoch 7590, VI KL to baseline: 0.0175
2026-03-28 21:42:24 | DEBUG | sivi:base_reverse_runner.py:261| eval_kl_ite | Epoch 7590, Reverse Model KL ITE: -0.0127
2026-03-28 21:42:24 | DEBUG | sivi:base_runner.py:347| eval_w2 | Epoch 7590, VI W2 to baseline: 0.3086
2026-03-28 21:42:24 | DEBUG | sivi:base_reverse_runner.py:272| eval_w2 | Epoch 7590, Reverse Model W2: 0.0449
2026-03-28 21:42:24 | DEBUG | sivi:base_runner.py:477| eval_elbo | Epoch 7590, ELBO: 7.6957, Std Total: 67.7954, Std Q: nan, CI Half: 5.9425
2026-03-28 21:42:24 | DEBUG | sivi:base_runner.py:507| eval_ksd | Epoch 7590, VI KSD: -0.0008
2026-03-28 21:42:25 | DEBUG | sivi:base_runner.py:874| learn | Epoch 7600: Avg Loss: 0.0690, Avg Epoch Time: 0.0645s
2026-03-28 21:42:25 | DEBUG | sivi:base_runner.py:337| eval_kl_ite | Epoch 7600, VI KL to baseline: 0.0039
2026-03-28 21:42:25 | DEBUG | sivi:base_reverse_runner.py:261| eval_kl_ite | Epoch 7600, Reverse Model KL ITE: 0.0252
2026-03-28 21:42:25 | DEBUG | sivi:base_runner.py:347| eval_w2 | Epoch 7600, VI W2 to baseline: 0.3019
2026-03-28 21:42:25 | DEBUG | sivi:base_reverse_runner.py:272| eval_w2 | Epoch 7600, Reverse Model W2: 0.0349
2026-03-28 21:42:25 | DEBUG | sivi:base_runner.py:477| eval_elbo | Epoch 7600, ELBO: 3.9460, Std Total: 44.8941, Std Q: nan, CI Half: 3.9351
2026-03-28 21:42:25 | DEBUG | sivi:base_runner.py:507| eval_ksd | Epoch 7600, VI KSD: -0.0056
2026-03-28 21:42:26 | DEBUG | sivi:base_runner.py:337| eval_kl_ite | Epoch 7610, VI KL to baseline: 0.0092
2026-03-28 21:42:26 | DEBUG | sivi:base_reverse_runner.py:261| eval_kl_ite | Epoch 7610, Reverse Model KL ITE: 0.0442
2026-03-28 21:42:26 | DEBUG | sivi:base_runner.py:347| eval_w2 | Epoch 7610, VI W2 to baseline: 0.2951
2026-03-28 21:42:26 | DEBUG | sivi:base_reverse_runner.py:272| eval_w2 | Epoch 7610, Reverse Model W2: 0.0516
2026-03-28 21:42:26 | DEBUG | sivi:base_runner.py:477| eval_elbo | Epoch 7610, ELBO: 0.3196, Std Total: 3.6131, Std Q: nan, CI Half: 0.3167
2026-03-28 21:42:26 | DEBUG | sivi:base_runner.py:507| eval_ksd | Epoch 7610, VI KSD: 0.0027
2026-03-28 21:42:26 | DEBUG | sivi:base_runner.py:337| eval_kl_ite | Epoch 7620, VI KL to baseline: 0.0164
2026-03-28 21:42:26 | DEBUG | sivi:base_reverse_runner.py:261| eval_kl_ite | Epoch 7620, Reverse Model KL ITE: -0.0032
2026-03-28 21:42:26 | DEBUG | sivi:base_runner.py:347| eval_w2 | Epoch 7620, VI W2 to baseline: 0.3137
2026-03-28 21:42:26 | DEBUG | sivi:base_reverse_runner.py:272| eval_w2 | Epoch 7620, Reverse Model W2: 0.0394
2026-03-28 21:42:26 | DEBUG | sivi:base_runner.py:477| eval_elbo | Epoch 7620, ELBO: 1.7959, Std Total: 22.0035, Std Q: nan, CI Half: 1.9287
2026-03-28 21:42:26 | DEBUG | sivi:base_runner.py:507| eval_ksd | Epoch 7620, VI KSD: -0.0002
2026-03-28 21:42:27 | DEBUG | sivi:base_runner.py:337| eval_kl_ite | Epoch 7630, VI KL to baseline: 0.0047
2026-03-28 21:42:27 | DEBUG | sivi:base_reverse_runner.py:261| eval_kl_ite | Epoch 7630, Reverse Model KL ITE: 0.0385
2026-03-28 21:42:27 | DEBUG | sivi:base_runner.py:347| eval_w2 | Epoch 7630, VI W2 to baseline: 0.3367
2026-03-28 21:42:27 | DEBUG | sivi:base_reverse_runner.py:272| eval_w2 | Epoch 7630, Reverse Model W2: 0.0371
2026-03-28 21:42:27 | DEBUG | sivi:base_runner.py:477| eval_elbo | Epoch 7630, ELBO: 1.7949, Std Total: 22.3272, Std Q: nan, CI Half: 1.9571
2026-03-28 21:42:27 | DEBUG | sivi:base_runner.py:507| eval_ksd | Epoch 7630, VI KSD: -0.0051
2026-03-28 21:42:28 | DEBUG | sivi:base_runner.py:337| eval_kl_ite | Epoch 7640, VI KL to baseline: 0.0115
2026-03-28 21:42:28 | DEBUG | sivi:base_reverse_runner.py:261| eval_kl_ite | Epoch 7640, Reverse Model KL ITE: 0.0351
2026-03-28 21:42:28 | DEBUG | sivi:base_runner.py:347| eval_w2 | Epoch 7640, VI W2 to baseline: 0.3145
2026-03-28 21:42:28 | DEBUG | sivi:base_reverse_runner.py:272| eval_w2 | Epoch 7640, Reverse Model W2: 0.0420
2026-03-28 21:42:28 | DEBUG | sivi:base_runner.py:477| eval_elbo | Epoch 7640, ELBO: 2.9596, Std Total: 47.1547, Std Q: nan, CI Half: 4.1333
2026-03-28 21:42:28 | DEBUG | sivi:base_runner.py:507| eval_ksd | Epoch 7640, VI KSD: -0.0072
2026-03-28 21:42:28 | DEBUG | sivi:base_runner.py:337| eval_kl_ite | Epoch 7650, VI KL to baseline: 0.0011
2026-03-28 21:42:28 | DEBUG | sivi:base_reverse_runner.py:261| eval_kl_ite | Epoch 7650, Reverse Model KL ITE: 0.0045
2026-03-28 21:42:28 | DEBUG | sivi:base_runner.py:347| eval_w2 | Epoch 7650, VI W2 to baseline: 0.3118
2026-03-28 21:42:28 | DEBUG | sivi:base_reverse_runner.py:272| eval_w2 | Epoch 7650, Reverse Model W2: 0.0435
2026-03-28 21:42:28 | DEBUG | sivi:base_runner.py:477| eval_elbo | Epoch 7650, ELBO: 2.1298, Std Total: 41.4354, Std Q: nan, CI Half: 3.6320
2026-03-28 21:42:28 | DEBUG | sivi:base_runner.py:507| eval_ksd | Epoch 7650, VI KSD: -0.0003
2026-03-28 21:42:29 | DEBUG | sivi:base_runner.py:337| eval_kl_ite | Epoch 7660, VI KL to baseline: 0.0133
2026-03-28 21:42:29 | DEBUG | sivi:base_reverse_runner.py:261| eval_kl_ite | Epoch 7660, Reverse Model KL ITE: 0.0071
2026-03-28 21:42:29 | DEBUG | sivi:base_runner.py:347| eval_w2 | Epoch 7660, VI W2 to baseline: 0.3142
2026-03-28 21:42:29 | DEBUG | sivi:base_reverse_runner.py:272| eval_w2 | Epoch 7660, Reverse Model W2: 0.0381
2026-03-28 21:42:29 | DEBUG | sivi:base_runner.py:477| eval_elbo | Epoch 7660, ELBO: 0.2348, Std Total: 2.3055, Std Q: nan, CI Half: 0.2021
2026-03-28 21:42:29 | DEBUG | sivi:base_runner.py:507| eval_ksd | Epoch 7660, VI KSD: 0.0074
2026-03-28 21:42:30 | DEBUG | sivi:base_runner.py:337| eval_kl_ite | Epoch 7670, VI KL to baseline: 0.0239
2026-03-28 21:42:30 | DEBUG | sivi:base_reverse_runner.py:261| eval_kl_ite | Epoch 7670, Reverse Model KL ITE: 0.0250
2026-03-28 21:42:30 | DEBUG | sivi:base_runner.py:347| eval_w2 | Epoch 7670, VI W2 to baseline: 0.3072
2026-03-28 21:42:30 | DEBUG | sivi:base_reverse_runner.py:272| eval_w2 | Epoch 7670, Reverse Model W2: 0.0520
2026-03-28 21:42:30 | DEBUG | sivi:base_runner.py:477| eval_elbo | Epoch 7670, ELBO: 0.3387, Std Total: 3.0633, Std Q: nan, CI Half: 0.2685
2026-03-28 21:42:30 | DEBUG | sivi:base_runner.py:507| eval_ksd | Epoch 7670, VI KSD: -0.0003
2026-03-28 21:42:30 | DEBUG | sivi:base_runner.py:337| eval_kl_ite | Epoch 7680, VI KL to baseline: -0.0049
2026-03-28 21:42:30 | DEBUG | sivi:base_reverse_runner.py:261| eval_kl_ite | Epoch 7680, Reverse Model KL ITE: 0.0086
2026-03-28 21:42:30 | DEBUG | sivi:base_runner.py:347| eval_w2 | Epoch 7680, VI W2 to baseline: 0.3120
2026-03-28 21:42:30 | DEBUG | sivi:base_reverse_runner.py:272| eval_w2 | Epoch 7680, Reverse Model W2: 0.0384
2026-03-28 21:42:30 | DEBUG | sivi:base_runner.py:477| eval_elbo | Epoch 7680, ELBO: 2.8259, Std Total: 56.7478, Std Q: nan, CI Half: 4.9742
2026-03-28 21:42:30 | DEBUG | sivi:base_runner.py:507| eval_ksd | Epoch 7680, VI KSD: 0.0039
2026-03-28 21:42:31 | DEBUG | sivi:base_runner.py:337| eval_kl_ite | Epoch 7690, VI KL to baseline: 0.0322
2026-03-28 21:42:31 | DEBUG | sivi:base_reverse_runner.py:261| eval_kl_ite | Epoch 7690, Reverse Model KL ITE: 0.0267
2026-03-28 21:42:31 | DEBUG | sivi:base_runner.py:347| eval_w2 | Epoch 7690, VI W2 to baseline: 0.3347
2026-03-28 21:42:31 | DEBUG | sivi:base_reverse_runner.py:272| eval_w2 | Epoch 7690, Reverse Model W2: 0.0492
2026-03-28 21:42:31 | DEBUG | sivi:base_runner.py:477| eval_elbo | Epoch 7690, ELBO: 4.7614, Std Total: 62.6510, Std Q: nan, CI Half: 5.4916
2026-03-28 21:42:31 | DEBUG | sivi:base_runner.py:507| eval_ksd | Epoch 7690, VI KSD: -0.0020
2026-03-28 21:42:31 | DEBUG | sivi:base_runner.py:874| learn | Epoch 7700: Avg Loss: 0.0072, Avg Epoch Time: 0.0644s
2026-03-28 21:42:31 | DEBUG | sivi:base_runner.py:337| eval_kl_ite | Epoch 7700, VI KL to baseline: 0.0028
2026-03-28 21:42:31 | DEBUG | sivi:base_reverse_runner.py:261| eval_kl_ite | Epoch 7700, Reverse Model KL ITE: 0.0166
2026-03-28 21:42:31 | DEBUG | sivi:base_runner.py:347| eval_w2 | Epoch 7700, VI W2 to baseline: 0.3180
2026-03-28 21:42:31 | DEBUG | sivi:base_reverse_runner.py:272| eval_w2 | Epoch 7700, Reverse Model W2: 0.0495
2026-03-28 21:42:31 | DEBUG | sivi:base_runner.py:477| eval_elbo | Epoch 7700, ELBO: 0.8402, Std Total: 12.4874, Std Q: nan, CI Half: 1.0946
2026-03-28 21:42:31 | DEBUG | sivi:base_runner.py:507| eval_ksd | Epoch 7700, VI KSD: 0.0031
2026-03-28 21:42:32 | DEBUG | sivi:base_runner.py:337| eval_kl_ite | Epoch 7710, VI KL to baseline: 0.0194
2026-03-28 21:42:32 | DEBUG | sivi:base_reverse_runner.py:261| eval_kl_ite | Epoch 7710, Reverse Model KL ITE: -0.0022
2026-03-28 21:42:32 | DEBUG | sivi:base_runner.py:347| eval_w2 | Epoch 7710, VI W2 to baseline: 0.3357
2026-03-28 21:42:32 | DEBUG | sivi:base_reverse_runner.py:272| eval_w2 | Epoch 7710, Reverse Model W2: 0.0417
2026-03-28 21:42:32 | DEBUG | sivi:base_runner.py:477| eval_elbo | Epoch 7710, ELBO: 1.8301, Std Total: 28.6243, Std Q: nan, CI Half: 2.5090
2026-03-28 21:42:32 | DEBUG | sivi:base_runner.py:507| eval_ksd | Epoch 7710, VI KSD: 0.0003
2026-03-28 21:42:33 | DEBUG | sivi:base_runner.py:337| eval_kl_ite | Epoch 7720, VI KL to baseline: 0.0120
2026-03-28 21:42:33 | DEBUG | sivi:base_reverse_runner.py:261| eval_kl_ite | Epoch 7720, Reverse Model KL ITE: 0.0092
2026-03-28 21:42:33 | DEBUG | sivi:base_runner.py:347| eval_w2 | Epoch 7720, VI W2 to baseline: 0.3090
2026-03-28 21:42:33 | DEBUG | sivi:base_reverse_runner.py:272| eval_w2 | Epoch 7720, Reverse Model W2: 0.0403
2026-03-28 21:42:33 | DEBUG | sivi:base_runner.py:477| eval_elbo | Epoch 7720, ELBO: 3.4753, Std Total: 53.1814, Std Q: nan, CI Half: 4.6616
2026-03-28 21:42:33 | DEBUG | sivi:base_runner.py:507| eval_ksd | Epoch 7720, VI KSD: 0.0050
2026-03-28 21:42:33 | DEBUG | sivi:base_runner.py:337| eval_kl_ite | Epoch 7730, VI KL to baseline: 0.0087
2026-03-28 21:42:33 | DEBUG | sivi:base_reverse_runner.py:261| eval_kl_ite | Epoch 7730, Reverse Model KL ITE: 0.0458
2026-03-28 21:42:33 | DEBUG | sivi:base_runner.py:347| eval_w2 | Epoch 7730, VI W2 to baseline: 0.3161
2026-03-28 21:42:33 | DEBUG | sivi:base_reverse_runner.py:272| eval_w2 | Epoch 7730, Reverse Model W2: 0.0483
2026-03-28 21:42:33 | DEBUG | sivi:base_runner.py:477| eval_elbo | Epoch 7730, ELBO: 0.3568, Std Total: 4.1028, Std Q: nan, CI Half: 0.3596
2026-03-28 21:42:33 | DEBUG | sivi:base_runner.py:507| eval_ksd | Epoch 7730, VI KSD: -0.0019
2026-03-28 21:42:34 | DEBUG | sivi:base_runner.py:337| eval_kl_ite | Epoch 7740, VI KL to baseline: -0.0038
2026-03-28 21:42:34 | DEBUG | sivi:base_reverse_runner.py:261| eval_kl_ite | Epoch 7740, Reverse Model KL ITE: -0.0041
2026-03-28 21:42:34 | DEBUG | sivi:base_runner.py:347| eval_w2 | Epoch 7740, VI W2 to baseline: 0.3267
2026-03-28 21:42:34 | DEBUG | sivi:base_reverse_runner.py:272| eval_w2 | Epoch 7740, Reverse Model W2: 0.0516
2026-03-28 21:42:34 | DEBUG | sivi:base_runner.py:477| eval_elbo | Epoch 7740, ELBO: 2.2978, Std Total: 31.2515, Std Q: nan, CI Half: 2.7393
2026-03-28 21:42:34 | DEBUG | sivi:base_runner.py:507| eval_ksd | Epoch 7740, VI KSD: -0.0063
2026-03-28 21:42:35 | DEBUG | sivi:base_runner.py:337| eval_kl_ite | Epoch 7750, VI KL to baseline: 0.0018
2026-03-28 21:42:35 | DEBUG | sivi:base_reverse_runner.py:261| eval_kl_ite | Epoch 7750, Reverse Model KL ITE: 0.0263
2026-03-28 21:42:35 | DEBUG | sivi:base_runner.py:347| eval_w2 | Epoch 7750, VI W2 to baseline: 0.3282
2026-03-28 21:42:35 | DEBUG | sivi:base_reverse_runner.py:272| eval_w2 | Epoch 7750, Reverse Model W2: 0.0463
2026-03-28 21:42:35 | DEBUG | sivi:base_runner.py:477| eval_elbo | Epoch 7750, ELBO: 0.6196, Std Total: 6.9705, Std Q: nan, CI Half: 0.6110
2026-03-28 21:42:35 | DEBUG | sivi:base_runner.py:507| eval_ksd | Epoch 7750, VI KSD: -0.0090
2026-03-28 21:42:35 | DEBUG | sivi:base_runner.py:337| eval_kl_ite | Epoch 7760, VI KL to baseline: 0.0048
2026-03-28 21:42:35 | DEBUG | sivi:base_reverse_runner.py:261| eval_kl_ite | Epoch 7760, Reverse Model KL ITE: 0.0164
2026-03-28 21:42:35 | DEBUG | sivi:base_runner.py:347| eval_w2 | Epoch 7760, VI W2 to baseline: 0.3127
2026-03-28 21:42:35 | DEBUG | sivi:base_reverse_runner.py:272| eval_w2 | Epoch 7760, Reverse Model W2: 0.0484
2026-03-28 21:42:35 | DEBUG | sivi:base_runner.py:477| eval_elbo | Epoch 7760, ELBO: 2.2542, Std Total: 22.2419, Std Q: nan, CI Half: 1.9496
2026-03-28 21:42:35 | DEBUG | sivi:base_runner.py:507| eval_ksd | Epoch 7760, VI KSD: -0.0045
2026-03-28 21:42:36 | DEBUG | sivi:base_runner.py:337| eval_kl_ite | Epoch 7770, VI KL to baseline: 0.0204
2026-03-28 21:42:36 | DEBUG | sivi:base_reverse_runner.py:261| eval_kl_ite | Epoch 7770, Reverse Model KL ITE: 0.0075
2026-03-28 21:42:36 | DEBUG | sivi:base_runner.py:347| eval_w2 | Epoch 7770, VI W2 to baseline: 0.2996
2026-03-28 21:42:36 | DEBUG | sivi:base_reverse_runner.py:272| eval_w2 | Epoch 7770, Reverse Model W2: 0.0425
2026-03-28 21:42:36 | DEBUG | sivi:base_runner.py:477| eval_elbo | Epoch 7770, ELBO: 1.4857, Std Total: 21.7232, Std Q: nan, CI Half: 1.9041
2026-03-28 21:42:36 | DEBUG | sivi:base_runner.py:507| eval_ksd | Epoch 7770, VI KSD: 0.0059
2026-03-28 21:42:36 | DEBUG | sivi:base_runner.py:337| eval_kl_ite | Epoch 7780, VI KL to baseline: 0.0143
2026-03-28 21:42:36 | DEBUG | sivi:base_reverse_runner.py:261| eval_kl_ite | Epoch 7780, Reverse Model KL ITE: 0.0051
2026-03-28 21:42:36 | DEBUG | sivi:base_runner.py:347| eval_w2 | Epoch 7780, VI W2 to baseline: 0.3417
2026-03-28 21:42:36 | DEBUG | sivi:base_reverse_runner.py:272| eval_w2 | Epoch 7780, Reverse Model W2: 0.0514
2026-03-28 21:42:36 | DEBUG | sivi:base_runner.py:477| eval_elbo | Epoch 7780, ELBO: 1.6493, Std Total: 20.7753, Std Q: nan, CI Half: 1.8210
2026-03-28 21:42:36 | DEBUG | sivi:base_runner.py:507| eval_ksd | Epoch 7780, VI KSD: 0.0103
2026-03-28 21:42:37 | DEBUG | sivi:base_runner.py:337| eval_kl_ite | Epoch 7790, VI KL to baseline: 0.0103
2026-03-28 21:42:37 | DEBUG | sivi:base_reverse_runner.py:261| eval_kl_ite | Epoch 7790, Reverse Model KL ITE: 0.0084
2026-03-28 21:42:37 | DEBUG | sivi:base_runner.py:347| eval_w2 | Epoch 7790, VI W2 to baseline: 0.3201
2026-03-28 21:42:37 | DEBUG | sivi:base_reverse_runner.py:272| eval_w2 | Epoch 7790, Reverse Model W2: 0.0508
2026-03-28 21:42:37 | DEBUG | sivi:base_runner.py:477| eval_elbo | Epoch 7790, ELBO: 2.9973, Std Total: 41.8247, Std Q: nan, CI Half: 3.6661
2026-03-28 21:42:37 | DEBUG | sivi:base_runner.py:507| eval_ksd | Epoch 7790, VI KSD: -0.0063
2026-03-28 21:42:37 | DEBUG | sivi:base_runner.py:874| learn | Epoch 7800: Avg Loss: 0.0154, Avg Epoch Time: 0.0599s
2026-03-28 21:42:37 | DEBUG | sivi:base_runner.py:337| eval_kl_ite | Epoch 7800, VI KL to baseline: 0.0175
2026-03-28 21:42:37 | DEBUG | sivi:base_reverse_runner.py:261| eval_kl_ite | Epoch 7800, Reverse Model KL ITE: 0.0110
2026-03-28 21:42:37 | DEBUG | sivi:base_runner.py:347| eval_w2 | Epoch 7800, VI W2 to baseline: 0.3109
2026-03-28 21:42:37 | DEBUG | sivi:base_reverse_runner.py:272| eval_w2 | Epoch 7800, Reverse Model W2: 0.0599
2026-03-28 21:42:37 | DEBUG | sivi:base_runner.py:477| eval_elbo | Epoch 7800, ELBO: 1.4151, Std Total: 16.0123, Std Q: nan, CI Half: 1.4035
2026-03-28 21:42:37 | DEBUG | sivi:base_runner.py:507| eval_ksd | Epoch 7800, VI KSD: -0.0066
2026-03-28 21:42:38 | DEBUG | sivi:base_runner.py:337| eval_kl_ite | Epoch 7810, VI KL to baseline: 0.0236
2026-03-28 21:42:38 | DEBUG | sivi:base_reverse_runner.py:261| eval_kl_ite | Epoch 7810, Reverse Model KL ITE: 0.0140
2026-03-28 21:42:38 | DEBUG | sivi:base_runner.py:347| eval_w2 | Epoch 7810, VI W2 to baseline: 0.3128
2026-03-28 21:42:38 | DEBUG | sivi:base_reverse_runner.py:272| eval_w2 | Epoch 7810, Reverse Model W2: 0.0433
2026-03-28 21:42:38 | DEBUG | sivi:base_runner.py:477| eval_elbo | Epoch 7810, ELBO: 0.7012, Std Total: 8.7734, Std Q: nan, CI Half: 0.7690
2026-03-28 21:42:38 | DEBUG | sivi:base_runner.py:507| eval_ksd | Epoch 7810, VI KSD: -0.0002
2026-03-28 21:42:39 | DEBUG | sivi:base_runner.py:337| eval_kl_ite | Epoch 7820, VI KL to baseline: 0.0031
2026-03-28 21:42:39 | DEBUG | sivi:base_reverse_runner.py:261| eval_kl_ite | Epoch 7820, Reverse Model KL ITE: 0.0300
2026-03-28 21:42:39 | DEBUG | sivi:base_runner.py:347| eval_w2 | Epoch 7820, VI W2 to baseline: 0.3163
2026-03-28 21:42:39 | DEBUG | sivi:base_reverse_runner.py:272| eval_w2 | Epoch 7820, Reverse Model W2: 0.0449
2026-03-28 21:42:39 | DEBUG | sivi:base_runner.py:477| eval_elbo | Epoch 7820, ELBO: 0.5824, Std Total: 7.3881, Std Q: nan, CI Half: 0.6476
2026-03-28 21:42:39 | DEBUG | sivi:base_runner.py:507| eval_ksd | Epoch 7820, VI KSD: 0.0068
2026-03-28 21:42:39 | DEBUG | sivi:base_runner.py:337| eval_kl_ite | Epoch 7830, VI KL to baseline: 0.0199
2026-03-28 21:42:39 | DEBUG | sivi:base_reverse_runner.py:261| eval_kl_ite | Epoch 7830, Reverse Model KL ITE: 0.0080
2026-03-28 21:42:39 | DEBUG | sivi:base_runner.py:347| eval_w2 | Epoch 7830, VI W2 to baseline: 0.3090
2026-03-28 21:42:39 | DEBUG | sivi:base_reverse_runner.py:272| eval_w2 | Epoch 7830, Reverse Model W2: 0.0470
2026-03-28 21:42:39 | DEBUG | sivi:base_runner.py:477| eval_elbo | Epoch 7830, ELBO: 0.3145, Std Total: 3.5091, Std Q: nan, CI Half: 0.3076
2026-03-28 21:42:39 | DEBUG | sivi:base_runner.py:507| eval_ksd | Epoch 7830, VI KSD: 0.0004
2026-03-28 21:42:40 | DEBUG | sivi:base_runner.py:337| eval_kl_ite | Epoch 7840, VI KL to baseline: 0.0213
2026-03-28 21:42:40 | DEBUG | sivi:base_reverse_runner.py:261| eval_kl_ite | Epoch 7840, Reverse Model KL ITE: 0.0344
2026-03-28 21:42:40 | DEBUG | sivi:base_runner.py:347| eval_w2 | Epoch 7840, VI W2 to baseline: 0.3102
2026-03-28 21:42:40 | DEBUG | sivi:base_reverse_runner.py:272| eval_w2 | Epoch 7840, Reverse Model W2: 0.0427
2026-03-28 21:42:40 | DEBUG | sivi:base_runner.py:477| eval_elbo | Epoch 7840, ELBO: 0.6299, Std Total: 5.5894, Std Q: nan, CI Half: 0.4899
2026-03-28 21:42:40 | DEBUG | sivi:base_runner.py:507| eval_ksd | Epoch 7840, VI KSD: -0.0040
2026-03-28 21:42:40 | DEBUG | sivi:base_runner.py:337| eval_kl_ite | Epoch 7850, VI KL to baseline: 0.0158
2026-03-28 21:42:41 | DEBUG | sivi:base_reverse_runner.py:261| eval_kl_ite | Epoch 7850, Reverse Model KL ITE: 0.0103
2026-03-28 21:42:41 | DEBUG | sivi:base_runner.py:347| eval_w2 | Epoch 7850, VI W2 to baseline: 0.3090
2026-03-28 21:42:41 | DEBUG | sivi:base_reverse_runner.py:272| eval_w2 | Epoch 7850, Reverse Model W2: 0.0463
2026-03-28 21:42:41 | DEBUG | sivi:base_runner.py:477| eval_elbo | Epoch 7850, ELBO: 1.0532, Std Total: 13.5057, Std Q: nan, CI Half: 1.1838
2026-03-28 21:42:41 | DEBUG | sivi:base_runner.py:507| eval_ksd | Epoch 7850, VI KSD: 0.0074
2026-03-28 21:42:41 | DEBUG | sivi:base_runner.py:337| eval_kl_ite | Epoch 7860, VI KL to baseline: 0.0029
2026-03-28 21:42:41 | DEBUG | sivi:base_reverse_runner.py:261| eval_kl_ite | Epoch 7860, Reverse Model KL ITE: 0.0239
2026-03-28 21:42:41 | DEBUG | sivi:base_runner.py:347| eval_w2 | Epoch 7860, VI W2 to baseline: 0.3093
2026-03-28 21:42:41 | DEBUG | sivi:base_reverse_runner.py:272| eval_w2 | Epoch 7860, Reverse Model W2: 0.0418
2026-03-28 21:42:41 | DEBUG | sivi:base_runner.py:477| eval_elbo | Epoch 7860, ELBO: 2.6589, Std Total: 49.4173, Std Q: nan, CI Half: 4.3316
2026-03-28 21:42:41 | DEBUG | sivi:base_runner.py:507| eval_ksd | Epoch 7860, VI KSD: 0.0037
2026-03-28 21:42:42 | DEBUG | sivi:base_runner.py:337| eval_kl_ite | Epoch 7870, VI KL to baseline: -0.0107
2026-03-28 21:42:42 | DEBUG | sivi:base_reverse_runner.py:261| eval_kl_ite | Epoch 7870, Reverse Model KL ITE: 0.0089
2026-03-28 21:42:42 | DEBUG | sivi:base_runner.py:347| eval_w2 | Epoch 7870, VI W2 to baseline: 0.3086
2026-03-28 21:42:42 | DEBUG | sivi:base_reverse_runner.py:272| eval_w2 | Epoch 7870, Reverse Model W2: 0.0508
2026-03-28 21:42:42 | DEBUG | sivi:base_runner.py:477| eval_elbo | Epoch 7870, ELBO: 0.8736, Std Total: 7.7984, Std Q: nan, CI Half: 0.6836
2026-03-28 21:42:42 | DEBUG | sivi:base_runner.py:507| eval_ksd | Epoch 7870, VI KSD: -0.0078
2026-03-28 21:42:42 | DEBUG | sivi:base_runner.py:337| eval_kl_ite | Epoch 7880, VI KL to baseline: -0.0019
2026-03-28 21:42:42 | DEBUG | sivi:base_reverse_runner.py:261| eval_kl_ite | Epoch 7880, Reverse Model KL ITE: -0.0163
2026-03-28 21:42:42 | DEBUG | sivi:base_runner.py:347| eval_w2 | Epoch 7880, VI W2 to baseline: 0.3297
2026-03-28 21:42:42 | DEBUG | sivi:base_reverse_runner.py:272| eval_w2 | Epoch 7880, Reverse Model W2: 0.0427
2026-03-28 21:42:42 | DEBUG | sivi:base_runner.py:477| eval_elbo | Epoch 7880, ELBO: 0.5053, Std Total: 5.4641, Std Q: nan, CI Half: 0.4790
2026-03-28 21:42:42 | DEBUG | sivi:base_runner.py:507| eval_ksd | Epoch 7880, VI KSD: -0.0047
2026-03-28 21:42:43 | DEBUG | sivi:base_runner.py:337| eval_kl_ite | Epoch 7890, VI KL to baseline: 0.0079
2026-03-28 21:42:43 | DEBUG | sivi:base_reverse_runner.py:261| eval_kl_ite | Epoch 7890, Reverse Model KL ITE: 0.0350
2026-03-28 21:42:43 | DEBUG | sivi:base_runner.py:347| eval_w2 | Epoch 7890, VI W2 to baseline: 0.2956
2026-03-28 21:42:43 | DEBUG | sivi:base_reverse_runner.py:272| eval_w2 | Epoch 7890, Reverse Model W2: 0.0439
2026-03-28 21:42:43 | DEBUG | sivi:base_runner.py:477| eval_elbo | Epoch 7890, ELBO: 1.4033, Std Total: 16.8857, Std Q: nan, CI Half: 1.4801
2026-03-28 21:42:43 | DEBUG | sivi:base_runner.py:507| eval_ksd | Epoch 7890, VI KSD: 0.0036
2026-03-28 21:42:44 | DEBUG | sivi:base_runner.py:874| learn | Epoch 7900: Avg Loss: 0.0089, Avg Epoch Time: 0.0630s
2026-03-28 21:42:44 | DEBUG | sivi:base_runner.py:337| eval_kl_ite | Epoch 7900, VI KL to baseline: 0.0060
2026-03-28 21:42:44 | DEBUG | sivi:base_reverse_runner.py:261| eval_kl_ite | Epoch 7900, Reverse Model KL ITE: 0.0252
2026-03-28 21:42:44 | DEBUG | sivi:base_runner.py:347| eval_w2 | Epoch 7900, VI W2 to baseline: 0.2989
2026-03-28 21:42:44 | DEBUG | sivi:base_reverse_runner.py:272| eval_w2 | Epoch 7900, Reverse Model W2: 0.0465
2026-03-28 21:42:44 | DEBUG | sivi:base_runner.py:477| eval_elbo | Epoch 7900, ELBO: 2.9009, Std Total: 32.1827, Std Q: nan, CI Half: 2.8209
2026-03-28 21:42:44 | DEBUG | sivi:base_runner.py:507| eval_ksd | Epoch 7900, VI KSD: -0.0032
2026-03-28 21:42:44 | DEBUG | sivi:base_runner.py:337| eval_kl_ite | Epoch 7910, VI KL to baseline: 0.0155
2026-03-28 21:42:44 | DEBUG | sivi:base_reverse_runner.py:261| eval_kl_ite | Epoch 7910, Reverse Model KL ITE: 0.0190
2026-03-28 21:42:44 | DEBUG | sivi:base_runner.py:347| eval_w2 | Epoch 7910, VI W2 to baseline: 0.3145
2026-03-28 21:42:44 | DEBUG | sivi:base_reverse_runner.py:272| eval_w2 | Epoch 7910, Reverse Model W2: 0.0658
2026-03-28 21:42:44 | DEBUG | sivi:base_runner.py:477| eval_elbo | Epoch 7910, ELBO: 1.0288, Std Total: 20.2686, Std Q: nan, CI Half: 1.7766
2026-03-28 21:42:44 | DEBUG | sivi:base_runner.py:507| eval_ksd | Epoch 7910, VI KSD: 0.0039
2026-03-28 21:42:45 | DEBUG | sivi:base_runner.py:337| eval_kl_ite | Epoch 7920, VI KL to baseline: 0.0166
2026-03-28 21:42:45 | DEBUG | sivi:base_reverse_runner.py:261| eval_kl_ite | Epoch 7920, Reverse Model KL ITE: 0.0319
2026-03-28 21:42:45 | DEBUG | sivi:base_runner.py:347| eval_w2 | Epoch 7920, VI W2 to baseline: 0.3218
2026-03-28 21:42:45 | DEBUG | sivi:base_reverse_runner.py:272| eval_w2 | Epoch 7920, Reverse Model W2: 0.0438
2026-03-28 21:42:45 | DEBUG | sivi:base_runner.py:477| eval_elbo | Epoch 7920, ELBO: 1.7508, Std Total: 18.7919, Std Q: nan, CI Half: 1.6472
2026-03-28 21:42:45 | DEBUG | sivi:base_runner.py:507| eval_ksd | Epoch 7920, VI KSD: 0.0133
2026-03-28 21:42:45 | DEBUG | sivi:base_runner.py:337| eval_kl_ite | Epoch 7930, VI KL to baseline: 0.0066
2026-03-28 21:42:46 | DEBUG | sivi:base_reverse_runner.py:261| eval_kl_ite | Epoch 7930, Reverse Model KL ITE: 0.0179
2026-03-28 21:42:46 | DEBUG | sivi:base_runner.py:347| eval_w2 | Epoch 7930, VI W2 to baseline: 0.2894
2026-03-28 21:42:46 | DEBUG | sivi:base_reverse_runner.py:272| eval_w2 | Epoch 7930, Reverse Model W2: 0.0427
2026-03-28 21:42:46 | DEBUG | sivi:base_runner.py:477| eval_elbo | Epoch 7930, ELBO: 0.9115, Std Total: 12.8623, Std Q: nan, CI Half: 1.1274
2026-03-28 21:42:46 | DEBUG | sivi:base_runner.py:507| eval_ksd | Epoch 7930, VI KSD: -0.0027
2026-03-28 21:42:46 | DEBUG | sivi:base_runner.py:337| eval_kl_ite | Epoch 7940, VI KL to baseline: 0.0028
2026-03-28 21:42:46 | DEBUG | sivi:base_reverse_runner.py:261| eval_kl_ite | Epoch 7940, Reverse Model KL ITE: 0.0598
2026-03-28 21:42:46 | DEBUG | sivi:base_runner.py:347| eval_w2 | Epoch 7940, VI W2 to baseline: 0.3076
2026-03-28 21:42:46 | DEBUG | sivi:base_reverse_runner.py:272| eval_w2 | Epoch 7940, Reverse Model W2: 0.0428
2026-03-28 21:42:46 | DEBUG | sivi:base_runner.py:477| eval_elbo | Epoch 7940, ELBO: 0.8652, Std Total: 11.4604, Std Q: nan, CI Half: 1.0045
2026-03-28 21:42:46 | DEBUG | sivi:base_runner.py:507| eval_ksd | Epoch 7940, VI KSD: 0.0032
2026-03-28 21:42:47 | DEBUG | sivi:base_runner.py:337| eval_kl_ite | Epoch 7950, VI KL to baseline: 0.0048
2026-03-28 21:42:47 | DEBUG | sivi:base_reverse_runner.py:261| eval_kl_ite | Epoch 7950, Reverse Model KL ITE: 0.0102
2026-03-28 21:42:47 | DEBUG | sivi:base_runner.py:347| eval_w2 | Epoch 7950, VI W2 to baseline: 0.3124
2026-03-28 21:42:47 | DEBUG | sivi:base_reverse_runner.py:272| eval_w2 | Epoch 7950, Reverse Model W2: 0.0426
2026-03-28 21:42:47 | DEBUG | sivi:base_runner.py:477| eval_elbo | Epoch 7950, ELBO: 0.7586, Std Total: 14.3263, Std Q: nan, CI Half: 1.2558
2026-03-28 21:42:47 | DEBUG | sivi:base_runner.py:507| eval_ksd | Epoch 7950, VI KSD: -0.0042
2026-03-28 21:42:48 | DEBUG | sivi:base_runner.py:337| eval_kl_ite | Epoch 7960, VI KL to baseline: 0.0150
2026-03-28 21:42:48 | DEBUG | sivi:base_reverse_runner.py:261| eval_kl_ite | Epoch 7960, Reverse Model KL ITE: 0.0184
2026-03-28 21:42:48 | DEBUG | sivi:base_runner.py:347| eval_w2 | Epoch 7960, VI W2 to baseline: 0.2900
2026-03-28 21:42:48 | DEBUG | sivi:base_reverse_runner.py:272| eval_w2 | Epoch 7960, Reverse Model W2: 0.0455
2026-03-28 21:42:48 | DEBUG | sivi:base_runner.py:477| eval_elbo | Epoch 7960, ELBO: 1.2870, Std Total: 19.6293, Std Q: nan, CI Half: 1.7206
2026-03-28 21:42:48 | DEBUG | sivi:base_runner.py:507| eval_ksd | Epoch 7960, VI KSD: -0.0030
2026-03-28 21:42:48 | DEBUG | sivi:base_runner.py:337| eval_kl_ite | Epoch 7970, VI KL to baseline: 0.0321
2026-03-28 21:42:48 | DEBUG | sivi:base_reverse_runner.py:261| eval_kl_ite | Epoch 7970, Reverse Model KL ITE: 0.0296
2026-03-28 21:42:48 | DEBUG | sivi:base_runner.py:347| eval_w2 | Epoch 7970, VI W2 to baseline: 0.3289
2026-03-28 21:42:48 | DEBUG | sivi:base_reverse_runner.py:272| eval_w2 | Epoch 7970, Reverse Model W2: 0.0447
2026-03-28 21:42:48 | DEBUG | sivi:base_runner.py:477| eval_elbo | Epoch 7970, ELBO: 0.5404, Std Total: 6.9375, Std Q: nan, CI Half: 0.6081
2026-03-28 21:42:48 | DEBUG | sivi:base_runner.py:507| eval_ksd | Epoch 7970, VI KSD: -0.0026
2026-03-28 21:42:49 | DEBUG | sivi:base_runner.py:337| eval_kl_ite | Epoch 7980, VI KL to baseline: 0.0067
2026-03-28 21:42:49 | DEBUG | sivi:base_reverse_runner.py:261| eval_kl_ite | Epoch 7980, Reverse Model KL ITE: 0.0132
2026-03-28 21:42:49 | DEBUG | sivi:base_runner.py:347| eval_w2 | Epoch 7980, VI W2 to baseline: 0.2991
2026-03-28 21:42:49 | DEBUG | sivi:base_reverse_runner.py:272| eval_w2 | Epoch 7980, Reverse Model W2: 0.0482
2026-03-28 21:42:49 | DEBUG | sivi:base_runner.py:477| eval_elbo | Epoch 7980, ELBO: 1.1686, Std Total: 19.1028, Std Q: nan, CI Half: 1.6744
2026-03-28 21:42:49 | DEBUG | sivi:base_runner.py:507| eval_ksd | Epoch 7980, VI KSD: 0.0026
2026-03-28 21:42:50 | DEBUG | sivi:base_runner.py:337| eval_kl_ite | Epoch 7990, VI KL to baseline: 0.0195
2026-03-28 21:42:50 | DEBUG | sivi:base_reverse_runner.py:261| eval_kl_ite | Epoch 7990, Reverse Model KL ITE: 0.0386
2026-03-28 21:42:50 | DEBUG | sivi:base_runner.py:347| eval_w2 | Epoch 7990, VI W2 to baseline: 0.3251
2026-03-28 21:42:50 | DEBUG | sivi:base_reverse_runner.py:272| eval_w2 | Epoch 7990, Reverse Model W2: 0.0567
2026-03-28 21:42:50 | DEBUG | sivi:base_runner.py:477| eval_elbo | Epoch 7990, ELBO: 0.5207, Std Total: 5.1931, Std Q: nan, CI Half: 0.4552
2026-03-28 21:42:50 | DEBUG | sivi:base_runner.py:507| eval_ksd | Epoch 7990, VI KSD: 0.0091
2026-03-28 21:42:50 | DEBUG | sivi:base_runner.py:874| learn | Epoch 8000: Avg Loss: -0.0591, Avg Epoch Time: 0.0653s
2026-03-28 21:42:50 | DEBUG | sivi:base_reverse_runner.py:183| _training_rev_log_func | Epoch 8000, Inner epoch 1, Reverse Model Loss: 2.9390, Avg Steps: 1.0000
2026-03-28 21:42:50 | DEBUG | sivi:base_runner.py:588| save_samples | Saved 100000 samples at epoch 8000.
2026-03-28 21:42:50 | DEBUG | sivi:base_runner.py:607| save_checkpoint | Saved VIModel checkpoints at epoch 8000 to results/AISIVI/banana/20260328_213406/checkpoints/epoch_8000.
2026-03-28 21:42:50 | DEBUG | sivi:base_reverse_runner.py:476| save_checkpoint | Saved reverse checkpoints at epoch 8000 to results/AISIVI/banana/20260328_213406/checkpoints/epoch_8000.
2026-03-28 21:42:50 | DEBUG | sivi:base_runner.py:337| eval_kl_ite | Epoch 8000, VI KL to baseline: 0.0226
2026-03-28 21:42:50 | DEBUG | sivi:base_reverse_runner.py:261| eval_kl_ite | Epoch 8000, Reverse Model KL ITE: -0.0104
2026-03-28 21:42:50 | DEBUG | sivi:base_runner.py:347| eval_w2 | Epoch 8000, VI W2 to baseline: 0.3144
2026-03-28 21:42:50 | DEBUG | sivi:base_reverse_runner.py:272| eval_w2 | Epoch 8000, Reverse Model W2: 0.0468
2026-03-28 21:42:50 | DEBUG | sivi:base_runner.py:477| eval_elbo | Epoch 8000, ELBO: 0.1303, Std Total: 2.1531, Std Q: nan, CI Half: 0.1887
2026-03-28 21:42:50 | DEBUG | sivi:base_runner.py:507| eval_ksd | Epoch 8000, VI KSD: 0.0008
2026-03-28 21:42:50 | DEBUG | sivi:base_runner.py:970| learn | Saved contour plot at epoch 8000.
2026-03-28 21:42:51 | DEBUG | sivi:base_runner.py:337| eval_kl_ite | Epoch 8010, VI KL to baseline: 0.0067
2026-03-28 21:42:51 | DEBUG | sivi:base_reverse_runner.py:261| eval_kl_ite | Epoch 8010, Reverse Model KL ITE: -0.0068
2026-03-28 21:42:51 | DEBUG | sivi:base_runner.py:347| eval_w2 | Epoch 8010, VI W2 to baseline: 0.3078
2026-03-28 21:42:51 | DEBUG | sivi:base_reverse_runner.py:272| eval_w2 | Epoch 8010, Reverse Model W2: 0.0450
2026-03-28 21:42:51 | DEBUG | sivi:base_runner.py:477| eval_elbo | Epoch 8010, ELBO: 0.6687, Std Total: 10.3414, Std Q: nan, CI Half: 0.9065
2026-03-28 21:42:51 | DEBUG | sivi:base_runner.py:507| eval_ksd | Epoch 8010, VI KSD: 0.0020
2026-03-28 21:42:52 | DEBUG | sivi:base_runner.py:337| eval_kl_ite | Epoch 8020, VI KL to baseline: 0.0092
2026-03-28 21:42:52 | DEBUG | sivi:base_reverse_runner.py:261| eval_kl_ite | Epoch 8020, Reverse Model KL ITE: 0.0196
2026-03-28 21:42:52 | DEBUG | sivi:base_runner.py:347| eval_w2 | Epoch 8020, VI W2 to baseline: 0.3086
2026-03-28 21:42:52 | DEBUG | sivi:base_reverse_runner.py:272| eval_w2 | Epoch 8020, Reverse Model W2: 0.0417
2026-03-28 21:42:52 | DEBUG | sivi:base_runner.py:477| eval_elbo | Epoch 8020, ELBO: 2.6733, Std Total: 39.7936, Std Q: nan, CI Half: 3.4881
2026-03-28 21:42:52 | DEBUG | sivi:base_runner.py:507| eval_ksd | Epoch 8020, VI KSD: 0.0016
2026-03-28 21:42:52 | DEBUG | sivi:base_runner.py:337| eval_kl_ite | Epoch 8030, VI KL to baseline: 0.0129
2026-03-28 21:42:52 | DEBUG | sivi:base_reverse_runner.py:261| eval_kl_ite | Epoch 8030, Reverse Model KL ITE: 0.0215
2026-03-28 21:42:52 | DEBUG | sivi:base_runner.py:347| eval_w2 | Epoch 8030, VI W2 to baseline: 0.3390
2026-03-28 21:42:52 | DEBUG | sivi:base_reverse_runner.py:272| eval_w2 | Epoch 8030, Reverse Model W2: 0.0641
2026-03-28 21:42:52 | DEBUG | sivi:base_runner.py:477| eval_elbo | Epoch 8030, ELBO: 0.3256, Std Total: 3.3960, Std Q: nan, CI Half: 0.2977
2026-03-28 21:42:52 | DEBUG | sivi:base_runner.py:507| eval_ksd | Epoch 8030, VI KSD: -0.0067
2026-03-28 21:42:53 | DEBUG | sivi:base_runner.py:337| eval_kl_ite | Epoch 8040, VI KL to baseline: 0.0273
2026-03-28 21:42:53 | DEBUG | sivi:base_reverse_runner.py:261| eval_kl_ite | Epoch 8040, Reverse Model KL ITE: 0.0225
2026-03-28 21:42:53 | DEBUG | sivi:base_runner.py:347| eval_w2 | Epoch 8040, VI W2 to baseline: 0.3319
2026-03-28 21:42:53 | DEBUG | sivi:base_reverse_runner.py:272| eval_w2 | Epoch 8040, Reverse Model W2: 0.0459
2026-03-28 21:42:53 | DEBUG | sivi:base_runner.py:477| eval_elbo | Epoch 8040, ELBO: 0.4280, Std Total: 4.3285, Std Q: nan, CI Half: 0.3794
2026-03-28 21:42:53 | DEBUG | sivi:base_runner.py:507| eval_ksd | Epoch 8040, VI KSD: -0.0014
2026-03-28 21:42:54 | DEBUG | sivi:base_runner.py:337| eval_kl_ite | Epoch 8050, VI KL to baseline: 0.0216
2026-03-28 21:42:54 | DEBUG | sivi:base_reverse_runner.py:261| eval_kl_ite | Epoch 8050, Reverse Model KL ITE: -0.0005
2026-03-28 21:42:54 | DEBUG | sivi:base_runner.py:347| eval_w2 | Epoch 8050, VI W2 to baseline: 0.3161
2026-03-28 21:42:54 | DEBUG | sivi:base_reverse_runner.py:272| eval_w2 | Epoch 8050, Reverse Model W2: 0.0440
2026-03-28 21:42:54 | DEBUG | sivi:base_runner.py:477| eval_elbo | Epoch 8050, ELBO: 0.7671, Std Total: 10.2900, Std Q: nan, CI Half: 0.9020
2026-03-28 21:42:54 | DEBUG | sivi:base_runner.py:507| eval_ksd | Epoch 8050, VI KSD: 0.0082
2026-03-28 21:42:54 | DEBUG | sivi:base_runner.py:337| eval_kl_ite | Epoch 8060, VI KL to baseline: 0.0236
2026-03-28 21:42:54 | DEBUG | sivi:base_reverse_runner.py:261| eval_kl_ite | Epoch 8060, Reverse Model KL ITE: 0.0079
2026-03-28 21:42:54 | DEBUG | sivi:base_runner.py:347| eval_w2 | Epoch 8060, VI W2 to baseline: 0.3072
2026-03-28 21:42:54 | DEBUG | sivi:base_reverse_runner.py:272| eval_w2 | Epoch 8060, Reverse Model W2: 0.0468
2026-03-28 21:42:54 | DEBUG | sivi:base_runner.py:477| eval_elbo | Epoch 8060, ELBO: 0.7550, Std Total: 15.3263, Std Q: nan, CI Half: 1.3434
2026-03-28 21:42:54 | DEBUG | sivi:base_runner.py:507| eval_ksd | Epoch 8060, VI KSD: -0.0058
2026-03-28 21:42:55 | DEBUG | sivi:base_runner.py:337| eval_kl_ite | Epoch 8070, VI KL to baseline: 0.0039
2026-03-28 21:42:55 | DEBUG | sivi:base_reverse_runner.py:261| eval_kl_ite | Epoch 8070, Reverse Model KL ITE: 0.0373
2026-03-28 21:42:55 | DEBUG | sivi:base_runner.py:347| eval_w2 | Epoch 8070, VI W2 to baseline: 0.2711
2026-03-28 21:42:55 | DEBUG | sivi:base_reverse_runner.py:272| eval_w2 | Epoch 8070, Reverse Model W2: 0.0452
2026-03-28 21:42:55 | DEBUG | sivi:base_runner.py:477| eval_elbo | Epoch 8070, ELBO: 0.3616, Std Total: 3.4607, Std Q: nan, CI Half: 0.3033
2026-03-28 21:42:55 | DEBUG | sivi:base_runner.py:507| eval_ksd | Epoch 8070, VI KSD: 0.0004
2026-03-28 21:42:55 | DEBUG | sivi:base_runner.py:337| eval_kl_ite | Epoch 8080, VI KL to baseline: 0.0022
2026-03-28 21:42:55 | DEBUG | sivi:base_reverse_runner.py:261| eval_kl_ite | Epoch 8080, Reverse Model KL ITE: 0.0136
2026-03-28 21:42:55 | DEBUG | sivi:base_runner.py:347| eval_w2 | Epoch 8080, VI W2 to baseline: 0.3022
2026-03-28 21:42:55 | DEBUG | sivi:base_reverse_runner.py:272| eval_w2 | Epoch 8080, Reverse Model W2: 0.0496
2026-03-28 21:42:55 | DEBUG | sivi:base_runner.py:477| eval_elbo | Epoch 8080, ELBO: 1.0949, Std Total: 15.3617, Std Q: nan, CI Half: 1.3465
2026-03-28 21:42:55 | DEBUG | sivi:base_runner.py:507| eval_ksd | Epoch 8080, VI KSD: 0.0091
2026-03-28 21:42:56 | DEBUG | sivi:base_runner.py:337| eval_kl_ite | Epoch 8090, VI KL to baseline: 0.0232
2026-03-28 21:42:56 | DEBUG | sivi:base_reverse_runner.py:261| eval_kl_ite | Epoch 8090, Reverse Model KL ITE: -0.0052
2026-03-28 21:42:56 | DEBUG | sivi:base_runner.py:347| eval_w2 | Epoch 8090, VI W2 to baseline: 0.3180
2026-03-28 21:42:56 | DEBUG | sivi:base_reverse_runner.py:272| eval_w2 | Epoch 8090, Reverse Model W2: 0.0443
2026-03-28 21:42:56 | DEBUG | sivi:base_runner.py:477| eval_elbo | Epoch 8090, ELBO: 2.0169, Std Total: 32.1670, Std Q: nan, CI Half: 2.8196
2026-03-28 21:42:56 | DEBUG | sivi:base_runner.py:507| eval_ksd | Epoch 8090, VI KSD: -0.0026
2026-03-28 21:42:56 | DEBUG | sivi:base_runner.py:874| learn | Epoch 8100: Avg Loss: 0.0766, Avg Epoch Time: 0.0642s
2026-03-28 21:42:57 | DEBUG | sivi:base_runner.py:337| eval_kl_ite | Epoch 8100, VI KL to baseline: 0.0261
2026-03-28 21:42:57 | DEBUG | sivi:base_reverse_runner.py:261| eval_kl_ite | Epoch 8100, Reverse Model KL ITE: 0.0212
2026-03-28 21:42:57 | DEBUG | sivi:base_runner.py:347| eval_w2 | Epoch 8100, VI W2 to baseline: 0.3302
2026-03-28 21:42:57 | DEBUG | sivi:base_reverse_runner.py:272| eval_w2 | Epoch 8100, Reverse Model W2: 0.0623
2026-03-28 21:42:57 | DEBUG | sivi:base_runner.py:477| eval_elbo | Epoch 8100, ELBO: 1.4289, Std Total: 21.6263, Std Q: nan, CI Half: 1.8956
2026-03-28 21:42:57 | DEBUG | sivi:base_runner.py:507| eval_ksd | Epoch 8100, VI KSD: 0.0007
2026-03-28 21:42:57 | DEBUG | sivi:base_runner.py:337| eval_kl_ite | Epoch 8110, VI KL to baseline: 0.0210
2026-03-28 21:42:57 | DEBUG | sivi:base_reverse_runner.py:261| eval_kl_ite | Epoch 8110, Reverse Model KL ITE: -0.0032
2026-03-28 21:42:57 | DEBUG | sivi:base_runner.py:347| eval_w2 | Epoch 8110, VI W2 to baseline: 0.3236
2026-03-28 21:42:57 | DEBUG | sivi:base_reverse_runner.py:272| eval_w2 | Epoch 8110, Reverse Model W2: 0.0446
2026-03-28 21:42:57 | DEBUG | sivi:base_runner.py:477| eval_elbo | Epoch 8110, ELBO: 1.5910, Std Total: 21.5058, Std Q: nan, CI Half: 1.8851
2026-03-28 21:42:57 | DEBUG | sivi:base_runner.py:507| eval_ksd | Epoch 8110, VI KSD: -0.0017
2026-03-28 21:42:58 | DEBUG | sivi:base_runner.py:337| eval_kl_ite | Epoch 8120, VI KL to baseline: 0.0109
2026-03-28 21:42:58 | DEBUG | sivi:base_reverse_runner.py:261| eval_kl_ite | Epoch 8120, Reverse Model KL ITE: 0.0234
2026-03-28 21:42:58 | DEBUG | sivi:base_runner.py:347| eval_w2 | Epoch 8120, VI W2 to baseline: 0.3264
2026-03-28 21:42:58 | DEBUG | sivi:base_reverse_runner.py:272| eval_w2 | Epoch 8120, Reverse Model W2: 0.0396
2026-03-28 21:42:58 | DEBUG | sivi:base_runner.py:477| eval_elbo | Epoch 8120, ELBO: 0.8622, Std Total: 7.9443, Std Q: nan, CI Half: 0.6964
2026-03-28 21:42:58 | DEBUG | sivi:base_runner.py:507| eval_ksd | Epoch 8120, VI KSD: -0.0064
2026-03-28 21:42:59 | DEBUG | sivi:base_runner.py:337| eval_kl_ite | Epoch 8130, VI KL to baseline: 0.0129
2026-03-28 21:42:59 | DEBUG | sivi:base_reverse_runner.py:261| eval_kl_ite | Epoch 8130, Reverse Model KL ITE: 0.0265
2026-03-28 21:42:59 | DEBUG | sivi:base_runner.py:347| eval_w2 | Epoch 8130, VI W2 to baseline: 0.3077
2026-03-28 21:42:59 | DEBUG | sivi:base_reverse_runner.py:272| eval_w2 | Epoch 8130, Reverse Model W2: 0.0521
2026-03-28 21:42:59 | DEBUG | sivi:base_runner.py:477| eval_elbo | Epoch 8130, ELBO: 1.9225, Std Total: 26.9477, Std Q: nan, CI Half: 2.3621
2026-03-28 21:42:59 | DEBUG | sivi:base_runner.py:507| eval_ksd | Epoch 8130, VI KSD: -0.0030
2026-03-28 21:42:59 | DEBUG | sivi:base_runner.py:337| eval_kl_ite | Epoch 8140, VI KL to baseline: 0.0104
2026-03-28 21:42:59 | DEBUG | sivi:base_reverse_runner.py:261| eval_kl_ite | Epoch 8140, Reverse Model KL ITE: 0.0150
2026-03-28 21:42:59 | DEBUG | sivi:base_runner.py:347| eval_w2 | Epoch 8140, VI W2 to baseline: 0.2978
2026-03-28 21:42:59 | DEBUG | sivi:base_reverse_runner.py:272| eval_w2 | Epoch 8140, Reverse Model W2: 0.0462
2026-03-28 21:42:59 | DEBUG | sivi:base_runner.py:477| eval_elbo | Epoch 8140, ELBO: 0.8440, Std Total: 7.0144, Std Q: nan, CI Half: 0.6148
2026-03-28 21:42:59 | DEBUG | sivi:base_runner.py:507| eval_ksd | Epoch 8140, VI KSD: -0.0035
2026-03-28 21:43:00 | DEBUG | sivi:base_runner.py:337| eval_kl_ite | Epoch 8150, VI KL to baseline: 0.0235
2026-03-28 21:43:00 | DEBUG | sivi:base_reverse_runner.py:261| eval_kl_ite | Epoch 8150, Reverse Model KL ITE: 0.0209
2026-03-28 21:43:00 | DEBUG | sivi:base_runner.py:347| eval_w2 | Epoch 8150, VI W2 to baseline: 0.2916
2026-03-28 21:43:00 | DEBUG | sivi:base_reverse_runner.py:272| eval_w2 | Epoch 8150, Reverse Model W2: 0.0479
2026-03-28 21:43:00 | DEBUG | sivi:base_runner.py:477| eval_elbo | Epoch 8150, ELBO: 0.8887, Std Total: 11.6297, Std Q: nan, CI Half: 1.0194
2026-03-28 21:43:00 | DEBUG | sivi:base_runner.py:507| eval_ksd | Epoch 8150, VI KSD: -0.0053
2026-03-28 21:43:00 | DEBUG | sivi:base_runner.py:337| eval_kl_ite | Epoch 8160, VI KL to baseline: 0.0123
2026-03-28 21:43:00 | DEBUG | sivi:base_reverse_runner.py:261| eval_kl_ite | Epoch 8160, Reverse Model KL ITE: 0.0016
2026-03-28 21:43:00 | DEBUG | sivi:base_runner.py:347| eval_w2 | Epoch 8160, VI W2 to baseline: 0.3074
2026-03-28 21:43:00 | DEBUG | sivi:base_reverse_runner.py:272| eval_w2 | Epoch 8160, Reverse Model W2: 0.0507
2026-03-28 21:43:00 | DEBUG | sivi:base_runner.py:477| eval_elbo | Epoch 8160, ELBO: 3.8959, Std Total: 42.2924, Std Q: nan, CI Half: 3.7071
2026-03-28 21:43:00 | DEBUG | sivi:base_runner.py:507| eval_ksd | Epoch 8160, VI KSD: -0.0042
2026-03-28 21:43:01 | DEBUG | sivi:base_runner.py:337| eval_kl_ite | Epoch 8170, VI KL to baseline: 0.0041
2026-03-28 21:43:01 | DEBUG | sivi:base_reverse_runner.py:261| eval_kl_ite | Epoch 8170, Reverse Model KL ITE: -0.0010
2026-03-28 21:43:01 | DEBUG | sivi:base_runner.py:347| eval_w2 | Epoch 8170, VI W2 to baseline: 0.3206
2026-03-28 21:43:01 | DEBUG | sivi:base_reverse_runner.py:272| eval_w2 | Epoch 8170, Reverse Model W2: 0.0455
2026-03-28 21:43:01 | DEBUG | sivi:base_runner.py:477| eval_elbo | Epoch 8170, ELBO: 1.4416, Std Total: 15.4579, Std Q: nan, CI Half: 1.3549
2026-03-28 21:43:01 | DEBUG | sivi:base_runner.py:507| eval_ksd | Epoch 8170, VI KSD: 0.0026
2026-03-28 21:43:02 | DEBUG | sivi:base_runner.py:337| eval_kl_ite | Epoch 8180, VI KL to baseline: 0.0125
2026-03-28 21:43:02 | DEBUG | sivi:base_reverse_runner.py:261| eval_kl_ite | Epoch 8180, Reverse Model KL ITE: 0.0105
2026-03-28 21:43:02 | DEBUG | sivi:base_runner.py:347| eval_w2 | Epoch 8180, VI W2 to baseline: 0.3071
2026-03-28 21:43:02 | DEBUG | sivi:base_reverse_runner.py:272| eval_w2 | Epoch 8180, Reverse Model W2: 0.0545
2026-03-28 21:43:02 | DEBUG | sivi:base_runner.py:477| eval_elbo | Epoch 8180, ELBO: 0.4226, Std Total: 5.1474, Std Q: nan, CI Half: 0.4512
2026-03-28 21:43:02 | DEBUG | sivi:base_runner.py:507| eval_ksd | Epoch 8180, VI KSD: 0.0077
2026-03-28 21:43:02 | DEBUG | sivi:base_runner.py:337| eval_kl_ite | Epoch 8190, VI KL to baseline: 0.0057
2026-03-28 21:43:02 | DEBUG | sivi:base_reverse_runner.py:261| eval_kl_ite | Epoch 8190, Reverse Model KL ITE: 0.0248
2026-03-28 21:43:02 | DEBUG | sivi:base_runner.py:347| eval_w2 | Epoch 8190, VI W2 to baseline: 0.3020
2026-03-28 21:43:02 | DEBUG | sivi:base_reverse_runner.py:272| eval_w2 | Epoch 8190, Reverse Model W2: 0.0405
2026-03-28 21:43:02 | DEBUG | sivi:base_runner.py:477| eval_elbo | Epoch 8190, ELBO: 4.1004, Std Total: 63.4159, Std Q: nan, CI Half: 5.5586
2026-03-28 21:43:02 | DEBUG | sivi:base_runner.py:507| eval_ksd | Epoch 8190, VI KSD: 0.0025
2026-03-28 21:43:03 | DEBUG | sivi:base_runner.py:874| learn | Epoch 8200: Avg Loss: -0.0369, Avg Epoch Time: 0.0629s
2026-03-28 21:43:03 | DEBUG | sivi:base_runner.py:337| eval_kl_ite | Epoch 8200, VI KL to baseline: 0.0270
2026-03-28 21:43:03 | DEBUG | sivi:base_reverse_runner.py:261| eval_kl_ite | Epoch 8200, Reverse Model KL ITE: 0.0276
2026-03-28 21:43:03 | DEBUG | sivi:base_runner.py:347| eval_w2 | Epoch 8200, VI W2 to baseline: 0.2705
2026-03-28 21:43:03 | DEBUG | sivi:base_reverse_runner.py:272| eval_w2 | Epoch 8200, Reverse Model W2: 0.0476
2026-03-28 21:43:03 | DEBUG | sivi:base_runner.py:477| eval_elbo | Epoch 8200, ELBO: 2.3116, Std Total: 20.2826, Std Q: nan, CI Half: 1.7778
2026-03-28 21:43:03 | DEBUG | sivi:base_runner.py:507| eval_ksd | Epoch 8200, VI KSD: 0.0007
2026-03-28 21:43:04 | DEBUG | sivi:base_runner.py:337| eval_kl_ite | Epoch 8210, VI KL to baseline: 0.0128
2026-03-28 21:43:04 | DEBUG | sivi:base_reverse_runner.py:261| eval_kl_ite | Epoch 8210, Reverse Model KL ITE: 0.0114
2026-03-28 21:43:04 | DEBUG | sivi:base_runner.py:347| eval_w2 | Epoch 8210, VI W2 to baseline: 0.2994
2026-03-28 21:43:04 | DEBUG | sivi:base_reverse_runner.py:272| eval_w2 | Epoch 8210, Reverse Model W2: 0.0459
2026-03-28 21:43:04 | DEBUG | sivi:base_runner.py:477| eval_elbo | Epoch 8210, ELBO: 2.2609, Std Total: 23.4607, Std Q: nan, CI Half: 2.0564
2026-03-28 21:43:04 | DEBUG | sivi:base_runner.py:507| eval_ksd | Epoch 8210, VI KSD: 0.0085
2026-03-28 21:43:04 | DEBUG | sivi:base_runner.py:337| eval_kl_ite | Epoch 8220, VI KL to baseline: 0.0206
2026-03-28 21:43:04 | DEBUG | sivi:base_reverse_runner.py:261| eval_kl_ite | Epoch 8220, Reverse Model KL ITE: 0.0362
2026-03-28 21:43:04 | DEBUG | sivi:base_runner.py:347| eval_w2 | Epoch 8220, VI W2 to baseline: 0.3193
2026-03-28 21:43:04 | DEBUG | sivi:base_reverse_runner.py:272| eval_w2 | Epoch 8220, Reverse Model W2: 0.0524
2026-03-28 21:43:04 | DEBUG | sivi:base_runner.py:477| eval_elbo | Epoch 8220, ELBO: 0.5844, Std Total: 6.0565, Std Q: nan, CI Half: 0.5309
2026-03-28 21:43:04 | DEBUG | sivi:base_runner.py:507| eval_ksd | Epoch 8220, VI KSD: 0.0035
2026-03-28 21:43:05 | DEBUG | sivi:base_runner.py:337| eval_kl_ite | Epoch 8230, VI KL to baseline: -0.0014
2026-03-28 21:43:05 | DEBUG | sivi:base_reverse_runner.py:261| eval_kl_ite | Epoch 8230, Reverse Model KL ITE: 0.0146
2026-03-28 21:43:05 | DEBUG | sivi:base_runner.py:347| eval_w2 | Epoch 8230, VI W2 to baseline: 0.3251
2026-03-28 21:43:05 | DEBUG | sivi:base_reverse_runner.py:272| eval_w2 | Epoch 8230, Reverse Model W2: 0.0410
2026-03-28 21:43:05 | DEBUG | sivi:base_runner.py:477| eval_elbo | Epoch 8230, ELBO: 0.2401, Std Total: 2.6123, Std Q: nan, CI Half: 0.2290
2026-03-28 21:43:05 | DEBUG | sivi:base_runner.py:507| eval_ksd | Epoch 8230, VI KSD: -0.0038
2026-03-28 21:43:06 | DEBUG | sivi:base_runner.py:337| eval_kl_ite | Epoch 8240, VI KL to baseline: 0.0021
2026-03-28 21:43:06 | DEBUG | sivi:base_reverse_runner.py:261| eval_kl_ite | Epoch 8240, Reverse Model KL ITE: 0.0316
2026-03-28 21:43:06 | DEBUG | sivi:base_runner.py:347| eval_w2 | Epoch 8240, VI W2 to baseline: 0.2924
2026-03-28 21:43:06 | DEBUG | sivi:base_reverse_runner.py:272| eval_w2 | Epoch 8240, Reverse Model W2: 0.0447
2026-03-28 21:43:06 | DEBUG | sivi:base_runner.py:477| eval_elbo | Epoch 8240, ELBO: 1.3683, Std Total: 23.8261, Std Q: nan, CI Half: 2.0884
2026-03-28 21:43:06 | DEBUG | sivi:base_runner.py:507| eval_ksd | Epoch 8240, VI KSD: 0.0075
2026-03-28 21:43:06 | DEBUG | sivi:base_runner.py:337| eval_kl_ite | Epoch 8250, VI KL to baseline: 0.0035
2026-03-28 21:43:06 | DEBUG | sivi:base_reverse_runner.py:261| eval_kl_ite | Epoch 8250, Reverse Model KL ITE: 0.0172
2026-03-28 21:43:07 | DEBUG | sivi:base_runner.py:347| eval_w2 | Epoch 8250, VI W2 to baseline: 0.3092
2026-03-28 21:43:07 | DEBUG | sivi:base_reverse_runner.py:272| eval_w2 | Epoch 8250, Reverse Model W2: 0.0443
2026-03-28 21:43:07 | DEBUG | sivi:base_runner.py:477| eval_elbo | Epoch 8250, ELBO: 3.5193, Std Total: 50.1348, Std Q: nan, CI Half: 4.3945
2026-03-28 21:43:07 | DEBUG | sivi:base_runner.py:507| eval_ksd | Epoch 8250, VI KSD: -0.0030
2026-03-28 21:43:07 | DEBUG | sivi:base_runner.py:337| eval_kl_ite | Epoch 8260, VI KL to baseline: 0.0185
2026-03-28 21:43:07 | DEBUG | sivi:base_reverse_runner.py:261| eval_kl_ite | Epoch 8260, Reverse Model KL ITE: -0.0027
2026-03-28 21:43:07 | DEBUG | sivi:base_runner.py:347| eval_w2 | Epoch 8260, VI W2 to baseline: 0.3386
2026-03-28 21:43:07 | DEBUG | sivi:base_reverse_runner.py:272| eval_w2 | Epoch 8260, Reverse Model W2: 0.0537
2026-03-28 21:43:07 | DEBUG | sivi:base_runner.py:477| eval_elbo | Epoch 8260, ELBO: 1.2463, Std Total: 19.5282, Std Q: nan, CI Half: 1.7117
2026-03-28 21:43:07 | DEBUG | sivi:base_runner.py:507| eval_ksd | Epoch 8260, VI KSD: -0.0071
2026-03-28 21:43:08 | DEBUG | sivi:base_runner.py:337| eval_kl_ite | Epoch 8270, VI KL to baseline: -0.0001
2026-03-28 21:43:08 | DEBUG | sivi:base_reverse_runner.py:261| eval_kl_ite | Epoch 8270, Reverse Model KL ITE: -0.0030
2026-03-28 21:43:08 | DEBUG | sivi:base_runner.py:347| eval_w2 | Epoch 8270, VI W2 to baseline: 0.3309
2026-03-28 21:43:08 | DEBUG | sivi:base_reverse_runner.py:272| eval_w2 | Epoch 8270, Reverse Model W2: 0.0470
2026-03-28 21:43:08 | DEBUG | sivi:base_runner.py:477| eval_elbo | Epoch 8270, ELBO: 3.7248, Std Total: 47.2411, Std Q: nan, CI Half: 4.1409
2026-03-28 21:43:08 | DEBUG | sivi:base_runner.py:507| eval_ksd | Epoch 8270, VI KSD: 0.0033
2026-03-28 21:43:08 | DEBUG | sivi:base_runner.py:337| eval_kl_ite | Epoch 8280, VI KL to baseline: 0.0321
2026-03-28 21:43:08 | DEBUG | sivi:base_reverse_runner.py:261| eval_kl_ite | Epoch 8280, Reverse Model KL ITE: 0.0281
2026-03-28 21:43:08 | DEBUG | sivi:base_runner.py:347| eval_w2 | Epoch 8280, VI W2 to baseline: 0.3142
2026-03-28 21:43:08 | DEBUG | sivi:base_reverse_runner.py:272| eval_w2 | Epoch 8280, Reverse Model W2: 0.0490
2026-03-28 21:43:08 | DEBUG | sivi:base_runner.py:477| eval_elbo | Epoch 8280, ELBO: 1.0280, Std Total: 13.2284, Std Q: nan, CI Half: 1.1595
2026-03-28 21:43:08 | DEBUG | sivi:base_runner.py:507| eval_ksd | Epoch 8280, VI KSD: -0.0039
2026-03-28 21:43:09 | DEBUG | sivi:base_runner.py:337| eval_kl_ite | Epoch 8290, VI KL to baseline: 0.0094
2026-03-28 21:43:09 | DEBUG | sivi:base_reverse_runner.py:261| eval_kl_ite | Epoch 8290, Reverse Model KL ITE: 0.0065
2026-03-28 21:43:09 | DEBUG | sivi:base_runner.py:347| eval_w2 | Epoch 8290, VI W2 to baseline: 0.2912
2026-03-28 21:43:09 | DEBUG | sivi:base_reverse_runner.py:272| eval_w2 | Epoch 8290, Reverse Model W2: 0.0447
2026-03-28 21:43:09 | DEBUG | sivi:base_runner.py:477| eval_elbo | Epoch 8290, ELBO: 1.0191, Std Total: 13.5743, Std Q: nan, CI Half: 1.1898
2026-03-28 21:43:09 | DEBUG | sivi:base_runner.py:507| eval_ksd | Epoch 8290, VI KSD: -0.0052
2026-03-28 21:43:10 | DEBUG | sivi:base_runner.py:874| learn | Epoch 8300: Avg Loss: 0.0168, Avg Epoch Time: 0.0675s
2026-03-28 21:43:10 | DEBUG | sivi:base_runner.py:337| eval_kl_ite | Epoch 8300, VI KL to baseline: 0.0164
2026-03-28 21:43:10 | DEBUG | sivi:base_reverse_runner.py:261| eval_kl_ite | Epoch 8300, Reverse Model KL ITE: 0.0414
2026-03-28 21:43:10 | DEBUG | sivi:base_runner.py:347| eval_w2 | Epoch 8300, VI W2 to baseline: 0.3207
2026-03-28 21:43:10 | DEBUG | sivi:base_reverse_runner.py:272| eval_w2 | Epoch 8300, Reverse Model W2: 0.0486
2026-03-28 21:43:10 | DEBUG | sivi:base_runner.py:477| eval_elbo | Epoch 8300, ELBO: 0.3500, Std Total: 4.3531, Std Q: nan, CI Half: 0.3816
2026-03-28 21:43:10 | DEBUG | sivi:base_runner.py:507| eval_ksd | Epoch 8300, VI KSD: -0.0013
2026-03-28 21:43:10 | DEBUG | sivi:base_runner.py:337| eval_kl_ite | Epoch 8310, VI KL to baseline: 0.0260
2026-03-28 21:43:10 | DEBUG | sivi:base_reverse_runner.py:261| eval_kl_ite | Epoch 8310, Reverse Model KL ITE: 0.0396
2026-03-28 21:43:10 | DEBUG | sivi:base_runner.py:347| eval_w2 | Epoch 8310, VI W2 to baseline: 0.3100
2026-03-28 21:43:10 | DEBUG | sivi:base_reverse_runner.py:272| eval_w2 | Epoch 8310, Reverse Model W2: 0.0481
2026-03-28 21:43:10 | DEBUG | sivi:base_runner.py:477| eval_elbo | Epoch 8310, ELBO: 1.6903, Std Total: 22.4501, Std Q: nan, CI Half: 1.9678
2026-03-28 21:43:10 | DEBUG | sivi:base_runner.py:507| eval_ksd | Epoch 8310, VI KSD: 0.0035
2026-03-28 21:43:11 | DEBUG | sivi:base_runner.py:337| eval_kl_ite | Epoch 8320, VI KL to baseline: 0.0243
2026-03-28 21:43:11 | DEBUG | sivi:base_reverse_runner.py:261| eval_kl_ite | Epoch 8320, Reverse Model KL ITE: 0.0330
2026-03-28 21:43:11 | DEBUG | sivi:base_runner.py:347| eval_w2 | Epoch 8320, VI W2 to baseline: 0.2942
2026-03-28 21:43:11 | DEBUG | sivi:base_reverse_runner.py:272| eval_w2 | Epoch 8320, Reverse Model W2: 0.0443
2026-03-28 21:43:11 | DEBUG | sivi:base_runner.py:477| eval_elbo | Epoch 8320, ELBO: 0.8251, Std Total: 10.6709, Std Q: nan, CI Half: 0.9353
2026-03-28 21:43:11 | DEBUG | sivi:base_runner.py:507| eval_ksd | Epoch 8320, VI KSD: -0.0046
2026-03-28 21:43:11 | DEBUG | sivi:base_runner.py:337| eval_kl_ite | Epoch 8330, VI KL to baseline: 0.0050
2026-03-28 21:43:11 | DEBUG | sivi:base_reverse_runner.py:261| eval_kl_ite | Epoch 8330, Reverse Model KL ITE: 0.0270
2026-03-28 21:43:11 | DEBUG | sivi:base_runner.py:347| eval_w2 | Epoch 8330, VI W2 to baseline: 0.3211
2026-03-28 21:43:11 | DEBUG | sivi:base_reverse_runner.py:272| eval_w2 | Epoch 8330, Reverse Model W2: 0.0400
2026-03-28 21:43:11 | DEBUG | sivi:base_runner.py:477| eval_elbo | Epoch 8330, ELBO: 2.0424, Std Total: 23.8531, Std Q: nan, CI Half: 2.0908
2026-03-28 21:43:11 | DEBUG | sivi:base_runner.py:507| eval_ksd | Epoch 8330, VI KSD: 0.0020
2026-03-28 21:43:12 | DEBUG | sivi:base_runner.py:337| eval_kl_ite | Epoch 8340, VI KL to baseline: 0.0093
2026-03-28 21:43:12 | DEBUG | sivi:base_reverse_runner.py:261| eval_kl_ite | Epoch 8340, Reverse Model KL ITE: 0.0250
2026-03-28 21:43:12 | DEBUG | sivi:base_runner.py:347| eval_w2 | Epoch 8340, VI W2 to baseline: 0.3075
2026-03-28 21:43:12 | DEBUG | sivi:base_reverse_runner.py:272| eval_w2 | Epoch 8340, Reverse Model W2: 0.0440
2026-03-28 21:43:12 | DEBUG | sivi:base_runner.py:477| eval_elbo | Epoch 8340, ELBO: 0.1333, Std Total: 2.5945, Std Q: nan, CI Half: 0.2274
2026-03-28 21:43:12 | DEBUG | sivi:base_runner.py:507| eval_ksd | Epoch 8340, VI KSD: 0.0025
2026-03-28 21:43:13 | DEBUG | sivi:base_runner.py:337| eval_kl_ite | Epoch 8350, VI KL to baseline: 0.0075
2026-03-28 21:43:13 | DEBUG | sivi:base_reverse_runner.py:261| eval_kl_ite | Epoch 8350, Reverse Model KL ITE: -0.0067
2026-03-28 21:43:13 | DEBUG | sivi:base_runner.py:347| eval_w2 | Epoch 8350, VI W2 to baseline: 0.3101
2026-03-28 21:43:13 | DEBUG | sivi:base_reverse_runner.py:272| eval_w2 | Epoch 8350, Reverse Model W2: 0.0452
2026-03-28 21:43:13 | DEBUG | sivi:base_runner.py:477| eval_elbo | Epoch 8350, ELBO: 0.6897, Std Total: 11.8731, Std Q: nan, CI Half: 1.0407
2026-03-28 21:43:13 | DEBUG | sivi:base_runner.py:507| eval_ksd | Epoch 8350, VI KSD: 0.0025
2026-03-28 21:43:13 | DEBUG | sivi:base_runner.py:337| eval_kl_ite | Epoch 8360, VI KL to baseline: 0.0172
2026-03-28 21:43:13 | DEBUG | sivi:base_reverse_runner.py:261| eval_kl_ite | Epoch 8360, Reverse Model KL ITE: -0.0103
2026-03-28 21:43:13 | DEBUG | sivi:base_runner.py:347| eval_w2 | Epoch 8360, VI W2 to baseline: 0.3182
2026-03-28 21:43:13 | DEBUG | sivi:base_reverse_runner.py:272| eval_w2 | Epoch 8360, Reverse Model W2: 0.0372
2026-03-28 21:43:13 | DEBUG | sivi:base_runner.py:477| eval_elbo | Epoch 8360, ELBO: 0.9240, Std Total: 16.6887, Std Q: nan, CI Half: 1.4628
2026-03-28 21:43:13 | DEBUG | sivi:base_runner.py:507| eval_ksd | Epoch 8360, VI KSD: -0.0054
2026-03-28 21:43:14 | DEBUG | sivi:base_runner.py:337| eval_kl_ite | Epoch 8370, VI KL to baseline: 0.0097
2026-03-28 21:43:14 | DEBUG | sivi:base_reverse_runner.py:261| eval_kl_ite | Epoch 8370, Reverse Model KL ITE: 0.0006
2026-03-28 21:43:14 | DEBUG | sivi:base_runner.py:347| eval_w2 | Epoch 8370, VI W2 to baseline: 0.3379
2026-03-28 21:43:14 | DEBUG | sivi:base_reverse_runner.py:272| eval_w2 | Epoch 8370, Reverse Model W2: 0.0426
2026-03-28 21:43:14 | DEBUG | sivi:base_runner.py:477| eval_elbo | Epoch 8370, ELBO: 1.4213, Std Total: 18.2906, Std Q: nan, CI Half: 1.6032
2026-03-28 21:43:14 | DEBUG | sivi:base_runner.py:507| eval_ksd | Epoch 8370, VI KSD: -0.0015
2026-03-28 21:43:15 | DEBUG | sivi:base_runner.py:337| eval_kl_ite | Epoch 8380, VI KL to baseline: 0.0261
2026-03-28 21:43:15 | DEBUG | sivi:base_reverse_runner.py:261| eval_kl_ite | Epoch 8380, Reverse Model KL ITE: 0.0179
2026-03-28 21:43:15 | DEBUG | sivi:base_runner.py:347| eval_w2 | Epoch 8380, VI W2 to baseline: 0.2990
2026-03-28 21:43:15 | DEBUG | sivi:base_reverse_runner.py:272| eval_w2 | Epoch 8380, Reverse Model W2: 0.0514
2026-03-28 21:43:15 | DEBUG | sivi:base_runner.py:477| eval_elbo | Epoch 8380, ELBO: 0.2746, Std Total: 3.4463, Std Q: nan, CI Half: 0.3021
2026-03-28 21:43:15 | DEBUG | sivi:base_runner.py:507| eval_ksd | Epoch 8380, VI KSD: 0.0061
2026-03-28 21:43:15 | DEBUG | sivi:base_runner.py:337| eval_kl_ite | Epoch 8390, VI KL to baseline: 0.0068
2026-03-28 21:43:15 | DEBUG | sivi:base_reverse_runner.py:261| eval_kl_ite | Epoch 8390, Reverse Model KL ITE: 0.0133
2026-03-28 21:43:15 | DEBUG | sivi:base_runner.py:347| eval_w2 | Epoch 8390, VI W2 to baseline: 0.3014
2026-03-28 21:43:15 | DEBUG | sivi:base_reverse_runner.py:272| eval_w2 | Epoch 8390, Reverse Model W2: 0.0548
2026-03-28 21:43:15 | DEBUG | sivi:base_runner.py:477| eval_elbo | Epoch 8390, ELBO: 1.4502, Std Total: 16.5285, Std Q: nan, CI Half: 1.4488
2026-03-28 21:43:15 | DEBUG | sivi:base_runner.py:507| eval_ksd | Epoch 8390, VI KSD: -0.0095
2026-03-28 21:43:16 | DEBUG | sivi:base_runner.py:874| learn | Epoch 8400: Avg Loss: 0.0237, Avg Epoch Time: 0.0633s
2026-03-28 21:43:16 | DEBUG | sivi:base_runner.py:337| eval_kl_ite | Epoch 8400, VI KL to baseline: 0.0041
2026-03-28 21:43:16 | DEBUG | sivi:base_reverse_runner.py:261| eval_kl_ite | Epoch 8400, Reverse Model KL ITE: 0.0209
2026-03-28 21:43:16 | DEBUG | sivi:base_runner.py:347| eval_w2 | Epoch 8400, VI W2 to baseline: 0.2940
2026-03-28 21:43:16 | DEBUG | sivi:base_reverse_runner.py:272| eval_w2 | Epoch 8400, Reverse Model W2: 0.0456
2026-03-28 21:43:16 | DEBUG | sivi:base_runner.py:477| eval_elbo | Epoch 8400, ELBO: 2.2969, Std Total: 45.0683, Std Q: nan, CI Half: 3.9504
2026-03-28 21:43:16 | DEBUG | sivi:base_runner.py:507| eval_ksd | Epoch 8400, VI KSD: -0.0016
2026-03-28 21:43:17 | DEBUG | sivi:base_runner.py:337| eval_kl_ite | Epoch 8410, VI KL to baseline: 0.0130
2026-03-28 21:43:17 | DEBUG | sivi:base_reverse_runner.py:261| eval_kl_ite | Epoch 8410, Reverse Model KL ITE: 0.0206
2026-03-28 21:43:17 | DEBUG | sivi:base_runner.py:347| eval_w2 | Epoch 8410, VI W2 to baseline: 0.3032
2026-03-28 21:43:17 | DEBUG | sivi:base_reverse_runner.py:272| eval_w2 | Epoch 8410, Reverse Model W2: 0.0464
2026-03-28 21:43:17 | DEBUG | sivi:base_runner.py:477| eval_elbo | Epoch 8410, ELBO: 0.9581, Std Total: 11.0314, Std Q: nan, CI Half: 0.9669
2026-03-28 21:43:17 | DEBUG | sivi:base_runner.py:507| eval_ksd | Epoch 8410, VI KSD: 0.0031
2026-03-28 21:43:17 | DEBUG | sivi:base_runner.py:337| eval_kl_ite | Epoch 8420, VI KL to baseline: -0.0075
2026-03-28 21:43:17 | DEBUG | sivi:base_reverse_runner.py:261| eval_kl_ite | Epoch 8420, Reverse Model KL ITE: 0.0217
2026-03-28 21:43:17 | DEBUG | sivi:base_runner.py:347| eval_w2 | Epoch 8420, VI W2 to baseline: 0.2927
2026-03-28 21:43:17 | DEBUG | sivi:base_reverse_runner.py:272| eval_w2 | Epoch 8420, Reverse Model W2: 0.0500
2026-03-28 21:43:17 | DEBUG | sivi:base_runner.py:477| eval_elbo | Epoch 8420, ELBO: 0.3180, Std Total: 3.1488, Std Q: nan, CI Half: 0.2760
2026-03-28 21:43:17 | DEBUG | sivi:base_runner.py:507| eval_ksd | Epoch 8420, VI KSD: 0.0004
2026-03-28 21:43:18 | DEBUG | sivi:base_runner.py:337| eval_kl_ite | Epoch 8430, VI KL to baseline: 0.0195
2026-03-28 21:43:18 | DEBUG | sivi:base_reverse_runner.py:261| eval_kl_ite | Epoch 8430, Reverse Model KL ITE: 0.0151
2026-03-28 21:43:18 | DEBUG | sivi:base_runner.py:347| eval_w2 | Epoch 8430, VI W2 to baseline: 0.3062
2026-03-28 21:43:18 | DEBUG | sivi:base_reverse_runner.py:272| eval_w2 | Epoch 8430, Reverse Model W2: 0.0383
2026-03-28 21:43:18 | DEBUG | sivi:base_runner.py:477| eval_elbo | Epoch 8430, ELBO: 2.2189, Std Total: 24.3581, Std Q: nan, CI Half: 2.1351
2026-03-28 21:43:18 | DEBUG | sivi:base_runner.py:507| eval_ksd | Epoch 8430, VI KSD: 0.0086
2026-03-28 21:43:18 | DEBUG | sivi:base_runner.py:337| eval_kl_ite | Epoch 8440, VI KL to baseline: 0.0134
2026-03-28 21:43:19 | DEBUG | sivi:base_reverse_runner.py:261| eval_kl_ite | Epoch 8440, Reverse Model KL ITE: 0.0014
2026-03-28 21:43:19 | DEBUG | sivi:base_runner.py:347| eval_w2 | Epoch 8440, VI W2 to baseline: 0.2819
2026-03-28 21:43:19 | DEBUG | sivi:base_reverse_runner.py:272| eval_w2 | Epoch 8440, Reverse Model W2: 0.0415
2026-03-28 21:43:19 | DEBUG | sivi:base_runner.py:477| eval_elbo | Epoch 8440, ELBO: 2.0313, Std Total: 24.2490, Std Q: nan, CI Half: 2.1255
2026-03-28 21:43:19 | DEBUG | sivi:base_runner.py:507| eval_ksd | Epoch 8440, VI KSD: 0.0054
2026-03-28 21:43:19 | DEBUG | sivi:base_runner.py:337| eval_kl_ite | Epoch 8450, VI KL to baseline: 0.0262
2026-03-28 21:43:19 | DEBUG | sivi:base_reverse_runner.py:261| eval_kl_ite | Epoch 8450, Reverse Model KL ITE: 0.0138
2026-03-28 21:43:19 | DEBUG | sivi:base_runner.py:347| eval_w2 | Epoch 8450, VI W2 to baseline: 0.2973
2026-03-28 21:43:19 | DEBUG | sivi:base_reverse_runner.py:272| eval_w2 | Epoch 8450, Reverse Model W2: 0.0406
2026-03-28 21:43:19 | DEBUG | sivi:base_runner.py:477| eval_elbo | Epoch 8450, ELBO: 1.0777, Std Total: 13.0044, Std Q: nan, CI Half: 1.1399
2026-03-28 21:43:19 | DEBUG | sivi:base_runner.py:507| eval_ksd | Epoch 8450, VI KSD: 0.0000
2026-03-28 21:43:20 | DEBUG | sivi:base_runner.py:337| eval_kl_ite | Epoch 8460, VI KL to baseline: 0.0048
2026-03-28 21:43:20 | DEBUG | sivi:base_reverse_runner.py:261| eval_kl_ite | Epoch 8460, Reverse Model KL ITE: 0.0099
2026-03-28 21:43:20 | DEBUG | sivi:base_runner.py:347| eval_w2 | Epoch 8460, VI W2 to baseline: 0.3312
2026-03-28 21:43:20 | DEBUG | sivi:base_reverse_runner.py:272| eval_w2 | Epoch 8460, Reverse Model W2: 0.0567
2026-03-28 21:43:20 | DEBUG | sivi:base_runner.py:477| eval_elbo | Epoch 8460, ELBO: 0.2102, Std Total: 2.6388, Std Q: nan, CI Half: 0.2313
2026-03-28 21:43:20 | DEBUG | sivi:base_runner.py:507| eval_ksd | Epoch 8460, VI KSD: 0.0040
2026-03-28 21:43:20 | DEBUG | sivi:base_runner.py:337| eval_kl_ite | Epoch 8470, VI KL to baseline: 0.0183
2026-03-28 21:43:20 | DEBUG | sivi:base_reverse_runner.py:261| eval_kl_ite | Epoch 8470, Reverse Model KL ITE: 0.0060
2026-03-28 21:43:21 | DEBUG | sivi:base_runner.py:347| eval_w2 | Epoch 8470, VI W2 to baseline: 0.3224
2026-03-28 21:43:21 | DEBUG | sivi:base_reverse_runner.py:272| eval_w2 | Epoch 8470, Reverse Model W2: 0.0588
2026-03-28 21:43:21 | DEBUG | sivi:base_runner.py:477| eval_elbo | Epoch 8470, ELBO: 0.7278, Std Total: 8.5398, Std Q: nan, CI Half: 0.7485
2026-03-28 21:43:21 | DEBUG | sivi:base_runner.py:507| eval_ksd | Epoch 8470, VI KSD: 0.0089
2026-03-28 21:43:21 | DEBUG | sivi:base_runner.py:337| eval_kl_ite | Epoch 8480, VI KL to baseline: 0.0262
2026-03-28 21:43:21 | DEBUG | sivi:base_reverse_runner.py:261| eval_kl_ite | Epoch 8480, Reverse Model KL ITE: 0.0171
2026-03-28 21:43:21 | DEBUG | sivi:base_runner.py:347| eval_w2 | Epoch 8480, VI W2 to baseline: 0.2898
2026-03-28 21:43:21 | DEBUG | sivi:base_reverse_runner.py:272| eval_w2 | Epoch 8480, Reverse Model W2: 0.0455
2026-03-28 21:43:21 | DEBUG | sivi:base_runner.py:477| eval_elbo | Epoch 8480, ELBO: 2.8574, Std Total: 39.6832, Std Q: nan, CI Half: 3.4784
2026-03-28 21:43:21 | DEBUG | sivi:base_runner.py:507| eval_ksd | Epoch 8480, VI KSD: 0.0129
2026-03-28 21:43:22 | DEBUG | sivi:base_runner.py:337| eval_kl_ite | Epoch 8490, VI KL to baseline: 0.0161
2026-03-28 21:43:22 | DEBUG | sivi:base_reverse_runner.py:261| eval_kl_ite | Epoch 8490, Reverse Model KL ITE: 0.0233
2026-03-28 21:43:22 | DEBUG | sivi:base_runner.py:347| eval_w2 | Epoch 8490, VI W2 to baseline: 0.2992
2026-03-28 21:43:22 | DEBUG | sivi:base_reverse_runner.py:272| eval_w2 | Epoch 8490, Reverse Model W2: 0.0464
2026-03-28 21:43:22 | DEBUG | sivi:base_runner.py:477| eval_elbo | Epoch 8490, ELBO: 2.8089, Std Total: 50.8637, Std Q: nan, CI Half: 4.4584
2026-03-28 21:43:22 | DEBUG | sivi:base_runner.py:507| eval_ksd | Epoch 8490, VI KSD: -0.0047
2026-03-28 21:43:22 | DEBUG | sivi:base_runner.py:874| learn | Epoch 8500: Avg Loss: 0.0238, Avg Epoch Time: 0.0629s
2026-03-28 21:43:22 | DEBUG | sivi:base_reverse_runner.py:183| _training_rev_log_func | Epoch 8500, Inner epoch 1, Reverse Model Loss: 2.9264, Avg Steps: 1.0000
2026-03-28 21:43:22 | DEBUG | sivi:base_runner.py:588| save_samples | Saved 100000 samples at epoch 8500.
2026-03-28 21:43:22 | DEBUG | sivi:base_runner.py:337| eval_kl_ite | Epoch 8500, VI KL to baseline: 0.0075
2026-03-28 21:43:22 | DEBUG | sivi:base_reverse_runner.py:261| eval_kl_ite | Epoch 8500, Reverse Model KL ITE: 0.0321
2026-03-28 21:43:22 | DEBUG | sivi:base_runner.py:347| eval_w2 | Epoch 8500, VI W2 to baseline: 0.3246
2026-03-28 21:43:22 | DEBUG | sivi:base_reverse_runner.py:272| eval_w2 | Epoch 8500, Reverse Model W2: 0.0399
2026-03-28 21:43:22 | DEBUG | sivi:base_runner.py:477| eval_elbo | Epoch 8500, ELBO: 3.5487, Std Total: 63.2204, Std Q: nan, CI Half: 5.5415
2026-03-28 21:43:22 | DEBUG | sivi:base_runner.py:507| eval_ksd | Epoch 8500, VI KSD: -0.0024
2026-03-28 21:43:23 | DEBUG | sivi:base_runner.py:970| learn | Saved contour plot at epoch 8500.
2026-03-28 21:43:23 | DEBUG | sivi:base_runner.py:337| eval_kl_ite | Epoch 8510, VI KL to baseline: 0.0418
2026-03-28 21:43:23 | DEBUG | sivi:base_reverse_runner.py:261| eval_kl_ite | Epoch 8510, Reverse Model KL ITE: 0.0565
2026-03-28 21:43:23 | DEBUG | sivi:base_runner.py:347| eval_w2 | Epoch 8510, VI W2 to baseline: 0.3275
2026-03-28 21:43:23 | DEBUG | sivi:base_reverse_runner.py:272| eval_w2 | Epoch 8510, Reverse Model W2: 0.0509
2026-03-28 21:43:23 | DEBUG | sivi:base_runner.py:477| eval_elbo | Epoch 8510, ELBO: 0.9407, Std Total: 14.7616, Std Q: nan, CI Half: 1.2939
2026-03-28 21:43:23 | DEBUG | sivi:base_runner.py:507| eval_ksd | Epoch 8510, VI KSD: 0.0048
2026-03-28 21:43:24 | DEBUG | sivi:base_runner.py:337| eval_kl_ite | Epoch 8520, VI KL to baseline: 0.0044
2026-03-28 21:43:24 | DEBUG | sivi:base_reverse_runner.py:261| eval_kl_ite | Epoch 8520, Reverse Model KL ITE: 0.0160
2026-03-28 21:43:24 | DEBUG | sivi:base_runner.py:347| eval_w2 | Epoch 8520, VI W2 to baseline: 0.3040
2026-03-28 21:43:24 | DEBUG | sivi:base_reverse_runner.py:272| eval_w2 | Epoch 8520, Reverse Model W2: 0.0434
2026-03-28 21:43:24 | DEBUG | sivi:base_runner.py:477| eval_elbo | Epoch 8520, ELBO: 1.1947, Std Total: 12.7174, Std Q: nan, CI Half: 1.1147
2026-03-28 21:43:24 | DEBUG | sivi:base_runner.py:507| eval_ksd | Epoch 8520, VI KSD: 0.0077
2026-03-28 21:43:24 | DEBUG | sivi:base_runner.py:337| eval_kl_ite | Epoch 8530, VI KL to baseline: 0.0113
2026-03-28 21:43:24 | DEBUG | sivi:base_reverse_runner.py:261| eval_kl_ite | Epoch 8530, Reverse Model KL ITE: 0.0221
2026-03-28 21:43:24 | DEBUG | sivi:base_runner.py:347| eval_w2 | Epoch 8530, VI W2 to baseline: 0.3159
2026-03-28 21:43:24 | DEBUG | sivi:base_reverse_runner.py:272| eval_w2 | Epoch 8530, Reverse Model W2: 0.0545
2026-03-28 21:43:24 | DEBUG | sivi:base_runner.py:477| eval_elbo | Epoch 8530, ELBO: 3.7889, Std Total: 48.0577, Std Q: nan, CI Half: 4.2124
2026-03-28 21:43:24 | DEBUG | sivi:base_runner.py:507| eval_ksd | Epoch 8530, VI KSD: -0.0020
2026-03-28 21:43:25 | DEBUG | sivi:base_runner.py:337| eval_kl_ite | Epoch 8540, VI KL to baseline: 0.0072
2026-03-28 21:43:25 | DEBUG | sivi:base_reverse_runner.py:261| eval_kl_ite | Epoch 8540, Reverse Model KL ITE: 0.0252
2026-03-28 21:43:25 | DEBUG | sivi:base_runner.py:347| eval_w2 | Epoch 8540, VI W2 to baseline: 0.2965
2026-03-28 21:43:25 | DEBUG | sivi:base_reverse_runner.py:272| eval_w2 | Epoch 8540, Reverse Model W2: 0.0524
2026-03-28 21:43:25 | DEBUG | sivi:base_runner.py:477| eval_elbo | Epoch 8540, ELBO: 2.8889, Std Total: 35.0184, Std Q: nan, CI Half: 3.0695
2026-03-28 21:43:25 | DEBUG | sivi:base_runner.py:507| eval_ksd | Epoch 8540, VI KSD: -0.0028
2026-03-28 21:43:25 | DEBUG | sivi:base_runner.py:337| eval_kl_ite | Epoch 8550, VI KL to baseline: 0.0080
2026-03-28 21:43:25 | DEBUG | sivi:base_reverse_runner.py:261| eval_kl_ite | Epoch 8550, Reverse Model KL ITE: 0.0198
2026-03-28 21:43:25 | DEBUG | sivi:base_runner.py:347| eval_w2 | Epoch 8550, VI W2 to baseline: 0.3132
2026-03-28 21:43:26 | DEBUG | sivi:base_reverse_runner.py:272| eval_w2 | Epoch 8550, Reverse Model W2: 0.0477
2026-03-28 21:43:26 | DEBUG | sivi:base_runner.py:477| eval_elbo | Epoch 8550, ELBO: 2.0398, Std Total: 38.0509, Std Q: nan, CI Half: 3.3353
2026-03-28 21:43:26 | DEBUG | sivi:base_runner.py:507| eval_ksd | Epoch 8550, VI KSD: 0.0033
2026-03-28 21:43:26 | DEBUG | sivi:base_runner.py:337| eval_kl_ite | Epoch 8560, VI KL to baseline: 0.0215
2026-03-28 21:43:26 | DEBUG | sivi:base_reverse_runner.py:261| eval_kl_ite | Epoch 8560, Reverse Model KL ITE: 0.0143
2026-03-28 21:43:26 | DEBUG | sivi:base_runner.py:347| eval_w2 | Epoch 8560, VI W2 to baseline: 0.3062
2026-03-28 21:43:26 | DEBUG | sivi:base_reverse_runner.py:272| eval_w2 | Epoch 8560, Reverse Model W2: 0.0427
2026-03-28 21:43:26 | DEBUG | sivi:base_runner.py:477| eval_elbo | Epoch 8560, ELBO: 2.3234, Std Total: 28.7028, Std Q: nan, CI Half: 2.5159
2026-03-28 21:43:26 | DEBUG | sivi:base_runner.py:507| eval_ksd | Epoch 8560, VI KSD: 0.0198
2026-03-28 21:43:27 | DEBUG | sivi:base_runner.py:337| eval_kl_ite | Epoch 8570, VI KL to baseline: 0.0077
2026-03-28 21:43:27 | DEBUG | sivi:base_reverse_runner.py:261| eval_kl_ite | Epoch 8570, Reverse Model KL ITE: 0.0420
2026-03-28 21:43:27 | DEBUG | sivi:base_runner.py:347| eval_w2 | Epoch 8570, VI W2 to baseline: 0.3022
2026-03-28 21:43:27 | DEBUG | sivi:base_reverse_runner.py:272| eval_w2 | Epoch 8570, Reverse Model W2: 0.0410
2026-03-28 21:43:27 | DEBUG | sivi:base_runner.py:477| eval_elbo | Epoch 8570, ELBO: 0.7055, Std Total: 5.5231, Std Q: nan, CI Half: 0.4841
2026-03-28 21:43:27 | DEBUG | sivi:base_runner.py:507| eval_ksd | Epoch 8570, VI KSD: -0.0003
2026-03-28 21:43:27 | DEBUG | sivi:base_runner.py:337| eval_kl_ite | Epoch 8580, VI KL to baseline: 0.0056
2026-03-28 21:43:27 | DEBUG | sivi:base_reverse_runner.py:261| eval_kl_ite | Epoch 8580, Reverse Model KL ITE: 0.0239
2026-03-28 21:43:27 | DEBUG | sivi:base_runner.py:347| eval_w2 | Epoch 8580, VI W2 to baseline: 0.3223
2026-03-28 21:43:27 | DEBUG | sivi:base_reverse_runner.py:272| eval_w2 | Epoch 8580, Reverse Model W2: 0.0424
2026-03-28 21:43:27 | DEBUG | sivi:base_runner.py:477| eval_elbo | Epoch 8580, ELBO: 0.1959, Std Total: 2.1865, Std Q: nan, CI Half: 0.1917
2026-03-28 21:43:27 | DEBUG | sivi:base_runner.py:507| eval_ksd | Epoch 8580, VI KSD: -0.0043
2026-03-28 21:43:28 | DEBUG | sivi:base_runner.py:337| eval_kl_ite | Epoch 8590, VI KL to baseline: 0.0139
2026-03-28 21:43:28 | DEBUG | sivi:base_reverse_runner.py:261| eval_kl_ite | Epoch 8590, Reverse Model KL ITE: 0.0171
2026-03-28 21:43:28 | DEBUG | sivi:base_runner.py:347| eval_w2 | Epoch 8590, VI W2 to baseline: 0.2901
2026-03-28 21:43:28 | DEBUG | sivi:base_reverse_runner.py:272| eval_w2 | Epoch 8590, Reverse Model W2: 0.0434
2026-03-28 21:43:28 | DEBUG | sivi:base_runner.py:477| eval_elbo | Epoch 8590, ELBO: 0.3646, Std Total: 2.9450, Std Q: nan, CI Half: 0.2581
2026-03-28 21:43:28 | DEBUG | sivi:base_runner.py:507| eval_ksd | Epoch 8590, VI KSD: -0.0048
2026-03-28 21:43:28 | DEBUG | sivi:base_runner.py:874| learn | Epoch 8600: Avg Loss: -0.0202, Avg Epoch Time: 0.0632s
2026-03-28 21:43:29 | DEBUG | sivi:base_runner.py:337| eval_kl_ite | Epoch 8600, VI KL to baseline: 0.0000
2026-03-28 21:43:29 | DEBUG | sivi:base_reverse_runner.py:261| eval_kl_ite | Epoch 8600, Reverse Model KL ITE: 0.0211
2026-03-28 21:43:29 | DEBUG | sivi:base_runner.py:347| eval_w2 | Epoch 8600, VI W2 to baseline: 0.2890
2026-03-28 21:43:29 | DEBUG | sivi:base_reverse_runner.py:272| eval_w2 | Epoch 8600, Reverse Model W2: 0.0542
2026-03-28 21:43:29 | DEBUG | sivi:base_runner.py:477| eval_elbo | Epoch 8600, ELBO: 2.0069, Std Total: 15.3784, Std Q: nan, CI Half: 1.3480
2026-03-28 21:43:29 | DEBUG | sivi:base_runner.py:507| eval_ksd | Epoch 8600, VI KSD: -0.0023
2026-03-28 21:43:29 | DEBUG | sivi:base_runner.py:337| eval_kl_ite | Epoch 8610, VI KL to baseline: 0.0053
2026-03-28 21:43:29 | DEBUG | sivi:base_reverse_runner.py:261| eval_kl_ite | Epoch 8610, Reverse Model KL ITE: 0.0231
2026-03-28 21:43:29 | DEBUG | sivi:base_runner.py:347| eval_w2 | Epoch 8610, VI W2 to baseline: 0.3297
2026-03-28 21:43:29 | DEBUG | sivi:base_reverse_runner.py:272| eval_w2 | Epoch 8610, Reverse Model W2: 0.0501
2026-03-28 21:43:29 | DEBUG | sivi:base_runner.py:477| eval_elbo | Epoch 8610, ELBO: 2.1905, Std Total: 45.2561, Std Q: nan, CI Half: 3.9669
2026-03-28 21:43:29 | DEBUG | sivi:base_runner.py:507| eval_ksd | Epoch 8610, VI KSD: 0.0036
2026-03-28 21:43:30 | DEBUG | sivi:base_runner.py:337| eval_kl_ite | Epoch 8620, VI KL to baseline: 0.0163
2026-03-28 21:43:30 | DEBUG | sivi:base_reverse_runner.py:261| eval_kl_ite | Epoch 8620, Reverse Model KL ITE: 0.0040
2026-03-28 21:43:30 | DEBUG | sivi:base_runner.py:347| eval_w2 | Epoch 8620, VI W2 to baseline: 0.3047
2026-03-28 21:43:30 | DEBUG | sivi:base_reverse_runner.py:272| eval_w2 | Epoch 8620, Reverse Model W2: 0.0541
2026-03-28 21:43:30 | DEBUG | sivi:base_runner.py:477| eval_elbo | Epoch 8620, ELBO: 2.2440, Std Total: 23.3722, Std Q: nan, CI Half: 2.0487
2026-03-28 21:43:30 | DEBUG | sivi:base_runner.py:507| eval_ksd | Epoch 8620, VI KSD: -0.0077
2026-03-28 21:43:30 | DEBUG | sivi:base_runner.py:337| eval_kl_ite | Epoch 8630, VI KL to baseline: -0.0131
2026-03-28 21:43:30 | DEBUG | sivi:base_reverse_runner.py:261| eval_kl_ite | Epoch 8630, Reverse Model KL ITE: 0.0024
2026-03-28 21:43:30 | DEBUG | sivi:base_runner.py:347| eval_w2 | Epoch 8630, VI W2 to baseline: 0.2891
2026-03-28 21:43:30 | DEBUG | sivi:base_reverse_runner.py:272| eval_w2 | Epoch 8630, Reverse Model W2: 0.0400
2026-03-28 21:43:30 | DEBUG | sivi:base_runner.py:477| eval_elbo | Epoch 8630, ELBO: 0.6713, Std Total: 8.7936, Std Q: nan, CI Half: 0.7708
2026-03-28 21:43:30 | DEBUG | sivi:base_runner.py:507| eval_ksd | Epoch 8630, VI KSD: 0.0057
2026-03-28 21:43:31 | DEBUG | sivi:base_runner.py:337| eval_kl_ite | Epoch 8640, VI KL to baseline: 0.0250
2026-03-28 21:43:31 | DEBUG | sivi:base_reverse_runner.py:261| eval_kl_ite | Epoch 8640, Reverse Model KL ITE: 0.0037
2026-03-28 21:43:31 | DEBUG | sivi:base_runner.py:347| eval_w2 | Epoch 8640, VI W2 to baseline: 0.3278
2026-03-28 21:43:31 | DEBUG | sivi:base_reverse_runner.py:272| eval_w2 | Epoch 8640, Reverse Model W2: 0.0545
2026-03-28 21:43:31 | DEBUG | sivi:base_runner.py:477| eval_elbo | Epoch 8640, ELBO: 0.6740, Std Total: 11.6697, Std Q: nan, CI Half: 1.0229
2026-03-28 21:43:31 | DEBUG | sivi:base_runner.py:507| eval_ksd | Epoch 8640, VI KSD: 0.0091
2026-03-28 21:43:31 | DEBUG | sivi:base_runner.py:337| eval_kl_ite | Epoch 8650, VI KL to baseline: 0.0131
2026-03-28 21:43:31 | DEBUG | sivi:base_reverse_runner.py:261| eval_kl_ite | Epoch 8650, Reverse Model KL ITE: 0.0273
2026-03-28 21:43:31 | DEBUG | sivi:base_runner.py:347| eval_w2 | Epoch 8650, VI W2 to baseline: 0.2995
2026-03-28 21:43:31 | DEBUG | sivi:base_reverse_runner.py:272| eval_w2 | Epoch 8650, Reverse Model W2: 0.0502
2026-03-28 21:43:31 | DEBUG | sivi:base_runner.py:477| eval_elbo | Epoch 8650, ELBO: 0.7249, Std Total: 11.2889, Std Q: nan, CI Half: 0.9895
2026-03-28 21:43:31 | DEBUG | sivi:base_runner.py:507| eval_ksd | Epoch 8650, VI KSD: 0.0066
2026-03-28 21:43:32 | DEBUG | sivi:base_runner.py:337| eval_kl_ite | Epoch 8660, VI KL to baseline: 0.0122
2026-03-28 21:43:32 | DEBUG | sivi:base_reverse_runner.py:261| eval_kl_ite | Epoch 8660, Reverse Model KL ITE: 0.0255
2026-03-28 21:43:32 | DEBUG | sivi:base_runner.py:347| eval_w2 | Epoch 8660, VI W2 to baseline: 0.2922
2026-03-28 21:43:32 | DEBUG | sivi:base_reverse_runner.py:272| eval_w2 | Epoch 8660, Reverse Model W2: 0.0475
2026-03-28 21:43:32 | DEBUG | sivi:base_runner.py:477| eval_elbo | Epoch 8660, ELBO: 1.1331, Std Total: 20.4773, Std Q: nan, CI Half: 1.7949
2026-03-28 21:43:32 | DEBUG | sivi:base_runner.py:507| eval_ksd | Epoch 8660, VI KSD: -0.0050
2026-03-28 21:43:32 | DEBUG | sivi:base_runner.py:337| eval_kl_ite | Epoch 8670, VI KL to baseline: 0.0043
2026-03-28 21:43:32 | DEBUG | sivi:base_reverse_runner.py:261| eval_kl_ite | Epoch 8670, Reverse Model KL ITE: 0.0411
2026-03-28 21:43:32 | DEBUG | sivi:base_runner.py:347| eval_w2 | Epoch 8670, VI W2 to baseline: 0.3063
2026-03-28 21:43:32 | DEBUG | sivi:base_reverse_runner.py:272| eval_w2 | Epoch 8670, Reverse Model W2: 0.0421
2026-03-28 21:43:32 | DEBUG | sivi:base_runner.py:477| eval_elbo | Epoch 8670, ELBO: 4.3812, Std Total: 61.2397, Std Q: nan, CI Half: 5.3679
2026-03-28 21:43:32 | DEBUG | sivi:base_runner.py:507| eval_ksd | Epoch 8670, VI KSD: 0.0107
2026-03-28 21:43:33 | DEBUG | sivi:base_runner.py:337| eval_kl_ite | Epoch 8680, VI KL to baseline: 0.0166
2026-03-28 21:43:33 | DEBUG | sivi:base_reverse_runner.py:261| eval_kl_ite | Epoch 8680, Reverse Model KL ITE: 0.0315
2026-03-28 21:43:33 | DEBUG | sivi:base_runner.py:347| eval_w2 | Epoch 8680, VI W2 to baseline: 0.3228
2026-03-28 21:43:33 | DEBUG | sivi:base_reverse_runner.py:272| eval_w2 | Epoch 8680, Reverse Model W2: 0.0456
2026-03-28 21:43:33 | DEBUG | sivi:base_runner.py:477| eval_elbo | Epoch 8680, ELBO: 0.2382, Std Total: 2.3601, Std Q: nan, CI Half: 0.2069
2026-03-28 21:43:33 | DEBUG | sivi:base_runner.py:507| eval_ksd | Epoch 8680, VI KSD: 0.0031
2026-03-28 21:43:33 | DEBUG | sivi:base_runner.py:337| eval_kl_ite | Epoch 8690, VI KL to baseline: 0.0251
2026-03-28 21:43:33 | DEBUG | sivi:base_reverse_runner.py:261| eval_kl_ite | Epoch 8690, Reverse Model KL ITE: 0.0136
2026-03-28 21:43:33 | DEBUG | sivi:base_runner.py:347| eval_w2 | Epoch 8690, VI W2 to baseline: 0.2984
2026-03-28 21:43:33 | DEBUG | sivi:base_reverse_runner.py:272| eval_w2 | Epoch 8690, Reverse Model W2: 0.0532
2026-03-28 21:43:33 | DEBUG | sivi:base_runner.py:477| eval_elbo | Epoch 8690, ELBO: 0.6901, Std Total: 9.9553, Std Q: nan, CI Half: 0.8726
2026-03-28 21:43:33 | DEBUG | sivi:base_runner.py:507| eval_ksd | Epoch 8690, VI KSD: 0.0000
2026-03-28 21:43:34 | DEBUG | sivi:base_runner.py:874| learn | Epoch 8700: Avg Loss: 0.0177, Avg Epoch Time: 0.0515s
2026-03-28 21:43:34 | DEBUG | sivi:base_runner.py:337| eval_kl_ite | Epoch 8700, VI KL to baseline: 0.0176
2026-03-28 21:43:34 | DEBUG | sivi:base_reverse_runner.py:261| eval_kl_ite | Epoch 8700, Reverse Model KL ITE: -0.0046
2026-03-28 21:43:34 | DEBUG | sivi:base_runner.py:347| eval_w2 | Epoch 8700, VI W2 to baseline: 0.3292
2026-03-28 21:43:34 | DEBUG | sivi:base_reverse_runner.py:272| eval_w2 | Epoch 8700, Reverse Model W2: 0.0582
2026-03-28 21:43:34 | DEBUG | sivi:base_runner.py:477| eval_elbo | Epoch 8700, ELBO: 1.8816, Std Total: 20.6507, Std Q: nan, CI Half: 1.8101
2026-03-28 21:43:34 | DEBUG | sivi:base_runner.py:507| eval_ksd | Epoch 8700, VI KSD: 0.0040
2026-03-28 21:43:34 | DEBUG | sivi:base_runner.py:337| eval_kl_ite | Epoch 8710, VI KL to baseline: 0.0085
2026-03-28 21:43:35 | DEBUG | sivi:base_reverse_runner.py:261| eval_kl_ite | Epoch 8710, Reverse Model KL ITE: 0.0496
2026-03-28 21:43:35 | DEBUG | sivi:base_runner.py:347| eval_w2 | Epoch 8710, VI W2 to baseline: 0.3091
2026-03-28 21:43:35 | DEBUG | sivi:base_reverse_runner.py:272| eval_w2 | Epoch 8710, Reverse Model W2: 0.0473
2026-03-28 21:43:35 | DEBUG | sivi:base_runner.py:477| eval_elbo | Epoch 8710, ELBO: 0.7499, Std Total: 7.9288, Std Q: nan, CI Half: 0.6950
2026-03-28 21:43:35 | DEBUG | sivi:base_runner.py:507| eval_ksd | Epoch 8710, VI KSD: 0.0296
2026-03-28 21:43:35 | DEBUG | sivi:base_runner.py:337| eval_kl_ite | Epoch 8720, VI KL to baseline: 0.0159
2026-03-28 21:43:35 | DEBUG | sivi:base_reverse_runner.py:261| eval_kl_ite | Epoch 8720, Reverse Model KL ITE: 0.0291
2026-03-28 21:43:35 | DEBUG | sivi:base_runner.py:347| eval_w2 | Epoch 8720, VI W2 to baseline: 0.3122
2026-03-28 21:43:35 | DEBUG | sivi:base_reverse_runner.py:272| eval_w2 | Epoch 8720, Reverse Model W2: 0.0557
2026-03-28 21:43:35 | DEBUG | sivi:base_runner.py:477| eval_elbo | Epoch 8720, ELBO: 2.2501, Std Total: 43.9378, Std Q: nan, CI Half: 3.8513
2026-03-28 21:43:35 | DEBUG | sivi:base_runner.py:507| eval_ksd | Epoch 8720, VI KSD: 0.0254
2026-03-28 21:43:36 | DEBUG | sivi:base_runner.py:337| eval_kl_ite | Epoch 8730, VI KL to baseline: 0.0254
2026-03-28 21:43:36 | DEBUG | sivi:base_reverse_runner.py:261| eval_kl_ite | Epoch 8730, Reverse Model KL ITE: 0.0073
2026-03-28 21:43:36 | DEBUG | sivi:base_runner.py:347| eval_w2 | Epoch 8730, VI W2 to baseline: 0.3187
2026-03-28 21:43:36 | DEBUG | sivi:base_reverse_runner.py:272| eval_w2 | Epoch 8730, Reverse Model W2: 0.0439
2026-03-28 21:43:36 | DEBUG | sivi:base_runner.py:477| eval_elbo | Epoch 8730, ELBO: 1.8542, Std Total: 21.6323, Std Q: nan, CI Half: 1.8962
2026-03-28 21:43:36 | DEBUG | sivi:base_runner.py:507| eval_ksd | Epoch 8730, VI KSD: 0.0061
2026-03-28 21:43:36 | DEBUG | sivi:base_runner.py:337| eval_kl_ite | Epoch 8740, VI KL to baseline: 0.0002
2026-03-28 21:43:36 | DEBUG | sivi:base_reverse_runner.py:261| eval_kl_ite | Epoch 8740, Reverse Model KL ITE: 0.0399
2026-03-28 21:43:37 | DEBUG | sivi:base_runner.py:347| eval_w2 | Epoch 8740, VI W2 to baseline: 0.3133
2026-03-28 21:43:37 | DEBUG | sivi:base_reverse_runner.py:272| eval_w2 | Epoch 8740, Reverse Model W2: 0.0448
2026-03-28 21:43:37 | DEBUG | sivi:base_runner.py:477| eval_elbo | Epoch 8740, ELBO: 0.9873, Std Total: 8.8196, Std Q: nan, CI Half: 0.7731
2026-03-28 21:43:37 | DEBUG | sivi:base_runner.py:507| eval_ksd | Epoch 8740, VI KSD: 0.0060
2026-03-28 21:43:37 | DEBUG | sivi:base_runner.py:337| eval_kl_ite | Epoch 8750, VI KL to baseline: 0.0099
2026-03-28 21:43:37 | DEBUG | sivi:base_reverse_runner.py:261| eval_kl_ite | Epoch 8750, Reverse Model KL ITE: 0.0284
2026-03-28 21:43:37 | DEBUG | sivi:base_runner.py:347| eval_w2 | Epoch 8750, VI W2 to baseline: 0.3110
2026-03-28 21:43:37 | DEBUG | sivi:base_reverse_runner.py:272| eval_w2 | Epoch 8750, Reverse Model W2: 0.0497
2026-03-28 21:43:37 | DEBUG | sivi:base_runner.py:477| eval_elbo | Epoch 8750, ELBO: 3.2368, Std Total: 39.9651, Std Q: nan, CI Half: 3.5031
2026-03-28 21:43:37 | DEBUG | sivi:base_runner.py:507| eval_ksd | Epoch 8750, VI KSD: 0.0133
2026-03-28 21:43:38 | DEBUG | sivi:base_runner.py:337| eval_kl_ite | Epoch 8760, VI KL to baseline: 0.0031
2026-03-28 21:43:38 | DEBUG | sivi:base_reverse_runner.py:261| eval_kl_ite | Epoch 8760, Reverse Model KL ITE: 0.0090
2026-03-28 21:43:38 | DEBUG | sivi:base_runner.py:347| eval_w2 | Epoch 8760, VI W2 to baseline: 0.3014
2026-03-28 21:43:38 | DEBUG | sivi:base_reverse_runner.py:272| eval_w2 | Epoch 8760, Reverse Model W2: 0.0442
2026-03-28 21:43:38 | DEBUG | sivi:base_runner.py:477| eval_elbo | Epoch 8760, ELBO: 0.1440, Std Total: 1.8923, Std Q: nan, CI Half: 0.1659
2026-03-28 21:43:38 | DEBUG | sivi:base_runner.py:507| eval_ksd | Epoch 8760, VI KSD: -0.0009
2026-03-28 21:43:38 | DEBUG | sivi:base_runner.py:337| eval_kl_ite | Epoch 8770, VI KL to baseline: 0.0017
2026-03-28 21:43:38 | DEBUG | sivi:base_reverse_runner.py:261| eval_kl_ite | Epoch 8770, Reverse Model KL ITE: 0.0176
2026-03-28 21:43:38 | DEBUG | sivi:base_runner.py:347| eval_w2 | Epoch 8770, VI W2 to baseline: 0.3158
2026-03-28 21:43:38 | DEBUG | sivi:base_reverse_runner.py:272| eval_w2 | Epoch 8770, Reverse Model W2: 0.0507
2026-03-28 21:43:38 | DEBUG | sivi:base_runner.py:477| eval_elbo | Epoch 8770, ELBO: 0.2777, Std Total: 2.9149, Std Q: nan, CI Half: 0.2555
2026-03-28 21:43:38 | DEBUG | sivi:base_runner.py:507| eval_ksd | Epoch 8770, VI KSD: 0.0044
2026-03-28 21:43:39 | DEBUG | sivi:base_runner.py:337| eval_kl_ite | Epoch 8780, VI KL to baseline: 0.0201
2026-03-28 21:43:39 | DEBUG | sivi:base_reverse_runner.py:261| eval_kl_ite | Epoch 8780, Reverse Model KL ITE: 0.0391
2026-03-28 21:43:39 | DEBUG | sivi:base_runner.py:347| eval_w2 | Epoch 8780, VI W2 to baseline: 0.2876
2026-03-28 21:43:39 | DEBUG | sivi:base_reverse_runner.py:272| eval_w2 | Epoch 8780, Reverse Model W2: 0.0607
2026-03-28 21:43:39 | DEBUG | sivi:base_runner.py:477| eval_elbo | Epoch 8780, ELBO: 1.7023, Std Total: 31.4075, Std Q: nan, CI Half: 2.7530
2026-03-28 21:43:39 | DEBUG | sivi:base_runner.py:507| eval_ksd | Epoch 8780, VI KSD: -0.0000
2026-03-28 21:43:40 | DEBUG | sivi:base_runner.py:337| eval_kl_ite | Epoch 8790, VI KL to baseline: 0.0049
2026-03-28 21:43:40 | DEBUG | sivi:base_reverse_runner.py:261| eval_kl_ite | Epoch 8790, Reverse Model KL ITE: 0.0034
2026-03-28 21:43:40 | DEBUG | sivi:base_runner.py:347| eval_w2 | Epoch 8790, VI W2 to baseline: 0.2966
2026-03-28 21:43:40 | DEBUG | sivi:base_reverse_runner.py:272| eval_w2 | Epoch 8790, Reverse Model W2: 0.0534
2026-03-28 21:43:40 | DEBUG | sivi:base_runner.py:477| eval_elbo | Epoch 8790, ELBO: 0.1809, Std Total: 1.9026, Std Q: nan, CI Half: 0.1668
2026-03-28 21:43:40 | DEBUG | sivi:base_runner.py:507| eval_ksd | Epoch 8790, VI KSD: 0.0015
2026-03-28 21:43:40 | DEBUG | sivi:base_runner.py:874| learn | Epoch 8800: Avg Loss: -0.0515, Avg Epoch Time: 0.0644s
2026-03-28 21:43:40 | DEBUG | sivi:base_runner.py:337| eval_kl_ite | Epoch 8800, VI KL to baseline: 0.0043
2026-03-28 21:43:40 | DEBUG | sivi:base_reverse_runner.py:261| eval_kl_ite | Epoch 8800, Reverse Model KL ITE: 0.0273
2026-03-28 21:43:40 | DEBUG | sivi:base_runner.py:347| eval_w2 | Epoch 8800, VI W2 to baseline: 0.3177
2026-03-28 21:43:40 | DEBUG | sivi:base_reverse_runner.py:272| eval_w2 | Epoch 8800, Reverse Model W2: 0.0499
2026-03-28 21:43:40 | DEBUG | sivi:base_runner.py:477| eval_elbo | Epoch 8800, ELBO: 0.3070, Std Total: 2.7075, Std Q: nan, CI Half: 0.2373
2026-03-28 21:43:40 | DEBUG | sivi:base_runner.py:507| eval_ksd | Epoch 8800, VI KSD: -0.0036
2026-03-28 21:43:41 | DEBUG | sivi:base_runner.py:337| eval_kl_ite | Epoch 8810, VI KL to baseline: 0.0166
2026-03-28 21:43:41 | DEBUG | sivi:base_reverse_runner.py:261| eval_kl_ite | Epoch 8810, Reverse Model KL ITE: 0.0279
2026-03-28 21:43:41 | DEBUG | sivi:base_runner.py:347| eval_w2 | Epoch 8810, VI W2 to baseline: 0.2914
2026-03-28 21:43:41 | DEBUG | sivi:base_reverse_runner.py:272| eval_w2 | Epoch 8810, Reverse Model W2: 0.0497
2026-03-28 21:43:41 | DEBUG | sivi:base_runner.py:477| eval_elbo | Epoch 8810, ELBO: 0.4324, Std Total: 3.6709, Std Q: nan, CI Half: 0.3218
2026-03-28 21:43:41 | DEBUG | sivi:base_runner.py:507| eval_ksd | Epoch 8810, VI KSD: -0.0029
2026-03-28 21:43:41 | DEBUG | sivi:base_runner.py:337| eval_kl_ite | Epoch 8820, VI KL to baseline: 0.0140
2026-03-28 21:43:42 | DEBUG | sivi:base_reverse_runner.py:261| eval_kl_ite | Epoch 8820, Reverse Model KL ITE: 0.0102
2026-03-28 21:43:42 | DEBUG | sivi:base_runner.py:347| eval_w2 | Epoch 8820, VI W2 to baseline: 0.3032
2026-03-28 21:43:42 | DEBUG | sivi:base_reverse_runner.py:272| eval_w2 | Epoch 8820, Reverse Model W2: 0.0415
2026-03-28 21:43:42 | DEBUG | sivi:base_runner.py:477| eval_elbo | Epoch 8820, ELBO: 0.4803, Std Total: 7.0713, Std Q: nan, CI Half: 0.6198
2026-03-28 21:43:42 | DEBUG | sivi:base_runner.py:507| eval_ksd | Epoch 8820, VI KSD: 0.0117
2026-03-28 21:43:42 | DEBUG | sivi:base_runner.py:337| eval_kl_ite | Epoch 8830, VI KL to baseline: 0.0324
2026-03-28 21:43:42 | DEBUG | sivi:base_reverse_runner.py:261| eval_kl_ite | Epoch 8830, Reverse Model KL ITE: 0.0060
2026-03-28 21:43:42 | DEBUG | sivi:base_runner.py:347| eval_w2 | Epoch 8830, VI W2 to baseline: 0.2887
2026-03-28 21:43:42 | DEBUG | sivi:base_reverse_runner.py:272| eval_w2 | Epoch 8830, Reverse Model W2: 0.0435
2026-03-28 21:43:42 | DEBUG | sivi:base_runner.py:477| eval_elbo | Epoch 8830, ELBO: 1.0315, Std Total: 17.0634, Std Q: nan, CI Half: 1.4957
2026-03-28 21:43:42 | DEBUG | sivi:base_runner.py:507| eval_ksd | Epoch 8830, VI KSD: 0.0005
2026-03-28 21:43:43 | DEBUG | sivi:base_runner.py:337| eval_kl_ite | Epoch 8840, VI KL to baseline: 0.0121
2026-03-28 21:43:43 | DEBUG | sivi:base_reverse_runner.py:261| eval_kl_ite | Epoch 8840, Reverse Model KL ITE: 0.0157
2026-03-28 21:43:43 | DEBUG | sivi:base_runner.py:347| eval_w2 | Epoch 8840, VI W2 to baseline: 0.2960
2026-03-28 21:43:43 | DEBUG | sivi:base_reverse_runner.py:272| eval_w2 | Epoch 8840, Reverse Model W2: 0.0482
2026-03-28 21:43:43 | DEBUG | sivi:base_runner.py:477| eval_elbo | Epoch 8840, ELBO: 0.3744, Std Total: 5.4759, Std Q: nan, CI Half: 0.4800
2026-03-28 21:43:43 | DEBUG | sivi:base_runner.py:507| eval_ksd | Epoch 8840, VI KSD: 0.0084
2026-03-28 21:43:44 | DEBUG | sivi:base_runner.py:337| eval_kl_ite | Epoch 8850, VI KL to baseline: 0.0276
2026-03-28 21:43:44 | DEBUG | sivi:base_reverse_runner.py:261| eval_kl_ite | Epoch 8850, Reverse Model KL ITE: 0.0164
2026-03-28 21:43:44 | DEBUG | sivi:base_runner.py:347| eval_w2 | Epoch 8850, VI W2 to baseline: 0.3117
2026-03-28 21:43:44 | DEBUG | sivi:base_reverse_runner.py:272| eval_w2 | Epoch 8850, Reverse Model W2: 0.0503
2026-03-28 21:43:44 | DEBUG | sivi:base_runner.py:477| eval_elbo | Epoch 8850, ELBO: 1.0380, Std Total: 13.4072, Std Q: nan, CI Half: 1.1752
2026-03-28 21:43:44 | DEBUG | sivi:base_runner.py:507| eval_ksd | Epoch 8850, VI KSD: -0.0031
2026-03-28 21:43:44 | DEBUG | sivi:base_runner.py:337| eval_kl_ite | Epoch 8860, VI KL to baseline: 0.0247
2026-03-28 21:43:44 | DEBUG | sivi:base_reverse_runner.py:261| eval_kl_ite | Epoch 8860, Reverse Model KL ITE: 0.0131
2026-03-28 21:43:44 | DEBUG | sivi:base_runner.py:347| eval_w2 | Epoch 8860, VI W2 to baseline: 0.3244
2026-03-28 21:43:44 | DEBUG | sivi:base_reverse_runner.py:272| eval_w2 | Epoch 8860, Reverse Model W2: 0.0458
2026-03-28 21:43:44 | DEBUG | sivi:base_runner.py:477| eval_elbo | Epoch 8860, ELBO: 1.5545, Std Total: 18.4829, Std Q: nan, CI Half: 1.6201
2026-03-28 21:43:44 | DEBUG | sivi:base_runner.py:507| eval_ksd | Epoch 8860, VI KSD: 0.0160
2026-03-28 21:43:45 | DEBUG | sivi:base_runner.py:337| eval_kl_ite | Epoch 8870, VI KL to baseline: 0.0169
2026-03-28 21:43:45 | DEBUG | sivi:base_reverse_runner.py:261| eval_kl_ite | Epoch 8870, Reverse Model KL ITE: 0.0146
2026-03-28 21:43:45 | DEBUG | sivi:base_runner.py:347| eval_w2 | Epoch 8870, VI W2 to baseline: 0.3066
2026-03-28 21:43:45 | DEBUG | sivi:base_reverse_runner.py:272| eval_w2 | Epoch 8870, Reverse Model W2: 0.0437
2026-03-28 21:43:45 | DEBUG | sivi:base_runner.py:477| eval_elbo | Epoch 8870, ELBO: 2.0648, Std Total: 23.2886, Std Q: nan, CI Half: 2.0413
2026-03-28 21:43:45 | DEBUG | sivi:base_runner.py:507| eval_ksd | Epoch 8870, VI KSD: -0.0001
2026-03-28 21:43:46 | DEBUG | sivi:base_runner.py:337| eval_kl_ite | Epoch 8880, VI KL to baseline: 0.0019
2026-03-28 21:43:46 | DEBUG | sivi:base_reverse_runner.py:261| eval_kl_ite | Epoch 8880, Reverse Model KL ITE: 0.0130
2026-03-28 21:43:46 | DEBUG | sivi:base_runner.py:347| eval_w2 | Epoch 8880, VI W2 to baseline: 0.2908
2026-03-28 21:43:46 | DEBUG | sivi:base_reverse_runner.py:272| eval_w2 | Epoch 8880, Reverse Model W2: 0.0522
2026-03-28 21:43:46 | DEBUG | sivi:base_runner.py:477| eval_elbo | Epoch 8880, ELBO: 0.4312, Std Total: 3.8828, Std Q: nan, CI Half: 0.3403
2026-03-28 21:43:46 | DEBUG | sivi:base_runner.py:507| eval_ksd | Epoch 8880, VI KSD: -0.0047
2026-03-28 21:43:46 | DEBUG | sivi:base_runner.py:337| eval_kl_ite | Epoch 8890, VI KL to baseline: 0.0144
2026-03-28 21:43:46 | DEBUG | sivi:base_reverse_runner.py:261| eval_kl_ite | Epoch 8890, Reverse Model KL ITE: 0.0028
2026-03-28 21:43:46 | DEBUG | sivi:base_runner.py:347| eval_w2 | Epoch 8890, VI W2 to baseline: 0.3063
2026-03-28 21:43:46 | DEBUG | sivi:base_reverse_runner.py:272| eval_w2 | Epoch 8890, Reverse Model W2: 0.0469
2026-03-28 21:43:46 | DEBUG | sivi:base_runner.py:477| eval_elbo | Epoch 8890, ELBO: 0.2292, Std Total: 2.5993, Std Q: nan, CI Half: 0.2278
2026-03-28 21:43:46 | DEBUG | sivi:base_runner.py:507| eval_ksd | Epoch 8890, VI KSD: 0.0112
2026-03-28 21:43:47 | DEBUG | sivi:base_runner.py:874| learn | Epoch 8900: Avg Loss: -0.0101, Avg Epoch Time: 0.0679s
2026-03-28 21:43:47 | DEBUG | sivi:base_runner.py:337| eval_kl_ite | Epoch 8900, VI KL to baseline: 0.0101
2026-03-28 21:43:47 | DEBUG | sivi:base_reverse_runner.py:261| eval_kl_ite | Epoch 8900, Reverse Model KL ITE: 0.0064
2026-03-28 21:43:47 | DEBUG | sivi:base_runner.py:347| eval_w2 | Epoch 8900, VI W2 to baseline: 0.3201
2026-03-28 21:43:47 | DEBUG | sivi:base_reverse_runner.py:272| eval_w2 | Epoch 8900, Reverse Model W2: 0.0429
2026-03-28 21:43:47 | DEBUG | sivi:base_runner.py:477| eval_elbo | Epoch 8900, ELBO: 2.0818, Std Total: 19.1861, Std Q: nan, CI Half: 1.6817
2026-03-28 21:43:47 | DEBUG | sivi:base_runner.py:507| eval_ksd | Epoch 8900, VI KSD: -0.0027
2026-03-28 21:43:48 | DEBUG | sivi:base_runner.py:337| eval_kl_ite | Epoch 8910, VI KL to baseline: 0.0081
2026-03-28 21:43:48 | DEBUG | sivi:base_reverse_runner.py:261| eval_kl_ite | Epoch 8910, Reverse Model KL ITE: 0.0293
2026-03-28 21:43:48 | DEBUG | sivi:base_runner.py:347| eval_w2 | Epoch 8910, VI W2 to baseline: 0.2950
2026-03-28 21:43:48 | DEBUG | sivi:base_reverse_runner.py:272| eval_w2 | Epoch 8910, Reverse Model W2: 0.0491
2026-03-28 21:43:48 | DEBUG | sivi:base_runner.py:477| eval_elbo | Epoch 8910, ELBO: 0.7317, Std Total: 10.7056, Std Q: nan, CI Half: 0.9384
2026-03-28 21:43:48 | DEBUG | sivi:base_runner.py:507| eval_ksd | Epoch 8910, VI KSD: -0.0039
2026-03-28 21:43:48 | DEBUG | sivi:base_runner.py:337| eval_kl_ite | Epoch 8920, VI KL to baseline: 0.0016
2026-03-28 21:43:48 | DEBUG | sivi:base_reverse_runner.py:261| eval_kl_ite | Epoch 8920, Reverse Model KL ITE: 0.0050
2026-03-28 21:43:48 | DEBUG | sivi:base_runner.py:347| eval_w2 | Epoch 8920, VI W2 to baseline: 0.3087
2026-03-28 21:43:48 | DEBUG | sivi:base_reverse_runner.py:272| eval_w2 | Epoch 8920, Reverse Model W2: 0.0480
2026-03-28 21:43:48 | DEBUG | sivi:base_runner.py:477| eval_elbo | Epoch 8920, ELBO: 2.7754, Std Total: 42.2625, Std Q: nan, CI Half: 3.7045
2026-03-28 21:43:48 | DEBUG | sivi:base_runner.py:507| eval_ksd | Epoch 8920, VI KSD: 0.0065
2026-03-28 21:43:49 | DEBUG | sivi:base_runner.py:337| eval_kl_ite | Epoch 8930, VI KL to baseline: 0.0108
2026-03-28 21:43:49 | DEBUG | sivi:base_reverse_runner.py:261| eval_kl_ite | Epoch 8930, Reverse Model KL ITE: 0.0228
2026-03-28 21:43:49 | DEBUG | sivi:base_runner.py:347| eval_w2 | Epoch 8930, VI W2 to baseline: 0.3142
2026-03-28 21:43:49 | DEBUG | sivi:base_reverse_runner.py:272| eval_w2 | Epoch 8930, Reverse Model W2: 0.0504
2026-03-28 21:43:49 | DEBUG | sivi:base_runner.py:477| eval_elbo | Epoch 8930, ELBO: 0.2966, Std Total: 3.9346, Std Q: nan, CI Half: 0.3449
2026-03-28 21:43:49 | DEBUG | sivi:base_runner.py:507| eval_ksd | Epoch 8930, VI KSD: -0.0002
2026-03-28 21:43:49 | DEBUG | sivi:base_runner.py:337| eval_kl_ite | Epoch 8940, VI KL to baseline: 0.0193
2026-03-28 21:43:50 | DEBUG | sivi:base_reverse_runner.py:261| eval_kl_ite | Epoch 8940, Reverse Model KL ITE: 0.0311
2026-03-28 21:43:50 | DEBUG | sivi:base_runner.py:347| eval_w2 | Epoch 8940, VI W2 to baseline: 0.2756
2026-03-28 21:43:50 | DEBUG | sivi:base_reverse_runner.py:272| eval_w2 | Epoch 8940, Reverse Model W2: 0.0426
2026-03-28 21:43:50 | DEBUG | sivi:base_runner.py:477| eval_elbo | Epoch 8940, ELBO: 2.0877, Std Total: 44.6998, Std Q: nan, CI Half: 3.9181
2026-03-28 21:43:50 | DEBUG | sivi:base_runner.py:507| eval_ksd | Epoch 8940, VI KSD: -0.0038
2026-03-28 21:43:50 | DEBUG | sivi:base_runner.py:337| eval_kl_ite | Epoch 8950, VI KL to baseline: -0.0006
2026-03-28 21:43:50 | DEBUG | sivi:base_reverse_runner.py:261| eval_kl_ite | Epoch 8950, Reverse Model KL ITE: 0.0159
2026-03-28 21:43:50 | DEBUG | sivi:base_runner.py:347| eval_w2 | Epoch 8950, VI W2 to baseline: 0.3210
2026-03-28 21:43:50 | DEBUG | sivi:base_reverse_runner.py:272| eval_w2 | Epoch 8950, Reverse Model W2: 0.0540
2026-03-28 21:43:50 | DEBUG | sivi:base_runner.py:477| eval_elbo | Epoch 8950, ELBO: 1.9829, Std Total: 31.6859, Std Q: nan, CI Half: 2.7774
2026-03-28 21:43:50 | DEBUG | sivi:base_runner.py:507| eval_ksd | Epoch 8950, VI KSD: 0.0044
2026-03-28 21:43:51 | DEBUG | sivi:base_runner.py:337| eval_kl_ite | Epoch 8960, VI KL to baseline: 0.0125
2026-03-28 21:43:51 | DEBUG | sivi:base_reverse_runner.py:261| eval_kl_ite | Epoch 8960, Reverse Model KL ITE: 0.0001
2026-03-28 21:43:51 | DEBUG | sivi:base_runner.py:347| eval_w2 | Epoch 8960, VI W2 to baseline: 0.3311
2026-03-28 21:43:51 | DEBUG | sivi:base_reverse_runner.py:272| eval_w2 | Epoch 8960, Reverse Model W2: 0.0456
2026-03-28 21:43:51 | DEBUG | sivi:base_runner.py:477| eval_elbo | Epoch 8960, ELBO: 1.2825, Std Total: 17.8218, Std Q: nan, CI Half: 1.5622
2026-03-28 21:43:51 | DEBUG | sivi:base_runner.py:507| eval_ksd | Epoch 8960, VI KSD: 0.0097
2026-03-28 21:43:51 | DEBUG | sivi:base_runner.py:337| eval_kl_ite | Epoch 8970, VI KL to baseline: -0.0009
2026-03-28 21:43:51 | DEBUG | sivi:base_reverse_runner.py:261| eval_kl_ite | Epoch 8970, Reverse Model KL ITE: 0.0159
2026-03-28 21:43:51 | DEBUG | sivi:base_runner.py:347| eval_w2 | Epoch 8970, VI W2 to baseline: 0.3252
2026-03-28 21:43:51 | DEBUG | sivi:base_reverse_runner.py:272| eval_w2 | Epoch 8970, Reverse Model W2: 0.0573
2026-03-28 21:43:51 | DEBUG | sivi:base_runner.py:477| eval_elbo | Epoch 8970, ELBO: 1.1206, Std Total: 15.7328, Std Q: nan, CI Half: 1.3790
2026-03-28 21:43:51 | DEBUG | sivi:base_runner.py:507| eval_ksd | Epoch 8970, VI KSD: -0.0009
2026-03-28 21:43:52 | DEBUG | sivi:base_runner.py:337| eval_kl_ite | Epoch 8980, VI KL to baseline: 0.0242
2026-03-28 21:43:52 | DEBUG | sivi:base_reverse_runner.py:261| eval_kl_ite | Epoch 8980, Reverse Model KL ITE: 0.0456
2026-03-28 21:43:52 | DEBUG | sivi:base_runner.py:347| eval_w2 | Epoch 8980, VI W2 to baseline: 0.3293
2026-03-28 21:43:52 | DEBUG | sivi:base_reverse_runner.py:272| eval_w2 | Epoch 8980, Reverse Model W2: 0.0440
2026-03-28 21:43:52 | DEBUG | sivi:base_runner.py:477| eval_elbo | Epoch 8980, ELBO: 1.5746, Std Total: 25.8239, Std Q: nan, CI Half: 2.2636
2026-03-28 21:43:52 | DEBUG | sivi:base_runner.py:507| eval_ksd | Epoch 8980, VI KSD: 0.0106
2026-03-28 21:43:53 | DEBUG | sivi:base_runner.py:337| eval_kl_ite | Epoch 8990, VI KL to baseline: 0.0276
2026-03-28 21:43:53 | DEBUG | sivi:base_reverse_runner.py:261| eval_kl_ite | Epoch 8990, Reverse Model KL ITE: 0.0352
2026-03-28 21:43:53 | DEBUG | sivi:base_runner.py:347| eval_w2 | Epoch 8990, VI W2 to baseline: 0.3079
2026-03-28 21:43:53 | DEBUG | sivi:base_reverse_runner.py:272| eval_w2 | Epoch 8990, Reverse Model W2: 0.0528
2026-03-28 21:43:53 | DEBUG | sivi:base_runner.py:477| eval_elbo | Epoch 8990, ELBO: 1.6205, Std Total: 17.5183, Std Q: nan, CI Half: 1.5355
2026-03-28 21:43:53 | DEBUG | sivi:base_runner.py:507| eval_ksd | Epoch 8990, VI KSD: -0.0011
2026-03-28 21:43:53 | DEBUG | sivi:base_runner.py:874| learn | Epoch 9000: Avg Loss: 0.0434, Avg Epoch Time: 0.0620s
2026-03-28 21:43:53 | DEBUG | sivi:base_reverse_runner.py:183| _training_rev_log_func | Epoch 9000, Inner epoch 1, Reverse Model Loss: 3.1157, Avg Steps: 1.0000
2026-03-28 21:43:53 | DEBUG | sivi:base_runner.py:588| save_samples | Saved 100000 samples at epoch 9000.
2026-03-28 21:43:53 | DEBUG | sivi:base_runner.py:607| save_checkpoint | Saved VIModel checkpoints at epoch 9000 to results/AISIVI/banana/20260328_213406/checkpoints/epoch_9000.
2026-03-28 21:43:53 | DEBUG | sivi:base_reverse_runner.py:476| save_checkpoint | Saved reverse checkpoints at epoch 9000 to results/AISIVI/banana/20260328_213406/checkpoints/epoch_9000.
2026-03-28 21:43:53 | DEBUG | sivi:base_runner.py:337| eval_kl_ite | Epoch 9000, VI KL to baseline: 0.0056
2026-03-28 21:43:53 | DEBUG | sivi:base_reverse_runner.py:261| eval_kl_ite | Epoch 9000, Reverse Model KL ITE: 0.0343
2026-03-28 21:43:53 | DEBUG | sivi:base_runner.py:347| eval_w2 | Epoch 9000, VI W2 to baseline: 0.2816
2026-03-28 21:43:53 | DEBUG | sivi:base_reverse_runner.py:272| eval_w2 | Epoch 9000, Reverse Model W2: 0.0422
2026-03-28 21:43:53 | DEBUG | sivi:base_runner.py:477| eval_elbo | Epoch 9000, ELBO: 0.2778, Std Total: 3.0278, Std Q: nan, CI Half: 0.2654
2026-03-28 21:43:53 | DEBUG | sivi:base_runner.py:507| eval_ksd | Epoch 9000, VI KSD: 0.0028
2026-03-28 21:43:53 | DEBUG | sivi:base_runner.py:970| learn | Saved contour plot at epoch 9000.
2026-03-28 21:43:54 | DEBUG | sivi:base_runner.py:337| eval_kl_ite | Epoch 9010, VI KL to baseline: 0.0104
2026-03-28 21:43:54 | DEBUG | sivi:base_reverse_runner.py:261| eval_kl_ite | Epoch 9010, Reverse Model KL ITE: 0.0123
2026-03-28 21:43:54 | DEBUG | sivi:base_runner.py:347| eval_w2 | Epoch 9010, VI W2 to baseline: 0.2900
2026-03-28 21:43:54 | DEBUG | sivi:base_reverse_runner.py:272| eval_w2 | Epoch 9010, Reverse Model W2: 0.0571
2026-03-28 21:43:54 | DEBUG | sivi:base_runner.py:477| eval_elbo | Epoch 9010, ELBO: 0.4752, Std Total: 6.1419, Std Q: nan, CI Half: 0.5384
2026-03-28 21:43:54 | DEBUG | sivi:base_runner.py:507| eval_ksd | Epoch 9010, VI KSD: 0.0065
2026-03-28 21:43:55 | DEBUG | sivi:base_runner.py:337| eval_kl_ite | Epoch 9020, VI KL to baseline: 0.0130
2026-03-28 21:43:55 | DEBUG | sivi:base_reverse_runner.py:261| eval_kl_ite | Epoch 9020, Reverse Model KL ITE: 0.0078
2026-03-28 21:43:55 | DEBUG | sivi:base_runner.py:347| eval_w2 | Epoch 9020, VI W2 to baseline: 0.3300
2026-03-28 21:43:55 | DEBUG | sivi:base_reverse_runner.py:272| eval_w2 | Epoch 9020, Reverse Model W2: 0.0489
2026-03-28 21:43:55 | DEBUG | sivi:base_runner.py:477| eval_elbo | Epoch 9020, ELBO: 0.3391, Std Total: 4.0040, Std Q: nan, CI Half: 0.3510
2026-03-28 21:43:55 | DEBUG | sivi:base_runner.py:507| eval_ksd | Epoch 9020, VI KSD: 0.0027
2026-03-28 21:43:55 | DEBUG | sivi:base_runner.py:337| eval_kl_ite | Epoch 9030, VI KL to baseline: 0.0345
2026-03-28 21:43:55 | DEBUG | sivi:base_reverse_runner.py:261| eval_kl_ite | Epoch 9030, Reverse Model KL ITE: 0.0255
2026-03-28 21:43:55 | DEBUG | sivi:base_runner.py:347| eval_w2 | Epoch 9030, VI W2 to baseline: 0.3077
2026-03-28 21:43:55 | DEBUG | sivi:base_reverse_runner.py:272| eval_w2 | Epoch 9030, Reverse Model W2: 0.0525
2026-03-28 21:43:55 | DEBUG | sivi:base_runner.py:477| eval_elbo | Epoch 9030, ELBO: 0.5168, Std Total: 6.6733, Std Q: nan, CI Half: 0.5849
2026-03-28 21:43:55 | DEBUG | sivi:base_runner.py:507| eval_ksd | Epoch 9030, VI KSD: 0.0063
2026-03-28 21:43:56 | DEBUG | sivi:base_runner.py:337| eval_kl_ite | Epoch 9040, VI KL to baseline: 0.0136
2026-03-28 21:43:56 | DEBUG | sivi:base_reverse_runner.py:261| eval_kl_ite | Epoch 9040, Reverse Model KL ITE: 0.0100
2026-03-28 21:43:56 | DEBUG | sivi:base_runner.py:347| eval_w2 | Epoch 9040, VI W2 to baseline: 0.3311
2026-03-28 21:43:56 | DEBUG | sivi:base_reverse_runner.py:272| eval_w2 | Epoch 9040, Reverse Model W2: 0.0498
2026-03-28 21:43:56 | DEBUG | sivi:base_runner.py:477| eval_elbo | Epoch 9040, ELBO: 0.9463, Std Total: 15.3838, Std Q: nan, CI Half: 1.3484
2026-03-28 21:43:56 | DEBUG | sivi:base_runner.py:507| eval_ksd | Epoch 9040, VI KSD: -0.0038
2026-03-28 21:43:57 | DEBUG | sivi:base_runner.py:337| eval_kl_ite | Epoch 9050, VI KL to baseline: 0.0253
2026-03-28 21:43:57 | DEBUG | sivi:base_reverse_runner.py:261| eval_kl_ite | Epoch 9050, Reverse Model KL ITE: 0.0319
2026-03-28 21:43:57 | DEBUG | sivi:base_runner.py:347| eval_w2 | Epoch 9050, VI W2 to baseline: 0.3096
2026-03-28 21:43:57 | DEBUG | sivi:base_reverse_runner.py:272| eval_w2 | Epoch 9050, Reverse Model W2: 0.0565
2026-03-28 21:43:57 | DEBUG | sivi:base_runner.py:477| eval_elbo | Epoch 9050, ELBO: 0.7706, Std Total: 11.4573, Std Q: nan, CI Half: 1.0043
2026-03-28 21:43:57 | DEBUG | sivi:base_runner.py:507| eval_ksd | Epoch 9050, VI KSD: 0.0003
2026-03-28 21:43:57 | DEBUG | sivi:base_runner.py:337| eval_kl_ite | Epoch 9060, VI KL to baseline: -0.0018
2026-03-28 21:43:57 | DEBUG | sivi:base_reverse_runner.py:261| eval_kl_ite | Epoch 9060, Reverse Model KL ITE: 0.0097
2026-03-28 21:43:57 | DEBUG | sivi:base_runner.py:347| eval_w2 | Epoch 9060, VI W2 to baseline: 0.3120
2026-03-28 21:43:57 | DEBUG | sivi:base_reverse_runner.py:272| eval_w2 | Epoch 9060, Reverse Model W2: 0.0433
2026-03-28 21:43:57 | DEBUG | sivi:base_runner.py:477| eval_elbo | Epoch 9060, ELBO: 0.3260, Std Total: 4.5716, Std Q: nan, CI Half: 0.4007
2026-03-28 21:43:57 | DEBUG | sivi:base_runner.py:507| eval_ksd | Epoch 9060, VI KSD: -0.0096
2026-03-28 21:43:58 | DEBUG | sivi:base_runner.py:337| eval_kl_ite | Epoch 9070, VI KL to baseline: 0.0071
2026-03-28 21:43:58 | DEBUG | sivi:base_reverse_runner.py:261| eval_kl_ite | Epoch 9070, Reverse Model KL ITE: 0.0189
2026-03-28 21:43:58 | DEBUG | sivi:base_runner.py:347| eval_w2 | Epoch 9070, VI W2 to baseline: 0.3044
2026-03-28 21:43:58 | DEBUG | sivi:base_reverse_runner.py:272| eval_w2 | Epoch 9070, Reverse Model W2: 0.0464
2026-03-28 21:43:58 | DEBUG | sivi:base_runner.py:477| eval_elbo | Epoch 9070, ELBO: 2.1587, Std Total: 37.8690, Std Q: nan, CI Half: 3.3194
2026-03-28 21:43:58 | DEBUG | sivi:base_runner.py:507| eval_ksd | Epoch 9070, VI KSD: 0.0045
2026-03-28 21:43:59 | DEBUG | sivi:base_runner.py:337| eval_kl_ite | Epoch 9080, VI KL to baseline: 0.0254
2026-03-28 21:43:59 | DEBUG | sivi:base_reverse_runner.py:261| eval_kl_ite | Epoch 9080, Reverse Model KL ITE: 0.0114
2026-03-28 21:43:59 | DEBUG | sivi:base_runner.py:347| eval_w2 | Epoch 9080, VI W2 to baseline: 0.2983
2026-03-28 21:43:59 | DEBUG | sivi:base_reverse_runner.py:272| eval_w2 | Epoch 9080, Reverse Model W2: 0.0520
2026-03-28 21:43:59 | DEBUG | sivi:base_runner.py:477| eval_elbo | Epoch 9080, ELBO: 2.3940, Std Total: 33.0284, Std Q: nan, CI Half: 2.8951
2026-03-28 21:43:59 | DEBUG | sivi:base_runner.py:507| eval_ksd | Epoch 9080, VI KSD: -0.0013
2026-03-28 21:43:59 | DEBUG | sivi:base_runner.py:337| eval_kl_ite | Epoch 9090, VI KL to baseline: 0.0127
2026-03-28 21:43:59 | DEBUG | sivi:base_reverse_runner.py:261| eval_kl_ite | Epoch 9090, Reverse Model KL ITE: 0.0123
2026-03-28 21:43:59 | DEBUG | sivi:base_runner.py:347| eval_w2 | Epoch 9090, VI W2 to baseline: 0.2710
2026-03-28 21:43:59 | DEBUG | sivi:base_reverse_runner.py:272| eval_w2 | Epoch 9090, Reverse Model W2: 0.0488
2026-03-28 21:43:59 | DEBUG | sivi:base_runner.py:477| eval_elbo | Epoch 9090, ELBO: 0.4895, Std Total: 4.8346, Std Q: nan, CI Half: 0.4238
2026-03-28 21:43:59 | DEBUG | sivi:base_runner.py:507| eval_ksd | Epoch 9090, VI KSD: -0.0068
2026-03-28 21:44:00 | DEBUG | sivi:base_runner.py:874| learn | Epoch 9100: Avg Loss: -0.0594, Avg Epoch Time: 0.0680s
2026-03-28 21:44:00 | DEBUG | sivi:base_runner.py:337| eval_kl_ite | Epoch 9100, VI KL to baseline: 0.0251
2026-03-28 21:44:00 | DEBUG | sivi:base_reverse_runner.py:261| eval_kl_ite | Epoch 9100, Reverse Model KL ITE: 0.0050
2026-03-28 21:44:00 | DEBUG | sivi:base_runner.py:347| eval_w2 | Epoch 9100, VI W2 to baseline: 0.3008
2026-03-28 21:44:00 | DEBUG | sivi:base_reverse_runner.py:272| eval_w2 | Epoch 9100, Reverse Model W2: 0.0541
2026-03-28 21:44:00 | DEBUG | sivi:base_runner.py:477| eval_elbo | Epoch 9100, ELBO: 1.2531, Std Total: 22.0563, Std Q: nan, CI Half: 1.9333
2026-03-28 21:44:00 | DEBUG | sivi:base_runner.py:507| eval_ksd | Epoch 9100, VI KSD: 0.0025
2026-03-28 21:44:01 | DEBUG | sivi:base_runner.py:337| eval_kl_ite | Epoch 9110, VI KL to baseline: 0.0188
2026-03-28 21:44:01 | DEBUG | sivi:base_reverse_runner.py:261| eval_kl_ite | Epoch 9110, Reverse Model KL ITE: 0.0037
2026-03-28 21:44:01 | DEBUG | sivi:base_runner.py:347| eval_w2 | Epoch 9110, VI W2 to baseline: 0.3228
2026-03-28 21:44:01 | DEBUG | sivi:base_reverse_runner.py:272| eval_w2 | Epoch 9110, Reverse Model W2: 0.0473
2026-03-28 21:44:01 | DEBUG | sivi:base_runner.py:477| eval_elbo | Epoch 9110, ELBO: 4.4028, Std Total: 37.2136, Std Q: nan, CI Half: 3.2619
2026-03-28 21:44:01 | DEBUG | sivi:base_runner.py:507| eval_ksd | Epoch 9110, VI KSD: 0.0026
2026-03-28 21:44:01 | DEBUG | sivi:base_runner.py:337| eval_kl_ite | Epoch 9120, VI KL to baseline: -0.0002
2026-03-28 21:44:01 | DEBUG | sivi:base_reverse_runner.py:261| eval_kl_ite | Epoch 9120, Reverse Model KL ITE: 0.0407
2026-03-28 21:44:01 | DEBUG | sivi:base_runner.py:347| eval_w2 | Epoch 9120, VI W2 to baseline: 0.2961
2026-03-28 21:44:01 | DEBUG | sivi:base_reverse_runner.py:272| eval_w2 | Epoch 9120, Reverse Model W2: 0.0474
2026-03-28 21:44:01 | DEBUG | sivi:base_runner.py:477| eval_elbo | Epoch 9120, ELBO: 0.7364, Std Total: 6.6545, Std Q: nan, CI Half: 0.5833
2026-03-28 21:44:01 | DEBUG | sivi:base_runner.py:507| eval_ksd | Epoch 9120, VI KSD: -0.0008
2026-03-28 21:44:02 | DEBUG | sivi:base_runner.py:337| eval_kl_ite | Epoch 9130, VI KL to baseline: 0.0173
2026-03-28 21:44:02 | DEBUG | sivi:base_reverse_runner.py:261| eval_kl_ite | Epoch 9130, Reverse Model KL ITE: 0.0277
2026-03-28 21:44:02 | DEBUG | sivi:base_runner.py:347| eval_w2 | Epoch 9130, VI W2 to baseline: 0.2898
2026-03-28 21:44:02 | DEBUG | sivi:base_reverse_runner.py:272| eval_w2 | Epoch 9130, Reverse Model W2: 0.0492
2026-03-28 21:44:02 | DEBUG | sivi:base_runner.py:477| eval_elbo | Epoch 9130, ELBO: 0.6548, Std Total: 8.4362, Std Q: nan, CI Half: 0.7395
2026-03-28 21:44:02 | DEBUG | sivi:base_runner.py:507| eval_ksd | Epoch 9130, VI KSD: 0.0037
2026-03-28 21:44:03 | DEBUG | sivi:base_runner.py:337| eval_kl_ite | Epoch 9140, VI KL to baseline: 0.0087
2026-03-28 21:44:03 | DEBUG | sivi:base_reverse_runner.py:261| eval_kl_ite | Epoch 9140, Reverse Model KL ITE: 0.0260
2026-03-28 21:44:03 | DEBUG | sivi:base_runner.py:347| eval_w2 | Epoch 9140, VI W2 to baseline: 0.3143
2026-03-28 21:44:03 | DEBUG | sivi:base_reverse_runner.py:272| eval_w2 | Epoch 9140, Reverse Model W2: 0.0614
2026-03-28 21:44:03 | DEBUG | sivi:base_runner.py:477| eval_elbo | Epoch 9140, ELBO: 0.2084, Std Total: 2.3713, Std Q: nan, CI Half: 0.2079
2026-03-28 21:44:03 | DEBUG | sivi:base_runner.py:507| eval_ksd | Epoch 9140, VI KSD: 0.0099
2026-03-28 21:44:03 | DEBUG | sivi:base_runner.py:337| eval_kl_ite | Epoch 9150, VI KL to baseline: 0.0306
2026-03-28 21:44:03 | DEBUG | sivi:base_reverse_runner.py:261| eval_kl_ite | Epoch 9150, Reverse Model KL ITE: 0.0074
2026-03-28 21:44:03 | DEBUG | sivi:base_runner.py:347| eval_w2 | Epoch 9150, VI W2 to baseline: 0.3124
2026-03-28 21:44:03 | DEBUG | sivi:base_reverse_runner.py:272| eval_w2 | Epoch 9150, Reverse Model W2: 0.0429
2026-03-28 21:44:03 | DEBUG | sivi:base_runner.py:477| eval_elbo | Epoch 9150, ELBO: 3.2774, Std Total: 45.0787, Std Q: nan, CI Half: 3.9513
2026-03-28 21:44:03 | DEBUG | sivi:base_runner.py:507| eval_ksd | Epoch 9150, VI KSD: -0.0038
2026-03-28 21:44:04 | DEBUG | sivi:base_runner.py:337| eval_kl_ite | Epoch 9160, VI KL to baseline: -0.0106
2026-03-28 21:44:04 | DEBUG | sivi:base_reverse_runner.py:261| eval_kl_ite | Epoch 9160, Reverse Model KL ITE: 0.0092
2026-03-28 21:44:04 | DEBUG | sivi:base_runner.py:347| eval_w2 | Epoch 9160, VI W2 to baseline: 0.2855
2026-03-28 21:44:04 | DEBUG | sivi:base_reverse_runner.py:272| eval_w2 | Epoch 9160, Reverse Model W2: 0.0484
2026-03-28 21:44:04 | DEBUG | sivi:base_runner.py:477| eval_elbo | Epoch 9160, ELBO: 0.3651, Std Total: 3.7651, Std Q: nan, CI Half: 0.3300
2026-03-28 21:44:04 | DEBUG | sivi:base_runner.py:507| eval_ksd | Epoch 9160, VI KSD: -0.0070
2026-03-28 21:44:04 | DEBUG | sivi:base_runner.py:337| eval_kl_ite | Epoch 9170, VI KL to baseline: 0.0017
2026-03-28 21:44:05 | DEBUG | sivi:base_reverse_runner.py:261| eval_kl_ite | Epoch 9170, Reverse Model KL ITE: 0.0260
2026-03-28 21:44:05 | DEBUG | sivi:base_runner.py:347| eval_w2 | Epoch 9170, VI W2 to baseline: 0.3177
2026-03-28 21:44:05 | DEBUG | sivi:base_reverse_runner.py:272| eval_w2 | Epoch 9170, Reverse Model W2: 0.0514
2026-03-28 21:44:05 | DEBUG | sivi:base_runner.py:477| eval_elbo | Epoch 9170, ELBO: 2.0580, Std Total: 24.1740, Std Q: nan, CI Half: 2.1189
2026-03-28 21:44:05 | DEBUG | sivi:base_runner.py:507| eval_ksd | Epoch 9170, VI KSD: 0.0008
2026-03-28 21:44:05 | DEBUG | sivi:base_runner.py:337| eval_kl_ite | Epoch 9180, VI KL to baseline: 0.0166
2026-03-28 21:44:05 | DEBUG | sivi:base_reverse_runner.py:261| eval_kl_ite | Epoch 9180, Reverse Model KL ITE: 0.0027
2026-03-28 21:44:05 | DEBUG | sivi:base_runner.py:347| eval_w2 | Epoch 9180, VI W2 to baseline: 0.3091
2026-03-28 21:44:05 | DEBUG | sivi:base_reverse_runner.py:272| eval_w2 | Epoch 9180, Reverse Model W2: 0.0654
2026-03-28 21:44:05 | DEBUG | sivi:base_runner.py:477| eval_elbo | Epoch 9180, ELBO: 1.6629, Std Total: 13.0397, Std Q: nan, CI Half: 1.1430
2026-03-28 21:44:05 | DEBUG | sivi:base_runner.py:507| eval_ksd | Epoch 9180, VI KSD: -0.0007
2026-03-28 21:44:06 | DEBUG | sivi:base_runner.py:337| eval_kl_ite | Epoch 9190, VI KL to baseline: 0.0004
2026-03-28 21:44:06 | DEBUG | sivi:base_reverse_runner.py:261| eval_kl_ite | Epoch 9190, Reverse Model KL ITE: 0.0240
2026-03-28 21:44:06 | DEBUG | sivi:base_runner.py:347| eval_w2 | Epoch 9190, VI W2 to baseline: 0.3071
2026-03-28 21:44:06 | DEBUG | sivi:base_reverse_runner.py:272| eval_w2 | Epoch 9190, Reverse Model W2: 0.0588
2026-03-28 21:44:06 | DEBUG | sivi:base_runner.py:477| eval_elbo | Epoch 9190, ELBO: 0.2669, Std Total: 2.9728, Std Q: nan, CI Half: 0.2606
2026-03-28 21:44:06 | DEBUG | sivi:base_runner.py:507| eval_ksd | Epoch 9190, VI KSD: 0.0039
2026-03-28 21:44:06 | DEBUG | sivi:base_runner.py:874| learn | Epoch 9200: Avg Loss: 0.0101, Avg Epoch Time: 0.0642s
2026-03-28 21:44:06 | DEBUG | sivi:base_runner.py:337| eval_kl_ite | Epoch 9200, VI KL to baseline: 0.0129
2026-03-28 21:44:06 | DEBUG | sivi:base_reverse_runner.py:261| eval_kl_ite | Epoch 9200, Reverse Model KL ITE: 0.0079
2026-03-28 21:44:06 | DEBUG | sivi:base_runner.py:347| eval_w2 | Epoch 9200, VI W2 to baseline: 0.2923
2026-03-28 21:44:06 | DEBUG | sivi:base_reverse_runner.py:272| eval_w2 | Epoch 9200, Reverse Model W2: 0.0565
2026-03-28 21:44:06 | DEBUG | sivi:base_runner.py:477| eval_elbo | Epoch 9200, ELBO: 0.8888, Std Total: 15.0404, Std Q: nan, CI Half: 1.3183
2026-03-28 21:44:06 | DEBUG | sivi:base_runner.py:507| eval_ksd | Epoch 9200, VI KSD: -0.0032
2026-03-28 21:44:07 | DEBUG | sivi:base_runner.py:337| eval_kl_ite | Epoch 9210, VI KL to baseline: 0.0242
2026-03-28 21:44:07 | DEBUG | sivi:base_reverse_runner.py:261| eval_kl_ite | Epoch 9210, Reverse Model KL ITE: 0.0401
2026-03-28 21:44:07 | DEBUG | sivi:base_runner.py:347| eval_w2 | Epoch 9210, VI W2 to baseline: 0.2901
2026-03-28 21:44:07 | DEBUG | sivi:base_reverse_runner.py:272| eval_w2 | Epoch 9210, Reverse Model W2: 0.0442
2026-03-28 21:44:07 | DEBUG | sivi:base_runner.py:477| eval_elbo | Epoch 9210, ELBO: 1.0464, Std Total: 14.7123, Std Q: nan, CI Half: 1.2896
2026-03-28 21:44:07 | DEBUG | sivi:base_runner.py:507| eval_ksd | Epoch 9210, VI KSD: -0.0016
2026-03-28 21:44:08 | DEBUG | sivi:base_runner.py:337| eval_kl_ite | Epoch 9220, VI KL to baseline: 0.0270
2026-03-28 21:44:08 | DEBUG | sivi:base_reverse_runner.py:261| eval_kl_ite | Epoch 9220, Reverse Model KL ITE: 0.0242
2026-03-28 21:44:08 | DEBUG | sivi:base_runner.py:347| eval_w2 | Epoch 9220, VI W2 to baseline: 0.3178
2026-03-28 21:44:08 | DEBUG | sivi:base_reverse_runner.py:272| eval_w2 | Epoch 9220, Reverse Model W2: 0.0477
2026-03-28 21:44:08 | DEBUG | sivi:base_runner.py:477| eval_elbo | Epoch 9220, ELBO: 1.2839, Std Total: 9.8265, Std Q: nan, CI Half: 0.8613
2026-03-28 21:44:08 | DEBUG | sivi:base_runner.py:507| eval_ksd | Epoch 9220, VI KSD: 0.0048
2026-03-28 21:44:08 | DEBUG | sivi:base_runner.py:337| eval_kl_ite | Epoch 9230, VI KL to baseline: 0.0053
2026-03-28 21:44:08 | DEBUG | sivi:base_reverse_runner.py:261| eval_kl_ite | Epoch 9230, Reverse Model KL ITE: 0.0263
2026-03-28 21:44:08 | DEBUG | sivi:base_runner.py:347| eval_w2 | Epoch 9230, VI W2 to baseline: 0.3092
2026-03-28 21:44:09 | DEBUG | sivi:base_reverse_runner.py:272| eval_w2 | Epoch 9230, Reverse Model W2: 0.0441
2026-03-28 21:44:09 | DEBUG | sivi:base_runner.py:477| eval_elbo | Epoch 9230, ELBO: 0.7012, Std Total: 6.4194, Std Q: nan, CI Half: 0.5627
2026-03-28 21:44:09 | DEBUG | sivi:base_runner.py:507| eval_ksd | Epoch 9230, VI KSD: 0.0037
2026-03-28 21:44:09 | DEBUG | sivi:base_runner.py:337| eval_kl_ite | Epoch 9240, VI KL to baseline: 0.0077
2026-03-28 21:44:09 | DEBUG | sivi:base_reverse_runner.py:261| eval_kl_ite | Epoch 9240, Reverse Model KL ITE: 0.0204
2026-03-28 21:44:09 | DEBUG | sivi:base_runner.py:347| eval_w2 | Epoch 9240, VI W2 to baseline: 0.3075
2026-03-28 21:44:09 | DEBUG | sivi:base_reverse_runner.py:272| eval_w2 | Epoch 9240, Reverse Model W2: 0.0600
2026-03-28 21:44:09 | DEBUG | sivi:base_runner.py:477| eval_elbo | Epoch 9240, ELBO: 1.5133, Std Total: 20.1759, Std Q: nan, CI Half: 1.7685
2026-03-28 21:44:09 | DEBUG | sivi:base_runner.py:507| eval_ksd | Epoch 9240, VI KSD: 0.0051
2026-03-28 21:44:10 | DEBUG | sivi:base_runner.py:337| eval_kl_ite | Epoch 9250, VI KL to baseline: 0.0070
2026-03-28 21:44:10 | DEBUG | sivi:base_reverse_runner.py:261| eval_kl_ite | Epoch 9250, Reverse Model KL ITE: 0.0181
2026-03-28 21:44:10 | DEBUG | sivi:base_runner.py:347| eval_w2 | Epoch 9250, VI W2 to baseline: 0.2857
2026-03-28 21:44:10 | DEBUG | sivi:base_reverse_runner.py:272| eval_w2 | Epoch 9250, Reverse Model W2: 0.0573
2026-03-28 21:44:10 | DEBUG | sivi:base_runner.py:477| eval_elbo | Epoch 9250, ELBO: 1.1983, Std Total: 10.2974, Std Q: nan, CI Half: 0.9026
2026-03-28 21:44:10 | DEBUG | sivi:base_runner.py:507| eval_ksd | Epoch 9250, VI KSD: 0.0050
2026-03-28 21:44:10 | DEBUG | sivi:base_runner.py:337| eval_kl_ite | Epoch 9260, VI KL to baseline: 0.0245
2026-03-28 21:44:10 | DEBUG | sivi:base_reverse_runner.py:261| eval_kl_ite | Epoch 9260, Reverse Model KL ITE: 0.0125
2026-03-28 21:44:10 | DEBUG | sivi:base_runner.py:347| eval_w2 | Epoch 9260, VI W2 to baseline: 0.3057
2026-03-28 21:44:10 | DEBUG | sivi:base_reverse_runner.py:272| eval_w2 | Epoch 9260, Reverse Model W2: 0.0597
2026-03-28 21:44:10 | DEBUG | sivi:base_runner.py:477| eval_elbo | Epoch 9260, ELBO: 1.2703, Std Total: 19.0445, Std Q: nan, CI Half: 1.6693
2026-03-28 21:44:10 | DEBUG | sivi:base_runner.py:507| eval_ksd | Epoch 9260, VI KSD: 0.0120
2026-03-28 21:44:11 | DEBUG | sivi:base_runner.py:337| eval_kl_ite | Epoch 9270, VI KL to baseline: 0.0180
2026-03-28 21:44:11 | DEBUG | sivi:base_reverse_runner.py:261| eval_kl_ite | Epoch 9270, Reverse Model KL ITE: 0.0008
2026-03-28 21:44:11 | DEBUG | sivi:base_runner.py:347| eval_w2 | Epoch 9270, VI W2 to baseline: 0.2718
2026-03-28 21:44:11 | DEBUG | sivi:base_reverse_runner.py:272| eval_w2 | Epoch 9270, Reverse Model W2: 0.0468
2026-03-28 21:44:11 | DEBUG | sivi:base_runner.py:477| eval_elbo | Epoch 9270, ELBO: 0.3946, Std Total: 4.2675, Std Q: nan, CI Half: 0.3741
2026-03-28 21:44:11 | DEBUG | sivi:base_runner.py:507| eval_ksd | Epoch 9270, VI KSD: 0.0043
2026-03-28 21:44:11 | DEBUG | sivi:base_runner.py:337| eval_kl_ite | Epoch 9280, VI KL to baseline: 0.0128
2026-03-28 21:44:11 | DEBUG | sivi:base_reverse_runner.py:261| eval_kl_ite | Epoch 9280, Reverse Model KL ITE: 0.0167
2026-03-28 21:44:11 | DEBUG | sivi:base_runner.py:347| eval_w2 | Epoch 9280, VI W2 to baseline: 0.2932
2026-03-28 21:44:11 | DEBUG | sivi:base_reverse_runner.py:272| eval_w2 | Epoch 9280, Reverse Model W2: 0.0506
2026-03-28 21:44:11 | DEBUG | sivi:base_runner.py:477| eval_elbo | Epoch 9280, ELBO: 1.6385, Std Total: 16.2401, Std Q: nan, CI Half: 1.4235
2026-03-28 21:44:11 | DEBUG | sivi:base_runner.py:507| eval_ksd | Epoch 9280, VI KSD: -0.0006
2026-03-28 21:44:12 | DEBUG | sivi:base_runner.py:337| eval_kl_ite | Epoch 9290, VI KL to baseline: 0.0144
2026-03-28 21:44:12 | DEBUG | sivi:base_reverse_runner.py:261| eval_kl_ite | Epoch 9290, Reverse Model KL ITE: 0.0063
2026-03-28 21:44:12 | DEBUG | sivi:base_runner.py:347| eval_w2 | Epoch 9290, VI W2 to baseline: 0.2813
2026-03-28 21:44:12 | DEBUG | sivi:base_reverse_runner.py:272| eval_w2 | Epoch 9290, Reverse Model W2: 0.0546
2026-03-28 21:44:12 | DEBUG | sivi:base_runner.py:477| eval_elbo | Epoch 9290, ELBO: 0.4973, Std Total: 5.6263, Std Q: nan, CI Half: 0.4932
2026-03-28 21:44:12 | DEBUG | sivi:base_runner.py:507| eval_ksd | Epoch 9290, VI KSD: -0.0035
2026-03-28 21:44:12 | DEBUG | sivi:base_runner.py:874| learn | Epoch 9300: Avg Loss: -0.1331, Avg Epoch Time: 0.0603s
2026-03-28 21:44:12 | DEBUG | sivi:base_runner.py:337| eval_kl_ite | Epoch 9300, VI KL to baseline: 0.0087
2026-03-28 21:44:12 | DEBUG | sivi:base_reverse_runner.py:261| eval_kl_ite | Epoch 9300, Reverse Model KL ITE: 0.0104
2026-03-28 21:44:12 | DEBUG | sivi:base_runner.py:347| eval_w2 | Epoch 9300, VI W2 to baseline: 0.2922
2026-03-28 21:44:13 | DEBUG | sivi:base_reverse_runner.py:272| eval_w2 | Epoch 9300, Reverse Model W2: 0.0499
2026-03-28 21:44:13 | DEBUG | sivi:base_runner.py:477| eval_elbo | Epoch 9300, ELBO: 1.4288, Std Total: 17.8324, Std Q: nan, CI Half: 1.5631
2026-03-28 21:44:13 | DEBUG | sivi:base_runner.py:507| eval_ksd | Epoch 9300, VI KSD: 0.0027
2026-03-28 21:44:13 | DEBUG | sivi:base_runner.py:337| eval_kl_ite | Epoch 9310, VI KL to baseline: 0.0041
2026-03-28 21:44:13 | DEBUG | sivi:base_reverse_runner.py:261| eval_kl_ite | Epoch 9310, Reverse Model KL ITE: 0.0117
2026-03-28 21:44:13 | DEBUG | sivi:base_runner.py:347| eval_w2 | Epoch 9310, VI W2 to baseline: 0.2882
2026-03-28 21:44:13 | DEBUG | sivi:base_reverse_runner.py:272| eval_w2 | Epoch 9310, Reverse Model W2: 0.0436
2026-03-28 21:44:13 | DEBUG | sivi:base_runner.py:477| eval_elbo | Epoch 9310, ELBO: 1.4445, Std Total: 17.4676, Std Q: nan, CI Half: 1.5311
2026-03-28 21:44:13 | DEBUG | sivi:base_runner.py:507| eval_ksd | Epoch 9310, VI KSD: 0.0019
2026-03-28 21:44:13 | DEBUG | sivi:base_runner.py:337| eval_kl_ite | Epoch 9320, VI KL to baseline: 0.0160
2026-03-28 21:44:14 | DEBUG | sivi:base_reverse_runner.py:261| eval_kl_ite | Epoch 9320, Reverse Model KL ITE: 0.0193
2026-03-28 21:44:14 | DEBUG | sivi:base_runner.py:347| eval_w2 | Epoch 9320, VI W2 to baseline: 0.3527
2026-03-28 21:44:14 | DEBUG | sivi:base_reverse_runner.py:272| eval_w2 | Epoch 9320, Reverse Model W2: 0.0454
2026-03-28 21:44:14 | DEBUG | sivi:base_runner.py:477| eval_elbo | Epoch 9320, ELBO: 0.4765, Std Total: 5.6842, Std Q: nan, CI Half: 0.4982
2026-03-28 21:44:14 | DEBUG | sivi:base_runner.py:507| eval_ksd | Epoch 9320, VI KSD: -0.0037
2026-03-28 21:44:14 | DEBUG | sivi:base_runner.py:337| eval_kl_ite | Epoch 9330, VI KL to baseline: 0.0099
2026-03-28 21:44:14 | DEBUG | sivi:base_reverse_runner.py:261| eval_kl_ite | Epoch 9330, Reverse Model KL ITE: 0.0068
2026-03-28 21:44:14 | DEBUG | sivi:base_runner.py:347| eval_w2 | Epoch 9330, VI W2 to baseline: 0.2839
2026-03-28 21:44:14 | DEBUG | sivi:base_reverse_runner.py:272| eval_w2 | Epoch 9330, Reverse Model W2: 0.0502
2026-03-28 21:44:14 | DEBUG | sivi:base_runner.py:477| eval_elbo | Epoch 9330, ELBO: 0.9479, Std Total: 10.4802, Std Q: nan, CI Half: 0.9186
2026-03-28 21:44:14 | DEBUG | sivi:base_runner.py:507| eval_ksd | Epoch 9330, VI KSD: 0.0055
2026-03-28 21:44:14 | DEBUG | sivi:base_runner.py:337| eval_kl_ite | Epoch 9340, VI KL to baseline: 0.0088
2026-03-28 21:44:14 | DEBUG | sivi:base_reverse_runner.py:261| eval_kl_ite | Epoch 9340, Reverse Model KL ITE: 0.0146
2026-03-28 21:44:14 | DEBUG | sivi:base_runner.py:347| eval_w2 | Epoch 9340, VI W2 to baseline: 0.3124
2026-03-28 21:44:14 | DEBUG | sivi:base_reverse_runner.py:272| eval_w2 | Epoch 9340, Reverse Model W2: 0.0447
2026-03-28 21:44:14 | DEBUG | sivi:base_runner.py:477| eval_elbo | Epoch 9340, ELBO: 1.0530, Std Total: 12.1736, Std Q: nan, CI Half: 1.0671
2026-03-28 21:44:14 | DEBUG | sivi:base_runner.py:507| eval_ksd | Epoch 9340, VI KSD: -0.0050
2026-03-28 21:44:15 | DEBUG | sivi:base_runner.py:337| eval_kl_ite | Epoch 9350, VI KL to baseline: 0.0079
2026-03-28 21:44:15 | DEBUG | sivi:base_reverse_runner.py:261| eval_kl_ite | Epoch 9350, Reverse Model KL ITE: 0.0107
2026-03-28 21:44:15 | DEBUG | sivi:base_runner.py:347| eval_w2 | Epoch 9350, VI W2 to baseline: 0.3104
2026-03-28 21:44:15 | DEBUG | sivi:base_reverse_runner.py:272| eval_w2 | Epoch 9350, Reverse Model W2: 0.0413
2026-03-28 21:44:15 | DEBUG | sivi:base_runner.py:477| eval_elbo | Epoch 9350, ELBO: 0.7201, Std Total: 9.7858, Std Q: nan, CI Half: 0.8578
2026-03-28 21:44:15 | DEBUG | sivi:base_runner.py:507| eval_ksd | Epoch 9350, VI KSD: -0.0042
2026-03-28 21:44:16 | DEBUG | sivi:base_runner.py:337| eval_kl_ite | Epoch 9360, VI KL to baseline: 0.0062
2026-03-28 21:44:16 | DEBUG | sivi:base_reverse_runner.py:261| eval_kl_ite | Epoch 9360, Reverse Model KL ITE: 0.0297
2026-03-28 21:44:16 | DEBUG | sivi:base_runner.py:347| eval_w2 | Epoch 9360, VI W2 to baseline: 0.2944
2026-03-28 21:44:16 | DEBUG | sivi:base_reverse_runner.py:272| eval_w2 | Epoch 9360, Reverse Model W2: 0.0542
2026-03-28 21:44:16 | DEBUG | sivi:base_runner.py:477| eval_elbo | Epoch 9360, ELBO: 2.1736, Std Total: 27.4035, Std Q: nan, CI Half: 2.4020
2026-03-28 21:44:16 | DEBUG | sivi:base_runner.py:507| eval_ksd | Epoch 9360, VI KSD: 0.0035
2026-03-28 21:44:16 | DEBUG | sivi:base_runner.py:337| eval_kl_ite | Epoch 9370, VI KL to baseline: 0.0102
2026-03-28 21:44:17 | DEBUG | sivi:base_reverse_runner.py:261| eval_kl_ite | Epoch 9370, Reverse Model KL ITE: 0.0122
2026-03-28 21:44:17 | DEBUG | sivi:base_runner.py:347| eval_w2 | Epoch 9370, VI W2 to baseline: 0.3048
2026-03-28 21:44:17 | DEBUG | sivi:base_reverse_runner.py:272| eval_w2 | Epoch 9370, Reverse Model W2: 0.0684
2026-03-28 21:44:17 | DEBUG | sivi:base_runner.py:477| eval_elbo | Epoch 9370, ELBO: 1.1770, Std Total: 17.4315, Std Q: nan, CI Half: 1.5279
2026-03-28 21:44:17 | DEBUG | sivi:base_runner.py:507| eval_ksd | Epoch 9370, VI KSD: 0.0027
2026-03-28 21:44:17 | DEBUG | sivi:base_runner.py:337| eval_kl_ite | Epoch 9380, VI KL to baseline: 0.0216
2026-03-28 21:44:17 | DEBUG | sivi:base_reverse_runner.py:261| eval_kl_ite | Epoch 9380, Reverse Model KL ITE: -0.0034
2026-03-28 21:44:17 | DEBUG | sivi:base_runner.py:347| eval_w2 | Epoch 9380, VI W2 to baseline: 0.3126
2026-03-28 21:44:17 | DEBUG | sivi:base_reverse_runner.py:272| eval_w2 | Epoch 9380, Reverse Model W2: 0.0387
2026-03-28 21:44:17 | DEBUG | sivi:base_runner.py:477| eval_elbo | Epoch 9380, ELBO: 1.2682, Std Total: 16.9083, Std Q: nan, CI Half: 1.4821
2026-03-28 21:44:17 | DEBUG | sivi:base_runner.py:507| eval_ksd | Epoch 9380, VI KSD: 0.0156
2026-03-28 21:44:18 | DEBUG | sivi:base_runner.py:337| eval_kl_ite | Epoch 9390, VI KL to baseline: 0.0398
2026-03-28 21:44:18 | DEBUG | sivi:base_reverse_runner.py:261| eval_kl_ite | Epoch 9390, Reverse Model KL ITE: 0.0325
2026-03-28 21:44:18 | DEBUG | sivi:base_runner.py:347| eval_w2 | Epoch 9390, VI W2 to baseline: 0.2896
2026-03-28 21:44:18 | DEBUG | sivi:base_reverse_runner.py:272| eval_w2 | Epoch 9390, Reverse Model W2: 0.0438
2026-03-28 21:44:18 | DEBUG | sivi:base_runner.py:477| eval_elbo | Epoch 9390, ELBO: 0.1232, Std Total: 2.0342, Std Q: nan, CI Half: 0.1783
2026-03-28 21:44:18 | DEBUG | sivi:base_runner.py:507| eval_ksd | Epoch 9390, VI KSD: -0.0050
2026-03-28 21:44:18 | DEBUG | sivi:base_runner.py:874| learn | Epoch 9400: Avg Loss: 0.0788, Avg Epoch Time: 0.0610s
2026-03-28 21:44:19 | DEBUG | sivi:base_runner.py:337| eval_kl_ite | Epoch 9400, VI KL to baseline: 0.0293
2026-03-28 21:44:19 | DEBUG | sivi:base_reverse_runner.py:261| eval_kl_ite | Epoch 9400, Reverse Model KL ITE: 0.0098
2026-03-28 21:44:19 | DEBUG | sivi:base_runner.py:347| eval_w2 | Epoch 9400, VI W2 to baseline: 0.3060
2026-03-28 21:44:19 | DEBUG | sivi:base_reverse_runner.py:272| eval_w2 | Epoch 9400, Reverse Model W2: 0.0468
2026-03-28 21:44:19 | DEBUG | sivi:base_runner.py:477| eval_elbo | Epoch 9400, ELBO: 0.2083, Std Total: 2.0753, Std Q: nan, CI Half: 0.1819
2026-03-28 21:44:19 | DEBUG | sivi:base_runner.py:507| eval_ksd | Epoch 9400, VI KSD: -0.0052
2026-03-28 21:44:19 | DEBUG | sivi:base_runner.py:337| eval_kl_ite | Epoch 9410, VI KL to baseline: 0.0045
2026-03-28 21:44:19 | DEBUG | sivi:base_reverse_runner.py:261| eval_kl_ite | Epoch 9410, Reverse Model KL ITE: 0.0304
2026-03-28 21:44:19 | DEBUG | sivi:base_runner.py:347| eval_w2 | Epoch 9410, VI W2 to baseline: 0.2935
2026-03-28 21:44:19 | DEBUG | sivi:base_reverse_runner.py:272| eval_w2 | Epoch 9410, Reverse Model W2: 0.0469
2026-03-28 21:44:19 | DEBUG | sivi:base_runner.py:477| eval_elbo | Epoch 9410, ELBO: 0.8848, Std Total: 9.2539, Std Q: nan, CI Half: 0.8111
2026-03-28 21:44:19 | DEBUG | sivi:base_runner.py:507| eval_ksd | Epoch 9410, VI KSD: 0.0040
2026-03-28 21:44:20 | DEBUG | sivi:base_runner.py:337| eval_kl_ite | Epoch 9420, VI KL to baseline: 0.0065
2026-03-28 21:44:20 | DEBUG | sivi:base_reverse_runner.py:261| eval_kl_ite | Epoch 9420, Reverse Model KL ITE: 0.0299
2026-03-28 21:44:20 | DEBUG | sivi:base_runner.py:347| eval_w2 | Epoch 9420, VI W2 to baseline: 0.3084
2026-03-28 21:44:20 | DEBUG | sivi:base_reverse_runner.py:272| eval_w2 | Epoch 9420, Reverse Model W2: 0.0541
2026-03-28 21:44:20 | DEBUG | sivi:base_runner.py:477| eval_elbo | Epoch 9420, ELBO: 2.2468, Std Total: 27.0350, Std Q: nan, CI Half: 2.3697
2026-03-28 21:44:20 | DEBUG | sivi:base_runner.py:507| eval_ksd | Epoch 9420, VI KSD: 0.0098
2026-03-28 21:44:21 | DEBUG | sivi:base_runner.py:337| eval_kl_ite | Epoch 9430, VI KL to baseline: -0.0115
2026-03-28 21:44:21 | DEBUG | sivi:base_reverse_runner.py:261| eval_kl_ite | Epoch 9430, Reverse Model KL ITE: 0.0381
2026-03-28 21:44:21 | DEBUG | sivi:base_runner.py:347| eval_w2 | Epoch 9430, VI W2 to baseline: 0.2950
2026-03-28 21:44:21 | DEBUG | sivi:base_reverse_runner.py:272| eval_w2 | Epoch 9430, Reverse Model W2: 0.0438
2026-03-28 21:44:21 | DEBUG | sivi:base_runner.py:477| eval_elbo | Epoch 9430, ELBO: 1.0555, Std Total: 15.5833, Std Q: nan, CI Half: 1.3659
2026-03-28 21:44:21 | DEBUG | sivi:base_runner.py:507| eval_ksd | Epoch 9430, VI KSD: -0.0028
2026-03-28 21:44:21 | DEBUG | sivi:base_runner.py:337| eval_kl_ite | Epoch 9440, VI KL to baseline: 0.0103
2026-03-28 21:44:21 | DEBUG | sivi:base_reverse_runner.py:261| eval_kl_ite | Epoch 9440, Reverse Model KL ITE: 0.0032
2026-03-28 21:44:21 | DEBUG | sivi:base_runner.py:347| eval_w2 | Epoch 9440, VI W2 to baseline: 0.3059
2026-03-28 21:44:21 | DEBUG | sivi:base_reverse_runner.py:272| eval_w2 | Epoch 9440, Reverse Model W2: 0.0431
2026-03-28 21:44:21 | DEBUG | sivi:base_runner.py:477| eval_elbo | Epoch 9440, ELBO: 0.9343, Std Total: 16.1000, Std Q: nan, CI Half: 1.4112
2026-03-28 21:44:21 | DEBUG | sivi:base_runner.py:507| eval_ksd | Epoch 9440, VI KSD: 0.0022
2026-03-28 21:44:22 | DEBUG | sivi:base_runner.py:337| eval_kl_ite | Epoch 9450, VI KL to baseline: 0.0234
2026-03-28 21:44:22 | DEBUG | sivi:base_reverse_runner.py:261| eval_kl_ite | Epoch 9450, Reverse Model KL ITE: -0.0021
2026-03-28 21:44:22 | DEBUG | sivi:base_runner.py:347| eval_w2 | Epoch 9450, VI W2 to baseline: 0.3218
2026-03-28 21:44:22 | DEBUG | sivi:base_reverse_runner.py:272| eval_w2 | Epoch 9450, Reverse Model W2: 0.0510
2026-03-28 21:44:22 | DEBUG | sivi:base_runner.py:477| eval_elbo | Epoch 9450, ELBO: 0.6158, Std Total: 10.3413, Std Q: nan, CI Half: 0.9065
2026-03-28 21:44:22 | DEBUG | sivi:base_runner.py:507| eval_ksd | Epoch 9450, VI KSD: 0.0019
2026-03-28 21:44:23 | DEBUG | sivi:base_runner.py:337| eval_kl_ite | Epoch 9460, VI KL to baseline: 0.0158
2026-03-28 21:44:23 | DEBUG | sivi:base_reverse_runner.py:261| eval_kl_ite | Epoch 9460, Reverse Model KL ITE: 0.0055
2026-03-28 21:44:23 | DEBUG | sivi:base_runner.py:347| eval_w2 | Epoch 9460, VI W2 to baseline: 0.3176
2026-03-28 21:44:23 | DEBUG | sivi:base_reverse_runner.py:272| eval_w2 | Epoch 9460, Reverse Model W2: 0.0452
2026-03-28 21:44:23 | DEBUG | sivi:base_runner.py:477| eval_elbo | Epoch 9460, ELBO: 1.1546, Std Total: 14.0132, Std Q: nan, CI Half: 1.2283
2026-03-28 21:44:23 | DEBUG | sivi:base_runner.py:507| eval_ksd | Epoch 9460, VI KSD: -0.0038
2026-03-28 21:44:23 | DEBUG | sivi:base_runner.py:337| eval_kl_ite | Epoch 9470, VI KL to baseline: 0.0148
2026-03-28 21:44:23 | DEBUG | sivi:base_reverse_runner.py:261| eval_kl_ite | Epoch 9470, Reverse Model KL ITE: 0.0081
2026-03-28 21:44:23 | DEBUG | sivi:base_runner.py:347| eval_w2 | Epoch 9470, VI W2 to baseline: 0.3092
2026-03-28 21:44:23 | DEBUG | sivi:base_reverse_runner.py:272| eval_w2 | Epoch 9470, Reverse Model W2: 0.0568
2026-03-28 21:44:23 | DEBUG | sivi:base_runner.py:477| eval_elbo | Epoch 9470, ELBO: 1.4155, Std Total: 14.4965, Std Q: nan, CI Half: 1.2707
2026-03-28 21:44:23 | DEBUG | sivi:base_runner.py:507| eval_ksd | Epoch 9470, VI KSD: 0.0015
2026-03-28 21:44:24 | DEBUG | sivi:base_runner.py:337| eval_kl_ite | Epoch 9480, VI KL to baseline: 0.0157
2026-03-28 21:44:24 | DEBUG | sivi:base_reverse_runner.py:261| eval_kl_ite | Epoch 9480, Reverse Model KL ITE: 0.0506
2026-03-28 21:44:24 | DEBUG | sivi:base_runner.py:347| eval_w2 | Epoch 9480, VI W2 to baseline: 0.2797
2026-03-28 21:44:24 | DEBUG | sivi:base_reverse_runner.py:272| eval_w2 | Epoch 9480, Reverse Model W2: 0.0440
2026-03-28 21:44:24 | DEBUG | sivi:base_runner.py:477| eval_elbo | Epoch 9480, ELBO: 0.9209, Std Total: 7.9447, Std Q: nan, CI Half: 0.6964
2026-03-28 21:44:24 | DEBUG | sivi:base_runner.py:507| eval_ksd | Epoch 9480, VI KSD: 0.0138
2026-03-28 21:44:25 | DEBUG | sivi:base_runner.py:337| eval_kl_ite | Epoch 9490, VI KL to baseline: 0.0077
2026-03-28 21:44:25 | DEBUG | sivi:base_reverse_runner.py:261| eval_kl_ite | Epoch 9490, Reverse Model KL ITE: 0.0247
2026-03-28 21:44:25 | DEBUG | sivi:base_runner.py:347| eval_w2 | Epoch 9490, VI W2 to baseline: 0.3087
2026-03-28 21:44:25 | DEBUG | sivi:base_reverse_runner.py:272| eval_w2 | Epoch 9490, Reverse Model W2: 0.0484
2026-03-28 21:44:25 | DEBUG | sivi:base_runner.py:477| eval_elbo | Epoch 9490, ELBO: 0.9571, Std Total: 12.0501, Std Q: nan, CI Half: 1.0562
2026-03-28 21:44:25 | DEBUG | sivi:base_runner.py:507| eval_ksd | Epoch 9490, VI KSD: 0.0141
2026-03-28 21:44:25 | DEBUG | sivi:base_runner.py:874| learn | Epoch 9500: Avg Loss: -0.0156, Avg Epoch Time: 0.0669s
2026-03-28 21:44:25 | DEBUG | sivi:base_reverse_runner.py:183| _training_rev_log_func | Epoch 9500, Inner epoch 1, Reverse Model Loss: 3.0461, Avg Steps: 1.0000
2026-03-28 21:44:25 | DEBUG | sivi:base_runner.py:588| save_samples | Saved 100000 samples at epoch 9500.
2026-03-28 21:44:25 | DEBUG | sivi:base_runner.py:337| eval_kl_ite | Epoch 9500, VI KL to baseline: 0.0051
2026-03-28 21:44:25 | DEBUG | sivi:base_reverse_runner.py:261| eval_kl_ite | Epoch 9500, Reverse Model KL ITE: 0.0201
2026-03-28 21:44:25 | DEBUG | sivi:base_runner.py:347| eval_w2 | Epoch 9500, VI W2 to baseline: 0.2857
2026-03-28 21:44:25 | DEBUG | sivi:base_reverse_runner.py:272| eval_w2 | Epoch 9500, Reverse Model W2: 0.0542
2026-03-28 21:44:25 | DEBUG | sivi:base_runner.py:477| eval_elbo | Epoch 9500, ELBO: 0.6305, Std Total: 7.7522, Std Q: nan, CI Half: 0.6795
2026-03-28 21:44:25 | DEBUG | sivi:base_runner.py:507| eval_ksd | Epoch 9500, VI KSD: -0.0024
2026-03-28 21:44:25 | DEBUG | sivi:base_runner.py:970| learn | Saved contour plot at epoch 9500.
2026-03-28 21:44:26 | DEBUG | sivi:base_runner.py:337| eval_kl_ite | Epoch 9510, VI KL to baseline: 0.0040
2026-03-28 21:44:26 | DEBUG | sivi:base_reverse_runner.py:261| eval_kl_ite | Epoch 9510, Reverse Model KL ITE: 0.0175
2026-03-28 21:44:26 | DEBUG | sivi:base_runner.py:347| eval_w2 | Epoch 9510, VI W2 to baseline: 0.3014
2026-03-28 21:44:26 | DEBUG | sivi:base_reverse_runner.py:272| eval_w2 | Epoch 9510, Reverse Model W2: 0.0537
2026-03-28 21:44:26 | DEBUG | sivi:base_runner.py:477| eval_elbo | Epoch 9510, ELBO: 0.8559, Std Total: 11.0542, Std Q: nan, CI Half: 0.9689
2026-03-28 21:44:26 | DEBUG | sivi:base_runner.py:507| eval_ksd | Epoch 9510, VI KSD: -0.0006
2026-03-28 21:44:26 | DEBUG | sivi:base_runner.py:337| eval_kl_ite | Epoch 9520, VI KL to baseline: 0.0191
2026-03-28 21:44:26 | DEBUG | sivi:base_reverse_runner.py:261| eval_kl_ite | Epoch 9520, Reverse Model KL ITE: 0.0164
2026-03-28 21:44:26 | DEBUG | sivi:base_runner.py:347| eval_w2 | Epoch 9520, VI W2 to baseline: 0.2981
2026-03-28 21:44:26 | DEBUG | sivi:base_reverse_runner.py:272| eval_w2 | Epoch 9520, Reverse Model W2: 0.0507
2026-03-28 21:44:26 | DEBUG | sivi:base_runner.py:477| eval_elbo | Epoch 9520, ELBO: 0.3813, Std Total: 2.9272, Std Q: nan, CI Half: 0.2566
2026-03-28 21:44:26 | DEBUG | sivi:base_runner.py:507| eval_ksd | Epoch 9520, VI KSD: 0.0050
2026-03-28 21:44:27 | DEBUG | sivi:base_runner.py:337| eval_kl_ite | Epoch 9530, VI KL to baseline: 0.0158
2026-03-28 21:44:27 | DEBUG | sivi:base_reverse_runner.py:261| eval_kl_ite | Epoch 9530, Reverse Model KL ITE: 0.0146
2026-03-28 21:44:27 | DEBUG | sivi:base_runner.py:347| eval_w2 | Epoch 9530, VI W2 to baseline: 0.3152
2026-03-28 21:44:27 | DEBUG | sivi:base_reverse_runner.py:272| eval_w2 | Epoch 9530, Reverse Model W2: 0.0507
2026-03-28 21:44:27 | DEBUG | sivi:base_runner.py:477| eval_elbo | Epoch 9530, ELBO: 1.9473, Std Total: 25.4854, Std Q: nan, CI Half: 2.2339
2026-03-28 21:44:27 | DEBUG | sivi:base_runner.py:507| eval_ksd | Epoch 9530, VI KSD: -0.0020
2026-03-28 21:44:27 | DEBUG | sivi:base_runner.py:337| eval_kl_ite | Epoch 9540, VI KL to baseline: 0.0111
2026-03-28 21:44:27 | DEBUG | sivi:base_reverse_runner.py:261| eval_kl_ite | Epoch 9540, Reverse Model KL ITE: 0.0296
2026-03-28 21:44:27 | DEBUG | sivi:base_runner.py:347| eval_w2 | Epoch 9540, VI W2 to baseline: 0.3046
2026-03-28 21:44:28 | DEBUG | sivi:base_reverse_runner.py:272| eval_w2 | Epoch 9540, Reverse Model W2: 0.0514
2026-03-28 21:44:28 | DEBUG | sivi:base_runner.py:477| eval_elbo | Epoch 9540, ELBO: 0.9477, Std Total: 12.1776, Std Q: nan, CI Half: 1.0674
2026-03-28 21:44:28 | DEBUG | sivi:base_runner.py:507| eval_ksd | Epoch 9540, VI KSD: -0.0020
2026-03-28 21:44:28 | DEBUG | sivi:base_runner.py:337| eval_kl_ite | Epoch 9550, VI KL to baseline: 0.0168
2026-03-28 21:44:28 | DEBUG | sivi:base_reverse_runner.py:261| eval_kl_ite | Epoch 9550, Reverse Model KL ITE: 0.0430
2026-03-28 21:44:28 | DEBUG | sivi:base_runner.py:347| eval_w2 | Epoch 9550, VI W2 to baseline: 0.2949
2026-03-28 21:44:28 | DEBUG | sivi:base_reverse_runner.py:272| eval_w2 | Epoch 9550, Reverse Model W2: 0.0554
2026-03-28 21:44:28 | DEBUG | sivi:base_runner.py:477| eval_elbo | Epoch 9550, ELBO: 0.6082, Std Total: 6.5775, Std Q: nan, CI Half: 0.5765
2026-03-28 21:44:28 | DEBUG | sivi:base_runner.py:507| eval_ksd | Epoch 9550, VI KSD: -0.0039
2026-03-28 21:44:29 | DEBUG | sivi:base_runner.py:337| eval_kl_ite | Epoch 9560, VI KL to baseline: 0.0082
2026-03-28 21:44:29 | DEBUG | sivi:base_reverse_runner.py:261| eval_kl_ite | Epoch 9560, Reverse Model KL ITE: -0.0008
2026-03-28 21:44:29 | DEBUG | sivi:base_runner.py:347| eval_w2 | Epoch 9560, VI W2 to baseline: 0.3009
2026-03-28 21:44:29 | DEBUG | sivi:base_reverse_runner.py:272| eval_w2 | Epoch 9560, Reverse Model W2: 0.0534
2026-03-28 21:44:29 | DEBUG | sivi:base_runner.py:477| eval_elbo | Epoch 9560, ELBO: 1.9354, Std Total: 24.9566, Std Q: nan, CI Half: 2.1875
2026-03-28 21:44:29 | DEBUG | sivi:base_runner.py:507| eval_ksd | Epoch 9560, VI KSD: -0.0016
2026-03-28 21:44:29 | DEBUG | sivi:base_runner.py:337| eval_kl_ite | Epoch 9570, VI KL to baseline: 0.0266
2026-03-28 21:44:29 | DEBUG | sivi:base_reverse_runner.py:261| eval_kl_ite | Epoch 9570, Reverse Model KL ITE: 0.0229
2026-03-28 21:44:29 | DEBUG | sivi:base_runner.py:347| eval_w2 | Epoch 9570, VI W2 to baseline: 0.2760
2026-03-28 21:44:29 | DEBUG | sivi:base_reverse_runner.py:272| eval_w2 | Epoch 9570, Reverse Model W2: 0.0472
2026-03-28 21:44:29 | DEBUG | sivi:base_runner.py:477| eval_elbo | Epoch 9570, ELBO: 0.1771, Std Total: 1.6608, Std Q: nan, CI Half: 0.1456
2026-03-28 21:44:29 | DEBUG | sivi:base_runner.py:507| eval_ksd | Epoch 9570, VI KSD: 0.0015
2026-03-28 21:44:30 | DEBUG | sivi:base_runner.py:337| eval_kl_ite | Epoch 9580, VI KL to baseline: 0.0094
2026-03-28 21:44:30 | DEBUG | sivi:base_reverse_runner.py:261| eval_kl_ite | Epoch 9580, Reverse Model KL ITE: 0.0331
2026-03-28 21:44:30 | DEBUG | sivi:base_runner.py:347| eval_w2 | Epoch 9580, VI W2 to baseline: 0.3087
2026-03-28 21:44:30 | DEBUG | sivi:base_reverse_runner.py:272| eval_w2 | Epoch 9580, Reverse Model W2: 0.0514
2026-03-28 21:44:30 | DEBUG | sivi:base_runner.py:477| eval_elbo | Epoch 9580, ELBO: 0.7961, Std Total: 14.6397, Std Q: nan, CI Half: 1.2832
2026-03-28 21:44:30 | DEBUG | sivi:base_runner.py:507| eval_ksd | Epoch 9580, VI KSD: -0.0032
2026-03-28 21:44:30 | DEBUG | sivi:base_runner.py:337| eval_kl_ite | Epoch 9590, VI KL to baseline: 0.0302
2026-03-28 21:44:31 | DEBUG | sivi:base_reverse_runner.py:261| eval_kl_ite | Epoch 9590, Reverse Model KL ITE: 0.0314
2026-03-28 21:44:31 | DEBUG | sivi:base_runner.py:347| eval_w2 | Epoch 9590, VI W2 to baseline: 0.3030
2026-03-28 21:44:31 | DEBUG | sivi:base_reverse_runner.py:272| eval_w2 | Epoch 9590, Reverse Model W2: 0.0599
2026-03-28 21:44:31 | DEBUG | sivi:base_runner.py:477| eval_elbo | Epoch 9590, ELBO: 1.4832, Std Total: 18.4355, Std Q: nan, CI Half: 1.6159
2026-03-28 21:44:31 | DEBUG | sivi:base_runner.py:507| eval_ksd | Epoch 9590, VI KSD: 0.0034
2026-03-28 21:44:31 | DEBUG | sivi:base_runner.py:874| learn | Epoch 9600: Avg Loss: 0.0123, Avg Epoch Time: 0.0579s
2026-03-28 21:44:31 | DEBUG | sivi:base_runner.py:337| eval_kl_ite | Epoch 9600, VI KL to baseline: 0.0272
2026-03-28 21:44:31 | DEBUG | sivi:base_reverse_runner.py:261| eval_kl_ite | Epoch 9600, Reverse Model KL ITE: 0.0272
2026-03-28 21:44:31 | DEBUG | sivi:base_runner.py:347| eval_w2 | Epoch 9600, VI W2 to baseline: 0.3041
2026-03-28 21:44:31 | DEBUG | sivi:base_reverse_runner.py:272| eval_w2 | Epoch 9600, Reverse Model W2: 0.0501
2026-03-28 21:44:31 | DEBUG | sivi:base_runner.py:477| eval_elbo | Epoch 9600, ELBO: 1.0391, Std Total: 17.3629, Std Q: nan, CI Half: 1.5219
2026-03-28 21:44:31 | DEBUG | sivi:base_runner.py:507| eval_ksd | Epoch 9600, VI KSD: 0.0038
2026-03-28 21:44:32 | DEBUG | sivi:base_runner.py:337| eval_kl_ite | Epoch 9610, VI KL to baseline: 0.0206
2026-03-28 21:44:32 | DEBUG | sivi:base_reverse_runner.py:261| eval_kl_ite | Epoch 9610, Reverse Model KL ITE: 0.0366
2026-03-28 21:44:32 | DEBUG | sivi:base_runner.py:347| eval_w2 | Epoch 9610, VI W2 to baseline: 0.3221
2026-03-28 21:44:32 | DEBUG | sivi:base_reverse_runner.py:272| eval_w2 | Epoch 9610, Reverse Model W2: 0.0608
2026-03-28 21:44:32 | DEBUG | sivi:base_runner.py:477| eval_elbo | Epoch 9610, ELBO: 1.3421, Std Total: 15.1727, Std Q: nan, CI Half: 1.3299
2026-03-28 21:44:32 | DEBUG | sivi:base_runner.py:507| eval_ksd | Epoch 9610, VI KSD: -0.0013
2026-03-28 21:44:32 | DEBUG | sivi:base_runner.py:337| eval_kl_ite | Epoch 9620, VI KL to baseline: 0.0158
2026-03-28 21:44:32 | DEBUG | sivi:base_reverse_runner.py:261| eval_kl_ite | Epoch 9620, Reverse Model KL ITE: 0.0411
2026-03-28 21:44:32 | DEBUG | sivi:base_runner.py:347| eval_w2 | Epoch 9620, VI W2 to baseline: 0.3056
2026-03-28 21:44:32 | DEBUG | sivi:base_reverse_runner.py:272| eval_w2 | Epoch 9620, Reverse Model W2: 0.0419
2026-03-28 21:44:32 | DEBUG | sivi:base_runner.py:477| eval_elbo | Epoch 9620, ELBO: 0.1799, Std Total: 1.9720, Std Q: nan, CI Half: 0.1729
2026-03-28 21:44:32 | DEBUG | sivi:base_runner.py:507| eval_ksd | Epoch 9620, VI KSD: -0.0038
2026-03-28 21:44:33 | DEBUG | sivi:base_runner.py:337| eval_kl_ite | Epoch 9630, VI KL to baseline: 0.0150
2026-03-28 21:44:33 | DEBUG | sivi:base_reverse_runner.py:261| eval_kl_ite | Epoch 9630, Reverse Model KL ITE: 0.0282
2026-03-28 21:44:33 | DEBUG | sivi:base_runner.py:347| eval_w2 | Epoch 9630, VI W2 to baseline: 0.3480
2026-03-28 21:44:33 | DEBUG | sivi:base_reverse_runner.py:272| eval_w2 | Epoch 9630, Reverse Model W2: 0.0440
2026-03-28 21:44:33 | DEBUG | sivi:base_runner.py:477| eval_elbo | Epoch 9630, ELBO: 2.9051, Std Total: 39.9792, Std Q: nan, CI Half: 3.5043
2026-03-28 21:44:33 | DEBUG | sivi:base_runner.py:507| eval_ksd | Epoch 9630, VI KSD: -0.0070
2026-03-28 21:44:33 | DEBUG | sivi:base_runner.py:337| eval_kl_ite | Epoch 9640, VI KL to baseline: 0.0221
2026-03-28 21:44:34 | DEBUG | sivi:base_reverse_runner.py:261| eval_kl_ite | Epoch 9640, Reverse Model KL ITE: 0.0093
2026-03-28 21:44:34 | DEBUG | sivi:base_runner.py:347| eval_w2 | Epoch 9640, VI W2 to baseline: 0.3342
2026-03-28 21:44:34 | DEBUG | sivi:base_reverse_runner.py:272| eval_w2 | Epoch 9640, Reverse Model W2: 0.0497
2026-03-28 21:44:34 | DEBUG | sivi:base_runner.py:477| eval_elbo | Epoch 9640, ELBO: 3.4968, Std Total: 56.2468, Std Q: nan, CI Half: 4.9303
2026-03-28 21:44:34 | DEBUG | sivi:base_runner.py:507| eval_ksd | Epoch 9640, VI KSD: -0.0025
2026-03-28 21:44:34 | DEBUG | sivi:base_runner.py:337| eval_kl_ite | Epoch 9650, VI KL to baseline: -0.0072
2026-03-28 21:44:34 | DEBUG | sivi:base_reverse_runner.py:261| eval_kl_ite | Epoch 9650, Reverse Model KL ITE: 0.0059
2026-03-28 21:44:34 | DEBUG | sivi:base_runner.py:347| eval_w2 | Epoch 9650, VI W2 to baseline: 0.3123
2026-03-28 21:44:34 | DEBUG | sivi:base_reverse_runner.py:272| eval_w2 | Epoch 9650, Reverse Model W2: 0.0446
2026-03-28 21:44:34 | DEBUG | sivi:base_runner.py:477| eval_elbo | Epoch 9650, ELBO: 3.0674, Std Total: 53.3999, Std Q: nan, CI Half: 4.6807
2026-03-28 21:44:34 | DEBUG | sivi:base_runner.py:507| eval_ksd | Epoch 9650, VI KSD: -0.0026
2026-03-28 21:44:35 | DEBUG | sivi:base_runner.py:337| eval_kl_ite | Epoch 9660, VI KL to baseline: -0.0117
2026-03-28 21:44:35 | DEBUG | sivi:base_reverse_runner.py:261| eval_kl_ite | Epoch 9660, Reverse Model KL ITE: 0.0293
2026-03-28 21:44:35 | DEBUG | sivi:base_runner.py:347| eval_w2 | Epoch 9660, VI W2 to baseline: 0.2921
2026-03-28 21:44:35 | DEBUG | sivi:base_reverse_runner.py:272| eval_w2 | Epoch 9660, Reverse Model W2: 0.0444
2026-03-28 21:44:35 | DEBUG | sivi:base_runner.py:477| eval_elbo | Epoch 9660, ELBO: 1.9786, Std Total: 23.3960, Std Q: nan, CI Half: 2.0508
2026-03-28 21:44:35 | DEBUG | sivi:base_runner.py:507| eval_ksd | Epoch 9660, VI KSD: 0.0042
2026-03-28 21:44:35 | DEBUG | sivi:base_runner.py:337| eval_kl_ite | Epoch 9670, VI KL to baseline: 0.0354
2026-03-28 21:44:35 | DEBUG | sivi:base_reverse_runner.py:261| eval_kl_ite | Epoch 9670, Reverse Model KL ITE: 0.0020
2026-03-28 21:44:36 | DEBUG | sivi:base_runner.py:347| eval_w2 | Epoch 9670, VI W2 to baseline: 0.2992
2026-03-28 21:44:36 | DEBUG | sivi:base_reverse_runner.py:272| eval_w2 | Epoch 9670, Reverse Model W2: 0.0480
2026-03-28 21:44:36 | DEBUG | sivi:base_runner.py:477| eval_elbo | Epoch 9670, ELBO: 1.6650, Std Total: 23.0887, Std Q: nan, CI Half: 2.0238
2026-03-28 21:44:36 | DEBUG | sivi:base_runner.py:507| eval_ksd | Epoch 9670, VI KSD: -0.0007
2026-03-28 21:44:36 | DEBUG | sivi:base_runner.py:337| eval_kl_ite | Epoch 9680, VI KL to baseline: -0.0030
2026-03-28 21:44:36 | DEBUG | sivi:base_reverse_runner.py:261| eval_kl_ite | Epoch 9680, Reverse Model KL ITE: -0.0077
2026-03-28 21:44:36 | DEBUG | sivi:base_runner.py:347| eval_w2 | Epoch 9680, VI W2 to baseline: 0.3081
2026-03-28 21:44:36 | DEBUG | sivi:base_reverse_runner.py:272| eval_w2 | Epoch 9680, Reverse Model W2: 0.0498
2026-03-28 21:44:36 | DEBUG | sivi:base_runner.py:477| eval_elbo | Epoch 9680, ELBO: 0.6557, Std Total: 5.1994, Std Q: nan, CI Half: 0.4557
2026-03-28 21:44:36 | DEBUG | sivi:base_runner.py:507| eval_ksd | Epoch 9680, VI KSD: 0.0012
2026-03-28 21:44:37 | DEBUG | sivi:base_runner.py:337| eval_kl_ite | Epoch 9690, VI KL to baseline: 0.0022
2026-03-28 21:44:37 | DEBUG | sivi:base_reverse_runner.py:261| eval_kl_ite | Epoch 9690, Reverse Model KL ITE: 0.0091
2026-03-28 21:44:37 | DEBUG | sivi:base_runner.py:347| eval_w2 | Epoch 9690, VI W2 to baseline: 0.2948
2026-03-28 21:44:37 | DEBUG | sivi:base_reverse_runner.py:272| eval_w2 | Epoch 9690, Reverse Model W2: 0.0488
2026-03-28 21:44:37 | DEBUG | sivi:base_runner.py:477| eval_elbo | Epoch 9690, ELBO: 0.8452, Std Total: 11.8735, Std Q: nan, CI Half: 1.0408
2026-03-28 21:44:37 | DEBUG | sivi:base_runner.py:507| eval_ksd | Epoch 9690, VI KSD: -0.0081
2026-03-28 21:44:37 | DEBUG | sivi:base_runner.py:874| learn | Epoch 9700: Avg Loss: 0.0181, Avg Epoch Time: 0.0634s
2026-03-28 21:44:37 | DEBUG | sivi:base_runner.py:337| eval_kl_ite | Epoch 9700, VI KL to baseline: 0.0114
2026-03-28 21:44:37 | DEBUG | sivi:base_reverse_runner.py:261| eval_kl_ite | Epoch 9700, Reverse Model KL ITE: 0.0108
2026-03-28 21:44:37 | DEBUG | sivi:base_runner.py:347| eval_w2 | Epoch 9700, VI W2 to baseline: 0.3190
2026-03-28 21:44:37 | DEBUG | sivi:base_reverse_runner.py:272| eval_w2 | Epoch 9700, Reverse Model W2: 0.0568
2026-03-28 21:44:37 | DEBUG | sivi:base_runner.py:477| eval_elbo | Epoch 9700, ELBO: 0.2788, Std Total: 3.6870, Std Q: nan, CI Half: 0.3232
2026-03-28 21:44:37 | DEBUG | sivi:base_runner.py:507| eval_ksd | Epoch 9700, VI KSD: 0.0058
2026-03-28 21:44:38 | DEBUG | sivi:base_runner.py:337| eval_kl_ite | Epoch 9710, VI KL to baseline: 0.0186
2026-03-28 21:44:38 | DEBUG | sivi:base_reverse_runner.py:261| eval_kl_ite | Epoch 9710, Reverse Model KL ITE: 0.0033
2026-03-28 21:44:38 | DEBUG | sivi:base_runner.py:347| eval_w2 | Epoch 9710, VI W2 to baseline: 0.2989
2026-03-28 21:44:38 | DEBUG | sivi:base_reverse_runner.py:272| eval_w2 | Epoch 9710, Reverse Model W2: 0.0411
2026-03-28 21:44:38 | DEBUG | sivi:base_runner.py:477| eval_elbo | Epoch 9710, ELBO: 3.6126, Std Total: 43.2645, Std Q: nan, CI Half: 3.7923
2026-03-28 21:44:38 | DEBUG | sivi:base_runner.py:507| eval_ksd | Epoch 9710, VI KSD: -0.0035
2026-03-28 21:44:39 | DEBUG | sivi:base_runner.py:337| eval_kl_ite | Epoch 9720, VI KL to baseline: 0.0208
2026-03-28 21:44:39 | DEBUG | sivi:base_reverse_runner.py:261| eval_kl_ite | Epoch 9720, Reverse Model KL ITE: 0.0260
2026-03-28 21:44:39 | DEBUG | sivi:base_runner.py:347| eval_w2 | Epoch 9720, VI W2 to baseline: 0.3162
2026-03-28 21:44:39 | DEBUG | sivi:base_reverse_runner.py:272| eval_w2 | Epoch 9720, Reverse Model W2: 0.0588
2026-03-28 21:44:39 | DEBUG | sivi:base_runner.py:477| eval_elbo | Epoch 9720, ELBO: 2.1253, Std Total: 32.1832, Std Q: nan, CI Half: 2.8210
2026-03-28 21:44:39 | DEBUG | sivi:base_runner.py:507| eval_ksd | Epoch 9720, VI KSD: 0.0017
2026-03-28 21:44:39 | DEBUG | sivi:base_runner.py:337| eval_kl_ite | Epoch 9730, VI KL to baseline: 0.0096
2026-03-28 21:44:39 | DEBUG | sivi:base_reverse_runner.py:261| eval_kl_ite | Epoch 9730, Reverse Model KL ITE: 0.0304
2026-03-28 21:44:39 | DEBUG | sivi:base_runner.py:347| eval_w2 | Epoch 9730, VI W2 to baseline: 0.3095
2026-03-28 21:44:39 | DEBUG | sivi:base_reverse_runner.py:272| eval_w2 | Epoch 9730, Reverse Model W2: 0.0443
2026-03-28 21:44:39 | DEBUG | sivi:base_runner.py:477| eval_elbo | Epoch 9730, ELBO: 1.8307, Std Total: 24.3460, Std Q: nan, CI Half: 2.1340
2026-03-28 21:44:39 | DEBUG | sivi:base_runner.py:507| eval_ksd | Epoch 9730, VI KSD: 0.0005
2026-03-28 21:44:40 | DEBUG | sivi:base_runner.py:337| eval_kl_ite | Epoch 9740, VI KL to baseline: 0.0043
2026-03-28 21:44:40 | DEBUG | sivi:base_reverse_runner.py:261| eval_kl_ite | Epoch 9740, Reverse Model KL ITE: 0.0202
2026-03-28 21:44:40 | DEBUG | sivi:base_runner.py:347| eval_w2 | Epoch 9740, VI W2 to baseline: 0.3064
2026-03-28 21:44:40 | DEBUG | sivi:base_reverse_runner.py:272| eval_w2 | Epoch 9740, Reverse Model W2: 0.0639
2026-03-28 21:44:40 | DEBUG | sivi:base_runner.py:477| eval_elbo | Epoch 9740, ELBO: 3.3700, Std Total: 67.3001, Std Q: nan, CI Half: 5.8991
2026-03-28 21:44:40 | DEBUG | sivi:base_runner.py:507| eval_ksd | Epoch 9740, VI KSD: 0.0054
2026-03-28 21:44:40 | DEBUG | sivi:base_runner.py:337| eval_kl_ite | Epoch 9750, VI KL to baseline: 0.0184
2026-03-28 21:44:40 | DEBUG | sivi:base_reverse_runner.py:261| eval_kl_ite | Epoch 9750, Reverse Model KL ITE: 0.0368
2026-03-28 21:44:40 | DEBUG | sivi:base_runner.py:347| eval_w2 | Epoch 9750, VI W2 to baseline: 0.3429
2026-03-28 21:44:40 | DEBUG | sivi:base_reverse_runner.py:272| eval_w2 | Epoch 9750, Reverse Model W2: 0.0458
2026-03-28 21:44:40 | DEBUG | sivi:base_runner.py:477| eval_elbo | Epoch 9750, ELBO: 1.8771, Std Total: 34.5283, Std Q: nan, CI Half: 3.0265
2026-03-28 21:44:40 | DEBUG | sivi:base_runner.py:507| eval_ksd | Epoch 9750, VI KSD: 0.0021
2026-03-28 21:44:41 | DEBUG | sivi:base_runner.py:337| eval_kl_ite | Epoch 9760, VI KL to baseline: 0.0107
2026-03-28 21:44:41 | DEBUG | sivi:base_reverse_runner.py:261| eval_kl_ite | Epoch 9760, Reverse Model KL ITE: 0.0076
2026-03-28 21:44:41 | DEBUG | sivi:base_runner.py:347| eval_w2 | Epoch 9760, VI W2 to baseline: 0.3031
2026-03-28 21:44:41 | DEBUG | sivi:base_reverse_runner.py:272| eval_w2 | Epoch 9760, Reverse Model W2: 0.0485
2026-03-28 21:44:41 | DEBUG | sivi:base_runner.py:477| eval_elbo | Epoch 9760, ELBO: 0.6945, Std Total: 6.7784, Std Q: nan, CI Half: 0.5942
2026-03-28 21:44:41 | DEBUG | sivi:base_runner.py:507| eval_ksd | Epoch 9760, VI KSD: -0.0038
2026-03-28 21:44:41 | DEBUG | sivi:base_runner.py:337| eval_kl_ite | Epoch 9770, VI KL to baseline: 0.0010
2026-03-28 21:44:41 | DEBUG | sivi:base_reverse_runner.py:261| eval_kl_ite | Epoch 9770, Reverse Model KL ITE: 0.0256
2026-03-28 21:44:41 | DEBUG | sivi:base_runner.py:347| eval_w2 | Epoch 9770, VI W2 to baseline: 0.3340
2026-03-28 21:44:41 | DEBUG | sivi:base_reverse_runner.py:272| eval_w2 | Epoch 9770, Reverse Model W2: 0.0430
2026-03-28 21:44:41 | DEBUG | sivi:base_runner.py:477| eval_elbo | Epoch 9770, ELBO: 1.7145, Std Total: 15.2657, Std Q: nan, CI Half: 1.3381
2026-03-28 21:44:41 | DEBUG | sivi:base_runner.py:507| eval_ksd | Epoch 9770, VI KSD: -0.0040
2026-03-28 21:44:42 | DEBUG | sivi:base_runner.py:337| eval_kl_ite | Epoch 9780, VI KL to baseline: 0.0084
2026-03-28 21:44:42 | DEBUG | sivi:base_reverse_runner.py:261| eval_kl_ite | Epoch 9780, Reverse Model KL ITE: 0.0039
2026-03-28 21:44:42 | DEBUG | sivi:base_runner.py:347| eval_w2 | Epoch 9780, VI W2 to baseline: 0.3180
2026-03-28 21:44:42 | DEBUG | sivi:base_reverse_runner.py:272| eval_w2 | Epoch 9780, Reverse Model W2: 0.0533
2026-03-28 21:44:42 | DEBUG | sivi:base_runner.py:477| eval_elbo | Epoch 9780, ELBO: 1.1645, Std Total: 10.0928, Std Q: nan, CI Half: 0.8847
2026-03-28 21:44:42 | DEBUG | sivi:base_runner.py:507| eval_ksd | Epoch 9780, VI KSD: 0.0030
2026-03-28 21:44:43 | DEBUG | sivi:base_runner.py:337| eval_kl_ite | Epoch 9790, VI KL to baseline: 0.0128
2026-03-28 21:44:43 | DEBUG | sivi:base_reverse_runner.py:261| eval_kl_ite | Epoch 9790, Reverse Model KL ITE: 0.0079
2026-03-28 21:44:43 | DEBUG | sivi:base_runner.py:347| eval_w2 | Epoch 9790, VI W2 to baseline: 0.3286
2026-03-28 21:44:43 | DEBUG | sivi:base_reverse_runner.py:272| eval_w2 | Epoch 9790, Reverse Model W2: 0.0604
2026-03-28 21:44:43 | DEBUG | sivi:base_runner.py:477| eval_elbo | Epoch 9790, ELBO: 2.2219, Std Total: 36.2510, Std Q: nan, CI Half: 3.1775
2026-03-28 21:44:43 | DEBUG | sivi:base_runner.py:507| eval_ksd | Epoch 9790, VI KSD: 0.0019
2026-03-28 21:44:43 | DEBUG | sivi:base_runner.py:874| learn | Epoch 9800: Avg Loss: 0.0292, Avg Epoch Time: 0.0588s
2026-03-28 21:44:43 | DEBUG | sivi:base_runner.py:337| eval_kl_ite | Epoch 9800, VI KL to baseline: 0.0046
2026-03-28 21:44:43 | DEBUG | sivi:base_reverse_runner.py:261| eval_kl_ite | Epoch 9800, Reverse Model KL ITE: 0.0059
2026-03-28 21:44:43 | DEBUG | sivi:base_runner.py:347| eval_w2 | Epoch 9800, VI W2 to baseline: 0.3091
2026-03-28 21:44:43 | DEBUG | sivi:base_reverse_runner.py:272| eval_w2 | Epoch 9800, Reverse Model W2: 0.0564
2026-03-28 21:44:43 | DEBUG | sivi:base_runner.py:477| eval_elbo | Epoch 9800, ELBO: 1.9280, Std Total: 22.9153, Std Q: nan, CI Half: 2.0086
2026-03-28 21:44:43 | DEBUG | sivi:base_runner.py:507| eval_ksd | Epoch 9800, VI KSD: -0.0065
2026-03-28 21:44:44 | DEBUG | sivi:base_runner.py:337| eval_kl_ite | Epoch 9810, VI KL to baseline: -0.0021
2026-03-28 21:44:44 | DEBUG | sivi:base_reverse_runner.py:261| eval_kl_ite | Epoch 9810, Reverse Model KL ITE: 0.0178
2026-03-28 21:44:44 | DEBUG | sivi:base_runner.py:347| eval_w2 | Epoch 9810, VI W2 to baseline: 0.2904
2026-03-28 21:44:44 | DEBUG | sivi:base_reverse_runner.py:272| eval_w2 | Epoch 9810, Reverse Model W2: 0.0487
2026-03-28 21:44:44 | DEBUG | sivi:base_runner.py:477| eval_elbo | Epoch 9810, ELBO: 0.2010, Std Total: 2.3176, Std Q: nan, CI Half: 0.2031
2026-03-28 21:44:44 | DEBUG | sivi:base_runner.py:507| eval_ksd | Epoch 9810, VI KSD: -0.0007
2026-03-28 21:44:45 | DEBUG | sivi:base_runner.py:337| eval_kl_ite | Epoch 9820, VI KL to baseline: 0.0087
2026-03-28 21:44:45 | DEBUG | sivi:base_reverse_runner.py:261| eval_kl_ite | Epoch 9820, Reverse Model KL ITE: 0.0295
2026-03-28 21:44:45 | DEBUG | sivi:base_runner.py:347| eval_w2 | Epoch 9820, VI W2 to baseline: 0.3113
2026-03-28 21:44:45 | DEBUG | sivi:base_reverse_runner.py:272| eval_w2 | Epoch 9820, Reverse Model W2: 0.0493
2026-03-28 21:44:45 | DEBUG | sivi:base_runner.py:477| eval_elbo | Epoch 9820, ELBO: 4.1282, Std Total: 55.1784, Std Q: nan, CI Half: 4.8366
2026-03-28 21:44:45 | DEBUG | sivi:base_runner.py:507| eval_ksd | Epoch 9820, VI KSD: -0.0047
2026-03-28 21:44:45 | DEBUG | sivi:base_runner.py:337| eval_kl_ite | Epoch 9830, VI KL to baseline: 0.0071
2026-03-28 21:44:45 | DEBUG | sivi:base_reverse_runner.py:261| eval_kl_ite | Epoch 9830, Reverse Model KL ITE: 0.0086
2026-03-28 21:44:45 | DEBUG | sivi:base_runner.py:347| eval_w2 | Epoch 9830, VI W2 to baseline: 0.2750
2026-03-28 21:44:45 | DEBUG | sivi:base_reverse_runner.py:272| eval_w2 | Epoch 9830, Reverse Model W2: 0.0445
2026-03-28 21:44:45 | DEBUG | sivi:base_runner.py:477| eval_elbo | Epoch 9830, ELBO: 0.7334, Std Total: 8.4783, Std Q: nan, CI Half: 0.7432
2026-03-28 21:44:45 | DEBUG | sivi:base_runner.py:507| eval_ksd | Epoch 9830, VI KSD: 0.0007
2026-03-28 21:44:46 | DEBUG | sivi:base_runner.py:337| eval_kl_ite | Epoch 9840, VI KL to baseline: 0.0111
2026-03-28 21:44:46 | DEBUG | sivi:base_reverse_runner.py:261| eval_kl_ite | Epoch 9840, Reverse Model KL ITE: 0.0141
2026-03-28 21:44:46 | DEBUG | sivi:base_runner.py:347| eval_w2 | Epoch 9840, VI W2 to baseline: 0.2922
2026-03-28 21:44:46 | DEBUG | sivi:base_reverse_runner.py:272| eval_w2 | Epoch 9840, Reverse Model W2: 0.0571
2026-03-28 21:44:46 | DEBUG | sivi:base_runner.py:477| eval_elbo | Epoch 9840, ELBO: 1.9116, Std Total: 22.3223, Std Q: nan, CI Half: 1.9566
2026-03-28 21:44:46 | DEBUG | sivi:base_runner.py:507| eval_ksd | Epoch 9840, VI KSD: 0.0011
2026-03-28 21:44:47 | DEBUG | sivi:base_runner.py:337| eval_kl_ite | Epoch 9850, VI KL to baseline: 0.0086
2026-03-28 21:44:47 | DEBUG | sivi:base_reverse_runner.py:261| eval_kl_ite | Epoch 9850, Reverse Model KL ITE: 0.0067
2026-03-28 21:44:47 | DEBUG | sivi:base_runner.py:347| eval_w2 | Epoch 9850, VI W2 to baseline: 0.3068
2026-03-28 21:44:47 | DEBUG | sivi:base_reverse_runner.py:272| eval_w2 | Epoch 9850, Reverse Model W2: 0.0428
2026-03-28 21:44:47 | DEBUG | sivi:base_runner.py:477| eval_elbo | Epoch 9850, ELBO: 0.1705, Std Total: 2.4428, Std Q: nan, CI Half: 0.2141
2026-03-28 21:44:47 | DEBUG | sivi:base_runner.py:507| eval_ksd | Epoch 9850, VI KSD: 0.0074
2026-03-28 21:44:47 | DEBUG | sivi:base_runner.py:337| eval_kl_ite | Epoch 9860, VI KL to baseline: -0.0123
2026-03-28 21:44:47 | DEBUG | sivi:base_reverse_runner.py:261| eval_kl_ite | Epoch 9860, Reverse Model KL ITE: -0.0092
2026-03-28 21:44:47 | DEBUG | sivi:base_runner.py:347| eval_w2 | Epoch 9860, VI W2 to baseline: 0.3033
2026-03-28 21:44:47 | DEBUG | sivi:base_reverse_runner.py:272| eval_w2 | Epoch 9860, Reverse Model W2: 0.0529
2026-03-28 21:44:47 | DEBUG | sivi:base_runner.py:477| eval_elbo | Epoch 9860, ELBO: 1.8480, Std Total: 18.6278, Std Q: nan, CI Half: 1.6328
2026-03-28 21:44:47 | DEBUG | sivi:base_runner.py:507| eval_ksd | Epoch 9860, VI KSD: 0.0042
2026-03-28 21:44:47 | DEBUG | sivi:base_runner.py:337| eval_kl_ite | Epoch 9870, VI KL to baseline: 0.0075
2026-03-28 21:44:48 | DEBUG | sivi:base_reverse_runner.py:261| eval_kl_ite | Epoch 9870, Reverse Model KL ITE: 0.0183
2026-03-28 21:44:48 | DEBUG | sivi:base_runner.py:347| eval_w2 | Epoch 9870, VI W2 to baseline: 0.2971
2026-03-28 21:44:48 | DEBUG | sivi:base_reverse_runner.py:272| eval_w2 | Epoch 9870, Reverse Model W2: 0.0479
2026-03-28 21:44:48 | DEBUG | sivi:base_runner.py:477| eval_elbo | Epoch 9870, ELBO: 0.2130, Std Total: 2.0647, Std Q: nan, CI Half: 0.1810
2026-03-28 21:44:48 | DEBUG | sivi:base_runner.py:507| eval_ksd | Epoch 9870, VI KSD: -0.0016
2026-03-28 21:44:48 | DEBUG | sivi:base_runner.py:337| eval_kl_ite | Epoch 9880, VI KL to baseline: 0.0014
2026-03-28 21:44:48 | DEBUG | sivi:base_reverse_runner.py:261| eval_kl_ite | Epoch 9880, Reverse Model KL ITE: 0.0160
2026-03-28 21:44:48 | DEBUG | sivi:base_runner.py:347| eval_w2 | Epoch 9880, VI W2 to baseline: 0.3046
2026-03-28 21:44:48 | DEBUG | sivi:base_reverse_runner.py:272| eval_w2 | Epoch 9880, Reverse Model W2: 0.0565
2026-03-28 21:44:48 | DEBUG | sivi:base_runner.py:477| eval_elbo | Epoch 9880, ELBO: 1.1027, Std Total: 14.0626, Std Q: nan, CI Half: 1.2326
2026-03-28 21:44:48 | DEBUG | sivi:base_runner.py:507| eval_ksd | Epoch 9880, VI KSD: -0.0093
2026-03-28 21:44:49 | DEBUG | sivi:base_runner.py:337| eval_kl_ite | Epoch 9890, VI KL to baseline: 0.0040
2026-03-28 21:44:49 | DEBUG | sivi:base_reverse_runner.py:261| eval_kl_ite | Epoch 9890, Reverse Model KL ITE: 0.0198
2026-03-28 21:44:49 | DEBUG | sivi:base_runner.py:347| eval_w2 | Epoch 9890, VI W2 to baseline: 0.3186
2026-03-28 21:44:49 | DEBUG | sivi:base_reverse_runner.py:272| eval_w2 | Epoch 9890, Reverse Model W2: 0.0470
2026-03-28 21:44:49 | DEBUG | sivi:base_runner.py:477| eval_elbo | Epoch 9890, ELBO: 0.4778, Std Total: 7.3168, Std Q: nan, CI Half: 0.6413
2026-03-28 21:44:49 | DEBUG | sivi:base_runner.py:507| eval_ksd | Epoch 9890, VI KSD: -0.0044
2026-03-28 21:44:49 | DEBUG | sivi:base_runner.py:874| learn | Epoch 9900: Avg Loss: 0.0383, Avg Epoch Time: 0.0620s
2026-03-28 21:44:49 | DEBUG | sivi:base_runner.py:337| eval_kl_ite | Epoch 9900, VI KL to baseline: 0.0134
2026-03-28 21:44:50 | DEBUG | sivi:base_reverse_runner.py:261| eval_kl_ite | Epoch 9900, Reverse Model KL ITE: 0.0408
2026-03-28 21:44:50 | DEBUG | sivi:base_runner.py:347| eval_w2 | Epoch 9900, VI W2 to baseline: 0.3094
2026-03-28 21:44:50 | DEBUG | sivi:base_reverse_runner.py:272| eval_w2 | Epoch 9900, Reverse Model W2: 0.0413
2026-03-28 21:44:50 | DEBUG | sivi:base_runner.py:477| eval_elbo | Epoch 9900, ELBO: 0.2131, Std Total: 2.3491, Std Q: nan, CI Half: 0.2059
2026-03-28 21:44:50 | DEBUG | sivi:base_runner.py:507| eval_ksd | Epoch 9900, VI KSD: 0.0010
2026-03-28 21:44:50 | DEBUG | sivi:base_runner.py:337| eval_kl_ite | Epoch 9910, VI KL to baseline: 0.0218
2026-03-28 21:44:50 | DEBUG | sivi:base_reverse_runner.py:261| eval_kl_ite | Epoch 9910, Reverse Model KL ITE: 0.0192
2026-03-28 21:44:50 | DEBUG | sivi:base_runner.py:347| eval_w2 | Epoch 9910, VI W2 to baseline: 0.3090
2026-03-28 21:44:50 | DEBUG | sivi:base_reverse_runner.py:272| eval_w2 | Epoch 9910, Reverse Model W2: 0.0473
2026-03-28 21:44:50 | DEBUG | sivi:base_runner.py:477| eval_elbo | Epoch 9910, ELBO: 1.4274, Std Total: 23.4900, Std Q: nan, CI Half: 2.0590
2026-03-28 21:44:50 | DEBUG | sivi:base_runner.py:507| eval_ksd | Epoch 9910, VI KSD: -0.0029
2026-03-28 21:44:51 | DEBUG | sivi:base_runner.py:337| eval_kl_ite | Epoch 9920, VI KL to baseline: 0.0267
2026-03-28 21:44:51 | DEBUG | sivi:base_reverse_runner.py:261| eval_kl_ite | Epoch 9920, Reverse Model KL ITE: 0.0289
2026-03-28 21:44:51 | DEBUG | sivi:base_runner.py:347| eval_w2 | Epoch 9920, VI W2 to baseline: 0.3001
2026-03-28 21:44:51 | DEBUG | sivi:base_reverse_runner.py:272| eval_w2 | Epoch 9920, Reverse Model W2: 0.0423
2026-03-28 21:44:51 | DEBUG | sivi:base_runner.py:477| eval_elbo | Epoch 9920, ELBO: 0.2825, Std Total: 3.1923, Std Q: nan, CI Half: 0.2798
2026-03-28 21:44:51 | DEBUG | sivi:base_runner.py:507| eval_ksd | Epoch 9920, VI KSD: -0.0034
2026-03-28 21:44:51 | DEBUG | sivi:base_runner.py:337| eval_kl_ite | Epoch 9930, VI KL to baseline: 0.0266
2026-03-28 21:44:51 | DEBUG | sivi:base_reverse_runner.py:261| eval_kl_ite | Epoch 9930, Reverse Model KL ITE: 0.0158
2026-03-28 21:44:51 | DEBUG | sivi:base_runner.py:347| eval_w2 | Epoch 9930, VI W2 to baseline: 0.3192
2026-03-28 21:44:51 | DEBUG | sivi:base_reverse_runner.py:272| eval_w2 | Epoch 9930, Reverse Model W2: 0.0552
2026-03-28 21:44:51 | DEBUG | sivi:base_runner.py:477| eval_elbo | Epoch 9930, ELBO: 0.3155, Std Total: 3.7992, Std Q: nan, CI Half: 0.3330
2026-03-28 21:44:51 | DEBUG | sivi:base_runner.py:507| eval_ksd | Epoch 9930, VI KSD: -0.0079
2026-03-28 21:44:51 | DEBUG | sivi:base_runner.py:337| eval_kl_ite | Epoch 9940, VI KL to baseline: -0.0021
2026-03-28 21:44:52 | DEBUG | sivi:base_reverse_runner.py:261| eval_kl_ite | Epoch 9940, Reverse Model KL ITE: 0.0517
2026-03-28 21:44:52 | DEBUG | sivi:base_runner.py:347| eval_w2 | Epoch 9940, VI W2 to baseline: 0.3063
2026-03-28 21:44:52 | DEBUG | sivi:base_reverse_runner.py:272| eval_w2 | Epoch 9940, Reverse Model W2: 0.0405
2026-03-28 21:44:52 | DEBUG | sivi:base_runner.py:477| eval_elbo | Epoch 9940, ELBO: 1.8302, Std Total: 32.9652, Std Q: nan, CI Half: 2.8895
2026-03-28 21:44:52 | DEBUG | sivi:base_runner.py:507| eval_ksd | Epoch 9940, VI KSD: 0.0052
2026-03-28 21:44:52 | DEBUG | sivi:base_runner.py:337| eval_kl_ite | Epoch 9950, VI KL to baseline: -0.0085
2026-03-28 21:44:52 | DEBUG | sivi:base_reverse_runner.py:261| eval_kl_ite | Epoch 9950, Reverse Model KL ITE: 0.0179
2026-03-28 21:44:52 | DEBUG | sivi:base_runner.py:347| eval_w2 | Epoch 9950, VI W2 to baseline: 0.3014
2026-03-28 21:44:52 | DEBUG | sivi:base_reverse_runner.py:272| eval_w2 | Epoch 9950, Reverse Model W2: 0.0523
2026-03-28 21:44:52 | DEBUG | sivi:base_runner.py:477| eval_elbo | Epoch 9950, ELBO: 2.9676, Std Total: 32.4485, Std Q: nan, CI Half: 2.8442
2026-03-28 21:44:52 | DEBUG | sivi:base_runner.py:507| eval_ksd | Epoch 9950, VI KSD: 0.0004
2026-03-28 21:44:53 | DEBUG | sivi:base_runner.py:337| eval_kl_ite | Epoch 9960, VI KL to baseline: 0.0175
2026-03-28 21:44:53 | DEBUG | sivi:base_reverse_runner.py:261| eval_kl_ite | Epoch 9960, Reverse Model KL ITE: -0.0005
2026-03-28 21:44:53 | DEBUG | sivi:base_runner.py:347| eval_w2 | Epoch 9960, VI W2 to baseline: 0.3062
2026-03-28 21:44:53 | DEBUG | sivi:base_reverse_runner.py:272| eval_w2 | Epoch 9960, Reverse Model W2: 0.0411
2026-03-28 21:44:53 | DEBUG | sivi:base_runner.py:477| eval_elbo | Epoch 9960, ELBO: 0.1914, Std Total: 2.2860, Std Q: nan, CI Half: 0.2004
2026-03-28 21:44:53 | DEBUG | sivi:base_runner.py:507| eval_ksd | Epoch 9960, VI KSD: 0.0026
2026-03-28 21:44:53 | DEBUG | sivi:base_runner.py:337| eval_kl_ite | Epoch 9970, VI KL to baseline: 0.0027
2026-03-28 21:44:53 | DEBUG | sivi:base_reverse_runner.py:261| eval_kl_ite | Epoch 9970, Reverse Model KL ITE: 0.0132
2026-03-28 21:44:53 | DEBUG | sivi:base_runner.py:347| eval_w2 | Epoch 9970, VI W2 to baseline: 0.3216
2026-03-28 21:44:53 | DEBUG | sivi:base_reverse_runner.py:272| eval_w2 | Epoch 9970, Reverse Model W2: 0.0585
2026-03-28 21:44:53 | DEBUG | sivi:base_runner.py:477| eval_elbo | Epoch 9970, ELBO: 1.7530, Std Total: 19.9617, Std Q: nan, CI Half: 1.7497
2026-03-28 21:44:53 | DEBUG | sivi:base_runner.py:507| eval_ksd | Epoch 9970, VI KSD: 0.0018
2026-03-28 21:44:54 | DEBUG | sivi:base_runner.py:337| eval_kl_ite | Epoch 9980, VI KL to baseline: 0.0202
2026-03-28 21:44:54 | DEBUG | sivi:base_reverse_runner.py:261| eval_kl_ite | Epoch 9980, Reverse Model KL ITE: 0.0077
2026-03-28 21:44:54 | DEBUG | sivi:base_runner.py:347| eval_w2 | Epoch 9980, VI W2 to baseline: 0.3135
2026-03-28 21:44:54 | DEBUG | sivi:base_reverse_runner.py:272| eval_w2 | Epoch 9980, Reverse Model W2: 0.0458
2026-03-28 21:44:54 | DEBUG | sivi:base_runner.py:477| eval_elbo | Epoch 9980, ELBO: 1.8339, Std Total: 24.4084, Std Q: nan, CI Half: 2.1395
2026-03-28 21:44:54 | DEBUG | sivi:base_runner.py:507| eval_ksd | Epoch 9980, VI KSD: 0.0021
2026-03-28 21:44:54 | DEBUG | sivi:base_runner.py:337| eval_kl_ite | Epoch 9990, VI KL to baseline: 0.0042
2026-03-28 21:44:54 | DEBUG | sivi:base_reverse_runner.py:261| eval_kl_ite | Epoch 9990, Reverse Model KL ITE: 0.0155
2026-03-28 21:44:54 | DEBUG | sivi:base_runner.py:347| eval_w2 | Epoch 9990, VI W2 to baseline: 0.3466
2026-03-28 21:44:54 | DEBUG | sivi:base_reverse_runner.py:272| eval_w2 | Epoch 9990, Reverse Model W2: 0.0468
2026-03-28 21:44:54 | DEBUG | sivi:base_runner.py:477| eval_elbo | Epoch 9990, ELBO: 0.3108, Std Total: 3.2617, Std Q: nan, CI Half: 0.2859
2026-03-28 21:44:54 | DEBUG | sivi:base_runner.py:507| eval_ksd | Epoch 9990, VI KSD: 0.0032
2026-03-28 21:44:55 | DEBUG | sivi:base_runner.py:874| learn | Epoch 10000: Avg Loss: -0.0074, Avg Epoch Time: 0.0532s
2026-03-28 21:44:55 | DEBUG | sivi:base_reverse_runner.py:183| _training_rev_log_func | Epoch 10000, Inner epoch 1, Reverse Model Loss: 2.9369, Avg Steps: 1.0000
2026-03-28 21:44:55 | DEBUG | sivi:base_runner.py:588| save_samples | Saved 100000 samples at epoch 10000.
2026-03-28 21:44:55 | DEBUG | sivi:base_runner.py:607| save_checkpoint | Saved VIModel checkpoints at epoch 10000 to results/AISIVI/banana/20260328_213406/checkpoints/epoch_10000.
2026-03-28 21:44:55 | DEBUG | sivi:base_reverse_runner.py:476| save_checkpoint | Saved reverse checkpoints at epoch 10000 to results/AISIVI/banana/20260328_213406/checkpoints/epoch_10000.
2026-03-28 21:44:55 | DEBUG | sivi:base_runner.py:337| eval_kl_ite | Epoch 10000, VI KL to baseline: 0.0036
2026-03-28 21:44:55 | DEBUG | sivi:base_reverse_runner.py:261| eval_kl_ite | Epoch 10000, Reverse Model KL ITE: 0.0463
2026-03-28 21:44:55 | DEBUG | sivi:base_runner.py:347| eval_w2 | Epoch 10000, VI W2 to baseline: 0.3235
2026-03-28 21:44:55 | DEBUG | sivi:base_reverse_runner.py:272| eval_w2 | Epoch 10000, Reverse Model W2: 0.0510
2026-03-28 21:44:55 | DEBUG | sivi:base_runner.py:477| eval_elbo | Epoch 10000, ELBO: 1.6820, Std Total: 23.0967, Std Q: nan, CI Half: 2.0245
2026-03-28 21:44:55 | DEBUG | sivi:base_runner.py:507| eval_ksd | Epoch 10000, VI KSD: -0.0019
2026-03-28 21:44:55 | DEBUG | sivi:base_runner.py:970| learn | Saved contour plot at epoch 10000.
2026-03-28 21:44:55 | INFO | sivi:base_runner.py:1003| learn | Training completed. Total time: 625.322s, Avg epoch time: 0.062532s
