artifact_config_hash,avg_iteration_time_sec,checkpoints_path,config_hash,config_hash_version,config_path,config_staleness,console_log,extracted_metrics_path,finalize_attempts,finalize_failure_reason,finalize_status,gpu,iterations,method,method_slug,metric__vi_model__elbo__best_elapsed_sec,metric__vi_model__elbo__best_iter,metric__vi_model__elbo__best_value,metric__vi_model__elbo__best_value_at_iter,metric__vi_model__elbo__final_iter,metric__vi_model__elbo__final_value,metric__vi_model__kde_expected_log_marginal__best_elapsed_sec,metric__vi_model__kde_expected_log_marginal__best_iter,metric__vi_model__kde_expected_log_marginal__best_value,metric__vi_model__kde_expected_log_marginal__best_value_at_iter,metric__vi_model__kde_expected_log_marginal__final_iter,metric__vi_model__kde_expected_log_marginal__final_value,metric__vi_model__kl_ite__best_elapsed_sec,metric__vi_model__kl_ite__best_iter,metric__vi_model__kl_ite__best_value,metric__vi_model__kl_ite__best_value_at_iter,metric__vi_model__kl_ite__final_iter,metric__vi_model__kl_ite__final_value,metric__vi_model__nll__best_elapsed_sec,metric__vi_model__nll__best_iter,metric__vi_model__nll__best_value,metric__vi_model__nll__best_value_at_iter,metric__vi_model__nll__final_iter,metric__vi_model__nll__final_value,metric__vi_model__rmse__best_elapsed_sec,metric__vi_model__rmse__best_iter,metric__vi_model__rmse__best_value,metric__vi_model__rmse__best_value_at_iter,metric__vi_model__rmse__final_iter,metric__vi_model__rmse__final_value,metric__vi_model__w2__best_elapsed_sec,metric__vi_model__w2__best_iter,metric__vi_model__w2__best_value,metric__vi_model__w2__best_value_at_iter,metric__vi_model__w2__final_iter,metric__vi_model__w2__final_value,plots_path,result_path,run_id,run_log,samples_path,seed,status,target,target_slug,tb_path,training_time_sec,wall_clock_sec
7f9d26de5f052136e2933aadcddb5638a040d24cdc27e7c5c5e034e6f5ce004d,0.03078657016158104,/root/ruivi/results/default_config_grid/AISIVI/8_gaussians/20260428_052846/checkpoints,90f2ddfcd014bce90bd4594280c5b7612dde10f10863c8ab5f0185c66f8d7210,default-grid-effective-v1,configs/aisivi_8_gaussians.yaml,fresh,campaigns/default_config_grid/runtime/console_logs/seed42_aisivi_8_gaussians.log,/root/ruivi/tb_logs/default_config_grid/AISIVI/8_gaussians/20260428_052846/extracted,1,,finalize_completed,0,10000,AISIVI,aisivi,207.6523880958557,5700,-0.32331082224845886,-0.323311@5700,10000,-51.292930603027344,,,,,,,210.9560308456421,5800,0.2657163739204407,0.265716@5800,10000,2.2688796520233154,,,,,,,,,,,,,86.86793303489685,2200,0.20787332952022552,0.207873@2200,10000,3.2606425285339355,/root/ruivi/results/default_config_grid/AISIVI/8_gaussians/20260428_052846/plots,/root/ruivi/results/default_config_grid/AISIVI/8_gaussians/20260428_052846,seed42_aisivi_8_gaussians,/root/ruivi/results/default_config_grid/AISIVI/8_gaussians/20260428_052846/run.log,/root/ruivi/results/default_config_grid/AISIVI/8_gaussians/20260428_052846/samples,42,completed,8_gaussians,8_gaussians,/root/ruivi/tb_logs/default_config_grid/AISIVI/8_gaussians/20260428_052846,307.8656921386719,323.3727874085307
da3f008b252da30edb05e7a557d7a07bd60ac7b150ac95b925c5b5841aea512d,0.02706858143210411,/root/ruivi/results/default_config_grid/AISIVI/banana/20260428_053038/checkpoints,337f870cfa6080aafab3eb0dbc7b98ff5b96789bf5d111431e64e72c3c11dc10,default-grid-effective-v1,configs/aisivi_banana.yaml,fresh,campaigns/default_config_grid/runtime/console_logs/seed42_aisivi_banana.log,/root/ruivi/tb_logs/default_config_grid/AISIVI/banana/20260428_053038/extracted,1,,finalize_completed,1,10000,AISIVI,aisivi,22.044435024261475,300,-3.0707125663757324,-3.07071@300,10000,-39799.953125,,,,,,,21.740456342697144,300,1.4634586572647095,1.46346@300,10000,11.852087020874023,,,,,,,,,,,,,18.50314426422119,200,0.6615901589393616,0.66159@200,10000,83.76001739501953,/root/ruivi/results/default_config_grid/AISIVI/banana/20260428_053038/plots,/root/ruivi/results/default_config_grid/AISIVI/banana/20260428_053038,seed42_aisivi_banana,/root/ruivi/results/default_config_grid/AISIVI/banana/20260428_053038/run.log,/root/ruivi/results/default_config_grid/AISIVI/banana/20260428_053038/samples,42,completed,banana,banana,/root/ruivi/tb_logs/default_config_grid/AISIVI/banana/20260428_053038,270.6858215332031,284.4486312866211
13bcecc1f285bbdfaaee9983b020dd427e00af35579b36900221de687b6e6040,0.06682878732681274,/root/ruivi/results/default_config_grid/AISIVI/Bnn_boston/20260501_143048/checkpoints,13bcecc1f285bbdfaaee9983b020dd427e00af35579b36900221de687b6e6040,default-grid-effective-v1,configs/aisivi_Bnn_boston.yaml,fresh,campaigns/default_config_grid/runtime/console_logs/seed42_aisivi_bnn_boston.log,/root/ruivi/tb_logs/default_config_grid/AISIVI/Bnn_boston/20260501_143048/extracted,2,,finalize_completed,1,10000,AISIVI,aisivi,,,,,,,,,,,,,,,,,,,686.8866946697235,10000,2.6039769649505615,2.60398@10000,10000,2.6039769649505615,686.886640548706,10000,3.211623430252075,3.21162@10000,10000,3.211623430252075,,,,,,,/root/ruivi/results/default_config_grid/AISIVI/Bnn_boston/20260501_143048/plots,/root/ruivi/results/default_config_grid/AISIVI/Bnn_boston/20260501_143048,seed42_aisivi_bnn_boston,/root/ruivi/results/default_config_grid/AISIVI/Bnn_boston/20260501_143048/run.log,/root/ruivi/results/default_config_grid/AISIVI/Bnn_boston/20260501_143048/samples,42,completed,Bnn_boston,Bnn_boston,/root/ruivi/tb_logs/default_config_grid/AISIVI/Bnn_boston/20260501_143048,668.287841796875,690.8177898786962
b58fbfe05dcf662ed61a1fb43cec2c6ff589721a47700922ac776d2a86c82321,0.061005864292383194,/root/ruivi/results/default_config_grid/AISIVI/Bnn_concrete/20260501_143240/checkpoints,b58fbfe05dcf662ed61a1fb43cec2c6ff589721a47700922ac776d2a86c82321,default-grid-effective-v1,configs/aisivi_Bnn_concrete.yaml,fresh,campaigns/default_config_grid/runtime/console_logs/seed42_aisivi_bnn_concrete.log,/root/ruivi/tb_logs/default_config_grid/AISIVI/Bnn_concrete/20260501_143240/extracted,2,,finalize_completed,2,10000,AISIVI,aisivi,,,,,,,,,,,,,,,,,,,627.3287315368652,10000,3.373781442642212,3.37378@10000,10000,3.373781442642212,627.3286783695221,10000,7.196250915527344,7.19625@10000,10000,7.196250915527344,,,,,,,/root/ruivi/results/default_config_grid/AISIVI/Bnn_concrete/20260501_143240/plots,/root/ruivi/results/default_config_grid/AISIVI/Bnn_concrete/20260501_143240,seed42_aisivi_bnn_concrete,/root/ruivi/results/default_config_grid/AISIVI/Bnn_concrete/20260501_143240/run.log,/root/ruivi/results/default_config_grid/AISIVI/Bnn_concrete/20260501_143240/samples,42,completed,Bnn_concrete,Bnn_concrete,/root/ruivi/tb_logs/default_config_grid/AISIVI/Bnn_concrete/20260501_143240,610.0586547851562,631.452329967171
c134cb8637aee9231981c244d3d66372f63218454fded8aa64e6fed45c800c39,0.05639145150780678,/root/ruivi/results/default_config_grid/AISIVI/Bnn_power/20260501_144134/checkpoints,c134cb8637aee9231981c244d3d66372f63218454fded8aa64e6fed45c800c39,default-grid-effective-v1,configs/aisivi_Bnn_power.yaml,fresh,campaigns/default_config_grid/runtime/console_logs/seed42_aisivi_bnn_power.log,/root/ruivi/tb_logs/default_config_grid/AISIVI/Bnn_power/20260501_144134/extracted,2,,finalize_completed,3,10000,AISIVI,aisivi,,,,,,,,,,,,,,,,,,,565.5552377700806,9700,2.8262481689453125,2.82625@9700,10000,2.8280396461486816,174.1179690361023,2800,4.018448829650879,4.01845@2800,10000,4.02232027053833,,,,,,,/root/ruivi/results/default_config_grid/AISIVI/Bnn_power/20260501_144134/plots,/root/ruivi/results/default_config_grid/AISIVI/Bnn_power/20260501_144134,seed42_aisivi_bnn_power,/root/ruivi/results/default_config_grid/AISIVI/Bnn_power/20260501_144134/run.log,/root/ruivi/results/default_config_grid/AISIVI/Bnn_power/20260501_144134/samples,42,completed,Bnn_power,Bnn_power,/root/ruivi/tb_logs/default_config_grid/AISIVI/Bnn_power/20260501_144134,563.9144897460938,649.0992850288749
796da4cb47817584fc65fff7ff0c56c4cad07aef524e8cc7294e96ec48bd3c53,0.06189165264368057,/root/ruivi/results/default_config_grid/AISIVI/Bnn_protein/20260501_144219/checkpoints,796da4cb47817584fc65fff7ff0c56c4cad07aef524e8cc7294e96ec48bd3c53,default-grid-effective-v1,configs/aisivi_Bnn_protein.yaml,fresh,campaigns/default_config_grid/runtime/console_logs/seed42_aisivi_bnn_protein.log,/root/ruivi/tb_logs/default_config_grid/AISIVI/Bnn_protein/20260501_144219/extracted,2,,finalize_completed,1,10000,AISIVI,aisivi,,,,,,,,,,,,,,,,,,,349.4796702861786,5300,3.0086703300476074,3.00867@5300,10000,3.021641731262207,465.705060005188,7200,4.8380913734436035,4.83809@7200,10000,4.869320392608643,,,,,,,/root/ruivi/results/default_config_grid/AISIVI/Bnn_protein/20260501_144219/plots,/root/ruivi/results/default_config_grid/AISIVI/Bnn_protein/20260501_144219,seed42_aisivi_bnn_protein,/root/ruivi/results/default_config_grid/AISIVI/Bnn_protein/20260501_144219/run.log,/root/ruivi/results/default_config_grid/AISIVI/Bnn_protein/20260501_144219/samples,42,completed,Bnn_protein,Bnn_protein,/root/ruivi/tb_logs/default_config_grid/AISIVI/Bnn_protein/20260501_144219,618.91650390625,640.8553046882153
0a544a242b08928f7ac1f12daeb6e55fe8212efa034f1aeaaf3d6c8ed7b4ded8,0.06493014842271805,/root/ruivi/results/default_config_grid/AISIVI/Bnn_winered/20260501_144312/checkpoints,0a544a242b08928f7ac1f12daeb6e55fe8212efa034f1aeaaf3d6c8ed7b4ded8,default-grid-effective-v1,configs/aisivi_Bnn_winered.yaml,fresh,campaigns/default_config_grid/runtime/console_logs/seed42_aisivi_bnn_winered.log,/root/ruivi/tb_logs/default_config_grid/AISIVI/Bnn_winered/20260501_144312/extracted,2,,finalize_completed,2,10000,AISIVI,aisivi,,,,,,,,,,,,,,,,,,,658.9767096042633,9900,0.9218368530273438,0.921837@9900,10000,0.9234681129455566,658.9766600131989,9900,0.6111665368080139,0.611167@9900,10000,0.6121874451637268,,,,,,,/root/ruivi/results/default_config_grid/AISIVI/Bnn_winered/20260501_144312/plots,/root/ruivi/results/default_config_grid/AISIVI/Bnn_winered/20260501_144312,seed42_aisivi_bnn_winered,/root/ruivi/results/default_config_grid/AISIVI/Bnn_winered/20260501_144312/run.log,/root/ruivi/results/default_config_grid/AISIVI/Bnn_winered/20260501_144312/samples,42,completed,Bnn_winered,Bnn_winered,/root/ruivi/tb_logs/default_config_grid/AISIVI/Bnn_winered/20260501_144312,649.3014526367188,669.5127373896539
a1759a3ca3c3a63d655e95149c1bb1512f8259b267815852a622c5ca5d381062,0.062147583812475204,/root/ruivi/results/default_config_grid/AISIVI/Bnn_yacht/20260501_144655/checkpoints,a1759a3ca3c3a63d655e95149c1bb1512f8259b267815852a622c5ca5d381062,default-grid-effective-v1,configs/aisivi_Bnn_yacht.yaml,fresh,campaigns/default_config_grid/runtime/console_logs/seed42_aisivi_bnn_yacht.log,/root/ruivi/tb_logs/default_config_grid/AISIVI/Bnn_yacht/20260501_144655/extracted,2,,finalize_completed,0,10000,AISIVI,aisivi,,,,,,,,,,,,,,,,,,,615.270542383194,9600,2.3783843517303467,2.37838@9600,10000,2.4089629650115967,615.270494222641,9600,3.1197311878204346,3.11973@9600,10000,3.131009340286255,,,,,,,/root/ruivi/results/default_config_grid/AISIVI/Bnn_yacht/20260501_144655/plots,/root/ruivi/results/default_config_grid/AISIVI/Bnn_yacht/20260501_144655,seed42_aisivi_bnn_yacht,/root/ruivi/results/default_config_grid/AISIVI/Bnn_yacht/20260501_144655/run.log,/root/ruivi/results/default_config_grid/AISIVI/Bnn_yacht/20260501_144655/samples,42,completed,Bnn_yacht,Bnn_yacht,/root/ruivi/tb_logs/default_config_grid/AISIVI/Bnn_yacht/20260501_144655,621.475830078125,645.975038792938
1da4fea5349fed98ae94c82754a7cd98ce0b7aa53faa5a91da5366429d0e5b68,0.06394645571708679,/root/ruivi/results/default_config_grid/AISIVI/Langevin_post/20260429_220136/checkpoints,1da4fea5349fed98ae94c82754a7cd98ce0b7aa53faa5a91da5366429d0e5b68,default-grid-effective-v1,configs/aisivi_Langevin_post.yaml,fresh,campaigns/default_config_grid/runtime/console_logs/seed42_aisivi_langevin_post.log,/root/ruivi/tb_logs/default_config_grid/AISIVI/Langevin_post/20260429_220136/extracted,2,,finalize_completed,2,10000,AISIVI,aisivi,393.3790121078491,5300,-196.6678466796875,-196.668@5300,10000,-201.0774383544922,632.0146110057831,9000,74.90117645263672,74.9012@9000,10000,74.83404541015625,,,,,,,,,,,,,,,,,,,540.2081346511841,7600,0.010602213442325592,0.0106022@7600,10000,0.0111630754545331,/root/ruivi/results/default_config_grid/AISIVI/Langevin_post/20260429_220136/plots,/root/ruivi/results/default_config_grid/AISIVI/Langevin_post/20260429_220136,seed42_aisivi_langevin_post,/root/ruivi/results/default_config_grid/AISIVI/Langevin_post/20260429_220136/run.log,/root/ruivi/results/default_config_grid/AISIVI/Langevin_post/20260429_220136/samples,42,completed,Langevin_post,Langevin_post,/root/ruivi/tb_logs/default_config_grid/AISIVI/Langevin_post/20260429_220136,639.4645385742188,709.0805318467319
16cd9ea5550ddfc62f5b47460065f2edb256c66f2986b30cdc7e0ce1d616f161,0.03197825700044632,/root/ruivi/results/default_config_grid/AISIVI/LRwaveform/20260428_054602/checkpoints,16cd9ea5550ddfc62f5b47460065f2edb256c66f2986b30cdc7e0ce1d616f161,default-grid-effective-v1,configs/aisivi_LRwaveform.yaml,fresh,campaigns/default_config_grid/runtime/console_logs/seed42_aisivi_lrwaveform.log,/root/ruivi/tb_logs/default_config_grid/AISIVI/LRwaveform/20260428_054602/extracted,1,,finalize_completed,1,10000,AISIVI,aisivi,19.978227615356445,200,33.30497360229492,33.305@200,10000,-7.352875709533691,,,,,,,,,,,,,,,,,,,,,,,,,,,,,,,/root/ruivi/results/default_config_grid/AISIVI/LRwaveform/20260428_054602/plots,/root/ruivi/results/default_config_grid/AISIVI/LRwaveform/20260428_054602,seed42_aisivi_lrwaveform,/root/ruivi/results/default_config_grid/AISIVI/LRwaveform/20260428_054602/run.log,/root/ruivi/results/default_config_grid/AISIVI/LRwaveform/20260428_054602/samples,42,completed,LRwaveform,LRwaveform,/root/ruivi/tb_logs/default_config_grid/AISIVI/LRwaveform/20260428_054602,319.7825927734375,335.3611980341375
39357a40b142e9be8308a1916d09eb2af9e300d172dae679a9ec2460b8371186,0.03441264480352402,/root/ruivi/results/default_config_grid/AISIVI/multimodal/20260428_055137/checkpoints,b3952c888fd8fc8559948fdb1be7751737de1445eb5e362777fd5592f90c4647,default-grid-effective-v1,configs/aisivi_multimodal.yaml,fresh,campaigns/default_config_grid/runtime/console_logs/seed42_aisivi_multimodal.log,/root/ruivi/tb_logs/default_config_grid/AISIVI/multimodal/20260428_055137/extracted,1,,finalize_completed,1,10000,AISIVI,aisivi,325.19009613990784,9100,0.00105363002512604,0.00105363@9100,10000,-0.0008846368291415274,,,,,,,238.10949730873108,6600,-0.016800107434391975,-0.0168001@6600,10000,0.007885410450398922,,,,,,,,,,,,,352.5283532142639,9900,0.019061753526329994,0.0190618@9900,10000,0.033707961440086365,/root/ruivi/results/default_config_grid/AISIVI/multimodal/20260428_055137/plots,/root/ruivi/results/default_config_grid/AISIVI/multimodal/20260428_055137,seed42_aisivi_multimodal,/root/ruivi/results/default_config_grid/AISIVI/multimodal/20260428_055137/run.log,/root/ruivi/results/default_config_grid/AISIVI/multimodal/20260428_055137/samples,42,completed,multimodal,multimodal,/root/ruivi/tb_logs/default_config_grid/AISIVI/multimodal/20260428_055137,344.12646484375,358.6094890125096
eeef4a90419086a56b0bcfcedd2e0ac4fe86298a332f5a8283bad8f318f039c9,0.03394536301493645,/root/ruivi/results/default_config_grid/AISIVI/student_uc/20260428_055414/checkpoints,38be226e80e6d9f8101294d0ecdae6807066ad7fe432e16500f8cd8b69a27ab4,default-grid-effective-v1,configs/aisivi_student_uc.yaml,fresh,campaigns/default_config_grid/runtime/console_logs/seed42_aisivi_student_uc.log,/root/ruivi/tb_logs/default_config_grid/AISIVI/student_uc/20260428_055414/extracted,1,,finalize_completed,0,10000,AISIVI,aisivi,84.14352345466614,2100,-2.681232213973999,-2.68123@2100,10000,-2.6881191730499268,,,,,,,303.4563183784485,8600,-0.0198089350014925,-0.0198089@8600,10000,-0.003033809596672654,,,,,,,,,,,,,145.81417870521545,3900,0.5830711722373962,0.583071@3900,10000,0.6304869651794434,/root/ruivi/results/default_config_grid/AISIVI/student_uc/20260428_055414/plots,/root/ruivi/results/default_config_grid/AISIVI/student_uc/20260428_055414,seed42_aisivi_student_uc,/root/ruivi/results/default_config_grid/AISIVI/student_uc/20260428_055414/run.log,/root/ruivi/results/default_config_grid/AISIVI/student_uc/20260428_055414/samples,42,completed,student_uc,student_uc,/root/ruivi/tb_logs/default_config_grid/AISIVI/student_uc/20260428_055414,339.4536437988281,352.81529396399856
a8d31e0e03d7dbcae99cf64a1cfe54ebb439610ea03ab576cae84e20162a2a5d,0.033563993871212006,/root/ruivi/results/default_config_grid/AISIVI/x_shaped/20260428_055416/checkpoints,317db10b347a18d1254534dc6d7db9c8d0a5a46d684ee2f9dd2b1525c6096c01,default-grid-effective-v1,configs/aisivi_x_shaped.yaml,fresh,campaigns/default_config_grid/runtime/console_logs/seed42_aisivi_x_shaped.log,/root/ruivi/tb_logs/default_config_grid/AISIVI/x_shaped/20260428_055416/extracted,1,,finalize_completed,2,10000,AISIVI,aisivi,330.57121419906616,9500,-0.13342319428920746,-0.133423@9500,10000,-0.13376663625240326,,,,,,,323.876101732254,9300,0.05773520842194557,0.0577352@9300,10000,0.07833271473646164,,,,,,,,,,,,,347.15168356895447,10000,0.2137441188097,0.213744@10000,10000,0.2137441188097,/root/ruivi/results/default_config_grid/AISIVI/x_shaped/20260428_055416/plots,/root/ruivi/results/default_config_grid/AISIVI/x_shaped/20260428_055416,seed42_aisivi_x_shaped,/root/ruivi/results/default_config_grid/AISIVI/x_shaped/20260428_055416/run.log,/root/ruivi/results/default_config_grid/AISIVI/x_shaped/20260428_055416/samples,42,completed,x_shaped,x_shaped,/root/ruivi/tb_logs/default_config_grid/AISIVI/x_shaped/20260428_055416,335.63995361328125,348.6950897946954
4c5fc75d2dfeedca8ece98cf4ba9c8ee8eaff928759a4e9d71f8e66218799fc1,0.018114382401108742,/root/ruivi/results/default_config_grid/DSIVI/8_gaussians/20260428_055623/checkpoints,70333eb082e41e2c9b25a0ae3df4c94749ca77192695907d0217ee039536519e,default-grid-effective-v1,configs/dsivi_8_gaussians.yaml,fresh,campaigns/default_config_grid/runtime/console_logs/seed42_dsivi_8_gaussians.log,/root/ruivi/tb_logs/default_config_grid/DSIVI/8_gaussians/20260428_055623/extracted,1,,finalize_completed,3,10000,DSIVI,dsivi,178.96294689178467,9600,-0.10949567705392838,-0.109496@9600,10000,-0.1301092654466629,,,,,,,183.99407386779785,9900,0.09547507017850876,0.0954751@9900,10000,0.10613194853067398,,,,,,,,,,,,,178.7867033481598,9600,0.09141728281974792,0.0914173@9600,10000,0.11245317757129669,/root/ruivi/results/default_config_grid/DSIVI/8_gaussians/20260428_055623/plots,/root/ruivi/results/default_config_grid/DSIVI/8_gaussians/20260428_055623,seed42_dsivi_8_gaussians,/root/ruivi/results/default_config_grid/DSIVI/8_gaussians/20260428_055623/run.log,/root/ruivi/results/default_config_grid/DSIVI/8_gaussians/20260428_055623/samples,42,completed,8_gaussians,8_gaussians,/root/ruivi/tb_logs/default_config_grid/DSIVI/8_gaussians/20260428_055623,181.14382934570312,187.8026962094009
f9151b097f1530bd6f77c2965620959afa61ab780609f759e9145c0a650e8f6c,0.018162544816732407,/root/ruivi/results/default_config_grid/DSIVI/banana/20260428_055736/checkpoints,6247f14ad85938cb433c8b4e9567ff1c235339bd2d9cbbf1df75658826d83daf,default-grid-effective-v1,configs/dsivi_banana.yaml,fresh,campaigns/default_config_grid/runtime/console_logs/seed42_dsivi_banana.log,/root/ruivi/tb_logs/default_config_grid/DSIVI/banana/20260428_055736/extracted,1,,finalize_completed,1,10000,DSIVI,dsivi,180.4547257423401,9700,-0.006895878817886114,-0.00689588@9700,10000,-0.010106689296662807,,,,,,,115.42892718315125,6100,-0.020954659208655357,-0.0209547@6100,10000,0.0012337758671492338,,,,,,,,,,,,,162.60689115524292,8700,0.033330872654914856,0.0333309@8700,10000,0.05932768061757088,/root/ruivi/results/default_config_grid/DSIVI/banana/20260428_055736/plots,/root/ruivi/results/default_config_grid/DSIVI/banana/20260428_055736,seed42_dsivi_banana,/root/ruivi/results/default_config_grid/DSIVI/banana/20260428_055736/run.log,/root/ruivi/results/default_config_grid/DSIVI/banana/20260428_055736/samples,42,completed,banana,banana,/root/ruivi/tb_logs/default_config_grid/DSIVI/banana/20260428_055736,181.6254425048828,188.7895834930241
fe19c6b7415bd1a476fe3d4cd8cacd6d14dea2ca550e347615a335431dc56722,0.010996505618095398,/root/ruivi/results/default_config_grid/DSIVI/Bnn_boston/20260428_055956/checkpoints,562d67a4657edf1105b95b460b55bf2a4cf040deb0e1e88065d1cbd7b3adcb8e,default-grid-effective-v1,configs/dsivi_Bnn_boston.yaml,fresh,campaigns/default_config_grid/runtime/console_logs/seed42_dsivi_bnn_boston.log,/root/ruivi/tb_logs/default_config_grid/DSIVI/Bnn_boston/20260428_055956/extracted,1,,finalize_completed,3,10000,DSIVI,dsivi,,,,,,,,,,,,,,,,,,,124.09582233428955,10000,2.4580283164978027,2.45803@10000,10000,2.4580283164978027,124.09576988220215,10000,2.5927109718322754,2.59271@10000,10000,2.5927109718322754,,,,,,,/root/ruivi/results/default_config_grid/DSIVI/Bnn_boston/20260428_055956/plots,/root/ruivi/results/default_config_grid/DSIVI/Bnn_boston/20260428_055956,seed42_dsivi_bnn_boston,/root/ruivi/results/default_config_grid/DSIVI/Bnn_boston/20260428_055956/run.log,/root/ruivi/results/default_config_grid/DSIVI/Bnn_boston/20260428_055956/samples,42,completed,Bnn_boston,Bnn_boston,/root/ruivi/tb_logs/default_config_grid/DSIVI/Bnn_boston/20260428_055956,109.96505737304688,126.85594974458218
430ecc25f069dee4dcb39f35d9d646b77ba20b1ae762adb83e773cd2c9a96cb6,0.011065837927162647,/root/ruivi/results/default_config_grid/DSIVI/Bnn_concrete/20260428_060004/checkpoints,35469a10f5d5a5cbe50692dd1aff604da751cdf7553d0649ef4372b3abe284f6,default-grid-effective-v1,configs/dsivi_Bnn_concrete.yaml,fresh,campaigns/default_config_grid/runtime/console_logs/seed42_dsivi_bnn_concrete.log,/root/ruivi/tb_logs/default_config_grid/DSIVI/Bnn_concrete/20260428_060004/extracted,1,,finalize_completed,2,10000,DSIVI,dsivi,,,,,,,,,,,,,,,,,,,117.31771111488342,9300,3.2626848220825195,3.26268@9300,10000,3.2655186653137207,117.3176703453064,9300,6.252020835876465,6.25202@9300,10000,6.26479434967041,,,,,,,/root/ruivi/results/default_config_grid/DSIVI/Bnn_concrete/20260428_060004/plots,/root/ruivi/results/default_config_grid/DSIVI/Bnn_concrete/20260428_060004,seed42_dsivi_bnn_concrete,/root/ruivi/results/default_config_grid/DSIVI/Bnn_concrete/20260428_060004/run.log,/root/ruivi/results/default_config_grid/DSIVI/Bnn_concrete/20260428_060004/samples,42,completed,Bnn_concrete,Bnn_concrete,/root/ruivi/tb_logs/default_config_grid/DSIVI/Bnn_concrete/20260428_060004,110.65837860107422,126.86155918240547
27f6fa01a9ba4d0fe6adcde472c968502cef1455ac4eed063295bf6894a91f62,0.011041758581995964,/root/ruivi/results/default_config_grid/DSIVI/Bnn_power/20260428_060006/checkpoints,7bb1578d4c139e8fdf539c49654a28f49c22ca3351a0ae4b54ee4f78e7aa66f6,default-grid-effective-v1,configs/dsivi_Bnn_power.yaml,fresh,campaigns/default_config_grid/runtime/console_logs/seed42_dsivi_bnn_power.log,/root/ruivi/tb_logs/default_config_grid/DSIVI/Bnn_power/20260428_060006/extracted,1,,finalize_completed,0,10000,DSIVI,dsivi,,,,,,,,,,,,,,,,,,,122.3101704120636,9900,2.772475242614746,2.77248@9900,10000,2.772611141204834,122.31012845039368,9900,3.836946964263916,3.83695@9900,10000,3.8375072479248047,,,,,,,/root/ruivi/results/default_config_grid/DSIVI/Bnn_power/20260428_060006/plots,/root/ruivi/results/default_config_grid/DSIVI/Bnn_power/20260428_060006,seed42_dsivi_bnn_power,/root/ruivi/results/default_config_grid/DSIVI/Bnn_power/20260428_060006/run.log,/root/ruivi/results/default_config_grid/DSIVI/Bnn_power/20260428_060006/samples,42,completed,Bnn_power,Bnn_power,/root/ruivi/tb_logs/default_config_grid/DSIVI/Bnn_power/20260428_060006,110.41758728027344,126.8554773144424
9778828b789fc25806b67b093ea58990445136c94044f3f347b75a573579c5ee,0.010985503904521465,/root/ruivi/results/default_config_grid/DSIVI/Bnn_protein/20260428_060045/checkpoints,b2e21ea24122ad8e11f8f6c150346971feece595b954efa93b1aab76d80f6169,default-grid-effective-v1,configs/dsivi_Bnn_protein.yaml,fresh,campaigns/default_config_grid/runtime/console_logs/seed42_dsivi_bnn_protein.log,/root/ruivi/tb_logs/default_config_grid/DSIVI/Bnn_protein/20260428_060045/extracted,1,,finalize_completed,1,10000,DSIVI,dsivi,,,,,,,,,,,,,,,,,,,123.40489602088928,10000,2.9276492595672607,2.92765@10000,10000,2.9276492595672607,123.4048445224762,10000,4.495285511016846,4.49529@10000,10000,4.495285511016846,,,,,,,/root/ruivi/results/default_config_grid/DSIVI/Bnn_protein/20260428_060045/plots,/root/ruivi/results/default_config_grid/DSIVI/Bnn_protein/20260428_060045,seed42_dsivi_bnn_protein,/root/ruivi/results/default_config_grid/DSIVI/Bnn_protein/20260428_060045/run.log,/root/ruivi/results/default_config_grid/DSIVI/Bnn_protein/20260428_060045/samples,42,completed,Bnn_protein,Bnn_protein,/root/ruivi/tb_logs/default_config_grid/DSIVI/Bnn_protein/20260428_060045,109.85504150390625,136.8570246323943
f3c96ee5b963e40a1c1aff0b24c9f2d7cc124f55382bd4762ff06bf553b89826,0.01144206989556551,/root/ruivi/results/default_config_grid/DSIVI/Bnn_winered/20260501_145223/checkpoints,ca8d7d174740133280cd6e25c1bad1529cfeb12cc450481c31ec0b4b8fea448d,default-grid-effective-v1,configs/dsivi_Bnn_winered.yaml,fresh,campaigns/default_config_grid/runtime/console_logs/seed42_dsivi_bnn_winered.log,/root/ruivi/tb_logs/default_config_grid/DSIVI/Bnn_winered/20260501_145223/extracted,2,,finalize_completed,3,10000,DSIVI,dsivi,,,,,,,,,,,,,,,,,,,67.23333168029785,4800,0.9284944534301758,0.928494@4800,10000,0.9376883506774902,76.95399212837219,5600,0.6124293804168701,0.612429@5600,10000,0.6177250742912292,,,,,,,/root/ruivi/results/default_config_grid/DSIVI/Bnn_winered/20260501_145223/plots,/root/ruivi/results/default_config_grid/DSIVI/Bnn_winered/20260501_145223,seed42_dsivi_bnn_winered,/root/ruivi/results/default_config_grid/DSIVI/Bnn_winered/20260501_145223/run.log,/root/ruivi/results/default_config_grid/DSIVI/Bnn_winered/20260501_145223/samples,42,completed,Bnn_winered,Bnn_winered,/root/ruivi/tb_logs/default_config_grid/DSIVI/Bnn_winered/20260501_145223,114.42070007324219,318.1995355859399
e5c522b6b75bc27b4bb58f9aa7b6dc2f7b2eac71fd90ae30c59abaa355ce214a,0.011533495970070362,/root/ruivi/results/default_config_grid/DSIVI/Bnn_yacht/20260501_145259/checkpoints,7a6b97e044678c21758f493d4b84726d544d5ebd69ea10e6bf04d0f5413c0b37,default-grid-effective-v1,configs/dsivi_Bnn_yacht.yaml,fresh,campaigns/default_config_grid/runtime/console_logs/seed42_dsivi_bnn_yacht.log,/root/ruivi/tb_logs/default_config_grid/DSIVI/Bnn_yacht/20260501_145259/extracted,2,,finalize_completed,1,10000,DSIVI,dsivi,,,,,,,,,,,,,,,,,,,88.84997963905334,6400,1.4288439750671387,1.42884@6400,10000,1.556138515472412,128.72306656837463,10000,1.3085006475448608,1.3085@10000,10000,1.3085006475448608,,,,,,,/root/ruivi/results/default_config_grid/DSIVI/Bnn_yacht/20260501_145259/plots,/root/ruivi/results/default_config_grid/DSIVI/Bnn_yacht/20260501_145259,seed42_dsivi_bnn_yacht,/root/ruivi/results/default_config_grid/DSIVI/Bnn_yacht/20260501_145259/run.log,/root/ruivi/results/default_config_grid/DSIVI/Bnn_yacht/20260501_145259/samples,42,completed,Bnn_yacht,Bnn_yacht,/root/ruivi/tb_logs/default_config_grid/DSIVI/Bnn_yacht/20260501_145259,115.3349609375,281.2721321582794
c689728a952f6a9caa26b3fe9f14d82e6f69ae6d92b554c8390e5d5746208356,0.02921251952648163,/root/ruivi/results/default_config_grid/DSIVI/Langevin_post/20260429_220135/checkpoints,90f734208ed532b8e2623199b8af6be03c5990f9a1220b88f0eb50322e72944c,default-grid-effective-v1,configs/dsivi_Langevin_post.yaml,fresh,campaigns/default_config_grid/runtime/console_logs/seed42_dsivi_langevin_post.log,/root/ruivi/tb_logs/default_config_grid/DSIVI/Langevin_post/20260429_220135/extracted,2,,finalize_completed,3,10000,DSIVI,dsivi,151.49755001068115,4600,-189.35414123535156,-189.354@4600,10000,-197.1146697998047,309.8562185764313,10000,75.1799545288086,75.18@10000,10000,75.1799545288086,,,,,,,,,,,,,,,,,,,309.22846364974976,10000,0.008444299921393394,0.0084443@10000,10000,0.008444299921393394,/root/ruivi/results/default_config_grid/DSIVI/Langevin_post/20260429_220135/plots,/root/ruivi/results/default_config_grid/DSIVI/Langevin_post/20260429_220135,seed42_dsivi_langevin_post,/root/ruivi/results/default_config_grid/DSIVI/Langevin_post/20260429_220135/run.log,/root/ruivi/results/default_config_grid/DSIVI/Langevin_post/20260429_220135/samples,42,completed,Langevin_post,Langevin_post,/root/ruivi/tb_logs/default_config_grid/DSIVI/Langevin_post/20260429_220135,292.12518310546875,320.31660056859255
841b889bfdd44e2d22890e677e3fe48513607f8597ea7593172b7feb9da54fc7,0.01898840069770813,/root/ruivi/results/default_config_grid/DSIVI/LRwaveform/20260428_060301/checkpoints,8f7156683787a58c608d0628ee053648d79244924bd53fbaff5818ff663207f7,default-grid-effective-v1,configs/dsivi_LRwaveform.yaml,fresh,campaigns/default_config_grid/runtime/console_logs/seed42_dsivi_lrwaveform.log,/root/ruivi/tb_logs/default_config_grid/DSIVI/LRwaveform/20260428_060301/extracted,1,,finalize_completed,1,10000,DSIVI,dsivi,9.093739032745361,200,30.935455322265625,30.9355@200,10000,-23.178617477416992,,,,,,,,,,,,,,,,,,,,,,,,,,,,,,,/root/ruivi/results/default_config_grid/DSIVI/LRwaveform/20260428_060301/plots,/root/ruivi/results/default_config_grid/DSIVI/LRwaveform/20260428_060301,seed42_dsivi_lrwaveform,/root/ruivi/results/default_config_grid/DSIVI/LRwaveform/20260428_060301/run.log,/root/ruivi/results/default_config_grid/DSIVI/LRwaveform/20260428_060301/samples,42,completed,LRwaveform,LRwaveform,/root/ruivi/tb_logs/default_config_grid/DSIVI/LRwaveform/20260428_060301,189.88400268554688,198.1729667559266
5f97d82ef59a2565d18a497ceff0f69a31c42c6f5a4ec0ddc9fb392edeb93e0c,0.01785951294004917,/root/ruivi/results/default_config_grid/DSIVI/multimodal/20260428_060433/checkpoints,9ecdcfe476a8755f4cb500afd061d984b381de1c430142977b1d6e52a42d3548,default-grid-effective-v1,configs/dsivi_multimodal.yaml,fresh,campaigns/default_config_grid/runtime/console_logs/seed42_dsivi_multimodal.log,/root/ruivi/tb_logs/default_config_grid/DSIVI/multimodal/20260428_060433/extracted,1,,finalize_completed,2,10000,DSIVI,dsivi,170.40363717079163,9300,-3.9369821024592966e-05,-3.93698e-05@9300,10000,-0.0008512911736033857,,,,,,,170.18804359436035,9300,-0.017049241811037064,-0.0170492@9300,10000,-0.007197364699095488,,,,,,,,,,,,,121.73110675811768,6600,0.018391184508800507,0.0183912@6600,10000,0.02451791614294052,/root/ruivi/results/default_config_grid/DSIVI/multimodal/20260428_060433/plots,/root/ruivi/results/default_config_grid/DSIVI/multimodal/20260428_060433,seed42_dsivi_multimodal,/root/ruivi/results/default_config_grid/DSIVI/multimodal/20260428_060433/run.log,/root/ruivi/results/default_config_grid/DSIVI/multimodal/20260428_060433/samples,42,completed,multimodal,multimodal,/root/ruivi/tb_logs/default_config_grid/DSIVI/multimodal/20260428_060433,178.59512329101562,189.85751369968057
74fb956ca6a9b1cef87465ed2d7851bfc69af23440cf57f9487f3dc4f3465f8d,0.018298497423529625,/root/ruivi/results/default_config_grid/DSIVI/student_uc/20260428_060434/checkpoints,8f4752bf93506fb2d85d8a88174e0d2332e9eb0836339671606f4003d1ee5004,default-grid-effective-v1,configs/dsivi_student_uc.yaml,fresh,campaigns/default_config_grid/runtime/console_logs/seed42_dsivi_student_uc.log,/root/ruivi/tb_logs/default_config_grid/DSIVI/student_uc/20260428_060434/extracted,1,,finalize_completed,3,10000,DSIVI,dsivi,132.0167338848114,7100,-2.6737217903137207,-2.67372@7100,10000,-2.6795032024383545,,,,,,,91.65626454353333,4900,-0.013868904672563076,-0.0138689@4900,10000,0.021458720788359642,,,,,,,,,,,,,155.77031469345093,8400,0.5656848549842834,0.565685@8400,10000,0.5944738388061523,/root/ruivi/results/default_config_grid/DSIVI/student_uc/20260428_060434/plots,/root/ruivi/results/default_config_grid/DSIVI/student_uc/20260428_060434,seed42_dsivi_student_uc,/root/ruivi/results/default_config_grid/DSIVI/student_uc/20260428_060434/run.log,/root/ruivi/results/default_config_grid/DSIVI/student_uc/20260428_060434/samples,42,completed,student_uc,student_uc,/root/ruivi/tb_logs/default_config_grid/DSIVI/student_uc/20260428_060434,182.9849853515625,189.86006826534867
5bbc47f634cebc9b7b7463bf3517b6df77225342e4a6095dbc9b52320edc77e2,0.017911430448293686,/root/ruivi/results/default_config_grid/DSIVI/x_shaped/20260428_060620/checkpoints,d92c69f4bb2f3c4248525afa7e2496e344dcd3a626f13778e541a2c60673bb50,default-grid-effective-v1,configs/dsivi_x_shaped.yaml,fresh,campaigns/default_config_grid/runtime/console_logs/seed42_dsivi_x_shaped.log,/root/ruivi/tb_logs/default_config_grid/DSIVI/x_shaped/20260428_060620/extracted,1,,finalize_completed,1,10000,DSIVI,dsivi,179.97742319107056,9800,-0.01538368221372366,-0.0153837@9800,10000,-0.018599076196551323,,,,,,,126.33722591400146,6700,-0.019445668905973434,-0.0194457@6700,10000,0.012561041861772537,,,,,,,,,,,,,140.32962775230408,7500,0.030247079208493233,0.0302471@7500,10000,0.03213071823120117,/root/ruivi/results/default_config_grid/DSIVI/x_shaped/20260428_060620/plots,/root/ruivi/results/default_config_grid/DSIVI/x_shaped/20260428_060620,seed42_dsivi_x_shaped,/root/ruivi/results/default_config_grid/DSIVI/x_shaped/20260428_060620/run.log,/root/ruivi/results/default_config_grid/DSIVI/x_shaped/20260428_060620/samples,42,completed,x_shaped,x_shaped,/root/ruivi/tb_logs/default_config_grid/DSIVI/x_shaped/20260428_060620,179.11431884765625,186.66985689103603
ef989a07ec956c80ce0a4cea3148b55f636174a591823df6a4882100ce628176,0.006243970710784197,/root/ruivi/results/default_config_grid/KSIVI/8_gaussians/20260428_060744/checkpoints,a70026ebc5154e9abbdc0d4a69cdd7de5dd08d89aed66734263afabf3373c295,default-grid-effective-v1,configs/ksivi_8_gaussians.yaml,fresh,campaigns/default_config_grid/runtime/console_logs/seed42_ksivi_8_gaussians.log,/root/ruivi/tb_logs/default_config_grid/KSIVI/8_gaussians/20260428_060744/extracted,1,,finalize_completed,0,50000,KSIVI,ksivi,192.47403001785278,30500,-0.628618597984314,-0.628619@30500,50000,-0.6922732591629028,,,,,,,316.0077407360077,50000,0.6299383044242859,0.629938@50000,50000,0.6299383044242859,,,,,,,,,,,,,61.08216404914856,9500,0.2261502742767334,0.22615@9500,50000,0.2808712422847748,/root/ruivi/results/default_config_grid/KSIVI/8_gaussians/20260428_060744/plots,/root/ruivi/results/default_config_grid/KSIVI/8_gaussians/20260428_060744,seed42_ksivi_8_gaussians,/root/ruivi/results/default_config_grid/KSIVI/8_gaussians/20260428_060744/run.log,/root/ruivi/results/default_config_grid/KSIVI/8_gaussians/20260428_060744/samples,42,completed,8_gaussians,8_gaussians,/root/ruivi/tb_logs/default_config_grid/KSIVI/8_gaussians/20260428_060744,312.19854736328125,318.70825569704175
bed67fcd6172910b40f4b73872ba705c64aca813b912c80f770dc1c7426958ae,0.006692153867334127,/root/ruivi/results/default_config_grid/KSIVI/banana/20260428_060743/checkpoints,c9535f6d3bf07dc25903fb260771f54d67d6533e018ea28572228260a9c87717,default-grid-effective-v1,configs/ksivi_banana.yaml,fresh,campaigns/default_config_grid/runtime/console_logs/seed42_ksivi_banana.log,/root/ruivi/tb_logs/default_config_grid/KSIVI/banana/20260428_060743/extracted,1,,finalize_completed,2,50000,KSIVI,ksivi,311.33827447891235,46000,-0.04429889842867851,-0.0442989@46000,50000,-0.053897738456726074,,,,,,,292.07428097724915,43000,0.023236701264977455,0.0232367@43000,50000,0.04729653522372246,,,,,,,,,,,,,36.036155462265015,5000,0.3374418318271637,0.337442@5000,50000,0.5485678911209106,/root/ruivi/results/default_config_grid/KSIVI/banana/20260428_060743/plots,/root/ruivi/results/default_config_grid/KSIVI/banana/20260428_060743,seed42_ksivi_banana,/root/ruivi/results/default_config_grid/KSIVI/banana/20260428_060743/run.log,/root/ruivi/results/default_config_grid/KSIVI/banana/20260428_060743/samples,42,completed,banana,banana,/root/ruivi/tb_logs/default_config_grid/KSIVI/banana/20260428_060743,334.6076965332031,340.83404164761305
ca3c51e1ea4d67b7980337c958bcf8883c19f077007f8355eeb6887ba7a611e0,0.010869025252759457,/root/ruivi/results/default_config_grid/KSIVI/Bnn_boston/20260428_060744/checkpoints,ca3c51e1ea4d67b7980337c958bcf8883c19f077007f8355eeb6887ba7a611e0,default-grid-effective-v1,configs/ksivi_Bnn_boston.yaml,fresh,campaigns/default_config_grid/runtime/console_logs/seed42_ksivi_bnn_boston.log,/root/ruivi/tb_logs/default_config_grid/KSIVI/Bnn_boston/20260428_060744/extracted,1,,finalize_completed,3,100000,KSIVI,ksivi,,,,,,,,,,,,,,,,,,,34.31793236732483,3000,2.482886552810669,2.48289@3000,100000,2.4910640716552734,34.317893743515015,3000,2.4685232639312744,2.46852@3000,100000,2.634784698486328,,,,,,,/root/ruivi/results/default_config_grid/KSIVI/Bnn_boston/20260428_060744/plots,/root/ruivi/results/default_config_grid/KSIVI/Bnn_boston/20260428_060744,seed42_ksivi_bnn_boston,/root/ruivi/results/default_config_grid/KSIVI/Bnn_boston/20260428_060744/run.log,/root/ruivi/results/default_config_grid/KSIVI/Bnn_boston/20260428_060744/samples,42,completed,Bnn_boston,Bnn_boston,/root/ruivi/tb_logs/default_config_grid/KSIVI/Bnn_boston/20260428_060744,1086.902587890625,1094.3817332312465
79d36c9fe06e9a9099a26880f1e737eca8482e6c748203990ea5ff321ff2c7c0,0.010294432751834393,/root/ruivi/results/default_config_grid/KSIVI/Bnn_concrete/20260428_060926/checkpoints,79d36c9fe06e9a9099a26880f1e737eca8482e6c748203990ea5ff321ff2c7c0,default-grid-effective-v1,configs/ksivi_Bnn_concrete.yaml,fresh,campaigns/default_config_grid/runtime/console_logs/seed42_ksivi_bnn_concrete.log,/root/ruivi/tb_logs/default_config_grid/KSIVI/Bnn_concrete/20260428_060926/extracted,1,,finalize_completed,1,100000,KSIVI,ksivi,,,,,,,,,,,,,,,,,,,610.841305732727,60000,3.2545671463012695,3.25457@60000,100000,3.2594292163848877,23.804964303970337,2000,6.226862907409668,6.22686@2000,100000,6.328381061553955,,,,,,,/root/ruivi/results/default_config_grid/KSIVI/Bnn_concrete/20260428_060926/plots,/root/ruivi/results/default_config_grid/KSIVI/Bnn_concrete/20260428_060926,seed42_ksivi_bnn_concrete,/root/ruivi/results/default_config_grid/KSIVI/Bnn_concrete/20260428_060926/run.log,/root/ruivi/results/default_config_grid/KSIVI/Bnn_concrete/20260428_060926/samples,42,completed,Bnn_concrete,Bnn_concrete,/root/ruivi/tb_logs/default_config_grid/KSIVI/Bnn_concrete/20260428_060926,1029.443359375,1035.6046351976693
6c4d8db418396790f6659f275e51ea62ede9bbdad5de15a3b55e551ea746315f,0.010444502346217632,/root/ruivi/results/default_config_grid/KSIVI/Bnn_power/20260428_061302/checkpoints,6c4d8db418396790f6659f275e51ea62ede9bbdad5de15a3b55e551ea746315f,default-grid-effective-v1,configs/ksivi_Bnn_power.yaml,fresh,campaigns/default_config_grid/runtime/console_logs/seed42_ksivi_bnn_power.log,/root/ruivi/tb_logs/default_config_grid/KSIVI/Bnn_power/20260428_061302/extracted,1,,finalize_completed,0,100000,KSIVI,ksivi,,,,,,,,,,,,,,,,,,,421.63178753852844,40000,2.803483486175537,2.80348@40000,100000,2.831637382507324,1029.323105096817,98000,3.9480271339416504,3.94803@98000,100000,3.9560911655426025,,,,,,,/root/ruivi/results/default_config_grid/KSIVI/Bnn_power/20260428_061302/plots,/root/ruivi/results/default_config_grid/KSIVI/Bnn_power/20260428_061302,seed42_ksivi_bnn_power,/root/ruivi/results/default_config_grid/KSIVI/Bnn_power/20260428_061302/run.log,/root/ruivi/results/default_config_grid/KSIVI/Bnn_power/20260428_061302/samples,42,completed,Bnn_power,Bnn_power,/root/ruivi/tb_logs/default_config_grid/KSIVI/Bnn_power/20260428_061302,1044.4501953125,1072.9552523121238
cdd7b26d0660662424823c912325c82431f0ad8a8cebb4fe9db5144401d80cbe,0.010425036773085594,/root/ruivi/results/default_config_grid/KSIVI/Bnn_protein/20260428_061324/checkpoints,cdd7b26d0660662424823c912325c82431f0ad8a8cebb4fe9db5144401d80cbe,default-grid-effective-v1,configs/ksivi_Bnn_protein.yaml,fresh,campaigns/default_config_grid/runtime/console_logs/seed42_ksivi_bnn_protein.log,/root/ruivi/tb_logs/default_config_grid/KSIVI/Bnn_protein/20260428_061324/extracted,1,,finalize_completed,2,100000,KSIVI,ksivi,,,,,,,,,,,,,,,,,,,1026.2995719909668,98000,3.0214474201202393,3.02145@98000,100000,3.0230767726898193,1026.299527645111,98000,4.9709577560424805,4.97096@98000,100000,4.978468894958496,,,,,,,/root/ruivi/results/default_config_grid/KSIVI/Bnn_protein/20260428_061324/plots,/root/ruivi/results/default_config_grid/KSIVI/Bnn_protein/20260428_061324,seed42_ksivi_bnn_protein,/root/ruivi/results/default_config_grid/KSIVI/Bnn_protein/20260428_061324/run.log,/root/ruivi/results/default_config_grid/KSIVI/Bnn_protein/20260428_061324/samples,42,completed,Bnn_protein,Bnn_protein,/root/ruivi/tb_logs/default_config_grid/KSIVI/Bnn_protein/20260428_061324,1042.503662109375,1050.832125198096
2d5aeb9c6e28d047d2aae2adfbe75def2f72a0dab9dab676ba3e015c1b02df22,0.01036385353654623,/root/ruivi/results/default_config_grid/KSIVI/Bnn_winered/20260501_145741/checkpoints,2d5aeb9c6e28d047d2aae2adfbe75def2f72a0dab9dab676ba3e015c1b02df22,default-grid-effective-v1,configs/ksivi_Bnn_winered.yaml,fresh,campaigns/default_config_grid/runtime/console_logs/seed42_ksivi_bnn_winered.log,/root/ruivi/tb_logs/default_config_grid/KSIVI/Bnn_winered/20260501_145741/extracted,2,,finalize_completed,2,100000,KSIVI,ksivi,,,,,,,,,,,,,,,,,,,277.6932966709137,28000,0.9067549705505371,0.906755@28000,100000,0.9185280799865723,277.6932578086853,28000,0.5990060567855835,0.599006@28000,100000,0.605822741985321,,,,,,,/root/ruivi/results/default_config_grid/KSIVI/Bnn_winered/20260501_145741/plots,/root/ruivi/results/default_config_grid/KSIVI/Bnn_winered/20260501_145741,seed42_ksivi_bnn_winered,/root/ruivi/results/default_config_grid/KSIVI/Bnn_winered/20260501_145741/run.log,/root/ruivi/results/default_config_grid/KSIVI/Bnn_winered/20260501_145741/samples,42,completed,Bnn_winered,Bnn_winered,/root/ruivi/tb_logs/default_config_grid/KSIVI/Bnn_winered/20260501_145741,1036.3853759765625,1043.6281186714768
17f3f2cf4a3496db499ef0b3c1cf8c27eca6f2faefb3e4d070b1c42d880af58f,0.010128951631486416,/root/ruivi/results/default_config_grid/KSIVI/Bnn_yacht/20260501_145741/checkpoints,17f3f2cf4a3496db499ef0b3c1cf8c27eca6f2faefb3e4d070b1c42d880af58f,default-grid-effective-v1,configs/ksivi_Bnn_yacht.yaml,fresh,campaigns/default_config_grid/runtime/console_logs/seed42_ksivi_bnn_yacht.log,/root/ruivi/tb_logs/default_config_grid/KSIVI/Bnn_yacht/20260501_145741/extracted,2,,finalize_completed,0,100000,KSIVI,ksivi,,,,,,,,,,,,,,,,,,,895.4439964294434,88000,1.684382438659668,1.68438@88000,100000,1.6956024169921875,905.7141625881195,89000,1.282415509223938,1.28242@89000,100000,1.2958487272262573,,,,,,,/root/ruivi/results/default_config_grid/KSIVI/Bnn_yacht/20260501_145741/plots,/root/ruivi/results/default_config_grid/KSIVI/Bnn_yacht/20260501_145741,seed42_ksivi_bnn_yacht,/root/ruivi/results/default_config_grid/KSIVI/Bnn_yacht/20260501_145741/run.log,/root/ruivi/results/default_config_grid/KSIVI/Bnn_yacht/20260501_145741/samples,42,completed,Bnn_yacht,Bnn_yacht,/root/ruivi/tb_logs/default_config_grid/KSIVI/Bnn_yacht/20260501_145741,1012.8951416015625,1020.5871054418385
7befd4b5e85685eb043f5a92665d2d62b4aa975f2dcdebb9ee21648f591a57c6,0.010034268721938133,/root/ruivi/results/default_config_grid/KSIVI/Langevin_post/20260429_220656/checkpoints,7befd4b5e85685eb043f5a92665d2d62b4aa975f2dcdebb9ee21648f591a57c6,default-grid-effective-v1,configs/ksivi_Langevin_post.yaml,fresh,campaigns/default_config_grid/runtime/console_logs/seed42_ksivi_langevin_post.log,/root/ruivi/tb_logs/default_config_grid/KSIVI/Langevin_post/20260429_220656/extracted,2,,finalize_completed,3,50000,KSIVI,ksivi,191.32995080947876,19000,-182.95834350585938,-182.958@19000,50000,-188.7296142578125,113.99592328071594,11000,73.84952545166016,73.8495@11000,50000,70.11756134033203,,,,,,,,,,,,,,,,,,,102.81421208381653,10000,0.016576413065195084,0.0165764@10000,50000,0.024056119844317436,/root/ruivi/results/default_config_grid/KSIVI/Langevin_post/20260429_220656/plots,/root/ruivi/results/default_config_grid/KSIVI/Langevin_post/20260429_220656,seed42_ksivi_langevin_post,/root/ruivi/results/default_config_grid/KSIVI/Langevin_post/20260429_220656/run.log,/root/ruivi/results/default_config_grid/KSIVI/Langevin_post/20260429_220656/samples,42,completed,Langevin_post,Langevin_post,/root/ruivi/tb_logs/default_config_grid/KSIVI/Langevin_post/20260429_220656,501.7134094238281,508.53988256677985
53ff7b4b91212ace106a5a571fe2600dded802ff9e07b0fff0ee985c5162ce81,0.0061598303727805614,/root/ruivi/results/default_config_grid/KSIVI/LRwaveform/20260428_063055/checkpoints,53ff7b4b91212ace106a5a571fe2600dded802ff9e07b0fff0ee985c5162ce81,default-grid-effective-v1,configs/ksivi_LRwaveform.yaml,fresh,campaigns/default_config_grid/runtime/console_logs/seed42_ksivi_lrwaveform.log,/root/ruivi/tb_logs/default_config_grid/KSIVI/LRwaveform/20260428_063055/extracted,1,,finalize_completed,2,50000,KSIVI,ksivi,7.606175184249878,500,25.185073852539062,25.1851@500,50000,-19.328960418701172,,,,,,,,,,,,,,,,,,,,,,,,,,,,,,,/root/ruivi/results/default_config_grid/KSIVI/LRwaveform/20260428_063055/plots,/root/ruivi/results/default_config_grid/KSIVI/LRwaveform/20260428_063055,seed42_ksivi_lrwaveform,/root/ruivi/results/default_config_grid/KSIVI/LRwaveform/20260428_063055/run.log,/root/ruivi/results/default_config_grid/KSIVI/LRwaveform/20260428_063055/samples,42,completed,LRwaveform,LRwaveform,/root/ruivi/tb_logs/default_config_grid/KSIVI/LRwaveform/20260428_063055,307.99151611328125,315.2552633546293
793a571812f92524c4cb2ace3427c9b7635748f7b2a29a9c900304d6e3dbdca2,0.0070800455287098885,/root/ruivi/results/default_config_grid/KSIVI/multimodal/20260428_063610/checkpoints,59cd0f512507d4d926b0fd157a90b0c1e0f2a8cee58cfb48d01fbda0ae6fb274,default-grid-effective-v1,configs/ksivi_multimodal.yaml,fresh,campaigns/default_config_grid/runtime/console_logs/seed42_ksivi_multimodal.log,/root/ruivi/tb_logs/default_config_grid/KSIVI/multimodal/20260428_063610/extracted,1,,finalize_completed,2,50000,KSIVI,ksivi,228.12926697731018,32000,-0.007553146220743656,-0.00755315@32000,50000,-0.010293436236679554,,,,,,,325.2537820339203,45500,-0.005236715078353882,-0.00523672@45500,50000,0.017427843064069748,,,,,,,,,,,,,177.13007974624634,24500,0.07717650383710861,0.0771765@24500,50000,0.1339360624551773,/root/ruivi/results/default_config_grid/KSIVI/multimodal/20260428_063610/plots,/root/ruivi/results/default_config_grid/KSIVI/multimodal/20260428_063610,seed42_ksivi_multimodal,/root/ruivi/results/default_config_grid/KSIVI/multimodal/20260428_063610/run.log,/root/ruivi/results/default_config_grid/KSIVI/multimodal/20260428_063610/samples,42,completed,multimodal,multimodal,/root/ruivi/tb_logs/default_config_grid/KSIVI/multimodal/20260428_063610,354.0022888183594,398.68117567896843
3e8f1d5d05323a2dfcaf4a21c03be0bd9d3937958920b7e556015a975986a696,0.0065322620794177055,/root/ruivi/results/default_config_grid/KSIVI/student_uc/20260428_063925/checkpoints,89f2174c39cd0f0ff272a1d47b5d853aa6f4e8b3c7d29f0e84fd00564044608b,default-grid-effective-v1,configs/ksivi_student_uc.yaml,fresh,campaigns/default_config_grid/runtime/console_logs/seed42_ksivi_student_uc.log,/root/ruivi/tb_logs/default_config_grid/KSIVI/student_uc/20260428_063925/extracted,1,,finalize_completed,0,50000,KSIVI,ksivi,7.097391128540039,500,-7.174191951751709,-7.17419@500,50000,-15.885416984558105,,,,,,,6.812596321105957,500,4.244632720947266,4.24463@500,50000,9.305097579956055,,,,,,,,,,,,,6.853089332580566,500,2.897976875305176,2.89798@500,50000,38.174102783203125,/root/ruivi/results/default_config_grid/KSIVI/student_uc/20260428_063925/plots,/root/ruivi/results/default_config_grid/KSIVI/student_uc/20260428_063925,seed42_ksivi_student_uc,/root/ruivi/results/default_config_grid/KSIVI/student_uc/20260428_063925/run.log,/root/ruivi/results/default_config_grid/KSIVI/student_uc/20260428_063925/samples,42,completed,student_uc,student_uc,/root/ruivi/tb_logs/default_config_grid/KSIVI/student_uc/20260428_063925,326.61309814453125,332.350371286273
a3dfe1c6e0071a1d582a8001a97ed6d7222c471ebee4458c7d102051105011c4,0.007478418294340372,/root/ruivi/results/default_config_grid/KSIVI/x_shaped/20260428_064249/checkpoints,4e05fe0fa4e98ffcb7adbe0077c2e661a39f613f784a2de4e2646bd244add487,default-grid-effective-v1,configs/ksivi_x_shaped.yaml,fresh,campaigns/default_config_grid/runtime/console_logs/seed42_ksivi_x_shaped.log,/root/ruivi/tb_logs/default_config_grid/KSIVI/x_shaped/20260428_064249/extracted,1,,finalize_completed,2,50000,KSIVI,ksivi,373.4470953941345,49500,-0.15402629971504211,-0.154026@49500,50000,-0.1698279231786728,,,,,,,203.42782735824585,27000,0.13077440857887268,0.130774@27000,50000,0.14699618518352509,,,,,,,,,,,,,358.0514705181122,47500,0.4453293979167938,0.445329@47500,50000,0.47858014702796936,/root/ruivi/results/default_config_grid/KSIVI/x_shaped/20260428_064249/plots,/root/ruivi/results/default_config_grid/KSIVI/x_shaped/20260428_064249,seed42_ksivi_x_shaped,/root/ruivi/results/default_config_grid/KSIVI/x_shaped/20260428_064249/run.log,/root/ruivi/results/default_config_grid/KSIVI/x_shaped/20260428_064249/samples,42,completed,x_shaped,x_shaped,/root/ruivi/tb_logs/default_config_grid/KSIVI/x_shaped/20260428_064249,373.9208984375,417.0139540731907
444605ed16717d04d1f5d92cddd9773d72d71561b720cb7df7d6ced213d40c47,0.014963775873184204,/root/ruivi/results/default_config_grid/SIVI/8_gaussians/20260428_042348/checkpoints,c4f554654f27b1c8f83b5da67d3f7f51d88e68dd2896fd18bed073f703c2370f,default-grid-effective-v1,configs/sivi_8_gaussians.yaml,fresh,campaigns/default_config_grid/runtime/console_logs/seed42_sivi_8_gaussians.log,/root/ruivi/tb_logs/default_config_grid/SIVI/8_gaussians/20260428_042348/extracted,1,,finalize_completed,0,10000,SIVI,sivi,137.40102362632751,8900,-0.11968275159597397,-0.119683@8900,10000,-0.13239823281764984,,,,,,,150.77641129493713,9800,0.10582288354635239,0.105823@9800,10000,0.1343962550163269,,,,,,,,,,,,,144.81491422653198,9400,0.0796390026807785,0.079639@9400,10000,0.136757493019104,/root/ruivi/results/default_config_grid/SIVI/8_gaussians/20260428_042348/plots,/root/ruivi/results/default_config_grid/SIVI/8_gaussians/20260428_042348,seed42_sivi_8_gaussians,/root/ruivi/results/default_config_grid/SIVI/8_gaussians/20260428_042348/run.log,/root/ruivi/results/default_config_grid/SIVI/8_gaussians/20260428_042348/samples,42,completed,8_gaussians,8_gaussians,/root/ruivi/tb_logs/default_config_grid/SIVI/8_gaussians/20260428_042348,149.63775634765625,156.30492337793112
02d061b2bdc1ba860676768979ae8c44110bca64f4f47da20931fe017047834c,0.015088486485183239,/root/ruivi/results/default_config_grid/SIVI/banana/20260428_042348/checkpoints,4b836259bbd445b2e36d500abaef11e96e037babf807f1339df992e32d0f2fe2,default-grid-effective-v1,configs/sivi_banana.yaml,fresh,campaigns/default_config_grid/runtime/console_logs/seed42_sivi_banana.log,/root/ruivi/tb_logs/default_config_grid/SIVI/banana/20260428_042348/extracted,1,,finalize_completed,1,10000,SIVI,sivi,122.74411582946777,7900,-0.0012098675360903144,-0.00120987@7900,10000,-0.008776464499533176,,,,,,,91.10043144226074,5800,-0.01573709212243557,-0.0157371@5800,10000,0.002462176838889718,,,,,,,,,,,,,140.73999404907227,9100,0.03004300594329834,0.030043@9100,10000,0.04120334982872009,/root/ruivi/results/default_config_grid/SIVI/banana/20260428_042348/plots,/root/ruivi/results/default_config_grid/SIVI/banana/20260428_042348,seed42_sivi_banana,/root/ruivi/results/default_config_grid/SIVI/banana/20260428_042348/run.log,/root/ruivi/results/default_config_grid/SIVI/banana/20260428_042348/samples,42,completed,banana,banana,/root/ruivi/tb_logs/default_config_grid/SIVI/banana/20260428_042348,150.88485717773438,156.31615824252367
cef2b77727dd6106bfcbb6926a59ba12d0b395ce645d58e4583179c9dcec5ad0,0.05542687699198723,/root/ruivi/results/default_config_grid/SIVI/Bnn_boston/20260501_140351/checkpoints,cef2b77727dd6106bfcbb6926a59ba12d0b395ce645d58e4583179c9dcec5ad0,default-grid-effective-v1,configs/sivi_Bnn_boston.yaml,fresh,campaigns/default_config_grid/runtime/console_logs/seed42_sivi_bnn_boston.log,/root/ruivi/tb_logs/default_config_grid/SIVI/Bnn_boston/20260501_140351/extracted,2,,finalize_completed,0,10000,SIVI,sivi,,,,,,,,,,,,,,,,,,,558.7974684238434,10000,2.5307180881500244,2.53072@10000,10000,2.5307180881500244,558.7974252700806,10000,2.8860929012298584,2.88609@10000,10000,2.8860929012298584,,,,,,,/root/ruivi/results/default_config_grid/SIVI/Bnn_boston/20260501_140351/plots,/root/ruivi/results/default_config_grid/SIVI/Bnn_boston/20260501_140351,seed42_sivi_bnn_boston,/root/ruivi/results/default_config_grid/SIVI/Bnn_boston/20260501_140351/run.log,/root/ruivi/results/default_config_grid/SIVI/Bnn_boston/20260501_140351/samples,42,completed,Bnn_boston,Bnn_boston,/root/ruivi/tb_logs/default_config_grid/SIVI/Bnn_boston/20260501_140351,554.2687377929688,643.372230488807
15fba353c758ea918a153addeb869f5fccc7e3427ee567aea5045dd8fceb6ab3,0.03892241790890694,/root/ruivi/results/default_config_grid/SIVI/Bnn_concrete/20260501_140350/checkpoints,15fba353c758ea918a153addeb869f5fccc7e3427ee567aea5045dd8fceb6ab3,default-grid-effective-v1,configs/sivi_Bnn_concrete.yaml,fresh,campaigns/default_config_grid/runtime/console_logs/seed42_sivi_bnn_concrete.log,/root/ruivi/tb_logs/default_config_grid/SIVI/Bnn_concrete/20260501_140350/extracted,2,,finalize_completed,1,10000,SIVI,sivi,,,,,,,,,,,,,,,,,,,156.18611812591553,3900,3.357144832611084,3.35714@3900,10000,3.376465320587158,141.11656546592712,3500,6.845736980438232,6.84574@3500,10000,6.985589504241943,,,,,,,/root/ruivi/results/default_config_grid/SIVI/Bnn_concrete/20260501_140350/plots,/root/ruivi/results/default_config_grid/SIVI/Bnn_concrete/20260501_140350,seed42_sivi_bnn_concrete,/root/ruivi/results/default_config_grid/SIVI/Bnn_concrete/20260501_140350/run.log,/root/ruivi/results/default_config_grid/SIVI/Bnn_concrete/20260501_140350/samples,42,completed,Bnn_concrete,Bnn_concrete,/root/ruivi/tb_logs/default_config_grid/SIVI/Bnn_concrete/20260501_140350,389.22418212890625,396.8640857450664
b9af501fcd450db5428d831e9b2bb17dd626cfc0dad22ac922705d7916481b13,0.026179643347859383,/root/ruivi/results/default_config_grid/SIVI/Bnn_power/20260501_140350/checkpoints,b9af501fcd450db5428d831e9b2bb17dd626cfc0dad22ac922705d7916481b13,default-grid-effective-v1,configs/sivi_Bnn_power.yaml,fresh,campaigns/default_config_grid/runtime/console_logs/seed42_sivi_bnn_power.log,/root/ruivi/tb_logs/default_config_grid/SIVI/Bnn_power/20260501_140350/extracted,2,,finalize_completed,2,10000,SIVI,sivi,,,,,,,,,,,,,,,,,,,263.5097448825836,9900,2.8078627586364746,2.80786@9900,10000,2.808826208114624,263.5097005367279,9900,3.9670510292053223,3.96705@9900,10000,3.9709925651550293,,,,,,,/root/ruivi/results/default_config_grid/SIVI/Bnn_power/20260501_140350/plots,/root/ruivi/results/default_config_grid/SIVI/Bnn_power/20260501_140350,seed42_sivi_bnn_power,/root/ruivi/results/default_config_grid/SIVI/Bnn_power/20260501_140350/run.log,/root/ruivi/results/default_config_grid/SIVI/Bnn_power/20260501_140350/samples,42,completed,Bnn_power,Bnn_power,/root/ruivi/tb_logs/default_config_grid/SIVI/Bnn_power/20260501_140350,261.7964172363281,322.93988458812237
f5b2c68b95ae72dcf216058f490cdf917ef9d1ee2e11f94996e0d628e26d7e7b,0.0428803414106369,/root/ruivi/results/default_config_grid/SIVI/Bnn_protein/20260501_140351/checkpoints,f5b2c68b95ae72dcf216058f490cdf917ef9d1ee2e11f94996e0d628e26d7e7b,default-grid-effective-v1,configs/sivi_Bnn_protein.yaml,fresh,campaigns/default_config_grid/runtime/console_logs/seed42_sivi_bnn_protein.log,/root/ruivi/tb_logs/default_config_grid/SIVI/Bnn_protein/20260501_140351/extracted,2,,finalize_completed,3,10000,SIVI,sivi,,,,,,,,,,,,,,,,,,,424.8814079761505,9800,3.001380443572998,3.00138@9800,10000,3.0032286643981934,429.03455662727356,9900,4.770451068878174,4.77045@9900,10000,4.772871017456055,,,,,,,/root/ruivi/results/default_config_grid/SIVI/Bnn_protein/20260501_140351/plots,/root/ruivi/results/default_config_grid/SIVI/Bnn_protein/20260501_140351,seed42_sivi_bnn_protein,/root/ruivi/results/default_config_grid/SIVI/Bnn_protein/20260501_140351/run.log,/root/ruivi/results/default_config_grid/SIVI/Bnn_protein/20260501_140351/samples,42,completed,Bnn_protein,Bnn_protein,/root/ruivi/tb_logs/default_config_grid/SIVI/Bnn_protein/20260501_140351,428.8034362792969,435.84776620566845
855583a7ee49e858535b7710c4b6ae88e2289bb5524fc1cfc840a4a8728ef4d6,0.04884086921811104,/root/ruivi/results/default_config_grid/SIVI/Bnn_winered/20260501_140913/checkpoints,855583a7ee49e858535b7710c4b6ae88e2289bb5524fc1cfc840a4a8728ef4d6,default-grid-effective-v1,configs/sivi_Bnn_winered.yaml,fresh,campaigns/default_config_grid/runtime/console_logs/seed42_sivi_bnn_winered.log,/root/ruivi/tb_logs/default_config_grid/SIVI/Bnn_winered/20260501_140913/extracted,2,,finalize_completed,2,10000,SIVI,sivi,,,,,,,,,,,,,,,,,,,340.5131006240845,6900,0.8775177001953125,0.877518@6900,10000,0.8854928016662598,330.9135162830353,6700,0.5821582674980164,0.582158@6700,10000,0.5871038436889648,,,,,,,/root/ruivi/results/default_config_grid/SIVI/Bnn_winered/20260501_140913/plots,/root/ruivi/results/default_config_grid/SIVI/Bnn_winered/20260501_140913,seed42_sivi_bnn_winered,/root/ruivi/results/default_config_grid/SIVI/Bnn_winered/20260501_140913/run.log,/root/ruivi/results/default_config_grid/SIVI/Bnn_winered/20260501_140913/samples,42,completed,Bnn_winered,Bnn_winered,/root/ruivi/tb_logs/default_config_grid/SIVI/Bnn_winered/20260501_140913,488.40869140625,646.6876932233572
0f464342c9c61974f545676cf27142ed77c7f12c21daed5cd6e20291e6fb0627,0.03244641050696373,/root/ruivi/results/default_config_grid/SIVI/Bnn_yacht/20260501_141027/checkpoints,0f464342c9c61974f545676cf27142ed77c7f12c21daed5cd6e20291e6fb0627,default-grid-effective-v1,configs/sivi_Bnn_yacht.yaml,fresh,campaigns/default_config_grid/runtime/console_logs/seed42_sivi_bnn_yacht.log,/root/ruivi/tb_logs/default_config_grid/SIVI/Bnn_yacht/20260501_141027/extracted,2,,finalize_completed,1,10000,SIVI,sivi,,,,,,,,,,,,,,,,,,,299.9701511859894,9100,1.8147997856140137,1.8148@9100,10000,1.8891081809997559,321.7374122142792,9800,2.1521127223968506,2.15211@9800,10000,2.154827117919922,,,,,,,/root/ruivi/results/default_config_grid/SIVI/Bnn_yacht/20260501_141027/plots,/root/ruivi/results/default_config_grid/SIVI/Bnn_yacht/20260501_141027,seed42_sivi_bnn_yacht,/root/ruivi/results/default_config_grid/SIVI/Bnn_yacht/20260501_141027/run.log,/root/ruivi/results/default_config_grid/SIVI/Bnn_yacht/20260501_141027/samples,42,completed,Bnn_yacht,Bnn_yacht,/root/ruivi/tb_logs/default_config_grid/SIVI/Bnn_yacht/20260501_141027,324.464111328125,330.48988481238484
fbd5142ec5b18d77ccc82cbd8dc3aa0eb7f8e4f9307e08f10ce7b129ba68a6a8,0.0323190838098526,/root/ruivi/results/default_config_grid/SIVI/Langevin_post/20260429_220135/checkpoints,fbd5142ec5b18d77ccc82cbd8dc3aa0eb7f8e4f9307e08f10ce7b129ba68a6a8,default-grid-effective-v1,configs/sivi_Langevin_post.yaml,fresh,campaigns/default_config_grid/runtime/console_logs/seed42_sivi_langevin_post.log,/root/ruivi/tb_logs/default_config_grid/SIVI/Langevin_post/20260429_220135/extracted,2,,finalize_completed,0,10000,SIVI,sivi,303.82965993881226,9300,-179.36485290527344,-179.365@9300,10000,-179.48519897460938,91.24546074867249,2700,74.79684448242188,74.7968@2700,10000,57.862552642822266,,,,,,,,,,,,,,,,,,,90.62086200714111,2700,0.011969626881182194,0.0119696@2700,10000,0.03457476198673248,/root/ruivi/results/default_config_grid/SIVI/Langevin_post/20260429_220135/plots,/root/ruivi/results/default_config_grid/SIVI/Langevin_post/20260429_220135,seed42_sivi_langevin_post,/root/ruivi/results/default_config_grid/SIVI/Langevin_post/20260429_220135/run.log,/root/ruivi/results/default_config_grid/SIVI/Langevin_post/20260429_220135/samples,42,completed,Langevin_post,Langevin_post,/root/ruivi/tb_logs/default_config_grid/SIVI/Langevin_post/20260429_220135,323.1908264160156,330.55896627530456
d57881fa17a932ad854790c40d5bcf2102a6cac6965490225fb78fe36bf9a55c,0.01948939636349678,/root/ruivi/results/default_config_grid/SIVI/LRwaveform/20260428_043338/checkpoints,d57881fa17a932ad854790c40d5bcf2102a6cac6965490225fb78fe36bf9a55c,default-grid-effective-v1,configs/sivi_LRwaveform.yaml,fresh,campaigns/default_config_grid/runtime/console_logs/seed42_sivi_lrwaveform.log,/root/ruivi/tb_logs/default_config_grid/SIVI/LRwaveform/20260428_043338/extracted,1,,finalize_completed,1,10000,SIVI,sivi,7.753508806228638,200,31.82786750793457,31.8279@200,10000,3.0252513885498047,,,,,,,,,,,,,,,,,,,,,,,,,,,,,,,/root/ruivi/results/default_config_grid/SIVI/LRwaveform/20260428_043338/plots,/root/ruivi/results/default_config_grid/SIVI/LRwaveform/20260428_043338,seed42_sivi_lrwaveform,/root/ruivi/results/default_config_grid/SIVI/LRwaveform/20260428_043338/run.log,/root/ruivi/results/default_config_grid/SIVI/LRwaveform/20260428_043338/samples,42,completed,LRwaveform,LRwaveform,/root/ruivi/tb_logs/default_config_grid/SIVI/LRwaveform/20260428_043338,194.8939666748047,200.01663871482015
4e09cd4bbd546659fd061c498cba8949dbee3dc85a0284952bd65abd7e4dd3fa,0.015145910903811455,/root/ruivi/results/default_config_grid/SIVI/multimodal/20260428_043626/checkpoints,c59f25d620c8de4e745aab41f8bac181f4fa199c127a1ed5edb328ccb6394269,default-grid-effective-v1,configs/sivi_multimodal.yaml,fresh,campaigns/default_config_grid/runtime/console_logs/seed42_sivi_multimodal.log,/root/ruivi/tb_logs/default_config_grid/SIVI/multimodal/20260428_043626/extracted,1,,finalize_completed,0,10000,SIVI,sivi,154.82601857185364,10000,-0.0002859494125004858,-0.000285949@10000,10000,-0.0002859494125004858,,,,,,,99.64284038543701,6400,-0.009414473548531532,-0.00941447@6400,10000,0.007404867094010115,,,,,,,,,,,,,148.71164774894714,9600,0.020879751071333885,0.0208798@9600,10000,0.030911104753613472,/root/ruivi/results/default_config_grid/SIVI/multimodal/20260428_043626/plots,/root/ruivi/results/default_config_grid/SIVI/multimodal/20260428_043626,seed42_sivi_multimodal,/root/ruivi/results/default_config_grid/SIVI/multimodal/20260428_043626/run.log,/root/ruivi/results/default_config_grid/SIVI/multimodal/20260428_043626/samples,42,completed,multimodal,multimodal,/root/ruivi/tb_logs/default_config_grid/SIVI/multimodal/20260428_043626,151.4591064453125,156.4350915439427
e47010178968d21809ad9de58007bbf2e09ea38562860c589a81a3647bf0e92a,0.015304210595786572,/root/ruivi/results/default_config_grid/SIVI/student_uc/20260428_043658/checkpoints,b280af6d5ff88b1dd10085972b2861a4d1c6782edba46dbe275e41264fbe7041,default-grid-effective-v1,configs/sivi_student_uc.yaml,fresh,campaigns/default_config_grid/runtime/console_logs/seed42_sivi_student_uc.log,/root/ruivi/tb_logs/default_config_grid/SIVI/student_uc/20260428_043658/extracted,1,,finalize_completed,1,10000,SIVI,sivi,88.64595794677734,5500,-2.6738250255584717,-2.67383@5500,10000,-2.676860809326172,,,,,,,106.95893025398254,6700,-0.011697489768266678,-0.0116975@6700,10000,0.0029168135952204466,,,,,,,,,,,,,128.05980825424194,8100,0.5886690020561218,0.588669@8100,10000,0.6294534802436829,/root/ruivi/results/default_config_grid/SIVI/student_uc/20260428_043658/plots,/root/ruivi/results/default_config_grid/SIVI/student_uc/20260428_043658,seed42_sivi_student_uc,/root/ruivi/results/default_config_grid/SIVI/student_uc/20260428_043658/run.log,/root/ruivi/results/default_config_grid/SIVI/student_uc/20260428_043658/samples,42,completed,student_uc,student_uc,/root/ruivi/tb_logs/default_config_grid/SIVI/student_uc/20260428_043658,153.0421142578125,159.89184598252177
5f198b0f744d8fa67196ee326a0d19ce2134aff63d0298682c30e4e10fc5d060,0.015503600239753723,/root/ruivi/results/default_config_grid/SIVI/x_shaped/20260428_043837/checkpoints,30eb27b67cdefb570a277ae76fbcb304967eebb4a8fbbe003bad7e37f8a1ff1b,default-grid-effective-v1,configs/sivi_x_shaped.yaml,fresh,campaigns/default_config_grid/runtime/console_logs/seed42_sivi_x_shaped.log,/root/ruivi/tb_logs/default_config_grid/SIVI/x_shaped/20260428_043837/extracted,1,,finalize_completed,2,10000,SIVI,sivi,148.31033658981323,9300,-0.0003141087363474071,-0.000314109@9300,10000,-0.0033686053939163685,,,,,,,111.89992785453796,7000,-0.019062288105487823,-0.0190623@7000,10000,0.01117801759392023,,,,,,,,,,,,,146.6226930618286,9200,0.028266241773962975,0.0282662@9200,10000,0.045931100845336914,/root/ruivi/results/default_config_grid/SIVI/x_shaped/20260428_043837/plots,/root/ruivi/results/default_config_grid/SIVI/x_shaped/20260428_043837,seed42_sivi_x_shaped,/root/ruivi/results/default_config_grid/SIVI/x_shaped/20260428_043837/run.log,/root/ruivi/results/default_config_grid/SIVI/x_shaped/20260428_043837/samples,42,completed,x_shaped,x_shaped,/root/ruivi/tb_logs/default_config_grid/SIVI/x_shaped/20260428_043837,155.03599548339844,161.97235098853707
d364f79dab55a0e56bdcb1ece418d46f011d38177cf77c75684105cc362900b0,0.07915616035461426,/root/ruivi/results/default_config_grid/UIVI/8_gaussians/20260428_043837/checkpoints,b85236f87b790d33b6485a26638e640eb2eb48fb6b525191c2b852f857ed0ac1,default-grid-effective-v1,configs/uivi_8_gaussians.yaml,fresh,campaigns/default_config_grid/runtime/console_logs/seed42_uivi_8_gaussians.log,/root/ruivi/tb_logs/default_config_grid/UIVI/8_gaussians/20260428_043837/extracted,1,,finalize_completed,3,10000,UIVI,uivi,678.2176249027252,8500,-0.7653283476829529,-0.765328@8500,10000,-0.8443573117256165,,,,,,,472.7946982383728,5900,0.7335285544395447,0.733529@5900,10000,0.7936469316482544,,,,,,,,,,,,,621.7868645191193,7800,0.2246851623058319,0.224685@7800,10000,0.25888657569885254,/root/ruivi/results/default_config_grid/UIVI/8_gaussians/20260428_043837/plots,/root/ruivi/results/default_config_grid/UIVI/8_gaussians/20260428_043837,seed42_uivi_8_gaussians,/root/ruivi/results/default_config_grid/UIVI/8_gaussians/20260428_043837/run.log,/root/ruivi/results/default_config_grid/UIVI/8_gaussians/20260428_043837/samples,42,completed,8_gaussians,8_gaussians,/root/ruivi/tb_logs/default_config_grid/UIVI/8_gaussians/20260428_043837,791.5615844726562,798.551732968539
bb3b94ea0317ba6b9043f17ddca14a2b8c6fd27cac26d9ef79e69ed2d99ffa2c,0.07635637372732162,/root/ruivi/results/default_config_grid/UIVI/banana/20260428_043903/checkpoints,c02af30322327783f37021da11ec860e0cb737f12221331aacdccfdd4409406b,default-grid-effective-v1,configs/uivi_banana.yaml,fresh,campaigns/default_config_grid/runtime/console_logs/seed42_uivi_banana.log,/root/ruivi/tb_logs/default_config_grid/UIVI/banana/20260428_043903/extracted,1,,finalize_completed,0,10000,UIVI,uivi,759.0304384231567,9900,-0.022867407649755478,-0.0228674@9900,10000,-0.023057078942656517,,,,,,,758.8100531101227,9900,0.0051367077976465225,0.00513671@9900,10000,0.03400469571352005,,,,,,,,,,,,,246.93776082992554,3200,0.17420093715190887,0.174201@3200,10000,0.3245028257369995,/root/ruivi/results/default_config_grid/UIVI/banana/20260428_043903/plots,/root/ruivi/results/default_config_grid/UIVI/banana/20260428_043903,seed42_uivi_banana,/root/ruivi/results/default_config_grid/UIVI/banana/20260428_043903/run.log,/root/ruivi/results/default_config_grid/UIVI/banana/20260428_043903/samples,42,completed,banana,banana,/root/ruivi/tb_logs/default_config_grid/UIVI/banana/20260428_043903,763.563720703125,768.426854018122
806389a999f5f0a63f0dab0b99cf36a37fc6cadc2d4aae672ba7a5640762ed63,0.07308287918567657,/root/ruivi/results/default_config_grid/UIVI/Bnn_boston/20260501_141106/checkpoints,806389a999f5f0a63f0dab0b99cf36a37fc6cadc2d4aae672ba7a5640762ed63,default-grid-effective-v1,configs/uivi_Bnn_boston.yaml,fresh,campaigns/default_config_grid/runtime/console_logs/seed42_uivi_bnn_boston.log,/root/ruivi/tb_logs/default_config_grid/UIVI/Bnn_boston/20260501_141106/extracted,2,,finalize_completed,3,10000,UIVI,uivi,,,,,,,,,,,,,,,,,,,734.1154351234436,10000,2.6447067260742188,2.64471@10000,10000,2.6447067260742188,734.1153843402863,10000,3.425344467163086,3.42534@10000,10000,3.425344467163086,,,,,,,/root/ruivi/results/default_config_grid/UIVI/Bnn_boston/20260501_141106/plots,/root/ruivi/results/default_config_grid/UIVI/Bnn_boston/20260501_141106,seed42_uivi_bnn_boston,/root/ruivi/results/default_config_grid/UIVI/Bnn_boston/20260501_141106/run.log,/root/ruivi/results/default_config_grid/UIVI/Bnn_boston/20260501_141106/samples,42,completed,Bnn_boston,Bnn_boston,/root/ruivi/tb_logs/default_config_grid/UIVI/Bnn_boston/20260501_141106,730.8287963867188,856.6053156033158
cafdaa5441a5272859c2747dab6c31d48c9c1abbad5fcdac659a58ca54b4f63d,0.07796099036931992,/root/ruivi/results/default_config_grid/UIVI/Bnn_concrete/20260501_141433/checkpoints,cafdaa5441a5272859c2747dab6c31d48c9c1abbad5fcdac659a58ca54b4f63d,default-grid-effective-v1,configs/uivi_Bnn_concrete.yaml,fresh,campaigns/default_config_grid/runtime/console_logs/seed42_uivi_bnn_concrete.log,/root/ruivi/tb_logs/default_config_grid/UIVI/Bnn_concrete/20260501_141433/extracted,2,,finalize_completed,0,10000,UIVI,uivi,,,,,,,,,,,,,,,,,,,63.0304696559906,800,3.4958853721618652,3.49589@800,10000,3.5008347034454346,750.6433205604553,9600,7.692661762237549,7.69266@9600,10000,7.709906578063965,,,,,,,/root/ruivi/results/default_config_grid/UIVI/Bnn_concrete/20260501_141433/plots,/root/ruivi/results/default_config_grid/UIVI/Bnn_concrete/20260501_141433,seed42_uivi_bnn_concrete,/root/ruivi/results/default_config_grid/UIVI/Bnn_concrete/20260501_141433/run.log,/root/ruivi/results/default_config_grid/UIVI/Bnn_concrete/20260501_141433/samples,42,completed,Bnn_concrete,Bnn_concrete,/root/ruivi/tb_logs/default_config_grid/UIVI/Bnn_concrete/20260501_141433,779.60986328125,974.0106991007924
8e205c578f5e3b15660664e5cae57be3c34fc7c7a086f2a12cbd38627044549e,0.07412680238485336,/root/ruivi/results/default_config_grid/UIVI/Bnn_power/20260501_141558/checkpoints,8e205c578f5e3b15660664e5cae57be3c34fc7c7a086f2a12cbd38627044549e,default-grid-effective-v1,configs/uivi_Bnn_power.yaml,fresh,campaigns/default_config_grid/runtime/console_logs/seed42_uivi_bnn_power.log,/root/ruivi/tb_logs/default_config_grid/UIVI/Bnn_power/20260501_141558/extracted,2,,finalize_completed,1,10000,UIVI,uivi,,,,,,,,,,,,,,,,,,,707.7318966388702,9500,2.8172008991241455,2.8172@9500,10000,2.818636655807495,693.097574710846,9300,3.996523141860962,3.99652@9300,10000,3.999546527862549,,,,,,,/root/ruivi/results/default_config_grid/UIVI/Bnn_power/20260501_141558/plots,/root/ruivi/results/default_config_grid/UIVI/Bnn_power/20260501_141558,seed42_uivi_bnn_power,/root/ruivi/results/default_config_grid/UIVI/Bnn_power/20260501_141558/run.log,/root/ruivi/results/default_config_grid/UIVI/Bnn_power/20260501_141558/samples,42,completed,Bnn_power,Bnn_power,/root/ruivi/tb_logs/default_config_grid/UIVI/Bnn_power/20260501_141558,741.2680053710938,889.9623902514577
398e70362c5de4987af303f175cf2003a4f891d17d03feb14d891f3d5dde1f8a,0.07527481019496918,/root/ruivi/results/default_config_grid/UIVI/Bnn_protein/20260501_142000/checkpoints,398e70362c5de4987af303f175cf2003a4f891d17d03feb14d891f3d5dde1f8a,default-grid-effective-v1,configs/uivi_Bnn_protein.yaml,fresh,campaigns/default_config_grid/runtime/console_logs/seed42_uivi_bnn_protein.log,/root/ruivi/tb_logs/default_config_grid/UIVI/Bnn_protein/20260501_142000/extracted,2,,finalize_completed,2,10000,UIVI,uivi,,,,,,,,,,,,,,,,,,,734.0403110980988,9700,3.0268614292144775,3.02686@9700,10000,3.0274229049682617,741.6264157295227,9800,5.028036594390869,5.02804@9800,10000,5.029009819030762,,,,,,,/root/ruivi/results/default_config_grid/UIVI/Bnn_protein/20260501_142000/plots,/root/ruivi/results/default_config_grid/UIVI/Bnn_protein/20260501_142000,seed42_uivi_bnn_protein,/root/ruivi/results/default_config_grid/UIVI/Bnn_protein/20260501_142000/run.log,/root/ruivi/results/default_config_grid/UIVI/Bnn_protein/20260501_142000/samples,42,completed,Bnn_protein,Bnn_protein,/root/ruivi/tb_logs/default_config_grid/UIVI/Bnn_protein/20260501_142000,752.7481079101562,760.6192973740399
826e2f554ab53b2d4c4809fedc5bf4ed7e2eca931f4949ba5916214e80dbe8c7,0.07803206890821457,/root/ruivi/results/default_config_grid/UIVI/Bnn_winered/20260501_142523/checkpoints,826e2f554ab53b2d4c4809fedc5bf4ed7e2eca931f4949ba5916214e80dbe8c7,default-grid-effective-v1,configs/uivi_Bnn_winered.yaml,fresh,campaigns/default_config_grid/runtime/console_logs/seed42_uivi_bnn_winered.log,/root/ruivi/tb_logs/default_config_grid/UIVI/Bnn_winered/20260501_142523/extracted,2,,finalize_completed,3,10000,UIVI,uivi,,,,,,,,,,,,,,,,,,,289.6157760620117,3800,0.9296183586120605,0.929618@3800,10000,0.9496827125549316,273.7140574455261,3600,0.6141179203987122,0.614118@3600,10000,0.6280569434165955,,,,,,,/root/ruivi/results/default_config_grid/UIVI/Bnn_winered/20260501_142523/plots,/root/ruivi/results/default_config_grid/UIVI/Bnn_winered/20260501_142523,seed42_uivi_bnn_winered,/root/ruivi/results/default_config_grid/UIVI/Bnn_winered/20260501_142523/run.log,/root/ruivi/results/default_config_grid/UIVI/Bnn_winered/20260501_142523/samples,42,completed,Bnn_winered,Bnn_winered,/root/ruivi/tb_logs/default_config_grid/UIVI/Bnn_winered/20260501_142523,780.3206787109375,970.5706495121121
bfc4ddc3f0801dff78a473d11ca56c38cc9093c949282d85e79c5c18b1487c27,0.07838191837072372,/root/ruivi/results/default_config_grid/UIVI/Bnn_yacht/20260501_143048/checkpoints,bfc4ddc3f0801dff78a473d11ca56c38cc9093c949282d85e79c5c18b1487c27,default-grid-effective-v1,configs/uivi_Bnn_yacht.yaml,fresh,campaigns/default_config_grid/runtime/console_logs/seed42_uivi_bnn_yacht.log,/root/ruivi/tb_logs/default_config_grid/UIVI/Bnn_yacht/20260501_143048/extracted,2,,finalize_completed,0,10000,UIVI,uivi,,,,,,,,,,,,,,,,,,,720.495668888092,9100,2.1798267364501953,2.17983@9100,10000,2.1834816932678223,788.169632434845,10000,2.681239128112793,2.68124@10000,10000,2.681239128112793,,,,,,,/root/ruivi/results/default_config_grid/UIVI/Bnn_yacht/20260501_143048/plots,/root/ruivi/results/default_config_grid/UIVI/Bnn_yacht/20260501_143048,seed42_uivi_bnn_yacht,/root/ruivi/results/default_config_grid/UIVI/Bnn_yacht/20260501_143048/run.log,/root/ruivi/results/default_config_grid/UIVI/Bnn_yacht/20260501_143048/samples,42,completed,Bnn_yacht,Bnn_yacht,/root/ruivi/tb_logs/default_config_grid/UIVI/Bnn_yacht/20260501_143048,783.8191528320312,966.9839784838259
0266049c58b05c86156c63b2f446d8bbcf228e4018d2ee8aa5a90e6a671322c5,0.07119704782962799,/root/ruivi/results/default_config_grid/UIVI/Langevin_post/20260429_220136/checkpoints,0266049c58b05c86156c63b2f446d8bbcf228e4018d2ee8aa5a90e6a671322c5,default-grid-effective-v1,configs/uivi_Langevin_post.yaml,fresh,campaigns/default_config_grid/runtime/console_logs/seed42_uivi_langevin_post.log,/root/ruivi/tb_logs/default_config_grid/UIVI/Langevin_post/20260429_220136/extracted,2,,finalize_completed,1,10000,UIVI,uivi,473.54836225509644,6600,-185.0687255859375,-185.069@6600,10000,-185.16629028320312,143.40767168998718,2000,73.6573715209961,73.6574@2000,10000,22.391462326049805,,,,,,,,,,,,,,,,,,,172.5215368270874,2400,0.018413905054330826,0.0184139@2400,10000,0.04579686000943184,/root/ruivi/results/default_config_grid/UIVI/Langevin_post/20260429_220136/plots,/root/ruivi/results/default_config_grid/UIVI/Langevin_post/20260429_220136,seed42_uivi_langevin_post,/root/ruivi/results/default_config_grid/UIVI/Langevin_post/20260429_220136/run.log,/root/ruivi/results/default_config_grid/UIVI/Langevin_post/20260429_220136/samples,42,completed,Langevin_post,Langevin_post,/root/ruivi/tb_logs/default_config_grid/UIVI/Langevin_post/20260429_220136,711.970458984375,719.2493736855686
6596be6959e9e22be98f495a88d083c73fa6bfb71b60876f5c147f75fefa88c9,0.07427864521741867,/root/ruivi/results/default_config_grid/UIVI/LRwaveform/20260428_050451/checkpoints,6596be6959e9e22be98f495a88d083c73fa6bfb71b60876f5c147f75fefa88c9,default-grid-effective-v1,configs/uivi_LRwaveform.yaml,fresh,campaigns/default_config_grid/runtime/console_logs/seed42_uivi_lrwaveform.log,/root/ruivi/tb_logs/default_config_grid/UIVI/LRwaveform/20260428_050451/extracted,1,,finalize_completed,1,10000,UIVI,uivi,19.297087907791138,200,31.59746551513672,31.5975@200,10000,-7.152148246765137,,,,,,,,,,,,,,,,,,,,,,,,,,,,,,,/root/ruivi/results/default_config_grid/UIVI/LRwaveform/20260428_050451/plots,/root/ruivi/results/default_config_grid/UIVI/LRwaveform/20260428_050451,seed42_uivi_lrwaveform,/root/ruivi/results/default_config_grid/UIVI/LRwaveform/20260428_050451/run.log,/root/ruivi/results/default_config_grid/UIVI/LRwaveform/20260428_050451/samples,42,completed,LRwaveform,LRwaveform,/root/ruivi/tb_logs/default_config_grid/UIVI/LRwaveform/20260428_050451,742.7864379882812,757.9403374940157
8eb2c9418b6f1f11119c914d0d515132cd9f686addbd9480a927e821c7da4fab,0.07366172224283218,/root/ruivi/results/default_config_grid/UIVI/multimodal/20260428_050511/checkpoints,de3775367bce0292624ae7b79cc15917e1c23dc07e94ffa5d9069de91c4bd7fa,default-grid-effective-v1,configs/uivi_multimodal.yaml,fresh,campaigns/default_config_grid/runtime/console_logs/seed42_uivi_multimodal.log,/root/ruivi/tb_logs/default_config_grid/UIVI/multimodal/20260428_050511/extracted,1,,finalize_completed,3,10000,UIVI,uivi,439.61761116981506,6000,-0.020832043141126633,-0.020832@6000,10000,-0.039460912346839905,,,,,,,424.1944262981415,5800,0.008822530508041382,0.00882253@5800,10000,0.02320513315498829,,,,,,,,,,,,,343.39480209350586,4700,0.08313615620136261,0.0831362@4700,10000,0.13203983008861542,/root/ruivi/results/default_config_grid/UIVI/multimodal/20260428_050511/plots,/root/ruivi/results/default_config_grid/UIVI/multimodal/20260428_050511,seed42_uivi_multimodal,/root/ruivi/results/default_config_grid/UIVI/multimodal/20260428_050511/run.log,/root/ruivi/results/default_config_grid/UIVI/multimodal/20260428_050511/samples,42,completed,multimodal,multimodal,/root/ruivi/tb_logs/default_config_grid/UIVI/multimodal/20260428_050511,736.6171875,741.9006601050496
93c6d50ab1c68d3fc0946083971df6f18ac1b72568ebb5f67ae0fa357ddd2e8a,0.07365471124649048,/root/ruivi/results/default_config_grid/UIVI/student_uc/20260428_050718/checkpoints,f69d6db1b436f192f4f4050079142e3262dc7d14603347a6ca824f9a3d83bd20,default-grid-effective-v1,configs/uivi_student_uc.yaml,fresh,campaigns/default_config_grid/runtime/console_logs/seed42_uivi_student_uc.log,/root/ruivi/tb_logs/default_config_grid/UIVI/student_uc/20260428_050718/extracted,1,,finalize_completed,2,10000,UIVI,uivi,513.2382340431213,7000,-2.678480863571167,-2.67848@7000,10000,-2.681647539138794,,,,,,,520.2586345672607,7100,-0.0051475646905601025,-0.00514756@7100,10000,0.02303208038210869,,,,,,,,,,,,,632.2120537757874,8600,0.610572099685669,0.610572@8600,10000,0.6268622875213623,/root/ruivi/results/default_config_grid/UIVI/student_uc/20260428_050718/plots,/root/ruivi/results/default_config_grid/UIVI/student_uc/20260428_050718,seed42_uivi_student_uc,/root/ruivi/results/default_config_grid/UIVI/student_uc/20260428_050718/run.log,/root/ruivi/results/default_config_grid/UIVI/student_uc/20260428_050718/samples,42,completed,student_uc,student_uc,/root/ruivi/tb_logs/default_config_grid/UIVI/student_uc/20260428_050718,736.547119140625,741.6075224615633
21dde45c24b33bd710f7747f4c591f83d839b2b08edc4da4b014a0663a545d0f,0.07600956410169601,/root/ruivi/results/default_config_grid/UIVI/x_shaped/20260428_051601/checkpoints,6f2b1fb8e43ff1e60127b07682d557fe592c891f26bf8f16ea5ac51671295349,default-grid-effective-v1,configs/uivi_x_shaped.yaml,fresh,campaigns/default_config_grid/runtime/console_logs/seed42_uivi_x_shaped.log,/root/ruivi/tb_logs/default_config_grid/UIVI/x_shaped/20260428_051601/extracted,1,,finalize_completed,0,10000,UIVI,uivi,417.3169982433319,5500,-0.03900718316435814,-0.0390072@5500,10000,-0.0729331225156784,,,,,,,379.660231590271,5000,0.030975906178355217,0.0309759@5000,10000,0.07551765441894531,,,,,,,,,,,,,319.9516875743866,4200,0.11500311642885208,0.115003@4200,10000,0.23161181807518005,/root/ruivi/results/default_config_grid/UIVI/x_shaped/20260428_051601/plots,/root/ruivi/results/default_config_grid/UIVI/x_shaped/20260428_051601,seed42_uivi_x_shaped,/root/ruivi/results/default_config_grid/UIVI/x_shaped/20260428_051601/run.log,/root/ruivi/results/default_config_grid/UIVI/x_shaped/20260428_051601/samples,42,completed,x_shaped,x_shaped,/root/ruivi/tb_logs/default_config_grid/UIVI/x_shaped/20260428_051601,760.0956420898438,765.4680295735598
1c675878148e604167444f0a27db9de0e5f4444ec6d9f74b2e65c07aa7a393c6,0.03265821188688278,/root/ruivi/results/default_config_grid/AISIVI/8_gaussians/20260428_075233/checkpoints,029e689fd83ab8c085711bb2a52fcda4ad5b3c0f0e238e8f4a020d4cb2741150,default-grid-effective-v1,configs/aisivi_8_gaussians.yaml,fresh,campaigns/default_config_grid/runtime/console_logs/seed43_aisivi_8_gaussians.log,/root/ruivi/tb_logs/default_config_grid/AISIVI/8_gaussians/20260428_075233/extracted,1,,finalize_completed,2,10000,AISIVI,aisivi,276.9011216163635,7900,-0.1155838817358017,-0.115584@7900,10000,-38.426822662353516,,,,,,,250.16395807266235,7100,0.10906369239091873,0.109064@7100,10000,3.43673038482666,,,,,,,,,,,,,184.13369846343994,5100,0.14825788140296936,0.148258@5100,10000,2.9199650287628174,/root/ruivi/results/default_config_grid/AISIVI/8_gaussians/20260428_075233/plots,/root/ruivi/results/default_config_grid/AISIVI/8_gaussians/20260428_075233,seed43_aisivi_8_gaussians,/root/ruivi/results/default_config_grid/AISIVI/8_gaussians/20260428_075233/run.log,/root/ruivi/results/default_config_grid/AISIVI/8_gaussians/20260428_075233/samples,43,completed,8_gaussians,8_gaussians,/root/ruivi/tb_logs/default_config_grid/AISIVI/8_gaussians/20260428_075233,326.5821228027344,344.069980006665
ecad592bc0d54e648a4d4326de6ffe2f8c31ff4b936f8b87169cc568f853c2af,0.034222424030303955,/root/ruivi/results/default_config_grid/AISIVI/banana/20260428_075413/checkpoints,66049b203bf4b03c4aba99a7c9167a36aec43da4ebf82ad230894015b011b628,default-grid-effective-v1,configs/aisivi_banana.yaml,fresh,campaigns/default_config_grid/runtime/console_logs/seed43_aisivi_banana.log,/root/ruivi/tb_logs/default_config_grid/AISIVI/banana/20260428_075413/extracted,1,,finalize_completed,0,10000,AISIVI,aisivi,285.51394391059875,8000,-0.006993869319558144,-0.00699387@8000,10000,-0.015489566139876842,,,,,,,183.2258701324463,5000,-0.01611696556210518,-0.016117@5000,10000,0.00025663472479209304,,,,,,,,,,,,,340.63862323760986,9600,0.044852256774902344,0.0448523@9600,10000,0.10762099176645279,/root/ruivi/results/default_config_grid/AISIVI/banana/20260428_075413/plots,/root/ruivi/results/default_config_grid/AISIVI/banana/20260428_075413,seed43_aisivi_banana,/root/ruivi/results/default_config_grid/AISIVI/banana/20260428_075413/run.log,/root/ruivi/results/default_config_grid/AISIVI/banana/20260428_075413/samples,43,completed,banana,banana,/root/ruivi/tb_logs/default_config_grid/AISIVI/banana/20260428_075413,342.2242431640625,368.31126495450735
176cc58a7873008638eb6fee058a8202a7e95f45bb95d6f5361bc573713112b0,0.06809014081954956,/root/ruivi/results/default_config_grid/AISIVI/Bnn_boston/20260501_153142/checkpoints,176cc58a7873008638eb6fee058a8202a7e95f45bb95d6f5361bc573713112b0,default-grid-effective-v1,configs/aisivi_Bnn_boston.yaml,fresh,campaigns/default_config_grid/runtime/console_logs/seed43_aisivi_bnn_boston.log,/root/ruivi/tb_logs/default_config_grid/AISIVI/Bnn_boston/20260501_153142/extracted,2,,finalize_completed,3,10000,AISIVI,aisivi,,,,,,,,,,,,,,,,,,,394.99143958091736,5500,2.6150941848754883,2.61509@5500,10000,2.6431615352630615,346.9345495700836,4800,3.3647141456604004,3.36471@4800,10000,3.5294408798217773,,,,,,,/root/ruivi/results/default_config_grid/AISIVI/Bnn_boston/20260501_153142/plots,/root/ruivi/results/default_config_grid/AISIVI/Bnn_boston/20260501_153142,seed43_aisivi_bnn_boston,/root/ruivi/results/default_config_grid/AISIVI/Bnn_boston/20260501_153142/run.log,/root/ruivi/results/default_config_grid/AISIVI/Bnn_boston/20260501_153142/samples,43,completed,Bnn_boston,Bnn_boston,/root/ruivi/tb_logs/default_config_grid/AISIVI/Bnn_boston/20260501_153142,680.9014282226562,862.6360138244927
4c05b7b9454f057d0082af856bc16b8236334dd9bef91ba9c35eebc87ed0d04c,0.06205275282263756,/root/ruivi/results/default_config_grid/AISIVI/Bnn_concrete/20260501_153520/checkpoints,4c05b7b9454f057d0082af856bc16b8236334dd9bef91ba9c35eebc87ed0d04c,default-grid-effective-v1,configs/aisivi_Bnn_concrete.yaml,fresh,campaigns/default_config_grid/runtime/console_logs/seed43_aisivi_bnn_concrete.log,/root/ruivi/tb_logs/default_config_grid/AISIVI/Bnn_concrete/20260501_153520/extracted,2,,finalize_completed,0,10000,AISIVI,aisivi,,,,,,,,,,,,,,,,,,,99.84152269363403,1300,3.659428358078003,3.65943@1300,10000,3.722193479537964,32.30045247077942,200,8.985184669494629,8.98518@200,10000,9.395872116088867,,,,,,,/root/ruivi/results/default_config_grid/AISIVI/Bnn_concrete/20260501_153520/plots,/root/ruivi/results/default_config_grid/AISIVI/Bnn_concrete/20260501_153520,seed43_aisivi_bnn_concrete,/root/ruivi/results/default_config_grid/AISIVI/Bnn_concrete/20260501_153520/run.log,/root/ruivi/results/default_config_grid/AISIVI/Bnn_concrete/20260501_153520/samples,43,completed,Bnn_concrete,Bnn_concrete,/root/ruivi/tb_logs/default_config_grid/AISIVI/Bnn_concrete/20260501_153520,620.5275268554688,644.5132546275854
6ecd2e0d18e3cd5fff1c7323a78b1f6680ade26a9ff1c4bf2514ad87052a436c,0.057127345353364944,/root/ruivi/results/default_config_grid/AISIVI/Bnn_power/20260501_154605/checkpoints,6ecd2e0d18e3cd5fff1c7323a78b1f6680ade26a9ff1c4bf2514ad87052a436c,default-grid-effective-v1,configs/aisivi_Bnn_power.yaml,fresh,campaigns/default_config_grid/runtime/console_logs/seed43_aisivi_bnn_power.log,/root/ruivi/tb_logs/default_config_grid/AISIVI/Bnn_power/20260501_154605/extracted,2,,finalize_completed,0,10000,AISIVI,aisivi,,,,,,,,,,,,,,,,,,,584.6440184116364,9900,2.814412832260132,2.81441@9900,10000,2.8164427280426025,584.6439771652222,9900,3.9250128269195557,3.92501@9900,10000,3.931223154067993,,,,,,,/root/ruivi/results/default_config_grid/AISIVI/Bnn_power/20260501_154605/plots,/root/ruivi/results/default_config_grid/AISIVI/Bnn_power/20260501_154605,seed43_aisivi_bnn_power,/root/ruivi/results/default_config_grid/AISIVI/Bnn_power/20260501_154605/run.log,/root/ruivi/results/default_config_grid/AISIVI/Bnn_power/20260501_154605/samples,43,completed,Bnn_power,Bnn_power,/root/ruivi/tb_logs/default_config_grid/AISIVI/Bnn_power/20260501_154605,571.2734375,647.5740613751113
b984ab56fedfb9a3c867605a08457b4d7f3c963466ec44f234ff04c5a9bfbc0d,0.06231151521205902,/root/ruivi/results/default_config_grid/AISIVI/Bnn_protein/20260501_154605/checkpoints,b984ab56fedfb9a3c867605a08457b4d7f3c963466ec44f234ff04c5a9bfbc0d,default-grid-effective-v1,configs/aisivi_Bnn_protein.yaml,fresh,campaigns/default_config_grid/runtime/console_logs/seed43_aisivi_bnn_protein.log,/root/ruivi/tb_logs/default_config_grid/AISIVI/Bnn_protein/20260501_154605/extracted,2,,finalize_completed,1,10000,AISIVI,aisivi,,,,,,,,,,,,,,,,,,,349.3541798591614,5300,3.0133559703826904,3.01336@5300,10000,3.0298409461975098,391.7730782032013,6000,4.824520587921143,4.82452@6000,10000,4.974913597106934,,,,,,,/root/ruivi/results/default_config_grid/AISIVI/Bnn_protein/20260501_154605/plots,/root/ruivi/results/default_config_grid/AISIVI/Bnn_protein/20260501_154605,seed43_aisivi_bnn_protein,/root/ruivi/results/default_config_grid/AISIVI/Bnn_protein/20260501_154605/run.log,/root/ruivi/results/default_config_grid/AISIVI/Bnn_protein/20260501_154605/samples,43,completed,Bnn_protein,Bnn_protein,/root/ruivi/tb_logs/default_config_grid/AISIVI/Bnn_protein/20260501_154605,623.1151733398438,647.6028608605266
601932f448e8a65d455179ceeeb8e25c92fcb2d2c780a6d9257b0ca9592817e7,0.06642232835292816,/root/ruivi/results/default_config_grid/AISIVI/Bnn_winered/20260501_154605/checkpoints,601932f448e8a65d455179ceeeb8e25c92fcb2d2c780a6d9257b0ca9592817e7,default-grid-effective-v1,configs/aisivi_Bnn_winered.yaml,fresh,campaigns/default_config_grid/runtime/console_logs/seed43_aisivi_bnn_winered.log,/root/ruivi/tb_logs/default_config_grid/AISIVI/Bnn_winered/20260501_154605/extracted,2,,finalize_completed,2,10000,AISIVI,aisivi,,,,,,,,,,,,,,,,,,,683.5333244800568,10000,0.8989963531494141,0.898996@10000,10000,0.8989963531494141,683.5332810878754,10000,0.5962225794792175,0.596223@10000,10000,0.5962225794792175,,,,,,,/root/ruivi/results/default_config_grid/AISIVI/Bnn_winered/20260501_154605/plots,/root/ruivi/results/default_config_grid/AISIVI/Bnn_winered/20260501_154605,seed43_aisivi_bnn_winered,/root/ruivi/results/default_config_grid/AISIVI/Bnn_winered/20260501_154605/run.log,/root/ruivi/results/default_config_grid/AISIVI/Bnn_winered/20260501_154605/samples,43,completed,Bnn_winered,Bnn_winered,/root/ruivi/tb_logs/default_config_grid/AISIVI/Bnn_winered/20260501_154605,664.2232666015625,686.7991898469627
1cc61ffb5cda34ec346d7479fd3a53f53de80c2cd4b0a22787b2e2a09a4c72a8,0.0604267343878746,/root/ruivi/results/default_config_grid/AISIVI/Bnn_yacht/20260501_154605/checkpoints,1cc61ffb5cda34ec346d7479fd3a53f53de80c2cd4b0a22787b2e2a09a4c72a8,default-grid-effective-v1,configs/aisivi_Bnn_yacht.yaml,fresh,campaigns/default_config_grid/runtime/console_logs/seed43_aisivi_bnn_yacht.log,/root/ruivi/tb_logs/default_config_grid/AISIVI/Bnn_yacht/20260501_154605/extracted,2,,finalize_completed,3,10000,AISIVI,aisivi,,,,,,,,,,,,,,,,,,,623.0279445648193,10000,2.109677791595459,2.10968@10000,10000,2.109677791595459,623.0278906822205,10000,2.3036696910858154,2.30367@10000,10000,2.3036696910858154,,,,,,,/root/ruivi/results/default_config_grid/AISIVI/Bnn_yacht/20260501_154605/plots,/root/ruivi/results/default_config_grid/AISIVI/Bnn_yacht/20260501_154605,seed43_aisivi_bnn_yacht,/root/ruivi/results/default_config_grid/AISIVI/Bnn_yacht/20260501_154605/run.log,/root/ruivi/results/default_config_grid/AISIVI/Bnn_yacht/20260501_154605/samples,43,completed,Bnn_yacht,Bnn_yacht,/root/ruivi/tb_logs/default_config_grid/AISIVI/Bnn_yacht/20260501_154605,604.267333984375,647.5937924087048
abf5017569402a9a9ec3b27cea7538eee9abd73019c79bcfad97194dc60f2f70,0.06482959538698196,/root/ruivi/results/default_config_grid/AISIVI/Langevin_post/20260429_221324/checkpoints,abf5017569402a9a9ec3b27cea7538eee9abd73019c79bcfad97194dc60f2f70,default-grid-effective-v1,configs/aisivi_Langevin_post.yaml,fresh,campaigns/default_config_grid/runtime/console_logs/seed43_aisivi_langevin_post.log,/root/ruivi/tb_logs/default_config_grid/AISIVI/Langevin_post/20260429_221324/extracted,2,,finalize_completed,2,10000,AISIVI,aisivi,402.12655329704285,5300,-196.63754272460938,-196.638@5300,10000,-201.285400390625,562.3600099086761,7700,74.84308624267578,74.8431@7700,10000,74.7267074584961,,,,,,,,,,,,,,,,,,,561.6975600719452,7700,0.011058717966079712,0.0110587@7700,10000,0.012058964930474758,/root/ruivi/results/default_config_grid/AISIVI/Langevin_post/20260429_221324/plots,/root/ruivi/results/default_config_grid/AISIVI/Langevin_post/20260429_221324,seed43_aisivi_langevin_post,/root/ruivi/results/default_config_grid/AISIVI/Langevin_post/20260429_221324/run.log,/root/ruivi/results/default_config_grid/AISIVI/Langevin_post/20260429_221324/samples,43,completed,Langevin_post,Langevin_post,/root/ruivi/tb_logs/default_config_grid/AISIVI/Langevin_post/20260429_221324,648.2958984375,717.2218800224364
d9e469e99be83ff51a30534cf6a7caa652cfc515199a66414242836fc74bd879,0.03233593329787254,/root/ruivi/results/default_config_grid/AISIVI/LRwaveform/20260428_081054/checkpoints,d9e469e99be83ff51a30534cf6a7caa652cfc515199a66414242836fc74bd879,default-grid-effective-v1,configs/aisivi_LRwaveform.yaml,fresh,campaigns/default_config_grid/runtime/console_logs/seed43_aisivi_lrwaveform.log,/root/ruivi/tb_logs/default_config_grid/AISIVI/LRwaveform/20260428_081054/extracted,1,,finalize_completed,0,10000,AISIVI,aisivi,17.12688660621643,200,32.32627487182617,32.3263@200,10000,-3.4654834270477295,,,,,,,,,,,,,,,,,,,,,,,,,,,,,,,/root/ruivi/results/default_config_grid/AISIVI/LRwaveform/20260428_081054/plots,/root/ruivi/results/default_config_grid/AISIVI/LRwaveform/20260428_081054,seed43_aisivi_lrwaveform,/root/ruivi/results/default_config_grid/AISIVI/LRwaveform/20260428_081054/run.log,/root/ruivi/results/default_config_grid/AISIVI/LRwaveform/20260428_081054/samples,43,completed,LRwaveform,LRwaveform,/root/ruivi/tb_logs/default_config_grid/AISIVI/LRwaveform/20260428_081054,323.35931396484375,376.3392495550215
89ace9f85dc611c7a67067d71ca3ba5741d6b4443de4e3440a5419c659416232,0.034048791974782944,/root/ruivi/results/default_config_grid/AISIVI/multimodal/20260428_081710/checkpoints,b614750e5e1c66c12df845a4c4b9da66b0a84745f616f773eb90d73de26df158,default-grid-effective-v1,configs/aisivi_multimodal.yaml,fresh,campaigns/default_config_grid/runtime/console_logs/seed43_aisivi_multimodal.log,/root/ruivi/tb_logs/default_config_grid/AISIVI/multimodal/20260428_081710/extracted,1,,finalize_completed,0,10000,AISIVI,aisivi,310.2209622859955,8800,-4.9205682444153354e-05,-4.92057e-05@8800,10000,-0.000700217904523015,,,,,,,289.099791765213,8200,-0.016752993687987328,-0.016753@8200,10000,0.002943623811006546,,,,,,,,,,,,,323.7271349430084,9200,0.01856018602848053,0.0185602@9200,10000,0.047700464725494385,/root/ruivi/results/default_config_grid/AISIVI/multimodal/20260428_081710/plots,/root/ruivi/results/default_config_grid/AISIVI/multimodal/20260428_081710,seed43_aisivi_multimodal,/root/ruivi/results/default_config_grid/AISIVI/multimodal/20260428_081710/run.log,/root/ruivi/results/default_config_grid/AISIVI/multimodal/20260428_081710/samples,43,completed,multimodal,multimodal,/root/ruivi/tb_logs/default_config_grid/AISIVI/multimodal/20260428_081710,340.4879455566406,386.94634249806404
d21e90a8b2f02386bfec0071edc80b5fd5e905129a3b14d6b9f6a9f255bf9b08,0.033522430807352066,/root/ruivi/results/default_config_grid/AISIVI/student_uc/20260428_081953/checkpoints,d2abfb95899e41f1f04e3a5c051ba0456b95315bf98e58efcc62f2ff463e0687,default-grid-effective-v1,configs/aisivi_student_uc.yaml,fresh,campaigns/default_config_grid/runtime/console_logs/seed43_aisivi_student_uc.log,/root/ruivi/tb_logs/default_config_grid/AISIVI/student_uc/20260428_081953/extracted,1,,finalize_completed,3,10000,AISIVI,aisivi,69.18001508712769,1700,-2.687201976776123,-2.6872@1700,10000,-2.7112319469451904,,,,,,,65.58842778205872,1600,0.002727883169427514,0.00272788@1600,10000,0.03716953843832016,,,,,,,,,,,,,344.59878849983215,9900,0.5915669798851013,0.591567@9900,10000,0.6042026877403259,/root/ruivi/results/default_config_grid/AISIVI/student_uc/20260428_081953/plots,/root/ruivi/results/default_config_grid/AISIVI/student_uc/20260428_081953,seed43_aisivi_student_uc,/root/ruivi/results/default_config_grid/AISIVI/student_uc/20260428_081953/run.log,/root/ruivi/results/default_config_grid/AISIVI/student_uc/20260428_081953/samples,43,completed,student_uc,student_uc,/root/ruivi/tb_logs/default_config_grid/AISIVI/student_uc/20260428_081953,335.22430419921875,355.3716612420976
7e22ea8ddbfdb98ae6d3cb219c239f7258cd5c13366d45cc4d81fe9c9497c5a2,0.034700531512498856,/root/ruivi/results/default_config_grid/AISIVI/x_shaped/20260428_082128/checkpoints,b3a881171d0f707362c7fae44ea6a87e8d042c7867efbee76b4e1d734a469d2a,default-grid-effective-v1,configs/aisivi_x_shaped.yaml,fresh,campaigns/default_config_grid/runtime/console_logs/seed43_aisivi_x_shaped.log,/root/ruivi/tb_logs/default_config_grid/AISIVI/x_shaped/20260428_082128/extracted,1,,finalize_completed,1,10000,AISIVI,aisivi,289.5141701698303,8000,-0.0016819474985823035,-0.00168195@8000,10000,-0.0032957361545413733,,,,,,,254.22407746315002,7000,-0.013245370239019394,-0.0132454@7000,10000,0.004984788130968809,,,,,,,,,,,,,257.8000166416168,7100,0.027268236503005028,0.0272682@7100,10000,0.03605017811059952,/root/ruivi/results/default_config_grid/AISIVI/x_shaped/20260428_082128/plots,/root/ruivi/results/default_config_grid/AISIVI/x_shaped/20260428_082128,seed43_aisivi_x_shaped,/root/ruivi/results/default_config_grid/AISIVI/x_shaped/20260428_082128/run.log,/root/ruivi/results/default_config_grid/AISIVI/x_shaped/20260428_082128/samples,43,completed,x_shaped,x_shaped,/root/ruivi/tb_logs/default_config_grid/AISIVI/x_shaped/20260428_082128,347.00531005859375,392.29493986070156
dfa5fb170e4d4317ab3021e5aefb28bed7ab4222ba6c3c2b92a0db050078e37e,0.018680622801184654,/root/ruivi/results/default_config_grid/DSIVI/8_gaussians/20260428_082337/checkpoints,48308509820500de6451d4d88a9608ed6a47c15e78890122c781876e8f93b8f8,default-grid-effective-v1,configs/dsivi_8_gaussians.yaml,fresh,campaigns/default_config_grid/runtime/console_logs/seed43_dsivi_8_gaussians.log,/root/ruivi/tb_logs/default_config_grid/DSIVI/8_gaussians/20260428_082337/extracted,1,,finalize_completed,0,10000,DSIVI,dsivi,188.2485044002533,9800,-0.10075400024652481,-0.100754@9800,10000,-0.10746203362941742,,,,,,,165.40717673301697,8600,0.07337477803230286,0.0733748@8600,10000,0.09310764819383621,,,,,,,,,,,,,133.2608711719513,6900,0.08307173103094101,0.0830717@6900,10000,0.10501617193222046,/root/ruivi/results/default_config_grid/DSIVI/8_gaussians/20260428_082337/plots,/root/ruivi/results/default_config_grid/DSIVI/8_gaussians/20260428_082337,seed43_dsivi_8_gaussians,/root/ruivi/results/default_config_grid/DSIVI/8_gaussians/20260428_082337/run.log,/root/ruivi/results/default_config_grid/DSIVI/8_gaussians/20260428_082337/samples,43,completed,8_gaussians,8_gaussians,/root/ruivi/tb_logs/default_config_grid/DSIVI/8_gaussians/20260428_082337,186.8062286376953,263.39862145110965
bf05fbac9bb1f7066873e3686ddeba9106d684e3a99068dcac0176b16cb7fc63,0.018966620787978172,/root/ruivi/results/default_config_grid/DSIVI/banana/20260428_082337/checkpoints,124f9d0f805a23c87e66dd24f2f82d29f0c09f24e5a0596c02c945e16c352032,default-grid-effective-v1,configs/dsivi_banana.yaml,fresh,campaigns/default_config_grid/runtime/console_logs/seed43_dsivi_banana.log,/root/ruivi/tb_logs/default_config_grid/DSIVI/banana/20260428_082337/extracted,1,,finalize_completed,2,10000,DSIVI,dsivi,189.31623578071594,9700,-0.0151026900857687,-0.0151027@9700,10000,-0.015167309902608395,,,,,,,165.26591300964355,8500,-0.020160948857665062,-0.0201609@8500,10000,-0.018722621724009514,,,,,,,,,,,,,145.47145080566406,7500,0.03295193240046501,0.0329519@7500,10000,0.060761384665966034,/root/ruivi/results/default_config_grid/DSIVI/banana/20260428_082337/plots,/root/ruivi/results/default_config_grid/DSIVI/banana/20260428_082337,seed43_dsivi_banana,/root/ruivi/results/default_config_grid/DSIVI/banana/20260428_082337/run.log,/root/ruivi/results/default_config_grid/DSIVI/banana/20260428_082337/samples,43,completed,banana,banana,/root/ruivi/tb_logs/default_config_grid/DSIVI/banana/20260428_082337,189.6662139892578,263.40234960988164
04037d974bbcd19366210be24d88c9c099198c4cb829540820b41f438ca04b45,0.011485923081636429,/root/ruivi/results/default_config_grid/DSIVI/Bnn_boston/20260428_082548/checkpoints,c2981acc9e19df571addc8af4f9976de1cbf7b05ec5f4e6fc45511def435701e,default-grid-effective-v1,configs/dsivi_Bnn_boston.yaml,fresh,campaigns/default_config_grid/runtime/console_logs/seed43_dsivi_bnn_boston.log,/root/ruivi/tb_logs/default_config_grid/DSIVI/Bnn_boston/20260428_082548/extracted,1,,finalize_completed,3,10000,DSIVI,dsivi,,,,,,,,,,,,,,,,,,,129.13276624679565,10000,2.42083740234375,2.42084@10000,10000,2.42083740234375,129.13272643089294,10000,2.4012203216552734,2.40122@10000,10000,2.4012203216552734,,,,,,,/root/ruivi/results/default_config_grid/DSIVI/Bnn_boston/20260428_082548/plots,/root/ruivi/results/default_config_grid/DSIVI/Bnn_boston/20260428_082548,seed43_dsivi_bnn_boston,/root/ruivi/results/default_config_grid/DSIVI/Bnn_boston/20260428_082548/run.log,/root/ruivi/results/default_config_grid/DSIVI/Bnn_boston/20260428_082548/samples,43,completed,Bnn_boston,Bnn_boston,/root/ruivi/tb_logs/default_config_grid/DSIVI/Bnn_boston/20260428_082548,114.8592300415039,131.94745184853673
57303b4c7263a6eb6f6489c8998f3a51da66cafc7a8b4d0aa854c43d3b15311d,0.012000706978142262,/root/ruivi/results/default_config_grid/DSIVI/Bnn_concrete/20260428_082801/checkpoints,370389fcb4504c37a040e71ac236d4ed73fed0518a1dbb138c7f017a64a69d08,default-grid-effective-v1,configs/dsivi_Bnn_concrete.yaml,fresh,campaigns/default_config_grid/runtime/console_logs/seed43_dsivi_bnn_concrete.log,/root/ruivi/tb_logs/default_config_grid/DSIVI/Bnn_concrete/20260428_082801/extracted,1,,finalize_completed,0,10000,DSIVI,dsivi,,,,,,,,,,,,,,,,,,,134.53757166862488,10000,3.252579689025879,3.25258@10000,10000,3.252579689025879,134.53752183914185,10000,6.193685054779053,6.19369@10000,10000,6.193685054779053,,,,,,,/root/ruivi/results/default_config_grid/DSIVI/Bnn_concrete/20260428_082801/plots,/root/ruivi/results/default_config_grid/DSIVI/Bnn_concrete/20260428_082801,seed43_dsivi_bnn_concrete,/root/ruivi/results/default_config_grid/DSIVI/Bnn_concrete/20260428_082801/run.log,/root/ruivi/results/default_config_grid/DSIVI/Bnn_concrete/20260428_082801/samples,43,completed,Bnn_concrete,Bnn_concrete,/root/ruivi/tb_logs/default_config_grid/DSIVI/Bnn_concrete/20260428_082801,120.00707244873047,137.62178632244468
afe7926430ac2e1d9d3c8cbae9f94a09eba28f93ea040d0696658a78cd00941d,0.011364954523742199,/root/ruivi/results/default_config_grid/DSIVI/Bnn_power/20260428_082800/checkpoints,1711fb635339353937c573c951dfaf25706d2f18cc5cd1463dbe165acbc7c293,default-grid-effective-v1,configs/dsivi_Bnn_power.yaml,fresh,campaigns/default_config_grid/runtime/console_logs/seed43_dsivi_bnn_power.log,/root/ruivi/tb_logs/default_config_grid/DSIVI/Bnn_power/20260428_082800/extracted,1,,finalize_completed,1,10000,DSIVI,dsivi,,,,,,,,,,,,,,,,,,,120.20757174491882,9200,2.776287794113159,2.77629@9200,10000,2.7769834995269775,120.20753002166748,9200,3.8550310134887695,3.85503@9200,10000,3.8583102226257324,,,,,,,/root/ruivi/results/default_config_grid/DSIVI/Bnn_power/20260428_082800/plots,/root/ruivi/results/default_config_grid/DSIVI/Bnn_power/20260428_082800,seed43_dsivi_bnn_power,/root/ruivi/results/default_config_grid/DSIVI/Bnn_power/20260428_082800/run.log,/root/ruivi/results/default_config_grid/DSIVI/Bnn_power/20260428_082800/samples,43,completed,Bnn_power,Bnn_power,/root/ruivi/tb_logs/default_config_grid/DSIVI/Bnn_power/20260428_082800,113.64954376220703,135.40797327831388
3a4950d9e8015be19269004198f55b0fbef3bb7847d727625122c57174a30fb5,0.011867977678775787,/root/ruivi/results/default_config_grid/DSIVI/Bnn_protein/20260428_082800/checkpoints,250e31e5103226f989a1a7f4da97f306a773f5ec3ddc42aea2f76ae52f925887,default-grid-effective-v1,configs/dsivi_Bnn_protein.yaml,fresh,campaigns/default_config_grid/runtime/console_logs/seed43_dsivi_bnn_protein.log,/root/ruivi/tb_logs/default_config_grid/DSIVI/Bnn_protein/20260428_082800/extracted,1,,finalize_completed,2,10000,DSIVI,dsivi,,,,,,,,,,,,,,,,,,,132.35976552963257,10000,2.9338266849517822,2.93383@10000,10000,2.9338266849517822,132.3597092628479,10000,4.52233362197876,4.52233@10000,10000,4.52233362197876,,,,,,,/root/ruivi/results/default_config_grid/DSIVI/Bnn_protein/20260428_082800/plots,/root/ruivi/results/default_config_grid/DSIVI/Bnn_protein/20260428_082800,seed43_dsivi_bnn_protein,/root/ruivi/results/default_config_grid/DSIVI/Bnn_protein/20260428_082800/run.log,/root/ruivi/results/default_config_grid/DSIVI/Bnn_protein/20260428_082800/samples,43,completed,Bnn_protein,Bnn_protein,/root/ruivi/tb_logs/default_config_grid/DSIVI/Bnn_protein/20260428_082800,118.67977142333984,135.40812831744552
021634be906b1c1ad69534750d51172513fdbcc9e8c9b61e6c6500755451e554,0.011641588993370533,/root/ruivi/results/default_config_grid/DSIVI/Bnn_winered/20260501_155652/checkpoints,6c7d18017e578e5f113d5da99e76fbd0f21986f4de2056fe18c66d7a54b29460,default-grid-effective-v1,configs/dsivi_Bnn_winered.yaml,fresh,campaigns/default_config_grid/runtime/console_logs/seed43_dsivi_bnn_winered.log,/root/ruivi/tb_logs/default_config_grid/DSIVI/Bnn_winered/20260501_155652/extracted,2,,finalize_completed,0,10000,DSIVI,dsivi,,,,,,,,,,,,,,,,,,,75.00367188453674,5100,0.9351649284362793,0.935165@5100,10000,0.9441242218017578,82.8960633277893,5800,0.6160805225372314,0.616081@5800,10000,0.6211258172988892,,,,,,,/root/ruivi/results/default_config_grid/DSIVI/Bnn_winered/20260501_155652/plots,/root/ruivi/results/default_config_grid/DSIVI/Bnn_winered/20260501_155652,seed43_dsivi_bnn_winered,/root/ruivi/results/default_config_grid/DSIVI/Bnn_winered/20260501_155652/run.log,/root/ruivi/results/default_config_grid/DSIVI/Bnn_winered/20260501_155652/samples,43,completed,Bnn_winered,Bnn_winered,/root/ruivi/tb_logs/default_config_grid/DSIVI/Bnn_winered/20260501_155652,116.4158935546875,320.207043543458
e9b1e610702f3677e65dc270b77f1415a9e367c527bf7bb8868030f08bcad693,0.011256453581154346,/root/ruivi/results/default_config_grid/DSIVI/Bnn_yacht/20260501_155652/checkpoints,ec0bf95ac70410341d8c3528a285bfa73432cbbb65ef36cfb4992476263fb7ca,default-grid-effective-v1,configs/dsivi_Bnn_yacht.yaml,fresh,campaigns/default_config_grid/runtime/console_logs/seed43_dsivi_bnn_yacht.log,/root/ruivi/tb_logs/default_config_grid/DSIVI/Bnn_yacht/20260501_155652/extracted,2,,finalize_completed,1,10000,DSIVI,dsivi,,,,,,,,,,,,,,,,,,,82.49025988578796,6000,1.5414586067199707,1.54146@6000,10000,1.6033802032470703,95.8717212677002,7100,1.2668579816818237,1.26686@7100,10000,1.3912140130996704,,,,,,,/root/ruivi/results/default_config_grid/DSIVI/Bnn_yacht/20260501_155652/plots,/root/ruivi/results/default_config_grid/DSIVI/Bnn_yacht/20260501_155652,seed43_dsivi_bnn_yacht,/root/ruivi/results/default_config_grid/DSIVI/Bnn_yacht/20260501_155652/run.log,/root/ruivi/results/default_config_grid/DSIVI/Bnn_yacht/20260501_155652/samples,43,completed,Bnn_yacht,Bnn_yacht,/root/ruivi/tb_logs/default_config_grid/DSIVI/Bnn_yacht/20260501_155652,112.56452941894531,320.23586321622133
e7bf7306e4bbbc791165491cd55af179b8cb2452e83f80795270a03650facf45,0.02897665649652481,/root/ruivi/results/default_config_grid/DSIVI/Langevin_post/20260429_221335/checkpoints,c3f0703f0f535e27d9e3e0219a1d29900e39c7a3e586b16336d04b4b76d6fbe7,default-grid-effective-v1,configs/dsivi_Langevin_post.yaml,fresh,campaigns/default_config_grid/runtime/console_logs/seed43_dsivi_langevin_post.log,/root/ruivi/tb_logs/default_config_grid/DSIVI/Langevin_post/20260429_221335/extracted,2,,finalize_completed,1,10000,DSIVI,dsivi,136.64381456375122,4100,-188.73023986816406,-188.73@4100,10000,-196.2611846923828,304.19408559799194,9900,75.18453216552734,75.1845@9900,10000,75.1413803100586,,,,,,,,,,,,,,,,,,,286.1797740459442,9300,0.00846114568412304,0.00846115@9300,10000,0.009260804392397404,/root/ruivi/results/default_config_grid/DSIVI/Langevin_post/20260429_221335/plots,/root/ruivi/results/default_config_grid/DSIVI/Langevin_post/20260429_221335,seed43_dsivi_langevin_post,/root/ruivi/results/default_config_grid/DSIVI/Langevin_post/20260429_221335/run.log,/root/ruivi/results/default_config_grid/DSIVI/Langevin_post/20260429_221335/samples,43,completed,Langevin_post,Langevin_post,/root/ruivi/tb_logs/default_config_grid/DSIVI/Langevin_post/20260429_221335,289.7665710449219,319.12372890114784
b0df748e06cce715ac8595415813070c3aa68e5d745b5272d2811a3dc306d1e9,0.018737930804491043,/root/ruivi/results/default_config_grid/DSIVI/LRwaveform/20260428_083016/checkpoints,6504e377768b637237b1b34b62da500c0fbfb5f99014060523a5f41ec2614b69,default-grid-effective-v1,configs/dsivi_LRwaveform.yaml,fresh,campaigns/default_config_grid/runtime/console_logs/seed43_dsivi_lrwaveform.log,/root/ruivi/tb_logs/default_config_grid/DSIVI/LRwaveform/20260428_083016/extracted,1,,finalize_completed,3,10000,DSIVI,dsivi,9.448209285736084,200,30.486560821533203,30.4866@200,10000,-23.488088607788086,,,,,,,,,,,,,,,,,,,,,,,,,,,,,,,/root/ruivi/results/default_config_grid/DSIVI/LRwaveform/20260428_083016/plots,/root/ruivi/results/default_config_grid/DSIVI/LRwaveform/20260428_083016,seed43_dsivi_lrwaveform,/root/ruivi/results/default_config_grid/DSIVI/LRwaveform/20260428_083016/run.log,/root/ruivi/results/default_config_grid/DSIVI/LRwaveform/20260428_083016/samples,43,completed,LRwaveform,LRwaveform,/root/ruivi/tb_logs/default_config_grid/DSIVI/LRwaveform/20260428_083016,187.37930297851562,195.64195082336664
04747f2e456f89b23fab0bcb11aab5793a716c1ff25ea4cade0867eb3b7ff737,0.017735205590724945,/root/ruivi/results/default_config_grid/DSIVI/multimodal/20260428_083018/checkpoints,05e0f6315e89de9f0200dbf0f8b8e7a52e4fc9840eb34bdeeaed76e09343d2ff,default-grid-effective-v1,configs/dsivi_multimodal.yaml,fresh,campaigns/default_config_grid/runtime/console_logs/seed43_dsivi_multimodal.log,/root/ruivi/tb_logs/default_config_grid/DSIVI/multimodal/20260428_083018/extracted,1,,finalize_completed,0,10000,DSIVI,dsivi,125.74865937232971,6800,0.00035032659070566297,0.000350327@6800,10000,-0.001064710901118815,,,,,,,125.53633093833923,6800,-0.014924346469342709,-0.0149243@6800,10000,0.008328499272465706,,,,,,,,,,,,,172.40089511871338,9500,0.01835649088025093,0.0183565@9500,10000,0.05018289387226105,/root/ruivi/results/default_config_grid/DSIVI/multimodal/20260428_083018/plots,/root/ruivi/results/default_config_grid/DSIVI/multimodal/20260428_083018,seed43_dsivi_multimodal,/root/ruivi/results/default_config_grid/DSIVI/multimodal/20260428_083018/run.log,/root/ruivi/results/default_config_grid/DSIVI/multimodal/20260428_083018/samples,43,completed,multimodal,multimodal,/root/ruivi/tb_logs/default_config_grid/DSIVI/multimodal/20260428_083018,177.35205078125,183.3484235741198
d6dd2136fd864fd395154d11624cc002b3f3e05eb9c5b18f6a0a7c2997036dcf,0.0180332213640213,/root/ruivi/results/default_config_grid/DSIVI/student_uc/20260428_083235/checkpoints,503d34caa3de5360ab85563943c21e07cb6d04a64a6c6d89d8f0a15955de912a,default-grid-effective-v1,configs/dsivi_student_uc.yaml,fresh,campaigns/default_config_grid/runtime/console_logs/seed43_dsivi_student_uc.log,/root/ruivi/tb_logs/default_config_grid/DSIVI/student_uc/20260428_083235/extracted,1,,finalize_completed,1,10000,DSIVI,dsivi,28.749886512756348,1400,-2.689985752105713,-2.68999@1400,10000,-2.6964776515960693,,,,,,,168.150452375412,9100,-0.010911696590483189,-0.0109117@9100,10000,0.020340897142887115,,,,,,,,,,,,,150.0415198802948,8100,0.5727754831314087,0.572775@8100,10000,0.6017860174179077,/root/ruivi/results/default_config_grid/DSIVI/student_uc/20260428_083235/plots,/root/ruivi/results/default_config_grid/DSIVI/student_uc/20260428_083235,seed43_dsivi_student_uc,/root/ruivi/results/default_config_grid/DSIVI/student_uc/20260428_083235/run.log,/root/ruivi/results/default_config_grid/DSIVI/student_uc/20260428_083235/samples,43,completed,student_uc,student_uc,/root/ruivi/tb_logs/default_config_grid/DSIVI/student_uc/20260428_083235,180.33221435546875,187.80122029781342
1c35902bc2eaa13951fd6dea890bca0a724ada0d4f4e3c646061e29e775e333c,0.01822410337626934,/root/ruivi/results/default_config_grid/DSIVI/x_shaped/20260428_083321/checkpoints,ebed1df452df4c84722b75160c875201c049b9886043bee5a98bd09a46839a7c,default-grid-effective-v1,configs/dsivi_x_shaped.yaml,fresh,campaigns/default_config_grid/runtime/console_logs/seed43_dsivi_x_shaped.log,/root/ruivi/tb_logs/default_config_grid/DSIVI/x_shaped/20260428_083321/extracted,1,,finalize_completed,0,10000,DSIVI,dsivi,96.9771523475647,5100,-0.016073251143097878,-0.0160733@5100,10000,-0.022010833024978638,,,,,,,177.2837142944336,9500,-0.01983007974922657,-0.0198301@9500,10000,0.02342303656041622,,,,,,,,,,,,,180.94085454940796,9700,0.044781528413295746,0.0447815@9700,10000,0.10578149557113647,/root/ruivi/results/default_config_grid/DSIVI/x_shaped/20260428_083321/plots,/root/ruivi/results/default_config_grid/DSIVI/x_shaped/20260428_083321,seed43_dsivi_x_shaped,/root/ruivi/results/default_config_grid/DSIVI/x_shaped/20260428_083321/run.log,/root/ruivi/results/default_config_grid/DSIVI/x_shaped/20260428_083321/samples,43,completed,x_shaped,x_shaped,/root/ruivi/tb_logs/default_config_grid/DSIVI/x_shaped/20260428_083321,182.24102783203125,238.20184142887592
43d5dc75d324f691fc9e5ede92a74d5fc1a4a14f25a5afb5f46079cacf19a391,0.006192815490067005,/root/ruivi/results/default_config_grid/KSIVI/8_gaussians/20260428_083331/checkpoints,59dab46b2a23dd164034549116a2b06b033a253e63b0db6b5e92a79d0b11c896,default-grid-effective-v1,configs/ksivi_8_gaussians.yaml,fresh,campaigns/default_config_grid/runtime/console_logs/seed43_ksivi_8_gaussians.log,/root/ruivi/tb_logs/default_config_grid/KSIVI/8_gaussians/20260428_083331/extracted,1,,finalize_completed,3,50000,KSIVI,ksivi,213.34186124801636,34000,-0.6178805232048035,-0.617881@34000,50000,-0.6452964544296265,,,,,,,173.67858147621155,27500,0.6054075360298157,0.605408@27500,50000,0.6426123976707458,,,,,,,,,,,,,84.05203437805176,13000,0.199043408036232,0.199043@13000,50000,0.2458425611257553,/root/ruivi/results/default_config_grid/KSIVI/8_gaussians/20260428_083331/plots,/root/ruivi/results/default_config_grid/KSIVI/8_gaussians/20260428_083331,seed43_ksivi_8_gaussians,/root/ruivi/results/default_config_grid/KSIVI/8_gaussians/20260428_083331/run.log,/root/ruivi/results/default_config_grid/KSIVI/8_gaussians/20260428_083331/samples,43,completed,8_gaussians,8_gaussians,/root/ruivi/tb_logs/default_config_grid/KSIVI/8_gaussians/20260428_083331,309.6407775878906,370.96200750768185
086e743f20b20209da4387136e162ac9662707e5b0e7e738d3a93ae83f413526,0.006836655084043741,/root/ruivi/results/default_config_grid/KSIVI/banana/20260428_083514/checkpoints,9d5d2f7abff471af30e87965dea25c61e2f955a91fa6c14e00ce3994067b2139,default-grid-effective-v1,configs/ksivi_banana.yaml,fresh,campaigns/default_config_grid/runtime/console_logs/seed43_ksivi_banana.log,/root/ruivi/tb_logs/default_config_grid/KSIVI/banana/20260428_083514/extracted,1,,finalize_completed,2,50000,KSIVI,ksivi,260.92878556251526,38000,-0.04146129637956619,-0.0414613@38000,50000,-0.05058551952242851,,,,,,,341.2436332702637,49500,0.02416551671922207,0.0241655@49500,50000,0.04248832166194916,,,,,,,,,,,,,76.04879379272461,10500,0.3680928349494934,0.368093@10500,50000,0.47091221809387207,/root/ruivi/results/default_config_grid/KSIVI/banana/20260428_083514/plots,/root/ruivi/results/default_config_grid/KSIVI/banana/20260428_083514,seed43_ksivi_banana,/root/ruivi/results/default_config_grid/KSIVI/banana/20260428_083514/run.log,/root/ruivi/results/default_config_grid/KSIVI/banana/20260428_083514/samples,43,completed,banana,banana,/root/ruivi/tb_logs/default_config_grid/KSIVI/banana/20260428_083514,341.832763671875,411.41880478337407
92deb6e60a1caab6b79f81ebe64020e4c183a27d2c45c2b6cf581054b715ddf2,0.010131394490599632,/root/ruivi/results/default_config_grid/KSIVI/Bnn_boston/20260428_083543/checkpoints,92deb6e60a1caab6b79f81ebe64020e4c183a27d2c45c2b6cf581054b715ddf2,default-grid-effective-v1,configs/ksivi_Bnn_boston.yaml,fresh,campaigns/default_config_grid/runtime/console_logs/seed43_ksivi_bnn_boston.log,/root/ruivi/tb_logs/default_config_grid/KSIVI/Bnn_boston/20260428_083543/extracted,1,,finalize_completed,1,100000,KSIVI,ksivi,,,,,,,,,,,,,,,,,,,283.4589400291443,29000,2.4837586879730225,2.48376@29000,100000,2.487839460372925,44.01777482032776,4000,2.6226818561553955,2.62268@4000,100000,2.704160451889038,,,,,,,/root/ruivi/results/default_config_grid/KSIVI/Bnn_boston/20260428_083543/plots,/root/ruivi/results/default_config_grid/KSIVI/Bnn_boston/20260428_083543,seed43_ksivi_bnn_boston,/root/ruivi/results/default_config_grid/KSIVI/Bnn_boston/20260428_083543/run.log,/root/ruivi/results/default_config_grid/KSIVI/Bnn_boston/20260428_083543/samples,43,completed,Bnn_boston,Bnn_boston,/root/ruivi/tb_logs/default_config_grid/KSIVI/Bnn_boston/20260428_083543,1013.139404296875,1020.6957593038678
d422b2c0fe3063e1d851656fe7aacf3ba23510cfc52480c5739043925f62c6d0,0.010225185193121433,/root/ruivi/results/default_config_grid/KSIVI/Bnn_concrete/20260428_083719/checkpoints,d422b2c0fe3063e1d851656fe7aacf3ba23510cfc52480c5739043925f62c6d0,default-grid-effective-v1,configs/ksivi_Bnn_concrete.yaml,fresh,campaigns/default_config_grid/runtime/console_logs/seed43_ksivi_bnn_concrete.log,/root/ruivi/tb_logs/default_config_grid/KSIVI/Bnn_concrete/20260428_083719/extracted,1,,finalize_completed,0,100000,KSIVI,ksivi,,,,,,,,,,,,,,,,,,,715.2457876205444,70000,3.260139226913452,3.26014@70000,100000,3.2628333568573,768.4732136726379,75000,6.3279500007629395,6.32795@75000,100000,6.338744163513184,,,,,,,/root/ruivi/results/default_config_grid/KSIVI/Bnn_concrete/20260428_083719/plots,/root/ruivi/results/default_config_grid/KSIVI/Bnn_concrete/20260428_083719,seed43_ksivi_bnn_concrete,/root/ruivi/results/default_config_grid/KSIVI/Bnn_concrete/20260428_083719/run.log,/root/ruivi/results/default_config_grid/KSIVI/Bnn_concrete/20260428_083719/samples,43,completed,Bnn_concrete,Bnn_concrete,/root/ruivi/tb_logs/default_config_grid/KSIVI/Bnn_concrete/20260428_083719,1022.5185546875,1028.2751040533185
a5bc713bd70d98004d098930e7b86b4538980fa909ba0d2e589b47da5426aee4,0.010144057683646679,/root/ruivi/results/default_config_grid/KSIVI/Bnn_power/20260428_083942/checkpoints,a5bc713bd70d98004d098930e7b86b4538980fa909ba0d2e589b47da5426aee4,default-grid-effective-v1,configs/ksivi_Bnn_power.yaml,fresh,campaigns/default_config_grid/runtime/console_logs/seed43_ksivi_bnn_power.log,/root/ruivi/tb_logs/default_config_grid/KSIVI/Bnn_power/20260428_083942/extracted,1,,finalize_completed,3,100000,KSIVI,ksivi,,,,,,,,,,,,,,,,,,,23.809884309768677,2000,2.8003005981445312,2.8003@2000,100000,2.99713134765625,44.381831407547,4000,3.9231159687042236,3.92312@4000,100000,4.3866119384765625,,,,,,,/root/ruivi/results/default_config_grid/KSIVI/Bnn_power/20260428_083942/plots,/root/ruivi/results/default_config_grid/KSIVI/Bnn_power/20260428_083942,seed43_ksivi_bnn_power,/root/ruivi/results/default_config_grid/KSIVI/Bnn_power/20260428_083942/run.log,/root/ruivi/results/default_config_grid/KSIVI/Bnn_power/20260428_083942/samples,43,completed,Bnn_power,Bnn_power,/root/ruivi/tb_logs/default_config_grid/KSIVI/Bnn_power/20260428_083942,1014.40576171875,1020.9383665062487
23dbefcb4775e7b91bed8886dc340a68f7832279ff22d2d6fbdd4ba076025735,0.01045512780547142,/root/ruivi/results/default_config_grid/KSIVI/Bnn_protein/20260428_084206/checkpoints,23dbefcb4775e7b91bed8886dc340a68f7832279ff22d2d6fbdd4ba076025735,default-grid-effective-v1,configs/ksivi_Bnn_protein.yaml,fresh,campaigns/default_config_grid/runtime/console_logs/seed43_ksivi_bnn_protein.log,/root/ruivi/tb_logs/default_config_grid/KSIVI/Bnn_protein/20260428_084206/extracted,1,,finalize_completed,2,100000,KSIVI,ksivi,,,,,,,,,,,,,,,,,,,1049.3310210704803,100000,3.015662670135498,3.01566@100000,100000,3.015662670135498,1049.3309688568115,100000,4.943174362182617,4.94317@100000,100000,4.943174362182617,,,,,,,/root/ruivi/results/default_config_grid/KSIVI/Bnn_protein/20260428_084206/plots,/root/ruivi/results/default_config_grid/KSIVI/Bnn_protein/20260428_084206,seed43_ksivi_bnn_protein,/root/ruivi/results/default_config_grid/KSIVI/Bnn_protein/20260428_084206/run.log,/root/ruivi/results/default_config_grid/KSIVI/Bnn_protein/20260428_084206/samples,43,completed,Bnn_protein,Bnn_protein,/root/ruivi/tb_logs/default_config_grid/KSIVI/Bnn_protein/20260428_084206,1045.5128173828125,1052.6530926935375
c620f391af417a8e96e9358ff50099cf3e20c9b52a84541501ff9dbc757ef08e,0.010061580687761307,/root/ruivi/results/default_config_grid/KSIVI/Bnn_winered/20260501_155653/checkpoints,c620f391af417a8e96e9358ff50099cf3e20c9b52a84541501ff9dbc757ef08e,default-grid-effective-v1,configs/ksivi_Bnn_winered.yaml,fresh,campaigns/default_config_grid/runtime/console_logs/seed43_ksivi_bnn_winered.log,/root/ruivi/tb_logs/default_config_grid/KSIVI/Bnn_winered/20260501_155653/extracted,2,,finalize_completed,3,100000,KSIVI,ksivi,,,,,,,,,,,,,,,,,,,365.4847004413605,36000,0.9006767272949219,0.900677@36000,100000,0.9051690101623535,365.4846611022949,36000,0.5956780314445496,0.595678@36000,100000,0.5981845855712891,,,,,,,/root/ruivi/results/default_config_grid/KSIVI/Bnn_winered/20260501_155653/plots,/root/ruivi/results/default_config_grid/KSIVI/Bnn_winered/20260501_155653,seed43_ksivi_bnn_winered,/root/ruivi/results/default_config_grid/KSIVI/Bnn_winered/20260501_155653/run.log,/root/ruivi/results/default_config_grid/KSIVI/Bnn_winered/20260501_155653/samples,43,completed,Bnn_winered,Bnn_winered,/root/ruivi/tb_logs/default_config_grid/KSIVI/Bnn_winered/20260501_155653,1006.1581420898438,1012.9903045445681
d2fa07d579007cff457a2875574235fe5f60166a01c634e6a9726119efd03551,0.010885355994105339,/root/ruivi/results/default_config_grid/KSIVI/Bnn_yacht/20260501_155731/checkpoints,d2fa07d579007cff457a2875574235fe5f60166a01c634e6a9726119efd03551,default-grid-effective-v1,configs/ksivi_Bnn_yacht.yaml,fresh,campaigns/default_config_grid/runtime/console_logs/seed43_ksivi_bnn_yacht.log,/root/ruivi/tb_logs/default_config_grid/KSIVI/Bnn_yacht/20260501_155731/extracted,2,,finalize_completed,2,100000,KSIVI,ksivi,,,,,,,,,,,,,,,,,,,861.8088834285736,79000,1.6080713272094727,1.60807@79000,100000,1.6219825744628906,808.4973318576813,74000,1.2042913436889648,1.20429@74000,100000,1.275851845741272,,,,,,,/root/ruivi/results/default_config_grid/KSIVI/Bnn_yacht/20260501_155731/plots,/root/ruivi/results/default_config_grid/KSIVI/Bnn_yacht/20260501_155731,seed43_ksivi_bnn_yacht,/root/ruivi/results/default_config_grid/KSIVI/Bnn_yacht/20260501_155731/run.log,/root/ruivi/results/default_config_grid/KSIVI/Bnn_yacht/20260501_155731/samples,43,completed,Bnn_yacht,Bnn_yacht,/root/ruivi/tb_logs/default_config_grid/KSIVI/Bnn_yacht/20260501_155731,1088.5355224609375,1248.0921865701675
23289e024175600a6bc203ea0517a00dbeb45ee9eb4156d5770fe50c80277aee,0.010007309727370739,/root/ruivi/results/default_config_grid/KSIVI/Langevin_post/20260429_221534/checkpoints,23289e024175600a6bc203ea0517a00dbeb45ee9eb4156d5770fe50c80277aee,default-grid-effective-v1,configs/ksivi_Langevin_post.yaml,fresh,campaigns/default_config_grid/runtime/console_logs/seed43_ksivi_langevin_post.log,/root/ruivi/tb_logs/default_config_grid/KSIVI/Langevin_post/20260429_221534/extracted,2,,finalize_completed,3,50000,KSIVI,ksivi,207.08454275131226,20500,-183.58241271972656,-183.582@20500,50000,-189.137451171875,118.32570719718933,11500,73.94340515136719,73.9434@11500,50000,72.3205795288086,,,,,,,,,,,,,,,,,,,117.69442176818848,11500,0.0170495193451643,0.0170495@11500,50000,0.019259192049503326,/root/ruivi/results/default_config_grid/KSIVI/Langevin_post/20260429_221534/plots,/root/ruivi/results/default_config_grid/KSIVI/Langevin_post/20260429_221534,seed43_ksivi_langevin_post,/root/ruivi/results/default_config_grid/KSIVI/Langevin_post/20260429_221534/run.log,/root/ruivi/results/default_config_grid/KSIVI/Langevin_post/20260429_221534/samples,43,completed,Langevin_post,Langevin_post,/root/ruivi/tb_logs/default_config_grid/KSIVI/Langevin_post/20260429_221534,500.365478515625,507.8602912724018
9298641f5226708fbc8a46a9d829d4300c74cc35d6f4f5bee176b8a39c37bd0f,0.006391053553670645,/root/ruivi/results/default_config_grid/KSIVI/LRwaveform/20260428_085938/checkpoints,9298641f5226708fbc8a46a9d829d4300c74cc35d6f4f5bee176b8a39c37bd0f,default-grid-effective-v1,configs/ksivi_LRwaveform.yaml,fresh,campaigns/default_config_grid/runtime/console_logs/seed43_ksivi_lrwaveform.log,/root/ruivi/tb_logs/default_config_grid/KSIVI/LRwaveform/20260428_085938/extracted,1,,finalize_completed,2,50000,KSIVI,ksivi,7.303716659545898,500,25.065317153930664,25.0653@500,50000,-26.122007369995117,,,,,,,,,,,,,,,,,,,,,,,,,,,,,,,/root/ruivi/results/default_config_grid/KSIVI/LRwaveform/20260428_085938/plots,/root/ruivi/results/default_config_grid/KSIVI/LRwaveform/20260428_085938,seed43_ksivi_lrwaveform,/root/ruivi/results/default_config_grid/KSIVI/LRwaveform/20260428_085938/run.log,/root/ruivi/results/default_config_grid/KSIVI/LRwaveform/20260428_085938/samples,43,completed,LRwaveform,LRwaveform,/root/ruivi/tb_logs/default_config_grid/KSIVI/LRwaveform/20260428_085938,319.55267333984375,408.8387289084494
78fb4abba97013324adb799928a16b3b012a923383f928faeb4e9f350e11f972,0.0069196103140711784,/root/ruivi/results/default_config_grid/KSIVI/multimodal/20260428_090627/checkpoints,71ddfe5f426e46e62c9a3ab6f1d1138f0502a5b9fff2f0bf8f9a6060b4dca349,default-grid-effective-v1,configs/ksivi_multimodal.yaml,fresh,campaigns/default_config_grid/runtime/console_logs/seed43_ksivi_multimodal.log,/root/ruivi/tb_logs/default_config_grid/KSIVI/multimodal/20260428_090627/extracted,1,,finalize_completed,2,50000,KSIVI,ksivi,336.1039545536041,48000,-0.004196640104055405,-0.00419664@48000,50000,-0.00436778087168932,,,,,,,318.54392862319946,45500,-0.015308584086596966,-0.0153086@45500,50000,0.008208082988858223,,,,,,,,,,,,,241.18367314338684,33500,0.04157323017716408,0.0415732@33500,50000,0.07603797316551208,/root/ruivi/results/default_config_grid/KSIVI/multimodal/20260428_090627/plots,/root/ruivi/results/default_config_grid/KSIVI/multimodal/20260428_090627,seed43_ksivi_multimodal,/root/ruivi/results/default_config_grid/KSIVI/multimodal/20260428_090627/run.log,/root/ruivi/results/default_config_grid/KSIVI/multimodal/20260428_090627/samples,43,completed,multimodal,multimodal,/root/ruivi/tb_logs/default_config_grid/KSIVI/multimodal/20260428_090627,345.98052978515625,352.54063234850764
cb31647c98c20dc1db267e9008e70ae7eab7d9fd34045276800acda94c49ce91,0.0065959757193923,/root/ruivi/results/default_config_grid/KSIVI/student_uc/20260428_090627/checkpoints,a0808fecbe60ad560dcb03912a9dadb2b064ec343c80b4586cd7e2bb51927065,default-grid-effective-v1,configs/ksivi_student_uc.yaml,fresh,campaigns/default_config_grid/runtime/console_logs/seed43_ksivi_student_uc.log,/root/ruivi/tb_logs/default_config_grid/KSIVI/student_uc/20260428_090627/extracted,1,,finalize_completed,3,50000,KSIVI,ksivi,7.553583383560181,500,-7.0059356689453125,-7.00594@500,50000,-15.163640022277832,,,,,,,7.261030197143555,500,4.195617198944092,4.19562@500,50000,9.090126037597656,,,,,,,,,,,,,7.301380634307861,500,3.0524837970733643,3.05248@500,50000,37.51364517211914,/root/ruivi/results/default_config_grid/KSIVI/student_uc/20260428_090627/plots,/root/ruivi/results/default_config_grid/KSIVI/student_uc/20260428_090627,seed43_ksivi_student_uc,/root/ruivi/results/default_config_grid/KSIVI/student_uc/20260428_090627/run.log,/root/ruivi/results/default_config_grid/KSIVI/student_uc/20260428_090627/samples,43,completed,student_uc,student_uc,/root/ruivi/tb_logs/default_config_grid/KSIVI/student_uc/20260428_090627,329.7987976074219,336.30617256090045
f54678a9e8e8b951d6b397fbdd8e30f254b67d32665b267468c874a901844385,0.007552530150860548,/root/ruivi/results/default_config_grid/KSIVI/x_shaped/20260428_090921/checkpoints,61c128f004fe8cab1935b7eb7eb5ce1d2d563fd1f63e7afff19cd8c8da243015,default-grid-effective-v1,configs/ksivi_x_shaped.yaml,fresh,campaigns/default_config_grid/runtime/console_logs/seed43_ksivi_x_shaped.log,/root/ruivi/tb_logs/default_config_grid/KSIVI/x_shaped/20260428_090921/extracted,1,,finalize_completed,1,50000,KSIVI,ksivi,381.0748076438904,50000,-0.10953731834888458,-0.109537@50000,50000,-0.10953731834888458,,,,,,,361.012713432312,47500,0.09858878701925278,0.0985888@47500,50000,0.11460398137569427,,,,,,,,,,,,,284.8622581958771,37500,0.37030765414237976,0.370308@37500,50000,0.3841858506202698,/root/ruivi/results/default_config_grid/KSIVI/x_shaped/20260428_090921/plots,/root/ruivi/results/default_config_grid/KSIVI/x_shaped/20260428_090921,seed43_ksivi_x_shaped,/root/ruivi/results/default_config_grid/KSIVI/x_shaped/20260428_090921/run.log,/root/ruivi/results/default_config_grid/KSIVI/x_shaped/20260428_090921/samples,43,completed,x_shaped,x_shaped,/root/ruivi/tb_logs/default_config_grid/KSIVI/x_shaped/20260428_090921,377.62652587890625,421.5123687721789
2e0b97e0cba0a1b60749123c0c55704fd8b7e922d67174913163296f09fa72be,0.014975779689848423,/root/ruivi/results/default_config_grid/SIVI/8_gaussians/20260428_064309/checkpoints,589cea593158cdd86f3b2f09d344cb53b4f048e2673e8889e0914da77dc9d69a,default-grid-effective-v1,configs/sivi_8_gaussians.yaml,fresh,campaigns/default_config_grid/runtime/console_logs/seed43_sivi_8_gaussians.log,/root/ruivi/tb_logs/default_config_grid/SIVI/8_gaussians/20260428_064309/extracted,1,,finalize_completed,3,10000,SIVI,sivi,145.69984030723572,9500,-0.15641719102859497,-0.156417@9500,10000,-0.17505624890327454,,,,,,,152.84222793579102,10000,0.13001684844493866,0.130017@10000,10000,0.13001684844493866,,,,,,,,,,,,,139.57777452468872,9100,0.10008837282657623,0.100088@9100,10000,0.11056497693061829,/root/ruivi/results/default_config_grid/SIVI/8_gaussians/20260428_064309/plots,/root/ruivi/results/default_config_grid/SIVI/8_gaussians/20260428_064309,seed43_sivi_8_gaussians,/root/ruivi/results/default_config_grid/SIVI/8_gaussians/20260428_064309/run.log,/root/ruivi/results/default_config_grid/SIVI/8_gaussians/20260428_064309/samples,43,completed,8_gaussians,8_gaussians,/root/ruivi/tb_logs/default_config_grid/SIVI/8_gaussians/20260428_064309,149.75779724121094,186.0920903198421
54f10b8aa7c760c7e00e524ba1d87d97d9c515b9bc47a7965d640068623726a0,0.015102144330739975,/root/ruivi/results/default_config_grid/SIVI/banana/20260428_064431/checkpoints,9e2c7bdc7fae31032871cb3a0d4e9bac3310682327bfbf6e0c7935ca0086f466,default-grid-effective-v1,configs/sivi_banana.yaml,fresh,campaigns/default_config_grid/runtime/console_logs/seed43_sivi_banana.log,/root/ruivi/tb_logs/default_config_grid/SIVI/banana/20260428_064431/extracted,1,,finalize_completed,1,10000,SIVI,sivi,116.37258553504944,7500,-0.0026588118635118008,-0.00265881@7500,10000,-0.005281751975417137,,,,,,,151.05992937088013,9800,-0.020301349461078644,-0.0203013@9800,10000,0.0034277625381946564,,,,,,,,,,,,,142.0336892604828,9200,0.028910282999277115,0.0289103@9200,10000,0.045411691069602966,/root/ruivi/results/default_config_grid/SIVI/banana/20260428_064431/plots,/root/ruivi/results/default_config_grid/SIVI/banana/20260428_064431,seed43_sivi_banana,/root/ruivi/results/default_config_grid/SIVI/banana/20260428_064431/run.log,/root/ruivi/results/default_config_grid/SIVI/banana/20260428_064431/samples,43,completed,banana,banana,/root/ruivi/tb_logs/default_config_grid/SIVI/banana/20260428_064431,151.0214385986328,155.66676186025143
f7371897abbdff0131267fe6696ef33dd1ccd660fd4b92ca4d0ee84b9865d1b4,0.05540722981095314,/root/ruivi/results/default_config_grid/SIVI/Bnn_boston/20260501_145741/checkpoints,f7371897abbdff0131267fe6696ef33dd1ccd660fd4b92ca4d0ee84b9865d1b4,default-grid-effective-v1,configs/sivi_Bnn_boston.yaml,fresh,campaigns/default_config_grid/runtime/console_logs/seed43_sivi_bnn_boston.log,/root/ruivi/tb_logs/default_config_grid/SIVI/Bnn_boston/20260501_145741/extracted,2,,finalize_completed,1,10000,SIVI,sivi,,,,,,,,,,,,,,,,,,,375.3735890388489,6700,2.548943281173706,2.54894@6700,10000,2.556926727294922,485.83894634246826,8700,3.1425299644470215,3.14253@8700,10000,3.172177791595459,,,,,,,/root/ruivi/results/default_config_grid/SIVI/Bnn_boston/20260501_145741/plots,/root/ruivi/results/default_config_grid/SIVI/Bnn_boston/20260501_145741,seed43_sivi_bnn_boston,/root/ruivi/results/default_config_grid/SIVI/Bnn_boston/20260501_145741/run.log,/root/ruivi/results/default_config_grid/SIVI/Bnn_boston/20260501_145741/samples,43,completed,Bnn_boston,Bnn_boston,/root/ruivi/tb_logs/default_config_grid/SIVI/Bnn_boston/20260501_145741,554.0723266601562,648.0259589590132
960c33d53f93eb065a72b9daab6f1a1cf70f30e84b34a54e3704196c73390f74,0.039144184440374374,/root/ruivi/results/default_config_grid/SIVI/Bnn_concrete/20260501_145741/checkpoints,960c33d53f93eb065a72b9daab6f1a1cf70f30e84b34a54e3704196c73390f74,default-grid-effective-v1,configs/sivi_Bnn_concrete.yaml,fresh,campaigns/default_config_grid/runtime/console_logs/seed43_sivi_bnn_concrete.log,/root/ruivi/tb_logs/default_config_grid/SIVI/Bnn_concrete/20260501_145741/extracted,2,,finalize_completed,3,10000,SIVI,sivi,,,,,,,,,,,,,,,,,,,156.36039233207703,3900,3.3834691047668457,3.38347@3900,10000,3.4201340675354004,172.47673845291138,4300,7.075959205627441,7.07596@4300,10000,7.172940731048584,,,,,,,/root/ruivi/results/default_config_grid/SIVI/Bnn_concrete/20260501_145741/plots,/root/ruivi/results/default_config_grid/SIVI/Bnn_concrete/20260501_145741,seed43_sivi_bnn_concrete,/root/ruivi/results/default_config_grid/SIVI/Bnn_concrete/20260501_145741/run.log,/root/ruivi/results/default_config_grid/SIVI/Bnn_concrete/20260501_145741/samples,43,completed,Bnn_concrete,Bnn_concrete,/root/ruivi/tb_logs/default_config_grid/SIVI/Bnn_concrete/20260501_145741,391.4418640136719,397.54496014490724
aff55bb61ecaa8a625f8baebcfc79fa1aa6b173980a2791210a9cb481fa41950,0.026258736848831177,/root/ruivi/results/default_config_grid/SIVI/Bnn_power/20260501_150418/checkpoints,aff55bb61ecaa8a625f8baebcfc79fa1aa6b173980a2791210a9cb481fa41950,default-grid-effective-v1,configs/sivi_Bnn_power.yaml,fresh,campaigns/default_config_grid/runtime/console_logs/seed43_sivi_bnn_power.log,/root/ruivi/tb_logs/default_config_grid/SIVI/Bnn_power/20260501_150418/extracted,2,,finalize_completed,3,10000,SIVI,sivi,,,,,,,,,,,,,,,,,,,231.43003749847412,8700,2.795738697052002,2.79574@8700,10000,2.7969741821289062,168.99805688858032,6300,3.901580333709717,3.90158@6300,10000,3.9057366847991943,,,,,,,/root/ruivi/results/default_config_grid/SIVI/Bnn_power/20260501_150418/plots,/root/ruivi/results/default_config_grid/SIVI/Bnn_power/20260501_150418,seed43_sivi_bnn_power,/root/ruivi/results/default_config_grid/SIVI/Bnn_power/20260501_150418/run.log,/root/ruivi/results/default_config_grid/SIVI/Bnn_power/20260501_150418/samples,43,completed,Bnn_power,Bnn_power,/root/ruivi/tb_logs/default_config_grid/SIVI/Bnn_power/20260501_150418,262.5873718261719,268.8989696390927
11c643984c3f38594d6c49e331a002de810964c7f48ed30e2b01b7df94c41d86,0.04275766760110855,/root/ruivi/results/default_config_grid/SIVI/Bnn_protein/20260501_150828/checkpoints,11c643984c3f38594d6c49e331a002de810964c7f48ed30e2b01b7df94c41d86,default-grid-effective-v1,configs/sivi_Bnn_protein.yaml,fresh,campaigns/default_config_grid/runtime/console_logs/seed43_sivi_bnn_protein.log,/root/ruivi/tb_logs/default_config_grid/SIVI/Bnn_protein/20260501_150828/extracted,2,,finalize_completed,1,10000,SIVI,sivi,,,,,,,,,,,,,,,,,,,222.12089943885803,5100,3.0052456855773926,3.00525@5100,10000,3.011578321456909,294.3393044471741,6800,4.788390159606934,4.78839@6800,10000,4.849906921386719,,,,,,,/root/ruivi/results/default_config_grid/SIVI/Bnn_protein/20260501_150828/plots,/root/ruivi/results/default_config_grid/SIVI/Bnn_protein/20260501_150828,seed43_sivi_bnn_protein,/root/ruivi/results/default_config_grid/SIVI/Bnn_protein/20260501_150828/run.log,/root/ruivi/results/default_config_grid/SIVI/Bnn_protein/20260501_150828/samples,43,completed,Bnn_protein,Bnn_protein,/root/ruivi/tb_logs/default_config_grid/SIVI/Bnn_protein/20260501_150828,427.5766906738281,434.11822597309947
cdb94163a95ac72738fbb7a5493d6009cabd5b7161d91a90c0caa248abcc2bf9,0.0487167090177536,/root/ruivi/results/default_config_grid/SIVI/Bnn_winered/20260501_150847/checkpoints,cdb94163a95ac72738fbb7a5493d6009cabd5b7161d91a90c0caa248abcc2bf9,default-grid-effective-v1,configs/sivi_Bnn_winered.yaml,fresh,campaigns/default_config_grid/runtime/console_logs/seed43_sivi_bnn_winered.log,/root/ruivi/tb_logs/default_config_grid/SIVI/Bnn_winered/20260501_150847/extracted,2,,finalize_completed,3,10000,SIVI,sivi,,,,,,,,,,,,,,,,,,,135.06354141235352,2700,0.9500041007995605,0.950004@2700,10000,0.9513258934020996,130.2862367630005,2600,0.6267871856689453,0.626787@2600,10000,0.6298607587814331,,,,,,,/root/ruivi/results/default_config_grid/SIVI/Bnn_winered/20260501_150847/plots,/root/ruivi/results/default_config_grid/SIVI/Bnn_winered/20260501_150847,seed43_sivi_bnn_winered,/root/ruivi/results/default_config_grid/SIVI/Bnn_winered/20260501_150847/run.log,/root/ruivi/results/default_config_grid/SIVI/Bnn_winered/20260501_150847/samples,43,completed,Bnn_winered,Bnn_winered,/root/ruivi/tb_logs/default_config_grid/SIVI/Bnn_winered/20260501_150847,487.1671142578125,622.6969723254442
d1b04c06c22b36f3fe123d6b85d79108a077a87ae5b8902af27ae7b15b7d7221,0.03260680288076401,/root/ruivi/results/default_config_grid/SIVI/Bnn_yacht/20260501_151441/checkpoints,d1b04c06c22b36f3fe123d6b85d79108a077a87ae5b8902af27ae7b15b7d7221,default-grid-effective-v1,configs/sivi_Bnn_yacht.yaml,fresh,campaigns/default_config_grid/runtime/console_logs/seed43_sivi_bnn_yacht.log,/root/ruivi/tb_logs/default_config_grid/SIVI/Bnn_yacht/20260501_151441/extracted,2,,finalize_completed,0,10000,SIVI,sivi,,,,,,,,,,,,,,,,,,,323.2861623764038,9800,1.802597999572754,1.8026@9800,10000,1.815263271331787,326.44984698295593,9900,1.7517403364181519,1.75174@9900,10000,1.765783429145813,,,,,,,/root/ruivi/results/default_config_grid/SIVI/Bnn_yacht/20260501_151441/plots,/root/ruivi/results/default_config_grid/SIVI/Bnn_yacht/20260501_151441,seed43_sivi_bnn_yacht,/root/ruivi/results/default_config_grid/SIVI/Bnn_yacht/20260501_151441/run.log,/root/ruivi/results/default_config_grid/SIVI/Bnn_yacht/20260501_151441/samples,43,completed,Bnn_yacht,Bnn_yacht,/root/ruivi/tb_logs/default_config_grid/SIVI/Bnn_yacht/20260501_151441,326.0680236816406,332.4367204941809
c0a47fc9fcb5efc2427b46f9f552729d86cae30f2e443971be79d0ba267d3335,0.03222794458270073,/root/ruivi/results/default_config_grid/SIVI/Langevin_post/20260429_220705/checkpoints,c0a47fc9fcb5efc2427b46f9f552729d86cae30f2e443971be79d0ba267d3335,default-grid-effective-v1,configs/sivi_Langevin_post.yaml,fresh,campaigns/default_config_grid/runtime/console_logs/seed43_sivi_langevin_post.log,/root/ruivi/tb_logs/default_config_grid/SIVI/Langevin_post/20260429_220705/extracted,2,,finalize_completed,0,10000,SIVI,sivi,299.7408215999603,9200,-179.41932678222656,-179.419@9200,10000,-179.50613403320312,92.65736055374146,2800,74.69706726074219,74.6971@2800,10000,57.987892150878906,,,,,,,,,,,,,,,,,,,98.18423342704773,3000,0.012779651209712029,0.0127797@3000,10000,0.034125540405511856,/root/ruivi/results/default_config_grid/SIVI/Langevin_post/20260429_220705/plots,/root/ruivi/results/default_config_grid/SIVI/Langevin_post/20260429_220705,seed43_sivi_langevin_post,/root/ruivi/results/default_config_grid/SIVI/Langevin_post/20260429_220705/run.log,/root/ruivi/results/default_config_grid/SIVI/Langevin_post/20260429_220705/samples,43,completed,Langevin_post,Langevin_post,/root/ruivi/tb_logs/default_config_grid/SIVI/Langevin_post/20260429_220705,322.2794189453125,328.8618092276156
d13e90bf1f965e1b5d126694d7f46274ec8b4346f1a2e813befa7c10b24fe997,0.01927790977060795,/root/ruivi/results/default_config_grid/SIVI/LRwaveform/20260428_065701/checkpoints,d13e90bf1f965e1b5d126694d7f46274ec8b4346f1a2e813befa7c10b24fe997,default-grid-effective-v1,configs/sivi_LRwaveform.yaml,fresh,campaigns/default_config_grid/runtime/console_logs/seed43_sivi_lrwaveform.log,/root/ruivi/tb_logs/default_config_grid/SIVI/LRwaveform/20260428_065701/extracted,1,,finalize_completed,2,10000,SIVI,sivi,7.570745468139648,200,31.485733032226562,31.4857@200,10000,3.082825183868408,,,,,,,,,,,,,,,,,,,,,,,,,,,,,,,/root/ruivi/results/default_config_grid/SIVI/LRwaveform/20260428_065701/plots,/root/ruivi/results/default_config_grid/SIVI/LRwaveform/20260428_065701,seed43_sivi_lrwaveform,/root/ruivi/results/default_config_grid/SIVI/LRwaveform/20260428_065701/run.log,/root/ruivi/results/default_config_grid/SIVI/LRwaveform/20260428_065701/samples,43,completed,LRwaveform,LRwaveform,/root/ruivi/tb_logs/default_config_grid/SIVI/LRwaveform/20260428_065701,192.7790985107422,209.0206200107932
b2e16eca69e89c7a52dcc556ffc468f82aef99e3c1e24fb0ddc9000cf8eebb2a,0.015255515463650227,/root/ruivi/results/default_config_grid/SIVI/multimodal/20260428_065849/checkpoints,def30ee9ccb4d02f79e684dfc301dce2bc8a688e7af5de4b9b3f3d58cf377344,default-grid-effective-v1,configs/sivi_multimodal.yaml,fresh,campaigns/default_config_grid/runtime/console_logs/seed43_sivi_multimodal.log,/root/ruivi/tb_logs/default_config_grid/SIVI/multimodal/20260428_065849/extracted,1,,finalize_completed,3,10000,SIVI,sivi,139.38995361328125,8900,0.0007749999058432877,0.000775@8900,10000,-0.001644148025661707,,,,,,,142.38729405403137,9100,-0.03045966848731041,-0.0304597@9100,10000,-0.007998071610927582,,,,,,,,,,,,,125.29191088676453,8000,0.018769288435578346,0.0187693@8000,10000,0.048920635133981705,/root/ruivi/results/default_config_grid/SIVI/multimodal/20260428_065849/plots,/root/ruivi/results/default_config_grid/SIVI/multimodal/20260428_065849,seed43_sivi_multimodal,/root/ruivi/results/default_config_grid/SIVI/multimodal/20260428_065849/run.log,/root/ruivi/results/default_config_grid/SIVI/multimodal/20260428_065849/samples,43,completed,multimodal,multimodal,/root/ruivi/tb_logs/default_config_grid/SIVI/multimodal/20260428_065849,152.55514526367188,157.16264567896724
ff856275389accedffc8d69589cd55b8a97ab96b54746b382a07565ddde18f9f,0.014909639954566956,/root/ruivi/results/default_config_grid/SIVI/student_uc/20260428_070030/checkpoints,0edc6f460355498e594e373fa0b0f4c4eb0362fdc845c07ed1db3479eacbf24e,default-grid-effective-v1,configs/sivi_student_uc.yaml,fresh,campaigns/default_config_grid/runtime/console_logs/seed43_sivi_student_uc.log,/root/ruivi/tb_logs/default_config_grid/SIVI/student_uc/20260428_070030/extracted,1,,finalize_completed,0,10000,SIVI,sivi,125.74763131141663,8200,-2.6740691661834717,-2.67407@8200,10000,-2.679962396621704,,,,,,,75.78595638275146,4800,-0.00618381192907691,-0.00618381@4800,10000,0.013346984051167965,,,,,,,,,,,,,135.991229057312,8900,0.6026531457901001,0.602653@8900,10000,0.6307564377784729,/root/ruivi/results/default_config_grid/SIVI/student_uc/20260428_070030/plots,/root/ruivi/results/default_config_grid/SIVI/student_uc/20260428_070030,seed43_sivi_student_uc,/root/ruivi/results/default_config_grid/SIVI/student_uc/20260428_070030/run.log,/root/ruivi/results/default_config_grid/SIVI/student_uc/20260428_070030/samples,43,completed,student_uc,student_uc,/root/ruivi/tb_logs/default_config_grid/SIVI/student_uc/20260428_070030,149.09640502929688,154.33674986287951
5001ab7890b241e00d799149f967a3f66dcccde86893b92ee28852b5181368b8,0.015138749033212662,/root/ruivi/results/default_config_grid/SIVI/x_shaped/20260428_070030/checkpoints,931ded02889c30d973b92a4495a219c8bbe4ee254acf887da3c0ce9f74e6229d,default-grid-effective-v1,configs/sivi_x_shaped.yaml,fresh,campaigns/default_config_grid/runtime/console_logs/seed43_sivi_x_shaped.log,/root/ruivi/tb_logs/default_config_grid/SIVI/x_shaped/20260428_070030/extracted,1,,finalize_completed,1,10000,SIVI,sivi,127.83749103546143,8200,-0.0008717659511603415,-0.000871766@8200,10000,-0.0024374311324208975,,,,,,,130.57106399536133,8400,-0.012691862881183624,-0.0126919@8400,10000,0.018975604325532913,,,,,,,,,,,,,143.03551292419434,9200,0.02796759083867073,0.0279676@9200,10000,0.04475899040699005,/root/ruivi/results/default_config_grid/SIVI/x_shaped/20260428_070030/plots,/root/ruivi/results/default_config_grid/SIVI/x_shaped/20260428_070030,seed43_sivi_x_shaped,/root/ruivi/results/default_config_grid/SIVI/x_shaped/20260428_070030/run.log,/root/ruivi/results/default_config_grid/SIVI/x_shaped/20260428_070030/samples,43,completed,x_shaped,x_shaped,/root/ruivi/tb_logs/default_config_grid/SIVI/x_shaped/20260428_070030,151.3874969482422,158.40036166086793
3b36f458f7224c8e0e561c8b212e023b39c898b505aa69b5c2e0dc0297e69b5b,0.07555010914802551,/root/ruivi/results/default_config_grid/UIVI/8_gaussians/20260428_070030/checkpoints,512caccd8662f52f78eafea7061a48cb5d8cf368b122aeb55891173c3ca08e8b,default-grid-effective-v1,configs/uivi_8_gaussians.yaml,fresh,campaigns/default_config_grid/runtime/console_logs/seed43_uivi_8_gaussians.log,/root/ruivi/tb_logs/default_config_grid/UIVI/8_gaussians/20260428_070030/extracted,1,,finalize_completed,2,10000,UIVI,uivi,624.6302525997162,8200,-0.7182238101959229,-0.718224@8200,10000,-0.7636387348175049,,,,,,,721.0074846744537,9500,0.660888135433197,0.660888@9500,10000,0.6658425331115723,,,,,,,,,,,,,275.78300309181213,3600,0.3410051167011261,0.341005@3600,10000,0.40949174761772156,/root/ruivi/results/default_config_grid/UIVI/8_gaussians/20260428_070030/plots,/root/ruivi/results/default_config_grid/UIVI/8_gaussians/20260428_070030,seed43_uivi_8_gaussians,/root/ruivi/results/default_config_grid/UIVI/8_gaussians/20260428_070030/run.log,/root/ruivi/results/default_config_grid/UIVI/8_gaussians/20260428_070030/samples,43,completed,8_gaussians,8_gaussians,/root/ruivi/tb_logs/default_config_grid/UIVI/8_gaussians/20260428_070030,755.5010375976562,778.0180663131177
82f440c18aa3690f035dc4de91909d794f9ce6b5a2a65df4f73847f97a5fafdf,0.07975500077009201,/root/ruivi/results/default_config_grid/UIVI/banana/20260428_070126/checkpoints,1efa8dc4d39611e323c9feeb7a7d3539e29862f4108b6d9b3501e125947e2ca7,default-grid-effective-v1,configs/uivi_banana.yaml,fresh,campaigns/default_config_grid/runtime/console_logs/seed43_uivi_banana.log,/root/ruivi/tb_logs/default_config_grid/UIVI/banana/20260428_070126/extracted,1,,finalize_completed,3,10000,UIVI,uivi,613.9189190864563,7700,-0.021679332479834557,-0.0216793@7700,10000,-0.030898338183760643,,,,,,,407.9942708015442,5100,0.008486633189022541,0.00848663@5100,10000,0.025749193504452705,,,,,,,,,,,,,279.38118267059326,3500,0.1985141634941101,0.198514@3500,10000,0.3656935691833496,/root/ruivi/results/default_config_grid/UIVI/banana/20260428_070126/plots,/root/ruivi/results/default_config_grid/UIVI/banana/20260428_070126,seed43_uivi_banana,/root/ruivi/results/default_config_grid/UIVI/banana/20260428_070126/run.log,/root/ruivi/results/default_config_grid/UIVI/banana/20260428_070126/samples,43,completed,banana,banana,/root/ruivi/tb_logs/default_config_grid/UIVI/banana/20260428_070126,797.550048828125,834.597379270941
ac3133c3c9330c3d7ddf893e76ae020d1234205cacc2fd46d80a1a49cd2fe194,0.07385995239019394,/root/ruivi/results/default_config_grid/UIVI/Bnn_boston/20260501_151504/checkpoints,ac3133c3c9330c3d7ddf893e76ae020d1234205cacc2fd46d80a1a49cd2fe194,default-grid-effective-v1,configs/uivi_Bnn_boston.yaml,fresh,campaigns/default_config_grid/runtime/console_logs/seed43_uivi_bnn_boston.log,/root/ruivi/tb_logs/default_config_grid/UIVI/Bnn_boston/20260501_151504/extracted,2,,finalize_completed,2,10000,UIVI,uivi,,,,,,,,,,,,,,,,,,,647.3641970157623,8700,2.6332619190216064,2.63326@8700,10000,2.643920660018921,278.7279489040375,3700,3.50945782661438,3.50946@3700,10000,3.5724852085113525,,,,,,,/root/ruivi/results/default_config_grid/UIVI/Bnn_boston/20260501_151504/plots,/root/ruivi/results/default_config_grid/UIVI/Bnn_boston/20260501_151504,seed43_uivi_bnn_boston,/root/ruivi/results/default_config_grid/UIVI/Bnn_boston/20260501_151504/run.log,/root/ruivi/results/default_config_grid/UIVI/Bnn_boston/20260501_151504/samples,43,completed,Bnn_boston,Bnn_boston,/root/ruivi/tb_logs/default_config_grid/UIVI/Bnn_boston/20260501_151504,738.5994873046875,890.3451053351164
91ee9d5215ecefcda011da73478dd552b78de94dc01edea03508cee7bb369903,0.07507006078958511,/root/ruivi/results/default_config_grid/UIVI/Bnn_concrete/20260501_151543/checkpoints,91ee9d5215ecefcda011da73478dd552b78de94dc01edea03508cee7bb369903,default-grid-effective-v1,configs/uivi_Bnn_concrete.yaml,fresh,campaigns/default_config_grid/runtime/console_logs/seed43_uivi_bnn_concrete.log,/root/ruivi/tb_logs/default_config_grid/UIVI/Bnn_concrete/20260501_151543/extracted,2,,finalize_completed,1,10000,UIVI,uivi,,,,,,,,,,,,,,,,,,,709.733350276947,9400,3.463733196258545,3.46373@9400,10000,3.473007917404175,754.2627575397491,10000,7.768522262573242,7.76852@10000,10000,7.768522262573242,,,,,,,/root/ruivi/results/default_config_grid/UIVI/Bnn_concrete/20260501_151543/plots,/root/ruivi/results/default_config_grid/UIVI/Bnn_concrete/20260501_151543,seed43_uivi_bnn_concrete,/root/ruivi/results/default_config_grid/UIVI/Bnn_concrete/20260501_151543/run.log,/root/ruivi/results/default_config_grid/UIVI/Bnn_concrete/20260501_151543/samples,43,completed,Bnn_concrete,Bnn_concrete,/root/ruivi/tb_logs/default_config_grid/UIVI/Bnn_concrete/20260501_151543,750.7006225585938,851.494684483856
bd2d86f0c601a8651bee6f8af6fa83b1bc621f5c58a7742fbac2a7e06fd05e46,0.07451043277978897,/root/ruivi/results/default_config_grid/UIVI/Bnn_power/20260501_151910/checkpoints,bd2d86f0c601a8651bee6f8af6fa83b1bc621f5c58a7742fbac2a7e06fd05e46,default-grid-effective-v1,configs/uivi_Bnn_power.yaml,fresh,campaigns/default_config_grid/runtime/console_logs/seed43_uivi_bnn_power.log,/root/ruivi/tb_logs/default_config_grid/UIVI/Bnn_power/20260501_151910/extracted,2,,finalize_completed,3,10000,UIVI,uivi,,,,,,,,,,,,,,,,,,,718.5114350318909,9600,2.8040969371795654,2.8041@9600,10000,2.8054356575012207,732.6256918907166,9800,3.9313549995422363,3.93135@9800,10000,3.932037353515625,,,,,,,/root/ruivi/results/default_config_grid/UIVI/Bnn_power/20260501_151910/plots,/root/ruivi/results/default_config_grid/UIVI/Bnn_power/20260501_151910,seed43_uivi_bnn_power,/root/ruivi/results/default_config_grid/UIVI/Bnn_power/20260501_151910/run.log,/root/ruivi/results/default_config_grid/UIVI/Bnn_power/20260501_151910/samples,43,completed,Bnn_power,Bnn_power,/root/ruivi/tb_logs/default_config_grid/UIVI/Bnn_power/20260501_151910,745.1043090820312,751.3058193363249
ba5cecb6d2b1e91ccbf9430cca0b99ecc6ed629cbdb0fc51f24d24aa63c11ef3,0.07566575706005096,/root/ruivi/results/default_config_grid/UIVI/Bnn_protein/20260501_152014/checkpoints,ba5cecb6d2b1e91ccbf9430cca0b99ecc6ed629cbdb0fc51f24d24aa63c11ef3,default-grid-effective-v1,configs/uivi_Bnn_protein.yaml,fresh,campaigns/default_config_grid/runtime/console_logs/seed43_uivi_bnn_protein.log,/root/ruivi/tb_logs/default_config_grid/UIVI/Bnn_protein/20260501_152014/extracted,2,,finalize_completed,0,10000,UIVI,uivi,,,,,,,,,,,,,,,,,,,760.1155319213867,10000,3.031268358230591,3.03127@10000,10000,3.031268358230591,760.1154832839966,10000,5.029301643371582,5.0293@10000,10000,5.029301643371582,,,,,,,/root/ruivi/results/default_config_grid/UIVI/Bnn_protein/20260501_152014/plots,/root/ruivi/results/default_config_grid/UIVI/Bnn_protein/20260501_152014,seed43_uivi_bnn_protein,/root/ruivi/results/default_config_grid/UIVI/Bnn_protein/20260501_152014/run.log,/root/ruivi/results/default_config_grid/UIVI/Bnn_protein/20260501_152014/samples,43,completed,Bnn_protein,Bnn_protein,/root/ruivi/tb_logs/default_config_grid/UIVI/Bnn_protein/20260501_152014,756.6575927734375,905.7966023795307
88af7f4212da2127b004b66b8bd3c6ac7aabc2c845c0c506f06eba0729f57f84,0.07669518887996674,/root/ruivi/results/default_config_grid/UIVI/Bnn_winered/20260501_152954/checkpoints,88af7f4212da2127b004b66b8bd3c6ac7aabc2c845c0c506f06eba0729f57f84,default-grid-effective-v1,configs/uivi_Bnn_winered.yaml,fresh,campaigns/default_config_grid/runtime/console_logs/seed43_uivi_bnn_winered.log,/root/ruivi/tb_logs/default_config_grid/UIVI/Bnn_winered/20260501_152954/extracted,2,,finalize_completed,1,10000,UIVI,uivi,,,,,,,,,,,,,,,,,,,219.8906970024109,2800,0.9499826431274414,0.949983@2800,10000,0.9614319801330566,219.8906581401825,2800,0.6263539791107178,0.626354@2800,10000,0.6357229351997375,,,,,,,/root/ruivi/results/default_config_grid/UIVI/Bnn_winered/20260501_152954/plots,/root/ruivi/results/default_config_grid/UIVI/Bnn_winered/20260501_152954,seed43_uivi_bnn_winered,/root/ruivi/results/default_config_grid/UIVI/Bnn_winered/20260501_152954/run.log,/root/ruivi/results/default_config_grid/UIVI/Bnn_winered/20260501_152954/samples,43,completed,Bnn_winered,Bnn_winered,/root/ruivi/tb_logs/default_config_grid/UIVI/Bnn_winered/20260501_152954,766.951904296875,969.4016501046717
709eb09418f06bf32c2213ec760c60ddeb0eb219572a0716f65ca115f8a5b95f,0.07709438353776932,/root/ruivi/results/default_config_grid/UIVI/Bnn_yacht/20260501_152955/checkpoints,709eb09418f06bf32c2213ec760c60ddeb0eb219572a0716f65ca115f8a5b95f,default-grid-effective-v1,configs/uivi_Bnn_yacht.yaml,fresh,campaigns/default_config_grid/runtime/console_logs/seed43_uivi_bnn_yacht.log,/root/ruivi/tb_logs/default_config_grid/UIVI/Bnn_yacht/20260501_152955/extracted,2,,finalize_completed,2,10000,UIVI,uivi,,,,,,,,,,,,,,,,,,,767.8430068492889,9900,2.3095386028289795,2.30954@9900,10000,2.3375165462493896,767.8429584503174,9900,2.5736050605773926,2.57361@9900,10000,2.5855515003204346,,,,,,,/root/ruivi/results/default_config_grid/UIVI/Bnn_yacht/20260501_152955/plots,/root/ruivi/results/default_config_grid/UIVI/Bnn_yacht/20260501_152955,seed43_uivi_bnn_yacht,/root/ruivi/results/default_config_grid/UIVI/Bnn_yacht/20260501_152955/run.log,/root/ruivi/results/default_config_grid/UIVI/Bnn_yacht/20260501_152955/samples,43,completed,Bnn_yacht,Bnn_yacht,/root/ruivi/tb_logs/default_config_grid/UIVI/Bnn_yacht/20260501_152955,770.94384765625,969.4288423471153
45426b372fb0f4fd9a55ef51b34e0fb0348e0dcc75cafd87b08732438d02781d,0.0698377788066864,/root/ruivi/results/default_config_grid/UIVI/Langevin_post/20260429_221235/checkpoints,45426b372fb0f4fd9a55ef51b34e0fb0348e0dcc75cafd87b08732438d02781d,default-grid-effective-v1,configs/uivi_Langevin_post.yaml,fresh,campaigns/default_config_grid/runtime/console_logs/seed43_uivi_langevin_post.log,/root/ruivi/tb_logs/default_config_grid/UIVI/Langevin_post/20260429_221235/extracted,2,,finalize_completed,0,10000,UIVI,uivi,576.6224584579468,8200,-185.0901641845703,-185.09@8200,10000,-185.2108917236328,157.85456037521362,2200,74.06590270996094,74.0659@2200,10000,21.265493392944336,,,,,,,,,,,,,,,,,,,157.2317090034485,2200,0.01556625310331583,0.0155663@2200,10000,0.04598146304488182,/root/ruivi/results/default_config_grid/UIVI/Langevin_post/20260429_221235/plots,/root/ruivi/results/default_config_grid/UIVI/Langevin_post/20260429_221235,seed43_uivi_langevin_post,/root/ruivi/results/default_config_grid/UIVI/Langevin_post/20260429_221235/run.log,/root/ruivi/results/default_config_grid/UIVI/Langevin_post/20260429_221235/samples,43,completed,Langevin_post,Langevin_post,/root/ruivi/tb_logs/default_config_grid/UIVI/Langevin_post/20260429_221235,698.3778076171875,707.0334705449641
ae665d8003e89fdf825f97a239b258638c78eafe1ce3abea12568c874af9bcad,0.0777125284075737,/root/ruivi/results/default_config_grid/UIVI/LRwaveform/20260428_072713/checkpoints,ae665d8003e89fdf825f97a239b258638c78eafe1ce3abea12568c874af9bcad,default-grid-effective-v1,configs/uivi_LRwaveform.yaml,fresh,campaigns/default_config_grid/runtime/console_logs/seed43_uivi_lrwaveform.log,/root/ruivi/tb_logs/default_config_grid/UIVI/LRwaveform/20260428_072713/extracted,1,,finalize_completed,3,10000,UIVI,uivi,19.76159691810608,200,31.583099365234375,31.5831@200,10000,-7.291385650634766,,,,,,,,,,,,,,,,,,,,,,,,,,,,,,,/root/ruivi/results/default_config_grid/UIVI/LRwaveform/20260428_072713/plots,/root/ruivi/results/default_config_grid/UIVI/LRwaveform/20260428_072713,seed43_uivi_lrwaveform,/root/ruivi/results/default_config_grid/UIVI/LRwaveform/20260428_072713/run.log,/root/ruivi/results/default_config_grid/UIVI/LRwaveform/20260428_072713/samples,43,completed,LRwaveform,LRwaveform,/root/ruivi/tb_logs/default_config_grid/UIVI/LRwaveform/20260428_072713,777.1253051757812,785.6998088173568
101e73f5628e58de65c6c1604bbce7bc68f6925cc4d8df02f1e9689849b7e15c,0.0799848735332489,/root/ruivi/results/default_config_grid/UIVI/multimodal/20260428_072725/checkpoints,747c20f8877c38f83a5fe61d193f294d3a61e658ab5259106e8ace4cd60ba13d,default-grid-effective-v1,configs/uivi_multimodal.yaml,fresh,campaigns/default_config_grid/runtime/console_logs/seed43_uivi_multimodal.log,/root/ruivi/tb_logs/default_config_grid/UIVI/multimodal/20260428_072725/extracted,1,,finalize_completed,1,10000,UIVI,uivi,426.27631735801697,5300,-0.032051172107458115,-0.0320512@5300,10000,-0.04508066922426224,,,,,,,592.4762687683105,7400,0.015413353219628334,0.0154134@7400,10000,0.04882869869470596,,,,,,,,,,,,,362.81337809562683,4500,0.10249128937721252,0.102491@4500,10000,0.11398417502641678,/root/ruivi/results/default_config_grid/UIVI/multimodal/20260428_072725/plots,/root/ruivi/results/default_config_grid/UIVI/multimodal/20260428_072725,seed43_uivi_multimodal,/root/ruivi/results/default_config_grid/UIVI/multimodal/20260428_072725/run.log,/root/ruivi/results/default_config_grid/UIVI/multimodal/20260428_072725/samples,43,completed,multimodal,multimodal,/root/ruivi/tb_logs/default_config_grid/UIVI/multimodal/20260428_072725,799.8487548828125,805.942174077034
fc2d9ea28df0502adae1a290ca3181d014547d010df106ba786749972f86beab,0.0746832862496376,/root/ruivi/results/default_config_grid/UIVI/student_uc/20260428_072731/checkpoints,3406e575d8f0d1845ff166c100ea930d3ee62e9b47397c540735a4287c82f087,default-grid-effective-v1,configs/uivi_student_uc.yaml,fresh,campaigns/default_config_grid/runtime/console_logs/seed43_uivi_student_uc.log,/root/ruivi/tb_logs/default_config_grid/UIVI/student_uc/20260428_072731/extracted,1,,finalize_completed,0,10000,UIVI,uivi,623.795049905777,8300,-2.6808488368988037,-2.68085@8300,10000,-2.684802770614624,,,,,,,655.8440701961517,8700,0.003003115300089121,0.00300312@8700,10000,0.03272795304656029,,,,,,,,,,,,,564.0796074867249,7500,0.6227602362632751,0.62276@7500,10000,0.6307533383369446,/root/ruivi/results/default_config_grid/UIVI/student_uc/20260428_072731/plots,/root/ruivi/results/default_config_grid/UIVI/student_uc/20260428_072731,seed43_uivi_student_uc,/root/ruivi/results/default_config_grid/UIVI/student_uc/20260428_072731/run.log,/root/ruivi/results/default_config_grid/UIVI/student_uc/20260428_072731/samples,43,completed,student_uc,student_uc,/root/ruivi/tb_logs/default_config_grid/UIVI/student_uc/20260428_072731,746.8328857421875,767.5087932422757
470985336f7ba4dbc78ad7c551d9b7fdfcb142443eff0897d771cea0db41c677,0.07623152434825897,/root/ruivi/results/default_config_grid/UIVI/x_shaped/20260428_073822/checkpoints,3b88837cd9b968e41b57840a8ba66c7f83efd88017f3e369e60ca52a37cde406,default-grid-effective-v1,configs/uivi_x_shaped.yaml,fresh,campaigns/default_config_grid/runtime/console_logs/seed43_uivi_x_shaped.log,/root/ruivi/tb_logs/default_config_grid/UIVI/x_shaped/20260428_073822/extracted,1,,finalize_completed,2,10000,UIVI,uivi,538.9360427856445,7100,-0.003498356556519866,-0.00349836@7100,10000,-0.008125614374876022,,,,,,,350.22593331336975,4600,-0.021415112540125847,-0.0214151@4600,10000,0.00523070665076375,,,,,,,,,,,,,530.4729993343353,7000,0.03505038842558861,0.0350504@7000,10000,0.060330670326948166,/root/ruivi/results/default_config_grid/UIVI/x_shaped/20260428_073822/plots,/root/ruivi/results/default_config_grid/UIVI/x_shaped/20260428_073822,seed43_uivi_x_shaped,/root/ruivi/results/default_config_grid/UIVI/x_shaped/20260428_073822/run.log,/root/ruivi/results/default_config_grid/UIVI/x_shaped/20260428_073822/samples,43,completed,x_shaped,x_shaped,/root/ruivi/tb_logs/default_config_grid/UIVI/x_shaped/20260428_073822,762.3152465820312,767.8117381185293
90cd02bdf0f447f064277239c7b13c5921fc06e691c6b92cc1eb06693c5f7aae,0.033398550003767014,/root/ruivi/results/default_config_grid/AISIVI/8_gaussians/20260428_101957/checkpoints,28dbf9722c8a736d434a3b583a43c2b17071f7463b9439af928e8f9d6947a56a,default-grid-effective-v1,configs/aisivi_8_gaussians.yaml,fresh,campaigns/default_config_grid/runtime/console_logs/seed44_aisivi_8_gaussians.log,/root/ruivi/tb_logs/default_config_grid/AISIVI/8_gaussians/20260428_101957/extracted,1,,finalize_completed,3,10000,AISIVI,aisivi,336.3048675060272,9700,-0.37896308302879333,-0.378963@9700,10000,-0.4018157720565796,,,,,,,332.6241145133972,9600,0.2928299605846405,0.29283@9600,10000,0.33008554577827454,,,,,,,,,,,,,118.43216371536255,3200,0.25661730766296387,0.256617@3200,10000,0.6138396859169006,/root/ruivi/results/default_config_grid/AISIVI/8_gaussians/20260428_101957/plots,/root/ruivi/results/default_config_grid/AISIVI/8_gaussians/20260428_101957,seed44_aisivi_8_gaussians,/root/ruivi/results/default_config_grid/AISIVI/8_gaussians/20260428_101957/run.log,/root/ruivi/results/default_config_grid/AISIVI/8_gaussians/20260428_101957/samples,44,completed,8_gaussians,8_gaussians,/root/ruivi/tb_logs/default_config_grid/AISIVI/8_gaussians/20260428_101957,333.9855041503906,348.19190096855164
1119e23798908af152ec1addfc645919481c71b88061113bf8050a5dd9066dfc,0.03348672017455101,/root/ruivi/results/default_config_grid/AISIVI/banana/20260428_102533/checkpoints,275a23bbf13487b06724748ce6c41c3989c1e7379b16baec2b1f06fb3ba5493e,default-grid-effective-v1,configs/aisivi_banana.yaml,fresh,campaigns/default_config_grid/runtime/console_logs/seed44_aisivi_banana.log,/root/ruivi/tb_logs/default_config_grid/AISIVI/banana/20260428_102533/extracted,1,,finalize_completed,1,10000,AISIVI,aisivi,31.47396183013916,600,-2.4711945056915283,-2.47119@600,10000,-237.6801300048828,,,,,,,24.724623918533325,400,1.3997775316238403,1.39978@400,10000,11.719223976135254,,,,,,,,,,,,,15.16129446029663,100,0.6826453804969788,0.682645@100,10000,254.12054443359375,/root/ruivi/results/default_config_grid/AISIVI/banana/20260428_102533/plots,/root/ruivi/results/default_config_grid/AISIVI/banana/20260428_102533,seed44_aisivi_banana,/root/ruivi/results/default_config_grid/AISIVI/banana/20260428_102533/run.log,/root/ruivi/results/default_config_grid/AISIVI/banana/20260428_102533/samples,44,completed,banana,banana,/root/ruivi/tb_logs/default_config_grid/AISIVI/banana/20260428_102533,334.8671875,348.0815946944058
8e2175375f31a10e94145bb09b9af0acb760ea75e1703bdc7a5747ad3cf19ed2,0.06689176708459854,/root/ruivi/results/default_config_grid/AISIVI/Bnn_boston/20260501_163426/checkpoints,8e2175375f31a10e94145bb09b9af0acb760ea75e1703bdc7a5747ad3cf19ed2,default-grid-effective-v1,configs/aisivi_Bnn_boston.yaml,fresh,campaigns/default_config_grid/runtime/console_logs/seed44_aisivi_bnn_boston.log,/root/ruivi/tb_logs/default_config_grid/AISIVI/Bnn_boston/20260501_163426/extracted,2,,finalize_completed,3,10000,AISIVI,aisivi,,,,,,,,,,,,,,,,,,,679.2405579090118,9900,2.4969699382781982,2.49697@9900,10000,2.499221086502075,665.949850320816,9700,2.704380750656128,2.70438@9700,10000,2.7127022743225098,,,,,,,/root/ruivi/results/default_config_grid/AISIVI/Bnn_boston/20260501_163426/plots,/root/ruivi/results/default_config_grid/AISIVI/Bnn_boston/20260501_163426,seed44_aisivi_bnn_boston,/root/ruivi/results/default_config_grid/AISIVI/Bnn_boston/20260501_163426/run.log,/root/ruivi/results/default_config_grid/AISIVI/Bnn_boston/20260501_163426/samples,44,completed,Bnn_boston,Bnn_boston,/root/ruivi/tb_logs/default_config_grid/AISIVI/Bnn_boston/20260501_163426,668.9176635742188,688.8552700132132
26182af599d4fe6a02c8a9ce6a3a67a06c879e17a83bbfb75492d5fbe75814de,0.06110726296901703,/root/ruivi/results/default_config_grid/AISIVI/Bnn_concrete/20260501_163949/checkpoints,26182af599d4fe6a02c8a9ce6a3a67a06c879e17a83bbfb75492d5fbe75814de,default-grid-effective-v1,configs/aisivi_Bnn_concrete.yaml,fresh,campaigns/default_config_grid/runtime/console_logs/seed44_aisivi_bnn_concrete.log,/root/ruivi/tb_logs/default_config_grid/AISIVI/Bnn_concrete/20260501_163949/extracted,2,,finalize_completed,1,10000,AISIVI,aisivi,,,,,,,,,,,,,,,,,,,590.0958259105682,9400,3.6018552780151367,3.60186@9400,10000,3.6071276664733887,596.06995677948,9500,8.200757026672363,8.20076@9500,10000,8.2279634475708,,,,,,,/root/ruivi/results/default_config_grid/AISIVI/Bnn_concrete/20260501_163949/plots,/root/ruivi/results/default_config_grid/AISIVI/Bnn_concrete/20260501_163949,seed44_aisivi_bnn_concrete,/root/ruivi/results/default_config_grid/AISIVI/Bnn_concrete/20260501_163949/run.log,/root/ruivi/results/default_config_grid/AISIVI/Bnn_concrete/20260501_163949/samples,44,completed,Bnn_concrete,Bnn_concrete,/root/ruivi/tb_logs/default_config_grid/AISIVI/Bnn_concrete/20260501_163949,611.0726318359375,642.8411415368319
ce6b48c34220818362bc6a537692d01da48ee2b99d2ed26caff3a06824b8a6cd,0.05644616484642029,/root/ruivi/results/default_config_grid/AISIVI/Bnn_power/20260501_164510/checkpoints,ce6b48c34220818362bc6a537692d01da48ee2b99d2ed26caff3a06824b8a6cd,default-grid-effective-v1,configs/aisivi_Bnn_power.yaml,fresh,campaigns/default_config_grid/runtime/console_logs/seed44_aisivi_bnn_power.log,/root/ruivi/tb_logs/default_config_grid/AISIVI/Bnn_power/20260501_164510/extracted,2,,finalize_completed,2,10000,AISIVI,aisivi,,,,,,,,,,,,,,,,,,,519.1463804244995,8900,2.8284974098205566,2.8285@8900,10000,2.8310179710388184,167.21890878677368,2700,4.032322406768799,4.03232@2700,10000,4.044373989105225,,,,,,,/root/ruivi/results/default_config_grid/AISIVI/Bnn_power/20260501_164510/plots,/root/ruivi/results/default_config_grid/AISIVI/Bnn_power/20260501_164510,seed44_aisivi_bnn_power,/root/ruivi/results/default_config_grid/AISIVI/Bnn_power/20260501_164510/run.log,/root/ruivi/results/default_config_grid/AISIVI/Bnn_power/20260501_164510/samples,44,completed,Bnn_power,Bnn_power,/root/ruivi/tb_logs/default_config_grid/AISIVI/Bnn_power/20260501_164510,564.461669921875,646.1971073560417
62d448780059a36b0b1e9ce2a4d927044f1fa428aaf70b5e08aeef79c1fde0ed,0.062175359576940536,/root/ruivi/results/default_config_grid/AISIVI/Bnn_protein/20260501_164555/checkpoints,62d448780059a36b0b1e9ce2a4d927044f1fa428aaf70b5e08aeef79c1fde0ed,default-grid-effective-v1,configs/aisivi_Bnn_protein.yaml,fresh,campaigns/default_config_grid/runtime/console_logs/seed44_aisivi_bnn_protein.log,/root/ruivi/tb_logs/default_config_grid/AISIVI/Bnn_protein/20260501_164555/extracted,2,,finalize_completed,3,10000,AISIVI,aisivi,,,,,,,,,,,,,,,,,,,244.9512758255005,3700,3.0044045448303223,3.0044@3700,10000,3.039191722869873,374.19225883483887,5800,4.879225730895996,4.87923@5800,10000,4.994009494781494,,,,,,,/root/ruivi/results/default_config_grid/AISIVI/Bnn_protein/20260501_164555/plots,/root/ruivi/results/default_config_grid/AISIVI/Bnn_protein/20260501_164555,seed44_aisivi_bnn_protein,/root/ruivi/results/default_config_grid/AISIVI/Bnn_protein/20260501_164555/run.log,/root/ruivi/results/default_config_grid/AISIVI/Bnn_protein/20260501_164555/samples,44,completed,Bnn_protein,Bnn_protein,/root/ruivi/tb_logs/default_config_grid/AISIVI/Bnn_protein/20260501_164555,621.7536010742188,640.086608581245
4840c9174cc77a906027e09f80941d4c3d1ae3c81efe3a508577a87fda21533a,0.06587312370538712,/root/ruivi/results/default_config_grid/AISIVI/Bnn_winered/20260501_165032/checkpoints,4840c9174cc77a906027e09f80941d4c3d1ae3c81efe3a508577a87fda21533a,default-grid-effective-v1,configs/aisivi_Bnn_winered.yaml,fresh,campaigns/default_config_grid/runtime/console_logs/seed44_aisivi_bnn_winered.log,/root/ruivi/tb_logs/default_config_grid/AISIVI/Bnn_winered/20260501_165032/extracted,2,,finalize_completed,0,10000,AISIVI,aisivi,,,,,,,,,,,,,,,,,,,397.0344412326813,5800,0.9114675521850586,0.911468@5800,10000,0.9175019264221191,337.5062654018402,4900,0.6029797196388245,0.60298@4900,10000,0.6060278415679932,,,,,,,/root/ruivi/results/default_config_grid/AISIVI/Bnn_winered/20260501_165032/plots,/root/ruivi/results/default_config_grid/AISIVI/Bnn_winered/20260501_165032,seed44_aisivi_bnn_winered,/root/ruivi/results/default_config_grid/AISIVI/Bnn_winered/20260501_165032/run.log,/root/ruivi/results/default_config_grid/AISIVI/Bnn_winered/20260501_165032/samples,44,completed,Bnn_winered,Bnn_winered,/root/ruivi/tb_logs/default_config_grid/AISIVI/Bnn_winered/20260501_165032,658.7312622070312,680.6443934962153
922e1e7f99c0cba391d5bfc80fcb19ac337840a7ad61883ada79b1dbd4b692a4,0.06057461351156235,/root/ruivi/results/default_config_grid/AISIVI/Bnn_yacht/20260501_165032/checkpoints,922e1e7f99c0cba391d5bfc80fcb19ac337840a7ad61883ada79b1dbd4b692a4,default-grid-effective-v1,configs/aisivi_Bnn_yacht.yaml,fresh,campaigns/default_config_grid/runtime/console_logs/seed44_aisivi_bnn_yacht.log,/root/ruivi/tb_logs/default_config_grid/AISIVI/Bnn_yacht/20260501_165032/extracted,2,,finalize_completed,1,10000,AISIVI,aisivi,,,,,,,,,,,,,,,,,,,563.2736942768097,9000,1.9211468696594238,1.92115@9000,10000,1.9378042221069336,582.7315375804901,9300,2.1242542266845703,2.12425@9300,10000,2.216073751449585,,,,,,,/root/ruivi/results/default_config_grid/AISIVI/Bnn_yacht/20260501_165032/plots,/root/ruivi/results/default_config_grid/AISIVI/Bnn_yacht/20260501_165032,seed44_aisivi_bnn_yacht,/root/ruivi/results/default_config_grid/AISIVI/Bnn_yacht/20260501_165032/run.log,/root/ruivi/results/default_config_grid/AISIVI/Bnn_yacht/20260501_165032/samples,44,completed,Bnn_yacht,Bnn_yacht,/root/ruivi/tb_logs/default_config_grid/AISIVI/Bnn_yacht/20260501_165032,605.7461547851562,645.1776400357485
91b66e20d458ab05495b74d34ddc7ac684407112b7336c2ba72b1ca11762aad7,0.06373975425958633,/root/ruivi/results/default_config_grid/AISIVI/Langevin_post/20260429_222422/checkpoints,91b66e20d458ab05495b74d34ddc7ac684407112b7336c2ba72b1ca11762aad7,default-grid-effective-v1,configs/aisivi_Langevin_post.yaml,fresh,campaigns/default_config_grid/runtime/console_logs/seed44_aisivi_langevin_post.log,/root/ruivi/tb_logs/default_config_grid/AISIVI/Langevin_post/20260429_222422/extracted,2,,finalize_completed,0,10000,AISIVI,aisivi,383.2354438304901,5100,-196.4585418701172,-196.459@5100,10000,-201.308837890625,478.5339241027832,6600,74.79095458984375,74.791@6600,10000,74.75741577148438,,,,,,,,,,,,,,,,,,,586.1134357452393,8300,0.011521831154823303,0.0115218@8300,10000,0.012280246242880821,/root/ruivi/results/default_config_grid/AISIVI/Langevin_post/20260429_222422/plots,/root/ruivi/results/default_config_grid/AISIVI/Langevin_post/20260429_222422,seed44_aisivi_langevin_post,/root/ruivi/results/default_config_grid/AISIVI/Langevin_post/20260429_222422/run.log,/root/ruivi/results/default_config_grid/AISIVI/Langevin_post/20260429_222422/samples,44,completed,Langevin_post,Langevin_post,/root/ruivi/tb_logs/default_config_grid/AISIVI/Langevin_post/20260429_222422,637.3975830078125,706.5705627910793
65dd964626f9f9721bfadc49f5ed6b36b2f87fa483935fa749c563d6cd35c6e1,0.03229616582393646,/root/ruivi/results/default_config_grid/AISIVI/LRwaveform/20260428_104243/checkpoints,65dd964626f9f9721bfadc49f5ed6b36b2f87fa483935fa749c563d6cd35c6e1,default-grid-effective-v1,configs/aisivi_LRwaveform.yaml,fresh,campaigns/default_config_grid/runtime/console_logs/seed44_aisivi_lrwaveform.log,/root/ruivi/tb_logs/default_config_grid/AISIVI/LRwaveform/20260428_104243/extracted,1,,finalize_completed,1,10000,AISIVI,aisivi,21.26925277709961,300,32.512081146240234,32.5121@300,10000,-7.778435707092285,,,,,,,,,,,,,,,,,,,,,,,,,,,,,,,/root/ruivi/results/default_config_grid/AISIVI/LRwaveform/20260428_104243/plots,/root/ruivi/results/default_config_grid/AISIVI/LRwaveform/20260428_104243,seed44_aisivi_lrwaveform,/root/ruivi/results/default_config_grid/AISIVI/LRwaveform/20260428_104243/run.log,/root/ruivi/results/default_config_grid/AISIVI/LRwaveform/20260428_104243/samples,44,completed,LRwaveform,LRwaveform,/root/ruivi/tb_logs/default_config_grid/AISIVI/LRwaveform/20260428_104243,322.9616394042969,349.95872336253524
1655c25b02bff7b1efe5e5fa1e165cbfdd2e266fdfdc8de8ce27c4256cd9cef7,0.033462509512901306,/root/ruivi/results/default_config_grid/AISIVI/multimodal/20260428_104833/checkpoints,6fc8416618e7e0ffb0d92a064fdbb1a5f9774a57028106ec6e4bfb82370d66ff,default-grid-effective-v1,configs/aisivi_multimodal.yaml,fresh,campaigns/default_config_grid/runtime/console_logs/seed44_aisivi_multimodal.log,/root/ruivi/tb_logs/default_config_grid/AISIVI/multimodal/20260428_104833/extracted,1,,finalize_completed,1,10000,AISIVI,aisivi,198.2314944267273,5600,0.0015866789035499096,0.00158668@5600,10000,-0.001094712526537478,,,,,,,279.32903265953064,8000,-0.016678376123309135,-0.0166784@8000,10000,0.008067554794251919,,,,,,,,,,,,,228.64962577819824,6500,0.0167028047144413,0.0167028@6500,10000,0.02632623352110386,/root/ruivi/results/default_config_grid/AISIVI/multimodal/20260428_104833/plots,/root/ruivi/results/default_config_grid/AISIVI/multimodal/20260428_104833,seed44_aisivi_multimodal,/root/ruivi/results/default_config_grid/AISIVI/multimodal/20260428_104833/run.log,/root/ruivi/results/default_config_grid/AISIVI/multimodal/20260428_104833/samples,44,completed,multimodal,multimodal,/root/ruivi/tb_logs/default_config_grid/AISIVI/multimodal/20260428_104833,334.6250915527344,354.4626398012042
fda3dfe2f2d6e20357bdba9b1b04dbc5f3e8ca24b2a740af254bbd10d376f20f,0.033301789313554764,/root/ruivi/results/default_config_grid/AISIVI/student_uc/20260428_104833/checkpoints,331ebe86073d697e7dc7b260791fc2a65d9ee159674bd1406169929fb22c71cc,default-grid-effective-v1,configs/aisivi_student_uc.yaml,fresh,campaigns/default_config_grid/runtime/console_logs/seed44_aisivi_student_uc.log,/root/ruivi/tb_logs/default_config_grid/AISIVI/student_uc/20260428_104833/extracted,1,,finalize_completed,2,10000,AISIVI,aisivi,84.88668537139893,2200,-2.692904472351074,-2.6929@2200,10000,-2.7145004272460938,,,,,,,341.74320340156555,9900,-0.0040498776361346245,-0.00404988@9900,10000,0.010899191722273827,,,,,,,,,,,,,118.86116051673889,3200,0.6247512102127075,0.624751@3200,10000,0.6344642043113708,/root/ruivi/results/default_config_grid/AISIVI/student_uc/20260428_104833/plots,/root/ruivi/results/default_config_grid/AISIVI/student_uc/20260428_104833,seed44_aisivi_student_uc,/root/ruivi/results/default_config_grid/AISIVI/student_uc/20260428_104833/run.log,/root/ruivi/results/default_config_grid/AISIVI/student_uc/20260428_104833/samples,44,completed,student_uc,student_uc,/root/ruivi/tb_logs/default_config_grid/AISIVI/student_uc/20260428_104833,333.01788330078125,354.46535440534353
4fc237c13e485af005b7b9020b45cc2de8a5a0fcc3d0a9628f93c9e6cf41a55d,0.035043325275182724,/root/ruivi/results/default_config_grid/AISIVI/x_shaped/20260428_104833/checkpoints,d23d73f44560035c2a10418498f0062404c11ec42cc3c9ea2741c0b3bceb24fa,default-grid-effective-v1,configs/aisivi_x_shaped.yaml,fresh,campaigns/default_config_grid/runtime/console_logs/seed44_aisivi_x_shaped.log,/root/ruivi/tb_logs/default_config_grid/AISIVI/x_shaped/20260428_104833/extracted,1,,finalize_completed,3,10000,AISIVI,aisivi,322.83771419525146,8900,-0.007903034798800945,-0.00790303@8900,10000,-0.013350495137274265,,,,,,,347.72614216804504,9600,-0.017551131546497345,-0.0175511@9600,10000,0.02131105586886406,,,,,,,,,,,,,344.2418293952942,9500,0.02913464978337288,0.0291346@9500,10000,0.03471052274107933,/root/ruivi/results/default_config_grid/AISIVI/x_shaped/20260428_104833/plots,/root/ruivi/results/default_config_grid/AISIVI/x_shaped/20260428_104833,seed44_aisivi_x_shaped,/root/ruivi/results/default_config_grid/AISIVI/x_shaped/20260428_104833/run.log,/root/ruivi/results/default_config_grid/AISIVI/x_shaped/20260428_104833/samples,44,completed,x_shaped,x_shaped,/root/ruivi/tb_logs/default_config_grid/AISIVI/x_shaped/20260428_104833,350.4332580566406,364.63882495835423
07f73abdc21417da4382994af26431181993ea45247b156929cba4b198a35528,0.018382597714662552,/root/ruivi/results/default_config_grid/DSIVI/8_gaussians/20260428_104907/checkpoints,ab0088b373c3eca257f629c7a60cabac8ad9d726bee967ad4f09576947def026,default-grid-effective-v1,configs/dsivi_8_gaussians.yaml,fresh,campaigns/default_config_grid/runtime/console_logs/seed44_dsivi_8_gaussians.log,/root/ruivi/tb_logs/default_config_grid/DSIVI/8_gaussians/20260428_104907/extracted,1,,finalize_completed,0,10000,DSIVI,dsivi,97.36203575134277,5000,-1.100964069366455,-1.10096@5000,10000,-1.2484397888183594,,,,,,,176.54795622825623,9400,0.5190026164054871,0.519003@9400,10000,0.6262741684913635,,,,,,,,,,,,,171.17581176757812,9100,0.15541085600852966,0.155411@9100,10000,0.31833377480506897,/root/ruivi/results/default_config_grid/DSIVI/8_gaussians/20260428_104907/plots,/root/ruivi/results/default_config_grid/DSIVI/8_gaussians/20260428_104907,seed44_dsivi_8_gaussians,/root/ruivi/results/default_config_grid/DSIVI/8_gaussians/20260428_104907/run.log,/root/ruivi/results/default_config_grid/DSIVI/8_gaussians/20260428_104907/samples,44,completed,8_gaussians,8_gaussians,/root/ruivi/tb_logs/default_config_grid/DSIVI/8_gaussians/20260428_104907,183.8259735107422,191.47979537025094
91d931b38483faa4b3b85db91213513c1f4ab21d1830094b350c25aaeacf89d1,0.018114425241947174,/root/ruivi/results/default_config_grid/DSIVI/banana/20260428_105219/checkpoints,7134d9fb1f3bef8a9c5adc616d4ad46d6cc7ef6d9910a57a3597069b757f5407,default-grid-effective-v1,configs/dsivi_banana.yaml,fresh,campaigns/default_config_grid/runtime/console_logs/seed44_dsivi_banana.log,/root/ruivi/tb_logs/default_config_grid/DSIVI/banana/20260428_105219/extracted,1,,finalize_completed,0,10000,DSIVI,dsivi,141.84615278244019,7500,-0.0011208924697712064,-0.00112089@7500,10000,-0.007732151076197624,,,,,,,158.10755133628845,8400,-0.021425003185868263,-0.021425@8400,10000,0.01874992996454239,,,,,,,,,,,,,122.63015675544739,6500,0.03600524365901947,0.0360052@6500,10000,0.050404585897922516,/root/ruivi/results/default_config_grid/DSIVI/banana/20260428_105219/plots,/root/ruivi/results/default_config_grid/DSIVI/banana/20260428_105219,seed44_dsivi_banana,/root/ruivi/results/default_config_grid/DSIVI/banana/20260428_105219/run.log,/root/ruivi/results/default_config_grid/DSIVI/banana/20260428_105219/samples,44,completed,banana,banana,/root/ruivi/tb_logs/default_config_grid/DSIVI/banana/20260428_105219,181.14425659179688,309.1106362491846
6e74be23317e7c864664f1aeb17708a23917d024185f810a34312055f5606998,0.011043839156627655,/root/ruivi/results/default_config_grid/DSIVI/Bnn_boston/20260428_105428/checkpoints,618527f8880eeb195cf37b34d73ad748c185a92f484b0f98a1328e99c6c375dc,default-grid-effective-v1,configs/dsivi_Bnn_boston.yaml,fresh,campaigns/default_config_grid/runtime/console_logs/seed44_dsivi_bnn_boston.log,/root/ruivi/tb_logs/default_config_grid/DSIVI/Bnn_boston/20260428_105428/extracted,1,,finalize_completed,1,10000,DSIVI,dsivi,,,,,,,,,,,,,,,,,,,113.37973475456238,9000,2.4482903480529785,2.44829@9000,10000,2.454864025115967,19.85382914543152,400,2.521232843399048,2.52123@400,10000,2.5771164894104004,,,,,,,/root/ruivi/results/default_config_grid/DSIVI/Bnn_boston/20260428_105428/plots,/root/ruivi/results/default_config_grid/DSIVI/Bnn_boston/20260428_105428,seed44_dsivi_bnn_boston,/root/ruivi/results/default_config_grid/DSIVI/Bnn_boston/20260428_105428/run.log,/root/ruivi/results/default_config_grid/DSIVI/Bnn_boston/20260428_105428/samples,44,completed,Bnn_boston,Bnn_boston,/root/ruivi/tb_logs/default_config_grid/DSIVI/Bnn_boston/20260428_105428,110.43839263916016,180.69667968153954
d1dcc4acfc80739ee8c692519e64ba52bea1cb499252cce9033df6ac4e11afb5,0.01092092040926218,/root/ruivi/results/default_config_grid/DSIVI/Bnn_concrete/20260428_105427/checkpoints,cba73d3e7f1d37dba9018bfae96d67ac332c0475e9175eb169e238f50d51ae7f,default-grid-effective-v1,configs/dsivi_Bnn_concrete.yaml,fresh,campaigns/default_config_grid/runtime/console_logs/seed44_dsivi_bnn_concrete.log,/root/ruivi/tb_logs/default_config_grid/DSIVI/Bnn_concrete/20260428_105427/extracted,1,,finalize_completed,2,10000,DSIVI,dsivi,,,,,,,,,,,,,,,,,,,110.95130014419556,8800,3.287240505218506,3.28724@8800,10000,3.31016206741333,110.95125722885132,8800,6.368096351623535,6.3681@8800,10000,6.480282306671143,,,,,,,/root/ruivi/results/default_config_grid/DSIVI/Bnn_concrete/20260428_105427/plots,/root/ruivi/results/default_config_grid/DSIVI/Bnn_concrete/20260428_105427,seed44_dsivi_bnn_concrete,/root/ruivi/results/default_config_grid/DSIVI/Bnn_concrete/20260428_105427/run.log,/root/ruivi/results/default_config_grid/DSIVI/Bnn_concrete/20260428_105427/samples,44,completed,Bnn_concrete,Bnn_concrete,/root/ruivi/tb_logs/default_config_grid/DSIVI/Bnn_concrete/20260428_105427,109.2092056274414,180.72628964856267
d7c632e45f315f80890ba36b1692738d92db36cf792f19b77af92bda430d4a00,0.010923601686954498,/root/ruivi/results/default_config_grid/DSIVI/Bnn_power/20260428_105437/checkpoints,20f995179b2907324b1916441a703fbeb9b83e8eff3ca2974ddade012026fc04,default-grid-effective-v1,configs/dsivi_Bnn_power.yaml,fresh,campaigns/default_config_grid/runtime/console_logs/seed44_dsivi_bnn_power.log,/root/ruivi/tb_logs/default_config_grid/DSIVI/Bnn_power/20260428_105437/extracted,1,,finalize_completed,3,10000,DSIVI,dsivi,,,,,,,,,,,,,,,,,,,123.41040015220642,10000,2.7756142616271973,2.77561@10000,10000,2.7756142616271973,123.41035771369934,10000,3.8522372245788574,3.85224@10000,10000,3.8522372245788574,,,,,,,/root/ruivi/results/default_config_grid/DSIVI/Bnn_power/20260428_105437/plots,/root/ruivi/results/default_config_grid/DSIVI/Bnn_power/20260428_105437,seed44_dsivi_bnn_power,/root/ruivi/results/default_config_grid/DSIVI/Bnn_power/20260428_105437/run.log,/root/ruivi/results/default_config_grid/DSIVI/Bnn_power/20260428_105437/samples,44,completed,Bnn_power,Bnn_power,/root/ruivi/tb_logs/default_config_grid/DSIVI/Bnn_power/20260428_105437,109.23602294921875,170.56846534833312
3ecc765aa320428b3103a30ec60ecfeb3306e46fb1f7e444af27b1fac0811bdf,0.011245153844356537,/root/ruivi/results/default_config_grid/DSIVI/Bnn_protein/20260428_105728/checkpoints,84e9b4e45482aeb164e7c3dce75c993cb6c658402e2e14d991b18cc1f19ff8ec,default-grid-effective-v1,configs/dsivi_Bnn_protein.yaml,fresh,campaigns/default_config_grid/runtime/console_logs/seed44_dsivi_bnn_protein.log,/root/ruivi/tb_logs/default_config_grid/DSIVI/Bnn_protein/20260428_105728/extracted,1,,finalize_completed,0,10000,DSIVI,dsivi,,,,,,,,,,,,,,,,,,,127.4406406879425,10000,2.930710792541504,2.93071@10000,10000,2.930710792541504,127.44058990478516,10000,4.51078462600708,4.51078@10000,10000,4.51078462600708,,,,,,,/root/ruivi/results/default_config_grid/DSIVI/Bnn_protein/20260428_105728/plots,/root/ruivi/results/default_config_grid/DSIVI/Bnn_protein/20260428_105728,seed44_dsivi_bnn_protein,/root/ruivi/results/default_config_grid/DSIVI/Bnn_protein/20260428_105728/run.log,/root/ruivi/results/default_config_grid/DSIVI/Bnn_protein/20260428_105728/samples,44,completed,Bnn_protein,Bnn_protein,/root/ruivi/tb_logs/default_config_grid/DSIVI/Bnn_protein/20260428_105728,112.4515380859375,184.03440184146166
e05c8fa404a814f9f21002bcde9caa70901e793f9149cb480c8ea5b65080b1c6,0.011956137605011463,/root/ruivi/results/default_config_grid/DSIVI/Bnn_winered/20260501_165556/checkpoints,3b686d5710e20a50506f6bc9fd493b3a061fda80ef564d9ea1222d486d4795e9,default-grid-effective-v1,configs/dsivi_Bnn_winered.yaml,fresh,campaigns/default_config_grid/runtime/console_logs/seed44_dsivi_bnn_winered.log,/root/ruivi/tb_logs/default_config_grid/DSIVI/Bnn_winered/20260501_165556/extracted,2,,finalize_completed,2,10000,DSIVI,dsivi,,,,,,,,,,,,,,,,,,,98.49089670181274,7000,0.9331483840942383,0.933148@7000,10000,0.937199592590332,98.49085569381714,7000,0.6147796511650085,0.61478@7000,10000,0.6170350909233093,,,,,,,/root/ruivi/results/default_config_grid/DSIVI/Bnn_winered/20260501_165556/plots,/root/ruivi/results/default_config_grid/DSIVI/Bnn_winered/20260501_165556,seed44_dsivi_bnn_winered,/root/ruivi/results/default_config_grid/DSIVI/Bnn_winered/20260501_165556/run.log,/root/ruivi/results/default_config_grid/DSIVI/Bnn_winered/20260501_165556/samples,44,completed,Bnn_winered,Bnn_winered,/root/ruivi/tb_logs/default_config_grid/DSIVI/Bnn_winered/20260501_165556,119.5613784790039,320.69585882872343
8627e58eb02a7a095de4bc1b8cd0e205302242b5499f9f7536eca1bb58744212,0.011519137769937515,/root/ruivi/results/default_config_grid/DSIVI/Bnn_yacht/20260501_165635/checkpoints,3402b95b814b22df03f43c6f3ca07e5d2044a7b8474b83717299099f5f221ed7,default-grid-effective-v1,configs/dsivi_Bnn_yacht.yaml,fresh,campaigns/default_config_grid/runtime/console_logs/seed44_dsivi_bnn_yacht.log,/root/ruivi/tb_logs/default_config_grid/DSIVI/Bnn_yacht/20260501_165635/extracted,2,,finalize_completed,3,10000,DSIVI,dsivi,,,,,,,,,,,,,,,,,,,60.91269326210022,4000,1.7651848793029785,1.76518@4000,10000,1.9345474243164062,122.36200046539307,9400,1.4781569242477417,1.47816@9400,10000,1.525460958480835,,,,,,,/root/ruivi/results/default_config_grid/DSIVI/Bnn_yacht/20260501_165635/plots,/root/ruivi/results/default_config_grid/DSIVI/Bnn_yacht/20260501_165635,seed44_dsivi_bnn_yacht,/root/ruivi/results/default_config_grid/DSIVI/Bnn_yacht/20260501_165635/run.log,/root/ruivi/results/default_config_grid/DSIVI/Bnn_yacht/20260501_165635/samples,44,completed,Bnn_yacht,Bnn_yacht,/root/ruivi/tb_logs/default_config_grid/DSIVI/Bnn_yacht/20260501_165635,115.19137573242188,281.6065934598446
763e28bcb9a6c3e4555fa1d6b7fcf981a4c2092caa4e2198e5f266482a879d36,0.02947171963751316,/root/ruivi/results/default_config_grid/DSIVI/Langevin_post/20260429_222451/checkpoints,fcb1f1fafd4c964e4878a2acf8641c916879cfcbdf63afc624065ca8080b093c,default-grid-effective-v1,configs/dsivi_Langevin_post.yaml,fresh,campaigns/default_config_grid/runtime/console_logs/seed44_dsivi_langevin_post.log,/root/ruivi/tb_logs/default_config_grid/DSIVI/Langevin_post/20260429_222451/extracted,2,,finalize_completed,1,10000,DSIVI,dsivi,156.03656387329102,4700,-189.64215087890625,-189.642@4700,10000,-195.52239990234375,308.90730452537537,9900,75.13385009765625,75.1339@9900,10000,75.09146881103516,,,,,,,,,,,,,,,,,,,308.2712025642395,9900,0.008429999463260174,0.00843@9900,10000,0.008658765815198421,/root/ruivi/results/default_config_grid/DSIVI/Langevin_post/20260429_222451/plots,/root/ruivi/results/default_config_grid/DSIVI/Langevin_post/20260429_222451,seed44_dsivi_langevin_post,/root/ruivi/results/default_config_grid/DSIVI/Langevin_post/20260429_222451/run.log,/root/ruivi/results/default_config_grid/DSIVI/Langevin_post/20260429_222451/samples,44,completed,Langevin_post,Langevin_post,/root/ruivi/tb_logs/default_config_grid/DSIVI/Langevin_post/20260429_222451,294.7171936035156,318.63895674049854
0341fd5f245a3ba3abfbd4cce2a847916d6769335131ef3a234673b3842e37d4,0.018641969189047813,/root/ruivi/results/default_config_grid/DSIVI/LRwaveform/20260428_110033/checkpoints,076061b703f67bcf8110a800f2df9efb6a442715dc1bde3e6ec82539013ce2eb,default-grid-effective-v1,configs/dsivi_LRwaveform.yaml,fresh,campaigns/default_config_grid/runtime/console_logs/seed44_dsivi_lrwaveform.log,/root/ruivi/tb_logs/default_config_grid/DSIVI/LRwaveform/20260428_110033/extracted,1,,finalize_completed,0,10000,DSIVI,dsivi,9.365381717681885,200,30.554454803466797,30.5545@200,10000,-24.949926376342773,,,,,,,,,,,,,,,,,,,,,,,,,,,,,,,/root/ruivi/results/default_config_grid/DSIVI/LRwaveform/20260428_110033/plots,/root/ruivi/results/default_config_grid/DSIVI/LRwaveform/20260428_110033,seed44_dsivi_lrwaveform,/root/ruivi/results/default_config_grid/DSIVI/LRwaveform/20260428_110033/run.log,/root/ruivi/results/default_config_grid/DSIVI/LRwaveform/20260428_110033/samples,44,completed,LRwaveform,LRwaveform,/root/ruivi/tb_logs/default_config_grid/DSIVI/LRwaveform/20260428_110033,186.41969299316406,194.7016098573804
1b0fc2f44394c09f41358a17387f663bb485d65314bfe9facc4684c3ce893936,0.017567209899425507,/root/ruivi/results/default_config_grid/DSIVI/multimodal/20260428_110033/checkpoints,fd4c0b7b6f23b7f3d71f1902f349d76a82de53037dc9d682b87fdc832cb32ccc,default-grid-effective-v1,configs/dsivi_multimodal.yaml,fresh,campaigns/default_config_grid/runtime/console_logs/seed44_dsivi_multimodal.log,/root/ruivi/tb_logs/default_config_grid/DSIVI/multimodal/20260428_110033/extracted,1,,finalize_completed,1,10000,DSIVI,dsivi,171.16562843322754,9400,-2.77116760116769e-05,-2.77117e-05@9400,10000,-0.0012138296151533723,,,,,,,133.9858386516571,7300,-0.029761027544736862,-0.029761@7300,10000,0.016413630917668343,,,,,,,,,,,,,118.40618109703064,6400,0.02091565728187561,0.0209157@6400,10000,0.06475940346717834,/root/ruivi/results/default_config_grid/DSIVI/multimodal/20260428_110033/plots,/root/ruivi/results/default_config_grid/DSIVI/multimodal/20260428_110033,seed44_dsivi_multimodal,/root/ruivi/results/default_config_grid/DSIVI/multimodal/20260428_110033/run.log,/root/ruivi/results/default_config_grid/DSIVI/multimodal/20260428_110033/samples,44,completed,multimodal,multimodal,/root/ruivi/tb_logs/default_config_grid/DSIVI/multimodal/20260428_110033,175.67210388183594,186.36997935920954
5c7801e150048071f0f7d1afb571ba8be347e0b1446a4af422e833d73e28077a,0.017604000866413116,/root/ruivi/results/default_config_grid/DSIVI/student_uc/20260428_110033/checkpoints,a7f94771a5179da427775c5970bc12a4540f7e77ac7e3e534594086fc395784c,default-grid-effective-v1,configs/dsivi_student_uc.yaml,fresh,campaigns/default_config_grid/runtime/console_logs/seed44_dsivi_student_uc.log,/root/ruivi/tb_logs/default_config_grid/DSIVI/student_uc/20260428_110033/extracted,1,,finalize_completed,2,10000,DSIVI,dsivi,179.7450292110443,9900,-2.6794018745422363,-2.6794@9900,10000,-2.686440944671631,,,,,,,172.76732444763184,9500,-0.0030689144041389227,-0.00306891@9500,10000,0.03089742176234722,,,,,,,,,,,,,142.83149552345276,7800,0.5751201510429382,0.57512@7800,10000,0.5949654579162598,/root/ruivi/results/default_config_grid/DSIVI/student_uc/20260428_110033/plots,/root/ruivi/results/default_config_grid/DSIVI/student_uc/20260428_110033,seed44_dsivi_student_uc,/root/ruivi/results/default_config_grid/DSIVI/student_uc/20260428_110033/run.log,/root/ruivi/results/default_config_grid/DSIVI/student_uc/20260428_110033/samples,44,completed,student_uc,student_uc,/root/ruivi/tb_logs/default_config_grid/DSIVI/student_uc/20260428_110033,176.04000854492188,186.37220786884427
9956b375e973681c2766fe9c27c405d1a346af2e19c6f45ca7545534b082f336,0.018799448385834694,/root/ruivi/results/default_config_grid/DSIVI/x_shaped/20260428_110339/checkpoints,8bbbd45e77a4deee92679794fa29a396e9b86eee6cb18b483cc55e3a3cb601ac,default-grid-effective-v1,configs/dsivi_x_shaped.yaml,fresh,campaigns/default_config_grid/runtime/console_logs/seed44_dsivi_x_shaped.log,/root/ruivi/tb_logs/default_config_grid/DSIVI/x_shaped/20260428_110339/extracted,1,,finalize_completed,1,10000,DSIVI,dsivi,114.47728180885315,5800,-0.028469769284129143,-0.0284698@5800,10000,-0.034251146018505096,,,,,,,169.70718145370483,8800,-0.0011282230261713266,-0.00112822@8800,10000,-0.0009239037754014134,,,,,,,,,,,,,185.5019724369049,9600,0.04746680334210396,0.0474668@9600,10000,0.09457255154848099,/root/ruivi/results/default_config_grid/DSIVI/x_shaped/20260428_110339/plots,/root/ruivi/results/default_config_grid/DSIVI/x_shaped/20260428_110339,seed44_dsivi_x_shaped,/root/ruivi/results/default_config_grid/DSIVI/x_shaped/20260428_110339/run.log,/root/ruivi/results/default_config_grid/DSIVI/x_shaped/20260428_110339/samples,44,completed,x_shaped,x_shaped,/root/ruivi/tb_logs/default_config_grid/DSIVI/x_shaped/20260428_110339,187.99447631835938,196.3062468022108
1e65b31fbb9600d29fd9ec80fc1e2ed5bfabfeaad74d8ae1431d062faec443e8,0.006353823933750391,/root/ruivi/results/default_config_grid/KSIVI/8_gaussians/20260428_110339/checkpoints,18c501218afa292beb78fb7b6b7ad7f6d01bc06318b3ca274013c286e7680429,default-grid-effective-v1,configs/ksivi_8_gaussians.yaml,fresh,campaigns/default_config_grid/runtime/console_logs/seed44_ksivi_8_gaussians.log,/root/ruivi/tb_logs/default_config_grid/KSIVI/8_gaussians/20260428_110339/extracted,1,,finalize_completed,2,50000,KSIVI,ksivi,275.9879355430603,43000,-0.6445044875144958,-0.644504@43000,50000,-0.7071344256401062,,,,,,,263.46369338035583,41000,0.6429200172424316,0.64292@41000,50000,0.6612755656242371,,,,,,,,,,,,,235.07466530799866,36500,0.20832990109920502,0.20833@36500,50000,0.22463060915470123,/root/ruivi/results/default_config_grid/KSIVI/8_gaussians/20260428_110339/plots,/root/ruivi/results/default_config_grid/KSIVI/8_gaussians/20260428_110339,seed44_ksivi_8_gaussians,/root/ruivi/results/default_config_grid/KSIVI/8_gaussians/20260428_110339/run.log,/root/ruivi/results/default_config_grid/KSIVI/8_gaussians/20260428_110339/samples,44,completed,8_gaussians,8_gaussians,/root/ruivi/tb_logs/default_config_grid/KSIVI/8_gaussians/20260428_110339,317.6911926269531,377.44366615638137
0d429b3fce184bdb2730a409060e8f0d20a84ef750f23a60dc4045409e471c5c,0.006635800935328007,/root/ruivi/results/default_config_grid/KSIVI/banana/20260428_110339/checkpoints,bd6ddba7cd810300a65c8fe4c28978a439799e6f3dd1c691f18089894a255e26,default-grid-effective-v1,configs/ksivi_banana.yaml,fresh,campaigns/default_config_grid/runtime/console_logs/seed44_ksivi_banana.log,/root/ruivi/tb_logs/default_config_grid/KSIVI/banana/20260428_110339/extracted,1,,finalize_completed,3,50000,KSIVI,ksivi,296.5766952037811,44500,-0.08030933141708374,-0.0803093@44500,50000,-0.08731676638126373,,,,,,,158.5008511543274,24000,0.05463103950023651,0.054631@24000,50000,0.07288150489330292,,,,,,,,,,,,,17.15893268585205,2000,0.47275006771087646,0.47275@2000,50000,0.7102285623550415,/root/ruivi/results/default_config_grid/KSIVI/banana/20260428_110339/plots,/root/ruivi/results/default_config_grid/KSIVI/banana/20260428_110339,seed44_ksivi_banana,/root/ruivi/results/default_config_grid/KSIVI/banana/20260428_110339/run.log,/root/ruivi/results/default_config_grid/KSIVI/banana/20260428_110339/samples,44,completed,banana,banana,/root/ruivi/tb_logs/default_config_grid/KSIVI/banana/20260428_110339,331.7900390625,377.4459937289357
aeaf4b5a54ee4554f017fa416b6976340fb33c522f334a122d0b28ad4dfd5210,0.009644071571528912,/root/ruivi/results/default_config_grid/KSIVI/Bnn_boston/20260428_110347/checkpoints,aeaf4b5a54ee4554f017fa416b6976340fb33c522f334a122d0b28ad4dfd5210,default-grid-effective-v1,configs/ksivi_Bnn_boston.yaml,fresh,campaigns/default_config_grid/runtime/console_logs/seed44_ksivi_bnn_boston.log,/root/ruivi/tb_logs/default_config_grid/KSIVI/Bnn_boston/20260428_110347/extracted,1,,finalize_completed,0,100000,KSIVI,ksivi,,,,,,,,,,,,,,,,,,,13.845564603805542,1000,2.44333553314209,2.44334@1000,100000,2.489081859588623,13.845517873764038,1000,2.4471540451049805,2.44715@1000,100000,2.7161662578582764,,,,,,,/root/ruivi/results/default_config_grid/KSIVI/Bnn_boston/20260428_110347/plots,/root/ruivi/results/default_config_grid/KSIVI/Bnn_boston/20260428_110347,seed44_ksivi_bnn_boston,/root/ruivi/results/default_config_grid/KSIVI/Bnn_boston/20260428_110347/run.log,/root/ruivi/results/default_config_grid/KSIVI/Bnn_boston/20260428_110347/samples,44,completed,Bnn_boston,Bnn_boston,/root/ruivi/tb_logs/default_config_grid/KSIVI/Bnn_boston/20260428_110347,964.4071655273438,970.944112431258
e697cdd92e525b76476854babbf32fff7c818f6584d22592616c675478a4e31f,0.01018926315009594,/root/ruivi/results/default_config_grid/KSIVI/Bnn_concrete/20260428_110655/checkpoints,e697cdd92e525b76476854babbf32fff7c818f6584d22592616c675478a4e31f,default-grid-effective-v1,configs/ksivi_Bnn_concrete.yaml,fresh,campaigns/default_config_grid/runtime/console_logs/seed44_ksivi_bnn_concrete.log,/root/ruivi/tb_logs/default_config_grid/KSIVI/Bnn_concrete/20260428_110655/extracted,1,,finalize_completed,1,100000,KSIVI,ksivi,,,,,,,,,,,,,,,,,,,1011.8171203136444,99000,3.256875514984131,3.25688@99000,100000,3.2661805152893066,1011.8169565200806,99000,6.315536022186279,6.31554@99000,100000,6.375695705413818,,,,,,,/root/ruivi/results/default_config_grid/KSIVI/Bnn_concrete/20260428_110655/plots,/root/ruivi/results/default_config_grid/KSIVI/Bnn_concrete/20260428_110655,seed44_ksivi_bnn_concrete,/root/ruivi/results/default_config_grid/KSIVI/Bnn_concrete/20260428_110655/run.log,/root/ruivi/results/default_config_grid/KSIVI/Bnn_concrete/20260428_110655/samples,44,completed,Bnn_concrete,Bnn_concrete,/root/ruivi/tb_logs/default_config_grid/KSIVI/Bnn_concrete/20260428_110655,1018.92626953125,1136.6681332588196
6e4e40ee66aa2dbfd199751907a914513f3e7a55fc61ac87b849bca21eef1709,0.0100118862465024,/root/ruivi/results/default_config_grid/KSIVI/Bnn_power/20260428_110957/checkpoints,6e4e40ee66aa2dbfd199751907a914513f3e7a55fc61ac87b849bca21eef1709,default-grid-effective-v1,configs/ksivi_Bnn_power.yaml,fresh,campaigns/default_config_grid/runtime/console_logs/seed44_ksivi_bnn_power.log,/root/ruivi/tb_logs/default_config_grid/KSIVI/Bnn_power/20260428_110957/extracted,1,,finalize_completed,2,100000,KSIVI,ksivi,,,,,,,,,,,,,,,,,,,23.067788124084473,2000,2.80440616607666,2.80441@2000,100000,2.848074197769165,50.83550310134888,5000,3.9572925567626953,3.95729@5000,100000,4.013187408447266,,,,,,,/root/ruivi/results/default_config_grid/KSIVI/Bnn_power/20260428_110957/plots,/root/ruivi/results/default_config_grid/KSIVI/Bnn_power/20260428_110957,seed44_ksivi_bnn_power,/root/ruivi/results/default_config_grid/KSIVI/Bnn_power/20260428_110957/run.log,/root/ruivi/results/default_config_grid/KSIVI/Bnn_power/20260428_110957/samples,44,completed,Bnn_power,Bnn_power,/root/ruivi/tb_logs/default_config_grid/KSIVI/Bnn_power/20260428_110957,1001.1885986328125,1008.1260077916086
eb1841163333dced8d93cfacce9b627900e9f5665329b559163d673cfcda2c83,0.010038446635007858,/root/ruivi/results/default_config_grid/KSIVI/Bnn_protein/20260428_110957/checkpoints,eb1841163333dced8d93cfacce9b627900e9f5665329b559163d673cfcda2c83,default-grid-effective-v1,configs/ksivi_Bnn_protein.yaml,fresh,campaigns/default_config_grid/runtime/console_logs/seed44_ksivi_bnn_protein.log,/root/ruivi/tb_logs/default_config_grid/KSIVI/Bnn_protein/20260428_110957/extracted,1,,finalize_completed,3,100000,KSIVI,ksivi,,,,,,,,,,,,,,,,,,,968.2190775871277,96000,3.0176167488098145,3.01762@96000,100000,3.0227408409118652,968.2190389633179,96000,4.95342493057251,4.95342@96000,100000,4.976659774780273,,,,,,,/root/ruivi/results/default_config_grid/KSIVI/Bnn_protein/20260428_110957/plots,/root/ruivi/results/default_config_grid/KSIVI/Bnn_protein/20260428_110957,seed44_ksivi_bnn_protein,/root/ruivi/results/default_config_grid/KSIVI/Bnn_protein/20260428_110957/run.log,/root/ruivi/results/default_config_grid/KSIVI/Bnn_protein/20260428_110957/samples,44,completed,Bnn_protein,Bnn_protein,/root/ruivi/tb_logs/default_config_grid/KSIVI/Bnn_protein/20260428_110957,1003.8446044921875,1010.2107439562678
bf76dc3bf8b0875570ad5c92d8431fbaad7f563fd03ee4be57d82d7cd1a981c9,0.010719174519181252,/root/ruivi/results/default_config_grid/KSIVI/Bnn_winered/20260501_170117/checkpoints,bf76dc3bf8b0875570ad5c92d8431fbaad7f563fd03ee4be57d82d7cd1a981c9,default-grid-effective-v1,configs/ksivi_Bnn_winered.yaml,fresh,campaigns/default_config_grid/runtime/console_logs/seed44_ksivi_bnn_winered.log,/root/ruivi/tb_logs/default_config_grid/KSIVI/Bnn_winered/20260501_170117/extracted,2,,finalize_completed,1,100000,KSIVI,ksivi,,,,,,,,,,,,,,,,,,,693.7899484634399,65000,0.8869304656982422,0.88693@65000,100000,0.8946576118469238,889.0875210762024,83000,0.591484546661377,0.591485@83000,100000,0.5920422077178955,,,,,,,/root/ruivi/results/default_config_grid/KSIVI/Bnn_winered/20260501_170117/plots,/root/ruivi/results/default_config_grid/KSIVI/Bnn_winered/20260501_170117,seed44_ksivi_bnn_winered,/root/ruivi/results/default_config_grid/KSIVI/Bnn_winered/20260501_170117/run.log,/root/ruivi/results/default_config_grid/KSIVI/Bnn_winered/20260501_170117/samples,44,completed,Bnn_winered,Bnn_winered,/root/ruivi/tb_logs/default_config_grid/KSIVI/Bnn_winered/20260501_170117,1071.91748046875,1079.4706552773714
a9874f7dc521295bb11d9b8c598555088cf106478b0cbd1da66ebb9dccf2043f,0.010177957825362682,/root/ruivi/results/default_config_grid/KSIVI/Bnn_yacht/20260501_170117/checkpoints,a9874f7dc521295bb11d9b8c598555088cf106478b0cbd1da66ebb9dccf2043f,default-grid-effective-v1,configs/ksivi_Bnn_yacht.yaml,fresh,campaigns/default_config_grid/runtime/console_logs/seed44_ksivi_bnn_yacht.log,/root/ruivi/tb_logs/default_config_grid/KSIVI/Bnn_yacht/20260501_170117/extracted,2,,finalize_completed,2,100000,KSIVI,ksivi,,,,,,,,,,,,,,,,,,,913.9848146438599,89000,1.5594639778137207,1.55946@89000,100000,1.5865459442138672,267.1093108654022,26000,1.3171882629394531,1.31719@26000,100000,1.423548698425293,,,,,,,/root/ruivi/results/default_config_grid/KSIVI/Bnn_yacht/20260501_170117/plots,/root/ruivi/results/default_config_grid/KSIVI/Bnn_yacht/20260501_170117,seed44_ksivi_bnn_yacht,/root/ruivi/results/default_config_grid/KSIVI/Bnn_yacht/20260501_170117/run.log,/root/ruivi/results/default_config_grid/KSIVI/Bnn_yacht/20260501_170117/samples,44,completed,Bnn_yacht,Bnn_yacht,/root/ruivi/tb_logs/default_config_grid/KSIVI/Bnn_yacht/20260501_170117,1017.7957153320312,1023.7826826758683
47878701c0ff3159eac7d22befc52f9ed43d5ab878d147f7e14065160ca59685,0.010000904090702534,/root/ruivi/results/default_config_grid/KSIVI/Langevin_post/20260429_222522/checkpoints,47878701c0ff3159eac7d22befc52f9ed43d5ab878d147f7e14065160ca59685,default-grid-effective-v1,configs/ksivi_Langevin_post.yaml,fresh,campaigns/default_config_grid/runtime/console_logs/seed44_ksivi_langevin_post.log,/root/ruivi/tb_logs/default_config_grid/KSIVI/Langevin_post/20260429_222522/extracted,2,,finalize_completed,2,50000,KSIVI,ksivi,210.31891679763794,21000,-182.7020263671875,-182.702@21000,50000,-185.7978973388672,102.89844346046448,10000,74.13256072998047,74.1326@10000,50000,69.48316192626953,,,,,,,,,,,,,,,,,,,102.26366543769836,10000,0.0182635560631752,0.0182636@10000,50000,0.02415408007800579,/root/ruivi/results/default_config_grid/KSIVI/Langevin_post/20260429_222522/plots,/root/ruivi/results/default_config_grid/KSIVI/Langevin_post/20260429_222522,seed44_ksivi_langevin_post,/root/ruivi/results/default_config_grid/KSIVI/Langevin_post/20260429_222522/run.log,/root/ruivi/results/default_config_grid/KSIVI/Langevin_post/20260429_222522/samples,44,completed,Langevin_post,Langevin_post,/root/ruivi/tb_logs/default_config_grid/KSIVI/Langevin_post/20260429_222522,500.04522705078125,506.88309575617313
c26c7b85ed4b79354f78bf8760bd66c30cb425fc792343deebd6730c0c4b309f,0.006091991905122995,/root/ruivi/results/default_config_grid/KSIVI/LRwaveform/20260428_112647/checkpoints,c26c7b85ed4b79354f78bf8760bd66c30cb425fc792343deebd6730c0c4b309f,default-grid-effective-v1,configs/ksivi_LRwaveform.yaml,fresh,campaigns/default_config_grid/runtime/console_logs/seed44_ksivi_lrwaveform.log,/root/ruivi/tb_logs/default_config_grid/KSIVI/LRwaveform/20260428_112647/extracted,1,,finalize_completed,3,50000,KSIVI,ksivi,7.041921377182007,500,24.386877059936523,24.3869@500,50000,-16.337358474731445,,,,,,,,,,,,,,,,,,,,,,,,,,,,,,,/root/ruivi/results/default_config_grid/KSIVI/LRwaveform/20260428_112647/plots,/root/ruivi/results/default_config_grid/KSIVI/LRwaveform/20260428_112647,seed44_ksivi_lrwaveform,/root/ruivi/results/default_config_grid/KSIVI/LRwaveform/20260428_112647/run.log,/root/ruivi/results/default_config_grid/KSIVI/LRwaveform/20260428_112647/samples,44,completed,LRwaveform,LRwaveform,/root/ruivi/tb_logs/default_config_grid/KSIVI/LRwaveform/20260428_112647,304.599609375,330.3212633021176
eb2b4fc62ef9c28fe0f3fbabe1436b682b03254f5506bda7213951287478e7f9,0.006961025297641754,/root/ruivi/results/default_config_grid/KSIVI/multimodal/20260428_113217/checkpoints,7d1f7fde780d2e5462f4486e793e4dd6b288c038ba38672f1c6d6db884f99b7f,default-grid-effective-v1,configs/ksivi_multimodal.yaml,fresh,campaigns/default_config_grid/runtime/console_logs/seed44_ksivi_multimodal.log,/root/ruivi/tb_logs/default_config_grid/KSIVI/multimodal/20260428_113217/extracted,1,,finalize_completed,3,50000,KSIVI,ksivi,249.4791178703308,35000,-0.0007229213370010257,-0.000722921@35000,50000,-0.004087511915713549,,,,,,,337.9281258583069,48000,-0.012377859093248844,-0.0123779@48000,50000,0.003471110016107559,,,,,,,,,,,,,259.93493270874023,36500,0.026151034981012344,0.026151@36500,50000,0.05007991939783096,/root/ruivi/results/default_config_grid/KSIVI/multimodal/20260428_113217/plots,/root/ruivi/results/default_config_grid/KSIVI/multimodal/20260428_113217,seed44_ksivi_multimodal,/root/ruivi/results/default_config_grid/KSIVI/multimodal/20260428_113217/run.log,/root/ruivi/results/default_config_grid/KSIVI/multimodal/20260428_113217/samples,44,completed,multimodal,multimodal,/root/ruivi/tb_logs/default_config_grid/KSIVI/multimodal/20260428_113217,348.05126953125,388.28659177199006
8b3c931c3062a6b0290b701ab041b9aa765eff825afe76207116ea10a36470bc,0.006477095652371645,/root/ruivi/results/default_config_grid/KSIVI/student_uc/20260428_113530/checkpoints,1cef86ae71afac700131d10eea9a11bb102c4e4b17a7e18111be35329353e824,default-grid-effective-v1,configs/ksivi_student_uc.yaml,fresh,campaigns/default_config_grid/runtime/console_logs/seed44_ksivi_student_uc.log,/root/ruivi/tb_logs/default_config_grid/KSIVI/student_uc/20260428_113530/extracted,1,,finalize_completed,2,50000,KSIVI,ksivi,7.6051740646362305,500,-7.441076278686523,-7.44108@500,50000,-14.815160751342773,,,,,,,7.316670894622803,500,4.567142009735107,4.56714@500,50000,8.929186820983887,,,,,,,,,,,,,7.357240915298462,500,3.1566848754882812,3.15668@500,50000,35.72623062133789,/root/ruivi/results/default_config_grid/KSIVI/student_uc/20260428_113530/plots,/root/ruivi/results/default_config_grid/KSIVI/student_uc/20260428_113530,seed44_ksivi_student_uc,/root/ruivi/results/default_config_grid/KSIVI/student_uc/20260428_113530/run.log,/root/ruivi/results/default_config_grid/KSIVI/student_uc/20260428_113530/samples,44,completed,student_uc,student_uc,/root/ruivi/tb_logs/default_config_grid/KSIVI/student_uc/20260428_113530,323.85479736328125,389.34965698421
8dbcba374197cdaa30ccc75afba946afe87317750198b84a131da3292634a7f6,0.007606818340718746,/root/ruivi/results/default_config_grid/KSIVI/x_shaped/20260428_113846/checkpoints,b4c5e235a21e961f9c20646e34d83d68ef7c8d1648cde1e028142c74f5314d77,default-grid-effective-v1,configs/ksivi_x_shaped.yaml,fresh,campaigns/default_config_grid/runtime/console_logs/seed44_ksivi_x_shaped.log,/root/ruivi/tb_logs/default_config_grid/KSIVI/x_shaped/20260428_113846/extracted,1,,finalize_completed,0,50000,KSIVI,ksivi,368.67229890823364,48000,-1.0930081605911255,-1.09301@48000,50000,-1.1279633045196533,,,,,,,344.9806833267212,45000,0.7733568549156189,0.773357@45000,50000,0.7911521196365356,,,,,,,,,,,,,8.144364595413208,500,0.9926003217697144,0.9926@500,50000,1.4619232416152954,/root/ruivi/results/default_config_grid/KSIVI/x_shaped/20260428_113846/plots,/root/ruivi/results/default_config_grid/KSIVI/x_shaped/20260428_113846,seed44_ksivi_x_shaped,/root/ruivi/results/default_config_grid/KSIVI/x_shaped/20260428_113846/run.log,/root/ruivi/results/default_config_grid/KSIVI/x_shaped/20260428_113846/samples,44,completed,x_shaped,x_shaped,/root/ruivi/tb_logs/default_config_grid/KSIVI/x_shaped/20260428_113846,380.3409118652344,391.8539162091911
28d540f32cc24c14848740c9fa4037286ba84eb70a5514d04621292fe424e054,0.015060276724398136,/root/ruivi/results/default_config_grid/SIVI/8_gaussians/20260428_091123/checkpoints,1df87cfe12f06ef7b3bd9ce1a7b56d0a61284f7e2642cc699b5b276697ae2c5a,default-grid-effective-v1,configs/sivi_8_gaussians.yaml,fresh,campaigns/default_config_grid/runtime/console_logs/seed44_sivi_8_gaussians.log,/root/ruivi/tb_logs/default_config_grid/SIVI/8_gaussians/20260428_091123/extracted,1,,finalize_completed,0,10000,SIVI,sivi,149.5641303062439,9700,-0.35441896319389343,-0.354419@9700,10000,-0.40054282546043396,,,,,,,153.7409610748291,10000,0.32679006457328796,0.32679@10000,10000,0.32679006457328796,,,,,,,,,,,,,24.52415895462036,1400,0.2713164687156677,0.271316@1400,10000,0.683221161365509,/root/ruivi/results/default_config_grid/SIVI/8_gaussians/20260428_091123/plots,/root/ruivi/results/default_config_grid/SIVI/8_gaussians/20260428_091123,seed44_sivi_8_gaussians,/root/ruivi/results/default_config_grid/SIVI/8_gaussians/20260428_091123/run.log,/root/ruivi/results/default_config_grid/SIVI/8_gaussians/20260428_091123/samples,44,completed,8_gaussians,8_gaussians,/root/ruivi/tb_logs/default_config_grid/SIVI/8_gaussians/20260428_091123,150.60276794433594,156.75745730102062
49f7f3b6408df5062975908d07d968ac6f5d67f747f6ecf8d2e2cd653dd72a91,0.01535209733992815,/root/ruivi/results/default_config_grid/SIVI/banana/20260428_091204/checkpoints,1ed869e8ed2d088bcaf13cdb85cb220a7a3f1cdfaab213746d04fb10450633f4,default-grid-effective-v1,configs/sivi_banana.yaml,fresh,campaigns/default_config_grid/runtime/console_logs/seed44_sivi_banana.log,/root/ruivi/tb_logs/default_config_grid/SIVI/banana/20260428_091204/extracted,1,,finalize_completed,3,10000,SIVI,sivi,97.32572960853577,6100,-0.0005667312652803957,-0.000566731@6100,10000,-0.003534577088430524,,,,,,,157.15519833564758,10000,-0.01826653443276882,-0.0182665@10000,10000,-0.01826653443276882,,,,,,,,,,,,,127.56855797767639,8100,0.03783460706472397,0.0378346@8100,10000,0.03818856552243233,/root/ruivi/results/default_config_grid/SIVI/banana/20260428_091204/plots,/root/ruivi/results/default_config_grid/SIVI/banana/20260428_091204,seed44_sivi_banana,/root/ruivi/results/default_config_grid/SIVI/banana/20260428_091204/run.log,/root/ruivi/results/default_config_grid/SIVI/banana/20260428_091204/samples,44,completed,banana,banana,/root/ruivi/tb_logs/default_config_grid/SIVI/banana/20260428_091204,153.52096557617188,158.78600896522403
ecbea4f8d518fef2f2cb478c1f687891b0b2bea86f2a43f7091f57510c8a42e2,0.05531558766961098,/root/ruivi/results/default_config_grid/SIVI/Bnn_boston/20260501_160212/checkpoints,ecbea4f8d518fef2f2cb478c1f687891b0b2bea86f2a43f7091f57510c8a42e2,default-grid-effective-v1,configs/sivi_Bnn_boston.yaml,fresh,campaigns/default_config_grid/runtime/console_logs/seed44_sivi_bnn_boston.log,/root/ruivi/tb_logs/default_config_grid/SIVI/Bnn_boston/20260501_160212/extracted,2,,finalize_completed,0,10000,SIVI,sivi,,,,,,,,,,,,,,,,,,,86.68932485580444,1500,2.4727141857147217,2.47271@1500,10000,2.5084590911865234,86.68915486335754,1500,2.566481113433838,2.56648@1500,10000,2.7874667644500732,,,,,,,/root/ruivi/results/default_config_grid/SIVI/Bnn_boston/20260501_160212/plots,/root/ruivi/results/default_config_grid/SIVI/Bnn_boston/20260501_160212,seed44_sivi_bnn_boston,/root/ruivi/results/default_config_grid/SIVI/Bnn_boston/20260501_160212/run.log,/root/ruivi/results/default_config_grid/SIVI/Bnn_boston/20260501_160212/samples,44,completed,Bnn_boston,Bnn_boston,/root/ruivi/tb_logs/default_config_grid/SIVI/Bnn_boston/20260501_160212,553.1558837890625,645.3002692312002
9fade4344922ff6053e506a324f1819c2ab265043d8e5fad521eafabda7487fa,0.03907304257154465,/root/ruivi/results/default_config_grid/SIVI/Bnn_concrete/20260501_160213/checkpoints,9fade4344922ff6053e506a324f1819c2ab265043d8e5fad521eafabda7487fa,default-grid-effective-v1,configs/sivi_Bnn_concrete.yaml,fresh,campaigns/default_config_grid/runtime/console_logs/seed44_sivi_bnn_concrete.log,/root/ruivi/tb_logs/default_config_grid/SIVI/Bnn_concrete/20260501_160213/extracted,2,,finalize_completed,1,10000,SIVI,sivi,,,,,,,,,,,,,,,,,,,394.3625831604004,10000,3.3591527938842773,3.35915@10000,10000,3.3591527938842773,258.1951005458832,6500,6.751240253448486,6.75124@6500,10000,6.767203330993652,,,,,,,/root/ruivi/results/default_config_grid/SIVI/Bnn_concrete/20260501_160213/plots,/root/ruivi/results/default_config_grid/SIVI/Bnn_concrete/20260501_160213,seed44_sivi_bnn_concrete,/root/ruivi/results/default_config_grid/SIVI/Bnn_concrete/20260501_160213/run.log,/root/ruivi/results/default_config_grid/SIVI/Bnn_concrete/20260501_160213/samples,44,completed,Bnn_concrete,Bnn_concrete,/root/ruivi/tb_logs/default_config_grid/SIVI/Bnn_concrete/20260501_160213,390.73040771484375,397.8478683717549
e06a46fedcc9ddad9681b9aa90339fa93bf743184730014bdc8aacfe9369ad30,0.026279985904693604,/root/ruivi/results/default_config_grid/SIVI/Bnn_power/20260501_160851/checkpoints,e06a46fedcc9ddad9681b9aa90339fa93bf743184730014bdc8aacfe9369ad30,default-grid-effective-v1,configs/sivi_Bnn_power.yaml,fresh,campaigns/default_config_grid/runtime/console_logs/seed44_sivi_bnn_power.log,/root/ruivi/tb_logs/default_config_grid/SIVI/Bnn_power/20260501_160851/extracted,2,,finalize_completed,1,10000,SIVI,sivi,,,,,,,,,,,,,,,,,,,240.31195187568665,9000,2.805500030517578,2.8055@9000,10000,2.80612850189209,240.31190943717957,9000,3.9533960819244385,3.9534@9000,10000,3.954300880432129,,,,,,,/root/ruivi/results/default_config_grid/SIVI/Bnn_power/20260501_160851/plots,/root/ruivi/results/default_config_grid/SIVI/Bnn_power/20260501_160851,seed44_sivi_bnn_power,/root/ruivi/results/default_config_grid/SIVI/Bnn_power/20260501_160851/run.log,/root/ruivi/results/default_config_grid/SIVI/Bnn_power/20260501_160851/samples,44,completed,Bnn_power,Bnn_power,/root/ruivi/tb_logs/default_config_grid/SIVI/Bnn_power/20260501_160851,262.79986572265625,269.90630961582065
6b1d2ff133f64f6e4e171c61b0606a4442febfff1983ed8e7d687bf49dc39973,0.04285716637969017,/root/ruivi/results/default_config_grid/SIVI/Bnn_protein/20260501_161258/checkpoints,6b1d2ff133f64f6e4e171c61b0606a4442febfff1983ed8e7d687bf49dc39973,default-grid-effective-v1,configs/sivi_Bnn_protein.yaml,fresh,campaigns/default_config_grid/runtime/console_logs/seed44_sivi_bnn_protein.log,/root/ruivi/tb_logs/default_config_grid/SIVI/Bnn_protein/20260501_161258/extracted,2,,finalize_completed,0,10000,SIVI,sivi,,,,,,,,,,,,,,,,,,,132.03159832954407,3000,3.007020950317383,3.00702@3000,10000,3.013610363006592,394.45616698265076,9100,4.844006538391113,4.84401@9100,10000,4.8568220138549805,,,,,,,/root/ruivi/results/default_config_grid/SIVI/Bnn_protein/20260501_161258/plots,/root/ruivi/results/default_config_grid/SIVI/Bnn_protein/20260501_161258,seed44_sivi_bnn_protein,/root/ruivi/results/default_config_grid/SIVI/Bnn_protein/20260501_161258/run.log,/root/ruivi/results/default_config_grid/SIVI/Bnn_protein/20260501_161258/samples,44,completed,Bnn_protein,Bnn_protein,/root/ruivi/tb_logs/default_config_grid/SIVI/Bnn_protein/20260501_161258,428.5716552734375,434.51805190742016
d87b78cdbf60f70285471a7be2a9c1ae354ced81862c79f44c00a356d083c370,0.0488215908408165,/root/ruivi/results/default_config_grid/SIVI/Bnn_winered/20260501_161320/checkpoints,d87b78cdbf60f70285471a7be2a9c1ae354ced81862c79f44c00a356d083c370,default-grid-effective-v1,configs/sivi_Bnn_winered.yaml,fresh,campaigns/default_config_grid/runtime/console_logs/seed44_sivi_bnn_winered.log,/root/ruivi/tb_logs/default_config_grid/SIVI/Bnn_winered/20260501_161320/extracted,2,,finalize_completed,1,10000,SIVI,sivi,,,,,,,,,,,,,,,,,,,135.7912242412567,2700,0.9008841514587402,0.900884@2700,10000,0.9112367630004883,131.04149174690247,2600,0.596362292766571,0.596362@2600,10000,0.6051560640335083,,,,,,,/root/ruivi/results/default_config_grid/SIVI/Bnn_winered/20260501_161320/plots,/root/ruivi/results/default_config_grid/SIVI/Bnn_winered/20260501_161320,seed44_sivi_bnn_winered,/root/ruivi/results/default_config_grid/SIVI/Bnn_winered/20260501_161320/run.log,/root/ruivi/results/default_config_grid/SIVI/Bnn_winered/20260501_161320/samples,44,completed,Bnn_winered,Bnn_winered,/root/ruivi/tb_logs/default_config_grid/SIVI/Bnn_winered/20260501_161320,488.21588134765625,620.4230817742646
e531465377763338f462fdd9be40cde9cfb240200f526139ca8f9fe2e36db9ea,0.03255166858434677,/root/ruivi/results/default_config_grid/SIVI/Bnn_yacht/20260501_161345/checkpoints,e531465377763338f462fdd9be40cde9cfb240200f526139ca8f9fe2e36db9ea,default-grid-effective-v1,configs/sivi_Bnn_yacht.yaml,fresh,campaigns/default_config_grid/runtime/console_logs/seed44_sivi_bnn_yacht.log,/root/ruivi/tb_logs/default_config_grid/SIVI/Bnn_yacht/20260501_161345/extracted,2,,finalize_completed,3,10000,SIVI,sivi,,,,,,,,,,,,,,,,,,,312.9727370738983,9500,1.7814006805419922,1.7814@9500,10000,1.8028206825256348,322.4720504283905,9800,1.9978023767471313,1.9978@9800,10000,2.0246102809906006,,,,,,,/root/ruivi/results/default_config_grid/SIVI/Bnn_yacht/20260501_161345/plots,/root/ruivi/results/default_config_grid/SIVI/Bnn_yacht/20260501_161345,seed44_sivi_bnn_yacht,/root/ruivi/results/default_config_grid/SIVI/Bnn_yacht/20260501_161345/run.log,/root/ruivi/results/default_config_grid/SIVI/Bnn_yacht/20260501_161345/samples,44,completed,Bnn_yacht,Bnn_yacht,/root/ruivi/tb_logs/default_config_grid/SIVI/Bnn_yacht/20260501_161345,325.5166931152344,331.4466808475554
7882b36f50ca893782dabbc03254d59dcb86e6c2d1a115294f350db66746e444,0.03245411440730095,/root/ruivi/results/default_config_grid/SIVI/Langevin_post/20260429_221903/checkpoints,7882b36f50ca893782dabbc03254d59dcb86e6c2d1a115294f350db66746e444,default-grid-effective-v1,configs/sivi_Langevin_post.yaml,fresh,campaigns/default_config_grid/runtime/console_logs/seed44_sivi_langevin_post.log,/root/ruivi/tb_logs/default_config_grid/SIVI/Langevin_post/20260429_221903/extracted,2,,finalize_completed,1,10000,SIVI,sivi,320.4204866886139,9800,-179.4463653564453,-179.446@9800,10000,-179.574951171875,90.89555191993713,2700,74.74424743652344,74.7442@2700,10000,58.42268371582031,,,,,,,,,,,,,,,,,,,96.57845497131348,2900,0.012145507149398327,0.0121455@2900,10000,0.03340007737278938,/root/ruivi/results/default_config_grid/SIVI/Langevin_post/20260429_221903/plots,/root/ruivi/results/default_config_grid/SIVI/Langevin_post/20260429_221903,seed44_sivi_langevin_post,/root/ruivi/results/default_config_grid/SIVI/Langevin_post/20260429_221903/run.log,/root/ruivi/results/default_config_grid/SIVI/Langevin_post/20260429_221903/samples,44,completed,Langevin_post,Langevin_post,/root/ruivi/tb_logs/default_config_grid/SIVI/Langevin_post/20260429_221903,324.5411376953125,339.14538230374455
a81872938776f9a6df5d33dd8098d24ff3777115be7ac6fdb6b8884f3edb1a62,0.019279180094599724,/root/ruivi/results/default_config_grid/SIVI/LRwaveform/20260428_092356/checkpoints,a81872938776f9a6df5d33dd8098d24ff3777115be7ac6fdb6b8884f3edb1a62,default-grid-effective-v1,configs/sivi_LRwaveform.yaml,fresh,campaigns/default_config_grid/runtime/console_logs/seed44_sivi_lrwaveform.log,/root/ruivi/tb_logs/default_config_grid/SIVI/LRwaveform/20260428_092356/extracted,1,,finalize_completed,1,10000,SIVI,sivi,7.687483787536621,200,31.904870986938477,31.9049@200,10000,3.0882840156555176,,,,,,,,,,,,,,,,,,,,,,,,,,,,,,,/root/ruivi/results/default_config_grid/SIVI/LRwaveform/20260428_092356/plots,/root/ruivi/results/default_config_grid/SIVI/LRwaveform/20260428_092356,seed44_sivi_lrwaveform,/root/ruivi/results/default_config_grid/SIVI/LRwaveform/20260428_092356/run.log,/root/ruivi/results/default_config_grid/SIVI/LRwaveform/20260428_092356/samples,44,completed,LRwaveform,LRwaveform,/root/ruivi/tb_logs/default_config_grid/SIVI/LRwaveform/20260428_092356,192.79180908203125,199.71542076021433
28b0df4de2407a161d03ad0222a7ce797ccac8004bf499a520254420f270d492,0.015026173554360867,/root/ruivi/results/default_config_grid/SIVI/multimodal/20260428_092654/checkpoints,f612a78a437304f1d2d8972207c30d6388f4be0b52e29a0c303840203574b925,default-grid-effective-v1,configs/sivi_multimodal.yaml,fresh,campaigns/default_config_grid/runtime/console_logs/seed44_sivi_multimodal.log,/root/ruivi/tb_logs/default_config_grid/SIVI/multimodal/20260428_092654/extracted,1,,finalize_completed,0,10000,SIVI,sivi,149.57546043395996,9700,-0.00022659396927338094,-0.000226594@9700,10000,-0.003093321807682514,,,,,,,91.85149073600769,5900,-0.018174780532717705,-0.0181748@5900,10000,-0.0062922025099396706,,,,,,,,,,,,,150.8837604522705,9800,0.024474134668707848,0.0244741@9800,10000,0.051848962903022766,/root/ruivi/results/default_config_grid/SIVI/multimodal/20260428_092654/plots,/root/ruivi/results/default_config_grid/SIVI/multimodal/20260428_092654,seed44_sivi_multimodal,/root/ruivi/results/default_config_grid/SIVI/multimodal/20260428_092654/run.log,/root/ruivi/results/default_config_grid/SIVI/multimodal/20260428_092654/samples,44,completed,multimodal,multimodal,/root/ruivi/tb_logs/default_config_grid/SIVI/multimodal/20260428_092654,150.26173400878906,156.92709025740623
c00b604a2f8a96b5a004cb2fbba11e7bf547c6e1f3d9b510f437731eb5aee252,0.015006338246166706,/root/ruivi/results/default_config_grid/SIVI/student_uc/20260428_092710/checkpoints,60402d54f4826d88abf7121ab3016fbbc3cae92a4b66b3fb73fa5b02b53617cd,default-grid-effective-v1,configs/sivi_student_uc.yaml,fresh,campaigns/default_config_grid/runtime/console_logs/seed44_sivi_student_uc.log,/root/ruivi/tb_logs/default_config_grid/SIVI/student_uc/20260428_092710/extracted,1,,finalize_completed,2,10000,SIVI,sivi,115.78643107414246,7500,-2.671394109725952,-2.67139@7500,10000,-2.678258180618286,,,,,,,130.71839308738708,8500,-0.00396623183041811,-0.00396623@8500,10000,0.0020695957355201244,,,,,,,,,,,,,33.34931492805481,2000,0.5939622521400452,0.593962@2000,10000,0.6218140125274658,/root/ruivi/results/default_config_grid/SIVI/student_uc/20260428_092710/plots,/root/ruivi/results/default_config_grid/SIVI/student_uc/20260428_092710,seed44_sivi_student_uc,/root/ruivi/results/default_config_grid/SIVI/student_uc/20260428_092710/run.log,/root/ruivi/results/default_config_grid/SIVI/student_uc/20260428_092710/samples,44,completed,student_uc,student_uc,/root/ruivi/tb_logs/default_config_grid/SIVI/student_uc/20260428_092710,150.06338500976562,154.90654603391886
4b1e95c91174026c1d63d12e1bb6e19d3bbe169dbfc096efb3c0bb9fdc59af4c,0.015153059735894203,/root/ruivi/results/default_config_grid/SIVI/x_shaped/20260428_092716/checkpoints,303454cc9220856a16d7df532b06da2e3a9e8899b9e8d14cbf1b668b2911f44d,default-grid-effective-v1,configs/sivi_x_shaped.yaml,fresh,campaigns/default_config_grid/runtime/console_logs/seed44_sivi_x_shaped.log,/root/ruivi/tb_logs/default_config_grid/SIVI/x_shaped/20260428_092716/extracted,1,,finalize_completed,1,10000,SIVI,sivi,144.3914773464203,9300,0.0007119500078260899,0.00071195@9300,10000,-0.0031102923676371574,,,,,,,121.43026733398438,7800,-0.02188713662326336,-0.0218871@7800,10000,0.015055338852107525,,,,,,,,,,,,,113.94961094856262,7300,0.029495714232325554,0.0294957@7300,10000,0.04349217191338539,/root/ruivi/results/default_config_grid/SIVI/x_shaped/20260428_092716/plots,/root/ruivi/results/default_config_grid/SIVI/x_shaped/20260428_092716,seed44_sivi_x_shaped,/root/ruivi/results/default_config_grid/SIVI/x_shaped/20260428_092716/run.log,/root/ruivi/results/default_config_grid/SIVI/x_shaped/20260428_092716/samples,44,completed,x_shaped,x_shaped,/root/ruivi/tb_logs/default_config_grid/SIVI/x_shaped/20260428_092716,151.5305938720703,156.93855937942863
cfe5d85b97b9d28c2f44ed7b33f0f875b063b96310a14ccafa69ca5f5bea0cc7,0.07344982028007507,/root/ruivi/results/default_config_grid/UIVI/8_gaussians/20260428_092724/checkpoints,b1ef75aeb4af8aed074945135eae212e104b7da8b05eeb1f35f0fde7f3884529,default-grid-effective-v1,configs/uivi_8_gaussians.yaml,fresh,campaigns/default_config_grid/runtime/console_logs/seed44_uivi_8_gaussians.log,/root/ruivi/tb_logs/default_config_grid/UIVI/8_gaussians/20260428_092724/extracted,1,,finalize_completed,3,10000,UIVI,uivi,678.6396024227142,9200,-0.7766644358634949,-0.776664@9200,10000,-0.7979189157485962,,,,,,,392.28959131240845,5300,0.7466853260993958,0.746685@5300,10000,0.7544547915458679,,,,,,,,,,,,,663.1365268230438,9000,0.21769914031028748,0.217699@9000,10000,0.2187359631061554,/root/ruivi/results/default_config_grid/UIVI/8_gaussians/20260428_092724/plots,/root/ruivi/results/default_config_grid/UIVI/8_gaussians/20260428_092724,seed44_uivi_8_gaussians,/root/ruivi/results/default_config_grid/UIVI/8_gaussians/20260428_092724/run.log,/root/ruivi/results/default_config_grid/UIVI/8_gaussians/20260428_092724/samples,44,completed,8_gaussians,8_gaussians,/root/ruivi/tb_logs/default_config_grid/UIVI/8_gaussians/20260428_092724,734.4982299804688,740.1965826638043
64708fe389bc1604f84a71b8c4c8da468ddcad34cfa2b24c910c4c554f851dc7,0.07379549741744995,/root/ruivi/results/default_config_grid/UIVI/banana/20260428_092931/checkpoints,04368a1c3147d73feb14871294c6e79057cc833f31eed598ec36a9a289a6f762,default-grid-effective-v1,configs/uivi_banana.yaml,fresh,campaigns/default_config_grid/runtime/console_logs/seed44_uivi_banana.log,/root/ruivi/tb_logs/default_config_grid/UIVI/banana/20260428_092931/extracted,1,,finalize_completed,0,10000,UIVI,uivi,697.6116816997528,9400,-0.02122785896062851,-0.0212279@9400,10000,-0.02483459934592247,,,,,,,465.88256096839905,6300,0.00547452038154006,0.00547452@6300,10000,0.02019578218460083,,,,,,,,,,,,,200.0937430858612,2700,0.20421308279037476,0.204213@2700,10000,0.38566744327545166,/root/ruivi/results/default_config_grid/UIVI/banana/20260428_092931/plots,/root/ruivi/results/default_config_grid/UIVI/banana/20260428_092931,seed44_uivi_banana,/root/ruivi/results/default_config_grid/UIVI/banana/20260428_092931/run.log,/root/ruivi/results/default_config_grid/UIVI/banana/20260428_092931/samples,44,completed,banana,banana,/root/ruivi/tb_logs/default_config_grid/UIVI/banana/20260428_092931,737.9550170898438,763.2840383686125
057b83daac5b4b601e9aab278085f22fb7054636eb513139ed5f1698530eba63,0.07472891360521317,/root/ruivi/results/default_config_grid/UIVI/Bnn_boston/20260501_161819/checkpoints,057b83daac5b4b601e9aab278085f22fb7054636eb513139ed5f1698530eba63,default-grid-effective-v1,configs/uivi_Bnn_boston.yaml,fresh,campaigns/default_config_grid/runtime/console_logs/seed44_uivi_bnn_boston.log,/root/ruivi/tb_logs/default_config_grid/UIVI/Bnn_boston/20260501_161819/extracted,2,,finalize_completed,2,10000,UIVI,uivi,,,,,,,,,,,,,,,,,,,413.05639934539795,5500,2.4871490001678467,2.48715@5500,10000,2.4902656078338623,413.05635166168213,5500,2.6433048248291016,2.6433@5500,10000,2.681450128555298,,,,,,,/root/ruivi/results/default_config_grid/UIVI/Bnn_boston/20260501_161819/plots,/root/ruivi/results/default_config_grid/UIVI/Bnn_boston/20260501_161819,seed44_uivi_bnn_boston,/root/ruivi/results/default_config_grid/UIVI/Bnn_boston/20260501_161819/run.log,/root/ruivi/results/default_config_grid/UIVI/Bnn_boston/20260501_161819/samples,44,completed,Bnn_boston,Bnn_boston,/root/ruivi/tb_logs/default_config_grid/UIVI/Bnn_boston/20260501_161819,747.2891235351562,753.7809019424021
c4efa85614f3f4ecd167648662dee54acd1a37ee5511686adc30bbfb1fe76b73,0.07296949625015259,/root/ruivi/results/default_config_grid/UIVI/Bnn_concrete/20260501_161917/checkpoints,c4efa85614f3f4ecd167648662dee54acd1a37ee5511686adc30bbfb1fe76b73,default-grid-effective-v1,configs/uivi_Bnn_concrete.yaml,fresh,campaigns/default_config_grid/runtime/console_logs/seed44_uivi_bnn_concrete.log,/root/ruivi/tb_logs/default_config_grid/UIVI/Bnn_concrete/20260501_161917/extracted,2,,finalize_completed,3,10000,UIVI,uivi,,,,,,,,,,,,,,,,,,,687.985833644867,9400,3.5223686695098877,3.52237@9400,10000,3.5270116329193115,725.7651872634888,9900,7.529850006103516,7.52985@9900,10000,7.551542282104492,,,,,,,/root/ruivi/results/default_config_grid/UIVI/Bnn_concrete/20260501_161917/plots,/root/ruivi/results/default_config_grid/UIVI/Bnn_concrete/20260501_161917,seed44_uivi_bnn_concrete,/root/ruivi/results/default_config_grid/UIVI/Bnn_concrete/20260501_161917/run.log,/root/ruivi/results/default_config_grid/UIVI/Bnn_concrete/20260501_161917/samples,44,completed,Bnn_concrete,Bnn_concrete,/root/ruivi/tb_logs/default_config_grid/UIVI/Bnn_concrete/20260501_161917,729.6950073242188,909.1344947107136
6067ee12641087788984b532690597f0246caf82fa2e2bb90fb31fa9862e844b,0.07746391743421555,/root/ruivi/results/default_config_grid/UIVI/Bnn_power/20260501_162012/checkpoints,6067ee12641087788984b532690597f0246caf82fa2e2bb90fb31fa9862e844b,default-grid-effective-v1,configs/uivi_Bnn_power.yaml,fresh,campaigns/default_config_grid/runtime/console_logs/seed44_uivi_bnn_power.log,/root/ruivi/tb_logs/default_config_grid/UIVI/Bnn_power/20260501_162012/extracted,2,,finalize_completed,0,10000,UIVI,uivi,,,,,,,,,,,,,,,,,,,725.1237361431122,9300,2.8156909942626953,2.81569@9300,10000,2.8183183670043945,725.1236886978149,9300,3.9954657554626465,3.99547@9300,10000,4.0055646896362305,,,,,,,/root/ruivi/results/default_config_grid/UIVI/Bnn_power/20260501_162012/plots,/root/ruivi/results/default_config_grid/UIVI/Bnn_power/20260501_162012,seed44_uivi_bnn_power,/root/ruivi/results/default_config_grid/UIVI/Bnn_power/20260501_162012/run.log,/root/ruivi/results/default_config_grid/UIVI/Bnn_power/20260501_162012/samples,44,completed,Bnn_power,Bnn_power,/root/ruivi/tb_logs/default_config_grid/UIVI/Bnn_power/20260501_162012,774.63916015625,853.5772167779505
6d290507e0bc793a83fad407d3c52261c54817b8e716e9462d2ddb02e1896f17,0.07593408972024918,/root/ruivi/results/default_config_grid/UIVI/Bnn_protein/20260501_162341/checkpoints,6d290507e0bc793a83fad407d3c52261c54817b8e716e9462d2ddb02e1896f17,default-grid-effective-v1,configs/uivi_Bnn_protein.yaml,fresh,campaigns/default_config_grid/runtime/console_logs/seed44_uivi_bnn_protein.log,/root/ruivi/tb_logs/default_config_grid/UIVI/Bnn_protein/20260501_162341/extracted,2,,finalize_completed,1,10000,UIVI,uivi,,,,,,,,,,,,,,,,,,,762.794508934021,10000,3.0206568241119385,3.02066@10000,10000,3.0206568241119385,762.7944474220276,10000,5.0053205490112305,5.00532@10000,10000,5.0053205490112305,,,,,,,/root/ruivi/results/default_config_grid/UIVI/Bnn_protein/20260501_162341/plots,/root/ruivi/results/default_config_grid/UIVI/Bnn_protein/20260501_162341,seed44_uivi_bnn_protein,/root/ruivi/results/default_config_grid/UIVI/Bnn_protein/20260501_162341/run.log,/root/ruivi/results/default_config_grid/UIVI/Bnn_protein/20260501_162341/samples,44,completed,Bnn_protein,Bnn_protein,/root/ruivi/tb_logs/default_config_grid/UIVI/Bnn_protein/20260501_162341,759.3408813476562,967.575872618705
50673cf135343c26780592260598a3140d6ab87621eed359dba61a082a36ead9,0.07477595657110214,/root/ruivi/results/default_config_grid/UIVI/Bnn_winered/20260501_163053/checkpoints,50673cf135343c26780592260598a3140d6ab87621eed359dba61a082a36ead9,default-grid-effective-v1,configs/uivi_Bnn_winered.yaml,fresh,campaigns/default_config_grid/runtime/console_logs/seed44_uivi_bnn_winered.log,/root/ruivi/tb_logs/default_config_grid/UIVI/Bnn_winered/20260501_163053/extracted,2,,finalize_completed,2,10000,UIVI,uivi,,,,,,,,,,,,,,,,,,,255.0205535888672,3400,0.9183168411254883,0.918317@3400,10000,0.9444403648376465,255.02050948143005,3400,0.606574296951294,0.606574@3400,10000,0.6231995820999146,,,,,,,/root/ruivi/results/default_config_grid/UIVI/Bnn_winered/20260501_163053/plots,/root/ruivi/results/default_config_grid/UIVI/Bnn_winered/20260501_163053,seed44_uivi_bnn_winered,/root/ruivi/results/default_config_grid/UIVI/Bnn_winered/20260501_163053/run.log,/root/ruivi/results/default_config_grid/UIVI/Bnn_winered/20260501_163053/samples,44,completed,Bnn_winered,Bnn_winered,/root/ruivi/tb_logs/default_config_grid/UIVI/Bnn_winered/20260501_163053,747.759521484375,856.5333572663367
457a89b2a41f39ae1c06a4c7b4d2652f164d737b0fb9b57ac0f080a75fb81c06,0.07562849670648575,/root/ruivi/results/default_config_grid/UIVI/Bnn_yacht/20260501_163426/checkpoints,457a89b2a41f39ae1c06a4c7b4d2652f164d737b0fb9b57ac0f080a75fb81c06,default-grid-effective-v1,configs/uivi_Bnn_yacht.yaml,fresh,campaigns/default_config_grid/runtime/console_logs/seed44_uivi_bnn_yacht.log,/root/ruivi/tb_logs/default_config_grid/UIVI/Bnn_yacht/20260501_163426/extracted,2,,finalize_completed,0,10000,UIVI,uivi,,,,,,,,,,,,,,,,,,,645.3239061832428,8500,1.9979119300842285,1.99791@8500,10000,2.0006937980651855,744.9250717163086,9800,2.385821580886841,2.38582@9800,10000,2.3946382999420166,,,,,,,/root/ruivi/results/default_config_grid/UIVI/Bnn_yacht/20260501_163426/plots,/root/ruivi/results/default_config_grid/UIVI/Bnn_yacht/20260501_163426,seed44_uivi_bnn_yacht,/root/ruivi/results/default_config_grid/UIVI/Bnn_yacht/20260501_163426/run.log,/root/ruivi/results/default_config_grid/UIVI/Bnn_yacht/20260501_163426/samples,44,completed,Bnn_yacht,Bnn_yacht,/root/ruivi/tb_logs/default_config_grid/UIVI/Bnn_yacht/20260501_163426,756.2849731445312,763.0455683283508
1a77a17a4cbe8e0a46fe4b5cac2bbb9f4975b04e38f454ba1a97860982353a6a,0.0720202624797821,/root/ruivi/results/default_config_grid/UIVI/Langevin_post/20260429_222402/checkpoints,1a77a17a4cbe8e0a46fe4b5cac2bbb9f4975b04e38f454ba1a97860982353a6a,default-grid-effective-v1,configs/uivi_Langevin_post.yaml,fresh,campaigns/default_config_grid/runtime/console_logs/seed44_uivi_langevin_post.log,/root/ruivi/tb_logs/default_config_grid/UIVI/Langevin_post/20260429_222402/extracted,2,,finalize_completed,3,10000,UIVI,uivi,538.0578281879425,7400,-184.9690399169922,-184.969@7400,10000,-185.16905212402344,133.44815397262573,1800,74.08377075195312,74.0838@1800,10000,21.047882080078125,,,,,,,,,,,,,,,,,,,132.8193929195404,1800,0.01662316732108593,0.0166232@1800,10000,0.04611089453101158,/root/ruivi/results/default_config_grid/UIVI/Langevin_post/20260429_222402/plots,/root/ruivi/results/default_config_grid/UIVI/Langevin_post/20260429_222402,seed44_uivi_langevin_post,/root/ruivi/results/default_config_grid/UIVI/Langevin_post/20260429_222402/run.log,/root/ruivi/results/default_config_grid/UIVI/Langevin_post/20260429_222402/samples,44,completed,Langevin_post,Langevin_post,/root/ruivi/tb_logs/default_config_grid/UIVI/Langevin_post/20260429_222402,720.20263671875,726.692466981709
659f3dd9ee55cc53be228d92b98d878e5f89ab4ebbb58d589b91975a85159545,0.07840589433908463,/root/ruivi/results/default_config_grid/UIVI/LRwaveform/20260428_095528/checkpoints,659f3dd9ee55cc53be228d92b98d878e5f89ab4ebbb58d589b91975a85159545,default-grid-effective-v1,configs/uivi_LRwaveform.yaml,fresh,campaigns/default_config_grid/runtime/console_logs/seed44_uivi_lrwaveform.log,/root/ruivi/tb_logs/default_config_grid/UIVI/LRwaveform/20260428_095528/extracted,1,,finalize_completed,0,10000,UIVI,uivi,19.793131828308105,200,31.707473754882812,31.7075@200,10000,-7.109625816345215,,,,,,,,,,,,,,,,,,,,,,,,,,,,,,,/root/ruivi/results/default_config_grid/UIVI/LRwaveform/20260428_095528/plots,/root/ruivi/results/default_config_grid/UIVI/LRwaveform/20260428_095528,seed44_uivi_lrwaveform,/root/ruivi/results/default_config_grid/UIVI/LRwaveform/20260428_095528/run.log,/root/ruivi/results/default_config_grid/UIVI/LRwaveform/20260428_095528/samples,44,completed,LRwaveform,LRwaveform,/root/ruivi/tb_logs/default_config_grid/UIVI/LRwaveform/20260428_095528,784.0588989257812,810.5330418236554
28d776674e41bfc287bb79946811bb26913a535b0f0605a5d93f5de3322b127a,0.0751282274723053,/root/ruivi/results/default_config_grid/UIVI/multimodal/20260428_095528/checkpoints,390b7266b5d1f51337955811a5dcb6d51a20108bbd80fcd2c4404703032f5bc8,default-grid-effective-v1,configs/uivi_multimodal.yaml,fresh,campaigns/default_config_grid/runtime/console_logs/seed44_uivi_multimodal.log,/root/ruivi/tb_logs/default_config_grid/UIVI/multimodal/20260428_095528/extracted,1,,finalize_completed,1,10000,UIVI,uivi,635.0514101982117,8400,-0.025066275149583817,-0.0250663@8400,10000,-0.027495671063661575,,,,,,,701.3195333480835,9300,0.005804280750453472,0.00580428@9300,10000,0.05017518252134323,,,,,,,,,,,,,322.37699365615845,4300,0.0955999493598938,0.0955999@4300,10000,0.13088834285736084,/root/ruivi/results/default_config_grid/UIVI/multimodal/20260428_095528/plots,/root/ruivi/results/default_config_grid/UIVI/multimodal/20260428_095528,seed44_uivi_multimodal,/root/ruivi/results/default_config_grid/UIVI/multimodal/20260428_095528/run.log,/root/ruivi/results/default_config_grid/UIVI/multimodal/20260428_095528/samples,44,completed,multimodal,multimodal,/root/ruivi/tb_logs/default_config_grid/UIVI/multimodal/20260428_095528,751.2822875976562,810.546896148473
62d8f417e72eca48bed2d1447a2b8afe36b4a49dae45efa8f5b8f1b95063a2c9,0.07458321005105972,/root/ruivi/results/default_config_grid/UIVI/student_uc/20260428_095528/checkpoints,49b8c3f764ab61227cffdf81c69eb02c9be0e3c8387f51d3d67296827d702d3f,default-grid-effective-v1,configs/uivi_student_uc.yaml,fresh,campaigns/default_config_grid/runtime/console_logs/seed44_uivi_student_uc.log,/root/ruivi/tb_logs/default_config_grid/UIVI/student_uc/20260428_095528/extracted,1,,finalize_completed,2,10000,UIVI,uivi,585.3810234069824,7800,-2.683608055114746,-2.68361@7800,10000,-2.685265064239502,,,,,,,659.3909065723419,8800,0.0025710556656122208,0.00257106@8800,10000,0.03228485956788063,,,,,,,,,,,,,254.19587182998657,3400,0.6282558441162109,0.628256@3400,10000,0.6404175758361816,/root/ruivi/results/default_config_grid/UIVI/student_uc/20260428_095528/plots,/root/ruivi/results/default_config_grid/UIVI/student_uc/20260428_095528,seed44_uivi_student_uc,/root/ruivi/results/default_config_grid/UIVI/student_uc/20260428_095528/run.log,/root/ruivi/results/default_config_grid/UIVI/student_uc/20260428_095528/samples,44,completed,student_uc,student_uc,/root/ruivi/tb_logs/default_config_grid/UIVI/student_uc/20260428_095528,745.8321533203125,810.5548710115254
1ab874039a6ad6a4b5a60170609c59a873e7e1b0a32a230107aee190c20601cb,0.07494286447763443,/root/ruivi/results/default_config_grid/UIVI/x_shaped/20260428_100615/checkpoints,198a2626ca03692c9390aaeb0499ecba029da40cf85aa0f98e7e22dfcd657fb0,default-grid-effective-v1,configs/uivi_x_shaped.yaml,fresh,campaigns/default_config_grid/runtime/console_logs/seed44_uivi_x_shaped.log,/root/ruivi/tb_logs/default_config_grid/UIVI/x_shaped/20260428_100615/extracted,1,,finalize_completed,3,10000,UIVI,uivi,320.7492425441742,4300,-0.12337227910757065,-0.123372@4300,10000,-0.18904779851436615,,,,,,,284.1031668186188,3800,0.1151527389883995,0.115153@3800,10000,0.1810178905725479,,,,,,,,,,,,,298.3206408023834,4000,0.19465230405330658,0.194652@4000,10000,0.38444098830223083,/root/ruivi/results/default_config_grid/UIVI/x_shaped/20260428_100615/plots,/root/ruivi/results/default_config_grid/UIVI/x_shaped/20260428_100615,seed44_uivi_x_shaped,/root/ruivi/results/default_config_grid/UIVI/x_shaped/20260428_100615/run.log,/root/ruivi/results/default_config_grid/UIVI/x_shaped/20260428_100615/samples,44,completed,x_shaped,x_shaped,/root/ruivi/tb_logs/default_config_grid/UIVI/x_shaped/20260428_100615,749.4286499023438,821.1921627745032
3e2b91de4a4663ee9a79df5351f7ec618661b37adefa424265ca4303f700557d,0.032056182622909546,/root/ruivi/results/default_config_grid/AISIVI/8_gaussians/20260428_125713/checkpoints,1334ccb25c3cc14c3d126949cefe2debe76fb2f244cc4b04b5017ea5595a09a5,default-grid-effective-v1,configs/aisivi_8_gaussians.yaml,fresh,campaigns/default_config_grid/runtime/console_logs/seed45_aisivi_8_gaussians.log,/root/ruivi/tb_logs/default_config_grid/AISIVI/8_gaussians/20260428_125713/extracted,1,,finalize_completed,3,10000,AISIVI,aisivi,318.66462993621826,9600,-0.1519177258014679,-0.151918@9600,10000,-0.16117721796035767,,,,,,,331.85834074020386,10000,0.12376004457473755,0.12376@10000,10000,0.12376004457473755,,,,,,,,,,,,,331.9719648361206,10000,0.12856371700763702,0.128564@10000,10000,0.12856371700763702,/root/ruivi/results/default_config_grid/AISIVI/8_gaussians/20260428_125713/plots,/root/ruivi/results/default_config_grid/AISIVI/8_gaussians/20260428_125713,seed45_aisivi_8_gaussians,/root/ruivi/results/default_config_grid/AISIVI/8_gaussians/20260428_125713/run.log,/root/ruivi/results/default_config_grid/AISIVI/8_gaussians/20260428_125713/samples,45,completed,8_gaussians,8_gaussians,/root/ruivi/tb_logs/default_config_grid/AISIVI/8_gaussians/20260428_125713,320.5617980957031,427.28136256709695
83e975c7eddc14717e0773a913886cdafab1040e9e33ce63b104ccd3fc8e2410,0.03341960534453392,/root/ruivi/results/default_config_grid/AISIVI/banana/20260428_130046/checkpoints,9fd9c4f819aeb8638c71ee53879b13bad2ffa1d5f4040bc8bac70dd24fb6894e,default-grid-effective-v1,configs/aisivi_banana.yaml,fresh,campaigns/default_config_grid/runtime/console_logs/seed45_aisivi_banana.log,/root/ruivi/tb_logs/default_config_grid/AISIVI/banana/20260428_130046/extracted,1,,finalize_completed,2,10000,AISIVI,aisivi,272.8902003765106,7800,-0.008827378042042255,-0.00882738@7800,10000,-0.017316851764917374,,,,,,,213.0526671409607,6000,-0.022264230996370316,-0.0222642@6000,10000,0.01394366193562746,,,,,,,,,,,,,195.70156049728394,5500,0.06516427546739578,0.0651643@5500,10000,0.15366564691066742,/root/ruivi/results/default_config_grid/AISIVI/banana/20260428_130046/plots,/root/ruivi/results/default_config_grid/AISIVI/banana/20260428_130046,seed45_aisivi_banana,/root/ruivi/results/default_config_grid/AISIVI/banana/20260428_130046/run.log,/root/ruivi/results/default_config_grid/AISIVI/banana/20260428_130046/samples,45,completed,banana,banana,/root/ruivi/tb_logs/default_config_grid/AISIVI/banana/20260428_130046,334.196044921875,433.91375270858407
18e12336d67b79952e4bbf8d0bd8cfc56ec7c349e86dd215b1513fe1463a7b01,0.06510625034570694,/root/ruivi/results/default_config_grid/AISIVI/Bnn_boston/20260501_173457/checkpoints,18e12336d67b79952e4bbf8d0bd8cfc56ec7c349e86dd215b1513fe1463a7b01,default-grid-effective-v1,configs/aisivi_Bnn_boston.yaml,fresh,campaigns/default_config_grid/runtime/console_logs/seed45_aisivi_bnn_boston.log,/root/ruivi/tb_logs/default_config_grid/AISIVI/Bnn_boston/20260501_173457/extracted,2,,finalize_completed,0,10000,AISIVI,aisivi,,,,,,,,,,,,,,,,,,,668.6737976074219,10000,2.6293179988861084,2.62932@10000,10000,2.6293179988861084,668.6737442016602,10000,3.3656468391418457,3.36565@10000,10000,3.3656468391418457,,,,,,,/root/ruivi/results/default_config_grid/AISIVI/Bnn_boston/20260501_173457/plots,/root/ruivi/results/default_config_grid/AISIVI/Bnn_boston/20260501_173457,seed45_aisivi_bnn_boston,/root/ruivi/results/default_config_grid/AISIVI/Bnn_boston/20260501_173457/run.log,/root/ruivi/results/default_config_grid/AISIVI/Bnn_boston/20260501_173457/samples,45,completed,Bnn_boston,Bnn_boston,/root/ruivi/tb_logs/default_config_grid/AISIVI/Bnn_boston/20260501_173457,651.0625,671.4362261146307
9099a24ab49e3b2dd81b69c55aa9fbf688063e341ffce1fcdad72eb75504f763,0.062021806836128235,/root/ruivi/results/default_config_grid/AISIVI/Bnn_concrete/20260501_173903/checkpoints,9099a24ab49e3b2dd81b69c55aa9fbf688063e341ffce1fcdad72eb75504f763,default-grid-effective-v1,configs/aisivi_Bnn_concrete.yaml,fresh,campaigns/default_config_grid/runtime/console_logs/seed45_aisivi_bnn_concrete.log,/root/ruivi/tb_logs/default_config_grid/AISIVI/Bnn_concrete/20260501_173903/extracted,2,,finalize_completed,2,10000,AISIVI,aisivi,,,,,,,,,,,,,,,,,,,22.44143319129944,100,3.4790587425231934,3.47906@100,10000,3.5192434787750244,70.72717785835266,900,7.800934791564941,7.80093@900,10000,8.003730773925781,,,,,,,/root/ruivi/results/default_config_grid/AISIVI/Bnn_concrete/20260501_173903/plots,/root/ruivi/results/default_config_grid/AISIVI/Bnn_concrete/20260501_173903,seed45_aisivi_bnn_concrete,/root/ruivi/results/default_config_grid/AISIVI/Bnn_concrete/20260501_173903/run.log,/root/ruivi/results/default_config_grid/AISIVI/Bnn_concrete/20260501_173903/samples,45,completed,Bnn_concrete,Bnn_concrete,/root/ruivi/tb_logs/default_config_grid/AISIVI/Bnn_concrete/20260501_173903,620.2180786132812,650.2818812206388
324888afc17f239969a7ed85370d0c93d46565490e91dc97496b6dcf07bcc4f5,0.05639353767037392,/root/ruivi/results/default_config_grid/AISIVI/Bnn_power/20260501_174609/checkpoints,324888afc17f239969a7ed85370d0c93d46565490e91dc97496b6dcf07bcc4f5,default-grid-effective-v1,configs/aisivi_Bnn_power.yaml,fresh,campaigns/default_config_grid/runtime/console_logs/seed45_aisivi_bnn_power.log,/root/ruivi/tb_logs/default_config_grid/AISIVI/Bnn_power/20260501_174609/extracted,2,,finalize_completed,0,10000,AISIVI,aisivi,,,,,,,,,,,,,,,,,,,564.1032946109772,9700,2.8207836151123047,2.82078@9700,10000,2.823723793029785,564.1032402515411,9700,4.009279251098633,4.00928@9700,10000,4.021008491516113,,,,,,,/root/ruivi/results/default_config_grid/AISIVI/Bnn_power/20260501_174609/plots,/root/ruivi/results/default_config_grid/AISIVI/Bnn_power/20260501_174609,seed45_aisivi_bnn_power,/root/ruivi/results/default_config_grid/AISIVI/Bnn_power/20260501_174609/run.log,/root/ruivi/results/default_config_grid/AISIVI/Bnn_power/20260501_174609/samples,45,completed,Bnn_power,Bnn_power,/root/ruivi/tb_logs/default_config_grid/AISIVI/Bnn_power/20260501_174609,563.9353637695312,584.5909975767136
98856972dd2022f6d7c5708918cb48c8d8e11130a0374475f4b88422b065789b,0.06231098622083664,/root/ruivi/results/default_config_grid/AISIVI/Bnn_protein/20260501_174611/checkpoints,98856972dd2022f6d7c5708918cb48c8d8e11130a0374475f4b88422b065789b,default-grid-effective-v1,configs/aisivi_Bnn_protein.yaml,fresh,campaigns/default_config_grid/runtime/console_logs/seed45_aisivi_bnn_protein.log,/root/ruivi/tb_logs/default_config_grid/AISIVI/Bnn_protein/20260501_174611/extracted,2,,finalize_completed,1,10000,AISIVI,aisivi,,,,,,,,,,,,,,,,,,,386.49527645111084,5900,3.008047342300415,3.00805@5900,10000,3.0191190242767334,536.5021347999573,8300,4.8286027908325195,4.8286@8300,10000,4.877442836761475,,,,,,,/root/ruivi/results/default_config_grid/AISIVI/Bnn_protein/20260501_174611/plots,/root/ruivi/results/default_config_grid/AISIVI/Bnn_protein/20260501_174611,seed45_aisivi_bnn_protein,/root/ruivi/results/default_config_grid/AISIVI/Bnn_protein/20260501_174611/run.log,/root/ruivi/results/default_config_grid/AISIVI/Bnn_protein/20260501_174611/samples,45,completed,Bnn_protein,Bnn_protein,/root/ruivi/tb_logs/default_config_grid/AISIVI/Bnn_protein/20260501_174611,623.10986328125,644.199814915657
988c7e327468e2eb05f8e4c7dabe20bd5ef662f814886a40b873a6498c091773,0.06490352004766464,/root/ruivi/results/default_config_grid/AISIVI/Bnn_winered/20260501_174953/checkpoints,988c7e327468e2eb05f8e4c7dabe20bd5ef662f814886a40b873a6498c091773,default-grid-effective-v1,configs/aisivi_Bnn_winered.yaml,fresh,campaigns/default_config_grid/runtime/console_logs/seed45_aisivi_bnn_winered.log,/root/ruivi/tb_logs/default_config_grid/AISIVI/Bnn_winered/20260501_174953/extracted,2,,finalize_completed,2,10000,AISIVI,aisivi,,,,,,,,,,,,,,,,,,,422.7002184391022,6200,0.9066853523254395,0.906685@6200,10000,0.9266386032104492,382.80024218559265,5600,0.5974959135055542,0.597496@5600,10000,0.6120938062667847,,,,,,,/root/ruivi/results/default_config_grid/AISIVI/Bnn_winered/20260501_174953/plots,/root/ruivi/results/default_config_grid/AISIVI/Bnn_winered/20260501_174953,seed45_aisivi_bnn_winered,/root/ruivi/results/default_config_grid/AISIVI/Bnn_winered/20260501_174953/run.log,/root/ruivi/results/default_config_grid/AISIVI/Bnn_winered/20260501_174953/samples,45,completed,Bnn_winered,Bnn_winered,/root/ruivi/tb_logs/default_config_grid/AISIVI/Bnn_winered/20260501_174953,649.0352172851562,670.6115121208131
b010ea2ab4392a71ecc0220309d0019514943a3d4f812fe5d78a817caa75602e,0.059854064136743546,/root/ruivi/results/default_config_grid/AISIVI/Bnn_yacht/20260501_174953/checkpoints,b010ea2ab4392a71ecc0220309d0019514943a3d4f812fe5d78a817caa75602e,default-grid-effective-v1,configs/aisivi_Bnn_yacht.yaml,fresh,campaigns/default_config_grid/runtime/console_logs/seed45_aisivi_bnn_yacht.log,/root/ruivi/tb_logs/default_config_grid/AISIVI/Bnn_yacht/20260501_174953/extracted,2,,finalize_completed,3,10000,AISIVI,aisivi,,,,,,,,,,,,,,,,,,,587.2384126186371,9500,1.9709768295288086,1.97098@9500,10000,2.0177760124206543,610.3635749816895,9900,2.23077654838562,2.23078@9900,10000,2.266421318054199,,,,,,,/root/ruivi/results/default_config_grid/AISIVI/Bnn_yacht/20260501_174953/plots,/root/ruivi/results/default_config_grid/AISIVI/Bnn_yacht/20260501_174953,seed45_aisivi_bnn_yacht,/root/ruivi/results/default_config_grid/AISIVI/Bnn_yacht/20260501_174953/run.log,/root/ruivi/results/default_config_grid/AISIVI/Bnn_yacht/20260501_174953/samples,45,completed,Bnn_yacht,Bnn_yacht,/root/ruivi/tb_logs/default_config_grid/AISIVI/Bnn_yacht/20260501_174953,598.5406494140625,645.4524223841727
daff6c17db13455c3cb4d696e49f334ae7e7aaf794e5f815771d113883096636,0.06406555324792862,/root/ruivi/results/default_config_grid/AISIVI/Langevin_post/20260429_230724/checkpoints,daff6c17db13455c3cb4d696e49f334ae7e7aaf794e5f815771d113883096636,default-grid-effective-v1,configs/aisivi_Langevin_post.yaml,fresh,campaigns/default_config_grid/runtime/console_logs/seed45_aisivi_langevin_post.log,/root/ruivi/tb_logs/default_config_grid/AISIVI/Langevin_post/20260429_230724/extracted,2,,finalize_completed,2,10000,AISIVI,aisivi,386.1719400882721,5100,-197.04998779296875,-197.05@5100,10000,-202.10545349121094,481.1017475128174,6600,74.75634765625,74.7563@6600,10000,74.5835952758789,,,,,,,,,,,,,,,,,,,480.438086271286,6600,0.011811967007815838,0.011812@6600,10000,0.01331780944019556,/root/ruivi/results/default_config_grid/AISIVI/Langevin_post/20260429_230724/plots,/root/ruivi/results/default_config_grid/AISIVI/Langevin_post/20260429_230724,seed45_aisivi_langevin_post,/root/ruivi/results/default_config_grid/AISIVI/Langevin_post/20260429_230724/run.log,/root/ruivi/results/default_config_grid/AISIVI/Langevin_post/20260429_230724/samples,45,completed,Langevin_post,Langevin_post,/root/ruivi/tb_logs/default_config_grid/AISIVI/Langevin_post/20260429_230724,640.655517578125,709.6912218220532
6ca060ed17369f3d5b445709129349288b6fe08d8568e1e167c2fb2c84817912,0.03161465749144554,/root/ruivi/results/default_config_grid/AISIVI/LRwaveform/20260428_131854/checkpoints,6ca060ed17369f3d5b445709129349288b6fe08d8568e1e167c2fb2c84817912,default-grid-effective-v1,configs/aisivi_LRwaveform.yaml,fresh,campaigns/default_config_grid/runtime/console_logs/seed45_aisivi_lrwaveform.log,/root/ruivi/tb_logs/default_config_grid/AISIVI/LRwaveform/20260428_131854/extracted,1,,finalize_completed,2,10000,AISIVI,aisivi,19.0705988407135,200,32.059837341308594,32.0598@200,10000,1.227270483970642,,,,,,,,,,,,,,,,,,,,,,,,,,,,,,,/root/ruivi/results/default_config_grid/AISIVI/LRwaveform/20260428_131854/plots,/root/ruivi/results/default_config_grid/AISIVI/LRwaveform/20260428_131854,seed45_aisivi_lrwaveform,/root/ruivi/results/default_config_grid/AISIVI/LRwaveform/20260428_131854/run.log,/root/ruivi/results/default_config_grid/AISIVI/LRwaveform/20260428_131854/samples,45,completed,LRwaveform,LRwaveform,/root/ruivi/tb_logs/default_config_grid/AISIVI/LRwaveform/20260428_131854,316.1466064453125,441.829314365983
30113a929aa8a6d0a5a86d6e511d4824cc403ef5a1c8cbabff6260e6454641ea,0.03450886160135269,/root/ruivi/results/default_config_grid/AISIVI/multimodal/20260428_132615/checkpoints,2231ee415a173ae05ce72915c5fa7cbea61ef97afd63c14f40de647d24a04d11,default-grid-effective-v1,configs/aisivi_multimodal.yaml,fresh,campaigns/default_config_grid/runtime/console_logs/seed45_aisivi_multimodal.log,/root/ruivi/tb_logs/default_config_grid/AISIVI/multimodal/20260428_132615/extracted,1,,finalize_completed,2,10000,AISIVI,aisivi,297.84397315979004,8300,0.0008481838740408421,0.000848184@8300,10000,-0.00042114214738830924,,,,,,,263.39758253097534,7300,-0.020265525206923485,-0.0202655@7300,10000,0.020679235458374023,,,,,,,,,,,,,321.7448399066925,9000,0.019909346476197243,0.0199093@9000,10000,0.04864717647433281,/root/ruivi/results/default_config_grid/AISIVI/multimodal/20260428_132615/plots,/root/ruivi/results/default_config_grid/AISIVI/multimodal/20260428_132615,seed45_aisivi_multimodal,/root/ruivi/results/default_config_grid/AISIVI/multimodal/20260428_132615/run.log,/root/ruivi/results/default_config_grid/AISIVI/multimodal/20260428_132615/samples,45,completed,multimodal,multimodal,/root/ruivi/tb_logs/default_config_grid/AISIVI/multimodal/20260428_132615,345.0885925292969,450.0142328068614
c9e747d4a349fbe43f93c8a25784a26805e0d6338e373ee5b755bc9c9929ac52,0.034966155886650085,/root/ruivi/results/default_config_grid/AISIVI/student_uc/20260428_132638/checkpoints,a7e05b5b0b6663560d1e20f4795fbd40c4c5dbe780b5219c204c82b2392b1eaa,default-grid-effective-v1,configs/aisivi_student_uc.yaml,fresh,campaigns/default_config_grid/runtime/console_logs/seed45_aisivi_student_uc.log,/root/ruivi/tb_logs/default_config_grid/AISIVI/student_uc/20260428_132638/extracted,1,,finalize_completed,1,10000,AISIVI,aisivi,149.07822704315186,3900,-2.6754026412963867,-2.6754@3900,10000,-2.683445453643799,,,,,,,162.1578860282898,4300,-0.009621202014386654,-0.0096212@4300,10000,0.016741162165999413,,,,,,,,,,,,,228.72234439849854,6200,0.5768116116523743,0.576812@6200,10000,0.6047327518463135,/root/ruivi/results/default_config_grid/AISIVI/student_uc/20260428_132638/plots,/root/ruivi/results/default_config_grid/AISIVI/student_uc/20260428_132638,seed45_aisivi_student_uc,/root/ruivi/results/default_config_grid/AISIVI/student_uc/20260428_132638/run.log,/root/ruivi/results/default_config_grid/AISIVI/student_uc/20260428_132638/samples,45,completed,student_uc,student_uc,/root/ruivi/tb_logs/default_config_grid/AISIVI/student_uc/20260428_132638,349.66156005859375,427.65372194722295
ae7a7eefe26435673f53dd06aee2e79da8f1318703f4c8521c419acf12d1bd94,0.03382458537817001,/root/ruivi/results/default_config_grid/AISIVI/x_shaped/20260428_132642/checkpoints,75bf7da082bd73f625ca96ec6a0216156cb78430413badf3cc995eff4d8a5629,default-grid-effective-v1,configs/aisivi_x_shaped.yaml,fresh,campaigns/default_config_grid/runtime/console_logs/seed45_aisivi_x_shaped.log,/root/ruivi/tb_logs/default_config_grid/AISIVI/x_shaped/20260428_132642/extracted,1,,finalize_completed,3,10000,AISIVI,aisivi,280.5835359096527,8000,-0.16922971606254578,-0.16923@8000,10000,-0.1871485561132431,,,,,,,314.29266595840454,9000,0.13404478132724762,0.134045@9000,10000,0.16271214187145233,,,,,,,,,,,,,154.34944105148315,4300,0.3080085515975952,0.308009@4300,10000,0.3444792926311493,/root/ruivi/results/default_config_grid/AISIVI/x_shaped/20260428_132642/plots,/root/ruivi/results/default_config_grid/AISIVI/x_shaped/20260428_132642,seed45_aisivi_x_shaped,/root/ruivi/results/default_config_grid/AISIVI/x_shaped/20260428_132642/run.log,/root/ruivi/results/default_config_grid/AISIVI/x_shaped/20260428_132642/samples,45,completed,x_shaped,x_shaped,/root/ruivi/tb_logs/default_config_grid/AISIVI/x_shaped/20260428_132642,338.245849609375,423.5309118293226
11e0d027d9f43bd60d05b9faec333056b7d389db067931c7e1f00654108ffcb2,0.018080752342939377,/root/ruivi/results/default_config_grid/DSIVI/8_gaussians/20260428_133044/checkpoints,418fdde645d314da8f1a9b32454e9a36a3406fe350a85dbc486ae1f7f36792b8,default-grid-effective-v1,configs/dsivi_8_gaussians.yaml,fresh,campaigns/default_config_grid/runtime/console_logs/seed45_dsivi_8_gaussians.log,/root/ruivi/tb_logs/default_config_grid/DSIVI/8_gaussians/20260428_133044/extracted,1,,finalize_completed,0,10000,DSIVI,dsivi,160.51724648475647,8600,-0.24037030339241028,-0.24037@8600,10000,-0.2598772346973419,,,,,,,165.51092767715454,8900,0.2055041640996933,0.205504@8900,10000,0.21949608623981476,,,,,,,,,,,,,45.49100589752197,2300,0.20800545811653137,0.208005@2300,10000,0.6136248111724854,/root/ruivi/results/default_config_grid/DSIVI/8_gaussians/20260428_133044/plots,/root/ruivi/results/default_config_grid/DSIVI/8_gaussians/20260428_133044,seed45_dsivi_8_gaussians,/root/ruivi/results/default_config_grid/DSIVI/8_gaussians/20260428_133044/run.log,/root/ruivi/results/default_config_grid/DSIVI/8_gaussians/20260428_133044/samples,45,completed,8_gaussians,8_gaussians,/root/ruivi/tb_logs/default_config_grid/DSIVI/8_gaussians/20260428_133044,180.80751037597656,187.65233323723078
61b96576cf492c430b4a7d3dcc91105bbae828fe1656b060a9dec75f9ca4872e,0.017694998532533646,/root/ruivi/results/default_config_grid/DSIVI/banana/20260428_133346/checkpoints,45211fce6ede0605970bedd047db92d9363a7dcd5adcd6909093c0941b3a4e72,default-grid-effective-v1,configs/dsivi_banana.yaml,fresh,campaigns/default_config_grid/runtime/console_logs/seed45_dsivi_banana.log,/root/ruivi/tb_logs/default_config_grid/DSIVI/banana/20260428_133346/extracted,1,,finalize_completed,1,10000,DSIVI,dsivi,150.129789352417,8300,-0.020374907180666924,-0.0203749@8300,10000,-0.027518464252352715,,,,,,,116.26541185379028,6400,-0.00960515160113573,-0.00960515@6400,10000,0.009993202053010464,,,,,,,,,,,,,128.5659863948822,7100,0.05010974779725075,0.0501097@7100,10000,0.07471214234828949,/root/ruivi/results/default_config_grid/DSIVI/banana/20260428_133346/plots,/root/ruivi/results/default_config_grid/DSIVI/banana/20260428_133346,seed45_dsivi_banana,/root/ruivi/results/default_config_grid/DSIVI/banana/20260428_133346/run.log,/root/ruivi/results/default_config_grid/DSIVI/banana/20260428_133346/samples,45,completed,banana,banana,/root/ruivi/tb_logs/default_config_grid/DSIVI/banana/20260428_133346,176.94998168945312,225.9800867959857
a74c0f3c8a288e6415814ce7d1eac619f22a5df7a623a695fdbea20568a13628,0.011075621470808983,/root/ruivi/results/default_config_grid/DSIVI/Bnn_boston/20260428_133345/checkpoints,076fa33f4e40e665c093e6cec294955040df669fc01978dbc0db2c8c955e3391,default-grid-effective-v1,configs/dsivi_Bnn_boston.yaml,fresh,campaigns/default_config_grid/runtime/console_logs/seed45_dsivi_bnn_boston.log,/root/ruivi/tb_logs/default_config_grid/DSIVI/Bnn_boston/20260428_133345/extracted,1,,finalize_completed,2,10000,DSIVI,dsivi,,,,,,,,,,,,,,,,,,,108.75551295280457,8500,2.4481608867645264,2.44816@8500,10000,2.455047130584717,108.75546669960022,8500,2.5428364276885986,2.54284@8500,10000,2.577665328979492,,,,,,,/root/ruivi/results/default_config_grid/DSIVI/Bnn_boston/20260428_133345/plots,/root/ruivi/results/default_config_grid/DSIVI/Bnn_boston/20260428_133345,seed45_dsivi_bnn_boston,/root/ruivi/results/default_config_grid/DSIVI/Bnn_boston/20260428_133345/run.log,/root/ruivi/results/default_config_grid/DSIVI/Bnn_boston/20260428_133345/samples,45,completed,Bnn_boston,Bnn_boston,/root/ruivi/tb_logs/default_config_grid/DSIVI/Bnn_boston/20260428_133345,110.75621795654297,225.9855203591287
1099a52c251642e6cb8a89c47b78ac5e671ef1cd33b2e3b2c4d271a308ac18cf,0.010893103666603565,/root/ruivi/results/default_config_grid/DSIVI/Bnn_concrete/20260428_133346/checkpoints,d3c30577960e2e3dc3094b3c3a4ec45387ff38ce4c59085f06809f2938916fbe,default-grid-effective-v1,configs/dsivi_Bnn_concrete.yaml,fresh,campaigns/default_config_grid/runtime/console_logs/seed45_dsivi_bnn_concrete.log,/root/ruivi/tb_logs/default_config_grid/DSIVI/Bnn_concrete/20260428_133346/extracted,1,,finalize_completed,3,10000,DSIVI,dsivi,,,,,,,,,,,,,,,,,,,123.26817393302917,10000,3.263296127319336,3.2633@10000,10000,3.263296127319336,123.26813077926636,10000,6.247800827026367,6.2478@10000,10000,6.247800827026367,,,,,,,/root/ruivi/results/default_config_grid/DSIVI/Bnn_concrete/20260428_133346/plots,/root/ruivi/results/default_config_grid/DSIVI/Bnn_concrete/20260428_133346,seed45_dsivi_bnn_concrete,/root/ruivi/results/default_config_grid/DSIVI/Bnn_concrete/20260428_133346/run.log,/root/ruivi/results/default_config_grid/DSIVI/Bnn_concrete/20260428_133346/samples,45,completed,Bnn_concrete,Bnn_concrete,/root/ruivi/tb_logs/default_config_grid/DSIVI/Bnn_concrete/20260428_133346,108.93103790283203,225.99154290929437
0e9f1255c980a338d55187f462817f5449297e92c8473417f88ff824c802d03f,0.011652452871203423,/root/ruivi/results/default_config_grid/DSIVI/Bnn_power/20260428_133351/checkpoints,73369c2fb2a7a78ea5e32940eb558d378cb412ccb9f979821f3368da65b21ac0,default-grid-effective-v1,configs/dsivi_Bnn_power.yaml,fresh,campaigns/default_config_grid/runtime/console_logs/seed45_dsivi_bnn_power.log,/root/ruivi/tb_logs/default_config_grid/DSIVI/Bnn_power/20260428_133351/extracted,1,,finalize_completed,0,10000,DSIVI,dsivi,,,,,,,,,,,,,,,,,,,130.32902669906616,10000,2.7882561683654785,2.78826@10000,10000,2.7882561683654785,130.32898426055908,10000,3.9103965759277344,3.9104@10000,10000,3.9103965759277344,,,,,,,/root/ruivi/results/default_config_grid/DSIVI/Bnn_power/20260428_133351/plots,/root/ruivi/results/default_config_grid/DSIVI/Bnn_power/20260428_133351,seed45_dsivi_bnn_power,/root/ruivi/results/default_config_grid/DSIVI/Bnn_power/20260428_133351/run.log,/root/ruivi/results/default_config_grid/DSIVI/Bnn_power/20260428_133351/samples,45,completed,Bnn_power,Bnn_power,/root/ruivi/tb_logs/default_config_grid/DSIVI/Bnn_power/20260428_133351,116.52452850341797,219.8518632426858
7584b499585e972ee807aebcdf813f5ad6fe8e8e5c215994ca012642e2597c19,0.011875017546117306,/root/ruivi/results/default_config_grid/DSIVI/Bnn_protein/20260428_133732/checkpoints,e6c1163ca240b4c2c5ae5e33547a191f83d1bb176c759955cf2afb8bb70f9cdc,default-grid-effective-v1,configs/dsivi_Bnn_protein.yaml,fresh,campaigns/default_config_grid/runtime/console_logs/seed45_dsivi_bnn_protein.log,/root/ruivi/tb_logs/default_config_grid/DSIVI/Bnn_protein/20260428_133732/extracted,1,,finalize_completed,0,10000,DSIVI,dsivi,,,,,,,,,,,,,,,,,,,133.42753767967224,10000,2.926422357559204,2.92642@10000,10000,2.926422357559204,133.4274880886078,10000,4.488119602203369,4.48812@10000,10000,4.488119602203369,,,,,,,/root/ruivi/results/default_config_grid/DSIVI/Bnn_protein/20260428_133732/plots,/root/ruivi/results/default_config_grid/DSIVI/Bnn_protein/20260428_133732,seed45_dsivi_bnn_protein,/root/ruivi/results/default_config_grid/DSIVI/Bnn_protein/20260428_133732/run.log,/root/ruivi/results/default_config_grid/DSIVI/Bnn_protein/20260428_133732/samples,45,completed,Bnn_protein,Bnn_protein,/root/ruivi/tb_logs/default_config_grid/DSIVI/Bnn_protein/20260428_133732,118.75017547607422,227.9127702601254
fbb3e7b0cd88c1452e90818aa13380ac9ebd7fca14f378b92558b5cb8af3c6c3,0.011802681721746922,/root/ruivi/results/default_config_grid/DSIVI/Bnn_winered/20260501_175553/checkpoints,7a98cd1001242f9a5c648a9429d2afd58d77bc9d007369dd0244bcc7a3c70072,default-grid-effective-v1,configs/dsivi_Bnn_winered.yaml,fresh,campaigns/default_config_grid/runtime/console_logs/seed45_dsivi_bnn_winered.log,/root/ruivi/tb_logs/default_config_grid/DSIVI/Bnn_winered/20260501_175553/extracted,2,,finalize_completed,0,10000,DSIVI,dsivi,,,,,,,,,,,,,,,,,,,81.46070599555969,5400,0.901313304901123,0.901313@5400,10000,0.9062132835388184,74.6543869972229,4900,0.5962671637535095,0.596267@4900,10000,0.599128007888794,,,,,,,/root/ruivi/results/default_config_grid/DSIVI/Bnn_winered/20260501_175553/plots,/root/ruivi/results/default_config_grid/DSIVI/Bnn_winered/20260501_175553,seed45_dsivi_bnn_winered,/root/ruivi/results/default_config_grid/DSIVI/Bnn_winered/20260501_175553/run.log,/root/ruivi/results/default_config_grid/DSIVI/Bnn_winered/20260501_175553/samples,45,completed,Bnn_winered,Bnn_winered,/root/ruivi/tb_logs/default_config_grid/DSIVI/Bnn_winered/20260501_175553,118.02681732177734,285.2603630013764
fc9de83731fee2c0457c2fa55d9d010de52b62e57c2d876b20ceb98f751cf395,0.011707935482263565,/root/ruivi/results/default_config_grid/DSIVI/Bnn_yacht/20260501_175655/checkpoints,81198509d085e84c1ee03c612692088780ed7e3437acfc1f1532da8ce4e49e65,default-grid-effective-v1,configs/dsivi_Bnn_yacht.yaml,fresh,campaigns/default_config_grid/runtime/console_logs/seed45_dsivi_bnn_yacht.log,/root/ruivi/tb_logs/default_config_grid/DSIVI/Bnn_yacht/20260501_175655/extracted,2,,finalize_completed,1,10000,DSIVI,dsivi,,,,,,,,,,,,,,,,,,,87.2169783115387,6400,1.1697759628295898,1.16978@6400,10000,1.2411770820617676,112.64081382751465,8500,1.032086730003357,1.03209@8500,10000,1.0758001804351807,,,,,,,/root/ruivi/results/default_config_grid/DSIVI/Bnn_yacht/20260501_175655/plots,/root/ruivi/results/default_config_grid/DSIVI/Bnn_yacht/20260501_175655,seed45_dsivi_bnn_yacht,/root/ruivi/results/default_config_grid/DSIVI/Bnn_yacht/20260501_175655/run.log,/root/ruivi/results/default_config_grid/DSIVI/Bnn_yacht/20260501_175655/samples,45,completed,Bnn_yacht,Bnn_yacht,/root/ruivi/tb_logs/default_config_grid/DSIVI/Bnn_yacht/20260501_175655,117.07936096191406,223.4573916979134
5d4df84a1c13c8b776f8684760e65d5960877ddbf2608b01a6c3a8ccce86b36d,0.030281219631433487,/root/ruivi/results/default_config_grid/DSIVI/Langevin_post/20260429_230724/checkpoints,edfb662c041912bbdf94be50a82860d879875e95d9607bdd4d4cffff392def99,default-grid-effective-v1,configs/dsivi_Langevin_post.yaml,fresh,campaigns/default_config_grid/runtime/console_logs/seed45_dsivi_langevin_post.log,/root/ruivi/tb_logs/default_config_grid/DSIVI/Langevin_post/20260429_230724/extracted,2,,finalize_completed,3,10000,DSIVI,dsivi,150.46891474723816,4300,-189.1190643310547,-189.119@4300,10000,-195.5607147216797,320.9945249557495,10000,74.9972152709961,74.9972@10000,10000,74.9972152709961,,,,,,,,,,,,,,,,,,,314.85689187049866,9800,0.009923039935529232,0.00992304@9800,10000,0.010077095590531826,/root/ruivi/results/default_config_grid/DSIVI/Langevin_post/20260429_230724/plots,/root/ruivi/results/default_config_grid/DSIVI/Langevin_post/20260429_230724,seed45_dsivi_langevin_post,/root/ruivi/results/default_config_grid/DSIVI/Langevin_post/20260429_230724/run.log,/root/ruivi/results/default_config_grid/DSIVI/Langevin_post/20260429_230724/samples,45,completed,Langevin_post,Langevin_post,/root/ruivi/tb_logs/default_config_grid/DSIVI/Langevin_post/20260429_230724,302.81219482421875,327.45484882965684
b5830af2234867d7f4bfbfa1c9f43ccf16443889abb346f3d84620916cfdcd03,0.019178245216608047,/root/ruivi/results/default_config_grid/DSIVI/LRwaveform/20260428_134120/checkpoints,9b3a4ffcfc5f06f2b5ca3dcbce4396f69632780fbaac959aad6fae18e29de522,default-grid-effective-v1,configs/dsivi_LRwaveform.yaml,fresh,campaigns/default_config_grid/runtime/console_logs/seed45_dsivi_lrwaveform.log,/root/ruivi/tb_logs/default_config_grid/DSIVI/LRwaveform/20260428_134120/extracted,1,,finalize_completed,0,10000,DSIVI,dsivi,10.307812690734863,200,32.085994720458984,32.086@200,10000,-23.596878051757812,,,,,,,,,,,,,,,,,,,,,,,,,,,,,,,/root/ruivi/results/default_config_grid/DSIVI/LRwaveform/20260428_134120/plots,/root/ruivi/results/default_config_grid/DSIVI/LRwaveform/20260428_134120,seed45_dsivi_lrwaveform,/root/ruivi/results/default_config_grid/DSIVI/LRwaveform/20260428_134120/run.log,/root/ruivi/results/default_config_grid/DSIVI/LRwaveform/20260428_134120/samples,45,completed,LRwaveform,LRwaveform,/root/ruivi/tb_logs/default_config_grid/DSIVI/LRwaveform/20260428_134120,191.78245544433594,231.72764326632023
5c2f514f7907dd38ac0ac5331413768d0d55353c25e2098880c6c67e062edfd6,0.01826758310198784,/root/ruivi/results/default_config_grid/DSIVI/multimodal/20260428_134120/checkpoints,b21afa0dbdd3dd6c984260fa1fb4f3a7d4657dc85335b669f6102a1d7a939b2c,default-grid-effective-v1,configs/dsivi_multimodal.yaml,fresh,campaigns/default_config_grid/runtime/console_logs/seed45_dsivi_multimodal.log,/root/ruivi/tb_logs/default_config_grid/DSIVI/multimodal/20260428_134120/extracted,1,,finalize_completed,1,10000,DSIVI,dsivi,164.04309606552124,8700,0.0005639206501655281,0.000563921@8700,10000,-0.0013817480066791177,,,,,,,161.98184370994568,8600,-0.02159874513745308,-0.0215987@8600,10000,0.0014422558015212417,,,,,,,,,,,,,112.8088309764862,5900,0.017633285373449326,0.0176333@5900,10000,0.05619791895151138,/root/ruivi/results/default_config_grid/DSIVI/multimodal/20260428_134120/plots,/root/ruivi/results/default_config_grid/DSIVI/multimodal/20260428_134120,seed45_dsivi_multimodal,/root/ruivi/results/default_config_grid/DSIVI/multimodal/20260428_134120/run.log,/root/ruivi/results/default_config_grid/DSIVI/multimodal/20260428_134120/samples,45,completed,multimodal,multimodal,/root/ruivi/tb_logs/default_config_grid/DSIVI/multimodal/20260428_134120,182.6758270263672,231.7349730245769
3f1afc6aebbd8802722a2cf42d95ce7aebc0781b5f0c4465f4ab69a560609d0a,0.017850719392299652,/root/ruivi/results/default_config_grid/DSIVI/student_uc/20260428_134120/checkpoints,9bbc776e18c726d498d28bd771c2b065d77bebf263d397a07ca0c72df4e0040c,default-grid-effective-v1,configs/dsivi_student_uc.yaml,fresh,campaigns/default_config_grid/runtime/console_logs/seed45_dsivi_student_uc.log,/root/ruivi/tb_logs/default_config_grid/DSIVI/student_uc/20260428_134120/extracted,1,,finalize_completed,2,10000,DSIVI,dsivi,87.46000909805298,4600,-2.6789989471435547,-2.679@4600,10000,-2.6963908672332764,,,,,,,154.2962408065796,8400,0.00019216749933548272,0.000192167@8400,10000,0.01311730407178402,,,,,,,,,,,,,148.7323727607727,8100,0.5790273547172546,0.579027@8100,10000,0.59868985414505,/root/ruivi/results/default_config_grid/DSIVI/student_uc/20260428_134120/plots,/root/ruivi/results/default_config_grid/DSIVI/student_uc/20260428_134120,seed45_dsivi_student_uc,/root/ruivi/results/default_config_grid/DSIVI/student_uc/20260428_134120/run.log,/root/ruivi/results/default_config_grid/DSIVI/student_uc/20260428_134120/samples,45,completed,student_uc,student_uc,/root/ruivi/tb_logs/default_config_grid/DSIVI/student_uc/20260428_134120,178.50718688964844,231.75822925940156
68985924b76a6738eb0e38ffb2f587ee552b9bcd8c7aa42f0863416ea3fbce96,0.017804419621825218,/root/ruivi/results/default_config_grid/DSIVI/x_shaped/20260428_134512/checkpoints,a656dd9108f2a44fda571510398cd6bccf0d7af6c5bbfc950ff79a3f3d9ae7ad,default-grid-effective-v1,configs/dsivi_x_shaped.yaml,fresh,campaigns/default_config_grid/runtime/console_logs/seed45_dsivi_x_shaped.log,/root/ruivi/tb_logs/default_config_grid/DSIVI/x_shaped/20260428_134512/extracted,1,,finalize_completed,0,10000,DSIVI,dsivi,124.05658411979675,6600,-0.011884767562150955,-0.0118848@6600,10000,-0.01832590438425541,,,,,,,152.4580385684967,8200,-0.010225151665508747,-0.0102252@8200,10000,0.007612324319779873,,,,,,,,,,,,,181.84326720237732,9900,0.04008544236421585,0.0400854@9900,10000,0.06143655627965927,/root/ruivi/results/default_config_grid/DSIVI/x_shaped/20260428_134512/plots,/root/ruivi/results/default_config_grid/DSIVI/x_shaped/20260428_134512,seed45_dsivi_x_shaped,/root/ruivi/results/default_config_grid/DSIVI/x_shaped/20260428_134512/run.log,/root/ruivi/results/default_config_grid/DSIVI/x_shaped/20260428_134512/samples,45,completed,x_shaped,x_shaped,/root/ruivi/tb_logs/default_config_grid/DSIVI/x_shaped/20260428_134512,178.044189453125,234.99177061393857
4202dd2d6e80b774e14a3d385e03e6612ee4d8164883498ba4c3668319f0f2a9,0.006262237671762705,/root/ruivi/results/default_config_grid/KSIVI/8_gaussians/20260428_134512/checkpoints,efd50662112de738d3f7f599f5465836a61e45e96a74edcf3032ddddfa3ce8cb,default-grid-effective-v1,configs/ksivi_8_gaussians.yaml,fresh,campaigns/default_config_grid/runtime/console_logs/seed45_ksivi_8_gaussians.log,/root/ruivi/tb_logs/default_config_grid/KSIVI/8_gaussians/20260428_134512/extracted,1,,finalize_completed,1,50000,KSIVI,ksivi,273.7157702445984,43000,-0.6609987020492554,-0.660999@43000,50000,-0.737472414970398,,,,,,,224.12379908561707,35000,0.6506854295730591,0.650685@35000,50000,0.7085726857185364,,,,,,,,,,,,,304.7920036315918,48000,0.31760209798812866,0.317602@48000,50000,0.3606904149055481,/root/ruivi/results/default_config_grid/KSIVI/8_gaussians/20260428_134512/plots,/root/ruivi/results/default_config_grid/KSIVI/8_gaussians/20260428_134512,seed45_ksivi_8_gaussians,/root/ruivi/results/default_config_grid/KSIVI/8_gaussians/20260428_134512/run.log,/root/ruivi/results/default_config_grid/KSIVI/8_gaussians/20260428_134512/samples,45,completed,8_gaussians,8_gaussians,/root/ruivi/tb_logs/default_config_grid/KSIVI/8_gaussians/20260428_134512,313.11187744140625,470.4522019214928
d0c7d5ef563e65eaaa0f9a8f38685ec5c7dc3e63d013082f3316bbbf7c6cc214,0.0066655720584094524,/root/ruivi/results/default_config_grid/KSIVI/banana/20260428_134512/checkpoints,05e05487f4533e4796d90093d9a739306ae265728c4e9b99825f66bcb2b251cd,default-grid-effective-v1,configs/ksivi_banana.yaml,fresh,campaigns/default_config_grid/runtime/console_logs/seed45_ksivi_banana.log,/root/ruivi/tb_logs/default_config_grid/KSIVI/banana/20260428_134512/extracted,1,,finalize_completed,2,50000,KSIVI,ksivi,333.80136227607727,49500,-0.05194499343633652,-0.051945@49500,50000,-0.058891817927360535,,,,,,,296.1867837905884,44000,0.0321885421872139,0.0321885@44000,50000,0.05653081089258194,,,,,,,,,,,,,46.71279191970825,6500,0.5209646224975586,0.520965@6500,50000,0.627402663230896,/root/ruivi/results/default_config_grid/KSIVI/banana/20260428_134512/plots,/root/ruivi/results/default_config_grid/KSIVI/banana/20260428_134512,seed45_ksivi_banana,/root/ruivi/results/default_config_grid/KSIVI/banana/20260428_134512/run.log,/root/ruivi/results/default_config_grid/KSIVI/banana/20260428_134512/samples,45,completed,banana,banana,/root/ruivi/tb_logs/default_config_grid/KSIVI/banana/20260428_134512,333.2785949707031,470.47820295393467
7ea47994a7cda87a3a33a373b90926f5c8ddc0b8460dc15e6574fada0b8462d3,0.00982406735420227,/root/ruivi/results/default_config_grid/KSIVI/Bnn_boston/20260428_134512/checkpoints,7ea47994a7cda87a3a33a373b90926f5c8ddc0b8460dc15e6574fada0b8462d3,default-grid-effective-v1,configs/ksivi_Bnn_boston.yaml,fresh,campaigns/default_config_grid/runtime/console_logs/seed45_ksivi_bnn_boston.log,/root/ruivi/tb_logs/default_config_grid/KSIVI/Bnn_boston/20260428_134512/extracted,1,,finalize_completed,3,100000,KSIVI,ksivi,,,,,,,,,,,,,,,,,,,23.381748914718628,2000,2.4736838340759277,2.47368@2000,100000,2.495776653289795,23.38171124458313,2000,2.633009672164917,2.63301@2000,100000,2.747645378112793,,,,,,,/root/ruivi/results/default_config_grid/KSIVI/Bnn_boston/20260428_134512/plots,/root/ruivi/results/default_config_grid/KSIVI/Bnn_boston/20260428_134512,seed45_ksivi_bnn_boston,/root/ruivi/results/default_config_grid/KSIVI/Bnn_boston/20260428_134512/run.log,/root/ruivi/results/default_config_grid/KSIVI/Bnn_boston/20260428_134512/samples,45,completed,Bnn_boston,Bnn_boston,/root/ruivi/tb_logs/default_config_grid/KSIVI/Bnn_boston/20260428_134512,982.4067993164062,990.4316179193556
fd56b611a2b6e9b8382d4de1347c78a53830c2468bd89d2cbe20af872a89b7de,0.010276850312948227,/root/ruivi/results/default_config_grid/KSIVI/Bnn_concrete/20260428_134907/checkpoints,fd56b611a2b6e9b8382d4de1347c78a53830c2468bd89d2cbe20af872a89b7de,default-grid-effective-v1,configs/ksivi_Bnn_concrete.yaml,fresh,campaigns/default_config_grid/runtime/console_logs/seed45_ksivi_bnn_concrete.log,/root/ruivi/tb_logs/default_config_grid/KSIVI/Bnn_concrete/20260428_134907/extracted,1,,finalize_completed,0,100000,KSIVI,ksivi,,,,,,,,,,,,,,,,,,,709.537237405777,69000,3.2626051902770996,3.26261@69000,100000,3.271388292312622,958.5945448875427,93000,6.334667682647705,6.33467@93000,100000,6.402406215667725,,,,,,,/root/ruivi/results/default_config_grid/KSIVI/Bnn_concrete/20260428_134907/plots,/root/ruivi/results/default_config_grid/KSIVI/Bnn_concrete/20260428_134907,seed45_ksivi_bnn_concrete,/root/ruivi/results/default_config_grid/KSIVI/Bnn_concrete/20260428_134907/run.log,/root/ruivi/results/default_config_grid/KSIVI/Bnn_concrete/20260428_134907/samples,45,completed,Bnn_concrete,Bnn_concrete,/root/ruivi/tb_logs/default_config_grid/KSIVI/Bnn_concrete/20260428_134907,1027.68505859375,1190.5225315243006
b1adeb56c49a4e5e7dc7194fc82929d80d06682dbaa007fc0999ac8206505574,0.010361009277403355,/root/ruivi/results/default_config_grid/KSIVI/Bnn_power/20260428_135303/checkpoints,b1adeb56c49a4e5e7dc7194fc82929d80d06682dbaa007fc0999ac8206505574,default-grid-effective-v1,configs/ksivi_Bnn_power.yaml,fresh,campaigns/default_config_grid/runtime/console_logs/seed45_ksivi_bnn_power.log,/root/ruivi/tb_logs/default_config_grid/KSIVI/Bnn_power/20260428_135303/extracted,1,,finalize_completed,1,100000,KSIVI,ksivi,,,,,,,,,,,,,,,,,,,553.8026566505432,53000,2.800956964492798,2.80096@53000,100000,2.801325798034668,47.75801467895508,4000,3.9430789947509766,3.94308@4000,100000,3.953104019165039,,,,,,,/root/ruivi/results/default_config_grid/KSIVI/Bnn_power/20260428_135303/plots,/root/ruivi/results/default_config_grid/KSIVI/Bnn_power/20260428_135303,seed45_ksivi_bnn_power,/root/ruivi/results/default_config_grid/KSIVI/Bnn_power/20260428_135303/run.log,/root/ruivi/results/default_config_grid/KSIVI/Bnn_power/20260428_135303/samples,45,completed,Bnn_power,Bnn_power,/root/ruivi/tb_logs/default_config_grid/KSIVI/Bnn_power/20260428_135303,1036.1009521484375,1195.447408478707
678f2026424d63887fb6d6eae4444c293a9712a0bb71a1605cb307bd1c7db22d,0.010191590525209904,/root/ruivi/results/default_config_grid/KSIVI/Bnn_protein/20260428_135302/checkpoints,678f2026424d63887fb6d6eae4444c293a9712a0bb71a1605cb307bd1c7db22d,default-grid-effective-v1,configs/ksivi_Bnn_protein.yaml,fresh,campaigns/default_config_grid/runtime/console_logs/seed45_ksivi_bnn_protein.log,/root/ruivi/tb_logs/default_config_grid/KSIVI/Bnn_protein/20260428_135302/extracted,1,,finalize_completed,2,100000,KSIVI,ksivi,,,,,,,,,,,,,,,,,,,872.9912679195404,85000,3.0214624404907227,3.02146@85000,100000,3.022007703781128,872.9912285804749,85000,4.969308853149414,4.96931@85000,100000,4.971338272094727,,,,,,,/root/ruivi/results/default_config_grid/KSIVI/Bnn_protein/20260428_135302/plots,/root/ruivi/results/default_config_grid/KSIVI/Bnn_protein/20260428_135302,seed45_ksivi_bnn_protein,/root/ruivi/results/default_config_grid/KSIVI/Bnn_protein/20260428_135302/run.log,/root/ruivi/results/default_config_grid/KSIVI/Bnn_protein/20260428_135302/samples,45,completed,Bnn_protein,Bnn_protein,/root/ruivi/tb_logs/default_config_grid/KSIVI/Bnn_protein/20260428_135302,1019.1590576171875,1195.43589515239
b9bda876afa10c839691dad347c995b77e41be813746e59a8377e7fc075be8ef,0.010088912211358547,/root/ruivi/results/default_config_grid/KSIVI/Bnn_winered/20260501_180039/checkpoints,b9bda876afa10c839691dad347c995b77e41be813746e59a8377e7fc075be8ef,default-grid-effective-v1,configs/ksivi_Bnn_winered.yaml,fresh,campaigns/default_config_grid/runtime/console_logs/seed45_ksivi_bnn_winered.log,/root/ruivi/tb_logs/default_config_grid/KSIVI/Bnn_winered/20260501_180039/extracted,2,,finalize_completed,0,100000,KSIVI,ksivi,,,,,,,,,,,,,,,,,,,376.4879643917084,37000,0.9019103050231934,0.90191@37000,100000,0.9119906425476074,296.480859041214,29000,0.5994830131530762,0.599483@29000,100000,0.6024247407913208,,,,,,,/root/ruivi/results/default_config_grid/KSIVI/Bnn_winered/20260501_180039/plots,/root/ruivi/results/default_config_grid/KSIVI/Bnn_winered/20260501_180039,seed45_ksivi_bnn_winered,/root/ruivi/results/default_config_grid/KSIVI/Bnn_winered/20260501_180039/run.log,/root/ruivi/results/default_config_grid/KSIVI/Bnn_winered/20260501_180039/samples,45,completed,Bnn_winered,Bnn_winered,/root/ruivi/tb_logs/default_config_grid/KSIVI/Bnn_winered/20260501_180039,1008.8912353515625,1016.6892550848424
f2532de42c6bb46a75fabdb9f5050de662e733bd0106f3112c28655968ed70fc,0.01076669804751873,/root/ruivi/results/default_config_grid/KSIVI/Bnn_yacht/20260501_180039/checkpoints,f2532de42c6bb46a75fabdb9f5050de662e733bd0106f3112c28655968ed70fc,default-grid-effective-v1,configs/ksivi_Bnn_yacht.yaml,fresh,campaigns/default_config_grid/runtime/console_logs/seed45_ksivi_bnn_yacht.log,/root/ruivi/tb_logs/default_config_grid/KSIVI/Bnn_yacht/20260501_180039/extracted,2,,finalize_completed,1,100000,KSIVI,ksivi,,,,,,,,,,,,,,,,,,,1080.8203723430634,100000,1.4769868850708008,1.47699@100000,100000,1.4769868850708008,1060.7188107967377,98000,0.9613015651702881,0.961302@98000,100000,1.010289192199707,,,,,,,/root/ruivi/results/default_config_grid/KSIVI/Bnn_yacht/20260501_180039/plots,/root/ruivi/results/default_config_grid/KSIVI/Bnn_yacht/20260501_180039,seed45_ksivi_bnn_yacht,/root/ruivi/results/default_config_grid/KSIVI/Bnn_yacht/20260501_180039/run.log,/root/ruivi/results/default_config_grid/KSIVI/Bnn_yacht/20260501_180039/samples,45,completed,Bnn_yacht,Bnn_yacht,/root/ruivi/tb_logs/default_config_grid/KSIVI/Bnn_yacht/20260501_180039,1076.6697998046875,1084.8300539180636
70765b59179253e67f8587e4e8c68d82ed3160da50d401ea617584c9356a6e36,0.009819324128329754,/root/ruivi/results/default_config_grid/KSIVI/Langevin_post/20260429_231258/checkpoints,70765b59179253e67f8587e4e8c68d82ed3160da50d401ea617584c9356a6e36,default-grid-effective-v1,configs/ksivi_Langevin_post.yaml,fresh,campaigns/default_config_grid/runtime/console_logs/seed45_ksivi_langevin_post.log,/root/ruivi/tb_logs/default_config_grid/KSIVI/Langevin_post/20260429_231258/extracted,2,,finalize_completed,3,50000,KSIVI,ksivi,208.8972589969635,21000,-182.8380126953125,-182.838@21000,50000,-186.911376953125,100.70492506027222,10000,73.97779846191406,73.9778@10000,50000,70.82769012451172,,,,,,,,,,,,,,,,,,,110.8309109210968,11000,0.01788143999874592,0.0178814@11000,50000,0.022014915943145752,/root/ruivi/results/default_config_grid/KSIVI/Langevin_post/20260429_231258/plots,/root/ruivi/results/default_config_grid/KSIVI/Langevin_post/20260429_231258,seed45_ksivi_langevin_post,/root/ruivi/results/default_config_grid/KSIVI/Langevin_post/20260429_231258/run.log,/root/ruivi/results/default_config_grid/KSIVI/Langevin_post/20260429_231258/samples,45,completed,Langevin_post,Langevin_post,/root/ruivi/tb_logs/default_config_grid/KSIVI/Langevin_post/20260429_231258,490.9661865234375,499.2211798541248
cb97646e954b23d5db5672efcb24bd0f3f7d03f2fe4682b9a26485659a53c1b5,0.006194069981575012,/root/ruivi/results/default_config_grid/KSIVI/LRwaveform/20260428_141258/checkpoints,cb97646e954b23d5db5672efcb24bd0f3f7d03f2fe4682b9a26485659a53c1b5,default-grid-effective-v1,configs/ksivi_LRwaveform.yaml,fresh,campaigns/default_config_grid/runtime/console_logs/seed45_ksivi_lrwaveform.log,/root/ruivi/tb_logs/default_config_grid/KSIVI/LRwaveform/20260428_141258/extracted,1,,finalize_completed,2,50000,KSIVI,ksivi,7.372605323791504,500,25.50909423828125,25.5091@500,50000,-15.4489107131958,,,,,,,,,,,,,,,,,,,,,,,,,,,,,,,/root/ruivi/results/default_config_grid/KSIVI/LRwaveform/20260428_141258/plots,/root/ruivi/results/default_config_grid/KSIVI/LRwaveform/20260428_141258,seed45_ksivi_lrwaveform,/root/ruivi/results/default_config_grid/KSIVI/LRwaveform/20260428_141258/run.log,/root/ruivi/results/default_config_grid/KSIVI/LRwaveform/20260428_141258/samples,45,completed,LRwaveform,LRwaveform,/root/ruivi/tb_logs/default_config_grid/KSIVI/LRwaveform/20260428_141258,309.7034912109375,478.09421706199646
2943ecbbeef6fd371307b082e62988574e4021ef18206abae4efd71bd8c58188,0.007073539774864912,/root/ruivi/results/default_config_grid/KSIVI/multimodal/20260428_142055/checkpoints,7ebdc263b52ed30595706722dcbfc4f4822e13cc8645c82932a55f5bddd55375,default-grid-effective-v1,configs/ksivi_multimodal.yaml,fresh,campaigns/default_config_grid/runtime/console_logs/seed45_ksivi_multimodal.log,/root/ruivi/tb_logs/default_config_grid/KSIVI/multimodal/20260428_142055/extracted,1,,finalize_completed,2,50000,KSIVI,ksivi,303.93618750572205,42500,-0.003417401108890772,-0.0034174@42500,50000,-0.006512905936688185,,,,,,,325.020681142807,45500,-0.004689380526542664,-0.00468938@45500,50000,0.023275185376405716,,,,,,,,,,,,,224.586017370224,31500,0.029585395008325577,0.0295854@31500,50000,0.055614106357097626,/root/ruivi/results/default_config_grid/KSIVI/multimodal/20260428_142055/plots,/root/ruivi/results/default_config_grid/KSIVI/multimodal/20260428_142055,seed45_ksivi_multimodal,/root/ruivi/results/default_config_grid/KSIVI/multimodal/20260428_142055/run.log,/root/ruivi/results/default_config_grid/KSIVI/multimodal/20260428_142055/samples,45,completed,multimodal,multimodal,/root/ruivi/tb_logs/default_config_grid/KSIVI/multimodal/20260428_142055,353.677001953125,481.5561310313642
b4bcfb56a82e1ed7b59dc9862038dd1187003fbcf23ac13d362f0dec15f27e98,0.006610122974961996,/root/ruivi/results/default_config_grid/KSIVI/student_uc/20260428_142056/checkpoints,07224d2954088aa9a857d4be5372a8490e6dd87266ceda40d32bbcdf21b96851,default-grid-effective-v1,configs/ksivi_student_uc.yaml,fresh,campaigns/default_config_grid/runtime/console_logs/seed45_ksivi_student_uc.log,/root/ruivi/tb_logs/default_config_grid/KSIVI/student_uc/20260428_142056/extracted,1,,finalize_completed,3,50000,KSIVI,ksivi,7.550372838973999,500,-7.001273155212402,-7.00127@500,50000,-11.378317832946777,,,,,,,7.254607200622559,500,3.934814691543579,3.93481@500,50000,6.4266252517700195,,,,,,,,,,,,,7.2951483726501465,500,3.127676010131836,3.12768@500,50000,13.568934440612793,/root/ruivi/results/default_config_grid/KSIVI/student_uc/20260428_142056/plots,/root/ruivi/results/default_config_grid/KSIVI/student_uc/20260428_142056,seed45_ksivi_student_uc,/root/ruivi/results/default_config_grid/KSIVI/student_uc/20260428_142056/run.log,/root/ruivi/results/default_config_grid/KSIVI/student_uc/20260428_142056/samples,45,completed,student_uc,student_uc,/root/ruivi/tb_logs/default_config_grid/KSIVI/student_uc/20260428_142056,330.5061340332031,481.5641888603568
37a0400c6b353dd7cf0601acddd0c0c2fe3fa67d303ddccbedd9f46188f7dae4,0.008085833862423897,/root/ruivi/results/default_config_grid/KSIVI/x_shaped/20260428_142130/checkpoints,d04dedfc1f4efc48d4edbebab9466c89c4c8add2d12615690d60d1c82ea22754,default-grid-effective-v1,configs/ksivi_x_shaped.yaml,fresh,campaigns/default_config_grid/runtime/console_logs/seed45_ksivi_x_shaped.log,/root/ruivi/tb_logs/default_config_grid/KSIVI/x_shaped/20260428_142130/extracted,1,,finalize_completed,1,50000,KSIVI,ksivi,311.92195892333984,38500,-0.17176714539527893,-0.171767@38500,50000,-0.19416767358779907,,,,,,,345.6103444099426,42500,0.12910804152488708,0.129108@42500,50000,0.16338148713111877,,,,,,,,,,,,,303.5192782878876,37500,0.4606107175350189,0.460611@37500,50000,0.47081151604652405,/root/ruivi/results/default_config_grid/KSIVI/x_shaped/20260428_142130/plots,/root/ruivi/results/default_config_grid/KSIVI/x_shaped/20260428_142130,seed45_ksivi_x_shaped,/root/ruivi/results/default_config_grid/KSIVI/x_shaped/20260428_142130/run.log,/root/ruivi/results/default_config_grid/KSIVI/x_shaped/20260428_142130/samples,45,completed,x_shaped,x_shaped,/root/ruivi/tb_logs/default_config_grid/KSIVI/x_shaped/20260428_142130,404.29168701171875,446.96207865327597
b954b5cfc60642e51454ab66ef3115467daa1d29a6815b5c62c6d50e697967cd,0.015323370695114136,/root/ruivi/results/default_config_grid/SIVI/8_gaussians/20260428_113846/checkpoints,b600fc4fb1000c68b12da44f253a84f27a6b5bf5b55c3f7ac6ff931c796ca4d0,default-grid-effective-v1,configs/sivi_8_gaussians.yaml,fresh,campaigns/default_config_grid/runtime/console_logs/seed45_sivi_8_gaussians.log,/root/ruivi/tb_logs/default_config_grid/SIVI/8_gaussians/20260428_113846/extracted,1,,finalize_completed,3,10000,SIVI,sivi,155.52536034584045,9900,-0.18761441111564636,-0.187614@9900,10000,-0.19429628551006317,,,,,,,146.1590793132782,9300,0.16017773747444153,0.160178@9300,10000,0.18481969833374023,,,,,,,,,,,,,149.22387075424194,9500,0.13395659625530243,0.133957@9500,10000,0.14092451333999634,/root/ruivi/results/default_config_grid/SIVI/8_gaussians/20260428_113846/plots,/root/ruivi/results/default_config_grid/SIVI/8_gaussians/20260428_113846,seed45_sivi_8_gaussians,/root/ruivi/results/default_config_grid/SIVI/8_gaussians/20260428_113846/run.log,/root/ruivi/results/default_config_grid/SIVI/8_gaussians/20260428_113846/samples,45,completed,8_gaussians,8_gaussians,/root/ruivi/tb_logs/default_config_grid/SIVI/8_gaussians/20260428_113846,153.23370361328125,193.7860744819045
1dfc183278834da8e8ba859e6111a3287e3c9f57601d6c1a1bdd46c2f733b6c9,0.015247585251927376,/root/ruivi/results/default_config_grid/SIVI/banana/20260428_114159/checkpoints,10cb72f434ee5e4442bdb3545f652a71637b38667fa8818b0014eb0cad4c4f6e,default-grid-effective-v1,configs/sivi_banana.yaml,fresh,campaigns/default_config_grid/runtime/console_logs/seed45_sivi_banana.log,/root/ruivi/tb_logs/default_config_grid/SIVI/banana/20260428_114159/extracted,1,,finalize_completed,2,10000,SIVI,sivi,125.9089126586914,8000,-0.00175332254730165,-0.00175332@8000,10000,-0.004992910660803318,,,,,,,98.368079662323,6200,-0.019746724516153336,-0.0197467@6200,10000,-0.006719534285366535,,,,,,,,,,,,,92.25547528266907,5800,0.03690413758158684,0.0369041@5800,10000,0.05191049352288246,/root/ruivi/results/default_config_grid/SIVI/banana/20260428_114159/plots,/root/ruivi/results/default_config_grid/SIVI/banana/20260428_114159,seed45_sivi_banana,/root/ruivi/results/default_config_grid/SIVI/banana/20260428_114159/run.log,/root/ruivi/results/default_config_grid/SIVI/banana/20260428_114159/samples,45,completed,banana,banana,/root/ruivi/tb_logs/default_config_grid/SIVI/banana/20260428_114159,152.47584533691406,198.02046959847212
679615634ba379ff0e5dc7d8e5a045c3b37451b52c66463f4f1bc09531b3496b,0.0554141141474247,/root/ruivi/results/default_config_grid/SIVI/Bnn_boston/20260501_170117/checkpoints,679615634ba379ff0e5dc7d8e5a045c3b37451b52c66463f4f1bc09531b3496b,default-grid-effective-v1,configs/sivi_Bnn_boston.yaml,fresh,campaigns/default_config_grid/runtime/console_logs/seed45_sivi_bnn_boston.log,/root/ruivi/tb_logs/default_config_grid/SIVI/Bnn_boston/20260501_170117/extracted,2,,finalize_completed,3,10000,SIVI,sivi,,,,,,,,,,,,,,,,,,,514.2972464561462,9200,2.4976143836975098,2.49761@9200,10000,2.4983227252960205,536.0568792819977,9600,2.693014144897461,2.69301@9600,10000,2.702103614807129,,,,,,,/root/ruivi/results/default_config_grid/SIVI/Bnn_boston/20260501_170117/plots,/root/ruivi/results/default_config_grid/SIVI/Bnn_boston/20260501_170117,seed45_sivi_bnn_boston,/root/ruivi/results/default_config_grid/SIVI/Bnn_boston/20260501_170117/run.log,/root/ruivi/results/default_config_grid/SIVI/Bnn_boston/20260501_170117/samples,45,completed,Bnn_boston,Bnn_boston,/root/ruivi/tb_logs/default_config_grid/SIVI/Bnn_boston/20260501_170117,554.14111328125,644.6972291879356
abf51c8165de892e7d995d06733d0702658a2c825f9eecff4c7817f1e2750571,0.0389372892677784,/root/ruivi/results/default_config_grid/SIVI/Bnn_concrete/20260501_170152/checkpoints,abf51c8165de892e7d995d06733d0702658a2c825f9eecff4c7817f1e2750571,default-grid-effective-v1,configs/sivi_Bnn_concrete.yaml,fresh,campaigns/default_config_grid/runtime/console_logs/seed45_sivi_bnn_concrete.log,/root/ruivi/tb_logs/default_config_grid/SIVI/Bnn_concrete/20260501_170152/extracted,2,,finalize_completed,0,10000,SIVI,sivi,,,,,,,,,,,,,,,,,,,389.45033049583435,9900,3.335470199584961,3.33547@9900,10000,3.3384628295898438,168.53322982788086,4200,6.68202543258667,6.68203@4200,10000,6.723587989807129,,,,,,,/root/ruivi/results/default_config_grid/SIVI/Bnn_concrete/20260501_170152/plots,/root/ruivi/results/default_config_grid/SIVI/Bnn_concrete/20260501_170152,seed45_sivi_bnn_concrete,/root/ruivi/results/default_config_grid/SIVI/Bnn_concrete/20260501_170152/run.log,/root/ruivi/results/default_config_grid/SIVI/Bnn_concrete/20260501_170152/samples,45,completed,Bnn_concrete,Bnn_concrete,/root/ruivi/tb_logs/default_config_grid/SIVI/Bnn_concrete/20260501_170152,389.3728942871094,397.2625444754958
be42f11795a5ec2c2317e9af77a9e066d51dd8538f2bec56c17393707b21bd19,0.02623514086008072,/root/ruivi/results/default_config_grid/SIVI/Bnn_power/20260501_170830/checkpoints,be42f11795a5ec2c2317e9af77a9e066d51dd8538f2bec56c17393707b21bd19,default-grid-effective-v1,configs/sivi_Bnn_power.yaml,fresh,campaigns/default_config_grid/runtime/console_logs/seed45_sivi_bnn_power.log,/root/ruivi/tb_logs/default_config_grid/SIVI/Bnn_power/20260501_170830/extracted,2,,finalize_completed,0,10000,SIVI,sivi,,,,,,,,,,,,,,,,,,,260.6979823112488,9800,2.7933189868927,2.79332@9800,10000,2.7934446334838867,260.6979365348816,9800,3.902040481567383,3.90204@9800,10000,3.9028425216674805,,,,,,,/root/ruivi/results/default_config_grid/SIVI/Bnn_power/20260501_170830/plots,/root/ruivi/results/default_config_grid/SIVI/Bnn_power/20260501_170830,seed45_sivi_bnn_power,/root/ruivi/results/default_config_grid/SIVI/Bnn_power/20260501_170830/run.log,/root/ruivi/results/default_config_grid/SIVI/Bnn_power/20260501_170830/samples,45,completed,Bnn_power,Bnn_power,/root/ruivi/tb_logs/default_config_grid/SIVI/Bnn_power/20260501_170830,262.3514099121094,269.8669439740479
30176f08824a6d7a3b29ea5d8d54e302dc21299f06167f46eafc540323c08d5f,0.042808517813682556,/root/ruivi/results/default_config_grid/SIVI/Bnn_protein/20260501_171202/checkpoints,30176f08824a6d7a3b29ea5d8d54e302dc21299f06167f46eafc540323c08d5f,default-grid-effective-v1,configs/sivi_Bnn_protein.yaml,fresh,campaigns/default_config_grid/runtime/console_logs/seed45_sivi_bnn_protein.log,/root/ruivi/tb_logs/default_config_grid/SIVI/Bnn_protein/20260501_171202/extracted,2,,finalize_completed,3,10000,SIVI,sivi,,,,,,,,,,,,,,,,,,,208.94953989982605,4800,3.005868434906006,3.00587@4800,10000,3.020449161529541,286.4467511177063,6600,4.812220096588135,4.81222@6600,10000,4.912113666534424,,,,,,,/root/ruivi/results/default_config_grid/SIVI/Bnn_protein/20260501_171202/plots,/root/ruivi/results/default_config_grid/SIVI/Bnn_protein/20260501_171202,seed45_sivi_bnn_protein,/root/ruivi/results/default_config_grid/SIVI/Bnn_protein/20260501_171202/run.log,/root/ruivi/results/default_config_grid/SIVI/Bnn_protein/20260501_171202/samples,45,completed,Bnn_protein,Bnn_protein,/root/ruivi/tb_logs/default_config_grid/SIVI/Bnn_protein/20260501_171202,428.0851745605469,434.6748889833689
a170a9f067e39f393b85de642bdbb00d8a2987d6516c34f732dee616eb51ad2f,0.04887252300977707,/root/ruivi/results/default_config_grid/SIVI/Bnn_winered/20260501_171259/checkpoints,a170a9f067e39f393b85de642bdbb00d8a2987d6516c34f732dee616eb51ad2f,default-grid-effective-v1,configs/sivi_Bnn_winered.yaml,fresh,campaigns/default_config_grid/runtime/console_logs/seed45_sivi_bnn_winered.log,/root/ruivi/tb_logs/default_config_grid/SIVI/Bnn_winered/20260501_171259/extracted,2,,finalize_completed,0,10000,SIVI,sivi,,,,,,,,,,,,,,,,,,,210.0090742111206,4200,0.9126396179199219,0.91264@4200,10000,0.9510512351989746,210.00902605056763,4200,0.60399329662323,0.603993@4200,10000,0.6313462853431702,,,,,,,/root/ruivi/results/default_config_grid/SIVI/Bnn_winered/20260501_171259/plots,/root/ruivi/results/default_config_grid/SIVI/Bnn_winered/20260501_171259,seed45_sivi_bnn_winered,/root/ruivi/results/default_config_grid/SIVI/Bnn_winered/20260501_171259/run.log,/root/ruivi/results/default_config_grid/SIVI/Bnn_winered/20260501_171259/samples,45,completed,Bnn_winered,Bnn_winered,/root/ruivi/tb_logs/default_config_grid/SIVI/Bnn_winered/20260501_171259,488.7252197265625,588.1285715512931
573aa14c8c9eb8d263b3fbd12e43832c318638ec17feea52263837dbb65e2f7b,0.032521069049835205,/root/ruivi/results/default_config_grid/SIVI/Bnn_yacht/20260501_171821/checkpoints,573aa14c8c9eb8d263b3fbd12e43832c318638ec17feea52263837dbb65e2f7b,default-grid-effective-v1,configs/sivi_Bnn_yacht.yaml,fresh,campaigns/default_config_grid/runtime/console_logs/seed45_sivi_bnn_yacht.log,/root/ruivi/tb_logs/default_config_grid/SIVI/Bnn_yacht/20260501_171821/extracted,2,,finalize_completed,2,10000,SIVI,sivi,,,,,,,,,,,,,,,,,,,328.53454089164734,10000,1.5809931755065918,1.58099@10000,10000,1.5809931755065918,325.4386200904846,9900,1.1682826280593872,1.16828@9900,10000,1.1972614526748657,,,,,,,/root/ruivi/results/default_config_grid/SIVI/Bnn_yacht/20260501_171821/plots,/root/ruivi/results/default_config_grid/SIVI/Bnn_yacht/20260501_171821,seed45_sivi_bnn_yacht,/root/ruivi/results/default_config_grid/SIVI/Bnn_yacht/20260501_171821/run.log,/root/ruivi/results/default_config_grid/SIVI/Bnn_yacht/20260501_171821/samples,45,completed,Bnn_yacht,Bnn_yacht,/root/ruivi/tb_logs/default_config_grid/SIVI/Bnn_yacht/20260501_171821,325.210693359375,332.48222307115793
227dfb1b567233c5d29c71dc72f36f73acec104b64ffb08ac289507fb8b255d8,0.032307203859090805,/root/ruivi/results/default_config_grid/SIVI/Langevin_post/20260429_230724/checkpoints,227dfb1b567233c5d29c71dc72f36f73acec104b64ffb08ac289507fb8b255d8,default-grid-effective-v1,configs/sivi_Langevin_post.yaml,fresh,campaigns/default_config_grid/runtime/console_logs/seed45_sivi_langevin_post.log,/root/ruivi/tb_logs/default_config_grid/SIVI/Langevin_post/20260429_230724/extracted,2,,finalize_completed,0,10000,SIVI,sivi,310.28984212875366,9500,-179.4040985107422,-179.404@9500,10000,-179.44227600097656,93.41785502433777,2800,74.80060577392578,74.8006@2800,10000,58.201263427734375,,,,,,,,,,,,,,,,,,,92.79651236534119,2800,0.011287560686469078,0.0112876@2800,10000,0.033878833055496216,/root/ruivi/results/default_config_grid/SIVI/Langevin_post/20260429_230724/plots,/root/ruivi/results/default_config_grid/SIVI/Langevin_post/20260429_230724,seed45_sivi_langevin_post,/root/ruivi/results/default_config_grid/SIVI/Langevin_post/20260429_230724/run.log,/root/ruivi/results/default_config_grid/SIVI/Langevin_post/20260429_230724/samples,45,completed,Langevin_post,Langevin_post,/root/ruivi/tb_logs/default_config_grid/SIVI/Langevin_post/20260429_230724,323.0720520019531,334.2117062844336
6de4e20229d84416b70c59e63583197751766d26a94f838122977cdfa1f9c371,0.019502585753798485,/root/ruivi/results/default_config_grid/SIVI/LRwaveform/20260428_115234/checkpoints,6de4e20229d84416b70c59e63583197751766d26a94f838122977cdfa1f9c371,default-grid-effective-v1,configs/sivi_LRwaveform.yaml,fresh,campaigns/default_config_grid/runtime/console_logs/seed45_sivi_lrwaveform.log,/root/ruivi/tb_logs/default_config_grid/SIVI/LRwaveform/20260428_115234/extracted,1,,finalize_completed,2,10000,SIVI,sivi,8.121080875396729,200,31.60042953491211,31.6004@200,10000,3.0531795024871826,,,,,,,,,,,,,,,,,,,,,,,,,,,,,,,/root/ruivi/results/default_config_grid/SIVI/LRwaveform/20260428_115234/plots,/root/ruivi/results/default_config_grid/SIVI/LRwaveform/20260428_115234,seed45_sivi_lrwaveform,/root/ruivi/results/default_config_grid/SIVI/LRwaveform/20260428_115234/run.log,/root/ruivi/results/default_config_grid/SIVI/LRwaveform/20260428_115234/samples,45,completed,LRwaveform,LRwaveform,/root/ruivi/tb_logs/default_config_grid/SIVI/LRwaveform/20260428_115234,195.02586364746094,200.4767477400601
e24306af098064b83418a8452c228b9cd8c13f3b1e63d3df51eb60b57ea17ef0,0.015672126784920692,/root/ruivi/results/default_config_grid/SIVI/multimodal/20260428_115555/checkpoints,745587080cc685a3a0026fad16a6a292cc49316afd4b9b96f16b6ad83e1c86f6,default-grid-effective-v1,configs/sivi_multimodal.yaml,fresh,campaigns/default_config_grid/runtime/console_logs/seed45_sivi_multimodal.log,/root/ruivi/tb_logs/default_config_grid/SIVI/multimodal/20260428_115555/extracted,1,,finalize_completed,2,10000,SIVI,sivi,129.65427684783936,8000,0.000599992519710213,0.000599993@8000,10000,-0.0011779007036238909,,,,,,,126.33327198028564,7800,-0.015047799795866013,-0.0150478@7800,10000,0.011122999712824821,,,,,,,,,,,,,135.76885986328125,8400,0.020650679245591164,0.0206507@8400,10000,0.031247634440660477,/root/ruivi/results/default_config_grid/SIVI/multimodal/20260428_115555/plots,/root/ruivi/results/default_config_grid/SIVI/multimodal/20260428_115555,seed45_sivi_multimodal,/root/ruivi/results/default_config_grid/SIVI/multimodal/20260428_115555/run.log,/root/ruivi/results/default_config_grid/SIVI/multimodal/20260428_115555/samples,45,completed,multimodal,multimodal,/root/ruivi/tb_logs/default_config_grid/SIVI/multimodal/20260428_115555,156.7212677001953,163.15882198885083
305d14b66af2e298f4f07b5fa976bc36471b1427686d3d7c7bad22ace29aecbf,0.014951944351196289,/root/ruivi/results/default_config_grid/SIVI/student_uc/20260428_115832/checkpoints,dddfca24bb7d1e93abb6281486442d246f85ce8efba1a3b107af74fe7369491a,default-grid-effective-v1,configs/sivi_student_uc.yaml,fresh,campaigns/default_config_grid/runtime/console_logs/seed45_sivi_student_uc.log,/root/ruivi/tb_logs/default_config_grid/SIVI/student_uc/20260428_115832/extracted,1,,finalize_completed,0,10000,SIVI,sivi,144.87414145469666,9400,-2.671583414077759,-2.67158@9400,10000,-2.676614284515381,,,,,,,131.32846593856812,8500,-0.01122059766203165,-0.0112206@8500,10000,0.0004248643235769123,,,,,,,,,,,,,138.73056268692017,9000,0.6053505539894104,0.605351@9000,10000,0.6116026639938354,/root/ruivi/results/default_config_grid/SIVI/student_uc/20260428_115832/plots,/root/ruivi/results/default_config_grid/SIVI/student_uc/20260428_115832,seed45_sivi_student_uc,/root/ruivi/results/default_config_grid/SIVI/student_uc/20260428_115832/run.log,/root/ruivi/results/default_config_grid/SIVI/student_uc/20260428_115832/samples,45,completed,student_uc,student_uc,/root/ruivi/tb_logs/default_config_grid/SIVI/student_uc/20260428_115832,149.51943969726562,203.37733530253172
bf4a32ee212d1ad5cd0bd17b53b05235fb17319a9e86eaa3c36a5c052b98138f,0.015231134369969368,/root/ruivi/results/default_config_grid/SIVI/x_shaped/20260428_115832/checkpoints,ea197bf154957bbb660d4b3572df0448e03e81bf2205d2ee3fee16ce1fafacac,default-grid-effective-v1,configs/sivi_x_shaped.yaml,fresh,campaigns/default_config_grid/runtime/console_logs/seed45_sivi_x_shaped.log,/root/ruivi/tb_logs/default_config_grid/SIVI/x_shaped/20260428_115832/extracted,1,,finalize_completed,3,10000,SIVI,sivi,132.1677210330963,8400,-0.0010668487520888448,-0.00106685@8400,10000,-0.002193649299442768,,,,,,,104.76829266548157,6600,-0.008050794713199139,-0.00805079@6600,10000,-0.000680901575833559,,,,,,,,,,,,,97.24788689613342,6100,0.029832977801561356,0.029833@6100,10000,0.03713292255997658,/root/ruivi/results/default_config_grid/SIVI/x_shaped/20260428_115832/plots,/root/ruivi/results/default_config_grid/SIVI/x_shaped/20260428_115832,seed45_sivi_x_shaped,/root/ruivi/results/default_config_grid/SIVI/x_shaped/20260428_115832/run.log,/root/ruivi/results/default_config_grid/SIVI/x_shaped/20260428_115832/samples,45,completed,x_shaped,x_shaped,/root/ruivi/tb_logs/default_config_grid/SIVI/x_shaped/20260428_115832,152.31134033203125,203.3882326297462
198d1889b8b7b68b6658dffcdfa8b5d6df639e4f4a3839d8dd3a73c2d861ee6f,0.07502209395170212,/root/ruivi/results/default_config_grid/UIVI/8_gaussians/20260428_115838/checkpoints,c71d3462f2fcd64cb9a6cb5419fafabf2368410ff17d26b8cadc4ee7b01523f3,default-grid-effective-v1,configs/uivi_8_gaussians.yaml,fresh,campaigns/default_config_grid/runtime/console_logs/seed45_uivi_8_gaussians.log,/root/ruivi/tb_logs/default_config_grid/UIVI/8_gaussians/20260428_115838/extracted,1,,finalize_completed,2,10000,UIVI,uivi,454.2418284416199,5900,-0.7527871131896973,-0.752787@5900,10000,-0.7755003571510315,,,,,,,570.362058877945,7500,0.704164981842041,0.704165@7500,10000,0.7363967299461365,,,,,,,,,,,,,356.7333519458771,4600,0.2287055104970932,0.228706@4600,10000,0.2453806847333908,/root/ruivi/results/default_config_grid/UIVI/8_gaussians/20260428_115838/plots,/root/ruivi/results/default_config_grid/UIVI/8_gaussians/20260428_115838,seed45_uivi_8_gaussians,/root/ruivi/results/default_config_grid/UIVI/8_gaussians/20260428_115838/run.log,/root/ruivi/results/default_config_grid/UIVI/8_gaussians/20260428_115838/samples,45,completed,8_gaussians,8_gaussians,/root/ruivi/tb_logs/default_config_grid/UIVI/8_gaussians/20260428_115838,750.2208862304688,808.5853028260171
2d986f336cde5a70fb2c50f674734eb7967ebd089048f9f6199edb53b2901ed6,0.07704192399978638,/root/ruivi/results/default_config_grid/UIVI/banana/20260428_120155/checkpoints,ba2d2661f096abe8aa7f07719f9a396645d421794af93f01d86664278eda0330,default-grid-effective-v1,configs/uivi_banana.yaml,fresh,campaigns/default_config_grid/runtime/console_logs/seed45_uivi_banana.log,/root/ruivi/tb_logs/default_config_grid/UIVI/banana/20260428_120155/extracted,1,,finalize_completed,0,10000,UIVI,uivi,774.4496455192566,10000,-0.01990668475627899,-0.0199067@10000,10000,-0.01990668475627899,,,,,,,596.9289922714233,7700,-0.0040061138570308685,-0.00400611@7700,10000,0.025986038148403168,,,,,,,,,,,,,255.33758163452148,3200,0.16847646236419678,0.168476@3200,10000,0.40011003613471985,/root/ruivi/results/default_config_grid/UIVI/banana/20260428_120155/plots,/root/ruivi/results/default_config_grid/UIVI/banana/20260428_120155,seed45_uivi_banana,/root/ruivi/results/default_config_grid/UIVI/banana/20260428_120155/run.log,/root/ruivi/results/default_config_grid/UIVI/banana/20260428_120155/samples,45,completed,banana,banana,/root/ruivi/tb_logs/default_config_grid/UIVI/banana/20260428_120155,770.4192504882812,816.2178133875132
2b4a122ae7e7fd582658ef153f90e422420e98674cbec46020de53a2e0c3f67e,0.07361172884702682,/root/ruivi/results/default_config_grid/UIVI/Bnn_boston/20260501_171917/checkpoints,2b4a122ae7e7fd582658ef153f90e422420e98674cbec46020de53a2e0c3f67e,default-grid-effective-v1,configs/uivi_Bnn_boston.yaml,fresh,campaigns/default_config_grid/runtime/console_logs/seed45_uivi_bnn_boston.log,/root/ruivi/tb_logs/default_config_grid/UIVI/Bnn_boston/20260501_171917/extracted,2,,finalize_completed,1,10000,UIVI,uivi,,,,,,,,,,,,,,,,,,,739.9293823242188,10000,2.6036596298217773,2.60366@10000,10000,2.6036596298217773,739.9293324947357,10000,3.2954041957855225,3.2954@10000,10000,3.2954041957855225,,,,,,,/root/ruivi/results/default_config_grid/UIVI/Bnn_boston/20260501_171917/plots,/root/ruivi/results/default_config_grid/UIVI/Bnn_boston/20260501_171917,seed45_uivi_bnn_boston,/root/ruivi/results/default_config_grid/UIVI/Bnn_boston/20260501_171917/run.log,/root/ruivi/results/default_config_grid/UIVI/Bnn_boston/20260501_171917/samples,45,completed,Bnn_boston,Bnn_boston,/root/ruivi/tb_logs/default_config_grid/UIVI/Bnn_boston/20260501_171917,736.1172485351562,859.8291497826576
d8d9ac47618cba3423039529fe534eb6cb5a7709123636e6220a233a256415de,0.07366272062063217,/root/ruivi/results/default_config_grid/UIVI/Bnn_concrete/20260501_171917/checkpoints,d8d9ac47618cba3423039529fe534eb6cb5a7709123636e6220a233a256415de,default-grid-effective-v1,configs/uivi_Bnn_concrete.yaml,fresh,campaigns/default_config_grid/runtime/console_logs/seed45_uivi_bnn_concrete.log,/root/ruivi/tb_logs/default_config_grid/UIVI/Bnn_concrete/20260501_171917/extracted,2,,finalize_completed,3,10000,UIVI,uivi,,,,,,,,,,,,,,,,,,,740.0000150203705,10000,3.494370460510254,3.49437@10000,10000,3.494370460510254,708.8996350765228,9600,7.59127140045166,7.59127@9600,10000,7.601367950439453,,,,,,,/root/ruivi/results/default_config_grid/UIVI/Bnn_concrete/20260501_171917/plots,/root/ruivi/results/default_config_grid/UIVI/Bnn_concrete/20260501_171917,seed45_uivi_bnn_concrete,/root/ruivi/results/default_config_grid/UIVI/Bnn_concrete/20260501_171917/run.log,/root/ruivi/results/default_config_grid/UIVI/Bnn_concrete/20260501_171917/samples,45,completed,Bnn_concrete,Bnn_concrete,/root/ruivi/tb_logs/default_config_grid/UIVI/Bnn_concrete/20260501_171917,736.627197265625,859.8418141975999
b82f974b0a9883b223db8f67dffb06694b6c8afe8d9f6ecd9452e369564cd1eb,0.0723312497138977,/root/ruivi/results/default_config_grid/UIVI/Bnn_power/20260501_172248/checkpoints,b82f974b0a9883b223db8f67dffb06694b6c8afe8d9f6ecd9452e369564cd1eb,default-grid-effective-v1,configs/uivi_Bnn_power.yaml,fresh,campaigns/default_config_grid/runtime/console_logs/seed45_uivi_bnn_power.log,/root/ruivi/tb_logs/default_config_grid/UIVI/Bnn_power/20260501_172248/extracted,2,,finalize_completed,0,10000,UIVI,uivi,,,,,,,,,,,,,,,,,,,685.5529675483704,9400,2.8011972904205322,2.8012@9400,10000,2.802750587463379,685.5529205799103,9400,3.9258663654327393,3.92587@9400,10000,3.9289658069610596,,,,,,,/root/ruivi/results/default_config_grid/UIVI/Bnn_power/20260501_172248/plots,/root/ruivi/results/default_config_grid/UIVI/Bnn_power/20260501_172248,seed45_uivi_bnn_power,/root/ruivi/results/default_config_grid/UIVI/Bnn_power/20260501_172248/run.log,/root/ruivi/results/default_config_grid/UIVI/Bnn_power/20260501_172248/samples,45,completed,Bnn_power,Bnn_power,/root/ruivi/tb_logs/default_config_grid/UIVI/Bnn_power/20260501_172248,723.3125,729.2296172082424
357e79ea2f4db45af81ab8a9fd321415d8c378ef46813e0731485ca936684789,0.07243531197309494,/root/ruivi/results/default_config_grid/UIVI/Bnn_protein/20260501_172353/checkpoints,357e79ea2f4db45af81ab8a9fd321415d8c378ef46813e0731485ca936684789,default-grid-effective-v1,configs/uivi_Bnn_protein.yaml,fresh,campaigns/default_config_grid/runtime/console_logs/seed45_uivi_bnn_protein.log,/root/ruivi/tb_logs/default_config_grid/UIVI/Bnn_protein/20260501_172353/extracted,2,,finalize_completed,2,10000,UIVI,uivi,,,,,,,,,,,,,,,,,,,727.4198844432831,10000,3.024894952774048,3.02489@10000,10000,3.024894952774048,727.4198346138,10000,4.999807834625244,4.99981@10000,10000,4.999807834625244,,,,,,,/root/ruivi/results/default_config_grid/UIVI/Bnn_protein/20260501_172353/plots,/root/ruivi/results/default_config_grid/UIVI/Bnn_protein/20260501_172353,seed45_uivi_bnn_protein,/root/ruivi/results/default_config_grid/UIVI/Bnn_protein/20260501_172353/run.log,/root/ruivi/results/default_config_grid/UIVI/Bnn_protein/20260501_172353/samples,45,completed,Bnn_protein,Bnn_protein,/root/ruivi/tb_logs/default_config_grid/UIVI/Bnn_protein/20260501_172353,724.3530883789062,908.9670599289238
f1f5e171c8258e3ebafcdbc23de50f1ada101bad8c4883f46981c2486172d7b3,0.07469797134399414,/root/ruivi/results/default_config_grid/UIVI/Bnn_winered/20260501_173337/checkpoints,f1f5e171c8258e3ebafcdbc23de50f1ada101bad8c4883f46981c2486172d7b3,default-grid-effective-v1,configs/uivi_Bnn_winered.yaml,fresh,campaigns/default_config_grid/runtime/console_logs/seed45_uivi_bnn_winered.log,/root/ruivi/tb_logs/default_config_grid/UIVI/Bnn_winered/20260501_173337/extracted,2,,finalize_completed,1,10000,UIVI,uivi,,,,,,,,,,,,,,,,,,,406.19926714897156,5400,0.9090800285339355,0.90908@5400,10000,0.9227538108825684,406.19922041893005,5400,0.6015106439590454,0.601511@5400,10000,0.6115002632141113,,,,,,,/root/ruivi/results/default_config_grid/UIVI/Bnn_winered/20260501_173337/plots,/root/ruivi/results/default_config_grid/UIVI/Bnn_winered/20260501_173337,seed45_uivi_bnn_winered,/root/ruivi/results/default_config_grid/UIVI/Bnn_winered/20260501_173337/run.log,/root/ruivi/results/default_config_grid/UIVI/Bnn_winered/20260501_173337/samples,45,completed,Bnn_winered,Bnn_winered,/root/ruivi/tb_logs/default_config_grid/UIVI/Bnn_winered/20260501_173337,746.9796752929688,754.052640940994
70e2d866529548d1f296182a1c0ca5c6a901271ba104d9b18c05a60423f75b20,0.07741963118314743,/root/ruivi/results/default_config_grid/UIVI/Bnn_yacht/20260501_173337/checkpoints,70e2d866529548d1f296182a1c0ca5c6a901271ba104d9b18c05a60423f75b20,default-grid-effective-v1,configs/uivi_Bnn_yacht.yaml,fresh,campaigns/default_config_grid/runtime/console_logs/seed45_uivi_bnn_yacht.log,/root/ruivi/tb_logs/default_config_grid/UIVI/Bnn_yacht/20260501_173337/extracted,2,,finalize_completed,3,10000,UIVI,uivi,,,,,,,,,,,,,,,,,,,770.0730288028717,9900,1.916588306427002,1.91659@9900,10000,1.9556207656860352,777.6174449920654,10000,2.1863770484924316,2.18638@10000,10000,2.1863770484924316,,,,,,,/root/ruivi/results/default_config_grid/UIVI/Bnn_yacht/20260501_173337/plots,/root/ruivi/results/default_config_grid/UIVI/Bnn_yacht/20260501_173337,seed45_uivi_bnn_yacht,/root/ruivi/results/default_config_grid/UIVI/Bnn_yacht/20260501_173337/run.log,/root/ruivi/results/default_config_grid/UIVI/Bnn_yacht/20260501_173337/samples,45,completed,Bnn_yacht,Bnn_yacht,/root/ruivi/tb_logs/default_config_grid/UIVI/Bnn_yacht/20260501_173337,774.1963500976562,975.9997150041163
29b37681bc64ed0d8ab80804d64f34298aaacc0a3de758ab2b0100523bd6cd72,0.07199430465698242,/root/ruivi/results/default_config_grid/UIVI/Langevin_post/20260429_230724/checkpoints,29b37681bc64ed0d8ab80804d64f34298aaacc0a3de758ab2b0100523bd6cd72,default-grid-effective-v1,configs/uivi_Langevin_post.yaml,fresh,campaigns/default_config_grid/runtime/console_logs/seed45_uivi_langevin_post.log,/root/ruivi/tb_logs/default_config_grid/UIVI/Langevin_post/20260429_230724/extracted,2,,finalize_completed,1,10000,UIVI,uivi,457.87121319770813,6300,-185.036376953125,-185.036@6300,10000,-185.23446655273438,147.86818718910217,2000,74.13409423828125,74.1341@2000,10000,20.98906135559082,,,,,,,,,,,,,,,,,,,147.2327332496643,2000,0.016727160662412643,0.0167272@2000,10000,0.04631092771887779,/root/ruivi/results/default_config_grid/UIVI/Langevin_post/20260429_230724/plots,/root/ruivi/results/default_config_grid/UIVI/Langevin_post/20260429_230724,seed45_uivi_langevin_post,/root/ruivi/results/default_config_grid/UIVI/Langevin_post/20260429_230724/run.log,/root/ruivi/results/default_config_grid/UIVI/Langevin_post/20260429_230724/samples,45,completed,Langevin_post,Langevin_post,/root/ruivi/tb_logs/default_config_grid/UIVI/Langevin_post/20260429_230724,719.9430541992188,729.9269094206393
218e2f250fe81f612f3b7dcad9a0b9bbd78d30df6686026d9947ba0241f7b818,0.0751098096370697,/root/ruivi/results/default_config_grid/UIVI/LRwaveform/20260428_122914/checkpoints,218e2f250fe81f612f3b7dcad9a0b9bbd78d30df6686026d9947ba0241f7b818,default-grid-effective-v1,configs/uivi_LRwaveform.yaml,fresh,campaigns/default_config_grid/runtime/console_logs/seed45_uivi_lrwaveform.log,/root/ruivi/tb_logs/default_config_grid/UIVI/LRwaveform/20260428_122914/extracted,1,,finalize_completed,0,10000,UIVI,uivi,19.664646863937378,200,31.526418685913086,31.5264@200,10000,-7.346734046936035,,,,,,,,,,,,,,,,,,,,,,,,,,,,,,,/root/ruivi/results/default_config_grid/UIVI/LRwaveform/20260428_122914/plots,/root/ruivi/results/default_config_grid/UIVI/LRwaveform/20260428_122914,seed45_uivi_lrwaveform,/root/ruivi/results/default_config_grid/UIVI/LRwaveform/20260428_122914/run.log,/root/ruivi/results/default_config_grid/UIVI/LRwaveform/20260428_122914/samples,45,completed,LRwaveform,LRwaveform,/root/ruivi/tb_logs/default_config_grid/UIVI/LRwaveform/20260428_122914,751.09814453125,833.4763413667679
40d507ddafabe21d3969ee71ee4da93ea3bc9335e22e14690d3a910ff5610565,0.0738053247332573,/root/ruivi/results/default_config_grid/UIVI/multimodal/20260428_122915/checkpoints,aac9f96ad28ff272c9e1c5f8d1f4964dea7193dd44671a09c1dd06574ba2f2b6,default-grid-effective-v1,configs/uivi_multimodal.yaml,fresh,campaigns/default_config_grid/runtime/console_logs/seed45_uivi_multimodal.log,/root/ruivi/tb_logs/default_config_grid/UIVI/multimodal/20260428_122915/extracted,1,,finalize_completed,1,10000,UIVI,uivi,576.7001745700836,7800,-0.031305260956287384,-0.0313053@7800,10000,-0.04326561093330383,,,,,,,689.0875773429871,9300,0.02505485713481903,0.0250549@9300,10000,0.0360136479139328,,,,,,,,,,,,,734.32834649086,9900,0.10790776461362839,0.107908@9900,10000,0.11854200810194016,/root/ruivi/results/default_config_grid/UIVI/multimodal/20260428_122915/plots,/root/ruivi/results/default_config_grid/UIVI/multimodal/20260428_122915,seed45_uivi_multimodal,/root/ruivi/results/default_config_grid/UIVI/multimodal/20260428_122915/run.log,/root/ruivi/results/default_config_grid/UIVI/multimodal/20260428_122915/samples,45,completed,multimodal,multimodal,/root/ruivi/tb_logs/default_config_grid/UIVI/multimodal/20260428_122915,738.0532836914062,833.479149363935
aa0920480264d17659a2782935d8fa5d1d2506eb7d620a4a90ef6fb4386f895c,0.07327456027269363,/root/ruivi/results/default_config_grid/UIVI/student_uc/20260428_122914/checkpoints,b874c14a1f1204cd63435244e3ebc5f5ecd219ad90ae28cac4a2f20c255d0b87,default-grid-effective-v1,configs/uivi_student_uc.yaml,fresh,campaigns/default_config_grid/runtime/console_logs/seed45_uivi_student_uc.log,/root/ruivi/tb_logs/default_config_grid/UIVI/student_uc/20260428_122914/extracted,1,,finalize_completed,3,10000,UIVI,uivi,331.7220196723938,4500,-2.679593324661255,-2.67959@4500,10000,-2.686228036880493,,,,,,,521.9493238925934,7100,-0.0004739266587421298,-0.000473927@7100,10000,0.024578463286161423,,,,,,,,,,,,,309.4973952770233,4200,0.6137387156486511,0.613739@4200,10000,0.6307284235954285,/root/ruivi/results/default_config_grid/UIVI/student_uc/20260428_122914/plots,/root/ruivi/results/default_config_grid/UIVI/student_uc/20260428_122914,seed45_uivi_student_uc,/root/ruivi/results/default_config_grid/UIVI/student_uc/20260428_122914/run.log,/root/ruivi/results/default_config_grid/UIVI/student_uc/20260428_122914/samples,45,completed,student_uc,student_uc,/root/ruivi/tb_logs/default_config_grid/UIVI/student_uc/20260428_122914,732.74560546875,833.4822084605694
ccc7dda4764e0a5542c75431591dc1a3db72df34f4a0b3c34225daf30cb55b25,0.07740806043148041,/root/ruivi/results/default_config_grid/UIVI/x_shaped/20260428_123939/checkpoints,1cc3dafc55e23e37e2f5c61e3e0085f3a5064208fabad97d316e61cc937fe473,default-grid-effective-v1,configs/uivi_x_shaped.yaml,fresh,campaigns/default_config_grid/runtime/console_logs/seed45_uivi_x_shaped.log,/root/ruivi/tb_logs/default_config_grid/UIVI/x_shaped/20260428_123939/extracted,1,,finalize_completed,2,10000,UIVI,uivi,558.57652759552,7200,-0.0033713700249791145,-0.00337137@7200,10000,-0.005389767698943615,,,,,,,550.2878737449646,7100,-0.011006520129740238,-0.0110065@7100,10000,0.0100896330550313,,,,,,,,,,,,,582.7022519111633,7500,0.029710592702031136,0.0297106@7500,10000,0.05707770213484764,/root/ruivi/results/default_config_grid/UIVI/x_shaped/20260428_123939/plots,/root/ruivi/results/default_config_grid/UIVI/x_shaped/20260428_123939,seed45_uivi_x_shaped,/root/ruivi/results/default_config_grid/UIVI/x_shaped/20260428_123939/run.log,/root/ruivi/results/default_config_grid/UIVI/x_shaped/20260428_123939/samples,45,completed,x_shaped,x_shaped,/root/ruivi/tb_logs/default_config_grid/UIVI/x_shaped/20260428_123939,774.0806274414062,841.2012817338109
2ed31f7263d35a11d6341c348b3259686c7d7bf766b9e57ed6c1ddf4cc266f2d,0.03372596204280853,/root/ruivi/results/default_config_grid/AISIVI/8_gaussians/20260428_154009/checkpoints,43267963751adf5bb1639ce47673eb20a80dc59aea6c830c51f27d0a7e724671,default-grid-effective-v1,configs/aisivi_8_gaussians.yaml,fresh,campaigns/default_config_grid/runtime/console_logs/seed46_aisivi_8_gaussians.log,/root/ruivi/tb_logs/default_config_grid/AISIVI/8_gaussians/20260428_154009/extracted,1,,finalize_completed,3,10000,AISIVI,aisivi,347.1090533733368,9900,-0.198800191283226,-0.1988@9900,10000,-0.23645873367786407,,,,,,,334.80291509628296,9500,0.17856401205062866,0.178564@9500,10000,0.20612698793411255,,,,,,,,,,,,,82.41979694366455,2000,0.21105508506298065,0.211055@2000,10000,0.5077903866767883,/root/ruivi/results/default_config_grid/AISIVI/8_gaussians/20260428_154009/plots,/root/ruivi/results/default_config_grid/AISIVI/8_gaussians/20260428_154009,seed46_aisivi_8_gaussians,/root/ruivi/results/default_config_grid/AISIVI/8_gaussians/20260428_154009/run.log,/root/ruivi/results/default_config_grid/AISIVI/8_gaussians/20260428_154009/samples,46,completed,8_gaussians,8_gaussians,/root/ruivi/tb_logs/default_config_grid/AISIVI/8_gaussians/20260428_154009,337.2596130371094,517.92313323915
03b1b73f090718e22778322c2929dc63fe0610ca93bcfd840c713723ecd16e3f,0.03346958011388779,/root/ruivi/results/default_config_grid/AISIVI/banana/20260428_154424/checkpoints,50f12229a47978701a2a41acbda4970290b6af45ec56085c43df08df4808735e,default-grid-effective-v1,configs/aisivi_banana.yaml,fresh,campaigns/default_config_grid/runtime/console_logs/seed46_aisivi_banana.log,/root/ruivi/tb_logs/default_config_grid/AISIVI/banana/20260428_154424/extracted,1,,finalize_completed,1,10000,AISIVI,aisivi,347.6342132091522,10000,-0.007615285459905863,-0.00761529@10000,10000,-0.007615285459905863,,,,,,,229.7849452495575,6500,-0.018475409597158432,-0.0184754@6500,10000,0.019504595547914505,,,,,,,,,,,,,189.45638704299927,5300,0.032104965299367905,0.032105@5300,10000,0.08029492944478989,/root/ruivi/results/default_config_grid/AISIVI/banana/20260428_154424/plots,/root/ruivi/results/default_config_grid/AISIVI/banana/20260428_154424,seed46_aisivi_banana,/root/ruivi/results/default_config_grid/AISIVI/banana/20260428_154424/run.log,/root/ruivi/results/default_config_grid/AISIVI/banana/20260428_154424/samples,46,completed,banana,banana,/root/ruivi/tb_logs/default_config_grid/AISIVI/banana/20260428_154424,334.69580078125,524.7899661622941
da603c7f5bb3355f91a64e388640cd9f7ff45f06a4bcf028208ba07478759ee1,0.06899359077215195,/root/ruivi/results/default_config_grid/AISIVI/Bnn_boston/20260501_183456/checkpoints,da603c7f5bb3355f91a64e388640cd9f7ff45f06a4bcf028208ba07478759ee1,default-grid-effective-v1,configs/aisivi_Bnn_boston.yaml,fresh,campaigns/default_config_grid/runtime/console_logs/seed46_aisivi_bnn_boston.log,/root/ruivi/tb_logs/default_config_grid/AISIVI/Bnn_boston/20260501_183456/extracted,2,,finalize_completed,2,10000,AISIVI,aisivi,,,,,,,,,,,,,,,,,,,421.69964814186096,5900,2.549954414367676,2.54995@5900,10000,2.57749080657959,401.54678773880005,5600,2.900035858154297,2.90004@5600,10000,3.0272769927978516,,,,,,,/root/ruivi/results/default_config_grid/AISIVI/Bnn_boston/20260501_183456/plots,/root/ruivi/results/default_config_grid/AISIVI/Bnn_boston/20260501_183456,seed46_aisivi_bnn_boston,/root/ruivi/results/default_config_grid/AISIVI/Bnn_boston/20260501_183456/run.log,/root/ruivi/results/default_config_grid/AISIVI/Bnn_boston/20260501_183456/samples,46,completed,Bnn_boston,Bnn_boston,/root/ruivi/tb_logs/default_config_grid/AISIVI/Bnn_boston/20260501_183456,689.9358520507812,860.8455142006278
a1a08c90f8bcd25c87fd1a6f163ea2b435193066ab04bb112d5aa235e36176b3,0.06045013293623924,/root/ruivi/results/default_config_grid/AISIVI/Bnn_concrete/20260501_183829/checkpoints,a1a08c90f8bcd25c87fd1a6f163ea2b435193066ab04bb112d5aa235e36176b3,default-grid-effective-v1,configs/aisivi_Bnn_concrete.yaml,fresh,campaigns/default_config_grid/runtime/console_logs/seed46_aisivi_bnn_concrete.log,/root/ruivi/tb_logs/default_config_grid/AISIVI/Bnn_concrete/20260501_183829/extracted,2,,finalize_completed,0,10000,AISIVI,aisivi,,,,,,,,,,,,,,,,,,,135.32100176811218,2000,3.508573055267334,3.50857@2000,10000,3.550363063812256,41.892927169799805,400,7.753123760223389,7.75312@400,10000,8.33699893951416,,,,,,,/root/ruivi/results/default_config_grid/AISIVI/Bnn_concrete/20260501_183829/plots,/root/ruivi/results/default_config_grid/AISIVI/Bnn_concrete/20260501_183829,seed46_aisivi_bnn_concrete,/root/ruivi/results/default_config_grid/AISIVI/Bnn_concrete/20260501_183829/run.log,/root/ruivi/results/default_config_grid/AISIVI/Bnn_concrete/20260501_183829/samples,46,completed,Bnn_concrete,Bnn_concrete,/root/ruivi/tb_logs/default_config_grid/AISIVI/Bnn_concrete/20260501_183829,604.5013427734375,648.8651362881064
baf5b2bc14253b0fca96747950c498b71f0f5b4987bef5b53386edd32983f384,0.05710804834961891,/root/ruivi/results/default_config_grid/AISIVI/Bnn_power/20260501_184545/checkpoints,baf5b2bc14253b0fca96747950c498b71f0f5b4987bef5b53386edd32983f384,default-grid-effective-v1,configs/aisivi_Bnn_power.yaml,fresh,campaigns/default_config_grid/runtime/console_logs/seed46_aisivi_bnn_power.log,/root/ruivi/tb_logs/default_config_grid/AISIVI/Bnn_power/20260501_184545/extracted,2,,finalize_completed,1,10000,AISIVI,aisivi,,,,,,,,,,,,,,,,,,,566.0088152885437,9600,2.82824969291687,2.82825@9600,10000,2.831737756729126,513.993967294693,8700,4.0183539390563965,4.01835@8700,10000,4.030287742614746,,,,,,,/root/ruivi/results/default_config_grid/AISIVI/Bnn_power/20260501_184545/plots,/root/ruivi/results/default_config_grid/AISIVI/Bnn_power/20260501_184545,seed46_aisivi_bnn_power,/root/ruivi/results/default_config_grid/AISIVI/Bnn_power/20260501_184545/run.log,/root/ruivi/results/default_config_grid/AISIVI/Bnn_power/20260501_184545/samples,46,completed,Bnn_power,Bnn_power,/root/ruivi/tb_logs/default_config_grid/AISIVI/Bnn_power/20260501_184545,571.0804443359375,592.436006359756
156ab93f2a802a0c2ed1b020baae60b3fd7b7a23650b55d836a2856bb8a6353e,0.06422460079193115,/root/ruivi/results/default_config_grid/AISIVI/Bnn_protein/20260501_184549/checkpoints,156ab93f2a802a0c2ed1b020baae60b3fd7b7a23650b55d836a2856bb8a6353e,default-grid-effective-v1,configs/aisivi_Bnn_protein.yaml,fresh,campaigns/default_config_grid/runtime/console_logs/seed46_aisivi_bnn_protein.log,/root/ruivi/tb_logs/default_config_grid/AISIVI/Bnn_protein/20260501_184549/extracted,2,,finalize_completed,3,10000,AISIVI,aisivi,,,,,,,,,,,,,,,,,,,291.4047677516937,4300,3.014482259750366,3.01448@4300,10000,3.0380895137786865,366.7532591819763,5500,4.850843906402588,4.85084@5500,10000,5.006596088409424,,,,,,,/root/ruivi/results/default_config_grid/AISIVI/Bnn_protein/20260501_184549/plots,/root/ruivi/results/default_config_grid/AISIVI/Bnn_protein/20260501_184549,seed46_aisivi_bnn_protein,/root/ruivi/results/default_config_grid/AISIVI/Bnn_protein/20260501_184549/run.log,/root/ruivi/results/default_config_grid/AISIVI/Bnn_protein/20260501_184549/samples,46,completed,Bnn_protein,Bnn_protein,/root/ruivi/tb_logs/default_config_grid/AISIVI/Bnn_protein/20260501_184549,642.2459716796875,858.3355658277869
2fc763be3b837cb03e381fcc35e95073db6850a5fa35f6d4b5b0b7fb297e2739,0.06443312019109726,/root/ruivi/results/default_config_grid/AISIVI/Bnn_winered/20260501_184918/checkpoints,2fc763be3b837cb03e381fcc35e95073db6850a5fa35f6d4b5b0b7fb297e2739,default-grid-effective-v1,configs/aisivi_Bnn_winered.yaml,fresh,campaigns/default_config_grid/runtime/console_logs/seed46_aisivi_bnn_winered.log,/root/ruivi/tb_logs/default_config_grid/AISIVI/Bnn_winered/20260501_184918/extracted,2,,finalize_completed,0,10000,AISIVI,aisivi,,,,,,,,,,,,,,,,,,,391.3194909095764,5800,0.9413490295410156,0.941349@5800,10000,0.9419083595275879,391.31944966316223,5800,0.6227819919586182,0.622782@5800,10000,0.6251331567764282,,,,,,,/root/ruivi/results/default_config_grid/AISIVI/Bnn_winered/20260501_184918/plots,/root/ruivi/results/default_config_grid/AISIVI/Bnn_winered/20260501_184918,seed46_aisivi_bnn_winered,/root/ruivi/results/default_config_grid/AISIVI/Bnn_winered/20260501_184918/run.log,/root/ruivi/results/default_config_grid/AISIVI/Bnn_winered/20260501_184918/samples,46,completed,Bnn_winered,Bnn_winered,/root/ruivi/tb_logs/default_config_grid/AISIVI/Bnn_winered/20260501_184918,644.3312377929688,664.3738056197762
a07da9fc1863744ca0c603438810d8e6ee7a21841260b451fe65e0a1d4e7e718,0.060999128967523575,/root/ruivi/results/default_config_grid/AISIVI/Bnn_yacht/20260501_184918/checkpoints,a07da9fc1863744ca0c603438810d8e6ee7a21841260b451fe65e0a1d4e7e718,default-grid-effective-v1,configs/aisivi_Bnn_yacht.yaml,fresh,campaigns/default_config_grid/runtime/console_logs/seed46_aisivi_bnn_yacht.log,/root/ruivi/tb_logs/default_config_grid/AISIVI/Bnn_yacht/20260501_184918/extracted,2,,finalize_completed,2,10000,AISIVI,aisivi,,,,,,,,,,,,,,,,,,,614.4293003082275,9800,2.081594944000244,2.08159@9800,10000,2.1243481636047363,626.8579285144806,10000,2.615755081176758,2.61576@10000,10000,2.615755081176758,,,,,,,/root/ruivi/results/default_config_grid/AISIVI/Bnn_yacht/20260501_184918/plots,/root/ruivi/results/default_config_grid/AISIVI/Bnn_yacht/20260501_184918,seed46_aisivi_bnn_yacht,/root/ruivi/results/default_config_grid/AISIVI/Bnn_yacht/20260501_184918/run.log,/root/ruivi/results/default_config_grid/AISIVI/Bnn_yacht/20260501_184918/samples,46,completed,Bnn_yacht,Bnn_yacht,/root/ruivi/tb_logs/default_config_grid/AISIVI/Bnn_yacht/20260501_184918,609.9912719726562,649.522131845355
ca55ac8ad5f3cc57da5a96d73224e7616f672b6d9210260d3b3c59d3e953d77f,0.0645081102848053,/root/ruivi/results/default_config_grid/AISIVI/Langevin_post/20260429_231914/checkpoints,ca55ac8ad5f3cc57da5a96d73224e7616f672b6d9210260d3b3c59d3e953d77f,default-grid-effective-v1,configs/aisivi_Langevin_post.yaml,fresh,campaigns/default_config_grid/runtime/console_logs/seed46_aisivi_langevin_post.log,/root/ruivi/tb_logs/default_config_grid/AISIVI/Langevin_post/20260429_231914/extracted,2,,finalize_completed,2,10000,AISIVI,aisivi,391.8004500865936,5200,-197.28280639648438,-197.283@5200,10000,-201.95181274414062,554.6064794063568,7700,74.7863998413086,74.7864@7700,10000,74.67999267578125,,,,,,,,,,,,,,,,,,,636.1592161655426,9000,0.011568729765713215,0.0115687@9000,10000,0.012792963534593582,/root/ruivi/results/default_config_grid/AISIVI/Langevin_post/20260429_231914/plots,/root/ruivi/results/default_config_grid/AISIVI/Langevin_post/20260429_231914,seed46_aisivi_langevin_post,/root/ruivi/results/default_config_grid/AISIVI/Langevin_post/20260429_231914/run.log,/root/ruivi/results/default_config_grid/AISIVI/Langevin_post/20260429_231914/samples,46,completed,Langevin_post,Langevin_post,/root/ruivi/tb_logs/default_config_grid/AISIVI/Langevin_post/20260429_231914,645.0811157226562,713.8235867470503
b32b9cf7a7da5197512ed53e3a43eef0e3bf839a1e4e44e69343fd7e2f1ab1de,0.02943616360425949,/root/ruivi/results/default_config_grid/AISIVI/LRwaveform/20260428_160623/checkpoints,b32b9cf7a7da5197512ed53e3a43eef0e3bf839a1e4e44e69343fd7e2f1ab1de,default-grid-effective-v1,configs/aisivi_LRwaveform.yaml,fresh,campaigns/default_config_grid/runtime/console_logs/seed46_aisivi_lrwaveform.log,/root/ruivi/tb_logs/default_config_grid/AISIVI/LRwaveform/20260428_160623/extracted,1,,finalize_completed,1,10000,AISIVI,aisivi,15.276451587677002,100,31.55091094970703,31.5509@100,10000,0.8119866251945496,,,,,,,,,,,,,,,,,,,,,,,,,,,,,,,/root/ruivi/results/default_config_grid/AISIVI/LRwaveform/20260428_160623/plots,/root/ruivi/results/default_config_grid/AISIVI/LRwaveform/20260428_160623,seed46_aisivi_lrwaveform,/root/ruivi/results/default_config_grid/AISIVI/LRwaveform/20260428_160623/run.log,/root/ruivi/results/default_config_grid/AISIVI/LRwaveform/20260428_160623/samples,46,completed,LRwaveform,LRwaveform,/root/ruivi/tb_logs/default_config_grid/AISIVI/LRwaveform/20260428_160623,294.36163330078125,309.3710213601589
271e10340d3dffea24dde4d2a4518054bc19b1aaa385a864ca36180ffa098e0e,0.03385697305202484,/root/ruivi/results/default_config_grid/AISIVI/multimodal/20260428_161048/checkpoints,e948d68acdd108270b92f349aae1e7366312cc4db45af0d105b0c7ba9b59adf7,default-grid-effective-v1,configs/aisivi_multimodal.yaml,fresh,campaigns/default_config_grid/runtime/console_logs/seed46_aisivi_multimodal.log,/root/ruivi/tb_logs/default_config_grid/AISIVI/multimodal/20260428_161048/extracted,1,,finalize_completed,0,10000,AISIVI,aisivi,303.596745967865,8600,0.00035805715015158057,0.000358057@8600,10000,-0.0007135687046684325,,,,,,,320.77409291267395,9100,-0.01706884801387787,-0.0170688@9100,10000,0.024174567312002182,,,,,,,,,,,,,337.7425594329834,9600,0.02016548439860344,0.0201655@9600,10000,0.026502473279833794,/root/ruivi/results/default_config_grid/AISIVI/multimodal/20260428_161048/plots,/root/ruivi/results/default_config_grid/AISIVI/multimodal/20260428_161048,seed46_aisivi_multimodal,/root/ruivi/results/default_config_grid/AISIVI/multimodal/20260428_161048/run.log,/root/ruivi/results/default_config_grid/AISIVI/multimodal/20260428_161048/samples,46,completed,multimodal,multimodal,/root/ruivi/tb_logs/default_config_grid/AISIVI/multimodal/20260428_161048,338.5697326660156,531.5043334662914
23663c3acae47f097bf1ee4f48fe450dd8bb8e88a859a9940cdb7e600e9e61d4,0.033268656581640244,/root/ruivi/results/default_config_grid/AISIVI/student_uc/20260428_161048/checkpoints,374bff3f18f27a18fe4c3296c3e9307d138686b1f284be48944131b58c080372,default-grid-effective-v1,configs/aisivi_student_uc.yaml,fresh,campaigns/default_config_grid/runtime/console_logs/seed46_aisivi_student_uc.log,/root/ruivi/tb_logs/default_config_grid/AISIVI/student_uc/20260428_161048/extracted,1,,finalize_completed,2,10000,AISIVI,aisivi,341.78605461120605,9900,-2.6824493408203125,-2.68245@9900,10000,-2.689305305480957,,,,,,,341.48567390441895,9900,-0.0116408821195364,-0.0116409@9900,10000,0.005732559598982334,,,,,,,,,,,,,260.6799876689911,7500,0.6113761067390442,0.611376@7500,10000,0.6350353956222534,/root/ruivi/results/default_config_grid/AISIVI/student_uc/20260428_161048/plots,/root/ruivi/results/default_config_grid/AISIVI/student_uc/20260428_161048,seed46_aisivi_student_uc,/root/ruivi/results/default_config_grid/AISIVI/student_uc/20260428_161048/run.log,/root/ruivi/results/default_config_grid/AISIVI/student_uc/20260428_161048/samples,46,completed,student_uc,student_uc,/root/ruivi/tb_logs/default_config_grid/AISIVI/student_uc/20260428_161048,332.6865539550781,531.5066194161773
01ef1688f9333c6b467683a01c2df989c87ec11bde7850234e4dc932d43c3bdb,0.03486847132444382,/root/ruivi/results/default_config_grid/AISIVI/x_shaped/20260428_161133/checkpoints,c900ebd7c355eecaafba06e462eb7a5b42fca995a702d1ba20fe82b8ad887872,default-grid-effective-v1,configs/aisivi_x_shaped.yaml,fresh,campaigns/default_config_grid/runtime/console_logs/seed46_aisivi_x_shaped.log,/root/ruivi/tb_logs/default_config_grid/AISIVI/x_shaped/20260428_161133/extracted,1,,finalize_completed,1,10000,AISIVI,aisivi,319.20316648483276,8800,-0.15079225599765778,-0.150792@8800,10000,-0.1695902794599533,,,,,,,273.8719575405121,7500,0.08637260645627975,0.0863726@7500,10000,0.10288511961698532,,,,,,,,,,,,,291.21385169029236,8000,0.29683342576026917,0.296833@8000,10000,0.31651416420936584,/root/ruivi/results/default_config_grid/AISIVI/x_shaped/20260428_161133/plots,/root/ruivi/results/default_config_grid/AISIVI/x_shaped/20260428_161133,seed46_aisivi_x_shaped,/root/ruivi/results/default_config_grid/AISIVI/x_shaped/20260428_161133/run.log,/root/ruivi/results/default_config_grid/AISIVI/x_shaped/20260428_161133/samples,46,completed,x_shaped,x_shaped,/root/ruivi/tb_logs/default_config_grid/AISIVI/x_shaped/20260428_161133,348.6846923828125,486.66916719824076
21d12b0c31f44aef2bdb8601eab6ef9b3ce2683dac8bbf6820c39d0928749805,0.018812445923686028,/root/ruivi/results/default_config_grid/DSIVI/8_gaussians/20260428_161514/checkpoints,eb9f238de65ecbc986da9fbb19d1cdb23aed4a8dd4500e5aec8f58eb4d15e0c8,default-grid-effective-v1,configs/dsivi_8_gaussians.yaml,fresh,campaigns/default_config_grid/runtime/console_logs/seed46_dsivi_8_gaussians.log,/root/ruivi/tb_logs/default_config_grid/DSIVI/8_gaussians/20260428_161514/extracted,1,,finalize_completed,3,10000,DSIVI,dsivi,170.08866453170776,8800,-0.9513002634048462,-0.9513@8800,10000,-1.068595290184021,,,,,,,188.87379026412964,9800,0.5148950815200806,0.514895@9800,10000,0.6273484230041504,,,,,,,,,,,,,190.83043217658997,9900,0.31448113918304443,0.314481@9900,10000,0.3697659373283386,/root/ruivi/results/default_config_grid/DSIVI/8_gaussians/20260428_161514/plots,/root/ruivi/results/default_config_grid/DSIVI/8_gaussians/20260428_161514,seed46_dsivi_8_gaussians,/root/ruivi/results/default_config_grid/DSIVI/8_gaussians/20260428_161514/run.log,/root/ruivi/results/default_config_grid/DSIVI/8_gaussians/20260428_161514/samples,46,completed,8_gaussians,8_gaussians,/root/ruivi/tb_logs/default_config_grid/DSIVI/8_gaussians/20260428_161514,188.1244659423828,265.08695339784026
588f9073177a3f2d65f1bbfe558d5eeef9e2a7fb1c16f930ddea99c163ef742e,0.018129559233784676,/root/ruivi/results/default_config_grid/DSIVI/banana/20260428_161940/checkpoints,ddbace2d1f3e4a33bdc81c9343b9bcc2722771000c12542eb8e20c8cd38c9562,default-grid-effective-v1,configs/dsivi_banana.yaml,fresh,campaigns/default_config_grid/runtime/console_logs/seed46_dsivi_banana.log,/root/ruivi/tb_logs/default_config_grid/DSIVI/banana/20260428_161940/extracted,1,,finalize_completed,0,10000,DSIVI,dsivi,95.59480428695679,5100,-0.0024888613261282444,-0.00248886@5100,10000,-0.007010523695498705,,,,,,,97.1178879737854,5200,-0.02089432254433632,-0.0208943@5200,10000,0.0171912033110857,,,,,,,,,,,,,161.50363397598267,8700,0.03144317492842674,0.0314432@8700,10000,0.06656880676746368,/root/ruivi/results/default_config_grid/DSIVI/banana/20260428_161940/plots,/root/ruivi/results/default_config_grid/DSIVI/banana/20260428_161940,seed46_dsivi_banana,/root/ruivi/results/default_config_grid/DSIVI/banana/20260428_161940/run.log,/root/ruivi/results/default_config_grid/DSIVI/banana/20260428_161940/samples,46,completed,banana,banana,/root/ruivi/tb_logs/default_config_grid/DSIVI/banana/20260428_161940,181.29559326171875,270.73289646208286
fc646f21f6d1de9b62b8cd493fdbdb2b282145fa2abc9e7c988b268745c8dcea,0.010973586700856686,/root/ruivi/results/default_config_grid/DSIVI/Bnn_boston/20260428_161940/checkpoints,b70267544b19c994ca655199cc8c21721851ab72a4b09e14421351113ef14424,default-grid-effective-v1,configs/dsivi_Bnn_boston.yaml,fresh,campaigns/default_config_grid/runtime/console_logs/seed46_dsivi_bnn_boston.log,/root/ruivi/tb_logs/default_config_grid/DSIVI/Bnn_boston/20260428_161940/extracted,1,,finalize_completed,1,10000,DSIVI,dsivi,,,,,,,,,,,,,,,,,,,115.63068771362305,9200,2.4531967639923096,2.4532@9200,10000,2.457763433456421,115.6306483745575,9200,2.5687198638916016,2.56872@9200,10000,2.591738700866699,,,,,,,/root/ruivi/results/default_config_grid/DSIVI/Bnn_boston/20260428_161940/plots,/root/ruivi/results/default_config_grid/DSIVI/Bnn_boston/20260428_161940,seed46_dsivi_bnn_boston,/root/ruivi/results/default_config_grid/DSIVI/Bnn_boston/20260428_161940/run.log,/root/ruivi/results/default_config_grid/DSIVI/Bnn_boston/20260428_161940/samples,46,completed,Bnn_boston,Bnn_boston,/root/ruivi/tb_logs/default_config_grid/DSIVI/Bnn_boston/20260428_161940,109.73587036132812,270.7560075633228
ad8e6ed9a84d68ae34ac8a7d307c666edeaa30904d58e6f15909c0b8a004889c,0.011146347969770432,/root/ruivi/results/default_config_grid/DSIVI/Bnn_concrete/20260428_161940/checkpoints,7b6d1a85b0aafb8cfe0093a1d8c1a9cf5885f5fee4951bbfa3caa60ec695d3ba,default-grid-effective-v1,configs/dsivi_Bnn_concrete.yaml,fresh,campaigns/default_config_grid/runtime/console_logs/seed46_dsivi_bnn_concrete.log,/root/ruivi/tb_logs/default_config_grid/DSIVI/Bnn_concrete/20260428_161940/extracted,1,,finalize_completed,2,10000,DSIVI,dsivi,,,,,,,,,,,,,,,,,,,124.20747518539429,9800,3.2557315826416016,3.25573@9800,10000,3.257307291030884,124.2074327468872,9800,6.209017753601074,6.20902@9800,10000,6.217000484466553,,,,,,,/root/ruivi/results/default_config_grid/DSIVI/Bnn_concrete/20260428_161940/plots,/root/ruivi/results/default_config_grid/DSIVI/Bnn_concrete/20260428_161940,seed46_dsivi_bnn_concrete,/root/ruivi/results/default_config_grid/DSIVI/Bnn_concrete/20260428_161940/run.log,/root/ruivi/results/default_config_grid/DSIVI/Bnn_concrete/20260428_161940/samples,46,completed,Bnn_concrete,Bnn_concrete,/root/ruivi/tb_logs/default_config_grid/DSIVI/Bnn_concrete/20260428_161940,111.46348571777344,270.7733090892434
29a1e6ea8d38c526a3cd5a9af84b732736ae9c4760adc1d32ae98d87828373f7,0.011106562800705433,/root/ruivi/results/default_config_grid/DSIVI/Bnn_power/20260428_161940/checkpoints,ace67dec0e391ea33309de73419b98df29b5fa63c0f5b6f0c898546c6e7e2672,default-grid-effective-v1,configs/dsivi_Bnn_power.yaml,fresh,campaigns/default_config_grid/runtime/console_logs/seed46_dsivi_bnn_power.log,/root/ruivi/tb_logs/default_config_grid/DSIVI/Bnn_power/20260428_161940/extracted,1,,finalize_completed,3,10000,DSIVI,dsivi,,,,,,,,,,,,,,,,,,,87.39675951004028,6400,2.788510322570801,2.78851@6400,10000,2.8015871047973633,87.39671921730042,6400,3.9100358486175537,3.91004@6400,10000,3.968944549560547,,,,,,,/root/ruivi/results/default_config_grid/DSIVI/Bnn_power/20260428_161940/plots,/root/ruivi/results/default_config_grid/DSIVI/Bnn_power/20260428_161940,seed46_dsivi_bnn_power,/root/ruivi/results/default_config_grid/DSIVI/Bnn_power/20260428_161940/run.log,/root/ruivi/results/default_config_grid/DSIVI/Bnn_power/20260428_161940/samples,46,completed,Bnn_power,Bnn_power,/root/ruivi/tb_logs/default_config_grid/DSIVI/Bnn_power/20260428_161940,111.06563568115234,270.78967156633735
0c8c4417284dffda42cbab65d82a724739cebd2bde59f2ba1677ba3e63f6275e,0.011338288895785809,/root/ruivi/results/default_config_grid/DSIVI/Bnn_protein/20260428_162411/checkpoints,c552417785518f90103ab354aeb9da6993ad6e02e15892f7c0ea20f2db420e81,default-grid-effective-v1,configs/dsivi_Bnn_protein.yaml,fresh,campaigns/default_config_grid/runtime/console_logs/seed46_dsivi_bnn_protein.log,/root/ruivi/tb_logs/default_config_grid/DSIVI/Bnn_protein/20260428_162411/extracted,1,,finalize_completed,0,10000,DSIVI,dsivi,,,,,,,,,,,,,,,,,,,127.76195025444031,10000,2.924679756164551,2.92468@10000,10000,2.924679756164551,127.76189732551575,10000,4.4802775382995605,4.48028@10000,10000,4.4802775382995605,,,,,,,/root/ruivi/results/default_config_grid/DSIVI/Bnn_protein/20260428_162411/plots,/root/ruivi/results/default_config_grid/DSIVI/Bnn_protein/20260428_162411,seed46_dsivi_bnn_protein,/root/ruivi/results/default_config_grid/DSIVI/Bnn_protein/20260428_162411/run.log,/root/ruivi/results/default_config_grid/DSIVI/Bnn_protein/20260428_162411/samples,46,completed,Bnn_protein,Bnn_protein,/root/ruivi/tb_logs/default_config_grid/DSIVI/Bnn_protein/20260428_162411,113.38288879394531,272.54403669014573
d67f83ce64d402144c95bcecb19450058436c5e840ab0408fb57b854f0dafb9e,0.011871330440044403,/root/ruivi/results/default_config_grid/DSIVI/Bnn_winered/20260501_185537/checkpoints,3e3ad5f4a3ef2cc2c80fa07a88aa17bf5374e0217b28f84772081032b75db6d7,default-grid-effective-v1,configs/dsivi_Bnn_winered.yaml,fresh,campaigns/default_config_grid/runtime/console_logs/seed46_dsivi_bnn_winered.log,/root/ruivi/tb_logs/default_config_grid/DSIVI/Bnn_winered/20260501_185537/extracted,2,,finalize_completed,1,10000,DSIVI,dsivi,,,,,,,,,,,,,,,,,,,77.40262985229492,5400,0.9310073852539062,0.931007@5400,10000,0.937049388885498,77.40257859230042,5400,0.6136685013771057,0.613669@5400,10000,0.6171999573707581,,,,,,,/root/ruivi/results/default_config_grid/DSIVI/Bnn_winered/20260501_185537/plots,/root/ruivi/results/default_config_grid/DSIVI/Bnn_winered/20260501_185537,seed46_dsivi_bnn_winered,/root/ruivi/results/default_config_grid/DSIVI/Bnn_winered/20260501_185537/run.log,/root/ruivi/results/default_config_grid/DSIVI/Bnn_winered/20260501_185537/samples,46,completed,Bnn_winered,Bnn_winered,/root/ruivi/tb_logs/default_config_grid/DSIVI/Bnn_winered/20260501_185537,118.71331024169922,270.33207857608795
b3827eafce8659053a190202dd9eb201a2fc0c5b26a0c406582e8bd6c1590d77,0.011898011900484562,/root/ruivi/results/default_config_grid/DSIVI/Bnn_yacht/20260501_190008/checkpoints,f41f352c68c7ba982ec6a9d0d93fbaef5aa22ec1bcfe21503709d85746879e2b,default-grid-effective-v1,configs/dsivi_Bnn_yacht.yaml,fresh,campaigns/default_config_grid/runtime/console_logs/seed46_dsivi_bnn_yacht.log,/root/ruivi/tb_logs/default_config_grid/DSIVI/Bnn_yacht/20260501_190008/extracted,2,,finalize_completed,1,10000,DSIVI,dsivi,,,,,,,,,,,,,,,,,,,119.46925783157349,8800,1.538224697113037,1.53822@8800,10000,1.6472530364990234,81.11998343467712,5700,1.223315954208374,1.22332@5700,10000,1.531294822692871,,,,,,,/root/ruivi/results/default_config_grid/DSIVI/Bnn_yacht/20260501_190008/plots,/root/ruivi/results/default_config_grid/DSIVI/Bnn_yacht/20260501_190008,seed46_dsivi_bnn_yacht,/root/ruivi/results/default_config_grid/DSIVI/Bnn_yacht/20260501_190008/run.log,/root/ruivi/results/default_config_grid/DSIVI/Bnn_yacht/20260501_190008/samples,46,completed,Bnn_yacht,Bnn_yacht,/root/ruivi/tb_logs/default_config_grid/DSIVI/Bnn_yacht/20260501_190008,118.98011779785156,323.3661970756948
657a535224e2063abe4c68183014d64d8037a64dbddb88210d97d093a4a499c2,0.02980828657746315,/root/ruivi/results/default_config_grid/DSIVI/Langevin_post/20260429_231940/checkpoints,f7c3f37337223fff662044ec955d871b847f917bf4c8a58e5720b0ed57ccb422,default-grid-effective-v1,configs/dsivi_Langevin_post.yaml,fresh,campaigns/default_config_grid/runtime/console_logs/seed46_dsivi_langevin_post.log,/root/ruivi/tb_logs/default_config_grid/DSIVI/Langevin_post/20260429_231940/extracted,2,,finalize_completed,1,10000,DSIVI,dsivi,144.89699840545654,4300,-189.5706024169922,-189.571@4300,10000,-196.5087432861328,311.0057215690613,9900,75.2030258178711,75.203@9900,10000,75.17090606689453,,,,,,,,,,,,,,,,,,,310.37543988227844,9900,0.008494454436004162,0.00849445@9900,10000,0.009026923216879368,/root/ruivi/results/default_config_grid/DSIVI/Langevin_post/20260429_231940/plots,/root/ruivi/results/default_config_grid/DSIVI/Langevin_post/20260429_231940,seed46_dsivi_langevin_post,/root/ruivi/results/default_config_grid/DSIVI/Langevin_post/20260429_231940/run.log,/root/ruivi/results/default_config_grid/DSIVI/Langevin_post/20260429_231940/samples,46,completed,Langevin_post,Langevin_post,/root/ruivi/tb_logs/default_config_grid/DSIVI/Langevin_post/20260429_231940,298.0828552246094,316.9705016091466
d9b2d1f2164301609691d4e270d87dd463055d20fb7499021bd6cff06a400349,0.01878378912806511,/root/ruivi/results/default_config_grid/DSIVI/LRwaveform/20260428_162843/checkpoints,ca389221f87ee9acdbff5f4f16433e875dc959d7fbef4a222e27d640b77677ad,default-grid-effective-v1,configs/dsivi_LRwaveform.yaml,fresh,campaigns/default_config_grid/runtime/console_logs/seed46_dsivi_lrwaveform.log,/root/ruivi/tb_logs/default_config_grid/DSIVI/LRwaveform/20260428_162843/extracted,1,,finalize_completed,0,10000,DSIVI,dsivi,9.08764386177063,200,30.830951690673828,30.831@200,10000,-22.91769027709961,,,,,,,,,,,,,,,,,,,,,,,,,,,,,,,/root/ruivi/results/default_config_grid/DSIVI/LRwaveform/20260428_162843/plots,/root/ruivi/results/default_config_grid/DSIVI/LRwaveform/20260428_162843,seed46_dsivi_lrwaveform,/root/ruivi/results/default_config_grid/DSIVI/LRwaveform/20260428_162843/run.log,/root/ruivi/results/default_config_grid/DSIVI/LRwaveform/20260428_162843/samples,46,completed,LRwaveform,LRwaveform,/root/ruivi/tb_logs/default_config_grid/DSIVI/LRwaveform/20260428_162843,187.83790588378906,276.35403756052256
c789d84689f17105429dac7ceb5fede9bfa389b951d9940c56e0b5cce3354d94,0.01728135719895363,/root/ruivi/results/default_config_grid/DSIVI/multimodal/20260428_162844/checkpoints,eb69637ac26e4988ecc1ee2905363cc136138cd411662df9930f0f2d7f563398,default-grid-effective-v1,configs/dsivi_multimodal.yaml,fresh,campaigns/default_config_grid/runtime/console_logs/seed46_dsivi_multimodal.log,/root/ruivi/tb_logs/default_config_grid/DSIVI/multimodal/20260428_162844/extracted,1,,finalize_completed,1,10000,DSIVI,dsivi,126.2751190662384,7000,0.00038219979614950716,0.0003822@7000,10000,-0.0009629265405237675,,,,,,,126.06081533432007,7000,-0.01098533347249031,-0.0109853@7000,10000,0.0034409123472869396,,,,,,,,,,,,,174.45723819732666,9800,0.01946420967578888,0.0194642@9800,10000,0.03745649382472038,/root/ruivi/results/default_config_grid/DSIVI/multimodal/20260428_162844/plots,/root/ruivi/results/default_config_grid/DSIVI/multimodal/20260428_162844,seed46_dsivi_multimodal,/root/ruivi/results/default_config_grid/DSIVI/multimodal/20260428_162844/run.log,/root/ruivi/results/default_config_grid/DSIVI/multimodal/20260428_162844/samples,46,completed,multimodal,multimodal,/root/ruivi/tb_logs/default_config_grid/DSIVI/multimodal/20260428_162844,172.81356811523438,276.37032628804445
3d8cbfe55f1e0afa3e0a426b8aed473ea2beca07e4a703a3a91a7c7ab34d31e5,0.018439384177327156,/root/ruivi/results/default_config_grid/DSIVI/student_uc/20260428_162844/checkpoints,83a1f588616f3a3238e9affc4ceea5c82ec6cf2a8e8a7d8dd7b1040cc615f196,default-grid-effective-v1,configs/dsivi_student_uc.yaml,fresh,campaigns/default_config_grid/runtime/console_logs/seed46_dsivi_student_uc.log,/root/ruivi/tb_logs/default_config_grid/DSIVI/student_uc/20260428_162844/extracted,1,,finalize_completed,2,10000,DSIVI,dsivi,157.17426466941833,8200,-2.677267551422119,-2.67727@8200,10000,-2.6845221519470215,,,,,,,113.85822010040283,5800,-0.010581857524812222,-0.0105819@5800,10000,0.004910821095108986,,,,,,,,,,,,,135.5164611339569,7000,0.5640480518341064,0.564048@7000,10000,0.5764439105987549,/root/ruivi/results/default_config_grid/DSIVI/student_uc/20260428_162844/plots,/root/ruivi/results/default_config_grid/DSIVI/student_uc/20260428_162844,seed46_dsivi_student_uc,/root/ruivi/results/default_config_grid/DSIVI/student_uc/20260428_162844/run.log,/root/ruivi/results/default_config_grid/DSIVI/student_uc/20260428_162844/samples,46,completed,student_uc,student_uc,/root/ruivi/tb_logs/default_config_grid/DSIVI/student_uc/20260428_162844,184.39382934570312,276.3899286016822
66829e3d406b3fe938477ee4c7a4c4ac38885d45b1c7ca0c0e9d7b38e2fee006,0.018009843304753304,/root/ruivi/results/default_config_grid/DSIVI/x_shaped/20260428_162914/checkpoints,5966f98380e821dbce9414573d84f1dbd6f68b93836252c03a4caa011434658c,default-grid-effective-v1,configs/dsivi_x_shaped.yaml,fresh,campaigns/default_config_grid/runtime/console_logs/seed46_dsivi_x_shaped.log,/root/ruivi/tb_logs/default_config_grid/DSIVI/x_shaped/20260428_162914/extracted,1,,finalize_completed,3,10000,DSIVI,dsivi,169.69000458717346,9200,-0.022987352684140205,-0.0229874@9200,10000,-0.028025628998875618,,,,,,,182.93580317497253,9900,-0.015285888686776161,-0.0152859@9900,10000,-0.005369954276829958,,,,,,,,,,,,,135.0436098575592,7300,0.040076594799757004,0.0400766@7300,10000,0.06354153901338577,/root/ruivi/results/default_config_grid/DSIVI/x_shaped/20260428_162914/plots,/root/ruivi/results/default_config_grid/DSIVI/x_shaped/20260428_162914,seed46_dsivi_x_shaped,/root/ruivi/results/default_config_grid/DSIVI/x_shaped/20260428_162914/run.log,/root/ruivi/results/default_config_grid/DSIVI/x_shaped/20260428_162914/samples,46,completed,x_shaped,x_shaped,/root/ruivi/tb_logs/default_config_grid/DSIVI/x_shaped/20260428_162914,180.0984344482422,245.76828402653337
d9afa18423130b0779089d250d6b7a5a42df5a453a291438cd0c07cbbfc55848,0.005941835232079029,/root/ruivi/results/default_config_grid/KSIVI/8_gaussians/20260428_163320/checkpoints,1b036b4ea6df34664c1a982f75baf23aead511c02c23fd513737b730baa6fc5a,default-grid-effective-v1,configs/ksivi_8_gaussians.yaml,fresh,campaigns/default_config_grid/runtime/console_logs/seed46_ksivi_8_gaussians.log,/root/ruivi/tb_logs/default_config_grid/KSIVI/8_gaussians/20260428_163320/extracted,1,,finalize_completed,0,50000,KSIVI,ksivi,193.79527187347412,32000,-1.2233812808990479,-1.22338@32000,50000,-1.27835214138031,,,,,,,263.0841648578644,43500,1.0477055311203003,1.04771@43500,50000,1.0812493562698364,,,,,,,,,,,,,28.15422248840332,4000,0.6104059219360352,0.610406@4000,50000,1.483347773551941,/root/ruivi/results/default_config_grid/KSIVI/8_gaussians/20260428_163320/plots,/root/ruivi/results/default_config_grid/KSIVI/8_gaussians/20260428_163320,seed46_ksivi_8_gaussians,/root/ruivi/results/default_config_grid/KSIVI/8_gaussians/20260428_163320/run.log,/root/ruivi/results/default_config_grid/KSIVI/8_gaussians/20260428_163320/samples,46,completed,8_gaussians,8_gaussians,/root/ruivi/tb_logs/default_config_grid/KSIVI/8_gaussians/20260428_163320,297.0917663574219,302.5785803645849
fe4e6847899c3ddecfda2d4fc576a14263e015faa462c33adf2e4e2247773c0e,0.006275567226111889,/root/ruivi/results/default_config_grid/KSIVI/banana/20260428_163320/checkpoints,4da56cc70ba9d536ed9893fd065d4e1ad470d1cd38f7f3fe04a8cd0d1e4c49e0,default-grid-effective-v1,configs/ksivi_banana.yaml,fresh,campaigns/default_config_grid/runtime/console_logs/seed46_ksivi_banana.log,/root/ruivi/tb_logs/default_config_grid/KSIVI/banana/20260428_163320/extracted,1,,finalize_completed,1,50000,KSIVI,ksivi,268.5961985588074,42000,-0.04324739798903465,-0.0432474@42000,50000,-0.04588992893695831,,,,,,,145.60167717933655,22500,0.02560121938586235,0.0256012@22500,50000,0.051589105278253555,,,,,,,,,,,,,58.497116804122925,8500,0.4826916456222534,0.482692@8500,50000,0.5375901460647583,/root/ruivi/results/default_config_grid/KSIVI/banana/20260428_163320/plots,/root/ruivi/results/default_config_grid/KSIVI/banana/20260428_163320,seed46_ksivi_banana,/root/ruivi/results/default_config_grid/KSIVI/banana/20260428_163320/run.log,/root/ruivi/results/default_config_grid/KSIVI/banana/20260428_163320/samples,46,completed,banana,banana,/root/ruivi/tb_logs/default_config_grid/KSIVI/banana/20260428_163320,313.77838134765625,320.9920615404844
8f112966f04ec3ed64cd57811e45aec33f3b4908b484f6f07ff4fcf1aabc6d3f,0.009228772483766079,/root/ruivi/results/default_config_grid/KSIVI/Bnn_boston/20260428_163320/checkpoints,8f112966f04ec3ed64cd57811e45aec33f3b4908b484f6f07ff4fcf1aabc6d3f,default-grid-effective-v1,configs/ksivi_Bnn_boston.yaml,fresh,campaigns/default_config_grid/runtime/console_logs/seed46_ksivi_bnn_boston.log,/root/ruivi/tb_logs/default_config_grid/KSIVI/Bnn_boston/20260428_163320/extracted,1,,finalize_completed,2,100000,KSIVI,ksivi,,,,,,,,,,,,,,,,,,,548.6765239238739,62000,2.481536865234375,2.48154@62000,100000,2.4838144779205322,74.51029777526855,8000,2.5607850551605225,2.56079@8000,100000,2.6019883155822754,,,,,,,/root/ruivi/results/default_config_grid/KSIVI/Bnn_boston/20260428_163320/plots,/root/ruivi/results/default_config_grid/KSIVI/Bnn_boston/20260428_163320,seed46_ksivi_bnn_boston,/root/ruivi/results/default_config_grid/KSIVI/Bnn_boston/20260428_163320/run.log,/root/ruivi/results/default_config_grid/KSIVI/Bnn_boston/20260428_163320/samples,46,completed,Bnn_boston,Bnn_boston,/root/ruivi/tb_logs/default_config_grid/KSIVI/Bnn_boston/20260428_163320,922.8772583007812,1133.5977934636176
80d1947b7bdeb01314f95f58deb52f4218b425af1fe6830c48dd99d0f669ed38,0.009585769847035408,/root/ruivi/results/default_config_grid/KSIVI/Bnn_concrete/20260428_163321/checkpoints,80d1947b7bdeb01314f95f58deb52f4218b425af1fe6830c48dd99d0f669ed38,default-grid-effective-v1,configs/ksivi_Bnn_concrete.yaml,fresh,campaigns/default_config_grid/runtime/console_logs/seed46_ksivi_bnn_concrete.log,/root/ruivi/tb_logs/default_config_grid/KSIVI/Bnn_concrete/20260428_163321/extracted,1,,finalize_completed,3,100000,KSIVI,ksivi,,,,,,,,,,,,,,,,,,,962.4985184669495,100000,3.2594082355499268,3.25941@100000,100000,3.2594082355499268,962.4984686374664,100000,6.326379776000977,6.32638@100000,100000,6.326379776000977,,,,,,,/root/ruivi/results/default_config_grid/KSIVI/Bnn_concrete/20260428_163321/plots,/root/ruivi/results/default_config_grid/KSIVI/Bnn_concrete/20260428_163321,seed46_ksivi_bnn_concrete,/root/ruivi/results/default_config_grid/KSIVI/Bnn_concrete/20260428_163321/run.log,/root/ruivi/results/default_config_grid/KSIVI/Bnn_concrete/20260428_163321/samples,46,completed,Bnn_concrete,Bnn_concrete,/root/ruivi/tb_logs/default_config_grid/KSIVI/Bnn_concrete/20260428_163321,958.5770263671875,1133.6306083649397
b974a37fb54a518c9b262b248792635853f41b891cd9fd47b80b55d94707e468,0.009668281301856041,/root/ruivi/results/default_config_grid/KSIVI/Bnn_power/20260428_163823/checkpoints,b974a37fb54a518c9b262b248792635853f41b891cd9fd47b80b55d94707e468,default-grid-effective-v1,configs/ksivi_Bnn_power.yaml,fresh,campaigns/default_config_grid/runtime/console_logs/seed46_ksivi_bnn_power.log,/root/ruivi/tb_logs/default_config_grid/KSIVI/Bnn_power/20260428_163823/extracted,1,,finalize_completed,0,100000,KSIVI,ksivi,,,,,,,,,,,,,,,,,,,590.6543514728546,62000,2.8022384643554688,2.80224@62000,100000,2.8041834831237793,590.654308795929,62000,3.948777437210083,3.94878@62000,100000,3.952953577041626,,,,,,,/root/ruivi/results/default_config_grid/KSIVI/Bnn_power/20260428_163823/plots,/root/ruivi/results/default_config_grid/KSIVI/Bnn_power/20260428_163823,seed46_ksivi_bnn_power,/root/ruivi/results/default_config_grid/KSIVI/Bnn_power/20260428_163823/run.log,/root/ruivi/results/default_config_grid/KSIVI/Bnn_power/20260428_163823/samples,46,completed,Bnn_power,Bnn_power,/root/ruivi/tb_logs/default_config_grid/KSIVI/Bnn_power/20260428_163823,966.8281860351562,1116.8758206441998
1897f36e82aa6797eede86a87752c3d749c6a571cb3c2444b97c94eeb52ae155,0.009743054397404194,/root/ruivi/results/default_config_grid/KSIVI/Bnn_protein/20260428_163841/checkpoints,1897f36e82aa6797eede86a87752c3d749c6a571cb3c2444b97c94eeb52ae155,default-grid-effective-v1,configs/ksivi_Bnn_protein.yaml,fresh,campaigns/default_config_grid/runtime/console_logs/seed46_ksivi_bnn_protein.log,/root/ruivi/tb_logs/default_config_grid/KSIVI/Bnn_protein/20260428_163841/extracted,1,,finalize_completed,1,100000,KSIVI,ksivi,,,,,,,,,,,,,,,,,,,709.7636678218842,73000,3.017983913421631,3.01798@73000,100000,3.018045425415039,977.4003953933716,100000,4.954627990722656,4.95463@100000,100000,4.954627990722656,,,,,,,/root/ruivi/results/default_config_grid/KSIVI/Bnn_protein/20260428_163841/plots,/root/ruivi/results/default_config_grid/KSIVI/Bnn_protein/20260428_163841,seed46_ksivi_bnn_protein,/root/ruivi/results/default_config_grid/KSIVI/Bnn_protein/20260428_163841/run.log,/root/ruivi/results/default_config_grid/KSIVI/Bnn_protein/20260428_163841/samples,46,completed,Bnn_protein,Bnn_protein,/root/ruivi/tb_logs/default_config_grid/KSIVI/Bnn_protein/20260428_163841,974.305419921875,1098.4902352876961
bcf45b80c050d98d29ca658adf6afd45e9bb1eb0091b31aa6e69c71fe462659c,0.010643606074154377,/root/ruivi/results/default_config_grid/KSIVI/Bnn_winered/20260501_190008/checkpoints,bcf45b80c050d98d29ca658adf6afd45e9bb1eb0091b31aa6e69c71fe462659c,default-grid-effective-v1,configs/ksivi_Bnn_winered.yaml,fresh,campaigns/default_config_grid/runtime/console_logs/seed46_ksivi_bnn_winered.log,/root/ruivi/tb_logs/default_config_grid/KSIVI/Bnn_winered/20260501_190008/extracted,2,,finalize_completed,2,100000,KSIVI,ksivi,,,,,,,,,,,,,,,,,,,984.624016046524,92000,0.9164905548095703,0.916491@92000,100000,0.9165267944335938,984.6239709854126,92000,0.6048891544342041,0.604889@92000,100000,0.6049652099609375,,,,,,,/root/ruivi/results/default_config_grid/KSIVI/Bnn_winered/20260501_190008/plots,/root/ruivi/results/default_config_grid/KSIVI/Bnn_winered/20260501_190008,seed46_ksivi_bnn_winered,/root/ruivi/results/default_config_grid/KSIVI/Bnn_winered/20260501_190008/run.log,/root/ruivi/results/default_config_grid/KSIVI/Bnn_winered/20260501_190008/samples,46,completed,Bnn_winered,Bnn_winered,/root/ruivi/tb_logs/default_config_grid/KSIVI/Bnn_winered/20260501_190008,1064.360595703125,1072.587628800422
67cd4d1b1b36cd46a2b2bfaeea82015fc70c7d9b498a626a8642beed00233389,0.010597217828035355,/root/ruivi/results/default_config_grid/KSIVI/Bnn_yacht/20260501_190008/checkpoints,67cd4d1b1b36cd46a2b2bfaeea82015fc70c7d9b498a626a8642beed00233389,default-grid-effective-v1,configs/ksivi_Bnn_yacht.yaml,fresh,campaigns/default_config_grid/runtime/console_logs/seed46_ksivi_bnn_yacht.log,/root/ruivi/tb_logs/default_config_grid/KSIVI/Bnn_yacht/20260501_190008/extracted,2,,finalize_completed,3,100000,KSIVI,ksivi,,,,,,,,,,,,,,,,,,,806.8036408424377,76000,1.5589489936828613,1.55895@76000,100000,1.5815982818603516,1010.9732165336609,95000,1.2291332483291626,1.22913@95000,100000,1.3111846446990967,,,,,,,/root/ruivi/results/default_config_grid/KSIVI/Bnn_yacht/20260501_190008/plots,/root/ruivi/results/default_config_grid/KSIVI/Bnn_yacht/20260501_190008,seed46_ksivi_bnn_yacht,/root/ruivi/results/default_config_grid/KSIVI/Bnn_yacht/20260501_190008/run.log,/root/ruivi/results/default_config_grid/KSIVI/Bnn_yacht/20260501_190008/samples,46,completed,Bnn_yacht,Bnn_yacht,/root/ruivi/tb_logs/default_config_grid/KSIVI/Bnn_yacht/20260501_190008,1059.7218017578125,1066.230310164392
7629f22d1ee3e83ea22bccc3659f8a3f14777e75c9f51e280513485b5d60a983,0.009912654757499695,/root/ruivi/results/default_config_grid/KSIVI/Langevin_post/20260429_232117/checkpoints,7629f22d1ee3e83ea22bccc3659f8a3f14777e75c9f51e280513485b5d60a983,default-grid-effective-v1,configs/ksivi_Langevin_post.yaml,fresh,campaigns/default_config_grid/runtime/console_logs/seed46_ksivi_langevin_post.log,/root/ruivi/tb_logs/default_config_grid/KSIVI/Langevin_post/20260429_232117/extracted,2,,finalize_completed,3,50000,KSIVI,ksivi,244.73614120483398,24500,-182.71742248535156,-182.717@24500,50000,-186.92771911621094,106.22680449485779,10500,73.95677185058594,73.9568@10500,50000,69.24299621582031,,,,,,,,,,,,,,,,,,,105.59004545211792,10500,0.018289761617779732,0.0182898@10500,50000,0.022629277780652046,/root/ruivi/results/default_config_grid/KSIVI/Langevin_post/20260429_232117/plots,/root/ruivi/results/default_config_grid/KSIVI/Langevin_post/20260429_232117,seed46_ksivi_langevin_post,/root/ruivi/results/default_config_grid/KSIVI/Langevin_post/20260429_232117/run.log,/root/ruivi/results/default_config_grid/KSIVI/Langevin_post/20260429_232117/samples,46,completed,Langevin_post,Langevin_post,/root/ruivi/tb_logs/default_config_grid/KSIVI/Langevin_post/20260429_232117,495.63275146484375,513.4398123659194
532e74cfc3a2c2027bfc4dca191528f6db0fbf7d11f151df2c4178552d41b42c,0.006448093801736832,/root/ruivi/results/default_config_grid/KSIVI/LRwaveform/20260428_165700/checkpoints,532e74cfc3a2c2027bfc4dca191528f6db0fbf7d11f151df2c4178552d41b42c,default-grid-effective-v1,configs/ksivi_LRwaveform.yaml,fresh,campaigns/default_config_grid/runtime/console_logs/seed46_ksivi_lrwaveform.log,/root/ruivi/tb_logs/default_config_grid/KSIVI/LRwaveform/20260428_165700/extracted,1,,finalize_completed,1,50000,KSIVI,ksivi,7.274812936782837,500,26.03533935546875,26.0353@500,50000,-16.773618698120117,,,,,,,,,,,,,,,,,,,,,,,,,,,,,,,/root/ruivi/results/default_config_grid/KSIVI/LRwaveform/20260428_165700/plots,/root/ruivi/results/default_config_grid/KSIVI/LRwaveform/20260428_165700,seed46_ksivi_lrwaveform,/root/ruivi/results/default_config_grid/KSIVI/LRwaveform/20260428_165700/run.log,/root/ruivi/results/default_config_grid/KSIVI/LRwaveform/20260428_165700/samples,46,completed,LRwaveform,LRwaveform,/root/ruivi/tb_logs/default_config_grid/KSIVI/LRwaveform/20260428_165700,322.4046936035156,329.5786096639931
f66377df4f951bd0fb63a8bc9f477919ef449418cfcc6abc03852f55efb27421,0.007002443540841341,/root/ruivi/results/default_config_grid/KSIVI/multimodal/20260428_170229/checkpoints,ce11c915f67d8501e7a24de8670f32a74b99ec085c57611be30c028147b11071,default-grid-effective-v1,configs/ksivi_multimodal.yaml,fresh,campaigns/default_config_grid/runtime/console_logs/seed46_ksivi_multimodal.log,/root/ruivi/tb_logs/default_config_grid/KSIVI/multimodal/20260428_170229/extracted,1,,finalize_completed,1,50000,KSIVI,ksivi,329.8343200683594,46500,-0.0023038785438984632,-0.00230388@46500,50000,-0.005865287501364946,,,,,,,167.60204339027405,23000,-0.009685853496193886,-0.00968585@23000,50000,0.015560968779027462,,,,,,,,,,,,,264.9484314918518,37000,0.026840640231966972,0.0268406@37000,50000,0.02999819815158844,/root/ruivi/results/default_config_grid/KSIVI/multimodal/20260428_170229/plots,/root/ruivi/results/default_config_grid/KSIVI/multimodal/20260428_170229,seed46_ksivi_multimodal,/root/ruivi/results/default_config_grid/KSIVI/multimodal/20260428_170229/run.log,/root/ruivi/results/default_config_grid/KSIVI/multimodal/20260428_170229/samples,46,completed,multimodal,multimodal,/root/ruivi/tb_logs/default_config_grid/KSIVI/multimodal/20260428_170229,350.1221923828125,523.3521943874657
496b5344d0ab9c06e6d88e25e1fda90b17ed977db26c61b66ae7cc945f997066,0.006397746969014406,/root/ruivi/results/default_config_grid/KSIVI/student_uc/20260428_170627/checkpoints,558e91081a16067f95c3ae7d168fd9a51ff4517d62600ab9ada2db01bc67d80f,default-grid-effective-v1,configs/ksivi_student_uc.yaml,fresh,campaigns/default_config_grid/runtime/console_logs/seed46_ksivi_student_uc.log,/root/ruivi/tb_logs/default_config_grid/KSIVI/student_uc/20260428_170627/extracted,1,,finalize_completed,0,50000,KSIVI,ksivi,7.3580944538116455,500,-6.925013065338135,-6.92501@500,50000,-14.275199890136719,,,,,,,7.08255934715271,500,4.161516189575195,4.16152@500,50000,8.65725326538086,,,,,,,,,,,,,7.121497869491577,500,2.852267026901245,2.85227@500,50000,30.74143409729004,/root/ruivi/results/default_config_grid/KSIVI/student_uc/20260428_170627/plots,/root/ruivi/results/default_config_grid/KSIVI/student_uc/20260428_170627,seed46_ksivi_student_uc,/root/ruivi/results/default_config_grid/KSIVI/student_uc/20260428_170627/run.log,/root/ruivi/results/default_config_grid/KSIVI/student_uc/20260428_170627/samples,46,completed,student_uc,student_uc,/root/ruivi/tb_logs/default_config_grid/KSIVI/student_uc/20260428_170627,319.8873596191406,326.65996205061674
91b9ed8c98c76c4c3bd63e41ce1367a17ce8faf9279bd232055e5177a7cc40dd,0.007677691988646984,/root/ruivi/results/default_config_grid/KSIVI/x_shaped/20260428_171113/checkpoints,ed80d4f77a403b62399c77dceeaafa81ba73440525535d16582ca2621d94a8df,default-grid-effective-v1,configs/ksivi_x_shaped.yaml,fresh,campaigns/default_config_grid/runtime/console_logs/seed46_ksivi_x_shaped.log,/root/ruivi/tb_logs/default_config_grid/KSIVI/x_shaped/20260428_171113/extracted,1,,finalize_completed,1,50000,KSIVI,ksivi,292.9708135128021,38000,-0.45076796412467957,-0.450768@38000,50000,-0.4977053999900818,,,,,,,269.59426975250244,35000,0.34057021141052246,0.34057@35000,50000,0.35499441623687744,,,,,,,,,,,,,234.1943793296814,30500,0.7099978923797607,0.709998@30500,50000,0.7766100764274597,/root/ruivi/results/default_config_grid/KSIVI/x_shaped/20260428_171113/plots,/root/ruivi/results/default_config_grid/KSIVI/x_shaped/20260428_171113,seed46_ksivi_x_shaped,/root/ruivi/results/default_config_grid/KSIVI/x_shaped/20260428_171113/run.log,/root/ruivi/results/default_config_grid/KSIVI/x_shaped/20260428_171113/samples,46,completed,x_shaped,x_shaped,/root/ruivi/tb_logs/default_config_grid/KSIVI/x_shaped/20260428_171113,383.8846130371094,573.2116675376892
ce0d4b4075480fa6a80410f89b8357eb558cf8733d83597df9ec40e6537f9e8a,0.015137659385800362,/root/ruivi/results/default_config_grid/SIVI/8_gaussians/20260428_142540/checkpoints,b159105001edafd1776180b2296ec8ee666c331697ec6bc3e3f7c1885235a926,default-grid-effective-v1,configs/sivi_8_gaussians.yaml,fresh,campaigns/default_config_grid/runtime/console_logs/seed46_sivi_8_gaussians.log,/root/ruivi/tb_logs/default_config_grid/SIVI/8_gaussians/20260428_142540/extracted,1,,finalize_completed,0,10000,SIVI,sivi,152.35410523414612,9800,-0.1902349889278412,-0.190235@9800,10000,-0.22873404622077942,,,,,,,147.74907207489014,9500,0.19286960363388062,0.19287@9500,10000,0.20121969282627106,,,,,,,,,,,,,50.686240911483765,3100,0.19292806088924408,0.192928@3100,10000,0.2135075181722641,/root/ruivi/results/default_config_grid/SIVI/8_gaussians/20260428_142540/plots,/root/ruivi/results/default_config_grid/SIVI/8_gaussians/20260428_142540,seed46_sivi_8_gaussians,/root/ruivi/results/default_config_grid/SIVI/8_gaussians/20260428_142540/run.log,/root/ruivi/results/default_config_grid/SIVI/8_gaussians/20260428_142540/samples,46,completed,8_gaussians,8_gaussians,/root/ruivi/tb_logs/default_config_grid/SIVI/8_gaussians/20260428_142540,151.37660217285156,197.16165889427066
e4d9868557b8d9bca1ae19665b346ec18816ecc1535e8fb1301c7db08da14c60,0.015057350508868694,/root/ruivi/results/default_config_grid/SIVI/banana/20260428_142857/checkpoints,fdd17db742f71eed3258423363005a05e64eba54c29b529e1e3204bce45f9891,default-grid-effective-v1,configs/sivi_banana.yaml,fresh,campaigns/default_config_grid/runtime/console_logs/seed46_sivi_banana.log,/root/ruivi/tb_logs/default_config_grid/SIVI/banana/20260428_142857/extracted,1,,finalize_completed,0,10000,SIVI,sivi,106.53543901443481,6800,-0.0023330156691372395,-0.00233302@6800,10000,-0.006349652539938688,,,,,,,103.35844254493713,6600,-0.015596603974699974,-0.0155966@6600,10000,0.008600949309766293,,,,,,,,,,,,,143.93422985076904,9300,0.03560582175850868,0.0356058@9300,10000,0.05778435245156288,/root/ruivi/results/default_config_grid/SIVI/banana/20260428_142857/plots,/root/ruivi/results/default_config_grid/SIVI/banana/20260428_142857,seed46_sivi_banana,/root/ruivi/results/default_config_grid/SIVI/banana/20260428_142857/run.log,/root/ruivi/results/default_config_grid/SIVI/banana/20260428_142857/samples,46,completed,banana,banana,/root/ruivi/tb_logs/default_config_grid/SIVI/banana/20260428_142857,150.57350158691406,244.0535159856081
e99df99557722e2814a2352cf47ceb929252307588235a39f067acf02be1e256,0.05534897744655609,/root/ruivi/results/default_config_grid/SIVI/Bnn_boston/20260501_180039/checkpoints,e99df99557722e2814a2352cf47ceb929252307588235a39f067acf02be1e256,default-grid-effective-v1,configs/sivi_Bnn_boston.yaml,fresh,campaigns/default_config_grid/runtime/console_logs/seed46_sivi_bnn_boston.log,/root/ruivi/tb_logs/default_config_grid/SIVI/Bnn_boston/20260501_180039/extracted,2,,finalize_completed,3,10000,SIVI,sivi,,,,,,,,,,,,,,,,,,,176.5935549736023,3100,2.5105645656585693,2.51056@3100,10000,2.5336620807647705,176.59350752830505,3100,2.729933261871338,2.72993@3100,10000,2.860576868057251,,,,,,,/root/ruivi/results/default_config_grid/SIVI/Bnn_boston/20260501_180039/plots,/root/ruivi/results/default_config_grid/SIVI/Bnn_boston/20260501_180039,seed46_sivi_bnn_boston,/root/ruivi/results/default_config_grid/SIVI/Bnn_boston/20260501_180039/run.log,/root/ruivi/results/default_config_grid/SIVI/Bnn_boston/20260501_180039/samples,46,completed,Bnn_boston,Bnn_boston,/root/ruivi/tb_logs/default_config_grid/SIVI/Bnn_boston/20260501_180039,553.4898071289062,646.4645816981792
5a4abb6206f9936da54c18a8bd35e8b03c8f55e875e9993c61e21fb0976f9282,0.03898174315690994,/root/ruivi/results/default_config_grid/SIVI/Bnn_concrete/20260501_180104/checkpoints,5a4abb6206f9936da54c18a8bd35e8b03c8f55e875e9993c61e21fb0976f9282,default-grid-effective-v1,configs/sivi_Bnn_concrete.yaml,fresh,campaigns/default_config_grid/runtime/console_logs/seed46_sivi_bnn_concrete.log,/root/ruivi/tb_logs/default_config_grid/SIVI/Bnn_concrete/20260501_180104/extracted,2,,finalize_completed,2,10000,SIVI,sivi,,,,,,,,,,,,,,,,,,,136.38610005378723,3400,3.3643226623535156,3.36432@3400,10000,3.400006055831909,112.39923477172852,2800,6.765142917633057,6.76514@2800,10000,7.114388465881348,,,,,,,/root/ruivi/results/default_config_grid/SIVI/Bnn_concrete/20260501_180104/plots,/root/ruivi/results/default_config_grid/SIVI/Bnn_concrete/20260501_180104,seed46_sivi_bnn_concrete,/root/ruivi/results/default_config_grid/SIVI/Bnn_concrete/20260501_180104/run.log,/root/ruivi/results/default_config_grid/SIVI/Bnn_concrete/20260501_180104/samples,46,completed,Bnn_concrete,Bnn_concrete,/root/ruivi/tb_logs/default_config_grid/SIVI/Bnn_concrete/20260501_180104,389.81744384765625,396.95520639419556
339ba4379c1d9903a72013dd3138aaa288df0875c6d9040553640c704af9cfca,0.02638699859380722,/root/ruivi/results/default_config_grid/SIVI/Bnn_power/20260501_180741/checkpoints,339ba4379c1d9903a72013dd3138aaa288df0875c6d9040553640c704af9cfca,default-grid-effective-v1,configs/sivi_Bnn_power.yaml,fresh,campaigns/default_config_grid/runtime/console_logs/seed46_sivi_bnn_power.log,/root/ruivi/tb_logs/default_config_grid/SIVI/Bnn_power/20260501_180741/extracted,2,,finalize_completed,2,10000,SIVI,sivi,,,,,,,,,,,,,,,,,,,265.2827949523926,9900,2.8039755821228027,2.80398@9900,10000,2.804719924926758,262.7632315158844,9800,3.945680618286133,3.94568@9800,10000,3.9482574462890625,,,,,,,/root/ruivi/results/default_config_grid/SIVI/Bnn_power/20260501_180741/plots,/root/ruivi/results/default_config_grid/SIVI/Bnn_power/20260501_180741,seed46_sivi_bnn_power,/root/ruivi/results/default_config_grid/SIVI/Bnn_power/20260501_180741/run.log,/root/ruivi/results/default_config_grid/SIVI/Bnn_power/20260501_180741/samples,46,completed,Bnn_power,Bnn_power,/root/ruivi/tb_logs/default_config_grid/SIVI/Bnn_power/20260501_180741,263.8699951171875,271.92311093583703
10b56eccc945a12187275c78d981b05bd9c367502d286655d60716b12e0da340,0.04280153289437294,/root/ruivi/results/default_config_grid/SIVI/Bnn_protein/20260501_181126/checkpoints,10b56eccc945a12187275c78d981b05bd9c367502d286655d60716b12e0da340,default-grid-effective-v1,configs/sivi_Bnn_protein.yaml,fresh,campaigns/default_config_grid/runtime/console_logs/seed46_sivi_bnn_protein.log,/root/ruivi/tb_logs/default_config_grid/SIVI/Bnn_protein/20260501_181126/extracted,2,,finalize_completed,3,10000,SIVI,sivi,,,,,,,,,,,,,,,,,,,209.49291372299194,4800,3.0142436027526855,3.01424@4800,10000,3.036421537399292,235.7043206691742,5400,4.8597612380981445,4.85976@5400,10000,5.005842208862305,,,,,,,/root/ruivi/results/default_config_grid/SIVI/Bnn_protein/20260501_181126/plots,/root/ruivi/results/default_config_grid/SIVI/Bnn_protein/20260501_181126,seed46_sivi_bnn_protein,/root/ruivi/results/default_config_grid/SIVI/Bnn_protein/20260501_181126/run.log,/root/ruivi/results/default_config_grid/SIVI/Bnn_protein/20260501_181126/samples,46,completed,Bnn_protein,Bnn_protein,/root/ruivi/tb_logs/default_config_grid/SIVI/Bnn_protein/20260501_181126,428.01531982421875,435.9808828048408
1839c41fe2768b872770f6b91d971027e5a6385deeb90bbfbeca54f97e0924d2,0.04899308830499649,/root/ruivi/results/default_config_grid/SIVI/Bnn_winered/20260501_181213/checkpoints,1839c41fe2768b872770f6b91d971027e5a6385deeb90bbfbeca54f97e0924d2,default-grid-effective-v1,configs/sivi_Bnn_winered.yaml,fresh,campaigns/default_config_grid/runtime/console_logs/seed46_sivi_bnn_winered.log,/root/ruivi/tb_logs/default_config_grid/SIVI/Bnn_winered/20260501_181213/extracted,2,,finalize_completed,2,10000,SIVI,sivi,,,,,,,,,,,,,,,,,,,199.3678503036499,4000,0.9459395408630371,0.94594@4000,10000,0.9686217308044434,199.36779737472534,4000,0.6232456564903259,0.623246@4000,10000,0.6403674483299255,,,,,,,/root/ruivi/results/default_config_grid/SIVI/Bnn_winered/20260501_181213/plots,/root/ruivi/results/default_config_grid/SIVI/Bnn_winered/20260501_181213,seed46_sivi_bnn_winered,/root/ruivi/results/default_config_grid/SIVI/Bnn_winered/20260501_181213/run.log,/root/ruivi/results/default_config_grid/SIVI/Bnn_winered/20260501_181213/samples,46,completed,Bnn_winered,Bnn_winered,/root/ruivi/tb_logs/default_config_grid/SIVI/Bnn_winered/20260501_181213,489.9308776855469,603.4892583079636
5481060eb46a8bdc24ce8c8079cffa8b1bfa100e135911040c5b609ae576eb96,0.032485608011484146,/root/ruivi/results/default_config_grid/SIVI/Bnn_yacht/20260501_181736/checkpoints,5481060eb46a8bdc24ce8c8079cffa8b1bfa100e135911040c5b609ae576eb96,default-grid-effective-v1,configs/sivi_Bnn_yacht.yaml,fresh,campaigns/default_config_grid/runtime/console_logs/seed46_sivi_bnn_yacht.log,/root/ruivi/tb_logs/default_config_grid/SIVI/Bnn_yacht/20260501_181736/extracted,2,,finalize_completed,0,10000,SIVI,sivi,,,,,,,,,,,,,,,,,,,303.9839401245117,9200,1.9285454750061035,1.92855@9200,10000,1.9454026222229004,328.85457277297974,10000,2.067932367324829,2.06793@10000,10000,2.067932367324829,,,,,,,/root/ruivi/results/default_config_grid/SIVI/Bnn_yacht/20260501_181736/plots,/root/ruivi/results/default_config_grid/SIVI/Bnn_yacht/20260501_181736,seed46_sivi_bnn_yacht,/root/ruivi/results/default_config_grid/SIVI/Bnn_yacht/20260501_181736/run.log,/root/ruivi/results/default_config_grid/SIVI/Bnn_yacht/20260501_181736/samples,46,completed,Bnn_yacht,Bnn_yacht,/root/ruivi/tb_logs/default_config_grid/SIVI/Bnn_yacht/20260501_181736,324.8560791015625,332.32015538588166
d103f71085a8f5e70ec85ccfc4465a3e83f76defc118d6ae1fe8afb13301ed36,0.0322907492518425,/root/ruivi/results/default_config_grid/SIVI/Langevin_post/20260429_231258/checkpoints,d103f71085a8f5e70ec85ccfc4465a3e83f76defc118d6ae1fe8afb13301ed36,default-grid-effective-v1,configs/sivi_Langevin_post.yaml,fresh,campaigns/default_config_grid/runtime/console_logs/seed46_sivi_langevin_post.log,/root/ruivi/tb_logs/default_config_grid/SIVI/Langevin_post/20260429_231258/extracted,2,,finalize_completed,0,10000,SIVI,sivi,300.25260186195374,9200,-179.37937927246094,-179.379@9200,10000,-179.39944458007812,90.13883876800537,2700,74.79409790039062,74.7941@2700,10000,58.222232818603516,,,,,,,,,,,,,,,,,,,89.50484943389893,2700,0.012210894376039505,0.0122109@2700,10000,0.033838387578725815,/root/ruivi/results/default_config_grid/SIVI/Langevin_post/20260429_231258/plots,/root/ruivi/results/default_config_grid/SIVI/Langevin_post/20260429_231258,seed46_sivi_langevin_post,/root/ruivi/results/default_config_grid/SIVI/Langevin_post/20260429_231258/run.log,/root/ruivi/results/default_config_grid/SIVI/Langevin_post/20260429_231258/samples,46,completed,Langevin_post,Langevin_post,/root/ruivi/tb_logs/default_config_grid/SIVI/Langevin_post/20260429_231258,322.9075012207031,328.5851577632129
b99ff351fcbbdc2b21b88f146690f0c069ec01904da4392a032050f69cedd958,0.01939600706100464,/root/ruivi/results/default_config_grid/SIVI/LRwaveform/20260428_144112/checkpoints,b99ff351fcbbdc2b21b88f146690f0c069ec01904da4392a032050f69cedd958,default-grid-effective-v1,configs/sivi_LRwaveform.yaml,fresh,campaigns/default_config_grid/runtime/console_logs/seed46_sivi_lrwaveform.log,/root/ruivi/tb_logs/default_config_grid/SIVI/LRwaveform/20260428_144112/extracted,1,,finalize_completed,1,10000,SIVI,sivi,7.824230670928955,200,31.937931060791016,31.9379@200,10000,3.114077568054199,,,,,,,,,,,,,,,,,,,,,,,,,,,,,,,/root/ruivi/results/default_config_grid/SIVI/LRwaveform/20260428_144112/plots,/root/ruivi/results/default_config_grid/SIVI/LRwaveform/20260428_144112,seed46_sivi_lrwaveform,/root/ruivi/results/default_config_grid/SIVI/LRwaveform/20260428_144112/run.log,/root/ruivi/results/default_config_grid/SIVI/LRwaveform/20260428_144112/samples,46,completed,LRwaveform,LRwaveform,/root/ruivi/tb_logs/default_config_grid/SIVI/LRwaveform/20260428_144112,193.96006774902344,246.4091705530882
3854ebd9e9f06aec8e58c172166f22bd2fa6c861d361dbdbc0988efe296a6a6d,0.015144203789532185,/root/ruivi/results/default_config_grid/SIVI/multimodal/20260428_144147/checkpoints,40f863f8a9a273b4d388060de9b6c735517a3e103143edbe3b6440e01c0b6c5a,default-grid-effective-v1,configs/sivi_multimodal.yaml,fresh,campaigns/default_config_grid/runtime/console_logs/seed46_sivi_multimodal.log,/root/ruivi/tb_logs/default_config_grid/SIVI/multimodal/20260428_144147/extracted,1,,finalize_completed,3,10000,SIVI,sivi,136.92322444915771,8800,-0.0004125250852666795,-0.000412525@8800,10000,-0.0018115512793883681,,,,,,,121.36474466323853,7800,-0.015565093606710434,-0.0155651@7800,10000,-0.0022200189996510744,,,,,,,,,,,,,118.31291222572327,7600,0.020483624190092087,0.0204836@7600,10000,0.030879966914653778,/root/ruivi/results/default_config_grid/SIVI/multimodal/20260428_144147/plots,/root/ruivi/results/default_config_grid/SIVI/multimodal/20260428_144147,seed46_sivi_multimodal,/root/ruivi/results/default_config_grid/SIVI/multimodal/20260428_144147/run.log,/root/ruivi/results/default_config_grid/SIVI/multimodal/20260428_144147/samples,46,completed,multimodal,multimodal,/root/ruivi/tb_logs/default_config_grid/SIVI/multimodal/20260428_144147,151.44204711914062,211.82113307714462
818ae94d5dd7d13240b19f57448aadde4d2a87f0788ab79d605fa81e5654a309,0.014968468807637691,/root/ruivi/results/default_config_grid/SIVI/student_uc/20260428_144519/checkpoints,bd087ecd482c7a5494482f10ef305aebba7269900f24832c3d2c9c56132209ba,default-grid-effective-v1,configs/sivi_student_uc.yaml,fresh,campaigns/default_config_grid/runtime/console_logs/seed46_sivi_student_uc.log,/root/ruivi/tb_logs/default_config_grid/SIVI/student_uc/20260428_144519/extracted,1,,finalize_completed,1,10000,SIVI,sivi,146.34582948684692,9500,-2.6750760078430176,-2.67508@9500,10000,-2.6770241260528564,,,,,,,64.04890966415405,4000,-0.005138155538588762,-0.00513816@4000,10000,0.018488816916942596,,,,,,,,,,,,,78.97111439704895,5000,0.5979008078575134,0.597901@5000,10000,0.6225830316543579,/root/ruivi/results/default_config_grid/SIVI/student_uc/20260428_144519/plots,/root/ruivi/results/default_config_grid/SIVI/student_uc/20260428_144519,seed46_sivi_student_uc,/root/ruivi/results/default_config_grid/SIVI/student_uc/20260428_144519/run.log,/root/ruivi/results/default_config_grid/SIVI/student_uc/20260428_144519/samples,46,completed,student_uc,student_uc,/root/ruivi/tb_logs/default_config_grid/SIVI/student_uc/20260428_144519,149.6846923828125,247.261881981045
cbdca586bc4e1882054665089c82b87ef030e8d4cf9d8cc0976d1ed042cd1d7b,0.015115873888134956,/root/ruivi/results/default_config_grid/SIVI/x_shaped/20260428_144519/checkpoints,a61a8033e39ae563415e759ac03b45eedb370068ac669da8013c46ab1c234ae7,default-grid-effective-v1,configs/sivi_x_shaped.yaml,fresh,campaigns/default_config_grid/runtime/console_logs/seed46_sivi_x_shaped.log,/root/ruivi/tb_logs/default_config_grid/SIVI/x_shaped/20260428_144519/extracted,1,,finalize_completed,2,10000,SIVI,sivi,149.36771726608276,9600,-0.0007856303127482533,-0.00078563@9600,10000,-0.004328327253460884,,,,,,,120.41032409667969,7700,-0.02019106037914753,-0.0201911@7700,10000,0.006729977671056986,,,,,,,,,,,,,108.44670605659485,6900,0.025982068851590157,0.0259821@6900,10000,0.04134826734662056,/root/ruivi/results/default_config_grid/SIVI/x_shaped/20260428_144519/plots,/root/ruivi/results/default_config_grid/SIVI/x_shaped/20260428_144519,seed46_sivi_x_shaped,/root/ruivi/results/default_config_grid/SIVI/x_shaped/20260428_144519/run.log,/root/ruivi/results/default_config_grid/SIVI/x_shaped/20260428_144519/samples,46,completed,x_shaped,x_shaped,/root/ruivi/tb_logs/default_config_grid/SIVI/x_shaped/20260428_144519,151.1587371826172,247.27257768809795
5794e81a947006c3bdb3f2d374ede41d61a90415c60fbdde636d1eb3c81edbf6,0.07381089776754379,/root/ruivi/results/default_config_grid/UIVI/8_gaussians/20260428_144519/checkpoints,7fa52aeb25131272aae4861c2ce15e2a1f2263ffc5c89fe672dc92284e6dbc04,default-grid-effective-v1,configs/uivi_8_gaussians.yaml,fresh,campaigns/default_config_grid/runtime/console_logs/seed46_uivi_8_gaussians.log,/root/ruivi/tb_logs/default_config_grid/UIVI/8_gaussians/20260428_144519/extracted,1,,finalize_completed,3,10000,UIVI,uivi,705.5208542346954,9500,-0.807783842086792,-0.807784@9500,10000,-0.8206735849380493,,,,,,,742.283365726471,10000,0.7209085822105408,0.720909@10000,10000,0.7209085822105408,,,,,,,,,,,,,140.62523126602173,1800,0.3829050660133362,0.382905@1800,10000,0.46714669466018677,/root/ruivi/results/default_config_grid/UIVI/8_gaussians/20260428_144519/plots,/root/ruivi/results/default_config_grid/UIVI/8_gaussians/20260428_144519,seed46_uivi_8_gaussians,/root/ruivi/results/default_config_grid/UIVI/8_gaussians/20260428_144519/run.log,/root/ruivi/results/default_config_grid/UIVI/8_gaussians/20260428_144519/samples,46,completed,8_gaussians,8_gaussians,/root/ruivi/tb_logs/default_config_grid/UIVI/8_gaussians/20260428_144519,738.1089477539062,746.0064749494195
6182b281265e46c31076030faa36d5c34fa37cec9a03ad7be56f8bf1e2ea4ba3,0.08061476796865463,/root/ruivi/results/default_config_grid/UIVI/banana/20260428_144926/checkpoints,0cd42e3fb89dde801b8065ff4129df1a070d6893823ea0642af0a6073992f973,default-grid-effective-v1,configs/uivi_banana.yaml,fresh,campaigns/default_config_grid/runtime/console_logs/seed46_uivi_banana.log,/root/ruivi/tb_logs/default_config_grid/UIVI/banana/20260428_144926/extracted,1,,finalize_completed,0,10000,UIVI,uivi,711.6363613605499,8800,-0.023699995130300522,-0.0237@8800,10000,-0.02749275416135788,,,,,,,489.80958580970764,6100,0.005648243241012096,0.00564824@6100,10000,0.02119741030037403,,,,,,,,,,,,,257.14875388145447,3200,0.1918702870607376,0.19187@3200,10000,0.38461995124816895,/root/ruivi/results/default_config_grid/UIVI/banana/20260428_144926/plots,/root/ruivi/results/default_config_grid/UIVI/banana/20260428_144926,seed46_uivi_banana,/root/ruivi/results/default_config_grid/UIVI/banana/20260428_144926/run.log,/root/ruivi/results/default_config_grid/UIVI/banana/20260428_144926/samples,46,completed,banana,banana,/root/ruivi/tb_logs/default_config_grid/UIVI/banana/20260428_144926,806.1476440429688,999.7786989845335
01f78ec6e83af5986de943b8a62d3059a8fe059b2da0363962fedd9e0b021894,0.07765313982963562,/root/ruivi/results/default_config_grid/UIVI/Bnn_boston/20260501_181841/checkpoints,01f78ec6e83af5986de943b8a62d3059a8fe059b2da0363962fedd9e0b021894,default-grid-effective-v1,configs/uivi_Bnn_boston.yaml,fresh,campaigns/default_config_grid/runtime/console_logs/seed46_uivi_bnn_boston.log,/root/ruivi/tb_logs/default_config_grid/UIVI/Bnn_boston/20260501_181841/extracted,2,,finalize_completed,3,10000,UIVI,uivi,,,,,,,,,,,,,,,,,,,688.2016010284424,8800,2.5346901416778564,2.53469@8800,10000,2.5374577045440674,688.201553106308,8800,2.808058023452759,2.80806@8800,10000,2.8156402111053467,,,,,,,/root/ruivi/results/default_config_grid/UIVI/Bnn_boston/20260501_181841/plots,/root/ruivi/results/default_config_grid/UIVI/Bnn_boston/20260501_181841,seed46_uivi_bnn_boston,/root/ruivi/results/default_config_grid/UIVI/Bnn_boston/20260501_181841/run.log,/root/ruivi/results/default_config_grid/UIVI/Bnn_boston/20260501_181841/samples,46,completed,Bnn_boston,Bnn_boston,/root/ruivi/tb_logs/default_config_grid/UIVI/Bnn_boston/20260501_181841,776.5314331054688,861.3816661834717
29cff40fd8be6ca0787f2843cd4a780673a4c71b6ca73f5c1c9f5a8b951bb1fd,0.0785612165927887,/root/ruivi/results/default_config_grid/UIVI/Bnn_concrete/20260501_181844/checkpoints,29cff40fd8be6ca0787f2843cd4a780673a4c71b6ca73f5c1c9f5a8b951bb1fd,default-grid-effective-v1,configs/uivi_Bnn_concrete.yaml,fresh,campaigns/default_config_grid/runtime/console_logs/seed46_uivi_bnn_concrete.log,/root/ruivi/tb_logs/default_config_grid/UIVI/Bnn_concrete/20260501_181844/extracted,2,,finalize_completed,1,10000,UIVI,uivi,,,,,,,,,,,,,,,,,,,615.0986928939819,7800,3.487797975540161,3.4878@7800,10000,3.4973251819610596,781.005690574646,9900,7.444274425506592,7.44427@9900,10000,7.494662761688232,,,,,,,/root/ruivi/results/default_config_grid/UIVI/Bnn_concrete/20260501_181844/plots,/root/ruivi/results/default_config_grid/UIVI/Bnn_concrete/20260501_181844,seed46_uivi_bnn_concrete,/root/ruivi/results/default_config_grid/UIVI/Bnn_concrete/20260501_181844/run.log,/root/ruivi/results/default_config_grid/UIVI/Bnn_concrete/20260501_181844/samples,46,completed,Bnn_concrete,Bnn_concrete,/root/ruivi/tb_logs/default_config_grid/UIVI/Bnn_concrete/20260501_181844,785.6121826171875,859.2307955473661
cca3ac2230c9c0aecbaf55a764d54e91dfd34d46fab85c8231aaa39a6e0b7d08,0.0752725601196289,/root/ruivi/results/default_config_grid/UIVI/Bnn_power/20260501_182217/checkpoints,cca3ac2230c9c0aecbaf55a764d54e91dfd34d46fab85c8231aaa39a6e0b7d08,default-grid-effective-v1,configs/uivi_Bnn_power.yaml,fresh,campaigns/default_config_grid/runtime/console_logs/seed46_uivi_bnn_power.log,/root/ruivi/tb_logs/default_config_grid/UIVI/Bnn_power/20260501_182217/extracted,2,,finalize_completed,2,10000,UIVI,uivi,,,,,,,,,,,,,,,,,,,756.5384809970856,10000,2.8233449459075928,2.82334@10000,10000,2.8233449459075928,705.6278994083405,9300,3.993518590927124,3.99352@9300,10000,4.002552032470703,,,,,,,/root/ruivi/results/default_config_grid/UIVI/Bnn_power/20260501_182217/plots,/root/ruivi/results/default_config_grid/UIVI/Bnn_power/20260501_182217,seed46_uivi_bnn_power,/root/ruivi/results/default_config_grid/UIVI/Bnn_power/20260501_182217/run.log,/root/ruivi/results/default_config_grid/UIVI/Bnn_power/20260501_182217/samples,46,completed,Bnn_power,Bnn_power,/root/ruivi/tb_logs/default_config_grid/UIVI/Bnn_power/20260501_182217,752.7256469726562,760.1156068220735
ee3638344970d2af797969dc2b3f68e4a9fd53d910a09e86d0c1c32da493ea90,0.07719739526510239,/root/ruivi/results/default_config_grid/UIVI/Bnn_protein/20260501_182308/checkpoints,ee3638344970d2af797969dc2b3f68e4a9fd53d910a09e86d0c1c32da493ea90,default-grid-effective-v1,configs/uivi_Bnn_protein.yaml,fresh,campaigns/default_config_grid/runtime/console_logs/seed46_uivi_bnn_protein.log,/root/ruivi/tb_logs/default_config_grid/UIVI/Bnn_protein/20260501_182308/extracted,2,,finalize_completed,0,10000,UIVI,uivi,,,,,,,,,,,,,,,,,,,775.1561844348907,10000,3.0283117294311523,3.02831@10000,10000,3.0283117294311523,775.1561343669891,10000,5.0162272453308105,5.01623@10000,10000,5.0162272453308105,,,,,,,/root/ruivi/results/default_config_grid/UIVI/Bnn_protein/20260501_182308/plots,/root/ruivi/results/default_config_grid/UIVI/Bnn_protein/20260501_182308,seed46_uivi_bnn_protein,/root/ruivi/results/default_config_grid/UIVI/Bnn_protein/20260501_182308/run.log,/root/ruivi/results/default_config_grid/UIVI/Bnn_protein/20260501_182308/samples,46,completed,Bnn_protein,Bnn_protein,/root/ruivi/tb_logs/default_config_grid/UIVI/Bnn_protein/20260501_182308,771.9739379882812,920.5718624964356
5eaa9b3b3f504fa5d46842b764cdda440b81fbbb4346efe4f1af75b69084a166,0.075398288667202,/root/ruivi/results/default_config_grid/UIVI/Bnn_winered/20260501_183303/checkpoints,5eaa9b3b3f504fa5d46842b764cdda440b81fbbb4346efe4f1af75b69084a166,default-grid-effective-v1,configs/uivi_Bnn_winered.yaml,fresh,campaigns/default_config_grid/runtime/console_logs/seed46_uivi_bnn_winered.log,/root/ruivi/tb_logs/default_config_grid/UIVI/Bnn_winered/20260501_183303/extracted,2,,finalize_completed,1,10000,UIVI,uivi,,,,,,,,,,,,,,,,,,,264.7528462409973,3500,0.9501619338989258,0.950162@3500,10000,0.9674825668334961,264.7528021335602,3500,0.6256484985351562,0.625648@3500,10000,0.638543963432312,,,,,,,/root/ruivi/results/default_config_grid/UIVI/Bnn_winered/20260501_183303/plots,/root/ruivi/results/default_config_grid/UIVI/Bnn_winered/20260501_183303,seed46_uivi_bnn_winered,/root/ruivi/results/default_config_grid/UIVI/Bnn_winered/20260501_183303/run.log,/root/ruivi/results/default_config_grid/UIVI/Bnn_winered/20260501_183303/samples,46,completed,Bnn_winered,Bnn_winered,/root/ruivi/tb_logs/default_config_grid/UIVI/Bnn_winered/20260501_183303,753.9828491210938,761.2513294890523
b18a0e551abd17ae5153c4d8467cafab33f30f08a5e0ca6842d67a3217308d0c,0.07584402710199356,/root/ruivi/results/default_config_grid/UIVI/Bnn_yacht/20260501_183303/checkpoints,b18a0e551abd17ae5153c4d8467cafab33f30f08a5e0ca6842d67a3217308d0c,default-grid-effective-v1,configs/uivi_Bnn_yacht.yaml,fresh,campaigns/default_config_grid/runtime/console_logs/seed46_uivi_bnn_yacht.log,/root/ruivi/tb_logs/default_config_grid/UIVI/Bnn_yacht/20260501_183303/extracted,2,,finalize_completed,3,10000,UIVI,uivi,,,,,,,,,,,,,,,,,,,680.4645805358887,9000,2.2541708946228027,2.25417@9000,10000,2.3054375648498535,48.28591275215149,600,2.875147819519043,2.87515@600,10000,3.048840045928955,,,,,,,/root/ruivi/results/default_config_grid/UIVI/Bnn_yacht/20260501_183303/plots,/root/ruivi/results/default_config_grid/UIVI/Bnn_yacht/20260501_183303,seed46_uivi_bnn_yacht,/root/ruivi/results/default_config_grid/UIVI/Bnn_yacht/20260501_183303/run.log,/root/ruivi/results/default_config_grid/UIVI/Bnn_yacht/20260501_183303/samples,46,completed,Bnn_yacht,Bnn_yacht,/root/ruivi/tb_logs/default_config_grid/UIVI/Bnn_yacht/20260501_183303,758.4402465820312,765.5510141775012
db7ce5f7ac2fe5fbb4ce08693ba519dc50893e6172745e305850b3d611a856d8,0.07102935761213303,/root/ruivi/results/default_config_grid/UIVI/Langevin_post/20260429_231833/checkpoints,db7ce5f7ac2fe5fbb4ce08693ba519dc50893e6172745e305850b3d611a856d8,default-grid-effective-v1,configs/uivi_Langevin_post.yaml,fresh,campaigns/default_config_grid/runtime/console_logs/seed46_uivi_langevin_post.log,/root/ruivi/tb_logs/default_config_grid/UIVI/Langevin_post/20260429_231833/extracted,2,,finalize_completed,0,10000,UIVI,uivi,463.37869572639465,6400,-185.06700134277344,-185.067@6400,10000,-185.1887664794922,130.88337874412537,1800,74.17687225341797,74.1769@1800,10000,23.0872802734375,,,,,,,,,,,,,,,,,,,130.25131058692932,1800,0.015689164400100708,0.0156892@1800,10000,0.046427492052316666,/root/ruivi/results/default_config_grid/UIVI/Langevin_post/20260429_231833/plots,/root/ruivi/results/default_config_grid/UIVI/Langevin_post/20260429_231833,seed46_uivi_langevin_post,/root/ruivi/results/default_config_grid/UIVI/Langevin_post/20260429_231833/run.log,/root/ruivi/results/default_config_grid/UIVI/Langevin_post/20260429_231833/samples,46,completed,Langevin_post,Langevin_post,/root/ruivi/tb_logs/default_config_grid/UIVI/Langevin_post/20260429_231833,710.2936401367188,717.5842663422227
a2cc7f756ad7d5a2c6ce0650eea2e52bc49f2b5e7b4c661d627f30df142b69be,0.07726217061281204,/root/ruivi/results/default_config_grid/UIVI/LRwaveform/20260428_151434/checkpoints,a2cc7f756ad7d5a2c6ce0650eea2e52bc49f2b5e7b4c661d627f30df142b69be,default-grid-effective-v1,configs/uivi_LRwaveform.yaml,fresh,campaigns/default_config_grid/runtime/console_logs/seed46_uivi_lrwaveform.log,/root/ruivi/tb_logs/default_config_grid/UIVI/LRwaveform/20260428_151434/extracted,1,,finalize_completed,1,10000,UIVI,uivi,20.801626920700073,200,31.995893478393555,31.9959@200,10000,-7.117218494415283,,,,,,,,,,,,,,,,,,,,,,,,,,,,,,,/root/ruivi/results/default_config_grid/UIVI/LRwaveform/20260428_151434/plots,/root/ruivi/results/default_config_grid/UIVI/LRwaveform/20260428_151434,seed46_uivi_lrwaveform,/root/ruivi/results/default_config_grid/UIVI/LRwaveform/20260428_151434/run.log,/root/ruivi/results/default_config_grid/UIVI/LRwaveform/20260428_151434/samples,46,completed,LRwaveform,LRwaveform,/root/ruivi/tb_logs/default_config_grid/UIVI/LRwaveform/20260428_151434,772.6217041015625,778.7338228672743
02bf84370e732f2c82d2a6e09299884d909f38e0d8864664aa03ccaaf7f17e23,0.07720953971147537,/root/ruivi/results/default_config_grid/UIVI/multimodal/20260428_151434/checkpoints,d9d8038473b90de67c3b831dccbab8d8deae8c354e75ca268fc45f6f41d5f377,default-grid-effective-v1,configs/uivi_multimodal.yaml,fresh,campaigns/default_config_grid/runtime/console_logs/seed46_uivi_multimodal.log,/root/ruivi/tb_logs/default_config_grid/UIVI/multimodal/20260428_151434/extracted,1,,finalize_completed,2,10000,UIVI,uivi,730.0947713851929,9400,-0.016072167083621025,-0.0160722@9400,10000,-0.027184221893548965,,,,,,,674.2727384567261,8700,-0.008844626136124134,-0.00884463@8700,10000,0.02384071983397007,,,,,,,,,,,,,555.67995429039,7200,0.07967957854270935,0.0796796@7200,10000,0.0940932109951973,/root/ruivi/results/default_config_grid/UIVI/multimodal/20260428_151434/plots,/root/ruivi/results/default_config_grid/UIVI/multimodal/20260428_151434,seed46_uivi_multimodal,/root/ruivi/results/default_config_grid/UIVI/multimodal/20260428_151434/run.log,/root/ruivi/results/default_config_grid/UIVI/multimodal/20260428_151434/samples,46,completed,multimodal,multimodal,/root/ruivi/tb_logs/default_config_grid/UIVI/multimodal/20260428_151434,772.0953979492188,778.7515130899847
0358c40060c3b3897fcfe51d99b600f05ebb91ebe2707693cd7c6837286c308e,0.07435264438390732,/root/ruivi/results/default_config_grid/UIVI/student_uc/20260428_151846/checkpoints,b0236911dcec006a6154f9ab294d4f1b5feec542ec89cabe725a146f25bbf839,default-grid-effective-v1,configs/uivi_student_uc.yaml,fresh,campaigns/default_config_grid/runtime/console_logs/seed46_uivi_student_uc.log,/root/ruivi/tb_logs/default_config_grid/UIVI/student_uc/20260428_151846/extracted,1,,finalize_completed,0,10000,UIVI,uivi,673.295802116394,9000,-2.678816795349121,-2.67882@9000,10000,-2.683958053588867,,,,,,,680.080069065094,9100,-0.0014737830497324467,-0.00147378@9100,10000,0.015767831355333328,,,,,,,,,,,,,392.86190843582153,5300,0.5982159972190857,0.598216@5300,10000,0.628989040851593,/root/ruivi/results/default_config_grid/UIVI/student_uc/20260428_151846/plots,/root/ruivi/results/default_config_grid/UIVI/student_uc/20260428_151846,seed46_uivi_student_uc,/root/ruivi/results/default_config_grid/UIVI/student_uc/20260428_151846/run.log,/root/ruivi/results/default_config_grid/UIVI/student_uc/20260428_151846/samples,46,completed,student_uc,student_uc,/root/ruivi/tb_logs/default_config_grid/UIVI/student_uc/20260428_151846,743.5264282226562,764.1814403161407
a56d508dc211cde30d79ad3f270d881550f36052b9c02e7b999946d5804adddf,0.0766783058643341,/root/ruivi/results/default_config_grid/UIVI/x_shaped/20260428_152258/checkpoints,7c36bfc672cff4075588efd175554421d3d9d57412e73f7b603aa39b5629ef95,default-grid-effective-v1,configs/uivi_x_shaped.yaml,fresh,campaigns/default_config_grid/runtime/console_logs/seed46_uivi_x_shaped.log,/root/ruivi/tb_logs/default_config_grid/UIVI/x_shaped/20260428_152258/extracted,1,,finalize_completed,3,10000,UIVI,uivi,479.5760598182678,6400,-0.027922114357352257,-0.0279221@6400,10000,-0.07799376547336578,,,,,,,541.255044221878,7200,0.016854234039783478,0.0168542@7200,10000,0.06963758170604706,,,,,,,,,,,,,307.21704602241516,4100,0.09671087563037872,0.0967109@4100,10000,0.24247349798679352,/root/ruivi/results/default_config_grid/UIVI/x_shaped/20260428_152258/plots,/root/ruivi/results/default_config_grid/UIVI/x_shaped/20260428_152258,seed46_uivi_x_shaped,/root/ruivi/results/default_config_grid/UIVI/x_shaped/20260428_152258/run.log,/root/ruivi/results/default_config_grid/UIVI/x_shaped/20260428_152258/samples,46,completed,x_shaped,x_shaped,/root/ruivi/tb_logs/default_config_grid/UIVI/x_shaped/20260428_152258,766.7830810546875,772.5723357498646
