accumulator_dtype,analysis_fingerprint,cell_key,checkpoint_dir,completed_at,device,diagnostic_aisivi_z_chunk_size,diagnostic_hmc_acceptance_rate,diagnostic_hmc_burn_in_steps,diagnostic_hmc_divergence_fraction,diagnostic_hmc_epsilon_rhat_max,diagnostic_hmc_epsilon_rhat_median,diagnostic_hmc_epsilon_rhat_nonfinite_fraction,diagnostic_hmc_epsilon_rhat_p95,diagnostic_hmc_final_step_size_median,diagnostic_hmc_final_step_size_p05,diagnostic_hmc_final_step_size_p95,diagnostic_hmc_leapfrog_steps,diagnostic_hmc_mean_squared_jump_distance,diagnostic_hmc_num_chains,diagnostic_hmc_post_burn_acceptance_min,diagnostic_hmc_post_burn_acceptance_rate,diagnostic_hmc_samples_per_chain,diagnostic_hmc_score_rhat_max,diagnostic_hmc_score_rhat_median,diagnostic_hmc_score_rhat_nonfinite_fraction,diagnostic_hmc_score_rhat_p95,diagnostic_hmc_thinning,diagnostic_hmc_total_samples,diagnostic_importance_clipped_fraction,diagnostic_importance_ess_mean,diagnostic_importance_ess_min,diagnostic_native_auxiliary_samples,epoch,forward_batch_size,forward_seed,gpu_name,method,method_error,method_l2,method_l2_z_sd,method_relative_l2,method_runtime_sec,method_score_sq_norm,method_seed,method_status,method_target_l2,progress,reference_estimator,reference_internal_l2,reference_mean_mcse_l2,reference_mean_score_sq_norm,reference_num_chains,reference_quality_issues,reference_quality_status,reference_repeats,reference_replication_unit,reference_runtime_sec,reference_samples_per_chain,reference_seed,reference_target_l2,reference_total_samples,run_id,seed,target,target_score_sq_norm,total_runtime_sec
torch.float64,56b6adf45ddf66b402a550f972cd244053dd93556779031afec633781db0fe3f,seed42_sivi_x_shaped|SIVI|x_shaped|42|2000,results/default_config_grid/SIVI/x_shaped/20260428_043837/checkpoints/epoch_2000,2026-07-27T09:48:19.367722+00:00,cuda,,0.99985,500,0.0,1.948764443397522,1.038884162902832,0.0,1.1130156636238098,0.007323108147829771,0.0073181018233299255,0.0073250290006399155,20,0.03415526366703322,10,0.996,0.99981337890625,1000,1.132465124130249,1.0053776502609253,0.0,1.0280459225177765,1,10000,,,,4097,2000,1024,1519994601,NVIDIA GeForce RTX 3090,SIVI,,0.019339987284921846,0.03546265192123209,0.010690392777021562,0.14388672448694706,1.8128801535315386,143581502,ok,3.335465313851577,0.2,posterior_hmc,0.08537745510397522,0.009486383900441691,1.8090997859771938,10,[],pass,10,hmc_chain,88.6609396673739,1000,280897237,3.3229587469740745,10000,seed42_sivi_x_shaped,42,x_shaped,9.618026147559256,88.80482639186084
torch.float64,56b6adf45ddf66b402a550f972cd244053dd93556779031afec633781db0fe3f,seed42_sivi_x_shaped|SIVI|x_shaped|42|4000,results/default_config_grid/SIVI/x_shaped/20260428_043837/checkpoints/epoch_4000,2026-07-27T09:49:44.634356+00:00,cuda,,0.9998503255208334,500,0.0,1.3648276329040527,1.0396462678909302,0.0,1.1200290381908415,0.007322846911847591,0.007319651544094086,0.007324693724513054,20,0.034205890568775446,10,0.997,0.99981318359375,1000,1.0913540124893188,1.00566828250885,0.0,1.03360435962677,1,10000,,,,4097,4000,1024,1480712840,NVIDIA GeForce RTX 3090,SIVI,,0.035873942418820276,0.20972914260727488,0.009996060889874632,0.0013570636510849,3.572818091145044,1765956219,ok,0.28332736343852083,0.4,posterior_hmc,0.16175491105654602,0.01797276789517178,3.588807912840775,10,[],pass,10,hmc_chain,85.25451251678169,1000,724971558,0.2777249506392584,10000,seed42_sivi_x_shaped,42,x_shaped,5.272099486926065,85.25586958043277
torch.float64,56b6adf45ddf66b402a550f972cd244053dd93556779031afec633781db0fe3f,seed42_sivi_x_shaped|SIVI|x_shaped|42|6000,results/default_config_grid/SIVI/x_shaped/20260428_043837/checkpoints/epoch_6000,2026-07-27T09:51:05.258855+00:00,cuda,,0.99986171875,500,0.0,1.5394710302352905,1.0409412384033203,0.0,1.1163739025592805,0.0073234923183918,0.00732048274949193,0.0073250713758170605,20,0.03432171753326108,10,0.997,0.9998272460937501,1000,1.100988745689392,1.0062780380249023,0.0,1.038036847114563,1,10000,,,,4097,6000,1024,1035680422,NVIDIA GeForce RTX 3090,SIVI,,0.037951472137731326,0.06831137636189001,0.009395460711859958,0.0024121515452861786,4.057566286468098,1564196000,ok,0.03913141471056282,0.6,posterior_hmc,0.20411008147034615,0.02267889794114957,4.039341262938273,10,[],pass,10,hmc_chain,80.60874865204096,1000,1882414682,0.05278534938855367,10000,seed42_sivi_x_shaped,42,x_shaped,3.976686838712066,80.61116080358624
torch.float64,56b6adf45ddf66b402a550f972cd244053dd93556779031afec633781db0fe3f,seed42_sivi_x_shaped|SIVI|x_shaped|42|8000,results/default_config_grid/SIVI/x_shaped/20260428_043837/checkpoints/epoch_8000,2026-07-27T09:52:39.478430+00:00,cuda,,0.9998723307291666,500,0.0,1.4585235118865967,1.0412287712097168,0.0,1.1192716419696807,0.007323503494262695,0.007320765405893326,0.00732505414634943,20,0.034323035442065074,10,0.997,0.9998401367187502,1000,1.2431949377059937,1.005926251411438,0.0,1.0413718581199645,1,10000,,,,4097,8000,1024,1554131834,NVIDIA GeForce RTX 3090,SIVI,,0.033654763620771175,0.07250006719825682,0.008572168615723005,0.0013691037893295288,3.864494019410323,1898580874,ok,0.058041361994214356,0.8,posterior_hmc,0.21681022265588476,0.02409002473954275,3.9260501198077074,10,[],pass,10,hmc_chain,94.2071472350508,1000,1831667074,0.05742744382889052,10000,seed42_sivi_x_shaped,42,x_shaped,4.049822690184202,94.20851633884013
torch.float64,56b6adf45ddf66b402a550f972cd244053dd93556779031afec633781db0fe3f,seed42_sivi_x_shaped|SIVI|x_shaped|42|10000,results/default_config_grid/SIVI/x_shaped/20260428_043837/checkpoints/epoch_10000,2026-07-27T09:54:06.684350+00:00,cuda,,0.9998658203125,500,0.0,1.2986631393432617,1.0421069860458374,0.0,1.1259100139141083,0.007323565427213907,0.007320730481296778,0.0073250639252364635,20,0.034350119944262986,10,0.997,0.9998333007812502,1000,1.1207696199417114,1.0063669681549072,0.0,1.0412913501262664,1,10000,,,,4097,10000,1024,923609180,NVIDIA GeForce RTX 3090,SIVI,,0.03997368051600371,0.0814473383853585,0.010149858983662793,0.0037420038133859634,3.9939534401238044,964732268,ok,0.03611773285087233,1.0,posterior_hmc,0.21323422310797577,0.02369269145644175,3.938348363297,10,[],pass,10,hmc_chain,87.18036826886237,1000,651747563,0.04255924558515893,10000,seed42_sivi_x_shaped,42,x_shaped,3.9432777755289687,87.18411027267575
torch.float64,56b6adf45ddf66b402a550f972cd244053dd93556779031afec633781db0fe3f,seed43_sivi_x_shaped|SIVI|x_shaped|43|2000,results/default_config_grid/SIVI/x_shaped/20260428_070030/checkpoints/epoch_2000,2026-07-27T09:55:44.549116+00:00,cuda,,0.9998735677083334,500,0.0,1.3742250204086304,1.0292117595672607,0.0,1.0901251971721648,0.0073236459866166115,0.007321519777178764,0.007325515151023865,20,0.03434630164448427,10,0.997,0.99984111328125,1000,1.2031091451644897,1.0067349672317505,0.0,1.0264601171016694,1,10000,,,,4097,2000,1024,127349471,NVIDIA GeForce RTX 3090,SIVI,,0.01720181589123025,0.03363022046610877,0.009467594420210525,0.001963675022125244,1.7624542513969916,175362789,ok,3.046286009068244,0.2,posterior_hmc,0.08829134575911973,0.009810149528791081,1.8169151663815934,10,[],pass,10,hmc_chain,97.78988017700613,1000,263106188,3.0050997778704533,10000,seed43_sivi_x_shaped,43,x_shaped,9.07141065097602,97.79184385202825
torch.float64,56b6adf45ddf66b402a550f972cd244053dd93556779031afec633781db0fe3f,seed43_sivi_x_shaped|SIVI|x_shaped|43|4000,results/default_config_grid/SIVI/x_shaped/20260428_070030/checkpoints/epoch_4000,2026-07-27T09:57:20.854692+00:00,cuda,,0.9998723307291666,500,0.0,1.3191289901733398,1.034861445426941,0.0,1.0957193493843078,0.007323433179408312,0.00732118496671319,0.007325336337089539,20,0.034308739173986656,10,0.997,0.9998416992187501,1000,1.1547410488128662,1.0069950819015503,0.0,1.0267110228538514,1,10000,,,,4097,4000,1024,1359005006,NVIDIA GeForce RTX 3090,SIVI,,0.031352465355327805,0.057358497920822184,0.00974920096805515,0.002762317657470703,3.186419289730545,1637900253,ok,0.18783744446302966,0.4,posterior_hmc,0.15663308816469743,0.01740367646274416,3.215901021843665,10,[],pass,10,hmc_chain,96.28872087225318,1000,862205402,0.1954335574208443,10000,seed43_sivi_x_shaped,43,x_shaped,4.418033104996074,96.29148318991065
torch.float64,56b6adf45ddf66b402a550f972cd244053dd93556779031afec633781db0fe3f,seed43_sivi_x_shaped|SIVI|x_shaped|43|6000,results/default_config_grid/SIVI/x_shaped/20260428_070030/checkpoints/epoch_6000,2026-07-27T09:59:01.666095+00:00,cuda,,0.9998881510416666,500,0.0,1.8031706809997559,1.0356366634368896,0.0,1.1038699030876158,0.007323925849050283,0.007321719080209732,0.007325661368668079,20,0.034429069659840175,10,0.997,0.9998594726562502,1000,1.6173856258392334,1.0070381164550781,0.0,1.0319779872894286,1,10000,,,,4097,6000,1024,78804063,NVIDIA GeForce RTX 3090,SIVI,,0.0608146550849049,0.5490794946803829,0.014997381063148341,0.002058461308479309,4.07388828637125,69479845,ok,0.05980801991760671,0.6,posterior_hmc,0.2164317867072014,0.024047976300800154,4.055018328122571,10,[],pass,10,hmc_chain,100.79854939691722,1000,1157221491,0.10021110550148235,10000,seed43_sivi_x_shaped,43,x_shaped,4.166034578617312,100.8006078582257
torch.float64,56b6adf45ddf66b402a550f972cd244053dd93556779031afec633781db0fe3f,seed43_sivi_x_shaped|SIVI|x_shaped|43|8000,results/default_config_grid/SIVI/x_shaped/20260428_070030/checkpoints/epoch_8000,2026-07-27T10:00:34.964878+00:00,cuda,,0.9998848958333334,500,0.0,1.825620174407959,1.0367435216903687,0.0,1.0982190787792205,0.007324002683162689,0.007321931887418032,0.007325574290007353,20,0.034441240654192205,10,0.997,0.99985751953125,1000,1.4404630661010742,1.0073407888412476,0.0,1.0315211057662963,1,10000,,,,4097,8000,1024,1333816556,NVIDIA GeForce RTX 3090,SIVI,,0.03732634447094042,0.07317146973839311,0.009120987527754655,0.002099219709634781,4.164153891212232,458207985,ok,0.03627386974017399,0.8,posterior_hmc,0.22508965550732019,0.025009961723035577,4.092357801976863,10,[],pass,10,hmc_chain,93.28354858420789,1000,341413517,0.0497037036149293,10000,seed43_sivi_x_shaped,43,x_shaped,3.9784275963170557,93.28564780391753
torch.float64,56b6adf45ddf66b402a550f972cd244053dd93556779031afec633781db0fe3f,seed43_sivi_x_shaped|SIVI|x_shaped|43|10000,results/default_config_grid/SIVI/x_shaped/20260428_070030/checkpoints/epoch_10000,2026-07-27T10:02:13.548424+00:00,cuda,,0.9998885416666667,500,0.0,1.3758162260055542,1.033632516860962,0.0,1.099528819322586,0.007323939353227615,0.0073220012709498405,0.007325657643377781,20,0.03443421023095682,10,0.997,0.9998626953125002,1000,1.2052756547927856,1.0065337419509888,0.0,1.0281943261623383,1,10000,,,,4097,10000,1024,2002093202,NVIDIA GeForce RTX 3090,SIVI,,0.031938915243829885,0.06976293346488752,0.008436366826826261,0.002779342234134674,3.789586195865546,1988957141,ok,0.031202179474349907,1.0,posterior_hmc,0.18120420529753747,0.020133800588615275,3.785861366562367,10,[],pass,10,hmc_chain,98.5653265118599,1000,483180617,0.035752777023711345,10000,seed43_sivi_x_shaped,43,x_shaped,3.842168368616714,98.56810585409403
torch.float64,56b6adf45ddf66b402a550f972cd244053dd93556779031afec633781db0fe3f,seed44_sivi_x_shaped|SIVI|x_shaped|44|2000,results/default_config_grid/SIVI/x_shaped/20260428_092716/checkpoints/epoch_2000,2026-07-27T10:03:53.355123+00:00,cuda,,0.9998818359375001,500,0.0,1.596580147743225,1.0282808542251587,0.0,1.0930848121643066,0.0073240757919847965,0.007321048527956009,0.00732547277584672,20,0.034377104511105615,10,0.997,0.9998522460937501,1000,1.2704542875289917,1.0074130296707153,0.0,1.027740377187729,1,10000,,,,4097,2000,1024,877035526,NVIDIA GeForce RTX 3090,SIVI,,0.03106309937188454,0.08581651320365245,0.016988628874734252,0.0020041223615407944,1.8110773224763717,1758965837,ok,3.5315431635076266,0.2,posterior_hmc,0.09797215633074907,0.010885795147861008,1.82846418041906,10,[],pass,10,hmc_chain,99.73728951439261,1000,220178419,3.493031168210346,10000,seed44_sivi_x_shaped,44,x_shaped,9.767121021970965,99.73929363675416
torch.float64,56b6adf45ddf66b402a550f972cd244053dd93556779031afec633781db0fe3f,seed44_sivi_x_shaped|SIVI|x_shaped|44|4000,results/default_config_grid/SIVI/x_shaped/20260428_092716/checkpoints/epoch_4000,2026-07-27T10:05:38.566344+00:00,cuda,,0.9998782552083334,500,0.0,2.3854806423187256,1.0334497690200806,0.0,1.115095043182373,0.007323740515857935,0.007321519777178764,0.007325392682105303,20,0.03436447034738893,10,0.997,0.9998482421875002,1000,1.2996752262115479,1.007954716682434,0.0,1.0302688658237458,1,10000,,,,4097,4000,1024,60260190,NVIDIA GeForce RTX 3090,SIVI,,0.03386834676792656,0.07024983378958831,0.009904285149783875,0.0027352627366781235,3.356263672915411,2083359412,ok,0.3120225190364593,0.4,posterior_hmc,0.17708860455142683,0.019676511616825203,3.4195649918929907,10,[],pass,10,hmc_chain,105.19508610107005,1000,331922960,0.2875369416511289,10000,seed44_sivi_x_shaped,44,x_shaped,5.210098369660358,105.19782136380672
torch.float64,56b6adf45ddf66b402a550f972cd244053dd93556779031afec633781db0fe3f,seed44_sivi_x_shaped|SIVI|x_shaped|44|6000,results/default_config_grid/SIVI/x_shaped/20260428_092716/checkpoints/epoch_6000,2026-07-27T10:07:17.785150+00:00,cuda,,0.9998819661458334,500,0.0,1.7870017290115356,1.0363523960113525,0.0,1.112786602973938,0.007323998957872391,0.0073220329359173775,0.007325438316911459,20,0.034437828939446004,10,0.997,0.9998515625000002,1000,1.308531641960144,1.0084080696105957,0.0,1.0352881729602814,1,10000,,,,4097,6000,1024,463650252,NVIDIA GeForce RTX 3090,SIVI,,0.03897160828861809,0.0660449806282668,0.009354949361546398,0.0018518362194299698,4.164996944759595,250461227,ok,0.05399872609717263,0.6,posterior_hmc,0.22310002250785185,0.024788891389761317,4.16588126589025,10,[],pass,10,hmc_chain,99.2053519692272,1000,1879876321,0.06487106393937646,10000,seed44_sivi_x_shaped,44,x_shaped,4.142590533247559,99.20720380544662
torch.float64,56b6adf45ddf66b402a550f972cd244053dd93556779031afec633781db0fe3f,seed44_sivi_x_shaped|SIVI|x_shaped|44|8000,results/default_config_grid/SIVI/x_shaped/20260428_092716/checkpoints/epoch_8000,2026-07-27T10:08:46.900137+00:00,cuda,,0.99989375,500,0.0,1.959909200668335,1.0356968641281128,0.0,1.109108930826187,0.00732418755069375,0.00732219684869051,0.007325545884668827,20,0.03446655814050485,10,0.997,0.9998666015625001,1000,1.2566773891448975,1.008068323135376,0.0,1.0307833313941956,1,10000,,,,4097,8000,1024,1315201428,NVIDIA GeForce RTX 3090,SIVI,,0.049654730040204015,0.21542352101506793,0.01284121756749622,0.002703806385397911,3.863636264640675,757605278,ok,0.04291001452218887,0.8,posterior_hmc,0.19207213851560778,0.02134134872395642,3.8668241371355947,10,[],pass,10,hmc_chain,89.0994021371007,1000,32442941,0.057007215763511726,10000,seed44_sivi_x_shaped,44,x_shaped,4.0400889981540935,89.1021059434861
torch.float64,56b6adf45ddf66b402a550f972cd244053dd93556779031afec633781db0fe3f,seed44_sivi_x_shaped|SIVI|x_shaped|44|10000,results/default_config_grid/SIVI/x_shaped/20260428_092716/checkpoints/epoch_10000,2026-07-27T10:10:19.212461+00:00,cuda,,0.9998895182291666,500,0.0,1.8255168199539185,1.0350687503814697,0.0,1.110962015390396,0.007324023172259331,0.007322050631046295,0.007325469516217709,20,0.03443630316251626,10,0.997,0.9998622070312501,1000,1.557857871055603,1.0077433586120605,0.0,1.0303243577480317,1,10000,,,,4097,10000,1024,1922682632,NVIDIA GeForce RTX 3090,SIVI,,0.05527699872219638,0.5491579950255883,0.01364970503349216,0.0021417587995529175,3.9803460795679113,13187678,ok,0.04266061346630835,1.0,posterior_hmc,0.20614105691268647,0.022904561879187386,4.049684486702365,10,[],pass,10,hmc_chain,92.29847657121718,1000,1965247157,0.067596523454788,10000,seed44_sivi_x_shaped,44,x_shaped,4.0196161473247685,92.30061833001673
torch.float64,56b6adf45ddf66b402a550f972cd244053dd93556779031afec633781db0fe3f,seed45_sivi_x_shaped|SIVI|x_shaped|45|2000,results/default_config_grid/SIVI/x_shaped/20260428_115832/checkpoints/epoch_2000,2026-07-27T10:11:35.139322+00:00,cuda,,0.9998584635416669,500,0.0,3.14583420753479,1.0279847383499146,0.0,1.0952695548534392,0.007323265541344881,0.00731898145750165,0.007325566839426756,20,0.03417767001067625,10,0.996,0.9998225585937501,1000,1.1410887241363525,1.0063217878341675,0.0,1.0253124058246612,1,10000,,,,4097,2000,1024,2134509602,NVIDIA GeForce RTX 3090,SIVI,,0.02542111593649314,0.05189813695394855,0.013852857208718384,0.0018583089113235474,1.8033116612124718,560558119,ok,3.4573133507110656,0.2,posterior_hmc,0.08680725088116653,0.009645250097907392,1.8350810633126429,10,[],pass,10,hmc_chain,75.84922419860959,1000,211026819,3.3843976590828317,10000,seed45_sivi_x_shaped,45,x_shaped,9.713243637708644,75.85108250752091
torch.float64,56b6adf45ddf66b402a550f972cd244053dd93556779031afec633781db0fe3f,seed45_sivi_x_shaped|SIVI|x_shaped|45|4000,results/default_config_grid/SIVI/x_shaped/20260428_115832/checkpoints/epoch_4000,2026-07-27T10:13:08.522865+00:00,cuda,,0.9998736979166667,500,0.0,1.6563202142715454,1.0333783626556396,0.0,1.0924261808395386,0.007323705591261387,0.0073194182477891445,0.007325734943151474,20,0.034290172899156195,10,0.997,0.99984208984375,1000,1.1514936685562134,1.0065809488296509,0.0,1.0239214062690736,1,10000,,,,4097,4000,1024,675310175,NVIDIA GeForce RTX 3090,SIVI,,0.03708442876120064,0.07782063220955936,0.01123300966749883,0.002629432827234268,3.352383436942729,1207667630,ok,0.23693399721758762,0.4,posterior_hmc,0.14791938297403076,0.01643548699711453,3.3013795820455263,10,[],pass,10,hmc_chain,93.36873196810484,1000,502056621,0.24588858542714864,10000,seed45_sivi_x_shaped,45,x_shaped,4.998030077545611,93.37136140093207
torch.float64,56b6adf45ddf66b402a550f972cd244053dd93556779031afec633781db0fe3f,seed45_sivi_x_shaped|SIVI|x_shaped|45|6000,results/default_config_grid/SIVI/x_shaped/20260428_115832/checkpoints/epoch_6000,2026-07-27T10:14:41.676074+00:00,cuda,,0.9998729166666668,500,0.0,1.3696975708007812,1.0362539291381836,0.0,1.1040855169296264,0.007323911879211664,0.007320762146264315,0.007325633428990841,20,0.03436278813523154,10,0.997,0.99984296875,1000,1.1679997444152832,1.0061829090118408,0.0,1.0266129493713378,1,10000,,,,4097,6000,1024,1523803715,NVIDIA GeForce RTX 3090,SIVI,,0.04206102140786856,0.08133627866275177,0.01005550577517825,0.0014790762215852737,4.136891521880965,2115162537,ok,0.04523566695572156,0.6,posterior_hmc,0.18758769082119864,0.020843076757910958,4.1828847149285195,10,[],pass,10,hmc_chain,93.14411021582782,1000,711190196,0.044394004738597184,10000,seed45_sivi_x_shaped,45,x_shaped,4.01285078796668,93.14558929204941
torch.float64,56b6adf45ddf66b402a550f972cd244053dd93556779031afec633781db0fe3f,seed45_sivi_x_shaped|SIVI|x_shaped|45|8000,results/default_config_grid/SIVI/x_shaped/20260428_115832/checkpoints/epoch_8000,2026-07-27T10:16:02.306002+00:00,cuda,,0.9998861328125002,500,0.0,1.2343013286590576,1.0350189208984375,0.0,1.0937285482883454,0.007324292324483395,0.00732090137898922,0.007325895596295595,20,0.03444617115191775,10,0.997,0.999860546875,1000,1.130943775177002,1.0063450336456299,0.0,1.026867425441742,1,10000,,,,4097,8000,1024,2082476374,NVIDIA GeForce RTX 3090,SIVI,,0.03791397579656867,0.10290834276812168,0.009544807892154573,0.0017603281885385513,3.886836620092634,1306353032,ok,0.050095221107776616,0.8,posterior_hmc,0.17502943532433524,0.019447715036037247,3.9722094174082168,10,[],pass,10,hmc_chain,80.6172687318176,1000,2000624487,0.049936643581687284,10000,seed45_sivi_x_shaped,45,x_shaped,4.115959484258001,80.61902906000614
torch.float64,56b6adf45ddf66b402a550f972cd244053dd93556779031afec633781db0fe3f,seed45_sivi_x_shaped|SIVI|x_shaped|45|10000,results/default_config_grid/SIVI/x_shaped/20260428_115832/checkpoints/epoch_10000,2026-07-27T10:17:38.615641+00:00,cuda,,0.9998820963541668,500,0.0,1.4812954664230347,1.0341819524765015,0.0,1.0963349640369415,0.007324110716581345,0.007320932578295469,0.00732578756287694,20,0.03443386586450333,10,0.997,0.9998527343750002,1000,1.185428500175476,1.0063310861587524,0.0,1.0258852124214173,1,10000,,,,4097,10000,1024,1650895423,NVIDIA GeForce RTX 3090,SIVI,,0.05151902682382648,0.19256902749199084,0.013126838561388044,0.0029019489884376526,3.9131913009395904,521477153,ok,0.04561041219591416,1.0,posterior_hmc,0.19348215862779405,0.02149801762531045,3.9247094098778046,10,[],pass,10,hmc_chain,96.29062730818987,1000,148797538,0.047042418162715614,10000,seed45_sivi_x_shaped,45,x_shaped,3.896549169669166,96.2935292571783
torch.float64,56b6adf45ddf66b402a550f972cd244053dd93556779031afec633781db0fe3f,seed46_sivi_x_shaped|SIVI|x_shaped|46|2000,results/default_config_grid/SIVI/x_shaped/20260428_144519/checkpoints/epoch_2000,2026-07-27T10:19:12.080198+00:00,cuda,,0.9998682942708336,500,0.0,1.3241705894470215,1.0316927433013916,0.0,1.0869226694107055,0.007323520258069038,0.007321048527956009,0.007325336337089539,20,0.03431613226370669,10,0.997,0.9998354492187501,1000,1.1036953926086426,1.0073505640029907,0.0,1.0270944595336915,1,10000,,,,4097,2000,1024,1043323637,NVIDIA GeForce RTX 3090,SIVI,,0.024857889736422237,0.09346956037048576,0.012067513831503675,0.0020747389644384384,2.032444006431102,847983290,ok,2.516640171098668,0.2,posterior_hmc,0.09014941750252707,0.01001660194472523,2.0599014911860114,10,[],pass,10,hmc_chain,93.39237347617745,1000,1430538772,2.4556362174208357,10000,seed46_sivi_x_shaped,46,x_shaped,8.595992670356637,93.39444821514189
torch.float64,56b6adf45ddf66b402a550f972cd244053dd93556779031afec633781db0fe3f,seed46_sivi_x_shaped|SIVI|x_shaped|46|4000,results/default_config_grid/SIVI/x_shaped/20260428_144519/checkpoints/epoch_4000,2026-07-27T10:20:54.489470+00:00,cuda,,0.9998798177083335,500,0.0,1.6446949243545532,1.0336616039276123,0.0,1.0960391104221343,0.0073238275945186615,0.00732128880918026,0.007325517944991589,20,0.03439905363609649,10,0.997,0.99985146484375,1000,1.4439475536346436,1.0072475671768188,0.0,1.0266431450843811,1,10000,,,,4097,4000,1024,646692624,NVIDIA GeForce RTX 3090,SIVI,,0.028392354314917767,0.11373485779970341,0.009129080268747052,0.002908378839492798,3.1113807475281283,169560677,ok,0.29346568472012036,0.4,posterior_hmc,0.16008405110414936,0.017787116789349928,3.1101001940050375,10,[],pass,10,hmc_chain,102.3929243516177,1000,625918365,0.29092823454774797,10000,seed46_sivi_x_shaped,46,x_shaped,5.008851997664543,102.39583273045719
torch.float64,56b6adf45ddf66b402a550f972cd244053dd93556779031afec633781db0fe3f,seed46_sivi_x_shaped|SIVI|x_shaped|46|6000,results/default_config_grid/SIVI/x_shaped/20260428_144519/checkpoints/epoch_6000,2026-07-27T10:22:30.439285+00:00,cuda,,0.9998867838541667,500,0.0,1.8685771226882935,1.035249948501587,0.0,1.090993744134903,0.007324197795242071,0.007322210818529129,0.00732564739882946,20,0.03447603425502025,10,0.997,0.9998580078125001,1000,1.1884273290634155,1.0068562030792236,0.0,1.0285092413425445,1,10000,,,,4097,6000,1024,726012773,NVIDIA GeForce RTX 3090,SIVI,,0.03173915611967763,0.05476038799284579,0.007468453384302055,0.0017039719969034195,4.217207779216415,702173052,ok,0.06353606691587271,0.6,posterior_hmc,0.17492941110429072,0.01943660123381008,4.249762900895944,10,[],pass,10,hmc_chain,95.93962883204222,1000,848570596,0.06940274205335226,10000,seed46_sivi_x_shaped,46,x_shaped,4.345113470376098,95.94133280403912
torch.float64,56b6adf45ddf66b402a550f972cd244053dd93556779031afec633781db0fe3f,seed46_sivi_x_shaped|SIVI|x_shaped|46|8000,results/default_config_grid/SIVI/x_shaped/20260428_144519/checkpoints/epoch_8000,2026-07-27T10:24:07.022304+00:00,cuda,,0.9998865885416667,500,0.0,1.4889651536941528,1.0344914197921753,0.0,1.0932994842529296,0.007324205245822668,0.007322231773287058,0.00732565438374877,20,0.03450132703199049,10,0.997,0.9998609375000002,1000,1.1692289113998413,1.0073119401931763,0.0,1.0304486453533173,1,10000,,,,4097,8000,1024,2021278044,NVIDIA GeForce RTX 3090,SIVI,,0.03617642958596411,0.07229055653408571,0.009379091146797077,0.0017496906220912933,3.8783502809212886,1098314586,ok,0.037390605694809925,0.8,posterior_hmc,0.18690902869578907,0.020767669855087673,3.8571359441706905,10,[],pass,10,hmc_chain,96.57022808864713,1000,1095778922,0.04217410184138863,10000,seed46_sivi_x_shaped,46,x_shaped,3.900826058862813,96.57197777926922
torch.float64,56b6adf45ddf66b402a550f972cd244053dd93556779031afec633781db0fe3f,seed46_sivi_x_shaped|SIVI|x_shaped|46|10000,results/default_config_grid/SIVI/x_shaped/20260428_144519/checkpoints/epoch_10000,2026-07-27T10:25:47.207888+00:00,cuda,,0.9998910807291665,500,0.0,1.4677937030792236,1.034929633140564,0.0,1.1042450785636901,0.007324134930968285,0.00732219684869051,0.007325626444071531,20,0.034472626759750685,10,0.996,0.9998640625,1000,1.161105990409851,1.0068128108978271,0.0,1.0315067946910859,1,10000,,,,4097,10000,1024,2056416175,NVIDIA GeForce RTX 3090,SIVI,,0.031230104593094242,0.08358466102679325,0.007645222190574843,0.00280168280005455,4.052456108244533,1201340467,ok,0.03193692318076079,1.0,posterior_hmc,0.18741067782232915,0.02082340864692546,4.084917849947544,10,[],pass,10,hmc_chain,100.16666010580957,1000,1693688690,0.03756899103942812,10000,seed46_sivi_x_shaped,46,x_shaped,4.12848037542917,100.16946178860962
torch.float64,56b6adf45ddf66b402a550f972cd244053dd93556779031afec633781db0fe3f,seed42_uivi_x_shaped|UIVI|x_shaped|42|2000,results/default_config_grid/UIVI/x_shaped/20260428_051601/checkpoints/epoch_2000,2026-07-27T10:27:18.162097+00:00,cuda,,0.9999005859375001,500,0.0,2.8317747116088867,1.0306683778762817,0.0,1.1568489372730255,0.007324837148189545,0.007321295794099569,0.007325957994908094,20,0.03451306972507299,10,0.997,0.9998737304687499,1000,1.1758919954299927,1.006233811378479,0.0,1.023882234096527,1,10000,,,,5,2000,1024,1679669430,NVIDIA GeForce RTX 3090,UIVI,,1.7686402765479532,2.937604837451379,1.0853878839461528,0.21328080631792545,3.4159468663509474,1382746040,ok,5.441381028451089,0.2,posterior_hmc,0.08504180894282094,0.00944908988253566,1.6295006630419482,10,[],pass,10,hmc_chain,90.65797111950815,1000,1139053151,3.768446496146235,10000,seed42_uivi_x_shaped,42,x_shaped,9.700649281769412,90.87125192582607
torch.float64,56b6adf45ddf66b402a550f972cd244053dd93556779031afec633781db0fe3f,seed42_uivi_x_shaped|UIVI|x_shaped|42|4000,results/default_config_grid/UIVI/x_shaped/20260428_051601/checkpoints/epoch_4000,2026-07-27T10:28:57.468300+00:00,cuda,,0.9998659505208334,500,0.0,3.371103286743164,1.0382194519042969,0.0,1.4449407339096065,0.007323628757148981,0.007318740710616112,0.007325724232941866,20,0.03428188875042176,10,0.996,0.9998338867187502,1000,1.2465397119522095,1.0055596828460693,0.0,1.024113768339157,1,10000,,,,5,4000,1024,2050326136,NVIDIA GeForce RTX 3090,UIVI,,4.665412573206069,19.494172188292005,1.5954125411553899,0.20204326696693897,7.5378058173844185,1499173962,ok,5.932953147419337,0.4,posterior_hmc,0.14670765333435368,0.016300850370483743,2.9242672054134666,10,[],pass,10,hmc_chain,99.09106732904911,1000,1201212197,1.1792048626117648,10000,seed42_uivi_x_shaped,42,x_shaped,5.867651019135476,99.29311059601605
torch.float64,56b6adf45ddf66b402a550f972cd244053dd93556779031afec633781db0fe3f,seed42_uivi_x_shaped|UIVI|x_shaped|42|6000,results/default_config_grid/UIVI/x_shaped/20260428_051601/checkpoints/epoch_6000,2026-07-27T10:30:27.197733+00:00,cuda,,0.9998718098958334,500,0.0,2.69327974319458,1.0557633638381958,0.0,1.3811912715435026,0.007323764730244875,0.007319069001823664,0.007325675338506699,20,0.0343699224613247,10,0.997,0.9998381835937501,1000,1.7605403661727905,1.0066916942596436,0.0,1.043779957294464,1,10000,,,,5,6000,1024,1152539166,NVIDIA GeForce RTX 3090,UIVI,,3.167220684922893,5.536383893237677,0.9651729092030202,0.16864677518606186,6.451987801315744,1393326621,ok,4.008740084007561,0.6,posterior_hmc,0.18282012374044918,0.02031334708227213,3.281505992059171,10,[],pass,10,hmc_chain,89.54865855537355,1000,1395167947,0.8894236277741373,10000,seed42_uivi_x_shaped,42,x_shaped,4.977510355285509,89.71730533055961
torch.float64,56b6adf45ddf66b402a550f972cd244053dd93556779031afec633781db0fe3f,seed42_uivi_x_shaped|UIVI|x_shaped|42|8000,results/default_config_grid/UIVI/x_shaped/20260428_051601/checkpoints/epoch_8000,2026-07-27T10:31:45.053626+00:00,cuda,,0.9998765625000001,500,0.0,3.055206537246704,1.063010573387146,0.0,1.389767146110534,0.0073240757919847965,0.0073198191821575165,0.0073256716132164,20,0.03444651307979736,10,0.997,0.99984619140625,1000,1.6542588472366333,1.008009672164917,0.0,1.0643278658390045,1,10000,,,,5,8000,1024,1835180659,NVIDIA GeForce RTX 3090,UIVI,,3.113454222957478,6.167727736097147,0.9399952261846399,0.15980510227382183,6.500537640382849,634426913,ok,3.9553709738820646,0.8,posterior_hmc,0.21448571666430052,0.023831746296033393,3.312202164679838,10,[],pass,10,hmc_chain,77.6839492470026,1000,1851911172,0.8683962385898845,10000,seed42_uivi_x_shaped,42,x_shaped,4.7759876339320275,77.84375434927642
torch.float64,56b6adf45ddf66b402a550f972cd244053dd93556779031afec633781db0fe3f,seed42_uivi_x_shaped|UIVI|x_shaped|42|10000,results/default_config_grid/UIVI/x_shaped/20260428_051601/checkpoints/epoch_10000,2026-07-27T10:33:14.772349+00:00,cuda,,0.9998829427083333,500,0.0,2.320664167404175,1.071912169456482,0.0,1.432013440132141,0.007324124686419964,0.007319784723222256,0.007325755897909403,20,0.03446285314243154,10,0.996,0.9998504882812501,1000,1.5251860618591309,1.0082005262374878,0.0,1.0639316260814666,1,10000,,,,5,10000,1024,2118991507,NVIDIA GeForce RTX 3090,UIVI,,3.0004222008872405,4.892341835824577,0.891350720015788,0.15654581226408482,6.57721262517595,387225510,ok,3.884744518290706,1.0,posterior_hmc,0.20559864238001888,0.022844293597779876,3.3661522154086505,10,[],pass,10,hmc_chain,89.54767639935017,1000,284491475,0.9920919869162343,10000,seed42_uivi_x_shaped,42,x_shaped,4.995194552358592,89.70422221161425
torch.float64,56b6adf45ddf66b402a550f972cd244053dd93556779031afec633781db0fe3f,seed43_uivi_x_shaped|UIVI|x_shaped|43|2000,results/default_config_grid/UIVI/x_shaped/20260428_073822/checkpoints/epoch_2000,2026-07-27T10:34:36.940635+00:00,cuda,,0.9999205078125,500,0.0,1.4037392139434814,1.020707368850708,0.0,1.0774370789527892,0.0073252529837191105,0.0073233358561992645,0.007326147053390741,20,0.034654303229218246,10,0.997,0.9999014648437502,1000,1.2632163763046265,1.0068247318267822,0.0,1.0203185319900512,1,10000,,,,5,2000,1024,1653310795,NVIDIA GeForce RTX 3090,UIVI,,1.4883926267582996,2.3719458307481407,0.8596702286849782,0.19666091725230217,3.3125739367922407,1386801351,ok,4.9698937988024205,0.2,posterior_hmc,0.0832828409700817,0.009253648996675745,1.7313529968754025,10,[],pass,10,hmc_chain,81.90038659609854,1000,1199119869,3.579782917602991,10000,seed43_uivi_x_shaped,43,x_shaped,9.909404710575455,82.09704751335084
torch.float64,56b6adf45ddf66b402a550f972cd244053dd93556779031afec633781db0fe3f,seed43_uivi_x_shaped|UIVI|x_shaped|43|4000,results/default_config_grid/UIVI/x_shaped/20260428_073822/checkpoints/epoch_4000,2026-07-27T10:36:09.174326+00:00,cuda,,0.9999399088541665,500,0.0,1.4241701364517212,1.022721290588379,0.0,1.0759137749671936,0.007325734943151474,0.00732495216652751,0.00732635660097003,20,0.03482930970213375,10,0.997,0.9999248046875,1000,1.183284044265747,1.0079023838043213,0.0,1.0245810925960541,1,10000,,,,5,4000,1024,1560808373,NVIDIA GeForce RTX 3090,UIVI,,1.7576754856991972,2.8888256480762253,0.5950382586593351,0.16788646765053272,4.658683513780771,320643846,ok,2.229913372112942,0.4,posterior_hmc,0.15286546584985672,0.01698505176109519,2.953886510859603,10,[],pass,10,hmc_chain,92.05070942826569,1000,1689278209,0.45133260026081173,10000,seed43_uivi_x_shaped,43,x_shaped,5.312132396933766,92.21859589591622
torch.float64,56b6adf45ddf66b402a550f972cd244053dd93556779031afec633781db0fe3f,seed43_uivi_x_shaped|UIVI|x_shaped|43|6000,results/default_config_grid/UIVI/x_shaped/20260428_073822/checkpoints/epoch_6000,2026-07-27T10:37:43.390768+00:00,cuda,,0.9999364583333332,500,0.0,1.3286125659942627,1.0264058113098145,0.0,1.0874385118484495,0.0073256716132164,0.007324955891817808,0.007326398976147175,20,0.034815142664891344,10,0.998,0.9999200195312501,1000,1.225909948348999,1.0079832077026367,0.0,1.0268634736537934,1,10000,,,,5,6000,1024,942358902,NVIDIA GeForce RTX 3090,UIVI,,2.639470277563016,4.250216841299206,0.6144770498996711,0.20898362621665,6.9159280277178405,1944047537,ok,2.7147436698334486,0.6,posterior_hmc,0.1971353012988502,0.021903922366538913,4.295474140155399,10,[],pass,10,hmc_chain,93.99179107695818,1000,320225976,0.0950586676115712,10000,seed43_uivi_x_shaped,43,x_shaped,4.735952026765736,94.20077470317483
torch.float64,56b6adf45ddf66b402a550f972cd244053dd93556779031afec633781db0fe3f,seed43_uivi_x_shaped|UIVI|x_shaped|43|8000,results/default_config_grid/UIVI/x_shaped/20260428_073822/checkpoints/epoch_8000,2026-07-27T10:39:27.217930+00:00,cuda,,0.9999352213541667,500,0.0,1.2658665180206299,1.0257720947265625,0.0,1.0859285056591035,0.007325580809265375,0.007324865087866783,0.007326359860599041,20,0.0347816760922967,10,0.997,0.9999189453124999,1000,1.1179560422897339,1.0081716775894165,0.0,1.0262862205505372,1,10000,,,,5,8000,1024,1268075621,NVIDIA GeForce RTX 3090,UIVI,,2.5993248229396135,4.067514894715749,0.6858583528824904,0.21944673545658588,6.399807131166827,1590073026,ok,2.6628685531801413,0.8,posterior_hmc,0.19302226281107027,0.021446918090118918,3.789885786205423,10,[],pass,10,hmc_chain,103.59207575768232,1000,2038272481,0.1068486506027793,10000,seed43_uivi_x_shaped,43,x_shaped,4.465529087256932,103.81152249313891
torch.float64,56b6adf45ddf66b402a550f972cd244053dd93556779031afec633781db0fe3f,seed43_uivi_x_shaped|UIVI|x_shaped|43|10000,results/default_config_grid/UIVI/x_shaped/20260428_073822/checkpoints/epoch_10000,2026-07-27T10:41:12.080324+00:00,cuda,,0.9999393229166668,500,0.0,1.43262779712677,1.0265816450119019,0.0,1.088278889656067,0.007325720973312855,0.0073250639252364635,0.007326450664550066,20,0.034831715911296086,10,0.997,0.9999241210937501,1000,1.1265349388122559,1.0082664489746094,0.0,1.0274221360683442,1,10000,,,,5,10000,1024,262093556,NVIDIA GeForce RTX 3090,UIVI,,2.200914042752887,3.774341933068819,0.5962771697113658,0.21779917925596237,5.819041888182507,266198841,ok,2.258757051816393,1.0,posterior_hmc,0.19483395884499788,0.021648217649444208,3.6910922546611378,10,[],pass,10,hmc_chain,104.62700330093503,1000,1223359749,0.08050723048162084,10000,seed43_uivi_x_shaped,43,x_shaped,4.227547508387974,104.84480248019099
torch.float64,56b6adf45ddf66b402a550f972cd244053dd93556779031afec633781db0fe3f,seed44_uivi_x_shaped|UIVI|x_shaped|44|2000,results/default_config_grid/UIVI/x_shaped/20260428_100615/checkpoints/epoch_2000,2026-07-27T10:42:42.552862+00:00,cuda,,0.9999106770833333,500,0.0,1.9100093841552734,1.056938648223877,0.0,1.174525624513626,0.007325511425733566,0.007320252247154713,0.007326618768274784,20,0.03468111008465576,10,0.997,0.9998904296875001,1000,1.2280035018920898,1.0103422403335571,0.0,1.0456594944000244,1,10000,,,,5,2000,1024,1396496193,NVIDIA GeForce RTX 3090,UIVI,,1.1138741623480044,2.1527558481224065,0.7755876263302779,0.18233808502554893,2.518931173888766,1486146300,ok,6.359126394669278,0.2,posterior_hmc,0.07790716840346902,0.00865635204482989,1.4361680415381843,10,[],pass,10,hmc_chain,90.22042579762638,1000,1507448112,5.304738099822861,10000,seed44_uivi_x_shaped,44,x_shaped,10.27359489936017,90.40276388265193
torch.float64,56b6adf45ddf66b402a550f972cd244053dd93556779031afec633781db0fe3f,seed44_uivi_x_shaped|UIVI|x_shaped|44|4000,results/default_config_grid/UIVI/x_shaped/20260428_100615/checkpoints/epoch_4000,2026-07-27T10:44:12.755518+00:00,cuda,,0.9999244140625001,500,0.0,2.5816092491149902,1.0691500902175903,0.0,1.3087775051593775,0.007325612474232912,0.0073223053477704525,0.0073266602121293545,20,0.03483259710844138,10,0.996,0.9999056640625,1000,1.4123393297195435,1.0113691091537476,0.0,1.0743236005306243,1,10000,,,,5,4000,1024,1188218463,NVIDIA GeForce RTX 3090,UIVI,,1.5141204107961825,2.51906786602556,0.61709069797827,0.23253974132239819,4.029490989146003,869457940,ok,3.5913789738125583,0.4,posterior_hmc,0.2010750938299075,0.022341677092211944,2.4536432257961214,10,[],pass,10,hmc_chain,89.95574360899627,1000,474320884,2.0052995904140953,10000,seed44_uivi_x_shaped,44,x_shaped,6.27588393085785,90.18828335031867
torch.float64,56b6adf45ddf66b402a550f972cd244053dd93556779031afec633781db0fe3f,seed44_uivi_x_shaped|UIVI|x_shaped|44|6000,results/default_config_grid/UIVI/x_shaped/20260428_100615/checkpoints/epoch_6000,2026-07-27T10:45:47.330101+00:00,cuda,,0.9998850260416665,500,0.0,2.7931461334228516,1.1080243587493896,0.0,1.6339834332466123,0.007324526086449623,0.00731941033154726,0.007326042279601097,20,0.03447692891992767,10,0.997,0.99985693359375,1000,1.2928282022476196,1.0073219537734985,0.0,1.0384528398513793,1,10000,,,,5,6000,1024,158691942,NVIDIA GeForce RTX 3090,UIVI,,2.7477557502066015,4.873960084011767,0.9866061445196488,0.17494523338973522,5.557341640627369,118722586,ok,4.639486480165067,0.6,posterior_hmc,0.17005037307092935,0.018894485896769928,2.7850584201909747,10,[],pass,10,hmc_chain,94.38941988348961,1000,455563149,1.9175375010767806,10000,seed44_uivi_x_shaped,44,x_shaped,5.141581023839926,94.56436511687934
torch.float64,56b6adf45ddf66b402a550f972cd244053dd93556779031afec633781db0fe3f,seed44_uivi_x_shaped|UIVI|x_shaped|44|8000,results/default_config_grid/UIVI/x_shaped/20260428_100615/checkpoints/epoch_8000,2026-07-27T10:47:27.521582+00:00,cuda,,0.999867578125,500,0.0,4.23627233505249,1.1135848760604858,0.0,1.7027579784393305,0.007323604542762041,0.007319152820855379,0.007325503975152969,20,0.03430891982386541,10,0.997,0.9998350585937502,1000,1.349972128868103,1.005388617515564,0.0,1.0282300591468811,1,10000,,,,5,8000,1024,2115530294,NVIDIA GeForce RTX 3090,UIVI,,4.126867231515141,8.921213415904173,1.4553670485528896,0.17083884216845036,6.904289885122266,1463576409,ok,6.061221868415917,0.8,posterior_hmc,0.14114752306783768,0.015683058118648632,2.8356195336555103,10,[],pass,10,hmc_chain,100.00916966423392,1000,1219998901,1.9724979453449294,10000,seed44_uivi_x_shaped,44,x_shaped,5.540755551527347,100.18000850640237
torch.float64,56b6adf45ddf66b402a550f972cd244053dd93556779031afec633781db0fe3f,seed44_uivi_x_shaped|UIVI|x_shaped|44|10000,results/default_config_grid/UIVI/x_shaped/20260428_100615/checkpoints/epoch_10000,2026-07-27T10:48:54.830028+00:00,cuda,,0.9998518880208334,500,0.0,3.030029058456421,1.1070213317871094,0.0,1.6947038888931272,0.007323017343878746,0.007318500429391861,0.007325256709009409,20,0.03422115210643915,10,0.997,0.9998169921875001,1000,1.3504765033721924,1.0053660869598389,0.0,1.0301036536693573,1,10000,,,,5,10000,1024,588361548,NVIDIA GeForce RTX 3090,UIVI,,4.131562055781163,9.644191846945532,1.4845149308267058,0.23566557094454765,6.706783760828942,1200925039,ok,6.156270913113781,1.0,posterior_hmc,0.1411273818604074,0.015680820206711934,2.7831057606677985,10,[],pass,10,hmc_chain,87.05868313647807,1000,1767561198,1.9335705007887705,10000,seed44_uivi_x_shaped,44,x_shaped,5.478591970139134,87.29434870742261
torch.float64,56b6adf45ddf66b402a550f972cd244053dd93556779031afec633781db0fe3f,seed45_uivi_x_shaped|UIVI|x_shaped|45|2000,results/default_config_grid/UIVI/x_shaped/20260428_123939/checkpoints/epoch_2000,2026-07-27T10:50:28.058514+00:00,cuda,,0.9999285807291667,500,0.0,1.3393298387527466,1.0210824012756348,0.0,1.079199081659317,0.007325378246605396,0.007324397098273039,0.007326133083552122,20,0.03470090877864624,10,0.998,0.9999125,1000,1.1444907188415527,1.0072559118270874,0.0,1.023951530456543,1,10000,,,,5,2000,1024,1145916355,NVIDIA GeForce RTX 3090,UIVI,,1.1891450167455977,1.6867817818368016,0.7054256238114319,0.07000192813575268,2.897501487808178,1658169763,ok,5.702983097903481,0.2,posterior_hmc,0.07932623107559714,0.008814025675066348,1.6857128187669426,10,[],pass,10,hmc_chain,93.10293380916119,1000,489147523,4.597506209478858,10000,seed45_uivi_x_shaped,45,x_shaped,11.288387118002738,93.17293573729694
torch.float64,56b6adf45ddf66b402a550f972cd244053dd93556779031afec633781db0fe3f,seed45_uivi_x_shaped|UIVI|x_shaped|45|4000,results/default_config_grid/UIVI/x_shaped/20260428_123939/checkpoints/epoch_4000,2026-07-27T10:51:52.609795+00:00,cuda,,0.9999286458333334,500,0.0,1.3593525886535645,1.0217723846435547,0.0,1.0801533162593842,0.00732546579092741,0.007324592676013708,0.007326181977987289,20,0.03475021198796143,10,0.998,0.9999114257812501,1000,1.2513319253921509,1.0073542594909668,0.0,1.026103150844574,1,10000,,,,5,4000,1024,703484050,NVIDIA GeForce RTX 3090,UIVI,,2.21727357852616,3.3968570797361255,0.7032284655320102,0.225529033690691,5.322693136999442,797894069,ok,2.5508898098800747,0.4,posterior_hmc,0.1643389867023495,0.018259887411372168,3.1529917902978175,10,[],pass,10,hmc_chain,84.31287850625813,1000,606186705,0.3719970292306135,10000,seed45_uivi_x_shaped,45,x_shaped,5.268750061631015,84.53840753994882
torch.float64,56b6adf45ddf66b402a550f972cd244053dd93556779031afec633781db0fe3f,seed45_uivi_x_shaped|UIVI|x_shaped|45|6000,results/default_config_grid/UIVI/x_shaped/20260428_123939/checkpoints/epoch_6000,2026-07-27T10:53:24.180430+00:00,cuda,,0.9999346354166667,500,0.0,1.8051081895828247,1.0222108364105225,0.0,1.0784991323947906,0.007325661368668079,0.00732477055862546,0.007326342631131411,20,0.034807959307464234,10,0.997,0.9999155273437501,1000,1.394626259803772,1.0075571537017822,0.0,1.0248990178108215,1,10000,,,,5,6000,1024,917666006,NVIDIA GeForce RTX 3090,UIVI,,2.437644536116288,3.8508592031501787,0.6448352370686895,0.12765182554721832,6.234604072876918,1142020769,ok,2.5312253566233363,0.6,posterior_hmc,0.18809524220509188,0.02089947135612132,3.7802595081456816,10,[],pass,10,hmc_chain,91.43637664988637,1000,169573984,0.1315615927516926,10000,seed45_uivi_x_shaped,45,x_shaped,4.569269890928803,91.56402847543359
torch.float64,56b6adf45ddf66b402a550f972cd244053dd93556779031afec633781db0fe3f,seed45_uivi_x_shaped|UIVI|x_shaped|45|8000,results/default_config_grid/UIVI/x_shaped/20260428_123939/checkpoints/epoch_8000,2026-07-27T10:54:47.494488+00:00,cuda,,0.9999384765625001,500,0.0,1.3139584064483643,1.0237183570861816,0.0,1.0802510321140288,0.007325633428990841,0.007324837148189545,0.007326353341341019,20,0.034797626641410055,10,0.997,0.9999240234375002,1000,1.1355699300765991,1.0080913305282593,0.0,1.0264334440231324,1,10000,,,,5,8000,1024,1263585002,NVIDIA GeForce RTX 3090,UIVI,,2.454849509018767,3.698688088978752,0.6452162170683574,0.09206914529204369,6.297371342346907,1466861623,ok,2.5013334688388875,0.8,posterior_hmc,0.2001322929154987,0.02223692143505541,3.804692820916322,10,[],pass,10,hmc_chain,83.21209706924856,1000,1942184371,0.08359325043015922,10000,seed45_uivi_x_shaped,45,x_shaped,4.264004022011478,83.3041662145406
torch.float64,56b6adf45ddf66b402a550f972cd244053dd93556779031afec633781db0fe3f,seed45_uivi_x_shaped|UIVI|x_shaped|45|10000,results/default_config_grid/UIVI/x_shaped/20260428_123939/checkpoints/epoch_10000,2026-07-27T10:56:25.101002+00:00,cuda,,0.9999397786458332,500,0.0,1.3234913349151611,1.0234068632125854,0.0,1.0871920883655548,0.007325644139200449,0.007324844598770142,0.0073263878002762794,20,0.0348079469786729,10,0.998,0.9999246093749999,1000,1.178564429283142,1.007746934890747,0.0,1.0266068398952484,1,10000,,,,5,10000,1024,1685514002,NVIDIA GeForce RTX 3090,UIVI,,2.556846284173999,3.9010116784128357,0.6931209789616798,0.22771256603300571,5.985466196190009,937367550,ok,2.573554052017554,1.0,posterior_hmc,0.18282691905905513,0.020314102117672792,3.6888888978721246,10,[],pass,10,hmc_chain,97.365876423195,1000,1023306098,0.0638115688288705,10000,seed45_uivi_x_shaped,45,x_shaped,4.069190993711608,97.59358898922801
torch.float64,56b6adf45ddf66b402a550f972cd244053dd93556779031afec633781db0fe3f,seed46_uivi_x_shaped|UIVI|x_shaped|46|2000,results/default_config_grid/UIVI/x_shaped/20260428_152258/checkpoints/epoch_2000,2026-07-27T10:58:12.683946+00:00,cuda,,0.9999206380208332,500,0.0,2.8137431144714355,1.03069269657135,0.0,1.158918786048889,0.007325315847992897,0.007322392426431179,0.007326164748519659,20,0.034644884954498155,10,0.997,0.99990126953125,1000,1.3362932205200195,1.007473349571228,0.0,1.0269436895847321,1,10000,,,,5,2000,1024,551387003,NVIDIA GeForce RTX 3090,UIVI,,1.2114839198004035,1.751106430489797,0.709978986085213,0.07706685550510883,2.81879325296259,222966990,ok,5.140505372020628,0.2,posterior_hmc,0.08711825891293763,0.009679806545881959,1.7063658834192579,10,[],pass,10,hmc_chain,107.4461997449398,1000,2026029933,3.9501222234112268,10000,seed46_uivi_x_shaped,46,x_shaped,10.047519556703724,107.52326660044491
torch.float64,56b6adf45ddf66b402a550f972cd244053dd93556779031afec633781db0fe3f,seed46_uivi_x_shaped|UIVI|x_shaped|46|4000,results/default_config_grid/UIVI/x_shaped/20260428_152258/checkpoints/epoch_4000,2026-07-27T10:59:51.408947+00:00,cuda,,0.9998820312500002,500,0.0,3.47800612449646,1.0348081588745117,0.0,1.3396975517272947,0.007324463687837124,0.007320015225559473,0.007325815036892891,20,0.03443072046791617,10,0.997,0.999853125,1000,1.2901796102523804,1.0060317516326904,0.0,1.0251988649368287,1,10000,,,,5,4000,1024,908711450,NVIDIA GeForce RTX 3090,UIVI,,2.54910072034507,4.127916294545296,0.9231857547297114,0.225705336779356,5.372525126518475,122127245,ok,3.7059896219034707,0.4,posterior_hmc,0.12763620982276866,0.01418180109141874,2.7612002322234606,10,[],pass,10,hmc_chain,98.48549019545317,1000,1312391282,1.2526852729982707,10000,seed46_uivi_x_shaped,46,x_shaped,6.157655482439917,98.71119553223252
torch.float64,56b6adf45ddf66b402a550f972cd244053dd93556779031afec633781db0fe3f,seed46_uivi_x_shaped|UIVI|x_shaped|46|6000,results/default_config_grid/UIVI/x_shaped/20260428_152258/checkpoints/epoch_6000,2026-07-27T11:01:37.665771+00:00,cuda,,0.9998736979166667,500,0.0,3.457998275756836,1.041336178779602,0.0,1.3185254454612727,0.007324124686419964,0.007319037802517414,0.007325762417167425,20,0.03435209770760735,10,0.996,0.9998423828124999,1000,1.6988461017608643,1.0056856870651245,0.0,1.039812195301056,1,10000,,,,5,6000,1024,680680007,NVIDIA GeForce RTX 3090,UIVI,,3.131182760495948,6.66568911480352,0.9010271482164792,0.18096324056386948,6.590549040818155,1300244105,ok,3.591518237892985,0.6,posterior_hmc,0.18801983542778664,0.020891092825309626,3.475125879052487,10,[],pass,10,hmc_chain,106.06676102615893,1000,138393184,0.48839712031180654,10000,seed46_uivi_x_shaped,46,x_shaped,4.572530393502342,106.2477242667228
torch.float64,56b6adf45ddf66b402a550f972cd244053dd93556779031afec633781db0fe3f,seed46_uivi_x_shaped|UIVI|x_shaped|46|8000,results/default_config_grid/UIVI/x_shaped/20260428_152258/checkpoints/epoch_8000,2026-07-27T11:03:20.613895+00:00,cuda,,0.9998795572916667,500,0.0,3.3315765857696533,1.0558433532714844,0.0,1.430167478322982,0.0073241665959358215,0.007319480646401644,0.007325766142457724,20,0.03440447816552327,10,0.996,0.9998507812500002,1000,1.7067593336105347,1.0080757141113281,0.0,1.0611838757991792,1,10000,,,,5,8000,1024,1247690037,NVIDIA GeForce RTX 3090,UIVI,,2.9792991125537487,5.697762558921722,0.9533600175863978,0.18556385301053524,6.267453003951752,800008445,ok,3.6764758021671273,0.8,posterior_hmc,0.20164155068891568,0.022404616743212855,3.1250514575767294,10,[],pass,10,hmc_chain,102.7526979483664,1000,1698996337,0.7287745076070224,10000,seed46_uivi_x_shaped,46,x_shaped,4.57173626169465,102.93826180137694
torch.float64,56b6adf45ddf66b402a550f972cd244053dd93556779031afec633781db0fe3f,seed46_uivi_x_shaped|UIVI|x_shaped|46|10000,results/default_config_grid/UIVI/x_shaped/20260428_152258/checkpoints/epoch_10000,2026-07-27T11:05:12.406427+00:00,cuda,,0.9998871093750001,500,0.0,3.4263412952423096,1.0606530904769897,0.0,1.4852718234062194,0.007324442267417908,0.007319672964513302,0.007325846701860428,20,0.034479727195816844,10,0.997,0.9998593750000002,1000,1.2877662181854248,1.0079447031021118,0.0,1.0605424880981444,1,10000,,,,5,10000,1024,808859225,NVIDIA GeForce RTX 3090,UIVI,,2.9091622834462836,4.792238566360786,0.925257640959502,0.19915186427533627,6.056945008269366,839513810,ok,3.84282545871737,1.0,posterior_hmc,0.1927323435478075,0.021414704838645278,3.14416455986189,10,[],pass,10,hmc_chain,111.58070936612785,1000,427147593,0.9830671440973857,10000,seed46_uivi_x_shaped,46,x_shaped,4.731333140753448,111.77986123040318
torch.float64,56b6adf45ddf66b402a550f972cd244053dd93556779031afec633781db0fe3f,seed42_aisivi_x_shaped|AISIVI|x_shaped|42|2000,results/default_config_grid/AISIVI/x_shaped/20260428_055416/checkpoints/epoch_2000,2026-07-27T11:07:03.412225+00:00,cuda,128,0.989553515625,500,0.000118359375,3.927924156188965,1.040820598602295,0.0,1.1819547653198241,0.007314599584788084,0.004533819388598204,0.00732458895072341,20,0.027578216691254587,10,0.111,0.98775390625,1000,1.4820595979690552,1.0061817169189453,0.0,1.0371105313301086,1,10000,1.9073486328125e-06,446.95960235595703,1.3834686279296875,1024,2000,1024,391770985,NVIDIA GeForce RTX 3090,AISIVI,,48.66175687232584,558.1682876618729,21.606050610951222,0.07678062468767166,49.253489584577146,1279119627,ok,52.59228909771642,0.2,posterior_hmc,3.4462119331072203,0.38291243701191335,2.2522282183149747,10,[],pass,10,hmc_chain,110.81630155816674,1000,957576488,6.0370500616034555,10000,seed42_aisivi_x_shaped,42,x_shaped,11.244670203246686,110.89308218285441
torch.float64,56b6adf45ddf66b402a550f972cd244053dd93556779031afec633781db0fe3f,seed42_aisivi_x_shaped|AISIVI|x_shaped|42|4000,results/default_config_grid/AISIVI/x_shaped/20260428_055416/checkpoints/epoch_4000,2026-07-27T11:08:51.584960+00:00,cuda,128,0.9934141276041668,500,2.75390625e-05,2.39947509765625,1.0346968173980713,0.0,1.146694004535675,0.007318228017538786,0.005505191627889872,0.007324844598770142,20,0.028937903762949718,10,0.35100000000000003,0.9922656249999999,1000,1.297844648361206,1.0047030448913574,0.0,1.0421259760856627,1,10000,9.5367431640625e-07,441.44581604003906,1.0,1024,4000,1024,309132186,NVIDIA GeForce RTX 3090,AISIVI,,740.0401035047005,15731.56692606537,216.86208975344874,0.07745114527642727,745.8353590291545,1257549133,ok,747.9252618122606,0.4,posterior_hmc,4.365880184765434,0.4850977983072704,3.412491802260389,10,[],pass,10,hmc_chain,108.0546441450715,1000,20228649,1.7337038626770882,10000,seed42_aisivi_x_shaped,42,x_shaped,5.459576486638868,108.13209529034793
torch.float64,56b6adf45ddf66b402a550f972cd244053dd93556779031afec633781db0fe3f,seed42_aisivi_x_shaped|AISIVI|x_shaped|42|6000,results/default_config_grid/AISIVI/x_shaped/20260428_055416/checkpoints/epoch_6000,2026-07-27T11:10:43.001973+00:00,cuda,128,0.9909619140625001,500,2.34375e-06,2.3911449909210205,1.0327743291854858,0.0,1.140494382381439,0.007311143912374973,0.005206981208175421,0.007324561011046171,20,0.027180621567930843,10,0.8200000000000001,0.9894679687500001,1000,1.2991642951965332,1.0039522647857666,0.0,1.0477582931518554,1,10000,2.86102294921875e-06,390.8360404968262,1.11160147190094,1024,6000,1024,737030540,NVIDIA GeForce RTX 3090,AISIVI,,481.48624958140516,11637.990453555656,115.59570193560732,0.07910360395908356,487.75721556814415,485798181,ok,479.1983544630141,0.6,posterior_hmc,4.213693889623539,0.46818820995817106,4.165260831666712,10,[],pass,10,hmc_chain,111.29824467748404,1000,1908501300,1.3561121329097623,10000,seed42_aisivi_x_shaped,42,x_shaped,4.906013083906949,111.37734828144312
torch.float64,56b6adf45ddf66b402a550f972cd244053dd93556779031afec633781db0fe3f,seed42_aisivi_x_shaped|AISIVI|x_shaped|42|8000,results/default_config_grid/AISIVI/x_shaped/20260428_055416/checkpoints/epoch_8000,2026-07-27T11:12:24.257310+00:00,cuda,128,0.9916040364583335,500,1.2630208333333333e-05,2.7124710083007812,1.0333597660064697,0.0,1.157521665096283,0.0073130023665726185,0.005385887809097767,0.007324519567191601,20,0.027461175141109323,10,0.52,0.99015068359375,1000,1.237858533859253,1.0037715435028076,0.0,1.0454186022281644,1,10000,9.5367431640625e-07,401.49255752563477,1.0137977600097656,1024,8000,1024,1299754925,NVIDIA GeForce RTX 3090,AISIVI,,142.14766980137426,1814.8969139402866,33.307410488349625,0.07600760459899902,144.75003398966504,420511241,ok,139.89251441750253,0.8,posterior_hmc,4.34697304801334,0.4829970053348156,4.26774905996055,10,[],pass,10,hmc_chain,101.13716896437109,1000,68792728,1.2190575263766656,10000,seed42_aisivi_x_shaped,42,x_shaped,4.54150157433989,101.21317656897008
torch.float64,56b6adf45ddf66b402a550f972cd244053dd93556779031afec633781db0fe3f,seed42_aisivi_x_shaped|AISIVI|x_shaped|42|10000,results/default_config_grid/AISIVI/x_shaped/20260428_055416/checkpoints/epoch_10000,2026-07-27T11:14:03.824391+00:00,cuda,128,0.9917649088541668,500,1.0026041666666667e-05,2.010413885116577,1.0343563556671143,0.0,1.1522548735141753,0.007312381640076637,0.005379833746701479,0.00732454052194953,20,0.02753616404265202,10,0.77,0.9903269531250001,1000,1.3070896863937378,1.0035053491592407,0.0,1.0480530858039854,1,10000,0.0,380.7212600708008,1.2075990438461304,1024,10000,1024,2050849044,NVIDIA GeForce RTX 3090,AISIVI,,72.60243939473983,657.0863276495716,18.75469815809898,0.07750974036753178,77.68549394909576,755539159,ok,73.06999214027992,1.0,posterior_hmc,4.21440408491685,0.46826712054631664,3.8711601105340847,10,[],pass,10,hmc_chain,99.44584470055997,1000,692723080,1.2697230444239929,10000,seed42_aisivi_x_shaped,42,x_shaped,4.493695705499129,99.5233544409275
torch.float64,56b6adf45ddf66b402a550f972cd244053dd93556779031afec633781db0fe3f,seed43_aisivi_x_shaped|AISIVI|x_shaped|43|2000,results/default_config_grid/AISIVI/x_shaped/20260428_082128/checkpoints/epoch_2000,2026-07-27T11:15:47.163127+00:00,cuda,128,0.9996552734375002,500,1.8229166666666666e-06,1.7421027421951294,1.0198954343795776,0.0,1.0841686129570007,0.007322636898607016,0.007289082743227482,0.0073256827890872955,20,0.033340752412399526,10,0.918,0.9995747070312501,1000,1.3582450151443481,1.0045047998428345,0.0,1.02092347741127,1,10000,9.5367431640625e-07,657.1993637084961,7.427454471588135,1024,2000,1024,1360479881,NVIDIA GeForce RTX 3090,AISIVI,,0.1512680673571031,1.179748124136133,0.08203588187574767,0.07636027783155441,1.9565490095202325,1743879029,ok,3.307290026715691,0.2,posterior_hmc,0.1343397582781762,0.014926639808686245,1.8439256566561344,10,[],pass,10,hmc_chain,103.1594959422946,1000,815976623,3.2271529212558296,10000,seed43_aisivi_x_shaped,43,x_shaped,9.26053317740367,103.23585622012615
torch.float64,56b6adf45ddf66b402a550f972cd244053dd93556779031afec633781db0fe3f,seed43_aisivi_x_shaped|AISIVI|x_shaped|43|4000,results/default_config_grid/AISIVI/x_shaped/20260428_082128/checkpoints/epoch_4000,2026-07-27T11:17:25.451981+00:00,cuda,128,0.9998090494791667,500,0.0,1.2363611459732056,1.0264291763305664,0.0,1.0865317225456237,0.007323551457375288,0.007304728496819735,0.007325608748942614,20,0.03374939753660283,10,0.993,0.9997666992187502,1000,1.0768675804138184,1.0054278373718262,0.0,1.0261525988578797,1,10000,9.5367431640625e-07,646.3413162231445,24.593595504760742,1024,4000,1024,1123958432,NVIDIA GeForce RTX 3090,AISIVI,,0.0819940563268835,0.6093608813240885,0.02626485611034405,0.07759927399456501,3.2012322856492235,1513596043,ok,0.28440048785190375,0.4,posterior_hmc,0.161350404809937,0.01792782275665967,3.121816315399165,10,[],pass,10,hmc_chain,98.16952651180327,1000,914715598,0.2825332469185647,10000,seed43_aisivi_x_shaped,43,x_shaped,4.759553990976625,98.24712578579783
torch.float64,56b6adf45ddf66b402a550f972cd244053dd93556779031afec633781db0fe3f,seed43_aisivi_x_shaped|AISIVI|x_shaped|43|6000,results/default_config_grid/AISIVI/x_shaped/20260428_082128/checkpoints/epoch_6000,2026-07-27T11:19:00.630850+00:00,cuda,128,0.9998405598958334,500,0.0,1.473678469657898,1.0289239883422852,0.0,1.0940486073493958,0.007323974743485451,0.007310655899345875,0.007325839251279831,20,0.03404571332092234,10,0.995,0.99980595703125,1000,1.2378922700881958,1.006403923034668,0.0,1.0259276092052458,1,10000,9.5367431640625e-07,631.3801498413086,54.02632141113281,1024,6000,1024,303685355,NVIDIA GeForce RTX 3090,AISIVI,,0.04929252158741254,0.08799341666933845,0.011852133428623091,0.07962889038026333,4.177494914983441,1430695489,ok,0.051070205835679214,0.6,posterior_hmc,0.19349864553282475,0.021499849503647195,4.158957700254227,10,[],pass,10,hmc_chain,95.05764787644148,1000,1020324133,0.04416067092629877,10000,seed43_aisivi_x_shaped,43,x_shaped,4.24318020015497,95.13727676682174
torch.float64,56b6adf45ddf66b402a550f972cd244053dd93556779031afec633781db0fe3f,seed43_aisivi_x_shaped|AISIVI|x_shaped|43|8000,results/default_config_grid/AISIVI/x_shaped/20260428_082128/checkpoints/epoch_8000,2026-07-27T11:20:31.928550+00:00,cuda,128,0.9998401041666667,500,0.0,1.608336329460144,1.029063105583191,0.0,1.0949914216995238,0.007323977537453175,0.00731012225151062,0.007325783837586641,20,0.0340340521529111,10,0.995,0.9998014648437501,1000,1.4621261358261108,1.006631851196289,0.0,1.0261631846427917,1,10000,0.0,626.8561477661133,37.13784408569336,1024,8000,1024,876224264,NVIDIA GeForce RTX 3090,AISIVI,,0.05666562639262232,0.1056263149438549,0.014220440807233527,0.07851080968976021,3.991862203574183,633214341,ok,0.04989020531943296,0.8,posterior_hmc,0.21645169949646928,0.024050188832941032,3.984800974931674,10,[],pass,10,hmc_chain,91.18582695536315,1000,1747708022,0.04658838822724777,10000,seed43_aisivi_x_shaped,43,x_shaped,4.038284591581417,91.26433776505291
torch.float64,56b6adf45ddf66b402a550f972cd244053dd93556779031afec633781db0fe3f,seed43_aisivi_x_shaped|AISIVI|x_shaped|43|10000,results/default_config_grid/AISIVI/x_shaped/20260428_082128/checkpoints/epoch_10000,2026-07-27T11:22:06.816130+00:00,cuda,128,0.9998624348958334,500,0.0,1.5052731037139893,1.029009461402893,0.0,1.0901385307312013,0.0073240059427917,0.007314713671803474,0.007325842976570129,20,0.03417482708036458,10,0.996,0.9998295898437501,1000,1.2014254331588745,1.0067087411880493,0.0,1.0252322435379029,1,10000,0.0,623.1555099487305,5.335846424102783,1024,10000,1024,970683008,NVIDIA GeForce RTX 3090,AISIVI,,0.05321073914119566,0.16987261130334033,0.01317309099966116,0.07869655452668667,4.027425689715909,1546222708,ok,0.05141362819799786,1.0,posterior_hmc,0.20010456186010794,0.02223384020667866,4.039351063661851,10,[],pass,10,hmc_chain,94.76529468409717,1000,695574295,0.035982235882482644,10000,seed43_aisivi_x_shaped,43,x_shaped,4.026927220686337,94.84399123862386
torch.float64,56b6adf45ddf66b402a550f972cd244053dd93556779031afec633781db0fe3f,seed44_aisivi_x_shaped|AISIVI|x_shaped|44|2000,results/default_config_grid/AISIVI/x_shaped/20260428_104833/checkpoints/epoch_2000,2026-07-27T11:23:54.887285+00:00,cuda,128,0.9967447265625001,500,0.00012877604166666666,4.193479537963867,1.0339361429214478,0.0,1.1782574474811554,0.007306035608053207,0.006819781847298145,0.0073235491290688515,20,0.029066206804912523,10,0.647,0.99598134765625,1000,1.0734108686447144,1.0023678541183472,0.0,1.0162549376487733,1,10000,1.9073486328125e-06,334.94541931152344,1.1591026782989502,1024,2000,1024,1311644290,NVIDIA GeForce RTX 3090,AISIVI,,10.116807149750459,234.66191315442407,5.15155023636135,0.0765038300305605,11.767016777449806,953213709,ok,13.681558052252331,0.2,posterior_hmc,0.8246532114315086,0.09162813460350096,1.9638374247702524,10,[],pass,10,hmc_chain,107.89407424814999,1000,949433521,3.672029450990915,10000,seed44_aisivi_x_shaped,44,x_shaped,9.285185305510298,107.97057807818055
torch.float64,56b6adf45ddf66b402a550f972cd244053dd93556779031afec633781db0fe3f,seed44_aisivi_x_shaped|AISIVI|x_shaped|44|4000,results/default_config_grid/AISIVI/x_shaped/20260428_104833/checkpoints/epoch_4000,2026-07-27T11:25:31.079541+00:00,cuda,128,0.9989078124999999,500,0.0,2.7055037021636963,1.0320614576339722,0.0,1.1440274357795712,0.007316054776310921,0.007170101627707481,0.007324089761823416,20,0.031088807759706894,10,0.93,0.99868330078125,1000,1.1947482824325562,1.0034351348876953,0.0,1.0230865955352784,1,10000,1.9073486328125e-06,453.97646713256836,2.408400535583496,1024,4000,1024,1190259194,NVIDIA GeForce RTX 3090,AISIVI,,1.9708284406905774,34.730962935076164,0.5650620885291391,0.07880060374736786,4.989836934276229,1737514076,ok,2.3445664603293856,0.4,posterior_hmc,0.7282550737270288,0.0809172304141143,3.487808650940747,10,[],pass,10,hmc_chain,96.07049879059196,1000,2137222045,0.4555987585893642,10000,seed44_aisivi_x_shaped,44,x_shaped,5.07614355080988,96.14929939433932
torch.float64,56b6adf45ddf66b402a550f972cd244053dd93556779031afec633781db0fe3f,seed44_aisivi_x_shaped|AISIVI|x_shaped|44|6000,results/default_config_grid/AISIVI/x_shaped/20260428_104833/checkpoints/epoch_6000,2026-07-27T11:27:03.904498+00:00,cuda,128,0.9992855468749999,500,0.0,1.8033058643341064,1.0348362922668457,0.0,1.1438511490821834,0.0073196375742554665,0.007249847054481506,0.007324264384806156,20,0.03198162442368254,10,0.935,0.9991385742187501,1000,1.1530462503433228,1.004618763923645,0.0,1.02827085852623,1,10000,9.5367431640625e-07,475.5638122558594,1.1739720106124878,1024,6000,1024,2067228542,NVIDIA GeForce RTX 3090,AISIVI,,5.790174314398882,98.47462888382985,1.3691297156068198,0.07895868085324764,9.649875678715912,522236388,ok,5.630351531100278,0.6,posterior_hmc,0.5336737626754656,0.0592970847417184,4.229091114155379,10,[],pass,10,hmc_chain,92.71582789719105,1000,431971361,0.20363139117669737,10000,seed44_aisivi_x_shaped,44,x_shaped,4.251170958452432,92.7947865780443
torch.float64,56b6adf45ddf66b402a550f972cd244053dd93556779031afec633781db0fe3f,seed44_aisivi_x_shaped|AISIVI|x_shaped|44|8000,results/default_config_grid/AISIVI/x_shaped/20260428_104833/checkpoints/epoch_8000,2026-07-27T11:28:39.118645+00:00,cuda,128,0.9994439453125001,500,0.0,2.6867244243621826,1.0357083082199097,0.0,1.1525381505489347,0.0073201581835746765,0.007272124756127596,0.00732439337298274,20,0.03234572511006528,10,0.9410000000000001,0.999334375,1000,1.3158704042434692,1.0042628049850464,0.0,1.0332194447517395,1,10000,1.9073486328125e-06,490.2852210998535,3.815730571746826,1024,8000,1024,1509412340,NVIDIA GeForce RTX 3090,AISIVI,,0.5173402458683175,6.5194522562567805,0.1301362660601334,0.07822871580719948,4.307726115232009,1285983997,ok,0.5093293917580775,0.8,posterior_hmc,0.5285001116513262,0.05872223462792513,3.975373364633536,10,[],pass,10,hmc_chain,95.09191281162202,1000,167562879,0.12151457945908158,10000,seed44_aisivi_x_shaped,44,x_shaped,4.07030649395529,95.17014152742922
torch.float64,56b6adf45ddf66b402a550f972cd244053dd93556779031afec633781db0fe3f,seed44_aisivi_x_shaped|AISIVI|x_shaped|44|10000,results/default_config_grid/AISIVI/x_shaped/20260428_104833/checkpoints/epoch_10000,2026-07-27T11:30:10.841431+00:00,cuda,128,0.9994465494791668,500,0.0,1.9702870845794678,1.035416603088379,0.0,1.1537247121334075,0.007319742348045111,0.007270670495927334,0.007324296049773693,20,0.03222430180747423,10,0.9560000000000001,0.99934228515625,1000,1.2340896129608154,1.0044007301330566,0.0,1.0302136361598968,1,10000,1.9073486328125e-06,474.7988815307617,1.8624192476272583,1024,10000,1024,1248655086,NVIDIA GeForce RTX 3090,AISIVI,,3.8138723674722232,90.18451332791649,0.9624889017205055,0.07683099620044231,7.220707730795356,470768881,ok,3.8153099020186674,1.0,posterior_hmc,0.6220983927043872,0.0691220436338208,3.9625104878141473,10,[],pass,10,hmc_chain,91.60777633450925,1000,1954401886,0.13144905644581997,10000,seed44_aisivi_x_shaped,44,x_shaped,3.925574329008489,91.6846073307097
torch.float64,56b6adf45ddf66b402a550f972cd244053dd93556779031afec633781db0fe3f,seed45_aisivi_x_shaped|AISIVI|x_shaped|45|2000,results/default_config_grid/AISIVI/x_shaped/20260428_132642/checkpoints/epoch_2000,2026-07-27T11:31:54.692808+00:00,cuda,128,0.9919723958333334,500,9.635416666666666e-06,2.9961705207824707,1.0431571006774902,0.0,1.222291326522827,0.007323471829295158,0.003487328067421913,0.007326936349272728,20,0.029722835975904662,10,0.6970000000000001,0.9912828125000002,1000,1.5505377054214478,1.0075994729995728,0.0,1.03442040681839,1,10000,0.0,299.1309700012207,1.0,1024,2000,1024,1998609738,NVIDIA GeForce RTX 3090,AISIVI,,8477.382367879016,62155.70947812847,2558.6889826708625,0.0755304042249918,8443.816238045969,1496074038,ok,8352.546490558783,0.2,posterior_hmc,19.66731045670494,2.1852567174116597,3.3131742174580294,10,[],pass,10,hmc_chain,103.68133372068405,1000,1808894257,82.64367965228097,10000,seed45_aisivi_x_shaped,45,x_shaped,82.00730530259726,103.75686412490904
torch.float64,56b6adf45ddf66b402a550f972cd244053dd93556779031afec633781db0fe3f,seed45_aisivi_x_shaped|AISIVI|x_shaped|45|4000,results/default_config_grid/AISIVI/x_shaped/20260428_132642/checkpoints/epoch_4000,2026-07-27T11:33:19.880962+00:00,cuda,128,0.9944867838541667,500,9.205729166666667e-05,3.164567708969116,1.0618330240249634,0.0,1.3672505557537078,0.007321872748434544,0.005507052410393953,0.0073267268016934395,20,0.03004860836092431,10,0.51,0.9935634765625001,1000,1.788805365562439,1.0064196586608887,0.0,1.0484822034835815,1,10000,0.0,354.2932243347168,1.0937573909759521,1024,4000,1024,537760224,NVIDIA GeForce RTX 3090,AISIVI,,46.31991719175835,438.3039173277218,12.049702303314367,0.0749813113361597,48.823064961670354,930340500,ok,48.303972015165556,0.4,posterior_hmc,1.62813010068559,0.1809033445206211,3.8440714986807336,10,[],pass,10,hmc_chain,85.08647990226746,1000,838478292,2.7532907704001044,10000,seed45_aisivi_x_shaped,45,x_shaped,6.202962969328619,85.16146121360362
torch.float64,56b6adf45ddf66b402a550f972cd244053dd93556779031afec633781db0fe3f,seed45_aisivi_x_shaped|AISIVI|x_shaped|45|6000,results/default_config_grid/AISIVI/x_shaped/20260428_132642/checkpoints/epoch_6000,2026-07-27T11:34:37.625908+00:00,cuda,128,0.9952470052083333,500,3.90625e-06,3.739025115966797,1.0571484565734863,0.0,1.3617958664894099,0.007321705110371113,0.005649172700941563,0.007326576858758926,20,0.029980858280940118,10,0.84,0.9943772460937501,1000,1.392502784729004,1.0058284997940063,0.0,1.0491034865379334,1,10000,0.0,295.5650062561035,1.128239631652832,1024,6000,1024,284872271,NVIDIA GeForce RTX 3090,AISIVI,,104.79061241968333,1126.8219037461151,24.991336537232225,0.07630064897239208,106.32819429628027,1526838159,ok,106.70056271868123,0.6,posterior_hmc,2.067973656133347,0.229774850681483,4.193077559640146,10,[],pass,10,hmc_chain,77.63335070759058,1000,913442798,2.110069022711629,10000,seed45_aisivi_x_shaped,45,x_shaped,4.984645763679404,77.70965135656297
torch.float64,56b6adf45ddf66b402a550f972cd244053dd93556779031afec633781db0fe3f,seed45_aisivi_x_shaped|AISIVI|x_shaped|45|8000,results/default_config_grid/AISIVI/x_shaped/20260428_132642/checkpoints/epoch_8000,2026-07-27T11:35:58.735414+00:00,cuda,128,0.9940327473958335,500,1.4518229166666667e-05,3.4170451164245605,1.0639399290084839,0.0,1.4304102897644035,0.007319578435271978,0.0050857835449278355,0.007326492574065924,20,0.029386395823646095,10,0.8250000000000001,0.9931053710937502,1000,1.7419664859771729,1.0063430070877075,0.0,1.0573257923126218,1,10000,0.0,299.9737968444824,1.151295781135559,1024,8000,1024,34049182,NVIDIA GeForce RTX 3090,AISIVI,,100.5421813083699,1466.2543111466682,25.953044839850794,0.07514245435595512,103.05194543402924,1128424865,ok,101.44648676917834,0.8,posterior_hmc,3.417568806368384,0.37972986737426484,3.8740032982175485,10,[],pass,10,hmc_chain,81.0091856252402,1000,1013534203,1.955649692967345,10000,seed45_aisivi_x_shaped,45,x_shaped,4.980779244047449,81.08432807959616
torch.float64,56b6adf45ddf66b402a550f972cd244053dd93556779031afec633781db0fe3f,seed45_aisivi_x_shaped|AISIVI|x_shaped|45|10000,results/default_config_grid/AISIVI/x_shaped/20260428_132642/checkpoints/epoch_10000,2026-07-27T11:37:25.398960+00:00,cuda,128,0.9948508463541667,500,8.072916666666667e-06,2.9677393436431885,1.0623552799224854,0.0,1.3736460089683533,0.007319610100239515,0.005506254266947508,0.007326359860599041,20,0.029610958377731263,10,0.753,0.9939840820312501,1000,2.2449467182159424,1.0057322978973389,0.0,1.052254468202591,1,10000,9.5367431640625e-07,295.05826568603516,1.0400640964508057,1024,10000,1024,1689167465,NVIDIA GeForce RTX 3090,AISIVI,,87.00615701271705,1204.5440098856247,21.016782349456793,0.07581227459013462,86.4717518490692,1666395565,ok,82.3889560155758,1.0,posterior_hmc,2.895886777335735,0.3217651974817483,4.139841939932629,10,[],pass,10,hmc_chain,86.55294046737254,1000,1065261656,2.2447662338269145,10000,seed45_aisivi_x_shaped,45,x_shaped,5.087269547430347,86.62875274196267
torch.float64,56b6adf45ddf66b402a550f972cd244053dd93556779031afec633781db0fe3f,seed46_aisivi_x_shaped|AISIVI|x_shaped|46|2000,results/default_config_grid/AISIVI/x_shaped/20260428_161133/checkpoints/epoch_2000,2026-07-27T11:39:15.124820+00:00,cuda,128,0.9859399088541667,500,0.000398828125,2.3628804683685303,1.049888014793396,0.0,1.256119579076767,0.0072925761342048645,0.004181872121989727,0.007325116544961929,20,0.02583900198388254,10,0.088,0.9832573242187501,1000,1.6836304664611816,1.0038118362426758,0.0,1.064401876926422,1,10000,0.0,334.02977752685547,1.0,1024,2000,1024,625507322,NVIDIA GeForce RTX 3090,AISIVI,,1388.5058578260334,42900.68383754095,493.87797897990856,0.07700155675411224,1391.383320918321,153568602,ok,1385.9489227098268,0.2,posterior_hmc,6.408260540088692,0.7120289488987436,2.8114350445305423,10,[],pass,10,hmc_chain,109.53687856160104,1000,1067554188,6.7259429662463575,10000,seed46_aisivi_x_shaped,46,x_shaped,11.004103560857118,109.61388011835515
torch.float64,56b6adf45ddf66b402a550f972cd244053dd93556779031afec633781db0fe3f,seed46_aisivi_x_shaped|AISIVI|x_shaped|46|4000,results/default_config_grid/AISIVI/x_shaped/20260428_161133/checkpoints/epoch_4000,2026-07-27T11:41:01.604531+00:00,cuda,128,0.9890684895833334,500,0.0001099609375,3.509909152984619,1.0545108318328857,0.0,1.2611651480197905,0.007298650220036507,0.005179077852517366,0.0073251547291874886,20,0.026471637664469718,10,0.164,0.9868272460937502,1000,1.5941191911697388,1.0036145448684692,0.0,1.0651228547096252,1,10000,0.0,326.00285720825195,3.3937971591949463,1024,4000,1024,1959348165,NVIDIA GeForce RTX 3090,AISIVI,,18.830092523226533,114.0201089937606,4.93473913818272,0.07840142026543617,20.97783181861761,1273344260,ok,18.778910222471225,0.4,posterior_hmc,6.210613863595288,0.6900682070661431,3.8158232879075658,10,[],pass,10,hmc_chain,106.36521682329476,1000,1287209451,2.2786512455452756,10000,seed46_aisivi_x_shaped,46,x_shaped,5.504272819922897,106.4436182435602
torch.float64,56b6adf45ddf66b402a550f972cd244053dd93556779031afec633781db0fe3f,seed46_aisivi_x_shaped|AISIVI|x_shaped|46|6000,results/default_config_grid/AISIVI/x_shaped/20260428_161133/checkpoints/epoch_6000,2026-07-27T11:42:40.456635+00:00,cuda,128,0.9925868489583334,500,3.326822916666667e-05,3.449045181274414,1.0524680614471436,0.0,1.276888346672058,0.007307616528123617,0.005608350969851017,0.00732544856145978,20,0.02758274371811187,10,0.294,0.99107109375,1000,1.7378968000411987,1.003794550895691,0.0,1.054033499956131,1,10000,0.0,334.096736907959,1.7255231142044067,1024,6000,1024,252487004,NVIDIA GeForce RTX 3090,AISIVI,,33.45188539846561,197.82318096321333,8.049348078003636,0.07782803103327751,36.89455679067291,1078638533,ok,33.97856903522447,0.6,posterior_hmc,3.465908077233429,0.385100897470381,4.155850271884653,10,[],pass,10,hmc_chain,98.73080006241798,1000,828563340,1.3100902927365201,10000,seed46_aisivi_x_shaped,46,x_shaped,4.466365182915302,98.80862809345126
torch.float64,56b6adf45ddf66b402a550f972cd244053dd93556779031afec633781db0fe3f,seed46_aisivi_x_shaped|AISIVI|x_shaped|46|8000,results/default_config_grid/AISIVI/x_shaped/20260428_161133/checkpoints/epoch_8000,2026-07-27T11:44:17.190389+00:00,cuda,128,0.9907973307291666,500,4.602864583333333e-05,3.899503707885742,1.0521613359451294,0.0,1.2784894406795502,0.007303388323634863,0.00525697460398078,0.007325287442654371,20,0.02685444284875751,10,0.645,0.9889896484375001,1000,1.5066521167755127,1.003692388534546,0.0,1.0501068770885467,1,10000,0.0,328.1311836242676,1.0,1024,8000,1024,937538635,NVIDIA GeForce RTX 3090,AISIVI,,757.271834727793,18780.902184831994,169.89063427683112,0.07577737979590893,763.7398676962147,1577180968,ok,753.2296499432073,0.8,posterior_hmc,3.9142879984939345,0.43492088872154827,4.457407778546779,10,[],pass,10,hmc_chain,96.62238381616771,1000,1275015755,1.4890829269262686,10000,seed46_aisivi_x_shaped,46,x_shaped,4.806843425986067,96.69816119596362
torch.float64,56b6adf45ddf66b402a550f972cd244053dd93556779031afec633781db0fe3f,seed46_aisivi_x_shaped|AISIVI|x_shaped|46|10000,results/default_config_grid/AISIVI/x_shaped/20260428_161133/checkpoints/epoch_10000,2026-07-27T11:45:57.414278+00:00,cuda,128,0.991510546875,500,3.0729166666666664e-05,2.9532406330108643,1.0518035888671875,0.0,1.2710526943206788,0.007302570156753063,0.005320715252310038,0.007325176615267992,20,0.02697387038258713,10,0.665,0.9898666015625001,1000,2.22270131111145,1.003466248512268,0.0,1.050507366657257,1,10000,9.5367431640625e-07,310.2499008178711,1.0767050981521606,1024,10000,1024,363877768,NVIDIA GeForce RTX 3090,AISIVI,,29.716263402040838,202.43468480022338,6.833979632514457,0.07778606563806534,31.95959574944739,2105393459,ok,30.21813922711481,1.0,posterior_hmc,4.581917525838572,0.5091019473153968,4.348310208689808,10,[],pass,10,hmc_chain,100.09960724413395,1000,800411273,1.4153766689027814,10000,seed46_aisivi_x_shaped,46,x_shaped,4.439393142061779,100.17739330977201
torch.float64,56b6adf45ddf66b402a550f972cd244053dd93556779031afec633781db0fe3f,seed42_dsivi_x_shaped|DSIVI|x_shaped|42|2000,results/default_config_grid/DSIVI/x_shaped/20260504_125719/checkpoints/epoch_2000,2026-07-27T11:47:44.535370+00:00,cuda,,0.9848860026041667,500,0.0,5.182291507720947,1.030065655708313,0.0,1.1627885818481445,0.007145886775106192,0.00507193710654974,0.007318482734262943,20,0.022155858339977963,10,0.839,0.9822063476562501,1000,1.0993688106536865,1.0013905763626099,0.0,1.0224405586719514,1,10000,,,,0,2000,1024,1422744530,NVIDIA GeForce RTX 3090,DSIVI,,2.7139547521479512,23.688075140420903,0.6004847141162117,0.0004609953612089157,1.7037370411752524,118406005,ok,4.130294073565571,0.2,posterior_hmc,4.987607263133138,0.5541785847925709,4.51960672494774,10,[],pass,10,hmc_chain,107.04039264470339,1000,188299586,6.2766161836582715,10000,seed42_dsivi_x_shaped,42,x_shaped,8.893927084512637,107.0408536400646
torch.float64,56b6adf45ddf66b402a550f972cd244053dd93556779031afec633781db0fe3f,seed42_dsivi_x_shaped|DSIVI|x_shaped|42|4000,results/default_config_grid/DSIVI/x_shaped/20260504_125719/checkpoints/epoch_4000,2026-07-27T11:49:27.791037+00:00,cuda,,0.9929236979166666,500,0.0,2.2180416584014893,1.0269540548324585,0.0,1.098218923807144,0.0072843353264033794,0.005719142034649849,0.00732028391212225,20,0.025555465216959936,10,0.898,0.99159794921875,1000,1.1463186740875244,1.0018903017044067,0.0,1.0303770780563355,1,10000,,,,0,4000,1024,1229126924,NVIDIA GeForce RTX 3090,DSIVI,,2.5248919020331364,10.814685438840794,0.4297580153439891,0.0005577262490987778,3.664301487144216,1687605431,ok,0.49924668707318254,0.4,posterior_hmc,3.1491247972919254,0.34990275525465836,5.875147901574679,10,[],pass,10,hmc_chain,103.23653365299106,1000,1678071490,2.6116164695151993,10000,seed42_dsivi_x_shaped,42,x_shaped,5.08613440721863,103.23709137924016
torch.float64,56b6adf45ddf66b402a550f972cd244053dd93556779031afec633781db0fe3f,seed42_dsivi_x_shaped|DSIVI|x_shaped|42|6000,results/default_config_grid/DSIVI/x_shaped/20260504_125719/checkpoints/epoch_6000,2026-07-27T11:51:06.221269+00:00,cuda,,0.9980202473958335,500,0.0,1.4490070343017578,1.0249592065811157,0.0,1.0886403143405914,0.007319152820855379,0.006909759249538183,0.007324623875319958,20,0.0306925268557106,10,0.93,0.99761962890625,1000,1.1419950723648071,1.003880500793457,0.0,1.025950813293457,1,10000,,,,0,6000,1024,2011215148,NVIDIA GeForce RTX 3090,DSIVI,,0.5428097896324854,2.5661440367332684,0.125523787035069,0.0005140956491231918,3.860293067942961,1271258489,ok,0.17127956442918862,0.6,posterior_hmc,1.2201832730537807,0.13557591922819787,4.32435797591762,10,[],pass,10,hmc_chain,98.41224412620068,1000,1096717799,0.629200693719544,10000,seed42_dsivi_x_shaped,42,x_shaped,3.932855039289885,98.4127582218498
torch.float64,56b6adf45ddf66b402a550f972cd244053dd93556779031afec633781db0fe3f,seed42_dsivi_x_shaped|DSIVI|x_shaped|42|8000,results/default_config_grid/DSIVI/x_shaped/20260504_125719/checkpoints/epoch_8000,2026-07-27T11:52:43.460646+00:00,cuda,,0.9979949869791668,500,0.0,1.8181469440460205,1.0276906490325928,0.0,1.0995984852313994,0.007319044321775436,0.006855848710983992,0.007324627600610256,20,0.030784646519420686,10,0.929,0.99759072265625,1000,1.234178900718689,1.003882884979248,0.0,1.0308286488056182,1,10000,,,,0,8000,1024,1387132465,NVIDIA GeForce RTX 3090,DSIVI,,0.25404734111412386,1.3132639050522565,0.06112717227811598,0.0004845745861530304,3.8844036630045586,651196203,ok,0.1326835136341308,0.8,posterior_hmc,2.1989957331374526,0.24433285923749473,4.156046020880224,10,[],pass,10,hmc_chain,97.22166533395648,1000,1366769071,0.2956916601716299,10000,seed42_dsivi_x_shaped,42,x_shaped,3.748828407032739,97.22214990854263
torch.float64,56b6adf45ddf66b402a550f972cd244053dd93556779031afec633781db0fe3f,seed42_dsivi_x_shaped|DSIVI|x_shaped|42|10000,results/default_config_grid/DSIVI/x_shaped/20260504_125719/checkpoints/epoch_10000,2026-07-27T11:54:24.078904+00:00,cuda,,0.9983376953124999,500,0.0,1.5848723649978638,1.0300753116607666,0.0,1.1020426869392395,0.007318919524550438,0.0069838641211390495,0.007324738893657923,20,0.03095874564285725,10,0.922,0.99799716796875,1000,1.4371758699417114,1.0040634870529175,0.0,1.0317912936210631,1,10000,,,,0,10000,1024,541300602,NVIDIA GeForce RTX 3090,DSIVI,,0.20806912098141997,1.296198628990241,0.05028110234881508,0.0005586985498666763,4.109452695358442,1564316009,ok,0.07678966288458808,1.0,posterior_hmc,0.9766787429259578,0.10851986032510642,4.138117727371649,10,[],pass,10,hmc_chain,100.59861161187291,1000,331707540,0.21162174366932995,10000,seed42_dsivi_x_shaped,42,x_shaped,4.058923619452841,100.59917031042278
torch.float64,56b6adf45ddf66b402a550f972cd244053dd93556779031afec633781db0fe3f,seed43_dsivi_x_shaped|DSIVI|x_shaped|43|2000,results/default_config_grid/DSIVI/x_shaped/20260504_130200/checkpoints/epoch_2000,2026-07-27T11:56:14.631167+00:00,cuda,,0.9913344401041666,500,0.0,2.8608956336975098,1.0328240394592285,0.0,1.2087687015533444,0.007255535572767258,0.0059514581225812435,0.007321320939809084,20,0.02456577218706886,10,0.909,0.9896871093750002,1000,1.2740647792816162,1.0020521879196167,0.0,1.0249261021614073,1,10000,,,,0,2000,1024,1125808050,NVIDIA GeForce RTX 3090,DSIVI,,1.1886000060180564,4.551916922580337,0.4157938951250322,0.00030336715281009674,1.6934011377347695,1131356576,ok,4.160543081826333,0.2,posterior_hmc,4.288563005392397,0.4765070005991552,2.8586278441164605,10,[],pass,10,hmc_chain,110.47349086403847,1000,43858497,4.936872364834505,10000,seed43_dsivi_x_shaped,43,x_shaped,9.82545157399467,110.47379423119128
torch.float64,56b6adf45ddf66b402a550f972cd244053dd93556779031afec633781db0fe3f,seed43_dsivi_x_shaped|DSIVI|x_shaped|43|4000,results/default_config_grid/DSIVI/x_shaped/20260504_130200/checkpoints/epoch_4000,2026-07-27T11:58:05.692016+00:00,cuda,,0.99401484375,500,0.0,3.0111331939697266,1.034425139427185,0.0,1.1839805781841277,0.0072679040022194386,0.006102811545133591,0.007321009878069162,20,0.02473556528136839,10,0.919,0.99283798828125,1000,1.5850435495376587,1.0033676624298096,0.0,1.039517384767532,1,10000,,,,0,4000,1024,449408976,NVIDIA GeForce RTX 3090,DSIVI,,0.960262733849859,3.3409770987023775,0.20835025346462877,0.0005334150046110153,3.1942855429061523,445825740,ok,0.45112249182323394,0.4,posterior_hmc,5.614500443902366,0.6238333826558184,4.608886804224028,10,[],pass,10,hmc_chain,111.04145324788988,1000,2015975258,1.0076960933105519,10000,seed43_dsivi_x_shaped,43,x_shaped,5.2083710972767605,111.04198666289449
torch.float64,56b6adf45ddf66b402a550f972cd244053dd93556779031afec633781db0fe3f,seed43_dsivi_x_shaped|DSIVI|x_shaped|43|6000,results/default_config_grid/DSIVI/x_shaped/20260504_130200/checkpoints/epoch_6000,2026-07-27T11:59:47.709726+00:00,cuda,,0.9921326822916665,500,0.0,3.306900978088379,1.0416431427001953,0.0,1.1510453462600707,0.007272025570273399,0.00569293275475502,0.007322469260543585,20,0.0247568230312182,10,0.895,0.99069619140625,1000,1.7929754257202148,1.0041197538375854,0.0,1.0631047785282135,1,10000,,,,0,6000,1024,1059607171,NVIDIA GeForce RTX 3090,DSIVI,,0.7048326719035075,1.7205658182222219,0.14978931951560528,0.0005546621978282928,4.143260214845814,1824859702,ok,0.23322769924340966,0.6,posterior_hmc,4.044018130057682,0.44933534778418693,4.705493517046634,10,[],pass,10,hmc_chain,101.99766835570335,1000,685666870,0.555483179247313,10000,seed43_dsivi_x_shaped,43,x_shaped,4.027227289297545,101.99822301790118
torch.float64,56b6adf45ddf66b402a550f972cd244053dd93556779031afec633781db0fe3f,seed43_dsivi_x_shaped|DSIVI|x_shaped|43|8000,results/default_config_grid/DSIVI/x_shaped/20260504_130200/checkpoints/epoch_8000,2026-07-27T12:01:30.026308+00:00,cuda,,0.9916856119791668,500,0.0,1.8404412269592285,1.04090416431427,0.0,1.1630506753921508,0.007251685950905085,0.005753743927925825,0.007322989404201508,20,0.02424512858984303,10,0.893,0.9901163085937501,1000,2.227036952972412,1.0042446851730347,0.0,1.0596686244010924,1,10000,,,,0,8000,1024,2012199882,NVIDIA GeForce RTX 3090,DSIVI,,0.8934462800355559,3.178454606276211,0.18201416851327773,0.0005721990019083023,4.79360211993062,1509749480,ok,0.28961455293778016,0.8,posterior_hmc,3.83632843760105,0.42625871528900555,4.908663360294284,10,[],pass,10,hmc_chain,102.29706522263587,1000,484246714,0.6607349500668882,10000,seed43_dsivi_x_shaped,43,x_shaped,4.081881291118016,102.29763742163777
torch.float64,56b6adf45ddf66b402a550f972cd244053dd93556779031afec633781db0fe3f,seed43_dsivi_x_shaped|DSIVI|x_shaped|43|10000,results/default_config_grid/DSIVI/x_shaped/20260504_130200/checkpoints/epoch_10000,2026-07-27T12:03:07.783664+00:00,cuda,,0.9921423177083334,500,0.0,2.5495362281799316,1.0410162210464478,0.0,1.1491198778152465,0.007271404843777418,0.005763853434473276,0.007323077879846096,20,0.024819380998133897,10,0.876,0.9906437499999999,1000,1.4630721807479858,1.0043801069259644,0.0,1.0530663073062896,1,10000,,,,0,10000,1024,1837401042,NVIDIA GeForce RTX 3090,DSIVI,,0.5687454928533815,1.6815934702601993,0.12029976040973148,0.0006169173866510391,4.230065180349742,1573592973,ok,0.1061716238073032,1.0,posterior_hmc,3.7858796750683155,0.4206532972298128,4.727735873423848,10,[],pass,10,hmc_chain,97.73762788251042,1000,2070561695,0.5391505964945722,10000,seed43_dsivi_x_shaped,43,x_shaped,4.245803629524618,97.73824479989707
torch.float64,56b6adf45ddf66b402a550f972cd244053dd93556779031afec633781db0fe3f,seed44_dsivi_x_shaped|DSIVI|x_shaped|44|2000,results/default_config_grid/DSIVI/x_shaped/20260504_130518/checkpoints/epoch_2000,2026-07-27T12:04:57.390529+00:00,cuda,,0.9897124348958335,500,0.0,1.7671239376068115,1.0367028713226318,0.0,1.1306619107723235,0.007246794644743204,0.005381473805755377,0.007318329066038132,20,0.022924337512293183,10,0.713,0.9877119140624999,1000,1.725821614265442,1.0041898488998413,0.0,1.0658800899982452,1,10000,,,,0,2000,1024,653201872,NVIDIA GeForce RTX 3090,DSIVI,,0.6544034642719445,2.7111759764363748,0.27404332771702783,0.00033146515488624573,1.8953025089190496,70098513,ok,3.37545847375542,0.2,posterior_hmc,3.2580837161603053,0.3620093017955895,2.3879562028515053,10,[],pass,10,hmc_chain,109.53035323135555,1000,1233066020,3.8329655701353302,10000,seed44_dsivi_x_shaped,44,x_shaped,9.642414676593784,109.53068469651043
torch.float64,56b6adf45ddf66b402a550f972cd244053dd93556779031afec633781db0fe3f,seed44_dsivi_x_shaped|DSIVI|x_shaped|44|4000,results/default_config_grid/DSIVI/x_shaped/20260504_130518/checkpoints/epoch_4000,2026-07-27T12:06:49.783422+00:00,cuda,,0.9912934244791667,500,0.0,1.554850697517395,1.0386534929275513,0.0,1.1143377780914308,0.007199707441031933,0.005929574370384216,0.0073102484457194805,20,0.021428354753976406,10,0.883,0.9895236328125,1000,2.4373106956481934,1.0040383338928223,0.0,1.0612825453281403,1,10000,,,,0,4000,1024,537534326,NVIDIA GeForce RTX 3090,DSIVI,,2.1572035335932567,11.748639688434393,0.392671775730115,0.0006005913019180298,3.1341786352962804,515823716,ok,0.5882924594839695,0.4,posterior_hmc,3.097152641206318,0.34412807124514644,5.493655686310166,10,[],pass,10,hmc_chain,112.37337137572467,1000,1708672385,2.3132159815502757,10000,seed44_dsivi_x_shaped,44,x_shaped,4.953596337136709,112.37397196702659
torch.float64,56b6adf45ddf66b402a550f972cd244053dd93556779031afec633781db0fe3f,seed44_dsivi_x_shaped|DSIVI|x_shaped|44|6000,results/default_config_grid/DSIVI/x_shaped/20260504_130518/checkpoints/epoch_6000,2026-07-27T12:08:31.675992+00:00,cuda,,0.9904852864583333,500,0.0,1.9342092275619507,1.0446127653121948,0.0,1.1347780585289,0.007177023217082024,0.005956034176051617,0.0073089273646473885,20,0.02093554338676118,10,0.89,0.9885606445312501,1000,3.067547082901001,1.0046064853668213,0.0,1.0720867037773132,1,10000,,,,0,6000,1024,42256015,NVIDIA GeForce RTX 3090,DSIVI,,1.5021364348936102,5.199206050795787,0.2794939240962336,0.0005503073334693909,3.6038566379290864,1231319344,ok,0.16539217208068477,0.6,posterior_hmc,4.2131940202254485,0.46813266891393873,5.37448690432499,10,[],pass,10,hmc_chain,101.87252799607813,1000,380960941,1.3688458937908559,10000,seed44_dsivi_x_shaped,44,x_shaped,4.081271643558616,101.8730783034116
torch.float64,56b6adf45ddf66b402a550f972cd244053dd93556779031afec633781db0fe3f,seed44_dsivi_x_shaped|DSIVI|x_shaped|44|8000,results/default_config_grid/DSIVI/x_shaped/20260504_130518/checkpoints/epoch_8000,2026-07-27T12:10:11.905466+00:00,cuda,,0.9868378906250002,500,0.0,1.6680983304977417,1.045851707458496,0.0,1.1444520115852352,0.007122434210032225,0.005608266219496727,0.007304966915398836,20,0.019236984488962966,10,0.853,0.9842190429687498,1000,1.7932027578353882,1.0047141313552856,0.0,1.0805813193321228,1,10000,,,,0,8000,1024,894197749,NVIDIA GeForce RTX 3090,DSIVI,,1.5156200393569905,5.425462804474742,0.27173163541260675,0.0005640890449285507,3.920478586033343,1309941272,ok,0.1616518028842449,0.8,posterior_hmc,5.060931982774372,0.5623257758638192,5.577635585402562,10,[],pass,10,hmc_chain,100.20917662791908,1000,1275268429,1.4032891354554877,10000,seed44_dsivi_x_shaped,44,x_shaped,4.159546018820853,100.209740716964
torch.float64,56b6adf45ddf66b402a550f972cd244053dd93556779031afec633781db0fe3f,seed44_dsivi_x_shaped|DSIVI|x_shaped|44|10000,results/default_config_grid/DSIVI/x_shaped/20260504_130518/checkpoints/epoch_10000,2026-07-27T12:11:56.052752+00:00,cuda,,0.9871037760416667,500,0.0,1.731677770614624,1.0485719442367554,0.0,1.140991973876953,0.007101940456777811,0.005625141318887472,0.00730056781321764,20,0.018701979275404106,10,0.858,0.98465751953125,1000,2.963043689727783,1.0042431354522705,0.0,1.08285693526268,1,10000,,,,0,10000,1024,726647269,NVIDIA GeForce RTX 3090,DSIVI,,1.8292432450155012,8.09634160548706,0.30369171713139287,0.0005595516413450241,4.023926144679114,1079306974,ok,0.07772495818215046,1.0,posterior_hmc,5.58560067325403,0.6206222970282256,6.023355731575897,10,[],pass,10,hmc_chain,104.12724869512022,1000,169469653,1.8364458658554543,10000,seed44_dsivi_x_shaped,44,x_shaped,4.041346476301116,104.12780824676156
torch.float64,56b6adf45ddf66b402a550f972cd244053dd93556779031afec633781db0fe3f,seed45_dsivi_x_shaped|DSIVI|x_shaped|45|2000,results/default_config_grid/DSIVI/x_shaped/20260504_130839/checkpoints/epoch_2000,2026-07-27T12:13:41.059334+00:00,cuda,,0.9953260416666666,500,6.432291666666667e-05,1.4890254735946655,1.0415524244308472,0.0,1.1537085890769958,0.00728932861238718,0.006391733884811401,0.007323275785893202,20,0.027130512299364196,10,0.215,0.9943599609375001,1000,1.9105050563812256,1.0052310228347778,0.0,1.0549388527870178,1,10000,,,,0,2000,1024,1580204362,NVIDIA GeForce RTX 3090,DSIVI,,0.6562604386242415,6.7155659557298994,0.24266413305008927,0.000304611399769783,1.6035887945370058,1090597406,ok,3.6621102580767464,0.2,posterior_hmc,2.1612828255231413,0.24014253616923792,2.704398175270427,10,[],pass,10,hmc_chain,104.9297341555357,1000,2096418314,3.398829450480534,10000,seed45_dsivi_x_shaped,45,x_shaped,9.07432254593389,104.93003876693547
torch.float64,56b6adf45ddf66b402a550f972cd244053dd93556779031afec633781db0fe3f,seed45_dsivi_x_shaped|DSIVI|x_shaped|45|4000,results/default_config_grid/DSIVI/x_shaped/20260504_130839/checkpoints/epoch_4000,2026-07-27T12:15:32.499723+00:00,cuda,,0.9962835286458334,500,1.953125e-07,1.939963936805725,1.0471677780151367,0.0,1.169859880208969,0.007299467921257019,0.006522790528833866,0.007321907207369804,20,0.027418544015694758,10,0.935,0.9955594726562501,1000,1.478468656539917,1.0056488513946533,0.0,1.0639155805110931,1,10000,,,,0,4000,1024,1759842448,NVIDIA GeForce RTX 3090,DSIVI,,0.2763190826038982,1.2175522709082092,0.07973714580825672,0.0005474835634231567,3.420786005356133,2056941303,ok,0.31355180349163714,0.4,posterior_hmc,1.3149693224981462,0.14610770249979402,3.46537463566053,10,[],pass,10,hmc_chain,111.42055750079453,1000,1834489822,0.4092771203484835,10000,seed45_dsivi_x_shaped,45,x_shaped,4.805253692176766,111.42110498435795
torch.float64,56b6adf45ddf66b402a550f972cd244053dd93556779031afec633781db0fe3f,seed45_dsivi_x_shaped|DSIVI|x_shaped|45|6000,results/default_config_grid/DSIVI/x_shaped/20260504_130839/checkpoints/epoch_6000,2026-07-27T12:17:12.607261+00:00,cuda,,0.9961873046875,500,0.0,4.22665548324585,1.049529790878296,0.0,1.1774390280246734,0.007293956354260445,0.0065121944062411785,0.007321369834244251,20,0.026975821753453623,10,0.925,0.9954559570312501,1000,1.5078762769699097,1.0054779052734375,0.0,1.069734025001526,1,10000,,,,0,6000,1024,1367582725,NVIDIA GeForce RTX 3090,DSIVI,,0.2774648718762351,0.8910641938399033,0.06449270034589029,0.0005447603762149811,4.21334437574464,410074778,ok,0.10249096345824521,0.6,posterior_hmc,1.530555551891159,0.17006172798790656,4.302267859589107,10,[],pass,10,hmc_chain,100.08712622709572,1000,232347588,0.21124187197038755,10000,seed45_dsivi_x_shaped,45,x_shaped,4.0247381150477395,100.08767098747194
torch.float64,56b6adf45ddf66b402a550f972cd244053dd93556779031afec633781db0fe3f,seed45_dsivi_x_shaped|DSIVI|x_shaped|45|8000,results/default_config_grid/DSIVI/x_shaped/20260504_130839/checkpoints/epoch_8000,2026-07-27T12:18:56.372787+00:00,cuda,,0.9969012369791668,500,0.0,2.4278786182403564,1.0502008199691772,0.0,1.1994879364967346,0.007295504212379456,0.006721434649080038,0.007321149576455355,20,0.027343915233807525,10,0.9390000000000001,0.9962751953125001,1000,1.6671075820922852,1.0055596828460693,0.0,1.077195256948471,1,10000,,,,0,8000,1024,2041634711,NVIDIA GeForce RTX 3090,DSIVI,,0.25386589585408337,0.8325003909766752,0.05873800858746553,0.0005579683929681778,3.9922451494936557,1085158491,ok,0.12157800781869765,0.8,posterior_hmc,1.317335218983473,0.14637057988705257,4.322003792077101,10,[],pass,10,hmc_chain,103.74813280813396,1000,1698068270,0.22007407917947147,10000,seed45_dsivi_x_shaped,45,x_shaped,3.981905037486339,103.74869077652693
torch.float64,56b6adf45ddf66b402a550f972cd244053dd93556779031afec633781db0fe3f,seed45_dsivi_x_shaped|DSIVI|x_shaped|45|10000,results/default_config_grid/DSIVI/x_shaped/20260504_130839/checkpoints/epoch_10000,2026-07-27T12:20:40.998286+00:00,cuda,,0.996396875,500,0.0,3.834855079650879,1.0485762357711792,0.0,1.195044946670532,0.00729346601292491,0.006623901426792145,0.007320475298911333,20,0.0270688235215882,10,0.927,0.9956965820312501,1000,1.5247032642364502,1.005569338798523,0.0,1.0718215107917786,1,10000,,,,0,10000,1024,238554665,NVIDIA GeForce RTX 3090,DSIVI,,0.18249862735067618,0.6191192071145295,0.043704013190862076,0.00029809586703777313,3.8694480447955515,758772726,ok,0.04437520787639281,1.0,posterior_hmc,1.4979055121324079,0.16643394579248977,4.175786478776604,10,[],pass,10,hmc_chain,104.6141579952091,1000,1842817136,0.18049700523751128,10000,seed45_dsivi_x_shaped,45,x_shaped,3.886321283905485,104.61445609107614
torch.float64,56b6adf45ddf66b402a550f972cd244053dd93556779031afec633781db0fe3f,seed46_dsivi_x_shaped|DSIVI|x_shaped|46|2000,results/default_config_grid/DSIVI/x_shaped/20260504_131250/checkpoints/epoch_2000,2026-07-27T12:22:33.006802+00:00,cuda,,0.9733478515624999,500,4.407552083333333e-05,2.2866804599761963,1.0321248769760132,0.0,1.2190716803073876,0.006585720926523209,0.0036131159868091345,0.007290257140994072,20,0.016122004758428843,10,0.553,0.9691538085937499,1000,1.6783652305603027,1.0015387535095215,0.0,1.0759674370288848,1,10000,,,,0,2000,1024,1444822266,NVIDIA GeForce RTX 3090,DSIVI,,4.524717890076211,18.996002487205878,0.7929566416307978,0.0003037434071302414,2.3012886441109854,1817928345,ok,4.777761148586344,0.2,posterior_hmc,11.160413045103871,1.2400458939004302,5.7061353074370595,10,[],pass,10,hmc_chain,111.93224302865565,1000,584193255,7.754503675184873,10000,seed46_dsivi_x_shaped,46,x_shaped,11.012547004098783,111.93254677206278
torch.float64,56b6adf45ddf66b402a550f972cd244053dd93556779031afec633781db0fe3f,seed46_dsivi_x_shaped|DSIVI|x_shaped|46|4000,results/default_config_grid/DSIVI/x_shaped/20260504_131250/checkpoints/epoch_4000,2026-07-27T12:24:18.519392+00:00,cuda,,0.9954169921875,500,0.0,1.6620280742645264,1.029739499092102,0.0,1.0998275101184845,0.007283999118953943,0.0063420250080525875,0.007319875527173281,20,0.025838229350535737,10,0.921,0.9945001953125001,1000,1.5066423416137695,1.0028901100158691,0.0,1.039738392829895,1,10000,,,,0,4000,1024,1371217704,NVIDIA GeForce RTX 3090,DSIVI,,3.426823903816447,27.514802197895797,0.5224869252872398,0.0005668587982654572,3.583632606455421,4342991,ok,0.3570727520856373,0.4,posterior_hmc,3.9331880863279083,0.4370208984808787,6.558678768722363,10,[],pass,10,hmc_chain,105.49177867174149,1000,523618225,3.5939002949657275,10000,seed46_dsivi_x_shaped,46,x_shaped,4.831779611794579,105.49234553053975
torch.float64,56b6adf45ddf66b402a550f972cd244053dd93556779031afec633781db0fe3f,seed46_dsivi_x_shaped|DSIVI|x_shaped|46|6000,results/default_config_grid/DSIVI/x_shaped/20260504_131250/checkpoints/epoch_6000,2026-07-27T12:26:04.397548+00:00,cuda,,0.9941213541666667,500,0.0,1.4256526231765747,1.0312050580978394,0.0,1.1106000125408173,0.007288841996341944,0.005942479241639376,0.007321945857256651,20,0.025910201991498846,10,0.917,0.9929795898437501,1000,1.1669955253601074,1.0030404329299927,0.0,1.0470113098621368,1,10000,,,,0,6000,1024,1174826762,NVIDIA GeForce RTX 3090,DSIVI,,2.008175118920502,27.197561134777537,0.32450292710496914,0.0005700048059225082,4.13024407032203,1841426649,ok,0.1498048218903899,0.6,posterior_hmc,3.783856349578639,0.42042848328651544,6.1884653455557395,10,[],pass,10,hmc_chain,105.85925431549549,1000,1940995037,1.9900312375405815,10000,seed46_dsivi_x_shaped,46,x_shaped,3.9781551335174234,105.85982432030141
torch.float64,56b6adf45ddf66b402a550f972cd244053dd93556779031afec633781db0fe3f,seed46_dsivi_x_shaped|DSIVI|x_shaped|46|8000,results/default_config_grid/DSIVI/x_shaped/20260504_131250/checkpoints/epoch_8000,2026-07-27T12:27:48.389588+00:00,cuda,,0.9927251953125001,500,0.0,1.8533060550689697,1.0329684019088745,0.0,1.1191318988800047,0.007286895532160997,0.005335943773388863,0.007321177516132593,20,0.02538199021005752,10,0.753,0.9914298828124999,1000,1.597840428352356,1.0029170513153076,0.0,1.0456994533538817,1,10000,,,,0,8000,1024,640769185,NVIDIA GeForce RTX 3090,DSIVI,,1.0218004396905658,4.423273798899377,0.23188500610463983,0.000436294823884964,4.119841055425222,2075212691,ok,0.2686109540093491,0.8,posterior_hmc,4.170796889011405,0.46342187655682276,4.40649637876746,10,[],pass,10,hmc_chain,103.97685945406556,1000,1588773858,0.7016066956777869,10000,seed46_dsivi_x_shaped,46,x_shaped,3.746776698505596,103.97729574888945
torch.float64,56b6adf45ddf66b402a550f972cd244053dd93556779031afec633781db0fe3f,seed46_dsivi_x_shaped|DSIVI|x_shaped|46|10000,results/default_config_grid/DSIVI/x_shaped/20260504_131250/checkpoints/epoch_10000,2026-07-27T12:29:29.407895+00:00,cuda,,0.9946298177083334,500,0.0,1.6679564714431763,1.032819151878357,0.0,1.1237991034984587,0.007295142859220505,0.005961730610579252,0.007322095800191164,20,0.02646112244476455,10,0.873,0.99354833984375,1000,1.6376720666885376,1.0034600496292114,0.0,1.0477481603622436,1,10000,,,,0,10000,1024,203553012,NVIDIA GeForce RTX 3090,DSIVI,,0.7098494741242771,3.2977663097569114,0.1480528887823522,0.0004941485822200775,4.006993713116721,1797150570,ok,0.18200916941253806,1.0,posterior_hmc,3.133349948401824,0.3481499942668693,4.794566860277911,10,[],pass,10,hmc_chain,101.00278132967651,1000,1906607011,0.607328168711862,10000,seed46_dsivi_x_shaped,46,x_shaped,4.136608455232849,101.00327547825873
torch.float64,56b6adf45ddf66b402a550f972cd244053dd93556779031afec633781db0fe3f,seed42_sivi_8_gaussians|SIVI|8_gaussians|42|2000,results/default_config_grid/SIVI/8_gaussians/20260428_042348/checkpoints/epoch_2000,2026-07-27T12:31:14.536407+00:00,cuda,,0.9997188802083333,500,0.0,3.1391375064849854,1.020450234413147,0.0,1.2342195987701416,0.007318601477891207,0.007301802281290293,0.007325294893234968,20,0.03279035468815641,10,0.995,0.99965283203125,1000,1.7484638690948486,1.004920482635498,0.0,1.0467136383056639,1,10000,,,,4097,2000,1024,962484817,NVIDIA GeForce RTX 3090,SIVI,,0.10633462460150267,0.5543676441036933,0.0497387109049384,0.0017118435353040695,2.1783766988374755,2038499129,ok,12.055861171646878,0.2,posterior_hmc,0.19550563978688884,0.021722848865209872,2.1378645056710757,10,[],pass,10,hmc_chain,105.07406690716743,1000,294169141,12.362665041441936,10000,seed42_sivi_8_gaussians,42,8_gaussians,19.14179848629653,105.07577875070274
torch.float64,56b6adf45ddf66b402a550f972cd244053dd93556779031afec633781db0fe3f,seed42_sivi_8_gaussians|SIVI|8_gaussians|42|4000,results/default_config_grid/SIVI/8_gaussians/20260428_042348/checkpoints/epoch_4000,2026-07-27T12:33:02.682401+00:00,cuda,,0.9991290364583334,500,0.0,4.184422016143799,1.0310622453689575,0.0,1.2579289078712461,0.007300250697880983,0.0072229178622365,0.007323876954615116,20,0.02846585936101541,10,0.986,0.9989530273437501,1000,1.4166233539581299,1.0045844316482544,0.0,1.0425806939601896,1,10000,,,,4097,4000,1024,1804601426,NVIDIA GeForce RTX 3090,SIVI,,0.29532001723212564,1.192442435924482,0.0611230747465264,0.002598389983177185,4.6379308268806225,393205784,ok,6.7430699371185305,0.4,posterior_hmc,0.27644173091675084,0.03071574787963898,4.831563504565165,10,[],pass,10,hmc_chain,108.12905887328088,1000,2102158687,6.934141514841255,10000,seed42_sivi_8_gaussians,42,8_gaussians,12.584672241164917,108.13165726326406
torch.float64,56b6adf45ddf66b402a550f972cd244053dd93556779031afec633781db0fe3f,seed42_sivi_8_gaussians|SIVI|8_gaussians|42|6000,results/default_config_grid/SIVI/8_gaussians/20260428_042348/checkpoints/epoch_6000,2026-07-27T12:34:48.700370+00:00,cuda,,0.9987646484374999,500,0.0,3.9668009281158447,1.0367083549499512,0.0,1.267254143953322,0.007293542381376028,0.007181392516940832,0.00732191139832139,20,0.027615243726774638,10,0.977,0.9985064453125001,1000,1.5453141927719116,1.005313515663147,0.0,1.056341552734375,1,10000,,,,4097,6000,1024,1849534694,NVIDIA GeForce RTX 3090,SIVI,,0.4447893975717002,3.8825553376156816,0.07430992278187196,0.002797236666083336,5.537518985298516,929189416,ok,4.43345286391807,0.6,posterior_hmc,0.3936548814886749,0.043739431276519435,5.985598974141411,10,[],pass,10,hmc_chain,106.0024518109858,1000,1033003622,4.567827576901472,10000,seed42_sivi_8_gaussians,42,8_gaussians,10.148764833475006,106.00524904765189
torch.float64,56b6adf45ddf66b402a550f972cd244053dd93556779031afec633781db0fe3f,seed42_sivi_8_gaussians|SIVI|8_gaussians|42|8000,results/default_config_grid/SIVI/8_gaussians/20260428_042348/checkpoints/epoch_8000,2026-07-27T12:36:34.538246+00:00,cuda,,0.9982927734375,500,0.0,3.067075729370117,1.0440090894699097,0.0,1.3712279140949246,0.007284221239387989,0.007126091979444027,0.007319592405110598,20,0.026324245522878,10,0.97,0.9979167968750002,1000,1.6739495992660522,1.0068204402923584,0.0,1.109547734260559,1,10000,,,,4097,8000,1024,1427376506,NVIDIA GeForce RTX 3090,SIVI,,0.8392069211903626,4.799633000777143,0.1278560030892821,0.0013690479099750519,6.224456822621274,1463492372,ok,3.186441123800423,0.8,posterior_hmc,0.6891292290540966,0.07656991433934407,6.563688062455251,10,['hmc_score_rhat_p95=1.10955 <= 1.1 failed'],warning,10,hmc_chain,105.82979323714972,1000,102090858,3.6873983752237356,10000,seed42_sivi_8_gaussians,42,8_gaussians,9.603945200068761,105.83116228505969
torch.float64,56b6adf45ddf66b402a550f972cd244053dd93556779031afec633781db0fe3f,seed42_sivi_8_gaussians|SIVI|8_gaussians|42|10000,results/default_config_grid/SIVI/8_gaussians/20260428_042348/checkpoints/epoch_10000,2026-07-27T12:38:16.476010+00:00,cuda,,0.9981852864583332,500,0.0,3.292897939682007,1.0497831106185913,0.0,1.3521710932254782,0.007279037032276392,0.007131030783057213,0.0073188310489058495,20,0.025973754883509656,10,0.976,0.9978121093750002,1000,1.697316288948059,1.007487177848816,0.0,1.113044875860214,1,10000,,,,4097,10000,1024,1612871854,NVIDIA GeForce RTX 3090,SIVI,,0.8843551550992776,7.775606650137397,0.12876650070995926,0.0013950876891613007,6.1848081315032335,1067176071,ok,2.909513616673189,1.0,posterior_hmc,0.7179207906174877,0.07976897673527641,6.8678977080479005,10,['hmc_score_rhat_p95=1.11304 <= 1.1 failed'],warning,10,hmc_chain,101.92700200900435,1000,236498570,3.544028674493514,10000,seed42_sivi_8_gaussians,42,8_gaussians,9.019801931212466,101.92839709669352
torch.float64,56b6adf45ddf66b402a550f972cd244053dd93556779031afec633781db0fe3f,seed43_sivi_8_gaussians|SIVI|8_gaussians|43|2000,results/default_config_grid/SIVI/8_gaussians/20260428_064309/checkpoints/epoch_2000,2026-07-27T12:40:07.218645+00:00,cuda,,0.9996898437500001,500,0.0,6.007586479187012,1.022161841392517,0.0,1.2062288403511043,0.007317428942769766,0.007300252560526133,0.0073252455331385136,20,0.032544674807583406,10,0.994,0.9996259765625001,1000,1.5810385942459106,1.0053722858428955,0.0,1.0450887382030487,1,10000,,,,4097,2000,1024,1303496529,NVIDIA GeForce RTX 3090,SIVI,,0.1158386741583817,0.4511902639795067,0.059450447486780536,0.001960860565304756,2.007908173680468,1705754932,ok,11.827074828300542,0.2,posterior_hmc,0.17265879994814415,0.01918431110534935,1.9484912066328803,10,[],pass,10,hmc_chain,110.67636676505208,1000,930969528,12.152781043185676,10000,seed43_sivi_8_gaussians,43,8_gaussians,18.65576906689065,110.67832762561738
torch.float64,56b6adf45ddf66b402a550f972cd244053dd93556779031afec633781db0fe3f,seed43_sivi_8_gaussians|SIVI|8_gaussians|43|4000,results/default_config_grid/SIVI/8_gaussians/20260428_064309/checkpoints/epoch_4000,2026-07-27T12:41:56.979546+00:00,cuda,,0.9992690104166666,500,0.0,4.326247215270996,1.0266658067703247,0.0,1.1516234457492827,0.007303962949663401,0.0072632646188139915,0.007323667872697115,20,0.029623250970317906,10,0.987,0.99910849609375,1000,1.3177231550216675,1.0054314136505127,0.0,1.0436962723731995,1,10000,,,,4097,4000,1024,1808628362,NVIDIA GeForce RTX 3090,SIVI,,0.1562032304456041,0.8305804772088269,0.03513891967796607,0.0017403755336999893,4.322812276152288,996940118,ok,6.6201292712324875,0.4,posterior_hmc,0.24885227123861436,0.027650252359846042,4.445305429909151,10,[],pass,10,hmc_chain,109.74910684116185,1000,617741741,6.76497530819819,10000,seed43_sivi_8_gaussians,43,8_gaussians,12.921600245636398,109.75084721669555
torch.float64,56b6adf45ddf66b402a550f972cd244053dd93556779031afec633781db0fe3f,seed43_sivi_8_gaussians|SIVI|8_gaussians|43|6000,results/default_config_grid/SIVI/8_gaussians/20260428_064309/checkpoints/epoch_6000,2026-07-27T12:43:38.427250+00:00,cuda,,0.9988419921875,500,0.0,2.6636452674865723,1.032409429550171,0.0,1.2778885543346405,0.007293000351637602,0.0071975900791585445,0.007322081830352545,20,0.027645997242855998,10,0.978,0.9986007812500001,1000,1.674165964126587,1.0060113668441772,0.0,1.062476348876953,1,10000,,,,4097,6000,1024,1951123018,NVIDIA GeForce RTX 3090,SIVI,,0.3024189855114665,1.2077405213068424,0.050536582340111484,0.0027477536350488663,5.757211125082502,1016934517,ok,5.524927414637618,0.6,posterior_hmc,0.4220598722380613,0.04689554135978459,5.9841598206262745,10,[],pass,10,hmc_chain,101.43000762723386,1000,971754777,5.670867344570434,10000,seed43_sivi_8_gaussians,43,8_gaussians,11.132006961136174,101.43275538086891
torch.float64,56b6adf45ddf66b402a550f972cd244053dd93556779031afec633781db0fe3f,seed43_sivi_8_gaussians|SIVI|8_gaussians|43|8000,results/default_config_grid/SIVI/8_gaussians/20260428_064309/checkpoints/epoch_8000,2026-07-27T12:45:19.010165+00:00,cuda,,0.9984432291666668,500,0.0,3.4483730792999268,1.0421011447906494,0.0,1.3585492014884946,0.007288418244570494,0.007129049394279718,0.007320428267121315,20,0.026696692295333342,10,0.974,0.9981256835937501,1000,1.7131596803665161,1.0060135126113892,0.0,1.1083700656890867,1,10000,,,,4097,8000,1024,377836644,NVIDIA GeForce RTX 3090,SIVI,,0.7464928253220454,4.902103078046671,0.10822076770966373,0.0027185622602701187,6.44332192097601,1726646926,ok,4.335080914073153,0.8,posterior_hmc,0.6536882500070745,0.07263202777856384,6.897870354466043,10,['hmc_score_rhat_p95=1.10837 <= 1.1 failed'],warning,10,hmc_chain,100.56570992618799,1000,87883641,4.59357837672659,10000,seed43_sivi_8_gaussians,43,8_gaussians,10.18302653723503,100.56842848844826
torch.float64,56b6adf45ddf66b402a550f972cd244053dd93556779031afec633781db0fe3f,seed43_sivi_8_gaussians|SIVI|8_gaussians|43|10000,results/default_config_grid/SIVI/8_gaussians/20260428_064309/checkpoints/epoch_10000,2026-07-27T12:47:01.953165+00:00,cuda,,0.9981929036458332,500,0.0,3.848304271697998,1.0505309104919434,0.0,1.4030976831912991,0.00728463102132082,0.007094068452715874,0.007319517433643341,20,0.026145652269869882,10,0.973,0.99781416015625,1000,1.5765048265457153,1.0060542821884155,0.0,1.0894836008548736,1,10000,,,,4097,10000,1024,388691879,NVIDIA GeForce RTX 3090,SIVI,,0.6659730144280995,2.150661934760422,0.10680715081043715,0.002389468252658844,6.176232900674244,1740443629,ok,3.6011101411341344,1.0,posterior_hmc,0.5482674031739355,0.0609186003526595,6.235284897825595,10,[],pass,10,hmc_chain,102.92981574870646,1000,1930116937,4.3292830287980175,10000,seed43_sivi_8_gaussians,43,8_gaussians,10.04466057140866,102.93220521695912
torch.float64,56b6adf45ddf66b402a550f972cd244053dd93556779031afec633781db0fe3f,seed44_sivi_8_gaussians|SIVI|8_gaussians|44|2000,results/default_config_grid/SIVI/8_gaussians/20260428_091123/checkpoints/epoch_2000,2026-07-27T12:48:41.410377+00:00,cuda,,0.9995108723958334,500,0.0,5.7063140869140625,1.0287939310073853,0.0,1.3345810115337366,0.007312357891350985,0.007277548313140869,0.0073253083974123,20,0.03115671279858763,10,0.992,0.9994048828125002,1000,2.0569162368774414,1.004262089729309,0.0,1.056086379289627,1,10000,,,,4097,2000,1024,132732265,NVIDIA GeForce RTX 3090,SIVI,,0.35991841723407164,3.011258771894378,0.1674172621675215,0.0017091203480958939,2.0234182851294977,1082355981,ok,13.784334158703288,0.2,posterior_hmc,0.21432282840685676,0.023813647600761864,2.149828593385604,10,[],pass,10,hmc_chain,99.40459800325334,1000,1464935344,13.640051650224226,10000,seed44_sivi_8_gaussians,44,8_gaussians,20.95005217681816,99.40630712360144
torch.float64,56b6adf45ddf66b402a550f972cd244053dd93556779031afec633781db0fe3f,seed44_sivi_8_gaussians|SIVI|8_gaussians|44|4000,results/default_config_grid/SIVI/8_gaussians/20260428_091123/checkpoints/epoch_4000,2026-07-27T12:50:28.596377+00:00,cuda,,0.9993462890625001,500,0.0,3.338391065597534,1.0561997890472412,0.0,1.4852869272232054,0.0073025766760110855,0.00726438220590353,0.007324512116611004,20,0.029158297363303505,10,0.989,0.9992239257812501,1000,1.581781029701233,1.0051449537277222,0.0,1.0776388525962828,1,10000,,,,4097,4000,1024,1200084402,NVIDIA GeForce RTX 3090,SIVI,,0.421591132255766,2.7423950908871753,0.10121838160234221,0.0028315503150224686,4.055515790545776,1430838774,ok,7.514513564420708,0.4,posterior_hmc,0.35448474448528666,0.039387193831698517,4.165163733916195,10,[],pass,10,hmc_chain,107.16835662722588,1000,744398296,7.798316202177761,10000,seed44_sivi_8_gaussians,44,8_gaussians,13.578195660863273,107.1711881775409
torch.float64,56b6adf45ddf66b402a550f972cd244053dd93556779031afec633781db0fe3f,seed44_sivi_8_gaussians|SIVI|8_gaussians|44|6000,results/default_config_grid/SIVI/8_gaussians/20260428_091123/checkpoints/epoch_6000,2026-07-27T12:52:02.131123+00:00,cuda,,0.9990670572916667,500,0.0,3.5365726947784424,1.0615098476409912,0.0,1.4529285252094268,0.007292725145816803,0.007223048713058233,0.0073238555341959,20,0.02757068161815306,10,0.987,0.9988894531250001,1000,1.8591409921646118,1.0059548616409302,0.0,1.0852145612239836,1,10000,,,,4097,6000,1024,1141412527,NVIDIA GeForce RTX 3090,SIVI,,0.6633553362687348,2.6562373663801075,0.1061777322038128,0.0030109472572803497,5.584137627334368,397970574,ok,5.821675054332761,0.6,posterior_hmc,0.44453974978484273,0.049393305531649195,6.247593751535352,10,[],pass,10,hmc_chain,93.51955316402018,1000,507385150,6.314705982464583,10000,seed44_sivi_8_gaussians,44,8_gaussians,11.503360387243058,93.52256411127746
torch.float64,56b6adf45ddf66b402a550f972cd244053dd93556779031afec633781db0fe3f,seed44_sivi_8_gaussians|SIVI|8_gaussians|44|8000,results/default_config_grid/SIVI/8_gaussians/20260428_091123/checkpoints/epoch_8000,2026-07-27T12:53:36.671392+00:00,cuda,,0.9986080078124999,500,0.0,2.552889585494995,1.0561730861663818,0.0,1.3788217008113859,0.007289707660675049,0.007151362020522356,0.007322302088141441,20,0.026576300634892136,10,0.972,0.9983250976562499,1000,1.3968466520309448,1.0061341524124146,0.0,1.0758745491504669,1,10000,,,,4097,8000,1024,397439937,NVIDIA GeForce RTX 3090,SIVI,,1.0152673102361112,3.662541108994458,0.17150502733275408,0.001460641622543335,5.501768559621265,1596117842,ok,6.30746190263002,0.8,posterior_hmc,0.43618236419907225,0.04846470713323025,5.919752476213361,10,[],pass,10,hmc_chain,94.5282897874713,1000,634023835,6.7967725036259115,10000,seed44_sivi_8_gaussians,44,8_gaussians,11.491301517062103,94.52975042909384
torch.float64,56b6adf45ddf66b402a550f972cd244053dd93556779031afec633781db0fe3f,seed44_sivi_8_gaussians|SIVI|8_gaussians|44|10000,results/default_config_grid/SIVI/8_gaussians/20260428_091123/checkpoints/epoch_10000,2026-07-27T12:55:16.616188+00:00,cuda,,0.9988424479166667,500,0.0,2.5891456604003906,1.051093578338623,0.0,1.3445351481437677,0.007296381052583456,0.007178847678005695,0.007322403602302074,20,0.02764879523139498,10,0.976,0.99859423828125,1000,1.4942153692245483,1.0061440467834473,0.0,1.0963852345943448,1,10000,,,,4097,10000,1024,745314091,NVIDIA GeForce RTX 3090,SIVI,,0.7399777772447923,5.106388312473734,0.12552729883646133,0.0026257075369358063,5.389170557678845,443358887,ok,4.441768717980818,1.0,posterior_hmc,0.4502203320919977,0.0500244813435553,5.894954994680842,10,[],pass,10,hmc_chain,99.92527192272246,1000,1977268217,4.784658973053989,10000,seed44_sivi_8_gaussians,44,8_gaussians,10.812065657156445,99.9278976302594
torch.float64,56b6adf45ddf66b402a550f972cd244053dd93556779031afec633781db0fe3f,seed45_sivi_8_gaussians|SIVI|8_gaussians|45|2000,results/default_config_grid/SIVI/8_gaussians/20260428_113846/checkpoints/epoch_2000,2026-07-27T12:56:46.920604+00:00,cuda,,0.9996680338541666,500,0.0,3.0124166011810303,1.0242111682891846,0.0,1.142726933956146,0.007316906005144119,0.007288260385394096,0.007325724232941866,20,0.03223460576158961,10,0.994,0.9996023437500002,1000,1.7175366878509521,1.0057655572891235,0.0,1.0383521735668182,1,10000,,,,4097,2000,1024,218901988,NVIDIA GeForce RTX 3090,SIVI,,0.09958230048682618,0.3120015450736691,0.0494896459823173,0.0015921387821435928,2.0791398961874163,1447416539,ok,11.556778165774627,0.2,posterior_hmc,0.13894153976034496,0.015437948862260551,2.012184539012605,10,[],pass,10,hmc_chain,90.24718104675412,1000,431296909,11.784093178824262,10000,seed45_sivi_8_gaussians,45,8_gaussians,18.20406063360459,90.24877318553627
torch.float64,56b6adf45ddf66b402a550f972cd244053dd93556779031afec633781db0fe3f,seed45_sivi_8_gaussians|SIVI|8_gaussians|45|4000,results/default_config_grid/SIVI/8_gaussians/20260428_113846/checkpoints/epoch_4000,2026-07-27T12:58:23.465611+00:00,cuda,,0.9992975260416668,500,0.0,4.757969856262207,1.037315845489502,0.0,1.188453996181488,0.0073027233593165874,0.007262437604367733,0.007323705591261387,20,0.02933947247789992,10,0.987,0.9991501953125002,1000,1.7856955528259277,1.0054715871810913,0.0,1.057982724905014,1,10000,,,,4097,4000,1024,1819055170,NVIDIA GeForce RTX 3090,SIVI,,0.2135405052810454,1.207507363605031,0.04742418167642603,0.0026681404560804367,4.412660496090731,249519866,ok,6.260974178076436,0.4,posterior_hmc,0.3005256012007904,0.03339173346675449,4.502776805681683,10,[],pass,10,hmc_chain,96.52767962962389,1000,1499023949,6.440116541134367,10000,seed45_sivi_8_gaussians,45,8_gaussians,12.683274332389445,96.53034777007997
torch.float64,56b6adf45ddf66b402a550f972cd244053dd93556779031afec633781db0fe3f,seed45_sivi_8_gaussians|SIVI|8_gaussians|45|6000,results/default_config_grid/SIVI/8_gaussians/20260428_113846/checkpoints/epoch_6000,2026-07-27T13:00:01.401144+00:00,cuda,,0.9987019531249999,500,0.0,2.9584617614746094,1.0346293449401855,0.0,1.2098655819892883,0.007289057597517967,0.007156153209507465,0.007322965655475855,20,0.026952140633814282,10,0.976,0.9984493164062501,1000,1.6967717409133911,1.006790280342102,0.0,1.0610700488090514,1,10000,,,,4097,6000,1024,1640292196,NVIDIA GeForce RTX 3090,SIVI,,0.5905375500119172,3.187346453092754,0.09449823311749783,0.002500707283616066,5.794771454290405,646804147,ok,4.981549821017261,0.6,posterior_hmc,0.4780419320171415,0.053115770224126835,6.249191445491375,10,[],pass,10,hmc_chain,97.91894882172346,1000,1463899274,5.245967899223507,10000,seed45_sivi_8_gaussians,45,8_gaussians,10.749757889926066,97.92144952900708
torch.float64,56b6adf45ddf66b402a550f972cd244053dd93556779031afec633781db0fe3f,seed45_sivi_8_gaussians|SIVI|8_gaussians|45|8000,results/default_config_grid/SIVI/8_gaussians/20260428_113846/checkpoints/epoch_8000,2026-07-27T13:01:41.707361+00:00,cuda,,0.9984082682291666,500,0.0,3.383005380630493,1.0372705459594727,0.0,1.2403983354568475,0.007284262683242559,0.007151144556701183,0.007322431076318026,20,0.026746227623086663,10,0.969,0.9980683593750002,1000,1.6739819049835205,1.0063872337341309,0.0,1.0786006033420563,1,10000,,,,4097,8000,1024,353376033,NVIDIA GeForce RTX 3090,SIVI,,0.6047059716723198,3.6381245845092005,0.09464182880275554,0.0026502422988414764,5.956692632306774,1980612746,ok,4.705504498994755,0.8,posterior_hmc,0.5209565542664912,0.057884061585165694,6.389415539851798,10,[],pass,10,hmc_chain,100.29053149186075,1000,1875736606,4.985198014740182,10000,seed45_sivi_8_gaussians,45,8_gaussians,10.748264547970019,100.29318173415959
torch.float64,56b6adf45ddf66b402a550f972cd244053dd93556779031afec633781db0fe3f,seed45_sivi_8_gaussians|SIVI|8_gaussians|45|10000,results/default_config_grid/SIVI/8_gaussians/20260428_113846/checkpoints/epoch_10000,2026-07-27T13:03:19.834736+00:00,cuda,,0.9983247395833333,500,0.0,3.2555153369903564,1.0404449701309204,0.0,1.334389841556549,0.007282738108187914,0.007121473550796509,0.007318371441215277,20,0.026147392533309267,10,0.971,0.9979646484375,1000,1.4726122617721558,1.0067626237869263,0.0,1.0926910817623139,1,10000,,,,4097,10000,1024,1914710686,NVIDIA GeForce RTX 3090,SIVI,,0.7260837481241602,5.799563498160687,0.11927806850309308,0.0017781015485525131,5.724335226363062,1456990207,ok,3.641896633774717,1.0,posterior_hmc,0.5765078229459407,0.06405642477177119,6.087319800163696,10,[],pass,10,hmc_chain,98.1147975679487,1000,476526159,3.9878553153938756,10000,seed45_sivi_8_gaussians,45,8_gaussians,9.550946167705154,98.11657566949725
torch.float64,56b6adf45ddf66b402a550f972cd244053dd93556779031afec633781db0fe3f,seed46_sivi_8_gaussians|SIVI|8_gaussians|46|2000,results/default_config_grid/SIVI/8_gaussians/20260428_142540/checkpoints/epoch_2000,2026-07-27T13:04:54.320347+00:00,cuda,,0.99961796875,500,0.0,3.532958507537842,1.0191504955291748,0.0,1.2489804029464722,0.00731354346498847,0.007296364288777113,0.007324774283915758,20,0.03192825170819725,10,0.995,0.9995330078125001,1000,1.5029741525650024,1.0044397115707397,0.0,1.0367713272571564,1,10000,,,,4097,2000,1024,477750843,NVIDIA GeForce RTX 3090,SIVI,,0.16145909984040213,0.8292538808781132,0.07126846492371484,0.0016647875308990479,2.167134804019276,706634584,ok,11.599174443030128,0.2,posterior_hmc,0.18911981070235787,0.021013312300261985,2.2655055081265827,10,[],pass,10,hmc_chain,94.39761139266193,1000,1670231760,11.618153817072407,10000,seed46_sivi_8_gaussians,46,8_gaussians,18.687655000944073,94.39927618019283
torch.float64,56b6adf45ddf66b402a550f972cd244053dd93556779031afec633781db0fe3f,seed46_sivi_8_gaussians|SIVI|8_gaussians|46|4000,results/default_config_grid/SIVI/8_gaussians/20260428_142540/checkpoints/epoch_4000,2026-07-27T13:06:30.672361+00:00,cuda,,0.999315625,500,0.0,3.0838887691497803,1.0312893390655518,0.0,1.171706837415695,0.0073009817861020565,0.0072660017758607864,0.007324271369725466,20,0.029266414632007215,10,0.985,0.99917490234375,1000,1.950723648071289,1.00569748878479,0.0,1.0471290946006775,1,10000,,,,4097,4000,1024,2093308848,NVIDIA GeForce RTX 3090,SIVI,,0.23122750415335602,2.1320318120742114,0.05574472026266364,0.002317424863576889,3.9916038941180068,603477602,ok,6.690213216270932,0.4,posterior_hmc,0.24423464117467694,0.027137182352741884,4.147971378524007,10,[],pass,10,hmc_chain,96.33590411581099,1000,352287021,6.798686264351008,10000,seed46_sivi_8_gaussians,46,8_gaussians,12.93642556506041,96.33822154067457
torch.float64,56b6adf45ddf66b402a550f972cd244053dd93556779031afec633781db0fe3f,seed46_sivi_8_gaussians|SIVI|8_gaussians|46|6000,results/default_config_grid/SIVI/8_gaussians/20260428_142540/checkpoints/epoch_6000,2026-07-27T13:08:06.040667+00:00,cuda,,0.9985708333333335,500,0.0,2.359285831451416,1.0364192724227905,0.0,1.1854611873626708,0.0072859786450862885,0.007169259712100029,0.007322920486330986,20,0.026570168609337877,10,0.98,0.9982573242187501,1000,1.5190459489822388,1.0057536363601685,0.0,1.0652081787586212,1,10000,,,,4097,6000,1024,916869461,NVIDIA GeForce RTX 3090,SIVI,,0.4590001844784145,1.9179733224230981,0.07621105991498664,0.0027011465281248093,6.109375760264514,1252370842,ok,5.058628537592801,0.6,posterior_hmc,0.3690431229600355,0.04100479144000394,6.022750306719638,10,[],pass,10,hmc_chain,95.35110252909362,1000,2069076823,5.447719084659656,10000,seed46_sivi_8_gaussians,46,8_gaussians,10.372234494321155,95.35380367562175
torch.float64,56b6adf45ddf66b402a550f972cd244053dd93556779031afec633781db0fe3f,seed46_sivi_8_gaussians|SIVI|8_gaussians|46|8000,results/default_config_grid/SIVI/8_gaussians/20260428_142540/checkpoints/epoch_8000,2026-07-27T13:09:40.629715+00:00,cuda,,0.9983378255208333,500,0.0,2.8498172760009766,1.0392787456512451,0.0,1.2717715919017791,0.007281147874891758,0.007136282976716757,0.007321404293179512,20,0.026257217207735075,10,0.977,0.9979766601562501,1000,2.146103858947754,1.006226897239685,0.0,1.0931442022323608,1,10000,,,,4097,8000,1024,1659697251,NVIDIA GeForce RTX 3090,SIVI,,0.583490393560542,3.230763865443248,0.08398488799870105,0.00210757739841938,6.613183557295546,1322956882,ok,4.121922868097283,0.8,posterior_hmc,0.485865659388004,0.05398507326533378,6.9475641090283595,10,[],pass,10,hmc_chain,94.57384735532105,1000,205510730,4.471256103582949,10000,seed46_sivi_8_gaussians,46,8_gaussians,10.475455712761434,94.57595493271947
torch.float64,56b6adf45ddf66b402a550f972cd244053dd93556779031afec633781db0fe3f,seed46_sivi_8_gaussians|SIVI|8_gaussians|46|10000,results/default_config_grid/SIVI/8_gaussians/20260428_142540/checkpoints/epoch_10000,2026-07-27T13:11:15.742409+00:00,cuda,,0.9981706380208334,500,0.0,3.9596540927886963,1.0409631729125977,0.0,1.2631602823734283,0.007280054036527872,0.0071250987239181995,0.007320025935769081,20,0.02606678410579928,10,0.963,0.9977823242187501,1000,1.7233484983444214,1.0058579444885254,0.0,1.096683406829834,1,10000,,,,4097,10000,1024,1032730545,NVIDIA GeForce RTX 3090,SIVI,,0.6005160669325346,2.593264723253255,0.09402879550684617,0.0028143171221017838,6.245434141084315,51187811,ok,4.065669877854019,1.0,posterior_hmc,0.5046458061136236,0.05607175623484707,6.386512383738994,10,[],pass,10,hmc_chain,95.0949876755476,1000,1790076923,4.6854414936768345,10000,seed46_sivi_8_gaussians,46,8_gaussians,10.287719370032526,95.0978019926697
torch.float64,56b6adf45ddf66b402a550f972cd244053dd93556779031afec633781db0fe3f,seed42_uivi_8_gaussians|UIVI|8_gaussians|42|2000,results/default_config_grid/UIVI/8_gaussians/20260428_043837/checkpoints/epoch_2000,2026-07-27T13:12:51.027157+00:00,cuda,,0.9996040364583334,500,0.0,3.1325783729553223,1.080603003501892,0.0,1.5592183709144587,0.007312667556107044,0.007304861210286617,0.0073228259570896626,20,0.0322931796692323,10,0.995,0.9995154296875001,1000,1.1404579877853394,1.0032950639724731,0.0,1.0358215868473053,1,10000,,,,5,2000,1024,1847560492,NVIDIA GeForce RTX 3090,UIVI,,1.1584880798214563,1.8006112758476611,1.0320165943730129,0.10632366128265858,2.3532319182257853,1250224544,ok,17.65766319329972,0.2,posterior_hmc,0.023570792635047595,0.0026189769594497326,1.1225479184521054,10,[],pass,10,hmc_chain,95.10839729197323,1000,1317139451,16.915728450555555,10000,seed42_uivi_8_gaussians,42,8_gaussians,23.12383255921189,95.21472095325589
torch.float64,56b6adf45ddf66b402a550f972cd244053dd93556779031afec633781db0fe3f,seed42_uivi_8_gaussians|UIVI|8_gaussians|42|4000,results/default_config_grid/UIVI/8_gaussians/20260428_043837/checkpoints/epoch_4000,2026-07-27T13:14:24.793942+00:00,cuda,,0.9996048177083335,500,0.0,3.2921128273010254,1.0753341913223267,0.0,1.1638009071350097,0.007311708759516478,0.00729586835950613,0.007322152145206928,20,0.031847663554290154,10,0.995,0.99952666015625,1000,1.1700234413146973,1.0019865036010742,0.0,1.0455617785453797,1,10000,,,,5,4000,1024,447923968,NVIDIA GeForce RTX 3090,UIVI,,1.348334885634665,2.0651734927819874,0.6935481775959539,0.21571977622807026,3.346351767534182,866773384,ok,14.2689703397282,0.4,posterior_hmc,0.02311391321337729,0.0025682125792641434,1.9441113525932667,10,[],pass,10,hmc_chain,93.53749733604491,1000,515235582,12.788510393840436,10000,seed42_uivi_8_gaussians,42,8_gaussians,18.792383150362955,93.75321711227298
torch.float64,56b6adf45ddf66b402a550f972cd244053dd93556779031afec633781db0fe3f,seed42_uivi_8_gaussians|UIVI|8_gaussians|42|6000,results/default_config_grid/UIVI/8_gaussians/20260428_043837/checkpoints/epoch_6000,2026-07-27T13:15:57.044403+00:00,cuda,,0.9996000651041668,500,0.0,1.2944437265396118,1.0833462476730347,0.0,1.1746147274971008,0.007312451954931021,0.007291264366358519,0.007320242002606392,20,0.031687146840418214,10,0.995,0.99952919921875,1000,1.1209346055984497,1.0006121397018433,0.0,1.0247992813587188,1,10000,,,,5,6000,1024,1212031446,NVIDIA GeForce RTX 3090,UIVI,,1.7016627249359244,2.9251103357593764,0.6021541762837234,0.17430073581635952,4.422371214842673,79957772,ok,13.12022516163628,0.6,posterior_hmc,0.012739861664718709,0.0014155401849687455,2.825958520188248,10,[],pass,10,hmc_chain,92.06588070467114,1000,438126421,11.2271629167452,10000,seed42_uivi_8_gaussians,42,8_gaussians,16.532870837154913,92.2401814404875
torch.float64,56b6adf45ddf66b402a550f972cd244053dd93556779031afec633781db0fe3f,seed42_uivi_8_gaussians|UIVI|8_gaussians|42|8000,results/default_config_grid/UIVI/8_gaussians/20260428_043837/checkpoints/epoch_8000,2026-07-27T13:17:29.154449+00:00,cuda,,0.9995936197916667,500,0.0,1.4369162321090698,1.0816266536712646,0.0,1.1752231121063232,0.00731205428019166,0.007292248774319887,0.0073204063810408115,20,0.03163790228982477,10,0.992,0.9995143554687502,1000,1.2359381914138794,1.0005360841751099,0.0,1.0319427967071533,1,10000,,,,5,8000,1024,1535925192,NVIDIA GeForce RTX 3090,UIVI,,1.6969580753443694,2.860297256546108,0.5595176729766713,0.17059310525655746,4.698369135722871,1495995559,ok,12.728848416592214,0.8,posterior_hmc,0.014381183001919866,0.0015979092224355407,3.0328945041475444,10,[],pass,10,hmc_chain,91.92735540494323,1000,1007738929,11.061182011040978,10000,seed42_uivi_8_gaussians,42,8_gaussians,15.800696106727255,92.09794851019979
torch.float64,56b6adf45ddf66b402a550f972cd244053dd93556779031afec633781db0fe3f,seed42_uivi_8_gaussians|UIVI|8_gaussians|42|10000,results/default_config_grid/UIVI/8_gaussians/20260428_043837/checkpoints/epoch_10000,2026-07-27T13:18:57.609862+00:00,cuda,,0.9995888671875002,500,0.0,1.3043270111083984,1.0854908227920532,0.0,1.1729066252708436,0.007312092464417219,0.007291019894182682,0.007320318836718798,20,0.0315598220673487,10,0.993,0.9995153320312501,1000,1.193455696105957,1.0003305673599243,0.0,1.019964623451233,1,10000,,,,5,10000,1024,1302702972,NVIDIA GeForce RTX 3090,UIVI,,1.7050983633101995,3.3743412217090847,0.5838317169632977,0.22707971930503845,4.826922961447482,172090130,ok,11.870916266655604,1.0,posterior_hmc,0.010871607832171205,0.0012079564257968006,2.9205305463344495,10,[],pass,10,hmc_chain,88.21389289200306,1000,1461584364,10.829700316084317,10000,seed42_uivi_8_gaussians,42,8_gaussians,15.541609502139533,88.4409726113081
torch.float64,56b6adf45ddf66b402a550f972cd244053dd93556779031afec633781db0fe3f,seed43_uivi_8_gaussians|UIVI|8_gaussians|43|2000,results/default_config_grid/UIVI/8_gaussians/20260428_070030/checkpoints/epoch_2000,2026-07-27T13:20:29.086035+00:00,cuda,,0.9997033854166667,500,0.0,3.667994737625122,1.0399627685546875,0.0,1.4734878718852995,0.007316594943404198,0.007308961823582649,0.007325182668864727,20,0.03288249629039585,10,0.995,0.9996375000000001,1000,1.302170753479004,1.003519058227539,0.0,1.0297468781471253,1,10000,,,,5,2000,1024,1442574734,NVIDIA GeForce RTX 3090,UIVI,,1.4584229641242823,2.072100448523036,1.1763999211856453,0.10959494113922119,2.6433361765946204,494169820,ok,20.930970754875823,0.2,posterior_hmc,0.036661523905856135,0.0040735026562062375,1.239733986597345,10,[],pass,10,hmc_chain,91.29944806173444,1000,1104044369,19.945774494283413,10000,seed43_uivi_8_gaussians,43,8_gaussians,26.248322197365493,91.40904300287366
torch.float64,56b6adf45ddf66b402a550f972cd244053dd93556779031afec633781db0fe3f,seed43_uivi_8_gaussians|UIVI|8_gaussians|43|4000,results/default_config_grid/UIVI/8_gaussians/20260428_070030/checkpoints/epoch_4000,2026-07-27T13:21:59.170441+00:00,cuda,,0.9996637369791668,500,0.0,2.4832217693328857,1.0442137718200684,0.0,1.4190260112285613,0.007315901108086109,0.007303077727556229,0.007322832942008972,20,0.03254936257727699,10,0.993,0.9995913085937501,1000,1.2411377429962158,1.0029195547103882,0.0,1.0237431168556212,1,10000,,,,5,4000,1024,1284113687,NVIDIA GeForce RTX 3090,UIVI,,2.6509607691756227,5.822171033024424,1.1289666350735932,0.23100443184375763,5.2032054164329455,744068324,ok,15.883696524784561,0.4,posterior_hmc,0.05408831773367895,0.006009813081519883,2.3481303050225364,10,[],pass,10,hmc_chain,89.83947350271046,1000,902137989,13.408604068427508,10000,seed43_uivi_8_gaussians,43,8_gaussians,19.413383743983896,90.07047793455422
torch.float64,56b6adf45ddf66b402a550f972cd244053dd93556779031afec633781db0fe3f,seed43_uivi_8_gaussians|UIVI|8_gaussians|43|6000,results/default_config_grid/UIVI/8_gaussians/20260428_070030/checkpoints/epoch_6000,2026-07-27T13:23:32.904246+00:00,cuda,,0.9996570312500002,500,0.0,3.2334182262420654,1.043782114982605,0.0,1.3516709804534912,0.007315314840525389,0.007299480959773064,0.0073226275853812695,20,0.03237893316218476,10,0.995,0.999589453125,1000,1.3755860328674316,1.0025895833969116,0.0,1.03416708111763,1,10000,,,,5,6000,1024,1438166872,NVIDIA GeForce RTX 3090,UIVI,,2.5517796396987498,4.881792032502522,1.0054077896278781,0.12041134759783745,5.017755246979017,804797165,ok,13.593312035621924,0.6,posterior_hmc,0.08006286754513717,0.008895874171681908,2.5380543755715435,10,[],pass,10,hmc_chain,93.60122638382018,1000,1464623391,11.323103252635434,10000,seed43_uivi_8_gaussians,43,8_gaussians,17.26319237888372,93.72163773141801
torch.float64,56b6adf45ddf66b402a550f972cd244053dd93556779031afec633781db0fe3f,seed43_uivi_8_gaussians|UIVI|8_gaussians|43|8000,results/default_config_grid/UIVI/8_gaussians/20260428_070030/checkpoints/epoch_8000,2026-07-27T13:24:59.499039+00:00,cuda,,0.9996251302083334,500,0.0,3.4867756366729736,1.0415136814117432,0.0,1.3308819591999053,0.007313658017665148,0.007297155912965536,0.007321830373257399,20,0.032097116242040945,10,0.995,0.9995466796875001,1000,1.8810724020004272,1.002321720123291,0.0,1.0232091009616853,1,10000,,,,5,8000,1024,45095354,NVIDIA GeForce RTX 3090,UIVI,,2.848867130005713,5.436135840867887,0.9512040651085379,0.1852530688047409,5.846975614188857,1170148572,ok,12.912521802339466,0.8,posterior_hmc,0.07533176846931144,0.008370196496590161,2.99501151698783,10,[],pass,10,hmc_chain,86.39520106650889,1000,1024811540,9.96233220214775,10000,seed43_uivi_8_gaussians,43,8_gaussians,15.540282209150206,86.58045413531363
torch.float64,56b6adf45ddf66b402a550f972cd244053dd93556779031afec633781db0fe3f,seed43_uivi_8_gaussians|UIVI|8_gaussians|43|10000,results/default_config_grid/UIVI/8_gaussians/20260428_070030/checkpoints/epoch_10000,2026-07-27T13:26:30.010896+00:00,cuda,,0.9996070963541668,500,0.0,2.2310869693756104,1.0436086654663086,0.0,1.2775624990463255,0.007313588634133339,0.007294827606528997,0.007322029210627079,20,0.03200531412256609,10,0.994,0.99952626953125,1000,1.3398828506469727,1.0023765563964844,0.0,1.0270819962024689,1,10000,,,,5,10000,1024,1227059239,NVIDIA GeForce RTX 3090,UIVI,,3.0519183600087407,5.363948874622366,1.081758889278448,0.1347677167505026,5.90101647438161,1533835214,ok,13.126548039544438,1.0,posterior_hmc,0.0688042452428627,0.007644916138095856,2.8212556330777403,10,[],pass,10,hmc_chain,90.36327255889773,1000,824198044,10.54299954761921,10000,seed43_uivi_8_gaussians,43,8_gaussians,16.17051879467453,90.49804027564824
torch.float64,56b6adf45ddf66b402a550f972cd244053dd93556779031afec633781db0fe3f,seed44_uivi_8_gaussians|UIVI|8_gaussians|44|2000,results/default_config_grid/UIVI/8_gaussians/20260428_092724/checkpoints/epoch_2000,2026-07-27T13:28:09.387712+00:00,cuda,,0.9996440755208336,500,0.0,1.2890266180038452,1.0854990482330322,0.0,1.1743355453014372,0.007314236834645271,0.007306689862161875,0.007325567305088043,20,0.0326535938592525,10,0.995,0.999559765625,1000,1.0910109281539917,1.001145601272583,0.0,1.0260756134986877,1,10000,,,,5,2000,1024,961036610,NVIDIA GeForce RTX 3090,UIVI,,0.6903173897333112,1.179450462933816,0.6174747906478378,0.08264772221446037,1.7712454748409563,1115401832,ok,17.532040626312753,0.2,posterior_hmc,0.004665930793522194,0.0005184367548357993,1.117968539264654,10,[],pass,10,hmc_chain,99.20702233538032,1000,679648531,16.716478658493635,10000,seed44_uivi_8_gaussians,44,8_gaussians,22.851499750297634,99.28967005759478
torch.float64,56b6adf45ddf66b402a550f972cd244053dd93556779031afec633781db0fe3f,seed44_uivi_8_gaussians|UIVI|8_gaussians|44|4000,results/default_config_grid/UIVI/8_gaussians/20260428_092724/checkpoints/epoch_4000,2026-07-27T13:29:39.894957+00:00,cuda,,0.9996199869791668,500,0.0,1.2965693473815918,1.0857017040252686,0.0,1.1803781509399414,0.007313089910894632,0.0072943042032420635,0.007321173790842295,20,0.03196856539922714,10,0.995,0.9995427734375002,1000,1.6629990339279175,1.0006743669509888,0.0,1.0386960566043852,1,10000,,,,5,4000,1024,1350907293,NVIDIA GeForce RTX 3090,UIVI,,1.4817433953377328,8.282248744472229,0.6480488505203,0.21908234618604183,3.6837622626387834,174748401,ok,13.735374507165687,0.4,posterior_hmc,0.011897035644322774,0.0013218928493691972,2.28646867307624,10,[],pass,10,hmc_chain,90.27526678703725,1000,310334462,12.319550627702256,10000,seed44_uivi_8_gaussians,44,8_gaussians,17.42330288928897,90.4943491332233
torch.float64,56b6adf45ddf66b402a550f972cd244053dd93556779031afec633781db0fe3f,seed44_uivi_8_gaussians|UIVI|8_gaussians|44|6000,results/default_config_grid/UIVI/8_gaussians/20260428_092724/checkpoints/epoch_6000,2026-07-27T13:31:12.713638+00:00,cuda,,0.9995890625,500,0.0,1.3272048234939575,1.0891666412353516,0.0,1.1814445436000822,0.007312025874853134,0.00729226553812623,0.007319949101656675,20,0.0316385962736718,10,0.994,0.9995126953125002,1000,1.445732831954956,1.000305414199829,0.0,1.0263579845428465,1,10000,,,,5,6000,1024,1038915362,NVIDIA GeForce RTX 3090,UIVI,,1.795084575160302,6.685368648739448,0.6649686177803361,0.09701440669596195,4.399588751655898,249919669,ok,12.93990486390636,0.6,posterior_hmc,0.012770607768051948,0.0014189564186724386,2.6995026940553837,10,[],pass,10,hmc_chain,92.71272668428719,1000,137841995,11.21416449452782,10000,seed44_uivi_8_gaussians,44,8_gaussians,16.597699279903132,92.80974109098315
torch.float64,56b6adf45ddf66b402a550f972cd244053dd93556779031afec633781db0fe3f,seed44_uivi_8_gaussians|UIVI|8_gaussians|44|8000,results/default_config_grid/UIVI/8_gaussians/20260428_092724/checkpoints/epoch_8000,2026-07-27T13:32:46.144026+00:00,cuda,,0.9995543619791667,500,0.0,1.2985503673553467,1.089237928390503,0.0,1.17731357216835,0.007310537621378899,0.007288184482604265,0.007318636868149042,20,0.031226451883235556,10,0.992,0.9994699218750001,1000,1.166558861732483,1.000301718711853,0.0,1.0255540609359741,1,10000,,,,5,8000,1024,520560805,NVIDIA GeForce RTX 3090,UIVI,,1.8262181091964766,3.3441016411072773,0.5900204097329147,0.15533774346113205,5.015818535577634,1998286250,ok,12.938089373618972,0.8,posterior_hmc,0.007920666609144698,0.0008800740676827442,3.0951778600729307,10,[],pass,10,hmc_chain,93.26275782287121,1000,1602366995,11.168781262222168,10000,seed44_uivi_8_gaussians,44,8_gaussians,15.502706338225146,93.41809556633234
torch.float64,56b6adf45ddf66b402a550f972cd244053dd93556779031afec633781db0fe3f,seed44_uivi_8_gaussians|UIVI|8_gaussians|44|10000,results/default_config_grid/UIVI/8_gaussians/20260428_092724/checkpoints/epoch_10000,2026-07-27T13:34:17.277909+00:00,cuda,,0.999570703125,500,0.0,1.3389177322387695,1.09077787399292,0.0,1.1823720276355743,0.007311360444873571,0.00729007925838232,0.007319139316678047,20,0.031455196824546554,10,0.994,0.9994881835937502,1000,1.560806393623352,1.0002634525299072,0.0,1.0231471359729767,1,10000,,,,5,10000,1024,1031421790,NVIDIA GeForce RTX 3090,UIVI,,2.02122245976093,17.424850006006164,0.6169356683137864,0.2175559625029564,5.199269512403131,357765275,ok,13.501768265244362,1.0,posterior_hmc,0.008824808086409874,0.0009805342318233194,3.276228889934913,10,[],pass,10,hmc_chain,90.90282775275409,1000,1944884807,11.555240922245293,10000,seed44_uivi_8_gaussians,44,8_gaussians,16.768050747382492,91.12038371525705
torch.float64,56b6adf45ddf66b402a550f972cd244053dd93556779031afec633781db0fe3f,seed45_uivi_8_gaussians|UIVI|8_gaussians|45|2000,results/default_config_grid/UIVI/8_gaussians/20260428_115838/checkpoints/epoch_2000,2026-07-27T13:35:49.501217+00:00,cuda,,0.9995904296875001,500,0.0,2.518677234649658,1.0814597606658936,0.0,1.3878487646579738,0.007311907596886158,0.007302263285964727,0.007323698606342077,20,0.032165023505266975,10,0.995,0.9995019531250002,1000,1.2590372562408447,1.0030161142349243,0.0,1.0408427357673644,1,10000,,,,5,2000,1024,1243576276,NVIDIA GeForce RTX 3090,UIVI,,1.0058089226174762,1.4813186206356672,0.9155013383979081,0.15546325780451298,2.1056362785511413,301818661,ok,17.763583629144026,0.2,posterior_hmc,0.021358472020958766,0.0023731635578843075,1.0986427659162168,10,[],pass,10,hmc_chain,92.00626542791724,1000,1068400930,16.559705482551003,10000,seed45_uivi_8_gaussians,45,8_gaussians,22.54625963705868,92.16172868572176
torch.float64,56b6adf45ddf66b402a550f972cd244053dd93556779031afec633781db0fe3f,seed45_uivi_8_gaussians|UIVI|8_gaussians|45|4000,results/default_config_grid/UIVI/8_gaussians/20260428_115838/checkpoints/epoch_4000,2026-07-27T13:37:24.080693+00:00,cuda,,0.9996171223958333,500,0.0,1.3101226091384888,1.0877406597137451,0.0,1.171701818704605,0.007313054986298084,0.007299012038856745,0.007320919074118137,20,0.03208226943023853,10,0.995,0.9995412109375,1000,1.2288994789123535,1.0014657974243164,0.0,1.0403692841529846,1,10000,,,,5,4000,1024,1141327843,NVIDIA GeForce RTX 3090,UIVI,,1.4650393751330113,2.434545989104119,0.6447522832717526,0.10907809622585773,3.650933767948917,1187647602,ok,13.490597883270413,0.4,posterior_hmc,0.017125988511869594,0.0019028876124299549,2.272251550159336,10,[],pass,10,hmc_chain,94.46061032637954,1000,641641353,11.5954481197056,10000,seed45_uivi_8_gaussians,45,8_gaussians,17.279090675321143,94.5696884226054
torch.float64,56b6adf45ddf66b402a550f972cd244053dd93556779031afec633781db0fe3f,seed45_uivi_8_gaussians|UIVI|8_gaussians|45|6000,results/default_config_grid/UIVI/8_gaussians/20260428_115838/checkpoints/epoch_6000,2026-07-27T13:38:57.472400+00:00,cuda,,0.9995887369791667,500,0.0,1.315134048461914,1.084970474243164,0.0,1.1752422332763672,0.007312493864446878,0.0072907037101686,0.007320238742977381,20,0.031664202184770084,10,0.993,0.99951044921875,1000,1.1754330396652222,1.0008736848831177,0.0,1.0359492897987366,1,10000,,,,5,6000,1024,147629178,NVIDIA GeForce RTX 3090,UIVI,,1.7593857839223088,3.1687866182847024,0.5786916886714796,0.21235327050089836,4.823582361332383,155081610,ok,13.049459524956163,0.6,posterior_hmc,0.019261523515903888,0.0021401692795448763,3.0402817568736564,10,[],pass,10,hmc_chain,93.16593767143786,1000,1963042399,11.103372485293171,10000,seed45_uivi_8_gaussians,45,8_gaussians,16.305821680358587,93.37829094193876
torch.float64,56b6adf45ddf66b402a550f972cd244053dd93556779031afec633781db0fe3f,seed45_uivi_8_gaussians|UIVI|8_gaussians|45|8000,results/default_config_grid/UIVI/8_gaussians/20260428_115838/checkpoints/epoch_8000,2026-07-27T13:40:28.191824+00:00,cuda,,0.9996143229166666,500,0.0,1.2795534133911133,1.0898805856704712,0.0,1.1767058610916137,0.007312964182347059,0.007293162867426872,0.007320447824895382,20,0.03182930258089088,10,0.995,0.9995403320312501,1000,1.0966250896453857,1.0002442598342896,0.0,1.0095872104167938,1,10000,,,,5,8000,1024,1684245135,NVIDIA GeForce RTX 3090,UIVI,,1.6430063897365754,2.7902455811325932,0.5910641781241641,0.09712844341993332,4.537252731557158,375085797,ok,12.354171186703727,0.8,posterior_hmc,0.006422940601753916,0.0007136600668615462,2.779742793669068,10,[],pass,10,hmc_chain,90.61169515177608,1000,1905568982,10.538125763854055,10000,seed45_uivi_8_gaussians,45,8_gaussians,14.72312607372735,90.70882359519601
torch.float64,56b6adf45ddf66b402a550f972cd244053dd93556779031afec633781db0fe3f,seed45_uivi_8_gaussians|UIVI|8_gaussians|45|10000,results/default_config_grid/UIVI/8_gaussians/20260428_115838/checkpoints/epoch_10000,2026-07-27T13:42:00.991196+00:00,cuda,,0.9996041015625,500,0.0,1.2991149425506592,1.087396502494812,0.0,1.1794906735420227,0.007312399335205555,0.007292732130736113,0.007320731412619352,20,0.03174294172025107,10,0.995,0.9995271484375,1000,1.1515382528305054,1.0003881454467773,0.0,1.017573207616806,1,10000,,,,5,10000,1024,941427306,NVIDIA GeForce RTX 3090,UIVI,,1.6002229341163023,3.082869084051598,0.5945463383026407,0.18693991005420685,4.4083645387921475,1563397314,ok,11.748079099794154,1.0,posterior_hmc,0.007802922075231095,0.0008669913416923439,2.691502463348356,10,[],pass,10,hmc_chain,92.60077629610896,1000,751467999,10.646425198206398,10000,seed45_uivi_8_gaussians,45,8_gaussians,15.54226170930039,92.78771620616317
torch.float64,56b6adf45ddf66b402a550f972cd244053dd93556779031afec633781db0fe3f,seed46_uivi_8_gaussians|UIVI|8_gaussians|46|2000,results/default_config_grid/UIVI/8_gaussians/20260428_144519/checkpoints/epoch_2000,2026-07-27T13:43:33.277403+00:00,cuda,,0.9996568359375001,500,0.0,2.6054418087005615,1.0709269046783447,0.0,1.4707778513431544,0.00731464521959424,0.007307424675673246,0.0073232934810221195,20,0.03260820314612375,10,0.994,0.9995801757812501,1000,1.2742817401885986,1.004103660583496,0.0,1.0343132734298706,1,10000,,,,5,2000,1024,204544646,NVIDIA GeForce RTX 3090,UIVI,,1.359372099120892,1.902174260086827,1.1311467230394225,0.15294690802693367,2.570242211188564,1710498816,ok,17.746890281417798,0.2,posterior_hmc,0.0303828675734333,0.003375874174825922,1.2017646088106249,10,[],pass,10,hmc_chain,92.04280265234411,1000,786161042,16.838388619666418,10000,seed46_uivi_8_gaussians,46,8_gaussians,22.927823392604875,92.19574956037104
torch.float64,56b6adf45ddf66b402a550f972cd244053dd93556779031afec633781db0fe3f,seed46_uivi_8_gaussians|UIVI|8_gaussians|46|4000,results/default_config_grid/UIVI/8_gaussians/20260428_144519/checkpoints/epoch_4000,2026-07-27T13:45:05.359630+00:00,cuda,,0.9995983072916665,500,0.0,2.8465757369995117,1.077612280845642,0.0,1.4283382594585414,0.007312354166060686,0.007298956625163555,0.007320880889892578,20,0.031971144436123144,10,0.994,0.9995182617187499,1000,1.320015549659729,1.00307297706604,0.0,1.0386539936065673,1,10000,,,,5,4000,1024,1510617084,NVIDIA GeForce RTX 3090,UIVI,,1.7642139349397055,2.7025771044586038,0.8532026747160247,0.1392523478716612,3.985942596282259,201224573,ok,14.337737524753118,0.4,posterior_hmc,0.04536149582272699,0.005040166202525221,2.0677548104580152,10,[],pass,10,hmc_chain,91.93172399699688,1000,278992023,12.520787701899252,10000,seed46_uivi_8_gaussians,46,8_gaussians,18.413434830580425,92.07097634486854
torch.float64,56b6adf45ddf66b402a550f972cd244053dd93556779031afec633781db0fe3f,seed46_uivi_8_gaussians|UIVI|8_gaussians|46|6000,results/default_config_grid/UIVI/8_gaussians/20260428_144519/checkpoints/epoch_6000,2026-07-27T13:46:39.148012+00:00,cuda,,0.9996053385416668,500,0.0,2.691225051879883,1.078318476676941,0.0,1.437280374765396,0.007313288748264313,0.0072958688251674175,0.007320343516767025,20,0.03191579536368226,10,0.995,0.9995267578124999,1000,1.1935359239578247,1.0026355981826782,0.0,1.030673336982727,1,10000,,,,5,6000,1024,349067546,NVIDIA GeForce RTX 3090,UIVI,,2.191704776424449,3.887117129510745,0.9338381195780576,0.15214229747653008,4.410251377158826,1862511122,ok,13.620659696818304,0.6,posterior_hmc,0.04793653344318404,0.005326281493687116,2.346985768170121,10,[],pass,10,hmc_chain,93.62773384898901,1000,647316451,11.336392202943948,10000,seed46_uivi_8_gaussians,46,8_gaussians,16.490220930867,93.77987614646554
torch.float64,56b6adf45ddf66b402a550f972cd244053dd93556779031afec633781db0fe3f,seed46_uivi_8_gaussians|UIVI|8_gaussians|46|8000,results/default_config_grid/UIVI/8_gaussians/20260428_144519/checkpoints/epoch_8000,2026-07-27T13:48:12.972330+00:00,cuda,,0.9996098958333333,500,0.0,2.0967187881469727,1.0821306705474854,0.0,1.4144172072410581,0.007313072681427002,0.0072950576432049274,0.007320458069443703,20,0.03179864828253311,10,0.994,0.9995332031250002,1000,1.258041501045227,1.0024300813674927,0.0,1.038413894176483,1,10000,,,,5,8000,1024,628210613,NVIDIA GeForce RTX 3090,UIVI,,2.051524969340886,3.424310057877974,0.6648995226829795,0.1601755302399397,5.222690241337814,1614053184,ok,13.059237626689074,0.8,posterior_hmc,0.04979935615148525,0.005533261794609472,3.085466148422913,10,[],pass,10,hmc_chain,93.65455441735685,1000,825252182,11.173829379957253,10000,seed46_uivi_8_gaussians,46,8_gaussians,16.377705871658215,93.81472994759679
torch.float64,56b6adf45ddf66b402a550f972cd244053dd93556779031afec633781db0fe3f,seed46_uivi_8_gaussians|UIVI|8_gaussians|46|10000,results/default_config_grid/UIVI/8_gaussians/20260428_144519/checkpoints/epoch_10000,2026-07-27T13:49:54.416270+00:00,cuda,,0.9995889322916668,500,0.0,2.149359703063965,1.0770641565322876,0.0,1.437442624568939,0.007312511093914509,0.0072937337681651115,0.0073204380460083485,20,0.03171170708837245,10,0.995,0.9995141601562502,1000,1.2747926712036133,1.0021601915359497,0.0,1.0347270488739013,1,10000,,,,5,10000,1024,245825891,NVIDIA GeForce RTX 3090,UIVI,,2.2400318931439624,3.836872355386703,0.7971999659171487,0.1625212337821722,4.90536050068239,87983566,ok,12.922138303778253,1.0,posterior_hmc,0.052357371242716014,0.005817485693635113,2.8098745470553173,10,[],pass,10,hmc_chain,101.2703113835305,1000,2103527079,10.69615666387019,10000,seed46_uivi_8_gaussians,46,8_gaussians,15.649925489755768,101.43283261731267
torch.float64,56b6adf45ddf66b402a550f972cd244053dd93556779031afec633781db0fe3f,seed42_aisivi_8_gaussians|AISIVI|8_gaussians|42|2000,results/default_config_grid/AISIVI/8_gaussians/20260428_052846/checkpoints/epoch_2000,2026-07-27T13:51:41.169926+00:00,cuda,128,0.9995534505208333,500,0.0,4.886663913726807,1.0123811960220337,0.0,1.305297702550888,0.0073110503144562244,0.007285217754542828,0.007324348669499159,20,0.030879736203540453,10,0.99,0.9994718750000001,1000,1.501696228981018,1.002128005027771,0.0,1.0261761784553527,1,10000,2.86102294921875e-06,468.8404312133789,3.4688022136688232,1024,2000,1024,1068106336,NVIDIA GeForce RTX 3090,AISIVI,,1.534697505036893,33.90864690076868,0.7249098978504548,0.07409299537539482,3.439956535901847,794352788,ok,12.365378369120394,0.2,posterior_hmc,0.22510264948481862,0.02501140549831318,2.1170872539989696,10,[],pass,10,hmc_chain,106.57033537700772,1000,1825330208,11.577692227424848,10000,seed42_aisivi_8_gaussians,42,8_gaussians,18.24521274930448,106.64442837238312
torch.float64,56b6adf45ddf66b402a550f972cd244053dd93556779031afec633781db0fe3f,seed42_aisivi_8_gaussians|AISIVI|8_gaussians|42|4000,results/default_config_grid/AISIVI/8_gaussians/20260428_052846/checkpoints/epoch_4000,2026-07-27T13:53:27.587160+00:00,cuda,128,0.9989276692708334,500,0.0,3.5450260639190674,1.0233128070831299,0.0,1.257581579685211,0.007291595451533794,0.00720613356679678,0.007320388685911894,20,0.02704489993215231,10,0.982,0.99870244140625,1000,1.466570496559143,1.003441333770752,0.0,1.032431858778,1,10000,9.5367431640625e-07,265.4322910308838,1.1741359233856201,1024,4000,1024,1914850764,NVIDIA GeForce RTX 3090,AISIVI,,1.4591664705966092,11.1325263555878,0.305834820078701,0.07588923536241055,5.503742282872935,1665473453,ok,6.814767167374029,0.4,posterior_hmc,0.41257550755691413,0.04584172306187935,4.771093331430082,10,[],pass,10,hmc_chain,106.29771143943071,1000,81525260,6.326886832757768,10000,seed42_aisivi_8_gaussians,42,8_gaussians,12.298441920297737,106.37360067479312
torch.float64,56b6adf45ddf66b402a550f972cd244053dd93556779031afec633781db0fe3f,seed42_aisivi_8_gaussians|AISIVI|8_gaussians|42|6000,results/default_config_grid/AISIVI/8_gaussians/20260428_052846/checkpoints/epoch_6000,2026-07-27T13:55:03.577244+00:00,cuda,,0.9933032552083333,500,1.2760416666666667e-05,5.854502201080322,1.0214622020721436,0.0,1.314174050092697,0.007229268550872803,0.006281370297074318,0.007316406816244125,20,0.02163750407408787,10,0.78,0.9919367187500001,1000,1.441552758216858,1.0031450986862183,0.0,1.0341460466384889,1,10000,,,,1024,6000,1024,536268584,NVIDIA GeForce RTX 3090,AISIVI,RuntimeError: Failed to obtain finite samples from RealNVP after 3 attempts.,,,,0.02460891380906105,,1389828645,unavailable,,0.6,posterior_hmc,0.4016913885772542,0.0446323765085838,5.318728798610451,10,[],pass,10,hmc_chain,95.92118311300874,1000,1903760440,427.67527307357113,10000,seed42_aisivi_8_gaussians,42,8_gaussians,432.5094786665049,95.9457920268178
torch.float64,56b6adf45ddf66b402a550f972cd244053dd93556779031afec633781db0fe3f,seed42_aisivi_8_gaussians|AISIVI|8_gaussians|42|8000,results/default_config_grid/AISIVI/8_gaussians/20260428_052846/checkpoints/epoch_8000,2026-07-27T13:56:35.990222+00:00,cuda,,0.9934189453125001,500,4.225260416666667e-05,4.2727155685424805,1.0229846239089966,0.0,1.3494131326675414,0.007234296295791864,0.006307231727987528,0.007316096220165491,20,0.021725227211027126,10,0.035,0.9921710937500001,1000,1.8425856828689575,1.0032681226730347,0.0,1.0362579882144927,1,10000,,,,1024,8000,1024,1949683682,NVIDIA GeForce RTX 3090,AISIVI,RuntimeError: Failed to obtain finite samples from RealNVP after 3 attempts.,,,,0.024772414937615395,,484921915,unavailable,,0.8,posterior_hmc,0.46548670011028587,0.05172074445669843,5.836905050439878,10,['hmc_post_burn_acceptance_min=0.035 >= 0.05 failed'],warning,10,hmc_chain,92.34464349970222,1000,857732915,441.67974209943213,10000,seed42_aisivi_8_gaussians,42,8_gaussians,446.1636926228093,92.36941591463983
torch.float64,56b6adf45ddf66b402a550f972cd244053dd93556779031afec633781db0fe3f,seed42_aisivi_8_gaussians|AISIVI|8_gaussians|42|10000,results/default_config_grid/AISIVI/8_gaussians/20260428_052846/checkpoints/epoch_10000,2026-07-27T13:58:13.705435+00:00,cuda,,0.9944277994791666,500,3.307291666666667e-05,5.493328094482422,1.0204136371612549,0.0,1.3099608361721036,0.00724349869415164,0.006426363717764616,0.007316438481211662,20,0.02215700041191091,10,0.47000000000000003,0.9933424804687502,1000,2.0083823204040527,1.0030508041381836,0.0,1.027589988708496,1,10000,,,,1024,10000,1024,1855757640,NVIDIA GeForce RTX 3090,AISIVI,RuntimeError: Failed to obtain finite samples from RealNVP after 3 attempts.,,,,0.02522057667374611,,22756606,unavailable,,1.0,posterior_hmc,0.4594504851763375,0.05105005390848195,6.026563841331971,10,[],pass,10,hmc_chain,97.65474126115441,1000,7051459,349.75161638265683,10000,seed42_aisivi_8_gaussians,42,8_gaussians,353.5677677419609,97.67996183782816
torch.float64,56b6adf45ddf66b402a550f972cd244053dd93556779031afec633781db0fe3f,seed43_aisivi_8_gaussians|AISIVI|8_gaussians|43|2000,results/default_config_grid/AISIVI/8_gaussians/20260428_075233/checkpoints/epoch_2000,2026-07-27T13:59:52.626689+00:00,cuda,128,0.9996259765625001,500,0.0,3.1708226203918457,1.0292649269104004,0.0,1.1899296104907988,0.00731512950733304,0.007291062269359827,0.007324508856981993,20,0.03191059907416514,10,0.993,0.99955693359375,1000,1.8162487745285034,1.005414605140686,0.0,1.038975179195404,1,10000,0.0,466.0790481567383,4.383674144744873,1024,2000,1024,67725338,NVIDIA GeForce RTX 3090,AISIVI,,0.13165847444593154,0.7140046644620301,0.0670351652571406,0.07473820075392723,1.9391874408525203,315521451,ok,10.787896688470628,0.2,posterior_hmc,0.12878697094551633,0.014309663438390704,1.9640210319598976,10,[],pass,10,hmc_chain,98.73567135445774,1000,56635061,10.835793534692126,10000,seed43_aisivi_8_gaussians,43,8_gaussians,17.901909103991116,98.81040955521166
torch.float64,56b6adf45ddf66b402a550f972cd244053dd93556779031afec633781db0fe3f,seed43_aisivi_8_gaussians|AISIVI|8_gaussians|43|4000,results/default_config_grid/AISIVI/8_gaussians/20260428_075233/checkpoints/epoch_4000,2026-07-27T14:01:32.572838+00:00,cuda,128,0.998550390625,500,0.0,3.0387284755706787,1.033506989479065,0.0,1.2924709200859061,0.007278519682586193,0.007174115162342787,0.007318232208490372,20,0.025527532938714983,10,0.984,0.998245703125,1000,1.8086649179458618,1.004285216331482,0.0,1.0663631439208985,1,10000,9.5367431640625e-07,229.8397331237793,1.1880534887313843,1024,4000,1024,2023569362,NVIDIA GeForce RTX 3090,AISIVI,,0.6164653438192913,2.418982283421822,0.13107912768957014,0.07501515187323093,4.757646536441901,1874334920,ok,5.681621634867708,0.4,posterior_hmc,0.4657929676976821,0.05175477418863134,4.703001573822214,10,[],pass,10,hmc_chain,99.83648294210434,1000,220993474,6.013665834599544,10000,seed43_aisivi_8_gaussians,43,8_gaussians,12.099600014238153,99.91149809397757
torch.float64,56b6adf45ddf66b402a550f972cd244053dd93556779031afec633781db0fe3f,seed43_aisivi_8_gaussians|AISIVI|8_gaussians|43|6000,results/default_config_grid/AISIVI/8_gaussians/20260428_075233/checkpoints/epoch_6000,2026-07-27T14:03:13.809323+00:00,cuda,128,0.9977460937499999,500,0.0,2.9374120235443115,1.0446019172668457,0.0,1.3458456158638,0.007269869092851877,0.007057536859065294,0.007316570729017258,20,0.02539085027543561,10,0.964,0.9972922851562501,1000,1.6549410820007324,1.0059746503829956,0.0,1.0789792001247407,1,10000,0.0,198.58734893798828,1.005022644996643,1024,6000,1024,2063732132,NVIDIA GeForce RTX 3090,AISIVI,,1.4694901395229776,9.106787677139877,0.2054715940010931,0.07627875916659832,6.870763205694249,120604798,ok,3.8061854881341284,0.6,posterior_hmc,0.605435312692997,0.06727059029922189,7.1517921816246774,10,[],pass,10,hmc_chain,101.12101953849196,1000,607539459,4.268980173191771,10000,seed43_aisivi_8_gaussians,43,8_gaussians,9.64497232337386,101.19729829765856
torch.float64,56b6adf45ddf66b402a550f972cd244053dd93556779031afec633781db0fe3f,seed43_aisivi_8_gaussians|AISIVI|8_gaussians|43|8000,results/default_config_grid/AISIVI/8_gaussians/20260428_075233/checkpoints/epoch_8000,2026-07-27T14:04:53.824893+00:00,cuda,128,0.9973863932291667,500,0.0,4.275927543640137,1.0440627336502075,0.0,1.3214704155921937,0.007260712794959545,0.0070219323970377445,0.007312340196222067,20,0.024514237090508203,10,0.9540000000000001,0.99688037109375,1000,1.6159679889678955,1.005845069885254,0.0,1.0714246571063994,1,10000,0.0,175.805082321167,1.1375194787979126,1024,8000,1024,1174005200,NVIDIA GeForce RTX 3090,AISIVI,,1.8192588421171838,13.519617471581299,0.24175811850911527,0.07596753165125847,7.374209277531089,976511918,ok,3.481583391343923,0.8,posterior_hmc,0.6313250367660723,0.07014722630734137,7.5251199559968045,10,[],pass,10,hmc_chain,99.89761105552316,1000,62112212,4.536865543013009,10000,seed43_aisivi_8_gaussians,43,8_gaussians,10.354193204057662,99.97357858717442
torch.float64,56b6adf45ddf66b402a550f972cd244053dd93556779031afec633781db0fe3f,seed43_aisivi_8_gaussians|AISIVI|8_gaussians|43|10000,results/default_config_grid/AISIVI/8_gaussians/20260428_075233/checkpoints/epoch_10000,2026-07-27T14:06:25.764908+00:00,cuda,,0.9973590494791665,500,0.0,2.758317232131958,1.0213857889175415,0.0,1.230477166175842,0.007273440714925528,0.006941561587154865,0.007316466420888901,20,0.024933951396700304,10,0.9440000000000001,0.9968318359375001,1000,2.2558774948120117,1.0031665563583374,0.0,1.0499222159385682,1,10000,,,,1024,10000,1024,285459795,NVIDIA GeForce RTX 3090,AISIVI,RuntimeError: Failed to obtain finite samples from RealNVP after 3 attempts.,,,,0.022575128823518753,,859565708,unavailable,,1.0,posterior_hmc,0.2599792751228039,0.02888658612475599,3.632185189104244,10,[],pass,10,hmc_chain,91.89093624055386,1000,2138642171,349.3717882355967,10000,seed43_aisivi_8_gaussians,43,8_gaussians,358.37040459442227,91.91351136937737
torch.float64,56b6adf45ddf66b402a550f972cd244053dd93556779031afec633781db0fe3f,seed44_aisivi_8_gaussians|AISIVI|8_gaussians|44|2000,results/default_config_grid/AISIVI/8_gaussians/20260428_101957/checkpoints/epoch_2000,2026-07-27T14:08:07.662452+00:00,cuda,128,0.9876133463541668,500,0.0002732421875,4.337303638458252,1.0225367546081543,0.0,1.197025430202484,0.00729623856022954,0.004739671014249325,0.0073243691585958,20,0.0251861839128663,10,0.116,0.9853222656250001,1000,1.2577415704727173,1.0022943019866943,0.0,1.038948369026184,1,10000,9.5367431640625e-07,258.2618865966797,1.315853238105774,1024,2000,1024,66010894,NVIDIA GeForce RTX 3090,AISIVI,,33.83458527528108,394.1547747825134,15.459111847591311,0.07349314726889133,35.06242067745462,190384973,ok,48.52265500467776,0.2,posterior_hmc,3.991754680170626,0.4435282977967362,2.1886500084125373,10,[],pass,10,hmc_chain,101.73037137836218,1000,739752549,15.742911608162915,10000,seed44_aisivi_8_gaussians,44,8_gaussians,21.425428183683948,101.80386452563107
torch.float64,56b6adf45ddf66b402a550f972cd244053dd93556779031afec633781db0fe3f,seed44_aisivi_8_gaussians|AISIVI|8_gaussians|44|4000,results/default_config_grid/AISIVI/8_gaussians/20260428_101957/checkpoints/epoch_4000,2026-07-27T14:09:48.405464+00:00,cuda,128,0.9819620442708334,500,0.00010162760416666667,3.120309352874756,1.0371917486190796,0.0,1.319692581892013,0.007225832901895046,0.004437121096998453,0.007320968434214592,20,0.02007669564356492,10,0.248,0.9788794921875001,1000,1.3806830644607544,1.003851294517517,0.0,1.0520938098430634,1,10000,9.5367431640625e-07,147.93037033081055,1.3137646913528442,1024,4000,1024,1474200899,NVIDIA GeForce RTX 3090,AISIVI,,71.75298045690751,252.61388886051543,14.864751763705323,0.07565902173519135,74.96343414508573,109472556,ok,78.35586190542166,0.4,posterior_hmc,5.732231845682345,0.6369146495202606,4.827055412529924,10,[],pass,10,hmc_chain,100.62513100728393,1000,1058516495,10.819315210847662,10000,seed44_aisivi_8_gaussians,44,8_gaussians,15.630507676979,100.70079002901912
torch.float64,56b6adf45ddf66b402a550f972cd244053dd93556779031afec633781db0fe3f,seed44_aisivi_8_gaussians|AISIVI|8_gaussians|44|6000,results/default_config_grid/AISIVI/8_gaussians/20260428_101957/checkpoints/epoch_6000,2026-07-27T14:11:32.464723+00:00,cuda,128,0.9759266276041665,500,0.00020540364583333334,3.8916354179382324,1.0461814403533936,0.0,1.3530901789665222,0.007175120525062084,0.003366494318470359,0.0073144263587892056,20,0.018507094770539422,10,0.393,0.9726998046875001,1000,1.5837897062301636,1.0042973756790161,0.0,1.066659426689148,1,10000,2.86102294921875e-06,105.13098526000977,1.0240137577056885,1024,6000,1024,434850964,NVIDIA GeForce RTX 3090,AISIVI,,101.36667566336777,416.7489533566101,14.981879100193789,0.07404638826847076,106.30071305209418,61730242,ok,108.91527174960464,0.6,posterior_hmc,8.202715978312913,0.9114128864792126,6.765952053508202,10,[],pass,10,hmc_chain,103.94794400408864,1000,1755701854,9.464229342896383,10000,seed44_aisivi_8_gaussians,44,8_gaussians,12.161220107798908,104.02199039235711
torch.float64,56b6adf45ddf66b402a550f972cd244053dd93556779031afec633781db0fe3f,seed44_aisivi_8_gaussians|AISIVI|8_gaussians|44|8000,results/default_config_grid/AISIVI/8_gaussians/20260428_101957/checkpoints/epoch_8000,2026-07-27T14:13:03.277294+00:00,cuda,128,0.9742011067708334,500,9.446614583333334e-05,3.43375301361084,1.0466711521148682,0.0,1.418289357423782,0.007206556387245655,0.0030056831892579794,0.007317038252949715,20,0.019169704892507338,10,0.003,0.9707693359375003,1000,1.7946487665176392,1.0040675401687622,0.0,1.0782622456550597,1,10000,1.9073486328125e-06,123.41019821166992,1.1122353076934814,1024,8000,1024,1615402578,NVIDIA GeForce RTX 3090,AISIVI,,191.40427808420543,1041.7219108650565,29.188572247606263,0.0749151911586523,198.30177662348885,1785326283,ok,195.37116964326034,0.8,posterior_hmc,8.764489080042441,0.9738321200047158,6.557507385442684,10,['hmc_post_burn_acceptance_min=0.003 >= 0.05 failed'],warning,10,hmc_chain,90.69177607260644,1000,314281778,7.566104022885902,10000,seed44_aisivi_8_gaussians,44,8_gaussians,11.809885221118481,90.7666912637651
torch.float64,56b6adf45ddf66b402a550f972cd244053dd93556779031afec633781db0fe3f,seed44_aisivi_8_gaussians|AISIVI|8_gaussians|44|10000,results/default_config_grid/AISIVI/8_gaussians/20260428_101957/checkpoints/epoch_10000,2026-07-27T14:14:36.683337+00:00,cuda,128,0.9742604166666666,500,0.00012545572916666667,3.3541946411132812,1.0505832433700562,0.0,1.5414490044116966,0.007169077638536692,0.0026480029337108135,0.007314293645322323,20,0.018615424081983006,10,0.328,0.97105791015625,1000,2.0021345615386963,1.0037180185317993,0.0,1.0871190965175628,1,10000,9.5367431640625e-07,95.63389682769775,1.0799740552902222,1024,10000,1024,2140366745,NVIDIA GeForce RTX 3090,AISIVI,,353.7313913676485,2967.1923075829823,45.99884900792936,0.07567345350980759,358.97565600573716,1299416855,ok,357.2930665583267,1.0,posterior_hmc,10.969067203400993,1.2187852448223326,7.690005271798685,10,[],pass,10,hmc_chain,93.28461892716587,1000,1653230934,7.413384567090494,10000,seed44_aisivi_8_gaussians,44,8_gaussians,11.027254915408777,93.36029238067567
torch.float64,56b6adf45ddf66b402a550f972cd244053dd93556779031afec633781db0fe3f,seed45_aisivi_8_gaussians|AISIVI|8_gaussians|45|2000,results/default_config_grid/AISIVI/8_gaussians/20260428_125713/checkpoints/epoch_2000,2026-07-27T14:16:13.244782+00:00,cuda,128,0.99954375,500,0.0,2.37044358253479,1.026573657989502,0.0,1.1931877255439758,0.007314136251807213,0.007271594367921352,0.007323977537453175,20,0.03121941884373555,10,0.991,0.9994618164062502,1000,1.577432632446289,1.0047110319137573,0.0,1.0394743382930756,1,10000,1.9073486328125e-06,403.0544853210449,4.960628986358643,1024,2000,1024,237307169,NVIDIA GeForce RTX 3090,AISIVI,,0.13530652845073188,0.7257325000209276,0.057575793452933476,0.07434426061809063,2.3907681594818992,1597834231,ok,10.00573605513771,0.2,posterior_hmc,0.1575497153764528,0.017505523930716978,2.3500592929099797,10,[],pass,10,hmc_chain,96.37544183246791,1000,185184326,9.965577046144158,10000,seed45_aisivi_8_gaussians,45,8_gaussians,17.118918254108156,96.449786093086
torch.float64,56b6adf45ddf66b402a550f972cd244053dd93556779031afec633781db0fe3f,seed45_aisivi_8_gaussians|AISIVI|8_gaussians|45|4000,results/default_config_grid/AISIVI/8_gaussians/20260428_125713/checkpoints/epoch_4000,2026-07-27T14:17:44.710185+00:00,cuda,128,0.9988209635416667,500,0.0,3.901141881942749,1.040980577468872,0.0,1.3248032450675964,0.007293347734957933,0.007168157957494259,0.007321792654693127,20,0.0272518679578293,10,0.98,0.99857529296875,1000,1.5420523881912231,1.006019115447998,0.0,1.0594392657279967,1,10000,1.9073486328125e-06,266.4023246765137,1.2166625261306763,1024,4000,1024,777654855,NVIDIA GeForce RTX 3090,AISIVI,,0.5963861806433335,4.174851341143631,0.11577996663315188,0.07642526924610138,4.729630007669398,60914553,ok,5.403403123866544,0.4,posterior_hmc,0.42828800868639744,0.047587556520710825,5.151030856080478,10,[],pass,10,hmc_chain,91.35452179983258,1000,657399705,5.5878152116492,10000,seed45_aisivi_8_gaussians,45,8_gaussians,12.03232071704846,91.43094706907868
torch.float64,56b6adf45ddf66b402a550f972cd244053dd93556779031afec633781db0fe3f,seed45_aisivi_8_gaussians|AISIVI|8_gaussians|45|6000,results/default_config_grid/AISIVI/8_gaussians/20260428_125713/checkpoints/epoch_6000,2026-07-27T14:19:18.259318+00:00,cuda,128,0.9980753255208333,500,0.0,3.7593743801116943,1.0398049354553223,0.0,1.3640591979026793,0.007278189994394779,0.007119739893823862,0.0073205395601689816,20,0.02556759215561535,10,0.9550000000000001,0.9976619140625002,1000,1.6151800155639648,1.0051724910736084,0.0,1.0578740000724793,1,10000,9.5367431640625e-07,181.92255401611328,1.066432237625122,1024,6000,1024,306749778,NVIDIA GeForce RTX 3090,AISIVI,,1.0101292562523223,6.218289567596346,0.15621406144168523,0.07509719766676426,6.110619501733228,1570463574,ok,4.709661717839193,0.6,posterior_hmc,0.5476043630368509,0.06084492922631676,6.466314536155914,10,[],pass,10,hmc_chain,93.4339604433626,1000,874776757,5.231307734845381,10000,seed45_aisivi_8_gaussians,45,8_gaussians,10.114503640797677,93.50905764102936
torch.float64,56b6adf45ddf66b402a550f972cd244053dd93556779031afec633781db0fe3f,seed45_aisivi_8_gaussians|AISIVI|8_gaussians|45|8000,results/default_config_grid/AISIVI/8_gaussians/20260428_125713/checkpoints/epoch_8000,2026-07-27T14:20:53.709979+00:00,cuda,128,0.9979136067708334,500,0.0,4.359624862670898,1.0420739650726318,0.0,1.393994802236557,0.007279891055077314,0.007074862252920866,0.007318608462810516,20,0.025775251761286113,10,0.96,0.9974980468750001,1000,1.5093638896942139,1.0057308673858643,0.0,1.0849771976470945,1,10000,0.0,158.78903770446777,1.1574950218200684,1024,8000,1024,1467751155,NVIDIA GeForce RTX 3090,AISIVI,,2.116385463467884,20.009339760593203,0.29772455539094045,0.07536243088543415,7.281375332986713,1727705194,ok,4.729510545020857,0.8,posterior_hmc,0.6744850538675327,0.07494278376305918,7.108535138087182,10,[],pass,10,hmc_chain,95.33565189130604,1000,835316660,4.560554913936986,10000,seed45_aisivi_8_gaussians,45,8_gaussians,9.602773796987815,95.41101432219148
torch.float64,56b6adf45ddf66b402a550f972cd244053dd93556779031afec633781db0fe3f,seed45_aisivi_8_gaussians|AISIVI|8_gaussians|45|10000,results/default_config_grid/AISIVI/8_gaussians/20260428_125713/checkpoints/epoch_10000,2026-07-27T14:22:32.662445+00:00,cuda,128,0.9973971354166669,500,0.0,3.9113500118255615,1.044549584388733,0.0,1.4351230800151824,0.007266223430633545,0.006979510188102722,0.007318273652344942,20,0.024596737256995467,10,0.9520000000000001,0.9968706054687502,1000,1.4406845569610596,1.005531907081604,0.0,1.0722846329212188,1,10000,9.5367431640625e-07,131.5632038116455,1.000450611114502,1024,10000,1024,1019359935,NVIDIA GeForce RTX 3090,AISIVI,,1.5776862608787061,4.890798920753435,0.2186136280656126,0.07568542286753654,7.442386809719659,1893358491,ok,3.561803406317479,1.0,posterior_hmc,0.6787681366321577,0.07541868184801753,7.216779094875066,10,[],pass,10,hmc_chain,98.83176287822425,1000,1354220871,4.064474754306122,10000,seed45_aisivi_8_gaussians,45,8_gaussians,9.559527754865076,98.90744830109179
torch.float64,56b6adf45ddf66b402a550f972cd244053dd93556779031afec633781db0fe3f,seed46_aisivi_8_gaussians|AISIVI|8_gaussians|46|2000,results/default_config_grid/AISIVI/8_gaussians/20260428_154009/checkpoints/epoch_2000,2026-07-27T14:24:06.178386+00:00,cuda,128,0.9995886067708334,500,0.0,3.9843339920043945,1.0220850706100464,0.0,1.2104480266571045,0.007312786765396595,0.007283439859747887,0.007323967292904854,20,0.03116952545609855,10,0.995,0.9995216796875002,1000,1.371775507926941,1.0034613609313965,0.0,1.0306353986263275,1,10000,9.5367431640625e-07,447.0501937866211,7.12126350402832,1024,2000,1024,581326552,NVIDIA GeForce RTX 3090,AISIVI,,0.49751200123469,3.3608828743982704,0.19614264724413777,0.07427473925054073,2.824014653723954,716062205,ok,10.807409325762627,0.2,posterior_hmc,0.16707120747014603,0.018563467496682893,2.536480506533795,10,[],pass,10,hmc_chain,93.3342857491225,1000,974062351,10.59019501099985,10000,seed46_aisivi_8_gaussians,46,8_gaussians,17.33001077976118,93.40856048837304
torch.float64,56b6adf45ddf66b402a550f972cd244053dd93556779031afec633781db0fe3f,seed46_aisivi_8_gaussians|AISIVI|8_gaussians|46|4000,results/default_config_grid/AISIVI/8_gaussians/20260428_154009/checkpoints/epoch_4000,2026-07-27T14:25:51.114173+00:00,cuda,128,0.9989512369791665,500,0.0,7.387470245361328,1.0341216325759888,0.0,1.2991874456405639,0.007296036928892136,0.00719278072938323,0.0073196799494326115,20,0.0276045457350976,10,0.987,0.9987345703125001,1000,1.549433708190918,1.003786325454712,0.0,1.0671223402023315,1,10000,1.9073486328125e-06,260.48781967163086,2.025768995285034,1024,4000,1024,1105277162,NVIDIA GeForce RTX 3090,AISIVI,,0.7954977777781418,4.632919707846939,0.15858169681013065,0.075839439406991,5.107555835234345,663226157,ok,5.644543655321542,0.4,posterior_hmc,0.378244903339521,0.042027211482169,5.016327822059999,10,[],pass,10,hmc_chain,104.81351499073207,1000,1997549764,5.975293355548887,10000,seed46_aisivi_8_gaussians,46,8_gaussians,12.274060501929595,104.88935443013906
torch.float64,56b6adf45ddf66b402a550f972cd244053dd93556779031afec633781db0fe3f,seed46_aisivi_8_gaussians|AISIVI|8_gaussians|46|6000,results/default_config_grid/AISIVI/8_gaussians/20260428_154009/checkpoints/epoch_6000,2026-07-27T14:27:43.270973+00:00,cuda,128,0.9982114583333335,500,0.0,2.7599472999572754,1.0403692722320557,0.0,1.3151202976703642,0.0072795613668859005,0.0071351672522723675,0.007315754424780607,20,0.02531430046597863,10,0.97,0.9978380859375001,1000,2.4606986045837402,1.0052435398101807,0.0,1.0812740862369536,1,10000,0.0,202.83809280395508,1.0426644086837769,1024,6000,1024,891025557,NVIDIA GeForce RTX 3090,AISIVI,,2.306419450216085,13.109102176417519,0.30094511675068086,0.07677328772842884,6.423587970888388,1796327394,ok,4.766793581266074,0.6,posterior_hmc,0.7034708049831861,0.07816342277590957,7.663920501912802,10,[],pass,10,hmc_chain,112.03383374586701,1000,2031819589,5.6055706911598815,10000,seed46_aisivi_8_gaussians,46,8_gaussians,10.50793655974784,112.11060703359544
torch.float64,56b6adf45ddf66b402a550f972cd244053dd93556779031afec633781db0fe3f,seed46_aisivi_8_gaussians|AISIVI|8_gaussians|46|8000,results/default_config_grid/AISIVI/8_gaussians/20260428_154009/checkpoints/epoch_8000,2026-07-27T14:29:35.198697+00:00,cuda,128,0.9978917968750001,500,0.0,3.3807430267333984,1.0382590293884277,0.0,1.3473350822925567,0.0072754560969769955,0.007077123038470745,0.00731572974473238,20,0.025280743694090304,10,0.961,0.9974644531250001,1000,1.3948849439620972,1.0057471990585327,0.0,1.0607872486114502,1,10000,9.5367431640625e-07,186.79289436340332,1.11668860912323,1024,8000,1024,56204057,NVIDIA GeForce RTX 3090,AISIVI,,1.4564954125817606,5.705065835254721,0.2086282795399445,0.08691159449517727,6.650351155446209,1565641603,ok,3.887685719524896,0.8,posterior_hmc,0.5543898597453418,0.06159887330503798,6.981294270333549,10,[],pass,10,hmc_chain,111.79047624208033,1000,1435210120,4.719280335454036,10000,seed46_aisivi_8_gaussians,46,8_gaussians,9.715730097214436,111.87738783657551
torch.float64,56b6adf45ddf66b402a550f972cd244053dd93556779031afec633781db0fe3f,seed46_aisivi_8_gaussians|AISIVI|8_gaussians|46|10000,results/default_config_grid/AISIVI/8_gaussians/20260428_154009/checkpoints/epoch_10000,2026-07-27T14:31:28.328738+00:00,cuda,128,0.9974661458333334,500,0.0,3.5924882888793945,1.0431045293807983,0.0,1.356727939844131,0.007264643907546997,0.007025624625384808,0.007314139511436224,20,0.024670464765589064,10,0.965,0.9969828125,1000,1.6318634748458862,1.0052722692489624,0.0,1.0725166916847229,1,10000,9.5367431640625e-07,156.60233879089355,1.0055354833602905,1024,10000,1024,589389470,NVIDIA GeForce RTX 3090,AISIVI,,2.0970833973141927,12.261078182129133,0.27541225026704985,0.0930829681456089,7.5740215512114375,1695304007,ok,4.392130479388181,1.0,posterior_hmc,0.6901665874215055,0.07668517638016728,7.6143432083387115,10,[],pass,10,hmc_chain,112.98682881891727,1000,14128973,4.764060584547728,10000,seed46_aisivi_8_gaussians,46,8_gaussians,9.897618014929556,113.07991178706288
torch.float64,56b6adf45ddf66b402a550f972cd244053dd93556779031afec633781db0fe3f,seed42_dsivi_8_gaussians|DSIVI|8_gaussians|42|2000,results/default_config_grid/DSIVI/8_gaussians/20260428_055623/checkpoints/epoch_2000,2026-07-27T14:33:18.880566+00:00,cuda,,0.9992750651041666,500,0.0,4.204006671905518,1.018467664718628,0.0,1.2686008036136618,0.007313665468245745,0.0072625852189958096,0.0073243482038378716,20,0.030960218219579467,10,0.921,0.9991330078125,1000,1.4799593687057495,1.003261685371399,0.0,1.0379478871822356,1,10000,,,,0,2000,1024,1326846589,NVIDIA GeForce RTX 3090,DSIVI,,1.4759190158971291,6.856577576672052,0.42154118555381187,0.0004843417555093765,2.341150841399192,1186550925,ok,10.785275789380886,0.2,posterior_hmc,0.3638324072602401,0.040425823028915564,3.5012451131153366,10,[],pass,10,hmc_chain,110.47068329155445,1000,63266207,12.487242178194979,10000,seed42_dsivi_8_gaussians,42,8_gaussians,18.57247512790203,110.47116763330996
torch.float64,56b6adf45ddf66b402a550f972cd244053dd93556779031afec633781db0fe3f,seed42_dsivi_8_gaussians|DSIVI|8_gaussians|42|4000,results/default_config_grid/DSIVI/8_gaussians/20260428_055623/checkpoints/epoch_4000,2026-07-27T14:35:06.669679+00:00,cuda,,0.9944529296875001,500,9.0625e-05,2.780212640762329,1.0223640203475952,0.0,1.318585193157196,0.0072796097956597805,0.006276460364460945,0.007320386357605457,20,0.023909658512502027,10,0.449,0.99342333984375,1000,1.7976728677749634,1.0024782419204712,0.0,1.043477725982666,1,10000,,,,0,4000,1024,2115534161,NVIDIA GeForce RTX 3090,DSIVI,,3.677548266429681,25.543143742618863,0.4869043816843799,0.0005851294845342636,5.134350994869161,2126017467,ok,5.818816344882427,0.4,posterior_hmc,1.7698000518375974,0.19664445020417748,7.552916763056639,10,[],pass,10,hmc_chain,107.76785987429321,1000,67315419,9.462208008225947,10000,seed42_dsivi_8_gaussians,42,8_gaussians,11.838877756570689,107.76844500377774
torch.float64,56b6adf45ddf66b402a550f972cd244053dd93556779031afec633781db0fe3f,seed42_dsivi_8_gaussians|DSIVI|8_gaussians|42|6000,results/default_config_grid/DSIVI/8_gaussians/20260428_055623/checkpoints/epoch_6000,2026-07-27T14:36:50.736579+00:00,cuda,,0.9944962890625,500,1.8229166666666666e-06,5.6634440422058105,1.0272531509399414,0.0,1.4056893348693846,0.007223352324217558,0.006471339613199234,0.007314508780837059,20,0.021057290380021406,10,0.751,0.9934067382812501,1000,2.0644891262054443,1.002660870552063,0.0,1.0404746651649472,1,10000,,,,0,6000,1024,107178541,NVIDIA GeForce RTX 3090,DSIVI,,4.624764197271289,24.583052590877326,0.46373314650981323,0.0006003957241773605,5.25335495357041,268516639,ok,4.23009142173,0.6,posterior_hmc,1.5312849216038638,0.17014276906709597,9.972899785315265,10,[],pass,10,hmc_chain,104.0471227709204,1000,404500013,9.25960982850168,10000,seed42_dsivi_8_gaussians,42,8_gaussians,10.627359108873822,104.04772316664457
torch.float64,56b6adf45ddf66b402a550f972cd244053dd93556779031afec633781db0fe3f,seed42_dsivi_8_gaussians|DSIVI|8_gaussians|42|8000,results/default_config_grid/DSIVI/8_gaussians/20260428_055623/checkpoints/epoch_8000,2026-07-27T14:38:34.881698+00:00,cuda,,0.9957994791666668,500,0.0,3.088285446166992,1.0259990692138672,0.0,1.435492581129074,0.007252086885273457,0.006638205144554377,0.00731705641373992,20,0.023302023013299034,10,0.915,0.9949601562500002,1000,1.7166996002197266,1.0038111209869385,0.0,1.0592238426208496,1,10000,,,,0,8000,1024,1858226497,NVIDIA GeForce RTX 3090,DSIVI,,2.659791153734905,9.699888293567941,0.29044261243215,0.0004446469247341156,6.46679137224624,1468425989,ok,2.6647032507373005,0.8,posterior_hmc,0.9769113104034329,0.108545701155937,9.157716670642658,10,[],pass,10,hmc_chain,104.1286403760314,1000,432410025,5.656631063176895,10000,seed42_dsivi_8_gaussians,42,8_gaussians,9.137102146692175,104.12908502295613
torch.float64,56b6adf45ddf66b402a550f972cd244053dd93556779031afec633781db0fe3f,seed42_dsivi_8_gaussians|DSIVI|8_gaussians|42|10000,results/default_config_grid/DSIVI/8_gaussians/20260428_055623/checkpoints/epoch_10000,2026-07-27T14:40:17.259255+00:00,cuda,,0.9961211588541666,500,0.0,5.97914457321167,1.0349215269088745,0.0,1.4233248829841612,0.0072480663657188416,0.006795761175453663,0.007314087823033333,20,0.023298943428976454,10,0.923,0.99535537109375,1000,1.4768528938293457,1.0038632154464722,0.0,1.0496898114681243,1,10000,,,,0,10000,1024,714372527,NVIDIA GeForce RTX 3090,DSIVI,,2.7188331102428926,13.266622039818683,0.3150718882328801,0.0004819035530090332,6.166357937465317,1792645792,ok,2.778985319156253,1.0,posterior_hmc,0.738422877214447,0.08204698635716078,8.629246885502246,10,[],pass,10,hmc_chain,102.35796722956002,1000,1147897091,5.356592866884471,10000,seed42_dsivi_8_gaussians,42,8_gaussians,9.68164580751452,102.35844913311303
torch.float64,56b6adf45ddf66b402a550f972cd244053dd93556779031afec633781db0fe3f,seed43_dsivi_8_gaussians|DSIVI|8_gaussians|43|2000,results/default_config_grid/DSIVI/8_gaussians/20260428_082337/checkpoints/epoch_2000,2026-07-27T14:41:56.795662+00:00,cuda,,0.9989985026041666,500,0.0,3.522413969039917,1.019660472869873,0.0,1.2089956581592554,0.007301023695617914,0.007208660244941711,0.007321048527956009,20,0.028090697271856698,10,0.961,0.9987853515625,1000,1.479097843170166,1.0022894144058228,0.0,1.029521679878235,1,10000,,,,0,2000,1024,1082707488,NVIDIA GeForce RTX 3090,DSIVI,,0.624239714117079,3.4857227540864466,0.2326411923120417,0.0004394054412841797,2.0501770118707543,1642887464,ok,11.128982151322736,0.2,posterior_hmc,0.3218439858016586,0.035760442866850956,2.683272501800911,10,[],pass,10,hmc_chain,99.45682917907834,1000,291972967,11.828570553236109,10000,seed43_dsivi_8_gaussians,43,8_gaussians,18.3207399825365,99.45726858451962
torch.float64,56b6adf45ddf66b402a550f972cd244053dd93556779031afec633781db0fe3f,seed43_dsivi_8_gaussians|DSIVI|8_gaussians|43|4000,results/default_config_grid/DSIVI/8_gaussians/20260428_082337/checkpoints/epoch_4000,2026-07-27T14:43:32.643977+00:00,cuda,,0.9981628906250001,500,0.0,3.385448694229126,1.0277366638183594,0.0,1.2974226593971252,0.0072833700105547905,0.007067324128001928,0.007318612188100815,20,0.02612332283122354,10,0.971,0.9978106445312502,1000,1.517619252204895,1.003387451171875,0.0,1.042207235097885,1,10000,,,,0,4000,1024,2128823171,NVIDIA GeForce RTX 3090,DSIVI,,2.0501670404777768,36.324244649486126,0.2985680540550054,0.0005628969520330429,4.842735183618544,1145068571,ok,5.143468182351224,0.4,posterior_hmc,0.512187005685203,0.05690966729835589,6.8666657823347474,10,[],pass,10,hmc_chain,95.8276196103543,1000,2052079716,7.03374447414549,10000,seed43_dsivi_8_gaussians,43,8_gaussians,11.45225173746959,95.82818250730634
torch.float64,56b6adf45ddf66b402a550f972cd244053dd93556779031afec633781db0fe3f,seed43_dsivi_8_gaussians|DSIVI|8_gaussians|43|6000,results/default_config_grid/DSIVI/8_gaussians/20260428_082337/checkpoints/epoch_6000,2026-07-27T14:45:10.697983+00:00,cuda,,0.9949483072916667,500,1.7057291666666665e-05,4.614577770233154,1.034709095954895,0.0,1.3668520867824554,0.007248743902891874,0.006461866199970245,0.007314704358577728,20,0.023417837011447826,10,0.748,0.9939654296875,1000,1.7162280082702637,1.0044384002685547,0.0,1.0687037050724029,1,10000,,,,0,6000,1024,237343967,NVIDIA GeForce RTX 3090,DSIVI,,1.90376697593919,5.348947717517813,0.24418263357256723,0.0005398187786340714,6.395164129385567,1875254281,ok,2.950062298427703,0.6,posterior_hmc,1.017086452372234,0.11300960581913712,7.796488014260934,10,[],pass,10,hmc_chain,98.03175872378051,1000,278114001,4.924155041509241,10000,seed43_dsivi_8_gaussians,43,8_gaussians,9.647840602836377,98.03229854255915
torch.float64,56b6adf45ddf66b402a550f972cd244053dd93556779031afec633781db0fe3f,seed43_dsivi_8_gaussians|DSIVI|8_gaussians|43|8000,results/default_config_grid/DSIVI/8_gaussians/20260428_082337/checkpoints/epoch_8000,2026-07-27T14:46:51.175586+00:00,cuda,,0.9960927734375,500,3.255208333333333e-07,3.445063352584839,1.0505822896957397,0.0,1.4667883336544034,0.0072467876598238945,0.00679683405905962,0.0073134102858603,20,0.023707670224030114,10,0.774,0.9953049804687499,1000,1.785870909690857,1.0051748752593994,0.0,1.0762425184249875,1,10000,,,,0,8000,1024,354896807,NVIDIA GeForce RTX 3090,DSIVI,,2.2781555654528014,11.065245507017185,0.25260698575931734,0.0005171652883291245,6.624203752718194,1822732017,ok,3.0374416384000535,0.8,posterior_hmc,0.9697108982465376,0.10774565536072639,9.018577054014715,10,[],pass,10,hmc_chain,100.46000391989946,1000,553930901,5.5445142725135135,10000,seed43_dsivi_8_gaussians,43,8_gaussians,9.281022586369058,100.46052108518779
torch.float64,56b6adf45ddf66b402a550f972cd244053dd93556779031afec633781db0fe3f,seed43_dsivi_8_gaussians|DSIVI|8_gaussians|43|10000,results/default_config_grid/DSIVI/8_gaussians/20260428_082337/checkpoints/epoch_10000,2026-07-27T14:48:32.316739+00:00,cuda,,0.9959664713541667,500,3.90625e-07,4.476250648498535,1.0461621284484863,0.0,1.4075841248035428,0.007239848840981722,0.0067781307734549046,0.007312051486223936,20,0.023584071323496228,10,0.886,0.9951446289062501,1000,3.5066006183624268,1.0046241283416748,0.0,1.0724174499511718,1,10000,,,,0,10000,1024,20520913,NVIDIA GeForce RTX 3090,DSIVI,,2.7876498761018507,21.45689027262714,0.3026804633566372,0.00040182843804359436,5.999750324100484,72307349,ok,2.2821009665878655,1.0,posterior_hmc,0.8685782385964931,0.09650869317738812,9.209877126483931,10,[],pass,10,hmc_chain,101.12881888821721,1000,807250933,5.123531799767083,10000,seed43_dsivi_8_gaussians,43,8_gaussians,8.562287372584011,101.12922071665525
torch.float64,56b6adf45ddf66b402a550f972cd244053dd93556779031afec633781db0fe3f,seed44_dsivi_8_gaussians|DSIVI|8_gaussians|44|2000,results/default_config_grid/DSIVI/8_gaussians/20260428_104907/checkpoints/epoch_2000,2026-07-27T14:50:15.220757+00:00,cuda,,0.9642305338541667,500,0.0001021484375,5.8620405197143555,1.0043152570724487,0.0,1.3087852537631979,0.006081515457481146,0.002936281729489565,0.007301674224436283,20,0.01252795943732665,10,0.248,0.9593559570312501,1000,1.423365592956543,1.000356912612915,0.0,1.0129859268665313,1,10000,,,,0,2000,1024,1446637758,NVIDIA GeForce RTX 3090,DSIVI,,229.08419422886433,1540.6841734537068,1.0033810853314005,0.0002913381904363632,2.6074474557131255,421257783,ok,16.65105445654721,0.2,posterior_hmc,52.860370487509755,5.873374498612195,228.3122510259415,10,[],pass,10,hmc_chain,102.83743136003613,1000,1464688196,244.65521143739818,10000,seed44_dsivi_8_gaussians,44,8_gaussians,25.918900532652657,102.83772269822657
torch.float64,56b6adf45ddf66b402a550f972cd244053dd93556779031afec633781db0fe3f,seed44_dsivi_8_gaussians|DSIVI|8_gaussians|44|4000,results/default_config_grid/DSIVI/8_gaussians/20260428_104907/checkpoints/epoch_4000,2026-07-27T14:51:53.385807+00:00,cuda,,0.9563126302083333,500,0.00010826822916666667,4.390988349914551,1.0126230716705322,0.0,1.259633934497833,0.005736345425248146,0.0021940807346254587,0.007247073110193014,20,0.009374850254317982,10,0.029,0.9513838867187501,1000,1.969632625579834,1.0006227493286133,0.0,1.0264815390110016,1,10000,,,,0,4000,1024,406833979,NVIDIA GeForce RTX 3090,DSIVI,,307.1540223786507,2447.5049116535392,0.9896617708873704,0.001026894897222519,3.1973992623600074,283555709,ok,9.844635077381614,0.4,posterior_hmc,45.71895255992791,5.0798836177697675,310.36262227573377,10,['hmc_post_burn_acceptance_min=0.029 >= 0.05 failed'],warning,10,hmc_chain,98.14357132278383,1000,1900210504,315.0293958163214,10000,seed44_dsivi_8_gaussians,44,8_gaussians,14.597029632108306,98.14459821768105
torch.float64,56b6adf45ddf66b402a550f972cd244053dd93556779031afec633781db0fe3f,seed44_dsivi_8_gaussians|DSIVI|8_gaussians|44|6000,results/default_config_grid/DSIVI/8_gaussians/20260428_104907/checkpoints/epoch_6000,2026-07-27T14:53:25.215391+00:00,cuda,,0.94408203125,500,0.000133203125,5.899015426635742,1.0061163902282715,0.0,1.3203507661819456,0.0048685260117053986,0.002106950618326664,0.0071016172878444195,20,0.0060227749088833495,10,0.28400000000000003,0.938548046875,1000,1.3926019668579102,1.0006455183029175,0.0,1.0209946095943452,1,10000,,,,0,6000,1024,1526479302,NVIDIA GeForce RTX 3090,DSIVI,,516.644171133542,2905.547345456769,0.9764365605880976,0.0006025116890668869,4.556543862142984,407375916,ok,7.547789703585499,0.6,posterior_hmc,72.21486672504089,8.023874080560098,529.1118665429453,10,[],pass,10,hmc_chain,91.81031029112637,1000,640767450,527.1340205308089,10000,seed44_dsivi_8_gaussians,44,8_gaussians,11.160284418796822,91.81091280281544
torch.float64,56b6adf45ddf66b402a550f972cd244053dd93556779031afec633781db0fe3f,seed44_dsivi_8_gaussians|DSIVI|8_gaussians|44|8000,results/default_config_grid/DSIVI/8_gaussians/20260428_104907/checkpoints/epoch_8000,2026-07-27T14:55:04.508875+00:00,cuda,,0.9423814453125001,500,0.000118359375,6.073491096496582,1.0030670166015625,0.0,1.3533644497394561,0.004919042345136404,0.0020720467437058687,0.006924779620021582,20,0.0052267719453497055,10,0.164,0.9369681640625,1000,2.090374231338501,1.0004541873931885,0.0,1.0198947072029114,1,10000,,,,0,8000,1024,1020114386,NVIDIA GeForce RTX 3090,DSIVI,,569.6143976278686,3024.348504821005,0.9843202549269425,0.0005464870482683182,6.403571053958199,1670398214,ok,6.0764214495427495,0.8,posterior_hmc,123.02723394547247,13.669692660608053,578.6880791863275,10,[],pass,10,hmc_chain,99.27601073496044,1000,1314000399,578.2314564724791,10000,seed44_dsivi_8_gaussians,44,8_gaussians,11.52490747632331,99.2765572220087
torch.float64,56b6adf45ddf66b402a550f972cd244053dd93556779031afec633781db0fe3f,seed44_dsivi_8_gaussians|DSIVI|8_gaussians|44|10000,results/default_config_grid/DSIVI/8_gaussians/20260428_104907/checkpoints/epoch_10000,2026-07-27T14:56:47.281536+00:00,cuda,,0.9378548177083333,500,0.0002080078125,14.081910133361816,1.0032135248184204,0.0,1.2614551842212673,0.004521347116678953,0.001901955925859511,0.006766313686966896,20,0.004298635952173353,10,0.35100000000000003,0.9324744140625001,1000,1.5625660419464111,1.0003935098648071,0.0,1.0190527260303497,1,10000,,,,0,10000,1024,2034845323,NVIDIA GeForce RTX 3090,DSIVI,,586.2117524349181,3677.2651593164505,0.9871863171600885,0.0004431121051311493,5.5819122931371155,679703794,ok,4.976258439225558,1.0,posterior_hmc,100.29715998090299,11.144128886767,593.8207836199722,10,[],pass,10,hmc_chain,102.75729777477682,1000,49527168,592.1282016692362,10000,seed44_dsivi_8_gaussians,44,8_gaussians,10.321472141457411,102.75774088688195
torch.float64,56b6adf45ddf66b402a550f972cd244053dd93556779031afec633781db0fe3f,seed45_dsivi_8_gaussians|DSIVI|8_gaussians|45|2000,results/default_config_grid/DSIVI/8_gaussians/20260428_133044/checkpoints/epoch_2000,2026-07-27T14:58:27.449547+00:00,cuda,,0.9960158203125001,500,6.510416666666667e-08,4.886291980743408,1.012225866317749,0.0,1.329930347204208,0.007247873116284609,0.006923575419932604,0.0073095764964818954,20,0.022298032134820164,10,0.619,0.995178125,1000,1.6611734628677368,1.0010125637054443,0.0,1.0242832362651826,1,10000,,,,0,2000,1024,1533465653,NVIDIA GeForce RTX 3090,DSIVI,,7.244095457823711,57.555836729416306,0.730916746190286,0.0002939552068710327,2.738386183718471,1358157303,ok,10.185603342220725,0.2,posterior_hmc,1.9051408413558812,0.21168231570620902,9.910972071144464,10,[],pass,10,hmc_chain,100.09494842775166,1000,806889721,17.763388318486598,10000,seed45_dsivi_8_gaussians,45,8_gaussians,17.056371341949095,100.09524238295853
torch.float64,56b6adf45ddf66b402a550f972cd244053dd93556779031afec633781db0fe3f,seed45_dsivi_8_gaussians|DSIVI|8_gaussians|45|4000,results/default_config_grid/DSIVI/8_gaussians/20260428_133044/checkpoints/epoch_4000,2026-07-27T15:00:05.606141+00:00,cuda,,0.9982700520833332,500,0.0,3.5366058349609375,1.030285358428955,0.0,1.2494007527828215,0.007276482880115509,0.007145939860492945,0.007321114651858807,20,0.024751844826543166,10,0.975,0.9979168945312502,1000,1.302857518196106,1.0044615268707275,0.0,1.0436962366104126,1,10000,,,,0,4000,1024,323808188,NVIDIA GeForce RTX 3090,DSIVI,,0.7709235321776879,4.89280129748449,0.15699269570494606,0.00044732168316841125,4.362442308278546,1919599344,ok,6.468133793749632,0.4,posterior_hmc,0.4799841111944388,0.0533315679104932,4.910569429462953,10,[],pass,10,hmc_chain,98.14189442433417,1000,757289370,7.27122952034062,10000,seed45_dsivi_8_gaussians,45,8_gaussians,12.686388487636712,98.14234174601734
torch.float64,56b6adf45ddf66b402a550f972cd244053dd93556779031afec633781db0fe3f,seed45_dsivi_8_gaussians|DSIVI|8_gaussians|45|6000,results/default_config_grid/DSIVI/8_gaussians/20260428_133044/checkpoints/epoch_6000,2026-07-27T15:01:48.946374+00:00,cuda,,0.9978802083333336,500,0.0,3.481912851333618,1.048793077468872,0.0,1.3115761935710906,0.007270853966474533,0.007090164814144373,0.007319460157305002,20,0.024508632544354897,10,0.968,0.9974636718750001,1000,1.837281584739685,1.005346417427063,0.0,1.056514036655426,1,10000,,,,0,6000,1024,1024026370,NVIDIA GeForce RTX 3090,DSIVI,,0.9441565739479826,5.259180363107819,0.15147366906045195,0.0004116203635931015,5.34152058665329,1633703023,ok,4.596934422238442,0.6,posterior_hmc,0.467504406150306,0.05194493401670067,6.233139923290411,10,[],pass,10,hmc_chain,103.32594168372452,1000,59375022,5.651379365819249,10000,seed45_dsivi_8_gaussians,45,8_gaussians,10.143359776878762,103.32635330408812
torch.float64,56b6adf45ddf66b402a550f972cd244053dd93556779031afec633781db0fe3f,seed45_dsivi_8_gaussians|DSIVI|8_gaussians|45|8000,results/default_config_grid/DSIVI/8_gaussians/20260428_133044/checkpoints/epoch_8000,2026-07-27T15:03:30.979756+00:00,cuda,,0.9977360677083333,500,0.0,2.9050023555755615,1.044865369796753,0.0,1.4345712244510647,0.007261065766215324,0.007079131901264191,0.0073191639967262745,20,0.024215950698235754,10,0.965,0.9972754882812499,1000,1.5808886289596558,1.0059499740600586,0.0,1.0688517034053802,1,10000,,,,0,8000,1024,1313712700,NVIDIA GeForce RTX 3090,DSIVI,,1.015133937728038,3.941609906846619,0.15172420877384216,0.0006047841161489487,5.69558354262349,791322573,ok,4.44810435841592,0.8,posterior_hmc,0.6044758856809755,0.06716398729788617,6.690652374672663,10,[],pass,10,hmc_chain,102.01469999365509,1000,1988622721,5.4848888564329865,10000,seed45_dsivi_8_gaussians,45,8_gaussians,10.462941822185314,102.01530477777123
torch.float64,56b6adf45ddf66b402a550f972cd244053dd93556779031afec633781db0fe3f,seed45_dsivi_8_gaussians|DSIVI|8_gaussians|45|10000,results/default_config_grid/DSIVI/8_gaussians/20260428_133044/checkpoints/epoch_10000,2026-07-27T15:05:07.307800+00:00,cuda,,0.9975238932291668,500,6.510416666666667e-08,3.084117889404297,1.050565242767334,0.0,1.4489072740077966,0.007272275630384684,0.006997144315391779,0.007316682022064924,20,0.024808900600413325,10,0.9520000000000001,0.99700888671875,1000,1.6845701932907104,1.0059667825698853,0.0,1.0708384037017822,1,10000,,,,0,10000,1024,1332858594,NVIDIA GeForce RTX 3090,DSIVI,,1.2211924402565901,4.868709364622928,0.15581281048216894,0.00047973543405532837,6.0365288966626505,974671602,ok,3.5310848964022155,1.0,posterior_hmc,0.5965814175050611,0.06628682416722902,7.8375612151373275,10,[],pass,10,hmc_chain,96.31254695169628,1000,142015877,4.873677017063614,10000,seed45_dsivi_8_gaussians,45,8_gaussians,10.044158114869616,96.31302668713033
torch.float64,56b6adf45ddf66b402a550f972cd244053dd93556779031afec633781db0fe3f,seed46_dsivi_8_gaussians|DSIVI|8_gaussians|46|2000,results/default_config_grid/DSIVI/8_gaussians/20260428_161514/checkpoints/epoch_2000,2026-07-27T15:06:46.434451+00:00,cuda,,0.9571449218750001,500,0.0005535807291666666,3.999877452850342,1.0084235668182373,0.0,1.207991927862167,0.005786636844277382,0.002473666099831462,0.007313302718102932,20,0.012439331091781733,10,0.11,0.951731640625,1000,1.7118682861328125,1.0007164478302002,0.0,1.0204593896865846,1,10000,,,,0,2000,1024,1233095471,NVIDIA GeForce RTX 3090,DSIVI,,169.634490248454,1546.0584064137856,0.9976377642643803,0.0002954881638288498,2.1921652073790714,103267407,ok,22.39379827190569,0.2,posterior_hmc,55.57056041796566,6.174506713107295,170.03615573187122,10,[],pass,10,hmc_chain,99.02101580798626,1000,1134932985,191.90193608135462,10000,seed46_dsivi_8_gaussians,46,8_gaussians,30.218563863350298,99.02131129615009
torch.float64,56b6adf45ddf66b402a550f972cd244053dd93556779031afec633781db0fe3f,seed46_dsivi_8_gaussians|DSIVI|8_gaussians|46|4000,results/default_config_grid/DSIVI/8_gaussians/20260428_161514/checkpoints/epoch_4000,2026-07-27T15:08:23.247844+00:00,cuda,,0.9458546223958333,500,0.00019296875,20.801162719726562,1.00504469871521,0.0,1.4422936379909506,0.005251659080386162,0.002234834711998701,0.007098428905010223,20,0.00627437856871909,10,0.458,0.9409247070312502,1000,1.3486827611923218,1.0004655122756958,0.0,1.0300481855869292,1,10000,,,,0,4000,1024,1814298016,NVIDIA GeForce RTX 3090,DSIVI,,539.2809536866888,2426.6001623839365,0.9884937927588209,0.0023483894765377045,3.9236963122919235,1708356077,ok,10.960145397695701,0.4,posterior_hmc,63.65659166467658,7.0729546294085095,545.5582600894147,10,[],pass,10,hmc_chain,96.76969643123448,1000,1791240562,544.8692067520574,10000,seed46_dsivi_8_gaussians,46,8_gaussians,16.673471609484462,96.77204482071102
torch.float64,56b6adf45ddf66b402a550f972cd244053dd93556779031afec633781db0fe3f,seed46_dsivi_8_gaussians|DSIVI|8_gaussians|46|6000,results/default_config_grid/DSIVI/8_gaussians/20260428_161514/checkpoints/epoch_6000,2026-07-27T15:10:03.339185+00:00,cuda,,0.9436065755208333,500,2.890625e-05,5.827394008636475,1.0036152601242065,0.0,1.2567451298236845,0.004732223227620125,0.0021456689573824406,0.007138440851122141,20,0.005944274498506109,10,0.492,0.9386857421875,1000,1.238195538520813,1.0004489421844482,0.0,1.0191748142242432,1,10000,,,,0,6000,1024,731963790,NVIDIA GeForce RTX 3090,DSIVI,,387.99991168742724,1632.7244411669076,0.9924753825586017,0.0005542561411857605,5.968127652964434,1831591177,ok,6.760544286658637,0.6,posterior_hmc,67.95238486430087,7.550264984922318,390.94159765168524,10,[],pass,10,hmc_chain,100.04285905137658,1000,501662217,394.54431413857344,10000,seed46_dsivi_8_gaussians,46,8_gaussians,11.867466270368958,100.04341330751777
torch.float64,56b6adf45ddf66b402a550f972cd244053dd93556779031afec633781db0fe3f,seed46_dsivi_8_gaussians|DSIVI|8_gaussians|46|8000,results/default_config_grid/DSIVI/8_gaussians/20260428_161514/checkpoints/epoch_8000,2026-07-27T15:11:37.866667+00:00,cuda,,0.9389617187499999,500,0.00031015625,9.967519760131836,1.004584550857544,0.0,1.3206646978855132,0.004465862177312374,0.002040619496256113,0.0070688012056052685,20,0.005432553885667541,10,0.187,0.9332730468750001,1000,1.9707103967666626,1.0004446506500244,0.0,1.0162236869335175,1,10000,,,,0,8000,1024,1837788778,NVIDIA GeForce RTX 3090,DSIVI,,443.472519039395,2176.1753575749894,0.9846921598645614,0.002365555614233017,8.149619429940335,116272410,ok,4.890722560367937,0.8,posterior_hmc,66.94453564387074,7.438281738207859,450.36665987103225,10,[],pass,10,hmc_chain,94.48698190040886,1000,78942894,448.852284975247,10000,seed46_dsivi_8_gaussians,46,8_gaussians,10.777661059318593,94.4893474560231
torch.float64,56b6adf45ddf66b402a550f972cd244053dd93556779031afec633781db0fe3f,seed46_dsivi_8_gaussians|DSIVI|8_gaussians|46|10000,results/default_config_grid/DSIVI/8_gaussians/20260428_161514/checkpoints/epoch_10000,2026-07-27T15:13:14.337646+00:00,cuda,,0.9385619791666667,500,0.0001232421875,6.169744968414307,1.004271149635315,0.0,1.266213238239288,0.004490043967962265,0.0021438447292894125,0.006881081033498049,20,0.005274796736482604,10,0.123,0.9326466796875,1000,1.3717635869979858,1.000484585762024,0.0,1.0173883438110352,1,10000,,,,0,10000,1024,162011520,NVIDIA GeForce RTX 3090,DSIVI,,502.59232992298223,2545.9334021019286,0.9749175239995342,0.0004316270351409912,6.947502942292681,750855403,ok,6.213623198081511,1.0,posterior_hmc,60.622337420441276,6.73581526893792,515.5229212222288,10,[],pass,10,hmc_chain,96.45731310918927,1000,1231315053,511.1140567710033,10000,seed46_dsivi_8_gaussians,46,8_gaussians,10.091469374761619,96.45774473622441
