epoch,method,progress,reference_internal_l2,reference_seed,repeat,run_id,runtime_sec,seed,target
2000,SIVI,0.2,0.0003483157014221906,900558054,0,seed42_sivi_x_shaped,0.07251672260463238,42,x_shaped
2000,SIVI,0.2,0.0003598769253690912,753451499,1,seed42_sivi_x_shaped,0.062475377693772316,42,x_shaped
2000,SIVI,0.2,0.0003584263104196407,988289714,2,seed42_sivi_x_shaped,0.06315399333834648,42,x_shaped
2000,SIVI,0.2,0.00044455253241750784,1253429871,3,seed42_sivi_x_shaped,0.061804940924048424,42,x_shaped
2000,SIVI,0.2,0.00041021637661648515,2041033494,4,seed42_sivi_x_shaped,0.06229374743998051,42,x_shaped
2000,SIVI,0.2,0.00042780623606767233,269166518,5,seed42_sivi_x_shaped,0.06197049655020237,42,x_shaped
2000,SIVI,0.2,0.000335041271942801,1438130370,6,seed42_sivi_x_shaped,0.062293389812111855,42,x_shaped
2000,SIVI,0.2,0.0003364420385010906,1382484031,7,seed42_sivi_x_shaped,0.06169380247592926,42,x_shaped
2000,SIVI,0.2,0.00036339603973581575,2126137030,8,seed42_sivi_x_shaped,0.06180178187787533,42,x_shaped
2000,SIVI,0.2,0.0004207118794125862,577050463,9,seed42_sivi_x_shaped,0.06104043126106262,42,x_shaped
4000,SIVI,0.4,0.0005116548298118016,765633682,0,seed42_sivi_x_shaped,0.060991328209638596,42,x_shaped
4000,SIVI,0.4,0.00046560897427302207,2083861584,1,seed42_sivi_x_shaped,0.06221042945981026,42,x_shaped
4000,SIVI,0.4,0.0004948803787966318,1128311107,2,seed42_sivi_x_shaped,0.06078724004328251,42,x_shaped
4000,SIVI,0.4,0.0007153960458689393,1033693416,3,seed42_sivi_x_shaped,0.06087995134294033,42,x_shaped
4000,SIVI,0.4,0.0006267308693557684,749067468,4,seed42_sivi_x_shaped,0.06298249773681164,42,x_shaped
4000,SIVI,0.4,0.0007027369455915558,319474962,5,seed42_sivi_x_shaped,0.062047187238931656,42,x_shaped
4000,SIVI,0.4,0.0005682276667532627,874737186,6,seed42_sivi_x_shaped,0.06149695999920368,42,x_shaped
4000,SIVI,0.4,0.0006898603236020693,1593542041,7,seed42_sivi_x_shaped,0.06216025725007057,42,x_shaped
4000,SIVI,0.4,0.0006045318698263311,1679088446,8,seed42_sivi_x_shaped,0.061148302629590034,42,x_shaped
4000,SIVI,0.4,0.0003790158827904632,151210415,9,seed42_sivi_x_shaped,0.062002625316381454,42,x_shaped
6000,SIVI,0.6,0.00036681501967773025,663820783,0,seed42_sivi_x_shaped,0.06185993365943432,42,x_shaped
6000,SIVI,0.6,0.0005415933896772446,429997130,1,seed42_sivi_x_shaped,0.06218390911817551,42,x_shaped
6000,SIVI,0.6,0.0002683256139822888,2039204632,2,seed42_sivi_x_shaped,0.061481887474656105,42,x_shaped
6000,SIVI,0.6,0.00044758655515230025,1539233029,3,seed42_sivi_x_shaped,0.0616093035787344,42,x_shaped
6000,SIVI,0.6,0.0005045962984569751,260946672,4,seed42_sivi_x_shaped,0.06329929642379284,42,x_shaped
6000,SIVI,0.6,0.0004323258713080242,1888221214,5,seed42_sivi_x_shaped,0.062230223789811134,42,x_shaped
6000,SIVI,0.6,0.0004274032917966914,859654404,6,seed42_sivi_x_shaped,0.06162501126527786,42,x_shaped
6000,SIVI,0.6,0.0004632640329735939,1476438481,7,seed42_sivi_x_shaped,0.060855455696582794,42,x_shaped
6000,SIVI,0.6,0.0005113768172860762,534849898,8,seed42_sivi_x_shaped,0.06228099390864372,42,x_shaped
6000,SIVI,0.6,0.00043555010032932594,572304063,9,seed42_sivi_x_shaped,0.06097349710762501,42,x_shaped
8000,SIVI,0.8,0.0004476217290465063,1811928936,0,seed42_sivi_x_shaped,0.06096899136900902,42,x_shaped
8000,SIVI,0.8,0.00035483633501044764,1490677387,1,seed42_sivi_x_shaped,0.061235249042510986,42,x_shaped
8000,SIVI,0.8,0.0004021399926696388,651033032,2,seed42_sivi_x_shaped,0.062096601352095604,42,x_shaped
8000,SIVI,0.8,0.0005136491922504605,948864632,3,seed42_sivi_x_shaped,0.061218416318297386,42,x_shaped
8000,SIVI,0.8,0.000592135715326112,441710925,4,seed42_sivi_x_shaped,0.06186704337596893,42,x_shaped
8000,SIVI,0.8,0.0006949497418853904,209918933,5,seed42_sivi_x_shaped,0.06375139020383358,42,x_shaped
8000,SIVI,0.8,0.0005929474195092066,1045305102,6,seed42_sivi_x_shaped,0.0614823792129755,42,x_shaped
8000,SIVI,0.8,0.0005100032078327525,1631275052,7,seed42_sivi_x_shaped,0.060918327420949936,42,x_shaped
8000,SIVI,0.8,0.00029113394388476235,1186325963,8,seed42_sivi_x_shaped,0.06094011664390564,42,x_shaped
8000,SIVI,0.8,0.0004578468706536488,394970817,9,seed42_sivi_x_shaped,0.061339208856225014,42,x_shaped
10000,SIVI,1.0,0.00046050008245335277,821561056,0,seed42_sivi_x_shaped,0.06363453529775143,42,x_shaped
10000,SIVI,1.0,0.00040771745905579266,435329536,1,seed42_sivi_x_shaped,0.06201665848493576,42,x_shaped
10000,SIVI,1.0,0.00041573394053581085,1082761492,2,seed42_sivi_x_shaped,0.06098418869078159,42,x_shaped
10000,SIVI,1.0,0.00038566472334262514,1149405060,3,seed42_sivi_x_shaped,0.06453224644064903,42,x_shaped
10000,SIVI,1.0,0.0003190596240174676,1882126031,4,seed42_sivi_x_shaped,0.0640431921929121,42,x_shaped
10000,SIVI,1.0,0.000364254957764322,1053319859,5,seed42_sivi_x_shaped,0.06216361187398434,42,x_shaped
10000,SIVI,1.0,0.00047005029227719996,1886837480,6,seed42_sivi_x_shaped,0.060987792909145355,42,x_shaped
10000,SIVI,1.0,0.0004363236006781684,1188805893,7,seed42_sivi_x_shaped,0.06091158464550972,42,x_shaped
10000,SIVI,1.0,0.0005271966926069541,1515344119,8,seed42_sivi_x_shaped,0.06180316209793091,42,x_shaped
10000,SIVI,1.0,0.0003854033703807905,2001897378,9,seed42_sivi_x_shaped,0.06085685268044472,42,x_shaped
2000,SIVI,0.2,0.0004183989576851185,1748497729,0,seed43_sivi_x_shaped,0.06147594377398491,43,x_shaped
2000,SIVI,0.2,0.00038335492752538476,537117504,1,seed43_sivi_x_shaped,0.061682963743805885,43,x_shaped
2000,SIVI,0.2,0.0003298569206880236,371825991,2,seed43_sivi_x_shaped,0.06165440008044243,43,x_shaped
2000,SIVI,0.2,0.0003350941936641856,1988161083,3,seed43_sivi_x_shaped,0.064289890229702,43,x_shaped
2000,SIVI,0.2,0.00041362038948398544,1791635203,4,seed43_sivi_x_shaped,0.06235720403492451,43,x_shaped
2000,SIVI,0.2,0.0003933698989787523,2108821667,5,seed43_sivi_x_shaped,0.06115812994539738,43,x_shaped
2000,SIVI,0.2,0.00042692400781906535,1880212476,6,seed43_sivi_x_shaped,0.06519875302910805,43,x_shaped
2000,SIVI,0.2,0.00039213027038484047,1616285680,7,seed43_sivi_x_shaped,0.06117670051753521,43,x_shaped
2000,SIVI,0.2,0.0005824297984294961,753829934,8,seed43_sivi_x_shaped,0.06171196140348911,43,x_shaped
2000,SIVI,0.2,0.00034086915001894653,159288756,9,seed43_sivi_x_shaped,0.0638769306242466,43,x_shaped
4000,SIVI,0.4,0.0005756714095779876,1423710275,0,seed43_sivi_x_shaped,0.06163211353123188,43,x_shaped
4000,SIVI,0.4,0.0005903105368818629,802056712,1,seed43_sivi_x_shaped,0.0630533080548048,43,x_shaped
4000,SIVI,0.4,0.0006306177937046044,467243988,2,seed43_sivi_x_shaped,0.06123507581651211,43,x_shaped
4000,SIVI,0.4,0.0006347897490644747,967604856,3,seed43_sivi_x_shaped,0.06293825805187225,43,x_shaped
4000,SIVI,0.4,0.0006301975915532756,1538560454,4,seed43_sivi_x_shaped,0.06184939853847027,43,x_shaped
4000,SIVI,0.4,0.0003410865814855343,642645191,5,seed43_sivi_x_shaped,0.060835398733615875,43,x_shaped
4000,SIVI,0.4,0.0008803990354242345,1453587084,6,seed43_sivi_x_shaped,0.060842329636216164,43,x_shaped
4000,SIVI,0.4,0.000376373583370387,1085815022,7,seed43_sivi_x_shaped,0.06248837523162365,43,x_shaped
4000,SIVI,0.4,0.0005132807402529645,753071283,8,seed43_sivi_x_shaped,0.08959320187568665,43,x_shaped
4000,SIVI,0.4,0.0004365133486208796,1360813859,9,seed43_sivi_x_shaped,0.0768544189631939,43,x_shaped
6000,SIVI,0.6,0.0003385737635361228,895906665,0,seed43_sivi_x_shaped,0.060963790863752365,43,x_shaped
6000,SIVI,0.6,0.0004126516404121056,1614963487,1,seed43_sivi_x_shaped,0.06155545450747013,43,x_shaped
6000,SIVI,0.6,0.00044488503697228245,1674074338,2,seed43_sivi_x_shaped,0.06200902536511421,43,x_shaped
6000,SIVI,0.6,0.0004934373967586501,1478275161,3,seed43_sivi_x_shaped,0.061223845928907394,43,x_shaped
6000,SIVI,0.6,0.0004528378429473997,2101110029,4,seed43_sivi_x_shaped,0.060767875984311104,43,x_shaped
6000,SIVI,0.6,0.0009419892749166,1975920194,5,seed43_sivi_x_shaped,0.060764480382204056,43,x_shaped
6000,SIVI,0.6,0.0005556499939139558,963300583,6,seed43_sivi_x_shaped,0.06066301651299,43,x_shaped
6000,SIVI,0.6,0.00032124869594832945,1932305475,7,seed43_sivi_x_shaped,0.061757421121001244,43,x_shaped
6000,SIVI,0.6,0.00032932837754833655,253402432,8,seed43_sivi_x_shaped,0.061964401975274086,43,x_shaped
6000,SIVI,0.6,0.0005737677501050995,624912687,9,seed43_sivi_x_shaped,0.06140470132231712,43,x_shaped
8000,SIVI,0.8,0.0003675745725169663,1363712205,0,seed43_sivi_x_shaped,0.061483604833483696,43,x_shaped
8000,SIVI,0.8,0.0003230974237752102,1011409796,1,seed43_sivi_x_shaped,0.06144866161048412,43,x_shaped
8000,SIVI,0.8,0.000515521796961104,1514420641,2,seed43_sivi_x_shaped,0.06194378808140755,43,x_shaped
8000,SIVI,0.8,0.0006969159520369534,1674520979,3,seed43_sivi_x_shaped,0.06143316254019737,43,x_shaped
8000,SIVI,0.8,0.0003329308171606685,931739432,4,seed43_sivi_x_shaped,0.060704007744789124,43,x_shaped
8000,SIVI,0.8,0.000380689128552856,520827523,5,seed43_sivi_x_shaped,0.060850728303194046,43,x_shaped
8000,SIVI,0.8,0.0005581330205987494,2081476889,6,seed43_sivi_x_shaped,0.060736484825611115,43,x_shaped
8000,SIVI,0.8,0.0006224319682671853,831666420,7,seed43_sivi_x_shaped,0.060671720653772354,43,x_shaped
8000,SIVI,0.8,0.000351622330540626,2082229620,8,seed43_sivi_x_shaped,0.060940176248550415,43,x_shaped
8000,SIVI,0.8,0.00047575224935227024,1738968036,9,seed43_sivi_x_shaped,0.060737621039152145,43,x_shaped
10000,SIVI,1.0,0.0008085189963180327,899953789,0,seed43_sivi_x_shaped,0.06114271283149719,43,x_shaped
10000,SIVI,1.0,0.001267516050625161,691974253,1,seed43_sivi_x_shaped,0.06176453083753586,43,x_shaped
10000,SIVI,1.0,0.0009294332000770814,749911532,2,seed43_sivi_x_shaped,0.06193746253848076,43,x_shaped
10000,SIVI,1.0,0.0005405596769855488,890795875,3,seed43_sivi_x_shaped,0.060781052336096764,43,x_shaped
10000,SIVI,1.0,0.0019429451498143954,1881536967,4,seed43_sivi_x_shaped,0.060811951756477356,43,x_shaped
10000,SIVI,1.0,0.00045355487722265595,1028680998,5,seed43_sivi_x_shaped,0.06079254671931267,43,x_shaped
10000,SIVI,1.0,0.0009970745810171584,1190708218,6,seed43_sivi_x_shaped,0.06112447753548622,43,x_shaped
10000,SIVI,1.0,0.0016526843384750893,264551485,7,seed43_sivi_x_shaped,0.06390580348670483,43,x_shaped
10000,SIVI,1.0,0.0005467653127296402,1927349802,8,seed43_sivi_x_shaped,0.06226251646876335,43,x_shaped
10000,SIVI,1.0,0.001098308109322805,2135721594,9,seed43_sivi_x_shaped,0.061009472236037254,43,x_shaped
2000,SIVI,0.2,0.000546899860461773,407433316,0,seed44_sivi_x_shaped,0.06347766518592834,44,x_shaped
2000,SIVI,0.2,0.0007031711517572555,1851226171,1,seed44_sivi_x_shaped,0.06251688301563263,44,x_shaped
2000,SIVI,0.2,0.0004965171288453101,2140388971,2,seed44_sivi_x_shaped,0.062256332486867905,44,x_shaped
2000,SIVI,0.2,0.0005044037798697646,8119799,3,seed44_sivi_x_shaped,0.06116010062396526,44,x_shaped
2000,SIVI,0.2,0.0003956588935474974,1009641896,4,seed44_sivi_x_shaped,0.061288876459002495,44,x_shaped
2000,SIVI,0.2,0.00067504471616178,326372054,5,seed44_sivi_x_shaped,0.06131557933986187,44,x_shaped
2000,SIVI,0.2,0.0005540400659062466,479680487,6,seed44_sivi_x_shaped,0.061207789927721024,44,x_shaped
2000,SIVI,0.2,0.00049612998017353,1167391010,7,seed44_sivi_x_shaped,0.061441998928785324,44,x_shaped
2000,SIVI,0.2,0.0005159053249673106,1899051677,8,seed44_sivi_x_shaped,0.06116841174662113,44,x_shaped
2000,SIVI,0.2,0.0006629538723896344,1049199676,9,seed44_sivi_x_shaped,0.061534347012639046,44,x_shaped
4000,SIVI,0.4,0.002306923196524628,1676895792,0,seed44_sivi_x_shaped,0.06211235746741295,44,x_shaped
4000,SIVI,0.4,0.0008214702877534232,1448019455,1,seed44_sivi_x_shaped,0.06252774596214294,44,x_shaped
4000,SIVI,0.4,0.000658541652022241,490524124,2,seed44_sivi_x_shaped,0.06149899773299694,44,x_shaped
4000,SIVI,0.4,0.0008652190381245345,1156875711,3,seed44_sivi_x_shaped,0.06123462878167629,44,x_shaped
4000,SIVI,0.4,0.0009387287385886178,1254013635,4,seed44_sivi_x_shaped,0.06120803579688072,44,x_shaped
4000,SIVI,0.4,0.0004116788013388964,331190915,5,seed44_sivi_x_shaped,0.06167926639318466,44,x_shaped
4000,SIVI,0.4,0.0013903231019398777,1272098278,6,seed44_sivi_x_shaped,0.06246310658752918,44,x_shaped
4000,SIVI,0.4,0.0007328553304647878,1337477178,7,seed44_sivi_x_shaped,0.06237542815506458,44,x_shaped
4000,SIVI,0.4,0.0007809365216278558,159259697,8,seed44_sivi_x_shaped,0.06398799642920494,44,x_shaped
4000,SIVI,0.4,0.0005738390432236393,2090450486,9,seed44_sivi_x_shaped,0.06324713118374348,44,x_shaped
6000,SIVI,0.6,0.0004734762457650799,445941480,0,seed44_sivi_x_shaped,0.062086667865514755,44,x_shaped
6000,SIVI,0.6,0.0005751624357357785,426623775,1,seed44_sivi_x_shaped,0.062193362042307854,44,x_shaped
6000,SIVI,0.6,0.0005268842162850623,614531537,2,seed44_sivi_x_shaped,0.061061983928084373,44,x_shaped
6000,SIVI,0.6,0.0005018542410946897,290760937,3,seed44_sivi_x_shaped,0.06080683134496212,44,x_shaped
6000,SIVI,0.6,0.0006498460565568609,1946956966,4,seed44_sivi_x_shaped,0.0609207171946764,44,x_shaped
6000,SIVI,0.6,0.0004163677212238125,884157026,5,seed44_sivi_x_shaped,0.06095395050942898,44,x_shaped
6000,SIVI,0.6,0.00045573119066068935,1498383740,6,seed44_sivi_x_shaped,0.061055321246385574,44,x_shaped
6000,SIVI,0.6,0.0005848333900233954,292557425,7,seed44_sivi_x_shaped,0.06096031330525875,44,x_shaped
6000,SIVI,0.6,0.00039458919762800325,1062512612,8,seed44_sivi_x_shaped,0.06092977523803711,44,x_shaped
6000,SIVI,0.6,0.0006595154816937533,1159993163,9,seed44_sivi_x_shaped,0.0615923423320055,44,x_shaped
8000,SIVI,0.8,0.00045544439254933966,1450525821,0,seed44_sivi_x_shaped,0.06172652170062065,44,x_shaped
8000,SIVI,0.8,0.0005532394985634735,1584847721,1,seed44_sivi_x_shaped,0.06196471303701401,44,x_shaped
8000,SIVI,0.8,0.000685747490733157,161683964,2,seed44_sivi_x_shaped,0.06104407645761967,44,x_shaped
8000,SIVI,0.8,0.0004995555765946471,1863810319,3,seed44_sivi_x_shaped,0.06090003065764904,44,x_shaped
8000,SIVI,0.8,0.0005905950022241987,2014843984,4,seed44_sivi_x_shaped,0.06087530963122845,44,x_shaped
8000,SIVI,0.8,0.0006019522323807958,1770697721,5,seed44_sivi_x_shaped,0.06154461205005646,44,x_shaped
8000,SIVI,0.8,0.00048701723170761784,1783408419,6,seed44_sivi_x_shaped,0.06204570643603802,44,x_shaped
8000,SIVI,0.8,0.0007906428813329138,356010937,7,seed44_sivi_x_shaped,0.06160303205251694,44,x_shaped
8000,SIVI,0.8,0.0005082992439734737,1942867042,8,seed44_sivi_x_shaped,0.06089271232485771,44,x_shaped
8000,SIVI,0.8,0.0005218062944627041,687430853,9,seed44_sivi_x_shaped,0.06293935142457485,44,x_shaped
10000,SIVI,1.0,0.0004929828512142767,1632581633,0,seed44_sivi_x_shaped,0.06249292381107807,44,x_shaped
10000,SIVI,1.0,0.0006447058539851887,1392273167,1,seed44_sivi_x_shaped,0.0657842792570591,44,x_shaped
10000,SIVI,1.0,0.0009800296496054383,1600457906,2,seed44_sivi_x_shaped,0.061435408890247345,44,x_shaped
10000,SIVI,1.0,0.002187979757466616,2033020619,3,seed44_sivi_x_shaped,0.061410700902342796,44,x_shaped
10000,SIVI,1.0,0.0007934955490266192,1663329290,4,seed44_sivi_x_shaped,0.06230934523046017,44,x_shaped
10000,SIVI,1.0,0.0011630340816552738,576186157,5,seed44_sivi_x_shaped,0.06093243323266506,44,x_shaped
10000,SIVI,1.0,0.0005300500939622423,1609270124,6,seed44_sivi_x_shaped,0.06125538423657417,44,x_shaped
10000,SIVI,1.0,0.0006436514742750672,1084024408,7,seed44_sivi_x_shaped,0.06088665872812271,44,x_shaped
10000,SIVI,1.0,0.0007599050444718888,967375668,8,seed44_sivi_x_shaped,0.060908326879143715,44,x_shaped
10000,SIVI,1.0,0.0019329180399972911,524615952,9,seed44_sivi_x_shaped,0.061589160934090614,44,x_shaped
2000,SIVI,0.2,0.00046812378962684165,332165667,0,seed45_sivi_x_shaped,0.062280718237161636,45,x_shaped
2000,SIVI,0.2,0.0005491399922353799,1877371446,1,seed45_sivi_x_shaped,0.061845213174819946,45,x_shaped
2000,SIVI,0.2,0.0005227105401197727,1037075836,2,seed45_sivi_x_shaped,0.060969045385718346,45,x_shaped
2000,SIVI,0.2,0.0005400713323946756,528590751,3,seed45_sivi_x_shaped,0.0609766710549593,45,x_shaped
2000,SIVI,0.2,0.0008103799247740445,745879459,4,seed45_sivi_x_shaped,0.0610630139708519,45,x_shaped
2000,SIVI,0.2,0.0005404985588206668,1067286925,5,seed45_sivi_x_shaped,0.06327462010085583,45,x_shaped
2000,SIVI,0.2,0.0007894125206996459,264924560,6,seed45_sivi_x_shaped,0.062070028856396675,45,x_shaped
2000,SIVI,0.2,0.0005538290176597227,1733153019,7,seed45_sivi_x_shaped,0.06075420044362545,45,x_shaped
2000,SIVI,0.2,0.0007475803582035868,1052297222,8,seed45_sivi_x_shaped,0.062096063047647476,45,x_shaped
2000,SIVI,0.2,0.0009861707093139218,1992279255,9,seed45_sivi_x_shaped,0.06247247941792011,45,x_shaped
4000,SIVI,0.4,0.0008777118327460037,379255071,0,seed45_sivi_x_shaped,0.06181085668504238,45,x_shaped
4000,SIVI,0.4,0.00042568241105017245,1864170151,1,seed45_sivi_x_shaped,0.06196602061390877,45,x_shaped
4000,SIVI,0.4,0.0004344865365188741,1269001627,2,seed45_sivi_x_shaped,0.06078585609793663,45,x_shaped
4000,SIVI,0.4,0.0008165625829817063,1027641891,3,seed45_sivi_x_shaped,0.060824232175946236,45,x_shaped
4000,SIVI,0.4,0.0006667020634240924,2062594001,4,seed45_sivi_x_shaped,0.06065908446907997,45,x_shaped
4000,SIVI,0.4,0.0007598683409740888,881234054,5,seed45_sivi_x_shaped,0.06101599894464016,45,x_shaped
4000,SIVI,0.4,0.0005974021171507902,1956225855,6,seed45_sivi_x_shaped,0.06189184635877609,45,x_shaped
4000,SIVI,0.4,0.0005518031240960293,1644847426,7,seed45_sivi_x_shaped,0.06072469800710678,45,x_shaped
4000,SIVI,0.4,0.0006960809570935046,1220742583,8,seed45_sivi_x_shaped,0.06146679446101189,45,x_shaped
4000,SIVI,0.4,0.0005440323138262663,2046769866,9,seed45_sivi_x_shaped,0.06353732384741306,45,x_shaped
6000,SIVI,0.6,0.0006534912282495318,1260773125,0,seed45_sivi_x_shaped,0.06137149594724178,45,x_shaped
6000,SIVI,0.6,0.00038225201628772456,456397406,1,seed45_sivi_x_shaped,0.06074846722185612,45,x_shaped
6000,SIVI,0.6,0.0006198103521097313,751525474,2,seed45_sivi_x_shaped,0.060854917392134666,45,x_shaped
6000,SIVI,0.6,0.0005678883956352759,261147501,3,seed45_sivi_x_shaped,0.062138378620147705,45,x_shaped
6000,SIVI,0.6,0.0009445942329849229,256206871,4,seed45_sivi_x_shaped,0.06164844147861004,45,x_shaped
6000,SIVI,0.6,0.0006102324605418755,94402715,5,seed45_sivi_x_shaped,0.06204553693532944,45,x_shaped
6000,SIVI,0.6,0.0005864549463953947,895156212,6,seed45_sivi_x_shaped,0.0628097914159298,45,x_shaped
6000,SIVI,0.6,0.0006858671508688095,1103737268,7,seed45_sivi_x_shaped,0.060808660462498665,45,x_shaped
6000,SIVI,0.6,0.0006290778625004266,1162204569,8,seed45_sivi_x_shaped,0.06297918781638145,45,x_shaped
6000,SIVI,0.6,0.0007318295332322381,81267111,9,seed45_sivi_x_shaped,0.06195455230772495,45,x_shaped
8000,SIVI,0.8,0.0014965263896599967,423466980,0,seed45_sivi_x_shaped,0.06189143285155296,45,x_shaped
8000,SIVI,0.8,0.0016949736432193836,894136665,1,seed45_sivi_x_shaped,0.06242784298956394,45,x_shaped
8000,SIVI,0.8,0.0010462281796279071,1457432691,2,seed45_sivi_x_shaped,0.06083407811820507,45,x_shaped
8000,SIVI,0.8,0.004771705161518318,1296307196,3,seed45_sivi_x_shaped,0.060823215171694756,45,x_shaped
8000,SIVI,0.8,0.000618568600590768,544391025,4,seed45_sivi_x_shaped,0.06223931536078453,45,x_shaped
8000,SIVI,0.8,0.0010551211219498595,1930776195,5,seed45_sivi_x_shaped,0.06098106503486633,45,x_shaped
8000,SIVI,0.8,0.0009112369704230151,1352920925,6,seed45_sivi_x_shaped,0.060852544382214546,45,x_shaped
8000,SIVI,0.8,0.0009834796201298659,1175332049,7,seed45_sivi_x_shaped,0.060907039791345596,45,x_shaped
8000,SIVI,0.8,0.0011376727264857112,380692877,8,seed45_sivi_x_shaped,0.06368582881987095,45,x_shaped
8000,SIVI,0.8,0.0009331254551874968,2041963592,9,seed45_sivi_x_shaped,0.06197700835764408,45,x_shaped
10000,SIVI,1.0,0.0006387301839002422,175549101,0,seed45_sivi_x_shaped,0.06110340729355812,45,x_shaped
10000,SIVI,1.0,0.0006156471595474105,212416939,1,seed45_sivi_x_shaped,0.06163550913333893,45,x_shaped
10000,SIVI,1.0,0.0005078788716733451,2060775594,2,seed45_sivi_x_shaped,0.06090566702187061,45,x_shaped
10000,SIVI,1.0,0.0006404614138763838,2054518128,3,seed45_sivi_x_shaped,0.06109612062573433,45,x_shaped
10000,SIVI,1.0,0.0008517695133119731,1042497340,4,seed45_sivi_x_shaped,0.0639801174402237,45,x_shaped
10000,SIVI,1.0,0.0005366063851319213,1132422509,5,seed45_sivi_x_shaped,0.061940884217619896,45,x_shaped
10000,SIVI,1.0,0.0005672455312495024,1330190262,6,seed45_sivi_x_shaped,0.06081586889922619,45,x_shaped
10000,SIVI,1.0,0.0005471846038507507,523820668,7,seed45_sivi_x_shaped,0.060845304280519485,45,x_shaped
10000,SIVI,1.0,0.000725553674468662,655138032,8,seed45_sivi_x_shaped,0.06616469100117683,45,x_shaped
10000,SIVI,1.0,0.0006510863035514594,1682013034,9,seed45_sivi_x_shaped,0.06212255731225014,45,x_shaped
2000,SIVI,0.2,0.00034474126610525233,822289451,0,seed46_sivi_x_shaped,0.06144055165350437,46,x_shaped
2000,SIVI,0.2,0.00144801592412362,781169832,1,seed46_sivi_x_shaped,0.06121901609003544,46,x_shaped
2000,SIVI,0.2,0.0002809184951134936,1034246498,2,seed46_sivi_x_shaped,0.06133409962058067,46,x_shaped
2000,SIVI,0.2,0.0005927692981094583,1694240995,3,seed46_sivi_x_shaped,0.06122077628970146,46,x_shaped
2000,SIVI,0.2,0.00034529269290835274,536589656,4,seed46_sivi_x_shaped,0.061443254351615906,46,x_shaped
2000,SIVI,0.2,0.000525201423327247,1244910878,5,seed46_sivi_x_shaped,0.06132255308330059,46,x_shaped
2000,SIVI,0.2,0.0006150663493085448,386535572,6,seed46_sivi_x_shaped,0.061521148309111595,46,x_shaped
2000,SIVI,0.2,0.0003593292429388456,1161353335,7,seed46_sivi_x_shaped,0.0623531099408865,46,x_shaped
2000,SIVI,0.2,0.00042196928616932924,805412673,8,seed46_sivi_x_shaped,0.062331145629286766,46,x_shaped
2000,SIVI,0.2,0.00043022525287365583,252703799,9,seed46_sivi_x_shaped,0.062415583059191704,46,x_shaped
4000,SIVI,0.4,0.0005939160550693648,698548090,0,seed46_sivi_x_shaped,0.06133993901312351,46,x_shaped
4000,SIVI,0.4,0.000493498725366348,426222257,1,seed46_sivi_x_shaped,0.06129319965839386,46,x_shaped
4000,SIVI,0.4,0.0005450158522485543,1874026035,2,seed46_sivi_x_shaped,0.06249369494616985,46,x_shaped
4000,SIVI,0.4,0.0010188718451861825,301006291,3,seed46_sivi_x_shaped,0.06255550496280193,46,x_shaped
4000,SIVI,0.4,0.0016684741896980987,896574618,4,seed46_sivi_x_shaped,0.06246809475123882,46,x_shaped
4000,SIVI,0.4,0.00041814094477132964,298484678,5,seed46_sivi_x_shaped,0.06136188842356205,46,x_shaped
4000,SIVI,0.4,0.0006040817599671021,1942625616,6,seed46_sivi_x_shaped,0.06254421547055244,46,x_shaped
4000,SIVI,0.4,0.0017153177145920377,170811734,7,seed46_sivi_x_shaped,0.06225438602268696,46,x_shaped
4000,SIVI,0.4,0.0008390925573848485,1139082971,8,seed46_sivi_x_shaped,0.062392888590693474,46,x_shaped
4000,SIVI,0.4,0.0012577024784359901,899476191,9,seed46_sivi_x_shaped,0.061814986169338226,46,x_shaped
6000,SIVI,0.6,0.0008341133023812502,551042970,0,seed46_sivi_x_shaped,0.06115339137613773,46,x_shaped
6000,SIVI,0.6,0.0006341792553530766,1873167245,1,seed46_sivi_x_shaped,0.0652383454144001,46,x_shaped
6000,SIVI,0.6,0.0006608587060626708,1278741388,2,seed46_sivi_x_shaped,0.061455732211470604,46,x_shaped
6000,SIVI,0.6,0.00038364823128131175,542299280,3,seed46_sivi_x_shaped,0.06149712949991226,46,x_shaped
6000,SIVI,0.6,0.0006209776765922325,1987762030,4,seed46_sivi_x_shaped,0.061737000942230225,46,x_shaped
6000,SIVI,0.6,0.0007726350510691821,1455615241,5,seed46_sivi_x_shaped,0.06137698329985142,46,x_shaped
6000,SIVI,0.6,0.0006501137070521937,2000101690,6,seed46_sivi_x_shaped,0.06262338161468506,46,x_shaped
6000,SIVI,0.6,0.0006664859671723514,939978054,7,seed46_sivi_x_shaped,0.06257229298353195,46,x_shaped
6000,SIVI,0.6,0.0007035150470419737,589702701,8,seed46_sivi_x_shaped,0.062451135367155075,46,x_shaped
6000,SIVI,0.6,0.0004999275348894407,1542540288,9,seed46_sivi_x_shaped,0.06131437607109547,46,x_shaped
8000,SIVI,0.8,0.0003807161053415312,504196707,0,seed46_sivi_x_shaped,0.0625698696821928,46,x_shaped
8000,SIVI,0.8,0.0004506195207913818,347923075,1,seed46_sivi_x_shaped,0.06146560050547123,46,x_shaped
8000,SIVI,0.8,0.0004521885772916568,1374368420,2,seed46_sivi_x_shaped,0.06185503304004669,46,x_shaped
8000,SIVI,0.8,0.0003066599860334906,152944928,3,seed46_sivi_x_shaped,0.06262494809925556,46,x_shaped
8000,SIVI,0.8,0.0004210276534640585,292804196,4,seed46_sivi_x_shaped,0.06429104693233967,46,x_shaped
8000,SIVI,0.8,0.00039154203005031845,1691110573,5,seed46_sivi_x_shaped,0.061535414308309555,46,x_shaped
8000,SIVI,0.8,0.0007797309520778141,1525189149,6,seed46_sivi_x_shaped,0.061536503955721855,46,x_shaped
8000,SIVI,0.8,0.00026751875093182975,184177234,7,seed46_sivi_x_shaped,0.06455162353813648,46,x_shaped
8000,SIVI,0.8,0.00036268406681798685,1117169932,8,seed46_sivi_x_shaped,0.06276428699493408,46,x_shaped
8000,SIVI,0.8,0.0004044107886951738,1870263723,9,seed46_sivi_x_shaped,0.06391467340290546,46,x_shaped
10000,SIVI,1.0,0.0003926588983195694,1891884548,0,seed46_sivi_x_shaped,0.06153201684355736,46,x_shaped
10000,SIVI,1.0,0.000608321892679856,1774915306,1,seed46_sivi_x_shaped,0.061429375782608986,46,x_shaped
10000,SIVI,1.0,0.0004796905334114981,1637941876,2,seed46_sivi_x_shaped,0.06409713625907898,46,x_shaped
10000,SIVI,1.0,0.0004809238144273506,2002287756,3,seed46_sivi_x_shaped,0.06172128766775131,46,x_shaped
10000,SIVI,1.0,0.0003387669890312394,785672899,4,seed46_sivi_x_shaped,0.06147794798016548,46,x_shaped
10000,SIVI,1.0,0.00040701267473120884,708936114,5,seed46_sivi_x_shaped,0.061399396508932114,46,x_shaped
10000,SIVI,1.0,0.0003990892794969678,260141756,6,seed46_sivi_x_shaped,0.06383865140378475,46,x_shaped
10000,SIVI,1.0,0.0006273217663000022,1276938892,7,seed46_sivi_x_shaped,0.06255239993333817,46,x_shaped
10000,SIVI,1.0,0.0004222942119320714,1488322184,8,seed46_sivi_x_shaped,0.06199186109006405,46,x_shaped
10000,SIVI,1.0,0.00045972183225483505,1930482261,9,seed46_sivi_x_shaped,0.06149918772280216,46,x_shaped
2000,UIVI,0.2,0.00068989110712433,1717489633,0,seed42_uivi_x_shaped,0.06278851628303528,42,x_shaped
2000,UIVI,0.2,0.0007356451740607737,1487662036,1,seed42_uivi_x_shaped,0.06252153031527996,42,x_shaped
2000,UIVI,0.2,0.0007091479561724219,556128299,2,seed42_uivi_x_shaped,0.06198095344007015,42,x_shaped
2000,UIVI,0.2,0.0006255895355619535,852948390,3,seed42_uivi_x_shaped,0.06283020041882992,42,x_shaped
2000,UIVI,0.2,0.0006650417753665873,2070927300,4,seed42_uivi_x_shaped,0.062499113380908966,42,x_shaped
2000,UIVI,0.2,0.0007577176870156918,1867560921,5,seed42_uivi_x_shaped,0.0642293356359005,42,x_shaped
2000,UIVI,0.2,0.0006037000361975062,1909939365,6,seed42_uivi_x_shaped,0.06144531071186066,42,x_shaped
2000,UIVI,0.2,0.0005591024714036478,1959685990,7,seed42_uivi_x_shaped,0.0613915603607893,42,x_shaped
2000,UIVI,0.2,0.000696470458040731,405153366,8,seed42_uivi_x_shaped,0.061342932283878326,42,x_shaped
2000,UIVI,0.2,0.0006688767297674141,1823217920,9,seed42_uivi_x_shaped,0.0625752080231905,42,x_shaped
4000,UIVI,0.4,0.0009143422399743047,1464099134,0,seed42_uivi_x_shaped,0.08616848103702068,42,x_shaped
4000,UIVI,0.4,0.0016998622787023478,411603815,1,seed42_uivi_x_shaped,0.062267594039440155,42,x_shaped
4000,UIVI,0.4,0.0012082323260642989,1431508799,2,seed42_uivi_x_shaped,0.062039174139499664,42,x_shaped
4000,UIVI,0.4,0.0013679867521266618,121276210,3,seed42_uivi_x_shaped,0.06285321712493896,42,x_shaped
4000,UIVI,0.4,0.0007279276076256975,39862161,4,seed42_uivi_x_shaped,0.06110631115734577,42,x_shaped
4000,UIVI,0.4,0.001385826258693586,1221505546,5,seed42_uivi_x_shaped,0.061165301129221916,42,x_shaped
4000,UIVI,0.4,0.0011481171735761794,269367469,6,seed42_uivi_x_shaped,0.06199810281395912,42,x_shaped
4000,UIVI,0.4,0.0009425754293858489,201994357,7,seed42_uivi_x_shaped,0.06311957538127899,42,x_shaped
4000,UIVI,0.4,0.0008472550283391096,796185316,8,seed42_uivi_x_shaped,0.06198716163635254,42,x_shaped
4000,UIVI,0.4,0.0010503187858755367,639906148,9,seed42_uivi_x_shaped,0.06120310164988041,42,x_shaped
6000,UIVI,0.6,0.0020659670297878234,1413550528,0,seed42_uivi_x_shaped,0.0619660597294569,42,x_shaped
6000,UIVI,0.6,0.0015870311961867834,1951703246,1,seed42_uivi_x_shaped,0.06127427518367767,42,x_shaped
6000,UIVI,0.6,0.001315289404723841,1465442263,2,seed42_uivi_x_shaped,0.06114388257265091,42,x_shaped
6000,UIVI,0.6,0.0008767271200492489,294552548,3,seed42_uivi_x_shaped,0.06120043061673641,42,x_shaped
6000,UIVI,0.6,0.0008185221596501537,911386811,4,seed42_uivi_x_shaped,0.06117888167500496,42,x_shaped
6000,UIVI,0.6,0.0007576997823854682,1134352324,5,seed42_uivi_x_shaped,0.06129884533584118,42,x_shaped
6000,UIVI,0.6,0.0005279874135516703,1649427039,6,seed42_uivi_x_shaped,0.06113683618605137,42,x_shaped
6000,UIVI,0.6,0.0009215042018344392,125511726,7,seed42_uivi_x_shaped,0.06165873818099499,42,x_shaped
6000,UIVI,0.6,0.0008268722982145747,1101847749,8,seed42_uivi_x_shaped,0.062276244163513184,42,x_shaped
6000,UIVI,0.6,0.0007016978107927101,1094274284,9,seed42_uivi_x_shaped,0.06253931485116482,42,x_shaped
8000,UIVI,0.8,0.0026165340449868612,2116745804,0,seed42_uivi_x_shaped,0.08509095385670662,42,x_shaped
8000,UIVI,0.8,0.06939395016343847,1371307555,1,seed42_uivi_x_shaped,0.06222585588693619,42,x_shaped
8000,UIVI,0.8,0.010847274007074656,2062131133,2,seed42_uivi_x_shaped,0.06192119978368282,42,x_shaped
8000,UIVI,0.8,0.060545413277408804,963063468,3,seed42_uivi_x_shaped,0.061106763780117035,42,x_shaped
8000,UIVI,0.8,0.06552191207641878,1561430781,4,seed42_uivi_x_shaped,0.06067338027060032,42,x_shaped
8000,UIVI,0.8,0.1588582828229878,390229543,5,seed42_uivi_x_shaped,0.06254528276622295,42,x_shaped
8000,UIVI,0.8,0.004061768083603583,903838841,6,seed42_uivi_x_shaped,0.062197694554924965,42,x_shaped
8000,UIVI,0.8,0.011700340042425858,1553633131,7,seed42_uivi_x_shaped,0.06169583648443222,42,x_shaped
8000,UIVI,0.8,0.002185690672659007,318954126,8,seed42_uivi_x_shaped,0.061222029849886894,42,x_shaped
8000,UIVI,0.8,0.10938376047644505,1769956269,9,seed42_uivi_x_shaped,0.06121879816055298,42,x_shaped
10000,UIVI,1.0,0.0010105385448040127,798791081,0,seed42_uivi_x_shaped,0.06880692392587662,42,x_shaped
10000,UIVI,1.0,0.0009138613860216207,1208817660,1,seed42_uivi_x_shaped,0.06020485796034336,42,x_shaped
10000,UIVI,1.0,0.0009204621539334712,585065889,2,seed42_uivi_x_shaped,0.06070602498948574,42,x_shaped
10000,UIVI,1.0,0.0008466283452480347,1870364375,3,seed42_uivi_x_shaped,0.0622106958180666,42,x_shaped
10000,UIVI,1.0,0.0005757458377294929,1569298167,4,seed42_uivi_x_shaped,0.0601829644292593,42,x_shaped
10000,UIVI,1.0,0.0007906822151383178,1771135328,5,seed42_uivi_x_shaped,0.059684062376618385,42,x_shaped
10000,UIVI,1.0,0.0013128360439589159,879057734,6,seed42_uivi_x_shaped,0.059653514996171,42,x_shaped
10000,UIVI,1.0,0.001549515836788746,461267838,7,seed42_uivi_x_shaped,0.06167863681912422,42,x_shaped
10000,UIVI,1.0,0.0006621031147576586,1716166962,8,seed42_uivi_x_shaped,0.06072849594056606,42,x_shaped
10000,UIVI,1.0,0.001310185902468757,411315658,9,seed42_uivi_x_shaped,0.06246665492653847,42,x_shaped
2000,UIVI,0.2,0.0040283800118097075,1015444677,0,seed43_uivi_x_shaped,0.09130562096834183,43,x_shaped
2000,UIVI,0.2,0.0010064935561439974,1410149510,1,seed43_uivi_x_shaped,0.06001175567507744,43,x_shaped
2000,UIVI,0.2,0.0010113450371305851,418300334,2,seed43_uivi_x_shaped,0.06214527413249016,43,x_shaped
2000,UIVI,0.2,0.0035122341897743346,537639174,3,seed43_uivi_x_shaped,0.05991699360311031,43,x_shaped
2000,UIVI,0.2,0.00048456304874858544,370365764,4,seed43_uivi_x_shaped,0.05991676636040211,43,x_shaped
2000,UIVI,0.2,0.0011464576247050772,226429001,5,seed43_uivi_x_shaped,0.0601426362991333,43,x_shaped
2000,UIVI,0.2,0.0016763504671588366,368349969,6,seed43_uivi_x_shaped,0.06078360415995121,43,x_shaped
2000,UIVI,0.2,0.0006810260474692644,888448088,7,seed43_uivi_x_shaped,0.05954286828637123,43,x_shaped
2000,UIVI,0.2,0.0012671070103358667,598383097,8,seed43_uivi_x_shaped,0.06026059575378895,43,x_shaped
2000,UIVI,0.2,0.0009254709639717428,396201112,9,seed43_uivi_x_shaped,0.062087543308734894,43,x_shaped
4000,UIVI,0.4,0.0003453976891697306,1228931806,0,seed43_uivi_x_shaped,0.07219127751886845,43,x_shaped
4000,UIVI,0.4,0.0005198119837376795,844545045,1,seed43_uivi_x_shaped,0.06103876978158951,43,x_shaped
4000,UIVI,0.4,0.0004916227618183896,465512895,2,seed43_uivi_x_shaped,0.06091098673641682,43,x_shaped
4000,UIVI,0.4,0.00039714185777772423,1042912106,3,seed43_uivi_x_shaped,0.06076899170875549,43,x_shaped
4000,UIVI,0.4,0.0005139491652972313,1607474784,4,seed43_uivi_x_shaped,0.06013285927474499,43,x_shaped
4000,UIVI,0.4,0.0006130771343959987,993982433,5,seed43_uivi_x_shaped,0.06148434430360794,43,x_shaped
4000,UIVI,0.4,0.0004735194127558197,354383595,6,seed43_uivi_x_shaped,0.060274723917245865,43,x_shaped
4000,UIVI,0.4,0.0006344745597322028,434340564,7,seed43_uivi_x_shaped,0.061011847108602524,43,x_shaped
4000,UIVI,0.4,0.0004115722809644462,1296835267,8,seed43_uivi_x_shaped,0.061494456604123116,43,x_shaped
4000,UIVI,0.4,0.00047655199329241183,1184334895,9,seed43_uivi_x_shaped,0.05989282950758934,43,x_shaped
6000,UIVI,0.6,0.000919090120989954,634930865,0,seed43_uivi_x_shaped,0.09130377881228924,43,x_shaped
6000,UIVI,0.6,0.0007931268389738231,899371813,1,seed43_uivi_x_shaped,0.08588024601340294,43,x_shaped
6000,UIVI,0.6,0.0005587774150483707,146692837,2,seed43_uivi_x_shaped,0.06144576705992222,43,x_shaped
6000,UIVI,0.6,0.000711037978098951,176784902,3,seed43_uivi_x_shaped,0.06131347641348839,43,x_shaped
6000,UIVI,0.6,0.000687375335951731,1017240570,4,seed43_uivi_x_shaped,0.061223557218909264,43,x_shaped
6000,UIVI,0.6,0.0010315407141250144,679432488,5,seed43_uivi_x_shaped,0.06018528342247009,43,x_shaped
6000,UIVI,0.6,0.0007280795583804213,560252068,6,seed43_uivi_x_shaped,0.06945399194955826,43,x_shaped
6000,UIVI,0.6,0.0006251972946765881,1734498443,7,seed43_uivi_x_shaped,0.06030760891735554,43,x_shaped
6000,UIVI,0.6,0.0009765863610959418,1219958590,8,seed43_uivi_x_shaped,0.06066077947616577,43,x_shaped
6000,UIVI,0.6,0.0011893024462445092,684131631,9,seed43_uivi_x_shaped,0.06313976645469666,43,x_shaped
8000,UIVI,0.8,0.000944599541065488,1042628659,0,seed43_uivi_x_shaped,0.08449946716427803,43,x_shaped
8000,UIVI,0.8,0.0011815865401862446,1654572600,1,seed43_uivi_x_shaped,0.06170986779034138,43,x_shaped
8000,UIVI,0.8,0.0010904200338450435,1527076148,2,seed43_uivi_x_shaped,0.06117262504994869,43,x_shaped
8000,UIVI,0.8,0.0011513907290238515,1413489453,3,seed43_uivi_x_shaped,0.06122365966439247,43,x_shaped
8000,UIVI,0.8,0.0008471741233318555,401251351,4,seed43_uivi_x_shaped,0.06143134832382202,43,x_shaped
8000,UIVI,0.8,0.0008242403225442885,1912660533,5,seed43_uivi_x_shaped,0.06006421893835068,43,x_shaped
8000,UIVI,0.8,0.0007552811782189667,94569443,6,seed43_uivi_x_shaped,0.0601229052990675,43,x_shaped
8000,UIVI,0.8,0.0009849511581128596,1291312222,7,seed43_uivi_x_shaped,0.06036162003874779,43,x_shaped
8000,UIVI,0.8,0.0010844741896957918,2049647645,8,seed43_uivi_x_shaped,0.06102667562663555,43,x_shaped
8000,UIVI,0.8,0.0010181650155978148,1302878210,9,seed43_uivi_x_shaped,0.060532260686159134,43,x_shaped
10000,UIVI,1.0,0.0005132422839255069,1618572995,0,seed43_uivi_x_shaped,0.09558676369488239,43,x_shaped
10000,UIVI,1.0,0.0006943294150285966,402098424,1,seed43_uivi_x_shaped,0.09101989679038525,43,x_shaped
10000,UIVI,1.0,0.0006273062813788129,33137330,2,seed43_uivi_x_shaped,0.06269564852118492,43,x_shaped
10000,UIVI,1.0,0.0006861959887378888,571450914,3,seed43_uivi_x_shaped,0.06141327880322933,43,x_shaped
10000,UIVI,1.0,0.0006915166178493306,1988685126,4,seed43_uivi_x_shaped,0.061163000762462616,43,x_shaped
10000,UIVI,1.0,0.0004934324887507551,116556201,5,seed43_uivi_x_shaped,0.06034284085035324,43,x_shaped
10000,UIVI,1.0,0.0006458841161877291,1896519811,6,seed43_uivi_x_shaped,0.060450125485658646,43,x_shaped
10000,UIVI,1.0,0.0005767897909157941,1967085464,7,seed43_uivi_x_shaped,0.06149850785732269,43,x_shaped
10000,UIVI,1.0,0.0005635910808799345,1941225684,8,seed43_uivi_x_shaped,0.06136750429868698,43,x_shaped
10000,UIVI,1.0,0.0007271325310960233,484973737,9,seed43_uivi_x_shaped,0.06033104285597801,43,x_shaped
2000,UIVI,0.2,0.0003384919172876765,1586057566,0,seed44_uivi_x_shaped,0.060805127024650574,44,x_shaped
2000,UIVI,0.2,0.00035043203300929573,1459997132,1,seed44_uivi_x_shaped,0.06003222428262234,44,x_shaped
2000,UIVI,0.2,0.00039066490081969514,2078229294,2,seed44_uivi_x_shaped,0.06193351931869984,44,x_shaped
2000,UIVI,0.2,0.00027610411379505373,858711958,3,seed44_uivi_x_shaped,0.060692835599184036,44,x_shaped
2000,UIVI,0.2,0.00032584280883929986,510673201,4,seed44_uivi_x_shaped,0.06165382266044617,44,x_shaped
2000,UIVI,0.2,0.0005403914408534983,1592856986,5,seed44_uivi_x_shaped,0.06077572889626026,44,x_shaped
2000,UIVI,0.2,0.00031999963010939463,1874927909,6,seed44_uivi_x_shaped,0.059930963441729546,44,x_shaped
2000,UIVI,0.2,0.0002833590982074487,30188126,7,seed44_uivi_x_shaped,0.06095706298947334,44,x_shaped
2000,UIVI,0.2,0.0002891119487198278,301366667,8,seed44_uivi_x_shaped,0.061552684754133224,44,x_shaped
2000,UIVI,0.2,0.000332123516000946,981832227,9,seed44_uivi_x_shaped,0.06131887808442116,44,x_shaped
4000,UIVI,0.4,0.00043440641680330284,2102082926,0,seed44_uivi_x_shaped,0.08230244554579258,44,x_shaped
4000,UIVI,0.4,0.00020973020277724534,747671777,1,seed44_uivi_x_shaped,0.07099013403058052,44,x_shaped
4000,UIVI,0.4,0.0002829133895431398,235701427,2,seed44_uivi_x_shaped,0.06446759961545467,44,x_shaped
4000,UIVI,0.4,0.00023241614043889456,542683566,3,seed44_uivi_x_shaped,0.06040562316775322,44,x_shaped
4000,UIVI,0.4,0.00030584182942857937,1040232454,4,seed44_uivi_x_shaped,0.060769159346818924,44,x_shaped
4000,UIVI,0.4,0.0003290898013052886,801124904,5,seed44_uivi_x_shaped,0.06060083955526352,44,x_shaped
4000,UIVI,0.4,0.00032927484378629784,1668851964,6,seed44_uivi_x_shaped,0.06048124469816685,44,x_shaped
4000,UIVI,0.4,0.00045289602599251635,320350401,7,seed44_uivi_x_shaped,0.0607621856033802,44,x_shaped
4000,UIVI,0.4,0.00026820816596806945,1207986322,8,seed44_uivi_x_shaped,0.06058930791914463,44,x_shaped
4000,UIVI,0.4,0.0004524881381687279,998163257,9,seed44_uivi_x_shaped,0.0605352520942688,44,x_shaped
6000,UIVI,0.6,0.0009103598641510857,445195698,0,seed44_uivi_x_shaped,0.08369801752269268,44,x_shaped
6000,UIVI,0.6,0.0017958547030495768,414004388,1,seed44_uivi_x_shaped,0.06016106717288494,44,x_shaped
6000,UIVI,0.6,0.0009960140246725996,1284136434,2,seed44_uivi_x_shaped,0.06238826736807823,44,x_shaped
6000,UIVI,0.6,0.0009727229503731674,1607488838,3,seed44_uivi_x_shaped,0.061407988891005516,44,x_shaped
6000,UIVI,0.6,0.0013888531259879833,549453719,4,seed44_uivi_x_shaped,0.06127641722559929,44,x_shaped
6000,UIVI,0.6,0.0008160796227385343,895780890,5,seed44_uivi_x_shaped,0.060919467359781265,44,x_shaped
6000,UIVI,0.6,0.0009802176935128637,1368578462,6,seed44_uivi_x_shaped,0.060236116871237755,44,x_shaped
6000,UIVI,0.6,0.0010050469155670218,296973339,7,seed44_uivi_x_shaped,0.062139714136719704,44,x_shaped
6000,UIVI,0.6,0.0012081079239757884,82749522,8,seed44_uivi_x_shaped,0.061534583568573,44,x_shaped
6000,UIVI,0.6,0.0013441478799754152,654388403,9,seed44_uivi_x_shaped,0.061228036880493164,44,x_shaped
8000,UIVI,0.8,0.002078105655547866,623313600,0,seed44_uivi_x_shaped,0.07916520908474922,44,x_shaped
8000,UIVI,0.8,0.0016440055563360723,1713385570,1,seed44_uivi_x_shaped,0.0601697638630867,44,x_shaped
8000,UIVI,0.8,0.0017227175910088594,2097777999,2,seed44_uivi_x_shaped,0.05982334725558758,44,x_shaped
8000,UIVI,0.8,0.001582999568346174,1645028103,3,seed44_uivi_x_shaped,0.06771382130682468,44,x_shaped
8000,UIVI,0.8,0.0018208005484465907,1474130967,4,seed44_uivi_x_shaped,0.0719426367431879,44,x_shaped
8000,UIVI,0.8,0.001132906600256365,1806633606,5,seed44_uivi_x_shaped,0.06122024357318878,44,x_shaped
8000,UIVI,0.8,0.0016515733227613879,1494274354,6,seed44_uivi_x_shaped,0.05985956825315952,44,x_shaped
8000,UIVI,0.8,0.0019561305605845253,236195683,7,seed44_uivi_x_shaped,0.060377150774002075,44,x_shaped
8000,UIVI,0.8,0.0012106866087280863,1070122149,8,seed44_uivi_x_shaped,0.07098646648228168,44,x_shaped
8000,UIVI,0.8,0.0023442764909538745,194919649,9,seed44_uivi_x_shaped,0.06797134689986706,44,x_shaped
10000,UIVI,1.0,0.0009300143683602445,1492921646,0,seed44_uivi_x_shaped,0.07840858027338982,44,x_shaped
10000,UIVI,1.0,0.002675359966054734,488880843,1,seed44_uivi_x_shaped,0.07810469157993793,44,x_shaped
10000,UIVI,1.0,0.0015294582233495737,1018378576,2,seed44_uivi_x_shaped,0.06103864870965481,44,x_shaped
10000,UIVI,1.0,0.0018343518273095316,1658221192,3,seed44_uivi_x_shaped,0.06010974198579788,44,x_shaped
10000,UIVI,1.0,0.001232046028298342,859581718,4,seed44_uivi_x_shaped,0.0595867745578289,44,x_shaped
10000,UIVI,1.0,0.0008492878346993465,630077261,5,seed44_uivi_x_shaped,0.06285223923623562,44,x_shaped
10000,UIVI,1.0,0.0012936513902327652,1464076579,6,seed44_uivi_x_shaped,0.0745204035192728,44,x_shaped
10000,UIVI,1.0,0.0010582700906537857,1642320672,7,seed44_uivi_x_shaped,0.06026248633861542,44,x_shaped
10000,UIVI,1.0,0.0026267588612253843,82060768,8,seed44_uivi_x_shaped,0.05946812219917774,44,x_shaped
10000,UIVI,1.0,0.0011796549401240665,1496181455,9,seed44_uivi_x_shaped,0.059648895636200905,44,x_shaped
2000,UIVI,0.2,0.0003397949531125397,2003930392,0,seed45_uivi_x_shaped,0.08116653934121132,45,x_shaped
2000,UIVI,0.2,0.000286547986161533,664961897,1,seed45_uivi_x_shaped,0.06039322912693024,45,x_shaped
2000,UIVI,0.2,0.0003758644388403473,686819102,2,seed45_uivi_x_shaped,0.0614123847335577,45,x_shaped
2000,UIVI,0.2,0.0003277084354132606,1182201125,3,seed45_uivi_x_shaped,0.060793595388531685,45,x_shaped
2000,UIVI,0.2,0.00038057075343357903,94568965,4,seed45_uivi_x_shaped,0.060871317982673645,45,x_shaped
2000,UIVI,0.2,0.0004834628495462086,1584111413,5,seed45_uivi_x_shaped,0.06168767251074314,45,x_shaped
2000,UIVI,0.2,0.00036887754505106904,487523674,6,seed45_uivi_x_shaped,0.06028105691075325,45,x_shaped
2000,UIVI,0.2,0.0003208096446235538,697541645,7,seed45_uivi_x_shaped,0.06083996035158634,45,x_shaped
2000,UIVI,0.2,0.0004912240298832179,1694430958,8,seed45_uivi_x_shaped,0.06093691848218441,45,x_shaped
2000,UIVI,0.2,0.0003154487382340623,736240983,9,seed45_uivi_x_shaped,0.06104837544262409,45,x_shaped
4000,UIVI,0.4,0.0004995875139530102,352589300,0,seed45_uivi_x_shaped,0.06014695204794407,45,x_shaped
4000,UIVI,0.4,0.0003982157693093126,16817843,1,seed45_uivi_x_shaped,0.06019163690507412,45,x_shaped
4000,UIVI,0.4,0.00043910566274625487,1735133885,2,seed45_uivi_x_shaped,0.05985692888498306,45,x_shaped
4000,UIVI,0.4,0.0005998413233217108,1630659500,3,seed45_uivi_x_shaped,0.060295594856143,45,x_shaped
4000,UIVI,0.4,0.0005900612684919199,1053465180,4,seed45_uivi_x_shaped,0.060472870245575905,45,x_shaped
4000,UIVI,0.4,0.000500208154583977,1811319302,5,seed45_uivi_x_shaped,0.06463739275932312,45,x_shaped
4000,UIVI,0.4,0.0007545961066637819,820803694,6,seed45_uivi_x_shaped,0.0640703123062849,45,x_shaped
4000,UIVI,0.4,0.0005311030649879048,846461863,7,seed45_uivi_x_shaped,0.06036965548992157,45,x_shaped
4000,UIVI,0.4,0.00045294886654215737,2057761755,8,seed45_uivi_x_shaped,0.059908611699938774,45,x_shaped
4000,UIVI,0.4,0.000427230002928952,552024003,9,seed45_uivi_x_shaped,0.061279743909835815,45,x_shaped
6000,UIVI,0.6,0.0007499268241989026,323444562,0,seed45_uivi_x_shaped,0.08376150764524937,45,x_shaped
6000,UIVI,0.6,0.0006863884232996059,11945066,1,seed45_uivi_x_shaped,0.06027975305914879,45,x_shaped
6000,UIVI,0.6,0.0005831460766359888,1774238892,2,seed45_uivi_x_shaped,0.06112175062298775,45,x_shaped
6000,UIVI,0.6,0.0006891735333147533,2005846153,3,seed45_uivi_x_shaped,0.060947027057409286,45,x_shaped
6000,UIVI,0.6,0.0007589213549952302,87070723,4,seed45_uivi_x_shaped,0.061176007613539696,45,x_shaped
6000,UIVI,0.6,0.0006116669939783897,960236806,5,seed45_uivi_x_shaped,0.05976013280451298,45,x_shaped
6000,UIVI,0.6,0.0005589683876426014,361854753,6,seed45_uivi_x_shaped,0.059958893805742264,45,x_shaped
6000,UIVI,0.6,0.0005811986046010032,958842242,7,seed45_uivi_x_shaped,0.06039274111390114,45,x_shaped
6000,UIVI,0.6,0.0004977329388910729,2037751764,8,seed45_uivi_x_shaped,0.0610849279910326,45,x_shaped
6000,UIVI,0.6,0.0008089559623692354,1476926423,9,seed45_uivi_x_shaped,0.05993662402033806,45,x_shaped
8000,UIVI,0.8,0.0006798965023088108,1087356975,0,seed45_uivi_x_shaped,0.06668887473642826,45,x_shaped
8000,UIVI,0.8,0.0008830475336619977,963639304,1,seed45_uivi_x_shaped,0.060394883155822754,45,x_shaped
8000,UIVI,0.8,0.0008084730541101579,1649749148,2,seed45_uivi_x_shaped,0.061536891385912895,45,x_shaped
8000,UIVI,0.8,0.0005974344555940165,727875517,3,seed45_uivi_x_shaped,0.05938054993748665,45,x_shaped
8000,UIVI,0.8,0.0004707797964615023,105192207,4,seed45_uivi_x_shaped,0.05942208878695965,45,x_shaped
8000,UIVI,0.8,0.001063527458561068,53952878,5,seed45_uivi_x_shaped,0.06041458062827587,45,x_shaped
8000,UIVI,0.8,0.0006993980577822126,1229048531,6,seed45_uivi_x_shaped,0.06223990023136139,45,x_shaped
8000,UIVI,0.8,0.0006738935701958615,1731563365,7,seed45_uivi_x_shaped,0.061471184715628624,45,x_shaped
8000,UIVI,0.8,0.0011016879327109337,2084185057,8,seed45_uivi_x_shaped,0.05993058532476425,45,x_shaped
8000,UIVI,0.8,0.0007773699503415503,1110840393,9,seed45_uivi_x_shaped,0.061235954985022545,45,x_shaped
10000,UIVI,1.0,0.0005590022934097861,429486347,0,seed45_uivi_x_shaped,0.06403067521750927,45,x_shaped
10000,UIVI,1.0,0.0006944765370601794,191678348,1,seed45_uivi_x_shaped,0.06119616888463497,45,x_shaped
10000,UIVI,1.0,0.0007484624323841279,1029337364,2,seed45_uivi_x_shaped,0.05947650037705898,45,x_shaped
10000,UIVI,1.0,0.000871469176699064,101691028,3,seed45_uivi_x_shaped,0.059475844725966454,45,x_shaped
10000,UIVI,1.0,0.0005357542017604302,1607470310,4,seed45_uivi_x_shaped,0.06056922301650047,45,x_shaped
10000,UIVI,1.0,0.0005751339854941631,1664152845,5,seed45_uivi_x_shaped,0.05977870337665081,45,x_shaped
10000,UIVI,1.0,0.0004921402575068156,690446001,6,seed45_uivi_x_shaped,0.060678184032440186,45,x_shaped
10000,UIVI,1.0,0.0004997791401773879,896941922,7,seed45_uivi_x_shaped,0.05990835838019848,45,x_shaped
10000,UIVI,1.0,0.00039912045749083817,683273884,8,seed45_uivi_x_shaped,0.06185406818985939,45,x_shaped
10000,UIVI,1.0,0.0005840280987081355,1315089445,9,seed45_uivi_x_shaped,0.06114092469215393,45,x_shaped
2000,UIVI,0.2,0.0003119257905967193,1463844765,0,seed46_uivi_x_shaped,0.0612686350941658,46,x_shaped
2000,UIVI,0.2,0.0005510528705236402,1918695426,1,seed46_uivi_x_shaped,0.06033172830939293,46,x_shaped
2000,UIVI,0.2,0.0003240174034635616,1215669585,2,seed46_uivi_x_shaped,0.06071104481816292,46,x_shaped
2000,UIVI,0.2,0.0004401966412566215,605337351,3,seed46_uivi_x_shaped,0.061007168143987656,46,x_shaped
2000,UIVI,0.2,0.00036519579918715766,1907491779,4,seed46_uivi_x_shaped,0.061954278498888016,46,x_shaped
2000,UIVI,0.2,0.0004582089877494712,1190983737,5,seed46_uivi_x_shaped,0.05992111191153526,46,x_shaped
2000,UIVI,0.2,0.00037748128636142365,1401801438,6,seed46_uivi_x_shaped,0.06055096536874771,46,x_shaped
2000,UIVI,0.2,0.0004225584553728685,613650189,7,seed46_uivi_x_shaped,0.061283040791749954,46,x_shaped
2000,UIVI,0.2,0.0002954498755062063,1809104819,8,seed46_uivi_x_shaped,0.06074320897459984,46,x_shaped
2000,UIVI,0.2,0.00037319375577563426,1973849041,9,seed46_uivi_x_shaped,0.06005977280437946,46,x_shaped
4000,UIVI,0.4,0.00047410320625106606,2090985555,0,seed46_uivi_x_shaped,0.06539366394281387,46,x_shaped
4000,UIVI,0.4,0.0005607449564217135,402537756,1,seed46_uivi_x_shaped,0.06035210005939007,46,x_shaped
4000,UIVI,0.4,0.0007616705577127897,1140139576,2,seed46_uivi_x_shaped,0.06005077622830868,46,x_shaped
4000,UIVI,0.4,0.0008219245007459555,1272583768,3,seed46_uivi_x_shaped,0.06004367955029011,46,x_shaped
4000,UIVI,0.4,0.00048465775757643143,907265337,4,seed46_uivi_x_shaped,0.061844080686569214,46,x_shaped
4000,UIVI,0.4,0.0005759922141409326,252979392,5,seed46_uivi_x_shaped,0.06101100333034992,46,x_shaped
4000,UIVI,0.4,0.0004533106110828656,75514925,6,seed46_uivi_x_shaped,0.060444751754403114,46,x_shaped
4000,UIVI,0.4,0.0005688114808523083,473004463,7,seed46_uivi_x_shaped,0.05998764932155609,46,x_shaped
4000,UIVI,0.4,0.0007883891665970839,787238731,8,seed46_uivi_x_shaped,0.062041912227869034,46,x_shaped
4000,UIVI,0.4,0.001373505518701958,1955105007,9,seed46_uivi_x_shaped,0.060048675164580345,46,x_shaped
6000,UIVI,0.6,0.0008573344697117015,458533553,0,seed46_uivi_x_shaped,0.06792773865163326,46,x_shaped
6000,UIVI,0.6,0.0009848526234424884,434758246,1,seed46_uivi_x_shaped,0.05977689102292061,46,x_shaped
6000,UIVI,0.6,0.0007559551459941259,1175224928,2,seed46_uivi_x_shaped,0.05984525941312313,46,x_shaped
6000,UIVI,0.6,0.0020303986807313603,769095870,3,seed46_uivi_x_shaped,0.06089089997112751,46,x_shaped
6000,UIVI,0.6,0.001662833368754342,917174418,4,seed46_uivi_x_shaped,0.0632444005459547,46,x_shaped
6000,UIVI,0.6,0.0007753254181873502,439015274,5,seed46_uivi_x_shaped,0.059774840250611305,46,x_shaped
6000,UIVI,0.6,0.0006015539072092615,549936371,6,seed46_uivi_x_shaped,0.05958520993590355,46,x_shaped
6000,UIVI,0.6,0.0009842290312042806,699033819,7,seed46_uivi_x_shaped,0.06229892931878567,46,x_shaped
6000,UIVI,0.6,0.002055545607654818,1612856195,8,seed46_uivi_x_shaped,0.060085514560341835,46,x_shaped
6000,UIVI,0.6,0.0014359966912509945,1777873043,9,seed46_uivi_x_shaped,0.059659240767359734,46,x_shaped
8000,UIVI,0.8,0.0005664421973480853,46807740,0,seed46_uivi_x_shaped,0.060216210782527924,46,x_shaped
8000,UIVI,0.8,0.0005837044143965812,1010888991,1,seed46_uivi_x_shaped,0.060403063893318176,46,x_shaped
8000,UIVI,0.8,0.0004084147424121377,618831825,2,seed46_uivi_x_shaped,0.06054172106087208,46,x_shaped
8000,UIVI,0.8,0.0007106638873517887,139226905,3,seed46_uivi_x_shaped,0.06070958822965622,46,x_shaped
8000,UIVI,0.8,0.0006661324488261218,156756652,4,seed46_uivi_x_shaped,0.059459201991558075,46,x_shaped
8000,UIVI,0.8,0.000583560197340809,1036286702,5,seed46_uivi_x_shaped,0.0594297181814909,46,x_shaped
8000,UIVI,0.8,0.0005660127302169974,1175043008,6,seed46_uivi_x_shaped,0.05946975573897362,46,x_shaped
8000,UIVI,0.8,0.0007883641962221554,1981780892,7,seed46_uivi_x_shaped,0.06464581936597824,46,x_shaped
8000,UIVI,0.8,0.0006064977271811581,100651084,8,seed46_uivi_x_shaped,0.060588449239730835,46,x_shaped
8000,UIVI,0.8,0.0005646247659267229,1630660427,9,seed46_uivi_x_shaped,0.060262637212872505,46,x_shaped
10000,UIVI,1.0,0.0015621548925184776,2085256096,0,seed46_uivi_x_shaped,0.0616319440305233,46,x_shaped
10000,UIVI,1.0,0.0009239844597730999,1602299396,1,seed46_uivi_x_shaped,0.060562461614608765,46,x_shaped
10000,UIVI,1.0,0.0013614318136995454,1178884817,2,seed46_uivi_x_shaped,0.060847558081150055,46,x_shaped
10000,UIVI,1.0,0.002631612283912407,23267373,3,seed46_uivi_x_shaped,0.06124894320964813,46,x_shaped
10000,UIVI,1.0,0.00189305603569014,1599124212,4,seed46_uivi_x_shaped,0.05969161540269852,46,x_shaped
10000,UIVI,1.0,0.0017775427207025797,1375252350,5,seed46_uivi_x_shaped,0.059743717312812805,46,x_shaped
10000,UIVI,1.0,0.002551002000117996,1132002775,6,seed46_uivi_x_shaped,0.059775061905384064,46,x_shaped
10000,UIVI,1.0,0.0027617191958662223,1920878805,7,seed46_uivi_x_shaped,0.06206890754401684,46,x_shaped
10000,UIVI,1.0,0.0008826211111335731,505290926,8,seed46_uivi_x_shaped,0.059923648834228516,46,x_shaped
10000,UIVI,1.0,0.0014092620871437168,2039653485,9,seed46_uivi_x_shaped,0.060455065220594406,46,x_shaped
2000,AISIVI,0.2,33.81068766702201,2083336361,0,seed42_aisivi_x_shaped,0.0613727867603302,42,x_shaped
2000,AISIVI,0.2,93.38507474879745,1824289612,1,seed42_aisivi_x_shaped,0.06115215644240379,42,x_shaped
2000,AISIVI,0.2,108.99379768956992,1775409471,2,seed42_aisivi_x_shaped,0.06115979887545109,42,x_shaped
2000,AISIVI,0.2,131.95127956642636,1760171161,3,seed42_aisivi_x_shaped,0.06186077557504177,42,x_shaped
2000,AISIVI,0.2,86.55247244149115,302703776,4,seed42_aisivi_x_shaped,0.06203349120914936,42,x_shaped
2000,AISIVI,0.2,36.3799515185896,1691223306,5,seed42_aisivi_x_shaped,0.06205618195235729,42,x_shaped
2000,AISIVI,0.2,313.07766221815734,1234548826,6,seed42_aisivi_x_shaped,0.062053119763731956,42,x_shaped
2000,AISIVI,0.2,260.40335217498955,697021055,7,seed42_aisivi_x_shaped,0.061060646548867226,42,x_shaped
2000,AISIVI,0.2,62.86856537138421,935388024,8,seed42_aisivi_x_shaped,0.060880692675709724,42,x_shaped
2000,AISIVI,0.2,45.4302276286677,1885103876,9,seed42_aisivi_x_shaped,0.06439749151468277,42,x_shaped
4000,AISIVI,0.4,333.8505705778049,1246165987,0,seed42_aisivi_x_shaped,0.06286651827394962,42,x_shaped
4000,AISIVI,0.4,342.6888905420599,343516681,1,seed42_aisivi_x_shaped,0.06076224893331528,42,x_shaped
4000,AISIVI,0.4,228.06093994998716,932524970,2,seed42_aisivi_x_shaped,0.06134160794317722,42,x_shaped
4000,AISIVI,0.4,202.2520742044665,113294518,3,seed42_aisivi_x_shaped,0.06205825135111809,42,x_shaped
4000,AISIVI,0.4,331.27277953915666,1164962843,4,seed42_aisivi_x_shaped,0.06086389534175396,42,x_shaped
4000,AISIVI,0.4,449.75398878187843,1251129277,5,seed42_aisivi_x_shaped,0.06074225343763828,42,x_shaped
4000,AISIVI,0.4,252.2422338665188,355695589,6,seed42_aisivi_x_shaped,0.061865923926234245,42,x_shaped
4000,AISIVI,0.4,96.67232747495319,1809847163,7,seed42_aisivi_x_shaped,0.06179093010723591,42,x_shaped
4000,AISIVI,0.4,115.57304092188217,2110593316,8,seed42_aisivi_x_shaped,0.061844727024436,42,x_shaped
4000,AISIVI,0.4,134.06998062770276,1183380319,9,seed42_aisivi_x_shaped,0.06099557690322399,42,x_shaped
6000,AISIVI,0.6,242.25967588723978,393063935,0,seed42_aisivi_x_shaped,0.0608191080391407,42,x_shaped
6000,AISIVI,0.6,548.3982419826659,521520607,1,seed42_aisivi_x_shaped,0.06138375774025917,42,x_shaped
6000,AISIVI,0.6,168.15640940863938,1835113925,2,seed42_aisivi_x_shaped,0.06289267353713512,42,x_shaped
6000,AISIVI,0.6,220.5897070767544,324411900,3,seed42_aisivi_x_shaped,0.06130930036306381,42,x_shaped
6000,AISIVI,0.6,315.0331224311651,823175494,4,seed42_aisivi_x_shaped,0.06054755672812462,42,x_shaped
6000,AISIVI,0.6,311.6244002676914,1895687242,5,seed42_aisivi_x_shaped,0.060688383877277374,42,x_shaped
6000,AISIVI,0.6,262.6699032324605,1577862687,6,seed42_aisivi_x_shaped,0.06329811364412308,42,x_shaped
6000,AISIVI,0.6,178.7313872853197,134956221,7,seed42_aisivi_x_shaped,0.06145677529275417,42,x_shaped
6000,AISIVI,0.6,184.20156804320322,1115969742,8,seed42_aisivi_x_shaped,0.06043264456093311,42,x_shaped
6000,AISIVI,0.6,394.0029430031138,978751808,9,seed42_aisivi_x_shaped,0.060517825186252594,42,x_shaped
8000,AISIVI,0.8,308.41895360070066,1726302491,0,seed42_aisivi_x_shaped,0.06066286005079746,42,x_shaped
8000,AISIVI,0.8,327.8049652936991,548171402,1,seed42_aisivi_x_shaped,0.060726482421159744,42,x_shaped
8000,AISIVI,0.8,479.2156146094722,1906930988,2,seed42_aisivi_x_shaped,0.06039782240986824,42,x_shaped
8000,AISIVI,0.8,1174.2020237118825,1446504317,3,seed42_aisivi_x_shaped,0.06343153119087219,42,x_shaped
8000,AISIVI,0.8,552.411903962691,175787778,4,seed42_aisivi_x_shaped,0.06194357946515083,42,x_shaped
8000,AISIVI,0.8,933.8522088152794,931013549,5,seed42_aisivi_x_shaped,0.061775075271725655,42,x_shaped
8000,AISIVI,0.8,227.7589880797061,2086840560,6,seed42_aisivi_x_shaped,0.060428448021411896,42,x_shaped
8000,AISIVI,0.8,318.5190254689848,275792607,7,seed42_aisivi_x_shaped,0.0604234803467989,42,x_shaped
8000,AISIVI,0.8,260.4217905635637,1166302427,8,seed42_aisivi_x_shaped,0.06033213250339031,42,x_shaped
8000,AISIVI,0.8,585.400941816647,2119017430,9,seed42_aisivi_x_shaped,0.060935020446777344,42,x_shaped
10000,AISIVI,1.0,301.7212514284022,1891869662,0,seed42_aisivi_x_shaped,0.06138338893651962,42,x_shaped
10000,AISIVI,1.0,441.89584040467105,834491696,1,seed42_aisivi_x_shaped,0.060524845495820045,42,x_shaped
10000,AISIVI,1.0,315.8578397248236,1693799580,2,seed42_aisivi_x_shaped,0.06184709630906582,42,x_shaped
10000,AISIVI,1.0,330.05623136951107,1786000091,3,seed42_aisivi_x_shaped,0.06182432360947132,42,x_shaped
10000,AISIVI,1.0,161.70740526422662,1814302048,4,seed42_aisivi_x_shaped,0.0618033017963171,42,x_shaped
10000,AISIVI,1.0,230.1939296055583,93878504,5,seed42_aisivi_x_shaped,0.06210194528102875,42,x_shaped
10000,AISIVI,1.0,281.0309543321378,2048635573,6,seed42_aisivi_x_shaped,0.06043962202966213,42,x_shaped
10000,AISIVI,1.0,182.74607394865728,1844229536,7,seed42_aisivi_x_shaped,0.06063105724751949,42,x_shaped
10000,AISIVI,1.0,398.1130972910647,1478115782,8,seed42_aisivi_x_shaped,0.06056892313063145,42,x_shaped
10000,AISIVI,1.0,355.6327439341781,713470373,9,seed42_aisivi_x_shaped,0.06081762723624706,42,x_shaped
2000,AISIVI,0.2,0.04872393635743709,1653226262,0,seed43_aisivi_x_shaped,0.06183990463614464,43,x_shaped
2000,AISIVI,0.2,0.027954387388664438,313380971,1,seed43_aisivi_x_shaped,0.06171439588069916,43,x_shaped
2000,AISIVI,0.2,0.0190484329043013,538178377,2,seed43_aisivi_x_shaped,0.06068055517971516,43,x_shaped
2000,AISIVI,0.2,0.017346655569754323,13590568,3,seed43_aisivi_x_shaped,0.06063391454517841,43,x_shaped
2000,AISIVI,0.2,0.0628644387872199,586076808,4,seed43_aisivi_x_shaped,0.06060812808573246,43,x_shaped
2000,AISIVI,0.2,0.05819930613608897,1420069731,5,seed43_aisivi_x_shaped,0.061041928827762604,43,x_shaped
2000,AISIVI,0.2,0.029720937779242278,1103866325,6,seed43_aisivi_x_shaped,0.060997914522886276,43,x_shaped
2000,AISIVI,0.2,0.05442831618559285,706658079,7,seed43_aisivi_x_shaped,0.061334241181612015,43,x_shaped
2000,AISIVI,0.2,0.036856954937429104,1156002557,8,seed43_aisivi_x_shaped,0.06297755427658558,43,x_shaped
2000,AISIVI,0.2,0.08519517464581809,1126112208,9,seed43_aisivi_x_shaped,0.060216862708330154,43,x_shaped
4000,AISIVI,0.4,0.05159714706382038,574022763,0,seed43_aisivi_x_shaped,0.06142268888652325,43,x_shaped
4000,AISIVI,0.4,0.054609050634366066,997779928,1,seed43_aisivi_x_shaped,0.06010575592517853,43,x_shaped
4000,AISIVI,0.4,0.09040990531476556,157434966,2,seed43_aisivi_x_shaped,0.060076408088207245,43,x_shaped
4000,AISIVI,0.4,0.04109358444916508,575971836,3,seed43_aisivi_x_shaped,0.06007221154868603,43,x_shaped
4000,AISIVI,0.4,0.12784462876266858,501921800,4,seed43_aisivi_x_shaped,0.06213604845106602,43,x_shaped
4000,AISIVI,0.4,0.027817868160817986,360204104,5,seed43_aisivi_x_shaped,0.06083670072257519,43,x_shaped
4000,AISIVI,0.4,0.027134105856942037,1734861718,6,seed43_aisivi_x_shaped,0.060644008219242096,43,x_shaped
4000,AISIVI,0.4,0.06734075951503804,1935071601,7,seed43_aisivi_x_shaped,0.06080384738743305,43,x_shaped
4000,AISIVI,0.4,0.06955006508560664,918313655,8,seed43_aisivi_x_shaped,0.06335409544408321,43,x_shaped
4000,AISIVI,0.4,0.02546425125893884,1736829074,9,seed43_aisivi_x_shaped,0.06188133731484413,43,x_shaped
6000,AISIVI,0.6,0.009190497530908876,1618321262,0,seed43_aisivi_x_shaped,0.062405385076999664,43,x_shaped
6000,AISIVI,0.6,0.004459513616567202,1447141713,1,seed43_aisivi_x_shaped,0.060393448919057846,43,x_shaped
6000,AISIVI,0.6,0.005601303249273989,1788474050,2,seed43_aisivi_x_shaped,0.06207963638007641,43,x_shaped
6000,AISIVI,0.6,0.004624768419260541,704312276,3,seed43_aisivi_x_shaped,0.062514403834939,43,x_shaped
6000,AISIVI,0.6,0.003723057248256406,2035012990,4,seed43_aisivi_x_shaped,0.06548966653645039,43,x_shaped
6000,AISIVI,0.6,0.0029216303970698793,1815890770,5,seed43_aisivi_x_shaped,0.060505373403429985,43,x_shaped
6000,AISIVI,0.6,0.005045598454433373,226421939,6,seed43_aisivi_x_shaped,0.0632451456040144,43,x_shaped
6000,AISIVI,0.6,0.004380184019339529,2044479850,7,seed43_aisivi_x_shaped,0.06221163831651211,43,x_shaped
6000,AISIVI,0.6,0.005236670289136148,879112832,8,seed43_aisivi_x_shaped,0.06636188738048077,43,x_shaped
6000,AISIVI,0.6,0.004406893156043336,712210613,9,seed43_aisivi_x_shaped,0.062177401036024094,43,x_shaped
8000,AISIVI,0.8,1.0507279660058633,1983095018,0,seed43_aisivi_x_shaped,0.060087909922003746,43,x_shaped
8000,AISIVI,0.8,1.0549398034754236,856956242,1,seed43_aisivi_x_shaped,0.06006604991853237,43,x_shaped
8000,AISIVI,0.8,0.05168505916454055,560888804,2,seed43_aisivi_x_shaped,0.06010911613702774,43,x_shaped
8000,AISIVI,0.8,0.007148545998556638,638219201,3,seed43_aisivi_x_shaped,0.05994979105889797,43,x_shaped
8000,AISIVI,0.8,0.841169926321013,667221416,4,seed43_aisivi_x_shaped,0.06029128096997738,43,x_shaped
8000,AISIVI,0.8,0.08298396325281203,814381798,5,seed43_aisivi_x_shaped,0.06087821163237095,43,x_shaped
8000,AISIVI,0.8,0.00796473164136794,2051477192,6,seed43_aisivi_x_shaped,0.06103633902966976,43,x_shaped
8000,AISIVI,0.8,0.04209043450434822,853035338,7,seed43_aisivi_x_shaped,0.06003114581108093,43,x_shaped
8000,AISIVI,0.8,0.8714430893104247,1509065660,8,seed43_aisivi_x_shaped,0.05994331277906895,43,x_shaped
8000,AISIVI,0.8,0.041770248352104675,668379039,9,seed43_aisivi_x_shaped,0.06026020646095276,43,x_shaped
10000,AISIVI,1.0,0.0061919938427300834,522708820,0,seed43_aisivi_x_shaped,0.06193055026233196,43,x_shaped
10000,AISIVI,1.0,0.01637368299508388,43917176,1,seed43_aisivi_x_shaped,0.06093183159828186,43,x_shaped
10000,AISIVI,1.0,0.010048168053972475,1942708675,2,seed43_aisivi_x_shaped,0.060222040861845016,43,x_shaped
10000,AISIVI,1.0,0.007898329569721033,1005678004,3,seed43_aisivi_x_shaped,0.060596857219934464,43,x_shaped
10000,AISIVI,1.0,0.05321450970528409,1037810267,4,seed43_aisivi_x_shaped,0.061365874484181404,43,x_shaped
10000,AISIVI,1.0,0.01792220942386407,1312895584,5,seed43_aisivi_x_shaped,0.06163553148508072,43,x_shaped
10000,AISIVI,1.0,0.011937717443234358,820997610,6,seed43_aisivi_x_shaped,0.060233937576413155,43,x_shaped
10000,AISIVI,1.0,0.00575002797294495,1293966294,7,seed43_aisivi_x_shaped,0.0604635514318943,43,x_shaped
10000,AISIVI,1.0,0.008982883528977876,67223720,8,seed43_aisivi_x_shaped,0.06102359667420387,43,x_shaped
10000,AISIVI,1.0,0.01756844191351577,2011391064,9,seed43_aisivi_x_shaped,0.060437705367803574,43,x_shaped
2000,AISIVI,0.2,5.105585202467363,95959960,0,seed44_aisivi_x_shaped,0.061228128150105476,44,x_shaped
2000,AISIVI,0.2,6.618131159628735,1669859725,1,seed44_aisivi_x_shaped,0.06189921125769615,44,x_shaped
2000,AISIVI,0.2,2.3698693131543265,124238953,2,seed44_aisivi_x_shaped,0.06201094016432762,44,x_shaped
2000,AISIVI,0.2,12.384482197034943,1117163864,3,seed44_aisivi_x_shaped,0.06091024912893772,44,x_shaped
2000,AISIVI,0.2,2.269462290787209,1453579267,4,seed44_aisivi_x_shaped,0.06074733845889568,44,x_shaped
2000,AISIVI,0.2,4.85821425020247,1658017503,5,seed44_aisivi_x_shaped,0.060801343992352486,44,x_shaped
2000,AISIVI,0.2,5.3047518737142285,1134173550,6,seed44_aisivi_x_shaped,0.06097777187824249,44,x_shaped
2000,AISIVI,0.2,3.892936573344642,1239825705,7,seed44_aisivi_x_shaped,0.06180765479803085,44,x_shaped
2000,AISIVI,0.2,2.083954265174296,648229681,8,seed44_aisivi_x_shaped,0.061845213174819946,44,x_shaped
2000,AISIVI,0.2,6.1888989488063215,1954102448,9,seed44_aisivi_x_shaped,0.06090381182730198,44,x_shaped
4000,AISIVI,0.4,2.8287866048761265,1835233411,0,seed44_aisivi_x_shaped,0.06205669604241848,44,x_shaped
4000,AISIVI,0.4,1.3962466528334425,198701582,1,seed44_aisivi_x_shaped,0.061796773225069046,44,x_shaped
4000,AISIVI,0.4,2.3125800746636465,2145422762,2,seed44_aisivi_x_shaped,0.060482461005449295,44,x_shaped
4000,AISIVI,0.4,1.216994720514427,190347989,3,seed44_aisivi_x_shaped,0.06072930991649628,44,x_shaped
4000,AISIVI,0.4,1.3058525948532056,339851680,4,seed44_aisivi_x_shaped,0.06051022931933403,44,x_shaped
4000,AISIVI,0.4,1.3697834314354462,1801170720,5,seed44_aisivi_x_shaped,0.060541944578289986,44,x_shaped
4000,AISIVI,0.4,3.6848634066549053,1000406001,6,seed44_aisivi_x_shaped,0.06068940833210945,44,x_shaped
4000,AISIVI,0.4,4.767552464995215,84904233,7,seed44_aisivi_x_shaped,0.06046808138489723,44,x_shaped
4000,AISIVI,0.4,1.0041864747581917,1053625716,8,seed44_aisivi_x_shaped,0.06055581942200661,44,x_shaped
4000,AISIVI,0.4,1.2023559095181553,1423783861,9,seed44_aisivi_x_shaped,0.061311936005949974,44,x_shaped
6000,AISIVI,0.6,0.3948220302534455,436564879,0,seed44_aisivi_x_shaped,0.06089342385530472,44,x_shaped
6000,AISIVI,0.6,2.0083791140952205,1891176643,1,seed44_aisivi_x_shaped,0.06039729714393616,44,x_shaped
6000,AISIVI,0.6,20.39981551088616,598915174,2,seed44_aisivi_x_shaped,0.060515232384204865,44,x_shaped
6000,AISIVI,0.6,2.1017141832557042,1039750162,3,seed44_aisivi_x_shaped,0.06088379770517349,44,x_shaped
6000,AISIVI,0.6,15.301440760852511,1915084239,4,seed44_aisivi_x_shaped,0.06152368523180485,44,x_shaped
6000,AISIVI,0.6,14.723507122069037,1924502230,5,seed44_aisivi_x_shaped,0.06163634918630123,44,x_shaped
6000,AISIVI,0.6,11.839837655208555,1487041019,6,seed44_aisivi_x_shaped,0.06052958592772484,44,x_shaped
6000,AISIVI,0.6,1.6795467572119862,591899238,7,seed44_aisivi_x_shaped,0.06056706793606281,44,x_shaped
6000,AISIVI,0.6,1.5612218414351275,1521226039,8,seed44_aisivi_x_shaped,0.06173303909599781,44,x_shaped
6000,AISIVI,0.6,2.4372970732914325,471509271,9,seed44_aisivi_x_shaped,0.06169474497437477,44,x_shaped
8000,AISIVI,0.8,0.38710374327047953,428097826,0,seed44_aisivi_x_shaped,0.06076178699731827,44,x_shaped
8000,AISIVI,0.8,0.8879149807971504,592968367,1,seed44_aisivi_x_shaped,0.060514431446790695,44,x_shaped
8000,AISIVI,0.8,0.6021126518067272,1074542768,2,seed44_aisivi_x_shaped,0.0604560449719429,44,x_shaped
8000,AISIVI,0.8,39.19577295531771,1037261451,3,seed44_aisivi_x_shaped,0.06062544696033001,44,x_shaped
8000,AISIVI,0.8,1.4887592466398645,93193311,4,seed44_aisivi_x_shaped,0.06032619997859001,44,x_shaped
8000,AISIVI,0.8,1.5625889958186387,247235807,5,seed44_aisivi_x_shaped,0.06167150288820267,44,x_shaped
8000,AISIVI,0.8,4.364166048235434,1473138119,6,seed44_aisivi_x_shaped,0.06144719384610653,44,x_shaped
8000,AISIVI,0.8,0.8108209447580061,1755973386,7,seed44_aisivi_x_shaped,0.06138814426958561,44,x_shaped
8000,AISIVI,0.8,3.106621049404283,1458987220,8,seed44_aisivi_x_shaped,0.060886720195412636,44,x_shaped
8000,AISIVI,0.8,9.59236934975292,24360112,9,seed44_aisivi_x_shaped,0.060739221051335335,44,x_shaped
10000,AISIVI,1.0,3.0765394950628764,1895503525,0,seed44_aisivi_x_shaped,0.06139915995299816,44,x_shaped
10000,AISIVI,1.0,0.44601074848579847,1052537934,1,seed44_aisivi_x_shaped,0.06160844303667545,44,x_shaped
10000,AISIVI,1.0,0.7179201594513953,1182406284,2,seed44_aisivi_x_shaped,0.061449507251381874,44,x_shaped
10000,AISIVI,1.0,0.8293016930956474,1253630809,3,seed44_aisivi_x_shaped,0.060441358014941216,44,x_shaped
10000,AISIVI,1.0,0.5618760567470819,1075116652,4,seed44_aisivi_x_shaped,0.060672033578157425,44,x_shaped
10000,AISIVI,1.0,0.18547580108099798,878095513,5,seed44_aisivi_x_shaped,0.06153121031820774,44,x_shaped
10000,AISIVI,1.0,0.7997000009822832,1676729484,6,seed44_aisivi_x_shaped,0.061402784660458565,44,x_shaped
10000,AISIVI,1.0,0.8456755267345161,1669814402,7,seed44_aisivi_x_shaped,0.06054111197590828,44,x_shaped
10000,AISIVI,1.0,0.2464636019571288,956523411,8,seed44_aisivi_x_shaped,0.06051068939268589,44,x_shaped
10000,AISIVI,1.0,0.550652329144611,1911392810,9,seed44_aisivi_x_shaped,0.06032589077949524,44,x_shaped
2000,AISIVI,0.2,4122.172281408277,1743256170,0,seed45_aisivi_x_shaped,0.060757819563150406,45,x_shaped
2000,AISIVI,0.2,2100.652010218489,517436243,1,seed45_aisivi_x_shaped,0.06036006845533848,45,x_shaped
2000,AISIVI,0.2,2920.609956854373,1047913675,2,seed45_aisivi_x_shaped,0.06177695840597153,45,x_shaped
2000,AISIVI,0.2,1221.3710772483541,1454678774,3,seed45_aisivi_x_shaped,0.06153882294893265,45,x_shaped
2000,AISIVI,0.2,3152.8958832479466,1941058053,4,seed45_aisivi_x_shaped,0.06088524870574474,45,x_shaped
2000,AISIVI,0.2,5112.710418876545,1581741430,5,seed45_aisivi_x_shaped,0.0601975005120039,45,x_shaped
2000,AISIVI,0.2,3257.5341914872133,1751502247,6,seed45_aisivi_x_shaped,0.06032934598624706,45,x_shaped
2000,AISIVI,0.2,2864.536576227285,2066985804,7,seed45_aisivi_x_shaped,0.06044798716902733,45,x_shaped
2000,AISIVI,0.2,1797.8777366015029,1470270107,8,seed45_aisivi_x_shaped,0.06154458783566952,45,x_shaped
2000,AISIVI,0.2,3219.067178506887,257659804,9,seed45_aisivi_x_shaped,0.06176242232322693,45,x_shaped
4000,AISIVI,0.4,27.16149536363347,899356260,0,seed45_aisivi_x_shaped,0.0609446968883276,45,x_shaped
4000,AISIVI,0.4,17.404151926384728,441312134,1,seed45_aisivi_x_shaped,0.06174108386039734,45,x_shaped
4000,AISIVI,0.4,14.759020136486726,1073928603,2,seed45_aisivi_x_shaped,0.061836326494812965,45,x_shaped
4000,AISIVI,0.4,13.324999223005948,2122565471,3,seed45_aisivi_x_shaped,0.06075449287891388,45,x_shaped
4000,AISIVI,0.4,35.502247943277936,654157130,4,seed45_aisivi_x_shaped,0.06035706587135792,45,x_shaped
4000,AISIVI,0.4,25.926382823178844,102914429,5,seed45_aisivi_x_shaped,0.060385894030332565,45,x_shaped
4000,AISIVI,0.4,43.776672247729906,905027543,6,seed45_aisivi_x_shaped,0.060466308146715164,45,x_shaped
4000,AISIVI,0.4,23.302230755852655,550273959,7,seed45_aisivi_x_shaped,0.06064083240926266,45,x_shaped
4000,AISIVI,0.4,26.04001981109279,690206047,8,seed45_aisivi_x_shaped,0.06051880121231079,45,x_shaped
4000,AISIVI,0.4,35.6772305924479,1287586731,9,seed45_aisivi_x_shaped,0.06056990846991539,45,x_shaped
6000,AISIVI,0.6,68.02515121907793,1705200316,0,seed45_aisivi_x_shaped,0.06210327707231045,45,x_shaped
6000,AISIVI,0.6,36.930929730018306,1976838439,1,seed45_aisivi_x_shaped,0.061000414192676544,45,x_shaped
6000,AISIVI,0.6,34.25617117038374,813791123,2,seed45_aisivi_x_shaped,0.06057984568178654,45,x_shaped
6000,AISIVI,0.6,132.7565775068909,1599329076,3,seed45_aisivi_x_shaped,0.06094883754849434,45,x_shaped
6000,AISIVI,0.6,71.8392224859454,1200435054,4,seed45_aisivi_x_shaped,0.06070004776120186,45,x_shaped
6000,AISIVI,0.6,30.652320621182838,2102804518,5,seed45_aisivi_x_shaped,0.06147243641316891,45,x_shaped
6000,AISIVI,0.6,49.34664348022006,773374666,6,seed45_aisivi_x_shaped,0.06210272200405598,45,x_shaped
6000,AISIVI,0.6,28.294422896480324,1858868955,7,seed45_aisivi_x_shaped,0.060772135853767395,45,x_shaped
6000,AISIVI,0.6,22.55832575006093,814065086,8,seed45_aisivi_x_shaped,0.06055879779160023,45,x_shaped
6000,AISIVI,0.6,26.12893648477771,1239945738,9,seed45_aisivi_x_shaped,0.061303410679101944,45,x_shaped
8000,AISIVI,0.8,21.51654269053903,984431813,0,seed45_aisivi_x_shaped,0.0611695758998394,45,x_shaped
8000,AISIVI,0.8,56.75301412504149,78502076,1,seed45_aisivi_x_shaped,0.0604327954351902,45,x_shaped
8000,AISIVI,0.8,30.394981484625863,28896573,2,seed45_aisivi_x_shaped,0.060539212077856064,45,x_shaped
8000,AISIVI,0.8,45.0782416374924,502625974,3,seed45_aisivi_x_shaped,0.0605953149497509,45,x_shaped
8000,AISIVI,0.8,35.56892901981547,725466746,4,seed45_aisivi_x_shaped,0.060841141268610954,45,x_shaped
8000,AISIVI,0.8,128.4457125461702,1949371781,5,seed45_aisivi_x_shaped,0.05992860347032547,45,x_shaped
8000,AISIVI,0.8,50.77864258007159,873933501,6,seed45_aisivi_x_shaped,0.0600140281021595,45,x_shaped
8000,AISIVI,0.8,48.11285661264701,1999557693,7,seed45_aisivi_x_shaped,0.060758573934435844,45,x_shaped
8000,AISIVI,0.8,19.797837950717863,53854632,8,seed45_aisivi_x_shaped,0.060991810634732246,45,x_shaped
8000,AISIVI,0.8,19.154831586695213,1579205069,9,seed45_aisivi_x_shaped,0.060943009331822395,45,x_shaped
10000,AISIVI,1.0,18.711782877597777,1017238162,0,seed45_aisivi_x_shaped,0.06032463535666466,45,x_shaped
10000,AISIVI,1.0,14.957978064915483,936850764,1,seed45_aisivi_x_shaped,0.06009470112621784,45,x_shaped
10000,AISIVI,1.0,33.676375175237155,851394678,2,seed45_aisivi_x_shaped,0.06116084009408951,45,x_shaped
10000,AISIVI,1.0,97.14241097884101,1827032447,3,seed45_aisivi_x_shaped,0.061083171516656876,45,x_shaped
10000,AISIVI,1.0,35.69138545641366,1614308181,4,seed45_aisivi_x_shaped,0.06027301587164402,45,x_shaped
10000,AISIVI,1.0,29.247116175417215,483724069,5,seed45_aisivi_x_shaped,0.05983974039554596,45,x_shaped
10000,AISIVI,1.0,51.4974314488348,1077980384,6,seed45_aisivi_x_shaped,0.06068561226129532,45,x_shaped
10000,AISIVI,1.0,19.64204833319736,1262038253,7,seed45_aisivi_x_shaped,0.06097260117530823,45,x_shaped
10000,AISIVI,1.0,49.29455237554683,1979659454,8,seed45_aisivi_x_shaped,0.06067275255918503,45,x_shaped
10000,AISIVI,1.0,27.57625803971704,78217558,9,seed45_aisivi_x_shaped,0.060192327946424484,45,x_shaped
2000,AISIVI,0.2,643.1188557188148,541859375,0,seed46_aisivi_x_shaped,0.06297937035560608,46,x_shaped
2000,AISIVI,0.2,589.1264059084829,203405818,1,seed46_aisivi_x_shaped,0.06029630824923515,46,x_shaped
2000,AISIVI,0.2,441.9608174673088,122868465,2,seed46_aisivi_x_shaped,0.06018335558474064,46,x_shaped
2000,AISIVI,0.2,388.5351044575759,1267957143,3,seed46_aisivi_x_shaped,0.06075878627598286,46,x_shaped
2000,AISIVI,0.2,595.8598061597049,2121233477,4,seed46_aisivi_x_shaped,0.06140239164233208,46,x_shaped
2000,AISIVI,0.2,1524.141584684058,1769876976,5,seed46_aisivi_x_shaped,0.061231691390275955,46,x_shaped
2000,AISIVI,0.2,1491.7262982542225,345853945,6,seed46_aisivi_x_shaped,0.05994468368589878,46,x_shaped
2000,AISIVI,0.2,352.67088967705405,948297726,7,seed46_aisivi_x_shaped,0.06024836376309395,46,x_shaped
2000,AISIVI,0.2,1085.374425649388,1738929869,8,seed46_aisivi_x_shaped,0.0602264478802681,46,x_shaped
2000,AISIVI,0.2,1346.3059898076785,830656075,9,seed46_aisivi_x_shaped,0.060797590762376785,46,x_shaped
4000,AISIVI,0.4,12.48343833912502,937375553,0,seed46_aisivi_x_shaped,0.0608478132635355,46,x_shaped
4000,AISIVI,0.4,83.96620395988914,1292306901,1,seed46_aisivi_x_shaped,0.0599922351539135,46,x_shaped
4000,AISIVI,0.4,38.947677306924874,1688028300,2,seed46_aisivi_x_shaped,0.06073419377207756,46,x_shaped
4000,AISIVI,0.4,22.841288906171542,175678989,3,seed46_aisivi_x_shaped,0.061365362256765366,46,x_shaped
4000,AISIVI,0.4,29.991764191747638,1943212509,4,seed46_aisivi_x_shaped,0.06126500852406025,46,x_shaped
4000,AISIVI,0.4,10.331857981334634,1300680051,5,seed46_aisivi_x_shaped,0.060053348541259766,46,x_shaped
4000,AISIVI,0.4,72.16529442118917,1405814083,6,seed46_aisivi_x_shaped,0.06021472066640854,46,x_shaped
4000,AISIVI,0.4,33.2662346333113,1163794636,7,seed46_aisivi_x_shaped,0.06029756926000118,46,x_shaped
4000,AISIVI,0.4,25.319438514834935,1731898239,8,seed46_aisivi_x_shaped,0.060164427384734154,46,x_shaped
4000,AISIVI,0.4,21.07397463329209,1358491680,9,seed46_aisivi_x_shaped,0.06059467792510986,46,x_shaped
6000,AISIVI,0.6,211.89775080828383,72926219,0,seed46_aisivi_x_shaped,0.0608068760484457,46,x_shaped
6000,AISIVI,0.6,98.59130453603079,2043570422,1,seed46_aisivi_x_shaped,0.061290010809898376,46,x_shaped
6000,AISIVI,0.6,69.5189837826961,1273397250,2,seed46_aisivi_x_shaped,0.061335887759923935,46,x_shaped
6000,AISIVI,0.6,960.2268642225774,520013464,3,seed46_aisivi_x_shaped,0.060469288378953934,46,x_shaped
6000,AISIVI,0.6,199.82758199741946,2083844996,4,seed46_aisivi_x_shaped,0.060291850939393044,46,x_shaped
6000,AISIVI,0.6,180.87216847215421,427286294,5,seed46_aisivi_x_shaped,0.06025032885372639,46,x_shaped
6000,AISIVI,0.6,273.4474321336633,1000343351,6,seed46_aisivi_x_shaped,0.060350555926561356,46,x_shaped
6000,AISIVI,0.6,755.9894182748718,12872541,7,seed46_aisivi_x_shaped,0.061312370002269745,46,x_shaped
6000,AISIVI,0.6,173.29590579826458,919762669,8,seed46_aisivi_x_shaped,0.06124459579586983,46,x_shaped
6000,AISIVI,0.6,243.48935337908677,1994026774,9,seed46_aisivi_x_shaped,0.06009339541196823,46,x_shaped
8000,AISIVI,0.8,1044.8063868351126,1990130330,0,seed46_aisivi_x_shaped,0.06143275462090969,46,x_shaped
8000,AISIVI,0.8,310.3682407042087,1230795677,1,seed46_aisivi_x_shaped,0.06124029867351055,46,x_shaped
8000,AISIVI,0.8,186.88231149047337,2096347584,2,seed46_aisivi_x_shaped,0.060087475925683975,46,x_shaped
8000,AISIVI,0.8,176.63346621237852,195214316,3,seed46_aisivi_x_shaped,0.060240766033530235,46,x_shaped
8000,AISIVI,0.8,440.5669116600309,1083835370,4,seed46_aisivi_x_shaped,0.06031659618020058,46,x_shaped
8000,AISIVI,0.8,159.87407178675275,983254595,5,seed46_aisivi_x_shaped,0.060195574536919594,46,x_shaped
8000,AISIVI,0.8,137.26622681527115,257022987,6,seed46_aisivi_x_shaped,0.060189543291926384,46,x_shaped
8000,AISIVI,0.8,605.3568771495497,1112326089,7,seed46_aisivi_x_shaped,0.06016211584210396,46,x_shaped
8000,AISIVI,0.8,189.24083533929684,2124195167,8,seed46_aisivi_x_shaped,0.06023397669196129,46,x_shaped
8000,AISIVI,0.8,174.4443471917939,1304503034,9,seed46_aisivi_x_shaped,0.06105422601103783,46,x_shaped
10000,AISIVI,1.0,11.649699577878781,548529028,0,seed46_aisivi_x_shaped,0.06044904887676239,46,x_shaped
10000,AISIVI,1.0,16.776598058202826,113299701,1,seed46_aisivi_x_shaped,0.06013951823115349,46,x_shaped
10000,AISIVI,1.0,33.27549403016937,892054248,2,seed46_aisivi_x_shaped,0.0601097047328949,46,x_shaped
10000,AISIVI,1.0,15.078842473762816,1584512360,3,seed46_aisivi_x_shaped,0.06079171597957611,46,x_shaped
10000,AISIVI,1.0,12.16393792416963,1461258831,4,seed46_aisivi_x_shaped,0.061455802991986275,46,x_shaped
10000,AISIVI,1.0,10.91403203013879,1225794027,5,seed46_aisivi_x_shaped,0.06111576594412327,46,x_shaped
10000,AISIVI,1.0,16.01319116417546,1606374662,6,seed46_aisivi_x_shaped,0.060026926919817924,46,x_shaped
10000,AISIVI,1.0,29.35646408763426,2045220303,7,seed46_aisivi_x_shaped,0.06017248332500458,46,x_shaped
10000,AISIVI,1.0,15.868978159494965,768361544,8,seed46_aisivi_x_shaped,0.06114793196320534,46,x_shaped
10000,AISIVI,1.0,11.242574554074606,2106077296,9,seed46_aisivi_x_shaped,0.06115065887570381,46,x_shaped
2000,DSIVI,0.2,194.953054562143,927962825,0,seed42_dsivi_x_shaped,0.06047098711133003,42,x_shaped
2000,DSIVI,0.2,127.73989858107177,1856377926,1,seed42_dsivi_x_shaped,0.060003675520420074,42,x_shaped
2000,DSIVI,0.2,129.95728988600052,1339353141,2,seed42_dsivi_x_shaped,0.059984663501381874,42,x_shaped
2000,DSIVI,0.2,174.34667047777086,2025775239,3,seed42_dsivi_x_shaped,0.06010719761252403,42,x_shaped
2000,DSIVI,0.2,61.42672585481495,2068556417,4,seed42_dsivi_x_shaped,0.060238463804125786,42,x_shaped
2000,DSIVI,0.2,104.17189903740294,1747994922,5,seed42_dsivi_x_shaped,0.05999739281833172,42,x_shaped
2000,DSIVI,0.2,74.45992099085578,1531228822,6,seed42_dsivi_x_shaped,0.0602391567081213,42,x_shaped
2000,DSIVI,0.2,169.88816032990056,1933968989,7,seed42_dsivi_x_shaped,0.06130666844546795,42,x_shaped
2000,DSIVI,0.2,159.01459204123748,992655500,8,seed42_dsivi_x_shaped,0.06171884760260582,42,x_shaped
2000,DSIVI,0.2,296.3979594052427,1048982080,9,seed42_dsivi_x_shaped,0.06051979959011078,42,x_shaped
4000,DSIVI,0.4,72.36464961386258,646358371,0,seed42_dsivi_x_shaped,0.060337040573358536,42,x_shaped
4000,DSIVI,0.4,78.45662530478806,714969185,1,seed42_dsivi_x_shaped,0.06026965565979481,42,x_shaped
4000,DSIVI,0.4,29.880091503389956,1780280272,2,seed42_dsivi_x_shaped,0.06036929413676262,42,x_shaped
4000,DSIVI,0.4,53.333958052366015,365491747,3,seed42_dsivi_x_shaped,0.06134861893951893,42,x_shaped
4000,DSIVI,0.4,29.39689257798079,1454770137,4,seed42_dsivi_x_shaped,0.061555590480566025,42,x_shaped
4000,DSIVI,0.4,86.65128385703855,2037013706,5,seed42_dsivi_x_shaped,0.06043098866939545,42,x_shaped
4000,DSIVI,0.4,61.88541339783497,609865212,6,seed42_dsivi_x_shaped,0.060232240706682205,42,x_shaped
4000,DSIVI,0.4,340.03300284579586,1348910153,7,seed42_dsivi_x_shaped,0.061516985297203064,42,x_shaped
4000,DSIVI,0.4,72.01999644195273,1401046352,8,seed42_dsivi_x_shaped,0.06153343804180622,42,x_shaped
4000,DSIVI,0.4,18.930391762602742,94132698,9,seed42_dsivi_x_shaped,0.06067819893360138,42,x_shaped
6000,DSIVI,0.6,62.20032365214318,884483118,0,seed42_dsivi_x_shaped,0.06029780022799969,42,x_shaped
6000,DSIVI,0.6,623.9842588720899,1454339860,1,seed42_dsivi_x_shaped,0.060145607218146324,42,x_shaped
6000,DSIVI,0.6,65.91788959319067,995295842,2,seed42_dsivi_x_shaped,0.0600955244153738,42,x_shaped
6000,DSIVI,0.6,212.26743045113307,1983132645,3,seed42_dsivi_x_shaped,0.06030646897852421,42,x_shaped
6000,DSIVI,0.6,12.04031778650059,1360280220,4,seed42_dsivi_x_shaped,0.06023693084716797,42,x_shaped
6000,DSIVI,0.6,73.46776951326018,1813300768,5,seed42_dsivi_x_shaped,0.060193588957190514,42,x_shaped
6000,DSIVI,0.6,86.70721343075519,257601219,6,seed42_dsivi_x_shaped,0.06425938755273819,42,x_shaped
6000,DSIVI,0.6,79.35401326610558,1003651111,7,seed42_dsivi_x_shaped,0.061671312898397446,42,x_shaped
6000,DSIVI,0.6,41.948608747921845,1749652138,8,seed42_dsivi_x_shaped,0.0613121185451746,42,x_shaped
6000,DSIVI,0.6,107.72692715001006,1244027093,9,seed42_dsivi_x_shaped,0.060207925736904144,42,x_shaped
8000,DSIVI,0.8,215.94869696777707,1743404818,0,seed42_dsivi_x_shaped,0.06036469712853432,42,x_shaped
8000,DSIVI,0.8,77.9754541844132,1201530488,1,seed42_dsivi_x_shaped,0.06015465594828129,42,x_shaped
8000,DSIVI,0.8,36.49289975131661,388611175,2,seed42_dsivi_x_shaped,0.061022715643048286,42,x_shaped
8000,DSIVI,0.8,137.46760190108012,7475439,3,seed42_dsivi_x_shaped,0.061366332694888115,42,x_shaped
8000,DSIVI,0.8,204.86855708128869,138214031,4,seed42_dsivi_x_shaped,0.061746224761009216,42,x_shaped
8000,DSIVI,0.8,422.60186332195576,916616316,5,seed42_dsivi_x_shaped,0.06028765067458153,42,x_shaped
8000,DSIVI,0.8,16.988921981439397,1485354524,6,seed42_dsivi_x_shaped,0.0608137845993042,42,x_shaped
8000,DSIVI,0.8,97.09079465184524,843324649,7,seed42_dsivi_x_shaped,0.061602404341101646,42,x_shaped
8000,DSIVI,0.8,28.219675840900244,154893315,8,seed42_dsivi_x_shaped,0.061494579538702965,42,x_shaped
8000,DSIVI,0.8,18.12930750672951,1346862658,9,seed42_dsivi_x_shaped,0.06031014025211334,42,x_shaped
10000,DSIVI,1.0,10.871774302030548,975064586,0,seed42_dsivi_x_shaped,0.060451989993453026,42,x_shaped
10000,DSIVI,1.0,7.936701228891864,348884588,1,seed42_dsivi_x_shaped,0.06044313684105873,42,x_shaped
10000,DSIVI,1.0,9.871050725056145,522081313,2,seed42_dsivi_x_shaped,0.05982453376054764,42,x_shaped
10000,DSIVI,1.0,4.090861178809179,30686952,3,seed42_dsivi_x_shaped,0.05988370627164841,42,x_shaped
10000,DSIVI,1.0,8.451012363026216,1112703897,4,seed42_dsivi_x_shaped,0.05987155623733997,42,x_shaped
10000,DSIVI,1.0,4.946079625408698,278116751,5,seed42_dsivi_x_shaped,0.05992102436721325,42,x_shaped
10000,DSIVI,1.0,128.14240984344107,1543531301,6,seed42_dsivi_x_shaped,0.06088889390230179,42,x_shaped
10000,DSIVI,1.0,16.091244020565618,104233121,7,seed42_dsivi_x_shaped,0.06099513918161392,42,x_shaped
10000,DSIVI,1.0,4.696487340791813,1672963058,8,seed42_dsivi_x_shaped,0.06050114147365093,42,x_shaped
10000,DSIVI,1.0,65.01953835419974,990042293,9,seed42_dsivi_x_shaped,0.05983175151050091,42,x_shaped
2000,DSIVI,0.2,22.32061837811575,845713459,0,seed43_dsivi_x_shaped,0.0607921127229929,43,x_shaped
2000,DSIVI,0.2,100.50471744886381,1577854877,1,seed43_dsivi_x_shaped,0.060978963971138,43,x_shaped
2000,DSIVI,0.2,15.026216750052093,1152232923,2,seed43_dsivi_x_shaped,0.06156547740101814,43,x_shaped
2000,DSIVI,0.2,53.96613544074452,1901392498,3,seed43_dsivi_x_shaped,0.06116513907909393,43,x_shaped
2000,DSIVI,0.2,43.37796685511343,192370642,4,seed43_dsivi_x_shaped,0.06173188425600529,43,x_shaped
2000,DSIVI,0.2,18.50318664409369,1593613811,5,seed43_dsivi_x_shaped,0.06063012033700943,43,x_shaped
2000,DSIVI,0.2,54.02735602276039,686102368,6,seed43_dsivi_x_shaped,0.06153964065015316,43,x_shaped
2000,DSIVI,0.2,26.265675535782872,2129406411,7,seed43_dsivi_x_shaped,0.06163463182747364,43,x_shaped
2000,DSIVI,0.2,25.982961333987294,2138661526,8,seed43_dsivi_x_shaped,0.06059994362294674,43,x_shaped
2000,DSIVI,0.2,18.943312367838182,392559148,9,seed43_dsivi_x_shaped,0.06031309626996517,43,x_shaped
4000,DSIVI,0.4,5.500763327457346,79894152,0,seed43_dsivi_x_shaped,0.06033006124198437,43,x_shaped
4000,DSIVI,0.4,13.077115920174283,1097977464,1,seed43_dsivi_x_shaped,0.060272397473454475,43,x_shaped
4000,DSIVI,0.4,11.64907379906833,538538562,2,seed43_dsivi_x_shaped,0.06057560816407204,43,x_shaped
4000,DSIVI,0.4,29.152418151706495,800116127,3,seed43_dsivi_x_shaped,0.0603044256567955,43,x_shaped
4000,DSIVI,0.4,8.259125854904095,773535863,4,seed43_dsivi_x_shaped,0.060433099046349525,43,x_shaped
4000,DSIVI,0.4,24.122975751674268,316804778,5,seed43_dsivi_x_shaped,0.06128889508545399,43,x_shaped
4000,DSIVI,0.4,23.303112925833204,130804304,6,seed43_dsivi_x_shaped,0.06148062273859978,43,x_shaped
4000,DSIVI,0.4,30.26502417191429,1632309744,7,seed43_dsivi_x_shaped,0.061091264709830284,43,x_shaped
4000,DSIVI,0.4,12.539398962908493,1830766536,8,seed43_dsivi_x_shaped,0.06038724258542061,43,x_shaped
4000,DSIVI,0.4,54.808544489615585,1682812126,9,seed43_dsivi_x_shaped,0.06036566197872162,43,x_shaped
6000,DSIVI,0.6,4.497436246078191,150742107,0,seed43_dsivi_x_shaped,0.060424184426665306,43,x_shaped
6000,DSIVI,0.6,5.07296030286045,2014447859,1,seed43_dsivi_x_shaped,0.06161005608737469,43,x_shaped
6000,DSIVI,0.6,3.0328751570457353,711338050,2,seed43_dsivi_x_shaped,0.061706896871328354,43,x_shaped
6000,DSIVI,0.6,4.586052258183034,2099032870,3,seed43_dsivi_x_shaped,0.061038415879011154,43,x_shaped
6000,DSIVI,0.6,4.3183536188417095,1633001826,4,seed43_dsivi_x_shaped,0.06041359528899193,43,x_shaped
6000,DSIVI,0.6,7.095175612981656,1327999007,5,seed43_dsivi_x_shaped,0.06112554855644703,43,x_shaped
6000,DSIVI,0.6,4.002716316412949,1639556773,6,seed43_dsivi_x_shaped,0.061653219163417816,43,x_shaped
6000,DSIVI,0.6,4.619324054542031,78409841,7,seed43_dsivi_x_shaped,0.061299869790673256,43,x_shaped
6000,DSIVI,0.6,10.220506171296172,1207307754,8,seed43_dsivi_x_shaped,0.06041843071579933,43,x_shaped
6000,DSIVI,0.6,3.4671463276319026,1216125842,9,seed43_dsivi_x_shaped,0.060292189940810204,43,x_shaped
8000,DSIVI,0.8,32.32491839805612,1709201003,0,seed43_dsivi_x_shaped,0.060409633442759514,43,x_shaped
8000,DSIVI,0.8,226.25714238285582,169753902,1,seed43_dsivi_x_shaped,0.06029321812093258,43,x_shaped
8000,DSIVI,0.8,9.810506282101768,364398657,2,seed43_dsivi_x_shaped,0.060598913580179214,43,x_shaped
8000,DSIVI,0.8,63.445114258511424,876342310,3,seed43_dsivi_x_shaped,0.06041986681520939,43,x_shaped
8000,DSIVI,0.8,69.00706900189358,1091362521,4,seed43_dsivi_x_shaped,0.06053020805120468,43,x_shaped
8000,DSIVI,0.8,207.09643048109461,1647375241,5,seed43_dsivi_x_shaped,0.06141342595219612,43,x_shaped
8000,DSIVI,0.8,230.04058457064673,1539445029,6,seed43_dsivi_x_shaped,0.06154840253293514,43,x_shaped
8000,DSIVI,0.8,40.007814923245434,1043600825,7,seed43_dsivi_x_shaped,0.06067713163793087,43,x_shaped
8000,DSIVI,0.8,146.6852573288444,1806455493,8,seed43_dsivi_x_shaped,0.06035683862864971,43,x_shaped
8000,DSIVI,0.8,59.22882423601648,1072688605,9,seed43_dsivi_x_shaped,0.060339029878377914,43,x_shaped
10000,DSIVI,1.0,8.126403489539218,1603117750,0,seed43_dsivi_x_shaped,0.06078786961734295,43,x_shaped
10000,DSIVI,1.0,9.968955880628815,1569838136,1,seed43_dsivi_x_shaped,0.061522651463747025,43,x_shaped
10000,DSIVI,1.0,5.365338736839933,1881965398,2,seed43_dsivi_x_shaped,0.061662670224905014,43,x_shaped
10000,DSIVI,1.0,7.357226155392756,614044514,3,seed43_dsivi_x_shaped,0.06047295592725277,43,x_shaped
10000,DSIVI,1.0,10.305404984743765,1749648920,4,seed43_dsivi_x_shaped,0.06039555184543133,43,x_shaped
10000,DSIVI,1.0,5.7465507781158465,711931115,5,seed43_dsivi_x_shaped,0.061584124341607094,43,x_shaped
10000,DSIVI,1.0,5.783197247105349,1567492868,6,seed43_dsivi_x_shaped,0.061717474833130836,43,x_shaped
10000,DSIVI,1.0,9.768086874946635,1061132772,7,seed43_dsivi_x_shaped,0.06105600297451019,43,x_shaped
10000,DSIVI,1.0,20.592573347414145,926082340,8,seed43_dsivi_x_shaped,0.06032745726406574,43,x_shaped
10000,DSIVI,1.0,9.92937097989805,637257480,9,seed43_dsivi_x_shaped,0.06040431186556816,43,x_shaped
2000,DSIVI,0.2,46.85818352278361,2126855067,0,seed44_dsivi_x_shaped,0.060890354216098785,44,x_shaped
2000,DSIVI,0.2,19.186625091224954,837109121,1,seed44_dsivi_x_shaped,0.06042572669684887,44,x_shaped
2000,DSIVI,0.2,12.649416141111402,1908906412,2,seed44_dsivi_x_shaped,0.06018128991127014,44,x_shaped
2000,DSIVI,0.2,24.945315023645044,702062359,3,seed44_dsivi_x_shaped,0.06038866750895977,44,x_shaped
2000,DSIVI,0.2,28.284719549924375,728849901,4,seed44_dsivi_x_shaped,0.06111212261021137,44,x_shaped
2000,DSIVI,0.2,54.04462512740737,1272033300,5,seed44_dsivi_x_shaped,0.06138992868363857,44,x_shaped
2000,DSIVI,0.2,12.962776280016516,2074765205,6,seed44_dsivi_x_shaped,0.060659920796751976,44,x_shaped
2000,DSIVI,0.2,19.79985514138008,1259122179,7,seed44_dsivi_x_shaped,0.06180152669548988,44,x_shaped
2000,DSIVI,0.2,12.456997997650511,1518148222,8,seed44_dsivi_x_shaped,0.06081224046647549,44,x_shaped
2000,DSIVI,0.2,19.59909553131735,1252539401,9,seed44_dsivi_x_shaped,0.06074380874633789,44,x_shaped
4000,DSIVI,0.4,4.7673551467374455,333426025,0,seed44_dsivi_x_shaped,0.061640651896595955,44,x_shaped
4000,DSIVI,0.4,4.826062578361169,1060578443,1,seed44_dsivi_x_shaped,0.06145856902003288,44,x_shaped
4000,DSIVI,0.4,4.504158092929181,1823005945,2,seed44_dsivi_x_shaped,0.06046825833618641,44,x_shaped
4000,DSIVI,0.4,5.311143130915318,41504446,3,seed44_dsivi_x_shaped,0.06051718257367611,44,x_shaped
4000,DSIVI,0.4,5.780305678293129,2018464545,4,seed44_dsivi_x_shaped,0.06182787008583546,44,x_shaped
4000,DSIVI,0.4,4.32602578925896,1919107041,5,seed44_dsivi_x_shaped,0.06167987920343876,44,x_shaped
4000,DSIVI,0.4,6.249251365659795,654027575,6,seed44_dsivi_x_shaped,0.061200471594929695,44,x_shaped
4000,DSIVI,0.4,3.3261720065342013,1187068708,7,seed44_dsivi_x_shaped,0.060417620465159416,44,x_shaped
4000,DSIVI,0.4,5.299372550851592,1938264594,8,seed44_dsivi_x_shaped,0.06041907146573067,44,x_shaped
4000,DSIVI,0.4,5.499028246203301,503445531,9,seed44_dsivi_x_shaped,0.06055920012295246,44,x_shaped
6000,DSIVI,0.6,7.204137556038159,1355058129,0,seed44_dsivi_x_shaped,0.06072620674967766,44,x_shaped
6000,DSIVI,0.6,5.815643044345297,1398407138,1,seed44_dsivi_x_shaped,0.06043469347059727,44,x_shaped
6000,DSIVI,0.6,6.596338253038347,631561693,2,seed44_dsivi_x_shaped,0.0603129044175148,44,x_shaped
6000,DSIVI,0.6,8.054723053348312,575324676,3,seed44_dsivi_x_shaped,0.06095961667597294,44,x_shaped
6000,DSIVI,0.6,9.525807753129817,349693538,4,seed44_dsivi_x_shaped,0.061413299292325974,44,x_shaped
6000,DSIVI,0.6,6.130214626672587,315241831,5,seed44_dsivi_x_shaped,0.06141022965312004,44,x_shaped
6000,DSIVI,0.6,6.879248326223374,1159010087,6,seed44_dsivi_x_shaped,0.06064791791141033,44,x_shaped
6000,DSIVI,0.6,6.12957542290939,846035016,7,seed44_dsivi_x_shaped,0.06033960543572903,44,x_shaped
6000,DSIVI,0.6,5.593286042914456,1520267665,8,seed44_dsivi_x_shaped,0.060422927141189575,44,x_shaped
6000,DSIVI,0.6,6.396125161201509,1982797959,9,seed44_dsivi_x_shaped,0.06081080436706543,44,x_shaped
8000,DSIVI,0.8,18.131111497561264,1219455272,0,seed44_dsivi_x_shaped,0.06129033491015434,44,x_shaped
8000,DSIVI,0.8,40.418018566947865,1863864710,1,seed44_dsivi_x_shaped,0.06076236814260483,44,x_shaped
8000,DSIVI,0.8,20.214989596297052,153456149,2,seed44_dsivi_x_shaped,0.06001267582178116,44,x_shaped
8000,DSIVI,0.8,64.80639730400284,1509830794,3,seed44_dsivi_x_shaped,0.060262711718678474,44,x_shaped
8000,DSIVI,0.8,25.56183814436759,1170037296,4,seed44_dsivi_x_shaped,0.06106740981340408,44,x_shaped
8000,DSIVI,0.8,20.510998467578414,924049644,5,seed44_dsivi_x_shaped,0.06112869270145893,44,x_shaped
8000,DSIVI,0.8,31.647705356060705,1844616164,6,seed44_dsivi_x_shaped,0.06013341620564461,44,x_shaped
8000,DSIVI,0.8,30.29876163450987,1307569035,7,seed44_dsivi_x_shaped,0.059961458668112755,44,x_shaped
8000,DSIVI,0.8,25.256884485565568,1678093097,8,seed44_dsivi_x_shaped,0.05986024625599384,44,x_shaped
8000,DSIVI,0.8,26.239738555644877,1533726114,9,seed44_dsivi_x_shaped,0.060023294761776924,44,x_shaped
10000,DSIVI,1.0,49.25676444255032,1537970256,0,seed44_dsivi_x_shaped,0.0602409727871418,44,x_shaped
10000,DSIVI,1.0,34.63411178090328,540073397,1,seed44_dsivi_x_shaped,0.05988330580294132,44,x_shaped
10000,DSIVI,1.0,17.079385024548806,1329232713,2,seed44_dsivi_x_shaped,0.059943219646811485,44,x_shaped
10000,DSIVI,1.0,10.372404494962723,1779130153,3,seed44_dsivi_x_shaped,0.06076299957931042,44,x_shaped
10000,DSIVI,1.0,78.1745309953516,822027493,4,seed44_dsivi_x_shaped,0.06120629794895649,44,x_shaped
10000,DSIVI,1.0,61.464308157442744,1911409533,5,seed44_dsivi_x_shaped,0.06065085530281067,44,x_shaped
10000,DSIVI,1.0,27.297992576399608,515701475,6,seed44_dsivi_x_shaped,0.06001954525709152,44,x_shaped
10000,DSIVI,1.0,64.69336893097868,571137914,7,seed44_dsivi_x_shaped,0.06009216606616974,44,x_shaped
10000,DSIVI,1.0,18.362664701950475,1281839434,8,seed44_dsivi_x_shaped,0.0600112434476614,44,x_shaped
10000,DSIVI,1.0,48.79883356186951,1093368881,9,seed44_dsivi_x_shaped,0.06091391108930111,44,x_shaped
2000,DSIVI,0.2,9.186775717250441,832415294,0,seed45_dsivi_x_shaped,0.06076452136039734,45,x_shaped
2000,DSIVI,0.2,8.650637095289802,2130176731,1,seed45_dsivi_x_shaped,0.061005815863609314,45,x_shaped
2000,DSIVI,0.2,11.122874561786832,1428992025,2,seed45_dsivi_x_shaped,0.061625316739082336,45,x_shaped
2000,DSIVI,0.2,7.418529747839352,1214674115,3,seed45_dsivi_x_shaped,0.061452487483620644,45,x_shaped
2000,DSIVI,0.2,17.261209037909055,1960699972,4,seed45_dsivi_x_shaped,0.06028586998581886,45,x_shaped
2000,DSIVI,0.2,11.432605443956142,208721375,5,seed45_dsivi_x_shaped,0.06034954451024532,45,x_shaped
2000,DSIVI,0.2,12.620865102847052,431044765,6,seed45_dsivi_x_shaped,0.060289015993475914,45,x_shaped
2000,DSIVI,0.2,8.867990568391784,1923433449,7,seed45_dsivi_x_shaped,0.06025009974837303,45,x_shaped
2000,DSIVI,0.2,6.899728032136645,444172671,8,seed45_dsivi_x_shaped,0.06058930419385433,45,x_shaped
2000,DSIVI,0.2,414.530383226743,129622388,9,seed45_dsivi_x_shaped,0.06226024962961674,45,x_shaped
4000,DSIVI,0.4,11.354837881155847,1541647121,0,seed45_dsivi_x_shaped,0.060752058401703835,45,x_shaped
4000,DSIVI,0.4,15.091590507990222,802775651,1,seed45_dsivi_x_shaped,0.06116117909550667,45,x_shaped
4000,DSIVI,0.4,11.320887505170449,1454228407,2,seed45_dsivi_x_shaped,0.06167863309383392,45,x_shaped
4000,DSIVI,0.4,13.918853967220315,312662002,3,seed45_dsivi_x_shaped,0.06078146584331989,45,x_shaped
4000,DSIVI,0.4,9.92926022243446,1379054933,4,seed45_dsivi_x_shaped,0.06041425280272961,45,x_shaped
4000,DSIVI,0.4,6.423682079980246,1421186373,5,seed45_dsivi_x_shaped,0.06057446636259556,45,x_shaped
4000,DSIVI,0.4,31.79552310568364,252346472,6,seed45_dsivi_x_shaped,0.0607227124273777,45,x_shaped
4000,DSIVI,0.4,16.78738773715953,1171889213,7,seed45_dsivi_x_shaped,0.0609995499253273,45,x_shaped
4000,DSIVI,0.4,38.176832030203144,15062042,8,seed45_dsivi_x_shaped,0.06100681610405445,45,x_shaped
4000,DSIVI,0.4,4.481267756330368,1512191673,9,seed45_dsivi_x_shaped,0.06050786375999451,45,x_shaped
6000,DSIVI,0.6,7.6590796422301,715800374,0,seed45_dsivi_x_shaped,0.059944456443190575,45,x_shaped
6000,DSIVI,0.6,2.7468208426807896,861943193,1,seed45_dsivi_x_shaped,0.06068149395287037,45,x_shaped
6000,DSIVI,0.6,3.7766781373067513,141734604,2,seed45_dsivi_x_shaped,0.061127956956624985,45,x_shaped
6000,DSIVI,0.6,6.30067560416818,1291993437,3,seed45_dsivi_x_shaped,0.06065415218472481,45,x_shaped
6000,DSIVI,0.6,2.357750244302732,725388815,4,seed45_dsivi_x_shaped,0.059766676276922226,45,x_shaped
6000,DSIVI,0.6,2.303924332731296,1981671295,5,seed45_dsivi_x_shaped,0.05993334949016571,45,x_shaped
6000,DSIVI,0.6,3.9998106357461225,1925801261,6,seed45_dsivi_x_shaped,0.059973739087581635,45,x_shaped
6000,DSIVI,0.6,2.658840828225923,242509723,7,seed45_dsivi_x_shaped,0.05995268002152443,45,x_shaped
6000,DSIVI,0.6,2.3702434738442637,1605967422,8,seed45_dsivi_x_shaped,0.06030854023993015,45,x_shaped
6000,DSIVI,0.6,2.715901756758168,106909682,9,seed45_dsivi_x_shaped,0.060068510472774506,45,x_shaped
8000,DSIVI,0.8,9.504449789320308,1339537001,0,seed45_dsivi_x_shaped,0.06052751839160919,45,x_shaped
8000,DSIVI,0.8,26.11186854099941,2138836692,1,seed45_dsivi_x_shaped,0.06094629317522049,45,x_shaped
8000,DSIVI,0.8,5.513640613938432,2055895561,2,seed45_dsivi_x_shaped,0.06107083521783352,45,x_shaped
8000,DSIVI,0.8,15.465978429324924,159865303,3,seed45_dsivi_x_shaped,0.05999019555747509,45,x_shaped
8000,DSIVI,0.8,134.7026890639156,1065086077,4,seed45_dsivi_x_shaped,0.05985197611153126,45,x_shaped
8000,DSIVI,0.8,10.652007583747753,1491061233,5,seed45_dsivi_x_shaped,0.05989149026572704,45,x_shaped
8000,DSIVI,0.8,42.035055010585616,1996656301,6,seed45_dsivi_x_shaped,0.060135163366794586,45,x_shaped
8000,DSIVI,0.8,2.9943777188237273,1428039170,7,seed45_dsivi_x_shaped,0.06114519201219082,45,x_shaped
8000,DSIVI,0.8,2.2686299548341595,238226459,8,seed45_dsivi_x_shaped,0.06971298716962337,45,x_shaped
8000,DSIVI,0.8,8.066370237071041,1266692818,9,seed45_dsivi_x_shaped,0.059882547706365585,45,x_shaped
10000,DSIVI,1.0,2.8919555987080474,1826186352,0,seed45_dsivi_x_shaped,0.05993969179689884,45,x_shaped
10000,DSIVI,1.0,2.466393227145102,1450512147,1,seed45_dsivi_x_shaped,0.06078901141881943,45,x_shaped
10000,DSIVI,1.0,1.6775886591449514,1499662679,2,seed45_dsivi_x_shaped,0.06072234734892845,45,x_shaped
10000,DSIVI,1.0,2.4872598729241515,667219320,3,seed45_dsivi_x_shaped,0.059867290779948235,45,x_shaped
10000,DSIVI,1.0,1.4121290709412337,2095534805,4,seed45_dsivi_x_shaped,0.06025641784071922,45,x_shaped
10000,DSIVI,1.0,1.8188818502960609,78417966,5,seed45_dsivi_x_shaped,0.05956106074154377,45,x_shaped
10000,DSIVI,1.0,2.7724338569599505,735171212,6,seed45_dsivi_x_shaped,0.05964941158890724,45,x_shaped
10000,DSIVI,1.0,2.9685599991795764,1834953066,7,seed45_dsivi_x_shaped,0.06002885475754738,45,x_shaped
10000,DSIVI,1.0,2.1275842389466275,1152180822,8,seed45_dsivi_x_shaped,0.05975339189171791,45,x_shaped
10000,DSIVI,1.0,2.691114386800809,951572585,9,seed45_dsivi_x_shaped,0.05988296680152416,45,x_shaped
2000,DSIVI,0.2,567.1891805085443,1317981440,0,seed46_dsivi_x_shaped,0.061454178765416145,46,x_shaped
2000,DSIVI,0.2,212.9127323658261,1821222938,1,seed46_dsivi_x_shaped,0.06087976694107056,46,x_shaped
2000,DSIVI,0.2,103.17624017036721,719783721,2,seed46_dsivi_x_shaped,0.0601224210113287,46,x_shaped
2000,DSIVI,0.2,159.68025644936182,376324897,3,seed46_dsivi_x_shaped,0.05985163152217865,46,x_shaped
2000,DSIVI,0.2,89.13923687426649,1329925031,4,seed46_dsivi_x_shaped,0.05990525521337986,46,x_shaped
2000,DSIVI,0.2,108.51667339939851,844050508,5,seed46_dsivi_x_shaped,0.060095787048339844,46,x_shaped
2000,DSIVI,0.2,203.40033347430352,1439035031,6,seed46_dsivi_x_shaped,0.061005597934126854,46,x_shaped
2000,DSIVI,0.2,222.96917823912122,15119779,7,seed46_dsivi_x_shaped,0.06136525049805641,46,x_shaped
2000,DSIVI,0.2,58.54062019899763,914036008,8,seed46_dsivi_x_shaped,0.06016234681010246,46,x_shaped
2000,DSIVI,0.2,282.60752146246335,1032802968,9,seed46_dsivi_x_shaped,0.059935158118605614,46,x_shaped
4000,DSIVI,0.4,5.230566500338471,263375651,0,seed46_dsivi_x_shaped,0.06128469854593277,46,x_shaped
4000,DSIVI,0.4,59.94258289641479,629256214,1,seed46_dsivi_x_shaped,0.06107715331017971,46,x_shaped
4000,DSIVI,0.4,13.345923014827267,1448925631,2,seed46_dsivi_x_shaped,0.06040335074067116,46,x_shaped
4000,DSIVI,0.4,17.840903314250788,1637781760,3,seed46_dsivi_x_shaped,0.05991039611399174,46,x_shaped
4000,DSIVI,0.4,12.681943087080459,353345861,4,seed46_dsivi_x_shaped,0.05996623635292053,46,x_shaped
4000,DSIVI,0.4,10.537241740099638,1479317796,5,seed46_dsivi_x_shaped,0.05998353660106659,46,x_shaped
4000,DSIVI,0.4,23.16099193454219,1027893806,6,seed46_dsivi_x_shaped,0.05974861979484558,46,x_shaped
4000,DSIVI,0.4,7.443915057201693,1566801831,7,seed46_dsivi_x_shaped,0.060396989807486534,46,x_shaped
4000,DSIVI,0.4,9.327245070085107,1831953499,8,seed46_dsivi_x_shaped,0.059923719614744186,46,x_shaped
4000,DSIVI,0.4,13.928796768412393,90100117,9,seed46_dsivi_x_shaped,0.06066237762570381,46,x_shaped
6000,DSIVI,0.6,48.871929086546665,1661013161,0,seed46_dsivi_x_shaped,0.060781676322221756,46,x_shaped
6000,DSIVI,0.6,27.107598217455333,1061760048,1,seed46_dsivi_x_shaped,0.06071033515036106,46,x_shaped
6000,DSIVI,0.6,51.93250665225688,576072048,2,seed46_dsivi_x_shaped,0.0596015527844429,46,x_shaped
6000,DSIVI,0.6,8.727763348834786,1300504115,3,seed46_dsivi_x_shaped,0.05967229790985584,46,x_shaped
6000,DSIVI,0.6,11.19826103120037,1609255879,4,seed46_dsivi_x_shaped,0.059820614755153656,46,x_shaped
6000,DSIVI,0.6,144.3890785675019,1938014483,5,seed46_dsivi_x_shaped,0.060230907052755356,46,x_shaped
6000,DSIVI,0.6,212.77601129578963,1941831856,6,seed46_dsivi_x_shaped,0.06077300012111664,46,x_shaped
6000,DSIVI,0.6,80.9747199617798,799583354,7,seed46_dsivi_x_shaped,0.06096561253070831,46,x_shaped
6000,DSIVI,0.6,8.350288704360043,339127143,8,seed46_dsivi_x_shaped,0.05986805446445942,46,x_shaped
6000,DSIVI,0.6,18.985481065777904,1001465270,9,seed46_dsivi_x_shaped,0.059828052297234535,46,x_shaped
8000,DSIVI,0.8,13.378810885261448,1136876456,0,seed46_dsivi_x_shaped,0.06092298775911331,46,x_shaped
8000,DSIVI,0.8,6.177094822063246,618191704,1,seed46_dsivi_x_shaped,0.06102530099451542,46,x_shaped
8000,DSIVI,0.8,11.089436017922072,140959926,2,seed46_dsivi_x_shaped,0.05992891453206539,46,x_shaped
8000,DSIVI,0.8,16.47216159170881,927477001,3,seed46_dsivi_x_shaped,0.05965727940201759,46,x_shaped
8000,DSIVI,0.8,26.60484139565794,1522676850,4,seed46_dsivi_x_shaped,0.05972870998084545,46,x_shaped
8000,DSIVI,0.8,21.233531483543473,1303578344,5,seed46_dsivi_x_shaped,0.05973027087748051,46,x_shaped
8000,DSIVI,0.8,11.479250375310059,430755697,6,seed46_dsivi_x_shaped,0.05977386236190796,46,x_shaped
8000,DSIVI,0.8,12.331210490237842,1091978128,7,seed46_dsivi_x_shaped,0.05986177362501621,46,x_shaped
8000,DSIVI,0.8,55.293303667460634,1705132239,8,seed46_dsivi_x_shaped,0.05982406809926033,46,x_shaped
8000,DSIVI,0.8,28.644924807401797,1958185472,9,seed46_dsivi_x_shaped,0.060355331748723984,46,x_shaped
10000,DSIVI,1.0,10.619816921174516,12274470,0,seed46_dsivi_x_shaped,0.06180253252387047,46,x_shaped
10000,DSIVI,1.0,13.6988098945022,610607681,1,seed46_dsivi_x_shaped,0.06043117679655552,46,x_shaped
10000,DSIVI,1.0,10.814800182236421,971948414,2,seed46_dsivi_x_shaped,0.05976044200360775,46,x_shaped
10000,DSIVI,1.0,7.944482348570249,389969726,3,seed46_dsivi_x_shaped,0.05970288813114166,46,x_shaped
10000,DSIVI,1.0,9.704999022705321,1903141193,4,seed46_dsivi_x_shaped,0.06027543544769287,46,x_shaped
10000,DSIVI,1.0,6.47067658260635,1779637629,5,seed46_dsivi_x_shaped,0.06053529120981693,46,x_shaped
10000,DSIVI,1.0,11.808262661763964,426140088,6,seed46_dsivi_x_shaped,0.060868050903081894,46,x_shaped
10000,DSIVI,1.0,11.974069630929169,988853324,7,seed46_dsivi_x_shaped,0.06062974967062473,46,x_shaped
10000,DSIVI,1.0,10.849763400794389,1892591352,8,seed46_dsivi_x_shaped,0.059775833040475845,46,x_shaped
10000,DSIVI,1.0,5.755256597578061,2088733391,9,seed46_dsivi_x_shaped,0.060740312561392784,46,x_shaped
2000,SIVI,0.2,0.001316920269994321,1537240768,0,seed42_sivi_8_gaussians,0.06136378273367882,42,8_gaussians
2000,SIVI,0.2,0.0008677183183833501,1052865078,1,seed42_sivi_8_gaussians,0.061744509264826775,42,8_gaussians
2000,SIVI,0.2,0.0014953728884949272,27261825,2,seed42_sivi_8_gaussians,0.06010189652442932,42,8_gaussians
2000,SIVI,0.2,0.0013528840513676197,342529246,3,seed42_sivi_8_gaussians,0.06005760841071606,42,8_gaussians
2000,SIVI,0.2,0.0013405291051300336,1941647924,4,seed42_sivi_8_gaussians,0.06178365461528301,42,8_gaussians
2000,SIVI,0.2,0.0012590257600986314,427847786,5,seed42_sivi_8_gaussians,0.05996485985815525,42,8_gaussians
2000,SIVI,0.2,0.0011153478470896927,1815086831,6,seed42_sivi_8_gaussians,0.060281140729784966,42,8_gaussians
2000,SIVI,0.2,0.0009975228426008646,1788645614,7,seed42_sivi_8_gaussians,0.060013798996806145,42,8_gaussians
2000,SIVI,0.2,0.00137358116573622,397046911,8,seed42_sivi_8_gaussians,0.060495976358652115,42,8_gaussians
2000,SIVI,0.2,0.0009658021406368333,1292864151,9,seed42_sivi_8_gaussians,0.06117814965546131,42,8_gaussians
4000,SIVI,0.4,0.0031895769769033945,1929317251,0,seed42_sivi_8_gaussians,0.06280541978776455,42,8_gaussians
4000,SIVI,0.4,0.003656013064303373,2114882185,1,seed42_sivi_8_gaussians,0.05981811508536339,42,8_gaussians
4000,SIVI,0.4,0.003498104404688554,1064699793,2,seed42_sivi_8_gaussians,0.05974685400724411,42,8_gaussians
4000,SIVI,0.4,0.003313760289727968,1051912092,3,seed42_sivi_8_gaussians,0.06077355891466141,42,8_gaussians
4000,SIVI,0.4,0.0037115630591444716,1187373359,4,seed42_sivi_8_gaussians,0.06000467948615551,42,8_gaussians
4000,SIVI,0.4,0.0034703766787880933,2061971084,5,seed42_sivi_8_gaussians,0.06089157238602638,42,8_gaussians
4000,SIVI,0.4,0.003106853059958541,956428073,6,seed42_sivi_8_gaussians,0.06089412607252598,42,8_gaussians
4000,SIVI,0.4,0.0029619534458184002,2128201243,7,seed42_sivi_8_gaussians,0.060033341869711876,42,8_gaussians
4000,SIVI,0.4,0.0031667667780879267,1348069757,8,seed42_sivi_8_gaussians,0.059968095272779465,42,8_gaussians
4000,SIVI,0.4,0.00513208053026159,1447536202,9,seed42_sivi_8_gaussians,0.06109558418393135,42,8_gaussians
6000,SIVI,0.6,0.005442520528927516,2146702602,0,seed42_sivi_8_gaussians,0.06525859050452709,42,8_gaussians
6000,SIVI,0.6,0.0032092645172778914,1872839657,1,seed42_sivi_8_gaussians,0.06009609252214432,42,8_gaussians
6000,SIVI,0.6,0.004554892439738343,663681405,2,seed42_sivi_8_gaussians,0.059702564030885696,42,8_gaussians
6000,SIVI,0.6,0.00336619640577594,1283940660,3,seed42_sivi_8_gaussians,0.060022080317139626,42,8_gaussians
6000,SIVI,0.6,0.004589790753297861,2101214310,4,seed42_sivi_8_gaussians,0.06008190102875233,42,8_gaussians
6000,SIVI,0.6,0.005159417178559767,282489293,5,seed42_sivi_8_gaussians,0.06059934012591839,42,8_gaussians
6000,SIVI,0.6,0.003504927023045026,424285561,6,seed42_sivi_8_gaussians,0.06008639372885227,42,8_gaussians
6000,SIVI,0.6,0.005055300092479919,893023536,7,seed42_sivi_8_gaussians,0.059984661638736725,42,8_gaussians
6000,SIVI,0.6,0.004440358607261962,323773333,8,seed42_sivi_8_gaussians,0.06078777834773064,42,8_gaussians
6000,SIVI,0.6,0.0038953315119422552,764248353,9,seed42_sivi_8_gaussians,0.06168074160814285,42,8_gaussians
8000,SIVI,0.8,0.00434699210707907,2077340856,0,seed42_sivi_8_gaussians,0.06129643693566322,42,8_gaussians
8000,SIVI,0.8,0.004933488691461139,410096705,1,seed42_sivi_8_gaussians,0.06042106822133064,42,8_gaussians
8000,SIVI,0.8,0.003850191917050819,1068400225,2,seed42_sivi_8_gaussians,0.06041800230741501,42,8_gaussians
8000,SIVI,0.8,0.005134096414700995,1592212230,3,seed42_sivi_8_gaussians,0.06029779650270939,42,8_gaussians
8000,SIVI,0.8,0.004461409568418731,498403222,4,seed42_sivi_8_gaussians,0.06107977777719498,42,8_gaussians
8000,SIVI,0.8,0.004406961675315086,352332491,5,seed42_sivi_8_gaussians,0.06149859540164471,42,8_gaussians
8000,SIVI,0.8,0.0042468141565900645,1307799829,6,seed42_sivi_8_gaussians,0.06118006631731987,42,8_gaussians
8000,SIVI,0.8,0.004512501908606588,17428392,7,seed42_sivi_8_gaussians,0.06048739515244961,42,8_gaussians
8000,SIVI,0.8,0.004390887211443648,1165720238,8,seed42_sivi_8_gaussians,0.06090107187628746,42,8_gaussians
8000,SIVI,0.8,0.004212419816674881,1574199366,9,seed42_sivi_8_gaussians,0.06167769245803356,42,8_gaussians
10000,SIVI,1.0,0.005158460489082388,1788891816,0,seed42_sivi_8_gaussians,0.06161208264529705,42,8_gaussians
10000,SIVI,1.0,0.00527020387902455,1260295575,1,seed42_sivi_8_gaussians,0.06036224961280823,42,8_gaussians
10000,SIVI,1.0,0.005100696149483948,1684446830,2,seed42_sivi_8_gaussians,0.060299862176179886,42,8_gaussians
10000,SIVI,1.0,0.005331207978118637,1394414683,3,seed42_sivi_8_gaussians,0.06026589125394821,42,8_gaussians
10000,SIVI,1.0,0.005439226847016521,1472711910,4,seed42_sivi_8_gaussians,0.060341959819197655,42,8_gaussians
10000,SIVI,1.0,0.004986909558532702,1834873205,5,seed42_sivi_8_gaussians,0.060458702966570854,42,8_gaussians
10000,SIVI,1.0,0.00498106790617003,1500048229,6,seed42_sivi_8_gaussians,0.06037781946361065,42,8_gaussians
10000,SIVI,1.0,0.005043190822795968,657108330,7,seed42_sivi_8_gaussians,0.060191284865140915,42,8_gaussians
10000,SIVI,1.0,0.004975711096581204,1282865593,8,seed42_sivi_8_gaussians,0.061420440673828125,42,8_gaussians
10000,SIVI,1.0,0.003610768823149132,89459865,9,seed42_sivi_8_gaussians,0.06160511635243893,42,8_gaussians
2000,SIVI,0.2,0.0012872647864247873,1018277171,0,seed43_sivi_8_gaussians,0.060372380539774895,43,8_gaussians
2000,SIVI,0.2,0.0020995096004602105,2088670031,1,seed43_sivi_8_gaussians,0.060304781422019005,43,8_gaussians
2000,SIVI,0.2,0.0011305847090887717,2024527782,2,seed43_sivi_8_gaussians,0.06026079133152962,43,8_gaussians
2000,SIVI,0.2,0.0012082207857875553,2091459607,3,seed43_sivi_8_gaussians,0.06066116504371166,43,8_gaussians
2000,SIVI,0.2,0.0015309112667400294,1728632936,4,seed43_sivi_8_gaussians,0.06113024055957794,43,8_gaussians
2000,SIVI,0.2,0.0015214225819376714,1620193034,5,seed43_sivi_8_gaussians,0.06103257276117802,43,8_gaussians
2000,SIVI,0.2,0.0016904790442928662,3060222,6,seed43_sivi_8_gaussians,0.06036172807216644,43,8_gaussians
2000,SIVI,0.2,0.0013203692740305964,1136189336,7,seed43_sivi_8_gaussians,0.06042575277388096,43,8_gaussians
2000,SIVI,0.2,0.001157211347222479,705841318,8,seed43_sivi_8_gaussians,0.06118498183786869,43,8_gaussians
2000,SIVI,0.2,0.0015909193717974844,1926388057,9,seed43_sivi_8_gaussians,0.06130981631577015,43,8_gaussians
4000,SIVI,0.4,0.0020817389221239446,919126133,0,seed43_sivi_8_gaussians,0.06040329113602638,43,8_gaussians
4000,SIVI,0.4,0.002731549637625749,1369401805,1,seed43_sivi_8_gaussians,0.060240549966692924,43,8_gaussians
4000,SIVI,0.4,0.0021890096967160134,1095479636,2,seed43_sivi_8_gaussians,0.060227224603295326,43,8_gaussians
4000,SIVI,0.4,0.0021401069659347538,1488419011,3,seed43_sivi_8_gaussians,0.060304054990410805,43,8_gaussians
4000,SIVI,0.4,0.002283512110664877,1797363317,4,seed43_sivi_8_gaussians,0.06019222550094128,43,8_gaussians
4000,SIVI,0.4,0.0026862183561664004,1484819889,5,seed43_sivi_8_gaussians,0.059740280732512474,43,8_gaussians
4000,SIVI,0.4,0.002223619897324361,1788015261,6,seed43_sivi_8_gaussians,0.05977473221719265,43,8_gaussians
4000,SIVI,0.4,0.002314307676919044,278463074,7,seed43_sivi_8_gaussians,0.06061311438679695,43,8_gaussians
4000,SIVI,0.4,0.0021568387748404252,2128588212,8,seed43_sivi_8_gaussians,0.06088711880147457,43,8_gaussians
4000,SIVI,0.4,0.00232224611403132,1585713706,9,seed43_sivi_8_gaussians,0.06050416827201843,43,8_gaussians
6000,SIVI,0.6,0.004392073464453052,965164592,0,seed43_sivi_8_gaussians,0.05972788482904434,43,8_gaussians
6000,SIVI,0.6,0.003652078976859213,822243708,1,seed43_sivi_8_gaussians,0.059846093878149986,43,8_gaussians
6000,SIVI,0.6,0.003900300014181208,388102825,2,seed43_sivi_8_gaussians,0.05979173630475998,43,8_gaussians
6000,SIVI,0.6,0.005283023366867385,359441701,3,seed43_sivi_8_gaussians,0.06064764969050884,43,8_gaussians
6000,SIVI,0.6,0.0042311102970757075,1298885005,4,seed43_sivi_8_gaussians,0.060873743146657944,43,8_gaussians
6000,SIVI,0.6,0.005698257600247718,2012866515,5,seed43_sivi_8_gaussians,0.06046606786549091,43,8_gaussians
6000,SIVI,0.6,0.004646300845037879,1730224682,6,seed43_sivi_8_gaussians,0.0599173828959465,43,8_gaussians
6000,SIVI,0.6,0.003946725059154794,1710172608,7,seed43_sivi_8_gaussians,0.06038760207593441,43,8_gaussians
6000,SIVI,0.6,0.004320405471679812,363121904,8,seed43_sivi_8_gaussians,0.06090792641043663,43,8_gaussians
6000,SIVI,0.6,0.0050154405405528815,1545217398,9,seed43_sivi_8_gaussians,0.06069122441112995,43,8_gaussians
8000,SIVI,0.8,0.004223284637343451,1863040311,0,seed43_sivi_8_gaussians,0.0599150825291872,43,8_gaussians
8000,SIVI,0.8,0.004977550621711895,1284803517,1,seed43_sivi_8_gaussians,0.059816909953951836,43,8_gaussians
8000,SIVI,0.8,0.0039059659785114767,1906154311,2,seed43_sivi_8_gaussians,0.059842027723789215,43,8_gaussians
8000,SIVI,0.8,0.00400310934167554,1412196280,3,seed43_sivi_8_gaussians,0.0597232636064291,43,8_gaussians
8000,SIVI,0.8,0.004628509584907386,751159170,4,seed43_sivi_8_gaussians,0.0600326843559742,43,8_gaussians
8000,SIVI,0.8,0.005709822506235813,1304317389,5,seed43_sivi_8_gaussians,0.05973733030259609,43,8_gaussians
8000,SIVI,0.8,0.003463611157899521,204991746,6,seed43_sivi_8_gaussians,0.059759121388196945,43,8_gaussians
8000,SIVI,0.8,0.004618051122275895,1586428792,7,seed43_sivi_8_gaussians,0.06089657545089722,43,8_gaussians
8000,SIVI,0.8,0.0042313835497788405,728693455,8,seed43_sivi_8_gaussians,0.06096128560602665,43,8_gaussians
8000,SIVI,0.8,0.004419428330664913,2126913706,9,seed43_sivi_8_gaussians,0.060284990817308426,43,8_gaussians
10000,SIVI,1.0,0.005292588032361866,436604366,0,seed43_sivi_8_gaussians,0.06135973706841469,43,8_gaussians
10000,SIVI,1.0,0.005273750525591007,461053395,1,seed43_sivi_8_gaussians,0.06039345823228359,43,8_gaussians
10000,SIVI,1.0,0.004273543700527213,1256436714,2,seed43_sivi_8_gaussians,0.060214657336473465,43,8_gaussians
10000,SIVI,1.0,0.005173234139428218,278561603,3,seed43_sivi_8_gaussians,0.06111619435250759,43,8_gaussians
10000,SIVI,1.0,0.004328750913980245,1454839450,4,seed43_sivi_8_gaussians,0.061538346111774445,43,8_gaussians
10000,SIVI,1.0,0.004406744693672469,445295456,5,seed43_sivi_8_gaussians,0.06072947382926941,43,8_gaussians
10000,SIVI,1.0,0.004356525138453344,99655822,6,seed43_sivi_8_gaussians,0.06024216674268246,43,8_gaussians
10000,SIVI,1.0,0.007141170208640897,1766005063,7,seed43_sivi_8_gaussians,0.06074762903153896,43,8_gaussians
10000,SIVI,1.0,0.004652155350173737,149164234,8,seed43_sivi_8_gaussians,0.06147696636617184,43,8_gaussians
10000,SIVI,1.0,0.005758556136196203,411167004,9,seed43_sivi_8_gaussians,0.06119421310722828,43,8_gaussians
2000,SIVI,0.2,0.007913322634477573,1032820529,0,seed44_sivi_8_gaussians,0.06051320396363735,44,8_gaussians
2000,SIVI,0.2,0.0036901235548329166,443408193,1,seed44_sivi_8_gaussians,0.060309939086437225,44,8_gaussians
2000,SIVI,0.2,0.005969011099469796,1629628404,2,seed44_sivi_8_gaussians,0.062331147491931915,44,8_gaussians
2000,SIVI,0.2,0.00282005788124435,1302848884,3,seed44_sivi_8_gaussians,0.06033638305962086,44,8_gaussians
2000,SIVI,0.2,0.003016690344274717,574652703,4,seed44_sivi_8_gaussians,0.06040767580270767,44,8_gaussians
2000,SIVI,0.2,0.0031668889150941485,296408503,5,seed44_sivi_8_gaussians,0.060784025117754936,44,8_gaussians
2000,SIVI,0.2,0.005223859306878559,1110355055,6,seed44_sivi_8_gaussians,0.06092588044703007,44,8_gaussians
2000,SIVI,0.2,0.004336741252768658,516139242,7,seed44_sivi_8_gaussians,0.0613336730748415,44,8_gaussians
2000,SIVI,0.2,0.003940272235069293,47652156,8,seed44_sivi_8_gaussians,0.061074160039424896,44,8_gaussians
2000,SIVI,0.2,0.0035641742850991073,730081590,9,seed44_sivi_8_gaussians,0.060111744329333305,44,8_gaussians
4000,SIVI,0.4,0.0025169492592990975,1117977921,0,seed44_sivi_8_gaussians,0.06033523567020893,44,8_gaussians
4000,SIVI,0.4,0.001780206869673928,1426112456,1,seed44_sivi_8_gaussians,0.06028501130640507,44,8_gaussians
4000,SIVI,0.4,0.0021700312501955095,1594358455,2,seed44_sivi_8_gaussians,0.06107693538069725,44,8_gaussians
4000,SIVI,0.4,0.0024555373123027226,765348734,3,seed44_sivi_8_gaussians,0.06137246638536453,44,8_gaussians
4000,SIVI,0.4,0.0024579177275992586,278765935,4,seed44_sivi_8_gaussians,0.06107574328780174,44,8_gaussians
4000,SIVI,0.4,0.0016985952155254619,894935294,5,seed44_sivi_8_gaussians,0.06044413521885872,44,8_gaussians
4000,SIVI,0.4,0.002320374295221384,1016949227,6,seed44_sivi_8_gaussians,0.06065019592642784,44,8_gaussians
4000,SIVI,0.4,0.002281957946967496,716030789,7,seed44_sivi_8_gaussians,0.061223091557621956,44,8_gaussians
4000,SIVI,0.4,0.0018339335634593218,243774866,8,seed44_sivi_8_gaussians,0.06139475852251053,44,8_gaussians
4000,SIVI,0.4,0.002158374887361062,1902283557,9,seed44_sivi_8_gaussians,0.060296524316072464,44,8_gaussians
6000,SIVI,0.6,0.003820607477653848,256995133,0,seed44_sivi_8_gaussians,0.060325346887111664,44,8_gaussians
6000,SIVI,0.6,0.0028029751110867627,829186769,1,seed44_sivi_8_gaussians,0.060349924489855766,44,8_gaussians
6000,SIVI,0.6,0.006913186310503252,1255104572,2,seed44_sivi_8_gaussians,0.060297053307294846,44,8_gaussians
6000,SIVI,0.6,0.003427980518093154,167392547,3,seed44_sivi_8_gaussians,0.06061113253235817,44,8_gaussians
6000,SIVI,0.6,0.0038209314092303897,483304059,4,seed44_sivi_8_gaussians,0.060314007103443146,44,8_gaussians
6000,SIVI,0.6,0.004464046733011885,997079387,5,seed44_sivi_8_gaussians,0.060252344235777855,44,8_gaussians
6000,SIVI,0.6,0.0033269267316263246,2061814757,6,seed44_sivi_8_gaussians,0.0612353440374136,44,8_gaussians
6000,SIVI,0.6,0.003388541639111455,1997345289,7,seed44_sivi_8_gaussians,0.06130323372781277,44,8_gaussians
6000,SIVI,0.6,0.0032731168092434283,302986789,8,seed44_sivi_8_gaussians,0.0609329454600811,44,8_gaussians
6000,SIVI,0.6,0.003146669153009191,2117039689,9,seed44_sivi_8_gaussians,0.059907397255301476,44,8_gaussians
8000,SIVI,0.8,0.004951482850116911,147330179,0,seed44_sivi_8_gaussians,0.059884022921323776,44,8_gaussians
8000,SIVI,0.8,0.004716040063858259,2121994140,1,seed44_sivi_8_gaussians,0.05993903987109661,44,8_gaussians
8000,SIVI,0.8,0.0064252695584140415,1997214411,2,seed44_sivi_8_gaussians,0.06106375530362129,44,8_gaussians
8000,SIVI,0.8,0.0046210528614458405,1259905069,3,seed44_sivi_8_gaussians,0.06103878282010555,44,8_gaussians
8000,SIVI,0.8,0.006144240315269825,870121229,4,seed44_sivi_8_gaussians,0.06023124046623707,44,8_gaussians
8000,SIVI,0.8,0.004300031603060275,1593705988,5,seed44_sivi_8_gaussians,0.059860337525606155,44,8_gaussians
8000,SIVI,0.8,0.004829196316797182,1199950830,6,seed44_sivi_8_gaussians,0.06066364794969559,44,8_gaussians
8000,SIVI,0.8,0.0041910989703588,517867675,7,seed44_sivi_8_gaussians,0.06087242066860199,44,8_gaussians
8000,SIVI,0.8,0.004368483442155555,1299644395,8,seed44_sivi_8_gaussians,0.060691213235259056,44,8_gaussians
8000,SIVI,0.8,0.00650474347905327,261552611,9,seed44_sivi_8_gaussians,0.059762271121144295,44,8_gaussians
10000,SIVI,1.0,0.00245477670966418,1191615195,0,seed44_sivi_8_gaussians,0.05983408913016319,44,8_gaussians
10000,SIVI,1.0,0.003269237797432742,408531976,1,seed44_sivi_8_gaussians,0.059910379350185394,44,8_gaussians
10000,SIVI,1.0,0.003358291757169839,1363045766,2,seed44_sivi_8_gaussians,0.059790512546896935,44,8_gaussians
10000,SIVI,1.0,0.0030878997137661858,1701509348,3,seed44_sivi_8_gaussians,0.06014000065624714,44,8_gaussians
10000,SIVI,1.0,0.002644001978452414,402663137,4,seed44_sivi_8_gaussians,0.060092637315392494,44,8_gaussians
10000,SIVI,1.0,0.00418100377718715,1896597066,5,seed44_sivi_8_gaussians,0.06005339324474335,44,8_gaussians
10000,SIVI,1.0,0.003072881068847238,299524989,6,seed44_sivi_8_gaussians,0.06082339212298393,44,8_gaussians
10000,SIVI,1.0,0.003295945039208579,206949369,7,seed44_sivi_8_gaussians,0.06115323677659035,44,8_gaussians
10000,SIVI,1.0,0.002932576950703027,647680450,8,seed44_sivi_8_gaussians,0.060042448341846466,44,8_gaussians
10000,SIVI,1.0,0.003706186104305346,1221846773,9,seed44_sivi_8_gaussians,0.05967061594128609,44,8_gaussians
2000,SIVI,0.2,0.0014144926066079438,283903334,0,seed45_sivi_8_gaussians,0.06040289252996445,45,8_gaussians
2000,SIVI,0.2,0.001903982555436366,1219202105,1,seed45_sivi_8_gaussians,0.06097070127725601,45,8_gaussians
2000,SIVI,0.2,0.001408304656590845,660023185,2,seed45_sivi_8_gaussians,0.061545755714178085,45,8_gaussians
2000,SIVI,0.2,0.0022376117699488946,1005220278,3,seed45_sivi_8_gaussians,0.06119440868496895,45,8_gaussians
2000,SIVI,0.2,0.0019887774541243884,2114567853,4,seed45_sivi_8_gaussians,0.06023363210260868,45,8_gaussians
2000,SIVI,0.2,0.001328487359251837,1845397380,5,seed45_sivi_8_gaussians,0.06079287827014923,45,8_gaussians
2000,SIVI,0.2,0.0015723043005401445,280284826,6,seed45_sivi_8_gaussians,0.06128983572125435,45,8_gaussians
2000,SIVI,0.2,0.0016261113447854662,801287525,7,seed45_sivi_8_gaussians,0.061475301161408424,45,8_gaussians
2000,SIVI,0.2,0.0018759769075358695,710576458,8,seed45_sivi_8_gaussians,0.060218723490834236,45,8_gaussians
2000,SIVI,0.2,0.0013620830615547188,2014597823,9,seed45_sivi_8_gaussians,0.06023036874830723,45,8_gaussians
4000,SIVI,0.4,0.0018884924935390537,2143417842,0,seed45_sivi_8_gaussians,0.06020674481987953,45,8_gaussians
4000,SIVI,0.4,0.0023781122627626384,480704034,1,seed45_sivi_8_gaussians,0.0603219848126173,45,8_gaussians
4000,SIVI,0.4,0.0018910259719212542,906891849,2,seed45_sivi_8_gaussians,0.06051242910325527,45,8_gaussians
4000,SIVI,0.4,0.0021989312102772586,368580950,3,seed45_sivi_8_gaussians,0.06031809560954571,45,8_gaussians
4000,SIVI,0.4,0.002112368520648628,370571832,4,seed45_sivi_8_gaussians,0.06025027856230736,45,8_gaussians
4000,SIVI,0.4,0.001528461425012464,230799947,5,seed45_sivi_8_gaussians,0.06102854385972023,45,8_gaussians
4000,SIVI,0.4,0.0023061074499304605,2026023764,6,seed45_sivi_8_gaussians,0.06135638430714607,45,8_gaussians
4000,SIVI,0.4,0.001834308905310567,405112623,7,seed45_sivi_8_gaussians,0.060662079602479935,45,8_gaussians
4000,SIVI,0.4,0.0018262749290015737,2122980410,8,seed45_sivi_8_gaussians,0.06022717244923115,45,8_gaussians
4000,SIVI,0.4,0.0018637014754883593,1975691704,9,seed45_sivi_8_gaussians,0.06015200726687908,45,8_gaussians
6000,SIVI,0.6,0.006267685376642941,458043998,0,seed45_sivi_8_gaussians,0.0604166854172945,45,8_gaussians
6000,SIVI,0.6,0.005053098024423517,681285290,1,seed45_sivi_8_gaussians,0.06145310774445534,45,8_gaussians
6000,SIVI,0.6,0.005612328972477687,1155301516,2,seed45_sivi_8_gaussians,0.061537519097328186,45,8_gaussians
6000,SIVI,0.6,0.005308136675542311,491038160,3,seed45_sivi_8_gaussians,0.06093775853514671,45,8_gaussians
6000,SIVI,0.6,0.005172605016746383,930459742,4,seed45_sivi_8_gaussians,0.06041707284748554,45,8_gaussians
6000,SIVI,0.6,0.00562929996598019,1580510883,5,seed45_sivi_8_gaussians,0.06119121238589287,45,8_gaussians
6000,SIVI,0.6,0.005216137098132312,2092420117,6,seed45_sivi_8_gaussians,0.06133224442601204,45,8_gaussians
6000,SIVI,0.6,0.005467989097188917,337652891,7,seed45_sivi_8_gaussians,0.06122107058763504,45,8_gaussians
6000,SIVI,0.6,0.007262738032162307,1826739973,8,seed45_sivi_8_gaussians,0.06023259274661541,45,8_gaussians
6000,SIVI,0.6,0.005789100608212367,918996537,9,seed45_sivi_8_gaussians,0.06011618673801422,45,8_gaussians
8000,SIVI,0.8,0.0049147323252037006,657759484,0,seed45_sivi_8_gaussians,0.05985590070486069,45,8_gaussians
8000,SIVI,0.8,0.004832276710176471,1868320008,1,seed45_sivi_8_gaussians,0.05978655256330967,45,8_gaussians
8000,SIVI,0.8,0.0051314159339541955,1645881268,2,seed45_sivi_8_gaussians,0.059958791360259056,45,8_gaussians
8000,SIVI,0.8,0.005674216944084392,576035378,3,seed45_sivi_8_gaussians,0.0597541406750679,45,8_gaussians
8000,SIVI,0.8,0.005384836576657302,81023228,4,seed45_sivi_8_gaussians,0.06148364022374153,45,8_gaussians
8000,SIVI,0.8,0.00615881148615619,1173143549,5,seed45_sivi_8_gaussians,0.06199163757264614,45,8_gaussians
8000,SIVI,0.8,0.004834573643921269,2065615052,6,seed45_sivi_8_gaussians,0.06162310391664505,45,8_gaussians
8000,SIVI,0.8,0.005777767352577305,1866355184,7,seed45_sivi_8_gaussians,0.05974782072007656,45,8_gaussians
8000,SIVI,0.8,0.004997727171835853,321272709,8,seed45_sivi_8_gaussians,0.05960453860461712,45,8_gaussians
8000,SIVI,0.8,0.004902171324149986,1586671111,9,seed45_sivi_8_gaussians,0.0594952329993248,45,8_gaussians
10000,SIVI,1.0,0.004645221962611776,1060649126,0,seed45_sivi_8_gaussians,0.0601394884288311,45,8_gaussians
10000,SIVI,1.0,0.00531238071148417,1960811152,1,seed45_sivi_8_gaussians,0.06093871034681797,45,8_gaussians
10000,SIVI,1.0,0.004745826786130402,1063938937,2,seed45_sivi_8_gaussians,0.06097631901502609,45,8_gaussians
10000,SIVI,1.0,0.0037587342874556328,1876999636,3,seed45_sivi_8_gaussians,0.05995502881705761,45,8_gaussians
10000,SIVI,1.0,0.005495324240984725,1174743246,4,seed45_sivi_8_gaussians,0.05979931727051735,45,8_gaussians
10000,SIVI,1.0,0.006025772314413774,703851800,5,seed45_sivi_8_gaussians,0.06073782034218311,45,8_gaussians
10000,SIVI,1.0,0.005450113918665455,190081814,6,seed45_sivi_8_gaussians,0.06083423271775246,45,8_gaussians
10000,SIVI,1.0,0.004194754497394463,892042197,7,seed45_sivi_8_gaussians,0.060404932126402855,45,8_gaussians
10000,SIVI,1.0,0.005169918162527244,1297737924,8,seed45_sivi_8_gaussians,0.05986866541206837,45,8_gaussians
10000,SIVI,1.0,0.0042762836999425905,472996723,9,seed45_sivi_8_gaussians,0.05978425592184067,45,8_gaussians
2000,SIVI,0.2,0.0014378663912059152,119671514,0,seed46_sivi_8_gaussians,0.06019433215260506,46,8_gaussians
2000,SIVI,0.2,0.0014495722739569625,1544125053,1,seed46_sivi_8_gaussians,0.06036609597504139,46,8_gaussians
2000,SIVI,0.2,0.0017928886501875883,625992729,2,seed46_sivi_8_gaussians,0.05962971784174442,46,8_gaussians
2000,SIVI,0.2,0.0014448742436963806,1409497689,3,seed46_sivi_8_gaussians,0.059659527614712715,46,8_gaussians
2000,SIVI,0.2,0.0016055115851188544,868605328,4,seed46_sivi_8_gaussians,0.06059057079255581,46,8_gaussians
2000,SIVI,0.2,0.001549692861290595,112333423,5,seed46_sivi_8_gaussians,0.06104185990989208,46,8_gaussians
2000,SIVI,0.2,0.001566574659960569,1312817792,6,seed46_sivi_8_gaussians,0.06034076400101185,46,8_gaussians
2000,SIVI,0.2,0.0018104258375661896,2030207445,7,seed46_sivi_8_gaussians,0.059790000319480896,46,8_gaussians
2000,SIVI,0.2,0.0016354694542627343,802486821,8,seed46_sivi_8_gaussians,0.059827111661434174,46,8_gaussians
2000,SIVI,0.2,0.0019204902526759452,496038801,9,seed46_sivi_8_gaussians,0.059545211493968964,46,8_gaussians
4000,SIVI,0.4,0.0027189675491575255,1398337658,0,seed46_sivi_8_gaussians,0.061225712299346924,46,8_gaussians
4000,SIVI,0.4,0.0025632596089224407,505260409,1,seed46_sivi_8_gaussians,0.06142757460474968,46,8_gaussians
4000,SIVI,0.4,0.0023687679034455674,387345012,2,seed46_sivi_8_gaussians,0.06077202036976814,46,8_gaussians
4000,SIVI,0.4,0.002683359995044949,1202059088,3,seed46_sivi_8_gaussians,0.06012645736336708,46,8_gaussians
4000,SIVI,0.4,0.0024583818968688296,1948176532,4,seed46_sivi_8_gaussians,0.060835450887680054,46,8_gaussians
4000,SIVI,0.4,0.0015529965964793896,1405272320,5,seed46_sivi_8_gaussians,0.06142179295420647,46,8_gaussians
4000,SIVI,0.4,0.0027505491536513865,1895859257,6,seed46_sivi_8_gaussians,0.060829171910881996,46,8_gaussians
4000,SIVI,0.4,0.0021587100303625466,1610584880,7,seed46_sivi_8_gaussians,0.05970453843474388,46,8_gaussians
4000,SIVI,0.4,0.0020756146971612852,1250155157,8,seed46_sivi_8_gaussians,0.05984762869775295,46,8_gaussians
4000,SIVI,0.4,0.0019558449949010183,1362338211,9,seed46_sivi_8_gaussians,0.05982629209756851,46,8_gaussians
6000,SIVI,0.6,0.003761799223510118,243998473,0,seed46_sivi_8_gaussians,0.05977519601583481,46,8_gaussians
6000,SIVI,0.6,0.004201368837377586,1496962925,1,seed46_sivi_8_gaussians,0.060118671506643295,46,8_gaussians
6000,SIVI,0.6,0.0042770210529167706,1486303876,2,seed46_sivi_8_gaussians,0.05977293662726879,46,8_gaussians
6000,SIVI,0.6,0.0035244810668573863,1718718063,3,seed46_sivi_8_gaussians,0.05976102314889431,46,8_gaussians
6000,SIVI,0.6,0.004701709387314534,332742440,4,seed46_sivi_8_gaussians,0.06094905361533165,46,8_gaussians
6000,SIVI,0.6,0.0036194383346626864,1831705923,5,seed46_sivi_8_gaussians,0.06115501746535301,46,8_gaussians
6000,SIVI,0.6,0.005890904309940091,312106447,6,seed46_sivi_8_gaussians,0.06150734797120094,46,8_gaussians
6000,SIVI,0.6,0.006052269886411497,205231779,7,seed46_sivi_8_gaussians,0.05966765433549881,46,8_gaussians
6000,SIVI,0.6,0.0037666977495522504,818244240,8,seed46_sivi_8_gaussians,0.060418736189603806,46,8_gaussians
6000,SIVI,0.6,0.0050177301257737575,1193122008,9,seed46_sivi_8_gaussians,0.05956735461950302,46,8_gaussians
8000,SIVI,0.8,0.005043775963073134,151601385,0,seed46_sivi_8_gaussians,0.06072700954973698,46,8_gaussians
8000,SIVI,0.8,0.005971102075719829,1336180581,1,seed46_sivi_8_gaussians,0.060647113248705864,46,8_gaussians
8000,SIVI,0.8,0.005755575433526915,1685096707,2,seed46_sivi_8_gaussians,0.06126627326011658,46,8_gaussians
8000,SIVI,0.8,0.004494020654726476,1174690853,3,seed46_sivi_8_gaussians,0.05962623283267021,46,8_gaussians
8000,SIVI,0.8,0.005664354260229151,1906811257,4,seed46_sivi_8_gaussians,0.060271408408880234,46,8_gaussians
8000,SIVI,0.8,0.005415973834465588,2041956262,5,seed46_sivi_8_gaussians,0.060743547976017,46,8_gaussians
8000,SIVI,0.8,0.005081697960429498,1483501479,6,seed46_sivi_8_gaussians,0.06044052168726921,46,8_gaussians
8000,SIVI,0.8,0.004892074358799524,421492358,7,seed46_sivi_8_gaussians,0.060994312167167664,46,8_gaussians
8000,SIVI,0.8,0.005153456163933791,81924593,8,seed46_sivi_8_gaussians,0.05965593457221985,46,8_gaussians
8000,SIVI,0.8,0.005575748698375549,110345120,9,seed46_sivi_8_gaussians,0.05948149412870407,46,8_gaussians
10000,SIVI,1.0,0.008518156891810062,101708946,0,seed46_sivi_8_gaussians,0.05957490764558315,46,8_gaussians
10000,SIVI,1.0,0.008356541827981942,2072173998,1,seed46_sivi_8_gaussians,0.060488561168313026,46,8_gaussians
10000,SIVI,1.0,0.005750929762380327,1261414370,2,seed46_sivi_8_gaussians,0.05963043123483658,46,8_gaussians
10000,SIVI,1.0,0.012317802796070719,306126483,3,seed46_sivi_8_gaussians,0.05974996089935303,46,8_gaussians
10000,SIVI,1.0,0.07317645691811797,712728737,4,seed46_sivi_8_gaussians,0.06053381785750389,46,8_gaussians
10000,SIVI,1.0,0.007740465073539567,1194318496,5,seed46_sivi_8_gaussians,0.06068737991154194,46,8_gaussians
10000,SIVI,1.0,0.006712745208017449,275840405,6,seed46_sivi_8_gaussians,0.06077667511999607,46,8_gaussians
10000,SIVI,1.0,0.006379026732162203,2044334426,7,seed46_sivi_8_gaussians,0.059589916840195656,46,8_gaussians
10000,SIVI,1.0,0.006834032162723271,1232071043,8,seed46_sivi_8_gaussians,0.05961306020617485,46,8_gaussians
10000,SIVI,1.0,0.008330834557614356,2144459547,9,seed46_sivi_8_gaussians,0.06064856797456741,46,8_gaussians
2000,UIVI,0.2,9.797352859115372e-05,569654804,0,seed42_uivi_8_gaussians,0.06512637808918953,42,8_gaussians
2000,UIVI,0.2,9.554966337609321e-05,1533771564,1,seed42_uivi_8_gaussians,0.061429332941770554,42,8_gaussians
2000,UIVI,0.2,0.00010853389351484131,1336592227,2,seed42_uivi_8_gaussians,0.06081343814730644,42,8_gaussians
2000,UIVI,0.2,7.055427848296479e-05,863097815,3,seed42_uivi_8_gaussians,0.061069754883646965,42,8_gaussians
2000,UIVI,0.2,9.509991568260197e-05,319082451,4,seed42_uivi_8_gaussians,0.06036413088440895,42,8_gaussians
2000,UIVI,0.2,9.272611573841853e-05,1588280309,5,seed42_uivi_8_gaussians,0.05979190953075886,42,8_gaussians
2000,UIVI,0.2,7.749245277080915e-05,912249803,6,seed42_uivi_8_gaussians,0.05970252864062786,42,8_gaussians
2000,UIVI,0.2,8.95749348538841e-05,1191332105,7,seed42_uivi_8_gaussians,0.05978667736053467,42,8_gaussians
2000,UIVI,0.2,0.00011175203057649787,98569783,8,seed42_uivi_8_gaussians,0.059920404106378555,42,8_gaussians
2000,UIVI,0.2,0.0001245349925082055,164116027,9,seed42_uivi_8_gaussians,0.06001163274049759,42,8_gaussians
4000,UIVI,0.4,0.00017068862815679278,1049302653,0,seed42_uivi_8_gaussians,0.06274543143808842,42,8_gaussians
4000,UIVI,0.4,0.00012877655460477778,1925052935,1,seed42_uivi_8_gaussians,0.06202825717628002,42,8_gaussians
4000,UIVI,0.4,0.00018364056856131955,1973277340,2,seed42_uivi_8_gaussians,0.06060277670621872,42,8_gaussians
4000,UIVI,0.4,0.00010648848555864116,903891896,3,seed42_uivi_8_gaussians,0.05990544892847538,42,8_gaussians
4000,UIVI,0.4,9.29252706293859e-05,634553137,4,seed42_uivi_8_gaussians,0.06230730935931206,42,8_gaussians
4000,UIVI,0.4,0.0001825202072506888,562027589,5,seed42_uivi_8_gaussians,0.060232728719711304,42,8_gaussians
4000,UIVI,0.4,0.00010086279560272705,140017547,6,seed42_uivi_8_gaussians,0.060454076156020164,42,8_gaussians
4000,UIVI,0.4,0.0001854697158851247,1539496150,7,seed42_uivi_8_gaussians,0.060877954587340355,42,8_gaussians
4000,UIVI,0.4,0.00018722180614537835,450419610,8,seed42_uivi_8_gaussians,0.06021085008978844,42,8_gaussians
4000,UIVI,0.4,0.00014382449036176437,791405311,9,seed42_uivi_8_gaussians,0.05972195975482464,42,8_gaussians
6000,UIVI,0.6,7.636371182674683e-05,819540068,0,seed42_uivi_8_gaussians,0.0615746583789587,42,8_gaussians
6000,UIVI,0.6,0.00015509486370460696,1309863640,1,seed42_uivi_8_gaussians,0.06054694950580597,42,8_gaussians
6000,UIVI,0.6,7.77687594869585e-05,1560733925,2,seed42_uivi_8_gaussians,0.059653427451848984,42,8_gaussians
6000,UIVI,0.6,0.00011504629860901732,1572677041,3,seed42_uivi_8_gaussians,0.059754861518740654,42,8_gaussians
6000,UIVI,0.6,6.689149795558167e-05,687406849,4,seed42_uivi_8_gaussians,0.059605857357382774,42,8_gaussians
6000,UIVI,0.6,4.7527670737216996e-05,1961554441,5,seed42_uivi_8_gaussians,0.05968967452645302,42,8_gaussians
6000,UIVI,0.6,0.00011048752681563594,1994612084,6,seed42_uivi_8_gaussians,0.05986458621919155,42,8_gaussians
6000,UIVI,0.6,0.00015319892545445272,1413219073,7,seed42_uivi_8_gaussians,0.05960071459412575,42,8_gaussians
6000,UIVI,0.6,9.671954101531585e-05,1557145952,8,seed42_uivi_8_gaussians,0.05960935913026333,42,8_gaussians
6000,UIVI,0.6,0.0002486664794732669,1790382110,9,seed42_uivi_8_gaussians,0.06066363863646984,42,8_gaussians
8000,UIVI,0.8,7.387022214288403e-05,163082677,0,seed42_uivi_8_gaussians,0.0602014921605587,42,8_gaussians
8000,UIVI,0.8,0.0001220997643735364,1817523320,1,seed42_uivi_8_gaussians,0.05981938913464546,42,8_gaussians
8000,UIVI,0.8,9.722793617824638e-05,132734099,2,seed42_uivi_8_gaussians,0.05967402085661888,42,8_gaussians
8000,UIVI,0.8,0.00010742084721613695,2008097852,3,seed42_uivi_8_gaussians,0.05987878330051899,42,8_gaussians
8000,UIVI,0.8,9.134241190198627e-05,1197791849,4,seed42_uivi_8_gaussians,0.06068466231226921,42,8_gaussians
8000,UIVI,0.8,6.008319351677727e-05,1573474417,5,seed42_uivi_8_gaussians,0.06084047071635723,42,8_gaussians
8000,UIVI,0.8,8.722342469306196e-05,411347821,6,seed42_uivi_8_gaussians,0.06088487431406975,42,8_gaussians
8000,UIVI,0.8,0.0001096809403736311,521552560,7,seed42_uivi_8_gaussians,0.060072826221585274,42,8_gaussians
8000,UIVI,0.8,6.791144189025749e-05,291610094,8,seed42_uivi_8_gaussians,0.060943540185689926,42,8_gaussians
8000,UIVI,0.8,6.419500444197237e-05,1575827855,9,seed42_uivi_8_gaussians,0.061302902176976204,42,8_gaussians
10000,UIVI,1.0,0.00018310543816925,1796132105,0,seed42_uivi_8_gaussians,0.0647888071835041,42,8_gaussians
10000,UIVI,1.0,0.0005833285457113028,1970353248,1,seed42_uivi_8_gaussians,0.060128672048449516,42,8_gaussians
10000,UIVI,1.0,9.303457757457747e-05,2055174742,2,seed42_uivi_8_gaussians,0.06004268676042557,42,8_gaussians
10000,UIVI,1.0,0.00014920182027582446,456528191,3,seed42_uivi_8_gaussians,0.06031266786158085,42,8_gaussians
10000,UIVI,1.0,0.0004203189450312065,1691313469,4,seed42_uivi_8_gaussians,0.05992566607892513,42,8_gaussians
10000,UIVI,1.0,0.0008969225263601721,1684837650,5,seed42_uivi_8_gaussians,0.05998699925839901,42,8_gaussians
10000,UIVI,1.0,0.0027952359410666383,2075749591,6,seed42_uivi_8_gaussians,0.061993833631277084,42,8_gaussians
10000,UIVI,1.0,0.0002778187643560945,1576241246,7,seed42_uivi_8_gaussians,0.06098923645913601,42,8_gaussians
10000,UIVI,1.0,0.0005602828152451996,403615147,8,seed42_uivi_8_gaussians,0.0606314055621624,42,8_gaussians
10000,UIVI,1.0,0.0003329159809420466,976105284,9,seed42_uivi_8_gaussians,0.06005740351974964,42,8_gaussians
2000,UIVI,0.2,0.00027473746249792575,132822093,0,seed43_uivi_8_gaussians,0.06163894012570381,43,8_gaussians
2000,UIVI,0.2,0.000426526771105084,219352015,1,seed43_uivi_8_gaussians,0.0612419955432415,43,8_gaussians
2000,UIVI,0.2,0.00022749581654125326,565216430,2,seed43_uivi_8_gaussians,0.06114574149250984,43,8_gaussians
2000,UIVI,0.2,0.0002744387393302379,623707937,3,seed43_uivi_8_gaussians,0.06028084456920624,43,8_gaussians
2000,UIVI,0.2,0.00017932683000965828,868115904,4,seed43_uivi_8_gaussians,0.060403088107705116,43,8_gaussians
2000,UIVI,0.2,0.00017536317577009314,472818229,5,seed43_uivi_8_gaussians,0.061164943501353264,43,8_gaussians
2000,UIVI,0.2,0.00016530450525547544,1056741826,6,seed43_uivi_8_gaussians,0.06134505942463875,43,8_gaussians
2000,UIVI,0.2,0.00017314667951375852,1598107357,7,seed43_uivi_8_gaussians,0.06034763157367706,43,8_gaussians
2000,UIVI,0.2,0.00021430856814326133,512389552,8,seed43_uivi_8_gaussians,0.060150668025016785,43,8_gaussians
2000,UIVI,0.2,0.00016325708505440372,8010847,9,seed43_uivi_8_gaussians,0.06013413146138191,43,8_gaussians
4000,UIVI,0.4,0.0009462065946209704,395189870,0,seed43_uivi_8_gaussians,0.06458939984440804,43,8_gaussians
4000,UIVI,0.4,0.0019759437370420476,1431955810,1,seed43_uivi_8_gaussians,0.060164375230669975,43,8_gaussians
4000,UIVI,0.4,0.0007710474453959102,994967596,2,seed43_uivi_8_gaussians,0.06048368290066719,43,8_gaussians
4000,UIVI,0.4,0.00045624940843662755,1816536658,3,seed43_uivi_8_gaussians,0.06122441031038761,43,8_gaussians
4000,UIVI,0.4,0.0036665312860413683,1096449585,4,seed43_uivi_8_gaussians,0.061171507462859154,43,8_gaussians
4000,UIVI,0.4,0.0010587321571562322,776322488,5,seed43_uivi_8_gaussians,0.0604020357131958,43,8_gaussians
4000,UIVI,0.4,0.004956877898773256,2085239290,6,seed43_uivi_8_gaussians,0.06022259779274464,43,8_gaussians
4000,UIVI,0.4,0.001138766695041787,205765064,7,seed43_uivi_8_gaussians,0.06025268882513046,43,8_gaussians
4000,UIVI,0.4,0.0009171441747244914,1223065188,8,seed43_uivi_8_gaussians,0.06052231788635254,43,8_gaussians
4000,UIVI,0.4,0.0006684739168048917,1062303912,9,seed43_uivi_8_gaussians,0.061405399814248085,43,8_gaussians
6000,UIVI,0.6,0.00039125668953600976,2058192469,0,seed43_uivi_8_gaussians,0.06510542519390583,43,8_gaussians
6000,UIVI,0.6,0.00042962314894997585,1052816805,1,seed43_uivi_8_gaussians,0.060822831466794014,43,8_gaussians
6000,UIVI,0.6,0.00036695952815210943,1154813949,2,seed43_uivi_8_gaussians,0.061221614480018616,43,8_gaussians
6000,UIVI,0.6,0.00048531768506330266,871996295,3,seed43_uivi_8_gaussians,0.06115442141890526,43,8_gaussians
6000,UIVI,0.6,0.00041469459827436176,715881221,4,seed43_uivi_8_gaussians,0.060203274711966515,43,8_gaussians
6000,UIVI,0.6,0.0005523930269865879,1007343602,5,seed43_uivi_8_gaussians,0.060201697051525116,43,8_gaussians
6000,UIVI,0.6,0.0003734230890153124,1032580914,6,seed43_uivi_8_gaussians,0.06016774661839008,43,8_gaussians
6000,UIVI,0.6,0.0003019614625717214,43128846,7,seed43_uivi_8_gaussians,0.06028052046895027,43,8_gaussians
6000,UIVI,0.6,0.0005564982343491114,1136477078,8,seed43_uivi_8_gaussians,0.060453351587057114,43,8_gaussians
6000,UIVI,0.6,0.00043658986134949133,640878906,9,seed43_uivi_8_gaussians,0.06024426408112049,43,8_gaussians
8000,UIVI,0.8,0.00031675998871258935,320250463,0,seed43_uivi_8_gaussians,0.07077601924538612,43,8_gaussians
8000,UIVI,0.8,0.0003278485175587665,1085140070,1,seed43_uivi_8_gaussians,0.06018203869462013,43,8_gaussians
8000,UIVI,0.8,0.0005546947437581181,1468174442,2,seed43_uivi_8_gaussians,0.05968237295746803,43,8_gaussians
8000,UIVI,0.8,0.0003694571345914045,2001545664,3,seed43_uivi_8_gaussians,0.059674160555005074,43,8_gaussians
8000,UIVI,0.8,0.0006649558842002743,1943705785,4,seed43_uivi_8_gaussians,0.059645747765898705,43,8_gaussians
8000,UIVI,0.8,0.0018574029082342588,808898390,5,seed43_uivi_8_gaussians,0.060431044548749924,43,8_gaussians
8000,UIVI,0.8,0.0003696163670707229,2033473681,6,seed43_uivi_8_gaussians,0.061863964423537254,43,8_gaussians
8000,UIVI,0.8,0.0008589646076980484,2073241107,7,seed43_uivi_8_gaussians,0.06476268731057644,43,8_gaussians
8000,UIVI,0.8,0.0005502306352153385,826275713,8,seed43_uivi_8_gaussians,0.05977150425314903,43,8_gaussians
8000,UIVI,0.8,0.0004550677003713251,187280621,9,seed43_uivi_8_gaussians,0.06031198054552078,43,8_gaussians
10000,UIVI,1.0,0.00042601887930227494,2025229519,0,seed43_uivi_8_gaussians,0.064541544765234,43,8_gaussians
10000,UIVI,1.0,0.0003992875862337549,1597245648,1,seed43_uivi_8_gaussians,0.05986493453383446,43,8_gaussians
10000,UIVI,1.0,0.0003661171723171496,143970004,2,seed43_uivi_8_gaussians,0.05974750593304634,43,8_gaussians
10000,UIVI,1.0,0.0003707026813480159,342047055,3,seed43_uivi_8_gaussians,0.059758154675364494,43,8_gaussians
10000,UIVI,1.0,0.00048113048920904206,2004786644,4,seed43_uivi_8_gaussians,0.059816015884280205,43,8_gaussians
10000,UIVI,1.0,0.00031726284690372316,1620235220,5,seed43_uivi_8_gaussians,0.059674184769392014,43,8_gaussians
10000,UIVI,1.0,0.00037803396757479335,1054889285,6,seed43_uivi_8_gaussians,0.059622934088110924,43,8_gaussians
10000,UIVI,1.0,0.0005814409643735557,215854863,7,seed43_uivi_8_gaussians,0.060199521481990814,43,8_gaussians
10000,UIVI,1.0,0.00043197731580711424,515023750,8,seed43_uivi_8_gaussians,0.06071293354034424,43,8_gaussians
10000,UIVI,1.0,0.0007329534005355036,1622688939,9,seed43_uivi_8_gaussians,0.060619935393333435,43,8_gaussians
2000,UIVI,0.2,4.338282064066569e-05,486734720,0,seed44_uivi_8_gaussians,0.0704297348856926,44,8_gaussians
2000,UIVI,0.2,3.829563529910574e-05,750449682,1,seed44_uivi_8_gaussians,0.06121172197163105,44,8_gaussians
2000,UIVI,0.2,2.0914918438975988e-05,1632710284,2,seed44_uivi_8_gaussians,0.06116684898734093,44,8_gaussians
2000,UIVI,0.2,3.789040968570111e-05,437303471,3,seed44_uivi_8_gaussians,0.060516271740198135,44,8_gaussians
2000,UIVI,0.2,3.610324009671823e-05,891565470,4,seed44_uivi_8_gaussians,0.06022294797003269,44,8_gaussians
2000,UIVI,0.2,2.831870667524896e-05,96782648,5,seed44_uivi_8_gaussians,0.06083257310092449,44,8_gaussians
2000,UIVI,0.2,3.496288426368452e-05,1634690842,6,seed44_uivi_8_gaussians,0.06117429956793785,44,8_gaussians
2000,UIVI,0.2,2.697673665721371e-05,633475701,7,seed44_uivi_8_gaussians,0.06083129905164242,44,8_gaussians
2000,UIVI,0.2,2.548662175777746e-05,1470393249,8,seed44_uivi_8_gaussians,0.06032177247107029,44,8_gaussians
2000,UIVI,0.2,3.3742306918127526e-05,1883807906,9,seed44_uivi_8_gaussians,0.059857387095689774,44,8_gaussians
4000,UIVI,0.4,0.00016341421792725894,2120410521,0,seed44_uivi_8_gaussians,0.06361262127757072,44,8_gaussians
4000,UIVI,0.4,0.0001042615966315112,1749804448,1,seed44_uivi_8_gaussians,0.0600250493735075,44,8_gaussians
4000,UIVI,0.4,0.00010852543424025006,1508596205,2,seed44_uivi_8_gaussians,0.06024507060647011,44,8_gaussians
4000,UIVI,0.4,0.00010388718031932253,425816357,3,seed44_uivi_8_gaussians,0.06087600067257881,44,8_gaussians
4000,UIVI,0.4,0.0002686821581821693,1537062611,4,seed44_uivi_8_gaussians,0.061177728697657585,44,8_gaussians
4000,UIVI,0.4,6.254321760613282e-05,2042434655,5,seed44_uivi_8_gaussians,0.06094181537628174,44,8_gaussians
4000,UIVI,0.4,8.465330920224537e-05,1307888365,6,seed44_uivi_8_gaussians,0.060111114755272865,44,8_gaussians
4000,UIVI,0.4,7.981044766046565e-05,1724928823,7,seed44_uivi_8_gaussians,0.06011594086885452,44,8_gaussians
4000,UIVI,0.4,0.0001031175708573959,702711462,8,seed44_uivi_8_gaussians,0.06011572480201721,44,8_gaussians
4000,UIVI,0.4,0.000145387405844484,1948900865,9,seed44_uivi_8_gaussians,0.06106512062251568,44,8_gaussians
6000,UIVI,0.6,0.0005231597742022035,49354650,0,seed44_uivi_8_gaussians,0.0674594547599554,44,8_gaussians
6000,UIVI,0.6,0.004564230909902248,1034675899,1,seed44_uivi_8_gaussians,0.06040884740650654,44,8_gaussians
6000,UIVI,0.6,0.0018609828400860293,596389317,2,seed44_uivi_8_gaussians,0.061343591660261154,44,8_gaussians
6000,UIVI,0.6,0.00031142000315764675,506069815,3,seed44_uivi_8_gaussians,0.06123163737356663,44,8_gaussians
6000,UIVI,0.6,0.0004144704288839687,1479935341,4,seed44_uivi_8_gaussians,0.060188064351677895,44,8_gaussians
6000,UIVI,0.6,0.0014634438768472533,1100397888,5,seed44_uivi_8_gaussians,0.06013360805809498,44,8_gaussians
6000,UIVI,0.6,0.0008495162365043489,1854098760,6,seed44_uivi_8_gaussians,0.060001786798238754,44,8_gaussians
6000,UIVI,0.6,0.007086872816671073,181616032,7,seed44_uivi_8_gaussians,0.059933630749583244,44,8_gaussians
6000,UIVI,0.6,0.0005640096366385764,787846026,8,seed44_uivi_8_gaussians,0.060195278376340866,44,8_gaussians
6000,UIVI,0.6,0.00023150330801145926,845338210,9,seed44_uivi_8_gaussians,0.05989881046116352,44,8_gaussians
8000,UIVI,0.8,0.0002550583578865477,8388382,0,seed44_uivi_8_gaussians,0.0706996563822031,44,8_gaussians
8000,UIVI,0.8,0.0001146434152044339,59051158,1,seed44_uivi_8_gaussians,0.06146096624433994,44,8_gaussians
8000,UIVI,0.8,0.00019373902895524736,2134293105,2,seed44_uivi_8_gaussians,0.06058363988995552,44,8_gaussians
8000,UIVI,0.8,0.0001853344181791383,296186185,3,seed44_uivi_8_gaussians,0.06056298688054085,44,8_gaussians
8000,UIVI,0.8,0.0001419042803194232,640549130,4,seed44_uivi_8_gaussians,0.06033839285373688,44,8_gaussians
8000,UIVI,0.8,0.00018168251363851856,624370575,5,seed44_uivi_8_gaussians,0.0611201636493206,44,8_gaussians
8000,UIVI,0.8,0.0003715831427666184,364020277,6,seed44_uivi_8_gaussians,0.061570243909955025,44,8_gaussians
8000,UIVI,0.8,0.00014815458769036236,183878237,7,seed44_uivi_8_gaussians,0.06129763834178448,44,8_gaussians
8000,UIVI,0.8,0.00015348142871048602,2102783404,8,seed44_uivi_8_gaussians,0.06049980781972408,44,8_gaussians
8000,UIVI,0.8,0.00014811886319041648,1480873278,9,seed44_uivi_8_gaussians,0.06087632477283478,44,8_gaussians
10000,UIVI,1.0,0.00025010206019543955,1683609696,0,seed44_uivi_8_gaussians,0.06489019095897675,44,8_gaussians
10000,UIVI,1.0,0.00021817563930536145,1072691898,1,seed44_uivi_8_gaussians,0.06108611635863781,44,8_gaussians
10000,UIVI,1.0,0.00036541359344772535,286820298,2,seed44_uivi_8_gaussians,0.0605830904096365,44,8_gaussians
10000,UIVI,1.0,0.00030910754508827723,1938192285,3,seed44_uivi_8_gaussians,0.06049728766083717,44,8_gaussians
10000,UIVI,1.0,0.00030882641697752434,1485480393,4,seed44_uivi_8_gaussians,0.060567181557416916,44,8_gaussians
10000,UIVI,1.0,0.00015917740635693935,1159683024,5,seed44_uivi_8_gaussians,0.06057612784206867,44,8_gaussians
10000,UIVI,1.0,9.929659009336213e-05,1015275739,6,seed44_uivi_8_gaussians,0.061854345723986626,44,8_gaussians
10000,UIVI,1.0,0.0004759360391990583,1691133929,7,seed44_uivi_8_gaussians,0.0611040648072958,44,8_gaussians
10000,UIVI,1.0,0.00028901268720882284,68550200,8,seed44_uivi_8_gaussians,0.061972906813025475,44,8_gaussians
10000,UIVI,1.0,0.0003251972428516349,657968378,9,seed44_uivi_8_gaussians,0.06170901469886303,44,8_gaussians
2000,UIVI,0.2,0.0001179622304576552,2106436292,0,seed45_uivi_8_gaussians,0.06699931807816029,45,8_gaussians
2000,UIVI,0.2,8.378672950653228e-05,2027522111,1,seed45_uivi_8_gaussians,0.061188943684101105,45,8_gaussians
2000,UIVI,0.2,5.219793061634301e-05,978466404,2,seed45_uivi_8_gaussians,0.06159033440053463,45,8_gaussians
2000,UIVI,0.2,8.150224264478617e-05,1704975707,3,seed45_uivi_8_gaussians,0.06148851662874222,45,8_gaussians
2000,UIVI,0.2,9.532350207674842e-05,224746642,4,seed45_uivi_8_gaussians,0.06057708337903023,45,8_gaussians
2000,UIVI,0.2,7.96139757498364e-05,102441969,5,seed45_uivi_8_gaussians,0.061301592737436295,45,8_gaussians
2000,UIVI,0.2,7.948359964862601e-05,1536229957,6,seed45_uivi_8_gaussians,0.06168482452630997,45,8_gaussians
2000,UIVI,0.2,9.833501346020108e-05,1699947600,7,seed45_uivi_8_gaussians,0.06508446112275124,45,8_gaussians
2000,UIVI,0.2,7.54250718577793e-05,1077199104,8,seed45_uivi_8_gaussians,0.060515012592077255,45,8_gaussians
2000,UIVI,0.2,7.896468059496865e-05,94246967,9,seed45_uivi_8_gaussians,0.060554999858140945,45,8_gaussians
4000,UIVI,0.4,0.00021023833431629065,813761688,0,seed45_uivi_8_gaussians,0.06080460920929909,45,8_gaussians
4000,UIVI,0.4,0.00017251567756220218,810114397,1,seed45_uivi_8_gaussians,0.061136819422245026,45,8_gaussians
4000,UIVI,0.4,0.00024362106701079024,541108223,2,seed45_uivi_8_gaussians,0.060739144682884216,45,8_gaussians
4000,UIVI,0.4,0.00014675369231803537,69993348,3,seed45_uivi_8_gaussians,0.060952676460146904,45,8_gaussians
4000,UIVI,0.4,0.0001685789409483806,1122758341,4,seed45_uivi_8_gaussians,0.06122181564569473,45,8_gaussians
4000,UIVI,0.4,0.00022716243013146765,347473134,5,seed45_uivi_8_gaussians,0.061966411769390106,45,8_gaussians
4000,UIVI,0.4,0.00037439124451849325,834198872,6,seed45_uivi_8_gaussians,0.060617031529545784,45,8_gaussians
4000,UIVI,0.4,0.0002745742038760349,1551804595,7,seed45_uivi_8_gaussians,0.06032455526292324,45,8_gaussians
4000,UIVI,0.4,0.00015306807339595093,289558458,8,seed45_uivi_8_gaussians,0.06039334833621979,45,8_gaussians
4000,UIVI,0.4,0.00021825442207865016,233596201,9,seed45_uivi_8_gaussians,0.06080286391079426,45,8_gaussians
6000,UIVI,0.6,0.00012570476433710793,118526147,0,seed45_uivi_8_gaussians,0.0661953967064619,45,8_gaussians
6000,UIVI,0.6,9.961820956543225e-05,346242907,1,seed45_uivi_8_gaussians,0.06061291694641113,45,8_gaussians
6000,UIVI,0.6,0.00013356742197615976,1521137950,2,seed45_uivi_8_gaussians,0.06113998778164387,45,8_gaussians
6000,UIVI,0.6,0.000368814297474776,780195734,3,seed45_uivi_8_gaussians,0.06155967339873314,45,8_gaussians
6000,UIVI,0.6,9.416730214024236e-05,114187291,4,seed45_uivi_8_gaussians,0.06145922467112541,45,8_gaussians
6000,UIVI,0.6,0.00014270401455149896,1963284288,5,seed45_uivi_8_gaussians,0.06044161133468151,45,8_gaussians
6000,UIVI,0.6,0.00016260903315242837,560192715,6,seed45_uivi_8_gaussians,0.061261674389243126,45,8_gaussians
6000,UIVI,0.6,0.0001485215631376964,975605497,7,seed45_uivi_8_gaussians,0.060410331934690475,45,8_gaussians
6000,UIVI,0.6,0.00028375823605863906,370223433,8,seed45_uivi_8_gaussians,0.06056291237473488,45,8_gaussians
6000,UIVI,0.6,0.00013045649248942152,522420724,9,seed45_uivi_8_gaussians,0.06183658726513386,45,8_gaussians
8000,UIVI,0.8,0.0005508538242033275,943389369,0,seed45_uivi_8_gaussians,0.066535834223032,45,8_gaussians
8000,UIVI,0.8,0.001116427345577825,759002913,1,seed45_uivi_8_gaussians,0.06192953884601593,45,8_gaussians
8000,UIVI,0.8,0.0012341715729890655,658442179,2,seed45_uivi_8_gaussians,0.061460305005311966,45,8_gaussians
8000,UIVI,0.8,0.0007235225002948592,2003006401,3,seed45_uivi_8_gaussians,0.06079505756497383,45,8_gaussians
8000,UIVI,0.8,0.0023288479348086265,451975569,4,seed45_uivi_8_gaussians,0.060787295922636986,45,8_gaussians
8000,UIVI,0.8,0.0007240950265741643,696651714,5,seed45_uivi_8_gaussians,0.06120743416249752,45,8_gaussians
8000,UIVI,0.8,0.002369025751061338,1775151945,6,seed45_uivi_8_gaussians,0.06206914596259594,45,8_gaussians
8000,UIVI,0.8,0.0013334885086905412,142725647,7,seed45_uivi_8_gaussians,0.06171032041311264,45,8_gaussians
8000,UIVI,0.8,0.00029387051267541005,2074837775,8,seed45_uivi_8_gaussians,0.06153593026101589,45,8_gaussians
8000,UIVI,0.8,0.0010617833715961637,314889464,9,seed45_uivi_8_gaussians,0.06268475949764252,45,8_gaussians
10000,UIVI,1.0,0.00013177088027475589,1058793711,0,seed45_uivi_8_gaussians,0.06917238794267178,45,8_gaussians
10000,UIVI,1.0,7.150844792753287e-05,1218707556,1,seed45_uivi_8_gaussians,0.06060213781893253,45,8_gaussians
10000,UIVI,1.0,0.00021066078276400833,2126814190,2,seed45_uivi_8_gaussians,0.060976339504122734,45,8_gaussians
10000,UIVI,1.0,0.00017356447808928937,621651850,3,seed45_uivi_8_gaussians,0.06038991920650005,45,8_gaussians
10000,UIVI,1.0,0.0001384390845751646,19886060,4,seed45_uivi_8_gaussians,0.0627103392034769,45,8_gaussians
10000,UIVI,1.0,0.00023089760997991,1330606159,5,seed45_uivi_8_gaussians,0.06077606976032257,45,8_gaussians
10000,UIVI,1.0,0.00013039900683149127,1856492698,6,seed45_uivi_8_gaussians,0.060513999313116074,45,8_gaussians
10000,UIVI,1.0,0.00011143781196950743,531336629,7,seed45_uivi_8_gaussians,0.06037961505353451,45,8_gaussians
10000,UIVI,1.0,9.55108406143721e-05,482246686,8,seed45_uivi_8_gaussians,0.06136872060596943,45,8_gaussians
10000,UIVI,1.0,0.00012979710826187485,435082408,9,seed45_uivi_8_gaussians,0.06352319568395615,45,8_gaussians
2000,UIVI,0.2,0.00016594471566480276,1229698511,0,seed46_uivi_8_gaussians,0.0680858064442873,46,8_gaussians
2000,UIVI,0.2,0.00011643303596296827,753795023,1,seed46_uivi_8_gaussians,0.06125744991004467,46,8_gaussians
2000,UIVI,0.2,0.0001571482331635974,775847898,2,seed46_uivi_8_gaussians,0.06162993051111698,46,8_gaussians
2000,UIVI,0.2,0.0001516956416397631,1222105429,3,seed46_uivi_8_gaussians,0.06162212789058685,46,8_gaussians
2000,UIVI,0.2,0.00015635443921595298,757308324,4,seed46_uivi_8_gaussians,0.06063917465507984,46,8_gaussians
2000,UIVI,0.2,0.00014876242911306608,157602129,5,seed46_uivi_8_gaussians,0.06052892655134201,46,8_gaussians
2000,UIVI,0.2,0.0001274753920263919,303095069,6,seed46_uivi_8_gaussians,0.061412347480654716,46,8_gaussians
2000,UIVI,0.2,0.00016540131275273096,1028368452,7,seed46_uivi_8_gaussians,0.061647867783904076,46,8_gaussians
2000,UIVI,0.2,0.0002111831355545855,2006929249,8,seed46_uivi_8_gaussians,0.06086419150233269,46,8_gaussians
2000,UIVI,0.2,0.00017606269750789213,1906800049,9,seed46_uivi_8_gaussians,0.06093378737568855,46,8_gaussians
4000,UIVI,0.4,0.00031958537383165443,1744459671,0,seed46_uivi_8_gaussians,0.060834143310785294,46,8_gaussians
4000,UIVI,0.4,0.00020567114187497525,1332386369,1,seed46_uivi_8_gaussians,0.06130007468163967,46,8_gaussians
4000,UIVI,0.4,0.00030584891861106493,1724207387,2,seed46_uivi_8_gaussians,0.06106055900454521,46,8_gaussians
4000,UIVI,0.4,0.0009095965912614315,2000114663,3,seed46_uivi_8_gaussians,0.0607380997389555,46,8_gaussians
4000,UIVI,0.4,0.0008441475257227281,108957158,4,seed46_uivi_8_gaussians,0.061312127858400345,46,8_gaussians
4000,UIVI,0.4,0.0004201341786913148,1134843945,5,seed46_uivi_8_gaussians,0.06162925250828266,46,8_gaussians
4000,UIVI,0.4,0.00036042973673144625,479735023,6,seed46_uivi_8_gaussians,0.06112179346382618,46,8_gaussians
4000,UIVI,0.4,0.000526550922765255,883355356,7,seed46_uivi_8_gaussians,0.06027204170823097,46,8_gaussians
4000,UIVI,0.4,0.0008333567857640341,1020640709,8,seed46_uivi_8_gaussians,0.06080099381506443,46,8_gaussians
4000,UIVI,0.4,0.0003922897779924392,1407952322,9,seed46_uivi_8_gaussians,0.06051408313214779,46,8_gaussians
6000,UIVI,0.6,0.0006631213200142623,1765745228,0,seed46_uivi_8_gaussians,0.06665437668561935,46,8_gaussians
6000,UIVI,0.6,0.0004793106342177028,94237067,1,seed46_uivi_8_gaussians,0.06057416461408138,46,8_gaussians
6000,UIVI,0.6,0.001108742701091209,1187986180,2,seed46_uivi_8_gaussians,0.06055183708667755,46,8_gaussians
6000,UIVI,0.6,0.00046430267391803687,2115878775,3,seed46_uivi_8_gaussians,0.061598656699061394,46,8_gaussians
6000,UIVI,0.6,0.00047788351937155224,510379505,4,seed46_uivi_8_gaussians,0.061667174100875854,46,8_gaussians
6000,UIVI,0.6,0.0012743481128255337,23821440,5,seed46_uivi_8_gaussians,0.061535388231277466,46,8_gaussians
6000,UIVI,0.6,0.0010319774199138935,1328907608,6,seed46_uivi_8_gaussians,0.06045999005436897,46,8_gaussians
6000,UIVI,0.6,0.0005665034240458569,2120992983,7,seed46_uivi_8_gaussians,0.060436125844717026,46,8_gaussians
6000,UIVI,0.6,0.00043845752803559675,1988964060,8,seed46_uivi_8_gaussians,0.06310278177261353,46,8_gaussians
6000,UIVI,0.6,0.0009783112815805143,600632865,9,seed46_uivi_8_gaussians,0.0608177874237299,46,8_gaussians
8000,UIVI,0.8,0.0007781956420259133,1760787246,0,seed46_uivi_8_gaussians,0.06138264201581478,46,8_gaussians
8000,UIVI,0.8,0.0013728158258293885,69550985,1,seed46_uivi_8_gaussians,0.061738353222608566,46,8_gaussians
8000,UIVI,0.8,0.0006589107209855613,1893363640,2,seed46_uivi_8_gaussians,0.06194978021085262,46,8_gaussians
8000,UIVI,0.8,0.00024123247766563821,691775812,3,seed46_uivi_8_gaussians,0.06092562898993492,46,8_gaussians
8000,UIVI,0.8,0.0008933309390396389,492072906,4,seed46_uivi_8_gaussians,0.06059757061302662,46,8_gaussians
8000,UIVI,0.8,0.003520004916041624,279478561,5,seed46_uivi_8_gaussians,0.060490807518363,46,8_gaussians
8000,UIVI,0.8,0.0009803274547057078,273029530,6,seed46_uivi_8_gaussians,0.06084905005991459,46,8_gaussians
8000,UIVI,0.8,0.00030379807850358594,1114035392,7,seed46_uivi_8_gaussians,0.0604498703032732,46,8_gaussians
8000,UIVI,0.8,0.0002630084804937427,2069546738,8,seed46_uivi_8_gaussians,0.061180271208286285,46,8_gaussians
8000,UIVI,0.8,0.00023588680223916544,1870887501,9,seed46_uivi_8_gaussians,0.06135590001940727,46,8_gaussians
10000,UIVI,1.0,0.00031317151501899934,336059418,0,seed46_uivi_8_gaussians,0.0633525662124157,46,8_gaussians
10000,UIVI,1.0,0.0007160709132376311,1713781952,1,seed46_uivi_8_gaussians,0.061953047290444374,46,8_gaussians
10000,UIVI,1.0,0.0003287107196358691,29356394,2,seed46_uivi_8_gaussians,0.0618539284914732,46,8_gaussians
10000,UIVI,1.0,0.0003782551008638203,257417304,3,seed46_uivi_8_gaussians,0.06101162172853947,46,8_gaussians
10000,UIVI,1.0,0.00026446735515026293,1966261293,4,seed46_uivi_8_gaussians,0.06046389229595661,46,8_gaussians
10000,UIVI,1.0,0.0004021671103529116,1090475031,5,seed46_uivi_8_gaussians,0.060414090752601624,46,8_gaussians
10000,UIVI,1.0,0.00021653491034275002,1540338164,6,seed46_uivi_8_gaussians,0.060317860916256905,46,8_gaussians
10000,UIVI,1.0,0.00027967072542886464,1759669734,7,seed46_uivi_8_gaussians,0.060443464666604996,46,8_gaussians
10000,UIVI,1.0,0.00036982273903206987,140785360,8,seed46_uivi_8_gaussians,0.06048501282930374,46,8_gaussians
10000,UIVI,1.0,0.00028284086669500257,2042401817,9,seed46_uivi_8_gaussians,0.060334475710988045,46,8_gaussians
2000,AISIVI,0.2,0.07556520034530999,982606486,0,seed42_aisivi_8_gaussians,0.06267901323735714,42,8_gaussians
2000,AISIVI,0.2,0.08419152251996463,960091337,1,seed42_aisivi_8_gaussians,0.061435723677277565,42,8_gaussians
2000,AISIVI,0.2,0.12728517219267355,876919985,2,seed42_aisivi_8_gaussians,0.061772579327225685,42,8_gaussians
2000,AISIVI,0.2,0.08673550571932949,1340643967,3,seed42_aisivi_8_gaussians,0.061720309779047966,42,8_gaussians
2000,AISIVI,0.2,0.07010111073257244,956004319,4,seed42_aisivi_8_gaussians,0.06151643209159374,42,8_gaussians
2000,AISIVI,0.2,0.057113123663279086,1334982512,5,seed42_aisivi_8_gaussians,0.0620072316378355,42,8_gaussians
2000,AISIVI,0.2,0.0750590684935363,1660419242,6,seed42_aisivi_8_gaussians,0.06260948441922665,42,8_gaussians
2000,AISIVI,0.2,0.0888641685722723,1407427113,7,seed42_aisivi_8_gaussians,0.062493013218045235,42,8_gaussians
2000,AISIVI,0.2,0.05133900757012272,1028364187,8,seed42_aisivi_8_gaussians,0.06166359968483448,42,8_gaussians
2000,AISIVI,0.2,0.1949724892553974,978792278,9,seed42_aisivi_8_gaussians,0.06277095898985863,42,8_gaussians
4000,AISIVI,0.4,0.11692840054469186,1752891278,0,seed42_aisivi_8_gaussians,0.06250636093318462,42,8_gaussians
4000,AISIVI,0.4,0.1295998868522048,1880816454,1,seed42_aisivi_8_gaussians,0.06127275340259075,42,8_gaussians
4000,AISIVI,0.4,0.1039459659750029,1150204634,2,seed42_aisivi_8_gaussians,0.0613284707069397,42,8_gaussians
4000,AISIVI,0.4,0.1448777916345983,1273740663,3,seed42_aisivi_8_gaussians,0.0615538377314806,42,8_gaussians
4000,AISIVI,0.4,0.08310539890625587,755754515,4,seed42_aisivi_8_gaussians,0.06152054853737354,42,8_gaussians
4000,AISIVI,0.4,0.2318850027621014,1866118582,5,seed42_aisivi_8_gaussians,0.06203129142522812,42,8_gaussians
4000,AISIVI,0.4,0.11188580803562577,1742026963,6,seed42_aisivi_8_gaussians,0.061116691678762436,42,8_gaussians
4000,AISIVI,0.4,0.13943497610737504,774832408,7,seed42_aisivi_8_gaussians,0.06183553300797939,42,8_gaussians
4000,AISIVI,0.4,0.09664507293161947,336376392,8,seed42_aisivi_8_gaussians,0.062272654846310616,42,8_gaussians
4000,AISIVI,0.4,0.22802749686308532,92201529,9,seed42_aisivi_8_gaussians,0.06259888969361782,42,8_gaussians
6000,AISIVI,0.6,0.6819330980142466,1784266109,0,seed42_aisivi_8_gaussians,0.14200668223202229,42,8_gaussians
6000,AISIVI,0.6,0.44869848729065914,1371910783,1,seed42_aisivi_8_gaussians,0.060652876272797585,42,8_gaussians
6000,AISIVI,0.6,0.6800089842312471,2035037855,2,seed42_aisivi_8_gaussians,0.061105234548449516,42,8_gaussians
6000,AISIVI,0.6,0.9710028540731263,2017495318,3,seed42_aisivi_8_gaussians,0.061829824000597,42,8_gaussians
6000,AISIVI,0.6,6.964746594667336,10156087,4,seed42_aisivi_8_gaussians,0.06127879023551941,42,8_gaussians
6000,AISIVI,0.6,0.8230685425246608,586869836,5,seed42_aisivi_8_gaussians,0.06061326898634434,42,8_gaussians
6000,AISIVI,0.6,0.8770182840800659,611678800,6,seed42_aisivi_8_gaussians,0.06062015891075134,42,8_gaussians
6000,AISIVI,0.6,0.2881406687933809,1091610299,7,seed42_aisivi_8_gaussians,0.061321282759308815,42,8_gaussians
6000,AISIVI,0.6,1.1360730010328899,801519380,8,seed42_aisivi_8_gaussians,0.0614120289683342,42,8_gaussians
6000,AISIVI,0.6,0.39027792937808387,1274846084,9,seed42_aisivi_8_gaussians,0.06030947342514992,42,8_gaussians
8000,AISIVI,0.8,2.0292205887375974,156504774,0,seed42_aisivi_8_gaussians,0.060379840433597565,42,8_gaussians
8000,AISIVI,0.8,1.211860252852275,410007359,1,seed42_aisivi_8_gaussians,0.06015783175826073,42,8_gaussians
8000,AISIVI,0.8,1.662378702270572,1437657892,2,seed42_aisivi_8_gaussians,0.06007223390042782,42,8_gaussians
8000,AISIVI,0.8,0.9634298366480439,90072585,3,seed42_aisivi_8_gaussians,0.06027435138821602,42,8_gaussians
8000,AISIVI,0.8,0.681634916202397,758004911,4,seed42_aisivi_8_gaussians,0.06056079640984535,42,8_gaussians
8000,AISIVI,0.8,1.094323781218009,2085668186,5,seed42_aisivi_8_gaussians,0.060431696474552155,42,8_gaussians
8000,AISIVI,0.8,0.5075303642830554,1361699974,6,seed42_aisivi_8_gaussians,0.06054641492664814,42,8_gaussians
8000,AISIVI,0.8,0.6414552261509885,95318117,7,seed42_aisivi_8_gaussians,0.06069914624094963,42,8_gaussians
8000,AISIVI,0.8,1.3559979017271935,90231792,8,seed42_aisivi_8_gaussians,0.06018134020268917,42,8_gaussians
8000,AISIVI,0.8,0.5366826377024843,1614562878,9,seed42_aisivi_8_gaussians,0.06005099229514599,42,8_gaussians
10000,AISIVI,1.0,0.40110749979314375,989547365,0,seed42_aisivi_8_gaussians,0.060446156188845634,42,8_gaussians
10000,AISIVI,1.0,0.28542936407190483,863184930,1,seed42_aisivi_8_gaussians,0.06052469462156296,42,8_gaussians
10000,AISIVI,1.0,0.3811029785696491,8365505,2,seed42_aisivi_8_gaussians,0.06116040050983429,42,8_gaussians
10000,AISIVI,1.0,0.6467440772593789,1840657754,3,seed42_aisivi_8_gaussians,0.060363806784152985,42,8_gaussians
10000,AISIVI,1.0,0.5819069233135893,1003473991,4,seed42_aisivi_8_gaussians,0.06022863648831844,42,8_gaussians
10000,AISIVI,1.0,0.58504680145796,1332544890,5,seed42_aisivi_8_gaussians,0.06052406318485737,42,8_gaussians
10000,AISIVI,1.0,0.16092298598669802,1131271246,6,seed42_aisivi_8_gaussians,0.061020273715257645,42,8_gaussians
10000,AISIVI,1.0,1.351113434364927,1686228834,7,seed42_aisivi_8_gaussians,0.06068741902709007,42,8_gaussians
10000,AISIVI,1.0,0.6182010418616499,1863597657,8,seed42_aisivi_8_gaussians,0.060077544301748276,42,8_gaussians
10000,AISIVI,1.0,0.19676173518206255,1606901134,9,seed42_aisivi_8_gaussians,0.06256454437971115,42,8_gaussians
2000,AISIVI,0.2,0.0010737599557664639,1229246228,0,seed43_aisivi_8_gaussians,0.0619391743093729,43,8_gaussians
2000,AISIVI,0.2,0.0010047613559919114,83402671,1,seed43_aisivi_8_gaussians,0.06054176762700081,43,8_gaussians
2000,AISIVI,0.2,0.0014403519319790546,1852566012,2,seed43_aisivi_8_gaussians,0.06087258830666542,43,8_gaussians
2000,AISIVI,0.2,0.0013125122018586006,1126644094,3,seed43_aisivi_8_gaussians,0.06101735681295395,43,8_gaussians
2000,AISIVI,0.2,0.0009508538136116745,1149000623,4,seed43_aisivi_8_gaussians,0.061423368752002716,43,8_gaussians
2000,AISIVI,0.2,0.001059809433376329,1663007648,5,seed43_aisivi_8_gaussians,0.060461049899458885,43,8_gaussians
2000,AISIVI,0.2,0.0009133019004089068,1366236407,6,seed43_aisivi_8_gaussians,0.06095651537179947,43,8_gaussians
2000,AISIVI,0.2,0.0012396584406854246,1306623174,7,seed43_aisivi_8_gaussians,0.06088315509259701,43,8_gaussians
2000,AISIVI,0.2,0.0010746643894128669,1623400348,8,seed43_aisivi_8_gaussians,0.060933053493499756,43,8_gaussians
2000,AISIVI,0.2,0.0008913298602753316,1390568043,9,seed43_aisivi_8_gaussians,0.0615608599036932,43,8_gaussians
4000,AISIVI,0.4,0.010676669028104442,1449920638,0,seed43_aisivi_8_gaussians,0.060348330065608025,43,8_gaussians
4000,AISIVI,0.4,0.010356037907453671,563059912,1,seed43_aisivi_8_gaussians,0.06069713644683361,43,8_gaussians
4000,AISIVI,0.4,0.009870994082364321,790425548,2,seed43_aisivi_8_gaussians,0.06121972016990185,43,8_gaussians
4000,AISIVI,0.4,0.009440677656910566,1690092535,3,seed43_aisivi_8_gaussians,0.06079806387424469,43,8_gaussians
4000,AISIVI,0.4,0.00918530734044179,1447593461,4,seed43_aisivi_8_gaussians,0.06096179597079754,43,8_gaussians
4000,AISIVI,0.4,0.007878560452639863,1996004457,5,seed43_aisivi_8_gaussians,0.0602701622992754,43,8_gaussians
4000,AISIVI,0.4,0.010941088791732877,10555024,6,seed43_aisivi_8_gaussians,0.06022723950445652,43,8_gaussians
4000,AISIVI,0.4,0.008033003529405367,351337612,7,seed43_aisivi_8_gaussians,0.06027519702911377,43,8_gaussians
4000,AISIVI,0.4,0.009360989900590443,1877711008,8,seed43_aisivi_8_gaussians,0.06043392792344093,43,8_gaussians
4000,AISIVI,0.4,0.009398792533979582,1881923229,9,seed43_aisivi_8_gaussians,0.06023874133825302,43,8_gaussians
6000,AISIVI,0.6,0.021344673621837403,239776218,0,seed43_aisivi_8_gaussians,0.06150786019861698,43,8_gaussians
6000,AISIVI,0.6,0.016259062237006586,2071830079,1,seed43_aisivi_8_gaussians,0.06116449646651745,43,8_gaussians
6000,AISIVI,0.6,0.01623153036828625,1028974177,2,seed43_aisivi_8_gaussians,0.06003722734749317,43,8_gaussians
6000,AISIVI,0.6,0.024228207904005834,669403061,3,seed43_aisivi_8_gaussians,0.05993768945336342,43,8_gaussians
6000,AISIVI,0.6,0.022077076100557976,1218294292,4,seed43_aisivi_8_gaussians,0.06006789952516556,43,8_gaussians
6000,AISIVI,0.6,0.01660753737421841,1956456613,5,seed43_aisivi_8_gaussians,0.06052100099623203,43,8_gaussians
6000,AISIVI,0.6,0.026613248812099696,1806353388,6,seed43_aisivi_8_gaussians,0.06088132597506046,43,8_gaussians
6000,AISIVI,0.6,0.03580650270063725,1391667801,7,seed43_aisivi_8_gaussians,0.06092643365263939,43,8_gaussians
6000,AISIVI,0.6,0.020907317876007237,1816912230,8,seed43_aisivi_8_gaussians,0.060486918315291405,43,8_gaussians
6000,AISIVI,0.6,0.03574669328720377,1334721207,9,seed43_aisivi_8_gaussians,0.06054366007447243,43,8_gaussians
8000,AISIVI,0.8,0.022693586955467186,775181405,0,seed43_aisivi_8_gaussians,0.06088234484195709,43,8_gaussians
8000,AISIVI,0.8,0.048069536647256356,1013253718,1,seed43_aisivi_8_gaussians,0.060204820707440376,43,8_gaussians
8000,AISIVI,0.8,0.03791598742072261,1733729963,2,seed43_aisivi_8_gaussians,0.06012272834777832,43,8_gaussians
8000,AISIVI,0.8,0.032941225405758945,2026688063,3,seed43_aisivi_8_gaussians,0.06018701195716858,43,8_gaussians
8000,AISIVI,0.8,0.07744607250356159,795828252,4,seed43_aisivi_8_gaussians,0.060255056247115135,43,8_gaussians
8000,AISIVI,0.8,0.1267714614840843,1953958298,5,seed43_aisivi_8_gaussians,0.060236981138587,43,8_gaussians
8000,AISIVI,0.8,0.025848940866650565,1465398884,6,seed43_aisivi_8_gaussians,0.06007777526974678,43,8_gaussians
8000,AISIVI,0.8,0.05003146728447999,868822281,7,seed43_aisivi_8_gaussians,0.060340072959661484,43,8_gaussians
8000,AISIVI,0.8,0.0816085513082183,156040592,8,seed43_aisivi_8_gaussians,0.06996719166636467,43,8_gaussians
8000,AISIVI,0.8,0.030406358686024985,226259344,9,seed43_aisivi_8_gaussians,0.060725823044776917,43,8_gaussians
10000,AISIVI,1.0,0.04077913764889535,1756455572,0,seed43_aisivi_8_gaussians,0.060126738622784615,43,8_gaussians
10000,AISIVI,1.0,0.010954415774617468,157196544,1,seed43_aisivi_8_gaussians,0.060338541865348816,43,8_gaussians
10000,AISIVI,1.0,0.022023548704780432,707580173,2,seed43_aisivi_8_gaussians,0.06021682918071747,43,8_gaussians
10000,AISIVI,1.0,0.013371736809128504,1297076262,3,seed43_aisivi_8_gaussians,0.0607063602656126,43,8_gaussians
10000,AISIVI,1.0,0.01365003911353816,1842095232,4,seed43_aisivi_8_gaussians,0.060858625918626785,43,8_gaussians
10000,AISIVI,1.0,0.018789504358486794,1508921039,5,seed43_aisivi_8_gaussians,0.060501646250486374,43,8_gaussians
10000,AISIVI,1.0,0.01934758325746051,1386832498,6,seed43_aisivi_8_gaussians,0.060132045298814774,43,8_gaussians
10000,AISIVI,1.0,0.03432743129897597,800388251,7,seed43_aisivi_8_gaussians,0.06057587452232838,43,8_gaussians
10000,AISIVI,1.0,0.013501843953821488,2007597139,8,seed43_aisivi_8_gaussians,0.060753047466278076,43,8_gaussians
10000,AISIVI,1.0,0.01937515340597431,266360941,9,seed43_aisivi_8_gaussians,0.060651134699583054,43,8_gaussians
2000,AISIVI,0.2,18.500513250970307,1225450048,0,seed44_aisivi_8_gaussians,0.060923077166080475,44,8_gaussians
2000,AISIVI,0.2,30.695342614715173,1996620448,1,seed44_aisivi_8_gaussians,0.06055832654237747,44,8_gaussians
2000,AISIVI,0.2,21.995005682059904,181062661,2,seed44_aisivi_8_gaussians,0.061062123626470566,44,8_gaussians
2000,AISIVI,0.2,39.012824688389706,1044335210,3,seed44_aisivi_8_gaussians,0.06049917824566364,44,8_gaussians
2000,AISIVI,0.2,16.54938159475129,741432109,4,seed44_aisivi_8_gaussians,0.060789015144109726,44,8_gaussians
2000,AISIVI,0.2,12.03632564328473,1740556733,5,seed44_aisivi_8_gaussians,0.06112463213503361,44,8_gaussians
2000,AISIVI,0.2,27.09791155008672,991385057,6,seed44_aisivi_8_gaussians,0.06115339510142803,44,8_gaussians
2000,AISIVI,0.2,10.72947635308609,1039637236,7,seed44_aisivi_8_gaussians,0.0621327068656683,44,8_gaussians
2000,AISIVI,0.2,15.058987610368957,861514672,8,seed44_aisivi_8_gaussians,0.06009596586227417,44,8_gaussians
2000,AISIVI,0.2,26.692387291003207,523829996,9,seed44_aisivi_8_gaussians,0.06010427139699459,44,8_gaussians
4000,AISIVI,0.4,35.06109296222923,1570325322,0,seed44_aisivi_8_gaussians,0.06140946410596371,44,8_gaussians
4000,AISIVI,0.4,9.195953064033759,328089536,1,seed44_aisivi_8_gaussians,0.060875752940773964,44,8_gaussians
4000,AISIVI,0.4,23.791925474276606,852734971,2,seed44_aisivi_8_gaussians,0.06061108969151974,44,8_gaussians
4000,AISIVI,0.4,13.175390311210883,191231291,3,seed44_aisivi_8_gaussians,0.060909995809197426,44,8_gaussians
4000,AISIVI,0.4,13.586212455961583,703632594,4,seed44_aisivi_8_gaussians,0.061035940423607826,44,8_gaussians
4000,AISIVI,0.4,68.7159753793884,915312836,5,seed44_aisivi_8_gaussians,0.060957830399274826,44,8_gaussians
4000,AISIVI,0.4,35.09410080214287,1115405589,6,seed44_aisivi_8_gaussians,0.06031455099582672,44,8_gaussians
4000,AISIVI,0.4,21.109743609452316,1220264784,7,seed44_aisivi_8_gaussians,0.06085362657904625,44,8_gaussians
4000,AISIVI,0.4,46.67468817787865,583120264,8,seed44_aisivi_8_gaussians,0.060016026720404625,44,8_gaussians
4000,AISIVI,0.4,16.28953289984579,1989241231,9,seed44_aisivi_8_gaussians,0.06013645976781845,44,8_gaussians
6000,AISIVI,0.6,12.37933440965556,1324932188,0,seed44_aisivi_8_gaussians,0.06248181499540806,44,8_gaussians
6000,AISIVI,0.6,9.952846670082476,1706492553,1,seed44_aisivi_8_gaussians,0.06087430380284786,44,8_gaussians
6000,AISIVI,0.6,9.728528543244932,1169029980,2,seed44_aisivi_8_gaussians,0.06111021153628826,44,8_gaussians
6000,AISIVI,0.6,10.126017019861695,926878913,3,seed44_aisivi_8_gaussians,0.061270082369446754,44,8_gaussians
6000,AISIVI,0.6,12.384991474629754,565156342,4,seed44_aisivi_8_gaussians,0.06047637388110161,44,8_gaussians
6000,AISIVI,0.6,9.040914149793359,2048708973,5,seed44_aisivi_8_gaussians,0.060105571523308754,44,8_gaussians
6000,AISIVI,0.6,10.99642456134274,1851824000,6,seed44_aisivi_8_gaussians,0.06311922334134579,44,8_gaussians
6000,AISIVI,0.6,15.429918819966378,595976786,7,seed44_aisivi_8_gaussians,0.06065787188708782,44,8_gaussians
6000,AISIVI,0.6,11.612133692609717,1891405410,8,seed44_aisivi_8_gaussians,0.06188883073627949,44,8_gaussians
6000,AISIVI,0.6,13.55452525186435,395770108,9,seed44_aisivi_8_gaussians,0.06135732680559158,44,8_gaussians
8000,AISIVI,0.8,15.27945999704187,975295,0,seed44_aisivi_8_gaussians,0.06134827435016632,44,8_gaussians
8000,AISIVI,0.8,15.027367541363862,90249220,1,seed44_aisivi_8_gaussians,0.06139647401869297,44,8_gaussians
8000,AISIVI,0.8,17.931586459798787,387292304,2,seed44_aisivi_8_gaussians,0.061439353972673416,44,8_gaussians
8000,AISIVI,0.8,13.617000784487178,917968268,3,seed44_aisivi_8_gaussians,0.06078742444515228,44,8_gaussians
8000,AISIVI,0.8,16.9577737576823,1698145208,4,seed44_aisivi_8_gaussians,0.06048128753900528,44,8_gaussians
8000,AISIVI,0.8,13.89524402317566,71505785,5,seed44_aisivi_8_gaussians,0.059931373223662376,44,8_gaussians
8000,AISIVI,0.8,16.891783205398166,18915042,6,seed44_aisivi_8_gaussians,0.05995735339820385,44,8_gaussians
8000,AISIVI,0.8,18.848110638768258,1411081377,7,seed44_aisivi_8_gaussians,0.06009386666119099,44,8_gaussians
8000,AISIVI,0.8,27.404072454048475,283253583,8,seed44_aisivi_8_gaussians,0.059766899794340134,44,8_gaussians
8000,AISIVI,0.8,21.063772958507624,1996066314,9,seed44_aisivi_8_gaussians,0.05977536365389824,44,8_gaussians
10000,AISIVI,1.0,18.41680113350517,1739856673,0,seed44_aisivi_8_gaussians,0.06106608361005783,44,8_gaussians
10000,AISIVI,1.0,17.57121788293739,2147103415,1,seed44_aisivi_8_gaussians,0.0600923728197813,44,8_gaussians
10000,AISIVI,1.0,18.70399836184717,228777864,2,seed44_aisivi_8_gaussians,0.0601654052734375,44,8_gaussians
10000,AISIVI,1.0,12.949257000565566,1106605764,3,seed44_aisivi_8_gaussians,0.06015724502503872,44,8_gaussians
10000,AISIVI,1.0,22.79153479817854,1164401458,4,seed44_aisivi_8_gaussians,0.06237106770277023,44,8_gaussians
10000,AISIVI,1.0,16.275893222472945,571926390,5,seed44_aisivi_8_gaussians,0.06115986034274101,44,8_gaussians
10000,AISIVI,1.0,18.991871927227812,692537019,6,seed44_aisivi_8_gaussians,0.06112471595406532,44,8_gaussians
10000,AISIVI,1.0,13.301261985132436,999019738,7,seed44_aisivi_8_gaussians,0.06035703234374523,44,8_gaussians
10000,AISIVI,1.0,28.68070975578251,897258633,8,seed44_aisivi_8_gaussians,0.060559991747140884,44,8_gaussians
10000,AISIVI,1.0,17.685264727007,29567113,9,seed44_aisivi_8_gaussians,0.06122073717415333,44,8_gaussians
2000,AISIVI,0.2,0.004423753397201111,99197778,0,seed45_aisivi_8_gaussians,0.061002323403954506,45,8_gaussians
2000,AISIVI,0.2,0.005214041562937337,1375801232,1,seed45_aisivi_8_gaussians,0.06092326156795025,45,8_gaussians
2000,AISIVI,0.2,0.00322407320609577,89191786,2,seed45_aisivi_8_gaussians,0.06074463576078415,45,8_gaussians
2000,AISIVI,0.2,0.005304853659060367,390836157,3,seed45_aisivi_8_gaussians,0.06116713210940361,45,8_gaussians
2000,AISIVI,0.2,0.005760501446146514,1307738895,4,seed45_aisivi_8_gaussians,0.06090868078172207,45,8_gaussians
2000,AISIVI,0.2,0.003775922896034786,1235036520,5,seed45_aisivi_8_gaussians,0.0607746634632349,45,8_gaussians
2000,AISIVI,0.2,0.0038167698843949863,377139865,6,seed45_aisivi_8_gaussians,0.061609551310539246,45,8_gaussians
2000,AISIVI,0.2,0.0052945143924146435,970081740,7,seed45_aisivi_8_gaussians,0.061441000550985336,45,8_gaussians
2000,AISIVI,0.2,0.00443739062270504,1834393908,8,seed45_aisivi_8_gaussians,0.06214417144656181,45,8_gaussians
2000,AISIVI,0.2,0.005205728894631553,450838061,9,seed45_aisivi_8_gaussians,0.06074017100036144,45,8_gaussians
4000,AISIVI,0.4,0.007995135004712448,481859998,0,seed45_aisivi_8_gaussians,0.06114234961569309,45,8_gaussians
4000,AISIVI,0.4,0.010868119284736709,134358580,1,seed45_aisivi_8_gaussians,0.061773836612701416,45,8_gaussians
4000,AISIVI,0.4,0.00660026126599035,1658832780,2,seed45_aisivi_8_gaussians,0.06145007349550724,45,8_gaussians
4000,AISIVI,0.4,0.006874990645526564,1173424799,3,seed45_aisivi_8_gaussians,0.061712468042969704,45,8_gaussians
4000,AISIVI,0.4,0.009772764190770382,1412892312,4,seed45_aisivi_8_gaussians,0.06115374341607094,45,8_gaussians
4000,AISIVI,0.4,0.008813133482146218,522568027,5,seed45_aisivi_8_gaussians,0.061252254992723465,45,8_gaussians
4000,AISIVI,0.4,0.0074816246158275175,1048421999,6,seed45_aisivi_8_gaussians,0.06116154231131077,45,8_gaussians
4000,AISIVI,0.4,0.007289289550521255,2010949706,7,seed45_aisivi_8_gaussians,0.060736916959285736,45,8_gaussians
4000,AISIVI,0.4,0.020158104024965012,765117147,8,seed45_aisivi_8_gaussians,0.06031368300318718,45,8_gaussians
4000,AISIVI,0.4,0.010036482290777651,989056531,9,seed45_aisivi_8_gaussians,0.060211287811398506,45,8_gaussians
6000,AISIVI,0.6,0.011330720847267023,1385213823,0,seed45_aisivi_8_gaussians,0.06073578633368015,45,8_gaussians
6000,AISIVI,0.6,0.01390783626754908,417603588,1,seed45_aisivi_8_gaussians,0.060320958495140076,45,8_gaussians
6000,AISIVI,0.6,0.00913245699816711,184961092,2,seed45_aisivi_8_gaussians,0.060034798458218575,45,8_gaussians
6000,AISIVI,0.6,0.008861326944732417,1871011382,3,seed45_aisivi_8_gaussians,0.06133238039910793,45,8_gaussians
6000,AISIVI,0.6,0.011544241147454299,86999053,4,seed45_aisivi_8_gaussians,0.0613542664796114,45,8_gaussians
6000,AISIVI,0.6,0.020060897084902454,1115538034,5,seed45_aisivi_8_gaussians,0.06097225099802017,45,8_gaussians
6000,AISIVI,0.6,0.01320915706795548,1551859131,6,seed45_aisivi_8_gaussians,0.06076605245471001,45,8_gaussians
6000,AISIVI,0.6,0.02063100557490562,1725171747,7,seed45_aisivi_8_gaussians,0.06039024516940117,45,8_gaussians
6000,AISIVI,0.6,0.016511643280676704,1317313718,8,seed45_aisivi_8_gaussians,0.06041505187749863,45,8_gaussians
6000,AISIVI,0.6,0.010184455614161016,800221263,9,seed45_aisivi_8_gaussians,0.06195411644876003,45,8_gaussians
8000,AISIVI,0.8,0.013086320845271854,1984224676,0,seed45_aisivi_8_gaussians,0.06087428517639637,45,8_gaussians
8000,AISIVI,0.8,0.011478459102128863,82893,1,seed45_aisivi_8_gaussians,0.0607824195176363,45,8_gaussians
8000,AISIVI,0.8,0.05974675052789532,783708882,2,seed45_aisivi_8_gaussians,0.06143959425389767,45,8_gaussians
8000,AISIVI,0.8,0.02299459304208398,2034232296,3,seed45_aisivi_8_gaussians,0.06128435581922531,45,8_gaussians
8000,AISIVI,0.8,0.026178570830868546,4467094,4,seed45_aisivi_8_gaussians,0.061154089868068695,45,8_gaussians
8000,AISIVI,0.8,0.02212754980785342,129686769,5,seed45_aisivi_8_gaussians,0.060581253841519356,45,8_gaussians
8000,AISIVI,0.8,0.023962060687881596,204837355,6,seed45_aisivi_8_gaussians,0.06086426414549351,45,8_gaussians
8000,AISIVI,0.8,0.01702415716212826,1740263620,7,seed45_aisivi_8_gaussians,0.06087799184024334,45,8_gaussians
8000,AISIVI,0.8,0.018218984819069806,25436575,8,seed45_aisivi_8_gaussians,0.060692716389894485,45,8_gaussians
8000,AISIVI,0.8,0.010816880463753533,1571731503,9,seed45_aisivi_8_gaussians,0.0607402715831995,45,8_gaussians
10000,AISIVI,1.0,0.027260840892152718,2028764567,0,seed45_aisivi_8_gaussians,0.06152819283306599,45,8_gaussians
10000,AISIVI,1.0,0.023208302309139332,1670068659,1,seed45_aisivi_8_gaussians,0.06117856875061989,45,8_gaussians
10000,AISIVI,1.0,0.027754489680089506,433642696,2,seed45_aisivi_8_gaussians,0.06320275738835335,45,8_gaussians
10000,AISIVI,1.0,0.019562328570390537,753180682,3,seed45_aisivi_8_gaussians,0.060512447729706764,45,8_gaussians
10000,AISIVI,1.0,0.0160300338069183,27251910,4,seed45_aisivi_8_gaussians,0.06073986180126667,45,8_gaussians
10000,AISIVI,1.0,0.018298451933938132,2056422105,5,seed45_aisivi_8_gaussians,0.0608768705278635,45,8_gaussians
10000,AISIVI,1.0,0.019284640860096534,1584785007,6,seed45_aisivi_8_gaussians,0.06123276427388191,45,8_gaussians
10000,AISIVI,1.0,0.020343535047932817,1732947247,7,seed45_aisivi_8_gaussians,0.061175232753157616,45,8_gaussians
10000,AISIVI,1.0,0.024294458656084726,76670790,8,seed45_aisivi_8_gaussians,0.060720039531588554,45,8_gaussians
10000,AISIVI,1.0,0.019349993160843425,682630231,9,seed45_aisivi_8_gaussians,0.06086316145956516,45,8_gaussians
2000,AISIVI,0.2,0.1541574849948541,1279479386,0,seed46_aisivi_8_gaussians,0.06127233989536762,46,8_gaussians
2000,AISIVI,0.2,0.09968491130287163,1398109177,1,seed46_aisivi_8_gaussians,0.06060043349862099,46,8_gaussians
2000,AISIVI,0.2,0.08426432356994742,329480868,2,seed46_aisivi_8_gaussians,0.06070519797503948,46,8_gaussians
2000,AISIVI,0.2,0.06512993491113703,995704954,3,seed46_aisivi_8_gaussians,0.06094115413725376,46,8_gaussians
2000,AISIVI,0.2,0.14876105721283062,1714756497,4,seed46_aisivi_8_gaussians,0.061200596392154694,46,8_gaussians
2000,AISIVI,0.2,0.13189060663444555,1848988908,5,seed46_aisivi_8_gaussians,0.06092263199388981,46,8_gaussians
2000,AISIVI,0.2,0.0730183777216135,250203005,6,seed46_aisivi_8_gaussians,0.06060253269970417,46,8_gaussians
2000,AISIVI,0.2,0.05941989929259324,504922227,7,seed46_aisivi_8_gaussians,0.06121525913476944,46,8_gaussians
2000,AISIVI,0.2,0.09631499926008652,1969259711,8,seed46_aisivi_8_gaussians,0.06245298497378826,46,8_gaussians
2000,AISIVI,0.2,0.06532037281131076,2083945296,9,seed46_aisivi_8_gaussians,0.061454521492123604,46,8_gaussians
4000,AISIVI,0.4,0.04713563613199655,1220164152,0,seed46_aisivi_8_gaussians,0.06103575974702835,46,8_gaussians
4000,AISIVI,0.4,0.10148508853912777,1580557415,1,seed46_aisivi_8_gaussians,0.06115931272506714,46,8_gaussians
4000,AISIVI,0.4,0.036332888475406284,755380845,2,seed46_aisivi_8_gaussians,0.06147752143442631,46,8_gaussians
4000,AISIVI,0.4,0.09127575101985011,1006306051,3,seed46_aisivi_8_gaussians,0.06185033358633518,46,8_gaussians
4000,AISIVI,0.4,0.03477829245360913,1431008199,4,seed46_aisivi_8_gaussians,0.0612046979367733,46,8_gaussians
4000,AISIVI,0.4,0.04334364277192874,370242867,5,seed46_aisivi_8_gaussians,0.06082642078399658,46,8_gaussians
4000,AISIVI,0.4,0.06498501906424725,942251275,6,seed46_aisivi_8_gaussians,0.061072928830981255,46,8_gaussians
4000,AISIVI,0.4,0.034190378887152206,1949490193,7,seed46_aisivi_8_gaussians,0.06123170629143715,46,8_gaussians
4000,AISIVI,0.4,0.030074509627393036,374541947,8,seed46_aisivi_8_gaussians,0.062332795932888985,46,8_gaussians
4000,AISIVI,0.4,0.03988744067363953,1579414769,9,seed46_aisivi_8_gaussians,0.06116291508078575,46,8_gaussians
6000,AISIVI,0.6,0.04010848967006393,22387906,0,seed46_aisivi_8_gaussians,0.06132565252482891,46,8_gaussians
6000,AISIVI,0.6,0.05028153246648213,565181661,1,seed46_aisivi_8_gaussians,0.06090717203915119,46,8_gaussians
6000,AISIVI,0.6,0.019052476975921537,23567949,2,seed46_aisivi_8_gaussians,0.06077187694609165,46,8_gaussians
6000,AISIVI,0.6,0.03724772799652973,876949475,3,seed46_aisivi_8_gaussians,0.06075812131166458,46,8_gaussians
6000,AISIVI,0.6,0.1388590683330115,1335057244,4,seed46_aisivi_8_gaussians,0.061474550515413284,46,8_gaussians
6000,AISIVI,0.6,0.2477189794695197,1272093013,5,seed46_aisivi_8_gaussians,0.06196974776685238,46,8_gaussians
6000,AISIVI,0.6,0.03167560114957471,1704014966,6,seed46_aisivi_8_gaussians,0.06154746003448963,46,8_gaussians
6000,AISIVI,0.6,0.07041167666370313,497335705,7,seed46_aisivi_8_gaussians,0.06073554791510105,46,8_gaussians
6000,AISIVI,0.6,0.051635854669790524,27200711,8,seed46_aisivi_8_gaussians,0.061022924259305,46,8_gaussians
6000,AISIVI,0.6,0.02096292130076015,1677332916,9,seed46_aisivi_8_gaussians,0.06101545691490173,46,8_gaussians
8000,AISIVI,0.8,0.07251902382609975,1244195091,0,seed46_aisivi_8_gaussians,0.0619389284402132,46,8_gaussians
8000,AISIVI,0.8,0.06137997596607622,195968644,1,seed46_aisivi_8_gaussians,0.0641470905393362,46,8_gaussians
8000,AISIVI,0.8,0.06556303864795099,1171911504,2,seed46_aisivi_8_gaussians,0.066529905423522,46,8_gaussians
8000,AISIVI,0.8,0.03592674240084379,1520464123,3,seed46_aisivi_8_gaussians,0.061242859810590744,46,8_gaussians
8000,AISIVI,0.8,0.07419619685888187,493972145,4,seed46_aisivi_8_gaussians,0.06250626593828201,46,8_gaussians
8000,AISIVI,0.8,0.07675847285351689,1698533287,5,seed46_aisivi_8_gaussians,0.06063484773039818,46,8_gaussians
8000,AISIVI,0.8,0.027330613315007996,2069214651,6,seed46_aisivi_8_gaussians,0.06189078092575073,46,8_gaussians
8000,AISIVI,0.8,0.05135779245594993,1843780968,7,seed46_aisivi_8_gaussians,0.06215668097138405,46,8_gaussians
8000,AISIVI,0.8,0.07038039501375815,1133827937,8,seed46_aisivi_8_gaussians,0.06086291931569576,46,8_gaussians
8000,AISIVI,0.8,0.04384167078298798,381223545,9,seed46_aisivi_8_gaussians,0.061453672125935555,46,8_gaussians
10000,AISIVI,1.0,0.023381825332854045,1672559825,0,seed46_aisivi_8_gaussians,0.06141309440135956,46,8_gaussians
10000,AISIVI,1.0,0.04847631466627043,1772652219,1,seed46_aisivi_8_gaussians,0.06163563206791878,46,8_gaussians
10000,AISIVI,1.0,0.02341712234427312,1761056604,2,seed46_aisivi_8_gaussians,0.061725979670882225,46,8_gaussians
10000,AISIVI,1.0,0.04151526709389049,1955979773,3,seed46_aisivi_8_gaussians,0.061144717037677765,46,8_gaussians
10000,AISIVI,1.0,0.034919165169064834,1421215394,4,seed46_aisivi_8_gaussians,0.06086812540888786,46,8_gaussians
10000,AISIVI,1.0,0.034602116796914016,2068663282,5,seed46_aisivi_8_gaussians,0.06102152727544308,46,8_gaussians
10000,AISIVI,1.0,0.02565019372554001,2095402601,6,seed46_aisivi_8_gaussians,0.06084728054702282,46,8_gaussians
10000,AISIVI,1.0,0.034883746221676816,744322522,7,seed46_aisivi_8_gaussians,0.06159282848238945,46,8_gaussians
10000,AISIVI,1.0,0.02224697823276351,215323993,8,seed46_aisivi_8_gaussians,0.06139587610960007,46,8_gaussians
10000,AISIVI,1.0,0.036712263166559414,49371585,9,seed46_aisivi_8_gaussians,0.061070192605257034,46,8_gaussians
2000,DSIVI,0.2,1.7617990387533904,179478146,0,seed42_dsivi_8_gaussians,0.061664629727602005,42,8_gaussians
2000,DSIVI,0.2,0.4002527484715699,1541801705,1,seed42_dsivi_8_gaussians,0.06130705587565899,42,8_gaussians
2000,DSIVI,0.2,0.6938037792221451,1842592700,2,seed42_dsivi_8_gaussians,0.06120244599878788,42,8_gaussians
2000,DSIVI,0.2,2.1759300774871666,1345858377,3,seed42_dsivi_8_gaussians,0.06069174222648144,42,8_gaussians
2000,DSIVI,0.2,0.842277830287572,53084894,4,seed42_dsivi_8_gaussians,0.06050022132694721,42,8_gaussians
2000,DSIVI,0.2,5.912857717445882,635347700,5,seed42_dsivi_8_gaussians,0.061068398877978325,42,8_gaussians
2000,DSIVI,0.2,1.2336379196890472,593311295,6,seed42_dsivi_8_gaussians,0.06053716875612736,42,8_gaussians
2000,DSIVI,0.2,0.6285125039479259,885480356,7,seed42_dsivi_8_gaussians,0.060713015496730804,42,8_gaussians
2000,DSIVI,0.2,1.2028098562242617,1802902835,8,seed42_dsivi_8_gaussians,0.06060035526752472,42,8_gaussians
2000,DSIVI,0.2,0.6640197368327779,218157222,9,seed42_dsivi_8_gaussians,0.06060831621289253,42,8_gaussians
4000,DSIVI,0.4,2.828990279501502,2014069569,0,seed42_dsivi_8_gaussians,0.060906196013092995,42,8_gaussians
4000,DSIVI,0.4,3.377438257110536,1084754283,1,seed42_dsivi_8_gaussians,0.0607510469853878,42,8_gaussians
4000,DSIVI,0.4,2.0553997122983194,359748672,2,seed42_dsivi_8_gaussians,0.06120800040662289,42,8_gaussians
4000,DSIVI,0.4,5.161154213443193,350275706,3,seed42_dsivi_8_gaussians,0.06039568968117237,42,8_gaussians
4000,DSIVI,0.4,4.0076055033245535,552789992,4,seed42_dsivi_8_gaussians,0.059974975883960724,42,8_gaussians
4000,DSIVI,0.4,9.203317413410035,688883694,5,seed42_dsivi_8_gaussians,0.06023944355547428,42,8_gaussians
4000,DSIVI,0.4,4.078503002221195,1481101576,6,seed42_dsivi_8_gaussians,0.06339397095143795,42,8_gaussians
4000,DSIVI,0.4,7.795360855827993,1795358354,7,seed42_dsivi_8_gaussians,0.06096247024834156,42,8_gaussians
4000,DSIVI,0.4,4.577351900209116,1653360724,8,seed42_dsivi_8_gaussians,0.06032530032098293,42,8_gaussians
4000,DSIVI,0.4,6.737548248263975,638920104,9,seed42_dsivi_8_gaussians,0.06008955091238022,42,8_gaussians
6000,DSIVI,0.6,8.83802921107089,1278845332,0,seed42_dsivi_8_gaussians,0.060873882845044136,42,8_gaussians
6000,DSIVI,0.6,6.673355013330513,568416510,1,seed42_dsivi_8_gaussians,0.060753921046853065,42,8_gaussians
6000,DSIVI,0.6,3.9654141976897965,46168036,2,seed42_dsivi_8_gaussians,0.06117657572031021,42,8_gaussians
6000,DSIVI,0.6,5.705757001858117,941884936,3,seed42_dsivi_8_gaussians,0.06021937169134617,42,8_gaussians
6000,DSIVI,0.6,5.585326081614831,301943272,4,seed42_dsivi_8_gaussians,0.06004595011472702,42,8_gaussians
6000,DSIVI,0.6,1.8997837493553613,882322625,5,seed42_dsivi_8_gaussians,0.06022766791284084,42,8_gaussians
6000,DSIVI,0.6,14.551777800936863,1125600577,6,seed42_dsivi_8_gaussians,0.05986603535711765,42,8_gaussians
6000,DSIVI,0.6,3.492119738333158,735811071,7,seed42_dsivi_8_gaussians,0.06015881896018982,42,8_gaussians
6000,DSIVI,0.6,5.808957944429285,663490493,8,seed42_dsivi_8_gaussians,0.06015996262431145,42,8_gaussians
6000,DSIVI,0.6,2.9668770240335367,1972898,9,seed42_dsivi_8_gaussians,0.06067112646996975,42,8_gaussians
8000,DSIVI,0.8,1.0371545699943407,1741224976,0,seed42_dsivi_8_gaussians,0.06094480864703655,42,8_gaussians
8000,DSIVI,0.8,1.061636167157373,646739432,1,seed42_dsivi_8_gaussians,0.06076846830546856,42,8_gaussians
8000,DSIVI,0.8,0.6354114861977477,817745314,2,seed42_dsivi_8_gaussians,0.059880850836634636,42,8_gaussians
8000,DSIVI,0.8,0.8179632128224801,1782615712,3,seed42_dsivi_8_gaussians,0.061333488672971725,42,8_gaussians
8000,DSIVI,0.8,0.8282633495934307,451623768,4,seed42_dsivi_8_gaussians,0.06019788049161434,42,8_gaussians
8000,DSIVI,0.8,0.8686610798589407,160460645,5,seed42_dsivi_8_gaussians,0.06060891970992088,42,8_gaussians
8000,DSIVI,0.8,1.1917856996855716,1930709418,6,seed42_dsivi_8_gaussians,0.06091103330254555,42,8_gaussians
8000,DSIVI,0.8,0.8062472418391846,1601742357,7,seed42_dsivi_8_gaussians,0.060954997316002846,42,8_gaussians
8000,DSIVI,0.8,1.2088645551182402,1961418347,8,seed42_dsivi_8_gaussians,0.06032830849289894,42,8_gaussians
8000,DSIVI,0.8,0.9961184511980498,1892957159,9,seed42_dsivi_8_gaussians,0.060390615835785866,42,8_gaussians
10000,DSIVI,1.0,0.5936707483816686,887630818,0,seed42_dsivi_8_gaussians,0.06137317791581154,42,8_gaussians
10000,DSIVI,1.0,0.4114397501822795,127765526,1,seed42_dsivi_8_gaussians,0.06121688149869442,42,8_gaussians
10000,DSIVI,1.0,0.6120932265226914,1726745135,2,seed42_dsivi_8_gaussians,0.06042176112532616,42,8_gaussians
10000,DSIVI,1.0,0.8181484400634128,1017796861,3,seed42_dsivi_8_gaussians,0.060590069741010666,42,8_gaussians
10000,DSIVI,1.0,0.49780418003370425,583390295,4,seed42_dsivi_8_gaussians,0.06032907776534557,42,8_gaussians
10000,DSIVI,1.0,0.4569597931250552,590550401,5,seed42_dsivi_8_gaussians,0.06033438816666603,42,8_gaussians
10000,DSIVI,1.0,1.5006304850499255,1386242467,6,seed42_dsivi_8_gaussians,0.06049697659909725,42,8_gaussians
10000,DSIVI,1.0,0.3108390660509874,936046607,7,seed42_dsivi_8_gaussians,0.06028996407985687,42,8_gaussians
10000,DSIVI,1.0,0.9115629779571268,27779649,8,seed42_dsivi_8_gaussians,0.06041591241955757,42,8_gaussians
10000,DSIVI,1.0,0.6879160633384894,375797867,9,seed42_dsivi_8_gaussians,0.06086748465895653,42,8_gaussians
2000,DSIVI,0.2,1.7612465742654335,1004686503,0,seed43_dsivi_8_gaussians,0.06148219108581543,43,8_gaussians
2000,DSIVI,0.2,0.5212668623482908,1992422315,1,seed43_dsivi_8_gaussians,0.0601311270147562,43,8_gaussians
2000,DSIVI,0.2,0.4400763918857007,91888824,2,seed43_dsivi_8_gaussians,0.06022946909070015,43,8_gaussians
2000,DSIVI,0.2,0.36436001364354115,749250513,3,seed43_dsivi_8_gaussians,0.060402462258934975,43,8_gaussians
2000,DSIVI,0.2,0.28902061100053056,64074589,4,seed43_dsivi_8_gaussians,0.060687022283673286,43,8_gaussians
2000,DSIVI,0.2,0.403870503860979,1330359940,5,seed43_dsivi_8_gaussians,0.061064332723617554,43,8_gaussians
2000,DSIVI,0.2,1.0884064998524077,1104776209,6,seed43_dsivi_8_gaussians,0.06091989949345589,43,8_gaussians
2000,DSIVI,0.2,1.009507991498341,655311153,7,seed43_dsivi_8_gaussians,0.060277894139289856,43,8_gaussians
2000,DSIVI,0.2,0.4899500878206046,46838418,8,seed43_dsivi_8_gaussians,0.06018375977873802,43,8_gaussians
2000,DSIVI,0.2,0.7138525239430272,1201931586,9,seed43_dsivi_8_gaussians,0.06071252189576626,43,8_gaussians
4000,DSIVI,0.4,0.02787664875358966,543604412,0,seed43_dsivi_8_gaussians,0.06176379881799221,43,8_gaussians
4000,DSIVI,0.4,0.05695810032195059,1505794437,1,seed43_dsivi_8_gaussians,0.060378776863217354,43,8_gaussians
4000,DSIVI,0.4,0.0707248716655898,1963361118,2,seed43_dsivi_8_gaussians,0.06017790921032429,43,8_gaussians
4000,DSIVI,0.4,0.03985498289910792,726487471,3,seed43_dsivi_8_gaussians,0.060488443821668625,43,8_gaussians
4000,DSIVI,0.4,0.05918407900912507,1864429839,4,seed43_dsivi_8_gaussians,0.06025567650794983,43,8_gaussians
4000,DSIVI,0.4,0.03670731340459366,353705895,5,seed43_dsivi_8_gaussians,0.060599710792303085,43,8_gaussians
4000,DSIVI,0.4,0.029341496308544053,1915901150,6,seed43_dsivi_8_gaussians,0.060563793405890465,43,8_gaussians
4000,DSIVI,0.4,0.05211721962081844,357973601,7,seed43_dsivi_8_gaussians,0.06065099127590656,43,8_gaussians
4000,DSIVI,0.4,0.040742840325170206,702648321,8,seed43_dsivi_8_gaussians,0.06099116988480091,43,8_gaussians
4000,DSIVI,0.4,0.03869040993800921,2063227421,9,seed43_dsivi_8_gaussians,0.06094828248023987,43,8_gaussians
6000,DSIVI,0.6,1.8941970139247561,2093252833,0,seed43_dsivi_8_gaussians,0.061045482754707336,43,8_gaussians
6000,DSIVI,0.6,1.2919688410451142,1617848391,1,seed43_dsivi_8_gaussians,0.060269542038440704,43,8_gaussians
6000,DSIVI,0.6,0.6206097472887823,1951014527,2,seed43_dsivi_8_gaussians,0.06015446595847607,43,8_gaussians
6000,DSIVI,0.6,1.9446436899888324,348816220,3,seed43_dsivi_8_gaussians,0.060385435819625854,43,8_gaussians
6000,DSIVI,0.6,0.91038586751312,1609599208,4,seed43_dsivi_8_gaussians,0.06074259802699089,43,8_gaussians
6000,DSIVI,0.6,0.66528192084956,1558441043,5,seed43_dsivi_8_gaussians,0.06115405261516571,43,8_gaussians
6000,DSIVI,0.6,1.2656738142342348,426181313,6,seed43_dsivi_8_gaussians,0.060559479519724846,43,8_gaussians
6000,DSIVI,0.6,0.9730647253666397,77497699,7,seed43_dsivi_8_gaussians,0.06035798043012619,43,8_gaussians
6000,DSIVI,0.6,1.1810539241382099,720807105,8,seed43_dsivi_8_gaussians,0.06054577976465225,43,8_gaussians
6000,DSIVI,0.6,1.3250569736622584,404112950,9,seed43_dsivi_8_gaussians,0.06091773509979248,43,8_gaussians
8000,DSIVI,0.8,0.7238984180432896,69218743,0,seed43_dsivi_8_gaussians,0.06108263321220875,43,8_gaussians
8000,DSIVI,0.8,0.39677316372148264,783343182,1,seed43_dsivi_8_gaussians,0.06026102416217327,43,8_gaussians
8000,DSIVI,0.8,0.3572837265720075,1721318612,2,seed43_dsivi_8_gaussians,0.06006060354411602,43,8_gaussians
8000,DSIVI,0.8,0.2262559593384285,1853044546,3,seed43_dsivi_8_gaussians,0.0612273495644331,43,8_gaussians
8000,DSIVI,0.8,0.22780061002737237,692697347,4,seed43_dsivi_8_gaussians,0.06013081222772598,43,8_gaussians
8000,DSIVI,0.8,0.32479111005263384,885153627,5,seed43_dsivi_8_gaussians,0.06021995097398758,43,8_gaussians
8000,DSIVI,0.8,0.07996856751601143,1078257620,6,seed43_dsivi_8_gaussians,0.060076648369431496,43,8_gaussians
8000,DSIVI,0.8,0.12457598253536822,1105246897,7,seed43_dsivi_8_gaussians,0.06060356646776199,43,8_gaussians
8000,DSIVI,0.8,0.698831794517943,961148378,8,seed43_dsivi_8_gaussians,0.06087315268814564,43,8_gaussians
8000,DSIVI,0.8,0.11120243921139511,259143372,9,seed43_dsivi_8_gaussians,0.06068692356348038,43,8_gaussians
10000,DSIVI,1.0,0.14615289095128015,1121038545,0,seed43_dsivi_8_gaussians,0.06042521633207798,43,8_gaussians
10000,DSIVI,1.0,0.25592943084892034,465530514,1,seed43_dsivi_8_gaussians,0.06002712808549404,43,8_gaussians
10000,DSIVI,1.0,0.2399642594290775,880621464,2,seed43_dsivi_8_gaussians,0.06008690968155861,43,8_gaussians
10000,DSIVI,1.0,0.15695199897968015,1100127843,3,seed43_dsivi_8_gaussians,0.06041216477751732,43,8_gaussians
10000,DSIVI,1.0,0.10803504242815024,509033617,4,seed43_dsivi_8_gaussians,0.06075490824878216,43,8_gaussians
10000,DSIVI,1.0,0.19249441418351165,552089571,5,seed43_dsivi_8_gaussians,0.06086692027747631,43,8_gaussians
10000,DSIVI,1.0,0.13168093023997263,64882287,6,seed43_dsivi_8_gaussians,0.06034483201801777,43,8_gaussians
10000,DSIVI,1.0,0.2160743001645953,1957449702,7,seed43_dsivi_8_gaussians,0.060149917379021645,43,8_gaussians
10000,DSIVI,1.0,0.20299875767298373,1575104607,8,seed43_dsivi_8_gaussians,0.06431121751666069,43,8_gaussians
10000,DSIVI,1.0,0.11581976957430026,897948380,9,seed43_dsivi_8_gaussians,0.060983629897236824,43,8_gaussians
2000,DSIVI,0.2,408.99950983224863,2023254008,0,seed44_dsivi_8_gaussians,0.06074458360671997,44,8_gaussians
2000,DSIVI,0.2,373.0075492742078,1996728315,1,seed44_dsivi_8_gaussians,0.06024027615785599,44,8_gaussians
2000,DSIVI,0.2,417.52689896263036,922660985,2,seed44_dsivi_8_gaussians,0.06104145757853985,44,8_gaussians
2000,DSIVI,0.2,497.46842555854926,1443560572,3,seed44_dsivi_8_gaussians,0.0607399083673954,44,8_gaussians
2000,DSIVI,0.2,429.88458924098256,1734090531,4,seed44_dsivi_8_gaussians,0.06102662533521652,44,8_gaussians
2000,DSIVI,0.2,564.8910926478322,2099162359,5,seed44_dsivi_8_gaussians,0.06081415340304375,44,8_gaussians
2000,DSIVI,0.2,515.9519618234267,1812690180,6,seed44_dsivi_8_gaussians,0.06053902767598629,44,8_gaussians
2000,DSIVI,0.2,422.66634815173563,1635192588,7,seed44_dsivi_8_gaussians,0.06099246069788933,44,8_gaussians
2000,DSIVI,0.2,459.56332871522,22565701,8,seed44_dsivi_8_gaussians,0.06102931872010231,44,8_gaussians
2000,DSIVI,0.2,398.9491660988667,1117486529,9,seed44_dsivi_8_gaussians,0.060639020055532455,44,8_gaussians
4000,DSIVI,0.4,705.139215203005,955006863,0,seed44_dsivi_8_gaussians,0.06054503098130226,44,8_gaussians
4000,DSIVI,0.4,656.9545065002919,1135364507,1,seed44_dsivi_8_gaussians,0.060425784438848495,44,8_gaussians
4000,DSIVI,0.4,553.4318929109469,590984700,2,seed44_dsivi_8_gaussians,0.06047553010284901,44,8_gaussians
4000,DSIVI,0.4,694.453456760124,1748161046,3,seed44_dsivi_8_gaussians,0.06109163910150528,44,8_gaussians
4000,DSIVI,0.4,639.8502364088204,64208132,4,seed44_dsivi_8_gaussians,0.060824403539299965,44,8_gaussians
4000,DSIVI,0.4,873.1768052014104,1699625425,5,seed44_dsivi_8_gaussians,0.060436150059103966,44,8_gaussians
4000,DSIVI,0.4,663.2451225373582,1111343455,6,seed44_dsivi_8_gaussians,0.061012400314211845,44,8_gaussians
4000,DSIVI,0.4,1008.453112334054,1015835073,7,seed44_dsivi_8_gaussians,0.06058276258409023,44,8_gaussians
4000,DSIVI,0.4,597.9600790925211,924648652,8,seed44_dsivi_8_gaussians,0.06095627509057522,44,8_gaussians
4000,DSIVI,0.4,869.2448957510234,1717324098,9,seed44_dsivi_8_gaussians,0.06016919203102589,44,8_gaussians
6000,DSIVI,0.6,680.9549168950621,1704389906,0,seed44_dsivi_8_gaussians,0.05953150987625122,44,8_gaussians
6000,DSIVI,0.6,668.5966144553404,656887474,1,seed44_dsivi_8_gaussians,0.059288809075951576,44,8_gaussians
6000,DSIVI,0.6,663.263701210849,908977404,2,seed44_dsivi_8_gaussians,0.05939385108649731,44,8_gaussians
6000,DSIVI,0.6,767.2641963334283,1640311463,3,seed44_dsivi_8_gaussians,0.0594210010021925,44,8_gaussians
6000,DSIVI,0.6,742.380153922511,1650811716,4,seed44_dsivi_8_gaussians,0.05945286527276039,44,8_gaussians
6000,DSIVI,0.6,725.8815081000944,1920793444,5,seed44_dsivi_8_gaussians,0.059606632217764854,44,8_gaussians
6000,DSIVI,0.6,740.0191688462305,473472802,6,seed44_dsivi_8_gaussians,0.059416599571704865,44,8_gaussians
6000,DSIVI,0.6,801.1914967091789,2056712628,7,seed44_dsivi_8_gaussians,0.05985518358647823,44,8_gaussians
6000,DSIVI,0.6,655.6272250662328,941159271,8,seed44_dsivi_8_gaussians,0.05979405716061592,44,8_gaussians
6000,DSIVI,0.6,784.4939458619967,48518968,9,seed44_dsivi_8_gaussians,0.059315502643585205,44,8_gaussians
8000,DSIVI,0.8,898.1224214685998,416132290,0,seed44_dsivi_8_gaussians,0.05955424904823303,44,8_gaussians
8000,DSIVI,0.8,906.7931700899484,1840249982,1,seed44_dsivi_8_gaussians,0.05942058004438877,44,8_gaussians
8000,DSIVI,0.8,843.5982636542803,132609803,2,seed44_dsivi_8_gaussians,0.05950172618031502,44,8_gaussians
8000,DSIVI,0.8,883.4442047242077,493827326,3,seed44_dsivi_8_gaussians,0.06007986329495907,44,8_gaussians
8000,DSIVI,0.8,917.9819223827287,1733294773,4,seed44_dsivi_8_gaussians,0.05998084880411625,44,8_gaussians
8000,DSIVI,0.8,895.2543886984101,1202640887,5,seed44_dsivi_8_gaussians,0.0593310184776783,44,8_gaussians
8000,DSIVI,0.8,949.837090132571,671688488,6,seed44_dsivi_8_gaussians,0.05928364768624306,44,8_gaussians
8000,DSIVI,0.8,927.4264815295435,1064494132,7,seed44_dsivi_8_gaussians,0.0598179679363966,44,8_gaussians
8000,DSIVI,0.8,801.6432878999137,1729467198,8,seed44_dsivi_8_gaussians,0.05990736372768879,44,8_gaussians
8000,DSIVI,0.8,828.1278961417719,371848153,9,seed44_dsivi_8_gaussians,0.05951336398720741,44,8_gaussians
10000,DSIVI,1.0,1097.9053191456906,1866660456,0,seed44_dsivi_8_gaussians,0.05957091227173805,44,8_gaussians
10000,DSIVI,1.0,1084.56225439246,1459271432,1,seed44_dsivi_8_gaussians,0.06062126159667969,44,8_gaussians
10000,DSIVI,1.0,1079.0390633556472,963042472,2,seed44_dsivi_8_gaussians,0.06094072945415974,44,8_gaussians
10000,DSIVI,1.0,1040.512949165523,1616632722,3,seed44_dsivi_8_gaussians,0.06026856042444706,44,8_gaussians
10000,DSIVI,1.0,1053.5024411266377,1514474838,4,seed44_dsivi_8_gaussians,0.05976349115371704,44,8_gaussians
10000,DSIVI,1.0,1068.9466109626,1043897541,5,seed44_dsivi_8_gaussians,0.059736479073762894,44,8_gaussians
10000,DSIVI,1.0,1002.0902948202843,172398469,6,seed44_dsivi_8_gaussians,0.06892208941280842,44,8_gaussians
10000,DSIVI,1.0,1106.3437746276536,981838687,7,seed44_dsivi_8_gaussians,0.060170749202370644,44,8_gaussians
10000,DSIVI,1.0,1121.6400234088712,1059671327,8,seed44_dsivi_8_gaussians,0.06012940779328346,44,8_gaussians
10000,DSIVI,1.0,1086.4536288676059,764008550,9,seed44_dsivi_8_gaussians,0.05968702770769596,44,8_gaussians
2000,DSIVI,0.2,16.907083658207437,730426869,0,seed45_dsivi_8_gaussians,0.06026090867817402,45,8_gaussians
2000,DSIVI,0.2,7.82336703350555,925473461,1,seed45_dsivi_8_gaussians,0.05977904610335827,45,8_gaussians
2000,DSIVI,0.2,22.216735629009317,672236590,2,seed45_dsivi_8_gaussians,0.06037648767232895,45,8_gaussians
2000,DSIVI,0.2,9.334477386119692,314053525,3,seed45_dsivi_8_gaussians,0.060285063460469246,45,8_gaussians
2000,DSIVI,0.2,25.892668067145824,118699089,4,seed45_dsivi_8_gaussians,0.0601407028734684,45,8_gaussians
2000,DSIVI,0.2,51.858569882571956,40969811,5,seed45_dsivi_8_gaussians,0.05968523770570755,45,8_gaussians
2000,DSIVI,0.2,28.658886623442672,1264318319,6,seed45_dsivi_8_gaussians,0.0600211676210165,45,8_gaussians
2000,DSIVI,0.2,8.659640872075922,669337095,7,seed45_dsivi_8_gaussians,0.060568273067474365,45,8_gaussians
2000,DSIVI,0.2,71.31785663800851,793479994,8,seed45_dsivi_8_gaussians,0.06025661714375019,45,8_gaussians
2000,DSIVI,0.2,29.301154589231267,929794226,9,seed45_dsivi_8_gaussians,0.05974956788122654,45,8_gaussians
4000,DSIVI,0.4,0.3127607043303927,1899429580,0,seed45_dsivi_8_gaussians,0.05961175262928009,45,8_gaussians
4000,DSIVI,0.4,0.429038842369446,1988464527,1,seed45_dsivi_8_gaussians,0.05960659310221672,45,8_gaussians
4000,DSIVI,0.4,0.4298535091977017,1963074940,2,seed45_dsivi_8_gaussians,0.059566278010606766,45,8_gaussians
4000,DSIVI,0.4,0.6002076321277703,1206073980,3,seed45_dsivi_8_gaussians,0.05986599996685982,45,8_gaussians
4000,DSIVI,0.4,0.627204061170414,368206233,4,seed45_dsivi_8_gaussians,0.05965760350227356,45,8_gaussians
4000,DSIVI,0.4,0.8283784066625908,1039991470,5,seed45_dsivi_8_gaussians,0.059759512543678284,45,8_gaussians
4000,DSIVI,0.4,0.40169987111669986,28004641,6,seed45_dsivi_8_gaussians,0.06036386080086231,45,8_gaussians
4000,DSIVI,0.4,0.28511025800012507,211691256,7,seed45_dsivi_8_gaussians,0.06020759232342243,45,8_gaussians
4000,DSIVI,0.4,0.4151969849709407,1445110271,8,seed45_dsivi_8_gaussians,0.05979851074516773,45,8_gaussians
4000,DSIVI,0.4,0.6372095321231945,531389855,9,seed45_dsivi_8_gaussians,0.05954849347472191,45,8_gaussians
6000,DSIVI,0.6,0.011388338741282094,1447576854,0,seed45_dsivi_8_gaussians,0.05963108129799366,45,8_gaussians
6000,DSIVI,0.6,0.017425748907120654,1125841608,1,seed45_dsivi_8_gaussians,0.05986907333135605,45,8_gaussians
6000,DSIVI,0.6,0.01607083127184655,669136255,2,seed45_dsivi_8_gaussians,0.060335105285048485,45,8_gaussians
6000,DSIVI,0.6,0.011525782368302637,1811266629,3,seed45_dsivi_8_gaussians,0.060375701636075974,45,8_gaussians
6000,DSIVI,0.6,0.03344112489358765,1671768910,4,seed45_dsivi_8_gaussians,0.059957532212138176,45,8_gaussians
6000,DSIVI,0.6,0.01659873161574239,353621684,5,seed45_dsivi_8_gaussians,0.059816719964146614,45,8_gaussians
6000,DSIVI,0.6,0.017663393041091997,1804762134,6,seed45_dsivi_8_gaussians,0.059757448732852936,45,8_gaussians
6000,DSIVI,0.6,0.01375115769670484,834553823,7,seed45_dsivi_8_gaussians,0.06060286425054073,45,8_gaussians
6000,DSIVI,0.6,0.016588626454483373,1949789084,8,seed45_dsivi_8_gaussians,0.059862250462174416,45,8_gaussians
6000,DSIVI,0.6,0.015609697789020011,1094678540,9,seed45_dsivi_8_gaussians,0.0598877239972353,45,8_gaussians
8000,DSIVI,0.8,0.013222969419345346,451984998,0,seed45_dsivi_8_gaussians,0.07860138826072216,45,8_gaussians
8000,DSIVI,0.8,0.01165979693088948,353431371,1,seed45_dsivi_8_gaussians,0.1090238206088543,45,8_gaussians
8000,DSIVI,0.8,0.01319675728207506,1448959699,2,seed45_dsivi_8_gaussians,0.07543830014765263,45,8_gaussians
8000,DSIVI,0.8,0.013569175689284741,140625192,3,seed45_dsivi_8_gaussians,0.06109271198511124,45,8_gaussians
8000,DSIVI,0.8,0.012667803897102165,651844237,4,seed45_dsivi_8_gaussians,0.0601846557110548,45,8_gaussians
8000,DSIVI,0.8,0.012233888398159604,787992158,5,seed45_dsivi_8_gaussians,0.06001749075949192,45,8_gaussians
8000,DSIVI,0.8,0.017349767047506737,1180359720,6,seed45_dsivi_8_gaussians,0.05992635153234005,45,8_gaussians
8000,DSIVI,0.8,0.01579351245423865,428468124,7,seed45_dsivi_8_gaussians,0.06002211384475231,45,8_gaussians
8000,DSIVI,0.8,0.01730780090548996,191755152,8,seed45_dsivi_8_gaussians,0.05985038913786411,45,8_gaussians
8000,DSIVI,0.8,0.010261954508274749,1984799713,9,seed45_dsivi_8_gaussians,0.06034126132726669,45,8_gaussians
10000,DSIVI,1.0,0.022239234556955412,527668285,0,seed45_dsivi_8_gaussians,0.06010994501411915,45,8_gaussians
10000,DSIVI,1.0,0.019138431520605924,1302770313,1,seed45_dsivi_8_gaussians,0.0598902627825737,45,8_gaussians
10000,DSIVI,1.0,0.03128884090952955,1741352388,2,seed45_dsivi_8_gaussians,0.05994020774960518,45,8_gaussians
10000,DSIVI,1.0,0.0190342878751379,1703542641,3,seed45_dsivi_8_gaussians,0.05996848829090595,45,8_gaussians
10000,DSIVI,1.0,0.01833280020067398,1250375389,4,seed45_dsivi_8_gaussians,0.05994277261197567,45,8_gaussians
10000,DSIVI,1.0,0.03134235145427428,513410146,5,seed45_dsivi_8_gaussians,0.05985203571617603,45,8_gaussians
10000,DSIVI,1.0,0.0260241840469369,924900227,6,seed45_dsivi_8_gaussians,0.06208787113428116,45,8_gaussians
10000,DSIVI,1.0,0.020727624780503114,1978620467,7,seed45_dsivi_8_gaussians,0.060372667387127876,45,8_gaussians
10000,DSIVI,1.0,0.019893756004391406,2037191176,8,seed45_dsivi_8_gaussians,0.06049246899783611,45,8_gaussians
10000,DSIVI,1.0,0.048536797750029954,1322346587,9,seed45_dsivi_8_gaussians,0.060104066506028175,45,8_gaussians
2000,DSIVI,0.2,540.3353625555028,488457521,0,seed46_dsivi_8_gaussians,0.062402887269854546,46,8_gaussians
2000,DSIVI,0.2,527.1285579140771,96463520,1,seed46_dsivi_8_gaussians,0.060418467968702316,46,8_gaussians
2000,DSIVI,0.2,519.4106325930691,1545403106,2,seed46_dsivi_8_gaussians,0.06034405343234539,46,8_gaussians
2000,DSIVI,0.2,652.3261204013086,1985697466,3,seed46_dsivi_8_gaussians,0.06011485867202282,46,8_gaussians
2000,DSIVI,0.2,560.1865103745212,494836815,4,seed46_dsivi_8_gaussians,0.0618096012622118,46,8_gaussians
2000,DSIVI,0.2,581.0978476179108,909123183,5,seed46_dsivi_8_gaussians,0.06020982190966606,46,8_gaussians
2000,DSIVI,0.2,607.3631215428363,1723520490,6,seed46_dsivi_8_gaussians,0.06029963120818138,46,8_gaussians
2000,DSIVI,0.2,540.9405049702491,632941941,7,seed46_dsivi_8_gaussians,0.06013663299381733,46,8_gaussians
2000,DSIVI,0.2,534.7961683725766,428641741,8,seed46_dsivi_8_gaussians,0.062141960486769676,46,8_gaussians
2000,DSIVI,0.2,548.2386925891244,1600204473,9,seed46_dsivi_8_gaussians,0.06023290194571018,46,8_gaussians
4000,DSIVI,0.4,880.5803741608879,1464423024,0,seed46_dsivi_8_gaussians,0.06022440828382969,46,8_gaussians
4000,DSIVI,0.4,956.1697541149997,728219896,1,seed46_dsivi_8_gaussians,0.06140466779470444,46,8_gaussians
4000,DSIVI,0.4,762.0407260359117,183394191,2,seed46_dsivi_8_gaussians,0.059882475063204765,46,8_gaussians
4000,DSIVI,0.4,1202.5673316922325,663716052,3,seed46_dsivi_8_gaussians,0.06089510768651962,46,8_gaussians
4000,DSIVI,0.4,753.1278255862062,1542162932,4,seed46_dsivi_8_gaussians,0.06007546931505203,46,8_gaussians
4000,DSIVI,0.4,735.1246377794994,1968924163,5,seed46_dsivi_8_gaussians,0.060162993147969246,46,8_gaussians
4000,DSIVI,0.4,1009.9262266228345,1909563670,6,seed46_dsivi_8_gaussians,0.06134595163166523,46,8_gaussians
4000,DSIVI,0.4,856.3788377041956,993792633,7,seed46_dsivi_8_gaussians,0.060328222811222076,46,8_gaussians
4000,DSIVI,0.4,813.5169088028376,1444241050,8,seed46_dsivi_8_gaussians,0.06039153039455414,46,8_gaussians
4000,DSIVI,0.4,877.5288729408545,88366782,9,seed46_dsivi_8_gaussians,0.06027491204440594,46,8_gaussians
6000,DSIVI,0.6,895.961064339881,499851364,0,seed46_dsivi_8_gaussians,0.06026497296988964,46,8_gaussians
6000,DSIVI,0.6,907.4159027234717,387409747,1,seed46_dsivi_8_gaussians,0.060440419241786,46,8_gaussians
6000,DSIVI,0.6,764.7645846266703,191494155,2,seed46_dsivi_8_gaussians,0.05984511412680149,46,8_gaussians
6000,DSIVI,0.6,783.9732452973667,65794157,3,seed46_dsivi_8_gaussians,0.06038358248770237,46,8_gaussians
6000,DSIVI,0.6,875.310765379358,1916756626,4,seed46_dsivi_8_gaussians,0.06027545779943466,46,8_gaussians
6000,DSIVI,0.6,909.2872914475756,1156195612,5,seed46_dsivi_8_gaussians,0.06027459539473057,46,8_gaussians
6000,DSIVI,0.6,848.3120034962544,408954555,6,seed46_dsivi_8_gaussians,0.06036117300391197,46,8_gaussians
6000,DSIVI,0.6,752.6371377685457,739322144,7,seed46_dsivi_8_gaussians,0.06011190079152584,46,8_gaussians
6000,DSIVI,0.6,828.9971750948837,496346155,8,seed46_dsivi_8_gaussians,0.06021314859390259,46,8_gaussians
6000,DSIVI,0.6,825.5213356099766,416854818,9,seed46_dsivi_8_gaussians,0.06022094190120697,46,8_gaussians
8000,DSIVI,0.8,565.5078924030698,1280432954,0,seed46_dsivi_8_gaussians,0.06028720177710056,46,8_gaussians
8000,DSIVI,0.8,615.4384331432052,231069565,1,seed46_dsivi_8_gaussians,0.060182712972164154,46,8_gaussians
8000,DSIVI,0.8,552.6588033758874,560384407,2,seed46_dsivi_8_gaussians,0.060092486441135406,46,8_gaussians
8000,DSIVI,0.8,718.7072040096467,1846786747,3,seed46_dsivi_8_gaussians,0.06012675724923611,46,8_gaussians
8000,DSIVI,0.8,613.2083963458913,228230926,4,seed46_dsivi_8_gaussians,0.06011576950550079,46,8_gaussians
8000,DSIVI,0.8,650.9046186765895,1745743210,5,seed46_dsivi_8_gaussians,0.060196490958333015,46,8_gaussians
8000,DSIVI,0.8,634.7307418704684,1049602653,6,seed46_dsivi_8_gaussians,0.06016046367585659,46,8_gaussians
8000,DSIVI,0.8,645.8614375237349,485172924,7,seed46_dsivi_8_gaussians,0.06040729209780693,46,8_gaussians
8000,DSIVI,0.8,606.1269743713792,865624965,8,seed46_dsivi_8_gaussians,0.06027678772807121,46,8_gaussians
8000,DSIVI,0.8,576.1745313642026,127972498,9,seed46_dsivi_8_gaussians,0.06028054282069206,46,8_gaussians
10000,DSIVI,1.0,458.8491969022177,980536178,0,seed46_dsivi_8_gaussians,0.06046143360435963,46,8_gaussians
10000,DSIVI,1.0,472.03992896147736,1548891555,1,seed46_dsivi_8_gaussians,0.060091886669397354,46,8_gaussians
10000,DSIVI,1.0,494.03863418741054,1214232093,2,seed46_dsivi_8_gaussians,0.06014447100460529,46,8_gaussians
10000,DSIVI,1.0,472.7176491405704,405905323,3,seed46_dsivi_8_gaussians,0.06017882376909256,46,8_gaussians
10000,DSIVI,1.0,440.2246465285509,1866611336,4,seed46_dsivi_8_gaussians,0.060168882831931114,46,8_gaussians
10000,DSIVI,1.0,455.9847491098834,1820178843,5,seed46_dsivi_8_gaussians,0.060065535828471184,46,8_gaussians
10000,DSIVI,1.0,428.09945081020703,2070897047,6,seed46_dsivi_8_gaussians,0.060949090868234634,46,8_gaussians
10000,DSIVI,1.0,434.36911070662677,1555646657,7,seed46_dsivi_8_gaussians,0.06002780795097351,46,8_gaussians
10000,DSIVI,1.0,427.5485589532728,2146236927,8,seed46_dsivi_8_gaussians,0.061622677370905876,46,8_gaussians
10000,DSIVI,1.0,523.9050431192909,1243847264,9,seed46_dsivi_8_gaussians,0.06039826199412346,46,8_gaussians
