chain,draw,phase,pc1,pc2,epsilon_0,epsilon_1
0,0,early,0.41110975,0.72107387,0.41110975,0.72107387
0,3,early,0.48556200,0.69695789,0.48556200,0.69695789
0,6,early,0.35868776,0.62389779,0.35868776,0.62389779
0,9,early,0.33078438,0.66252095,0.33078438,0.66252095
0,12,early,0.42959526,0.70259553,0.42959526,0.70259553
0,16,early,0.42189422,0.78134328,0.42189422,0.78134328
0,19,early,0.53798759,0.79927182,0.53798759,0.79927182
0,22,early,0.52769202,0.85516691,0.52769202,0.85516691
0,25,early,0.55600387,0.86532176,0.55600387,0.86532176
0,28,early,0.44802141,0.86366016,0.44802141,0.86366016
0,32,early,0.50476992,0.86192203,0.50476992,0.86192203
0,35,early,0.53909940,0.79067183,0.53909940,0.79067183
0,38,early,0.53202760,0.85481906,0.53202760,0.85481906
0,41,early,0.51527941,0.88176405,0.51527941,0.88176405
0,44,early,0.49177352,0.90211606,0.49177352,0.90211606
0,48,early,0.52909786,0.86243653,0.52909786,0.86243653
0,51,early,0.51219636,0.90801156,0.51219636,0.90801156
0,54,early,0.51480609,0.88169634,0.51480609,0.88169634
0,57,early,0.51685607,0.94015998,0.51685607,0.94015998
0,60,early,0.54126292,0.91843516,0.54126292,0.91843516
0,64,early,0.47662723,0.97705173,0.47662723,0.97705173
0,67,early,0.57967222,0.99744177,0.57967222,0.99744177
0,70,early,0.59290433,0.95185345,0.59290433,0.95185345
0,73,early,0.56264687,1.01039946,0.56264687,1.01039946
0,76,early,0.59508705,0.99648285,0.59508705,0.99648285
0,80,early,0.54195881,1.04449081,0.54195881,1.04449081
0,83,early,0.56042492,1.04503882,0.56042492,1.04503882
0,86,early,0.50466853,1.04840076,0.50466853,1.04840076
0,89,early,0.57619309,1.00501561,0.57619309,1.00501561
0,92,early,0.59448618,0.96048450,0.59448618,0.96048450
0,96,early,0.54835665,1.01988816,0.54835665,1.01988816
0,99,early,0.58126551,1.05499911,0.58126551,1.05499911
0,102,early,0.56006688,0.95118374,0.56006688,0.95118374
0,105,early,0.48997945,0.94134486,0.48997945,0.94134486
0,108,early,0.49676940,0.86130756,0.49676940,0.86130756
0,112,early,0.50140280,0.84087849,0.50140280,0.84087849
0,115,early,0.48714358,0.88594437,0.48714358,0.88594437
0,118,early,0.50198650,0.85887104,0.50198650,0.85887104
0,121,early,0.51626456,0.87440217,0.51626456,0.87440217
0,124,early,0.42494655,0.80039459,0.42494655,0.80039459
0,128,early,0.52321672,0.80241579,0.52321672,0.80241579
0,131,early,0.50717825,0.84078217,0.50717825,0.84078217
0,134,early,0.54951566,0.78656048,0.54951566,0.78656048
0,137,early,0.47867548,0.80358446,0.47867548,0.80358446
0,140,early,0.57932389,0.78355777,0.57932389,0.78355777
0,144,early,0.49916133,0.83685267,0.49916133,0.83685267
0,147,early,0.48307130,0.77691811,0.48307130,0.77691811
0,150,early,0.52555907,0.86839330,0.52555907,0.86839330
0,153,early,0.52902669,0.83858901,0.52902669,0.83858901
0,156,early,0.52502435,0.86666334,0.52502435,0.86666334
0,160,early,0.47697800,0.88052922,0.47697800,0.88052922
0,163,early,0.54235035,0.84621918,0.54235035,0.84621918
0,166,early,0.51056230,0.86547208,0.51056230,0.86547208
0,169,early,0.47958019,0.89221281,0.47958019,0.89221281
0,172,early,0.51524037,0.98072678,0.51524037,0.98072678
0,176,early,0.57980067,0.99955946,0.57980067,0.99955946
0,179,early,0.55882734,1.07232404,0.55882734,1.07232404
0,182,early,0.58808362,1.07460749,0.58808362,1.07460749
0,185,early,0.61544496,0.99071139,0.61544496,0.99071139
0,188,early,0.61858422,1.03097618,0.61858422,1.03097618
0,192,early,0.62125814,1.08694148,0.62125814,1.08694148
0,195,early,0.62369066,1.15976334,0.62369066,1.15976334
0,198,early,0.63417208,1.16021383,0.63417208,1.16021383
0,201,early,0.69552350,1.14927030,0.69552350,1.14927030
0,204,early,0.62128210,1.07623935,0.62128210,1.07623935
0,208,early,0.57140547,1.06043315,0.57140547,1.06043315
0,211,early,0.59663302,1.07787073,0.59663302,1.07787073
0,214,early,0.53528035,1.05543530,0.53528035,1.05543530
0,217,early,0.58911407,1.11657810,0.58911407,1.11657810
0,220,early,0.59917694,1.11258054,0.59917694,1.11258054
0,224,early,0.58090591,1.08708036,0.58090591,1.08708036
0,227,early,0.60295814,1.01725209,0.60295814,1.01725209
0,230,early,0.55462092,1.00930309,0.55462092,1.00930309
0,233,early,0.57694656,0.90284228,0.57694656,0.90284228
0,236,early,0.60251158,0.95537943,0.60251158,0.95537943
0,240,early,0.65294415,1.03143513,0.65294415,1.03143513
0,243,early,0.65343302,1.06982982,0.65343302,1.06982982
0,246,early,0.58352405,1.11852670,0.58352405,1.11852670
0,249,early,0.66614705,1.10461450,0.66614705,1.10461450
0,252,late,0.58993369,1.12669778,0.58993369,1.12669778
0,256,late,0.64350587,1.06392407,0.64350587,1.06392407
0,259,late,0.63797587,1.04172385,0.63797587,1.04172385
0,262,late,0.58897996,0.99597764,0.58897996,0.99597764
0,265,late,0.58763969,1.06092000,0.58763969,1.06092000
0,268,late,0.62012327,1.02099001,0.62012327,1.02099001
0,272,late,0.50544548,0.95582801,0.50544548,0.95582801
0,275,late,0.49220607,1.01622295,0.49220607,1.01622295
0,278,late,0.56291538,0.97036606,0.56291538,0.97036606
0,281,late,0.49508676,0.96913111,0.49508676,0.96913111
0,284,late,0.50997055,0.91100746,0.50997055,0.91100746
0,288,late,0.53200638,0.88565326,0.53200638,0.88565326
0,291,late,0.60377306,0.96180189,0.60377306,0.96180189
0,294,late,0.60753727,0.88453281,0.60753727,0.88453281
0,297,late,0.63874328,0.82249314,0.63874328,0.82249314
0,300,late,0.55185747,0.73275489,0.55185747,0.73275489
0,304,late,0.62472910,0.76220500,0.62472910,0.76220500
0,307,late,0.53215462,0.74089187,0.53215462,0.74089187
0,310,late,0.56530923,0.70506972,0.56530923,0.70506972
0,313,late,0.49833834,0.66720599,0.49833834,0.66720599
0,316,late,0.54910862,0.65025514,0.54910862,0.65025514
0,320,late,0.55015200,0.69774139,0.55015200,0.69774139
0,323,late,0.62168860,0.67339373,0.62168860,0.67339373
0,326,late,0.59302491,0.66598350,0.59302491,0.66598350
0,329,late,0.58131045,0.69980770,0.58131045,0.69980770
0,332,late,0.53629792,0.75179946,0.53629792,0.75179946
0,336,late,0.43557066,0.86780542,0.43557066,0.86780542
0,339,late,0.46590132,0.84204149,0.46590132,0.84204149
0,342,late,0.48155043,0.79633665,0.48155043,0.79633665
0,345,late,0.52151722,0.84418184,0.52151722,0.84418184
0,348,late,0.42623892,0.82553363,0.42623892,0.82553363
0,352,late,0.49047464,0.81232011,0.49047464,0.81232011
0,355,late,0.50791818,0.82306266,0.50791818,0.82306266
0,358,late,0.48813689,0.73606098,0.48813689,0.73606098
0,361,late,0.50302190,0.65072542,0.50302190,0.65072542
0,364,late,0.57629901,0.68787241,0.57629901,0.68787241
0,368,late,0.56598097,0.65327311,0.56598097,0.65327311
0,371,late,0.62092704,0.65298742,0.62092704,0.65298742
0,374,late,0.51417577,0.70432431,0.51417577,0.70432431
0,377,late,0.48748231,0.69070488,0.48748231,0.69070488
0,380,late,0.46897024,0.79504150,0.46897024,0.79504150
0,384,late,0.50270045,0.79761577,0.50270045,0.79761577
0,387,late,0.56212664,0.76566732,0.56212664,0.76566732
0,390,late,0.51930571,0.77702755,0.51930571,0.77702755
0,393,late,0.49745029,0.72037071,0.49745029,0.72037071
0,396,late,0.55477381,0.79897249,0.55477381,0.79897249
0,400,late,0.56147665,0.87825829,0.56147665,0.87825829
0,403,late,0.51167727,0.90250325,0.51167727,0.90250325
0,406,late,0.40900406,0.78465831,0.40900406,0.78465831
0,409,late,0.46420500,0.79622155,0.46420500,0.79622155
0,412,late,0.49335203,0.68801534,0.49335203,0.68801534
0,416,late,0.44941112,0.80950528,0.44941112,0.80950528
0,419,late,0.48833787,0.88735312,0.48833787,0.88735312
0,422,late,0.45823234,0.89862138,0.45823234,0.89862138
0,425,late,0.56064105,0.84968668,0.56064105,0.84968668
0,428,late,0.51171941,0.91369504,0.51171941,0.91369504
0,432,late,0.50415409,0.87676769,0.50415409,0.87676769
0,435,late,0.43179807,0.85593826,0.43179807,0.85593826
0,438,late,0.46661022,0.95770198,0.46661022,0.95770198
0,441,late,0.43134654,0.83123338,0.43134654,0.83123338
0,444,late,0.35416570,0.73093921,0.35416570,0.73093921
0,448,late,0.39682484,0.74944198,0.39682484,0.74944198
0,451,late,0.45481837,0.72204983,0.45481837,0.72204983
0,454,late,0.45082450,0.70335996,0.45082450,0.70335996
0,457,late,0.45899767,0.70350218,0.45899767,0.70350218
0,460,late,0.49715778,0.64755005,0.49715778,0.64755005
0,464,late,0.46097097,0.70372605,0.46097097,0.70372605
0,467,late,0.49129492,0.72151262,0.49129492,0.72151262
0,470,late,0.46899778,0.73849934,0.46899778,0.73849934
0,473,late,0.42444360,0.70591867,0.42444360,0.70591867
0,476,late,0.45352226,0.74801415,0.45352226,0.74801415
0,480,late,0.42269140,0.71531844,0.42269140,0.71531844
0,483,late,0.35072011,0.60489631,0.35072011,0.60489631
0,486,late,0.23926233,0.60458410,0.23926233,0.60458410
0,489,late,0.21286596,0.53164935,0.21286596,0.53164935
0,492,late,0.28884548,0.57015467,0.28884548,0.57015467
0,496,late,0.27335277,0.49374431,0.27335277,0.49374431
0,499,late,0.22614063,0.44191113,0.22614063,0.44191113
1,2,early,2.45500922,2.77791882,2.45500922,2.77791882
1,5,early,2.37421107,2.74616122,2.37421107,2.74616122
1,8,early,2.46721148,2.72578382,2.46721148,2.72578382
1,12,early,2.44904613,2.67487264,2.44904613,2.67487264
1,15,early,2.36314392,2.64863467,2.36314392,2.64863467
1,18,early,2.41839480,2.71975827,2.41839480,2.71975827
1,21,early,2.40468407,2.75227571,2.40468407,2.75227571
1,24,early,2.35100484,2.76095343,2.35100484,2.76095343
1,28,early,2.38000107,2.78413320,2.38000107,2.78413320
1,31,early,2.45957303,2.75407887,2.45957303,2.75407887
1,34,early,2.39754057,2.76282024,2.39754057,2.76282024
1,37,early,2.48554254,2.76482964,2.48554254,2.76482964
1,40,early,2.48237157,2.75611043,2.48237157,2.75611043
1,44,early,2.48571515,2.85132051,2.48571515,2.85132051
1,47,early,2.53800249,2.93586087,2.53800249,2.93586087
1,50,early,2.53833294,2.81978178,2.53833294,2.81978178
1,53,early,2.51858377,2.79948163,2.51858377,2.79948163
1,56,early,2.49469209,2.86169791,2.49469209,2.86169791
1,60,early,2.55085897,2.84226108,2.55085897,2.84226108
1,63,early,2.55471492,2.88726878,2.55471492,2.88726878
1,66,early,2.57362342,2.92222905,2.57362342,2.92222905
1,69,early,2.56456065,2.93766189,2.56456065,2.93766189
1,72,early,2.60461664,2.94206357,2.60461664,2.94206357
1,76,early,2.59194922,2.91559410,2.59194922,2.91559410
1,79,early,2.57659864,2.85956049,2.57659864,2.85956049
1,82,early,2.57220340,2.76075792,2.57220340,2.76075792
1,85,early,2.50115752,2.77448869,2.50115752,2.77448869
1,88,early,2.54946756,2.73274374,2.54946756,2.73274374
1,92,early,2.62858844,2.79771018,2.62858844,2.79771018
1,95,early,2.69984412,2.71750021,2.69984412,2.71750021
1,98,early,2.67821240,2.69911337,2.67821240,2.69911337
1,101,early,2.69581127,2.66314268,2.69581127,2.66314268
1,104,early,2.64227343,2.61214113,2.64227343,2.61214113
1,108,early,2.70654869,2.54966855,2.70654869,2.54966855
1,111,early,2.68695283,2.58939362,2.68695283,2.58939362
1,114,early,2.72417545,2.59541750,2.72417545,2.59541750
1,117,early,2.71873021,2.62918591,2.71873021,2.62918591
1,120,early,2.69247532,2.66912842,2.69247532,2.66912842
1,124,early,2.76555300,2.76125169,2.76555300,2.76125169
1,127,early,2.73601770,2.79238081,2.73601770,2.79238081
1,130,early,2.70519042,2.72728229,2.70519042,2.72728229
1,133,early,2.84267282,2.76671648,2.84267282,2.76671648
1,136,early,2.88480639,2.79178405,2.88480639,2.79178405
1,140,early,2.84521389,2.84031367,2.84521389,2.84031367
1,143,early,2.83101249,2.80852294,2.83101249,2.80852294
1,146,early,2.77039599,2.82166147,2.77039599,2.82166147
1,149,early,2.77472806,2.74303675,2.77472806,2.74303675
1,152,early,2.76518059,2.67398167,2.76518059,2.67398167
1,156,early,2.81643271,2.64719701,2.81643271,2.64719701
1,159,early,2.72650194,2.62789369,2.72650194,2.62789369
1,162,early,2.71416140,2.62607694,2.71416140,2.62607694
1,165,early,2.69468045,2.74531674,2.69468045,2.74531674
1,168,early,2.74974632,2.73065305,2.74974632,2.73065305
1,172,early,2.80959058,2.72024298,2.80959058,2.72024298
1,175,early,2.80271816,2.73456073,2.80271816,2.73456073
1,178,early,2.82917523,2.74911237,2.82917523,2.74911237
1,181,early,2.77296042,2.76623368,2.77296042,2.76623368
1,184,early,2.67904186,2.77773499,2.67904186,2.77773499
1,188,early,2.66256404,2.83391643,2.66256404,2.83391643
1,191,early,2.65688634,2.89176702,2.65688634,2.89176702
1,194,early,2.58467364,2.85393929,2.58467364,2.85393929
1,197,early,2.60985518,2.78753614,2.60985518,2.78753614
1,200,early,2.64634633,2.92322350,2.64634633,2.92322350
1,204,early,2.67129707,2.89147830,2.67129707,2.89147830
1,207,early,2.66814947,2.79898429,2.66814947,2.79898429
1,210,early,2.70132613,2.74792027,2.70132613,2.74792027
1,213,early,2.76466513,2.76867390,2.76466513,2.76867390
1,216,early,2.84303808,2.65953159,2.84303808,2.65953159
1,220,early,2.87146044,2.73637819,2.87146044,2.73637819
1,223,early,2.90543890,2.76092196,2.90543890,2.76092196
1,226,early,2.94612789,2.74160862,2.94612789,2.74160862
1,229,early,3.00939298,2.72495461,3.00939298,2.72495461
1,232,early,2.96890879,2.73906493,2.96890879,2.73906493
1,236,early,2.93215561,2.74562001,2.93215561,2.74562001
1,239,early,2.86533165,2.70902371,2.86533165,2.70902371
1,242,early,2.81500387,2.77798247,2.81500387,2.77798247
1,245,early,2.85691357,2.74721599,2.85691357,2.74721599
1,248,early,2.87838578,2.80932260,2.87838578,2.80932260
1,252,late,2.89372063,2.83227324,2.89372063,2.83227324
1,255,late,2.93015361,2.94055223,2.93015361,2.94055223
1,258,late,2.88424945,2.98093510,2.88424945,2.98093510
1,261,late,2.92829180,2.90866852,2.92829180,2.90866852
1,264,late,2.85433221,2.84857225,2.85433221,2.84857225
1,268,late,2.81039596,2.75350261,2.81039596,2.75350261
1,271,late,2.81071043,2.67650437,2.81071043,2.67650437
1,274,late,2.82824492,2.67354059,2.82824492,2.67354059
1,277,late,2.87340689,2.71025777,2.87340689,2.71025777
1,280,late,2.86906385,2.72368908,2.86906385,2.72368908
1,284,late,2.94704556,2.65360928,2.94704556,2.65360928
1,287,late,3.07859755,2.65608406,3.07859755,2.65608406
1,290,late,3.03821135,2.62522817,3.03821135,2.62522817
1,293,late,2.94611573,2.64472795,2.94611573,2.64472795
1,296,late,2.85287571,2.75917411,2.85287571,2.75917411
1,300,late,2.93198180,2.76601982,2.93198180,2.76601982
1,303,late,2.98695564,2.70546532,2.98695564,2.70546532
1,306,late,3.02278447,2.77779651,3.02278447,2.77779651
1,309,late,3.08913827,2.74705648,3.08913827,2.74705648
1,312,late,3.11479044,2.71921730,3.11479044,2.71921730
1,316,late,3.02682781,2.70855975,3.02682781,2.70855975
1,319,late,3.02191591,2.71416473,3.02191591,2.71416473
1,322,late,3.11032248,2.69859433,3.11032248,2.69859433
1,325,late,2.93016100,2.62845230,2.93016100,2.62845230
1,328,late,2.93941689,2.62186861,2.93941689,2.62186861
1,332,late,3.09827137,2.61170411,3.09827137,2.61170411
1,335,late,3.14259291,2.65358520,3.14259291,2.65358520
1,338,late,3.18753552,2.71970510,3.18753552,2.71970510
1,341,late,3.21311164,2.57525539,3.21311164,2.57525539
1,344,late,3.30940461,2.64844131,3.30940461,2.64844131
1,348,late,3.28095269,2.66094518,3.28095269,2.66094518
1,351,late,3.30769038,2.58449030,3.30769038,2.58449030
1,354,late,3.29500651,2.61068892,3.29500651,2.61068892
1,357,late,3.32022619,2.66479611,3.32022619,2.66479611
1,360,late,3.30991650,2.61268520,3.30991650,2.61268520
1,364,late,3.31309485,2.52347660,3.31309485,2.52347660
1,367,late,3.32331800,2.58112407,3.32331800,2.58112407
1,370,late,3.30747581,2.68313432,3.30747581,2.68313432
1,373,late,3.22371602,2.63702536,3.22371602,2.63702536
1,376,late,3.21351075,2.67678499,3.21351075,2.67678499
1,380,late,3.21314979,2.68442130,3.21314979,2.68442130
1,383,late,3.26838946,2.64073491,3.26838946,2.64073491
1,386,late,3.27130866,2.63233399,3.27130866,2.63233399
1,389,late,3.21079063,2.69952655,3.21079063,2.69952655
1,392,late,3.20216632,2.71771884,3.20216632,2.71771884
1,396,late,3.13888454,2.66810107,3.13888454,2.66810107
1,399,late,3.16197586,2.78370047,3.16197586,2.78370047
1,402,late,3.15189171,2.72220659,3.15189171,2.72220659
1,405,late,3.06417823,2.66581583,3.06417823,2.66581583
1,408,late,2.98792410,2.64457226,2.98792410,2.64457226
1,412,late,3.01094580,2.60133410,3.01094580,2.60133410
1,415,late,2.94823694,2.54128194,2.94823694,2.54128194
1,418,late,2.97530198,2.59091592,2.97530198,2.59091592
1,421,late,2.88170958,2.57700300,2.88170958,2.57700300
1,424,late,2.85530925,2.54787755,2.85530925,2.54787755
1,428,late,2.78418612,2.53556395,2.78418612,2.53556395
1,431,late,2.74426007,2.53672361,2.74426007,2.53672361
1,434,late,2.68362713,2.54483724,2.68362713,2.54483724
1,437,late,2.68052554,2.55612350,2.68052554,2.55612350
1,440,late,2.67210650,2.51723099,2.67210650,2.51723099
1,444,late,2.75216365,2.49807239,2.75216365,2.49807239
1,447,late,2.78049779,2.62311196,2.78049779,2.62311196
1,450,late,2.71546793,2.64253354,2.71546793,2.64253354
1,453,late,2.72989368,2.61318421,2.72989368,2.61318421
1,456,late,2.76174784,2.68094969,2.76174784,2.68094969
1,460,late,2.62789893,2.56775212,2.62789893,2.56775212
1,463,late,2.65641284,2.50483656,2.65641284,2.50483656
1,466,late,2.70113802,2.47395110,2.70113802,2.47395110
1,469,late,2.65982962,2.38316870,2.65982962,2.38316870
1,472,late,2.65433002,2.34441662,2.65433002,2.34441662
1,476,late,2.67148781,2.38848734,2.67148781,2.38848734
1,479,late,2.69617534,2.30975080,2.69617534,2.30975080
1,482,late,2.75913167,2.39783883,2.75913167,2.39783883
1,485,late,2.74868727,2.49987769,2.74868727,2.49987769
1,488,late,2.67835307,2.56342125,2.67835307,2.56342125
1,492,late,2.68562865,2.62950993,2.68562865,2.62950993
1,495,late,2.76899695,2.52779722,2.76899695,2.52779722
1,498,late,2.78131819,2.62140560,2.78131819,2.62140560
2,1,early,-0.03960700,0.25345775,-0.03960700,0.25345775
2,4,early,-0.06241375,0.26935285,-0.06241375,0.26935285
2,8,early,-0.12811093,0.25242636,-0.12811093,0.25242636
2,11,early,-0.16139029,0.34083202,-0.16139029,0.34083202
2,14,early,-0.16555442,0.36058447,-0.16555442,0.36058447
2,17,early,-0.09917892,0.44918209,-0.09917892,0.44918209
2,20,early,-0.10485575,0.40015686,-0.10485575,0.40015686
2,24,early,-0.16595167,0.50367272,-0.16595167,0.50367272
2,27,early,-0.15252915,0.51781881,-0.15252915,0.51781881
2,30,early,-0.16829722,0.52658075,-0.16829722,0.52658075
2,33,early,-0.14981216,0.50717366,-0.14981216,0.50717366
2,36,early,-0.12283126,0.48581663,-0.12283126,0.48581663
2,40,early,-0.12670520,0.40055904,-0.12670520,0.40055904
2,43,early,-0.12756026,0.43940681,-0.12756026,0.43940681
2,46,early,-0.15285449,0.39876673,-0.15285449,0.39876673
2,49,early,-0.16484809,0.31096125,-0.16484809,0.31096125
2,52,early,-0.16833031,0.24342348,-0.16833031,0.24342348
2,56,early,-0.12358257,0.18005252,-0.12358257,0.18005252
2,59,early,0.01001526,0.15684557,0.01001526,0.15684557
2,62,early,0.07942443,0.15994692,0.07942443,0.15994692
2,65,early,0.08978321,0.12148350,0.08978321,0.12148350
2,68,early,0.00853504,0.18828192,0.00853504,0.18828192
2,72,early,-0.11311850,0.24388862,-0.11311850,0.24388862
2,75,early,-0.14068480,0.21161908,-0.14068480,0.21161908
2,78,early,-0.14668214,0.22789267,-0.14668214,0.22789267
2,81,early,-0.17551582,0.22590756,-0.17551582,0.22590756
2,84,early,-0.11768264,0.28876889,-0.11768264,0.28876889
2,88,early,-0.09013729,0.20674637,-0.09013729,0.20674637
2,91,early,-0.20462699,0.16388664,-0.20462699,0.16388664
2,94,early,-0.16180421,0.25973544,-0.16180421,0.25973544
2,97,early,-0.09506626,0.28653884,-0.09506626,0.28653884
2,100,early,-0.13493529,0.29227051,-0.13493529,0.29227051
2,104,early,-0.10619873,0.22898050,-0.10619873,0.22898050
2,107,early,-0.14284430,0.28641999,-0.14284430,0.28641999
2,110,early,-0.12808485,0.35239193,-0.12808485,0.35239193
2,113,early,-0.07777169,0.28066093,-0.07777169,0.28066093
2,116,early,0.00169735,0.20414245,0.00169735,0.20414245
2,120,early,-0.06315593,0.12411083,-0.06315593,0.12411083
2,123,early,-0.06913365,0.15910839,-0.06913365,0.15910839
2,126,early,0.02837216,0.08549386,0.02837216,0.08549386
2,129,early,0.02985105,0.13540183,0.02985105,0.13540183
2,132,early,0.07446209,0.23223664,0.07446209,0.23223664
2,136,early,0.00590074,0.23714000,0.00590074,0.23714000
2,139,early,-0.05549442,0.27570489,-0.05549442,0.27570489
2,142,early,-0.09560183,0.29573596,-0.09560183,0.29573596
2,145,early,-0.16815469,0.34590256,-0.16815469,0.34590256
2,148,early,-0.12104885,0.37720767,-0.12104885,0.37720767
2,152,early,-0.06415445,0.45817536,-0.06415445,0.45817536
2,155,early,-0.08588655,0.46758568,-0.08588655,0.46758568
2,158,early,0.02370257,0.51207644,0.02370257,0.51207644
2,161,early,0.00320371,0.51791602,0.00320371,0.51791602
2,164,early,0.04594122,0.38646206,0.04594122,0.38646206
2,168,early,-0.00393831,0.43256295,-0.00393831,0.43256295
2,171,early,-0.06321572,0.42302552,-0.06321572,0.42302552
2,174,early,0.03950757,0.36540577,0.03950757,0.36540577
2,177,early,0.02658134,0.38744459,0.02658134,0.38744459
2,180,early,0.06383199,0.48610598,0.06383199,0.48610598
2,184,early,0.27034262,0.56809002,0.27034262,0.56809002
2,187,early,0.25118411,0.57159173,0.25118411,0.57159173
2,190,early,0.13656305,0.54754245,0.13656305,0.54754245
2,193,early,0.22720478,0.56908476,0.22720478,0.56908476
2,196,early,0.24259959,0.52870864,0.24259959,0.52870864
2,200,early,0.19413862,0.43285835,0.19413862,0.43285835
2,203,early,0.18695061,0.46636793,0.18695061,0.46636793
2,206,early,0.25158763,0.45503879,0.25158763,0.45503879
2,209,early,0.22040698,0.49067137,0.22040698,0.49067137
2,212,early,0.24291271,0.53401136,0.24291271,0.53401136
2,216,early,0.17318274,0.60972935,0.17318274,0.60972935
2,219,early,0.17527953,0.58118039,0.17527953,0.58118039
2,222,early,0.36862415,0.56125301,0.36862415,0.56125301
2,225,early,0.30137891,0.56939924,0.30137891,0.56939924
2,228,early,0.26523930,0.57226431,0.26523930,0.57226431
2,232,early,0.25859958,0.66672474,0.25859958,0.66672474
2,235,early,0.30803472,0.70710039,0.30803472,0.70710039
2,238,early,0.35795459,0.85359472,0.35795459,0.85359472
2,241,early,0.41261533,0.87000293,0.41261533,0.87000293
2,244,early,0.39869434,0.80917561,0.39869434,0.80917561
2,248,early,0.50004047,0.82144320,0.50004047,0.82144320
2,251,late,0.51465803,0.82164270,0.51465803,0.82164270
2,254,late,0.54923964,0.75854427,0.54923964,0.75854427
2,257,late,0.46291161,0.81155646,0.46291161,0.81155646
2,260,late,0.51956719,0.76068264,0.51956719,0.76068264
2,264,late,0.51457345,0.73334527,0.51457345,0.73334527
2,267,late,0.46956250,0.74263191,0.46956250,0.74263191
2,270,late,0.46096468,0.75934547,0.46096468,0.75934547
2,273,late,0.41976002,0.69700909,0.41976002,0.69700909
2,276,late,0.45106754,0.78327841,0.45106754,0.78327841
2,280,late,0.38116968,0.74042338,0.38116968,0.74042338
2,283,late,0.41863647,0.70071447,0.41863647,0.70071447
2,286,late,0.42939010,0.84540224,0.42939010,0.84540224
2,289,late,0.49016273,0.89333564,0.49016273,0.89333564
2,292,late,0.39108059,0.82300425,0.39108059,0.82300425
2,296,late,0.43732411,0.82125580,0.43732411,0.82125580
2,299,late,0.46918526,0.76813203,0.46918526,0.76813203
2,302,late,0.40800714,0.76406902,0.40800714,0.76406902
2,305,late,0.34464413,0.77779061,0.34464413,0.77779061
2,308,late,0.45805961,0.70725560,0.45805961,0.70725560
2,312,late,0.49584424,0.73579502,0.49584424,0.73579502
2,315,late,0.51760417,0.63099456,0.51760417,0.63099456
2,318,late,0.49439088,0.65265095,0.49439088,0.65265095
2,321,late,0.49479869,0.67817497,0.49479869,0.67817497
2,324,late,0.49598446,0.63602602,0.49598446,0.63602602
2,328,late,0.46172324,0.65923059,0.46172324,0.65923059
2,331,late,0.55794400,0.67676824,0.55794400,0.67676824
2,334,late,0.57427323,0.72480726,0.57427323,0.72480726
2,337,late,0.43320367,0.78034770,0.43320367,0.78034770
2,340,late,0.43581599,0.77413833,0.43581599,0.77413833
2,344,late,0.45024189,0.85066015,0.45024189,0.85066015
2,347,late,0.38777775,0.85073787,0.38777775,0.85073787
2,350,late,0.47543228,0.96975791,0.47543228,0.96975791
2,353,late,0.46676016,0.94570565,0.46676016,0.94570565
2,356,late,0.44539982,0.93094498,0.44539982,0.93094498
2,360,late,0.50940973,0.96390092,0.50940973,0.96390092
2,363,late,0.53648585,1.04931700,0.53648585,1.04931700
2,366,late,0.64098567,1.05911100,0.64098567,1.05911100
2,369,late,0.76013023,1.02644634,0.76013023,1.02644634
2,372,late,0.68158484,0.98245883,0.68158484,0.98245883
2,376,late,0.65070397,0.90958452,0.65070397,0.90958452
2,379,late,0.65583444,0.94333243,0.65583444,0.94333243
2,382,late,0.57362139,0.89512533,0.57362139,0.89512533
2,385,late,0.57418382,0.97142398,0.57418382,0.97142398
2,388,late,0.59755236,1.00719452,0.59755236,1.00719452
2,392,late,0.61303729,0.96943843,0.61303729,0.96943843
2,395,late,0.56061918,0.94490254,0.56061918,0.94490254
2,398,late,0.52653658,1.03140247,0.52653658,1.03140247
2,401,late,0.57326853,1.05220485,0.57326853,1.05220485
2,404,late,0.54561967,1.04982567,0.54561967,1.04982567
2,408,late,0.58781397,0.89449203,0.58781397,0.89449203
2,411,late,0.50858122,0.89852977,0.50858122,0.89852977
2,414,late,0.48498669,0.84197122,0.48498669,0.84197122
2,417,late,0.44349959,0.91738814,0.44349959,0.91738814
2,420,late,0.48385841,0.98703301,0.48385841,0.98703301
2,424,late,0.55505139,0.95569688,0.55505139,0.95569688
2,427,late,0.56025666,1.00115776,0.56025666,1.00115776
2,430,late,0.64267987,1.02665281,0.64267987,1.02665281
2,433,late,0.65287113,0.96581787,0.65287113,0.96581787
2,436,late,0.62003875,1.06597197,0.62003875,1.06597197
2,440,late,0.58625710,1.10925710,0.58625710,1.10925710
2,443,late,0.63239211,1.20342147,0.63239211,1.20342147
2,446,late,0.64637768,1.23105860,0.64637768,1.23105860
2,449,late,0.73722827,1.23644769,0.73722827,1.23644769
2,452,late,0.74607009,1.29849231,0.74607009,1.29849231
2,456,late,0.78711224,1.29316592,0.78711224,1.29316592
2,459,late,0.81433499,1.39241517,0.81433499,1.39241517
2,462,late,0.81788361,1.37457454,0.81788361,1.37457454
2,465,late,0.82537508,1.43342555,0.82537508,1.43342555
2,468,late,0.91087896,1.45703244,0.91087896,1.45703244
2,472,late,0.93617862,1.50998032,0.93617862,1.50998032
2,475,late,0.99654680,1.51839375,0.99654680,1.51839375
2,478,late,0.99735188,1.59623718,0.99735188,1.59623718
2,481,late,0.93572176,1.53941321,0.93572176,1.53941321
2,484,late,0.92748493,1.53796422,0.92748493,1.53796422
2,488,late,0.90519172,1.60808182,0.90519172,1.60808182
2,491,late,0.88943541,1.56632781,0.88943541,1.56632781
2,494,late,0.90487456,1.56162930,0.90487456,1.56162930
2,497,late,0.88954395,1.54970789,0.88954395,1.54970789
3,0,early,0.78240013,1.26169729,0.78240013,1.26169729
3,4,early,0.72914314,1.18764079,0.72914314,1.18764079
3,7,early,0.64987266,1.21682370,0.64987266,1.21682370
3,10,early,0.66325003,1.15532422,0.66325003,1.15532422
3,13,early,0.66164321,1.13534486,0.66164321,1.13534486
3,16,early,0.69624591,1.18430436,0.69624591,1.18430436
3,20,early,0.59887993,1.07919919,0.59887993,1.07919919
3,23,early,0.70904458,1.01802504,0.70904458,1.01802504
3,26,early,0.66027457,1.04124939,0.66027457,1.04124939
3,29,early,0.63444942,1.05380154,0.63444942,1.05380154
3,32,early,0.58198088,1.05816436,0.58198088,1.05816436
3,36,early,0.57535344,0.95966357,0.57535344,0.95966357
3,39,early,0.53262186,0.93962413,0.53262186,0.93962413
3,42,early,0.46318680,0.98570818,0.46318680,0.98570818
3,45,early,0.55519557,1.00332487,0.55519557,1.00332487
3,48,early,0.55499959,0.94705927,0.55499959,0.94705927
3,52,early,0.52265936,0.93585557,0.52265936,0.93585557
3,55,early,0.56314361,0.87413299,0.56314361,0.87413299
3,58,early,0.58399361,0.90983748,0.58399361,0.90983748
3,61,early,0.55430943,0.97647905,0.55430943,0.97647905
3,64,early,0.57125759,0.95223725,0.57125759,0.95223725
3,68,early,0.54361349,0.99739033,0.54361349,0.99739033
3,71,early,0.56505060,0.98283213,0.56505060,0.98283213
3,74,early,0.58541054,0.97395432,0.58541054,0.97395432
3,77,early,0.53328103,0.85687011,0.53328103,0.85687011
3,80,early,0.46267954,0.85058725,0.46267954,0.85058725
3,84,early,0.46689597,0.86013633,0.46689597,0.86013633
3,87,early,0.49887893,0.92623240,0.49887893,0.92623240
3,90,early,0.52327883,0.95558190,0.52327883,0.95558190
3,93,early,0.54360026,1.04552913,0.54360026,1.04552913
3,96,early,0.49911597,0.94408834,0.49911597,0.94408834
3,100,early,0.52662629,0.89696205,0.52662629,0.89696205
3,103,early,0.55879426,0.96345437,0.55879426,0.96345437
3,106,early,0.57831067,1.01193023,0.57831067,1.01193023
3,109,early,0.53764534,1.00816357,0.53764534,1.00816357
3,112,early,0.50058228,0.95738143,0.50058228,0.95738143
3,116,early,0.48341784,0.92055625,0.48341784,0.92055625
3,119,early,0.49042776,0.94462597,0.49042776,0.94462597
3,122,early,0.57268566,0.97556967,0.57268566,0.97556967
3,125,early,0.51870984,1.00597274,0.51870984,1.00597274
3,128,early,0.55062979,0.90248632,0.55062979,0.90248632
3,132,early,0.60340774,0.90503275,0.60340774,0.90503275
3,135,early,0.54626358,0.91867554,0.54626358,0.91867554
3,138,early,0.58211023,0.92129439,0.58211023,0.92129439
3,141,early,0.62980205,0.92566991,0.62980205,0.92566991
3,144,early,0.59278166,0.95290935,0.59278166,0.95290935
3,148,early,0.56904906,0.92662567,0.56904906,0.92662567
3,151,early,0.53140247,0.93578398,0.53140247,0.93578398
3,154,early,0.58754796,1.04125011,0.58754796,1.04125011
3,157,early,0.67010611,1.06157291,0.67010611,1.06157291
3,160,early,0.65244251,1.07585323,0.65244251,1.07585323
3,164,early,0.56248593,1.07394707,0.56248593,1.07394707
3,167,early,0.53344309,1.01259708,0.53344309,1.01259708
3,170,early,0.58571410,1.01329851,0.58571410,1.01329851
3,173,early,0.55840433,0.93379128,0.55840433,0.93379128
3,176,early,0.54854321,0.99646586,0.54854321,0.99646586
3,180,early,0.55824333,1.02312624,0.55824333,1.02312624
3,183,early,0.62919134,1.05489028,0.62919134,1.05489028
3,186,early,0.59290791,1.06766295,0.59290791,1.06766295
3,189,early,0.56214666,1.04728222,0.56214666,1.04728222
3,192,early,0.46582487,0.96985990,0.46582487,0.96985990
3,196,early,0.56974536,0.92877895,0.56974536,0.92877895
3,199,early,0.54737806,0.96143240,0.54737806,0.96143240
3,202,early,0.51685715,0.94812834,0.51685715,0.94812834
3,205,early,0.52591813,0.85641944,0.52591813,0.85641944
3,208,early,0.52928919,0.87879127,0.52928919,0.87879127
3,212,early,0.50745648,0.87358427,0.50745648,0.87358427
3,215,early,0.50734991,0.84570730,0.50734991,0.84570730
3,218,early,0.50718081,0.87776732,0.50718081,0.87776732
3,221,early,0.52275449,0.96827435,0.52275449,0.96827435
3,224,early,0.43249977,0.88317937,0.43249977,0.88317937
3,228,early,0.49350232,0.95415384,0.49350232,0.95415384
3,231,early,0.57076973,0.88859105,0.57076973,0.88859105
3,234,early,0.57865220,0.98168689,0.57865220,0.98168689
3,237,early,0.60498524,1.13206983,0.60498524,1.13206983
3,240,early,0.69456887,1.15449560,0.69456887,1.15449560
3,244,early,0.64433974,1.21145821,0.64433974,1.21145821
3,247,early,0.62499446,1.10189867,0.62499446,1.10189867
3,250,late,0.59715801,1.14080119,0.59715801,1.14080119
3,253,late,0.62890512,1.18219769,0.62890512,1.18219769
3,256,late,0.62275237,1.22651470,0.62275237,1.22651470
3,260,late,0.74631733,1.22922575,0.74631733,1.22922575
3,263,late,0.64393961,1.10111868,0.64393961,1.10111868
3,266,late,0.62251103,1.06673014,0.62251103,1.06673014
3,269,late,0.60469395,1.08405101,0.60469395,1.08405101
3,272,late,0.55703622,1.05081546,0.55703622,1.05081546
3,276,late,0.53941369,1.07566381,0.53941369,1.07566381
3,279,late,0.59579033,1.08587182,0.59579033,1.08587182
3,282,late,0.47255123,1.04836440,0.47255123,1.04836440
3,285,late,0.45486745,0.92895603,0.45486745,0.92895603
3,288,late,0.49088565,0.86912358,0.49088565,0.86912358
3,292,late,0.52837354,0.88615131,0.52837354,0.88615131
3,295,late,0.44342285,0.79661989,0.44342285,0.79661989
3,298,late,0.55949873,0.84789973,0.55949873,0.84789973
3,301,late,0.61586893,0.82927287,0.61586893,0.82927287
3,304,late,0.56225276,0.82597274,0.56225276,0.82597274
3,308,late,0.61612582,0.92586678,0.61612582,0.92586678
3,311,late,0.65977156,0.92835057,0.65977156,0.92835057
3,314,late,0.61182553,1.03867936,0.61182553,1.03867936
3,317,late,0.55981070,1.03773701,0.55981070,1.03773701
3,320,late,0.57006580,0.98862827,0.57006580,0.98862827
3,324,late,0.61151844,1.05885065,0.61151844,1.05885065
3,327,late,0.58972549,1.06435692,0.58972549,1.06435692
3,330,late,0.59945363,1.01142073,0.59945363,1.01142073
3,333,late,0.59226775,1.00284505,0.59226775,1.00284505
3,336,late,0.55596477,0.99518132,0.55596477,0.99518132
3,340,late,0.52237272,0.99725646,0.52237272,0.99725646
3,343,late,0.56308472,0.96274018,0.56308472,0.96274018
3,346,late,0.52577430,0.92278880,0.52577430,0.92278880
3,349,late,0.58905107,0.89604843,0.58905107,0.89604843
3,352,late,0.60978234,0.84205651,0.60978234,0.84205651
3,356,late,0.56855035,0.86992490,0.56855035,0.86992490
3,359,late,0.53826123,0.82593685,0.53826123,0.82593685
3,362,late,0.56430256,0.90267891,0.56430256,0.90267891
3,365,late,0.57468337,0.92924237,0.57468337,0.92924237
3,368,late,0.52993381,0.98812777,0.52993381,0.98812777
3,372,late,0.48836794,0.98447317,0.48836794,0.98447317
3,375,late,0.48896411,0.90141457,0.48896411,0.90141457
3,378,late,0.45004514,0.79866356,0.45004514,0.79866356
3,381,late,0.45052478,0.79732126,0.45052478,0.79732126
3,384,late,0.50484735,0.74233025,0.50484735,0.74233025
3,388,late,0.52999258,0.79496717,0.52999258,0.79496717
3,391,late,0.55200422,0.85706049,0.55200422,0.85706049
3,394,late,0.56572282,0.95524615,0.56572282,0.95524615
3,397,late,0.59095418,0.99636948,0.59095418,0.99636948
3,400,late,0.59590554,0.92740786,0.59590554,0.92740786
3,404,late,0.55151397,1.02086627,0.55151397,1.02086627
3,407,late,0.55025703,1.02895439,0.55025703,1.02895439
3,410,late,0.58484137,1.07859874,0.58484137,1.07859874
3,413,late,0.57678705,1.06742752,0.57678705,1.06742752
3,416,late,0.55178404,1.06681073,0.55178404,1.06681073
3,420,late,0.61138034,1.08025563,0.61138034,1.08025563
3,423,late,0.60686344,1.01612139,0.60686344,1.01612139
3,426,late,0.54542464,0.91924244,0.54542464,0.91924244
3,429,late,0.53491068,0.90300089,0.53491068,0.90300089
3,432,late,0.45348158,0.92565644,0.45348158,0.92565644
3,436,late,0.55622137,0.93182880,0.55622137,0.93182880
3,439,late,0.47749287,0.94907719,0.47749287,0.94907719
3,442,late,0.59046119,0.91536075,0.59046119,0.91536075
3,445,late,0.52277756,0.91088057,0.52277756,0.91088057
3,448,late,0.61433285,0.93206418,0.61433285,0.93206418
3,452,late,0.60725957,0.89412546,0.60725957,0.89412546
3,455,late,0.50746638,0.82639766,0.50746638,0.82639766
3,458,late,0.51900560,0.75430346,0.51900560,0.75430346
3,461,late,0.48476899,0.70164013,0.48476899,0.70164013
3,464,late,0.46176952,0.68790579,0.46176952,0.68790579
3,468,late,0.44754803,0.68205422,0.44754803,0.68205422
3,471,late,0.45042315,0.74260044,0.45042315,0.74260044
3,474,late,0.41203344,0.62403226,0.41203344,0.62403226
3,477,late,0.37295470,0.60427201,0.37295470,0.60427201
3,480,late,0.32253063,0.64036036,0.32253063,0.64036036
3,484,late,0.32509091,0.66966206,0.32509091,0.66966206
3,487,late,0.32596534,0.58649373,0.32596534,0.58649373
3,490,late,0.37123111,0.58983415,0.37123111,0.58983415
3,493,late,0.42736417,0.70406711,0.42736417,0.70406711
3,496,late,0.34520400,0.73442048,0.34520400,0.73442048
4,0,early,-0.68650985,-1.03199589,-0.68650985,-1.03199589
4,3,early,-0.69194502,-0.97635049,-0.69194502,-0.97635049
4,6,early,-0.68072635,-0.95914209,-0.68072635,-0.95914209
4,9,early,-0.69286245,-0.91116327,-0.69286245,-0.91116327
4,12,early,-0.69851506,-0.96624082,-0.69851506,-0.96624082
4,16,early,-0.69580323,-1.03473449,-0.69580323,-1.03473449
4,19,early,-0.71986753,-1.02581024,-0.71986753,-1.02581024
4,22,early,-0.72923887,-1.12236977,-0.72923887,-1.12236977
4,25,early,-0.76038855,-1.11849988,-0.76038855,-1.11849988
4,28,early,-0.80724031,-1.23351622,-0.80724031,-1.23351622
4,32,early,-0.76295745,-1.21481633,-0.76295745,-1.21481633
4,35,early,-0.74813312,-1.12055016,-0.74813312,-1.12055016
4,38,early,-0.75293106,-1.14013922,-0.75293106,-1.14013922
4,41,early,-0.77331966,-1.15021384,-0.77331966,-1.15021384
4,44,early,-0.69299144,-1.05230558,-0.69299144,-1.05230558
4,48,early,-0.74073726,-1.05477595,-0.74073726,-1.05477595
4,51,early,-0.68288368,-0.96398824,-0.68288368,-0.96398824
4,54,early,-0.67812586,-0.91146010,-0.67812586,-0.91146010
4,57,early,-0.65134734,-0.88855773,-0.65134734,-0.88855773
4,60,early,-0.63115680,-0.86470038,-0.63115680,-0.86470038
4,64,early,-0.65823603,-0.92514002,-0.65823603,-0.92514002
4,67,early,-0.64202398,-0.93781567,-0.64202398,-0.93781567
4,70,early,-0.64960116,-0.92082763,-0.64960116,-0.92082763
4,73,early,-0.62737423,-0.87104899,-0.62737423,-0.87104899
4,76,early,-0.62932569,-0.92353070,-0.62932569,-0.92353070
4,80,early,-0.65305567,-0.87853569,-0.65305567,-0.87853569
4,83,early,-0.63167518,-0.93347251,-0.63167518,-0.93347251
4,86,early,-0.66544163,-0.94821644,-0.66544163,-0.94821644
4,89,early,-0.60210562,-0.88360280,-0.60210562,-0.88360280
4,92,early,-0.66670519,-0.89259702,-0.66670519,-0.89259702
4,96,early,-0.57992929,-0.83091944,-0.57992929,-0.83091944
4,99,early,-0.64792621,-0.85317659,-0.64792621,-0.85317659
4,102,early,-0.62814391,-0.84081811,-0.62814391,-0.84081811
4,105,early,-0.64315522,-0.92602718,-0.64315522,-0.92602718
4,108,early,-0.62883502,-0.92117423,-0.62883502,-0.92117423
4,112,early,-0.63240802,-0.90505743,-0.63240802,-0.90505743
4,115,early,-0.61267245,-0.84073836,-0.61267245,-0.84073836
4,118,early,-0.66007018,-0.79706895,-0.66007018,-0.79706895
4,121,early,-0.59709245,-0.81352401,-0.59709245,-0.81352401
4,124,early,-0.64710122,-0.77127838,-0.64710122,-0.77127838
4,128,early,-0.56242079,-0.78711855,-0.56242079,-0.78711855
4,131,early,-0.65575653,-0.73026800,-0.65575653,-0.73026800
4,134,early,-0.60585225,-0.70201796,-0.60585225,-0.70201796
4,137,early,-0.60151458,-0.73156476,-0.60151458,-0.73156476
4,140,early,-0.60876620,-0.67202175,-0.60876620,-0.67202175
4,144,early,-0.59160489,-0.67973852,-0.59160489,-0.67973852
4,147,early,-0.57608783,-0.63369226,-0.57608783,-0.63369226
4,150,early,-0.54243129,-0.58439344,-0.54243129,-0.58439344
4,153,early,-0.55794638,-0.62953717,-0.55794638,-0.62953717
4,156,early,-0.55678236,-0.64176255,-0.55678236,-0.64176255
4,160,early,-0.57432842,-0.60625267,-0.57432842,-0.60625267
4,163,early,-0.57748771,-0.66445798,-0.57748771,-0.66445798
4,166,early,-0.56079900,-0.61356926,-0.56079900,-0.61356926
4,169,early,-0.58383739,-0.56865573,-0.58383739,-0.56865573
4,172,early,-0.54912871,-0.51199847,-0.54912871,-0.51199847
4,176,early,-0.56648242,-0.50124598,-0.56648242,-0.50124598
4,179,early,-0.55152214,-0.44850516,-0.55152214,-0.44850516
4,182,early,-0.53289980,-0.46578443,-0.53289980,-0.46578443
4,185,early,-0.51075441,-0.35521901,-0.51075441,-0.35521901
4,188,early,-0.50952810,-0.28036600,-0.50952810,-0.28036600
4,192,early,-0.48896119,-0.26788318,-0.48896119,-0.26788318
4,195,early,-0.42291605,-0.24528842,-0.42291605,-0.24528842
4,198,early,-0.40714890,-0.13802552,-0.40714890,-0.13802552
4,201,early,-0.39780298,-0.18161617,-0.39780298,-0.18161617
4,204,early,-0.38860124,-0.23604286,-0.38860124,-0.23604286
4,208,early,-0.47533596,-0.29770541,-0.47533596,-0.29770541
4,211,early,-0.51064903,-0.28362572,-0.51064903,-0.28362572
4,214,early,-0.45278275,-0.22755979,-0.45278275,-0.22755979
4,217,early,-0.46304324,-0.14570369,-0.46304324,-0.14570369
4,220,early,-0.54231662,-0.10982756,-0.54231662,-0.10982756
4,224,early,-0.41105267,-0.16855039,-0.41105267,-0.16855039
4,227,early,-0.40393585,-0.15852377,-0.40393585,-0.15852377
4,230,early,-0.40142691,-0.19716392,-0.40142691,-0.19716392
4,233,early,-0.56242788,-0.18829611,-0.56242788,-0.18829611
4,236,early,-0.60810256,-0.21052723,-0.60810256,-0.21052723
4,240,early,-0.52625030,-0.18279669,-0.52625030,-0.18279669
4,243,early,-0.49974957,-0.22900963,-0.49974957,-0.22900963
4,246,early,-0.46227479,-0.21183887,-0.46227479,-0.21183887
4,249,early,-0.43131322,-0.20881119,-0.43131322,-0.20881119
4,252,late,-0.47038493,-0.18660633,-0.47038493,-0.18660633
4,256,late,-0.52465171,-0.23164667,-0.52465171,-0.23164667
4,259,late,-0.52135503,-0.26701000,-0.52135503,-0.26701000
4,262,late,-0.54183918,-0.14481622,-0.54183918,-0.14481622
4,265,late,-0.59149534,-0.08351576,-0.59149534,-0.08351576
4,268,late,-0.57003391,-0.06568562,-0.57003391,-0.06568562
4,272,late,-0.51712692,-0.04919804,-0.51712692,-0.04919804
4,275,late,-0.47272891,-0.09562591,-0.47272891,-0.09562591
4,278,late,-0.44207549,-0.16285023,-0.44207549,-0.16285023
4,281,late,-0.42833552,-0.20034675,-0.42833552,-0.20034675
4,284,late,-0.48399591,-0.22750632,-0.48399591,-0.22750632
4,288,late,-0.50760359,-0.29537788,-0.50760359,-0.29537788
4,291,late,-0.46680319,-0.39095354,-0.46680319,-0.39095354
4,294,late,-0.54440379,-0.44143829,-0.54440379,-0.44143829
4,297,late,-0.54485160,-0.42414770,-0.54485160,-0.42414770
4,300,late,-0.45447606,-0.48360762,-0.45447606,-0.48360762
4,304,late,-0.50068754,-0.48581719,-0.50068754,-0.48581719
4,307,late,-0.49183038,-0.45561400,-0.49183038,-0.45561400
4,310,late,-0.61410576,-0.32866585,-0.61410576,-0.32866585
4,313,late,-0.54495484,-0.35535201,-0.54495484,-0.35535201
4,316,late,-0.47120491,-0.36763209,-0.47120491,-0.36763209
4,320,late,-0.42696708,-0.39781907,-0.42696708,-0.39781907
4,323,late,-0.44637918,-0.45304480,-0.44637918,-0.45304480
4,326,late,-0.37446254,-0.36010447,-0.37446254,-0.36010447
4,329,late,-0.39008224,-0.35186648,-0.39008224,-0.35186648
4,332,late,-0.45322040,-0.33167166,-0.45322040,-0.33167166
4,336,late,-0.42873520,-0.37070593,-0.42873520,-0.37070593
4,339,late,-0.44546759,-0.36685079,-0.44546759,-0.36685079
4,342,late,-0.50412118,-0.29815164,-0.50412118,-0.29815164
4,345,late,-0.51386905,-0.37577373,-0.51386905,-0.37577373
4,348,late,-0.46236083,-0.49099359,-0.46236083,-0.49099359
4,352,late,-0.53383440,-0.42914796,-0.53383440,-0.42914796
4,355,late,-0.57413495,-0.49207896,-0.57413495,-0.49207896
4,358,late,-0.57675666,-0.50876939,-0.57675666,-0.50876939
4,361,late,-0.56261832,-0.64747590,-0.56261832,-0.64747590
4,364,late,-0.50718278,-0.60239071,-0.50718278,-0.60239071
4,368,late,-0.57971787,-0.57085013,-0.57971787,-0.57085013
4,371,late,-0.58076066,-0.56706899,-0.58076066,-0.56706899
4,374,late,-0.53241640,-0.62094659,-0.53241640,-0.62094659
4,377,late,-0.56697357,-0.55890357,-0.56697357,-0.55890357
4,380,late,-0.57419634,-0.59425104,-0.57419634,-0.59425104
4,384,late,-0.49627250,-0.59736270,-0.49627250,-0.59736270
4,387,late,-0.49604511,-0.55488539,-0.49604511,-0.55488539
4,390,late,-0.54283130,-0.53046280,-0.54283130,-0.53046280
4,393,late,-0.51338750,-0.64976192,-0.51338750,-0.64976192
4,396,late,-0.49892598,-0.59717613,-0.49892598,-0.59717613
4,400,late,-0.52274007,-0.64262158,-0.52274007,-0.64262158
4,403,late,-0.54810333,-0.66547525,-0.54810333,-0.66547525
4,406,late,-0.54050946,-0.61947745,-0.54050946,-0.61947745
4,409,late,-0.54253006,-0.57390463,-0.54253006,-0.57390463
4,412,late,-0.52264977,-0.48751777,-0.52264977,-0.48751777
4,416,late,-0.47189438,-0.45131680,-0.47189438,-0.45131680
4,419,late,-0.45032784,-0.41080511,-0.45032784,-0.41080511
4,422,late,-0.48565608,-0.46151245,-0.48565608,-0.46151245
4,425,late,-0.53330100,-0.46785843,-0.53330100,-0.46785843
4,428,late,-0.49630776,-0.49201757,-0.49630776,-0.49201757
4,432,late,-0.44161209,-0.47586623,-0.44161209,-0.47586623
4,435,late,-0.42900932,-0.33224639,-0.42900932,-0.33224639
4,438,late,-0.50777590,-0.27889335,-0.50777590,-0.27889335
4,441,late,-0.51619148,-0.34916645,-0.51619148,-0.34916645
4,444,late,-0.45116496,-0.33047572,-0.45116496,-0.33047572
4,448,late,-0.58325922,-0.49705356,-0.58325922,-0.49705356
4,451,late,-0.54484332,-0.46552160,-0.54484332,-0.46552160
4,454,late,-0.51944733,-0.50338161,-0.51944733,-0.50338161
4,457,late,-0.53220522,-0.48033878,-0.53220522,-0.48033878
4,460,late,-0.52800810,-0.47608203,-0.52800810,-0.47608203
4,464,late,-0.51881194,-0.43118259,-0.51881194,-0.43118259
4,467,late,-0.52563608,-0.49974474,-0.52563608,-0.49974474
4,470,late,-0.57833719,-0.60458285,-0.57833719,-0.60458285
4,473,late,-0.54270649,-0.63036865,-0.54270649,-0.63036865
4,476,late,-0.60191756,-0.51223189,-0.60191756,-0.51223189
4,480,late,-0.51198846,-0.55717015,-0.51198846,-0.55717015
4,483,late,-0.60439885,-0.52216750,-0.60439885,-0.52216750
4,486,late,-0.49028206,-0.51195818,-0.49028206,-0.51195818
4,489,late,-0.50272495,-0.56374747,-0.50272495,-0.56374747
4,492,late,-0.49675053,-0.55725038,-0.49675053,-0.55725038
4,496,late,-0.54745555,-0.53565788,-0.54745555,-0.53565788
4,499,late,-0.51674300,-0.57315314,-0.51674300,-0.57315314
5,2,early,2.66802239,2.47255206,2.66802239,2.47255206
5,5,early,2.63486409,2.44681621,2.63486409,2.44681621
5,8,early,2.71646953,2.50368381,2.71646953,2.50368381
5,12,early,2.77935505,2.52325344,2.77935505,2.52325344
5,15,early,2.78318429,2.53094411,2.78318429,2.53094411
5,18,early,2.80637288,2.49658275,2.80637288,2.49658275
5,21,early,2.78573656,2.42374706,2.78573656,2.42374706
5,24,early,2.63801670,2.43049574,2.63801670,2.43049574
5,28,early,2.60540295,2.46493435,2.60540295,2.46493435
5,31,early,2.55888939,2.42896295,2.55888939,2.42896295
5,34,early,2.57149982,2.43997049,2.57149982,2.43997049
5,37,early,2.65807104,2.41275191,2.65807104,2.41275191
5,40,early,2.69985628,2.37825799,2.69985628,2.37825799
5,44,early,2.76009393,2.30322409,2.76009393,2.30322409
5,47,early,2.72950125,2.27706528,2.72950125,2.27706528
5,50,early,2.67740369,2.22262549,2.67740369,2.22262549
5,53,early,2.66190290,2.24114561,2.66190290,2.24114561
5,56,early,2.68304801,2.32335877,2.68304801,2.32335877
5,60,early,2.66422033,2.25464678,2.66422033,2.25464678
5,63,early,2.53863811,2.29257536,2.53863811,2.29257536
5,66,early,2.56795144,2.32595992,2.56795144,2.32595992
5,69,early,2.55213094,2.38386679,2.55213094,2.38386679
5,72,early,2.53562880,2.38569736,2.53562880,2.38569736
5,76,early,2.48970628,2.34451795,2.48970628,2.34451795
5,79,early,2.46863627,2.42910767,2.46863627,2.42910767
5,82,early,2.44558501,2.44760609,2.44558501,2.44760609
5,85,early,2.52363253,2.42985344,2.52363253,2.42985344
5,88,early,2.46819758,2.42942643,2.46819758,2.42942643
5,92,early,2.43489718,2.45393276,2.43489718,2.45393276
5,95,early,2.49823785,2.48559642,2.49823785,2.48559642
5,98,early,2.40723777,2.50888276,2.40723777,2.50888276
5,101,early,2.32721543,2.53400111,2.32721543,2.53400111
5,104,early,2.33471489,2.49280524,2.33471489,2.49280524
5,108,early,2.42394471,2.51986909,2.42394471,2.51986909
5,111,early,2.44097114,2.52808166,2.44097114,2.52808166
5,114,early,2.43944025,2.54623747,2.43944025,2.54623747
5,117,early,2.49857998,2.56474996,2.49857998,2.56474996
5,120,early,2.50420451,2.53332543,2.50420451,2.53332543
5,124,early,2.46930599,2.48148584,2.46930599,2.48148584
5,127,early,2.39970040,2.57881546,2.39970040,2.57881546
5,130,early,2.43474746,2.53232145,2.43474746,2.53232145
5,133,early,2.34889460,2.51370502,2.34889460,2.51370502
5,136,early,2.42180324,2.59149837,2.42180324,2.59149837
5,140,early,2.33574820,2.62690210,2.33574820,2.62690210
5,143,early,2.19969225,2.61049962,2.19969225,2.61049962
5,146,early,2.15508652,2.59498429,2.15508652,2.59498429
5,149,early,2.04344273,2.69037986,2.04344273,2.69037986
5,152,early,2.06613207,2.69419813,2.06613207,2.69419813
5,156,early,1.99825835,2.73953652,1.99825835,2.73953652
5,159,early,2.11513734,2.77878475,2.11513734,2.77878475
5,162,early,2.17741036,2.81022859,2.17741036,2.81022859
5,165,early,2.11223125,2.81799698,2.11223125,2.81799698
5,168,early,2.19924164,2.83810496,2.19924164,2.83810496
5,172,early,2.10213757,2.78945112,2.10213757,2.78945112
5,175,early,2.13173461,2.72133064,2.13173461,2.72133064
5,178,early,2.01419282,2.68124795,2.01419282,2.68124795
5,181,early,1.96419096,2.63583088,1.96419096,2.63583088
5,184,early,1.93534994,2.59965515,1.93534994,2.59965515
5,188,early,1.98932528,2.67077756,1.98932528,2.67077756
5,191,early,1.98997629,2.62287712,1.98997629,2.62287712
5,194,early,2.02006340,2.54084635,2.02006340,2.54084635
5,197,early,2.05785203,2.48999929,2.05785203,2.48999929
5,200,early,2.01034307,2.42114377,2.01034307,2.42114377
5,204,early,2.02068067,2.47454381,2.02068067,2.47454381
5,207,early,1.97788084,2.46099544,1.97788084,2.46099544
5,210,early,1.97134280,2.52726865,1.97134280,2.52726865
5,213,early,1.94677663,2.52260518,1.94677663,2.52260518
5,216,early,1.99478304,2.63979173,1.99478304,2.63979173
5,220,early,1.96995497,2.52271652,1.96995497,2.52271652
5,223,early,1.93709815,2.51255536,1.93709815,2.51255536
5,226,early,1.99296486,2.72784257,1.99296486,2.72784257
5,229,early,2.02930951,2.61794376,2.02930951,2.61794376
5,232,early,1.97257829,2.60431242,1.97257829,2.60431242
5,236,early,1.98668134,2.55026937,1.98668134,2.55026937
5,239,early,1.94764805,2.48210621,1.94764805,2.48210621
5,242,early,1.94928658,2.33183551,1.94928658,2.33183551
5,245,early,1.93162012,2.28962183,1.93162012,2.28962183
5,248,early,1.90003955,2.29045486,1.90003955,2.29045486
5,252,late,1.89960837,2.28251600,1.89960837,2.28251600
5,255,late,1.87784123,2.27825642,1.87784123,2.27825642
5,258,late,1.94789910,2.34157085,1.94789910,2.34157085
5,261,late,1.93634415,2.37189722,1.93634415,2.37189722
5,264,late,1.95263171,2.46533680,1.95263171,2.46533680
5,268,late,1.96182907,2.48514771,1.96182907,2.48514771
5,271,late,2.06411529,2.41645098,2.06411529,2.41645098
5,274,late,1.99638629,2.43994665,1.99638629,2.43994665
5,277,late,1.97835767,2.43459368,1.97835767,2.43459368
5,280,late,2.02807903,2.37191319,2.02807903,2.37191319
5,284,late,2.00824666,2.40958571,2.00824666,2.40958571
5,287,late,2.01985955,2.38781834,2.01985955,2.38781834
5,290,late,2.00150347,2.37661457,2.00150347,2.37661457
5,293,late,1.92237139,2.46480560,1.92237139,2.46480560
5,296,late,1.89243662,2.46631479,1.89243662,2.46631479
5,300,late,1.81216538,2.43755102,1.81216538,2.43755102
5,303,late,1.83072472,2.43244672,1.83072472,2.43244672
5,306,late,1.95714772,2.49818850,1.95714772,2.49818850
5,309,late,1.94019234,2.48513889,1.94019234,2.48513889
5,312,late,1.86970794,2.46248317,1.86970794,2.46248317
5,316,late,1.87700284,2.42566180,1.87700284,2.42566180
5,319,late,1.80785584,2.45445347,1.80785584,2.45445347
5,322,late,1.91060579,2.45203257,1.91060579,2.45203257
5,325,late,1.93457437,2.36662722,1.93457437,2.36662722
5,328,late,1.86609018,2.38728309,1.86609018,2.38728309
5,332,late,1.85802650,2.39576411,1.85802650,2.39576411
5,335,late,1.80393732,2.35745406,1.80393732,2.35745406
5,338,late,1.78356254,2.23276496,1.78356254,2.23276496
5,341,late,1.85041726,2.20466781,1.85041726,2.20466781
5,344,late,1.89990890,2.28214121,1.89990890,2.28214121
5,348,late,1.89410663,2.27052021,1.89410663,2.27052021
5,351,late,1.87169337,2.27258801,1.87169337,2.27258801
5,354,late,1.82110393,2.25408292,1.82110393,2.25408292
5,357,late,1.84094429,2.18763065,1.84094429,2.18763065
5,360,late,1.90043473,2.11657214,1.90043473,2.11657214
5,364,late,1.85967755,2.04668331,1.85967755,2.04668331
5,367,late,1.84484601,2.05500793,1.84484601,2.05500793
5,370,late,1.79963028,1.95219600,1.79963028,1.95219600
5,373,late,1.79396224,2.01885605,1.79396224,2.01885605
5,376,late,1.77189386,2.03223205,1.77189386,2.03223205
5,380,late,1.61746085,1.92175543,1.61746085,1.92175543
5,383,late,1.64681852,1.99811435,1.64681852,1.99811435
5,386,late,1.59895897,2.09407759,1.59895897,2.09407759
5,389,late,1.61321628,2.09832191,1.61321628,2.09832191
5,392,late,1.54943573,2.04118347,1.54943573,2.04118347
5,396,late,1.48079836,2.05178976,1.48079836,2.05178976
5,399,late,1.50768733,2.10154700,1.50768733,2.10154700
5,402,late,1.47096050,2.08575869,1.47096050,2.08575869
5,405,late,1.47151482,2.08340526,1.47151482,2.08340526
5,409,late,1.43086863,2.12272692,1.43086863,2.12272692
5,412,late,1.43456376,2.13442516,1.43456376,2.13442516
5,415,late,1.44085515,2.06127143,1.44085515,2.06127143
5,418,late,1.39186847,2.01539898,1.39186847,2.01539898
5,421,late,1.34156501,1.97360551,1.34156501,1.97360551
5,425,late,1.24446857,2.02298212,1.24446857,2.02298212
5,428,late,1.29900718,2.01494050,1.29900718,2.01494050
5,431,late,1.31907439,2.05340719,1.31907439,2.05340719
5,434,late,1.38250053,2.11423516,1.38250053,2.11423516
5,437,late,1.46420097,2.12831283,1.46420097,2.12831283
5,441,late,1.60311317,2.07573748,1.60311317,2.07573748
5,444,late,1.68112326,2.07330298,1.68112326,2.07330298
5,447,late,1.71535456,2.10849595,1.71535456,2.10849595
5,450,late,1.73845792,2.10439897,1.73845792,2.10439897
5,453,late,1.67473900,2.13404274,1.67473900,2.13404274
5,457,late,1.71410131,2.05859852,1.71410131,2.05859852
5,460,late,1.77252913,1.97407293,1.77252913,1.97407293
5,463,late,1.85696959,1.90726447,1.85696959,1.90726447
5,466,late,1.92788959,1.94053698,1.92788959,1.94053698
5,469,late,1.94165421,2.02610588,1.94165421,2.02610588
5,473,late,1.96958637,2.04197454,1.96958637,2.04197454
5,476,late,1.88224435,2.11568975,1.88224435,2.11568975
5,479,late,1.85640264,2.10331392,1.85640264,2.10331392
5,482,late,1.87604427,2.01886511,1.87604427,2.01886511
5,485,late,1.86771345,1.95890534,1.86771345,1.95890534
5,489,late,1.78637516,2.02106333,1.78637516,2.02106333
5,492,late,1.86464977,2.04448795,1.86464977,2.04448795
5,495,late,1.81384134,2.06923437,1.81384134,2.06923437
5,498,late,1.87223923,1.99452388,1.87223923,1.99452388
6,1,early,0.35834563,0.40736398,0.35834563,0.40736398
6,5,early,0.39418560,0.49310675,0.39418560,0.49310675
6,8,early,0.28182083,0.50702101,0.28182083,0.50702101
6,11,early,0.27449149,0.56392527,0.27449149,0.56392527
6,14,early,0.26066494,0.54754668,0.26066494,0.54754668
6,17,early,0.33138761,0.62365633,0.33138761,0.62365633
6,21,early,0.33334735,0.65469354,0.33334735,0.65469354
6,24,early,0.18389651,0.62777424,0.18389651,0.62777424
6,27,early,0.33131102,0.60312825,0.33131102,0.60312825
6,30,early,0.38046572,0.58205301,0.38046572,0.58205301
6,33,early,0.48124158,0.54389656,0.48124158,0.54389656
6,37,early,0.44649184,0.52330649,0.44649184,0.52330649
6,40,early,0.48970380,0.55140465,0.48970380,0.55140465
6,43,early,0.48556498,0.59611738,0.48556498,0.59611738
6,46,early,0.50457877,0.55310553,0.50457877,0.55310553
6,49,early,0.55019671,0.66179448,0.55019671,0.66179448
6,53,early,0.57855403,0.64633155,0.57855403,0.64633155
6,56,early,0.54219097,0.64991337,0.54219097,0.64991337
6,59,early,0.48766235,0.69330657,0.48766235,0.69330657
6,62,early,0.42727178,0.61581057,0.42727178,0.61581057
6,65,early,0.44930133,0.66886866,0.44930133,0.66886866
6,69,early,0.44601068,0.68668532,0.44601068,0.68668532
6,72,early,0.41594326,0.68816972,0.41594326,0.68816972
6,75,early,0.46339962,0.74766582,0.46339962,0.74766582
6,78,early,0.43328881,0.76065749,0.43328881,0.76065749
6,81,early,0.37215260,0.75414068,0.37215260,0.75414068
6,85,early,0.39150774,0.85948372,0.39150774,0.85948372
6,88,early,0.43193308,0.82140559,0.43193308,0.82140559
6,91,early,0.39516431,0.86055696,0.39516431,0.86055696
6,94,early,0.39507547,0.81405294,0.39507547,0.81405294
6,97,early,0.40227011,0.78355682,0.40227011,0.78355682
6,101,early,0.40954566,0.88608974,0.40954566,0.88608974
6,104,early,0.50087780,0.87970519,0.50087780,0.87970519
6,107,early,0.54421610,1.01409864,0.54421610,1.01409864
6,110,early,0.55666369,0.93071866,0.55666369,0.93071866
6,113,early,0.54288840,0.82200462,0.54288840,0.82200462
6,117,early,0.53924781,0.84244096,0.53924781,0.84244096
6,120,early,0.47321641,0.83108264,0.47321641,0.83108264
6,123,early,0.47527236,0.79843068,0.47527236,0.79843068
6,126,early,0.51754999,0.85162711,0.51754999,0.85162711
6,129,early,0.59016764,0.90799594,0.59016764,0.90799594
6,133,early,0.51233727,0.97837549,0.51233727,0.97837549
6,136,early,0.53637177,0.92714435,0.53637177,0.92714435
6,139,early,0.51646566,0.95596844,0.51646566,0.95596844
6,142,early,0.50747895,1.01190674,0.50747895,1.01190674
6,145,early,0.49241397,1.03096223,0.49241397,1.03096223
6,149,early,0.53932452,1.00089490,0.53932452,1.00089490
6,152,early,0.53148800,0.95582497,0.53148800,0.95582497
6,155,early,0.52363211,0.86363804,0.52363211,0.86363804
6,158,early,0.57934541,0.85761237,0.57934541,0.85761237
6,161,early,0.50968987,0.83486158,0.50968987,0.83486158
6,165,early,0.45066407,0.87328076,0.45066407,0.87328076
6,168,early,0.62031603,0.97206283,0.62031603,0.97206283
6,171,early,0.56606770,0.97827768,0.56606770,0.97827768
6,174,early,0.59047890,0.93207252,0.59047890,0.93207252
6,177,early,0.55005240,0.90114790,0.55005240,0.90114790
6,181,early,0.58537781,0.97579443,0.58537781,0.97579443
6,184,early,0.57840872,0.95230174,0.57840872,0.95230174
6,187,early,0.54787451,0.94366658,0.54787451,0.94366658
6,190,early,0.53781807,0.97603238,0.53781807,0.97603238
6,193,early,0.57746553,0.94478136,0.57746553,0.94478136
6,197,early,0.59234023,0.98167819,0.59234023,0.98167819
6,200,early,0.51901168,0.95432985,0.51901168,0.95432985
6,203,early,0.62338984,0.98702621,0.62338984,0.98702621
6,206,early,0.53607768,1.00564098,0.53607768,1.00564098
6,209,early,0.57482141,0.99254149,0.57482141,0.99254149
6,213,early,0.68273383,1.13740516,0.68273383,1.13740516
6,216,early,0.62828302,1.07884371,0.62828302,1.07884371
6,219,early,0.59260422,1.06228387,0.59260422,1.06228387
6,222,early,0.62049037,1.05299449,0.62049037,1.05299449
6,225,early,0.59810352,1.05216050,0.59810352,1.05216050
6,229,early,0.63001394,1.15761852,0.63001394,1.15761852
6,232,early,0.72971135,1.12292731,0.72971135,1.12292731
6,235,early,0.72588468,1.10177290,0.72588468,1.10177290
6,238,early,0.77684897,1.25440681,0.77684897,1.25440681
6,241,early,0.74669492,1.31304979,0.74669492,1.31304979
6,245,early,0.78967422,1.27047610,0.78967422,1.27047610
6,248,early,0.72121125,1.32800376,0.72121125,1.32800376
6,251,late,0.74210769,1.31852627,0.74210769,1.31852627
6,254,late,0.78319955,1.31582630,0.78319955,1.31582630
6,257,late,0.74648213,1.32277060,0.74648213,1.32277060
6,261,late,0.79967481,1.31303477,0.79967481,1.31303477
6,264,late,0.76267153,1.23667157,0.76267153,1.23667157
6,267,late,0.68132037,1.21608400,0.68132037,1.21608400
6,270,late,0.64729446,1.15473545,0.64729446,1.15473545
6,273,late,0.64737898,1.21096611,0.64737898,1.21096611
6,277,late,0.61910248,1.10227585,0.61910248,1.10227585
6,280,late,0.57362461,1.14135945,0.57362461,1.14135945
6,283,late,0.58756578,1.10572028,0.58756578,1.10572028
6,286,late,0.58384967,1.10905230,0.58384967,1.10905230
6,289,late,0.54126674,1.12252855,0.54126674,1.12252855
6,293,late,0.63213784,1.18934751,0.63213784,1.18934751
6,296,late,0.62419170,1.11912298,0.62419170,1.11912298
6,299,late,0.60384554,1.01221192,0.60384554,1.01221192
6,302,late,0.59547007,1.01537395,0.59547007,1.01537395
6,305,late,0.53338993,1.02537024,0.53338993,1.02537024
6,309,late,0.62032586,0.98076212,0.62032586,0.98076212
6,312,late,0.61463350,1.02078509,0.61463350,1.02078509
6,315,late,0.60551822,1.06461143,0.60551822,1.06461143
6,318,late,0.56507629,1.09919810,0.56507629,1.09919810
6,321,late,0.49683174,0.97445256,0.49683174,0.97445256
6,325,late,0.54880232,0.97209764,0.54880232,0.97209764
6,328,late,0.51071787,0.95422888,0.51071787,0.95422888
6,331,late,0.53258216,0.94683528,0.53258216,0.94683528
6,334,late,0.53431821,0.91389853,0.53431821,0.91389853
6,337,late,0.53494138,0.93784779,0.53494138,0.93784779
6,341,late,0.61597234,0.91861987,0.61597234,0.91861987
6,344,late,0.57819694,0.90350711,0.57819694,0.90350711
6,347,late,0.57052737,0.94699854,0.57052737,0.94699854
6,350,late,0.52947688,0.91681576,0.52947688,0.91681576
6,353,late,0.57749891,0.98419285,0.57749891,0.98419285
6,357,late,0.59218866,0.93664008,0.59218866,0.93664008
6,360,late,0.58507603,1.04847026,0.58507603,1.04847026
6,363,late,0.54938221,0.99443156,0.54938221,0.99443156
6,366,late,0.54690695,1.01327789,0.54690695,1.01327789
6,369,late,0.58977276,1.12533927,0.58977276,1.12533927
6,373,late,0.56690210,1.07342267,0.56690210,1.07342267
6,376,late,0.65391552,1.12110937,0.65391552,1.12110937
6,379,late,0.66957146,1.23843229,0.66957146,1.23843229
6,382,late,0.74345392,1.26951313,0.74345392,1.26951313
6,385,late,0.71111190,1.21853435,0.71111190,1.21853435
6,389,late,0.68241048,1.23219907,0.68241048,1.23219907
6,392,late,0.66097093,1.24303102,0.66097093,1.24303102
6,395,late,0.64980102,1.22417343,0.64980102,1.22417343
6,398,late,0.66848153,1.14962375,0.66848153,1.14962375
6,401,late,0.60415548,1.07043564,0.60415548,1.07043564
6,405,late,0.56468970,0.95925617,0.56468970,0.95925617
6,408,late,0.53781068,0.96728599,0.53781068,0.96728599
6,411,late,0.50867850,0.89373350,0.50867850,0.89373350
6,414,late,0.47390565,0.93063605,0.47390565,0.93063605
6,417,late,0.45367312,0.90675122,0.45367312,0.90675122
6,421,late,0.47482815,0.87811995,0.47482815,0.87811995
6,424,late,0.40696618,0.83427209,0.40696618,0.83427209
6,427,late,0.39600235,0.86101347,0.39600235,0.86101347
6,430,late,0.46616644,0.86157131,0.46616644,0.86157131
6,433,late,0.42279363,0.83183098,0.42279363,0.83183098
6,437,late,0.52383608,0.83775425,0.52383608,0.83775425
6,440,late,0.45306304,0.77254820,0.45306304,0.77254820
6,443,late,0.46481517,0.71855783,0.46481517,0.71855783
6,446,late,0.45155135,0.79684359,0.45155135,0.79684359
6,449,late,0.51063192,0.90918952,0.51063192,0.90918952
6,453,late,0.52319419,0.91935921,0.52319419,0.91935921
6,456,late,0.51323920,0.97515589,0.51323920,0.97515589
6,459,late,0.55544716,0.87559628,0.55544716,0.87559628
6,462,late,0.50032765,0.90345448,0.50032765,0.90345448
6,465,late,0.61862892,1.02171433,0.61862892,1.02171433
6,469,late,0.60484046,1.04389477,0.60484046,1.04389477
6,472,late,0.63331068,1.12330949,0.63331068,1.12330949
6,475,late,0.57430047,1.04275060,0.57430047,1.04275060
6,478,late,0.67170376,1.13505328,0.67170376,1.13505328
6,481,late,0.72762865,1.30902362,0.72762865,1.30902362
6,485,late,0.76175123,1.42056918,0.76175123,1.42056918
6,488,late,0.77976853,1.38967419,0.77976853,1.38967419
6,491,late,0.75909305,1.32993782,0.75909305,1.32993782
6,494,late,0.80645561,1.27982497,0.80645561,1.27982497
6,497,late,0.80777436,1.29768538,0.80777436,1.29768538
7,1,early,0.23744461,0.45270714,0.23744461,0.45270714
7,4,early,0.20577523,0.46488193,0.20577523,0.46488193
7,7,early,0.15113968,0.49028623,0.15113968,0.49028623
7,10,early,0.23205008,0.41230825,0.23205008,0.41230825
7,13,early,0.22642416,0.39646408,0.22642416,0.39646408
7,17,early,0.31226376,0.35963935,0.31226376,0.35963935
7,20,early,0.29165816,0.30823654,0.29165816,0.30823654
7,23,early,0.27353770,0.29418901,0.27353770,0.29418901
7,26,early,0.19267882,0.29414713,0.19267882,0.29414713
7,29,early,0.21356434,0.34845307,0.21356434,0.34845307
7,33,early,0.23072547,0.33438432,0.23072547,0.33438432
7,36,early,0.25009188,0.30041891,0.25009188,0.30041891
7,39,early,0.07758281,0.28799140,0.07758281,0.28799140
7,42,early,-0.00979855,0.25088218,-0.00979855,0.25088218
7,45,early,-0.04260688,0.23357792,-0.04260688,0.23357792
7,49,early,-0.05061075,0.17690872,-0.05061075,0.17690872
7,52,early,-0.08656541,0.15790795,-0.08656541,0.15790795
7,55,early,-0.15688762,0.06660516,-0.15688762,0.06660516
7,58,early,-0.15386242,0.14526516,-0.15386242,0.14526516
7,61,early,-0.10880790,0.11431810,-0.10880790,0.11431810
7,65,early,-0.13866454,0.06398176,-0.13866454,0.06398176
7,68,early,-0.17014372,0.01922432,-0.17014372,0.01922432
7,71,early,-0.07260861,0.07546832,-0.07260861,0.07546832
7,74,early,-0.06800807,0.08610534,-0.06800807,0.08610534
7,77,early,-0.08771013,0.09142812,-0.08771013,0.09142812
7,81,early,-0.13098045,0.22865592,-0.13098045,0.22865592
7,84,early,-0.11330198,0.27002555,-0.11330198,0.27002555
7,87,early,0.02980534,0.13580872,0.02980534,0.13580872
7,90,early,0.02650165,0.13176960,0.02650165,0.13176960
7,93,early,0.00180521,0.20058574,0.00180521,0.20058574
7,97,early,0.03232445,0.25894499,0.03232445,0.25894499
7,100,early,0.00665690,0.24012631,0.00665690,0.24012631
7,103,early,0.01079705,0.25270885,0.01079705,0.25270885
7,106,early,0.04224633,0.27450576,0.04224633,0.27450576
7,109,early,0.02587173,0.24807861,0.02587173,0.24807861
7,113,early,0.01219953,0.35520235,0.01219953,0.35520235
7,116,early,0.02466969,0.41117603,0.02466969,0.41117603
7,119,early,0.07782640,0.43356630,0.07782640,0.43356630
7,122,early,0.10704281,0.39465502,0.10704281,0.39465502
7,125,early,0.02277778,0.37982994,0.02277778,0.37982994
7,129,early,-0.07576563,0.40924850,-0.07576563,0.40924850
7,132,early,-0.11241852,0.37420020,-0.11241852,0.37420020
7,135,early,-0.17822097,0.38559839,-0.17822097,0.38559839
7,138,early,-0.13370863,0.35733637,-0.13370863,0.35733637
7,141,early,-0.17547509,0.44184160,-0.17547509,0.44184160
7,145,early,-0.07676634,0.37511158,-0.07676634,0.37511158
7,148,early,-0.06285038,0.40735099,-0.06285038,0.40735099
7,151,early,-0.07631348,0.31255302,-0.07631348,0.31255302
7,154,early,-0.13491982,0.35714877,-0.13491982,0.35714877
7,157,early,-0.20656870,0.31019115,-0.20656870,0.31019115
7,161,early,-0.17480235,0.33241948,-0.17480235,0.33241948
7,164,early,-0.20615233,0.29775321,-0.20615233,0.29775321
7,167,early,-0.24200581,0.20007859,-0.24200581,0.20007859
7,170,early,-0.26820037,0.17814818,-0.26820037,0.17814818
7,173,early,-0.29332501,0.12316553,-0.29332501,0.12316553
7,177,early,-0.43692881,0.18137974,-0.43692881,0.18137974
7,180,early,-0.35397342,0.12902664,-0.35397342,0.12902664
7,183,early,-0.29178911,0.10967028,-0.29178911,0.10967028
7,186,early,-0.24435347,0.11716989,-0.24435347,0.11716989
7,189,early,-0.18327534,0.06974423,-0.18327534,0.06974423
7,193,early,-0.16218901,0.01248996,-0.16218901,0.01248996
7,196,early,-0.18157643,0.05879786,-0.18157643,0.05879786
7,199,early,-0.16170515,-0.03185979,-0.16170515,-0.03185979
7,202,early,-0.11489153,0.06516307,-0.11489153,0.06516307
7,205,early,-0.19645055,0.18529658,-0.19645055,0.18529658
7,209,early,-0.27588409,0.27309358,-0.27588409,0.27309358
7,212,early,-0.31569126,0.24347734,-0.31569126,0.24347734
7,215,early,-0.27014869,0.27951962,-0.27014869,0.27951962
7,218,early,-0.28989187,0.23722313,-0.28989187,0.23722313
7,221,early,-0.19754964,0.24147557,-0.19754964,0.24147557
7,225,early,-0.24790664,0.25430202,-0.24790664,0.25430202
7,228,early,-0.28999484,0.19030558,-0.28999484,0.19030558
7,231,early,-0.21895300,0.14502931,-0.21895300,0.14502931
7,234,early,-0.25061405,0.14814046,-0.25061405,0.14814046
7,237,early,-0.28173840,0.14621094,-0.28173840,0.14621094
7,241,early,-0.19771154,0.09163214,-0.19771154,0.09163214
7,244,early,-0.26340222,0.09223699,-0.26340222,0.09223699
7,247,early,-0.20996843,0.13001816,-0.20996843,0.13001816
7,250,late,-0.15556599,0.15115762,-0.15556599,0.15115762
7,253,late,-0.18238655,0.26866844,-0.18238655,0.26866844
7,257,late,-0.09085616,0.33186945,-0.09085616,0.33186945
7,260,late,-0.13318205,0.32387283,-0.13318205,0.32387283
7,263,late,-0.19595887,0.30963463,-0.19595887,0.30963463
7,266,late,-0.28001782,0.34538388,-0.28001782,0.34538388
7,269,late,-0.36523038,0.33409044,-0.36523038,0.33409044
7,273,late,-0.47984642,0.30436763,-0.47984642,0.30436763
7,276,late,-0.43217340,0.26936090,-0.43217340,0.26936090
7,279,late,-0.37111402,0.31248555,-0.37111402,0.31248555
7,282,late,-0.33597606,0.23856156,-0.33597606,0.23856156
7,285,late,-0.32631889,0.33408502,-0.32631889,0.33408502
7,289,late,-0.35445371,0.25008413,-0.35445371,0.25008413
7,292,late,-0.25240347,0.28193879,-0.25240347,0.28193879
7,295,late,-0.18917154,0.31751353,-0.18917154,0.31751353
7,298,late,-0.24108863,0.22487959,-0.24108863,0.22487959
7,301,late,-0.32270303,0.19226433,-0.32270303,0.19226433
7,305,late,-0.36189112,0.13387546,-0.36189112,0.13387546
7,308,late,-0.34637266,0.12684552,-0.34637266,0.12684552
7,311,late,-0.27313402,0.11327846,-0.27313402,0.11327846
7,314,late,-0.37290606,0.12025946,-0.37290606,0.12025946
7,317,late,-0.30776721,0.06120203,-0.30776721,0.06120203
7,321,late,-0.29039934,0.11802300,-0.29039934,0.11802300
7,324,late,-0.29776850,0.02667074,-0.29776850,0.02667074
7,327,late,-0.41050705,0.05351492,-0.41050705,0.05351492
7,330,late,-0.33918864,0.03406160,-0.33918864,0.03406160
7,333,late,-0.35015795,0.04777388,-0.35015795,0.04777388
7,337,late,-0.28536704,0.03659259,-0.28536704,0.03659259
7,340,late,-0.31031764,0.01405496,-0.31031764,0.01405496
7,343,late,-0.30261725,0.07016777,-0.30261725,0.07016777
7,346,late,-0.37937835,0.06331714,-0.37937835,0.06331714
7,349,late,-0.36950016,0.13169487,-0.36950016,0.13169487
7,353,late,-0.28123534,0.14247765,-0.28123534,0.14247765
7,356,late,-0.27957863,0.13125135,-0.27957863,0.13125135
7,359,late,-0.30915287,0.22948919,-0.30915287,0.22948919
7,362,late,-0.25187817,0.05205952,-0.25187817,0.05205952
7,365,late,-0.26407033,0.08634073,-0.26407033,0.08634073
7,369,late,-0.26538065,0.20263447,-0.26538065,0.20263447
7,372,late,-0.25113222,0.26672998,-0.25113222,0.26672998
7,375,late,-0.17620642,0.29546446,-0.17620642,0.29546446
7,378,late,-0.19555068,0.34525025,-0.19555068,0.34525025
7,381,late,-0.17602326,0.29073077,-0.17602326,0.29073077
7,385,late,-0.17379092,0.27266511,-0.17379092,0.27266511
7,388,late,-0.14651744,0.25039256,-0.14651744,0.25039256
7,391,late,-0.12849583,0.25434038,-0.12849583,0.25434038
7,394,late,-0.04285634,0.23546092,-0.04285634,0.23546092
7,397,late,-0.03080918,0.16702870,-0.03080918,0.16702870
7,401,late,0.06916161,0.22631484,0.06916161,0.22631484
7,404,late,0.00906181,0.20040782,0.00906181,0.20040782
7,407,late,-0.00116491,0.32407120,-0.00116491,0.32407120
7,410,late,-0.01657150,0.33685181,-0.01657150,0.33685181
7,413,late,0.07836320,0.36995181,0.07836320,0.36995181
7,417,late,0.04484675,0.38614476,0.04484675,0.38614476
7,420,late,0.03260296,0.39546949,0.03260296,0.39546949
7,423,late,0.06221327,0.44995561,0.06221327,0.44995561
7,426,late,0.18808755,0.43001628,0.18808755,0.43001628
7,429,late,0.13228856,0.44360149,0.13228856,0.44360149
7,433,late,0.12542525,0.42165959,0.12542525,0.42165959
7,436,late,0.07961293,0.41002160,0.07961293,0.41002160
7,439,late,0.09481465,0.43188110,0.09481465,0.43188110
7,442,late,0.02368844,0.42704973,0.02368844,0.42704973
7,445,late,0.07152649,0.35435429,0.07152649,0.35435429
7,449,late,0.00571896,0.31846985,0.00571896,0.31846985
7,452,late,-0.03828935,0.34826833,-0.03828935,0.34826833
7,455,late,0.02932374,0.30679494,0.02932374,0.30679494
7,458,late,0.07045229,0.32432854,0.07045229,0.32432854
7,461,late,0.04716002,0.27216557,0.04716002,0.27216557
7,465,late,0.10269872,0.21424766,0.10269872,0.21424766
7,468,late,0.11665793,0.09858268,0.11665793,0.09858268
7,471,late,0.05786351,0.17207193,0.05786351,0.17207193
7,474,late,0.04217405,0.22743355,0.04217405,0.22743355
7,477,late,0.09475893,0.18475763,0.09475893,0.18475763
7,481,late,-0.00600289,0.22951025,-0.00600289,0.22951025
7,484,late,-0.14205727,0.21359745,-0.14205727,0.21359745
7,487,late,-0.14818406,0.19121833,-0.14818406,0.19121833
7,490,late,-0.16667847,0.16732967,-0.16667847,0.16732967
7,493,late,-0.23997942,0.07341788,-0.23997942,0.07341788
7,497,late,-0.28961977,0.08476865,-0.28961977,0.08476865
8,0,early,0.38468581,0.67229438,0.38468581,0.67229438
8,3,early,0.29325059,0.74606025,0.29325059,0.74606025
8,6,early,0.32019719,0.72717297,0.32019719,0.72717297
8,9,early,0.41587731,0.73566616,0.41587731,0.73566616
8,13,early,0.43211192,0.73703319,0.43211192,0.73703319
8,16,early,0.46993908,0.65279377,0.46993908,0.65279377
8,19,early,0.49965850,0.56860965,0.49965850,0.56860965
8,22,early,0.45852727,0.50573087,0.45852727,0.50573087
8,25,early,0.53056252,0.58168441,0.53056252,0.58168441
8,29,early,0.57999939,0.63010550,0.57999939,0.63010550
8,32,early,0.59317267,0.58794904,0.59317267,0.58794904
8,35,early,0.57239491,0.56921047,0.57239491,0.56921047
8,38,early,0.60584700,0.63579571,0.60584700,0.63579571
8,41,early,0.55775976,0.64305407,0.55775976,0.64305407
8,45,early,0.62248856,0.56929153,0.62248856,0.56929153
8,48,early,0.63497210,0.52538532,0.63497210,0.52538532
8,51,early,0.51457149,0.51556093,0.51457149,0.51556093
8,54,early,0.39769933,0.53048199,0.39769933,0.53048199
8,57,early,0.30597088,0.42440891,0.30597088,0.42440891
8,61,early,0.34845617,0.50935823,0.34845617,0.50935823
8,64,early,0.31942806,0.52677226,0.31942806,0.52677226
8,67,early,0.33176622,0.49638221,0.33176622,0.49638221
8,70,early,0.31731978,0.46174264,0.31731978,0.46174264
8,73,early,0.31211331,0.47708303,0.31211331,0.47708303
8,77,early,0.29484135,0.53526324,0.29484135,0.53526324
8,80,early,0.25672460,0.52350605,0.25672460,0.52350605
8,83,early,0.32588965,0.47068596,0.32588965,0.47068596
8,86,early,0.26839110,0.48450384,0.26839110,0.48450384
8,89,early,0.26343644,0.49912244,0.26343644,0.49912244
8,93,early,0.31426486,0.55370903,0.31426486,0.55370903
8,96,early,0.31187910,0.51276898,0.31187910,0.51276898
8,99,early,0.34076291,0.51800150,0.34076291,0.51800150
8,102,early,0.35061562,0.50029325,0.35061562,0.50029325
8,105,early,0.21341661,0.56795025,0.21341661,0.56795025
8,109,early,0.26130840,0.56687820,0.26130840,0.56687820
8,112,early,0.24977736,0.58880693,0.24977736,0.58880693
8,115,early,0.22143558,0.49988744,0.22143558,0.49988744
8,118,early,0.26299086,0.50387686,0.26299086,0.50387686
8,121,early,0.27040568,0.53592813,0.27040568,0.53592813
8,125,early,0.29521701,0.61200351,0.29521701,0.61200351
8,128,early,0.38357076,0.61274791,0.38357076,0.61274791
8,131,early,0.36132616,0.59293807,0.36132616,0.59293807
8,134,early,0.37469098,0.63368261,0.37469098,0.63368261
8,137,early,0.44428137,0.61840975,0.44428137,0.61840975
8,141,early,0.39873147,0.66583294,0.39873147,0.66583294
8,144,early,0.40609875,0.61715317,0.40609875,0.61715317
8,147,early,0.37155712,0.53344697,0.37155712,0.53344697
8,150,early,0.42065564,0.57617766,0.42065564,0.57617766
8,153,early,0.44095254,0.58401710,0.44095254,0.58401710
8,157,early,0.34182814,0.58372366,0.34182814,0.58372366
8,160,early,0.37520963,0.41942689,0.37520963,0.41942689
8,163,early,0.35963956,0.42660466,0.35963956,0.42660466
8,166,early,0.41621628,0.50710481,0.41621628,0.50710481
8,169,early,0.40425137,0.53483504,0.40425137,0.53483504
8,173,early,0.40962139,0.44166982,0.40962139,0.44166982
8,176,early,0.42658877,0.41974968,0.42658877,0.41974968
8,179,early,0.33405706,0.38086364,0.33405706,0.38086364
8,182,early,0.23747204,0.37968054,0.23747204,0.37968054
8,185,early,0.18635203,0.41710922,0.18635203,0.41710922
8,189,early,0.13052540,0.41560730,0.13052540,0.41560730
8,192,early,-0.01176206,0.39462844,-0.01176206,0.39462844
8,195,early,-0.03202208,0.37853760,-0.03202208,0.37853760
8,198,early,-0.12552604,0.33486071,-0.12552604,0.33486071
8,201,early,-0.18096673,0.35832396,-0.18096673,0.35832396
8,205,early,-0.15617639,0.32745796,-0.15617639,0.32745796
8,208,early,-0.21119756,0.38001704,-0.21119756,0.38001704
8,211,early,-0.31398609,0.38773677,-0.31398609,0.38773677
8,214,early,-0.35529462,0.41358069,-0.35529462,0.41358069
8,217,early,-0.40558422,0.42533937,-0.40558422,0.42533937
8,221,early,-0.39651331,0.37021512,-0.39651331,0.37021512
8,224,early,-0.40762192,0.32752067,-0.40762192,0.32752067
8,227,early,-0.38345093,0.35068825,-0.38345093,0.35068825
8,230,early,-0.32003236,0.34972161,-0.32003236,0.34972161
8,233,early,-0.20811562,0.29254726,-0.20811562,0.29254726
8,237,early,-0.14978902,0.42249426,-0.14978902,0.42249426
8,240,early,-0.15056835,0.45318756,-0.15056835,0.45318756
8,243,early,-0.12114123,0.30382413,-0.12114123,0.30382413
8,246,early,-0.03063965,0.31923389,-0.03063965,0.31923389
8,249,early,0.00538851,0.30461496,0.00538851,0.30461496
8,253,late,0.04831387,0.26792675,0.04831387,0.26792675
8,256,late,0.07086543,0.23206134,0.07086543,0.23206134
8,259,late,0.04875056,0.27873862,0.04875056,0.27873862
8,262,late,0.06899045,0.21415968,0.06899045,0.21415968
8,265,late,0.04739045,0.23173563,0.04739045,0.23173563
8,269,late,0.02436200,0.26224840,0.02436200,0.26224840
8,272,late,-0.00603560,0.15390347,-0.00603560,0.15390347
8,275,late,0.02140184,0.24295162,0.02140184,0.24295162
8,278,late,-0.09704356,0.17348476,-0.09704356,0.17348476
8,281,late,-0.07406660,0.23632111,-0.07406660,0.23632111
8,285,late,-0.10527094,0.14898086,-0.10527094,0.14898086
8,288,late,-0.05514652,0.19825521,-0.05514652,0.19825521
8,291,late,-0.00657566,0.24202070,-0.00657566,0.24202070
8,294,late,0.06060776,0.16439544,0.06060776,0.16439544
8,297,late,0.01319231,0.16469541,0.01319231,0.16469541
8,301,late,0.02736270,0.19801295,0.02736270,0.19801295
8,304,late,0.01356761,0.18050845,0.01356761,0.18050845
8,307,late,0.05704776,0.18340050,0.05704776,0.18340050
8,310,late,0.07584723,0.14601021,0.07584723,0.14601021
8,313,late,0.08351949,0.15309194,0.08351949,0.15309194
8,317,late,0.05221068,0.19986825,0.05221068,0.19986825
8,320,late,0.01969496,0.27400810,0.01969496,0.27400810
8,323,late,-0.03950367,0.24935935,-0.03950367,0.24935935
8,326,late,-0.07786497,0.26728678,-0.07786497,0.26728678
8,329,late,-0.20270550,0.16179314,-0.20270550,0.16179314
8,333,late,-0.14883290,0.23309053,-0.14883290,0.23309053
8,336,late,-0.17096995,0.28034541,-0.17096995,0.28034541
8,339,late,-0.26607376,0.35853001,-0.26607376,0.35853001
8,342,late,-0.33995643,0.38328522,-0.33995643,0.38328522
8,345,late,-0.44170988,0.34445620,-0.44170988,0.34445620
8,349,late,-0.48685151,0.33211851,-0.48685151,0.33211851
8,352,late,-0.46137685,0.32751429,-0.46137685,0.32751429
8,355,late,-0.37356195,0.33116543,-0.37356195,0.33116543
8,358,late,-0.31071720,0.31208852,-0.31071720,0.31208852
8,361,late,-0.33687684,0.32768252,-0.33687684,0.32768252
8,365,late,-0.25336698,0.43713248,-0.25336698,0.43713248
8,368,late,-0.22239977,0.38437209,-0.22239977,0.38437209
8,371,late,-0.27082708,0.40758416,-0.27082708,0.40758416
8,374,late,-0.31849808,0.34912100,-0.31849808,0.34912100
8,377,late,-0.35073674,0.33162376,-0.35073674,0.33162376
8,381,late,-0.49569872,0.29155514,-0.49569872,0.29155514
8,384,late,-0.58523577,0.23387231,-0.58523577,0.23387231
8,387,late,-0.50820684,0.18095046,-0.50820684,0.18095046
8,390,late,-0.46943808,0.13144813,-0.46943808,0.13144813
8,393,late,-0.43843997,0.06333749,-0.43843997,0.06333749
8,397,late,-0.37622964,0.09808474,-0.37622964,0.09808474
8,400,late,-0.44294170,0.17149742,-0.44294170,0.17149742
8,403,late,-0.41129002,0.10669377,-0.41129002,0.10669377
8,406,late,-0.42298567,0.12888253,-0.42298567,0.12888253
8,409,late,-0.43022069,0.17502519,-0.43022069,0.17502519
8,413,late,-0.47699013,0.04918292,-0.47699013,0.04918292
8,416,late,-0.53188211,-0.03203679,-0.53188211,-0.03203679
8,419,late,-0.61526048,-0.07720980,-0.61526048,-0.07720980
8,422,late,-0.54889750,-0.13789451,-0.54889750,-0.13789451
8,425,late,-0.48038453,-0.19540514,-0.48038453,-0.19540514
8,429,late,-0.54750508,-0.18362078,-0.54750508,-0.18362078
8,432,late,-0.46335223,-0.25482297,-0.46335223,-0.25482297
8,435,late,-0.39549771,-0.30277580,-0.39549771,-0.30277580
8,438,late,-0.51165730,-0.23880658,-0.51165730,-0.23880658
8,441,late,-0.57128978,-0.19870441,-0.57128978,-0.19870441
8,445,late,-0.56022108,-0.16847253,-0.56022108,-0.16847253
8,448,late,-0.53001118,-0.14613904,-0.53001118,-0.14613904
8,451,late,-0.45388612,-0.18782729,-0.45388612,-0.18782729
8,454,late,-0.41933623,-0.18001349,-0.41933623,-0.18001349
8,457,late,-0.52099681,-0.20575555,-0.52099681,-0.20575555
8,461,late,-0.50975102,-0.30740991,-0.50975102,-0.30740991
8,464,late,-0.53893095,-0.42856941,-0.53893095,-0.42856941
8,467,late,-0.53138828,-0.46618539,-0.53138828,-0.46618539
8,470,late,-0.53778964,-0.41271129,-0.53778964,-0.41271129
8,473,late,-0.50437522,-0.41272947,-0.50437522,-0.41272947
8,477,late,-0.46105194,-0.36874670,-0.46105194,-0.36874670
8,480,late,-0.44391054,-0.36415020,-0.44391054,-0.36415020
8,483,late,-0.41827500,-0.26117435,-0.41827500,-0.26117435
8,486,late,-0.41325036,-0.13864022,-0.41325036,-0.13864022
8,489,late,-0.36838743,-0.17705470,-0.36838743,-0.17705470
8,493,late,-0.28846210,-0.12209167,-0.28846210,-0.12209167
8,496,late,-0.25831598,-0.05168393,-0.25831598,-0.05168393
8,499,late,-0.22930276,-0.04994290,-0.22930276,-0.04994290
9,2,early,-0.36068875,0.39809155,-0.36068875,0.39809155
9,5,early,-0.36609674,0.49359345,-0.36609674,0.49359345
9,9,early,-0.42397511,0.38913685,-0.42397511,0.38913685
9,12,early,-0.34975681,0.38714308,-0.34975681,0.38714308
9,15,early,-0.29792267,0.38655525,-0.29792267,0.38655525
9,18,early,-0.36069244,0.33629569,-0.36069244,0.33629569
9,21,early,-0.35293549,0.38617024,-0.35293549,0.38617024
9,25,early,-0.42557985,0.37095252,-0.42557985,0.37095252
9,28,early,-0.33693388,0.43710625,-0.33693388,0.43710625
9,31,early,-0.34524065,0.48766077,-0.34524065,0.48766077
9,34,early,-0.37445658,0.40048108,-0.37445658,0.40048108
9,37,early,-0.32841578,0.42630166,-0.32841578,0.42630166
9,41,early,-0.36310545,0.51884145,-0.36310545,0.51884145
9,44,early,-0.32610658,0.46962643,-0.32610658,0.46962643
9,47,early,-0.34486735,0.46494800,-0.34486735,0.46494800
9,50,early,-0.36020151,0.48112342,-0.36020151,0.48112342
9,53,early,-0.37293491,0.51293516,-0.37293491,0.51293516
9,57,early,-0.35403559,0.57354450,-0.35403559,0.57354450
9,60,early,-0.38469702,0.48038203,-0.38469702,0.48038203
9,63,early,-0.36530226,0.50436461,-0.36530226,0.50436461
9,66,early,-0.40801242,0.46865642,-0.40801242,0.46865642
9,69,early,-0.44925797,0.55855107,-0.44925797,0.55855107
9,73,early,-0.52214634,0.50028884,-0.52214634,0.50028884
9,76,early,-0.54005539,0.42730153,-0.54005539,0.42730153
9,79,early,-0.48286521,0.39179075,-0.48286521,0.39179075
9,82,early,-0.52842784,0.41007090,-0.52842784,0.41007090
9,85,early,-0.52665126,0.44665572,-0.52665126,0.44665572
9,89,early,-0.55356967,0.52558643,-0.55356967,0.52558643
9,92,early,-0.58432281,0.57166892,-0.58432281,0.57166892
9,95,early,-0.47804594,0.42826304,-0.47804594,0.42826304
9,98,early,-0.46572328,0.40507808,-0.46572328,0.40507808
9,101,early,-0.37922060,0.43107474,-0.37922060,0.43107474
9,105,early,-0.37501076,0.40177506,-0.37501076,0.40177506
9,108,early,-0.37498471,0.46653962,-0.37498471,0.46653962
9,111,early,-0.34327132,0.51017129,-0.34327132,0.51017129
9,114,early,-0.25004640,0.54824919,-0.25004640,0.54824919
9,117,early,-0.26204598,0.52181393,-0.26204598,0.52181393
9,121,early,-0.29834154,0.43824294,-0.29834154,0.43824294
9,124,early,-0.32173869,0.42952481,-0.32173869,0.42952481
9,127,early,-0.39748445,0.36353192,-0.39748445,0.36353192
9,130,early,-0.42822018,0.35471678,-0.42822018,0.35471678
9,133,early,-0.44791654,0.36997661,-0.44791654,0.36997661
9,137,early,-0.47016841,0.38242865,-0.47016841,0.38242865
9,140,early,-0.46923554,0.40177247,-0.46923554,0.40177247
9,143,early,-0.46106857,0.47309643,-0.46106857,0.47309643
9,146,early,-0.49019432,0.42714745,-0.49019432,0.42714745
9,149,early,-0.37280142,0.40931416,-0.37280142,0.40931416
9,153,early,-0.33674771,0.42819348,-0.33674771,0.42819348
9,156,early,-0.39329958,0.40959024,-0.39329958,0.40959024
9,159,early,-0.46850929,0.43899852,-0.46850929,0.43899852
9,162,early,-0.47403172,0.39151418,-0.47403172,0.39151418
9,165,early,-0.49705169,0.38169944,-0.49705169,0.38169944
9,169,early,-0.50188601,0.32215151,-0.50188601,0.32215151
9,172,early,-0.46436968,0.36784366,-0.46436968,0.36784366
9,175,early,-0.46750143,0.37187442,-0.46750143,0.37187442
9,178,early,-0.42986691,0.31613293,-0.42986691,0.31613293
9,181,early,-0.30720913,0.38105619,-0.30720913,0.38105619
9,185,early,-0.20692988,0.40461200,-0.20692988,0.40461200
9,188,early,-0.20842910,0.46218210,-0.20842910,0.46218210
9,191,early,-0.24867770,0.42269292,-0.24867770,0.42269292
9,194,early,-0.27301803,0.49803141,-0.27301803,0.49803141
9,197,early,-0.33464634,0.45116368,-0.33464634,0.45116368
9,201,early,-0.36430782,0.47766182,-0.36430782,0.47766182
9,204,early,-0.33644462,0.49059647,-0.33644462,0.49059647
9,207,early,-0.42988276,0.51465476,-0.42988276,0.51465476
9,210,early,-0.54767615,0.49059778,-0.54767615,0.49059778
9,213,early,-0.55148512,0.53903818,-0.55148512,0.53903818
9,217,early,-0.58986008,0.51939446,-0.58986008,0.51939446
9,220,early,-0.65062147,0.52891135,-0.65062147,0.52891135
9,223,early,-0.69989085,0.55739278,-0.69989085,0.55739278
9,226,early,-0.67259353,0.55002481,-0.67259353,0.55002481
9,229,early,-0.66552562,0.50172216,-0.66552562,0.50172216
9,233,early,-0.65744841,0.54686993,-0.65744841,0.54686993
9,236,early,-0.62687182,0.51190013,-0.62687182,0.51190013
9,239,early,-0.63701791,0.53871447,-0.63701791,0.53871447
9,242,early,-0.65585715,0.53419739,-0.65585715,0.53419739
9,245,early,-0.64340734,0.47886950,-0.64340734,0.47886950
9,249,early,-0.55047101,0.53087568,-0.55047101,0.53087568
9,252,late,-0.54926062,0.55295044,-0.54926062,0.55295044
9,255,late,-0.55569911,0.42715082,-0.55569911,0.42715082
9,258,late,-0.59625340,0.44649926,-0.59625340,0.44649926
9,261,late,-0.65283078,0.48255467,-0.65283078,0.48255467
9,265,late,-0.58140594,0.51302058,-0.58140594,0.51302058
9,268,late,-0.54049468,0.50606936,-0.54049468,0.50606936
9,271,late,-0.55411190,0.50224537,-0.55411190,0.50224537
9,274,late,-0.49478096,0.59082001,-0.49478096,0.59082001
9,277,late,-0.54144394,0.53129840,-0.54144394,0.53129840
9,281,late,-0.52774560,0.46309745,-0.52774560,0.46309745
9,284,late,-0.56404763,0.48618114,-0.56404763,0.48618114
9,287,late,-0.50210601,0.46818960,-0.50210601,0.46818960
9,290,late,-0.52065784,0.50579816,-0.52065784,0.50579816
9,293,late,-0.52079004,0.43539521,-0.52079004,0.43539521
9,297,late,-0.51489043,0.38016126,-0.51489043,0.38016126
9,300,late,-0.61377424,0.32591847,-0.61377424,0.32591847
9,303,late,-0.58684272,0.29271942,-0.58684272,0.29271942
9,306,late,-0.56723195,0.28369546,-0.56723195,0.28369546
9,309,late,-0.58474737,0.24516381,-0.58474737,0.24516381
9,313,late,-0.53114343,0.32619941,-0.53114343,0.32619941
9,316,late,-0.61883414,0.21046397,-0.61883414,0.21046397
9,319,late,-0.62536258,0.19552940,-0.62536258,0.19552940
9,322,late,-0.61637712,0.27638447,-0.61637712,0.27638447
9,325,late,-0.68437660,0.34484226,-0.68437660,0.34484226
9,329,late,-0.65779215,0.37258071,-0.65779215,0.37258071
9,332,late,-0.61428678,0.31558394,-0.61428678,0.31558394
9,335,late,-0.62344563,0.32062617,-0.62344563,0.32062617
9,338,late,-0.60660022,0.40172568,-0.60660022,0.40172568
9,341,late,-0.54460192,0.43120694,-0.54460192,0.43120694
9,345,late,-0.54275793,0.40377060,-0.54275793,0.40377060
9,348,late,-0.51282722,0.40126586,-0.51282722,0.40126586
9,351,late,-0.47795680,0.40637845,-0.47795680,0.40637845
9,354,late,-0.44434664,0.37185746,-0.44434664,0.37185746
9,357,late,-0.47125602,0.33385068,-0.47125602,0.33385068
9,361,late,-0.36098826,0.33912534,-0.36098826,0.33912534
9,364,late,-0.35707298,0.35783523,-0.35707298,0.35783523
9,367,late,-0.33193788,0.42266291,-0.33193788,0.42266291
9,370,late,-0.35302895,0.36248982,-0.35302895,0.36248982
9,373,late,-0.31207937,0.34043020,-0.31207937,0.34043020
9,377,late,-0.23749684,0.30541328,-0.23749684,0.30541328
9,380,late,-0.17281415,0.34467643,-0.17281415,0.34467643
9,383,late,-0.18069714,0.38547608,-0.18069714,0.38547608
9,386,late,-0.13596505,0.37163228,-0.13596505,0.37163228
9,389,late,-0.16414203,0.35094473,-0.16414203,0.35094473
9,393,late,-0.14593834,0.45633385,-0.14593834,0.45633385
9,396,late,-0.19341332,0.50634784,-0.19341332,0.50634784
9,399,late,-0.19940117,0.40667301,-0.19940117,0.40667301
9,402,late,-0.08225088,0.33754230,-0.08225088,0.33754230
9,405,late,-0.08328757,0.28814909,-0.08328757,0.28814909
9,409,late,-0.02069797,0.25935021,-0.02069797,0.25935021
9,412,late,-0.08142290,0.20383140,-0.08142290,0.20383140
9,415,late,-0.17898200,0.24785304,-0.17898200,0.24785304
9,418,late,-0.18948895,0.34509563,-0.18948895,0.34509563
9,421,late,-0.17896661,0.36794311,-0.17896661,0.36794311
9,425,late,-0.13084398,0.36746800,-0.13084398,0.36746800
9,428,late,-0.04236705,0.42063531,-0.04236705,0.42063531
9,431,late,-0.09461956,0.27028832,-0.09461956,0.27028832
9,434,late,-0.10176889,0.27932414,-0.10176889,0.27932414
9,437,late,-0.05225649,0.27165136,-0.05225649,0.27165136
9,441,late,0.00175887,0.24229455,0.00175887,0.24229455
9,444,late,0.01144653,0.23184556,0.01144653,0.23184556
9,447,late,0.08161926,0.20379230,0.08161926,0.20379230
9,450,late,-0.02448661,0.19457571,-0.02448661,0.19457571
9,453,late,-0.03797386,0.16229513,-0.03797386,0.16229513
9,457,late,-0.00229393,0.22309883,-0.00229393,0.22309883
9,460,late,-0.07071336,0.28767005,-0.07071336,0.28767005
9,463,late,0.00983272,0.21444771,0.00983272,0.21444771
9,466,late,-0.08763762,0.24101132,-0.08763762,0.24101132
9,469,late,-0.11095419,0.25361031,-0.11095419,0.25361031
9,473,late,-0.02131831,0.21369593,-0.02131831,0.21369593
9,476,late,-0.09482522,0.23313279,-0.09482522,0.23313279
9,479,late,-0.12854430,0.36088550,-0.12854430,0.36088550
9,482,late,-0.21829908,0.39344117,-0.21829908,0.39344117
9,485,late,-0.15481463,0.40925199,-0.15481463,0.40925199
9,489,late,-0.09811293,0.42053908,-0.09811293,0.42053908
9,492,late,-0.12890229,0.46359989,-0.12890229,0.46359989
9,495,late,-0.05544351,0.50758338,-0.05544351,0.50758338
9,498,late,-0.03246043,0.44297054,-0.03246043,0.44297054
10,1,early,1.04258609,1.69259953,1.04258609,1.69259953
10,5,early,1.07141721,1.71832621,1.07141721,1.71832621
10,8,early,1.18694055,1.75184941,1.18694055,1.75184941
10,11,early,1.12072444,1.77514219,1.12072444,1.77514219
10,14,early,1.10073221,1.82220244,1.10073221,1.82220244
10,17,early,1.14896715,1.84624612,1.14896715,1.84624612
10,21,early,1.12802696,1.88171017,1.12802696,1.88171017
10,24,early,1.16612947,1.94197822,1.16612947,1.94197822
10,27,early,1.23899341,1.89329171,1.23899341,1.89329171
10,30,early,1.18964291,1.86323774,1.18964291,1.86323774
10,33,early,1.20489466,1.83603191,1.20489466,1.83603191
10,37,early,1.15757620,1.83684015,1.15757620,1.83684015
10,40,early,1.14334273,1.77909923,1.14334273,1.77909923
10,43,early,1.13488495,1.73213601,1.13488495,1.73213601
10,46,early,1.13341343,1.73161340,1.13341343,1.73161340
10,49,early,1.02631152,1.68821847,1.02631152,1.68821847
10,53,early,1.03555870,1.55833113,1.03555870,1.55833113
10,56,early,1.03291297,1.52581108,1.03291297,1.52581108
10,59,early,1.04483914,1.56870317,1.04483914,1.56870317
10,62,early,1.03073275,1.49916983,1.03073275,1.49916983
10,65,early,1.05033958,1.54239333,1.05033958,1.54239333
10,69,early,1.03512180,1.64170825,1.03512180,1.64170825
10,72,early,1.08268857,1.66673064,1.08268857,1.66673064
10,75,early,1.05265379,1.62982321,1.05265379,1.62982321
10,78,early,1.05423510,1.70554447,1.05423510,1.70554447
10,81,early,1.04440391,1.62904060,1.04440391,1.62904060
10,85,early,0.99951071,1.58878946,0.99951071,1.58878946
10,88,early,0.98857427,1.62481189,0.98857427,1.62481189
10,91,early,1.00438380,1.57778084,1.00438380,1.57778084
10,94,early,1.01129496,1.62647951,1.01129496,1.62647951
10,97,early,1.00438643,1.61054516,1.00438643,1.61054516
10,101,early,1.05560994,1.66077781,1.05560994,1.66077781
10,104,early,1.01559937,1.62709713,1.01559937,1.62709713
10,107,early,1.05368066,1.68342543,1.05368066,1.68342543
10,110,early,1.05113983,1.67449224,1.05113983,1.67449224
10,113,early,1.05356514,1.66996670,1.05356514,1.66996670
10,117,early,1.10465264,1.70195508,1.10465264,1.70195508
10,120,early,1.18424857,1.70785689,1.18424857,1.70785689
10,123,early,1.12929952,1.62579882,1.12929952,1.62579882
10,126,early,1.14054656,1.62682641,1.14054656,1.62682641
10,129,early,1.21822691,1.60611999,1.21822691,1.60611999
10,133,early,1.17413163,1.60445833,1.17413163,1.60445833
10,136,early,1.16331768,1.65554953,1.16331768,1.65554953
10,139,early,1.20083451,1.59144080,1.20083451,1.59144080
10,142,early,1.17344868,1.70567286,1.17344868,1.70567286
10,145,early,1.17176390,1.76815879,1.17176390,1.76815879
10,149,early,1.23606157,1.77485061,1.23606157,1.77485061
10,152,early,1.25821722,1.79935133,1.25821722,1.79935133
10,155,early,1.30611837,1.76227665,1.30611837,1.76227665
10,158,early,1.26555228,1.80985951,1.26555228,1.80985951
10,161,early,1.26673317,1.78838205,1.26673317,1.78838205
10,165,early,1.35733294,1.77927530,1.35733294,1.77927530
10,168,early,1.27986407,1.87077475,1.27986407,1.87077475
10,171,early,1.24490964,1.90960133,1.24490964,1.90960133
10,174,early,1.26538086,2.01664948,1.26538086,2.01664948
10,177,early,1.36477447,1.99206364,1.36477447,1.99206364
10,181,early,1.31081700,1.96849835,1.31081700,1.96849835
10,184,early,1.34900987,1.99785793,1.34900987,1.99785793
10,187,early,1.25201905,2.00903034,1.25201905,2.00903034
10,190,early,1.26533914,1.92855442,1.26533914,1.92855442
10,193,early,1.17353797,1.91044950,1.17353797,1.91044950
10,197,early,1.22287440,1.92171454,1.22287440,1.92171454
10,200,early,1.24341595,1.87834537,1.24341595,1.87834537
10,203,early,1.26402545,1.88750529,1.26402545,1.88750529
10,206,early,1.27664924,1.74482751,1.27664924,1.74482751
10,209,early,1.26227367,1.81205094,1.26227367,1.81205094
10,213,early,1.19531798,1.89985991,1.19531798,1.89985991
10,216,early,1.19435251,1.82799792,1.19435251,1.82799792
10,219,early,1.18881273,1.74561954,1.18881273,1.74561954
10,222,early,1.17327023,1.77900231,1.17327023,1.77900231
10,225,early,1.21507704,1.77421522,1.21507704,1.77421522
10,229,early,1.22881722,1.61644220,1.22881722,1.61644220
10,232,early,1.19359601,1.69071984,1.19359601,1.69071984
10,235,early,1.15001142,1.76306605,1.15001142,1.76306605
10,238,early,1.19898772,1.66000068,1.19898772,1.66000068
10,241,early,1.10520136,1.71132898,1.10520136,1.71132898
10,245,early,1.05220163,1.75002778,1.05220163,1.75002778
10,248,early,1.10227799,1.81958866,1.10227799,1.81958866
10,251,late,1.12015557,1.68768668,1.12015557,1.68768668
10,254,late,1.06762743,1.70215380,1.06762743,1.70215380
10,257,late,1.08120131,1.70817542,1.08120131,1.70817542
10,261,late,1.09491003,1.63398206,1.09491003,1.63398206
10,264,late,1.15087676,1.65920615,1.15087676,1.65920615
10,267,late,1.08871782,1.65191555,1.08871782,1.65191555
10,270,late,1.12152576,1.65376484,1.12152576,1.65376484
10,273,late,1.03834534,1.68461907,1.03834534,1.68461907
10,277,late,1.08934760,1.69756103,1.08934760,1.69756103
10,280,late,1.00438070,1.67096114,1.00438070,1.67096114
10,283,late,1.03856182,1.59969568,1.03856182,1.59969568
10,286,late,1.03930342,1.66908228,1.03930342,1.66908228
10,289,late,1.02070415,1.65060830,1.02070415,1.65060830
10,293,late,1.02663875,1.65066350,1.02663875,1.65066350
10,296,late,1.02048850,1.62401307,1.02048850,1.62401307
10,299,late,0.97342891,1.57987940,0.97342891,1.57987940
10,302,late,0.95811546,1.63753259,0.95811546,1.63753259
10,305,late,1.03229964,1.62949729,1.03229964,1.62949729
10,309,late,1.05137742,1.57795429,1.05137742,1.57795429
10,312,late,0.98025495,1.53710794,0.98025495,1.53710794
10,315,late,0.94738752,1.61224937,0.94738752,1.61224937
10,318,late,0.93622041,1.59760642,0.93622041,1.59760642
10,321,late,0.95747107,1.61492920,0.95747107,1.61492920
10,325,late,0.94065207,1.64726937,0.94065207,1.64726937
10,328,late,1.00969851,1.63104665,1.00969851,1.63104665
10,331,late,1.01195586,1.60849369,1.01195586,1.60849369
10,334,late,1.01016057,1.65819561,1.01016057,1.65819561
10,337,late,0.97648662,1.60250270,0.97648662,1.60250270
10,341,late,0.95887250,1.71372652,0.95887250,1.71372652
10,344,late,1.05194545,1.73221850,1.05194545,1.73221850
10,347,late,1.02525961,1.73270249,1.02525961,1.73270249
10,350,late,1.02465999,1.70346487,1.02465999,1.70346487
10,353,late,1.05952346,1.76464880,1.05952346,1.76464880
10,357,late,1.11457229,1.76199150,1.11457229,1.76199150
10,360,late,1.05658841,1.76459455,1.05658841,1.76459455
10,363,late,1.06125450,1.81252515,1.06125450,1.81252515
10,366,late,1.14962912,1.81503665,1.14962912,1.81503665
10,369,late,1.15732837,1.81737745,1.15732837,1.81737745
10,373,late,1.10298347,1.71852851,1.10298347,1.71852851
10,376,late,1.18117738,1.72944438,1.18117738,1.72944438
10,379,late,1.15258050,1.84813392,1.15258050,1.84813392
10,382,late,1.22521460,1.85279417,1.22521460,1.85279417
10,385,late,1.27189064,1.90335715,1.27189064,1.90335715
10,389,late,1.23567426,1.86514783,1.23567426,1.86514783
10,392,late,1.23927665,1.82935452,1.23927665,1.82935452
10,395,late,1.32858479,1.75499725,1.32858479,1.75499725
10,398,late,1.31744802,1.78059387,1.31744802,1.78059387
10,401,late,1.30607522,1.80839598,1.30607522,1.80839598
10,405,late,1.32861352,1.84554839,1.32861352,1.84554839
10,408,late,1.23562908,1.87762415,1.23562908,1.87762415
10,411,late,1.22346020,1.91538572,1.22346020,1.91538572
10,414,late,1.18974173,1.86981785,1.18974173,1.86981785
10,417,late,1.14313865,1.91762877,1.14313865,1.91762877
10,421,late,1.15739310,1.83979189,1.15739310,1.83979189
10,424,late,1.15680456,1.89533234,1.15680456,1.89533234
10,427,late,1.08394730,1.92490113,1.08394730,1.92490113
10,430,late,1.20462215,1.94379723,1.20462215,1.94379723
10,433,late,1.27498472,1.93396962,1.27498472,1.93396962
10,437,late,1.32323325,1.93555069,1.32323325,1.93555069
10,440,late,1.32191455,1.98401976,1.32191455,1.98401976
10,443,late,1.36337411,2.06048775,1.36337411,2.06048775
10,446,late,1.37915456,2.03899717,1.37915456,2.03899717
10,449,late,1.34630060,1.99688864,1.34630060,1.99688864
10,453,late,1.30637300,1.92335761,1.30637300,1.92335761
10,456,late,1.35182214,1.90668893,1.35182214,1.90668893
10,459,late,1.30811346,1.98377049,1.30811346,1.98377049
10,462,late,1.36550820,2.01982522,1.36550820,2.01982522
10,465,late,1.35327196,2.11449575,1.35327196,2.11449575
10,469,late,1.38943005,2.04803205,1.38943005,2.04803205
10,472,late,1.42206049,1.99503779,1.42206049,1.99503779
10,475,late,1.44700313,1.95478797,1.44700313,1.95478797
10,478,late,1.44424689,1.98842800,1.44424689,1.98842800
10,481,late,1.44280946,1.96835315,1.44280946,1.96835315
10,485,late,1.43155241,1.98315108,1.43155241,1.98315108
10,488,late,1.45601702,2.05107498,1.45601702,2.05107498
10,491,late,1.46499777,1.96080816,1.46499777,1.96080816
10,494,late,1.50084865,1.92597795,1.50084865,1.92597795
10,497,late,1.47324431,1.87632358,1.47324431,1.87632358
11,1,early,-0.49739841,0.48405972,-0.49739841,0.48405972
11,4,early,-0.47172362,0.48056257,-0.47172362,0.48056257
11,7,early,-0.47497377,0.45118901,-0.47497377,0.45118901
11,10,early,-0.37992328,0.44091505,-0.37992328,0.44091505
11,13,early,-0.30453226,0.40671611,-0.30453226,0.40671611
11,17,early,-0.37580168,0.49907905,-0.37580168,0.49907905
11,20,early,-0.30420908,0.47985816,-0.30420908,0.47985816
11,23,early,-0.29617205,0.45938075,-0.29617205,0.45938075
11,26,early,-0.34405568,0.46085641,-0.34405568,0.46085641
11,29,early,-0.30831820,0.46246311,-0.30831820,0.46246311
11,33,early,-0.34155092,0.38692638,-0.34155092,0.38692638
11,36,early,-0.42558321,0.46543878,-0.42558321,0.46543878
11,39,early,-0.38795099,0.48796615,-0.38795099,0.48796615
11,42,early,-0.43183511,0.48597544,-0.43183511,0.48597544
11,45,early,-0.41108680,0.39089811,-0.41108680,0.39089811
11,49,early,-0.40600103,0.42229632,-0.40600103,0.42229632
11,52,early,-0.41778168,0.51894510,-0.41778168,0.51894510
11,55,early,-0.41483662,0.55794030,-0.41483662,0.55794030
11,58,early,-0.40180150,0.45829219,-0.40180150,0.45829219
11,61,early,-0.41508782,0.50329375,-0.41508782,0.50329375
11,65,early,-0.36595759,0.50626248,-0.36595759,0.50626248
11,68,early,-0.32424286,0.51635885,-0.32424286,0.51635885
11,71,early,-0.37088272,0.45125210,-0.37088272,0.45125210
11,74,early,-0.37553209,0.44326904,-0.37553209,0.44326904
11,77,early,-0.38759071,0.41849032,-0.38759071,0.41849032
11,81,early,-0.34665743,0.43731195,-0.34665743,0.43731195
11,84,early,-0.29478943,0.39742339,-0.29478943,0.39742339
11,87,early,-0.29660675,0.48375222,-0.29660675,0.48375222
11,90,early,-0.29529867,0.41016230,-0.29529867,0.41016230
11,93,early,-0.24462008,0.43511268,-0.24462008,0.43511268
11,97,early,-0.20728895,0.39488152,-0.20728895,0.39488152
11,100,early,-0.21978223,0.40773717,-0.21978223,0.40773717
11,103,early,-0.28525305,0.40436497,-0.28525305,0.40436497
11,106,early,-0.30038804,0.43141028,-0.30038804,0.43141028
11,109,early,-0.27949584,0.37419546,-0.27949584,0.37419546
11,113,early,-0.22677863,0.31938744,-0.22677863,0.31938744
11,116,early,-0.28160343,0.31797662,-0.28160343,0.31797662
11,119,early,-0.36687699,0.31991088,-0.36687699,0.31991088
11,122,early,-0.42960536,0.32750571,-0.42960536,0.32750571
11,125,early,-0.44319952,0.34874561,-0.44319952,0.34874561
11,129,early,-0.44635108,0.30599520,-0.44635108,0.30599520
11,132,early,-0.55519027,0.23159249,-0.55519027,0.23159249
11,135,early,-0.53379047,0.19906108,-0.53379047,0.19906108
11,138,early,-0.48548940,0.17932168,-0.48548940,0.17932168
11,141,early,-0.41964507,0.18496266,-0.41964507,0.18496266
11,145,early,-0.41982764,0.24044994,-0.41982764,0.24044994
11,148,early,-0.43085173,0.16714358,-0.43085173,0.16714358
11,151,early,-0.30427969,0.18777084,-0.30427969,0.18777084
11,154,early,-0.28950492,0.30363178,-0.28950492,0.30363178
11,157,early,-0.33814600,0.29939407,-0.33814600,0.29939407
11,161,early,-0.41071913,0.29091892,-0.41071913,0.29091892
11,164,early,-0.41783860,0.30288818,-0.41783860,0.30288818
11,167,early,-0.47212088,0.29372871,-0.47212088,0.29372871
11,170,early,-0.45400512,0.27920681,-0.45400512,0.27920681
11,173,early,-0.34686360,0.30331489,-0.34686360,0.30331489
11,177,early,-0.35251129,0.26516029,-0.35251129,0.26516029
11,180,early,-0.31922740,0.16997702,-0.31922740,0.16997702
11,183,early,-0.31295231,0.03779992,-0.31295231,0.03779992
11,186,early,-0.26122266,0.05181346,-0.26122266,0.05181346
11,189,early,-0.16827446,0.05562462,-0.16827446,0.05562462
11,193,early,-0.08304611,0.09352464,-0.08304611,0.09352464
11,196,early,-0.06894270,0.06576438,-0.06894270,0.06576438
11,199,early,-0.07182016,0.12240973,-0.07182016,0.12240973
11,202,early,-0.05472694,0.01556429,-0.05472694,0.01556429
11,205,early,-0.03314096,-0.00006761,-0.03314096,-0.00006761
11,209,early,0.00606055,-0.07620551,0.00606055,-0.07620551
11,212,early,0.04161945,-0.01215382,0.04161945,-0.01215382
11,215,early,0.13453808,-0.01433164,0.13453808,-0.01433164
11,218,early,0.20247692,0.08187092,0.20247692,0.08187092
11,221,early,0.24009176,0.10586064,0.24009176,0.10586064
11,225,early,0.18016072,0.27064320,0.18016072,0.27064320
11,228,early,0.18757965,0.33587635,0.18757965,0.33587635
11,231,early,0.05997682,0.27739406,0.05997682,0.27739406
11,234,early,0.01564934,0.39177769,0.01564934,0.39177769
11,237,early,-0.05284568,0.41256353,-0.05284568,0.41256353
11,241,early,-0.14159629,0.40982664,-0.14159629,0.40982664
11,244,early,-0.18085113,0.41842279,-0.18085113,0.41842279
11,247,early,-0.24395785,0.38385028,-0.24395785,0.38385028
11,250,late,-0.32130790,0.31044897,-0.32130790,0.31044897
11,253,late,-0.35845476,0.32026753,-0.35845476,0.32026753
11,257,late,-0.38253310,0.32086468,-0.38253310,0.32086468
11,260,late,-0.35100397,0.31014612,-0.35100397,0.31014612
11,263,late,-0.33580288,0.30797100,-0.33580288,0.30797100
11,266,late,-0.28417030,0.31480867,-0.28417030,0.31480867
11,269,late,-0.34168348,0.32095101,-0.34168348,0.32095101
11,273,late,-0.34757510,0.38051254,-0.34757510,0.38051254
11,276,late,-0.38880920,0.38195440,-0.38880920,0.38195440
11,279,late,-0.50177795,0.41371366,-0.50177795,0.41371366
11,282,late,-0.62358534,0.52157933,-0.62358534,0.52157933
11,285,late,-0.52920485,0.47859952,-0.52920485,0.47859952
11,289,late,-0.58429551,0.53379750,-0.58429551,0.53379750
11,292,late,-0.59316164,0.56781924,-0.59316164,0.56781924
11,295,late,-0.49475411,0.55141211,-0.49475411,0.55141211
11,298,late,-0.41606301,0.55007100,-0.41606301,0.55007100
11,301,late,-0.43629622,0.51783317,-0.43629622,0.51783317
11,305,late,-0.46438202,0.53302348,-0.46438202,0.53302348
11,308,late,-0.44954389,0.51969802,-0.44954389,0.51969802
11,311,late,-0.44282758,0.46837729,-0.44282758,0.46837729
11,314,late,-0.45593721,0.47110569,-0.45593721,0.47110569
11,318,late,-0.48039073,0.54476917,-0.48039073,0.54476917
11,321,late,-0.57731229,0.48406234,-0.57731229,0.48406234
11,324,late,-0.56552273,0.47141242,-0.56552273,0.47141242
11,327,late,-0.57557595,0.47055119,-0.57557595,0.47055119
11,330,late,-0.56073081,0.48087966,-0.56073081,0.48087966
11,334,late,-0.50698882,0.54622412,-0.50698882,0.54622412
11,337,late,-0.35999030,0.58775437,-0.35999030,0.58775437
11,340,late,-0.39337924,0.50277543,-0.39337924,0.50277543
11,343,late,-0.39039183,0.51396227,-0.39039183,0.51396227
11,346,late,-0.42009816,0.50026304,-0.42009816,0.50026304
11,350,late,-0.44709691,0.53550744,-0.44709691,0.53550744
11,353,late,-0.51908380,0.45712823,-0.51908380,0.45712823
11,356,late,-0.50424373,0.43922839,-0.50424373,0.43922839
11,359,late,-0.54857415,0.44117650,-0.54857415,0.44117650
11,362,late,-0.49809456,0.42737389,-0.49809456,0.42737389
11,366,late,-0.57313585,0.36378160,-0.57313585,0.36378160
11,369,late,-0.50613594,0.33299917,-0.50613594,0.33299917
11,372,late,-0.53796166,0.31437719,-0.53796166,0.31437719
11,375,late,-0.53371543,0.24338017,-0.53371543,0.24338017
11,378,late,-0.48649296,0.27965644,-0.48649296,0.27965644
11,382,late,-0.52808106,0.20553194,-0.52808106,0.20553194
11,385,late,-0.57616955,0.18497579,-0.57616955,0.18497579
11,388,late,-0.57358515,0.18073259,-0.57358515,0.18073259
11,391,late,-0.55257553,0.15510717,-0.55257553,0.15510717
11,394,late,-0.49346468,0.28952101,-0.49346468,0.28952101
11,398,late,-0.36274940,0.35017291,-0.36274940,0.35017291
11,401,late,-0.31432721,0.33774820,-0.31432721,0.33774820
11,404,late,-0.32751426,0.41317171,-0.32751426,0.41317171
11,407,late,-0.35953072,0.45271719,-0.35953072,0.45271719
11,410,late,-0.37045223,0.45517874,-0.37045223,0.45517874
11,414,late,-0.32611099,0.45675534,-0.32611099,0.45675534
11,417,late,-0.39630297,0.42078519,-0.39630297,0.42078519
11,420,late,-0.41757283,0.51207799,-0.41757283,0.51207799
11,423,late,-0.48613164,0.46838474,-0.48613164,0.46838474
11,426,late,-0.50705147,0.46009371,-0.50705147,0.46009371
11,430,late,-0.49690649,0.44491264,-0.49690649,0.44491264
11,433,late,-0.56736100,0.42199436,-0.56736100,0.42199436
11,436,late,-0.50075126,0.40218627,-0.50075126,0.40218627
11,439,late,-0.51855159,0.35855991,-0.51855159,0.35855991
11,442,late,-0.48153096,0.34690419,-0.48153096,0.34690419
11,446,late,-0.53787398,0.33862656,-0.53787398,0.33862656
11,449,late,-0.52596062,0.32943043,-0.52596062,0.32943043
11,452,late,-0.50544077,0.47397244,-0.50544077,0.47397244
11,455,late,-0.50701296,0.53060561,-0.50701296,0.53060561
11,458,late,-0.50026095,0.55875528,-0.50026095,0.55875528
11,462,late,-0.53854561,0.55098689,-0.53854561,0.55098689
11,465,late,-0.46234640,0.48239812,-0.46234640,0.48239812
11,468,late,-0.49668339,0.42188713,-0.49668339,0.42188713
11,471,late,-0.45433775,0.41968915,-0.45433775,0.41968915
11,474,late,-0.44311735,0.45506814,-0.44311735,0.45506814
11,478,late,-0.43150088,0.47007021,-0.43150088,0.47007021
11,481,late,-0.43150368,0.47154662,-0.43150368,0.47154662
11,484,late,-0.53736824,0.43237242,-0.53736824,0.43237242
11,487,late,-0.48273167,0.43283072,-0.48273167,0.43283072
11,490,late,-0.56435013,0.46851173,-0.56435013,0.46851173
11,494,late,-0.58476210,0.52315372,-0.58476210,0.52315372
11,497,late,-0.55287355,0.54801786,-0.55287355,0.54801786
12,0,early,1.70097756,2.29403782,1.70097756,2.29403782
12,3,early,1.70055628,2.32475781,1.70055628,2.32475781
12,6,early,1.81269789,2.29900026,1.81269789,2.29900026
12,10,early,1.78706837,2.21582794,1.78706837,2.21582794
12,13,early,1.69946516,2.24222255,1.69946516,2.24222255
12,16,early,1.73507869,2.33687735,1.73507869,2.33687735
12,19,early,1.78900373,2.25223112,1.78900373,2.25223112
12,22,early,1.77680337,2.26425219,1.77680337,2.26425219
12,26,early,1.83905184,2.25886869,1.83905184,2.25886869
12,29,early,1.95098495,2.19240260,1.95098495,2.19240260
12,32,early,1.88785827,2.09547591,1.88785827,2.09547591
12,35,early,1.88269782,2.19387436,1.88269782,2.19387436
12,38,early,1.89579678,2.27633548,1.89579678,2.27633548
12,42,early,1.89735413,2.29335117,1.89735413,2.29335117
12,45,early,1.83135819,2.30830693,1.83135819,2.30830693
12,48,early,1.80550051,2.32647872,1.80550051,2.32647872
12,51,early,1.78904676,2.21266627,1.78904676,2.21266627
12,54,early,1.74185443,2.23794556,1.74185443,2.23794556
12,58,early,1.73153579,2.17368460,1.73153579,2.17368460
12,61,early,1.79980910,2.11488819,1.79980910,2.11488819
12,64,early,1.68141532,2.21704865,1.68141532,2.21704865
12,67,early,1.67636573,2.29114485,1.67636573,2.29114485
12,70,early,1.53595996,2.36851692,1.53595996,2.36851692
12,74,early,1.53997004,2.38881612,1.53997004,2.38881612
12,77,early,1.57224715,2.38016129,1.57224715,2.38016129
12,80,early,1.65313184,2.43324041,1.65313184,2.43324041
12,83,early,1.74534261,2.47530174,1.74534261,2.47530174
12,86,early,1.77534950,2.47242713,1.77534950,2.47242713
12,90,early,1.78923428,2.48507714,1.78923428,2.48507714
12,93,early,1.72094262,2.45273566,1.72094262,2.45273566
12,96,early,1.65351880,2.39543247,1.65351880,2.39543247
12,99,early,1.68413508,2.42619538,1.68413508,2.42619538
12,102,early,1.66376567,2.46980715,1.66376567,2.46980715
12,106,early,1.75034583,2.48357391,1.75034583,2.48357391
12,109,early,1.75239956,2.47980833,1.75239956,2.47980833
12,112,early,1.76398373,2.50647044,1.76398373,2.50647044
12,115,early,1.74893296,2.51741982,1.74893296,2.51741982
12,118,early,1.87045515,2.52673125,1.87045515,2.52673125
12,122,early,1.83769190,2.50833344,1.83769190,2.50833344
12,125,early,1.83198571,2.58231115,1.83198571,2.58231115
12,128,early,1.84312236,2.55072045,1.84312236,2.55072045
12,131,early,1.82881081,2.60079408,1.82881081,2.60079408
12,134,early,1.72274327,2.59918094,1.72274327,2.59918094
12,138,early,1.77701914,2.52553678,1.77701914,2.52553678
12,141,early,1.90077376,2.54915142,1.90077376,2.54915142
12,144,early,1.84339869,2.56950593,1.84339869,2.56950593
12,147,early,1.84240043,2.50426459,1.84240043,2.50426459
12,150,early,1.84181774,2.56467080,1.84181774,2.56467080
12,154,early,1.70346940,2.54781628,1.70346940,2.54781628
12,157,early,1.71935725,2.53714204,1.71935725,2.53714204
12,160,early,1.76491749,2.54212570,1.76491749,2.54212570
12,163,early,1.76738846,2.44050789,1.76738846,2.44050789
12,166,early,1.78899407,2.46413231,1.78899407,2.46413231
12,170,early,1.85542262,2.48623776,1.85542262,2.48623776
12,173,early,1.81506264,2.42478991,1.81506264,2.42478991
12,176,early,1.80084109,2.45261407,1.80084109,2.45261407
12,179,early,1.72031796,2.43426347,1.72031796,2.43426347
12,182,early,1.64607286,2.33484125,1.64607286,2.33484125
12,186,early,1.57651246,2.25279641,1.57651246,2.25279641
12,189,early,1.69438386,2.18829513,1.69438386,2.18829513
12,192,early,1.71522319,2.19975758,1.71522319,2.19975758
12,195,early,1.74255371,2.16103840,1.74255371,2.16103840
12,198,early,1.78634465,2.18628240,1.78634465,2.18628240
12,202,early,1.84513640,2.18169332,1.84513640,2.18169332
12,205,early,1.89656723,2.20936179,1.89656723,2.20936179
12,208,early,1.97190702,2.21010613,1.97190702,2.21010613
12,211,early,1.98737347,2.24314189,1.98737347,2.24314189
12,214,early,2.00133204,2.19147968,2.00133204,2.19147968
12,218,early,2.06389832,2.03265357,2.06389832,2.03265357
12,221,early,2.01719642,2.09111762,2.01719642,2.09111762
12,224,early,2.01152396,2.05476689,2.01152396,2.05476689
12,227,early,2.04432392,2.07541013,2.04432392,2.07541013
12,230,early,1.96257424,2.14447713,1.96257424,2.14447713
12,234,early,1.97175539,2.04754090,1.97175539,2.04754090
12,237,early,1.96741569,1.99495447,1.96741569,1.99495447
12,240,early,1.91511786,1.97170973,1.91511786,1.97170973
12,243,early,1.96742821,2.02248263,1.96742821,2.02248263
12,246,early,2.05709672,2.04699397,2.05709672,2.04699397
12,250,late,2.00945997,1.99273407,2.00945997,1.99273407
12,253,late,2.03985500,1.99094296,2.03985500,1.99094296
12,256,late,2.09242797,1.97429705,2.09242797,1.97429705
12,259,late,2.03282928,1.99460447,2.03282928,1.99460447
12,262,late,2.10264230,1.91300166,2.10264230,1.91300166
12,266,late,2.18567657,1.84151423,2.18567657,1.84151423
12,269,late,2.32606268,1.81300759,2.32606268,1.81300759
12,272,late,2.29285645,1.75434053,2.29285645,1.75434053
12,275,late,2.29310751,1.76134431,2.29310751,1.76134431
12,278,late,2.23933196,1.88682270,2.23933196,1.88682270
12,282,late,2.29175925,1.89603972,2.29175925,1.89603972
12,285,late,2.39928842,1.90475667,2.39928842,1.90475667
12,288,late,2.31798220,1.90512788,2.31798220,1.90512788
12,291,late,2.30364752,1.95304978,2.30364752,1.95304978
12,294,late,2.36194754,1.92639315,2.36194754,1.92639315
12,298,late,2.42558908,1.86389387,2.42558908,1.86389387
12,301,late,2.51603532,1.94080913,2.51603532,1.94080913
12,304,late,2.50762010,2.01660919,2.50762010,2.01660919
12,307,late,2.45328760,2.03178692,2.45328760,2.03178692
12,310,late,2.48642516,2.03987360,2.48642516,2.03987360
12,314,late,2.44040060,2.09659481,2.44040060,2.09659481
12,317,late,2.52389574,2.09879255,2.52389574,2.09879255
12,320,late,2.50419164,2.02823067,2.50419164,2.02823067
12,323,late,2.49750876,2.12682366,2.49750876,2.12682366
12,326,late,2.42998767,2.22042871,2.42998767,2.22042871
12,330,late,2.42982054,2.31274652,2.42982054,2.31274652
12,333,late,2.39916325,2.28011608,2.39916325,2.28011608
12,336,late,2.34320831,2.30793929,2.34320831,2.30793929
12,339,late,2.25534058,2.30468440,2.25534058,2.30468440
12,342,late,2.25485945,2.28205276,2.25485945,2.28205276
12,346,late,2.24124527,2.28724980,2.24124527,2.28724980
12,349,late,2.24985766,2.28758264,2.24985766,2.28758264
12,352,late,2.25968480,2.28211164,2.25968480,2.28211164
12,355,late,2.19105649,2.23607087,2.19105649,2.23607087
12,358,late,2.20474958,2.19150996,2.20474958,2.19150996
12,362,late,2.27487993,2.27047753,2.27487993,2.27047753
12,365,late,2.31531048,2.26394892,2.31531048,2.26394892
12,368,late,2.33085465,2.30086446,2.33085465,2.30086446
12,371,late,2.36309958,2.27694821,2.36309958,2.27694821
12,374,late,2.40601587,2.26583171,2.40601587,2.26583171
12,378,late,2.43170238,2.23757887,2.43170238,2.23757887
12,381,late,2.46846104,2.20443511,2.46846104,2.20443511
12,384,late,2.37357879,2.18728924,2.37357879,2.18728924
12,387,late,2.36077499,2.21232533,2.36077499,2.21232533
12,390,late,2.28651738,2.06251502,2.28651738,2.06251502
12,394,late,2.31276226,2.04380202,2.31276226,2.04380202
12,397,late,2.32967758,2.19172120,2.32967758,2.19172120
12,400,late,2.20177412,2.26673651,2.20177412,2.26673651
12,403,late,2.18552494,2.30698419,2.18552494,2.30698419
12,406,late,2.15185475,2.36450887,2.15185475,2.36450887
12,410,late,2.17054248,2.31415653,2.17054248,2.31415653
12,413,late,2.15400290,2.29423666,2.15400290,2.29423666
12,416,late,2.14387846,2.38469386,2.14387846,2.38469386
12,419,late,2.14338017,2.28540683,2.14338017,2.28540683
12,422,late,2.04604769,2.31801963,2.04604769,2.31801963
12,426,late,2.00606728,2.22489858,2.00606728,2.22489858
12,429,late,2.00415659,2.23790169,2.00415659,2.23790169
12,432,late,1.98189700,2.28557920,1.98189700,2.28557920
12,435,late,1.92460346,2.24826646,1.92460346,2.24826646
12,438,late,1.91247725,2.32199788,1.91247725,2.32199788
12,442,late,1.83705473,2.45915031,1.83705473,2.45915031
12,445,late,1.85714662,2.40639043,1.85714662,2.40639043
12,448,late,1.90435672,2.43692470,1.90435672,2.43692470
12,451,late,1.79373205,2.41314578,1.79373205,2.41314578
12,454,late,1.73056686,2.40660691,1.73056686,2.40660691
12,458,late,1.79204845,2.40038490,1.79204845,2.40038490
12,461,late,1.72542429,2.34911036,1.72542429,2.34911036
12,464,late,1.62745702,2.37342715,1.62745702,2.37342715
12,467,late,1.59190810,2.33699203,1.59190810,2.33699203
12,470,late,1.62931275,2.32041454,1.62931275,2.32041454
12,474,late,1.58741772,2.24285936,1.58741772,2.24285936
12,477,late,1.56090808,2.37461567,1.56090808,2.37461567
12,480,late,1.53452682,2.34358120,1.53452682,2.34358120
12,483,late,1.56075203,2.31591249,1.56075203,2.31591249
12,486,late,1.59721279,2.33644462,1.59721279,2.33644462
12,490,late,1.64446771,2.28266740,1.64446771,2.28266740
12,493,late,1.69776368,2.32116914,1.69776368,2.32116914
12,496,late,1.68796098,2.29898930,1.68796098,2.29898930
12,499,late,1.75866842,2.26560879,1.75866842,2.26560879
13,2,early,0.23898870,0.54590589,0.23898870,0.54590589
13,6,early,0.29319042,0.59690636,0.29319042,0.59690636
13,9,early,0.32864407,0.55546540,0.32864407,0.55546540
13,12,early,0.31794357,0.50739199,0.31794357,0.50739199
13,15,early,0.28419170,0.55078393,0.28419170,0.55078393
13,18,early,0.38926536,0.53420079,0.38926536,0.53420079
13,22,early,0.37265378,0.58440310,0.37265378,0.58440310
13,25,early,0.40917161,0.58661497,0.40917161,0.58661497
13,28,early,0.43371698,0.57848787,0.43371698,0.57848787
13,31,early,0.44167840,0.62503642,0.44167840,0.62503642
13,34,early,0.33054611,0.69776040,0.33054611,0.69776040
13,38,early,0.35838437,0.66623682,0.35838437,0.66623682
13,41,early,0.34833199,0.62094736,0.34833199,0.62094736
13,44,early,0.36632481,0.60558039,0.36632481,0.60558039
13,47,early,0.40286019,0.60690588,0.40286019,0.60690588
13,50,early,0.38485658,0.59111971,0.38485658,0.59111971
13,54,early,0.32599574,0.59718049,0.32599574,0.59718049
13,57,early,0.31504893,0.53717107,0.31504893,0.53717107
13,60,early,0.35644040,0.66109586,0.35644040,0.66109586
13,63,early,0.32269925,0.65961134,0.32269925,0.65961134
13,66,early,0.32575330,0.68681395,0.32575330,0.68681395
13,70,early,0.23111089,0.67018998,0.23111089,0.67018998
13,73,early,0.20972639,0.59156656,0.20972639,0.59156656
13,76,early,0.14619154,0.52567005,0.14619154,0.52567005
13,79,early,0.12924007,0.50266093,0.12924007,0.50266093
13,82,early,0.02997721,0.44994345,0.02997721,0.44994345
13,86,early,0.21166897,0.56711084,0.21166897,0.56711084
13,89,early,0.25468943,0.65645546,0.25468943,0.65645546
13,92,early,0.36564517,0.57773656,0.36564517,0.57773656
13,95,early,0.34482068,0.51565886,0.34482068,0.51565886
13,98,early,0.37821546,0.60253561,0.37821546,0.60253561
13,102,early,0.37143263,0.62876350,0.37143263,0.62876350
13,105,early,0.41469997,0.65459704,0.41469997,0.65459704
13,108,early,0.39924029,0.62817240,0.39924029,0.62817240
13,111,early,0.41586605,0.63260525,0.41586605,0.63260525
13,114,early,0.40283924,0.75911653,0.40283924,0.75911653
13,118,early,0.39440769,0.64370281,0.39440769,0.64370281
13,121,early,0.31032777,0.64100295,0.31032777,0.64100295
13,124,early,0.24810348,0.56192046,0.24810348,0.56192046
13,127,early,0.21078020,0.52463865,0.21078020,0.52463865
13,130,early,0.27286929,0.54496527,0.27286929,0.54496527
13,134,early,0.35425231,0.43180370,0.35425231,0.43180370
13,137,early,0.28335178,0.32802987,0.28335178,0.32802987
13,140,early,0.40918839,0.31413767,0.40918839,0.31413767
13,143,early,0.31089056,0.25178787,0.31089056,0.25178787
13,146,early,0.31808218,0.22430506,0.31808218,0.22430506
13,150,early,0.31754604,0.10609696,0.31754604,0.10609696
13,153,early,0.37416646,-0.00500949,0.37416646,-0.00500949
13,156,early,0.33441919,0.00003232,0.33441919,0.00003232
13,159,early,0.31760713,-0.06149338,0.31760713,-0.06149338
13,162,early,0.30671522,-0.19738080,0.30671522,-0.19738080
13,166,early,0.33138505,-0.11318456,0.33138505,-0.11318456
13,169,early,0.34727973,-0.10168419,0.34727973,-0.10168419
13,172,early,0.41798049,-0.04061167,0.41798049,-0.04061167
13,175,early,0.41366532,0.04708964,0.41366532,0.04708964
13,178,early,0.27490997,-0.01825658,0.27490997,-0.01825658
13,182,early,0.20015648,-0.02438671,0.20015648,-0.02438671
13,185,early,0.16894650,-0.01607269,0.16894650,-0.01607269
13,188,early,0.18181962,-0.13814689,0.18181962,-0.13814689
13,191,early,0.09313051,-0.09402297,0.09313051,-0.09402297
13,194,early,0.14439145,-0.16690348,0.14439145,-0.16690348
13,198,early,0.11898828,-0.19540817,0.11898828,-0.19540817
13,201,early,0.14371197,-0.13035668,0.14371197,-0.13035668
13,204,early,0.22637898,-0.04966301,0.22637898,-0.04966301
13,207,early,0.23546708,-0.14261763,0.23546708,-0.14261763
13,210,early,0.29804075,-0.17486557,0.29804075,-0.17486557
13,214,early,0.31054661,-0.10476516,0.31054661,-0.10476516
13,217,early,0.34766984,-0.13669004,0.34766984,-0.13669004
13,220,early,0.32099947,-0.09337477,0.32099947,-0.09337477
13,223,early,0.35549614,-0.04002361,0.35549614,-0.04002361
13,226,early,0.38001063,-0.03299683,0.38001063,-0.03299683
13,230,early,0.33792815,0.03711231,0.33792815,0.03711231
13,233,early,0.42182118,0.03141585,0.42182118,0.03141585
13,236,early,0.42741272,-0.01556345,0.42741272,-0.01556345
13,239,early,0.34258610,-0.00529276,0.34258610,-0.00529276
13,242,early,0.34069526,0.02252542,0.34069526,0.02252542
13,246,early,0.40035495,0.00819405,0.40035495,0.00819405
13,249,early,0.40876946,0.03467852,0.40876946,0.03467852
13,252,late,0.28414947,-0.07002276,0.28414947,-0.07002276
13,255,late,0.22452144,-0.02369293,0.22452144,-0.02369293
13,258,late,0.24119942,-0.05312377,0.24119942,-0.05312377
13,262,late,0.23169893,-0.12262367,0.23169893,-0.12262367
13,265,late,0.21292610,-0.09809778,0.21292610,-0.09809778
13,268,late,0.24941343,-0.10432100,0.24941343,-0.10432100
13,271,late,0.35648844,-0.08790541,0.35648844,-0.08790541
13,274,late,0.35556409,-0.07108549,0.35556409,-0.07108549
13,278,late,0.27794069,-0.11911532,0.27794069,-0.11911532
13,281,late,0.37394252,-0.08229639,0.37394252,-0.08229639
13,284,late,0.46375984,-0.08038220,0.46375984,-0.08038220
13,287,late,0.52242750,-0.10943003,0.52242750,-0.10943003
13,290,late,0.49125934,-0.10997955,0.49125934,-0.10997955
13,294,late,0.43349785,0.04658927,0.43349785,0.04658927
13,297,late,0.43022510,0.09401765,0.43022510,0.09401765
13,300,late,0.41892242,0.17620130,0.41892242,0.17620130
13,303,late,0.42533639,0.17053516,0.42533639,0.17053516
13,306,late,0.44467661,0.16131274,0.44467661,0.16131274
13,310,late,0.24168214,0.08434168,0.24168214,0.08434168
13,313,late,0.24881969,0.04999097,0.24881969,0.04999097
13,316,late,0.22104132,0.04914330,0.22104132,0.04914330
13,319,late,0.20168383,0.09642307,0.20168383,0.09642307
13,322,late,0.27120358,0.12284546,0.27120358,0.12284546
13,326,late,0.37600249,0.25451124,0.37600249,0.25451124
13,329,late,0.29686916,0.28252348,0.29686916,0.28252348
13,332,late,0.19136539,0.24488054,0.19136539,0.24488054
13,335,late,0.15564685,0.26626268,0.15564685,0.26626268
13,338,late,0.21664986,0.29407418,0.21664986,0.29407418
13,342,late,0.23352364,0.31304595,0.23352364,0.31304595
13,345,late,0.30677962,0.34013239,0.30677962,0.34013239
13,348,late,0.27657154,0.45732811,0.27657154,0.45732811
13,351,late,0.29129195,0.40204567,0.29129195,0.40204567
13,354,late,0.25614539,0.38596725,0.25614539,0.38596725
13,358,late,0.15974928,0.37577313,0.15974928,0.37577313
13,361,late,0.23582727,0.41344664,0.23582727,0.41344664
13,364,late,0.26182592,0.40161124,0.26182592,0.40161124
13,367,late,0.31625694,0.39374274,0.31625694,0.39374274
13,370,late,0.32004616,0.34881607,0.32004616,0.34881607
13,374,late,0.27617446,0.42834499,0.27617446,0.42834499
13,377,late,0.34767365,0.48942226,0.34767365,0.48942226
13,380,late,0.35394454,0.48585334,0.35394454,0.48585334
13,383,late,0.34732175,0.47185585,0.34732175,0.47185585
13,386,late,0.27917701,0.42601502,0.27917701,0.42601502
13,390,late,0.29814932,0.45749649,0.29814932,0.45749649
13,393,late,0.28652900,0.49576065,0.28652900,0.49576065
13,396,late,0.35619655,0.47089428,0.35619655,0.47089428
13,399,late,0.41251549,0.54116172,0.41251549,0.54116172
13,402,late,0.35399476,0.51951325,0.35399476,0.51951325
13,406,late,0.28132787,0.35193235,0.28132787,0.35193235
13,409,late,0.29679394,0.37300530,0.29679394,0.37300530
13,412,late,0.20520228,0.33627370,0.20520228,0.33627370
13,415,late,0.16768470,0.40550125,0.16768470,0.40550125
13,418,late,0.15146554,0.39054039,0.15146554,0.39054039
13,422,late,0.12885177,0.31403586,0.12885177,0.31403586
13,425,late,0.15531352,0.30234388,0.15531352,0.30234388
13,428,late,0.12887241,0.29956520,0.12887241,0.29956520
13,431,late,0.09829743,0.39821181,0.09829743,0.39821181
13,434,late,0.08827581,0.37313402,0.08827581,0.37313402
13,438,late,0.11673647,0.36882064,0.11673647,0.36882064
13,441,late,0.06688595,0.49558035,0.06688595,0.49558035
13,444,late,0.02994983,0.49729761,0.02994983,0.49729761
13,447,late,0.00906021,0.51682699,0.00906021,0.51682699
13,450,late,0.08434489,0.48155096,0.08434489,0.48155096
13,454,late,0.11210772,0.45358804,0.11210772,0.45358804
13,457,late,0.13671798,0.39869475,0.13671798,0.39869475
13,460,late,0.10640442,0.46663204,0.10640442,0.46663204
13,463,late,0.07102578,0.40680578,0.07102578,0.40680578
13,466,late,0.08570216,0.40186337,0.08570216,0.40186337
13,470,late,0.13691998,0.46290812,0.13691998,0.46290812
13,473,late,0.09198706,0.46216553,0.09198706,0.46216553
13,476,late,0.06836159,0.51600736,0.06836159,0.51600736
13,479,late,-0.03728142,0.52228409,-0.03728142,0.52228409
13,482,late,0.00770477,0.53003842,0.00770477,0.53003842
13,486,late,-0.04582198,0.51659316,-0.04582198,0.51659316
13,489,late,-0.04971249,0.39048019,-0.04971249,0.39048019
13,492,late,-0.02951529,0.40043172,-0.02951529,0.40043172
13,495,late,-0.05149617,0.45647776,-0.05149617,0.45647776
13,498,late,-0.04184695,0.43742928,-0.04184695,0.43742928
14,2,early,-0.06075705,0.22697651,-0.06075705,0.22697651
14,5,early,0.03508860,0.29534540,0.03508860,0.29534540
14,8,early,0.09139605,0.24261208,0.09139605,0.24261208
14,11,early,0.11333854,0.17482054,0.11333854,0.17482054
14,14,early,0.16665421,0.16257569,0.16665421,0.16257569
14,18,early,0.16103101,0.16949970,0.16103101,0.16949970
14,21,early,0.19357809,0.23497033,0.19357809,0.23497033
14,24,early,0.14837159,0.31517139,0.14837159,0.31517139
14,27,early,0.21939947,0.38592154,0.21939947,0.38592154
14,30,early,0.28560454,0.32875010,0.28560454,0.32875010
14,34,early,0.19140688,0.23937733,0.19140688,0.23937733
14,37,early,0.22498010,0.21342565,0.22498010,0.21342565
14,40,early,0.31676897,0.11584600,0.31676897,0.11584600
14,43,early,0.20933318,0.11347914,0.20933318,0.11347914
14,46,early,0.11603707,0.07303654,0.11603707,0.07303654
14,50,early,0.15479793,0.05287817,0.15479793,0.05287817
14,53,early,0.11392520,0.06267061,0.11392520,0.06267061
14,56,early,0.09004772,0.05447175,0.09004772,0.05447175
14,59,early,0.18956316,0.04361499,0.18956316,0.04361499
14,62,early,0.17942379,0.09612410,0.17942379,0.09612410
14,66,early,0.14242816,0.06754621,0.14242816,0.06754621
14,69,early,0.15794918,0.02992676,0.15794918,0.02992676
14,72,early,0.20201202,0.11957750,0.20201202,0.11957750
14,75,early,0.14593509,0.17812148,0.14593509,0.17812148
14,78,early,0.09691949,0.20170754,0.09691949,0.20170754
14,82,early,0.17834926,0.20025368,0.17834926,0.20025368
14,85,early,0.22123796,0.24230111,0.22123796,0.24230111
14,88,early,0.22019114,0.32453239,0.22019114,0.32453239
14,91,early,0.19313051,0.25215405,0.19313051,0.25215405
14,94,early,0.15653780,0.27977329,0.15653780,0.27977329
14,98,early,0.17653364,0.23819283,0.17653364,0.23819283
14,101,early,0.06658268,0.21555196,0.06658268,0.21555196
14,104,early,0.13945954,0.16257693,0.13945954,0.16257693
14,107,early,0.10016967,0.12994687,0.10016967,0.12994687
14,110,early,0.05157015,0.08598596,0.05157015,0.08598596
14,114,early,0.04915476,0.12201235,0.04915476,0.12201235
14,117,early,0.00878615,0.05753225,0.00878615,0.05753225
14,120,early,0.08318900,0.14728758,0.08318900,0.14728758
14,123,early,0.05337147,0.08910441,0.05337147,0.08910441
14,126,early,0.02443681,0.16757476,0.02443681,0.16757476
14,130,early,0.05759768,0.20527294,0.05759768,0.20527294
14,133,early,0.07340487,0.22088552,0.07340487,0.22088552
14,136,early,0.12931593,0.24894039,0.12931593,0.24894039
14,139,early,0.12960666,0.19837560,0.12960666,0.19837560
14,142,early,0.14696413,0.18698357,0.14696413,0.18698357
14,146,early,0.16891858,0.23545319,0.16891858,0.23545319
14,149,early,0.15397304,0.23143703,0.15397304,0.23143703
14,152,early,0.10284270,0.32565621,0.10284270,0.32565621
14,155,early,0.05594298,0.21707819,0.05594298,0.21707819
14,158,early,0.09907608,0.21175207,0.09907608,0.21175207
14,162,early,0.14631826,0.21586752,0.14631826,0.21586752
14,165,early,0.05902396,0.19116336,0.05902396,0.19116336
14,168,early,-0.02091971,0.18335612,-0.02091971,0.18335612
14,171,early,0.00490597,0.13461961,0.00490597,0.13461961
14,174,early,-0.02958185,0.16453874,-0.02958185,0.16453874
14,178,early,0.03524457,0.09674185,0.03524457,0.09674185
14,181,early,0.10315317,0.06965131,0.10315317,0.06965131
14,184,early,0.20945102,0.03025515,0.20945102,0.03025515
14,187,early,0.15097339,0.06606908,0.15097339,0.06606908
14,190,early,0.16725065,0.07916343,0.16725065,0.07916343
14,194,early,0.04776210,0.20451799,0.04776210,0.20451799
14,197,early,0.07021756,0.19126019,0.07021756,0.19126019
14,200,early,0.05903428,0.22001123,0.05903428,0.22001123
14,203,early,0.04604340,0.21115245,0.04604340,0.21115245
14,206,early,0.12365692,0.15652630,0.12365692,0.15652630
14,210,early,0.13319544,0.13233070,0.13319544,0.13233070
14,213,early,0.14603856,0.26477951,0.14603856,0.26477951
14,216,early,0.12888111,0.27542415,0.12888111,0.27542415
14,219,early,0.13306588,0.29367068,0.13306588,0.29367068
14,222,early,0.06463307,0.38919944,0.06463307,0.38919944
14,226,early,0.09110094,0.34080860,0.09110094,0.34080860
14,229,early,0.10093596,0.33190960,0.10093596,0.33190960
14,232,early,0.09753206,0.30118167,0.09753206,0.30118167
14,235,early,0.20465797,0.32982799,0.20465797,0.32982799
14,238,early,0.20254776,0.30962053,0.20254776,0.30962053
14,242,early,0.16069876,0.22838259,0.16069876,0.22838259
14,245,early,0.16294523,0.21476983,0.16294523,0.21476983
14,248,early,0.21721373,0.11596424,0.21721373,0.11596424
14,251,late,0.28121960,0.08318145,0.28121960,0.08318145
14,254,late,0.29648483,0.13381560,0.29648483,0.13381560
14,258,late,0.33449650,0.08258674,0.33449650,0.08258674
14,261,late,0.36112806,0.19215924,0.36112806,0.19215924
14,264,late,0.30423501,0.24386263,0.30423501,0.24386263
14,267,late,0.31796899,0.22569117,0.31796899,0.22569117
14,270,late,0.30442327,0.12835935,0.30442327,0.12835935
14,274,late,0.23600322,0.28114614,0.23600322,0.28114614
14,277,late,0.20419598,0.22766863,0.20419598,0.22766863
14,280,late,0.26948759,0.30770984,0.26948759,0.30770984
14,283,late,0.23251341,0.26654619,0.23251341,0.26654619
14,286,late,0.22505607,0.34715593,0.22505607,0.34715593
14,290,late,0.18658337,0.36507648,0.18658337,0.36507648
14,293,late,0.05914518,0.32210591,0.05914518,0.32210591
14,296,late,0.01752768,0.45678735,0.01752768,0.45678735
14,299,late,-0.04564123,0.41068551,-0.04564123,0.41068551
14,302,late,-0.09750516,0.39324316,-0.09750516,0.39324316
14,306,late,-0.01675897,0.42842633,-0.01675897,0.42842633
14,309,late,-0.12272462,0.40379691,-0.12272462,0.40379691
14,312,late,-0.12012333,0.39720201,-0.12012333,0.39720201
14,315,late,-0.14745200,0.47858280,-0.14745200,0.47858280
14,318,late,-0.10519747,0.49408036,-0.10519747,0.49408036
14,322,late,-0.13109879,0.47996995,-0.13109879,0.47996995
14,325,late,-0.16748884,0.45391285,-0.16748884,0.45391285
14,328,late,-0.18030362,0.40633506,-0.18030362,0.40633506
14,331,late,-0.21114647,0.43876964,-0.21114647,0.43876964
14,334,late,-0.30438796,0.35485286,-0.30438796,0.35485286
14,338,late,-0.24692945,0.32537279,-0.24692945,0.32537279
14,341,late,-0.24682976,0.37391442,-0.24682976,0.37391442
14,344,late,-0.25391677,0.35536402,-0.25391677,0.35536402
14,347,late,-0.24046186,0.40378267,-0.24046186,0.40378267
14,350,late,-0.27425963,0.40287539,-0.27425963,0.40287539
14,354,late,-0.29882592,0.41207838,-0.29882592,0.41207838
14,357,late,-0.33930519,0.35417914,-0.33930519,0.35417914
14,360,late,-0.31031868,0.34891453,-0.31031868,0.34891453
14,363,late,-0.30496180,0.31181660,-0.30496180,0.31181660
14,366,late,-0.29743549,0.30325091,-0.29743549,0.30325091
14,370,late,-0.24020475,0.40224412,-0.24020475,0.40224412
14,373,late,-0.25805038,0.33325788,-0.25805038,0.33325788
14,376,late,-0.22850242,0.33477068,-0.22850242,0.33477068
14,379,late,-0.15040815,0.23298116,-0.15040815,0.23298116
14,382,late,-0.10380714,0.28941208,-0.10380714,0.28941208
14,386,late,-0.18559389,0.33847308,-0.18559389,0.33847308
14,389,late,-0.16779271,0.29544362,-0.16779271,0.29544362
14,392,late,-0.11442689,0.19378111,-0.11442689,0.19378111
14,395,late,-0.10588868,0.13671935,-0.10588868,0.13671935
14,398,late,-0.26261809,0.05507731,-0.26261809,0.05507731
14,402,late,-0.22006981,0.21168706,-0.22006981,0.21168706
14,405,late,-0.14263397,0.17448489,-0.14263397,0.17448489
14,408,late,-0.11072890,0.21580812,-0.11072890,0.21580812
14,411,late,-0.06502095,0.26716727,-0.06502095,0.26716727
14,414,late,-0.04458870,0.36754355,-0.04458870,0.36754355
14,418,late,-0.08390214,0.49506074,-0.08390214,0.49506074
14,421,late,-0.00890557,0.35711056,-0.00890557,0.35711056
14,424,late,0.03042747,0.35137087,0.03042747,0.35137087
14,427,late,0.03883542,0.19471146,0.03883542,0.19471146
14,430,late,0.13090992,0.18512833,0.13090992,0.18512833
14,434,late,0.18281589,0.24014688,0.18281589,0.24014688
14,437,late,0.08369249,0.29678887,0.08369249,0.29678887
14,440,late,0.00239499,0.34830314,0.00239499,0.34830314
14,443,late,0.07902849,0.35866824,0.07902849,0.35866824
14,446,late,0.03517487,0.38612944,0.03517487,0.38612944
14,450,late,0.06130334,0.41103899,0.06130334,0.41103899
14,453,late,0.11416239,0.29921290,0.11416239,0.29921290
14,456,late,0.12556747,0.31401795,0.12556747,0.31401795
14,459,late,0.10459001,0.32081833,0.10459001,0.32081833
14,462,late,0.02735638,0.32356513,0.02735638,0.32356513
14,466,late,0.06844330,0.26694500,0.06844330,0.26694500
14,469,late,0.14515088,0.23150876,0.14515088,0.23150876
14,472,late,0.03670460,0.25598350,0.03670460,0.25598350
14,475,late,-0.05093546,0.39285365,-0.05093546,0.39285365
14,478,late,-0.15038553,0.33282158,-0.15038553,0.33282158
14,482,late,-0.04430504,0.34547180,-0.04430504,0.34547180
14,485,late,-0.05127783,0.30882099,-0.05127783,0.30882099
14,488,late,-0.07849585,0.37532184,-0.07849585,0.37532184
14,491,late,-0.02545729,0.38476780,-0.02545729,0.38476780
14,494,late,0.01250727,0.30545166,0.01250727,0.30545166
14,498,late,0.02202563,0.20474529,0.02202563,0.20474529
15,1,early,0.34975660,0.38649455,0.34975660,0.38649455
15,4,early,0.34648183,0.44870591,0.34648183,0.44870591
15,7,early,0.38650721,0.48406693,0.38650721,0.48406693
15,10,early,0.25317758,0.59751290,0.25317758,0.59751290
15,14,early,0.44168568,0.58198804,0.44168568,0.58198804
15,17,early,0.37410247,0.64248306,0.37410247,0.64248306
15,20,early,0.35783377,0.64613545,0.35783377,0.64613545
15,23,early,0.42908710,0.72688460,0.42908710,0.72688460
15,26,early,0.41452923,0.81341523,0.41452923,0.81341523
15,30,early,0.49481738,0.76910132,0.49481738,0.76910132
15,33,early,0.51281631,0.81223774,0.51281631,0.81223774
15,36,early,0.50064391,0.82857460,0.50064391,0.82857460
15,39,early,0.53950405,0.83612984,0.53950405,0.83612984
15,42,early,0.57363176,0.86761308,0.57363176,0.86761308
15,46,early,0.58237982,0.96768045,0.58237982,0.96768045
15,49,early,0.57006693,0.91700596,0.57006693,0.91700596
15,52,early,0.53458542,0.96534276,0.53458542,0.96534276
15,55,early,0.54516482,1.02699995,0.54516482,1.02699995
15,58,early,0.55473787,0.95914501,0.55473787,0.95914501
15,62,early,0.49090058,0.93912333,0.49090058,0.93912333
15,65,early,0.49467507,0.99915582,0.49467507,0.99915582
15,68,early,0.53305817,0.97169268,0.53305817,0.97169268
15,71,early,0.49859330,0.95499790,0.49859330,0.95499790
15,74,early,0.51313531,0.90232086,0.51313531,0.90232086
15,78,early,0.47742170,0.82474297,0.47742170,0.82474297
15,81,early,0.39520493,0.85028589,0.39520493,0.85028589
15,84,early,0.35403946,0.78737581,0.35403946,0.78737581
15,87,early,0.29341221,0.75318742,0.29341221,0.75318742
15,90,early,0.30577260,0.64823639,0.30577260,0.64823639
15,94,early,0.34421381,0.73713082,0.34421381,0.73713082
15,97,early,0.26716164,0.71348178,0.26716164,0.71348178
15,100,early,0.19378784,0.71521151,0.19378784,0.71521151
15,103,early,0.32430765,0.65848541,0.32430765,0.65848541
15,106,early,0.32862446,0.70481944,0.32862446,0.70481944
15,110,early,0.34586570,0.73214591,0.34586570,0.73214591
15,113,early,0.29612076,0.62913400,0.29612076,0.62913400
15,116,early,0.24967135,0.62494612,0.24967135,0.62494612
15,119,early,0.33908230,0.55854207,0.33908230,0.55854207
15,122,early,0.33817753,0.51879597,0.33817753,0.51879597
15,126,early,0.28948933,0.53544497,0.28948933,0.53544497
15,129,early,0.36858115,0.50325227,0.36858115,0.50325227
15,132,early,0.35751748,0.54427069,0.35751748,0.54427069
15,135,early,0.25172690,0.52252191,0.25172690,0.52252191
15,138,early,0.24676737,0.60958612,0.24676737,0.60958612
15,142,early,0.38580287,0.65916163,0.38580287,0.65916163
15,145,early,0.40193069,0.66498023,0.40193069,0.66498023
15,148,early,0.35597801,0.65178108,0.35597801,0.65178108
15,151,early,0.36835337,0.67240179,0.36835337,0.67240179
15,154,early,0.40110675,0.63920540,0.40110675,0.63920540
15,158,early,0.42975339,0.71961105,0.42975339,0.71961105
15,161,early,0.50569785,0.76669347,0.50569785,0.76669347
15,164,early,0.53254092,0.81404454,0.53254092,0.81404454
15,167,early,0.48899734,0.84820747,0.48899734,0.84820747
15,170,early,0.47351158,0.89653015,0.47351158,0.89653015
15,174,early,0.46130800,0.89770103,0.46130800,0.89770103
15,177,early,0.49823821,0.85982227,0.49823821,0.85982227
15,180,early,0.58323884,0.92454481,0.58323884,0.92454481
15,183,early,0.51099682,0.97156924,0.51099682,0.97156924
15,186,early,0.46964434,0.98491752,0.46964434,0.98491752
15,190,early,0.47245026,0.93882197,0.47245026,0.93882197
15,193,early,0.46665636,0.86883849,0.46665636,0.86883849
15,196,early,0.48191848,0.82539815,0.48191848,0.82539815
15,199,early,0.46554926,0.85711789,0.46554926,0.85711789
15,202,early,0.48401955,0.81901735,0.48401955,0.81901735
15,206,early,0.47736409,0.83437335,0.47736409,0.83437335
15,209,early,0.51507175,0.78402150,0.51507175,0.78402150
15,212,early,0.52645749,0.88762647,0.52645749,0.88762647
15,215,early,0.47670740,0.84805328,0.47670740,0.84805328
15,218,early,0.48115081,0.80173898,0.48115081,0.80173898
15,222,early,0.45364049,0.79011554,0.45364049,0.79011554
15,225,early,0.41473258,0.74516153,0.41473258,0.74516153
15,228,early,0.44757015,0.65325558,0.44757015,0.65325558
15,231,early,0.34388697,0.70030290,0.34388697,0.70030290
15,234,early,0.35722899,0.70969969,0.35722899,0.70969969
15,238,early,0.36299726,0.65602064,0.36299726,0.65602064
15,241,early,0.32807156,0.72245663,0.32807156,0.72245663
15,244,early,0.32223353,0.73424399,0.32223353,0.73424399
15,247,early,0.33544266,0.75681794,0.33544266,0.75681794
15,250,late,0.28430480,0.64629024,0.28430480,0.64629024
15,254,late,0.19679126,0.64552295,0.19679126,0.64552295
15,257,late,0.21113671,0.62882268,0.21113671,0.62882268
15,260,late,0.19566885,0.68295449,0.19566885,0.68295449
15,263,late,0.27295774,0.72231483,0.27295774,0.72231483
15,266,late,0.30328670,0.61403871,0.30328670,0.61403871
15,270,late,0.34298256,0.73055756,0.34298256,0.73055756
15,273,late,0.39780146,0.72850817,0.39780146,0.72850817
15,276,late,0.44461817,0.61497968,0.44461817,0.61497968
15,279,late,0.42039129,0.54371887,0.42039129,0.54371887
15,282,late,0.42941085,0.57522100,0.42941085,0.57522100
15,286,late,0.40875542,0.53821158,0.40875542,0.53821158
15,289,late,0.32739246,0.57166553,0.32739246,0.57166553
15,292,late,0.29440695,0.57995760,0.29440695,0.57995760
15,295,late,0.27174011,0.44735527,0.27174011,0.44735527
15,298,late,0.30647817,0.44211948,0.30647817,0.44211948
15,302,late,0.35491562,0.47839609,0.35491562,0.47839609
15,305,late,0.32932296,0.42010140,0.32932296,0.42010140
15,308,late,0.32214844,0.39028597,0.32214844,0.39028597
15,311,late,0.29242671,0.31462723,0.29242671,0.31462723
15,314,late,0.34926081,0.34986773,0.34926081,0.34986773
15,318,late,0.30371565,0.38967693,0.30371565,0.38967693
15,321,late,0.34044722,0.45646995,0.34044722,0.45646995
15,324,late,0.35782439,0.45216313,0.35782439,0.45216313
15,327,late,0.36736006,0.55657667,0.36736006,0.55657667
15,330,late,0.30716816,0.50049657,0.30716816,0.50049657
15,334,late,0.32376203,0.52737886,0.32376203,0.52737886
15,337,late,0.25685132,0.48283991,0.25685132,0.48283991
15,340,late,0.20927778,0.54449230,0.20927778,0.54449230
15,343,late,0.19476166,0.52591437,0.19476166,0.52591437
15,346,late,0.14510088,0.55337018,0.14510088,0.55337018
15,350,late,0.19595829,0.49809214,0.19595829,0.49809214
15,353,late,0.11597495,0.50916880,0.11597495,0.50916880
15,356,late,-0.00692170,0.50892049,-0.00692170,0.50892049
15,359,late,0.03297694,0.49527514,0.03297694,0.49527514
15,362,late,0.02728947,0.47950348,0.02728947,0.47950348
15,366,late,-0.05406249,0.43926379,-0.05406249,0.43926379
15,369,late,-0.01645954,0.45232871,-0.01645954,0.45232871
15,372,late,-0.09351396,0.40052733,-0.09351396,0.40052733
15,375,late,-0.08832449,0.36588907,-0.08832449,0.36588907
15,378,late,-0.04521318,0.30915949,-0.04521318,0.30915949
15,382,late,-0.04868596,0.30998439,-0.04868596,0.30998439
15,385,late,0.00716023,0.24686939,0.00716023,0.24686939
15,388,late,-0.05618502,0.25118962,-0.05618502,0.25118962
15,391,late,0.10442217,0.31320250,0.10442217,0.31320250
15,394,late,0.13593856,0.32379216,0.13593856,0.32379216
15,398,late,0.21966495,0.41498923,0.21966495,0.41498923
15,401,late,0.19318736,0.35140520,0.19318736,0.35140520
15,404,late,0.15937701,0.41774341,0.15937701,0.41774341
15,407,late,0.18097341,0.45234483,0.18097341,0.45234483
15,410,late,0.19261214,0.42129293,0.19261214,0.42129293
15,414,late,0.13535108,0.40650252,0.13535108,0.40650252
15,417,late,0.15033861,0.45230886,0.15033861,0.45230886
15,420,late,0.16600113,0.29762885,0.16600113,0.29762885
15,423,late,0.20478542,0.30304044,0.20478542,0.30304044
15,426,late,0.24519750,0.32386988,0.24519750,0.32386988
15,430,late,0.22183987,0.28036347,0.22183987,0.28036347
15,433,late,0.20840243,0.31349099,0.20840243,0.31349099
15,436,late,0.23897588,0.38270703,0.23897588,0.38270703
15,439,late,0.20909649,0.36956006,0.20909649,0.36956006
15,442,late,0.17131093,0.32044205,0.17131093,0.32044205
15,446,late,0.24687675,0.29045862,0.24687675,0.29045862
15,449,late,0.20080408,0.22952169,0.20080408,0.22952169
15,452,late,0.17139469,0.28382567,0.17139469,0.28382567
15,455,late,0.19946352,0.33615813,0.19946352,0.33615813
15,458,late,0.30179837,0.42051840,0.30179837,0.42051840
15,462,late,0.50414383,0.37732771,0.50414383,0.37732771
15,465,late,0.49944350,0.39895412,0.49944350,0.39895412
15,468,late,0.54958332,0.46336892,0.54958332,0.46336892
15,471,late,0.52200335,0.51997948,0.52200335,0.51997948
15,474,late,0.50232708,0.57611603,0.50232708,0.57611603
15,478,late,0.48919347,0.69351488,0.48919347,0.69351488
15,481,late,0.48705614,0.67431146,0.48705614,0.67431146
15,484,late,0.42170721,0.72744411,0.42170721,0.72744411
15,487,late,0.39296138,0.66780907,0.39296138,0.66780907
15,490,late,0.40549588,0.73528111,0.40549588,0.73528111
15,494,late,0.45707226,0.72180653,0.45707226,0.72180653
15,497,late,0.42929932,0.84598529,0.42929932,0.84598529
16,0,early,0.66313845,1.12327886,0.66313845,1.12327886
16,3,early,0.67538565,1.10362804,0.67538565,1.10362804
16,6,early,0.65843576,1.12176347,0.65843576,1.12176347
16,10,early,0.63796830,1.22014570,0.63796830,1.22014570
16,13,early,0.65232593,1.17832398,0.65232593,1.17832398
16,16,early,0.61673993,1.20058894,0.61673993,1.20058894
16,19,early,0.74425793,1.22984505,0.74425793,1.22984505
16,22,early,0.74043506,1.27557099,0.74043506,1.27557099
16,26,early,0.84904540,1.38926327,0.84904540,1.38926327
16,29,early,0.88900548,1.41317546,0.88900548,1.41317546
16,32,early,0.88021237,1.42865205,0.88021237,1.42865205
16,35,early,0.88924783,1.42306423,0.88924783,1.42306423
16,38,early,0.94703561,1.46442103,0.94703561,1.46442103
16,42,early,0.93101740,1.50971758,0.93101740,1.50971758
16,45,early,0.86963820,1.48513365,0.86963820,1.48513365
16,48,early,0.81511134,1.43836808,0.81511134,1.43836808
16,51,early,0.83700949,1.40422535,0.83700949,1.40422535
16,54,early,0.80916101,1.37087727,0.80916101,1.37087727
16,58,early,0.77516788,1.38381469,0.77516788,1.38381469
16,61,early,0.78738451,1.32550371,0.78738451,1.32550371
16,64,early,0.76707524,1.30925047,0.76707524,1.30925047
16,67,early,0.74642688,1.32015276,0.74642688,1.32015276
16,70,early,0.75512379,1.40172565,0.75512379,1.40172565
16,74,early,0.80322784,1.31634057,0.80322784,1.31634057
16,77,early,0.82750994,1.38386285,0.82750994,1.38386285
16,80,early,0.74506474,1.39146423,0.74506474,1.39146423
16,83,early,0.74552512,1.29472566,0.74552512,1.29472566
16,86,early,0.73133284,1.26856530,0.73133284,1.26856530
16,90,early,0.72330815,1.21299434,0.72330815,1.21299434
16,93,early,0.71975088,1.13728440,0.71975088,1.13728440
16,96,early,0.66926867,1.23802567,0.66926867,1.23802567
16,99,early,0.67867845,1.18636799,0.67867845,1.18636799
16,102,early,0.74499148,1.21265972,0.74499148,1.21265972
16,106,early,0.63003933,1.17063367,0.63003933,1.17063367
16,109,early,0.63432634,1.13034749,0.63432634,1.13034749
16,112,early,0.59949160,1.09099054,0.59949160,1.09099054
16,115,early,0.60349625,1.09242225,0.60349625,1.09242225
16,118,early,0.60014236,1.06795847,0.60014236,1.06795847
16,122,early,0.55445486,1.03259325,0.55445486,1.03259325
16,125,early,0.54990077,1.12003696,0.54990077,1.12003696
16,128,early,0.49228814,1.05003285,0.49228814,1.05003285
16,131,early,0.54203504,1.00528872,0.54203504,1.00528872
16,134,early,0.49578434,0.99246854,0.49578434,0.99246854
16,138,early,0.58790672,0.96239156,0.58790672,0.96239156
16,141,early,0.54698449,0.96645498,0.54698449,0.96645498
16,144,early,0.53047282,0.95262396,0.53047282,0.95262396
16,147,early,0.44639629,0.86889017,0.44639629,0.86889017
16,150,early,0.45209330,0.84731191,0.45209330,0.84731191
16,154,early,0.46774733,0.86922920,0.46774733,0.86922920
16,157,early,0.53252268,0.82931232,0.53252268,0.82931232
16,160,early,0.62259060,0.80994266,0.62259060,0.80994266
16,163,early,0.61499727,0.90130609,0.61499727,0.90130609
16,166,early,0.59498763,0.97647667,0.59498763,0.97647667
16,170,early,0.61348397,0.96349257,0.61348397,0.96349257
16,173,early,0.63638091,1.01027346,0.63638091,1.01027346
16,176,early,0.60655624,1.00584972,0.60655624,1.00584972
16,179,early,0.55485475,1.04312682,0.55485475,1.04312682
16,182,early,0.53008026,1.06070185,0.53008026,1.06070185
16,186,early,0.52694243,0.95846093,0.52694243,0.95846093
16,189,early,0.45024109,0.93273431,0.45024109,0.93273431
16,192,early,0.46497831,0.92856115,0.46497831,0.92856115
16,195,early,0.52455407,0.87370062,0.52455407,0.87370062
16,198,early,0.48457831,0.91548365,0.48457831,0.91548365
16,202,early,0.47970855,0.94242942,0.47970855,0.94242942
16,205,early,0.49757275,0.96461803,0.49757275,0.96461803
16,208,early,0.51928627,1.01339877,0.51928627,1.01339877
16,211,early,0.47510302,0.94885284,0.47510302,0.94885284
16,214,early,0.49836439,0.90270621,0.49836439,0.90270621
16,218,early,0.46585396,0.84940815,0.46585396,0.84940815
16,221,early,0.45031506,0.85686404,0.45031506,0.85686404
16,224,early,0.47950622,0.87544823,0.47950622,0.87544823
16,227,early,0.55175030,0.89318299,0.55175030,0.89318299
16,230,early,0.47065091,0.80423111,0.47065091,0.80423111
16,234,early,0.45150909,0.77532756,0.45150909,0.77532756
16,237,early,0.39021814,0.77607763,0.39021814,0.77607763
16,240,early,0.40879378,0.68166786,0.40879378,0.68166786
16,243,early,0.40758082,0.72781831,0.40758082,0.72781831
16,246,early,0.50862604,0.92694753,0.50862604,0.92694753
16,250,late,0.50513929,0.90359855,0.50513929,0.90359855
16,253,late,0.53774130,0.91253120,0.53774130,0.91253120
16,256,late,0.48851070,0.98230469,0.48851070,0.98230469
16,259,late,0.58012342,0.99949968,0.58012342,0.99949968
16,262,late,0.58022970,0.97127807,0.58022970,0.97127807
16,266,late,0.54545408,1.01723969,0.54545408,1.01723969
16,269,late,0.54504341,0.86095262,0.54504341,0.86095262
16,272,late,0.57822675,0.84524721,0.57822675,0.84524721
16,275,late,0.55912477,0.87815833,0.55912477,0.87815833
16,278,late,0.54178995,0.81655228,0.54178995,0.81655228
16,282,late,0.52759171,0.72948986,0.52759171,0.72948986
16,285,late,0.47309846,0.71137941,0.47309846,0.71137941
16,288,late,0.44850153,0.64647067,0.44850153,0.64647067
16,291,late,0.44849527,0.70710301,0.44849527,0.70710301
16,294,late,0.39505172,0.75863224,0.39505172,0.75863224
16,298,late,0.32178760,0.62129110,0.32178760,0.62129110
16,301,late,0.25906390,0.56970412,0.25906390,0.56970412
16,304,late,0.27173641,0.56052524,0.27173641,0.56052524
16,307,late,0.32685491,0.61876649,0.32685491,0.61876649
16,310,late,0.33396578,0.64446276,0.33396578,0.64446276
16,314,late,0.42318419,0.69991249,0.42318419,0.69991249
16,317,late,0.49864784,0.65633231,0.49864784,0.65633231
16,320,late,0.49010175,0.66141182,0.49010175,0.66141182
16,323,late,0.47386795,0.69531941,0.47386795,0.69531941
16,326,late,0.48172453,0.67410678,0.48172453,0.67410678
16,330,late,0.29318023,0.62819374,0.29318023,0.62819374
16,333,late,0.28339794,0.57528323,0.28339794,0.57528323
16,336,late,0.28827098,0.58099151,0.28827098,0.58099151
16,339,late,0.30247271,0.63495511,0.30247271,0.63495511
16,342,late,0.29294729,0.56061733,0.29294729,0.56061733
16,346,late,0.32929298,0.66419637,0.32929298,0.66419637
16,349,late,0.32130763,0.57907718,0.32130763,0.57907718
16,352,late,0.35686892,0.65071535,0.35686892,0.65071535
16,355,late,0.36841556,0.69613433,0.36841556,0.69613433
16,358,late,0.38563308,0.79184365,0.38563308,0.79184365
16,362,late,0.48056641,0.84246963,0.48056641,0.84246963
16,365,late,0.45490858,0.83728397,0.45490858,0.83728397
16,368,late,0.51277417,0.82323265,0.51277417,0.82323265
16,371,late,0.46581650,0.95598912,0.46581650,0.95598912
16,374,late,0.49072835,0.94359678,0.49072835,0.94359678
16,378,late,0.50139534,0.84874129,0.50139534,0.84874129
16,381,late,0.56444150,0.81651378,0.56444150,0.81651378
16,384,late,0.57235819,0.89755017,0.57235819,0.89755017
16,387,late,0.53465390,0.80777943,0.53465390,0.80777943
16,390,late,0.52246726,0.81916958,0.52246726,0.81916958
16,394,late,0.35717461,0.77949619,0.35717461,0.77949619
16,397,late,0.40427521,0.83585346,0.40427521,0.83585346
16,400,late,0.37318218,0.76203734,0.37318218,0.76203734
16,403,late,0.47161984,0.78650141,0.47161984,0.78650141
16,406,late,0.43771502,0.77848339,0.43771502,0.77848339
16,410,late,0.48764879,0.64420605,0.48764879,0.64420605
16,413,late,0.47202456,0.81741339,0.47202456,0.81741339
16,416,late,0.57727051,0.88618064,0.57727051,0.88618064
16,419,late,0.54046088,0.89967775,0.54046088,0.89967775
16,422,late,0.57397401,0.84529948,0.57397401,0.84529948
16,426,late,0.52348983,0.86315614,0.52348983,0.86315614
16,429,late,0.53604394,0.85476899,0.53604394,0.85476899
16,432,late,0.51656777,0.80668658,0.51656777,0.80668658
16,435,late,0.46615344,0.77413332,0.46615344,0.77413332
16,438,late,0.46707612,0.82364273,0.46707612,0.82364273
16,442,late,0.41842994,0.77707434,0.41842994,0.77707434
16,445,late,0.41213930,0.77796847,0.41213930,0.77796847
16,448,late,0.36579987,0.78700531,0.36579987,0.78700531
16,451,late,0.38301766,0.77703583,0.38301766,0.77703583
16,454,late,0.40692520,0.81520945,0.40692520,0.81520945
16,458,late,0.41736153,0.82773620,0.41736153,0.82773620
16,461,late,0.36696485,0.88232589,0.36696485,0.88232589
16,464,late,0.42277533,0.86596477,0.42277533,0.86596477
16,467,late,0.42130104,0.80327302,0.42130104,0.80327302
16,470,late,0.39196476,0.82201618,0.39196476,0.82201618
16,474,late,0.47554338,0.93338305,0.47554338,0.93338305
16,477,late,0.47657225,0.91760159,0.47657225,0.91760159
16,480,late,0.46616024,0.92809480,0.46616024,0.92809480
16,483,late,0.55704457,0.97342509,0.55704457,0.97342509
16,486,late,0.56400335,0.98949647,0.56400335,0.98949647
16,490,late,0.47608039,0.97538036,0.47608039,0.97538036
16,493,late,0.44071242,0.93037546,0.44071242,0.93037546
16,496,late,0.46961340,0.93300712,0.46961340,0.93300712
16,499,late,0.54368335,0.95814544,0.54368335,0.95814544
17,2,early,0.35751498,0.66752744,0.35751498,0.66752744
17,6,early,0.30177712,0.64571667,0.30177712,0.64571667
17,9,early,0.28018889,0.65073097,0.28018889,0.65073097
17,12,early,0.25864515,0.60051262,0.25864515,0.60051262
17,15,early,0.24401604,0.62202036,0.24401604,0.62202036
17,18,early,0.26428097,0.68139577,0.26428097,0.68139577
17,22,early,0.25164276,0.60441804,0.25164276,0.60441804
17,25,early,0.31331030,0.58086586,0.31331030,0.58086586
17,28,early,0.32926774,0.62472290,0.32926774,0.62472290
17,31,early,0.34293738,0.61392593,0.34293738,0.61392593
17,34,early,0.33011323,0.57195091,0.33011323,0.57195091
17,38,early,0.27354592,0.54843038,0.27354592,0.54843038
17,41,early,0.25154567,0.59347439,0.25154567,0.59347439
17,44,early,0.26867473,0.53013104,0.26867473,0.53013104
17,47,early,0.24962854,0.48836786,0.24962854,0.48836786
17,50,early,0.19480777,0.50865728,0.19480777,0.50865728
17,54,early,0.17877434,0.45269135,0.17877434,0.45269135
17,57,early,0.06430431,0.37207767,0.06430431,0.37207767
17,60,early,-0.01433486,0.35675794,-0.01433486,0.35675794
17,63,early,-0.02416723,0.36056751,-0.02416723,0.36056751
17,66,early,0.08007959,0.39752787,0.08007959,0.39752787
17,70,early,-0.02092015,0.32536659,-0.02092015,0.32536659
17,73,early,-0.01848609,0.27593884,-0.01848609,0.27593884
17,76,early,-0.06265083,0.23084097,-0.06265083,0.23084097
17,79,early,-0.07962538,0.14429708,-0.07962538,0.14429708
17,82,early,-0.01046812,0.06653957,-0.01046812,0.06653957
17,86,early,0.00218171,0.13374552,0.00218171,0.13374552
17,89,early,-0.01906409,0.22427838,-0.01906409,0.22427838
17,92,early,-0.05717895,0.18799134,-0.05717895,0.18799134
17,95,early,-0.10322059,0.13998622,-0.10322059,0.13998622
17,98,early,-0.07688940,0.09380479,-0.07688940,0.09380479
17,102,early,0.01667592,0.15565018,0.01667592,0.15565018
17,105,early,0.01574622,0.24970180,0.01574622,0.24970180
17,108,early,0.02730391,0.21059354,0.02730391,0.21059354
17,111,early,0.05032665,0.17264780,0.05032665,0.17264780
17,114,early,0.11474206,0.22897439,0.11474206,0.22897439
17,118,early,0.11881755,0.24342589,0.11881755,0.24342589
17,121,early,0.15175740,0.25578168,0.15175740,0.25578168
17,124,early,0.13336919,0.27857867,0.13336919,0.27857867
17,127,early,0.21768744,0.35186481,0.21768744,0.35186481
17,130,early,0.21062452,0.24317068,0.21062452,0.24317068
17,134,early,0.12525162,0.17851132,0.12525162,0.17851132
17,137,early,0.16638434,0.22950312,0.16638434,0.22950312
17,140,early,0.18313196,0.16588053,0.18313196,0.16588053
17,143,early,0.18477282,0.15465480,0.18477282,0.15465480
17,146,early,0.20432597,0.18515639,0.20432597,0.18515639
17,150,early,0.25771466,0.11589446,0.25771466,0.11589446
17,153,early,0.24844231,0.17284530,0.24844231,0.17284530
17,156,early,0.17183541,0.06107485,0.17183541,0.06107485
17,159,early,0.08374730,0.03112875,0.08374730,0.03112875
17,162,early,-0.00357830,0.12212281,-0.00357830,0.12212281
17,166,early,0.04767905,0.12197532,0.04767905,0.12197532
17,169,early,0.06779028,0.19506469,0.06779028,0.19506469
17,172,early,0.11279969,0.16815655,0.11279969,0.16815655
17,175,early,0.06865870,0.32698667,0.06865870,0.32698667
17,178,early,0.06948669,0.31761777,0.06948669,0.31761777
17,182,early,0.16656210,0.27670214,0.16656210,0.27670214
17,185,early,0.18504444,0.39735925,0.18504444,0.39735925
17,188,early,0.19016764,0.43845987,0.19016764,0.43845987
17,191,early,0.23206012,0.41220242,0.23206012,0.41220242
17,194,early,0.24062628,0.46960658,0.24062628,0.46960658
17,198,early,0.20232767,0.46137848,0.20232767,0.46137848
17,201,early,0.28050765,0.46382430,0.28050765,0.46382430
17,204,early,0.26052707,0.44778407,0.26052707,0.44778407
17,207,early,0.29462948,0.49450606,0.29462948,0.49450606
17,210,early,0.25557458,0.55306977,0.25557458,0.55306977
17,214,early,0.32592914,0.60113770,0.32592914,0.60113770
17,217,early,0.28993669,0.59243548,0.28993669,0.59243548
17,220,early,0.31121546,0.48760384,0.31121546,0.48760384
17,223,early,0.27636543,0.46535280,0.27636543,0.46535280
17,227,early,0.34828407,0.54514205,0.34828407,0.54514205
17,230,early,0.31758827,0.57953197,0.31758827,0.57953197
17,233,early,0.28485888,0.64896673,0.28485888,0.64896673
17,236,early,0.27723768,0.61558545,0.27723768,0.61558545
17,239,early,0.38639134,0.59418750,0.38639134,0.59418750
17,243,early,0.49055973,0.52451831,0.49055973,0.52451831
17,246,early,0.50699264,0.51511085,0.50699264,0.51511085
17,249,early,0.44745061,0.46499744,0.44745061,0.46499744
17,252,late,0.39272800,0.39063275,0.39272800,0.39063275
17,255,late,0.39519006,0.32087207,0.39519006,0.32087207
17,259,late,0.35249650,0.32702184,0.35249650,0.32702184
17,262,late,0.35754356,0.32758388,0.35754356,0.32758388
17,265,late,0.35901940,0.24571723,0.35901940,0.24571723
17,268,late,0.32855579,0.24363692,0.32855579,0.24363692
17,271,late,0.30503321,0.21996073,0.30503321,0.21996073
17,275,late,0.23197338,0.22435999,0.23197338,0.22435999
17,278,late,0.27606559,0.20241769,0.27606559,0.20241769
17,281,late,0.29989544,0.22082514,0.29989544,0.22082514
17,284,late,0.39641103,0.29052088,0.39641103,0.29052088
17,287,late,0.32885531,0.27450457,0.32885531,0.27450457
17,291,late,0.26879856,0.28189304,0.26879856,0.28189304
17,294,late,0.27820233,0.25997597,0.27820233,0.25997597
17,297,late,0.32004839,0.26215482,0.32004839,0.26215482
17,300,late,0.30927613,0.18524367,0.30927613,0.18524367
17,303,late,0.29419905,0.13164622,0.29419905,0.13164622
17,307,late,0.23385815,0.14484911,0.23385815,0.14484911
17,310,late,0.32503647,0.11172925,0.32503647,0.11172925
17,313,late,0.22735906,0.09614583,0.22735906,0.09614583
17,316,late,0.17556103,0.07476292,0.17556103,0.07476292
17,319,late,0.27183658,0.13946483,0.27183658,0.13946483
17,323,late,0.26062220,0.05219169,0.26062220,0.05219169
17,326,late,0.19526276,0.07853051,0.19526276,0.07853051
17,329,late,0.19871874,0.09726709,0.19871874,0.09726709
17,332,late,0.15598860,0.12338942,0.15598860,0.12338942
17,335,late,0.15027937,0.07288305,0.15027937,0.07288305
17,339,late,0.10958154,0.06925996,0.10958154,0.06925996
17,342,late,0.04684843,0.06528650,0.04684843,0.06528650
17,345,late,0.09657858,0.13643745,0.09657858,0.13643745
17,348,late,0.11776908,0.17304675,0.11776908,0.17304675
17,351,late,0.12421875,0.21671107,0.12421875,0.21671107
17,355,late,0.11206402,0.22883475,0.11206402,0.22883475
17,358,late,0.14551659,0.21854295,0.14551659,0.21854295
17,361,late,0.14610121,0.17598920,0.14610121,0.17598920
17,364,late,0.14686161,0.27954736,0.14686161,0.27954736
17,367,late,0.22552705,0.34102198,0.22552705,0.34102198
17,371,late,0.15066862,0.38282558,0.15066862,0.38282558
17,374,late,0.11230010,0.34200555,0.11230010,0.34200555
17,377,late,0.09321330,0.42184460,0.09321330,0.42184460
17,380,late,0.11852883,0.38986748,0.11852883,0.38986748
17,383,late,0.09840951,0.38024354,0.09840951,0.38024354
17,387,late,0.15642859,0.42936817,0.15642859,0.42936817
17,390,late,0.23560724,0.53785062,0.23560724,0.53785062
17,393,late,0.30352327,0.45535880,0.30352327,0.45535880
17,396,late,0.26697242,0.50819921,0.26697242,0.50819921
17,399,late,0.26999420,0.38795495,0.26999420,0.38795495
17,403,late,0.29604965,0.26676363,0.29604965,0.26676363
17,406,late,0.29682890,0.35457984,0.29682890,0.35457984
17,409,late,0.29725027,0.38648593,0.29725027,0.38648593
17,412,late,0.22143011,0.31685656,0.22143011,0.31685656
17,415,late,0.16732748,0.28555322,0.16732748,0.28555322
17,419,late,0.16178215,0.25506240,0.16178215,0.25506240
17,422,late,0.11533445,0.21180984,0.11533445,0.21180984
17,425,late,0.07195064,0.17695725,0.07195064,0.17695725
17,428,late,0.08680413,0.25045371,0.08680413,0.25045371
17,431,late,0.11799446,0.20211060,0.11799446,0.20211060
17,435,late,0.13003403,0.18859224,0.13003403,0.18859224
17,438,late,0.06501212,0.21364994,0.06501212,0.21364994
17,441,late,-0.02943065,0.19848667,-0.02943065,0.19848667
17,444,late,-0.00101621,0.13639739,-0.00101621,0.13639739
17,447,late,0.16751978,0.12264707,0.16751978,0.12264707
17,451,late,0.13754612,0.16783623,0.13754612,0.16783623
17,454,late,0.14523675,0.20624392,0.14523675,0.20624392
17,457,late,0.18566009,0.22703379,0.18566009,0.22703379
17,460,late,0.08258589,0.25025997,0.08258589,0.25025997
17,463,late,0.09510115,0.22999351,0.09510115,0.22999351
17,467,late,0.02219913,0.22030266,0.02219913,0.22030266
17,470,late,0.06007519,0.22281836,0.06007519,0.22281836
17,473,late,0.08407836,0.28693104,0.08407836,0.28693104
17,476,late,0.10258827,0.39995584,0.10258827,0.39995584
17,479,late,0.11952168,0.39251333,0.11952168,0.39251333
17,483,late,0.20282020,0.38880143,0.20282020,0.38880143
17,486,late,0.14603433,0.39722523,0.14603433,0.39722523
17,489,late,0.12749733,0.43530616,0.12749733,0.43530616
17,492,late,0.11096597,0.53910345,0.11096597,0.53910345
17,495,late,0.07729682,0.51837122,0.07729682,0.51837122
17,499,late,0.00873384,0.41401488,0.00873384,0.41401488
18,2,early,0.32047024,0.24812844,0.32047024,0.24812844
18,5,early,0.28045377,0.19787763,0.28045377,0.19787763
18,8,early,0.28948295,0.22388111,0.28948295,0.22388111
18,11,early,0.31613711,0.31446421,0.31613711,0.31446421
18,15,early,0.21437375,0.29578450,0.21437375,0.29578450
18,18,early,0.21329960,0.36839405,0.21329960,0.36839405
18,21,early,0.14327085,0.31798083,0.14327085,0.31798083
18,24,early,0.15649146,0.45440015,0.15649146,0.45440015
18,27,early,0.13966966,0.52120405,0.13966966,0.52120405
18,31,early,0.06683113,0.51307780,0.06683113,0.51307780
18,34,early,0.07421087,0.52151996,0.07421087,0.52151996
18,37,early,0.02247706,0.49999431,0.02247706,0.49999431
18,40,early,0.11735919,0.45688644,0.11735919,0.45688644
18,43,early,0.09500866,0.49945340,0.09500866,0.49945340
18,47,early,-0.01068638,0.43345678,-0.01068638,0.43345678
18,50,early,-0.07036176,0.45119357,-0.07036176,0.45119357
18,53,early,-0.09611025,0.39012831,-0.09611025,0.39012831
18,56,early,-0.07090549,0.43176299,-0.07090549,0.43176299
18,59,early,-0.00964016,0.36298564,-0.00964016,0.36298564
18,63,early,-0.09683212,0.42324483,-0.09683212,0.42324483
18,66,early,-0.10742104,0.34297568,-0.10742104,0.34297568
18,69,early,-0.03832201,0.36079550,-0.03832201,0.36079550
18,72,early,-0.09907098,0.33071089,-0.09907098,0.33071089
18,75,early,-0.07767206,0.30482566,-0.07767206,0.30482566
18,79,early,-0.09535332,0.20968297,-0.09535332,0.20968297
18,82,early,-0.09248094,0.18696481,-0.09248094,0.18696481
18,85,early,-0.18185323,0.21722442,-0.18185323,0.21722442
18,88,early,-0.23989871,0.30917421,-0.23989871,0.30917421
18,91,early,-0.16445129,0.37225330,-0.16445129,0.37225330
18,95,early,-0.21771750,0.44764599,-0.21771750,0.44764599
18,98,early,-0.21026857,0.44341961,-0.21026857,0.44341961
18,101,early,-0.22579384,0.44766861,-0.22579384,0.44766861
18,104,early,-0.26191485,0.55107123,-0.26191485,0.55107123
18,107,early,-0.24029507,0.54720366,-0.24029507,0.54720366
18,111,early,-0.26793766,0.45129913,-0.26793766,0.45129913
18,114,early,-0.23970866,0.37099493,-0.23970866,0.37099493
18,117,early,-0.15415032,0.35961780,-0.15415032,0.35961780
18,120,early,-0.16786042,0.38002262,-0.16786042,0.38002262
18,123,early,-0.19352101,0.34288764,-0.19352101,0.34288764
18,127,early,-0.29801711,0.36616746,-0.29801711,0.36616746
18,130,early,-0.40748033,0.40925509,-0.40748033,0.40925509
18,133,early,-0.38442701,0.47304595,-0.38442701,0.47304595
18,136,early,-0.40719718,0.37879369,-0.40719718,0.37879369
18,139,early,-0.40954956,0.40096366,-0.40954956,0.40096366
18,143,early,-0.44296643,0.40297845,-0.44296643,0.40297845
18,146,early,-0.45833537,0.36084074,-0.45833537,0.36084074
18,149,early,-0.53177798,0.33851460,-0.53177798,0.33851460
18,152,early,-0.48774183,0.29072037,-0.48774183,0.29072037
18,155,early,-0.48508179,0.31034824,-0.48508179,0.31034824
18,159,early,-0.49182954,0.21791478,-0.49182954,0.21791478
18,162,early,-0.48356023,0.17680481,-0.48356023,0.17680481
18,165,early,-0.42114142,0.19824970,-0.42114142,0.19824970
18,168,early,-0.42261249,0.17266022,-0.42261249,0.17266022
18,171,early,-0.38114753,0.23906742,-0.38114753,0.23906742
18,175,early,-0.19716197,0.18352586,-0.19716197,0.18352586
18,178,early,-0.23466386,0.17075245,-0.23466386,0.17075245
18,181,early,-0.16271810,0.15632939,-0.16271810,0.15632939
18,184,early,-0.19753173,0.21193792,-0.19753173,0.21193792
18,187,early,-0.22273462,0.25190076,-0.22273462,0.25190076
18,191,early,-0.22459970,0.14916928,-0.22459970,0.14916928
18,194,early,-0.20241912,0.14773165,-0.20241912,0.14773165
18,197,early,-0.18565337,0.01755600,-0.18565337,0.01755600
18,200,early,-0.15995309,0.07903951,-0.15995309,0.07903951
18,203,early,-0.14372602,0.19420062,-0.14372602,0.19420062
18,207,early,-0.05685762,0.20651031,-0.05685762,0.20651031
18,210,early,-0.04141328,0.25119281,-0.04141328,0.25119281
18,213,early,-0.04038319,0.21626653,-0.04038319,0.21626653
18,216,early,-0.11678065,0.25106233,-0.11678065,0.25106233
18,219,early,-0.03339011,0.22289951,-0.03339011,0.22289951
18,223,early,-0.04504625,0.23189935,-0.04504625,0.23189935
18,226,early,-0.12051021,0.14570946,-0.12051021,0.14570946
18,229,early,-0.16636057,0.15373747,-0.16636057,0.15373747
18,232,early,-0.10071589,0.11846678,-0.10071589,0.11846678
18,235,early,-0.10437129,-0.00688813,-0.10437129,-0.00688813
18,239,early,-0.15271412,-0.04578721,-0.15271412,-0.04578721
18,242,early,-0.20278268,-0.11610080,-0.20278268,-0.11610080
18,245,early,-0.12382701,-0.09734952,-0.12382701,-0.09734952
18,248,early,-0.12010109,-0.06857920,-0.12010109,-0.06857920
18,251,late,-0.05617346,-0.01449557,-0.05617346,-0.01449557
18,255,late,-0.08005855,-0.05886013,-0.08005855,-0.05886013
18,258,late,-0.07054915,-0.07802750,-0.07054915,-0.07802750
18,261,late,-0.05252733,-0.06183312,-0.05252733,-0.06183312
18,264,late,-0.05854027,0.02491684,-0.05854027,0.02491684
18,267,late,0.01468604,0.01407458,0.01468604,0.01407458
18,271,late,0.05957077,0.04686683,0.05957077,0.04686683
18,274,late,0.07430870,0.12744236,0.07430870,0.12744236
18,277,late,0.03013279,0.06456613,0.03013279,0.06456613
18,280,late,0.10934342,-0.05900193,0.10934342,-0.05900193
18,283,late,0.17714246,-0.03829550,0.17714246,-0.03829550
18,287,late,0.19094320,-0.08042327,0.19094320,-0.08042327
18,290,late,0.22337624,-0.09864395,0.22337624,-0.09864395
18,293,late,0.19235012,-0.01318745,0.19235012,-0.01318745
18,296,late,0.26596600,-0.01906382,0.26596600,-0.01906382
18,299,late,0.33352032,0.00323339,0.33352032,0.00323339
18,303,late,0.22726077,-0.06217093,0.22726077,-0.06217093
18,306,late,0.17696489,-0.12149743,0.17696489,-0.12149743
18,309,late,0.17238861,-0.17712399,0.17238861,-0.17712399
18,312,late,0.19991080,-0.13245188,0.19991080,-0.13245188
18,315,late,0.25752157,-0.14022599,0.25752157,-0.14022599
18,319,late,0.24348952,-0.17730746,0.24348952,-0.17730746
18,322,late,0.26040578,-0.12740156,0.26040578,-0.12740156
18,325,late,0.28595284,-0.18913555,0.28595284,-0.18913555
18,328,late,0.26694110,-0.20993257,0.26694110,-0.20993257
18,331,late,0.30008799,-0.22515306,0.30008799,-0.22515306
18,335,late,0.37298226,-0.16585028,0.37298226,-0.16585028
18,338,late,0.41419786,-0.09587763,0.41419786,-0.09587763
18,341,late,0.40159425,-0.08313064,0.40159425,-0.08313064
18,344,late,0.39173833,-0.07688741,0.39173833,-0.07688741
18,347,late,0.30279529,-0.01966883,0.30279529,-0.01966883
18,351,late,0.26976326,0.02869030,0.26976326,0.02869030
18,354,late,0.28967115,0.03800279,0.28967115,0.03800279
18,357,late,0.30395946,0.00842411,0.30395946,0.00842411
18,360,late,0.30662876,-0.08565660,0.30662876,-0.08565660
18,363,late,0.21630698,-0.05597044,0.21630698,-0.05597044
18,367,late,0.16002506,0.08933314,0.16002506,0.08933314
18,370,late,0.14426954,0.04618806,0.14426954,0.04618806
18,373,late,0.12801737,0.06903727,0.12801737,0.06903727
18,376,late,0.13477448,0.13351457,0.13477448,0.13351457
18,379,late,0.15069777,0.19198151,0.15069777,0.19198151
18,383,late,0.08128618,0.16702357,0.08128618,0.16702357
18,386,late,0.10264847,0.21819696,0.10264847,0.21819696
18,389,late,0.08691297,0.09028809,0.08691297,0.09028809
18,392,late,0.16733338,-0.03412722,0.16733338,-0.03412722
18,395,late,0.27503598,0.06622138,0.27503598,0.06622138
18,399,late,0.35425156,0.17658448,0.35425156,0.17658448
18,402,late,0.28937393,0.17434344,0.28937393,0.17434344
18,405,late,0.32543004,0.22046158,0.32543004,0.22046158
18,408,late,0.31988239,0.28766057,0.31988239,0.28766057
18,411,late,0.22004750,0.35864127,0.22004750,0.35864127
18,415,late,0.33469883,0.20336728,0.33469883,0.20336728
18,418,late,0.32603893,0.20057239,0.32603893,0.20057239
18,421,late,0.32949015,0.23583573,0.32949015,0.23583573
18,424,late,0.33032867,0.20960623,0.33032867,0.20960623
18,427,late,0.41587064,0.19860356,0.41587064,0.19860356
18,431,late,0.41490725,0.12475795,0.41490725,0.12475795
18,434,late,0.34111354,0.15625048,0.34111354,0.15625048
18,437,late,0.42886049,0.19239137,0.42886049,0.19239137
18,440,late,0.43559054,0.20873660,0.43559054,0.20873660
18,443,late,0.37363106,0.16490373,0.37363106,0.16490373
18,447,late,0.38519648,0.21403456,0.38519648,0.21403456
18,450,late,0.38343576,0.23378968,0.38343576,0.23378968
18,453,late,0.42708680,0.25834894,0.42708680,0.25834894
18,456,late,0.37929887,0.31090692,0.37929887,0.31090692
18,459,late,0.35275754,0.40898186,0.35275754,0.40898186
18,463,late,0.28848660,0.38214985,0.28848660,0.38214985
18,466,late,0.26653689,0.41220903,0.26653689,0.41220903
18,469,late,0.28397581,0.48712948,0.28397581,0.48712948
18,472,late,0.33204058,0.47326767,0.33204058,0.47326767
18,475,late,0.34036466,0.43551910,0.34036466,0.43551910
18,479,late,0.31241629,0.50916439,0.31241629,0.50916439
18,482,late,0.32281473,0.52934533,0.32281473,0.52934533
18,485,late,0.30668747,0.59415591,0.30668747,0.59415591
18,488,late,0.32582232,0.58414376,0.32582232,0.58414376
18,491,late,0.42444864,0.55693281,0.42444864,0.55693281
18,495,late,0.29776040,0.51599818,0.29776040,0.51599818
18,498,late,0.30443001,0.54944110,0.30443001,0.54944110
19,1,early,1.49214947,1.87674999,1.49214947,1.87674999
19,4,early,1.47449899,1.83228266,1.47449899,1.83228266
19,7,early,1.39673555,1.84932053,1.39673555,1.84932053
19,11,early,1.39462721,1.89235067,1.39462721,1.89235067
19,14,early,1.48168230,1.89623821,1.48168230,1.89623821
19,17,early,1.51481283,1.88583112,1.51481283,1.88583112
19,20,early,1.49121284,1.92279243,1.49121284,1.92279243
19,23,early,1.48769951,1.91993678,1.48769951,1.91993678
19,27,early,1.52078557,1.84068155,1.52078557,1.84068155
19,30,early,1.51218855,1.92254102,1.51218855,1.92254102
19,33,early,1.51471257,1.93791175,1.51471257,1.93791175
19,36,early,1.44627368,1.93171346,1.44627368,1.93171346
19,39,early,1.40104234,1.87503946,1.40104234,1.87503946
19,43,early,1.42218828,1.87655509,1.42218828,1.87655509
19,46,early,1.40548873,1.90756547,1.40548873,1.90756547
19,49,early,1.33187389,1.95572996,1.33187389,1.95572996
19,52,early,1.32509220,1.94588554,1.32509220,1.94588554
19,55,early,1.33015168,1.86961186,1.33015168,1.86961186
19,59,early,1.26678050,1.86468410,1.26678050,1.86468410
19,62,early,1.34270334,1.89397323,1.34270334,1.89397323
19,65,early,1.35655344,1.88347220,1.35655344,1.88347220
19,68,early,1.36781549,1.88907099,1.36781549,1.88907099
19,71,early,1.31507754,1.90371072,1.31507754,1.90371072
19,75,early,1.28232729,2.02925467,1.28232729,2.02925467
19,78,early,1.23468685,1.93344045,1.23468685,1.93344045
19,81,early,1.31277609,1.91148043,1.31277609,1.91148043
19,84,early,1.42688251,1.93629789,1.42688251,1.93629789
19,87,early,1.43845892,1.88994575,1.43845892,1.88994575
19,91,early,1.46793473,2.03616285,1.46793473,2.03616285
19,94,early,1.44130027,2.08821249,1.44130027,2.08821249
19,97,early,1.44653499,2.11210251,1.44653499,2.11210251
19,100,early,1.41607440,2.07130575,1.41607440,2.07130575
19,103,early,1.35142541,2.07738805,1.35142541,2.07738805
19,107,early,1.37766159,1.99874723,1.37766159,1.99874723
19,110,early,1.44056678,2.06026912,1.44056678,2.06026912
19,113,early,1.38669634,2.05601168,1.38669634,2.05601168
19,116,early,1.34931791,2.08475661,1.34931791,2.08475661
19,119,early,1.33464932,2.06976295,1.33464932,2.06976295
19,123,early,1.31893039,1.99311256,1.31893039,1.99311256
19,126,early,1.31791353,1.98383033,1.31791353,1.98383033
19,129,early,1.26801276,1.96191049,1.26801276,1.96191049
19,132,early,1.24432421,1.97679651,1.24432421,1.97679651
19,135,early,1.23284757,1.98589468,1.23284757,1.98589468
19,139,early,1.21796083,2.01062179,1.21796083,2.01062179
19,142,early,1.22162342,2.05099630,1.22162342,2.05099630
19,145,early,1.35241830,2.07084441,1.35241830,2.07084441
19,148,early,1.36849129,2.02598953,1.36849129,2.02598953
19,151,early,1.30204403,2.03032875,1.30204403,2.03032875
19,155,early,1.37779987,2.07863903,1.37779987,2.07863903
19,158,early,1.30591643,2.12743092,1.30591643,2.12743092
19,161,early,1.34305179,2.11932659,1.34305179,2.11932659
19,164,early,1.35070980,2.13422084,1.35070980,2.13422084
19,167,early,1.33053863,2.08878374,1.33053863,2.08878374
19,171,early,1.36358786,2.14767218,1.36358786,2.14767218
19,174,early,1.43407977,2.18484330,1.43407977,2.18484330
19,177,early,1.43885279,2.18336248,1.43885279,2.18336248
19,180,early,1.41365504,2.17021847,1.41365504,2.17021847
19,183,early,1.46806872,2.21019030,1.46806872,2.21019030
19,187,early,1.45492554,2.25347018,1.45492554,2.25347018
19,190,early,1.48653233,2.16849065,1.48653233,2.16849065
19,193,early,1.43843257,2.25526404,1.43843257,2.25526404
19,196,early,1.42724228,2.25397229,1.42724228,2.25397229
19,199,early,1.41976488,2.13877344,1.41976488,2.13877344
19,203,early,1.36103892,2.09180140,1.36103892,2.09180140
19,206,early,1.35323429,2.07912230,1.35323429,2.07912230
19,209,early,1.39918041,2.01908493,1.39918041,2.01908493
19,212,early,1.41322362,1.89668787,1.41322362,1.89668787
19,215,early,1.45189750,1.97482681,1.45189750,1.97482681
19,219,early,1.38389575,2.03419399,1.38389575,2.03419399
19,222,early,1.49085736,2.02225304,1.49085736,2.02225304
19,225,early,1.44212043,1.95530963,1.44212043,1.95530963
19,228,early,1.43523693,1.99740016,1.43523693,1.99740016
19,231,early,1.45938468,1.96413565,1.45938468,1.96413565
19,235,early,1.43826878,2.01218176,1.43826878,2.01218176
19,238,early,1.46069276,2.04672170,1.46069276,2.04672170
19,241,early,1.45856571,2.09218192,1.45856571,2.09218192
19,244,early,1.39733410,2.08279324,1.39733410,2.08279324
19,247,early,1.39557171,2.20601845,1.39557171,2.20601845
19,251,late,1.36718714,2.18539286,1.36718714,2.18539286
19,254,late,1.38585091,2.15507340,1.38585091,2.15507340
19,257,late,1.44576716,2.12133789,1.44576716,2.12133789
19,260,late,1.42446327,2.07548690,1.42446327,2.07548690
19,263,late,1.42918396,2.01997066,1.42918396,2.01997066
19,267,late,1.44526994,2.05382562,1.44526994,2.05382562
19,270,late,1.47757149,2.06698847,1.47757149,2.06698847
19,273,late,1.47238898,2.12167978,1.47238898,2.12167978
19,276,late,1.45077085,2.19138217,1.45077085,2.19138217
19,279,late,1.50073862,2.22126627,1.50073862,2.22126627
19,283,late,1.43619251,2.10449147,1.43619251,2.10449147
19,286,late,1.38689005,2.03550887,1.38689005,2.03550887
19,289,late,1.35438251,2.00405645,1.35438251,2.00405645
19,292,late,1.32225668,2.06953287,1.32225668,2.06953287
19,295,late,1.27091587,1.95972133,1.27091587,1.95972133
19,299,late,1.30654490,1.96992397,1.30654490,1.96992397
19,302,late,1.29070044,1.90571845,1.29070044,1.90571845
19,305,late,1.39123487,1.89283895,1.39123487,1.89283895
19,308,late,1.34926093,1.86715031,1.34926093,1.86715031
19,311,late,1.29291701,1.92509544,1.29291701,1.92509544
19,315,late,1.16016233,1.89243662,1.16016233,1.89243662
19,318,late,1.09936547,1.83808589,1.09936547,1.83808589
19,321,late,1.16223121,1.87276375,1.16223121,1.87276375
19,324,late,1.08559120,1.80485022,1.08559120,1.80485022
19,327,late,1.17425478,1.79526830,1.17425478,1.79526830
19,331,late,1.12110209,1.77218854,1.12110209,1.77218854
19,334,late,1.10611355,1.82494509,1.10611355,1.82494509
19,337,late,1.13706994,1.78439271,1.13706994,1.78439271
19,340,late,1.17932546,1.71344435,1.17932546,1.71344435
19,343,late,1.15135849,1.75466609,1.15135849,1.75466609
19,347,late,1.25299776,1.83121586,1.25299776,1.83121586
19,350,late,1.30247450,1.96176004,1.30247450,1.96176004
19,353,late,1.22640276,2.04275393,1.22640276,2.04275393
19,356,late,1.15958059,1.92809582,1.15958059,1.92809582
19,359,late,1.13488817,1.81020319,1.13488817,1.81020319
19,363,late,1.14676881,1.84720135,1.14676881,1.84720135
19,366,late,1.20521677,1.88497972,1.20521677,1.88497972
19,369,late,1.27384412,1.93894804,1.27384412,1.93894804
19,372,late,1.21823263,1.91113472,1.21823263,1.91113472
19,375,late,1.24455488,1.98135185,1.24455488,1.98135185
19,379,late,1.17319834,1.86384737,1.17319834,1.86384737
19,382,late,1.26766980,1.96751773,1.26766980,1.96751773
19,385,late,1.21263874,1.95109367,1.21263874,1.95109367
19,388,late,1.12594736,1.87062192,1.12594736,1.87062192
19,391,late,1.09856832,1.87572026,1.09856832,1.87572026
19,395,late,1.12041295,1.88812459,1.12041295,1.88812459
19,398,late,1.16408122,1.91169441,1.16408122,1.91169441
19,401,late,1.20739448,1.93608725,1.20739448,1.93608725
19,404,late,1.27402461,1.93455601,1.27402461,1.93455601
19,407,late,1.33829284,1.97075248,1.33829284,1.97075248
19,411,late,1.34064889,1.93615520,1.34064889,1.93615520
19,414,late,1.36912620,1.93050218,1.36912620,1.93050218
19,417,late,1.37355125,1.89481390,1.37355125,1.89481390
19,420,late,1.34615922,1.88042629,1.34615922,1.88042629
19,423,late,1.37275147,1.98031509,1.37275147,1.98031509
19,427,late,1.45659971,1.95711720,1.45659971,1.95711720
19,430,late,1.58373487,2.02783179,1.58373487,2.02783179
19,433,late,1.58707905,2.02283478,1.58707905,2.02283478
19,436,late,1.60031283,2.10442162,1.60031283,2.10442162
19,439,late,1.53894281,2.06972766,1.53894281,2.06972766
19,443,late,1.59913719,2.01639247,1.59913719,2.01639247
19,446,late,1.57747233,2.03046656,1.57747233,2.03046656
19,449,late,1.64128089,2.07447815,1.64128089,2.07447815
19,452,late,1.57495952,2.05360866,1.57495952,2.05360866
19,455,late,1.59814501,2.02714205,1.59814501,2.02714205
19,459,late,1.53882170,2.08282614,1.53882170,2.08282614
19,462,late,1.57855844,2.16783595,1.57855844,2.16783595
19,465,late,1.56688273,2.14714503,1.56688273,2.14714503
19,468,late,1.45325351,2.07476139,1.45325351,2.07476139
19,471,late,1.44636285,2.06432557,1.44636285,2.06432557
19,475,late,1.46450043,2.01863933,1.46450043,2.01863933
19,478,late,1.35634649,2.05766129,1.35634649,2.05766129
19,481,late,1.38931179,2.06201077,1.38931179,2.06201077
19,484,late,1.44396436,2.11419415,1.44396436,2.11419415
19,487,late,1.44514990,2.20120168,1.44514990,2.20120168
19,491,late,1.44445288,2.23649955,1.44445288,2.23649955
19,494,late,1.41562212,2.20126677,1.41562212,2.20126677
19,497,late,1.44890094,2.17677903,1.44890094,2.17677903
20,0,early,-0.20654544,0.43344024,-0.20654544,0.43344024
20,3,early,-0.29716155,0.35606906,-0.29716155,0.35606906
20,7,early,-0.31763449,0.36508426,-0.31763449,0.36508426
20,10,early,-0.32326680,0.34020591,-0.32326680,0.34020591
20,13,early,-0.27323186,0.33401072,-0.27323186,0.33401072
20,16,early,-0.30665329,0.33719164,-0.30665329,0.33719164
20,19,early,-0.22280468,0.32797346,-0.22280468,0.32797346
20,23,early,-0.21875945,0.30325416,-0.21875945,0.30325416
20,26,early,-0.17131683,0.33912668,-0.17131683,0.33912668
20,29,early,-0.20383884,0.30875543,-0.20383884,0.30875543
20,32,early,-0.23707345,0.28221685,-0.23707345,0.28221685
20,35,early,-0.23400839,0.32882529,-0.23400839,0.32882529
20,39,early,-0.05817458,0.42490515,-0.05817458,0.42490515
20,42,early,-0.04682251,0.39032891,-0.04682251,0.39032891
20,45,early,0.03537784,0.50620741,0.03537784,0.50620741
20,48,early,0.10080487,0.49892882,0.10080487,0.49892882
20,51,early,0.05504618,0.44973120,0.05504618,0.44973120
20,55,early,-0.03514856,0.45414671,-0.03514856,0.45414671
20,58,early,-0.05600666,0.37660217,-0.05600666,0.37660217
20,61,early,-0.14389312,0.39180347,-0.14389312,0.39180347
20,64,early,-0.09060787,0.31260869,-0.09060787,0.31260869
20,67,early,-0.07974693,0.26572716,-0.07974693,0.26572716
20,71,early,-0.17006700,0.24530774,-0.17006700,0.24530774
20,74,early,-0.14248189,0.22089423,-0.14248189,0.22089423
20,77,early,-0.28517380,0.17554867,-0.28517380,0.17554867
20,80,early,-0.28662950,0.14322102,-0.28662950,0.14322102
20,83,early,-0.26780295,0.18651435,-0.26780295,0.18651435
20,87,early,-0.29391253,0.15916273,-0.29391253,0.15916273
20,90,early,-0.31849721,0.12992014,-0.31849721,0.12992014
20,93,early,-0.18478110,0.23417267,-0.18478110,0.23417267
20,96,early,-0.08730914,0.14651534,-0.08730914,0.14651534
20,99,early,-0.09008896,0.14541680,-0.09008896,0.14541680
20,103,early,-0.00644708,0.10145091,-0.00644708,0.10145091
20,106,early,-0.02965905,0.05262995,-0.02965905,0.05262995
20,109,early,-0.12776132,0.09848601,-0.12776132,0.09848601
20,112,early,-0.09973639,0.15978138,-0.09973639,0.15978138
20,115,early,-0.07488877,0.12054735,-0.07488877,0.12054735
20,119,early,-0.03816205,0.09690288,-0.03816205,0.09690288
20,122,early,-0.01550615,0.09283343,-0.01550615,0.09283343
20,125,early,-0.14277022,0.08564638,-0.14277022,0.08564638
20,128,early,-0.18346518,0.12989695,-0.18346518,0.12989695
20,131,early,-0.19095342,0.09185144,-0.19095342,0.09185144
20,135,early,-0.23553227,0.00971569,-0.23553227,0.00971569
20,138,early,-0.30753458,0.09002490,-0.30753458,0.09002490
20,141,early,-0.30825818,0.17445612,-0.30825818,0.17445612
20,144,early,-0.25269377,0.16634934,-0.25269377,0.16634934
20,147,early,-0.23068196,0.12098428,-0.23068196,0.12098428
20,151,early,-0.16384049,0.10679392,-0.16384049,0.10679392
20,154,early,-0.15190117,0.05834553,-0.15190117,0.05834553
20,157,early,-0.06732444,0.04992388,-0.06732444,0.04992388
20,160,early,-0.06900714,0.03701835,-0.06900714,0.03701835
20,163,early,-0.00869951,0.04873206,-0.00869951,0.04873206
20,167,early,-0.08462016,-0.01333549,-0.08462016,-0.01333549
20,170,early,0.01950758,0.03369564,0.01950758,0.03369564
20,173,early,-0.00295650,0.02126560,-0.00295650,0.02126560
20,176,early,0.10194761,0.05725399,0.10194761,0.05725399
20,179,early,0.09447045,0.10730506,0.09447045,0.10730506
20,183,early,0.10141691,0.17572011,0.10141691,0.17572011
20,186,early,0.09435825,0.17310454,0.09435825,0.17310454
20,189,early,0.01130411,0.17921202,0.01130411,0.17921202
20,192,early,0.02225184,0.21553329,0.02225184,0.21553329
20,195,early,0.07762116,0.27692521,0.07762116,0.27692521
20,199,early,-0.01351226,0.20371538,-0.01351226,0.20371538
20,202,early,0.01987878,0.27279654,0.01987878,0.27279654
20,205,early,-0.04699649,0.17485140,-0.04699649,0.17485140
20,208,early,-0.01557558,0.09377259,-0.01557558,0.09377259
20,211,early,-0.05098668,0.07947583,-0.05098668,0.07947583
20,215,early,0.01428268,0.20832224,0.01428268,0.20832224
20,218,early,0.09241191,0.17407599,0.09241191,0.17407599
20,221,early,0.01926507,0.22291508,0.01926507,0.22291508
20,224,early,0.06812059,0.22112079,0.06812059,0.22112079
20,227,early,0.06226372,0.21908289,0.06226372,0.21908289
20,231,early,0.00186150,0.26143730,0.00186150,0.26143730
20,234,early,-0.05722461,0.28286859,-0.05722461,0.28286859
20,237,early,-0.02550291,0.27657720,-0.02550291,0.27657720
20,240,early,0.01204046,0.24375497,0.01204046,0.24375497
20,243,early,-0.06707413,0.28278437,-0.06707413,0.28278437
20,247,early,-0.09298582,0.33795163,-0.09298582,0.33795163
20,250,late,-0.10068590,0.29871643,-0.10068590,0.29871643
20,253,late,-0.08458851,0.27810046,-0.08458851,0.27810046
20,256,late,-0.13191703,0.26055011,-0.13191703,0.26055011
20,259,late,-0.10871096,0.32080680,-0.10871096,0.32080680
20,263,late,-0.03564767,0.20156439,-0.03564767,0.20156439
20,266,late,-0.01021254,0.21891358,-0.01021254,0.21891358
20,269,late,-0.02441627,0.28045860,-0.02441627,0.28045860
20,272,late,0.05665695,0.24640998,0.05665695,0.24640998
20,275,late,0.10337754,0.30189061,0.10337754,0.30189061
20,279,late,0.08733021,0.32922301,0.08733021,0.32922301
20,282,late,0.12158164,0.28812984,0.12158164,0.28812984
20,285,late,0.14618440,0.28424367,0.14618440,0.28424367
20,288,late,0.13887189,0.24352935,0.13887189,0.24352935
20,291,late,0.08686739,0.22476894,0.08686739,0.22476894
20,295,late,0.03872547,0.22447169,0.03872547,0.22447169
20,298,late,-0.02677585,0.25828478,-0.02677585,0.25828478
20,301,late,0.03809856,0.19956985,0.03809856,0.19956985
20,304,late,0.01401255,0.16140497,0.01401255,0.16140497
20,307,late,0.06399509,0.24535196,0.06399509,0.24535196
20,311,late,0.02391455,0.27117553,0.02391455,0.27117553
20,314,late,0.07195264,0.32999367,0.07195264,0.32999367
20,317,late,0.02579749,0.40909451,0.02579749,0.40909451
20,320,late,-0.02570463,0.42360139,-0.02570463,0.42360139
20,323,late,-0.04780891,0.37682682,-0.04780891,0.37682682
20,327,late,-0.18147607,0.29634431,-0.18147607,0.29634431
20,330,late,-0.15764299,0.30339822,-0.15764299,0.30339822
20,333,late,-0.16199704,0.37188929,-0.16199704,0.37188929
20,336,late,-0.19497573,0.38298866,-0.19497573,0.38298866
20,339,late,-0.16608684,0.31351677,-0.16608684,0.31351677
20,343,late,-0.15657036,0.40303215,-0.15657036,0.40303215
20,346,late,-0.05725724,0.43188605,-0.05725724,0.43188605
20,349,late,-0.02355017,0.36798182,-0.02355017,0.36798182
20,352,late,0.01989911,0.32109591,0.01989911,0.32109591
20,355,late,0.03231460,0.31575379,0.03231460,0.31575379
20,359,late,0.05281096,0.26581737,0.05281096,0.26581737
20,362,late,-0.01344970,0.31587052,-0.01344970,0.31587052
20,365,late,0.00510030,0.31040978,0.00510030,0.31040978
20,368,late,-0.07279619,0.34745106,-0.07279619,0.34745106
20,371,late,-0.08250642,0.27963185,-0.08250642,0.27963185
20,375,late,-0.09368005,0.25749755,-0.09368005,0.25749755
20,378,late,-0.22227462,0.15502650,-0.22227462,0.15502650
20,381,late,-0.21588750,0.08785063,-0.21588750,0.08785063
20,384,late,-0.24965084,0.18932720,-0.24965084,0.18932720
20,387,late,-0.33239749,0.24607578,-0.33239749,0.24607578
20,391,late,-0.27695158,0.20869438,-0.27695158,0.20869438
20,394,late,-0.23019212,0.20337901,-0.23019212,0.20337901
20,397,late,-0.21652158,0.11101962,-0.21652158,0.11101962
20,400,late,-0.18888259,0.11293424,-0.18888259,0.11293424
20,403,late,-0.19143321,0.12297787,-0.19143321,0.12297787
20,407,late,-0.19470827,0.15074983,-0.19470827,0.15074983
20,410,late,-0.29162025,0.12012944,-0.29162025,0.12012944
20,413,late,-0.32613590,0.19733837,-0.32613590,0.19733837
20,416,late,-0.34934288,0.17971265,-0.34934288,0.17971265
20,419,late,-0.35974920,0.24396411,-0.35974920,0.24396411
20,423,late,-0.38917935,0.21236463,-0.38917935,0.21236463
20,426,late,-0.50977111,0.28147852,-0.50977111,0.28147852
20,429,late,-0.46726516,0.32028252,-0.46726516,0.32028252
20,432,late,-0.47877401,0.36453354,-0.47877401,0.36453354
20,435,late,-0.40778962,0.37876415,-0.40778962,0.37876415
20,439,late,-0.38696611,0.45938668,-0.38696611,0.45938668
20,442,late,-0.38561299,0.50009847,-0.38561299,0.50009847
20,445,late,-0.36721900,0.55157506,-0.36721900,0.55157506
20,448,late,-0.31124353,0.51162398,-0.31124353,0.51162398
20,451,late,-0.25437993,0.45235124,-0.25437993,0.45235124
20,455,late,-0.29865825,0.40640670,-0.29865825,0.40640670
20,458,late,-0.32457820,0.33714250,-0.32457820,0.33714250
20,461,late,-0.32787776,0.21493325,-0.32787776,0.21493325
20,464,late,-0.36631674,0.08291771,-0.36631674,0.08291771
20,467,late,-0.33382422,0.07147796,-0.33382422,0.07147796
20,471,late,-0.28866735,0.08856127,-0.28866735,0.08856127
20,474,late,-0.39646944,0.10263520,-0.39646944,0.10263520
20,477,late,-0.35174122,0.08051079,-0.35174122,0.08051079
20,480,late,-0.38613662,0.06928339,-0.38613662,0.06928339
20,483,late,-0.36890998,0.02290365,-0.36890998,0.02290365
20,487,late,-0.38119286,0.17641240,-0.38119286,0.17641240
20,490,late,-0.42257911,0.34665248,-0.42257911,0.34665248
20,493,late,-0.36936972,0.36987323,-0.36936972,0.36987323
20,496,late,-0.40285322,0.43968606,-0.40285322,0.43968606
20,499,late,-0.49893618,0.50872016,-0.49893618,0.50872016
21,3,early,1.38828433,2.10992169,1.38828433,2.10992169
21,6,early,1.37058675,2.15169311,1.37058675,2.15169311
21,9,early,1.34796548,2.11859822,1.34796548,2.11859822
21,12,early,1.26686966,2.11592507,1.26686966,2.11592507
21,15,early,1.24291277,2.09092116,1.24291277,2.09092116
21,19,early,1.30660617,2.07402802,1.30660617,2.07402802
21,22,early,1.28036153,2.09462285,1.28036153,2.09462285
21,25,early,1.31278980,2.14554524,1.31278980,2.14554524
21,28,early,1.34260523,2.14670563,1.34260523,2.14670563
21,31,early,1.33854401,2.22617006,1.33854401,2.22617006
21,35,early,1.39114308,2.22871733,1.39114308,2.22871733
21,38,early,1.44261074,2.27844930,1.44261074,2.27844930
21,41,early,1.46911180,2.32317162,1.46911180,2.32317162
21,44,early,1.44431186,2.24199963,1.44431186,2.24199963
21,47,early,1.34303319,2.24944782,1.34303319,2.24944782
21,51,early,1.39647675,2.15265298,1.39647675,2.15265298
21,54,early,1.40257978,2.04799032,1.40257978,2.04799032
21,57,early,1.39336026,2.06284356,1.39336026,2.06284356
21,60,early,1.40092194,1.98486817,1.40092194,1.98486817
21,63,early,1.36293578,1.97008216,1.36293578,1.97008216
21,67,early,1.39385879,2.02359462,1.39385879,2.02359462
21,70,early,1.47547901,2.04807234,1.47547901,2.04807234
21,73,early,1.48412776,2.05967355,1.48412776,2.05967355
21,76,early,1.49942338,2.10437036,1.49942338,2.10437036
21,79,early,1.49485159,2.06207299,1.49485159,2.06207299
21,83,early,1.49025881,2.02777267,1.49025881,2.02777267
21,86,early,1.49973679,2.12397289,1.49973679,2.12397289
21,89,early,1.47006726,2.15481424,1.47006726,2.15481424
21,92,early,1.50128746,2.25578332,1.50128746,2.25578332
21,95,early,1.53641725,2.24715185,1.53641725,2.24715185
21,99,early,1.63661671,2.36831427,1.63661671,2.36831427
21,102,early,1.64820671,2.38865328,1.64820671,2.38865328
21,105,early,1.56834400,2.37605762,1.56834400,2.37605762
21,108,early,1.61240399,2.36242604,1.61240399,2.36242604
21,111,early,1.54797387,2.34894109,1.54797387,2.34894109
21,115,early,1.51544333,2.31709838,1.51544333,2.31709838
21,118,early,1.53523433,2.33601427,1.53523433,2.33601427
21,121,early,1.54468882,2.25505948,1.54468882,2.25505948
21,124,early,1.50035238,2.26310277,1.50035238,2.26310277
21,127,early,1.42298198,2.17098689,1.42298198,2.17098689
21,131,early,1.44339979,2.11903548,1.44339979,2.11903548
21,134,early,1.42562711,2.14937377,1.42562711,2.14937377
21,137,early,1.42498016,2.09357667,1.42498016,2.09357667
21,140,early,1.43083882,2.06170917,1.43083882,2.06170917
21,143,early,1.43801403,2.16560173,1.43801403,2.16560173
21,147,early,1.49132740,2.31295753,1.49132740,2.31295753
21,150,early,1.49008012,2.33878326,1.49008012,2.33878326
21,153,early,1.60480750,2.36619306,1.60480750,2.36619306
21,156,early,1.70565081,2.36174679,1.70565081,2.36174679
21,159,early,1.78216660,2.38027835,1.78216660,2.38027835
21,163,early,1.80772674,2.53197312,1.80772674,2.53197312
21,166,early,1.82412672,2.60825038,1.82412672,2.60825038
21,169,early,1.77016580,2.60894704,1.77016580,2.60894704
21,172,early,1.78723669,2.61681795,1.78723669,2.61681795
21,175,early,1.81354141,2.56074762,1.81354141,2.56074762
21,179,early,1.78882515,2.51669598,1.78882515,2.51669598
21,182,early,1.86284125,2.54359508,1.86284125,2.54359508
21,185,early,1.83785915,2.41352415,1.83785915,2.41352415
21,188,early,1.79191160,2.36291718,1.79191160,2.36291718
21,191,early,1.85365474,2.36651993,1.85365474,2.36651993
21,195,early,1.78036499,2.41003966,1.78036499,2.41003966
21,198,early,1.83136964,2.37957788,1.83136964,2.37957788
21,201,early,1.88565636,2.35650373,1.88565636,2.35650373
21,204,early,1.81139350,2.32379413,1.81139350,2.32379413
21,207,early,1.81398547,2.41583943,1.81398547,2.41583943
21,211,early,1.83012033,2.35498118,1.83012033,2.35498118
21,214,early,1.91283214,2.32168174,1.91283214,2.32168174
21,217,early,1.89158463,2.28187656,1.89158463,2.28187656
21,220,early,1.88497210,2.29290938,1.88497210,2.29290938
21,223,early,1.92997766,2.28356481,1.92997766,2.28356481
21,227,early,1.87352347,2.23248172,1.87352347,2.23248172
21,230,early,1.81382692,2.24707103,1.81382692,2.24707103
21,233,early,1.84856248,2.17969966,1.84856248,2.17969966
21,236,early,1.89417994,2.04555368,1.89417994,2.04555368
21,239,early,1.82097495,2.06379485,1.82097495,2.06379485
21,243,early,1.93241823,2.06222510,1.93241823,2.06222510
21,246,early,1.86663592,1.96678460,1.86663592,1.96678460
21,249,early,1.83532631,2.05304837,1.83532631,2.05304837
21,252,late,1.78705931,2.14180183,1.78705931,2.14180183
21,255,late,1.76356161,2.28150511,1.76356161,2.28150511
21,259,late,1.80359483,2.31632042,1.80359483,2.31632042
21,262,late,1.76453388,2.32623196,1.76453388,2.32623196
21,265,late,1.71689069,2.35578918,1.71689069,2.35578918
21,268,late,1.71127808,2.37452078,1.71127808,2.37452078
21,271,late,1.71992159,2.36127329,1.71992159,2.36127329
21,275,late,1.72217703,2.29373097,1.72217703,2.29373097
21,278,late,1.69135821,2.27914596,1.69135821,2.27914596
21,281,late,1.72642398,2.30016017,1.72642398,2.30016017
21,284,late,1.72701180,2.25770760,1.72701180,2.25770760
21,287,late,1.63222468,2.24991488,1.63222468,2.24991488
21,291,late,1.63441646,2.33298039,1.63441646,2.33298039
21,294,late,1.63761294,2.34020329,1.63761294,2.34020329
21,297,late,1.56734109,2.29214764,1.56734109,2.29214764
21,300,late,1.46987474,2.24494696,1.46987474,2.24494696
21,303,late,1.51327085,2.22658229,1.51327085,2.22658229
21,307,late,1.58269477,2.19728494,1.58269477,2.19728494
21,310,late,1.60384703,2.16030884,1.60384703,2.16030884
21,313,late,1.65789080,2.15364385,1.65789080,2.15364385
21,316,late,1.68666112,2.16702008,1.68666112,2.16702008
21,319,late,1.63320994,2.14065075,1.63320994,2.14065075
21,323,late,1.59565687,2.08927989,1.59565687,2.08927989
21,326,late,1.65638924,2.04037189,1.65638924,2.04037189
21,329,late,1.59727240,2.10776806,1.59727240,2.10776806
21,332,late,1.57338417,2.10416627,1.57338417,2.10416627
21,335,late,1.64527011,2.04081321,1.64527011,2.04081321
21,339,late,1.58883429,2.05146360,1.58883429,2.05146360
21,342,late,1.65379119,1.98098767,1.65379119,1.98098767
21,345,late,1.64804959,2.00382590,1.64804959,2.00382590
21,348,late,1.69558334,2.07408810,1.69558334,2.07408810
21,351,late,1.62391901,2.17698216,1.62391901,2.17698216
21,355,late,1.69364500,2.18493915,1.69364500,2.18493915
21,358,late,1.68028140,2.21548295,1.68028140,2.21548295
21,361,late,1.68221283,2.19777870,1.68221283,2.19777870
21,364,late,1.69668603,2.18047738,1.69668603,2.18047738
21,367,late,1.61667299,2.16891170,1.61667299,2.16891170
21,371,late,1.71945751,2.23677802,1.71945751,2.23677802
21,374,late,1.83293414,2.18802166,1.83293414,2.18802166
21,377,late,1.81917167,2.28469205,1.81917167,2.28469205
21,380,late,1.70794189,2.22896314,1.70794189,2.22896314
21,383,late,1.77187622,2.17314649,1.77187622,2.17314649
21,387,late,1.70705569,2.27506375,1.70705569,2.27506375
21,390,late,1.76829541,2.25268650,1.76829541,2.25268650
21,393,late,1.72629368,2.21981692,1.72629368,2.21981692
21,396,late,1.75622380,2.19957280,1.75622380,2.19957280
21,399,late,1.79171693,2.10275435,1.79171693,2.10275435
21,403,late,1.69553316,2.11027956,1.69553316,2.11027956
21,406,late,1.72019589,2.13442755,1.72019589,2.13442755
21,409,late,1.59855258,2.15068698,1.59855258,2.15068698
21,412,late,1.64753878,2.16209769,1.64753878,2.16209769
21,415,late,1.65784359,2.11618710,1.65784359,2.11618710
21,419,late,1.60810328,2.13714051,1.60810328,2.13714051
21,422,late,1.57383060,2.12727618,1.57383060,2.12727618
21,425,late,1.58994436,2.12168717,1.58994436,2.12168717
21,428,late,1.66986251,2.15876555,1.66986251,2.15876555
21,431,late,1.68707657,2.18487215,1.68707657,2.18487215
21,435,late,1.76254714,2.16254091,1.76254714,2.16254091
21,438,late,1.70868909,2.12382793,1.70868909,2.12382793
21,441,late,1.72378755,2.10261345,1.72378755,2.10261345
21,444,late,1.72633886,1.96739066,1.72633886,1.96739066
21,447,late,1.69060600,1.99703062,1.69060600,1.99703062
21,451,late,1.66664362,1.97246134,1.66664362,1.97246134
21,454,late,1.72953439,2.02655625,1.72953439,2.02655625
21,457,late,1.69784248,2.04346371,1.69784248,2.04346371
21,460,late,1.61177337,2.14637494,1.61177337,2.14637494
21,463,late,1.64184535,2.19877815,1.64184535,2.19877815
21,467,late,1.64717925,2.26381850,1.64717925,2.26381850
21,470,late,1.51662958,2.25567412,1.51662958,2.25567412
21,473,late,1.41632152,2.20044255,1.41632152,2.20044255
21,476,late,1.47727585,2.27861619,1.47727585,2.27861619
21,479,late,1.51085329,2.19118142,1.51085329,2.19118142
21,483,late,1.49580956,2.21648860,1.49580956,2.21648860
21,486,late,1.45592737,2.21477962,1.45592737,2.21477962
21,489,late,1.48485696,2.17987156,1.48485696,2.17987156
21,492,late,1.49082315,2.07188654,1.49082315,2.07188654
21,495,late,1.46941543,2.07558465,1.46941543,2.07558465
21,499,late,1.45219111,2.08990908,1.45219111,2.08990908
22,2,early,-0.96111667,1.38804889,-0.96111667,1.38804889
22,5,early,-0.96111667,1.38804889,-0.96111667,1.38804889
22,8,early,-0.96111667,1.38804889,-0.96111667,1.38804889
22,11,early,-0.96111667,1.38804889,-0.96111667,1.38804889
22,15,early,-0.96111667,1.38804889,-0.96111667,1.38804889
22,18,early,-0.96111667,1.38804889,-0.96111667,1.38804889
22,21,early,-0.96111667,1.38804889,-0.96111667,1.38804889
22,24,early,-0.96111667,1.38804889,-0.96111667,1.38804889
22,27,early,-0.96111667,1.38804889,-0.96111667,1.38804889
22,31,early,-0.96111667,1.38804889,-0.96111667,1.38804889
22,34,early,-0.96111667,1.38804889,-0.96111667,1.38804889
22,37,early,-0.96111667,1.38804889,-0.96111667,1.38804889
22,40,early,-0.96111667,1.38804889,-0.96111667,1.38804889
22,43,early,-0.96111667,1.38804889,-0.96111667,1.38804889
22,47,early,-0.96111667,1.38804889,-0.96111667,1.38804889
22,50,early,-0.96111667,1.38804889,-0.96111667,1.38804889
22,53,early,-0.96111667,1.38804889,-0.96111667,1.38804889
22,56,early,-0.96111667,1.38804889,-0.96111667,1.38804889
22,59,early,-0.96111667,1.38804889,-0.96111667,1.38804889
22,63,early,-0.96111667,1.38804889,-0.96111667,1.38804889
22,66,early,-0.96111667,1.38804889,-0.96111667,1.38804889
22,69,early,-0.96111667,1.38804889,-0.96111667,1.38804889
22,72,early,-0.96111667,1.38804889,-0.96111667,1.38804889
22,75,early,-0.96111667,1.38804889,-0.96111667,1.38804889
22,79,early,-0.96111667,1.38804889,-0.96111667,1.38804889
22,82,early,-0.96111667,1.38804889,-0.96111667,1.38804889
22,85,early,-0.96111667,1.38804889,-0.96111667,1.38804889
22,88,early,-0.96111667,1.38804889,-0.96111667,1.38804889
22,91,early,-0.96111667,1.38804889,-0.96111667,1.38804889
22,95,early,-0.96111667,1.38804889,-0.96111667,1.38804889
22,98,early,-0.96111667,1.38804889,-0.96111667,1.38804889
22,101,early,-0.96111667,1.38804889,-0.96111667,1.38804889
22,104,early,-0.96111667,1.38804889,-0.96111667,1.38804889
22,107,early,-0.96111667,1.38804889,-0.96111667,1.38804889
22,111,early,-0.96111667,1.38804889,-0.96111667,1.38804889
22,114,early,-0.96111667,1.38804889,-0.96111667,1.38804889
22,117,early,-0.96111667,1.38804889,-0.96111667,1.38804889
22,120,early,-0.96111667,1.38804889,-0.96111667,1.38804889
22,123,early,-0.96111667,1.38804889,-0.96111667,1.38804889
22,127,early,-0.96111667,1.38804889,-0.96111667,1.38804889
22,130,early,-0.96111667,1.38804889,-0.96111667,1.38804889
22,133,early,-0.96111667,1.38804889,-0.96111667,1.38804889
22,136,early,-0.96111667,1.38804889,-0.96111667,1.38804889
22,139,early,-0.96111667,1.38804889,-0.96111667,1.38804889
22,143,early,-0.96111667,1.38804889,-0.96111667,1.38804889
22,146,early,-0.96111667,1.38804889,-0.96111667,1.38804889
22,149,early,-0.96111667,1.38804889,-0.96111667,1.38804889
22,152,early,-0.96111667,1.38804889,-0.96111667,1.38804889
22,155,early,-0.96111667,1.38804889,-0.96111667,1.38804889
22,159,early,-0.96111667,1.38804889,-0.96111667,1.38804889
22,162,early,-0.96111667,1.38804889,-0.96111667,1.38804889
22,165,early,-0.96111667,1.38804889,-0.96111667,1.38804889
22,168,early,-0.96111667,1.38804889,-0.96111667,1.38804889
22,171,early,-0.96111667,1.38804889,-0.96111667,1.38804889
22,175,early,-0.96111667,1.38804889,-0.96111667,1.38804889
22,178,early,-0.96111667,1.38804889,-0.96111667,1.38804889
22,181,early,-0.96111667,1.38804889,-0.96111667,1.38804889
22,184,early,-0.96111667,1.38804889,-0.96111667,1.38804889
22,187,early,-0.96111667,1.38804889,-0.96111667,1.38804889
22,191,early,-0.96111667,1.38804889,-0.96111667,1.38804889
22,194,early,-0.96111667,1.38804889,-0.96111667,1.38804889
22,197,early,-0.96111667,1.38804889,-0.96111667,1.38804889
22,200,early,-0.96111667,1.38804889,-0.96111667,1.38804889
22,203,early,-0.96111667,1.38804889,-0.96111667,1.38804889
22,207,early,-0.96111667,1.38804889,-0.96111667,1.38804889
22,210,early,-0.96111667,1.38804889,-0.96111667,1.38804889
22,213,early,-0.96111667,1.38804889,-0.96111667,1.38804889
22,216,early,-0.96111667,1.38804889,-0.96111667,1.38804889
22,219,early,-0.96111667,1.38804889,-0.96111667,1.38804889
22,223,early,-0.96111667,1.38804889,-0.96111667,1.38804889
22,226,early,-0.96111667,1.38804889,-0.96111667,1.38804889
22,229,early,-0.96111667,1.38804889,-0.96111667,1.38804889
22,232,early,-0.96111667,1.38804889,-0.96111667,1.38804889
22,235,early,-0.96111667,1.38804889,-0.96111667,1.38804889
22,239,early,-0.96111667,1.38804889,-0.96111667,1.38804889
22,242,early,-0.96111667,1.38804889,-0.96111667,1.38804889
22,245,early,-0.96111667,1.38804889,-0.96111667,1.38804889
22,248,early,-0.96111667,1.38804889,-0.96111667,1.38804889
22,251,late,-0.96111667,1.38804889,-0.96111667,1.38804889
22,255,late,-0.96111667,1.38804889,-0.96111667,1.38804889
22,258,late,-0.96111667,1.38804889,-0.96111667,1.38804889
22,261,late,-0.96111667,1.38804889,-0.96111667,1.38804889
22,264,late,-0.96111667,1.38804889,-0.96111667,1.38804889
22,267,late,-0.96111667,1.38804889,-0.96111667,1.38804889
22,271,late,-0.96111667,1.38804889,-0.96111667,1.38804889
22,274,late,-0.96111667,1.38804889,-0.96111667,1.38804889
22,277,late,-0.96111667,1.38804889,-0.96111667,1.38804889
22,280,late,-0.96111667,1.38804889,-0.96111667,1.38804889
22,283,late,-0.96111667,1.38804889,-0.96111667,1.38804889
22,287,late,-0.96111667,1.38804889,-0.96111667,1.38804889
22,290,late,-0.96111667,1.38804889,-0.96111667,1.38804889
22,293,late,-0.96111667,1.38804889,-0.96111667,1.38804889
22,296,late,-0.96111667,1.38804889,-0.96111667,1.38804889
22,299,late,-0.96111667,1.38804889,-0.96111667,1.38804889
22,303,late,-0.96111667,1.38804889,-0.96111667,1.38804889
22,306,late,-0.96111667,1.38804889,-0.96111667,1.38804889
22,309,late,-0.96111667,1.38804889,-0.96111667,1.38804889
22,312,late,-0.96111667,1.38804889,-0.96111667,1.38804889
22,315,late,-0.96111667,1.38804889,-0.96111667,1.38804889
22,319,late,-0.96111667,1.38804889,-0.96111667,1.38804889
22,322,late,-0.96111667,1.38804889,-0.96111667,1.38804889
22,325,late,-0.96111667,1.38804889,-0.96111667,1.38804889
22,328,late,-0.96111667,1.38804889,-0.96111667,1.38804889
22,331,late,-0.96111667,1.38804889,-0.96111667,1.38804889
22,335,late,-0.96111667,1.38804889,-0.96111667,1.38804889
22,338,late,-0.96111667,1.38804889,-0.96111667,1.38804889
22,341,late,-0.96111667,1.38804889,-0.96111667,1.38804889
22,344,late,-0.96111667,1.38804889,-0.96111667,1.38804889
22,347,late,-0.96111667,1.38804889,-0.96111667,1.38804889
22,351,late,-0.96111667,1.38804889,-0.96111667,1.38804889
22,354,late,-0.96111667,1.38804889,-0.96111667,1.38804889
22,357,late,-0.96111667,1.38804889,-0.96111667,1.38804889
22,360,late,-0.96111667,1.38804889,-0.96111667,1.38804889
22,363,late,-0.96111667,1.38804889,-0.96111667,1.38804889
22,367,late,-0.96111667,1.38804889,-0.96111667,1.38804889
22,370,late,-0.96111667,1.38804889,-0.96111667,1.38804889
22,373,late,-0.96111667,1.38804889,-0.96111667,1.38804889
22,376,late,-0.96111667,1.38804889,-0.96111667,1.38804889
22,379,late,-0.96111667,1.38804889,-0.96111667,1.38804889
22,383,late,-0.96111667,1.38804889,-0.96111667,1.38804889
22,386,late,-0.96111667,1.38804889,-0.96111667,1.38804889
22,389,late,-0.96111667,1.38804889,-0.96111667,1.38804889
22,392,late,-0.96111667,1.38804889,-0.96111667,1.38804889
22,395,late,-0.96111667,1.38804889,-0.96111667,1.38804889
22,399,late,-0.96111667,1.38804889,-0.96111667,1.38804889
22,402,late,-0.96111667,1.38804889,-0.96111667,1.38804889
22,405,late,-0.96111667,1.38804889,-0.96111667,1.38804889
22,408,late,-0.96111667,1.38804889,-0.96111667,1.38804889
22,411,late,-0.96111667,1.38804889,-0.96111667,1.38804889
22,415,late,-0.96111667,1.38804889,-0.96111667,1.38804889
22,418,late,-0.96111667,1.38804889,-0.96111667,1.38804889
22,421,late,-0.96111667,1.38804889,-0.96111667,1.38804889
22,424,late,-0.96111667,1.38804889,-0.96111667,1.38804889
22,427,late,-0.96111667,1.38804889,-0.96111667,1.38804889
22,431,late,-0.96111667,1.38804889,-0.96111667,1.38804889
22,434,late,-0.96111667,1.38804889,-0.96111667,1.38804889
22,437,late,-0.96111667,1.38804889,-0.96111667,1.38804889
22,440,late,-0.96111667,1.38804889,-0.96111667,1.38804889
22,443,late,-0.96111667,1.38804889,-0.96111667,1.38804889
22,447,late,-0.96111667,1.38804889,-0.96111667,1.38804889
22,450,late,-0.96111667,1.38804889,-0.96111667,1.38804889
22,453,late,-0.96111667,1.38804889,-0.96111667,1.38804889
22,456,late,-0.96111667,1.38804889,-0.96111667,1.38804889
22,459,late,-0.96111667,1.38804889,-0.96111667,1.38804889
22,463,late,-0.96111667,1.38804889,-0.96111667,1.38804889
22,466,late,-0.96111667,1.38804889,-0.96111667,1.38804889
22,469,late,-0.96111667,1.38804889,-0.96111667,1.38804889
22,472,late,-0.96111667,1.38804889,-0.96111667,1.38804889
22,475,late,-0.96111667,1.38804889,-0.96111667,1.38804889
22,479,late,-0.96111667,1.38804889,-0.96111667,1.38804889
22,482,late,-0.96111667,1.38804889,-0.96111667,1.38804889
22,485,late,-0.96111667,1.38804889,-0.96111667,1.38804889
22,488,late,-0.96111667,1.38804889,-0.96111667,1.38804889
22,491,late,-0.96111667,1.38804889,-0.96111667,1.38804889
22,495,late,-0.96111667,1.38804889,-0.96111667,1.38804889
22,498,late,-0.96111667,1.38804889,-0.96111667,1.38804889
23,1,early,0.56776857,1.07206416,0.56776857,1.07206416
23,4,early,0.58417153,1.06295860,0.58417153,1.06295860
23,7,early,0.51101202,1.03487134,0.51101202,1.03487134
23,11,early,0.53235441,1.05194235,0.53235441,1.05194235
23,14,early,0.52268565,0.98212647,0.52268565,0.98212647
23,17,early,0.56154400,1.00535643,0.56154400,1.00535643
23,20,early,0.53065348,0.92748564,0.53065348,0.92748564
23,23,early,0.49383143,0.92211032,0.49383143,0.92211032
23,27,early,0.45088467,0.96360147,0.45088467,0.96360147
23,30,early,0.47415462,0.90779775,0.47415462,0.90779775
23,33,early,0.56267262,1.00472593,0.56267262,1.00472593
23,36,early,0.52278048,1.02191460,0.52278048,1.02191460
23,39,early,0.55078769,1.03871489,0.55078769,1.03871489
23,43,early,0.57437229,0.94229048,0.57437229,0.94229048
23,46,early,0.62388915,0.95444256,0.62388915,0.95444256
23,49,early,0.61376333,0.99815238,0.61376333,0.99815238
23,52,early,0.56642127,1.05117822,0.56642127,1.05117822
23,55,early,0.61556017,1.06444252,0.61556017,1.06444252
23,59,early,0.53246206,0.93168521,0.53246206,0.93168521
23,62,early,0.48329127,0.86051983,0.48329127,0.86051983
23,65,early,0.51118350,0.97685695,0.51118350,0.97685695
23,68,early,0.54982638,0.94507819,0.54982638,0.94507819
23,71,early,0.55523127,0.98090422,0.55523127,0.98090422
23,75,early,0.54601389,1.00135171,0.54601389,1.00135171
23,78,early,0.55812782,0.96129858,0.55812782,0.96129858
23,81,early,0.55786902,0.88635629,0.55786902,0.88635629
23,84,early,0.49780765,0.86855412,0.49780765,0.86855412
23,87,early,0.48246044,0.81855547,0.48246044,0.81855547
23,91,early,0.58073169,0.93335658,0.58073169,0.93335658
23,94,early,0.56709826,0.96504772,0.56709826,0.96504772
23,97,early,0.55831295,0.90078205,0.55831295,0.90078205
23,100,early,0.57870370,0.89100665,0.57870370,0.89100665
23,103,early,0.54281700,0.95803082,0.54281700,0.95803082
23,107,early,0.52712619,0.95680094,0.52712619,0.95680094
23,110,early,0.49839255,0.92548823,0.49839255,0.92548823
23,113,early,0.44855219,0.85938907,0.44855219,0.85938907
23,116,early,0.47041711,0.90914017,0.47041711,0.90914017
23,119,early,0.54969263,0.97982568,0.54969263,0.97982568
23,123,early,0.57369661,0.99548167,0.57369661,0.99548167
23,126,early,0.58952123,1.05156541,0.58952123,1.05156541
23,129,early,0.58149940,1.04397762,0.58149940,1.04397762
23,132,early,0.61078310,1.04773033,0.61078310,1.04773033
23,136,early,0.62149543,0.96720362,0.62149543,0.96720362
23,139,early,0.61570668,0.97808713,0.61570668,0.97808713
23,142,early,0.56015903,0.99138111,0.56015903,0.99138111
23,145,early,0.63983750,1.01919830,0.63983750,1.01919830
23,148,early,0.62509698,1.05702841,0.62509698,1.05702841
23,152,early,0.57776803,1.09522200,0.57776803,1.09522200
23,155,early,0.64804369,1.12577271,0.64804369,1.12577271
23,158,early,0.70738959,1.18828225,0.70738959,1.18828225
23,161,early,0.67650855,1.17316246,0.67650855,1.17316246
23,164,early,0.71219534,1.14524484,0.71219534,1.14524484
23,168,early,0.70472062,1.14611828,0.70472062,1.14611828
23,171,early,0.70424587,1.12850308,0.70424587,1.12850308
23,174,early,0.63951045,1.04881811,0.63951045,1.04881811
23,177,early,0.61198831,1.07887006,0.61198831,1.07887006
23,180,early,0.54754412,1.02251625,0.54754412,1.02251625
23,184,early,0.57730335,0.94329000,0.57730335,0.94329000
23,187,early,0.50349534,0.89407748,0.50349534,0.89407748
23,190,early,0.50178224,0.89769250,0.50178224,0.89769250
23,193,early,0.47605196,0.85590535,0.47605196,0.85590535
23,196,early,0.47786307,0.76010668,0.47786307,0.76010668
23,200,early,0.42914125,0.74288315,0.42914125,0.74288315
23,203,early,0.50543809,0.72332484,0.50543809,0.72332484
23,206,early,0.41493186,0.76006281,0.41493186,0.76006281
23,209,early,0.44370481,0.80176431,0.44370481,0.80176431
23,212,early,0.39780325,0.85782194,0.39780325,0.85782194
23,216,early,0.42400023,0.78190035,0.42400023,0.78190035
23,219,early,0.45630077,0.84936124,0.45630077,0.84936124
23,222,early,0.48640200,0.83334327,0.48640200,0.83334327
23,225,early,0.49332419,0.73170722,0.49332419,0.73170722
23,228,early,0.47910935,0.73128015,0.47910935,0.73128015
23,232,early,0.34746698,0.72786176,0.34746698,0.72786176
23,235,early,0.39015490,0.72774249,0.39015490,0.72774249
23,238,early,0.37012053,0.72196823,0.37012053,0.72196823
23,241,early,0.46789438,0.64161885,0.46789438,0.64161885
23,244,early,0.41536933,0.58177710,0.41536933,0.58177710
23,248,early,0.43959704,0.61604792,0.43959704,0.61604792
23,251,late,0.38257390,0.58460671,0.38257390,0.58460671
23,254,late,0.36626107,0.50209486,0.36626107,0.50209486
23,257,late,0.35056055,0.49645901,0.35056055,0.49645901
23,260,late,0.35551700,0.56715739,0.35551700,0.56715739
23,264,late,0.34156314,0.61285609,0.34156314,0.61285609
23,267,late,0.40469280,0.66718143,0.40469280,0.66718143
23,270,late,0.43146035,0.68128890,0.43146035,0.68128890
23,273,late,0.43294078,0.71728742,0.43294078,0.71728742
23,276,late,0.45181870,0.75283855,0.45181870,0.75283855
23,280,late,0.42268518,0.73294920,0.42268518,0.73294920
23,283,late,0.47162250,0.73657709,0.47162250,0.73657709
23,286,late,0.43192253,0.75184262,0.43192253,0.75184262
23,289,late,0.45286632,0.60134149,0.45286632,0.60134149
23,292,late,0.44804764,0.62387556,0.44804764,0.62387556
23,296,late,0.47310555,0.69344074,0.47310555,0.69344074
23,299,late,0.40309277,0.53581882,0.40309277,0.53581882
23,302,late,0.43534157,0.53129750,0.43534157,0.53129750
23,305,late,0.48921317,0.54180861,0.48921317,0.54180861
23,308,late,0.40757316,0.55581188,0.40757316,0.55581188
23,312,late,0.35901201,0.59675288,0.35901201,0.59675288
23,315,late,0.39578539,0.64890581,0.39578539,0.64890581
23,318,late,0.42178282,0.65165877,0.42178282,0.65165877
23,321,late,0.41845742,0.65965265,0.41845742,0.65965265
23,324,late,0.39303282,0.53511763,0.39303282,0.53511763
23,328,late,0.32006398,0.48084912,0.32006398,0.48084912
23,331,late,0.24140377,0.44865209,0.24140377,0.44865209
23,334,late,0.12792546,0.48927066,0.12792546,0.48927066
23,337,late,0.12282719,0.48185819,0.12282719,0.48185819
23,340,late,0.14392722,0.49402466,0.14392722,0.49402466
23,344,late,0.21303691,0.45858371,0.21303691,0.45858371
23,347,late,0.12053552,0.48472562,0.12053552,0.48472562
23,350,late,0.09804263,0.45835978,0.09804263,0.45835978
23,353,late,0.16591084,0.48614907,0.16591084,0.48614907
23,356,late,0.24538711,0.47567332,0.24538711,0.47567332
23,360,late,0.28987697,0.50441396,0.28987697,0.50441396
23,363,late,0.30380046,0.48238575,0.30380046,0.48238575
23,366,late,0.33852944,0.55204958,0.33852944,0.55204958
23,369,late,0.38022450,0.61345589,0.38022450,0.61345589
23,372,late,0.37251639,0.66099334,0.37251639,0.66099334
23,376,late,0.41111413,0.62451327,0.41111413,0.62451327
23,379,late,0.49654329,0.59884292,0.49654329,0.59884292
23,382,late,0.47785363,0.64874011,0.47785363,0.64874011
23,385,late,0.41300941,0.68505138,0.41300941,0.68505138
23,388,late,0.39722836,0.74913383,0.39722836,0.74913383
23,392,late,0.43002582,0.79901803,0.43002582,0.79901803
23,395,late,0.49437457,0.70101631,0.49437457,0.70101631
23,398,late,0.44032571,0.66725987,0.44032571,0.66725987
23,401,late,0.47028956,0.64032012,0.47028956,0.64032012
23,404,late,0.41187361,0.71604866,0.41187361,0.71604866
23,408,late,0.44567940,0.73388427,0.44567940,0.73388427
23,411,late,0.44546780,0.71161628,0.44546780,0.71161628
23,414,late,0.40731058,0.77898985,0.40731058,0.77898985
23,417,late,0.42858049,0.74590886,0.42858049,0.74590886
23,420,late,0.54301530,0.83713180,0.54301530,0.83713180
23,424,late,0.60476160,0.79168862,0.60476160,0.79168862
23,427,late,0.64592421,0.70638913,0.64592421,0.70638913
23,430,late,0.64790785,0.67725158,0.64790785,0.67725158
23,433,late,0.52621865,0.81778520,0.52621865,0.81778520
23,436,late,0.41472882,0.87441808,0.41472882,0.87441808
23,440,late,0.51111937,0.89640492,0.51111937,0.89640492
23,443,late,0.50525218,0.87804818,0.50525218,0.87804818
23,446,late,0.52258831,0.87558609,0.52258831,0.87558609
23,449,late,0.49945411,0.90862650,0.49945411,0.90862650
23,452,late,0.51192349,0.90855455,0.51192349,0.90855455
23,456,late,0.49143043,0.83772755,0.49143043,0.83772755
23,459,late,0.41830686,0.83420277,0.41830686,0.83420277
23,462,late,0.51009941,0.91574490,0.51009941,0.91574490
23,465,late,0.54412854,0.95303023,0.54412854,0.95303023
23,468,late,0.56482023,1.01985884,0.56482023,1.01985884
23,472,late,0.54339832,0.97704983,0.54339832,0.97704983
23,475,late,0.53809100,1.00100398,0.53809100,1.00100398
23,478,late,0.52218747,0.94733828,0.52218747,0.94733828
23,481,late,0.46878037,0.93598384,0.46878037,0.93598384
23,484,late,0.53994077,0.97954720,0.53994077,0.97954720
23,488,late,0.49619922,0.90922022,0.49619922,0.90922022
23,491,late,0.53076357,0.85299456,0.53076357,0.85299456
23,494,late,0.52269828,0.91828793,0.52269828,0.91828793
23,497,late,0.52758241,0.89847350,0.52758241,0.89847350
24,0,early,0.59498578,1.02812386,0.59498578,1.02812386
24,4,early,0.58777535,1.02764869,0.58777535,1.02764869
24,7,early,0.53298664,1.03860009,0.53298664,1.03860009
24,10,early,0.55964351,0.99661249,0.55964351,0.99661249
24,13,early,0.58044189,0.99811161,0.58044189,0.99811161
24,16,early,0.59143114,1.04228830,0.59143114,1.04228830
24,20,early,0.60392112,1.00507450,0.60392112,1.00507450
24,23,early,0.58764237,1.07297575,0.58764237,1.07297575
24,26,early,0.55568886,1.10139239,0.55568886,1.10139239
24,29,early,0.58517975,1.07590520,0.58517975,1.07590520
24,32,early,0.53322822,1.01642585,0.53322822,1.01642585
24,36,early,0.61844152,1.03823137,0.61844152,1.03823137
24,39,early,0.57497472,1.01639903,0.57497472,1.01639903
24,42,early,0.58262378,1.05356705,0.58262378,1.05356705
24,45,early,0.53570044,1.12370300,0.53570044,1.12370300
24,48,early,0.66575545,1.16912687,0.66575545,1.16912687
24,52,early,0.61295748,1.07176018,0.61295748,1.07176018
24,55,early,0.60907543,1.01624882,0.60907543,1.01624882
24,58,early,0.68772060,0.96987492,0.68772060,0.96987492
24,61,early,0.66977370,0.86072606,0.66977370,0.86072606
24,64,early,0.54762697,0.94846767,0.54762697,0.94846767
24,68,early,0.52679092,0.99645400,0.52679092,0.99645400
24,71,early,0.62747359,1.02772450,0.62747359,1.02772450
24,74,early,0.61097324,1.04804993,0.61097324,1.04804993
24,77,early,0.62139273,1.02174103,0.62139273,1.02174103
24,80,early,0.58049852,1.00692463,0.58049852,1.00692463
24,84,early,0.55508798,0.95956385,0.55508798,0.95956385
24,87,early,0.57834071,0.94446146,0.57834071,0.94446146
24,90,early,0.58366984,0.92755437,0.58366984,0.92755437
24,93,early,0.63524181,0.99496919,0.63524181,0.99496919
24,96,early,0.65030009,0.96774179,0.65030009,0.96774179
24,100,early,0.61333460,0.98703372,0.61333460,0.98703372
24,103,early,0.55972731,1.04930377,0.55972731,1.04930377
24,106,early,0.60896325,1.02670324,0.60896325,1.02670324
24,109,early,0.58674741,1.05081749,0.58674741,1.05081749
24,112,early,0.61086315,1.07873189,0.61086315,1.07873189
24,116,early,0.67677218,1.22211015,0.67677218,1.22211015
24,119,early,0.63557255,1.21962142,0.63557255,1.21962142
24,122,early,0.67126727,1.20708168,0.67126727,1.20708168
24,125,early,0.75299376,1.18790853,0.75299376,1.18790853
24,128,early,0.76409972,1.20446467,0.76409972,1.20446467
24,132,early,0.80014974,1.31363988,0.80014974,1.31363988
24,135,early,0.76587713,1.36957943,0.76587713,1.36957943
24,138,early,0.75849831,1.41106498,0.75849831,1.41106498
24,141,early,0.83018798,1.43708122,0.83018798,1.43708122
24,144,early,0.93941939,1.42600048,0.93941939,1.42600048
24,148,early,0.92035252,1.47724223,0.92035252,1.47724223
24,151,early,0.91908205,1.47123420,0.91908205,1.47123420
24,154,early,0.95203680,1.44516325,0.95203680,1.44516325
24,157,early,0.96980405,1.42829370,0.96980405,1.42829370
24,160,early,0.97209173,1.57727778,0.97209173,1.57727778
24,164,early,0.89721835,1.49849319,0.89721835,1.49849319
24,167,early,0.88708317,1.53200781,0.88708317,1.53200781
24,170,early,0.94016516,1.60642362,0.94016516,1.60642362
24,173,early,0.95011765,1.58322012,0.95011765,1.58322012
24,176,early,0.97140968,1.56234932,0.97140968,1.56234932
24,180,early,0.90138716,1.57727814,0.90138716,1.57727814
24,183,early,0.95072252,1.54967606,0.95072252,1.54967606
24,186,early,0.87248492,1.51878321,0.87248492,1.51878321
24,189,early,0.84852451,1.48380923,0.84852451,1.48380923
24,192,early,0.83608258,1.35872149,0.83608258,1.35872149
24,196,early,0.82365733,1.37171853,0.82365733,1.37171853
24,199,early,0.80359375,1.35829294,0.80359375,1.35829294
24,202,early,0.84466356,1.36118126,0.84466356,1.36118126
24,205,early,0.76012796,1.34135973,0.76012796,1.34135973
24,208,early,0.76794595,1.30856669,0.76794595,1.30856669
24,212,early,0.76916140,1.37115371,0.76916140,1.37115371
24,215,early,0.77742904,1.28012478,0.77742904,1.28012478
24,218,early,0.78485394,1.33038914,0.78485394,1.33038914
24,221,early,0.71654439,1.35895932,0.71654439,1.35895932
24,224,early,0.79961652,1.32928503,0.79961652,1.32928503
24,228,early,0.75760686,1.28607154,0.75760686,1.28607154
24,231,early,0.71942383,1.31643128,0.71942383,1.31643128
24,234,early,0.71827430,1.26418161,0.71827430,1.26418161
24,237,early,0.71643889,1.26086748,0.71643889,1.26086748
24,240,early,0.71711588,1.21751487,0.71711588,1.21751487
24,244,early,0.67796606,1.24187875,0.67796606,1.24187875
24,247,early,0.77278000,1.33388317,0.77278000,1.33388317
24,250,late,0.74655527,1.34433770,0.74655527,1.34433770
24,253,late,0.80026913,1.36766481,0.80026913,1.36766481
24,256,late,0.81241292,1.31020117,0.81241292,1.31020117
24,260,late,0.77740794,1.17133343,0.77740794,1.17133343
24,263,late,0.75941825,1.23984599,0.75941825,1.23984599
24,266,late,0.74005467,1.18307996,0.74005467,1.18307996
24,269,late,0.63790649,1.17880905,0.63790649,1.17880905
24,272,late,0.63706481,1.06342781,0.63706481,1.06342781
24,276,late,0.57005566,1.00886691,0.57005566,1.00886691
24,279,late,0.49253193,0.92422795,0.49253193,0.92422795
24,282,late,0.47795326,0.85972184,0.47795326,0.85972184
24,285,late,0.52373534,0.86108798,0.52373534,0.86108798
24,288,late,0.49953350,0.81023216,0.49953350,0.81023216
24,292,late,0.45670325,0.72531140,0.45670325,0.72531140
24,295,late,0.38602450,0.68398857,0.38602450,0.68398857
24,298,late,0.32918608,0.65466505,0.32918608,0.65466505
24,301,late,0.35822493,0.73612481,0.35822493,0.73612481
24,304,late,0.40067533,0.78390652,0.40067533,0.78390652
24,308,late,0.49733371,0.73003471,0.49733371,0.73003471
24,311,late,0.51013356,0.73386788,0.51013356,0.73386788
24,314,late,0.48932970,0.72825700,0.48932970,0.72825700
24,317,late,0.47821727,0.86445534,0.47821727,0.86445534
24,320,late,0.43774471,0.83796269,0.43774471,0.83796269
24,324,late,0.49902558,0.84816521,0.49902558,0.84816521
24,327,late,0.51080984,0.73363829,0.51080984,0.73363829
24,330,late,0.53669554,0.79055452,0.53669554,0.79055452
24,333,late,0.50082773,0.84186774,0.50082773,0.84186774
24,336,late,0.52789849,0.83758926,0.52789849,0.83758926
24,340,late,0.40359661,0.75789028,0.40359661,0.75789028
24,343,late,0.42822424,0.78480184,0.42822424,0.78480184
24,346,late,0.44203091,0.77024692,0.44203091,0.77024692
24,349,late,0.42784196,0.79398340,0.42784196,0.79398340
24,352,late,0.52513099,0.91677618,0.52513099,0.91677618
24,356,late,0.50777531,0.83361340,0.50777531,0.83361340
24,359,late,0.48524210,0.82691252,0.48524210,0.82691252
24,362,late,0.39447284,0.79514378,0.39447284,0.79514378
24,365,late,0.43231785,0.70098281,0.43231785,0.70098281
24,368,late,0.45186922,0.75080198,0.45186922,0.75080198
24,372,late,0.61265111,0.79684925,0.61265111,0.79684925
24,375,late,0.56686455,0.73839992,0.56686455,0.73839992
24,378,late,0.56403691,0.70474422,0.56403691,0.70474422
24,381,late,0.56798255,0.69036794,0.56798255,0.69036794
24,384,late,0.55191159,0.70335394,0.55191159,0.70335394
24,388,late,0.50562400,0.61846066,0.50562400,0.61846066
24,391,late,0.46481645,0.69062608,0.46481645,0.69062608
24,394,late,0.51912731,0.59643114,0.51912731,0.59643114
24,397,late,0.48905230,0.59858650,0.48905230,0.59858650
24,400,late,0.45683268,0.64747232,0.45683268,0.64747232
24,404,late,0.39569756,0.65496618,0.39569756,0.65496618
24,407,late,0.36216089,0.67675549,0.36216089,0.67675549
24,410,late,0.44907880,0.65251732,0.44907880,0.65251732
24,413,late,0.42593494,0.64544380,0.42593494,0.64544380
24,416,late,0.43608359,0.71431798,0.43608359,0.71431798
24,420,late,0.33702236,0.73807603,0.33702236,0.73807603
24,423,late,0.33204591,0.69531834,0.33204591,0.69531834
24,426,late,0.37345850,0.63598943,0.37345850,0.63598943
24,429,late,0.39849716,0.58597159,0.39849716,0.58597159
24,432,late,0.38027763,0.49519399,0.38027763,0.49519399
24,436,late,0.41786939,0.51888722,0.41786939,0.51888722
24,439,late,0.35319823,0.52078408,0.35319823,0.52078408
24,442,late,0.33536550,0.53069639,0.33536550,0.53069639
24,445,late,0.30214727,0.55660111,0.30214727,0.55660111
24,448,late,0.21638806,0.54028535,0.21638806,0.54028535
24,452,late,0.37296999,0.59319556,0.37296999,0.59319556
24,455,late,0.43597651,0.66781765,0.43597651,0.66781765
24,458,late,0.36556542,0.72422969,0.36556542,0.72422969
24,461,late,0.38505080,0.78561026,0.38505080,0.78561026
24,464,late,0.42041185,0.68953323,0.42041185,0.68953323
24,468,late,0.26673996,0.67678398,0.26673996,0.67678398
24,471,late,0.30634230,0.66643220,0.30634230,0.66643220
24,474,late,0.41464800,0.62924927,0.41464800,0.62924927
24,477,late,0.39466235,0.61271209,0.39466235,0.61271209
24,480,late,0.38974845,0.59144539,0.38974845,0.59144539
24,484,late,0.48898110,0.61406630,0.48898110,0.61406630
24,487,late,0.49147502,0.55962825,0.49147502,0.55962825
24,490,late,0.46431273,0.50024456,0.46431273,0.50024456
24,493,late,0.39557707,0.55459505,0.39557707,0.55459505
24,496,late,0.39271936,0.62282652,0.39271936,0.62282652
25,0,early,0.18380682,0.56860954,0.18380682,0.56860954
25,3,early,0.20103246,0.48453826,0.20103246,0.48453826
25,6,early,0.11918561,0.54641062,0.11918561,0.54641062
25,9,early,0.07922255,0.47176126,0.07922255,0.47176126
25,12,early,0.15885815,0.45761368,0.15885815,0.45761368
25,16,early,0.25208512,0.51158863,0.25208512,0.51158863
25,19,early,0.37677687,0.47723642,0.37677687,0.47723642
25,22,early,0.29804760,0.45656514,0.29804760,0.45656514
25,25,early,0.27952191,0.37999988,0.27952191,0.37999988
25,28,early,0.25321212,0.53661788,0.25321212,0.53661788
25,32,early,0.34591788,0.45135969,0.34591788,0.45135969
25,35,early,0.34684467,0.44372070,0.34684467,0.44372070
25,38,early,0.23239781,0.46437827,0.23239781,0.46437827
25,41,early,0.22313878,0.44407937,0.22313878,0.44407937
25,44,early,0.20202270,0.54572988,0.20202270,0.54572988
25,48,early,0.15900941,0.48252094,0.15900941,0.48252094
25,51,early,0.16892350,0.52690500,0.16892350,0.52690500
25,54,early,0.13036674,0.54551899,0.13036674,0.54551899
25,57,early,0.04523844,0.41801205,0.04523844,0.41801205
25,60,early,0.07980829,0.42453003,0.07980829,0.42453003
25,64,early,0.05918188,0.44480339,0.05918188,0.44480339
25,67,early,0.12098812,0.46864223,0.12098812,0.46864223
25,70,early,0.11251791,0.47437450,0.11251791,0.47437450
25,73,early,0.02973301,0.42064127,0.02973301,0.42064127
25,76,early,0.01210260,0.41297939,0.01210260,0.41297939
25,80,early,0.04295590,0.43938869,0.04295590,0.43938869
25,83,early,0.09038264,0.42942703,0.09038264,0.42942703
25,86,early,0.06541453,0.44472939,0.06541453,0.44472939
25,89,early,0.04300240,0.48175281,0.04300240,0.48175281
25,92,early,0.02236505,0.51908821,0.02236505,0.51908821
25,96,early,0.08743685,0.41781551,0.08743685,0.41781551
25,99,early,0.13024357,0.39518380,0.13024357,0.39518380
25,102,early,0.17122671,0.38784200,0.17122671,0.38784200
25,105,early,0.17278969,0.38787991,0.17278969,0.38787991
25,108,early,0.14065617,0.37743947,0.14065617,0.37743947
25,112,early,0.17589580,0.42302907,0.17589580,0.42302907
25,115,early,0.20332204,0.44339213,0.20332204,0.44339213
25,118,early,0.25492927,0.36183125,0.25492927,0.36183125
25,121,early,0.37521175,0.38636279,0.37521175,0.38636279
25,124,early,0.34180102,0.44725001,0.34180102,0.44725001
25,128,early,0.36424300,0.53173584,0.36424300,0.53173584
25,131,early,0.41177842,0.55827469,0.41177842,0.55827469
25,134,early,0.31380442,0.48048806,0.31380442,0.48048806
25,137,early,0.19882415,0.49526483,0.19882415,0.49526483
25,140,early,0.13559322,0.44042268,0.13559322,0.44042268
25,144,early,0.10324372,0.38417870,0.10324372,0.38417870
25,147,early,0.14896241,0.39772382,0.14896241,0.39772382
25,150,early,0.18297894,0.36589462,0.18297894,0.36589462
25,153,early,0.10394409,0.32923692,0.10394409,0.32923692
25,156,early,0.07671362,0.29711613,0.07671362,0.29711613
25,160,early,0.31544560,0.22539556,0.31544560,0.22539556
25,163,early,0.26644120,0.20233637,0.26644120,0.20233637
25,166,early,0.31400999,0.18294649,0.31400999,0.18294649
25,169,early,0.32783926,0.10258424,0.32783926,0.10258424
25,172,early,0.33503869,0.18593293,0.33503869,0.18593293
25,176,early,0.44600129,0.17966248,0.44600129,0.17966248
25,179,early,0.47463617,0.19683002,0.47463617,0.19683002
25,182,early,0.46730387,0.21046486,0.46730387,0.21046486
25,185,early,0.49327901,0.14952153,0.49327901,0.14952153
25,188,early,0.51850349,0.20072682,0.51850349,0.20072682
25,192,early,0.47291186,0.12936138,0.47291186,0.12936138
25,195,early,0.41610986,0.11443726,0.41610986,0.11443726
25,198,early,0.48241970,0.06415380,0.48241970,0.06415380
25,201,early,0.45249820,0.07125387,0.45249820,0.07125387
25,204,early,0.44204104,0.08502968,0.44204104,0.08502968
25,208,early,0.45164880,0.13740894,0.45164880,0.13740894
25,211,early,0.48778591,0.01580389,0.48778591,0.01580389
25,214,early,0.54423010,0.04050411,0.54423010,0.04050411
25,217,early,0.56043160,0.05397213,0.56043160,0.05397213
25,220,early,0.50702530,-0.00933399,0.50702530,-0.00933399
25,224,early,0.39016029,-0.04114346,0.39016029,-0.04114346
25,227,early,0.42473748,0.02076573,0.42473748,0.02076573
25,230,early,0.34717485,0.01462133,0.34717485,0.01462133
25,233,early,0.28446701,0.01871203,0.28446701,0.01871203
25,236,early,0.35401437,-0.12090054,0.35401437,-0.12090054
25,240,early,0.31584060,-0.06655654,0.31584060,-0.06655654
25,243,early,0.34313542,-0.11257246,0.34313542,-0.11257246
25,246,early,0.34394172,-0.05235460,0.34394172,-0.05235460
25,249,early,0.31628838,-0.08722741,0.31628838,-0.08722741
25,252,late,0.18720038,-0.06107445,0.18720038,-0.06107445
25,256,late,0.35822707,-0.07137457,0.35822707,-0.07137457
25,259,late,0.46533668,-0.05570299,0.46533668,-0.05570299
25,262,late,0.46803877,-0.06598204,0.46803877,-0.06598204
25,265,late,0.53072542,-0.03815863,0.53072542,-0.03815863
25,268,late,0.44559023,-0.04763776,0.44559023,-0.04763776
25,272,late,0.41993886,-0.03659553,0.41993886,-0.03659553
25,275,late,0.48211080,0.04226680,0.48211080,0.04226680
25,278,late,0.46997890,0.03077814,0.46997890,0.03077814
25,281,late,0.44822532,-0.10120177,0.44822532,-0.10120177
25,284,late,0.48223040,-0.12921917,0.48223040,-0.12921917
25,288,late,0.42459908,-0.08876448,0.42459908,-0.08876448
25,291,late,0.45407298,-0.05283084,0.45407298,-0.05283084
25,294,late,0.43844873,0.05618038,0.43844873,0.05618038
25,297,late,0.57985252,0.06269120,0.57985252,0.06269120
25,300,late,0.54260653,0.06636572,0.54260653,0.06636572
25,304,late,0.52378261,0.13365476,0.52378261,0.13365476
25,307,late,0.51172400,0.06658337,0.51172400,0.06658337
25,310,late,0.46054587,0.03359262,0.46054587,0.03359262
25,313,late,0.44735432,0.01099274,0.44735432,0.01099274
25,316,late,0.39085579,-0.12761842,0.39085579,-0.12761842
25,320,late,0.29859495,-0.15454568,0.29859495,-0.15454568
25,323,late,0.16973417,-0.12516348,0.16973417,-0.12516348
25,326,late,0.19095466,-0.16535278,0.19095466,-0.16535278
25,329,late,0.34614870,-0.16798788,0.34614870,-0.16798788
25,332,late,0.31663463,-0.12986200,0.31663463,-0.12986200
25,336,late,0.37435511,-0.18678068,0.37435511,-0.18678068
25,339,late,0.33180031,-0.25644442,0.33180031,-0.25644442
25,342,late,0.35541847,-0.15598546,0.35541847,-0.15598546
25,345,late,0.33364490,-0.06717482,0.33364490,-0.06717482
25,348,late,0.31330124,-0.04517163,0.31330124,-0.04517163
25,352,late,0.41122749,-0.03783385,0.41122749,-0.03783385
25,355,late,0.39224234,-0.01451359,0.39224234,-0.01451359
25,358,late,0.33092877,0.09471504,0.33092877,0.09471504
25,361,late,0.38353390,0.13541809,0.38353390,0.13541809
25,364,late,0.32426775,0.11481944,0.32426775,0.11481944
25,368,late,0.27155349,0.13893120,0.27155349,0.13893120
25,371,late,0.20799050,0.13192685,0.20799050,0.13192685
25,374,late,0.18997507,0.16282628,0.18997507,0.16282628
25,377,late,0.16329493,0.08425575,0.16329493,0.08425575
25,380,late,0.11754970,0.16202287,0.11754970,0.16202287
25,384,late,0.18101788,0.04489734,0.18101788,0.04489734
25,387,late,0.17267208,0.11292808,0.17267208,0.11292808
25,390,late,0.13530563,0.10802025,0.13530563,0.10802025
25,393,late,0.06187347,0.02558329,0.06187347,0.02558329
25,396,late,0.18827571,0.02491579,0.18827571,0.02491579
25,400,late,0.21855013,-0.00881507,0.21855013,-0.00881507
25,403,late,0.24835451,0.00769658,0.24835451,0.00769658
25,406,late,0.16124019,-0.00660554,0.16124019,-0.00660554
25,409,late,0.05389033,-0.02034869,0.05389033,-0.02034869
25,412,late,0.05676475,0.00973179,0.05676475,0.00973179
25,416,late,-0.05335874,0.04391716,-0.05335874,0.04391716
25,419,late,0.04068668,0.05976630,0.04068668,0.05976630
25,422,late,0.22041076,0.06213943,0.22041076,0.06213943
25,425,late,0.19980058,0.06330486,0.19980058,0.06330486
25,428,late,0.18211810,0.06740512,0.18211810,0.06740512
25,432,late,0.11373793,-0.02731482,0.11373793,-0.02731482
25,435,late,0.14094627,-0.01115727,0.14094627,-0.01115727
25,438,late,0.11016043,0.02082985,0.11016043,0.02082985
25,441,late,0.07574197,0.05357824,0.07574197,0.05357824
25,444,late,0.04235978,0.02727375,0.04235978,0.02727375
25,448,late,0.02538856,0.00019008,0.02538856,0.00019008
25,451,late,0.06295215,0.07998277,0.06295215,0.07998277
25,454,late,0.06325576,-0.01558411,0.06325576,-0.01558411
25,457,late,0.11271166,0.06435654,0.11271166,0.06435654
25,460,late,0.04725289,0.05944788,0.04725289,0.05944788
25,464,late,0.18667686,0.05498322,0.18667686,0.05498322
25,467,late,0.17877953,0.07974345,0.17877953,0.07974345
25,470,late,0.19126265,0.10480336,0.19126265,0.10480336
25,473,late,0.21405546,0.08754721,0.21405546,0.08754721
25,476,late,0.28311166,0.21265574,0.28311166,0.21265574
25,480,late,0.28855333,0.22422583,0.28855333,0.22422583
25,483,late,0.31832948,0.22129424,0.31832948,0.22129424
25,486,late,0.34140903,0.27882499,0.34140903,0.27882499
25,489,late,0.38131517,0.36155257,0.38131517,0.36155257
25,492,late,0.45100150,0.43344659,0.45100150,0.43344659
25,496,late,0.52432740,0.49663728,0.52432740,0.49663728
25,499,late,0.48759907,0.56484658,0.48759907,0.56484658
26,2,early,0.77454168,1.36055136,0.77454168,1.36055136
26,5,early,0.79950112,1.38448441,0.79950112,1.38448441
26,8,early,0.78047633,1.35418975,0.78047633,1.35418975
26,12,early,0.71215540,1.28642404,0.71215540,1.28642404
26,15,early,0.65469354,1.21559513,0.65469354,1.21559513
26,18,early,0.68761861,1.26558769,0.68761861,1.26558769
26,21,early,0.72070438,1.19580710,0.72070438,1.19580710
26,24,early,0.67813343,1.24085414,0.67813343,1.24085414
26,28,early,0.74353033,1.24622858,0.74353033,1.24622858
26,31,early,0.77355129,1.24286020,0.77355129,1.24286020
26,34,early,0.81544125,1.24354684,0.81544125,1.24354684
26,37,early,0.80506927,1.35262382,0.80506927,1.35262382
26,40,early,0.85993165,1.46912706,0.85993165,1.46912706
26,44,early,0.89261806,1.38743138,0.89261806,1.38743138
26,47,early,0.85939956,1.40903068,0.85939956,1.40903068
26,50,early,0.87727904,1.40669596,0.87727904,1.40669596
26,53,early,0.81785327,1.40430379,0.81785327,1.40430379
26,56,early,0.71749288,1.27099502,0.71749288,1.27099502
26,60,early,0.80047351,1.24223077,0.80047351,1.24223077
26,63,early,0.78431463,1.28837347,0.78431463,1.28837347
26,66,early,0.77462161,1.26054895,0.77462161,1.26054895
26,69,early,0.74709159,1.30042958,0.74709159,1.30042958
26,72,early,0.75658035,1.20077944,0.75658035,1.20077944
26,76,early,0.72059345,1.09261513,0.72059345,1.09261513
26,79,early,0.71118653,1.00340736,0.71118653,1.00340736
26,82,early,0.73793179,0.96701068,0.73793179,0.96701068
26,85,early,0.69826663,0.97535408,0.69826663,0.97535408
26,88,early,0.67107087,0.97786891,0.67107087,0.97786891
26,92,early,0.67531073,1.10341465,0.67531073,1.10341465
26,95,early,0.61347491,1.09142053,0.61347491,1.09142053
26,98,early,0.55531734,1.05159128,0.55531734,1.05159128
26,101,early,0.53139096,1.06876218,0.53139096,1.06876218
26,104,early,0.55993515,0.98292625,0.55993515,0.98292625
26,108,early,0.52245480,0.95014137,0.52245480,0.95014137
26,111,early,0.54220271,0.96759933,0.54220271,0.96759933
26,114,early,0.53393364,0.94550037,0.53393364,0.94550037
26,117,early,0.53187746,0.94178700,0.53187746,0.94178700
26,120,early,0.58511519,1.03329432,0.58511519,1.03329432
26,124,early,0.51840800,0.93935508,0.51840800,0.93935508
26,127,early,0.51843876,1.02388382,0.51843876,1.02388382
26,130,early,0.66260552,0.93949902,0.66260552,0.93949902
26,133,early,0.55662704,0.95692074,0.55662704,0.95692074
26,136,early,0.58861446,0.96293533,0.58861446,0.96293533
26,140,early,0.52004772,0.91780150,0.52004772,0.91780150
26,143,early,0.57379538,0.89802867,0.57379538,0.89802867
26,146,early,0.63317966,0.95227236,0.63317966,0.95227236
26,149,early,0.57541966,1.02153170,0.57541966,1.02153170
26,152,early,0.57299328,1.02595770,0.57299328,1.02595770
26,156,early,0.54886150,0.90678865,0.54886150,0.90678865
26,159,early,0.54231381,1.01437747,0.54231381,1.01437747
26,162,early,0.54568458,1.05694151,0.54568458,1.05694151
26,165,early,0.59682894,1.04374623,0.59682894,1.04374623
26,168,early,0.58268481,1.04654968,0.58268481,1.04654968
26,172,early,0.62893385,1.12491345,0.62893385,1.12491345
26,175,early,0.62400687,1.14377940,0.62400687,1.14377940
26,178,early,0.67776865,1.10697901,0.67776865,1.10697901
26,181,early,0.67292655,1.07974374,0.67292655,1.07974374
26,184,early,0.66569805,1.11391568,0.66569805,1.11391568
26,188,early,0.63912708,1.11624527,0.63912708,1.11624527
26,191,early,0.58603317,1.10854363,0.58603317,1.10854363
26,194,early,0.63221842,1.07756364,0.63221842,1.07756364
26,197,early,0.61503756,1.04919708,0.61503756,1.04919708
26,200,early,0.61911547,0.97946215,0.61911547,0.97946215
26,204,early,0.67807883,0.96760350,0.67807883,0.96760350
26,207,early,0.69387668,0.97112101,0.69387668,0.97112101
26,210,early,0.64804709,1.10351837,0.64804709,1.10351837
26,213,early,0.63704085,1.04723561,0.63704085,1.04723561
26,216,early,0.60579771,1.14595854,0.60579771,1.14595854
26,220,early,0.62760872,1.12014544,0.62760872,1.12014544
26,223,early,0.60485917,1.15510678,0.60485917,1.15510678
26,226,early,0.60177535,1.13389838,0.60177535,1.13389838
26,229,early,0.72044504,1.14230287,0.72044504,1.14230287
26,232,early,0.63692963,1.17479694,0.63692963,1.17479694
26,236,early,0.62119669,1.08030534,0.62119669,1.08030534
26,239,early,0.57267231,0.89540631,0.57267231,0.89540631
26,242,early,0.66187441,0.95026416,0.66187441,0.95026416
26,245,early,0.55632323,0.91140509,0.55632323,0.91140509
26,248,early,0.54067701,0.91888291,0.54067701,0.91888291
26,252,late,0.55108786,0.96522534,0.55108786,0.96522534
26,255,late,0.50055856,0.89789468,0.50055856,0.89789468
26,258,late,0.61269647,0.94513458,0.61269647,0.94513458
26,261,late,0.56655115,0.98964328,0.56655115,0.98964328
26,264,late,0.58792734,0.98526305,0.58792734,0.98526305
26,268,late,0.53320718,0.92340684,0.53320718,0.92340684
26,271,late,0.55901587,0.94070685,0.55901587,0.94070685
26,274,late,0.51358169,0.95783746,0.51358169,0.95783746
26,277,late,0.51552939,0.88961047,0.51552939,0.88961047
26,280,late,0.55806041,0.96729934,0.55806041,0.96729934
26,284,late,0.60375041,0.97158700,0.60375041,0.97158700
26,287,late,0.60612988,1.02396464,0.60612988,1.02396464
26,290,late,0.62133235,1.02045798,0.62133235,1.02045798
26,293,late,0.60756975,0.95017833,0.60756975,0.95017833
26,296,late,0.52245659,0.94330341,0.52245659,0.94330341
26,300,late,0.56672323,0.89862841,0.56672323,0.89862841
26,303,late,0.61226195,0.88402510,0.61226195,0.88402510
26,306,late,0.54808098,0.94917989,0.54808098,0.94917989
26,309,late,0.56624115,0.93269157,0.56624115,0.93269157
26,312,late,0.54111493,0.98093343,0.54111493,0.98093343
26,316,late,0.56328017,1.08890450,0.56328017,1.08890450
26,319,late,0.50298494,0.99705845,0.50298494,0.99705845
26,322,late,0.49092725,0.93570000,0.49092725,0.93570000
26,325,late,0.53831321,0.89083493,0.53831321,0.89083493
26,328,late,0.51687694,0.88536745,0.51687694,0.88536745
26,332,late,0.53990054,0.86383539,0.53990054,0.86383539
26,335,late,0.49775535,0.82689613,0.49775535,0.82689613
26,338,late,0.51745123,0.85664994,0.51745123,0.85664994
26,341,late,0.48016387,0.84011483,0.48016387,0.84011483
26,344,late,0.45023918,0.79049408,0.45023918,0.79049408
26,348,late,0.46254113,0.74227422,0.46254113,0.74227422
26,351,late,0.47034970,0.78565514,0.47034970,0.78565514
26,354,late,0.41245982,0.78280246,0.41245982,0.78280246
26,357,late,0.49290183,0.82858109,0.49290183,0.82858109
26,360,late,0.52407181,0.74085492,0.52407181,0.74085492
26,364,late,0.42751554,0.80936456,0.42751554,0.80936456
26,367,late,0.44954121,0.80266416,0.44954121,0.80266416
26,370,late,0.45281166,0.79518199,0.45281166,0.79518199
26,373,late,0.49138483,0.83649534,0.49138483,0.83649534
26,376,late,0.46341816,0.89073068,0.46341816,0.89073068
26,380,late,0.50450379,0.85873735,0.50450379,0.85873735
26,383,late,0.53276759,0.77671218,0.53276759,0.77671218
26,386,late,0.49459741,0.74215555,0.49459741,0.74215555
26,389,late,0.51511711,0.86971110,0.51511711,0.86971110
26,392,late,0.45336956,0.87304628,0.45336956,0.87304628
26,396,late,0.40277231,0.80399078,0.40277231,0.80399078
26,399,late,0.43574139,0.78425300,0.43574139,0.78425300
26,402,late,0.49769166,0.71436262,0.49769166,0.71436262
26,405,late,0.52331781,0.80268550,0.52331781,0.80268550
26,408,late,0.47417015,0.83873212,0.47417015,0.83873212
26,412,late,0.55685139,0.79188025,0.55685139,0.79188025
26,415,late,0.46266624,0.77479309,0.46266624,0.77479309
26,418,late,0.39844373,0.75302482,0.39844373,0.75302482
26,421,late,0.49039608,0.71663857,0.49039608,0.71663857
26,424,late,0.49791452,0.76272506,0.49791452,0.76272506
26,428,late,0.51943523,0.74839216,0.51943523,0.74839216
26,431,late,0.43622565,0.83902586,0.43622565,0.83902586
26,434,late,0.47070560,0.88018185,0.47070560,0.88018185
26,437,late,0.48973414,0.82261932,0.48973414,0.82261932
26,440,late,0.46938720,0.81130439,0.46938720,0.81130439
26,444,late,0.37624279,0.67970163,0.37624279,0.67970163
26,447,late,0.39826304,0.70436257,0.39826304,0.70436257
26,450,late,0.43708262,0.71180946,0.43708262,0.71180946
26,453,late,0.49709335,0.69114393,0.49709335,0.69114393
26,456,late,0.46349427,0.68111324,0.46349427,0.68111324
26,460,late,0.39524519,0.58125579,0.39524519,0.58125579
26,463,late,0.33269554,0.59743577,0.33269554,0.59743577
26,466,late,0.34649467,0.52478439,0.34649467,0.52478439
26,469,late,0.34849292,0.51831168,0.34849292,0.51831168
26,472,late,0.36256143,0.56651050,0.36256143,0.56651050
26,476,late,0.31465876,0.47517183,0.31465876,0.47517183
26,479,late,0.31112534,0.45966244,0.31112534,0.45966244
26,482,late,0.30291164,0.47952479,0.30291164,0.47952479
26,485,late,0.30400264,0.47638914,0.30400264,0.47638914
26,488,late,0.28364047,0.51802164,0.28364047,0.51802164
26,492,late,0.31690177,0.49039406,0.31690177,0.49039406
26,495,late,0.31251481,0.40796378,0.31251481,0.40796378
26,498,late,0.33790860,0.47382051,0.33790860,0.47382051
27,1,early,-0.87892950,-1.41623724,-0.87892950,-1.41623724
27,4,early,-0.86842048,-1.40442586,-0.86842048,-1.40442586
27,8,early,-0.85190403,-1.42191184,-0.85190403,-1.42191184
27,11,early,-0.88682789,-1.46249020,-0.88682789,-1.46249020
27,14,early,-0.90126598,-1.48999834,-0.90126598,-1.48999834
27,17,early,-0.87984622,-1.45901656,-0.87984622,-1.45901656
27,20,early,-0.87572724,-1.49762475,-0.87572724,-1.49762475
27,24,early,-0.87307703,-1.43343949,-0.87307703,-1.43343949
27,27,early,-0.88506186,-1.42195082,-0.88506186,-1.42195082
27,30,early,-0.83075064,-1.37943363,-0.83075064,-1.37943363
27,33,early,-0.84303337,-1.40885711,-0.84303337,-1.40885711
27,36,early,-0.88754481,-1.42406619,-0.88754481,-1.42406619
27,40,early,-0.88537025,-1.39976454,-0.88537025,-1.39976454
27,43,early,-0.85372210,-1.37828052,-0.85372210,-1.37828052
27,46,early,-0.82697487,-1.33540404,-0.82697487,-1.33540404
27,49,early,-0.89330155,-1.47003818,-0.89330155,-1.47003818
27,52,early,-0.92027062,-1.56473935,-0.92027062,-1.56473935
27,56,early,-0.92777061,-1.54877031,-0.92777061,-1.54877031
27,59,early,-0.89893293,-1.58181787,-0.89893293,-1.58181787
27,62,early,-0.90401298,-1.51056790,-0.90401298,-1.51056790
27,65,early,-0.96056712,-1.53422713,-0.96056712,-1.53422713
27,68,early,-0.92392415,-1.52866781,-0.92392415,-1.52866781
27,72,early,-0.94697535,-1.54059315,-0.94697535,-1.54059315
27,75,early,-0.93175417,-1.53308046,-0.93175417,-1.53308046
27,78,early,-0.91073632,-1.57545722,-0.91073632,-1.57545722
27,81,early,-0.95046508,-1.58834434,-0.95046508,-1.58834434
27,84,early,-0.99812442,-1.68700933,-0.99812442,-1.68700933
27,88,early,-0.98116040,-1.70080256,-0.98116040,-1.70080256
27,91,early,-1.04439402,-1.79921031,-1.04439402,-1.79921031
27,94,early,-1.03405535,-1.80332482,-1.03405535,-1.80332482
27,97,early,-1.06536138,-1.86569941,-1.06536138,-1.86569941
27,100,early,-1.12773383,-1.98802519,-1.12773383,-1.98802519
27,104,early,-1.10932684,-1.96564400,-1.10932684,-1.96564400
27,107,early,-1.11400497,-1.92080951,-1.11400497,-1.92080951
27,110,early,-1.07738864,-1.87941074,-1.07738864,-1.87941074
27,113,early,-1.11620629,-1.93092334,-1.11620629,-1.93092334
27,116,early,-1.10059941,-1.91106153,-1.10059941,-1.91106153
27,120,early,-1.07740712,-1.88780475,-1.07740712,-1.88780475
27,123,early,-1.10141468,-1.93376780,-1.10141468,-1.93376780
27,126,early,-1.09774995,-1.91255796,-1.09774995,-1.91255796
27,129,early,-1.10397089,-1.99068010,-1.10397089,-1.99068010
27,132,early,-1.08116305,-1.87038481,-1.08116305,-1.87038481
27,136,early,-1.06802452,-1.85684705,-1.06802452,-1.85684705
27,139,early,-1.04885578,-1.84694445,-1.04885578,-1.84694445
27,142,early,-1.05653727,-1.83442688,-1.05653727,-1.83442688
27,145,early,-1.01390874,-1.73500431,-1.01390874,-1.73500431
27,148,early,-0.99447972,-1.67536747,-0.99447972,-1.67536747
27,152,early,-0.96527278,-1.62233758,-0.96527278,-1.62233758
27,155,early,-0.94412279,-1.57244253,-0.94412279,-1.57244253
27,158,early,-0.92315489,-1.49797261,-0.92315489,-1.49797261
27,161,early,-0.95052803,-1.50103617,-0.95052803,-1.50103617
27,164,early,-0.90878344,-1.53515184,-0.90878344,-1.53515184
27,168,early,-0.92972398,-1.53348446,-0.92972398,-1.53348446
27,171,early,-0.92432725,-1.54925108,-0.92432725,-1.54925108
27,174,early,-0.90036339,-1.49327528,-0.90036339,-1.49327528
27,177,early,-0.93617928,-1.58177567,-0.93617928,-1.58177567
27,180,early,-0.96535856,-1.66136372,-0.96535856,-1.66136372
27,184,early,-0.95020020,-1.60946107,-0.95020020,-1.60946107
27,187,early,-0.93504423,-1.54712117,-0.93504423,-1.54712117
27,190,early,-0.95070338,-1.58738649,-0.95070338,-1.58738649
27,193,early,-1.00020611,-1.69363654,-1.00020611,-1.69363654
27,196,early,-0.98050290,-1.68366098,-0.98050290,-1.68366098
27,200,early,-0.97755259,-1.67343283,-0.97755259,-1.67343283
27,203,early,-1.00327671,-1.68725002,-1.00327671,-1.68725002
27,206,early,-0.96606266,-1.71697831,-0.96606266,-1.71697831
27,209,early,-1.00399983,-1.74990225,-1.00399983,-1.74990225
27,212,early,-1.06701386,-1.83151817,-1.06701386,-1.83151817
27,216,early,-1.03207564,-1.78548801,-1.03207564,-1.78548801
27,219,early,-1.01694882,-1.76585412,-1.01694882,-1.76585412
27,222,early,-1.03200710,-1.74187350,-1.03200710,-1.74187350
27,225,early,-1.02284265,-1.72054768,-1.02284265,-1.72054768
27,228,early,-1.02222121,-1.75537229,-1.02222121,-1.75537229
27,232,early,-0.98530823,-1.67110240,-0.98530823,-1.67110240
27,235,early,-0.96763432,-1.69750595,-0.96763432,-1.69750595
27,238,early,-0.99679565,-1.76391733,-0.99679565,-1.76391733
27,241,early,-1.00133443,-1.72897315,-1.00133443,-1.72897315
27,244,early,-1.01324391,-1.76453495,-1.01324391,-1.76453495
27,248,early,-1.01227069,-1.74440753,-1.01227069,-1.74440753
27,251,late,-0.99082148,-1.75319850,-0.99082148,-1.75319850
27,254,late,-1.03150272,-1.74794400,-1.03150272,-1.74794400
27,257,late,-1.05513561,-1.83403563,-1.05513561,-1.83403563
27,260,late,-1.04845750,-1.77687168,-1.04845750,-1.77687168
27,264,late,-1.00702810,-1.76345587,-1.00702810,-1.76345587
27,267,late,-1.04666030,-1.85231924,-1.04666030,-1.85231924
27,270,late,-1.04947019,-1.83725560,-1.04947019,-1.83725560
27,273,late,-1.07118821,-1.85277164,-1.07118821,-1.85277164
27,276,late,-1.07057166,-1.83834934,-1.07057166,-1.83834934
27,280,late,-1.05473268,-1.79715395,-1.05473268,-1.79715395
27,283,late,-0.97337312,-1.69330013,-0.97337312,-1.69330013
27,286,late,-0.98390961,-1.70986652,-0.98390961,-1.70986652
27,289,late,-0.97688782,-1.63004935,-0.97688782,-1.63004935
27,292,late,-1.00752187,-1.68524957,-1.00752187,-1.68524957
27,296,late,-0.99698299,-1.69324851,-0.99698299,-1.69324851
27,299,late,-0.94064707,-1.62091708,-0.94064707,-1.62091708
27,302,late,-0.94259799,-1.61050105,-0.94259799,-1.61050105
27,305,late,-1.00023973,-1.64407635,-1.00023973,-1.64407635
27,308,late,-0.97542179,-1.71691680,-0.97542179,-1.71691680
27,312,late,-0.99880320,-1.66416717,-0.99880320,-1.66416717
27,315,late,-0.98118514,-1.64548194,-0.98118514,-1.64548194
27,318,late,-0.98602396,-1.66315126,-0.98602396,-1.66315126
27,321,late,-0.95039183,-1.60395002,-0.95039183,-1.60395002
27,324,late,-0.94457728,-1.55722475,-0.94457728,-1.55722475
27,328,late,-0.95324296,-1.54958785,-0.95324296,-1.54958785
27,331,late,-0.93190914,-1.56905091,-0.93190914,-1.56905091
27,334,late,-0.94360822,-1.57436728,-0.94360822,-1.57436728
27,337,late,-0.88846374,-1.57339489,-0.88846374,-1.57339489
27,340,late,-0.92517018,-1.54017067,-0.92517018,-1.54017067
27,344,late,-0.90412337,-1.48215616,-0.90412337,-1.48215616
27,347,late,-0.87396580,-1.45059657,-0.87396580,-1.45059657
27,350,late,-0.86470276,-1.45030284,-0.86470276,-1.45030284
27,353,late,-0.90420926,-1.42885828,-0.90420926,-1.42885828
27,356,late,-0.87633628,-1.40266931,-0.87633628,-1.40266931
27,360,late,-0.87821543,-1.45144033,-0.87821543,-1.45144033
27,363,late,-0.87440544,-1.44495964,-0.87440544,-1.44495964
27,366,late,-0.90284330,-1.42780399,-0.90284330,-1.42780399
27,369,late,-0.89157116,-1.48894680,-0.89157116,-1.48894680
27,372,late,-0.89482236,-1.48376989,-0.89482236,-1.48376989
27,376,late,-0.93514282,-1.54519427,-0.93514282,-1.54519427
27,379,late,-0.90393841,-1.49959207,-0.90393841,-1.49959207
27,382,late,-0.96008837,-1.54194725,-0.96008837,-1.54194725
27,385,late,-0.89632654,-1.48148310,-0.89632654,-1.48148310
27,388,late,-0.91322976,-1.53420949,-0.91322976,-1.53420949
27,392,late,-0.89497137,-1.45854771,-0.89497137,-1.45854771
27,395,late,-0.87152249,-1.47669053,-0.87152249,-1.47669053
27,398,late,-0.91174209,-1.52132070,-0.91174209,-1.52132070
27,401,late,-0.93226898,-1.54629230,-0.93226898,-1.54629230
27,404,late,-0.91746372,-1.46593094,-0.91746372,-1.46593094
27,408,late,-0.91177142,-1.43428314,-0.91177142,-1.43428314
27,411,late,-0.89755398,-1.47135723,-0.89755398,-1.47135723
27,414,late,-0.88864332,-1.50971723,-0.88864332,-1.50971723
27,417,late,-0.91846454,-1.51636827,-0.91846454,-1.51636827
27,420,late,-0.93096811,-1.53215683,-0.93096811,-1.53215683
27,424,late,-0.95084244,-1.60285425,-0.95084244,-1.60285425
27,427,late,-0.92850924,-1.60967159,-0.92850924,-1.60967159
27,430,late,-0.94638234,-1.57583511,-0.94638234,-1.57583511
27,433,late,-0.93494368,-1.64073014,-0.93494368,-1.64073014
27,436,late,-0.94544804,-1.57910490,-0.94544804,-1.57910490
27,440,late,-0.88979763,-1.49008918,-0.88979763,-1.49008918
27,443,late,-0.89339375,-1.54042542,-0.89339375,-1.54042542
27,446,late,-0.94031572,-1.54520881,-0.94031572,-1.54520881
27,449,late,-0.92078125,-1.54528666,-0.92078125,-1.54528666
27,452,late,-0.93451363,-1.57100272,-0.93451363,-1.57100272
27,456,late,-0.99216360,-1.69475639,-0.99216360,-1.69475639
27,459,late,-0.99552041,-1.67129612,-0.99552041,-1.67129612
27,462,late,-1.01716566,-1.72924674,-1.01716566,-1.72924674
27,465,late,-0.97574002,-1.65619171,-0.97574002,-1.65619171
27,468,late,-0.97713053,-1.64649689,-0.97713053,-1.64649689
27,472,late,-0.97888428,-1.66983449,-0.97888428,-1.66983449
27,475,late,-0.97854424,-1.62244594,-0.97854424,-1.62244594
27,478,late,-0.97213745,-1.63232899,-0.97213745,-1.63232899
27,481,late,-0.99442202,-1.70633662,-0.99442202,-1.70633662
27,484,late,-1.00141096,-1.75737584,-1.00141096,-1.75737584
27,488,late,-1.02169967,-1.78771114,-1.02169967,-1.78771114
27,491,late,-1.02876985,-1.78873050,-1.02876985,-1.78873050
27,494,late,-1.05027580,-1.88558245,-1.05027580,-1.88558245
27,497,late,-1.03397071,-1.82395709,-1.03397071,-1.82395709
28,0,early,0.21934983,0.54607302,0.21934983,0.54607302
28,4,early,0.29546008,0.59070653,0.29546008,0.59070653
28,7,early,0.37929234,0.60119802,0.37929234,0.60119802
28,10,early,0.38137713,0.58601618,0.38137713,0.58601618
28,13,early,0.37320465,0.56992579,0.37320465,0.56992579
28,16,early,0.36333120,0.55146027,0.36333120,0.55146027
28,20,early,0.23564257,0.57815689,0.23564257,0.57815689
28,23,early,0.29423982,0.62599331,0.29423982,0.62599331
28,26,early,0.35159355,0.71489471,0.35159355,0.71489471
28,29,early,0.37505600,0.56988710,0.37505600,0.56988710
28,32,early,0.41985562,0.51057255,0.41985562,0.51057255
28,36,early,0.33613423,0.56949705,0.33613423,0.56949705
28,39,early,0.23510532,0.65176034,0.23510532,0.65176034
28,42,early,0.30945128,0.59522313,0.30945128,0.59522313
28,45,early,0.31154892,0.60279810,0.31154892,0.60279810
28,48,early,0.30232665,0.59852874,0.30232665,0.59852874
28,52,early,0.37374619,0.63962150,0.37374619,0.63962150
28,55,early,0.40634400,0.68526524,0.40634400,0.68526524
28,58,early,0.39696887,0.77070349,0.39696887,0.77070349
28,61,early,0.39436060,0.79898721,0.39436060,0.79898721
28,64,early,0.46653965,0.81118602,0.46653965,0.81118602
28,68,early,0.53135014,0.80077684,0.53135014,0.80077684
28,71,early,0.49626249,0.71957439,0.49626249,0.71957439
28,74,early,0.45755294,0.69832957,0.45755294,0.69832957
28,77,early,0.42465711,0.67543310,0.42465711,0.67543310
28,80,early,0.46787971,0.63930887,0.46787971,0.63930887
28,84,early,0.50896084,0.68364412,0.50896084,0.68364412
28,87,early,0.52987736,0.65429544,0.52987736,0.65429544
28,90,early,0.55797869,0.70793980,0.55797869,0.70793980
28,93,early,0.54459947,0.73193282,0.54459947,0.73193282
28,96,early,0.41860202,0.82597685,0.41860202,0.82597685
28,100,early,0.41852835,0.77985895,0.41852835,0.77985895
28,103,early,0.42736545,0.76621348,0.42736545,0.76621348
28,106,early,0.38503301,0.81607288,0.38503301,0.81607288
28,109,early,0.39787701,0.72894293,0.39787701,0.72894293
28,112,early,0.37007844,0.80279845,0.37007844,0.80279845
28,116,early,0.40240616,0.83847910,0.40240616,0.83847910
28,119,early,0.45398849,0.83083165,0.45398849,0.83083165
28,122,early,0.55467534,0.81355762,0.55467534,0.81355762
28,125,early,0.53279585,0.80548531,0.53279585,0.80548531
28,128,early,0.45472294,0.76297581,0.45472294,0.76297581
28,132,early,0.49448082,0.67689538,0.49448082,0.67689538
28,135,early,0.44722089,0.80873537,0.44722089,0.80873537
28,138,early,0.39277479,0.80455756,0.39277479,0.80455756
28,141,early,0.41648239,0.79352880,0.41648239,0.79352880
28,144,early,0.35233954,0.76726776,0.35233954,0.76726776
28,148,early,0.37322932,0.78307211,0.37322932,0.78307211
28,151,early,0.40581360,0.80550545,0.40581360,0.80550545
28,154,early,0.43848810,0.79827297,0.43848810,0.79827297
28,157,early,0.51839203,0.79185069,0.51839203,0.79185069
28,160,early,0.45709348,0.81354773,0.45709348,0.81354773
28,164,early,0.56704408,0.87336332,0.56704408,0.87336332
28,167,early,0.56526363,0.88016993,0.56526363,0.88016993
28,170,early,0.57132000,0.86176431,0.57132000,0.86176431
28,173,early,0.59939450,0.88673955,0.59939450,0.88673955
28,176,early,0.57833308,0.92345107,0.57833308,0.92345107
28,180,early,0.61826926,0.86454040,0.61826926,0.86454040
28,183,early,0.66351253,0.87046432,0.66351253,0.87046432
28,186,early,0.61276931,0.91051632,0.61276931,0.91051632
28,189,early,0.57893562,0.89522696,0.57893562,0.89522696
28,192,early,0.50281429,0.92353743,0.50281429,0.92353743
28,196,early,0.51434088,0.91662747,0.51434088,0.91662747
28,199,early,0.47930944,0.94466895,0.47930944,0.94466895
28,202,early,0.46695954,0.94097877,0.46695954,0.94097877
28,205,early,0.48996672,0.93438941,0.48996672,0.93438941
28,208,early,0.50036591,0.94674212,0.50036591,0.94674212
28,212,early,0.53594166,0.99101985,0.53594166,0.99101985
28,215,early,0.55660391,0.96581948,0.55660391,0.96581948
28,218,early,0.52661198,0.97556430,0.52661198,0.97556430
28,221,early,0.51107514,0.98545557,0.51107514,0.98545557
28,224,early,0.50324595,0.98022151,0.50324595,0.98022151
28,228,early,0.51453215,0.99844813,0.51453215,0.99844813
28,231,early,0.56067789,1.08734190,0.56067789,1.08734190
28,234,early,0.62127477,1.12658083,0.62127477,1.12658083
28,237,early,0.64444137,1.10622096,0.64444137,1.10622096
28,240,early,0.67603081,1.10049021,0.67603081,1.10049021
28,244,early,0.61097229,1.16442204,0.61097229,1.16442204
28,247,early,0.62686330,1.20795250,0.62686330,1.20795250
28,250,late,0.69714183,1.25036848,0.69714183,1.25036848
28,253,late,0.75672239,1.28131092,0.75672239,1.28131092
28,256,late,0.65904307,1.25245774,0.65904307,1.25245774
28,260,late,0.70232588,1.25185561,0.70232588,1.25185561
28,263,late,0.66380042,1.25102842,0.66380042,1.25102842
28,266,late,0.74755359,1.17930436,0.74755359,1.17930436
28,269,late,0.72774470,1.16997159,0.72774470,1.16997159
28,272,late,0.70646936,1.26844382,0.70646936,1.26844382
28,276,late,0.72959363,1.25445926,0.72959363,1.25445926
28,279,late,0.64082962,1.26900828,0.64082962,1.26900828
28,282,late,0.62513912,1.18728340,0.62513912,1.18728340
28,285,late,0.66653132,1.21277428,0.66653132,1.21277428
28,288,late,0.72621554,1.22446609,0.72621554,1.22446609
28,292,late,0.65233219,1.18227267,0.65233219,1.18227267
28,295,late,0.60388911,1.11876237,0.60388911,1.11876237
28,298,late,0.57809740,1.01938581,0.57809740,1.01938581
28,301,late,0.65336764,1.06535375,0.65336764,1.06535375
28,304,late,0.62544829,1.09995067,0.62544829,1.09995067
28,308,late,0.60017496,1.18318665,0.60017496,1.18318665
28,311,late,0.57300979,1.16219795,0.57300979,1.16219795
28,314,late,0.62849998,1.09320486,0.62849998,1.09320486
28,317,late,0.65632325,1.13807929,0.65632325,1.13807929
28,320,late,0.61215645,1.18130088,0.61215645,1.18130088
28,324,late,0.65535569,1.11804962,0.65535569,1.11804962
28,327,late,0.64195895,1.10693848,0.64195895,1.10693848
28,330,late,0.70171046,1.11090112,0.70171046,1.11090112
28,333,late,0.68532431,1.13379109,0.68532431,1.13379109
28,336,late,0.69315553,1.08394897,0.69315553,1.08394897
28,340,late,0.61388427,1.07613552,0.61388427,1.07613552
28,343,late,0.55595618,1.05425274,0.55595618,1.05425274
28,346,late,0.57767022,1.04742873,0.57767022,1.04742873
28,349,late,0.60082966,1.03810751,0.60082966,1.03810751
28,352,late,0.54418701,0.95021284,0.54418701,0.95021284
28,356,late,0.55860817,0.88486117,0.55860817,0.88486117
28,359,late,0.48886901,0.87614506,0.48886901,0.87614506
28,362,late,0.47642916,0.88862091,0.47642916,0.88862091
28,365,late,0.44161370,0.80712295,0.44161370,0.80712295
28,368,late,0.46117952,0.81443262,0.46117952,0.81443262
28,372,late,0.41455132,0.83595836,0.41455132,0.83595836
28,375,late,0.39796177,0.77462530,0.39796177,0.77462530
28,378,late,0.44319183,0.80149186,0.44319183,0.80149186
28,381,late,0.46178997,0.77201462,0.46178997,0.77201462
28,384,late,0.40436533,0.82250172,0.40436533,0.82250172
28,388,late,0.43358612,0.82583958,0.43358612,0.82583958
28,391,late,0.38271481,0.81507397,0.38271481,0.81507397
28,394,late,0.34979799,0.75907415,0.34979799,0.75907415
28,397,late,0.29231220,0.78249162,0.29231220,0.78249162
28,400,late,0.46308702,0.80339295,0.46308702,0.80339295
28,404,late,0.46595928,0.79719877,0.46595928,0.79719877
28,407,late,0.49098200,0.73693830,0.49098200,0.73693830
28,410,late,0.45933598,0.73247415,0.45933598,0.73247415
28,413,late,0.42940879,0.71559328,0.42940879,0.71559328
28,416,late,0.48336709,0.72718090,0.48336709,0.72718090
28,420,late,0.42682323,0.71960205,0.42682323,0.71960205
28,423,late,0.48631355,0.76570761,0.48631355,0.76570761
28,426,late,0.39626175,0.71293908,0.39626175,0.71293908
28,429,late,0.39368439,0.71320730,0.39368439,0.71320730
28,432,late,0.42357817,0.70091939,0.42357817,0.70091939
28,436,late,0.40407860,0.68073249,0.40407860,0.68073249
28,439,late,0.47573930,0.73178709,0.47573930,0.73178709
28,442,late,0.56719619,0.76025504,0.56719619,0.76025504
28,445,late,0.50373709,0.71356487,0.50373709,0.71356487
28,448,late,0.54438382,0.65874714,0.54438382,0.65874714
28,452,late,0.43539965,0.69270253,0.43539965,0.69270253
28,455,late,0.51973939,0.66393417,0.51973939,0.66393417
28,458,late,0.44777688,0.63944709,0.44777688,0.63944709
28,461,late,0.42705095,0.63409394,0.42705095,0.63409394
28,464,late,0.36787096,0.63960052,0.36787096,0.63960052
28,468,late,0.33809566,0.67651808,0.33809566,0.67651808
28,471,late,0.32875887,0.64296222,0.32875887,0.64296222
28,474,late,0.40674040,0.67262584,0.40674040,0.67262584
28,477,late,0.33909628,0.68056166,0.33909628,0.68056166
28,480,late,0.34944320,0.62095028,0.34944320,0.62095028
28,484,late,0.33849058,0.62677985,0.33849058,0.62677985
28,487,late,0.44475839,0.61627507,0.44475839,0.61627507
28,490,late,0.38243765,0.63437742,0.38243765,0.63437742
28,493,late,0.44743842,0.60133094,0.44743842,0.60133094
28,496,late,0.46724287,0.54808992,0.46724287,0.54808992
29,0,early,-0.18376359,0.23143706,-0.18376359,0.23143706
29,3,early,-0.13111266,0.19383931,-0.13111266,0.19383931
29,6,early,-0.04907615,0.18616115,-0.04907615,0.18616115
29,9,early,-0.08334089,0.08650263,-0.08334089,0.08650263
29,12,early,-0.15101396,0.15832803,-0.15101396,0.15832803
29,16,early,-0.12087005,0.24238439,-0.12087005,0.24238439
29,19,early,-0.15103929,0.24654828,-0.15103929,0.24654828
29,22,early,-0.15669073,0.28979817,-0.15669073,0.28979817
29,25,early,-0.18492782,0.29713205,-0.18492782,0.29713205
29,28,early,-0.11752571,0.33298105,-0.11752571,0.33298105
29,32,early,-0.17090745,0.37226903,-0.17090745,0.37226903
29,35,early,-0.14879581,0.36659211,-0.14879581,0.36659211
29,38,early,-0.10958750,0.32052225,-0.10958750,0.32052225
29,41,early,-0.13385810,0.36726964,-0.13385810,0.36726964
29,45,early,-0.02896277,0.26600036,-0.02896277,0.26600036
29,48,early,-0.01632126,0.19774777,-0.01632126,0.19774777
29,51,early,-0.00272361,0.25235236,-0.00272361,0.25235236
29,54,early,0.01105034,0.21645792,0.01105034,0.21645792
29,57,early,-0.07771267,0.20568813,-0.07771267,0.20568813
29,61,early,-0.02738810,0.15379436,-0.02738810,0.15379436
29,64,early,-0.04456329,0.07554019,-0.04456329,0.07554019
29,67,early,-0.11432998,0.05320276,-0.11432998,0.05320276
29,70,early,-0.18939556,0.04736496,-0.18939556,0.04736496
29,73,early,-0.17672876,0.09837174,-0.17672876,0.09837174
29,77,early,-0.24045047,0.10039593,-0.24045047,0.10039593
29,80,early,-0.18766260,0.13328341,-0.18766260,0.13328341
29,83,early,-0.15527782,0.09744243,-0.15527782,0.09744243
29,86,early,-0.21226865,0.13491234,-0.21226865,0.13491234
29,89,early,-0.26371995,0.14933282,-0.26371995,0.14933282
29,93,early,-0.23606338,0.18688284,-0.23606338,0.18688284
29,96,early,-0.14568254,0.09895546,-0.14568254,0.09895546
29,99,early,-0.03695596,0.13784556,-0.03695596,0.13784556
29,102,early,-0.12329306,0.11791372,-0.12329306,0.11791372
29,105,early,-0.08803505,0.15111700,-0.08803505,0.15111700
29,109,early,-0.10965421,0.20881802,-0.10965421,0.20881802
29,112,early,-0.10935243,0.25440180,-0.10935243,0.25440180
29,115,early,-0.16951656,0.22261406,-0.16951656,0.22261406
29,118,early,-0.20423830,0.29762107,-0.20423830,0.29762107
29,121,early,-0.17009994,0.32000288,-0.17009994,0.32000288
29,125,early,-0.10182530,0.32624507,-0.10182530,0.32624507
29,128,early,-0.08880997,0.31588963,-0.08880997,0.31588963
29,131,early,-0.14568390,0.34785226,-0.14568390,0.34785226
29,134,early,-0.23836356,0.40862313,-0.23836356,0.40862313
29,137,early,-0.25264451,0.30513835,-0.25264451,0.30513835
29,141,early,-0.21435940,0.24973902,-0.21435940,0.24973902
29,144,early,-0.10819158,0.23412484,-0.10819158,0.23412484
29,147,early,-0.12107860,0.25825348,-0.12107860,0.25825348
29,150,early,-0.16205871,0.17424625,-0.16205871,0.17424625
29,153,early,-0.17809406,0.21115579,-0.17809406,0.21115579
29,157,early,-0.09198579,0.23821385,-0.09198579,0.23821385
29,160,early,-0.03392413,0.18812749,-0.03392413,0.18812749
29,163,early,-0.07262631,0.19911140,-0.07262631,0.19911140
29,166,early,-0.08190336,0.26177233,-0.08190336,0.26177233
29,169,early,-0.12076150,0.19780527,-0.12076150,0.19780527
29,173,early,-0.24672605,0.19220434,-0.24672605,0.19220434
29,176,early,-0.19114813,0.22718100,-0.19114813,0.22718100
29,179,early,-0.25198731,0.16242115,-0.25198731,0.16242115
29,182,early,-0.33831090,0.21777296,-0.33831090,0.21777296
29,185,early,-0.33415681,0.29048404,-0.33415681,0.29048404
29,189,early,-0.38433826,0.29104182,-0.38433826,0.29104182
29,192,early,-0.43664911,0.27511063,-0.43664911,0.27511063
29,195,early,-0.47508591,0.28578371,-0.47508591,0.28578371
29,198,early,-0.48450235,0.20911857,-0.48450235,0.20911857
29,201,early,-0.55059534,0.12978922,-0.55059534,0.12978922
29,205,early,-0.48046681,0.19566129,-0.48046681,0.19566129
29,208,early,-0.46273819,0.26398027,-0.46273819,0.26398027
29,211,early,-0.40173566,0.31023574,-0.40173566,0.31023574
29,214,early,-0.29980344,0.21462524,-0.29980344,0.21462524
29,217,early,-0.33166552,0.14584555,-0.33166552,0.14584555
29,221,early,-0.38593280,0.11628664,-0.38593280,0.11628664
29,224,early,-0.54169011,0.18920052,-0.54169011,0.18920052
29,227,early,-0.51027906,0.17328292,-0.51027906,0.17328292
29,230,early,-0.49781838,0.18093412,-0.49781838,0.18093412
29,233,early,-0.44490463,0.17767805,-0.44490463,0.17767805
29,237,early,-0.53742951,0.10566232,-0.53742951,0.10566232
29,240,early,-0.57295847,0.14411357,-0.57295847,0.14411357
29,243,early,-0.66808790,0.10232494,-0.66808790,0.10232494
29,246,early,-0.69045150,0.00479306,-0.69045150,0.00479306
29,249,early,-0.59264016,0.05241705,-0.59264016,0.05241705
29,253,late,-0.47517568,0.09455189,-0.47517568,0.09455189
29,256,late,-0.47555226,0.11340462,-0.47555226,0.11340462
29,259,late,-0.34559005,0.15373892,-0.34559005,0.15373892
29,262,late,-0.41440442,0.17174798,-0.41440442,0.17174798
29,265,late,-0.46587956,0.17151539,-0.46587956,0.17151539
29,269,late,-0.42296392,0.23077017,-0.42296392,0.23077017
29,272,late,-0.45974874,0.32513496,-0.45974874,0.32513496
29,275,late,-0.47086751,0.37693572,-0.47086751,0.37693572
29,278,late,-0.42025721,0.38850501,-0.42025721,0.38850501
29,281,late,-0.40641540,0.47056308,-0.40641540,0.47056308
29,285,late,-0.35550293,0.58088207,-0.35550293,0.58088207
29,288,late,-0.46218020,0.57999372,-0.46218020,0.57999372
29,291,late,-0.42250943,0.51801884,-0.42250943,0.51801884
29,294,late,-0.45903429,0.51978904,-0.45903429,0.51978904
29,297,late,-0.50139374,0.54745114,-0.50139374,0.54745114
29,301,late,-0.38301879,0.49747503,-0.38301879,0.49747503
29,304,late,-0.32224351,0.44128704,-0.32224351,0.44128704
29,307,late,-0.34204254,0.51978767,-0.34204254,0.51978767
29,310,late,-0.40212184,0.49270621,-0.40212184,0.49270621
29,313,late,-0.40928727,0.51049483,-0.40928727,0.51049483
29,317,late,-0.49289599,0.58562785,-0.49289599,0.58562785
29,320,late,-0.55014753,0.54746795,-0.55014753,0.54746795
29,323,late,-0.51236463,0.52990818,-0.51236463,0.52990818
29,326,late,-0.38784361,0.60069823,-0.38784361,0.60069823
29,329,late,-0.31846106,0.51350838,-0.31846106,0.51350838
29,333,late,-0.37023956,0.38433570,-0.37023956,0.38433570
29,336,late,-0.37316343,0.31831560,-0.37316343,0.31831560
29,339,late,-0.36000031,0.29706189,-0.36000031,0.29706189
29,342,late,-0.31854573,0.32474959,-0.31854573,0.32474959
29,345,late,-0.23831072,0.16997391,-0.23831072,0.16997391
29,349,late,-0.23200381,0.12571335,-0.23200381,0.12571335
29,352,late,-0.25214127,0.15587091,-0.25214127,0.15587091
29,355,late,-0.27181000,0.18119130,-0.27181000,0.18119130
29,358,late,-0.34237331,0.10661743,-0.34237331,0.10661743
29,361,late,-0.33507797,0.08535732,-0.33507797,0.08535732
29,365,late,-0.28787675,-0.03596635,-0.28787675,-0.03596635
29,368,late,-0.35680896,0.01220116,-0.35680896,0.01220116
29,371,late,-0.33044636,0.09173426,-0.33044636,0.09173426
29,374,late,-0.27034661,0.01943748,-0.27034661,0.01943748
29,377,late,-0.23644605,-0.00004311,-0.23644605,-0.00004311
29,381,late,-0.27054730,-0.03693062,-0.27054730,-0.03693062
29,384,late,-0.26553744,0.01688280,-0.26553744,0.01688280
29,387,late,-0.26236239,-0.06229742,-0.26236239,-0.06229742
29,390,late,-0.23785049,-0.05415966,-0.23785049,-0.05415966
29,393,late,-0.23432496,-0.07210840,-0.23432496,-0.07210840
29,397,late,-0.21446112,0.05747159,-0.21446112,0.05747159
29,400,late,-0.17976695,0.17671391,-0.17976695,0.17671391
29,403,late,-0.20118345,0.14508311,-0.20118345,0.14508311
29,406,late,-0.10884137,0.10092504,-0.10884137,0.10092504
29,409,late,-0.06532504,0.16044961,-0.06532504,0.16044961
29,413,late,-0.12533224,0.19668856,-0.12533224,0.19668856
29,416,late,-0.14532435,0.14365284,-0.14532435,0.14365284
29,419,late,-0.16964993,0.15647523,-0.16964993,0.15647523
29,422,late,-0.10200271,0.23747307,-0.10200271,0.23747307
29,425,late,-0.15144163,0.29537636,-0.15144163,0.29537636
29,429,late,-0.15553528,0.24294065,-0.15553528,0.24294065
29,432,late,-0.23503780,0.25964525,-0.23503780,0.25964525
29,435,late,-0.16381119,0.24836050,-0.16381119,0.24836050
29,438,late,-0.10450795,0.16999488,-0.10450795,0.16999488
29,441,late,-0.09236649,0.17657603,-0.09236649,0.17657603
29,445,late,-0.08826123,0.21493603,-0.08826123,0.21493603
29,448,late,-0.15231010,0.26078013,-0.15231010,0.26078013
29,451,late,-0.09091715,0.27612680,-0.09091715,0.27612680
29,454,late,-0.12241644,0.31198519,-0.12241644,0.31198519
29,457,late,-0.06005651,0.32430962,-0.06005651,0.32430962
29,461,late,0.03421492,0.32368994,0.03421492,0.32368994
29,464,late,0.04593652,0.33919793,0.04593652,0.33919793
29,467,late,0.04238607,0.33847070,0.04238607,0.33847070
29,470,late,0.02240252,0.42210737,0.02240252,0.42210737
29,473,late,0.00632141,0.37358207,0.00632141,0.37358207
29,477,late,-0.06987227,0.30415699,-0.06987227,0.30415699
29,480,late,-0.02494612,0.36745381,-0.02494612,0.36745381
29,483,late,-0.07896578,0.31996503,-0.07896578,0.31996503
29,486,late,-0.06905777,0.28323975,-0.06905777,0.28323975
29,489,late,-0.02333795,0.32784009,-0.02333795,0.32784009
29,493,late,-0.05127826,0.34053397,-0.05127826,0.34053397
29,496,late,-0.02855534,0.32368618,-0.02855534,0.32368618
29,499,late,-0.08193864,0.31166449,-0.08193864,0.31166449
30,2,early,0.62688380,1.21441662,0.62688380,1.21441662
30,5,early,0.65985733,1.21186531,0.65985733,1.21186531
30,9,early,0.73358810,1.13001943,0.73358810,1.13001943
30,12,early,0.72822124,1.24312854,0.72822124,1.24312854
30,15,early,0.73349708,1.27036238,0.73349708,1.27036238
30,18,early,0.68490207,1.19592690,0.68490207,1.19592690
30,21,early,0.65717882,1.15901136,0.65717882,1.15901136
30,25,early,0.66943246,1.15684378,0.66943246,1.15684378
30,28,early,0.72432584,1.15049100,0.72432584,1.15049100
30,31,early,0.68286550,1.23818886,0.68286550,1.23818886
30,34,early,0.71652669,1.31084538,0.71652669,1.31084538
30,37,early,0.72378463,1.26632273,0.72378463,1.26632273
30,41,early,0.76611441,1.27763772,0.76611441,1.27763772
30,44,early,0.75849599,1.35089886,0.75849599,1.35089886
30,47,early,0.83561981,1.38097179,0.83561981,1.38097179
30,50,early,0.83953625,1.38528204,0.83953625,1.38528204
30,53,early,0.80653960,1.40005386,0.80653960,1.40005386
30,57,early,0.77057606,1.38044310,0.77057606,1.38044310
30,60,early,0.79694951,1.35109830,0.79694951,1.35109830
30,63,early,0.70911676,1.25989532,0.70911676,1.25989532
30,66,early,0.77193809,1.28555155,0.77193809,1.28555155
30,69,early,0.78523928,1.29295373,0.78523928,1.29295373
30,73,early,0.81472588,1.32505751,0.81472588,1.32505751
30,76,early,0.76896286,1.34279215,0.76896286,1.34279215
30,79,early,0.77587116,1.42177212,0.77587116,1.42177212
30,82,early,0.80025887,1.39830208,0.80025887,1.39830208
30,85,early,0.79065353,1.35672760,0.79065353,1.35672760
30,89,early,0.83208573,1.41986275,0.83208573,1.41986275
30,92,early,0.80708492,1.44766021,0.80708492,1.44766021
30,95,early,0.78271353,1.40970433,0.78271353,1.40970433
30,98,early,0.74185687,1.35075450,0.74185687,1.35075450
30,101,early,0.83035088,1.36893463,0.83035088,1.36893463
30,105,early,0.82551044,1.38554645,0.82551044,1.38554645
30,108,early,0.72314149,1.27769303,0.72314149,1.27769303
30,111,early,0.68220580,1.20540202,0.68220580,1.20540202
30,114,early,0.64728653,1.22936082,0.64728653,1.22936082
30,117,early,0.68559915,1.19347727,0.68559915,1.19347727
30,121,early,0.63211775,1.16516256,0.63211775,1.16516256
30,124,early,0.68966556,1.23702443,0.68966556,1.23702443
30,127,early,0.60462588,1.15425205,0.60462588,1.15425205
30,130,early,0.70022094,1.05426025,0.70022094,1.05426025
30,133,early,0.63099420,1.06391311,0.63099420,1.06391311
30,137,early,0.64410794,1.11137700,0.64410794,1.11137700
30,140,early,0.60136700,1.02763581,0.60136700,1.02763581
30,143,early,0.61897820,1.08640063,0.61897820,1.08640063
30,146,early,0.56279236,1.04101586,0.56279236,1.04101586
30,149,early,0.57283592,0.99537766,0.57283592,0.99537766
30,153,early,0.51596570,0.93476254,0.51596570,0.93476254
30,156,early,0.51722836,1.06512237,0.51722836,1.06512237
30,159,early,0.46341756,0.96900249,0.46341756,0.96900249
30,162,early,0.46347827,0.91184938,0.46347827,0.91184938
30,165,early,0.47063556,0.91397887,0.47063556,0.91397887
30,169,early,0.56675684,1.03369296,0.56675684,1.03369296
30,172,early,0.53549385,1.00421786,0.53549385,1.00421786
30,175,early,0.54123962,1.02465641,0.54123962,1.02465641
30,178,early,0.52932841,1.01445377,0.52932841,1.01445377
30,181,early,0.53135514,1.03128314,0.53135514,1.03128314
30,185,early,0.51337296,0.96992505,0.51337296,0.96992505
30,188,early,0.56952763,1.00930631,0.56952763,1.00930631
30,191,early,0.56535184,1.03121233,0.56535184,1.03121233
30,194,early,0.56262660,1.03947937,0.56262660,1.03947937
30,197,early,0.57946175,0.88776624,0.57946175,0.88776624
30,201,early,0.57835662,0.90112281,0.57835662,0.90112281
30,204,early,0.50336629,0.92596865,0.50336629,0.92596865
30,207,early,0.53218079,0.82150865,0.53218079,0.82150865
30,210,early,0.53080785,0.81694514,0.53080785,0.81694514
30,213,early,0.54846591,0.82317621,0.54846591,0.82317621
30,217,early,0.49646839,0.78604120,0.49646839,0.78604120
30,220,early,0.42729920,0.71989095,0.42729920,0.71989095
30,223,early,0.42808637,0.63843715,0.42808637,0.63843715
30,226,early,0.42973512,0.68589664,0.42973512,0.68589664
30,229,early,0.39583018,0.76426399,0.39583018,0.76426399
30,233,early,0.33318615,0.74379539,0.33318615,0.74379539
30,236,early,0.39804617,0.68953848,0.39804617,0.68953848
30,239,early,0.33194429,0.62127548,0.33194429,0.62127548
30,242,early,0.29682124,0.59873694,0.29682124,0.59873694
30,245,early,0.38330677,0.51276112,0.38330677,0.51276112
30,249,early,0.33518913,0.47841057,0.33518913,0.47841057
30,252,late,0.23045132,0.48495495,0.23045132,0.48495495
30,255,late,0.16783528,0.48003140,0.16783528,0.48003140
30,258,late,0.21804786,0.43148458,0.21804786,0.43148458
30,261,late,0.29610357,0.33761710,0.29610357,0.33761710
30,265,late,0.34102488,0.30085903,0.34102488,0.30085903
30,268,late,0.30308154,0.21662787,0.30308154,0.21662787
30,271,late,0.24330822,0.15235268,0.24330822,0.15235268
30,274,late,0.17089646,0.15394264,0.17089646,0.15394264
30,277,late,0.13258342,0.14351124,0.13258342,0.14351124
30,281,late,0.09949521,0.14116412,0.09949521,0.14116412
30,284,late,0.05661812,0.17240663,0.05661812,0.17240663
30,287,late,0.08294370,0.16715473,0.08294370,0.16715473
30,290,late,0.16426447,0.24567571,0.16426447,0.24567571
30,293,late,0.15986481,0.25426891,0.15986481,0.25426891
30,297,late,0.37180874,0.19988409,0.37180874,0.19988409
30,300,late,0.35035431,0.15622911,0.35035431,0.15622911
30,303,late,0.31948793,0.09269450,0.31948793,0.09269450
30,306,late,0.33821368,0.09814680,0.33821368,0.09814680
30,309,late,0.42550695,-0.01871168,0.42550695,-0.01871168
30,313,late,0.39137366,-0.07996802,0.39137366,-0.07996802
30,316,late,0.41699377,-0.03322805,0.41699377,-0.03322805
30,319,late,0.42974365,0.10108060,0.42974365,0.10108060
30,322,late,0.46547654,0.04884204,0.46547654,0.04884204
30,325,late,0.46704692,0.06924982,0.46704692,0.06924982
30,329,late,0.39445353,0.07825534,0.39445353,0.07825534
30,332,late,0.36460295,0.03257534,0.36460295,0.03257534
30,335,late,0.42206529,0.07841381,0.42206529,0.07841381
30,338,late,0.43202245,0.07166202,0.43202245,0.07166202
30,341,late,0.45190802,0.01408870,0.45190802,0.01408870
30,345,late,0.38810042,-0.04758488,0.38810042,-0.04758488
30,348,late,0.44888523,0.02793656,0.44888523,0.02793656
30,351,late,0.38159415,0.07227771,0.38159415,0.07227771
30,354,late,0.32425949,0.04412812,0.32425949,0.04412812
30,357,late,0.33071575,0.01372300,0.33071575,0.01372300
30,361,late,0.40855077,0.00890329,0.40855077,0.00890329
30,364,late,0.44877630,0.05301480,0.44877630,0.05301480
30,367,late,0.44474584,-0.01801175,0.44474584,-0.01801175
30,370,late,0.36364806,0.03543810,0.36364806,0.03543810
30,373,late,0.29277021,0.04724019,0.29277021,0.04724019
30,377,late,0.29841742,0.13764924,0.29841742,0.13764924
30,380,late,0.30555049,0.09160259,0.30555049,0.09160259
30,383,late,0.34657323,0.06665451,0.34657323,0.06665451
30,386,late,0.23432845,0.03671397,0.23432845,0.03671397
30,389,late,0.36462620,0.06059099,0.36462620,0.06059099
30,393,late,0.32619256,0.11783941,0.32619256,0.11783941
30,396,late,0.42701867,0.09802208,0.42701867,0.09802208
30,399,late,0.40997455,0.16163152,0.40997455,0.16163152
30,402,late,0.43691149,0.16174623,0.43691149,0.16174623
30,405,late,0.46439517,0.09910148,0.46439517,0.09910148
30,409,late,0.50036502,0.03911570,0.50036502,0.03911570
30,412,late,0.47274044,0.08922005,0.47274044,0.08922005
30,415,late,0.39298698,0.14092058,0.39298698,0.14092058
30,418,late,0.36465967,0.17187418,0.36465967,0.17187418
30,421,late,0.35085529,0.15992330,0.35085529,0.15992330
30,425,late,0.34139913,0.14674564,0.34139913,0.14674564
30,428,late,0.41494113,0.17582472,0.41494113,0.17582472
30,431,late,0.41464496,0.13167517,0.41464496,0.13167517
30,434,late,0.35144192,0.11068005,0.35144192,0.11068005
30,437,late,0.37631109,0.02206380,0.37631109,0.02206380
30,441,late,0.31736556,0.05089133,0.31736556,0.05089133
30,444,late,0.34184960,0.01945732,0.34184960,0.01945732
30,447,late,0.42101693,0.04198989,0.42101693,0.04198989
30,450,late,0.42101857,0.02289755,0.42101857,0.02289755
30,453,late,0.29858458,0.06489442,0.29858458,0.06489442
30,457,late,0.25151247,0.11462872,0.25151247,0.11462872
30,460,late,0.24313255,0.08384839,0.24313255,0.08384839
30,463,late,0.20835803,-0.01045600,0.20835803,-0.01045600
30,466,late,0.16244796,0.06800309,0.16244796,0.06800309
30,469,late,0.09904452,0.08832790,0.09904452,0.08832790
30,473,late,0.10661732,0.11107209,0.10661732,0.11107209
30,476,late,0.07917667,0.12675942,0.07917667,0.12675942
30,479,late,0.07430980,0.08638348,0.07430980,0.08638348
30,482,late,0.11074215,0.14116620,0.11074215,0.14116620
30,485,late,0.21301675,0.18505506,0.21301675,0.18505506
30,489,late,0.29424867,0.19417106,0.29424867,0.19417106
30,492,late,0.30020887,0.30350098,0.30020887,0.30350098
30,495,late,0.25813383,0.33936489,0.25813383,0.33936489
30,498,late,0.21205699,0.33420849,0.21205699,0.33420849
31,1,early,-0.93762112,1.65817750,-0.93762112,1.65817750
31,5,early,-0.93762112,1.65817750,-0.93762112,1.65817750
31,8,early,-0.93762112,1.65817750,-0.93762112,1.65817750
31,11,early,-0.93762112,1.65817750,-0.93762112,1.65817750
31,14,early,-0.93762112,1.65817750,-0.93762112,1.65817750
31,17,early,-0.93762112,1.65817750,-0.93762112,1.65817750
31,21,early,-0.93762112,1.65817750,-0.93762112,1.65817750
31,24,early,-0.93762112,1.65817750,-0.93762112,1.65817750
31,27,early,-0.93762112,1.65817750,-0.93762112,1.65817750
31,30,early,-0.93762112,1.65817750,-0.93762112,1.65817750
31,33,early,-0.93762112,1.65817750,-0.93762112,1.65817750
31,37,early,-0.93762112,1.65817750,-0.93762112,1.65817750
31,40,early,-0.93762112,1.65817750,-0.93762112,1.65817750
31,43,early,-0.93762112,1.65817750,-0.93762112,1.65817750
31,46,early,-0.93762112,1.65817750,-0.93762112,1.65817750
31,49,early,-0.93762112,1.65817750,-0.93762112,1.65817750
31,53,early,-0.93762112,1.65817750,-0.93762112,1.65817750
31,56,early,-0.93762112,1.65817750,-0.93762112,1.65817750
31,59,early,-0.93762112,1.65817750,-0.93762112,1.65817750
31,62,early,-0.93762112,1.65817750,-0.93762112,1.65817750
31,65,early,-0.93762112,1.65817750,-0.93762112,1.65817750
31,69,early,-0.93762112,1.65817750,-0.93762112,1.65817750
31,72,early,-0.93762112,1.65817750,-0.93762112,1.65817750
31,75,early,-0.93762112,1.65817750,-0.93762112,1.65817750
31,78,early,-0.93762112,1.65817750,-0.93762112,1.65817750
31,81,early,-0.93762112,1.65817750,-0.93762112,1.65817750
31,85,early,-0.93762112,1.65817750,-0.93762112,1.65817750
31,88,early,-0.93762112,1.65817750,-0.93762112,1.65817750
31,91,early,-0.93762112,1.65817750,-0.93762112,1.65817750
31,94,early,-0.93762112,1.65817750,-0.93762112,1.65817750
31,97,early,-0.93762112,1.65817750,-0.93762112,1.65817750
31,101,early,-0.93762112,1.65817750,-0.93762112,1.65817750
31,104,early,-0.93762112,1.65817750,-0.93762112,1.65817750
31,107,early,-0.93762112,1.65817750,-0.93762112,1.65817750
31,110,early,-0.93762112,1.65817750,-0.93762112,1.65817750
31,113,early,-0.93762112,1.65817750,-0.93762112,1.65817750
31,117,early,-0.93762112,1.65817750,-0.93762112,1.65817750
31,120,early,-0.93762112,1.65817750,-0.93762112,1.65817750
31,123,early,-0.93762112,1.65817750,-0.93762112,1.65817750
31,126,early,-0.93762112,1.65817750,-0.93762112,1.65817750
31,129,early,-0.93762112,1.65817750,-0.93762112,1.65817750
31,133,early,-0.93762112,1.65817750,-0.93762112,1.65817750
31,136,early,-0.93762112,1.65817750,-0.93762112,1.65817750
31,139,early,-0.93762112,1.65817750,-0.93762112,1.65817750
31,142,early,-0.93762112,1.65817750,-0.93762112,1.65817750
31,145,early,-0.93762112,1.65817750,-0.93762112,1.65817750
31,149,early,-0.93762112,1.65817750,-0.93762112,1.65817750
31,152,early,-0.93762112,1.65817750,-0.93762112,1.65817750
31,155,early,-0.93762112,1.65817750,-0.93762112,1.65817750
31,158,early,-0.93762112,1.65817750,-0.93762112,1.65817750
31,161,early,-0.93762112,1.65817750,-0.93762112,1.65817750
31,165,early,-0.93762112,1.65817750,-0.93762112,1.65817750
31,168,early,-0.93762112,1.65817750,-0.93762112,1.65817750
31,171,early,-0.93762112,1.65817750,-0.93762112,1.65817750
31,174,early,-0.93762112,1.65817750,-0.93762112,1.65817750
31,177,early,-0.93762112,1.65817750,-0.93762112,1.65817750
31,181,early,-0.93762112,1.65817750,-0.93762112,1.65817750
31,184,early,-0.93762112,1.65817750,-0.93762112,1.65817750
31,187,early,-0.93762112,1.65817750,-0.93762112,1.65817750
31,190,early,-0.93762112,1.65817750,-0.93762112,1.65817750
31,193,early,-0.93762112,1.65817750,-0.93762112,1.65817750
31,197,early,-0.93762112,1.65817750,-0.93762112,1.65817750
31,200,early,-0.93762112,1.65817750,-0.93762112,1.65817750
31,203,early,-0.93762112,1.65817750,-0.93762112,1.65817750
31,206,early,-0.93762112,1.65817750,-0.93762112,1.65817750
31,209,early,-0.93762112,1.65817750,-0.93762112,1.65817750
31,213,early,-0.93762112,1.65817750,-0.93762112,1.65817750
31,216,early,-0.93762112,1.65817750,-0.93762112,1.65817750
31,219,early,-0.93762112,1.65817750,-0.93762112,1.65817750
31,222,early,-0.93762112,1.65817750,-0.93762112,1.65817750
31,225,early,-0.93762112,1.65817750,-0.93762112,1.65817750
31,229,early,-0.93762112,1.65817750,-0.93762112,1.65817750
31,232,early,-0.93762112,1.65817750,-0.93762112,1.65817750
31,235,early,-0.93762112,1.65817750,-0.93762112,1.65817750
31,238,early,-0.93762112,1.65817750,-0.93762112,1.65817750
31,241,early,-0.93762112,1.65817750,-0.93762112,1.65817750
31,245,early,-0.93762112,1.65817750,-0.93762112,1.65817750
31,248,early,-0.93762112,1.65817750,-0.93762112,1.65817750
31,251,late,-0.93762112,1.65817750,-0.93762112,1.65817750
31,254,late,-0.93762112,1.65817750,-0.93762112,1.65817750
31,257,late,-0.93762112,1.65817750,-0.93762112,1.65817750
31,261,late,-0.93762112,1.65817750,-0.93762112,1.65817750
31,264,late,-0.93762112,1.65817750,-0.93762112,1.65817750
31,267,late,-0.93762112,1.65817750,-0.93762112,1.65817750
31,270,late,-0.93762112,1.65817750,-0.93762112,1.65817750
31,273,late,-0.93762112,1.65817750,-0.93762112,1.65817750
31,277,late,-0.93762112,1.65817750,-0.93762112,1.65817750
31,280,late,-0.93762112,1.65817750,-0.93762112,1.65817750
31,283,late,-0.93762112,1.65817750,-0.93762112,1.65817750
31,286,late,-0.93762112,1.65817750,-0.93762112,1.65817750
31,289,late,-0.93762112,1.65817750,-0.93762112,1.65817750
31,293,late,-0.93762112,1.65817750,-0.93762112,1.65817750
31,296,late,-0.93762112,1.65817750,-0.93762112,1.65817750
31,299,late,-0.93762112,1.65817750,-0.93762112,1.65817750
31,302,late,-0.93762112,1.65817750,-0.93762112,1.65817750
31,305,late,-0.93762112,1.65817750,-0.93762112,1.65817750
31,309,late,-0.93762112,1.65817750,-0.93762112,1.65817750
31,312,late,-0.93762112,1.65817750,-0.93762112,1.65817750
31,315,late,-0.93762112,1.65817750,-0.93762112,1.65817750
31,318,late,-0.93762112,1.65817750,-0.93762112,1.65817750
31,321,late,-0.93762112,1.65817750,-0.93762112,1.65817750
31,325,late,-0.93762112,1.65817750,-0.93762112,1.65817750
31,328,late,-0.93762112,1.65817750,-0.93762112,1.65817750
31,331,late,-0.93762112,1.65817750,-0.93762112,1.65817750
31,334,late,-0.93762112,1.65817750,-0.93762112,1.65817750
31,337,late,-0.93762112,1.65817750,-0.93762112,1.65817750
31,341,late,-0.93762112,1.65817750,-0.93762112,1.65817750
31,344,late,-0.93762112,1.65817750,-0.93762112,1.65817750
31,347,late,-0.93762112,1.65817750,-0.93762112,1.65817750
31,350,late,-0.93762112,1.65817750,-0.93762112,1.65817750
31,353,late,-0.93762112,1.65817750,-0.93762112,1.65817750
31,357,late,-0.93762112,1.65817750,-0.93762112,1.65817750
31,360,late,-0.93762112,1.65817750,-0.93762112,1.65817750
31,363,late,-0.93762112,1.65817750,-0.93762112,1.65817750
31,366,late,-0.93762112,1.65817750,-0.93762112,1.65817750
31,369,late,-0.93762112,1.65817750,-0.93762112,1.65817750
31,373,late,-0.93762112,1.65817750,-0.93762112,1.65817750
31,376,late,-0.93762112,1.65817750,-0.93762112,1.65817750
31,379,late,-0.93762112,1.65817750,-0.93762112,1.65817750
31,382,late,-0.93762112,1.65817750,-0.93762112,1.65817750
31,385,late,-0.93762112,1.65817750,-0.93762112,1.65817750
31,389,late,-0.93762112,1.65817750,-0.93762112,1.65817750
31,392,late,-0.93762112,1.65817750,-0.93762112,1.65817750
31,395,late,-0.93762112,1.65817750,-0.93762112,1.65817750
31,398,late,-0.93762112,1.65817750,-0.93762112,1.65817750
31,401,late,-0.93762112,1.65817750,-0.93762112,1.65817750
31,405,late,-0.93762112,1.65817750,-0.93762112,1.65817750
31,408,late,-0.93762112,1.65817750,-0.93762112,1.65817750
31,411,late,-0.93762112,1.65817750,-0.93762112,1.65817750
31,414,late,-0.93762112,1.65817750,-0.93762112,1.65817750
31,417,late,-0.93762112,1.65817750,-0.93762112,1.65817750
31,421,late,-0.93762112,1.65817750,-0.93762112,1.65817750
31,424,late,-0.93762112,1.65817750,-0.93762112,1.65817750
31,427,late,-0.93762112,1.65817750,-0.93762112,1.65817750
31,430,late,-0.93762112,1.65817750,-0.93762112,1.65817750
31,433,late,-0.93762112,1.65817750,-0.93762112,1.65817750
31,437,late,-0.93762112,1.65817750,-0.93762112,1.65817750
31,440,late,-0.93762112,1.65817750,-0.93762112,1.65817750
31,443,late,-0.93762112,1.65817750,-0.93762112,1.65817750
31,446,late,-0.93762112,1.65817750,-0.93762112,1.65817750
31,449,late,-0.93762112,1.65817750,-0.93762112,1.65817750
31,453,late,-0.93762112,1.65817750,-0.93762112,1.65817750
31,456,late,-0.93762112,1.65817750,-0.93762112,1.65817750
31,459,late,-0.93762112,1.65817750,-0.93762112,1.65817750
31,462,late,-0.93762112,1.65817750,-0.93762112,1.65817750
31,465,late,-0.93762112,1.65817750,-0.93762112,1.65817750
31,469,late,-0.93762112,1.65817750,-0.93762112,1.65817750
31,472,late,-0.93762112,1.65817750,-0.93762112,1.65817750
31,475,late,-0.93762112,1.65817750,-0.93762112,1.65817750
31,478,late,-0.93762112,1.65817750,-0.93762112,1.65817750
31,481,late,-0.93762112,1.65817750,-0.93762112,1.65817750
31,485,late,-0.93762112,1.65817750,-0.93762112,1.65817750
31,488,late,-0.93762112,1.65817750,-0.93762112,1.65817750
31,491,late,-0.93762112,1.65817750,-0.93762112,1.65817750
31,494,late,-0.93762112,1.65817750,-0.93762112,1.65817750
31,497,late,-0.93762112,1.65817750,-0.93762112,1.65817750
32,1,early,0.31675988,0.55760378,0.31675988,0.55760378
32,4,early,0.30643448,0.53977764,0.30643448,0.53977764
32,7,early,0.27940795,0.41395336,0.27940795,0.41395336
32,10,early,0.26636103,0.35924083,0.26636103,0.35924083
32,13,early,0.25593433,0.30769745,0.25593433,0.30769745
32,17,early,0.25740302,0.39603817,0.25740302,0.39603817
32,20,early,0.25354555,0.44810951,0.25354555,0.44810951
32,23,early,0.29917857,0.42818874,0.29917857,0.42818874
32,26,early,0.35185021,0.38372496,0.35185021,0.38372496
32,29,early,0.34967560,0.49220133,0.34967560,0.49220133
32,33,early,0.40929553,0.58332688,0.40929553,0.58332688
32,36,early,0.29981461,0.62100989,0.29981461,0.62100989
32,39,early,0.33834153,0.57257789,0.33834153,0.57257789
32,42,early,0.38039595,0.58314192,0.38039595,0.58314192
32,45,early,0.36503488,0.69909364,0.36503488,0.69909364
32,49,early,0.35613650,0.66982228,0.35613650,0.66982228
32,52,early,0.32289520,0.58596987,0.32289520,0.58596987
32,55,early,0.27889457,0.52859342,0.27889457,0.52859342
32,58,early,0.38902292,0.53502804,0.38902292,0.53502804
32,61,early,0.44230697,0.49309665,0.44230697,0.49309665
32,65,early,0.38090271,0.55701470,0.38090271,0.55701470
32,68,early,0.40507153,0.53221279,0.40507153,0.53221279
32,71,early,0.42345825,0.56852007,0.42345825,0.56852007
32,74,early,0.32675996,0.55531967,0.32675996,0.55531967
32,77,early,0.32617831,0.65182173,0.32617831,0.65182173
32,81,early,0.34101868,0.61744100,0.34101868,0.61744100
32,84,early,0.27452675,0.67918307,0.27452675,0.67918307
32,87,early,0.34162173,0.72283769,0.34162173,0.72283769
32,90,early,0.36256981,0.64031446,0.36256981,0.64031446
32,93,early,0.37184218,0.62465948,0.37184218,0.62465948
32,97,early,0.38443920,0.66786557,0.38443920,0.66786557
32,100,early,0.34740695,0.66845572,0.34740695,0.66845572
32,103,early,0.36293280,0.78929102,0.36293280,0.78929102
32,106,early,0.45185310,0.73657197,0.45185310,0.73657197
32,109,early,0.46538013,0.67945558,0.46538013,0.67945558
32,113,early,0.53100872,0.74073100,0.53100872,0.74073100
32,116,early,0.54183930,0.69185942,0.54183930,0.69185942
32,119,early,0.46853223,0.69140649,0.46853223,0.69140649
32,122,early,0.44547197,0.70547509,0.44547197,0.70547509
32,125,early,0.47759494,0.73109990,0.47759494,0.73109990
32,129,early,0.41110012,0.73897284,0.41110012,0.73897284
32,132,early,0.39435214,0.74374926,0.39435214,0.74374926
32,135,early,0.43882981,0.74338239,0.43882981,0.74338239
32,138,early,0.45325842,0.78068352,0.45325842,0.78068352
32,141,early,0.40537378,0.72518539,0.40537378,0.72518539
32,145,early,0.31446391,0.66019857,0.31446391,0.66019857
32,148,early,0.29991251,0.61262882,0.29991251,0.61262882
32,151,early,0.33727083,0.49836046,0.33727083,0.49836046
32,154,early,0.28508025,0.56081802,0.28508025,0.56081802
32,157,early,0.26858357,0.58899599,0.26858357,0.58899599
32,161,early,0.28646529,0.50580508,0.28646529,0.50580508
32,164,early,0.29792625,0.63803029,0.29792625,0.63803029
32,167,early,0.27075917,0.56308800,0.27075917,0.56308800
32,170,early,0.28002357,0.51962519,0.28002357,0.51962519
32,173,early,0.31926456,0.49115208,0.31926456,0.49115208
32,177,early,0.34924519,0.55544966,0.34924519,0.55544966
32,180,early,0.34740487,0.59062999,0.34740487,0.59062999
32,183,early,0.34846419,0.54596615,0.34846419,0.54596615
32,186,early,0.34732515,0.61774015,0.34732515,0.61774015
32,189,early,0.33510533,0.53053468,0.33510533,0.53053468
32,193,early,0.30178595,0.49506083,0.30178595,0.49506083
32,196,early,0.29537871,0.41171271,0.29537871,0.41171271
32,199,early,0.31050006,0.33866435,0.31050006,0.33866435
32,202,early,0.27789274,0.39886549,0.27789274,0.39886549
32,205,early,0.35155895,0.32072729,0.35155895,0.32072729
32,209,early,0.24151984,0.30776680,0.24151984,0.30776680
32,212,early,0.31828961,0.22756226,0.31828961,0.22756226
32,215,early,0.30183655,0.18177885,0.30183655,0.18177885
32,218,early,0.15353277,0.23072463,0.15353277,0.23072463
32,221,early,0.09748677,0.15245426,0.09748677,0.15245426
32,225,early,0.11911421,0.08627674,0.11911421,0.08627674
32,228,early,0.12471242,0.25560620,0.12471242,0.25560620
32,231,early,0.12550732,0.33253896,0.12550732,0.33253896
32,234,early,0.17128158,0.41297370,0.17128158,0.41297370
32,237,early,0.12937450,0.45225236,0.12937450,0.45225236
32,241,early,0.22558211,0.51303536,0.22558211,0.51303536
32,244,early,0.25046039,0.47351772,0.25046039,0.47351772
32,247,early,0.27207673,0.55150926,0.27207673,0.55150926
32,250,late,0.28097606,0.55145270,0.28097606,0.55145270
32,253,late,0.23319136,0.54316068,0.23319136,0.54316068
32,257,late,0.27119982,0.50208515,0.27119982,0.50208515
32,260,late,0.24766274,0.46317136,0.24766274,0.46317136
32,263,late,0.32523003,0.48389205,0.32523003,0.48389205
32,266,late,0.35614711,0.43953216,0.35614711,0.43953216
32,269,late,0.29405397,0.54501075,0.29405397,0.54501075
32,273,late,0.34303075,0.59389406,0.34303075,0.59389406
32,276,late,0.32574630,0.66932881,0.32574630,0.66932881
32,279,late,0.30520326,0.69803703,0.30520326,0.69803703
32,282,late,0.34146005,0.63350886,0.34146005,0.63350886
32,285,late,0.27714276,0.59266663,0.27714276,0.59266663
32,289,late,0.33075064,0.62548429,0.33075064,0.62548429
32,292,late,0.27284607,0.57346803,0.27284607,0.57346803
32,295,late,0.24056941,0.48773369,0.24056941,0.48773369
32,298,late,0.31458995,0.48296639,0.31458995,0.48296639
32,301,late,0.30219296,0.45278946,0.30219296,0.45278946
32,305,late,0.23932293,0.46091574,0.23932293,0.46091574
32,308,late,0.16804878,0.53938287,0.16804878,0.53938287
32,311,late,0.06991687,0.51821178,0.06991687,0.51821178
32,314,late,0.03971520,0.44788608,0.03971520,0.44788608
32,317,late,-0.05355252,0.35469121,-0.05355252,0.35469121
32,321,late,-0.01465258,0.28557041,-0.01465258,0.28557041
32,324,late,-0.06387251,0.33184868,-0.06387251,0.33184868
32,327,late,-0.11848418,0.25763303,-0.11848418,0.25763303
32,330,late,-0.04175789,0.25070524,-0.04175789,0.25070524
32,333,late,-0.06926513,0.28108498,-0.06926513,0.28108498
32,337,late,-0.16130675,0.37792742,-0.16130675,0.37792742
32,340,late,-0.07494172,0.40777069,-0.07494172,0.40777069
32,343,late,-0.08327532,0.44674313,-0.08327532,0.44674313
32,346,late,-0.06827121,0.37175086,-0.06827121,0.37175086
32,349,late,0.03750060,0.32207742,0.03750060,0.32207742
32,353,late,0.03848420,0.26688021,0.03848420,0.26688021
32,356,late,0.05568463,0.34151593,0.05568463,0.34151593
32,359,late,0.03757136,0.42404133,0.03757136,0.42404133
32,362,late,0.04331654,0.44902876,0.04331654,0.44902876
32,365,late,0.02775747,0.45213637,0.02775747,0.45213637
32,369,late,0.04630782,0.46698684,0.04630782,0.46698684
32,372,late,0.02979531,0.47861505,0.02979531,0.47861505
32,375,late,0.11719205,0.40891764,0.11719205,0.40891764
32,378,late,0.13931030,0.45223925,0.13931030,0.45223925
32,381,late,0.08991442,0.39246732,0.08991442,0.39246732
32,385,late,0.12636499,0.38371226,0.12636499,0.38371226
32,388,late,0.07300165,0.34771118,0.07300165,0.34771118
32,391,late,0.09322962,0.33041841,0.09322962,0.33041841
32,394,late,0.04696444,0.26203904,0.04696444,0.26203904
32,397,late,0.00025713,0.25271231,0.00025713,0.25271231
32,401,late,-0.01085132,0.28027007,-0.01085132,0.28027007
32,404,late,0.02578528,0.23255871,0.02578528,0.23255871
32,407,late,0.04309158,0.13867575,0.04309158,0.13867575
32,410,late,-0.02013846,0.19513826,-0.02013846,0.19513826
32,413,late,-0.05176640,0.20026201,-0.05176640,0.20026201
32,417,late,-0.09338692,0.25904429,-0.09338692,0.25904429
32,420,late,-0.07774031,0.20499320,-0.07774031,0.20499320
32,423,late,-0.02861188,0.16747540,-0.02861188,0.16747540
32,426,late,0.02863893,0.16038044,0.02863893,0.16038044
32,429,late,0.02964064,0.27260035,0.02964064,0.27260035
32,433,late,0.09671904,0.23407863,0.09671904,0.23407863
32,436,late,0.02835855,0.24744570,0.02835855,0.24744570
32,439,late,-0.00617974,0.22113195,-0.00617974,0.22113195
32,442,late,-0.00529418,0.25025511,-0.00529418,0.25025511
32,445,late,0.09232490,0.28686213,0.09232490,0.28686213
32,449,late,0.08685365,0.25587180,0.08685365,0.25587180
32,452,late,0.06356138,0.27074629,0.06356138,0.27074629
32,455,late,-0.00396766,0.25163954,-0.00396766,0.25163954
32,458,late,0.08780937,0.23488367,0.08780937,0.23488367
32,461,late,0.18940684,0.23495251,0.18940684,0.23495251
32,465,late,0.22166698,0.17094436,0.22166698,0.17094436
32,468,late,0.23695187,0.12832427,0.23695187,0.12832427
32,471,late,0.25106722,0.05530222,0.25106722,0.05530222
32,474,late,0.23847757,0.08241437,0.23847757,0.08241437
32,477,late,0.27131492,0.12774913,0.27131492,0.12774913
32,481,late,0.24777818,0.02946047,0.24777818,0.02946047
32,484,late,0.28600895,0.01915544,0.28600895,0.01915544
32,487,late,0.24819931,-0.01597171,0.24819931,-0.01597171
32,490,late,0.14772327,-0.01650445,0.14772327,-0.01650445
32,493,late,0.07308578,0.03039756,0.07308578,0.03039756
32,497,late,-0.02723404,0.11810825,-0.02723404,0.11810825
33,0,early,0.21675493,0.48043299,0.21675493,0.48043299
33,3,early,0.26609880,0.48140299,0.26609880,0.48140299
33,6,early,0.24033514,0.53985953,0.24033514,0.53985953
33,9,early,0.22889173,0.53397655,0.22889173,0.53397655
33,13,early,0.29035798,0.51808834,0.29035798,0.51808834
33,16,early,0.30878755,0.53260535,0.30878755,0.53260535
33,19,early,0.31752348,0.47099090,0.31752348,0.47099090
33,22,early,0.28824523,0.52656323,0.28824523,0.52656323
33,25,early,0.22630903,0.57422054,0.22630903,0.57422054
33,29,early,0.28613910,0.59205133,0.28613910,0.59205133
33,32,early,0.38025686,0.51261508,0.38025686,0.51261508
33,35,early,0.39702302,0.59684181,0.39702302,0.59684181
33,38,early,0.39371532,0.65700340,0.39371532,0.65700340
33,41,early,0.38258380,0.55327022,0.38258380,0.55327022
33,45,early,0.36553165,0.59019566,0.36553165,0.59019566
33,48,early,0.34596014,0.62190789,0.34596014,0.62190789
33,51,early,0.36164820,0.59875667,0.36164820,0.59875667
33,54,early,0.33987075,0.61626345,0.33987075,0.61626345
33,57,early,0.31578371,0.57041150,0.31578371,0.57041150
33,61,early,0.32569176,0.67251259,0.32569176,0.67251259
33,64,early,0.30080289,0.68839276,0.30080289,0.68839276
33,67,early,0.43240726,0.77317327,0.43240726,0.77317327
33,70,early,0.39256242,0.77694005,0.39256242,0.77694005
33,73,early,0.46961510,0.78654563,0.46961510,0.78654563
33,77,early,0.39567319,0.77112192,0.39567319,0.77112192
33,80,early,0.36307833,0.73288268,0.36307833,0.73288268
33,83,early,0.41067046,0.71063000,0.41067046,0.71063000
33,86,early,0.47646615,0.70153129,0.47646615,0.70153129
33,89,early,0.52682722,0.71087736,0.52682722,0.71087736
33,93,early,0.42926800,0.70117778,0.42926800,0.70117778
33,96,early,0.49427438,0.69162589,0.49427438,0.69162589
33,99,early,0.52914327,0.71419007,0.52914327,0.71419007
33,102,early,0.57893080,0.70741761,0.57893080,0.70741761
33,105,early,0.59161764,0.69406140,0.59161764,0.69406140
33,109,early,0.43114480,0.83623624,0.43114480,0.83623624
33,112,early,0.39622119,0.84403193,0.39622119,0.84403193
33,115,early,0.39871541,0.82232964,0.39871541,0.82232964
33,118,early,0.46685493,0.82126486,0.46685493,0.82126486
33,121,early,0.53205377,0.80409974,0.53205377,0.80409974
33,125,early,0.53171664,0.87416756,0.53171664,0.87416756
33,128,early,0.44813141,0.86982548,0.44813141,0.86982548
33,131,early,0.46218833,0.82533079,0.46218833,0.82533079
33,134,early,0.43750542,0.85529774,0.43750542,0.85529774
33,137,early,0.48219699,0.89785749,0.48219699,0.89785749
33,141,early,0.42463180,0.82374853,0.42463180,0.82374853
33,144,early,0.48950315,0.93511641,0.48950315,0.93511641
33,147,early,0.49571899,0.87121177,0.49571899,0.87121177
33,150,early,0.52580655,0.93415290,0.52580655,0.93415290
33,153,early,0.57057405,0.99234325,0.57057405,0.99234325
33,157,early,0.54683608,0.93204170,0.54683608,0.93204170
33,160,early,0.62963963,0.99889529,0.62963963,0.99889529
33,163,early,0.59209901,1.00557828,0.59209901,1.00557828
33,166,early,0.59933197,0.92604339,0.59933197,0.92604339
33,169,early,0.60854805,1.06592512,0.60854805,1.06592512
33,173,early,0.54369730,1.00629985,0.54369730,1.00629985
33,176,early,0.52966857,1.02333808,0.52966857,1.02333808
33,179,early,0.42993638,0.99514604,0.42993638,0.99514604
33,182,early,0.53989774,0.93852901,0.53989774,0.93852901
33,185,early,0.54191720,0.92229551,0.54191720,0.92229551
33,189,early,0.56881428,0.85360599,0.56881428,0.85360599
33,192,early,0.51789784,0.89631760,0.51789784,0.89631760
33,195,early,0.50047451,0.91098827,0.50047451,0.91098827
33,198,early,0.49251059,0.95627236,0.49251059,0.95627236
33,201,early,0.46810395,0.93765259,0.46810395,0.93765259
33,205,early,0.42675343,0.87621677,0.42675343,0.87621677
33,208,early,0.46178427,0.83482176,0.46178427,0.83482176
33,211,early,0.41921169,0.84603328,0.41921169,0.84603328
33,214,early,0.48741505,0.90943241,0.48741505,0.90943241
33,217,early,0.53607512,0.89374912,0.53607512,0.89374912
33,221,early,0.54471898,0.92275113,0.54471898,0.92275113
33,224,early,0.51297325,0.94697696,0.51297325,0.94697696
33,227,early,0.51449239,1.00485682,0.51449239,1.00485682
33,230,early,0.55129123,0.97148794,0.55129123,0.97148794
33,233,early,0.61818403,1.00730526,0.61818403,1.00730526
33,237,early,0.59242058,0.95603508,0.59242058,0.95603508
33,240,early,0.56700230,1.04786205,0.56700230,1.04786205
33,243,early,0.57640070,1.05205762,0.57640070,1.05205762
33,246,early,0.59595221,1.01934505,0.59595221,1.01934505
33,249,early,0.55743980,1.01383376,0.55743980,1.01383376
33,253,late,0.56990796,1.02064943,0.56990796,1.02064943
33,256,late,0.62244070,1.01354563,0.62244070,1.01354563
33,259,late,0.62851447,1.02668917,0.62851447,1.02668917
33,262,late,0.69277698,1.07486749,0.69277698,1.07486749
33,265,late,0.68962020,1.13586330,0.68962020,1.13586330
33,269,late,0.61734676,1.16472185,0.61734676,1.16472185
33,272,late,0.64736980,1.17647958,0.64736980,1.17647958
33,275,late,0.68896198,1.18428051,0.68896198,1.18428051
33,278,late,0.65344423,1.20639288,0.65344423,1.20639288
33,281,late,0.63071251,1.15107298,0.63071251,1.15107298
33,285,late,0.60477668,1.06385612,0.60477668,1.06385612
33,288,late,0.57739854,1.06482184,0.57739854,1.06482184
33,291,late,0.68792546,1.13907421,0.68792546,1.13907421
33,294,late,0.69365901,1.19335222,0.69365901,1.19335222
33,297,late,0.72616285,1.23308349,0.72616285,1.23308349
33,301,late,0.75311518,1.23805666,0.75311518,1.23805666
33,304,late,0.66432709,1.18733335,0.66432709,1.18733335
33,307,late,0.62362212,1.23448849,0.62362212,1.23448849
33,310,late,0.70983869,1.19064367,0.70983869,1.19064367
33,313,late,0.69280064,1.21452594,0.69280064,1.21452594
33,317,late,0.68949974,1.19083774,0.68949974,1.19083774
33,320,late,0.65980744,1.15259337,0.65980744,1.15259337
33,323,late,0.62235135,1.10820830,0.62235135,1.10820830
33,326,late,0.59746504,1.09539139,0.59746504,1.09539139
33,329,late,0.66933537,1.18861997,0.66933537,1.18861997
33,333,late,0.68307328,1.22194147,0.68307328,1.22194147
33,336,late,0.67234373,1.28338385,0.67234373,1.28338385
33,339,late,0.71209306,1.21063089,0.71209306,1.21063089
33,342,late,0.73446774,1.26432204,0.73446774,1.26432204
33,345,late,0.79805732,1.28853154,0.79805732,1.28853154
33,349,late,0.75669247,1.24736774,0.75669247,1.24736774
33,352,late,0.70048380,1.19697618,0.70048380,1.19697618
33,355,late,0.60450405,1.17359698,0.60450405,1.17359698
33,358,late,0.60943794,1.18497849,0.60943794,1.18497849
33,361,late,0.67560691,1.17253900,0.67560691,1.17253900
33,365,late,0.58371603,1.15276611,0.58371603,1.15276611
33,368,late,0.61789405,1.16481161,0.61789405,1.16481161
33,371,late,0.65336084,1.13573468,0.65336084,1.13573468
33,374,late,0.62422961,1.17919087,0.62422961,1.17919087
33,377,late,0.60593110,1.11653197,0.60593110,1.11653197
33,381,late,0.72038376,1.19997656,0.72038376,1.19997656
33,384,late,0.65204787,1.18204892,0.65204787,1.18204892
33,387,late,0.70777297,1.18280232,0.70777297,1.18280232
33,390,late,0.66534090,1.15257728,0.66534090,1.15257728
33,393,late,0.72840917,1.17295814,0.72840917,1.17295814
33,397,late,0.62886620,1.11566377,0.62886620,1.11566377
33,400,late,0.62528366,1.11213863,0.62528366,1.11213863
33,403,late,0.61145461,1.12797952,0.61145461,1.12797952
33,406,late,0.63792211,1.15105021,0.63792211,1.15105021
33,409,late,0.59236091,1.08963585,0.59236091,1.08963585
33,413,late,0.51415712,1.08188820,0.51415712,1.08188820
33,416,late,0.64088511,1.05301523,0.64088511,1.05301523
33,419,late,0.57613361,1.01079226,0.57613361,1.01079226
33,422,late,0.60348761,1.12497449,0.60348761,1.12497449
33,425,late,0.69556081,1.19611239,0.69556081,1.19611239
33,429,late,0.71133429,1.17175984,0.71133429,1.17175984
33,432,late,0.69979453,1.18591404,0.69979453,1.18591404
33,435,late,0.64646995,1.10663784,0.64646995,1.10663784
33,438,late,0.59442747,1.01786959,0.59442747,1.01786959
33,441,late,0.61871701,0.95702928,0.61871701,0.95702928
33,445,late,0.63374120,1.05301976,0.63374120,1.05301976
33,448,late,0.69314826,1.07589984,0.69314826,1.07589984
33,451,late,0.64925432,1.10399604,0.64925432,1.10399604
33,454,late,0.61378360,1.12718487,0.61378360,1.12718487
33,457,late,0.63419926,1.17306054,0.63419926,1.17306054
33,461,late,0.60752767,1.15166700,0.60752767,1.15166700
33,464,late,0.58471161,1.14908421,0.58471161,1.14908421
33,467,late,0.61502153,1.03031456,0.61502153,1.03031456
33,470,late,0.61140686,0.97389513,0.61140686,0.97389513
33,473,late,0.60956973,0.94285947,0.60956973,0.94285947
33,477,late,0.54714108,0.92801470,0.54714108,0.92801470
33,480,late,0.53317076,0.97720653,0.53317076,0.97720653
33,483,late,0.51145291,0.88712776,0.51145291,0.88712776
33,486,late,0.44839031,0.90746367,0.44839031,0.90746367
33,489,late,0.49512717,0.80341750,0.49512717,0.80341750
33,493,late,0.51886833,0.76471996,0.51886833,0.76471996
33,496,late,0.43430224,0.73986113,0.43430224,0.73986113
33,499,late,0.46799800,0.81910765,0.46799800,0.81910765
34,2,early,-0.38426289,0.37347320,-0.38426289,0.37347320
34,5,early,-0.34504613,0.34477049,-0.34504613,0.34477049
34,9,early,-0.37861785,0.33128771,-0.37861785,0.33128771
34,12,early,-0.37690380,0.35097751,-0.37690380,0.35097751
34,15,early,-0.32127807,0.36099386,-0.32127807,0.36099386
34,18,early,-0.34155294,0.29708612,-0.34155294,0.29708612
34,21,early,-0.36172011,0.29091260,-0.36172011,0.29091260
34,25,early,-0.34079051,0.39656475,-0.34079051,0.39656475
34,28,early,-0.36010844,0.40531504,-0.36010844,0.40531504
34,31,early,-0.35582793,0.49881247,-0.35582793,0.49881247
34,34,early,-0.40765983,0.47683752,-0.40765983,0.47683752
34,37,early,-0.48312318,0.41920736,-0.48312318,0.41920736
34,41,early,-0.58761555,0.39269987,-0.58761555,0.39269987
34,44,early,-0.67820191,0.43782064,-0.67820191,0.43782064
34,47,early,-0.68739760,0.47008651,-0.68739760,0.47008651
34,50,early,-0.58267426,0.51286364,-0.58267426,0.51286364
34,53,early,-0.55845773,0.50479603,-0.55845773,0.50479603
34,57,early,-0.59524792,0.48700890,-0.59524792,0.48700890
34,60,early,-0.57519734,0.50527823,-0.57519734,0.50527823
34,63,early,-0.61048335,0.44798210,-0.61048335,0.44798210
34,66,early,-0.51575768,0.41386694,-0.51575768,0.41386694
34,69,early,-0.60597545,0.49986881,-0.60597545,0.49986881
34,73,early,-0.59079039,0.53704232,-0.59079039,0.53704232
34,76,early,-0.57462460,0.49158612,-0.57462460,0.49158612
34,79,early,-0.58730024,0.48130187,-0.58730024,0.48130187
34,82,early,-0.47411561,0.42464370,-0.47411561,0.42464370
34,85,early,-0.50543022,0.36766815,-0.50543022,0.36766815
34,89,early,-0.45054597,0.31523660,-0.45054597,0.31523660
34,92,early,-0.51384872,0.22346103,-0.51384872,0.22346103
34,95,early,-0.46414495,0.20240985,-0.46414495,0.20240985
34,98,early,-0.44956785,0.20753360,-0.44956785,0.20753360
34,101,early,-0.45974684,0.17182007,-0.45974684,0.17182007
34,105,early,-0.49645713,0.26259372,-0.49645713,0.26259372
34,108,early,-0.52674592,0.19176833,-0.52674592,0.19176833
34,111,early,-0.42456877,0.25766140,-0.42456877,0.25766140
34,114,early,-0.39688405,0.36183518,-0.39688405,0.36183518
34,117,early,-0.42962182,0.33461764,-0.42962182,0.33461764
34,121,early,-0.31237873,0.27399838,-0.31237873,0.27399838
34,124,early,-0.22251502,0.38279897,-0.22251502,0.38279897
34,127,early,-0.13064946,0.30515409,-0.13064946,0.30515409
34,130,early,-0.06085830,0.26491699,-0.06085830,0.26491699
34,133,early,-0.00526773,0.27273667,-0.00526773,0.27273667
34,137,early,-0.00546078,0.18191791,-0.00546078,0.18191791
34,140,early,-0.01161410,0.19537504,-0.01161410,0.19537504
34,143,early,-0.01769662,0.19602527,-0.01769662,0.19602527
34,146,early,-0.05970768,0.16763031,-0.05970768,0.16763031
34,149,early,-0.03324357,0.20666064,-0.03324357,0.20666064
34,153,early,-0.02488803,0.13029443,-0.02488803,0.13029443
34,156,early,-0.01660788,0.07003748,-0.01660788,0.07003748
34,159,early,-0.02456648,0.00504415,-0.02456648,0.00504415
34,162,early,-0.02289082,0.04583883,-0.02289082,0.04583883
34,165,early,-0.08012930,0.05813328,-0.08012930,0.05813328
34,169,early,-0.03388313,0.06438749,-0.03388313,0.06438749
34,172,early,-0.05134169,0.07586278,-0.05134169,0.07586278
34,175,early,-0.11131740,0.15455402,-0.11131740,0.15455402
34,178,early,-0.10699689,0.31220093,-0.10699689,0.31220093
34,181,early,-0.12779325,0.29752642,-0.12779325,0.29752642
34,185,early,-0.14922971,0.30695373,-0.14922971,0.30695373
34,188,early,-0.18396820,0.30265364,-0.18396820,0.30265364
34,191,early,-0.21350177,0.31248859,-0.21350177,0.31248859
34,194,early,-0.22701469,0.24968491,-0.22701469,0.24968491
34,197,early,-0.23601541,0.21735665,-0.23601541,0.21735665
34,201,early,-0.22870718,0.27490407,-0.22870718,0.27490407
34,204,early,-0.33113745,0.28555152,-0.33113745,0.28555152
34,207,early,-0.24072661,0.40800118,-0.24072661,0.40800118
34,210,early,-0.18290077,0.40502784,-0.18290077,0.40502784
34,213,early,-0.07572274,0.36821285,-0.07572274,0.36821285
34,217,early,0.00642739,0.38092974,0.00642739,0.38092974
34,220,early,-0.05941020,0.48918074,-0.05941020,0.48918074
34,223,early,-0.09611255,0.50803763,-0.09611255,0.50803763
34,226,early,-0.07768989,0.56810522,-0.07768989,0.56810522
34,229,early,-0.00178989,0.52020705,-0.00178989,0.52020705
34,233,early,0.07243726,0.47449541,0.07243726,0.47449541
34,236,early,0.09541266,0.43802410,0.09541266,0.43802410
34,239,early,0.01298860,0.49824443,0.01298860,0.49824443
34,242,early,-0.01360931,0.54210508,-0.01360931,0.54210508
34,245,early,-0.05528622,0.52740198,-0.05528622,0.52740198
34,249,early,-0.02409369,0.46702111,-0.02409369,0.46702111
34,252,late,0.03324063,0.49830425,0.03324063,0.49830425
34,255,late,0.13207039,0.46363118,0.13207039,0.46363118
34,258,late,0.14864321,0.51661617,0.14864321,0.51661617
34,261,late,0.08258133,0.54109961,0.08258133,0.54109961
34,265,late,0.17926185,0.60572135,0.17926185,0.60572135
34,268,late,0.12093741,0.54652274,0.12093741,0.54652274
34,271,late,0.18851423,0.58167213,0.18851423,0.58167213
34,274,late,0.19087839,0.43043572,0.19087839,0.43043572
34,277,late,0.13239390,0.43864220,0.13239390,0.43864220
34,281,late,0.19319384,0.38226008,0.19319384,0.38226008
34,284,late,0.28565180,0.37165242,0.28565180,0.37165242
34,287,late,0.31141317,0.45884091,0.31141317,0.45884091
34,290,late,0.37164426,0.47608125,0.37164426,0.47608125
34,293,late,0.31301662,0.41654658,0.31301662,0.41654658
34,297,late,0.38652560,0.45793539,0.38652560,0.45793539
34,300,late,0.35252717,0.50093406,0.35252717,0.50093406
34,303,late,0.41397354,0.41777161,0.41397354,0.41777161
34,306,late,0.29445747,0.33745593,0.29445747,0.33745593
34,309,late,0.30181479,0.27879661,0.30181479,0.27879661
34,313,late,0.17106342,0.40062553,0.17106342,0.40062553
34,316,late,0.17004049,0.48897743,0.17004049,0.48897743
34,319,late,0.27389187,0.39693692,0.27389187,0.39693692
34,322,late,0.29361916,0.42787513,0.29361916,0.42787513
34,325,late,0.26258090,0.43857834,0.26258090,0.43857834
34,329,late,0.26859283,0.52350664,0.26859283,0.52350664
34,332,late,0.30558237,0.53844178,0.30558237,0.53844178
34,335,late,0.26894194,0.51552635,0.26894194,0.51552635
34,338,late,0.26283947,0.51951957,0.26283947,0.51951957
34,341,late,0.32123452,0.51525378,0.32123452,0.51525378
34,345,late,0.31431079,0.53392518,0.31431079,0.53392518
34,348,late,0.24728397,0.54589075,0.24728397,0.54589075
34,351,late,0.21112163,0.51046914,0.21112163,0.51046914
34,354,late,0.20809971,0.50518507,0.20809971,0.50518507
34,357,late,0.15600441,0.49239460,0.15600441,0.49239460
34,361,late,0.17742112,0.54385769,0.17742112,0.54385769
34,364,late,0.24684261,0.48909965,0.24684261,0.48909965
34,367,late,0.29109213,0.43684292,0.29109213,0.43684292
34,370,late,0.27390143,0.45192528,0.27390143,0.45192528
34,373,late,0.26042166,0.47769564,0.26042166,0.47769564
34,377,late,0.27448902,0.38377917,0.27448902,0.38377917
34,380,late,0.22105627,0.42206830,0.22105627,0.42206830
34,383,late,0.22026540,0.39202449,0.22026540,0.39202449
34,386,late,0.04583569,0.31190580,0.04583569,0.31190580
34,389,late,0.05648126,0.35797092,0.05648126,0.35797092
34,393,late,0.03921875,0.31514841,0.03921875,0.31514841
34,396,late,0.05000066,0.34594327,0.05000066,0.34594327
34,399,late,0.05734074,0.28313872,0.05734074,0.28313872
34,402,late,0.10371342,0.19726720,0.10371342,0.19726720
34,405,late,0.13972029,0.27108157,0.13972029,0.27108157
34,409,late,0.08951219,0.25920111,0.08951219,0.25920111
34,412,late,0.15122700,0.22252686,0.15122700,0.22252686
34,415,late,0.14398287,0.30443311,0.14398287,0.30443311
34,418,late,0.12587796,0.35004640,0.12587796,0.35004640
34,421,late,0.21265180,0.41600582,0.21265180,0.41600582
34,425,late,0.20183593,0.46185932,0.20183593,0.46185932
34,428,late,0.18917370,0.41282594,0.18917370,0.41282594
34,431,late,0.13970931,0.40752122,0.13970931,0.40752122
34,434,late,0.16984420,0.42437774,0.16984420,0.42437774
34,437,late,0.18272962,0.36347601,0.18272962,0.36347601
34,441,late,0.18224302,0.51209587,0.18224302,0.51209587
34,444,late,0.16478390,0.54002714,0.16478390,0.54002714
34,447,late,0.14838977,0.54801327,0.14838977,0.54801327
34,450,late,0.08427269,0.56003726,0.08427269,0.56003726
34,454,late,0.06420404,0.46245211,0.06420404,0.46245211
34,457,late,0.12688458,0.45743400,0.12688458,0.45743400
34,460,late,0.13824628,0.29105183,0.13824628,0.29105183
34,463,late,0.15104520,0.28336126,0.15104520,0.28336126
34,466,late,0.22417039,0.37305710,0.22417039,0.37305710
34,470,late,0.27206922,0.38158336,0.27206922,0.38158336
34,473,late,0.30389190,0.39697897,0.30389190,0.39697897
34,476,late,0.28804803,0.34896559,0.28804803,0.34896559
34,479,late,0.22868791,0.37728775,0.22868791,0.37728775
34,482,late,0.16966701,0.29276890,0.16966701,0.29276890
34,486,late,0.15559335,0.32627010,0.15559335,0.32627010
34,489,late,0.10084634,0.34537441,0.10084634,0.34537441
34,492,late,0.15132365,0.32915089,0.15132365,0.32915089
34,495,late,0.08973572,0.32318211,0.08973572,0.32318211
34,498,late,0.21569259,0.33347169,0.21569259,0.33347169
35,2,early,0.47594523,0.50034368,0.47594523,0.50034368
35,5,early,0.52936548,0.53798568,0.52936548,0.53798568
35,8,early,0.50115174,0.53345329,0.50115174,0.53345329
35,11,early,0.44127303,0.45256615,0.44127303,0.45256615
35,14,early,0.35840416,0.46445942,0.35840416,0.46445942
35,18,early,0.31467944,0.43159589,0.31467944,0.43159589
35,21,early,0.30168343,0.44830891,0.30168343,0.44830891
35,24,early,0.29468647,0.49018478,0.29468647,0.49018478
35,27,early,0.19822453,0.45900521,0.19822453,0.45900521
35,30,early,0.18119559,0.49864495,0.18119559,0.49864495
35,34,early,0.20301788,0.47814396,0.20301788,0.47814396
35,37,early,0.16775732,0.46394676,0.16775732,0.46394676
35,40,early,0.20987570,0.44359076,0.20987570,0.44359076
35,43,early,0.32384604,0.52527678,0.32384604,0.52527678
35,46,early,0.36724398,0.54545087,0.36724398,0.54545087
35,50,early,0.38550785,0.45940444,0.38550785,0.45940444
35,53,early,0.36409095,0.48970973,0.36409095,0.48970973
35,56,early,0.41628379,0.46131787,0.41628379,0.46131787
35,59,early,0.39509723,0.43412119,0.39509723,0.43412119
35,62,early,0.47948417,0.48896834,0.47948417,0.48896834
35,66,early,0.45444220,0.44009921,0.45444220,0.44009921
35,69,early,0.34558463,0.44305748,0.34558463,0.44305748
35,72,early,0.29898226,0.37174857,0.29898226,0.37174857
35,75,early,0.29304650,0.36481985,0.29304650,0.36481985
35,78,early,0.35510740,0.27583879,0.35510740,0.27583879
35,82,early,0.51087654,0.17139956,0.51087654,0.17139956
35,85,early,0.48924237,0.14570460,0.48924237,0.14570460
35,88,early,0.46142074,0.22084081,0.46142074,0.22084081
35,91,early,0.39589560,0.27958930,0.39589560,0.27958930
35,94,early,0.40387610,0.28668156,0.40387610,0.28668156
35,98,early,0.25164255,0.38002390,0.25164255,0.38002390
35,101,early,0.19324702,0.46574232,0.19324702,0.46574232
35,104,early,0.14105657,0.48439717,0.14105657,0.48439717
35,107,early,0.12459841,0.49038157,0.12459841,0.49038157
35,110,early,0.07530886,0.45532492,0.07530886,0.45532492
35,114,early,0.06484987,0.39744732,0.06484987,0.39744732
35,117,early,0.10337023,0.37105420,0.10337023,0.37105420
35,120,early,0.15746590,0.42581093,0.15746590,0.42581093
35,123,early,0.19416639,0.33708963,0.19416639,0.33708963
35,126,early,0.18781494,0.18423110,0.18781494,0.18423110
35,130,early,0.31114140,0.20418607,0.31114140,0.20418607
35,133,early,0.23877649,0.12091164,0.23877649,0.12091164
35,136,early,0.16291775,0.20139024,0.16291775,0.20139024
35,139,early,0.17511433,0.23600939,0.17511433,0.23600939
35,142,early,0.06113916,0.15319355,0.06113916,0.15319355
35,146,early,0.03990307,0.15417996,0.03990307,0.15417996
35,149,early,0.11510578,0.14514725,0.11510578,0.14514725
35,152,early,0.05185185,0.12321783,0.05185185,0.12321783
35,155,early,0.10154052,0.14213505,0.10154052,0.14213505
35,158,early,-0.07198073,0.15412141,-0.07198073,0.15412141
35,162,early,-0.02891056,0.23298775,-0.02891056,0.23298775
35,165,early,0.02584042,0.31828305,0.02584042,0.31828305
35,168,early,0.08521850,0.26970020,0.08521850,0.26970020
35,171,early,0.04698979,0.29550329,0.04698979,0.29550329
35,174,early,-0.04190692,0.35526273,-0.04190692,0.35526273
35,178,early,0.09070950,0.38932976,0.09070950,0.38932976
35,181,early,0.12757476,0.32240164,0.12757476,0.32240164
35,184,early,0.18994305,0.37996927,0.18994305,0.37996927
35,187,early,0.19360334,0.36720860,0.19360334,0.36720860
35,190,early,0.19555838,0.35240260,0.19555838,0.35240260
35,194,early,0.32627931,0.20376296,0.32627931,0.20376296
35,197,early,0.34446990,0.19295117,0.34446990,0.19295117
35,200,early,0.27699831,0.17120934,0.27699831,0.17120934
35,203,early,0.40302202,0.04807674,0.40302202,0.04807674
35,206,early,0.32188448,0.06325712,0.32188448,0.06325712
35,210,early,0.33625060,0.13268903,0.33625060,0.13268903
35,213,early,0.32775718,0.08265624,0.32775718,0.08265624
35,216,early,0.36408782,0.02541648,0.36408782,0.02541648
35,219,early,0.38679537,0.00878593,0.38679537,0.00878593
35,222,early,0.38864830,0.02644091,0.38864830,0.02644091
35,226,early,0.29147846,-0.07014135,0.29147846,-0.07014135
35,229,early,0.34387171,-0.07669385,0.34387171,-0.07669385
35,232,early,0.42423174,-0.09551064,0.42423174,-0.09551064
35,235,early,0.39531016,-0.07286241,0.39531016,-0.07286241
35,238,early,0.44620037,-0.06754131,0.44620037,-0.06754131
35,242,early,0.27712971,-0.08194841,0.27712971,-0.08194841
35,245,early,0.34530047,-0.05583788,0.34530047,-0.05583788
35,248,early,0.28334457,-0.01933254,0.28334457,-0.01933254
35,251,late,0.25647560,0.04677490,0.25647560,0.04677490
35,254,late,0.14443383,0.04489954,0.14443383,0.04489954
35,258,late,0.07990538,0.06053065,0.07990538,0.06053065
35,261,late,0.08088727,0.10270723,0.08088727,0.10270723
35,264,late,0.08027120,0.17337324,0.08027120,0.17337324
35,267,late,0.15859936,0.17104504,0.15859936,0.17104504
35,270,late,0.14487499,0.12529121,0.14487499,0.12529121
35,274,late,0.19721316,0.15441932,0.19721316,0.15441932
35,277,late,0.22843331,0.19663061,0.22843331,0.19663061
35,280,late,0.21766683,0.18204102,0.21766683,0.18204102
35,283,late,0.21085122,0.28179768,0.21085122,0.28179768
35,286,late,0.28062570,0.27464911,0.28062570,0.27464911
35,290,late,0.24618292,0.36728299,0.24618292,0.36728299
35,293,late,0.21991037,0.29311904,0.21991037,0.29311904
35,296,late,0.16146460,0.23689608,0.16146460,0.23689608
35,299,late,0.14910534,0.26436505,0.14910534,0.26436505
35,302,late,0.11569026,0.36292213,0.11569026,0.36292213
35,306,late,0.14264989,0.37527585,0.14264989,0.37527585
35,309,late,0.17912830,0.34633958,0.17912830,0.34633958
35,312,late,0.17998002,0.28710932,0.17998002,0.28710932
35,315,late,0.13930653,0.28836986,0.13930653,0.28836986
35,318,late,0.15579744,0.36119431,0.15579744,0.36119431
35,322,late,0.19217640,0.36587650,0.19217640,0.36587650
35,325,late,0.23747301,0.31916818,0.23747301,0.31916818
35,328,late,0.15636082,0.26726693,0.15636082,0.26726693
35,331,late,0.19911394,0.22037151,0.19911394,0.22037151
35,334,late,0.19590728,0.24889235,0.19590728,0.24889235
35,338,late,0.09534914,0.27899298,0.09534914,0.27899298
35,341,late,0.09170836,0.28292888,0.09170836,0.28292888
35,344,late,0.14990707,0.30863941,0.14990707,0.30863941
35,347,late,0.13197628,0.30732644,0.13197628,0.30732644
35,350,late,0.08638366,0.37385377,0.08638366,0.37385377
35,354,late,0.14345378,0.43421590,0.14345378,0.43421590
35,357,late,0.23053962,0.43972838,0.23053962,0.43972838
35,360,late,0.18471411,0.43576258,0.18471411,0.43576258
35,363,late,0.23079294,0.34946468,0.23079294,0.34946468
35,366,late,0.23825619,0.33831078,0.23825619,0.33831078
35,370,late,0.14849073,0.38001230,0.14849073,0.38001230
35,373,late,0.16000447,0.40892857,0.16000447,0.40892857
35,376,late,0.15755479,0.39748049,0.15755479,0.39748049
35,379,late,0.12589666,0.38696304,0.12589666,0.38696304
35,382,late,0.24556871,0.36334807,0.24556871,0.36334807
35,386,late,0.18840991,0.41432783,0.18840991,0.41432783
35,389,late,0.14588659,0.37563983,0.14588659,0.37563983
35,392,late,-0.00237150,0.30595389,-0.00237150,0.30595389
35,395,late,0.01677831,0.24102192,0.01677831,0.24102192
35,398,late,-0.06609756,0.23575847,-0.06609756,0.23575847
35,402,late,0.02592388,0.36604136,0.02592388,0.36604136
35,405,late,-0.07804051,0.42440575,-0.07804051,0.42440575
35,408,late,-0.09140046,0.45479897,-0.09140046,0.45479897
35,411,late,-0.12725662,0.45472842,-0.12725662,0.45472842
35,414,late,-0.04442998,0.41020668,-0.04442998,0.41020668
35,418,late,-0.10840552,0.43148917,-0.10840552,0.43148917
35,421,late,-0.15776205,0.41313791,-0.15776205,0.41313791
35,424,late,-0.10143584,0.49039862,-0.10143584,0.49039862
35,427,late,-0.11242075,0.44201139,-0.11242075,0.44201139
35,430,late,-0.06931759,0.51175749,-0.06931759,0.51175749
35,434,late,-0.08405901,0.53363395,-0.08405901,0.53363395
35,437,late,-0.15404643,0.50930882,-0.15404643,0.50930882
35,440,late,-0.16133910,0.41494948,-0.16133910,0.41494948
35,443,late,-0.20099448,0.35116172,-0.20099448,0.35116172
35,446,late,-0.26101187,0.39306712,-0.26101187,0.39306712
35,450,late,-0.27506155,0.45789787,-0.27506155,0.45789787
35,453,late,-0.18218799,0.54244065,-0.18218799,0.54244065
35,456,late,-0.20165879,0.53119731,-0.20165879,0.53119731
35,459,late,-0.14494619,0.45081332,-0.14494619,0.45081332
35,462,late,-0.09003586,0.53229421,-0.09003586,0.53229421
35,466,late,-0.11308807,0.48545113,-0.11308807,0.48545113
35,469,late,-0.19587608,0.41975954,-0.19587608,0.41975954
35,472,late,-0.20382868,0.44524404,-0.20382868,0.44524404
35,475,late,-0.29416010,0.40526736,-0.29416010,0.40526736
35,478,late,-0.20240948,0.49141175,-0.20240948,0.49141175
35,482,late,-0.27287158,0.44476056,-0.27287158,0.44476056
35,485,late,-0.20041445,0.47287008,-0.20041445,0.47287008
35,488,late,-0.25713462,0.41938600,-0.25713462,0.41938600
35,491,late,-0.24043418,0.46560451,-0.24043418,0.46560451
35,494,late,-0.24796546,0.45791426,-0.24796546,0.45791426
35,498,late,-0.25150329,0.45766917,-0.25150329,0.45766917
36,1,early,0.52301520,0.87236041,0.52301520,0.87236041
36,4,early,0.49342114,0.87764853,0.49342114,0.87764853
36,7,early,0.52555168,0.77186978,0.52555168,0.77186978
36,10,early,0.49269870,0.73665220,0.49269870,0.73665220
36,14,early,0.44702840,0.87425315,0.44702840,0.87425315
36,17,early,0.45992023,0.86411399,0.45992023,0.86411399
36,20,early,0.47554150,0.84123307,0.47554150,0.84123307
36,23,early,0.47407353,0.89373815,0.47407353,0.89373815
36,26,early,0.47793159,0.86380988,0.47793159,0.86380988
36,30,early,0.43012515,0.74744284,0.43012515,0.74744284
36,33,early,0.41842914,0.70855248,0.41842914,0.70855248
36,36,early,0.42829537,0.72012937,0.42829537,0.72012937
36,39,early,0.48534331,0.63584584,0.48534331,0.63584584
36,42,early,0.41398773,0.66446495,0.41398773,0.66446495
36,46,early,0.48575994,0.66509265,0.48575994,0.66509265
36,49,early,0.49435216,0.70514768,0.49435216,0.70514768
36,52,early,0.47062635,0.71119356,0.47062635,0.71119356
36,55,early,0.49176052,0.66558719,0.49176052,0.66558719
36,58,early,0.42813888,0.63512206,0.42813888,0.63512206
36,62,early,0.43271533,0.59738362,0.43271533,0.59738362
36,65,early,0.43397182,0.65649724,0.43397182,0.65649724
36,68,early,0.45003706,0.60507286,0.45003706,0.60507286
36,71,early,0.43017048,0.53478724,0.43017048,0.53478724
36,74,early,0.42448220,0.64438236,0.42448220,0.64438236
36,78,early,0.44600216,0.65948671,0.44600216,0.65948671
36,81,early,0.41724458,0.76126403,0.41724458,0.76126403
36,84,early,0.38615212,0.70724601,0.38615212,0.70724601
36,87,early,0.47556645,0.74261141,0.47556645,0.74261141
36,90,early,0.41963640,0.72714829,0.41963640,0.72714829
36,94,early,0.42435071,0.78845358,0.42435071,0.78845358
36,97,early,0.40653124,0.75407213,0.40653124,0.75407213
36,100,early,0.45153862,0.76136601,0.45153862,0.76136601
36,103,early,0.42276606,0.76543820,0.42276606,0.76543820
36,106,early,0.42649201,0.83957565,0.42649201,0.83957565
36,110,early,0.43606830,0.83184117,0.43606830,0.83184117
36,113,early,0.41725862,0.84842622,0.41725862,0.84842622
36,116,early,0.48249620,0.83626986,0.48249620,0.83626986
36,119,early,0.47437093,0.81149381,0.47437093,0.81149381
36,122,early,0.46148583,0.78377986,0.46148583,0.78377986
36,126,early,0.34304410,0.71822011,0.34304410,0.71822011
36,129,early,0.29281491,0.68796444,0.29281491,0.68796444
36,132,early,0.33093527,0.67495000,0.33093527,0.67495000
36,135,early,0.31976536,0.59663332,0.31976536,0.59663332
36,138,early,0.25062624,0.62087977,0.25062624,0.62087977
36,142,early,0.32946837,0.57714367,0.32946837,0.57714367
36,145,early,0.30703118,0.54519057,0.30703118,0.54519057
36,148,early,0.32593212,0.54405683,0.32593212,0.54405683
36,151,early,0.41864195,0.56082600,0.41864195,0.56082600
36,154,early,0.40021479,0.66411358,0.40021479,0.66411358
36,158,early,0.38157880,0.65912926,0.38157880,0.65912926
36,161,early,0.32649007,0.66341019,0.32649007,0.66341019
36,164,early,0.34793216,0.70441943,0.34793216,0.70441943
36,167,early,0.34751108,0.65241140,0.34751108,0.65241140
36,170,early,0.30292049,0.60401291,0.30292049,0.60401291
36,174,early,0.22385213,0.64279306,0.22385213,0.64279306
36,177,early,0.22970898,0.58237445,0.22970898,0.58237445
36,180,early,0.21104535,0.62759084,0.21104535,0.62759084
36,183,early,0.17915565,0.56096053,0.17915565,0.56096053
36,186,early,0.23986399,0.58639312,0.23986399,0.58639312
36,190,early,0.27210262,0.55168897,0.27210262,0.55168897
36,193,early,0.32139927,0.60015845,0.32139927,0.60015845
36,196,early,0.30087638,0.56027681,0.30087638,0.56027681
36,199,early,0.29399201,0.53503996,0.29399201,0.53503996
36,202,early,0.24178573,0.58452725,0.24178573,0.58452725
36,206,early,0.42472440,0.71760827,0.42472440,0.71760827
36,209,early,0.53619140,0.73270488,0.53619140,0.73270488
36,212,early,0.46921793,0.71982664,0.46921793,0.71982664
36,215,early,0.51380229,0.74578887,0.51380229,0.74578887
36,218,early,0.48953608,0.69423801,0.48953608,0.69423801
36,222,early,0.47450569,0.69229156,0.47450569,0.69229156
36,225,early,0.43632108,0.68989021,0.43632108,0.68989021
36,228,early,0.43859258,0.76322508,0.43859258,0.76322508
36,231,early,0.43761557,0.83123612,0.43761557,0.83123612
36,234,early,0.47227138,0.83166820,0.47227138,0.83166820
36,238,early,0.38970965,0.89562339,0.38970965,0.89562339
36,241,early,0.45360500,0.99120504,0.45360500,0.99120504
36,244,early,0.61945605,0.97808254,0.61945605,0.97808254
36,247,early,0.55194360,0.93913263,0.55194360,0.93913263
36,250,late,0.51007938,0.87239534,0.51007938,0.87239534
36,254,late,0.53238511,0.82002956,0.53238511,0.82002956
36,257,late,0.56289053,0.88213545,0.56289053,0.88213545
36,260,late,0.53230911,0.84657294,0.53230911,0.84657294
36,263,late,0.54370731,0.86370075,0.54370731,0.86370075
36,266,late,0.59957063,0.94734228,0.59957063,0.94734228
36,270,late,0.58460557,1.03657413,0.58460557,1.03657413
36,273,late,0.51264715,1.04186189,0.51264715,1.04186189
36,276,late,0.54677510,1.09586716,0.54677510,1.09586716
36,279,late,0.64460015,1.02863240,0.64460015,1.02863240
36,282,late,0.62317848,1.04087317,0.62317848,1.04087317
36,286,late,0.65710843,0.90075845,0.65710843,0.90075845
36,289,late,0.60867125,0.95431471,0.60867125,0.95431471
36,292,late,0.67095357,0.92818379,0.67095357,0.92818379
36,295,late,0.59215349,0.98755276,0.59215349,0.98755276
36,298,late,0.67433953,0.92270869,0.67433953,0.92270869
36,302,late,0.61281514,0.95680213,0.61281514,0.95680213
36,305,late,0.55719531,1.06655812,0.55719531,1.06655812
36,308,late,0.63680488,1.09982252,0.63680488,1.09982252
36,311,late,0.65259361,1.09231019,0.65259361,1.09231019
36,314,late,0.61629188,1.16920483,0.61629188,1.16920483
36,318,late,0.68503171,1.15525377,0.68503171,1.15525377
36,321,late,0.65837932,1.15043032,0.65837932,1.15043032
36,324,late,0.58051658,1.17761302,0.58051658,1.17761302
36,327,late,0.55357832,1.06453383,0.55357832,1.06453383
36,330,late,0.60828143,0.98815048,0.60828143,0.98815048
36,334,late,0.71774602,1.01119637,0.71774602,1.01119637
36,337,late,0.58320278,0.95831722,0.58320278,0.95831722
36,340,late,0.62268269,0.92763448,0.62268269,0.92763448
36,343,late,0.58189148,0.94644403,0.58189148,0.94644403
36,346,late,0.66471529,0.85807312,0.66471529,0.85807312
36,350,late,0.61822963,1.01379454,0.61822963,1.01379454
36,353,late,0.60587162,1.05453432,0.60587162,1.05453432
36,356,late,0.57161123,1.14247417,0.57161123,1.14247417
36,359,late,0.65680623,1.17363620,0.65680623,1.17363620
36,362,late,0.63164538,1.16262400,0.63164538,1.16262400
36,366,late,0.62493330,1.06368685,0.62493330,1.06368685
36,369,late,0.63572925,1.10683322,0.63572925,1.10683322
36,372,late,0.63794678,1.02168393,0.63794678,1.02168393
36,375,late,0.56177747,1.01088333,0.56177747,1.01088333
36,378,late,0.55628043,0.98748791,0.55628043,0.98748791
36,382,late,0.51348269,0.99061072,0.51348269,0.99061072
36,385,late,0.52667850,1.00962996,0.52667850,1.00962996
36,388,late,0.59514987,1.02943766,0.59514987,1.02943766
36,391,late,0.56421137,1.06573379,0.56421137,1.06573379
36,394,late,0.58721626,0.99778503,0.58721626,0.99778503
36,398,late,0.53538471,0.90682095,0.53538471,0.90682095
36,401,late,0.57480019,0.86239117,0.57480019,0.86239117
36,404,late,0.51691431,0.76722866,0.51691431,0.76722866
36,407,late,0.52948469,0.77416408,0.52948469,0.77416408
36,410,late,0.48381510,0.74984127,0.48381510,0.74984127
36,414,late,0.53295201,0.70047075,0.53295201,0.70047075
36,417,late,0.53264236,0.78480959,0.53264236,0.78480959
36,420,late,0.50346982,0.82828975,0.50346982,0.82828975
36,423,late,0.57113189,0.88512516,0.57113189,0.88512516
36,426,late,0.48611981,0.86451644,0.48611981,0.86451644
36,430,late,0.54173779,0.89451134,0.54173779,0.89451134
36,433,late,0.53313673,0.94365829,0.53313673,0.94365829
36,436,late,0.54556143,0.99285543,0.54556143,0.99285543
36,439,late,0.54448098,0.97708976,0.54448098,0.97708976
36,442,late,0.55626076,0.95954490,0.55626076,0.95954490
36,446,late,0.63052881,1.04791379,0.63052881,1.04791379
36,449,late,0.68579340,1.05586672,0.68579340,1.05586672
36,452,late,0.73581791,1.11721516,0.73581791,1.11721516
36,455,late,0.68533438,1.19323397,0.68533438,1.19323397
36,458,late,0.69783121,1.17079842,0.69783121,1.17079842
36,462,late,0.57684064,1.10937417,0.57684064,1.10937417
36,465,late,0.58699822,1.11606526,0.58699822,1.11606526
36,468,late,0.57046050,1.07225370,0.57046050,1.07225370
36,471,late,0.60415095,1.07245016,0.60415095,1.07245016
36,474,late,0.55177695,1.03581727,0.55177695,1.03581727
36,478,late,0.53216779,0.99150091,0.53216779,0.99150091
36,481,late,0.53769243,1.05424881,0.53769243,1.05424881
36,484,late,0.61786467,1.09438503,0.61786467,1.09438503
36,487,late,0.66380554,1.13168001,0.66380554,1.13168001
36,490,late,0.62426454,1.18586004,0.62426454,1.18586004
36,494,late,0.62024164,1.14487159,0.62024164,1.14487159
36,497,late,0.63094556,1.05620873,0.63094556,1.05620873
37,0,early,0.71773654,1.23364949,0.71773654,1.23364949
37,3,early,0.68201387,1.18712270,0.68201387,1.18712270
37,6,early,0.64350861,1.22787559,0.64350861,1.22787559
37,10,early,0.63713866,1.21116483,0.63713866,1.21116483
37,13,early,0.75962341,1.06329107,0.75962341,1.06329107
37,16,early,0.72717428,0.98229831,0.72717428,0.98229831
37,19,early,0.66283643,1.05949688,0.66283643,1.05949688
37,22,early,0.63833421,1.01478267,0.63833421,1.01478267
37,26,early,0.53665644,0.99957258,0.53665644,0.99957258
37,29,early,0.55418688,1.06231260,0.55418688,1.06231260
37,32,early,0.64510572,1.02428055,0.64510572,1.02428055
37,35,early,0.53531200,0.99388742,0.53531200,0.99388742
37,38,early,0.56412625,1.01548553,0.56412625,1.01548553
37,42,early,0.59146881,1.01420891,0.59146881,1.01420891
37,45,early,0.61740953,1.08746588,0.61740953,1.08746588
37,48,early,0.65148252,1.03653574,0.65148252,1.03653574
37,51,early,0.55343318,1.03115654,0.55343318,1.03115654
37,54,early,0.57193232,1.09836709,0.57193232,1.09836709
37,58,early,0.64429992,1.08557701,0.64429992,1.08557701
37,61,early,0.71257460,1.22900331,0.71257460,1.22900331
37,64,early,0.67898047,1.27143645,0.67898047,1.27143645
37,67,early,0.66297495,1.22150075,0.66297495,1.22150075
37,70,early,0.67038876,1.19685459,0.67038876,1.19685459
37,74,early,0.72278875,1.19443965,0.72278875,1.19443965
37,77,early,0.67544258,1.20538855,0.67544258,1.20538855
37,80,early,0.71400118,1.20199764,0.71400118,1.20199764
37,83,early,0.68401134,1.18728471,0.68401134,1.18728471
37,86,early,0.71496671,1.27533674,0.71496671,1.27533674
37,90,early,0.72285563,1.24573731,0.72285563,1.24573731
37,93,early,0.72251058,1.18836284,0.72251058,1.18836284
37,96,early,0.70217097,1.14955997,0.70217097,1.14955997
37,99,early,0.74834555,1.10070324,0.74834555,1.10070324
37,102,early,0.65699244,1.09285247,0.65699244,1.09285247
37,106,early,0.55366844,0.99131310,0.55366844,0.99131310
37,109,early,0.62188417,0.96074593,0.62188417,0.96074593
37,112,early,0.60817838,0.93751246,0.60817838,0.93751246
37,115,early,0.56455129,0.98123550,0.56455129,0.98123550
37,118,early,0.47426015,0.96918052,0.47426015,0.96918052
37,122,early,0.51765251,0.95008057,0.51765251,0.95008057
37,125,early,0.59530365,0.95073718,0.59530365,0.95073718
37,128,early,0.53624523,1.00811183,0.53624523,1.00811183
37,131,early,0.57719284,0.97385645,0.57719284,0.97385645
37,134,early,0.55684024,1.00433040,0.55684024,1.00433040
37,138,early,0.61842734,1.08117533,0.61842734,1.08117533
37,141,early,0.63142741,1.10921943,0.63142741,1.10921943
37,144,early,0.55513132,1.08278406,0.55513132,1.08278406
37,147,early,0.51954848,1.03448474,0.51954848,1.03448474
37,150,early,0.54444540,1.04993510,0.54444540,1.04993510
37,154,early,0.53689307,1.04186332,0.53689307,1.04186332
37,157,early,0.57228553,0.95876312,0.57228553,0.95876312
37,160,early,0.51748955,0.96191794,0.51748955,0.96191794
37,163,early,0.55177009,0.96300781,0.55177009,0.96300781
37,166,early,0.54017299,1.01443017,0.54017299,1.01443017
37,170,early,0.51354104,1.01630545,0.51354104,1.01630545
37,173,early,0.54670185,0.92945021,0.54670185,0.92945021
37,176,early,0.51818621,0.95415711,0.51818621,0.95415711
37,179,early,0.58467561,0.98828560,0.58467561,0.98828560
37,182,early,0.65629935,0.95176411,0.65629935,0.95176411
37,186,early,0.65294355,0.90038925,0.65294355,0.90038925
37,189,early,0.50547940,0.88213694,0.50547940,0.88213694
37,192,early,0.50449169,0.82364178,0.50449169,0.82364178
37,195,early,0.47185963,0.87348717,0.47185963,0.87348717
37,198,early,0.49899501,0.91428220,0.49899501,0.91428220
37,202,early,0.54085112,0.93787593,0.54085112,0.93787593
37,205,early,0.47874439,0.90761656,0.47874439,0.90761656
37,208,early,0.52013159,0.92466331,0.52013159,0.92466331
37,211,early,0.52496248,0.97121537,0.52496248,0.97121537
37,214,early,0.52937996,0.99436533,0.52937996,0.99436533
37,218,early,0.56763607,0.98518795,0.56763607,0.98518795
37,221,early,0.53886527,1.02647054,0.53886527,1.02647054
37,224,early,0.47586888,0.92957824,0.47586888,0.92957824
37,227,early,0.48107344,0.90762234,0.48107344,0.90762234
37,230,early,0.41626820,0.90535986,0.41626820,0.90535986
37,234,early,0.47964782,0.85956079,0.47964782,0.85956079
37,237,early,0.45602724,0.88781542,0.45602724,0.88781542
37,240,early,0.49312630,0.83153987,0.49312630,0.83153987
37,243,early,0.43301350,0.80035961,0.43301350,0.80035961
37,246,early,0.42630443,0.78513861,0.42630443,0.78513861
37,250,late,0.42832524,0.78107613,0.42832524,0.78107613
37,253,late,0.40637821,0.78361452,0.40637821,0.78361452
37,256,late,0.39264992,0.75352955,0.39264992,0.75352955
37,259,late,0.36894023,0.75348347,0.36894023,0.75348347
37,262,late,0.34962907,0.63117641,0.34962907,0.63117641
37,266,late,0.34496754,0.67059755,0.34496754,0.67059755
37,269,late,0.42596039,0.65362817,0.42596039,0.65362817
37,272,late,0.40963238,0.63189554,0.40963238,0.63189554
37,275,late,0.41281176,0.58461726,0.41281176,0.58461726
37,278,late,0.43356916,0.59999204,0.43356916,0.59999204
37,282,late,0.50860548,0.60836369,0.50860548,0.60836369
37,285,late,0.52196079,0.65532815,0.52196079,0.65532815
37,288,late,0.58892852,0.79866552,0.58892852,0.79866552
37,291,late,0.69237918,0.82295883,0.69237918,0.82295883
37,294,late,0.71533978,0.81818992,0.71533978,0.81818992
37,298,late,0.56464672,0.82820404,0.56464672,0.82820404
37,301,late,0.50723821,0.87637299,0.50723821,0.87637299
37,304,late,0.49753860,0.88735676,0.49753860,0.88735676
37,307,late,0.50629503,0.81707096,0.50629503,0.81707096
37,310,late,0.61408323,0.76198786,0.61408323,0.76198786
37,314,late,0.56064051,0.77198881,0.56064051,0.77198881
37,317,late,0.53818560,0.71610618,0.53818560,0.71610618
37,320,late,0.47360626,0.82529038,0.47360626,0.82529038
37,323,late,0.52660549,0.84726578,0.52660549,0.84726578
37,326,late,0.50133497,0.89748359,0.50133497,0.89748359
37,330,late,0.51080120,0.89460564,0.51080120,0.89460564
37,333,late,0.52192533,0.80741346,0.52192533,0.80741346
37,336,late,0.52130556,0.80490655,0.52130556,0.80490655
37,339,late,0.49420586,0.79053247,0.49420586,0.79053247
37,342,late,0.35779965,0.75564176,0.35779965,0.75564176
37,346,late,0.44850501,0.72618252,0.44850501,0.72618252
37,349,late,0.39983681,0.68714565,0.39983681,0.68714565
37,352,late,0.44317093,0.77578199,0.44317093,0.77578199
37,355,late,0.47102252,0.75725979,0.47102252,0.75725979
37,358,late,0.43536747,0.73562419,0.43536747,0.73562419
37,362,late,0.40353921,0.71791452,0.40353921,0.71791452
37,365,late,0.53343099,0.72010654,0.53343099,0.72010654
37,368,late,0.57601470,0.69834495,0.57601470,0.69834495
37,371,late,0.51592398,0.79182357,0.51592398,0.79182357
37,374,late,0.58130801,0.87915480,0.58130801,0.87915480
37,378,late,0.65714669,0.92957026,0.65714669,0.92957026
37,381,late,0.65062869,0.92456537,0.65062869,0.92456537
37,384,late,0.60673195,1.06511414,0.60673195,1.06511414
37,387,late,0.54195672,1.03307068,0.54195672,1.03307068
37,390,late,0.57441294,1.04242420,0.57441294,1.04242420
37,394,late,0.55794436,1.03732455,0.55794436,1.03732455
37,397,late,0.57101947,0.98425668,0.57101947,0.98425668
37,400,late,0.64507782,0.93279654,0.64507782,0.93279654
37,403,late,0.58757305,0.95003623,0.58757305,0.95003623
37,406,late,0.55602807,0.93775642,0.55602807,0.93775642
37,410,late,0.54218608,0.88487798,0.54218608,0.88487798
37,413,late,0.54509658,0.84345740,0.54509658,0.84345740
37,416,late,0.52830470,0.80548376,0.52830470,0.80548376
37,419,late,0.55837744,0.88241661,0.55837744,0.88241661
37,422,late,0.58681411,0.96451509,0.58681411,0.96451509
37,426,late,0.56495500,0.87967277,0.56495500,0.87967277
37,429,late,0.53899795,0.86125189,0.53899795,0.86125189
37,432,late,0.55376661,0.92843425,0.55376661,0.92843425
37,435,late,0.51300240,0.90088773,0.51300240,0.90088773
37,438,late,0.50726855,0.85503364,0.50726855,0.85503364
37,442,late,0.50269336,0.79291028,0.50269336,0.79291028
37,445,late,0.55179167,0.82201517,0.55179167,0.82201517
37,448,late,0.54291785,0.88427323,0.54291785,0.88427323
37,451,late,0.47930512,0.82910162,0.47930512,0.82910162
37,454,late,0.48249483,0.83676779,0.48249483,0.83676779
37,458,late,0.51465070,0.83820188,0.51465070,0.83820188
37,461,late,0.57281762,0.85836083,0.57281762,0.85836083
37,464,late,0.52667940,0.81305349,0.52667940,0.81305349
37,467,late,0.47913057,0.78221959,0.47913057,0.78221959
37,470,late,0.48173016,0.85703647,0.48173016,0.85703647
37,474,late,0.44110623,0.81302869,0.44110623,0.81302869
37,477,late,0.45192924,0.73824310,0.45192924,0.73824310
37,480,late,0.52092797,0.74797213,0.52092797,0.74797213
37,483,late,0.51776397,0.82216710,0.51776397,0.82216710
37,486,late,0.47771752,0.85183436,0.47771752,0.85183436
37,490,late,0.55840951,0.98254889,0.55840951,0.98254889
37,493,late,0.59082943,0.98918009,0.59082943,0.98918009
37,496,late,0.61309367,1.07869673,0.61309367,1.07869673
37,499,late,0.58667856,1.09169996,0.58667856,1.09169996
38,2,early,-0.05102040,0.35342249,-0.05102040,0.35342249
38,6,early,-0.05144918,0.28491378,-0.05144918,0.28491378
38,9,early,-0.04950928,0.27172953,-0.04950928,0.27172953
38,12,early,-0.04211102,0.21807352,-0.04211102,0.21807352
38,15,early,-0.10020670,0.24788153,-0.10020670,0.24788153
38,18,early,-0.10544060,0.32048455,-0.10544060,0.32048455
38,22,early,-0.20627770,0.28768247,-0.20627770,0.28768247
38,25,early,-0.19030251,0.25169352,-0.19030251,0.25169352
38,28,early,-0.26692694,0.15570821,-0.26692694,0.15570821
38,31,early,-0.28416699,0.15295784,-0.28416699,0.15295784
38,34,early,-0.31854367,0.10336005,-0.31854367,0.10336005
38,38,early,-0.29014540,-0.00354821,-0.29014540,-0.00354821
38,41,early,-0.31529653,0.02951831,-0.31529653,0.02951831
38,44,early,-0.32634586,0.11497764,-0.32634586,0.11497764
38,47,early,-0.35233206,0.12640706,-0.35233206,0.12640706
38,50,early,-0.37224019,0.12952562,-0.37224019,0.12952562
38,54,early,-0.38790870,0.07111397,-0.38790870,0.07111397
38,57,early,-0.40610656,0.10451646,-0.40610656,0.10451646
38,60,early,-0.39274263,0.07100643,-0.39274263,0.07100643
38,63,early,-0.46138522,0.03951094,-0.46138522,0.03951094
38,66,early,-0.47820297,0.05414408,-0.47820297,0.05414408
38,70,early,-0.46596622,0.10459692,-0.46596622,0.10459692
38,73,early,-0.51303244,0.16113535,-0.51303244,0.16113535
38,76,early,-0.49296272,0.07530294,-0.49296272,0.07530294
38,79,early,-0.44737679,0.12630865,-0.44737679,0.12630865
38,82,early,-0.39078397,0.14647512,-0.39078397,0.14647512
38,86,early,-0.46386600,0.09464180,-0.46386600,0.09464180
38,89,early,-0.45689461,0.12975104,-0.45689461,0.12975104
38,92,early,-0.53125805,0.18781686,-0.53125805,0.18781686
38,95,early,-0.46406320,0.21752468,-0.46406320,0.21752468
38,98,early,-0.46551234,0.34698102,-0.46551234,0.34698102
38,102,early,-0.36869508,0.27138138,-0.36869508,0.27138138
38,105,early,-0.27621084,0.17997481,-0.27621084,0.17997481
38,108,early,-0.26767883,0.18264523,-0.26767883,0.18264523
38,111,early,-0.27832630,0.12162606,-0.27832630,0.12162606
38,114,early,-0.38823366,0.11631697,-0.38823366,0.11631697
38,118,early,-0.41383606,0.00825580,-0.41383606,0.00825580
38,121,early,-0.46311307,-0.08395852,-0.46311307,-0.08395852
38,124,early,-0.45608976,-0.08605118,-0.45608976,-0.08605118
38,127,early,-0.43707868,-0.05744144,-0.43707868,-0.05744144
38,130,early,-0.50801444,-0.06878388,-0.50801444,-0.06878388
38,134,early,-0.54642522,0.05765665,-0.54642522,0.05765665
38,137,early,-0.57866055,0.01683216,-0.57866055,0.01683216
38,140,early,-0.50231141,0.11617544,-0.50231141,0.11617544
38,143,early,-0.51192236,0.09886102,-0.51192236,0.09886102
38,146,early,-0.49454716,0.09078960,-0.49454716,0.09078960
38,150,early,-0.46391627,0.11970502,-0.46391627,0.11970502
38,153,early,-0.41687271,0.01025285,-0.41687271,0.01025285
38,156,early,-0.39713797,0.05004057,-0.39713797,0.05004057
38,159,early,-0.36906350,0.04017434,-0.36906350,0.04017434
38,162,early,-0.41309080,0.07850124,-0.41309080,0.07850124
38,166,early,-0.31580636,0.16366374,-0.31580636,0.16366374
38,169,early,-0.32431248,0.19509538,-0.32431248,0.19509538
38,172,early,-0.24629796,0.24213666,-0.24629796,0.24213666
38,175,early,-0.29429823,0.24894877,-0.29429823,0.24894877
38,178,early,-0.31962568,0.33729896,-0.31962568,0.33729896
38,182,early,-0.35468960,0.27770329,-0.35468960,0.27770329
38,185,early,-0.37900895,0.21423708,-0.37900895,0.21423708
38,188,early,-0.38856721,0.22172925,-0.38856721,0.22172925
38,191,early,-0.32066184,0.26974532,-0.32066184,0.26974532
38,194,early,-0.26939476,0.31753248,-0.26939476,0.31753248
38,198,early,-0.22488832,0.21427834,-0.22488832,0.21427834
38,201,early,-0.26122874,0.14856175,-0.26122874,0.14856175
38,204,early,-0.29164976,0.16493091,-0.29164976,0.16493091
38,207,early,-0.30915660,0.18329723,-0.30915660,0.18329723
38,210,early,-0.25999650,0.24849218,-0.25999650,0.24849218
38,214,early,-0.30557248,0.22473812,-0.30557248,0.22473812
38,217,early,-0.34193075,0.31635135,-0.34193075,0.31635135
38,220,early,-0.38067922,0.32577679,-0.38067922,0.32577679
38,223,early,-0.36977676,0.35203305,-0.36977676,0.35203305
38,226,early,-0.32496125,0.27561733,-0.32496125,0.27561733
38,230,early,-0.36894280,0.21693908,-0.36894280,0.21693908
38,233,early,-0.32925671,0.14589506,-0.32925671,0.14589506
38,236,early,-0.35027418,0.10527997,-0.35027418,0.10527997
38,239,early,-0.32611251,0.17608164,-0.32611251,0.17608164
38,242,early,-0.29249403,0.11551256,-0.29249403,0.11551256
38,246,early,-0.33195964,0.13816257,-0.33195964,0.13816257
38,249,early,-0.34062165,0.18462333,-0.34062165,0.18462333
38,252,late,-0.32184979,0.12042602,-0.32184979,0.12042602
38,255,late,-0.24140486,0.09427023,-0.24140486,0.09427023
38,258,late,-0.22005007,0.12516294,-0.22005007,0.12516294
38,262,late,-0.11917515,0.12615615,-0.11917515,0.12615615
38,265,late,-0.07338973,0.10917644,-0.07338973,0.10917644
38,268,late,-0.13498050,0.07496336,-0.13498050,0.07496336
38,271,late,-0.06287771,0.10108984,-0.06287771,0.10108984
38,274,late,-0.11272523,0.15279056,-0.11272523,0.15279056
38,278,late,-0.17054626,0.07063437,-0.17054626,0.07063437
38,281,late,-0.13292915,0.12561673,-0.13292915,0.12561673
38,284,late,-0.16011021,0.14694324,-0.16011021,0.14694324
38,287,late,-0.18504535,0.22472456,-0.18504535,0.22472456
38,290,late,-0.15902600,0.16537751,-0.15902600,0.16537751
38,294,late,-0.16049646,0.19281840,-0.16049646,0.19281840
38,297,late,-0.18554755,0.24877301,-0.18554755,0.24877301
38,300,late,-0.15312463,0.22328395,-0.15312463,0.22328395
38,303,late,-0.07166523,0.22793418,-0.07166523,0.22793418
38,306,late,-0.12226660,0.23826252,-0.12226660,0.23826252
38,310,late,0.05521453,0.32764766,0.05521453,0.32764766
38,313,late,0.03482711,0.21512592,0.03482711,0.21512592
38,316,late,-0.02473363,0.13201785,-0.02473363,0.13201785
38,319,late,-0.07473984,0.14596567,-0.07473984,0.14596567
38,322,late,-0.03523748,0.10025508,-0.03523748,0.10025508
38,326,late,0.02054982,0.01594971,0.02054982,0.01594971
38,329,late,-0.03876564,0.08078913,-0.03876564,0.08078913
38,332,late,-0.22308889,0.04770795,-0.22308889,0.04770795
38,335,late,-0.28763121,0.08516762,-0.28763121,0.08516762
38,338,late,-0.33252919,0.02961701,-0.33252919,0.02961701
38,342,late,-0.39155671,0.00552992,-0.39155671,0.00552992
38,345,late,-0.41045156,-0.03873060,-0.41045156,-0.03873060
38,348,late,-0.37800330,-0.04400353,-0.37800330,-0.04400353
38,351,late,-0.34304953,0.00474346,-0.34304953,0.00474346
38,354,late,-0.31304380,-0.01077027,-0.31304380,-0.01077027
38,358,late,-0.29118010,-0.03823616,-0.29118010,-0.03823616
38,361,late,-0.29464045,-0.04273278,-0.29464045,-0.04273278
38,364,late,-0.29301065,0.04527634,-0.29301065,0.04527634
38,367,late,-0.36202192,0.11954565,-0.36202192,0.11954565
38,370,late,-0.46293169,0.11550721,-0.46293169,0.11550721
38,374,late,-0.45588127,0.07034399,-0.45588127,0.07034399
38,377,late,-0.36449441,0.10730565,-0.36449441,0.10730565
38,380,late,-0.41010991,0.08780722,-0.41010991,0.08780722
38,383,late,-0.28175312,0.05215584,-0.28175312,0.05215584
38,386,late,-0.37437227,0.04455049,-0.37437227,0.04455049
38,390,late,-0.44176975,-0.00065248,-0.44176975,-0.00065248
38,393,late,-0.42754021,0.15670563,-0.42754021,0.15670563
38,396,late,-0.53625596,0.15219076,-0.53625596,0.15219076
38,399,late,-0.59326291,0.12156277,-0.59326291,0.12156277
38,402,late,-0.58098340,0.13468452,-0.58098340,0.13468452
38,406,late,-0.58492953,0.02288219,-0.58492953,0.02288219
38,409,late,-0.57125646,0.10345009,-0.57125646,0.10345009
38,412,late,-0.58433938,0.16417177,-0.58433938,0.16417177
38,415,late,-0.54239607,0.05177396,-0.54239607,0.05177396
38,418,late,-0.60934538,0.07172080,-0.60934538,0.07172080
38,422,late,-0.66423631,0.24719971,-0.66423631,0.24719971
38,425,late,-0.69277447,0.31449938,-0.69277447,0.31449938
38,428,late,-0.67346179,0.24487142,-0.67346179,0.24487142
38,431,late,-0.58908921,0.24493179,-0.58908921,0.24493179
38,434,late,-0.61306322,0.24971162,-0.61306322,0.24971162
38,438,late,-0.60770071,0.30599180,-0.60770071,0.30599180
38,441,late,-0.53374904,0.30345950,-0.53374904,0.30345950
38,444,late,-0.55462551,0.27921355,-0.55462551,0.27921355
38,447,late,-0.58767438,0.25480011,-0.58767438,0.25480011
38,450,late,-0.50792164,0.33987811,-0.50792164,0.33987811
38,454,late,-0.57213408,0.39439413,-0.57213408,0.39439413
38,457,late,-0.50679797,0.39177528,-0.50679797,0.39177528
38,460,late,-0.49603376,0.38236636,-0.49603376,0.38236636
38,463,late,-0.51600480,0.44296026,-0.51600480,0.44296026
38,466,late,-0.57507002,0.41505963,-0.57507002,0.41505963
38,470,late,-0.60977221,0.49727583,-0.60977221,0.49727583
38,473,late,-0.52744246,0.47202364,-0.52744246,0.47202364
38,476,late,-0.48455593,0.43387708,-0.48455593,0.43387708
38,479,late,-0.39569807,0.38270378,-0.39569807,0.38270378
38,482,late,-0.30089855,0.31471249,-0.30089855,0.31471249
38,486,late,-0.31406155,0.32539770,-0.31406155,0.32539770
38,489,late,-0.36254746,0.33352044,-0.36254746,0.33352044
38,492,late,-0.26573017,0.33690503,-0.26573017,0.33690503
38,495,late,-0.31311023,0.38017190,-0.31311023,0.38017190
38,498,late,-0.22941878,0.36364031,-0.22941878,0.36364031
39,2,early,0.70995945,1.22650850,0.70995945,1.22650850
39,5,early,0.70180565,1.24124706,0.70180565,1.24124706
39,8,early,0.67876589,1.26639354,0.67876589,1.26639354
39,11,early,0.72814554,1.17982471,0.72814554,1.17982471
39,14,early,0.71417749,1.18613458,0.71417749,1.18613458
39,18,early,0.73871773,1.26151013,0.73871773,1.26151013
39,21,early,0.79719114,1.24866891,0.79719114,1.24866891
39,24,early,0.79137182,1.24876118,0.79137182,1.24876118
39,27,early,0.71787369,1.19223356,0.71787369,1.19223356
39,30,early,0.74893510,1.11743808,0.74893510,1.11743808
39,34,early,0.72455066,1.17031682,0.72455066,1.17031682
39,37,early,0.68429321,1.17021811,0.68429321,1.17021811
39,40,early,0.73501658,1.19899249,0.73501658,1.19899249
39,43,early,0.69612050,1.21744668,0.69612050,1.21744668
39,46,early,0.72717351,1.23607635,0.72717351,1.23607635
39,50,early,0.66552323,1.22069120,0.66552323,1.22069120
39,53,early,0.68386275,1.19554222,0.68386275,1.19554222
39,56,early,0.71582621,1.22956896,0.71582621,1.22956896
39,59,early,0.71221393,1.20074689,0.71221393,1.20074689
39,62,early,0.72203052,1.27245319,0.72203052,1.27245319
39,66,early,0.78119314,1.27136052,0.78119314,1.27136052
39,69,early,0.74172902,1.26304305,0.74172902,1.26304305
39,72,early,0.69792044,1.27769339,0.69792044,1.27769339
39,75,early,0.73743314,1.26009214,0.73743314,1.26009214
39,78,early,0.66555637,1.21692729,0.66555637,1.21692729
39,82,early,0.61828399,1.20001543,0.61828399,1.20001543
39,85,early,0.65608728,1.21437562,0.65608728,1.21437562
39,88,early,0.63351637,1.17599976,0.63351637,1.17599976
39,91,early,0.64466971,1.23364234,0.64466971,1.23364234
39,94,early,0.74393630,1.25330997,0.74393630,1.25330997
39,98,early,0.70601588,1.18629754,0.70601588,1.18629754
39,101,early,0.69410259,1.21075678,0.69410259,1.21075678
39,104,early,0.72557670,1.22588837,0.72557670,1.22588837
39,107,early,0.65585601,1.19959033,0.65585601,1.19959033
39,110,early,0.62946904,1.18855739,0.62946904,1.18855739
39,114,early,0.66377354,1.22194862,0.66377354,1.22194862
39,117,early,0.64889789,1.19348001,0.64889789,1.19348001
39,120,early,0.75203681,1.11990058,0.75203681,1.11990058
39,123,early,0.71338600,1.12999010,0.71338600,1.12999010
39,126,early,0.76473719,1.10652614,0.76473719,1.10652614
39,130,early,0.66765696,1.23687553,0.66765696,1.23687553
39,133,early,0.69774032,1.18464637,0.69774032,1.18464637
39,136,early,0.67156363,1.21745181,0.67156363,1.21745181
39,139,early,0.66327167,1.21946061,0.66327167,1.21946061
39,142,early,0.68533218,1.21511745,0.68533218,1.21511745
39,146,early,0.67654657,1.25426269,0.67654657,1.25426269
39,149,early,0.75280559,1.26369047,0.75280559,1.26369047
39,152,early,0.71030676,1.27473891,0.71030676,1.27473891
39,155,early,0.76896065,1.19596517,0.76896065,1.19596517
39,158,early,0.73544580,1.27610862,0.73544580,1.27610862
39,162,early,0.78724098,1.37802541,0.78724098,1.37802541
39,165,early,0.78983349,1.43066716,0.78983349,1.43066716
39,168,early,0.85783267,1.35840631,0.85783267,1.35840631
39,171,early,0.88471842,1.35551190,0.88471842,1.35551190
39,174,early,0.87812132,1.40317774,0.87812132,1.40317774
39,178,early,0.85485989,1.41698074,0.85485989,1.41698074
39,181,early,0.84105599,1.45562625,0.84105599,1.45562625
39,184,early,0.88092577,1.53134954,0.88092577,1.53134954
39,187,early,0.92414272,1.50671184,0.92414272,1.50671184
39,190,early,0.86573428,1.57354212,0.86573428,1.57354212
39,194,early,0.89037007,1.44972038,0.89037007,1.44972038
39,197,early,0.85503060,1.46709526,0.85503060,1.46709526
39,200,early,0.78377581,1.52793264,0.78377581,1.52793264
39,203,early,0.86757249,1.53683698,0.86757249,1.53683698
39,206,early,0.87153471,1.50725365,0.87153471,1.50725365
39,210,early,0.89905882,1.49007440,0.89905882,1.49007440
39,213,early,0.88964134,1.48607695,0.88964134,1.48607695
39,216,early,0.86996704,1.40963101,0.86996704,1.40963101
39,219,early,0.94049358,1.46681702,0.94049358,1.46681702
39,222,early,0.83790421,1.41075563,0.83790421,1.41075563
39,226,early,0.85476398,1.40429926,0.85476398,1.40429926
39,229,early,0.81337076,1.39067590,0.81337076,1.39067590
39,232,early,0.80942237,1.37147558,0.80942237,1.37147558
39,235,early,0.82658261,1.42966914,0.82658261,1.42966914
39,238,early,0.78455055,1.44476008,0.78455055,1.44476008
39,242,early,0.78520262,1.39564943,0.78520262,1.39564943
39,245,early,0.80568165,1.42958868,0.80568165,1.42958868
39,248,early,0.77709490,1.36726081,0.77709490,1.36726081
39,251,late,0.83956122,1.44642663,0.83956122,1.44642663
39,254,late,0.90973115,1.50192118,0.90973115,1.50192118
39,258,late,0.94757688,1.55630147,0.94757688,1.55630147
39,261,late,0.93298298,1.55946791,0.93298298,1.55946791
39,264,late,0.95358503,1.54039609,0.95358503,1.54039609
39,267,late,0.92739803,1.58539855,0.92739803,1.58539855
39,270,late,0.93607062,1.56633031,0.93607062,1.56633031
39,274,late,0.97907567,1.61081624,0.97907567,1.61081624
39,277,late,0.88520390,1.53327858,0.88520390,1.53327858
39,280,late,0.97270483,1.51578760,0.97270483,1.51578760
39,283,late,0.95361364,1.55322266,0.95361364,1.55322266
39,286,late,0.90360057,1.61036932,0.90360057,1.61036932
39,290,late,1.08935881,1.58404136,1.08935881,1.58404136
39,293,late,1.04721642,1.62918711,1.04721642,1.62918711
39,296,late,0.99615806,1.65289199,0.99615806,1.65289199
39,299,late,0.99476963,1.67288673,0.99476963,1.67288673
39,302,late,0.94397384,1.63629079,0.94397384,1.63629079
39,306,late,0.92833269,1.56199551,0.92833269,1.56199551
39,309,late,0.97073442,1.59687877,0.97073442,1.59687877
39,312,late,0.92983115,1.56215215,0.92983115,1.56215215
39,315,late,0.92221439,1.57738256,0.92221439,1.57738256
39,318,late,0.97337753,1.58205831,0.97337753,1.58205831
39,322,late,0.95155412,1.56187594,0.95155412,1.56187594
39,325,late,0.85998416,1.54611421,0.85998416,1.54611421
39,328,late,0.87100929,1.46183074,0.87100929,1.46183074
39,331,late,0.88028669,1.35175633,0.88028669,1.35175633
39,334,late,0.91525918,1.37858319,0.91525918,1.37858319
39,338,late,0.85798705,1.42418110,0.85798705,1.42418110
39,341,late,0.84948832,1.40290105,0.84948832,1.40290105
39,344,late,0.78843606,1.35684609,0.78843606,1.35684609
39,347,late,0.84332937,1.32816541,0.84332937,1.32816541
39,350,late,0.80704468,1.29614902,0.80704468,1.29614902
39,354,late,0.77249652,1.24162495,0.77249652,1.24162495
39,357,late,0.76552534,1.25107920,0.76552534,1.25107920
39,360,late,0.79896867,1.29052913,0.79896867,1.29052913
39,363,late,0.80612761,1.34204257,0.80612761,1.34204257
39,366,late,0.80615741,1.31590414,0.80615741,1.31590414
39,370,late,0.78698975,1.35222661,0.78698975,1.35222661
39,373,late,0.80555791,1.36467850,0.80555791,1.36467850
39,376,late,0.79690111,1.39640522,0.79690111,1.39640522
39,379,late,0.80820608,1.47742283,0.80820608,1.47742283
39,382,late,0.82626981,1.45551455,0.82626981,1.45551455
39,386,late,0.85971546,1.44863617,0.85971546,1.44863617
39,389,late,0.85112196,1.38541818,0.85112196,1.38541818
39,392,late,0.86224061,1.37581563,0.86224061,1.37581563
39,395,late,0.88667077,1.41992283,0.88667077,1.41992283
39,398,late,0.88204306,1.37815011,0.88204306,1.37815011
39,402,late,0.83584374,1.40968645,0.83584374,1.40968645
39,405,late,0.79698658,1.33035541,0.79698658,1.33035541
39,408,late,0.82864618,1.37716401,0.82864618,1.37716401
39,411,late,0.79843545,1.43036664,0.79843545,1.43036664
39,414,late,0.82072020,1.41908479,0.82072020,1.41908479
39,418,late,0.84037048,1.38729429,0.84037048,1.38729429
39,421,late,0.73411441,1.29427505,0.73411441,1.29427505
39,424,late,0.71870774,1.30900669,0.71870774,1.30900669
39,427,late,0.74331176,1.23645532,0.74331176,1.23645532
39,430,late,0.67121172,1.23140156,0.67121172,1.23140156
39,434,late,0.64212942,1.12869251,0.64212942,1.12869251
39,437,late,0.57183182,1.12030864,0.57183182,1.12030864
39,440,late,0.56783521,1.08310640,0.56783521,1.08310640
39,443,late,0.60552907,0.97618055,0.60552907,0.97618055
39,446,late,0.50486177,0.96930963,0.50486177,0.96930963
39,450,late,0.55938160,0.93897969,0.55938160,0.93897969
39,453,late,0.59485066,0.91215140,0.59485066,0.91215140
39,456,late,0.51806664,0.89589018,0.51806664,0.89589018
39,459,late,0.46060756,0.88707405,0.46060756,0.88707405
39,462,late,0.50279599,0.89868367,0.50279599,0.89868367
39,466,late,0.46283183,0.91819680,0.46283183,0.91819680
39,469,late,0.56174797,0.81891668,0.56174797,0.81891668
39,472,late,0.57830191,0.82215750,0.57830191,0.82215750
39,475,late,0.51536709,0.87690878,0.51536709,0.87690878
39,478,late,0.39713991,0.86849058,0.39713991,0.86849058
39,482,late,0.46970925,0.89377826,0.46970925,0.89377826
39,485,late,0.48373762,0.94590527,0.48373762,0.94590527
39,488,late,0.55265713,0.83337229,0.55265713,0.83337229
39,491,late,0.50149405,0.81623805,0.50149405,0.81623805
39,494,late,0.50068754,0.86213332,0.50068754,0.86213332
39,498,late,0.52897406,0.85602468,0.52897406,0.85602468
40,1,early,0.29733571,0.45476183,0.29733571,0.45476183
40,4,early,0.25100186,0.44385293,0.25100186,0.44385293
40,7,early,0.29531220,0.43643644,0.29531220,0.43643644
40,10,early,0.29627469,0.45555159,0.29627469,0.45555159
40,14,early,0.20234475,0.47822887,0.20234475,0.47822887
40,17,early,0.20738378,0.44191220,0.20738378,0.44191220
40,20,early,0.28226808,0.38373727,0.28226808,0.38373727
40,23,early,0.31827745,0.34123239,0.31827745,0.34123239
40,26,early,0.33624101,0.31619945,0.33624101,0.31619945
40,30,early,0.41427162,0.29588547,0.41427162,0.29588547
40,33,early,0.49602687,0.36281416,0.49602687,0.36281416
40,36,early,0.37605667,0.40286222,0.37605667,0.40286222
40,39,early,0.35393229,0.47131860,0.35393229,0.47131860
40,42,early,0.29563057,0.56341875,0.29563057,0.56341875
40,46,early,0.36935771,0.61528236,0.36935771,0.61528236
40,49,early,0.39670607,0.57416821,0.39670607,0.57416821
40,52,early,0.39202279,0.57496220,0.39202279,0.57496220
40,55,early,0.40547073,0.66244048,0.40547073,0.66244048
40,58,early,0.38170382,0.67376471,0.38170382,0.67376471
40,62,early,0.52183819,0.66962469,0.52183819,0.66962469
40,65,early,0.50514865,0.77693516,0.50514865,0.77693516
40,68,early,0.53140742,0.81007063,0.53140742,0.81007063
40,71,early,0.46621561,0.90970218,0.46621561,0.90970218
40,74,early,0.53820521,0.94699717,0.53820521,0.94699717
40,78,early,0.47076723,0.90316308,0.47076723,0.90316308
40,81,early,0.38143396,0.88756359,0.38143396,0.88756359
40,84,early,0.40382823,0.87444735,0.40382823,0.87444735
40,87,early,0.37301859,0.86571944,0.37301859,0.86571944
40,90,early,0.42060339,0.90943426,0.42060339,0.90943426
40,94,early,0.57163066,0.96229362,0.57163066,0.96229362
40,97,early,0.57229644,0.98560762,0.57229644,0.98560762
40,100,early,0.59558392,1.02305317,0.59558392,1.02305317
40,103,early,0.61636794,1.00056159,0.61636794,1.00056159
40,106,early,0.65648085,1.01754665,0.65648085,1.01754665
40,110,early,0.63448101,1.05430806,0.63448101,1.05430806
40,113,early,0.64386427,1.14954221,0.64386427,1.14954221
40,116,early,0.58355308,1.12434638,0.58355308,1.12434638
40,119,early,0.62491035,1.03671038,0.62491035,1.03671038
40,122,early,0.61667693,1.04846251,0.61667693,1.04846251
40,126,early,0.57154900,0.97518069,0.57154900,0.97518069
40,129,early,0.55229431,0.96653932,0.55229431,0.96653932
40,132,early,0.56960875,0.95932102,0.56960875,0.95932102
40,135,early,0.50431812,0.96052635,0.50431812,0.96052635
40,138,early,0.60250372,0.90801221,0.60250372,0.90801221
40,142,early,0.59681952,0.87710220,0.59681952,0.87710220
40,145,early,0.53303480,0.91085434,0.53303480,0.91085434
40,148,early,0.57623619,0.96774250,0.57623619,0.96774250
40,151,early,0.57879698,0.93165755,0.57879698,0.93165755
40,154,early,0.53557777,0.95998096,0.53557777,0.95998096
40,158,early,0.55487669,0.88179570,0.55487669,0.88179570
40,161,early,0.55612904,0.90119898,0.55612904,0.90119898
40,164,early,0.50612068,0.87956744,0.50612068,0.87956744
40,167,early,0.57988566,0.91888946,0.57988566,0.91888946
40,170,early,0.57681233,0.98421681,0.57681233,0.98421681
40,174,early,0.50189310,0.96431655,0.50189310,0.96431655
40,177,early,0.57563013,0.96340799,0.57563013,0.96340799
40,180,early,0.60477656,0.97868443,0.60477656,0.97868443
40,183,early,0.55637503,0.95006585,0.55637503,0.95006585
40,186,early,0.56115508,0.93878293,0.56115508,0.93878293
40,190,early,0.45681706,0.89248210,0.45681706,0.89248210
40,193,early,0.45941436,0.90488648,0.45941436,0.90488648
40,196,early,0.39025271,0.79850185,0.39025271,0.79850185
40,199,early,0.34486344,0.78751594,0.34486344,0.78751594
40,202,early,0.36311036,0.74594456,0.36311036,0.74594456
40,206,early,0.38759643,0.65592462,0.38759643,0.65592462
40,209,early,0.35001472,0.61427653,0.35001472,0.61427653
40,212,early,0.42597029,0.66356587,0.42597029,0.66356587
40,215,early,0.33256245,0.75092179,0.33256245,0.75092179
40,218,early,0.35145786,0.84576052,0.35145786,0.84576052
40,222,early,0.40545583,0.77353489,0.40545583,0.77353489
40,225,early,0.41920823,0.73096335,0.41920823,0.73096335
40,228,early,0.44972819,0.70864290,0.44972819,0.70864290
40,231,early,0.46430215,0.71590221,0.46430215,0.71590221
40,234,early,0.53517163,0.72096789,0.53517163,0.72096789
40,238,early,0.52278751,0.75102729,0.52278751,0.75102729
40,241,early,0.52032608,0.72265404,0.52032608,0.72265404
40,244,early,0.54844034,0.80491912,0.54844034,0.80491912
40,247,early,0.50703835,0.83380389,0.50703835,0.83380389
40,250,late,0.48858905,0.82915348,0.48858905,0.82915348
40,254,late,0.52008671,0.82548553,0.52008671,0.82548553
40,257,late,0.48289874,0.84670496,0.48289874,0.84670496
40,260,late,0.40124494,0.79502100,0.40124494,0.79502100
40,263,late,0.40081090,0.81429195,0.40081090,0.81429195
40,266,late,0.44263870,0.80568016,0.44263870,0.80568016
40,270,late,0.44718513,0.75139248,0.44718513,0.75139248
40,273,late,0.52633488,0.81099927,0.52633488,0.81099927
40,276,late,0.53382671,0.91897774,0.53382671,0.91897774
40,279,late,0.54638463,0.88253266,0.54638463,0.88253266
40,282,late,0.57036680,1.01593280,0.57036680,1.01593280
40,286,late,0.56574774,1.03097820,0.56574774,1.03097820
40,289,late,0.60323882,0.97286493,0.60323882,0.97286493
40,292,late,0.61132711,0.99896657,0.61132711,0.99896657
40,295,late,0.61175931,1.10205054,0.61175931,1.10205054
40,298,late,0.64625174,1.12392688,0.64625174,1.12392688
40,302,late,0.61561793,1.11679220,0.61561793,1.11679220
40,305,late,0.51372802,1.03829968,0.51372802,1.03829968
40,308,late,0.59910846,0.97367156,0.59910846,0.97367156
40,311,late,0.63004452,0.86568475,0.63004452,0.86568475
40,314,late,0.69396663,1.00761306,0.69396663,1.00761306
40,318,late,0.76163805,0.97548437,0.76163805,0.97548437
40,321,late,0.66391623,1.01305199,0.66391623,1.01305199
40,324,late,0.59278524,1.03934562,0.59278524,1.03934562
40,327,late,0.56290972,1.16171920,0.56290972,1.16171920
40,330,late,0.64628685,1.15066361,0.64628685,1.15066361
40,334,late,0.66966081,1.17288804,0.66966081,1.17288804
40,337,late,0.69687295,1.15075493,0.69687295,1.15075493
40,340,late,0.67996442,1.15159583,0.67996442,1.15159583
40,343,late,0.64737386,1.15903604,0.64737386,1.15903604
40,346,late,0.69108766,1.25450420,0.69108766,1.25450420
40,350,late,0.67695057,1.25184584,0.67695057,1.25184584
40,353,late,0.70608127,1.24781573,0.70608127,1.24781573
40,356,late,0.64057070,1.24843621,0.64057070,1.24843621
40,359,late,0.69430786,1.25933802,0.69430786,1.25933802
40,363,late,0.67899209,1.18205094,0.67899209,1.18205094
40,366,late,0.70973444,1.25013304,0.70973444,1.25013304
40,369,late,0.70352715,1.21273100,0.70352715,1.21273100
40,372,late,0.67473048,1.21791804,0.67473048,1.21791804
40,375,late,0.66297966,1.21775270,0.66297966,1.21775270
40,379,late,0.62799489,1.21099305,0.62799489,1.21099305
40,382,late,0.61770052,1.16500056,0.61770052,1.16500056
40,385,late,0.58236319,1.09747469,0.58236319,1.09747469
40,388,late,0.66509402,1.13589561,0.66509402,1.13589561
40,391,late,0.61897212,1.20481694,0.61897212,1.20481694
40,395,late,0.69147533,1.22880113,0.69147533,1.22880113
40,398,late,0.70004863,1.18647420,0.70004863,1.18647420
40,401,late,0.70142299,1.14341700,0.70142299,1.14341700
40,404,late,0.74537802,1.16577220,0.74537802,1.16577220
40,407,late,0.70137465,1.20030940,0.70137465,1.20030940
40,411,late,0.65892988,1.10794473,0.65892988,1.10794473
40,414,late,0.65527940,1.17565906,0.65527940,1.17565906
40,417,late,0.66873652,1.20500362,0.66873652,1.20500362
40,420,late,0.68617564,1.20459414,0.68617564,1.20459414
40,423,late,0.73125088,1.24430227,0.73125088,1.24430227
40,427,late,0.76350057,1.31228852,0.76350057,1.31228852
40,430,late,0.69375408,1.26380610,0.69375408,1.26380610
40,433,late,0.71133530,1.29681766,0.71133530,1.29681766
40,436,late,0.76432174,1.36073220,0.76432174,1.36073220
40,439,late,0.73394585,1.25622070,0.73394585,1.25622070
40,443,late,0.77601314,1.33023190,0.77601314,1.33023190
40,446,late,0.74866825,1.26367557,0.74866825,1.26367557
40,449,late,0.74758470,1.27246845,0.74758470,1.27246845
40,452,late,0.72355926,1.34161592,0.72355926,1.34161592
40,455,late,0.76795530,1.31615543,0.76795530,1.31615543
40,459,late,0.74996084,1.33194959,0.74996084,1.33194959
40,462,late,0.80380571,1.30842757,0.80380571,1.30842757
40,465,late,0.83630192,1.30966616,0.83630192,1.30966616
40,468,late,0.86470616,1.31378567,0.86470616,1.31378567
40,471,late,0.93126512,1.27774084,0.93126512,1.27774084
40,475,late,0.85619932,1.28150141,0.85619932,1.28150141
40,478,late,0.87423629,1.30003726,0.87423629,1.30003726
40,481,late,0.77063906,1.31504750,0.77063906,1.31504750
40,484,late,0.81829131,1.40759337,0.81829131,1.40759337
40,487,late,0.79509872,1.39913106,0.79509872,1.39913106
40,491,late,0.84848070,1.44519341,0.84848070,1.44519341
40,494,late,0.78756481,1.36854589,0.78756481,1.36854589
40,497,late,0.84484571,1.46526837,0.84484571,1.46526837
41,0,early,0.65102041,1.25187731,0.65102041,1.25187731
41,3,early,0.66651213,1.23878300,0.66651213,1.23878300
41,7,early,0.64585906,1.20367765,0.64585906,1.20367765
41,10,early,0.65120327,1.17418921,0.65120327,1.17418921
41,13,early,0.65552860,1.16841853,0.65552860,1.16841853
41,16,early,0.64906001,1.12916088,0.64906001,1.12916088
41,19,early,0.72302181,1.04149163,0.72302181,1.04149163
41,23,early,0.66176498,1.10810328,0.66176498,1.10810328
41,26,early,0.63706595,1.07373285,0.63706595,1.07373285
41,29,early,0.62925345,1.09526765,0.62925345,1.09526765
41,32,early,0.67363244,1.14093959,0.67363244,1.14093959
41,35,early,0.62532860,1.17564857,0.62532860,1.17564857
41,39,early,0.65390825,1.21569240,0.65390825,1.21569240
41,42,early,0.63899976,1.22209275,0.63899976,1.22209275
41,45,early,0.72454739,1.20013428,0.72454739,1.20013428
41,48,early,0.67436689,1.19154537,0.67436689,1.19154537
41,51,early,0.74419028,1.16405463,0.74419028,1.16405463
41,55,early,0.72348487,1.23773730,0.72348487,1.23773730
41,58,early,0.74661595,1.19093692,0.74661595,1.19093692
41,61,early,0.72496164,1.21022165,0.72496164,1.21022165
41,64,early,0.67045158,1.18001282,0.67045158,1.18001282
41,67,early,0.68878317,1.22827232,0.68878317,1.22827232
41,71,early,0.69634426,1.22349906,0.69634426,1.22349906
41,74,early,0.64213449,1.22983897,0.64213449,1.22983897
41,77,early,0.70278299,1.24433255,0.70278299,1.24433255
41,80,early,0.69422364,1.23317385,0.69422364,1.23317385
41,83,early,0.66634464,1.24245417,0.66634464,1.24245417
41,87,early,0.68665695,1.25261772,0.68665695,1.25261772
41,90,early,0.80258673,1.33114409,0.80258673,1.33114409
41,93,early,0.79649788,1.33949113,0.79649788,1.33949113
41,96,early,0.72882485,1.30052602,0.72882485,1.30052602
41,99,early,0.77778429,1.36163819,0.77778429,1.36163819
41,103,early,0.80228400,1.37339568,0.80228400,1.37339568
41,106,early,0.77249205,1.32773387,0.77249205,1.32773387
41,109,early,0.79715693,1.33924568,0.79715693,1.33924568
41,112,early,0.73012996,1.27896857,0.73012996,1.27896857
41,115,early,0.81227964,1.32571757,0.81227964,1.32571757
41,119,early,0.79457283,1.36612618,0.79457283,1.36612618
41,122,early,0.82465434,1.31135535,0.82465434,1.31135535
41,125,early,0.83832097,1.36494040,0.83832097,1.36494040
41,128,early,0.79457951,1.32404494,0.79457951,1.32404494
41,131,early,0.72351050,1.25075781,0.72351050,1.25075781
41,135,early,0.67981863,1.23085988,0.67981863,1.23085988
41,138,early,0.67482287,1.22742879,0.67482287,1.22742879
41,141,early,0.66123211,1.22445405,0.66123211,1.22445405
41,144,early,0.67955011,1.24825299,0.67955011,1.24825299
41,147,early,0.66363508,1.20420432,0.66363508,1.20420432
41,151,early,0.72982514,1.28550708,0.72982514,1.28550708
41,154,early,0.72032988,1.25672007,0.72032988,1.25672007
41,157,early,0.77575105,1.29805267,0.77575105,1.29805267
41,160,early,0.72617853,1.33002901,0.72617853,1.33002901
41,163,early,0.75891143,1.39405477,0.75891143,1.39405477
41,167,early,0.77759403,1.37281871,0.77759403,1.37281871
41,170,early,0.75631189,1.40863073,0.75631189,1.40863073
41,173,early,0.73099005,1.37346852,0.73099005,1.37346852
41,176,early,0.79350150,1.38148260,0.79350150,1.38148260
41,179,early,0.84385073,1.38613141,0.84385073,1.38613141
41,183,early,0.79649484,1.31622195,0.79649484,1.31622195
41,186,early,0.76462066,1.37662315,0.76462066,1.37662315
41,189,early,0.83597714,1.32618332,0.83597714,1.32618332
41,192,early,0.76773006,1.29787111,0.76773006,1.29787111
41,195,early,0.73709798,1.36050940,0.73709798,1.36050940
41,199,early,0.78485221,1.37100017,0.78485221,1.37100017
41,202,early,0.81796354,1.38386214,0.81796354,1.38386214
41,205,early,0.74117118,1.32824779,0.74117118,1.32824779
41,208,early,0.79751742,1.30078316,0.79751742,1.30078316
41,211,early,0.78359759,1.28736067,0.78359759,1.28736067
41,215,early,0.80768108,1.31414986,0.80768108,1.31414986
41,218,early,0.81477064,1.34827340,0.81477064,1.34827340
41,221,early,0.84220880,1.36050546,0.84220880,1.36050546
41,224,early,0.85056007,1.37817085,0.85056007,1.37817085
41,227,early,0.81653231,1.47630167,0.81653231,1.47630167
41,231,early,0.84036022,1.51466584,0.84036022,1.51466584
41,234,early,0.89965582,1.48461246,0.89965582,1.48461246
41,237,early,0.83649105,1.35467374,0.83649105,1.35467374
41,240,early,0.71007586,1.28016615,0.71007586,1.28016615
41,243,early,0.72819072,1.27677310,0.72819072,1.27677310
41,247,early,0.71252066,1.32139742,0.71252066,1.32139742
41,250,late,0.76262885,1.31860006,0.76262885,1.31860006
41,253,late,0.73330981,1.23430526,0.73330981,1.23430526
41,256,late,0.73563081,1.14854574,0.73563081,1.14854574
41,259,late,0.71921659,1.19971883,0.71921659,1.19971883
41,263,late,0.64683980,1.23173809,0.64683980,1.23173809
41,266,late,0.70333230,1.15534234,0.70333230,1.15534234
41,269,late,0.68271381,1.19686174,0.68271381,1.19686174
41,272,late,0.65411735,1.18062568,0.65411735,1.18062568
41,275,late,0.62969744,1.19068027,0.62969744,1.19068027
41,279,late,0.66077769,1.08686626,0.66077769,1.08686626
41,282,late,0.63783634,1.10568643,0.63783634,1.10568643
41,285,late,0.65691233,1.08347428,0.65691233,1.08347428
41,288,late,0.68442094,1.02297473,0.68442094,1.02297473
41,291,late,0.60996079,1.07813311,0.60996079,1.07813311
41,295,late,0.60991567,1.09515905,0.60991567,1.09515905
41,298,late,0.55856144,1.07785821,0.55856144,1.07785821
41,301,late,0.59629869,1.07786453,0.59629869,1.07786453
41,304,late,0.61980796,1.10215223,0.61980796,1.10215223
41,307,late,0.64423960,0.99487394,0.64423960,0.99487394
41,311,late,0.71794915,1.07023585,0.71794915,1.07023585
41,314,late,0.70778650,0.99403363,0.70778650,0.99403363
41,317,late,0.69065529,0.93764669,0.69065529,0.93764669
41,320,late,0.65448600,0.95323455,0.65448600,0.95323455
41,323,late,0.57174289,0.91616976,0.57174289,0.91616976
41,327,late,0.50539309,0.83425266,0.50539309,0.83425266
41,330,late,0.47110915,0.81311774,0.47110915,0.81311774
41,333,late,0.48666519,0.83851105,0.48666519,0.83851105
41,336,late,0.51285732,0.94141060,0.51285732,0.94141060
41,339,late,0.53745216,0.95426857,0.53745216,0.95426857
41,343,late,0.47758156,0.93064857,0.47758156,0.93064857
41,346,late,0.59833586,0.96682256,0.59833586,0.96682256
41,349,late,0.62684065,0.91268641,0.62684065,0.91268641
41,352,late,0.61129004,1.00326812,0.61129004,1.00326812
41,355,late,0.56848353,1.07291627,0.56848353,1.07291627
41,359,late,0.55868173,1.02556133,0.55868173,1.02556133
41,362,late,0.54074794,1.04214370,0.54074794,1.04214370
41,365,late,0.61036694,1.03148746,0.61036694,1.03148746
41,368,late,0.61128348,1.00267124,0.61128348,1.00267124
41,371,late,0.55341536,1.07430017,0.55341536,1.07430017
41,375,late,0.59683502,1.04582083,0.59683502,1.04582083
41,378,late,0.65690076,1.12813282,0.65690076,1.12813282
41,381,late,0.70425367,1.08424938,0.70425367,1.08424938
41,384,late,0.70517886,1.17640960,0.70517886,1.17640960
41,387,late,0.74625438,1.19883788,0.74625438,1.19883788
41,391,late,0.74776947,1.22695363,0.74776947,1.22695363
41,394,late,0.72251135,1.28957689,0.72251135,1.28957689
41,397,late,0.68983197,1.36363220,0.68983197,1.36363220
41,400,late,0.74071187,1.27994692,0.74071187,1.27994692
41,403,late,0.81854850,1.33798325,0.81854850,1.33798325
41,407,late,0.86260408,1.37382758,0.86260408,1.37382758
41,410,late,0.85768604,1.36031973,0.85768604,1.36031973
41,413,late,0.92880267,1.42218804,0.92880267,1.42218804
41,416,late,0.91615033,1.49896193,0.91615033,1.49896193
41,419,late,0.79625696,1.45710087,0.79625696,1.45710087
41,423,late,0.84866184,1.43390274,0.84866184,1.43390274
41,426,late,0.88009012,1.30944455,0.88009012,1.30944455
41,429,late,0.85090375,1.29792905,0.85090375,1.29792905
41,432,late,0.80682015,1.35227334,0.80682015,1.35227334
41,435,late,0.82402462,1.38465595,0.82402462,1.38465595
41,439,late,0.78501529,1.31282270,0.78501529,1.31282270
41,442,late,0.75576830,1.37273645,0.75576830,1.37273645
41,445,late,0.80198687,1.34584248,0.80198687,1.34584248
41,448,late,0.76074481,1.45258582,0.76074481,1.45258582
41,451,late,0.76258653,1.42848229,0.76258653,1.42848229
41,455,late,0.76080257,1.42099595,0.76080257,1.42099595
41,458,late,0.78968883,1.41562784,0.78968883,1.41562784
41,461,late,0.78042048,1.37359428,0.78042048,1.37359428
41,464,late,0.81982666,1.34526122,0.81982666,1.34526122
41,467,late,0.78889638,1.33035445,0.78889638,1.33035445
41,471,late,0.82474536,1.37287974,0.82474536,1.37287974
41,474,late,0.85893869,1.36265624,0.85893869,1.36265624
41,477,late,0.79651439,1.34495008,0.79651439,1.34495008
41,480,late,0.73588324,1.28060114,0.73588324,1.28060114
41,483,late,0.65736729,1.19841135,0.65736729,1.19841135
41,487,late,0.67003947,1.26740146,0.67003947,1.26740146
41,490,late,0.65128875,1.28509057,0.65128875,1.28509057
41,493,late,0.71642834,1.36442721,0.71642834,1.36442721
41,496,late,0.76552999,1.30963898,0.76552999,1.30963898
41,499,late,0.75269705,1.30760956,0.75269705,1.30760956
42,3,early,0.33927530,0.50510710,0.33927530,0.50510710
42,6,early,0.27421841,0.52259922,0.27421841,0.52259922
42,9,early,0.25372991,0.47290438,0.25372991,0.47290438
42,12,early,0.32869601,0.53270161,0.32869601,0.53270161
42,15,early,0.31988552,0.52421612,0.31988552,0.52421612
42,19,early,0.29990613,0.50902283,0.29990613,0.50902283
42,22,early,0.30574843,0.63138026,0.30574843,0.63138026
42,25,early,0.30139247,0.63903809,0.30139247,0.63903809
42,28,early,0.31226978,0.64743239,0.31226978,0.64743239
42,31,early,0.24207205,0.59964073,0.24207205,0.59964073
42,35,early,0.34861478,0.62810856,0.34861478,0.62810856
42,38,early,0.28336424,0.69079477,0.28336424,0.69079477
42,41,early,0.39606920,0.70198202,0.39606920,0.70198202
42,44,early,0.41366050,0.75616008,0.41366050,0.75616008
42,47,early,0.35478345,0.79350263,0.35478345,0.79350263
42,51,early,0.40860492,0.82100976,0.40860492,0.82100976
42,54,early,0.39005226,0.80902594,0.39005226,0.80902594
42,57,early,0.40301231,0.84481460,0.40301231,0.84481460
42,60,early,0.45582905,0.91833752,0.45582905,0.91833752
42,63,early,0.52470720,0.84039259,0.52470720,0.84039259
42,67,early,0.55295432,0.77419335,0.55295432,0.77419335
42,70,early,0.52584958,0.83509523,0.52584958,0.83509523
42,73,early,0.56501478,0.81496197,0.56501478,0.81496197
42,76,early,0.57099766,0.82202333,0.57099766,0.82202333
42,79,early,0.53302336,0.90176404,0.53302336,0.90176404
42,83,early,0.58276737,0.91734076,0.58276737,0.91734076
42,86,early,0.57989001,0.98181546,0.57989001,0.98181546
42,89,early,0.59950650,1.01238477,0.59950650,1.01238477
42,92,early,0.60375243,1.01134419,0.60375243,1.01134419
42,95,early,0.54742217,1.01015365,0.54742217,1.01015365
42,99,early,0.60182953,0.92968065,0.60182953,0.92968065
42,102,early,0.60264140,0.93977594,0.60264140,0.93977594
42,105,early,0.63049507,1.03602970,0.63049507,1.03602970
42,108,early,0.57617557,1.11169386,0.57617557,1.11169386
42,111,early,0.65188932,1.13098335,0.65188932,1.13098335
42,115,early,0.66356087,1.18286085,0.66356087,1.18286085
42,118,early,0.62388331,1.09812450,0.62388331,1.09812450
42,121,early,0.61378235,1.07467413,0.61378235,1.07467413
42,124,early,0.57534403,1.13855171,0.57534403,1.13855171
42,127,early,0.56373525,1.09721375,0.56373525,1.09721375
42,131,early,0.60196006,1.01659191,0.60196006,1.01659191
42,134,early,0.54472625,0.93967855,0.54472625,0.93967855
42,137,early,0.49152002,0.85359526,0.49152002,0.85359526
42,140,early,0.57458758,0.86530727,0.57458758,0.86530727
42,143,early,0.49690828,0.85673457,0.49690828,0.85673457
42,147,early,0.53141510,0.81898481,0.53141510,0.81898481
42,150,early,0.51379192,0.86318374,0.51379192,0.86318374
42,153,early,0.52606094,0.90044141,0.52606094,0.90044141
42,156,early,0.52623791,0.89256054,0.52623791,0.89256054
42,159,early,0.54289544,0.94498527,0.54289544,0.94498527
42,163,early,0.58191293,0.78663349,0.58191293,0.78663349
42,166,early,0.49222231,0.84769052,0.49222231,0.84769052
42,169,early,0.48709130,0.82857937,0.48709130,0.82857937
42,172,early,0.48357257,0.78961986,0.48357257,0.78961986
42,175,early,0.39270547,0.78509277,0.39270547,0.78509277
42,179,early,0.35284558,0.68042082,0.35284558,0.68042082
42,182,early,0.39106441,0.78060681,0.39106441,0.78060681
42,185,early,0.40004888,0.69943672,0.40004888,0.69943672
42,188,early,0.38403547,0.72730428,0.38403547,0.72730428
42,191,early,0.39553466,0.67869771,0.39553466,0.67869771
42,195,early,0.37273705,0.63278008,0.37273705,0.63278008
42,198,early,0.35717562,0.60161424,0.35717562,0.60161424
42,201,early,0.32881448,0.47992444,0.32881448,0.47992444
42,204,early,0.26897535,0.44280908,0.26897535,0.44280908
42,207,early,0.26662523,0.50266737,0.26662523,0.50266737
42,211,early,0.24141300,0.46879360,0.24141300,0.46879360
42,214,early,0.19047171,0.48335463,0.19047171,0.48335463
42,217,early,0.28615075,0.51008195,0.28615075,0.51008195
42,220,early,0.30480635,0.59371734,0.30480635,0.59371734
42,223,early,0.33252722,0.65973020,0.33252722,0.65973020
42,227,early,0.32179108,0.63252997,0.32179108,0.63252997
42,230,early,0.28037229,0.63406461,0.28037229,0.63406461
42,233,early,0.36544693,0.74437797,0.36544693,0.74437797
42,236,early,0.43660375,0.64671034,0.43660375,0.64671034
42,239,early,0.41469890,0.59283984,0.41469890,0.59283984
42,243,early,0.32271746,0.46244222,0.32271746,0.46244222
42,246,early,0.37842202,0.40548810,0.37842202,0.40548810
42,249,early,0.37973878,0.40299436,0.37973878,0.40299436
42,252,late,0.43360028,0.40178603,0.43360028,0.40178603
42,255,late,0.38774481,0.40052000,0.38774481,0.40052000
42,259,late,0.36141336,0.45093632,0.36141336,0.45093632
42,262,late,0.41911551,0.48785686,0.41911551,0.48785686
42,265,late,0.43614137,0.56024766,0.43614137,0.56024766
42,268,late,0.49698094,0.52567482,0.49698094,0.52567482
42,271,late,0.49003956,0.38837636,0.49003956,0.38837636
42,275,late,0.42566013,0.36037916,0.42566013,0.36037916
42,278,late,0.47223011,0.37699136,0.47223011,0.37699136
42,281,late,0.43508777,0.46536139,0.43508777,0.46536139
42,284,late,0.31029052,0.50103086,0.31029052,0.50103086
42,287,late,0.35273978,0.40240261,0.35273978,0.40240261
42,291,late,0.33408505,0.34477797,0.33408505,0.34477797
42,294,late,0.35789928,0.40901306,0.35789928,0.40901306
42,297,late,0.41545123,0.39958239,0.41545123,0.39958239
42,300,late,0.31486684,0.36286092,0.31486684,0.36286092
42,303,late,0.41793618,0.29887646,0.41793618,0.29887646
42,307,late,0.41719052,0.30725035,0.41719052,0.30725035
42,310,late,0.43597782,0.28275606,0.43597782,0.28275606
42,313,late,0.41962820,0.34195614,0.41962820,0.34195614
42,316,late,0.38511163,0.39116669,0.38511163,0.39116669
42,319,late,0.31628928,0.46024984,0.31628928,0.46024984
42,323,late,0.17185456,0.37662688,0.17185456,0.37662688
42,326,late,0.16320348,0.39548692,0.16320348,0.39548692
42,329,late,0.19383246,0.41639924,0.19383246,0.41639924
42,332,late,0.16149256,0.38276136,0.16149256,0.38276136
42,335,late,0.14392184,0.32593128,0.14392184,0.32593128
42,339,late,0.13151559,0.26197535,0.13151559,0.26197535
42,342,late,0.11446164,0.31267071,0.11446164,0.31267071
42,345,late,0.13877459,0.35344815,0.13877459,0.35344815
42,348,late,0.04406105,0.36396953,0.04406105,0.36396953
42,351,late,0.08893691,0.38900277,0.08893691,0.38900277
42,355,late,0.19670366,0.42243135,0.19670366,0.42243135
42,358,late,0.18801805,0.25565606,0.18801805,0.25565606
42,361,late,0.21932709,0.26338723,0.21932709,0.26338723
42,364,late,0.25586063,0.32776615,0.25586063,0.32776615
42,367,late,0.21147029,0.29727450,0.21147029,0.29727450
42,371,late,0.22413307,0.30057582,0.22413307,0.30057582
42,374,late,0.16889746,0.21874179,0.16889746,0.21874179
42,377,late,0.30889821,0.17092353,0.30889821,0.17092353
42,380,late,0.31514326,0.17486444,0.31514326,0.17486444
42,383,late,0.25473583,0.20282903,0.25473583,0.20282903
42,387,late,0.26667222,0.20255016,0.26667222,0.20255016
42,390,late,0.36566204,0.11103491,0.36566204,0.11103491
42,393,late,0.42706200,0.07887536,0.42706200,0.07887536
42,396,late,0.45184070,0.15271212,0.45184070,0.15271212
42,399,late,0.40939683,0.09163596,0.40939683,0.09163596
42,403,late,0.37310326,0.17572749,0.37310326,0.17572749
42,406,late,0.32304955,0.19037987,0.32304955,0.19037987
42,409,late,0.24708234,0.23653030,0.24708234,0.23653030
42,412,late,0.27980745,0.26932564,0.27980745,0.26932564
42,415,late,0.21306817,0.30095005,0.21306817,0.30095005
42,419,late,0.24761078,0.33831438,0.24761078,0.33831438
42,422,late,0.21172038,0.35387224,0.21172038,0.35387224
42,425,late,0.16360474,0.37818572,0.16360474,0.37818572
42,428,late,0.18839315,0.44271383,0.18839315,0.44271383
42,431,late,0.26360732,0.45010591,0.26360732,0.45010591
42,435,late,0.16668776,0.33883521,0.16668776,0.33883521
42,438,late,0.21738598,0.34989250,0.21738598,0.34989250
42,441,late,0.17565633,0.41690782,0.17565633,0.41690782
42,444,late,0.15011698,0.40328476,0.15011698,0.40328476
42,447,late,0.15801898,0.39275301,0.15801898,0.39275301
42,451,late,0.03040274,0.38956824,0.03040274,0.38956824
42,454,late,0.09980110,0.40580174,0.09980110,0.40580174
42,457,late,0.12890184,0.43406889,0.12890184,0.43406889
42,460,late,0.18778208,0.45625389,0.18778208,0.45625389
42,463,late,0.14807718,0.34686297,0.14807718,0.34686297
42,467,late,0.18679327,0.29950002,0.18679327,0.29950002
42,470,late,0.16500749,0.26635790,0.16500749,0.26635790
42,473,late,0.17121667,0.26869023,0.17121667,0.26869023
42,476,late,0.21246663,0.33997670,0.21246663,0.33997670
42,479,late,0.21572292,0.27947792,0.21572292,0.27947792
42,483,late,0.22318485,0.33993450,0.22318485,0.33993450
42,486,late,0.24162172,0.32652724,0.24162172,0.32652724
42,489,late,0.16441354,0.39520115,0.16441354,0.39520115
42,492,late,0.07388627,0.35080495,0.07388627,0.35080495
42,495,late,0.17829445,0.26128405,0.17829445,0.26128405
42,499,late,0.18807326,0.27477732,0.18807326,0.27477732
43,2,early,-0.43683904,0.52907968,-0.43683904,0.52907968
43,5,early,-0.40207520,0.39860505,-0.40207520,0.39860505
43,8,early,-0.35911322,0.37361503,-0.35911322,0.37361503
43,11,early,-0.35337898,0.46941856,-0.35337898,0.46941856
43,15,early,-0.21115075,0.41083086,-0.21115075,0.41083086
43,18,early,-0.20101385,0.38173774,-0.20101385,0.38173774
43,21,early,-0.19038007,0.35493633,-0.19038007,0.35493633
43,24,early,-0.19658823,0.37845892,-0.19658823,0.37845892
43,27,early,-0.14437900,0.41208923,-0.14437900,0.41208923
43,31,early,-0.03193297,0.31914306,-0.03193297,0.31914306
43,34,early,-0.09292430,0.29124227,-0.09292430,0.29124227
43,37,early,-0.06914351,0.21906230,-0.06914351,0.21906230
43,40,early,-0.08558827,0.15027142,-0.08558827,0.15027142
43,43,early,-0.04835676,0.18374614,-0.04835676,0.18374614
43,47,early,0.02688303,0.19836883,0.02688303,0.19836883
43,50,early,-0.04069231,0.29349390,-0.04069231,0.29349390
43,53,early,-0.07169040,0.31635341,-0.07169040,0.31635341
43,56,early,-0.01650095,0.31531486,-0.01650095,0.31531486
43,59,early,-0.07534079,0.25671244,-0.07534079,0.25671244
43,63,early,-0.06084432,0.28196633,-0.06084432,0.28196633
43,66,early,-0.06652007,0.28003502,-0.06652007,0.28003502
43,69,early,-0.09600887,0.28400862,-0.09600887,0.28400862
43,72,early,-0.10678092,0.29277369,-0.10678092,0.29277369
43,75,early,-0.10164654,0.34548274,-0.10164654,0.34548274
43,79,early,-0.00435372,0.41142580,-0.00435372,0.41142580
43,82,early,-0.00977752,0.35269314,-0.00977752,0.35269314
43,85,early,0.00872373,0.29074544,0.00872373,0.29074544
43,88,early,0.06804310,0.31055808,0.06804310,0.31055808
43,91,early,0.00189846,0.39244112,0.00189846,0.39244112
43,95,early,-0.03734082,0.38259313,-0.03734082,0.38259313
43,98,early,-0.00848104,0.30653617,-0.00848104,0.30653617
43,101,early,0.10369013,0.32063338,0.10369013,0.32063338
43,104,early,0.13384032,0.29700989,0.13384032,0.29700989
43,107,early,0.10707614,0.25569224,0.10707614,0.25569224
43,111,early,0.11984814,0.22607417,0.11984814,0.22607417
43,114,early,0.17941409,0.28332689,0.17941409,0.28332689
43,117,early,0.12476081,0.29055104,0.12476081,0.29055104
43,120,early,0.08006595,0.38353628,0.08006595,0.38353628
43,123,early,0.05511401,0.32678303,0.05511401,0.32678303
43,127,early,0.07903636,0.39986169,0.07903636,0.39986169
43,130,early,0.04607376,0.38559198,0.04607376,0.38559198
43,133,early,0.09228387,0.30825552,0.09228387,0.30825552
43,136,early,0.00481861,0.31783763,0.00481861,0.31783763
43,139,early,0.08080733,0.36937118,0.08080733,0.36937118
43,143,early,0.14243431,0.38880220,0.14243431,0.38880220
43,146,early,0.22236519,0.47221273,0.22236519,0.47221273
43,149,early,0.25722307,0.47010830,0.25722307,0.47010830
43,152,early,0.26060003,0.42077923,0.26060003,0.42077923
43,155,early,0.35215354,0.43669802,0.35215354,0.43669802
43,159,early,0.32663915,0.46727702,0.32663915,0.46727702
43,162,early,0.31851774,0.39039758,0.31851774,0.39039758
43,165,early,0.31967533,0.33237290,0.31967533,0.33237290
43,168,early,0.28446209,0.42054495,0.28446209,0.42054495
43,171,early,0.27260426,0.47545066,0.27260426,0.47545066
43,175,early,0.32308394,0.48100662,0.32308394,0.48100662
43,178,early,0.32438311,0.47015938,0.32438311,0.47015938
43,181,early,0.38161814,0.47051674,0.38161814,0.47051674
43,184,early,0.37253356,0.40771547,0.37253356,0.40771547
43,187,early,0.33255813,0.46098962,0.33255813,0.46098962
43,191,early,0.33614412,0.48620397,0.33614412,0.48620397
43,194,early,0.34550864,0.55737537,0.34550864,0.55737537
43,197,early,0.39713719,0.56414336,0.39713719,0.56414336
43,200,early,0.32198691,0.61081147,0.32198691,0.61081147
43,203,early,0.37976536,0.59670126,0.37976536,0.59670126
43,207,early,0.31684640,0.50896508,0.31684640,0.50896508
43,210,early,0.39031127,0.48188663,0.39031127,0.48188663
43,213,early,0.40790024,0.55902618,0.40790024,0.55902618
43,216,early,0.43314424,0.53834546,0.43314424,0.53834546
43,219,early,0.45275742,0.52600932,0.45275742,0.52600932
43,223,early,0.38878122,0.60350770,0.38878122,0.60350770
43,226,early,0.40363348,0.69755352,0.40363348,0.69755352
43,229,early,0.40857056,0.65656668,0.40857056,0.65656668
43,232,early,0.36769396,0.65675235,0.36769396,0.65675235
43,235,early,0.34050396,0.63767111,0.34050396,0.63767111
43,239,early,0.36677825,0.51498890,0.36677825,0.51498890
43,242,early,0.36831209,0.49731946,0.36831209,0.49731946
43,245,early,0.32917559,0.43858570,0.32917559,0.43858570
43,248,early,0.37350410,0.48048142,0.37350410,0.48048142
43,251,late,0.34334278,0.62764686,0.34334278,0.62764686
43,255,late,0.32139289,0.69036716,0.32139289,0.69036716
43,258,late,0.33437902,0.60910648,0.33437902,0.60910648
43,261,late,0.37531117,0.58054537,0.37531117,0.58054537
43,264,late,0.34093213,0.56914937,0.34093213,0.56914937
43,267,late,0.36827102,0.47175154,0.36827102,0.47175154
43,271,late,0.28490540,0.38423109,0.28490540,0.38423109
43,274,late,0.25793093,0.39852381,0.25793093,0.39852381
43,277,late,0.22127603,0.37594432,0.22127603,0.37594432
43,280,late,0.12416160,0.32571408,0.12416160,0.32571408
43,283,late,0.14221914,0.32108206,0.14221914,0.32108206
43,287,late,0.16515693,0.40548000,0.16515693,0.40548000
43,290,late,0.16907096,0.40085688,0.16907096,0.40085688
43,293,late,0.20260789,0.40604565,0.20260789,0.40604565
43,296,late,0.25025839,0.41730034,0.25025839,0.41730034
43,299,late,0.32189310,0.44348845,0.32189310,0.44348845
43,303,late,0.33800635,0.44553128,0.33800635,0.44553128
43,306,late,0.27768853,0.35719591,0.27768853,0.35719591
43,309,late,0.41105154,0.44170573,0.41105154,0.44170573
43,312,late,0.43060505,0.48594061,0.43060505,0.48594061
43,315,late,0.48250252,0.54795122,0.48250252,0.54795122
43,319,late,0.38954371,0.58091730,0.38954371,0.58091730
43,322,late,0.49016157,0.63538104,0.49016157,0.63538104
43,325,late,0.58317578,0.66249907,0.58317578,0.66249907
43,328,late,0.51038313,0.76656872,0.51038313,0.76656872
43,331,late,0.44679841,0.65845346,0.44679841,0.65845346
43,335,late,0.41651812,0.76854259,0.41651812,0.76854259
43,338,late,0.36017960,0.64769244,0.36017960,0.64769244
43,341,late,0.43214327,0.67724586,0.43214327,0.67724586
43,344,late,0.36297879,0.69927144,0.36297879,0.69927144
43,347,late,0.44353220,0.71180105,0.44353220,0.71180105
43,351,late,0.47105893,0.79276502,0.47105893,0.79276502
43,354,late,0.39439055,0.75481296,0.39439055,0.75481296
43,357,late,0.42380589,0.64915675,0.42380589,0.64915675
43,360,late,0.41611606,0.62471527,0.41611606,0.62471527
43,363,late,0.46453530,0.66603726,0.46453530,0.66603726
43,367,late,0.43157774,0.72886121,0.43157774,0.72886121
43,370,late,0.40060157,0.66396481,0.40060157,0.66396481
43,373,late,0.41041279,0.74250871,0.41041279,0.74250871
43,376,late,0.55521971,0.79469603,0.55521971,0.79469603
43,379,late,0.49846953,0.79059291,0.49846953,0.79059291
43,383,late,0.42018774,0.85117805,0.42018774,0.85117805
43,386,late,0.46657848,0.79252660,0.46657848,0.79252660
43,389,late,0.47426888,0.72390187,0.47426888,0.72390187
43,392,late,0.41716003,0.75284630,0.41716003,0.75284630
43,395,late,0.45094755,0.81641728,0.45094755,0.81641728
43,399,late,0.52624863,0.76435983,0.52624863,0.76435983
43,402,late,0.55042022,0.66818702,0.55042022,0.66818702
43,405,late,0.51071209,0.68101710,0.51071209,0.68101710
43,408,late,0.51058340,0.68431038,0.51058340,0.68431038
43,411,late,0.46968302,0.62960911,0.46968302,0.62960911
43,415,late,0.42514747,0.65315408,0.42514747,0.65315408
43,418,late,0.49872178,0.66328812,0.49872178,0.66328812
43,421,late,0.50978130,0.66408360,0.50978130,0.66408360
43,424,late,0.47548515,0.70608282,0.47548515,0.70608282
43,427,late,0.47026959,0.70898992,0.47026959,0.70898992
43,431,late,0.51010317,0.66475612,0.51010317,0.66475612
43,434,late,0.46545076,0.61392212,0.46545076,0.61392212
43,437,late,0.41730031,0.71816343,0.41730031,0.71816343
43,440,late,0.37301248,0.73093385,0.37301248,0.73093385
43,443,late,0.32061389,0.64510149,0.32061389,0.64510149
43,447,late,0.31179541,0.64433944,0.31179541,0.64433944
43,450,late,0.40336245,0.69731748,0.40336245,0.69731748
43,453,late,0.38716507,0.67481714,0.38716507,0.67481714
43,456,late,0.39514309,0.71296656,0.39514309,0.71296656
43,459,late,0.42995125,0.65064907,0.42995125,0.65064907
43,463,late,0.25942758,0.63851750,0.25942758,0.63851750
43,466,late,0.20319575,0.67976415,0.20319575,0.67976415
43,469,late,0.27314588,0.61728185,0.27314588,0.61728185
43,472,late,0.25844008,0.61449504,0.25844008,0.61449504
43,475,late,0.26033443,0.60823625,0.26033443,0.60823625
43,479,late,0.35165459,0.50315845,0.35165459,0.50315845
43,482,late,0.29924238,0.46880439,0.29924238,0.46880439
43,485,late,0.21940583,0.48541108,0.21940583,0.48541108
43,488,late,0.21925747,0.48989049,0.21925747,0.48989049
43,491,late,0.32810295,0.56092519,0.32810295,0.56092519
43,495,late,0.32625633,0.58717024,0.32625633,0.58717024
43,498,late,0.37385440,0.54328412,0.37385440,0.54328412
44,1,early,0.11706142,0.21192373,0.11706142,0.21192373
44,4,early,0.06835569,0.18609525,0.06835569,0.18609525
44,7,early,0.09101079,0.09376258,0.09101079,0.09376258
44,11,early,0.12300779,0.10037506,0.12300779,0.10037506
44,14,early,0.19034834,0.19454871,0.19034834,0.19454871
44,17,early,0.23463893,0.22844303,0.23463893,0.22844303
44,20,early,0.24153081,0.23771085,0.24153081,0.23771085
44,23,early,0.20975740,0.35929105,0.20975740,0.35929105
44,27,early,0.26298916,0.35667059,0.26298916,0.35667059
44,30,early,0.24530418,0.32632613,0.24530418,0.32632613
44,33,early,0.26474136,0.41473919,0.26474136,0.41473919
44,36,early,0.32783028,0.37279150,0.32783028,0.37279150
44,39,early,0.37879866,0.36975321,0.37879866,0.36975321
44,43,early,0.40786272,0.32961154,0.40786272,0.32961154
44,46,early,0.40052283,0.36742252,0.40052283,0.36742252
44,49,early,0.42876092,0.33905777,0.42876092,0.33905777
44,52,early,0.36953896,0.35837135,0.36953896,0.35837135
44,55,early,0.39217523,0.47086358,0.39217523,0.47086358
44,59,early,0.34854177,0.34566781,0.34854177,0.34566781
44,62,early,0.40261221,0.36643919,0.40261221,0.36643919
44,65,early,0.36900952,0.44944060,0.36900952,0.44944060
44,68,early,0.33575350,0.47354373,0.33575350,0.47354373
44,71,early,0.32031915,0.38911444,0.32031915,0.38911444
44,75,early,0.33155480,0.41289836,0.33155480,0.41289836
44,78,early,0.40186453,0.45430148,0.40186453,0.45430148
44,81,early,0.37693244,0.45554245,0.37693244,0.45554245
44,84,early,0.25038564,0.37827268,0.25038564,0.37827268
44,87,early,0.18674465,0.45912245,0.18674465,0.45912245
44,91,early,0.18502103,0.49158102,0.18502103,0.49158102
44,94,early,0.15656683,0.50469029,0.15656683,0.50469029
44,97,early,0.14966305,0.33872563,0.14966305,0.33872563
44,100,early,0.16924886,0.32176253,0.16924886,0.32176253
44,103,early,0.15608132,0.41560724,0.15608132,0.41560724
44,107,early,0.02276515,0.44495019,0.02276515,0.44495019
44,110,early,-0.00257661,0.46906987,-0.00257661,0.46906987
44,113,early,-0.13441384,0.45987341,-0.13441384,0.45987341
44,116,early,-0.15607603,0.46781808,-0.15607603,0.46781808
44,119,early,-0.15039295,0.47167790,-0.15039295,0.47167790
44,123,early,-0.10385673,0.44582495,-0.10385673,0.44582495
44,126,early,-0.07705584,0.48362243,-0.07705584,0.48362243
44,129,early,-0.09228620,0.47483528,-0.09228620,0.47483528
44,132,early,-0.06361175,0.46382681,-0.06361175,0.46382681
44,135,early,-0.10598476,0.41532195,-0.10598476,0.41532195
44,139,early,-0.08143523,0.44958591,-0.08143523,0.44958591
44,142,early,-0.18131237,0.43247330,-0.18131237,0.43247330
44,145,early,-0.14602365,0.37598351,-0.14602365,0.37598351
44,148,early,-0.27171326,0.39856172,-0.27171326,0.39856172
44,151,early,-0.30139115,0.34528893,-0.30139115,0.34528893
44,155,early,-0.34730792,0.28264093,-0.34730792,0.28264093
44,158,early,-0.28528866,0.30212232,-0.28528866,0.30212232
44,161,early,-0.30601656,0.23991115,-0.30601656,0.23991115
44,164,early,-0.34260958,0.22030865,-0.34260958,0.22030865
44,167,early,-0.21256617,0.26151523,-0.21256617,0.26151523
44,171,early,-0.11936624,0.18115678,-0.11936624,0.18115678
44,174,early,-0.18776946,0.21938497,-0.18776946,0.21938497
44,177,early,-0.16567844,0.17767203,-0.16567844,0.17767203
44,180,early,-0.13314517,0.08358936,-0.13314517,0.08358936
44,183,early,-0.26049748,0.06759382,-0.26049748,0.06759382
44,187,early,-0.26363769,0.07669630,-0.26363769,0.07669630
44,190,early,-0.26970309,0.00348105,-0.26970309,0.00348105
44,193,early,-0.27451777,-0.00489192,-0.27451777,-0.00489192
44,196,early,-0.28839442,-0.05573349,-0.28839442,-0.05573349
44,199,early,-0.24823043,-0.00408489,-0.24823043,-0.00408489
44,203,early,-0.31669718,0.02303808,-0.31669718,0.02303808
44,206,early,-0.24542761,0.06007981,-0.24542761,0.06007981
44,209,early,-0.37235296,0.16502953,-0.37235296,0.16502953
44,212,early,-0.30607849,0.02513403,-0.30607849,0.02513403
44,215,early,-0.40361455,0.04927653,-0.40361455,0.04927653
44,219,early,-0.33646768,0.09042023,-0.33646768,0.09042023
44,222,early,-0.33924609,0.10559899,-0.33924609,0.10559899
44,225,early,-0.28131160,0.14039132,-0.28131160,0.14039132
44,228,early,-0.28242818,0.14398229,-0.28242818,0.14398229
44,231,early,-0.28316894,0.24042563,-0.28316894,0.24042563
44,235,early,-0.19247918,0.29233548,-0.19247918,0.29233548
44,238,early,-0.16799463,0.35983434,-0.16799463,0.35983434
44,241,early,-0.09985310,0.37952918,-0.09985310,0.37952918
44,244,early,-0.07553335,0.38947812,-0.07553335,0.38947812
44,247,early,-0.09175419,0.38781762,-0.09175419,0.38781762
44,251,late,-0.15787265,0.46082056,-0.15787265,0.46082056
44,254,late,-0.12994123,0.47926292,-0.12994123,0.47926292
44,257,late,-0.14942160,0.51114357,-0.14942160,0.51114357
44,260,late,-0.11465398,0.56088877,-0.11465398,0.56088877
44,263,late,-0.13563612,0.57183611,-0.13563612,0.57183611
44,267,late,-0.26684722,0.56361616,-0.26684722,0.56361616
44,270,late,-0.23942770,0.51552212,-0.23942770,0.51552212
44,273,late,-0.21340734,0.40953317,-0.21340734,0.40953317
44,276,late,-0.23407182,0.40835866,-0.23407182,0.40835866
44,279,late,-0.26117900,0.39069438,-0.26117900,0.39069438
44,283,late,-0.24462786,0.38293418,-0.24462786,0.38293418
44,286,late,-0.26720592,0.40476358,-0.26720592,0.40476358
44,289,late,-0.17929727,0.39877158,-0.17929727,0.39877158
44,292,late,-0.17468427,0.37047121,-0.17468427,0.37047121
44,295,late,-0.23295252,0.33630377,-0.23295252,0.33630377
44,299,late,-0.22352737,0.25225869,-0.22352737,0.25225869
44,302,late,-0.22700502,0.23910974,-0.22700502,0.23910974
44,305,late,-0.28065845,0.24463712,-0.28065845,0.24463712
44,308,late,-0.33902481,0.27806649,-0.33902481,0.27806649
44,311,late,-0.34151131,0.33099842,-0.34151131,0.33099842
44,315,late,-0.47709137,0.30194613,-0.47709137,0.30194613
44,318,late,-0.45172679,0.30094653,-0.45172679,0.30094653
44,321,late,-0.46415031,0.33200100,-0.46415031,0.33200100
44,324,late,-0.38452199,0.36005339,-0.38452199,0.36005339
44,327,late,-0.42110378,0.35436633,-0.42110378,0.35436633
44,331,late,-0.32898894,0.43788505,-0.32898894,0.43788505
44,334,late,-0.39383295,0.35906005,-0.39383295,0.35906005
44,337,late,-0.28477761,0.36616236,-0.28477761,0.36616236
44,340,late,-0.28726205,0.37811753,-0.28726205,0.37811753
44,343,late,-0.25941071,0.43644926,-0.25941071,0.43644926
44,347,late,-0.17313468,0.47243774,-0.17313468,0.47243774
44,350,late,-0.22817576,0.45194408,-0.22817576,0.45194408
44,353,late,-0.21263811,0.39987296,-0.21263811,0.39987296
44,356,late,-0.10554878,0.41285738,-0.10554878,0.41285738
44,359,late,-0.12418739,0.52875495,-0.12418739,0.52875495
44,363,late,-0.05467361,0.50277758,-0.05467361,0.50277758
44,366,late,0.08402657,0.47530195,0.08402657,0.47530195
44,369,late,0.12705831,0.43288428,0.12705831,0.43288428
44,372,late,0.06664087,0.42433998,0.06664087,0.42433998
44,375,late,0.01162281,0.37897691,0.01162281,0.37897691
44,379,late,-0.08463855,0.43757710,-0.08463855,0.43757710
44,382,late,-0.06427019,0.46377394,-0.06427019,0.46377394
44,385,late,-0.10056029,0.38677371,-0.10056029,0.38677371
44,388,late,-0.12121467,0.38076144,-0.12121467,0.38076144
44,391,late,-0.14047915,0.37431997,-0.14047915,0.37431997
44,395,late,-0.08427334,0.37565804,-0.08427334,0.37565804
44,398,late,-0.09426977,0.32414562,-0.09426977,0.32414562
44,401,late,-0.17451786,0.32013589,-0.17451786,0.32013589
44,404,late,-0.23650979,0.30747095,-0.23650979,0.30747095
44,407,late,-0.23171899,0.28290296,-0.23171899,0.28290296
44,411,late,-0.29070702,0.22509968,-0.29070702,0.22509968
44,414,late,-0.30483401,0.30909359,-0.30483401,0.30909359
44,417,late,-0.31580403,0.31867352,-0.31580403,0.31867352
44,420,late,-0.25029832,0.35997969,-0.25029832,0.35997969
44,423,late,-0.16567799,0.30060852,-0.16567799,0.30060852
44,427,late,-0.12517066,0.27767015,-0.12517066,0.27767015
44,430,late,-0.07396419,0.22575378,-0.07396419,0.22575378
44,433,late,-0.07457389,0.27188441,-0.07457389,0.27188441
44,436,late,-0.12051538,0.32198596,-0.12051538,0.32198596
44,439,late,-0.07782478,0.38139188,-0.07782478,0.38139188
44,443,late,-0.14378217,0.44313043,-0.14378217,0.44313043
44,446,late,-0.18742155,0.37965840,-0.18742155,0.37965840
44,449,late,-0.15263587,0.41024426,-0.15263587,0.41024426
44,452,late,-0.13335373,0.38904139,-0.13335373,0.38904139
44,455,late,-0.14025410,0.44918361,-0.14025410,0.44918361
44,459,late,-0.16782373,0.38645846,-0.16782373,0.38645846
44,462,late,-0.16079564,0.42537728,-0.16079564,0.42537728
44,465,late,-0.20741002,0.35515934,-0.20741002,0.35515934
44,468,late,-0.21698177,0.33031419,-0.21698177,0.33031419
44,471,late,-0.21621823,0.33223033,-0.21621823,0.33223033
44,475,late,-0.32698643,0.30757204,-0.32698643,0.30757204
44,478,late,-0.26689872,0.37715301,-0.26689872,0.37715301
44,481,late,-0.25102594,0.43192118,-0.25102594,0.43192118
44,484,late,-0.25652638,0.38208500,-0.25652638,0.38208500
44,487,late,-0.25762951,0.36814159,-0.25762951,0.36814159
44,491,late,-0.16646007,0.42550939,-0.16646007,0.42550939
44,494,late,-0.13160828,0.49638656,-0.13160828,0.49638656
44,497,late,-0.12224481,0.38925558,-0.12224481,0.38925558
45,0,early,0.04082612,0.33291498,0.04082612,0.33291498
45,3,early,0.07017097,0.40829977,0.07017097,0.40829977
45,7,early,0.06702898,0.33036688,0.06702898,0.33036688
45,10,early,0.04570804,0.37914389,0.04570804,0.37914389
45,13,early,0.03958466,0.29495820,0.03958466,0.29495820
45,16,early,0.09141704,0.34142333,0.09141704,0.34142333
45,19,early,0.10246029,0.37615293,0.10246029,0.37615293
45,23,early,0.02971125,0.30618110,0.02971125,0.30618110
45,26,early,0.05096639,0.26161978,0.05096639,0.26161978
45,29,early,0.05931455,0.26205084,0.05931455,0.26205084
45,32,early,-0.03016997,0.18487102,-0.03016997,0.18487102
45,35,early,0.09173507,0.16416807,0.09173507,0.16416807
45,39,early,0.10522129,0.20679325,0.10522129,0.20679325
45,42,early,0.10715729,0.21567708,0.10715729,0.21567708
45,45,early,0.08356746,0.26615748,0.08356746,0.26615748
45,48,early,0.13330469,0.25755379,0.13330469,0.25755379
45,51,early,0.15979561,0.26659191,0.15979561,0.26659191
45,55,early,0.22066204,0.28694808,0.22066204,0.28694808
45,58,early,0.29577363,0.22926882,0.29577363,0.22926882
45,61,early,0.33019468,0.25243089,0.33019468,0.25243089
45,64,early,0.32426059,0.23129813,0.32426059,0.23129813
45,67,early,0.28555426,0.30896938,0.28555426,0.30896938
45,71,early,0.35976067,0.32933751,0.35976067,0.32933751
45,74,early,0.37875918,0.33835965,0.37875918,0.33835965
45,77,early,0.28958488,0.37033042,0.28958488,0.37033042
45,80,early,0.39743924,0.42164069,0.39743924,0.42164069
45,83,early,0.41280580,0.39307886,0.41280580,0.39307886
45,87,early,0.42064098,0.41511574,0.42064098,0.41511574
45,90,early,0.43210936,0.46730039,0.43210936,0.46730039
45,93,early,0.42361927,0.43162411,0.42361927,0.43162411
45,96,early,0.39083481,0.51077718,0.39083481,0.51077718
45,99,early,0.42495164,0.66194838,0.42495164,0.66194838
45,103,early,0.42687505,0.62951088,0.42687505,0.62951088
45,106,early,0.49263746,0.62956148,0.49263746,0.62956148
45,109,early,0.47236153,0.57123977,0.47236153,0.57123977
45,112,early,0.36957216,0.55958313,0.36957216,0.55958313
45,115,early,0.39572620,0.62685251,0.39572620,0.62685251
45,119,early,0.41644537,0.71192414,0.41644537,0.71192414
45,122,early,0.44605321,0.68799871,0.44605321,0.68799871
45,125,early,0.34563294,0.66889858,0.34563294,0.66889858
45,128,early,0.46166873,0.68559718,0.46166873,0.68559718
45,131,early,0.43717101,0.75411183,0.43717101,0.75411183
45,135,early,0.38206506,0.71348792,0.38206506,0.71348792
45,138,early,0.35941222,0.76212424,0.35941222,0.76212424
45,141,early,0.47097483,0.72947437,0.47097483,0.72947437
45,144,early,0.50572926,0.80177569,0.50572926,0.80177569
45,147,early,0.45862019,0.68091732,0.45862019,0.68091732
45,151,early,0.46364322,0.68057656,0.46364322,0.68057656
45,154,early,0.47790575,0.60264730,0.47790575,0.60264730
45,157,early,0.44430077,0.54352450,0.44430077,0.54352450
45,160,early,0.32396159,0.51753944,0.32396159,0.51753944
45,163,early,0.34229967,0.40483335,0.34229967,0.40483335
45,167,early,0.37069187,0.49695358,0.37069187,0.49695358
45,170,early,0.37668002,0.58323288,0.37668002,0.58323288
45,173,early,0.37529752,0.52682626,0.37529752,0.52682626
45,176,early,0.43784463,0.64282024,0.43784463,0.64282024
45,179,early,0.47201836,0.68989992,0.47201836,0.68989992
45,183,early,0.45652303,0.70935464,0.45652303,0.70935464
45,186,early,0.43433613,0.78254735,0.43433613,0.78254735
45,189,early,0.44102836,0.90406162,0.44102836,0.90406162
45,192,early,0.50539362,0.91637808,0.50539362,0.91637808
45,195,early,0.49424082,0.94739497,0.49424082,0.94739497
45,199,early,0.50081432,0.93834853,0.50081432,0.93834853
45,202,early,0.57197887,0.89412886,0.57197887,0.89412886
45,205,early,0.56177151,0.85358369,0.56177151,0.85358369
45,208,early,0.48050195,0.86937398,0.48050195,0.86937398
45,211,early,0.52994305,1.01546156,0.52994305,1.01546156
45,215,early,0.58373499,1.02344048,0.58373499,1.02344048
45,218,early,0.56828475,0.94509947,0.56828475,0.94509947
45,221,early,0.50328761,0.88396412,0.50328761,0.88396412
45,224,early,0.59821105,0.93982697,0.59821105,0.93982697
45,227,early,0.50222576,0.91411805,0.50222576,0.91411805
45,231,early,0.51923722,0.93076366,0.51923722,0.93076366
45,234,early,0.60305250,0.93667203,0.60305250,0.93667203
45,237,early,0.60293663,1.06473100,0.60293663,1.06473100
45,240,early,0.64385724,0.98354846,0.64385724,0.98354846
45,243,early,0.66084403,1.02198517,0.66084403,1.02198517
45,247,early,0.66615027,1.05777681,0.66615027,1.05777681
45,250,late,0.65658247,1.05208707,0.65658247,1.05208707
45,253,late,0.64503121,0.99497902,0.64503121,0.99497902
45,256,late,0.65148753,1.08890307,0.65148753,1.08890307
45,259,late,0.57467455,1.04485965,0.57467455,1.04485965
45,263,late,0.58202094,1.05161297,0.58202094,1.05161297
45,266,late,0.60799062,1.06877232,0.60799062,1.06877232
45,269,late,0.61310047,1.10484886,0.61310047,1.10484886
45,272,late,0.59863210,1.07923853,0.59863210,1.07923853
45,275,late,0.59379268,1.07986701,0.59379268,1.07986701
45,279,late,0.53773767,1.13763130,0.53773767,1.13763130
45,282,late,0.57736850,1.06541896,0.57736850,1.06541896
45,285,late,0.65456647,1.02209187,0.65456647,1.02209187
45,288,late,0.67436141,1.11039424,0.67436141,1.11039424
45,291,late,0.67602348,1.09672832,0.67602348,1.09672832
45,295,late,0.71395093,1.18811715,0.71395093,1.18811715
45,298,late,0.66652036,1.26098406,0.66652036,1.26098406
45,301,late,0.71472859,1.21943748,0.71472859,1.21943748
45,304,late,0.77685410,1.26156771,0.77685410,1.26156771
45,307,late,0.70322102,1.19972599,0.70322102,1.19972599
45,311,late,0.67236555,1.24260223,0.67236555,1.24260223
45,314,late,0.64244425,1.17288911,0.64244425,1.17288911
45,317,late,0.70849413,1.17227387,0.70849413,1.17227387
45,320,late,0.69881660,1.19520926,0.69881660,1.19520926
45,323,late,0.61731553,1.20430577,0.61731553,1.20430577
45,327,late,0.65542930,1.13042319,0.65542930,1.13042319
45,330,late,0.61620271,1.04482758,0.61620271,1.04482758
45,333,late,0.69846708,1.02536654,0.69846708,1.02536654
45,336,late,0.60476029,0.97228861,0.60476029,0.97228861
45,339,late,0.56984168,0.98758346,0.56984168,0.98758346
45,343,late,0.62375420,1.01581311,0.62375420,1.01581311
45,346,late,0.62066430,1.09458089,0.62066430,1.09458089
45,349,late,0.61519766,1.04545665,0.61519766,1.04545665
45,352,late,0.63698339,0.97652161,0.63698339,0.97652161
45,355,late,0.56860161,0.93702531,0.56860161,0.93702531
45,359,late,0.58038950,1.00647485,0.58038950,1.00647485
45,362,late,0.54151827,1.01936877,0.54151827,1.01936877
45,365,late,0.60555208,1.02495611,0.60555208,1.02495611
45,368,late,0.57505023,1.03418279,0.57505023,1.03418279
45,371,late,0.55751419,1.08290219,0.55751419,1.08290219
45,375,late,0.63975894,1.12625241,0.63975894,1.12625241
45,378,late,0.63471961,1.12542641,0.63471961,1.12542641
45,381,late,0.64790630,1.14225554,0.64790630,1.14225554
45,384,late,0.65294605,1.12455380,0.65294605,1.12455380
45,387,late,0.59235120,1.12399137,0.59235120,1.12399137
45,391,late,0.64008117,1.12874138,0.64008117,1.12874138
45,394,late,0.62635875,1.15266681,0.62635875,1.15266681
45,397,late,0.69391322,1.13959801,0.69391322,1.13959801
45,400,late,0.66001719,1.13172472,0.66001719,1.13172472
45,403,late,0.66165900,1.10793602,0.66165900,1.10793602
45,407,late,0.58973885,1.16211760,0.58973885,1.16211760
45,410,late,0.64567745,1.20660162,0.64567745,1.20660162
45,413,late,0.68348521,1.17164052,0.68348521,1.17164052
45,416,late,0.56771141,1.09258628,0.56771141,1.09258628
45,419,late,0.66511655,1.07925987,0.66511655,1.07925987
45,423,late,0.70921367,1.15665245,0.70921367,1.15665245
45,426,late,0.64533424,1.14677429,0.64533424,1.14677429
45,429,late,0.74829018,1.15838802,0.74829018,1.15838802
45,432,late,0.69178277,1.14580238,0.69178277,1.14580238
45,435,late,0.65315276,1.21746838,0.65315276,1.21746838
45,439,late,0.68910420,1.23365045,0.68910420,1.23365045
45,442,late,0.68676555,1.29812539,0.68676555,1.29812539
45,445,late,0.67301220,1.24704814,0.67301220,1.24704814
45,448,late,0.67551786,1.21206927,0.67551786,1.21206927
45,451,late,0.70579940,1.18596864,0.70579940,1.18596864
45,455,late,0.72632813,1.23440266,0.72632813,1.23440266
45,458,late,0.76228833,1.25919342,0.76228833,1.25919342
45,461,late,0.68665439,1.25034153,0.68665439,1.25034153
45,464,late,0.72025663,1.23055410,0.72025663,1.23055410
45,467,late,0.74308926,1.26823616,0.74308926,1.26823616
45,471,late,0.74754894,1.34719574,0.74754894,1.34719574
45,474,late,0.77594733,1.32315528,0.77594733,1.32315528
45,477,late,0.75172848,1.30022895,0.75172848,1.30022895
45,480,late,0.70618975,1.28009093,0.70618975,1.28009093
45,483,late,0.74597186,1.32588387,0.74597186,1.32588387
45,487,late,0.75091273,1.28109086,0.75091273,1.28109086
45,490,late,0.81699055,1.34617698,0.81699055,1.34617698
45,493,late,0.73683608,1.33314538,0.73683608,1.33314538
45,496,late,0.68905658,1.31401801,0.68905658,1.31401801
45,499,late,0.76102275,1.38888931,0.76102275,1.38888931
46,3,early,0.17653914,0.08509505,0.17653914,0.08509505
46,6,early,0.13345902,0.02820410,0.13345902,0.02820410
46,9,early,0.10492435,0.07998583,0.10492435,0.07998583
46,12,early,0.14836791,0.15305543,0.14836791,0.15305543
46,15,early,0.17667578,0.13978161,0.17667578,0.13978161
46,19,early,0.19729474,0.16200614,0.19729474,0.16200614
46,22,early,0.17977053,0.16046414,0.17977053,0.16046414
46,25,early,0.17592719,0.08880161,0.17592719,0.08880161
46,28,early,0.10936412,0.10600568,0.10936412,0.10600568
46,31,early,0.10929495,0.15698706,0.10929495,0.15698706
46,35,early,0.11465804,0.16308306,0.11465804,0.16308306
46,38,early,0.03958372,0.18152462,0.03958372,0.18152462
46,41,early,0.01914324,0.24129592,0.01914324,0.24129592
46,44,early,-0.04625529,0.25834501,-0.04625529,0.25834501
46,47,early,-0.04792499,0.20678070,-0.04792499,0.20678070
46,51,early,-0.05926334,0.23109910,-0.05926334,0.23109910
46,54,early,-0.07849366,0.31406432,-0.07849366,0.31406432
46,57,early,-0.01275670,0.30523598,-0.01275670,0.30523598
46,60,early,0.01699718,0.23846646,0.01699718,0.23846646
46,63,early,0.05463174,0.22830391,0.05463174,0.22830391
46,67,early,0.10124139,0.23232153,0.10124139,0.23232153
46,70,early,0.14302664,0.24252045,0.14302664,0.24252045
46,73,early,0.06298506,0.32703587,0.06298506,0.32703587
46,76,early,0.06870575,0.20652956,0.06870575,0.20652956
46,79,early,0.22640188,0.29389521,0.22640188,0.29389521
46,83,early,0.15704240,0.20072904,0.15704240,0.20072904
46,86,early,0.13976425,0.18187205,0.13976425,0.18187205
46,89,early,0.14115986,0.24724682,0.14115986,0.24724682
46,92,early,0.04353003,0.28476310,0.04353003,0.28476310
46,95,early,-0.01160035,0.30465963,-0.01160035,0.30465963
46,99,early,-0.06316128,0.23305023,-0.06316128,0.23305023
46,102,early,-0.05145181,0.28753442,-0.05145181,0.28753442
46,105,early,0.02355967,0.24505585,0.02355967,0.24505585
46,108,early,0.01722863,0.23789565,0.01722863,0.23789565
46,111,early,0.06721893,0.27492645,0.06721893,0.27492645
46,115,early,0.03605283,0.29495111,0.03605283,0.29495111
46,118,early,0.08079915,0.26213175,0.08079915,0.26213175
46,121,early,0.10896400,0.25497073,0.10896400,0.25497073
46,124,early,0.14053909,0.31299067,0.14053909,0.31299067
46,127,early,0.08873052,0.41016090,0.08873052,0.41016090
46,131,early,0.02286309,0.45814776,0.02286309,0.45814776
46,134,early,0.03026219,0.53264070,0.03026219,0.53264070
46,137,early,0.08065495,0.53129315,0.08065495,0.53129315
46,140,early,0.15136243,0.49356130,0.15136243,0.49356130
46,143,early,0.18126814,0.55577868,0.18126814,0.55577868
46,147,early,0.13373257,0.53736383,0.13373257,0.53736383
46,150,early,0.14845830,0.47370473,0.14845830,0.47370473
46,153,early,0.16530518,0.38155043,0.16530518,0.38155043
46,156,early,0.15813634,0.35761893,0.15813634,0.35761893
46,159,early,0.23750956,0.38294482,0.23750956,0.38294482
46,163,early,0.27426729,0.41841906,0.27426729,0.41841906
46,166,early,0.28650212,0.50808269,0.28650212,0.50808269
46,169,early,0.22765063,0.57313955,0.22765063,0.57313955
46,172,early,0.22299786,0.49625352,0.22299786,0.49625352
46,175,early,0.24097197,0.48223066,0.24097197,0.48223066
46,179,early,0.26208314,0.34823197,0.26208314,0.34823197
46,182,early,0.28854159,0.20943707,0.28854159,0.20943707
46,185,early,0.23079295,0.22971167,0.23079295,0.22971167
46,188,early,0.23234430,0.27091727,0.23234430,0.27091727
46,191,early,0.30032611,0.32317811,0.30032611,0.32317811
46,195,early,0.33251643,0.26096418,0.33251643,0.26096418
46,198,early,0.33273667,0.35721961,0.33273667,0.35721961
46,201,early,0.22532575,0.28289422,0.22532575,0.28289422
46,204,early,0.26378998,0.26780611,0.26378998,0.26780611
46,207,early,0.28973007,0.28034857,0.28973007,0.28034857
46,211,early,0.33890992,0.27162883,0.33890992,0.27162883
46,214,early,0.33935767,0.24083577,0.33935767,0.24083577
46,217,early,0.30869403,0.33711860,0.30869403,0.33711860
46,220,early,0.29045850,0.29689792,0.29045850,0.29689792
46,223,early,0.26783326,0.20943283,0.26783326,0.20943283
46,227,early,0.25622547,0.22762188,0.25622547,0.22762188
46,230,early,0.29880333,0.29705116,0.29880333,0.29705116
46,233,early,0.26554012,0.30321184,0.26554012,0.30321184
46,236,early,0.39675564,0.24602017,0.39675564,0.24602017
46,239,early,0.47258472,0.25433615,0.47258472,0.25433615
46,243,early,0.47035074,0.28819022,0.47035074,0.28819022
46,246,early,0.41677514,0.26598117,0.41677514,0.26598117
46,249,early,0.39654642,0.21524024,0.39654642,0.21524024
46,252,late,0.40042174,0.34703347,0.40042174,0.34703347
46,255,late,0.41338211,0.32570198,0.41338211,0.32570198
46,259,late,0.44707572,0.38659322,0.44707572,0.38659322
46,262,late,0.44148034,0.45572248,0.44148034,0.45572248
46,265,late,0.43076578,0.37753627,0.43076578,0.37753627
46,268,late,0.36254194,0.34254771,0.36254194,0.34254771
46,272,late,0.39367679,0.42109951,0.39367679,0.42109951
46,275,late,0.35158920,0.45684212,0.35158920,0.45684212
46,278,late,0.27280393,0.40116170,0.27280393,0.40116170
46,281,late,0.24718347,0.43298990,0.24718347,0.43298990
46,284,late,0.17983699,0.32550478,0.17983699,0.32550478
46,288,late,0.22385624,0.31286570,0.22385624,0.31286570
46,291,late,0.19648468,0.27277163,0.19648468,0.27277163
46,294,late,0.20137481,0.28747892,0.20137481,0.28747892
46,297,late,0.17012237,0.26997182,0.17012237,0.26997182
46,300,late,0.22446772,0.20670174,0.22446772,0.20670174
46,304,late,0.29281127,0.22806591,0.29281127,0.22806591
46,307,late,0.32438493,0.16354091,0.32438493,0.16354091
46,310,late,0.24499626,0.11758136,0.24499626,0.11758136
46,313,late,0.22736278,0.15312153,0.22736278,0.15312153
46,316,late,0.22868034,0.15582153,0.22868034,0.15582153
46,320,late,0.19502503,0.13071318,0.19502503,0.13071318
46,323,late,0.28233111,0.15457799,0.28233111,0.15457799
46,326,late,0.31626362,0.04855037,0.31626362,0.04855037
46,329,late,0.27088368,-0.00962436,0.27088368,-0.00962436
46,332,late,0.28546128,0.03855911,0.28546128,0.03855911
46,336,late,0.32124031,0.12242275,0.32124031,0.12242275
46,339,late,0.35545006,0.19709240,0.35545006,0.19709240
46,342,late,0.31380829,0.10446532,0.31380829,0.10446532
46,345,late,0.33585408,0.12735213,0.33585408,0.12735213
46,348,late,0.37243068,0.09104402,0.37243068,0.09104402
46,352,late,0.51266038,-0.03162346,0.51266038,-0.03162346
46,355,late,0.55246508,-0.06801133,0.55246508,-0.06801133
46,358,late,0.51580387,0.03541812,0.51580387,0.03541812
46,361,late,0.34500104,0.09141222,0.34500104,0.09141222
46,364,late,0.36592612,0.10511109,0.36592612,0.10511109
46,368,late,0.34893319,0.04801624,0.34893319,0.04801624
46,371,late,0.37867427,0.14318018,0.37867427,0.14318018
46,374,late,0.31382373,0.11085859,0.31382373,0.11085859
46,377,late,0.28091308,0.19736721,0.28091308,0.19736721
46,380,late,0.34840602,0.29799715,0.34840602,0.29799715
46,384,late,0.31525016,0.28802019,0.31525016,0.28802019
46,387,late,0.40738836,0.21973197,0.40738836,0.21973197
46,390,late,0.36627498,0.26403597,0.36627498,0.26403597
46,393,late,0.38341087,0.28489316,0.38341087,0.28489316
46,396,late,0.37730193,0.43360528,0.37730193,0.43360528
46,400,late,0.29479030,0.50051123,0.29479030,0.50051123
46,403,late,0.27008471,0.47183195,0.27008471,0.47183195
46,406,late,0.26675597,0.49288195,0.26675597,0.49288195
46,409,late,0.23907997,0.48308146,0.23907997,0.48308146
46,412,late,0.34209299,0.52714163,0.34209299,0.52714163
46,416,late,0.39184681,0.52929437,0.39184681,0.52929437
46,419,late,0.37460333,0.56119657,0.37460333,0.56119657
46,422,late,0.40158924,0.54328972,0.40158924,0.54328972
46,425,late,0.45508254,0.54846972,0.45508254,0.54846972
46,428,late,0.48404822,0.54731345,0.48404822,0.54731345
46,432,late,0.49275738,0.60218996,0.49275738,0.60218996
46,435,late,0.48383513,0.47305804,0.48383513,0.47305804
46,438,late,0.45354068,0.47106737,0.45354068,0.47106737
46,441,late,0.44543487,0.51132870,0.44543487,0.51132870
46,444,late,0.41132778,0.53401279,0.41132778,0.53401279
46,448,late,0.39876187,0.61090595,0.39876187,0.61090595
46,451,late,0.38373432,0.50867176,0.38373432,0.50867176
46,454,late,0.29240578,0.52482045,0.29240578,0.52482045
46,457,late,0.33052367,0.44119084,0.33052367,0.44119084
46,460,late,0.27229187,0.42446157,0.27229187,0.42446157
46,464,late,0.14994845,0.45023292,0.14994845,0.45023292
46,467,late,0.16323118,0.48814726,0.16323118,0.48814726
46,470,late,0.03524667,0.39700040,0.03524667,0.39700040
46,473,late,-0.00140371,0.35567355,-0.00140371,0.35567355
46,476,late,-0.05094836,0.36560008,-0.05094836,0.36560008
46,480,late,-0.08206580,0.37011251,-0.08206580,0.37011251
46,483,late,-0.03458228,0.41221142,-0.03458228,0.41221142
46,486,late,-0.04937165,0.36535987,-0.04937165,0.36535987
46,489,late,-0.02291135,0.35072106,-0.02291135,0.35072106
46,492,late,-0.12577938,0.28205675,-0.12577938,0.28205675
46,496,late,-0.11712694,0.33157182,-0.11712694,0.33157182
46,499,late,-0.15219331,0.32693824,-0.15219331,0.32693824
47,2,early,-0.53192103,0.02653681,-0.53192103,0.02653681
47,5,early,-0.49375603,0.05280951,-0.49375603,0.05280951
47,8,early,-0.41785291,0.06116968,-0.41785291,0.06116968
47,12,early,-0.46418655,-0.01963181,-0.46418655,-0.01963181
47,15,early,-0.39251909,0.00697518,-0.39251909,0.00697518
47,18,early,-0.31054920,0.06654044,-0.31054920,0.06654044
47,21,early,-0.35261714,0.04802141,-0.35261714,0.04802141
47,24,early,-0.38690433,-0.07427198,-0.38690433,-0.07427198
47,28,early,-0.31331947,-0.08488195,-0.31331947,-0.08488195
47,31,early,-0.37844121,-0.04804229,-0.37844121,-0.04804229
47,34,early,-0.40685478,-0.05048769,-0.40685478,-0.05048769
47,37,early,-0.46489653,-0.00967308,-0.46489653,-0.00967308
47,40,early,-0.48070493,-0.00334319,-0.48070493,-0.00334319
47,44,early,-0.41407993,-0.01679957,-0.41407993,-0.01679957
47,47,early,-0.28578874,0.00185933,-0.28578874,0.00185933
47,50,early,-0.31074217,0.03007180,-0.31074217,0.03007180
47,53,early,-0.35296884,-0.04464414,-0.35296884,-0.04464414
47,56,early,-0.39525077,-0.02819010,-0.39525077,-0.02819010
47,60,early,-0.36728784,0.01092652,-0.36728784,0.01092652
47,63,early,-0.38491631,0.07612004,-0.38491631,0.07612004
47,66,early,-0.48156396,0.12126573,-0.48156396,0.12126573
47,69,early,-0.45256120,0.04987030,-0.45256120,0.04987030
47,72,early,-0.41700360,0.12277667,-0.41700360,0.12277667
47,76,early,-0.40091363,0.23600279,-0.40091363,0.23600279
47,79,early,-0.36735302,0.25560278,-0.36735302,0.25560278
47,82,early,-0.43221557,0.30136958,-0.43221557,0.30136958
47,85,early,-0.46798021,0.24454062,-0.46798021,0.24454062
47,88,early,-0.45756301,0.25952712,-0.45756301,0.25952712
47,92,early,-0.49891952,0.28996006,-0.49891952,0.28996006
47,95,early,-0.47995397,0.20993522,-0.47995397,0.20993522
47,98,early,-0.48136002,0.39034680,-0.48136002,0.39034680
47,101,early,-0.52700019,0.36298567,-0.52700019,0.36298567
47,104,early,-0.45786735,0.52315420,-0.45786735,0.52315420
47,108,early,-0.46057555,0.62125200,-0.46057555,0.62125200
47,111,early,-0.46102336,0.57002378,-0.46102336,0.57002378
47,114,early,-0.46410564,0.60998833,-0.46410564,0.60998833
47,117,early,-0.47003719,0.58000112,-0.47003719,0.58000112
47,120,early,-0.49631298,0.50879353,-0.49631298,0.50879353
47,124,early,-0.48670563,0.38342455,-0.48670563,0.38342455
47,127,early,-0.42114875,0.36592922,-0.42114875,0.36592922
47,130,early,-0.45305124,0.39118803,-0.45305124,0.39118803
47,133,early,-0.37509391,0.39463302,-0.37509391,0.39463302
47,136,early,-0.45411059,0.42299858,-0.45411059,0.42299858
47,140,early,-0.44552794,0.43133157,-0.44552794,0.43133157
47,143,early,-0.43673345,0.42414886,-0.43673345,0.42414886
47,146,early,-0.33109310,0.41313052,-0.33109310,0.41313052
47,149,early,-0.30221349,0.44979501,-0.30221349,0.44979501
47,152,early,-0.26178920,0.47131240,-0.26178920,0.47131240
47,156,early,-0.25417534,0.37901810,-0.25417534,0.37901810
47,159,early,-0.23828845,0.39263526,-0.23828845,0.39263526
47,162,early,-0.26393086,0.33464685,-0.26393086,0.33464685
47,165,early,-0.27404076,0.24144308,-0.27404076,0.24144308
47,168,early,-0.32843709,0.24584806,-0.32843709,0.24584806
47,172,early,-0.37232989,0.27838889,-0.37232989,0.27838889
47,175,early,-0.31663838,0.21377693,-0.31663838,0.21377693
47,178,early,-0.22246021,0.24285501,-0.22246021,0.24285501
47,181,early,-0.17701063,0.22277710,-0.17701063,0.22277710
47,184,early,-0.19335771,0.24480802,-0.19335771,0.24480802
47,188,early,-0.21073776,0.23127629,-0.21073776,0.23127629
47,191,early,-0.23510182,0.23088472,-0.23510182,0.23088472
47,194,early,-0.32675323,0.28205931,-0.32675323,0.28205931
47,197,early,-0.42746815,0.25870791,-0.42746815,0.25870791
47,200,early,-0.37224212,0.22619878,-0.37224212,0.22619878
47,204,early,-0.42574784,0.15830903,-0.42574784,0.15830903
47,207,early,-0.35249034,0.21774404,-0.35249034,0.21774404
47,210,early,-0.39198825,0.19909854,-0.39198825,0.19909854
47,213,early,-0.39765355,0.21499602,-0.39765355,0.21499602
47,216,early,-0.41480732,0.26948491,-0.41480732,0.26948491
47,220,early,-0.39996770,0.37279928,-0.39996770,0.37279928
47,223,early,-0.38562432,0.39922810,-0.38562432,0.39922810
47,226,early,-0.47343686,0.45282972,-0.47343686,0.45282972
47,229,early,-0.39729565,0.48174572,-0.39729565,0.48174572
47,232,early,-0.48632920,0.45443231,-0.48632920,0.45443231
47,236,early,-0.45552894,0.41621661,-0.45552894,0.41621661
47,239,early,-0.41836107,0.44385600,-0.41836107,0.44385600
47,242,early,-0.51484740,0.48463008,-0.51484740,0.48463008
47,245,early,-0.43287086,0.49912596,-0.43287086,0.49912596
47,248,early,-0.43583873,0.52191788,-0.43583873,0.52191788
47,252,late,-0.49883881,0.48511484,-0.49883881,0.48511484
47,255,late,-0.49854288,0.49515060,-0.49854288,0.49515060
47,258,late,-0.43222034,0.54432386,-0.43222034,0.54432386
47,261,late,-0.48179442,0.48665750,-0.48179442,0.48665750
47,264,late,-0.49615234,0.46859816,-0.49615234,0.46859816
47,268,late,-0.44433066,0.44963115,-0.44433066,0.44963115
47,271,late,-0.47784394,0.46212107,-0.47784394,0.46212107
47,274,late,-0.38997555,0.52443242,-0.38997555,0.52443242
47,277,late,-0.40948796,0.46561170,-0.40948796,0.46561170
47,280,late,-0.34533289,0.37168652,-0.34533289,0.37168652
47,284,late,-0.26800838,0.48006350,-0.26800838,0.48006350
47,287,late,-0.25948980,0.37829903,-0.25948980,0.37829903
47,290,late,-0.29533103,0.45849639,-0.29533103,0.45849639
47,293,late,-0.33798993,0.45579728,-0.33798993,0.45579728
47,296,late,-0.42202520,0.39488399,-0.42202520,0.39488399
47,300,late,-0.38391334,0.45581898,-0.38391334,0.45581898
47,303,late,-0.46495512,0.42315903,-0.46495512,0.42315903
47,306,late,-0.47763807,0.44869727,-0.47763807,0.44869727
47,309,late,-0.50909668,0.51043963,-0.50909668,0.51043963
47,312,late,-0.52715319,0.44605815,-0.52715319,0.44605815
47,316,late,-0.57943290,0.43530014,-0.57943290,0.43530014
47,319,late,-0.59163183,0.29894030,-0.59163183,0.29894030
47,322,late,-0.60995448,0.30367452,-0.60995448,0.30367452
47,325,late,-0.57696360,0.47439006,-0.57696360,0.47439006
47,328,late,-0.50940436,0.52708089,-0.50940436,0.52708089
47,332,late,-0.49606082,0.51068002,-0.49606082,0.51068002
47,335,late,-0.56698036,0.34154513,-0.56698036,0.34154513
47,338,late,-0.54487985,0.36033428,-0.54487985,0.36033428
47,341,late,-0.56760854,0.37483901,-0.56760854,0.37483901
47,344,late,-0.54919362,0.42927960,-0.54919362,0.42927960
47,348,late,-0.59164983,0.44244221,-0.59164983,0.44244221
47,351,late,-0.45490003,0.37118277,-0.45490003,0.37118277
47,354,late,-0.40043512,0.38952300,-0.40043512,0.38952300
47,357,late,-0.34152523,0.33190161,-0.34152523,0.33190161
47,360,late,-0.34290713,0.25951940,-0.34290713,0.25951940
47,364,late,-0.38917658,0.31383562,-0.38917658,0.31383562
47,367,late,-0.34006214,0.35424507,-0.34006214,0.35424507
47,370,late,-0.33674723,0.38191193,-0.33674723,0.38191193
47,373,late,-0.30477297,0.39960280,-0.30477297,0.39960280
47,376,late,-0.31650162,0.28342795,-0.31650162,0.28342795
47,380,late,-0.22789346,0.30674019,-0.22789346,0.30674019
47,383,late,-0.20458141,0.37320772,-0.20458141,0.37320772
47,386,late,-0.21731761,0.35856259,-0.21731761,0.35856259
47,389,late,-0.30309972,0.27360183,-0.30309972,0.27360183
47,392,late,-0.37176731,0.27150649,-0.37176731,0.27150649
47,396,late,-0.38900131,0.11364424,-0.38900131,0.11364424
47,399,late,-0.41939181,0.15367845,-0.41939181,0.15367845
47,402,late,-0.37451673,0.04619377,-0.37451673,0.04619377
47,405,late,-0.39732575,0.05765513,-0.39732575,0.05765513
47,408,late,-0.37115440,0.10948169,-0.37115440,0.10948169
47,412,late,-0.37318772,0.21456295,-0.37318772,0.21456295
47,415,late,-0.45501313,0.15370440,-0.45501313,0.15370440
47,418,late,-0.34869942,0.22852577,-0.34869942,0.22852577
47,421,late,-0.36210632,0.27653646,-0.36210632,0.27653646
47,424,late,-0.40039530,0.32837322,-0.40039530,0.32837322
47,428,late,-0.50571215,0.36418408,-0.50571215,0.36418408
47,431,late,-0.49035388,0.41513142,-0.49035388,0.41513142
47,434,late,-0.40159485,0.51785910,-0.40159485,0.51785910
47,437,late,-0.55054957,0.58570814,-0.55054957,0.58570814
47,440,late,-0.57978964,0.59914833,-0.57978964,0.59914833
47,444,late,-0.49053964,0.52141076,-0.49053964,0.52141076
47,447,late,-0.40870997,0.52777207,-0.40870997,0.52777207
47,450,late,-0.38519600,0.48996219,-0.38519600,0.48996219
47,453,late,-0.42160970,0.49508733,-0.42160970,0.49508733
47,456,late,-0.44611007,0.55660748,-0.44611007,0.55660748
47,460,late,-0.47657245,0.55640942,-0.47657245,0.55640942
47,463,late,-0.38142577,0.43742254,-0.38142577,0.43742254
47,466,late,-0.39254728,0.33812955,-0.39254728,0.33812955
47,469,late,-0.38811183,0.31646881,-0.38811183,0.31646881
47,472,late,-0.37496588,0.38145611,-0.37496588,0.38145611
47,476,late,-0.29966468,0.52526540,-0.29966468,0.52526540
47,479,late,-0.31677544,0.47582573,-0.31677544,0.47582573
47,482,late,-0.23543404,0.45296258,-0.23543404,0.45296258
47,485,late,-0.26776600,0.42206526,-0.26776600,0.42206526
47,488,late,-0.38938430,0.44587791,-0.38938430,0.44587791
47,492,late,-0.32930848,0.40955982,-0.32930848,0.40955982
47,495,late,-0.40947315,0.42621937,-0.40947315,0.42621937
47,498,late,-0.36535668,0.35919338,-0.36535668,0.35919338
48,1,early,1.06212497,1.67386031,1.06212497,1.67386031
48,4,early,1.08808947,1.71367466,1.08808947,1.71367466
48,8,early,1.02100158,1.58916461,1.02100158,1.58916461
48,11,early,1.10153341,1.67697704,1.10153341,1.67697704
48,14,early,1.04622281,1.65038788,1.04622281,1.65038788
48,17,early,1.01494288,1.63653004,1.01494288,1.63653004
48,20,early,0.93702936,1.54680812,0.93702936,1.54680812
48,24,early,0.94929534,1.48450208,0.94929534,1.48450208
48,27,early,0.93796861,1.57960355,0.93796861,1.57960355
48,30,early,0.95500082,1.56416786,0.95500082,1.56416786
48,33,early,0.94501275,1.54274476,0.94501275,1.54274476
48,36,early,0.91449207,1.48150480,0.91449207,1.48150480
48,40,early,0.91470194,1.56289256,0.91470194,1.56289256
48,43,early,0.88722789,1.51234150,0.88722789,1.51234150
48,46,early,0.85377169,1.53217781,0.85377169,1.53217781
48,49,early,0.85549438,1.57305229,0.85549438,1.57305229
48,52,early,0.86976117,1.59647834,0.86976117,1.59647834
48,56,early,0.96114820,1.57924271,0.96114820,1.57924271
48,59,early,0.99942648,1.54982185,0.99942648,1.54982185
48,62,early,1.00796914,1.55454993,1.00796914,1.55454993
48,65,early,0.99614745,1.63604486,0.99614745,1.63604486
48,68,early,0.91732091,1.60730493,0.91732091,1.60730493
48,72,early,0.87114453,1.63296187,0.87114453,1.63296187
48,75,early,0.94073331,1.51716793,0.94073331,1.51716793
48,78,early,0.97653359,1.52922904,0.97653359,1.52922904
48,81,early,0.88579148,1.50460362,0.88579148,1.50460362
48,84,early,0.91092521,1.37952137,0.91092521,1.37952137
48,88,early,0.98657960,1.46247697,0.98657960,1.46247697
48,91,early,1.03240085,1.57271802,1.03240085,1.57271802
48,94,early,1.01799655,1.60475922,1.01799655,1.60475922
48,97,early,1.07050014,1.68305802,1.07050014,1.68305802
48,100,early,1.06304359,1.74430025,1.06304359,1.74430025
48,104,early,1.07457232,1.78408456,1.07457232,1.78408456
48,107,early,1.06306815,1.79077697,1.06306815,1.79077697
48,110,early,1.01247227,1.69573009,1.01247227,1.69573009
48,113,early,1.08403099,1.63345921,1.08403099,1.63345921
48,116,early,1.07796609,1.71124196,1.07796609,1.71124196
48,120,early,1.01641119,1.73379302,1.01641119,1.73379302
48,123,early,0.96308446,1.65662992,0.96308446,1.65662992
48,126,early,1.02292609,1.66920519,1.02292609,1.66920519
48,129,early,0.97670758,1.63940752,0.97670758,1.63940752
48,132,early,1.01217210,1.61837113,1.01217210,1.61837113
48,136,early,1.03077602,1.64931464,1.03077602,1.64931464
48,139,early,0.98641962,1.67091966,0.98641962,1.67091966
48,142,early,1.04303896,1.64886630,1.04303896,1.64886630
48,145,early,1.02655661,1.67627096,1.02655661,1.67627096
48,148,early,1.09869802,1.63058650,1.09869802,1.63058650
48,152,early,1.12867260,1.61815166,1.12867260,1.61815166
48,155,early,1.14565420,1.67159235,1.14565420,1.67159235
48,158,early,1.13406777,1.66256964,1.13406777,1.66256964
48,161,early,1.16723096,1.69038022,1.16723096,1.69038022
48,164,early,1.27028549,1.83142412,1.27028549,1.83142412
48,168,early,1.24855316,1.80772889,1.24855316,1.80772889
48,171,early,1.32612753,1.83777058,1.32612753,1.83777058
48,174,early,1.37583566,1.83895290,1.37583566,1.83895290
48,177,early,1.31157720,1.88398552,1.31157720,1.88398552
48,180,early,1.34925282,1.89565015,1.34925282,1.89565015
48,184,early,1.11424172,1.80736327,1.11424172,1.80736327
48,187,early,1.08139551,1.67244935,1.08139551,1.67244935
48,190,early,1.09047818,1.66428041,1.09047818,1.66428041
48,193,early,1.11715126,1.65731275,1.11715126,1.65731275
48,196,early,1.10249996,1.63333261,1.10249996,1.63333261
48,200,early,1.02497923,1.73083222,1.02497923,1.73083222
48,203,early,1.03785443,1.63287961,1.03785443,1.63287961
48,206,early,1.04981184,1.59445882,1.04981184,1.59445882
48,209,early,1.05001092,1.66691113,1.05001092,1.66691113
48,212,early,1.00384021,1.70876038,1.00384021,1.70876038
48,216,early,1.06688094,1.72172260,1.06688094,1.72172260
48,219,early,1.04380453,1.68348312,1.04380453,1.68348312
48,222,early,1.08574748,1.58628941,1.08574748,1.58628941
48,225,early,1.00088739,1.59887123,1.00088739,1.59887123
48,228,early,0.95720130,1.56808364,0.95720130,1.56808364
48,232,early,0.95830393,1.61557078,0.95830393,1.61557078
48,235,early,0.92242312,1.63150704,0.92242312,1.63150704
48,238,early,0.94253832,1.60601223,0.94253832,1.60601223
48,241,early,0.99228156,1.54984176,0.99228156,1.54984176
48,244,early,0.95003599,1.50088847,0.95003599,1.50088847
48,248,early,0.82711381,1.52985632,0.82711381,1.52985632
48,251,late,0.88573384,1.56758773,0.88573384,1.56758773
48,254,late,0.87735462,1.45444727,0.87735462,1.45444727
48,257,late,0.84145176,1.43273044,0.84145176,1.43273044
48,260,late,0.86067230,1.48089671,0.86067230,1.48089671
48,264,late,0.85694999,1.38506210,0.85694999,1.38506210
48,267,late,0.87414873,1.44603705,0.87414873,1.44603705
48,270,late,0.80686700,1.39307022,0.80686700,1.39307022
48,273,late,0.83876902,1.39478791,0.83876902,1.39478791
48,276,late,0.82597744,1.44282115,0.82597744,1.44282115
48,280,late,0.87830067,1.44969058,0.87830067,1.44969058
48,283,late,0.87141091,1.49474907,0.87141091,1.49474907
48,286,late,0.92577684,1.52745652,0.92577684,1.52745652
48,289,late,1.00027418,1.53453624,1.00027418,1.53453624
48,292,late,1.03321135,1.55084538,1.03321135,1.55084538
48,296,late,1.04970169,1.58381033,1.04970169,1.58381033
48,299,late,0.98232979,1.60380411,0.98232979,1.60380411
48,302,late,0.96285892,1.50876832,0.96285892,1.50876832
48,305,late,0.94144201,1.57322550,0.94144201,1.57322550
48,308,late,1.01754081,1.56608319,1.01754081,1.56608319
48,312,late,0.92266786,1.56541765,0.92266786,1.56541765
48,315,late,1.05357790,1.66683125,1.05357790,1.66683125
48,318,late,1.08410513,1.67881787,1.08410513,1.67881787
48,321,late,1.09483945,1.61876619,1.09483945,1.61876619
48,324,late,1.06095254,1.66882956,1.06095254,1.66882956
48,328,late,0.98075396,1.67915344,0.98075396,1.67915344
48,331,late,0.98815280,1.67438149,0.98815280,1.67438149
48,334,late,1.07222331,1.63414037,1.07222331,1.63414037
48,337,late,0.95356536,1.62001491,0.95356536,1.62001491
48,340,late,1.00443387,1.73492587,1.00443387,1.73492587
48,344,late,1.01447260,1.63907170,1.01447260,1.63907170
48,347,late,1.01567149,1.63026929,1.01567149,1.63026929
48,350,late,0.97352844,1.63878608,0.97352844,1.63878608
48,353,late,0.92685634,1.53335178,0.92685634,1.53335178
48,356,late,0.98487025,1.50223362,0.98487025,1.50223362
48,360,late,0.99956238,1.57680774,0.99956238,1.57680774
48,363,late,0.90088737,1.63143456,0.90088737,1.63143456
48,366,late,0.95374876,1.53981638,0.95374876,1.53981638
48,369,late,0.85943866,1.45761180,0.85943866,1.45761180
48,372,late,0.74798173,1.37315810,0.74798173,1.37315810
48,376,late,0.77249330,1.36276126,0.77249330,1.36276126
48,379,late,0.81457108,1.34192455,0.81457108,1.34192455
48,382,late,0.81519043,1.39181626,0.81519043,1.39181626
48,385,late,0.83967298,1.39872086,0.83967298,1.39872086
48,388,late,0.77269691,1.35575080,0.77269691,1.35575080
48,392,late,0.79925519,1.31858170,0.79925519,1.31858170
48,395,late,0.83579487,1.32667232,0.83579487,1.32667232
48,398,late,0.86161339,1.40659738,0.86161339,1.40659738
48,401,late,0.81491250,1.35580957,0.81491250,1.35580957
48,404,late,0.83538282,1.34509659,0.83538282,1.34509659
48,408,late,0.93792337,1.39031899,0.93792337,1.39031899
48,411,late,0.88641214,1.43977082,0.88641214,1.43977082
48,414,late,0.82136631,1.44758499,0.82136631,1.44758499
48,417,late,0.89044118,1.37606382,0.89044118,1.37606382
48,420,late,0.82697713,1.38360214,0.82697713,1.38360214
48,424,late,0.85006708,1.36312151,0.85006708,1.36312151
48,427,late,0.86525071,1.32259631,0.86525071,1.32259631
48,430,late,0.81188744,1.34704459,0.81188744,1.34704459
48,433,late,0.82309699,1.37164831,0.82309699,1.37164831
48,436,late,0.82015061,1.30293143,0.82015061,1.30293143
48,440,late,0.80937392,1.31188834,0.80937392,1.31188834
48,443,late,0.74381942,1.29313517,0.74381942,1.29313517
48,446,late,0.69699317,1.26020110,0.69699317,1.26020110
48,449,late,0.75825059,1.31239367,0.75825059,1.31239367
48,452,late,0.75385833,1.34889495,0.75385833,1.34889495
48,456,late,0.72011840,1.28714430,0.72011840,1.28714430
48,459,late,0.70276368,1.17362916,0.70276368,1.17362916
48,462,late,0.63987905,1.08013654,0.63987905,1.08013654
48,465,late,0.62564099,1.05340052,0.62564099,1.05340052
48,468,late,0.63176286,1.03739655,0.63176286,1.03739655
48,472,late,0.67081463,1.09043574,0.67081463,1.09043574
48,475,late,0.65379941,1.09353411,0.65379941,1.09353411
48,478,late,0.66607744,1.11142492,0.66607744,1.11142492
48,481,late,0.60199124,1.09792078,0.60199124,1.09792078
48,484,late,0.57300347,1.09437072,0.57300347,1.09437072
48,488,late,0.60201329,1.08469558,0.60201329,1.08469558
48,491,late,0.57649148,1.09747183,0.57649148,1.09747183
48,494,late,0.58605349,0.97925144,0.58605349,0.97925144
48,497,late,0.51329273,0.93925661,0.51329273,0.93925661
49,0,early,0.33639625,0.66914165,0.33639625,0.66914165
49,4,early,0.40990973,0.64905524,0.40990973,0.64905524
49,7,early,0.37989691,0.69441646,0.37989691,0.69441646
49,10,early,0.35968137,0.61045307,0.35968137,0.61045307
49,13,early,0.39136109,0.53183854,0.39136109,0.53183854
49,16,early,0.38152066,0.50808692,0.38152066,0.50808692
49,20,early,0.36238521,0.60860842,0.36238521,0.60860842
49,23,early,0.32282281,0.53363854,0.32282281,0.53363854
49,26,early,0.30052111,0.60259205,0.30052111,0.60259205
49,29,early,0.33766112,0.60320485,0.33766112,0.60320485
49,32,early,0.27807084,0.59594488,0.27807084,0.59594488
49,36,early,0.21318969,0.51125067,0.21318969,0.51125067
49,39,early,0.23755562,0.49762163,0.23755562,0.49762163
49,42,early,0.20613697,0.52578443,0.20613697,0.52578443
49,45,early,0.27369347,0.51617849,0.27369347,0.51617849
49,48,early,0.32592845,0.54836607,0.32592845,0.54836607
49,52,early,0.33295459,0.51906973,0.33295459,0.51906973
49,55,early,0.28419536,0.50167829,0.28419536,0.50167829
49,58,early,0.32418847,0.45819372,0.32418847,0.45819372
49,61,early,0.35245192,0.36576477,0.35245192,0.36576477
49,64,early,0.36844012,0.40593022,0.36844012,0.40593022
49,68,early,0.36226133,0.46789578,0.36226133,0.46789578
49,71,early,0.29924953,0.45430750,0.29924953,0.45430750
49,74,early,0.29431021,0.46747345,0.29431021,0.46747345
49,77,early,0.29662767,0.52422595,0.29662767,0.52422595
49,80,early,0.28972957,0.59579217,0.28972957,0.59579217
49,84,early,0.30876306,0.61960506,0.30876306,0.61960506
49,87,early,0.34745172,0.63721716,0.34745172,0.63721716
49,90,early,0.38116151,0.62537938,0.38116151,0.62537938
49,93,early,0.41021079,0.60313952,0.41021079,0.60313952
49,96,early,0.42421344,0.57815492,0.42421344,0.57815492
49,100,early,0.40841231,0.48835033,0.40841231,0.48835033
49,103,early,0.44914633,0.37206104,0.44914633,0.37206104
49,106,early,0.43065134,0.37624151,0.43065134,0.37624151
49,109,early,0.42561555,0.41379806,0.42561555,0.41379806
49,112,early,0.41115502,0.36892256,0.41115502,0.36892256
49,116,early,0.44238707,0.34787613,0.44238707,0.34787613
49,119,early,0.52837002,0.39281282,0.52837002,0.39281282
49,122,early,0.54606175,0.53538239,0.54606175,0.53538239
49,125,early,0.39974457,0.54375100,0.39974457,0.54375100
49,128,early,0.27895868,0.55428225,0.27895868,0.55428225
49,132,early,0.29705364,0.60158348,0.29705364,0.60158348
49,135,early,0.24946439,0.58794439,0.24946439,0.58794439
49,138,early,0.28938317,0.56420183,0.28938317,0.56420183
49,141,early,0.33600292,0.50057173,0.33600292,0.50057173
49,144,early,0.42648107,0.54365927,0.42648107,0.54365927
49,148,early,0.28850052,0.53096700,0.28850052,0.53096700
49,151,early,0.37123427,0.63167131,0.37123427,0.63167131
49,154,early,0.40367547,0.68066281,0.40367547,0.68066281
49,157,early,0.33216199,0.71068424,0.33216199,0.71068424
49,160,early,0.39126176,0.79431981,0.39126176,0.79431981
49,164,early,0.38504639,0.74433005,0.38504639,0.74433005
49,167,early,0.37821835,0.77550763,0.37821835,0.77550763
49,170,early,0.40535036,0.74085891,0.40535036,0.74085891
49,173,early,0.39570042,0.68505859,0.39570042,0.68505859
49,176,early,0.53052914,0.64234442,0.53052914,0.64234442
49,180,early,0.49073240,0.70019418,0.49073240,0.70019418
49,183,early,0.40724167,0.77101082,0.40724167,0.77101082
49,186,early,0.31146461,0.74153018,0.31146461,0.74153018
49,189,early,0.38769877,0.73235166,0.38769877,0.73235166
49,192,early,0.49421215,0.69587874,0.49421215,0.69587874
49,196,early,0.47415373,0.66590148,0.47415373,0.66590148
49,199,early,0.42956164,0.66599023,0.42956164,0.66599023
49,202,early,0.47203723,0.64727700,0.47203723,0.64727700
49,205,early,0.43304783,0.73879325,0.43304783,0.73879325
49,208,early,0.36364889,0.63378048,0.36364889,0.63378048
49,212,early,0.38305238,0.71750641,0.38305238,0.71750641
49,215,early,0.45895401,0.67210287,0.45895401,0.67210287
49,218,early,0.56858414,0.64216161,0.56858414,0.64216161
49,221,early,0.53658074,0.68581438,0.53658074,0.68581438
49,224,early,0.53208578,0.71335191,0.53208578,0.71335191
49,228,early,0.52230775,0.73413277,0.52230775,0.73413277
49,231,early,0.60782897,0.70253164,0.60782897,0.70253164
49,234,early,0.66004914,0.71782887,0.66004914,0.71782887
49,237,early,0.54254782,0.67489040,0.54254782,0.67489040
49,240,early,0.53504092,0.74592936,0.53504092,0.74592936
49,244,early,0.43950218,0.79435623,0.43950218,0.79435623
49,247,early,0.40769458,0.81332076,0.40769458,0.81332076
49,250,late,0.50110137,0.80761164,0.50110137,0.80761164
49,253,late,0.47524759,0.85588664,0.47524759,0.85588664
49,256,late,0.46530700,0.75756645,0.46530700,0.75756645
49,260,late,0.42016751,0.62599713,0.42016751,0.62599713
49,263,late,0.41949734,0.63502192,0.41949734,0.63502192
49,266,late,0.44667760,0.62291098,0.44667760,0.62291098
49,269,late,0.44445702,0.69867104,0.44445702,0.69867104
49,272,late,0.47711116,0.66011339,0.47711116,0.66011339
49,276,late,0.40165627,0.53226322,0.40165627,0.53226322
49,279,late,0.37933668,0.59501278,0.37933668,0.59501278
49,282,late,0.33039832,0.61327249,0.33039832,0.61327249
49,285,late,0.37317413,0.53641897,0.37317413,0.53641897
49,288,late,0.37608325,0.42132330,0.37608325,0.42132330
49,292,late,0.29072013,0.39419174,0.29072013,0.39419174
49,295,late,0.34716243,0.39353147,0.34716243,0.39353147
49,298,late,0.29350495,0.52257431,0.29350495,0.52257431
49,301,late,0.36741206,0.47843572,0.36741206,0.47843572
49,304,late,0.42734694,0.45654109,0.42734694,0.45654109
49,308,late,0.39991072,0.42115736,0.39991072,0.42115736
49,311,late,0.41250256,0.44720396,0.41250256,0.44720396
49,314,late,0.35524461,0.41311708,0.35524461,0.41311708
49,317,late,0.34292662,0.47713384,0.34292662,0.47713384
49,320,late,0.31108418,0.50156599,0.31108418,0.50156599
49,324,late,0.27265525,0.42692456,0.27265525,0.42692456
49,327,late,0.27522147,0.49991867,0.27522147,0.49991867
49,330,late,0.34966949,0.54459947,0.34966949,0.54459947
49,333,late,0.28784919,0.54578960,0.28784919,0.54578960
49,336,late,0.19473566,0.55004102,0.19473566,0.55004102
49,340,late,0.17905581,0.42119777,0.17905581,0.42119777
49,343,late,0.22426246,0.21407413,0.22426246,0.21407413
49,346,late,0.16035679,0.37236217,0.16035679,0.37236217
49,349,late,0.24751301,0.39897060,0.24751301,0.39897060
49,352,late,0.25519690,0.32360068,0.25519690,0.32360068
49,356,late,0.14567854,0.33848265,0.14567854,0.33848265
49,359,late,0.16690625,0.27479973,0.16690625,0.27479973
49,362,late,0.16370149,0.27270514,0.16370149,0.27270514
49,365,late,0.21579660,0.16602203,0.21579660,0.16602203
49,368,late,0.19509062,0.15050295,0.19509062,0.15050295
49,372,late,0.31666559,0.09605276,0.31666559,0.09605276
49,375,late,0.21563421,0.02351011,0.21563421,0.02351011
49,378,late,0.24902658,-0.04037900,0.24902658,-0.04037900
49,381,late,0.21853469,-0.03019808,0.21853469,-0.03019808
49,384,late,0.28429258,-0.03186110,0.28429258,-0.03186110
49,388,late,0.32414061,0.00674327,0.32414061,0.00674327
49,391,late,0.33305669,-0.01352741,0.33305669,-0.01352741
49,394,late,0.30140790,-0.04116115,0.30140790,-0.04116115
49,397,late,0.34569818,-0.03915830,0.34569818,-0.03915830
49,400,late,0.32734194,-0.10474484,0.32734194,-0.10474484
49,404,late,0.34818506,-0.17854081,0.34818506,-0.17854081
49,407,late,0.40292150,-0.10717915,0.40292150,-0.10717915
49,410,late,0.36773875,-0.05109540,0.36773875,-0.05109540
49,413,late,0.28550377,-0.13049668,0.28550377,-0.13049668
49,416,late,0.24234280,-0.16668165,0.24234280,-0.16668165
49,420,late,0.20671409,-0.08809630,0.20671409,-0.08809630
49,423,late,0.21240705,-0.05565572,0.21240705,-0.05565572
49,426,late,0.17509031,0.00950010,0.17509031,0.00950010
49,429,late,0.22520889,0.06042624,0.22520889,0.06042624
49,432,late,0.20459901,0.01417351,0.20459901,0.01417351
49,436,late,0.19928730,0.12183706,0.19928730,0.12183706
49,439,late,0.14184846,0.12594034,0.14184846,0.12594034
49,442,late,0.17416927,0.12706251,0.17416927,0.12706251
49,445,late,0.13991272,0.19500495,0.13991272,0.19500495
49,448,late,0.11282700,0.18731171,0.11282700,0.18731171
49,452,late,0.16279480,0.17449701,0.16279480,0.17449701
49,455,late,0.10692243,0.03258521,0.10692243,0.03258521
49,458,late,0.17926317,0.02244432,0.17926317,0.02244432
49,461,late,0.10782855,-0.09679399,0.10782855,-0.09679399
49,464,late,0.01880685,-0.05155711,0.01880685,-0.05155711
49,468,late,0.02462924,0.00414945,0.02462924,0.00414945
49,471,late,0.00071110,0.00051811,0.00071110,0.00051811
49,474,late,0.05762862,-0.03989585,0.05762862,-0.03989585
49,477,late,-0.00924493,-0.07308232,-0.00924493,-0.07308232
49,480,late,-0.08873416,-0.00425998,-0.08873416,-0.00425998
49,484,late,-0.07881493,-0.01711511,-0.07881493,-0.01711511
49,487,late,-0.11703312,-0.09694570,-0.11703312,-0.09694570
49,490,late,-0.05616375,0.03423996,-0.05616375,0.03423996
49,493,late,-0.02285353,0.15456617,-0.02285353,0.15456617
49,496,late,-0.04338200,0.22901823,-0.04338200,0.22901823
50,0,early,-0.41261932,0.51101279,-0.41261932,0.51101279
50,3,early,-0.33187935,0.44536719,-0.33187935,0.44536719
50,6,early,-0.22411394,0.47284573,-0.22411394,0.47284573
50,9,early,-0.20060717,0.53737813,-0.20060717,0.53737813
50,12,early,-0.27524245,0.49819508,-0.27524245,0.49819508
50,16,early,-0.30363214,0.52700830,-0.30363214,0.52700830
50,19,early,-0.35763627,0.46720621,-0.35763627,0.46720621
50,22,early,-0.32907110,0.52664316,-0.32907110,0.52664316
50,25,early,-0.23971391,0.50035912,-0.23971391,0.50035912
50,28,early,-0.22300558,0.49373639,-0.22300558,0.49373639
50,32,early,-0.15789637,0.49044022,-0.15789637,0.49044022
50,35,early,-0.08108718,0.42324919,-0.08108718,0.42324919
50,38,early,-0.07570855,0.36935550,-0.07570855,0.36935550
50,41,early,-0.07847498,0.39020756,-0.07847498,0.39020756
50,44,early,-0.11338141,0.36066481,-0.11338141,0.36066481
50,48,early,-0.05835728,0.34276173,-0.05835728,0.34276173
50,51,early,-0.09589352,0.41148248,-0.09589352,0.41148248
50,54,early,-0.06469448,0.38730669,-0.06469448,0.38730669
50,57,early,-0.09368856,0.35635358,-0.09368856,0.35635358
50,60,early,-0.10584211,0.37172839,-0.10584211,0.37172839
50,64,early,-0.07947765,0.42669401,-0.07947765,0.42669401
50,67,early,-0.12454750,0.36735016,-0.12454750,0.36735016
50,70,early,-0.17284645,0.36692613,-0.17284645,0.36692613
50,73,early,-0.14016005,0.31762931,-0.14016005,0.31762931
50,76,early,-0.04853714,0.31024882,-0.04853714,0.31024882
50,80,early,-0.00553566,0.22118884,-0.00553566,0.22118884
50,83,early,0.00076390,0.27514505,0.00076390,0.27514505
50,86,early,0.08079842,0.24320292,0.08079842,0.24320292
50,89,early,0.11507879,0.30063665,0.11507879,0.30063665
50,92,early,0.11236612,0.38168618,0.11236612,0.38168618
50,96,early,0.08804818,0.52754468,0.08804818,0.52754468
50,99,early,0.09052547,0.51565576,0.09052547,0.51565576
50,102,early,0.06646174,0.42070815,0.06646174,0.42070815
50,105,early,0.07944044,0.44848293,0.07944044,0.44848293
50,108,early,0.04827281,0.41056740,0.04827281,0.41056740
50,112,early,0.04754890,0.39294875,0.04754890,0.39294875
50,115,early,0.06072780,0.37280965,0.06072780,0.37280965
50,118,early,0.06391084,0.38547710,0.06391084,0.38547710
50,121,early,-0.01611258,0.36919633,-0.01611258,0.36919633
50,124,early,-0.06789775,0.37884969,-0.06789775,0.37884969
50,128,early,-0.07681910,0.33136740,-0.07681910,0.33136740
50,131,early,-0.02423237,0.21526420,-0.02423237,0.21526420
50,134,early,-0.12339965,0.17923377,-0.12339965,0.17923377
50,137,early,-0.08223227,0.17648405,-0.08223227,0.17648405
50,140,early,-0.09886244,0.08956812,-0.09886244,0.08956812
50,144,early,-0.03080510,0.14868210,-0.03080510,0.14868210
50,147,early,-0.08700001,0.26415169,-0.08700001,0.26415169
50,150,early,-0.05090841,0.30264655,-0.05090841,0.30264655
50,153,early,-0.14831033,0.34027901,-0.14831033,0.34027901
50,156,early,-0.15938894,0.37674093,-0.15938894,0.37674093
50,160,early,-0.22314931,0.39454579,-0.22314931,0.39454579
50,163,early,-0.20349175,0.35673606,-0.20349175,0.35673606
50,166,early,-0.09094255,0.44920537,-0.09094255,0.44920537
50,169,early,-0.15592267,0.47363436,-0.15592267,0.47363436
50,172,early,-0.23012614,0.46923533,-0.23012614,0.46923533
50,176,early,-0.21567033,0.34428173,-0.21567033,0.34428173
50,179,early,-0.26613894,0.34828225,-0.26613894,0.34828225
50,182,early,-0.21212316,0.29477578,-0.21212316,0.29477578
50,185,early,-0.23896030,0.29602960,-0.23896030,0.29602960
50,188,early,-0.21594781,0.38299441,-0.21594781,0.38299441
50,192,early,-0.15924303,0.37130126,-0.15924303,0.37130126
50,195,early,-0.15092909,0.29134843,-0.15092909,0.29134843
50,198,early,-0.15017134,0.32947803,-0.15017134,0.32947803
50,201,early,-0.12341148,0.35383126,-0.12341148,0.35383126
50,204,early,-0.12800774,0.42033765,-0.12800774,0.42033765
50,208,early,-0.02163083,0.47016641,-0.02163083,0.47016641
50,211,early,-0.02030673,0.39921087,-0.02030673,0.39921087
50,214,early,0.00981403,0.48839986,0.00981403,0.48839986
50,217,early,0.04985147,0.49081886,0.04985147,0.49081886
50,220,early,0.03530623,0.49823838,0.03530623,0.49823838
50,224,early,0.04051077,0.49451965,0.04051077,0.49451965
50,227,early,-0.00777194,0.46373239,-0.00777194,0.46373239
50,230,early,-0.04200692,0.40918276,-0.04200692,0.40918276
50,233,early,-0.06410874,0.50475043,-0.06410874,0.50475043
50,236,early,-0.11353697,0.45141587,-0.11353697,0.45141587
50,240,early,-0.14098148,0.31628370,-0.14098148,0.31628370
50,243,early,-0.14748661,0.34448931,-0.14748661,0.34448931
50,246,early,-0.09173556,0.37862870,-0.09173556,0.37862870
50,249,early,-0.10435439,0.46262011,-0.10435439,0.46262011
50,252,late,-0.09626790,0.41591454,-0.09626790,0.41591454
50,256,late,-0.06298590,0.36082077,-0.06298590,0.36082077
50,259,late,-0.14968087,0.34934705,-0.14968087,0.34934705
50,262,late,-0.07563291,0.30911413,-0.07563291,0.30911413
50,265,late,-0.06356846,0.28815392,-0.06356846,0.28815392
50,268,late,-0.14510144,0.26524168,-0.14510144,0.26524168
50,272,late,-0.10083127,0.28663090,-0.10083127,0.28663090
50,275,late,-0.10870185,0.25441670,-0.10870185,0.25441670
50,278,late,-0.16707334,0.31872672,-0.16707334,0.31872672
50,281,late,-0.06103635,0.31567180,-0.06103635,0.31567180
50,284,late,-0.04357193,0.31012869,-0.04357193,0.31012869
50,288,late,-0.14401610,0.24530646,-0.14401610,0.24530646
50,291,late,-0.16230211,0.26849866,-0.16230211,0.26849866
50,294,late,-0.14501861,0.28748590,-0.14501861,0.28748590
50,297,late,-0.15211815,0.28103641,-0.15211815,0.28103641
50,300,late,-0.08773100,0.27931613,-0.08773100,0.27931613
50,304,late,-0.03349105,0.36916482,-0.03349105,0.36916482
50,307,late,0.00290929,0.40135139,0.00290929,0.40135139
50,310,late,-0.02437262,0.41504577,-0.02437262,0.41504577
50,313,late,-0.01385158,0.39608076,-0.01385158,0.39608076
50,316,late,-0.12299003,0.45058662,-0.12299003,0.45058662
50,320,late,-0.13026260,0.38760608,-0.13026260,0.38760608
50,323,late,-0.10274889,0.38296622,-0.10274889,0.38296622
50,326,late,-0.19196799,0.32802176,-0.19196799,0.32802176
50,329,late,-0.21797410,0.35591397,-0.21797410,0.35591397
50,332,late,-0.19653466,0.33561715,-0.19653466,0.33561715
50,336,late,-0.26464155,0.43047771,-0.26464155,0.43047771
50,339,late,-0.27771071,0.34946913,-0.27771071,0.34946913
50,342,late,-0.40209791,0.34080166,-0.40209791,0.34080166
50,345,late,-0.41161653,0.30302620,-0.41161653,0.30302620
50,348,late,-0.37333325,0.37721631,-0.37333325,0.37721631
50,352,late,-0.37582418,0.29128662,-0.37582418,0.29128662
50,355,late,-0.34698731,0.35063717,-0.34698731,0.35063717
50,358,late,-0.22087142,0.34548917,-0.22087142,0.34548917
50,361,late,-0.26623756,0.41979799,-0.26623756,0.41979799
50,364,late,-0.23759432,0.44457683,-0.23759432,0.44457683
50,368,late,-0.19413118,0.44668353,-0.19413118,0.44668353
50,371,late,-0.13297704,0.42405140,-0.13297704,0.42405140
50,374,late,-0.08828034,0.48333970,-0.08828034,0.48333970
50,377,late,0.00763087,0.43524298,0.00763087,0.43524298
50,380,late,0.02870628,0.41259816,0.02870628,0.41259816
50,384,late,-0.13038340,0.43108130,-0.13038340,0.43108130
50,387,late,-0.08469206,0.42113769,-0.08469206,0.42113769
50,390,late,-0.11612452,0.46267799,-0.11612452,0.46267799
50,393,late,-0.08704380,0.52092600,-0.08704380,0.52092600
50,396,late,-0.08028902,0.49852347,-0.08028902,0.49852347
50,400,late,-0.10309006,0.39027119,-0.10309006,0.39027119
50,403,late,-0.17957124,0.41991431,-0.17957124,0.41991431
50,406,late,-0.21843368,0.31062606,-0.21843368,0.31062606
50,409,late,-0.14094539,0.31826216,-0.14094539,0.31826216
50,412,late,-0.17504282,0.31160304,-0.17504282,0.31160304
50,416,late,-0.10846116,0.37720847,-0.10846116,0.37720847
50,419,late,-0.12806767,0.39312300,-0.12806767,0.39312300
50,422,late,-0.09932780,0.34404549,-0.09932780,0.34404549
50,425,late,-0.09257992,0.38448304,-0.09257992,0.38448304
50,428,late,-0.02866632,0.24905390,-0.02866632,0.24905390
50,432,late,0.01534017,0.29314861,0.01534017,0.29314861
50,435,late,-0.01186242,0.23769557,-0.01186242,0.23769557
50,438,late,-0.06174444,0.19751701,-0.06174444,0.19751701
50,441,late,0.05943511,0.18977359,0.05943511,0.18977359
50,444,late,0.09174631,0.17676142,0.09174631,0.17676142
50,448,late,0.11212553,0.09406837,0.11212553,0.09406837
50,451,late,0.18587787,0.13093148,0.18587787,0.13093148
50,454,late,0.21631065,0.13165461,0.21631065,0.13165461
50,457,late,0.21337706,0.15217209,0.21337706,0.15217209
50,460,late,0.24635004,0.15196833,0.24635004,0.15196833
50,464,late,0.21741220,0.12103298,0.21741220,0.12103298
50,467,late,0.19612139,0.20938382,0.19612139,0.20938382
50,470,late,0.19111775,0.24546316,0.19111775,0.24546316
50,473,late,0.23795155,0.23651040,0.23795155,0.23651040
50,476,late,0.25746694,0.20866035,0.25746694,0.20866035
50,480,late,0.23317428,0.22042786,0.23317428,0.22042786
50,483,late,0.26024693,0.27977034,0.26024693,0.27977034
50,486,late,0.29217112,0.37422964,0.29217112,0.37422964
50,489,late,0.26527864,0.37448350,0.26527864,0.37448350
50,492,late,0.22817054,0.35568705,0.22817054,0.35568705
50,496,late,0.23720521,0.33077842,0.23720521,0.33077842
50,499,late,0.24558255,0.33939779,0.24558255,0.33939779
51,2,early,-0.57635951,-0.37442932,-0.57635951,-0.37442932
51,5,early,-0.51205409,-0.39039278,-0.51205409,-0.39039278
51,8,early,-0.49042475,-0.41819465,-0.49042475,-0.41819465
51,12,early,-0.59050208,-0.41814154,-0.59050208,-0.41814154
51,15,early,-0.56551009,-0.40888044,-0.56551009,-0.40888044
51,18,early,-0.59109128,-0.39669549,-0.59109128,-0.39669549
51,21,early,-0.60065442,-0.33235860,-0.60065442,-0.33235860
51,24,early,-0.56290078,-0.27478495,-0.56290078,-0.27478495
51,28,early,-0.45412853,-0.13957468,-0.45412853,-0.13957468
51,31,early,-0.41260797,-0.13513173,-0.41260797,-0.13513173
51,34,early,-0.39592379,-0.10691805,-0.39592379,-0.10691805
51,37,early,-0.37936801,-0.12700799,-0.37936801,-0.12700799
51,40,early,-0.37504122,-0.04647246,-0.37504122,-0.04647246
51,44,early,-0.44019291,-0.04066426,-0.44019291,-0.04066426
51,47,early,-0.46132955,-0.01265760,-0.46132955,-0.01265760
51,50,early,-0.49862188,-0.06640766,-0.49862188,-0.06640766
51,53,early,-0.57740742,-0.08213735,-0.57740742,-0.08213735
51,56,early,-0.54702574,-0.01540401,-0.54702574,-0.01540401
51,60,early,-0.54428285,-0.10117994,-0.54428285,-0.10117994
51,63,early,-0.44056860,-0.15066867,-0.44056860,-0.15066867
51,66,early,-0.38231298,-0.13491677,-0.38231298,-0.13491677
51,69,early,-0.38627923,-0.16776016,-0.38627923,-0.16776016
51,72,early,-0.33959317,-0.12070310,-0.33959317,-0.12070310
51,76,early,-0.46051878,-0.11003884,-0.46051878,-0.11003884
51,79,early,-0.51908368,-0.10610501,-0.51908368,-0.10610501
51,82,early,-0.41686308,-0.06714615,-0.41686308,-0.06714615
51,85,early,-0.53715599,-0.10190643,-0.53715599,-0.10190643
51,88,early,-0.52624339,-0.16361399,-0.52624339,-0.16361399
51,92,early,-0.46797475,-0.15544501,-0.46797475,-0.15544501
51,95,early,-0.46163216,-0.27829757,-0.46163216,-0.27829757
51,98,early,-0.50401187,-0.23636396,-0.50401187,-0.23636396
51,101,early,-0.43207934,-0.22457342,-0.43207934,-0.22457342
51,104,early,-0.44020239,-0.25535855,-0.44020239,-0.25535855
51,108,early,-0.51864064,-0.39470315,-0.51864064,-0.39470315
51,111,early,-0.62548006,-0.46244705,-0.62548006,-0.46244705
51,114,early,-0.57563055,-0.51217234,-0.57563055,-0.51217234
51,117,early,-0.54243368,-0.50518024,-0.54243368,-0.50518024
51,120,early,-0.52212822,-0.37911689,-0.52212822,-0.37911689
51,124,early,-0.59498036,-0.36486509,-0.59498036,-0.36486509
51,127,early,-0.52627766,-0.30358645,-0.52627766,-0.30358645
51,130,early,-0.55184597,-0.26297921,-0.55184597,-0.26297921
51,133,early,-0.54786235,-0.23362812,-0.54786235,-0.23362812
51,136,early,-0.55805343,-0.23720762,-0.55805343,-0.23720762
51,140,early,-0.52529478,-0.19267809,-0.52529478,-0.19267809
51,143,early,-0.55441511,-0.24785754,-0.55441511,-0.24785754
51,146,early,-0.57511652,-0.21629564,-0.57511652,-0.21629564
51,149,early,-0.51556486,-0.21779838,-0.51556486,-0.21779838
51,152,early,-0.51005119,-0.18799350,-0.51005119,-0.18799350
51,156,early,-0.39807433,-0.16522856,-0.39807433,-0.16522856
51,159,early,-0.41317239,-0.06900197,-0.41317239,-0.06900197
51,162,early,-0.30687517,-0.01573075,-0.30687517,-0.01573075
51,165,early,-0.27926829,-0.00278763,-0.27926829,-0.00278763
51,168,early,-0.32899979,-0.02949083,-0.32899979,-0.02949083
51,172,early,-0.24875750,0.04405218,-0.24875750,0.04405218
51,175,early,-0.24252594,0.02235492,-0.24252594,0.02235492
51,178,early,-0.14480311,0.10897920,-0.14480311,0.10897920
51,181,early,-0.12522694,0.06170924,-0.12522694,0.06170924
51,184,early,-0.11990535,0.09954923,-0.11990535,0.09954923
51,188,early,-0.01996143,0.17026183,-0.01996143,0.17026183
51,191,early,-0.10584354,0.20823117,-0.10584354,0.20823117
51,194,early,-0.12493397,0.20268036,-0.12493397,0.20268036
51,197,early,-0.14163162,0.26177484,-0.14163162,0.26177484
51,200,early,-0.08784366,0.37018046,-0.08784366,0.37018046
51,204,early,-0.12694444,0.40250814,-0.12694444,0.40250814
51,207,early,-0.15029700,0.39189279,-0.15029700,0.39189279
51,210,early,-0.20263515,0.39630356,-0.20263515,0.39630356
51,213,early,-0.19392470,0.35283732,-0.19392470,0.35283732
51,216,early,-0.34042037,0.38373676,-0.34042037,0.38373676
51,220,early,-0.33822978,0.39949965,-0.33822978,0.39949965
51,223,early,-0.33025151,0.44465229,-0.33025151,0.44465229
51,226,early,-0.30629033,0.33466491,-0.30629033,0.33466491
51,229,early,-0.23093554,0.39783993,-0.23093554,0.39783993
51,232,early,-0.26270452,0.35654148,-0.26270452,0.35654148
51,236,early,-0.36583701,0.35398725,-0.36583701,0.35398725
51,239,early,-0.45428964,0.38812459,-0.45428964,0.38812459
51,242,early,-0.57736880,0.43727103,-0.57736880,0.43727103
51,245,early,-0.56014758,0.52971828,-0.56014758,0.52971828
51,248,early,-0.60005713,0.52690250,-0.60005713,0.52690250
51,252,late,-0.63967973,0.57199770,-0.63967973,0.57199770
51,255,late,-0.61541045,0.51200956,-0.61541045,0.51200956
51,258,late,-0.54644805,0.54197121,-0.54644805,0.54197121
51,261,late,-0.43925744,0.54214567,-0.43925744,0.54214567
51,264,late,-0.46591896,0.48351300,-0.46591896,0.48351300
51,268,late,-0.48053217,0.49065289,-0.48053217,0.49065289
51,271,late,-0.47679034,0.51465195,-0.47679034,0.51465195
51,274,late,-0.48235446,0.54889607,-0.48235446,0.54889607
51,277,late,-0.48113397,0.50094539,-0.48113397,0.50094539
51,280,late,-0.40767738,0.37456289,-0.40767738,0.37456289
51,284,late,-0.42682663,0.30889234,-0.42682663,0.30889234
51,287,late,-0.48496750,0.29181018,-0.48496750,0.29181018
51,290,late,-0.46455610,0.25341672,-0.46455610,0.25341672
51,293,late,-0.51599234,0.14271252,-0.51599234,0.14271252
51,296,late,-0.52844179,0.08401590,-0.52844179,0.08401590
51,300,late,-0.58155966,0.12832975,-0.58155966,0.12832975
51,303,late,-0.55296916,0.10489052,-0.55296916,0.10489052
51,306,late,-0.55540633,0.14552166,-0.55540633,0.14552166
51,309,late,-0.52884662,0.14313467,-0.52884662,0.14313467
51,312,late,-0.55213052,0.18041937,-0.55213052,0.18041937
51,316,late,-0.49481466,0.21375170,-0.49481466,0.21375170
51,319,late,-0.46667987,0.20456845,-0.46667987,0.20456845
51,322,late,-0.45862550,0.14295135,-0.45862550,0.14295135
51,325,late,-0.38712487,0.12586895,-0.38712487,0.12586895
51,328,late,-0.46883851,0.13211966,-0.46883851,0.13211966
51,332,late,-0.54986924,0.14030445,-0.54986924,0.14030445
51,335,late,-0.54539895,0.16879894,-0.54539895,0.16879894
51,338,late,-0.53657085,0.06081285,-0.53657085,0.06081285
51,341,late,-0.49005723,0.04285717,-0.49005723,0.04285717
51,344,late,-0.59121627,0.04760496,-0.59121627,0.04760496
51,348,late,-0.55967450,0.15376197,-0.55967450,0.15376197
51,351,late,-0.56393945,0.17161314,-0.56393945,0.17161314
51,354,late,-0.46453080,0.18512872,-0.46453080,0.18512872
51,357,late,-0.50752801,0.13532457,-0.50752801,0.13532457
51,360,late,-0.55766851,0.16503534,-0.55766851,0.16503534
51,364,late,-0.58289933,0.16278079,-0.58289933,0.16278079
51,367,late,-0.55959386,0.15439954,-0.55959386,0.15439954
51,370,late,-0.45835012,0.08282167,-0.45835012,0.08282167
51,373,late,-0.45549428,0.16391204,-0.45549428,0.16391204
51,376,late,-0.52625155,0.21578464,-0.52625155,0.21578464
51,380,late,-0.48246112,0.22287300,-0.48246112,0.22287300
51,383,late,-0.50318104,0.24637917,-0.50318104,0.24637917
51,386,late,-0.52032274,0.25510383,-0.52032274,0.25510383
51,389,late,-0.45491228,0.17929509,-0.45491228,0.17929509
51,392,late,-0.42111889,0.23787849,-0.42111889,0.23787849
51,396,late,-0.46940053,0.25398260,-0.46940053,0.25398260
51,399,late,-0.41362005,0.28035533,-0.41362005,0.28035533
51,402,late,-0.49029201,0.26506764,-0.49029201,0.26506764
51,405,late,-0.49111652,0.31258345,-0.49111652,0.31258345
51,408,late,-0.44116053,0.34544975,-0.44116053,0.34544975
51,412,late,-0.41355500,0.27591485,-0.41355500,0.27591485
51,415,late,-0.46021798,0.22075833,-0.46021798,0.22075833
51,418,late,-0.49530131,0.26825687,-0.49530131,0.26825687
51,421,late,-0.39364809,0.22492607,-0.39364809,0.22492607
51,424,late,-0.42208543,0.20191884,-0.42208543,0.20191884
51,428,late,-0.47761863,0.30513537,-0.47761863,0.30513537
51,431,late,-0.40655553,0.39117697,-0.40655553,0.39117697
51,434,late,-0.42145142,0.33101326,-0.42145142,0.33101326
51,437,late,-0.43843886,0.37197310,-0.43843886,0.37197310
51,440,late,-0.48395920,0.28773904,-0.48395920,0.28773904
51,444,late,-0.45678413,0.17613024,-0.45678413,0.17613024
51,447,late,-0.49325794,0.25635442,-0.49325794,0.25635442
51,450,late,-0.47919476,0.30708086,-0.47919476,0.30708086
51,453,late,-0.50822872,0.31231827,-0.50822872,0.31231827
51,456,late,-0.41709009,0.32099414,-0.41709009,0.32099414
51,460,late,-0.52004659,0.47735894,-0.52004659,0.47735894
51,463,late,-0.59106457,0.53328580,-0.59106457,0.53328580
51,466,late,-0.56557137,0.58214384,-0.56557137,0.58214384
51,469,late,-0.63463569,0.53769827,-0.63463569,0.53769827
51,472,late,-0.70261681,0.52409077,-0.70261681,0.52409077
51,476,late,-0.73854089,0.56850767,-0.73854089,0.56850767
51,479,late,-0.80733889,0.62476873,-0.80733889,0.62476873
51,482,late,-0.78546447,0.63438022,-0.78546447,0.63438022
51,485,late,-0.77280903,0.64216799,-0.77280903,0.64216799
51,488,late,-0.84138250,0.60477751,-0.84138250,0.60477751
51,492,late,-0.87992138,0.62744129,-0.87992138,0.62744129
51,495,late,-0.83396780,0.69362158,-0.83396780,0.69362158
51,498,late,-0.88059258,0.57441413,-0.88059258,0.57441413
52,1,early,0.08573208,0.46916199,0.08573208,0.46916199
52,4,early,0.13580114,0.42486706,0.13580114,0.42486706
52,8,early,0.18838550,0.46207580,0.18838550,0.46207580
52,11,early,0.24074186,0.50206643,0.24074186,0.50206643
52,14,early,0.22895715,0.52544677,0.22895715,0.52544677
52,17,early,0.26711926,0.54768258,0.26711926,0.54768258
52,20,early,0.23195668,0.50383407,0.23195668,0.50383407
52,24,early,0.22041988,0.47767863,0.22041988,0.47767863
52,27,early,0.30644441,0.38941810,0.30644441,0.38941810
52,30,early,0.29495007,0.25677395,0.29495007,0.25677395
52,33,early,0.33573276,0.26688069,0.33573276,0.26688069
52,36,early,0.36740267,0.27792686,0.36740267,0.27792686
52,40,early,0.38363016,0.24052927,0.38363016,0.24052927
52,43,early,0.34152582,0.13553399,0.34152582,0.13553399
52,46,early,0.34773982,0.12627937,0.34773982,0.12627937
52,49,early,0.43350849,0.11352648,0.43350849,0.11352648
52,52,early,0.44591945,0.10488722,0.44591945,0.10488722
52,56,early,0.57962352,0.19249968,0.57962352,0.19249968
52,59,early,0.61520535,0.21051204,0.61520535,0.21051204
52,62,early,0.58179802,0.15160105,0.58179802,0.15160105
52,65,early,0.58298236,0.16964042,0.58298236,0.16964042
52,68,early,0.51788270,0.22317725,0.51788270,0.22317725
52,72,early,0.56615490,0.26165459,0.56615490,0.26165459
52,75,early,0.43351787,0.28999332,0.43351787,0.28999332
52,78,early,0.46742371,0.26474342,0.46742371,0.26474342
52,81,early,0.42539436,0.32712814,0.42539436,0.32712814
52,84,early,0.38830718,0.34290928,0.38830718,0.34290928
52,88,early,0.41670242,0.41179699,0.41670242,0.41179699
52,91,early,0.46431965,0.41520682,0.46431965,0.41520682
52,94,early,0.39667585,0.33925802,0.39667585,0.33925802
52,97,early,0.37199321,0.34490398,0.37199321,0.34490398
52,100,early,0.29198623,0.34018803,0.29198623,0.34018803
52,104,early,0.27660915,0.31926233,0.27660915,0.31926233
52,107,early,0.23670329,0.33064812,0.23670329,0.33064812
52,110,early,0.18406220,0.32041317,0.18406220,0.32041317
52,113,early,0.11876535,0.23818234,0.11876535,0.23818234
52,116,early,0.08342440,0.26629600,0.08342440,0.26629600
52,120,early,0.05240728,0.25184724,0.05240728,0.25184724
52,123,early,0.02688311,0.26474375,0.02688311,0.26474375
52,126,early,0.00152039,0.29908800,0.00152039,0.29908800
52,129,early,-0.08833586,0.32355356,-0.08833586,0.32355356
52,132,early,-0.03730090,0.37220538,-0.03730090,0.37220538
52,136,early,0.04856352,0.36806056,0.04856352,0.36806056
52,139,early,0.02955429,0.40415189,0.02955429,0.40415189
52,142,early,0.07908904,0.41124016,0.07908904,0.41124016
52,145,early,0.12271781,0.42892566,0.12271781,0.42892566
52,148,early,0.20932102,0.48410839,0.20932102,0.48410839
52,152,early,0.21316750,0.46783340,0.21316750,0.46783340
52,155,early,0.19229180,0.43284556,0.19229180,0.43284556
52,158,early,0.12456757,0.38504112,0.12456757,0.38504112
52,161,early,0.15567692,0.30859980,0.15567692,0.30859980
52,164,early,0.13315029,0.33323732,0.13315029,0.33323732
52,168,early,0.12799866,0.47765616,0.12799866,0.47765616
52,171,early,0.20530446,0.48942378,0.20530446,0.48942378
52,174,early,0.13652420,0.44149074,0.13652420,0.44149074
52,177,early,0.11564159,0.42728394,0.11564159,0.42728394
52,181,early,0.14021112,0.56128132,0.14021112,0.56128132
52,184,early,0.16080654,0.50445938,0.16080654,0.50445938
52,187,early,0.15615810,0.46754330,0.15615810,0.46754330
52,190,early,0.19507742,0.52123106,0.19507742,0.52123106
52,193,early,0.33464217,0.51719546,0.33464217,0.51719546
52,197,early,0.28946108,0.51487243,0.28946108,0.51487243
52,200,early,0.28352442,0.49214062,0.28352442,0.49214062
52,203,early,0.20761435,0.46247241,0.20761435,0.46247241
52,206,early,0.10820108,0.41307706,0.10820108,0.41307706
52,209,early,0.12593932,0.46602228,0.12593932,0.46602228
52,213,early,0.11409072,0.46664226,0.11409072,0.46664226
52,216,early,0.24590775,0.38057455,0.24590775,0.38057455
52,219,early,0.18206839,0.35369572,0.18206839,0.35369572
52,222,early,0.16035719,0.37872303,0.16035719,0.37872303
52,225,early,0.16073026,0.34649101,0.16073026,0.34649101
52,229,early,0.15417479,0.31931677,0.15417479,0.31931677
52,232,early,0.11116397,0.22037864,0.11116397,0.22037864
52,235,early,0.12798086,0.22681153,0.12798086,0.22681153
52,238,early,0.18974891,0.16199115,0.18974891,0.16199115
52,241,early,0.12395035,0.02128602,0.12395035,0.02128602
52,245,early,0.18901168,-0.07504854,0.18901168,-0.07504854
52,248,early,0.19358736,-0.02900975,0.19358736,-0.02900975
52,251,late,0.15424898,-0.00362448,0.15424898,-0.00362448
52,254,late,0.10198221,0.03527024,0.10198221,0.03527024
52,257,late,0.05659802,0.06205626,0.05659802,0.06205626
52,261,late,0.17657173,0.00070838,0.17657173,0.00070838
52,264,late,0.18456958,0.05882733,0.18456958,0.05882733
52,267,late,0.24083744,0.11985020,0.24083744,0.11985020
52,270,late,0.28071618,0.10112858,0.28071618,0.10112858
52,273,late,0.26061678,0.15894710,0.26061678,0.15894710
52,277,late,0.33846185,0.11449681,0.33846185,0.11449681
52,280,late,0.40984258,0.11484321,0.40984258,0.11484321
52,283,late,0.39096230,0.12217034,0.39096230,0.12217034
52,286,late,0.37668130,-0.02176427,0.37668130,-0.02176427
52,289,late,0.26398325,0.03709299,0.26398325,0.03709299
52,293,late,0.21789445,-0.05244485,0.21789445,-0.05244485
52,296,late,0.18802398,-0.10618908,0.18802398,-0.10618908
52,299,late,0.30153716,-0.15433665,0.30153716,-0.15433665
52,302,late,0.25852105,-0.14651749,0.25852105,-0.14651749
52,305,late,0.33561993,-0.21315570,0.33561993,-0.21315570
52,309,late,0.29064536,-0.25512111,0.29064536,-0.25512111
52,312,late,0.27140883,-0.22446042,0.27140883,-0.22446042
52,315,late,0.39154708,-0.21548903,0.39154708,-0.21548903
52,318,late,0.32823053,-0.17625570,0.32823053,-0.17625570
52,321,late,0.34487590,-0.14474614,0.34487590,-0.14474614
52,325,late,0.37623879,-0.03582902,0.37623879,-0.03582902
52,328,late,0.31987065,0.08066905,0.31987065,0.08066905
52,331,late,0.29614466,0.07558656,0.29614466,0.07558656
52,334,late,0.29588118,0.01196712,0.29588118,0.01196712
52,337,late,0.27585149,-0.01631657,0.27585149,-0.01631657
52,341,late,0.16323873,0.16999723,0.16323873,0.16999723
52,344,late,0.19378734,0.13546464,0.19378734,0.13546464
52,347,late,0.16331847,0.07445473,0.16331847,0.07445473
52,350,late,0.31708354,0.08538519,0.31708354,0.08538519
52,353,late,0.33463037,0.13602939,0.33463037,0.13602939
52,357,late,0.27996358,0.17825958,0.27996358,0.17825958
52,360,late,0.19474883,0.18602088,0.19474883,0.18602088
52,363,late,0.17512673,0.19892354,0.17512673,0.19892354
52,366,late,0.34043157,0.26690894,0.34043157,0.26690894
52,369,late,0.27463058,0.27618808,0.27463058,0.27618808
52,373,late,0.29716152,0.25368485,0.29716152,0.25368485
52,376,late,0.24829869,0.23911464,0.24829869,0.23911464
52,379,late,0.29922774,0.25689864,0.29922774,0.25689864
52,382,late,0.25025848,0.31777492,0.25025848,0.31777492
52,385,late,0.26324502,0.39894626,0.26324502,0.39894626
52,389,late,0.34309492,0.36295652,0.34309492,0.36295652
52,392,late,0.35824919,0.43334436,0.35824919,0.43334436
52,395,late,0.30341968,0.35779664,0.30341968,0.35779664
52,398,late,0.24231791,0.33426887,0.24231791,0.33426887
52,401,late,0.09530186,0.38647178,0.09530186,0.38647178
52,405,late,0.16842550,0.35313314,0.16842550,0.35313314
52,408,late,0.05050402,0.33755615,0.05050402,0.33755615
52,411,late,0.02440993,0.37058330,0.02440993,0.37058330
52,414,late,0.15453362,0.34191075,0.15453362,0.34191075
52,417,late,0.18676855,0.38568839,0.18676855,0.38568839
52,421,late,0.25698590,0.33595830,0.25698590,0.33595830
52,424,late,0.32008147,0.40910354,0.32008147,0.40910354
52,427,late,0.34334406,0.38692316,0.34334406,0.38692316
52,430,late,0.27557716,0.32082739,0.27557716,0.32082739
52,433,late,0.28991225,0.38611779,0.28991225,0.38611779
52,437,late,0.28105626,0.38369310,0.28105626,0.38369310
52,440,late,0.28786188,0.32953468,0.28786188,0.32953468
52,443,late,0.27164891,0.26702976,0.27164891,0.26702976
52,446,late,0.17016733,0.18109390,0.17016733,0.18109390
52,449,late,0.27950218,0.10597756,0.27950218,0.10597756
52,453,late,0.21050207,0.05240088,0.21050207,0.05240088
52,456,late,0.10289370,0.06899121,0.10289370,0.06899121
52,459,late,0.13130094,0.12136450,0.13130094,0.12136450
52,462,late,0.17456023,0.12557839,0.17456023,0.12557839
52,465,late,0.25190502,0.14683288,0.25190502,0.14683288
52,469,late,0.14606763,0.14939830,0.14606763,0.14939830
52,472,late,0.22359489,0.11497740,0.22359489,0.11497740
52,475,late,0.18163350,0.13726805,0.18163350,0.13726805
52,478,late,0.22665203,0.09893623,0.22665203,0.09893623
52,481,late,0.10183773,0.11675920,0.10183773,0.11675920
52,485,late,0.19623047,0.11419348,0.19623047,0.11419348
52,488,late,0.24544154,0.17969692,0.24544154,0.17969692
52,491,late,0.30263132,0.25716195,0.30263132,0.25716195
52,494,late,0.22680025,0.24458984,0.22680025,0.24458984
52,497,late,0.22311030,0.31592575,0.22311030,0.31592575
53,1,early,-0.01132390,0.44035736,-0.01132390,0.44035736
53,4,early,0.05586774,0.47824255,0.05586774,0.47824255
53,7,early,0.09536047,0.51311052,0.09536047,0.51311052
53,10,early,0.01889003,0.49126300,0.01889003,0.49126300
53,13,early,0.05341656,0.43319124,0.05341656,0.43319124
53,17,early,0.10276993,0.35466588,0.10276993,0.35466588
53,20,early,0.10355239,0.33716428,0.10355239,0.33716428
53,23,early,0.14051902,0.45704731,0.14051902,0.45704731
53,26,early,0.17072777,0.51462662,0.17072777,0.51462662
53,29,early,0.15641841,0.54981613,0.15641841,0.54981613
53,33,early,0.15676060,0.51886624,0.15676060,0.51886624
53,36,early,0.20860907,0.56934947,0.20860907,0.56934947
53,39,early,0.26222935,0.50108171,0.26222935,0.50108171
53,42,early,0.21887554,0.52349997,0.21887554,0.52349997
53,45,early,0.20548290,0.46976328,0.20548290,0.46976328
53,49,early,0.22986950,0.48178965,0.22986950,0.48178965
53,52,early,0.24724497,0.52139938,0.24724497,0.52139938
53,55,early,0.27404690,0.50957698,0.27404690,0.50957698
53,58,early,0.33387440,0.64169717,0.33387440,0.64169717
53,61,early,0.32725134,0.63119620,0.32725134,0.63119620
53,65,early,0.27303317,0.65294784,0.27303317,0.65294784
53,68,early,0.30025026,0.55617183,0.30025026,0.55617183
53,71,early,0.29763445,0.47753847,0.29763445,0.47753847
53,74,early,0.32684925,0.55602962,0.32684925,0.55602962
53,77,early,0.27524093,0.53303933,0.27524093,0.53303933
53,81,early,0.22105533,0.42458507,0.22105533,0.42458507
53,84,early,0.23004690,0.40048799,0.23004690,0.40048799
53,87,early,0.17963082,0.46770638,0.17963082,0.46770638
53,90,early,0.14605780,0.46420979,0.14605780,0.46420979
53,93,early,0.13674860,0.50727093,0.13674860,0.50727093
53,97,early,0.23255558,0.58590055,0.23255558,0.58590055
53,100,early,0.28376308,0.60834330,0.28376308,0.60834330
53,103,early,0.21965086,0.53105605,0.21965086,0.53105605
53,106,early,0.28366151,0.50672179,0.28366151,0.50672179
53,109,early,0.28068238,0.50318825,0.28068238,0.50318825
53,113,early,0.22569920,0.42236486,0.22569920,0.42236486
53,116,early,0.37075293,0.46170095,0.37075293,0.46170095
53,119,early,0.33738902,0.57024425,0.33738902,0.57024425
53,122,early,0.24378355,0.55293614,0.24378355,0.55293614
53,125,early,0.25821823,0.50738138,0.25821823,0.50738138
53,129,early,0.19333088,0.58137548,0.19333088,0.58137548
53,132,early,0.18544745,0.54878712,0.18544745,0.54878712
53,135,early,0.17761202,0.58156478,0.17761202,0.58156478
53,138,early,0.23349050,0.54389817,0.23349050,0.54389817
53,141,early,0.18426089,0.55876845,0.18426089,0.55876845
53,145,early,0.20836070,0.58934647,0.20836070,0.58934647
53,148,early,0.28401417,0.55389786,0.28401417,0.55389786
53,151,early,0.29789266,0.67421103,0.29789266,0.67421103
53,154,early,0.21027178,0.64603215,0.21027178,0.64603215
53,157,early,0.12923324,0.59584016,0.12923324,0.59584016
53,161,early,0.20173860,0.52037609,0.20173860,0.52037609
53,164,early,0.22710812,0.46990442,0.22710812,0.46990442
53,167,early,0.21957162,0.51022935,0.21957162,0.51022935
53,170,early,0.26695928,0.44750640,0.26695928,0.44750640
53,173,early,0.16354692,0.39019391,0.16354692,0.39019391
53,177,early,0.13107529,0.29016393,0.13107529,0.29016393
53,180,early,0.18660957,0.18897176,0.18660957,0.18897176
53,183,early,0.24195933,0.11339298,0.24195933,0.11339298
53,186,early,0.29008552,0.06517105,0.29008552,0.06517105
53,189,early,0.30148864,0.09593026,0.30148864,0.09593026
53,193,early,0.38425276,0.09953628,0.38425276,0.09953628
53,196,early,0.27895826,0.13407059,0.27895826,0.13407059
53,199,early,0.27750161,0.07193099,0.27750161,0.07193099
53,202,early,0.29804966,0.09596723,0.29804966,0.09596723
53,205,early,0.34113580,0.06745831,0.34113580,0.06745831
53,209,early,0.37957120,-0.02540133,0.37957120,-0.02540133
53,212,early,0.43166810,-0.04943395,0.43166810,-0.04943395
53,215,early,0.40769765,-0.05602596,0.40769765,-0.05602596
53,218,early,0.39079446,-0.05473514,0.39079446,-0.05473514
53,221,early,0.35710052,0.01764860,0.35710052,0.01764860
53,225,early,0.34338114,0.00286791,0.34338114,0.00286791
53,228,early,0.35602450,0.03430786,0.35602450,0.03430786
53,231,early,0.34415907,0.04692187,0.34415907,0.04692187
53,234,early,0.34235531,0.01632662,0.34235531,0.01632662
53,237,early,0.30794290,0.07519653,0.30794290,0.07519653
53,241,early,0.24666853,0.06935320,0.24666853,0.06935320
53,244,early,0.24787998,0.09285273,0.24787998,0.09285273
53,247,early,0.17180851,0.04126017,0.17180851,0.04126017
53,250,late,0.28016904,0.06226851,0.28016904,0.06226851
53,253,late,0.27105993,0.06509674,0.27105993,0.06509674
53,257,late,0.21380711,0.17693904,0.21380711,0.17693904
53,260,late,0.19225575,0.20201798,0.19225575,0.20201798
53,263,late,0.18312785,0.28618458,0.18312785,0.28618458
53,266,late,0.17322907,0.20133482,0.17322907,0.20133482
53,269,late,0.09833871,0.13416860,0.09833871,0.13416860
53,273,late,0.06194142,0.24815424,0.06194142,0.24815424
53,276,late,0.04648529,0.20416112,0.04648529,0.20416112
53,279,late,0.06295106,0.09560797,0.06295106,0.09560797
53,282,late,0.18767080,0.04189001,0.18767080,0.04189001
53,285,late,0.21884485,0.01854163,0.21884485,0.01854163
53,289,late,0.26352698,0.05941108,0.26352698,0.05941108
53,292,late,0.27493256,0.12263861,0.27493256,0.12263861
53,295,late,0.28249255,0.17535755,0.28249255,0.17535755
53,298,late,0.35106200,0.20913419,0.35106200,0.20913419
53,301,late,0.31531969,0.22191224,0.31531969,0.22191224
53,305,late,0.31074288,0.21561910,0.31074288,0.21561910
53,308,late,0.29484838,0.19905096,0.29484838,0.19905096
53,311,late,0.28911009,0.17824475,0.28911009,0.17824475
53,314,late,0.37774116,0.18494165,0.37774116,0.18494165
53,317,late,0.41315743,0.14404696,0.41315743,0.14404696
53,321,late,0.43268374,0.25395858,0.43268374,0.25395858
53,324,late,0.47917306,0.17649467,0.47917306,0.17649467
53,327,late,0.59497380,0.22578751,0.59497380,0.22578751
53,330,late,0.54295027,0.15680954,0.54295027,0.15680954
53,333,late,0.45333406,0.13459587,0.45333406,0.13459587
53,337,late,0.40106753,0.06305806,0.40106753,0.06305806
53,340,late,0.33289558,0.19156465,0.33289558,0.19156465
53,343,late,0.27685714,0.16673224,0.27685714,0.16673224
53,346,late,0.38529664,0.21021235,0.38529664,0.21021235
53,349,late,0.28741044,0.27829462,0.28741044,0.27829462
53,353,late,0.25367096,0.33777115,0.25367096,0.33777115
53,356,late,0.25138494,0.38303933,0.25138494,0.38303933
53,359,late,0.13845989,0.34645444,0.13845989,0.34645444
53,362,late,0.05737009,0.37583235,0.05737009,0.37583235
53,365,late,0.06008924,0.32686028,0.06008924,0.32686028
53,369,late,0.00929102,0.38226467,0.00929102,0.38226467
53,372,late,0.02592453,0.26981229,0.02592453,0.26981229
53,375,late,-0.04099614,0.27120274,-0.04099614,0.27120274
53,378,late,-0.03180895,0.24061310,-0.03180895,0.24061310
53,381,late,-0.01701901,0.16746536,-0.01701901,0.16746536
53,385,late,-0.01859136,0.14980683,-0.01859136,0.14980683
53,388,late,0.03383824,0.15700707,0.03383824,0.15700707
53,391,late,0.06080417,0.11863869,0.06080417,0.11863869
53,394,late,0.11968682,0.22515157,0.11968682,0.22515157
53,397,late,0.20124635,0.19353406,0.20124635,0.19353406
53,401,late,0.21218957,0.19443513,0.21218957,0.19443513
53,404,late,0.29062137,0.14454131,0.29062137,0.14454131
53,407,late,0.22230236,0.23671159,0.22230236,0.23671159
53,410,late,0.18296979,0.22158207,0.18296979,0.22158207
53,413,late,0.14352439,0.25652599,0.14352439,0.25652599
53,417,late,0.21884404,0.28177714,0.21884404,0.28177714
53,420,late,0.23660921,0.11926139,0.23660921,0.11926139
53,423,late,0.24197158,0.15475824,0.24197158,0.15475824
53,426,late,0.20351942,0.13239296,0.20351942,0.13239296
53,429,late,0.12254276,0.19784848,0.12254276,0.19784848
53,433,late,0.14173047,0.18274321,0.14173047,0.18274321
53,436,late,0.13973296,0.25184247,0.13973296,0.25184247
53,439,late,0.08531555,0.27292383,0.08531555,0.27292383
53,442,late,-0.04355794,0.24834044,-0.04355794,0.24834044
53,445,late,-0.07811871,0.24722394,-0.07811871,0.24722394
53,449,late,-0.12553842,0.21369085,-0.12553842,0.21369085
53,452,late,-0.03682328,0.21715908,-0.03682328,0.21715908
53,455,late,-0.06224076,0.23748957,-0.06224076,0.23748957
53,458,late,-0.00467754,0.28019843,-0.00467754,0.28019843
53,461,late,-0.01882237,0.34641916,-0.01882237,0.34641916
53,465,late,0.07599027,0.35911894,0.07599027,0.35911894
53,468,late,-0.00048836,0.33470839,-0.00048836,0.33470839
53,471,late,-0.00359792,0.30003196,-0.00359792,0.30003196
53,474,late,-0.06933609,0.25069624,-0.06933609,0.25069624
53,477,late,-0.06217087,0.26790544,-0.06217087,0.26790544
53,481,late,-0.02247609,0.38744494,-0.02247609,0.38744494
53,484,late,-0.00266048,0.33233532,-0.00266048,0.33233532
53,487,late,-0.07831047,0.23187177,-0.07831047,0.23187177
53,490,late,-0.04897493,0.24257053,-0.04897493,0.24257053
53,493,late,-0.09637690,0.31263483,-0.09637690,0.31263483
53,497,late,-0.22095978,0.29260585,-0.22095978,0.29260585
54,0,early,-0.36643261,0.38663870,-0.36643261,0.38663870
54,3,early,-0.42628267,0.41407275,-0.42628267,0.41407275
54,6,early,-0.46615803,0.42173684,-0.46615803,0.42173684
54,9,early,-0.47827244,0.49316949,-0.47827244,0.49316949
54,13,early,-0.46723124,0.48272529,-0.46723124,0.48272529
54,16,early,-0.54114133,0.55213797,-0.54114133,0.55213797
54,19,early,-0.58040273,0.50926775,-0.58040273,0.50926775
54,22,early,-0.62470710,0.53408033,-0.62470710,0.53408033
54,25,early,-0.53490663,0.51510042,-0.53490663,0.51510042
54,29,early,-0.52053171,0.44424683,-0.52053171,0.44424683
54,32,early,-0.59714478,0.42361856,-0.59714478,0.42361856
54,35,early,-0.58822811,0.34739050,-0.58822811,0.34739050
54,38,early,-0.45708349,0.26339087,-0.45708349,0.26339087
54,41,early,-0.46239558,0.19467117,-0.46239558,0.19467117
54,45,early,-0.30233273,0.21981174,-0.30233273,0.21981174
54,48,early,-0.32149628,0.13908695,-0.32149628,0.13908695
54,51,early,-0.34153610,0.05916266,-0.34153610,0.05916266
54,54,early,-0.35902315,-0.01905280,-0.35902315,-0.01905280
54,57,early,-0.28832257,-0.08565225,-0.28832257,-0.08565225
54,61,early,-0.35020062,-0.07221192,-0.35020062,-0.07221192
54,64,early,-0.32925719,-0.09968065,-0.32925719,-0.09968065
54,67,early,-0.32168695,0.00229838,-0.32168695,0.00229838
54,70,early,-0.34303108,-0.06058018,-0.34303108,-0.06058018
54,73,early,-0.43946344,-0.13519052,-0.43946344,-0.13519052
54,77,early,-0.43049192,-0.11539532,-0.43049192,-0.11539532
54,80,early,-0.47726509,-0.10572626,-0.47726509,-0.10572626
54,83,early,-0.52537292,-0.16018420,-0.52537292,-0.16018420
54,86,early,-0.47967297,-0.12140016,-0.47967297,-0.12140016
54,89,early,-0.49915916,-0.07604005,-0.49915916,-0.07604005
54,93,early,-0.54427803,-0.18958396,-0.54427803,-0.18958396
54,96,early,-0.47482401,-0.25560153,-0.47482401,-0.25560153
54,99,early,-0.49052769,-0.21860030,-0.49052769,-0.21860030
54,102,early,-0.47995040,-0.18012644,-0.47995040,-0.18012644
54,105,early,-0.50658888,-0.18410116,-0.50658888,-0.18410116
54,109,early,-0.43355393,-0.22792028,-0.43355393,-0.22792028
54,112,early,-0.44871697,-0.25635263,-0.44871697,-0.25635263
54,115,early,-0.49445188,-0.30271178,-0.49445188,-0.30271178
54,118,early,-0.40614572,-0.31459171,-0.40614572,-0.31459171
54,121,early,-0.41533160,-0.23628323,-0.41533160,-0.23628323
54,125,early,-0.42304844,-0.20957035,-0.42304844,-0.20957035
54,128,early,-0.34998906,-0.20452760,-0.34998906,-0.20452760
54,131,early,-0.44021925,-0.21820761,-0.44021925,-0.21820761
54,134,early,-0.51034546,-0.22117303,-0.51034546,-0.22117303
54,137,early,-0.51807535,-0.17048137,-0.51807535,-0.17048137
54,141,early,-0.56741536,-0.26071918,-0.56741536,-0.26071918
54,144,early,-0.56982315,-0.26338631,-0.56982315,-0.26338631
54,147,early,-0.56884050,-0.32213038,-0.56884050,-0.32213038
54,150,early,-0.54023975,-0.35867867,-0.54023975,-0.35867867
54,153,early,-0.52032876,-0.36284059,-0.52032876,-0.36284059
54,157,early,-0.45074823,-0.35430685,-0.45074823,-0.35430685
54,160,early,-0.38454887,-0.35967240,-0.38454887,-0.35967240
54,163,early,-0.45032755,-0.26647460,-0.45032755,-0.26647460
54,166,early,-0.41704580,-0.27612826,-0.41704580,-0.27612826
54,169,early,-0.40625069,-0.25422299,-0.40625069,-0.25422299
54,173,early,-0.44618285,-0.26357654,-0.44618285,-0.26357654
54,176,early,-0.51185119,-0.29352376,-0.51185119,-0.29352376
54,179,early,-0.51436704,-0.20271353,-0.51436704,-0.20271353
54,182,early,-0.53994507,-0.14968592,-0.53994507,-0.14968592
54,185,early,-0.55567819,-0.10288004,-0.55567819,-0.10288004
54,189,early,-0.60400933,-0.12246173,-0.60400933,-0.12246173
54,192,early,-0.52968413,-0.07148052,-0.52968413,-0.07148052
54,195,early,-0.49623939,0.00399492,-0.49623939,0.00399492
54,198,early,-0.43901509,0.02135023,-0.43901509,0.02135023
54,201,early,-0.43687662,0.03000677,-0.43687662,0.03000677
54,205,early,-0.35443023,-0.10489006,-0.35443023,-0.10489006
54,208,early,-0.33439630,-0.11038490,-0.33439630,-0.11038490
54,211,early,-0.35072979,-0.06745558,-0.35072979,-0.06745558
54,214,early,-0.37106156,-0.01664690,-0.37106156,-0.01664690
54,217,early,-0.39112711,0.06881604,-0.39112711,0.06881604
54,221,early,-0.33981699,0.08835466,-0.33981699,0.08835466
54,224,early,-0.39078674,0.09256658,-0.39078674,0.09256658
54,227,early,-0.54206759,0.08411907,-0.54206759,0.08411907
54,230,early,-0.56276041,0.02088165,-0.56276041,0.02088165
54,233,early,-0.51411885,-0.00024370,-0.51411885,-0.00024370
54,237,early,-0.59428555,-0.10048124,-0.59428555,-0.10048124
54,240,early,-0.58196884,-0.10226180,-0.58196884,-0.10226180
54,243,early,-0.67205048,-0.07443528,-0.67205048,-0.07443528
54,246,early,-0.57628411,-0.04113561,-0.57628411,-0.04113561
54,249,early,-0.59653103,-0.04341699,-0.59653103,-0.04341699
54,253,late,-0.48962110,-0.11996073,-0.48962110,-0.11996073
54,256,late,-0.53530532,-0.13304006,-0.53530532,-0.13304006
54,259,late,-0.44495606,-0.10149674,-0.44495606,-0.10149674
54,262,late,-0.41738307,-0.01628325,-0.41738307,-0.01628325
54,265,late,-0.42478159,-0.01732543,-0.42478159,-0.01732543
54,269,late,-0.40943143,0.04935068,-0.40943143,0.04935068
54,272,late,-0.47458485,0.11686922,-0.47458485,0.11686922
54,275,late,-0.37448958,0.15987471,-0.37448958,0.15987471
54,278,late,-0.32652804,0.16798124,-0.32652804,0.16798124
54,281,late,-0.29597527,0.23022202,-0.29597527,0.23022202
54,285,late,-0.30243245,0.27770019,-0.30243245,0.27770019
54,288,late,-0.31122363,0.28809413,-0.31122363,0.28809413
54,291,late,-0.17741218,0.22939788,-0.17741218,0.22939788
54,294,late,-0.17029090,0.29022387,-0.17029090,0.29022387
54,297,late,-0.22756639,0.26757085,-0.22756639,0.26757085
54,301,late,-0.28965369,0.14356571,-0.28965369,0.14356571
54,304,late,-0.35637608,0.19202088,-0.35637608,0.19202088
54,307,late,-0.30390924,0.16560909,-0.30390924,0.16560909
54,310,late,-0.24989536,0.20327686,-0.24989536,0.20327686
54,313,late,-0.14603122,0.25257879,-0.14603122,0.25257879
54,317,late,-0.16159199,0.41248319,-0.16159199,0.41248319
54,320,late,-0.21237212,0.39989716,-0.21237212,0.39989716
54,323,late,-0.16546343,0.39790916,-0.16546343,0.39790916
54,326,late,-0.23492464,0.43970469,-0.23492464,0.43970469
54,329,late,-0.20586866,0.44427299,-0.20586866,0.44427299
54,333,late,-0.24490398,0.47666109,-0.24490398,0.47666109
54,336,late,-0.17970090,0.48703414,-0.17970090,0.48703414
54,339,late,-0.20073941,0.43688077,-0.20073941,0.43688077
54,342,late,-0.20576055,0.42010114,-0.20576055,0.42010114
54,345,late,-0.29552764,0.44472435,-0.29552764,0.44472435
54,349,late,-0.21959753,0.44780689,-0.21959753,0.44780689
54,352,late,-0.21538243,0.54204232,-0.21538243,0.54204232
54,355,late,-0.14334209,0.52280194,-0.14334209,0.52280194
54,358,late,-0.18521827,0.55206728,-0.18521827,0.55206728
54,361,late,-0.16468553,0.56405467,-0.16468553,0.56405467
54,365,late,-0.18729581,0.50179344,-0.18729581,0.50179344
54,368,late,-0.11133957,0.45758346,-0.11133957,0.45758346
54,371,late,-0.10774332,0.40386420,-0.10774332,0.40386420
54,374,late,-0.10042532,0.44430768,-0.10042532,0.44430768
54,377,late,-0.14055496,0.41314194,-0.14055496,0.41314194
54,381,late,-0.07367225,0.39675531,-0.07367225,0.39675531
54,384,late,-0.04852526,0.38984567,-0.04852526,0.38984567
54,387,late,0.00843964,0.42511761,0.00843964,0.42511761
54,390,late,-0.01730817,0.39545920,-0.01730817,0.39545920
54,393,late,-0.08918229,0.37836298,-0.08918229,0.37836298
54,397,late,-0.11027360,0.38201281,-0.11027360,0.38201281
54,400,late,-0.08783871,0.38383815,-0.08783871,0.38383815
54,403,late,-0.05551810,0.37632918,-0.05551810,0.37632918
54,406,late,-0.24029350,0.44006708,-0.24029350,0.44006708
54,409,late,-0.28026253,0.37076315,-0.28026253,0.37076315
54,413,late,-0.26029128,0.42180920,-0.26029128,0.42180920
54,416,late,-0.21593378,0.41334423,-0.21593378,0.41334423
54,419,late,-0.20244674,0.42446417,-0.20244674,0.42446417
54,422,late,-0.15388991,0.48016682,-0.15388991,0.48016682
54,425,late,-0.17957745,0.45973745,-0.17957745,0.45973745
54,429,late,-0.25112700,0.49436179,-0.25112700,0.49436179
54,432,late,-0.33084586,0.52233839,-0.33084586,0.52233839
54,435,late,-0.35278836,0.47391444,-0.35278836,0.47391444
54,438,late,-0.39486745,0.52076656,-0.39486745,0.52076656
54,441,late,-0.32046995,0.46227852,-0.32046995,0.46227852
54,445,late,-0.21946341,0.47322765,-0.21946341,0.47322765
54,448,late,-0.17642185,0.38794857,-0.17642185,0.38794857
54,451,late,-0.21578538,0.42814213,-0.21578538,0.42814213
54,454,late,-0.19430433,0.39480788,-0.19430433,0.39480788
54,457,late,-0.18533188,0.37505904,-0.18533188,0.37505904
54,461,late,-0.23807397,0.41185036,-0.23807397,0.41185036
54,464,late,-0.23634861,0.42649859,-0.23634861,0.42649859
54,467,late,-0.23728661,0.43293685,-0.23728661,0.43293685
54,470,late,-0.23996188,0.40855297,-0.23996188,0.40855297
54,473,late,-0.33379656,0.44997030,-0.33379656,0.44997030
54,477,late,-0.37611896,0.46168497,-0.37611896,0.46168497
54,480,late,-0.45412019,0.36969537,-0.45412019,0.36969537
54,483,late,-0.43894824,0.39308804,-0.43894824,0.39308804
54,486,late,-0.41430086,0.47298384,-0.41430086,0.47298384
54,489,late,-0.36297220,0.46325743,-0.36297220,0.46325743
54,493,late,-0.28216073,0.41845959,-0.28216073,0.41845959
54,496,late,-0.28679731,0.41048717,-0.28679731,0.41048717
54,499,late,-0.29598737,0.40345851,-0.29598737,0.40345851
55,2,early,0.50482011,0.93151975,0.50482011,0.93151975
55,5,early,0.57348615,0.89502013,0.57348615,0.89502013
55,9,early,0.50675517,0.92698264,0.50675517,0.92698264
55,12,early,0.57452172,0.96468687,0.57452172,0.96468687
55,15,early,0.51966673,0.96141696,0.51966673,0.96141696
55,18,early,0.57262778,0.94273275,0.57262778,0.94273275
55,21,early,0.54287487,0.95839381,0.54287487,0.95839381
55,25,early,0.49875584,0.93569255,0.49875584,0.93569255
55,28,early,0.53487265,0.94303542,0.53487265,0.94303542
55,31,early,0.56272471,0.92386913,0.56272471,0.92386913
55,34,early,0.53693104,0.92893952,0.53693104,0.92893952
55,37,early,0.47056821,0.88645470,0.47056821,0.88645470
55,41,early,0.39800406,0.83350408,0.39800406,0.83350408
55,44,early,0.46534657,0.84473276,0.46534657,0.84473276
55,47,early,0.47606981,0.85193342,0.47606981,0.85193342
55,50,early,0.49868342,0.87583506,0.49868342,0.87583506
55,53,early,0.46110162,0.93790710,0.46110162,0.93790710
55,57,early,0.52369046,0.94641840,0.52369046,0.94641840
55,60,early,0.51704586,0.95187050,0.51704586,0.95187050
55,63,early,0.50505888,1.00432003,0.50505888,1.00432003
55,66,early,0.56124699,0.93917662,0.56124699,0.93917662
55,69,early,0.58320713,0.91170931,0.58320713,0.91170931
55,73,early,0.59558773,0.90503341,0.59558773,0.90503341
55,76,early,0.49978164,0.90535241,0.49978164,0.90535241
55,79,early,0.48658094,0.89676845,0.48658094,0.89676845
55,82,early,0.49999583,0.90682364,0.49999583,0.90682364
55,85,early,0.48791936,0.85257947,0.48791936,0.85257947
55,89,early,0.50773627,0.86891365,0.50773627,0.86891365
55,92,early,0.50559109,0.94846755,0.50559109,0.94846755
55,95,early,0.54853272,0.95948094,0.54853272,0.95948094
55,98,early,0.54870397,1.00487638,0.54870397,1.00487638
55,101,early,0.56199867,0.93908924,0.56199867,0.93908924
55,105,early,0.55897570,1.03958642,0.55897570,1.03958642
55,108,early,0.54709411,1.06451809,0.54709411,1.06451809
55,111,early,0.52815330,1.04154634,0.52815330,1.04154634
55,114,early,0.61308897,1.14712858,0.61308897,1.14712858
55,117,early,0.58831704,1.04644597,0.58831704,1.04644597
55,121,early,0.67888683,1.02622294,0.67888683,1.02622294
55,124,early,0.60752934,1.01832747,0.60752934,1.01832747
55,127,early,0.54895449,0.93746352,0.54895449,0.93746352
55,130,early,0.49499443,0.89419943,0.49499443,0.89419943
55,133,early,0.51171744,0.80837989,0.51171744,0.80837989
55,137,early,0.44543478,0.80971527,0.44543478,0.80971527
55,140,early,0.52860397,0.84583437,0.52860397,0.84583437
55,143,early,0.51865739,0.78211313,0.51865739,0.78211313
55,146,early,0.48526964,0.81126523,0.48526964,0.81126523
55,149,early,0.42960444,0.77031702,0.42960444,0.77031702
55,153,early,0.39261088,0.78925300,0.39261088,0.78925300
55,156,early,0.40483329,0.68670702,0.40483329,0.68670702
55,159,early,0.47045344,0.68791616,0.47045344,0.68791616
55,162,early,0.50984490,0.73119092,0.50984490,0.73119092
55,165,early,0.54029697,0.83229202,0.54029697,0.83229202
55,169,early,0.49777415,0.90748930,0.49777415,0.90748930
55,172,early,0.49196732,0.92468035,0.49196732,0.92468035
55,175,early,0.52836400,0.94000804,0.52836400,0.94000804
55,178,early,0.54001814,0.92395347,0.54001814,0.92395347
55,181,early,0.43896446,0.85319984,0.43896446,0.85319984
55,185,early,0.45334584,0.95211434,0.45334584,0.95211434
55,188,early,0.34914982,0.81257230,0.34914982,0.81257230
55,191,early,0.32388157,0.83053011,0.32388157,0.83053011
55,194,early,0.47290167,0.75903934,0.47290167,0.75903934
55,197,early,0.47406831,0.75575686,0.47406831,0.75575686
55,201,early,0.42587206,0.67483038,0.42587206,0.67483038
55,204,early,0.33256462,0.62377250,0.33256462,0.62377250
55,207,early,0.31690225,0.51219201,0.31690225,0.51219201
55,210,early,0.28442711,0.54685926,0.28442711,0.54685926
55,213,early,0.32345346,0.51182181,0.32345346,0.51182181
55,217,early,0.45974311,0.55740839,0.45974311,0.55740839
55,220,early,0.46086979,0.54301512,0.46086979,0.54301512
55,223,early,0.43576008,0.60340619,0.43576008,0.60340619
55,226,early,0.47359470,0.58854610,0.47359470,0.58854610
55,229,early,0.48870164,0.57876384,0.48870164,0.57876384
55,233,early,0.47954267,0.64664084,0.47954267,0.64664084
55,236,early,0.41578943,0.63808000,0.41578943,0.63808000
55,239,early,0.32171303,0.62773347,0.32171303,0.62773347
55,242,early,0.29438573,0.47851437,0.29438573,0.47851437
55,245,early,0.31597835,0.51888466,0.31597835,0.51888466
55,249,early,0.33604646,0.59643090,0.33604646,0.59643090
55,252,late,0.33419180,0.49116918,0.33419180,0.49116918
55,255,late,0.36945152,0.50870836,0.36945152,0.50870836
55,258,late,0.32954061,0.51693898,0.32954061,0.51693898
55,261,late,0.37409618,0.53292495,0.37409618,0.53292495
55,265,late,0.40443474,0.58373266,0.40443474,0.58373266
55,268,late,0.41163203,0.51700169,0.41163203,0.51700169
55,271,late,0.30514491,0.47484145,0.30514491,0.47484145
55,274,late,0.38572976,0.53935206,0.38572976,0.53935206
55,277,late,0.35548285,0.46840939,0.35548285,0.46840939
55,281,late,0.47483760,0.46659571,0.47483760,0.46659571
55,284,late,0.42657486,0.47219002,0.42657486,0.47219002
55,287,late,0.47881466,0.38667125,0.47881466,0.38667125
55,290,late,0.42997798,0.49304754,0.42997798,0.49304754
55,293,late,0.39263478,0.45988637,0.39263478,0.45988637
55,297,late,0.38958564,0.35732087,0.38958564,0.35732087
55,300,late,0.36438861,0.39472657,0.36438861,0.39472657
55,303,late,0.33280122,0.32628387,0.33280122,0.32628387
55,306,late,0.27538955,0.32330474,0.27538955,0.32330474
55,309,late,0.18137780,0.32862288,0.18137780,0.32862288
55,313,late,0.10962465,0.36236927,0.10962465,0.36236927
55,316,late,0.05213751,0.18746808,0.05213751,0.18746808
55,319,late,0.02011882,0.25044307,0.02011882,0.25044307
55,322,late,-0.07273407,0.19536202,-0.07273407,0.19536202
55,325,late,-0.19239514,0.13258475,-0.19239514,0.13258475
55,329,late,-0.11736090,0.19582710,-0.11736090,0.19582710
55,332,late,-0.11857397,0.19808826,-0.11857397,0.19808826
55,335,late,-0.07179727,0.24475831,-0.07179727,0.24475831
55,338,late,-0.08264464,0.17560039,-0.08264464,0.17560039
55,341,late,-0.11387940,0.19759853,-0.11387940,0.19759853
55,345,late,-0.18500653,0.20044963,-0.18500653,0.20044963
55,348,late,-0.27211642,0.25087279,-0.27211642,0.25087279
55,351,late,-0.28952295,0.22908770,-0.28952295,0.22908770
55,354,late,-0.31302279,0.29658964,-0.31302279,0.29658964
55,357,late,-0.33917034,0.30264229,-0.33917034,0.30264229
55,361,late,-0.33933413,0.41989121,-0.33933413,0.41989121
55,364,late,-0.38073435,0.38661882,-0.38073435,0.38661882
55,367,late,-0.47131091,0.27528211,-0.47131091,0.27528211
55,370,late,-0.50232142,0.37328461,-0.50232142,0.37328461
55,373,late,-0.54080516,0.43154359,-0.54080516,0.43154359
55,377,late,-0.48964536,0.43436688,-0.48964536,0.43436688
55,380,late,-0.59437495,0.48679861,-0.59437495,0.48679861
55,383,late,-0.63522339,0.55754167,-0.63522339,0.55754167
55,386,late,-0.69166458,0.46715429,-0.69166458,0.46715429
55,389,late,-0.70827645,0.42701191,-0.70827645,0.42701191
55,393,late,-0.75526869,0.38097730,-0.75526869,0.38097730
55,396,late,-0.76326901,0.39213645,-0.76326901,0.39213645
55,399,late,-0.78031290,0.26128593,-0.78031290,0.26128593
55,402,late,-0.81067020,0.25555411,-0.81067020,0.25555411
55,405,late,-0.85105383,0.31546956,-0.85105383,0.31546956
55,409,late,-0.77135974,0.30263364,-0.77135974,0.30263364
55,412,late,-0.73199069,0.24748716,-0.73199069,0.24748716
55,415,late,-0.66375929,0.24387063,-0.66375929,0.24387063
55,418,late,-0.68867707,0.15565790,-0.68867707,0.15565790
55,421,late,-0.65821368,0.17524876,-0.65821368,0.17524876
55,425,late,-0.68534112,0.11270559,-0.68534112,0.11270559
55,428,late,-0.66308677,0.11889131,-0.66308677,0.11889131
55,431,late,-0.63654923,0.06758747,-0.63654923,0.06758747
55,434,late,-0.61164457,0.04913191,-0.61164457,0.04913191
55,437,late,-0.62384397,-0.03441053,-0.62384397,-0.03441053
55,441,late,-0.63102001,-0.01467951,-0.63102001,-0.01467951
55,444,late,-0.66410881,0.04498635,-0.66410881,0.04498635
55,447,late,-0.64654857,0.04570310,-0.64654857,0.04570310
55,450,late,-0.59473461,0.04133007,-0.59473461,0.04133007
55,453,late,-0.61188716,0.03151299,-0.61188716,0.03151299
55,457,late,-0.56073195,0.06930356,-0.56073195,0.06930356
55,460,late,-0.50288153,0.18073273,-0.50288153,0.18073273
55,463,late,-0.46497113,0.17973770,-0.46497113,0.17973770
55,466,late,-0.42668641,0.10513437,-0.42668641,0.10513437
55,469,late,-0.44661385,0.13212965,-0.44661385,0.13212965
55,473,late,-0.43719196,-0.02258763,-0.43719196,-0.02258763
55,476,late,-0.34252685,0.01462128,-0.34252685,0.01462128
55,479,late,-0.38933831,0.00409795,-0.38933831,0.00409795
55,482,late,-0.40415028,-0.06948649,-0.40415028,-0.06948649
55,485,late,-0.42877629,-0.01639267,-0.42877629,-0.01639267
55,489,late,-0.44836247,-0.04229186,-0.44836247,-0.04229186
55,492,late,-0.44437256,-0.06138077,-0.44437256,-0.06138077
55,495,late,-0.38169146,-0.04471741,-0.38169146,-0.04471741
55,498,late,-0.38145971,-0.06190034,-0.38145971,-0.06190034
56,1,early,-0.63790941,0.29607251,-0.63790941,0.29607251
56,5,early,-0.66444123,0.24658556,-0.66444123,0.24658556
56,8,early,-0.67461276,0.19992080,-0.67461276,0.19992080
56,11,early,-0.58504426,0.16010880,-0.58504426,0.16010880
56,14,early,-0.59645593,0.08494944,-0.59645593,0.08494944
56,17,early,-0.69664973,0.17819080,-0.69664973,0.17819080
56,21,early,-0.59117067,0.14289068,-0.59117067,0.14289068
56,24,early,-0.58222419,0.14493859,-0.58222419,0.14493859
56,27,early,-0.54066646,0.09244833,-0.54066646,0.09244833
56,30,early,-0.51923704,0.04278291,-0.51923704,0.04278291
56,33,early,-0.44685933,0.02334885,-0.44685933,0.02334885
56,37,early,-0.43754134,0.03905964,-0.43754134,0.03905964
56,40,early,-0.32580972,0.01212918,-0.32580972,0.01212918
56,43,early,-0.30658132,0.03153189,-0.30658132,0.03153189
56,46,early,-0.31448114,-0.01603321,-0.31448114,-0.01603321
56,49,early,-0.32420301,0.02156781,-0.32420301,0.02156781
56,53,early,-0.25335839,0.06207244,-0.25335839,0.06207244
56,56,early,-0.27542734,-0.04558938,-0.27542734,-0.04558938
56,59,early,-0.30172998,0.00503726,-0.30172998,0.00503726
56,62,early,-0.33297378,-0.08484007,-0.33297378,-0.08484007
56,65,early,-0.33720362,-0.01516837,-0.33720362,-0.01516837
56,69,early,-0.31395045,-0.02770976,-0.31395045,-0.02770976
56,72,early,-0.33956784,0.00324445,-0.33956784,0.00324445
56,75,early,-0.32836407,0.01105877,-0.32836407,0.01105877
56,78,early,-0.36832312,-0.04528710,-0.36832312,-0.04528710
56,81,early,-0.34079733,-0.02140941,-0.34079733,-0.02140941
56,85,early,-0.36052874,-0.01299560,-0.36052874,-0.01299560
56,88,early,-0.34385529,-0.13160868,-0.34385529,-0.13160868
56,91,early,-0.29007354,-0.03554798,-0.29007354,-0.03554798
56,94,early,-0.31722617,0.00289676,-0.31722617,0.00289676
56,97,early,-0.26551273,-0.02012600,-0.26551273,-0.02012600
56,101,early,-0.39011925,0.06571094,-0.39011925,0.06571094
56,104,early,-0.41788161,0.11123026,-0.41788161,0.11123026
56,107,early,-0.41776133,0.01507969,-0.41776133,0.01507969
56,110,early,-0.45156702,-0.00434857,-0.45156702,-0.00434857
56,113,early,-0.41680345,-0.01802873,-0.41680345,-0.01802873
56,117,early,-0.43864205,-0.01629896,-0.43864205,-0.01629896
56,120,early,-0.39193758,0.03878431,-0.39193758,0.03878431
56,123,early,-0.38026097,0.08639125,-0.38026097,0.08639125
56,126,early,-0.32184801,0.07827903,-0.32184801,0.07827903
56,129,early,-0.36729416,0.05996340,-0.36729416,0.05996340
56,133,early,-0.37391895,0.00536608,-0.37391895,0.00536608
56,136,early,-0.36590302,-0.04394230,-0.36590302,-0.04394230
56,139,early,-0.32981190,-0.04670629,-0.32981190,-0.04670629
56,142,early,-0.37156788,-0.05441204,-0.37156788,-0.05441204
56,145,early,-0.41163820,-0.02114972,-0.41163820,-0.02114972
56,149,early,-0.42574990,-0.00988678,-0.42574990,-0.00988678
56,152,early,-0.49049535,0.02854876,-0.49049535,0.02854876
56,155,early,-0.47591588,0.11242613,-0.47591588,0.11242613
56,158,early,-0.47457823,0.16207781,-0.47457823,0.16207781
56,161,early,-0.53931224,0.15232526,-0.53931224,0.15232526
56,165,early,-0.55912685,0.12025173,-0.55912685,0.12025173
56,168,early,-0.57477480,0.10100657,-0.57477480,0.10100657
56,171,early,-0.48521262,0.13638063,-0.48521262,0.13638063
56,174,early,-0.49426800,0.14073335,-0.49426800,0.14073335
56,177,early,-0.54565245,0.23470023,-0.54565245,0.23470023
56,181,early,-0.53803629,0.16879530,-0.53803629,0.16879530
56,184,early,-0.52131045,0.20949063,-0.52131045,0.20949063
56,187,early,-0.52163851,0.20146334,-0.52163851,0.20146334
56,190,early,-0.56266111,0.17696488,-0.56266111,0.17696488
56,193,early,-0.56962049,0.21295206,-0.56962049,0.21295206
56,197,early,-0.47516632,0.25506207,-0.47516632,0.25506207
56,200,early,-0.46404657,0.22461779,-0.46404657,0.22461779
56,203,early,-0.45707428,0.25657132,-0.45707428,0.25657132
56,206,early,-0.45951018,0.22945288,-0.45951018,0.22945288
56,209,early,-0.46884668,0.17624532,-0.46884668,0.17624532
56,213,early,-0.33874619,0.12927732,-0.33874619,0.12927732
56,216,early,-0.45479423,0.13704140,-0.45479423,0.13704140
56,219,early,-0.40661222,0.14078236,-0.40661222,0.14078236
56,222,early,-0.37066379,0.07936787,-0.37066379,0.07936787
56,225,early,-0.43806767,0.11220714,-0.43806767,0.11220714
56,229,early,-0.43704388,0.07849324,-0.43704388,0.07849324
56,232,early,-0.48790517,0.04940650,-0.48790517,0.04940650
56,235,early,-0.48635778,0.05766818,-0.48635778,0.05766818
56,238,early,-0.48853704,0.05592749,-0.48853704,0.05592749
56,241,early,-0.58780599,0.05157970,-0.58780599,0.05157970
56,245,early,-0.59865355,0.04893965,-0.59865355,0.04893965
56,248,early,-0.53475404,0.04441195,-0.53475404,0.04441195
56,251,late,-0.50047022,0.09771831,-0.50047022,0.09771831
56,254,late,-0.44451851,0.16139427,-0.44451851,0.16139427
56,257,late,-0.46159479,0.21172419,-0.46159479,0.21172419
56,261,late,-0.48700723,0.37071440,-0.48700723,0.37071440
56,264,late,-0.45194754,0.32554072,-0.45194754,0.32554072
56,267,late,-0.43008783,0.30298051,-0.43008783,0.30298051
56,270,late,-0.51902264,0.35270786,-0.51902264,0.35270786
56,273,late,-0.55297613,0.35403731,-0.55297613,0.35403731
56,277,late,-0.56577915,0.36355934,-0.56577915,0.36355934
56,280,late,-0.65411735,0.38528487,-0.65411735,0.38528487
56,283,late,-0.68215948,0.34481454,-0.68215948,0.34481454
56,286,late,-0.68620038,0.36713946,-0.68620038,0.36713946
56,289,late,-0.68157709,0.38160372,-0.68157709,0.38160372
56,293,late,-0.51475459,0.33642277,-0.51475459,0.33642277
56,296,late,-0.53130120,0.34086350,-0.53130120,0.34086350
56,299,late,-0.50114024,0.36044043,-0.50114024,0.36044043
56,302,late,-0.45673192,0.37102106,-0.45673192,0.37102106
56,305,late,-0.45404184,0.42330524,-0.45404184,0.42330524
56,309,late,-0.49501988,0.37735707,-0.49501988,0.37735707
56,312,late,-0.46618962,0.27417862,-0.46618962,0.27417862
56,315,late,-0.35463136,0.27722368,-0.35463136,0.27722368
56,318,late,-0.34419331,0.24195306,-0.34419331,0.24195306
56,321,late,-0.35220399,0.34251872,-0.35220399,0.34251872
56,325,late,-0.31166747,0.37990421,-0.31166747,0.37990421
56,328,late,-0.29497570,0.38837525,-0.29497570,0.38837525
56,331,late,-0.24700013,0.48984170,-0.24700013,0.48984170
56,334,late,-0.33170885,0.49720410,-0.33170885,0.49720410
56,337,late,-0.38123718,0.47801289,-0.38123718,0.47801289
56,341,late,-0.28987524,0.47197461,-0.28987524,0.47197461
56,344,late,-0.31499451,0.38169253,-0.31499451,0.38169253
56,347,late,-0.24115047,0.33838975,-0.24115047,0.33838975
56,350,late,-0.22527766,0.35909328,-0.22527766,0.35909328
56,353,late,-0.20857722,0.42399570,-0.20857722,0.42399570
56,357,late,-0.14164786,0.38292253,-0.14164786,0.38292253
56,360,late,-0.20111293,0.31070817,-0.20111293,0.31070817
56,363,late,-0.16561842,0.27906761,-0.16561842,0.27906761
56,366,late,-0.19617563,0.31172141,-0.19617563,0.31172141
56,369,late,-0.22796965,0.27399847,-0.22796965,0.27399847
56,373,late,-0.25749990,0.17053823,-0.25749990,0.17053823
56,376,late,-0.16579235,0.17863713,-0.16579235,0.17863713
56,379,late,-0.21067756,0.16969502,-0.21067756,0.16969502
56,382,late,-0.13973448,0.20500675,-0.13973448,0.20500675
56,385,late,-0.13847902,0.08098374,-0.13847902,0.08098374
56,389,late,-0.03973317,0.07282684,-0.03973317,0.07282684
56,392,late,-0.06957467,0.06672882,-0.06957467,0.06672882
56,395,late,-0.13573267,0.09597684,-0.13573267,0.09597684
56,398,late,-0.14594738,0.09150609,-0.14594738,0.09150609
56,401,late,-0.15542103,0.12107592,-0.15542103,0.12107592
56,405,late,-0.13219225,0.05475185,-0.13219225,0.05475185
56,408,late,-0.22861773,0.14431851,-0.22861773,0.14431851
56,411,late,-0.22378603,0.05332704,-0.22378603,0.05332704
56,414,late,-0.28539801,0.04429720,-0.28539801,0.04429720
56,417,late,-0.31342909,0.06869828,-0.31342909,0.06869828
56,421,late,-0.42487058,0.02183995,-0.42487058,0.02183995
56,424,late,-0.44164178,-0.03619567,-0.44164178,-0.03619567
56,427,late,-0.48929945,0.01387169,-0.48929945,0.01387169
56,430,late,-0.39601848,-0.06501748,-0.39601848,-0.06501748
56,433,late,-0.34971422,-0.05225343,-0.34971422,-0.05225343
56,437,late,-0.40049541,-0.12238541,-0.40049541,-0.12238541
56,440,late,-0.41432998,-0.12476977,-0.41432998,-0.12476977
56,443,late,-0.39999935,-0.12141728,-0.39999935,-0.12141728
56,446,late,-0.47590575,-0.03502259,-0.47590575,-0.03502259
56,449,late,-0.47058398,-0.02636811,-0.47058398,-0.02636811
56,453,late,-0.47171700,-0.00887096,-0.47171700,-0.00887096
56,456,late,-0.47060436,-0.00398544,-0.47060436,-0.00398544
56,459,late,-0.48281181,-0.06155125,-0.48281181,-0.06155125
56,462,late,-0.52034849,-0.06337639,-0.52034849,-0.06337639
56,465,late,-0.41441420,-0.11121916,-0.41441420,-0.11121916
56,469,late,-0.49322748,-0.05117727,-0.49322748,-0.05117727
56,472,late,-0.49652091,-0.14466219,-0.49652091,-0.14466219
56,475,late,-0.54983640,-0.11040758,-0.54983640,-0.11040758
56,478,late,-0.43415886,-0.07555721,-0.43415886,-0.07555721
56,481,late,-0.46094000,-0.03804836,-0.46094000,-0.03804836
56,485,late,-0.43364137,-0.06065401,-0.43364137,-0.06065401
56,488,late,-0.40873286,-0.02569803,-0.40873286,-0.02569803
56,491,late,-0.41713536,-0.09512773,-0.41713536,-0.09512773
56,494,late,-0.42866665,-0.14785686,-0.42866665,-0.14785686
56,497,late,-0.46999478,-0.14840108,-0.46999478,-0.14840108
57,1,early,0.43559667,0.56038487,0.43559667,0.56038487
57,4,early,0.41732594,0.55932331,0.41732594,0.55932331
57,7,early,0.39471579,0.53404427,0.39471579,0.53404427
57,10,early,0.47026342,0.48882106,0.47026342,0.48882106
57,13,early,0.30165148,0.44138050,0.30165148,0.44138050
57,17,early,0.24414726,0.34766623,0.24414726,0.34766623
57,20,early,0.24642950,0.44375482,0.24642950,0.44375482
57,23,early,0.33474851,0.33820593,0.33474851,0.33820593
57,26,early,0.37019971,0.39031607,0.37019971,0.39031607
57,29,early,0.38123101,0.50615680,0.38123101,0.50615680
57,33,early,0.33197305,0.66744632,0.33197305,0.66744632
57,36,early,0.38936645,0.75113630,0.38936645,0.75113630
57,39,early,0.51904404,0.87488425,0.51904404,0.87488425
57,42,early,0.52975482,0.89947373,0.52975482,0.89947373
57,45,early,0.54521257,0.89534360,0.54521257,0.89534360
57,49,early,0.50211495,0.94120193,0.50211495,0.94120193
57,52,early,0.56527460,0.93788177,0.56527460,0.93788177
57,55,early,0.55946970,0.94177622,0.55946970,0.94177622
57,58,early,0.51124585,0.93933648,0.51124585,0.93933648
57,61,early,0.49103871,0.95675039,0.49103871,0.95675039
57,65,early,0.56457949,1.01050949,0.56457949,1.01050949
57,68,early,0.58195561,1.10073566,0.58195561,1.10073566
57,71,early,0.59955442,1.12219584,0.59955442,1.12219584
57,74,early,0.67300522,1.09905446,0.67300522,1.09905446
57,77,early,0.63110721,1.11299813,0.63110721,1.11299813
57,81,early,0.61914265,1.16401565,0.61914265,1.16401565
57,84,early,0.66097671,1.13909221,0.66097671,1.13909221
57,87,early,0.66948748,1.15603042,0.66948748,1.15603042
57,90,early,0.66841561,1.13682711,0.66841561,1.13682711
57,93,early,0.62610757,1.09799302,0.62610757,1.09799302
57,97,early,0.69933158,1.13805628,0.69933158,1.13805628
57,100,early,0.65495181,1.10210752,0.65495181,1.10210752
57,103,early,0.65504581,1.08574402,0.65504581,1.08574402
57,106,early,0.60440022,1.12509286,0.60440022,1.12509286
57,109,early,0.59799773,1.11644268,0.59799773,1.11644268
57,113,early,0.61283630,1.08928847,0.61283630,1.08928847
57,116,early,0.68616825,1.13567197,0.68616825,1.13567197
57,119,early,0.65918201,1.23130167,0.65918201,1.23130167
57,122,early,0.62445945,1.20778954,0.62445945,1.20778954
57,125,early,0.70857602,1.11761796,0.70857602,1.11761796
57,129,early,0.66698015,1.10425138,0.66698015,1.10425138
57,132,early,0.69217491,1.03697753,0.69217491,1.03697753
57,135,early,0.65643770,0.97484219,0.65643770,0.97484219
57,138,early,0.61690325,0.98756224,0.61690325,0.98756224
57,141,early,0.55040056,0.96262360,0.55040056,0.96262360
57,145,early,0.45042354,0.94573462,0.45042354,0.94573462
57,148,early,0.44821140,0.95218122,0.44821140,0.95218122
57,151,early,0.42550644,0.93168586,0.42550644,0.93168586
57,154,early,0.45595273,0.92218387,0.45595273,0.92218387
57,157,early,0.46468890,0.84145933,0.46468890,0.84145933
57,161,early,0.50816345,0.81140327,0.50816345,0.81140327
57,164,early,0.56006086,0.83823740,0.56006086,0.83823740
57,167,early,0.53781980,0.89426887,0.53781980,0.89426887
57,170,early,0.47133839,0.86432600,0.47133839,0.86432600
57,173,early,0.60722685,0.87490004,0.60722685,0.87490004
57,177,early,0.57218838,0.94037217,0.57218838,0.94037217
57,180,early,0.51995134,0.97428942,0.51995134,0.97428942
57,183,early,0.54286867,0.96731371,0.54286867,0.96731371
57,186,early,0.53592402,0.91266602,0.53592402,0.91266602
57,189,early,0.53898019,0.93605554,0.53898019,0.93605554
57,193,early,0.52546531,0.93811536,0.52546531,0.93811536
57,196,early,0.46021014,0.88778615,0.46021014,0.88778615
57,199,early,0.50444120,0.90642625,0.50444120,0.90642625
57,202,early,0.52260023,0.89910388,0.52260023,0.89910388
57,205,early,0.51986718,0.87354994,0.51986718,0.87354994
57,209,early,0.48171002,0.95438135,0.48171002,0.95438135
57,212,early,0.49399981,0.92148942,0.49399981,0.92148942
57,215,early,0.48243326,0.95112234,0.48243326,0.95112234
57,218,early,0.48303637,0.88168371,0.48303637,0.88168371
57,221,early,0.53595483,0.84169841,0.53595483,0.84169841
57,225,early,0.49013227,0.90055346,0.49013227,0.90055346
57,228,early,0.50803709,0.94742703,0.50803709,0.94742703
57,231,early,0.57914519,0.99392813,0.57914519,0.99392813
57,234,early,0.60569465,0.99129850,0.60569465,0.99129850
57,237,early,0.64950770,1.07999229,0.64950770,1.07999229
57,241,early,0.55917543,1.10167098,0.55917543,1.10167098
57,244,early,0.57349825,1.06073737,0.57349825,1.06073737
57,247,early,0.60412169,1.10574985,0.60412169,1.10574985
57,250,late,0.61860389,1.12739205,0.61860389,1.12739205
57,253,late,0.56922251,1.16225362,0.56922251,1.16225362
57,257,late,0.62337816,1.15430152,0.62337816,1.15430152
57,260,late,0.60462946,1.04557908,0.60462946,1.04557908
57,263,late,0.57505667,0.99601841,0.57505667,0.99601841
57,266,late,0.66433364,1.01332879,0.66433364,1.01332879
57,269,late,0.61068851,1.10085869,0.61068851,1.10085869
57,273,late,0.66920114,1.20582628,0.66920114,1.20582628
57,276,late,0.73418856,1.32677948,0.73418856,1.32677948
57,279,late,0.80505115,1.35473287,0.80505115,1.35473287
57,282,late,0.81935281,1.44691777,0.81935281,1.44691777
57,285,late,0.86851466,1.43959820,0.86851466,1.43959820
57,289,late,0.88026333,1.53721106,0.88026333,1.53721106
57,292,late,0.85936838,1.53576577,0.85936838,1.53576577
57,295,late,0.94957453,1.55966818,0.94957453,1.55966818
57,298,late,0.96958947,1.52090156,0.96958947,1.52090156
57,301,late,0.94832057,1.49000931,0.94832057,1.49000931
57,305,late,0.87939340,1.47822475,0.87939340,1.47822475
57,308,late,0.82529825,1.45781827,0.82529825,1.45781827
57,311,late,0.80658728,1.48394692,0.80658728,1.48394692
57,314,late,0.86558199,1.40258682,0.86558199,1.40258682
57,317,late,0.86567861,1.42514801,0.86567861,1.42514801
57,321,late,0.84722626,1.39411390,0.84722626,1.39411390
57,324,late,0.79187369,1.35679746,0.79187369,1.35679746
57,327,late,0.88269556,1.38558483,0.88269556,1.38558483
57,330,late,0.88925993,1.36211729,0.88925993,1.36211729
57,333,late,0.91129321,1.39264882,0.91129321,1.39264882
57,337,late,0.93539184,1.43383133,0.93539184,1.43383133
57,340,late,0.94770592,1.47235537,0.94770592,1.47235537
57,343,late,0.90769541,1.51550555,0.90769541,1.51550555
57,346,late,0.87985772,1.39939547,0.87985772,1.39939547
57,349,late,0.79396111,1.41751516,0.79396111,1.41751516
57,353,late,0.82245231,1.49640167,0.82245231,1.49640167
57,356,late,0.89079231,1.53322518,0.89079231,1.53322518
57,359,late,0.96202993,1.59442222,0.96202993,1.59442222
57,362,late,0.91701812,1.56309080,0.91701812,1.56309080
57,365,late,0.87663120,1.54607654,0.87663120,1.54607654
57,369,late,0.86918759,1.52724302,0.86918759,1.52724302
57,372,late,0.90136176,1.48061430,0.90136176,1.48061430
57,375,late,0.94639158,1.48388016,0.94639158,1.48388016
57,378,late,0.90917748,1.60202980,0.90917748,1.60202980
57,381,late,1.03155041,1.58964145,1.03155041,1.58964145
57,385,late,0.94912910,1.60834670,0.94912910,1.60834670
57,388,late,0.99517518,1.60816514,0.99517518,1.60816514
57,391,late,1.02114403,1.68777728,1.02114403,1.68777728
57,394,late,1.00771141,1.71760023,1.00771141,1.71760023
57,397,late,1.06814659,1.63754678,1.06814659,1.63754678
57,401,late,1.04094863,1.64639449,1.04094863,1.64639449
57,404,late,0.99231678,1.58537877,0.99231678,1.58537877
57,407,late,0.98144090,1.59025025,0.98144090,1.59025025
57,410,late,1.03917408,1.62171090,1.03917408,1.62171090
57,413,late,1.08958292,1.70516479,1.08958292,1.70516479
57,417,late,1.00151539,1.65367973,1.00151539,1.65367973
57,420,late,1.05966032,1.65578258,1.05966032,1.65578258
57,423,late,1.08229840,1.68276310,1.08229840,1.68276310
57,426,late,1.07927477,1.71076918,1.07927477,1.71076918
57,429,late,1.08335841,1.77068126,1.08335841,1.77068126
57,433,late,1.10582101,1.74764431,1.10582101,1.74764431
57,436,late,1.09786308,1.70892191,1.09786308,1.70892191
57,439,late,1.18433106,1.72373819,1.18433106,1.72373819
57,442,late,1.11406481,1.73663759,1.11406481,1.73663759
57,445,late,1.22836018,1.83049691,1.22836018,1.83049691
57,449,late,1.15563428,1.87798405,1.15563428,1.87798405
57,452,late,1.15198803,1.85228455,1.15198803,1.85228455
57,455,late,1.04207909,1.85410714,1.04207909,1.85410714
57,458,late,1.16878688,1.86336923,1.16878688,1.86336923
57,461,late,1.14049387,1.84962380,1.14049387,1.84962380
57,465,late,1.10145557,1.81318080,1.10145557,1.81318080
57,468,late,1.07214224,1.79734504,1.07214224,1.79734504
57,471,late,1.10583055,1.65934908,1.10583055,1.65934908
57,474,late,1.09423804,1.58466804,1.09423804,1.58466804
57,477,late,1.12164354,1.58469987,1.12164354,1.58469987
57,481,late,0.97214812,1.57341123,0.97214812,1.57341123
57,484,late,0.93991888,1.53704429,0.93991888,1.53704429
57,487,late,0.95849997,1.54730403,0.95849997,1.54730403
57,490,late,0.95680493,1.44969451,0.95680493,1.44969451
57,493,late,0.98765111,1.54201221,0.98765111,1.54201221
57,497,late,0.98780394,1.53180921,0.98780394,1.53180921
58,0,early,0.02161067,0.48807538,0.02161067,0.48807538
58,3,early,-0.00801706,0.38663530,-0.00801706,0.38663530
58,6,early,-0.00492342,0.44399461,-0.00492342,0.44399461
58,9,early,0.06449142,0.40741125,0.06449142,0.40741125
58,13,early,-0.07406246,0.34241891,-0.07406246,0.34241891
58,16,early,-0.01292525,0.31598765,-0.01292525,0.31598765
58,19,early,-0.06868365,0.26312566,-0.06868365,0.26312566
58,22,early,-0.01449114,0.25593281,-0.01449114,0.25593281
58,25,early,-0.09145941,0.25836381,-0.09145941,0.25836381
58,29,early,-0.11909969,0.34759459,-0.11909969,0.34759459
58,32,early,-0.08144541,0.24074751,-0.08144541,0.24074751
58,35,early,-0.09394440,0.26739490,-0.09394440,0.26739490
58,38,early,-0.07962866,0.22811387,-0.07962866,0.22811387
58,41,early,-0.10344184,0.29025900,-0.10344184,0.29025900
58,45,early,-0.19463199,0.29946667,-0.19463199,0.29946667
58,48,early,-0.24328208,0.34195152,-0.24328208,0.34195152
58,51,early,-0.33268204,0.37582710,-0.33268204,0.37582710
58,54,early,-0.35865721,0.38683504,-0.35865721,0.38683504
58,57,early,-0.33491424,0.45707402,-0.33491424,0.45707402
58,61,early,-0.35715985,0.42906764,-0.35715985,0.42906764
58,64,early,-0.34372094,0.36417755,-0.34372094,0.36417755
58,67,early,-0.36029330,0.35703787,-0.36029330,0.35703787
58,70,early,-0.40794691,0.31620586,-0.40794691,0.31620586
58,73,early,-0.45026106,0.25127837,-0.45026106,0.25127837
58,77,early,-0.41170031,0.35330629,-0.41170031,0.35330629
58,80,early,-0.31350446,0.34695444,-0.31350446,0.34695444
58,83,early,-0.30499813,0.27847904,-0.30499813,0.27847904
58,86,early,-0.35992306,0.30447391,-0.35992306,0.30447391
58,90,early,-0.29328537,0.42392832,-0.29328537,0.42392832
58,93,early,-0.18792978,0.41311443,-0.18792978,0.41311443
58,96,early,-0.25321302,0.52248096,-0.25321302,0.52248096
58,99,early,-0.32759225,0.51678526,-0.32759225,0.51678526
58,102,early,-0.40030837,0.49477798,-0.40030837,0.49477798
58,106,early,-0.40980008,0.49532181,-0.40980008,0.49532181
58,109,early,-0.35079816,0.51435894,-0.35079816,0.51435894
58,112,early,-0.32568288,0.50973517,-0.32568288,0.50973517
58,115,early,-0.24251688,0.54811883,-0.24251688,0.54811883
58,118,early,-0.35897303,0.54262125,-0.35897303,0.54262125
58,122,early,-0.28668049,0.50884795,-0.28668049,0.50884795
58,125,early,-0.25183073,0.51098990,-0.25183073,0.51098990
58,128,early,-0.24387343,0.51817566,-0.24387343,0.51817566
58,131,early,-0.16817681,0.48866892,-0.16817681,0.48866892
58,134,early,-0.11098082,0.49267074,-0.11098082,0.49267074
58,138,early,-0.30906475,0.53763407,-0.30906475,0.53763407
58,141,early,-0.33687937,0.43028763,-0.33687937,0.43028763
58,144,early,-0.30814368,0.41690820,-0.30814368,0.41690820
58,147,early,-0.28507376,0.33945322,-0.28507376,0.33945322
58,150,early,-0.32246724,0.31713220,-0.32246724,0.31713220
58,154,early,-0.23073806,0.42267123,-0.23073806,0.42267123
58,157,early,-0.27299362,0.42898133,-0.27299362,0.42898133
58,160,early,-0.30579385,0.50372791,-0.30579385,0.50372791
58,163,early,-0.35423219,0.42203945,-0.35423219,0.42203945
58,166,early,-0.40498313,0.34291494,-0.40498313,0.34291494
58,170,early,-0.39613101,0.39634871,-0.39613101,0.39634871
58,173,early,-0.40672538,0.36253428,-0.40672538,0.36253428
58,176,early,-0.48983312,0.41145131,-0.48983312,0.41145131
58,179,early,-0.49247083,0.39762872,-0.49247083,0.39762872
58,182,early,-0.44620559,0.37887648,-0.44620559,0.37887648
58,186,early,-0.44772696,0.41855296,-0.44772696,0.41855296
58,189,early,-0.46906021,0.40276507,-0.46906021,0.40276507
58,192,early,-0.53518766,0.33550701,-0.53518766,0.33550701
58,195,early,-0.54811794,0.43920866,-0.54811794,0.43920866
58,198,early,-0.50034893,0.50092870,-0.50034893,0.50092870
58,202,early,-0.40397111,0.46068293,-0.40397111,0.46068293
58,205,early,-0.41416267,0.43303114,-0.41416267,0.43303114
58,208,early,-0.46674609,0.45144275,-0.46674609,0.45144275
58,211,early,-0.47351208,0.45712572,-0.47351208,0.45712572
58,214,early,-0.49679831,0.48997578,-0.49679831,0.48997578
58,218,early,-0.53073722,0.55715901,-0.53073722,0.55715901
58,221,early,-0.53737956,0.50070214,-0.53737956,0.50070214
58,224,early,-0.60376060,0.48573235,-0.60376060,0.48573235
58,227,early,-0.50804281,0.51187348,-0.50804281,0.51187348
58,230,early,-0.49917102,0.39195177,-0.49917102,0.39195177
58,234,early,-0.54770511,0.43088114,-0.54770511,0.43088114
58,237,early,-0.52029902,0.45611626,-0.52029902,0.45611626
58,240,early,-0.44114518,0.36007512,-0.44114518,0.36007512
58,243,early,-0.47945428,0.36436063,-0.47945428,0.36436063
58,246,early,-0.42277521,0.34672582,-0.42277521,0.34672582
58,250,late,-0.33046582,0.34121066,-0.33046582,0.34121066
58,253,late,-0.29774389,0.31151599,-0.29774389,0.31151599
58,256,late,-0.21393895,0.34289175,-0.21393895,0.34289175
58,259,late,-0.32372534,0.33278126,-0.32372534,0.33278126
58,262,late,-0.32844663,0.32298878,-0.32844663,0.32298878
58,266,late,-0.38797310,0.31561136,-0.38797310,0.31561136
58,269,late,-0.42817861,0.24277054,-0.42817861,0.24277054
58,272,late,-0.47772601,0.33347717,-0.47772601,0.33347717
58,275,late,-0.49123845,0.33886755,-0.49123845,0.33886755
58,278,late,-0.52640957,0.30797923,-0.52640957,0.30797923
58,282,late,-0.51964802,0.33965483,-0.51964802,0.33965483
58,285,late,-0.51611429,0.38888815,-0.51611429,0.38888815
58,288,late,-0.61118895,0.37084121,-0.61118895,0.37084121
58,291,late,-0.63677758,0.38086575,-0.63677758,0.38086575
58,294,late,-0.58612776,0.37414631,-0.58612776,0.37414631
58,298,late,-0.63190413,0.45682839,-0.63190413,0.45682839
58,301,late,-0.75841218,0.35463241,-0.75841218,0.35463241
58,304,late,-0.68062913,0.40486190,-0.68062913,0.40486190
58,307,late,-0.69503081,0.35161546,-0.69503081,0.35161546
58,310,late,-0.71722966,0.34885895,-0.71722966,0.34885895
58,314,late,-0.62214857,0.35711545,-0.62214857,0.35711545
58,317,late,-0.69868290,0.35504192,-0.69868290,0.35504192
58,320,late,-0.73252940,0.34397861,-0.73252940,0.34397861
58,323,late,-0.71486396,0.37947202,-0.71486396,0.37947202
58,326,late,-0.69410902,0.39523757,-0.69410902,0.39523757
58,330,late,-0.74470955,0.53428894,-0.74470955,0.53428894
58,333,late,-0.72178084,0.52879953,-0.72178084,0.52879953
58,336,late,-0.76166260,0.53433412,-0.76166260,0.53433412
58,339,late,-0.67999446,0.45164025,-0.67999446,0.45164025
58,342,late,-0.59766817,0.45744008,-0.59766817,0.45744008
58,346,late,-0.61829948,0.46347475,-0.61829948,0.46347475
58,349,late,-0.54205203,0.36592162,-0.54205203,0.36592162
58,352,late,-0.55933529,0.41326252,-0.55933529,0.41326252
58,355,late,-0.59017426,0.55462754,-0.59017426,0.55462754
58,358,late,-0.58075362,0.56171656,-0.58075362,0.56171656
58,362,late,-0.61194593,0.56458294,-0.61194593,0.56458294
58,365,late,-0.64825547,0.54550135,-0.64825547,0.54550135
58,368,late,-0.67397904,0.52186596,-0.67397904,0.52186596
58,371,late,-0.65119064,0.47593930,-0.65119064,0.47593930
58,374,late,-0.60028583,0.43693641,-0.60028583,0.43693641
58,378,late,-0.55656308,0.40298226,-0.55656308,0.40298226
58,381,late,-0.57177752,0.38240108,-0.57177752,0.38240108
58,384,late,-0.53981215,0.32610008,-0.53981215,0.32610008
58,387,late,-0.59228164,0.30331156,-0.59228164,0.30331156
58,390,late,-0.59381604,0.34494835,-0.59381604,0.34494835
58,394,late,-0.57217759,0.21818410,-0.57217759,0.21818410
58,397,late,-0.56833678,0.18599832,-0.56833678,0.18599832
58,400,late,-0.62198895,0.21981095,-0.62198895,0.21981095
58,403,late,-0.49966574,0.24329388,-0.49966574,0.24329388
58,406,late,-0.54421198,0.24204120,-0.54421198,0.24204120
58,410,late,-0.46152133,0.25471678,-0.46152133,0.25471678
58,413,late,-0.35869557,0.23051812,-0.35869557,0.23051812
58,416,late,-0.35942030,0.30488744,-0.35942030,0.30488744
58,419,late,-0.34544864,0.30504918,-0.34544864,0.30504918
58,422,late,-0.30536723,0.39241773,-0.30536723,0.39241773
58,426,late,-0.32831436,0.42373556,-0.32831436,0.42373556
58,429,late,-0.31758469,0.45555660,-0.31758469,0.45555660
58,432,late,-0.36239508,0.49106547,-0.36239508,0.49106547
58,435,late,-0.36712268,0.50000077,-0.36712268,0.50000077
58,438,late,-0.38783726,0.52339512,-0.38783726,0.52339512
58,442,late,-0.37081960,0.42310277,-0.37081960,0.42310277
58,445,late,-0.42394453,0.36685017,-0.42394453,0.36685017
58,448,late,-0.36501956,0.38419691,-0.36501956,0.38419691
58,451,late,-0.49200580,0.29887292,-0.49200580,0.29887292
58,454,late,-0.58687776,0.30187589,-0.58687776,0.30187589
58,458,late,-0.46481085,0.38709354,-0.46481085,0.38709354
58,461,late,-0.52623665,0.35169783,-0.52623665,0.35169783
58,464,late,-0.51904392,0.27939114,-0.51904392,0.27939114
58,467,late,-0.47739133,0.28180990,-0.47739133,0.28180990
58,470,late,-0.42350763,0.31273729,-0.42350763,0.31273729
58,474,late,-0.43412387,0.31045699,-0.43412387,0.31045699
58,477,late,-0.41280445,0.19842327,-0.41280445,0.19842327
58,480,late,-0.39771113,0.18970194,-0.39771113,0.18970194
58,483,late,-0.41915944,0.18044010,-0.41915944,0.18044010
58,486,late,-0.40676668,0.18802893,-0.40676668,0.18802893
58,490,late,-0.49455068,0.28011286,-0.49455068,0.28011286
58,493,late,-0.55973446,0.34726426,-0.55973446,0.34726426
58,496,late,-0.58365488,0.43657908,-0.58365488,0.43657908
58,499,late,-0.66398895,0.54626822,-0.66398895,0.54626822
59,2,early,0.08408387,0.37169024,0.08408387,0.37169024
59,6,early,0.07624950,0.46717519,0.07624950,0.46717519
59,9,early,0.14605792,0.40137318,0.14605792,0.40137318
59,12,early,0.11694400,0.49254996,0.11694400,0.49254996
59,15,early,0.15573061,0.36726496,0.15573061,0.36726496
59,18,early,0.19421035,0.36299825,0.19421035,0.36299825
59,22,early,0.26820293,0.37764052,0.26820293,0.37764052
59,25,early,0.28338638,0.34114975,0.28338638,0.34114975
59,28,early,0.24472706,0.45918170,0.24472706,0.45918170
59,31,early,0.24487570,0.51960582,0.24487570,0.51960582
59,34,early,0.20937590,0.49436963,0.20937590,0.49436963
59,38,early,0.16108449,0.49593592,0.16108449,0.49593592
59,41,early,0.20102423,0.46247801,0.20102423,0.46247801
59,44,early,0.25874957,0.45723027,0.25874957,0.45723027
59,47,early,0.25370401,0.39838785,0.25370401,0.39838785
59,50,early,0.23305716,0.46590596,0.23305716,0.46590596
59,54,early,0.29491913,0.59089953,0.29491913,0.59089953
59,57,early,0.32414341,0.62251216,0.32414341,0.62251216
59,60,early,0.42876336,0.72827983,0.42876336,0.72827983
59,63,early,0.50004506,0.87943125,0.50004506,0.87943125
59,66,early,0.45745900,0.92102391,0.45745900,0.92102391
59,70,early,0.51035631,0.88279420,0.51035631,0.88279420
59,73,early,0.49882197,0.88121688,0.49882197,0.88121688
59,76,early,0.47389334,0.83194607,0.47389334,0.83194607
59,79,early,0.45957521,0.88597870,0.45957521,0.88597870
59,82,early,0.48719499,0.86056107,0.48719499,0.86056107
59,86,early,0.50888962,0.84328741,0.50888962,0.84328741
59,89,early,0.46672720,0.91982549,0.46672720,0.91982549
59,92,early,0.53859043,0.96630275,0.53859043,0.96630275
59,95,early,0.56561357,0.96307486,0.56561357,0.96307486
59,98,early,0.59078735,1.04251492,0.59078735,1.04251492
59,102,early,0.56622565,1.00639284,0.56622565,1.00639284
59,105,early,0.54215777,0.97094625,0.54215777,0.97094625
59,108,early,0.49772555,0.90051538,0.49772555,0.90051538
59,111,early,0.51039743,0.92783022,0.51039743,0.92783022
59,114,early,0.54288137,0.94333655,0.54288137,0.94333655
59,118,early,0.51808649,0.89863342,0.51808649,0.89863342
59,121,early,0.52770144,0.91324002,0.52770144,0.91324002
59,124,early,0.44068593,0.87881643,0.44068593,0.87881643
59,127,early,0.43510419,0.86011034,0.43510419,0.86011034
59,130,early,0.52130252,0.87385100,0.52130252,0.87385100
59,134,early,0.58633739,0.89015287,0.58633739,0.89015287
59,137,early,0.58449781,0.99657124,0.58449781,0.99657124
59,140,early,0.56711382,0.98349482,0.56711382,0.98349482
59,143,early,0.63391554,1.02728951,0.63391554,1.02728951
59,146,early,0.55550724,1.12293661,0.55550724,1.12293661
59,150,early,0.64143759,1.04501128,0.64143759,1.04501128
59,153,early,0.63506496,1.01431918,0.63506496,1.01431918
59,156,early,0.59326065,1.08082223,0.59326065,1.08082223
59,159,early,0.65936828,1.13096464,0.65936828,1.13096464
59,162,early,0.65249014,1.15512335,0.65249014,1.15512335
59,166,early,0.69457591,1.23186815,0.69457591,1.23186815
59,169,early,0.65168536,1.27125227,0.65168536,1.27125227
59,172,early,0.70353496,1.30125439,0.70353496,1.30125439
59,175,early,0.77228349,1.32293415,0.77228349,1.32293415
59,178,early,0.80866480,1.33719659,0.80866480,1.33719659
59,182,early,0.82324761,1.39311016,0.82324761,1.39311016
59,185,early,0.87249517,1.36586463,0.87249517,1.36586463
59,188,early,0.84758437,1.35516620,0.84758437,1.35516620
59,191,early,0.82687157,1.37330127,0.82687157,1.37330127
59,194,early,0.85406125,1.47605014,0.85406125,1.47605014
59,198,early,0.88365942,1.51976979,0.88365942,1.51976979
59,201,early,0.95130575,1.50113213,0.95130575,1.50113213
59,204,early,0.94570881,1.52624285,0.94570881,1.52624285
59,207,early,0.85791272,1.47691905,0.85791272,1.47691905
59,210,early,0.86442000,1.43269014,0.86442000,1.43269014
59,214,early,0.82233137,1.43873072,0.82233137,1.43873072
59,217,early,0.83692926,1.39669359,0.83692926,1.39669359
59,220,early,0.87822938,1.43105042,0.87822938,1.43105042
59,223,early,0.87141091,1.43682921,0.87141091,1.43682921
59,226,early,0.87325788,1.50885475,0.87325788,1.50885475
59,230,early,0.86210656,1.46268177,0.86210656,1.46268177
59,233,early,0.88173544,1.55471158,0.88173544,1.55471158
59,236,early,0.96826738,1.60345638,0.96826738,1.60345638
59,239,early,0.93891799,1.61160195,0.93891799,1.61160195
59,242,early,0.97846425,1.56652129,0.97846425,1.56652129
59,246,early,0.93007517,1.59827888,0.93007517,1.59827888
59,249,early,0.93940914,1.57175958,0.93940914,1.57175958
59,252,late,0.94896996,1.64173555,0.94896996,1.64173555
59,255,late,0.91218621,1.56538916,0.91218621,1.56538916
59,258,late,0.90436715,1.51811385,0.90436715,1.51811385
59,262,late,0.88947529,1.57561612,0.88947529,1.57561612
59,265,late,0.90849113,1.59653115,0.90849113,1.59653115
59,268,late,0.98503989,1.63593042,0.98503989,1.63593042
59,271,late,0.95818400,1.64140975,0.95818400,1.64140975
59,274,late,0.94766593,1.65307963,0.94766593,1.65307963
59,278,late,0.92145377,1.56241846,0.92145377,1.56241846
59,281,late,0.92237526,1.58332336,0.92237526,1.58332336
59,284,late,0.95466846,1.63245308,0.95466846,1.63245308
59,287,late,1.00536120,1.65419471,1.00536120,1.65419471
59,290,late,1.00953782,1.68175757,1.00953782,1.68175757
59,294,late,0.96646696,1.62419975,0.96646696,1.62419975
59,297,late,0.99716550,1.62315500,0.99716550,1.62315500
59,300,late,1.05301404,1.64381361,1.05301404,1.64381361
59,303,late,1.14205706,1.70015776,1.14205706,1.70015776
59,306,late,1.12877762,1.74548268,1.12877762,1.74548268
59,310,late,1.03800178,1.67936110,1.03800178,1.67936110
59,313,late,1.00874281,1.71729136,1.00874281,1.71729136
59,316,late,1.01369429,1.67341375,1.01369429,1.67341375
59,319,late,0.98037714,1.65616393,0.98037714,1.65616393
59,322,late,1.01821637,1.69087613,1.01821637,1.69087613
59,326,late,1.06315255,1.73211074,1.06315255,1.73211074
59,329,late,1.04921854,1.71807802,1.04921854,1.71807802
59,332,late,1.04523420,1.68321359,1.04523420,1.68321359
59,335,late,1.02460027,1.61792934,1.02460027,1.61792934
59,338,late,1.04443514,1.65622854,1.04443514,1.65622854
59,342,late,1.02371132,1.67594218,1.02371132,1.67594218
59,345,late,0.98852569,1.65591550,0.98852569,1.65591550
59,348,late,0.94957143,1.70186889,0.94957143,1.70186889
59,351,late,1.03866923,1.67014265,1.03866923,1.67014265
59,354,late,1.03726029,1.60369503,1.03726029,1.60369503
59,358,late,0.97531974,1.57511902,0.97531974,1.57511902
59,361,late,1.00751281,1.53428185,1.00751281,1.53428185
59,364,late,0.93285990,1.53212380,0.93285990,1.53212380
59,367,late,0.87903851,1.53301740,0.87903851,1.53301740
59,370,late,0.89453417,1.54926431,0.89453417,1.54926431
59,374,late,0.88361734,1.49544883,0.88361734,1.49544883
59,377,late,0.86229473,1.48891819,0.86229473,1.48891819
59,380,late,0.83384478,1.50751650,0.83384478,1.50751650
59,383,late,0.81326610,1.51038337,0.81326610,1.51038337
59,386,late,0.85055286,1.54892015,0.85055286,1.54892015
59,390,late,0.93664426,1.55604148,0.93664426,1.55604148
59,393,late,0.98000240,1.61858904,0.98000240,1.61858904
59,396,late,1.01807296,1.63565981,1.01807296,1.63565981
59,399,late,1.08014321,1.67150235,1.08014321,1.67150235
59,402,late,1.09831679,1.65369296,1.09831679,1.65369296
59,406,late,1.06455362,1.61720908,1.06455362,1.61720908
59,409,late,1.05582297,1.62890625,1.05582297,1.62890625
59,412,late,1.01545000,1.66688561,1.01545000,1.66688561
59,415,late,1.05119658,1.63419521,1.05119658,1.63419521
59,418,late,1.05745590,1.70909441,1.05745590,1.70909441
59,422,late,0.97256422,1.58696890,0.97256422,1.58696890
59,425,late,0.97377235,1.61015403,0.97377235,1.61015403
59,428,late,0.96984285,1.51948202,0.96984285,1.51948202
59,431,late,1.01159179,1.59594834,1.01159179,1.59594834
59,434,late,0.98812443,1.50410199,0.98812443,1.50410199
59,438,late,0.94889367,1.52718890,0.94889367,1.52718890
59,441,late,1.04503644,1.56875229,1.04503644,1.56875229
59,444,late,1.02627540,1.52134490,1.02627540,1.52134490
59,447,late,1.09362352,1.65283883,1.09362352,1.65283883
59,450,late,1.10574329,1.59552217,1.10574329,1.59552217
59,454,late,1.08268654,1.62089670,1.08268654,1.62089670
59,457,late,0.96509296,1.59196961,0.96509296,1.59196961
59,460,late,0.98786688,1.60162222,0.98786688,1.60162222
59,463,late,1.00274432,1.62951589,1.00274432,1.62951589
59,466,late,1.02983713,1.57730770,1.02983713,1.57730770
59,470,late,0.99522406,1.63867700,0.99522406,1.63867700
59,473,late,1.04446566,1.73441052,1.04446566,1.73441052
59,476,late,1.03646684,1.69033158,1.03646684,1.69033158
59,479,late,1.06617427,1.65685964,1.06617427,1.65685964
59,482,late,1.09561801,1.72423267,1.09561801,1.72423267
59,486,late,1.06294191,1.67882311,1.06294191,1.67882311
59,489,late,1.07821894,1.65854478,1.07821894,1.65854478
59,492,late,1.03555000,1.70229852,1.03555000,1.70229852
59,495,late,1.08056605,1.70973551,1.08056605,1.70973551
59,498,late,0.96063066,1.66850817,0.96063066,1.66850817
60,2,early,-0.05550332,0.42685053,-0.05550332,0.42685053
60,5,early,0.01692127,0.42729732,0.01692127,0.42729732
60,8,early,0.06804035,0.46588767,0.06804035,0.46588767
60,11,early,0.15422815,0.32910085,0.15422815,0.32910085
60,14,early,0.06229641,0.34266192,0.06229641,0.34266192
60,18,early,-0.03251023,0.33030725,-0.03251023,0.33030725
60,21,early,-0.04608180,0.35969159,-0.04608180,0.35969159
60,24,early,-0.07488420,0.36809826,-0.07488420,0.36809826
60,27,early,-0.03398306,0.40271804,-0.03398306,0.40271804
60,30,early,-0.03027298,0.40201360,-0.03027298,0.40201360
60,34,early,0.13169207,0.40632910,0.13169207,0.40632910
60,37,early,0.12260189,0.36090225,0.12260189,0.36090225
60,40,early,0.06381498,0.47268447,0.06381498,0.47268447
60,43,early,-0.02048674,0.50176287,-0.02048674,0.50176287
60,46,early,-0.02110543,0.37707359,-0.02110543,0.37707359
60,50,early,0.00645198,0.33952102,0.00645198,0.33952102
60,53,early,0.00483495,0.30942449,0.00483495,0.30942449
60,56,early,0.07286192,0.30974269,0.07286192,0.30974269
60,59,early,0.17471100,0.26670828,0.17471100,0.26670828
60,62,early,0.13814817,0.30322185,0.13814817,0.30322185
60,66,early,0.19299549,0.31254208,0.19299549,0.31254208
60,69,early,0.24382180,0.34679615,0.24382180,0.34679615
60,72,early,0.20495945,0.34866035,0.20495945,0.34866035
60,75,early,0.16172057,0.40837744,0.16172057,0.40837744
60,78,early,0.17133661,0.40850633,0.17133661,0.40850633
60,82,early,0.26410186,0.35732558,0.26410186,0.35732558
60,85,early,0.27764547,0.36012524,0.27764547,0.36012524
60,88,early,0.30938077,0.38875026,0.30938077,0.38875026
60,91,early,0.28352478,0.40603557,0.28352478,0.40603557
60,94,early,0.22481506,0.44405207,0.22481506,0.44405207
60,98,early,0.30246633,0.37707585,0.30246633,0.37707585
60,101,early,0.24471477,0.35969883,0.24471477,0.35969883
60,104,early,0.25493100,0.46407261,0.25493100,0.46407261
60,107,early,0.30654150,0.50381440,0.30654150,0.50381440
60,110,early,0.21615039,0.50318885,0.21615039,0.50318885
60,114,early,0.13134141,0.52001965,0.13134141,0.52001965
60,117,early,0.13434216,0.50751156,0.13434216,0.50751156
60,120,early,0.17692886,0.53061640,0.17692886,0.53061640
60,123,early,0.14811382,0.49804708,0.14811382,0.49804708
60,126,early,0.14053300,0.55394155,0.14053300,0.55394155
60,130,early,0.17150871,0.51371902,0.17150871,0.51371902
60,133,early,0.11492175,0.56995875,0.11492175,0.56995875
60,136,early,0.15050896,0.53873658,0.15050896,0.53873658
60,139,early,0.25262940,0.50110406,0.25262940,0.50110406
60,142,early,0.24798951,0.54366457,0.24798951,0.54366457
60,146,early,0.29764926,0.51051354,0.29764926,0.51051354
60,149,early,0.28393900,0.45151097,0.28393900,0.45151097
60,152,early,0.26902175,0.48305690,0.26902175,0.48305690
60,155,early,0.21067651,0.40773758,0.21067651,0.40773758
60,158,early,0.29887354,0.35286415,0.29887354,0.35286415
60,162,early,0.30747536,0.40663308,0.30747536,0.40663308
60,165,early,0.32262093,0.31316769,0.32262093,0.31316769
60,168,early,0.31014925,0.36945581,0.31014925,0.36945581
60,171,early,0.33400148,0.42823425,0.33400148,0.42823425
60,174,early,0.34046313,0.42326277,0.34046313,0.42326277
60,178,early,0.25476870,0.47455233,0.25476870,0.47455233
60,181,early,0.19109561,0.42018127,0.19109561,0.42018127
60,184,early,0.12318072,0.45619559,0.12318072,0.45619559
60,187,early,-0.00183396,0.43453613,-0.00183396,0.43453613
60,190,early,0.02792136,0.43776146,0.02792136,0.43776146
60,194,early,0.05267441,0.43073362,0.05267441,0.43073362
60,197,early,0.04394146,0.40909797,0.04394146,0.40909797
60,200,early,0.02051847,0.29531360,0.02051847,0.29531360
60,203,early,0.01112113,0.20797670,0.01112113,0.20797670
60,206,early,0.09043787,0.15574102,0.09043787,0.15574102
60,210,early,0.12018796,0.20817266,0.12018796,0.20817266
60,213,early,0.12549919,0.16358204,0.12549919,0.16358204
60,216,early,0.07397154,0.17439629,0.07397154,0.17439629
60,219,early,0.02809065,0.10674927,0.02809065,0.10674927
60,222,early,-0.06361052,0.20687905,-0.06361052,0.20687905
60,226,early,-0.14043789,0.31699950,-0.14043789,0.31699950
60,229,early,-0.12606829,0.31718689,-0.12606829,0.31718689
60,232,early,-0.13136068,0.35452911,-0.13136068,0.35452911
60,235,early,-0.11903075,0.38735017,-0.11903075,0.38735017
60,238,early,-0.09980536,0.37283868,-0.09980536,0.37283868
60,242,early,-0.18729539,0.37028491,-0.18729539,0.37028491
60,245,early,-0.14848135,0.30229738,-0.14848135,0.30229738
60,248,early,-0.10555684,0.23316248,-0.10555684,0.23316248
60,251,late,-0.07606280,0.21214090,-0.07606280,0.21214090
60,254,late,-0.14987811,0.28186369,-0.14987811,0.28186369
60,258,late,-0.28180811,0.25367349,-0.28180811,0.25367349
60,261,late,-0.28105387,0.28853068,-0.28105387,0.28853068
60,264,late,-0.24903658,0.28032234,-0.24903658,0.28032234
60,267,late,-0.29340759,0.27174747,-0.29340759,0.27174747
60,270,late,-0.27373531,0.32755527,-0.27373531,0.32755527
60,274,late,-0.33643067,0.22314316,-0.33643067,0.22314316
60,277,late,-0.24967746,0.17743938,-0.24967746,0.17743938
60,280,late,-0.25958720,0.06329095,-0.25958720,0.06329095
60,283,late,-0.28614879,0.12345435,-0.28614879,0.12345435
60,286,late,-0.38002828,0.19560079,-0.38002828,0.19560079
60,290,late,-0.37384084,0.28577414,-0.37384084,0.28577414
60,293,late,-0.29369298,0.38339174,-0.29369298,0.38339174
60,296,late,-0.27017286,0.33805704,-0.27017286,0.33805704
60,299,late,-0.25531581,0.45512587,-0.25531581,0.45512587
60,302,late,-0.27351490,0.43763089,-0.27351490,0.43763089
60,306,late,-0.28860959,0.49584511,-0.28860959,0.49584511
60,309,late,-0.30620772,0.37422660,-0.30620772,0.37422660
60,312,late,-0.20000243,0.33837548,-0.20000243,0.33837548
60,315,late,-0.19357927,0.37567657,-0.19357927,0.37567657
60,318,late,-0.21473327,0.38251284,-0.21473327,0.38251284
60,322,late,-0.25831014,0.44858107,-0.25831014,0.44858107
60,325,late,-0.26336926,0.42981431,-0.26336926,0.42981431
60,328,late,-0.29591167,0.36308083,-0.29591167,0.36308083
60,331,late,-0.29796207,0.41886842,-0.29796207,0.41886842
60,334,late,-0.32237840,0.37665999,-0.32237840,0.37665999
60,338,late,-0.28576791,0.33844399,-0.28576791,0.33844399
60,341,late,-0.36396137,0.37527847,-0.36396137,0.37527847
60,344,late,-0.28758341,0.41901770,-0.28758341,0.41901770
60,347,late,-0.23993307,0.35306701,-0.23993307,0.35306701
60,350,late,-0.19658302,0.37086961,-0.19658302,0.37086961
60,354,late,-0.21284911,0.31725916,-0.21284911,0.31725916
60,357,late,-0.32413742,0.27299148,-0.32413742,0.27299148
60,360,late,-0.31358221,0.22162488,-0.31358221,0.22162488
60,363,late,-0.30669090,0.14635850,-0.30669090,0.14635850
60,366,late,-0.42648771,0.14664553,-0.42648771,0.14664553
60,370,late,-0.34420538,0.23271033,-0.34420538,0.23271033
60,373,late,-0.43113950,0.38128492,-0.43113950,0.38128492
60,376,late,-0.40185264,0.37948534,-0.40185264,0.37948534
60,379,late,-0.42298806,0.50316828,-0.42298806,0.50316828
60,382,late,-0.47928572,0.51046723,-0.47928572,0.51046723
60,386,late,-0.48459080,0.59196705,-0.48459080,0.59196705
60,389,late,-0.42377758,0.53651023,-0.42377758,0.53651023
60,392,late,-0.49939203,0.57414192,-0.49939203,0.57414192
60,395,late,-0.50282300,0.48672020,-0.50282300,0.48672020
60,398,late,-0.52314526,0.52476263,-0.52314526,0.52476263
60,402,late,-0.46860814,0.49927336,-0.46860814,0.49927336
60,405,late,-0.43984908,0.48901641,-0.43984908,0.48901641
60,408,late,-0.39092663,0.49463743,-0.39092663,0.49463743
60,411,late,-0.40350282,0.46543375,-0.40350282,0.46543375
60,414,late,-0.40825266,0.34400502,-0.40825266,0.34400502
60,418,late,-0.39585164,0.28793308,-0.39585164,0.28793308
60,421,late,-0.41411835,0.28771737,-0.41411835,0.28771737
60,424,late,-0.37991351,0.41126114,-0.37991351,0.41126114
60,427,late,-0.35922039,0.47614411,-0.35922039,0.47614411
60,430,late,-0.33438414,0.44398624,-0.33438414,0.44398624
60,434,late,-0.40455911,0.47221026,-0.40455911,0.47221026
60,437,late,-0.43261796,0.40306512,-0.43261796,0.40306512
60,440,late,-0.45350859,0.33443597,-0.45350859,0.33443597
60,443,late,-0.42705682,0.40328631,-0.42705682,0.40328631
60,446,late,-0.46401939,0.39028320,-0.46401939,0.39028320
60,450,late,-0.57052457,0.34487870,-0.57052457,0.34487870
60,453,late,-0.55349368,0.38734791,-0.55349368,0.38734791
60,456,late,-0.53701347,0.40879017,-0.53701347,0.40879017
60,459,late,-0.48431733,0.27775910,-0.48431733,0.27775910
60,462,late,-0.38939002,0.23341744,-0.38939002,0.23341744
60,466,late,-0.43906587,0.13437620,-0.43906587,0.13437620
60,469,late,-0.38443667,0.08729953,-0.38443667,0.08729953
60,472,late,-0.36591178,-0.08115020,-0.36591178,-0.08115020
60,475,late,-0.47717252,-0.06707733,-0.47717252,-0.06707733
60,478,late,-0.45804811,-0.06545596,-0.45804811,-0.06545596
60,482,late,-0.52443451,-0.10317677,-0.52443451,-0.10317677
60,485,late,-0.59529299,-0.01302594,-0.59529299,-0.01302594
60,488,late,-0.66685826,0.00261869,-0.66685826,0.00261869
60,491,late,-0.73350090,-0.02368258,-0.73350090,-0.02368258
60,494,late,-0.79121536,0.03594103,-0.79121536,0.03594103
60,498,late,-0.74616843,0.11235233,-0.74616843,0.11235233
61,1,early,0.26239619,-0.04826432,0.26239619,-0.04826432
61,4,early,0.23349190,0.01101635,0.23349190,0.01101635
61,7,early,0.24950635,0.01287072,0.24950635,0.01287072
61,10,early,0.26667655,-0.01089926,0.26667655,-0.01089926
61,14,early,0.29212272,0.05392289,0.29212272,0.05392289
61,17,early,0.21326171,0.09244702,0.21326171,0.09244702
61,20,early,0.21367179,0.04801401,0.21367179,0.04801401
61,23,early,0.25649157,0.02091248,0.25649157,0.02091248
61,26,early,0.16015920,0.00184859,0.16015920,0.00184859
61,30,early,0.20340052,0.07627813,0.20340052,0.07627813
61,33,early,0.20467681,0.00832056,0.20467681,0.00832056
61,36,early,0.19546394,-0.00447306,0.19546394,-0.00447306
61,39,early,0.21351698,0.00317006,0.21351698,0.00317006
61,42,early,0.23467836,0.01965681,0.23467836,0.01965681
61,46,early,0.25683716,-0.00224400,0.25683716,-0.00224400
61,49,early,0.23421454,-0.09002297,0.23421454,-0.09002297
61,52,early,0.25228080,-0.06833626,0.25228080,-0.06833626
61,55,early,0.16130063,-0.11709791,0.16130063,-0.11709791
61,58,early,0.25240850,-0.09396571,0.25240850,-0.09396571
61,62,early,0.27344239,-0.07943127,0.27344239,-0.07943127
61,65,early,0.28681913,-0.06158439,0.28681913,-0.06158439
61,68,early,0.31713188,-0.00005741,0.31713188,-0.00005741
61,71,early,0.31705824,0.00802694,0.31705824,0.00802694
61,74,early,0.29564369,-0.03074106,0.29564369,-0.03074106
61,78,early,0.38425565,0.05041169,0.38425565,0.05041169
61,81,early,0.32160538,0.08314823,0.32160538,0.08314823
61,84,early,0.26225984,0.14698504,0.26225984,0.14698504
61,87,early,0.20329267,0.16774999,0.20329267,0.16774999
61,90,early,0.14084849,0.24532999,0.14084849,0.24532999
61,94,early,0.13517842,0.22114617,0.13517842,0.22114617
61,97,early,0.21666315,0.20563422,0.21666315,0.20563422
61,100,early,0.24739791,0.25139302,0.24739791,0.25139302
61,103,early,0.22050723,0.21742131,0.22050723,0.21742131
61,106,early,0.23958384,0.26715291,0.23958384,0.26715291
61,110,early,0.29137376,0.33013284,0.29137376,0.33013284
61,113,early,0.22840999,0.39140317,0.22840999,0.39140317
61,116,early,0.23031311,0.38066003,0.23031311,0.38066003
61,119,early,0.09843999,0.31433484,0.09843999,0.31433484
61,122,early,0.02154988,0.27738786,0.02154988,0.27738786
61,126,early,-0.04093277,0.29709712,-0.04093277,0.29709712
61,129,early,-0.05697540,0.28675994,-0.05697540,0.28675994
61,132,early,-0.17320770,0.30308664,-0.17320770,0.30308664
61,135,early,-0.12558094,0.30275550,-0.12558094,0.30275550
61,138,early,-0.10507603,0.20472488,-0.10507603,0.20472488
61,142,early,-0.13806181,0.19916308,-0.13806181,0.19916308
61,145,early,-0.14459477,0.20758800,-0.14459477,0.20758800
61,148,early,-0.11613113,0.18159646,-0.11613113,0.18159646
61,151,early,-0.13966917,0.19354165,-0.13966917,0.19354165
61,154,early,-0.10220731,0.19921419,-0.10220731,0.19921419
61,158,early,-0.11898070,0.13194542,-0.11898070,0.13194542
61,161,early,-0.18819019,0.11152618,-0.18819019,0.11152618
61,164,early,-0.17244223,0.11242224,-0.17244223,0.11242224
61,167,early,-0.16711903,0.09803760,-0.16711903,0.09803760
61,170,early,-0.23219693,0.17547984,-0.23219693,0.17547984
61,174,early,-0.20335101,0.25509763,-0.20335101,0.25509763
61,177,early,-0.23646367,0.22433995,-0.23646367,0.22433995
61,180,early,-0.23710084,0.25707880,-0.23710084,0.25707880
61,183,early,-0.16696341,0.26876727,-0.16696341,0.26876727
61,186,early,-0.16394730,0.36531904,-0.16394730,0.36531904
61,190,early,-0.07022745,0.32276112,-0.07022745,0.32276112
61,193,early,-0.01714922,0.33977902,-0.01714922,0.33977902
61,196,early,0.02021436,0.35132849,0.02021436,0.35132849
61,199,early,0.07843968,0.27404267,0.07843968,0.27404267
61,202,early,0.12850697,0.34866139,0.12850697,0.34866139
61,206,early,-0.01089499,0.37143242,-0.01089499,0.37143242
61,209,early,0.05247779,0.44474027,0.05247779,0.44474027
61,212,early,0.01817849,0.43836400,0.01817849,0.43836400
61,215,early,0.09319924,0.37505442,0.09319924,0.37505442
61,218,early,0.09868410,0.45839846,0.09868410,0.45839846
61,222,early,0.11781082,0.57603490,0.11781082,0.57603490
61,225,early,0.10059775,0.57322884,0.10059775,0.57322884
61,228,early,0.11507693,0.57891905,0.11507693,0.57891905
61,231,early,0.08989209,0.53081369,0.08989209,0.53081369
61,234,early,0.12465747,0.45951211,0.12465747,0.45951211
61,238,early,0.18294401,0.44488451,0.18294401,0.44488451
61,241,early,0.17377144,0.44562966,0.17377144,0.44562966
61,244,early,0.02091790,0.43016249,0.02091790,0.43016249
61,247,early,0.10607111,0.39791104,0.10607111,0.39791104
61,250,late,0.04865671,0.28787193,0.04865671,0.28787193
61,254,late,-0.01480080,0.27362433,-0.01480080,0.27362433
61,257,late,-0.15185642,0.28400078,-0.15185642,0.28400078
61,260,late,-0.16578743,0.21577600,-0.16578743,0.21577600
61,263,late,-0.21079820,0.17287318,-0.21079820,0.17287318
61,266,late,-0.20372318,0.18877441,-0.20372318,0.18877441
61,270,late,-0.16163655,0.19826114,-0.16163655,0.19826114
61,273,late,-0.07740758,0.29344356,-0.07740758,0.29344356
61,276,late,0.01225284,0.39299199,0.01225284,0.39299199
61,279,late,0.05277905,0.35759923,0.05277905,0.35759923
61,282,late,0.01691810,0.26517189,0.01691810,0.26517189
61,286,late,-0.03707059,0.26667929,-0.03707059,0.26667929
61,289,late,-0.10630560,0.26784196,-0.10630560,0.26784196
61,292,late,-0.07219614,0.33431920,-0.07219614,0.33431920
61,295,late,-0.15326114,0.29520437,-0.15326114,0.29520437
61,298,late,-0.17953157,0.24568939,-0.17953157,0.24568939
61,302,late,-0.21699060,0.23080641,-0.21699060,0.23080641
61,305,late,-0.20476526,0.24264491,-0.20476526,0.24264491
61,308,late,-0.18567514,0.17800814,-0.18567514,0.17800814
61,311,late,-0.16516678,0.13940001,-0.16516678,0.13940001
61,314,late,-0.12982547,0.10876845,-0.12982547,0.10876845
61,318,late,-0.13991082,0.17403512,-0.13991082,0.17403512
61,321,late,-0.12103782,0.14245979,-0.12103782,0.14245979
61,324,late,-0.13407703,0.13613342,-0.13407703,0.13613342
61,327,late,-0.06034188,0.16581942,-0.06034188,0.16581942
61,330,late,-0.15456019,0.14657004,-0.15456019,0.14657004
61,334,late,-0.17707327,0.04867893,-0.17707327,0.04867893
61,337,late,-0.12293652,0.05290106,-0.12293652,0.05290106
61,340,late,-0.02262478,-0.02492258,-0.02262478,-0.02492258
61,343,late,-0.03949904,0.00993519,-0.03949904,0.00993519
61,346,late,-0.00042567,0.12681115,-0.00042567,0.12681115
61,350,late,-0.05821258,0.08744270,-0.05821258,0.08744270
61,353,late,-0.03604805,0.11382432,-0.03604805,0.11382432
61,356,late,0.06416403,0.06644442,0.06416403,0.06644442
61,359,late,0.07574211,0.10527007,0.07574211,0.10527007
61,362,late,-0.00621833,0.14954403,-0.00621833,0.14954403
61,366,late,-0.04548078,0.10614836,-0.04548078,0.10614836
61,369,late,-0.09505948,0.02321776,-0.09505948,0.02321776
61,372,late,-0.11977205,0.02824700,-0.11977205,0.02824700
61,375,late,-0.11524134,0.06713612,-0.11524134,0.06713612
61,378,late,-0.16116241,0.04134957,-0.16116241,0.04134957
61,382,late,-0.15884884,0.07058225,-0.15884884,0.07058225
61,385,late,-0.23132418,0.09169175,-0.23132418,0.09169175
61,388,late,-0.24689136,0.05099198,-0.24689136,0.05099198
61,391,late,-0.27887401,0.12340296,-0.27887401,0.12340296
61,394,late,-0.24238047,0.11791875,-0.24238047,0.11791875
61,398,late,-0.24585813,0.14635687,-0.24585813,0.14635687
61,401,late,-0.16550414,0.14400658,-0.16550414,0.14400658
61,404,late,-0.12337121,0.06816314,-0.12337121,0.06816314
61,407,late,-0.16651934,0.18906252,-0.16651934,0.18906252
61,410,late,-0.17510968,0.27682599,-0.17510968,0.27682599
61,414,late,-0.20502190,0.33952525,-0.20502190,0.33952525
61,417,late,-0.28872147,0.38462254,-0.28872147,0.38462254
61,420,late,-0.21472418,0.41849339,-0.21472418,0.41849339
61,423,late,-0.26355511,0.42732084,-0.26355511,0.42732084
61,426,late,-0.34169266,0.47981477,-0.34169266,0.47981477
61,430,late,-0.35529995,0.48023161,-0.35529995,0.48023161
61,433,late,-0.30287305,0.40102148,-0.30287305,0.40102148
61,436,late,-0.36075598,0.44410023,-0.36075598,0.44410023
61,439,late,-0.37738720,0.49268571,-0.37738720,0.49268571
61,442,late,-0.38997301,0.43753058,-0.38997301,0.43753058
61,446,late,-0.51110369,0.50423700,-0.51110369,0.50423700
61,449,late,-0.53847301,0.49150950,-0.53847301,0.49150950
61,452,late,-0.49248797,0.53792846,-0.49248797,0.53792846
61,455,late,-0.56386030,0.55066836,-0.56386030,0.55066836
61,458,late,-0.60027218,0.58753163,-0.60027218,0.58753163
61,462,late,-0.73646539,0.53542548,-0.73646539,0.53542548
61,465,late,-0.65353107,0.60270137,-0.65353107,0.60270137
61,468,late,-0.79667908,0.53609633,-0.79667908,0.53609633
61,471,late,-0.84761465,0.51721627,-0.84761465,0.51721627
61,474,late,-0.85498023,0.41980407,-0.85498023,0.41980407
61,478,late,-0.91636771,0.31989306,-0.91636771,0.31989306
61,481,late,-0.88641518,0.30270550,-0.88641518,0.30270550
61,484,late,-0.85814136,0.29294938,-0.85814136,0.29294938
61,487,late,-0.80581254,0.33212614,-0.80581254,0.33212614
61,490,late,-0.77477401,0.30168319,-0.77477401,0.30168319
61,494,late,-0.72517741,0.48019764,-0.72517741,0.48019764
61,497,late,-0.66071188,0.52761102,-0.66071188,0.52761102
62,0,early,-0.50022829,0.27838120,-0.50022829,0.27838120
62,3,early,-0.57725495,0.31071365,-0.57725495,0.31071365
62,6,early,-0.62942404,0.32987931,-0.62942404,0.32987931
62,10,early,-0.55425686,0.26827887,-0.55425686,0.26827887
62,13,early,-0.42099214,0.31047502,-0.42099214,0.31047502
62,16,early,-0.43875280,0.29900080,-0.43875280,0.29900080
62,19,early,-0.46932524,0.23647889,-0.46932524,0.23647889
62,22,early,-0.40155658,0.17664182,-0.40155658,0.17664182
62,26,early,-0.35095957,0.23066574,-0.35095957,0.23066574
62,29,early,-0.28679872,0.17687142,-0.28679872,0.17687142
62,32,early,-0.23156676,0.24755152,-0.23156676,0.24755152
62,35,early,-0.28507581,0.15401939,-0.28507581,0.15401939
62,38,early,-0.32060450,0.10818598,-0.32060450,0.10818598
62,42,early,-0.23199189,0.08791418,-0.23199189,0.08791418
62,45,early,-0.28291976,0.11295381,-0.28291976,0.11295381
62,48,early,-0.27770203,0.14532746,-0.27770203,0.14532746
62,51,early,-0.27029943,0.13796039,-0.27029943,0.13796039
62,54,early,-0.35636315,0.14306425,-0.35636315,0.14306425
62,58,early,-0.47048587,0.19258970,-0.47048587,0.19258970
62,61,early,-0.53708047,0.19366805,-0.53708047,0.19366805
62,64,early,-0.49967188,0.22567360,-0.49967188,0.22567360
62,67,early,-0.46263021,0.23865429,-0.46263021,0.23865429
62,70,early,-0.50694168,0.17422841,-0.50694168,0.17422841
62,74,early,-0.54072666,0.10985412,-0.54072666,0.10985412
62,77,early,-0.48868266,0.21651752,-0.48868266,0.21651752
62,80,early,-0.52559811,0.24496955,-0.52559811,0.24496955
62,83,early,-0.47008765,0.27036026,-0.47008765,0.27036026
62,86,early,-0.50335395,0.20833442,-0.50335395,0.20833442
62,90,early,-0.61174494,0.24719146,-0.61174494,0.24719146
62,93,early,-0.60053450,0.20298676,-0.60053450,0.20298676
62,96,early,-0.57344609,0.21204618,-0.57344609,0.21204618
62,99,early,-0.58142036,0.18514974,-0.58142036,0.18514974
62,102,early,-0.63495016,0.26459026,-0.63495016,0.26459026
62,106,early,-0.68316650,0.26683554,-0.68316650,0.26683554
62,109,early,-0.60866237,0.31986716,-0.60866237,0.31986716
62,112,early,-0.63738048,0.24824412,-0.63738048,0.24824412
62,115,early,-0.67949176,0.26932818,-0.67949176,0.26932818
62,118,early,-0.68374199,0.32891697,-0.68374199,0.32891697
62,122,early,-0.69979781,0.31073949,-0.69979781,0.31073949
62,125,early,-0.67779559,0.28373662,-0.67779559,0.28373662
62,128,early,-0.71449417,0.39894870,-0.71449417,0.39894870
62,131,early,-0.71295708,0.32374898,-0.71295708,0.32374898
62,134,early,-0.73597026,0.33349100,-0.73597026,0.33349100
62,138,early,-0.65571213,0.25117078,-0.65571213,0.25117078
62,141,early,-0.65002865,0.27262199,-0.65002865,0.27262199
62,144,early,-0.77844381,0.29568759,-0.77844381,0.29568759
62,147,early,-0.72113204,0.33769840,-0.72113204,0.33769840
62,150,early,-0.72827339,0.41544744,-0.72827339,0.41544744
62,154,early,-0.74322116,0.48097047,-0.74322116,0.48097047
62,157,early,-0.74225914,0.52282161,-0.74225914,0.52282161
62,160,early,-0.68187785,0.55577683,-0.68187785,0.55577683
62,163,early,-0.65581894,0.46561515,-0.65581894,0.46561515
62,166,early,-0.67952532,0.44630376,-0.67952532,0.44630376
62,170,early,-0.56700462,0.44319242,-0.56700462,0.44319242
62,173,early,-0.57922083,0.49738836,-0.57922083,0.49738836
62,176,early,-0.53396058,0.50038922,-0.53396058,0.50038922
62,179,early,-0.55341291,0.53376663,-0.55341291,0.53376663
62,182,early,-0.54398549,0.53009510,-0.54398549,0.53009510
62,186,early,-0.48487946,0.34194896,-0.48487946,0.34194896
62,189,early,-0.54957926,0.24379203,-0.54957926,0.24379203
62,192,early,-0.59944332,0.26159579,-0.59944332,0.26159579
62,195,early,-0.52274936,0.32118690,-0.52274936,0.32118690
62,198,early,-0.52510619,0.36496711,-0.52510619,0.36496711
62,202,early,-0.40080792,0.29573762,-0.40080792,0.29573762
62,205,early,-0.45004374,0.32962421,-0.45004374,0.32962421
62,208,early,-0.52192861,0.30667132,-0.52192861,0.30667132
62,211,early,-0.54363692,0.35823050,-0.54363692,0.35823050
62,214,early,-0.52714008,0.45123082,-0.52714008,0.45123082
62,218,early,-0.48746419,0.42835766,-0.48746419,0.42835766
62,221,early,-0.48990652,0.42474154,-0.48990652,0.42474154
62,224,early,-0.46534699,0.44759873,-0.46534699,0.44759873
62,227,early,-0.45325491,0.48614195,-0.45325491,0.48614195
62,230,early,-0.31315628,0.43259355,-0.31315628,0.43259355
62,234,early,-0.21654582,0.46064788,-0.21654582,0.46064788
62,237,early,-0.12424646,0.46823251,-0.12424646,0.46823251
62,240,early,-0.11830173,0.46863940,-0.11830173,0.46863940
62,243,early,-0.13307558,0.45065930,-0.13307558,0.45065930
62,246,early,-0.07562932,0.43710002,-0.07562932,0.43710002
62,250,late,0.00452102,0.42858717,0.00452102,0.42858717
62,253,late,-0.00958001,0.46420240,-0.00958001,0.46420240
62,256,late,0.02325038,0.40491718,0.02325038,0.40491718
62,259,late,0.02454913,0.45762819,0.02454913,0.45762819
62,262,late,0.06088318,0.42113239,0.06088318,0.42113239
62,266,late,0.17063150,0.34443679,0.17063150,0.34443679
62,269,late,0.12070603,0.36959353,0.12070603,0.36959353
62,272,late,0.09793453,0.30423346,0.09793453,0.30423346
62,275,late,0.06146431,0.31485242,0.06146431,0.31485242
62,278,late,0.04718142,0.34246898,0.04718142,0.34246898
62,282,late,0.04486136,0.24804103,0.04486136,0.24804103
62,285,late,0.04771799,0.21966225,0.04771799,0.21966225
62,288,late,0.00152152,0.23650272,0.00152152,0.23650272
62,291,late,0.10327534,0.28585979,0.10327534,0.28585979
62,294,late,0.13975340,0.24931037,0.13975340,0.24931037
62,298,late,0.07063895,0.22053030,0.07063895,0.22053030
62,301,late,0.07621595,0.21785825,0.07621595,0.21785825
62,304,late,0.03659429,0.31504765,0.03659429,0.31504765
62,307,late,0.04669969,0.28353322,0.04669969,0.28353322
62,310,late,-0.00780804,0.27548733,-0.00780804,0.27548733
62,314,late,-0.07331979,0.26767582,-0.07331979,0.26767582
62,317,late,-0.02581234,0.30994800,-0.02581234,0.30994800
62,320,late,-0.02530199,0.30897829,-0.02530199,0.30897829
62,323,late,0.03629298,0.33159289,0.03629298,0.33159289
62,326,late,0.04977061,0.40589023,0.04977061,0.40589023
62,330,late,-0.00361000,0.37140715,-0.00361000,0.37140715
62,333,late,-0.03075353,0.43542331,-0.03075353,0.43542331
62,336,late,-0.12067077,0.30672362,-0.12067077,0.30672362
62,339,late,-0.06589082,0.35960156,-0.06589082,0.35960156
62,342,late,-0.02485626,0.44747150,-0.02485626,0.44747150
62,346,late,-0.11954803,0.45866042,-0.11954803,0.45866042
62,349,late,-0.16761404,0.32613933,-0.16761404,0.32613933
62,352,late,-0.21889690,0.38509050,-0.21889690,0.38509050
62,355,late,-0.22557907,0.43664500,-0.22557907,0.43664500
62,358,late,-0.22612907,0.39784068,-0.22612907,0.39784068
62,362,late,-0.22099257,0.28009751,-0.22099257,0.28009751
62,365,late,-0.16396518,0.19790304,-0.16396518,0.19790304
62,368,late,-0.10683645,0.22323862,-0.10683645,0.22323862
62,371,late,-0.08611917,0.33590850,-0.08611917,0.33590850
62,374,late,-0.08125579,0.34379825,-0.08125579,0.34379825
62,378,late,-0.09787938,0.42956820,-0.09787938,0.42956820
62,381,late,-0.06070118,0.46852639,-0.06070118,0.46852639
62,384,late,-0.08944405,0.42734534,-0.08944405,0.42734534
62,387,late,-0.03638358,0.41680133,-0.03638358,0.41680133
62,390,late,-0.02204520,0.39414218,-0.02204520,0.39414218
62,394,late,-0.03670895,0.45952672,-0.03670895,0.45952672
62,397,late,-0.13176085,0.42002311,-0.13176085,0.42002311
62,400,late,-0.15818840,0.45385233,-0.15818840,0.45385233
62,403,late,-0.14647458,0.44815636,-0.14647458,0.44815636
62,406,late,-0.13939077,0.38760725,-0.13939077,0.38760725
62,410,late,-0.09991919,0.30190244,-0.09991919,0.30190244
62,413,late,-0.13993031,0.27153566,-0.13993031,0.27153566
62,416,late,-0.16751727,0.27755323,-0.16751727,0.27755323
62,419,late,-0.34186992,0.35993987,-0.34186992,0.35993987
62,422,late,-0.28767258,0.40686038,-0.28767258,0.40686038
62,426,late,-0.33773801,0.36995688,-0.33773801,0.36995688
62,429,late,-0.40686956,0.35412294,-0.40686956,0.35412294
62,432,late,-0.47972193,0.37089670,-0.47972193,0.37089670
62,435,late,-0.50830168,0.34857577,-0.50830168,0.34857577
62,438,late,-0.49279666,0.32523429,-0.49279666,0.32523429
62,442,late,-0.41357589,0.34006694,-0.41357589,0.34006694
62,445,late,-0.41677916,0.35237706,-0.41677916,0.35237706
62,448,late,-0.36608386,0.35624796,-0.36608386,0.35624796
62,451,late,-0.41399413,0.35677254,-0.41399413,0.35677254
62,454,late,-0.37827677,0.39044580,-0.37827677,0.39044580
62,458,late,-0.37571371,0.38246489,-0.37571371,0.38246489
62,461,late,-0.33609515,0.27502865,-0.33609515,0.27502865
62,464,late,-0.23084764,0.28961486,-0.23084764,0.28961486
62,467,late,-0.19360903,0.31908083,-0.19360903,0.31908083
62,470,late,-0.19452173,0.39811257,-0.19452173,0.39811257
62,474,late,-0.24053212,0.34774244,-0.24053212,0.34774244
62,477,late,-0.30165043,0.31978008,-0.30165043,0.31978008
62,480,late,-0.38305974,0.30408633,-0.38305974,0.30408633
62,483,late,-0.29284129,0.36570492,-0.29284129,0.36570492
62,486,late,-0.29312876,0.39449969,-0.29312876,0.39449969
62,490,late,-0.21723276,0.39654970,-0.21723276,0.39654970
62,493,late,-0.01793278,0.38292003,-0.01793278,0.38292003
62,496,late,-0.00910907,0.41254812,-0.00910907,0.41254812
62,499,late,-0.05495746,0.42841268,-0.05495746,0.42841268
63,2,early,0.31685671,0.07588284,0.31685671,0.07588284
63,6,early,0.27679399,0.06259360,0.27679399,0.06259360
63,9,early,0.31245893,0.09071478,0.31245893,0.09071478
63,12,early,0.28830683,0.04986372,0.28830683,0.04986372
63,15,early,0.28252363,-0.05443434,0.28252363,-0.05443434
63,18,early,0.28750774,-0.10629999,0.28750774,-0.10629999
63,22,early,0.20494267,-0.04829557,0.20494267,-0.04829557
63,25,early,0.18972430,-0.07896053,0.18972430,-0.07896053
63,28,early,0.12364072,-0.08992166,0.12364072,-0.08992166
63,31,early,0.19282752,-0.03724995,0.19282752,-0.03724995
63,34,early,0.16793944,0.01855367,0.16793944,0.01855367
63,38,early,0.16784582,0.05670393,0.16784582,0.05670393
63,41,early,0.15111592,0.05786232,0.15111592,0.05786232
63,44,early,0.10178567,0.03384941,0.10178567,0.03384941
63,47,early,0.13576406,-0.02013605,0.13576406,-0.02013605
63,50,early,0.26226640,0.01563312,0.26226640,0.01563312
63,54,early,0.30400735,0.04677266,0.30400735,0.04677266
63,57,early,0.25463691,0.08925618,0.25463691,0.08925618
63,60,early,0.24342014,0.09019818,0.24342014,0.09019818
63,63,early,0.30251822,0.10140218,0.30251822,0.10140218
63,66,early,0.29883507,0.15747365,0.29883507,0.15747365
63,70,early,0.22527553,0.13362861,0.22527553,0.13362861
63,73,early,0.18122455,0.10856330,0.18122455,0.10856330
63,76,early,0.23216195,0.02790574,0.23216195,0.02790574
63,79,early,0.18881421,-0.03325959,0.18881421,-0.03325959
63,82,early,0.19899239,-0.04080401,0.19899239,-0.04080401
63,86,early,0.21037041,-0.13170590,0.21037041,-0.13170590
63,89,early,0.20413688,-0.14719960,0.20413688,-0.14719960
63,92,early,0.11219481,-0.11072377,0.11219481,-0.11072377
63,95,early,0.10127696,-0.11027219,0.10127696,-0.11027219
63,98,early,0.09238756,-0.06205688,0.09238756,-0.06205688
63,102,early,0.09505810,-0.06616046,0.09505810,-0.06616046
63,105,early,0.05451872,-0.04870295,0.05451872,-0.04870295
63,108,early,0.09646140,-0.01735906,0.09646140,-0.01735906
63,111,early,0.15797783,0.10324403,0.15797783,0.10324403
63,114,early,0.06126609,0.23207216,0.06126609,0.23207216
63,118,early,-0.11456873,0.24293341,-0.11456873,0.24293341
63,121,early,-0.13459137,0.23363855,-0.13459137,0.23363855
63,124,early,-0.09064411,0.18487325,-0.09064411,0.18487325
63,127,early,-0.08283492,0.14382881,-0.08283492,0.14382881
63,130,early,-0.09499322,0.22044122,-0.09499322,0.22044122
63,134,early,-0.11475798,0.22746715,-0.11475798,0.22746715
63,137,early,-0.11315767,0.26435772,-0.11315767,0.26435772
63,140,early,-0.15853293,0.21862836,-0.15853293,0.21862836
63,143,early,-0.13652308,0.24087973,-0.13652308,0.24087973
63,146,early,-0.19259049,0.23977926,-0.19259049,0.23977926
63,150,early,-0.10489181,0.34852496,-0.10489181,0.34852496
63,153,early,-0.23402886,0.30463567,-0.23402886,0.30463567
63,156,early,-0.26477948,0.23645781,-0.26477948,0.23645781
63,159,early,-0.26028776,0.24963605,-0.26028776,0.24963605
63,162,early,-0.31978887,0.27570772,-0.31978887,0.27570772
63,166,early,-0.34396702,0.28296086,-0.34396702,0.28296086
63,169,early,-0.34461123,0.21738635,-0.34461123,0.21738635
63,172,early,-0.31544492,0.24516055,-0.31544492,0.24516055
63,175,early,-0.30989140,0.21269038,-0.30989140,0.21269038
63,178,early,-0.23886761,0.14550902,-0.23886761,0.14550902
63,182,early,-0.34717283,0.25391385,-0.34717283,0.25391385
63,185,early,-0.32508498,0.12315959,-0.32508498,0.12315959
63,188,early,-0.28154933,0.04804731,-0.28154933,0.04804731
63,191,early,-0.35519499,0.09982637,-0.35519499,0.09982637
63,194,early,-0.30867770,0.11752156,-0.30867770,0.11752156
63,198,early,-0.29813260,0.28909719,-0.29813260,0.28909719
63,201,early,-0.28310776,0.32171988,-0.28310776,0.32171988
63,204,early,-0.25628650,0.35748971,-0.25628650,0.35748971
63,207,early,-0.33261836,0.34177297,-0.33261836,0.34177297
63,210,early,-0.38861999,0.26798823,-0.38861999,0.26798823
63,214,early,-0.43485594,0.29910409,-0.43485594,0.29910409
63,217,early,-0.52600241,0.26144081,-0.52600241,0.26144081
63,220,early,-0.49803194,0.14393508,-0.49803194,0.14393508
63,223,early,-0.40633905,0.03359496,-0.40633905,0.03359496
63,226,early,-0.34423387,0.00042752,-0.34423387,0.00042752
63,230,early,-0.38228735,0.03976078,-0.38228735,0.03976078
63,233,early,-0.32129216,0.08203968,-0.32129216,0.08203968
63,236,early,-0.31444627,0.07589680,-0.31444627,0.07589680
63,239,early,-0.27475780,-0.10079297,-0.27475780,-0.10079297
63,242,early,-0.26260284,-0.12622695,-0.26260284,-0.12622695
63,246,early,-0.26832819,-0.07390450,-0.26832819,-0.07390450
63,249,early,-0.26340353,-0.08532786,-0.26340353,-0.08532786
63,252,late,-0.31010267,0.02638793,-0.31010267,0.02638793
63,255,late,-0.33545446,0.09499905,-0.33545446,0.09499905
63,258,late,-0.39768207,0.08784070,-0.39768207,0.08784070
63,262,late,-0.34132814,0.04486211,-0.34132814,0.04486211
63,265,late,-0.36297902,-0.02596343,-0.36297902,-0.02596343
63,268,late,-0.32668307,-0.09622001,-0.32668307,-0.09622001
63,271,late,-0.41606370,-0.09059419,-0.41606370,-0.09059419
63,274,late,-0.34770647,-0.11230002,-0.34770647,-0.11230002
63,278,late,-0.42582989,-0.03688125,-0.42582989,-0.03688125
63,281,late,-0.47277939,-0.10459615,-0.47277939,-0.10459615
63,284,late,-0.40795621,-0.10608410,-0.40795621,-0.10608410
63,287,late,-0.44058537,-0.11700885,-0.44058537,-0.11700885
63,290,late,-0.43791643,-0.10888574,-0.43791643,-0.10888574
63,294,late,-0.49536136,-0.10749921,-0.49536136,-0.10749921
63,297,late,-0.54942852,-0.15483862,-0.54942852,-0.15483862
63,300,late,-0.56414276,-0.15985793,-0.56414276,-0.15985793
63,303,late,-0.51992875,-0.19082011,-0.51992875,-0.19082011
63,306,late,-0.50341976,-0.25301877,-0.50341976,-0.25301877
63,310,late,-0.49716255,-0.21244894,-0.49716255,-0.21244894
63,313,late,-0.51818925,-0.22536513,-0.51818925,-0.22536513
63,316,late,-0.50117844,-0.24463236,-0.50117844,-0.24463236
63,319,late,-0.51958466,-0.27488551,-0.51958466,-0.27488551
63,322,late,-0.53370631,-0.28498849,-0.53370631,-0.28498849
63,326,late,-0.51372862,-0.26907372,-0.51372862,-0.26907372
63,329,late,-0.45019317,-0.25002301,-0.45019317,-0.25002301
63,332,late,-0.48309246,-0.22370861,-0.48309246,-0.22370861
63,335,late,-0.47017771,-0.22832313,-0.47017771,-0.22832313
63,338,late,-0.47574925,-0.22522143,-0.47574925,-0.22522143
63,342,late,-0.52064669,-0.25275350,-0.52064669,-0.25275350
63,345,late,-0.56041163,-0.24031891,-0.56041163,-0.24031891
63,348,late,-0.45152149,-0.27392316,-0.45152149,-0.27392316
63,351,late,-0.43024436,-0.30094439,-0.43024436,-0.30094439
63,354,late,-0.48655912,-0.35421872,-0.48655912,-0.35421872
63,358,late,-0.40787658,-0.38446003,-0.40787658,-0.38446003
63,361,late,-0.43258122,-0.36965558,-0.43258122,-0.36965558
63,364,late,-0.46464169,-0.38893357,-0.46464169,-0.38893357
63,367,late,-0.46245050,-0.46332255,-0.46245050,-0.46332255
63,370,late,-0.45132798,-0.31498352,-0.45132798,-0.31498352
63,374,late,-0.52494645,-0.36961919,-0.52494645,-0.36961919
63,377,late,-0.49913877,-0.36220106,-0.49913877,-0.36220106
63,380,late,-0.49095812,-0.35177183,-0.49095812,-0.35177183
63,383,late,-0.47664440,-0.41457537,-0.47664440,-0.41457537
63,386,late,-0.39780653,-0.34794661,-0.39780653,-0.34794661
63,390,late,-0.56102735,-0.25047082,-0.56102735,-0.25047082
63,393,late,-0.52639627,-0.15705885,-0.52639627,-0.15705885
63,396,late,-0.45157281,-0.23521422,-0.45157281,-0.23521422
63,399,late,-0.48984018,-0.22169678,-0.48984018,-0.22169678
63,402,late,-0.43083984,-0.30087280,-0.43083984,-0.30087280
63,406,late,-0.39493233,-0.27826795,-0.39493233,-0.27826795
63,409,late,-0.34650406,-0.29168507,-0.34650406,-0.29168507
63,412,late,-0.40237704,-0.33941388,-0.40237704,-0.33941388
63,415,late,-0.42176425,-0.31384355,-0.42176425,-0.31384355
63,418,late,-0.37930357,-0.28908050,-0.37930357,-0.28908050
63,422,late,-0.41328138,-0.28310737,-0.41328138,-0.28310737
63,425,late,-0.37264520,-0.24887733,-0.37264520,-0.24887733
63,428,late,-0.40554300,-0.20351966,-0.40554300,-0.20351966
63,431,late,-0.40798303,-0.11885174,-0.40798303,-0.11885174
63,434,late,-0.45001093,-0.04813652,-0.45001093,-0.04813652
63,438,late,-0.42853671,-0.05321687,-0.42853671,-0.05321687
63,441,late,-0.48717856,-0.03829292,-0.48717856,-0.03829292
63,444,late,-0.56305707,-0.02638766,-0.56305707,-0.02638766
63,447,late,-0.53012103,-0.11826473,-0.53012103,-0.11826473
63,450,late,-0.53356808,-0.02706113,-0.53356808,-0.02706113
63,454,late,-0.55445385,0.08311927,-0.55445385,0.08311927
63,457,late,-0.53897661,0.23960172,-0.53897661,0.23960172
63,460,late,-0.52077699,0.28192973,-0.52077699,0.28192973
63,463,late,-0.49858019,0.25915098,-0.49858019,0.25915098
63,466,late,-0.53643417,0.26515472,-0.53643417,0.26515472
63,470,late,-0.54780841,0.32884598,-0.54780841,0.32884598
63,473,late,-0.60827839,0.36823058,-0.60827839,0.36823058
63,476,late,-0.63429272,0.40665340,-0.63429272,0.40665340
63,479,late,-0.60660201,0.40397355,-0.60660201,0.40397355
63,482,late,-0.57508737,0.52587551,-0.57508737,0.52587551
63,486,late,-0.42593277,0.47368690,-0.42593277,0.47368690
63,489,late,-0.45991486,0.50859129,-0.45991486,0.50859129
63,492,late,-0.46832487,0.48602360,-0.46832487,0.48602360
63,495,late,-0.33045673,0.38818005,-0.33045673,0.38818005
63,499,late,-0.21328731,0.29710633,-0.21328731,0.29710633
