run_id,run_name,group,method,target,seed,step,metric,value
przwk5hn,KDVI-banana-seed0,KDVI-banana,KDVI,banana,0,5000,kl_ite,1.7526330441760232
przwk5hn,KDVI-banana-seed0,KDVI-banana,KDVI,banana,0,10000,kl_ite,1.792176808200485
przwk5hn,KDVI-banana-seed0,KDVI-banana,KDVI,banana,0,15000,kl_ite,1.8375405497442325
przwk5hn,KDVI-banana-seed0,KDVI-banana,KDVI,banana,0,20000,kl_ite,1.829089553615375
przwk5hn,KDVI-banana-seed0,KDVI-banana,KDVI,banana,0,25000,kl_ite,1.7808251558218586
przwk5hn,KDVI-banana-seed0,KDVI-banana,KDVI,banana,0,30000,kl_ite,0.3242376359337165
przwk5hn,KDVI-banana-seed0,KDVI-banana,KDVI,banana,0,35000,kl_ite,0.24113103480075196
przwk5hn,KDVI-banana-seed0,KDVI-banana,KDVI,banana,0,40000,kl_ite,0.2788709921245668
przwk5hn,KDVI-banana-seed0,KDVI-banana,KDVI,banana,0,45000,kl_ite,0.20151947539982576
przwk5hn,KDVI-banana-seed0,KDVI-banana,KDVI,banana,0,50000,kl_ite,0.15011052409665007
przwk5hn,KDVI-banana-seed0,KDVI-banana,KDVI,banana,0,55000,kl_ite,0.13778937265566685
przwk5hn,KDVI-banana-seed0,KDVI-banana,KDVI,banana,0,60000,kl_ite,0.1649754030246377
przwk5hn,KDVI-banana-seed0,KDVI-banana,KDVI,banana,0,65000,kl_ite,0.09286845971973601
przwk5hn,KDVI-banana-seed0,KDVI-banana,KDVI,banana,0,70000,kl_ite,0.14242773931057157
przwk5hn,KDVI-banana-seed0,KDVI-banana,KDVI,banana,0,75000,kl_ite,0.11561601912605154
przwk5hn,KDVI-banana-seed0,KDVI-banana,KDVI,banana,0,80000,kl_ite,0.14064442591284576
przwk5hn,KDVI-banana-seed0,KDVI-banana,KDVI,banana,0,85000,kl_ite,0.15564684838856785
przwk5hn,KDVI-banana-seed0,KDVI-banana,KDVI,banana,0,90000,kl_ite,0.14312722757166083
przwk5hn,KDVI-banana-seed0,KDVI-banana,KDVI,banana,0,95000,kl_ite,0.13468106598207905
przwk5hn,KDVI-banana-seed0,KDVI-banana,KDVI,banana,0,100000,kl_ite,0.12407011928316343
przwk5hn,KDVI-banana-seed0,KDVI-banana,KDVI,banana,0,5000,w2,0.6659824848175049
przwk5hn,KDVI-banana-seed0,KDVI-banana,KDVI,banana,0,10000,w2,0.711601972579956
przwk5hn,KDVI-banana-seed0,KDVI-banana,KDVI,banana,0,15000,w2,0.7420734763145447
przwk5hn,KDVI-banana-seed0,KDVI-banana,KDVI,banana,0,20000,w2,0.7786672711372375
przwk5hn,KDVI-banana-seed0,KDVI-banana,KDVI,banana,0,25000,w2,0.7637370824813843
przwk5hn,KDVI-banana-seed0,KDVI-banana,KDVI,banana,0,30000,w2,0.9644347429275513
przwk5hn,KDVI-banana-seed0,KDVI-banana,KDVI,banana,0,35000,w2,0.7186360359191895
przwk5hn,KDVI-banana-seed0,KDVI-banana,KDVI,banana,0,40000,w2,0.8577108979225159
przwk5hn,KDVI-banana-seed0,KDVI-banana,KDVI,banana,0,45000,w2,0.802563488483429
przwk5hn,KDVI-banana-seed0,KDVI-banana,KDVI,banana,0,50000,w2,0.8083809018135071
przwk5hn,KDVI-banana-seed0,KDVI-banana,KDVI,banana,0,55000,w2,1.1573485136032104
przwk5hn,KDVI-banana-seed0,KDVI-banana,KDVI,banana,0,60000,w2,0.8413737416267395
przwk5hn,KDVI-banana-seed0,KDVI-banana,KDVI,banana,0,65000,w2,0.7815813422203064
przwk5hn,KDVI-banana-seed0,KDVI-banana,KDVI,banana,0,70000,w2,0.8365132808685303
przwk5hn,KDVI-banana-seed0,KDVI-banana,KDVI,banana,0,75000,w2,0.8195951581001282
przwk5hn,KDVI-banana-seed0,KDVI-banana,KDVI,banana,0,80000,w2,0.8155924081802368
przwk5hn,KDVI-banana-seed0,KDVI-banana,KDVI,banana,0,85000,w2,0.869641125202179
przwk5hn,KDVI-banana-seed0,KDVI-banana,KDVI,banana,0,90000,w2,0.8582538366317749
przwk5hn,KDVI-banana-seed0,KDVI-banana,KDVI,banana,0,95000,w2,0.823445737361908
przwk5hn,KDVI-banana-seed0,KDVI-banana,KDVI,banana,0,100000,w2,0.8150845170021057
przwk5hn,KDVI-banana-seed0,KDVI-banana,KDVI,banana,0,5000,elbo,-67.5114517211914
przwk5hn,KDVI-banana-seed0,KDVI-banana,KDVI,banana,0,10000,elbo,-123.96720123291016
przwk5hn,KDVI-banana-seed0,KDVI-banana,KDVI,banana,0,15000,elbo,-125.10311126708984
przwk5hn,KDVI-banana-seed0,KDVI-banana,KDVI,banana,0,20000,elbo,-162.6566619873047
przwk5hn,KDVI-banana-seed0,KDVI-banana,KDVI,banana,0,25000,elbo,-184.32662963867188
przwk5hn,KDVI-banana-seed0,KDVI-banana,KDVI,banana,0,30000,elbo,-0.9095617532730103
przwk5hn,KDVI-banana-seed0,KDVI-banana,KDVI,banana,0,35000,elbo,-0.42459291219711304
przwk5hn,KDVI-banana-seed0,KDVI-banana,KDVI,banana,0,40000,elbo,-1.7056070566177368
przwk5hn,KDVI-banana-seed0,KDVI-banana,KDVI,banana,0,45000,elbo,-0.2968904376029968
przwk5hn,KDVI-banana-seed0,KDVI-banana,KDVI,banana,0,50000,elbo,-0.1878523975610733
przwk5hn,KDVI-banana-seed0,KDVI-banana,KDVI,banana,0,55000,elbo,-7.765944480895996
przwk5hn,KDVI-banana-seed0,KDVI-banana,KDVI,banana,0,60000,elbo,-0.27635690569877625
przwk5hn,KDVI-banana-seed0,KDVI-banana,KDVI,banana,0,65000,elbo,-0.15187297761440277
przwk5hn,KDVI-banana-seed0,KDVI-banana,KDVI,banana,0,70000,elbo,-0.18076273798942566
przwk5hn,KDVI-banana-seed0,KDVI-banana,KDVI,banana,0,75000,elbo,-0.15646441280841827
przwk5hn,KDVI-banana-seed0,KDVI-banana,KDVI,banana,0,80000,elbo,-0.1985197514295578
przwk5hn,KDVI-banana-seed0,KDVI-banana,KDVI,banana,0,85000,elbo,-0.2113649547100067
przwk5hn,KDVI-banana-seed0,KDVI-banana,KDVI,banana,0,90000,elbo,-0.1649884581565857
przwk5hn,KDVI-banana-seed0,KDVI-banana,KDVI,banana,0,95000,elbo,-0.18500685691833496
przwk5hn,KDVI-banana-seed0,KDVI-banana,KDVI,banana,0,100000,elbo,-0.1721593588590622
5ht6jq4n,KDVI-banana-seed1,KDVI-banana,KDVI,banana,1,5000,kl_ite,1.692191154208387
5ht6jq4n,KDVI-banana-seed1,KDVI-banana,KDVI,banana,1,10000,kl_ite,2.04045505113011
5ht6jq4n,KDVI-banana-seed1,KDVI-banana,KDVI,banana,1,15000,kl_ite,1.051991953742533
5ht6jq4n,KDVI-banana-seed1,KDVI-banana,KDVI,banana,1,20000,kl_ite,1.0647022880593384
5ht6jq4n,KDVI-banana-seed1,KDVI-banana,KDVI,banana,1,25000,kl_ite,0.7312943619954078
5ht6jq4n,KDVI-banana-seed1,KDVI-banana,KDVI,banana,1,30000,kl_ite,0.2965781452748089
5ht6jq4n,KDVI-banana-seed1,KDVI-banana,KDVI,banana,1,35000,kl_ite,0.23692706603133626
5ht6jq4n,KDVI-banana-seed1,KDVI-banana,KDVI,banana,1,40000,kl_ite,0.22917961457062494
5ht6jq4n,KDVI-banana-seed1,KDVI-banana,KDVI,banana,1,45000,kl_ite,0.1708521030612046
5ht6jq4n,KDVI-banana-seed1,KDVI-banana,KDVI,banana,1,50000,kl_ite,0.16767244685035826
5ht6jq4n,KDVI-banana-seed1,KDVI-banana,KDVI,banana,1,55000,kl_ite,0.1718438834672401
5ht6jq4n,KDVI-banana-seed1,KDVI-banana,KDVI,banana,1,60000,kl_ite,0.14584305998781957
5ht6jq4n,KDVI-banana-seed1,KDVI-banana,KDVI,banana,1,65000,kl_ite,0.12798792868714862
5ht6jq4n,KDVI-banana-seed1,KDVI-banana,KDVI,banana,1,70000,kl_ite,0.1286824196330461
5ht6jq4n,KDVI-banana-seed1,KDVI-banana,KDVI,banana,1,75000,kl_ite,0.13169628441765985
5ht6jq4n,KDVI-banana-seed1,KDVI-banana,KDVI,banana,1,80000,kl_ite,0.11996102031196122
5ht6jq4n,KDVI-banana-seed1,KDVI-banana,KDVI,banana,1,85000,kl_ite,0.1089631238543456
5ht6jq4n,KDVI-banana-seed1,KDVI-banana,KDVI,banana,1,90000,kl_ite,0.1368930178748896
5ht6jq4n,KDVI-banana-seed1,KDVI-banana,KDVI,banana,1,95000,kl_ite,0.1334534455573125
5ht6jq4n,KDVI-banana-seed1,KDVI-banana,KDVI,banana,1,100000,kl_ite,0.1485212598760612
5ht6jq4n,KDVI-banana-seed1,KDVI-banana,KDVI,banana,1,5000,w2,0.7919369339942932
5ht6jq4n,KDVI-banana-seed1,KDVI-banana,KDVI,banana,1,10000,w2,0.822394609451294
5ht6jq4n,KDVI-banana-seed1,KDVI-banana,KDVI,banana,1,15000,w2,0.9260619282722473
5ht6jq4n,KDVI-banana-seed1,KDVI-banana,KDVI,banana,1,20000,w2,0.7546574473381042
5ht6jq4n,KDVI-banana-seed1,KDVI-banana,KDVI,banana,1,25000,w2,0.9974197745323181
5ht6jq4n,KDVI-banana-seed1,KDVI-banana,KDVI,banana,1,30000,w2,0.7726002335548401
5ht6jq4n,KDVI-banana-seed1,KDVI-banana,KDVI,banana,1,35000,w2,0.8115379214286804
5ht6jq4n,KDVI-banana-seed1,KDVI-banana,KDVI,banana,1,40000,w2,0.8898313641548157
5ht6jq4n,KDVI-banana-seed1,KDVI-banana,KDVI,banana,1,45000,w2,0.803111732006073
5ht6jq4n,KDVI-banana-seed1,KDVI-banana,KDVI,banana,1,50000,w2,0.8289689421653748
5ht6jq4n,KDVI-banana-seed1,KDVI-banana,KDVI,banana,1,55000,w2,0.8790690898895264
5ht6jq4n,KDVI-banana-seed1,KDVI-banana,KDVI,banana,1,60000,w2,0.8767196536064148
5ht6jq4n,KDVI-banana-seed1,KDVI-banana,KDVI,banana,1,65000,w2,0.8325262069702148
5ht6jq4n,KDVI-banana-seed1,KDVI-banana,KDVI,banana,1,70000,w2,0.8043705821037292
5ht6jq4n,KDVI-banana-seed1,KDVI-banana,KDVI,banana,1,75000,w2,0.81070476770401
5ht6jq4n,KDVI-banana-seed1,KDVI-banana,KDVI,banana,1,80000,w2,0.8142552971839905
5ht6jq4n,KDVI-banana-seed1,KDVI-banana,KDVI,banana,1,85000,w2,0.819722592830658
5ht6jq4n,KDVI-banana-seed1,KDVI-banana,KDVI,banana,1,90000,w2,0.8269584774971008
5ht6jq4n,KDVI-banana-seed1,KDVI-banana,KDVI,banana,1,95000,w2,0.7986220717430115
5ht6jq4n,KDVI-banana-seed1,KDVI-banana,KDVI,banana,1,100000,w2,0.8424329161643982
5ht6jq4n,KDVI-banana-seed1,KDVI-banana,KDVI,banana,1,5000,elbo,-76.93001556396484
5ht6jq4n,KDVI-banana-seed1,KDVI-banana,KDVI,banana,1,10000,elbo,-501.1110534667969
5ht6jq4n,KDVI-banana-seed1,KDVI-banana,KDVI,banana,1,15000,elbo,-17.505762100219727
5ht6jq4n,KDVI-banana-seed1,KDVI-banana,KDVI,banana,1,20000,elbo,-224.46080017089844
5ht6jq4n,KDVI-banana-seed1,KDVI-banana,KDVI,banana,1,25000,elbo,-4.296835899353027
5ht6jq4n,KDVI-banana-seed1,KDVI-banana,KDVI,banana,1,30000,elbo,-0.51258784532547
5ht6jq4n,KDVI-banana-seed1,KDVI-banana,KDVI,banana,1,35000,elbo,-0.4936175048351288
5ht6jq4n,KDVI-banana-seed1,KDVI-banana,KDVI,banana,1,40000,elbo,-0.3366757929325104
5ht6jq4n,KDVI-banana-seed1,KDVI-banana,KDVI,banana,1,45000,elbo,-0.2629511058330536
5ht6jq4n,KDVI-banana-seed1,KDVI-banana,KDVI,banana,1,50000,elbo,-0.22174863517284393
5ht6jq4n,KDVI-banana-seed1,KDVI-banana,KDVI,banana,1,55000,elbo,-0.19601698219776154
5ht6jq4n,KDVI-banana-seed1,KDVI-banana,KDVI,banana,1,60000,elbo,-0.18679364025592804
5ht6jq4n,KDVI-banana-seed1,KDVI-banana,KDVI,banana,1,65000,elbo,-0.1536024957895279
5ht6jq4n,KDVI-banana-seed1,KDVI-banana,KDVI,banana,1,70000,elbo,-0.16584931313991547
5ht6jq4n,KDVI-banana-seed1,KDVI-banana,KDVI,banana,1,75000,elbo,-0.15022458136081696
5ht6jq4n,KDVI-banana-seed1,KDVI-banana,KDVI,banana,1,80000,elbo,-0.15081745386123657
5ht6jq4n,KDVI-banana-seed1,KDVI-banana,KDVI,banana,1,85000,elbo,-0.14920373260974884
5ht6jq4n,KDVI-banana-seed1,KDVI-banana,KDVI,banana,1,90000,elbo,-0.1472080647945404
5ht6jq4n,KDVI-banana-seed1,KDVI-banana,KDVI,banana,1,95000,elbo,-0.14724695682525635
5ht6jq4n,KDVI-banana-seed1,KDVI-banana,KDVI,banana,1,100000,elbo,-0.15383212268352509
dbtzm71m,KDVI-banana-seed7,KDVI-banana,KDVI,banana,7,5000,kl_ite,2.264231438576274
dbtzm71m,KDVI-banana-seed7,KDVI-banana,KDVI,banana,7,10000,kl_ite,2.249415631530368
dbtzm71m,KDVI-banana-seed7,KDVI-banana,KDVI,banana,7,15000,kl_ite,2.2692881105710474
dbtzm71m,KDVI-banana-seed7,KDVI-banana,KDVI,banana,7,20000,kl_ite,2.2538468337747943
dbtzm71m,KDVI-banana-seed7,KDVI-banana,KDVI,banana,7,25000,kl_ite,2.3060563247067845
dbtzm71m,KDVI-banana-seed7,KDVI-banana,KDVI,banana,7,30000,kl_ite,2.3187944964030924
dbtzm71m,KDVI-banana-seed7,KDVI-banana,KDVI,banana,7,35000,kl_ite,2.2375118712025635
dbtzm71m,KDVI-banana-seed7,KDVI-banana,KDVI,banana,7,40000,kl_ite,0.22812151188942095
dbtzm71m,KDVI-banana-seed7,KDVI-banana,KDVI,banana,7,45000,kl_ite,0.22772629999329527
dbtzm71m,KDVI-banana-seed7,KDVI-banana,KDVI,banana,7,50000,kl_ite,0.27801722266658524
dbtzm71m,KDVI-banana-seed7,KDVI-banana,KDVI,banana,7,55000,kl_ite,0.22102040069441148
dbtzm71m,KDVI-banana-seed7,KDVI-banana,KDVI,banana,7,60000,kl_ite,0.2050566076422252
dbtzm71m,KDVI-banana-seed7,KDVI-banana,KDVI,banana,7,65000,kl_ite,0.18508697659082204
dbtzm71m,KDVI-banana-seed7,KDVI-banana,KDVI,banana,7,70000,kl_ite,0.1597364432002472
dbtzm71m,KDVI-banana-seed7,KDVI-banana,KDVI,banana,7,75000,kl_ite,0.14204992509354677
dbtzm71m,KDVI-banana-seed7,KDVI-banana,KDVI,banana,7,80000,kl_ite,0.14129890156348718
dbtzm71m,KDVI-banana-seed7,KDVI-banana,KDVI,banana,7,85000,kl_ite,0.16187320955303486
dbtzm71m,KDVI-banana-seed7,KDVI-banana,KDVI,banana,7,90000,kl_ite,0.14120310314363763
dbtzm71m,KDVI-banana-seed7,KDVI-banana,KDVI,banana,7,95000,kl_ite,0.15503551929050058
dbtzm71m,KDVI-banana-seed7,KDVI-banana,KDVI,banana,7,100000,kl_ite,0.1359412924266389
dbtzm71m,KDVI-banana-seed7,KDVI-banana,KDVI,banana,7,5000,w2,0.8496524095535278
dbtzm71m,KDVI-banana-seed7,KDVI-banana,KDVI,banana,7,10000,w2,0.8132485747337341
dbtzm71m,KDVI-banana-seed7,KDVI-banana,KDVI,banana,7,15000,w2,0.8490145802497864
dbtzm71m,KDVI-banana-seed7,KDVI-banana,KDVI,banana,7,20000,w2,0.8685340285301208
dbtzm71m,KDVI-banana-seed7,KDVI-banana,KDVI,banana,7,25000,w2,0.829137921333313
dbtzm71m,KDVI-banana-seed7,KDVI-banana,KDVI,banana,7,30000,w2,0.8154488801956177
dbtzm71m,KDVI-banana-seed7,KDVI-banana,KDVI,banana,7,35000,w2,0.8443204760551453
dbtzm71m,KDVI-banana-seed7,KDVI-banana,KDVI,banana,7,40000,w2,0.7848928570747375
dbtzm71m,KDVI-banana-seed7,KDVI-banana,KDVI,banana,7,45000,w2,0.9707977771759033
dbtzm71m,KDVI-banana-seed7,KDVI-banana,KDVI,banana,7,50000,w2,0.8194698691368103
dbtzm71m,KDVI-banana-seed7,KDVI-banana,KDVI,banana,7,55000,w2,0.7818077206611633
dbtzm71m,KDVI-banana-seed7,KDVI-banana,KDVI,banana,7,60000,w2,0.9334317445755005
dbtzm71m,KDVI-banana-seed7,KDVI-banana,KDVI,banana,7,65000,w2,0.8353846669197083
dbtzm71m,KDVI-banana-seed7,KDVI-banana,KDVI,banana,7,70000,w2,0.8747502565383911
dbtzm71m,KDVI-banana-seed7,KDVI-banana,KDVI,banana,7,75000,w2,0.8193633556365967
dbtzm71m,KDVI-banana-seed7,KDVI-banana,KDVI,banana,7,80000,w2,0.8390851616859436
dbtzm71m,KDVI-banana-seed7,KDVI-banana,KDVI,banana,7,85000,w2,0.885672926902771
dbtzm71m,KDVI-banana-seed7,KDVI-banana,KDVI,banana,7,90000,w2,0.8021548390388489
dbtzm71m,KDVI-banana-seed7,KDVI-banana,KDVI,banana,7,95000,w2,0.8852198719978333
dbtzm71m,KDVI-banana-seed7,KDVI-banana,KDVI,banana,7,100000,w2,0.8263438940048218
dbtzm71m,KDVI-banana-seed7,KDVI-banana,KDVI,banana,7,5000,elbo,-338.6655578613281
dbtzm71m,KDVI-banana-seed7,KDVI-banana,KDVI,banana,7,10000,elbo,-659.7408447265625
dbtzm71m,KDVI-banana-seed7,KDVI-banana,KDVI,banana,7,15000,elbo,-236.96519470214844
dbtzm71m,KDVI-banana-seed7,KDVI-banana,KDVI,banana,7,20000,elbo,-300.9187316894531
dbtzm71m,KDVI-banana-seed7,KDVI-banana,KDVI,banana,7,25000,elbo,-420.8502197265625
dbtzm71m,KDVI-banana-seed7,KDVI-banana,KDVI,banana,7,30000,elbo,-278.773681640625
dbtzm71m,KDVI-banana-seed7,KDVI-banana,KDVI,banana,7,35000,elbo,-377.4682312011719
dbtzm71m,KDVI-banana-seed7,KDVI-banana,KDVI,banana,7,40000,elbo,-0.30401483178138733
dbtzm71m,KDVI-banana-seed7,KDVI-banana,KDVI,banana,7,45000,elbo,-1.3544094562530518
dbtzm71m,KDVI-banana-seed7,KDVI-banana,KDVI,banana,7,50000,elbo,-637.2470703125
dbtzm71m,KDVI-banana-seed7,KDVI-banana,KDVI,banana,7,55000,elbo,-0.5881378650665283
dbtzm71m,KDVI-banana-seed7,KDVI-banana,KDVI,banana,7,60000,elbo,-0.25968658924102783
dbtzm71m,KDVI-banana-seed7,KDVI-banana,KDVI,banana,7,65000,elbo,-0.24982348084449768
dbtzm71m,KDVI-banana-seed7,KDVI-banana,KDVI,banana,7,70000,elbo,-0.23233027756214142
dbtzm71m,KDVI-banana-seed7,KDVI-banana,KDVI,banana,7,75000,elbo,-0.24111080169677734
dbtzm71m,KDVI-banana-seed7,KDVI-banana,KDVI,banana,7,80000,elbo,-0.332410603761673
dbtzm71m,KDVI-banana-seed7,KDVI-banana,KDVI,banana,7,85000,elbo,-0.2191811203956604
dbtzm71m,KDVI-banana-seed7,KDVI-banana,KDVI,banana,7,90000,elbo,-0.19373448193073273
dbtzm71m,KDVI-banana-seed7,KDVI-banana,KDVI,banana,7,95000,elbo,-0.1932496726512909
dbtzm71m,KDVI-banana-seed7,KDVI-banana,KDVI,banana,7,100000,elbo,-0.1926562339067459
g5eanpzf,KDVI-banana-seed42,KDVI-banana,KDVI,banana,42,5000,kl_ite,2.6420505864461963
g5eanpzf,KDVI-banana-seed42,KDVI-banana,KDVI,banana,42,10000,kl_ite,2.752570853125983
g5eanpzf,KDVI-banana-seed42,KDVI-banana,KDVI,banana,42,15000,kl_ite,2.7427411183540396
g5eanpzf,KDVI-banana-seed42,KDVI-banana,KDVI,banana,42,20000,kl_ite,2.7566105323869006
g5eanpzf,KDVI-banana-seed42,KDVI-banana,KDVI,banana,42,25000,kl_ite,2.735008169018073
g5eanpzf,KDVI-banana-seed42,KDVI-banana,KDVI,banana,42,30000,kl_ite,2.7185918305904635
g5eanpzf,KDVI-banana-seed42,KDVI-banana,KDVI,banana,42,35000,kl_ite,2.7806300063728213
g5eanpzf,KDVI-banana-seed42,KDVI-banana,KDVI,banana,42,40000,kl_ite,2.739197029763363
g5eanpzf,KDVI-banana-seed42,KDVI-banana,KDVI,banana,42,45000,kl_ite,2.733381819923811
g5eanpzf,KDVI-banana-seed42,KDVI-banana,KDVI,banana,42,50000,kl_ite,2.768043481270224
g5eanpzf,KDVI-banana-seed42,KDVI-banana,KDVI,banana,42,55000,kl_ite,2.7388551447953073
g5eanpzf,KDVI-banana-seed42,KDVI-banana,KDVI,banana,42,60000,kl_ite,2.7382667274612817
g5eanpzf,KDVI-banana-seed42,KDVI-banana,KDVI,banana,42,65000,kl_ite,2.7502827289462055
g5eanpzf,KDVI-banana-seed42,KDVI-banana,KDVI,banana,42,70000,kl_ite,2.7214000505287848
g5eanpzf,KDVI-banana-seed42,KDVI-banana,KDVI,banana,42,75000,kl_ite,2.693927593266819
g5eanpzf,KDVI-banana-seed42,KDVI-banana,KDVI,banana,42,80000,kl_ite,2.7143699124717555
g5eanpzf,KDVI-banana-seed42,KDVI-banana,KDVI,banana,42,85000,kl_ite,2.750826150270764
g5eanpzf,KDVI-banana-seed42,KDVI-banana,KDVI,banana,42,90000,kl_ite,2.74055906467813
g5eanpzf,KDVI-banana-seed42,KDVI-banana,KDVI,banana,42,95000,kl_ite,2.5337430422475387
g5eanpzf,KDVI-banana-seed42,KDVI-banana,KDVI,banana,42,100000,kl_ite,0.34862359550353994
g5eanpzf,KDVI-banana-seed42,KDVI-banana,KDVI,banana,42,5000,w2,1.038077712059021
g5eanpzf,KDVI-banana-seed42,KDVI-banana,KDVI,banana,42,10000,w2,1.0307166576385498
g5eanpzf,KDVI-banana-seed42,KDVI-banana,KDVI,banana,42,15000,w2,1.0620893239974976
g5eanpzf,KDVI-banana-seed42,KDVI-banana,KDVI,banana,42,20000,w2,1.040503740310669
g5eanpzf,KDVI-banana-seed42,KDVI-banana,KDVI,banana,42,25000,w2,1.051666259765625
g5eanpzf,KDVI-banana-seed42,KDVI-banana,KDVI,banana,42,30000,w2,1.0275704860687256
g5eanpzf,KDVI-banana-seed42,KDVI-banana,KDVI,banana,42,35000,w2,1.0589898824691772
g5eanpzf,KDVI-banana-seed42,KDVI-banana,KDVI,banana,42,40000,w2,1.0679603815078735
g5eanpzf,KDVI-banana-seed42,KDVI-banana,KDVI,banana,42,45000,w2,1.0409700870513916
g5eanpzf,KDVI-banana-seed42,KDVI-banana,KDVI,banana,42,50000,w2,1.0198416709899902
g5eanpzf,KDVI-banana-seed42,KDVI-banana,KDVI,banana,42,55000,w2,1.0293840169906616
g5eanpzf,KDVI-banana-seed42,KDVI-banana,KDVI,banana,42,60000,w2,1.0411889553070068
g5eanpzf,KDVI-banana-seed42,KDVI-banana,KDVI,banana,42,65000,w2,1.0514439344406128
g5eanpzf,KDVI-banana-seed42,KDVI-banana,KDVI,banana,42,70000,w2,1.0425975322723389
g5eanpzf,KDVI-banana-seed42,KDVI-banana,KDVI,banana,42,75000,w2,1.0338619947433472
g5eanpzf,KDVI-banana-seed42,KDVI-banana,KDVI,banana,42,80000,w2,1.066026210784912
g5eanpzf,KDVI-banana-seed42,KDVI-banana,KDVI,banana,42,85000,w2,1.0461668968200684
g5eanpzf,KDVI-banana-seed42,KDVI-banana,KDVI,banana,42,90000,w2,1.0409679412841797
g5eanpzf,KDVI-banana-seed42,KDVI-banana,KDVI,banana,42,95000,w2,0.8774055242538452
g5eanpzf,KDVI-banana-seed42,KDVI-banana,KDVI,banana,42,100000,w2,0.9475866556167603
g5eanpzf,KDVI-banana-seed42,KDVI-banana,KDVI,banana,42,5000,elbo,-96.72541046142578
g5eanpzf,KDVI-banana-seed42,KDVI-banana,KDVI,banana,42,10000,elbo,-78.98491668701172
g5eanpzf,KDVI-banana-seed42,KDVI-banana,KDVI,banana,42,15000,elbo,-96.92118835449219
g5eanpzf,KDVI-banana-seed42,KDVI-banana,KDVI,banana,42,20000,elbo,-92.50697326660156
g5eanpzf,KDVI-banana-seed42,KDVI-banana,KDVI,banana,42,25000,elbo,-96.45551300048828
g5eanpzf,KDVI-banana-seed42,KDVI-banana,KDVI,banana,42,30000,elbo,-84.850341796875
g5eanpzf,KDVI-banana-seed42,KDVI-banana,KDVI,banana,42,35000,elbo,-83.94901275634766
g5eanpzf,KDVI-banana-seed42,KDVI-banana,KDVI,banana,42,40000,elbo,-86.8304443359375
g5eanpzf,KDVI-banana-seed42,KDVI-banana,KDVI,banana,42,45000,elbo,-91.71881866455078
g5eanpzf,KDVI-banana-seed42,KDVI-banana,KDVI,banana,42,50000,elbo,-96.63108825683594
g5eanpzf,KDVI-banana-seed42,KDVI-banana,KDVI,banana,42,55000,elbo,-97.84651947021484
g5eanpzf,KDVI-banana-seed42,KDVI-banana,KDVI,banana,42,60000,elbo,-93.90628051757812
g5eanpzf,KDVI-banana-seed42,KDVI-banana,KDVI,banana,42,65000,elbo,-96.45196533203125
g5eanpzf,KDVI-banana-seed42,KDVI-banana,KDVI,banana,42,70000,elbo,-85.72563171386719
g5eanpzf,KDVI-banana-seed42,KDVI-banana,KDVI,banana,42,75000,elbo,-95.93766784667969
g5eanpzf,KDVI-banana-seed42,KDVI-banana,KDVI,banana,42,80000,elbo,-88.82783508300781
g5eanpzf,KDVI-banana-seed42,KDVI-banana,KDVI,banana,42,85000,elbo,-92.26985168457031
g5eanpzf,KDVI-banana-seed42,KDVI-banana,KDVI,banana,42,90000,elbo,-110.14637756347656
g5eanpzf,KDVI-banana-seed42,KDVI-banana,KDVI,banana,42,95000,elbo,-79.56624603271484
g5eanpzf,KDVI-banana-seed42,KDVI-banana,KDVI,banana,42,100000,elbo,-1.6986918449401855
fip0f5tt,KDVI-banana-seed43,KDVI-banana,KDVI,banana,43,5000,kl_ite,2.671790435080942
fip0f5tt,KDVI-banana-seed43,KDVI-banana,KDVI,banana,43,10000,kl_ite,2.715667811447659
fip0f5tt,KDVI-banana-seed43,KDVI-banana,KDVI,banana,43,15000,kl_ite,2.7010908702455407
fip0f5tt,KDVI-banana-seed43,KDVI-banana,KDVI,banana,43,20000,kl_ite,2.6728581600818795
fip0f5tt,KDVI-banana-seed43,KDVI-banana,KDVI,banana,43,25000,kl_ite,2.665839599202875
fip0f5tt,KDVI-banana-seed43,KDVI-banana,KDVI,banana,43,30000,kl_ite,2.703421862842868
fip0f5tt,KDVI-banana-seed43,KDVI-banana,KDVI,banana,43,35000,kl_ite,2.6960940666458586
fip0f5tt,KDVI-banana-seed43,KDVI-banana,KDVI,banana,43,40000,kl_ite,2.704147904888079
fip0f5tt,KDVI-banana-seed43,KDVI-banana,KDVI,banana,43,45000,kl_ite,2.6834002137934263
fip0f5tt,KDVI-banana-seed43,KDVI-banana,KDVI,banana,43,50000,kl_ite,2.7243629067346555
fip0f5tt,KDVI-banana-seed43,KDVI-banana,KDVI,banana,43,55000,kl_ite,2.683730903490345
fip0f5tt,KDVI-banana-seed43,KDVI-banana,KDVI,banana,43,60000,kl_ite,2.6584770691983093
fip0f5tt,KDVI-banana-seed43,KDVI-banana,KDVI,banana,43,65000,kl_ite,2.7180035550903794
fip0f5tt,KDVI-banana-seed43,KDVI-banana,KDVI,banana,43,70000,kl_ite,2.695314873630559
fip0f5tt,KDVI-banana-seed43,KDVI-banana,KDVI,banana,43,75000,kl_ite,2.7657948180458445
fip0f5tt,KDVI-banana-seed43,KDVI-banana,KDVI,banana,43,80000,kl_ite,2.7437419734199016
fip0f5tt,KDVI-banana-seed43,KDVI-banana,KDVI,banana,43,85000,kl_ite,2.683085661129432
fip0f5tt,KDVI-banana-seed43,KDVI-banana,KDVI,banana,43,90000,kl_ite,2.7006364869255615
fip0f5tt,KDVI-banana-seed43,KDVI-banana,KDVI,banana,43,95000,kl_ite,2.769425453303416
fip0f5tt,KDVI-banana-seed43,KDVI-banana,KDVI,banana,43,100000,kl_ite,2.7309274131831676
fip0f5tt,KDVI-banana-seed43,KDVI-banana,KDVI,banana,43,5000,w2,0.8988832235336304
fip0f5tt,KDVI-banana-seed43,KDVI-banana,KDVI,banana,43,10000,w2,0.9177308082580566
fip0f5tt,KDVI-banana-seed43,KDVI-banana,KDVI,banana,43,15000,w2,0.902502179145813
fip0f5tt,KDVI-banana-seed43,KDVI-banana,KDVI,banana,43,20000,w2,0.9133561253547668
fip0f5tt,KDVI-banana-seed43,KDVI-banana,KDVI,banana,43,25000,w2,0.9012159705162048
fip0f5tt,KDVI-banana-seed43,KDVI-banana,KDVI,banana,43,30000,w2,0.9233893156051636
fip0f5tt,KDVI-banana-seed43,KDVI-banana,KDVI,banana,43,35000,w2,0.9131589531898499
fip0f5tt,KDVI-banana-seed43,KDVI-banana,KDVI,banana,43,40000,w2,0.897621750831604
fip0f5tt,KDVI-banana-seed43,KDVI-banana,KDVI,banana,43,45000,w2,0.9292168021202087
fip0f5tt,KDVI-banana-seed43,KDVI-banana,KDVI,banana,43,50000,w2,0.9065214395523071
fip0f5tt,KDVI-banana-seed43,KDVI-banana,KDVI,banana,43,55000,w2,0.9189082980155945
fip0f5tt,KDVI-banana-seed43,KDVI-banana,KDVI,banana,43,60000,w2,0.9067279100418091
fip0f5tt,KDVI-banana-seed43,KDVI-banana,KDVI,banana,43,65000,w2,0.9077357053756714
fip0f5tt,KDVI-banana-seed43,KDVI-banana,KDVI,banana,43,70000,w2,0.9134644269943237
fip0f5tt,KDVI-banana-seed43,KDVI-banana,KDVI,banana,43,75000,w2,0.9233243465423584
fip0f5tt,KDVI-banana-seed43,KDVI-banana,KDVI,banana,43,80000,w2,0.9026271104812622
fip0f5tt,KDVI-banana-seed43,KDVI-banana,KDVI,banana,43,85000,w2,0.9265562891960144
fip0f5tt,KDVI-banana-seed43,KDVI-banana,KDVI,banana,43,90000,w2,0.9358178377151489
fip0f5tt,KDVI-banana-seed43,KDVI-banana,KDVI,banana,43,95000,w2,0.9422167539596558
fip0f5tt,KDVI-banana-seed43,KDVI-banana,KDVI,banana,43,100000,w2,0.9252131581306458
fip0f5tt,KDVI-banana-seed43,KDVI-banana,KDVI,banana,43,5000,elbo,-196.78768920898438
fip0f5tt,KDVI-banana-seed43,KDVI-banana,KDVI,banana,43,10000,elbo,-173.15028381347656
fip0f5tt,KDVI-banana-seed43,KDVI-banana,KDVI,banana,43,15000,elbo,-164.00973510742188
fip0f5tt,KDVI-banana-seed43,KDVI-banana,KDVI,banana,43,20000,elbo,-159.19129943847656
fip0f5tt,KDVI-banana-seed43,KDVI-banana,KDVI,banana,43,25000,elbo,-175.08790588378906
fip0f5tt,KDVI-banana-seed43,KDVI-banana,KDVI,banana,43,30000,elbo,-239.28622436523438
fip0f5tt,KDVI-banana-seed43,KDVI-banana,KDVI,banana,43,35000,elbo,-175.84239196777344
fip0f5tt,KDVI-banana-seed43,KDVI-banana,KDVI,banana,43,40000,elbo,-181.412109375
fip0f5tt,KDVI-banana-seed43,KDVI-banana,KDVI,banana,43,45000,elbo,-179.29541015625
fip0f5tt,KDVI-banana-seed43,KDVI-banana,KDVI,banana,43,50000,elbo,-179.2345733642578
fip0f5tt,KDVI-banana-seed43,KDVI-banana,KDVI,banana,43,55000,elbo,-216.44290161132812
fip0f5tt,KDVI-banana-seed43,KDVI-banana,KDVI,banana,43,60000,elbo,-182.34461975097656
fip0f5tt,KDVI-banana-seed43,KDVI-banana,KDVI,banana,43,65000,elbo,-179.9727325439453
fip0f5tt,KDVI-banana-seed43,KDVI-banana,KDVI,banana,43,70000,elbo,-174.73289489746094
fip0f5tt,KDVI-banana-seed43,KDVI-banana,KDVI,banana,43,75000,elbo,-175.4322052001953
fip0f5tt,KDVI-banana-seed43,KDVI-banana,KDVI,banana,43,80000,elbo,-195.90492248535156
fip0f5tt,KDVI-banana-seed43,KDVI-banana,KDVI,banana,43,85000,elbo,-173.61305236816406
fip0f5tt,KDVI-banana-seed43,KDVI-banana,KDVI,banana,43,90000,elbo,-184.20301818847656
fip0f5tt,KDVI-banana-seed43,KDVI-banana,KDVI,banana,43,95000,elbo,-163.57977294921875
fip0f5tt,KDVI-banana-seed43,KDVI-banana,KDVI,banana,43,100000,elbo,-197.41378784179688
q4banuf1,KDVI-x_shaped-seed0,KDVI-x_shaped,KDVI,x_shaped,0,5000,kl_ite,1.3592163470591383
q4banuf1,KDVI-x_shaped-seed0,KDVI-x_shaped,KDVI,x_shaped,0,10000,kl_ite,0.7736776071215196
q4banuf1,KDVI-x_shaped-seed0,KDVI-x_shaped,KDVI,x_shaped,0,15000,kl_ite,0.5514659356142388
q4banuf1,KDVI-x_shaped-seed0,KDVI-x_shaped,KDVI,x_shaped,0,20000,kl_ite,0.33039933566886487
q4banuf1,KDVI-x_shaped-seed0,KDVI-x_shaped,KDVI,x_shaped,0,25000,kl_ite,0.2534029552026018
q4banuf1,KDVI-x_shaped-seed0,KDVI-x_shaped,KDVI,x_shaped,0,30000,kl_ite,0.13221995609474
q4banuf1,KDVI-x_shaped-seed0,KDVI-x_shaped,KDVI,x_shaped,0,35000,kl_ite,0.0422253681603222
q4banuf1,KDVI-x_shaped-seed0,KDVI-x_shaped,KDVI,x_shaped,0,40000,kl_ite,0.06310073537205363
q4banuf1,KDVI-x_shaped-seed0,KDVI-x_shaped,KDVI,x_shaped,0,45000,kl_ite,0.0321790389678976
q4banuf1,KDVI-x_shaped-seed0,KDVI-x_shaped,KDVI,x_shaped,0,50000,kl_ite,0.03549298009210129
q4banuf1,KDVI-x_shaped-seed0,KDVI-x_shaped,KDVI,x_shaped,0,55000,kl_ite,0.016581741415533514
q4banuf1,KDVI-x_shaped-seed0,KDVI-x_shaped,KDVI,x_shaped,0,60000,kl_ite,0.00959345297232892
q4banuf1,KDVI-x_shaped-seed0,KDVI-x_shaped,KDVI,x_shaped,0,65000,kl_ite,0.004859250906181655
q4banuf1,KDVI-x_shaped-seed0,KDVI-x_shaped,KDVI,x_shaped,0,70000,kl_ite,0.028773906800838238
q4banuf1,KDVI-x_shaped-seed0,KDVI-x_shaped,KDVI,x_shaped,0,75000,kl_ite,0.01375462126280767
q4banuf1,KDVI-x_shaped-seed0,KDVI-x_shaped,KDVI,x_shaped,0,80000,kl_ite,0.009067740915883438
q4banuf1,KDVI-x_shaped-seed0,KDVI-x_shaped,KDVI,x_shaped,0,85000,kl_ite,0.01608751281040645
q4banuf1,KDVI-x_shaped-seed0,KDVI-x_shaped,KDVI,x_shaped,0,90000,kl_ite,-0.0013816588557906656
q4banuf1,KDVI-x_shaped-seed0,KDVI-x_shaped,KDVI,x_shaped,0,95000,kl_ite,0.023278744450595638
q4banuf1,KDVI-x_shaped-seed0,KDVI-x_shaped,KDVI,x_shaped,0,100000,kl_ite,0.029064626468601397
q4banuf1,KDVI-x_shaped-seed0,KDVI-x_shaped,KDVI,x_shaped,0,5000,w2,1.577272653579712
q4banuf1,KDVI-x_shaped-seed0,KDVI-x_shaped,KDVI,x_shaped,0,10000,w2,0.9702793955802917
q4banuf1,KDVI-x_shaped-seed0,KDVI-x_shaped,KDVI,x_shaped,0,15000,w2,0.9078278541564941
q4banuf1,KDVI-x_shaped-seed0,KDVI-x_shaped,KDVI,x_shaped,0,20000,w2,0.510276734828949
q4banuf1,KDVI-x_shaped-seed0,KDVI-x_shaped,KDVI,x_shaped,0,25000,w2,0.5500708818435669
q4banuf1,KDVI-x_shaped-seed0,KDVI-x_shaped,KDVI,x_shaped,0,30000,w2,0.3422839641571045
q4banuf1,KDVI-x_shaped-seed0,KDVI-x_shaped,KDVI,x_shaped,0,35000,w2,0.18571354448795319
q4banuf1,KDVI-x_shaped-seed0,KDVI-x_shaped,KDVI,x_shaped,0,40000,w2,0.08709820359945297
q4banuf1,KDVI-x_shaped-seed0,KDVI-x_shaped,KDVI,x_shaped,0,45000,w2,0.11133172363042831
q4banuf1,KDVI-x_shaped-seed0,KDVI-x_shaped,KDVI,x_shaped,0,50000,w2,0.10490725189447403
q4banuf1,KDVI-x_shaped-seed0,KDVI-x_shaped,KDVI,x_shaped,0,55000,w2,0.10732570290565491
q4banuf1,KDVI-x_shaped-seed0,KDVI-x_shaped,KDVI,x_shaped,0,60000,w2,0.08982586860656738
q4banuf1,KDVI-x_shaped-seed0,KDVI-x_shaped,KDVI,x_shaped,0,65000,w2,0.09306943416595459
q4banuf1,KDVI-x_shaped-seed0,KDVI-x_shaped,KDVI,x_shaped,0,70000,w2,0.11742611229419708
q4banuf1,KDVI-x_shaped-seed0,KDVI-x_shaped,KDVI,x_shaped,0,75000,w2,0.09413108974695206
q4banuf1,KDVI-x_shaped-seed0,KDVI-x_shaped,KDVI,x_shaped,0,80000,w2,0.08387858420610428
q4banuf1,KDVI-x_shaped-seed0,KDVI-x_shaped,KDVI,x_shaped,0,85000,w2,0.10775182396173477
q4banuf1,KDVI-x_shaped-seed0,KDVI-x_shaped,KDVI,x_shaped,0,90000,w2,0.10446181893348694
q4banuf1,KDVI-x_shaped-seed0,KDVI-x_shaped,KDVI,x_shaped,0,95000,w2,0.09085163474082947
q4banuf1,KDVI-x_shaped-seed0,KDVI-x_shaped,KDVI,x_shaped,0,100000,w2,0.08820612728595734
q4banuf1,KDVI-x_shaped-seed0,KDVI-x_shaped,KDVI,x_shaped,0,5000,elbo,-2.9529824256896973
q4banuf1,KDVI-x_shaped-seed0,KDVI-x_shaped,KDVI,x_shaped,0,10000,elbo,-1.6482833623886108
q4banuf1,KDVI-x_shaped-seed0,KDVI-x_shaped,KDVI,x_shaped,0,15000,elbo,-1.1165364980697632
q4banuf1,KDVI-x_shaped-seed0,KDVI-x_shaped,KDVI,x_shaped,0,20000,elbo,-0.6863738298416138
q4banuf1,KDVI-x_shaped-seed0,KDVI-x_shaped,KDVI,x_shaped,0,25000,elbo,-0.5438178181648254
q4banuf1,KDVI-x_shaped-seed0,KDVI-x_shaped,KDVI,x_shaped,0,30000,elbo,-0.36412572860717773
q4banuf1,KDVI-x_shaped-seed0,KDVI-x_shaped,KDVI,x_shaped,0,35000,elbo,-0.2400311976671219
q4banuf1,KDVI-x_shaped-seed0,KDVI-x_shaped,KDVI,x_shaped,0,40000,elbo,-0.17364275455474854
q4banuf1,KDVI-x_shaped-seed0,KDVI-x_shaped,KDVI,x_shaped,0,45000,elbo,-0.1596321016550064
q4banuf1,KDVI-x_shaped-seed0,KDVI-x_shaped,KDVI,x_shaped,0,50000,elbo,-0.14748649299144745
q4banuf1,KDVI-x_shaped-seed0,KDVI-x_shaped,KDVI,x_shaped,0,55000,elbo,-0.14767879247665405
q4banuf1,KDVI-x_shaped-seed0,KDVI-x_shaped,KDVI,x_shaped,0,60000,elbo,-0.1471136212348938
q4banuf1,KDVI-x_shaped-seed0,KDVI-x_shaped,KDVI,x_shaped,0,65000,elbo,-0.14480222761631012
q4banuf1,KDVI-x_shaped-seed0,KDVI-x_shaped,KDVI,x_shaped,0,70000,elbo,-0.13983353972434998
q4banuf1,KDVI-x_shaped-seed0,KDVI-x_shaped,KDVI,x_shaped,0,75000,elbo,-0.1317862719297409
q4banuf1,KDVI-x_shaped-seed0,KDVI-x_shaped,KDVI,x_shaped,0,80000,elbo,-0.1413862556219101
q4banuf1,KDVI-x_shaped-seed0,KDVI-x_shaped,KDVI,x_shaped,0,85000,elbo,-0.12047577649354935
q4banuf1,KDVI-x_shaped-seed0,KDVI-x_shaped,KDVI,x_shaped,0,90000,elbo,-0.13369041681289673
q4banuf1,KDVI-x_shaped-seed0,KDVI-x_shaped,KDVI,x_shaped,0,95000,elbo,-0.13519342243671417
q4banuf1,KDVI-x_shaped-seed0,KDVI-x_shaped,KDVI,x_shaped,0,100000,elbo,-0.13847428560256958
b3e0lb0v,KDVI-x_shaped-seed1,KDVI-x_shaped,KDVI,x_shaped,1,5000,kl_ite,1.648237048160021
b3e0lb0v,KDVI-x_shaped-seed1,KDVI-x_shaped,KDVI,x_shaped,1,10000,kl_ite,0.7840456843372954
b3e0lb0v,KDVI-x_shaped-seed1,KDVI-x_shaped,KDVI,x_shaped,1,15000,kl_ite,0.42944047137449454
b3e0lb0v,KDVI-x_shaped-seed1,KDVI-x_shaped,KDVI,x_shaped,1,20000,kl_ite,0.35507284472622297
b3e0lb0v,KDVI-x_shaped-seed1,KDVI-x_shaped,KDVI,x_shaped,1,25000,kl_ite,0.17915159558387875
b3e0lb0v,KDVI-x_shaped-seed1,KDVI-x_shaped,KDVI,x_shaped,1,30000,kl_ite,0.07536318449842404
b3e0lb0v,KDVI-x_shaped-seed1,KDVI-x_shaped,KDVI,x_shaped,1,35000,kl_ite,0.0579473576542988
b3e0lb0v,KDVI-x_shaped-seed1,KDVI-x_shaped,KDVI,x_shaped,1,40000,kl_ite,0.04885446139238746
b3e0lb0v,KDVI-x_shaped-seed1,KDVI-x_shaped,KDVI,x_shaped,1,45000,kl_ite,0.0044067606475382114
b3e0lb0v,KDVI-x_shaped-seed1,KDVI-x_shaped,KDVI,x_shaped,1,50000,kl_ite,0.026158044221079903
b3e0lb0v,KDVI-x_shaped-seed1,KDVI-x_shaped,KDVI,x_shaped,1,55000,kl_ite,0.042161628388174784
b3e0lb0v,KDVI-x_shaped-seed1,KDVI-x_shaped,KDVI,x_shaped,1,60000,kl_ite,0.015601549473413358
b3e0lb0v,KDVI-x_shaped-seed1,KDVI-x_shaped,KDVI,x_shaped,1,65000,kl_ite,0.025752008364851045
b3e0lb0v,KDVI-x_shaped-seed1,KDVI-x_shaped,KDVI,x_shaped,1,70000,kl_ite,0.015319489898345317
b3e0lb0v,KDVI-x_shaped-seed1,KDVI-x_shaped,KDVI,x_shaped,1,75000,kl_ite,0.026640047343454033
b3e0lb0v,KDVI-x_shaped-seed1,KDVI-x_shaped,KDVI,x_shaped,1,80000,kl_ite,0.02117458414033065
b3e0lb0v,KDVI-x_shaped-seed1,KDVI-x_shaped,KDVI,x_shaped,1,85000,kl_ite,0.016783559143690802
b3e0lb0v,KDVI-x_shaped-seed1,KDVI-x_shaped,KDVI,x_shaped,1,90000,kl_ite,0.00901802077188996
b3e0lb0v,KDVI-x_shaped-seed1,KDVI-x_shaped,KDVI,x_shaped,1,95000,kl_ite,0.02928209754040778
b3e0lb0v,KDVI-x_shaped-seed1,KDVI-x_shaped,KDVI,x_shaped,1,100000,kl_ite,0.021789244858550286
b3e0lb0v,KDVI-x_shaped-seed1,KDVI-x_shaped,KDVI,x_shaped,1,5000,w2,1.865241527557373
b3e0lb0v,KDVI-x_shaped-seed1,KDVI-x_shaped,KDVI,x_shaped,1,10000,w2,1.1677221059799194
b3e0lb0v,KDVI-x_shaped-seed1,KDVI-x_shaped,KDVI,x_shaped,1,15000,w2,0.7600225210189819
b3e0lb0v,KDVI-x_shaped-seed1,KDVI-x_shaped,KDVI,x_shaped,1,20000,w2,1.4802300930023193
b3e0lb0v,KDVI-x_shaped-seed1,KDVI-x_shaped,KDVI,x_shaped,1,25000,w2,0.3903062045574188
b3e0lb0v,KDVI-x_shaped-seed1,KDVI-x_shaped,KDVI,x_shaped,1,30000,w2,0.2386995106935501
b3e0lb0v,KDVI-x_shaped-seed1,KDVI-x_shaped,KDVI,x_shaped,1,35000,w2,0.1666540652513504
b3e0lb0v,KDVI-x_shaped-seed1,KDVI-x_shaped,KDVI,x_shaped,1,40000,w2,0.30480295419692993
b3e0lb0v,KDVI-x_shaped-seed1,KDVI-x_shaped,KDVI,x_shaped,1,45000,w2,0.1157168447971344
b3e0lb0v,KDVI-x_shaped-seed1,KDVI-x_shaped,KDVI,x_shaped,1,50000,w2,0.08383775502443314
b3e0lb0v,KDVI-x_shaped-seed1,KDVI-x_shaped,KDVI,x_shaped,1,55000,w2,0.08286289125680923
b3e0lb0v,KDVI-x_shaped-seed1,KDVI-x_shaped,KDVI,x_shaped,1,60000,w2,0.062290824949741364
b3e0lb0v,KDVI-x_shaped-seed1,KDVI-x_shaped,KDVI,x_shaped,1,65000,w2,0.12426235526800156
b3e0lb0v,KDVI-x_shaped-seed1,KDVI-x_shaped,KDVI,x_shaped,1,70000,w2,0.09322663396596909
b3e0lb0v,KDVI-x_shaped-seed1,KDVI-x_shaped,KDVI,x_shaped,1,75000,w2,0.09606093913316727
b3e0lb0v,KDVI-x_shaped-seed1,KDVI-x_shaped,KDVI,x_shaped,1,80000,w2,0.054202329367399216
b3e0lb0v,KDVI-x_shaped-seed1,KDVI-x_shaped,KDVI,x_shaped,1,85000,w2,0.08492884039878845
b3e0lb0v,KDVI-x_shaped-seed1,KDVI-x_shaped,KDVI,x_shaped,1,90000,w2,0.07326874881982803
b3e0lb0v,KDVI-x_shaped-seed1,KDVI-x_shaped,KDVI,x_shaped,1,95000,w2,0.09799850732088089
b3e0lb0v,KDVI-x_shaped-seed1,KDVI-x_shaped,KDVI,x_shaped,1,100000,w2,0.08914387971162796
b3e0lb0v,KDVI-x_shaped-seed1,KDVI-x_shaped,KDVI,x_shaped,1,5000,elbo,-3.852304697036743
b3e0lb0v,KDVI-x_shaped-seed1,KDVI-x_shaped,KDVI,x_shaped,1,10000,elbo,-1.5232470035552979
b3e0lb0v,KDVI-x_shaped-seed1,KDVI-x_shaped,KDVI,x_shaped,1,15000,elbo,-0.9289301037788391
b3e0lb0v,KDVI-x_shaped-seed1,KDVI-x_shaped,KDVI,x_shaped,1,20000,elbo,-14.865743637084961
b3e0lb0v,KDVI-x_shaped-seed1,KDVI-x_shaped,KDVI,x_shaped,1,25000,elbo,-0.4512687027454376
b3e0lb0v,KDVI-x_shaped-seed1,KDVI-x_shaped,KDVI,x_shaped,1,30000,elbo,-0.26949676871299744
b3e0lb0v,KDVI-x_shaped-seed1,KDVI-x_shaped,KDVI,x_shaped,1,35000,elbo,-0.24602007865905762
b3e0lb0v,KDVI-x_shaped-seed1,KDVI-x_shaped,KDVI,x_shaped,1,40000,elbo,-0.3883943259716034
b3e0lb0v,KDVI-x_shaped-seed1,KDVI-x_shaped,KDVI,x_shaped,1,45000,elbo,-0.19990497827529907
b3e0lb0v,KDVI-x_shaped-seed1,KDVI-x_shaped,KDVI,x_shaped,1,50000,elbo,-0.13945192098617554
b3e0lb0v,KDVI-x_shaped-seed1,KDVI-x_shaped,KDVI,x_shaped,1,55000,elbo,-0.161931112408638
b3e0lb0v,KDVI-x_shaped-seed1,KDVI-x_shaped,KDVI,x_shaped,1,60000,elbo,-0.1467219740152359
b3e0lb0v,KDVI-x_shaped-seed1,KDVI-x_shaped,KDVI,x_shaped,1,65000,elbo,-0.13727930188179016
b3e0lb0v,KDVI-x_shaped-seed1,KDVI-x_shaped,KDVI,x_shaped,1,70000,elbo,-0.13279861211776733
b3e0lb0v,KDVI-x_shaped-seed1,KDVI-x_shaped,KDVI,x_shaped,1,75000,elbo,-0.14974050223827362
b3e0lb0v,KDVI-x_shaped-seed1,KDVI-x_shaped,KDVI,x_shaped,1,80000,elbo,-0.14087611436843872
b3e0lb0v,KDVI-x_shaped-seed1,KDVI-x_shaped,KDVI,x_shaped,1,85000,elbo,-0.1413736790418625
b3e0lb0v,KDVI-x_shaped-seed1,KDVI-x_shaped,KDVI,x_shaped,1,90000,elbo,-0.13732139766216278
b3e0lb0v,KDVI-x_shaped-seed1,KDVI-x_shaped,KDVI,x_shaped,1,95000,elbo,-0.12926441431045532
b3e0lb0v,KDVI-x_shaped-seed1,KDVI-x_shaped,KDVI,x_shaped,1,100000,elbo,-0.1256774365901947
pt1v6u77,KDVI-x_shaped-seed7,KDVI-x_shaped,KDVI,x_shaped,7,5000,kl_ite,1.3156644505609993
pt1v6u77,KDVI-x_shaped-seed7,KDVI-x_shaped,KDVI,x_shaped,7,10000,kl_ite,0.7154310762171442
pt1v6u77,KDVI-x_shaped-seed7,KDVI-x_shaped,KDVI,x_shaped,7,15000,kl_ite,0.6102699456228425
pt1v6u77,KDVI-x_shaped-seed7,KDVI-x_shaped,KDVI,x_shaped,7,20000,kl_ite,0.165206192030012
pt1v6u77,KDVI-x_shaped-seed7,KDVI-x_shaped,KDVI,x_shaped,7,25000,kl_ite,0.14124561037801603
pt1v6u77,KDVI-x_shaped-seed7,KDVI-x_shaped,KDVI,x_shaped,7,30000,kl_ite,0.07563534388119272
pt1v6u77,KDVI-x_shaped-seed7,KDVI-x_shaped,KDVI,x_shaped,7,35000,kl_ite,0.10846160407273082
pt1v6u77,KDVI-x_shaped-seed7,KDVI-x_shaped,KDVI,x_shaped,7,40000,kl_ite,0.06510215874499542
pt1v6u77,KDVI-x_shaped-seed7,KDVI-x_shaped,KDVI,x_shaped,7,45000,kl_ite,0.02168775922491961
pt1v6u77,KDVI-x_shaped-seed7,KDVI-x_shaped,KDVI,x_shaped,7,50000,kl_ite,0.028771276514875738
pt1v6u77,KDVI-x_shaped-seed7,KDVI-x_shaped,KDVI,x_shaped,7,55000,kl_ite,0.020894580955501004
pt1v6u77,KDVI-x_shaped-seed7,KDVI-x_shaped,KDVI,x_shaped,7,60000,kl_ite,0.026134851887707485
pt1v6u77,KDVI-x_shaped-seed7,KDVI-x_shaped,KDVI,x_shaped,7,65000,kl_ite,0.010365708687284588
pt1v6u77,KDVI-x_shaped-seed7,KDVI-x_shaped,KDVI,x_shaped,7,70000,kl_ite,0.013768668934257119
pt1v6u77,KDVI-x_shaped-seed7,KDVI-x_shaped,KDVI,x_shaped,7,75000,kl_ite,0.012357529546338631
pt1v6u77,KDVI-x_shaped-seed7,KDVI-x_shaped,KDVI,x_shaped,7,80000,kl_ite,0.0310202326177824
pt1v6u77,KDVI-x_shaped-seed7,KDVI-x_shaped,KDVI,x_shaped,7,85000,kl_ite,0.034828703101568416
pt1v6u77,KDVI-x_shaped-seed7,KDVI-x_shaped,KDVI,x_shaped,7,90000,kl_ite,0.02968129323523016
pt1v6u77,KDVI-x_shaped-seed7,KDVI-x_shaped,KDVI,x_shaped,7,95000,kl_ite,0.01360306577736623
pt1v6u77,KDVI-x_shaped-seed7,KDVI-x_shaped,KDVI,x_shaped,7,100000,kl_ite,-0.002543740357637291
pt1v6u77,KDVI-x_shaped-seed7,KDVI-x_shaped,KDVI,x_shaped,7,5000,w2,1.7152183055877686
pt1v6u77,KDVI-x_shaped-seed7,KDVI-x_shaped,KDVI,x_shaped,7,10000,w2,1.1173677444458008
pt1v6u77,KDVI-x_shaped-seed7,KDVI-x_shaped,KDVI,x_shaped,7,15000,w2,0.9379585385322571
pt1v6u77,KDVI-x_shaped-seed7,KDVI-x_shaped,KDVI,x_shaped,7,20000,w2,0.3882216811180115
pt1v6u77,KDVI-x_shaped-seed7,KDVI-x_shaped,KDVI,x_shaped,7,25000,w2,0.3802325427532196
pt1v6u77,KDVI-x_shaped-seed7,KDVI-x_shaped,KDVI,x_shaped,7,30000,w2,0.3152899742126465
pt1v6u77,KDVI-x_shaped-seed7,KDVI-x_shaped,KDVI,x_shaped,7,35000,w2,0.2822931408882141
pt1v6u77,KDVI-x_shaped-seed7,KDVI-x_shaped,KDVI,x_shaped,7,40000,w2,0.22208952903747559
pt1v6u77,KDVI-x_shaped-seed7,KDVI-x_shaped,KDVI,x_shaped,7,45000,w2,0.09601219743490219
pt1v6u77,KDVI-x_shaped-seed7,KDVI-x_shaped,KDVI,x_shaped,7,50000,w2,0.0804964080452919
pt1v6u77,KDVI-x_shaped-seed7,KDVI-x_shaped,KDVI,x_shaped,7,55000,w2,0.11996668577194214
pt1v6u77,KDVI-x_shaped-seed7,KDVI-x_shaped,KDVI,x_shaped,7,60000,w2,0.11184517294168472
pt1v6u77,KDVI-x_shaped-seed7,KDVI-x_shaped,KDVI,x_shaped,7,65000,w2,0.10447368025779724
pt1v6u77,KDVI-x_shaped-seed7,KDVI-x_shaped,KDVI,x_shaped,7,70000,w2,0.09885125607252121
pt1v6u77,KDVI-x_shaped-seed7,KDVI-x_shaped,KDVI,x_shaped,7,75000,w2,0.10233177244663239
pt1v6u77,KDVI-x_shaped-seed7,KDVI-x_shaped,KDVI,x_shaped,7,80000,w2,0.08529353141784668
pt1v6u77,KDVI-x_shaped-seed7,KDVI-x_shaped,KDVI,x_shaped,7,85000,w2,0.08177893608808517
pt1v6u77,KDVI-x_shaped-seed7,KDVI-x_shaped,KDVI,x_shaped,7,90000,w2,0.08162105083465576
pt1v6u77,KDVI-x_shaped-seed7,KDVI-x_shaped,KDVI,x_shaped,7,95000,w2,0.08587948232889175
pt1v6u77,KDVI-x_shaped-seed7,KDVI-x_shaped,KDVI,x_shaped,7,100000,w2,0.06958412379026413
pt1v6u77,KDVI-x_shaped-seed7,KDVI-x_shaped,KDVI,x_shaped,7,5000,elbo,-2.154651403427124
pt1v6u77,KDVI-x_shaped-seed7,KDVI-x_shaped,KDVI,x_shaped,7,10000,elbo,-1.5684866905212402
pt1v6u77,KDVI-x_shaped-seed7,KDVI-x_shaped,KDVI,x_shaped,7,15000,elbo,-1.2276089191436768
pt1v6u77,KDVI-x_shaped-seed7,KDVI-x_shaped,KDVI,x_shaped,7,20000,elbo,-0.40119296312332153
pt1v6u77,KDVI-x_shaped-seed7,KDVI-x_shaped,KDVI,x_shaped,7,25000,elbo,-0.34032514691352844
pt1v6u77,KDVI-x_shaped-seed7,KDVI-x_shaped,KDVI,x_shaped,7,30000,elbo,-0.37477999925613403
pt1v6u77,KDVI-x_shaped-seed7,KDVI-x_shaped,KDVI,x_shaped,7,35000,elbo,-0.34564337134361267
pt1v6u77,KDVI-x_shaped-seed7,KDVI-x_shaped,KDVI,x_shaped,7,40000,elbo,-0.22278371453285217
pt1v6u77,KDVI-x_shaped-seed7,KDVI-x_shaped,KDVI,x_shaped,7,45000,elbo,-0.15556392073631287
pt1v6u77,KDVI-x_shaped-seed7,KDVI-x_shaped,KDVI,x_shaped,7,50000,elbo,-0.1404944360256195
pt1v6u77,KDVI-x_shaped-seed7,KDVI-x_shaped,KDVI,x_shaped,7,55000,elbo,-0.1362086832523346
pt1v6u77,KDVI-x_shaped-seed7,KDVI-x_shaped,KDVI,x_shaped,7,60000,elbo,-0.13050228357315063
pt1v6u77,KDVI-x_shaped-seed7,KDVI-x_shaped,KDVI,x_shaped,7,65000,elbo,-0.13423903286457062
pt1v6u77,KDVI-x_shaped-seed7,KDVI-x_shaped,KDVI,x_shaped,7,70000,elbo,-0.16243384778499603
pt1v6u77,KDVI-x_shaped-seed7,KDVI-x_shaped,KDVI,x_shaped,7,75000,elbo,-0.1262582242488861
pt1v6u77,KDVI-x_shaped-seed7,KDVI-x_shaped,KDVI,x_shaped,7,80000,elbo,-0.12388301640748978
pt1v6u77,KDVI-x_shaped-seed7,KDVI-x_shaped,KDVI,x_shaped,7,85000,elbo,-0.1422102153301239
pt1v6u77,KDVI-x_shaped-seed7,KDVI-x_shaped,KDVI,x_shaped,7,90000,elbo,-0.12833045423030853
pt1v6u77,KDVI-x_shaped-seed7,KDVI-x_shaped,KDVI,x_shaped,7,95000,elbo,-0.13007166981697083
pt1v6u77,KDVI-x_shaped-seed7,KDVI-x_shaped,KDVI,x_shaped,7,100000,elbo,-0.13786005973815918
et8acc3n,KDVI-x_shaped-seed42,KDVI-x_shaped,KDVI,x_shaped,42,5000,kl_ite,1.5539050272784252
et8acc3n,KDVI-x_shaped-seed42,KDVI-x_shaped,KDVI,x_shaped,42,10000,kl_ite,0.9582663200941166
et8acc3n,KDVI-x_shaped-seed42,KDVI-x_shaped,KDVI,x_shaped,42,15000,kl_ite,0.633368252983706
et8acc3n,KDVI-x_shaped-seed42,KDVI-x_shaped,KDVI,x_shaped,42,20000,kl_ite,0.3941642220279941
et8acc3n,KDVI-x_shaped-seed42,KDVI-x_shaped,KDVI,x_shaped,42,25000,kl_ite,0.2115404581057133
et8acc3n,KDVI-x_shaped-seed42,KDVI-x_shaped,KDVI,x_shaped,42,30000,kl_ite,0.10192998015526042
et8acc3n,KDVI-x_shaped-seed42,KDVI-x_shaped,KDVI,x_shaped,42,35000,kl_ite,0.052042038875597274
et8acc3n,KDVI-x_shaped-seed42,KDVI-x_shaped,KDVI,x_shaped,42,40000,kl_ite,0.04350593099557548
et8acc3n,KDVI-x_shaped-seed42,KDVI-x_shaped,KDVI,x_shaped,42,45000,kl_ite,0.028632938893190723
et8acc3n,KDVI-x_shaped-seed42,KDVI-x_shaped,KDVI,x_shaped,42,50000,kl_ite,0.020410409004427373
et8acc3n,KDVI-x_shaped-seed42,KDVI-x_shaped,KDVI,x_shaped,42,55000,kl_ite,0.022914142695096285
et8acc3n,KDVI-x_shaped-seed42,KDVI-x_shaped,KDVI,x_shaped,42,60000,kl_ite,0.016276849888618647
et8acc3n,KDVI-x_shaped-seed42,KDVI-x_shaped,KDVI,x_shaped,42,65000,kl_ite,0.03246196289471387
et8acc3n,KDVI-x_shaped-seed42,KDVI-x_shaped,KDVI,x_shaped,42,70000,kl_ite,0.018030644469359484
et8acc3n,KDVI-x_shaped-seed42,KDVI-x_shaped,KDVI,x_shaped,42,75000,kl_ite,0.01353174342760644
et8acc3n,KDVI-x_shaped-seed42,KDVI-x_shaped,KDVI,x_shaped,42,80000,kl_ite,0.034473956687701916
et8acc3n,KDVI-x_shaped-seed42,KDVI-x_shaped,KDVI,x_shaped,42,85000,kl_ite,0.029751762995197148
et8acc3n,KDVI-x_shaped-seed42,KDVI-x_shaped,KDVI,x_shaped,42,90000,kl_ite,0.024634450007994226
et8acc3n,KDVI-x_shaped-seed42,KDVI-x_shaped,KDVI,x_shaped,42,95000,kl_ite,0.020186753236704456
et8acc3n,KDVI-x_shaped-seed42,KDVI-x_shaped,KDVI,x_shaped,42,100000,kl_ite,0.023231041660266783
et8acc3n,KDVI-x_shaped-seed42,KDVI-x_shaped,KDVI,x_shaped,42,5000,w2,1.90116286277771
et8acc3n,KDVI-x_shaped-seed42,KDVI-x_shaped,KDVI,x_shaped,42,10000,w2,1.200671672821045
et8acc3n,KDVI-x_shaped-seed42,KDVI-x_shaped,KDVI,x_shaped,42,15000,w2,1.9084745645523071
et8acc3n,KDVI-x_shaped-seed42,KDVI-x_shaped,KDVI,x_shaped,42,20000,w2,0.7449068427085876
et8acc3n,KDVI-x_shaped-seed42,KDVI-x_shaped,KDVI,x_shaped,42,25000,w2,0.5743460655212402
et8acc3n,KDVI-x_shaped-seed42,KDVI-x_shaped,KDVI,x_shaped,42,30000,w2,0.31617292761802673
et8acc3n,KDVI-x_shaped-seed42,KDVI-x_shaped,KDVI,x_shaped,42,35000,w2,0.14922985434532166
et8acc3n,KDVI-x_shaped-seed42,KDVI-x_shaped,KDVI,x_shaped,42,40000,w2,0.16980479657649994
et8acc3n,KDVI-x_shaped-seed42,KDVI-x_shaped,KDVI,x_shaped,42,45000,w2,0.13454701006412506
et8acc3n,KDVI-x_shaped-seed42,KDVI-x_shaped,KDVI,x_shaped,42,50000,w2,0.1005123108625412
et8acc3n,KDVI-x_shaped-seed42,KDVI-x_shaped,KDVI,x_shaped,42,55000,w2,0.10074753314256668
et8acc3n,KDVI-x_shaped-seed42,KDVI-x_shaped,KDVI,x_shaped,42,60000,w2,0.09403415024280548
et8acc3n,KDVI-x_shaped-seed42,KDVI-x_shaped,KDVI,x_shaped,42,65000,w2,0.08654642850160599
et8acc3n,KDVI-x_shaped-seed42,KDVI-x_shaped,KDVI,x_shaped,42,70000,w2,0.09057474136352539
et8acc3n,KDVI-x_shaped-seed42,KDVI-x_shaped,KDVI,x_shaped,42,75000,w2,0.09240958839654922
et8acc3n,KDVI-x_shaped-seed42,KDVI-x_shaped,KDVI,x_shaped,42,80000,w2,0.08325677365064621
et8acc3n,KDVI-x_shaped-seed42,KDVI-x_shaped,KDVI,x_shaped,42,85000,w2,0.10763265937566757
et8acc3n,KDVI-x_shaped-seed42,KDVI-x_shaped,KDVI,x_shaped,42,90000,w2,0.07667598873376846
et8acc3n,KDVI-x_shaped-seed42,KDVI-x_shaped,KDVI,x_shaped,42,95000,w2,0.07995513081550598
et8acc3n,KDVI-x_shaped-seed42,KDVI-x_shaped,KDVI,x_shaped,42,100000,w2,0.07900108397006989
et8acc3n,KDVI-x_shaped-seed42,KDVI-x_shaped,KDVI,x_shaped,42,5000,elbo,-3.568610191345215
et8acc3n,KDVI-x_shaped-seed42,KDVI-x_shaped,KDVI,x_shaped,42,10000,elbo,-1.774744987487793
et8acc3n,KDVI-x_shaped-seed42,KDVI-x_shaped,KDVI,x_shaped,42,15000,elbo,-11.891951560974121
et8acc3n,KDVI-x_shaped-seed42,KDVI-x_shaped,KDVI,x_shaped,42,20000,elbo,-0.7595329284667969
et8acc3n,KDVI-x_shaped-seed42,KDVI-x_shaped,KDVI,x_shaped,42,25000,elbo,-0.4822387099266052
et8acc3n,KDVI-x_shaped-seed42,KDVI-x_shaped,KDVI,x_shaped,42,30000,elbo,-0.3371860682964325
et8acc3n,KDVI-x_shaped-seed42,KDVI-x_shaped,KDVI,x_shaped,42,35000,elbo,-0.23170965909957886
et8acc3n,KDVI-x_shaped-seed42,KDVI-x_shaped,KDVI,x_shaped,42,40000,elbo,-0.23319487273693085
et8acc3n,KDVI-x_shaped-seed42,KDVI-x_shaped,KDVI,x_shaped,42,45000,elbo,-0.19341008365154266
et8acc3n,KDVI-x_shaped-seed42,KDVI-x_shaped,KDVI,x_shaped,42,50000,elbo,-0.14996886253356934
et8acc3n,KDVI-x_shaped-seed42,KDVI-x_shaped,KDVI,x_shaped,42,55000,elbo,-0.15958558022975922
et8acc3n,KDVI-x_shaped-seed42,KDVI-x_shaped,KDVI,x_shaped,42,60000,elbo,-0.1388482004404068
et8acc3n,KDVI-x_shaped-seed42,KDVI-x_shaped,KDVI,x_shaped,42,65000,elbo,-0.13593797385692596
et8acc3n,KDVI-x_shaped-seed42,KDVI-x_shaped,KDVI,x_shaped,42,70000,elbo,-0.14511516690254211
et8acc3n,KDVI-x_shaped-seed42,KDVI-x_shaped,KDVI,x_shaped,42,75000,elbo,-0.1437111794948578
et8acc3n,KDVI-x_shaped-seed42,KDVI-x_shaped,KDVI,x_shaped,42,80000,elbo,-0.14817674458026886
et8acc3n,KDVI-x_shaped-seed42,KDVI-x_shaped,KDVI,x_shaped,42,85000,elbo,-0.14333732426166534
et8acc3n,KDVI-x_shaped-seed42,KDVI-x_shaped,KDVI,x_shaped,42,90000,elbo,-0.14664609730243683
et8acc3n,KDVI-x_shaped-seed42,KDVI-x_shaped,KDVI,x_shaped,42,95000,elbo,-0.13954493403434753
et8acc3n,KDVI-x_shaped-seed42,KDVI-x_shaped,KDVI,x_shaped,42,100000,elbo,-0.14441722631454468
heus0f70,KDVI-x_shaped-seed43,KDVI-x_shaped,KDVI,x_shaped,43,5000,kl_ite,1.7946905272277958
heus0f70,KDVI-x_shaped-seed43,KDVI-x_shaped,KDVI,x_shaped,43,10000,kl_ite,0.7522713182225857
heus0f70,KDVI-x_shaped-seed43,KDVI-x_shaped,KDVI,x_shaped,43,15000,kl_ite,0.5614404594515423
heus0f70,KDVI-x_shaped-seed43,KDVI-x_shaped,KDVI,x_shaped,43,20000,kl_ite,0.2730643233691153
heus0f70,KDVI-x_shaped-seed43,KDVI-x_shaped,KDVI,x_shaped,43,25000,kl_ite,0.16549553168846076
heus0f70,KDVI-x_shaped-seed43,KDVI-x_shaped,KDVI,x_shaped,43,30000,kl_ite,0.1910605916896119
heus0f70,KDVI-x_shaped-seed43,KDVI-x_shaped,KDVI,x_shaped,43,35000,kl_ite,0.08951661500663223
heus0f70,KDVI-x_shaped-seed43,KDVI-x_shaped,KDVI,x_shaped,43,40000,kl_ite,0.008451891045767497
heus0f70,KDVI-x_shaped-seed43,KDVI-x_shaped,KDVI,x_shaped,43,45000,kl_ite,0.016833916642292664
heus0f70,KDVI-x_shaped-seed43,KDVI-x_shaped,KDVI,x_shaped,43,50000,kl_ite,0.0401711952840599
heus0f70,KDVI-x_shaped-seed43,KDVI-x_shaped,KDVI,x_shaped,43,55000,kl_ite,0.0460146582165157
heus0f70,KDVI-x_shaped-seed43,KDVI-x_shaped,KDVI,x_shaped,43,60000,kl_ite,0.017334422288647258
heus0f70,KDVI-x_shaped-seed43,KDVI-x_shaped,KDVI,x_shaped,43,65000,kl_ite,0.037530913927510984
heus0f70,KDVI-x_shaped-seed43,KDVI-x_shaped,KDVI,x_shaped,43,70000,kl_ite,0.025288020682867333
heus0f70,KDVI-x_shaped-seed43,KDVI-x_shaped,KDVI,x_shaped,43,75000,kl_ite,0.022959445361051118
heus0f70,KDVI-x_shaped-seed43,KDVI-x_shaped,KDVI,x_shaped,43,80000,kl_ite,0.02273787023156003
heus0f70,KDVI-x_shaped-seed43,KDVI-x_shaped,KDVI,x_shaped,43,85000,kl_ite,0.02086429063514895
heus0f70,KDVI-x_shaped-seed43,KDVI-x_shaped,KDVI,x_shaped,43,90000,kl_ite,0.034505614214486634
heus0f70,KDVI-x_shaped-seed43,KDVI-x_shaped,KDVI,x_shaped,43,95000,kl_ite,0.027762879901874503
heus0f70,KDVI-x_shaped-seed43,KDVI-x_shaped,KDVI,x_shaped,43,100000,kl_ite,0.025065622651827206
heus0f70,KDVI-x_shaped-seed43,KDVI-x_shaped,KDVI,x_shaped,43,5000,w2,2.0815188884735107
heus0f70,KDVI-x_shaped-seed43,KDVI-x_shaped,KDVI,x_shaped,43,10000,w2,1.1895866394042969
heus0f70,KDVI-x_shaped-seed43,KDVI-x_shaped,KDVI,x_shaped,43,15000,w2,0.8890462517738342
heus0f70,KDVI-x_shaped-seed43,KDVI-x_shaped,KDVI,x_shaped,43,20000,w2,0.6201546788215637
heus0f70,KDVI-x_shaped-seed43,KDVI-x_shaped,KDVI,x_shaped,43,25000,w2,0.595970630645752
heus0f70,KDVI-x_shaped-seed43,KDVI-x_shaped,KDVI,x_shaped,43,30000,w2,0.48118752241134644
heus0f70,KDVI-x_shaped-seed43,KDVI-x_shaped,KDVI,x_shaped,43,35000,w2,0.2851177453994751
heus0f70,KDVI-x_shaped-seed43,KDVI-x_shaped,KDVI,x_shaped,43,40000,w2,0.16203175485134125
heus0f70,KDVI-x_shaped-seed43,KDVI-x_shaped,KDVI,x_shaped,43,45000,w2,0.05971316248178482
heus0f70,KDVI-x_shaped-seed43,KDVI-x_shaped,KDVI,x_shaped,43,50000,w2,0.08091459423303604
heus0f70,KDVI-x_shaped-seed43,KDVI-x_shaped,KDVI,x_shaped,43,55000,w2,0.10866443812847137
heus0f70,KDVI-x_shaped-seed43,KDVI-x_shaped,KDVI,x_shaped,43,60000,w2,0.09679672867059708
heus0f70,KDVI-x_shaped-seed43,KDVI-x_shaped,KDVI,x_shaped,43,65000,w2,0.1074424609541893
heus0f70,KDVI-x_shaped-seed43,KDVI-x_shaped,KDVI,x_shaped,43,70000,w2,0.06666906177997589
heus0f70,KDVI-x_shaped-seed43,KDVI-x_shaped,KDVI,x_shaped,43,75000,w2,0.10083834081888199
heus0f70,KDVI-x_shaped-seed43,KDVI-x_shaped,KDVI,x_shaped,43,80000,w2,0.10881388932466507
heus0f70,KDVI-x_shaped-seed43,KDVI-x_shaped,KDVI,x_shaped,43,85000,w2,0.07683421671390533
heus0f70,KDVI-x_shaped-seed43,KDVI-x_shaped,KDVI,x_shaped,43,90000,w2,0.10072504729032516
heus0f70,KDVI-x_shaped-seed43,KDVI-x_shaped,KDVI,x_shaped,43,95000,w2,0.08203896135091782
heus0f70,KDVI-x_shaped-seed43,KDVI-x_shaped,KDVI,x_shaped,43,100000,w2,0.07986900955438614
heus0f70,KDVI-x_shaped-seed43,KDVI-x_shaped,KDVI,x_shaped,43,5000,elbo,-4.523938179016113
heus0f70,KDVI-x_shaped-seed43,KDVI-x_shaped,KDVI,x_shaped,43,10000,elbo,-1.5582950115203857
heus0f70,KDVI-x_shaped-seed43,KDVI-x_shaped,KDVI,x_shaped,43,15000,elbo,-1.1056190729141235
heus0f70,KDVI-x_shaped-seed43,KDVI-x_shaped,KDVI,x_shaped,43,20000,elbo,-0.6113631725311279
heus0f70,KDVI-x_shaped-seed43,KDVI-x_shaped,KDVI,x_shaped,43,25000,elbo,-0.35482481122016907
heus0f70,KDVI-x_shaped-seed43,KDVI-x_shaped,KDVI,x_shaped,43,30000,elbo,-0.44057947397232056
heus0f70,KDVI-x_shaped-seed43,KDVI-x_shaped,KDVI,x_shaped,43,35000,elbo,-0.24483941495418549
heus0f70,KDVI-x_shaped-seed43,KDVI-x_shaped,KDVI,x_shaped,43,40000,elbo,-0.16648416221141815
heus0f70,KDVI-x_shaped-seed43,KDVI-x_shaped,KDVI,x_shaped,43,45000,elbo,-0.15657301247119904
heus0f70,KDVI-x_shaped-seed43,KDVI-x_shaped,KDVI,x_shaped,43,50000,elbo,-0.14418119192123413
heus0f70,KDVI-x_shaped-seed43,KDVI-x_shaped,KDVI,x_shaped,43,55000,elbo,-0.146315336227417
heus0f70,KDVI-x_shaped-seed43,KDVI-x_shaped,KDVI,x_shaped,43,60000,elbo,-0.13828855752944946
heus0f70,KDVI-x_shaped-seed43,KDVI-x_shaped,KDVI,x_shaped,43,65000,elbo,-0.14934054017066956
heus0f70,KDVI-x_shaped-seed43,KDVI-x_shaped,KDVI,x_shaped,43,70000,elbo,-0.1324215829372406
heus0f70,KDVI-x_shaped-seed43,KDVI-x_shaped,KDVI,x_shaped,43,75000,elbo,-0.14385591447353363
heus0f70,KDVI-x_shaped-seed43,KDVI-x_shaped,KDVI,x_shaped,43,80000,elbo,-0.1335723102092743
heus0f70,KDVI-x_shaped-seed43,KDVI-x_shaped,KDVI,x_shaped,43,85000,elbo,-0.12602448463439941
heus0f70,KDVI-x_shaped-seed43,KDVI-x_shaped,KDVI,x_shaped,43,90000,elbo,-0.1434972882270813
heus0f70,KDVI-x_shaped-seed43,KDVI-x_shaped,KDVI,x_shaped,43,95000,elbo,-0.12670329213142395
heus0f70,KDVI-x_shaped-seed43,KDVI-x_shaped,KDVI,x_shaped,43,100000,elbo,-0.1352328062057495
oey5ulia,KDVI-multimodal-seed0,KDVI-multimodal,KDVI,multimodal,0,5000,kl_ite,1.3003704797393658
oey5ulia,KDVI-multimodal-seed0,KDVI-multimodal,KDVI,multimodal,0,10000,kl_ite,0.4434453723765716
oey5ulia,KDVI-multimodal-seed0,KDVI-multimodal,KDVI,multimodal,0,15000,kl_ite,0.4530327024411732
oey5ulia,KDVI-multimodal-seed0,KDVI-multimodal,KDVI,multimodal,0,20000,kl_ite,0.4750481673122651
oey5ulia,KDVI-multimodal-seed0,KDVI-multimodal,KDVI,multimodal,0,25000,kl_ite,0.16122442487069455
oey5ulia,KDVI-multimodal-seed0,KDVI-multimodal,KDVI,multimodal,0,30000,kl_ite,0.07370592577257301
oey5ulia,KDVI-multimodal-seed0,KDVI-multimodal,KDVI,multimodal,0,35000,kl_ite,0.07520518653603024
oey5ulia,KDVI-multimodal-seed0,KDVI-multimodal,KDVI,multimodal,0,40000,kl_ite,0.024488020533029817
oey5ulia,KDVI-multimodal-seed0,KDVI-multimodal,KDVI,multimodal,0,45000,kl_ite,0.02208556041780821
oey5ulia,KDVI-multimodal-seed0,KDVI-multimodal,KDVI,multimodal,0,50000,kl_ite,0.023330901773851005
oey5ulia,KDVI-multimodal-seed0,KDVI-multimodal,KDVI,multimodal,0,55000,kl_ite,0.015533700819664594
oey5ulia,KDVI-multimodal-seed0,KDVI-multimodal,KDVI,multimodal,0,60000,kl_ite,0.02267907281087345
oey5ulia,KDVI-multimodal-seed0,KDVI-multimodal,KDVI,multimodal,0,65000,kl_ite,0.008246002281261934
oey5ulia,KDVI-multimodal-seed0,KDVI-multimodal,KDVI,multimodal,0,70000,kl_ite,-0.00021936188424649165
oey5ulia,KDVI-multimodal-seed0,KDVI-multimodal,KDVI,multimodal,0,75000,kl_ite,-0.0010503557204674593
oey5ulia,KDVI-multimodal-seed0,KDVI-multimodal,KDVI,multimodal,0,80000,kl_ite,0.013308580006293475
oey5ulia,KDVI-multimodal-seed0,KDVI-multimodal,KDVI,multimodal,0,85000,kl_ite,0.009237449317492492
oey5ulia,KDVI-multimodal-seed0,KDVI-multimodal,KDVI,multimodal,0,90000,kl_ite,0.010055205822941515
oey5ulia,KDVI-multimodal-seed0,KDVI-multimodal,KDVI,multimodal,0,95000,kl_ite,0.014879482268196933
oey5ulia,KDVI-multimodal-seed0,KDVI-multimodal,KDVI,multimodal,0,100000,kl_ite,0.01997156609992348
oey5ulia,KDVI-multimodal-seed0,KDVI-multimodal,KDVI,multimodal,0,5000,w2,1.2173782587051392
oey5ulia,KDVI-multimodal-seed0,KDVI-multimodal,KDVI,multimodal,0,10000,w2,0.5202308297157288
oey5ulia,KDVI-multimodal-seed0,KDVI-multimodal,KDVI,multimodal,0,15000,w2,0.8307034373283386
oey5ulia,KDVI-multimodal-seed0,KDVI-multimodal,KDVI,multimodal,0,20000,w2,1.149222731590271
oey5ulia,KDVI-multimodal-seed0,KDVI-multimodal,KDVI,multimodal,0,25000,w2,0.26130157709121704
oey5ulia,KDVI-multimodal-seed0,KDVI-multimodal,KDVI,multimodal,0,30000,w2,0.1670045703649521
oey5ulia,KDVI-multimodal-seed0,KDVI-multimodal,KDVI,multimodal,0,35000,w2,0.2519543468952179
oey5ulia,KDVI-multimodal-seed0,KDVI-multimodal,KDVI,multimodal,0,40000,w2,0.07812866568565369
oey5ulia,KDVI-multimodal-seed0,KDVI-multimodal,KDVI,multimodal,0,45000,w2,0.11214727908372879
oey5ulia,KDVI-multimodal-seed0,KDVI-multimodal,KDVI,multimodal,0,50000,w2,0.06801977753639221
oey5ulia,KDVI-multimodal-seed0,KDVI-multimodal,KDVI,multimodal,0,55000,w2,0.07170010358095169
oey5ulia,KDVI-multimodal-seed0,KDVI-multimodal,KDVI,multimodal,0,60000,w2,0.07319343090057373
oey5ulia,KDVI-multimodal-seed0,KDVI-multimodal,KDVI,multimodal,0,65000,w2,0.06503715366125107
oey5ulia,KDVI-multimodal-seed0,KDVI-multimodal,KDVI,multimodal,0,70000,w2,0.08897590637207031
oey5ulia,KDVI-multimodal-seed0,KDVI-multimodal,KDVI,multimodal,0,75000,w2,0.07332760840654373
oey5ulia,KDVI-multimodal-seed0,KDVI-multimodal,KDVI,multimodal,0,80000,w2,0.04778783395886421
oey5ulia,KDVI-multimodal-seed0,KDVI-multimodal,KDVI,multimodal,0,85000,w2,0.07874065637588501
oey5ulia,KDVI-multimodal-seed0,KDVI-multimodal,KDVI,multimodal,0,90000,w2,0.07204056531190872
oey5ulia,KDVI-multimodal-seed0,KDVI-multimodal,KDVI,multimodal,0,95000,w2,0.06496676802635193
oey5ulia,KDVI-multimodal-seed0,KDVI-multimodal,KDVI,multimodal,0,100000,w2,0.05591645464301109
oey5ulia,KDVI-multimodal-seed0,KDVI-multimodal,KDVI,multimodal,0,5000,elbo,-2.5036213397979736
oey5ulia,KDVI-multimodal-seed0,KDVI-multimodal,KDVI,multimodal,0,10000,elbo,-0.7208646535873413
oey5ulia,KDVI-multimodal-seed0,KDVI-multimodal,KDVI,multimodal,0,15000,elbo,-1.042722463607788
oey5ulia,KDVI-multimodal-seed0,KDVI-multimodal,KDVI,multimodal,0,20000,elbo,-2.0869219303131104
oey5ulia,KDVI-multimodal-seed0,KDVI-multimodal,KDVI,multimodal,0,25000,elbo,-0.332324355840683
oey5ulia,KDVI-multimodal-seed0,KDVI-multimodal,KDVI,multimodal,0,30000,elbo,-0.25699272751808167
oey5ulia,KDVI-multimodal-seed0,KDVI-multimodal,KDVI,multimodal,0,35000,elbo,-0.23693247139453888
oey5ulia,KDVI-multimodal-seed0,KDVI-multimodal,KDVI,multimodal,0,40000,elbo,-0.1565219908952713
oey5ulia,KDVI-multimodal-seed0,KDVI-multimodal,KDVI,multimodal,0,45000,elbo,-0.15792982280254364
oey5ulia,KDVI-multimodal-seed0,KDVI-multimodal,KDVI,multimodal,0,50000,elbo,-0.1542711704969406
oey5ulia,KDVI-multimodal-seed0,KDVI-multimodal,KDVI,multimodal,0,55000,elbo,-0.13350126147270203
oey5ulia,KDVI-multimodal-seed0,KDVI-multimodal,KDVI,multimodal,0,60000,elbo,-0.14204074442386627
oey5ulia,KDVI-multimodal-seed0,KDVI-multimodal,KDVI,multimodal,0,65000,elbo,-0.13215212523937225
oey5ulia,KDVI-multimodal-seed0,KDVI-multimodal,KDVI,multimodal,0,70000,elbo,-0.12756359577178955
oey5ulia,KDVI-multimodal-seed0,KDVI-multimodal,KDVI,multimodal,0,75000,elbo,-0.14139747619628906
oey5ulia,KDVI-multimodal-seed0,KDVI-multimodal,KDVI,multimodal,0,80000,elbo,-0.13267859816551208
oey5ulia,KDVI-multimodal-seed0,KDVI-multimodal,KDVI,multimodal,0,85000,elbo,-0.12956202030181885
oey5ulia,KDVI-multimodal-seed0,KDVI-multimodal,KDVI,multimodal,0,90000,elbo,-0.14168095588684082
oey5ulia,KDVI-multimodal-seed0,KDVI-multimodal,KDVI,multimodal,0,95000,elbo,-0.14058637619018555
oey5ulia,KDVI-multimodal-seed0,KDVI-multimodal,KDVI,multimodal,0,100000,elbo,-0.1279861330986023
3huwqjxh,KDVI-multimodal-seed1,KDVI-multimodal,KDVI,multimodal,1,5000,kl_ite,1.590596322634913
3huwqjxh,KDVI-multimodal-seed1,KDVI-multimodal,KDVI,multimodal,1,10000,kl_ite,0.5226583324331825
3huwqjxh,KDVI-multimodal-seed1,KDVI-multimodal,KDVI,multimodal,1,15000,kl_ite,0.36646505137078633
3huwqjxh,KDVI-multimodal-seed1,KDVI-multimodal,KDVI,multimodal,1,20000,kl_ite,0.4120940775935638
3huwqjxh,KDVI-multimodal-seed1,KDVI-multimodal,KDVI,multimodal,1,25000,kl_ite,0.1569228626984258
3huwqjxh,KDVI-multimodal-seed1,KDVI-multimodal,KDVI,multimodal,1,30000,kl_ite,0.046819356680599736
3huwqjxh,KDVI-multimodal-seed1,KDVI-multimodal,KDVI,multimodal,1,35000,kl_ite,0.04681668909425283
3huwqjxh,KDVI-multimodal-seed1,KDVI-multimodal,KDVI,multimodal,1,40000,kl_ite,0.03986343254285222
3huwqjxh,KDVI-multimodal-seed1,KDVI-multimodal,KDVI,multimodal,1,45000,kl_ite,0.020319208006493367
3huwqjxh,KDVI-multimodal-seed1,KDVI-multimodal,KDVI,multimodal,1,50000,kl_ite,0.016588646043564963
3huwqjxh,KDVI-multimodal-seed1,KDVI-multimodal,KDVI,multimodal,1,55000,kl_ite,0.029748449737397736
3huwqjxh,KDVI-multimodal-seed1,KDVI-multimodal,KDVI,multimodal,1,60000,kl_ite,0.02099305054870587
3huwqjxh,KDVI-multimodal-seed1,KDVI-multimodal,KDVI,multimodal,1,65000,kl_ite,-0.0006415772360740429
3huwqjxh,KDVI-multimodal-seed1,KDVI-multimodal,KDVI,multimodal,1,70000,kl_ite,0.0017844176619169032
3huwqjxh,KDVI-multimodal-seed1,KDVI-multimodal,KDVI,multimodal,1,75000,kl_ite,0.031873080293813784
3huwqjxh,KDVI-multimodal-seed1,KDVI-multimodal,KDVI,multimodal,1,80000,kl_ite,0.00383639721664009
3huwqjxh,KDVI-multimodal-seed1,KDVI-multimodal,KDVI,multimodal,1,85000,kl_ite,0.010802519816944658
3huwqjxh,KDVI-multimodal-seed1,KDVI-multimodal,KDVI,multimodal,1,90000,kl_ite,0.01124011362929183
3huwqjxh,KDVI-multimodal-seed1,KDVI-multimodal,KDVI,multimodal,1,95000,kl_ite,0.017883115701573686
3huwqjxh,KDVI-multimodal-seed1,KDVI-multimodal,KDVI,multimodal,1,100000,kl_ite,0.02085264641835987
3huwqjxh,KDVI-multimodal-seed1,KDVI-multimodal,KDVI,multimodal,1,5000,w2,1.4067643880844116
3huwqjxh,KDVI-multimodal-seed1,KDVI-multimodal,KDVI,multimodal,1,10000,w2,0.6666725277900696
3huwqjxh,KDVI-multimodal-seed1,KDVI-multimodal,KDVI,multimodal,1,15000,w2,0.6126081943511963
3huwqjxh,KDVI-multimodal-seed1,KDVI-multimodal,KDVI,multimodal,1,20000,w2,0.541421115398407
3huwqjxh,KDVI-multimodal-seed1,KDVI-multimodal,KDVI,multimodal,1,25000,w2,0.3011378347873688
3huwqjxh,KDVI-multimodal-seed1,KDVI-multimodal,KDVI,multimodal,1,30000,w2,0.10831370204687119
3huwqjxh,KDVI-multimodal-seed1,KDVI-multimodal,KDVI,multimodal,1,35000,w2,0.15576954185962677
3huwqjxh,KDVI-multimodal-seed1,KDVI-multimodal,KDVI,multimodal,1,40000,w2,0.5140865445137024
3huwqjxh,KDVI-multimodal-seed1,KDVI-multimodal,KDVI,multimodal,1,45000,w2,0.08645930886268616
3huwqjxh,KDVI-multimodal-seed1,KDVI-multimodal,KDVI,multimodal,1,50000,w2,0.0727303996682167
3huwqjxh,KDVI-multimodal-seed1,KDVI-multimodal,KDVI,multimodal,1,55000,w2,0.08200349658727646
3huwqjxh,KDVI-multimodal-seed1,KDVI-multimodal,KDVI,multimodal,1,60000,w2,0.08350342512130737
3huwqjxh,KDVI-multimodal-seed1,KDVI-multimodal,KDVI,multimodal,1,65000,w2,0.10419051349163055
3huwqjxh,KDVI-multimodal-seed1,KDVI-multimodal,KDVI,multimodal,1,70000,w2,0.052313223481178284
3huwqjxh,KDVI-multimodal-seed1,KDVI-multimodal,KDVI,multimodal,1,75000,w2,0.07086991518735886
3huwqjxh,KDVI-multimodal-seed1,KDVI-multimodal,KDVI,multimodal,1,80000,w2,0.05498090758919716
3huwqjxh,KDVI-multimodal-seed1,KDVI-multimodal,KDVI,multimodal,1,85000,w2,0.06003356724977493
3huwqjxh,KDVI-multimodal-seed1,KDVI-multimodal,KDVI,multimodal,1,90000,w2,0.06390763074159622
3huwqjxh,KDVI-multimodal-seed1,KDVI-multimodal,KDVI,multimodal,1,95000,w2,0.0773138627409935
3huwqjxh,KDVI-multimodal-seed1,KDVI-multimodal,KDVI,multimodal,1,100000,w2,0.059962015599012375
3huwqjxh,KDVI-multimodal-seed1,KDVI-multimodal,KDVI,multimodal,1,5000,elbo,-2.940680980682373
3huwqjxh,KDVI-multimodal-seed1,KDVI-multimodal,KDVI,multimodal,1,10000,elbo,-0.971937358379364
3huwqjxh,KDVI-multimodal-seed1,KDVI-multimodal,KDVI,multimodal,1,15000,elbo,-1.0484775304794312
3huwqjxh,KDVI-multimodal-seed1,KDVI-multimodal,KDVI,multimodal,1,20000,elbo,-0.6738772988319397
3huwqjxh,KDVI-multimodal-seed1,KDVI-multimodal,KDVI,multimodal,1,25000,elbo,-0.387725830078125
3huwqjxh,KDVI-multimodal-seed1,KDVI-multimodal,KDVI,multimodal,1,30000,elbo,-0.18400567770004272
3huwqjxh,KDVI-multimodal-seed1,KDVI-multimodal,KDVI,multimodal,1,35000,elbo,-0.22195623815059662
3huwqjxh,KDVI-multimodal-seed1,KDVI-multimodal,KDVI,multimodal,1,40000,elbo,-0.2698003947734833
3huwqjxh,KDVI-multimodal-seed1,KDVI-multimodal,KDVI,multimodal,1,45000,elbo,-0.1755889654159546
3huwqjxh,KDVI-multimodal-seed1,KDVI-multimodal,KDVI,multimodal,1,50000,elbo,-0.1466791182756424
3huwqjxh,KDVI-multimodal-seed1,KDVI-multimodal,KDVI,multimodal,1,55000,elbo,-0.14838528633117676
3huwqjxh,KDVI-multimodal-seed1,KDVI-multimodal,KDVI,multimodal,1,60000,elbo,-0.14886374771595
3huwqjxh,KDVI-multimodal-seed1,KDVI-multimodal,KDVI,multimodal,1,65000,elbo,-0.1421254426240921
3huwqjxh,KDVI-multimodal-seed1,KDVI-multimodal,KDVI,multimodal,1,70000,elbo,-0.14959055185317993
3huwqjxh,KDVI-multimodal-seed1,KDVI-multimodal,KDVI,multimodal,1,75000,elbo,-0.14862243831157684
3huwqjxh,KDVI-multimodal-seed1,KDVI-multimodal,KDVI,multimodal,1,80000,elbo,-0.1397721916437149
3huwqjxh,KDVI-multimodal-seed1,KDVI-multimodal,KDVI,multimodal,1,85000,elbo,-0.15826021134853363
3huwqjxh,KDVI-multimodal-seed1,KDVI-multimodal,KDVI,multimodal,1,90000,elbo,-0.13237637281417847
3huwqjxh,KDVI-multimodal-seed1,KDVI-multimodal,KDVI,multimodal,1,95000,elbo,-0.14469067752361298
3huwqjxh,KDVI-multimodal-seed1,KDVI-multimodal,KDVI,multimodal,1,100000,elbo,-0.14568392932415009
s790eds5,KDVI-multimodal-seed7,KDVI-multimodal,KDVI,multimodal,7,5000,kl_ite,1.0796244555657222
s790eds5,KDVI-multimodal-seed7,KDVI-multimodal,KDVI,multimodal,7,10000,kl_ite,0.6460925769806952
s790eds5,KDVI-multimodal-seed7,KDVI-multimodal,KDVI,multimodal,7,15000,kl_ite,0.5191507238883087
s790eds5,KDVI-multimodal-seed7,KDVI-multimodal,KDVI,multimodal,7,20000,kl_ite,0.23969361362956523
s790eds5,KDVI-multimodal-seed7,KDVI-multimodal,KDVI,multimodal,7,25000,kl_ite,0.22351617069833418
s790eds5,KDVI-multimodal-seed7,KDVI-multimodal,KDVI,multimodal,7,30000,kl_ite,0.07176810011451766
s790eds5,KDVI-multimodal-seed7,KDVI-multimodal,KDVI,multimodal,7,35000,kl_ite,0.048581175791968696
s790eds5,KDVI-multimodal-seed7,KDVI-multimodal,KDVI,multimodal,7,40000,kl_ite,0.03153413170371336
s790eds5,KDVI-multimodal-seed7,KDVI-multimodal,KDVI,multimodal,7,45000,kl_ite,0.011170574088497701
s790eds5,KDVI-multimodal-seed7,KDVI-multimodal,KDVI,multimodal,7,50000,kl_ite,0.04451952841953836
s790eds5,KDVI-multimodal-seed7,KDVI-multimodal,KDVI,multimodal,7,55000,kl_ite,0.011691778581082024
s790eds5,KDVI-multimodal-seed7,KDVI-multimodal,KDVI,multimodal,7,60000,kl_ite,0.024876969635221135
s790eds5,KDVI-multimodal-seed7,KDVI-multimodal,KDVI,multimodal,7,65000,kl_ite,0.024802787494666106
s790eds5,KDVI-multimodal-seed7,KDVI-multimodal,KDVI,multimodal,7,70000,kl_ite,0.016813677576255837
s790eds5,KDVI-multimodal-seed7,KDVI-multimodal,KDVI,multimodal,7,75000,kl_ite,0.002489920049924891
s790eds5,KDVI-multimodal-seed7,KDVI-multimodal,KDVI,multimodal,7,80000,kl_ite,0.010461815150417176
s790eds5,KDVI-multimodal-seed7,KDVI-multimodal,KDVI,multimodal,7,85000,kl_ite,0.008851627065519015
s790eds5,KDVI-multimodal-seed7,KDVI-multimodal,KDVI,multimodal,7,90000,kl_ite,0.024711863369464668
s790eds5,KDVI-multimodal-seed7,KDVI-multimodal,KDVI,multimodal,7,95000,kl_ite,0.0001773977335734811
s790eds5,KDVI-multimodal-seed7,KDVI-multimodal,KDVI,multimodal,7,100000,kl_ite,0.03498803173965666
s790eds5,KDVI-multimodal-seed7,KDVI-multimodal,KDVI,multimodal,7,5000,w2,0.9995214343070984
s790eds5,KDVI-multimodal-seed7,KDVI-multimodal,KDVI,multimodal,7,10000,w2,0.7441421747207642
s790eds5,KDVI-multimodal-seed7,KDVI-multimodal,KDVI,multimodal,7,15000,w2,0.7167151570320129
s790eds5,KDVI-multimodal-seed7,KDVI-multimodal,KDVI,multimodal,7,20000,w2,0.48857298493385315
s790eds5,KDVI-multimodal-seed7,KDVI-multimodal,KDVI,multimodal,7,25000,w2,0.3406763970851898
s790eds5,KDVI-multimodal-seed7,KDVI-multimodal,KDVI,multimodal,7,30000,w2,0.1695445328950882
s790eds5,KDVI-multimodal-seed7,KDVI-multimodal,KDVI,multimodal,7,35000,w2,0.16287581622600555
s790eds5,KDVI-multimodal-seed7,KDVI-multimodal,KDVI,multimodal,7,40000,w2,0.1244768500328064
s790eds5,KDVI-multimodal-seed7,KDVI-multimodal,KDVI,multimodal,7,45000,w2,0.08240645378828049
s790eds5,KDVI-multimodal-seed7,KDVI-multimodal,KDVI,multimodal,7,50000,w2,0.08729793131351471
s790eds5,KDVI-multimodal-seed7,KDVI-multimodal,KDVI,multimodal,7,55000,w2,0.08642762154340744
s790eds5,KDVI-multimodal-seed7,KDVI-multimodal,KDVI,multimodal,7,60000,w2,0.11137594282627106
s790eds5,KDVI-multimodal-seed7,KDVI-multimodal,KDVI,multimodal,7,65000,w2,0.09379241615533829
s790eds5,KDVI-multimodal-seed7,KDVI-multimodal,KDVI,multimodal,7,70000,w2,0.0880478173494339
s790eds5,KDVI-multimodal-seed7,KDVI-multimodal,KDVI,multimodal,7,75000,w2,0.07021987438201904
s790eds5,KDVI-multimodal-seed7,KDVI-multimodal,KDVI,multimodal,7,80000,w2,0.04821999371051788
s790eds5,KDVI-multimodal-seed7,KDVI-multimodal,KDVI,multimodal,7,85000,w2,0.06109068915247917
s790eds5,KDVI-multimodal-seed7,KDVI-multimodal,KDVI,multimodal,7,90000,w2,0.06470558047294617
s790eds5,KDVI-multimodal-seed7,KDVI-multimodal,KDVI,multimodal,7,95000,w2,0.07002807408571243
s790eds5,KDVI-multimodal-seed7,KDVI-multimodal,KDVI,multimodal,7,100000,w2,0.059367585927248
s790eds5,KDVI-multimodal-seed7,KDVI-multimodal,KDVI,multimodal,7,5000,elbo,-1.9009606838226318
s790eds5,KDVI-multimodal-seed7,KDVI-multimodal,KDVI,multimodal,7,10000,elbo,-0.9819818139076233
s790eds5,KDVI-multimodal-seed7,KDVI-multimodal,KDVI,multimodal,7,15000,elbo,-1.1680152416229248
s790eds5,KDVI-multimodal-seed7,KDVI-multimodal,KDVI,multimodal,7,20000,elbo,-0.5380436182022095
s790eds5,KDVI-multimodal-seed7,KDVI-multimodal,KDVI,multimodal,7,25000,elbo,-0.436497300863266
s790eds5,KDVI-multimodal-seed7,KDVI-multimodal,KDVI,multimodal,7,30000,elbo,-0.23584194481372833
s790eds5,KDVI-multimodal-seed7,KDVI-multimodal,KDVI,multimodal,7,35000,elbo,-0.37464573979377747
s790eds5,KDVI-multimodal-seed7,KDVI-multimodal,KDVI,multimodal,7,40000,elbo,-0.18600262701511383
s790eds5,KDVI-multimodal-seed7,KDVI-multimodal,KDVI,multimodal,7,45000,elbo,-0.1499357670545578
s790eds5,KDVI-multimodal-seed7,KDVI-multimodal,KDVI,multimodal,7,50000,elbo,-0.12661974132061005
s790eds5,KDVI-multimodal-seed7,KDVI-multimodal,KDVI,multimodal,7,55000,elbo,-0.13729560375213623
s790eds5,KDVI-multimodal-seed7,KDVI-multimodal,KDVI,multimodal,7,60000,elbo,-0.14233797788619995
s790eds5,KDVI-multimodal-seed7,KDVI-multimodal,KDVI,multimodal,7,65000,elbo,-0.1270933598279953
s790eds5,KDVI-multimodal-seed7,KDVI-multimodal,KDVI,multimodal,7,70000,elbo,-0.1402585655450821
s790eds5,KDVI-multimodal-seed7,KDVI-multimodal,KDVI,multimodal,7,75000,elbo,-0.13459040224552155
s790eds5,KDVI-multimodal-seed7,KDVI-multimodal,KDVI,multimodal,7,80000,elbo,-0.12123263627290726
s790eds5,KDVI-multimodal-seed7,KDVI-multimodal,KDVI,multimodal,7,85000,elbo,-0.1309002935886383
s790eds5,KDVI-multimodal-seed7,KDVI-multimodal,KDVI,multimodal,7,90000,elbo,-0.13634271919727325
s790eds5,KDVI-multimodal-seed7,KDVI-multimodal,KDVI,multimodal,7,95000,elbo,-0.13886064291000366
s790eds5,KDVI-multimodal-seed7,KDVI-multimodal,KDVI,multimodal,7,100000,elbo,-0.1361275017261505
vqdtr3af,KDVI-multimodal-seed42,KDVI-multimodal,KDVI,multimodal,42,5000,kl_ite,1.2113437612269482
vqdtr3af,KDVI-multimodal-seed42,KDVI-multimodal,KDVI,multimodal,42,10000,kl_ite,0.3807511639678719
vqdtr3af,KDVI-multimodal-seed42,KDVI-multimodal,KDVI,multimodal,42,15000,kl_ite,0.46562649715871923
vqdtr3af,KDVI-multimodal-seed42,KDVI-multimodal,KDVI,multimodal,42,20000,kl_ite,0.30745892438771716
vqdtr3af,KDVI-multimodal-seed42,KDVI-multimodal,KDVI,multimodal,42,25000,kl_ite,0.19669487731262253
vqdtr3af,KDVI-multimodal-seed42,KDVI-multimodal,KDVI,multimodal,42,30000,kl_ite,0.030079783917720884
vqdtr3af,KDVI-multimodal-seed42,KDVI-multimodal,KDVI,multimodal,42,35000,kl_ite,0.06456838960762556
vqdtr3af,KDVI-multimodal-seed42,KDVI-multimodal,KDVI,multimodal,42,40000,kl_ite,0.03609232010548224
vqdtr3af,KDVI-multimodal-seed42,KDVI-multimodal,KDVI,multimodal,42,45000,kl_ite,0.008469955104296987
vqdtr3af,KDVI-multimodal-seed42,KDVI-multimodal,KDVI,multimodal,42,50000,kl_ite,0.018417749327164043
vqdtr3af,KDVI-multimodal-seed42,KDVI-multimodal,KDVI,multimodal,42,55000,kl_ite,0.011436763535654702
vqdtr3af,KDVI-multimodal-seed42,KDVI-multimodal,KDVI,multimodal,42,60000,kl_ite,0.03130707099387072
vqdtr3af,KDVI-multimodal-seed42,KDVI-multimodal,KDVI,multimodal,42,65000,kl_ite,0.007541283449153469
vqdtr3af,KDVI-multimodal-seed42,KDVI-multimodal,KDVI,multimodal,42,70000,kl_ite,0.005482650984903322
vqdtr3af,KDVI-multimodal-seed42,KDVI-multimodal,KDVI,multimodal,42,75000,kl_ite,0.006005889659034231
vqdtr3af,KDVI-multimodal-seed42,KDVI-multimodal,KDVI,multimodal,42,80000,kl_ite,0.00492034476994252
vqdtr3af,KDVI-multimodal-seed42,KDVI-multimodal,KDVI,multimodal,42,85000,kl_ite,0.011363880691567222
vqdtr3af,KDVI-multimodal-seed42,KDVI-multimodal,KDVI,multimodal,42,90000,kl_ite,0.020809550568708906
vqdtr3af,KDVI-multimodal-seed42,KDVI-multimodal,KDVI,multimodal,42,95000,kl_ite,0.04772530971726771
vqdtr3af,KDVI-multimodal-seed42,KDVI-multimodal,KDVI,multimodal,42,100000,kl_ite,-0.01138030398467968
vqdtr3af,KDVI-multimodal-seed42,KDVI-multimodal,KDVI,multimodal,42,5000,w2,1.2203164100646973
vqdtr3af,KDVI-multimodal-seed42,KDVI-multimodal,KDVI,multimodal,42,10000,w2,0.4640042185783386
vqdtr3af,KDVI-multimodal-seed42,KDVI-multimodal,KDVI,multimodal,42,15000,w2,0.5217414498329163
vqdtr3af,KDVI-multimodal-seed42,KDVI-multimodal,KDVI,multimodal,42,20000,w2,0.4428402781486511
vqdtr3af,KDVI-multimodal-seed42,KDVI-multimodal,KDVI,multimodal,42,25000,w2,0.35029542446136475
vqdtr3af,KDVI-multimodal-seed42,KDVI-multimodal,KDVI,multimodal,42,30000,w2,0.2192397266626358
vqdtr3af,KDVI-multimodal-seed42,KDVI-multimodal,KDVI,multimodal,42,35000,w2,0.17281879484653473
vqdtr3af,KDVI-multimodal-seed42,KDVI-multimodal,KDVI,multimodal,42,40000,w2,0.09054765850305557
vqdtr3af,KDVI-multimodal-seed42,KDVI-multimodal,KDVI,multimodal,42,45000,w2,0.08003416657447815
vqdtr3af,KDVI-multimodal-seed42,KDVI-multimodal,KDVI,multimodal,42,50000,w2,0.0869695395231247
vqdtr3af,KDVI-multimodal-seed42,KDVI-multimodal,KDVI,multimodal,42,55000,w2,0.07120250165462494
vqdtr3af,KDVI-multimodal-seed42,KDVI-multimodal,KDVI,multimodal,42,60000,w2,0.08412045985460281
vqdtr3af,KDVI-multimodal-seed42,KDVI-multimodal,KDVI,multimodal,42,65000,w2,0.05585211142897606
vqdtr3af,KDVI-multimodal-seed42,KDVI-multimodal,KDVI,multimodal,42,70000,w2,0.07845065742731094
vqdtr3af,KDVI-multimodal-seed42,KDVI-multimodal,KDVI,multimodal,42,75000,w2,0.04820474237203598
vqdtr3af,KDVI-multimodal-seed42,KDVI-multimodal,KDVI,multimodal,42,80000,w2,0.06667762249708176
vqdtr3af,KDVI-multimodal-seed42,KDVI-multimodal,KDVI,multimodal,42,85000,w2,0.08544562757015228
vqdtr3af,KDVI-multimodal-seed42,KDVI-multimodal,KDVI,multimodal,42,90000,w2,0.06108763813972473
vqdtr3af,KDVI-multimodal-seed42,KDVI-multimodal,KDVI,multimodal,42,95000,w2,0.06531432271003723
vqdtr3af,KDVI-multimodal-seed42,KDVI-multimodal,KDVI,multimodal,42,100000,w2,0.08354759216308594
vqdtr3af,KDVI-multimodal-seed42,KDVI-multimodal,KDVI,multimodal,42,5000,elbo,-2.2888565063476562
vqdtr3af,KDVI-multimodal-seed42,KDVI-multimodal,KDVI,multimodal,42,10000,elbo,-0.5869355797767639
vqdtr3af,KDVI-multimodal-seed42,KDVI-multimodal,KDVI,multimodal,42,15000,elbo,-0.7724037170410156
vqdtr3af,KDVI-multimodal-seed42,KDVI-multimodal,KDVI,multimodal,42,20000,elbo,-0.6200875043869019
vqdtr3af,KDVI-multimodal-seed42,KDVI-multimodal,KDVI,multimodal,42,25000,elbo,-0.45518210530281067
vqdtr3af,KDVI-multimodal-seed42,KDVI-multimodal,KDVI,multimodal,42,30000,elbo,-0.28144675493240356
vqdtr3af,KDVI-multimodal-seed42,KDVI-multimodal,KDVI,multimodal,42,35000,elbo,-0.2682376801967621
vqdtr3af,KDVI-multimodal-seed42,KDVI-multimodal,KDVI,multimodal,42,40000,elbo,-0.17062915861606598
vqdtr3af,KDVI-multimodal-seed42,KDVI-multimodal,KDVI,multimodal,42,45000,elbo,-0.15035037696361542
vqdtr3af,KDVI-multimodal-seed42,KDVI-multimodal,KDVI,multimodal,42,50000,elbo,-0.1610131561756134
vqdtr3af,KDVI-multimodal-seed42,KDVI-multimodal,KDVI,multimodal,42,55000,elbo,-0.15096095204353333
vqdtr3af,KDVI-multimodal-seed42,KDVI-multimodal,KDVI,multimodal,42,60000,elbo,-0.13661155104637146
vqdtr3af,KDVI-multimodal-seed42,KDVI-multimodal,KDVI,multimodal,42,65000,elbo,-0.1391194760799408
vqdtr3af,KDVI-multimodal-seed42,KDVI-multimodal,KDVI,multimodal,42,70000,elbo,-0.15460775792598724
vqdtr3af,KDVI-multimodal-seed42,KDVI-multimodal,KDVI,multimodal,42,75000,elbo,-0.1264626383781433
vqdtr3af,KDVI-multimodal-seed42,KDVI-multimodal,KDVI,multimodal,42,80000,elbo,-0.15713609755039215
vqdtr3af,KDVI-multimodal-seed42,KDVI-multimodal,KDVI,multimodal,42,85000,elbo,-0.14958976209163666
vqdtr3af,KDVI-multimodal-seed42,KDVI-multimodal,KDVI,multimodal,42,90000,elbo,-0.1436597853899002
vqdtr3af,KDVI-multimodal-seed42,KDVI-multimodal,KDVI,multimodal,42,95000,elbo,-0.1412242203950882
vqdtr3af,KDVI-multimodal-seed42,KDVI-multimodal,KDVI,multimodal,42,100000,elbo,-0.14637820422649384
7qlh63s1,KDVI-multimodal-seed43,KDVI-multimodal,KDVI,multimodal,43,5000,kl_ite,1.7966017793576854
7qlh63s1,KDVI-multimodal-seed43,KDVI-multimodal,KDVI,multimodal,43,10000,kl_ite,0.8395094677701935
7qlh63s1,KDVI-multimodal-seed43,KDVI-multimodal,KDVI,multimodal,43,15000,kl_ite,0.40780712772446
7qlh63s1,KDVI-multimodal-seed43,KDVI-multimodal,KDVI,multimodal,43,20000,kl_ite,0.32084078533491767
7qlh63s1,KDVI-multimodal-seed43,KDVI-multimodal,KDVI,multimodal,43,25000,kl_ite,0.23310332883441204
7qlh63s1,KDVI-multimodal-seed43,KDVI-multimodal,KDVI,multimodal,43,30000,kl_ite,0.09431008233196506
7qlh63s1,KDVI-multimodal-seed43,KDVI-multimodal,KDVI,multimodal,43,35000,kl_ite,0.007371141628068393
7qlh63s1,KDVI-multimodal-seed43,KDVI-multimodal,KDVI,multimodal,43,40000,kl_ite,0.006811549072495139
7qlh63s1,KDVI-multimodal-seed43,KDVI-multimodal,KDVI,multimodal,43,45000,kl_ite,0.027154476230675816
7qlh63s1,KDVI-multimodal-seed43,KDVI-multimodal,KDVI,multimodal,43,50000,kl_ite,0.01273252780862895
7qlh63s1,KDVI-multimodal-seed43,KDVI-multimodal,KDVI,multimodal,43,55000,kl_ite,0.011029321627097613
7qlh63s1,KDVI-multimodal-seed43,KDVI-multimodal,KDVI,multimodal,43,60000,kl_ite,0.029794335821468686
7qlh63s1,KDVI-multimodal-seed43,KDVI-multimodal,KDVI,multimodal,43,65000,kl_ite,0.026343924078187322
7qlh63s1,KDVI-multimodal-seed43,KDVI-multimodal,KDVI,multimodal,43,70000,kl_ite,0.0018439579237224917
7qlh63s1,KDVI-multimodal-seed43,KDVI-multimodal,KDVI,multimodal,43,75000,kl_ite,0.002966960225526513
7qlh63s1,KDVI-multimodal-seed43,KDVI-multimodal,KDVI,multimodal,43,80000,kl_ite,0.014245184810098389
7qlh63s1,KDVI-multimodal-seed43,KDVI-multimodal,KDVI,multimodal,43,85000,kl_ite,0.0012435489399390046
7qlh63s1,KDVI-multimodal-seed43,KDVI-multimodal,KDVI,multimodal,43,90000,kl_ite,0.01220704875626278
7qlh63s1,KDVI-multimodal-seed43,KDVI-multimodal,KDVI,multimodal,43,95000,kl_ite,-0.0009361093871087985
7qlh63s1,KDVI-multimodal-seed43,KDVI-multimodal,KDVI,multimodal,43,100000,kl_ite,0.03714709741830402
7qlh63s1,KDVI-multimodal-seed43,KDVI-multimodal,KDVI,multimodal,43,5000,w2,1.7624094486236572
7qlh63s1,KDVI-multimodal-seed43,KDVI-multimodal,KDVI,multimodal,43,10000,w2,0.9698311686515808
7qlh63s1,KDVI-multimodal-seed43,KDVI-multimodal,KDVI,multimodal,43,15000,w2,0.525262713432312
7qlh63s1,KDVI-multimodal-seed43,KDVI-multimodal,KDVI,multimodal,43,20000,w2,0.48786234855651855
7qlh63s1,KDVI-multimodal-seed43,KDVI-multimodal,KDVI,multimodal,43,25000,w2,0.4021785259246826
7qlh63s1,KDVI-multimodal-seed43,KDVI-multimodal,KDVI,multimodal,43,30000,w2,0.23697054386138916
7qlh63s1,KDVI-multimodal-seed43,KDVI-multimodal,KDVI,multimodal,43,35000,w2,0.13307960331439972
7qlh63s1,KDVI-multimodal-seed43,KDVI-multimodal,KDVI,multimodal,43,40000,w2,0.09144560247659683
7qlh63s1,KDVI-multimodal-seed43,KDVI-multimodal,KDVI,multimodal,43,45000,w2,0.06969369947910309
7qlh63s1,KDVI-multimodal-seed43,KDVI-multimodal,KDVI,multimodal,43,50000,w2,0.06691324710845947
7qlh63s1,KDVI-multimodal-seed43,KDVI-multimodal,KDVI,multimodal,43,55000,w2,0.06041865795850754
7qlh63s1,KDVI-multimodal-seed43,KDVI-multimodal,KDVI,multimodal,43,60000,w2,0.07314891368150711
7qlh63s1,KDVI-multimodal-seed43,KDVI-multimodal,KDVI,multimodal,43,65000,w2,0.07331173121929169
7qlh63s1,KDVI-multimodal-seed43,KDVI-multimodal,KDVI,multimodal,43,70000,w2,0.05319879204034805
7qlh63s1,KDVI-multimodal-seed43,KDVI-multimodal,KDVI,multimodal,43,75000,w2,0.07423683255910873
7qlh63s1,KDVI-multimodal-seed43,KDVI-multimodal,KDVI,multimodal,43,80000,w2,0.08151351660490036
7qlh63s1,KDVI-multimodal-seed43,KDVI-multimodal,KDVI,multimodal,43,85000,w2,0.07535765320062637
7qlh63s1,KDVI-multimodal-seed43,KDVI-multimodal,KDVI,multimodal,43,90000,w2,0.059023670852184296
7qlh63s1,KDVI-multimodal-seed43,KDVI-multimodal,KDVI,multimodal,43,95000,w2,0.05811615288257599
7qlh63s1,KDVI-multimodal-seed43,KDVI-multimodal,KDVI,multimodal,43,100000,w2,0.06020563095808029
7qlh63s1,KDVI-multimodal-seed43,KDVI-multimodal,KDVI,multimodal,43,5000,elbo,-5.3073225021362305
7qlh63s1,KDVI-multimodal-seed43,KDVI-multimodal,KDVI,multimodal,43,10000,elbo,-1.84170663356781
7qlh63s1,KDVI-multimodal-seed43,KDVI-multimodal,KDVI,multimodal,43,15000,elbo,-0.6801245808601379
7qlh63s1,KDVI-multimodal-seed43,KDVI-multimodal,KDVI,multimodal,43,20000,elbo,-0.6051123738288879
7qlh63s1,KDVI-multimodal-seed43,KDVI-multimodal,KDVI,multimodal,43,25000,elbo,-0.4968174695968628
7qlh63s1,KDVI-multimodal-seed43,KDVI-multimodal,KDVI,multimodal,43,30000,elbo,-0.2986167073249817
7qlh63s1,KDVI-multimodal-seed43,KDVI-multimodal,KDVI,multimodal,43,35000,elbo,-0.1934548169374466
7qlh63s1,KDVI-multimodal-seed43,KDVI-multimodal,KDVI,multimodal,43,40000,elbo,-0.19303061068058014
7qlh63s1,KDVI-multimodal-seed43,KDVI-multimodal,KDVI,multimodal,43,45000,elbo,-0.1470671147108078
7qlh63s1,KDVI-multimodal-seed43,KDVI-multimodal,KDVI,multimodal,43,50000,elbo,-0.14810383319854736
7qlh63s1,KDVI-multimodal-seed43,KDVI-multimodal,KDVI,multimodal,43,55000,elbo,-0.1529681384563446
7qlh63s1,KDVI-multimodal-seed43,KDVI-multimodal,KDVI,multimodal,43,60000,elbo,-0.14782389998435974
7qlh63s1,KDVI-multimodal-seed43,KDVI-multimodal,KDVI,multimodal,43,65000,elbo,-0.15790051221847534
7qlh63s1,KDVI-multimodal-seed43,KDVI-multimodal,KDVI,multimodal,43,70000,elbo,-0.1495884656906128
7qlh63s1,KDVI-multimodal-seed43,KDVI-multimodal,KDVI,multimodal,43,75000,elbo,-0.14432337880134583
7qlh63s1,KDVI-multimodal-seed43,KDVI-multimodal,KDVI,multimodal,43,80000,elbo,-0.13672858476638794
7qlh63s1,KDVI-multimodal-seed43,KDVI-multimodal,KDVI,multimodal,43,85000,elbo,-0.14933602511882782
7qlh63s1,KDVI-multimodal-seed43,KDVI-multimodal,KDVI,multimodal,43,90000,elbo,-0.1276746392250061
7qlh63s1,KDVI-multimodal-seed43,KDVI-multimodal,KDVI,multimodal,43,95000,elbo,-0.14036825299263
7qlh63s1,KDVI-multimodal-seed43,KDVI-multimodal,KDVI,multimodal,43,100000,elbo,-0.14271676540374756
mt0760j2,KDVI-8_gaussians-seed0,KDVI-8_gaussians,KDVI,8_gaussians,0,5000,kl_ite,1.0827338783091958
mt0760j2,KDVI-8_gaussians-seed0,KDVI-8_gaussians,KDVI,8_gaussians,0,10000,kl_ite,0.7850391017941902
mt0760j2,KDVI-8_gaussians-seed0,KDVI-8_gaussians,KDVI,8_gaussians,0,15000,kl_ite,0.34896116980582764
mt0760j2,KDVI-8_gaussians-seed0,KDVI-8_gaussians,KDVI,8_gaussians,0,20000,kl_ite,0.3485638248478786
mt0760j2,KDVI-8_gaussians-seed0,KDVI-8_gaussians,KDVI,8_gaussians,0,25000,kl_ite,0.27252594399259306
mt0760j2,KDVI-8_gaussians-seed0,KDVI-8_gaussians,KDVI,8_gaussians,0,30000,kl_ite,0.12890736734235775
mt0760j2,KDVI-8_gaussians-seed0,KDVI-8_gaussians,KDVI,8_gaussians,0,35000,kl_ite,0.08889001596349791
mt0760j2,KDVI-8_gaussians-seed0,KDVI-8_gaussians,KDVI,8_gaussians,0,40000,kl_ite,0.0905625930117617
mt0760j2,KDVI-8_gaussians-seed0,KDVI-8_gaussians,KDVI,8_gaussians,0,45000,kl_ite,0.0889195195488657
mt0760j2,KDVI-8_gaussians-seed0,KDVI-8_gaussians,KDVI,8_gaussians,0,50000,kl_ite,0.10222330440592292
mt0760j2,KDVI-8_gaussians-seed0,KDVI-8_gaussians,KDVI,8_gaussians,0,55000,kl_ite,0.07871607267038626
mt0760j2,KDVI-8_gaussians-seed0,KDVI-8_gaussians,KDVI,8_gaussians,0,60000,kl_ite,0.06820619150894527
mt0760j2,KDVI-8_gaussians-seed0,KDVI-8_gaussians,KDVI,8_gaussians,0,65000,kl_ite,0.06882757538370408
mt0760j2,KDVI-8_gaussians-seed0,KDVI-8_gaussians,KDVI,8_gaussians,0,70000,kl_ite,0.07182969404868393
mt0760j2,KDVI-8_gaussians-seed0,KDVI-8_gaussians,KDVI,8_gaussians,0,75000,kl_ite,0.055640704599169026
mt0760j2,KDVI-8_gaussians-seed0,KDVI-8_gaussians,KDVI,8_gaussians,0,80000,kl_ite,0.07152329792591934
mt0760j2,KDVI-8_gaussians-seed0,KDVI-8_gaussians,KDVI,8_gaussians,0,85000,kl_ite,0.07466185324156563
mt0760j2,KDVI-8_gaussians-seed0,KDVI-8_gaussians,KDVI,8_gaussians,0,90000,kl_ite,0.06371446085195642
mt0760j2,KDVI-8_gaussians-seed0,KDVI-8_gaussians,KDVI,8_gaussians,0,95000,kl_ite,0.06261175538098171
mt0760j2,KDVI-8_gaussians-seed0,KDVI-8_gaussians,KDVI,8_gaussians,0,100000,kl_ite,0.0442969789241557
mt0760j2,KDVI-8_gaussians-seed0,KDVI-8_gaussians,KDVI,8_gaussians,0,5000,w2,0.498802125453949
mt0760j2,KDVI-8_gaussians-seed0,KDVI-8_gaussians,KDVI,8_gaussians,0,10000,w2,0.4955732226371765
mt0760j2,KDVI-8_gaussians-seed0,KDVI-8_gaussians,KDVI,8_gaussians,0,15000,w2,0.28765103220939636
mt0760j2,KDVI-8_gaussians-seed0,KDVI-8_gaussians,KDVI,8_gaussians,0,20000,w2,0.2164725810289383
mt0760j2,KDVI-8_gaussians-seed0,KDVI-8_gaussians,KDVI,8_gaussians,0,25000,w2,0.17038963735103607
mt0760j2,KDVI-8_gaussians-seed0,KDVI-8_gaussians,KDVI,8_gaussians,0,30000,w2,0.14914780855178833
mt0760j2,KDVI-8_gaussians-seed0,KDVI-8_gaussians,KDVI,8_gaussians,0,35000,w2,0.14295530319213867
mt0760j2,KDVI-8_gaussians-seed0,KDVI-8_gaussians,KDVI,8_gaussians,0,40000,w2,0.15761825442314148
mt0760j2,KDVI-8_gaussians-seed0,KDVI-8_gaussians,KDVI,8_gaussians,0,45000,w2,0.14614340662956238
mt0760j2,KDVI-8_gaussians-seed0,KDVI-8_gaussians,KDVI,8_gaussians,0,50000,w2,0.18377777934074402
mt0760j2,KDVI-8_gaussians-seed0,KDVI-8_gaussians,KDVI,8_gaussians,0,55000,w2,0.13007023930549622
mt0760j2,KDVI-8_gaussians-seed0,KDVI-8_gaussians,KDVI,8_gaussians,0,60000,w2,0.1014440655708313
mt0760j2,KDVI-8_gaussians-seed0,KDVI-8_gaussians,KDVI,8_gaussians,0,65000,w2,0.16525407135486603
mt0760j2,KDVI-8_gaussians-seed0,KDVI-8_gaussians,KDVI,8_gaussians,0,70000,w2,0.12614083290100098
mt0760j2,KDVI-8_gaussians-seed0,KDVI-8_gaussians,KDVI,8_gaussians,0,75000,w2,0.12054742872714996
mt0760j2,KDVI-8_gaussians-seed0,KDVI-8_gaussians,KDVI,8_gaussians,0,80000,w2,0.1525472104549408
mt0760j2,KDVI-8_gaussians-seed0,KDVI-8_gaussians,KDVI,8_gaussians,0,85000,w2,0.16277551651000977
mt0760j2,KDVI-8_gaussians-seed0,KDVI-8_gaussians,KDVI,8_gaussians,0,90000,w2,0.17726673185825348
mt0760j2,KDVI-8_gaussians-seed0,KDVI-8_gaussians,KDVI,8_gaussians,0,95000,w2,0.1962571144104004
mt0760j2,KDVI-8_gaussians-seed0,KDVI-8_gaussians,KDVI,8_gaussians,0,100000,w2,0.16868676245212555
mt0760j2,KDVI-8_gaussians-seed0,KDVI-8_gaussians,KDVI,8_gaussians,0,5000,elbo,-2.4052343368530273
mt0760j2,KDVI-8_gaussians-seed0,KDVI-8_gaussians,KDVI,8_gaussians,0,10000,elbo,-3.0468568801879883
mt0760j2,KDVI-8_gaussians-seed0,KDVI-8_gaussians,KDVI,8_gaussians,0,15000,elbo,-0.85749351978302
mt0760j2,KDVI-8_gaussians-seed0,KDVI-8_gaussians,KDVI,8_gaussians,0,20000,elbo,-0.8070201873779297
mt0760j2,KDVI-8_gaussians-seed0,KDVI-8_gaussians,KDVI,8_gaussians,0,25000,elbo,-0.6403588652610779
mt0760j2,KDVI-8_gaussians-seed0,KDVI-8_gaussians,KDVI,8_gaussians,0,30000,elbo,-0.4750625789165497
mt0760j2,KDVI-8_gaussians-seed0,KDVI-8_gaussians,KDVI,8_gaussians,0,35000,elbo,-0.40110117197036743
mt0760j2,KDVI-8_gaussians-seed0,KDVI-8_gaussians,KDVI,8_gaussians,0,40000,elbo,-0.3228062093257904
mt0760j2,KDVI-8_gaussians-seed0,KDVI-8_gaussians,KDVI,8_gaussians,0,45000,elbo,-0.32455721497535706
mt0760j2,KDVI-8_gaussians-seed0,KDVI-8_gaussians,KDVI,8_gaussians,0,50000,elbo,-0.34747812151908875
mt0760j2,KDVI-8_gaussians-seed0,KDVI-8_gaussians,KDVI,8_gaussians,0,55000,elbo,-0.3070297837257385
mt0760j2,KDVI-8_gaussians-seed0,KDVI-8_gaussians,KDVI,8_gaussians,0,60000,elbo,-0.30387717485427856
mt0760j2,KDVI-8_gaussians-seed0,KDVI-8_gaussians,KDVI,8_gaussians,0,65000,elbo,-0.2633591294288635
mt0760j2,KDVI-8_gaussians-seed0,KDVI-8_gaussians,KDVI,8_gaussians,0,70000,elbo,-0.27373406291007996
mt0760j2,KDVI-8_gaussians-seed0,KDVI-8_gaussians,KDVI,8_gaussians,0,75000,elbo,-0.2803512513637543
mt0760j2,KDVI-8_gaussians-seed0,KDVI-8_gaussians,KDVI,8_gaussians,0,80000,elbo,-0.2783287763595581
mt0760j2,KDVI-8_gaussians-seed0,KDVI-8_gaussians,KDVI,8_gaussians,0,85000,elbo,-0.2879736125469208
mt0760j2,KDVI-8_gaussians-seed0,KDVI-8_gaussians,KDVI,8_gaussians,0,90000,elbo,-0.2700812518596649
mt0760j2,KDVI-8_gaussians-seed0,KDVI-8_gaussians,KDVI,8_gaussians,0,95000,elbo,-0.27482157945632935
mt0760j2,KDVI-8_gaussians-seed0,KDVI-8_gaussians,KDVI,8_gaussians,0,100000,elbo,-0.2515198290348053
lhgqgta3,KDVI-8_gaussians-seed1,KDVI-8_gaussians,KDVI,8_gaussians,1,5000,kl_ite,1.4427422619020172
lhgqgta3,KDVI-8_gaussians-seed1,KDVI-8_gaussians,KDVI,8_gaussians,1,10000,kl_ite,0.6294961344644451
lhgqgta3,KDVI-8_gaussians-seed1,KDVI-8_gaussians,KDVI,8_gaussians,1,15000,kl_ite,0.3797628257415048
lhgqgta3,KDVI-8_gaussians-seed1,KDVI-8_gaussians,KDVI,8_gaussians,1,20000,kl_ite,0.3017816884309039
lhgqgta3,KDVI-8_gaussians-seed1,KDVI-8_gaussians,KDVI,8_gaussians,1,25000,kl_ite,0.2665534838934815
lhgqgta3,KDVI-8_gaussians-seed1,KDVI-8_gaussians,KDVI,8_gaussians,1,30000,kl_ite,0.1286679211438681
lhgqgta3,KDVI-8_gaussians-seed1,KDVI-8_gaussians,KDVI,8_gaussians,1,35000,kl_ite,0.11936499893674743
lhgqgta3,KDVI-8_gaussians-seed1,KDVI-8_gaussians,KDVI,8_gaussians,1,40000,kl_ite,0.0790935190524627
lhgqgta3,KDVI-8_gaussians-seed1,KDVI-8_gaussians,KDVI,8_gaussians,1,45000,kl_ite,0.08102532551540481
lhgqgta3,KDVI-8_gaussians-seed1,KDVI-8_gaussians,KDVI,8_gaussians,1,50000,kl_ite,0.09700789615285546
lhgqgta3,KDVI-8_gaussians-seed1,KDVI-8_gaussians,KDVI,8_gaussians,1,55000,kl_ite,0.10180414722397209
lhgqgta3,KDVI-8_gaussians-seed1,KDVI-8_gaussians,KDVI,8_gaussians,1,60000,kl_ite,0.0693538543691403
lhgqgta3,KDVI-8_gaussians-seed1,KDVI-8_gaussians,KDVI,8_gaussians,1,65000,kl_ite,0.07030266310574959
lhgqgta3,KDVI-8_gaussians-seed1,KDVI-8_gaussians,KDVI,8_gaussians,1,70000,kl_ite,0.07976961020987478
lhgqgta3,KDVI-8_gaussians-seed1,KDVI-8_gaussians,KDVI,8_gaussians,1,75000,kl_ite,0.06816717470284621
lhgqgta3,KDVI-8_gaussians-seed1,KDVI-8_gaussians,KDVI,8_gaussians,1,80000,kl_ite,0.0566610330904397
lhgqgta3,KDVI-8_gaussians-seed1,KDVI-8_gaussians,KDVI,8_gaussians,1,85000,kl_ite,0.04415950487500981
lhgqgta3,KDVI-8_gaussians-seed1,KDVI-8_gaussians,KDVI,8_gaussians,1,90000,kl_ite,0.0567006646890598
lhgqgta3,KDVI-8_gaussians-seed1,KDVI-8_gaussians,KDVI,8_gaussians,1,95000,kl_ite,0.05379699791978344
lhgqgta3,KDVI-8_gaussians-seed1,KDVI-8_gaussians,KDVI,8_gaussians,1,100000,kl_ite,0.07326975616963786
lhgqgta3,KDVI-8_gaussians-seed1,KDVI-8_gaussians,KDVI,8_gaussians,1,5000,w2,0.6954941153526306
lhgqgta3,KDVI-8_gaussians-seed1,KDVI-8_gaussians,KDVI,8_gaussians,1,10000,w2,0.269845575094223
lhgqgta3,KDVI-8_gaussians-seed1,KDVI-8_gaussians,KDVI,8_gaussians,1,15000,w2,0.1968611478805542
lhgqgta3,KDVI-8_gaussians-seed1,KDVI-8_gaussians,KDVI,8_gaussians,1,20000,w2,0.18321190774440765
lhgqgta3,KDVI-8_gaussians-seed1,KDVI-8_gaussians,KDVI,8_gaussians,1,25000,w2,0.17892169952392578
lhgqgta3,KDVI-8_gaussians-seed1,KDVI-8_gaussians,KDVI,8_gaussians,1,30000,w2,0.1405854970216751
lhgqgta3,KDVI-8_gaussians-seed1,KDVI-8_gaussians,KDVI,8_gaussians,1,35000,w2,0.15341141819953918
lhgqgta3,KDVI-8_gaussians-seed1,KDVI-8_gaussians,KDVI,8_gaussians,1,40000,w2,0.14768825471401215
lhgqgta3,KDVI-8_gaussians-seed1,KDVI-8_gaussians,KDVI,8_gaussians,1,45000,w2,0.1321723610162735
lhgqgta3,KDVI-8_gaussians-seed1,KDVI-8_gaussians,KDVI,8_gaussians,1,50000,w2,0.11868909001350403
lhgqgta3,KDVI-8_gaussians-seed1,KDVI-8_gaussians,KDVI,8_gaussians,1,55000,w2,0.14111042022705078
lhgqgta3,KDVI-8_gaussians-seed1,KDVI-8_gaussians,KDVI,8_gaussians,1,60000,w2,0.10751233994960785
lhgqgta3,KDVI-8_gaussians-seed1,KDVI-8_gaussians,KDVI,8_gaussians,1,65000,w2,0.11121480166912079
lhgqgta3,KDVI-8_gaussians-seed1,KDVI-8_gaussians,KDVI,8_gaussians,1,70000,w2,0.13337105512619019
lhgqgta3,KDVI-8_gaussians-seed1,KDVI-8_gaussians,KDVI,8_gaussians,1,75000,w2,0.11150369048118591
lhgqgta3,KDVI-8_gaussians-seed1,KDVI-8_gaussians,KDVI,8_gaussians,1,80000,w2,0.16872482001781464
lhgqgta3,KDVI-8_gaussians-seed1,KDVI-8_gaussians,KDVI,8_gaussians,1,85000,w2,0.10658180713653564
lhgqgta3,KDVI-8_gaussians-seed1,KDVI-8_gaussians,KDVI,8_gaussians,1,90000,w2,0.17506788671016693
lhgqgta3,KDVI-8_gaussians-seed1,KDVI-8_gaussians,KDVI,8_gaussians,1,95000,w2,0.15653575956821442
lhgqgta3,KDVI-8_gaussians-seed1,KDVI-8_gaussians,KDVI,8_gaussians,1,100000,w2,0.11701661348342896
lhgqgta3,KDVI-8_gaussians-seed1,KDVI-8_gaussians,KDVI,8_gaussians,1,5000,elbo,-3.484560966491699
lhgqgta3,KDVI-8_gaussians-seed1,KDVI-8_gaussians,KDVI,8_gaussians,1,10000,elbo,-1.3179205656051636
lhgqgta3,KDVI-8_gaussians-seed1,KDVI-8_gaussians,KDVI,8_gaussians,1,15000,elbo,-0.9004716277122498
lhgqgta3,KDVI-8_gaussians-seed1,KDVI-8_gaussians,KDVI,8_gaussians,1,20000,elbo,-0.7122642397880554
lhgqgta3,KDVI-8_gaussians-seed1,KDVI-8_gaussians,KDVI,8_gaussians,1,25000,elbo,-0.647659182548523
lhgqgta3,KDVI-8_gaussians-seed1,KDVI-8_gaussians,KDVI,8_gaussians,1,30000,elbo,-0.43888747692108154
lhgqgta3,KDVI-8_gaussians-seed1,KDVI-8_gaussians,KDVI,8_gaussians,1,35000,elbo,-0.42726609110832214
lhgqgta3,KDVI-8_gaussians-seed1,KDVI-8_gaussians,KDVI,8_gaussians,1,40000,elbo,-0.39411038160324097
lhgqgta3,KDVI-8_gaussians-seed1,KDVI-8_gaussians,KDVI,8_gaussians,1,45000,elbo,-0.3295067846775055
lhgqgta3,KDVI-8_gaussians-seed1,KDVI-8_gaussians,KDVI,8_gaussians,1,50000,elbo,-0.3120674788951874
lhgqgta3,KDVI-8_gaussians-seed1,KDVI-8_gaussians,KDVI,8_gaussians,1,55000,elbo,-0.30732831358909607
lhgqgta3,KDVI-8_gaussians-seed1,KDVI-8_gaussians,KDVI,8_gaussians,1,60000,elbo,-0.2991922199726105
lhgqgta3,KDVI-8_gaussians-seed1,KDVI-8_gaussians,KDVI,8_gaussians,1,65000,elbo,-0.27348339557647705
lhgqgta3,KDVI-8_gaussians-seed1,KDVI-8_gaussians,KDVI,8_gaussians,1,70000,elbo,-0.2738964259624481
lhgqgta3,KDVI-8_gaussians-seed1,KDVI-8_gaussians,KDVI,8_gaussians,1,75000,elbo,-0.25007373094558716
lhgqgta3,KDVI-8_gaussians-seed1,KDVI-8_gaussians,KDVI,8_gaussians,1,80000,elbo,-0.28443124890327454
lhgqgta3,KDVI-8_gaussians-seed1,KDVI-8_gaussians,KDVI,8_gaussians,1,85000,elbo,-0.24953317642211914
lhgqgta3,KDVI-8_gaussians-seed1,KDVI-8_gaussians,KDVI,8_gaussians,1,90000,elbo,-0.2403634637594223
lhgqgta3,KDVI-8_gaussians-seed1,KDVI-8_gaussians,KDVI,8_gaussians,1,95000,elbo,-0.2642192542552948
lhgqgta3,KDVI-8_gaussians-seed1,KDVI-8_gaussians,KDVI,8_gaussians,1,100000,elbo,-0.2622763216495514
vs0maav6,KDVI-8_gaussians-seed7,KDVI-8_gaussians,KDVI,8_gaussians,7,5000,kl_ite,1.023592299670083
vs0maav6,KDVI-8_gaussians-seed7,KDVI-8_gaussians,KDVI,8_gaussians,7,10000,kl_ite,0.660356160406835
vs0maav6,KDVI-8_gaussians-seed7,KDVI-8_gaussians,KDVI,8_gaussians,7,15000,kl_ite,0.5005042380108887
vs0maav6,KDVI-8_gaussians-seed7,KDVI-8_gaussians,KDVI,8_gaussians,7,20000,kl_ite,0.2733567612459209
vs0maav6,KDVI-8_gaussians-seed7,KDVI-8_gaussians,KDVI,8_gaussians,7,25000,kl_ite,0.21459879413170938
vs0maav6,KDVI-8_gaussians-seed7,KDVI-8_gaussians,KDVI,8_gaussians,7,30000,kl_ite,0.1377094463278974
vs0maav6,KDVI-8_gaussians-seed7,KDVI-8_gaussians,KDVI,8_gaussians,7,35000,kl_ite,0.10709596733016755
vs0maav6,KDVI-8_gaussians-seed7,KDVI-8_gaussians,KDVI,8_gaussians,7,40000,kl_ite,0.11412488540827262
vs0maav6,KDVI-8_gaussians-seed7,KDVI-8_gaussians,KDVI,8_gaussians,7,45000,kl_ite,0.07437722283952462
vs0maav6,KDVI-8_gaussians-seed7,KDVI-8_gaussians,KDVI,8_gaussians,7,50000,kl_ite,0.10219965641509014
vs0maav6,KDVI-8_gaussians-seed7,KDVI-8_gaussians,KDVI,8_gaussians,7,55000,kl_ite,0.0819341360727874
vs0maav6,KDVI-8_gaussians-seed7,KDVI-8_gaussians,KDVI,8_gaussians,7,60000,kl_ite,0.0718270546052756
vs0maav6,KDVI-8_gaussians-seed7,KDVI-8_gaussians,KDVI,8_gaussians,7,65000,kl_ite,0.10511240134719113
vs0maav6,KDVI-8_gaussians-seed7,KDVI-8_gaussians,KDVI,8_gaussians,7,70000,kl_ite,0.07300644119041268
vs0maav6,KDVI-8_gaussians-seed7,KDVI-8_gaussians,KDVI,8_gaussians,7,75000,kl_ite,0.06356463620575553
vs0maav6,KDVI-8_gaussians-seed7,KDVI-8_gaussians,KDVI,8_gaussians,7,80000,kl_ite,0.06977629517273708
vs0maav6,KDVI-8_gaussians-seed7,KDVI-8_gaussians,KDVI,8_gaussians,7,85000,kl_ite,0.08818029563464408
vs0maav6,KDVI-8_gaussians-seed7,KDVI-8_gaussians,KDVI,8_gaussians,7,90000,kl_ite,0.06630941276442966
vs0maav6,KDVI-8_gaussians-seed7,KDVI-8_gaussians,KDVI,8_gaussians,7,95000,kl_ite,0.05925877871585766
vs0maav6,KDVI-8_gaussians-seed7,KDVI-8_gaussians,KDVI,8_gaussians,7,100000,kl_ite,0.0951052998637751
vs0maav6,KDVI-8_gaussians-seed7,KDVI-8_gaussians,KDVI,8_gaussians,7,5000,w2,0.4164777994155884
vs0maav6,KDVI-8_gaussians-seed7,KDVI-8_gaussians,KDVI,8_gaussians,7,10000,w2,0.29358580708503723
vs0maav6,KDVI-8_gaussians-seed7,KDVI-8_gaussians,KDVI,8_gaussians,7,15000,w2,0.3137616217136383
vs0maav6,KDVI-8_gaussians-seed7,KDVI-8_gaussians,KDVI,8_gaussians,7,20000,w2,0.21394875645637512
vs0maav6,KDVI-8_gaussians-seed7,KDVI-8_gaussians,KDVI,8_gaussians,7,25000,w2,0.15293122828006744
vs0maav6,KDVI-8_gaussians-seed7,KDVI-8_gaussians,KDVI,8_gaussians,7,30000,w2,0.12886938452720642
vs0maav6,KDVI-8_gaussians-seed7,KDVI-8_gaussians,KDVI,8_gaussians,7,35000,w2,0.16610488295555115
vs0maav6,KDVI-8_gaussians-seed7,KDVI-8_gaussians,KDVI,8_gaussians,7,40000,w2,0.2550428509712219
vs0maav6,KDVI-8_gaussians-seed7,KDVI-8_gaussians,KDVI,8_gaussians,7,45000,w2,0.0978989377617836
vs0maav6,KDVI-8_gaussians-seed7,KDVI-8_gaussians,KDVI,8_gaussians,7,50000,w2,0.17928673326969147
vs0maav6,KDVI-8_gaussians-seed7,KDVI-8_gaussians,KDVI,8_gaussians,7,55000,w2,0.21994519233703613
vs0maav6,KDVI-8_gaussians-seed7,KDVI-8_gaussians,KDVI,8_gaussians,7,60000,w2,0.1859365850687027
vs0maav6,KDVI-8_gaussians-seed7,KDVI-8_gaussians,KDVI,8_gaussians,7,65000,w2,0.2175377458333969
vs0maav6,KDVI-8_gaussians-seed7,KDVI-8_gaussians,KDVI,8_gaussians,7,70000,w2,0.2280646413564682
vs0maav6,KDVI-8_gaussians-seed7,KDVI-8_gaussians,KDVI,8_gaussians,7,75000,w2,0.20860137045383453
vs0maav6,KDVI-8_gaussians-seed7,KDVI-8_gaussians,KDVI,8_gaussians,7,80000,w2,0.22497902810573578
vs0maav6,KDVI-8_gaussians-seed7,KDVI-8_gaussians,KDVI,8_gaussians,7,85000,w2,0.28063738346099854
vs0maav6,KDVI-8_gaussians-seed7,KDVI-8_gaussians,KDVI,8_gaussians,7,90000,w2,0.19137245416641235
vs0maav6,KDVI-8_gaussians-seed7,KDVI-8_gaussians,KDVI,8_gaussians,7,95000,w2,0.1955130249261856
vs0maav6,KDVI-8_gaussians-seed7,KDVI-8_gaussians,KDVI,8_gaussians,7,100000,w2,0.17439299821853638
vs0maav6,KDVI-8_gaussians-seed7,KDVI-8_gaussians,KDVI,8_gaussians,7,5000,elbo,-2.2400498390197754
vs0maav6,KDVI-8_gaussians-seed7,KDVI-8_gaussians,KDVI,8_gaussians,7,10000,elbo,-1.4552762508392334
vs0maav6,KDVI-8_gaussians-seed7,KDVI-8_gaussians,KDVI,8_gaussians,7,15000,elbo,-1.1331136226654053
vs0maav6,KDVI-8_gaussians-seed7,KDVI-8_gaussians,KDVI,8_gaussians,7,20000,elbo,-0.7380865812301636
vs0maav6,KDVI-8_gaussians-seed7,KDVI-8_gaussians,KDVI,8_gaussians,7,25000,elbo,-0.5478211045265198
vs0maav6,KDVI-8_gaussians-seed7,KDVI-8_gaussians,KDVI,8_gaussians,7,30000,elbo,-0.4287099540233612
vs0maav6,KDVI-8_gaussians-seed7,KDVI-8_gaussians,KDVI,8_gaussians,7,35000,elbo,-0.3899197280406952
vs0maav6,KDVI-8_gaussians-seed7,KDVI-8_gaussians,KDVI,8_gaussians,7,40000,elbo,-0.3347015380859375
vs0maav6,KDVI-8_gaussians-seed7,KDVI-8_gaussians,KDVI,8_gaussians,7,45000,elbo,-0.3128208518028259
vs0maav6,KDVI-8_gaussians-seed7,KDVI-8_gaussians,KDVI,8_gaussians,7,50000,elbo,-0.26681384444236755
vs0maav6,KDVI-8_gaussians-seed7,KDVI-8_gaussians,KDVI,8_gaussians,7,55000,elbo,-0.3288107216358185
vs0maav6,KDVI-8_gaussians-seed7,KDVI-8_gaussians,KDVI,8_gaussians,7,60000,elbo,-0.3058561384677887
vs0maav6,KDVI-8_gaussians-seed7,KDVI-8_gaussians,KDVI,8_gaussians,7,65000,elbo,-0.28187328577041626
vs0maav6,KDVI-8_gaussians-seed7,KDVI-8_gaussians,KDVI,8_gaussians,7,70000,elbo,-0.2756420969963074
vs0maav6,KDVI-8_gaussians-seed7,KDVI-8_gaussians,KDVI,8_gaussians,7,75000,elbo,-0.27706921100616455
vs0maav6,KDVI-8_gaussians-seed7,KDVI-8_gaussians,KDVI,8_gaussians,7,80000,elbo,-0.29752886295318604
vs0maav6,KDVI-8_gaussians-seed7,KDVI-8_gaussians,KDVI,8_gaussians,7,85000,elbo,-0.2614215314388275
vs0maav6,KDVI-8_gaussians-seed7,KDVI-8_gaussians,KDVI,8_gaussians,7,90000,elbo,-0.2662990689277649
vs0maav6,KDVI-8_gaussians-seed7,KDVI-8_gaussians,KDVI,8_gaussians,7,95000,elbo,-0.2659708857536316
vs0maav6,KDVI-8_gaussians-seed7,KDVI-8_gaussians,KDVI,8_gaussians,7,100000,elbo,-0.27650967240333557
tp9in47g,KDVI-8_gaussians-seed42,KDVI-8_gaussians,KDVI,8_gaussians,42,5000,kl_ite,1.1662045579778153
tp9in47g,KDVI-8_gaussians-seed42,KDVI-8_gaussians,KDVI,8_gaussians,42,10000,kl_ite,0.6175553194642157
tp9in47g,KDVI-8_gaussians-seed42,KDVI-8_gaussians,KDVI,8_gaussians,42,15000,kl_ite,0.4958965714685608
tp9in47g,KDVI-8_gaussians-seed42,KDVI-8_gaussians,KDVI,8_gaussians,42,20000,kl_ite,0.3221641970810091
tp9in47g,KDVI-8_gaussians-seed42,KDVI-8_gaussians,KDVI,8_gaussians,42,25000,kl_ite,0.15048978506344451
tp9in47g,KDVI-8_gaussians-seed42,KDVI-8_gaussians,KDVI,8_gaussians,42,30000,kl_ite,0.18308584707470602
tp9in47g,KDVI-8_gaussians-seed42,KDVI-8_gaussians,KDVI,8_gaussians,42,35000,kl_ite,0.14523863303798581
tp9in47g,KDVI-8_gaussians-seed42,KDVI-8_gaussians,KDVI,8_gaussians,42,40000,kl_ite,0.10129658040090429
tp9in47g,KDVI-8_gaussians-seed42,KDVI-8_gaussians,KDVI,8_gaussians,42,45000,kl_ite,0.07869937758514528
tp9in47g,KDVI-8_gaussians-seed42,KDVI-8_gaussians,KDVI,8_gaussians,42,50000,kl_ite,0.07261531687396147
tp9in47g,KDVI-8_gaussians-seed42,KDVI-8_gaussians,KDVI,8_gaussians,42,55000,kl_ite,0.0759093707592867
tp9in47g,KDVI-8_gaussians-seed42,KDVI-8_gaussians,KDVI,8_gaussians,42,60000,kl_ite,0.083400707364039
tp9in47g,KDVI-8_gaussians-seed42,KDVI-8_gaussians,KDVI,8_gaussians,42,65000,kl_ite,0.049671655782047755
tp9in47g,KDVI-8_gaussians-seed42,KDVI-8_gaussians,KDVI,8_gaussians,42,70000,kl_ite,0.07555655812031693
tp9in47g,KDVI-8_gaussians-seed42,KDVI-8_gaussians,KDVI,8_gaussians,42,75000,kl_ite,0.08856122278187695
tp9in47g,KDVI-8_gaussians-seed42,KDVI-8_gaussians,KDVI,8_gaussians,42,80000,kl_ite,0.08970214498610567
tp9in47g,KDVI-8_gaussians-seed42,KDVI-8_gaussians,KDVI,8_gaussians,42,85000,kl_ite,0.06776889257159802
tp9in47g,KDVI-8_gaussians-seed42,KDVI-8_gaussians,KDVI,8_gaussians,42,90000,kl_ite,0.06662059299343014
tp9in47g,KDVI-8_gaussians-seed42,KDVI-8_gaussians,KDVI,8_gaussians,42,95000,kl_ite,0.060919775515111935
tp9in47g,KDVI-8_gaussians-seed42,KDVI-8_gaussians,KDVI,8_gaussians,42,100000,kl_ite,0.06561581200955162
tp9in47g,KDVI-8_gaussians-seed42,KDVI-8_gaussians,KDVI,8_gaussians,42,5000,w2,0.4894212782382965
tp9in47g,KDVI-8_gaussians-seed42,KDVI-8_gaussians,KDVI,8_gaussians,42,10000,w2,0.3220447897911072
tp9in47g,KDVI-8_gaussians-seed42,KDVI-8_gaussians,KDVI,8_gaussians,42,15000,w2,0.31438758969306946
tp9in47g,KDVI-8_gaussians-seed42,KDVI-8_gaussians,KDVI,8_gaussians,42,20000,w2,0.1959373950958252
tp9in47g,KDVI-8_gaussians-seed42,KDVI-8_gaussians,KDVI,8_gaussians,42,25000,w2,0.15482141077518463
tp9in47g,KDVI-8_gaussians-seed42,KDVI-8_gaussians,KDVI,8_gaussians,42,30000,w2,0.20888715982437134
tp9in47g,KDVI-8_gaussians-seed42,KDVI-8_gaussians,KDVI,8_gaussians,42,35000,w2,0.14707647264003754
tp9in47g,KDVI-8_gaussians-seed42,KDVI-8_gaussians,KDVI,8_gaussians,42,40000,w2,0.11924809962511063
tp9in47g,KDVI-8_gaussians-seed42,KDVI-8_gaussians,KDVI,8_gaussians,42,45000,w2,0.09010671824216843
tp9in47g,KDVI-8_gaussians-seed42,KDVI-8_gaussians,KDVI,8_gaussians,42,50000,w2,0.10729970782995224
tp9in47g,KDVI-8_gaussians-seed42,KDVI-8_gaussians,KDVI,8_gaussians,42,55000,w2,0.09040579199790955
tp9in47g,KDVI-8_gaussians-seed42,KDVI-8_gaussians,KDVI,8_gaussians,42,60000,w2,0.09197498112916946
tp9in47g,KDVI-8_gaussians-seed42,KDVI-8_gaussians,KDVI,8_gaussians,42,65000,w2,0.09415034204721451
tp9in47g,KDVI-8_gaussians-seed42,KDVI-8_gaussians,KDVI,8_gaussians,42,70000,w2,0.08988784998655319
tp9in47g,KDVI-8_gaussians-seed42,KDVI-8_gaussians,KDVI,8_gaussians,42,75000,w2,0.0722668319940567
tp9in47g,KDVI-8_gaussians-seed42,KDVI-8_gaussians,KDVI,8_gaussians,42,80000,w2,0.10345052182674408
tp9in47g,KDVI-8_gaussians-seed42,KDVI-8_gaussians,KDVI,8_gaussians,42,85000,w2,0.07448424398899078
tp9in47g,KDVI-8_gaussians-seed42,KDVI-8_gaussians,KDVI,8_gaussians,42,90000,w2,0.08606589585542679
tp9in47g,KDVI-8_gaussians-seed42,KDVI-8_gaussians,KDVI,8_gaussians,42,95000,w2,0.08742531388998032
tp9in47g,KDVI-8_gaussians-seed42,KDVI-8_gaussians,KDVI,8_gaussians,42,100000,w2,0.10038947314023972
tp9in47g,KDVI-8_gaussians-seed42,KDVI-8_gaussians,KDVI,8_gaussians,42,5000,elbo,-2.536301612854004
tp9in47g,KDVI-8_gaussians-seed42,KDVI-8_gaussians,KDVI,8_gaussians,42,10000,elbo,-1.2626097202301025
tp9in47g,KDVI-8_gaussians-seed42,KDVI-8_gaussians,KDVI,8_gaussians,42,15000,elbo,-1.170905590057373
tp9in47g,KDVI-8_gaussians-seed42,KDVI-8_gaussians,KDVI,8_gaussians,42,20000,elbo,-0.721746027469635
tp9in47g,KDVI-8_gaussians-seed42,KDVI-8_gaussians,KDVI,8_gaussians,42,25000,elbo,-0.536994218826294
tp9in47g,KDVI-8_gaussians-seed42,KDVI-8_gaussians,KDVI,8_gaussians,42,30000,elbo,-0.47429710626602173
tp9in47g,KDVI-8_gaussians-seed42,KDVI-8_gaussians,KDVI,8_gaussians,42,35000,elbo,-0.43527621030807495
tp9in47g,KDVI-8_gaussians-seed42,KDVI-8_gaussians,KDVI,8_gaussians,42,40000,elbo,-0.39218801259994507
tp9in47g,KDVI-8_gaussians-seed42,KDVI-8_gaussians,KDVI,8_gaussians,42,45000,elbo,-0.3192247450351715
tp9in47g,KDVI-8_gaussians-seed42,KDVI-8_gaussians,KDVI,8_gaussians,42,50000,elbo,-0.31674060225486755
tp9in47g,KDVI-8_gaussians-seed42,KDVI-8_gaussians,KDVI,8_gaussians,42,55000,elbo,-0.29253730177879333
tp9in47g,KDVI-8_gaussians-seed42,KDVI-8_gaussians,KDVI,8_gaussians,42,60000,elbo,-0.2757529020309448
tp9in47g,KDVI-8_gaussians-seed42,KDVI-8_gaussians,KDVI,8_gaussians,42,65000,elbo,-0.2966368496417999
tp9in47g,KDVI-8_gaussians-seed42,KDVI-8_gaussians,KDVI,8_gaussians,42,70000,elbo,-0.2852735221385956
tp9in47g,KDVI-8_gaussians-seed42,KDVI-8_gaussians,KDVI,8_gaussians,42,75000,elbo,-0.28482553362846375
tp9in47g,KDVI-8_gaussians-seed42,KDVI-8_gaussians,KDVI,8_gaussians,42,80000,elbo,-0.2751106321811676
tp9in47g,KDVI-8_gaussians-seed42,KDVI-8_gaussians,KDVI,8_gaussians,42,85000,elbo,-0.26349490880966187
tp9in47g,KDVI-8_gaussians-seed42,KDVI-8_gaussians,KDVI,8_gaussians,42,90000,elbo,-0.2522173225879669
tp9in47g,KDVI-8_gaussians-seed42,KDVI-8_gaussians,KDVI,8_gaussians,42,95000,elbo,-0.25979793071746826
tp9in47g,KDVI-8_gaussians-seed42,KDVI-8_gaussians,KDVI,8_gaussians,42,100000,elbo,-0.25315016508102417
q8mqkmx2,KDVI-8_gaussians-seed43,KDVI-8_gaussians,KDVI,8_gaussians,43,5000,kl_ite,1.131069242281644
q8mqkmx2,KDVI-8_gaussians-seed43,KDVI-8_gaussians,KDVI,8_gaussians,43,10000,kl_ite,0.9466712205177403
q8mqkmx2,KDVI-8_gaussians-seed43,KDVI-8_gaussians,KDVI,8_gaussians,43,15000,kl_ite,0.5960139511432648
q8mqkmx2,KDVI-8_gaussians-seed43,KDVI-8_gaussians,KDVI,8_gaussians,43,20000,kl_ite,0.34246311591089174
q8mqkmx2,KDVI-8_gaussians-seed43,KDVI-8_gaussians,KDVI,8_gaussians,43,25000,kl_ite,0.26287191182226555
q8mqkmx2,KDVI-8_gaussians-seed43,KDVI-8_gaussians,KDVI,8_gaussians,43,30000,kl_ite,0.17217581113117605
q8mqkmx2,KDVI-8_gaussians-seed43,KDVI-8_gaussians,KDVI,8_gaussians,43,35000,kl_ite,0.13531567826132604
q8mqkmx2,KDVI-8_gaussians-seed43,KDVI-8_gaussians,KDVI,8_gaussians,43,40000,kl_ite,0.10045537815929956
q8mqkmx2,KDVI-8_gaussians-seed43,KDVI-8_gaussians,KDVI,8_gaussians,43,45000,kl_ite,0.11434608321259965
q8mqkmx2,KDVI-8_gaussians-seed43,KDVI-8_gaussians,KDVI,8_gaussians,43,50000,kl_ite,0.09152943290811012
q8mqkmx2,KDVI-8_gaussians-seed43,KDVI-8_gaussians,KDVI,8_gaussians,43,55000,kl_ite,0.10581669297502175
q8mqkmx2,KDVI-8_gaussians-seed43,KDVI-8_gaussians,KDVI,8_gaussians,43,60000,kl_ite,0.07063017333156565
q8mqkmx2,KDVI-8_gaussians-seed43,KDVI-8_gaussians,KDVI,8_gaussians,43,65000,kl_ite,0.05613597499679552
q8mqkmx2,KDVI-8_gaussians-seed43,KDVI-8_gaussians,KDVI,8_gaussians,43,70000,kl_ite,0.0613552264704412
q8mqkmx2,KDVI-8_gaussians-seed43,KDVI-8_gaussians,KDVI,8_gaussians,43,75000,kl_ite,0.07759497343748922
q8mqkmx2,KDVI-8_gaussians-seed43,KDVI-8_gaussians,KDVI,8_gaussians,43,80000,kl_ite,0.07985570122146761
q8mqkmx2,KDVI-8_gaussians-seed43,KDVI-8_gaussians,KDVI,8_gaussians,43,85000,kl_ite,0.05381824080733347
q8mqkmx2,KDVI-8_gaussians-seed43,KDVI-8_gaussians,KDVI,8_gaussians,43,90000,kl_ite,0.07017109419204495
q8mqkmx2,KDVI-8_gaussians-seed43,KDVI-8_gaussians,KDVI,8_gaussians,43,95000,kl_ite,0.07181795217028038
q8mqkmx2,KDVI-8_gaussians-seed43,KDVI-8_gaussians,KDVI,8_gaussians,43,100000,kl_ite,0.07530897347016934
q8mqkmx2,KDVI-8_gaussians-seed43,KDVI-8_gaussians,KDVI,8_gaussians,43,5000,w2,0.5226473212242126
q8mqkmx2,KDVI-8_gaussians-seed43,KDVI-8_gaussians,KDVI,8_gaussians,43,10000,w2,0.34879791736602783
q8mqkmx2,KDVI-8_gaussians-seed43,KDVI-8_gaussians,KDVI,8_gaussians,43,15000,w2,0.3512663245201111
q8mqkmx2,KDVI-8_gaussians-seed43,KDVI-8_gaussians,KDVI,8_gaussians,43,20000,w2,0.3259211480617523
q8mqkmx2,KDVI-8_gaussians-seed43,KDVI-8_gaussians,KDVI,8_gaussians,43,25000,w2,0.17252092063426971
q8mqkmx2,KDVI-8_gaussians-seed43,KDVI-8_gaussians,KDVI,8_gaussians,43,30000,w2,0.2532525658607483
q8mqkmx2,KDVI-8_gaussians-seed43,KDVI-8_gaussians,KDVI,8_gaussians,43,35000,w2,0.12467776238918304
q8mqkmx2,KDVI-8_gaussians-seed43,KDVI-8_gaussians,KDVI,8_gaussians,43,40000,w2,0.17474530637264252
q8mqkmx2,KDVI-8_gaussians-seed43,KDVI-8_gaussians,KDVI,8_gaussians,43,45000,w2,0.131094291806221
q8mqkmx2,KDVI-8_gaussians-seed43,KDVI-8_gaussians,KDVI,8_gaussians,43,50000,w2,0.12476463615894318
q8mqkmx2,KDVI-8_gaussians-seed43,KDVI-8_gaussians,KDVI,8_gaussians,43,55000,w2,0.10611358284950256
q8mqkmx2,KDVI-8_gaussians-seed43,KDVI-8_gaussians,KDVI,8_gaussians,43,60000,w2,0.07082302868366241
q8mqkmx2,KDVI-8_gaussians-seed43,KDVI-8_gaussians,KDVI,8_gaussians,43,65000,w2,0.08455368876457214
q8mqkmx2,KDVI-8_gaussians-seed43,KDVI-8_gaussians,KDVI,8_gaussians,43,70000,w2,0.08834564685821533
q8mqkmx2,KDVI-8_gaussians-seed43,KDVI-8_gaussians,KDVI,8_gaussians,43,75000,w2,0.07640403509140015
q8mqkmx2,KDVI-8_gaussians-seed43,KDVI-8_gaussians,KDVI,8_gaussians,43,80000,w2,0.09643221646547318
q8mqkmx2,KDVI-8_gaussians-seed43,KDVI-8_gaussians,KDVI,8_gaussians,43,85000,w2,0.07650984823703766
q8mqkmx2,KDVI-8_gaussians-seed43,KDVI-8_gaussians,KDVI,8_gaussians,43,90000,w2,0.09892566502094269
q8mqkmx2,KDVI-8_gaussians-seed43,KDVI-8_gaussians,KDVI,8_gaussians,43,95000,w2,0.06825242191553116
q8mqkmx2,KDVI-8_gaussians-seed43,KDVI-8_gaussians,KDVI,8_gaussians,43,100000,w2,0.08463350683450699
q8mqkmx2,KDVI-8_gaussians-seed43,KDVI-8_gaussians,KDVI,8_gaussians,43,5000,elbo,-2.977417469024658
q8mqkmx2,KDVI-8_gaussians-seed43,KDVI-8_gaussians,KDVI,8_gaussians,43,10000,elbo,-1.9455257654190063
q8mqkmx2,KDVI-8_gaussians-seed43,KDVI-8_gaussians,KDVI,8_gaussians,43,15000,elbo,-1.289057731628418
q8mqkmx2,KDVI-8_gaussians-seed43,KDVI-8_gaussians,KDVI,8_gaussians,43,20000,elbo,-0.7859432697296143
q8mqkmx2,KDVI-8_gaussians-seed43,KDVI-8_gaussians,KDVI,8_gaussians,43,25000,elbo,-0.699996292591095
q8mqkmx2,KDVI-8_gaussians-seed43,KDVI-8_gaussians,KDVI,8_gaussians,43,30000,elbo,-0.5094807147979736
q8mqkmx2,KDVI-8_gaussians-seed43,KDVI-8_gaussians,KDVI,8_gaussians,43,35000,elbo,-0.38352736830711365
q8mqkmx2,KDVI-8_gaussians-seed43,KDVI-8_gaussians,KDVI,8_gaussians,43,40000,elbo,-0.34985971450805664
q8mqkmx2,KDVI-8_gaussians-seed43,KDVI-8_gaussians,KDVI,8_gaussians,43,45000,elbo,-0.34363430738449097
q8mqkmx2,KDVI-8_gaussians-seed43,KDVI-8_gaussians,KDVI,8_gaussians,43,50000,elbo,-0.3060782253742218
q8mqkmx2,KDVI-8_gaussians-seed43,KDVI-8_gaussians,KDVI,8_gaussians,43,55000,elbo,-0.2944866716861725
q8mqkmx2,KDVI-8_gaussians-seed43,KDVI-8_gaussians,KDVI,8_gaussians,43,60000,elbo,-0.26576608419418335
q8mqkmx2,KDVI-8_gaussians-seed43,KDVI-8_gaussians,KDVI,8_gaussians,43,65000,elbo,-0.29691165685653687
q8mqkmx2,KDVI-8_gaussians-seed43,KDVI-8_gaussians,KDVI,8_gaussians,43,70000,elbo,-0.2701989710330963
q8mqkmx2,KDVI-8_gaussians-seed43,KDVI-8_gaussians,KDVI,8_gaussians,43,75000,elbo,-0.25883162021636963
q8mqkmx2,KDVI-8_gaussians-seed43,KDVI-8_gaussians,KDVI,8_gaussians,43,80000,elbo,-0.25817856192588806
q8mqkmx2,KDVI-8_gaussians-seed43,KDVI-8_gaussians,KDVI,8_gaussians,43,85000,elbo,-0.261282354593277
q8mqkmx2,KDVI-8_gaussians-seed43,KDVI-8_gaussians,KDVI,8_gaussians,43,90000,elbo,-0.24464565515518188
q8mqkmx2,KDVI-8_gaussians-seed43,KDVI-8_gaussians,KDVI,8_gaussians,43,95000,elbo,-0.2555359899997711
q8mqkmx2,KDVI-8_gaussians-seed43,KDVI-8_gaussians,KDVI,8_gaussians,43,100000,elbo,-0.27269062399864197
lffcnj4f,KDVI-8_gaussians_small-seed0,KDVI-8_gaussians_small,KDVI,8_gaussians_small,0,5000,kl_ite,3.069697861842827
lffcnj4f,KDVI-8_gaussians_small-seed0,KDVI-8_gaussians_small,KDVI,8_gaussians_small,0,10000,kl_ite,3.057653840557562
lffcnj4f,KDVI-8_gaussians_small-seed0,KDVI-8_gaussians_small,KDVI,8_gaussians_small,0,15000,kl_ite,2.9952243107443635
lffcnj4f,KDVI-8_gaussians_small-seed0,KDVI-8_gaussians_small,KDVI,8_gaussians_small,0,20000,kl_ite,3.015730999021542
lffcnj4f,KDVI-8_gaussians_small-seed0,KDVI-8_gaussians_small,KDVI,8_gaussians_small,0,25000,kl_ite,2.991246269372714
lffcnj4f,KDVI-8_gaussians_small-seed0,KDVI-8_gaussians_small,KDVI,8_gaussians_small,0,30000,kl_ite,2.9654907728197735
lffcnj4f,KDVI-8_gaussians_small-seed0,KDVI-8_gaussians_small,KDVI,8_gaussians_small,0,35000,kl_ite,2.9315173186712595
lffcnj4f,KDVI-8_gaussians_small-seed0,KDVI-8_gaussians_small,KDVI,8_gaussians_small,0,40000,kl_ite,2.9659193078951467
lffcnj4f,KDVI-8_gaussians_small-seed0,KDVI-8_gaussians_small,KDVI,8_gaussians_small,0,45000,kl_ite,2.924524491412707
lffcnj4f,KDVI-8_gaussians_small-seed0,KDVI-8_gaussians_small,KDVI,8_gaussians_small,0,50000,kl_ite,2.9406817137782633
lffcnj4f,KDVI-8_gaussians_small-seed0,KDVI-8_gaussians_small,KDVI,8_gaussians_small,0,55000,kl_ite,2.959631637656805
lffcnj4f,KDVI-8_gaussians_small-seed0,KDVI-8_gaussians_small,KDVI,8_gaussians_small,0,60000,kl_ite,2.963138988163655
lffcnj4f,KDVI-8_gaussians_small-seed0,KDVI-8_gaussians_small,KDVI,8_gaussians_small,0,65000,kl_ite,2.9297727255963295
lffcnj4f,KDVI-8_gaussians_small-seed0,KDVI-8_gaussians_small,KDVI,8_gaussians_small,0,70000,kl_ite,2.9318782601712963
lffcnj4f,KDVI-8_gaussians_small-seed0,KDVI-8_gaussians_small,KDVI,8_gaussians_small,0,75000,kl_ite,2.9653387236613202
lffcnj4f,KDVI-8_gaussians_small-seed0,KDVI-8_gaussians_small,KDVI,8_gaussians_small,0,80000,kl_ite,2.916251468203901
lffcnj4f,KDVI-8_gaussians_small-seed0,KDVI-8_gaussians_small,KDVI,8_gaussians_small,0,85000,kl_ite,2.982990205524702
lffcnj4f,KDVI-8_gaussians_small-seed0,KDVI-8_gaussians_small,KDVI,8_gaussians_small,0,90000,kl_ite,2.9011136300321567
lffcnj4f,KDVI-8_gaussians_small-seed0,KDVI-8_gaussians_small,KDVI,8_gaussians_small,0,95000,kl_ite,2.9714273129874815
lffcnj4f,KDVI-8_gaussians_small-seed0,KDVI-8_gaussians_small,KDVI,8_gaussians_small,0,100000,kl_ite,2.9647402098042748
lffcnj4f,KDVI-8_gaussians_small-seed0,KDVI-8_gaussians_small,KDVI,8_gaussians_small,0,5000,w2,0.40409162640571594
lffcnj4f,KDVI-8_gaussians_small-seed0,KDVI-8_gaussians_small,KDVI,8_gaussians_small,0,10000,w2,0.37262287735939026
lffcnj4f,KDVI-8_gaussians_small-seed0,KDVI-8_gaussians_small,KDVI,8_gaussians_small,0,15000,w2,0.3254619836807251
lffcnj4f,KDVI-8_gaussians_small-seed0,KDVI-8_gaussians_small,KDVI,8_gaussians_small,0,20000,w2,0.32084593176841736
lffcnj4f,KDVI-8_gaussians_small-seed0,KDVI-8_gaussians_small,KDVI,8_gaussians_small,0,25000,w2,0.3229310214519501
lffcnj4f,KDVI-8_gaussians_small-seed0,KDVI-8_gaussians_small,KDVI,8_gaussians_small,0,30000,w2,0.3031424582004547
lffcnj4f,KDVI-8_gaussians_small-seed0,KDVI-8_gaussians_small,KDVI,8_gaussians_small,0,35000,w2,0.30835050344467163
lffcnj4f,KDVI-8_gaussians_small-seed0,KDVI-8_gaussians_small,KDVI,8_gaussians_small,0,40000,w2,0.30400803685188293
lffcnj4f,KDVI-8_gaussians_small-seed0,KDVI-8_gaussians_small,KDVI,8_gaussians_small,0,45000,w2,0.29903581738471985
lffcnj4f,KDVI-8_gaussians_small-seed0,KDVI-8_gaussians_small,KDVI,8_gaussians_small,0,50000,w2,0.3060685694217682
lffcnj4f,KDVI-8_gaussians_small-seed0,KDVI-8_gaussians_small,KDVI,8_gaussians_small,0,55000,w2,0.3069632649421692
lffcnj4f,KDVI-8_gaussians_small-seed0,KDVI-8_gaussians_small,KDVI,8_gaussians_small,0,60000,w2,0.3025626540184021
lffcnj4f,KDVI-8_gaussians_small-seed0,KDVI-8_gaussians_small,KDVI,8_gaussians_small,0,65000,w2,0.3064557611942291
lffcnj4f,KDVI-8_gaussians_small-seed0,KDVI-8_gaussians_small,KDVI,8_gaussians_small,0,70000,w2,0.30626600980758667
lffcnj4f,KDVI-8_gaussians_small-seed0,KDVI-8_gaussians_small,KDVI,8_gaussians_small,0,75000,w2,0.3066977560520172
lffcnj4f,KDVI-8_gaussians_small-seed0,KDVI-8_gaussians_small,KDVI,8_gaussians_small,0,80000,w2,0.30348047614097595
lffcnj4f,KDVI-8_gaussians_small-seed0,KDVI-8_gaussians_small,KDVI,8_gaussians_small,0,85000,w2,0.3132493495941162
lffcnj4f,KDVI-8_gaussians_small-seed0,KDVI-8_gaussians_small,KDVI,8_gaussians_small,0,90000,w2,0.31009531021118164
lffcnj4f,KDVI-8_gaussians_small-seed0,KDVI-8_gaussians_small,KDVI,8_gaussians_small,0,95000,w2,0.29945793747901917
lffcnj4f,KDVI-8_gaussians_small-seed0,KDVI-8_gaussians_small,KDVI,8_gaussians_small,0,100000,w2,0.30214375257492065
lffcnj4f,KDVI-8_gaussians_small-seed0,KDVI-8_gaussians_small,KDVI,8_gaussians_small,0,5000,elbo,-27.20271873474121
lffcnj4f,KDVI-8_gaussians_small-seed0,KDVI-8_gaussians_small,KDVI,8_gaussians_small,0,10000,elbo,-24.938650131225586
lffcnj4f,KDVI-8_gaussians_small-seed0,KDVI-8_gaussians_small,KDVI,8_gaussians_small,0,15000,elbo,-19.855228424072266
lffcnj4f,KDVI-8_gaussians_small-seed0,KDVI-8_gaussians_small,KDVI,8_gaussians_small,0,20000,elbo,-20.088302612304688
lffcnj4f,KDVI-8_gaussians_small-seed0,KDVI-8_gaussians_small,KDVI,8_gaussians_small,0,25000,elbo,-19.380027770996094
lffcnj4f,KDVI-8_gaussians_small-seed0,KDVI-8_gaussians_small,KDVI,8_gaussians_small,0,30000,elbo,-18.587337493896484
lffcnj4f,KDVI-8_gaussians_small-seed0,KDVI-8_gaussians_small,KDVI,8_gaussians_small,0,35000,elbo,-18.927730560302734
lffcnj4f,KDVI-8_gaussians_small-seed0,KDVI-8_gaussians_small,KDVI,8_gaussians_small,0,40000,elbo,-18.786088943481445
lffcnj4f,KDVI-8_gaussians_small-seed0,KDVI-8_gaussians_small,KDVI,8_gaussians_small,0,45000,elbo,-18.031835556030273
lffcnj4f,KDVI-8_gaussians_small-seed0,KDVI-8_gaussians_small,KDVI,8_gaussians_small,0,50000,elbo,-18.314977645874023
lffcnj4f,KDVI-8_gaussians_small-seed0,KDVI-8_gaussians_small,KDVI,8_gaussians_small,0,55000,elbo,-17.39228630065918
lffcnj4f,KDVI-8_gaussians_small-seed0,KDVI-8_gaussians_small,KDVI,8_gaussians_small,0,60000,elbo,-18.884801864624023
lffcnj4f,KDVI-8_gaussians_small-seed0,KDVI-8_gaussians_small,KDVI,8_gaussians_small,0,65000,elbo,-18.48634147644043
lffcnj4f,KDVI-8_gaussians_small-seed0,KDVI-8_gaussians_small,KDVI,8_gaussians_small,0,70000,elbo,-18.275846481323242
lffcnj4f,KDVI-8_gaussians_small-seed0,KDVI-8_gaussians_small,KDVI,8_gaussians_small,0,75000,elbo,-18.26051139831543
lffcnj4f,KDVI-8_gaussians_small-seed0,KDVI-8_gaussians_small,KDVI,8_gaussians_small,0,80000,elbo,-19.44746208190918
lffcnj4f,KDVI-8_gaussians_small-seed0,KDVI-8_gaussians_small,KDVI,8_gaussians_small,0,85000,elbo,-18.487340927124023
lffcnj4f,KDVI-8_gaussians_small-seed0,KDVI-8_gaussians_small,KDVI,8_gaussians_small,0,90000,elbo,-18.08342742919922
lffcnj4f,KDVI-8_gaussians_small-seed0,KDVI-8_gaussians_small,KDVI,8_gaussians_small,0,95000,elbo,-19.32566261291504
lffcnj4f,KDVI-8_gaussians_small-seed0,KDVI-8_gaussians_small,KDVI,8_gaussians_small,0,100000,elbo,-18.632186889648438
nhb1oct1,KDVI-8_gaussians_small-seed1,KDVI-8_gaussians_small,KDVI,8_gaussians_small,1,5000,kl_ite,3.021901890314326
nhb1oct1,KDVI-8_gaussians_small-seed1,KDVI-8_gaussians_small,KDVI,8_gaussians_small,1,10000,kl_ite,2.9976676814051015
nhb1oct1,KDVI-8_gaussians_small-seed1,KDVI-8_gaussians_small,KDVI,8_gaussians_small,1,15000,kl_ite,2.946342758166392
nhb1oct1,KDVI-8_gaussians_small-seed1,KDVI-8_gaussians_small,KDVI,8_gaussians_small,1,20000,kl_ite,2.9575695168795453
nhb1oct1,KDVI-8_gaussians_small-seed1,KDVI-8_gaussians_small,KDVI,8_gaussians_small,1,25000,kl_ite,2.9506590167797664
nhb1oct1,KDVI-8_gaussians_small-seed1,KDVI-8_gaussians_small,KDVI,8_gaussians_small,1,30000,kl_ite,2.977932131544106
nhb1oct1,KDVI-8_gaussians_small-seed1,KDVI-8_gaussians_small,KDVI,8_gaussians_small,1,35000,kl_ite,2.9487506145820332
nhb1oct1,KDVI-8_gaussians_small-seed1,KDVI-8_gaussians_small,KDVI,8_gaussians_small,1,40000,kl_ite,2.9277298874555076
nhb1oct1,KDVI-8_gaussians_small-seed1,KDVI-8_gaussians_small,KDVI,8_gaussians_small,1,45000,kl_ite,2.9564965690630167
nhb1oct1,KDVI-8_gaussians_small-seed1,KDVI-8_gaussians_small,KDVI,8_gaussians_small,1,50000,kl_ite,2.930467265419551
nhb1oct1,KDVI-8_gaussians_small-seed1,KDVI-8_gaussians_small,KDVI,8_gaussians_small,1,55000,kl_ite,2.9661867081442206
nhb1oct1,KDVI-8_gaussians_small-seed1,KDVI-8_gaussians_small,KDVI,8_gaussians_small,1,60000,kl_ite,2.940417344852464
nhb1oct1,KDVI-8_gaussians_small-seed1,KDVI-8_gaussians_small,KDVI,8_gaussians_small,1,65000,kl_ite,2.9714696897112587
nhb1oct1,KDVI-8_gaussians_small-seed1,KDVI-8_gaussians_small,KDVI,8_gaussians_small,1,70000,kl_ite,2.9733675811816376
nhb1oct1,KDVI-8_gaussians_small-seed1,KDVI-8_gaussians_small,KDVI,8_gaussians_small,1,75000,kl_ite,2.9524704944548557
nhb1oct1,KDVI-8_gaussians_small-seed1,KDVI-8_gaussians_small,KDVI,8_gaussians_small,1,80000,kl_ite,2.966837246679179
nhb1oct1,KDVI-8_gaussians_small-seed1,KDVI-8_gaussians_small,KDVI,8_gaussians_small,1,85000,kl_ite,2.9524093491155696
nhb1oct1,KDVI-8_gaussians_small-seed1,KDVI-8_gaussians_small,KDVI,8_gaussians_small,1,90000,kl_ite,2.939074858425065
nhb1oct1,KDVI-8_gaussians_small-seed1,KDVI-8_gaussians_small,KDVI,8_gaussians_small,1,95000,kl_ite,2.9433644805912116
nhb1oct1,KDVI-8_gaussians_small-seed1,KDVI-8_gaussians_small,KDVI,8_gaussians_small,1,100000,kl_ite,2.9705658244066364
nhb1oct1,KDVI-8_gaussians_small-seed1,KDVI-8_gaussians_small,KDVI,8_gaussians_small,1,5000,w2,0.3980509340763092
nhb1oct1,KDVI-8_gaussians_small-seed1,KDVI-8_gaussians_small,KDVI,8_gaussians_small,1,10000,w2,0.35158029198646545
nhb1oct1,KDVI-8_gaussians_small-seed1,KDVI-8_gaussians_small,KDVI,8_gaussians_small,1,15000,w2,0.3232685327529907
nhb1oct1,KDVI-8_gaussians_small-seed1,KDVI-8_gaussians_small,KDVI,8_gaussians_small,1,20000,w2,0.3163641095161438
nhb1oct1,KDVI-8_gaussians_small-seed1,KDVI-8_gaussians_small,KDVI,8_gaussians_small,1,25000,w2,0.3072713315486908
nhb1oct1,KDVI-8_gaussians_small-seed1,KDVI-8_gaussians_small,KDVI,8_gaussians_small,1,30000,w2,0.3087805509567261
nhb1oct1,KDVI-8_gaussians_small-seed1,KDVI-8_gaussians_small,KDVI,8_gaussians_small,1,35000,w2,0.30251345038414
nhb1oct1,KDVI-8_gaussians_small-seed1,KDVI-8_gaussians_small,KDVI,8_gaussians_small,1,40000,w2,0.30954548716545105
nhb1oct1,KDVI-8_gaussians_small-seed1,KDVI-8_gaussians_small,KDVI,8_gaussians_small,1,45000,w2,0.30518803000450134
nhb1oct1,KDVI-8_gaussians_small-seed1,KDVI-8_gaussians_small,KDVI,8_gaussians_small,1,50000,w2,0.30404263734817505
nhb1oct1,KDVI-8_gaussians_small-seed1,KDVI-8_gaussians_small,KDVI,8_gaussians_small,1,55000,w2,0.304158478975296
nhb1oct1,KDVI-8_gaussians_small-seed1,KDVI-8_gaussians_small,KDVI,8_gaussians_small,1,60000,w2,0.3050737679004669
nhb1oct1,KDVI-8_gaussians_small-seed1,KDVI-8_gaussians_small,KDVI,8_gaussians_small,1,65000,w2,0.2963382601737976
nhb1oct1,KDVI-8_gaussians_small-seed1,KDVI-8_gaussians_small,KDVI,8_gaussians_small,1,70000,w2,0.30316340923309326
nhb1oct1,KDVI-8_gaussians_small-seed1,KDVI-8_gaussians_small,KDVI,8_gaussians_small,1,75000,w2,0.30395790934562683
nhb1oct1,KDVI-8_gaussians_small-seed1,KDVI-8_gaussians_small,KDVI,8_gaussians_small,1,80000,w2,0.30987846851348877
nhb1oct1,KDVI-8_gaussians_small-seed1,KDVI-8_gaussians_small,KDVI,8_gaussians_small,1,85000,w2,0.303163081407547
nhb1oct1,KDVI-8_gaussians_small-seed1,KDVI-8_gaussians_small,KDVI,8_gaussians_small,1,90000,w2,0.309547483921051
nhb1oct1,KDVI-8_gaussians_small-seed1,KDVI-8_gaussians_small,KDVI,8_gaussians_small,1,95000,w2,0.3047848343849182
nhb1oct1,KDVI-8_gaussians_small-seed1,KDVI-8_gaussians_small,KDVI,8_gaussians_small,1,100000,w2,0.3100678026676178
nhb1oct1,KDVI-8_gaussians_small-seed1,KDVI-8_gaussians_small,KDVI,8_gaussians_small,1,5000,elbo,-26.30097198486328
nhb1oct1,KDVI-8_gaussians_small-seed1,KDVI-8_gaussians_small,KDVI,8_gaussians_small,1,10000,elbo,-22.69536590576172
nhb1oct1,KDVI-8_gaussians_small-seed1,KDVI-8_gaussians_small,KDVI,8_gaussians_small,1,15000,elbo,-18.890911102294922
nhb1oct1,KDVI-8_gaussians_small-seed1,KDVI-8_gaussians_small,KDVI,8_gaussians_small,1,20000,elbo,-19.826030731201172
nhb1oct1,KDVI-8_gaussians_small-seed1,KDVI-8_gaussians_small,KDVI,8_gaussians_small,1,25000,elbo,-18.725055694580078
nhb1oct1,KDVI-8_gaussians_small-seed1,KDVI-8_gaussians_small,KDVI,8_gaussians_small,1,30000,elbo,-18.79527473449707
nhb1oct1,KDVI-8_gaussians_small-seed1,KDVI-8_gaussians_small,KDVI,8_gaussians_small,1,35000,elbo,-17.963829040527344
nhb1oct1,KDVI-8_gaussians_small-seed1,KDVI-8_gaussians_small,KDVI,8_gaussians_small,1,40000,elbo,-17.692062377929688
nhb1oct1,KDVI-8_gaussians_small-seed1,KDVI-8_gaussians_small,KDVI,8_gaussians_small,1,45000,elbo,-18.723983764648438
nhb1oct1,KDVI-8_gaussians_small-seed1,KDVI-8_gaussians_small,KDVI,8_gaussians_small,1,50000,elbo,-19.125205993652344
nhb1oct1,KDVI-8_gaussians_small-seed1,KDVI-8_gaussians_small,KDVI,8_gaussians_small,1,55000,elbo,-17.877962112426758
nhb1oct1,KDVI-8_gaussians_small-seed1,KDVI-8_gaussians_small,KDVI,8_gaussians_small,1,60000,elbo,-18.579748153686523
nhb1oct1,KDVI-8_gaussians_small-seed1,KDVI-8_gaussians_small,KDVI,8_gaussians_small,1,65000,elbo,-18.052087783813477
nhb1oct1,KDVI-8_gaussians_small-seed1,KDVI-8_gaussians_small,KDVI,8_gaussians_small,1,70000,elbo,-18.546226501464844
nhb1oct1,KDVI-8_gaussians_small-seed1,KDVI-8_gaussians_small,KDVI,8_gaussians_small,1,75000,elbo,-19.505393981933594
nhb1oct1,KDVI-8_gaussians_small-seed1,KDVI-8_gaussians_small,KDVI,8_gaussians_small,1,80000,elbo,-18.54876136779785
nhb1oct1,KDVI-8_gaussians_small-seed1,KDVI-8_gaussians_small,KDVI,8_gaussians_small,1,85000,elbo,-18.41758155822754
nhb1oct1,KDVI-8_gaussians_small-seed1,KDVI-8_gaussians_small,KDVI,8_gaussians_small,1,90000,elbo,-18.6998348236084
nhb1oct1,KDVI-8_gaussians_small-seed1,KDVI-8_gaussians_small,KDVI,8_gaussians_small,1,95000,elbo,-18.68161964416504
nhb1oct1,KDVI-8_gaussians_small-seed1,KDVI-8_gaussians_small,KDVI,8_gaussians_small,1,100000,elbo,-17.81528663635254
04jx4y9t,KDVI-8_gaussians_small-seed7,KDVI-8_gaussians_small,KDVI,8_gaussians_small,7,5000,kl_ite,3.059108680794341
04jx4y9t,KDVI-8_gaussians_small-seed7,KDVI-8_gaussians_small,KDVI,8_gaussians_small,7,10000,kl_ite,3.016476407997349
04jx4y9t,KDVI-8_gaussians_small-seed7,KDVI-8_gaussians_small,KDVI,8_gaussians_small,7,15000,kl_ite,2.9723991214740946
04jx4y9t,KDVI-8_gaussians_small-seed7,KDVI-8_gaussians_small,KDVI,8_gaussians_small,7,20000,kl_ite,2.888084605281052
04jx4y9t,KDVI-8_gaussians_small-seed7,KDVI-8_gaussians_small,KDVI,8_gaussians_small,7,25000,kl_ite,2.9391263082841865
04jx4y9t,KDVI-8_gaussians_small-seed7,KDVI-8_gaussians_small,KDVI,8_gaussians_small,7,30000,kl_ite,2.9385408256902372
04jx4y9t,KDVI-8_gaussians_small-seed7,KDVI-8_gaussians_small,KDVI,8_gaussians_small,7,35000,kl_ite,2.9276987052051457
04jx4y9t,KDVI-8_gaussians_small-seed7,KDVI-8_gaussians_small,KDVI,8_gaussians_small,7,40000,kl_ite,2.9245857505206017
04jx4y9t,KDVI-8_gaussians_small-seed7,KDVI-8_gaussians_small,KDVI,8_gaussians_small,7,45000,kl_ite,2.9538180960839133
04jx4y9t,KDVI-8_gaussians_small-seed7,KDVI-8_gaussians_small,KDVI,8_gaussians_small,7,50000,kl_ite,2.9449500382666836
04jx4y9t,KDVI-8_gaussians_small-seed7,KDVI-8_gaussians_small,KDVI,8_gaussians_small,7,55000,kl_ite,2.966133884279576
04jx4y9t,KDVI-8_gaussians_small-seed7,KDVI-8_gaussians_small,KDVI,8_gaussians_small,7,60000,kl_ite,2.906304725421832
04jx4y9t,KDVI-8_gaussians_small-seed7,KDVI-8_gaussians_small,KDVI,8_gaussians_small,7,65000,kl_ite,2.8976201987640064
04jx4y9t,KDVI-8_gaussians_small-seed7,KDVI-8_gaussians_small,KDVI,8_gaussians_small,7,70000,kl_ite,2.8732419208710813
04jx4y9t,KDVI-8_gaussians_small-seed7,KDVI-8_gaussians_small,KDVI,8_gaussians_small,7,75000,kl_ite,2.909909769843223
04jx4y9t,KDVI-8_gaussians_small-seed7,KDVI-8_gaussians_small,KDVI,8_gaussians_small,7,80000,kl_ite,2.922430521586778
04jx4y9t,KDVI-8_gaussians_small-seed7,KDVI-8_gaussians_small,KDVI,8_gaussians_small,7,85000,kl_ite,2.927297045399709
04jx4y9t,KDVI-8_gaussians_small-seed7,KDVI-8_gaussians_small,KDVI,8_gaussians_small,7,90000,kl_ite,2.950244903891033
04jx4y9t,KDVI-8_gaussians_small-seed7,KDVI-8_gaussians_small,KDVI,8_gaussians_small,7,95000,kl_ite,2.988570245545008
04jx4y9t,KDVI-8_gaussians_small-seed7,KDVI-8_gaussians_small,KDVI,8_gaussians_small,7,100000,kl_ite,2.9533260591494273
04jx4y9t,KDVI-8_gaussians_small-seed7,KDVI-8_gaussians_small,KDVI,8_gaussians_small,7,5000,w2,0.3874507546424866
04jx4y9t,KDVI-8_gaussians_small-seed7,KDVI-8_gaussians_small,KDVI,8_gaussians_small,7,10000,w2,0.3721368908882141
04jx4y9t,KDVI-8_gaussians_small-seed7,KDVI-8_gaussians_small,KDVI,8_gaussians_small,7,15000,w2,0.3379036784172058
04jx4y9t,KDVI-8_gaussians_small-seed7,KDVI-8_gaussians_small,KDVI,8_gaussians_small,7,20000,w2,0.3092607855796814
04jx4y9t,KDVI-8_gaussians_small-seed7,KDVI-8_gaussians_small,KDVI,8_gaussians_small,7,25000,w2,0.3135785460472107
04jx4y9t,KDVI-8_gaussians_small-seed7,KDVI-8_gaussians_small,KDVI,8_gaussians_small,7,30000,w2,0.3190196752548218
04jx4y9t,KDVI-8_gaussians_small-seed7,KDVI-8_gaussians_small,KDVI,8_gaussians_small,7,35000,w2,0.30330485105514526
04jx4y9t,KDVI-8_gaussians_small-seed7,KDVI-8_gaussians_small,KDVI,8_gaussians_small,7,40000,w2,0.3058469891548157
04jx4y9t,KDVI-8_gaussians_small-seed7,KDVI-8_gaussians_small,KDVI,8_gaussians_small,7,45000,w2,0.3053556978702545
04jx4y9t,KDVI-8_gaussians_small-seed7,KDVI-8_gaussians_small,KDVI,8_gaussians_small,7,50000,w2,0.311006635427475
04jx4y9t,KDVI-8_gaussians_small-seed7,KDVI-8_gaussians_small,KDVI,8_gaussians_small,7,55000,w2,0.30985188484191895
04jx4y9t,KDVI-8_gaussians_small-seed7,KDVI-8_gaussians_small,KDVI,8_gaussians_small,7,60000,w2,0.30157727003097534
04jx4y9t,KDVI-8_gaussians_small-seed7,KDVI-8_gaussians_small,KDVI,8_gaussians_small,7,65000,w2,0.30639705061912537
04jx4y9t,KDVI-8_gaussians_small-seed7,KDVI-8_gaussians_small,KDVI,8_gaussians_small,7,70000,w2,0.312028706073761
04jx4y9t,KDVI-8_gaussians_small-seed7,KDVI-8_gaussians_small,KDVI,8_gaussians_small,7,75000,w2,0.30199727416038513
04jx4y9t,KDVI-8_gaussians_small-seed7,KDVI-8_gaussians_small,KDVI,8_gaussians_small,7,80000,w2,0.29941391944885254
04jx4y9t,KDVI-8_gaussians_small-seed7,KDVI-8_gaussians_small,KDVI,8_gaussians_small,7,85000,w2,0.3053719103336334
04jx4y9t,KDVI-8_gaussians_small-seed7,KDVI-8_gaussians_small,KDVI,8_gaussians_small,7,90000,w2,0.30298712849617004
04jx4y9t,KDVI-8_gaussians_small-seed7,KDVI-8_gaussians_small,KDVI,8_gaussians_small,7,95000,w2,0.30846214294433594
04jx4y9t,KDVI-8_gaussians_small-seed7,KDVI-8_gaussians_small,KDVI,8_gaussians_small,7,100000,w2,0.30129626393318176
04jx4y9t,KDVI-8_gaussians_small-seed7,KDVI-8_gaussians_small,KDVI,8_gaussians_small,7,5000,elbo,-26.119571685791016
04jx4y9t,KDVI-8_gaussians_small-seed7,KDVI-8_gaussians_small,KDVI,8_gaussians_small,7,10000,elbo,-23.744258880615234
04jx4y9t,KDVI-8_gaussians_small-seed7,KDVI-8_gaussians_small,KDVI,8_gaussians_small,7,15000,elbo,-20.455289840698242
04jx4y9t,KDVI-8_gaussians_small-seed7,KDVI-8_gaussians_small,KDVI,8_gaussians_small,7,20000,elbo,-18.765361785888672
04jx4y9t,KDVI-8_gaussians_small-seed7,KDVI-8_gaussians_small,KDVI,8_gaussians_small,7,25000,elbo,-18.608749389648438
04jx4y9t,KDVI-8_gaussians_small-seed7,KDVI-8_gaussians_small,KDVI,8_gaussians_small,7,30000,elbo,-19.33331298828125
04jx4y9t,KDVI-8_gaussians_small-seed7,KDVI-8_gaussians_small,KDVI,8_gaussians_small,7,35000,elbo,-18.952686309814453
04jx4y9t,KDVI-8_gaussians_small-seed7,KDVI-8_gaussians_small,KDVI,8_gaussians_small,7,40000,elbo,-18.2779598236084
04jx4y9t,KDVI-8_gaussians_small-seed7,KDVI-8_gaussians_small,KDVI,8_gaussians_small,7,45000,elbo,-17.726787567138672
04jx4y9t,KDVI-8_gaussians_small-seed7,KDVI-8_gaussians_small,KDVI,8_gaussians_small,7,50000,elbo,-18.383955001831055
04jx4y9t,KDVI-8_gaussians_small-seed7,KDVI-8_gaussians_small,KDVI,8_gaussians_small,7,55000,elbo,-17.85554313659668
04jx4y9t,KDVI-8_gaussians_small-seed7,KDVI-8_gaussians_small,KDVI,8_gaussians_small,7,60000,elbo,-18.225004196166992
04jx4y9t,KDVI-8_gaussians_small-seed7,KDVI-8_gaussians_small,KDVI,8_gaussians_small,7,65000,elbo,-18.1038761138916
04jx4y9t,KDVI-8_gaussians_small-seed7,KDVI-8_gaussians_small,KDVI,8_gaussians_small,7,70000,elbo,-18.509904861450195
04jx4y9t,KDVI-8_gaussians_small-seed7,KDVI-8_gaussians_small,KDVI,8_gaussians_small,7,75000,elbo,-19.02484703063965
04jx4y9t,KDVI-8_gaussians_small-seed7,KDVI-8_gaussians_small,KDVI,8_gaussians_small,7,80000,elbo,-18.32730484008789
04jx4y9t,KDVI-8_gaussians_small-seed7,KDVI-8_gaussians_small,KDVI,8_gaussians_small,7,85000,elbo,-18.067852020263672
04jx4y9t,KDVI-8_gaussians_small-seed7,KDVI-8_gaussians_small,KDVI,8_gaussians_small,7,90000,elbo,-19.601285934448242
04jx4y9t,KDVI-8_gaussians_small-seed7,KDVI-8_gaussians_small,KDVI,8_gaussians_small,7,95000,elbo,-18.619171142578125
04jx4y9t,KDVI-8_gaussians_small-seed7,KDVI-8_gaussians_small,KDVI,8_gaussians_small,7,100000,elbo,-17.688358306884766
vs1j9qyr,KDVI-8_gaussians_small-seed42,KDVI-8_gaussians_small,KDVI,8_gaussians_small,42,5000,kl_ite,2.995325365507502
vs1j9qyr,KDVI-8_gaussians_small-seed42,KDVI-8_gaussians_small,KDVI,8_gaussians_small,42,10000,kl_ite,2.999016341040888
vs1j9qyr,KDVI-8_gaussians_small-seed42,KDVI-8_gaussians_small,KDVI,8_gaussians_small,42,15000,kl_ite,2.940894482330943
vs1j9qyr,KDVI-8_gaussians_small-seed42,KDVI-8_gaussians_small,KDVI,8_gaussians_small,42,20000,kl_ite,2.9710591204431682
vs1j9qyr,KDVI-8_gaussians_small-seed42,KDVI-8_gaussians_small,KDVI,8_gaussians_small,42,25000,kl_ite,2.917403742209284
vs1j9qyr,KDVI-8_gaussians_small-seed42,KDVI-8_gaussians_small,KDVI,8_gaussians_small,42,30000,kl_ite,2.9577655188947807
vs1j9qyr,KDVI-8_gaussians_small-seed42,KDVI-8_gaussians_small,KDVI,8_gaussians_small,42,35000,kl_ite,2.926344959288468
vs1j9qyr,KDVI-8_gaussians_small-seed42,KDVI-8_gaussians_small,KDVI,8_gaussians_small,42,40000,kl_ite,2.9733469476673107
vs1j9qyr,KDVI-8_gaussians_small-seed42,KDVI-8_gaussians_small,KDVI,8_gaussians_small,42,45000,kl_ite,2.943673336034487
vs1j9qyr,KDVI-8_gaussians_small-seed42,KDVI-8_gaussians_small,KDVI,8_gaussians_small,42,50000,kl_ite,2.923181882030895
vs1j9qyr,KDVI-8_gaussians_small-seed42,KDVI-8_gaussians_small,KDVI,8_gaussians_small,42,55000,kl_ite,2.9470388383883632
vs1j9qyr,KDVI-8_gaussians_small-seed42,KDVI-8_gaussians_small,KDVI,8_gaussians_small,42,60000,kl_ite,2.925057528607247
vs1j9qyr,KDVI-8_gaussians_small-seed42,KDVI-8_gaussians_small,KDVI,8_gaussians_small,42,65000,kl_ite,2.946598635345503
vs1j9qyr,KDVI-8_gaussians_small-seed42,KDVI-8_gaussians_small,KDVI,8_gaussians_small,42,70000,kl_ite,2.992327211724327
vs1j9qyr,KDVI-8_gaussians_small-seed42,KDVI-8_gaussians_small,KDVI,8_gaussians_small,42,75000,kl_ite,2.9585172366728347
vs1j9qyr,KDVI-8_gaussians_small-seed42,KDVI-8_gaussians_small,KDVI,8_gaussians_small,42,80000,kl_ite,2.9286708790913534
vs1j9qyr,KDVI-8_gaussians_small-seed42,KDVI-8_gaussians_small,KDVI,8_gaussians_small,42,85000,kl_ite,2.9262419853202735
vs1j9qyr,KDVI-8_gaussians_small-seed42,KDVI-8_gaussians_small,KDVI,8_gaussians_small,42,90000,kl_ite,2.90307602983093
vs1j9qyr,KDVI-8_gaussians_small-seed42,KDVI-8_gaussians_small,KDVI,8_gaussians_small,42,95000,kl_ite,2.922210481550766
vs1j9qyr,KDVI-8_gaussians_small-seed42,KDVI-8_gaussians_small,KDVI,8_gaussians_small,42,100000,kl_ite,2.9633435017592866
vs1j9qyr,KDVI-8_gaussians_small-seed42,KDVI-8_gaussians_small,KDVI,8_gaussians_small,42,5000,w2,0.37539052963256836
vs1j9qyr,KDVI-8_gaussians_small-seed42,KDVI-8_gaussians_small,KDVI,8_gaussians_small,42,10000,w2,0.3395717442035675
vs1j9qyr,KDVI-8_gaussians_small-seed42,KDVI-8_gaussians_small,KDVI,8_gaussians_small,42,15000,w2,0.3219364881515503
vs1j9qyr,KDVI-8_gaussians_small-seed42,KDVI-8_gaussians_small,KDVI,8_gaussians_small,42,20000,w2,0.329762727022171
vs1j9qyr,KDVI-8_gaussians_small-seed42,KDVI-8_gaussians_small,KDVI,8_gaussians_small,42,25000,w2,0.319279283285141
vs1j9qyr,KDVI-8_gaussians_small-seed42,KDVI-8_gaussians_small,KDVI,8_gaussians_small,42,30000,w2,0.3142901062965393
vs1j9qyr,KDVI-8_gaussians_small-seed42,KDVI-8_gaussians_small,KDVI,8_gaussians_small,42,35000,w2,0.3017856478691101
vs1j9qyr,KDVI-8_gaussians_small-seed42,KDVI-8_gaussians_small,KDVI,8_gaussians_small,42,40000,w2,0.31719276309013367
vs1j9qyr,KDVI-8_gaussians_small-seed42,KDVI-8_gaussians_small,KDVI,8_gaussians_small,42,45000,w2,0.31430184841156006
vs1j9qyr,KDVI-8_gaussians_small-seed42,KDVI-8_gaussians_small,KDVI,8_gaussians_small,42,50000,w2,0.2930835485458374
vs1j9qyr,KDVI-8_gaussians_small-seed42,KDVI-8_gaussians_small,KDVI,8_gaussians_small,42,55000,w2,0.30031853914260864
vs1j9qyr,KDVI-8_gaussians_small-seed42,KDVI-8_gaussians_small,KDVI,8_gaussians_small,42,60000,w2,0.30834054946899414
vs1j9qyr,KDVI-8_gaussians_small-seed42,KDVI-8_gaussians_small,KDVI,8_gaussians_small,42,65000,w2,0.3038206100463867
vs1j9qyr,KDVI-8_gaussians_small-seed42,KDVI-8_gaussians_small,KDVI,8_gaussians_small,42,70000,w2,0.315062940120697
vs1j9qyr,KDVI-8_gaussians_small-seed42,KDVI-8_gaussians_small,KDVI,8_gaussians_small,42,75000,w2,0.30528780817985535
vs1j9qyr,KDVI-8_gaussians_small-seed42,KDVI-8_gaussians_small,KDVI,8_gaussians_small,42,80000,w2,0.3050594627857208
vs1j9qyr,KDVI-8_gaussians_small-seed42,KDVI-8_gaussians_small,KDVI,8_gaussians_small,42,85000,w2,0.30521276593208313
vs1j9qyr,KDVI-8_gaussians_small-seed42,KDVI-8_gaussians_small,KDVI,8_gaussians_small,42,90000,w2,0.3105166256427765
vs1j9qyr,KDVI-8_gaussians_small-seed42,KDVI-8_gaussians_small,KDVI,8_gaussians_small,42,95000,w2,0.3003131151199341
vs1j9qyr,KDVI-8_gaussians_small-seed42,KDVI-8_gaussians_small,KDVI,8_gaussians_small,42,100000,w2,0.30776676535606384
vs1j9qyr,KDVI-8_gaussians_small-seed42,KDVI-8_gaussians_small,KDVI,8_gaussians_small,42,5000,elbo,-23.59364128112793
vs1j9qyr,KDVI-8_gaussians_small-seed42,KDVI-8_gaussians_small,KDVI,8_gaussians_small,42,10000,elbo,-21.605318069458008
vs1j9qyr,KDVI-8_gaussians_small-seed42,KDVI-8_gaussians_small,KDVI,8_gaussians_small,42,15000,elbo,-20.703609466552734
vs1j9qyr,KDVI-8_gaussians_small-seed42,KDVI-8_gaussians_small,KDVI,8_gaussians_small,42,20000,elbo,-19.316286087036133
vs1j9qyr,KDVI-8_gaussians_small-seed42,KDVI-8_gaussians_small,KDVI,8_gaussians_small,42,25000,elbo,-19.494808197021484
vs1j9qyr,KDVI-8_gaussians_small-seed42,KDVI-8_gaussians_small,KDVI,8_gaussians_small,42,30000,elbo,-19.376022338867188
vs1j9qyr,KDVI-8_gaussians_small-seed42,KDVI-8_gaussians_small,KDVI,8_gaussians_small,42,35000,elbo,-18.172435760498047
vs1j9qyr,KDVI-8_gaussians_small-seed42,KDVI-8_gaussians_small,KDVI,8_gaussians_small,42,40000,elbo,-18.82686424255371
vs1j9qyr,KDVI-8_gaussians_small-seed42,KDVI-8_gaussians_small,KDVI,8_gaussians_small,42,45000,elbo,-19.031696319580078
vs1j9qyr,KDVI-8_gaussians_small-seed42,KDVI-8_gaussians_small,KDVI,8_gaussians_small,42,50000,elbo,-19.14096450805664
vs1j9qyr,KDVI-8_gaussians_small-seed42,KDVI-8_gaussians_small,KDVI,8_gaussians_small,42,55000,elbo,-18.27431297302246
vs1j9qyr,KDVI-8_gaussians_small-seed42,KDVI-8_gaussians_small,KDVI,8_gaussians_small,42,60000,elbo,-18.822938919067383
vs1j9qyr,KDVI-8_gaussians_small-seed42,KDVI-8_gaussians_small,KDVI,8_gaussians_small,42,65000,elbo,-18.489139556884766
vs1j9qyr,KDVI-8_gaussians_small-seed42,KDVI-8_gaussians_small,KDVI,8_gaussians_small,42,70000,elbo,-18.3716983795166
vs1j9qyr,KDVI-8_gaussians_small-seed42,KDVI-8_gaussians_small,KDVI,8_gaussians_small,42,75000,elbo,-18.853370666503906
vs1j9qyr,KDVI-8_gaussians_small-seed42,KDVI-8_gaussians_small,KDVI,8_gaussians_small,42,80000,elbo,-18.518234252929688
vs1j9qyr,KDVI-8_gaussians_small-seed42,KDVI-8_gaussians_small,KDVI,8_gaussians_small,42,85000,elbo,-18.55788230895996
vs1j9qyr,KDVI-8_gaussians_small-seed42,KDVI-8_gaussians_small,KDVI,8_gaussians_small,42,90000,elbo,-18.191511154174805
vs1j9qyr,KDVI-8_gaussians_small-seed42,KDVI-8_gaussians_small,KDVI,8_gaussians_small,42,95000,elbo,-18.46600914001465
vs1j9qyr,KDVI-8_gaussians_small-seed42,KDVI-8_gaussians_small,KDVI,8_gaussians_small,42,100000,elbo,-18.310998916625977
0txmtv98,KDVI-8_gaussians_small-seed43,KDVI-8_gaussians_small,KDVI,8_gaussians_small,43,5000,kl_ite,3.0614408248005387
0txmtv98,KDVI-8_gaussians_small-seed43,KDVI-8_gaussians_small,KDVI,8_gaussians_small,43,10000,kl_ite,2.9178043362897204
0txmtv98,KDVI-8_gaussians_small-seed43,KDVI-8_gaussians_small,KDVI,8_gaussians_small,43,15000,kl_ite,2.942754780763438
0txmtv98,KDVI-8_gaussians_small-seed43,KDVI-8_gaussians_small,KDVI,8_gaussians_small,43,20000,kl_ite,2.931156724903122
0txmtv98,KDVI-8_gaussians_small-seed43,KDVI-8_gaussians_small,KDVI,8_gaussians_small,43,25000,kl_ite,3.0119211393379954
0txmtv98,KDVI-8_gaussians_small-seed43,KDVI-8_gaussians_small,KDVI,8_gaussians_small,43,30000,kl_ite,2.9939274524219726
0txmtv98,KDVI-8_gaussians_small-seed43,KDVI-8_gaussians_small,KDVI,8_gaussians_small,43,35000,kl_ite,2.9788540871062783
0txmtv98,KDVI-8_gaussians_small-seed43,KDVI-8_gaussians_small,KDVI,8_gaussians_small,43,40000,kl_ite,2.9229414038257655
0txmtv98,KDVI-8_gaussians_small-seed43,KDVI-8_gaussians_small,KDVI,8_gaussians_small,43,45000,kl_ite,2.8957008150707284
0txmtv98,KDVI-8_gaussians_small-seed43,KDVI-8_gaussians_small,KDVI,8_gaussians_small,43,50000,kl_ite,2.9674303824299244
0txmtv98,KDVI-8_gaussians_small-seed43,KDVI-8_gaussians_small,KDVI,8_gaussians_small,43,55000,kl_ite,2.917828465619002
0txmtv98,KDVI-8_gaussians_small-seed43,KDVI-8_gaussians_small,KDVI,8_gaussians_small,43,60000,kl_ite,2.9266108900261636
0txmtv98,KDVI-8_gaussians_small-seed43,KDVI-8_gaussians_small,KDVI,8_gaussians_small,43,65000,kl_ite,2.9364697136339424
0txmtv98,KDVI-8_gaussians_small-seed43,KDVI-8_gaussians_small,KDVI,8_gaussians_small,43,70000,kl_ite,2.9618487568494998
0txmtv98,KDVI-8_gaussians_small-seed43,KDVI-8_gaussians_small,KDVI,8_gaussians_small,43,75000,kl_ite,2.926243424804205
0txmtv98,KDVI-8_gaussians_small-seed43,KDVI-8_gaussians_small,KDVI,8_gaussians_small,43,80000,kl_ite,2.9547160896144016
0txmtv98,KDVI-8_gaussians_small-seed43,KDVI-8_gaussians_small,KDVI,8_gaussians_small,43,85000,kl_ite,2.944120531465044
0txmtv98,KDVI-8_gaussians_small-seed43,KDVI-8_gaussians_small,KDVI,8_gaussians_small,43,90000,kl_ite,2.9850428448399122
0txmtv98,KDVI-8_gaussians_small-seed43,KDVI-8_gaussians_small,KDVI,8_gaussians_small,43,95000,kl_ite,2.9782566327998397
0txmtv98,KDVI-8_gaussians_small-seed43,KDVI-8_gaussians_small,KDVI,8_gaussians_small,43,100000,kl_ite,2.9718423194546832
0txmtv98,KDVI-8_gaussians_small-seed43,KDVI-8_gaussians_small,KDVI,8_gaussians_small,43,5000,w2,0.4063253402709961
0txmtv98,KDVI-8_gaussians_small-seed43,KDVI-8_gaussians_small,KDVI,8_gaussians_small,43,10000,w2,0.32828739285469055
0txmtv98,KDVI-8_gaussians_small-seed43,KDVI-8_gaussians_small,KDVI,8_gaussians_small,43,15000,w2,0.31977614760398865
0txmtv98,KDVI-8_gaussians_small-seed43,KDVI-8_gaussians_small,KDVI,8_gaussians_small,43,20000,w2,0.32072997093200684
0txmtv98,KDVI-8_gaussians_small-seed43,KDVI-8_gaussians_small,KDVI,8_gaussians_small,43,25000,w2,0.3231222927570343
0txmtv98,KDVI-8_gaussians_small-seed43,KDVI-8_gaussians_small,KDVI,8_gaussians_small,43,30000,w2,0.3088512420654297
0txmtv98,KDVI-8_gaussians_small-seed43,KDVI-8_gaussians_small,KDVI,8_gaussians_small,43,35000,w2,0.3064725697040558
0txmtv98,KDVI-8_gaussians_small-seed43,KDVI-8_gaussians_small,KDVI,8_gaussians_small,43,40000,w2,0.30174916982650757
0txmtv98,KDVI-8_gaussians_small-seed43,KDVI-8_gaussians_small,KDVI,8_gaussians_small,43,45000,w2,0.3098430335521698
0txmtv98,KDVI-8_gaussians_small-seed43,KDVI-8_gaussians_small,KDVI,8_gaussians_small,43,50000,w2,0.30221882462501526
0txmtv98,KDVI-8_gaussians_small-seed43,KDVI-8_gaussians_small,KDVI,8_gaussians_small,43,55000,w2,0.3047747313976288
0txmtv98,KDVI-8_gaussians_small-seed43,KDVI-8_gaussians_small,KDVI,8_gaussians_small,43,60000,w2,0.30621156096458435
0txmtv98,KDVI-8_gaussians_small-seed43,KDVI-8_gaussians_small,KDVI,8_gaussians_small,43,65000,w2,0.30214956402778625
0txmtv98,KDVI-8_gaussians_small-seed43,KDVI-8_gaussians_small,KDVI,8_gaussians_small,43,70000,w2,0.30856892466545105
0txmtv98,KDVI-8_gaussians_small-seed43,KDVI-8_gaussians_small,KDVI,8_gaussians_small,43,75000,w2,0.30801671743392944
0txmtv98,KDVI-8_gaussians_small-seed43,KDVI-8_gaussians_small,KDVI,8_gaussians_small,43,80000,w2,0.3024115562438965
0txmtv98,KDVI-8_gaussians_small-seed43,KDVI-8_gaussians_small,KDVI,8_gaussians_small,43,85000,w2,0.3053622543811798
0txmtv98,KDVI-8_gaussians_small-seed43,KDVI-8_gaussians_small,KDVI,8_gaussians_small,43,90000,w2,0.30692556500434875
0txmtv98,KDVI-8_gaussians_small-seed43,KDVI-8_gaussians_small,KDVI,8_gaussians_small,43,95000,w2,0.30888280272483826
0txmtv98,KDVI-8_gaussians_small-seed43,KDVI-8_gaussians_small,KDVI,8_gaussians_small,43,100000,w2,0.3106464743614197
0txmtv98,KDVI-8_gaussians_small-seed43,KDVI-8_gaussians_small,KDVI,8_gaussians_small,43,5000,elbo,-28.59381103515625
0txmtv98,KDVI-8_gaussians_small-seed43,KDVI-8_gaussians_small,KDVI,8_gaussians_small,43,10000,elbo,-19.656734466552734
0txmtv98,KDVI-8_gaussians_small-seed43,KDVI-8_gaussians_small,KDVI,8_gaussians_small,43,15000,elbo,-19.191570281982422
0txmtv98,KDVI-8_gaussians_small-seed43,KDVI-8_gaussians_small,KDVI,8_gaussians_small,43,20000,elbo,-19.233932495117188
0txmtv98,KDVI-8_gaussians_small-seed43,KDVI-8_gaussians_small,KDVI,8_gaussians_small,43,25000,elbo,-19.868816375732422
0txmtv98,KDVI-8_gaussians_small-seed43,KDVI-8_gaussians_small,KDVI,8_gaussians_small,43,30000,elbo,-18.28985023498535
0txmtv98,KDVI-8_gaussians_small-seed43,KDVI-8_gaussians_small,KDVI,8_gaussians_small,43,35000,elbo,-19.10744285583496
0txmtv98,KDVI-8_gaussians_small-seed43,KDVI-8_gaussians_small,KDVI,8_gaussians_small,43,40000,elbo,-18.117380142211914
0txmtv98,KDVI-8_gaussians_small-seed43,KDVI-8_gaussians_small,KDVI,8_gaussians_small,43,45000,elbo,-18.513946533203125
0txmtv98,KDVI-8_gaussians_small-seed43,KDVI-8_gaussians_small,KDVI,8_gaussians_small,43,50000,elbo,-18.460079193115234
0txmtv98,KDVI-8_gaussians_small-seed43,KDVI-8_gaussians_small,KDVI,8_gaussians_small,43,55000,elbo,-18.802900314331055
0txmtv98,KDVI-8_gaussians_small-seed43,KDVI-8_gaussians_small,KDVI,8_gaussians_small,43,60000,elbo,-18.430078506469727
0txmtv98,KDVI-8_gaussians_small-seed43,KDVI-8_gaussians_small,KDVI,8_gaussians_small,43,65000,elbo,-17.897842407226562
0txmtv98,KDVI-8_gaussians_small-seed43,KDVI-8_gaussians_small,KDVI,8_gaussians_small,43,70000,elbo,-17.777795791625977
0txmtv98,KDVI-8_gaussians_small-seed43,KDVI-8_gaussians_small,KDVI,8_gaussians_small,43,75000,elbo,-19.245168685913086
0txmtv98,KDVI-8_gaussians_small-seed43,KDVI-8_gaussians_small,KDVI,8_gaussians_small,43,80000,elbo,-19.002962112426758
0txmtv98,KDVI-8_gaussians_small-seed43,KDVI-8_gaussians_small,KDVI,8_gaussians_small,43,85000,elbo,-18.28183364868164
0txmtv98,KDVI-8_gaussians_small-seed43,KDVI-8_gaussians_small,KDVI,8_gaussians_small,43,90000,elbo,-19.339643478393555
0txmtv98,KDVI-8_gaussians_small-seed43,KDVI-8_gaussians_small,KDVI,8_gaussians_small,43,95000,elbo,-18.655853271484375
0txmtv98,KDVI-8_gaussians_small-seed43,KDVI-8_gaussians_small,KDVI,8_gaussians_small,43,100000,elbo,-18.701597213745117
mljr92tr,KDVI-student_uc-seed7,KDVI-student_uc,KDVI,student_uc,7,5000,kl_ite,6.938593985793054
mljr92tr,KDVI-student_uc-seed7,KDVI-student_uc,KDVI,student_uc,7,10000,kl_ite,6.981186631611899
mljr92tr,KDVI-student_uc-seed7,KDVI-student_uc,KDVI,student_uc,7,15000,kl_ite,7.0441603107113115
mljr92tr,KDVI-student_uc-seed7,KDVI-student_uc,KDVI,student_uc,7,20000,kl_ite,7.078758348302187
mljr92tr,KDVI-student_uc-seed7,KDVI-student_uc,KDVI,student_uc,7,25000,kl_ite,6.993859890336863
mljr92tr,KDVI-student_uc-seed7,KDVI-student_uc,KDVI,student_uc,7,30000,kl_ite,7.018816845655012
mljr92tr,KDVI-student_uc-seed7,KDVI-student_uc,KDVI,student_uc,7,35000,kl_ite,6.9738359793887135
mljr92tr,KDVI-student_uc-seed7,KDVI-student_uc,KDVI,student_uc,7,40000,kl_ite,7.022205490249835
mljr92tr,KDVI-student_uc-seed7,KDVI-student_uc,KDVI,student_uc,7,45000,kl_ite,6.919032130257962
mljr92tr,KDVI-student_uc-seed7,KDVI-student_uc,KDVI,student_uc,7,50000,kl_ite,6.949374688845225
mljr92tr,KDVI-student_uc-seed7,KDVI-student_uc,KDVI,student_uc,7,55000,kl_ite,7.0293407235622505
mljr92tr,KDVI-student_uc-seed7,KDVI-student_uc,KDVI,student_uc,7,60000,kl_ite,7.051739536188816
mljr92tr,KDVI-student_uc-seed7,KDVI-student_uc,KDVI,student_uc,7,65000,kl_ite,6.986760513009765
mljr92tr,KDVI-student_uc-seed7,KDVI-student_uc,KDVI,student_uc,7,70000,kl_ite,6.876504936136175
mljr92tr,KDVI-student_uc-seed7,KDVI-student_uc,KDVI,student_uc,7,75000,kl_ite,6.881526172819907
mljr92tr,KDVI-student_uc-seed7,KDVI-student_uc,KDVI,student_uc,7,80000,kl_ite,6.875046370975034
mljr92tr,KDVI-student_uc-seed7,KDVI-student_uc,KDVI,student_uc,7,85000,kl_ite,6.869203182744055
mljr92tr,KDVI-student_uc-seed7,KDVI-student_uc,KDVI,student_uc,7,90000,kl_ite,6.84386022517736
mljr92tr,KDVI-student_uc-seed7,KDVI-student_uc,KDVI,student_uc,7,95000,kl_ite,6.768484970127482
mljr92tr,KDVI-student_uc-seed7,KDVI-student_uc,KDVI,student_uc,7,100000,kl_ite,6.7923951493892565
uvir2v1m,KDVI-Langevin_post-seed0,KDVI-Langevin_post,KDVI,Langevin_post,0,5000,w2,21381982978048.0
uvir2v1m,KDVI-Langevin_post-seed0,KDVI-Langevin_post,KDVI,Langevin_post,0,10000,w2,3193513705472.0
uvir2v1m,KDVI-Langevin_post-seed0,KDVI-Langevin_post,KDVI,Langevin_post,0,15000,w2,60009329197056.0
uvir2v1m,KDVI-Langevin_post-seed0,KDVI-Langevin_post,KDVI,Langevin_post,0,20000,w2,3063624761344.0
uvir2v1m,KDVI-Langevin_post-seed0,KDVI-Langevin_post,KDVI,Langevin_post,0,25000,w2,14551461396480.0
uvir2v1m,KDVI-Langevin_post-seed0,KDVI-Langevin_post,KDVI,Langevin_post,0,30000,w2,3766138699776.0
uvir2v1m,KDVI-Langevin_post-seed0,KDVI-Langevin_post,KDVI,Langevin_post,0,35000,w2,290107659649024.0
uvir2v1m,KDVI-Langevin_post-seed0,KDVI-Langevin_post,KDVI,Langevin_post,0,40000,w2,4561563025408.0
uvir2v1m,KDVI-Langevin_post-seed0,KDVI-Langevin_post,KDVI,Langevin_post,0,45000,w2,126012402696192.0
uvir2v1m,KDVI-Langevin_post-seed0,KDVI-Langevin_post,KDVI,Langevin_post,0,50000,w2,6161273192448.0
uvir2v1m,KDVI-Langevin_post-seed0,KDVI-Langevin_post,KDVI,Langevin_post,0,55000,w2,864007880704.0
uvir2v1m,KDVI-Langevin_post-seed0,KDVI-Langevin_post,KDVI,Langevin_post,0,60000,w2,2401461075968.0
uvir2v1m,KDVI-Langevin_post-seed0,KDVI-Langevin_post,KDVI,Langevin_post,0,65000,w2,11854453669888.0
uvir2v1m,KDVI-Langevin_post-seed0,KDVI-Langevin_post,KDVI,Langevin_post,0,70000,w2,3931033567232.0
uvir2v1m,KDVI-Langevin_post-seed0,KDVI-Langevin_post,KDVI,Langevin_post,0,75000,w2,5615226716160.0
uvir2v1m,KDVI-Langevin_post-seed0,KDVI-Langevin_post,KDVI,Langevin_post,0,80000,w2,24137709912064.0
uvir2v1m,KDVI-Langevin_post-seed0,KDVI-Langevin_post,KDVI,Langevin_post,0,85000,w2,100284449685504.0
uvir2v1m,KDVI-Langevin_post-seed0,KDVI-Langevin_post,KDVI,Langevin_post,0,90000,w2,24746768990208.0
uvir2v1m,KDVI-Langevin_post-seed0,KDVI-Langevin_post,KDVI,Langevin_post,0,95000,w2,3437977927680.0
uvir2v1m,KDVI-Langevin_post-seed0,KDVI-Langevin_post,KDVI,Langevin_post,0,100000,w2,7841018544128.0
uvir2v1m,KDVI-Langevin_post-seed0,KDVI-Langevin_post,KDVI,Langevin_post,0,5000,kde_expected_log_marginal,-2353.6396484375
uvir2v1m,KDVI-Langevin_post-seed0,KDVI-Langevin_post,KDVI,Langevin_post,0,10000,kde_expected_log_marginal,-2409.297119140625
uvir2v1m,KDVI-Langevin_post-seed0,KDVI-Langevin_post,KDVI,Langevin_post,0,15000,kde_expected_log_marginal,-2251.465087890625
uvir2v1m,KDVI-Langevin_post-seed0,KDVI-Langevin_post,KDVI,Langevin_post,0,20000,kde_expected_log_marginal,-2381.879150390625
uvir2v1m,KDVI-Langevin_post-seed0,KDVI-Langevin_post,KDVI,Langevin_post,0,25000,kde_expected_log_marginal,-2276.12109375
uvir2v1m,KDVI-Langevin_post-seed0,KDVI-Langevin_post,KDVI,Langevin_post,0,30000,kde_expected_log_marginal,-2452.241455078125
uvir2v1m,KDVI-Langevin_post-seed0,KDVI-Langevin_post,KDVI,Langevin_post,0,35000,kde_expected_log_marginal,-2258.157958984375
uvir2v1m,KDVI-Langevin_post-seed0,KDVI-Langevin_post,KDVI,Langevin_post,0,40000,kde_expected_log_marginal,-2366.742431640625
uvir2v1m,KDVI-Langevin_post-seed0,KDVI-Langevin_post,KDVI,Langevin_post,0,45000,kde_expected_log_marginal,-2270.833740234375
uvir2v1m,KDVI-Langevin_post-seed0,KDVI-Langevin_post,KDVI,Langevin_post,0,50000,kde_expected_log_marginal,-2434.818115234375
uvir2v1m,KDVI-Langevin_post-seed0,KDVI-Langevin_post,KDVI,Langevin_post,0,55000,kde_expected_log_marginal,-2305.474609375
uvir2v1m,KDVI-Langevin_post-seed0,KDVI-Langevin_post,KDVI,Langevin_post,0,60000,kde_expected_log_marginal,-2262.89453125
uvir2v1m,KDVI-Langevin_post-seed0,KDVI-Langevin_post,KDVI,Langevin_post,0,65000,kde_expected_log_marginal,-2311.166015625
uvir2v1m,KDVI-Langevin_post-seed0,KDVI-Langevin_post,KDVI,Langevin_post,0,70000,kde_expected_log_marginal,-2383.212646484375
uvir2v1m,KDVI-Langevin_post-seed0,KDVI-Langevin_post,KDVI,Langevin_post,0,75000,kde_expected_log_marginal,-2343.616455078125
uvir2v1m,KDVI-Langevin_post-seed0,KDVI-Langevin_post,KDVI,Langevin_post,0,80000,kde_expected_log_marginal,-2404.6435546875
uvir2v1m,KDVI-Langevin_post-seed0,KDVI-Langevin_post,KDVI,Langevin_post,0,85000,kde_expected_log_marginal,-2418.68310546875
uvir2v1m,KDVI-Langevin_post-seed0,KDVI-Langevin_post,KDVI,Langevin_post,0,90000,kde_expected_log_marginal,-2226.1533203125
uvir2v1m,KDVI-Langevin_post-seed0,KDVI-Langevin_post,KDVI,Langevin_post,0,95000,kde_expected_log_marginal,-2277.20654296875
uvir2v1m,KDVI-Langevin_post-seed0,KDVI-Langevin_post,KDVI,Langevin_post,0,100000,kde_expected_log_marginal,-2337.323974609375
wejcjhod,KDVI-Langevin_post-seed1,KDVI-Langevin_post,KDVI,Langevin_post,1,5000,w2,150930485936128.0
wejcjhod,KDVI-Langevin_post-seed1,KDVI-Langevin_post,KDVI,Langevin_post,1,10000,w2,633146294927360.0
wejcjhod,KDVI-Langevin_post-seed1,KDVI-Langevin_post,KDVI,Langevin_post,1,15000,w2,3771038194204672.0
wejcjhod,KDVI-Langevin_post-seed1,KDVI-Langevin_post,KDVI,Langevin_post,1,20000,w2,139259986051072.0
wejcjhod,KDVI-Langevin_post-seed1,KDVI-Langevin_post,KDVI,Langevin_post,1,25000,w2,35202386624512.0
wejcjhod,KDVI-Langevin_post-seed1,KDVI-Langevin_post,KDVI,Langevin_post,1,30000,w2,106491809890304.0
wejcjhod,KDVI-Langevin_post-seed1,KDVI-Langevin_post,KDVI,Langevin_post,1,35000,w2,1735595881660416.0
wejcjhod,KDVI-Langevin_post-seed1,KDVI-Langevin_post,KDVI,Langevin_post,1,45000,w2,28951898488832.0
wejcjhod,KDVI-Langevin_post-seed1,KDVI-Langevin_post,KDVI,Langevin_post,1,55000,w2,5363869765599232.0
wejcjhod,KDVI-Langevin_post-seed1,KDVI-Langevin_post,KDVI,Langevin_post,1,60000,w2,99429491146752.0
wejcjhod,KDVI-Langevin_post-seed1,KDVI-Langevin_post,KDVI,Langevin_post,1,65000,w2,93369107742720.0
wejcjhod,KDVI-Langevin_post-seed1,KDVI-Langevin_post,KDVI,Langevin_post,1,70000,w2,300422661144576.0
wejcjhod,KDVI-Langevin_post-seed1,KDVI-Langevin_post,KDVI,Langevin_post,1,75000,w2,210719987466240.0
wejcjhod,KDVI-Langevin_post-seed1,KDVI-Langevin_post,KDVI,Langevin_post,1,80000,w2,25816350064640.0
wejcjhod,KDVI-Langevin_post-seed1,KDVI-Langevin_post,KDVI,Langevin_post,1,85000,w2,312806092046336.0
wejcjhod,KDVI-Langevin_post-seed1,KDVI-Langevin_post,KDVI,Langevin_post,1,90000,w2,528526864285696.0
wejcjhod,KDVI-Langevin_post-seed1,KDVI-Langevin_post,KDVI,Langevin_post,1,95000,w2,18849185398784.0
wejcjhod,KDVI-Langevin_post-seed1,KDVI-Langevin_post,KDVI,Langevin_post,1,100000,w2,53326355890176.0
wejcjhod,KDVI-Langevin_post-seed1,KDVI-Langevin_post,KDVI,Langevin_post,1,5000,kde_expected_log_marginal,-2675.99658203125
wejcjhod,KDVI-Langevin_post-seed1,KDVI-Langevin_post,KDVI,Langevin_post,1,10000,kde_expected_log_marginal,-2652.330078125
wejcjhod,KDVI-Langevin_post-seed1,KDVI-Langevin_post,KDVI,Langevin_post,1,15000,kde_expected_log_marginal,-2628.877197265625
wejcjhod,KDVI-Langevin_post-seed1,KDVI-Langevin_post,KDVI,Langevin_post,1,20000,kde_expected_log_marginal,-2618.77978515625
wejcjhod,KDVI-Langevin_post-seed1,KDVI-Langevin_post,KDVI,Langevin_post,1,25000,kde_expected_log_marginal,-1952970.625
wejcjhod,KDVI-Langevin_post-seed1,KDVI-Langevin_post,KDVI,Langevin_post,1,30000,kde_expected_log_marginal,-2661.625244140625
wejcjhod,KDVI-Langevin_post-seed1,KDVI-Langevin_post,KDVI,Langevin_post,1,35000,kde_expected_log_marginal,-2681.4267578125
wejcjhod,KDVI-Langevin_post-seed1,KDVI-Langevin_post,KDVI,Langevin_post,1,40000,kde_expected_log_marginal,-2736.648193359375
wejcjhod,KDVI-Langevin_post-seed1,KDVI-Langevin_post,KDVI,Langevin_post,1,45000,kde_expected_log_marginal,-2625.9248046875
wejcjhod,KDVI-Langevin_post-seed1,KDVI-Langevin_post,KDVI,Langevin_post,1,50000,kde_expected_log_marginal,-4749119.5
wejcjhod,KDVI-Langevin_post-seed1,KDVI-Langevin_post,KDVI,Langevin_post,1,55000,kde_expected_log_marginal,-2770.229736328125
wejcjhod,KDVI-Langevin_post-seed1,KDVI-Langevin_post,KDVI,Langevin_post,1,60000,kde_expected_log_marginal,-1940294.25
wejcjhod,KDVI-Langevin_post-seed1,KDVI-Langevin_post,KDVI,Langevin_post,1,65000,kde_expected_log_marginal,-2835.7255859375
wejcjhod,KDVI-Langevin_post-seed1,KDVI-Langevin_post,KDVI,Langevin_post,1,70000,kde_expected_log_marginal,-2813.87451171875
wejcjhod,KDVI-Langevin_post-seed1,KDVI-Langevin_post,KDVI,Langevin_post,1,75000,kde_expected_log_marginal,-2589.744140625
wejcjhod,KDVI-Langevin_post-seed1,KDVI-Langevin_post,KDVI,Langevin_post,1,80000,kde_expected_log_marginal,-2704.274169921875
wejcjhod,KDVI-Langevin_post-seed1,KDVI-Langevin_post,KDVI,Langevin_post,1,85000,kde_expected_log_marginal,-3156679.25
wejcjhod,KDVI-Langevin_post-seed1,KDVI-Langevin_post,KDVI,Langevin_post,1,90000,kde_expected_log_marginal,-2694.403564453125
wejcjhod,KDVI-Langevin_post-seed1,KDVI-Langevin_post,KDVI,Langevin_post,1,95000,kde_expected_log_marginal,-2813.02001953125
wejcjhod,KDVI-Langevin_post-seed1,KDVI-Langevin_post,KDVI,Langevin_post,1,100000,kde_expected_log_marginal,-2838.283203125
m4t4xzp6,KDVI-Langevin_post-seed7,KDVI-Langevin_post,KDVI,Langevin_post,7,5000,w2,4377932201984.0
m4t4xzp6,KDVI-Langevin_post-seed7,KDVI-Langevin_post,KDVI,Langevin_post,7,10000,w2,1562363428864.0
m4t4xzp6,KDVI-Langevin_post-seed7,KDVI-Langevin_post,KDVI,Langevin_post,7,15000,w2,1523439763456.0
m4t4xzp6,KDVI-Langevin_post-seed7,KDVI-Langevin_post,KDVI,Langevin_post,7,20000,w2,1465354944512.0
m4t4xzp6,KDVI-Langevin_post-seed7,KDVI-Langevin_post,KDVI,Langevin_post,7,25000,w2,5474890022912.0
m4t4xzp6,KDVI-Langevin_post-seed7,KDVI-Langevin_post,KDVI,Langevin_post,7,30000,w2,15338322264064.0
m4t4xzp6,KDVI-Langevin_post-seed7,KDVI-Langevin_post,KDVI,Langevin_post,7,35000,w2,8488510554112.0
m4t4xzp6,KDVI-Langevin_post-seed7,KDVI-Langevin_post,KDVI,Langevin_post,7,40000,w2,6310455672832.0
m4t4xzp6,KDVI-Langevin_post-seed7,KDVI-Langevin_post,KDVI,Langevin_post,7,45000,w2,2174914002944.0
m4t4xzp6,KDVI-Langevin_post-seed7,KDVI-Langevin_post,KDVI,Langevin_post,7,50000,w2,23278756298752.0
m4t4xzp6,KDVI-Langevin_post-seed7,KDVI-Langevin_post,KDVI,Langevin_post,7,55000,w2,100459687706624.0
m4t4xzp6,KDVI-Langevin_post-seed7,KDVI-Langevin_post,KDVI,Langevin_post,7,60000,w2,14684016082944.0
m4t4xzp6,KDVI-Langevin_post-seed7,KDVI-Langevin_post,KDVI,Langevin_post,7,65000,w2,12565717450752.0
m4t4xzp6,KDVI-Langevin_post-seed7,KDVI-Langevin_post,KDVI,Langevin_post,7,70000,w2,5352133754880.0
m4t4xzp6,KDVI-Langevin_post-seed7,KDVI-Langevin_post,KDVI,Langevin_post,7,75000,w2,2734656585728.0
m4t4xzp6,KDVI-Langevin_post-seed7,KDVI-Langevin_post,KDVI,Langevin_post,7,80000,w2,8312789139456.0
m4t4xzp6,KDVI-Langevin_post-seed7,KDVI-Langevin_post,KDVI,Langevin_post,7,85000,w2,17801257418752.0
m4t4xzp6,KDVI-Langevin_post-seed7,KDVI-Langevin_post,KDVI,Langevin_post,7,90000,w2,1118215602176.0
m4t4xzp6,KDVI-Langevin_post-seed7,KDVI-Langevin_post,KDVI,Langevin_post,7,95000,w2,4024660131840.0
m4t4xzp6,KDVI-Langevin_post-seed7,KDVI-Langevin_post,KDVI,Langevin_post,7,100000,w2,1615486910464.0
m4t4xzp6,KDVI-Langevin_post-seed7,KDVI-Langevin_post,KDVI,Langevin_post,7,5000,kde_expected_log_marginal,-2162.20849609375
m4t4xzp6,KDVI-Langevin_post-seed7,KDVI-Langevin_post,KDVI,Langevin_post,7,10000,kde_expected_log_marginal,-2260.85400390625
m4t4xzp6,KDVI-Langevin_post-seed7,KDVI-Langevin_post,KDVI,Langevin_post,7,15000,kde_expected_log_marginal,-2198.132080078125
m4t4xzp6,KDVI-Langevin_post-seed7,KDVI-Langevin_post,KDVI,Langevin_post,7,20000,kde_expected_log_marginal,-2228.01904296875
m4t4xzp6,KDVI-Langevin_post-seed7,KDVI-Langevin_post,KDVI,Langevin_post,7,25000,kde_expected_log_marginal,-2173.1044921875
m4t4xzp6,KDVI-Langevin_post-seed7,KDVI-Langevin_post,KDVI,Langevin_post,7,30000,kde_expected_log_marginal,-2402.51953125
m4t4xzp6,KDVI-Langevin_post-seed7,KDVI-Langevin_post,KDVI,Langevin_post,7,35000,kde_expected_log_marginal,-2204.305908203125
m4t4xzp6,KDVI-Langevin_post-seed7,KDVI-Langevin_post,KDVI,Langevin_post,7,40000,kde_expected_log_marginal,-2381.14794921875
m4t4xzp6,KDVI-Langevin_post-seed7,KDVI-Langevin_post,KDVI,Langevin_post,7,45000,kde_expected_log_marginal,-2238.05810546875
m4t4xzp6,KDVI-Langevin_post-seed7,KDVI-Langevin_post,KDVI,Langevin_post,7,50000,kde_expected_log_marginal,-2269.502197265625
m4t4xzp6,KDVI-Langevin_post-seed7,KDVI-Langevin_post,KDVI,Langevin_post,7,55000,kde_expected_log_marginal,-2301.86962890625
m4t4xzp6,KDVI-Langevin_post-seed7,KDVI-Langevin_post,KDVI,Langevin_post,7,60000,kde_expected_log_marginal,-2240.64501953125
m4t4xzp6,KDVI-Langevin_post-seed7,KDVI-Langevin_post,KDVI,Langevin_post,7,65000,kde_expected_log_marginal,-2312.965087890625
m4t4xzp6,KDVI-Langevin_post-seed7,KDVI-Langevin_post,KDVI,Langevin_post,7,70000,kde_expected_log_marginal,-2281.47412109375
m4t4xzp6,KDVI-Langevin_post-seed7,KDVI-Langevin_post,KDVI,Langevin_post,7,75000,kde_expected_log_marginal,-2263.15576171875
m4t4xzp6,KDVI-Langevin_post-seed7,KDVI-Langevin_post,KDVI,Langevin_post,7,80000,kde_expected_log_marginal,-2168.57763671875
m4t4xzp6,KDVI-Langevin_post-seed7,KDVI-Langevin_post,KDVI,Langevin_post,7,85000,kde_expected_log_marginal,-2369.0986328125
m4t4xzp6,KDVI-Langevin_post-seed7,KDVI-Langevin_post,KDVI,Langevin_post,7,90000,kde_expected_log_marginal,-2201.490966796875
m4t4xzp6,KDVI-Langevin_post-seed7,KDVI-Langevin_post,KDVI,Langevin_post,7,95000,kde_expected_log_marginal,-2203.84765625
m4t4xzp6,KDVI-Langevin_post-seed7,KDVI-Langevin_post,KDVI,Langevin_post,7,100000,kde_expected_log_marginal,-2158.7373046875
z2mgkcgr,KDVI-Langevin_post-seed42,KDVI-Langevin_post,KDVI,Langevin_post,42,5000,w2,3585391722496000.0
z2mgkcgr,KDVI-Langevin_post-seed42,KDVI-Langevin_post,KDVI,Langevin_post,42,15000,w2,662279997620224.0
z2mgkcgr,KDVI-Langevin_post-seed42,KDVI-Langevin_post,KDVI,Langevin_post,42,20000,w2,293623862132736.0
z2mgkcgr,KDVI-Langevin_post-seed42,KDVI-Langevin_post,KDVI,Langevin_post,42,35000,w2,222739705102336.0
z2mgkcgr,KDVI-Langevin_post-seed42,KDVI-Langevin_post,KDVI,Langevin_post,42,60000,w2,2409639324942336.0
z2mgkcgr,KDVI-Langevin_post-seed42,KDVI-Langevin_post,KDVI,Langevin_post,42,65000,w2,3274091687575552.0
z2mgkcgr,KDVI-Langevin_post-seed42,KDVI-Langevin_post,KDVI,Langevin_post,42,75000,w2,832290775105536.0
z2mgkcgr,KDVI-Langevin_post-seed42,KDVI-Langevin_post,KDVI,Langevin_post,42,85000,w2,2900427922210816.0
z2mgkcgr,KDVI-Langevin_post-seed42,KDVI-Langevin_post,KDVI,Langevin_post,42,90000,w2,748903917944832.0
z2mgkcgr,KDVI-Langevin_post-seed42,KDVI-Langevin_post,KDVI,Langevin_post,42,95000,w2,2344168990965760.0
z2mgkcgr,KDVI-Langevin_post-seed42,KDVI-Langevin_post,KDVI,Langevin_post,42,5000,kde_expected_log_marginal,-5021857.0
z2mgkcgr,KDVI-Langevin_post-seed42,KDVI-Langevin_post,KDVI,Langevin_post,42,10000,kde_expected_log_marginal,-2759.166015625
z2mgkcgr,KDVI-Langevin_post-seed42,KDVI-Langevin_post,KDVI,Langevin_post,42,15000,kde_expected_log_marginal,-2693.70703125
z2mgkcgr,KDVI-Langevin_post-seed42,KDVI-Langevin_post,KDVI,Langevin_post,42,20000,kde_expected_log_marginal,-235910.3125
z2mgkcgr,KDVI-Langevin_post-seed42,KDVI-Langevin_post,KDVI,Langevin_post,42,25000,kde_expected_log_marginal,-2804.356689453125
z2mgkcgr,KDVI-Langevin_post-seed42,KDVI-Langevin_post,KDVI,Langevin_post,42,30000,kde_expected_log_marginal,-427718.59375
z2mgkcgr,KDVI-Langevin_post-seed42,KDVI-Langevin_post,KDVI,Langevin_post,42,35000,kde_expected_log_marginal,-2783.7236328125
z2mgkcgr,KDVI-Langevin_post-seed42,KDVI-Langevin_post,KDVI,Langevin_post,42,40000,kde_expected_log_marginal,-9447969.0
z2mgkcgr,KDVI-Langevin_post-seed42,KDVI-Langevin_post,KDVI,Langevin_post,42,45000,kde_expected_log_marginal,-264193.40625
z2mgkcgr,KDVI-Langevin_post-seed42,KDVI-Langevin_post,KDVI,Langevin_post,42,50000,kde_expected_log_marginal,-247678.125
z2mgkcgr,KDVI-Langevin_post-seed42,KDVI-Langevin_post,KDVI,Langevin_post,42,55000,kde_expected_log_marginal,-2727.3623046875
z2mgkcgr,KDVI-Langevin_post-seed42,KDVI-Langevin_post,KDVI,Langevin_post,42,60000,kde_expected_log_marginal,-373879.90625
z2mgkcgr,KDVI-Langevin_post-seed42,KDVI-Langevin_post,KDVI,Langevin_post,42,65000,kde_expected_log_marginal,-14520124.0
z2mgkcgr,KDVI-Langevin_post-seed42,KDVI-Langevin_post,KDVI,Langevin_post,42,70000,kde_expected_log_marginal,-2738.777099609375
z2mgkcgr,KDVI-Langevin_post-seed42,KDVI-Langevin_post,KDVI,Langevin_post,42,75000,kde_expected_log_marginal,-2776.3544921875
z2mgkcgr,KDVI-Langevin_post-seed42,KDVI-Langevin_post,KDVI,Langevin_post,42,80000,kde_expected_log_marginal,-257101.0
z2mgkcgr,KDVI-Langevin_post-seed42,KDVI-Langevin_post,KDVI,Langevin_post,42,85000,kde_expected_log_marginal,-30842022.0
z2mgkcgr,KDVI-Langevin_post-seed42,KDVI-Langevin_post,KDVI,Langevin_post,42,90000,kde_expected_log_marginal,-13112977.0
z2mgkcgr,KDVI-Langevin_post-seed42,KDVI-Langevin_post,KDVI,Langevin_post,42,95000,kde_expected_log_marginal,-247067.53125
z2mgkcgr,KDVI-Langevin_post-seed42,KDVI-Langevin_post,KDVI,Langevin_post,42,100000,kde_expected_log_marginal,-534905.5
altvz9fr,KDVI-Langevin_post-seed43,KDVI-Langevin_post,KDVI,Langevin_post,43,5000,w2,99845188616192.0
altvz9fr,KDVI-Langevin_post-seed43,KDVI-Langevin_post,KDVI,Langevin_post,43,10000,w2,20289295482880.0
altvz9fr,KDVI-Langevin_post-seed43,KDVI-Langevin_post,KDVI,Langevin_post,43,15000,w2,6506249453568.0
altvz9fr,KDVI-Langevin_post-seed43,KDVI-Langevin_post,KDVI,Langevin_post,43,20000,w2,1544518762496.0
altvz9fr,KDVI-Langevin_post-seed43,KDVI-Langevin_post,KDVI,Langevin_post,43,25000,w2,18719719817216.0
altvz9fr,KDVI-Langevin_post-seed43,KDVI-Langevin_post,KDVI,Langevin_post,43,30000,w2,6670578089984.0
altvz9fr,KDVI-Langevin_post-seed43,KDVI-Langevin_post,KDVI,Langevin_post,43,35000,w2,3699788742656.0
altvz9fr,KDVI-Langevin_post-seed43,KDVI-Langevin_post,KDVI,Langevin_post,43,40000,w2,10308700602368.0
altvz9fr,KDVI-Langevin_post-seed43,KDVI-Langevin_post,KDVI,Langevin_post,43,45000,w2,5475923918848.0
altvz9fr,KDVI-Langevin_post-seed43,KDVI-Langevin_post,KDVI,Langevin_post,43,50000,w2,7079330316288.0
altvz9fr,KDVI-Langevin_post-seed43,KDVI-Langevin_post,KDVI,Langevin_post,43,55000,w2,26716955213824.0
altvz9fr,KDVI-Langevin_post-seed43,KDVI-Langevin_post,KDVI,Langevin_post,43,60000,w2,14284792791040.0
altvz9fr,KDVI-Langevin_post-seed43,KDVI-Langevin_post,KDVI,Langevin_post,43,65000,w2,2048115081216.0
altvz9fr,KDVI-Langevin_post-seed43,KDVI-Langevin_post,KDVI,Langevin_post,43,70000,w2,4109614448640.0
altvz9fr,KDVI-Langevin_post-seed43,KDVI-Langevin_post,KDVI,Langevin_post,43,75000,w2,7081657630720.0
altvz9fr,KDVI-Langevin_post-seed43,KDVI-Langevin_post,KDVI,Langevin_post,43,80000,w2,3465997975552.0
altvz9fr,KDVI-Langevin_post-seed43,KDVI-Langevin_post,KDVI,Langevin_post,43,85000,w2,7980699877376.0
altvz9fr,KDVI-Langevin_post-seed43,KDVI-Langevin_post,KDVI,Langevin_post,43,90000,w2,8432230334464.0
altvz9fr,KDVI-Langevin_post-seed43,KDVI-Langevin_post,KDVI,Langevin_post,43,95000,w2,19123616612352.0
altvz9fr,KDVI-Langevin_post-seed43,KDVI-Langevin_post,KDVI,Langevin_post,43,100000,w2,87927115743232.0
altvz9fr,KDVI-Langevin_post-seed43,KDVI-Langevin_post,KDVI,Langevin_post,43,5000,kde_expected_log_marginal,-2348.387451171875
altvz9fr,KDVI-Langevin_post-seed43,KDVI-Langevin_post,KDVI,Langevin_post,43,10000,kde_expected_log_marginal,-2390.276123046875
altvz9fr,KDVI-Langevin_post-seed43,KDVI-Langevin_post,KDVI,Langevin_post,43,15000,kde_expected_log_marginal,-2226.4892578125
altvz9fr,KDVI-Langevin_post-seed43,KDVI-Langevin_post,KDVI,Langevin_post,43,20000,kde_expected_log_marginal,-2351.9140625
altvz9fr,KDVI-Langevin_post-seed43,KDVI-Langevin_post,KDVI,Langevin_post,43,25000,kde_expected_log_marginal,-2256.11767578125
altvz9fr,KDVI-Langevin_post-seed43,KDVI-Langevin_post,KDVI,Langevin_post,43,30000,kde_expected_log_marginal,-2276.943115234375
altvz9fr,KDVI-Langevin_post-seed43,KDVI-Langevin_post,KDVI,Langevin_post,43,35000,kde_expected_log_marginal,-2217.742431640625
altvz9fr,KDVI-Langevin_post-seed43,KDVI-Langevin_post,KDVI,Langevin_post,43,40000,kde_expected_log_marginal,-2461.293701171875
altvz9fr,KDVI-Langevin_post-seed43,KDVI-Langevin_post,KDVI,Langevin_post,43,45000,kde_expected_log_marginal,-2309.66015625
altvz9fr,KDVI-Langevin_post-seed43,KDVI-Langevin_post,KDVI,Langevin_post,43,50000,kde_expected_log_marginal,-2375.532470703125
altvz9fr,KDVI-Langevin_post-seed43,KDVI-Langevin_post,KDVI,Langevin_post,43,55000,kde_expected_log_marginal,-2292.392578125
altvz9fr,KDVI-Langevin_post-seed43,KDVI-Langevin_post,KDVI,Langevin_post,43,60000,kde_expected_log_marginal,-2314.3427734375
altvz9fr,KDVI-Langevin_post-seed43,KDVI-Langevin_post,KDVI,Langevin_post,43,65000,kde_expected_log_marginal,-2430.797119140625
altvz9fr,KDVI-Langevin_post-seed43,KDVI-Langevin_post,KDVI,Langevin_post,43,70000,kde_expected_log_marginal,-2355.054443359375
altvz9fr,KDVI-Langevin_post-seed43,KDVI-Langevin_post,KDVI,Langevin_post,43,75000,kde_expected_log_marginal,-2227.078125
altvz9fr,KDVI-Langevin_post-seed43,KDVI-Langevin_post,KDVI,Langevin_post,43,80000,kde_expected_log_marginal,-2321.99755859375
altvz9fr,KDVI-Langevin_post-seed43,KDVI-Langevin_post,KDVI,Langevin_post,43,85000,kde_expected_log_marginal,-2299.58154296875
altvz9fr,KDVI-Langevin_post-seed43,KDVI-Langevin_post,KDVI,Langevin_post,43,90000,kde_expected_log_marginal,-2253.2265625
altvz9fr,KDVI-Langevin_post-seed43,KDVI-Langevin_post,KDVI,Langevin_post,43,95000,kde_expected_log_marginal,-2444.430419921875
altvz9fr,KDVI-Langevin_post-seed43,KDVI-Langevin_post,KDVI,Langevin_post,43,100000,kde_expected_log_marginal,-2255.030517578125
