method,target,metric,plot_step,mean,std,count
DSIVI,8_gaussians,elbo,1000,-6.976511478424072,0.45472594485041556,10
DSIVI,8_gaussians,elbo,2000,-5.242829322814941,1.1902449453004074,10
DSIVI,8_gaussians,elbo,3000,-3.7355552434921266,0.7310266290381411,10
DSIVI,8_gaussians,elbo,4000,-3.4040329217910767,0.9417262079769281,10
DSIVI,8_gaussians,elbo,5000,-2.8894992589950563,0.6916566605993134,10
DSIVI,8_gaussians,elbo,6000,-2.4122899651527403,0.5403438082875002,10
DSIVI,8_gaussians,elbo,7000,-2.283469760417938,0.5894832161759288,10
DSIVI,8_gaussians,elbo,8000,-2.1120080232620237,0.6121168144965302,10
DSIVI,8_gaussians,elbo,9000,-1.994819450378418,0.5355341599528843,10
DSIVI,8_gaussians,elbo,10000,-1.918839454650879,0.833620272952305,10
DSIVI,8_gaussians,elbo,11000,-1.8047873377799988,0.7328225885471504,10
DSIVI,8_gaussians,elbo,12000,-1.637721347808838,0.6368787877214216,10
DSIVI,8_gaussians,elbo,13000,-1.6760409951210022,0.8997564082761172,10
DSIVI,8_gaussians,elbo,14000,-1.481802237033844,0.593215566670751,10
DSIVI,8_gaussians,elbo,15000,-1.3477275013923644,0.4701416450406405,10
DSIVI,8_gaussians,elbo,16000,-1.4177275121212005,0.5574860636768744,10
DSIVI,8_gaussians,elbo,17000,-1.2328370451927184,0.3641136938287412,10
DSIVI,8_gaussians,elbo,18000,-1.138558954000473,0.42707880530872755,10
DSIVI,8_gaussians,elbo,19000,-1.1261136054992675,0.29914490456829074,10
DSIVI,8_gaussians,elbo,20000,-1.2250386953353882,0.758604214920201,10
DSIVI,8_gaussians,elbo,21000,-1.0554708778858184,0.3424601188038241,10
DSIVI,8_gaussians,elbo,22000,-1.0301063358783722,0.30610746481696827,10
DSIVI,8_gaussians,elbo,23000,-0.9950032114982605,0.3637343094765974,10
DSIVI,8_gaussians,elbo,24000,-1.0403142631053925,0.513829704109797,10
DSIVI,8_gaussians,elbo,25000,-1.0526501178741454,0.4968940163116609,10
DSIVI,8_gaussians,elbo,26000,-0.9788011014461517,0.4316615043817785,10
DSIVI,8_gaussians,elbo,27000,-0.8820838630199432,0.38003694912319436,10
DSIVI,8_gaussians,elbo,28000,-0.8756263256072998,0.4186423499822461,10
DSIVI,8_gaussians,elbo,29000,-0.8689908862113953,0.37482550007625515,10
DSIVI,8_gaussians,elbo,30000,-0.911753311753273,0.4305156726369813,10
DSIVI,8_gaussians,elbo,31000,-0.7961571902036667,0.3446518601510037,10
DSIVI,8_gaussians,elbo,32000,-0.8083064407110214,0.41365347751183024,10
DSIVI,8_gaussians,elbo,33000,-0.840652248263359,0.517919058006732,10
DSIVI,8_gaussians,elbo,34000,-0.7820907533168793,0.3986962748834511,10
DSIVI,8_gaussians,elbo,35000,-0.783834633231163,0.4370795331147839,10
DSIVI,8_gaussians,elbo,36000,-0.725715497136116,0.4095748978213792,10
DSIVI,8_gaussians,elbo,37000,-0.7482422739267349,0.410297527888474,10
DSIVI,8_gaussians,elbo,38000,-0.6883308112621307,0.40707276407061443,10
DSIVI,8_gaussians,elbo,39000,-0.8024369806051255,0.6079504044759175,10
DSIVI,8_gaussians,elbo,40000,-0.7276021093130112,0.4388668813996662,10
DSIVI,8_gaussians,elbo,41000,-0.7092609405517578,0.49561292199363344,10
DSIVI,8_gaussians,elbo,42000,-0.6553290039300919,0.4276069978117475,10
DSIVI,8_gaussians,elbo,43000,-0.666591688990593,0.41818319915144553,10
DSIVI,8_gaussians,elbo,44000,-0.6093962907791137,0.37494817453468937,10
DSIVI,8_gaussians,elbo,45000,-0.6964208215475083,0.4724540180469135,10
DSIVI,8_gaussians,elbo,46000,-0.6639400750398636,0.44258801369328205,10
DSIVI,8_gaussians,elbo,47000,-0.6406292140483856,0.43660772622970595,10
DSIVI,8_gaussians,elbo,48000,-0.6482545554637908,0.46290407924438026,10
DSIVI,8_gaussians,elbo,49000,-0.6126844927668571,0.4213484481944512,10
DSIVI,8_gaussians,elbo,50000,-0.636084295809269,0.45618040035712315,10
DSIVI,8_gaussians,elbo,51000,-0.6150795057415962,0.42919569729445456,10
DSIVI,8_gaussians,elbo,52000,-0.5989181250333786,0.4433903069146234,10
DSIVI,8_gaussians,elbo,53000,-0.5828905701637268,0.38998110766140803,10
DSIVI,8_gaussians,elbo,54000,-0.5655765637755394,0.4005990225615942,10
DSIVI,8_gaussians,elbo,55000,-0.5569383516907692,0.38033341994967007,10
DSIVI,8_gaussians,elbo,56000,-0.5779825329780579,0.4166377825764417,10
DSIVI,8_gaussians,elbo,57000,-0.5663313135504723,0.4176534886296111,10
DSIVI,8_gaussians,elbo,58000,-0.5434134975075722,0.38354440193402867,10
DSIVI,8_gaussians,elbo,59000,-0.5718104660511016,0.38939109593355536,10
DSIVI,8_gaussians,elbo,60000,-0.5582360342144966,0.4314320259936063,10
DSIVI,8_gaussians,elbo,61000,-0.5804139465093613,0.439058090523715,10
DSIVI,8_gaussians,elbo,62000,-0.5546832129359245,0.4503295220408309,10
DSIVI,8_gaussians,elbo,63000,-0.5433592617511749,0.4143611391037471,10
DSIVI,8_gaussians,elbo,64000,-0.5548499971628189,0.4410006490329381,10
DSIVI,8_gaussians,elbo,65000,-0.5352395564317703,0.4162622528814532,10
DSIVI,8_gaussians,elbo,66000,-0.5220499485731125,0.38414999476454886,10
DSIVI,8_gaussians,elbo,67000,-0.5209159091114998,0.38273857375704246,10
DSIVI,8_gaussians,elbo,68000,-0.5227929145097733,0.3976183942890818,10
DSIVI,8_gaussians,elbo,69000,-0.5411012172698975,0.41241209735370565,10
DSIVI,8_gaussians,elbo,70000,-0.5198789298534393,0.41451550678028437,10
DSIVI,8_gaussians,elbo,71000,-0.5209270626306534,0.40389263468666653,10
DSIVI,8_gaussians,elbo,72000,-0.5036264225840569,0.4075932909321612,10
DSIVI,8_gaussians,elbo,73000,-0.5376668497920036,0.4351123618405464,10
DSIVI,8_gaussians,elbo,74000,-0.495953306555748,0.38977412208641865,10
DSIVI,8_gaussians,elbo,75000,-0.4952192917466164,0.3905667181289661,10
DSIVI,8_gaussians,elbo,76000,-0.5066954329609871,0.4408591720533473,10
DSIVI,8_gaussians,elbo,77000,-0.5127201050519943,0.389356417690305,10
DSIVI,8_gaussians,elbo,78000,-0.5034134596586227,0.3931765042775682,10
DSIVI,8_gaussians,elbo,79000,-0.5142674788832664,0.44317228645822565,10
DSIVI,8_gaussians,elbo,80000,-0.5116350501775742,0.41216261044312696,10
DSIVI,8_gaussians,elbo,81000,-0.48071870654821397,0.41813321135456394,10
DSIVI,8_gaussians,elbo,82000,-0.48768323063850405,0.41426756980279356,10
DSIVI,8_gaussians,elbo,83000,-0.5115839228034019,0.4323161635039671,10
DSIVI,8_gaussians,elbo,84000,-0.504992014169693,0.43106142236832223,10
DSIVI,8_gaussians,elbo,85000,-0.4792006805539131,0.4012663014059842,10
DSIVI,8_gaussians,elbo,86000,-0.47921026349067686,0.4097755535843477,10
DSIVI,8_gaussians,elbo,87000,-0.49748517721891405,0.43138282317600246,10
DSIVI,8_gaussians,elbo,88000,-0.4911809518933296,0.4215824507863164,10
DSIVI,8_gaussians,elbo,89000,-0.49931338131427766,0.4408556189027431,10
DSIVI,8_gaussians,elbo,90000,-0.47141979187726973,0.40687571571159553,10
DSIVI,8_gaussians,elbo,91000,-0.45557884126901627,0.3754457878744065,10
DSIVI,8_gaussians,elbo,92000,-0.4625359997153282,0.3844097850644094,10
DSIVI,8_gaussians,elbo,93000,-0.4707811526954174,0.416636981255145,10
DSIVI,8_gaussians,elbo,94000,-0.4886589728295803,0.4279559543238934,10
DSIVI,8_gaussians,elbo,95000,-0.4756068535149097,0.4204895602038493,10
DSIVI,8_gaussians,elbo,96000,-0.4632097527384758,0.3986662572425946,10
DSIVI,8_gaussians,elbo,97000,-0.46883517131209373,0.41976881242241554,10
DSIVI,8_gaussians,elbo,98000,-0.47263234928250314,0.41562828592853807,10
DSIVI,8_gaussians,elbo,99000,-0.4437893688678741,0.38460257775188184,10
DSIVI,8_gaussians,elbo,100000,-0.4630494982004166,0.40971501704767677,10
KDVI,8_gaussians,elbo,5000,-2.5411997079849242,0.2943765353666646,10
KDVI,8_gaussians,elbo,10000,-1.7384756803512573,0.3960734408209283,10
KDVI,8_gaussians,elbo,15000,-1.3121285796165467,0.38828239976051265,10
KDVI,8_gaussians,elbo,20000,-0.9511080205440521,0.21757287355998722,10
KDVI,8_gaussians,elbo,25000,-0.6022899985313416,0.04484186221373789,10
KDVI,8_gaussians,elbo,30000,-0.4726232886314392,0.06551714641113189,10
KDVI,8_gaussians,elbo,35000,-0.37326266765594485,0.024011081030821012,10
KDVI,8_gaussians,elbo,40000,-0.32816640138626096,0.03274026396167463,10
KDVI,8_gaussians,elbo,45000,-0.28266580402851105,0.015662100005478772,10
KDVI,8_gaussians,elbo,50000,-0.2663499414920807,0.031366789105271686,10
KDVI,8_gaussians,elbo,55000,-0.26083424538373945,0.04108391337727784,10
KDVI,8_gaussians,elbo,60000,-0.2527427449822426,0.020793841647995658,10
KDVI,8_gaussians,elbo,65000,-0.22778445929288865,0.011779563040225106,10
KDVI,8_gaussians,elbo,70000,-0.2346048891544342,0.014675077012098716,10
KDVI,8_gaussians,elbo,75000,-0.23855240941047667,0.01668572176158065,10
KDVI,8_gaussians,elbo,80000,-0.22618144154548644,0.01149360806431603,10
KDVI,8_gaussians,elbo,85000,-0.22410420179367066,0.01650495408332359,10
KDVI,8_gaussians,elbo,90000,-0.23136414140462874,0.00833269129249124,10
KDVI,8_gaussians,elbo,95000,-0.2273198738694191,0.012440804556083608,10
KDVI,8_gaussians,elbo,100000,-0.22187667936086655,0.015686906221252118,10
DSIVI,8_gaussians,kl_ite,1000,2.3003447409977835,0.07401146375484347,10
DSIVI,8_gaussians,kl_ite,2000,2.086905585904973,0.21868625349309337,10
DSIVI,8_gaussians,kl_ite,3000,1.7382602750960636,0.20835262448376063,10
DSIVI,8_gaussians,kl_ite,4000,1.5947696279784018,0.3237271306601975,10
DSIVI,8_gaussians,kl_ite,5000,1.440254269900648,0.29292055354373947,10
DSIVI,8_gaussians,kl_ite,6000,1.2806038802626558,0.26246045834163706,10
DSIVI,8_gaussians,kl_ite,7000,1.224558875879922,0.26057118612592867,10
DSIVI,8_gaussians,kl_ite,8000,1.140598074557412,0.28396278432659977,10
DSIVI,8_gaussians,kl_ite,9000,1.1118929146983056,0.3153530470751991,10
DSIVI,8_gaussians,kl_ite,10000,1.1074685228133438,0.4576259130324044,10
DSIVI,8_gaussians,kl_ite,11000,1.0563086652098834,0.4222259834196447,10
DSIVI,8_gaussians,kl_ite,12000,1.0124987493013358,0.38483032225221364,10
DSIVI,8_gaussians,kl_ite,13000,0.9899025281732042,0.4287256385531335,10
DSIVI,8_gaussians,kl_ite,14000,0.9278714358879261,0.4026057067540721,10
DSIVI,8_gaussians,kl_ite,15000,0.8517265591008135,0.3030330246367435,10
DSIVI,8_gaussians,kl_ite,16000,0.9034870469086037,0.36671314462261023,10
DSIVI,8_gaussians,kl_ite,17000,0.800390012160461,0.2503469602207145,10
DSIVI,8_gaussians,kl_ite,18000,0.7627335026844001,0.31581433215597526,10
DSIVI,8_gaussians,kl_ite,19000,0.7495794697805248,0.1990886280445924,10
DSIVI,8_gaussians,kl_ite,20000,0.7932393113585631,0.4839991770748785,10
DSIVI,8_gaussians,kl_ite,21000,0.6863677309454814,0.2126408818786419,10
DSIVI,8_gaussians,kl_ite,22000,0.677914939126665,0.1825332874084574,10
DSIVI,8_gaussians,kl_ite,23000,0.6544283651196017,0.21829991208300142,10
DSIVI,8_gaussians,kl_ite,24000,0.6684954594674876,0.3005172628311216,10
DSIVI,8_gaussians,kl_ite,25000,0.6942267697215014,0.32453036686531794,10
DSIVI,8_gaussians,kl_ite,26000,0.6494748278913436,0.26637390298914587,10
DSIVI,8_gaussians,kl_ite,27000,0.5906096477674154,0.2174016926945537,10
DSIVI,8_gaussians,kl_ite,28000,0.5905324433850735,0.26335152937333794,10
DSIVI,8_gaussians,kl_ite,29000,0.5897761120139811,0.23468687065182517,10
DSIVI,8_gaussians,kl_ite,30000,0.6471230131075124,0.2969214343454468,10
DSIVI,8_gaussians,kl_ite,31000,0.5283938144792931,0.18772216459371877,10
DSIVI,8_gaussians,kl_ite,32000,0.5296252567889113,0.24200787086199535,10
DSIVI,8_gaussians,kl_ite,33000,0.5638831769400267,0.3108512339908606,10
DSIVI,8_gaussians,kl_ite,34000,0.5258800644456831,0.23849635202607655,10
DSIVI,8_gaussians,kl_ite,35000,0.5126007926147466,0.2453708057932426,10
DSIVI,8_gaussians,kl_ite,36000,0.47886087187524023,0.233230260768995,10
DSIVI,8_gaussians,kl_ite,37000,0.49645955698831357,0.2538186818949272,10
DSIVI,8_gaussians,kl_ite,38000,0.4690765599487026,0.24509361716101982,10
DSIVI,8_gaussians,kl_ite,39000,0.5433546357176631,0.3641475196064703,10
DSIVI,8_gaussians,kl_ite,40000,0.4996491806231381,0.26928822679364445,10
DSIVI,8_gaussians,kl_ite,41000,0.4748281338584481,0.29749202814828424,10
DSIVI,8_gaussians,kl_ite,42000,0.44660230868168416,0.25763076538703494,10
DSIVI,8_gaussians,kl_ite,43000,0.4618025842372398,0.26146808500715063,10
DSIVI,8_gaussians,kl_ite,44000,0.40807515737053796,0.22169543399168387,10
DSIVI,8_gaussians,kl_ite,45000,0.47052241432982883,0.3062556555649161,10
DSIVI,8_gaussians,kl_ite,46000,0.44382604837345935,0.2831509189500708,10
DSIVI,8_gaussians,kl_ite,47000,0.4477796306845069,0.29645410676351674,10
DSIVI,8_gaussians,kl_ite,48000,0.44473829775584195,0.32706011162917015,10
DSIVI,8_gaussians,kl_ite,49000,0.40610240007039244,0.25735250903963824,10
DSIVI,8_gaussians,kl_ite,50000,0.43359239882155964,0.303846015322262,10
DSIVI,8_gaussians,kl_ite,51000,0.40450486664299756,0.25707544713220426,10
DSIVI,8_gaussians,kl_ite,52000,0.39396572703954225,0.25451307949447477,10
DSIVI,8_gaussians,kl_ite,53000,0.3818750581186943,0.21396706124321963,10
DSIVI,8_gaussians,kl_ite,54000,0.3785364306022491,0.24151104285966207,10
DSIVI,8_gaussians,kl_ite,55000,0.3511617781433945,0.20719442155441142,10
DSIVI,8_gaussians,kl_ite,56000,0.3622536688235017,0.23443578680500562,10
DSIVI,8_gaussians,kl_ite,57000,0.3717697758814723,0.25119949765134486,10
DSIVI,8_gaussians,kl_ite,58000,0.34999811228049793,0.2311120318241509,10
DSIVI,8_gaussians,kl_ite,59000,0.37778163130973696,0.23081138656855152,10
DSIVI,8_gaussians,kl_ite,60000,0.3728735353665472,0.25682301328143886,10
DSIVI,8_gaussians,kl_ite,61000,0.36110711959966946,0.24370316202108844,10
DSIVI,8_gaussians,kl_ite,62000,0.35988217455476473,0.2616927514447559,10
DSIVI,8_gaussians,kl_ite,63000,0.33053764670991903,0.21987203999166535,10
DSIVI,8_gaussians,kl_ite,64000,0.36416413666604547,0.2604018527821477,10
DSIVI,8_gaussians,kl_ite,65000,0.3349773679129958,0.22219442864350453,10
DSIVI,8_gaussians,kl_ite,66000,0.3315379392462799,0.2072875503345017,10
DSIVI,8_gaussians,kl_ite,67000,0.3358545800313576,0.2268058103648216,10
DSIVI,8_gaussians,kl_ite,68000,0.33915409748287806,0.22111537927909675,10
DSIVI,8_gaussians,kl_ite,69000,0.3373062722675221,0.24666877992416025,10
DSIVI,8_gaussians,kl_ite,70000,0.31845923479828503,0.22923438429673254,10
DSIVI,8_gaussians,kl_ite,71000,0.3176820112355101,0.20767890180564075,10
DSIVI,8_gaussians,kl_ite,72000,0.3037060010693705,0.2205584948207963,10
DSIVI,8_gaussians,kl_ite,73000,0.3309960800859424,0.23671553281691968,10
DSIVI,8_gaussians,kl_ite,74000,0.30645360296225377,0.21015317958725663,10
DSIVI,8_gaussians,kl_ite,75000,0.28749681721652426,0.1888824178304451,10
DSIVI,8_gaussians,kl_ite,76000,0.32536208582963133,0.2618283213522088,10
DSIVI,8_gaussians,kl_ite,77000,0.30771948517635506,0.19503695803820492,10
DSIVI,8_gaussians,kl_ite,78000,0.31186025355564306,0.2040920572812096,10
DSIVI,8_gaussians,kl_ite,79000,0.29832266967089305,0.21107223433102223,10
DSIVI,8_gaussians,kl_ite,80000,0.3081732738941513,0.21767762378099156,10
DSIVI,8_gaussians,kl_ite,81000,0.2772171469982048,0.19990001457837608,10
DSIVI,8_gaussians,kl_ite,82000,0.2698918341375205,0.19794094928031117,10
DSIVI,8_gaussians,kl_ite,83000,0.3104146990282337,0.2267332260316172,10
DSIVI,8_gaussians,kl_ite,84000,0.2969706586665341,0.2233827266015392,10
DSIVI,8_gaussians,kl_ite,85000,0.2840745405059924,0.19650808208318865,10
DSIVI,8_gaussians,kl_ite,86000,0.28946057744586207,0.2188544307723349,10
DSIVI,8_gaussians,kl_ite,87000,0.29250619044239706,0.2214978218835045,10
DSIVI,8_gaussians,kl_ite,88000,0.2936343128562111,0.23259069956678124,10
DSIVI,8_gaussians,kl_ite,89000,0.30624873853558915,0.25154370997854114,10
DSIVI,8_gaussians,kl_ite,90000,0.28556989088815293,0.2224779417743004,10
DSIVI,8_gaussians,kl_ite,91000,0.26843640724136514,0.18624405366884644,10
DSIVI,8_gaussians,kl_ite,92000,0.26706360604206564,0.1841024968528011,10
DSIVI,8_gaussians,kl_ite,93000,0.2711937777463813,0.2107733710510578,10
DSIVI,8_gaussians,kl_ite,94000,0.2786321543167533,0.20698675517575513,10
DSIVI,8_gaussians,kl_ite,95000,0.2667433662310896,0.2041596061672312,10
DSIVI,8_gaussians,kl_ite,96000,0.26398277739943327,0.19693567780573698,10
DSIVI,8_gaussians,kl_ite,97000,0.2791717419938961,0.21015161977767358,10
DSIVI,8_gaussians,kl_ite,98000,0.2699197484098491,0.19459219604984407,10
DSIVI,8_gaussians,kl_ite,99000,0.24287716614679286,0.1810526371554876,10
DSIVI,8_gaussians,kl_ite,100000,0.2674044903026282,0.200184757177782,10
KDVI,8_gaussians,kl_ite,5000,1.0313553075186117,0.08157591524600427,10
KDVI,8_gaussians,kl_ite,10000,0.6666496698835274,0.05026067019078554,10
KDVI,8_gaussians,kl_ite,15000,0.4581455770950179,0.02805127916785441,10
KDVI,8_gaussians,kl_ite,20000,0.32942142212504744,0.025746686976091306,10
KDVI,8_gaussians,kl_ite,25000,0.20745329711496768,0.016489922280372892,10
KDVI,8_gaussians,kl_ite,30000,0.13985450303396177,0.01896179556234144,10
KDVI,8_gaussians,kl_ite,35000,0.10239325435854556,0.015177429605169535,10
KDVI,8_gaussians,kl_ite,40000,0.07376158065637416,0.011887271402491094,10
KDVI,8_gaussians,kl_ite,45000,0.06261967439107617,0.013745576450448684,10
KDVI,8_gaussians,kl_ite,50000,0.05241836357867472,0.01372304323764572,10
KDVI,8_gaussians,kl_ite,55000,0.05798896656117125,0.00852632397249912,10
KDVI,8_gaussians,kl_ite,60000,0.04361212672367326,0.008350776507028916,10
KDVI,8_gaussians,kl_ite,65000,0.047662583603732274,0.013105811052928873,10
KDVI,8_gaussians,kl_ite,70000,0.04411954304887522,0.010406247937631775,10
KDVI,8_gaussians,kl_ite,75000,0.04097499546823825,0.012085753866811363,10
KDVI,8_gaussians,kl_ite,80000,0.037158013013161476,0.008818977636567697,10
KDVI,8_gaussians,kl_ite,85000,0.03884924535947716,0.011557492069885728,10
KDVI,8_gaussians,kl_ite,90000,0.04064961495509313,0.0062104016667699335,10
KDVI,8_gaussians,kl_ite,95000,0.039987873526640585,0.011379716976219941,10
KDVI,8_gaussians,kl_ite,100000,0.03946017147552926,0.0147133146461785,10
DSIVI,8_gaussians,w2,1000,0.886724442243576,0.06871716364167094,10
DSIVI,8_gaussians,w2,2000,0.685797917842865,0.122388211302868,10
DSIVI,8_gaussians,w2,3000,0.5445539712905884,0.08681330736850137,10
DSIVI,8_gaussians,w2,4000,0.5372315287590027,0.15314071398662152,10
DSIVI,8_gaussians,w2,5000,0.5145569533109665,0.12959714500023067,10
DSIVI,8_gaussians,w2,6000,0.435267847776413,0.09578859437838076,10
DSIVI,8_gaussians,w2,7000,0.44778336584568024,0.13359728379155278,10
DSIVI,8_gaussians,w2,8000,0.4466222882270813,0.1608032726239825,10
DSIVI,8_gaussians,w2,9000,0.4602157175540924,0.1856487773389399,10
DSIVI,8_gaussians,w2,10000,0.4400344043970108,0.22042002676246847,10
DSIVI,8_gaussians,w2,11000,0.4450221240520477,0.1889301981357436,10
DSIVI,8_gaussians,w2,12000,0.37368322610855104,0.1537583147291432,10
DSIVI,8_gaussians,w2,13000,0.41339629888534546,0.19049808716351263,10
DSIVI,8_gaussians,w2,14000,0.4075131922960281,0.21034066134412863,10
DSIVI,8_gaussians,w2,15000,0.3722693145275116,0.1629730784914658,10
DSIVI,8_gaussians,w2,16000,0.41915635466575624,0.19695700513859826,10
DSIVI,8_gaussians,w2,17000,0.3545907363295555,0.12124379210503919,10
DSIVI,8_gaussians,w2,18000,0.3053667902946472,0.07642341751900117,10
DSIVI,8_gaussians,w2,19000,0.3043325811624527,0.07129272484387393,10
DSIVI,8_gaussians,w2,20000,0.3451193690299988,0.20653562716325674,10
DSIVI,8_gaussians,w2,21000,0.31522379666566847,0.10540399533973055,10
DSIVI,8_gaussians,w2,22000,0.32043090015649794,0.07921977891198091,10
DSIVI,8_gaussians,w2,23000,0.3169695511460304,0.09098387453488463,10
DSIVI,8_gaussians,w2,24000,0.32941647469997404,0.1473442371487789,10
DSIVI,8_gaussians,w2,25000,0.3352146402001381,0.13455106247930188,10
DSIVI,8_gaussians,w2,26000,0.30594346225261687,0.09146582328212562,10
DSIVI,8_gaussians,w2,27000,0.30657297670841216,0.08038590052343686,10
DSIVI,8_gaussians,w2,28000,0.32585707157850263,0.12566784262871666,10
DSIVI,8_gaussians,w2,29000,0.3371441125869751,0.11975751104496267,10
DSIVI,8_gaussians,w2,30000,0.37667684257030487,0.1700500064178668,10
DSIVI,8_gaussians,w2,31000,0.32367973774671555,0.0814342451347785,10
DSIVI,8_gaussians,w2,32000,0.29951673597097395,0.1014901259450694,10
DSIVI,8_gaussians,w2,33000,0.3008794650435448,0.08832061377374814,10
DSIVI,8_gaussians,w2,34000,0.2752253621816635,0.06397747929948189,10
DSIVI,8_gaussians,w2,35000,0.30730116814374925,0.07382013406133141,10
DSIVI,8_gaussians,w2,36000,0.2775556445121765,0.08075827982923979,10
DSIVI,8_gaussians,w2,37000,0.29625791013240815,0.07784755890042433,10
DSIVI,8_gaussians,w2,38000,0.2992568999528885,0.0987425891046965,10
DSIVI,8_gaussians,w2,39000,0.33552490174770355,0.13460856263869278,10
DSIVI,8_gaussians,w2,40000,0.2991998329758644,0.10661811002044518,10
DSIVI,8_gaussians,w2,41000,0.29189061373472214,0.1119726628871237,10
DSIVI,8_gaussians,w2,42000,0.28271980583667755,0.09683632502576636,10
DSIVI,8_gaussians,w2,43000,0.31637405306100846,0.14128388499849565,10
DSIVI,8_gaussians,w2,44000,0.31118532717227937,0.14234167201689216,10
DSIVI,8_gaussians,w2,45000,0.3221559599041939,0.16300597516474324,10
DSIVI,8_gaussians,w2,46000,0.3108693972229958,0.15298161553907272,10
DSIVI,8_gaussians,w2,47000,0.33581243827939034,0.1670262625221584,10
DSIVI,8_gaussians,w2,48000,0.33465111926198005,0.1790323958115485,10
DSIVI,8_gaussians,w2,49000,0.33037091940641405,0.16713782999424465,10
DSIVI,8_gaussians,w2,50000,0.32784982696175574,0.179915652033166,10
DSIVI,8_gaussians,w2,51000,0.33845858797430994,0.19517359243528065,10
DSIVI,8_gaussians,w2,52000,0.3387256294488907,0.19517302276471468,10
DSIVI,8_gaussians,w2,53000,0.33525247871875763,0.18980351043453156,10
DSIVI,8_gaussians,w2,54000,0.33629192486405374,0.20536793455054758,10
DSIVI,8_gaussians,w2,55000,0.3334726743400097,0.190882645003786,10
DSIVI,8_gaussians,w2,56000,0.33884754702448844,0.20016869438797416,10
DSIVI,8_gaussians,w2,57000,0.3555168122053146,0.22484428522232097,10
DSIVI,8_gaussians,w2,58000,0.3847659304738045,0.2191027525591871,10
DSIVI,8_gaussians,w2,59000,0.37625365927815435,0.21925258859157346,10
DSIVI,8_gaussians,w2,60000,0.3584733083844185,0.22006847237787158,10
DSIVI,8_gaussians,w2,61000,0.34500228613615036,0.2227192869499209,10
DSIVI,8_gaussians,w2,62000,0.34701635465025904,0.20267490226831972,10
DSIVI,8_gaussians,w2,63000,0.3550790876150131,0.19486797026059158,10
DSIVI,8_gaussians,w2,64000,0.374621345102787,0.211886448521279,10
DSIVI,8_gaussians,w2,65000,0.3566822424530983,0.19963878840665522,10
DSIVI,8_gaussians,w2,66000,0.353282967954874,0.20956091946068908,10
DSIVI,8_gaussians,w2,67000,0.3418171189725399,0.19069310962902275,10
DSIVI,8_gaussians,w2,68000,0.3434317521750927,0.19670660349673744,10
DSIVI,8_gaussians,w2,69000,0.33636296838521956,0.2208930426922462,10
DSIVI,8_gaussians,w2,70000,0.3357240781188011,0.2128473114214196,10
DSIVI,8_gaussians,w2,71000,0.3208203248679638,0.1947883405899044,10
DSIVI,8_gaussians,w2,72000,0.32262360528111456,0.18307286232127515,10
DSIVI,8_gaussians,w2,73000,0.3240757942199707,0.18745430859077122,10
DSIVI,8_gaussians,w2,74000,0.32901490330696104,0.18670256256352927,10
DSIVI,8_gaussians,w2,75000,0.31933657824993134,0.197682706145125,10
DSIVI,8_gaussians,w2,76000,0.33163155540823935,0.20873795788057814,10
DSIVI,8_gaussians,w2,77000,0.317598557472229,0.1832922642916006,10
DSIVI,8_gaussians,w2,78000,0.3156066723167896,0.16550924589452776,10
DSIVI,8_gaussians,w2,79000,0.3255936518311501,0.1919157753439196,10
DSIVI,8_gaussians,w2,80000,0.32034423276782037,0.20440627029361286,10
DSIVI,8_gaussians,w2,81000,0.3060282766819,0.17876934139023679,10
DSIVI,8_gaussians,w2,82000,0.2993040166795254,0.16666810733995308,10
DSIVI,8_gaussians,w2,83000,0.3111385628581047,0.1755524967512214,10
DSIVI,8_gaussians,w2,84000,0.2963964678347111,0.1679938421782751,10
DSIVI,8_gaussians,w2,85000,0.29818190857768057,0.18364513445048777,10
DSIVI,8_gaussians,w2,86000,0.3000939220190048,0.15150887770677346,10
DSIVI,8_gaussians,w2,87000,0.32177391946315764,0.18987025498178045,10
DSIVI,8_gaussians,w2,88000,0.289731115847826,0.18564475387861534,10
DSIVI,8_gaussians,w2,89000,0.3056126952171326,0.19441342190947886,10
DSIVI,8_gaussians,w2,90000,0.29787534922361375,0.1796793684442384,10
DSIVI,8_gaussians,w2,91000,0.30289562717080115,0.19387003861105667,10
DSIVI,8_gaussians,w2,92000,0.31530282497406004,0.21404244054105045,10
DSIVI,8_gaussians,w2,93000,0.31044897362589835,0.20601668184236804,10
DSIVI,8_gaussians,w2,94000,0.33191983625292776,0.2029974198852395,10
DSIVI,8_gaussians,w2,95000,0.3222811512649059,0.21958172727102582,10
DSIVI,8_gaussians,w2,96000,0.31250685155391694,0.20880523207101617,10
DSIVI,8_gaussians,w2,97000,0.31025552824139596,0.19609229790144128,10
DSIVI,8_gaussians,w2,98000,0.29688904583454134,0.20893385448738375,10
DSIVI,8_gaussians,w2,99000,0.29227516055107117,0.20217403627556188,10
DSIVI,8_gaussians,w2,100000,0.28431541919708253,0.19764797104875886,10
KDVI,8_gaussians,w2,5000,0.45612586438655855,0.04146922005906729,10
KDVI,8_gaussians,w2,10000,0.3407451033592224,0.035278114980398484,10
KDVI,8_gaussians,w2,15000,0.2855284348130226,0.08271869865468094,10
KDVI,8_gaussians,w2,20000,0.22408155649900435,0.023865312203533905,10
KDVI,8_gaussians,w2,25000,0.17407863438129426,0.03265800201921863,10
KDVI,8_gaussians,w2,30000,0.15328447818756102,0.027710579476369988,10
KDVI,8_gaussians,w2,35000,0.14096174463629724,0.042252288571377694,10
KDVI,8_gaussians,w2,40000,0.15928534120321275,0.056503592951943155,10
KDVI,8_gaussians,w2,45000,0.1649409592151642,0.08134669402673526,10
KDVI,8_gaussians,w2,50000,0.17886087894439698,0.05950380586002478,10
KDVI,8_gaussians,w2,55000,0.19137463420629502,0.08020706054107374,10
KDVI,8_gaussians,w2,60000,0.20801104605197906,0.09983670070917937,10
KDVI,8_gaussians,w2,65000,0.19535327404737474,0.10118892742652642,10
KDVI,8_gaussians,w2,70000,0.1983594112098217,0.093538689753181,10
KDVI,8_gaussians,w2,75000,0.2009783796966076,0.08094350305961018,10
KDVI,8_gaussians,w2,80000,0.19649110808968545,0.08245573079479156,10
KDVI,8_gaussians,w2,85000,0.21093954369425774,0.10693098889914732,10
KDVI,8_gaussians,w2,90000,0.2035197474062443,0.08805674389486566,10
KDVI,8_gaussians,w2,95000,0.20340658500790595,0.08633317717039038,10
KDVI,8_gaussians,w2,100000,0.20773080959916115,0.08743812662581141,10
DSIVI,8_gaussians_small,elbo,1000,-10.577361965179444,0.4402389127700085,10
DSIVI,8_gaussians_small,elbo,2000,-6.66295108795166,0.7943852102127857,10
DSIVI,8_gaussians_small,elbo,3000,-4.483742380142212,0.2636829194709488,10
DSIVI,8_gaussians_small,elbo,4000,-3.6818039178848267,0.17664470435436955,10
DSIVI,8_gaussians_small,elbo,5000,-3.1860003232955934,0.14914091935564938,10
DSIVI,8_gaussians_small,elbo,6000,-3.486667203903198,0.3390027809538055,10
DSIVI,8_gaussians_small,elbo,7000,-3.098377752304077,0.2567103404999861,10
DSIVI,8_gaussians_small,elbo,8000,-3.079860043525696,0.4727882773886368,10
DSIVI,8_gaussians_small,elbo,9000,-2.777714467048645,0.34463372915194906,10
DSIVI,8_gaussians_small,elbo,10000,-2.5979811668396,0.19796852508689583,10
DSIVI,8_gaussians_small,elbo,11000,-2.473632788658142,0.17676899682036085,10
DSIVI,8_gaussians_small,elbo,12000,-2.4097875118255616,0.22158516667544728,10
DSIVI,8_gaussians_small,elbo,13000,-2.3417587757110594,0.3223531506673673,10
DSIVI,8_gaussians_small,elbo,14000,-2.3122234106063844,0.18633524165400264,10
DSIVI,8_gaussians_small,elbo,15000,-2.131471610069275,0.16512586662934772,10
DSIVI,8_gaussians_small,elbo,16000,-1.988692009449005,0.13249383583274493,10
DSIVI,8_gaussians_small,elbo,17000,-1.9942546248435975,0.16096513402271667,10
DSIVI,8_gaussians_small,elbo,18000,-1.9047170281410217,0.21362267490889134,10
DSIVI,8_gaussians_small,elbo,19000,-1.7577821731567382,0.1051392716831973,10
DSIVI,8_gaussians_small,elbo,20000,-1.768432331085205,0.1376093814123157,10
DSIVI,8_gaussians_small,elbo,21000,-1.6963858604431152,0.10420440388325321,10
DSIVI,8_gaussians_small,elbo,22000,-1.6790001749992371,0.11066720073126564,10
DSIVI,8_gaussians_small,elbo,23000,-1.584717297554016,0.09755522086732993,10
DSIVI,8_gaussians_small,elbo,24000,-1.5565999388694762,0.09855248158883952,10
DSIVI,8_gaussians_small,elbo,25000,-1.5153611183166504,0.12455093438334823,10
DSIVI,8_gaussians_small,elbo,26000,-1.56535861492157,0.12333237196430093,10
DSIVI,8_gaussians_small,elbo,27000,-1.5241751790046691,0.12634275568662356,10
DSIVI,8_gaussians_small,elbo,28000,-1.447447156906128,0.13628669430350582,10
DSIVI,8_gaussians_small,elbo,29000,-1.4159276127815246,0.09634050166916423,10
DSIVI,8_gaussians_small,elbo,30000,-1.3819720268249511,0.0897996226826783,10
DSIVI,8_gaussians_small,elbo,31000,-1.3624223113059997,0.10239038862649452,10
DSIVI,8_gaussians_small,elbo,32000,-1.3501839637756348,0.17016326065593207,10
DSIVI,8_gaussians_small,elbo,33000,-1.2852324843406677,0.11904054030732794,10
DSIVI,8_gaussians_small,elbo,34000,-1.301243007183075,0.11244829989545882,10
DSIVI,8_gaussians_small,elbo,35000,-1.2965758442878723,0.1399037390959403,10
DSIVI,8_gaussians_small,elbo,36000,-1.2092600226402284,0.10645805086270875,10
DSIVI,8_gaussians_small,elbo,37000,-1.2168754816055298,0.10772640577190971,10
DSIVI,8_gaussians_small,elbo,38000,-1.21000217795372,0.1259937069122957,10
DSIVI,8_gaussians_small,elbo,39000,-1.1828615605831145,0.12494269942728244,10
DSIVI,8_gaussians_small,elbo,40000,-1.1699562430381776,0.1503035393038462,10
DSIVI,8_gaussians_small,elbo,41000,-1.1551517009735108,0.12706136627804698,10
DSIVI,8_gaussians_small,elbo,42000,-1.124043583869934,0.1256543917136285,10
DSIVI,8_gaussians_small,elbo,43000,-1.1445180118083953,0.14111994225568017,10
DSIVI,8_gaussians_small,elbo,44000,-1.0896662175655365,0.11192992456062668,10
DSIVI,8_gaussians_small,elbo,45000,-1.1233382821083069,0.10540825368663578,10
DSIVI,8_gaussians_small,elbo,46000,-1.1261463701725005,0.1395053902822586,10
DSIVI,8_gaussians_small,elbo,47000,-1.0923284530639648,0.14781814494243709,10
DSIVI,8_gaussians_small,elbo,48000,-1.0805634021759034,0.16585735326437154,10
DSIVI,8_gaussians_small,elbo,49000,-1.090513151884079,0.11683689921776456,10
DSIVI,8_gaussians_small,elbo,50000,-1.085325700044632,0.13726741267924186,10
DSIVI,8_gaussians_small,elbo,51000,-1.0553067862987517,0.12545393167389954,10
DSIVI,8_gaussians_small,elbo,52000,-1.0216881871223449,0.1368144271267215,10
DSIVI,8_gaussians_small,elbo,53000,-1.0385499835014342,0.12449135212158137,10
DSIVI,8_gaussians_small,elbo,54000,-1.0070971548557281,0.12875278338715002,10
DSIVI,8_gaussians_small,elbo,55000,-0.9915384471416473,0.1271755429232139,10
DSIVI,8_gaussians_small,elbo,56000,-1.0125574350357056,0.12232594951548989,10
DSIVI,8_gaussians_small,elbo,57000,-0.9585353255271911,0.12781086219263485,10
DSIVI,8_gaussians_small,elbo,58000,-0.9614081263542176,0.12454579168984366,10
DSIVI,8_gaussians_small,elbo,59000,-0.9683880984783173,0.14052402838121988,10
DSIVI,8_gaussians_small,elbo,60000,-0.9748056650161743,0.12866737964772512,10
DSIVI,8_gaussians_small,elbo,61000,-0.944154155254364,0.15333034272468868,10
DSIVI,8_gaussians_small,elbo,62000,-0.9544396102428436,0.13881723514271846,10
DSIVI,8_gaussians_small,elbo,63000,-0.9224753677845001,0.1304051966782643,10
DSIVI,8_gaussians_small,elbo,64000,-0.9423795461654663,0.14180052428869114,10
DSIVI,8_gaussians_small,elbo,65000,-0.9234118700027466,0.1407654803755804,10
DSIVI,8_gaussians_small,elbo,66000,-0.9121339678764343,0.1602885317358909,10
DSIVI,8_gaussians_small,elbo,67000,-0.9249386787414551,0.15787237430018958,10
DSIVI,8_gaussians_small,elbo,68000,-0.9251159012317658,0.11825859419453616,10
DSIVI,8_gaussians_small,elbo,69000,-0.9136879861354827,0.15456626215062205,10
DSIVI,8_gaussians_small,elbo,70000,-0.8966085255146027,0.15108939890493137,10
DSIVI,8_gaussians_small,elbo,71000,-0.8931344211101532,0.15307228416900448,10
DSIVI,8_gaussians_small,elbo,72000,-0.8895181477069855,0.14605202908754022,10
DSIVI,8_gaussians_small,elbo,73000,-0.8924999713897706,0.1354664388539498,10
DSIVI,8_gaussians_small,elbo,74000,-0.9007537662982941,0.1534386783625617,10
DSIVI,8_gaussians_small,elbo,75000,-0.8917814195156097,0.14332516204635276,10
DSIVI,8_gaussians_small,elbo,76000,-0.9042652785778046,0.13118821822450194,10
DSIVI,8_gaussians_small,elbo,77000,-0.8908325791358948,0.14922535051503863,10
DSIVI,8_gaussians_small,elbo,78000,-0.8995400190353393,0.14532951582137313,10
DSIVI,8_gaussians_small,elbo,79000,-0.8795884191989899,0.14889308415978897,10
DSIVI,8_gaussians_small,elbo,80000,-0.8793544411659241,0.13730285696889213,10
DSIVI,8_gaussians_small,elbo,81000,-0.8732064306735993,0.15383508830436768,10
DSIVI,8_gaussians_small,elbo,82000,-0.86626997590065,0.1556617351617405,10
DSIVI,8_gaussians_small,elbo,83000,-0.8789058268070221,0.13035475555153456,10
DSIVI,8_gaussians_small,elbo,84000,-0.8678953766822814,0.14198519477620614,10
DSIVI,8_gaussians_small,elbo,85000,-0.8462908685207366,0.1557290210941298,10
DSIVI,8_gaussians_small,elbo,86000,-0.8566067278385162,0.1620248933405017,10
DSIVI,8_gaussians_small,elbo,87000,-0.8738000690937042,0.14820652115363148,10
DSIVI,8_gaussians_small,elbo,88000,-0.8337396323680878,0.1544209366585879,10
DSIVI,8_gaussians_small,elbo,89000,-0.8567284226417542,0.14510226723259026,10
DSIVI,8_gaussians_small,elbo,90000,-0.8550580263137817,0.15591371023211587,10
DSIVI,8_gaussians_small,elbo,91000,-0.8454108953475952,0.15489884473237495,10
DSIVI,8_gaussians_small,elbo,92000,-0.8367588341236114,0.16469072433333748,10
DSIVI,8_gaussians_small,elbo,93000,-0.8535069286823272,0.15253628118980606,10
DSIVI,8_gaussians_small,elbo,94000,-0.8640421509742737,0.15181626143422,10
DSIVI,8_gaussians_small,elbo,95000,-0.8462673604488373,0.1615954406647099,10
DSIVI,8_gaussians_small,elbo,96000,-0.8310872197151185,0.15836040778495836,10
DSIVI,8_gaussians_small,elbo,97000,-0.8634190797805786,0.1500685462490934,10
DSIVI,8_gaussians_small,elbo,98000,-0.8398382425308227,0.16256506291044984,10
DSIVI,8_gaussians_small,elbo,99000,-0.8253533601760864,0.14440516301242193,10
DSIVI,8_gaussians_small,elbo,100000,-0.8400871932506562,0.15929056522919502,10
KDVI,8_gaussians_small,elbo,5000,-4.649186444282532,1.2872583829909676,10
KDVI,8_gaussians_small,elbo,10000,-3.3534499406814575,1.6201203457962474,10
KDVI,8_gaussians_small,elbo,15000,-2.059024727344513,1.1674790449382155,10
KDVI,8_gaussians_small,elbo,20000,-1.4190227746963502,1.1250162285110956,10
KDVI,8_gaussians_small,elbo,25000,-1.2409569025039673,1.1091071669262875,10
KDVI,8_gaussians_small,elbo,30000,-0.7426691889762879,0.806987338088926,10
KDVI,8_gaussians_small,elbo,35000,-0.642666545510292,0.7568031944416103,10
KDVI,8_gaussians_small,elbo,40000,-0.47428945302963255,0.7506420326200243,10
KDVI,8_gaussians_small,elbo,45000,-0.4048538625240326,0.62902301462709,10
KDVI,8_gaussians_small,elbo,50000,-0.3784944161772728,0.6074374532928706,10
KDVI,8_gaussians_small,elbo,55000,-0.36115746945142746,0.6201479911809877,10
KDVI,8_gaussians_small,elbo,60000,-0.35746226012706755,0.6224803347393365,10
KDVI,8_gaussians_small,elbo,65000,-0.34051414728164675,0.5997495099914097,10
KDVI,8_gaussians_small,elbo,70000,-0.35961934849619864,0.6862537486868363,10
KDVI,8_gaussians_small,elbo,75000,-0.3466594837605953,0.6043833279086336,10
KDVI,8_gaussians_small,elbo,80000,-0.3271533466875553,0.6110532627313611,10
KDVI,8_gaussians_small,elbo,85000,-0.3291216008365154,0.6290451074038154,10
KDVI,8_gaussians_small,elbo,90000,-0.3360867895185947,0.6048613859702787,10
KDVI,8_gaussians_small,elbo,95000,-0.32753594145178794,0.6230856202917885,10
KDVI,8_gaussians_small,elbo,100000,-0.3284903772175312,0.6087902004822145,10
DSIVI,8_gaussians_small,kl_ite,1000,2.8517277867288797,0.0431347639899799,10
DSIVI,8_gaussians_small,kl_ite,2000,2.3320568845716076,0.19075339944871605,10
DSIVI,8_gaussians_small,kl_ite,3000,1.790112647726898,0.07131228675793728,10
DSIVI,8_gaussians_small,kl_ite,4000,1.6250570722296345,0.05552146186527629,10
DSIVI,8_gaussians_small,kl_ite,5000,1.5195473121861895,0.07110183269212017,10
DSIVI,8_gaussians_small,kl_ite,6000,1.653126957702766,0.12329382879335672,10
DSIVI,8_gaussians_small,kl_ite,7000,1.5400156573621708,0.11605957625795311,10
DSIVI,8_gaussians_small,kl_ite,8000,1.5888852532301343,0.18188923691244036,10
DSIVI,8_gaussians_small,kl_ite,9000,1.4581447672596386,0.1125519134883309,10
DSIVI,8_gaussians_small,kl_ite,10000,1.437846809933245,0.06429958060688497,10
DSIVI,8_gaussians_small,kl_ite,11000,1.4080572943666487,0.0647718999020552,10
DSIVI,8_gaussians_small,kl_ite,12000,1.3778307920256383,0.11819778489896952,10
DSIVI,8_gaussians_small,kl_ite,13000,1.357797358333373,0.15804766948854762,10
DSIVI,8_gaussians_small,kl_ite,14000,1.3404304350522729,0.07036501953936132,10
DSIVI,8_gaussians_small,kl_ite,15000,1.2695515708968519,0.11203209904530581,10
DSIVI,8_gaussians_small,kl_ite,16000,1.2110300700820815,0.07155767536047006,10
DSIVI,8_gaussians_small,kl_ite,17000,1.2169717155614317,0.10737574478305134,10
DSIVI,8_gaussians_small,kl_ite,18000,1.1825149532986619,0.12557089743297,10
DSIVI,8_gaussians_small,kl_ite,19000,1.100849063290927,0.07980712613503181,10
DSIVI,8_gaussians_small,kl_ite,20000,1.1003634068088357,0.09752852583430485,10
DSIVI,8_gaussians_small,kl_ite,21000,1.0664918406176311,0.06509990963910622,10
DSIVI,8_gaussians_small,kl_ite,22000,1.0702819014360307,0.0870252042456465,10
DSIVI,8_gaussians_small,kl_ite,23000,1.011924385031262,0.06308611706603567,10
DSIVI,8_gaussians_small,kl_ite,24000,0.9978777243061708,0.05667401265131965,10
DSIVI,8_gaussians_small,kl_ite,25000,0.9835304792236302,0.0724339014772312,10
DSIVI,8_gaussians_small,kl_ite,26000,1.0057003397567814,0.07982031289682659,10
DSIVI,8_gaussians_small,kl_ite,27000,0.9934622416556842,0.11338551737044231,10
DSIVI,8_gaussians_small,kl_ite,28000,0.963685238376218,0.1078812669629653,10
DSIVI,8_gaussians_small,kl_ite,29000,0.9383580645783127,0.09259917108588613,10
DSIVI,8_gaussians_small,kl_ite,30000,0.9556014690727939,0.063699206286814,10
DSIVI,8_gaussians_small,kl_ite,31000,0.9038937707340958,0.08480030041281918,10
DSIVI,8_gaussians_small,kl_ite,32000,0.9242200945000862,0.13606186405756038,10
DSIVI,8_gaussians_small,kl_ite,33000,0.8871656225014146,0.0959447117237507,10
DSIVI,8_gaussians_small,kl_ite,34000,0.8811169316929119,0.11076610442420615,10
DSIVI,8_gaussians_small,kl_ite,35000,0.857367996804897,0.10623011437136609,10
DSIVI,8_gaussians_small,kl_ite,36000,0.8426757472669036,0.11680852513756233,10
DSIVI,8_gaussians_small,kl_ite,37000,0.8329444035601128,0.11209182931177772,10
DSIVI,8_gaussians_small,kl_ite,38000,0.840327523882206,0.12009239091358997,10
DSIVI,8_gaussians_small,kl_ite,39000,0.822731139941091,0.11114855178774008,10
DSIVI,8_gaussians_small,kl_ite,40000,0.8080680076753917,0.13047362066026985,10
DSIVI,8_gaussians_small,kl_ite,41000,0.8147871478936495,0.11102770205065313,10
DSIVI,8_gaussians_small,kl_ite,42000,0.7988847600683546,0.12327446053019911,10
DSIVI,8_gaussians_small,kl_ite,43000,0.8061314335330947,0.1211379018536647,10
DSIVI,8_gaussians_small,kl_ite,44000,0.7757832552869572,0.11316574419343071,10
DSIVI,8_gaussians_small,kl_ite,45000,0.7913212157909545,0.12754047316268455,10
DSIVI,8_gaussians_small,kl_ite,46000,0.7945504426823649,0.12704726202395522,10
DSIVI,8_gaussians_small,kl_ite,47000,0.7982752603168803,0.14080308894715365,10
DSIVI,8_gaussians_small,kl_ite,48000,0.7885630098561751,0.1328760031749187,10
DSIVI,8_gaussians_small,kl_ite,49000,0.783646175998825,0.1040267879802838,10
DSIVI,8_gaussians_small,kl_ite,50000,0.7913675214590131,0.1156081852798479,10
DSIVI,8_gaussians_small,kl_ite,51000,0.7793102022226587,0.13208541275139926,10
DSIVI,8_gaussians_small,kl_ite,52000,0.76738324536014,0.1303238158300449,10
DSIVI,8_gaussians_small,kl_ite,53000,0.763714386241087,0.12618713595551126,10
DSIVI,8_gaussians_small,kl_ite,54000,0.732434308626494,0.11322099272314119,10
DSIVI,8_gaussians_small,kl_ite,55000,0.7416585758098302,0.12174409448126636,10
DSIVI,8_gaussians_small,kl_ite,56000,0.7387045981362678,0.12791635807035218,10
DSIVI,8_gaussians_small,kl_ite,57000,0.7205555560960522,0.13901674127791858,10
DSIVI,8_gaussians_small,kl_ite,58000,0.7095548565024135,0.11314831551768699,10
DSIVI,8_gaussians_small,kl_ite,59000,0.7063368247731387,0.12130163569247403,10
DSIVI,8_gaussians_small,kl_ite,60000,0.71875100661591,0.13347772493473348,10
DSIVI,8_gaussians_small,kl_ite,61000,0.6944070950431325,0.13739668274722097,10
DSIVI,8_gaussians_small,kl_ite,62000,0.7175608374741144,0.15094107628155676,10
DSIVI,8_gaussians_small,kl_ite,63000,0.684155664220065,0.13903004931157154,10
DSIVI,8_gaussians_small,kl_ite,64000,0.6884618060950007,0.14106017733527834,10
DSIVI,8_gaussians_small,kl_ite,65000,0.6804425006222266,0.1176957365188708,10
DSIVI,8_gaussians_small,kl_ite,66000,0.6783923100933948,0.1502180406915726,10
DSIVI,8_gaussians_small,kl_ite,67000,0.6903999254605385,0.12958816882065913,10
DSIVI,8_gaussians_small,kl_ite,68000,0.6868361710609241,0.1442379992705479,10
DSIVI,8_gaussians_small,kl_ite,69000,0.6654122932983745,0.14854963575048097,10
DSIVI,8_gaussians_small,kl_ite,70000,0.681154071799471,0.1523623035313934,10
DSIVI,8_gaussians_small,kl_ite,71000,0.6785785448167034,0.16795439308759172,10
DSIVI,8_gaussians_small,kl_ite,72000,0.6650399089352105,0.1550993629127756,10
DSIVI,8_gaussians_small,kl_ite,73000,0.6756601447719166,0.14195970199874508,10
DSIVI,8_gaussians_small,kl_ite,74000,0.6716989022404942,0.1525099502281182,10
DSIVI,8_gaussians_small,kl_ite,75000,0.6669869710084109,0.1448631017257415,10
DSIVI,8_gaussians_small,kl_ite,76000,0.664263614858237,0.1409360269040728,10
DSIVI,8_gaussians_small,kl_ite,77000,0.6562294378381516,0.14020564794207538,10
DSIVI,8_gaussians_small,kl_ite,78000,0.659194880623895,0.13491569543055143,10
DSIVI,8_gaussians_small,kl_ite,79000,0.6572066463380788,0.14389227368215107,10
DSIVI,8_gaussians_small,kl_ite,80000,0.6544799206032315,0.13334648676501248,10
DSIVI,8_gaussians_small,kl_ite,81000,0.6390621625774606,0.15136709387076364,10
DSIVI,8_gaussians_small,kl_ite,82000,0.6402443578425164,0.1452500764041361,10
DSIVI,8_gaussians_small,kl_ite,83000,0.6510530808419788,0.14181350673044796,10
DSIVI,8_gaussians_small,kl_ite,84000,0.658537948985649,0.13818466729581355,10
DSIVI,8_gaussians_small,kl_ite,85000,0.6396937492935697,0.15123661082894674,10
DSIVI,8_gaussians_small,kl_ite,86000,0.6523057104499097,0.16053959657787722,10
DSIVI,8_gaussians_small,kl_ite,87000,0.6438845826458816,0.14705609407588857,10
DSIVI,8_gaussians_small,kl_ite,88000,0.6472144479166871,0.128145457634538,10
DSIVI,8_gaussians_small,kl_ite,89000,0.6390718663861337,0.14567294858122418,10
DSIVI,8_gaussians_small,kl_ite,90000,0.6364070240132425,0.14582979276946403,10
DSIVI,8_gaussians_small,kl_ite,91000,0.6437358381514973,0.15050773503438308,10
DSIVI,8_gaussians_small,kl_ite,92000,0.6341445410814844,0.14790420402322926,10
DSIVI,8_gaussians_small,kl_ite,93000,0.654294251157815,0.14857453880532717,10
DSIVI,8_gaussians_small,kl_ite,94000,0.6435433295337967,0.13833067290567394,10
DSIVI,8_gaussians_small,kl_ite,95000,0.6347538518608971,0.15113360212301974,10
DSIVI,8_gaussians_small,kl_ite,96000,0.6332811273934433,0.15669073555600646,10
DSIVI,8_gaussians_small,kl_ite,97000,0.6482786930747678,0.13408267022226297,10
DSIVI,8_gaussians_small,kl_ite,98000,0.6387921476339443,0.15915679948486702,10
DSIVI,8_gaussians_small,kl_ite,99000,0.6340516016108753,0.14197690350405212,10
DSIVI,8_gaussians_small,kl_ite,100000,0.6449293509282585,0.15827749421336432,10
KDVI,8_gaussians_small,kl_ite,5000,1.4378325967391417,0.27705895912993905,10
KDVI,8_gaussians_small,kl_ite,10000,1.0024718842249094,0.355083287939463,10
KDVI,8_gaussians_small,kl_ite,15000,0.7656763586690689,0.35831309415017487,10
KDVI,8_gaussians_small,kl_ite,20000,0.5545965589829085,0.38995453919208034,10
KDVI,8_gaussians_small,kl_ite,25000,0.4190916989066011,0.34031340700569246,10
KDVI,8_gaussians_small,kl_ite,30000,0.3185882403032204,0.3509602236018947,10
KDVI,8_gaussians_small,kl_ite,35000,0.27035677874670644,0.36259667662187767,10
KDVI,8_gaussians_small,kl_ite,40000,0.22400467135194346,0.33680665845564456,10
KDVI,8_gaussians_small,kl_ite,45000,0.21083141847223982,0.33906831039164614,10
KDVI,8_gaussians_small,kl_ite,50000,0.1964326083242387,0.33501873922397285,10
KDVI,8_gaussians_small,kl_ite,55000,0.18363230902710875,0.3386470126960985,10
KDVI,8_gaussians_small,kl_ite,60000,0.18773025366456647,0.3424953973573859,10
KDVI,8_gaussians_small,kl_ite,65000,0.1813987455321224,0.3465696440613967,10
KDVI,8_gaussians_small,kl_ite,70000,0.18312058064415093,0.3395217429966686,10
KDVI,8_gaussians_small,kl_ite,75000,0.18376025706794757,0.3581127881428129,10
KDVI,8_gaussians_small,kl_ite,80000,0.18078559281241152,0.3467655333123939,10
KDVI,8_gaussians_small,kl_ite,85000,0.17190904851553174,0.3485804356007334,10
KDVI,8_gaussians_small,kl_ite,90000,0.17657972038999178,0.34407129017224003,10
KDVI,8_gaussians_small,kl_ite,95000,0.17723619300131777,0.3558680300077122,10
KDVI,8_gaussians_small,kl_ite,100000,0.17223712256575424,0.35675114489141185,10
DSIVI,8_gaussians_small,w2,1000,0.21427065432071685,0.009084922602899398,10
DSIVI,8_gaussians_small,w2,2000,0.15218245908617972,0.025687249794538593,10
DSIVI,8_gaussians_small,w2,3000,0.11765758842229843,0.010593080941840492,10
DSIVI,8_gaussians_small,w2,4000,0.10298042595386506,0.01278358090666285,10
DSIVI,8_gaussians_small,w2,5000,0.09817806035280227,0.008239948151113551,10
DSIVI,8_gaussians_small,w2,6000,0.11836042702198028,0.02201408700725317,10
DSIVI,8_gaussians_small,w2,7000,0.1154226653277874,0.015075359777429133,10
DSIVI,8_gaussians_small,w2,8000,0.10635019764304161,0.016749855351302294,10
DSIVI,8_gaussians_small,w2,9000,0.1071096457540989,0.019577592908420694,10
DSIVI,8_gaussians_small,w2,10000,0.10033942088484764,0.015796507029017026,10
DSIVI,8_gaussians_small,w2,11000,0.09833150878548622,0.01887982042010969,10
DSIVI,8_gaussians_small,w2,12000,0.09939051792025566,0.022521830029204656,10
DSIVI,8_gaussians_small,w2,13000,0.09871327504515648,0.02080385736177107,10
DSIVI,8_gaussians_small,w2,14000,0.09669786393642425,0.015318007885715204,10
DSIVI,8_gaussians_small,w2,15000,0.09316933304071426,0.019532199436461926,10
DSIVI,8_gaussians_small,w2,16000,0.10280371755361557,0.02562993226609374,10
DSIVI,8_gaussians_small,w2,17000,0.11114461272954941,0.02077663476374411,10
DSIVI,8_gaussians_small,w2,18000,0.10971609279513359,0.029166871650486027,10
DSIVI,8_gaussians_small,w2,19000,0.09965905025601388,0.019546294896117845,10
DSIVI,8_gaussians_small,w2,20000,0.10675455331802368,0.022655604596728895,10
DSIVI,8_gaussians_small,w2,21000,0.11057158783078194,0.01751805889764009,10
DSIVI,8_gaussians_small,w2,22000,0.10590395629405976,0.028695935923219864,10
DSIVI,8_gaussians_small,w2,23000,0.11003184244036675,0.036496321066081694,10
DSIVI,8_gaussians_small,w2,24000,0.11520423740148544,0.02375982995663665,10
DSIVI,8_gaussians_small,w2,25000,0.11063668578863144,0.026339717602918197,10
DSIVI,8_gaussians_small,w2,26000,0.10835932344198226,0.03711806163050992,10
DSIVI,8_gaussians_small,w2,27000,0.11141633614897728,0.03752422350464576,10
DSIVI,8_gaussians_small,w2,28000,0.11447126492857933,0.04000584805396095,10
DSIVI,8_gaussians_small,w2,29000,0.11176106929779053,0.039047552416471766,10
DSIVI,8_gaussians_small,w2,30000,0.12249338328838348,0.043511123090209075,10
DSIVI,8_gaussians_small,w2,31000,0.12158502191305161,0.03834496649090766,10
DSIVI,8_gaussians_small,w2,32000,0.12231172621250153,0.034030541851262884,10
DSIVI,8_gaussians_small,w2,33000,0.12679683566093444,0.033375546163675766,10
DSIVI,8_gaussians_small,w2,34000,0.13307461738586426,0.03695404691829141,10
DSIVI,8_gaussians_small,w2,35000,0.13132336735725403,0.031268652634076056,10
DSIVI,8_gaussians_small,w2,36000,0.13442335277795792,0.036931893384746194,10
DSIVI,8_gaussians_small,w2,37000,0.14239658117294313,0.03589324038350702,10
DSIVI,8_gaussians_small,w2,38000,0.15360659137368202,0.035188507793690066,10
DSIVI,8_gaussians_small,w2,39000,0.15260318219661712,0.032416684016899774,10
DSIVI,8_gaussians_small,w2,40000,0.15873738899827003,0.03261476395399078,10
DSIVI,8_gaussians_small,w2,41000,0.14874975234270096,0.03689390831437961,10
DSIVI,8_gaussians_small,w2,42000,0.15550315082073213,0.04606850611347171,10
DSIVI,8_gaussians_small,w2,43000,0.16449383348226548,0.04160191667377427,10
DSIVI,8_gaussians_small,w2,44000,0.16873934864997864,0.03937874289473995,10
DSIVI,8_gaussians_small,w2,45000,0.16804268211126328,0.04288006525683289,10
DSIVI,8_gaussians_small,w2,46000,0.1702206552028656,0.04753094243915877,10
DSIVI,8_gaussians_small,w2,47000,0.1696813091635704,0.03897018435336103,10
DSIVI,8_gaussians_small,w2,48000,0.1766962192952633,0.045063063660457287,10
DSIVI,8_gaussians_small,w2,49000,0.17798453643918039,0.047340936592443275,10
DSIVI,8_gaussians_small,w2,50000,0.18680516481399537,0.04860534132793214,10
DSIVI,8_gaussians_small,w2,51000,0.18727692514657973,0.04337959244056085,10
DSIVI,8_gaussians_small,w2,52000,0.18706688433885574,0.04216219510693587,10
DSIVI,8_gaussians_small,w2,53000,0.19096749573945998,0.041371843172417586,10
DSIVI,8_gaussians_small,w2,54000,0.19270018935203553,0.037290372582946985,10
DSIVI,8_gaussians_small,w2,55000,0.19652553647756577,0.03849896113347341,10
DSIVI,8_gaussians_small,w2,56000,0.1960035026073456,0.038847189966058016,10
DSIVI,8_gaussians_small,w2,57000,0.19858312755823135,0.0369119680497716,10
DSIVI,8_gaussians_small,w2,58000,0.2028518170118332,0.047083187301692274,10
DSIVI,8_gaussians_small,w2,59000,0.2017187550663948,0.04665576687859242,10
DSIVI,8_gaussians_small,w2,60000,0.20901108235120774,0.04189322030261834,10
DSIVI,8_gaussians_small,w2,61000,0.20620701014995574,0.04409177319861119,10
DSIVI,8_gaussians_small,w2,62000,0.21178545653820038,0.040926601072286635,10
DSIVI,8_gaussians_small,w2,63000,0.21106503903865814,0.04092202216405955,10
DSIVI,8_gaussians_small,w2,64000,0.2123653307557106,0.0445972589787198,10
DSIVI,8_gaussians_small,w2,65000,0.2103998064994812,0.04469953533721339,10
DSIVI,8_gaussians_small,w2,66000,0.20930804908275605,0.03960801134803045,10
DSIVI,8_gaussians_small,w2,67000,0.20808081775903703,0.03531333920328574,10
DSIVI,8_gaussians_small,w2,68000,0.21159980595111846,0.04351565301263367,10
DSIVI,8_gaussians_small,w2,69000,0.21744195073843003,0.04389788314572784,10
DSIVI,8_gaussians_small,w2,70000,0.21337147206068038,0.039081159344224854,10
DSIVI,8_gaussians_small,w2,71000,0.21298149675130845,0.04505270878968549,10
DSIVI,8_gaussians_small,w2,72000,0.2162713661789894,0.03908350599242771,10
DSIVI,8_gaussians_small,w2,73000,0.21666493117809296,0.04251499768080399,10
DSIVI,8_gaussians_small,w2,74000,0.21799295097589494,0.043598676178513485,10
DSIVI,8_gaussians_small,w2,75000,0.21934150904417038,0.0452379471495571,10
DSIVI,8_gaussians_small,w2,76000,0.21827543079853057,0.04533795255802822,10
DSIVI,8_gaussians_small,w2,77000,0.21854898929595948,0.04471757685969713,10
DSIVI,8_gaussians_small,w2,78000,0.22066114991903304,0.044606187898743224,10
DSIVI,8_gaussians_small,w2,79000,0.22100084125995637,0.04526719813502882,10
DSIVI,8_gaussians_small,w2,80000,0.2230176344513893,0.04714883273348048,10
DSIVI,8_gaussians_small,w2,81000,0.22830483913421631,0.044870982896391486,10
DSIVI,8_gaussians_small,w2,82000,0.22584938406944274,0.04462255212263195,10
DSIVI,8_gaussians_small,w2,83000,0.22938438206911088,0.04811953679162973,10
DSIVI,8_gaussians_small,w2,84000,0.2322878897190094,0.052532441608370596,10
DSIVI,8_gaussians_small,w2,85000,0.2310130402445793,0.050716031775379686,10
DSIVI,8_gaussians_small,w2,86000,0.23104591965675353,0.051059338256667405,10
DSIVI,8_gaussians_small,w2,87000,0.23644931763410568,0.051938387778872094,10
DSIVI,8_gaussians_small,w2,88000,0.23070185035467147,0.0520204065743312,10
DSIVI,8_gaussians_small,w2,89000,0.23639178276062012,0.052859075750952694,10
DSIVI,8_gaussians_small,w2,90000,0.233908973634243,0.0545047683696806,10
DSIVI,8_gaussians_small,w2,91000,0.23422361463308333,0.05345494180763551,10
DSIVI,8_gaussians_small,w2,92000,0.2303505763411522,0.0522999529558451,10
DSIVI,8_gaussians_small,w2,93000,0.23524875342845916,0.049249497678964665,10
DSIVI,8_gaussians_small,w2,94000,0.23923888504505159,0.051579834885383584,10
DSIVI,8_gaussians_small,w2,95000,0.23806193023920058,0.05292918514725732,10
DSIVI,8_gaussians_small,w2,96000,0.23493683189153672,0.04974043910664986,10
DSIVI,8_gaussians_small,w2,97000,0.23447253406047822,0.05526921447069786,10
DSIVI,8_gaussians_small,w2,98000,0.24351508021354676,0.05506018858027109,10
DSIVI,8_gaussians_small,w2,99000,0.24344602972269058,0.05770634147807118,10
DSIVI,8_gaussians_small,w2,100000,0.24101483821868896,0.049597391341285525,10
KDVI,8_gaussians_small,w2,5000,0.13873519971966744,0.02454093812687024,10
KDVI,8_gaussians_small,w2,10000,0.10419188141822815,0.03022058698581217,10
KDVI,8_gaussians_small,w2,15000,0.09392984062433243,0.03512513372873049,10
KDVI,8_gaussians_small,w2,20000,0.0816328190267086,0.042123611399940586,10
KDVI,8_gaussians_small,w2,25000,0.0834353506565094,0.0477002798413022,10
KDVI,8_gaussians_small,w2,30000,0.0868658721446991,0.052283162750468445,10
KDVI,8_gaussians_small,w2,35000,0.10050414018332958,0.05573975609938316,10
KDVI,8_gaussians_small,w2,40000,0.10950289443135261,0.0655115138443417,10
KDVI,8_gaussians_small,w2,45000,0.11560470461845399,0.07022326217794903,10
KDVI,8_gaussians_small,w2,50000,0.12233992591500283,0.07428775419978444,10
KDVI,8_gaussians_small,w2,55000,0.1287690170109272,0.08126669726163406,10
KDVI,8_gaussians_small,w2,60000,0.13075321689248084,0.08274650402061727,10
KDVI,8_gaussians_small,w2,65000,0.13335367999970912,0.08871862407750108,10
KDVI,8_gaussians_small,w2,70000,0.13123160898685454,0.0863232418293014,10
KDVI,8_gaussians_small,w2,75000,0.13385064378380776,0.09278767716198791,10
KDVI,8_gaussians_small,w2,80000,0.1370461955666542,0.0935232302779368,10
KDVI,8_gaussians_small,w2,85000,0.13494350612163544,0.09079603639868351,10
KDVI,8_gaussians_small,w2,90000,0.1370436828583479,0.09772646017671738,10
KDVI,8_gaussians_small,w2,95000,0.13608729988336563,0.08978664422608947,10
KDVI,8_gaussians_small,w2,100000,0.13777673318982125,0.09179730116380723,10
DSIVI,Langevin_post,elbo,1000,-282.60625610351565,7.0646760623986316,10
DSIVI,Langevin_post,elbo,2000,-298.3341918945313,2.830088357136869,10
DSIVI,Langevin_post,elbo,3000,-316.2966339111328,9.895848112748324,10
DSIVI,Langevin_post,elbo,4000,-315.7976928710938,6.137706654424446,10
DSIVI,Langevin_post,elbo,5000,-301.8091796875,3.069599050175347,10
DSIVI,Langevin_post,elbo,6000,-288.5410949707031,2.8863266065047446,10
DSIVI,Langevin_post,elbo,7000,-277.58335571289064,2.9369363165471123,10
DSIVI,Langevin_post,elbo,8000,-266.2274444580078,2.0189392297646043,10
DSIVI,Langevin_post,elbo,9000,-256.8740539550781,3.2396821138049656,10
DSIVI,Langevin_post,elbo,10000,-248.76775665283202,1.9471890741932916,10
DSIVI,Langevin_post,elbo,11000,-242.32275390625,1.3656259595215385,10
DSIVI,Langevin_post,elbo,12000,-236.50608673095704,1.2086031218903317,10
DSIVI,Langevin_post,elbo,13000,-231.22286834716797,0.7977743787670365,10
DSIVI,Langevin_post,elbo,14000,-226.54827575683595,1.188786545347623,10
DSIVI,Langevin_post,elbo,15000,-222.05705718994142,0.9895717097070836,10
DSIVI,Langevin_post,elbo,16000,-218.61038360595703,1.0187278236354544,10
DSIVI,Langevin_post,elbo,17000,-215.5987991333008,1.556433254139204,10
DSIVI,Langevin_post,elbo,18000,-212.72242736816406,1.813010266039413,10
DSIVI,Langevin_post,elbo,19000,-209.90985412597655,1.5239061634363178,10
DSIVI,Langevin_post,elbo,20000,-207.80877227783202,1.4038358920488434,10
DSIVI,Langevin_post,elbo,21000,-205.0657485961914,1.1500392436919296,10
DSIVI,Langevin_post,elbo,22000,-203.48787689208984,0.7201748960177814,10
DSIVI,Langevin_post,elbo,23000,-202.0941909790039,1.0968077915523133,10
DSIVI,Langevin_post,elbo,24000,-200.67467803955077,0.6265218804519839,10
DSIVI,Langevin_post,elbo,25000,-199.28478546142577,0.8204898403502157,10
DSIVI,Langevin_post,elbo,26000,-198.1270782470703,0.7785305923417305,10
DSIVI,Langevin_post,elbo,27000,-197.06136016845704,0.6302624023628658,10
DSIVI,Langevin_post,elbo,28000,-196.25448608398438,0.8314540096727958,10
DSIVI,Langevin_post,elbo,29000,-195.75929107666016,1.0264558799780297,10
DSIVI,Langevin_post,elbo,30000,-194.96695709228516,0.6652106932595517,10
DSIVI,Langevin_post,elbo,31000,-193.9309280395508,0.6991211897054158,10
DSIVI,Langevin_post,elbo,32000,-193.36976013183593,0.9742622566718282,10
DSIVI,Langevin_post,elbo,33000,-193.03272552490233,0.8769321209345196,10
DSIVI,Langevin_post,elbo,34000,-192.13038940429686,0.7526222275785452,10
DSIVI,Langevin_post,elbo,35000,-191.91547393798828,0.7936818447088402,10
DSIVI,Langevin_post,elbo,36000,-191.63585662841797,0.8794358761179174,10
DSIVI,Langevin_post,elbo,37000,-191.3770721435547,0.7205720795271634,10
DSIVI,Langevin_post,elbo,38000,-190.83215789794923,0.6410664762231343,10
DSIVI,Langevin_post,elbo,39000,-190.75226440429688,0.6085944603295039,10
DSIVI,Langevin_post,elbo,40000,-190.6068145751953,0.6474819894263858,10
DSIVI,Langevin_post,elbo,41000,-190.18768310546875,0.7974681251282547,10
DSIVI,Langevin_post,elbo,42000,-189.77422485351562,0.680728335723295,10
DSIVI,Langevin_post,elbo,43000,-189.78240203857422,0.7210501892313675,10
DSIVI,Langevin_post,elbo,44000,-189.67323150634766,0.7805507879242393,10
DSIVI,Langevin_post,elbo,45000,-189.43327789306642,0.5356928809280335,10
DSIVI,Langevin_post,elbo,46000,-189.38103179931642,0.6342832337301637,10
DSIVI,Langevin_post,elbo,47000,-189.5474105834961,0.7525692842319038,10
DSIVI,Langevin_post,elbo,48000,-189.56561279296875,0.6149023615068724,10
DSIVI,Langevin_post,elbo,49000,-189.8300567626953,0.655656519182535,10
DSIVI,Langevin_post,elbo,50000,-189.91303253173828,0.5766778550418393,10
DSIVI,Langevin_post,elbo,51000,-190.1059799194336,0.7839440537743557,10
DSIVI,Langevin_post,elbo,52000,-190.4266830444336,0.9411964330655381,10
DSIVI,Langevin_post,elbo,53000,-190.63003387451172,1.0123503163471441,10
DSIVI,Langevin_post,elbo,54000,-190.82314910888672,0.8895554325981607,10
DSIVI,Langevin_post,elbo,55000,-191.17991638183594,0.8583683298680373,10
DSIVI,Langevin_post,elbo,56000,-191.4186767578125,0.8931791317188965,10
DSIVI,Langevin_post,elbo,57000,-191.727685546875,0.9891547900999079,10
DSIVI,Langevin_post,elbo,58000,-191.9390426635742,0.8488390290406185,10
DSIVI,Langevin_post,elbo,59000,-191.97740936279297,0.8070071618030058,10
DSIVI,Langevin_post,elbo,60000,-192.38302001953124,0.9567024818930747,10
DSIVI,Langevin_post,elbo,61000,-192.35872955322264,1.039656455123795,10
DSIVI,Langevin_post,elbo,62000,-192.5637405395508,0.8740182315252828,10
DSIVI,Langevin_post,elbo,63000,-192.8640563964844,0.9283941061360952,10
DSIVI,Langevin_post,elbo,64000,-192.9374221801758,0.9586273884817522,10
DSIVI,Langevin_post,elbo,65000,-193.1086441040039,0.8476445122427789,10
DSIVI,Langevin_post,elbo,66000,-193.211279296875,0.9241010528205991,10
DSIVI,Langevin_post,elbo,67000,-193.26893768310546,0.9034093187044835,10
DSIVI,Langevin_post,elbo,68000,-193.62930603027343,0.9633096767603585,10
DSIVI,Langevin_post,elbo,69000,-193.6603790283203,0.9020382563975178,10
DSIVI,Langevin_post,elbo,70000,-193.82735290527344,0.8861276182517063,10
DSIVI,Langevin_post,elbo,71000,-193.8551513671875,0.8997290946604015,10
DSIVI,Langevin_post,elbo,72000,-194.0453643798828,0.9166859844921729,10
DSIVI,Langevin_post,elbo,73000,-194.18228912353516,0.8520010888223319,10
DSIVI,Langevin_post,elbo,74000,-194.23875579833984,0.9138466135236476,10
DSIVI,Langevin_post,elbo,75000,-194.358154296875,0.8594221401711605,10
DSIVI,Langevin_post,elbo,76000,-194.4232635498047,0.9403997418477554,10
DSIVI,Langevin_post,elbo,77000,-194.61627655029298,1.0361317622505246,10
DSIVI,Langevin_post,elbo,78000,-194.728125,1.02353592195428,10
DSIVI,Langevin_post,elbo,79000,-194.8462890625,0.9685355256683809,10
DSIVI,Langevin_post,elbo,80000,-194.9666976928711,1.0000088991162546,10
DSIVI,Langevin_post,elbo,81000,-195.01746215820313,1.0064813308812801,10
DSIVI,Langevin_post,elbo,82000,-195.16312103271486,1.027663415629172,10
DSIVI,Langevin_post,elbo,83000,-195.24391479492186,1.0979762441170084,10
DSIVI,Langevin_post,elbo,84000,-195.31390686035155,1.0379892997811737,10
DSIVI,Langevin_post,elbo,85000,-195.39896545410156,1.0315186693433933,10
DSIVI,Langevin_post,elbo,86000,-195.43838500976562,1.0403422632307753,10
DSIVI,Langevin_post,elbo,87000,-195.50896759033202,1.0805314577383827,10
DSIVI,Langevin_post,elbo,88000,-195.63227081298828,1.038101038859593,10
DSIVI,Langevin_post,elbo,89000,-195.73212127685548,1.0190174176717226,10
DSIVI,Langevin_post,elbo,90000,-195.78693695068358,1.0260360263485995,10
DSIVI,Langevin_post,elbo,91000,-195.78921813964843,0.9909825537906143,10
DSIVI,Langevin_post,elbo,92000,-195.8283432006836,0.9973141449622236,10
DSIVI,Langevin_post,elbo,93000,-195.85043334960938,1.046885083564743,10
DSIVI,Langevin_post,elbo,94000,-195.9198257446289,1.0578946739944077,10
DSIVI,Langevin_post,elbo,95000,-196.0086471557617,1.0269494368695096,10
DSIVI,Langevin_post,elbo,96000,-196.03209075927734,1.08944467201012,10
DSIVI,Langevin_post,elbo,97000,-196.16787567138672,1.0353394996802214,10
DSIVI,Langevin_post,elbo,98000,-196.15501708984374,1.009389140525744,10
DSIVI,Langevin_post,elbo,99000,-196.29218597412108,1.0156000034669965,10
DSIVI,Langevin_post,elbo,100000,-196.21236114501954,1.0679647922483722,10
KDVI,Langevin_post,elbo,5000,-536.6268310546875,2.633603889079631,10
KDVI,Langevin_post,elbo,10000,-383.8339111328125,2.7504744784627717,10
KDVI,Langevin_post,elbo,15000,-307.3303741455078,2.035361554500542,10
KDVI,Langevin_post,elbo,20000,-264.5197479248047,1.5142397066005087,10
KDVI,Langevin_post,elbo,25000,-238.98631744384767,1.135208365623036,10
KDVI,Langevin_post,elbo,30000,-222.05941162109374,0.9777632921815969,10
KDVI,Langevin_post,elbo,35000,-210.32018432617187,0.8427771016298222,10
KDVI,Langevin_post,elbo,40000,-201.95570220947266,0.501252091557819,10
KDVI,Langevin_post,elbo,45000,-195.9691940307617,0.49648915786177256,10
KDVI,Langevin_post,elbo,50000,-191.9100326538086,0.22432265587933362,10
KDVI,Langevin_post,elbo,55000,-191.3595413208008,0.29978441229988595,10
KDVI,Langevin_post,elbo,60000,-191.30664672851563,0.2355432492831667,10
KDVI,Langevin_post,elbo,65000,-191.01910858154298,0.2445168287133674,10
KDVI,Langevin_post,elbo,70000,-191.0315368652344,0.231512349918601,10
KDVI,Langevin_post,elbo,75000,-190.9709213256836,0.23759501417049067,10
KDVI,Langevin_post,elbo,80000,-190.92447662353516,0.3481415703625217,10
KDVI,Langevin_post,elbo,85000,-190.9788848876953,0.2049699409420176,10
KDVI,Langevin_post,elbo,90000,-190.94266662597656,0.22434615133713376,10
KDVI,Langevin_post,elbo,95000,-190.86184997558593,0.2771115021620668,10
KDVI,Langevin_post,elbo,100000,-190.87147064208983,0.2657287478269601,10
DSIVI,Langevin_post,kde_expected_log_marginal,1000,59.46128921508789,3.5408810647681577,10
DSIVI,Langevin_post,kde_expected_log_marginal,2000,59.53512954711914,1.7181707162082767,10
DSIVI,Langevin_post,kde_expected_log_marginal,3000,51.04140205383301,4.542418215139677,10
DSIVI,Langevin_post,kde_expected_log_marginal,4000,46.45249938964844,4.127400947774328,10
DSIVI,Langevin_post,kde_expected_log_marginal,5000,50.23596839904785,1.7879568172178495,10
DSIVI,Langevin_post,kde_expected_log_marginal,6000,52.30627517700195,1.8777331476564314,10
DSIVI,Langevin_post,kde_expected_log_marginal,7000,53.64648284912109,2.02135936475124,10
DSIVI,Langevin_post,kde_expected_log_marginal,8000,55.02879867553711,1.5320329627586389,10
DSIVI,Langevin_post,kde_expected_log_marginal,9000,56.25794715881348,1.405617559308896,10
DSIVI,Langevin_post,kde_expected_log_marginal,10000,57.31612434387207,1.0065479898464404,10
DSIVI,Langevin_post,kde_expected_log_marginal,11000,58.852490234375,0.8675788143528339,10
DSIVI,Langevin_post,kde_expected_log_marginal,12000,60.193009567260745,0.7677948269910426,10
DSIVI,Langevin_post,kde_expected_log_marginal,13000,61.4173698425293,0.6703711045075867,10
DSIVI,Langevin_post,kde_expected_log_marginal,14000,62.515892791748044,0.8160207543990804,10
DSIVI,Langevin_post,kde_expected_log_marginal,15000,63.96856269836426,0.7342877633668862,10
DSIVI,Langevin_post,kde_expected_log_marginal,16000,64.71686782836915,0.5037800488027764,10
DSIVI,Langevin_post,kde_expected_log_marginal,17000,65.79340515136718,0.8662607518183741,10
DSIVI,Langevin_post,kde_expected_log_marginal,18000,66.50341567993163,0.7293936725454582,10
DSIVI,Langevin_post,kde_expected_log_marginal,19000,67.52170486450196,0.6489643366151692,10
DSIVI,Langevin_post,kde_expected_log_marginal,20000,68.22838439941407,0.6438870871165658,10
DSIVI,Langevin_post,kde_expected_log_marginal,21000,69.4121940612793,0.4649991269545486,10
DSIVI,Langevin_post,kde_expected_log_marginal,22000,69.99894104003906,0.3351801505964624,10
DSIVI,Langevin_post,kde_expected_log_marginal,23000,70.48356857299805,0.41937605116020654,10
DSIVI,Langevin_post,kde_expected_log_marginal,24000,71.12198181152344,0.23478952230185712,10
DSIVI,Langevin_post,kde_expected_log_marginal,25000,71.66181182861328,0.4517839469895229,10
DSIVI,Langevin_post,kde_expected_log_marginal,26000,72.22882843017578,0.3752118499867021,10
DSIVI,Langevin_post,kde_expected_log_marginal,27000,72.54775695800781,0.4102568221349918,10
DSIVI,Langevin_post,kde_expected_log_marginal,28000,72.96371841430664,0.36831413152234843,10
DSIVI,Langevin_post,kde_expected_log_marginal,29000,73.11880722045899,0.380938732168772,10
DSIVI,Langevin_post,kde_expected_log_marginal,30000,73.20307388305665,0.3293405154141856,10
DSIVI,Langevin_post,kde_expected_log_marginal,31000,73.8838623046875,0.22358107304367578,10
DSIVI,Langevin_post,kde_expected_log_marginal,32000,73.9840072631836,0.28848143105311064,10
DSIVI,Langevin_post,kde_expected_log_marginal,33000,74.03694763183594,0.4039489404981943,10
DSIVI,Langevin_post,kde_expected_log_marginal,34000,74.29130172729492,0.19270514238601652,10
DSIVI,Langevin_post,kde_expected_log_marginal,35000,74.42207183837891,0.1723600971205798,10
DSIVI,Langevin_post,kde_expected_log_marginal,36000,74.36701812744141,0.20129113798443665,10
DSIVI,Langevin_post,kde_expected_log_marginal,37000,74.31923751831054,0.2646284330060375,10
DSIVI,Langevin_post,kde_expected_log_marginal,38000,74.41501159667969,0.24090890225414233,10
DSIVI,Langevin_post,kde_expected_log_marginal,39000,74.4020393371582,0.3106384877888591,10
DSIVI,Langevin_post,kde_expected_log_marginal,40000,74.32638626098633,0.15423220413299843,10
DSIVI,Langevin_post,kde_expected_log_marginal,41000,74.46581802368163,0.15509236868531695,10
DSIVI,Langevin_post,kde_expected_log_marginal,42000,74.33523941040039,0.27129501378590304,10
DSIVI,Langevin_post,kde_expected_log_marginal,43000,74.2613296508789,0.39990167717366354,10
DSIVI,Langevin_post,kde_expected_log_marginal,44000,74.12408905029297,0.37042996648131266,10
DSIVI,Langevin_post,kde_expected_log_marginal,45000,73.9962158203125,0.46323674338069937,10
DSIVI,Langevin_post,kde_expected_log_marginal,46000,73.71423797607422,0.41208529199847344,10
DSIVI,Langevin_post,kde_expected_log_marginal,47000,73.50567779541015,0.39803094173952963,10
DSIVI,Langevin_post,kde_expected_log_marginal,48000,73.33084640502929,0.45643232244974347,10
DSIVI,Langevin_post,kde_expected_log_marginal,49000,73.14865570068359,0.522661212922884,10
DSIVI,Langevin_post,kde_expected_log_marginal,50000,72.93793563842773,0.8096520266352635,10
DSIVI,Langevin_post,kde_expected_log_marginal,51000,73.06730194091797,0.8313166054900346,10
DSIVI,Langevin_post,kde_expected_log_marginal,52000,73.24161758422852,0.7184343208789353,10
DSIVI,Langevin_post,kde_expected_log_marginal,53000,73.13779678344727,0.6739413357126641,10
DSIVI,Langevin_post,kde_expected_log_marginal,54000,73.17044982910156,0.7998030006228909,10
DSIVI,Langevin_post,kde_expected_log_marginal,55000,73.28050079345704,0.7003311435274046,10
DSIVI,Langevin_post,kde_expected_log_marginal,56000,73.34181213378906,0.6745944067942119,10
DSIVI,Langevin_post,kde_expected_log_marginal,57000,73.51565246582031,0.7188516615183819,10
DSIVI,Langevin_post,kde_expected_log_marginal,58000,73.4782958984375,0.8216825187662816,10
DSIVI,Langevin_post,kde_expected_log_marginal,59000,73.57019424438477,0.6695293822148884,10
DSIVI,Langevin_post,kde_expected_log_marginal,60000,73.71616439819336,0.7496704339807236,10
DSIVI,Langevin_post,kde_expected_log_marginal,61000,73.85077590942383,0.6595207417842467,10
DSIVI,Langevin_post,kde_expected_log_marginal,62000,74.00924377441406,0.5750498718469166,10
DSIVI,Langevin_post,kde_expected_log_marginal,63000,74.07301177978516,0.46577000022496334,10
DSIVI,Langevin_post,kde_expected_log_marginal,64000,74.17716598510742,0.4606340065544274,10
DSIVI,Langevin_post,kde_expected_log_marginal,65000,74.26393585205078,0.4130344869264061,10
DSIVI,Langevin_post,kde_expected_log_marginal,66000,74.30417022705078,0.36736056649353205,10
DSIVI,Langevin_post,kde_expected_log_marginal,67000,74.31283187866211,0.3380502111411495,10
DSIVI,Langevin_post,kde_expected_log_marginal,68000,74.37120132446289,0.35691631152611064,10
DSIVI,Langevin_post,kde_expected_log_marginal,69000,74.35844192504882,0.4748787326546988,10
DSIVI,Langevin_post,kde_expected_log_marginal,70000,74.40663528442383,0.3398721779476144,10
DSIVI,Langevin_post,kde_expected_log_marginal,71000,74.50183334350587,0.36720048079647094,10
DSIVI,Langevin_post,kde_expected_log_marginal,72000,74.5249526977539,0.3098897785442073,10
DSIVI,Langevin_post,kde_expected_log_marginal,73000,74.5901885986328,0.25094779277876544,10
DSIVI,Langevin_post,kde_expected_log_marginal,74000,74.63022155761719,0.2890594324969056,10
DSIVI,Langevin_post,kde_expected_log_marginal,75000,74.69270248413086,0.24037362061626338,10
DSIVI,Langevin_post,kde_expected_log_marginal,76000,74.72881546020508,0.22953839840223578,10
DSIVI,Langevin_post,kde_expected_log_marginal,77000,74.74694900512695,0.23692007410577315,10
DSIVI,Langevin_post,kde_expected_log_marginal,78000,74.79015502929687,0.19406501893193065,10
DSIVI,Langevin_post,kde_expected_log_marginal,79000,74.80120849609375,0.18150967952019034,10
DSIVI,Langevin_post,kde_expected_log_marginal,80000,74.82222900390624,0.21115096820702542,10
DSIVI,Langevin_post,kde_expected_log_marginal,81000,74.90924758911133,0.17054471782962619,10
DSIVI,Langevin_post,kde_expected_log_marginal,82000,74.92945861816406,0.16990035963441544,10
DSIVI,Langevin_post,kde_expected_log_marginal,83000,74.93993072509765,0.16096305760454074,10
DSIVI,Langevin_post,kde_expected_log_marginal,84000,74.948828125,0.18690835765121247,10
DSIVI,Langevin_post,kde_expected_log_marginal,85000,74.94614181518554,0.19343608748562208,10
DSIVI,Langevin_post,kde_expected_log_marginal,86000,74.95919265747071,0.22455047290763847,10
DSIVI,Langevin_post,kde_expected_log_marginal,87000,74.99863739013672,0.15949617116978942,10
DSIVI,Langevin_post,kde_expected_log_marginal,88000,75.03659439086914,0.1375862817588972,10
DSIVI,Langevin_post,kde_expected_log_marginal,89000,75.03109512329101,0.1520946716469287,10
DSIVI,Langevin_post,kde_expected_log_marginal,90000,75.05575180053711,0.13661762587972853,10
DSIVI,Langevin_post,kde_expected_log_marginal,91000,75.07589416503906,0.12640627910746483,10
DSIVI,Langevin_post,kde_expected_log_marginal,92000,75.08561248779297,0.12157780885918164,10
DSIVI,Langevin_post,kde_expected_log_marginal,93000,75.08807220458985,0.1294496227440547,10
DSIVI,Langevin_post,kde_expected_log_marginal,94000,75.08384628295899,0.10008002868044537,10
DSIVI,Langevin_post,kde_expected_log_marginal,95000,75.11317749023438,0.10332029636756025,10
DSIVI,Langevin_post,kde_expected_log_marginal,96000,75.10157165527343,0.09873806226397658,10
DSIVI,Langevin_post,kde_expected_log_marginal,97000,75.10325164794922,0.14824012560123215,10
DSIVI,Langevin_post,kde_expected_log_marginal,98000,75.14472961425781,0.0625392858438201,10
DSIVI,Langevin_post,kde_expected_log_marginal,99000,75.11910476684571,0.10542720737956629,10
DSIVI,Langevin_post,kde_expected_log_marginal,100000,75.15112228393555,0.05473394109036707,10
KDVI,Langevin_post,kde_expected_log_marginal,5000,32.60900707244873,0.7600549467549248,10
KDVI,Langevin_post,kde_expected_log_marginal,10000,47.53167915344238,0.3908610856386035,10
KDVI,Langevin_post,kde_expected_log_marginal,15000,55.723797988891604,0.37946359028094695,10
KDVI,Langevin_post,kde_expected_log_marginal,20000,61.583527374267575,0.2611258256756894,10
KDVI,Langevin_post,kde_expected_log_marginal,25000,65.89557113647462,0.27040851840215585,10
KDVI,Langevin_post,kde_expected_log_marginal,30000,69.05914611816407,0.19057596796039034,10
KDVI,Langevin_post,kde_expected_log_marginal,35000,71.30689544677735,0.1277914324522868,10
KDVI,Langevin_post,kde_expected_log_marginal,40000,72.9874656677246,0.13169098789060044,10
KDVI,Langevin_post,kde_expected_log_marginal,45000,74.1201271057129,0.0667351253808056,10
KDVI,Langevin_post,kde_expected_log_marginal,50000,74.78917770385742,0.04585610776456165,10
KDVI,Langevin_post,kde_expected_log_marginal,55000,74.75922470092773,0.0534609846919253,10
KDVI,Langevin_post,kde_expected_log_marginal,60000,74.74734039306641,0.03086378436402614,10
KDVI,Langevin_post,kde_expected_log_marginal,65000,74.7547622680664,0.0472847675586066,10
KDVI,Langevin_post,kde_expected_log_marginal,70000,74.75003509521484,0.04623190132698847,10
KDVI,Langevin_post,kde_expected_log_marginal,75000,74.74827651977539,0.053982245902768934,10
KDVI,Langevin_post,kde_expected_log_marginal,80000,74.74788131713868,0.04173007750169257,10
KDVI,Langevin_post,kde_expected_log_marginal,85000,74.73992004394532,0.039108160902431424,10
KDVI,Langevin_post,kde_expected_log_marginal,90000,74.75183639526367,0.04016570510815811,10
KDVI,Langevin_post,kde_expected_log_marginal,95000,74.75167770385742,0.040245449222937026,10
KDVI,Langevin_post,kde_expected_log_marginal,100000,74.75597076416015,0.03649637445868694,10
DSIVI,Langevin_post,w2,1000,0.0707723069936037,0.012694573310119093,10
DSIVI,Langevin_post,w2,2000,0.0682496927678585,0.006082749758590766,10
DSIVI,Langevin_post,w2,3000,0.09617157652974129,0.015503721890654663,10
DSIVI,Langevin_post,w2,4000,0.11151704713702201,0.013391499002415508,10
DSIVI,Langevin_post,w2,5000,0.09781234487891197,0.005349534299624031,10
DSIVI,Langevin_post,w2,6000,0.0908606469631195,0.006146606215650203,10
DSIVI,Langevin_post,w2,7000,0.08699454888701438,0.007288013168658329,10
DSIVI,Langevin_post,w2,8000,0.08238164260983467,0.004967731819079084,10
DSIVI,Langevin_post,w2,9000,0.07879247143864632,0.0044047130701368635,10
DSIVI,Langevin_post,w2,10000,0.07580901309847832,0.003220725949639642,10
DSIVI,Langevin_post,w2,11000,0.07055382281541825,0.002913510388538486,10
DSIVI,Langevin_post,w2,12000,0.06670262888073922,0.0026847025403086014,10
DSIVI,Langevin_post,w2,13000,0.06273334808647632,0.0020823127434767288,10
DSIVI,Langevin_post,w2,14000,0.05997688621282578,0.003101295515807629,10
DSIVI,Langevin_post,w2,15000,0.05502931848168373,0.0026602103934605797,10
DSIVI,Langevin_post,w2,16000,0.053023646399378774,0.0016047285407539745,10
DSIVI,Langevin_post,w2,17000,0.04988111332058907,0.0036247363902459184,10
DSIVI,Langevin_post,w2,18000,0.04758642427623272,0.0027757910764934727,10
DSIVI,Langevin_post,w2,19000,0.043877541273832324,0.002535847321605297,10
DSIVI,Langevin_post,w2,20000,0.04169910922646523,0.0026500045688618045,10
DSIVI,Langevin_post,w2,21000,0.037169910967350006,0.0024395143541848826,10
DSIVI,Langevin_post,w2,22000,0.03488892763853073,0.0013926236767006005,10
DSIVI,Langevin_post,w2,23000,0.033280369080603125,0.002067441730545383,10
DSIVI,Langevin_post,w2,24000,0.030511504784226418,0.001018043592541683,10
DSIVI,Langevin_post,w2,25000,0.028481804206967352,0.0021857518738630406,10
DSIVI,Langevin_post,w2,26000,0.026265777461230756,0.001538989897431502,10
DSIVI,Langevin_post,w2,27000,0.02485880870372057,0.0019318962890386246,10
DSIVI,Langevin_post,w2,28000,0.023126742243766783,0.0019207088670473108,10
DSIVI,Langevin_post,w2,29000,0.02267568614333868,0.0016485869389911937,10
DSIVI,Langevin_post,w2,30000,0.02252846919000149,0.0021404805816348993,10
DSIVI,Langevin_post,w2,31000,0.01782985720783472,0.0010757523250659066,10
DSIVI,Langevin_post,w2,32000,0.01767813488841057,0.0018721555521237414,10
DSIVI,Langevin_post,w2,33000,0.01725157452747226,0.0027022623453395954,10
DSIVI,Langevin_post,w2,34000,0.01578557649627328,0.001273488856579424,10
DSIVI,Langevin_post,w2,35000,0.014691479690372943,0.0008360764998069978,10
DSIVI,Langevin_post,w2,36000,0.01525439340621233,0.0013088872085871256,10
DSIVI,Langevin_post,w2,37000,0.015613722335547208,0.0015735192094603167,10
DSIVI,Langevin_post,w2,38000,0.0144818015396595,0.0012881847236595701,10
DSIVI,Langevin_post,w2,39000,0.014284620247781276,0.001499667567783489,10
DSIVI,Langevin_post,w2,40000,0.014498787000775337,0.0009533900994951972,10
DSIVI,Langevin_post,w2,41000,0.01329959575086832,0.000764217361800433,10
DSIVI,Langevin_post,w2,42000,0.01340383207425475,0.0010676568541476178,10
DSIVI,Langevin_post,w2,43000,0.013659045938402415,0.0017594522326287631,10
DSIVI,Langevin_post,w2,44000,0.01424790034070611,0.00098690724729561,10
DSIVI,Langevin_post,w2,45000,0.014539178553968668,0.0014539542377237553,10
DSIVI,Langevin_post,w2,46000,0.01556736184284091,0.0012647161010468264,10
DSIVI,Langevin_post,w2,47000,0.015921768452972173,0.0009747204831160996,10
DSIVI,Langevin_post,w2,48000,0.016229224763810633,0.00113301165306696,10
DSIVI,Langevin_post,w2,49000,0.016889666207134724,0.0010329210089096293,10
DSIVI,Langevin_post,w2,50000,0.017234444431960583,0.0018477326573155134,10
DSIVI,Langevin_post,w2,51000,0.016415300872176887,0.0015802466740597763,10
DSIVI,Langevin_post,w2,52000,0.016006079316139222,0.0014532542718881925,10
DSIVI,Langevin_post,w2,53000,0.01634873365983367,0.0013682262092918709,10
DSIVI,Langevin_post,w2,54000,0.016134685091674327,0.0014753439660549089,10
DSIVI,Langevin_post,w2,55000,0.016116753034293652,0.0012348121683159886,10
DSIVI,Langevin_post,w2,56000,0.01616352703422308,0.0015357011841377168,10
DSIVI,Langevin_post,w2,57000,0.015373658388853073,0.0014894732787187708,10
DSIVI,Langevin_post,w2,58000,0.015922502800822257,0.0018615564777626741,10
DSIVI,Langevin_post,w2,59000,0.015510106272995473,0.0012898974932699192,10
DSIVI,Langevin_post,w2,60000,0.014781767595559358,0.0016064599644071518,10
DSIVI,Langevin_post,w2,61000,0.01438795616850257,0.0013602360388172148,10
DSIVI,Langevin_post,w2,62000,0.013820778205990791,0.001350714399324986,10
DSIVI,Langevin_post,w2,63000,0.013821250572800637,0.0012739988266100273,10
DSIVI,Langevin_post,w2,64000,0.01338677341118455,0.0014101584788301607,10
DSIVI,Langevin_post,w2,65000,0.01315522650256753,0.0011788880890029434,10
DSIVI,Langevin_post,w2,66000,0.013016958627849818,0.0011853456800972155,10
DSIVI,Langevin_post,w2,67000,0.013042893912643194,0.0013721569675841372,10
DSIVI,Langevin_post,w2,68000,0.012813090346753597,0.0012329623356091269,10
DSIVI,Langevin_post,w2,69000,0.012931188941001892,0.001191509916326898,10
DSIVI,Langevin_post,w2,70000,0.012861967366188765,0.0011145292459736839,10
DSIVI,Langevin_post,w2,71000,0.012101128417998552,0.001182076525493086,10
DSIVI,Langevin_post,w2,72000,0.012289873231202364,0.0012707845465627992,10
DSIVI,Langevin_post,w2,73000,0.01200102809816599,0.001105108502209539,10
DSIVI,Langevin_post,w2,74000,0.011830098927021027,0.0013735940857379247,10
DSIVI,Langevin_post,w2,75000,0.01135180750861764,0.0008437279412021981,10
DSIVI,Langevin_post,w2,76000,0.011235596984624863,0.0010588154667621026,10
DSIVI,Langevin_post,w2,77000,0.011059331893920898,0.0012387642427844868,10
DSIVI,Langevin_post,w2,78000,0.011141924001276494,0.0009549219286910088,10
DSIVI,Langevin_post,w2,79000,0.011208109091967344,0.001039693721298679,10
DSIVI,Langevin_post,w2,80000,0.01104762004688382,0.0013744935224270947,10
DSIVI,Langevin_post,w2,81000,0.010365526005625725,0.0008240825029663822,10
DSIVI,Langevin_post,w2,82000,0.010128037724643945,0.0008969950172148499,10
DSIVI,Langevin_post,w2,83000,0.010273074079304934,0.0009424747219387045,10
DSIVI,Langevin_post,w2,84000,0.010266402084380389,0.0011724306993946,10
DSIVI,Langevin_post,w2,85000,0.010282807145267725,0.001197657435573971,10
DSIVI,Langevin_post,w2,86000,0.010204196907579899,0.0017299204765753428,10
DSIVI,Langevin_post,w2,87000,0.00965095153078437,0.0009350812167529966,10
DSIVI,Langevin_post,w2,88000,0.009513903502374887,0.0006056576857028942,10
DSIVI,Langevin_post,w2,89000,0.009664413146674633,0.000985702989585963,10
DSIVI,Langevin_post,w2,90000,0.009256272856146098,0.0005996496697852475,10
DSIVI,Langevin_post,w2,91000,0.009052199684083462,0.0006744493804528796,10
DSIVI,Langevin_post,w2,92000,0.009063357301056386,0.0006952748159937791,10
DSIVI,Langevin_post,w2,93000,0.009004436060786247,0.0008310931430839924,10
DSIVI,Langevin_post,w2,94000,0.009223583526909352,0.000629976584864466,10
DSIVI,Langevin_post,w2,95000,0.008950433321297168,0.0008487762135209167,10
DSIVI,Langevin_post,w2,96000,0.009099498856812716,0.0007296545386768918,10
DSIVI,Langevin_post,w2,97000,0.009249184746295214,0.0015485592070519606,10
DSIVI,Langevin_post,w2,98000,0.008773494977504015,0.000386175405685409,10
DSIVI,Langevin_post,w2,99000,0.009046794939786195,0.0009162747636032846,10
DSIVI,Langevin_post,w2,100000,0.009032762330025434,0.0005320738809641354,10
KDVI,Langevin_post,w2,5000,0.14750958532094954,0.002994563727624729,10
KDVI,Langevin_post,w2,10000,0.10361884757876397,0.00165471714312741,10
KDVI,Langevin_post,w2,15000,0.08010893985629082,0.0017660004541588993,10
KDVI,Langevin_post,w2,20000,0.06205366402864456,0.0013148583713017514,10
KDVI,Langevin_post,w2,25000,0.048422948271036145,0.000893091203284362,10
KDVI,Langevin_post,w2,30000,0.037548309192061424,0.0008322476971022528,10
KDVI,Langevin_post,w2,35000,0.02904953174293041,0.0005218145919492836,10
KDVI,Langevin_post,w2,40000,0.022002808190882205,0.0009054370662742541,10
KDVI,Langevin_post,w2,45000,0.016239661909639835,0.0006196131580426623,10
KDVI,Langevin_post,w2,50000,0.011737607046961784,0.00033826420933920386,10
KDVI,Langevin_post,w2,55000,0.012145162746310233,0.00043703512294354966,10
KDVI,Langevin_post,w2,60000,0.01217300109565258,0.0003507992399513747,10
KDVI,Langevin_post,w2,65000,0.012023210339248181,0.000416054934417176,10
KDVI,Langevin_post,w2,70000,0.011898139212280511,0.00046310455294432866,10
KDVI,Langevin_post,w2,75000,0.012060618773102761,0.00046521596312576555,10
KDVI,Langevin_post,w2,80000,0.011926485970616341,0.00039204810158182865,10
KDVI,Langevin_post,w2,85000,0.01198849119246006,0.00038145945048208453,10
KDVI,Langevin_post,w2,90000,0.01178687708452344,0.0002839426619404714,10
KDVI,Langevin_post,w2,95000,0.011819184105843306,0.00020374966930952922,10
KDVI,Langevin_post,w2,100000,0.011831674259155989,0.00030531398798906684,10
DSIVI,banana,elbo,1000,-4.9416591167449955,0.23632135650760971,10
DSIVI,banana,elbo,2000,-3.0954272985458373,0.609548381026835,10
DSIVI,banana,elbo,3000,-2.874733877182007,0.5146512751067099,10
DSIVI,banana,elbo,4000,-3.4592374086380007,1.2839640913557646,10
DSIVI,banana,elbo,5000,-3.222949910163879,0.720053453855159,10
DSIVI,banana,elbo,6000,-2.7838034629821777,0.8086985168337636,10
DSIVI,banana,elbo,7000,-3.209486150741577,1.682177708328771,10
DSIVI,banana,elbo,8000,-2.8320366859436037,2.5724826395344063,10
DSIVI,banana,elbo,9000,-2.7484538912773133,2.4112754016640916,10
DSIVI,banana,elbo,10000,-2.197499227523804,1.3571919237224601,10
DSIVI,banana,elbo,11000,-1.8646181344985961,1.1626713326640425,10
DSIVI,banana,elbo,12000,-2.107543706893921,1.6221683205479032,10
DSIVI,banana,elbo,13000,-1.7786088645458222,1.1231857396253118,10
DSIVI,banana,elbo,14000,-1.3548222780227661,0.7237121810352913,10
DSIVI,banana,elbo,15000,-1.110783839225769,0.5329205282356216,10
DSIVI,banana,elbo,16000,-0.9159529268741607,0.3853256629003356,10
DSIVI,banana,elbo,17000,-0.8598371267318725,0.49431045108523003,10
DSIVI,banana,elbo,18000,-0.7310122430324555,0.3851289764042701,10
DSIVI,banana,elbo,19000,-0.7702687233686447,0.5751317479582752,10
DSIVI,banana,elbo,20000,-0.8146079510450364,0.620044898326021,10
DSIVI,banana,elbo,21000,-0.5938121885061264,0.3487818637104777,10
DSIVI,banana,elbo,22000,-0.5227950632572174,0.2950824547110716,10
DSIVI,banana,elbo,23000,-0.46749984920024873,0.19160987321197148,10
DSIVI,banana,elbo,24000,-0.4139256179332733,0.24720204255308195,10
DSIVI,banana,elbo,25000,-0.347247713804245,0.19425586124690802,10
DSIVI,banana,elbo,26000,-0.30295865535736083,0.1989079873995197,10
DSIVI,banana,elbo,27000,-0.23034883737564088,0.05128081209100674,10
DSIVI,banana,elbo,28000,-0.23962906301021575,0.08996138698269948,10
DSIVI,banana,elbo,29000,-0.19971012696623802,0.06528444814035346,10
DSIVI,banana,elbo,30000,-0.16911304071545602,0.04737457778132577,10
DSIVI,banana,elbo,31000,-0.16860008910298346,0.058383490208634974,10
DSIVI,banana,elbo,32000,-0.1298460491001606,0.023647269834265412,10
DSIVI,banana,elbo,33000,-0.12439507991075516,0.03068497440965786,10
DSIVI,banana,elbo,34000,-0.11938854306936264,0.046060505350230055,10
DSIVI,banana,elbo,35000,-0.08916738033294677,0.02095085625746375,10
DSIVI,banana,elbo,36000,-0.09135027080774308,0.05215922342012047,10
DSIVI,banana,elbo,37000,-0.12006922960281372,0.13302373174775356,10
DSIVI,banana,elbo,38000,-0.09295767843723297,0.06873184754404264,10
DSIVI,banana,elbo,39000,-0.07961958646774292,0.04048802732330895,10
DSIVI,banana,elbo,40000,-0.06861647386103868,0.03450768887319954,10
DSIVI,banana,elbo,41000,-0.06344324555248022,0.031124197778835714,10
DSIVI,banana,elbo,42000,-0.05769781582057476,0.036798170641744885,10
DSIVI,banana,elbo,43000,-0.042820338252931835,0.01851222318302011,10
DSIVI,banana,elbo,44000,-0.03458783384412527,0.017042347676450936,10
DSIVI,banana,elbo,45000,-0.03484834535047412,0.023639833572342697,10
DSIVI,banana,elbo,46000,-0.029289516713470222,0.0189796638714708,10
DSIVI,banana,elbo,47000,-0.029379544779658318,0.01335657549317846,10
DSIVI,banana,elbo,48000,-0.0267547314055264,0.014175572669868781,10
DSIVI,banana,elbo,49000,-0.02925203964114189,0.022342640691683607,10
DSIVI,banana,elbo,50000,-0.03485490917228162,0.031754488444189835,10
DSIVI,banana,elbo,51000,-0.026640768442302943,0.018054127093549855,10
DSIVI,banana,elbo,52000,-0.022466439474374055,0.01414398948252804,10
DSIVI,banana,elbo,53000,-0.027289080899208784,0.014665164896506395,10
DSIVI,banana,elbo,54000,-0.03199411798268557,0.021763548362913224,10
DSIVI,banana,elbo,55000,-0.024553501326590777,0.012961381536956562,10
DSIVI,banana,elbo,56000,-0.023339247331023216,0.011548974958003342,10
DSIVI,banana,elbo,57000,-0.02252033306285739,0.011826249052348225,10
DSIVI,banana,elbo,58000,-0.02212114483118057,0.013299536800414492,10
DSIVI,banana,elbo,59000,-0.023159215971827508,0.01581026504284877,10
DSIVI,banana,elbo,60000,-0.025528828566893935,0.01713153336029852,10
DSIVI,banana,elbo,61000,-0.027560596307739615,0.017416439111704356,10
DSIVI,banana,elbo,62000,-0.02807635525241494,0.018550984494377327,10
DSIVI,banana,elbo,63000,-0.027063306653872132,0.019811930485208868,10
DSIVI,banana,elbo,64000,-0.025626327097415923,0.019178545448421014,10
DSIVI,banana,elbo,65000,-0.025911865290254354,0.01928540171871528,10
DSIVI,banana,elbo,66000,-0.024501231126487256,0.013215165948219984,10
DSIVI,banana,elbo,67000,-0.024495326215401292,0.013089174678401759,10
DSIVI,banana,elbo,68000,-0.021623640321195126,0.012691388280343342,10
DSIVI,banana,elbo,69000,-0.021159755252301692,0.014029642656918837,10
DSIVI,banana,elbo,70000,-0.022219057753682138,0.012796072385695205,10
DSIVI,banana,elbo,71000,-0.02222239482216537,0.015518915414124215,10
DSIVI,banana,elbo,72000,-0.023064221302047373,0.01465783570508912,10
DSIVI,banana,elbo,73000,-0.023121351841837168,0.013209636202612868,10
DSIVI,banana,elbo,74000,-0.022724772244691847,0.014191326977468211,10
DSIVI,banana,elbo,75000,-0.023085405584424734,0.017769414025668298,10
DSIVI,banana,elbo,76000,-0.021319235069677235,0.014325528806355164,10
DSIVI,banana,elbo,77000,-0.02260520395357162,0.012656050173104895,10
DSIVI,banana,elbo,78000,-0.022282121935859323,0.015195031846838224,10
DSIVI,banana,elbo,79000,-0.02456032745540142,0.01976965807369813,10
DSIVI,banana,elbo,80000,-0.023040128452703357,0.015911753534318302,10
DSIVI,banana,elbo,81000,-0.025258953217417,0.01846996031749879,10
DSIVI,banana,elbo,82000,-0.023899428173899652,0.018949043500154333,10
DSIVI,banana,elbo,83000,-0.025941587798297406,0.020438348898079987,10
DSIVI,banana,elbo,84000,-0.026126870047301055,0.01913938128251671,10
DSIVI,banana,elbo,85000,-0.025386421801522376,0.015534885752427197,10
DSIVI,banana,elbo,86000,-0.02523604049347341,0.015131789988815234,10
DSIVI,banana,elbo,87000,-0.025150709645822646,0.016106426283123074,10
DSIVI,banana,elbo,88000,-0.02299929871223867,0.01379513657830087,10
DSIVI,banana,elbo,89000,-0.023041863832622765,0.012248498255166712,10
DSIVI,banana,elbo,90000,-0.020158537803217767,0.011644713774222486,10
DSIVI,banana,elbo,91000,-0.021287855599075554,0.011963552483899638,10
DSIVI,banana,elbo,92000,-0.022445404762402178,0.01290759045653885,10
DSIVI,banana,elbo,93000,-0.020818454399704932,0.015059746238497545,10
DSIVI,banana,elbo,94000,-0.02202200614847243,0.01245435539256247,10
DSIVI,banana,elbo,95000,-0.021693490166217088,0.011382088783407684,10
DSIVI,banana,elbo,96000,-0.022592216543853284,0.013162156827528384,10
DSIVI,banana,elbo,97000,-0.02154186852276325,0.012158407659784928,10
DSIVI,banana,elbo,98000,-0.020854304358363152,0.013347504558878212,10
DSIVI,banana,elbo,99000,-0.020231857290491463,0.011029349970334282,10
DSIVI,banana,elbo,100000,-0.02125267721712589,0.01123535663453631,10
KDVI,banana,elbo,5000,-40.65067329406738,28.22215257083549,10
KDVI,banana,elbo,10000,-18.724749052524565,27.827385232076235,10
KDVI,banana,elbo,15000,-20.83665121793747,33.41612316752381,10
KDVI,banana,elbo,20000,-13.399678310751915,27.061716011234893,10
KDVI,banana,elbo,25000,-11.650895969569683,24.27068079260996,10
KDVI,banana,elbo,30000,-4.724530334770679,14.275179186353213,10
KDVI,banana,elbo,35000,-6.848728466033935,21.19955060450504,10
KDVI,banana,elbo,40000,-0.09733389765024185,0.016703082942489175,10
KDVI,banana,elbo,45000,-0.07674392051994801,0.018034028836394586,10
KDVI,banana,elbo,50000,-0.06441332027316093,0.016036840725689873,10
KDVI,banana,elbo,55000,-0.060841836407780646,0.01071955670635599,10
KDVI,banana,elbo,60000,-0.057612630724906924,0.008459638047072265,10
KDVI,banana,elbo,65000,-0.05313318558037281,0.010903416277410247,10
KDVI,banana,elbo,70000,-0.05193959139287472,0.0055524836353763665,10
KDVI,banana,elbo,75000,-0.04951297640800476,0.006452447756433991,10
KDVI,banana,elbo,80000,-0.05328001119196415,0.008460193631840519,10
KDVI,banana,elbo,85000,-0.050528546795248985,0.003782779122532116,10
KDVI,banana,elbo,90000,-0.050891443714499475,0.00886365246060245,10
KDVI,banana,elbo,95000,-0.04896064028143883,0.006032795117513157,10
KDVI,banana,elbo,100000,-0.04586486201733351,0.006915144875307983,10
DSIVI,banana,kl_ite,1000,1.6895469254498827,0.03263179328006536,10
DSIVI,banana,kl_ite,2000,1.3525024885190926,0.27268035271213514,10
DSIVI,banana,kl_ite,3000,1.7262911807731978,0.35998264821410225,10
DSIVI,banana,kl_ite,4000,2.2681251579646164,0.7788361246926947,10
DSIVI,banana,kl_ite,5000,2.2381929850026823,0.5028279582076352,10
DSIVI,banana,kl_ite,6000,2.0158746994919094,0.5577591252072543,10
DSIVI,banana,kl_ite,7000,2.230637764686251,0.9629697244068735,10
DSIVI,banana,kl_ite,8000,1.826778965850093,1.2085747093937464,10
DSIVI,banana,kl_ite,9000,1.8051242970555172,1.2971671072295206,10
DSIVI,banana,kl_ite,10000,1.6529945114487703,1.0278484943560833,10
DSIVI,banana,kl_ite,11000,1.4350184019066021,0.935004497668845,10
DSIVI,banana,kl_ite,12000,1.6180841766691862,1.128220636389254,10
DSIVI,banana,kl_ite,13000,1.437680422121923,0.9634266499676147,10
DSIVI,banana,kl_ite,14000,1.1143462996028797,0.5889126800687025,10
DSIVI,banana,kl_ite,15000,0.8616005526828415,0.4965599115230987,10
DSIVI,banana,kl_ite,16000,0.7590917404342068,0.38023185483895167,10
DSIVI,banana,kl_ite,17000,0.6690033131194296,0.49146858740900307,10
DSIVI,banana,kl_ite,18000,0.5678168563714558,0.37175623590995044,10
DSIVI,banana,kl_ite,19000,0.633290692627571,0.5424101494290918,10
DSIVI,banana,kl_ite,20000,0.6023515604515423,0.4319960775434344,10
DSIVI,banana,kl_ite,21000,0.4870818211789471,0.31612014810303707,10
DSIVI,banana,kl_ite,22000,0.42365857408693613,0.281687581432679,10
DSIVI,banana,kl_ite,23000,0.36820897605684744,0.15934721355303724,10
DSIVI,banana,kl_ite,24000,0.3214401007256729,0.23300569119647901,10
DSIVI,banana,kl_ite,25000,0.2769540844877797,0.18700261415577832,10
DSIVI,banana,kl_ite,26000,0.22232993552443253,0.16346850971062887,10
DSIVI,banana,kl_ite,27000,0.15877270545734717,0.04639828667847686,10
DSIVI,banana,kl_ite,28000,0.17626896725456706,0.08317600579208358,10
DSIVI,banana,kl_ite,29000,0.13986772386007632,0.054481601511418315,10
DSIVI,banana,kl_ite,30000,0.11691143202551153,0.03961951247526217,10
DSIVI,banana,kl_ite,31000,0.10887395569612357,0.058526977001151434,10
DSIVI,banana,kl_ite,32000,0.08695775741485054,0.023397017686113988,10
DSIVI,banana,kl_ite,33000,0.07787948469429481,0.025891916781615548,10
DSIVI,banana,kl_ite,34000,0.07750241362434465,0.0323077912144161,10
DSIVI,banana,kl_ite,35000,0.05034761061473673,0.01809259732419638,10
DSIVI,banana,kl_ite,36000,0.06224437720783334,0.039797509602010485,10
DSIVI,banana,kl_ite,37000,0.07510846940608898,0.10755115488596369,10
DSIVI,banana,kl_ite,38000,0.06608194623923921,0.06355856310809609,10
DSIVI,banana,kl_ite,39000,0.042442688272148386,0.0355484025200064,10
DSIVI,banana,kl_ite,40000,0.028771245246469568,0.028938359059446972,10
DSIVI,banana,kl_ite,41000,0.03571759611880752,0.030285830372578378,10
DSIVI,banana,kl_ite,42000,0.025981724417579975,0.029931605892077738,10
DSIVI,banana,kl_ite,43000,0.011256301288245289,0.014656001265360872,10
DSIVI,banana,kl_ite,44000,0.009042323344450046,0.009045522268760674,10
DSIVI,banana,kl_ite,45000,0.0021207462520764437,0.013354599505327679,10
DSIVI,banana,kl_ite,46000,0.009036841941762741,0.016074793108457577,10
DSIVI,banana,kl_ite,47000,0.005604721093709838,0.012181253834641364,10
DSIVI,banana,kl_ite,48000,0.006938615914378778,0.012391989694215712,10
DSIVI,banana,kl_ite,49000,0.008173907105917482,0.016346965547505882,10
DSIVI,banana,kl_ite,50000,0.013957167567008202,0.014644916485586933,10
DSIVI,banana,kl_ite,51000,0.006560583494075465,0.007657962504635629,10
DSIVI,banana,kl_ite,52000,0.0028674381541626726,0.010399595544137531,10
DSIVI,banana,kl_ite,53000,0.006537915811188464,0.014158165131955345,10
DSIVI,banana,kl_ite,54000,0.01118379097022457,0.020011921747253313,10
DSIVI,banana,kl_ite,55000,0.00945143869116435,0.0117257324581829,10
DSIVI,banana,kl_ite,56000,0.007903499988621316,0.010783828221299094,10
DSIVI,banana,kl_ite,57000,0.004214653840490792,0.008912022902579708,10
DSIVI,banana,kl_ite,58000,0.002823106490757999,0.015328836802920076,10
DSIVI,banana,kl_ite,59000,0.0021637956911576143,0.01326845223033024,10
DSIVI,banana,kl_ite,60000,0.007210298174207168,0.010651400957711438,10
DSIVI,banana,kl_ite,61000,0.012461587628967697,0.0069187806691961284,10
DSIVI,banana,kl_ite,62000,-0.0021506293910557297,0.0061707868973634875,10
DSIVI,banana,kl_ite,63000,0.007870384949651948,0.010762709519872817,10
DSIVI,banana,kl_ite,64000,0.008576879675228584,0.014475168225241619,10
DSIVI,banana,kl_ite,65000,0.0049261879581154605,0.0154328121370295,10
DSIVI,banana,kl_ite,66000,0.0015920425438651965,0.01068494163810131,10
DSIVI,banana,kl_ite,67000,2.5377591031849673e-05,0.006297350129413114,10
DSIVI,banana,kl_ite,68000,0.00373687174527209,0.00984750044641138,10
DSIVI,banana,kl_ite,69000,0.004884137600143864,0.008381832539359426,10
DSIVI,banana,kl_ite,70000,0.0049453032203426155,0.011733484180829465,10
DSIVI,banana,kl_ite,71000,0.003022524861378574,0.011373551343757485,10
DSIVI,banana,kl_ite,72000,0.002164227800131785,0.00768947461925531,10
DSIVI,banana,kl_ite,73000,0.0040420911695148885,0.01037664694904882,10
DSIVI,banana,kl_ite,74000,0.006616294353516836,0.010192591682275607,10
DSIVI,banana,kl_ite,75000,0.008819888387014401,0.016231663322891877,10
DSIVI,banana,kl_ite,76000,0.00193925538964617,0.007754220768121764,10
DSIVI,banana,kl_ite,77000,-0.0018053792978008603,0.011012821006875244,10
DSIVI,banana,kl_ite,78000,0.007964078861623423,0.010121393994503113,10
DSIVI,banana,kl_ite,79000,-0.0013352645639280584,0.01082901098629697,10
DSIVI,banana,kl_ite,80000,0.0006626723490399907,0.012652898038635379,10
DSIVI,banana,kl_ite,81000,0.004406800324848205,0.007190474430379742,10
DSIVI,banana,kl_ite,82000,0.003839370457306876,0.01604363686234906,10
DSIVI,banana,kl_ite,83000,0.00778834711792793,0.018199714147641464,10
DSIVI,banana,kl_ite,84000,0.004071930588806196,0.014460574122996558,10
DSIVI,banana,kl_ite,85000,0.0041305684125659495,0.009785060369510825,10
DSIVI,banana,kl_ite,86000,0.0032974029619472892,0.00909363505034433,10
DSIVI,banana,kl_ite,87000,0.0014788268376175028,0.009177638388995338,10
DSIVI,banana,kl_ite,88000,0.004621858443859006,0.006300195325219448,10
DSIVI,banana,kl_ite,89000,-0.0010800900528075835,0.012758154949585113,10
DSIVI,banana,kl_ite,90000,0.0029743481093353,0.0090079389030874,10
DSIVI,banana,kl_ite,91000,0.00045443310899276714,0.0066105782081812645,10
DSIVI,banana,kl_ite,92000,0.005831820290766823,0.01016208720870547,10
DSIVI,banana,kl_ite,93000,-0.0027231444528438803,0.008139437487592228,10
DSIVI,banana,kl_ite,94000,-0.0006744909973478505,0.0113328189723415,10
DSIVI,banana,kl_ite,95000,0.005112606035141703,0.009380753550839822,10
DSIVI,banana,kl_ite,96000,0.002156602253778342,0.00894950353598699,10
DSIVI,banana,kl_ite,97000,0.003627847584591648,0.014181370398831198,10
DSIVI,banana,kl_ite,98000,0.00839533025777916,0.00907480078206665,10
DSIVI,banana,kl_ite,99000,0.00016095945826570621,0.007684573300147599,10
DSIVI,banana,kl_ite,100000,0.0009552647109145298,0.009519087995010639,10
KDVI,banana,kl_ite,5000,1.7353799240884347,0.46498796224461497,10
KDVI,banana,kl_ite,10000,0.95975691158504,0.7497239105441743,10
KDVI,banana,kl_ite,15000,0.8428528816555991,0.8084232197401442,10
KDVI,banana,kl_ite,20000,0.5542511679804616,0.6937949353701417,10
KDVI,banana,kl_ite,25000,0.4865638501990509,0.7424825675177796,10
KDVI,banana,kl_ite,30000,0.25706131006018534,0.5520907051253094,10
KDVI,banana,kl_ite,35000,0.23748213285044364,0.5646848446270168,10
KDVI,banana,kl_ite,40000,0.03876799037717622,0.03596326622623628,10
KDVI,banana,kl_ite,45000,0.03516931276224893,0.018283228372976582,10
KDVI,banana,kl_ite,50000,0.0333972732950372,0.016902990047919654,10
KDVI,banana,kl_ite,55000,0.025610412764102825,0.01730554805210451,10
KDVI,banana,kl_ite,60000,0.029412194385220254,0.015588194291788102,10
KDVI,banana,kl_ite,65000,0.02697512620517887,0.01514047903504844,10
KDVI,banana,kl_ite,70000,0.029045890531496997,0.007853757557500288,10
KDVI,banana,kl_ite,75000,0.02911618089533382,0.010041822424194552,10
KDVI,banana,kl_ite,80000,0.024634244455248196,0.013976884371996358,10
KDVI,banana,kl_ite,85000,0.02809627499202792,0.00890346674749636,10
KDVI,banana,kl_ite,90000,0.025180193649686256,0.013395080259723217,10
KDVI,banana,kl_ite,95000,0.028197196085701502,0.009847586491302785,10
KDVI,banana,kl_ite,100000,0.028728597685858965,0.005481166077016458,10
DSIVI,banana,w2,1000,0.7582585096359253,0.08373265910113963,10
DSIVI,banana,w2,2000,1.9238231301307678,1.3679909170201545,10
DSIVI,banana,w2,3000,4.097815537452698,1.1006196388669982,10
DSIVI,banana,w2,4000,5.711710500717163,2.699260576801792,10
DSIVI,banana,w2,5000,5.675432848930359,1.8219249736365146,10
DSIVI,banana,w2,6000,5.1831422567367555,1.5458317213145536,10
DSIVI,banana,w2,7000,6.077593874931336,2.8090021199358324,10
DSIVI,banana,w2,8000,5.2269574165344235,4.293380881799112,10
DSIVI,banana,w2,9000,4.987300968170166,3.3781650033062753,10
DSIVI,banana,w2,10000,4.938323283195496,2.997363005131882,10
DSIVI,banana,w2,11000,4.408411610126495,2.9553860485830086,10
DSIVI,banana,w2,12000,5.122248756885528,3.717596343572858,10
DSIVI,banana,w2,13000,4.529412150382996,2.917585632055909,10
DSIVI,banana,w2,14000,3.469992458820343,1.5384255157526223,10
DSIVI,banana,w2,15000,2.9525464296340944,1.339461472516009,10
DSIVI,banana,w2,16000,2.6116594791412355,0.9117961871997274,10
DSIVI,banana,w2,17000,2.521317172050476,1.38436470822407,10
DSIVI,banana,w2,18000,2.1471215009689333,1.1441935799783958,10
DSIVI,banana,w2,19000,2.2803428292274477,1.8751966611106972,10
DSIVI,banana,w2,20000,2.128958356380463,1.3523615892837642,10
DSIVI,banana,w2,21000,1.8221568942070008,0.9769399332641635,10
DSIVI,banana,w2,22000,1.674567312002182,0.8189744852463168,10
DSIVI,banana,w2,23000,1.6283375680446626,0.6584223100586356,10
DSIVI,banana,w2,24000,1.5961342096328734,0.922914367548344,10
DSIVI,banana,w2,25000,1.419924145936966,0.8319522483288737,10
DSIVI,banana,w2,26000,1.209343957901001,0.7961664818407878,10
DSIVI,banana,w2,27000,0.9484549596905708,0.3219162552055978,10
DSIVI,banana,w2,28000,1.0015619918704033,0.41262432860142695,10
DSIVI,banana,w2,29000,0.8668855011463166,0.31332710979075834,10
DSIVI,banana,w2,30000,0.7653745979070663,0.28011418560423784,10
DSIVI,banana,w2,31000,0.7568022042512894,0.3509900182343331,10
DSIVI,banana,w2,32000,0.661361962556839,0.14589475743336197,10
DSIVI,banana,w2,33000,0.64410580098629,0.1521964007271089,10
DSIVI,banana,w2,34000,0.6841350257396698,0.21834988220522314,10
DSIVI,banana,w2,35000,0.4753517746925354,0.14125228480990765,10
DSIVI,banana,w2,36000,0.5087166830897332,0.3462678652223821,10
DSIVI,banana,w2,37000,0.6132248267531395,0.6194371872095675,10
DSIVI,banana,w2,38000,0.5629838094115257,0.36374270944421994,10
DSIVI,banana,w2,39000,0.5115384608507156,0.29934206453779605,10
DSIVI,banana,w2,40000,0.4366818338632584,0.23868617678537063,10
DSIVI,banana,w2,41000,0.44314503371715547,0.21852145963769443,10
DSIVI,banana,w2,42000,0.38549958616495134,0.24007408061264635,10
DSIVI,banana,w2,43000,0.26314508020877836,0.11092286292085984,10
DSIVI,banana,w2,44000,0.19366880208253862,0.08813809423917063,10
DSIVI,banana,w2,45000,0.20297995135188102,0.1267559500168009,10
DSIVI,banana,w2,46000,0.15456434041261674,0.08417816001162028,10
DSIVI,banana,w2,47000,0.16692262068390845,0.0887269486350112,10
DSIVI,banana,w2,48000,0.12833002135157584,0.05226671790110339,10
DSIVI,banana,w2,49000,0.1215900056064129,0.09827985954831722,10
DSIVI,banana,w2,50000,0.20755190327763556,0.23744056052983692,10
DSIVI,banana,w2,51000,0.12181705757975578,0.07206737894901223,10
DSIVI,banana,w2,52000,0.11722261756658554,0.052093785603964646,10
DSIVI,banana,w2,53000,0.14324438758194447,0.1674323538774759,10
DSIVI,banana,w2,54000,0.162674667686224,0.18535884022090793,10
DSIVI,banana,w2,55000,0.14021452106535434,0.12334293484523877,10
DSIVI,banana,w2,56000,0.10261111930012703,0.0392254414459943,10
DSIVI,banana,w2,57000,0.1064534492790699,0.039672967360424555,10
DSIVI,banana,w2,58000,0.11378742754459381,0.06848569839742959,10
DSIVI,banana,w2,59000,0.11502018198370934,0.08793445159690236,10
DSIVI,banana,w2,60000,0.12356583923101425,0.07060840824459318,10
DSIVI,banana,w2,61000,0.13529736064374448,0.09518081660231038,10
DSIVI,banana,w2,62000,0.1700160413980484,0.1154217787635799,10
DSIVI,banana,w2,63000,0.15959218442440032,0.08543012872978543,10
DSIVI,banana,w2,64000,0.16057760789990425,0.13679850959597453,10
DSIVI,banana,w2,65000,0.16313595846295356,0.16742478257664964,10
DSIVI,banana,w2,66000,0.1271891750395298,0.08512526785084548,10
DSIVI,banana,w2,67000,0.1026345208287239,0.034900435272472205,10
DSIVI,banana,w2,68000,0.08747510127723217,0.029507541579015643,10
DSIVI,banana,w2,69000,0.10436420999467373,0.06647857343613084,10
DSIVI,banana,w2,70000,0.10407372452318668,0.0508855751779672,10
DSIVI,banana,w2,71000,0.08600338473916054,0.031146629337153703,10
DSIVI,banana,w2,72000,0.08355972841382027,0.02185253023631877,10
DSIVI,banana,w2,73000,0.09201569743454456,0.036561148810808825,10
DSIVI,banana,w2,74000,0.10030803829431534,0.04024089315909655,10
DSIVI,banana,w2,75000,0.11295896768569946,0.06806584759293086,10
DSIVI,banana,w2,76000,0.11273571997880935,0.0710077671539916,10
DSIVI,banana,w2,77000,0.12003372088074685,0.06438060902175534,10
DSIVI,banana,w2,78000,0.11283684596419334,0.05121148872226319,10
DSIVI,banana,w2,79000,0.12247744053602219,0.08953814757617473,10
DSIVI,banana,w2,80000,0.10204753540456295,0.039752150311321316,10
DSIVI,banana,w2,81000,0.12010526135563851,0.06580432802067501,10
DSIVI,banana,w2,82000,0.11887830644845962,0.0810755776005148,10
DSIVI,banana,w2,83000,0.12126331403851509,0.1268666957221412,10
DSIVI,banana,w2,84000,0.11566714346408843,0.08967302453336493,10
DSIVI,banana,w2,85000,0.12037755362689495,0.07213585778110522,10
DSIVI,banana,w2,86000,0.12063817009329796,0.0845861796785813,10
DSIVI,banana,w2,87000,0.1134928047657013,0.08069122528873937,10
DSIVI,banana,w2,88000,0.09284721910953522,0.047602684969958356,10
DSIVI,banana,w2,89000,0.11436345428228378,0.06473658073551622,10
DSIVI,banana,w2,90000,0.10786049850285054,0.05893617925038642,10
DSIVI,banana,w2,91000,0.10087074376642705,0.04997796859322251,10
DSIVI,banana,w2,92000,0.11063507720828056,0.057165748208417445,10
DSIVI,banana,w2,93000,0.09648933578282595,0.054399840292117925,10
DSIVI,banana,w2,94000,0.07915840074419975,0.022515029787693076,10
DSIVI,banana,w2,95000,0.093639225512743,0.03297263073365381,10
DSIVI,banana,w2,96000,0.08079147636890412,0.0349328642407087,10
DSIVI,banana,w2,97000,0.09356713071465492,0.036913417833360954,10
DSIVI,banana,w2,98000,0.08843699097633362,0.022851112707231305,10
DSIVI,banana,w2,99000,0.09421848952770233,0.045920301842487944,10
DSIVI,banana,w2,100000,0.09973819218575955,0.04215577791976814,10
KDVI,banana,w2,5000,0.736914998292923,0.06304428596669742,10
KDVI,banana,w2,10000,0.5800074130296707,0.13201281466375145,10
KDVI,banana,w2,15000,0.49498451352119444,0.19367271844590267,10
KDVI,banana,w2,20000,0.3792972147464752,0.16186367938097687,10
KDVI,banana,w2,25000,0.35034855306148527,0.16942118252625438,10
KDVI,banana,w2,30000,0.3250914946198463,0.1624823189219945,10
KDVI,banana,w2,35000,0.3666199862957001,0.12536201700922217,10
KDVI,banana,w2,40000,0.369751101732254,0.13007537475438222,10
KDVI,banana,w2,45000,0.4223169654607773,0.11730920637258659,10
KDVI,banana,w2,50000,0.45797125697135926,0.07009253716485911,10
KDVI,banana,w2,55000,0.443278968334198,0.03957903886506921,10
KDVI,banana,w2,60000,0.46706793308258054,0.05706262409291336,10
KDVI,banana,w2,65000,0.44019922614097595,0.03430206752174619,10
KDVI,banana,w2,70000,0.44683922827243805,0.034981745130917154,10
KDVI,banana,w2,75000,0.4346823483705521,0.022978604251316512,10
KDVI,banana,w2,80000,0.44902693629264834,0.034598995632675454,10
KDVI,banana,w2,85000,0.4406931012868881,0.02479497709838779,10
KDVI,banana,w2,90000,0.4403103679418564,0.025501432383987322,10
KDVI,banana,w2,95000,0.4383950144052505,0.019741136898923966,10
KDVI,banana,w2,100000,0.42586514353752136,0.015446790296748239,10
DSIVI,multimodal,elbo,1000,-4.753781366348266,0.12950130247270877,10
DSIVI,multimodal,elbo,2000,-3.7684508085250856,0.07536128288120406,10
DSIVI,multimodal,elbo,3000,-3.1113565444946287,0.06615315102359785,10
DSIVI,multimodal,elbo,4000,-2.6014761209487913,0.09174359653844817,10
DSIVI,multimodal,elbo,5000,-2.178534007072449,0.05195896795107294,10
DSIVI,multimodal,elbo,6000,-1.8578257799148559,0.045311379233461915,10
DSIVI,multimodal,elbo,7000,-1.5989756464958191,0.0353664834007829,10
DSIVI,multimodal,elbo,8000,-1.397608506679535,0.05020298660692637,10
DSIVI,multimodal,elbo,9000,-1.2178991436958313,0.049070207356507065,10
DSIVI,multimodal,elbo,10000,-1.0647702097892762,0.022376531342002116,10
DSIVI,multimodal,elbo,11000,-0.9533564925193787,0.04145904601946186,10
DSIVI,multimodal,elbo,12000,-0.8330349087715149,0.025390004866293947,10
DSIVI,multimodal,elbo,13000,-0.7385872662067413,0.0271355832592486,10
DSIVI,multimodal,elbo,14000,-0.6567848503589631,0.025020908737066867,10
DSIVI,multimodal,elbo,15000,-0.5644904851913453,0.026617202417671765,10
DSIVI,multimodal,elbo,16000,-0.522532656788826,0.019453289886420748,10
DSIVI,multimodal,elbo,17000,-0.45680666267871856,0.021283574307657722,10
DSIVI,multimodal,elbo,18000,-0.41075106561183927,0.014202507771011107,10
DSIVI,multimodal,elbo,19000,-0.3611331611871719,0.028861147531343185,10
DSIVI,multimodal,elbo,20000,-0.31835299730300903,0.017280353250737197,10
DSIVI,multimodal,elbo,21000,-0.2886038452386856,0.021917907295810286,10
DSIVI,multimodal,elbo,22000,-0.2587560027837753,0.012776219741833395,10
DSIVI,multimodal,elbo,23000,-0.22252868860960007,0.013726500117161259,10
DSIVI,multimodal,elbo,24000,-0.20271638184785842,0.009829449969701901,10
DSIVI,multimodal,elbo,25000,-0.1851407304406166,0.014659289215016469,10
DSIVI,multimodal,elbo,26000,-0.16063227504491806,0.013546124977814168,10
DSIVI,multimodal,elbo,27000,-0.14540934264659883,0.009972789656021249,10
DSIVI,multimodal,elbo,28000,-0.12470891177654267,0.008973609800811612,10
DSIVI,multimodal,elbo,29000,-0.11054936125874519,0.0075684056916546175,10
DSIVI,multimodal,elbo,30000,-0.09613765180110931,0.006713860429542882,10
DSIVI,multimodal,elbo,31000,-0.07824825122952461,0.007999079103998944,10
DSIVI,multimodal,elbo,32000,-0.07388996109366416,0.004858447330639204,10
DSIVI,multimodal,elbo,33000,-0.06449762918055058,0.0046992303804088914,10
DSIVI,multimodal,elbo,34000,-0.052093981951475146,0.00340944094154709,10
DSIVI,multimodal,elbo,35000,-0.04755803979933262,0.005580690901900161,10
DSIVI,multimodal,elbo,36000,-0.039144952222704886,0.0046877245018538,10
DSIVI,multimodal,elbo,37000,-0.03331094291061163,0.005687753735031626,10
DSIVI,multimodal,elbo,38000,-0.028935104236006738,0.004220132976883196,10
DSIVI,multimodal,elbo,39000,-0.024319971352815627,0.0030970399517018903,10
DSIVI,multimodal,elbo,40000,-0.017576716747134923,0.003755023706736796,10
DSIVI,multimodal,elbo,41000,-0.01588016739115119,0.0019486498249726286,10
DSIVI,multimodal,elbo,42000,-0.012021042965352535,0.0024934214621947005,10
DSIVI,multimodal,elbo,43000,-0.009690960077568889,0.002340325480884034,10
DSIVI,multimodal,elbo,44000,-0.008569388231262565,0.0011234267556452732,10
DSIVI,multimodal,elbo,45000,-0.006401743995957077,0.0020326089663531967,10
DSIVI,multimodal,elbo,46000,-0.004780816193670034,0.0014970758091019409,10
DSIVI,multimodal,elbo,47000,-0.0030057924974244087,0.001678286357819534,10
DSIVI,multimodal,elbo,48000,-0.0025288671735324898,0.0018869079951431204,10
DSIVI,multimodal,elbo,49000,-0.0021482705371454356,0.0009717361777310788,10
DSIVI,multimodal,elbo,50000,-0.0025093278381973505,0.0010726618747637774,10
DSIVI,multimodal,elbo,51000,-0.0013511484517948701,0.0011977322918675464,10
DSIVI,multimodal,elbo,52000,-0.0017565945963724516,0.002250322817442691,10
DSIVI,multimodal,elbo,53000,-0.001593966806831304,0.0008579135492088994,10
DSIVI,multimodal,elbo,54000,-0.0012138325109845027,0.0006756508124883746,10
DSIVI,multimodal,elbo,55000,-0.001685148737669806,0.0011335428784411527,10
DSIVI,multimodal,elbo,56000,-0.0014086703129578381,0.0009816544465827306,10
DSIVI,multimodal,elbo,57000,-0.0017309380822553067,0.001089428667067047,10
DSIVI,multimodal,elbo,58000,-0.0019534772814949974,0.0014693446266107698,10
DSIVI,multimodal,elbo,59000,-0.001571563228390005,0.0010718936523144227,10
DSIVI,multimodal,elbo,60000,-0.001578714052448049,0.00117464326412398,10
DSIVI,multimodal,elbo,61000,-0.0016418362123658881,0.001155960167796748,10
DSIVI,multimodal,elbo,62000,-0.0013470505131408573,0.0009657703355629246,10
DSIVI,multimodal,elbo,63000,-0.0008657493053760845,0.0006481287717624422,10
DSIVI,multimodal,elbo,64000,-0.0008582512440625578,0.0004069381121355577,10
DSIVI,multimodal,elbo,65000,-0.00178022757609142,0.0009104339588749603,10
DSIVI,multimodal,elbo,66000,-0.0012574543070513755,0.0006850338512512266,10
DSIVI,multimodal,elbo,67000,-0.0012047155789332465,0.000873016616865454,10
DSIVI,multimodal,elbo,68000,-0.0009397807152708992,0.0007764592077512048,10
DSIVI,multimodal,elbo,69000,-0.0011355068359989672,0.000658893634262912,10
DSIVI,multimodal,elbo,70000,-0.0011081165837822482,0.0007623105239802828,10
DSIVI,multimodal,elbo,71000,-0.0012898898450657726,0.00037356372437365084,10
DSIVI,multimodal,elbo,72000,-0.0010399414168205112,0.0009668276717028692,10
DSIVI,multimodal,elbo,73000,-0.0005249262925644871,0.0009921139466740254,10
DSIVI,multimodal,elbo,74000,-0.000946291844593361,0.00033722312032093246,10
DSIVI,multimodal,elbo,75000,-0.001163196652487386,0.0007850746777686577,10
DSIVI,multimodal,elbo,76000,-0.0014749463422049302,0.0007358577914765679,10
DSIVI,multimodal,elbo,77000,-0.0013414403249043972,0.0010549768827106116,10
DSIVI,multimodal,elbo,78000,-0.001409492240054533,0.0005962285966579873,10
DSIVI,multimodal,elbo,79000,-0.0007885234696004773,0.0006058935600250056,10
DSIVI,multimodal,elbo,80000,-0.0012502013705670834,0.0007414556291366765,10
DSIVI,multimodal,elbo,81000,-0.0006582153771887533,0.0006041232491595955,10
DSIVI,multimodal,elbo,82000,-0.0009261991210223642,0.0007689339430659571,10
DSIVI,multimodal,elbo,83000,-0.0008707724962732754,0.0008348488608976401,10
DSIVI,multimodal,elbo,84000,-0.0010199596894381103,0.0007688782045040086,10
DSIVI,multimodal,elbo,85000,-0.0010745908235548995,0.000624102343716202,10
DSIVI,multimodal,elbo,86000,-0.0010578323679510504,0.00046715808180642916,10
DSIVI,multimodal,elbo,87000,-0.000772836845862912,0.0006457389151280314,10
DSIVI,multimodal,elbo,88000,-0.0008322533627506346,0.0005396359898118843,10
DSIVI,multimodal,elbo,89000,-0.0010537094611208885,0.0005403175557476321,10
DSIVI,multimodal,elbo,90000,-0.0009499366075033322,0.0005277435689172234,10
DSIVI,multimodal,elbo,91000,-0.0009668226673966273,0.0006342592301903698,10
DSIVI,multimodal,elbo,92000,-0.0009174193122817087,0.0009627077382668031,10
DSIVI,multimodal,elbo,93000,-0.0009936103346262827,0.0009684029999664391,10
DSIVI,multimodal,elbo,94000,-0.0006656386351096444,0.00038882684025463415,10
DSIVI,multimodal,elbo,95000,-0.000736367263016291,0.00054370229037216,10
DSIVI,multimodal,elbo,96000,-0.0007136887754313648,0.0003542887709353094,10
DSIVI,multimodal,elbo,97000,-0.0006488935054221656,0.0005880621561515834,10
DSIVI,multimodal,elbo,98000,-0.0005660549264575821,0.000578360556731774,10
DSIVI,multimodal,elbo,99000,-0.0010602603055303917,0.0005358432744613446,10
DSIVI,multimodal,elbo,100000,-0.0010097802907694132,0.0003596578940692159,10
KDVI,multimodal,elbo,5000,-2.401295232772827,0.15467678373584481,10
KDVI,multimodal,elbo,10000,-1.1873007655143737,0.1524096679653969,10
KDVI,multimodal,elbo,15000,-0.6539030313491822,0.07709785767638504,10
KDVI,multimodal,elbo,20000,-0.38107440769672396,0.05031707605977019,10
KDVI,multimodal,elbo,25000,-0.2120536357164383,0.020455059483626366,10
KDVI,multimodal,elbo,30000,-0.11994829624891282,0.016653419580052512,10
KDVI,multimodal,elbo,35000,-0.06327400542795658,0.008179959885748194,10
KDVI,multimodal,elbo,40000,-0.03152664508670568,0.004479593322822052,10
KDVI,multimodal,elbo,45000,-0.014125697966665029,0.0023728143284375003,10
KDVI,multimodal,elbo,50000,-0.010295000299811364,0.006212451234100713,10
KDVI,multimodal,elbo,55000,-0.007061767973937094,0.0032067018836897825,10
KDVI,multimodal,elbo,60000,-0.008062005508691072,0.001985210710501205,10
KDVI,multimodal,elbo,65000,-0.0063509174389764665,0.0013268829736527569,10
KDVI,multimodal,elbo,70000,-0.006621933006681502,0.002313935234229738,10
KDVI,multimodal,elbo,75000,-0.006637097406201065,0.002971733824684718,10
KDVI,multimodal,elbo,80000,-0.005596073251217604,0.0007200707036039843,10
KDVI,multimodal,elbo,85000,-0.004584568762220442,0.0013422926565395598,10
KDVI,multimodal,elbo,90000,-0.007141832681372762,0.002559782356383185,10
KDVI,multimodal,elbo,95000,-0.005556080001406371,0.0026096605692175995,10
KDVI,multimodal,elbo,100000,-0.006530957017093897,0.0013019710192714816,10
DSIVI,multimodal,kl_ite,1000,1.8669795229879753,0.033328525007021846,10
DSIVI,multimodal,kl_ite,2000,1.6959666757943466,0.047141283537681246,10
DSIVI,multimodal,kl_ite,3000,1.5302965057996367,0.05169108440262244,10
DSIVI,multimodal,kl_ite,4000,1.3791062608879974,0.02901439225131943,10
DSIVI,multimodal,kl_ite,5000,1.2590521892714395,0.021599642537717696,10
DSIVI,multimodal,kl_ite,6000,1.1076404235171649,0.0263290280945649,10
DSIVI,multimodal,kl_ite,7000,0.9901373984556006,0.024036219371819746,10
DSIVI,multimodal,kl_ite,8000,0.8727234415550138,0.029678534262025134,10
DSIVI,multimodal,kl_ite,9000,0.7942814595224681,0.031242515638113155,10
DSIVI,multimodal,kl_ite,10000,0.7104851987639692,0.020977799041527356,10
DSIVI,multimodal,kl_ite,11000,0.6427655697570602,0.02777485225042885,10
DSIVI,multimodal,kl_ite,12000,0.5814092018504952,0.02377600268614321,10
DSIVI,multimodal,kl_ite,13000,0.5154709604736292,0.021845752671221803,10
DSIVI,multimodal,kl_ite,14000,0.4724258621950952,0.025265696857366217,10
DSIVI,multimodal,kl_ite,15000,0.41557962401086634,0.021751219500001532,10
DSIVI,multimodal,kl_ite,16000,0.3776015528504188,0.0195178726491895,10
DSIVI,multimodal,kl_ite,17000,0.3444881714572774,0.01660322641107045,10
DSIVI,multimodal,kl_ite,18000,0.3010195132828518,0.0261790625652428,10
DSIVI,multimodal,kl_ite,19000,0.27052058368779874,0.0185023285989946,10
DSIVI,multimodal,kl_ite,20000,0.2537291542891977,0.02024955545331576,10
DSIVI,multimodal,kl_ite,21000,0.22741269670108705,0.015287459482664233,10
DSIVI,multimodal,kl_ite,22000,0.19532526575956596,0.010777276324085068,10
DSIVI,multimodal,kl_ite,23000,0.18208547723607546,0.020823112488477596,10
DSIVI,multimodal,kl_ite,24000,0.16268533167371252,0.015016498865912269,10
DSIVI,multimodal,kl_ite,25000,0.14757140775021557,0.010385271818142578,10
DSIVI,multimodal,kl_ite,26000,0.1290729850307541,0.016093921789897204,10
DSIVI,multimodal,kl_ite,27000,0.10740498484876548,0.01166356108837475,10
DSIVI,multimodal,kl_ite,28000,0.09175620030694141,0.014444053624156513,10
DSIVI,multimodal,kl_ite,29000,0.08519144849266817,0.014043464235907936,10
DSIVI,multimodal,kl_ite,30000,0.07535793571416406,0.015637827612911145,10
DSIVI,multimodal,kl_ite,31000,0.07051442468147882,0.012025590568098326,10
DSIVI,multimodal,kl_ite,32000,0.05658215623903597,0.010054908723037492,10
DSIVI,multimodal,kl_ite,33000,0.050571395196672454,0.011543944096872417,10
DSIVI,multimodal,kl_ite,34000,0.03983480176952488,0.011872861606498947,10
DSIVI,multimodal,kl_ite,35000,0.03509765392668676,0.014332859704166886,10
DSIVI,multimodal,kl_ite,36000,0.02440384477395643,0.01128678988178574,10
DSIVI,multimodal,kl_ite,37000,0.02094405958933809,0.007855473108057173,10
DSIVI,multimodal,kl_ite,38000,0.02081078178532248,0.013084216825058574,10
DSIVI,multimodal,kl_ite,39000,0.020001664113348284,0.010807550937967793,10
DSIVI,multimodal,kl_ite,40000,0.008685932812437812,0.011606226809255512,10
DSIVI,multimodal,kl_ite,41000,0.004578643101848291,0.008976640539613162,10
DSIVI,multimodal,kl_ite,42000,0.004934151848153065,0.014912281544957008,10
DSIVI,multimodal,kl_ite,43000,0.007731900238006427,0.0071318041644997665,10
DSIVI,multimodal,kl_ite,44000,0.0008714514920850125,0.014712011925681879,10
DSIVI,multimodal,kl_ite,45000,0.00755429931058522,0.01009374497884939,10
DSIVI,multimodal,kl_ite,46000,0.00789627508119148,0.011511947885565888,10
DSIVI,multimodal,kl_ite,47000,0.001080762399805563,0.011775664422083257,10
DSIVI,multimodal,kl_ite,48000,0.006322939396858169,0.007274877381701341,10
DSIVI,multimodal,kl_ite,49000,-0.0013061413907141143,0.007432891813647999,10
DSIVI,multimodal,kl_ite,50000,0.004491807348472373,0.005893006188713262,10
DSIVI,multimodal,kl_ite,51000,0.009927636338762017,0.011116899603035852,10
DSIVI,multimodal,kl_ite,52000,0.0002709375618268811,0.006055355823990821,10
DSIVI,multimodal,kl_ite,53000,0.005170266705408216,0.013756801875416906,10
DSIVI,multimodal,kl_ite,54000,-0.0015638669593514443,0.008548903395936835,10
DSIVI,multimodal,kl_ite,55000,-0.0031949627295754,0.011484233322655395,10
DSIVI,multimodal,kl_ite,56000,0.007337782209467372,0.011381168044304321,10
DSIVI,multimodal,kl_ite,57000,0.006095126823487831,0.007589819323765495,10
DSIVI,multimodal,kl_ite,58000,-0.002107562636337092,0.009279854098710452,10
DSIVI,multimodal,kl_ite,59000,0.004705606726628315,0.010650283645778847,10
DSIVI,multimodal,kl_ite,60000,-0.0007309250199466241,0.005610111508014006,10
DSIVI,multimodal,kl_ite,61000,0.0018068447202700924,0.009622907343892673,10
DSIVI,multimodal,kl_ite,62000,0.0028626693579016822,0.011046550373528637,10
DSIVI,multimodal,kl_ite,63000,-0.005067336573742021,0.011555183969532597,10
DSIVI,multimodal,kl_ite,64000,0.0012534661986314507,0.008864587577146633,10
DSIVI,multimodal,kl_ite,65000,0.0013306621762646824,0.011453437127152548,10
DSIVI,multimodal,kl_ite,66000,-0.0056244398989989345,0.013383642589031826,10
DSIVI,multimodal,kl_ite,67000,0.005093870842140173,0.010624803674547387,10
DSIVI,multimodal,kl_ite,68000,0.0004171246620620045,0.008720445801063202,10
DSIVI,multimodal,kl_ite,69000,-0.0009418834005107464,0.008322209108343961,10
DSIVI,multimodal,kl_ite,70000,-0.0006141168257667161,0.01113196275087192,10
DSIVI,multimodal,kl_ite,71000,-0.0015835806532003838,0.011511781842804037,10
DSIVI,multimodal,kl_ite,72000,0.006919798228575494,0.011721542900020967,10
DSIVI,multimodal,kl_ite,73000,0.0012722054291146253,0.011991587765861822,10
DSIVI,multimodal,kl_ite,74000,0.001390461885688085,0.012089777367319874,10
DSIVI,multimodal,kl_ite,75000,0.006250564027712779,0.010464776711154401,10
DSIVI,multimodal,kl_ite,76000,-0.0013571620771449632,0.010413879851248822,10
DSIVI,multimodal,kl_ite,77000,-0.0012879769123693503,0.006931930924061304,10
DSIVI,multimodal,kl_ite,78000,0.0013655220508601424,0.0091942782143184,10
DSIVI,multimodal,kl_ite,79000,0.003436502913961049,0.011000030108790885,10
DSIVI,multimodal,kl_ite,80000,0.0017737666142220037,0.010108175127739373,10
DSIVI,multimodal,kl_ite,81000,-0.0016586676963709942,0.009090641024770954,10
DSIVI,multimodal,kl_ite,82000,-0.001787356459176216,0.007380847530672136,10
DSIVI,multimodal,kl_ite,83000,0.00047924380798121966,0.00906812655894986,10
DSIVI,multimodal,kl_ite,84000,0.00530909008005922,0.01359475050518883,10
DSIVI,multimodal,kl_ite,85000,0.004936549938338373,0.008751396680040694,10
DSIVI,multimodal,kl_ite,86000,-0.002148974726172768,0.012796609167667583,10
DSIVI,multimodal,kl_ite,87000,0.0057358617492614524,0.013923911434642194,10
DSIVI,multimodal,kl_ite,88000,0.0021614701705460664,0.009166011412919669,10
DSIVI,multimodal,kl_ite,89000,0.0012129744415172307,0.009888288715053987,10
DSIVI,multimodal,kl_ite,90000,0.0028887332868601256,0.008781923782988105,10
DSIVI,multimodal,kl_ite,91000,0.000582090423922327,0.009727365114277815,10
DSIVI,multimodal,kl_ite,92000,1.0383547679284657e-05,0.006575208372201648,10
DSIVI,multimodal,kl_ite,93000,-0.005461171555542373,0.008956667083718504,10
DSIVI,multimodal,kl_ite,94000,0.0021415658716054348,0.009027573032377193,10
DSIVI,multimodal,kl_ite,95000,0.00013784293929895125,0.014419938024391442,10
DSIVI,multimodal,kl_ite,96000,0.0026339285378258956,0.009518620215863298,10
DSIVI,multimodal,kl_ite,97000,0.003162293890937555,0.010560478758504974,10
DSIVI,multimodal,kl_ite,98000,-0.00020393476891600055,0.009341697235425122,10
DSIVI,multimodal,kl_ite,99000,-0.003149510320697989,0.007047785835280626,10
DSIVI,multimodal,kl_ite,100000,0.00024501590422300307,0.010782559863095642,10
KDVI,multimodal,kl_ite,5000,1.255431581812274,0.06627951669047727,10
KDVI,multimodal,kl_ite,10000,0.7196167088080994,0.05285113118995834,10
KDVI,multimodal,kl_ite,15000,0.4495508132987192,0.03963830239695026,10
KDVI,multimodal,kl_ite,20000,0.28137860972481105,0.03503471446092595,10
KDVI,multimodal,kl_ite,25000,0.15251064273698434,0.012132156562500145,10
KDVI,multimodal,kl_ite,30000,0.08595603007661222,0.01640985801937677,10
KDVI,multimodal,kl_ite,35000,0.050892294621649445,0.014221301271332667,10
KDVI,multimodal,kl_ite,40000,0.020633111041649044,0.014921680020427047,10
KDVI,multimodal,kl_ite,45000,0.006668402499891786,0.012167022358124897,10
KDVI,multimodal,kl_ite,50000,0.003262969056529132,0.014490159117837588,10
KDVI,multimodal,kl_ite,55000,-0.0032887306274317256,0.011168526027648588,10
KDVI,multimodal,kl_ite,60000,0.005832801987439169,0.013667247350732614,10
KDVI,multimodal,kl_ite,65000,0.00650697459936112,0.010634285038494375,10
KDVI,multimodal,kl_ite,70000,-0.0048502934321616896,0.009219645278428286,10
KDVI,multimodal,kl_ite,75000,-0.00025728467508531993,0.014089119723264555,10
KDVI,multimodal,kl_ite,80000,0.0014497831156029782,0.008639822836445623,10
KDVI,multimodal,kl_ite,85000,0.001963962395928342,0.010290162215085455,10
KDVI,multimodal,kl_ite,90000,-0.002429215788704172,0.01131839888704992,10
KDVI,multimodal,kl_ite,95000,-0.002071757212026782,0.00843013433310539,10
KDVI,multimodal,kl_ite,100000,0.001064945137568653,0.007539573963379845,10
DSIVI,multimodal,w2,1000,1.7569928526878358,0.03539657585190239,10
DSIVI,multimodal,w2,2000,1.5653952717781068,0.01491376824473605,10
DSIVI,multimodal,w2,3000,1.3996797919273376,0.02420152786982119,10
DSIVI,multimodal,w2,4000,1.265520942211151,0.009111488483879675,10
DSIVI,multimodal,w2,5000,1.1675964713096618,0.01552717907230891,10
DSIVI,multimodal,w2,6000,1.0640505313873292,0.013401212896746933,10
DSIVI,multimodal,w2,7000,0.9799152195453644,0.01612863654322199,10
DSIVI,multimodal,w2,8000,0.9059173583984375,0.0147709772008342,10
DSIVI,multimodal,w2,9000,0.8365586578845978,0.012858109313781087,10
DSIVI,multimodal,w2,10000,0.7876075625419616,0.010101601118964701,10
DSIVI,multimodal,w2,11000,0.7273464739322663,0.010559572322713434,10
DSIVI,multimodal,w2,12000,0.6755917847156525,0.009076795450319575,10
DSIVI,multimodal,w2,13000,0.6375841856002807,0.014931705100691677,10
DSIVI,multimodal,w2,14000,0.596302616596222,0.009091775138699396,10
DSIVI,multimodal,w2,15000,0.5605695605278015,0.012606633942554846,10
DSIVI,multimodal,w2,16000,0.5206783950328827,0.005737776644593597,10
DSIVI,multimodal,w2,17000,0.4910170674324036,0.010467233222152716,10
DSIVI,multimodal,w2,18000,0.4585789769887924,0.011970043418951413,10
DSIVI,multimodal,w2,19000,0.4344385594129562,0.019706620516579943,10
DSIVI,multimodal,w2,20000,0.4045876801013947,0.013047815908785681,10
DSIVI,multimodal,w2,21000,0.38121384382247925,0.008641397134156206,10
DSIVI,multimodal,w2,22000,0.3636135905981064,0.008478390475634756,10
DSIVI,multimodal,w2,23000,0.34232011139392854,0.009487749908777309,10
DSIVI,multimodal,w2,24000,0.31698424816131593,0.01203978267895354,10
DSIVI,multimodal,w2,25000,0.30236864984035494,0.011255908282990503,10
DSIVI,multimodal,w2,26000,0.2787103533744812,0.010956948645910559,10
DSIVI,multimodal,w2,27000,0.26459030359983443,0.013229052574309376,10
DSIVI,multimodal,w2,28000,0.24248114377260208,0.012688254072114245,10
DSIVI,multimodal,w2,29000,0.2285757213830948,0.010183942081470134,10
DSIVI,multimodal,w2,30000,0.21553635001182556,0.00924783699346489,10
DSIVI,multimodal,w2,31000,0.19759732931852342,0.008636471985759266,10
DSIVI,multimodal,w2,32000,0.18864428251981735,0.007949897899468405,10
DSIVI,multimodal,w2,33000,0.172880120575428,0.013241932318394614,10
DSIVI,multimodal,w2,34000,0.16389085054397584,0.013117851328982992,10
DSIVI,multimodal,w2,35000,0.1524479404091835,0.008421091333925124,10
DSIVI,multimodal,w2,36000,0.13467426151037215,0.0056556615579675664,10
DSIVI,multimodal,w2,37000,0.12664587423205376,0.013957356666126113,10
DSIVI,multimodal,w2,38000,0.11528309062123299,0.007744039515138149,10
DSIVI,multimodal,w2,39000,0.10167981162667275,0.006229150364705115,10
DSIVI,multimodal,w2,40000,0.09667213335633278,0.010256360655748416,10
DSIVI,multimodal,w2,41000,0.08096804991364479,0.008431337047697642,10
DSIVI,multimodal,w2,42000,0.07961558550596237,0.010641191088324538,10
DSIVI,multimodal,w2,43000,0.06794079840183258,0.008250288257800187,10
DSIVI,multimodal,w2,44000,0.06172384470701218,0.010950507459379444,10
DSIVI,multimodal,w2,45000,0.05454402863979339,0.014353625862890716,10
DSIVI,multimodal,w2,46000,0.05290876142680645,0.017326052895262373,10
DSIVI,multimodal,w2,47000,0.046663126721978185,0.017454087473477844,10
DSIVI,multimodal,w2,48000,0.03860174957662821,0.008985583999280459,10
DSIVI,multimodal,w2,49000,0.041627861000597476,0.017705338651943795,10
DSIVI,multimodal,w2,50000,0.04230519384145737,0.01193057299853673,10
DSIVI,multimodal,w2,51000,0.04181549046188593,0.015825562632598173,10
DSIVI,multimodal,w2,52000,0.04428740683943033,0.02529701887666373,10
DSIVI,multimodal,w2,53000,0.03826124537736177,0.013437231533969831,10
DSIVI,multimodal,w2,54000,0.04551215618848801,0.016091550355914915,10
DSIVI,multimodal,w2,55000,0.03993440829217434,0.018054599477153637,10
DSIVI,multimodal,w2,56000,0.03886533062905073,0.01129841142723125,10
DSIVI,multimodal,w2,57000,0.04037491697818041,0.023300299001039075,10
DSIVI,multimodal,w2,58000,0.04051385037600994,0.025711750025012206,10
DSIVI,multimodal,w2,59000,0.046695912070572373,0.02419276110858394,10
DSIVI,multimodal,w2,60000,0.04265264943242073,0.012916585802224465,10
DSIVI,multimodal,w2,61000,0.04087953548878431,0.02066790904787766,10
DSIVI,multimodal,w2,62000,0.038108440674841405,0.016851090025825077,10
DSIVI,multimodal,w2,63000,0.035772417299449445,0.017115095195941996,10
DSIVI,multimodal,w2,64000,0.030009395442903042,0.009957212353400562,10
DSIVI,multimodal,w2,65000,0.04257104974240065,0.015862127336168572,10
DSIVI,multimodal,w2,66000,0.029474257305264474,0.0055732747857605075,10
DSIVI,multimodal,w2,67000,0.04084484148770571,0.017521590750224587,10
DSIVI,multimodal,w2,68000,0.037593815848231314,0.0155035068464803,10
DSIVI,multimodal,w2,69000,0.0354969747364521,0.014723426017276123,10
DSIVI,multimodal,w2,70000,0.035623688250780106,0.01217223145758105,10
DSIVI,multimodal,w2,71000,0.036115636304020884,0.011746660782257255,10
DSIVI,multimodal,w2,72000,0.031704718433320525,0.007892125891740756,10
DSIVI,multimodal,w2,73000,0.03415585979819298,0.006998993917863945,10
DSIVI,multimodal,w2,74000,0.03550327979028225,0.006267589606712304,10
DSIVI,multimodal,w2,75000,0.033932021260261534,0.009852847608536946,10
DSIVI,multimodal,w2,76000,0.03522483315318823,0.009842224249966747,10
DSIVI,multimodal,w2,77000,0.03860173169523477,0.017250228418874074,10
DSIVI,multimodal,w2,78000,0.03104522917419672,0.007597604672546004,10
DSIVI,multimodal,w2,79000,0.028990671038627625,0.006154667499200444,10
DSIVI,multimodal,w2,80000,0.03921490665525198,0.016938484102554323,10
DSIVI,multimodal,w2,81000,0.03079336229711771,0.008364551026446948,10
DSIVI,multimodal,w2,82000,0.03315366320312023,0.01406064872080369,10
DSIVI,multimodal,w2,83000,0.0326566418632865,0.010133308951890307,10
DSIVI,multimodal,w2,84000,0.03650228045880795,0.021615130199448208,10
DSIVI,multimodal,w2,85000,0.029463873989880086,0.005885248254648643,10
DSIVI,multimodal,w2,86000,0.04046208150684834,0.018745880729439317,10
DSIVI,multimodal,w2,87000,0.0324387427419424,0.014005374963242985,10
DSIVI,multimodal,w2,88000,0.036172036081552505,0.014920758661478944,10
DSIVI,multimodal,w2,89000,0.03308169450610876,0.009563202396096641,10
DSIVI,multimodal,w2,90000,0.03480173517018557,0.009343670801808432,10
DSIVI,multimodal,w2,91000,0.030953274853527547,0.008758572590298282,10
DSIVI,multimodal,w2,92000,0.032681097462773326,0.008441807734654224,10
DSIVI,multimodal,w2,93000,0.03539435938000679,0.019041804146852276,10
DSIVI,multimodal,w2,94000,0.038141606748104094,0.014000940692490648,10
DSIVI,multimodal,w2,95000,0.03671204950660467,0.014330508100089623,10
DSIVI,multimodal,w2,96000,0.036797004751861095,0.00875237548053804,10
DSIVI,multimodal,w2,97000,0.032092867977917196,0.009450340380809245,10
DSIVI,multimodal,w2,98000,0.036096863262355325,0.013689555983717254,10
DSIVI,multimodal,w2,99000,0.02666939962655306,0.004822902439699939,10
DSIVI,multimodal,w2,100000,0.036476316303014754,0.01318708751726308,10
KDVI,multimodal,w2,5000,1.2313783526420594,0.03990716531223767,10
KDVI,multimodal,w2,10000,0.8293168723583222,0.052563722516714845,10
KDVI,multimodal,w2,15000,0.5983773648738862,0.04756085323107894,10
KDVI,multimodal,w2,20000,0.44128686785697935,0.04471888001975451,10
KDVI,multimodal,w2,25000,0.31748887300491335,0.02408365021226486,10
KDVI,multimodal,w2,30000,0.23102663904428483,0.021763462421849955,10
KDVI,multimodal,w2,35000,0.1560737445950508,0.01600025964145343,10
KDVI,multimodal,w2,40000,0.10628629103302956,0.014444875311517091,10
KDVI,multimodal,w2,45000,0.0659865528345108,0.00995099522116058,10
KDVI,multimodal,w2,50000,0.04268657807260752,0.020268264048548673,10
KDVI,multimodal,w2,55000,0.04469613563269377,0.015178159117440325,10
KDVI,multimodal,w2,60000,0.03645588178187609,0.007580493967788432,10
KDVI,multimodal,w2,65000,0.036878506653010845,0.010477935807678779,10
KDVI,multimodal,w2,70000,0.03511700108647346,0.010500926655758469,10
KDVI,multimodal,w2,75000,0.031772855669260025,0.00746703193202227,10
KDVI,multimodal,w2,80000,0.03222037218511105,0.007719274331260161,10
KDVI,multimodal,w2,85000,0.03618809133768082,0.014370579175303058,10
KDVI,multimodal,w2,90000,0.03499609157443047,0.013325410879611772,10
KDVI,multimodal,w2,95000,0.029980339482426642,0.00451828313696534,10
KDVI,multimodal,w2,100000,0.03254094887524843,0.009138826614849322,10
DSIVI,student_uc,elbo,1000,-2.7720580101013184,0.02452678883048687,10
DSIVI,student_uc,elbo,2000,-2.8902025699615477,0.12129172483314506,10
DSIVI,student_uc,elbo,3000,-2.7952747106552125,0.11150089187586867,10
DSIVI,student_uc,elbo,4000,-2.727211666107178,0.03597174692209993,10
DSIVI,student_uc,elbo,5000,-2.7048073291778563,0.010400203318457263,10
DSIVI,student_uc,elbo,6000,-2.7756768703460692,0.2275082614337472,10
DSIVI,student_uc,elbo,7000,-2.7029794216156007,0.012629220365507806,10
DSIVI,student_uc,elbo,8000,-2.695117974281311,0.004140007626071656,10
DSIVI,student_uc,elbo,9000,-2.693611001968384,0.004756581690796288,10
DSIVI,student_uc,elbo,10000,-2.692851710319519,0.005761654964278035,10
DSIVI,student_uc,elbo,11000,-2.689983916282654,0.005641357392840173,10
DSIVI,student_uc,elbo,12000,-2.6925741910934446,0.007087921856198815,10
DSIVI,student_uc,elbo,13000,-2.6895870685577394,0.007230950027531329,10
DSIVI,student_uc,elbo,14000,-2.6927053451538088,0.011157157956059531,10
DSIVI,student_uc,elbo,15000,-2.6991923332214354,0.02065819395718532,10
DSIVI,student_uc,elbo,16000,-2.700258469581604,0.025237833329079362,10
DSIVI,student_uc,elbo,17000,-2.711421990394592,0.06800918844418316,10
DSIVI,student_uc,elbo,18000,-2.7009974479675294,0.015368031011519605,10
DSIVI,student_uc,elbo,19000,-2.692694807052612,0.007101427400213471,10
DSIVI,student_uc,elbo,20000,-2.6903579473495483,0.006349865223925827,10
DSIVI,student_uc,elbo,21000,-2.6900465726852416,0.006748513716907424,10
DSIVI,student_uc,elbo,22000,-2.6899284601211546,0.007199045660848072,10
DSIVI,student_uc,elbo,23000,-2.6894800662994385,0.006481168726725002,10
DSIVI,student_uc,elbo,24000,-2.6903961181640623,0.005365806557419252,10
DSIVI,student_uc,elbo,25000,-2.6907650947570803,0.005943591916711782,10
DSIVI,student_uc,elbo,26000,-2.690442943572998,0.0070296002217503616,10
DSIVI,student_uc,elbo,27000,-2.6966896057128906,0.014251240448959887,10
DSIVI,student_uc,elbo,28000,-2.692073345184326,0.006874043729096561,10
DSIVI,student_uc,elbo,29000,-2.701936459541321,0.009382039593312314,10
DSIVI,student_uc,elbo,30000,-2.6939731359481813,0.01276533688276513,10
DSIVI,student_uc,elbo,31000,-2.687497639656067,0.007441990907838581,10
DSIVI,student_uc,elbo,32000,-2.6879538774490355,0.006076143089417142,10
DSIVI,student_uc,elbo,33000,-2.6884106159210206,0.009931510156093584,10
DSIVI,student_uc,elbo,34000,-2.689267301559448,0.006471457896927821,10
DSIVI,student_uc,elbo,35000,-2.6925143003463745,0.011744362162250443,10
DSIVI,student_uc,elbo,36000,-2.6914045810699463,0.012719460264457918,10
DSIVI,student_uc,elbo,37000,-2.6963828802108765,0.012239128713857824,10
DSIVI,student_uc,elbo,38000,-2.693666410446167,0.012036361745615768,10
DSIVI,student_uc,elbo,39000,-2.6932176113128663,0.011712075993144081,10
DSIVI,student_uc,elbo,40000,-2.6943236351013184,0.01548483644807618,10
DSIVI,student_uc,elbo,41000,-2.690042519569397,0.011193923641628188,10
DSIVI,student_uc,elbo,42000,-2.6904642820358275,0.012067441430379189,10
DSIVI,student_uc,elbo,43000,-2.688409996032715,0.009190347569019654,10
DSIVI,student_uc,elbo,44000,-2.6904006242752074,0.011980135888103425,10
DSIVI,student_uc,elbo,45000,-2.693251204490662,0.013560495310595631,10
DSIVI,student_uc,elbo,46000,-2.690941596031189,0.015364050288965344,10
DSIVI,student_uc,elbo,47000,-2.6930585384368895,0.01712751563334478,10
DSIVI,student_uc,elbo,48000,-2.6928634643554688,0.016210113272079628,10
DSIVI,student_uc,elbo,49000,-2.6909809589385985,0.018233264663853607,10
DSIVI,student_uc,elbo,50000,-2.688808798789978,0.011701114926468125,10
DSIVI,student_uc,elbo,51000,-2.6869685888290404,0.008461310978602875,10
DSIVI,student_uc,elbo,52000,-2.6881930828094482,0.008519034108049646,10
DSIVI,student_uc,elbo,53000,-2.6912996053695677,0.010863785304872892,10
DSIVI,student_uc,elbo,54000,-2.690212607383728,0.011511578147785011,10
DSIVI,student_uc,elbo,55000,-2.6899240255355834,0.01048564301707997,10
DSIVI,student_uc,elbo,56000,-2.688396954536438,0.00843584193876086,10
DSIVI,student_uc,elbo,57000,-2.6903965950012205,0.01094720976802968,10
DSIVI,student_uc,elbo,58000,-2.6891773462295534,0.005290227093437031,10
DSIVI,student_uc,elbo,59000,-2.6888681650161743,0.010846485821296048,10
DSIVI,student_uc,elbo,60000,-2.688876914978027,0.010702149743688036,10
DSIVI,student_uc,elbo,61000,-2.6889272689819337,0.00784491985399306,10
DSIVI,student_uc,elbo,62000,-2.6887113094329833,0.005829162298464569,10
DSIVI,student_uc,elbo,63000,-2.687612533569336,0.00655719416940477,10
DSIVI,student_uc,elbo,64000,-2.688985323905945,0.010059585823951197,10
DSIVI,student_uc,elbo,65000,-2.688997006416321,0.0076163251005134675,10
DSIVI,student_uc,elbo,66000,-2.688277816772461,0.009180579668130287,10
DSIVI,student_uc,elbo,67000,-2.6875121116638185,0.009902793628200691,10
DSIVI,student_uc,elbo,68000,-2.68849401473999,0.008576629810517865,10
DSIVI,student_uc,elbo,69000,-2.6891096115112303,0.007933023584233326,10
DSIVI,student_uc,elbo,70000,-2.6890960931777954,0.008056823523741635,10
DSIVI,student_uc,elbo,71000,-2.6859519481658936,0.007223992160923319,10
DSIVI,student_uc,elbo,72000,-2.6859355211257934,0.006686277672170418,10
DSIVI,student_uc,elbo,73000,-2.6864327669143675,0.007883162850614677,10
DSIVI,student_uc,elbo,74000,-2.688879442214966,0.006902766417119735,10
DSIVI,student_uc,elbo,75000,-2.686853551864624,0.008515166055141472,10
DSIVI,student_uc,elbo,76000,-2.6870778799057007,0.006700814987348372,10
DSIVI,student_uc,elbo,77000,-2.6874767541885376,0.00713621245035367,10
DSIVI,student_uc,elbo,78000,-2.6881348371505736,0.005844752105172689,10
DSIVI,student_uc,elbo,79000,-2.6876129865646363,0.007472887506416015,10
DSIVI,student_uc,elbo,80000,-2.686973810195923,0.008522272999687046,10
DSIVI,student_uc,elbo,81000,-2.688530445098877,0.00886097685223029,10
DSIVI,student_uc,elbo,82000,-2.6876478672027586,0.00929616445313386,10
DSIVI,student_uc,elbo,83000,-2.6879198789596557,0.008211103030063263,10
DSIVI,student_uc,elbo,84000,-2.6885771989822387,0.008199028670318617,10
DSIVI,student_uc,elbo,85000,-2.6880542278289794,0.006418422195862154,10
DSIVI,student_uc,elbo,86000,-2.6866734504699705,0.006081233839195692,10
DSIVI,student_uc,elbo,87000,-2.687527561187744,0.005959384327821225,10
DSIVI,student_uc,elbo,88000,-2.6890558004379272,0.005635410943996283,10
DSIVI,student_uc,elbo,89000,-2.68862521648407,0.006741563056696588,10
DSIVI,student_uc,elbo,90000,-2.6865975618362428,0.006096792065543068,10
DSIVI,student_uc,elbo,91000,-2.6868271112442015,0.005405382389746787,10
DSIVI,student_uc,elbo,92000,-2.688110113143921,0.010868405348409826,10
DSIVI,student_uc,elbo,93000,-2.6873196840286253,0.00958270492859283,10
DSIVI,student_uc,elbo,94000,-2.6879902839660645,0.009311575428409664,10
DSIVI,student_uc,elbo,95000,-2.687501621246338,0.007197272956830083,10
DSIVI,student_uc,elbo,96000,-2.688266968727112,0.00943825404116342,10
DSIVI,student_uc,elbo,97000,-2.686841368675232,0.007342269304005689,10
DSIVI,student_uc,elbo,98000,-2.6893104314804077,0.009510754731248891,10
DSIVI,student_uc,elbo,99000,-2.6861526012420653,0.008350854901324567,10
DSIVI,student_uc,elbo,100000,-2.6870822668075562,0.006262586172478605,10
KDVI,student_uc,elbo,5000,-2.7201586246490477,0.009703593612502556,10
KDVI,student_uc,elbo,10000,-2.7192013263702393,0.0020859229177245214,10
KDVI,student_uc,elbo,15000,-2.7163198947906495,0.004808556283856205,10
KDVI,student_uc,elbo,20000,-2.716311454772949,0.005842775674612818,10
KDVI,student_uc,elbo,25000,-2.715462589263916,0.00510480200465358,10
KDVI,student_uc,elbo,30000,-2.7124582290649415,0.0036917512439196957,10
KDVI,student_uc,elbo,35000,-2.714181733131409,0.003432041991238939,10
KDVI,student_uc,elbo,40000,-2.714481163024902,0.0039445609969881125,10
KDVI,student_uc,elbo,45000,-2.7101951360702516,0.003052636395192083,10
KDVI,student_uc,elbo,50000,-2.7054176807403563,0.004240970397313241,10
KDVI,student_uc,elbo,55000,-2.7061384677886964,0.004119570355458802,10
KDVI,student_uc,elbo,60000,-2.70364453792572,0.003280771612411322,10
KDVI,student_uc,elbo,65000,-2.702378678321838,0.004064455797291189,10
KDVI,student_uc,elbo,70000,-2.7004462003707888,0.0031154812119911,10
KDVI,student_uc,elbo,75000,-2.7000805377960204,0.005372051339643105,10
KDVI,student_uc,elbo,80000,-2.6997876167297363,0.0030985814943172204,10
KDVI,student_uc,elbo,85000,-2.6983087062835693,0.0028756494981198597,10
KDVI,student_uc,elbo,90000,-2.69920334815979,0.002176006284041053,10
KDVI,student_uc,elbo,95000,-2.69911367893219,0.0049926071057569505,10
KDVI,student_uc,elbo,100000,-2.6978663921356203,0.004064808882636342,10
DSIVI,student_uc,kl_ite,1000,0.10392477900107704,0.03275188409456702,10
DSIVI,student_uc,kl_ite,2000,0.1967625229532205,0.10326721261890344,10
DSIVI,student_uc,kl_ite,3000,0.10928921751374243,0.09912301599363757,10
DSIVI,student_uc,kl_ite,4000,0.05031301088333827,0.03153328976407788,10
DSIVI,student_uc,kl_ite,5000,0.034454343855173965,0.012638650575408123,10
DSIVI,student_uc,kl_ite,6000,0.0918271562403231,0.21002299840944716,10
DSIVI,student_uc,kl_ite,7000,0.034494608532026474,0.010002682346795574,10
DSIVI,student_uc,kl_ite,8000,0.024931469844484494,0.007015803380234006,10
DSIVI,student_uc,kl_ite,9000,0.025199225687630823,0.01082313773961998,10
DSIVI,student_uc,kl_ite,10000,0.021620327484082238,0.010256854270604033,10
DSIVI,student_uc,kl_ite,11000,0.017606615516401657,0.008348245786262289,10
DSIVI,student_uc,kl_ite,12000,0.018016309104114878,0.010290717715639316,10
DSIVI,student_uc,kl_ite,13000,0.01858958566376882,0.011147000464839612,10
DSIVI,student_uc,kl_ite,14000,0.01593810359256364,0.012776702346745763,10
DSIVI,student_uc,kl_ite,15000,0.020346248211810403,0.02547551579872283,10
DSIVI,student_uc,kl_ite,16000,0.02401674394327894,0.024524750813465338,10
DSIVI,student_uc,kl_ite,17000,0.03890109346777447,0.0583102531556075,10
DSIVI,student_uc,kl_ite,18000,0.029196308237762713,0.011593931631976126,10
DSIVI,student_uc,kl_ite,19000,0.02084402881274523,0.015934079458193032,10
DSIVI,student_uc,kl_ite,20000,0.018718338644394806,0.009183036986372866,10
DSIVI,student_uc,kl_ite,21000,0.012819080974272859,0.0094740715855233,10
DSIVI,student_uc,kl_ite,22000,0.011099360362717222,0.009875258256738776,10
DSIVI,student_uc,kl_ite,23000,0.016952857012119096,0.008383545826649828,10
DSIVI,student_uc,kl_ite,24000,0.012281984995816505,0.009249634150438942,10
DSIVI,student_uc,kl_ite,25000,0.01665057293017668,0.014509893084405895,10
DSIVI,student_uc,kl_ite,26000,0.014114911979648448,0.011346513391141384,10
DSIVI,student_uc,kl_ite,27000,0.0280158315064608,0.019539384002808254,10
DSIVI,student_uc,kl_ite,28000,0.021564312224124547,0.01520005707542695,10
DSIVI,student_uc,kl_ite,29000,0.01785438796287792,0.010876537586818984,10
DSIVI,student_uc,kl_ite,30000,0.01502090802621089,0.011808920481505699,10
DSIVI,student_uc,kl_ite,31000,0.016496133746799813,0.006834567432850179,10
DSIVI,student_uc,kl_ite,32000,0.01398444273285938,0.011494211010639275,10
DSIVI,student_uc,kl_ite,33000,0.015356378981096768,0.007470053801827679,10
DSIVI,student_uc,kl_ite,34000,0.017321220656855933,0.012630970318916902,10
DSIVI,student_uc,kl_ite,35000,0.012580638056224298,0.01206665119892724,10
DSIVI,student_uc,kl_ite,36000,0.0074504182571328275,0.014400347904380821,10
DSIVI,student_uc,kl_ite,37000,0.019038291082407895,0.012977249776409377,10
DSIVI,student_uc,kl_ite,38000,0.015751842616384733,0.00946777836214068,10
DSIVI,student_uc,kl_ite,39000,0.015633298107229403,0.009053979355758269,10
DSIVI,student_uc,kl_ite,40000,0.013029215442063955,0.01831531256766257,10
DSIVI,student_uc,kl_ite,41000,0.0046720491812466776,0.014612903413836488,10
DSIVI,student_uc,kl_ite,42000,0.012129659168538377,0.012359825844160836,10
DSIVI,student_uc,kl_ite,43000,0.01237757056181781,0.007079920193663288,10
DSIVI,student_uc,kl_ite,44000,0.013413231902297786,0.008968704846020316,10
DSIVI,student_uc,kl_ite,45000,0.007983140914287066,0.015821738509342924,10
DSIVI,student_uc,kl_ite,46000,0.013555647357263209,0.009142034783465315,10
DSIVI,student_uc,kl_ite,47000,0.011362752448861,0.015195816643190986,10
DSIVI,student_uc,kl_ite,48000,0.010942759094020699,0.0036049135009362074,10
DSIVI,student_uc,kl_ite,49000,0.004426410952920229,0.008396172790012918,10
DSIVI,student_uc,kl_ite,50000,0.008376874206992211,0.013087002987963755,10
DSIVI,student_uc,kl_ite,51000,0.007998172950823232,0.010388819249892035,10
DSIVI,student_uc,kl_ite,52000,0.014583634973643522,0.01022904365441633,10
DSIVI,student_uc,kl_ite,53000,0.011386869864430499,0.0072198221527791226,10
DSIVI,student_uc,kl_ite,54000,0.008753448415678107,0.017230574355172407,10
DSIVI,student_uc,kl_ite,55000,0.014486416853200304,0.007575016838534205,10
DSIVI,student_uc,kl_ite,56000,0.010672837359911536,0.014097612930928148,10
DSIVI,student_uc,kl_ite,57000,0.009395392812204762,0.006514312711770156,10
DSIVI,student_uc,kl_ite,58000,0.004562393134630439,0.009314706470238193,10
DSIVI,student_uc,kl_ite,59000,0.005233410327200776,0.010518981761416153,10
DSIVI,student_uc,kl_ite,60000,0.009226820924541117,0.013910098089185035,10
DSIVI,student_uc,kl_ite,61000,0.008244061457524864,0.009077859776794293,10
DSIVI,student_uc,kl_ite,62000,0.01080105062424899,0.006203239940364985,10
DSIVI,student_uc,kl_ite,63000,0.0069048080786567375,0.0057279828773494955,10
DSIVI,student_uc,kl_ite,64000,0.007335115739875729,0.011033276122579589,10
DSIVI,student_uc,kl_ite,65000,0.012092317510831108,0.008428844743845093,10
DSIVI,student_uc,kl_ite,66000,0.011795941505237505,0.005968487930894178,10
DSIVI,student_uc,kl_ite,67000,0.008733190748715324,0.006415252804768328,10
DSIVI,student_uc,kl_ite,68000,0.0069063624481889435,0.010454502503429367,10
DSIVI,student_uc,kl_ite,69000,0.009595957590676368,0.010595864073265099,10
DSIVI,student_uc,kl_ite,70000,0.007693230520882066,0.010397539548580026,10
DSIVI,student_uc,kl_ite,71000,0.006250077212007812,0.010306379451046083,10
DSIVI,student_uc,kl_ite,72000,0.008716492693476397,0.013204010336494109,10
DSIVI,student_uc,kl_ite,73000,0.007681875131935828,0.010783323626183441,10
DSIVI,student_uc,kl_ite,74000,0.005920933531507133,0.013082302740347409,10
DSIVI,student_uc,kl_ite,75000,0.01148045667175016,0.01174416776107576,10
DSIVI,student_uc,kl_ite,76000,0.009180527376456745,0.011641181379812876,10
DSIVI,student_uc,kl_ite,77000,0.0055757090072987145,0.009929280839943398,10
DSIVI,student_uc,kl_ite,78000,0.008497598007005903,0.01021582098058777,10
DSIVI,student_uc,kl_ite,79000,0.007700841263268981,0.014074752317033284,10
DSIVI,student_uc,kl_ite,80000,0.006743006994061415,0.01152024205980805,10
DSIVI,student_uc,kl_ite,81000,0.008169935528260423,0.0066894698056790035,10
DSIVI,student_uc,kl_ite,82000,0.004094433737778717,0.012191239806753943,10
DSIVI,student_uc,kl_ite,83000,0.005560584644396715,0.009052578988455124,10
DSIVI,student_uc,kl_ite,84000,0.0010905684861429801,0.007210133789900689,10
DSIVI,student_uc,kl_ite,85000,0.0017243297146202167,0.00975695465379582,10
DSIVI,student_uc,kl_ite,86000,0.005737827264022987,0.010671031085254657,10
DSIVI,student_uc,kl_ite,87000,0.008283900382961505,0.005147670416893603,10
DSIVI,student_uc,kl_ite,88000,0.0067507571058968135,0.013378177231290403,10
DSIVI,student_uc,kl_ite,89000,0.0041127581704470395,0.012166916806509172,10
DSIVI,student_uc,kl_ite,90000,0.010937823682158926,0.009644295358558944,10
DSIVI,student_uc,kl_ite,91000,0.005473474043485681,0.014403299434543266,10
DSIVI,student_uc,kl_ite,92000,0.009587334915676865,0.010683600565702904,10
DSIVI,student_uc,kl_ite,93000,0.006229156248986118,0.009753355767835469,10
DSIVI,student_uc,kl_ite,94000,0.0028384322654083655,0.00749709857337887,10
DSIVI,student_uc,kl_ite,95000,0.0034952615963651165,0.010605186177250403,10
DSIVI,student_uc,kl_ite,96000,0.001675775651456717,0.010035806188911232,10
DSIVI,student_uc,kl_ite,97000,0.005366791649337981,0.010176121473780076,10
DSIVI,student_uc,kl_ite,98000,0.007581850665897945,0.013444904400176552,10
DSIVI,student_uc,kl_ite,99000,0.0030133944680728816,0.012745203482607806,10
DSIVI,student_uc,kl_ite,100000,0.008403725848210666,0.012328469666632206,10
KDVI,student_uc,kl_ite,5000,0.044748550478512394,0.011420310650147683,10
KDVI,student_uc,kl_ite,10000,0.03971967719520698,0.012564383838414909,10
KDVI,student_uc,kl_ite,15000,0.03430713820306164,0.015793945070248186,10
KDVI,student_uc,kl_ite,20000,0.036241361465926755,0.01100620867232602,10
KDVI,student_uc,kl_ite,25000,0.03174831829779076,0.008459400173038135,10
KDVI,student_uc,kl_ite,30000,0.0358202753773866,0.008126951879774543,10
KDVI,student_uc,kl_ite,35000,0.034149980207661045,0.010783780397397977,10
KDVI,student_uc,kl_ite,40000,0.031586789064135784,0.007235558005009923,10
KDVI,student_uc,kl_ite,45000,0.033660272713696725,0.012433683017699856,10
KDVI,student_uc,kl_ite,50000,0.028423874316728902,0.00997836811646639,10
KDVI,student_uc,kl_ite,55000,0.02675866084478933,0.011868326608784207,10
KDVI,student_uc,kl_ite,60000,0.029004884463069425,0.012489248336683112,10
KDVI,student_uc,kl_ite,65000,0.023168991079771308,0.010328454422595397,10
KDVI,student_uc,kl_ite,70000,0.020041204673530877,0.013802236152317163,10
KDVI,student_uc,kl_ite,75000,0.022801359200353696,0.016710305265607427,10
KDVI,student_uc,kl_ite,80000,0.028147991997569666,0.014042170622544566,10
KDVI,student_uc,kl_ite,85000,0.019208832084957116,0.005386031964854829,10
KDVI,student_uc,kl_ite,90000,0.023518968083350848,0.009402697053013994,10
KDVI,student_uc,kl_ite,95000,0.025999743584376966,0.010990234398139,10
KDVI,student_uc,kl_ite,100000,0.02003801529774525,0.007058761352515798,10
DSIVI,student_uc,w2,1000,0.6702959179878235,0.017223788047345177,10
DSIVI,student_uc,w2,2000,0.6114937245845795,0.061666186138229426,10
DSIVI,student_uc,w2,3000,0.5993155896663666,0.026332291896572817,10
DSIVI,student_uc,w2,4000,0.5954689919948578,0.021352539149509325,10
DSIVI,student_uc,w2,5000,0.6038348376750946,0.014750157344915414,10
DSIVI,student_uc,w2,6000,0.6034807384014129,0.020528595290679647,10
DSIVI,student_uc,w2,7000,0.608271312713623,0.020526163231320844,10
DSIVI,student_uc,w2,8000,0.6081049919128418,0.016161017184694832,10
DSIVI,student_uc,w2,9000,0.6018836259841919,0.014639514821731705,10
DSIVI,student_uc,w2,10000,0.6093765437602997,0.014259524885356563,10
DSIVI,student_uc,w2,11000,0.5998367190361023,0.0175661955417392,10
DSIVI,student_uc,w2,12000,0.6003815472126007,0.01716325135347682,10
DSIVI,student_uc,w2,13000,0.5989150404930115,0.018825465975652895,10
DSIVI,student_uc,w2,14000,0.5947745025157929,0.017723419521395393,10
DSIVI,student_uc,w2,15000,0.5905546069145202,0.015011422494063318,10
DSIVI,student_uc,w2,16000,0.5966651022434235,0.013439680505584585,10
DSIVI,student_uc,w2,17000,0.5909339725971222,0.020384079786308764,10
DSIVI,student_uc,w2,18000,0.5843399882316589,0.017161547182408206,10
DSIVI,student_uc,w2,19000,0.5917804598808288,0.008967110614637864,10
DSIVI,student_uc,w2,20000,0.5922432839870453,0.012924328096839525,10
DSIVI,student_uc,w2,21000,0.5824879825115203,0.013734855290038657,10
DSIVI,student_uc,w2,22000,0.5806244373321533,0.013918856613277915,10
DSIVI,student_uc,w2,23000,0.580933803319931,0.02058855908565636,10
DSIVI,student_uc,w2,24000,0.5737028837203979,0.020696399942307268,10
DSIVI,student_uc,w2,25000,0.5790206313133239,0.02705684261469215,10
DSIVI,student_uc,w2,26000,0.5810529589653015,0.011580187904869128,10
DSIVI,student_uc,w2,27000,0.5794838547706604,0.019695439353557966,10
DSIVI,student_uc,w2,28000,0.5734333992004395,0.020881672270096394,10
DSIVI,student_uc,w2,29000,0.5802130281925202,0.012646778985167108,10
DSIVI,student_uc,w2,30000,0.5697417497634888,0.015943690999546522,10
DSIVI,student_uc,w2,31000,0.5711244106292724,0.015512872269087723,10
DSIVI,student_uc,w2,32000,0.5748800694942474,0.014683646318240247,10
DSIVI,student_uc,w2,33000,0.5761478126049042,0.0096949144919986,10
DSIVI,student_uc,w2,34000,0.5652125775814056,0.0187395720670742,10
DSIVI,student_uc,w2,35000,0.5788252353668213,0.01317768742354997,10
DSIVI,student_uc,w2,36000,0.5659142792224884,0.017676119588075277,10
DSIVI,student_uc,w2,37000,0.5715466022491456,0.018412823375363166,10
DSIVI,student_uc,w2,38000,0.5695252060890198,0.023197838120962277,10
DSIVI,student_uc,w2,39000,0.562700378894806,0.013652260391024199,10
DSIVI,student_uc,w2,40000,0.5719772279262543,0.01667130935442106,10
DSIVI,student_uc,w2,41000,0.5581939518451691,0.014216883697121136,10
DSIVI,student_uc,w2,42000,0.5615647673606873,0.012557513757994554,10
DSIVI,student_uc,w2,43000,0.5628397822380066,0.013101348993205137,10
DSIVI,student_uc,w2,44000,0.5619627714157105,0.011852149194701492,10
DSIVI,student_uc,w2,45000,0.5633043825626374,0.015876793581941342,10
DSIVI,student_uc,w2,46000,0.5589238226413726,0.011758839624582207,10
DSIVI,student_uc,w2,47000,0.5659741222858429,0.016477685444239477,10
DSIVI,student_uc,w2,48000,0.565211045742035,0.016907322216766236,10
DSIVI,student_uc,w2,49000,0.5607948124408721,0.016044440387501604,10
DSIVI,student_uc,w2,50000,0.5594971299171447,0.01328748099246823,10
DSIVI,student_uc,w2,51000,0.5698368191719055,0.014600385708427577,10
DSIVI,student_uc,w2,52000,0.5610508024692535,0.01394766334010008,10
DSIVI,student_uc,w2,53000,0.5642871916294098,0.011699108112933189,10
DSIVI,student_uc,w2,54000,0.5659640252590179,0.01967948119382778,10
DSIVI,student_uc,w2,55000,0.5617563486099243,0.013816249884358828,10
DSIVI,student_uc,w2,56000,0.5675618588924408,0.019806897162756566,10
DSIVI,student_uc,w2,57000,0.5627516448497772,0.014287078337814956,10
DSIVI,student_uc,w2,58000,0.5684423804283142,0.01444517772389835,10
DSIVI,student_uc,w2,59000,0.5668280482292175,0.014227623670447522,10
DSIVI,student_uc,w2,60000,0.5669065475463867,0.010073617484961746,10
DSIVI,student_uc,w2,61000,0.5641679108142853,0.016017450048255468,10
DSIVI,student_uc,w2,62000,0.5743347048759461,0.008731663803341295,10
DSIVI,student_uc,w2,63000,0.565918916463852,0.01104467528847353,10
DSIVI,student_uc,w2,64000,0.5695212185382843,0.010891431027245603,10
DSIVI,student_uc,w2,65000,0.5653498411178589,0.013609574255327285,10
DSIVI,student_uc,w2,66000,0.5576322257518769,0.013019514681872258,10
DSIVI,student_uc,w2,67000,0.5626890182495117,0.015902485308676707,10
DSIVI,student_uc,w2,68000,0.5631295919418335,0.01619606156017659,10
DSIVI,student_uc,w2,69000,0.5640026986598968,0.012823527189829535,10
DSIVI,student_uc,w2,70000,0.5566559970378876,0.01621550873994173,10
DSIVI,student_uc,w2,71000,0.5624600410461426,0.017919516905952355,10
DSIVI,student_uc,w2,72000,0.5583597660064697,0.013928275586098082,10
DSIVI,student_uc,w2,73000,0.5570358514785767,0.016987017417905162,10
DSIVI,student_uc,w2,74000,0.5595861554145813,0.010610021067464661,10
DSIVI,student_uc,w2,75000,0.5595781624317169,0.014339459319833055,10
DSIVI,student_uc,w2,76000,0.5689707696437836,0.019499024751845898,10
DSIVI,student_uc,w2,77000,0.5589893758296967,0.009960542510594445,10
DSIVI,student_uc,w2,78000,0.5622184813022614,0.013476552577586943,10
DSIVI,student_uc,w2,79000,0.5667073130607605,0.018397998435724504,10
DSIVI,student_uc,w2,80000,0.5660618245601654,0.01629340457178173,10
DSIVI,student_uc,w2,81000,0.5517304480075836,0.014861041566093549,10
DSIVI,student_uc,w2,82000,0.5640312731266022,0.009656201363745289,10
DSIVI,student_uc,w2,83000,0.5614697277545929,0.01213527308995903,10
DSIVI,student_uc,w2,84000,0.5581011831760406,0.013241109894039982,10
DSIVI,student_uc,w2,85000,0.5641977906227111,0.014582170102894516,10
DSIVI,student_uc,w2,86000,0.5582677245140075,0.011441514297867716,10
DSIVI,student_uc,w2,87000,0.5622105479240418,0.017666930379387845,10
DSIVI,student_uc,w2,88000,0.5587745785713196,0.008949287278643183,10
DSIVI,student_uc,w2,89000,0.5648691952228546,0.017597546739632812,10
DSIVI,student_uc,w2,90000,0.5642020463943481,0.010769399752672543,10
DSIVI,student_uc,w2,91000,0.5631315231323242,0.010431660954221917,10
DSIVI,student_uc,w2,92000,0.5654628694057464,0.013373660959934548,10
DSIVI,student_uc,w2,93000,0.5554835200309753,0.008036448038554321,10
DSIVI,student_uc,w2,94000,0.5607075393199921,0.011030346939162763,10
DSIVI,student_uc,w2,95000,0.5631435871124267,0.013678355577735375,10
DSIVI,student_uc,w2,96000,0.5541544079780578,0.016752608369551683,10
DSIVI,student_uc,w2,97000,0.5552228152751922,0.008993918463440505,10
DSIVI,student_uc,w2,98000,0.5628234267234802,0.012595166171003024,10
DSIVI,student_uc,w2,99000,0.5617731213569641,0.010989751441253208,10
DSIVI,student_uc,w2,100000,0.556532496213913,0.011264991726956112,10
KDVI,student_uc,w2,5000,0.6229983448982239,0.03595115250230547,10
KDVI,student_uc,w2,10000,0.6026873409748077,0.021427889841627173,10
KDVI,student_uc,w2,15000,0.610073059797287,0.02020610822903029,10
KDVI,student_uc,w2,20000,0.5964248955249787,0.021742482580880743,10
KDVI,student_uc,w2,25000,0.5862008273601532,0.026964794416693,10
KDVI,student_uc,w2,30000,0.5863449394702911,0.01787425049800102,10
KDVI,student_uc,w2,35000,0.5928913295269013,0.018229780812074246,10
KDVI,student_uc,w2,40000,0.593729168176651,0.010469336254038881,10
KDVI,student_uc,w2,45000,0.5792852759361267,0.02669564407887592,10
KDVI,student_uc,w2,50000,0.5982791066169739,0.012796322404724388,10
KDVI,student_uc,w2,55000,0.5818727374076843,0.024257142906254504,10
KDVI,student_uc,w2,60000,0.5888530433177948,0.012308798398215382,10
KDVI,student_uc,w2,65000,0.5916222751140594,0.01473358590233299,10
KDVI,student_uc,w2,70000,0.5795322775840759,0.015176062247343214,10
KDVI,student_uc,w2,75000,0.5927338838577271,0.018587135072078858,10
KDVI,student_uc,w2,80000,0.579467636346817,0.016586047966626622,10
KDVI,student_uc,w2,85000,0.588314825296402,0.023034351744293708,10
KDVI,student_uc,w2,90000,0.583660078048706,0.018261695923450314,10
KDVI,student_uc,w2,95000,0.5861141324043274,0.01447228982014726,10
KDVI,student_uc,w2,100000,0.5877405166625976,0.013635522747568074,10
DSIVI,x_shaped,elbo,1000,-5.819168043136597,0.20614158826577095,10
DSIVI,x_shaped,elbo,2000,-4.604649400711059,0.16020955264248204,10
DSIVI,x_shaped,elbo,3000,-3.6620369434356688,0.523304054364883,10
DSIVI,x_shaped,elbo,4000,-3.9400918245315553,1.1696996978285343,10
DSIVI,x_shaped,elbo,5000,-3.4402584791183473,1.453371168846689,10
DSIVI,x_shaped,elbo,6000,-2.786990249156952,1.2651190867534732,10
DSIVI,x_shaped,elbo,7000,-2.5986626505851746,1.0977515068563835,10
DSIVI,x_shaped,elbo,8000,-1.9935659646987915,0.9472575238646386,10
DSIVI,x_shaped,elbo,9000,-1.8356085062026977,0.3619988386206227,10
DSIVI,x_shaped,elbo,10000,-1.6032507419586182,0.3773395272227191,10
DSIVI,x_shaped,elbo,11000,-1.5854390621185304,0.5542465123945496,10
DSIVI,x_shaped,elbo,12000,-1.1274757087230682,0.15131720581086008,10
DSIVI,x_shaped,elbo,13000,-0.975591903924942,0.23462051143659593,10
DSIVI,x_shaped,elbo,14000,-0.9091934472322464,0.2376918267632362,10
DSIVI,x_shaped,elbo,15000,-1.060723227262497,0.3260984725855916,10
DSIVI,x_shaped,elbo,16000,-0.8612416565418244,0.15352908699915763,10
DSIVI,x_shaped,elbo,17000,-0.7524606645107269,0.18597694220494104,10
DSIVI,x_shaped,elbo,18000,-0.8912944257259369,0.27541392696172,10
DSIVI,x_shaped,elbo,19000,-0.6473518222570419,0.28390934975813764,10
DSIVI,x_shaped,elbo,20000,-0.6178658127784729,0.19589301335017387,10
DSIVI,x_shaped,elbo,21000,-0.5116522222757339,0.07745975751666463,10
DSIVI,x_shaped,elbo,22000,-0.4479187995195389,0.12959073865367787,10
DSIVI,x_shaped,elbo,23000,-0.45729677081108094,0.12871055348849766,10
DSIVI,x_shaped,elbo,24000,-0.3472749873995781,0.0876432799449477,10
DSIVI,x_shaped,elbo,25000,-0.31002440452575686,0.07266855741810385,10
DSIVI,x_shaped,elbo,26000,-0.2971050351858139,0.061773056824603934,10
DSIVI,x_shaped,elbo,27000,-0.31139637231826783,0.1154379463334337,10
DSIVI,x_shaped,elbo,28000,-0.2856588989496231,0.057224191183124586,10
DSIVI,x_shaped,elbo,29000,-0.2423790603876114,0.06187349663575027,10
DSIVI,x_shaped,elbo,30000,-0.23122070878744125,0.06373370333898168,10
DSIVI,x_shaped,elbo,31000,-0.17222171127796174,0.03379774409532603,10
DSIVI,x_shaped,elbo,32000,-0.17597951665520667,0.04845575577775513,10
DSIVI,x_shaped,elbo,33000,-0.1493094466626644,0.03932546541550712,10
DSIVI,x_shaped,elbo,34000,-0.14826249778270723,0.06565028546719313,10
DSIVI,x_shaped,elbo,35000,-0.13362930193543435,0.04975684777526726,10
DSIVI,x_shaped,elbo,36000,-0.12127827033400536,0.045479467433276174,10
DSIVI,x_shaped,elbo,37000,-0.10957459546625614,0.04577958714245413,10
DSIVI,x_shaped,elbo,38000,-0.09631395041942596,0.05295736054619744,10
DSIVI,x_shaped,elbo,39000,-0.09208299554884433,0.04260420689509695,10
DSIVI,x_shaped,elbo,40000,-0.08831378743052483,0.03529907846697197,10
DSIVI,x_shaped,elbo,41000,-0.07886413000524044,0.03586943630554421,10
DSIVI,x_shaped,elbo,42000,-0.07641751021146774,0.04602731566154591,10
DSIVI,x_shaped,elbo,43000,-0.06561162751168012,0.038527977502109255,10
DSIVI,x_shaped,elbo,44000,-0.06272844150662422,0.033881368831614994,10
DSIVI,x_shaped,elbo,45000,-0.05813531242311001,0.037233885141018726,10
DSIVI,x_shaped,elbo,46000,-0.054264426790177824,0.03997732652159018,10
DSIVI,x_shaped,elbo,47000,-0.05215217489749193,0.03872459601970603,10
DSIVI,x_shaped,elbo,48000,-0.053674787282943726,0.046021397739037254,10
DSIVI,x_shaped,elbo,49000,-0.04680999685078859,0.03231511381258289,10
DSIVI,x_shaped,elbo,50000,-0.04682875499129295,0.03627935479347454,10
DSIVI,x_shaped,elbo,51000,-0.041678649932146074,0.031733330087932686,10
DSIVI,x_shaped,elbo,52000,-0.04492702763527632,0.03724904760474477,10
DSIVI,x_shaped,elbo,53000,-0.045785064622759816,0.03095741484924355,10
DSIVI,x_shaped,elbo,54000,-0.04598419610410929,0.033318438580545943,10
DSIVI,x_shaped,elbo,55000,-0.04076144713908434,0.03432665755553641,10
DSIVI,x_shaped,elbo,56000,-0.043252136558294296,0.034662756159138754,10
DSIVI,x_shaped,elbo,57000,-0.0422501215711236,0.03472351848766534,10
DSIVI,x_shaped,elbo,58000,-0.03809104859828949,0.03512110129695815,10
DSIVI,x_shaped,elbo,59000,-0.04046386405825615,0.034775783655269024,10
DSIVI,x_shaped,elbo,60000,-0.04512155875563621,0.0407263330510955,10
DSIVI,x_shaped,elbo,61000,-0.04316833522170782,0.03557540081498344,10
DSIVI,x_shaped,elbo,62000,-0.038574316538870335,0.03466672604052449,10
DSIVI,x_shaped,elbo,63000,-0.035914336517453196,0.030080851713805663,10
DSIVI,x_shaped,elbo,64000,-0.039026392996311186,0.030424112690700125,10
DSIVI,x_shaped,elbo,65000,-0.038874248042702675,0.03105905772667994,10
DSIVI,x_shaped,elbo,66000,-0.03841049373149872,0.036438216709702466,10
DSIVI,x_shaped,elbo,67000,-0.03929879013448954,0.03449239519496371,10
DSIVI,x_shaped,elbo,68000,-0.04429209921509027,0.03440270551084636,10
DSIVI,x_shaped,elbo,69000,-0.041281020268797874,0.03459700249817165,10
DSIVI,x_shaped,elbo,70000,-0.03792373239994049,0.0329175259366646,10
DSIVI,x_shaped,elbo,71000,-0.036273990757763386,0.034118877299761145,10
DSIVI,x_shaped,elbo,72000,-0.03809281140565872,0.03269479447650822,10
DSIVI,x_shaped,elbo,73000,-0.03535645687952638,0.02726503453726659,10
DSIVI,x_shaped,elbo,74000,-0.037516411021351816,0.030244274039386444,10
DSIVI,x_shaped,elbo,75000,-0.03726307321339846,0.030558078303236733,10
DSIVI,x_shaped,elbo,76000,-0.040504485554993155,0.037049970887756745,10
DSIVI,x_shaped,elbo,77000,-0.03901541773229837,0.028414726042287734,10
DSIVI,x_shaped,elbo,78000,-0.03829125501215458,0.030508559164998006,10
DSIVI,x_shaped,elbo,79000,-0.03624884951859712,0.024887896273864264,10
DSIVI,x_shaped,elbo,80000,-0.035712717287242415,0.022173206092053067,10
DSIVI,x_shaped,elbo,81000,-0.03484424911439419,0.01817428871940684,10
DSIVI,x_shaped,elbo,82000,-0.034172787051647904,0.02151718107549862,10
DSIVI,x_shaped,elbo,83000,-0.03320415578782558,0.020348384765579146,10
DSIVI,x_shaped,elbo,84000,-0.03152114786207676,0.01358685400323842,10
DSIVI,x_shaped,elbo,85000,-0.034150519780814646,0.01510546215418977,10
DSIVI,x_shaped,elbo,86000,-0.031356503069400785,0.011576352981969087,10
DSIVI,x_shaped,elbo,87000,-0.027459979336708785,0.01150036022169297,10
DSIVI,x_shaped,elbo,88000,-0.03053114954382181,0.010892234123494453,10
DSIVI,x_shaped,elbo,89000,-0.027934997994452714,0.012415511368259195,10
DSIVI,x_shaped,elbo,90000,-0.027397273853421212,0.010302466389975168,10
DSIVI,x_shaped,elbo,91000,-0.02640085481107235,0.011045652473250407,10
DSIVI,x_shaped,elbo,92000,-0.027978739887475967,0.009173878571441548,10
DSIVI,x_shaped,elbo,93000,-0.027230551838874816,0.008201404561044436,10
DSIVI,x_shaped,elbo,94000,-0.0273432781919837,0.01095783628428183,10
DSIVI,x_shaped,elbo,95000,-0.029915606882423163,0.01081144874977152,10
DSIVI,x_shaped,elbo,96000,-0.0299521017819643,0.011830525042514582,10
DSIVI,x_shaped,elbo,97000,-0.028742873575538397,0.01387762420598453,10
DSIVI,x_shaped,elbo,98000,-0.028151681274175645,0.012379527569973767,10
DSIVI,x_shaped,elbo,99000,-0.027891673799604177,0.011634825239163215,10
DSIVI,x_shaped,elbo,100000,-0.027150201424956322,0.009690023349678174,10
KDVI,x_shaped,elbo,5000,-4.091517758369446,0.8451047238871047,10
KDVI,x_shaped,elbo,10000,-2.2254049301147463,0.5714212603470149,10
KDVI,x_shaped,elbo,15000,-1.2443420529365539,0.458813943209837,10
KDVI,x_shaped,elbo,20000,-0.762999415397644,0.32877739197129174,10
KDVI,x_shaped,elbo,25000,-0.5258060783147812,0.2341337331079718,10
KDVI,x_shaped,elbo,30000,-0.3248294860124588,0.22928897126314576,10
KDVI,x_shaped,elbo,35000,-0.2419097237288952,0.20463192666910787,10
KDVI,x_shaped,elbo,40000,-0.16239189133048057,0.1480980814133576,10
KDVI,x_shaped,elbo,45000,-0.13130368888378144,0.1386643188049103,10
KDVI,x_shaped,elbo,50000,-0.09816020336002111,0.1148133543965227,10
KDVI,x_shaped,elbo,55000,-0.09839140027761459,0.12142016222315573,10
KDVI,x_shaped,elbo,60000,-0.10617700349539519,0.1260982114780535,10
KDVI,x_shaped,elbo,65000,-0.09387523224577307,0.11879393561430857,10
KDVI,x_shaped,elbo,70000,-0.10281975511461497,0.13091525771252666,10
KDVI,x_shaped,elbo,75000,-0.10325564108788968,0.13719848510709257,10
KDVI,x_shaped,elbo,80000,-0.10105999056249856,0.12770542472472918,10
KDVI,x_shaped,elbo,85000,-0.09501291029155254,0.1169983500877843,10
KDVI,x_shaped,elbo,90000,-0.09474137797951698,0.1116233163104602,10
KDVI,x_shaped,elbo,95000,-0.10256411395967006,0.1319421439566174,10
KDVI,x_shaped,elbo,100000,-0.10024043843150139,0.12673592063694938,10
DSIVI,x_shaped,kl_ite,1000,2.1409350449178426,0.19785271193308998,10
DSIVI,x_shaped,kl_ite,2000,1.9612801700373494,0.08120006188475465,10
DSIVI,x_shaped,kl_ite,3000,1.6529222176647314,0.22540059165455703,10
DSIVI,x_shaped,kl_ite,4000,1.7344692388837817,0.33684895355146,10
DSIVI,x_shaped,kl_ite,5000,1.5657992958526639,0.3383032473540107,10
DSIVI,x_shaped,kl_ite,6000,1.34657913601169,0.3312001237826956,10
DSIVI,x_shaped,kl_ite,7000,1.3514146592768908,0.39406262859301977,10
DSIVI,x_shaped,kl_ite,8000,1.068305536557908,0.3362061318186722,10
DSIVI,x_shaped,kl_ite,9000,1.0148906417760386,0.17938563594019624,10
DSIVI,x_shaped,kl_ite,10000,0.9323019897223738,0.180653871116003,10
DSIVI,x_shaped,kl_ite,11000,0.9168623723623119,0.2487140149304844,10
DSIVI,x_shaped,kl_ite,12000,0.7149795030419973,0.10392051242085684,10
DSIVI,x_shaped,kl_ite,13000,0.6273864491491584,0.15396289346603118,10
DSIVI,x_shaped,kl_ite,14000,0.6009996579388727,0.1611921747114925,10
DSIVI,x_shaped,kl_ite,15000,0.6510154464932475,0.16382350882210783,10
DSIVI,x_shaped,kl_ite,16000,0.5544053750673223,0.11682478716597586,10
DSIVI,x_shaped,kl_ite,17000,0.4849597552289803,0.11860589111863365,10
DSIVI,x_shaped,kl_ite,18000,0.5894642961598284,0.19227300317002485,10
DSIVI,x_shaped,kl_ite,19000,0.4473010017479851,0.19289205195601297,10
DSIVI,x_shaped,kl_ite,20000,0.42614972906012055,0.13964972223483293,10
DSIVI,x_shaped,kl_ite,21000,0.3668615111696401,0.05226528801406303,10
DSIVI,x_shaped,kl_ite,22000,0.32012369556975445,0.08261027032110616,10
DSIVI,x_shaped,kl_ite,23000,0.320318296287028,0.09556492020480845,10
DSIVI,x_shaped,kl_ite,24000,0.25623733431919116,0.06778535744720215,10
DSIVI,x_shaped,kl_ite,25000,0.21311508900797285,0.04579498380094196,10
DSIVI,x_shaped,kl_ite,26000,0.2031277012688327,0.04673740995584293,10
DSIVI,x_shaped,kl_ite,27000,0.20735038828231972,0.07777504146472013,10
DSIVI,x_shaped,kl_ite,28000,0.19552828389185617,0.03769655688200996,10
DSIVI,x_shaped,kl_ite,29000,0.17212861480996122,0.051176838215191436,10
DSIVI,x_shaped,kl_ite,30000,0.160828719859921,0.042204828271913686,10
DSIVI,x_shaped,kl_ite,31000,0.11721787642614892,0.026643290092417445,10
DSIVI,x_shaped,kl_ite,32000,0.11269650558071624,0.04550078195351501,10
DSIVI,x_shaped,kl_ite,33000,0.0951539467231023,0.03226124377143054,10
DSIVI,x_shaped,kl_ite,34000,0.10223203346131544,0.04842425835461476,10
DSIVI,x_shaped,kl_ite,35000,0.08689045977525157,0.036852278798131424,10
DSIVI,x_shaped,kl_ite,36000,0.07602518586461225,0.040677069585288855,10
DSIVI,x_shaped,kl_ite,37000,0.06666010464103281,0.039154324815567514,10
DSIVI,x_shaped,kl_ite,38000,0.05554443471466852,0.041209960400956765,10
DSIVI,x_shaped,kl_ite,39000,0.05519867555200149,0.03024808816641031,10
DSIVI,x_shaped,kl_ite,40000,0.0496687323124238,0.026684969091568974,10
DSIVI,x_shaped,kl_ite,41000,0.0465386485334273,0.03297401932166736,10
DSIVI,x_shaped,kl_ite,42000,0.04050353541426917,0.033594167718091886,10
DSIVI,x_shaped,kl_ite,43000,0.025612737396083534,0.032462643190098284,10
DSIVI,x_shaped,kl_ite,44000,0.0294510639477445,0.025710118457456046,10
DSIVI,x_shaped,kl_ite,45000,0.03275107755392792,0.03378631086952494,10
DSIVI,x_shaped,kl_ite,46000,0.028385998181812637,0.03400239861522978,10
DSIVI,x_shaped,kl_ite,47000,0.02701033622413827,0.02607228152056222,10
DSIVI,x_shaped,kl_ite,48000,0.027991006419388065,0.04048453286800222,10
DSIVI,x_shaped,kl_ite,49000,0.0217010369591652,0.039775005169852,10
DSIVI,x_shaped,kl_ite,50000,0.023221828427570226,0.033356218371908004,10
DSIVI,x_shaped,kl_ite,51000,0.021484840217734662,0.028841780463983703,10
DSIVI,x_shaped,kl_ite,52000,0.01519456354829043,0.038162056700110907,10
DSIVI,x_shaped,kl_ite,53000,0.021731860180497047,0.02770476463690695,10
DSIVI,x_shaped,kl_ite,54000,0.021059320912276122,0.03990398677333697,10
DSIVI,x_shaped,kl_ite,55000,0.02101345877536744,0.037019017527145745,10
DSIVI,x_shaped,kl_ite,56000,0.02280555606173979,0.030192650512288248,10
DSIVI,x_shaped,kl_ite,57000,0.02378928833903393,0.03470102280671652,10
DSIVI,x_shaped,kl_ite,58000,0.0187239774449324,0.03779653853851685,10
DSIVI,x_shaped,kl_ite,59000,0.018539860308119653,0.03458446197037392,10
DSIVI,x_shaped,kl_ite,60000,0.01996736833675716,0.03680588049693159,10
DSIVI,x_shaped,kl_ite,61000,0.019230340180509006,0.031731071542651965,10
DSIVI,x_shaped,kl_ite,62000,0.01578108383165772,0.03549903356160195,10
DSIVI,x_shaped,kl_ite,63000,0.024241184059529172,0.0288699144065151,10
DSIVI,x_shaped,kl_ite,64000,0.008593020005034225,0.036822832377417146,10
DSIVI,x_shaped,kl_ite,65000,0.010143349346963888,0.026374594088671835,10
DSIVI,x_shaped,kl_ite,66000,0.016252738488404837,0.0375593988861157,10
DSIVI,x_shaped,kl_ite,67000,0.016084304007847973,0.037587944586985535,10
DSIVI,x_shaped,kl_ite,68000,0.02088487982360382,0.03507544425332804,10
DSIVI,x_shaped,kl_ite,69000,0.01688842809934957,0.03267365423613619,10
DSIVI,x_shaped,kl_ite,70000,0.015776326372641706,0.023309582753734483,10
DSIVI,x_shaped,kl_ite,71000,0.010047404201670825,0.02429062359903744,10
DSIVI,x_shaped,kl_ite,72000,0.02067601492492583,0.03258800950586966,10
DSIVI,x_shaped,kl_ite,73000,0.01584583602282725,0.029960064965480454,10
DSIVI,x_shaped,kl_ite,74000,0.010608628983166734,0.025201130817712802,10
DSIVI,x_shaped,kl_ite,75000,0.021504586679119187,0.03155737044051632,10
DSIVI,x_shaped,kl_ite,76000,0.017238992724210086,0.03226345154413433,10
DSIVI,x_shaped,kl_ite,77000,0.011234592934701531,0.024707071984783117,10
DSIVI,x_shaped,kl_ite,78000,0.015701064097385923,0.027882811167595525,10
DSIVI,x_shaped,kl_ite,79000,0.00985864003242495,0.028589344165143717,10
DSIVI,x_shaped,kl_ite,80000,0.008650720545002762,0.021052533407925397,10
DSIVI,x_shaped,kl_ite,81000,0.011495878037322715,0.015854756724847853,10
DSIVI,x_shaped,kl_ite,82000,0.005340895300281428,0.024071642687947762,10
DSIVI,x_shaped,kl_ite,83000,0.013045181914394795,0.022579320181748182,10
DSIVI,x_shaped,kl_ite,84000,0.007251317639020309,0.014190055706591879,10
DSIVI,x_shaped,kl_ite,85000,0.011092297228245843,0.010296856920954731,10
DSIVI,x_shaped,kl_ite,86000,0.008343143770840259,0.012229002186457094,10
DSIVI,x_shaped,kl_ite,87000,0.015378982043788004,0.010282959265158676,10
DSIVI,x_shaped,kl_ite,88000,0.013774543308002114,0.010709715351559498,10
DSIVI,x_shaped,kl_ite,89000,0.008135447947647348,0.009017601689110527,10
DSIVI,x_shaped,kl_ite,90000,0.0012288772306548565,0.01347784036391216,10
DSIVI,x_shaped,kl_ite,91000,0.008596799969599122,0.010732279654975906,10
DSIVI,x_shaped,kl_ite,92000,0.010619712074065712,0.009242852887958505,10
DSIVI,x_shaped,kl_ite,93000,0.005421717936535125,0.010275965724141387,10
DSIVI,x_shaped,kl_ite,94000,0.015623160171652392,0.01298377512498605,10
DSIVI,x_shaped,kl_ite,95000,0.00034856021615978184,0.007952783956231304,10
DSIVI,x_shaped,kl_ite,96000,0.0052073745556526435,0.01027884755085951,10
DSIVI,x_shaped,kl_ite,97000,0.007742629061147732,0.00935531981615179,10
DSIVI,x_shaped,kl_ite,98000,0.00118614033255941,0.009639341092130424,10
DSIVI,x_shaped,kl_ite,99000,0.0037171100398369823,0.008453718286482467,10
DSIVI,x_shaped,kl_ite,100000,-0.0002799356255493443,0.009681880209773291,10
KDVI,x_shaped,kl_ite,5000,1.480689367944743,0.1144208676168692,10
KDVI,x_shaped,kl_ite,10000,0.900946011667858,0.1154738138484838,10
KDVI,x_shaped,kl_ite,15000,0.5979006167773393,0.1401738195317832,10
KDVI,x_shaped,kl_ite,20000,0.39065498039354996,0.10337280944015596,10
KDVI,x_shaped,kl_ite,25000,0.27062562339223545,0.10637417127210747,10
KDVI,x_shaped,kl_ite,30000,0.15696534135558937,0.10219674914441801,10
KDVI,x_shaped,kl_ite,35000,0.10980289496764058,0.10146296674334436,10
KDVI,x_shaped,kl_ite,40000,0.0708442951063227,0.0920891506610496,10
KDVI,x_shaped,kl_ite,45000,0.047403530967751475,0.07703274145625184,10
KDVI,x_shaped,kl_ite,50000,0.04445858947237828,0.08093121998800118,10
KDVI,x_shaped,kl_ite,55000,0.05258441558421201,0.07885583682742754,10
KDVI,x_shaped,kl_ite,60000,0.034704340832796964,0.08555371205566219,10
KDVI,x_shaped,kl_ite,65000,0.04672875158007936,0.08650535909086841,10
KDVI,x_shaped,kl_ite,70000,0.046008840616045876,0.07521735554640642,10
KDVI,x_shaped,kl_ite,75000,0.04733021197114669,0.0871043574939753,10
KDVI,x_shaped,kl_ite,80000,0.03970357299734906,0.08414065688649605,10
KDVI,x_shaped,kl_ite,85000,0.042593836391585004,0.08284803147974985,10
KDVI,x_shaped,kl_ite,90000,0.04615292327686355,0.07909532258883155,10
KDVI,x_shaped,kl_ite,95000,0.04494077430258548,0.07397498896358431,10
KDVI,x_shaped,kl_ite,100000,0.04329616880613873,0.0857829149680653,10
DSIVI,x_shaped,w2,1000,2.1372835636138916,0.40951747725227944,10
DSIVI,x_shaped,w2,2000,2.1259690642356874,0.15273213331166482,10
DSIVI,x_shaped,w2,3000,1.824129831790924,0.3886250813375605,10
DSIVI,x_shaped,w2,4000,2.016954231262207,0.4602224523513132,10
DSIVI,x_shaped,w2,5000,1.9248934507369995,0.5855752199220123,10
DSIVI,x_shaped,w2,6000,1.631578767299652,0.4051637106670273,10
DSIVI,x_shaped,w2,7000,1.6549487709999084,0.5798983958174198,10
DSIVI,x_shaped,w2,8000,1.3881133675575257,0.489481194771022,10
DSIVI,x_shaped,w2,9000,1.2481673240661622,0.24376580060182204,10
DSIVI,x_shaped,w2,10000,1.2064772725105286,0.18675823717283432,10
DSIVI,x_shaped,w2,11000,1.2308954417705535,0.3018158975051968,10
DSIVI,x_shaped,w2,12000,1.037941139936447,0.15842979856565698,10
DSIVI,x_shaped,w2,13000,0.934666532278061,0.15690362902646823,10
DSIVI,x_shaped,w2,14000,0.939124196767807,0.1902089767371247,10
DSIVI,x_shaped,w2,15000,1.0168385982513428,0.26002599639258345,10
DSIVI,x_shaped,w2,16000,0.9302188396453858,0.18724221106995287,10
DSIVI,x_shaped,w2,17000,0.8334812343120575,0.1130236476610433,10
DSIVI,x_shaped,w2,18000,0.9884427070617676,0.2884460767354215,10
DSIVI,x_shaped,w2,19000,0.7938543200492859,0.20712378443403012,10
DSIVI,x_shaped,w2,20000,0.8024934768676758,0.21179381802365402,10
DSIVI,x_shaped,w2,21000,0.7278623819351197,0.11459328747026917,10
DSIVI,x_shaped,w2,22000,0.6680472135543823,0.11413638913055031,10
DSIVI,x_shaped,w2,23000,0.6758820593357087,0.14805939506765778,10
DSIVI,x_shaped,w2,24000,0.5811284005641937,0.06486769535712526,10
DSIVI,x_shaped,w2,25000,0.5223694562911987,0.11131759146463388,10
DSIVI,x_shaped,w2,26000,0.5221908390522003,0.11711420178086172,10
DSIVI,x_shaped,w2,27000,0.5282767295837403,0.12549860154867984,10
DSIVI,x_shaped,w2,28000,0.5017601281404496,0.09901712537883281,10
DSIVI,x_shaped,w2,29000,0.4683791309595108,0.09927793267820231,10
DSIVI,x_shaped,w2,30000,0.42103945910930635,0.07617396857480578,10
DSIVI,x_shaped,w2,31000,0.3715799033641815,0.04001536191571506,10
DSIVI,x_shaped,w2,32000,0.38831143379211425,0.08592861007726557,10
DSIVI,x_shaped,w2,33000,0.3506097137928009,0.05834901572907074,10
DSIVI,x_shaped,w2,34000,0.3488700121641159,0.08630414950519794,10
DSIVI,x_shaped,w2,35000,0.3207911431789398,0.06300383225272069,10
DSIVI,x_shaped,w2,36000,0.3061933845281601,0.07565000676384714,10
DSIVI,x_shaped,w2,37000,0.27360838651657104,0.08647757499386022,10
DSIVI,x_shaped,w2,38000,0.23109088093042374,0.063592712830839,10
DSIVI,x_shaped,w2,39000,0.25583725720643996,0.05719530466065677,10
DSIVI,x_shaped,w2,40000,0.2450067803263664,0.0812578514155703,10
DSIVI,x_shaped,w2,41000,0.20174481719732285,0.054457831290773376,10
DSIVI,x_shaped,w2,42000,0.2132540002465248,0.099257059167047,10
DSIVI,x_shaped,w2,43000,0.170501708984375,0.06317668659184258,10
DSIVI,x_shaped,w2,44000,0.18484789729118348,0.07785747230073231,10
DSIVI,x_shaped,w2,45000,0.17501471787691117,0.08767809752034496,10
DSIVI,x_shaped,w2,46000,0.13908574506640434,0.056823368529157633,10
DSIVI,x_shaped,w2,47000,0.15434641689062117,0.09647083237277218,10
DSIVI,x_shaped,w2,48000,0.12567816041409968,0.060431761313369074,10
DSIVI,x_shaped,w2,49000,0.13429953008890153,0.08734456581124528,10
DSIVI,x_shaped,w2,50000,0.1154902882874012,0.05950544964137333,10
DSIVI,x_shaped,w2,51000,0.12189967632293701,0.08279658044200425,10
DSIVI,x_shaped,w2,52000,0.11460719145834446,0.08916564341104333,10
DSIVI,x_shaped,w2,53000,0.12543959096074103,0.0799438090817566,10
DSIVI,x_shaped,w2,54000,0.12440359257161618,0.08653965577833568,10
DSIVI,x_shaped,w2,55000,0.10909915938973427,0.06807653698441136,10
DSIVI,x_shaped,w2,56000,0.12013448178768157,0.08194793440636673,10
DSIVI,x_shaped,w2,57000,0.10882927179336548,0.0700134041825313,10
DSIVI,x_shaped,w2,58000,0.10630268082022667,0.09596766667195882,10
DSIVI,x_shaped,w2,59000,0.11279992908239364,0.08209867213101726,10
DSIVI,x_shaped,w2,60000,0.10113681741058826,0.054971973292491906,10
DSIVI,x_shaped,w2,61000,0.1044346921145916,0.07518797686450152,10
DSIVI,x_shaped,w2,62000,0.10159814544022083,0.08291080607928862,10
DSIVI,x_shaped,w2,63000,0.10086838901042938,0.08317945415388928,10
DSIVI,x_shaped,w2,64000,0.0957463800907135,0.07761826153339774,10
DSIVI,x_shaped,w2,65000,0.09785240478813648,0.06735901041789952,10
DSIVI,x_shaped,w2,66000,0.10715283118188382,0.06658868327877807,10
DSIVI,x_shaped,w2,67000,0.107201374694705,0.06580848303350892,10
DSIVI,x_shaped,w2,68000,0.11559937298297882,0.08846586631402299,10
DSIVI,x_shaped,w2,69000,0.1031428523361683,0.06295360307615804,10
DSIVI,x_shaped,w2,70000,0.09992791339755058,0.07917707050154742,10
DSIVI,x_shaped,w2,71000,0.0875526487827301,0.06513268290674122,10
DSIVI,x_shaped,w2,72000,0.10653056986629963,0.07493953316481253,10
DSIVI,x_shaped,w2,73000,0.09409120045602322,0.06859631334463025,10
DSIVI,x_shaped,w2,74000,0.09745434746146202,0.07270525667352076,10
DSIVI,x_shaped,w2,75000,0.10057100933045149,0.08390116786736936,10
DSIVI,x_shaped,w2,76000,0.11294925324618817,0.0949275766013928,10
DSIVI,x_shaped,w2,77000,0.1167469397187233,0.0687846575444986,10
DSIVI,x_shaped,w2,78000,0.10799690745770932,0.06682029692949903,10
DSIVI,x_shaped,w2,79000,0.09698903597891331,0.06134719691877338,10
DSIVI,x_shaped,w2,80000,0.09887949749827385,0.05676077449463195,10
DSIVI,x_shaped,w2,81000,0.09917670115828514,0.05209647712977079,10
DSIVI,x_shaped,w2,82000,0.08751166835427285,0.051491912543324386,10
DSIVI,x_shaped,w2,83000,0.07621056213974953,0.038076443228350854,10
DSIVI,x_shaped,w2,84000,0.08501478061079978,0.039181014899330305,10
DSIVI,x_shaped,w2,85000,0.10404126718640327,0.0573140459223189,10
DSIVI,x_shaped,w2,86000,0.08432573638856411,0.03199433536713517,10
DSIVI,x_shaped,w2,87000,0.07277976199984551,0.03222515172373507,10
DSIVI,x_shaped,w2,88000,0.07513909935951232,0.024929340387185528,10
DSIVI,x_shaped,w2,89000,0.07076139003038406,0.03256618672765375,10
DSIVI,x_shaped,w2,90000,0.0738313376903534,0.028266864320585377,10
DSIVI,x_shaped,w2,91000,0.07310647331178188,0.02333378531148399,10
DSIVI,x_shaped,w2,92000,0.07114796862006187,0.02186406814456109,10
DSIVI,x_shaped,w2,93000,0.0615813959389925,0.02024244807824981,10
DSIVI,x_shaped,w2,94000,0.06980351470410824,0.029562099533777187,10
DSIVI,x_shaped,w2,95000,0.06409017629921436,0.020060955651231407,10
DSIVI,x_shaped,w2,96000,0.05878496021032333,0.02392362397011494,10
DSIVI,x_shaped,w2,97000,0.05932884439826012,0.023220787706461653,10
DSIVI,x_shaped,w2,98000,0.06649282239377499,0.019885921754188043,10
DSIVI,x_shaped,w2,99000,0.0613003496080637,0.02154885578533337,10
DSIVI,x_shaped,w2,100000,0.07255202382802964,0.02840718502924754,10
KDVI,x_shaped,w2,5000,1.8841900944709777,0.15240799504240568,10
KDVI,x_shaped,w2,10000,1.2872918009757996,0.09120074839000715,10
KDVI,x_shaped,w2,15000,0.9316128134727478,0.09685587679079483,10
KDVI,x_shaped,w2,20000,0.6838750928640366,0.10033845604268797,10
KDVI,x_shaped,w2,25000,0.5302078157663346,0.07987872419644851,10
KDVI,x_shaped,w2,30000,0.3411582872271538,0.04518116453114875,10
KDVI,x_shaped,w2,35000,0.23932295590639113,0.0305515784366736,10
KDVI,x_shaped,w2,40000,0.15100427344441414,0.044082242285272855,10
KDVI,x_shaped,w2,45000,0.09658252149820327,0.027032666474216795,10
KDVI,x_shaped,w2,50000,0.07734366320073605,0.06298190394141027,10
KDVI,x_shaped,w2,55000,0.07412154823541642,0.06235180251276447,10
KDVI,x_shaped,w2,60000,0.07136459909379482,0.06325462299168029,10
KDVI,x_shaped,w2,65000,0.07056582346558571,0.06132411332080705,10
KDVI,x_shaped,w2,70000,0.06782181896269321,0.06338835689622983,10
KDVI,x_shaped,w2,75000,0.06533540580421686,0.06354402294211424,10
KDVI,x_shaped,w2,80000,0.06826764084398747,0.0669225611896677,10
KDVI,x_shaped,w2,85000,0.06670091859996319,0.06769254462988275,10
KDVI,x_shaped,w2,90000,0.06678380370140076,0.06784662659134133,10
KDVI,x_shaped,w2,95000,0.06781692188233138,0.06341339514912984,10
KDVI,x_shaped,w2,100000,0.06440603379160166,0.06614784333795798,10
