sampler,chain,draw,epsilon_0,epsilon_1
MALA_tail,0,0,0.45356464,0.74241811
MALA_tail,0,1,0.45481837,0.72204983
MALA_tail,0,2,0.43834907,0.69161654
MALA_tail,0,3,0.51429522,0.68949139
MALA_tail,0,4,0.45082450,0.70335996
MALA_tail,0,5,0.46383777,0.67686898
MALA_tail,0,6,0.46992743,0.66399753
MALA_tail,0,7,0.45899767,0.70350218
MALA_tail,0,8,0.46363711,0.71777630
MALA_tail,0,9,0.50789106,0.66994596
MALA_tail,0,10,0.49715778,0.64755005
MALA_tail,0,11,0.44690204,0.65250570
MALA_tail,0,12,0.47243986,0.59868437
MALA_tail,0,13,0.44195506,0.68869692
MALA_tail,0,14,0.46097097,0.70372605
MALA_tail,0,15,0.45423523,0.72680187
MALA_tail,0,16,0.48024818,0.72629106
MALA_tail,0,17,0.49129492,0.72151262
MALA_tail,0,18,0.45014012,0.69643027
MALA_tail,0,19,0.48556611,0.72793651
MALA_tail,0,20,0.46899778,0.73849934
MALA_tail,0,21,0.48808604,0.75861186
MALA_tail,0,22,0.47484529,0.71226007
MALA_tail,0,23,0.42444360,0.70591867
MALA_tail,0,24,0.41758671,0.71257764
MALA_tail,0,25,0.48716369,0.69978017
MALA_tail,0,26,0.45352226,0.74801415
MALA_tail,0,27,0.38748935,0.74675262
MALA_tail,0,28,0.41346279,0.76354361
MALA_tail,0,29,0.40550354,0.75520891
MALA_tail,0,30,0.42269140,0.71531844
MALA_tail,0,31,0.40331271,0.68256080
MALA_tail,0,32,0.38895082,0.64785224
MALA_tail,0,33,0.35072011,0.60489631
MALA_tail,0,34,0.32489005,0.60238874
MALA_tail,0,35,0.27222586,0.63229948
MALA_tail,0,36,0.23926233,0.60458410
MALA_tail,0,37,0.22181360,0.59923971
MALA_tail,0,38,0.21532841,0.55839574
MALA_tail,0,39,0.21286596,0.53164935
MALA_tail,0,40,0.19232212,0.52472073
MALA_tail,0,41,0.21987610,0.54360414
MALA_tail,0,42,0.28884548,0.57015467
MALA_tail,0,43,0.31273478,0.56554967
MALA_tail,0,44,0.30428022,0.57170516
MALA_tail,0,45,0.26297179,0.59116954
MALA_tail,0,46,0.27335277,0.49374431
MALA_tail,0,47,0.28172934,0.48528564
MALA_tail,0,48,0.27724776,0.50086719
MALA_tail,0,49,0.22614063,0.44191113
MALA_tail,1,0,2.71546793,2.64253354
MALA_tail,1,1,2.71509337,2.60584140
MALA_tail,1,2,2.73999262,2.65512037
MALA_tail,1,3,2.72989368,2.61318421
MALA_tail,1,4,2.74541092,2.65795875
MALA_tail,1,5,2.74401021,2.67998934
MALA_tail,1,6,2.76174784,2.68094969
MALA_tail,1,7,2.71796727,2.64110947
MALA_tail,1,8,2.71244168,2.67763710
MALA_tail,1,9,2.66332984,2.61577249
MALA_tail,1,10,2.62789893,2.56775212
MALA_tail,1,11,2.65568662,2.54093266
MALA_tail,1,12,2.64420891,2.54855609
MALA_tail,1,13,2.65641284,2.50483656
MALA_tail,1,14,2.67960286,2.50402141
MALA_tail,1,15,2.66844726,2.46864939
MALA_tail,1,16,2.70113802,2.47395110
MALA_tail,1,17,2.66456485,2.45331359
MALA_tail,1,18,2.66471052,2.39756536
MALA_tail,1,19,2.65982962,2.38316870
MALA_tail,1,20,2.72410011,2.35207772
MALA_tail,1,21,2.64562511,2.31746554
MALA_tail,1,22,2.65433002,2.34441662
MALA_tail,1,23,2.65638065,2.30219364
MALA_tail,1,24,2.64758587,2.32057095
MALA_tail,1,25,2.67447233,2.35014558
MALA_tail,1,26,2.67148781,2.38848734
MALA_tail,1,27,2.65238738,2.34185767
MALA_tail,1,28,2.68286562,2.36837697
MALA_tail,1,29,2.69617534,2.30975080
MALA_tail,1,30,2.73061538,2.35481238
MALA_tail,1,31,2.71569180,2.36410236
MALA_tail,1,32,2.75913167,2.39783883
MALA_tail,1,33,2.74512744,2.38644910
MALA_tail,1,34,2.72002435,2.44639349
MALA_tail,1,35,2.74868727,2.49987769
MALA_tail,1,36,2.69436812,2.54253244
MALA_tail,1,37,2.72493362,2.53708911
MALA_tail,1,38,2.67835307,2.56342125
MALA_tail,1,39,2.70423985,2.57891440
MALA_tail,1,40,2.70299530,2.56692410
MALA_tail,1,41,2.69467783,2.60546041
MALA_tail,1,42,2.68562865,2.62950993
MALA_tail,1,43,2.75015926,2.58865714
MALA_tail,1,44,2.75121140,2.50983930
MALA_tail,1,45,2.76899695,2.52779722
MALA_tail,1,46,2.74497890,2.59148574
MALA_tail,1,47,2.78766632,2.60612965
MALA_tail,1,48,2.78131819,2.62140560
MALA_tail,1,49,2.78749251,2.69107795
MALA_tail,2,0,0.73225099,1.29288983
MALA_tail,2,1,0.76391083,1.28544843
MALA_tail,2,2,0.74607009,1.29849231
MALA_tail,2,3,0.75980526,1.31674647
MALA_tail,2,4,0.79217982,1.30008090
MALA_tail,2,5,0.77314031,1.28311992
MALA_tail,2,6,0.78711224,1.29316592
MALA_tail,2,7,0.81162661,1.30400646
MALA_tail,2,8,0.87742871,1.37936401
MALA_tail,2,9,0.81433499,1.39241517
MALA_tail,2,10,0.87592000,1.37650919
MALA_tail,2,11,0.86336458,1.35578036
MALA_tail,2,12,0.81788361,1.37457454
MALA_tail,2,13,0.86638945,1.37971258
MALA_tail,2,14,0.82014513,1.41298568
MALA_tail,2,15,0.82537508,1.43342555
MALA_tail,2,16,0.89068598,1.42621088
MALA_tail,2,17,0.90483898,1.44802248
MALA_tail,2,18,0.91087896,1.45703244
MALA_tail,2,19,0.92071760,1.50399160
MALA_tail,2,20,0.91240269,1.50964153
MALA_tail,2,21,0.92781067,1.52349293
MALA_tail,2,22,0.93617862,1.50998032
MALA_tail,2,23,0.92952335,1.51996017
MALA_tail,2,24,0.93021810,1.54089761
MALA_tail,2,25,0.99654680,1.51839375
MALA_tail,2,26,0.99669778,1.55382681
MALA_tail,2,27,0.96207130,1.53510284
MALA_tail,2,28,0.99735188,1.59623718
MALA_tail,2,29,0.95257801,1.55350327
MALA_tail,2,30,0.98764014,1.57066882
MALA_tail,2,31,0.93572176,1.53941321
MALA_tail,2,32,0.94450593,1.51747906
MALA_tail,2,33,0.89970630,1.49078786
MALA_tail,2,34,0.92748493,1.53796422
MALA_tail,2,35,0.92887360,1.49660718
MALA_tail,2,36,0.89964139,1.56691706
MALA_tail,2,37,0.88421792,1.56890714
MALA_tail,2,38,0.90519172,1.60808182
MALA_tail,2,39,0.93144619,1.56365860
MALA_tail,2,40,0.91820371,1.60972548
MALA_tail,2,41,0.88943541,1.56632781
MALA_tail,2,42,0.88177347,1.53742993
MALA_tail,2,43,0.94067806,1.58793402
MALA_tail,2,44,0.90487456,1.56162930
MALA_tail,2,45,0.92420685,1.59330046
MALA_tail,2,46,0.84596288,1.55143869
MALA_tail,2,47,0.88954395,1.54970789
MALA_tail,2,48,0.94527811,1.54881608
MALA_tail,2,49,0.94266641,1.52764726
MALA_tail,3,0,0.59944022,0.92277884
MALA_tail,3,1,0.58068550,0.92177868
MALA_tail,3,2,0.60725957,0.89412546
MALA_tail,3,3,0.55455983,0.89566398
MALA_tail,3,4,0.53092456,0.84790421
MALA_tail,3,5,0.50746638,0.82639766
MALA_tail,3,6,0.52079105,0.81831330
MALA_tail,3,7,0.53609580,0.79237533
MALA_tail,3,8,0.51900560,0.75430346
MALA_tail,3,9,0.53281063,0.73147255
MALA_tail,3,10,0.49900723,0.72701025
MALA_tail,3,11,0.48476899,0.70164013
MALA_tail,3,12,0.46500945,0.68367738
MALA_tail,3,13,0.45959836,0.69796705
MALA_tail,3,14,0.46176952,0.68790579
MALA_tail,3,15,0.47000584,0.71967477
MALA_tail,3,16,0.45876437,0.68371588
MALA_tail,3,17,0.38738886,0.64880705
MALA_tail,3,18,0.44754803,0.68205422
MALA_tail,3,19,0.46469760,0.70534247
MALA_tail,3,20,0.47936249,0.74472016
MALA_tail,3,21,0.45042315,0.74260044
MALA_tail,3,22,0.45431483,0.67910796
MALA_tail,3,23,0.42814916,0.64314365
MALA_tail,3,24,0.41203344,0.62403226
MALA_tail,3,25,0.40807879,0.63307422
MALA_tail,3,26,0.42285335,0.58263123
MALA_tail,3,27,0.37295470,0.60427201
MALA_tail,3,28,0.38456449,0.60809070
MALA_tail,3,29,0.36303458,0.61593139
MALA_tail,3,30,0.32253063,0.64036036
MALA_tail,3,31,0.30137795,0.65687001
MALA_tail,3,32,0.25419942,0.66980678
MALA_tail,3,33,0.32662547,0.68912292
MALA_tail,3,34,0.32509091,0.66966206
MALA_tail,3,35,0.33863908,0.69294196
MALA_tail,3,36,0.31203023,0.62675881
MALA_tail,3,37,0.32596534,0.58649373
MALA_tail,3,38,0.34073532,0.57616162
MALA_tail,3,39,0.33507290,0.61572295
MALA_tail,3,40,0.37123111,0.58983415
MALA_tail,3,41,0.40374607,0.65907633
MALA_tail,3,42,0.42405438,0.65204787
MALA_tail,3,43,0.42736417,0.70406711
MALA_tail,3,44,0.41375440,0.72120428
MALA_tail,3,45,0.40068939,0.68741471
MALA_tail,3,46,0.34520400,0.73442048
MALA_tail,3,47,0.37275726,0.75928307
MALA_tail,3,48,0.44066390,0.81413460
MALA_tail,3,49,0.47051775,0.84051281
MALA_tail,4,0,-0.55241466,-0.48317248
MALA_tail,4,1,-0.54484332,-0.46552160
MALA_tail,4,2,-0.52520514,-0.48315746
MALA_tail,4,3,-0.50308168,-0.49113578
MALA_tail,4,4,-0.51944733,-0.50338161
MALA_tail,4,5,-0.47590840,-0.46731251
MALA_tail,4,6,-0.51279873,-0.49143234
MALA_tail,4,7,-0.53220522,-0.48033878
MALA_tail,4,8,-0.50323153,-0.48084003
MALA_tail,4,9,-0.52204436,-0.47047278
MALA_tail,4,10,-0.52800810,-0.47608203
MALA_tail,4,11,-0.54570097,-0.46240744
MALA_tail,4,12,-0.53448522,-0.46490395
MALA_tail,4,13,-0.55497223,-0.41210350
MALA_tail,4,14,-0.51881194,-0.43118259
MALA_tail,4,15,-0.53545189,-0.42134577
MALA_tail,4,16,-0.55208343,-0.47938323
MALA_tail,4,17,-0.52563608,-0.49974474
MALA_tail,4,18,-0.52019030,-0.56034672
MALA_tail,4,19,-0.56124139,-0.56132013
MALA_tail,4,20,-0.57833719,-0.60458285
MALA_tail,4,21,-0.56382978,-0.60003471
MALA_tail,4,22,-0.55847400,-0.58905798
MALA_tail,4,23,-0.54270649,-0.63036865
MALA_tail,4,24,-0.54498732,-0.63262194
MALA_tail,4,25,-0.55267811,-0.54561305
MALA_tail,4,26,-0.60191756,-0.51223189
MALA_tail,4,27,-0.58872509,-0.49034128
MALA_tail,4,28,-0.56592429,-0.50379854
MALA_tail,4,29,-0.54687941,-0.51444978
MALA_tail,4,30,-0.51198846,-0.55717015
MALA_tail,4,31,-0.53934228,-0.53287363
MALA_tail,4,32,-0.56356716,-0.54230279
MALA_tail,4,33,-0.60439885,-0.52216750
MALA_tail,4,34,-0.56923878,-0.46711496
MALA_tail,4,35,-0.56592798,-0.50155360
MALA_tail,4,36,-0.49028206,-0.51195818
MALA_tail,4,37,-0.55397332,-0.46002141
MALA_tail,4,38,-0.53633398,-0.51165754
MALA_tail,4,39,-0.50272495,-0.56374747
MALA_tail,4,40,-0.47191918,-0.55401826
MALA_tail,4,41,-0.47981727,-0.51512015
MALA_tail,4,42,-0.49675053,-0.55725038
MALA_tail,4,43,-0.49935865,-0.54838473
MALA_tail,4,44,-0.52867544,-0.52576929
MALA_tail,4,45,-0.55205858,-0.57424313
MALA_tail,4,46,-0.54745555,-0.53565788
MALA_tail,4,47,-0.52811021,-0.51357889
MALA_tail,4,48,-0.51838142,-0.55202174
MALA_tail,4,49,-0.51674300,-0.57315314
MALA_tail,5,0,1.73845792,2.10439897
MALA_tail,5,1,1.71647143,2.08844709
MALA_tail,5,2,1.70347703,2.10323453
MALA_tail,5,3,1.67473900,2.13404274
MALA_tail,5,4,1.69432843,2.07407117
MALA_tail,5,5,1.67141044,2.07025766
MALA_tail,5,6,1.72066498,2.06948662
MALA_tail,5,7,1.71410131,2.05859852
MALA_tail,5,8,1.70683610,2.02425146
MALA_tail,5,9,1.74631751,2.00718808
MALA_tail,5,10,1.77252913,1.97407293
MALA_tail,5,11,1.79039419,1.94685185
MALA_tail,5,12,1.80081093,1.97604191
MALA_tail,5,13,1.85696959,1.90726447
MALA_tail,5,14,1.91901505,1.94615233
MALA_tail,5,15,1.92418146,1.92832148
MALA_tail,5,16,1.92788959,1.94053698
MALA_tail,5,17,1.93505430,1.92687094
MALA_tail,5,18,1.95750630,1.98344600
MALA_tail,5,19,1.94165421,2.02610588
MALA_tail,5,20,1.92080212,2.03530908
MALA_tail,5,21,1.95257390,1.98518145
MALA_tail,5,22,1.95488739,2.02845502
MALA_tail,5,23,1.96958637,2.04197454
MALA_tail,5,24,1.95689023,2.04334092
MALA_tail,5,25,1.89578831,2.11898732
MALA_tail,5,26,1.88224435,2.11568975
MALA_tail,5,27,1.84667337,2.09915757
MALA_tail,5,28,1.86166489,2.13582802
MALA_tail,5,29,1.85640264,2.10331392
MALA_tail,5,30,1.85882318,2.07325745
MALA_tail,5,31,1.84678817,2.00434589
MALA_tail,5,32,1.87604427,2.01886511
MALA_tail,5,33,1.87904787,2.00419068
MALA_tail,5,34,1.91036248,1.97342765
MALA_tail,5,35,1.86771345,1.95890534
MALA_tail,5,36,1.79483020,1.93110633
MALA_tail,5,37,1.78951919,1.97011602
MALA_tail,5,38,1.78887486,1.97962689
MALA_tail,5,39,1.78637516,2.02106333
MALA_tail,5,40,1.81735992,2.04627085
MALA_tail,5,41,1.85485542,2.05661035
MALA_tail,5,42,1.86464977,2.04448795
MALA_tail,5,43,1.84657168,2.00563574
MALA_tail,5,44,1.83620739,2.00726891
MALA_tail,5,45,1.81384134,2.06923437
MALA_tail,5,46,1.86081362,2.07556486
MALA_tail,5,47,1.87254047,2.05539227
MALA_tail,5,48,1.87223923,1.99452388
MALA_tail,5,49,1.84171999,2.02701688
MALA_tail,6,0,0.51474422,0.91489249
MALA_tail,6,1,0.50466371,0.93195856
MALA_tail,6,2,0.53743047,0.89499688
MALA_tail,6,3,0.52319419,0.91935921
MALA_tail,6,4,0.53767174,0.87372553
MALA_tail,6,5,0.52124804,0.92371029
MALA_tail,6,6,0.51323920,0.97515589
MALA_tail,6,7,0.56729931,0.96020883
MALA_tail,6,8,0.56193417,0.89256108
MALA_tail,6,9,0.55544716,0.87559628
MALA_tail,6,10,0.52380025,0.89433950
MALA_tail,6,11,0.49832168,0.91153061
MALA_tail,6,12,0.50032765,0.90345448
MALA_tail,6,13,0.50401485,0.95501202
MALA_tail,6,14,0.56326938,0.95628244
MALA_tail,6,15,0.61862892,1.02171433
MALA_tail,6,16,0.60032296,1.04993236
MALA_tail,6,17,0.59483254,1.06260014
MALA_tail,6,18,0.58761376,1.05047119
MALA_tail,6,19,0.60484046,1.04389477
MALA_tail,6,20,0.62839317,1.07408535
MALA_tail,6,21,0.63459694,1.09938192
MALA_tail,6,22,0.63331068,1.12330949
MALA_tail,6,23,0.66075134,1.09495294
MALA_tail,6,24,0.64296025,1.05793595
MALA_tail,6,25,0.57430047,1.04275060
MALA_tail,6,26,0.64820969,1.03072107
MALA_tail,6,27,0.65057653,1.08319354
MALA_tail,6,28,0.67170376,1.13505328
MALA_tail,6,29,0.65933388,1.27321482
MALA_tail,6,30,0.70183259,1.25784016
MALA_tail,6,31,0.72762865,1.30902362
MALA_tail,6,32,0.73444808,1.32000709
MALA_tail,6,33,0.76495093,1.39343858
MALA_tail,6,34,0.77182871,1.37022817
MALA_tail,6,35,0.76175123,1.42056918
MALA_tail,6,36,0.77383459,1.38695848
MALA_tail,6,37,0.73848844,1.35477304
MALA_tail,6,38,0.77976853,1.38967419
MALA_tail,6,39,0.77377725,1.37306893
MALA_tail,6,40,0.73011017,1.34979844
MALA_tail,6,41,0.75909305,1.32993782
MALA_tail,6,42,0.75643164,1.33076751
MALA_tail,6,43,0.78019357,1.27694643
MALA_tail,6,44,0.80645561,1.27982497
MALA_tail,6,45,0.81898791,1.27884209
MALA_tail,6,46,0.84170640,1.29316497
MALA_tail,6,47,0.80777436,1.29768538
MALA_tail,6,48,0.79999912,1.27933478
MALA_tail,6,49,0.75026017,1.28772664
MALA_tail,7,0,-0.02987776,0.31383941
MALA_tail,7,1,-0.00605155,0.36047721
MALA_tail,7,2,-0.03828935,0.34826833
MALA_tail,7,3,-0.01234121,0.33108723
MALA_tail,7,4,0.00701656,0.28205270
MALA_tail,7,5,0.02932374,0.30679494
MALA_tail,7,6,0.03710366,0.33699226
MALA_tail,7,7,0.06539081,0.34695736
MALA_tail,7,8,0.07045229,0.32432854
MALA_tail,7,9,0.06438302,0.30107242
MALA_tail,7,10,0.05593590,0.31096864
MALA_tail,7,11,0.04716002,0.27216557
MALA_tail,7,12,0.07720675,0.25450355
MALA_tail,7,13,0.13728851,0.28023037
MALA_tail,7,14,0.09572480,0.22549888
MALA_tail,7,15,0.10269872,0.21424766
MALA_tail,7,16,0.11199341,0.16027570
MALA_tail,7,17,0.08084089,0.15410073
MALA_tail,7,18,0.11665793,0.09858268
MALA_tail,7,19,0.09060895,0.11318671
MALA_tail,7,20,0.05644102,0.07991952
MALA_tail,7,21,0.05786351,0.17207193
MALA_tail,7,22,0.07562555,0.16488340
MALA_tail,7,23,0.05702398,0.19840455
MALA_tail,7,24,0.04217405,0.22743355
MALA_tail,7,25,0.06665433,0.19190465
MALA_tail,7,26,0.10626957,0.17980090
MALA_tail,7,27,0.09475893,0.18475763
MALA_tail,7,28,0.08653646,0.23811194
MALA_tail,7,29,0.07868633,0.21495341
MALA_tail,7,30,0.00790550,0.21797411
MALA_tail,7,31,-0.00600289,0.22951025
MALA_tail,7,32,-0.07653980,0.18527392
MALA_tail,7,33,-0.08924650,0.16990899
MALA_tail,7,34,-0.14205727,0.21359745
MALA_tail,7,35,-0.15393759,0.20322154
MALA_tail,7,36,-0.11435653,0.22988626
MALA_tail,7,37,-0.14818406,0.19121833
MALA_tail,7,38,-0.13812140,0.14265153
MALA_tail,7,39,-0.14660424,0.11758992
MALA_tail,7,40,-0.16667847,0.16732967
MALA_tail,7,41,-0.19557379,0.16207142
MALA_tail,7,42,-0.23144700,0.11892321
MALA_tail,7,43,-0.23997942,0.07341788
MALA_tail,7,44,-0.26830328,0.06040062
MALA_tail,7,45,-0.24197820,0.09001997
MALA_tail,7,46,-0.29454094,0.04660000
MALA_tail,7,47,-0.28961977,0.08476865
MALA_tail,7,48,-0.25154233,0.11483211
MALA_tail,7,49,-0.26895893,0.12318714
MALA_tail,8,0,-0.48992819,-0.15720257
MALA_tail,8,1,-0.45388612,-0.18782729
MALA_tail,8,2,-0.43549383,-0.21613321
MALA_tail,8,3,-0.38954389,-0.23318608
MALA_tail,8,4,-0.41933623,-0.18001349
MALA_tail,8,5,-0.46881062,-0.19221430
MALA_tail,8,6,-0.47632125,-0.19728844
MALA_tail,8,7,-0.52099681,-0.20575555
MALA_tail,8,8,-0.52474087,-0.21760921
MALA_tail,8,9,-0.56010646,-0.21492064
MALA_tail,8,10,-0.52947474,-0.27394235
MALA_tail,8,11,-0.50975102,-0.30740991
MALA_tail,8,12,-0.52202642,-0.33031735
MALA_tail,8,13,-0.54531819,-0.37132511
MALA_tail,8,14,-0.53893095,-0.42856941
MALA_tail,8,15,-0.52141380,-0.41933155
MALA_tail,8,16,-0.45365661,-0.41627255
MALA_tail,8,17,-0.53138828,-0.46618539
MALA_tail,8,18,-0.54240012,-0.44793624
MALA_tail,8,19,-0.56170118,-0.39191562
MALA_tail,8,20,-0.53778964,-0.41271129
MALA_tail,8,21,-0.54661578,-0.39333937
MALA_tail,8,22,-0.51901561,-0.36829123
MALA_tail,8,23,-0.50437522,-0.41272947
MALA_tail,8,24,-0.53059226,-0.35437363
MALA_tail,8,25,-0.50535512,-0.38070655
MALA_tail,8,26,-0.47553143,-0.38884366
MALA_tail,8,27,-0.46105194,-0.36874670
MALA_tail,8,28,-0.43188351,-0.37029377
MALA_tail,8,29,-0.41896313,-0.39744329
MALA_tail,8,30,-0.44391054,-0.36415020
MALA_tail,8,31,-0.44248393,-0.33103418
MALA_tail,8,32,-0.44070256,-0.34953222
MALA_tail,8,33,-0.41827500,-0.26117435
MALA_tail,8,34,-0.40660286,-0.22552942
MALA_tail,8,35,-0.39567336,-0.17830265
MALA_tail,8,36,-0.41325036,-0.13864022
MALA_tail,8,37,-0.38241270,-0.16954319
MALA_tail,8,38,-0.36775652,-0.19157635
MALA_tail,8,39,-0.36838743,-0.17705470
MALA_tail,8,40,-0.36996698,-0.18482351
MALA_tail,8,41,-0.34618089,-0.12485727
MALA_tail,8,42,-0.35507533,-0.09617014
MALA_tail,8,43,-0.28846210,-0.12209167
MALA_tail,8,44,-0.26815218,-0.09433560
MALA_tail,8,45,-0.29384303,-0.09832957
MALA_tail,8,46,-0.25831598,-0.05168393
MALA_tail,8,47,-0.28263089,-0.02406886
MALA_tail,8,48,-0.28126833,-0.03193426
MALA_tail,8,49,-0.22930276,-0.04994290
MALA_tail,9,0,-0.02448661,0.19457571
MALA_tail,9,1,-0.03338548,0.20091949
MALA_tail,9,2,-0.05574172,0.21867172
MALA_tail,9,3,-0.03797386,0.16229513
MALA_tail,9,4,-0.00443753,0.13154803
MALA_tail,9,5,0.00670978,0.22666478
MALA_tail,9,6,-0.00452553,0.24123690
MALA_tail,9,7,-0.00229393,0.22309883
MALA_tail,9,8,-0.04200240,0.25969511
MALA_tail,9,9,-0.07996035,0.29482761
MALA_tail,9,10,-0.07071336,0.28767005
MALA_tail,9,11,-0.05856445,0.23438643
MALA_tail,9,12,0.00732594,0.21456841
MALA_tail,9,13,0.00983272,0.21444771
MALA_tail,9,14,-0.00630433,0.20247200
MALA_tail,9,15,-0.06695318,0.20804179
MALA_tail,9,16,-0.08763762,0.24101132
MALA_tail,9,17,-0.12058380,0.19992015
MALA_tail,9,18,-0.08643481,0.26986745
MALA_tail,9,19,-0.11095419,0.25361031
MALA_tail,9,20,-0.11568809,0.21923877
MALA_tail,9,21,-0.08612889,0.23757881
MALA_tail,9,22,-0.03659498,0.23413652
MALA_tail,9,23,-0.02131831,0.21369593
MALA_tail,9,24,-0.01684355,0.25232273
MALA_tail,9,25,-0.01457211,0.25969556
MALA_tail,9,26,-0.09482522,0.23313279
MALA_tail,9,27,-0.10227285,0.25273046
MALA_tail,9,28,-0.11685385,0.29058373
MALA_tail,9,29,-0.12854430,0.36088550
MALA_tail,9,30,-0.13883649,0.39984456
MALA_tail,9,31,-0.20867802,0.36117050
MALA_tail,9,32,-0.21829908,0.39344117
MALA_tail,9,33,-0.17746268,0.39781162
MALA_tail,9,34,-0.19351240,0.37829381
MALA_tail,9,35,-0.15481463,0.40925199
MALA_tail,9,36,-0.12693353,0.37977391
MALA_tail,9,37,-0.12190401,0.41484833
MALA_tail,9,38,-0.15525520,0.41486412
MALA_tail,9,39,-0.09811293,0.42053908
MALA_tail,9,40,-0.12900324,0.46845126
MALA_tail,9,41,-0.10401175,0.44786176
MALA_tail,9,42,-0.12890229,0.46359989
MALA_tail,9,43,-0.09582431,0.43443638
MALA_tail,9,44,-0.05953705,0.42685780
MALA_tail,9,45,-0.05544351,0.50758338
MALA_tail,9,46,-0.03054782,0.49331251
MALA_tail,9,47,-0.05105634,0.46035656
MALA_tail,9,48,-0.03246043,0.44297054
MALA_tail,9,49,-0.03132628,0.39781421
MALA_tail,10,0,1.35368168,1.94583261
MALA_tail,10,1,1.34014857,1.93726337
MALA_tail,10,2,1.35317302,1.93163669
MALA_tail,10,3,1.30637300,1.92335761
MALA_tail,10,4,1.30784798,1.88335776
MALA_tail,10,5,1.32507133,1.91643536
MALA_tail,10,6,1.35182214,1.90668893
MALA_tail,10,7,1.30522764,1.92636323
MALA_tail,10,8,1.32464135,1.98018372
MALA_tail,10,9,1.30811346,1.98377049
MALA_tail,10,10,1.32357788,1.96693277
MALA_tail,10,11,1.30541849,1.99848092
MALA_tail,10,12,1.36550820,2.01982522
MALA_tail,10,13,1.35662377,2.01713014
MALA_tail,10,14,1.34708488,2.11417818
MALA_tail,10,15,1.35327196,2.11449575
MALA_tail,10,16,1.38609362,2.08249450
MALA_tail,10,17,1.39068389,2.06478691
MALA_tail,10,18,1.36678827,2.03600168
MALA_tail,10,19,1.38943005,2.04803205
MALA_tail,10,20,1.44031858,2.07428622
MALA_tail,10,21,1.43811667,2.01206613
MALA_tail,10,22,1.42206049,1.99503779
MALA_tail,10,23,1.40496171,1.97692728
MALA_tail,10,24,1.44308436,1.98069656
MALA_tail,10,25,1.44700313,1.95478797
MALA_tail,10,26,1.47565353,1.95397890
MALA_tail,10,27,1.45339656,1.97055447
MALA_tail,10,28,1.44424689,1.98842800
MALA_tail,10,29,1.42527390,2.02176809
MALA_tail,10,30,1.40734959,2.02697873
MALA_tail,10,31,1.44280946,1.96835315
MALA_tail,10,32,1.41350150,1.93298507
MALA_tail,10,33,1.42575538,1.95470345
MALA_tail,10,34,1.45211709,1.97655916
MALA_tail,10,35,1.43155241,1.98315108
MALA_tail,10,36,1.38001359,1.99998331
MALA_tail,10,37,1.40467918,2.04801869
MALA_tail,10,38,1.45601702,2.05107498
MALA_tail,10,39,1.44023645,1.98364019
MALA_tail,10,40,1.45483541,1.96887267
MALA_tail,10,41,1.46499777,1.96080816
MALA_tail,10,42,1.48198736,1.92183447
MALA_tail,10,43,1.46845019,1.93700421
MALA_tail,10,44,1.50084865,1.92597795
MALA_tail,10,45,1.48095572,1.90683270
MALA_tail,10,46,1.49273276,1.84139442
MALA_tail,10,47,1.47324431,1.87632358
MALA_tail,10,48,1.42706704,1.90900803
MALA_tail,10,49,1.42352617,1.91591775
MALA_tail,11,0,-0.48817340,0.39796293
MALA_tail,11,1,-0.52848840,0.43810663
MALA_tail,11,2,-0.50544077,0.47397244
MALA_tail,11,3,-0.47555411,0.48903659
MALA_tail,11,4,-0.50241321,0.49446747
MALA_tail,11,5,-0.50701296,0.53060561
MALA_tail,11,6,-0.51370764,0.52297771
MALA_tail,11,7,-0.51455665,0.56580770
MALA_tail,11,8,-0.50026095,0.55875528
MALA_tail,11,9,-0.50263834,0.54448843
MALA_tail,11,10,-0.49092481,0.55289710
MALA_tail,11,11,-0.51651752,0.55860972
MALA_tail,11,12,-0.53854561,0.55098689
MALA_tail,11,13,-0.52237910,0.50370753
MALA_tail,11,14,-0.48684436,0.49703443
MALA_tail,11,15,-0.46234640,0.48239812
MALA_tail,11,16,-0.49522468,0.48980656
MALA_tail,11,17,-0.52254140,0.43621665
MALA_tail,11,18,-0.49668339,0.42188713
MALA_tail,11,19,-0.48478872,0.39319372
MALA_tail,11,20,-0.48496595,0.38636109
MALA_tail,11,21,-0.45433775,0.41968915
MALA_tail,11,22,-0.41064054,0.37572122
MALA_tail,11,23,-0.41158438,0.44225234
MALA_tail,11,24,-0.44311735,0.45506814
MALA_tail,11,25,-0.44705558,0.45099565
MALA_tail,11,26,-0.46956265,0.46619087
MALA_tail,11,27,-0.44347852,0.48642424
MALA_tail,11,28,-0.43150088,0.47007021
MALA_tail,11,29,-0.39528978,0.45043221
MALA_tail,11,30,-0.37578684,0.50078666
MALA_tail,11,31,-0.43150368,0.47154662
MALA_tail,11,32,-0.50813872,0.39461288
MALA_tail,11,33,-0.45626482,0.42542529
MALA_tail,11,34,-0.53736824,0.43237242
MALA_tail,11,35,-0.53147167,0.46525410
MALA_tail,11,36,-0.49781555,0.42095166
MALA_tail,11,37,-0.48273167,0.43283072
MALA_tail,11,38,-0.51055521,0.49457404
MALA_tail,11,39,-0.52861208,0.48894569
MALA_tail,11,40,-0.56435013,0.46851173
MALA_tail,11,41,-0.54659826,0.46230984
MALA_tail,11,42,-0.57635742,0.46367559
MALA_tail,11,43,-0.56796342,0.50117171
MALA_tail,11,44,-0.58476210,0.52315372
MALA_tail,11,45,-0.55881613,0.56395423
MALA_tail,11,46,-0.53247356,0.56441838
MALA_tail,11,47,-0.55287355,0.54801786
MALA_tail,11,48,-0.53813529,0.53796202
MALA_tail,11,49,-0.57531410,0.51352364
MALA_tail,12,0,1.82711709,2.44027781
MALA_tail,12,1,1.79373205,2.41314578
MALA_tail,12,2,1.75359106,2.41434526
MALA_tail,12,3,1.76740754,2.39467239
MALA_tail,12,4,1.73056686,2.40660691
MALA_tail,12,5,1.70212948,2.41666079
MALA_tail,12,6,1.75622606,2.40820551
MALA_tail,12,7,1.79751980,2.41885996
MALA_tail,12,8,1.79204845,2.40038490
MALA_tail,12,9,1.77147758,2.38269567
MALA_tail,12,10,1.74850702,2.39434528
MALA_tail,12,11,1.72542429,2.34911036
MALA_tail,12,12,1.62291050,2.33147430
MALA_tail,12,13,1.62760615,2.39409328
MALA_tail,12,14,1.62745702,2.37342715
MALA_tail,12,15,1.63047755,2.39236307
MALA_tail,12,16,1.63015640,2.35683918
MALA_tail,12,17,1.59190810,2.33699203
MALA_tail,12,18,1.65235758,2.33525610
MALA_tail,12,19,1.67033231,2.35517359
MALA_tail,12,20,1.62931275,2.32041454
MALA_tail,12,21,1.61020637,2.30517888
MALA_tail,12,22,1.60549080,2.31242752
MALA_tail,12,23,1.64479434,2.29942727
MALA_tail,12,24,1.58741772,2.24285936
MALA_tail,12,25,1.58457792,2.32097936
MALA_tail,12,26,1.58904779,2.35650682
MALA_tail,12,27,1.56090808,2.37461567
MALA_tail,12,28,1.52015257,2.38449168
MALA_tail,12,29,1.50052631,2.38499141
MALA_tail,12,30,1.53452682,2.34358120
MALA_tail,12,31,1.53770554,2.31383085
MALA_tail,12,32,1.54505956,2.31641603
MALA_tail,12,33,1.56075203,2.31591249
MALA_tail,12,34,1.57627189,2.37970519
MALA_tail,12,35,1.61053765,2.43071651
MALA_tail,12,36,1.59721279,2.33644462
MALA_tail,12,37,1.60731113,2.32413769
MALA_tail,12,38,1.66492093,2.29686785
MALA_tail,12,39,1.63263655,2.27912235
MALA_tail,12,40,1.64446771,2.28266740
MALA_tail,12,41,1.63696969,2.29082227
MALA_tail,12,42,1.70412970,2.33958530
MALA_tail,12,43,1.69776368,2.32116914
MALA_tail,12,44,1.70791543,2.33193612
MALA_tail,12,45,1.71257877,2.32248259
MALA_tail,12,46,1.68796098,2.29898930
MALA_tail,12,47,1.67234147,2.30795765
MALA_tail,12,48,1.72137403,2.23512840
MALA_tail,12,49,1.75866842,2.26560879
MALA_tail,13,0,0.08434489,0.48155096
MALA_tail,13,1,0.12044188,0.41317987
MALA_tail,13,2,0.10926516,0.44497076
MALA_tail,13,3,0.09008470,0.39543024
MALA_tail,13,4,0.11210772,0.45358804
MALA_tail,13,5,0.11620767,0.45438620
MALA_tail,13,6,0.11128132,0.43630314
MALA_tail,13,7,0.13671798,0.39869475
MALA_tail,13,8,0.13673761,0.39684564
MALA_tail,13,9,0.11875513,0.42693710
MALA_tail,13,10,0.10640442,0.46663204
MALA_tail,13,11,0.08426048,0.45179319
MALA_tail,13,12,0.07074319,0.42963186
MALA_tail,13,13,0.07102578,0.40680578
MALA_tail,13,14,0.07865517,0.45045245
MALA_tail,13,15,0.05496029,0.44251356
MALA_tail,13,16,0.08570216,0.40186337
MALA_tail,13,17,0.11406523,0.38838035
MALA_tail,13,18,0.11693311,0.40337920
MALA_tail,13,19,0.12707983,0.45081592
MALA_tail,13,20,0.13691998,0.46290812
MALA_tail,13,21,0.11868851,0.41535091
MALA_tail,13,22,0.09856700,0.47318462
MALA_tail,13,23,0.09198706,0.46216553
MALA_tail,13,24,0.03507539,0.48396149
MALA_tail,13,25,0.07525697,0.49109212
MALA_tail,13,26,0.06836159,0.51600736
MALA_tail,13,27,0.03927426,0.52129245
MALA_tail,13,28,-0.01456516,0.52830750
MALA_tail,13,29,-0.03728142,0.52228409
MALA_tail,13,30,-0.01729466,0.52906531
MALA_tail,13,31,0.04662096,0.55471361
MALA_tail,13,32,0.00770477,0.53003842
MALA_tail,13,33,-0.03354279,0.52904040
MALA_tail,13,34,-0.03024771,0.56186002
MALA_tail,13,35,-0.04238495,0.54054475
MALA_tail,13,36,-0.04582198,0.51659316
MALA_tail,13,37,-0.05173853,0.48599735
MALA_tail,13,38,-0.03762583,0.42527643
MALA_tail,13,39,-0.04971249,0.39048019
MALA_tail,13,40,-0.04723330,0.36244169
MALA_tail,13,41,-0.07668714,0.36342949
MALA_tail,13,42,-0.02951529,0.40043172
MALA_tail,13,43,-0.06420443,0.43832532
MALA_tail,13,44,-0.05713843,0.47610858
MALA_tail,13,45,-0.05149617,0.45647776
MALA_tail,13,46,-0.05823669,0.46393937
MALA_tail,13,47,-0.08413003,0.40081266
MALA_tail,13,48,-0.04184695,0.43742928
MALA_tail,13,49,-0.01967721,0.42880684
MALA_tail,14,0,0.06130334,0.41103899
MALA_tail,14,1,0.12078199,0.34453848
MALA_tail,14,2,0.10455962,0.32658184
MALA_tail,14,3,0.11416239,0.29921290
MALA_tail,14,4,0.15493651,0.30894530
MALA_tail,14,5,0.15172924,0.34431246
MALA_tail,14,6,0.12556747,0.31401795
MALA_tail,14,7,0.09788078,0.30744216
MALA_tail,14,8,0.07249637,0.32615775
MALA_tail,14,9,0.10459001,0.32081833
MALA_tail,14,10,0.02986143,0.31996235
MALA_tail,14,11,0.00324598,0.32491946
MALA_tail,14,12,0.02735638,0.32356513
MALA_tail,14,13,0.07784154,0.28312910
MALA_tail,14,14,0.12284116,0.28359711
MALA_tail,14,15,0.09327098,0.27673170
MALA_tail,14,16,0.06844330,0.26694500
MALA_tail,14,17,0.10521791,0.24003874
MALA_tail,14,18,0.10318869,0.22248028
MALA_tail,14,19,0.14515088,0.23150876
MALA_tail,14,20,0.10693792,0.20897034
MALA_tail,14,21,0.07141727,0.23784932
MALA_tail,14,22,0.03670460,0.25598350
MALA_tail,14,23,0.04152843,0.32116652
MALA_tail,14,24,-0.03440182,0.33469579
MALA_tail,14,25,-0.05093546,0.39285365
MALA_tail,14,26,-0.04447528,0.38296723
MALA_tail,14,27,-0.06525896,0.34838727
MALA_tail,14,28,-0.15038553,0.33282158
MALA_tail,14,29,-0.12891960,0.35635704
MALA_tail,14,30,-0.12436143,0.35319337
MALA_tail,14,31,-0.05650881,0.33582851
MALA_tail,14,32,-0.04430504,0.34547180
MALA_tail,14,33,-0.02140453,0.34442630
MALA_tail,14,34,-0.02525233,0.32872710
MALA_tail,14,35,-0.05127783,0.30882099
MALA_tail,14,36,-0.03043273,0.32245663
MALA_tail,14,37,-0.08786391,0.32851225
MALA_tail,14,38,-0.07849585,0.37532184
MALA_tail,14,39,-0.04485888,0.37343404
MALA_tail,14,40,-0.04783108,0.38538626
MALA_tail,14,41,-0.02545729,0.38476780
MALA_tail,14,42,-0.00497522,0.37644875
MALA_tail,14,43,-0.01899816,0.34549326
MALA_tail,14,44,0.01250727,0.30545166
MALA_tail,14,45,0.02788635,0.28124657
MALA_tail,14,46,0.01217703,0.26087144
MALA_tail,14,47,0.00497327,0.23109327
MALA_tail,14,48,0.02202563,0.20474529
MALA_tail,14,49,0.01014697,0.27394101
MALA_tail,15,0,0.21913961,0.24421795
MALA_tail,15,1,0.22719856,0.26746887
MALA_tail,15,2,0.17139469,0.28382567
MALA_tail,15,3,0.13285133,0.29420847
MALA_tail,15,4,0.09945028,0.31764910
MALA_tail,15,5,0.19946352,0.33615813
MALA_tail,15,6,0.23125558,0.37338406
MALA_tail,15,7,0.24107987,0.41252503
MALA_tail,15,8,0.30179837,0.42051840
MALA_tail,15,9,0.36976683,0.37538961
MALA_tail,15,10,0.44106394,0.37370241
MALA_tail,15,11,0.49992925,0.36865771
MALA_tail,15,12,0.50414383,0.37732771
MALA_tail,15,13,0.46237481,0.38688892
MALA_tail,15,14,0.46100938,0.42028296
MALA_tail,15,15,0.49944350,0.39895412
MALA_tail,15,16,0.50054151,0.46608976
MALA_tail,15,17,0.51782787,0.45297989
MALA_tail,15,18,0.54958332,0.46336892
MALA_tail,15,19,0.49487430,0.51260358
MALA_tail,15,20,0.48017478,0.51014686
MALA_tail,15,21,0.52200335,0.51997948
MALA_tail,15,22,0.51097578,0.51134497
MALA_tail,15,23,0.50312769,0.52363896
MALA_tail,15,24,0.50232708,0.57611603
MALA_tail,15,25,0.48035249,0.60215873
MALA_tail,15,26,0.48348761,0.59196830
MALA_tail,15,27,0.47015280,0.64567661
MALA_tail,15,28,0.48919347,0.69351488
MALA_tail,15,29,0.46017936,0.65461177
MALA_tail,15,30,0.48135003,0.67648625
MALA_tail,15,31,0.48705614,0.67431146
MALA_tail,15,32,0.48842591,0.70885772
MALA_tail,15,33,0.44815350,0.71701407
MALA_tail,15,34,0.42170721,0.72744411
MALA_tail,15,35,0.42687273,0.65735269
MALA_tail,15,36,0.40301889,0.63813037
MALA_tail,15,37,0.39296138,0.66780907
MALA_tail,15,38,0.36280242,0.70418483
MALA_tail,15,39,0.37026486,0.70191580
MALA_tail,15,40,0.40549588,0.73528111
MALA_tail,15,41,0.36875576,0.76708484
MALA_tail,15,42,0.39971098,0.76565593
MALA_tail,15,43,0.40928397,0.73239619
MALA_tail,15,44,0.45707226,0.72180653
MALA_tail,15,45,0.40470153,0.72442406
MALA_tail,15,46,0.39457858,0.81409395
MALA_tail,15,47,0.42929932,0.84598529
MALA_tail,15,48,0.39985538,0.79968762
MALA_tail,15,49,0.41167936,0.76969522
MALA_tail,16,0,0.38047358,0.81721413
MALA_tail,16,1,0.38301766,0.77703583
MALA_tail,16,2,0.45190498,0.80088347
MALA_tail,16,3,0.43629098,0.75883013
MALA_tail,16,4,0.40692520,0.81520945
MALA_tail,16,5,0.36214888,0.80026484
MALA_tail,16,6,0.39886075,0.79652447
MALA_tail,16,7,0.38614085,0.82949895
MALA_tail,16,8,0.41736153,0.82773620
MALA_tail,16,9,0.42455935,0.81343621
MALA_tail,16,10,0.39337406,0.88153613
MALA_tail,16,11,0.36696485,0.88232589
MALA_tail,16,12,0.36501700,0.83300620
MALA_tail,16,13,0.43870401,0.81725425
MALA_tail,16,14,0.42277533,0.86596477
MALA_tail,16,15,0.36346993,0.82499862
MALA_tail,16,16,0.39206970,0.81339699
MALA_tail,16,17,0.42130104,0.80327302
MALA_tail,16,18,0.38229072,0.79165453
MALA_tail,16,19,0.37260896,0.79438424
MALA_tail,16,20,0.39196476,0.82201618
MALA_tail,16,21,0.38702759,0.79788423
MALA_tail,16,22,0.41853303,0.85138839
MALA_tail,16,23,0.44171774,0.87407094
MALA_tail,16,24,0.47554338,0.93338305
MALA_tail,16,25,0.47192499,0.92820638
MALA_tail,16,26,0.43929863,0.93169379
MALA_tail,16,27,0.47657225,0.91760159
MALA_tail,16,28,0.48332965,0.89944124
MALA_tail,16,29,0.49694055,0.85776901
MALA_tail,16,30,0.46616024,0.92809480
MALA_tail,16,31,0.49283436,0.93868184
MALA_tail,16,32,0.45470512,0.96932220
MALA_tail,16,33,0.55704457,0.97342509
MALA_tail,16,34,0.60304803,0.95272118
MALA_tail,16,35,0.57698923,0.96726602
MALA_tail,16,36,0.56400335,0.98949647
MALA_tail,16,37,0.56683022,0.99513668
MALA_tail,16,38,0.56794852,1.00334561
MALA_tail,16,39,0.53548968,1.00482106
MALA_tail,16,40,0.47608039,0.97538036
MALA_tail,16,41,0.46268719,0.97550774
MALA_tail,16,42,0.47487614,0.93718600
MALA_tail,16,43,0.44071242,0.93037546
MALA_tail,16,44,0.47042704,0.93603611
MALA_tail,16,45,0.45270717,0.92331028
MALA_tail,16,46,0.46961340,0.93300712
MALA_tail,16,47,0.45479724,0.94487715
MALA_tail,16,48,0.53298432,0.99373293
MALA_tail,16,49,0.54368335,0.95814544
MALA_tail,17,0,0.14788987,0.11506313
MALA_tail,17,1,0.13754612,0.16783623
MALA_tail,17,2,0.11964951,0.14590013
MALA_tail,17,3,0.11231383,0.20655192
MALA_tail,17,4,0.14523675,0.20624392
MALA_tail,17,5,0.13363776,0.22448602
MALA_tail,17,6,0.18001050,0.25499815
MALA_tail,17,7,0.18566009,0.22703379
MALA_tail,17,8,0.14318317,0.23003438
MALA_tail,17,9,0.12451876,0.22414802
MALA_tail,17,10,0.08258589,0.25025997
MALA_tail,17,11,0.09489442,0.22563529
MALA_tail,17,12,0.12263136,0.24445215
MALA_tail,17,13,0.09510115,0.22999351
MALA_tail,17,14,0.06980215,0.25329188
MALA_tail,17,15,0.09181534,0.23072150
MALA_tail,17,16,0.06746802,0.18669528
MALA_tail,17,17,0.02219913,0.22030266
MALA_tail,17,18,0.03042846,0.24575031
MALA_tail,17,19,0.04872151,0.26393759
MALA_tail,17,20,0.06007519,0.22281836
MALA_tail,17,21,0.09580169,0.25111821
MALA_tail,17,22,0.08067141,0.31354198
MALA_tail,17,23,0.08407836,0.28693104
MALA_tail,17,24,0.08791143,0.31674829
MALA_tail,17,25,0.08746161,0.35068575
MALA_tail,17,26,0.10258827,0.39995584
MALA_tail,17,27,0.09523408,0.39359754
MALA_tail,17,28,0.07040919,0.39709085
MALA_tail,17,29,0.11952168,0.39251333
MALA_tail,17,30,0.09890992,0.39871871
MALA_tail,17,31,0.14921720,0.37540868
MALA_tail,17,32,0.17839406,0.40127259
MALA_tail,17,33,0.20282020,0.38880143
MALA_tail,17,34,0.20088199,0.38790989
MALA_tail,17,35,0.15849522,0.40845278
MALA_tail,17,36,0.14603433,0.39722523
MALA_tail,17,37,0.11441898,0.43492633
MALA_tail,17,38,0.12189838,0.46909595
MALA_tail,17,39,0.12749733,0.43530616
MALA_tail,17,40,0.12687853,0.45295995
MALA_tail,17,41,0.14956324,0.50707710
MALA_tail,17,42,0.11096597,0.53910345
MALA_tail,17,43,0.05624932,0.56067985
MALA_tail,17,44,0.06576380,0.52548659
MALA_tail,17,45,0.07729682,0.51837122
MALA_tail,17,46,0.00039090,0.50239575
MALA_tail,17,47,-0.00787274,0.49914882
MALA_tail,17,48,0.02493531,0.43694794
MALA_tail,17,49,0.00873384,0.41401488
MALA_tail,18,0,0.38343576,0.23378968
MALA_tail,18,1,0.37988642,0.22061935
MALA_tail,18,2,0.39128461,0.24051069
MALA_tail,18,3,0.42708680,0.25834894
MALA_tail,18,4,0.37781727,0.23201370
MALA_tail,18,5,0.37940428,0.27020076
MALA_tail,18,6,0.37929887,0.31090692
MALA_tail,18,7,0.39446342,0.42385218
MALA_tail,18,8,0.37453470,0.40915698
MALA_tail,18,9,0.35275754,0.40898186
MALA_tail,18,10,0.35175258,0.43331450
MALA_tail,18,11,0.37374321,0.39433032
MALA_tail,18,12,0.30760676,0.41225615
MALA_tail,18,13,0.28848660,0.38214985
MALA_tail,18,14,0.29739040,0.41814184
MALA_tail,18,15,0.31452873,0.41119111
MALA_tail,18,16,0.26653689,0.41220903
MALA_tail,18,17,0.27606499,0.41823155
MALA_tail,18,18,0.26674172,0.45569685
MALA_tail,18,19,0.28397581,0.48712948
MALA_tail,18,20,0.30016208,0.50718522
MALA_tail,18,21,0.26976764,0.48125732
MALA_tail,18,22,0.33204058,0.47326767
MALA_tail,18,23,0.32464230,0.48959097
MALA_tail,18,24,0.29603702,0.46723497
MALA_tail,18,25,0.34036466,0.43551910
MALA_tail,18,26,0.32560688,0.47723854
MALA_tail,18,27,0.31131583,0.50962496
MALA_tail,18,28,0.33999625,0.48977649
MALA_tail,18,29,0.31241629,0.50916439
MALA_tail,18,30,0.35067105,0.54807794
MALA_tail,18,31,0.31899405,0.52659363
MALA_tail,18,32,0.32281473,0.52934533
MALA_tail,18,33,0.32741478,0.52924848
MALA_tail,18,34,0.28542468,0.52899265
MALA_tail,18,35,0.30668747,0.59415591
MALA_tail,18,36,0.31043857,0.58138096
MALA_tail,18,37,0.34566298,0.60370880
MALA_tail,18,38,0.32582232,0.58414376
MALA_tail,18,39,0.33768052,0.55077797
MALA_tail,18,40,0.38516796,0.52918917
MALA_tail,18,41,0.42444864,0.55693281
MALA_tail,18,42,0.36527988,0.61461300
MALA_tail,18,43,0.40874419,0.61276174
MALA_tail,18,44,0.37568012,0.53886998
MALA_tail,18,45,0.29776040,0.51599818
MALA_tail,18,46,0.26234975,0.56700200
MALA_tail,18,47,0.28801322,0.55306154
MALA_tail,18,48,0.30443001,0.54944110
MALA_tail,18,49,0.31220877,0.53064913
MALA_tail,19,0,1.61029482,2.05689812
MALA_tail,19,1,1.61578214,2.06831455
MALA_tail,19,2,1.57495952,2.05360866
MALA_tail,19,3,1.55730224,2.03196120
MALA_tail,19,4,1.56890213,2.05541968
MALA_tail,19,5,1.59814501,2.02714205
MALA_tail,19,6,1.59913146,1.99639511
MALA_tail,19,7,1.60286224,2.05511069
MALA_tail,19,8,1.56290793,2.10397363
MALA_tail,19,9,1.53882170,2.08282614
MALA_tail,19,10,1.56262374,2.05158353
MALA_tail,19,11,1.57462692,2.15412092
MALA_tail,19,12,1.57855844,2.16783595
MALA_tail,19,13,1.53965425,2.16511512
MALA_tail,19,14,1.51478612,2.13204551
MALA_tail,19,15,1.56688273,2.14714503
MALA_tail,19,16,1.53070664,2.11307812
MALA_tail,19,17,1.49493337,2.08423996
MALA_tail,19,18,1.45325351,2.07476139
MALA_tail,19,19,1.44790983,2.05957103
MALA_tail,19,20,1.45851958,2.13371873
MALA_tail,19,21,1.44636285,2.06432557
MALA_tail,19,22,1.45104384,2.10102677
MALA_tail,19,23,1.46244264,2.10440183
MALA_tail,19,24,1.48293102,2.05847979
MALA_tail,19,25,1.46450043,2.01863933
MALA_tail,19,26,1.46638846,2.06968331
MALA_tail,19,27,1.41761231,2.05542064
MALA_tail,19,28,1.35634649,2.05766129
MALA_tail,19,29,1.37951064,2.05872178
MALA_tail,19,30,1.38437629,2.04235339
MALA_tail,19,31,1.38931179,2.06201077
MALA_tail,19,32,1.40065849,2.11286664
MALA_tail,19,33,1.40069497,2.12469101
MALA_tail,19,34,1.44396436,2.11419415
MALA_tail,19,35,1.43820930,2.17768192
MALA_tail,19,36,1.42977309,2.21760225
MALA_tail,19,37,1.44514990,2.20120168
MALA_tail,19,38,1.47579908,2.18870831
MALA_tail,19,39,1.42744589,2.18493819
MALA_tail,19,40,1.45686865,2.20713377
MALA_tail,19,41,1.44445288,2.23649955
MALA_tail,19,42,1.45389748,2.23761606
MALA_tail,19,43,1.45219362,2.21895003
MALA_tail,19,44,1.41562212,2.20126677
MALA_tail,19,45,1.43058813,2.22899175
MALA_tail,19,46,1.46340847,2.19717240
MALA_tail,19,47,1.44890094,2.17677903
MALA_tail,19,48,1.46114993,2.16583323
MALA_tail,19,49,1.43015206,2.12260199
MALA_tail,20,0,-0.26580301,0.49677277
MALA_tail,20,1,-0.25437993,0.45235124
MALA_tail,20,2,-0.28745908,0.42636430
MALA_tail,20,3,-0.26217377,0.44505274
MALA_tail,20,4,-0.29411688,0.46590722
MALA_tail,20,5,-0.29865825,0.40640670
MALA_tail,20,6,-0.32145262,0.35700673
MALA_tail,20,7,-0.33646390,0.34092906
MALA_tail,20,8,-0.32457820,0.33714250
MALA_tail,20,9,-0.31500974,0.27191547
MALA_tail,20,10,-0.35648447,0.26045275
MALA_tail,20,11,-0.32787776,0.21493325
MALA_tail,20,12,-0.36629909,0.13910277
MALA_tail,20,13,-0.35267717,0.10662179
MALA_tail,20,14,-0.36631674,0.08291771
MALA_tail,20,15,-0.35257179,0.07965238
MALA_tail,20,16,-0.36888707,0.07856397
MALA_tail,20,17,-0.33382422,0.07147796
MALA_tail,20,18,-0.34690967,0.09469066
MALA_tail,20,19,-0.32267916,0.09870287
MALA_tail,20,20,-0.26283070,0.08396779
MALA_tail,20,21,-0.28866735,0.08856127
MALA_tail,20,22,-0.30177328,0.09297089
MALA_tail,20,23,-0.33207530,0.11073128
MALA_tail,20,24,-0.39646944,0.10263520
MALA_tail,20,25,-0.42496139,0.04913609
MALA_tail,20,26,-0.37995064,0.07442454
MALA_tail,20,27,-0.35174122,0.08051079
MALA_tail,20,28,-0.32428670,0.05688617
MALA_tail,20,29,-0.33977526,0.05878967
MALA_tail,20,30,-0.38613662,0.06928339
MALA_tail,20,31,-0.37321967,0.04586342
MALA_tail,20,32,-0.36183399,0.05139467
MALA_tail,20,33,-0.36890998,0.02290365
MALA_tail,20,34,-0.36197823,0.10999398
MALA_tail,20,35,-0.35595128,0.15234816
MALA_tail,20,36,-0.36874861,0.16695607
MALA_tail,20,37,-0.38119286,0.17641240
MALA_tail,20,38,-0.39012825,0.27788907
MALA_tail,20,39,-0.44495746,0.29884467
MALA_tail,20,40,-0.42257911,0.34665248
MALA_tail,20,41,-0.41912827,0.34548950
MALA_tail,20,42,-0.37792313,0.36146814
MALA_tail,20,43,-0.36936972,0.36987323
MALA_tail,20,44,-0.36446863,0.37866387
MALA_tail,20,45,-0.36360890,0.42550355
MALA_tail,20,46,-0.40285322,0.43968606
MALA_tail,20,47,-0.46698499,0.48026308
MALA_tail,20,48,-0.45243177,0.49409470
MALA_tail,20,49,-0.49893618,0.50872016
MALA_tail,21,0,1.67896581,1.96202815
MALA_tail,21,1,1.66664362,1.97246134
MALA_tail,21,2,1.72910690,2.00235271
MALA_tail,21,3,1.72391617,1.98702145
MALA_tail,21,4,1.72953439,2.02655625
MALA_tail,21,5,1.72721040,2.06023121
MALA_tail,21,6,1.69132686,2.11843204
MALA_tail,21,7,1.69784248,2.04346371
MALA_tail,21,8,1.64102018,2.07492614
MALA_tail,21,9,1.62049413,2.12843204
MALA_tail,21,10,1.61177337,2.14637494
MALA_tail,21,11,1.62436187,2.13574648
MALA_tail,21,12,1.66363943,2.15967274
MALA_tail,21,13,1.64184535,2.19877815
MALA_tail,21,14,1.61361647,2.26354432
MALA_tail,21,15,1.62574768,2.24896574
MALA_tail,21,16,1.67307889,2.25408745
MALA_tail,21,17,1.64717925,2.26381850
MALA_tail,21,18,1.53831768,2.26902604
MALA_tail,21,19,1.51042306,2.25507450
MALA_tail,21,20,1.51662958,2.25567412
MALA_tail,21,21,1.52022886,2.22112536
MALA_tail,21,22,1.48812759,2.25321317
MALA_tail,21,23,1.41632152,2.20044255
MALA_tail,21,24,1.47319889,2.20317221
MALA_tail,21,25,1.49923325,2.25051475
MALA_tail,21,26,1.47727585,2.27861619
MALA_tail,21,27,1.51882195,2.27052093
MALA_tail,21,28,1.50486338,2.23005414
MALA_tail,21,29,1.51085329,2.19118142
MALA_tail,21,30,1.53480256,2.17915034
MALA_tail,21,31,1.53704798,2.21342182
MALA_tail,21,32,1.51228392,2.24594998
MALA_tail,21,33,1.49580956,2.21648860
MALA_tail,21,34,1.52444470,2.25234032
MALA_tail,21,35,1.47108960,2.22930646
MALA_tail,21,36,1.45592737,2.21477962
MALA_tail,21,37,1.44332814,2.23918080
MALA_tail,21,38,1.52658033,2.22970867
MALA_tail,21,39,1.48485696,2.17987156
MALA_tail,21,40,1.54351687,2.13752103
MALA_tail,21,41,1.53245246,2.11496735
MALA_tail,21,42,1.49082315,2.07188654
MALA_tail,21,43,1.49824333,2.05249023
MALA_tail,21,44,1.49072254,2.06204057
MALA_tail,21,45,1.46941543,2.07558465
MALA_tail,21,46,1.46019328,2.07339048
MALA_tail,21,47,1.49217439,2.07973504
MALA_tail,21,48,1.44769824,2.07043123
MALA_tail,21,49,1.45219111,2.08990908
MALA_tail,22,0,-0.96111667,1.38804889
MALA_tail,22,1,-0.96111667,1.38804889
MALA_tail,22,2,-0.96111667,1.38804889
MALA_tail,22,3,-0.96111667,1.38804889
MALA_tail,22,4,-0.96111667,1.38804889
MALA_tail,22,5,-0.96111667,1.38804889
MALA_tail,22,6,-0.96111667,1.38804889
MALA_tail,22,7,-0.96111667,1.38804889
MALA_tail,22,8,-0.96111667,1.38804889
MALA_tail,22,9,-0.96111667,1.38804889
MALA_tail,22,10,-0.96111667,1.38804889
MALA_tail,22,11,-0.96111667,1.38804889
MALA_tail,22,12,-0.96111667,1.38804889
MALA_tail,22,13,-0.96111667,1.38804889
MALA_tail,22,14,-0.96111667,1.38804889
MALA_tail,22,15,-0.96111667,1.38804889
MALA_tail,22,16,-0.96111667,1.38804889
MALA_tail,22,17,-0.96111667,1.38804889
MALA_tail,22,18,-0.96111667,1.38804889
MALA_tail,22,19,-0.96111667,1.38804889
MALA_tail,22,20,-0.96111667,1.38804889
MALA_tail,22,21,-0.96111667,1.38804889
MALA_tail,22,22,-0.96111667,1.38804889
MALA_tail,22,23,-0.96111667,1.38804889
MALA_tail,22,24,-0.96111667,1.38804889
MALA_tail,22,25,-0.96111667,1.38804889
MALA_tail,22,26,-0.96111667,1.38804889
MALA_tail,22,27,-0.96111667,1.38804889
MALA_tail,22,28,-0.96111667,1.38804889
MALA_tail,22,29,-0.96111667,1.38804889
MALA_tail,22,30,-0.96111667,1.38804889
MALA_tail,22,31,-0.96111667,1.38804889
MALA_tail,22,32,-0.96111667,1.38804889
MALA_tail,22,33,-0.96111667,1.38804889
MALA_tail,22,34,-0.96111667,1.38804889
MALA_tail,22,35,-0.96111667,1.38804889
MALA_tail,22,36,-0.96111667,1.38804889
MALA_tail,22,37,-0.96111667,1.38804889
MALA_tail,22,38,-0.96111667,1.38804889
MALA_tail,22,39,-0.96111667,1.38804889
MALA_tail,22,40,-0.96111667,1.38804889
MALA_tail,22,41,-0.96111667,1.38804889
MALA_tail,22,42,-0.96111667,1.38804889
MALA_tail,22,43,-0.96111667,1.38804889
MALA_tail,22,44,-0.96111667,1.38804889
MALA_tail,22,45,-0.96111667,1.38804889
MALA_tail,22,46,-0.96111667,1.38804889
MALA_tail,22,47,-0.96111667,1.38804889
MALA_tail,22,48,-0.96111667,1.38804889
MALA_tail,22,49,-0.96111667,1.38804889
MALA_tail,23,0,0.56977981,0.91544485
MALA_tail,23,1,0.54890168,0.93882418
MALA_tail,23,2,0.51192349,0.90855455
MALA_tail,23,3,0.46160990,0.89482689
MALA_tail,23,4,0.44084218,0.90808827
MALA_tail,23,5,0.46558166,0.87367165
MALA_tail,23,6,0.49143043,0.83772755
MALA_tail,23,7,0.46813133,0.85015601
MALA_tail,23,8,0.38829786,0.81518042
MALA_tail,23,9,0.41830686,0.83420277
MALA_tail,23,10,0.48874247,0.85447556
MALA_tail,23,11,0.51075518,0.90271723
MALA_tail,23,12,0.51009941,0.91574490
MALA_tail,23,13,0.52508885,0.87774503
MALA_tail,23,14,0.57984322,0.89237285
MALA_tail,23,15,0.54412854,0.95303023
MALA_tail,23,16,0.57479244,1.01823986
MALA_tail,23,17,0.57223016,0.99879599
MALA_tail,23,18,0.56482023,1.01985884
MALA_tail,23,19,0.56979513,1.02722394
MALA_tail,23,20,0.57219470,1.03570187
MALA_tail,23,21,0.56895602,1.00946558
MALA_tail,23,22,0.54339832,0.97704983
MALA_tail,23,23,0.52968454,0.96298528
MALA_tail,23,24,0.54478759,0.97644806
MALA_tail,23,25,0.53809100,1.00100398
MALA_tail,23,26,0.57323301,0.92359418
MALA_tail,23,27,0.54490471,0.91968387
MALA_tail,23,28,0.52218747,0.94733828
MALA_tail,23,29,0.50031096,0.98864627
MALA_tail,23,30,0.47345427,0.94276017
MALA_tail,23,31,0.46878037,0.93598384
MALA_tail,23,32,0.51609200,0.91456908
MALA_tail,23,33,0.50995630,0.94693446
MALA_tail,23,34,0.53994077,0.97954720
MALA_tail,23,35,0.47442943,0.94294375
MALA_tail,23,36,0.49919459,0.91923970
MALA_tail,23,37,0.52413940,0.92604154
MALA_tail,23,38,0.49619922,0.90922022
MALA_tail,23,39,0.50912124,0.86632490
MALA_tail,23,40,0.50659853,0.85995090
MALA_tail,23,41,0.53076357,0.85299456
MALA_tail,23,42,0.54204911,0.84430081
MALA_tail,23,43,0.50435936,0.87276930
MALA_tail,23,44,0.52269828,0.91828793
MALA_tail,23,45,0.49595350,0.91844267
MALA_tail,23,46,0.55507028,0.92915756
MALA_tail,23,47,0.52758241,0.89847350
MALA_tail,23,48,0.53222263,0.95481312
MALA_tail,23,49,0.52801996,0.91753066
MALA_tail,24,0,0.35097197,0.51777232
MALA_tail,24,1,0.33609620,0.57008904
MALA_tail,24,2,0.37296999,0.59319556
MALA_tail,24,3,0.36449617,0.60239989
MALA_tail,24,4,0.35943291,0.64100438
MALA_tail,24,5,0.43597651,0.66781765
MALA_tail,24,6,0.40694743,0.70887440
MALA_tail,24,7,0.37957647,0.73948097
MALA_tail,24,8,0.36556542,0.72422969
MALA_tail,24,9,0.34571189,0.76235133
MALA_tail,24,10,0.41385916,0.77813816
MALA_tail,24,11,0.38505080,0.78561026
MALA_tail,24,12,0.39527705,0.71281511
MALA_tail,24,13,0.38323835,0.71446407
MALA_tail,24,14,0.42041185,0.68953323
MALA_tail,24,15,0.37339449,0.72078025
MALA_tail,24,16,0.30419731,0.67867833
MALA_tail,24,17,0.27544376,0.69554031
MALA_tail,24,18,0.26673996,0.67678398
MALA_tail,24,19,0.26056397,0.66827756
MALA_tail,24,20,0.29406720,0.68823630
MALA_tail,24,21,0.30634230,0.66643220
MALA_tail,24,22,0.33242339,0.66884035
MALA_tail,24,23,0.34723943,0.62294960
MALA_tail,24,24,0.41464800,0.62924927
MALA_tail,24,25,0.37296399,0.58871704
MALA_tail,24,26,0.41103953,0.58072716
MALA_tail,24,27,0.39466235,0.61271209
MALA_tail,24,28,0.35501206,0.64864016
MALA_tail,24,29,0.40408349,0.60736001
MALA_tail,24,30,0.38974845,0.59144539
MALA_tail,24,31,0.45189849,0.58071333
MALA_tail,24,32,0.45515651,0.59219122
MALA_tail,24,33,0.45718130,0.61050248
MALA_tail,24,34,0.48898110,0.61406630
MALA_tail,24,35,0.50002372,0.55121261
MALA_tail,24,36,0.44639662,0.55729204
MALA_tail,24,37,0.49147502,0.55962825
MALA_tail,24,38,0.48751840,0.53395700
MALA_tail,24,39,0.48631406,0.53325760
MALA_tail,24,40,0.46431273,0.50024456
MALA_tail,24,41,0.44933245,0.52905965
MALA_tail,24,42,0.41599870,0.55696005
MALA_tail,24,43,0.39557707,0.55459505
MALA_tail,24,44,0.40264928,0.54205573
MALA_tail,24,45,0.44181627,0.60250747
MALA_tail,24,46,0.39271936,0.62282652
MALA_tail,24,47,0.40922603,0.57704955
MALA_tail,24,48,0.43040916,0.55594659
MALA_tail,24,49,0.36395657,0.52759308
MALA_tail,25,0,0.06799680,0.05400119
MALA_tail,25,1,0.06295215,0.07998277
MALA_tail,25,2,0.05334201,0.04314590
MALA_tail,25,3,0.05788647,0.02513213
MALA_tail,25,4,0.06325576,-0.01558411
MALA_tail,25,5,0.08073533,0.05960748
MALA_tail,25,6,0.10031117,0.02989981
MALA_tail,25,7,0.11271166,0.06435654
MALA_tail,25,8,0.09628795,0.07127052
MALA_tail,25,9,0.03969359,0.01781934
MALA_tail,25,10,0.04725289,0.05944788
MALA_tail,25,11,0.06066769,0.07820965
MALA_tail,25,12,0.10484572,0.03729745
MALA_tail,25,13,0.11642110,0.04180146
MALA_tail,25,14,0.18667686,0.05498322
MALA_tail,25,15,0.20748055,0.07708094
MALA_tail,25,16,0.22133048,0.11469048
MALA_tail,25,17,0.17877953,0.07974345
MALA_tail,25,18,0.17428157,0.12389347
MALA_tail,25,19,0.17451888,0.09793037
MALA_tail,25,20,0.19126265,0.10480336
MALA_tail,25,21,0.17982006,0.13955195
MALA_tail,25,22,0.20004627,0.07021445
MALA_tail,25,23,0.21405546,0.08754721
MALA_tail,25,24,0.27099240,0.13617396
MALA_tail,25,25,0.26519179,0.21024589
MALA_tail,25,26,0.28311166,0.21265574
MALA_tail,25,27,0.31834319,0.19685054
MALA_tail,25,28,0.33763200,0.24134426
MALA_tail,25,29,0.31752393,0.17886326
MALA_tail,25,30,0.28855333,0.22422583
MALA_tail,25,31,0.31427088,0.22176725
MALA_tail,25,32,0.32659736,0.22016622
MALA_tail,25,33,0.31832948,0.22129424
MALA_tail,25,34,0.34709254,0.18823448
MALA_tail,25,35,0.34624118,0.23879652
MALA_tail,25,36,0.34140903,0.27882499
MALA_tail,25,37,0.35762271,0.27683717
MALA_tail,25,38,0.37348202,0.32636178
MALA_tail,25,39,0.38131517,0.36155257
MALA_tail,25,40,0.37324741,0.35702428
MALA_tail,25,41,0.34197137,0.42450598
MALA_tail,25,42,0.45100150,0.43344659
MALA_tail,25,43,0.47322711,0.45625663
MALA_tail,25,44,0.48096731,0.47051287
MALA_tail,25,45,0.47278202,0.44227305
MALA_tail,25,46,0.52432740,0.49663728
MALA_tail,25,47,0.54599518,0.50935853
MALA_tail,25,48,0.54584253,0.52498305
MALA_tail,25,49,0.48759907,0.56484658
MALA_tail,26,0,0.43708262,0.71180946
MALA_tail,26,1,0.44389495,0.68429720
MALA_tail,26,2,0.45035225,0.68520856
MALA_tail,26,3,0.49709335,0.69114393
MALA_tail,26,4,0.48781183,0.63641602
MALA_tail,26,5,0.50398409,0.62771964
MALA_tail,26,6,0.46349427,0.68111324
MALA_tail,26,7,0.43339074,0.66483212
MALA_tail,26,8,0.42568704,0.68142515
MALA_tail,26,9,0.38443169,0.60597718
MALA_tail,26,10,0.39524519,0.58125579
MALA_tail,26,11,0.36658138,0.51102591
MALA_tail,26,12,0.36696470,0.53157359
MALA_tail,26,13,0.33269554,0.59743577
MALA_tail,26,14,0.32492691,0.54333538
MALA_tail,26,15,0.28360432,0.52356720
MALA_tail,26,16,0.34649467,0.52478439
MALA_tail,26,17,0.35665563,0.51260442
MALA_tail,26,18,0.36175498,0.51269341
MALA_tail,26,19,0.34849292,0.51831168
MALA_tail,26,20,0.34033009,0.55927265
MALA_tail,26,21,0.37021223,0.56930286
MALA_tail,26,22,0.36256143,0.56651050
MALA_tail,26,23,0.34124058,0.46930584
MALA_tail,26,24,0.37965286,0.47086588
MALA_tail,26,25,0.36166394,0.47020513
MALA_tail,26,26,0.31465876,0.47517183
MALA_tail,26,27,0.30488196,0.50204998
MALA_tail,26,28,0.32540861,0.46927029
MALA_tail,26,29,0.31112534,0.45966244
MALA_tail,26,30,0.33173713,0.47816160
MALA_tail,26,31,0.32926446,0.49337986
MALA_tail,26,32,0.30291164,0.47952479
MALA_tail,26,33,0.30876237,0.49721014
MALA_tail,26,34,0.29653805,0.50378877
MALA_tail,26,35,0.30400264,0.47638914
MALA_tail,26,36,0.29149392,0.47206944
MALA_tail,26,37,0.28404972,0.49098444
MALA_tail,26,38,0.28364047,0.51802164
MALA_tail,26,39,0.31168124,0.47544339
MALA_tail,26,40,0.30069908,0.47199598
MALA_tail,26,41,0.33330747,0.45911437
MALA_tail,26,42,0.31690177,0.49039406
MALA_tail,26,43,0.32419083,0.41855377
MALA_tail,26,44,0.32578990,0.42283201
MALA_tail,26,45,0.31251481,0.40796378
MALA_tail,26,46,0.32165566,0.44961008
MALA_tail,26,47,0.29926381,0.45167431
MALA_tail,26,48,0.33790860,0.47382051
MALA_tail,26,49,0.31230959,0.46694073
MALA_tail,27,0,-0.93499976,-1.54387152
MALA_tail,27,1,-0.92417753,-1.56349003
MALA_tail,27,2,-0.93451363,-1.57100272
MALA_tail,27,3,-0.94691300,-1.60352552
MALA_tail,27,4,-0.98022425,-1.59407854
MALA_tail,27,5,-0.95311844,-1.64334595
MALA_tail,27,6,-0.99216360,-1.69475639
MALA_tail,27,7,-0.97553527,-1.68679249
MALA_tail,27,8,-0.99679583,-1.70410740
MALA_tail,27,9,-0.99552041,-1.67129612
MALA_tail,27,10,-0.97730684,-1.68210340
MALA_tail,27,11,-0.99472684,-1.70401669
MALA_tail,27,12,-1.01716566,-1.72924674
MALA_tail,27,13,-0.99255908,-1.70008790
MALA_tail,27,14,-0.97052836,-1.71196699
MALA_tail,27,15,-0.97574002,-1.65619171
MALA_tail,27,16,-0.99145544,-1.69065773
MALA_tail,27,17,-0.98399293,-1.64286447
MALA_tail,27,18,-0.97713053,-1.64649689
MALA_tail,27,19,-0.94212639,-1.63283288
MALA_tail,27,20,-0.95946056,-1.62242782
MALA_tail,27,21,-0.96698499,-1.63360155
MALA_tail,27,22,-0.97888428,-1.66983449
MALA_tail,27,23,-0.96932542,-1.63159811
MALA_tail,27,24,-0.96593022,-1.65336347
MALA_tail,27,25,-0.97854424,-1.62244594
MALA_tail,27,26,-0.96755433,-1.62464809
MALA_tail,27,27,-0.99580747,-1.66077900
MALA_tail,27,28,-0.97213745,-1.63232899
MALA_tail,27,29,-0.94564652,-1.69300079
MALA_tail,27,30,-0.97497189,-1.65299666
MALA_tail,27,31,-0.99442202,-1.70633662
MALA_tail,27,32,-0.97830391,-1.68093324
MALA_tail,27,33,-0.99386984,-1.69173241
MALA_tail,27,34,-1.00141096,-1.75737584
MALA_tail,27,35,-0.99903738,-1.77409887
MALA_tail,27,36,-1.02452779,-1.75023603
MALA_tail,27,37,-1.01546395,-1.75286329
MALA_tail,27,38,-1.02169967,-1.78771114
MALA_tail,27,39,-1.04435086,-1.78713572
MALA_tail,27,40,-0.99376488,-1.74235463
MALA_tail,27,41,-1.02876985,-1.78873050
MALA_tail,27,42,-1.02370822,-1.82993138
MALA_tail,27,43,-1.04950607,-1.83535683
MALA_tail,27,44,-1.05027580,-1.88558245
MALA_tail,27,45,-1.09097862,-1.84704244
MALA_tail,27,46,-1.06124997,-1.83960438
MALA_tail,27,47,-1.03397071,-1.82395709
MALA_tail,27,48,-1.05966592,-1.83050561
MALA_tail,27,49,-1.07809103,-1.88793540
MALA_tail,28,0,0.54495180,0.68599129
MALA_tail,28,1,0.50564200,0.73116839
MALA_tail,28,2,0.43539965,0.69270253
MALA_tail,28,3,0.48917541,0.67277926
MALA_tail,28,4,0.51347494,0.64113146
MALA_tail,28,5,0.51973939,0.66393417
MALA_tail,28,6,0.51214576,0.68510681
MALA_tail,28,7,0.48840505,0.68413824
MALA_tail,28,8,0.44777688,0.63944709
MALA_tail,28,9,0.43312794,0.61189044
MALA_tail,28,10,0.44305596,0.66525155
MALA_tail,28,11,0.42705095,0.63409394
MALA_tail,28,12,0.44465607,0.64756888
MALA_tail,28,13,0.41327456,0.69613546
MALA_tail,28,14,0.36787096,0.63960052
MALA_tail,28,15,0.34573776,0.62733948
MALA_tail,28,16,0.30841693,0.67347223
MALA_tail,28,17,0.34717572,0.69138640
MALA_tail,28,18,0.33809566,0.67651808
MALA_tail,28,19,0.34531003,0.63950491
MALA_tail,28,20,0.33805487,0.61053962
MALA_tail,28,21,0.32875887,0.64296222
MALA_tail,28,22,0.34772828,0.67917746
MALA_tail,28,23,0.41504446,0.66632718
MALA_tail,28,24,0.40674040,0.67262584
MALA_tail,28,25,0.41840559,0.59930950
MALA_tail,28,26,0.39792591,0.68254435
MALA_tail,28,27,0.33909628,0.68056166
MALA_tail,28,28,0.33895987,0.61371559
MALA_tail,28,29,0.33375022,0.64186060
MALA_tail,28,30,0.34944320,0.62095028
MALA_tail,28,31,0.38499981,0.63334548
MALA_tail,28,32,0.35890979,0.57524401
MALA_tail,28,33,0.35607731,0.60617703
MALA_tail,28,34,0.33849058,0.62677985
MALA_tail,28,35,0.33308795,0.64519340
MALA_tail,28,36,0.37808308,0.66281927
MALA_tail,28,37,0.44475839,0.61627507
MALA_tail,28,38,0.43442586,0.61789417
MALA_tail,28,39,0.39824584,0.63710994
MALA_tail,28,40,0.38243765,0.63437742
MALA_tail,28,41,0.45443684,0.61819589
MALA_tail,28,42,0.46095121,0.55572546
MALA_tail,28,43,0.44743842,0.60133094
MALA_tail,28,44,0.45766187,0.58000100
MALA_tail,28,45,0.44484371,0.58831626
MALA_tail,28,46,0.46724287,0.54808992
MALA_tail,28,47,0.47232786,0.53531313
MALA_tail,28,48,0.46530616,0.54912508
MALA_tail,28,49,0.48584616,0.49207857
MALA_tail,29,0,-0.17663200,0.29474431
MALA_tail,29,1,-0.09091715,0.27612680
MALA_tail,29,2,-0.09553789,0.24930483
MALA_tail,29,3,-0.07330907,0.30330327
MALA_tail,29,4,-0.12241644,0.31198519
MALA_tail,29,5,-0.08708285,0.31769344
MALA_tail,29,6,-0.01302453,0.31571287
MALA_tail,29,7,-0.06005651,0.32430962
MALA_tail,29,8,-0.05942021,0.34950623
MALA_tail,29,9,-0.01294902,0.31781259
MALA_tail,29,10,-0.01629582,0.31904945
MALA_tail,29,11,0.03421492,0.32368994
MALA_tail,29,12,0.03312325,0.29782239
MALA_tail,29,13,0.04028072,0.33686471
MALA_tail,29,14,0.04593652,0.33919793
MALA_tail,29,15,0.04227294,0.31862977
MALA_tail,29,16,0.07274856,0.33124831
MALA_tail,29,17,0.04238607,0.33847070
MALA_tail,29,18,0.04974266,0.33697954
MALA_tail,29,19,0.05873213,0.38145712
MALA_tail,29,20,0.02240252,0.42210737
MALA_tail,29,21,0.01683572,0.42399481
MALA_tail,29,22,0.01594993,0.40345350
MALA_tail,29,23,0.00632141,0.37358207
MALA_tail,29,24,-0.07043871,0.34768912
MALA_tail,29,25,-0.07111642,0.35301003
MALA_tail,29,26,-0.04593436,0.33158112
MALA_tail,29,27,-0.06987227,0.30415699
MALA_tail,29,28,-0.00124021,0.31932476
MALA_tail,29,29,-0.01118622,0.35168636
MALA_tail,29,30,-0.02494612,0.36745381
MALA_tail,29,31,-0.02477156,0.36741164
MALA_tail,29,32,-0.04803433,0.37061024
MALA_tail,29,33,-0.07896578,0.31996503
MALA_tail,29,34,-0.06358010,0.29720300
MALA_tail,29,35,-0.09996203,0.28199896
MALA_tail,29,36,-0.06905777,0.28323975
MALA_tail,29,37,-0.04434212,0.32156637
MALA_tail,29,38,-0.04931996,0.33745709
MALA_tail,29,39,-0.02333795,0.32784009
MALA_tail,29,40,0.01158128,0.33138084
MALA_tail,29,41,-0.00132970,0.37046552
MALA_tail,29,42,-0.03041401,0.37278941
MALA_tail,29,43,-0.05127826,0.34053397
MALA_tail,29,44,-0.09071445,0.36151627
MALA_tail,29,45,-0.04951194,0.33116376
MALA_tail,29,46,-0.02855534,0.32368618
MALA_tail,29,47,-0.04626517,0.30068225
MALA_tail,29,48,-0.05701039,0.32236880
MALA_tail,29,49,-0.08193864,0.31166449
MALA_tail,30,0,0.42101857,0.02289755
MALA_tail,30,1,0.42037684,0.04914519
MALA_tail,30,2,0.36799091,0.03017325
MALA_tail,30,3,0.29858458,0.06489442
MALA_tail,30,4,0.31676915,0.06686714
MALA_tail,30,5,0.26355463,0.03352297
MALA_tail,30,6,0.28324354,0.08084948
MALA_tail,30,7,0.25151247,0.11462872
MALA_tail,30,8,0.23644218,0.04256824
MALA_tail,30,9,0.24448150,0.05013928
MALA_tail,30,10,0.24313255,0.08384839
MALA_tail,30,11,0.24872334,-0.03397541
MALA_tail,30,12,0.27430961,0.00313154
MALA_tail,30,13,0.20835803,-0.01045600
MALA_tail,30,14,0.17444481,0.00264189
MALA_tail,30,15,0.12976915,0.04424408
MALA_tail,30,16,0.16244796,0.06800309
MALA_tail,30,17,0.15467206,0.06034705
MALA_tail,30,18,0.12254288,0.07706481
MALA_tail,30,19,0.09904452,0.08832790
MALA_tail,30,20,0.11123833,0.04669078
MALA_tail,30,21,0.05277752,0.03124015
MALA_tail,30,22,0.06657285,0.04480710
MALA_tail,30,23,0.10661732,0.11107209
MALA_tail,30,24,0.11554601,0.12616621
MALA_tail,30,25,0.08562010,0.12800343
MALA_tail,30,26,0.07917667,0.12675942
MALA_tail,30,27,0.10899200,0.11080652
MALA_tail,30,28,0.08916756,0.11721172
MALA_tail,30,29,0.07430980,0.08638348
MALA_tail,30,30,0.05837123,0.08578893
MALA_tail,30,31,0.08809115,0.11060121
MALA_tail,30,32,0.11074215,0.14116620
MALA_tail,30,33,0.12573931,0.13466644
MALA_tail,30,34,0.20076449,0.17184819
MALA_tail,30,35,0.21301675,0.18505506
MALA_tail,30,36,0.26540467,0.19284941
MALA_tail,30,37,0.33668381,0.18272160
MALA_tail,30,38,0.31479034,0.13978422
MALA_tail,30,39,0.29424867,0.19417106
MALA_tail,30,40,0.30444825,0.25473830
MALA_tail,30,41,0.27093175,0.26967859
MALA_tail,30,42,0.30020887,0.30350098
MALA_tail,30,43,0.26551160,0.28882688
MALA_tail,30,44,0.26250061,0.31575376
MALA_tail,30,45,0.25813383,0.33936489
MALA_tail,30,46,0.27048004,0.31121764
MALA_tail,30,47,0.22801593,0.35313603
MALA_tail,30,48,0.21205699,0.33420849
MALA_tail,30,49,0.23041251,0.25707823
MALA_tail,31,0,-0.93762112,1.65817750
MALA_tail,31,1,-0.93762112,1.65817750
MALA_tail,31,2,-0.93762112,1.65817750
MALA_tail,31,3,-0.93762112,1.65817750
MALA_tail,31,4,-0.93762112,1.65817750
MALA_tail,31,5,-0.93762112,1.65817750
MALA_tail,31,6,-0.93762112,1.65817750
MALA_tail,31,7,-0.93762112,1.65817750
MALA_tail,31,8,-0.93762112,1.65817750
MALA_tail,31,9,-0.93762112,1.65817750
MALA_tail,31,10,-0.93762112,1.65817750
MALA_tail,31,11,-0.93762112,1.65817750
MALA_tail,31,12,-0.93762112,1.65817750
MALA_tail,31,13,-0.93762112,1.65817750
MALA_tail,31,14,-0.93762112,1.65817750
MALA_tail,31,15,-0.93762112,1.65817750
MALA_tail,31,16,-0.93762112,1.65817750
MALA_tail,31,17,-0.93762112,1.65817750
MALA_tail,31,18,-0.93762112,1.65817750
MALA_tail,31,19,-0.93762112,1.65817750
MALA_tail,31,20,-0.93762112,1.65817750
MALA_tail,31,21,-0.93762112,1.65817750
MALA_tail,31,22,-0.93762112,1.65817750
MALA_tail,31,23,-0.93762112,1.65817750
MALA_tail,31,24,-0.93762112,1.65817750
MALA_tail,31,25,-0.93762112,1.65817750
MALA_tail,31,26,-0.93762112,1.65817750
MALA_tail,31,27,-0.93762112,1.65817750
MALA_tail,31,28,-0.93762112,1.65817750
MALA_tail,31,29,-0.93762112,1.65817750
MALA_tail,31,30,-0.93762112,1.65817750
MALA_tail,31,31,-0.93762112,1.65817750
MALA_tail,31,32,-0.93762112,1.65817750
MALA_tail,31,33,-0.93762112,1.65817750
MALA_tail,31,34,-0.93762112,1.65817750
MALA_tail,31,35,-0.93762112,1.65817750
MALA_tail,31,36,-0.93762112,1.65817750
MALA_tail,31,37,-0.93762112,1.65817750
MALA_tail,31,38,-0.93762112,1.65817750
MALA_tail,31,39,-0.93762112,1.65817750
MALA_tail,31,40,-0.93762112,1.65817750
MALA_tail,31,41,-0.93762112,1.65817750
MALA_tail,31,42,-0.93762112,1.65817750
MALA_tail,31,43,-0.93762112,1.65817750
MALA_tail,31,44,-0.93762112,1.65817750
MALA_tail,31,45,-0.93762112,1.65817750
MALA_tail,31,46,-0.93762112,1.65817750
MALA_tail,31,47,-0.93762112,1.65817750
MALA_tail,31,48,-0.93762112,1.65817750
MALA_tail,31,49,-0.93762112,1.65817750
MALA_tail,32,0,0.07407470,0.24347442
MALA_tail,32,1,0.08186978,0.24214675
MALA_tail,32,2,0.06356138,0.27074629
MALA_tail,32,3,0.05961638,0.24287780
MALA_tail,32,4,0.02468825,0.21993139
MALA_tail,32,5,-0.00396766,0.25163954
MALA_tail,32,6,0.03422294,0.21115740
MALA_tail,32,7,0.07371566,0.17777807
MALA_tail,32,8,0.08780937,0.23488367
MALA_tail,32,9,0.10836715,0.27982959
MALA_tail,32,10,0.20450681,0.26147249
MALA_tail,32,11,0.18940684,0.23495251
MALA_tail,32,12,0.20424446,0.27296609
MALA_tail,32,13,0.23173968,0.26643687
MALA_tail,32,14,0.23606689,0.20580846
MALA_tail,32,15,0.22166698,0.17094436
MALA_tail,32,16,0.25142193,0.19963427
MALA_tail,32,17,0.27981931,0.14690603
MALA_tail,32,18,0.23695187,0.12832427
MALA_tail,32,19,0.26344448,0.11253838
MALA_tail,32,20,0.29926324,0.10330661
MALA_tail,32,21,0.25106722,0.05530222
MALA_tail,32,22,0.27306938,0.05169804
MALA_tail,32,23,0.28855115,0.07854935
MALA_tail,32,24,0.23847757,0.08241437
MALA_tail,32,25,0.21610199,0.06360509
MALA_tail,32,26,0.25800741,0.05814210
MALA_tail,32,27,0.27131492,0.12774913
MALA_tail,32,28,0.27920514,0.14097682
MALA_tail,32,29,0.25317749,0.11656918
MALA_tail,32,30,0.25403479,0.06044040
MALA_tail,32,31,0.24777818,0.02946047
MALA_tail,32,32,0.20078322,0.00600038
MALA_tail,32,33,0.21226110,0.02034778
MALA_tail,32,34,0.28600895,0.01915544
MALA_tail,32,35,0.26184395,-0.01462682
MALA_tail,32,36,0.26557231,-0.02559481
MALA_tail,32,37,0.24819931,-0.01597171
MALA_tail,32,38,0.21423031,-0.02257946
MALA_tail,32,39,0.17857108,0.00372487
MALA_tail,32,40,0.14772327,-0.01650445
MALA_tail,32,41,0.14491475,0.06400969
MALA_tail,32,42,0.09143916,0.01027722
MALA_tail,32,43,0.07308578,0.03039756
MALA_tail,32,44,0.09145009,0.04115023
MALA_tail,32,45,0.04812120,0.07449730
MALA_tail,32,46,0.03636301,0.04645578
MALA_tail,32,47,-0.02723404,0.11810825
MALA_tail,32,48,-0.02579964,0.10149623
MALA_tail,32,49,-0.06273416,0.12570773
MALA_tail,33,0,0.65825337,1.06007683
MALA_tail,33,1,0.64925432,1.10399604
MALA_tail,33,2,0.61732239,1.10802484
MALA_tail,33,3,0.59010601,1.12200725
MALA_tail,33,4,0.61378360,1.12718487
MALA_tail,33,5,0.59267843,1.08767164
MALA_tail,33,6,0.59039253,1.13895893
MALA_tail,33,7,0.63419926,1.17306054
MALA_tail,33,8,0.61090606,1.16965866
MALA_tail,33,9,0.64666629,1.15538299
MALA_tail,33,10,0.62871540,1.16804969
MALA_tail,33,11,0.60752767,1.15166700
MALA_tail,33,12,0.61494434,1.16651440
MALA_tail,33,13,0.62558955,1.15248942
MALA_tail,33,14,0.58471161,1.14908421
MALA_tail,33,15,0.60997987,1.12283897
MALA_tail,33,16,0.59796834,1.06896985
MALA_tail,33,17,0.61502153,1.03031456
MALA_tail,33,18,0.59252352,0.99127287
MALA_tail,33,19,0.61652565,1.03034234
MALA_tail,33,20,0.61140686,0.97389513
MALA_tail,33,21,0.60233122,0.94921786
MALA_tail,33,22,0.60533905,0.97405070
MALA_tail,33,23,0.60956973,0.94285947
MALA_tail,33,24,0.56667715,0.93708384
MALA_tail,33,25,0.56260437,0.90385687
MALA_tail,33,26,0.56342304,0.90273404
MALA_tail,33,27,0.54714108,0.92801470
MALA_tail,33,28,0.51039350,0.98373854
MALA_tail,33,29,0.51150244,0.91073787
MALA_tail,33,30,0.53317076,0.97720653
MALA_tail,33,31,0.57844436,0.92883301
MALA_tail,33,32,0.50931519,0.94327348
MALA_tail,33,33,0.51145291,0.88712776
MALA_tail,33,34,0.51060331,0.88286036
MALA_tail,33,35,0.45103210,0.93359292
MALA_tail,33,36,0.44839031,0.90746367
MALA_tail,33,37,0.45039353,0.86273396
MALA_tail,33,38,0.46710697,0.82755178
MALA_tail,33,39,0.49512717,0.80341750
MALA_tail,33,40,0.48013571,0.81494129
MALA_tail,33,41,0.47588354,0.80837011
MALA_tail,33,42,0.46481991,0.79512632
MALA_tail,33,43,0.51886833,0.76471996
MALA_tail,33,44,0.45722744,0.73260629
MALA_tail,33,45,0.47375637,0.72398686
MALA_tail,33,46,0.43430224,0.73986113
MALA_tail,33,47,0.43637371,0.76400214
MALA_tail,33,48,0.46852648,0.77163786
MALA_tail,33,49,0.46799800,0.81910765
MALA_tail,34,0,0.08427269,0.56003726
MALA_tail,34,1,0.06372640,0.57278442
MALA_tail,34,2,0.10333014,0.48753256
MALA_tail,34,3,0.03571577,0.47594994
MALA_tail,34,4,0.06420404,0.46245211
MALA_tail,34,5,0.07769541,0.55946827
MALA_tail,34,6,0.10944023,0.51283091
MALA_tail,34,7,0.12688458,0.45743400
MALA_tail,34,8,0.15253174,0.41070881
MALA_tail,34,9,0.13078475,0.34027991
MALA_tail,34,10,0.13824628,0.29105183
MALA_tail,34,11,0.17149702,0.26896799
MALA_tail,34,12,0.17260003,0.28196609
MALA_tail,34,13,0.15104520,0.28336126
MALA_tail,34,14,0.16509700,0.28832504
MALA_tail,34,15,0.20706661,0.34315237
MALA_tail,34,16,0.22417039,0.37305710
MALA_tail,34,17,0.24695879,0.38143152
MALA_tail,34,18,0.26278678,0.39387378
MALA_tail,34,19,0.22580816,0.38658693
MALA_tail,34,20,0.27206922,0.38158336
MALA_tail,34,21,0.27328870,0.35266677
MALA_tail,34,22,0.27999952,0.42564267
MALA_tail,34,23,0.30389190,0.39697897
MALA_tail,34,24,0.26581758,0.41220129
MALA_tail,34,25,0.25063059,0.34861568
MALA_tail,34,26,0.28804803,0.34896559
MALA_tail,34,27,0.24726790,0.36972696
MALA_tail,34,28,0.23952107,0.39511880
MALA_tail,34,29,0.22868791,0.37728775
MALA_tail,34,30,0.24339719,0.33140901
MALA_tail,34,31,0.23316394,0.31179184
MALA_tail,34,32,0.16966701,0.29276890
MALA_tail,34,33,0.22084267,0.31533954
MALA_tail,34,34,0.17386146,0.37120354
MALA_tail,34,35,0.17631274,0.37601274
MALA_tail,34,36,0.15559335,0.32627010
MALA_tail,34,37,0.10278960,0.29438472
MALA_tail,34,38,0.12280633,0.33909944
MALA_tail,34,39,0.10084634,0.34537441
MALA_tail,34,40,0.12404031,0.30329594
MALA_tail,34,41,0.15263252,0.31934440
MALA_tail,34,42,0.15132365,0.32915089
MALA_tail,34,43,0.16073906,0.29199195
MALA_tail,34,44,0.08990225,0.31960997
MALA_tail,34,45,0.08973572,0.32318211
MALA_tail,34,46,0.09420972,0.35428318
MALA_tail,34,47,0.10347670,0.32800528
MALA_tail,34,48,0.21569259,0.33347169
MALA_tail,34,49,0.19773665,0.39302224
MALA_tail,35,0,-0.27506155,0.45789787
MALA_tail,35,1,-0.22458243,0.47566932
MALA_tail,35,2,-0.21823671,0.49267447
MALA_tail,35,3,-0.18218799,0.54244065
MALA_tail,35,4,-0.17398867,0.52626991
MALA_tail,35,5,-0.17743005,0.57073665
MALA_tail,35,6,-0.20165879,0.53119731
MALA_tail,35,7,-0.16585368,0.46637377
MALA_tail,35,8,-0.14385729,0.47678426
MALA_tail,35,9,-0.14494619,0.45081332
MALA_tail,35,10,-0.11883113,0.46350214
MALA_tail,35,11,-0.11018611,0.50172138
MALA_tail,35,12,-0.09003586,0.53229421
MALA_tail,35,13,-0.12374795,0.54928303
MALA_tail,35,14,-0.06299434,0.51945776
MALA_tail,35,15,-0.04279846,0.48034030
MALA_tail,35,16,-0.11308807,0.48545113
MALA_tail,35,17,-0.12359677,0.47339839
MALA_tail,35,18,-0.17098874,0.40980977
MALA_tail,35,19,-0.19587608,0.41975954
MALA_tail,35,20,-0.21826206,0.46312594
MALA_tail,35,21,-0.24747330,0.47395051
MALA_tail,35,22,-0.20382868,0.44524404
MALA_tail,35,23,-0.18293418,0.45358288
MALA_tail,35,24,-0.26183951,0.41330221
MALA_tail,35,25,-0.29416010,0.40526736
MALA_tail,35,26,-0.26291075,0.40882918
MALA_tail,35,27,-0.25139230,0.41267765
MALA_tail,35,28,-0.20240948,0.49141175
MALA_tail,35,29,-0.22472410,0.48349237
MALA_tail,35,30,-0.26463136,0.45535594
MALA_tail,35,31,-0.29655507,0.47051322
MALA_tail,35,32,-0.27287158,0.44476056
MALA_tail,35,33,-0.26974946,0.46142358
MALA_tail,35,34,-0.24237573,0.46035165
MALA_tail,35,35,-0.20041445,0.47287008
MALA_tail,35,36,-0.25394896,0.42822650
MALA_tail,35,37,-0.27270707,0.41709012
MALA_tail,35,38,-0.25713462,0.41938600
MALA_tail,35,39,-0.25064507,0.40938410
MALA_tail,35,40,-0.27827671,0.42682973
MALA_tail,35,41,-0.24043418,0.46560451
MALA_tail,35,42,-0.23924673,0.44595745
MALA_tail,35,43,-0.25355557,0.44961450
MALA_tail,35,44,-0.24796546,0.45791426
MALA_tail,35,45,-0.17801318,0.47350776
MALA_tail,35,46,-0.20637429,0.48669314
MALA_tail,35,47,-0.22863051,0.50376403
MALA_tail,35,48,-0.25150329,0.45766917
MALA_tail,35,49,-0.26847458,0.48258278
MALA_tail,36,0,0.65625095,1.06203055
MALA_tail,36,1,0.76285338,1.08147192
MALA_tail,36,2,0.73581791,1.11721516
MALA_tail,36,3,0.75994611,1.15963209
MALA_tail,36,4,0.72752321,1.22038054
MALA_tail,36,5,0.68533438,1.19323397
MALA_tail,36,6,0.69491249,1.21544659
MALA_tail,36,7,0.73914868,1.20408678
MALA_tail,36,8,0.69783121,1.17079842
MALA_tail,36,9,0.67182899,1.10976017
MALA_tail,36,10,0.64790237,1.12596250
MALA_tail,36,11,0.60977501,1.07488501
MALA_tail,36,12,0.57684064,1.10937417
MALA_tail,36,13,0.63240105,1.08734500
MALA_tail,36,14,0.58479476,1.11318409
MALA_tail,36,15,0.58699822,1.11606526
MALA_tail,36,16,0.62392169,1.06029630
MALA_tail,36,17,0.60216236,1.07156551
MALA_tail,36,18,0.57046050,1.07225370
MALA_tail,36,19,0.57699651,1.07171607
MALA_tail,36,20,0.60778105,1.05796790
MALA_tail,36,21,0.60415095,1.07245016
MALA_tail,36,22,0.59218991,1.10027385
MALA_tail,36,23,0.56602287,1.06613576
MALA_tail,36,24,0.55177695,1.03581727
MALA_tail,36,25,0.53062320,1.05643582
MALA_tail,36,26,0.56432027,1.02082574
MALA_tail,36,27,0.50571018,0.98687875
MALA_tail,36,28,0.53216779,0.99150091
MALA_tail,36,29,0.55213231,0.98033679
MALA_tail,36,30,0.50811350,1.01456070
MALA_tail,36,31,0.53769243,1.05424881
MALA_tail,36,32,0.52470577,1.03366578
MALA_tail,36,33,0.61237639,1.05390334
MALA_tail,36,34,0.61786467,1.09438503
MALA_tail,36,35,0.67417711,1.08836615
MALA_tail,36,36,0.65845466,1.15244484
MALA_tail,36,37,0.66380554,1.13168001
MALA_tail,36,38,0.64459658,1.13406169
MALA_tail,36,39,0.66095471,1.15668261
MALA_tail,36,40,0.62426454,1.18586004
MALA_tail,36,41,0.60447603,1.18058026
MALA_tail,36,42,0.64060658,1.22348428
MALA_tail,36,43,0.59154147,1.17763257
MALA_tail,36,44,0.62024164,1.14487159
MALA_tail,36,45,0.61778063,1.14012814
MALA_tail,36,46,0.61021411,1.08719254
MALA_tail,36,47,0.63094556,1.05620873
MALA_tail,36,48,0.59043169,1.03584313
MALA_tail,36,49,0.57315999,0.99179566
MALA_tail,37,0,0.48338294,0.82969254
MALA_tail,37,1,0.47930512,0.82910162
MALA_tail,37,2,0.47393256,0.81436032
MALA_tail,37,3,0.48416248,0.84530276
MALA_tail,37,4,0.48249483,0.83676779
MALA_tail,37,5,0.45089439,0.85906357
MALA_tail,37,6,0.46909678,0.84537953
MALA_tail,37,7,0.48297143,0.83940870
MALA_tail,37,8,0.51465070,0.83820188
MALA_tail,37,9,0.54938048,0.86576700
MALA_tail,37,10,0.56311244,0.84550476
MALA_tail,37,11,0.57281762,0.85836083
MALA_tail,37,12,0.61289102,0.83034694
MALA_tail,37,13,0.54573315,0.82473457
MALA_tail,37,14,0.52667940,0.81305349
MALA_tail,37,15,0.49433979,0.82707000
MALA_tail,37,16,0.49308893,0.82693350
MALA_tail,37,17,0.47913057,0.78221959
MALA_tail,37,18,0.47782132,0.85520577
MALA_tail,37,19,0.45927790,0.85266882
MALA_tail,37,20,0.48173016,0.85703647
MALA_tail,37,21,0.44712281,0.85655648
MALA_tail,37,22,0.45349634,0.83859301
MALA_tail,37,23,0.44124064,0.81903672
MALA_tail,37,24,0.44110623,0.81302869
MALA_tail,37,25,0.46876654,0.80902928
MALA_tail,37,26,0.43245012,0.75182998
MALA_tail,37,27,0.45192924,0.73824310
MALA_tail,37,28,0.46209306,0.69807506
MALA_tail,37,29,0.47972506,0.69442624
MALA_tail,37,30,0.52092797,0.74797213
MALA_tail,37,31,0.46660325,0.77838004
MALA_tail,37,32,0.49506280,0.80572069
MALA_tail,37,33,0.51776397,0.82216710
MALA_tail,37,34,0.52716440,0.80232066
MALA_tail,37,35,0.52841681,0.83356464
MALA_tail,37,36,0.47771752,0.85183436
MALA_tail,37,37,0.48719761,0.89231235
MALA_tail,37,38,0.54842836,0.90665233
MALA_tail,37,39,0.53497797,0.95425779
MALA_tail,37,40,0.55840951,0.98254889
MALA_tail,37,41,0.57928747,0.96503103
MALA_tail,37,42,0.58250624,0.95284277
MALA_tail,37,43,0.59082943,0.98918009
MALA_tail,37,44,0.63522673,0.98458350
MALA_tail,37,45,0.62525904,0.98884273
MALA_tail,37,46,0.61309367,1.07869673
MALA_tail,37,47,0.56429827,1.08279788
MALA_tail,37,48,0.60996127,1.12375283
MALA_tail,37,49,0.58667856,1.09169996
MALA_tail,38,0,-0.50792164,0.33987811
MALA_tail,38,1,-0.52908355,0.37679175
MALA_tail,38,2,-0.53043640,0.38043022
MALA_tail,38,3,-0.49294329,0.40770543
MALA_tail,38,4,-0.57213408,0.39439413
MALA_tail,38,5,-0.56859624,0.40197629
MALA_tail,38,6,-0.52755785,0.35795516
MALA_tail,38,7,-0.50679797,0.39177528
MALA_tail,38,8,-0.51460248,0.38305381
MALA_tail,38,9,-0.49841836,0.38877001
MALA_tail,38,10,-0.49603376,0.38236636
MALA_tail,38,11,-0.51512003,0.36151370
MALA_tail,38,12,-0.50898212,0.40772536
MALA_tail,38,13,-0.51600480,0.44296026
MALA_tail,38,14,-0.53586817,0.41733217
MALA_tail,38,15,-0.55337524,0.40947583
MALA_tail,38,16,-0.57507002,0.41505963
MALA_tail,38,17,-0.59545946,0.44969851
MALA_tail,38,18,-0.57751238,0.42740622
MALA_tail,38,19,-0.59533936,0.45087403
MALA_tail,38,20,-0.60977221,0.49727583
MALA_tail,38,21,-0.53825068,0.48106271
MALA_tail,38,22,-0.55051136,0.50092781
MALA_tail,38,23,-0.52744246,0.47202364
MALA_tail,38,24,-0.59289819,0.49521172
MALA_tail,38,25,-0.49661615,0.45122784
MALA_tail,38,26,-0.48455593,0.43387708
MALA_tail,38,27,-0.45471710,0.44260636
MALA_tail,38,28,-0.40480512,0.39976689
MALA_tail,38,29,-0.39569807,0.38270378
MALA_tail,38,30,-0.38320997,0.37641978
MALA_tail,38,31,-0.26757047,0.34256381
MALA_tail,38,32,-0.30089855,0.31471249
MALA_tail,38,33,-0.28472257,0.30457032
MALA_tail,38,34,-0.32257110,0.30946308
MALA_tail,38,35,-0.30658901,0.32022768
MALA_tail,38,36,-0.31406155,0.32539770
MALA_tail,38,37,-0.31498984,0.32321888
MALA_tail,38,38,-0.40914521,0.34637988
MALA_tail,38,39,-0.36254746,0.33352044
MALA_tail,38,40,-0.34408265,0.33027264
MALA_tail,38,41,-0.24725854,0.33756784
MALA_tail,38,42,-0.26573017,0.33690503
MALA_tail,38,43,-0.25759426,0.35426444
MALA_tail,38,44,-0.26847100,0.37373617
MALA_tail,38,45,-0.31311023,0.38017190
MALA_tail,38,46,-0.28178430,0.38066739
MALA_tail,38,47,-0.23589247,0.39506704
MALA_tail,38,48,-0.22941878,0.36364031
MALA_tail,38,49,-0.22276609,0.36903065
MALA_tail,39,0,0.55938160,0.93897969
MALA_tail,39,1,0.55028224,0.88256216
MALA_tail,39,2,0.54564852,0.93219596
MALA_tail,39,3,0.59485066,0.91215140
MALA_tail,39,4,0.56502819,0.91102821
MALA_tail,39,5,0.58543265,0.88755506
MALA_tail,39,6,0.51806664,0.89589018
MALA_tail,39,7,0.49592522,0.85190624
MALA_tail,39,8,0.50341171,0.85479653
MALA_tail,39,9,0.46060756,0.88707405
MALA_tail,39,10,0.42416030,0.94071668
MALA_tail,39,11,0.44180354,0.90489936
MALA_tail,39,12,0.50279599,0.89868367
MALA_tail,39,13,0.52286530,0.94028366
MALA_tail,39,14,0.52131885,0.91536283
MALA_tail,39,15,0.46951371,0.92492950
MALA_tail,39,16,0.46283183,0.91819680
MALA_tail,39,17,0.47072810,0.89608306
MALA_tail,39,18,0.54299587,0.81689352
MALA_tail,39,19,0.56174797,0.81891668
MALA_tail,39,20,0.59201860,0.79974872
MALA_tail,39,21,0.58550555,0.80876863
MALA_tail,39,22,0.57830191,0.82215750
MALA_tail,39,23,0.53473145,0.80196553
MALA_tail,39,24,0.50909758,0.85523862
MALA_tail,39,25,0.51536709,0.87690878
MALA_tail,39,26,0.49537867,0.87886649
MALA_tail,39,27,0.44305962,0.89422059
MALA_tail,39,28,0.39713991,0.86849058
MALA_tail,39,29,0.42056772,0.85283583
MALA_tail,39,30,0.45751619,0.86476707
MALA_tail,39,31,0.43787852,0.89452839
MALA_tail,39,32,0.46970925,0.89377826
MALA_tail,39,33,0.47429895,0.92011404
MALA_tail,39,34,0.48848382,0.91551691
MALA_tail,39,35,0.48373762,0.94590527
MALA_tail,39,36,0.44792187,0.88503975
MALA_tail,39,37,0.48183939,0.83744472
MALA_tail,39,38,0.55265713,0.83337229
MALA_tail,39,39,0.53613681,0.82265329
MALA_tail,39,40,0.51437014,0.82895321
MALA_tail,39,41,0.50149405,0.81623805
MALA_tail,39,42,0.58508563,0.83368987
MALA_tail,39,43,0.56075388,0.81435204
MALA_tail,39,44,0.50068754,0.86213332
MALA_tail,39,45,0.47876376,0.84934634
MALA_tail,39,46,0.47791275,0.84391153
MALA_tail,39,47,0.51579159,0.82307363
MALA_tail,39,48,0.52897406,0.85602468
MALA_tail,39,49,0.54419261,0.86012685
MALA_tail,40,0,0.71386635,1.29833138
MALA_tail,40,1,0.74107498,1.35312700
MALA_tail,40,2,0.72355926,1.34161592
MALA_tail,40,3,0.79640102,1.30458498
MALA_tail,40,4,0.81183666,1.34654105
MALA_tail,40,5,0.76795530,1.31615543
MALA_tail,40,6,0.83149695,1.31964886
MALA_tail,40,7,0.83950901,1.35046768
MALA_tail,40,8,0.82410902,1.35390937
MALA_tail,40,9,0.74996084,1.33194959
MALA_tail,40,10,0.76281649,1.32912230
MALA_tail,40,11,0.79579854,1.32203794
MALA_tail,40,12,0.80380571,1.30842757
MALA_tail,40,13,0.79916537,1.29063559
MALA_tail,40,14,0.82734746,1.29850852
MALA_tail,40,15,0.83630192,1.30966616
MALA_tail,40,16,0.84218228,1.35010922
MALA_tail,40,17,0.86639410,1.33615434
MALA_tail,40,18,0.86470616,1.31378567
MALA_tail,40,19,0.87658119,1.30528390
MALA_tail,40,20,0.91148680,1.27983236
MALA_tail,40,21,0.93126512,1.27774084
MALA_tail,40,22,0.87339520,1.30754638
MALA_tail,40,23,0.91234589,1.30970597
MALA_tail,40,24,0.86083150,1.23907864
MALA_tail,40,25,0.85619932,1.28150141
MALA_tail,40,26,0.81902623,1.26979709
MALA_tail,40,27,0.85308236,1.28153682
MALA_tail,40,28,0.87423629,1.30003726
MALA_tail,40,29,0.82450676,1.33874631
MALA_tail,40,30,0.84978908,1.33654368
MALA_tail,40,31,0.77063906,1.31504750
MALA_tail,40,32,0.77980268,1.36672831
MALA_tail,40,33,0.82985097,1.41679585
MALA_tail,40,34,0.81829131,1.40759337
MALA_tail,40,35,0.80577701,1.41497827
MALA_tail,40,36,0.76972353,1.36792517
MALA_tail,40,37,0.79509872,1.39913106
MALA_tail,40,38,0.78235328,1.40824366
MALA_tail,40,39,0.77953672,1.38468432
MALA_tail,40,40,0.79762781,1.39771998
MALA_tail,40,41,0.84848070,1.44519341
MALA_tail,40,42,0.79437935,1.40894771
MALA_tail,40,43,0.81496751,1.40654039
MALA_tail,40,44,0.78756481,1.36854589
MALA_tail,40,45,0.79971075,1.37379801
MALA_tail,40,46,0.79634058,1.44241154
MALA_tail,40,47,0.84484571,1.46526837
MALA_tail,40,48,0.83230692,1.44242275
MALA_tail,40,49,0.86066329,1.46829128
MALA_tail,41,0,0.77616906,1.46132565
MALA_tail,41,1,0.76258653,1.42848229
MALA_tail,41,2,0.77653205,1.41601849
MALA_tail,41,3,0.84350938,1.41527319
MALA_tail,41,4,0.79355055,1.39132226
MALA_tail,41,5,0.76080257,1.42099595
MALA_tail,41,6,0.82125652,1.41853404
MALA_tail,41,7,0.81979603,1.39146602
MALA_tail,41,8,0.78968883,1.41562784
MALA_tail,41,9,0.76134181,1.38190258
MALA_tail,41,10,0.76449931,1.39490521
MALA_tail,41,11,0.78042048,1.37359428
MALA_tail,41,12,0.77798539,1.39278328
MALA_tail,41,13,0.80674350,1.37191141
MALA_tail,41,14,0.81982666,1.34526122
MALA_tail,41,15,0.83216280,1.37077677
MALA_tail,41,16,0.84581971,1.34746146
MALA_tail,41,17,0.78889638,1.33035445
MALA_tail,41,18,0.77183473,1.35707176
MALA_tail,41,19,0.79165679,1.40522170
MALA_tail,41,20,0.81343442,1.39135468
MALA_tail,41,21,0.82474536,1.37287974
MALA_tail,41,22,0.84589326,1.36984420
MALA_tail,41,23,0.83509856,1.36115038
MALA_tail,41,24,0.85893869,1.36265624
MALA_tail,41,25,0.86540741,1.37624156
MALA_tail,41,26,0.79019523,1.35073614
MALA_tail,41,27,0.79651439,1.34495008
MALA_tail,41,28,0.74504411,1.33401489
MALA_tail,41,29,0.74878740,1.30213332
MALA_tail,41,30,0.73588324,1.28060114
MALA_tail,41,31,0.67083317,1.26754153
MALA_tail,41,32,0.63442910,1.22227883
MALA_tail,41,33,0.65736729,1.19841135
MALA_tail,41,34,0.66667110,1.20896959
MALA_tail,41,35,0.73023266,1.22027743
MALA_tail,41,36,0.67473364,1.21738005
MALA_tail,41,37,0.67003947,1.26740146
MALA_tail,41,38,0.69003099,1.30354118
MALA_tail,41,39,0.64285761,1.30583048
MALA_tail,41,40,0.65128875,1.28509057
MALA_tail,41,41,0.69979399,1.29047847
MALA_tail,41,42,0.71975321,1.31532216
MALA_tail,41,43,0.71642834,1.36442721
MALA_tail,41,44,0.74403316,1.34100044
MALA_tail,41,45,0.77373886,1.33008027
MALA_tail,41,46,0.76552999,1.30963898
MALA_tail,41,47,0.75116771,1.31617808
MALA_tail,41,48,0.73662591,1.29144681
MALA_tail,41,49,0.75269705,1.30760956
MALA_tail,42,0,0.05896161,0.38196352
MALA_tail,42,1,0.03040274,0.38956824
MALA_tail,42,2,0.00755637,0.37626567
MALA_tail,42,3,0.01185077,0.40602753
MALA_tail,42,4,0.09980110,0.40580174
MALA_tail,42,5,0.09290541,0.39346659
MALA_tail,42,6,0.16331120,0.40894404
MALA_tail,42,7,0.12890184,0.43406889
MALA_tail,42,8,0.14293663,0.44045728
MALA_tail,42,9,0.19500539,0.42373571
MALA_tail,42,10,0.18778208,0.45625389
MALA_tail,42,11,0.18124752,0.43162408
MALA_tail,42,12,0.18681920,0.39052266
MALA_tail,42,13,0.14807718,0.34686297
MALA_tail,42,14,0.11959593,0.32376865
MALA_tail,42,15,0.16549107,0.35905692
MALA_tail,42,16,0.14260207,0.34539926
MALA_tail,42,17,0.18679327,0.29950002
MALA_tail,42,18,0.16855429,0.29168898
MALA_tail,42,19,0.18596050,0.30393887
MALA_tail,42,20,0.16500749,0.26635790
MALA_tail,42,21,0.17265086,0.26921338
MALA_tail,42,22,0.17810877,0.28358716
MALA_tail,42,23,0.17121667,0.26869023
MALA_tail,42,24,0.14232117,0.31918779
MALA_tail,42,25,0.19904508,0.31415111
MALA_tail,42,26,0.21246663,0.33997670
MALA_tail,42,27,0.21333671,0.30375567
MALA_tail,42,28,0.20617442,0.27126649
MALA_tail,42,29,0.21572292,0.27947792
MALA_tail,42,30,0.19683184,0.32430011
MALA_tail,42,31,0.19839764,0.31840917
MALA_tail,42,32,0.20520467,0.32161301
MALA_tail,42,33,0.22318485,0.33993450
MALA_tail,42,34,0.22017299,0.32991004
MALA_tail,42,35,0.23157564,0.32685849
MALA_tail,42,36,0.24162172,0.32652724
MALA_tail,42,37,0.25293604,0.32875040
MALA_tail,42,38,0.22304699,0.36119026
MALA_tail,42,39,0.16441354,0.39520115
MALA_tail,42,40,0.16637139,0.37702286
MALA_tail,42,41,0.13724288,0.39759389
MALA_tail,42,42,0.07388627,0.35080495
MALA_tail,42,43,0.11301825,0.32417271
MALA_tail,42,44,0.13519631,0.28648040
MALA_tail,42,45,0.17829445,0.26128405
MALA_tail,42,46,0.14544497,0.26985532
MALA_tail,42,47,0.14850806,0.21494557
MALA_tail,42,48,0.14474571,0.27251482
MALA_tail,42,49,0.18807326,0.27477732
MALA_tail,43,0,0.40336245,0.69731748
MALA_tail,43,1,0.34577674,0.70968181
MALA_tail,43,2,0.34727103,0.71292657
MALA_tail,43,3,0.38716507,0.67481714
MALA_tail,43,4,0.40441990,0.70263481
MALA_tail,43,5,0.37762681,0.69461614
MALA_tail,43,6,0.39514309,0.71296656
MALA_tail,43,7,0.42555588,0.67899209
MALA_tail,43,8,0.41380382,0.65866822
MALA_tail,43,9,0.42995125,0.65064907
MALA_tail,43,10,0.39625794,0.62936157
MALA_tail,43,11,0.35680723,0.57737345
MALA_tail,43,12,0.30850500,0.63156307
MALA_tail,43,13,0.25942758,0.63851750
MALA_tail,43,14,0.28830922,0.63546389
MALA_tail,43,15,0.23049270,0.64702713
MALA_tail,43,16,0.20319575,0.67976415
MALA_tail,43,17,0.22769733,0.59005302
MALA_tail,43,18,0.25805941,0.56764650
MALA_tail,43,19,0.27314588,0.61728185
MALA_tail,43,20,0.22940224,0.60177541
MALA_tail,43,21,0.24555856,0.60701162
MALA_tail,43,22,0.25844008,0.61449504
MALA_tail,43,23,0.27074248,0.59427100
MALA_tail,43,24,0.27288863,0.59284425
MALA_tail,43,25,0.26033443,0.60823625
MALA_tail,43,26,0.25538504,0.58906841
MALA_tail,43,27,0.31428710,0.57041734
MALA_tail,43,28,0.35427698,0.55308229
MALA_tail,43,29,0.35165459,0.50315845
MALA_tail,43,30,0.32950860,0.54822952
MALA_tail,43,31,0.30690628,0.47360253
MALA_tail,43,32,0.29924238,0.46880439
MALA_tail,43,33,0.27705956,0.51182705
MALA_tail,43,34,0.28295395,0.51040506
MALA_tail,43,35,0.21940583,0.48541108
MALA_tail,43,36,0.17271005,0.54072988
MALA_tail,43,37,0.16927752,0.53941405
MALA_tail,43,38,0.21925747,0.48989049
MALA_tail,43,39,0.24509427,0.54527897
MALA_tail,43,40,0.29248953,0.52564412
MALA_tail,43,41,0.32810295,0.56092519
MALA_tail,43,42,0.34204689,0.62277865
MALA_tail,43,43,0.35423151,0.56978393
MALA_tail,43,44,0.35707560,0.60445815
MALA_tail,43,45,0.32625633,0.58717024
MALA_tail,43,46,0.28519771,0.51285279
MALA_tail,43,47,0.33382803,0.53214991
MALA_tail,43,48,0.37385440,0.54328412
MALA_tail,43,49,0.34492901,0.55001098
MALA_tail,44,0,-0.16178110,0.41722670
MALA_tail,44,1,-0.12326968,0.40949014
MALA_tail,44,2,-0.13335373,0.38904139
MALA_tail,44,3,-0.13079825,0.37620217
MALA_tail,44,4,-0.18146124,0.37567368
MALA_tail,44,5,-0.14025410,0.44918361
MALA_tail,44,6,-0.16245630,0.40850100
MALA_tail,44,7,-0.17764245,0.41347918
MALA_tail,44,8,-0.20748830,0.37459403
MALA_tail,44,9,-0.16782373,0.38645846
MALA_tail,44,10,-0.12588857,0.40414354
MALA_tail,44,11,-0.11882725,0.40130189
MALA_tail,44,12,-0.16079564,0.42537728
MALA_tail,44,13,-0.18476446,0.43077642
MALA_tail,44,14,-0.21241605,0.38149467
MALA_tail,44,15,-0.20741002,0.35515934
MALA_tail,44,16,-0.19282261,0.38297626
MALA_tail,44,17,-0.23570621,0.35754576
MALA_tail,44,18,-0.21698177,0.33031419
MALA_tail,44,19,-0.21768270,0.33171511
MALA_tail,44,20,-0.21747477,0.32099378
MALA_tail,44,21,-0.21621823,0.33223033
MALA_tail,44,22,-0.26446897,0.34021914
MALA_tail,44,23,-0.29138517,0.32403180
MALA_tail,44,24,-0.32415858,0.29068935
MALA_tail,44,25,-0.32698643,0.30757204
MALA_tail,44,26,-0.25765032,0.29555199
MALA_tail,44,27,-0.26041436,0.34235370
MALA_tail,44,28,-0.26689872,0.37715301
MALA_tail,44,29,-0.24837126,0.40083268
MALA_tail,44,30,-0.22344327,0.38509709
MALA_tail,44,31,-0.25102594,0.43192118
MALA_tail,44,32,-0.29017141,0.45882636
MALA_tail,44,33,-0.25225896,0.42142406
MALA_tail,44,34,-0.25652638,0.38208500
MALA_tail,44,35,-0.26572424,0.36049587
MALA_tail,44,36,-0.26230690,0.35330918
MALA_tail,44,37,-0.25762951,0.36814159
MALA_tail,44,38,-0.22210231,0.39865276
MALA_tail,44,39,-0.21035211,0.39311817
MALA_tail,44,40,-0.18646862,0.40780291
MALA_tail,44,41,-0.16646007,0.42550939
MALA_tail,44,42,-0.15469363,0.47891331
MALA_tail,44,43,-0.16382457,0.52864122
MALA_tail,44,44,-0.13160828,0.49638656
MALA_tail,44,45,-0.09868596,0.46269092
MALA_tail,44,46,-0.08859434,0.41229084
MALA_tail,44,47,-0.12224481,0.38925558
MALA_tail,44,48,-0.11774091,0.39765197
MALA_tail,44,49,-0.12334921,0.42182276
MALA_tail,45,0,0.71236897,1.18675542
MALA_tail,45,1,0.70579940,1.18596864
MALA_tail,45,2,0.69974679,1.20842516
MALA_tail,45,3,0.69741416,1.21424639
MALA_tail,45,4,0.68284118,1.22547424
MALA_tail,45,5,0.72632813,1.23440266
MALA_tail,45,6,0.73185998,1.25668406
MALA_tail,45,7,0.74948406,1.26376069
MALA_tail,45,8,0.76228833,1.25919342
MALA_tail,45,9,0.72624630,1.22308648
MALA_tail,45,10,0.66886723,1.18385649
MALA_tail,45,11,0.68665439,1.25034153
MALA_tail,45,12,0.68383807,1.20638812
MALA_tail,45,13,0.69623351,1.21602833
MALA_tail,45,14,0.72025663,1.23055410
MALA_tail,45,15,0.73775548,1.23547900
MALA_tail,45,16,0.71128541,1.21921194
MALA_tail,45,17,0.74308926,1.26823616
MALA_tail,45,18,0.72239846,1.31036413
MALA_tail,45,19,0.71801478,1.31288290
MALA_tail,45,20,0.69360948,1.32029486
MALA_tail,45,21,0.74754894,1.34719574
MALA_tail,45,22,0.70894051,1.32938337
MALA_tail,45,23,0.72988832,1.32033336
MALA_tail,45,24,0.77594733,1.32315528
MALA_tail,45,25,0.75724709,1.33473432
MALA_tail,45,26,0.73772961,1.32681644
MALA_tail,45,27,0.75172848,1.30022895
MALA_tail,45,28,0.73828101,1.26907039
MALA_tail,45,29,0.73180968,1.25507772
MALA_tail,45,30,0.70618975,1.28009093
MALA_tail,45,31,0.71324039,1.24818015
MALA_tail,45,32,0.74623483,1.30838323
MALA_tail,45,33,0.74597186,1.32588387
MALA_tail,45,34,0.72103214,1.33036804
MALA_tail,45,35,0.71558869,1.29286492
MALA_tail,45,36,0.71836710,1.29099286
MALA_tail,45,37,0.75091273,1.28109086
MALA_tail,45,38,0.76343817,1.33227944
MALA_tail,45,39,0.78260309,1.37152278
MALA_tail,45,40,0.81699055,1.34617698
MALA_tail,45,41,0.77164328,1.28807974
MALA_tail,45,42,0.74994802,1.28698707
MALA_tail,45,43,0.73683608,1.33314538
MALA_tail,45,44,0.72105277,1.34665418
MALA_tail,45,45,0.73848319,1.30951536
MALA_tail,45,46,0.68905658,1.31401801
MALA_tail,45,47,0.70738608,1.34619057
MALA_tail,45,48,0.76547176,1.36429656
MALA_tail,45,49,0.76102275,1.38888931
MALA_tail,46,0,0.39571801,0.57853603
MALA_tail,46,1,0.38373432,0.50867176
MALA_tail,46,2,0.35369760,0.54533184
MALA_tail,46,3,0.30300575,0.54155332
MALA_tail,46,4,0.29240578,0.52482045
MALA_tail,46,5,0.29122588,0.48694581
MALA_tail,46,6,0.30411708,0.47036320
MALA_tail,46,7,0.33052367,0.44119084
MALA_tail,46,8,0.27627358,0.43812528
MALA_tail,46,9,0.27456272,0.42213207
MALA_tail,46,10,0.27229187,0.42446157
MALA_tail,46,11,0.23658606,0.42316252
MALA_tail,46,12,0.19414896,0.44857469
MALA_tail,46,13,0.14731970,0.47008646
MALA_tail,46,14,0.14994845,0.45023292
MALA_tail,46,15,0.14696756,0.45998821
MALA_tail,46,16,0.14622247,0.45991609
MALA_tail,46,17,0.16323118,0.48814726
MALA_tail,46,18,0.07055008,0.47134525
MALA_tail,46,19,0.02386973,0.44528461
MALA_tail,46,20,0.03524667,0.39700040
MALA_tail,46,21,0.05424601,0.39187235
MALA_tail,46,22,0.03646615,0.38704586
MALA_tail,46,23,-0.00140371,0.35567355
MALA_tail,46,24,-0.07582788,0.36049294
MALA_tail,46,25,-0.07362977,0.34344018
MALA_tail,46,26,-0.05094836,0.36560008
MALA_tail,46,27,-0.06850240,0.36865357
MALA_tail,46,28,-0.10216245,0.36422706
MALA_tail,46,29,-0.08510540,0.35070336
MALA_tail,46,30,-0.08206580,0.37011251
MALA_tail,46,31,-0.02175111,0.38650969
MALA_tail,46,32,-0.01744170,0.40975511
MALA_tail,46,33,-0.03458228,0.41221142
MALA_tail,46,34,-0.06156197,0.37153190
MALA_tail,46,35,-0.00946647,0.38853830
MALA_tail,46,36,-0.04937165,0.36535987
MALA_tail,46,37,-0.04191644,0.37927353
MALA_tail,46,38,-0.00738835,0.35514197
MALA_tail,46,39,-0.02291135,0.35072106
MALA_tail,46,40,-0.05861408,0.31858024
MALA_tail,46,41,-0.13415191,0.30344433
MALA_tail,46,42,-0.12577938,0.28205675
MALA_tail,46,43,-0.10849382,0.29411116
MALA_tail,46,44,-0.11043071,0.28078932
MALA_tail,46,45,-0.12762885,0.30358392
MALA_tail,46,46,-0.11712694,0.33157182
MALA_tail,46,47,-0.14404321,0.37630811
MALA_tail,46,48,-0.13933446,0.33541232
MALA_tail,46,49,-0.15219331,0.32693824
MALA_tail,47,0,-0.38519600,0.48996219
MALA_tail,47,1,-0.36228734,0.50280172
MALA_tail,47,2,-0.37593666,0.51342952
MALA_tail,47,3,-0.42160970,0.49508733
MALA_tail,47,4,-0.43182302,0.53711873
MALA_tail,47,5,-0.43079990,0.52689296
MALA_tail,47,6,-0.44611007,0.55660748
MALA_tail,47,7,-0.50169653,0.61320192
MALA_tail,47,8,-0.50974458,0.58182508
MALA_tail,47,9,-0.48132706,0.60345703
MALA_tail,47,10,-0.47657245,0.55640942
MALA_tail,47,11,-0.40200445,0.48660785
MALA_tail,47,12,-0.40398529,0.46076059
MALA_tail,47,13,-0.38142577,0.43742254
MALA_tail,47,14,-0.37026161,0.37575683
MALA_tail,47,15,-0.39352295,0.35805660
MALA_tail,47,16,-0.39254728,0.33812955
MALA_tail,47,17,-0.40750787,0.32473248
MALA_tail,47,18,-0.41648605,0.29479381
MALA_tail,47,19,-0.38811183,0.31646881
MALA_tail,47,20,-0.39402345,0.37190935
MALA_tail,47,21,-0.39318624,0.40215519
MALA_tail,47,22,-0.37496588,0.38145611
MALA_tail,47,23,-0.37242711,0.41070533
MALA_tail,47,24,-0.33668843,0.50861114
MALA_tail,47,25,-0.30809531,0.55390477
MALA_tail,47,26,-0.29966468,0.52526540
MALA_tail,47,27,-0.33005053,0.53210276
MALA_tail,47,28,-0.33448160,0.46851113
MALA_tail,47,29,-0.31677544,0.47582573
MALA_tail,47,30,-0.24969117,0.48017651
MALA_tail,47,31,-0.23374256,0.45298585
MALA_tail,47,32,-0.23543404,0.45296258
MALA_tail,47,33,-0.21503524,0.44683689
MALA_tail,47,34,-0.24166334,0.43753883
MALA_tail,47,35,-0.26776600,0.42206526
MALA_tail,47,36,-0.31187737,0.44814804
MALA_tail,47,37,-0.33830026,0.42981845
MALA_tail,47,38,-0.38938430,0.44587791
MALA_tail,47,39,-0.31822720,0.41688576
MALA_tail,47,40,-0.33187416,0.42135239
MALA_tail,47,41,-0.32606560,0.38380301
MALA_tail,47,42,-0.32930848,0.40955982
MALA_tail,47,43,-0.37595865,0.40484506
MALA_tail,47,44,-0.37870884,0.38733944
MALA_tail,47,45,-0.40947315,0.42621937
MALA_tail,47,46,-0.42095271,0.43285298
MALA_tail,47,47,-0.41092572,0.38402471
MALA_tail,47,48,-0.36535668,0.35919338
MALA_tail,47,49,-0.38219965,0.32604688
MALA_tail,48,0,0.73817003,1.34589458
MALA_tail,48,1,0.73731482,1.36020064
MALA_tail,48,2,0.75385833,1.34889495
MALA_tail,48,3,0.72494876,1.35794103
MALA_tail,48,4,0.73520058,1.33358872
MALA_tail,48,5,0.71117604,1.31487024
MALA_tail,48,6,0.72011840,1.28714430
MALA_tail,48,7,0.72192776,1.21697986
MALA_tail,48,8,0.68694234,1.17996860
MALA_tail,48,9,0.70276368,1.17362916
MALA_tail,48,10,0.72510529,1.16989064
MALA_tail,48,11,0.66184634,1.11663580
MALA_tail,48,12,0.63987905,1.08013654
MALA_tail,48,13,0.59592444,1.04952145
MALA_tail,48,14,0.61524767,1.02629912
MALA_tail,48,15,0.62564099,1.05340052
MALA_tail,48,16,0.63633490,1.09677935
MALA_tail,48,17,0.61308491,1.03888869
MALA_tail,48,18,0.63176286,1.03739655
MALA_tail,48,19,0.63052571,1.01835167
MALA_tail,48,20,0.61371422,1.02874947
MALA_tail,48,21,0.62235695,1.04799652
MALA_tail,48,22,0.67081463,1.09043574
MALA_tail,48,23,0.65574026,1.13952994
MALA_tail,48,24,0.63358563,1.14156806
MALA_tail,48,25,0.65379941,1.09353411
MALA_tail,48,26,0.70102096,1.07334435
MALA_tail,48,27,0.64290988,1.10063434
MALA_tail,48,28,0.66607744,1.11142492
MALA_tail,48,29,0.62143725,1.16221762
MALA_tail,48,30,0.61020970,1.10611856
MALA_tail,48,31,0.60199124,1.09792078
MALA_tail,48,32,0.62080795,1.09678328
MALA_tail,48,33,0.59220999,1.10609615
MALA_tail,48,34,0.57300347,1.09437072
MALA_tail,48,35,0.65107071,1.08055973
MALA_tail,48,36,0.64506340,1.11373258
MALA_tail,48,37,0.62297028,1.12008512
MALA_tail,48,38,0.60201329,1.08469558
MALA_tail,48,39,0.59818751,1.10124516
MALA_tail,48,40,0.57063365,1.11653340
MALA_tail,48,41,0.57649148,1.09747183
MALA_tail,48,42,0.61082262,1.07355034
MALA_tail,48,43,0.58363879,1.03536272
MALA_tail,48,44,0.58605349,0.97925144
MALA_tail,48,45,0.56297648,0.97654700
MALA_tail,48,46,0.55221468,0.96212691
MALA_tail,48,47,0.51329273,0.93925661
MALA_tail,48,48,0.51191962,0.94603348
MALA_tail,48,49,0.55089563,0.93582791
MALA_tail,49,0,0.15164427,0.17172481
MALA_tail,49,1,0.16728456,0.19882035
MALA_tail,49,2,0.16279480,0.17449701
MALA_tail,49,3,0.16828422,0.14668639
MALA_tail,49,4,0.16730027,0.10258491
MALA_tail,49,5,0.10692243,0.03258521
MALA_tail,49,6,0.13426653,0.02454199
MALA_tail,49,7,0.15220070,0.02080316
MALA_tail,49,8,0.17926317,0.02244432
MALA_tail,49,9,0.13967957,-0.01714800
MALA_tail,49,10,0.10400310,-0.10030887
MALA_tail,49,11,0.10782855,-0.09679399
MALA_tail,49,12,0.13348517,-0.06199190
MALA_tail,49,13,0.08664326,-0.07914722
MALA_tail,49,14,0.01880685,-0.05155711
MALA_tail,49,15,0.03434711,-0.02343286
MALA_tail,49,16,0.08619330,-0.03789021
MALA_tail,49,17,0.04946563,-0.02793565
MALA_tail,49,18,0.02462924,0.00414945
MALA_tail,49,19,-0.01049504,0.00850434
MALA_tail,49,20,-0.01986992,0.03998835
MALA_tail,49,21,0.00071110,0.00051811
MALA_tail,49,22,0.01109580,-0.01148502
MALA_tail,49,23,0.04399564,-0.03680205
MALA_tail,49,24,0.05762862,-0.03989585
MALA_tail,49,25,-0.00371800,-0.01457216
MALA_tail,49,26,-0.02513972,-0.04746533
MALA_tail,49,27,-0.00924493,-0.07308232
MALA_tail,49,28,0.01874717,-0.03539191
MALA_tail,49,29,-0.02938919,-0.04076428
MALA_tail,49,30,-0.08873416,-0.00425998
MALA_tail,49,31,-0.05831105,-0.00406036
MALA_tail,49,32,-0.07591697,-0.02010673
MALA_tail,49,33,-0.03776137,-0.02823576
MALA_tail,49,34,-0.07881493,-0.01711511
MALA_tail,49,35,-0.10564557,-0.07343099
MALA_tail,49,36,-0.07618925,-0.05754909
MALA_tail,49,37,-0.11703312,-0.09694570
MALA_tail,49,38,-0.07490876,-0.06901360
MALA_tail,49,39,-0.08275652,0.00078245
MALA_tail,49,40,-0.05616375,0.03423996
MALA_tail,49,41,-0.07179903,0.06889106
MALA_tail,49,42,-0.02853985,0.08758218
MALA_tail,49,43,-0.02285353,0.15456617
MALA_tail,49,44,0.00685222,0.19358818
MALA_tail,49,45,-0.00740480,0.20684077
MALA_tail,49,46,-0.04338200,0.22901823
MALA_tail,49,47,-0.03157614,0.22504823
MALA_tail,49,48,-0.04451832,0.19953083
MALA_tail,49,49,-0.00698082,0.19469370
MALA_tail,50,0,0.14040031,0.09256931
MALA_tail,50,1,0.18587787,0.13093148
MALA_tail,50,2,0.21254650,0.15109836
MALA_tail,50,3,0.24151711,0.15326519
MALA_tail,50,4,0.21631065,0.13165461
MALA_tail,50,5,0.21648753,0.11823875
MALA_tail,50,6,0.16529819,0.09089777
MALA_tail,50,7,0.21337706,0.15217209
MALA_tail,50,8,0.22423626,0.18166731
MALA_tail,50,9,0.22468641,0.15540674
MALA_tail,50,10,0.24635004,0.15196833
MALA_tail,50,11,0.21402489,0.14963616
MALA_tail,50,12,0.22496544,0.17289187
MALA_tail,50,13,0.22067901,0.13633712
MALA_tail,50,14,0.21741220,0.12103298
MALA_tail,50,15,0.24313444,0.13422206
MALA_tail,50,16,0.19122775,0.16921984
MALA_tail,50,17,0.19612139,0.20938382
MALA_tail,50,18,0.19271345,0.22371048
MALA_tail,50,19,0.15450972,0.26982006
MALA_tail,50,20,0.19111775,0.24546316
MALA_tail,50,21,0.18103415,0.22527069
MALA_tail,50,22,0.21765082,0.22772560
MALA_tail,50,23,0.23795155,0.23651040
MALA_tail,50,24,0.28672940,0.24086562
MALA_tail,50,25,0.28330821,0.24572380
MALA_tail,50,26,0.25746694,0.20866035
MALA_tail,50,27,0.25204408,0.15668650
MALA_tail,50,28,0.25654137,0.20960668
MALA_tail,50,29,0.23610328,0.23180564
MALA_tail,50,30,0.23317428,0.22042786
MALA_tail,50,31,0.21576147,0.23672797
MALA_tail,50,32,0.23154867,0.27763948
MALA_tail,50,33,0.26024693,0.27977034
MALA_tail,50,34,0.24276951,0.32224452
MALA_tail,50,35,0.29579157,0.38504094
MALA_tail,50,36,0.29217112,0.37422964
MALA_tail,50,37,0.29937086,0.36062542
MALA_tail,50,38,0.27042866,0.38148504
MALA_tail,50,39,0.26527864,0.37448350
MALA_tail,50,40,0.26751083,0.33549958
MALA_tail,50,41,0.25747919,0.32509223
MALA_tail,50,42,0.22817054,0.35568705
MALA_tail,50,43,0.27218631,0.38013795
MALA_tail,50,44,0.27006230,0.40401584
MALA_tail,50,45,0.24641287,0.36757287
MALA_tail,50,46,0.23720521,0.33077842
MALA_tail,50,47,0.25823125,0.33305508
MALA_tail,50,48,0.24878129,0.33906180
MALA_tail,50,49,0.24558255,0.33939779
MALA_tail,51,0,-0.47919476,0.30708086
MALA_tail,51,1,-0.52381676,0.31387126
MALA_tail,51,2,-0.52278996,0.29729781
MALA_tail,51,3,-0.50822872,0.31231827
MALA_tail,51,4,-0.46885285,0.29932347
MALA_tail,51,5,-0.48098218,0.29311934
MALA_tail,51,6,-0.41709009,0.32099414
MALA_tail,51,7,-0.41543782,0.41862094
MALA_tail,51,8,-0.46181494,0.45106390
MALA_tail,51,9,-0.54870570,0.45281497
MALA_tail,51,10,-0.52004659,0.47735894
MALA_tail,51,11,-0.55445987,0.44230601
MALA_tail,51,12,-0.58158469,0.46769470
MALA_tail,51,13,-0.59106457,0.53328580
MALA_tail,51,14,-0.58057767,0.57843703
MALA_tail,51,15,-0.54183334,0.54648882
MALA_tail,51,16,-0.56557137,0.58214384
MALA_tail,51,17,-0.52417952,0.60950285
MALA_tail,51,18,-0.59530163,0.56711555
MALA_tail,51,19,-0.63463569,0.53769827
MALA_tail,51,20,-0.70424139,0.56069279
MALA_tail,51,21,-0.71822596,0.51768523
MALA_tail,51,22,-0.70261681,0.52409077
MALA_tail,51,23,-0.74361074,0.57104111
MALA_tail,51,24,-0.75122619,0.57785171
MALA_tail,51,25,-0.74369484,0.56967604
MALA_tail,51,26,-0.73854089,0.56850767
MALA_tail,51,27,-0.78776908,0.63773370
MALA_tail,51,28,-0.81473994,0.60049218
MALA_tail,51,29,-0.80733889,0.62476873
MALA_tail,51,30,-0.74078584,0.61860329
MALA_tail,51,31,-0.75032866,0.57832915
MALA_tail,51,32,-0.78546447,0.63438022
MALA_tail,51,33,-0.84941781,0.61922222
MALA_tail,51,34,-0.82455736,0.67371041
MALA_tail,51,35,-0.77280903,0.64216799
MALA_tail,51,36,-0.79199910,0.64219403
MALA_tail,51,37,-0.75784880,0.61708242
MALA_tail,51,38,-0.84138250,0.60477751
MALA_tail,51,39,-0.84556860,0.62015969
MALA_tail,51,40,-0.88425940,0.65516353
MALA_tail,51,41,-0.89210790,0.64680511
MALA_tail,51,42,-0.87992138,0.62744129
MALA_tail,51,43,-0.82211608,0.63237214
MALA_tail,51,44,-0.83438611,0.68030673
MALA_tail,51,45,-0.83396780,0.69362158
MALA_tail,51,46,-0.88264984,0.64507604
MALA_tail,51,47,-0.89838666,0.64064091
MALA_tail,51,48,-0.88059258,0.57441413
MALA_tail,51,49,-0.86164874,0.53262591
MALA_tail,52,0,0.27067041,0.09127583
MALA_tail,52,1,0.23633893,0.08122898
MALA_tail,52,2,0.22696300,0.07424230
MALA_tail,52,3,0.21050207,0.05240088
MALA_tail,52,4,0.15595868,0.07708843
MALA_tail,52,5,0.13689840,0.06812976
MALA_tail,52,6,0.10289370,0.06899121
MALA_tail,52,7,0.13866046,0.09337933
MALA_tail,52,8,0.10430015,0.10611459
MALA_tail,52,9,0.13130094,0.12136450
MALA_tail,52,10,0.10374684,0.09566210
MALA_tail,52,11,0.14108133,0.09760311
MALA_tail,52,12,0.17456023,0.12557839
MALA_tail,52,13,0.18338972,0.09216206
MALA_tail,52,14,0.21308002,0.10223489
MALA_tail,52,15,0.25190502,0.14683288
MALA_tail,52,16,0.21205157,0.18412818
MALA_tail,52,17,0.13037558,0.20749238
MALA_tail,52,18,0.14090934,0.17180374
MALA_tail,52,19,0.14606763,0.14939830
MALA_tail,52,20,0.15394452,0.12450583
MALA_tail,52,21,0.21027762,0.13737369
MALA_tail,52,22,0.22359489,0.11497740
MALA_tail,52,23,0.19850874,0.12227610
MALA_tail,52,24,0.21483777,0.16222876
MALA_tail,52,25,0.18163350,0.13726805
MALA_tail,52,26,0.13707395,0.17406116
MALA_tail,52,27,0.15585348,0.16332100
MALA_tail,52,28,0.22665203,0.09893623
MALA_tail,52,29,0.21183644,0.10184617
MALA_tail,52,30,0.14016812,0.11553695
MALA_tail,52,31,0.10183773,0.11675920
MALA_tail,52,32,0.12061840,0.09427439
MALA_tail,52,33,0.08342037,0.11010891
MALA_tail,52,34,0.14933985,0.12389421
MALA_tail,52,35,0.19623047,0.11419348
MALA_tail,52,36,0.22648680,0.12405735
MALA_tail,52,37,0.25484812,0.13347125
MALA_tail,52,38,0.24544154,0.17969692
MALA_tail,52,39,0.29387078,0.22325692
MALA_tail,52,40,0.28216532,0.24602760
MALA_tail,52,41,0.30263132,0.25716195
MALA_tail,52,42,0.29489058,0.25565970
MALA_tail,52,43,0.25472978,0.22628677
MALA_tail,52,44,0.22680025,0.24458984
MALA_tail,52,45,0.23324804,0.24626835
MALA_tail,52,46,0.19464882,0.27517259
MALA_tail,52,47,0.22311030,0.31592575
MALA_tail,52,48,0.23228949,0.33321184
MALA_tail,52,49,0.22360508,0.36316663
MALA_tail,53,0,-0.06392000,0.21466355
MALA_tail,53,1,-0.08507618,0.23053449
MALA_tail,53,2,-0.03682328,0.21715908
MALA_tail,53,3,-0.00043683,0.21745998
MALA_tail,53,4,0.01735813,0.23144379
MALA_tail,53,5,-0.06224076,0.23748957
MALA_tail,53,6,-0.06087719,0.30534273
MALA_tail,53,7,-0.00653526,0.29696727
MALA_tail,53,8,-0.00467754,0.28019843
MALA_tail,53,9,0.01418413,0.34895173
MALA_tail,53,10,-0.01340027,0.33094212
MALA_tail,53,11,-0.01882237,0.34641916
MALA_tail,53,12,-0.03663730,0.37226123
MALA_tail,53,13,-0.01142868,0.34814337
MALA_tail,53,14,0.04319404,0.35606837
MALA_tail,53,15,0.07599027,0.35911894
MALA_tail,53,16,0.07689752,0.35224274
MALA_tail,53,17,0.01566273,0.32101697
MALA_tail,53,18,-0.00048836,0.33470839
MALA_tail,53,19,0.01671289,0.26287207
MALA_tail,53,20,0.01797101,0.30743000
MALA_tail,53,21,-0.00359792,0.30003196
MALA_tail,53,22,0.01583045,0.29861474
MALA_tail,53,23,-0.03462377,0.23637050
MALA_tail,53,24,-0.06933609,0.25069624
MALA_tail,53,25,-0.04800751,0.26223913
MALA_tail,53,26,-0.07283683,0.24631108
MALA_tail,53,27,-0.06217087,0.26790544
MALA_tail,53,28,-0.01276777,0.30214936
MALA_tail,53,29,-0.00498212,0.34428945
MALA_tail,53,30,-0.00966140,0.34195089
MALA_tail,53,31,-0.02247609,0.38744494
MALA_tail,53,32,-0.03387694,0.34547654
MALA_tail,53,33,-0.00073402,0.35204306
MALA_tail,53,34,-0.00266048,0.33233532
MALA_tail,53,35,-0.09327859,0.35458374
MALA_tail,53,36,-0.07674836,0.30769277
MALA_tail,53,37,-0.07831047,0.23187177
MALA_tail,53,38,-0.08331453,0.19931675
MALA_tail,53,39,-0.06048666,0.21952267
MALA_tail,53,40,-0.04897493,0.24257053
MALA_tail,53,41,-0.07419740,0.24050847
MALA_tail,53,42,-0.07303114,0.26720512
MALA_tail,53,43,-0.09637690,0.31263483
MALA_tail,53,44,-0.10283613,0.28377298
MALA_tail,53,45,-0.16981989,0.32256490
MALA_tail,53,46,-0.18110406,0.31964040
MALA_tail,53,47,-0.22095978,0.29260585
MALA_tail,53,48,-0.25066733,0.28588668
MALA_tail,53,49,-0.23655346,0.28019446
MALA_tail,54,0,-0.20799692,0.40237939
MALA_tail,54,1,-0.21578538,0.42814213
MALA_tail,54,2,-0.15967816,0.41788447
MALA_tail,54,3,-0.19120637,0.40689209
MALA_tail,54,4,-0.19430433,0.39480788
MALA_tail,54,5,-0.19764169,0.36256891
MALA_tail,54,6,-0.17626965,0.39927390
MALA_tail,54,7,-0.18533188,0.37505904
MALA_tail,54,8,-0.16253398,0.41930228
MALA_tail,54,9,-0.16993307,0.44602188
MALA_tail,54,10,-0.20988946,0.42431158
MALA_tail,54,11,-0.23807397,0.41185036
MALA_tail,54,12,-0.25277826,0.43439502
MALA_tail,54,13,-0.25724861,0.42715141
MALA_tail,54,14,-0.23634861,0.42649859
MALA_tail,54,15,-0.24810424,0.41949436
MALA_tail,54,16,-0.25307998,0.41941839
MALA_tail,54,17,-0.23728661,0.43293685
MALA_tail,54,18,-0.23595254,0.39873087
MALA_tail,54,19,-0.23147295,0.39221579
MALA_tail,54,20,-0.23996188,0.40855297
MALA_tail,54,21,-0.25574780,0.41846138
MALA_tail,54,22,-0.29508612,0.43174237
MALA_tail,54,23,-0.33379656,0.44997030
MALA_tail,54,24,-0.34720287,0.48911393
MALA_tail,54,25,-0.36487290,0.47596473
MALA_tail,54,26,-0.40187079,0.49545935
MALA_tail,54,27,-0.37611896,0.46168497
MALA_tail,54,28,-0.38217300,0.38390756
MALA_tail,54,29,-0.40050805,0.38393566
MALA_tail,54,30,-0.45412019,0.36969537
MALA_tail,54,31,-0.44023672,0.33966893
MALA_tail,54,32,-0.42431021,0.40045834
MALA_tail,54,33,-0.43894824,0.39308804
MALA_tail,54,34,-0.40775567,0.41083023
MALA_tail,54,35,-0.40125513,0.42263603
MALA_tail,54,36,-0.41430086,0.47298384
MALA_tail,54,37,-0.35897642,0.47946239
MALA_tail,54,38,-0.34657374,0.44697458
MALA_tail,54,39,-0.36297220,0.46325743
MALA_tail,54,40,-0.38487172,0.45531869
MALA_tail,54,41,-0.32169530,0.45025578
MALA_tail,54,42,-0.29370168,0.44158649
MALA_tail,54,43,-0.28216073,0.41845959
MALA_tail,54,44,-0.32818711,0.40949392
MALA_tail,54,45,-0.32131574,0.39627877
MALA_tail,54,46,-0.28679731,0.41048717
MALA_tail,54,47,-0.33301529,0.41283974
MALA_tail,54,48,-0.30631283,0.40877512
MALA_tail,54,49,-0.29598737,0.40345851
MALA_tail,55,0,-0.59473461,0.04133007
MALA_tail,55,1,-0.51687366,0.02039118
MALA_tail,55,2,-0.58864665,-0.01208008
MALA_tail,55,3,-0.61188716,0.03151299
MALA_tail,55,4,-0.59236097,0.03299562
MALA_tail,55,5,-0.55128086,0.06202080
MALA_tail,55,6,-0.57609665,0.04506432
MALA_tail,55,7,-0.56073195,0.06930356
MALA_tail,55,8,-0.50648600,0.14536878
MALA_tail,55,9,-0.49841085,0.13858885
MALA_tail,55,10,-0.50288153,0.18073273
MALA_tail,55,11,-0.50607830,0.19662121
MALA_tail,55,12,-0.47811794,0.17768726
MALA_tail,55,13,-0.46497113,0.17973770
MALA_tail,55,14,-0.38900226,0.16776599
MALA_tail,55,15,-0.38144660,0.11821758
MALA_tail,55,16,-0.42668641,0.10513437
MALA_tail,55,17,-0.40323916,0.10661341
MALA_tail,55,18,-0.40486604,0.13925990
MALA_tail,55,19,-0.44661385,0.13212965
MALA_tail,55,20,-0.43740946,0.11370993
MALA_tail,55,21,-0.45085329,0.05651166
MALA_tail,55,22,-0.42788327,-0.00265191
MALA_tail,55,23,-0.43719196,-0.02258763
MALA_tail,55,24,-0.40757856,0.01647853
MALA_tail,55,25,-0.39613989,0.02168661
MALA_tail,55,26,-0.34252685,0.01462128
MALA_tail,55,27,-0.36188370,-0.00743045
MALA_tail,55,28,-0.39073116,0.00664097
MALA_tail,55,29,-0.38933831,0.00409795
MALA_tail,55,30,-0.33763596,-0.03565589
MALA_tail,55,31,-0.36333755,-0.10382961
MALA_tail,55,32,-0.40415028,-0.06948649
MALA_tail,55,33,-0.39348686,-0.05892054
MALA_tail,55,34,-0.41463029,-0.02333730
MALA_tail,55,35,-0.42877629,-0.01639267
MALA_tail,55,36,-0.39049158,-0.01008020
MALA_tail,55,37,-0.40112275,-0.01630117
MALA_tail,55,38,-0.46624100,-0.06859812
MALA_tail,55,39,-0.44836247,-0.04229186
MALA_tail,55,40,-0.43687451,-0.01973909
MALA_tail,55,41,-0.43972448,-0.00637124
MALA_tail,55,42,-0.44437256,-0.06138077
MALA_tail,55,43,-0.48619840,-0.07310341
MALA_tail,55,44,-0.42638108,-0.06449654
MALA_tail,55,45,-0.38169146,-0.04471741
MALA_tail,55,46,-0.41724482,-0.02874572
MALA_tail,55,47,-0.38441199,-0.04081575
MALA_tail,55,48,-0.38145971,-0.06190034
MALA_tail,55,49,-0.34538275,-0.09418628
MALA_tail,56,0,-0.44721034,-0.04630181
MALA_tail,56,1,-0.45487010,-0.05320357
MALA_tail,56,2,-0.48040661,-0.04204059
MALA_tail,56,3,-0.47171700,-0.00887096
MALA_tail,56,4,-0.49906567,-0.02210921
MALA_tail,56,5,-0.48518416,-0.03337854
MALA_tail,56,6,-0.47060436,-0.00398544
MALA_tail,56,7,-0.47646642,-0.03522998
MALA_tail,56,8,-0.47154704,-0.06036256
MALA_tail,56,9,-0.48281181,-0.06155125
MALA_tail,56,10,-0.47402981,-0.07610665
MALA_tail,56,11,-0.50212944,-0.06974712
MALA_tail,56,12,-0.52034849,-0.06337639
MALA_tail,56,13,-0.46031359,-0.05615067
MALA_tail,56,14,-0.45018393,-0.06574857
MALA_tail,56,15,-0.41441420,-0.11121916
MALA_tail,56,16,-0.46837831,-0.05189718
MALA_tail,56,17,-0.48533303,-0.08360903
MALA_tail,56,18,-0.46847111,-0.08272009
MALA_tail,56,19,-0.49322748,-0.05117727
MALA_tail,56,20,-0.52603906,-0.07561522
MALA_tail,56,21,-0.53259915,-0.08827241
MALA_tail,56,22,-0.49652091,-0.14466219
MALA_tail,56,23,-0.51308584,-0.12684163
MALA_tail,56,24,-0.54432285,-0.15732162
MALA_tail,56,25,-0.54983640,-0.11040758
MALA_tail,56,26,-0.51377314,-0.09610707
MALA_tail,56,27,-0.46657962,-0.08404671
MALA_tail,56,28,-0.43415886,-0.07555721
MALA_tail,56,29,-0.42589825,-0.04982221
MALA_tail,56,30,-0.41541409,-0.06246651
MALA_tail,56,31,-0.46094000,-0.03804836
MALA_tail,56,32,-0.48192543,-0.02619322
MALA_tail,56,33,-0.48406807,-0.06326000
MALA_tail,56,34,-0.44927672,-0.08145085
MALA_tail,56,35,-0.43364137,-0.06065401
MALA_tail,56,36,-0.44532818,-0.03721806
MALA_tail,56,37,-0.41140407,-0.03964094
MALA_tail,56,38,-0.40873286,-0.02569803
MALA_tail,56,39,-0.37803805,-0.02175455
MALA_tail,56,40,-0.40206006,-0.05830080
MALA_tail,56,41,-0.41713536,-0.09512773
MALA_tail,56,42,-0.38674280,-0.11856396
MALA_tail,56,43,-0.44006482,-0.13902973
MALA_tail,56,44,-0.42866665,-0.14785686
MALA_tail,56,45,-0.40926021,-0.19946501
MALA_tail,56,46,-0.41070175,-0.14683327
MALA_tail,56,47,-0.46999478,-0.14840108
MALA_tail,56,48,-0.37725285,-0.09781441
MALA_tail,56,49,-0.37911534,-0.09650106
MALA_tail,57,0,1.10526884,1.88591826
MALA_tail,57,1,1.12800372,1.86031377
MALA_tail,57,2,1.15198803,1.85228455
MALA_tail,57,3,1.10018516,1.86829281
MALA_tail,57,4,1.11975944,1.87681687
MALA_tail,57,5,1.04207909,1.85410714
MALA_tail,57,6,1.11551523,1.84201288
MALA_tail,57,7,1.12138653,1.86148655
MALA_tail,57,8,1.16878688,1.86336923
MALA_tail,57,9,1.15891659,1.82810283
MALA_tail,57,10,1.13895273,1.86511719
MALA_tail,57,11,1.14049387,1.84962380
MALA_tail,57,12,1.18042028,1.90854609
MALA_tail,57,13,1.15391886,1.87999237
MALA_tail,57,14,1.15162086,1.87856519
MALA_tail,57,15,1.10145557,1.81318080
MALA_tail,57,16,1.06070077,1.76495564
MALA_tail,57,17,1.05224037,1.74356925
MALA_tail,57,18,1.07214224,1.79734504
MALA_tail,57,19,1.06147456,1.74768698
MALA_tail,57,20,1.10772455,1.70053887
MALA_tail,57,21,1.10583055,1.65934908
MALA_tail,57,22,1.05680013,1.66270816
MALA_tail,57,23,1.05801618,1.59577775
MALA_tail,57,24,1.09423804,1.58466804
MALA_tail,57,25,1.13167226,1.57787454
MALA_tail,57,26,1.08644950,1.60162282
MALA_tail,57,27,1.12164354,1.58469987
MALA_tail,57,28,1.05170786,1.58036053
MALA_tail,57,29,0.99821609,1.59246099
MALA_tail,57,30,1.01748681,1.56591737
MALA_tail,57,31,0.97214812,1.57341123
MALA_tail,57,32,0.90695554,1.64682710
MALA_tail,57,33,0.92749888,1.55726540
MALA_tail,57,34,0.93991888,1.53704429
MALA_tail,57,35,0.95344305,1.53369141
MALA_tail,57,36,0.92186403,1.57188165
MALA_tail,57,37,0.95849997,1.54730403
MALA_tail,57,38,0.93229175,1.51228917
MALA_tail,57,39,0.93641275,1.47941637
MALA_tail,57,40,0.95680493,1.44969451
MALA_tail,57,41,1.01666129,1.48320854
MALA_tail,57,42,0.99689722,1.51166558
MALA_tail,57,43,0.98765111,1.54201221
MALA_tail,57,44,0.97600490,1.53935671
MALA_tail,57,45,1.03363597,1.51765418
MALA_tail,57,46,1.00048161,1.53403354
MALA_tail,57,47,0.98780394,1.53180921
MALA_tail,57,48,1.01299512,1.49721503
MALA_tail,57,49,0.99381661,1.52296245
MALA_tail,58,0,-0.42230058,0.31393579
MALA_tail,58,1,-0.49200580,0.29887292
MALA_tail,58,2,-0.53312176,0.30096814
MALA_tail,58,3,-0.54087764,0.34275445
MALA_tail,58,4,-0.58687776,0.30187589
MALA_tail,58,5,-0.58392090,0.33929476
MALA_tail,58,6,-0.58694863,0.36329535
MALA_tail,58,7,-0.52284288,0.38194194
MALA_tail,58,8,-0.46481085,0.38709354
MALA_tail,58,9,-0.45935601,0.39101478
MALA_tail,58,10,-0.46887138,0.34235001
MALA_tail,58,11,-0.52623665,0.35169783
MALA_tail,58,12,-0.53167242,0.31394452
MALA_tail,58,13,-0.54036266,0.32652617
MALA_tail,58,14,-0.51904392,0.27939114
MALA_tail,58,15,-0.49813169,0.23834646
MALA_tail,58,16,-0.49653596,0.22909684
MALA_tail,58,17,-0.47739133,0.28180990
MALA_tail,58,18,-0.42214304,0.26966447
MALA_tail,58,19,-0.45053774,0.23479104
MALA_tail,58,20,-0.42350763,0.31273729
MALA_tail,58,21,-0.42263481,0.28203464
MALA_tail,58,22,-0.44845438,0.30053270
MALA_tail,58,23,-0.42433345,0.29562622
MALA_tail,58,24,-0.43412387,0.31045699
MALA_tail,58,25,-0.38533080,0.26147741
MALA_tail,58,26,-0.38322541,0.26036665
MALA_tail,58,27,-0.41280445,0.19842327
MALA_tail,58,28,-0.39686632,0.22136942
MALA_tail,58,29,-0.38550711,0.25290012
MALA_tail,58,30,-0.39771113,0.18970194
MALA_tail,58,31,-0.36561462,0.19387636
MALA_tail,58,32,-0.40655798,0.18130632
MALA_tail,58,33,-0.41915944,0.18044010
MALA_tail,58,34,-0.41877356,0.17765746
MALA_tail,58,35,-0.40595406,0.20468371
MALA_tail,58,36,-0.40676668,0.18802893
MALA_tail,58,37,-0.39959189,0.16010186
MALA_tail,58,38,-0.45218161,0.17421541
MALA_tail,58,39,-0.48064896,0.22752450
MALA_tail,58,40,-0.49455068,0.28011286
MALA_tail,58,41,-0.51292413,0.30348927
MALA_tail,58,42,-0.55114990,0.29392174
MALA_tail,58,43,-0.55973446,0.34726426
MALA_tail,58,44,-0.58077234,0.37071487
MALA_tail,58,45,-0.53187400,0.40446189
MALA_tail,58,46,-0.58365488,0.43657908
MALA_tail,58,47,-0.61352980,0.48226592
MALA_tail,58,48,-0.64359456,0.50664985
MALA_tail,58,49,-0.66398895,0.54626822
MALA_tail,59,0,1.10574329,1.59552217
MALA_tail,59,1,1.04492116,1.62124646
MALA_tail,59,2,1.09229255,1.63354862
MALA_tail,59,3,1.05886495,1.61778748
MALA_tail,59,4,1.08268654,1.62089670
MALA_tail,59,5,1.03599799,1.66825461
MALA_tail,59,6,1.01121700,1.63520944
MALA_tail,59,7,0.96509296,1.59196961
MALA_tail,59,8,0.96358109,1.57866979
MALA_tail,59,9,0.98178524,1.61611724
MALA_tail,59,10,0.98786688,1.60162222
MALA_tail,59,11,1.01363599,1.62192464
MALA_tail,59,12,0.98003501,1.60729253
MALA_tail,59,13,1.00274432,1.62951589
MALA_tail,59,14,1.00143397,1.58257222
MALA_tail,59,15,1.00651741,1.49978590
MALA_tail,59,16,1.02983713,1.57730770
MALA_tail,59,17,1.00738919,1.55977929
MALA_tail,59,18,0.97969908,1.58270872
MALA_tail,59,19,0.96812642,1.59475541
MALA_tail,59,20,0.99522406,1.63867700
MALA_tail,59,21,1.00555849,1.66788185
MALA_tail,59,22,1.02860379,1.67870128
MALA_tail,59,23,1.04446566,1.73441052
MALA_tail,59,24,1.01462388,1.71410036
MALA_tail,59,25,1.02676499,1.72906327
MALA_tail,59,26,1.03646684,1.69033158
MALA_tail,59,27,1.01802671,1.72858739
MALA_tail,59,28,1.05928779,1.67202199
MALA_tail,59,29,1.06617427,1.65685964
MALA_tail,59,30,1.06610644,1.65569699
MALA_tail,59,31,1.08865762,1.67552626
MALA_tail,59,32,1.09561801,1.72423267
MALA_tail,59,33,1.09367180,1.69113135
MALA_tail,59,34,1.06828320,1.69629240
MALA_tail,59,35,1.07579410,1.67534530
MALA_tail,59,36,1.06294191,1.67882311
MALA_tail,59,37,1.04717040,1.65691257
MALA_tail,59,38,1.02908635,1.63935542
MALA_tail,59,39,1.07821894,1.65854478
MALA_tail,59,40,1.05071557,1.66200483
MALA_tail,59,41,1.01355684,1.69421601
MALA_tail,59,42,1.03555000,1.70229852
MALA_tail,59,43,1.04717183,1.73223674
MALA_tail,59,44,1.05516040,1.74450004
MALA_tail,59,45,1.08056605,1.70973551
MALA_tail,59,46,1.03292274,1.69229937
MALA_tail,59,47,1.02175891,1.65011275
MALA_tail,59,48,0.96063066,1.66850817
MALA_tail,59,49,0.94701207,1.64198482
MALA_tail,60,0,-0.57052457,0.34487870
MALA_tail,60,1,-0.58423632,0.36116925
MALA_tail,60,2,-0.56659943,0.38365063
MALA_tail,60,3,-0.55349368,0.38734791
MALA_tail,60,4,-0.56825680,0.36634085
MALA_tail,60,5,-0.56992412,0.39419180
MALA_tail,60,6,-0.53701347,0.40879017
MALA_tail,60,7,-0.50986618,0.37682918
MALA_tail,60,8,-0.50681150,0.34251440
MALA_tail,60,9,-0.48431733,0.27775910
MALA_tail,60,10,-0.45745838,0.23085582
MALA_tail,60,11,-0.40724838,0.22580764
MALA_tail,60,12,-0.38939002,0.23341744
MALA_tail,60,13,-0.44147697,0.23352341
MALA_tail,60,14,-0.45854628,0.18681002
MALA_tail,60,15,-0.43140396,0.16094960
MALA_tail,60,16,-0.43906587,0.13437620
MALA_tail,60,17,-0.45802635,0.15254545
MALA_tail,60,18,-0.41978559,0.09942750
MALA_tail,60,19,-0.38443667,0.08729953
MALA_tail,60,20,-0.35989940,0.06608932
MALA_tail,60,21,-0.34663546,-0.00330251
MALA_tail,60,22,-0.36591178,-0.08115020
MALA_tail,60,23,-0.41781214,-0.05812566
MALA_tail,60,24,-0.43644819,-0.05723563
MALA_tail,60,25,-0.47717252,-0.06707733
MALA_tail,60,26,-0.51068974,-0.05514646
MALA_tail,60,27,-0.48128572,-0.03131235
MALA_tail,60,28,-0.45804811,-0.06545596
MALA_tail,60,29,-0.47576928,-0.07867590
MALA_tail,60,30,-0.49531743,-0.11728752
MALA_tail,60,31,-0.52739143,-0.12495866
MALA_tail,60,32,-0.52443451,-0.10317677
MALA_tail,60,33,-0.50883073,-0.10885359
MALA_tail,60,34,-0.55818325,-0.06555707
MALA_tail,60,35,-0.59529299,-0.01302594
MALA_tail,60,36,-0.63135064,0.02186195
MALA_tail,60,37,-0.65866411,0.01576271
MALA_tail,60,38,-0.66685826,0.00261869
MALA_tail,60,39,-0.67118597,-0.01473960
MALA_tail,60,40,-0.70079547,0.02861735
MALA_tail,60,41,-0.73350090,-0.02368258
MALA_tail,60,42,-0.75503939,-0.01563255
MALA_tail,60,43,-0.79051417,-0.01173602
MALA_tail,60,44,-0.79121536,0.03594103
MALA_tail,60,45,-0.75716740,0.04495433
MALA_tail,60,46,-0.78417915,0.05233192
MALA_tail,60,47,-0.72846025,0.08883388
MALA_tail,60,48,-0.74616843,0.11235233
MALA_tail,60,49,-0.79953831,0.09411924
MALA_tail,61,0,-0.54394358,0.50295538
MALA_tail,61,1,-0.51347446,0.47580490
MALA_tail,61,2,-0.49248797,0.53792846
MALA_tail,61,3,-0.56341970,0.49906233
MALA_tail,61,4,-0.56218475,0.49054432
MALA_tail,61,5,-0.56386030,0.55066836
MALA_tail,61,6,-0.61303771,0.51172888
MALA_tail,61,7,-0.57076329,0.50970936
MALA_tail,61,8,-0.60027218,0.58753163
MALA_tail,61,9,-0.63270009,0.59182781
MALA_tail,61,10,-0.67419332,0.56946826
MALA_tail,61,11,-0.68977827,0.52715796
MALA_tail,61,12,-0.73646539,0.53542548
MALA_tail,61,13,-0.73359179,0.57419032
MALA_tail,61,14,-0.67064011,0.57824391
MALA_tail,61,15,-0.65353107,0.60270137
MALA_tail,61,16,-0.70294815,0.57425904
MALA_tail,61,17,-0.75677031,0.54465628
MALA_tail,61,18,-0.79667908,0.53609633
MALA_tail,61,19,-0.76480508,0.49299353
MALA_tail,61,20,-0.84045100,0.46118945
MALA_tail,61,21,-0.84761465,0.51721627
MALA_tail,61,22,-0.82020974,0.50937039
MALA_tail,61,23,-0.83635950,0.49159315
MALA_tail,61,24,-0.85498023,0.41980407
MALA_tail,61,25,-0.83492279,0.45744753
MALA_tail,61,26,-0.86912149,0.38421851
MALA_tail,61,27,-0.92161494,0.34798825
MALA_tail,61,28,-0.91636771,0.31989306
MALA_tail,61,29,-0.89663070,0.33633471
MALA_tail,61,30,-0.86624950,0.35278502
MALA_tail,61,31,-0.88641518,0.30270550
MALA_tail,61,32,-0.87795019,0.29060355
MALA_tail,61,33,-0.84360009,0.31517446
MALA_tail,61,34,-0.85814136,0.29294938
MALA_tail,61,35,-0.83234715,0.33346063
MALA_tail,61,36,-0.79094738,0.32350713
MALA_tail,61,37,-0.80581254,0.33212614
MALA_tail,61,38,-0.80931711,0.34604540
MALA_tail,61,39,-0.77997744,0.30545104
MALA_tail,61,40,-0.77477401,0.30168319
MALA_tail,61,41,-0.79034930,0.31051397
MALA_tail,61,42,-0.81543446,0.38213220
MALA_tail,61,43,-0.80913073,0.44548997
MALA_tail,61,44,-0.72517741,0.48019764
MALA_tail,61,45,-0.73494202,0.48282677
MALA_tail,61,46,-0.70254934,0.50483960
MALA_tail,61,47,-0.66071188,0.52761102
MALA_tail,61,48,-0.62859750,0.58167344
MALA_tail,61,49,-0.65113121,0.53761828
MALA_tail,62,0,-0.43982553,0.37627915
MALA_tail,62,1,-0.41399413,0.35677254
MALA_tail,62,2,-0.35773745,0.36007339
MALA_tail,62,3,-0.36142069,0.38594380
MALA_tail,62,4,-0.37827677,0.39044580
MALA_tail,62,5,-0.38942713,0.37376854
MALA_tail,62,6,-0.41954142,0.35412157
MALA_tail,62,7,-0.39444301,0.34641078
MALA_tail,62,8,-0.37571371,0.38246489
MALA_tail,62,9,-0.32953393,0.30491334
MALA_tail,62,10,-0.30226430,0.25951132
MALA_tail,62,11,-0.33609515,0.27502865
MALA_tail,62,12,-0.32681099,0.27694201
MALA_tail,62,13,-0.29709226,0.26598105
MALA_tail,62,14,-0.23084764,0.28961486
MALA_tail,62,15,-0.20941360,0.27082068
MALA_tail,62,16,-0.23740698,0.31554773
MALA_tail,62,17,-0.19360903,0.31908083
MALA_tail,62,18,-0.20552811,0.35995489
MALA_tail,62,19,-0.22733894,0.40894929
MALA_tail,62,20,-0.19452173,0.39811257
MALA_tail,62,21,-0.16670835,0.39752066
MALA_tail,62,22,-0.21438734,0.37733993
MALA_tail,62,23,-0.20771556,0.32237965
MALA_tail,62,24,-0.24053212,0.34774244
MALA_tail,62,25,-0.27851635,0.30651024
MALA_tail,62,26,-0.31920511,0.31293529
MALA_tail,62,27,-0.30165043,0.31978008
MALA_tail,62,28,-0.33859047,0.31522331
MALA_tail,62,29,-0.35860476,0.31868985
MALA_tail,62,30,-0.38305974,0.30408633
MALA_tail,62,31,-0.34896031,0.34325880
MALA_tail,62,32,-0.32394758,0.38340974
MALA_tail,62,33,-0.29284129,0.36570492
MALA_tail,62,34,-0.30947873,0.39977863
MALA_tail,62,35,-0.29122949,0.39405796
MALA_tail,62,36,-0.29312876,0.39449969
MALA_tail,62,37,-0.24144998,0.41869688
MALA_tail,62,38,-0.24692339,0.43983331
MALA_tail,62,39,-0.25784171,0.37713405
MALA_tail,62,40,-0.21723276,0.39654970
MALA_tail,62,41,-0.12303335,0.38560086
MALA_tail,62,42,-0.06512408,0.38094726
MALA_tail,62,43,-0.01793278,0.38292003
MALA_tail,62,44,-0.05794980,0.40603939
MALA_tail,62,45,0.00363769,0.42338130
MALA_tail,62,46,-0.00910907,0.41254812
MALA_tail,62,47,-0.01122993,0.43937826
MALA_tail,62,48,-0.01692679,0.45891604
MALA_tail,62,49,-0.05495746,0.42841268
MALA_tail,63,0,-0.53356808,-0.02706113
MALA_tail,63,1,-0.54487735,-0.01233457
MALA_tail,63,2,-0.51182348,-0.01001988
MALA_tail,63,3,-0.53647393,0.08021144
MALA_tail,63,4,-0.55445385,0.08311927
MALA_tail,63,5,-0.55034679,0.18564981
MALA_tail,63,6,-0.53867584,0.25062400
MALA_tail,63,7,-0.53897661,0.23960172
MALA_tail,63,8,-0.50932264,0.25225380
MALA_tail,63,9,-0.49090219,0.24879619
MALA_tail,63,10,-0.52077699,0.28192973
MALA_tail,63,11,-0.52200717,0.31422609
MALA_tail,63,12,-0.49473968,0.29221374
MALA_tail,63,13,-0.49858019,0.25915098
MALA_tail,63,14,-0.55575484,0.25841275
MALA_tail,63,15,-0.52996981,0.24608912
MALA_tail,63,16,-0.53643417,0.26515472
MALA_tail,63,17,-0.54340297,0.26692492
MALA_tail,63,18,-0.60452640,0.31209078
MALA_tail,63,19,-0.58214378,0.31126177
MALA_tail,63,20,-0.54780841,0.32884598
MALA_tail,63,21,-0.54386795,0.34368348
MALA_tail,63,22,-0.54421240,0.35043418
MALA_tail,63,23,-0.60827839,0.36823058
MALA_tail,63,24,-0.56846267,0.38629749
MALA_tail,63,25,-0.57779247,0.36546147
MALA_tail,63,26,-0.63429272,0.40665340
MALA_tail,63,27,-0.61117178,0.40852705
MALA_tail,63,28,-0.58489823,0.40428314
MALA_tail,63,29,-0.60660201,0.40397355
MALA_tail,63,30,-0.62764078,0.45025706
MALA_tail,63,31,-0.56665403,0.48863271
MALA_tail,63,32,-0.57508737,0.52587551
MALA_tail,63,33,-0.54718530,0.52683735
MALA_tail,63,34,-0.51917875,0.49463937
MALA_tail,63,35,-0.48972717,0.49682322
MALA_tail,63,36,-0.42593277,0.47368690
MALA_tail,63,37,-0.39627272,0.48418173
MALA_tail,63,38,-0.38352883,0.52448893
MALA_tail,63,39,-0.45991486,0.50859129
MALA_tail,63,40,-0.44252628,0.46592468
MALA_tail,63,41,-0.49052739,0.43440020
MALA_tail,63,42,-0.46832487,0.48602360
MALA_tail,63,43,-0.37832299,0.47930223
MALA_tail,63,44,-0.37437540,0.41959873
MALA_tail,63,45,-0.33045673,0.38818005
MALA_tail,63,46,-0.29559624,0.35467634
MALA_tail,63,47,-0.24395595,0.33658460
MALA_tail,63,48,-0.24508289,0.33630252
MALA_tail,63,49,-0.21328731,0.29710633
HMC,0,0,0.34791988,0.54061133
HMC,0,16,-0.16095208,0.23487571
HMC,0,33,0.85839635,1.46322727
HMC,0,50,2.16999960,2.86169291
HMC,0,66,2.08812666,2.77063942
HMC,0,83,0.84091693,1.45412683
HMC,0,100,1.55065548,2.21197534
HMC,0,117,1.25668740,1.99804735
HMC,0,133,0.95276642,1.55012143
HMC,0,150,0.81451893,1.36778200
HMC,0,167,0.66489995,1.20770359
HMC,0,183,1.02022815,1.67282283
HMC,0,200,0.65813947,1.24395919
HMC,0,217,0.54950213,0.98202688
HMC,0,234,-0.28612351,-0.11180541
HMC,0,250,-0.51823032,0.45049065
HMC,0,267,0.16744663,0.17562318
HMC,0,284,0.12075349,0.10659096
HMC,0,300,-0.49537739,-0.56075060
HMC,0,317,-0.55526042,-0.46061549
HMC,0,334,-0.23291180,0.06723935
HMC,0,351,-0.34843153,0.29111749
HMC,0,367,-0.55682230,0.18423174
HMC,0,384,-0.18696880,0.16720866
HMC,0,401,-0.53497297,0.12358472
HMC,0,417,-0.11672318,0.47509530
HMC,0,434,-0.18322544,0.34983990
HMC,0,451,0.53793788,0.82832861
HMC,0,468,0.06025254,0.43584982
HMC,0,484,0.23635253,0.61906242
HMC,0,501,-0.47240683,0.48604971
HMC,0,518,-0.23967072,0.03235527
HMC,0,535,-0.38117394,0.38056597
HMC,0,551,-0.05403388,0.20704170
HMC,0,568,0.06269949,0.34265628
HMC,0,585,0.12008701,0.40906581
HMC,0,601,0.05867095,0.13330650
HMC,0,618,0.24971226,0.54509354
HMC,0,635,0.38739964,0.64732236
HMC,0,652,-0.29708436,0.02365896
HMC,0,668,-0.12862594,0.32121539
HMC,0,685,0.55566448,0.98753101
HMC,0,702,0.08701901,0.51963913
HMC,0,718,-0.49539927,0.39043587
HMC,0,735,-0.15149839,0.45964804
HMC,0,752,0.09376523,0.21950795
HMC,0,769,0.12518294,0.12718570
HMC,0,785,0.04858904,0.44411191
HMC,0,802,0.35576531,0.40375701
HMC,0,819,-0.00837351,-0.03288498
HMC,0,835,0.43689120,0.22383177
HMC,0,852,0.06696253,0.41993082
HMC,0,869,-0.35527524,0.50455177
HMC,0,886,-0.01495733,0.20991988
HMC,0,902,-0.28627616,0.55909002
HMC,0,919,0.22245644,0.06417768
HMC,0,936,0.60202849,1.09535122
HMC,0,952,0.27513364,0.60082054
HMC,0,969,0.47571307,0.93969488
HMC,0,986,0.53155571,0.97132587
HMC,0,1003,0.72576445,1.21712422
HMC,0,1019,0.44882119,0.89483237
HMC,0,1036,0.29295257,0.44689265
HMC,0,1053,0.22466010,0.66000998
HMC,0,1070,-0.22864375,0.18335223
HMC,0,1086,0.46691555,0.41500142
HMC,0,1103,-0.03836466,0.34853286
HMC,0,1120,-0.53285271,-0.59191442
HMC,0,1136,-0.02024793,0.36833423
HMC,0,1153,0.19636574,0.52778429
HMC,0,1170,0.23241906,0.44478181
HMC,0,1187,-0.14311689,0.22521098
HMC,0,1203,-0.02166332,0.17478810
HMC,0,1220,0.19094664,0.34874105
HMC,0,1237,0.67894369,1.31176388
HMC,0,1253,0.22126697,0.23111168
HMC,0,1270,-0.08830926,0.14068079
HMC,0,1287,-0.47107902,-0.20177312
HMC,0,1304,-0.27145532,0.33113244
HMC,0,1320,-0.55526906,0.34028861
HMC,0,1337,-0.22164495,0.32884750
HMC,0,1354,-0.12359567,0.14181486
HMC,0,1370,-0.31602275,0.39894599
HMC,0,1387,0.67871529,1.21168220
HMC,0,1404,0.91457582,1.50220490
HMC,0,1421,0.37581226,0.63162005
HMC,0,1437,0.44306070,0.90309143
HMC,0,1454,0.48793828,0.67856431
HMC,0,1471,0.27842516,0.19049503
HMC,0,1487,-0.37216008,0.22770242
HMC,0,1504,-0.41756204,0.19808249
HMC,0,1521,-0.61155492,0.47826359
HMC,0,1538,-0.48561519,0.33257252
HMC,0,1554,-0.25603011,0.06707402
HMC,0,1571,0.55296797,0.92338234
HMC,0,1588,0.11280815,0.26075339
HMC,0,1605,0.36198986,0.47863039
HMC,0,1621,-0.42547140,0.50889701
HMC,0,1638,0.05128206,0.46016333
HMC,0,1655,-0.19718020,0.47530079
HMC,0,1671,0.18090889,0.31403813
HMC,0,1688,0.57803953,0.83689523
HMC,0,1705,0.34604433,0.42749351
HMC,0,1722,-0.45993131,-0.11322153
HMC,0,1738,0.28304133,0.54895240
HMC,0,1755,-0.05283618,0.47216573
HMC,0,1772,-0.43301487,0.30778238
HMC,0,1788,-0.58640617,0.18855500
HMC,0,1805,0.43749806,0.09774882
HMC,0,1822,0.37690476,0.45556742
HMC,0,1839,-0.29801178,0.35730511
HMC,0,1855,0.28344288,0.37421268
HMC,0,1872,-0.26669368,0.24191828
HMC,0,1889,-0.23732060,-0.00386232
HMC,0,1905,-0.23378946,0.41270992
HMC,0,1922,0.23014051,0.52476072
HMC,0,1939,0.59881681,0.02762130
HMC,0,1956,0.44285217,0.74284631
HMC,0,1972,1.03504050,1.62897336
HMC,0,1989,0.64347047,1.18125331
HMC,0,2006,0.80176413,1.40563667
HMC,0,2023,0.18530899,0.36906749
HMC,0,2039,0.51258451,0.63525373
HMC,0,2056,-0.03941727,0.11950722
HMC,0,2073,0.04045093,0.28999472
HMC,0,2089,-0.30097431,0.10647428
HMC,0,2106,-0.02556389,0.16639209
HMC,0,2123,0.22821258,-0.01818978
HMC,0,2140,0.32688960,0.45307472
HMC,0,2156,-0.42000127,0.49038842
HMC,0,2173,-0.73190022,0.39185950
HMC,0,2190,0.18385501,0.20266968
HMC,0,2206,-0.76341820,0.55593425
HMC,0,2223,-0.37187469,0.31926233
HMC,0,2240,-0.47305134,-0.06492447
HMC,0,2257,-0.30133539,0.36123919
HMC,0,2273,0.17768291,0.36224991
HMC,0,2290,0.86144167,1.43113422
HMC,0,2307,0.59158963,1.09333885
HMC,0,2323,0.75570166,1.25472438
HMC,0,2340,0.53520477,0.99527103
HMC,0,2357,0.32168967,0.55554289
HMC,0,2374,-0.40524009,0.25957128
HMC,0,2390,-0.72421688,0.50483197
HMC,0,2407,-0.19416763,0.42830545
HMC,0,2424,-0.57988685,0.31506845
HMC,0,2440,0.37609351,0.65832734
HMC,0,2457,-0.04350013,0.30653086
HMC,0,2474,-0.34507665,0.52084023
HMC,0,2491,-0.43459466,0.25109038
HMC,0,2507,0.67863905,1.19149315
HMC,0,2524,0.35226828,0.61400610
HMC,0,2541,0.68065035,1.14762378
HMC,0,2558,0.40065423,0.73304021
HMC,0,2574,1.03522313,1.78152394
HMC,0,2591,1.00415659,1.53690743
HMC,0,2608,0.18104193,0.54161078
HMC,0,2624,-0.07924743,0.31421691
HMC,0,2641,-0.05864549,0.20896597
HMC,0,2658,0.00621214,0.42695758
HMC,0,2675,0.10628209,0.40453687
HMC,0,2691,0.21649516,0.29261628
HMC,0,2708,0.10546822,0.37472075
HMC,0,2725,0.02486820,0.41139415
HMC,0,2741,0.49771559,0.88010347
HMC,0,2758,0.75938869,1.26385260
HMC,0,2775,0.46466944,0.64962178
HMC,0,2792,0.38564155,0.74371940
HMC,0,2808,-0.16228507,0.34037876
HMC,0,2825,-0.55801159,-0.50874209
HMC,0,2842,-0.63626391,0.30855206
HMC,0,2858,-0.58936971,0.26980460
HMC,0,2875,-0.21531260,0.48129973
HMC,0,2892,-0.41145542,0.35481778
HMC,0,2909,0.03404267,0.26259995
HMC,0,2925,0.05176672,0.33855802
HMC,0,2942,0.52421594,0.85019082
HMC,0,2959,-0.60441184,-0.19213572
HMC,0,2975,-0.54989994,-0.66781139
HMC,0,2992,0.12465334,0.32334650
HMC,0,3009,0.42077708,0.73378545
HMC,0,3026,0.35808861,-0.03247076
HMC,0,3042,-0.43425700,0.50381082
HMC,0,3059,0.03286618,0.35972053
HMC,0,3076,0.09624532,0.17058361
HMC,0,3093,-0.38843793,0.27089506
HMC,0,3109,-0.34809095,0.39903292
HMC,0,3126,0.05937665,0.26170066
HMC,0,3143,-0.08774383,0.43180701
HMC,0,3159,-0.25785026,0.29465467
HMC,0,3176,-0.33918411,-0.32237357
HMC,0,3193,0.17226191,0.45081940
HMC,0,3210,0.44870216,0.54706293
HMC,0,3226,0.44190031,0.13143824
HMC,0,3243,-0.31364402,0.09425804
HMC,0,3260,0.05416409,-0.04797549
HMC,0,3276,-0.35261691,0.43729433
HMC,0,3293,0.11258718,0.31523338
HMC,0,3310,0.27996349,0.47681260
HMC,0,3327,-0.11252654,0.38580090
HMC,0,3343,-0.36064854,0.48997355
HMC,0,3360,0.57351917,0.87971163
HMC,0,3377,-0.01353731,0.27512735
HMC,0,3393,-0.08670750,0.08700961
HMC,0,3410,-0.17574710,0.52952254
HMC,0,3427,0.61234331,1.12178111
HMC,0,3444,0.82499951,1.33275175
HMC,0,3460,0.75935179,1.19773293
HMC,0,3477,0.51604539,0.77919358
HMC,0,3494,0.48226261,0.86728084
HMC,0,3511,-0.10955627,0.34916204
HMC,0,3527,0.39134848,0.45954585
HMC,0,3544,-0.22861369,0.21752499
HMC,0,3561,-0.45284456,0.50401264
HMC,0,3577,0.22750817,-0.01309419
HMC,0,3594,-0.04080497,0.52727318
HMC,0,3611,0.19590949,0.59675366
HMC,0,3628,-0.33623573,-0.18018647
HMC,0,3644,0.13394397,0.30979052
HMC,0,3661,-0.52206475,0.20640348
HMC,0,3678,0.05935758,0.10554742
HMC,0,3694,0.49073818,0.83794403
HMC,0,3711,0.05691336,-0.04475023
HMC,0,3728,0.01498936,0.18755303
HMC,0,3745,-0.29413265,0.46600896
HMC,0,3761,-0.45978582,0.34251958
HMC,0,3778,-0.30647025,-0.09114071
HMC,0,3795,0.13702901,0.44943941
HMC,0,3811,0.52450353,0.77357370
HMC,0,3828,0.58466578,0.97278178
HMC,0,3845,0.21227582,0.20104776
HMC,0,3862,0.34518269,0.66594076
HMC,0,3878,-0.55587858,0.37871799
HMC,0,3895,-0.39255047,0.32141760
HMC,0,3912,0.46036762,0.65131444
HMC,0,3928,-0.01274762,0.25080922
HMC,0,3945,-0.73183203,0.60449386
HMC,0,3962,0.12910119,0.11322691
HMC,0,3979,-0.59394193,0.20169015
HMC,0,3995,0.44008884,0.54401553
HMC,0,4012,-0.13906060,-0.01928935
HMC,0,4029,-0.02591485,-0.08706570
HMC,0,4046,-0.55988306,0.21746033
HMC,0,4062,0.23470603,0.40144816
HMC,0,4079,0.67416257,1.07847524
HMC,0,4096,0.46687481,0.92516726
HMC,0,4112,0.22609487,0.47698715
HMC,0,4129,-0.23683143,0.38843662
HMC,0,4146,0.21464571,0.52648568
HMC,0,4163,-0.39939603,0.40167186
HMC,0,4179,-0.16219825,0.43668419
HMC,0,4196,-0.01612879,0.41890484
HMC,0,4213,0.05588412,0.48816779
HMC,0,4229,-0.29249522,0.10789867
HMC,0,4246,0.26584905,0.57812971
HMC,0,4263,-0.27908981,0.14570765
HMC,0,4280,-0.45316619,0.30500865
HMC,0,4296,-0.25543562,0.47769609
HMC,0,4313,-0.03567363,0.19211218
HMC,0,4330,-0.02783702,0.06218981
HMC,0,4346,0.16758522,0.36814740
HMC,0,4363,0.06303700,0.34692696
HMC,0,4380,0.06720767,0.43450379
HMC,0,4397,0.00379098,0.32139447
HMC,0,4413,0.16430853,0.44805598
HMC,0,4430,-0.44837579,-0.18563639
HMC,0,4447,-0.06194714,0.46945801
HMC,0,4463,-0.56304467,0.55109739
HMC,0,4480,-0.61601919,0.60478747
HMC,0,4497,-0.40923533,0.39532712
HMC,0,4514,0.18318133,0.39237475
HMC,0,4530,-0.27073684,0.34556907
HMC,0,4547,-0.54287195,-0.22566928
HMC,0,4564,0.52313089,0.91096556
HMC,0,4581,-0.52947015,-0.06352377
HMC,0,4597,-0.03081654,0.37416026
HMC,0,4614,-0.20898749,0.35922059
HMC,0,4631,-0.59964263,0.35439849
HMC,0,4647,-0.58883512,-0.72190458
HMC,0,4664,-0.69664007,-0.97767240
HMC,0,4681,-0.42551690,0.28019586
HMC,0,4698,0.16382480,-0.04285990
HMC,0,4714,-0.17147009,0.21310508
HMC,0,4731,-0.20382704,0.55221492
HMC,0,4748,0.48619369,0.95705557
HMC,0,4764,0.53800899,0.76435775
HMC,0,4781,0.01246827,0.41969302
HMC,0,4798,-0.53023487,-0.47819862
HMC,0,4815,-0.68060070,-1.04118192
HMC,0,4831,-0.27125767,0.52723920
HMC,0,4848,-0.33249062,0.51465750
HMC,0,4865,0.13680287,0.38039592
HMC,0,4881,0.54158664,1.07811272
HMC,0,4898,0.22770834,0.65822345
HMC,0,4915,0.48786131,0.57755274
HMC,0,4932,-0.11116871,0.36486298
HMC,0,4948,0.45266944,0.56414652
HMC,0,4965,-0.32548359,0.43222001
HMC,0,4982,0.02102673,0.35650691
HMC,0,4999,0.52204376,0.99761969
HMC,1,0,1.15933037,1.81684363
HMC,1,16,1.91530931,1.95444500
HMC,1,33,1.55387127,2.19274950
HMC,1,50,1.00116336,1.62717915
HMC,1,66,0.65745789,1.20054245
HMC,1,83,0.32705736,0.39406842
HMC,1,100,0.75542372,1.27789891
HMC,1,117,0.48307109,0.95179254
HMC,1,133,0.33464441,0.54838705
HMC,1,150,-0.39968279,0.20727989
HMC,1,167,0.00061432,0.30057299
HMC,1,183,0.19448239,0.31647253
HMC,1,200,0.04623315,0.27384722
HMC,1,217,-0.38474306,0.35359973
HMC,1,234,0.05089292,0.23676525
HMC,1,250,-0.47520146,0.33088201
HMC,1,267,0.44602594,0.78907734
HMC,1,284,0.71175915,1.26921499
HMC,1,300,0.83177549,1.34923577
HMC,1,317,0.93900758,1.49202549
HMC,1,334,0.94082028,1.49778581
HMC,1,351,0.27122372,0.51661587
HMC,1,367,-0.18753126,0.32166019
HMC,1,384,0.21375893,0.20537965
HMC,1,401,-0.31625754,0.27262029
HMC,1,417,-0.59538263,-0.58516204
HMC,1,434,-0.35995233,0.37783915
HMC,1,451,-0.51309115,-0.12931490
HMC,1,468,0.22540464,0.47754523
HMC,1,484,0.29158196,0.15523815
HMC,1,501,-0.08035246,0.49642172
HMC,1,518,0.27272844,0.45781380
HMC,1,535,-0.22994129,0.30936080
HMC,1,551,0.45986465,0.78635561
HMC,1,568,0.68398726,1.07492065
HMC,1,585,0.55621147,0.90756619
HMC,1,601,0.74427491,1.32014430
HMC,1,618,0.98373723,1.66689610
HMC,1,635,0.65984917,1.12273014
HMC,1,652,0.47918108,0.78301150
HMC,1,668,-0.72217256,0.27725005
HMC,1,685,-0.20783865,0.39450505
HMC,1,702,0.27535057,0.08717280
HMC,1,718,0.27506402,0.14122522
HMC,1,735,0.23175198,0.52770764
HMC,1,752,0.01621425,0.33901125
HMC,1,769,0.39150909,0.33321917
HMC,1,785,-0.00146821,0.12591337
HMC,1,802,0.43460664,-0.03456644
HMC,1,819,0.55918509,0.29944953
HMC,1,835,0.21237668,0.11022386
HMC,1,852,-0.17896251,-0.18563612
HMC,1,869,-0.84558618,-1.39450610
HMC,1,886,-1.51204026,-2.80868864
HMC,1,902,-1.21072042,-2.15894794
HMC,1,919,-0.74851239,-1.02884424
HMC,1,936,-0.50787342,0.29554731
HMC,1,952,-0.42955706,0.54562187
HMC,1,969,-0.54970461,0.32610056
HMC,1,986,0.20182551,-0.00064432
HMC,1,1003,0.01963381,0.36635733
HMC,1,1019,-0.15559745,0.15535963
HMC,1,1036,0.12047064,0.41412526
HMC,1,1053,-0.61958259,-0.81060767
HMC,1,1070,-0.53348559,-0.51653022
HMC,1,1086,-0.36297396,-0.02603238
HMC,1,1103,-0.18223280,-0.04016837
HMC,1,1120,-0.51199764,0.21284868
HMC,1,1136,0.13643233,0.40991864
HMC,1,1153,-0.35457015,0.37896439
HMC,1,1170,-0.59290487,0.45723471
HMC,1,1187,0.43434894,0.39567733
HMC,1,1203,0.30078754,0.61922258
HMC,1,1220,-0.47984180,0.24941221
HMC,1,1237,-0.82220793,0.64191943
HMC,1,1253,0.25721696,0.04025527
HMC,1,1270,0.28261435,0.08685478
HMC,1,1287,0.29899666,0.02935096
HMC,1,1304,0.77025974,1.38778806
HMC,1,1320,0.54141569,0.71575558
HMC,1,1337,0.75457561,1.34533739
HMC,1,1354,0.72324753,1.29496670
HMC,1,1370,0.32139114,0.20745787
HMC,1,1387,-0.20663851,0.52096039
HMC,1,1404,0.05050663,0.28890005
HMC,1,1421,0.56853503,0.98867291
HMC,1,1437,0.29411629,0.31964615
HMC,1,1454,0.34520283,0.67285246
HMC,1,1471,0.76864213,1.35898912
HMC,1,1487,0.36441603,0.48735368
HMC,1,1504,0.24109438,0.39764223
HMC,1,1521,0.51220810,0.80492961
HMC,1,1538,0.53262782,0.92213410
HMC,1,1554,0.85326934,1.46756876
HMC,1,1571,0.78129071,1.30040503
HMC,1,1588,0.45289207,0.74298477
HMC,1,1605,1.91057456,2.25552297
HMC,1,1621,0.96183795,1.61509085
HMC,1,1638,0.53263432,0.91262835
HMC,1,1655,0.59725976,1.15769172
HMC,1,1671,0.59551984,0.99713308
HMC,1,1688,0.58518815,0.92838740
HMC,1,1705,0.24894196,0.63270265
HMC,1,1722,0.23069097,-0.03684660
HMC,1,1738,-0.48255500,0.14467417
HMC,1,1755,-0.60699481,-0.83977383
HMC,1,1772,0.26355031,-0.06716213
HMC,1,1788,-0.69461656,0.20250888
HMC,1,1805,-0.44474417,-0.09686581
HMC,1,1822,-0.43500912,-0.17744504
HMC,1,1839,-0.82578748,0.42317325
HMC,1,1855,0.29044852,0.15357400
HMC,1,1872,-0.46750596,0.51685154
HMC,1,1889,-0.13746250,0.29985857
HMC,1,1905,0.10994151,0.15019186
HMC,1,1922,0.46765408,-0.14367397
HMC,1,1939,0.31416312,0.40051720
HMC,1,1956,-0.56317317,0.34871703
HMC,1,1972,-0.02464894,0.30578220
HMC,1,1989,-0.28587797,0.28655598
HMC,1,2006,0.07215466,-0.15610296
HMC,1,2023,-0.33244538,-0.21153142
HMC,1,2039,0.37105098,0.18720163
HMC,1,2056,0.33174503,0.16354027
HMC,1,2073,0.05894266,0.33923632
HMC,1,2089,-0.79445094,0.42124116
HMC,1,2106,-0.42934448,0.43430987
HMC,1,2123,-0.00344025,0.48628333
HMC,1,2140,0.53368753,0.84824669
HMC,1,2156,0.23276402,0.30438998
HMC,1,2173,0.59268576,1.12132621
HMC,1,2190,0.46873936,0.93579781
HMC,1,2206,1.19865263,1.84647965
HMC,1,2223,0.81418002,1.39071441
HMC,1,2240,0.38959470,0.40937194
HMC,1,2257,1.11972630,1.64744771
HMC,1,2273,1.21515751,1.82076108
HMC,1,2290,0.83837754,1.52644193
HMC,1,2307,0.61248052,1.12916696
HMC,1,2323,0.60928500,1.11403704
HMC,1,2340,0.11107012,0.40656993
HMC,1,2357,-0.39344546,0.13919853
HMC,1,2374,0.35181493,0.41777679
HMC,1,2390,-0.66166282,0.39874598
HMC,1,2407,-0.32975045,0.02305147
HMC,1,2424,-0.41873610,0.46556506
HMC,1,2440,-0.89218545,-1.52368701
HMC,1,2457,-0.44060680,0.34799793
HMC,1,2474,-0.39633888,0.26721504
HMC,1,2491,0.26310930,0.47271198
HMC,1,2507,0.62133223,1.00325036
HMC,1,2524,0.13985941,0.30086166
HMC,1,2541,-0.26945713,0.43135774
HMC,1,2558,-0.60349607,-0.85589880
HMC,1,2574,-1.06857800,-1.81728745
HMC,1,2591,-0.78430820,-1.27252102
HMC,1,2608,-1.06219792,-1.85969937
HMC,1,2624,-0.74832332,-1.14191258
HMC,1,2641,-0.79497468,-1.33728576
HMC,1,2658,-0.58950198,-0.76683331
HMC,1,2675,-0.99548793,-1.74626827
HMC,1,2691,-1.16211879,-2.03373814
HMC,1,2708,-1.05717909,-1.78279233
HMC,1,2725,-1.07416797,-1.88924289
HMC,1,2741,-0.84010005,-1.31065059
HMC,1,2758,-0.30608183,0.06195608
HMC,1,2775,0.41044325,0.21482606
HMC,1,2792,-0.18500003,0.15844040
HMC,1,2808,-0.33678174,0.09210971
HMC,1,2825,0.38567463,0.35671189
HMC,1,2842,-0.23861681,0.33179522
HMC,1,2858,0.11125191,0.22899856
HMC,1,2875,-0.21651416,0.47044528
HMC,1,2892,-0.21688476,0.18611582
HMC,1,2909,-0.51941878,-0.33072582
HMC,1,2925,-0.65397143,0.27982304
HMC,1,2942,-0.19383261,0.35164347
HMC,1,2959,0.25203201,0.46516699
HMC,1,2975,0.70133913,1.21114182
HMC,1,2992,0.41293472,0.81446773
HMC,1,3009,0.84590966,1.25136137
HMC,1,3026,0.55366945,0.95726812
HMC,1,3042,0.28184450,0.44386637
HMC,1,3059,0.37517115,0.62100852
HMC,1,3076,0.29250500,0.33766586
HMC,1,3093,0.32383770,0.38247272
HMC,1,3109,0.60152632,0.75751358
HMC,1,3126,0.55060226,1.09479403
HMC,1,3143,0.51703125,0.99944717
HMC,1,3159,0.78395253,1.41552341
HMC,1,3176,0.97135884,1.57543898
HMC,1,3193,0.86174941,1.43323803
HMC,1,3210,1.50154340,2.29310036
HMC,1,3226,1.22040820,1.97475159
HMC,1,3243,0.52814108,0.81548136
HMC,1,3260,0.63822156,0.90932214
HMC,1,3276,1.04445755,1.67838657
HMC,1,3293,0.43319580,0.79858172
HMC,1,3310,0.42114753,0.82054996
HMC,1,3327,0.65077859,1.06051886
HMC,1,3343,0.37690884,0.56943899
HMC,1,3360,0.48601875,0.47877467
HMC,1,3377,0.40201309,0.78925866
HMC,1,3393,0.17304365,0.45351321
HMC,1,3410,-0.21959917,0.06457543
HMC,1,3427,-0.37114576,0.44439194
HMC,1,3444,-0.68295944,-0.94367081
HMC,1,3460,-0.92131400,-1.46013677
HMC,1,3477,-0.79805249,-1.28417933
HMC,1,3494,-0.80165046,-1.25273883
HMC,1,3511,-0.89281797,-1.48149526
HMC,1,3527,-0.70583916,-1.05620754
HMC,1,3544,-1.08587015,-1.92160106
HMC,1,3561,-0.65487999,-0.90416080
HMC,1,3577,-0.47534207,-0.34375992
HMC,1,3594,0.30933979,0.23476730
HMC,1,3611,-0.25648433,0.21673767
HMC,1,3628,-0.38931444,0.43353525
HMC,1,3644,0.58820903,0.85520685
HMC,1,3661,0.87101787,1.51127064
HMC,1,3678,1.06676030,1.69456708
HMC,1,3694,1.08328867,1.66870368
HMC,1,3711,0.79762846,1.41292894
HMC,1,3728,0.91111696,1.51086628
HMC,1,3745,0.37848279,0.73881519
HMC,1,3761,0.69728756,1.13143277
HMC,1,3778,0.67934799,1.31579816
HMC,1,3795,0.75155985,1.18952727
HMC,1,3811,0.92475516,1.59335530
HMC,1,3828,0.51934439,0.98193818
HMC,1,3845,0.52331454,0.99734640
HMC,1,3862,1.65690327,2.20811367
HMC,1,3878,1.41641593,2.09248567
HMC,1,3895,0.63946313,0.92629415
HMC,1,3912,0.62754601,1.11905694
HMC,1,3928,1.23416901,2.07637525
HMC,1,3945,1.21145356,1.74343169
HMC,1,3962,-0.10924228,0.15552467
HMC,1,3979,-0.69992501,-1.09374750
HMC,1,3995,-1.01705134,-1.74290693
HMC,1,4012,-1.07137537,-1.84532750
HMC,1,4029,-0.96541172,-1.61354828
HMC,1,4046,-0.42282152,0.09269777
HMC,1,4062,-0.21804845,0.52372330
HMC,1,4079,-0.16213933,0.37549108
HMC,1,4096,0.24881598,0.53671938
HMC,1,4112,0.31498319,0.23138861
HMC,1,4129,0.07918809,0.06925301
HMC,1,4146,0.29281533,0.12436412
HMC,1,4163,0.22311448,0.30659345
HMC,1,4179,0.32722113,0.30072790
HMC,1,4196,0.37185773,0.54745471
HMC,1,4213,0.34448647,0.47141555
HMC,1,4229,0.54996932,0.97258705
HMC,1,4246,0.54919505,1.03707862
HMC,1,4263,0.55804449,0.94344544
HMC,1,4280,0.75867450,1.19975734
HMC,1,4296,0.36359814,0.32163519
HMC,1,4313,0.34661421,0.61266375
HMC,1,4330,-0.29697642,0.23903108
HMC,1,4346,-0.35507935,0.40539831
HMC,1,4363,0.47923556,0.62137765
HMC,1,4380,0.09093515,0.20500398
HMC,1,4397,-0.33994728,0.26458910
HMC,1,4413,-0.42129779,0.32466668
HMC,1,4430,-0.30069089,-0.16765235
HMC,1,4447,-0.58596247,-0.70437717
HMC,1,4463,-0.60182220,-0.67007166
HMC,1,4480,-0.52935618,-0.60070431
HMC,1,4497,-0.27268520,0.47077879
HMC,1,4514,0.26948315,0.07840765
HMC,1,4530,0.50888395,0.98425972
HMC,1,4547,0.70850718,1.29373729
HMC,1,4564,1.51832139,2.05959606
HMC,1,4581,1.00058317,1.68791842
HMC,1,4597,0.60668951,0.92818016
HMC,1,4614,0.22326994,0.44485569
HMC,1,4631,-0.02879846,0.28225636
HMC,1,4647,-0.22733989,0.34929124
HMC,1,4664,-0.12647256,0.35039628
HMC,1,4681,-0.13989507,0.41580248
HMC,1,4698,-0.03271641,0.39594126
HMC,1,4714,0.62916809,0.92050356
HMC,1,4731,0.45477703,0.81610167
HMC,1,4748,0.69187599,1.18838859
HMC,1,4764,0.42236647,0.72288072
HMC,1,4781,0.33238187,0.76863414
HMC,1,4798,0.42165393,0.74346030
HMC,1,4815,0.33295789,-0.00697717
HMC,1,4831,0.08937483,0.50174224
HMC,1,4848,-0.49488187,-0.14801659
HMC,1,4865,-0.43169558,-0.14108363
HMC,1,4881,-0.48560795,0.45541409
HMC,1,4898,0.19148244,0.59104514
HMC,1,4915,0.16161846,0.24923748
HMC,1,4932,-0.29683125,0.09496386
HMC,1,4948,-0.11242046,0.31258106
HMC,1,4965,-0.52436703,0.08800435
HMC,1,4982,-0.53165847,-0.16138457
HMC,1,4999,-0.49489823,0.48267913
HMC,2,0,-0.41524643,-0.04303643
HMC,2,16,-0.36633724,0.46653089
HMC,2,33,-0.03900089,-0.08505543
HMC,2,50,0.68549341,1.23777926
HMC,2,66,-0.06362402,0.45149428
HMC,2,83,0.14638516,0.27896577
HMC,2,100,0.45770770,0.70557839
HMC,2,117,0.81649387,1.43339539
HMC,2,133,0.79054159,1.40429330
HMC,2,150,0.23390293,0.28332424
HMC,2,167,0.28980747,0.57735622
HMC,2,183,-0.43195230,0.24989520
HMC,2,200,-0.43217146,0.08817110
HMC,2,217,-0.54652011,-0.24607269
HMC,2,234,-0.62879789,-0.78529954
HMC,2,250,-0.35967064,-0.24861422
HMC,2,267,0.14629596,0.52757251
HMC,2,284,-0.38519108,-0.13784623
HMC,2,300,0.09227361,0.28394347
HMC,2,317,0.39688876,0.45837808
HMC,2,334,-0.11234651,0.45320040
HMC,2,351,-0.50739598,-0.45864436
HMC,2,367,-0.68338150,-1.03926468
HMC,2,384,-0.50083852,-0.51270956
HMC,2,401,-0.55443430,-0.75767171
HMC,2,417,-0.82747054,-1.23940265
HMC,2,434,-0.82827467,-1.33625162
HMC,2,451,-0.60603172,-0.69313419
HMC,2,468,-0.33955127,0.40379792
HMC,2,484,0.13068655,-0.01839645
HMC,2,501,-0.44037896,-0.32964450
HMC,2,518,-0.29385707,0.46268725
HMC,2,535,-0.43309128,0.51957142
HMC,2,551,-0.57649964,0.15305093
HMC,2,568,-0.05659000,0.22720096
HMC,2,585,-0.14626649,0.49582750
HMC,2,601,-0.66214538,-0.88127625
HMC,2,618,-0.62197775,-0.84214586
HMC,2,635,-0.33566001,-0.02407579
HMC,2,652,-0.00412117,0.20056684
HMC,2,668,-0.55801570,-0.19796626
HMC,2,685,-0.54412967,-0.34119022
HMC,2,702,-0.24581248,0.31632337
HMC,2,718,-0.43396604,0.42872229
HMC,2,735,-0.31939301,0.35084674
HMC,2,752,0.07644950,-0.04515007
HMC,2,769,-0.25177011,0.09608070
HMC,2,785,-0.31312588,0.38823375
HMC,2,802,-0.21497197,0.39625707
HMC,2,819,-0.44571328,0.27879456
HMC,2,835,0.12414323,0.41799894
HMC,2,852,0.24582820,0.36354077
HMC,2,869,0.67350316,1.21303558
HMC,2,886,1.63182759,2.07335448
HMC,2,902,1.52728868,2.32722330
HMC,2,919,0.75242525,1.19732666
HMC,2,936,0.67216206,1.15432107
HMC,2,952,0.89872777,1.35615063
HMC,2,969,1.11468267,1.74131286
HMC,2,986,1.15519428,1.76993454
HMC,2,1003,0.42603329,0.55332446
HMC,2,1019,0.26973459,0.40015662
HMC,2,1036,-0.30532384,0.40541953
HMC,2,1053,-0.07404327,-0.06003477
HMC,2,1070,0.19663985,0.11667188
HMC,2,1086,0.28477418,0.39430553
HMC,2,1103,0.50434929,0.73336613
HMC,2,1120,0.28942314,0.02032555
HMC,2,1136,0.08497825,0.40009460
HMC,2,1153,0.60501695,1.02306747
HMC,2,1170,0.57693154,1.04461181
HMC,2,1187,-0.21247537,0.31986195
HMC,2,1203,0.12171816,0.03985444
HMC,2,1220,0.30977938,0.28179616
HMC,2,1237,0.02005094,0.37369955
HMC,2,1253,-0.21467486,0.25138453
HMC,2,1270,-0.18296544,0.45534259
HMC,2,1287,-0.19422911,0.28416377
HMC,2,1304,0.14253381,0.55105239
HMC,2,1320,-0.19762044,0.40391269
HMC,2,1337,-0.19479433,0.12608929
HMC,2,1354,-0.07478337,0.13125810
HMC,2,1370,0.04387638,0.36031055
HMC,2,1387,-0.15226083,0.10552795
HMC,2,1404,-0.05693076,0.44567889
HMC,2,1421,0.01627605,0.34125185
HMC,2,1437,-0.11674687,0.28556448
HMC,2,1454,0.29623488,0.23568490
HMC,2,1471,0.29241011,0.42647806
HMC,2,1487,-0.26084051,0.48603228
HMC,2,1504,-0.72460097,0.44955683
HMC,2,1521,-0.42747259,-0.20424511
HMC,2,1538,-0.31824678,0.29814804
HMC,2,1554,-0.06504042,0.22952741
HMC,2,1571,-0.02989341,0.28964210
HMC,2,1588,-0.17393780,0.39999244
HMC,2,1605,-0.10868123,0.01291397
HMC,2,1621,-0.04052407,0.50168633
HMC,2,1638,-0.20065627,0.52319622
HMC,2,1655,0.01912555,0.39482233
HMC,2,1671,0.09177481,0.46004882
HMC,2,1688,0.21952581,0.33236575
HMC,2,1705,-0.32669446,0.43832883
HMC,2,1722,-0.66636854,0.54561329
HMC,2,1738,0.36911863,0.57826728
HMC,2,1755,0.67701751,1.22361290
HMC,2,1772,0.59848225,1.01367652
HMC,2,1788,0.08695149,0.26513922
HMC,2,1805,0.44614318,0.02117490
HMC,2,1822,-0.07376774,0.22710106
HMC,2,1839,-0.02853839,0.09800640
HMC,2,1855,0.43839040,0.51693279
HMC,2,1872,-0.02798452,0.36772323
HMC,2,1889,-0.47648865,0.30459288
HMC,2,1905,-0.22087216,0.18995169
HMC,2,1922,-0.03127272,0.31200182
HMC,2,1939,-0.48355097,0.35461479
HMC,2,1956,0.22643077,0.24166867
HMC,2,1972,0.26963806,0.10241832
HMC,2,1989,-0.22868833,0.33449224
HMC,2,2006,0.45189127,0.90429747
HMC,2,2023,0.29365462,0.55271637
HMC,2,2039,0.38453633,0.59647882
HMC,2,2056,0.73632115,1.28771996
HMC,2,2073,0.71366811,1.25071394
HMC,2,2089,0.34804508,0.45162427
HMC,2,2106,0.42554200,-0.02608133
HMC,2,2123,-0.67976302,-1.01731861
HMC,2,2140,-1.01988268,-1.77776289
HMC,2,2156,-0.93662959,-1.52764702
HMC,2,2173,-1.02581203,-1.77634633
HMC,2,2190,-1.37373662,-2.52274799
HMC,2,2206,-0.54724330,-0.61394328
HMC,2,2223,-0.04833056,0.40452179
HMC,2,2240,0.48069873,0.57895517
HMC,2,2257,0.47305316,0.63109499
HMC,2,2273,0.56474715,1.00376463
HMC,2,2290,0.72562385,1.24949491
HMC,2,2307,-0.42864996,0.40835178
HMC,2,2323,-0.27214968,0.22542961
HMC,2,2340,-0.06373531,0.04199177
HMC,2,2357,-0.02325867,0.25702783
HMC,2,2374,0.01735269,0.39123055
HMC,2,2390,-0.49636772,-0.27870712
HMC,2,2407,-0.36994004,0.29006958
HMC,2,2424,0.23077275,0.32708481
HMC,2,2440,0.32926756,0.61093462
HMC,2,2457,-0.50849199,0.31948668
HMC,2,2474,-0.12815884,0.32461098
HMC,2,2491,0.45612413,0.17813383
HMC,2,2507,-0.60292286,0.37716979
HMC,2,2524,-0.19380815,0.41918626
HMC,2,2541,0.57007337,1.01402819
HMC,2,2558,0.66768843,1.28658843
HMC,2,2574,0.84717828,1.40759861
HMC,2,2591,1.13197625,1.67768216
HMC,2,2608,0.54184538,0.96108735
HMC,2,2624,0.33623415,0.60131615
HMC,2,2641,0.97082776,1.59310508
HMC,2,2658,0.72490185,1.23844802
HMC,2,2675,0.52825671,0.81286675
HMC,2,2691,-0.21546674,0.43983203
HMC,2,2708,-0.05570388,0.41466904
HMC,2,2725,-0.13593528,0.04566000
HMC,2,2741,0.37102747,0.30981368
HMC,2,2758,-0.34106734,0.35238111
HMC,2,2775,-0.49757916,0.23576611
HMC,2,2792,0.55939764,0.95144707
HMC,2,2808,0.53258270,0.96509832
HMC,2,2825,-0.45487195,0.54846942
HMC,2,2842,-0.14631045,0.43035671
HMC,2,2858,0.11242615,0.20086472
HMC,2,2875,-0.52405876,0.57879710
HMC,2,2892,-0.26367003,0.22810213
HMC,2,2909,-0.18277466,0.34608275
HMC,2,2925,-0.24098299,0.27187183
HMC,2,2942,-0.53038192,0.58550286
HMC,2,2959,-0.35446268,0.26468638
HMC,2,2975,-0.08628527,0.28700960
HMC,2,2992,0.30902046,0.69352531
HMC,2,3009,-0.25507143,0.30115336
HMC,2,3026,-0.21837649,0.35448536
HMC,2,3042,-0.79466110,0.61037749
HMC,2,3059,0.08009842,0.37888029
HMC,2,3076,0.29448125,0.03080652
HMC,2,3093,0.39023092,0.62069148
HMC,2,3109,-0.03736148,0.31492007
HMC,2,3126,0.33284530,0.28875428
HMC,2,3143,-0.09994346,0.35718951
HMC,2,3159,-0.35282218,0.49755898
HMC,2,3176,-0.41672811,0.38124788
HMC,2,3193,0.02504135,0.22633585
HMC,2,3210,0.38839191,0.52533925
HMC,2,3226,0.54848427,0.74793923
HMC,2,3243,1.21073222,1.82579017
HMC,2,3260,0.60943735,1.00839603
HMC,2,3276,0.94751692,1.49270368
HMC,2,3293,0.73453474,1.29226542
HMC,2,3310,0.49354205,0.94200706
HMC,2,3327,0.60794085,1.09670460
HMC,2,3343,0.55920082,0.70527703
HMC,2,3360,0.86821276,1.35191870
HMC,2,3377,-0.00509264,0.19271389
HMC,2,3393,-0.33633015,0.28912154
HMC,2,3410,-0.22754502,0.43799043
HMC,2,3427,-0.01843989,0.06265603
HMC,2,3444,0.48376963,0.84920663
HMC,2,3460,0.74125284,1.30983007
HMC,2,3477,0.65187800,1.16312408
HMC,2,3494,0.41206595,0.85178775
HMC,2,3511,0.31386185,0.58495104
HMC,2,3527,-0.08657558,0.45825925
HMC,2,3544,-0.28440052,0.52382511
HMC,2,3561,0.53940934,1.04524291
HMC,2,3577,0.93040997,1.59562778
HMC,2,3594,0.52905750,0.84504169
HMC,2,3611,0.44239488,0.63228643
HMC,2,3628,0.76631689,1.41615248
HMC,2,3644,1.12619269,1.76307738
HMC,2,3661,1.16007721,1.61580455
HMC,2,3678,0.76340997,1.36352146
HMC,2,3694,1.30566657,1.95999789
HMC,2,3711,1.68365717,2.34374261
HMC,2,3728,0.61289197,1.11211669
HMC,2,3745,0.40529945,0.23513632
HMC,2,3761,-0.27482426,0.27630574
HMC,2,3778,0.15025952,0.47076425
HMC,2,3795,0.50056571,0.74756670
HMC,2,3811,-0.29676893,0.27876729
HMC,2,3828,0.10016232,0.41865063
HMC,2,3845,-0.16779412,0.50126737
HMC,2,3862,-0.31262252,0.29909191
HMC,2,3878,-0.47709051,0.50977445
HMC,2,3895,-0.21775346,0.05663658
HMC,2,3912,0.12639123,0.29980731
HMC,2,3928,0.10898677,0.30436894
HMC,2,3945,-0.29384726,0.02954791
HMC,2,3962,-0.43127763,0.19343634
HMC,2,3979,0.26054308,0.02492239
HMC,2,3995,-0.71774751,-0.99746686
HMC,2,4012,-0.44940311,-0.12936811
HMC,2,4029,-0.92767835,-1.56160295
HMC,2,4046,-0.71779329,-1.02897274
HMC,2,4062,-0.64126915,-0.88551068
HMC,2,4079,-0.36516547,-0.02530622
HMC,2,4096,-0.44016787,0.15971114
HMC,2,4112,-0.52712715,0.35766092
HMC,2,4129,-0.28428170,0.44770893
HMC,2,4146,0.04266075,0.33252114
HMC,2,4163,0.51734269,0.83064610
HMC,2,4179,0.78228754,1.23478043
HMC,2,4196,0.82331759,1.37612271
HMC,2,4213,0.42051795,0.70639795
HMC,2,4229,0.51161402,0.55361617
HMC,2,4246,-0.17600292,-0.08037266
HMC,2,4263,-0.16502716,0.27409714
HMC,2,4280,-0.62898588,-0.59357828
HMC,2,4296,-0.67446172,-0.94180894
HMC,2,4313,-0.76011539,-1.24336922
HMC,2,4330,-0.47282410,-0.14489809
HMC,2,4346,-0.44795752,0.39716098
HMC,2,4363,0.07999785,0.22889285
HMC,2,4380,0.61727363,0.84272569
HMC,2,4397,0.11775131,0.29368350
HMC,2,4413,0.08861086,0.40299645
HMC,2,4430,0.23847604,0.52031434
HMC,2,4447,-0.04042327,0.18578191
HMC,2,4463,0.00952696,0.47360319
HMC,2,4480,-0.45833978,0.16026203
HMC,2,4497,-0.01327103,0.27367428
HMC,2,4514,0.12662077,0.38153970
HMC,2,4530,-0.02549334,0.24788527
HMC,2,4547,0.40031227,0.62853342
HMC,2,4564,0.50618315,1.02014875
HMC,2,4581,0.53782094,0.91707468
HMC,2,4597,0.01140377,0.10981269
HMC,2,4614,-0.45264718,0.41625664
HMC,2,4631,0.24231893,0.21205057
HMC,2,4647,0.37353888,0.67951244
HMC,2,4664,0.37702814,0.65375763
HMC,2,4681,0.61031467,0.98954189
HMC,2,4698,0.62452370,0.91190177
HMC,2,4714,-0.11169448,0.22725010
HMC,2,4731,-0.06856503,-0.03759883
HMC,2,4748,0.16088173,0.38401902
HMC,2,4764,-0.13486193,0.23312625
HMC,2,4781,-0.06951998,0.11278879
HMC,2,4798,0.43208498,0.96234745
HMC,2,4815,0.09205735,-0.00796067
HMC,2,4831,0.83182764,1.37962544
HMC,2,4848,0.15996860,0.18811592
HMC,2,4865,-0.40897718,0.24903965
HMC,2,4881,-0.39563972,-0.29105726
HMC,2,4898,-0.54183221,-0.15941511
HMC,2,4915,0.24950740,0.49586654
HMC,2,4932,0.20502891,0.51917309
HMC,2,4948,0.15854645,0.28621787
HMC,2,4965,0.63937432,1.15329456
HMC,2,4982,0.37750727,0.59885740
HMC,2,4999,-0.16770768,0.20475444
HMC,3,0,0.59224099,0.95863998
HMC,3,16,-0.52900797,0.35063580
HMC,3,33,-0.59804404,0.08393897
HMC,3,50,-0.03106096,0.15778694
HMC,3,66,-0.29458597,0.02777756
HMC,3,83,0.05498547,0.39506489
HMC,3,100,0.02796767,0.39907926
HMC,3,117,-0.54671961,0.39074245
HMC,3,133,-0.68167406,0.41335517
HMC,3,150,0.03353985,0.23047651
HMC,3,167,-0.28049648,-0.20317972
HMC,3,183,-0.15987180,-0.01277449
HMC,3,200,0.32517314,0.47155982
HMC,3,217,-0.06743205,0.27486217
HMC,3,234,-0.50596339,0.03266629
HMC,3,250,0.47838914,0.71865934
HMC,3,267,0.21830329,0.41945511
HMC,3,284,-0.23063630,0.07935587
HMC,3,300,0.26637465,0.62634379
HMC,3,317,0.34706300,0.50435209
HMC,3,334,-0.34656698,0.17175794
HMC,3,351,0.60797530,1.01259363
HMC,3,367,0.75942898,1.36378884
HMC,3,384,0.44167912,0.83746231
HMC,3,401,-0.27287209,0.30117592
HMC,3,417,0.19316292,0.30784896
HMC,3,434,0.82219291,1.45321023
HMC,3,451,0.21096157,0.19957231
HMC,3,468,0.55034345,0.97584885
HMC,3,484,0.36087698,0.56199604
HMC,3,501,0.28494722,-0.06845573
HMC,3,518,0.16748746,-0.09084727
HMC,3,535,-0.24493608,0.31666771
HMC,3,551,-0.20547378,0.37170663
HMC,3,568,-0.70788878,-1.16111755
HMC,3,585,-0.82673860,-1.27331281
HMC,3,601,-0.62086695,-0.89225733
HMC,3,618,-0.25170264,0.31728092
HMC,3,635,0.37614456,0.37225300
HMC,3,652,-0.30164579,0.15683249
HMC,3,668,0.26661307,0.34442836
HMC,3,685,0.29489541,0.21649776
HMC,3,702,0.06576925,0.21186528
HMC,3,718,-0.12407192,0.06908656
HMC,3,735,0.41920507,0.83877236
HMC,3,752,0.44280258,0.83348799
HMC,3,769,0.84318888,1.50651813
HMC,3,785,0.96211839,1.69584775
HMC,3,802,0.58383846,0.87288839
HMC,3,819,0.34183103,0.72449011
HMC,3,835,0.44744319,-0.01365151
HMC,3,852,-0.22569026,0.33540565
HMC,3,869,-0.72100234,0.56566423
HMC,3,886,-0.30323422,0.39079848
HMC,3,902,-0.71873474,-1.02124119
HMC,3,919,-0.52655464,-0.40838045
HMC,3,936,-0.55939144,0.49082851
HMC,3,952,0.32481816,0.66799849
HMC,3,969,0.50427353,0.95338863
HMC,3,986,0.18417667,0.47126374
HMC,3,1003,-0.24669927,0.22363786
HMC,3,1019,0.19663949,0.38449961
HMC,3,1036,-0.26676697,0.44495505
HMC,3,1053,0.03225228,0.27742639
HMC,3,1070,0.24039949,0.38742247
HMC,3,1086,-0.33614507,0.28591681
HMC,3,1103,-0.08526449,0.30657735
HMC,3,1120,0.18001045,0.08709279
HMC,3,1136,0.50532699,0.56540573
HMC,3,1153,0.37494010,0.23117173
HMC,3,1170,0.45258141,0.09431397
HMC,3,1187,-0.63278753,0.65488350
HMC,3,1203,-0.54250723,0.27126393
HMC,3,1220,0.43566549,0.58728456
HMC,3,1237,0.06214260,0.35321572
HMC,3,1253,0.19307899,0.07241894
HMC,3,1270,0.48216698,0.82296157
HMC,3,1287,0.51867068,0.76556355
HMC,3,1304,0.99780089,1.81307328
HMC,3,1320,0.61065817,1.08845258
HMC,3,1337,0.57870853,1.02202642
HMC,3,1354,-0.56214952,0.43202046
HMC,3,1370,0.13277341,0.02907312
HMC,3,1387,0.16155007,0.16492654
HMC,3,1404,0.54978967,1.07393324
HMC,3,1421,0.12536499,0.40498731
HMC,3,1437,0.32806560,0.72534758
HMC,3,1454,0.39755309,0.75764430
HMC,3,1471,0.94240081,1.39696157
HMC,3,1487,0.32811105,0.25893125
HMC,3,1504,0.67777288,1.24735487
HMC,3,1521,0.73506874,1.33273792
HMC,3,1538,1.04465580,1.72963405
HMC,3,1554,0.10430180,0.43744308
HMC,3,1571,-0.24346100,0.33350256
HMC,3,1588,-0.58202249,0.40143907
HMC,3,1605,-0.50153250,-0.41099325
HMC,3,1621,-0.14852366,0.28581208
HMC,3,1638,0.01835944,0.19685516
HMC,3,1655,-0.40502670,0.09705100
HMC,3,1671,-0.02693898,0.37126616
HMC,3,1688,-0.31886029,0.32103303
HMC,3,1705,-0.23200865,0.21101426
HMC,3,1722,1.07336700,1.61663365
HMC,3,1738,1.00154841,1.62226772
HMC,3,1755,0.76766962,1.31412709
HMC,3,1772,0.44218925,0.14634196
HMC,3,1788,0.75754219,1.24100304
HMC,3,1805,0.84503412,1.35056090
HMC,3,1822,0.80054677,1.39723301
HMC,3,1839,0.65703261,1.20282352
HMC,3,1855,0.66288996,1.20019341
HMC,3,1872,0.30225787,0.36787510
HMC,3,1889,-0.34569633,0.51236284
HMC,3,1905,0.15971768,0.45999646
HMC,3,1922,0.38254064,0.33151439
HMC,3,1939,-0.45567662,0.44273043
HMC,3,1956,-0.26302889,0.21056727
HMC,3,1972,-0.05072533,0.44651899
HMC,3,1989,0.01166608,0.28442124
HMC,3,2006,-0.05855454,0.21528691
HMC,3,2023,-0.30512854,0.07219487
HMC,3,2039,0.21561818,0.23950930
HMC,3,2056,0.41544154,0.58488959
HMC,3,2073,0.55694240,0.29816663
HMC,3,2089,-0.15108338,0.47994441
HMC,3,2106,0.20783341,0.46347475
HMC,3,2123,-0.18730657,0.13211215
HMC,3,2140,0.08890184,0.50940877
HMC,3,2156,-0.01500200,0.12911066
HMC,3,2173,-0.60691673,0.32522941
HMC,3,2190,-0.42379567,0.26993093
HMC,3,2206,0.24684256,0.41715997
HMC,3,2223,0.07475080,0.18578354
HMC,3,2240,-0.15453473,0.34994045
HMC,3,2257,-0.35347775,0.43723136
HMC,3,2273,-0.40078688,0.36024812
HMC,3,2290,-0.36162391,-0.22939481
HMC,3,2307,0.56972170,0.46430555
HMC,3,2323,0.54422987,0.99395204
HMC,3,2340,0.34198555,0.62724447
HMC,3,2357,-0.58891881,-0.65971482
HMC,3,2374,-0.80673182,-1.32043767
HMC,3,2390,-0.85669708,-1.37804389
HMC,3,2407,-0.69464707,-1.03422582
HMC,3,2424,-0.51594180,-0.39687139
HMC,3,2440,-0.55979681,-0.62219006
HMC,3,2457,-0.86648768,-1.34904206
HMC,3,2474,-0.76419646,-1.11469638
HMC,3,2491,-0.66024739,-0.90460092
HMC,3,2507,0.48830864,0.87281835
HMC,3,2524,0.48617995,0.69724137
HMC,3,2541,0.02267934,0.36915255
HMC,3,2558,0.58973104,1.17015445
HMC,3,2574,-0.00702938,0.25945446
HMC,3,2591,-0.00385265,0.41991425
HMC,3,2608,0.04988512,0.42580053
HMC,3,2624,-0.30786258,-0.01967561
HMC,3,2641,0.11520695,0.36541933
HMC,3,2658,0.01177156,0.24446329
HMC,3,2675,-0.65666610,0.32060677
HMC,3,2691,-0.01079536,0.17693184
HMC,3,2708,0.58607846,1.06331778
HMC,3,2725,0.35802555,0.71430874
HMC,3,2741,0.50436914,0.73444116
HMC,3,2758,-0.13174827,0.23190819
HMC,3,2775,-0.28745335,0.06276920
HMC,3,2792,-0.65330762,-0.96108568
HMC,3,2808,-1.04525149,-1.76493740
HMC,3,2825,-1.12737513,-1.99100733
HMC,3,2842,-0.79628760,-1.27224576
HMC,3,2858,-0.62219179,-0.65677118
HMC,3,2875,-0.44643229,0.04070655
HMC,3,2892,-0.23794639,0.32608047
HMC,3,2909,0.33962536,0.05792099
HMC,3,2925,0.50398195,0.95401084
HMC,3,2942,0.21769053,0.08237803
HMC,3,2959,0.11631466,0.29025799
HMC,3,2975,0.31996682,0.54264164
HMC,3,2992,0.18547510,0.40899616
HMC,3,3009,-0.17115378,-0.02675572
HMC,3,3026,0.50385958,0.92181104
HMC,3,3042,0.87280923,1.47307229
HMC,3,3059,0.62269002,1.03186119
HMC,3,3076,-0.24322450,0.53137779
HMC,3,3093,-0.04078660,0.29835239
HMC,3,3109,0.67309910,0.92901736
HMC,3,3126,0.29336414,0.17360687
HMC,3,3143,-0.22398590,0.45265362
HMC,3,3159,0.69153488,1.00448477
HMC,3,3176,0.18955997,0.28160891
HMC,3,3193,0.04212950,0.44352260
HMC,3,3210,-0.36046502,0.34825903
HMC,3,3226,0.30765405,0.07715525
HMC,3,3243,0.54761571,0.90523171
HMC,3,3260,-0.14916618,0.24507892
HMC,3,3276,-0.45068491,0.27373904
HMC,3,3293,0.00597145,0.08363460
HMC,3,3310,-0.05838914,0.26216710
HMC,3,3327,-0.06455558,0.04598241
HMC,3,3343,-0.07184348,0.12836544
HMC,3,3360,0.57358110,0.96187413
HMC,3,3377,0.04295515,0.09418029
HMC,3,3393,0.09435431,-0.06223124
HMC,3,3410,-0.03227329,0.27291664
HMC,3,3427,0.27692229,0.57489979
HMC,3,3444,-0.13953821,0.42124301
HMC,3,3460,0.02988801,0.32309124
HMC,3,3477,0.67919964,1.14619792
HMC,3,3494,0.61349058,1.09502101
HMC,3,3511,0.64251548,1.21385336
HMC,3,3527,1.52506638,1.93459439
HMC,3,3544,0.66400349,1.24409354
HMC,3,3561,1.43298864,2.18462658
HMC,3,3577,1.29477298,1.73871565
HMC,3,3594,0.98006523,1.48225653
HMC,3,3611,0.43294677,0.70051265
HMC,3,3628,-0.25724763,0.28335595
HMC,3,3644,-0.50992638,0.48677900
HMC,3,3661,0.60661393,1.13161111
HMC,3,3678,0.55999261,0.91162413
HMC,3,3694,-0.28789720,0.38788399
HMC,3,3711,0.02200031,0.27629235
HMC,3,3728,-0.19558752,0.44767189
HMC,3,3745,0.01471414,0.29274216
HMC,3,3761,-0.24544439,0.04048814
HMC,3,3778,0.28939223,0.63123202
HMC,3,3795,-0.41877788,0.47495365
HMC,3,3811,0.25362146,0.46182567
HMC,3,3828,0.13833348,0.38032836
HMC,3,3845,0.55643797,0.72313315
HMC,3,3862,0.35127655,0.49541506
HMC,3,3878,0.72332257,1.20535624
HMC,3,3895,0.38853636,0.34565014
HMC,3,3912,-0.58869803,0.40744248
HMC,3,3928,0.07329231,0.07230788
HMC,3,3945,0.36935723,0.01833976
HMC,3,3962,-0.01007943,0.46770358
HMC,3,3979,-0.28510946,-0.15992257
HMC,3,3995,-0.51522142,-0.21030961
HMC,3,4012,-0.61961144,-0.94389284
HMC,3,4029,-1.01722777,-1.69899487
HMC,3,4046,-0.55528527,-0.69569159
HMC,3,4062,-0.90934610,-1.49105406
HMC,3,4079,-1.11275482,-1.97394025
HMC,3,4096,-0.79313594,-1.28770709
HMC,3,4112,-0.84880221,-1.39303780
HMC,3,4129,-1.02655387,-1.74459219
HMC,3,4146,-0.45670199,-0.36929458
HMC,3,4163,-0.47766781,-0.37650800
HMC,3,4179,-0.69580966,-0.92801309
HMC,3,4196,-0.26746705,0.28235087
HMC,3,4213,-0.06371672,0.38306907
HMC,3,4229,-0.00011754,0.02323576
HMC,3,4246,-0.47727567,0.23769163
HMC,3,4263,-0.17003652,0.36434528
HMC,3,4280,0.30580419,0.55462635
HMC,3,4296,0.19497581,0.40944657
HMC,3,4313,-0.51746345,0.39137626
HMC,3,4330,-0.79452342,0.55994695
HMC,3,4346,-0.32097334,0.46027049
HMC,3,4363,0.27286834,0.46264112
HMC,3,4380,-0.60541719,0.36601305
HMC,3,4397,0.55852401,1.02314520
HMC,3,4413,0.53223622,0.97630233
HMC,3,4430,0.26062629,0.62131137
HMC,3,4447,-0.08142596,0.20859899
HMC,3,4463,-0.54033798,-0.75009131
HMC,3,4480,-0.50798935,-0.50840551
HMC,3,4497,-0.56882560,0.39200851
HMC,3,4514,-0.56252295,0.42694554
HMC,3,4530,0.06846508,0.10767872
HMC,3,4547,-0.47071987,-0.34358793
HMC,3,4564,-0.78183562,-1.20984542
HMC,3,4581,-0.49346080,-0.24165316
HMC,3,4597,-0.68814695,-0.99900609
HMC,3,4614,-0.80857372,-1.27786243
HMC,3,4631,0.06199379,0.14688689
HMC,3,4647,-0.18440330,0.41606224
HMC,3,4664,0.10296724,0.19831648
HMC,3,4681,-0.08370324,0.47890452
HMC,3,4698,0.36862117,0.74744719
HMC,3,4714,0.54697543,0.99201697
HMC,3,4731,0.08740132,0.23120421
HMC,3,4748,-0.04619269,0.19762108
HMC,3,4764,0.13800995,0.36835620
HMC,3,4781,0.91009605,1.40507662
HMC,3,4798,0.47846019,0.87551671
HMC,3,4815,0.33649653,0.61663067
HMC,3,4831,-0.26134035,0.07319736
HMC,3,4848,-0.43175665,0.52910721
HMC,3,4865,0.18240239,0.47944337
HMC,3,4881,-0.12155972,0.35112333
HMC,3,4898,-0.57129902,0.47162730
HMC,3,4915,-0.12044407,0.41340587
HMC,3,4932,-0.26599869,0.32602036
HMC,3,4948,-0.19153941,0.38440770
HMC,3,4965,0.49530911,0.88857222
HMC,3,4982,0.90792531,1.44352114
HMC,3,4999,1.03195179,1.71227527
HMC,4,0,-0.04205837,0.08527713
HMC,4,16,0.05766689,0.34398580
HMC,4,33,0.80170029,1.35561359
HMC,4,50,0.90737212,1.48190033
HMC,4,66,0.49861780,0.80307651
HMC,4,83,0.63188863,1.13757944
HMC,4,100,0.59515750,1.03068912
HMC,4,117,0.82698089,1.40912867
HMC,4,133,0.69600523,1.23948669
HMC,4,150,0.60262442,1.05433989
HMC,4,167,2.53686666,2.48278856
HMC,4,183,1.81243861,2.64186478
HMC,4,200,1.39811993,1.99230790
HMC,4,217,1.37888849,2.04772735
HMC,4,234,0.58348346,1.00921905
HMC,4,250,0.58021963,1.14977944
HMC,4,267,0.72745603,1.24407446
HMC,4,284,0.78733492,1.30590987
HMC,4,300,1.07291043,1.65275598
HMC,4,317,-0.26662078,0.37036964
HMC,4,334,-0.18686354,0.27021164
HMC,4,351,0.29457864,0.64220220
HMC,4,367,-0.12680867,0.23049912
HMC,4,384,0.56882370,0.97582030
HMC,4,401,-0.06979430,0.27570844
HMC,4,417,-0.54079145,0.17073756
HMC,4,434,-0.43686375,0.45278579
HMC,4,451,-0.58969837,0.37436101
HMC,4,468,-0.32869038,0.06339730
HMC,4,484,-0.02135092,0.45844534
HMC,4,501,0.41220427,0.57071948
HMC,4,518,-0.47151199,-0.07560734
HMC,4,535,-0.13364360,0.26911601
HMC,4,551,0.07985477,0.42148912
HMC,4,568,0.25198936,0.59990233
HMC,4,585,-0.25025591,0.30440399
HMC,4,601,0.21056958,0.34191987
HMC,4,618,-0.06270338,0.16067278
HMC,4,635,0.08294477,0.42783400
HMC,4,652,-0.26419723,0.39450938
HMC,4,668,0.23040541,0.21528493
HMC,4,685,0.41563845,0.81140351
HMC,4,702,0.69636005,1.26261282
HMC,4,718,1.03665090,1.65381384
HMC,4,735,0.83768570,1.37217236
HMC,4,752,1.04012191,1.64156103
HMC,4,769,0.33750933,0.39020863
HMC,4,785,0.02601722,0.18333289
HMC,4,802,-0.18602498,-0.19341163
HMC,4,819,-0.11284442,0.21696603
HMC,4,835,0.09029410,0.21024400
HMC,4,852,0.41206044,0.72722822
HMC,4,869,-0.41806513,0.34963655
HMC,4,886,-0.28398994,0.23260431
HMC,4,902,0.24564116,0.23929438
HMC,4,919,-0.12838340,0.47193119
HMC,4,936,0.11644501,0.32364634
HMC,4,952,0.33834755,0.54357922
HMC,4,969,0.40658021,0.89241135
HMC,4,986,0.16906922,0.54845101
HMC,4,1003,0.45273426,0.69354117
HMC,4,1019,0.14198616,0.63774574
HMC,4,1036,0.36612719,0.23490146
HMC,4,1053,0.10951126,0.46275839
HMC,4,1070,-0.48995212,-0.26653296
HMC,4,1086,-0.37128600,-0.05489801
HMC,4,1103,-0.70189691,-0.99497622
HMC,4,1120,-0.82245868,-1.32059312
HMC,4,1136,-1.16124713,-2.01842642
HMC,4,1153,-1.03183591,-1.78149509
HMC,4,1170,-0.75743610,-1.21219587
HMC,4,1187,-1.00958681,-1.73700261
HMC,4,1203,-0.71935320,-0.96970028
HMC,4,1220,-0.44217980,-0.07370979
HMC,4,1237,-0.54424542,-0.48158082
HMC,4,1253,-0.43571579,-0.42453927
HMC,4,1270,-0.12053475,0.31604180
HMC,4,1287,0.04506756,0.27719027
HMC,4,1304,0.29436481,0.49680120
HMC,4,1320,-0.18930316,0.13171908
HMC,4,1337,-0.24662949,0.43280926
HMC,4,1354,0.06515516,0.31043035
HMC,4,1370,0.11230575,0.36607775
HMC,4,1387,0.54365593,0.98235029
HMC,4,1404,-0.03280993,0.02835849
HMC,4,1421,-0.01705234,0.41785145
HMC,4,1437,-0.56042629,0.34286225
HMC,4,1454,-0.04324555,0.35450122
HMC,4,1471,0.32831383,0.08866706
HMC,4,1487,0.00794565,0.61700225
HMC,4,1504,0.13963419,0.31955248
HMC,4,1521,0.59868205,1.06371081
HMC,4,1538,0.58626336,1.00080180
HMC,4,1554,0.21614219,0.55209804
HMC,4,1571,0.33743623,0.46765837
HMC,4,1588,-0.14566323,0.26255137
HMC,4,1605,-0.51729834,0.32667208
HMC,4,1621,-0.51324743,0.57539469
HMC,4,1638,-0.10076720,0.08222125
HMC,4,1655,-0.53676748,-0.66737670
HMC,4,1671,-0.51460898,-0.37463531
HMC,4,1688,-0.51860082,-0.13340549
HMC,4,1705,-0.22861499,0.23118527
HMC,4,1722,-0.46627873,0.37489009
HMC,4,1738,-0.23502670,0.29849663
HMC,4,1755,-0.41017184,0.34485114
HMC,4,1772,0.08560287,0.18998283
HMC,4,1788,0.01332929,0.43417847
HMC,4,1805,0.28028724,0.39473307
HMC,4,1822,-0.56229419,0.35963213
HMC,4,1839,-0.19962490,0.56697053
HMC,4,1855,0.05461949,0.18868667
HMC,4,1872,-0.08942612,0.37553376
HMC,4,1889,-0.13287039,0.37236634
HMC,4,1905,-0.30940631,-0.22261439
HMC,4,1922,-0.24534665,0.44632876
HMC,4,1939,0.19037209,0.07119428
HMC,4,1956,0.40281194,0.43921751
HMC,4,1972,-0.45963800,0.49110216
HMC,4,1989,0.51029932,0.45297402
HMC,4,2006,0.75071752,1.29919553
HMC,4,2023,0.24349102,0.23482364
HMC,4,2039,0.24585764,0.38252971
HMC,4,2056,0.86481380,1.48972583
HMC,4,2073,0.73904228,1.29194200
HMC,4,2089,0.42209616,0.70865726
HMC,4,2106,0.57366699,1.00738585
HMC,4,2123,0.80704290,1.28676128
HMC,4,2140,1.04100227,1.67227316
HMC,4,2156,1.16302383,1.67822325
HMC,4,2173,0.71384686,1.27479208
HMC,4,2190,1.08795583,1.67325151
HMC,4,2206,1.12155557,1.74089551
HMC,4,2223,0.56973374,0.96896738
HMC,4,2240,-0.22632413,0.13440727
HMC,4,2257,0.15911159,0.36041546
HMC,4,2273,0.39402917,0.29373524
HMC,4,2290,0.28408244,0.36993235
HMC,4,2307,0.23511200,0.57333237
HMC,4,2323,0.35141948,0.03022503
HMC,4,2340,0.37648344,-0.01633353
HMC,4,2357,0.34002489,0.51762187
HMC,4,2374,-0.56800997,0.55405825
HMC,4,2390,0.12125899,0.17279083
HMC,4,2407,0.35104379,0.30266875
HMC,4,2424,0.28894967,0.45380831
HMC,4,2440,0.22463742,0.07491543
HMC,4,2457,-0.49374148,0.37838092
HMC,4,2474,0.17994271,0.17912604
HMC,4,2491,-0.04774603,0.34355584
HMC,4,2507,-0.42572737,0.01633643
HMC,4,2524,0.16259144,0.51868534
HMC,4,2541,-0.15171288,0.20942312
HMC,4,2558,0.47614461,0.97031140
HMC,4,2574,0.59096563,1.09762907
HMC,4,2591,0.64977366,1.11493278
HMC,4,2608,1.48464334,2.11778855
HMC,4,2624,1.12795734,1.68292880
HMC,4,2641,0.67352015,1.12688279
HMC,4,2658,0.90745997,1.52895093
HMC,4,2675,0.70092481,1.07819927
HMC,4,2691,-0.03255576,0.31716463
HMC,4,2708,0.48781666,0.66920650
HMC,4,2725,0.88664502,1.65057123
HMC,4,2741,0.46834451,0.91999835
HMC,4,2758,0.28424019,0.66624022
HMC,4,2775,0.64486045,1.04780662
HMC,4,2792,1.20730686,1.80093622
HMC,4,2808,0.73446167,1.20337892
HMC,4,2825,0.24686645,0.26903719
HMC,4,2842,0.21448077,0.19918595
HMC,4,2858,-0.40066105,-0.34177303
HMC,4,2875,-0.78063571,-1.21195948
HMC,4,2892,-0.53458446,-0.66139084
HMC,4,2909,-0.73439300,-1.04698896
HMC,4,2925,-0.57881385,-0.80419242
HMC,4,2942,-0.56011766,-0.51388264
HMC,4,2959,-0.51913905,-0.58740383
HMC,4,2975,-0.31836638,-0.08259875
HMC,4,2992,-0.26170552,0.06728012
HMC,4,3009,-0.21778230,0.30645922
HMC,4,3026,-0.50296652,0.38266015
HMC,4,3042,0.19576633,0.12578411
HMC,4,3059,0.15862507,0.41333988
HMC,4,3076,-0.38066480,0.50587630
HMC,4,3093,-0.01809102,0.38105640
HMC,4,3109,0.28311053,0.47249323
HMC,4,3126,0.30141515,0.35359812
HMC,4,3143,0.36348608,0.80029744
HMC,4,3159,0.05848137,0.50085402
HMC,4,3176,-0.52044904,-0.62453973
HMC,4,3193,0.00306213,0.07071676
HMC,4,3210,0.38382187,0.37419367
HMC,4,3226,0.19402483,0.53541410
HMC,4,3243,0.32935336,0.48746726
HMC,4,3260,0.00361943,0.49737889
HMC,4,3276,0.42674741,0.77649611
HMC,4,3293,-0.01509698,0.41357636
HMC,4,3310,0.41955599,-0.03057497
HMC,4,3327,0.64882272,1.14617693
HMC,4,3343,0.12098584,0.28076530
HMC,4,3360,-0.38504672,0.45303550
HMC,4,3377,-0.43923202,0.53272080
HMC,4,3393,-0.36384654,0.47406918
HMC,4,3410,0.64422065,1.10058796
HMC,4,3427,0.89746654,1.51715159
HMC,4,3444,0.49328002,0.80691004
HMC,4,3460,0.40290698,0.92461485
HMC,4,3477,0.45227271,0.68039483
HMC,4,3494,0.70294130,1.10065150
HMC,4,3511,0.77009630,1.39825177
HMC,4,3527,0.67516840,1.11257529
HMC,4,3544,0.34286949,0.66614372
HMC,4,3561,-0.02060480,0.36493576
HMC,4,3577,-0.16818465,0.41412464
HMC,4,3594,-0.11953953,0.19913550
HMC,4,3611,-0.38336137,0.49868131
HMC,4,3628,0.34609070,0.40923503
HMC,4,3644,-0.61090690,0.37993979
HMC,4,3661,-0.56390506,-0.04445704
HMC,4,3678,-0.28383768,0.00651115
HMC,4,3694,-0.38447323,-0.26767063
HMC,4,3711,-0.61411411,0.19243349
HMC,4,3728,-0.06226566,0.26217696
HMC,4,3745,-0.35757017,-0.09688935
HMC,4,3761,-0.37898120,0.45413357
HMC,4,3778,0.30824429,0.37097478
HMC,4,3795,-0.59571779,0.20806614
HMC,4,3811,-0.48017451,0.02505677
HMC,4,3828,-0.22076109,0.33869216
HMC,4,3845,-0.07318518,0.35997611
HMC,4,3862,0.54339027,0.82595557
HMC,4,3878,1.22161353,1.76931393
HMC,4,3895,0.97834718,1.50284302
HMC,4,3912,0.50888747,0.91903830
HMC,4,3928,-0.19044393,0.14172965
HMC,4,3945,-0.60504550,-0.05410504
HMC,4,3962,0.54426837,0.63753366
HMC,4,3979,0.50224209,0.93739557
HMC,4,3995,0.60014880,1.12507224
HMC,4,4012,0.49924594,0.86744970
HMC,4,4029,-0.31164742,0.47105050
HMC,4,4046,-0.21315964,0.53460193
HMC,4,4062,-0.32537904,0.18249378
HMC,4,4079,0.16280821,0.21917784
HMC,4,4096,0.41066074,0.79899073
HMC,4,4112,0.75270683,1.23996365
HMC,4,4129,0.27088308,0.46769416
HMC,4,4146,-0.38007575,0.41551074
HMC,4,4163,-0.05459660,0.20401195
HMC,4,4179,0.37514159,0.09059262
HMC,4,4196,-0.36292765,0.28355026
HMC,4,4213,-0.38108149,0.55522537
HMC,4,4229,-0.30406937,0.45027259
HMC,4,4246,0.28025332,0.43247041
HMC,4,4263,0.00694913,0.32132539
HMC,4,4280,-0.18652937,0.14122158
HMC,4,4296,0.48453781,0.85683113
HMC,4,4313,0.65867674,1.11282003
HMC,4,4330,-0.23820649,0.31399339
HMC,4,4346,-0.05998419,0.29956803
HMC,4,4363,0.64427352,1.17879307
HMC,4,4380,1.67604387,2.28560543
HMC,4,4397,2.03307605,2.08325958
HMC,4,4413,2.02146673,2.84420347
HMC,4,4430,1.16201723,1.86665595
HMC,4,4447,1.75475490,2.38575482
HMC,4,4463,1.42157352,1.99661589
HMC,4,4480,0.98150033,1.58572435
HMC,4,4497,0.52672994,0.65227211
HMC,4,4514,0.75385195,1.34936476
HMC,4,4530,1.69865930,2.40915298
HMC,4,4547,1.28894114,1.90531898
HMC,4,4564,0.58138156,0.95701957
HMC,4,4581,0.32345626,0.56181943
HMC,4,4597,0.38602257,0.40708008
HMC,4,4614,0.76343066,1.24321473
HMC,4,4631,0.01318423,0.32160029
HMC,4,4647,-0.51013601,0.36840025
HMC,4,4664,0.25945222,0.10047738
HMC,4,4681,-0.03426918,0.22544058
HMC,4,4698,-0.52918434,0.42983603
HMC,4,4714,0.05734000,0.32235962
HMC,4,4731,-0.34016368,0.14805712
HMC,4,4748,-0.47254601,0.57454205
HMC,4,4764,0.45694593,0.53153217
HMC,4,4781,0.43553320,0.92772651
HMC,4,4798,0.46461970,0.68164712
HMC,4,4815,0.27644283,0.12229922
HMC,4,4831,0.25453445,0.45932472
HMC,4,4848,0.45287463,0.83593184
HMC,4,4865,0.00447198,0.43041998
HMC,4,4881,-0.51432532,0.06835901
HMC,4,4898,-0.70248002,-1.04261911
HMC,4,4915,-1.06898737,-1.88538027
HMC,4,4932,-0.55124646,-0.48585191
HMC,4,4948,-0.65953332,-0.98546088
HMC,4,4965,-0.68783736,-1.04768503
HMC,4,4982,-0.75344121,-1.21654677
HMC,4,4999,-0.72468281,-1.08444452
HMC,5,0,-0.56100297,0.50051004
HMC,5,16,0.32632884,0.58732814
HMC,5,33,-0.35643008,0.47812444
HMC,5,50,-0.59646833,-0.46458235
HMC,5,66,0.00590983,0.36092374
HMC,5,83,-0.18346387,0.44930854
HMC,5,100,0.38395786,0.50438774
HMC,5,117,0.21120799,0.53984213
HMC,5,133,0.29447174,0.53791028
HMC,5,150,0.36026680,0.59331405
HMC,5,167,-0.14673188,0.32986769
HMC,5,183,0.32975897,0.56715155
HMC,5,200,-0.03910435,0.28816724
HMC,5,217,0.41396335,0.57047284
HMC,5,234,0.60724145,0.85484701
HMC,5,250,0.92344558,1.51960945
HMC,5,267,-0.12906158,0.43995997
HMC,5,284,0.36303523,0.28909132
HMC,5,300,0.52583379,0.71724164
HMC,5,317,0.43662608,0.81615645
HMC,5,334,0.02402120,0.26795429
HMC,5,351,0.05133486,0.30926335
HMC,5,367,0.03998660,0.13438405
HMC,5,384,0.16931884,0.19150196
HMC,5,401,-0.51004714,-0.44612744
HMC,5,417,-0.53814560,-0.38202807
HMC,5,434,-0.94066662,-1.58873296
HMC,5,451,-0.83591235,-1.38723445
HMC,5,468,-0.38993806,0.00973979
HMC,5,484,-0.19752111,0.47848853
HMC,5,501,-0.22463824,0.15557879
HMC,5,518,0.32888067,0.31797475
HMC,5,535,-0.13818952,0.34408092
HMC,5,551,-0.25049898,0.48394847
HMC,5,568,0.23122782,0.47855309
HMC,5,585,0.25253981,-0.10525126
HMC,5,601,0.37021774,0.86443162
HMC,5,618,0.51012993,0.74919939
HMC,5,635,0.70037031,1.09438503
HMC,5,652,-0.16886573,-0.10113127
HMC,5,668,-0.53473717,-0.69981641
HMC,5,685,-0.65068877,-0.72036511
HMC,5,702,-0.89724827,-1.48071444
HMC,5,718,-0.86335009,-1.28768516
HMC,5,735,0.28392789,0.60870337
HMC,5,752,-0.29403263,0.44804454
HMC,5,769,-0.50432998,0.38260716
HMC,5,785,0.46438345,-0.07733883
HMC,5,802,-0.30954194,-0.02606127
HMC,5,819,-0.17734221,0.30446929
HMC,5,835,0.69383854,1.16344500
HMC,5,852,0.49293411,0.70748764
HMC,5,869,-0.09211669,0.21613109
HMC,5,886,-0.60350621,0.44872203
HMC,5,902,-0.04994219,-0.15967815
HMC,5,919,0.70505136,1.24479079
HMC,5,936,0.59625739,1.01332521
HMC,5,952,0.47003165,0.82624072
HMC,5,969,0.45674866,0.90156966
HMC,5,986,0.49584359,0.70291233
HMC,5,1003,0.24767172,0.22952764
HMC,5,1019,1.25800586,1.79005730
HMC,5,1036,0.95372438,1.58709025
HMC,5,1053,0.83176732,1.44675112
HMC,5,1070,0.86018413,1.54594088
HMC,5,1086,1.15606821,1.80793178
HMC,5,1103,1.24117410,1.87158048
HMC,5,1120,0.68249869,1.26783872
HMC,5,1136,0.70100337,1.31858003
HMC,5,1153,0.97111791,1.57814980
HMC,5,1170,0.41135898,0.56323934
HMC,5,1187,0.00369294,0.27458942
HMC,5,1203,0.72778273,1.24605763
HMC,5,1220,0.43307021,0.78353012
HMC,5,1237,0.49897423,0.95963699
HMC,5,1253,0.20170313,0.40856788
HMC,5,1270,-0.37233087,0.43336552
HMC,5,1287,-0.07267080,0.41557345
HMC,5,1304,-0.66885227,0.49920630
HMC,5,1320,0.44771683,0.86146671
HMC,5,1337,0.32580218,0.47983861
HMC,5,1354,-0.46571225,0.25758427
HMC,5,1370,-0.23213992,0.30484051
HMC,5,1387,-0.07676559,0.31575567
HMC,5,1404,0.47349975,0.54565775
HMC,5,1421,0.40311217,0.76514137
HMC,5,1437,0.44027260,0.83904147
HMC,5,1454,0.80663300,1.37502146
HMC,5,1471,0.49870077,0.76692808
HMC,5,1487,-0.23488313,0.23703653
HMC,5,1504,-0.25008285,0.25808915
HMC,5,1521,0.10383693,0.07264046
HMC,5,1538,-0.24676818,0.38662666
HMC,5,1554,-0.10831815,0.22383447
HMC,5,1571,0.41178194,0.61203253
HMC,5,1588,-0.30369869,0.49614406
HMC,5,1605,-0.32671398,0.06613683
HMC,5,1621,-0.09710104,0.22588958
HMC,5,1638,-0.11676458,0.45625344
HMC,5,1655,-0.47776738,0.48577410
HMC,5,1671,0.00919524,0.19596641
HMC,5,1688,0.21501769,0.25740761
HMC,5,1705,0.64463151,1.05282605
HMC,5,1722,0.74725342,1.32774436
HMC,5,1738,0.44167563,0.75445038
HMC,5,1755,-0.09699403,0.18156341
HMC,5,1772,-0.35208726,0.34647101
HMC,5,1788,-0.05952711,0.17109488
HMC,5,1805,0.24002293,0.52051836
HMC,5,1822,0.57595313,1.04251730
HMC,5,1839,0.85878003,1.48356783
HMC,5,1855,0.50340986,0.21703437
HMC,5,1872,-0.31412661,0.37367672
HMC,5,1889,0.16762374,0.04327957
HMC,5,1905,0.11713462,0.25931931
HMC,5,1922,-0.58086514,-0.71609706
HMC,5,1939,-0.66902471,-0.90381867
HMC,5,1956,-0.93147284,-1.56050158
HMC,5,1972,-0.57464278,-0.15029694
HMC,5,1989,0.16176750,0.21726689
HMC,5,2006,-0.64424855,-0.79444772
HMC,5,2023,-0.53069502,-0.40214097
HMC,5,2039,-0.66668504,-0.92763048
HMC,5,2056,-0.71715307,-1.12402630
HMC,5,2073,-0.60231984,-0.76849377
HMC,5,2089,-0.99042809,-1.71773386
HMC,5,2106,-0.66143155,-0.88789105
HMC,5,2123,-0.53618038,-0.14434212
HMC,5,2140,-0.49150756,-0.37415054
HMC,5,2156,-0.57407653,-0.55198556
HMC,5,2173,0.18624331,0.16581401
HMC,5,2190,-0.48517555,-0.18452910
HMC,5,2206,-0.68454140,-0.94407731
HMC,5,2223,-0.74470359,-1.18230069
HMC,5,2240,-0.72869098,-1.09002995
HMC,5,2257,-1.27234364,-2.26087260
HMC,5,2273,-1.03203285,-1.74777281
HMC,5,2290,-1.01680267,-1.77775002
HMC,5,2307,-0.86202264,-1.45347857
HMC,5,2323,-0.85428882,-1.40496504
HMC,5,2340,-0.64097995,-0.90820742
HMC,5,2357,-0.59704381,-0.61508197
HMC,5,2374,-0.60438162,-0.79575008
HMC,5,2390,-0.60857797,-0.77365351
HMC,5,2407,-0.96403104,-1.61218858
HMC,5,2424,-0.82457948,-1.28486145
HMC,5,2440,-0.60642511,-0.42717126
HMC,5,2457,-0.66806644,-0.93841380
HMC,5,2474,-1.06948018,-1.86154222
HMC,5,2491,-0.62294537,-0.87334758
HMC,5,2507,-0.95977896,-1.54834282
HMC,5,2524,-0.77532363,-1.21340120
HMC,5,2541,-0.52834809,-0.59017974
HMC,5,2558,-0.51251829,-0.49648172
HMC,5,2574,-0.86962563,-1.48380470
HMC,5,2591,-0.56181794,-0.32899016
HMC,5,2608,-0.24468559,-0.03725042
HMC,5,2624,-0.37410241,0.08103889
HMC,5,2641,1.19129920,1.84551942
HMC,5,2658,0.75089806,1.33232176
HMC,5,2675,0.16795084,0.32102567
HMC,5,2691,-0.30132514,0.21116351
HMC,5,2708,0.23697834,0.04058917
HMC,5,2725,-0.16430204,0.48106217
HMC,5,2741,0.00146214,0.12877691
HMC,5,2758,0.71257502,1.28636849
HMC,5,2775,0.30643791,0.52662867
HMC,5,2792,-0.23817959,0.34424376
HMC,5,2808,-0.54746264,0.05330784
HMC,5,2825,0.37205297,0.61213928
HMC,5,2842,0.77917308,1.41310561
HMC,5,2858,0.49610886,0.97652376
HMC,5,2875,0.65420693,1.00794649
HMC,5,2892,0.45833895,0.90795624
HMC,5,2909,0.02412488,0.32444319
HMC,5,2925,-0.23679098,0.35186991
HMC,5,2942,-0.30348298,0.55711305
HMC,5,2959,-0.50395107,0.48752284
HMC,5,2975,0.20853941,0.30922449
HMC,5,2992,0.03046403,0.28559899
HMC,5,3009,0.77435464,1.34138513
HMC,5,3026,-0.10982791,0.43589893
HMC,5,3042,-0.10427896,0.31301698
HMC,5,3059,0.47496432,0.14982669
HMC,5,3076,0.56977123,0.73020494
HMC,5,3093,1.12674701,1.87625921
HMC,5,3109,0.74157131,1.23220575
HMC,5,3126,0.27888545,0.46641377
HMC,5,3143,0.75187731,1.19918370
HMC,5,3159,0.43112689,0.71708673
HMC,5,3176,0.89818627,1.39190900
HMC,5,3193,0.77405012,1.30512309
HMC,5,3210,-0.31787568,0.54474431
HMC,5,3226,-0.08830751,-0.10261942
HMC,5,3243,0.26132151,0.20779993
HMC,5,3260,-0.16152677,0.49823362
HMC,5,3276,0.51757538,0.32466361
HMC,5,3293,0.56758255,1.07860696
HMC,5,3310,0.71875727,1.18077004
HMC,5,3327,0.17316934,0.53910160
HMC,5,3343,-0.20091484,0.12786496
HMC,5,3360,0.40521401,0.10559056
HMC,5,3377,-0.04559815,0.36380225
HMC,5,3393,-0.40913400,-0.04226323
HMC,5,3410,-0.70748258,-1.08576250
HMC,5,3427,-0.68514365,-0.96603048
HMC,5,3444,-0.94172430,-1.63976169
HMC,5,3460,-0.78064990,-1.22159326
HMC,5,3477,-0.51612121,-0.50687128
HMC,5,3494,-0.64282632,-0.81495649
HMC,5,3511,-0.48430082,-0.17493998
HMC,5,3527,-0.49718493,0.56363004
HMC,5,3544,0.58659667,0.90467119
HMC,5,3561,0.34739843,0.47660261
HMC,5,3577,0.28552926,0.62704414
HMC,5,3594,0.02587618,0.27559611
HMC,5,3611,0.29436842,0.55286819
HMC,5,3628,0.25035393,0.63600063
HMC,5,3644,0.47714385,0.20042740
HMC,5,3661,0.37184718,0.43249243
HMC,5,3678,0.16222654,0.41747263
HMC,5,3694,0.41707674,0.64355832
HMC,5,3711,0.71317577,1.23622167
HMC,5,3728,0.55174482,1.01785839
HMC,5,3745,-0.72655684,-1.02602172
HMC,5,3761,-1.18557894,-2.08980012
HMC,5,3778,-1.48365295,-2.72371602
HMC,5,3795,-1.62839472,-2.98764777
HMC,5,3811,-1.47966349,-2.71458673
HMC,5,3828,-1.19784760,-2.08729982
HMC,5,3845,-0.62048346,-0.72612631
HMC,5,3862,0.11785102,0.38085240
HMC,5,3878,0.11958378,-0.03597566
HMC,5,3895,0.00674014,0.24597108
HMC,5,3912,-0.05698251,0.14198147
HMC,5,3928,0.45440492,0.69118613
HMC,5,3945,0.65905696,1.07174742
HMC,5,3962,0.55794752,1.05013490
HMC,5,3979,0.04043034,0.39396164
HMC,5,3995,0.51201814,0.63716209
HMC,5,4012,0.12650077,0.36763287
HMC,5,4029,-0.31587884,0.35819972
HMC,5,4046,0.16891287,0.36692065
HMC,5,4062,0.12169975,0.28198436
HMC,5,4079,0.60077024,1.03391826
HMC,5,4096,0.53694904,0.89600295
HMC,5,4112,0.60882145,1.09936309
HMC,5,4129,-0.28978503,0.40257579
HMC,5,4146,0.31440446,0.49017370
HMC,5,4163,0.03067555,0.26588178
HMC,5,4179,0.22743444,0.24417606
HMC,5,4196,0.81689978,1.25879741
HMC,5,4213,0.03330320,0.21948463
HMC,5,4229,0.49995777,0.87164265
HMC,5,4246,-0.08902007,0.30622733
HMC,5,4263,-0.15980236,0.50826603
HMC,5,4280,-0.78888386,-1.22985482
HMC,5,4296,-0.65258402,-0.79568166
HMC,5,4313,-0.86927408,-1.42042172
HMC,5,4330,-0.45726907,-0.34362838
HMC,5,4346,-0.61306494,-0.64502746
HMC,5,4363,0.55909592,0.96332908
HMC,5,4380,0.94539273,1.55476296
HMC,5,4397,0.43507963,0.83208704
HMC,5,4413,0.73928279,1.02814782
HMC,5,4430,0.51961070,0.77686715
HMC,5,4447,-0.57355195,0.35655540
HMC,5,4463,0.35860574,0.62039268
HMC,5,4480,0.62683660,1.13592267
HMC,5,4497,0.19448122,0.53442639
HMC,5,4514,0.08690430,0.21219499
HMC,5,4530,0.14116430,0.04479305
HMC,5,4547,0.50652450,0.84354347
HMC,5,4564,0.46519110,0.77537304
HMC,5,4581,0.99036020,1.61722553
HMC,5,4597,0.45429820,0.66469949
HMC,5,4614,-0.28051195,0.45115346
HMC,5,4631,0.08618543,0.15795374
HMC,5,4647,0.51085430,0.92013019
HMC,5,4664,0.36504057,0.71431005
HMC,5,4681,0.78701490,1.35247493
HMC,5,4698,0.64274323,1.19029117
HMC,5,4714,0.90860021,1.43100452
HMC,5,4731,0.45129663,0.77321774
HMC,5,4748,0.71480590,1.26211429
HMC,5,4764,0.29524198,0.53675836
HMC,5,4781,0.62503588,1.02769268
HMC,5,4798,-0.19873799,0.29761159
HMC,5,4815,-0.06982948,0.28276029
HMC,5,4831,-0.44865030,-0.46904570
HMC,5,4848,-0.45737720,-0.18072918
HMC,5,4865,-0.64038980,-0.81803751
HMC,5,4881,-0.54273200,-0.65644938
HMC,5,4898,-0.03901931,0.33833659
HMC,5,4915,-0.01716691,0.24427426
HMC,5,4932,0.46931574,0.71853417
HMC,5,4948,0.02332323,0.15721524
HMC,5,4965,0.81061226,1.31743610
HMC,5,4982,0.13816585,-0.00354188
HMC,5,4999,0.02755218,0.27993044
HMC,6,0,0.70975029,1.19673967
HMC,6,16,0.72947931,1.24219704
HMC,6,33,0.48273158,0.96413326
HMC,6,50,1.12072122,1.82869637
HMC,6,66,1.25606453,1.82268822
HMC,6,83,0.44458658,0.74115020
HMC,6,100,0.77470028,1.35089946
HMC,6,117,1.10557973,1.77149260
HMC,6,133,0.47502866,0.94024217
HMC,6,150,0.48643044,0.85353088
HMC,6,167,0.53735727,0.95261425
HMC,6,183,0.65530169,1.15727353
HMC,6,200,0.75869256,1.26685607
HMC,6,217,1.07834506,1.63598919
HMC,6,234,0.37529016,0.61885017
HMC,6,250,0.62738812,1.03748894
HMC,6,267,0.61067122,0.99151772
HMC,6,284,-0.14601226,0.16355115
HMC,6,300,-0.59351432,-0.71387976
HMC,6,317,-0.62140059,-0.76539427
HMC,6,334,-0.97522157,-1.62745810
HMC,6,351,-0.52953875,-0.63457566
HMC,6,367,-1.26884460,-2.29733014
HMC,6,384,-1.05537164,-1.89758921
HMC,6,401,-0.75083679,-1.16935122
HMC,6,417,-0.73165506,-1.09202492
HMC,6,434,-1.37900317,-2.51995587
HMC,6,451,-1.11216283,-1.91658235
HMC,6,468,-0.70819974,-1.01356804
HMC,6,484,-0.01409589,0.56805080
HMC,6,501,0.39432141,-0.04428343
HMC,6,518,-0.30237079,0.29569337
HMC,6,535,-0.27124947,0.23879722
HMC,6,551,0.27603382,0.11844290
HMC,6,568,-0.10527129,0.30629492
HMC,6,585,-0.07848091,0.39790213
HMC,6,601,-0.19599693,0.42775047
HMC,6,618,0.20651333,0.44813931
HMC,6,635,0.21413349,0.63121349
HMC,6,652,-0.54727614,0.59647620
HMC,6,668,0.19007711,0.36989298
HMC,6,685,0.50509900,0.90610158
HMC,6,702,0.59635109,1.05657923
HMC,6,718,0.68889725,1.18530059
HMC,6,735,0.47750825,0.82944113
HMC,6,752,-0.44085413,0.45217496
HMC,6,769,0.24234152,0.39152741
HMC,6,785,0.08564000,0.19410169
HMC,6,802,-0.48543403,0.48266813
HMC,6,819,-0.34808269,0.26791322
HMC,6,835,-0.39838687,0.14313765
HMC,6,852,0.65867901,1.22144151
HMC,6,869,0.35494572,0.72520226
HMC,6,886,-0.23548318,0.29125592
HMC,6,902,-0.38113722,-0.18979809
HMC,6,919,-0.13131189,0.53172594
HMC,6,936,0.62833273,1.09388423
HMC,6,952,0.03946538,0.00303639
HMC,6,969,0.57172561,1.05941653
HMC,6,986,0.68813235,1.16493249
HMC,6,1003,0.91434699,1.45533693
HMC,6,1019,0.29478756,0.27522290
HMC,6,1036,0.70963597,1.17090166
HMC,6,1053,0.44185480,0.85182756
HMC,6,1070,0.51875377,0.95779002
HMC,6,1086,0.73026758,1.12507570
HMC,6,1103,0.44617897,0.88657629
HMC,6,1120,0.28964052,0.39638463
HMC,6,1136,0.56023031,0.86067760
HMC,6,1153,-0.30637351,0.51930964
HMC,6,1170,-0.37952593,0.40432137
HMC,6,1187,-0.45463639,0.34243795
HMC,6,1203,0.24233490,0.44381756
HMC,6,1220,0.33013886,0.62837148
HMC,6,1237,-0.49195617,-0.29814678
HMC,6,1253,-1.16323507,-2.06165266
HMC,6,1270,-1.17252874,-2.07660961
HMC,6,1287,-0.87967271,-1.40946317
HMC,6,1304,-0.47414011,-0.49281353
HMC,6,1320,0.11859429,0.20135021
HMC,6,1337,0.79534006,1.39990294
HMC,6,1354,0.32939175,0.62332314
HMC,6,1370,0.65895629,1.21815443
HMC,6,1387,0.70402688,1.13682568
HMC,6,1404,-0.44766781,0.13372438
HMC,6,1421,-0.25510621,0.11701567
HMC,6,1437,-0.31497428,0.18358015
HMC,6,1454,-0.00708755,0.31423572
HMC,6,1471,0.04934997,0.39147240
HMC,6,1487,-0.38407734,0.46197665
HMC,6,1504,0.29364339,0.41878486
HMC,6,1521,0.34761208,0.68180686
HMC,6,1538,0.42114970,0.66035783
HMC,6,1554,0.35358509,0.67249721
HMC,6,1571,0.62844551,1.14741433
HMC,6,1588,0.65745538,1.17171383
HMC,6,1605,0.26522028,0.45242572
HMC,6,1621,0.07024476,0.12039138
HMC,6,1638,-0.45498735,0.53186977
HMC,6,1655,-0.49087659,0.49973625
HMC,6,1671,-0.27999845,0.42634067
HMC,6,1688,0.15845127,0.15453787
HMC,6,1705,-0.30586991,0.36120874
HMC,6,1722,0.00031491,0.25056952
HMC,6,1738,-0.04766539,0.20906895
HMC,6,1755,0.32669303,0.42700714
HMC,6,1772,0.80711663,1.31815803
HMC,6,1788,0.46042490,0.98623383
HMC,6,1805,0.80238110,1.38691449
HMC,6,1822,0.71098071,1.21852064
HMC,6,1839,0.79799491,1.41525459
HMC,6,1855,1.29640710,2.07475352
HMC,6,1872,1.09262717,1.49823213
HMC,6,1889,0.23054741,0.26767576
HMC,6,1905,0.61340421,1.00816393
HMC,6,1922,0.59324926,1.17155755
HMC,6,1939,0.41936237,0.56065607
HMC,6,1956,-0.06592522,0.47769225
HMC,6,1972,-0.32013348,0.00891572
HMC,6,1989,0.51864564,0.94415134
HMC,6,2006,0.70104414,1.12168944
HMC,6,2023,0.55146599,0.86753237
HMC,6,2039,-0.04237866,0.26797235
HMC,6,2056,0.54419774,0.92731202
HMC,6,2073,0.37331530,0.47231159
HMC,6,2089,0.57834983,1.07121348
HMC,6,2106,0.69255012,1.20338547
HMC,6,2123,0.95996296,1.61914480
HMC,6,2140,0.57781440,1.06081295
HMC,6,2156,-0.02461627,0.39196780
HMC,6,2173,0.36716166,0.09111544
HMC,6,2190,-0.41904140,0.21150720
HMC,6,2206,-0.10922972,0.42429012
HMC,6,2223,-0.41375664,0.38956511
HMC,6,2240,-0.45792636,0.44317251
HMC,6,2257,-0.26803392,0.09216450
HMC,6,2273,-0.72063971,0.57276428
HMC,6,2290,-0.24265027,0.43145671
HMC,6,2307,0.25268978,0.20486945
HMC,6,2323,0.08599822,0.11807568
HMC,6,2340,0.27018693,-0.01707005
HMC,6,2357,-0.66727358,0.55267429
HMC,6,2374,0.00299814,0.14615761
HMC,6,2390,-0.38017043,0.21251789
HMC,6,2407,0.71922952,1.33314967
HMC,6,2424,0.43237236,0.60909098
HMC,6,2440,0.53238869,1.05958641
HMC,6,2457,-0.36478528,0.15180406
HMC,6,2474,0.11529867,0.11903315
HMC,6,2491,0.07566169,0.39872381
HMC,6,2507,-0.41623202,0.24617161
HMC,6,2524,-0.20891652,0.38833028
HMC,6,2541,-0.45463145,0.51755071
HMC,6,2558,-0.25648859,0.40300298
HMC,6,2574,-0.26998752,0.18362263
HMC,6,2591,-0.59599227,0.38258240
HMC,6,2608,-0.56207108,-0.79657799
HMC,6,2624,-0.54061753,-0.31010821
HMC,6,2641,0.10569164,0.39609382
HMC,6,2658,0.27477190,0.44276473
HMC,6,2675,-0.31676388,0.43405858
HMC,6,2691,-0.22926922,0.44269541
HMC,6,2708,-0.12197683,0.23620780
HMC,6,2725,-0.02656426,0.26399335
HMC,6,2741,0.44403103,0.88683999
HMC,6,2758,1.01018977,1.59838593
HMC,6,2775,-0.43878102,-0.05774525
HMC,6,2792,-0.55562001,-0.73085344
HMC,6,2808,-0.13055544,0.17571956
HMC,6,2825,-0.61522710,-0.67458504
HMC,6,2842,-0.72180504,-1.11410403
HMC,6,2858,-0.79257590,-1.18578970
HMC,6,2875,-0.60161978,-0.70590311
HMC,6,2892,-0.56697994,-0.31384528
HMC,6,2909,-0.69397032,-1.04149127
HMC,6,2925,-0.67740494,-0.97147948
HMC,6,2942,-0.78717524,-1.27161241
HMC,6,2959,-0.73194885,-1.09343588
HMC,6,2975,-0.61698103,-0.73027939
HMC,6,2992,-0.82290095,-1.29677904
HMC,6,3009,-0.47315854,-0.07404362
HMC,6,3026,0.14245756,-0.01925669
HMC,6,3042,-0.09925455,0.30897433
HMC,6,3059,-0.38687655,0.05368641
HMC,6,3076,0.16695577,0.26050934
HMC,6,3093,-0.10375626,0.18819587
HMC,6,3109,0.59681892,0.52574807
HMC,6,3126,0.55900389,1.01328754
HMC,6,3143,0.60822701,1.01076555
HMC,6,3159,0.29058146,0.65240729
HMC,6,3176,0.80897343,1.42604518
HMC,6,3193,-0.05543792,0.26400563
HMC,6,3210,0.49076533,0.84202087
HMC,6,3226,0.81399465,1.46160388
HMC,6,3243,0.55737430,0.91995835
HMC,6,3260,-0.79577911,0.56993586
HMC,6,3276,0.30458614,0.23924004
HMC,6,3293,0.07936145,0.14160526
HMC,6,3310,-0.53002876,-0.23220046
HMC,6,3327,-0.91659325,-1.54945779
HMC,6,3343,-0.93746549,-1.57103324
HMC,6,3360,-0.68815339,-1.05276799
HMC,6,3377,-0.66355562,-0.86869329
HMC,6,3393,0.27148610,0.30014893
HMC,6,3410,-0.49993134,0.35518199
HMC,6,3427,-0.34883094,0.28374732
HMC,6,3444,-0.22847828,0.22324453
HMC,6,3460,0.71940488,1.15740716
HMC,6,3477,0.09145746,0.26780245
HMC,6,3494,-0.23512766,0.18862000
HMC,6,3511,-0.38275555,0.36957601
HMC,6,3527,-0.24977119,-0.23812947
HMC,6,3544,-0.50471044,0.33609560
HMC,6,3561,-0.35695773,0.16202919
HMC,6,3577,0.42134681,0.26520512
HMC,6,3594,0.05808806,0.17638861
HMC,6,3611,0.01267693,0.46428543
HMC,6,3628,-0.43772930,0.46727046
HMC,6,3644,0.59504491,1.01076257
HMC,6,3661,0.74943453,1.28490651
HMC,6,3678,-0.93560332,0.57886195
HMC,6,3694,-0.10280804,0.33550707
HMC,6,3711,-0.02989208,0.11490911
HMC,6,3728,0.17404102,0.10035880
HMC,6,3745,-0.09316975,0.44098687
HMC,6,3761,-0.37240815,0.36385876
HMC,6,3778,1.10647607,1.81661367
HMC,6,3795,1.81028748,2.39810824
HMC,6,3811,1.66308546,2.22169924
HMC,6,3828,1.45081449,1.99220932
HMC,6,3845,1.99331617,2.57913780
HMC,6,3862,2.22387314,2.88991547
HMC,6,3878,1.45245028,2.12232065
HMC,6,3895,1.86208689,2.38602877
HMC,6,3912,1.27159858,1.98459637
HMC,6,3928,1.85559332,2.18279552
HMC,6,3945,0.88531542,1.46547616
HMC,6,3962,0.23163037,0.59533423
HMC,6,3979,-0.52690482,-0.05745989
HMC,6,3995,-0.54017347,-0.46339020
HMC,6,4012,-0.29392436,0.37118214
HMC,6,4029,0.30974147,0.19448891
HMC,6,4046,-0.14941825,0.44774395
HMC,6,4062,0.18023816,-0.05017687
HMC,6,4079,-0.09601049,0.14463857
HMC,6,4096,0.08081216,0.36162764
HMC,6,4112,0.74942857,1.25267851
HMC,6,4129,0.69437945,1.22728169
HMC,6,4146,1.06160128,1.65372205
HMC,6,4163,1.14682770,1.92134356
HMC,6,4179,1.10848939,1.77089953
HMC,6,4196,0.48970920,0.67314720
HMC,6,4213,0.33899647,-0.10227154
HMC,6,4229,0.21757260,0.36952451
HMC,6,4246,0.87270796,1.49036944
HMC,6,4263,0.58491051,1.06734574
HMC,6,4280,0.28268930,0.28682959
HMC,6,4296,-0.69935131,0.57458609
HMC,6,4313,0.32435644,0.03309137
HMC,6,4330,0.06293591,0.13922209
HMC,6,4346,-0.45925513,0.46558186
HMC,6,4363,0.31270275,0.56745088
HMC,6,4380,0.27295333,0.15263855
HMC,6,4397,-0.06762977,0.42371836
HMC,6,4413,0.21626201,0.36907831
HMC,6,4430,0.43046838,0.11096136
HMC,6,4447,-0.40848085,0.36641541
HMC,6,4463,-0.03695524,0.33450651
HMC,6,4480,0.51720518,0.95288056
HMC,6,4497,0.54480946,0.92946631
HMC,6,4514,0.34159696,0.67496252
HMC,6,4530,0.71285075,1.32228041
HMC,6,4547,0.97744852,1.58112168
HMC,6,4564,2.00306606,2.51821709
HMC,6,4581,1.07895172,1.63106871
HMC,6,4597,0.66311061,1.04981709
HMC,6,4614,0.30859742,0.14561953
HMC,6,4631,-0.26355326,0.30509910
HMC,6,4647,0.72532642,1.25084138
HMC,6,4664,0.24746646,0.52877879
HMC,6,4681,0.29317629,-0.11418791
HMC,6,4698,-0.24034962,0.17688650
HMC,6,4714,0.05062143,0.38322803
HMC,6,4731,-0.73894602,0.60275167
HMC,6,4748,0.44149864,0.19275035
HMC,6,4764,0.58934385,1.11331844
HMC,6,4781,1.45685637,2.06623507
HMC,6,4798,1.49448633,1.90813017
HMC,6,4815,1.75007844,2.51677132
HMC,6,4831,0.26729664,0.54717916
HMC,6,4848,0.49617642,0.69153905
HMC,6,4865,-0.13779628,0.44646224
HMC,6,4881,0.81175721,1.37637603
HMC,6,4898,-0.00639808,0.19353068
HMC,6,4915,0.43086106,0.89948952
HMC,6,4932,0.38546556,0.79902661
HMC,6,4948,0.27258676,0.24727991
HMC,6,4965,0.27870110,0.62669963
HMC,6,4982,0.12308272,0.40425184
HMC,6,4999,0.65878886,0.86580271
HMC,7,0,-0.32470998,0.31485289
HMC,7,16,0.44749030,0.42402536
HMC,7,33,-0.12322361,0.18853453
HMC,7,50,0.30222607,0.40522799
HMC,7,66,0.19328116,0.34800237
HMC,7,83,0.41955629,0.53757465
HMC,7,100,-0.62133646,0.50806481
HMC,7,117,0.19645461,0.20103225
HMC,7,133,-0.35459903,0.54227811
HMC,7,150,0.06500944,0.40221635
HMC,7,167,0.43968755,0.82331967
HMC,7,183,0.64269835,1.10327816
HMC,7,200,0.27074599,0.62891197
HMC,7,217,0.27210423,0.40535250
HMC,7,234,-0.13010362,0.47364268
HMC,7,250,-0.37373188,0.51960683
HMC,7,267,0.15526496,0.34009418
HMC,7,284,-0.03680152,0.25511780
HMC,7,300,-0.22553280,0.49890515
HMC,7,317,-0.11441779,0.31542706
HMC,7,334,-0.03151375,0.23479611
HMC,7,351,0.00935434,0.38346887
HMC,7,367,0.19838589,0.51310408
HMC,7,384,-0.07770192,-0.00372282
HMC,7,401,-0.25556287,0.45865601
HMC,7,417,-0.51822722,0.32641482
HMC,7,434,0.41970158,0.72857493
HMC,7,451,0.69385612,1.18560743
HMC,7,468,1.10244429,1.65012920
HMC,7,484,0.39427096,0.69334590
HMC,7,501,1.00332868,1.59805536
HMC,7,518,0.90052712,1.50637674
HMC,7,535,0.47427860,0.92762595
HMC,7,551,0.55435520,0.94105703
HMC,7,568,0.25469843,0.58106238
HMC,7,585,-0.38880917,0.30129066
HMC,7,601,0.26856598,0.34171134
HMC,7,618,0.09255354,0.32001439
HMC,7,635,-0.10130357,0.13367452
HMC,7,652,-0.24308684,0.15429500
HMC,7,668,0.38866782,0.10407536
HMC,7,685,0.65802908,0.51816303
HMC,7,702,0.36431015,0.57042766
HMC,7,718,0.40045136,0.79222947
HMC,7,735,1.15764475,1.62531173
HMC,7,752,0.82773745,1.40002823
HMC,7,769,0.39874682,0.86799157
HMC,7,785,0.39043155,0.70821238
HMC,7,802,0.21979003,0.19575959
HMC,7,819,-0.16742887,0.28570831
HMC,7,835,0.54889929,0.69691432
HMC,7,852,0.40268981,0.74902886
HMC,7,869,0.16730307,0.56338561
HMC,7,886,0.20343120,-0.10827282
HMC,7,902,-0.38201228,0.45446670
HMC,7,919,0.06777456,0.29549840
HMC,7,936,0.29286152,0.39694706
HMC,7,952,-0.06945385,0.23796038
HMC,7,969,-0.33814177,0.14810404
HMC,7,986,0.23883384,0.17602296
HMC,7,1003,0.04947469,0.34760544
HMC,7,1019,-0.49165779,-0.51826751
HMC,7,1036,-0.55519062,-0.48547280
HMC,7,1053,-0.53490227,-0.66265363
HMC,7,1070,-0.60109687,-0.55501539
HMC,7,1086,-0.64069647,-0.79451329
HMC,7,1103,-0.09279847,0.36944023
HMC,7,1120,-0.29267043,0.20801242
HMC,7,1136,-0.28442028,0.47497028
HMC,7,1153,-0.48684520,-0.29809093
HMC,7,1170,-0.28818992,0.09580415
HMC,7,1187,0.30011120,-0.10464500
HMC,7,1203,0.22992559,0.25544599
HMC,7,1220,-0.12401345,0.37658203
HMC,7,1237,0.00213990,-0.00840156
HMC,7,1253,0.66813046,1.19092643
HMC,7,1270,-0.57073051,-0.40482628
HMC,7,1287,-0.39535981,0.37543541
HMC,7,1304,-0.42552131,0.00379186
HMC,7,1320,-0.42322424,-0.34506312
HMC,7,1337,-0.65917039,-0.87497032
HMC,7,1354,-0.16395748,0.01737552
HMC,7,1370,0.06029024,0.38017049
HMC,7,1387,-0.06014027,0.24265158
HMC,7,1404,0.57765323,1.06186771
HMC,7,1421,0.34594589,0.56387109
HMC,7,1437,-0.27257919,0.48289555
HMC,7,1454,-0.06016705,0.01788061
HMC,7,1471,0.37225062,-0.03016489
HMC,7,1487,-0.01325481,0.28507975
HMC,7,1504,-0.34344971,-0.04107262
HMC,7,1521,-0.02761428,0.15927093
HMC,7,1538,0.43808869,0.72893775
HMC,7,1554,0.01353845,0.19262886
HMC,7,1571,-0.37504622,0.40423274
HMC,7,1588,0.10617591,0.43624380
HMC,7,1605,-0.33923230,0.31775936
HMC,7,1621,-0.10644169,0.46177527
HMC,7,1638,-0.08581062,0.22455329
HMC,7,1655,0.34112999,0.40202489
HMC,7,1671,0.20439032,0.11012673
HMC,7,1688,0.06327488,0.26779196
HMC,7,1705,0.15456223,0.41173398
HMC,7,1722,-0.38401955,0.41485855
HMC,7,1738,-0.12527426,0.33410257
HMC,7,1755,-0.56044233,-0.51201957
HMC,7,1772,-0.16879989,0.20833737
HMC,7,1788,0.54981613,0.77350348
HMC,7,1805,0.24052912,-0.01970773
HMC,7,1822,0.22742966,0.10066953
HMC,7,1839,0.01664340,0.44470605
HMC,7,1855,-0.48222873,-0.54704756
HMC,7,1872,-0.60600793,-0.61769587
HMC,7,1889,-0.56645203,-0.69334400
HMC,7,1905,-0.79342031,-1.33643007
HMC,7,1922,-0.49063793,-0.48747545
HMC,7,1939,0.28073832,0.47255293
HMC,7,1956,0.76331729,1.33681357
HMC,7,1972,0.16800773,0.12742724
HMC,7,1989,-0.33973220,0.35717699
HMC,7,2006,-0.14981230,0.34921131
HMC,7,2023,0.20396371,0.23095174
HMC,7,2039,0.56878483,0.95930743
HMC,7,2056,0.09805279,-0.05084322
HMC,7,2073,-0.02775461,0.54042488
HMC,7,2089,-0.17704765,0.46648574
HMC,7,2106,-0.14083044,0.31468233
HMC,7,2123,-0.42610782,0.32083622
HMC,7,2140,-0.36670247,0.47941899
HMC,7,2156,-0.62017477,0.36920026
HMC,7,2173,-0.39018524,0.47235677
HMC,7,2190,0.29944080,0.64902890
HMC,7,2206,0.21378148,0.50671422
HMC,7,2223,0.29660863,0.25322822
HMC,7,2240,0.18561815,0.40253764
HMC,7,2257,0.51783067,0.85266781
HMC,7,2273,-0.18487234,0.28870249
HMC,7,2290,-0.34244484,0.46460897
HMC,7,2307,-0.10798841,-0.04937230
HMC,7,2323,-0.16256316,0.02060923
HMC,7,2340,0.53585100,1.03704810
HMC,7,2357,0.30973145,0.55741656
HMC,7,2374,0.55767769,1.13858497
HMC,7,2390,0.73571604,1.27770627
HMC,7,2407,0.94981921,1.50451624
HMC,7,2424,0.79115713,1.29678237
HMC,7,2440,0.31941453,0.52136356
HMC,7,2457,0.49294370,0.73672950
HMC,7,2474,0.53430587,1.11454511
HMC,7,2491,0.08226071,0.36570570
HMC,7,2507,-0.16792876,0.35945609
HMC,7,2524,-0.30620247,0.18297836
HMC,7,2541,0.09143556,0.36808079
HMC,7,2558,-0.61903530,-0.72395450
HMC,7,2574,0.27805874,0.44956529
HMC,7,2591,0.39681154,0.49091962
HMC,7,2608,0.04983652,0.29618835
HMC,7,2624,0.15448017,0.15958792
HMC,7,2641,0.50653762,0.75379109
HMC,7,2658,0.41969654,0.77237153
HMC,7,2675,0.51273942,0.86471385
HMC,7,2691,-0.05924299,0.24597690
HMC,7,2708,0.15326686,0.24254993
HMC,7,2725,0.69735777,1.19629467
HMC,7,2741,0.43860811,0.85595512
HMC,7,2758,1.16130376,1.82150042
HMC,7,2775,0.55815417,1.12294507
HMC,7,2792,0.76466429,1.19008732
HMC,7,2808,0.95416325,1.46480894
HMC,7,2825,0.74601644,1.16659856
HMC,7,2842,0.65136987,1.09130752
HMC,7,2858,-0.00294030,0.37052858
HMC,7,2875,-0.54952288,0.37627155
HMC,7,2892,-0.26595408,0.10251392
HMC,7,2909,0.20437367,0.56007463
HMC,7,2925,0.21663216,0.45299402
HMC,7,2942,-0.41656774,0.51131338
HMC,7,2959,-0.62621212,-0.76855361
HMC,7,2975,-0.79075617,-1.25473940
HMC,7,2992,-0.60041571,-0.71024895
HMC,7,3009,-0.79742169,-1.15187359
HMC,7,3026,-0.66412836,-1.01348758
HMC,7,3042,-0.53201932,-0.46001619
HMC,7,3059,-0.73766112,-1.14549053
HMC,7,3076,-0.56678647,-0.58491683
HMC,7,3093,-0.02856044,0.33236453
HMC,7,3109,0.42605790,0.88174206
HMC,7,3126,0.04130193,0.29871494
HMC,7,3143,-0.41933033,0.22832571
HMC,7,3159,-0.37240002,0.39563257
HMC,7,3176,-0.59693938,-0.75974798
HMC,7,3193,-0.76607698,-1.19951487
HMC,7,3210,-1.01548588,-1.66914093
HMC,7,3226,-0.88041443,-1.45233011
HMC,7,3243,-0.80666393,-1.20919275
HMC,7,3260,-1.16363227,-2.10200810
HMC,7,3276,-1.20358312,-2.15714550
HMC,7,3293,-0.95072007,-1.62625825
HMC,7,3310,-1.20349216,-2.14435768
HMC,7,3327,-0.88666445,-1.46144772
HMC,7,3343,-0.60182291,-0.66538912
HMC,7,3360,-0.04845949,0.04325177
HMC,7,3377,0.54955560,0.92336196
HMC,7,3393,0.38517895,0.75351858
HMC,7,3410,1.04266727,1.65757287
HMC,7,3427,0.38461268,0.73905081
HMC,7,3444,0.58569878,0.95128387
HMC,7,3460,0.65300655,1.08528376
HMC,7,3477,-0.53599882,0.27692953
HMC,7,3494,0.35229006,0.30028874
HMC,7,3511,0.36781096,0.63195246
HMC,7,3527,-0.57050878,0.57371348
HMC,7,3544,0.13522956,0.57243639
HMC,7,3561,-0.03784190,0.38782397
HMC,7,3577,0.52560198,1.04466772
HMC,7,3594,-0.62771934,-0.63108653
HMC,7,3611,-0.47149032,-0.29008994
HMC,7,3628,0.00193555,0.03608981
HMC,7,3644,0.18640535,0.32529759
HMC,7,3661,0.08975090,0.21579662
HMC,7,3678,0.39804620,0.39756340
HMC,7,3694,0.29540718,-0.07445586
HMC,7,3711,0.08397840,0.31659436
HMC,7,3728,-0.20445751,0.23170957
HMC,7,3745,0.23419748,0.17273131
HMC,7,3761,-0.19676201,0.12108431
HMC,7,3778,-0.01544639,0.22538972
HMC,7,3795,0.33636624,0.50736982
HMC,7,3811,0.05370517,0.23566963
HMC,7,3828,-0.61012739,-0.72842920
HMC,7,3845,-0.64871949,-0.91182834
HMC,7,3862,-0.95899552,-1.57834995
HMC,7,3878,-0.83337271,-1.29981768
HMC,7,3895,-0.51115006,-0.51913428
HMC,7,3912,-0.37734091,0.19261730
HMC,7,3928,0.11109831,-0.03962141
HMC,7,3945,-0.02084936,0.23683268
HMC,7,3962,-0.45314327,0.48283619
HMC,7,3979,-0.08808508,0.43456942
HMC,7,3995,-0.66350955,0.42072767
HMC,7,4012,-0.59638840,0.49511054
HMC,7,4029,0.12225225,0.48520431
HMC,7,4046,0.30826315,0.18936194
HMC,7,4062,0.53769004,0.98826116
HMC,7,4079,0.90371668,1.41267443
HMC,7,4096,0.31657967,0.58273375
HMC,7,4112,-0.16322513,0.39249867
HMC,7,4129,0.14669397,0.24325499
HMC,7,4146,0.47931966,0.86976504
HMC,7,4163,0.84913105,1.45363069
HMC,7,4179,0.81962401,1.42746985
HMC,7,4196,0.34223124,0.40303391
HMC,7,4213,0.08356324,0.25192270
HMC,7,4229,-0.36972272,0.04267180
HMC,7,4246,-0.02120682,0.15272467
HMC,7,4263,-0.22484586,0.34895366
HMC,7,4280,-0.07073833,0.35172328
HMC,7,4296,-0.11281744,0.41320726
HMC,7,4313,-0.41753045,0.15802559
HMC,7,4330,-0.52571017,0.36614335
HMC,7,4346,-0.24301440,0.40292430
HMC,7,4363,0.63199216,1.03855669
HMC,7,4380,0.21817861,0.30595288
HMC,7,4397,0.63464922,1.04309320
HMC,7,4413,0.19066770,0.24504137
HMC,7,4430,0.15906239,0.44871217
HMC,7,4447,-0.14952897,0.46491429
HMC,7,4463,-0.64170992,0.34366158
HMC,7,4480,0.91566479,1.49187982
HMC,7,4497,0.62652063,1.12560678
HMC,7,4514,0.90341181,1.51255143
HMC,7,4530,1.41370368,2.25608635
HMC,7,4547,1.85370052,2.37316918
HMC,7,4564,1.84323525,2.41746235
HMC,7,4581,1.99022412,2.59450841
HMC,7,4597,1.55462658,2.21395183
HMC,7,4614,0.54859495,0.91102302
HMC,7,4631,0.70715749,1.16260004
HMC,7,4647,0.30593264,0.34190482
HMC,7,4664,-0.55299723,-0.43015239
HMC,7,4681,-0.49623114,-0.36488953
HMC,7,4698,-0.07963692,0.42738104
HMC,7,4714,0.22605389,0.22964023
HMC,7,4731,0.80762178,1.26868391
HMC,7,4748,0.62137455,1.08969533
HMC,7,4764,0.59626013,1.09258616
HMC,7,4781,0.01957426,0.37934107
HMC,7,4798,0.77720439,1.22197139
HMC,7,4815,0.57235545,1.03465748
HMC,7,4831,0.35209653,0.55699021
HMC,7,4848,0.62196457,1.13304341
HMC,7,4865,0.87812740,1.45444703
HMC,7,4881,0.60716641,1.10884452
HMC,7,4898,1.33769131,1.84168386
HMC,7,4915,1.07913554,1.78350210
HMC,7,4932,0.44210809,0.86183554
HMC,7,4948,0.13015099,0.39769071
HMC,7,4965,-0.25777760,0.40023094
HMC,7,4982,0.26470700,0.05413171
HMC,7,4999,0.04834219,0.23370631
HMC,8,0,0.35305849,0.10447177
HMC,8,16,-0.12692839,0.43420860
HMC,8,33,-0.37091208,0.37625957
HMC,8,50,-0.41895610,0.43151307
HMC,8,66,-0.58290255,-0.74193090
HMC,8,83,-0.45295590,-0.27910718
HMC,8,100,0.45540124,-0.02589374
HMC,8,117,-0.12294462,0.38998562
HMC,8,133,0.48854014,0.72870857
HMC,8,150,-0.02824896,0.29538485
HMC,8,167,-0.40950909,0.00428331
HMC,8,183,-0.65452087,-0.84118074
HMC,8,200,-0.29650068,0.21938951
HMC,8,217,-0.33696795,0.46244994
HMC,8,234,-0.10564530,0.38053700
HMC,8,250,0.00744659,0.32239705
HMC,8,267,1.06743038,1.75714719
HMC,8,284,0.44069088,0.63396561
HMC,8,300,-0.42274299,0.30009258
HMC,8,317,-0.29476899,0.51040274
HMC,8,334,-0.12321067,0.23751205
HMC,8,351,0.39497125,0.44260734
HMC,8,367,0.15797751,0.54132313
HMC,8,384,-0.54711378,-0.47339758
HMC,8,401,-0.22142422,0.08468410
HMC,8,417,0.19019212,0.21159050
HMC,8,434,0.52418029,0.86747932
HMC,8,451,0.69071692,1.09072256
HMC,8,468,0.52780282,0.87794882
HMC,8,484,0.27105403,0.58169729
HMC,8,501,0.20707458,0.13060667
HMC,8,518,-0.20150244,0.53049219
HMC,8,535,0.21385488,0.27340996
HMC,8,551,-0.30188677,0.11530404
HMC,8,568,0.41535032,0.02917206
HMC,8,585,0.34025145,0.21610855
HMC,8,601,0.38125160,0.67122239
HMC,8,618,0.68004388,0.87527692
HMC,8,635,0.41165760,0.49376917
HMC,8,652,0.40188646,-0.07898355
HMC,8,668,0.26378155,0.26821759
HMC,8,685,0.63201910,1.02282023
HMC,8,702,0.61837804,1.17209947
HMC,8,718,0.52198225,0.92487544
HMC,8,735,0.65760297,1.26327145
HMC,8,752,1.07013345,1.74551046
HMC,8,769,1.01528883,1.62143576
HMC,8,785,0.67365712,1.17942357
HMC,8,802,0.22795895,0.46523613
HMC,8,819,-0.19478811,0.43618530
HMC,8,835,-0.25920856,0.45916477
HMC,8,852,0.05759075,0.19524673
HMC,8,869,0.28409207,0.50552386
HMC,8,886,0.55546379,1.01516473
HMC,8,902,1.40832460,2.02269959
HMC,8,919,1.59119451,2.34055758
HMC,8,936,0.47419092,0.66354740
HMC,8,952,0.31131166,0.57361996
HMC,8,969,-0.28861690,0.30261829
HMC,8,986,-0.38046068,0.51807868
HMC,8,1003,-0.48336408,0.14573538
HMC,8,1019,0.05721935,0.28217694
HMC,8,1036,0.35101572,0.40766045
HMC,8,1053,0.10390359,0.46348029
HMC,8,1070,0.24561696,0.48008430
HMC,8,1086,0.96553302,1.59543657
HMC,8,1103,0.52543765,0.89437145
HMC,8,1120,-0.51057786,0.01128093
HMC,8,1136,0.04270573,0.13299163
HMC,8,1153,0.07102324,0.24851102
HMC,8,1170,0.42214817,0.75632471
HMC,8,1187,-0.03199514,0.23543628
HMC,8,1203,-0.38415396,-0.08979353
HMC,8,1220,-0.32083285,-0.00104141
HMC,8,1237,0.48137590,0.02569902
HMC,8,1253,0.30228439,0.00865949
HMC,8,1270,-0.19932951,0.35123205
HMC,8,1287,0.04393136,0.22615163
HMC,8,1304,-0.27671039,0.42146632
HMC,8,1320,0.19292362,0.25172561
HMC,8,1337,0.25999814,0.51891983
HMC,8,1354,-0.27180749,0.36073402
HMC,8,1370,-0.41236570,-0.13072419
HMC,8,1387,0.24480189,0.39839578
HMC,8,1404,0.45270523,0.85406089
HMC,8,1421,0.13873541,0.15293095
HMC,8,1437,-0.17371856,0.47189665
HMC,8,1454,0.92989671,1.53557408
HMC,8,1471,0.44203195,0.69031119
HMC,8,1487,0.64873987,1.07637715
HMC,8,1504,0.69892299,1.25026238
HMC,8,1521,0.86484611,1.48881340
HMC,8,1538,0.60511339,1.09707487
HMC,8,1554,1.23004472,1.89191771
HMC,8,1571,1.28656459,1.89634800
HMC,8,1588,0.56455243,0.96697611
HMC,8,1605,-0.24255668,0.23213035
HMC,8,1621,-0.26456437,0.48559946
HMC,8,1638,-0.56936646,-0.75061333
HMC,8,1655,-1.05571222,-1.81117880
HMC,8,1671,-0.31253466,-0.04984413
HMC,8,1688,0.04509089,0.17849311
HMC,8,1705,0.48284337,0.14600000
HMC,8,1722,-0.07892860,0.33595911
HMC,8,1738,0.17703995,0.01520673
HMC,8,1755,0.80108494,1.31872427
HMC,8,1772,0.59796643,1.07820499
HMC,8,1788,-0.17963405,0.27741584
HMC,8,1805,0.24308881,-0.04791540
HMC,8,1822,-0.60193241,-0.70959926
HMC,8,1839,-0.77926403,0.55124086
HMC,8,1855,-0.08083666,0.40424702
HMC,8,1872,0.41263336,0.44595194
HMC,8,1889,0.45082372,-0.07393018
HMC,8,1905,-0.18497965,0.56191105
HMC,8,1922,0.21331576,0.03085853
HMC,8,1939,-0.20308176,0.28926632
HMC,8,1956,-0.57571244,0.51983523
HMC,8,1972,-0.44489998,0.38845381
HMC,8,1989,-0.61468613,0.44059226
HMC,8,2006,-0.03450843,0.49329558
HMC,8,2023,0.47580665,0.30799174
HMC,8,2039,0.19625652,0.12941204
HMC,8,2056,-0.16833758,0.38738993
HMC,8,2073,0.42245272,0.79139119
HMC,8,2089,0.42713487,0.78137720
HMC,8,2106,0.41904154,0.69078004
HMC,8,2123,0.53978568,0.61613017
HMC,8,2140,-0.04559506,0.47828180
HMC,8,2156,-0.63563788,-0.76409644
HMC,8,2173,-0.59161747,-0.75268871
HMC,8,2190,-0.65990543,-0.84235466
HMC,8,2206,-0.60420483,-0.78599668
HMC,8,2223,-0.40350568,0.02973756
HMC,8,2240,-0.12360039,0.30064189
HMC,8,2257,-0.20048071,0.35731974
HMC,8,2273,0.04914327,0.61282772
HMC,8,2290,0.30901995,0.34873071
HMC,8,2307,-0.40407684,-0.08496621
HMC,8,2323,-0.57433176,-0.00684812
HMC,8,2340,-0.50360340,-0.30136225
HMC,8,2357,-0.45414108,0.33179006
HMC,8,2374,0.42020297,0.13087270
HMC,8,2390,-0.26799625,0.46139389
HMC,8,2407,0.21926063,-0.05333532
HMC,8,2424,0.00432332,0.38335150
HMC,8,2440,0.07019628,0.15279742
HMC,8,2457,-0.48168966,0.54963160
HMC,8,2474,-0.52076101,0.41347966
HMC,8,2491,-0.24399126,0.47157112
HMC,8,2507,-0.12003087,0.39416924
HMC,8,2524,0.28935197,0.17993024
HMC,8,2541,0.29900140,0.49230886
HMC,8,2558,0.52916253,0.99708110
HMC,8,2574,0.47167107,0.80703020
HMC,8,2591,0.49668732,0.97042793
HMC,8,2608,0.23962651,0.32956320
HMC,8,2624,0.29839185,0.43433928
HMC,8,2641,0.36423501,0.63225251
HMC,8,2658,-0.02429684,0.33275357
HMC,8,2675,-0.33642727,0.39326698
HMC,8,2691,-0.30118302,0.31722695
HMC,8,2708,0.32245758,0.01537502
HMC,8,2725,-0.10698202,0.35829449
HMC,8,2741,0.76302814,1.29953408
HMC,8,2758,0.74371284,1.12110257
HMC,8,2775,0.50222188,0.84133530
HMC,8,2792,0.22731173,0.35138106
HMC,8,2808,-0.38430545,-0.07676311
HMC,8,2825,-0.27872238,0.04771633
HMC,8,2842,-0.32953361,0.03884070
HMC,8,2858,-0.41103455,0.05365179
HMC,8,2875,0.32918289,0.59604055
HMC,8,2892,0.37573299,0.72346556
HMC,8,2909,-0.45656800,0.28070408
HMC,8,2925,0.02046498,0.31719074
HMC,8,2942,1.08632004,1.65403843
HMC,8,2959,0.66528749,1.13569546
HMC,8,2975,0.67693573,1.21005833
HMC,8,2992,0.63509667,1.13096070
HMC,8,3009,0.40484911,-0.12360669
HMC,8,3026,0.86139119,1.33835638
HMC,8,3042,0.26150560,0.49958467
HMC,8,3059,-0.42566463,0.12597424
HMC,8,3076,0.34238347,0.45692095
HMC,8,3093,-0.00471763,0.24285714
HMC,8,3109,-0.14809689,0.22795971
HMC,8,3126,0.15560387,0.20647308
HMC,8,3143,0.27439335,0.07471506
HMC,8,3159,0.05633214,0.02571506
HMC,8,3176,0.22976491,0.11061122
HMC,8,3193,0.06899469,0.16674106
HMC,8,3210,0.38456994,0.60164523
HMC,8,3226,0.57240605,1.00151312
HMC,8,3243,0.27036923,0.63645673
HMC,8,3260,0.57399464,1.06628728
HMC,8,3276,0.62491179,1.02792704
HMC,8,3293,0.43232501,0.84368843
HMC,8,3310,0.64813709,1.13978064
HMC,8,3327,0.93131351,1.49162769
HMC,8,3343,0.62904304,1.26166058
HMC,8,3360,0.40221429,0.47925717
HMC,8,3377,0.20345415,0.23468027
HMC,8,3393,-0.26155236,0.47074550
HMC,8,3410,0.10366812,0.35014647
HMC,8,3427,0.17162736,0.31648123
HMC,8,3444,0.53074467,0.88100410
HMC,8,3460,0.45776194,0.71106136
HMC,8,3477,0.11627460,0.40938470
HMC,8,3494,-0.17528060,0.20385782
HMC,8,3511,-0.62377471,0.39809996
HMC,8,3527,-0.18239604,0.32580602
HMC,8,3544,0.61141801,1.11559367
HMC,8,3561,0.43106374,0.56288046
HMC,8,3577,0.14857177,0.45651445
HMC,8,3594,-0.19970423,0.40262938
HMC,8,3611,0.40305260,0.83986813
HMC,8,3628,0.36941060,0.46123981
HMC,8,3644,-0.18367924,0.47222635
HMC,8,3661,-0.44161397,0.43233669
HMC,8,3678,-0.28611454,0.31905213
HMC,8,3694,-0.46887624,-0.18658549
HMC,8,3711,-0.84058291,-1.39748216
HMC,8,3728,-0.44834161,0.00547489
HMC,8,3745,-0.27432320,0.32933882
HMC,8,3761,0.57995725,0.94061387
HMC,8,3778,0.86708587,1.50798595
HMC,8,3795,0.47965443,0.75848061
HMC,8,3811,0.49473125,0.74412054
HMC,8,3828,-0.40605772,0.33560812
HMC,8,3845,-0.13750140,0.24206024
HMC,8,3862,0.47622731,0.56612921
HMC,8,3878,0.34903580,0.16034819
HMC,8,3895,0.14477043,0.01103126
HMC,8,3912,-0.17740236,0.29239601
HMC,8,3928,-0.46479082,0.49898824
HMC,8,3945,0.08970267,0.44152722
HMC,8,3962,-0.04755683,0.10712861
HMC,8,3979,0.25445908,0.55621552
HMC,8,3995,0.25972232,0.36139113
HMC,8,4012,0.57731098,1.00853050
HMC,8,4029,0.44698715,0.85713124
HMC,8,4046,0.14468937,-0.10849497
HMC,8,4062,0.26631811,0.55550498
HMC,8,4079,-0.33103132,0.22124514
HMC,8,4096,0.48392078,0.82072049
HMC,8,4112,0.49948540,0.78512132
HMC,8,4129,-0.05084783,0.19228652
HMC,8,4146,0.98920834,1.67126775
HMC,8,4163,0.62075967,1.19182420
HMC,8,4179,0.67588353,1.11755216
HMC,8,4196,0.62436020,1.11150301
HMC,8,4213,0.26138762,-0.03771373
HMC,8,4229,0.09750485,0.26385316
HMC,8,4246,0.33022937,0.57264787
HMC,8,4263,-0.40195951,0.38142428
HMC,8,4280,-0.13763645,0.30893734
HMC,8,4296,0.85194594,1.37721062
HMC,8,4313,0.41447258,0.49575898
HMC,8,4330,-0.11176619,0.35443351
HMC,8,4346,0.41316688,0.20206086
HMC,8,4363,0.35762993,0.67527556
HMC,8,4380,0.11395208,0.43672955
HMC,8,4397,0.16548237,0.02659617
HMC,8,4413,-0.15183343,0.24968615
HMC,8,4430,-0.29021490,0.40105766
HMC,8,4447,0.37326071,0.34120721
HMC,8,4463,-0.16526534,0.45940980
HMC,8,4480,-0.42622033,-0.06460612
HMC,8,4497,0.14821804,0.33634010
HMC,8,4514,0.19109792,0.34221649
HMC,8,4530,0.09166790,0.34783468
HMC,8,4547,0.32078680,0.51334286
HMC,8,4564,0.48655829,0.11276695
HMC,8,4581,-0.48908907,0.35999060
HMC,8,4597,0.19086148,0.51612884
HMC,8,4614,0.01340319,0.42299238
HMC,8,4631,-0.69128042,-1.01850164
HMC,8,4647,-0.53638273,-0.57488376
HMC,8,4664,-0.57448071,-0.82443208
HMC,8,4681,-0.49454904,0.07753235
HMC,8,4698,-0.47648793,0.45505092
HMC,8,4714,-0.67289740,-1.01968360
HMC,8,4731,-0.70204914,-0.84180707
HMC,8,4748,-0.87047786,-1.45493519
HMC,8,4764,-0.75215995,-1.06318498
HMC,8,4781,-0.79745406,-1.29131472
HMC,8,4798,-1.20692921,-2.12126756
HMC,8,4815,-1.08376241,-1.92685676
HMC,8,4831,-0.55054396,-0.74726677
HMC,8,4848,-0.09127258,0.23551203
HMC,8,4865,-0.15753058,0.51336801
HMC,8,4881,0.38718474,0.60676950
HMC,8,4898,0.63136256,1.07739961
HMC,8,4915,0.62327588,1.13543010
HMC,8,4932,0.61450964,1.16371620
HMC,8,4948,0.47696635,0.95741987
HMC,8,4965,0.05695925,0.21710286
HMC,8,4982,0.12323701,0.53526354
HMC,8,4999,-0.18483458,0.43999895
HMC,9,0,0.56096023,1.03626609
HMC,9,16,0.15452272,0.25887966
HMC,9,33,-0.10673171,0.38067263
HMC,9,50,-0.57673216,0.40914151
HMC,9,66,-0.10554631,0.02350743
HMC,9,83,-0.58064014,-0.65144777
HMC,9,100,-0.84771931,-1.30209780
HMC,9,117,-0.84977126,-1.41598022
HMC,9,133,-0.82766992,-1.30827010
HMC,9,150,-1.08916247,-1.97209895
HMC,9,167,-0.44399163,-0.11550882
HMC,9,183,-0.21445777,0.30973965
HMC,9,200,0.14800182,0.23195638
HMC,9,217,0.00792097,0.08306225
HMC,9,234,-0.30658618,0.26706496
HMC,9,250,-0.08229411,0.17943507
HMC,9,267,0.36898053,0.82001388
HMC,9,284,0.30984062,0.40142980
HMC,9,300,-0.09673578,0.12980224
HMC,9,317,-0.14049886,0.42619368
HMC,9,334,-0.10299753,0.11383680
HMC,9,351,0.03435396,0.23312271
HMC,9,367,0.57283622,0.72084087
HMC,9,384,0.79162639,1.32418287
HMC,9,401,1.13453567,1.70652521
HMC,9,417,0.94696617,1.65270805
HMC,9,434,0.80855697,1.38272667
HMC,9,451,0.89885896,1.59495306
HMC,9,468,0.62040049,1.11134076
HMC,9,484,0.77535850,1.41157544
HMC,9,501,0.77647150,1.38124049
HMC,9,518,0.43264922,0.47443768
HMC,9,535,-0.53802073,0.20043010
HMC,9,551,0.26472723,-0.01605959
HMC,9,568,0.52300924,0.75454080
HMC,9,585,0.89027739,1.46402395
HMC,9,601,0.78616095,1.39491284
HMC,9,618,0.31772825,0.63661021
HMC,9,635,0.09183632,0.40639147
HMC,9,652,0.06779271,0.12237284
HMC,9,668,-0.29082620,0.41829526
HMC,9,685,-0.23276229,0.27314448
HMC,9,702,-0.08603469,0.39124370
HMC,9,718,0.76761574,1.34086072
HMC,9,735,-0.04098645,0.53828973
HMC,9,752,-0.18840393,0.49983779
HMC,9,769,-0.24574009,0.10577224
HMC,9,785,0.38955837,0.68285477
HMC,9,802,0.01335205,0.13300787
HMC,9,819,0.42344776,0.81956351
HMC,9,835,-0.13113075,0.19515792
HMC,9,852,-0.14039393,0.53639704
HMC,9,869,-0.08990406,0.16749184
HMC,9,886,0.37257800,0.67311668
HMC,9,902,0.65014905,1.18805504
HMC,9,919,0.70409501,1.16015923
HMC,9,936,-0.18221739,0.20138048
HMC,9,952,-0.17048088,-0.02233122
HMC,9,969,-0.36535954,0.59246677
HMC,9,986,0.05553671,0.36023489
HMC,9,1003,0.25862446,0.35191199
HMC,9,1019,-0.27567592,0.51354128
HMC,9,1036,-0.43627816,0.42401221
HMC,9,1053,-0.19390017,0.02447759
HMC,9,1070,0.17002381,0.03874680
HMC,9,1086,0.21232186,0.28999391
HMC,9,1103,-0.42193979,0.02310854
HMC,9,1120,0.47614732,0.95568466
HMC,9,1136,0.54511166,0.92890817
HMC,9,1153,0.60937184,1.06346250
HMC,9,1170,0.53963894,1.04292572
HMC,9,1187,0.36513123,0.56843793
HMC,9,1203,-0.17541350,0.07918957
HMC,9,1220,-0.24180333,0.06013082
HMC,9,1237,-0.04523470,0.43607855
HMC,9,1253,0.24669079,0.31143257
HMC,9,1270,0.22270600,0.41479975
HMC,9,1287,-0.25781083,0.29545924
HMC,9,1304,0.02166617,0.26818615
HMC,9,1320,-0.21072790,0.43310311
HMC,9,1337,0.05412816,0.38531920
HMC,9,1354,0.38030761,0.66850466
HMC,9,1370,0.53799540,0.89654690
HMC,9,1387,1.22372174,1.79202247
HMC,9,1404,1.32272458,1.91647863
HMC,9,1421,0.64644790,1.06614316
HMC,9,1437,0.73892200,1.08939183
HMC,9,1454,-0.27008605,0.52889341
HMC,9,1471,-0.30780602,0.32820284
HMC,9,1487,-0.82402152,0.52021968
HMC,9,1504,-0.27816910,0.25215015
HMC,9,1521,-0.61510408,0.41950795
HMC,9,1538,-0.07370320,0.49533358
HMC,9,1554,0.21135335,0.01040486
HMC,9,1571,-0.60063070,-0.30406669
HMC,9,1588,-0.14482544,0.26001918
HMC,9,1605,0.09506554,0.40760997
HMC,9,1621,0.03539750,0.47378892
HMC,9,1638,0.31629843,0.50063676
HMC,9,1655,0.75099176,1.42971992
HMC,9,1671,0.58044225,0.96183705
HMC,9,1688,0.38753071,0.54697829
HMC,9,1705,0.65493184,1.00432539
HMC,9,1722,0.76220268,1.32829034
HMC,9,1738,1.14240301,1.75615704
HMC,9,1755,0.61089015,1.02645326
HMC,9,1772,1.04262352,1.69648147
HMC,9,1788,1.09589517,1.63393033
HMC,9,1805,0.31441295,0.60117579
HMC,9,1822,0.56041521,0.95418692
HMC,9,1839,-0.22712426,0.08141422
HMC,9,1855,-0.33020836,0.31869692
HMC,9,1872,0.17495835,0.46112758
HMC,9,1889,-0.09774075,0.28095081
HMC,9,1905,-0.14822577,0.07827860
HMC,9,1922,0.07305761,0.07630423
HMC,9,1939,-0.11214156,0.27506471
HMC,9,1956,0.43093351,0.63021284
HMC,9,1972,-0.00011789,0.14109148
HMC,9,1989,-0.35623887,0.47245178
HMC,9,2006,0.12885666,0.52495128
HMC,9,2023,0.21310040,0.03956437
HMC,9,2039,-0.29595101,0.41387522
HMC,9,2056,0.99164295,1.62371409
HMC,9,2073,-0.16819237,0.20056564
HMC,9,2089,0.01190837,0.38009399
HMC,9,2106,0.20031749,0.41229811
HMC,9,2123,0.12506482,0.20790808
HMC,9,2140,0.51296389,0.95932698
HMC,9,2156,1.42621398,2.06130505
HMC,9,2173,0.04733148,0.45027199
HMC,9,2190,-0.47663763,0.33068430
HMC,9,2206,0.35506487,0.10956457
HMC,9,2223,0.30260196,0.20210250
HMC,9,2240,0.33576310,0.38080794
HMC,9,2257,0.26785401,0.53443062
HMC,9,2273,0.90958869,1.51408136
HMC,9,2290,0.41495872,0.05617508
HMC,9,2307,0.74851513,1.25897920
HMC,9,2323,1.66838992,2.08035398
HMC,9,2340,1.34979737,1.73056293
HMC,9,2357,0.90290028,1.40580392
HMC,9,2374,0.89401072,1.46955323
HMC,9,2390,0.55547410,0.89270699
HMC,9,2407,-0.16624118,0.35700661
HMC,9,2424,-0.57730532,0.35937813
HMC,9,2440,-0.33841968,-0.34576428
HMC,9,2457,-0.40830776,-0.28349629
HMC,9,2474,-0.55373907,-0.60853821
HMC,9,2491,-0.65323889,-0.93677860
HMC,9,2507,-0.56277704,-0.60148180
HMC,9,2524,-0.49466577,0.29264352
HMC,9,2541,0.24800262,-0.04536366
HMC,9,2558,0.83601272,1.49297702
HMC,9,2574,0.57453954,0.93783283
HMC,9,2591,1.49091578,2.12578535
HMC,9,2608,1.21883988,1.78529334
HMC,9,2624,0.55374181,1.00112295
HMC,9,2641,0.67039359,1.25861752
HMC,9,2658,0.88141912,1.64333725
HMC,9,2675,-0.11776179,0.35897726
HMC,9,2691,0.17537488,0.42812505
HMC,9,2708,-0.29265347,0.29181263
HMC,9,2725,0.02515994,0.42133749
HMC,9,2741,-0.07979067,0.40017599
HMC,9,2758,0.23644803,0.01727389
HMC,9,2775,0.18123887,0.56606942
HMC,9,2792,-0.50935829,-0.46438450
HMC,9,2808,0.38695350,-0.15793751
HMC,9,2825,0.20461904,0.16984124
HMC,9,2842,0.08290999,0.22552493
HMC,9,2858,-0.02403026,0.51223350
HMC,9,2875,-0.33380798,-0.06080713
HMC,9,2892,-0.43461475,0.37522408
HMC,9,2909,-0.11673969,0.44263014
HMC,9,2925,0.13598596,0.52573830
HMC,9,2942,0.60410279,1.15990198
HMC,9,2959,0.09084838,0.41074839
HMC,9,2975,-0.63177103,0.57581288
HMC,9,2992,-0.39350298,0.40649658
HMC,9,3009,0.08016422,0.20685960
HMC,9,3026,-0.40639552,0.21820953
HMC,9,3042,0.22292404,0.10871985
HMC,9,3059,-0.09000139,0.27993000
HMC,9,3076,0.20797428,-0.03042642
HMC,9,3093,-0.04231564,0.26982939
HMC,9,3109,-0.11555348,0.11775993
HMC,9,3126,0.11348186,0.06938422
HMC,9,3143,0.37872508,0.56846893
HMC,9,3159,-0.47778067,0.30400035
HMC,9,3176,-0.54427463,0.51449364
HMC,9,3193,0.11017638,0.06345911
HMC,9,3210,0.01419892,0.24502274
HMC,9,3226,-0.47284904,0.29204431
HMC,9,3243,-0.51392543,0.48538664
HMC,9,3260,0.06906904,0.37510055
HMC,9,3276,0.89717776,1.43659556
HMC,9,3293,0.86653024,1.39614189
HMC,9,3310,0.79356331,1.43517935
HMC,9,3327,1.58012462,2.07593560
HMC,9,3343,1.22571409,1.93683314
HMC,9,3360,1.15185750,1.76359975
HMC,9,3377,0.15078145,0.31722915
HMC,9,3393,-0.41572508,-0.05633441
HMC,9,3410,-0.45991221,0.47784188
HMC,9,3427,-0.13974179,0.13208592
HMC,9,3444,0.78145230,1.36055577
HMC,9,3460,0.51088983,1.08181012
HMC,9,3477,0.91698915,1.47374868
HMC,9,3494,0.81843603,1.37244594
HMC,9,3511,0.62858027,1.05101204
HMC,9,3527,0.63958538,1.06802130
HMC,9,3544,0.22727884,0.04051101
HMC,9,3561,-0.12962656,0.26776797
HMC,9,3577,0.74125141,1.27811944
HMC,9,3594,0.57997710,0.94232988
HMC,9,3611,0.63714570,1.20723569
HMC,9,3628,1.45172977,2.13390756
HMC,9,3644,1.41584921,2.17575645
HMC,9,3661,1.12441146,1.75335252
HMC,9,3678,0.82795799,1.33997738
HMC,9,3694,0.90308094,1.28747606
HMC,9,3711,0.50584430,0.83581418
HMC,9,3728,0.12577072,0.57333744
HMC,9,3745,-0.44624099,0.20211098
HMC,9,3761,-0.42154717,0.42915735
HMC,9,3778,0.03864111,0.03352440
HMC,9,3795,-0.12579231,0.34724352
HMC,9,3811,-0.35314748,0.43742758
HMC,9,3828,0.18087621,0.18948185
HMC,9,3845,0.29398352,0.04160435
HMC,9,3862,-0.07949301,0.38439792
HMC,9,3878,-0.34233573,0.45592922
HMC,9,3895,0.20118538,0.38546067
HMC,9,3912,-0.28384134,0.33265498
HMC,9,3928,-0.30603316,0.03409284
HMC,9,3945,0.09828740,0.31758007
HMC,9,3962,0.11480383,0.35622630
HMC,9,3979,0.01203540,0.23956123
HMC,9,3995,-0.39617372,0.33370838
HMC,9,4012,0.10465822,0.44179368
HMC,9,4029,0.33440852,0.25827444
HMC,9,4046,0.18883894,0.42086998
HMC,9,4062,-0.50265223,0.40636370
HMC,9,4079,-0.22879952,0.33021018
HMC,9,4096,0.15714666,0.25588337
HMC,9,4112,0.48233694,0.72122383
HMC,9,4129,0.18443286,0.53112078
HMC,9,4146,0.26028562,0.41378391
HMC,9,4163,0.10957772,-0.00422281
HMC,9,4179,-0.50026786,-0.15956961
HMC,9,4196,-0.27398261,0.16614328
HMC,9,4213,-0.43180105,-0.07453564
HMC,9,4229,0.29065210,-0.15655413
HMC,9,4246,-0.23611814,0.13989323
HMC,9,4263,-0.28031778,0.22170250
HMC,9,4280,-0.64229155,-0.91638571
HMC,9,4296,-0.46101227,0.33936718
HMC,9,4313,-0.55030060,0.23676506
HMC,9,4330,-0.09883079,0.16320840
HMC,9,4346,0.66196936,1.19850039
HMC,9,4363,-0.24700767,0.40278327
HMC,9,4380,-0.27358741,-0.01262396
HMC,9,4397,-0.08477587,0.18890998
HMC,9,4413,0.44569752,0.51703817
HMC,9,4430,0.17913938,0.22110839
HMC,9,4447,0.74936903,1.38533854
HMC,9,4463,0.43663710,0.65195727
HMC,9,4480,0.22906306,0.52070713
HMC,9,4497,-0.13719651,0.32733968
HMC,9,4514,0.20149408,0.39886731
HMC,9,4530,-0.54954666,0.32849598
HMC,9,4547,-0.73420572,0.46201071
HMC,9,4564,-0.27042627,0.34389403
HMC,9,4581,-0.12660888,0.20261256
HMC,9,4597,-0.00727294,0.36779985
HMC,9,4614,-0.14537692,0.53544766
HMC,9,4631,-0.54227799,0.31577933
HMC,9,4647,-0.59348643,-0.68959683
HMC,9,4664,-0.58548862,-0.18720537
HMC,9,4681,-0.90791667,-1.53072453
HMC,9,4698,-1.07340312,-1.72408247
HMC,9,4714,-1.14430702,-2.02073479
HMC,9,4731,-1.29018843,-2.32443690
HMC,9,4748,-1.64604187,-3.04785752
HMC,9,4764,-1.28301561,-2.30348945
HMC,9,4781,-0.82862496,-1.30296123
HMC,9,4798,-0.71592826,-1.03784633
HMC,9,4815,-0.92521423,-1.54274869
HMC,9,4831,-1.03455627,-1.77516878
HMC,9,4848,-0.55328417,-0.57670832
HMC,9,4865,0.19376650,0.11757783
HMC,9,4881,0.29562703,0.29162121
HMC,9,4898,-0.20773660,0.34582922
HMC,9,4915,-0.41086233,0.28822795
HMC,9,4932,0.20131364,0.20987120
HMC,9,4948,0.08472301,0.33853152
HMC,9,4965,0.57084900,0.85717452
HMC,9,4982,0.10622457,0.21602479
HMC,9,4999,0.24930654,0.04868454
HMC,10,0,-0.64176881,0.29006967
HMC,10,16,-0.52006972,0.23076579
HMC,10,33,0.21762565,0.40014687
HMC,10,50,-0.01475815,0.30405289
HMC,10,66,0.33322635,0.71052974
HMC,10,83,0.43520695,0.71468538
HMC,10,100,1.60474467,2.41611147
HMC,10,117,1.05913424,1.57400036
HMC,10,133,0.39940697,0.82763016
HMC,10,150,0.54274786,0.96406692
HMC,10,167,0.62090170,1.02245259
HMC,10,183,0.80980515,1.36648583
HMC,10,200,-0.24886379,0.43291143
HMC,10,217,-0.33656928,0.17778620
HMC,10,234,0.48014870,0.46407574
HMC,10,250,0.73003435,1.07326806
HMC,10,267,-0.24887957,0.43376034
HMC,10,284,-0.36681533,-0.27154294
HMC,10,300,-0.60127717,-0.29206821
HMC,10,317,-0.23534040,0.32635665
HMC,10,334,-0.30215135,-0.10365865
HMC,10,351,0.33820027,0.77654600
HMC,10,367,-0.37106106,0.19296938
HMC,10,384,0.48045483,0.87397242
HMC,10,401,0.42243111,0.70187831
HMC,10,417,0.95713013,1.52979410
HMC,10,434,0.53439516,0.94135702
HMC,10,451,-0.52051204,0.29771644
HMC,10,468,-0.56680679,0.52533638
HMC,10,484,0.17056385,0.38320047
HMC,10,501,-0.39338368,0.11218257
HMC,10,518,-0.36343408,0.15387036
HMC,10,535,-0.37323633,0.37720612
HMC,10,551,0.22168453,0.33940545
HMC,10,568,0.73646194,1.17264283
HMC,10,585,0.41701213,0.80248243
HMC,10,601,0.03140520,-0.00972512
HMC,10,618,0.31140679,0.08058259
HMC,10,635,-0.04605075,0.37437612
HMC,10,652,0.00742827,0.24433155
HMC,10,668,0.03754293,0.09048962
HMC,10,685,-0.45317540,0.42616460
HMC,10,702,0.48163640,0.47060892
HMC,10,718,-0.38860482,-0.15053338
HMC,10,735,-0.47125003,0.40109268
HMC,10,752,0.43191496,-0.15416002
HMC,10,769,0.03185223,0.40489408
HMC,10,785,0.14816706,0.05010318
HMC,10,802,0.77449775,1.27094793
HMC,10,819,0.39373636,0.77557218
HMC,10,835,0.10463993,0.54472888
HMC,10,852,0.14889817,0.36477858
HMC,10,869,-0.43128163,-0.21706496
HMC,10,886,-0.32263577,0.39474586
HMC,10,902,0.38370213,0.09765548
HMC,10,919,0.39889267,-0.07779633
HMC,10,936,0.32891580,-0.02792975
HMC,10,952,0.60435313,0.93890411
HMC,10,969,0.48234522,0.80356991
HMC,10,986,-0.24291684,0.33965194
HMC,10,1003,-0.35055539,0.49414089
HMC,10,1019,0.34762433,0.69131625
HMC,10,1036,0.31064931,0.72658116
HMC,10,1053,0.00430442,0.40703866
HMC,10,1070,0.41947189,0.39213791
HMC,10,1086,-0.44339627,0.44681537
HMC,10,1103,-0.00161804,0.22349641
HMC,10,1120,0.50085378,0.79453588
HMC,10,1136,1.12689960,1.72390878
HMC,10,1153,0.44097203,0.81588423
HMC,10,1170,0.65990627,1.16924989
HMC,10,1187,0.46944475,0.81131476
HMC,10,1203,0.63285983,1.10200298
HMC,10,1220,0.26439431,0.30594051
HMC,10,1237,0.11423907,0.07630919
HMC,10,1253,-0.03614819,0.45298204
HMC,10,1270,-0.49355331,-0.21927781
HMC,10,1287,0.17014167,0.44226888
HMC,10,1304,0.08434815,0.16304706
HMC,10,1320,0.24980174,0.51312286
HMC,10,1337,0.00635073,0.27622694
HMC,10,1354,0.00075698,0.41846403
HMC,10,1370,-0.14261833,0.21482630
HMC,10,1387,-0.03486980,0.26671550
HMC,10,1404,0.37994835,-0.09308670
HMC,10,1421,0.37810802,0.55786556
HMC,10,1437,0.36999068,0.72708005
HMC,10,1454,0.34141165,0.71286827
HMC,10,1471,0.55686384,0.82758141
HMC,10,1487,0.05084666,0.39539623
HMC,10,1504,0.14874151,0.28820977
HMC,10,1521,-0.01374989,0.27172086
HMC,10,1538,-0.33245435,0.42597046
HMC,10,1554,-0.59970444,-0.17839980
HMC,10,1571,0.29180813,0.56011653
HMC,10,1588,-0.62830710,0.43986532
HMC,10,1605,-0.02662431,0.45484906
HMC,10,1621,-0.23613463,0.18025662
HMC,10,1638,0.34716401,0.65875715
HMC,10,1655,0.74958980,1.27178633
HMC,10,1671,0.59231132,1.09617722
HMC,10,1688,0.20907812,0.15518329
HMC,10,1705,0.43343660,0.89559138
HMC,10,1722,0.27190784,0.74084711
HMC,10,1738,-0.04830872,0.16285922
HMC,10,1755,0.42872205,0.50483835
HMC,10,1772,0.91831148,1.63806164
HMC,10,1788,0.70761311,1.24820960
HMC,10,1805,0.42351481,0.89006662
HMC,10,1822,0.05331593,0.32496497
HMC,10,1839,-0.24580330,0.24168715
HMC,10,1855,-0.29454011,0.26243755
HMC,10,1872,-0.69566357,-0.94102257
HMC,10,1889,-0.70212340,-1.06480360
HMC,10,1905,-0.59845465,-0.12081607
HMC,10,1922,-0.26983270,0.32517275
HMC,10,1939,-0.33892280,0.39545178
HMC,10,1956,-0.07434132,0.20238994
HMC,10,1972,0.03103650,0.59815383
HMC,10,1989,0.36255547,0.36479637
HMC,10,2006,0.19151655,0.25114891
HMC,10,2023,-0.07630898,0.33392876
HMC,10,2039,-0.51477367,-0.02200536
HMC,10,2056,-0.25545117,0.25434956
HMC,10,2073,-0.02900072,0.38557598
HMC,10,2089,0.15933526,0.16503319
HMC,10,2106,-0.46373257,0.40065467
HMC,10,2123,-0.38435543,0.44936764
HMC,10,2140,0.19464484,-0.02927407
HMC,10,2156,-0.19117503,0.22886154
HMC,10,2173,0.58617973,0.34116778
HMC,10,2190,0.43306288,0.80265886
HMC,10,2206,0.88944417,1.39497638
HMC,10,2223,0.97424740,1.67013896
HMC,10,2240,1.10853684,1.81484234
HMC,10,2257,0.64745688,1.08190918
HMC,10,2273,0.98297215,1.66820478
HMC,10,2290,0.46298078,0.62121189
HMC,10,2307,0.31009775,-0.04872661
HMC,10,2323,0.51143408,0.82718009
HMC,10,2340,0.64985377,1.11660731
HMC,10,2357,0.29615489,0.48336050
HMC,10,2374,0.03775911,0.24725221
HMC,10,2390,0.49894392,0.87236303
HMC,10,2407,0.75109017,1.22916579
HMC,10,2424,0.57451153,1.02636600
HMC,10,2440,0.32697868,0.43952444
HMC,10,2457,0.14107858,0.27236637
HMC,10,2474,0.03568666,0.16908108
HMC,10,2491,-0.35611555,0.38256374
HMC,10,2507,-0.35178870,0.18207574
HMC,10,2524,-0.63314164,0.46021855
HMC,10,2541,-0.35690001,0.20162410
HMC,10,2558,-0.37454000,0.40870637
HMC,10,2574,-0.02623189,0.32120857
HMC,10,2591,0.03528218,0.21721575
HMC,10,2608,-0.04697396,0.10714689
HMC,10,2624,0.12189651,0.27065852
HMC,10,2641,-0.59806532,0.41899431
HMC,10,2658,0.35753569,0.20436643
HMC,10,2675,-0.47218165,0.24568397
HMC,10,2691,-0.32698259,-0.00664840
HMC,10,2708,0.49016464,0.89310151
HMC,10,2725,0.63773417,1.01369452
HMC,10,2741,0.02394310,0.39543906
HMC,10,2758,0.43764621,0.65827966
HMC,10,2775,-0.30319205,0.44773784
HMC,10,2792,0.02132532,0.22872296
HMC,10,2808,-0.05120428,0.25245517
HMC,10,2825,0.11894976,0.33055589
HMC,10,2842,0.19551660,0.56160682
HMC,10,2858,-0.38230979,0.49126551
HMC,10,2875,-0.52405643,0.53744030
HMC,10,2892,0.22982807,0.41742712
HMC,10,2909,0.22776909,0.19954838
HMC,10,2925,-0.88212609,-1.43843865
HMC,10,2942,-0.76078600,-1.12597406
HMC,10,2959,-0.62519926,-0.73809296
HMC,10,2975,-0.43422282,0.20501845
HMC,10,2992,-0.20566438,0.44495651
HMC,10,3009,-0.35724223,0.26355669
HMC,10,3026,-0.60900700,-0.32642123
HMC,10,3042,-0.66830730,-0.92332184
HMC,10,3059,-0.15000987,0.34473974
HMC,10,3076,0.62991583,1.18386054
HMC,10,3093,0.34170681,0.48311460
HMC,10,3109,-0.01679130,0.36567652
HMC,10,3126,0.47564924,0.82214868
HMC,10,3143,0.58027214,1.09562314
HMC,10,3159,0.07545406,-0.09330510
HMC,10,3176,-0.68039930,0.50113350
HMC,10,3193,0.29995391,0.36327568
HMC,10,3210,0.81095457,1.44194031
HMC,10,3226,1.96015203,2.42478204
HMC,10,3243,1.98943138,2.73743916
HMC,10,3260,2.25792336,2.59863973
HMC,10,3276,1.32444859,1.69631970
HMC,10,3293,0.25497946,-0.09071173
HMC,10,3310,-0.55211782,0.38652053
HMC,10,3327,0.18651670,0.53398025
HMC,10,3343,0.47454786,0.81957132
HMC,10,3360,0.44307286,0.64328164
HMC,10,3377,-0.07572145,0.27027836
HMC,10,3393,0.02646878,0.37344813
HMC,10,3410,0.26598161,0.41324988
HMC,10,3427,0.26288995,0.49196360
HMC,10,3444,0.72928232,1.27675688
HMC,10,3460,0.56729525,1.00012124
HMC,10,3477,1.20709944,1.77144623
HMC,10,3494,0.39405644,0.64706945
HMC,10,3511,0.66903609,1.25674582
HMC,10,3527,0.20446201,0.50131655
HMC,10,3544,-0.39821234,0.40249246
HMC,10,3561,0.35617673,0.22094882
HMC,10,3577,0.13877405,0.15898287
HMC,10,3594,-0.15799783,0.35626522
HMC,10,3611,-0.12108430,0.25603852
HMC,10,3628,0.16788627,0.26898241
HMC,10,3644,0.54793411,0.99764049
HMC,10,3661,0.91868329,1.58640230
HMC,10,3678,0.73208153,1.27872920
HMC,10,3694,0.28333592,0.58370340
HMC,10,3711,-0.30305684,0.22101092
HMC,10,3728,-0.13473558,0.39488578
HMC,10,3745,-0.12012039,0.30708140
HMC,10,3761,-0.38955137,0.13399509
HMC,10,3778,-0.65338939,0.50445259
HMC,10,3795,0.20356385,0.29484499
HMC,10,3811,0.33195984,-0.19616908
HMC,10,3828,0.49058470,0.73559380
HMC,10,3845,0.36209995,0.69822848
HMC,10,3862,-0.27301070,0.28184614
HMC,10,3878,0.29184482,0.46512675
HMC,10,3895,0.06651147,0.47900578
HMC,10,3912,0.34933782,0.36315653
HMC,10,3928,-0.53740907,0.09171316
HMC,10,3945,-0.33802199,0.18296543
HMC,10,3962,-0.49801883,0.17577246
HMC,10,3979,-0.30393800,0.02945322
HMC,10,3995,0.43578753,0.80738324
HMC,10,4012,0.50372005,0.95491904
HMC,10,4029,0.38380480,0.52700436
HMC,10,4046,-0.19650391,0.26433742
HMC,10,4062,-0.38140696,0.32613102
HMC,10,4079,-0.14396480,0.48586896
HMC,10,4096,0.43476486,0.74596679
HMC,10,4112,0.77271920,1.34081829
HMC,10,4129,0.41024494,0.64803749
HMC,10,4146,-0.43444148,0.44897214
HMC,10,4163,-0.10567695,0.43858984
HMC,10,4179,0.31825298,0.28115255
HMC,10,4196,0.37014225,0.31078336
HMC,10,4213,-0.31153771,0.58984196
HMC,10,4229,1.11494505,1.78317750
HMC,10,4246,0.44384494,0.91108447
HMC,10,4263,0.95003837,1.58855879
HMC,10,4280,0.37216082,0.57768995
HMC,10,4296,0.17687289,0.53718287
HMC,10,4313,0.10815313,0.42416328
HMC,10,4330,-0.53432882,0.61739838
HMC,10,4346,-0.43638560,0.50873709
HMC,10,4363,0.05172901,0.28005335
HMC,10,4380,-0.65603399,-0.87882400
HMC,10,4397,-0.62967134,-0.69268882
HMC,10,4413,-0.82629788,0.37268785
HMC,10,4430,0.51274443,1.06479979
HMC,10,4447,0.60977715,1.13812041
HMC,10,4463,1.04880965,1.60420382
HMC,10,4480,0.55801392,0.88287842
HMC,10,4497,0.92811674,1.61700392
HMC,10,4514,0.40994221,0.75579965
HMC,10,4530,0.81632930,1.42648625
HMC,10,4547,1.32153630,1.79987597
HMC,10,4564,1.47836494,1.88402402
HMC,10,4581,1.19887531,1.84269893
HMC,10,4597,0.89030802,1.44064105
HMC,10,4614,1.24923098,1.83801675
HMC,10,4631,0.64372426,1.18524098
HMC,10,4647,0.01397277,0.45496717
HMC,10,4664,0.39281160,0.29680800
HMC,10,4681,-0.41787711,0.20989332
HMC,10,4698,-0.05505264,0.49569434
HMC,10,4714,0.22914127,0.05019133
HMC,10,4731,0.80458647,1.43792737
HMC,10,4748,-0.12526467,0.23407489
HMC,10,4764,-0.54090410,-0.47610560
HMC,10,4781,0.26615652,0.16326118
HMC,10,4798,-0.03354394,0.34006202
HMC,10,4815,0.77786678,1.44185936
HMC,10,4831,0.44103223,0.72926527
HMC,10,4848,0.66028851,1.25400305
HMC,10,4865,1.09243119,1.77460122
HMC,10,4881,-0.04753593,0.36581570
HMC,10,4898,0.04306113,0.33163762
HMC,10,4915,-0.02854473,0.23797132
HMC,10,4932,-0.48081100,0.16221371
HMC,10,4948,-0.07829278,0.27718428
HMC,10,4965,0.19075894,0.28762314
HMC,10,4982,-0.19863865,0.26437408
HMC,10,4999,-0.63128114,0.55951309
HMC,11,0,-0.29313415,0.42692852
HMC,11,16,-0.04997228,0.36046052
HMC,11,33,0.38536522,0.60303557
HMC,11,50,0.29112768,0.56900805
HMC,11,66,0.65951461,1.16654134
HMC,11,83,1.15168989,1.94665468
HMC,11,100,0.56045717,0.88124412
HMC,11,117,0.80513513,1.30991709
HMC,11,133,0.13878304,0.48801398
HMC,11,150,0.61284447,1.01788020
HMC,11,167,-0.67237371,0.50434464
HMC,11,183,-0.26551059,0.27600378
HMC,11,200,0.70302367,0.11888013
HMC,11,217,0.42130032,0.89494520
HMC,11,234,0.77023959,1.31985652
HMC,11,250,0.42598206,0.75433213
HMC,11,267,-0.07466377,0.04688126
HMC,11,284,-0.40478575,0.33325395
HMC,11,300,-0.10794108,0.18830393
HMC,11,317,0.35081810,0.38061208
HMC,11,334,-0.27677459,0.34270322
HMC,11,351,-0.83059269,-1.34724343
HMC,11,367,-0.92943954,-1.54858685
HMC,11,384,-0.90724033,-1.47282016
HMC,11,401,-0.35778499,-0.06550051
HMC,11,417,0.23952235,0.40017593
HMC,11,434,-0.10362943,-0.08323963
HMC,11,451,-0.20736691,0.22092217
HMC,11,468,-0.04848356,0.38972622
HMC,11,484,0.19643095,0.06229565
HMC,11,501,0.12931018,-0.01930216
HMC,11,518,0.71810049,1.31334138
HMC,11,535,0.94875711,1.53610110
HMC,11,551,0.23042320,0.38158903
HMC,11,568,0.05578354,0.16395405
HMC,11,585,-0.28065878,0.40555897
HMC,11,601,-0.21625547,0.12653770
HMC,11,618,0.14138718,0.14249970
HMC,11,635,-0.34425610,0.33980832
HMC,11,652,0.52339023,0.96590263
HMC,11,668,0.41332814,0.91327864
HMC,11,685,0.46294937,0.68247432
HMC,11,702,0.43358618,0.55497134
HMC,11,718,0.28461555,0.61077833
HMC,11,735,0.45781484,0.58349842
HMC,11,752,-0.28696427,0.43243784
HMC,11,769,-0.34127954,0.36599496
HMC,11,785,-0.07374740,0.39700255
HMC,11,802,-0.18880592,0.30432341
HMC,11,819,-0.28081077,0.29149571
HMC,11,835,-0.02650621,0.41721362
HMC,11,852,0.26520026,0.61967158
HMC,11,869,0.31631652,0.40208101
HMC,11,886,0.57415879,0.95255059
HMC,11,902,0.10145093,0.53208792
HMC,11,919,0.73158109,1.11796045
HMC,11,936,0.80145615,1.38513982
HMC,11,952,-0.30755460,0.14583737
HMC,11,969,-0.14867242,0.34328789
HMC,11,986,-0.17449051,0.41913995
HMC,11,1003,-0.59699118,0.59090108
HMC,11,1019,-0.44199622,0.41776896
HMC,11,1036,0.08842558,0.31815466
HMC,11,1053,0.04973390,0.11772423
HMC,11,1070,0.63261974,1.07571709
HMC,11,1086,0.09030887,0.51216793
HMC,11,1103,-0.23824500,0.23433961
HMC,11,1120,-0.10976928,0.23339455
HMC,11,1136,-0.31231779,0.50749207
HMC,11,1153,-0.34765223,-0.34667048
HMC,11,1170,-0.55538809,-0.72167385
HMC,11,1187,-1.12508380,-1.96123731
HMC,11,1203,-1.64816988,-3.00760102
HMC,11,1220,-1.24436951,-2.25517392
HMC,11,1237,-1.09016752,-1.91152835
HMC,11,1253,-0.92693067,-1.54034114
HMC,11,1270,-0.26293814,0.29737338
HMC,11,1287,0.02340336,0.46855766
HMC,11,1304,0.11618759,0.07980765
HMC,11,1320,0.26764807,0.32962129
HMC,11,1337,0.16262536,-0.13436858
HMC,11,1354,-0.42218882,0.31007919
HMC,11,1370,-0.18026300,0.43108028
HMC,11,1387,0.54457349,0.94460773
HMC,11,1404,0.14081785,0.27472267
HMC,11,1421,-0.12048167,0.40669471
HMC,11,1437,0.61047101,1.15568042
HMC,11,1454,-0.95915157,0.63020307
HMC,11,1471,0.25029036,0.03172791
HMC,11,1487,-0.41485298,0.54849243
HMC,11,1504,0.05802283,0.09010265
HMC,11,1521,-0.26623923,0.42839074
HMC,11,1538,-0.15468653,0.32012248
HMC,11,1554,-0.65102059,0.48362330
HMC,11,1571,0.46237558,-0.09224952
HMC,11,1588,0.33365536,0.10536751
HMC,11,1605,0.20234935,0.32789943
HMC,11,1621,0.22942550,0.40669674
HMC,11,1638,0.51825255,0.46256909
HMC,11,1655,-0.43485171,0.40055361
HMC,11,1671,0.65408432,1.13555419
HMC,11,1688,0.11987393,0.55661029
HMC,11,1705,0.72530514,1.26745236
HMC,11,1722,0.96964097,1.45474923
HMC,11,1738,0.52330041,1.02265060
HMC,11,1755,-0.44910544,0.54078627
HMC,11,1772,0.64955074,0.60066855
HMC,11,1788,-0.06379279,0.20408668
HMC,11,1805,0.52855366,0.89271957
HMC,11,1822,0.59017134,1.05912673
HMC,11,1839,0.44443437,0.89458835
HMC,11,1855,0.73345542,1.25358462
HMC,11,1872,-0.26675674,0.49305528
HMC,11,1889,-0.73880476,-1.11323297
HMC,11,1905,-1.26554155,-2.30548406
HMC,11,1922,-1.29059005,-2.32914567
HMC,11,1939,-1.07055247,-1.85710299
HMC,11,1956,-0.86303324,-1.43743622
HMC,11,1972,-0.60600722,-0.75742424
HMC,11,1989,-0.42357084,0.30436271
HMC,11,2006,-0.12569712,0.31986099
HMC,11,2023,0.33335981,0.35988992
HMC,11,2039,0.22099186,0.19206935
HMC,11,2056,0.25655860,0.27054107
HMC,11,2073,-0.13271166,0.56720716
HMC,11,2089,-0.30397320,0.51407850
HMC,11,2106,-0.16985917,-0.02784084
HMC,11,2123,-0.53944331,0.02352706
HMC,11,2140,0.01811849,0.15843862
HMC,11,2156,0.51403981,0.87026894
HMC,11,2173,0.55952567,0.91357821
HMC,11,2190,0.83017343,1.45522225
HMC,11,2206,0.55506611,1.06467116
HMC,11,2223,0.26224750,0.57944161
HMC,11,2240,0.13334402,-0.02292402
HMC,11,2257,0.36166444,0.62812841
HMC,11,2273,0.30340484,0.55279839
HMC,11,2290,0.10916705,0.39599791
HMC,11,2307,0.13727772,0.20326295
HMC,11,2323,-0.46725625,0.02657323
HMC,11,2340,0.28381857,0.70764601
HMC,11,2357,0.44919565,0.88972896
HMC,11,2374,0.30119541,0.62162006
HMC,11,2390,-0.40980947,0.45528430
HMC,11,2407,0.65464836,1.21956575
HMC,11,2424,0.44883204,0.90791410
HMC,11,2440,0.36583206,0.12365482
HMC,11,2457,-0.54154694,0.23492485
HMC,11,2474,-0.01008610,0.41827208
HMC,11,2491,-0.15750599,0.42609039
HMC,11,2507,0.04631523,0.31323370
HMC,11,2524,-0.23870458,0.32305542
HMC,11,2541,0.15968886,0.52227497
HMC,11,2558,0.23948184,0.00087308
HMC,11,2574,0.85775518,1.18635249
HMC,11,2591,0.44011110,0.58846128
HMC,11,2608,0.01563046,0.48264486
HMC,11,2624,-0.19899806,0.41135672
HMC,11,2641,-0.01058560,0.26176080
HMC,11,2658,-0.49814230,-0.49107680
HMC,11,2675,0.48210272,0.70373183
HMC,11,2691,0.52161431,1.05150831
HMC,11,2708,0.31887606,0.73768365
HMC,11,2725,1.24511921,2.04032540
HMC,11,2741,1.34394622,2.09817433
HMC,11,2758,1.15674448,1.75569391
HMC,11,2775,0.41353008,0.83606547
HMC,11,2792,0.52730328,1.03227723
HMC,11,2808,0.30261821,0.51307946
HMC,11,2825,0.08627917,0.43519112
HMC,11,2842,-0.30927202,0.55775428
HMC,11,2858,-0.67942435,0.58523029
HMC,11,2875,0.23701549,0.29213277
HMC,11,2892,0.24047287,0.32685760
HMC,11,2909,-0.25700238,0.47478381
HMC,11,2925,-0.55440545,0.31113341
HMC,11,2942,0.21693537,0.21437092
HMC,11,2959,0.26000953,0.27026206
HMC,11,2975,0.48435995,0.56624937
HMC,11,2992,1.27404344,1.89295304
HMC,11,3009,1.35735202,1.93941033
HMC,11,3026,0.81576860,1.36461794
HMC,11,3042,0.73527330,1.30519104
HMC,11,3059,0.49347609,1.01758683
HMC,11,3076,-0.17222515,0.38111600
HMC,11,3093,-0.28723994,0.38194293
HMC,11,3109,-0.01143315,0.25220838
HMC,11,3126,0.25950664,0.16297932
HMC,11,3143,0.38737404,0.04224457
HMC,11,3159,-0.01631065,0.26468346
HMC,11,3176,-0.40622294,0.20221122
HMC,11,3193,-0.07541461,0.27010450
HMC,11,3210,-0.52072060,-0.16922307
HMC,11,3226,-0.56237054,-0.67894894
HMC,11,3243,-0.88759470,-1.54562926
HMC,11,3260,-0.61235970,-0.91247362
HMC,11,3276,-0.72812301,-1.14847350
HMC,11,3293,-0.74151945,-1.24493396
HMC,11,3310,-0.62097669,-0.74658835
HMC,11,3327,-0.52671999,-0.45462108
HMC,11,3343,-0.84798574,-1.35643113
HMC,11,3360,-1.08670425,-1.87837648
HMC,11,3377,-0.77983892,-1.18054676
HMC,11,3393,-1.25167000,-2.26978493
HMC,11,3410,-0.67689711,-0.90300858
HMC,11,3427,-0.26996720,0.32424974
HMC,11,3444,0.49302533,0.80004919
HMC,11,3460,0.77302051,1.33693576
HMC,11,3477,-0.10776380,0.32192546
HMC,11,3494,0.05136979,0.33820134
HMC,11,3511,-0.65376455,-0.90612131
HMC,11,3527,-1.00217497,-1.73799717
HMC,11,3544,-0.62737077,-0.88425720
HMC,11,3561,0.32393816,0.10591912
HMC,11,3577,-0.18209529,0.45608249
HMC,11,3594,0.20712712,0.63638783
HMC,11,3611,-0.39036295,0.35532245
HMC,11,3628,0.13529600,0.35915023
HMC,11,3644,-0.37504163,-0.13537127
HMC,11,3661,-0.05631627,0.29021937
HMC,11,3678,-0.36645290,0.52079338
HMC,11,3694,0.15875165,0.05601238
HMC,11,3711,-0.15244794,0.23100233
HMC,11,3728,0.24621387,0.53095412
HMC,11,3745,-0.85017055,-1.36115491
HMC,11,3761,-1.11779988,-2.00082183
HMC,11,3778,-0.69055629,-0.96820951
HMC,11,3795,-0.50384504,-0.60431874
HMC,11,3811,-0.68318629,-0.87289602
HMC,11,3828,-0.34811646,0.18648191
HMC,11,3845,0.50423479,0.53296471
HMC,11,3862,0.12753467,-0.13424259
HMC,11,3878,-0.21594837,0.14687195
HMC,11,3895,-0.39832151,0.00066222
HMC,11,3912,-0.44845936,0.28067434
HMC,11,3928,-0.26864022,0.43086460
HMC,11,3945,-0.49839300,0.35633433
HMC,11,3962,0.55261189,0.98418075
HMC,11,3979,0.71953416,1.36844444
HMC,11,3995,0.01004619,0.11331171
HMC,11,4012,0.38524753,0.69019389
HMC,11,4029,0.23641320,0.30000371
HMC,11,4046,-0.34196201,-0.31367403
HMC,11,4062,0.39005592,0.32510647
HMC,11,4079,-0.61351031,-0.75413752
HMC,11,4096,-0.67713177,-0.97903442
HMC,11,4112,-0.60499090,-0.64054459
HMC,11,4129,-0.64397365,-0.86773753
HMC,11,4146,-0.47468770,0.18184924
HMC,11,4163,-0.56387579,0.58398461
HMC,11,4179,-0.23854007,-0.09604695
HMC,11,4196,-0.09104333,0.46455702
HMC,11,4213,-0.08968975,0.15651374
HMC,11,4229,-0.13550723,0.32014963
HMC,11,4246,-0.10945258,0.05657925
HMC,11,4263,0.52586424,1.03844583
HMC,11,4280,0.60993797,1.05729055
HMC,11,4296,0.54145980,0.89419520
HMC,11,4313,0.34210625,0.60010493
HMC,11,4330,0.37509412,0.65014702
HMC,11,4346,-0.12231316,0.51487911
HMC,11,4363,-0.28276491,0.30646458
HMC,11,4380,-0.09910210,0.15919463
HMC,11,4397,-0.04671586,0.24793912
HMC,11,4413,-0.19685525,0.24423485
HMC,11,4430,0.42144692,0.70077872
HMC,11,4447,0.28056666,0.17149453
HMC,11,4463,-0.16431901,0.44624671
HMC,11,4480,0.46874395,0.96334094
HMC,11,4497,-0.39161736,0.27120629
HMC,11,4514,0.52488112,0.91046178
HMC,11,4530,0.78680897,1.31294513
HMC,11,4547,-0.07993678,0.31876510
HMC,11,4564,-0.05586787,0.31949872
HMC,11,4581,-0.65159196,0.33116657
HMC,11,4597,0.08765405,0.26071793
HMC,11,4614,0.22760479,0.41337207
HMC,11,4631,-0.46545330,0.33481264
HMC,11,4647,-0.12165687,0.25705525
HMC,11,4664,-0.22635840,0.20492224
HMC,11,4681,-0.13222265,0.40295380
HMC,11,4698,-0.55453205,0.19322062
HMC,11,4714,-0.39888942,0.04423094
HMC,11,4731,-0.03025452,0.40083390
HMC,11,4748,0.12421066,0.33237505
HMC,11,4764,-0.01127895,0.09628122
HMC,11,4781,-0.06057731,0.50885606
HMC,11,4798,-0.44058672,0.14905289
HMC,11,4815,-0.23534089,0.33323073
HMC,11,4831,-0.14100736,0.36514956
HMC,11,4848,0.22381409,0.15871285
HMC,11,4865,-0.15266500,0.36914596
HMC,11,4881,-0.52595812,0.28011385
HMC,11,4898,0.65940249,0.88969505
HMC,11,4915,1.31948185,1.94861090
HMC,11,4932,0.96017617,1.65454364
HMC,11,4948,0.73844308,1.27990198
HMC,11,4965,0.56088609,0.94576347
HMC,11,4982,0.57690722,1.02842546
HMC,11,4999,0.60312128,1.08503544
HMC,12,0,-0.35515225,0.43755421
HMC,12,16,0.04124564,0.26704085
HMC,12,33,-0.48551628,0.49056736
HMC,12,50,0.08656724,0.14512998
HMC,12,66,0.39912376,0.76199907
HMC,12,83,0.56616300,1.03945601
HMC,12,100,0.84573233,1.54442704
HMC,12,117,0.78525275,1.35515976
HMC,12,133,0.78116846,1.31503737
HMC,12,150,0.94285011,1.48410296
HMC,12,167,0.43831769,0.67792964
HMC,12,183,0.68218720,1.14366901
HMC,12,200,-0.45627695,0.54528898
HMC,12,217,-0.23405279,0.30423453
HMC,12,234,0.30632180,0.34867033
HMC,12,250,-0.36283657,-0.08849784
HMC,12,267,-0.36029461,-0.00659141
HMC,12,284,0.32089308,0.48601371
HMC,12,300,0.43985111,0.81476802
HMC,12,317,0.39801645,0.71059233
HMC,12,334,1.13337672,1.77838469
HMC,12,351,0.61830622,1.16582048
HMC,12,367,0.32661432,0.73326439
HMC,12,384,-0.19808036,0.37639600
HMC,12,401,-0.11822678,0.12520447
HMC,12,417,0.13606547,0.49560747
HMC,12,434,-0.48020315,0.43785957
HMC,12,451,0.49154198,0.70961195
HMC,12,468,0.22859828,0.28855672
HMC,12,484,0.42140564,0.63061839
HMC,12,501,0.03134801,0.21961872
HMC,12,518,-0.48821709,0.52608758
HMC,12,535,-0.49608237,0.22374521
HMC,12,551,0.28202960,0.55873054
HMC,12,568,0.39000109,0.47930434
HMC,12,585,0.20106980,0.36357760
HMC,12,601,-0.18492188,0.28802970
HMC,12,618,0.32932168,0.55673712
HMC,12,635,-0.17630352,0.19111881
HMC,12,652,-0.12734714,0.23061784
HMC,12,668,0.27800480,0.04592451
HMC,12,685,0.04670694,0.44517165
HMC,12,702,-0.28056490,0.28017423
HMC,12,718,-0.03280438,0.06833758
HMC,12,735,0.30626315,0.43141523
HMC,12,752,1.13160062,1.73268712
HMC,12,769,0.73481709,1.30859256
HMC,12,785,1.28458858,1.87783229
HMC,12,802,1.05891001,1.57936227
HMC,12,819,0.64845192,1.17224813
HMC,12,835,-0.34393266,0.19593769
HMC,12,852,-0.65995985,-0.70405811
HMC,12,869,-0.53025615,0.37884304
HMC,12,886,0.44817325,0.92835855
HMC,12,902,-0.12853397,0.13433653
HMC,12,919,-0.30621919,0.44053516
HMC,12,936,-0.34885442,0.27076325
HMC,12,952,-0.29779881,-0.04958135
HMC,12,969,-0.35863575,-0.24091633
HMC,12,986,0.18950804,0.24909881
HMC,12,1003,1.11499059,1.52403605
HMC,12,1019,0.46225038,0.92011428
HMC,12,1036,-0.33761123,0.20392524
HMC,12,1053,0.70420736,1.01906133
HMC,12,1070,1.54272079,2.15587664
HMC,12,1086,1.01097393,1.58344305
HMC,12,1103,1.36396480,1.96321237
HMC,12,1120,1.83830476,2.38424444
HMC,12,1136,0.52083760,0.71333706
HMC,12,1153,-0.07594089,0.03722186
HMC,12,1170,-0.16187954,0.17543787
HMC,12,1187,0.17581289,0.32341406
HMC,12,1203,0.03636856,0.19837879
HMC,12,1220,-0.01850453,0.34289381
HMC,12,1237,0.30479282,0.57795823
HMC,12,1253,0.32752252,0.58975488
HMC,12,1270,0.36462229,0.66545141
HMC,12,1287,0.08921702,0.13070825
HMC,12,1304,-0.19486339,0.33091113
HMC,12,1320,-0.39693630,0.36480138
HMC,12,1337,-0.09719589,0.17417915
HMC,12,1354,-0.41597256,0.37250417
HMC,12,1370,0.43122596,0.18180510
HMC,12,1387,0.38695887,0.11468524
HMC,12,1404,0.91603655,1.42338288
HMC,12,1421,0.72874504,1.06603491
HMC,12,1437,0.40133893,0.38586637
HMC,12,1454,0.20105451,0.42052129
HMC,12,1471,0.80917400,1.48185229
HMC,12,1487,0.53122658,0.90642941
HMC,12,1504,0.57675380,1.08885491
HMC,12,1521,0.20453353,0.52780294
HMC,12,1538,0.02184526,0.41175494
HMC,12,1554,0.09867220,0.10994945
HMC,12,1571,0.50182819,0.35529914
HMC,12,1588,0.32907581,0.30935735
HMC,12,1605,0.39622015,0.72419590
HMC,12,1621,0.59622347,1.04942894
HMC,12,1638,0.32839909,0.42847282
HMC,12,1655,-0.35533592,0.37306306
HMC,12,1671,-0.47234112,-0.37790498
HMC,12,1688,-0.00562126,0.47249925
HMC,12,1705,-0.78129911,0.47323132
HMC,12,1722,-0.41002992,-0.05813747
HMC,12,1738,-0.25665995,0.24218708
HMC,12,1755,0.19221126,0.65586668
HMC,12,1772,0.04693541,0.13473208
HMC,12,1788,0.22537304,0.49763986
HMC,12,1805,-0.25197822,0.03016525
HMC,12,1822,0.28243107,0.56910998
HMC,12,1839,0.03279106,-0.07937959
HMC,12,1855,0.23625141,0.37729880
HMC,12,1872,0.46965456,0.82388425
HMC,12,1889,1.27916396,1.96606529
HMC,12,1905,0.71904355,1.20524657
HMC,12,1922,0.14063679,0.24480149
HMC,12,1939,-0.49207497,0.19480802
HMC,12,1956,-0.57007176,0.35749683
HMC,12,1972,-0.46291205,-0.27861524
HMC,12,1989,-0.36927846,0.46638694
HMC,12,2006,-0.21738140,0.51753759
HMC,12,2023,-0.19273575,0.39627266
HMC,12,2039,-0.34773874,0.26551518
HMC,12,2056,0.23304226,0.04514617
HMC,12,2073,-0.23792073,0.27449551
HMC,12,2089,0.32003438,0.44493234
HMC,12,2106,0.36881965,0.45882416
HMC,12,2123,0.13233696,0.06280222
HMC,12,2140,0.55577481,0.91216964
HMC,12,2156,0.89959133,1.46121418
HMC,12,2173,0.44638574,0.84558219
HMC,12,2190,0.02100289,0.15239137
HMC,12,2206,-0.04813533,0.37373218
HMC,12,2223,0.35626960,0.42625669
HMC,12,2240,0.43618593,0.22045042
HMC,12,2257,-0.07159336,0.36242813
HMC,12,2273,0.11732934,0.28741065
HMC,12,2290,0.51937085,0.66133422
HMC,12,2307,0.87653685,1.40919840
HMC,12,2323,0.63024837,1.06102705
HMC,12,2340,0.67801720,1.19137776
HMC,12,2357,0.50342685,0.90918064
HMC,12,2374,0.04966910,0.28755531
HMC,12,2390,0.39096993,0.62576711
HMC,12,2407,0.65134752,1.09686232
HMC,12,2424,0.13466670,0.26207265
HMC,12,2440,0.57089615,1.05106318
HMC,12,2457,0.64294714,1.18460119
HMC,12,2474,0.76293832,1.32538962
HMC,12,2491,1.41780949,2.07322812
HMC,12,2507,0.54058176,0.99759018
HMC,12,2524,0.26802215,0.55207157
HMC,12,2541,0.35496238,0.53095287
HMC,12,2558,0.00294932,0.21975940
HMC,12,2574,0.47735003,0.15685122
HMC,12,2591,-0.02384101,0.36721069
HMC,12,2608,0.45682740,0.81430292
HMC,12,2624,0.49561143,0.96928084
HMC,12,2641,-0.25963777,0.39383438
HMC,12,2658,0.41200849,0.83701098
HMC,12,2675,-0.05410933,0.45969883
HMC,12,2691,-0.04513401,0.33653533
HMC,12,2708,-0.03534099,-0.09841201
HMC,12,2725,-0.34883052,0.27236736
HMC,12,2741,0.41826558,0.65346503
HMC,12,2758,0.23956573,0.32502517
HMC,12,2775,-0.48886588,0.53450555
HMC,12,2792,0.16450268,0.42685100
HMC,12,2808,0.36587209,-0.04235335
HMC,12,2825,0.23600383,0.56957841
HMC,12,2842,0.24120295,0.05519053
HMC,12,2858,0.33055776,0.16205229
HMC,12,2875,-0.53941947,-0.53862858
HMC,12,2892,-0.54208767,-0.42751262
HMC,12,2909,-0.56251353,-0.32087407
HMC,12,2925,-0.42467007,-0.10741769
HMC,12,2942,-0.29560256,0.51044661
HMC,12,2959,0.19980755,0.33808672
HMC,12,2975,0.51904356,0.93363446
HMC,12,2992,0.49556530,0.78339070
HMC,12,3009,0.10011680,0.48829955
HMC,12,3026,-0.29350948,0.29991850
HMC,12,3042,-0.51668495,0.53602922
HMC,12,3059,0.05667199,0.38615260
HMC,12,3076,0.10515942,0.01433426
HMC,12,3093,0.50115657,0.90438151
HMC,12,3109,-0.34439352,0.33745623
HMC,12,3126,0.37285691,0.64150310
HMC,12,3143,-0.25189623,0.09648088
HMC,12,3159,1.07744408,1.57946634
HMC,12,3176,0.95482486,1.54564023
HMC,12,3193,1.75552726,2.44903064
HMC,12,3210,1.68850183,2.05585361
HMC,12,3226,1.26712155,1.92185569
HMC,12,3243,0.88864779,1.44854069
HMC,12,3260,1.01537395,1.63871121
HMC,12,3276,0.48663786,0.76913089
HMC,12,3293,0.59125352,0.99937648
HMC,12,3310,0.67859173,1.20160472
HMC,12,3327,0.31751609,0.07842577
HMC,12,3343,0.11481474,0.11380283
HMC,12,3360,0.49952188,0.75526750
HMC,12,3377,0.45437482,0.89456272
HMC,12,3393,0.51707053,0.81461591
HMC,12,3410,0.80292100,1.39429915
HMC,12,3427,0.66648424,1.06851304
HMC,12,3444,0.67534316,1.25267231
HMC,12,3460,0.07140663,0.31950521
HMC,12,3477,-0.19440313,0.35078982
HMC,12,3494,0.15592161,0.27020463
HMC,12,3511,0.08926982,0.18961048
HMC,12,3527,-0.34486821,0.35100716
HMC,12,3544,-0.45164862,0.22299261
HMC,12,3561,-0.07736874,0.40674242
HMC,12,3577,-0.73554087,0.52326125
HMC,12,3594,0.19515134,0.09534538
HMC,12,3611,0.05065162,0.56448257
HMC,12,3628,0.24436469,0.42459410
HMC,12,3644,-0.13440366,0.25594687
HMC,12,3661,-0.31337979,0.26323000
HMC,12,3678,-0.09217533,0.37478143
HMC,12,3694,-0.41563943,0.18219693
HMC,12,3711,-0.74800962,0.69364208
HMC,12,3728,0.59042072,0.99768728
HMC,12,3745,-0.19579341,0.36032459
HMC,12,3761,0.28319436,0.54942167
HMC,12,3778,0.04461621,0.16667958
HMC,12,3795,0.10000135,0.14625110
HMC,12,3811,0.39296830,0.62550348
HMC,12,3828,0.59758031,0.99945748
HMC,12,3845,-0.48308781,-0.54960376
HMC,12,3862,-0.67570835,-0.83591580
HMC,12,3878,-0.67993522,-0.94504035
HMC,12,3895,-0.19310385,0.27253166
HMC,12,3912,0.77704805,1.22117352
HMC,12,3928,1.70461428,2.52555013
HMC,12,3945,1.15360093,1.78771603
HMC,12,3962,0.49745485,0.91990459
HMC,12,3979,0.14718750,0.48020482
HMC,12,3995,-0.49711761,0.37645906
HMC,12,4012,-0.26501051,0.41463658
HMC,12,4029,0.26828933,0.39561883
HMC,12,4046,0.29704723,0.33355200
HMC,12,4062,-0.07705170,0.22380859
HMC,12,4079,-0.41796988,0.24377573
HMC,12,4096,-0.22527578,0.48823899
HMC,12,4112,0.08126001,0.43420014
HMC,12,4129,0.47201285,0.82366312
HMC,12,4146,-0.47305790,0.31772903
HMC,12,4163,-0.12447887,0.32958123
HMC,12,4179,-0.41613683,0.37910745
HMC,12,4196,0.18446469,0.13919736
HMC,12,4213,-0.47734672,0.20900397
HMC,12,4229,-0.08628628,0.27522373
HMC,12,4246,-0.65406227,-0.89319277
HMC,12,4263,-0.52169055,-0.50345773
HMC,12,4280,-0.02739337,0.00198233
HMC,12,4296,0.18367165,0.35376468
HMC,12,4313,-0.16474357,0.28639752
HMC,12,4330,0.46992975,0.60323912
HMC,12,4346,0.20745017,0.51685745
HMC,12,4363,0.24071960,0.44130686
HMC,12,4380,0.25285089,0.56240159
HMC,12,4397,-0.24500081,0.43492445
HMC,12,4413,-0.10108928,0.28967765
HMC,12,4430,-0.32822362,0.27178872
HMC,12,4447,-0.44003662,0.24988146
HMC,12,4463,-0.09138809,0.24406657
HMC,12,4480,-0.13833413,0.38537785
HMC,12,4497,-0.53585035,-0.67549193
HMC,12,4514,-0.84140772,-1.36439407
HMC,12,4530,-1.19562697,-2.13873196
HMC,12,4547,-0.64104950,-0.71387100
HMC,12,4564,-0.66227204,-0.90439385
HMC,12,4581,-0.41402680,-0.08723734
HMC,12,4597,0.20953026,0.32405168
HMC,12,4614,0.67920238,1.27623892
HMC,12,4631,-0.32935798,0.13496235
HMC,12,4647,-0.11840494,0.14218813
HMC,12,4664,-0.22113448,0.52353537
HMC,12,4681,0.08791681,0.27148128
HMC,12,4698,0.47476208,0.70739746
HMC,12,4714,-0.56461823,0.24873561
HMC,12,4731,-0.04478817,-0.00089690
HMC,12,4748,-0.08260541,0.40255886
HMC,12,4764,0.38177717,-0.21441346
HMC,12,4781,0.34294486,0.56815559
HMC,12,4798,0.07785365,0.36578190
HMC,12,4815,-0.57894033,-0.75701904
HMC,12,4831,-0.51163298,-0.43625033
HMC,12,4848,0.43658012,0.43362898
HMC,12,4865,-0.28851256,0.04873251
HMC,12,4881,0.59436846,0.78010923
HMC,12,4898,-0.52988827,0.39868179
HMC,12,4915,-0.51878232,-0.12777188
HMC,12,4932,-0.32451802,0.04384355
HMC,12,4948,-0.38535079,0.27793324
HMC,12,4965,0.39659727,0.39559785
HMC,12,4982,0.45793650,0.81386966
HMC,12,4999,0.58794731,1.02698541
HMC,13,0,0.22004877,0.39380223
HMC,13,16,-0.30274409,0.46183288
HMC,13,33,0.77970815,1.36050582
HMC,13,50,0.51522028,0.72913945
HMC,13,66,0.36766404,0.81006175
HMC,13,83,0.05363584,0.14291731
HMC,13,100,-0.84427834,0.42592484
HMC,13,117,-0.15859488,0.05257915
HMC,13,133,-0.58504927,-0.21024425
HMC,13,150,-0.06613323,0.33450630
HMC,13,167,-0.11444695,0.44421655
HMC,13,183,-0.07962039,0.35663524
HMC,13,200,0.71686095,1.09637737
HMC,13,217,0.43523052,0.71701276
HMC,13,234,-0.34480166,0.11454076
HMC,13,250,-0.53387445,-0.60889971
HMC,13,267,-0.66783375,-0.92531264
HMC,13,284,-0.58189273,-0.21149023
HMC,13,300,0.25772417,0.33469582
HMC,13,317,0.58402908,1.03876030
HMC,13,334,-0.12707819,0.25118652
HMC,13,351,0.61741549,1.16830873
HMC,13,367,0.19173560,0.34784710
HMC,13,384,-0.07720309,0.31948784
HMC,13,401,0.03483142,0.27902886
HMC,13,417,0.45403737,0.47502494
HMC,13,434,-0.30653733,0.33206391
HMC,13,451,0.26108405,0.26061758
HMC,13,468,-0.25864166,0.46148986
HMC,13,484,-0.35281315,0.29130718
HMC,13,501,-0.21226190,0.24812572
HMC,13,518,-0.28489587,0.36257988
HMC,13,535,-0.47233853,0.26048216
HMC,13,551,0.00695142,0.32100782
HMC,13,568,-0.53842968,0.50636387
HMC,13,585,-0.80376488,0.49208009
HMC,13,601,0.46031189,0.51224446
HMC,13,618,1.07181942,1.73885679
HMC,13,635,-0.29615939,0.35049766
HMC,13,652,0.08519451,0.00812496
HMC,13,668,-0.45448920,0.46595567
HMC,13,685,-0.57936817,-0.59215689
HMC,13,702,-0.84619337,-1.32599998
HMC,13,718,-0.75575328,-1.15715992
HMC,13,735,-0.82849103,-1.27870595
HMC,13,752,-1.02153850,-1.72627258
HMC,13,769,-1.02410388,-1.79039943
HMC,13,785,-0.82099289,-1.33168566
HMC,13,802,-0.93887842,-1.54168952
HMC,13,819,-1.11818409,-1.98273420
HMC,13,835,-0.73640931,-1.04948473
HMC,13,852,-1.01105571,-1.82751596
HMC,13,869,-1.14543474,-2.01068139
HMC,13,886,-0.74784189,-1.15915394
HMC,13,902,-0.55075538,-0.55758893
HMC,13,919,-0.56999367,-0.48995781
HMC,13,936,-0.69431823,-1.04476309
HMC,13,952,-0.61063039,-0.74406028
HMC,13,969,-0.90339971,-1.47238672
HMC,13,986,-0.09689718,0.05876815
HMC,13,1003,-0.12141373,0.11712905
HMC,13,1019,-0.78760248,0.33948645
HMC,13,1036,0.31902918,0.15610264
HMC,13,1053,0.43167958,0.63802642
HMC,13,1070,-0.06900229,0.03574209
HMC,13,1086,-0.14312804,0.29803023
HMC,13,1103,0.07852369,0.41313261
HMC,13,1120,-0.41112474,0.19193412
HMC,13,1136,-0.16419563,0.33897376
HMC,13,1153,-0.37804273,0.11447459
HMC,13,1170,-0.12370353,0.40366942
HMC,13,1187,-0.53251046,-0.53509510
HMC,13,1203,-0.40031841,0.10444650
HMC,13,1220,-0.17160086,0.13676368
HMC,13,1237,-0.20537429,0.30235413
HMC,13,1253,0.34294218,0.49481958
HMC,13,1270,-0.52818727,-0.16323012
HMC,13,1287,-0.48261961,0.17229030
HMC,13,1304,-0.07274889,0.38473895
HMC,13,1320,0.47874135,0.34681374
HMC,13,1337,-0.64868695,-0.79486382
HMC,13,1354,-0.10916615,0.28623921
HMC,13,1370,0.77832460,1.31960714
HMC,13,1387,0.64845490,1.05240965
HMC,13,1404,0.16078685,0.21492298
HMC,13,1421,-0.14880402,0.49265954
HMC,13,1437,0.16050674,0.24268983
HMC,13,1454,-0.29927248,0.48570234
HMC,13,1471,0.22659490,0.35347262
HMC,13,1487,0.34546283,0.26398945
HMC,13,1504,-0.41691968,0.03792959
HMC,13,1521,-0.56503356,-0.75032300
HMC,13,1538,-0.43232322,-0.19528902
HMC,13,1554,0.50415206,0.98837531
HMC,13,1571,-0.49721894,0.48559967
HMC,13,1588,0.49166510,0.80583704
HMC,13,1605,0.87869436,1.51138628
HMC,13,1621,0.30674499,0.53627133
HMC,13,1638,0.52870458,0.72206748
HMC,13,1655,-0.18690503,0.34507456
HMC,13,1671,-0.50890982,-0.41775224
HMC,13,1688,-0.53736252,-0.70893353
HMC,13,1705,-0.28688908,0.47579905
HMC,13,1722,-0.66149974,-0.95522165
HMC,13,1738,-0.70519376,-0.94028240
HMC,13,1755,-0.78184015,-1.13521469
HMC,13,1772,-0.84223485,-1.36254680
HMC,13,1788,-0.76944786,-1.17764318
HMC,13,1805,-0.58298498,-0.75957078
HMC,13,1822,-0.97424537,-1.63852143
HMC,13,1839,-0.75805146,-1.13948882
HMC,13,1855,-0.53495485,-0.60376722
HMC,13,1872,-0.21060170,0.30959883
HMC,13,1889,-0.49936917,-0.35416469
HMC,13,1905,-0.00767197,0.43309528
HMC,13,1922,-0.02068741,0.46414867
HMC,13,1939,-0.00699250,0.35043201
HMC,13,1956,-0.22732580,0.31963453
HMC,13,1972,-0.40992689,0.35719872
HMC,13,1989,0.42245209,-0.04615410
HMC,13,2006,0.49544916,0.14819366
HMC,13,2023,-0.12356643,0.40035993
HMC,13,2039,-0.19517554,0.35870948
HMC,13,2056,-0.62298316,-0.50586361
HMC,13,2073,-0.76793468,-1.20760906
HMC,13,2089,-0.93986577,-1.60230637
HMC,13,2106,-0.69498521,-0.87831515
HMC,13,2123,-0.90034842,-1.44591856
HMC,13,2140,-0.69623733,-1.02461922
HMC,13,2156,-0.57579458,-0.51075685
HMC,13,2173,-0.56867337,-0.61965036
HMC,13,2190,-0.86591256,-1.46073520
HMC,13,2206,-0.72323239,-1.01866078
HMC,13,2223,-0.93327963,-1.57882583
HMC,13,2240,-0.66567516,-0.95342207
HMC,13,2257,-0.75047982,-1.17259407
HMC,13,2273,-0.98074389,-1.62074006
HMC,13,2290,-0.78599191,-1.33273304
HMC,13,2307,-0.68873864,-0.93322492
HMC,13,2323,-0.37723282,0.08835983
HMC,13,2340,-0.21437581,0.22608282
HMC,13,2357,0.54543674,0.68467414
HMC,13,2374,1.15014839,1.59540880
HMC,13,2390,1.39281678,1.98146331
HMC,13,2407,0.89421588,1.49820566
HMC,13,2424,1.06707644,1.74922526
HMC,13,2440,0.88297135,1.50513804
HMC,13,2457,-0.03311878,0.07757599
HMC,13,2474,0.35190946,0.55918789
HMC,13,2491,0.06692737,0.23853561
HMC,13,2507,0.50939929,0.85124230
HMC,13,2524,-0.15240747,-0.02324525
HMC,13,2541,0.06495614,0.38185966
HMC,13,2558,-0.55820245,0.44847527
HMC,13,2574,-0.32928830,0.50361490
HMC,13,2591,-0.27570483,0.43450469
HMC,13,2608,-0.41153023,0.29049757
HMC,13,2624,-0.22966869,0.30630794
HMC,13,2641,-0.27076221,0.00924939
HMC,13,2658,0.39889440,0.34636390
HMC,13,2675,0.19724047,0.42834970
HMC,13,2691,0.13114913,-0.24351175
HMC,13,2708,-0.60419935,0.35365322
HMC,13,2725,0.73321182,1.22284830
HMC,13,2741,-0.17180078,0.30534303
HMC,13,2758,0.03259811,0.39804360
HMC,13,2775,-0.39118716,0.40443179
HMC,13,2792,-0.60782093,-0.74533969
HMC,13,2808,-0.20555890,0.30605802
HMC,13,2825,0.10238542,0.31434894
HMC,13,2842,0.51252502,0.89820808
HMC,13,2858,-0.24075365,0.35812756
HMC,13,2875,-0.18009096,0.41101199
HMC,13,2892,-0.38702062,0.06831418
HMC,13,2909,-0.07995011,0.17650717
HMC,13,2925,0.19826540,0.58831269
HMC,13,2942,-0.00043044,0.33590788
HMC,13,2959,-0.14357103,0.15665901
HMC,13,2975,0.30052280,0.60289872
HMC,13,2992,0.19415571,0.21175987
HMC,13,3009,-0.28184175,0.21376178
HMC,13,3026,-0.49846375,-0.42395639
HMC,13,3042,-0.58768255,-0.82943261
HMC,13,3059,-0.37296337,0.22592027
HMC,13,3076,-0.53438628,-0.56366700
HMC,13,3093,-0.83625710,-1.36381614
HMC,13,3109,-0.49851742,-0.34260485
HMC,13,3126,-0.57366115,-0.68165570
HMC,13,3143,-0.52145731,0.42319182
HMC,13,3159,-0.55369848,0.41318697
HMC,13,3176,-0.22909102,0.43254304
HMC,13,3193,0.23332307,0.22727147
HMC,13,3210,-0.40132371,-0.25909275
HMC,13,3226,-0.52536196,-0.51402712
HMC,13,3243,-0.69107854,-0.95785117
HMC,13,3260,-0.14717418,0.22084440
HMC,13,3276,-0.10743440,0.26686567
HMC,13,3293,0.07589782,0.20399579
HMC,13,3310,-0.01809870,0.07578324
HMC,13,3327,-0.35699704,0.23743576
HMC,13,3343,0.36454305,0.44621158
HMC,13,3360,0.44375363,0.46998310
HMC,13,3377,-0.51763582,0.44353560
HMC,13,3393,0.35176983,0.37902156
HMC,13,3410,0.14273618,0.24395740
HMC,13,3427,-0.45770600,0.26536548
HMC,13,3444,-0.41428348,0.24184410
HMC,13,3460,-0.33528423,0.48334157
HMC,13,3477,-0.16913036,0.43076849
HMC,13,3494,0.24504080,0.55871171
HMC,13,3511,-0.10017660,0.28253451
HMC,13,3527,0.37118572,0.84739727
HMC,13,3544,0.31425908,0.19977929
HMC,13,3561,0.25433007,0.16412181
HMC,13,3577,0.33330992,0.57958573
HMC,13,3594,0.36102912,0.70729619
HMC,13,3611,0.02902771,0.53158748
HMC,13,3628,0.06733654,0.39778984
HMC,13,3644,0.28981522,0.48100400
HMC,13,3661,0.40757692,0.73254561
HMC,13,3678,0.61651951,1.15142477
HMC,13,3694,0.30117431,0.09054223
HMC,13,3711,0.24677253,0.32766366
HMC,13,3728,0.80495793,1.32389700
HMC,13,3745,0.68259245,1.28156734
HMC,13,3761,0.34148324,0.69807196
HMC,13,3778,-0.18126935,0.22929130
HMC,13,3795,0.33444449,0.52155185
HMC,13,3811,0.66365802,1.16260934
HMC,13,3828,0.55627888,0.82290030
HMC,13,3845,0.29545841,0.54060769
HMC,13,3862,-0.28305218,0.34558898
HMC,13,3878,0.18773223,0.40202349
HMC,13,3895,-0.45722020,0.40900701
HMC,13,3912,0.43555462,0.45011726
HMC,13,3928,-0.32753778,0.09674556
HMC,13,3945,-0.06804221,0.42172405
HMC,13,3962,-0.13444188,0.17591263
HMC,13,3979,0.08116148,0.45905164
HMC,13,3995,-0.40513086,0.29031405
HMC,13,4012,0.30580097,0.48991987
HMC,13,4029,-0.42880800,0.48749647
HMC,13,4046,0.43823543,0.69350225
HMC,13,4062,-0.77264208,0.44355473
HMC,13,4079,-0.18655117,0.50128788
HMC,13,4096,0.84443384,1.46526933
HMC,13,4112,1.19619381,1.75068510
HMC,13,4129,1.58240831,1.93690145
HMC,13,4146,0.63072193,1.07593012
HMC,13,4163,0.03998737,-0.12455749
HMC,13,4179,0.62955827,1.08662367
HMC,13,4196,0.40543872,0.64529872
HMC,13,4213,-0.03630465,0.31740955
HMC,13,4229,-0.32155761,0.42786965
HMC,13,4246,-0.60797298,0.53630805
HMC,13,4263,-0.50694942,0.41698605
HMC,13,4280,-0.32945096,0.44056335
HMC,13,4296,-0.30365229,0.50026882
HMC,13,4313,0.33216581,0.49934259
HMC,13,4330,-0.37581959,0.30889994
HMC,13,4346,-0.21318708,0.16860132
HMC,13,4363,0.11580531,0.43170100
HMC,13,4380,0.21098626,0.40587667
HMC,13,4397,-0.50751013,0.52675462
HMC,13,4413,-0.59609818,0.36120254
HMC,13,4430,-0.37544852,0.45371318
HMC,13,4447,0.52508616,0.57344162
HMC,13,4463,0.36262083,0.77237070
HMC,13,4480,0.53476727,0.95285183
HMC,13,4497,1.10529721,1.76555550
HMC,13,4514,0.88670641,1.41173291
HMC,13,4530,0.62751579,0.86205333
HMC,13,4547,0.50620097,0.82105881
HMC,13,4564,0.62048256,1.15958166
HMC,13,4581,0.76035035,1.28527391
HMC,13,4597,0.80544257,1.44954360
HMC,13,4614,0.80572450,1.44015455
HMC,13,4631,0.71646166,1.32243943
HMC,13,4647,0.43572775,0.83087289
HMC,13,4664,0.11928605,0.23105811
HMC,13,4681,0.43406773,0.79127699
HMC,13,4698,0.60161769,1.08220911
HMC,13,4714,0.03662043,0.52132910
HMC,13,4731,-0.47707212,-0.36117429
HMC,13,4748,-0.42922828,0.25123429
HMC,13,4764,-0.52636224,-0.22566941
HMC,13,4781,-0.25271797,0.17525969
HMC,13,4798,0.41006100,0.67620468
HMC,13,4815,0.39161831,-0.00524081
HMC,13,4831,-0.32512569,0.40562069
HMC,13,4848,0.56000906,0.87471795
HMC,13,4865,0.45670471,0.75140911
HMC,13,4881,0.02935888,-0.01366060
HMC,13,4898,0.19334286,0.44749337
HMC,13,4915,-0.25818425,0.13334319
HMC,13,4932,-0.46947923,-0.40504754
HMC,13,4948,-0.51168370,-0.23655345
HMC,13,4965,-0.44236103,-0.41268635
HMC,13,4982,-0.03321214,0.48997921
HMC,13,4999,-0.53894156,-0.33760914
HMC,14,0,0.23485489,0.09379149
HMC,14,16,-0.46131647,0.44193852
HMC,14,33,-0.02700130,0.06735697
HMC,14,50,0.28708124,0.03153234
HMC,14,66,0.70340532,1.17917609
HMC,14,83,0.39719963,0.73221856
HMC,14,100,-0.23365138,0.40789694
HMC,14,117,0.58373016,1.09789634
HMC,14,133,0.56763303,1.07010293
HMC,14,150,0.90296447,1.52066553
HMC,14,167,0.55834126,0.97400314
HMC,14,183,0.13272952,0.52480614
HMC,14,200,-0.23931000,0.12915650
HMC,14,217,0.02834390,0.27038610
HMC,14,234,0.07788519,0.36970225
HMC,14,250,0.79735547,1.33351898
HMC,14,267,1.31356788,1.97761416
HMC,14,284,1.89915109,2.47027564
HMC,14,300,0.51578420,0.79840690
HMC,14,317,0.62069696,1.16981268
HMC,14,334,0.83479911,1.40114927
HMC,14,351,1.16848755,1.77991652
HMC,14,367,0.69691908,1.12397707
HMC,14,384,0.81191272,1.36708558
HMC,14,401,0.15605655,0.26360101
HMC,14,417,0.26085398,0.19834194
HMC,14,434,0.14240611,0.36627880
HMC,14,451,0.46555817,0.87365478
HMC,14,468,0.30714580,0.63404500
HMC,14,484,0.22686552,0.05286102
HMC,14,501,-0.26683649,0.41275096
HMC,14,518,-0.38663113,0.10374913
HMC,14,535,-0.58558214,0.52992851
HMC,14,551,0.05702719,0.13451640
HMC,14,568,0.00034590,0.22150424
HMC,14,585,-0.57191259,0.36528307
HMC,14,601,0.20610699,0.34135842
HMC,14,618,-0.02149077,0.28634524
HMC,14,635,-0.63875264,-0.67512858
HMC,14,652,-0.22094378,0.03188022
HMC,14,668,-0.20593251,0.50229597
HMC,14,685,0.69380254,1.25939167
HMC,14,702,0.38935214,0.33275294
HMC,14,718,0.45036972,0.78128970
HMC,14,735,-0.45833719,-0.04421619
HMC,14,752,-0.20307791,0.41368490
HMC,14,769,-0.50810057,-0.42576903
HMC,14,785,0.44005990,0.52967989
HMC,14,802,-0.06426235,0.45645261
HMC,14,819,-0.18695793,-0.22368574
HMC,14,835,-0.26098421,0.50999421
HMC,14,852,-0.78084040,0.03376577
HMC,14,869,0.17857327,0.62372005
HMC,14,886,0.03721708,0.40231207
HMC,14,902,-0.05268171,0.16287225
HMC,14,919,0.45392689,0.87174290
HMC,14,936,0.42482913,0.42987832
HMC,14,952,0.37392229,0.64385372
HMC,14,969,0.30622911,0.72340542
HMC,14,986,-0.24129429,0.14729895
HMC,14,1003,-0.32411245,0.46610877
HMC,14,1019,0.10608210,0.46209431
HMC,14,1036,0.02601051,0.28068483
HMC,14,1053,0.08522803,0.38389188
HMC,14,1070,0.50497842,0.95455629
HMC,14,1086,0.87205523,1.50220466
HMC,14,1103,0.50920969,0.97088861
HMC,14,1120,-0.05209992,0.31436530
HMC,14,1136,0.32848802,-0.04833854
HMC,14,1153,0.39206597,0.70510477
HMC,14,1170,-0.35850683,-0.02939532
HMC,14,1187,-0.25729311,0.25420898
HMC,14,1203,0.35896704,0.55827314
HMC,14,1220,-0.13035038,0.37801281
HMC,14,1237,-0.56259435,0.32168624
HMC,14,1253,0.61201602,1.13968086
HMC,14,1270,0.46411255,0.75386524
HMC,14,1287,0.54232556,0.87850702
HMC,14,1304,0.31719303,0.62229383
HMC,14,1320,0.15162291,0.13426457
HMC,14,1337,-0.37676316,0.07726352
HMC,14,1354,0.02667227,-0.03297916
HMC,14,1370,-0.44585967,0.23968937
HMC,14,1387,0.37504280,0.63829583
HMC,14,1404,0.24760145,0.38052315
HMC,14,1421,-0.53576046,-0.44152996
HMC,14,1437,-0.51161623,-0.47485077
HMC,14,1454,-0.44973126,0.58773637
HMC,14,1471,0.27665451,0.48984170
HMC,14,1487,-0.47567090,0.29692832
HMC,14,1504,-0.75875181,0.53537053
HMC,14,1521,0.14012128,0.29904523
HMC,14,1538,-0.31254855,0.37732944
HMC,14,1554,0.48032475,0.81086576
HMC,14,1571,-0.25506440,0.32787493
HMC,14,1588,0.13923596,0.50702959
HMC,14,1605,0.28059125,0.46294254
HMC,14,1621,-0.10397583,0.22124128
HMC,14,1638,0.26205885,0.44944733
HMC,14,1655,0.79484421,1.24584496
HMC,14,1671,1.04145324,1.65632224
HMC,14,1688,0.59923613,0.96528643
HMC,14,1705,0.52151728,0.97631311
HMC,14,1722,0.73018438,1.28242803
HMC,14,1738,0.09227333,0.37334895
HMC,14,1755,0.19958054,0.20744963
HMC,14,1772,0.02485535,0.16712657
HMC,14,1788,-0.23643576,0.36944601
HMC,14,1805,-0.19174196,0.39145714
HMC,14,1822,-0.51267844,-0.66817141
HMC,14,1839,-0.94306445,-1.52535582
HMC,14,1855,-0.89479643,-1.42975271
HMC,14,1872,-0.78167957,-1.19418752
HMC,14,1889,-0.42922062,0.34943771
HMC,14,1905,0.03807512,0.15748511
HMC,14,1922,-0.18348408,0.41022775
HMC,14,1939,0.02447326,0.08540874
HMC,14,1956,0.01294893,0.25819582
HMC,14,1972,0.26412338,0.18182619
HMC,14,1989,-0.44505820,0.19641843
HMC,14,2006,0.53534156,0.96930933
HMC,14,2023,0.55662543,0.73219961
HMC,14,2039,0.64620024,1.26587868
HMC,14,2056,0.64534140,1.05504739
HMC,14,2073,-0.10328111,0.26646960
HMC,14,2089,0.42698112,0.83724296
HMC,14,2106,0.61933386,0.80412686
HMC,14,2123,-0.41427156,-0.15150127
HMC,14,2140,-0.38208938,0.32003734
HMC,14,2156,0.19537176,0.19557302
HMC,14,2173,-0.17154716,0.43957588
HMC,14,2190,-0.17208946,0.39073184
HMC,14,2206,0.03491823,0.03198113
HMC,14,2223,-0.59372485,-0.85789078
HMC,14,2240,-0.62760437,-0.83696651
HMC,14,2257,-0.61049819,-0.79221922
HMC,14,2273,-0.44799134,-0.13957408
HMC,14,2290,-0.46049467,0.34718704
HMC,14,2307,-0.47924247,-0.43115541
HMC,14,2323,-0.48952577,-0.48287952
HMC,14,2340,-0.74108416,-1.19214141
HMC,14,2357,-0.69699538,-1.03175306
HMC,14,2374,0.22720137,0.36160168
HMC,14,2390,0.70758748,1.23326957
HMC,14,2407,0.85722297,1.27560031
HMC,14,2424,-0.09289197,0.43589449
HMC,14,2440,-0.23499326,0.31422770
HMC,14,2457,-0.40644988,0.37208158
HMC,14,2474,0.27287102,0.19570571
HMC,14,2491,0.42834112,0.45705622
HMC,14,2507,-0.32254177,0.35206828
HMC,14,2524,-0.57446468,0.50811595
HMC,14,2541,-0.46123597,0.38410372
HMC,14,2558,-0.40069711,-0.41834977
HMC,14,2574,-0.57310390,0.45398504
HMC,14,2591,0.03434690,0.52842796
HMC,14,2608,0.38284719,0.12054796
HMC,14,2624,0.48319557,0.43868902
HMC,14,2641,0.93770206,1.52158320
HMC,14,2658,0.38972315,0.64842063
HMC,14,2675,0.56281435,0.84895498
HMC,14,2691,0.86997843,1.46530855
HMC,14,2708,0.56934220,1.03014100
HMC,14,2725,0.60911071,1.01627958
HMC,14,2741,0.78622586,1.33514881
HMC,14,2758,1.40276337,2.15176225
HMC,14,2775,1.31148958,1.87680912
HMC,14,2792,0.78341985,1.30815423
HMC,14,2808,0.80895561,1.35015845
HMC,14,2825,0.69225615,1.25695300
HMC,14,2842,-0.39327022,-0.38701537
HMC,14,2858,-0.22176683,0.36451700
HMC,14,2875,-0.64391375,0.23772618
HMC,14,2892,0.83947861,1.24772024
HMC,14,2909,0.72590911,1.35780942
HMC,14,2925,0.44923589,0.84779137
HMC,14,2942,0.50978732,0.95483583
HMC,14,2959,0.32875997,0.59526038
HMC,14,2975,-0.27876741,0.32217422
HMC,14,2992,-0.35418007,0.38879222
HMC,14,3009,0.31864250,0.22401032
HMC,14,3026,0.24415325,0.32937577
HMC,14,3042,0.06238782,0.40780172
HMC,14,3059,0.18012984,0.17689306
HMC,14,3076,0.10432093,0.39202634
HMC,14,3093,0.05068168,0.29879218
HMC,14,3109,-0.06554195,0.36279318
HMC,14,3126,0.44444939,0.76780915
HMC,14,3143,-0.09399812,0.05892456
HMC,14,3159,0.15789278,0.45618913
HMC,14,3176,-0.25007191,0.18241721
HMC,14,3193,0.54323423,0.96355093
HMC,14,3210,0.19482955,0.39095911
HMC,14,3226,-0.04760095,0.36871180
HMC,14,3243,0.43925351,0.84625500
HMC,14,3260,0.11626240,0.42428893
HMC,14,3276,-0.25170121,0.36476108
HMC,14,3293,-0.52862138,-0.15029494
HMC,14,3310,-0.10280810,-0.01431751
HMC,14,3327,0.38072756,0.69019675
HMC,14,3343,0.57810420,0.92438519
HMC,14,3360,0.64504158,1.04691136
HMC,14,3377,0.63978213,1.17248797
HMC,14,3393,0.55609411,0.99569082
HMC,14,3410,-0.05582620,0.23506697
HMC,14,3427,0.52048123,0.86857551
HMC,14,3444,0.69057882,1.08578634
HMC,14,3460,0.62021148,1.03315425
HMC,14,3477,0.65187109,1.10405540
HMC,14,3494,0.91535252,1.60746098
HMC,14,3511,0.58591431,0.89338940
HMC,14,3527,0.42539370,0.68077153
HMC,14,3544,0.65071851,1.01893294
HMC,14,3561,-0.54948276,0.44097310
HMC,14,3577,-0.65422463,0.55847549
HMC,14,3594,0.54112923,0.81097472
HMC,14,3611,-0.00303796,0.36020169
HMC,14,3628,-0.25950408,0.40474889
HMC,14,3644,-0.37977767,0.44388989
HMC,14,3661,0.64027745,1.01721060
HMC,14,3678,0.59737360,0.89148027
HMC,14,3694,0.52095979,0.85401762
HMC,14,3711,0.24634776,0.20781924
HMC,14,3728,0.69029224,1.27531946
HMC,14,3745,0.32017511,0.52652985
HMC,14,3761,-0.39612508,0.13784276
HMC,14,3778,0.10057104,0.41323602
HMC,14,3795,-0.19998758,0.43476564
HMC,14,3811,0.07417605,0.40312609
HMC,14,3828,-0.00038127,0.19391513
HMC,14,3845,-0.35448998,0.15559383
HMC,14,3862,-0.15079223,0.07773602
HMC,14,3878,0.69392550,1.10799384
HMC,14,3895,1.14672220,1.66701317
HMC,14,3912,1.68839264,2.06123233
HMC,14,3928,1.59564936,2.28429413
HMC,14,3945,0.03372049,0.46460554
HMC,14,3962,0.10844075,0.35853067
HMC,14,3979,0.19346623,0.49761847
HMC,14,3995,-0.34816161,0.36920768
HMC,14,4012,0.31146631,0.50056607
HMC,14,4029,0.32283965,0.29155552
HMC,14,4046,-0.08360711,0.40377563
HMC,14,4062,-0.60419017,0.22953014
HMC,14,4079,-0.14347716,0.24442294
HMC,14,4096,-0.08947458,0.50137621
HMC,14,4112,0.38493252,0.23065528
HMC,14,4129,0.50954759,0.80369943
HMC,14,4146,0.77833885,1.38195658
HMC,14,4163,0.55231965,1.07831621
HMC,14,4179,-0.09052043,0.41009817
HMC,14,4196,-0.03927085,0.18572967
HMC,14,4213,-0.52789605,-0.55508775
HMC,14,4229,-0.20273213,0.46500143
HMC,14,4246,-0.26728752,0.36188433
HMC,14,4263,0.21048172,0.41232476
HMC,14,4280,-0.56520766,-0.72156179
HMC,14,4296,-0.75924039,-1.25197637
HMC,14,4313,-0.85757786,-1.41046941
HMC,14,4330,-1.07056475,-1.87917840
HMC,14,4346,-0.83818024,-1.28429031
HMC,14,4363,-0.48781174,-0.31592330
HMC,14,4380,0.10872294,0.43450093
HMC,14,4397,-0.22970426,0.44475508
HMC,14,4413,-0.47785163,0.43749785
HMC,14,4430,0.28649265,0.47480649
HMC,14,4447,-0.02633920,0.28293255
HMC,14,4463,0.16623615,0.12261938
HMC,14,4480,-0.49477977,-0.07567855
HMC,14,4497,0.12710455,0.25070491
HMC,14,4514,-0.38602740,0.10268935
HMC,14,4530,0.34523851,0.26340026
HMC,14,4547,-0.73617089,0.24097113
HMC,14,4564,0.65619552,1.03707349
HMC,14,4581,0.50862688,0.84808266
HMC,14,4597,0.22740446,0.57864541
HMC,14,4614,0.62087232,0.69150448
HMC,14,4631,1.10314178,1.65443587
HMC,14,4647,0.68244910,1.11172855
HMC,14,4664,0.72581655,1.36013269
HMC,14,4681,-0.14580590,0.24754968
HMC,14,4698,0.29685527,0.13501164
HMC,14,4714,0.23656142,0.11847142
HMC,14,4731,-0.31193203,0.35601610
HMC,14,4748,0.10172124,0.26924798
HMC,14,4764,-0.04106028,0.22145829
HMC,14,4781,0.12069356,0.42121762
HMC,14,4798,-0.28754422,0.12752053
HMC,14,4815,-0.53768557,-0.46859416
HMC,14,4831,-0.79980850,-1.15964389
HMC,14,4848,-1.05411756,-1.85641026
HMC,14,4865,-0.86296391,-1.39882433
HMC,14,4881,-1.21622956,-2.16947079
HMC,14,4898,-1.10986030,-1.94952309
HMC,14,4915,-0.72116536,-1.09244740
HMC,14,4932,0.32890132,0.04193898
HMC,14,4948,0.40475836,0.66069007
HMC,14,4965,0.28954268,0.69691414
HMC,14,4982,-0.17397228,0.52437437
HMC,14,4999,0.08415677,0.29862383
HMC,15,0,-0.18520345,0.37146282
HMC,15,16,0.00128566,0.47931716
HMC,15,33,-0.13313398,0.04762684
HMC,15,50,0.32698387,-0.10957176
HMC,15,66,0.29682636,0.26158905
HMC,15,83,0.53766781,0.89441621
HMC,15,100,0.57288313,0.98473275
HMC,15,117,1.31889558,1.95940149
HMC,15,133,1.18530011,1.82732928
HMC,15,150,1.24116087,1.82594264
HMC,15,167,0.92006361,1.57218027
HMC,15,183,0.66245162,1.20814681
HMC,15,200,0.67640519,1.20659995
HMC,15,217,0.96299797,1.39371657
HMC,15,234,0.43247369,0.63063955
HMC,15,250,0.47529507,0.91230559
HMC,15,267,0.41786712,0.74891371
HMC,15,284,0.48755214,0.29461071
HMC,15,300,-0.42831299,-0.03826450
HMC,15,317,-0.15479711,0.23051038
HMC,15,334,0.57189476,0.47534510
HMC,15,351,-0.59841448,-0.83567613
HMC,15,367,-0.62804216,-0.90504813
HMC,15,384,-0.83184278,-1.36360300
HMC,15,401,-0.69672233,-0.97894394
HMC,15,417,-0.68675578,-1.00307155
HMC,15,434,-0.73112214,-1.03737664
HMC,15,451,-0.73295581,-1.09730887
HMC,15,468,-0.52859521,-0.23282671
HMC,15,484,-0.54059756,-0.40324640
HMC,15,501,-0.71480173,-0.99779379
HMC,15,518,-0.80803996,-1.30988026
HMC,15,535,-0.78560835,-1.25289834
HMC,15,551,-0.52373612,-0.56582993
HMC,15,568,-0.67275149,-0.95330346
HMC,15,585,-0.80917138,-1.31449378
HMC,15,601,-0.60121429,-0.79784077
HMC,15,618,-0.45702845,-0.36461762
HMC,15,635,-0.37714115,0.39112985
HMC,15,652,-0.51750678,0.15267651
HMC,15,668,-0.52007580,0.51033390
HMC,15,685,0.18730697,-0.05522742
HMC,15,702,0.34646851,0.42249352
HMC,15,718,0.44674706,0.66675311
HMC,15,735,0.10190617,0.47861478
HMC,15,752,-0.12153917,0.38428494
HMC,15,769,-0.17178883,0.27149522
HMC,15,785,-0.02993068,0.18992604
HMC,15,802,0.36134282,0.72638667
HMC,15,819,-0.17757303,0.17727870
HMC,15,835,0.17801955,0.60446280
HMC,15,852,0.11371038,0.23474027
HMC,15,869,0.00705046,0.39439166
HMC,15,886,-0.32204577,0.12060707
HMC,15,902,-0.39991376,0.54806763
HMC,15,919,-0.57111967,-0.49293324
HMC,15,936,-0.52885723,-0.54896080
HMC,15,952,-0.60359579,-0.77866817
HMC,15,969,-0.68471301,-0.97706282
HMC,15,986,-0.51454479,-0.64673597
HMC,15,1003,-0.66065246,-0.94787401
HMC,15,1019,-0.52816188,-0.61288106
HMC,15,1036,-0.91064751,-1.45157361
HMC,15,1053,-0.73506105,-0.95367467
HMC,15,1070,-1.08458281,-1.86184669
HMC,15,1086,-1.23145282,-2.18481112
HMC,15,1103,-1.03228390,-1.79522359
HMC,15,1120,-0.64508051,-0.85914344
HMC,15,1136,-0.46524429,-0.40423638
HMC,15,1153,-0.48815778,0.52560592
HMC,15,1170,-0.08905238,0.40054631
HMC,15,1187,-0.05190670,0.31033367
HMC,15,1203,-0.06202439,0.33111474
HMC,15,1220,-0.31044960,0.36050844
HMC,15,1237,0.87157524,1.45937872
HMC,15,1253,0.33775535,0.68982303
HMC,15,1270,0.57311416,1.07798457
HMC,15,1287,1.45160580,2.11656117
HMC,15,1304,0.56126684,0.89857346
HMC,15,1320,0.12295283,0.01202453
HMC,15,1337,-0.27062315,0.32963455
HMC,15,1354,-0.17694239,0.14077349
HMC,15,1370,0.47456256,0.72431022
HMC,15,1387,-0.51885945,0.40379596
HMC,15,1404,-0.42314246,0.18505773
HMC,15,1421,-0.22906907,0.30286548
HMC,15,1437,-0.00926282,0.25142938
HMC,15,1454,-0.69197708,-1.05627632
HMC,15,1471,-0.50497639,-0.06164344
HMC,15,1487,-0.46557185,0.49908406
HMC,15,1504,0.22822201,0.11128183
HMC,15,1521,0.32749715,0.68077481
HMC,15,1538,0.62979966,1.06777763
HMC,15,1554,0.26765984,0.46621019
HMC,15,1571,0.04220712,0.17138293
HMC,15,1588,-0.52136689,-0.61447763
HMC,15,1605,0.01882549,0.14007144
HMC,15,1621,-0.59110701,0.08823550
HMC,15,1638,0.14236821,-0.00798867
HMC,15,1655,-0.26430112,0.24859004
HMC,15,1671,-0.47775933,-0.05144637
HMC,15,1688,0.11031929,0.14712463
HMC,15,1705,0.32953686,0.42313844
HMC,15,1722,0.88985068,1.45812976
HMC,15,1738,0.27193415,0.28774688
HMC,15,1755,-0.05953168,0.28925243
HMC,15,1772,0.15044919,0.30942512
HMC,15,1788,0.36208400,0.65686381
HMC,15,1805,0.00160734,0.46053723
HMC,15,1822,0.30652282,0.52259731
HMC,15,1839,0.78342479,1.33128572
HMC,15,1855,0.66703981,1.18664646
HMC,15,1872,0.54980534,1.03442752
HMC,15,1889,1.00962222,1.51638258
HMC,15,1905,-0.10301207,0.26556429
HMC,15,1922,0.08179453,0.17739391
HMC,15,1939,0.13802281,0.00569657
HMC,15,1956,0.38932112,0.57033169
HMC,15,1972,0.21762677,0.44412583
HMC,15,1989,-0.16301692,0.15083352
HMC,15,2006,-0.70471030,0.49837485
HMC,15,2023,0.19474298,0.32693046
HMC,15,2039,0.24678299,0.31353554
HMC,15,2056,-0.63364291,-0.74553746
HMC,15,2073,-0.58239609,-0.59732866
HMC,15,2089,-0.23644844,0.44031453
HMC,15,2106,-0.20943892,0.38177320
HMC,15,2123,-0.04942571,0.37898961
HMC,15,2140,-0.03509344,0.19941823
HMC,15,2156,0.49586385,0.94338238
HMC,15,2173,-0.45797369,0.44395077
HMC,15,2190,0.14825737,0.16905253
HMC,15,2206,0.29366419,0.21763292
HMC,15,2223,0.06255709,0.27311552
HMC,15,2240,-0.26137301,0.15766342
HMC,15,2257,0.70812738,1.24075973
HMC,15,2273,1.32386792,2.07630920
HMC,15,2290,0.96004534,1.60644293
HMC,15,2307,0.55847603,1.04680455
HMC,15,2323,-0.47301456,0.44516930
HMC,15,2340,0.04043537,0.41700169
HMC,15,2357,-0.40305978,0.17825037
HMC,15,2374,-0.20834249,0.37045363
HMC,15,2390,0.21292171,0.43974578
HMC,15,2407,0.15589221,0.48304510
HMC,15,2424,-0.24139206,0.44323701
HMC,15,2440,-0.10324638,0.39814323
HMC,15,2457,0.01797749,0.34277174
HMC,15,2474,0.34975040,0.38601103
HMC,15,2491,-0.54493004,-0.41170672
HMC,15,2507,-0.39846292,0.41254121
HMC,15,2524,0.00569271,0.34618965
HMC,15,2541,-0.38016093,0.41085440
HMC,15,2558,-0.18879640,0.21056901
HMC,15,2574,-0.12330129,0.01914088
HMC,15,2591,0.26749516,0.58719850
HMC,15,2608,-0.60153109,-0.63045472
HMC,15,2624,-0.66306067,-0.83060414
HMC,15,2641,-0.73613930,-1.12856376
HMC,15,2658,-1.03621209,-1.83611131
HMC,15,2675,-1.19670904,-2.12710309
HMC,15,2691,-1.03836358,-1.81318879
HMC,15,2708,-0.37772861,0.25738174
HMC,15,2725,0.29193312,0.02362606
HMC,15,2741,0.35038605,0.68241161
HMC,15,2758,-0.30664992,0.41172624
HMC,15,2775,-0.29709226,0.43907309
HMC,15,2792,-0.11910991,0.39059803
HMC,15,2808,-0.11512548,0.33946005
HMC,15,2825,0.72307420,1.28970194
HMC,15,2842,0.80941713,1.12165964
HMC,15,2858,0.74481213,1.34137571
HMC,15,2875,0.91707212,1.53413367
HMC,15,2892,0.86353225,1.41062093
HMC,15,2909,0.87512261,1.51780057
HMC,15,2925,-0.35208726,0.33115247
HMC,15,2942,0.39814639,0.59423357
HMC,15,2959,0.46262717,0.82336503
HMC,15,2975,0.15419389,0.06833963
HMC,15,2992,-0.05958329,0.11857567
HMC,15,3009,0.09305315,0.16614470
HMC,15,3026,0.43092757,0.05931413
HMC,15,3042,-0.65902269,-0.19130872
HMC,15,3059,0.13693944,0.56341904
HMC,15,3076,1.04190338,1.78973508
HMC,15,3093,0.47691685,0.72034729
HMC,15,3109,0.35124651,0.40315306
HMC,15,3126,0.45450562,0.59502780
HMC,15,3143,0.08491760,0.11573311
HMC,15,3159,-0.24777834,0.02987556
HMC,15,3176,-0.15627770,0.25803602
HMC,15,3193,0.33777529,0.51525211
HMC,15,3210,-0.35138133,0.53993958
HMC,15,3226,0.09810547,0.29407611
HMC,15,3243,0.13891450,0.42306250
HMC,15,3260,0.96766657,1.73247516
HMC,15,3276,0.83466846,1.41317225
HMC,15,3293,0.65366912,1.14374161
HMC,15,3310,0.71832997,1.18205082
HMC,15,3327,0.50505549,0.99208331
HMC,15,3343,0.10883281,0.02500754
HMC,15,3360,0.29501951,-0.09682816
HMC,15,3377,-0.38515997,0.36959797
HMC,15,3393,-0.70611954,-1.05186403
HMC,15,3410,0.42264462,0.20711638
HMC,15,3427,0.31476352,0.25168130
HMC,15,3444,0.44252199,0.58880895
HMC,15,3460,-0.03927583,0.34010962
HMC,15,3477,0.21106078,0.15045278
HMC,15,3494,0.26168159,0.49000195
HMC,15,3511,0.25905353,0.21142454
HMC,15,3527,-0.37687358,-0.18189685
HMC,15,3544,0.55509359,0.96176982
HMC,15,3561,-0.49716932,0.47834191
HMC,15,3577,-0.17477696,0.41033763
HMC,15,3594,0.32755342,0.51282084
HMC,15,3611,0.33460867,0.37195247
HMC,15,3628,0.26866972,0.19663292
HMC,15,3644,0.25779730,0.15094858
HMC,15,3661,-0.15637101,0.40162241
HMC,15,3678,-0.46864244,-0.36782622
HMC,15,3694,-0.85653234,-1.42038000
HMC,15,3711,-0.90722483,-1.48863077
HMC,15,3728,-0.85059243,-1.41145563
HMC,15,3745,-1.04007590,-1.80543458
HMC,15,3761,-0.76023734,-1.06916749
HMC,15,3778,-1.10780299,-1.96015513
HMC,15,3795,-0.88095152,-1.46918333
HMC,15,3811,-0.66842186,-1.03860033
HMC,15,3828,-0.59954125,-0.84326690
HMC,15,3845,-0.84735245,-1.37769735
HMC,15,3862,-0.77567637,-1.19373107
HMC,15,3878,-0.54064608,-0.68503350
HMC,15,3895,-0.76891196,-1.14014471
HMC,15,3912,-0.93719095,-1.57702708
HMC,15,3928,-0.74814248,-1.10432172
HMC,15,3945,-0.90713209,-1.49785066
HMC,15,3962,-0.70120394,-1.00523925
HMC,15,3979,0.01001155,0.03915705
HMC,15,3995,0.24923398,0.45405149
HMC,15,4012,-0.02090971,0.35426322
HMC,15,4029,-0.29812980,0.42273015
HMC,15,4046,-0.09918384,0.45256737
HMC,15,4062,-0.21207234,0.43615255
HMC,15,4079,-0.48238257,0.43255746
HMC,15,4096,-0.55885321,-0.44888881
HMC,15,4112,-0.17840825,0.21120688
HMC,15,4129,0.01703025,0.25818899
HMC,15,4146,0.21056424,0.23561844
HMC,15,4163,0.40823931,0.41245133
HMC,15,4179,0.51813555,0.55898410
HMC,15,4196,0.87139803,1.49818194
HMC,15,4213,0.75621569,1.23722470
HMC,15,4229,0.94215888,1.53755939
HMC,15,4246,1.83148468,2.40404916
HMC,15,4263,1.56040704,2.40876317
HMC,15,4280,1.25265276,1.74425983
HMC,15,4296,0.96799558,1.43704879
HMC,15,4313,0.48988342,0.86650139
HMC,15,4330,0.37387377,0.71019328
HMC,15,4346,0.43333641,0.78219867
HMC,15,4363,0.47458681,0.65888155
HMC,15,4380,0.73715341,1.26916242
HMC,15,4397,0.46544662,0.53747582
HMC,15,4413,-0.17893746,0.27039081
HMC,15,4430,0.43109882,0.88410658
HMC,15,4447,-0.54285264,0.47468013
HMC,15,4463,-0.64825940,0.49514100
HMC,15,4480,-0.20560776,0.33037415
HMC,15,4497,0.07549413,0.02281661
HMC,15,4514,-0.34496421,0.26315367
HMC,15,4530,-0.46099570,0.45490205
HMC,15,4547,0.21018510,0.50191987
HMC,15,4564,0.17231351,0.17760085
HMC,15,4581,-0.01659535,0.19493118
HMC,15,4597,-0.28468832,0.39699230
HMC,15,4614,0.57110351,0.01950114
HMC,15,4631,-0.26172176,0.40863943
HMC,15,4647,-0.24858654,0.46317065
HMC,15,4664,0.02023629,-0.08187380
HMC,15,4681,0.28328425,0.63159728
HMC,15,4698,0.92100525,1.42187023
HMC,15,4714,0.18572572,0.13769190
HMC,15,4731,-0.23760986,0.42462608
HMC,15,4748,0.15911756,0.17297727
HMC,15,4764,0.17778713,0.31732965
HMC,15,4781,0.52337503,0.96635371
HMC,15,4798,0.48697513,0.82333630
HMC,15,4815,-0.29522759,0.35549268
HMC,15,4831,0.06986357,0.20308107
HMC,15,4848,0.06732814,0.20278892
HMC,15,4865,-0.20796923,0.34213191
HMC,15,4881,0.07134134,0.01103371
HMC,15,4898,0.22638540,0.42341051
HMC,15,4915,-0.53124005,0.53161472
HMC,15,4932,-0.13053270,0.30646378
HMC,15,4948,-0.38969806,-0.34710193
HMC,15,4965,0.48281679,0.45546404
HMC,15,4982,-0.42358652,0.61039966
HMC,15,4999,-0.18313178,0.45132431
HMC,16,0,-0.51762235,-0.61243236
HMC,16,16,-0.50825155,-0.36531734
HMC,16,33,-0.58486235,-0.63444215
HMC,16,50,-0.41647166,-0.13490155
HMC,16,66,0.05983214,0.43371969
HMC,16,83,-0.01991298,0.35783377
HMC,16,100,0.74307561,1.08463728
HMC,16,117,0.51083499,0.82528442
HMC,16,133,-0.27156836,0.31912526
HMC,16,150,-0.26100495,0.51016253
HMC,16,167,-0.36907530,-0.07626997
HMC,16,183,0.22602582,0.49915600
HMC,16,200,0.46106938,0.71274525
HMC,16,217,-0.14457834,0.28765166
HMC,16,234,0.09019332,0.04163686
HMC,16,250,0.36688289,0.52472699
HMC,16,267,0.38488328,0.70187992
HMC,16,284,0.34220174,0.72404039
HMC,16,300,-0.23007989,0.28211367
HMC,16,317,0.08883000,0.53531742
HMC,16,334,-0.43082523,-0.36032552
HMC,16,351,-0.26903349,0.36493245
HMC,16,367,0.39673549,0.67429006
HMC,16,384,0.51439649,0.64871323
HMC,16,401,1.06193626,1.72133696
HMC,16,417,0.48068473,0.89567006
HMC,16,434,1.26199043,1.95214462
HMC,16,451,1.23487067,1.91775286
HMC,16,468,1.05366480,1.55938411
HMC,16,484,-0.29030734,-0.05852935
HMC,16,501,-0.27063322,0.25118908
HMC,16,518,-0.15450574,0.47184449
HMC,16,535,0.28447717,0.63073868
HMC,16,551,0.49351171,0.72399753
HMC,16,568,0.49161959,0.64756030
HMC,16,585,0.51196998,0.88515973
HMC,16,601,0.61371481,1.04035211
HMC,16,618,1.75842714,2.21095777
HMC,16,635,1.79273617,2.03686810
HMC,16,652,1.27366042,1.80444407
HMC,16,668,0.64606780,1.14598358
HMC,16,685,0.70193917,1.17584527
HMC,16,702,0.82707769,1.32526469
HMC,16,718,0.55416662,0.97305423
HMC,16,735,-0.06767058,0.32884291
HMC,16,752,0.35797232,0.72572249
HMC,16,769,1.01456320,1.65981567
HMC,16,785,0.70263290,1.27222407
HMC,16,802,1.02235830,1.64409018
HMC,16,819,0.64496279,1.11341763
HMC,16,835,0.42697808,0.68395942
HMC,16,852,0.09165435,0.22359915
HMC,16,869,0.18650627,0.62560642
HMC,16,886,-0.44296762,0.42866480
HMC,16,902,0.18355624,0.26928774
HMC,16,919,-0.12682529,0.46709386
HMC,16,936,0.17810529,0.22629711
HMC,16,952,0.70938098,1.29195321
HMC,16,969,0.60288978,0.94275928
HMC,16,986,0.68324041,1.05300653
HMC,16,1003,-0.05052154,0.18424566
HMC,16,1019,-0.59228301,-0.65320045
HMC,16,1036,-0.56520915,-0.67038220
HMC,16,1053,-0.85285115,-1.43667722
HMC,16,1070,-0.94087428,-1.58207428
HMC,16,1086,-0.72485763,-1.13841820
HMC,16,1103,-0.91608572,-1.53212821
HMC,16,1120,-0.99225760,-1.69362795
HMC,16,1136,-1.03789198,-1.81409013
HMC,16,1153,-1.15747654,-2.09095287
HMC,16,1170,-1.14718831,-2.04913282
HMC,16,1187,-0.96546310,-1.63953912
HMC,16,1203,-0.87508571,-1.44420612
HMC,16,1220,-0.93695027,-1.58458304
HMC,16,1237,-1.27874374,-2.30872560
HMC,16,1253,-0.88282275,-1.27230871
HMC,16,1270,-0.03717189,0.24684934
HMC,16,1287,-0.24591728,0.30862474
HMC,16,1304,0.14111184,0.42041367
HMC,16,1320,-0.45364466,0.57513481
HMC,16,1337,-0.03655110,-0.02851919
HMC,16,1354,0.36137727,0.55309111
HMC,16,1370,0.41946048,0.72859758
HMC,16,1387,-0.27887636,0.30498034
HMC,16,1404,-0.63598204,0.45159447
HMC,16,1421,-0.39726791,-0.13598415
HMC,16,1437,0.23069178,0.55317402
HMC,16,1454,0.07074109,0.21522482
HMC,16,1471,-0.37633857,0.34589562
HMC,16,1487,-0.56366652,0.39803702
HMC,16,1504,0.42529628,0.67346716
HMC,16,1521,1.65530074,2.49236465
HMC,16,1538,2.12819695,2.51139498
HMC,16,1554,2.19961286,2.87172818
HMC,16,1571,2.19302416,2.88147020
HMC,16,1588,1.82988501,2.53476954
HMC,16,1605,0.70777875,1.24231601
HMC,16,1621,0.35741487,0.42468455
HMC,16,1638,-0.47712541,-0.36440513
HMC,16,1655,0.02417006,0.12018009
HMC,16,1671,-0.21995874,0.27114654
HMC,16,1688,0.38805464,0.75621653
HMC,16,1705,0.84694636,1.27967870
HMC,16,1722,-0.45929098,0.17974748
HMC,16,1738,0.28691295,0.45652494
HMC,16,1755,0.02956283,0.31781620
HMC,16,1772,-0.22286664,0.28131324
HMC,16,1788,-0.64538467,-0.05592578
HMC,16,1805,0.68312019,1.21053004
HMC,16,1822,0.83159226,1.52667928
HMC,16,1839,0.89961928,1.53844476
HMC,16,1855,0.58381647,0.88668293
HMC,16,1872,0.47811848,0.72539908
HMC,16,1889,0.48370433,0.71747679
HMC,16,1905,1.39820015,2.12875056
HMC,16,1922,1.24854898,1.91710889
HMC,16,1939,0.38523757,0.30720836
HMC,16,1956,1.27487707,2.09019637
HMC,16,1972,1.65208149,2.27589774
HMC,16,1989,0.26665643,0.59847200
HMC,16,2006,0.40825054,0.72872233
HMC,16,2023,1.06168234,1.55572617
HMC,16,2039,0.97597510,1.58759165
HMC,16,2056,0.81120539,1.30783784
HMC,16,2073,0.86457175,1.39496005
HMC,16,2089,0.45985413,0.89899760
HMC,16,2106,0.46302947,0.80187470
HMC,16,2123,0.72287852,1.31019688
HMC,16,2140,1.61209381,2.22870111
HMC,16,2156,1.71563721,2.28872776
HMC,16,2173,1.23294210,1.83098447
HMC,16,2190,0.63437557,1.05841720
HMC,16,2206,0.70236045,1.31462169
HMC,16,2223,0.37211978,0.64427656
HMC,16,2240,-0.53990453,-0.38777438
HMC,16,2257,0.22648285,0.15389407
HMC,16,2273,-0.57982719,-0.13581586
HMC,16,2290,-0.47491530,-0.37105662
HMC,16,2307,-0.41910645,0.48455635
HMC,16,2323,0.56809759,0.84250283
HMC,16,2340,0.68102521,1.25986898
HMC,16,2357,0.09826925,0.55419940
HMC,16,2374,0.03672852,0.19820499
HMC,16,2390,0.11147836,0.40405491
HMC,16,2407,-0.46146768,0.20271155
HMC,16,2424,0.27842984,0.08584028
HMC,16,2440,0.42624271,0.82839364
HMC,16,2457,0.50902575,0.81930494
HMC,16,2474,0.36966732,0.63693213
HMC,16,2491,0.08520693,0.13495044
HMC,16,2507,-0.33340240,-0.02819619
HMC,16,2524,-0.30092686,0.26773396
HMC,16,2541,-0.04473095,0.43523043
HMC,16,2558,-0.38944498,0.50900990
HMC,16,2574,-0.33160418,-0.00869865
HMC,16,2591,-0.17650010,0.22503811
HMC,16,2608,-0.36866504,-0.23617756
HMC,16,2624,0.39271286,0.42403379
HMC,16,2641,-0.08234193,0.30052722
HMC,16,2658,0.25350964,0.19672304
HMC,16,2675,0.09241378,0.50397396
HMC,16,2691,0.55319488,0.99171895
HMC,16,2708,-0.48487952,0.39004570
HMC,16,2725,0.41992751,0.83352798
HMC,16,2741,1.52209961,1.88083756
HMC,16,2758,1.15442526,1.78208923
HMC,16,2775,1.17289674,1.81648886
HMC,16,2792,0.67712474,1.15487051
HMC,16,2808,1.06422067,1.50445557
HMC,16,2825,0.80657566,1.36887836
HMC,16,2842,0.59310240,1.15936744
HMC,16,2858,0.32536659,0.59664112
HMC,16,2875,0.36672100,0.55000240
HMC,16,2892,0.59413791,0.62453914
HMC,16,2909,0.41642359,0.53828835
HMC,16,2925,0.38818786,0.58372718
HMC,16,2942,0.23112564,0.41401988
HMC,16,2959,-0.60489577,-0.68772012
HMC,16,2975,-0.47167206,-0.00419644
HMC,16,2992,0.15700266,0.32571259
HMC,16,3009,-0.10947938,0.35325620
HMC,16,3026,-0.00720333,0.32392499
HMC,16,3042,0.15043333,0.06805417
HMC,16,3059,0.33570546,0.15034771
HMC,16,3076,-0.54925823,-0.50487977
HMC,16,3093,-0.33883971,0.23157525
HMC,16,3109,-0.39755684,-0.13263714
HMC,16,3126,-0.00678443,0.38155478
HMC,16,3143,-0.28747627,0.07005002
HMC,16,3159,0.57770461,1.04100454
HMC,16,3176,1.02772641,1.68419945
HMC,16,3193,0.90188241,1.36064076
HMC,16,3210,0.36904761,0.35848516
HMC,16,3226,0.37617043,0.66515398
HMC,16,3243,-0.31555843,-0.12830497
HMC,16,3260,0.04768409,0.43612874
HMC,16,3276,-0.07336448,0.20736748
HMC,16,3293,0.18530506,0.44878864
HMC,16,3310,0.38800785,0.54876518
HMC,16,3327,0.01593621,0.00342406
HMC,16,3343,-0.58034378,-0.59734333
HMC,16,3360,-0.64759243,-0.88245445
HMC,16,3377,-0.36858818,-0.13364969
HMC,16,3393,0.57497758,0.96659911
HMC,16,3410,0.70348668,1.18086123
HMC,16,3427,0.93244708,1.52748799
HMC,16,3444,0.64117241,1.16490996
HMC,16,3460,0.80695009,1.34830022
HMC,16,3477,0.77353549,1.36333466
HMC,16,3494,0.15897590,0.44730848
HMC,16,3511,-0.13412055,0.20949633
HMC,16,3527,0.02892508,0.25017866
HMC,16,3544,0.41347471,0.41474625
HMC,16,3561,0.75218529,1.35004306
HMC,16,3577,0.63326043,1.19620371
HMC,16,3594,0.61970443,1.00957847
HMC,16,3611,0.02716761,0.36504519
HMC,16,3628,0.08568887,0.04681550
HMC,16,3644,0.06107421,0.22520235
HMC,16,3661,0.21945821,0.01970575
HMC,16,3678,0.25974429,0.51498920
HMC,16,3694,-0.03757336,0.09813952
HMC,16,3711,-0.41868308,0.08818389
HMC,16,3728,-0.51769400,0.18675259
HMC,16,3745,-0.53413332,-0.39434123
HMC,16,3761,0.05612053,0.54672378
HMC,16,3778,0.77033353,1.19229770
HMC,16,3795,0.36646932,0.41966432
HMC,16,3811,-0.15910697,0.32182798
HMC,16,3828,0.49070606,0.83338165
HMC,16,3845,0.59837103,0.72215027
HMC,16,3862,0.22223191,0.12756856
HMC,16,3878,-0.56360370,-0.57640266
HMC,16,3895,0.32571334,0.51772004
HMC,16,3912,-0.43508410,-0.16496122
HMC,16,3928,-0.12742370,0.18026786
HMC,16,3945,-0.18685000,0.14954540
HMC,16,3962,-0.35102403,0.07139609
HMC,16,3979,-0.40433428,0.31468165
HMC,16,3995,-0.66557258,0.49485725
HMC,16,4012,-0.14776628,-0.01436168
HMC,16,4029,0.67687011,1.21455157
HMC,16,4046,-0.11818821,0.48138416
HMC,16,4062,-0.26378608,0.44835266
HMC,16,4079,-0.34419146,0.17711499
HMC,16,4096,-0.33423415,0.10458829
HMC,16,4112,0.22041579,0.00777180
HMC,16,4129,-0.29106531,-0.21121410
HMC,16,4146,0.14889315,0.21212906
HMC,16,4163,-0.28062007,0.17590632
HMC,16,4179,0.11373349,0.19214061
HMC,16,4196,-0.19169335,0.44662443
HMC,16,4213,0.10231733,0.55301809
HMC,16,4229,0.27291995,-0.05169722
HMC,16,4246,-0.30913585,0.48023653
HMC,16,4263,-0.39301094,0.52961802
HMC,16,4280,0.53716123,0.96794176
HMC,16,4296,1.04744697,1.71330106
HMC,16,4313,1.02577758,1.68706846
HMC,16,4330,0.57827377,0.98596108
HMC,16,4346,0.22555475,0.16956571
HMC,16,4363,-0.24721418,0.08279381
HMC,16,4380,-0.14282429,0.36262542
HMC,16,4397,-0.09282751,0.31984678
HMC,16,4413,0.43036139,0.66983891
HMC,16,4430,-0.43684834,0.46842355
HMC,16,4447,-0.41890669,0.45353687
HMC,16,4463,-0.46977204,0.54056525
HMC,16,4480,0.22437920,0.44384545
HMC,16,4497,0.01036202,0.11484820
HMC,16,4514,0.18206875,0.14348893
HMC,16,4530,-0.08958931,0.39107716
HMC,16,4547,-0.54419136,0.46111095
HMC,16,4564,0.19824377,0.34565040
HMC,16,4581,0.78865319,1.43599200
HMC,16,4597,0.73440307,1.34763718
HMC,16,4614,0.06690355,0.30898836
HMC,16,4631,0.44256571,0.45343810
HMC,16,4647,0.22878544,0.07322391
HMC,16,4664,0.34568736,0.40285999
HMC,16,4681,0.43722758,-0.11144121
HMC,16,4698,-0.36746314,0.41328725
HMC,16,4714,-0.46805701,0.14744151
HMC,16,4731,0.04143864,0.29988962
HMC,16,4748,-0.07958259,0.12219457
HMC,16,4764,-0.26682496,0.15178153
HMC,16,4781,-0.35667834,0.35262352
HMC,16,4798,0.30011022,0.22322118
HMC,16,4815,-0.31570756,0.19334580
HMC,16,4831,-0.10930187,0.25063440
HMC,16,4848,0.53993505,1.00475848
HMC,16,4865,1.11181676,1.81565630
HMC,16,4881,1.07051539,1.69549942
HMC,16,4898,0.98320532,1.52958035
HMC,16,4915,1.60435843,2.30778670
HMC,16,4932,1.11804378,1.67028558
HMC,16,4948,0.84119105,1.44616246
HMC,16,4965,1.08816564,1.70800865
HMC,16,4982,0.83832413,1.50851595
HMC,16,4999,0.39004380,0.40333784
HMC,17,0,0.54841489,0.99407393
HMC,17,16,0.74052149,1.30422854
HMC,17,33,0.77483207,1.37465715
HMC,17,50,0.65633827,1.11030805
HMC,17,66,0.37780380,0.80753952
HMC,17,83,0.08859106,-0.04454599
HMC,17,100,0.60639459,0.92341340
HMC,17,117,0.10715782,0.15259866
HMC,17,133,-0.05582555,0.08038308
HMC,17,150,0.46346831,0.83621299
HMC,17,167,0.48872286,0.95818782
HMC,17,183,-0.28102040,0.38571361
HMC,17,200,-0.45478806,0.22577398
HMC,17,217,-0.14549649,0.45960748
HMC,17,234,0.44251484,0.76340032
HMC,17,250,0.49216080,0.90010345
HMC,17,267,0.11598508,0.28992581
HMC,17,284,0.00530007,0.30788103
HMC,17,300,-0.56631082,0.16073829
HMC,17,317,0.57298046,1.03583765
HMC,17,334,0.11686734,0.48476034
HMC,17,351,0.19058023,0.42234904
HMC,17,367,-0.12321763,0.24639307
HMC,17,384,0.15761787,0.16475849
HMC,17,401,0.04777080,0.31576359
HMC,17,417,-0.15891705,0.25201055
HMC,17,434,-0.06178736,0.32146299
HMC,17,451,0.41345564,0.88784450
HMC,17,468,1.34774053,1.93745077
HMC,17,484,0.63757080,1.23168564
HMC,17,501,0.93260586,1.56782889
HMC,17,518,0.98512739,1.64676881
HMC,17,535,0.60371858,1.06997740
HMC,17,551,1.48704243,2.02590227
HMC,17,568,0.65027684,1.16900420
HMC,17,585,1.16182005,1.85386503
HMC,17,601,0.99564809,1.63215017
HMC,17,618,0.08608364,0.21685244
HMC,17,635,0.40289959,0.93168932
HMC,17,652,0.09222069,0.46019578
HMC,17,668,0.11597554,0.39418742
HMC,17,685,-0.28803566,-0.11439228
HMC,17,702,-0.52630866,0.23508140
HMC,17,718,-0.13492426,0.34247801
HMC,17,735,0.24939486,0.35325241
HMC,17,752,-0.44786710,0.45277292
HMC,17,769,-0.45328009,0.05507628
HMC,17,785,0.15802751,0.42931092
HMC,17,802,-0.40077925,-0.40304378
HMC,17,819,-0.39345399,0.55047554
HMC,17,835,-0.50655961,0.28516147
HMC,17,852,-0.33556834,0.34184712
HMC,17,869,-0.53717625,0.38348651
HMC,17,886,0.23081070,-0.15798067
HMC,17,902,0.47206470,0.67028707
HMC,17,919,-0.16902936,0.25631070
HMC,17,936,1.11224020,1.72938669
HMC,17,952,1.23489416,1.77914274
HMC,17,969,1.08607554,1.62670112
HMC,17,986,0.64346629,1.08018100
HMC,17,1003,-0.23378409,0.43284383
HMC,17,1019,-0.03657873,0.27335653
HMC,17,1036,0.18052584,0.40814766
HMC,17,1053,0.19347027,0.31950161
HMC,17,1070,0.16293913,0.41217518
HMC,17,1086,0.18844441,0.59432822
HMC,17,1103,0.34217197,0.08033065
HMC,17,1120,0.18840574,-0.03281125
HMC,17,1136,-0.03996820,0.04431190
HMC,17,1153,-0.33279446,-0.12916537
HMC,17,1170,-0.54400355,-0.41369307
HMC,17,1187,-1.03742492,-1.79441643
HMC,17,1203,-1.47001231,-2.67839551
HMC,17,1220,-0.91963303,-1.57490802
HMC,17,1237,-1.01359212,-1.73526645
HMC,17,1253,-0.90601408,-1.55631590
HMC,17,1270,-0.11561955,0.06126908
HMC,17,1287,0.24146421,0.12934440
HMC,17,1304,0.14644250,0.08161159
HMC,17,1320,0.13122946,0.32936093
HMC,17,1337,0.11453413,0.20356099
HMC,17,1354,-0.10066829,0.37189510
HMC,17,1370,-0.11033097,-0.04031863
HMC,17,1387,-0.02900781,0.33041891
HMC,17,1404,0.10346891,0.32800195
HMC,17,1421,-0.38303995,0.29743737
HMC,17,1437,0.10642498,-0.03875582
HMC,17,1454,-0.05246324,0.39371672
HMC,17,1471,-0.12993802,0.15196617
HMC,17,1487,0.29472855,0.72963071
HMC,17,1504,-0.05500518,0.18713507
HMC,17,1521,-0.38476869,0.31128630
HMC,17,1538,-0.01297404,-0.03466427
HMC,17,1554,-0.13108853,0.47827879
HMC,17,1571,-0.19426286,0.27158445
HMC,17,1588,-0.24871030,0.49016276
HMC,17,1605,0.22930554,0.26435408
HMC,17,1621,0.02132037,0.32058483
HMC,17,1638,0.33971903,0.20584248
HMC,17,1655,-0.07032250,0.24329875
HMC,17,1671,-0.63121092,0.47308990
HMC,17,1688,0.60413808,0.99804729
HMC,17,1705,0.51109779,0.98801136
HMC,17,1722,0.17741852,0.30118346
HMC,17,1738,-0.40956730,-0.08497792
HMC,17,1755,0.43883914,0.48590729
HMC,17,1772,-0.07546809,0.28420112
HMC,17,1788,-0.10808956,0.39264908
HMC,17,1805,-0.24391001,0.21661229
HMC,17,1822,-0.65204221,-0.88274783
HMC,17,1839,-0.77498764,-1.24374223
HMC,17,1855,-0.61719120,-0.79413444
HMC,17,1872,-0.30231881,0.22623010
HMC,17,1889,0.20188963,0.05098832
HMC,17,1905,0.55502635,0.92839581
HMC,17,1922,-0.63046682,0.48152599
HMC,17,1939,0.02483899,0.37142476
HMC,17,1956,0.29127440,0.12680942
HMC,17,1972,-0.44633836,0.24655533
HMC,17,1989,-0.44349685,0.01497003
HMC,17,2006,0.16450335,0.48891476
HMC,17,2023,-0.30094424,0.39960748
HMC,17,2039,-0.18524402,0.26206127
HMC,17,2056,0.13749957,0.31729007
HMC,17,2073,0.25756708,0.50410366
HMC,17,2089,0.46264067,0.81165624
HMC,17,2106,-0.71402872,0.44005221
HMC,17,2123,-0.29794970,0.29865426
HMC,17,2140,-0.37226200,0.16465354
HMC,17,2156,-0.17444764,0.36057997
HMC,17,2173,0.53490084,1.01767373
HMC,17,2190,-0.30128390,0.44117418
HMC,17,2206,0.13724676,0.50917649
HMC,17,2223,-0.25442287,0.45868403
HMC,17,2240,-0.40294579,0.31669095
HMC,17,2257,-0.19742619,0.37748501
HMC,17,2273,0.33671549,0.58279544
HMC,17,2290,0.68396389,1.12930799
HMC,17,2307,0.55539697,1.07962692
HMC,17,2323,0.37350655,0.62061715
HMC,17,2340,0.59027404,1.02299118
HMC,17,2357,-0.31540963,0.42294818
HMC,17,2374,-0.68414992,-0.87584347
HMC,17,2390,-0.60811734,-0.81209385
HMC,17,2407,-0.92515290,-1.62006700
HMC,17,2424,-0.81377333,-1.33686888
HMC,17,2440,-0.77371407,-1.25553024
HMC,17,2457,-0.64418328,-0.84599882
HMC,17,2474,-0.50442636,-0.47605678
HMC,17,2491,-0.52355307,-0.41533586
HMC,17,2507,-0.52984446,-0.57281119
HMC,17,2524,-0.68036586,-0.99890381
HMC,17,2541,-0.72342592,-1.04693437
HMC,17,2558,-0.85500783,-1.44104409
HMC,17,2574,-0.81309181,-1.28438044
HMC,17,2591,-0.95394337,-1.65585732
HMC,17,2608,-1.08950818,-1.87474811
HMC,17,2624,-0.80063415,-1.17102456
HMC,17,2641,-0.86161906,-1.40973079
HMC,17,2658,-0.92652667,-1.53440869
HMC,17,2675,-0.93497735,-1.59184527
HMC,17,2691,-0.76229060,-1.23670602
HMC,17,2708,-0.55684787,-0.52829260
HMC,17,2725,-0.85082555,-1.38965440
HMC,17,2741,0.06665164,0.36581370
HMC,17,2758,0.46427178,0.16828331
HMC,17,2775,-0.02662860,0.06129035
HMC,17,2792,-0.60407954,-0.02181690
HMC,17,2808,0.52739888,0.64572483
HMC,17,2825,0.01002470,0.12846085
HMC,17,2842,0.75293154,1.30266893
HMC,17,2858,0.73082495,1.27931190
HMC,17,2875,-0.16941020,0.36420116
HMC,17,2892,0.15655720,0.43211126
HMC,17,2909,-0.01882915,0.32580125
HMC,17,2925,-0.09600658,0.08891566
HMC,17,2942,-0.16949220,0.36135539
HMC,17,2959,0.28778687,0.42029950
HMC,17,2975,0.14116096,0.39614782
HMC,17,2992,0.58878517,1.11709583
HMC,17,3009,0.48428982,0.86207289
HMC,17,3026,0.51921439,0.50944835
HMC,17,3042,-0.23870781,0.21476814
HMC,17,3059,0.51104927,0.86716580
HMC,17,3076,0.54167038,1.00215304
HMC,17,3093,0.65421033,1.10795033
HMC,17,3109,0.44053686,0.77114642
HMC,17,3126,0.90174258,1.40721047
HMC,17,3143,-0.56765765,0.61744684
HMC,17,3159,0.66325980,1.22881424
HMC,17,3176,0.84617519,1.40516722
HMC,17,3193,0.60077733,1.17983067
HMC,17,3210,0.79039079,1.31297565
HMC,17,3226,0.42040396,0.80049914
HMC,17,3243,0.76781482,1.33583403
HMC,17,3260,0.86829960,1.46936858
HMC,17,3276,0.97888333,1.64921379
HMC,17,3293,1.06018066,1.61388087
HMC,17,3310,-0.23754331,0.43488023
HMC,17,3327,0.73794585,1.35981452
HMC,17,3343,1.14313495,1.70209754
HMC,17,3360,0.79240876,1.25083947
HMC,17,3377,0.70483154,1.26727176
HMC,17,3393,-0.33156165,0.33563393
HMC,17,3410,-0.22563481,-0.05050476
HMC,17,3427,0.50239277,0.69524401
HMC,17,3444,0.30697590,0.59215975
HMC,17,3460,0.51499313,0.84579134
HMC,17,3477,0.27289400,0.32819003
HMC,17,3494,0.52324015,0.92083704
HMC,17,3511,0.05920276,0.08720354
HMC,17,3527,0.39067209,0.86881560
HMC,17,3544,0.48736522,0.68314582
HMC,17,3561,0.99853635,1.44591630
HMC,17,3577,0.46432120,0.94765353
HMC,17,3594,-0.23374945,0.43680504
HMC,17,3611,-0.24837098,0.06362980
HMC,17,3628,-0.45046607,0.25041121
HMC,17,3644,0.43320349,0.47304702
HMC,17,3661,-0.68946850,0.43689001
HMC,17,3678,0.08935638,0.23960175
HMC,17,3694,0.01700837,0.42948806
HMC,17,3711,-0.01598931,0.41066456
HMC,17,3728,0.53000808,1.02387893
HMC,17,3745,0.80312788,1.38977146
HMC,17,3761,0.38084856,0.53424448
HMC,17,3778,0.69408917,1.12468612
HMC,17,3795,0.22687782,-0.11917772
HMC,17,3811,-0.16672145,0.29214561
HMC,17,3828,0.97075421,1.48761559
HMC,17,3845,0.62065083,1.10620177
HMC,17,3862,0.62350839,0.80233443
HMC,17,3878,-0.27197146,0.10034546
HMC,17,3895,-0.05668019,0.52361888
HMC,17,3912,-0.17861290,0.45595655
HMC,17,3928,-0.01523499,0.08928709
HMC,17,3945,0.49821219,0.21614103
HMC,17,3962,0.12143196,0.41928047
HMC,17,3979,0.18688565,0.18932953
HMC,17,3995,0.40785095,0.24058595
HMC,17,4012,0.45092320,0.80508351
HMC,17,4029,0.89502710,1.27087021
HMC,17,4046,0.39267844,0.79770589
HMC,17,4062,0.99630731,1.62517476
HMC,17,4079,0.59363538,1.07643926
HMC,17,4096,-0.20152625,0.37002122
HMC,17,4112,-0.02616604,0.27738792
HMC,17,4129,-0.58120292,0.45218894
HMC,17,4146,-0.07374974,0.25666028
HMC,17,4163,0.29889649,0.24555600
HMC,17,4179,-0.30288857,0.36695793
HMC,17,4196,0.30023292,0.40325221
HMC,17,4213,-0.34331053,0.48708627
HMC,17,4229,-0.26623437,0.52881896
HMC,17,4246,-0.33931005,0.34102938
HMC,17,4263,0.46999449,0.88826543
HMC,17,4280,-0.23357986,0.31992182
HMC,17,4296,0.05999064,0.29867852
HMC,17,4313,0.34049186,0.33074698
HMC,17,4330,1.07660115,1.79070425
HMC,17,4346,0.63428760,0.98298496
HMC,17,4363,1.22023356,1.78351581
HMC,17,4380,-0.12286159,0.17839126
HMC,17,4397,0.46650389,0.40587699
HMC,17,4413,0.05967646,0.30814311
HMC,17,4430,-0.22030388,0.18153691
HMC,17,4447,-0.34951243,0.38747299
HMC,17,4463,0.12104790,0.48683757
HMC,17,4480,0.29627496,0.20630893
HMC,17,4497,0.23589492,0.47224882
HMC,17,4514,0.23227349,0.27342293
HMC,17,4530,-0.43138680,0.38253611
HMC,17,4547,-0.73105520,-1.05541885
HMC,17,4564,-0.86984044,-1.42573905
HMC,17,4581,-0.56925434,-0.68306983
HMC,17,4597,0.10096505,0.18047047
HMC,17,4614,-0.47980782,-0.17870814
HMC,17,4631,-0.82649976,-1.36248696
HMC,17,4647,-1.22872114,-2.20368958
HMC,17,4664,-1.19807529,-2.14361572
HMC,17,4681,-1.10561085,-1.96374714
HMC,17,4698,-1.17967534,-2.04928470
HMC,17,4714,-0.93512034,-1.60562348
HMC,17,4731,-1.09869373,-1.89788353
HMC,17,4748,-1.18194592,-2.06094217
HMC,17,4764,-1.11770129,-1.94811368
HMC,17,4781,-1.37453616,-2.48259258
HMC,17,4798,-1.15409124,-2.02445579
HMC,17,4815,-0.86570507,-1.46704364
HMC,17,4831,-0.73383057,-1.05846822
HMC,17,4848,-1.19248581,-2.11017632
HMC,17,4865,-1.62508929,-2.97434878
HMC,17,4881,-0.92281210,-1.57257760
HMC,17,4898,-0.95692098,-1.57622254
HMC,17,4915,-0.26255536,0.44653592
HMC,17,4932,-0.06239998,0.40302852
HMC,17,4948,-0.59312242,0.09008311
HMC,17,4965,-0.21259587,0.29435995
HMC,17,4982,0.13258798,0.15887511
HMC,17,4999,0.01556312,0.25077298
HMC,18,0,0.19860633,0.42251557
HMC,18,16,-0.28348422,0.37836754
HMC,18,33,0.09339921,0.31594884
HMC,18,50,0.17867866,0.49746272
HMC,18,66,0.09803748,0.27889627
HMC,18,83,0.06928448,0.26287419
HMC,18,100,-0.52450645,0.17493287
HMC,18,117,0.51476753,-0.23824894
HMC,18,133,0.23865466,0.45994791
HMC,18,150,0.25309905,0.24723364
HMC,18,167,1.07436788,1.69454825
HMC,18,183,0.83309335,1.45446479
HMC,18,200,1.00094461,1.48886943
HMC,18,217,0.92029291,1.47753930
HMC,18,234,1.10691762,1.80296552
HMC,18,250,1.26358795,2.04368019
HMC,18,267,1.68030941,2.28522372
HMC,18,284,1.09413755,1.65805006
HMC,18,300,0.53052837,0.89633453
HMC,18,317,0.30002096,0.28151727
HMC,18,334,0.24903163,0.37648281
HMC,18,351,-0.62372297,0.18739730
HMC,18,367,-0.74368560,-1.13488674
HMC,18,384,-1.17426431,-2.10020924
HMC,18,401,-0.82511169,-1.31095672
HMC,18,417,-1.10460997,-1.87291873
HMC,18,434,-0.89869201,-1.49884021
HMC,18,451,-0.49857527,-0.35196862
HMC,18,468,-0.53929359,-0.41960534
HMC,18,484,-0.15543769,0.42680407
HMC,18,501,-0.53287905,-0.10710490
HMC,18,518,-0.34984717,0.07597559
HMC,18,535,0.29080936,0.32936743
HMC,18,551,0.15064584,0.38030928
HMC,18,568,-0.13774683,0.33273277
HMC,18,585,0.32419354,0.43562791
HMC,18,601,0.27851182,0.25643313
HMC,18,618,0.12051716,0.05225554
HMC,18,635,-0.24146858,0.25248125
HMC,18,652,0.14139067,0.31075972
HMC,18,668,0.18848041,0.38818637
HMC,18,685,-0.24619924,0.28443137
HMC,18,702,-0.37410814,0.26562244
HMC,18,718,0.42413399,0.80140758
HMC,18,735,-0.18954867,0.41940802
HMC,18,752,-0.53883326,-0.27030298
HMC,18,769,-0.47979489,0.30005565
HMC,18,785,0.40205050,-0.15497103
HMC,18,802,-0.08761295,0.25272012
HMC,18,819,0.37478286,-0.12097290
HMC,18,835,-0.43180329,0.48264384
HMC,18,852,-0.06752317,0.24937846
HMC,18,869,-0.45535672,-0.49092239
HMC,18,886,-0.54081482,-0.71790099
HMC,18,902,-0.62250090,-0.79135489
HMC,18,919,-0.57819808,-0.70658875
HMC,18,936,-0.44269505,-0.35210705
HMC,18,952,0.09497191,0.21173535
HMC,18,969,0.12069356,0.44944105
HMC,18,986,0.18833943,0.09364010
HMC,18,1003,0.17982529,0.36142021
HMC,18,1019,0.12385400,0.18401441
HMC,18,1036,0.24352217,0.48855591
HMC,18,1053,-0.14547896,-0.15796021
HMC,18,1070,0.31702873,0.48030898
HMC,18,1086,0.78738987,1.26625586
HMC,18,1103,0.81234658,1.34602094
HMC,18,1120,0.51336491,0.92136085
HMC,18,1136,0.41220120,0.66878712
HMC,18,1153,0.46173057,0.67755109
HMC,18,1170,-0.04857253,0.28757754
HMC,18,1187,-0.59832352,0.55193573
HMC,18,1203,-0.37080258,-0.00584400
HMC,18,1220,-0.32263941,0.47439477
HMC,18,1237,-0.19314034,0.40380386
HMC,18,1253,0.58382535,0.95730692
HMC,18,1270,0.59739769,1.09867895
HMC,18,1287,0.54850614,0.94553220
HMC,18,1304,1.04589820,1.72845328
HMC,18,1320,0.67304617,1.12745011
HMC,18,1337,0.53118920,0.98199517
HMC,18,1354,-0.09396399,0.42630640
HMC,18,1370,-0.59940970,-0.69964260
HMC,18,1387,-0.70832956,-1.03642559
HMC,18,1404,-0.31104550,0.40227741
HMC,18,1421,0.22175013,0.35254055
HMC,18,1437,-0.45678937,-0.15072653
HMC,18,1454,-0.04308840,0.23521192
HMC,18,1471,0.28063256,0.50607711
HMC,18,1487,-0.02440029,0.30920434
HMC,18,1504,-0.01178866,0.40084821
HMC,18,1521,0.36828074,0.28667474
HMC,18,1538,-0.43717447,0.57706618
HMC,18,1554,0.36340013,0.49735305
HMC,18,1571,-0.50910717,0.39671156
HMC,18,1588,0.27360240,0.40102005
HMC,18,1605,0.19759300,0.41055617
HMC,18,1621,-0.56972855,0.44776690
HMC,18,1638,0.04922045,0.41256499
HMC,18,1655,0.26216379,0.35565126
HMC,18,1671,0.08076216,0.24970028
HMC,18,1688,-0.27058870,-0.24948154
HMC,18,1705,-0.36210150,-0.25751215
HMC,18,1722,-0.43450192,-0.05570681
HMC,18,1738,-0.23853253,0.06902353
HMC,18,1755,-0.01779732,0.39665815
HMC,18,1772,-0.04857668,0.11750042
HMC,18,1788,0.33113778,0.44723254
HMC,18,1805,-0.23696338,0.46546239
HMC,18,1822,0.13514541,0.45460641
HMC,18,1839,-0.35847855,0.36250943
HMC,18,1855,0.17973703,0.16070335
HMC,18,1872,-0.59248990,-0.38184249
HMC,18,1889,-0.64220250,-0.75355405
HMC,18,1905,0.54583037,0.96915489
HMC,18,1922,0.58681875,0.10478100
HMC,18,1939,-0.72934413,0.54813600
HMC,18,1956,-0.64549184,0.59029347
HMC,18,1972,0.04858025,0.15562104
HMC,18,1989,0.16198613,0.43144935
HMC,18,2006,-0.26199168,0.29774582
HMC,18,2023,0.04176569,-0.01548522
HMC,18,2039,0.44731966,0.86855555
HMC,18,2056,0.64052534,1.06149948
HMC,18,2073,-0.17801699,0.28205410
HMC,18,2089,0.12805608,0.52040458
HMC,18,2106,0.33838308,0.54295564
HMC,18,2123,0.12091634,0.20808019
HMC,18,2140,0.55523139,1.04575431
HMC,18,2156,0.86530697,1.50626171
HMC,18,2173,1.30009162,1.80534291
HMC,18,2190,1.28379476,1.94867754
HMC,18,2206,0.42461225,0.71479547
HMC,18,2223,0.61289507,1.19179058
HMC,18,2240,1.25104964,1.93021393
HMC,18,2257,0.57956809,1.03094649
HMC,18,2273,0.59311622,0.98906165
HMC,18,2290,0.96406186,1.43123436
HMC,18,2307,1.15296233,1.77542245
HMC,18,2323,1.40793478,2.02559543
HMC,18,2340,0.93365943,1.61936772
HMC,18,2357,0.87118423,1.36398816
HMC,18,2374,0.74766332,1.25010681
HMC,18,2390,0.85486042,1.46125293
HMC,18,2407,0.53011870,0.97800672
HMC,18,2424,-0.08570673,0.47811258
HMC,18,2440,-0.35995701,0.35291252
HMC,18,2457,-0.55021000,0.59958231
HMC,18,2474,-0.23916890,0.37260926
HMC,18,2491,0.07225654,0.28781000
HMC,18,2507,0.15028186,0.52728581
HMC,18,2524,0.07849330,0.48122463
HMC,18,2541,-0.29400501,-0.02650815
HMC,18,2558,-0.23392470,0.56356561
HMC,18,2574,-0.07658520,0.09793667
HMC,18,2591,0.70176876,1.14575636
HMC,18,2608,-0.30818263,0.11661606
HMC,18,2624,0.38581109,0.22015208
HMC,18,2641,0.19892497,0.51465893
HMC,18,2658,0.52425402,1.03244376
HMC,18,2675,0.82235795,1.31703436
HMC,18,2691,0.62004322,1.16247380
HMC,18,2708,0.47457999,0.82282615
HMC,18,2725,0.81897354,1.40849841
HMC,18,2741,0.57744497,1.00498199
HMC,18,2758,0.81724572,1.36895275
HMC,18,2775,0.50604755,0.85040909
HMC,18,2792,0.57188314,0.92175591
HMC,18,2808,-0.09483504,0.28197029
HMC,18,2825,0.28132772,0.51267266
HMC,18,2842,-0.27526790,0.32144442
HMC,18,2858,-0.08757382,0.45311534
HMC,18,2875,0.61405283,1.15720844
HMC,18,2892,0.92637968,1.50023997
HMC,18,2909,0.24291685,0.36296368
HMC,18,2925,0.30768731,-0.09741258
HMC,18,2942,-0.34035599,0.32961524
HMC,18,2959,-0.92369133,-1.59019947
HMC,18,2975,-1.60975111,-2.95210314
HMC,18,2992,-1.31826603,-2.35322428
HMC,18,3009,-0.88162339,-1.43951380
HMC,18,3026,-1.21245348,-2.15849423
HMC,18,3042,-0.75285560,-1.14787126
HMC,18,3059,-0.58644873,-0.14983766
HMC,18,3076,-0.16757119,0.32068032
HMC,18,3093,0.60509402,1.04014349
HMC,18,3109,0.36415461,0.74430102
HMC,18,3126,0.35119402,0.54174948
HMC,18,3143,0.24571408,-0.19903381
HMC,18,3159,-0.11813597,0.39583412
HMC,18,3176,0.00165724,0.29318994
HMC,18,3193,0.47114819,0.72371984
HMC,18,3210,-0.38906708,0.56458837
HMC,18,3226,0.24436343,0.40922323
HMC,18,3243,0.47356030,0.84140223
HMC,18,3260,0.65062493,1.20411158
HMC,18,3276,0.50854945,0.93615770
HMC,18,3293,0.73911428,1.30097151
HMC,18,3310,0.19897160,0.37677324
HMC,18,3327,0.56015760,1.02719283
HMC,18,3343,0.90263939,1.56877768
HMC,18,3360,1.12675059,1.64561021
HMC,18,3377,0.87039101,1.45459962
HMC,18,3393,0.53629929,0.84883624
HMC,18,3410,0.63489324,1.16501844
HMC,18,3427,0.67668450,1.10122275
HMC,18,3444,0.27425861,0.42407548
HMC,18,3460,0.23462006,0.29096496
HMC,18,3477,-0.31595469,0.29105943
HMC,18,3494,-0.65889835,0.35506076
HMC,18,3511,-0.46361399,0.41931060
HMC,18,3527,-0.44308794,-0.43176419
HMC,18,3544,-0.01706646,0.41376317
HMC,18,3561,0.04320172,0.20882559
HMC,18,3577,-0.00443876,0.21709038
HMC,18,3594,-0.70357639,0.55106723
HMC,18,3611,-0.18167117,0.37992725
HMC,18,3628,0.25967991,0.07251506
HMC,18,3644,0.16305403,0.09811182
HMC,18,3661,-0.05891284,0.32517213
HMC,18,3678,-0.09067344,0.44561896
HMC,18,3694,-0.39672148,0.44559824
HMC,18,3711,-0.43784961,-0.14811052
HMC,18,3728,0.64443046,1.07405829
HMC,18,3745,0.72119671,1.27189553
HMC,18,3761,0.58411431,1.17557657
HMC,18,3778,0.47696045,0.43710431
HMC,18,3795,0.04821761,0.12327512
HMC,18,3811,-0.26908451,0.48753199
HMC,18,3828,0.12506399,0.34603474
HMC,18,3845,0.53704846,1.01043200
HMC,18,3862,0.61492705,1.12962997
HMC,18,3878,0.58002710,0.96260172
HMC,18,3895,0.62108195,1.05537033
HMC,18,3912,0.14573145,0.26411685
HMC,18,3928,-0.22496434,0.43614322
HMC,18,3945,0.26870212,0.41061723
HMC,18,3962,0.42396608,0.70624673
HMC,18,3979,-0.39913023,-0.36247382
HMC,18,3995,-0.20738803,-0.00312395
HMC,18,4012,0.06969071,0.15954939
HMC,18,4029,-0.14008540,0.43990305
HMC,18,4046,-0.29299849,0.42492837
HMC,18,4062,-0.59617615,0.57157212
HMC,18,4079,-0.00906253,0.33460119
HMC,18,4096,-0.06862085,0.36943367
HMC,18,4112,-0.49859616,-0.40378401
HMC,18,4129,-0.69104290,-0.85395944
HMC,18,4146,-0.66547090,-0.90129012
HMC,18,4163,-0.64695120,-0.79996777
HMC,18,4179,-0.57244790,-0.75033689
HMC,18,4196,-0.59777665,-0.60452360
HMC,18,4213,-0.84428269,-1.46887183
HMC,18,4229,-0.84440506,-1.38655913
HMC,18,4246,-1.02524722,-1.77638340
HMC,18,4263,-1.08685315,-1.90806448
HMC,18,4280,-1.22391689,-2.22894216
HMC,18,4296,-0.84443897,-1.37652993
HMC,18,4313,-0.90508431,-1.57961142
HMC,18,4330,-0.60426158,-0.72753388
HMC,18,4346,0.17585973,0.46966290
HMC,18,4363,0.56500375,0.80026275
HMC,18,4380,0.47540396,0.83613366
HMC,18,4397,0.62248802,0.85330766
HMC,18,4413,0.26626393,0.43268117
HMC,18,4430,-0.30078951,0.10154413
HMC,18,4447,-0.31216660,0.34862760
HMC,18,4463,-0.16133420,0.38533679
HMC,18,4480,-0.48849118,0.35783467
HMC,18,4497,-0.23794337,0.03469037
HMC,18,4514,-0.41112566,0.56529266
HMC,18,4530,-0.33992624,0.35115188
HMC,18,4547,0.15152732,0.45001024
HMC,18,4564,-0.23837453,0.35142505
HMC,18,4581,0.30140513,0.51899749
HMC,18,4597,-0.09782699,0.45982811
HMC,18,4614,-0.99706560,-1.63094282
HMC,18,4631,-1.27359200,-2.32252383
HMC,18,4647,-1.75720012,-3.23454523
HMC,18,4664,-1.24816263,-2.23677850
HMC,18,4681,-0.45534548,-0.36364526
HMC,18,4698,0.17276679,0.42812648
HMC,18,4714,0.41153687,0.47564918
HMC,18,4731,0.62056077,1.11278093
HMC,18,4748,0.76940781,1.38799655
HMC,18,4764,0.58839262,1.02319217
HMC,18,4781,1.14276612,1.84678805
HMC,18,4798,-0.04591976,0.14384067
HMC,18,4815,0.01476021,0.13127713
HMC,18,4831,-0.03827703,0.13623041
HMC,18,4848,-0.38498366,0.06068277
HMC,18,4865,0.48205736,0.46108100
HMC,18,4881,-0.04163825,0.36742693
HMC,18,4898,-0.57199115,0.52225626
HMC,18,4915,-0.46477327,0.57937008
HMC,18,4932,0.20247905,0.40357962
HMC,18,4948,0.52748942,0.77287018
HMC,18,4965,1.25569272,1.89671552
HMC,18,4982,0.81699598,1.38779640
HMC,18,4999,0.50065899,0.93629944
HMC,19,0,0.45056105,0.70896167
HMC,19,16,0.35539940,0.45341641
HMC,19,33,-0.48348525,-0.18359670
HMC,19,50,-0.56366146,-0.51193738
HMC,19,66,-0.58336550,-0.75546080
HMC,19,83,-0.39682421,-0.07018219
HMC,19,100,0.06038726,0.30802077
HMC,19,117,-0.41215393,0.00218793
HMC,19,133,-0.25253263,0.30119339
HMC,19,150,0.04751068,0.30655691
HMC,19,167,0.28695652,0.39904347
HMC,19,183,0.16627902,0.10908482
HMC,19,200,0.02784363,0.14773250
HMC,19,217,0.44649339,0.44071272
HMC,19,234,-0.49913239,0.51610088
HMC,19,250,-0.29159191,0.55681586
HMC,19,267,-0.38737318,0.27530721
HMC,19,284,-0.70920449,-1.05466950
HMC,19,300,-0.88350427,-1.44142854
HMC,19,317,-0.64167809,-0.83539838
HMC,19,334,-0.80339634,-1.32427812
HMC,19,351,-0.72958338,-1.12749970
HMC,19,367,-0.44133195,0.14089389
HMC,19,384,-0.28582922,0.18842179
HMC,19,401,0.79960155,1.38069749
HMC,19,417,0.28020757,0.39236474
HMC,19,434,-0.09624661,0.27922454
HMC,19,451,-0.45030460,0.35898113
HMC,19,468,-0.22648396,0.52486920
HMC,19,484,0.18380582,0.41953573
HMC,19,501,-0.47071314,-0.05994965
HMC,19,518,-0.14930935,0.52356040
HMC,19,535,-0.18063325,0.45363390
HMC,19,551,-0.02350959,-0.01224522
HMC,19,568,-0.22241455,0.47466442
HMC,19,585,-0.33510569,0.19873233
HMC,19,601,-0.53644836,-0.56303424
HMC,19,618,-0.43271789,0.45413220
HMC,19,635,0.21111649,0.04750206
HMC,19,652,0.06557486,0.32422584
HMC,19,668,0.75619674,1.14373255
HMC,19,685,0.27624917,0.48221663
HMC,19,702,-0.51570445,0.37165383
HMC,19,718,0.89379650,1.35822272
HMC,19,735,1.36611211,1.68043804
HMC,19,752,1.23602557,1.74680817
HMC,19,769,0.40246609,0.64218569
HMC,19,785,0.42699319,-0.04070809
HMC,19,802,0.25138870,0.01386524
HMC,19,819,-0.40634194,0.29996997
HMC,19,835,-0.29440436,0.20295383
HMC,19,852,0.31616691,0.45759496
HMC,19,869,0.52466679,0.91423380
HMC,19,886,0.36072874,0.53538698
HMC,19,902,-0.16090189,0.33130646
HMC,19,919,0.65409058,1.18385172
HMC,19,936,0.38098344,0.71903461
HMC,19,952,0.22767712,-0.02987846
HMC,19,969,0.36402133,0.06627630
HMC,19,986,0.10179732,0.03709554
HMC,19,1003,0.26201302,0.67307287
HMC,19,1019,0.12108041,0.27388340
HMC,19,1036,0.00114726,0.38722664
HMC,19,1053,0.22375904,0.57460940
HMC,19,1070,0.09265362,0.50393999
HMC,19,1086,0.11999296,0.43193036
HMC,19,1103,-0.19475044,0.40581223
HMC,19,1120,-0.38678449,0.16596277
HMC,19,1136,0.28158152,0.64315319
HMC,19,1153,0.02108608,0.40467682
HMC,19,1170,-0.71008974,0.52014196
HMC,19,1187,-0.36832288,0.46067056
HMC,19,1203,-0.22431527,0.26380628
HMC,19,1220,-0.41725317,0.13534021
HMC,19,1237,-0.03571412,0.40388325
HMC,19,1253,0.04123270,0.41669089
HMC,19,1270,0.40491548,0.26146364
HMC,19,1287,0.46189654,0.60871685
HMC,19,1304,0.31799117,0.20493241
HMC,19,1320,0.36696357,0.62407726
HMC,19,1337,0.06340955,0.18792838
HMC,19,1354,0.16863780,0.47336233
HMC,19,1370,0.02515354,0.17009214
HMC,19,1387,1.42072368,2.04589939
HMC,19,1404,1.14509010,1.79938269
HMC,19,1421,0.84989613,1.52644575
HMC,19,1437,1.05145419,1.66577339
HMC,19,1454,0.77146631,1.36759079
HMC,19,1471,0.30510935,0.32780045
HMC,19,1487,-0.33893967,0.49255610
HMC,19,1504,-0.52108616,-0.01865109
HMC,19,1521,-0.75878412,-1.18554628
HMC,19,1538,-1.03206897,-1.75927424
HMC,19,1554,-0.61075282,-0.77116323
HMC,19,1571,-0.79827666,-1.25111783
HMC,19,1588,-0.85463107,-1.30941677
HMC,19,1605,-0.88555157,-1.45274699
HMC,19,1621,-0.90593135,-1.54167354
HMC,19,1638,-0.48110217,-0.52172470
HMC,19,1655,-0.60682774,-0.73797750
HMC,19,1671,-0.59724575,-0.78550959
HMC,19,1688,-0.67821765,-0.99188232
HMC,19,1705,-0.82204205,-1.30520046
HMC,19,1722,-0.62751746,-0.86807013
HMC,19,1738,-0.36309400,-0.18244855
HMC,19,1755,-0.41265428,0.30077997
HMC,19,1772,0.03961612,-0.04744584
HMC,19,1788,-0.40543923,0.54524571
HMC,19,1805,0.40855995,0.50083065
HMC,19,1822,0.27719846,0.47402167
HMC,19,1839,0.27016130,0.29483694
HMC,19,1855,0.14626610,0.27619234
HMC,19,1872,0.56257039,-0.11719820
HMC,19,1889,-0.08259788,0.13855910
HMC,19,1905,-0.73967910,0.40708363
HMC,19,1922,0.05715028,0.21713512
HMC,19,1939,0.53439367,0.41666436
HMC,19,1956,0.87046534,1.37196839
HMC,19,1972,0.46035653,0.61447400
HMC,19,1989,0.56996900,0.95380872
HMC,19,2006,0.58554703,1.06649148
HMC,19,2023,0.74851406,1.29970956
HMC,19,2039,1.11078763,1.80847454
HMC,19,2056,0.35484594,0.72420532
HMC,19,2073,0.42455450,0.59635288
HMC,19,2089,0.50414479,0.92547464
HMC,19,2106,0.83938181,1.45315301
HMC,19,2123,0.64048463,0.94758701
HMC,19,2140,0.71579272,1.30496097
HMC,19,2156,0.35521781,0.16847570
HMC,19,2173,-0.05954231,0.43512154
HMC,19,2190,0.07082954,0.39028686
HMC,19,2206,-0.05252305,0.29603815
HMC,19,2223,0.15936881,0.04472942
HMC,19,2240,-0.33878842,0.29711437
HMC,19,2257,0.50743598,0.85159516
HMC,19,2273,0.26204532,0.39197093
HMC,19,2290,0.96664977,1.48570466
HMC,19,2307,0.51471019,0.85144192
HMC,19,2323,0.61979383,1.06497884
HMC,19,2340,0.47709477,0.81941080
HMC,19,2357,0.56963640,1.08401108
HMC,19,2374,0.65243077,1.21680140
HMC,19,2390,0.63786912,1.19091785
HMC,19,2407,0.88979304,1.39901161
HMC,19,2424,1.05345488,1.56058347
HMC,19,2440,-0.08165567,0.16043997
HMC,19,2457,0.55166042,1.16074514
HMC,19,2474,0.69219613,1.22070229
HMC,19,2491,0.82317644,1.33380568
HMC,19,2507,0.44626865,0.81224298
HMC,19,2524,0.19314753,0.69308448
HMC,19,2541,-0.10747589,0.41053492
HMC,19,2558,-0.43623152,0.35415733
HMC,19,2574,-0.16257623,0.34037676
HMC,19,2591,0.23974846,0.30072144
HMC,19,2608,-0.76875097,-1.23669529
HMC,19,2624,-0.67839259,-0.98839515
HMC,19,2641,-0.55996484,-0.54327524
HMC,19,2658,-0.48316684,-0.50365025
HMC,19,2675,-0.36365741,0.03510174
HMC,19,2691,0.20827605,0.27337933
HMC,19,2708,-0.29109496,-0.18921833
HMC,19,2725,-0.50032407,0.32795018
HMC,19,2741,0.42273030,0.80162311
HMC,19,2758,-0.35468382,0.47321883
HMC,19,2775,0.04969969,0.08619178
HMC,19,2792,0.09652956,0.41875008
HMC,19,2808,0.24158448,0.52274346
HMC,19,2825,-0.32336059,0.51183039
HMC,19,2842,0.25817016,0.12673165
HMC,19,2858,0.34346214,0.48192090
HMC,19,2875,-0.34765404,0.23997217
HMC,19,2892,-0.16511405,0.35008162
HMC,19,2909,0.41172981,0.76803100
HMC,19,2925,0.58653414,1.14489293
HMC,19,2942,-0.11809745,0.47945237
HMC,19,2959,-0.37363350,0.38183385
HMC,19,2975,0.11705723,0.52236944
HMC,19,2992,-0.07528498,0.54511493
HMC,19,3009,0.33942938,0.73003656
HMC,19,3026,-0.06549511,0.45475599
HMC,19,3042,0.46893448,0.68295521
HMC,19,3059,-0.44432583,-0.11569251
HMC,19,3076,-0.30727118,-0.16819233
HMC,19,3093,0.00902018,0.13954732
HMC,19,3109,-0.25007656,0.33250043
HMC,19,3126,-0.07649606,0.01426167
HMC,19,3143,-0.35111821,0.23247559
HMC,19,3159,0.41199788,0.42268124
HMC,19,3176,0.28317013,0.32592577
HMC,19,3193,-0.57510781,0.52231699
HMC,19,3210,0.10321032,0.15837558
HMC,19,3226,-0.37489972,0.35222682
HMC,19,3243,-0.16089197,0.36243030
HMC,19,3260,-0.45504463,0.47256207
HMC,19,3276,-0.21420613,0.33585998
HMC,19,3293,-0.50281382,0.53145486
HMC,19,3310,-0.06119316,0.31313235
HMC,19,3327,-0.49105209,-0.09116511
HMC,19,3343,-0.70536023,-1.06686568
HMC,19,3360,-0.59870547,-0.77490461
HMC,19,3377,-0.64317334,-0.77339131
HMC,19,3393,-0.73041838,-1.17309785
HMC,19,3410,-0.66623944,-0.96921796
HMC,19,3427,-0.07842980,0.42115381
HMC,19,3444,0.39749703,0.81369847
HMC,19,3460,0.09514378,0.50282353
HMC,19,3477,-0.43988600,0.33345348
HMC,19,3494,-0.41493750,-0.33762392
HMC,19,3511,0.45406601,0.88980687
HMC,19,3527,0.62613195,1.04891086
HMC,19,3544,0.17380551,0.54900497
HMC,19,3561,0.59001070,1.15349376
HMC,19,3577,0.63368076,1.15113294
HMC,19,3594,0.96364999,1.59837663
HMC,19,3611,0.35155535,0.75817823
HMC,19,3628,0.62871671,1.14460063
HMC,19,3644,0.29807431,0.50247163
HMC,19,3661,-0.18062745,0.30077022
HMC,19,3678,0.29944688,0.62439787
HMC,19,3694,0.35734645,0.61383313
HMC,19,3711,0.41320804,0.54439783
HMC,19,3728,0.15519860,0.03491244
HMC,19,3745,-0.10600121,0.23600084
HMC,19,3761,0.60464966,1.06294870
HMC,19,3778,-0.45673868,0.46363011
HMC,19,3795,-0.10703432,0.33020386
HMC,19,3811,0.06862269,0.15945679
HMC,19,3828,-0.57877308,0.42227834
HMC,19,3845,-0.47993308,0.47744057
HMC,19,3862,-0.48338979,0.38921702
HMC,19,3878,0.06985895,0.10785443
HMC,19,3895,0.40717858,0.35848266
HMC,19,3912,-0.54384232,0.21020472
HMC,19,3928,-0.07323880,0.25576988
HMC,19,3945,0.42193159,0.08725927
HMC,19,3962,0.23924482,0.58125478
HMC,19,3979,0.43790302,0.52133250
HMC,19,3995,0.49567193,0.18676731
HMC,19,4012,-0.31726190,0.20392573
HMC,19,4029,0.19942957,0.08599863
HMC,19,4046,0.25519180,0.48045450
HMC,19,4062,0.54630584,0.97852641
HMC,19,4079,0.38254470,0.70840836
HMC,19,4096,0.49505591,0.79059660
HMC,19,4112,-0.03357990,0.22213504
HMC,19,4129,-0.62089008,0.47089297
HMC,19,4146,-0.30908313,0.29969880
HMC,19,4163,0.44682276,0.62163937
HMC,19,4179,0.38140991,0.61583936
HMC,19,4196,0.06428970,0.30015910
HMC,19,4213,0.05267461,0.19868912
HMC,19,4229,0.00449381,0.42826739
HMC,19,4246,0.51230496,0.69713032
HMC,19,4263,-0.16787027,0.36097804
HMC,19,4280,0.75141627,1.21016991
HMC,19,4296,0.60558242,1.09440553
HMC,19,4313,0.32219157,0.27728176
HMC,19,4330,0.39408377,0.67074925
HMC,19,4346,0.51155102,0.59913337
HMC,19,4363,-0.74381888,0.33478767
HMC,19,4380,-0.27746040,0.24834836
HMC,19,4397,-0.25205219,0.53120285
HMC,19,4413,-0.59139693,-0.68587422
HMC,19,4430,-0.53908205,-0.50099778
HMC,19,4447,-0.53827530,-0.63097364
HMC,19,4463,-0.53283763,-0.17591505
HMC,19,4480,-0.39428490,0.16234802
HMC,19,4497,0.29774842,0.57630885
HMC,19,4514,0.62471801,1.14788079
HMC,19,4530,0.80556178,1.24624777
HMC,19,4547,0.62110847,1.11520481
HMC,19,4564,-0.09985527,0.33586410
HMC,19,4581,-0.55450720,-0.31776315
HMC,19,4597,0.53477585,0.87340534
HMC,19,4614,0.07354160,0.26340920
HMC,19,4631,-0.01899977,0.24131721
HMC,19,4647,-0.45320970,0.51149172
HMC,19,4664,0.28649333,0.57961446
HMC,19,4681,-0.34346354,0.38872847
HMC,19,4698,-0.35592061,0.53583169
HMC,19,4714,0.35527134,0.37464064
HMC,19,4731,0.03526583,0.11170749
HMC,19,4748,0.24981937,0.40844569
HMC,19,4764,-0.01872891,0.48560745
HMC,19,4781,-0.13402067,0.33441067
HMC,19,4798,-0.25224206,0.51001626
HMC,19,4815,0.51907033,-0.00807901
HMC,19,4831,0.40664658,0.64384735
HMC,19,4848,0.28675336,0.48513818
HMC,19,4865,-0.02615957,0.30371866
HMC,19,4881,0.66159612,1.04770088
HMC,19,4898,0.46581212,0.80599171
HMC,19,4915,0.32311806,0.30418801
HMC,19,4932,0.44340485,0.80673087
HMC,19,4948,0.72382009,1.31114161
HMC,19,4965,0.96224803,1.72378862
HMC,19,4982,0.60779089,1.19860899
HMC,19,4999,0.18407911,0.20776194
