alpha,anneal,batch,conditional_score_second,cov_xy,cross_fourth,detach_h,elapsed,estimator,family,fixed_h,floor,floor_fraction,gamma,inverse_v,lr,mean_norm,mu_variance,name,origin_mass,radial_fourth,rho,score_p_second,seed,stage,step,steps,sw2,tail_mass,v_cv,v_mean,v_median,v_min,v_p01,v_p99,var_x,var_y,warmup
0.1,,,1.5123196840286255,0.004880930762737989,1.660658359527588,,0.2438657283782959,,cond,,,0.0,,0.7614627480506897,0.001,0.028045520186424255,0.0023541676346212626,canonical_cond,0.08869999647140503,13.605415344238281,,10.39157485961914,42,confirm,0,50000,0.31572264432907104,0.001999999862164259,0.0,1.313261866569519,1.3132617473602295,1.3132617473602295,1.3132617473602295,1.3132617473602295,1.3162589073181152,1.2996633052825928,
0.10360000000000001,,,0.5145904421806335,2.7760274410247803,40.05172348022461,,0.9571561813354492,,cond,,,0.0,,0.2593516409397125,0.001,0.15973708033561707,2.796842098236084,canonical_cond,0.0210999995470047,420.1634826660156,,51.74953079223633,42,confirm,100,50000,1.266621708869934,0.2912999987602234,0.13050496578216553,3.918517589569092,3.9600446224212646,3.238889694213867,3.2449188232421875,5.345617294311523,6.663795471191406,6.922394752502441,
0.11800000000000001,,,1.0708839893341064,20.965839385986328,72.08914184570312,,3.671895980834961,,cond,,,0.0,,0.5359219312667847,0.001,0.18931160867214203,20.823097229003906,canonical_cond,0.011299999430775642,5666.76123046875,,41.85410690307617,42,confirm,500,50000,3.545229434967041,0.5766000151634216,0.23036344349384308,2.0144906044006348,2.0309903621673584,0.09897112846374512,0.7520158886909485,3.0214078426361084,22.90169906616211,23.035837173461914,
0.136,,,3.9755868911743164,20.282926559448242,66.5963134765625,,7.092380523681641,,cond,,,0.0,,2.2939064502716064,0.0009000000000000001,0.29577165842056274,20.50878143310547,canonical_cond,0.015599999576807022,6222.2197265625,,37.45263671875,42,confirm,1000,50000,3.4560203552246094,0.5322999954223633,0.4027917981147766,1.5587027072906494,1.662866473197937,0.00011844560503959656,0.055362630635499954,2.665659189224243,22.047069549560547,22.221683502197266,
0.17200000000000001,,,2.015752077102661,13.414127349853516,35.72941207885742,,13.228542566299438,,cond,,,0.0,,1.0168721675872803,0.0008100000000000001,0.907546877861023,13.491909980773926,canonical_cond,0.021399999037384987,3054.129638671875,,29.455461502075195,42,confirm,2000,50000,2.6943585872650146,0.4569000005722046,0.31381744146347046,1.3837997913360596,1.4874528646469116,0.0018044793978333473,0.17986273765563965,2.0963330268859863,14.785842895507812,15.062399864196777,
0.28,,,4.000873565673828,10.786262512207031,18.476234436035156,,32.29437756538391,,cond,,,0.0,,2.011397123336792,0.00059049,0.22819499671459198,10.829063415527344,canonical_cond,0.02889999933540821,2284.352783203125,,17.86362075805664,42,confirm,5000,50000,2.2100112438201904,0.3450999855995178,0.5585906505584717,0.9697790741920471,0.8295007944107056,0.0005693834973499179,0.07320775091648102,2.3667778968811035,11.97004508972168,11.70517349243164,
0.4600000000000001,,,7.63101053237915,2.8983592987060547,7.122620105743408,,63.993555307388306,,cond,,,0.0,,3.989626407623291,0.0003486784401,0.6321060061454773,5.606121063232422,canonical_cond,0.04989999905228615,588.7288818359375,,10.386421203613281,42,confirm,10000,50000,1.2327688932418823,0.22769999504089355,0.7243417501449585,0.4698507785797119,0.34320583939552307,0.001676197163760662,0.03539342060685158,1.2512868642807007,6.241759777069092,5.976576328277588,
1.0,,,7262.498046875,16.057796478271484,45.35431671142578,,155.36710596084595,,cond,,,0.3206000030040741,,3587.204345703125,7.17897987691853e-05,2.24072003364563,16.635894775390625,canonical_cond,0.07669999450445175,7881.48388671875,,15.200778007507324,42,confirm,25000,50000,3.3313074111938477,0.37199997901916504,2.494993209838867,0.2892951965332031,0.006644525099545717,9.999999747378752e-05,9.999999747378752e-05,3.609067440032959,17.67995262145996,16.210487365722656,
1.0,,,6658.7138671875,12.340950965881348,20.248157501220703,,299.84776425361633,,cond,,,0.2897999882698059,,3264.604736328125,5.15377520732012e-06,1.7166551351547241,12.680503845214844,canonical_cond,0.09380000084638596,4311.93505859375,,10.533956527709961,42,confirm,50000,50000,2.709580898284912,0.32999998331069946,2.269862651824951,0.28840914368629456,0.011572725139558315,9.999999747378752e-05,9.999999747378752e-05,3.207331657409668,12.758849143981934,13.214996337890625,
0.1,,,1.5123196840286255,0.006910939700901508,1.6799397468566895,,0.3673996925354004,,cond,,,0.0,,0.7614627480506897,0.001,0.12711210548877716,0.0017767625395208597,canonical_cond,0.08989999443292618,13.763400077819824,,10.452840805053711,43,confirm,0,50000,0.32902055978775024,0.002699999837204814,0.0,1.313261866569519,1.3132617473602295,1.3132617473602295,1.3132617473602295,1.3132617473602295,1.3157377243041992,1.2958365678787231,
0.10360000000000001,,,0.9553499817848206,-7.731053352355957,58.9616813659668,,0.9313576221466064,,cond,,,0.0,,0.48058152198791504,0.001,0.4082299768924713,8.864469528198242,canonical_cond,0.015399999916553497,1117.3734130859375,,54.37647247314453,43,confirm,100,50000,2.0362424850463867,0.44039997458457947,0.1230102926492691,2.110328435897827,2.0689127445220947,1.6645184755325317,1.7135652303695679,2.8685965538024902,11.125789642333984,10.682759284973145,
0.11800000000000001,,,1.39463210105896,-19.439260482788086,63.24375915527344,,2.7806756496429443,,cond,,,0.0,,0.6996524333953857,0.001,0.625869631767273,19.848312377929688,canonical_cond,0.012799999676644802,4783.89208984375,,39.867881774902344,43,confirm,500,50000,3.407487154006958,0.5773000121116638,0.18618859350681305,1.505064845085144,1.5606924295425415,0.2427334487438202,0.6322798728942871,1.9882069826126099,21.208669662475586,21.44528579711914,
0.136,,,2.5245604515075684,-18.01795196533203,49.08163070678711,,5.151926517486572,,cond,,,0.0,,1.3570810556411743,0.0009000000000000001,0.06364917010068893,18.44668960571289,canonical_cond,0.01599999889731407,4600.1953125,,35.57324981689453,43,confirm,1000,50000,3.2052266597747803,0.5309999585151672,0.38103947043418884,1.3562872409820557,1.493453025817871,0.0028132994193583727,0.08608876168727875,2.128692388534546,19.710317611694336,19.876237869262695,
0.17200000000000001,,,4.817351341247559,-20.945520401000977,44.07925033569336,,10.102926015853882,,cond,,,0.0,,2.5465872287750244,0.0008100000000000001,0.010792091488838196,20.98015594482422,canonical_cond,0.016899999231100082,6889.8896484375,,29.093046188354492,43,confirm,2000,50000,3.4883904457092285,0.5109999775886536,0.4012356400489807,1.3716411590576172,1.5832380056381226,0.00046010842197574675,0.03237009793519974,2.09419846534729,22.541961669921875,22.126291275024414,
0.28,,,14.62649917602539,-15.296767234802246,26.78790855407715,,25.3454909324646,,cond,,,9.999999747378752e-05,,7.777067184448242,0.00059049,0.8140413761138916,15.432794570922852,canonical_cond,0.032899998128414154,5443.67822265625,,20.049631118774414,43,confirm,5000,50000,2.877230644226074,0.3718999922275543,0.4459834694862366,1.016579508781433,1.1202296018600464,9.999999747378752e-05,0.013538948260247707,1.810878038406372,16.6785888671875,16.0994815826416,
0.4600000000000001,,,2455.573486328125,-24.61046028137207,52.422874450683594,,51.88323616981506,,cond,,,0.10965000092983246,,1222.4786376953125,0.0003486784401,1.329373836517334,24.779008865356445,canonical_cond,0.017899999395012856,9330.310546875,,21.111309051513672,43,confirm,10000,50000,3.9450843334198,0.5478999614715576,0.8315618634223938,0.7022985816001892,0.6483457684516907,9.999999747378752e-05,9.999999747378752e-05,2.1564509868621826,23.57332992553711,27.260866165161133,
1.0,,,2735.592041015625,-8.465627670288086,34.40569305419922,,128.29805397987366,,cond,,,0.1241999939084053,,1365.7493896484375,7.17897987691853e-05,2.3906900882720947,8.460110664367676,canonical_cond,0.11599999666213989,4105.28369140625,,13.083240509033203,43,confirm,25000,50000,2.610197067260742,0.2410999983549118,1.4828423261642456,0.6098631620407104,0.3528561592102051,9.999999747378752e-05,9.999999747378752e-05,4.531744480133057,8.574051856994629,9.617561340332031,
1.0,,,2457.120361328125,-8.396644592285156,19.18553352355957,,253.08555698394775,,cond,,,0.10989999771118164,,1218.025634765625,5.15377520732012e-06,2.2924692630767822,8.389742851257324,canonical_cond,0.1460999995470047,3940.8271484375,,9.1882963180542,43,confirm,50000,50000,2.5600883960723877,0.2304999977350235,1.1295801401138306,0.4518515467643738,0.37280985713005066,9.999999747378752e-05,9.999999747378752e-05,2.604970693588257,8.624296188354492,9.093362808227539,
0.1,,,1.5123196840286255,0.005740898195654154,1.6656218767166138,,0.3017609119415283,,cond,,,0.0,,0.7614627480506897,0.001,0.13497063517570496,0.0012513169785961509,canonical_cond,0.08999999612569809,13.706465721130371,,10.451181411743164,44,confirm,0,50000,0.33115315437316895,0.002199999988079071,0.0,1.313261866569519,1.3132617473602295,1.3132617473602295,1.3132617473602295,1.3132617473602295,1.3157763481140137,1.293851613998413,
0.10360000000000001,,,1.1298710107803345,-2.391275644302368,37.9282112121582,,1.034341812133789,,cond,,,0.0,,0.5691584944725037,0.001,0.37963899970054626,4.984251022338867,canonical_cond,0.019299998879432678,391.9173583984375,,52.23825454711914,44,confirm,100,50000,1.2821540832519531,0.30320000648498535,0.14713798463344574,1.7920235395431519,1.7429927587509155,1.1692190170288086,1.342239499092102,2.601746082305908,7.0220866203308105,6.482112884521484,
0.11800000000000001,,,1.8726415634155273,-18.91360855102539,71.08708190917969,,3.505915403366089,,cond,,,0.0,,0.9418606162071228,0.001,0.18461094796657562,19.7248477935791,canonical_cond,0.010599999688565731,4637.76220703125,,43.463218688964844,44,confirm,500,50000,3.343445062637329,0.5751999616622925,0.24915342032909393,1.2759864330291748,1.3906035423278809,0.020067615434527397,0.2165198177099228,1.6703498363494873,21.132335662841797,20.953330993652344,
0.136,,,1.7309656143188477,-17.580923080444336,54.59159851074219,,6.7915003299713135,,cond,,,0.0,,0.870376706123352,0.0009000000000000001,0.8939297795295715,17.998319625854492,canonical_cond,0.01489999983459711,4531.1318359375,,36.08833694458008,44,confirm,1000,50000,3.217611789703369,0.5364999771118164,0.25841841101646423,1.3012983798980713,1.370882511138916,0.078608937561512,0.34321194887161255,1.7870697975158691,19.174522399902344,19.53676986694336,
0.17200000000000001,,,1.9981937408447266,-16.572771072387695,38.143409729003906,,13.041130542755127,,cond,,,0.0,,1.007464051246643,0.0008100000000000001,0.04830721765756607,16.940532684326172,canonical_cond,0.01589999906718731,4126.88818359375,,29.7779483795166,44,confirm,2000,50000,3.015829563140869,0.4894999861717224,0.3397727310657501,1.153199553489685,1.1553752422332764,0.07683497667312622,0.3403979539871216,2.194126844406128,18.22039794921875,18.064512252807617,
0.28,,,55.00212478637695,-26.330467224121094,53.93620300292969,,31.009602308273315,,cond,,,0.0008499999530613422,,30.027868270874023,0.00059049,4.057255744934082,32.90772247314453,canonical_cond,0.016999999061226845,49165.421875,,33.223262786865234,44,confirm,5000,50000,5.484638214111328,0.47369998693466187,0.9905242919921875,1.510969638824463,1.3260246515274048,9.999999747378752e-05,0.0025943457148969173,8.253981590270996,38.18050765991211,30.654865264892578,
0.4600000000000001,,,8.907145500183105,-5.620423316955566,8.309918403625488,,60.80953931808472,,cond,,,0.0,,4.471855163574219,0.0003486784401,1.959665298461914,10.098833084106445,canonical_cond,0.05509999766945839,4448.375,,12.260956764221191,44,confirm,10000,50000,2.49910831451416,0.28679999709129333,1.1251423358917236,0.6792572736740112,0.5413578152656555,0.00011385952529963106,0.029515784233808517,4.462578773498535,12.41848087310791,9.122513771057129,
1.0,,,168.246337890625,-0.7227644920349121,1.5245318412780762,,152.20952343940735,,cond,,,0.0023499999660998583,,80.53785705566406,7.17897987691853e-05,0.8279295563697815,2.504838466644287,canonical_cond,0.12549999356269836,233.40884399414062,,4.774708271026611,44,confirm,25000,50000,0.800293505191803,0.09699999541044235,1.4672476053237915,0.24704614281654358,0.1595756560564041,9.999999747378752e-05,0.0005877069779671729,2.0211386680603027,3.1862289905548096,2.3202805519104004,
1.0,,,69.67366027832031,-0.49156445264816284,1.2725157737731934,,303.0419955253601,,cond,,,9.999999747378752e-05,,30.659395217895508,5.15377520732012e-06,0.7232644557952881,2.016223669052124,canonical_cond,0.1403999924659729,148.71315002441406,,4.726485252380371,44,confirm,50000,50000,0.6691116094589233,0.07559999823570251,1.4968351125717163,0.25509071350097656,0.16463182866573334,9.999999747378752e-05,0.0022804115433245897,2.133571147918701,2.5712904930114746,1.9769351482391357,
0.1,,,1.5123196840286255,0.004880930762737989,1.660658359527588,,0.24207639694213867,,global,,,0.0,,0.7614627480506897,0.001,0.028045520186424255,0.0023541676346212626,canonical_global,0.08869999647140503,13.605415344238281,,10.39157485961914,42,confirm,0,50000,0.31572264432907104,0.001999999862164259,0.0,1.313261866569519,1.3132617473602295,1.3132617473602295,1.3132617473602295,1.3132617473602295,1.3162589073181152,1.2996633052825928,
0.10360000000000001,,,1.4575223922729492,-4.330596446990967,17.49782371520996,,0.9325902462005615,,global,,,0.0,,0.733925998210907,0.001,0.06838375329971313,4.5969085693359375,canonical_global,0.03059999831020832,344.9502868652344,,28.240161895751953,42,confirm,100,50000,1.197872519493103,0.2523999810218811,0.009246649220585823,1.3626517057418823,1.3500521183013916,1.3500521183013916,1.3500521183013916,1.3752514123916626,6.208846569061279,5.774156093597412,
0.11800000000000001,,,1.4502748250961304,-20.930421829223633,83.54144287109375,,3.4262473583221436,,global,,,0.0,,0.7302786111831665,0.001,0.06978345662355423,21.426115036010742,canonical_global,0.014099999330937862,5484.5166015625,,42.69179153442383,42,confirm,500,50000,3.5414066314697266,0.5891000032424927,0.009596319869160652,1.369466781616211,1.3563251495361328,1.3563251495361328,1.3563251495361328,1.38260817527771,22.498092651367188,23.246728897094727,
0.136,,,1.4504263401031494,-19.280506134033203,66.69986724853516,,6.664027690887451,,global,,,0.0,,0.7303438186645508,0.0009000000000000001,0.5298953056335449,19.55615234375,canonical_global,0.01599999889731407,5384.94091796875,,37.05439758300781,42,confirm,1000,50000,3.360262632369995,0.5432000160217285,0.0077019622549414635,1.3692994117736816,1.3587533235549927,1.3587533235549927,1.3587533235549927,1.379845380783081,20.767013549804688,21.223865509033203,
0.17200000000000001,,,1.501784324645996,-19.424543380737305,58.23749923706055,,12.956957340240479,,global,,,0.0,,0.7562587261199951,0.0008100000000000001,0.8598477244377136,19.512310028076172,canonical_global,0.017899999395012856,6239.6376953125,,31.501333236694336,42,confirm,2000,50000,3.3834519386291504,0.500499963760376,0.016721433028578758,1.3226685523986816,1.300552248954773,1.300552248954773,1.300552248954773,1.3447849750518799,20.717601776123047,21.091259002685547,
0.28,,,2.6645350456237793,-2.752941608428955,17.66802215576172,,32.344810962677,,global,,,0.0,,1.3419417142868042,0.00059049,1.1962146759033203,9.250740051269531,canonical_global,0.028099998831748962,1565.624755859375,,17.858234405517578,42,confirm,5000,50000,2.006058692932129,0.35179999470710754,0.031027870252728462,0.7459068298339844,0.7227635979652405,0.7227635979652405,0.7227635979652405,0.7690502405166626,9.717321395874023,10.32699966430664,
0.4600000000000001,,,4.480203628540039,-2.1072990894317627,5.044318675994873,,64.28898429870605,,global,,,0.0,,2.256096124649048,0.0003486784401,0.6512987613677979,4.642587661743164,canonical_global,0.049799997359514236,345.6772766113281,,9.904617309570312,42,confirm,10000,50000,1.0454550981521606,0.21289999783039093,0.015851179137825966,0.44335487484931946,0.43632739782333374,0.43632739782333374,0.43632739782333374,0.45038244128227234,5.039666652679443,5.1478400230407715,
1.0,,,9.191575050354004,-0.32489046454429626,0.842435896396637,,155.7470121383667,,global,,,0.0,,4.628219127655029,7.17897987691853e-05,0.4027746617794037,1.6841262578964233,canonical_global,0.1289999932050705,50.27097702026367,,4.322920322418213,42,confirm,25000,50000,0.3859896957874298,0.04749999940395355,0.005479826126247644,0.21607230603694916,0.2148883044719696,0.2148883044719696,0.2148883044719696,0.2172563225030899,1.8879894018173218,1.9109858274459839,
1.0,,,10.204282760620117,-0.30548354983329773,0.7054985165596008,,290.3998770713806,,global,,,0.0,,5.138014793395996,5.15377520732012e-06,0.2607537806034088,1.5662858486175537,canonical_global,0.12879998981952667,39.4149284362793,,4.035336017608643,42,confirm,50000,50000,0.29780635237693787,0.03449999913573265,0.0022544246166944504,0.19462865591049194,0.1941899061203003,0.1941899061203003,0.1941899061203003,0.19506743550300598,1.7441327571868896,1.7729839086532593,
0.1,,,1.5123196840286255,0.006910939700901508,1.6799397468566895,,0.31711268424987793,,global,,,0.0,,0.7614627480506897,0.001,0.12711210548877716,0.0017767625395208597,canonical_global,0.08989999443292618,13.763400077819824,,10.452840805053711,43,confirm,0,50000,0.32902055978775024,0.002699999837204814,0.0,1.313261866569519,1.3132617473602295,1.3132617473602295,1.3132617473602295,1.3132617473602295,1.3157377243041992,1.2958365678787231,
0.10360000000000001,,,1.4643561840057373,-2.097222328186035,29.51314353942871,,1.0825879573822021,,global,,,0.0,,0.7373754978179932,0.001,0.09778612852096558,4.5326385498046875,canonical_global,0.023599999025464058,275.30877685546875,,46.479225158691406,43,confirm,100,50000,1.0849992036819458,0.25540000200271606,0.010674003511667252,1.3563156127929688,1.3418387174606323,1.3418387174606323,1.3418387174606323,1.3707926273345947,6.277345657348633,5.418392658233643,
0.11800000000000001,,,1.4678221940994263,-18.42277717590332,71.96021270751953,,3.2413973808288574,,global,,,0.0,,0.7391360402107239,0.001,0.3870681822299957,19.059661865234375,canonical_global,0.011799999512732029,4191.49169921875,,42.41401290893555,43,confirm,500,50000,3.2916650772094727,0.5806999802589417,0.013280151411890984,1.3531694412231445,1.3351997137069702,1.3351997137069702,1.3351997137069702,1.371139407157898,20.024873733520508,20.844619750976562,
0.136,,,1.4672646522521973,-18.487258911132812,59.2682991027832,,5.975091934204102,,global,,,0.0,,0.7388537526130676,0.0009000000000000001,0.16637150943279266,18.861820220947266,canonical_global,0.011599999852478504,4323.33984375,,36.58369445800781,43,confirm,1000,50000,3.261029005050659,0.5564999580383301,0.013033298775553703,1.3536772727966309,1.336035132408142,1.336035132408142,1.336035132408142,1.3713200092315674,20.10869598388672,20.332584381103516,
0.17200000000000001,,,1.5339478254318237,-17.353797912597656,48.68003463745117,,10.93693470954895,,global,,,0.0,,0.7725390195846558,0.0008100000000000001,0.1293548345565796,17.493003845214844,canonical_global,0.016099998727440834,4468.30810546875,,30.033998489379883,43,confirm,2000,50000,3.0953876972198486,0.4919999837875366,0.030344007536768913,1.2956258058547974,1.256312370300293,1.256312370300293,1.256312370300293,1.3349393606185913,18.64200210571289,18.944162368774414,
0.28,,,2.855790376663208,-5.94954252243042,18.94888687133789,,27.261443853378296,,global,,,0.0,,1.4383032321929932,0.00059049,0.6205920577049255,9.268999099731445,canonical_global,0.03009999915957451,1508.88818359375,,18.096559524536133,43,confirm,5000,50000,1.8830597400665283,0.3246999979019165,0.034495577216148376,0.696091890335083,0.672080397605896,0.672080397605896,0.672080397605896,0.72010338306427,9.82838249206543,9.99908447265625,
0.4600000000000001,,,5.125017166137695,0.25068047642707825,4.06086540222168,,54.36547136306763,,global,,,0.0,,2.5810964107513428,0.0003486784401,0.09346935898065567,4.406132698059082,canonical_global,0.050999999046325684,253.9671173095703,,9.408434867858887,43,confirm,10000,50000,0.7866904735565186,0.19499999284744263,0.030071187764406204,0.38778284192085266,0.3761220872402191,0.3761220872402191,0.3761220872402191,0.39944368600845337,4.752954006195068,4.774987697601318,
1.0,,,9.330221176147461,0.06768252700567245,0.8034058213233948,,132.3281693458557,,global,,,0.0,,4.698378086090088,7.17897987691853e-05,0.032406099140644073,1.7803516387939453,canonical_global,0.12379999458789825,43.886837005615234,,4.280362606048584,43,confirm,25000,50000,0.06778791546821594,0.03969999775290489,0.014758056029677391,0.21288573741912842,0.20974405109882355,0.20974405109882355,0.20974405109882355,0.21602745354175568,1.9798380136489868,1.9758261442184448,
1.0,,,10.132451057434082,0.016656404361128807,0.7237319350242615,,260.5763535499573,,global,,,0.0,,5.102106094360352,5.15377520732012e-06,0.0026307699736207724,1.7445478439331055,canonical_global,0.12389999628067017,39.93898010253906,,4.040564060211182,43,confirm,50000,50000,0.05301743745803833,0.03579999879002571,0.008660559542477131,0.19601218402385712,0.19431465864181519,0.19431465864181519,0.19431465864181519,0.19770972430706024,1.9230263233184814,1.9303855895996094,
0.1,,,1.5123196840286255,0.005740898195654154,1.6656218767166138,,0.37437963485717773,,global,,,0.0,,0.7614627480506897,0.001,0.13497063517570496,0.0012513169785961509,canonical_global,0.08999999612569809,13.706465721130371,,10.451181411743164,44,confirm,0,50000,0.33115315437316895,0.002199999988079071,0.0,1.313261866569519,1.3132617473602295,1.3132617473602295,1.3132617473602295,1.3132617473602295,1.3157763481140137,1.293851613998413,
0.10360000000000001,,,1.4603220224380493,13.778827667236328,39.01517868041992,,1.1321587562561035,,global,,,0.0,,0.7352867722511292,0.001,0.531661868095398,13.842008590698242,canonical_global,0.020399998873472214,2387.07470703125,,29.5224552154541,44,confirm,100,50000,2.684584379196167,0.4992999732494354,0.0008858429500833154,1.3600144386291504,1.3588097095489502,1.3588097095489502,1.3588097095489502,1.3612191677093506,15.11949348449707,15.139927864074707,
0.11800000000000001,,,1.4447282552719116,21.43661880493164,86.16073608398438,,3.739567279815674,,global,,,0.0,,0.7274300456047058,0.001,0.3474741280078888,22.17849349975586,canonical_global,0.012600000016391277,5663.36767578125,,43.808135986328125,44,confirm,500,50000,3.6045451164245605,0.5931000113487244,7.501157597289421e-06,1.3747025728225708,1.3746923208236694,1.3746923208236694,1.3746923208236694,1.3747129440307617,22.98094940185547,23.938581466674805,
0.136,,,1.451709508895874,21.195026397705078,75.27732849121094,,7.118715286254883,,global,,,0.0,,0.730953574180603,0.0009000000000000001,0.29150310158729553,21.833431243896484,canonical_global,0.013799999840557575,6127.015625,,40.83404541015625,44,confirm,1000,50000,3.5634000301361084,0.5655999779701233,0.001435780432075262,1.3680787086486816,1.366114616394043,1.366114616394043,1.366114616394043,1.3700430393218994,23.490907669067383,22.776813507080078,
0.17200000000000001,,,1.5043257474899292,18.596256256103516,51.4183349609375,,13.819769382476807,,global,,,0.0,,0.7574356198310852,0.0008100000000000001,0.35425660014152527,18.787803649902344,canonical_global,0.019899999722838402,5213.70166015625,,30.86661720275879,44,confirm,2000,50000,3.2378761768341064,0.5055999755859375,0.0003745461581274867,1.3202444314956665,1.3197499513626099,1.3197499513626099,1.3197499513626099,1.3207389116287231,19.884870529174805,20.178943634033203,
0.28,,,2.6495842933654785,3.396104335784912,16.83727264404297,,33.21044707298279,,global,,,0.0,,1.3336896896362305,0.00059049,1.119472861289978,9.207860946655273,canonical_global,0.029199998825788498,1449.5885009765625,,17.800493240356445,44,confirm,5000,50000,1.961513638496399,0.3536999821662903,0.03710769861936569,0.7508333325386047,0.7229723930358887,0.7229723930358887,0.7229723930358887,0.7786943912506104,9.915755271911621,9.891776084899902,
0.4600000000000001,,,4.503964900970459,1.9502933025360107,4.893993854522705,,65.41729402542114,,global,,,0.0,,2.2674789428710938,0.0003486784401,0.7051886320114136,4.5933709144592285,canonical_global,0.050999999046325684,327.8788757324219,,9.952391624450684,44,confirm,10000,50000,1.0331207513809204,0.21359999477863312,0.016475126147270203,0.4411381185054779,0.4338705241680145,0.4338705241680145,0.4338705241680145,0.44840577244758606,5.144737720489502,4.860513210296631,
1.0,,,9.152607917785645,0.5301862955093384,0.8329665660858154,,157.80500960350037,,global,,,0.0,,4.608520984649658,7.17897987691853e-05,0.3582931160926819,1.7111907005310059,canonical_global,0.12729999423027039,48.83697509765625,,4.2706098556518555,44,confirm,25000,50000,0.3465823531150818,0.04989999905228615,0.0033906048629432917,0.21699181199073792,0.21625609695911407,0.21625609695911407,0.21625609695911407,0.21772752702236176,1.929883599281311,1.9069101810455322,
1.0,,,10.102025032043457,0.24023549258708954,0.6618064045906067,,307.90997195243835,,global,,,0.0,,5.086230278015137,5.15377520732012e-06,0.22343961894512177,1.5223562717437744,canonical_global,0.12789998948574066,35.345436096191406,,3.9377951622009277,44,confirm,50000,50000,0.24848487973213196,0.030799999833106995,0.005059257615357637,0.19661425054073334,0.1956195831298828,0.1956195831298828,0.1956195831298828,0.19760897755622864,1.7292448282241821,1.6975529193878174,
0.1,,,1.5123196840286255,0.004880930762737989,1.660658359527588,,0.28919529914855957,,cond,,0.2,0.0,,0.7614627480506897,0.001,0.028045520186424255,0.0023541676346212626,floor02_cond,0.08869999647140503,13.605415344238281,,10.39157485961914,42,confirm,0,50000,0.31572264432907104,0.001999999862164259,0.0,1.313261866569519,1.3132617473602295,1.3132617473602295,1.3132617473602295,1.3132617473602295,1.3162589073181152,1.2996633052825928,
0.10360000000000001,,,0.5145904421806335,2.7760274410247803,40.05172348022461,,0.957268238067627,,cond,,0.2,0.0,,0.2593516409397125,0.001,0.15973708033561707,2.796842098236084,floor02_cond,0.0210999995470047,420.1634826660156,,51.74953079223633,42,confirm,100,50000,1.266621708869934,0.2912999987602234,0.13050496578216553,3.918517589569092,3.9600446224212646,3.238889694213867,3.2449188232421875,5.345617294311523,6.663795471191406,6.922394752502441,
0.11800000000000001,,,1.100625991821289,21.479949951171875,72.0785140991211,,3.572941303253174,,cond,,0.2,0.0,,0.5502263307571411,0.001,0.27418577671051025,21.34567642211914,floor02_cond,0.011799999512732029,5898.4736328125,,41.4793815612793,42,confirm,500,50000,3.5991127490997314,0.5817999839782715,0.24152572453022003,1.9765937328338623,1.9898816347122192,0.19999998807907104,0.7006592154502869,3.0175626277923584,23.37984848022461,23.528987884521484,
0.136,,,1.3067550659179688,17.353927612304688,53.47958755493164,,7.230783224105835,,cond,,0.2,0.0,,0.6571788787841797,0.0009000000000000001,0.1789761632680893,17.404008865356445,floor02_cond,0.016699999570846558,4375.2626953125,,37.341957092285156,42,confirm,1000,50000,3.133190393447876,0.5231999754905701,0.2375079244375229,1.7209858894348145,1.8559013605117798,0.19999998807907104,0.4078408181667328,2.1872284412384033,18.953258514404297,19.498783111572266,
0.17200000000000001,,,2.3060975074768066,17.229551315307617,42.51390075683594,,14.887862920761108,,cond,,0.2,0.0,,1.1618642807006836,0.0008100000000000001,0.21720686554908752,17.18987274169922,floor02_cond,0.016599999740719795,4982.99365234375,,29.334836959838867,42,confirm,2000,50000,3.0807254314422607,0.4732999801635742,0.44344720244407654,1.4836268424987793,1.6869959831237793,0.19999998807907104,0.19999998807907104,2.258948802947998,18.462078094482422,19.00259017944336,
0.28,,,3.5004265308380127,12.497049331665039,24.470474243164062,,36.47189545631409,,cond,,0.2,0.0,,1.7534058094024658,0.00059049,0.33418238162994385,12.450502395629883,floor02_cond,0.026099998503923416,3295.376220703125,,18.629867553710938,42,confirm,5000,50000,2.4571402072906494,0.357699990272522,0.5781407952308655,1.0787873268127441,1.166492223739624,0.19999998807907104,0.19999998807907104,2.49710750579834,13.717636108398438,13.431005477905273,
0.4600000000000001,,,6.538437366485596,2.1563594341278076,5.537254333496094,,68.02948451042175,,cond,,0.2,0.0,,3.2800374031066895,0.0003486784401,0.6195700764656067,4.730646133422852,floor02_cond,0.04939999803900719,381.0970764160156,,9.909602165222168,42,confirm,10000,50000,1.0523924827575684,0.21519999206066132,0.6850618124008179,0.44879987835884094,0.28817635774612427,0.19999998807907104,0.19999998807907104,1.1619257926940918,5.092971324920654,5.3130950927734375,
1.0,,,9.12132453918457,0.598074197769165,0.8900951147079468,,164.72955584526062,,cond,,0.2,0.0,,4.584808349609375,7.17897987691853e-05,0.38927000761032104,1.7974039316177368,floor02_cond,0.1347000002861023,60.52383041381836,,4.422171115875244,42,confirm,25000,50000,0.3797939419746399,0.054999999701976776,0.38452017307281494,0.23482340574264526,0.19999998807907104,0.19999998807907104,0.19999998807907104,0.6402284502983093,2.0381133556365967,2.055050849914551,
1.0,,,9.19509220123291,0.5404645800590515,0.8127657771110535,,323.4738748073578,,cond,,0.2,0.0,,4.620358467102051,5.15377520732012e-06,0.3711543083190918,1.7397501468658447,floor02_cond,0.13259999454021454,55.10902404785156,,4.291735649108887,42,confirm,50000,50000,0.3638097047805786,0.05130000039935112,0.3171943128108978,0.2294338494539261,0.19999998807907104,0.19999998807907104,0.19999998807907104,0.5146804451942444,1.9880019426345825,1.9756301641464233,
0.1,,,1.5123196840286255,0.006910939700901508,1.6799397468566895,,0.2928307056427002,,cond,,0.2,0.0,,0.7614627480506897,0.001,0.12711210548877716,0.0017767625395208597,floor02_cond,0.08989999443292618,13.763400077819824,,10.452840805053711,43,confirm,0,50000,0.32902055978775024,0.002699999837204814,0.0,1.313261866569519,1.3132617473602295,1.3132617473602295,1.3132617473602295,1.3132617473602295,1.3157377243041992,1.2958365678787231,
0.10360000000000001,,,0.9553499817848206,-7.731053352355957,58.9616813659668,,0.9219532012939453,,cond,,0.2,0.0,,0.48058152198791504,0.001,0.4082299768924713,8.864469528198242,floor02_cond,0.015399999916553497,1117.3734130859375,,54.37647247314453,43,confirm,100,50000,2.0362424850463867,0.44039997458457947,0.1230102926492691,2.110328435897827,2.0689127445220947,1.6645184755325317,1.7135652303695679,2.8685965538024902,11.125789642333984,10.682759284973145,
0.11800000000000001,,,1.39463210105896,-19.439260482788086,63.24375915527344,,3.253380060195923,,cond,,0.2,0.0,,0.6996524333953857,0.001,0.625869631767273,19.848312377929688,floor02_cond,0.012799999676644802,4783.89208984375,,39.867881774902344,43,confirm,500,50000,3.407487154006958,0.5773000121116638,0.18618859350681305,1.505064845085144,1.5606924295425415,0.2427334487438202,0.6322798728942871,1.9882069826126099,21.208669662475586,21.44528579711914,
0.136,,,1.8060581684112549,-17.636505126953125,50.5191650390625,,6.196609735488892,,cond,,0.2,0.0,,0.9293136596679688,0.0009000000000000001,0.19687239825725555,17.962108612060547,floor02_cond,0.015799999237060547,4441.912109375,,35.69025421142578,43,confirm,1000,50000,3.1638975143432617,0.5271999835968018,0.3504432439804077,1.468275547027588,1.6435890197753906,0.19999998807907104,0.19999998807907104,2.1666595935821533,19.223264694213867,19.592140197753906,
0.17200000000000001,,,2.7183871269226074,-17.783065795898438,43.26862335205078,,12.03085470199585,,cond,,0.2,0.0,,1.388041377067566,0.0008100000000000001,0.07344192266464233,17.924009323120117,floor02_cond,0.014699999243021011,4805.14697265625,,29.287818908691406,43,confirm,2000,50000,3.143376350402832,0.4949999749660492,0.48567643761634827,1.2802542448043823,1.4885362386703491,0.19999998807907104,0.19999998807907104,2.3431692123413086,19.201099395751953,19.243858337402344,
0.28,,,3.55538272857666,-11.379876136779785,24.002595901489258,,28.38145136833191,,cond,,0.2,0.0,,1.7727351188659668,0.00059049,0.10408347845077515,11.397062301635742,floor02_cond,0.03059999831020832,2910.134765625,,18.509517669677734,43,confirm,5000,50000,2.307208299636841,0.33550000190734863,0.6376192569732666,1.1002620458602905,1.171142816543579,0.19999998807907104,0.19999998807907104,3.19844126701355,12.155573844909668,12.888199806213379,
0.4600000000000001,,,6.6188130378723145,-2.1530869007110596,5.7965898513793945,,54.161677837371826,,cond,,0.2,0.0,,3.313110828399658,0.0003486784401,0.7629584074020386,4.9959564208984375,floor02_cond,0.0494999997317791,443.085693359375,,9.954080581665039,43,confirm,10000,50000,1.144627332687378,0.22049999237060547,0.6874936819076538,0.43651413917541504,0.283854216337204,0.19999998807907104,0.19999998807907104,1.1590551137924194,5.361732006072998,5.497111797332764,
1.0,,,9.134866714477539,-0.9312129616737366,0.9139637351036072,,134.34297394752502,,cond,,0.2,0.0,,4.575667858123779,7.17897987691853e-05,0.3622659742832184,1.9340338706970215,floor02_cond,0.12479999661445618,75.051025390625,,4.308696746826172,43,confirm,25000,50000,0.4136575758457184,0.05649999901652336,0.3184126615524292,0.23242269456386566,0.19999998807907104,0.19999998807907104,0.19999998807907104,0.5048960447311401,2.1634199619293213,2.148674726486206,
1.0,,,9.158384323120117,-0.6949759721755981,0.8480186462402344,,269.1228790283203,,cond,,0.2,0.0,,4.587125778198242,5.15377520732012e-06,0.3931857943534851,1.8226081132888794,floor02_cond,0.12469999492168427,61.150123596191406,,4.254368782043457,43,confirm,50000,50000,0.3975195288658142,0.052400000393390656,0.33600178360939026,0.23275156319141388,0.19999998807907104,0.19999998807907104,0.19999998807907104,0.53309565782547,2.0402536392211914,2.044964075088501,
0.1,,,1.5123196840286255,0.005740898195654154,1.6656218767166138,,0.2666015625,,cond,,0.2,0.0,,0.7614627480506897,0.001,0.13497063517570496,0.0012513169785961509,floor02_cond,0.08999999612569809,13.706465721130371,,10.451181411743164,44,confirm,0,50000,0.33115315437316895,0.002199999988079071,0.0,1.313261866569519,1.3132617473602295,1.3132617473602295,1.3132617473602295,1.3132617473602295,1.3157763481140137,1.293851613998413,
0.10360000000000001,,,1.1298710107803345,-2.391275644302368,37.9282112121582,,0.8928372859954834,,cond,,0.2,0.0,,0.5691584944725037,0.001,0.37963899970054626,4.984251022338867,floor02_cond,0.019299998879432678,391.9173583984375,,52.23825454711914,44,confirm,100,50000,1.2821540832519531,0.30320000648498535,0.14713798463344574,1.7920235395431519,1.7429927587509155,1.1692190170288086,1.342239499092102,2.601746082305908,7.0220866203308105,6.482112884521484,
0.11800000000000001,,,1.51283860206604,-19.4060115814209,67.49043273925781,,3.112570285797119,,cond,,0.2,0.0,,0.761418879032135,0.001,0.07411900162696838,20.02774429321289,floor02_cond,0.009999999776482582,4726.0224609375,,41.48613357543945,44,confirm,500,50000,3.3856942653656006,0.5809999704360962,0.1535496562719345,1.3560305833816528,1.3957384824752808,0.24271021783351898,0.6979198455810547,1.7379679679870605,21.55594253540039,21.27283477783203,
0.136,,,1.9190706014633179,-18.746238708496094,48.720603942871094,,6.012887477874756,,cond,,0.2,0.0,,0.9601850509643555,0.0009000000000000001,0.16051097214221954,19.23324966430664,floor02_cond,0.012600000016391277,4847.01123046875,,35.007469177246094,44,confirm,1000,50000,3.2838504314422607,0.5440999865531921,0.25560176372528076,1.1919046640396118,1.2759308815002441,0.19999998807907104,0.22789686918258667,1.6900382041931152,20.875150680541992,20.066076278686523,
0.17200000000000001,,,1.7441070079803467,-17.512178421020508,36.95118713378906,,11.789621829986572,,cond,,0.2,0.0,,0.8849747776985168,0.0008100000000000001,0.05782884359359741,17.5953369140625,floor02_cond,0.01640000008046627,4662.7783203125,,28.385417938232422,44,confirm,2000,50000,3.1079468727111816,0.4968999922275543,0.23823218047618866,1.2859312295913696,1.3953362703323364,0.19999998807907104,0.2506500780582428,1.6694332361221313,19.004945755004883,18.803972244262695,
0.28,,,5.279094219207764,-5.43348503112793,15.35696792602539,,28.336616277694702,,cond,,0.2,0.0,,2.64487624168396,0.00059049,0.8718640208244324,9.637588500976562,floor02_cond,0.024299999698996544,1413.3631591796875,,17.493099212646484,44,confirm,5000,50000,1.9742366075515747,0.36730000376701355,0.7051538228988647,0.6671900749206543,0.5404999852180481,0.19999998807907104,0.19999998807907104,1.7342472076416016,10.130744934082031,10.391979217529297,
0.4600000000000001,,,7.142174243927002,-1.2252514362335205,5.165117263793945,,56.04601526260376,,cond,,0.2,0.0,,3.572096109390259,0.0003486784401,0.9220136404037476,4.940869331359863,floor02_cond,0.04779999703168869,422.4757995605469,,9.877117156982422,44,confirm,10000,50000,1.1716666221618652,0.22459998726844788,0.7408447265625,0.412828266620636,0.19999998807907104,0.19999998807907104,0.19999998807907104,1.2092111110687256,5.266702651977539,5.37266206741333,
1.0,,,9.21073055267334,-0.6501867175102234,0.9095969200134277,,142.54733681678772,,cond,,0.2,0.0,,4.6165266036987305,7.17897987691853e-05,0.4358484148979187,1.8671897649765015,floor02_cond,0.1298999935388565,61.8717041015625,,4.292771816253662,44,confirm,25000,50000,0.42067933082580566,0.06129999831318855,0.3071534335613251,0.229159876704216,0.19999998807907104,0.19999998807907104,0.19999998807907104,0.5025491714477539,2.1138081550598145,2.0458297729492188,
1.0,,,9.206507682800293,-0.6515520811080933,0.8610499501228333,,277.93252086639404,,cond,,0.2,0.0,,4.612232208251953,5.15377520732012e-06,0.4188495874404907,1.840002179145813,floor02_cond,0.12860000133514404,58.166648864746094,,4.238348960876465,44,confirm,50000,50000,0.40845054388046265,0.05889999866485596,0.3339768350124359,0.2310389131307602,0.19999998807907104,0.19999998807907104,0.19999998807907104,0.5353072881698608,2.0588083267211914,2.0506069660186768,
1.0,False,,1.5123196840286255,0.004880930762737989,1.660658359527588,,0.28053712844848633,,cond,,,0.0,1.0,0.7614627480506897,0.001,0.028045520186424255,0.0023541676346212626,no_anneal_const_cond,0.08869999647140503,13.605415344238281,,10.39157485961914,42,confirm,0,50000,0.31572264432907104,0.001999999862164259,0.0,1.313261866569519,1.3132617473602295,1.3132617473602295,1.3132617473602295,1.3132617473602295,1.3162589073181152,1.2996633052825928,
1.0,False,,4.603124141693115,0.006282811053097248,0.2661615312099457,,1.08158278465271,,cond,,,0.0,1.0,2.314953327178955,0.001,0.03830474987626076,0.022288469597697258,no_anneal_const_cond,0.22919999063014984,2.1906330585479736,,3.912031888961792,42,confirm,100,50000,0.7029566168785095,0.0,0.2898980975151062,0.4857061505317688,0.49601033329963684,0.03846423700451851,0.16065537929534912,0.7453678250312805,0.5259336233139038,0.4890739917755127,
1.0,False,,13.724984169006348,0.6209174990653992,0.6616297364234924,,3.9348785877227783,,cond,,,0.0,1.0,6.847530841827393,0.001,0.7260507345199585,1.333569049835205,no_anneal_const_cond,0.14489999413490295,63.01259994506836,,4.277561664581299,42,confirm,500,50000,0.6774678230285645,0.04769999906420708,0.48824313282966614,0.19377899169921875,0.1781877875328064,0.006504366174340248,0.03941473364830017,0.47713565826416016,1.327634572982788,1.7373155355453491,
1.0,False,,12.421530723571777,-0.11997020244598389,1.0967861413955688,,7.762276649475098,,cond,,,0.0,1.0,6.227091312408447,0.001,0.6458320021629333,1.666883945465088,no_anneal_const_cond,0.14739999175071716,89.6968002319336,,4.613560676574707,42,confirm,1000,50000,0.5940999984741211,0.06439999490976334,1.1895416975021362,0.2672984302043915,0.15523073077201843,0.010122470557689667,0.07244595140218735,1.763096809387207,1.6990190744400024,2.1660540103912354,
1.0,False,,16.059062957763672,0.231413796544075,0.9088929295539856,,14.993442058563232,,cond,,,0.0,1.0,7.960870265960693,0.001,0.5768415331840515,1.4919605255126953,no_anneal_const_cond,0.14639998972415924,69.0719985961914,,4.281662464141846,42,confirm,2000,50000,0.5464509725570679,0.05379999801516533,1.2712416648864746,0.2686852216720581,0.16408073902130127,0.0005543480510823429,0.02229129709303379,1.9143118858337402,1.5336620807647705,1.9784152507781982,
1.0,False,,13.149568557739258,-0.06414509564638138,1.0111117362976074,,34.39182949066162,,cond,,,0.0,1.0,6.577103137969971,0.001,0.624363124370575,1.6544957160949707,no_anneal_const_cond,0.14489999413490295,77.84761047363281,,4.374849796295166,42,confirm,5000,50000,0.5737664699554443,0.06459999829530716,1.18617844581604,0.2564064860343933,0.18273857235908508,0.027026241645216942,0.05424023047089577,1.7361425161361694,1.6778916120529175,2.146082878112793,
1.0,False,,20.44961166381836,-0.6777759194374084,0.9038893580436707,,65.49495196342468,,cond,,,0.0,1.0,10.266905784606934,0.001,0.5856307148933411,1.7880464792251587,no_anneal_const_cond,0.14229999482631683,74.43805694580078,,4.314793586730957,42,confirm,10000,50000,0.5359936356544495,0.0625,1.5241540670394897,0.23534217476844788,0.16303206980228424,0.007057642098516226,0.018787385895848274,1.8388619422912598,1.8711576461791992,2.1662912368774414,
1.0,False,,12.833898544311523,0.009228676557540894,0.8905554413795471,,157.18528652191162,,cond,,,0.0,1.0,6.371606826782227,0.001,0.5406606197357178,1.3838632106781006,no_anneal_const_cond,0.14729999005794525,46.723140716552734,,4.438264846801758,42,confirm,25000,50000,0.49486586451530457,0.04600000008940697,1.0863629579544067,0.2800118923187256,0.2028927206993103,0.002250812714919448,0.02994203008711338,1.6214609146118164,1.4935966730117798,1.817780613899231,
1.0,False,,8858.439453125,-13.961494445800781,10.279397010803223,,313.45607352256775,,cond,,,0.38989999890327454,1.0,4330.201171875,0.001,1.7306510210037231,14.080146789550781,no_anneal_const_cond,0.09690000116825104,5622.8408203125,,7.527607440948486,42,confirm,50000,50000,2.948665142059326,0.32029998302459717,4.054957866668701,0.32967591285705566,0.0012472231173887849,9.999999747378752e-05,9.999999747378752e-05,6.304444789886475,14.54049301147461,14.18199634552002,
1.0,False,,1.5123196840286255,0.006910939700901508,1.6799397468566895,,0.28917622566223145,,cond,,,0.0,1.0,0.7614627480506897,0.001,0.12711210548877716,0.0017767625395208597,no_anneal_const_cond,0.08989999443292618,13.763400077819824,,10.452840805053711,43,confirm,0,50000,0.32902055978775024,0.002699999837204814,0.0,1.313261866569519,1.3132617473602295,1.3132617473602295,1.3132617473602295,1.3132617473602295,1.3157377243041992,1.2958365678787231,
1.0,False,,4.287336826324463,0.017503852024674416,0.25944921374320984,,1.052107810974121,,cond,,,0.0,1.0,2.159261703491211,0.001,0.025083525106310844,0.02152828499674797,no_anneal_const_cond,0.22349999845027924,2.1355717182159424,,3.904484987258911,43,confirm,100,50000,0.7023835778236389,0.0,0.20525869727134705,0.4911162853240967,0.5118353962898254,0.09719312936067581,0.21495790779590607,0.6312436461448669,0.5149160623550415,0.5027230978012085,
1.0,False,,6.352450847625732,-0.3890552520751953,0.36174890398979187,,3.980701446533203,,cond,,,0.0,1.0,3.1704719066619873,0.001,0.25368764996528625,0.39632636308670044,no_anneal_const_cond,0.2012999951839447,10.657134056091309,,3.992830753326416,43,confirm,500,50000,0.6187775135040283,0.008499999530613422,0.32005974650382996,0.3884810507297516,0.40895554423332214,0.009515497833490372,0.07501167804002762,0.5749171376228333,0.792784571647644,0.7687563896179199,
1.0,False,,15.332202911376953,-0.411648154258728,0.5823575258255005,,7.085773944854736,,cond,,,0.0,1.0,7.70676851272583,0.001,0.48184871673583984,0.9784998893737793,no_anneal_const_cond,0.17549999058246613,37.11406707763672,,4.239138126373291,43,confirm,1000,50000,0.5561163425445557,0.029099998995661736,0.5173478126525879,0.25765249133110046,0.2561360001564026,0.0007225661538541317,0.015591267496347427,0.5373944044113159,1.2290241718292236,1.2382596731185913,
1.0,False,,65.06377410888672,0.3464163839817047,0.7993066906929016,,13.198204755783081,,cond,,,0.00029999998514540493,1.0,32.341461181640625,0.001,0.5388246178627014,2.1565866470336914,no_anneal_const_cond,0.1410999894142151,100.93521118164062,,4.263509273529053,43,confirm,2000,50000,0.5039194226264954,0.08159999549388885,0.8897076845169067,0.17531442642211914,0.11343525350093842,9.999999747378752e-05,0.0025722442660480738,0.5703582763671875,2.4227190017700195,2.236126661300659,
1.0,False,,20.744009017944336,0.9858980178833008,1.1013171672821045,,34.60093021392822,,cond,,,0.0,1.0,10.241911888122559,0.001,0.7467555999755859,2.864220142364502,no_anneal_const_cond,0.11969999969005585,228.3506622314453,,4.382413864135742,43,confirm,5000,50000,0.7896765470504761,0.10849999636411667,0.6209232211112976,0.19006146490573883,0.16488760709762573,0.0018295905319973826,0.014127491042017937,0.4535895884037018,2.8647053241729736,3.2484290599823,
1.0,False,,12.875069618225098,0.43766143918037415,0.765423059463501,,68.97851395606995,,cond,,,0.0,1.0,6.4514875411987305,0.001,0.06812530755996704,1.9706268310546875,no_anneal_const_cond,0.12399999797344208,58.58335494995117,,3.949018716812134,43,confirm,10000,50000,0.14450310170650482,0.055799998342990875,0.370180606842041,0.18457891047000885,0.17619602382183075,0.011346898972988129,0.04636770114302635,0.3543420433998108,2.158193826675415,2.154466152191162,
1.0,False,,15.350446701049805,-0.1272171586751938,0.8692145347595215,,173.16715168952942,,cond,,,0.0,1.0,8.010716438293457,0.001,0.11873092502355576,1.689621925354004,no_anneal_const_cond,0.12469999492168427,39.353614807128906,,4.533383369445801,43,confirm,25000,50000,0.12803669273853302,0.03689999878406525,0.5197305679321289,0.2059621512889862,0.18813185393810272,0.0020045156124979258,0.013203795999288559,0.46382105350494385,1.873416781425476,1.9010510444641113,
1.0,False,,12.488470077514648,0.008032974787056446,0.73992520570755,,337.45405554771423,,cond,,,0.0,1.0,6.24334192276001,0.001,0.06982991099357605,1.7314367294311523,no_anneal_const_cond,0.1216999962925911,39.981815338134766,,4.00935697555542,43,confirm,50000,50000,0.06403057277202606,0.03629999980330467,0.36862069368362427,0.19286876916885376,0.18443429470062256,0.0069780354388058186,0.04975351318717003,0.350477010011673,1.9274771213531494,1.9380649328231812,
1.0,False,,1.5123196840286255,0.005740898195654154,1.6656218767166138,,0.2647891044616699,,cond,,,0.0,1.0,0.7614627480506897,0.001,0.13497063517570496,0.0012513169785961509,no_anneal_const_cond,0.08999999612569809,13.706465721130371,,10.451181411743164,44,confirm,0,50000,0.33115315437316895,0.002199999988079071,0.0,1.313261866569519,1.3132617473602295,1.3132617473602295,1.3132617473602295,1.3132617473602295,1.3157763481140137,1.293851613998413,
1.0,False,,5.241913795471191,-0.018990730866789818,0.21019867062568665,,0.8928303718566895,,cond,,,0.0,1.0,2.634005308151245,0.001,0.05199449509382248,0.05794665589928627,no_anneal_const_cond,0.23420000076293945,1.6958357095718384,,3.553147077560425,44,confirm,100,50000,0.7392637133598328,0.0,0.22083128988742828,0.40721073746681213,0.4223818778991699,0.04777606576681137,0.16122552752494812,0.5431160926818848,0.460273414850235,0.4600030183792114,
1.0,False,,4.313815593719482,0.0007677763933315873,0.26179754734039307,,3.029691696166992,,cond,,,0.0,1.0,2.1679701805114746,0.001,0.038241710513830185,0.013220117427408695,no_anneal_const_cond,0.2240999937057495,2.13240122795105,,3.9038636684417725,44,confirm,500,50000,0.7049798965454102,0.0,0.22548845410346985,0.4987201988697052,0.5235460996627808,0.034336671233177185,0.18324734270572662,0.658042311668396,0.4906899034976959,0.5210759043693542,
1.0,False,,242.354248046875,-0.23298992216587067,0.727662980556488,,5.709146738052368,,cond,,,0.0031999999191612005,1.0,120.39229583740234,0.001,0.41572925448417664,0.544079601764679,no_anneal_const_cond,0.19489999115467072,12.60103702545166,,4.511442184448242,44,confirm,1000,50000,0.6268348097801208,0.007499999832361937,1.113080382347107,0.2847342789173126,0.12247437983751297,9.999999747378752e-05,0.0004127922293264419,1.404396653175354,0.8826791048049927,0.763597846031189,
1.0,False,,13.287121772766113,-0.042444538325071335,0.6936811208724976,,11.327559232711792,,cond,,,0.0,1.0,6.670563697814941,0.001,0.20288673043251038,0.4356209337711334,no_anneal_const_cond,0.19949999451637268,9.280875205993652,,4.286139011383057,44,confirm,2000,50000,0.5633190274238586,0.004600000102072954,1.2050566673278809,0.34524819254875183,0.14354242384433746,0.003017245791852474,0.04054829478263855,2.0815622806549072,0.7246489524841309,0.8436652421951294,
1.0,False,,15.31071662902832,-1.3314272165298462,1.697819471359253,,27.406705379486084,,cond,,,0.0,1.0,7.623737335205078,0.001,0.9465603828430176,2.051562547683716,no_anneal_const_cond,0.147599995136261,175.79930114746094,,5.332726955413818,44,confirm,5000,50000,0.8648146986961365,0.09359999746084213,0.8741851449012756,0.29850348830223083,0.23607133328914642,0.00023222333402372897,0.01869220659136772,1.2762315273284912,2.2829463481903076,2.4127676486968994,
1.0,False,,16.839536666870117,-0.11970581859350204,0.8061124682426453,,54.33017539978027,,cond,,,0.0,1.0,8.397735595703125,0.001,0.56246018409729,1.7696547508239746,no_anneal_const_cond,0.1348000019788742,69.19812774658203,,4.169922828674316,44,confirm,10000,50000,0.5112927556037903,0.06189999729394913,0.6602317094802856,0.21352775394916534,0.16081048548221588,0.0006009427015669644,0.022362489253282547,0.5589039325714111,1.8234026432037354,2.129000663757324,
1.0,False,,4331.64306640625,-10.385449409484863,26.492717742919922,,134.8829665184021,,cond,,,0.1967500001192093,1.0,2194.485107421875,0.001,1.934400200843811,10.648035049438477,no_anneal_const_cond,0.06650000065565109,2368.955078125,,13.734368324279785,44,confirm,25000,50000,2.5226457118988037,0.38199999928474426,5.095892906188965,0.11980760097503662,0.026026474311947823,9.999999747378752e-05,9.999999747378752e-05,2.569932222366333,12.131694793701172,9.439590454101562,
1.0,False,,395.8433532714844,-1.8288270235061646,1.4673707485198975,,265.70529341697693,,cond,,,0.009449999779462814,1.0,205.71109008789062,0.001,0.5763086676597595,3.823655128479004,no_anneal_const_cond,0.09539999812841415,286.49139404296875,,5.002399921417236,44,confirm,50000,50000,0.8456565141677856,0.15539999306201935,1.010385274887085,0.24128444492816925,0.1552107036113739,9.999999747378752e-05,0.00010938026389339939,0.9973723888397217,4.142579078674316,3.9919347763061523,
1.0,False,,1.5123196840286255,0.004880930762737989,1.660658359527588,,0.2411491870880127,,global,,,0.0,1.0,0.7614627480506897,0.001,0.028045520186424255,0.0023541676346212626,no_anneal_const_global,0.08869999647140503,13.605415344238281,,10.39157485961914,42,confirm,0,50000,0.31572264432907104,0.001999999862164259,0.0,1.313261866569519,1.3132617473602295,1.3132617473602295,1.3132617473602295,1.3132617473602295,1.3162589073181152,1.2996633052825928,
1.0,False,,1.5947660207748413,0.0018767339643090963,1.5011448860168457,,1.091602087020874,,global,,,0.0,1.0,0.8029699921607971,0.001,0.06601056456565857,0.006216489709913731,no_anneal_const_global,0.0940999984741211,12.31005573272705,,9.855135917663574,42,confirm,100,50000,0.3415073752403259,0.0015999999595806003,0.0007898173644207418,1.2453770637512207,1.2443937063217163,1.2443937063217163,1.2443937063217163,1.2463608980178833,1.25182044506073,1.2326507568359375,
1.0,False,,1.9700149297714233,0.006001239642500877,0.9761521220207214,,3.2756762504577637,,global,,,0.0,1.0,0.9919394254684448,0.001,0.01642731763422489,0.003038671100512147,no_anneal_const_global,0.11289999634027481,8.02580451965332,,7.844620704650879,42,confirm,500,50000,0.43441101908683777,0.00039999998989515007,0.003035779343917966,1.008135437965393,1.0050749778747559,1.0050749778747559,1.0050749778747559,1.0111957788467407,1.0133038759231567,0.9958683252334595,
1.0,False,,2.54540753364563,0.003823117818683386,0.5827951431274414,,6.4149253368377686,,global,,,0.0,1.0,1.2816227674484253,0.001,0.014289405196905136,0.0005341980140656233,no_anneal_const_global,0.14259999990463257,4.784271717071533,,5.9824538230896,42,confirm,1000,50000,0.5456145405769348,9.999999747378752e-05,0.000631193455774337,0.7802610397338867,0.7797685265541077,0.7797685265541077,0.7797685265541077,0.780753493309021,0.7813141942024231,0.769068717956543,
1.0,False,,3.6983726024627686,0.002546375384554267,0.27645546197891235,,12.00366473197937,,global,,,0.0,1.0,1.8621857166290283,0.001,0.001806991291232407,0.00030751913436688483,no_anneal_const_global,0.20509999990463257,2.267885684967041,,4.089195251464844,42,confirm,2000,50000,0.6871989369392395,0.0,0.002097736345604062,0.5370056629180908,0.5358792543411255,0.5358792543411255,0.5358792543411255,0.5381321907043457,0.5388854146003723,0.5292029976844788,
1.0,False,,4.568634986877441,-1.70308256149292,1.9223073720932007,,28.900757551193237,,global,,,0.0,1.0,2.3003876209259033,0.001,0.6933672428131104,1.711845874786377,no_anneal_const_global,0.19370000064373016,248.8026885986328,,4.987773895263672,42,confirm,5000,50000,0.8952661156654358,0.07119999825954437,0.0027321085799485445,0.43471258878707886,0.4335249364376068,0.4335249364376068,0.4335249364376068,0.4359002411365509,2.175255298614502,2.0995376110076904,
1.0,False,,9.76565170288086,-0.74814772605896,1.0446487665176392,,58.11486482620239,,global,,,0.0,1.0,4.91616153717041,0.001,0.5297245383262634,2.2477970123291016,no_anneal_const_global,0.11939999461174011,102.29306030273438,,4.350223541259766,42,confirm,10000,50000,0.5285561084747314,0.0803999975323677,0.02322413958609104,0.20352047681808472,0.19879400730133057,0.19879400730133057,0.19879400730133057,0.20824694633483887,2.3876867294311523,2.483776807785034,
1.0,False,,10.127487182617188,-0.22380568087100983,0.7776000499725342,,140.84293937683105,,global,,,0.0,1.0,5.100135803222656,0.001,0.1453065276145935,1.8265507221221924,no_anneal_const_global,0.11069999635219574,46.233131408691406,,4.133439540863037,42,confirm,25000,50000,0.173106849193573,0.039400000125169754,0.021701108664274216,0.19616559147834778,0.19190868735313416,0.19190868735313416,0.19190868735313416,0.2004224956035614,1.9862546920776367,2.037168264389038,
1.0,False,,10.55379581451416,-0.20965194702148438,0.7437946200370789,,280.7203838825226,,global,,,0.0,1.0,5.3096442222595215,0.001,0.17103958129882812,1.7764168977737427,no_anneal_const_global,0.12119999527931213,42.9793586730957,,4.133493423461914,42,confirm,50000,50000,0.17779769003391266,0.03739999979734421,0.10096915811300278,0.19027626514434814,0.17106468975543976,0.17106468975543976,0.17106468975543976,0.20948779582977295,1.942574381828308,1.9634745121002197,
1.0,False,,1.5123196840286255,0.006910939700901508,1.6799397468566895,,0.28705286979675293,,global,,,0.0,1.0,0.7614627480506897,0.001,0.12711210548877716,0.0017767625395208597,no_anneal_const_global,0.08989999443292618,13.763400077819824,,10.452840805053711,43,confirm,0,50000,0.32902055978775024,0.002699999837204814,0.0,1.313261866569519,1.3132617473602295,1.3132617473602295,1.3132617473602295,1.3132617473602295,1.3157377243041992,1.2958365678787231,
1.0,False,,1.595320701599121,0.012937696650624275,1.501579999923706,,1.0538909435272217,,global,,,0.0,1.0,0.8032418489456177,0.001,0.06980399787425995,0.010159775614738464,no_anneal_const_global,0.09389999508857727,12.3883638381958,,9.862147331237793,43,confirm,100,50000,0.34113869071006775,0.0018999999156221747,0.0019402545876801014,1.2449595928192139,1.2425440549850464,1.2425440549850464,1.2425440549850464,1.2473750114440918,1.251952886581421,1.2369626760482788,
1.0,False,,1.9714760780334473,0.004291500896215439,0.9710565209388733,,3.952728748321533,,global,,,0.0,1.0,0.9925904273986816,0.001,0.006106427870690823,0.0006568857934325933,no_anneal_const_global,0.11339999735355377,7.9697184562683105,,7.811549663543701,43,confirm,500,50000,0.4358707070350647,0.0004999999655410647,0.007692583836615086,1.0075244903564453,0.9997742176055908,0.9997742176055908,0.9997742176055908,1.0152747631072998,1.000502347946167,1.001464605331421,
1.0,False,,2.5507290363311768,0.0023493242915719748,0.5811251997947693,,7.331920862197876,,global,,,0.0,1.0,1.2842520475387573,0.001,0.0139125632122159,0.0013327168999239802,no_anneal_const_global,0.14299999177455902,4.767995834350586,,5.9647979736328125,43,confirm,1000,50000,0.546105146408081,9.999999747378752e-05,0.005543606821447611,0.7786871790885925,0.7743706107139587,0.7743706107139587,0.7743706107139587,0.7830038666725159,0.7767826318740845,0.7717809677124023,
1.0,False,,3.702061653137207,0.0021300804801285267,0.27576392889022827,,14.136387348175049,,global,,,0.0,1.0,1.863988995552063,0.001,0.0011175081599503756,0.0010619291570037603,no_anneal_const_global,0.2061000019311905,2.2613494396209717,,4.084120273590088,43,confirm,2000,50000,0.6875020861625671,0.0,0.0015844112494960427,0.5364852547645569,0.535635232925415,0.535635232925415,0.535635232925415,0.537335216999054,0.5377342700958252,0.5294471383094788,
1.0,False,,4.749785900115967,2.1869406700134277,2.192772388458252,,35.7701416015625,,global,,,0.0,1.0,2.3914120197296143,0.001,0.5771298408508301,2.2040610313415527,no_anneal_const_global,0.17379999160766602,280.9884033203125,,5.628100395202637,43,confirm,5000,50000,0.8333921432495117,0.07989999651908875,0.007164903916418552,0.41818445920944214,0.4151882827281952,0.4151882827281952,0.4151882827281952,0.4211806356906891,2.6172397136688232,2.586942434310913,
1.0,False,,9.892889022827148,0.8351246118545532,0.8995292782783508,,71.38645482063293,,global,,,0.0,1.0,4.9821977615356445,0.001,0.44221651554107666,2.0240278244018555,no_anneal_const_global,0.12690000236034393,75.65615844726562,,4.178098201751709,43,confirm,10000,50000,0.4493167996406555,0.07050000131130219,0.02688010409474373,0.20085975527763367,0.1954607516527176,0.1954607516527176,0.1954607516527176,0.20625874400138855,2.2984580993652344,2.114321708679199,
1.0,False,,10.023368835449219,0.18689122796058655,0.736478328704834,,174.6327965259552,,global,,,0.0,1.0,5.047060966491699,0.001,0.09117750078439713,1.7945225238800049,no_anneal_const_global,0.11639999598264694,42.2339973449707,,4.0622053146362305,43,confirm,25000,50000,0.13147418200969696,0.03680000081658363,0.005736486986279488,0.19814161956310272,0.1970050036907196,0.1970050036907196,0.1970050036907196,0.19927822053432465,1.9841282367706299,1.9768561124801636,
1.0,False,,10.165107727050781,0.30858004093170166,0.7305838465690613,,342.7446594238281,,global,,,0.0,1.0,5.115060806274414,0.001,0.09630285948514938,1.830426573753357,no_anneal_const_global,0.11509999632835388,43.49203109741211,,4.009498119354248,43,confirm,50000,50000,0.1408873200416565,0.03869999945163727,0.07717035710811615,0.19667229056358337,0.18149536848068237,0.18149536848068237,0.18149536848068237,0.2118491530418396,1.9985558986663818,2.0331859588623047,
1.0,False,,1.5123196840286255,0.005740898195654154,1.6656218767166138,,0.25693678855895996,,global,,,0.0,1.0,0.7614627480506897,0.001,0.13497063517570496,0.0012513169785961509,no_anneal_const_global,0.08999999612569809,13.706465721130371,,10.451181411743164,44,confirm,0,50000,0.33115315437316895,0.002199999988079071,0.0,1.313261866569519,1.3132617473602295,1.3132617473602295,1.3132617473602295,1.3132617473602295,1.3157763481140137,1.293851613998413,
1.0,False,,1.5934034585952759,0.013174345716834068,1.5372294187545776,,0.9039535522460938,,global,,,0.0,1.0,0.8022849559783936,0.001,0.07581711560487747,0.018536187708377838,no_anneal_const_global,0.09079999476671219,12.575516700744629,,10.012484550476074,44,confirm,100,50000,0.3382641077041626,0.0015999999595806003,0.0006489320076070726,1.2464406490325928,1.2456316947937012,1.2456316947937012,1.2456316947937012,1.2472493648529053,1.2614330053329468,1.2492601871490479,
1.0,False,,1.9661343097686768,0.004714886657893658,0.9792561531066895,,3.233879804611206,,global,,,0.0,1.0,0.9899554252624512,0.001,0.02586538717150688,0.0019643092527985573,no_anneal_const_global,0.11409999430179596,8.039586067199707,,7.852138042449951,44,confirm,500,50000,0.4346202611923218,0.00039999998989515007,0.0007365302881225944,1.0101468563079834,1.009402871131897,1.009402871131897,1.009402871131897,1.0108908414840698,1.0130285024642944,0.9964378476142883,
1.0,False,,2.5345709323883057,0.0038339763414114714,0.5881229639053345,,6.030389308929443,,global,,,0.0,1.0,1.2761344909667969,0.001,0.01638902723789215,0.00028412372921593487,no_anneal_const_global,0.1410999894142151,4.821997165679932,,6.0078253746032715,44,confirm,1000,50000,0.544068455696106,9.999999747378752e-05,0.003774846438318491,0.7836275100708008,0.7806695103645325,0.7806695103645325,0.7806695103645325,0.7865855097770691,0.7818744778633118,0.7747382521629333,
1.0,False,,3.6865241527557373,0.0031914750579744577,0.2783893942832947,,11.632363319396973,,global,,,0.0,1.0,1.8561921119689941,0.001,0.004097785800695419,0.0008425195119343698,no_anneal_const_global,0.20399999618530273,2.281050682067871,,4.104929447174072,44,confirm,2000,50000,0.6860529184341431,0.0,0.00023721312754787505,0.5387372970581055,0.538609504699707,0.538609504699707,0.538609504699707,0.5388650894165039,0.5407136678695679,0.530952513217926,
1.0,False,,4.28272819519043,-0.0035072865430265665,0.2363257259130478,,29.29238200187683,,global,,,0.0,1.0,2.1561784744262695,0.001,0.004789215512573719,0.029233042150735855,no_anneal_const_global,0.22379998862743378,1.93359375,,3.772876501083374,44,confirm,5000,50000,0.7157317399978638,0.0,0.01186686847358942,0.4638488292694092,0.45834454894065857,0.45834454894065857,0.45834454894065857,0.4693531394004822,0.5040135383605957,0.4787278175354004,
1.0,False,,10.163347244262695,-0.6907269954681396,0.9487417936325073,,56.7416455745697,,global,,,0.0,1.0,5.114144325256348,0.001,0.4573538601398468,2.166107177734375,no_anneal_const_global,0.12289999425411224,81.10771942138672,,4.278458595275879,44,confirm,10000,50000,0.45839568972587585,0.0771000012755394,0.07794562727212906,0.19673126935958862,0.18139736354351044,0.18139736354351044,0.18139736354351044,0.21206527948379517,2.3701624870300293,2.3218045234680176,
1.0,False,,10.2828369140625,-0.003474125172942877,0.7002655267715454,,135.16612553596497,,global,,,0.0,1.0,5.175381183624268,0.001,0.12447512894868851,1.6347414255142212,no_anneal_const_global,0.12299999594688416,33.763973236083984,,4.087533950805664,44,confirm,25000,50000,0.1350773125886917,0.023399999365210533,0.050925277173519135,0.1937248706817627,0.18385961651802063,0.18385961651802063,0.18385961651802063,0.20359010994434357,1.8172309398651123,1.8247323036193848,
1.0,False,,10.862936019897461,-0.041714198887348175,0.6745015978813171,,262.0625307559967,,global,,,0.0,1.0,5.46005392074585,0.001,0.14458705484867096,1.6316330432891846,no_anneal_const_global,0.12600000202655792,35.15955352783203,,4.019504547119141,44,confirm,50000,50000,0.14877407252788544,0.028299998492002487,0.21908323466777802,0.19238175451755524,0.15023519098758698,0.15023519098758698,0.15023519098758698,0.2345283180475235,1.8251694440841675,1.7906732559204102,
0.1,,,1.5123196840286255,0.004880930762737989,1.660658359527588,True,0.2476637363433838,stein,cond,,,0.0,,0.7614627480506897,0.001,0.028045520186424255,0.0023541676346212626,stein_cond,0.08869999647140503,13.605415344238281,,10.39157485961914,42,confirm,0,50000,0.31572264432907104,0.001999999862164259,0.0,1.313261866569519,1.3132617473602295,1.3132617473602295,1.3132617473602295,1.3132617473602295,1.3162589073181152,1.2996633052825928,
0.10360000000000001,,,1.07896089553833,-6.6383538246154785,48.94731903076172,True,0.9670674800872803,stein,cond,,,0.0,,0.5432581305503845,0.001,0.6630178093910217,7.938294410705566,stein_cond,0.018299998715519905,982.7351684570312,,49.573604583740234,42,confirm,100,50000,1.8926243782043457,0.39809998869895935,0.05629265308380127,1.846399188041687,1.8339037895202637,1.5510890483856201,1.6392956972122192,2.1622705459594727,9.752922058105469,9.785662651062012,
0.11800000000000001,,,1.4096429347991943,-22.405208587646484,80.58411407470703,True,3.578221082687378,stein,cond,,,0.0,,0.7161174416542053,0.001,0.03980984538793564,22.959030151367188,stein_cond,0.010999999940395355,6584.4072265625,,43.75493621826172,42,confirm,500,50000,3.7026171684265137,0.593999981880188,0.22649794816970825,1.5497632026672363,1.626255750656128,0.08835373818874359,0.41170430183410645,2.1128857135772705,24.90350914001465,24.073200225830078,
0.136,,,2.378622055053711,-20.14034080505371,66.53350067138672,True,6.892937660217285,stein,cond,,,0.0,,1.2651917934417725,0.0009000000000000001,0.5898862481117249,20.556819915771484,stein_cond,0.015099999494850636,6376.5029296875,,38.91133499145508,42,confirm,1000,50000,3.471813678741455,0.5342999696731567,0.38244372606277466,1.5274862051010132,1.6782280206680298,0.0020790023263543844,0.08960742503404617,2.405325412750244,22.426488876342773,21.718393325805664,
0.17200000000000001,,,341.58709716796875,-18.650903701782227,44.70737838745117,True,13.22130036354065,stein,cond,,,0.00989999994635582,,172.56088256835938,0.0008100000000000001,0.1681821644306183,18.742279052734375,stein_cond,0.018299998715519905,6168.359375,,28.62347412109375,42,confirm,2000,50000,3.251762628555298,0.4675999879837036,0.5863346457481384,1.4815436601638794,1.7607980966567993,9.999999747378752e-05,0.00010536352056078613,2.991032838821411,19.887542724609375,20.533790588378906,
0.28,,,1771.0087890625,-3.004215955734253,13.983546257019043,True,32.00412726402283,stein,cond,,,0.07175000011920929,,904.7517700195312,0.00059049,0.9956017732620239,8.233438491821289,stein_cond,0.025499999523162842,1105.7584228515625,,15.828132629394531,42,confirm,5000,50000,1.7748315334320068,0.3304999768733978,1.063713550567627,0.6339730024337769,0.4079134166240692,9.999999747378752e-05,9.999999747378752e-05,2.652740001678467,8.896467208862305,8.827937126159668,
0.4600000000000001,,,2989.577392578125,-1.6016838550567627,4.886363983154297,True,63.673988819122314,stein,cond,,,0.12700000405311584,,1485.53466796875,0.0003486784401,0.7091205716133118,4.667527675628662,stein_cond,0.0429999977350235,350.69305419921875,,10.046318054199219,42,confirm,10000,50000,1.0413036346435547,0.20989999175071716,1.4814698696136475,0.4143231213092804,0.1680726706981659,9.999999747378752e-05,9.999999747378752e-05,2.924163341522217,5.214940071105957,4.935121536254883,
1.0,,,3772.322021484375,-0.1922709047794342,0.9663220643997192,True,155.63231015205383,stein,cond,,,0.16345000267028809,,1876.7845458984375,7.17897987691853e-05,0.2026357650756836,1.7607808113098145,stein_cond,0.13499999046325684,51.28425979614258,,4.256673812866211,42,confirm,25000,50000,0.196723073720932,0.04479999840259552,1.7204878330230713,0.19091729819774628,0.10206513106822968,9.999999747378752e-05,9.999999747378752e-05,1.7075707912445068,1.941489815711975,1.9538211822509766,
1.0,,,3720.354248046875,-0.07299555093050003,0.9207759499549866,True,288.8687002658844,stein,cond,,,0.16075000166893005,,1847.1661376953125,5.15377520732012e-06,0.09908592700958252,1.7745237350463867,stein_cond,0.131400004029274,47.177467346191406,,4.270269393920898,42,confirm,50000,50000,0.09236358851194382,0.04079999774694443,1.6325364112854004,0.18940569460391998,0.10566426068544388,9.999999747378752e-05,9.999999747378752e-05,1.566892385482788,1.9649829864501953,1.9517375230789185,
0.1,,,1.5123196840286255,0.006910939700901508,1.6799397468566895,True,0.2501826286315918,stein,cond,,,0.0,,0.7614627480506897,0.001,0.12711210548877716,0.0017767625395208597,stein_cond,0.08989999443292618,13.763400077819824,,10.452840805053711,43,confirm,0,50000,0.32902055978775024,0.002699999837204814,0.0,1.313261866569519,1.3132617473602295,1.3132617473602295,1.3132617473602295,1.3132617473602295,1.3157377243041992,1.2958365678787231,
0.10360000000000001,,,0.44767996668815613,-0.4759681522846222,44.971153259277344,True,0.8083868026733398,stein,cond,,,0.0,,0.225963294506073,0.001,0.2687346637248993,1.9328563213348389,stein_cond,0.01979999989271164,369.6709289550781,,58.113834381103516,43,confirm,100,50000,1.2068238258361816,0.29339998960494995,0.20089943706989288,4.602270126342773,4.859683513641357,3.4480860233306885,3.4547171592712402,6.853545188903809,6.634242534637451,6.54911470413208,
0.11800000000000001,,,3.0555508136749268,-22.12372398376465,85.29084014892578,True,2.8711090087890625,stein,cond,,,0.0,,1.6267956495285034,0.001,0.5526522994041443,22.27968978881836,stein_cond,0.011899999342858791,6603.24560546875,,43.70697784423828,43,confirm,500,50000,3.691751718521118,0.5911999940872192,0.5599985718727112,1.8404648303985596,1.317502498626709,0.0015308737056329846,0.05701466649770737,3.8930764198303223,24.74245262145996,23.54493522644043,
0.136,,,12.287118911743164,-19.30452537536621,61.56008529663086,True,5.415849208831787,stein,cond,,,9.999999747378752e-05,,7.635210037231445,0.0009000000000000001,0.3614473044872284,19.425533294677734,stein_cond,0.01599999889731407,6123.84228515625,,37.55250549316406,43,confirm,1000,50000,3.364506483078003,0.5163999795913696,0.5143395066261292,1.7790066003799438,1.7111623287200928,9.999999747378752e-05,0.015307800844311714,3.531731128692627,21.381671905517578,21.027360916137695,
0.17200000000000001,,,256.0140075683594,-19.113187789916992,51.76942443847656,True,10.723756790161133,stein,cond,,,0.006399999838322401,,126.98416900634766,0.0008100000000000001,0.6780860424041748,19.18572998046875,stein_cond,0.016099998727440834,6340.8447265625,,30.973817825317383,43,confirm,2000,50000,3.341449022293091,0.48489999771118164,0.6423499584197998,1.5799442529678345,1.8745578527450562,9.999999747378752e-05,0.00022786611225456,3.5296754837036133,20.97591209411621,20.524675369262695,
0.28,,,211.67979431152344,-11.467900276184082,23.95587158203125,True,26.578964471817017,stein,cond,,,0.00484999967738986,,110.01437377929688,0.00059049,0.3931584358215332,11.552602767944336,stein_cond,0.02850000001490116,2470.9228515625,,19.558452606201172,43,confirm,5000,50000,2.3324098587036133,0.36409997940063477,0.7044644355773926,1.0793324708938599,1.1668661832809448,9.999999747378752e-05,0.0003309349121991545,3.2776901721954346,12.674578666687012,12.54294204711914,
0.4600000000000001,,,608.4708862304688,-1.3492155075073242,5.377680778503418,True,52.99671483039856,stein,cond,,,0.01834999956190586,,288.8190612792969,0.0003486784401,0.7710777521133423,4.831349849700928,stein_cond,0.0486999973654747,374.3874816894531,,9.869772911071777,43,confirm,10000,50000,1.0985463857650757,0.21769998967647552,0.9028223752975464,0.40836140513420105,0.3178579807281494,9.999999747378752e-05,9.999999747378752e-05,1.2685052156448364,5.269858360290527,5.193926811218262,
1.0,,,985.2879028320312,-0.7014169692993164,0.9439027309417725,True,132.2179877758026,stein,cond,,,0.0320499986410141,,485.5526428222656,7.17897987691853e-05,0.39113685488700867,1.9865193367004395,stein_cond,0.1289999932050705,64.29342651367188,,4.242386817932129,43,confirm,25000,50000,0.4050099551677704,0.06549999862909317,0.9916128516197205,0.1761765480041504,0.1261111944913864,9.999999747378752e-05,9.999999747378752e-05,0.7394844889640808,2.154444694519043,2.1682024002075195,
1.0,,,1040.7891845703125,-0.6491284370422363,0.9293343424797058,True,262.0816967487335,stein,cond,,,0.034199997782707214,,514.1403198242188,5.15377520732012e-06,0.38702628016471863,1.9134609699249268,stein_cond,0.13109999895095825,59.15348434448242,,4.253556728363037,43,confirm,50000,50000,0.39399296045303345,0.06149999797344208,1.0186399221420288,0.17655253410339355,0.12544134259223938,9.999999747378752e-05,9.999999747378752e-05,0.7646458745002747,2.0873336791992188,2.0905063152313232,
0.1,,,1.5123196840286255,0.005740898195654154,1.6656218767166138,True,0.30324769020080566,stein,cond,,,0.0,,0.7614627480506897,0.001,0.13497063517570496,0.0012513169785961509,stein_cond,0.08999999612569809,13.706465721130371,,10.451181411743164,44,confirm,0,50000,0.33115315437316895,0.002199999988079071,0.0,1.313261866569519,1.3132617473602295,1.3132617473602295,1.3132617473602295,1.3132617473602295,1.3157763481140137,1.293851613998413,
0.10360000000000001,,,0.984993040561676,3.6757094860076904,45.316986083984375,True,1.1534783840179443,stein,cond,,,0.0,,0.4959315359592438,0.001,0.7753494381904602,5.677943229675293,stein_cond,0.017799999564886093,640.2969970703125,,52.47526168823242,44,confirm,100,50000,1.5548608303070068,0.3452000021934509,0.11153490841388702,2.0406367778778076,2.0244336128234863,1.605222463607788,1.631124496459961,2.7093162536621094,7.742753982543945,7.893752098083496,
0.11800000000000001,,,2.606602191925049,23.81206512451172,83.79663848876953,True,3.9476845264434814,stein,cond,,,0.0,,1.3072903156280518,0.001,0.1212548092007637,23.8172607421875,stein_cond,0.013399999588727951,7515.43017578125,,41.112003326416016,44,confirm,500,50000,3.8216426372528076,0.5922999978065491,0.4624631106853485,1.7718509435653687,1.8998445272445679,0.0019062694627791643,0.07240940630435944,3.343309164047241,25.270620346069336,26.155197143554688,
0.136,,,65.13057708740234,19.347219467163086,63.860809326171875,True,7.041867971420288,stein,cond,,,0.0011999999405816197,,35.15772247314453,0.0009000000000000001,0.28934210538864136,19.332401275634766,stein_cond,0.014499999582767487,6033.0888671875,,36.02704620361328,44,confirm,1000,50000,3.353893756866455,0.513700008392334,0.5469686388969421,1.773344874382019,1.9910674095153809,9.999999747378752e-05,0.002101478399708867,3.286770820617676,21.860607147216797,20.523591995239258,
0.17200000000000001,,,1194.3775634765625,10.81179428100586,33.3343505859375,True,13.749812602996826,stein,cond,,,0.04050000011920929,,553.968505859375,0.0008100000000000001,0.8352980613708496,13.00464916229248,stein_cond,0.018199998885393143,2937.37353515625,,26.248767852783203,44,confirm,2000,50000,2.5322024822235107,0.41830000281333923,0.8337812423706055,1.0792032480239868,0.9968990087509155,9.999999747378752e-05,9.999999747378752e-05,3.1613781452178955,14.16869831085205,14.120903015136719,
0.28,,,2551.86865234375,3.49546480178833,13.128896713256836,True,33.82848405838013,stein,cond,,,0.09874999523162842,,1202.8756103515625,0.00059049,0.8258321285247803,7.738585472106934,stein_cond,0.029099998995661736,931.2981567382812,,16.437847137451172,44,confirm,5000,50000,1.6819090843200684,0.32739999890327454,1.0833253860473633,0.8061360716819763,0.437334805727005,9.999999747378752e-05,9.999999747378752e-05,2.935776472091675,8.51563549041748,8.60397720336914,
0.4600000000000001,,,3207.27783203125,2.1002821922302246,4.691035747528076,True,66.18695902824402,stein,cond,,,0.1302499920129776,,1530.4556884765625,0.0003486784401,0.6939780116081238,4.7697954177856445,stein_cond,0.04829999804496765,368.2076110839844,,9.5095853805542,44,confirm,10000,50000,1.0730245113372803,0.21719999611377716,1.2049895524978638,0.4689638912677765,0.17272447049617767,9.999999747378752e-05,9.999999747378752e-05,1.8322077989578247,5.061679840087891,5.422683238983154,
1.0,,,4025.05517578125,0.6463500261306763,0.811271071434021,True,160.4149763584137,stein,cond,,,0.16904999315738678,,1958.2073974609375,7.17897987691853e-05,0.3549836575984955,1.8670015335083008,stein_cond,0.12469999492168427,53.186248779296875,,4.106899261474609,44,confirm,25000,50000,0.3570908010005951,0.056199997663497925,1.3693430423736572,0.16387340426445007,0.045680172741413116,9.999999747378752e-05,9.999999747378752e-05,0.8177717328071594,2.0619289875030518,2.008878707885742,
1.0,,,4306.318359375,0.6010667085647583,0.8015087842941284,True,311.1416552066803,stein,cond,,,0.1793999969959259,,2097.524658203125,5.15377520732012e-06,0.35586440563201904,1.821037769317627,stein_cond,0.12860000133514404,49.312381744384766,,4.117371082305908,44,confirm,50000,50000,0.3520386219024658,0.050599999725818634,1.454190731048584,0.15251080691814423,0.03256954252719879,9.999999747378752e-05,9.999999747378752e-05,0.8238057494163513,1.9917134046554565,1.9655133485794067,
0.1,,,1.5123196840286255,0.004880930762737989,1.660658359527588,True,0.23395252227783203,stein,global,,,0.0,,0.7614627480506897,0.001,0.028045520186424255,0.0023541676346212626,stein_global,0.08869999647140503,13.605415344238281,,10.39157485961914,42,confirm,0,50000,0.31572264432907104,0.001999999862164259,0.0,1.313261866569519,1.3132617473602295,1.3132617473602295,1.3132617473602295,1.3132617473602295,1.3162589073181152,1.2996633052825928,
0.10360000000000001,,,1.4862115383148193,-5.1607584953308105,44.31654739379883,True,0.974951982498169,stein,global,,,0.0,,0.7483155131340027,0.001,0.5468611717224121,7.2848920822143555,stein_global,0.02019999921321869,720.6102905273438,,50.32975387573242,42,confirm,100,50000,1.6737403869628906,0.3676999807357788,0.00027717050397768617,1.3363345861434937,1.335964322090149,1.335964322090149,1.335964322090149,1.3367050886154175,8.476008415222168,8.763845443725586,
0.11800000000000001,,,1.4867128133773804,-21.31092643737793,78.73745727539062,True,3.7251601219177246,stein,global,,,0.0,,0.7485628128051758,0.001,0.24281686544418335,22.12557601928711,stein_global,0.01209999993443489,6228.00927734375,,43.07148742675781,42,confirm,500,50000,3.597842216491699,0.5769000053405762,0.0011336320312693715,1.3358947038650513,1.3343805074691772,1.3343805074691772,1.3343805074691772,1.337409257888794,23.726839065551758,23.195104598999023,
0.136,,,1.4860395193099976,-17.2108097076416,59.87422180175781,True,7.079095363616943,stein,global,,,0.0,,0.7482337951660156,0.0009000000000000001,0.5231523513793945,18.05583381652832,stein_global,0.0139999995008111,4829.29248046875,,38.25661849975586,42,confirm,1000,50000,3.168424367904663,0.5162000060081482,0.0005333185545168817,1.3364810943603516,1.3357683420181274,1.3357683420181274,1.3357683420181274,1.3371938467025757,19.880292892456055,18.894432067871094,
0.17200000000000001,,,1.6000090837478638,-5.690256118774414,47.02755355834961,True,14.520374536514282,stein,global,,,0.0,,0.8055879473686218,0.0008100000000000001,1.3621376752853394,14.99905014038086,stein_global,0.01889999955892563,4016.664794921875,,30.309005737304688,42,confirm,2000,50000,2.854515314102173,0.4634999930858612,0.004224787466228008,1.2413513660430908,1.2361071109771729,1.2361071109771729,1.2361071109771729,1.2465957403182983,16.506328582763672,16.11430549621582,
0.28,,,2.658372402191162,-4.36577033996582,14.303645133972168,True,36.712220191955566,stein,global,,,0.0,,1.3380770683288574,0.00059049,0.821349561214447,8.557151794433594,stein_global,0.029199998825788498,1124.0938720703125,,17.24442481994629,42,confirm,5000,50000,1.814151406288147,0.3458999991416931,0.04051588848233223,0.7485698461532593,0.7182416319847107,0.7182416319847107,0.7182416319847107,0.7788980603218079,9.549659729003906,9.120723724365234,
0.4600000000000001,,,4.449911117553711,-1.7282425165176392,4.971309185028076,True,68.68867874145508,stein,global,,,0.0,,2.239755392074585,0.0003486784401,0.8310059905052185,4.778034210205078,stein_global,0.049300000071525574,365.876953125,,10.041279792785645,42,confirm,10000,50000,1.1226589679718018,0.22689999639987946,0.045174140483140945,0.4473903179168701,0.42718032002449036,0.42718032002449036,0.42718032002449036,0.4676002562046051,5.440013408660889,5.040770530700684,
1.0,,,8.92602252960205,-0.7063952088356018,0.9579628705978394,True,167.16942811012268,stein,global,,,0.0,,4.493568420410156,7.17897987691853e-05,0.4276027977466583,1.9342690706253052,stein_global,0.12299999594688416,66.85579681396484,,4.483592987060547,42,confirm,25000,50000,0.4169290065765381,0.06359999626874924,0.020789621397852898,0.22263649106025696,0.2180081009864807,0.2180081009864807,0.2180081009864807,0.22726492583751678,2.1613547801971436,2.1715030670166016,
1.0,,,9.973390579223633,-0.627536952495575,0.8199212551116943,True,327.8659529685974,stein,global,,,0.0,,5.021071910858154,5.15377520732012e-06,0.4195181131362915,1.837417721748352,stein_global,0.12349999696016312,58.34244918823242,,4.1616692543029785,42,confirm,50000,50000,0.4009225368499756,0.056699998676776886,0.014925429597496986,0.19920505583286285,0.1962319016456604,0.1962319016456604,0.1962319016456604,0.2021781951189041,2.0712637901306152,2.0190813541412354,
0.1,,,1.5123196840286255,0.006910939700901508,1.6799397468566895,True,0.2560596466064453,stein,global,,,0.0,,0.7614627480506897,0.001,0.12711210548877716,0.0017767625395208597,stein_global,0.08989999443292618,13.763400077819824,,10.452840805053711,43,confirm,0,50000,0.32902055978775024,0.002699999837204814,0.0,1.313261866569519,1.3132617473602295,1.3132617473602295,1.3132617473602295,1.3132617473602295,1.3157377243041992,1.2958365678787231,
0.10360000000000001,,,1.476939082145691,-6.121026515960693,47.058876037597656,True,0.8907594680786133,stein,global,,,0.0,,0.7436737418174744,0.001,0.03157410770654678,7.937385082244873,stein_global,0.01549999974668026,837.6736450195312,,49.872745513916016,43,confirm,100,50000,1.75554621219635,0.3822999894618988,0.0042696380987763405,1.3446999788284302,1.338958978652954,1.338958978652954,1.338958978652954,1.3504414558410645,9.35312271118164,9.296003341674805,
0.11800000000000001,,,1.4751083850860596,-23.750350952148438,94.45077514648438,True,3.1969974040985107,stein,global,,,0.0,,0.7427521347999573,0.001,0.05611279234290123,24.502094268798828,stein_global,0.012600000016391277,7311.59521484375,,45.90959930419922,43,confirm,500,50000,3.8402657508850098,0.6098999977111816,0.004322738852351904,1.3463691473007202,1.340549349784851,1.340549349784851,1.340549349784851,1.352189064025879,26.05641746520996,25.678298950195312,
0.136,,,1.4744782447814941,-20.70879554748535,70.67878723144531,True,6.154592275619507,stein,global,,,0.0,,0.7424458861351013,0.0009000000000000001,0.21088849008083344,21.15371322631836,stein_global,0.013299999758601189,6111.61572265625,,37.90620040893555,43,confirm,1000,50000,3.4984538555145264,0.552899956703186,0.006184395402669907,1.346950888633728,1.3386210203170776,1.3386210203170776,1.3386210203170776,1.3552807569503784,23.214548110961914,21.733806610107422,
0.17200000000000001,,,1.4902294874191284,-17.856706619262695,51.24913787841797,True,11.45803427696228,stein,global,,,0.0,,0.7503892779350281,0.0008100000000000001,0.3115274906158447,18.049072265625,stein_global,0.017400000244379044,5131.97021484375,,32.034393310546875,43,confirm,2000,50000,3.167994499206543,0.4910999834537506,0.008234011009335518,1.33273184299469,1.3217583894729614,1.3217583894729614,1.3217583894729614,1.3437052965164185,19.422054290771484,19.368505477905273,
0.28,,,2.490957736968994,-2.787214756011963,16.721824645996094,True,27.18587827682495,stein,global,,,0.0,,1.254503846168518,0.00059049,1.1073188781738281,8.823036193847656,stein_global,0.033799998462200165,1374.9747314453125,,17.96928596496582,43,confirm,5000,50000,1.9310975074768066,0.3498999774456024,0.029130738228559494,0.7978047728538513,0.774564802646637,0.774564802646637,0.774564802646637,0.821044921875,9.068279266357422,10.187155723571777,
0.4600000000000001,,,4.361073017120361,-1.4750555753707886,4.448973178863525,True,52.97737193107605,stein,global,,,0.0,,2.196007251739502,0.0003486784401,0.6814001202583313,4.1244215965271,stein_global,0.05429999902844429,253.5334930419922,,9.907601356506348,43,confirm,10000,50000,0.9489791989326477,0.1973000019788742,0.010246474295854568,0.4554195702075958,0.4507533311843872,0.4507533311843872,0.4507533311843872,0.46008598804473877,4.543034553527832,4.614282608032227,
1.0,,,9.04611873626709,-0.41515469551086426,0.9263499975204468,True,131.00290536880493,stein,global,,,0.0,,4.554925918579102,7.17897987691853e-05,0.4217188060283661,1.827094554901123,stein_global,0.1281999945640564,59.284324645996094,,4.434074401855469,43,confirm,25000,50000,0.40605682134628296,0.058799996972084045,0.0040647187270224094,0.2195461392402649,0.21865376830101013,0.21865376830101013,0.21865376830101013,0.22043851017951965,2.030249834060669,2.0520691871643066,
1.0,,,10.106932640075684,-0.3935801386833191,0.7757482528686523,True,258.2758193016052,stein,global,,,0.0,,5.088918685913086,5.15377520732012e-06,0.36630481481552124,1.7335444688796997,stein_global,0.12359999865293503,50.23849105834961,,4.098516941070557,43,confirm,50000,50000,0.3680779039859772,0.04859999939799309,0.000308373651932925,0.19650539755821228,0.1964448094367981,0.1964448094367981,0.1964448094367981,0.19656600058078766,1.9139126539230347,1.9327577352523804,
0.1,,,1.5123196840286255,0.005740898195654154,1.6656218767166138,True,0.2616291046142578,stein,global,,,0.0,,0.7614627480506897,0.001,0.13497063517570496,0.0012513169785961509,stein_global,0.08999999612569809,13.706465721130371,,10.451181411743164,44,confirm,0,50000,0.33115315437316895,0.002199999988079071,0.0,1.313261866569519,1.3132617473602295,1.3132617473602295,1.3132617473602295,1.3132617473602295,1.3157763481140137,1.293851613998413,
0.10360000000000001,,,1.4846478700637817,1.8781323432922363,38.38945388793945,True,0.9377734661102295,stein,global,,,0.0,,0.7475348711013794,0.001,0.6567337512969971,5.523219108581543,stein_global,0.018199998885393143,447.21368408203125,,51.474517822265625,44,confirm,100,50000,1.3519797325134277,0.3156999945640564,0.0008449018350802362,1.3377312421798706,1.33660089969635,1.33660089969635,1.33660089969635,1.338861346244812,6.8136186599731445,7.048408031463623,
0.11800000000000001,,,1.4832897186279297,22.324220657348633,88.60478210449219,True,3.9100983142852783,stein,global,,,0.0,,0.7468500137329102,0.001,0.9747500419616699,22.93386459350586,stein_global,0.013599999248981476,7206.5869140625,,42.87797546386719,44,confirm,500,50000,3.7518601417541504,0.5824999809265137,0.0006600954802706838,1.3389575481414795,1.33807373046875,1.33807373046875,1.33807373046875,1.339841365814209,23.002010345458984,25.873783111572266,
0.136,,,1.4857563972473145,17.565898895263672,60.913761138916016,True,7.453777313232422,stein,global,,,0.0,,0.7480952739715576,0.0009000000000000001,0.6446569561958313,18.212139129638672,stein_global,0.013599999248981476,5035.52880859375,,36.15389633178711,44,confirm,1000,50000,3.206460475921631,0.5090000033378601,0.0012312468606978655,1.3367300033569336,1.3350841999053955,1.3350841999053955,1.3350841999053955,1.3383758068084717,19.956003189086914,19.43201446533203,
0.17200000000000001,,,1.6246922016143799,7.963498115539551,44.722129821777344,True,14.6930410861969,stein,global,,,0.0,,0.8181076049804688,0.0008100000000000001,1.1393524408340454,15.224785804748535,stein_global,0.019099999219179153,3741.9775390625,,30.0305118560791,44,confirm,2000,50000,2.8397395610809326,0.4729999899864197,0.009905138984322548,1.222453236579895,1.210344910621643,1.210344910621643,1.210344910621643,1.2345614433288574,16.729867935180664,16.399063110351562,
0.28,,,2.636049270629883,3.431842088699341,13.855356216430664,True,35.89239168167114,stein,global,,,0.0,,1.3273487091064453,0.00059049,0.9691246151924133,8.1194429397583,stein_global,0.025999998673796654,987.403564453125,,17.31856346130371,44,confirm,5000,50000,1.7790117263793945,0.35029998421669006,0.007664119359105825,0.753425657749176,0.7476515173912048,0.7476515173912048,0.7476515173912048,0.7591999173164368,8.937211036682129,8.930865287780762,
0.4600000000000001,,,4.4670281410217285,1.926249623298645,4.753504276275635,True,70.67207431793213,stein,global,,,0.0,,2.24945068359375,0.0003486784401,0.7640720009803772,4.67268180847168,stein_global,0.05130000039935112,329.7944641113281,,9.910140037536621,44,confirm,10000,50000,1.0804656744003296,0.22739998996257782,0.015263953246176243,0.44465652108192444,0.4378695487976074,0.4378695487976074,0.4378695487976074,0.4514436423778534,5.084465503692627,5.214582443237305,
1.0,,,8.995141983032227,0.6774583458900452,0.8763522505760193,True,165.43432641029358,stein,global,,,0.0,,4.529594898223877,7.17897987691853e-05,0.3514939248561859,1.7813801765441895,stein_global,0.12929999828338623,53.465484619140625,,4.340604782104492,44,confirm,25000,50000,0.3605711758136749,0.05609999969601631,0.013388747349381447,0.22080987691879272,0.2178535908460617,0.2178535908460617,0.2178535908460617,0.22376617789268494,2.0591230392456055,1.9785761833190918,
1.0,,,10.043685913085938,0.5049087405204773,0.7306005954742432,True,312.6981568336487,stein,global,,,0.0,,5.057546615600586,5.15377520732012e-06,0.34496304392814636,1.6670187711715698,stein_global,0.12690000236034393,45.09892272949219,,4.019989013671875,44,confirm,50000,50000,0.3417491018772125,0.04569999873638153,0.01210048794746399,0.19775323569774628,0.19536039233207703,0.19536039233207703,0.19536039233207703,0.20014609396457672,1.880394697189331,1.8799349069595337,
0.1,,,1.5123196840286255,0.004880930762737989,1.660658359527588,True,0.2637035846710205,,cond,,,0.0,,0.7614627480506897,0.001,0.028045520186424255,0.0023541676346212626,detach_h_cond,0.08869999647140503,13.605415344238281,,10.39157485961914,42,contrast,0,50000,0.31572264432907104,0.001999999862164259,0.0,1.313261866569519,1.3132617473602295,1.3132617473602295,1.3132617473602295,1.3132617473602295,1.3162589073181152,1.2996633052825928,
0.10360000000000001,,,1.0044080018997192,24.74275016784668,121.67227172851562,True,0.9285717010498047,,cond,,,0.0,,0.5057032704353333,0.001,0.9644362330436707,24.740070343017578,detach_h_cond,0.011599999852478504,8066.126953125,,49.349281311035156,42,contrast,100,50000,4.000579357147217,0.6238999962806702,0.17012055218219757,2.0302114486694336,1.9946798086166382,1.1890009641647339,1.4840573072433472,3.046865463256836,26.78763198852539,27.140525817871094,
0.11800000000000001,,,1.1594072580337524,20.764781951904297,82.48702239990234,True,3.8175418376922607,,cond,,,0.0,,0.581618070602417,0.001,0.164926677942276,20.664443969726562,detach_h_cond,0.010900000110268593,6307.08642578125,,44.519187927246094,42,contrast,500,50000,3.5333755016326904,0.5577999949455261,0.31536853313446045,2.1465554237365723,2.074751377105713,0.014197375625371933,0.41231608390808105,3.352238178253174,22.969575881958008,22.92167091369629,
0.136,,,1.2654725313186646,20.581974029541016,61.95384979248047,True,7.470139741897583,,cond,,,0.0,,0.6355406045913696,0.0009000000000000001,0.15142391622066498,20.44679832458496,detach_h_cond,0.015399999916553497,6522.72509765625,,36.98309326171875,42,contrast,1000,50000,3.478517770767212,0.5299999713897705,0.26925697922706604,1.8078206777572632,1.8697646856307983,0.04114580154418945,0.469485878944397,2.852487564086914,22.114900588989258,22.65749168395996,
0.17200000000000001,,,2.1437249183654785,19.046966552734375,39.2764892578125,True,14.553390979766846,,cond,,,0.0,,1.0780868530273438,0.0008100000000000001,0.2763948440551758,19.060317993164062,detach_h_cond,0.01850000023841858,6327.8701171875,,29.349124908447266,42,contrast,2000,50000,3.288396120071411,0.4836999773979187,0.3289620578289032,1.3786256313323975,1.4965763092041016,0.004735767841339111,0.14710283279418945,1.967708706855774,20.304298400878906,20.763628005981445,
0.28,,,39.75838088989258,14.693632125854492,15.225968360900879,True,35.24566650390625,,cond,,,0.00039999998989515007,,20.312711715698242,0.00059049,0.09580216556787491,14.740543365478516,detach_h_cond,0.03150000050663948,5385.34033203125,,17.81400489807129,42,contrast,5000,50000,2.748936414718628,0.3391999900341034,0.6187434792518616,1.0613112449645996,1.088478684425354,9.999999747378752e-05,0.006719187367707491,2.0442748069763184,15.78876781463623,15.872060775756836,
0.4600000000000001,,,162.11082458496094,9.627030372619629,10.66784954071045,True,65.1388988494873,,cond,,,0.0026499999221414328,,80.46275329589844,0.0003486784401,0.32046496868133545,9.712902069091797,detach_h_cond,0.047599997371435165,3106.733154296875,,11.743855476379395,42,contrast,10000,50000,2.051488161087036,0.23559999465942383,0.771045446395874,0.7359579205513,0.6958553791046143,9.999999747378752e-05,0.0006232114392332733,1.7147181034088135,10.356657028198242,10.56744384765625,
1.0,,,418.0025329589844,5.622946739196777,1.8048573732376099,True,158.14368343353271,,cond,,,0.009949999861419201,,201.56298828125,7.17897987691853e-05,0.18827494978904724,5.6197686195373535,detach_h_cond,0.12199999392032623,1673.5443115234375,,5.341071128845215,42,contrast,25000,50000,1.3914424180984497,0.14509999752044678,0.7372596859931946,0.3360913395881653,0.3240070044994354,9.999999747378752e-05,0.00010058347834274173,0.8069072961807251,6.094763278961182,5.841274261474609,
1.0,,,284.30914306640625,4.862053871154785,1.6437077522277832,True,311.7058835029602,,cond,,,0.005849999841302633,,136.0559844970703,5.15377520732012e-06,0.07583936303853989,4.875185966491699,detach_h_cond,0.13120000064373016,1127.7286376953125,,4.950117588043213,42,contrast,50000,50000,1.2190001010894775,0.13750000298023224,0.6922960877418518,0.30246108770370483,0.29998257756233215,9.999999747378752e-05,0.00024479159037582576,0.676201343536377,5.191799163818359,5.187681198120117,
0.1,,,1.5123196840286255,0.006910939700901508,1.6799397468566895,True,0.25529003143310547,,cond,,,0.0,,0.7614627480506897,0.001,0.12711210548877716,0.0017767625395208597,detach_h_cond,0.08989999443292618,13.763400077819824,,10.452840805053711,43,contrast,0,50000,0.32902055978775024,0.002699999837204814,0.0,1.313261866569519,1.3132617473602295,1.3132617473602295,1.3132617473602295,1.3132617473602295,1.3157377243041992,1.2958365678787231,
0.10360000000000001,,,1.219075322151184,16.76418113708496,81.892822265625,True,1.0016732215881348,,cond,,,0.0,,0.6147863864898682,0.001,1.048496961593628,17.672996520996094,detach_h_cond,0.013299999758601189,4257.28466796875,,48.913856506347656,43,contrast,100,50000,3.215451240539551,0.5579999685287476,0.08155481517314911,1.6369271278381348,1.6306819915771484,1.2985024452209473,1.369295597076416,2.067573070526123,19.265111923217773,19.306480407714844,
0.11800000000000001,,,1.2984977960586548,21.508718490600586,78.31698608398438,True,3.9012012481689453,,cond,,,0.0,,0.6531263589859009,0.001,0.6497384905815125,22.01750373840332,detach_h_cond,0.012399999424815178,6458.6328125,,42.8218994140625,43,contrast,500,50000,3.6283791065216064,0.5740999579429626,0.16173051297664642,1.5844295024871826,1.654547929763794,0.41790443658828735,0.8337417840957642,2.0216286182403564,23.553882598876953,23.567407608032227,
0.136,,,1.668520212173462,20.91921615600586,49.50844955444336,True,7.162448406219482,,cond,,,0.0,,0.856076717376709,0.0009000000000000001,0.061006978154182434,21.202116012573242,detach_h_cond,0.016899999231100082,6639.830078125,,34.31918716430664,43,contrast,1000,50000,3.5035605430603027,0.5321999788284302,0.2777837812900543,1.443452000617981,1.5445349216461182,0.02131299301981926,0.2405509203672409,1.9076334238052368,22.77223014831543,22.467500686645508,
0.17200000000000001,,,2.290147542953491,15.399456024169922,32.150699615478516,True,14.29691457748413,,cond,,,0.0,,1.19147789478302,0.0008100000000000001,0.03813647851347923,15.507609367370605,detach_h_cond,0.023000000044703484,3938.79833984375,,28.184940338134766,43,contrast,2000,50000,2.8575615882873535,0.4554999768733978,0.30002763867378235,1.3845562934875488,1.5274008512496948,0.0017007783753797412,0.10294487327337265,1.914839744567871,16.841968536376953,16.90803337097168,
0.28,,,84.49185943603516,76.6413345336914,588.1500244140625,True,34.53996133804321,,cond,,,0.0017999999690800905,,36.0643196105957,0.00059049,4.387443542480469,76.53671264648438,detach_h_cond,0.024000000208616257,241255.875,,41.91300964355469,43,contrast,5000,50000,8.279425621032715,0.469899982213974,1.1622247695922852,1.5425130128860474,1.232314109802246,9.999999747378752e-05,0.003782185958698392,9.681781768798828,77.08697509765625,79.18588256835938,
0.4600000000000001,,,1965.8153076171875,52.38267517089844,370.163330078125,True,65.08351540565491,,cond,,,0.08015000075101852,,932.670166015625,0.0003486784401,1.4261144399642944,52.89924240112305,detach_h_cond,0.0348999984562397,73356.9375,,30.155006408691406,43,contrast,10000,50000,6.184573650360107,0.4486999809741974,1.0195585489273071,0.5890997648239136,0.48231804370880127,9.999999747378752e-05,9.999999747378752e-05,2.580718755722046,50.78200149536133,56.22580337524414,
1.0,,,1155.23291015625,20.850841522216797,51.61567306518555,True,159.01219129562378,,cond,,,0.045099999755620956,,546.5491943359375,7.17897987691853e-05,0.702453076839447,20.82784652709961,detach_h_cond,0.09389999508857727,18989.875,,10.569925308227539,43,contrast,25000,50000,3.4976515769958496,0.29269999265670776,1.5658104419708252,0.41042083501815796,0.3059366047382355,9.999999747378752e-05,9.999999747378752e-05,3.4855544567108154,20.92570686340332,21.602617263793945,
1.0,,,835.5964965820312,12.545270919799805,26.763761520385742,True,312.6219515800476,,cond,,,0.031849998980760574,,400.4195251464844,5.15377520732012e-06,0.3526407778263092,12.531354904174805,detach_h_cond,0.11969999969005585,7231.2412109375,,8.558751106262207,43,contrast,50000,50000,2.480616331100464,0.2263999879360199,1.3537403345108032,0.3893449008464813,0.3028997778892517,9.999999747378752e-05,9.999999747378752e-05,2.604555606842041,12.803032875061035,13.070036888122559,
0.1,,,1.5123196840286255,0.005740898195654154,1.6656218767166138,True,0.3056070804595947,,cond,,,0.0,,0.7614627480506897,0.001,0.13497063517570496,0.0012513169785961509,detach_h_cond,0.08999999612569809,13.706465721130371,,10.451181411743164,44,contrast,0,50000,0.33115315437316895,0.002199999988079071,0.0,1.313261866569519,1.3132617473602295,1.3132617473602295,1.3132617473602295,1.3132617473602295,1.3157763481140137,1.293851613998413,
0.10360000000000001,,,1.3778542280197144,16.626447677612305,77.21507263183594,True,1.1059527397155762,,cond,,,0.0,,0.6970836520195007,0.001,0.11323737353086472,17.58916664123535,detach_h_cond,0.01269999984651804,3683.445068359375,,47.69756317138672,44,contrast,100,50000,3.1073122024536133,0.5616999864578247,0.1542566567659378,1.4776874780654907,1.5365722179412842,0.49805232882499695,0.8313598036766052,1.8921823501586914,19.471601486206055,18.641202926635742,
0.11800000000000001,,,1.9974209070205688,21.180585861206055,71.99957275390625,True,4.176930904388428,,cond,,,0.0,,1.0192197561264038,0.001,0.9685541987419128,21.890127182006836,detach_h_cond,0.011599999852478504,6265.97900390625,,40.8621711730957,44,contrast,500,50000,3.6282057762145996,0.5809000134468079,0.2979179918766022,1.2503130435943604,1.3396260738372803,0.005613347981125116,0.1929006576538086,1.7893232107162476,22.528486251831055,23.803865432739258,
0.136,,,1.9287112951278687,16.566957473754883,48.53059387207031,True,7.964761257171631,,cond,,,0.0,,0.9873509407043457,0.0009000000000000001,0.19364768266677856,17.309165954589844,detach_h_cond,0.016499999910593033,4297.3974609375,,36.55420684814453,44,contrast,1000,50000,3.050328493118286,0.5041999816894531,0.3136679530143738,1.2648663520812988,1.3609846830368042,0.01384161226451397,0.21246139705181122,2.0220015048980713,18.012266159057617,19.086620330810547,
0.17200000000000001,,,1.937267541885376,17.38716697692871,39.21859359741211,True,15.451178789138794,,cond,,,0.0,,0.9923184514045715,0.0008100000000000001,0.3572904169559479,17.550029754638672,detach_h_cond,0.02019999921321869,4783.72802734375,,28.72855567932129,44,contrast,2000,50000,3.0983364582061768,0.4903999865055084,0.30922260880470276,1.2794504165649414,1.3932405710220337,0.03884291276335716,0.19536897540092468,1.8890058994293213,18.835933685302734,18.729236602783203,
0.28,,,3.7081944942474365,12.055068969726562,15.953889846801758,True,36.3713321685791,,cond,,,0.0,,1.8811479806900024,0.00059049,0.3308753967285156,12.126140594482422,detach_h_cond,0.034199997782707214,3128.02099609375,,16.940767288208008,44,contrast,5000,50000,2.385782480239868,0.3553999960422516,0.3965340554714203,0.9037462472915649,0.9189119935035706,0.00195820489898324,0.0704469233751297,1.6452000141143799,13.058809280395508,12.879718780517578,
0.4600000000000001,,,4.286497592926025,6.311307907104492,8.826462745666504,True,69.08027148246765,,cond,,,0.0,,2.159698724746704,0.0003486784401,0.16681799292564392,6.354155540466309,detach_h_cond,0.05209999904036522,925.8745727539062,,10.92896556854248,44,contrast,10000,50000,1.4487773180007935,0.22939999401569366,0.5077582597732544,0.6793676018714905,0.6563087105751038,0.03535601124167442,0.0800561010837555,1.6111637353897095,7.038524150848389,6.980030059814453,
1.0,,,13.018314361572266,0.641299307346344,1.209874153137207,True,167.45182347297668,,cond,,,0.0,,6.462951183319092,7.17897987691853e-05,0.42364194989204407,1.9377142190933228,detach_h_cond,0.12789998948574066,64.73652648925781,,4.502357482910156,44,contrast,25000,50000,0.4024241268634796,0.06439999490976334,0.6194204092025757,0.21582426130771637,0.20473673939704895,0.01687403954565525,0.04065694659948349,0.5243461728096008,2.171797275543213,2.107809066772461,
1.0,,,14.107010841369629,0.5776036381721497,0.9852851033210754,True,326.48598623275757,,cond,,,0.0,,6.971202850341797,5.15377520732012e-06,0.39722755551338196,1.8205815553665161,detach_h_cond,0.13220000267028809,56.06044387817383,,4.307695388793945,44,contrast,50000,50000,0.37810543179512024,0.056199997663497925,0.5179338455200195,0.20937861502170563,0.206858828663826,0.008024750277400017,0.02470897138118744,0.43988731503486633,2.0530104637145996,1.984140157699585,
0.1,,,1.5123196840286255,0.004880930762737989,1.660658359527588,,0.2890925407409668,,cond,0.75,,0.0,,0.7614627480506897,0.001,0.028045520186424255,0.0023541676346212626,fixed_h_cond,0.08869999647140503,13.605415344238281,,10.39157485961914,42,fixed,0,50000,0.31572264432907104,0.001999999862164259,0.0,1.313261866569519,1.3132617473602295,1.3132617473602295,1.3132617473602295,1.3132617473602295,1.3162589073181152,1.2996633052825928,
0.10360000000000001,,,0.8190043568611145,19.802419662475586,117.36625671386719,,0.9514579772949219,,cond,0.75,,0.0,,0.4134967625141144,0.001,0.6896133422851562,19.586090087890625,fixed_h_cond,0.012899999506771564,5376.72607421875,,52.84403610229492,42,fixed,100,50000,3.493619441986084,0.585099995136261,0.15270736813545227,2.467888355255127,2.4145212173461914,2.0299487113952637,2.0339150428771973,3.7425272464752197,22.375091552734375,22.154024124145508,
0.11800000000000001,,,1.0858482122421265,34.43586730957031,125.71802520751953,,3.38446044921875,,cond,0.75,,0.0,,0.5464969873428345,0.001,0.11489611864089966,34.23548126220703,fixed_h_cond,0.009099999442696571,13257.6279296875,,44.077274322509766,42,fixed,500,50000,4.786457061767578,0.6804999709129333,0.10218647122383118,1.850058913230896,1.8529084920883179,1.1492778062820435,1.3651622533798218,2.2632083892822266,36.0852165222168,36.47389602661133,
0.136,,,1.4747483730316162,45.36572265625,174.61904907226562,,6.528243780136108,,cond,0.75,,0.0,,0.744962215423584,0.0009000000000000001,0.954988956451416,45.175235748291016,fixed_h_cond,0.00839999970048666,25029.986328125,,43.84822463989258,42,fixed,1000,50000,5.662121772766113,0.7058999538421631,0.4325411915779114,1.667053461074829,1.5454283952713013,0.06638861447572708,0.3402501344680786,4.118217468261719,46.80004119873047,47.33060073852539,
0.17200000000000001,,,1.8037757873535156,29.854835510253906,86.46554565429688,,12.631882905960083,,cond,0.75,,0.0,,0.9059275388717651,0.0008100000000000001,0.5615704655647278,29.715190887451172,fixed_h_cond,0.014499999582767487,11990.892578125,,32.38001251220703,42,fixed,2000,50000,4.360753059387207,0.612500011920929,0.3363145887851715,1.314154028892517,1.308703899383545,0.019202684983611107,0.27674609422683716,2.8388888835906982,31.139114379882812,31.23507308959961,
0.28,,,3.605522871017456,19.929180145263672,45.250484466552734,,30.559773206710815,,cond,0.75,,0.0,,1.7930406332015991,0.00059049,0.1421515941619873,19.836463928222656,fixed_h_cond,0.024699999019503593,7105.8486328125,,20.672096252441406,42,fixed,5000,50000,3.330082654953003,0.4668999910354614,0.5236115455627441,0.9042185544967651,0.9079894423484802,0.009303347207605839,0.09382260590791702,2.5555577278137207,21.09999656677246,20.59540557861328,
0.4600000000000001,,,16.493478775024414,6.840694427490234,14.486167907714844,,60.0379695892334,,cond,0.75,,4.999999873689376e-05,,8.116341590881348,0.0003486784401,0.516583263874054,8.539376258850098,fixed_h_cond,0.04600000008940697,1749.310546875,,11.165364265441895,42,fixed,10000,50000,1.7643612623214722,0.2797999978065491,0.8443927764892578,0.3668164014816284,0.3367787003517151,9.999999747378752e-05,0.013877462595701218,1.5134108066558838,8.993558883666992,8.943158149719238,
1.0,,,255.36557006835938,-0.007187720388174057,2.915987491607666,,150.30671644210815,,cond,0.75,,0.005499999970197678,,128.79006958007812,7.17897987691853e-05,0.86140376329422,3.7828893661499023,fixed_h_cond,0.10989999771118164,375.9226379394531,,5.3668012619018555,42,fixed,25000,50000,0.9523209929466248,0.1516999900341034,1.0855259895324707,0.16894672811031342,0.152006134390831,9.999999747378752e-05,0.0002543350274208933,0.5632302165031433,3.907769203186035,4.065830707550049,
1.0,,,112.95146942138672,0.44326743483543396,2.0798590183258057,,297.544846534729,,cond,0.75,,0.001500000013038516,,59.98491668701172,5.15377520732012e-06,0.6392119526863098,3.166240692138672,fixed_h_cond,0.12229999899864197,258.5799865722656,,4.737707614898682,42,fixed,50000,50000,0.739313542842865,0.12379999458789825,0.9466270208358765,0.16854912042617798,0.15449197590351105,9.999999747378752e-05,0.0010264310985803604,0.4793527126312256,3.313303232192993,3.4169793128967285,
0.1,,,1.5123196840286255,0.006910939700901508,1.6799397468566895,,0.29187464714050293,,cond,0.75,,0.0,,0.7614627480506897,0.001,0.12711210548877716,0.0017767625395208597,fixed_h_cond,0.08989999443292618,13.763400077819824,,10.452840805053711,43,fixed,0,50000,0.32902055978775024,0.002699999837204814,0.0,1.313261866569519,1.3132617473602295,1.3132617473602295,1.3132617473602295,1.3132617473602295,1.3157377243041992,1.2958365678787231,
0.10360000000000001,,,1.1789124011993408,9.662814140319824,56.3112678527832,,0.914515495300293,,cond,0.75,,0.0,,0.5935069918632507,0.001,0.18357469141483307,10.820256233215332,fixed_h_cond,0.01599999889731407,1570.7979736328125,,47.88613510131836,43,fixed,100,50000,2.2540807723999023,0.4537999927997589,0.0929781123995781,1.6979546546936035,1.6561822891235352,1.5004106760025024,1.5040241479873657,2.2349672317504883,12.655534744262695,12.312015533447266,
0.11800000000000001,,,1.4312793016433716,42.73508071899414,165.4509735107422,,3.6783671379089355,,cond,0.75,,0.0,,0.7188849449157715,0.001,1.0261677503585815,43.420467376708984,fixed_h_cond,0.010599999688565731,21460.125,,49.93442916870117,43,fixed,500,50000,5.49833345413208,0.7127000093460083,0.14358748495578766,1.4252666234970093,1.461889624595642,0.5965226292610168,0.8422179222106934,1.857032060623169,44.992828369140625,44.59173583984375,
0.136,,,1.7645263671875,38.34676742553711,120.59510040283203,,7.076361894607544,,cond,0.75,,0.0,,0.880811870098114,0.0009000000000000001,1.6500955820083618,38.83714294433594,fixed_h_cond,0.011500000022351742,18956.107421875,,40.75998306274414,43,fixed,1000,50000,5.214854717254639,0.6754999756813049,0.2783520221710205,1.2822277545928955,1.3403925895690918,0.1250387728214264,0.3724583685398102,2.016169309616089,40.64876937866211,39.37024688720703,
0.17200000000000001,,,1.9865829944610596,29.748361587524414,102.59835052490234,,13.56480073928833,,cond,0.75,,0.0,,0.9914538860321045,0.0008100000000000001,1.3247005939483643,29.949737548828125,fixed_h_cond,0.010799999348819256,11878.9658203125,,35.97200393676758,43,fixed,2000,50000,4.446811199188232,0.6358000040054321,0.5028862953186035,1.3301081657409668,1.2577255964279175,0.12937112152576447,0.3133275806903839,3.498325824737549,30.732263565063477,31.723716735839844,
0.28,,,2.983842611312866,24.848844528198242,60.06715393066406,,31.557742834091187,,cond,0.75,,0.0,,1.5118252038955688,0.00059049,0.3174167573451996,24.922889709472656,fixed_h_cond,0.01730000041425228,10698.81640625,,22.37217140197754,43,fixed,5000,50000,3.843437910079956,0.5253999829292297,0.6013532280921936,0.9077237844467163,0.8731347918510437,0.22949059307575226,0.24385309219360352,3.022765636444092,25.778589248657227,25.7572078704834,
0.4600000000000001,,,4.625462055206299,15.193965911865234,41.67521667480469,,60.357420682907104,,cond,0.75,,0.0,,2.2807159423828125,0.0003486784401,0.19391056895256042,15.299518585205078,fixed_h_cond,0.04829999804496765,8116.353515625,,13.985932350158691,43,fixed,10000,50000,2.80068039894104,0.3247999846935272,0.8242858648300171,0.7147576212882996,0.5895980596542358,0.10058525204658508,0.11921904236078262,3.192537307739258,15.911789894104004,15.903493881225586,
1.0,,,14.412318229675293,2.119898796081543,5.951480388641357,,148.27416396141052,,cond,0.75,,0.0,,7.201256275177002,7.17897987691853e-05,0.3796137869358063,3.4471113681793213,fixed_h_cond,0.1265999972820282,503.76519775390625,,5.542967319488525,43,fixed,25000,50000,0.8001781105995178,0.09889999777078629,1.0695174932479858,0.22427010536193848,0.19008037447929382,0.008279307745397091,0.03475137799978256,1.103671669960022,3.697350263595581,3.5834670066833496,
1.0,,,17.347335815429688,1.3863331079483032,3.4116249084472656,,295.2942831516266,,cond,0.75,,0.0,,8.702924728393555,5.15377520732012e-06,0.40936991572380066,2.777845859527588,fixed_h_cond,0.13019999861717224,280.2539367675781,,5.044132709503174,43,fixed,50000,50000,0.6307660937309265,0.08299999684095383,0.9461560249328613,0.2096337378025055,0.17628277838230133,0.003617325332015753,0.019523469731211662,0.8985256552696228,3.021719217300415,2.914750576019287,
0.1,,,1.5123196840286255,0.005740898195654154,1.6656218767166138,,0.3200798034667969,,cond,0.75,,0.0,,0.7614627480506897,0.001,0.13497063517570496,0.0012513169785961509,fixed_h_cond,0.08999999612569809,13.706465721130371,,10.451181411743164,44,fixed,0,50000,0.33115315437316895,0.002199999988079071,0.0,1.313261866569519,1.3132617473602295,1.3132617473602295,1.3132617473602295,1.3132617473602295,1.3157763481140137,1.293851613998413,
0.10360000000000001,,,1.3006434440612793,14.120959281921387,72.1416244506836,,0.9964849948883057,,cond,0.75,,0.0,,0.6547704339027405,0.001,0.07022561132907867,15.081643104553223,fixed_h_cond,0.013499999418854713,2748.04345703125,,47.82575607299805,44,fixed,100,50000,2.8114423751831055,0.5303999781608582,0.07474280893802643,1.5361909866333008,1.5339808464050293,0.9386241436004639,1.2040644884109497,1.8301305770874023,16.770835876464844,16.42660140991211,
0.11800000000000001,,,4.110372543334961,47.70451736450195,218.30224609375,,3.4578282833099365,,cond,0.75,,0.0,,2.201472282409668,0.001,0.6143128871917725,48.05229949951172,fixed_h_cond,0.008999999612569809,28302.48828125,,49.317317962646484,44,fixed,500,50000,5.816552639007568,0.6965999603271484,0.7206823229789734,1.589139461517334,1.4353989362716675,0.0003994889557361603,0.04018561914563179,5.353932857513428,48.277488708496094,51.05085372924805,
0.136,,,2.7953431606292725,39.44078826904297,137.3175506591797,,6.4900758266448975,,cond,0.75,,0.0,,1.4536927938461304,0.0009000000000000001,1.3095999956130981,39.573211669921875,fixed_h_cond,0.010699999518692493,20003.435546875,,41.58372497558594,44,fixed,1000,50000,5.253879070281982,0.6748999953269958,0.49416208267211914,1.5387779474258423,1.5411345958709717,0.000886747264303267,0.06232729181647301,3.811929941177368,41.77638626098633,40.5142822265625,
0.17200000000000001,,,2.4571011066436768,37.144649505615234,123.75695037841797,,12.367605924606323,,cond,0.75,,0.0,,1.2648980617523193,0.0008100000000000001,0.44256213307380676,37.166561126708984,fixed_h_cond,0.013399999588727951,19404.87890625,,35.965087890625,44,fixed,2000,50000,4.9784836769104,0.6360999941825867,0.5587555766105652,1.3789442777633667,1.3339506387710571,0.004774426110088825,0.11186645925045013,3.7359097003936768,38.42083740234375,38.74482727050781,
0.28,,,3.1879570484161377,18.38306999206543,30.385025024414062,,30.151989221572876,,cond,0.75,,0.0,,1.6266131401062012,0.00059049,0.029813485220074654,18.389982223510742,fixed_h_cond,0.02329999953508377,5239.4873046875,,19.47713279724121,44,fixed,5000,50000,3.155428886413574,0.4803999960422516,0.4273189902305603,0.8092000484466553,0.8245692849159241,0.06295553594827652,0.15507619082927704,1.6601886749267578,19.2591552734375,19.291656494140625,
0.4600000000000001,,,10.634783744812012,3.820530891418457,10.610405921936035,,61.20654034614563,,cond,0.75,,0.0,,5.191559791564941,0.0003486784401,1.010954737663269,8.330794334411621,fixed_h_cond,0.04519999772310257,1370.537109375,,10.901727676391602,44,fixed,10000,50000,1.780845046043396,0.30159997940063477,0.6795046329498291,0.39482173323631287,0.362344354391098,0.0008398869540542364,0.027345547452569008,1.3541401624679565,9.277200698852539,8.198697090148926,
1.0,,,15.121106147766113,0.6415092349052429,1.0408871173858643,,154.0579333305359,,cond,0.75,,0.0,,7.462725639343262,7.17897987691853e-05,0.4282372295856476,2.1193490028381348,fixed_h_cond,0.12229999899864197,85.76895904541016,,4.301540851593018,44,fixed,25000,50000,0.4307299554347992,0.06909999996423721,0.4866565465927124,0.17613883316516876,0.16760583221912384,0.007927029393613338,0.037697359919548035,0.3868822753429413,2.3042352199554443,2.285025119781494,
1.0,,,16.75408935546875,0.48763802647590637,0.9479888677597046,,305.50742173194885,,cond,0.75,,0.0,,8.248117446899414,5.15377520732012e-06,0.4069751799106598,1.9541985988616943,fixed_h_cond,0.12549999356269836,73.21056365966797,,4.256138801574707,44,fixed,50000,50000,0.39742356538772583,0.06189999729394913,0.5386907458305359,0.1755087673664093,0.1721414178609848,0.009273520670831203,0.028425119817256927,0.4117542803287506,2.1622114181518555,2.0989482402801514,
0.1,,,1.5123196840286255,0.004880930762737989,1.660658359527588,True,0.25818586349487305,stein,cond,0.75,,0.0,,0.7614627480506897,0.001,0.028045520186424255,0.0023541676346212626,fixed_h_stein_cond,0.08869999647140503,13.605415344238281,,10.39157485961914,42,fixed,0,50000,0.31572264432907104,0.001999999862164259,0.0,1.313261866569519,1.3132617473602295,1.3132617473602295,1.3132617473602295,1.3132617473602295,1.3162589073181152,1.2996633052825928,
0.10360000000000001,,,0.8688898086547852,10.001907348632812,73.26766967773438,True,0.8984272480010986,stein,cond,0.75,,0.0,,0.43750038743019104,0.001,0.8447628021240234,10.372318267822266,fixed_h_stein_cond,0.014999999664723873,1845.8873291015625,,52.48556900024414,42,fixed,100,50000,2.3768386840820312,0.45749998092651367,0.1249055340886116,2.3159193992614746,2.2346677780151367,1.9854215383529663,1.9903995990753174,3.3823258876800537,12.574989318847656,13.0869140625,
0.11800000000000001,,,1.1268187761306763,35.271820068359375,124.3586196899414,True,3.4249579906463623,stein,cond,0.75,,0.0,,0.5677283406257629,0.001,0.9063935279846191,35.103763580322266,fixed_h_stein_cond,0.010699999518692493,15593.3759765625,,43.28848648071289,42,fixed,500,50000,4.88881778717041,0.6671000123023987,0.1410163938999176,1.8112090826034546,1.8657845258712769,0.435995876789093,0.924486517906189,2.2359724044799805,36.86342239379883,37.31330490112305,
0.136,,,9.567544937133789,52.31751251220703,203.29148864746094,True,6.613512277603149,stein,cond,0.75,,0.0,,4.484057903289795,0.0009000000000000001,0.5801140069961548,52.53261947631836,fixed_h_stein_cond,0.010499999858438969,34283.7578125,,45.695098876953125,42,fixed,1000,50000,6.120392799377441,0.7128999829292297,0.6441800594329834,1.4039640426635742,1.4422448873519897,0.00028978707268834114,0.01413760893046856,3.868292808532715,53.210758209228516,54.91604232788086,
0.17200000000000001,,,206.0391387939453,51.552921295166016,161.60891723632812,True,13.142122268676758,stein,cond,0.75,,0.0044999998062849045,,104.36056518554688,0.0008100000000000001,1.6879689693450928,51.709285736083984,fixed_h_stein_cond,0.011799999512732029,46152.71484375,,37.68708801269531,42,fixed,2000,50000,6.164559841156006,0.6705999970436096,0.6297725439071655,1.1166125535964966,1.2883576154708862,9.999999747378752e-05,0.0003139808541163802,2.789684772491455,52.67253494262695,53.23299789428711,
0.28,,,266.0676574707031,18.642799377441406,39.96442413330078,True,32.59256362915039,stein,cond,0.75,,0.007149999961256981,,139.0715789794922,0.00059049,0.06072242558002472,18.527660369873047,fixed_h_stein_cond,0.02539999969303608,5628.265625,,19.961008071899414,42,fixed,5000,50000,3.1846392154693604,0.47839999198913574,0.7644810676574707,0.8593704700469971,0.9083255529403687,9.999999747378752e-05,0.00019091847934760153,2.8940374851226807,19.655271530151367,19.351808547973633,
0.4600000000000001,,,390.1556091308594,11.915656089782715,22.04230308532715,True,65.42377042770386,stein,cond,0.75,,0.008599999360740185,,196.20358276367188,0.0003486784401,0.608259916305542,11.974889755249023,fixed_h_stein_cond,0.03869999945163727,3337.818603515625,,12.560620307922363,42,fixed,10000,50000,2.374541997909546,0.3464999794960022,0.8595703840255737,0.5233566761016846,0.5220590829849243,9.999999747378752e-05,0.00012266637349966913,1.8751975297927856,12.749608993530273,12.297639846801758,
1.0,,,1185.98095703125,0.8568564057350159,1.1118578910827637,True,159.92731595039368,stein,cond,0.75,,0.04010000079870224,,604.7610473632812,7.17897987691853e-05,0.46115854382514954,2.391554355621338,fixed_h_stein_cond,0.11959999799728394,114.78511047363281,,4.303815841674805,42,fixed,25000,50000,0.5015827417373657,0.08659999817609787,0.9847609996795654,0.17570313811302185,0.14037716388702393,9.999999747378752e-05,9.999999747378752e-05,0.6989346146583557,2.551934003829956,2.572442054748535,
1.0,,,1365.57275390625,0.7243853807449341,0.9524550437927246,True,315.67595744132996,stein,cond,0.75,,0.04594999924302101,,693.6213989257812,5.15377520732012e-06,0.4300682246685028,2.1010518074035645,fixed_h_stein_cond,0.12139999866485596,84.62413787841797,,4.236652851104736,42,fixed,50000,50000,0.4398045241832733,0.07050000131130219,1.064956545829773,0.17163307964801788,0.1300462782382965,9.999999747378752e-05,9.999999747378752e-05,0.7649453282356262,2.2656149864196777,2.272454023361206,
0.1,,,1.5123196840286255,0.006910939700901508,1.6799397468566895,True,0.27347373962402344,stein,cond,0.75,,0.0,,0.7614627480506897,0.001,0.12711210548877716,0.0017767625395208597,fixed_h_stein_cond,0.08989999443292618,13.763400077819824,,10.452840805053711,43,fixed,0,50000,0.32902055978775024,0.002699999837204814,0.0,1.313261866569519,1.3132617473602295,1.3132617473602295,1.3132617473602295,1.3132617473602295,1.3157377243041992,1.2958365678787231,
0.10360000000000001,,,0.9833585619926453,8.17013168334961,76.99281311035156,True,1.0793914794921875,stein,cond,0.75,,0.0,,0.49418720602989197,0.001,0.7432000041007996,9.855061531066895,fixed_h_stein_cond,0.014499999582767487,1502.1522216796875,,62.235435485839844,43,fixed,100,50000,2.2203595638275146,0.46299999952316284,0.11368945986032486,2.049029588699341,2.022261142730713,1.3733793497085571,1.542405605316162,2.752457618713379,12.13830852508545,11.867733001708984,
0.11800000000000001,,,1.0994913578033447,36.814815521240234,145.32437133789062,True,3.661487102508545,stein,cond,0.75,,0.0,,0.5517410039901733,0.001,0.5740267634391785,36.64503479003906,fixed_h_stein_cond,0.00930000003427267,16273.10546875,,45.785400390625,43,fixed,500,50000,4.9991679191589355,0.6850000023841858,0.1595507115125656,1.8710635900497437,1.8967701196670532,0.6857974529266357,1.0088518857955933,2.495868682861328,38.51593780517578,38.818050384521484,
0.136,,,2.9450771808624268,41.982486724853516,146.86744689941406,True,7.019955396652222,stein,cond,0.75,,0.0,,1.4637482166290283,0.0009000000000000001,0.9349837899208069,41.86223602294922,fixed_h_stein_cond,0.009599999524652958,21468.50390625,,42.543888092041016,43,fixed,1000,50000,5.404293537139893,0.6972000002861023,0.47882750630378723,1.6526117324829102,1.670292854309082,0.0035002953372895718,0.05525582656264305,3.857423782348633,43.93562698364258,43.323509216308594,
0.17200000000000001,,,2.4842329025268555,35.540802001953125,97.84748840332031,True,13.307384252548218,stein,cond,0.75,,0.0,,1.2192811965942383,0.0008100000000000001,0.3082115948200226,35.407470703125,fixed_h_stein_cond,0.011599999852478504,17546.056640625,,32.885555267333984,43,fixed,2000,50000,4.849237442016602,0.6507999897003174,0.44569647312164307,1.290523648262024,1.3715604543685913,0.02428620122373104,0.12333779036998749,2.4847609996795654,36.69300842285156,36.97999572753906,
0.28,,,181.43295288085938,21.887136459350586,45.72821807861328,True,31.033114433288574,stein,cond,0.75,,0.0032999999821186066,,86.10520935058594,0.00059049,0.13336700201034546,21.793487548828125,fixed_h_stein_cond,0.02319999970495701,7817.0576171875,,21.22037696838379,43,fixed,5000,50000,3.537966728210449,0.4984999895095825,0.6804472804069519,0.8962271213531494,0.9882648587226868,9.999999747378752e-05,0.0005055279470980167,2.4914188385009766,22.783777236938477,22.816499710083008,
0.4600000000000001,,,295.1253356933594,13.324997901916504,25.99753761291504,True,62.297123193740845,stein,cond,0.75,,0.006300000008195639,,140.8070526123047,0.0003486784401,0.0666276142001152,13.277297973632812,fixed_h_stein_cond,0.04580000042915344,3874.494384765625,,13.481943130493164,43,fixed,10000,50000,2.5239338874816895,0.34279999136924744,0.8021654486656189,0.6684224605560303,0.6936011910438538,9.999999747378752e-05,0.00020722979388665408,2.479266405105591,13.76286506652832,14.255311012268066,
1.0,,,455.7649841308594,2.975818395614624,2.7118866443634033,True,155.75251984596252,stein,cond,0.75,,0.009499999694526196,,217.60633850097656,7.17897987691853e-05,0.14303861558437347,2.9788413047790527,fixed_h_stein_cond,0.13529999554157257,313.3316345214844,,4.990341663360596,43,fixed,25000,50000,0.7712861895561218,0.10799999535083771,0.7183122634887695,0.33329546451568604,0.3416413962841034,9.999999747378752e-05,0.0001074259853339754,0.8222774863243103,3.3351519107818604,3.3346030712127686,
1.0,,,1001.3258666992188,1.2039763927459717,1.3552647829055786,True,307.1892499923706,stein,cond,0.75,,0.029749998822808266,,480.36328125,5.15377520732012e-06,0.35917919874191284,2.2321815490722656,fixed_h_stein_cond,0.12759999930858612,120.81232452392578,,4.561144828796387,43,fixed,50000,50000,0.4716632068157196,0.07880000025033951,0.7520514130592346,0.2298935055732727,0.2209405153989792,9.999999747378752e-05,9.999999747378752e-05,0.592197597026825,2.475090742111206,2.4588825702667236,
0.1,,,1.5123196840286255,0.005740898195654154,1.6656218767166138,True,0.2754783630371094,stein,cond,0.75,,0.0,,0.7614627480506897,0.001,0.13497063517570496,0.0012513169785961509,fixed_h_stein_cond,0.08999999612569809,13.706465721130371,,10.451181411743164,44,fixed,0,50000,0.33115315437316895,0.002199999988079071,0.0,1.313261866569519,1.3132617473602295,1.3132617473602295,1.3132617473602295,1.3132617473602295,1.3157763481140137,1.293851613998413,
0.10360000000000001,,,1.0907074213027954,10.747081756591797,73.81078338623047,True,0.9693372249603271,stein,cond,0.75,,0.0,,0.5500826239585876,0.001,0.3817412555217743,11.713181495666504,fixed_h_stein_cond,0.015399999916553497,1943.4549560546875,,52.969268798828125,44,fixed,100,50000,2.4294910430908203,0.4772000014781952,0.1293516606092453,1.845742106437683,1.799399495124817,1.2889004945755005,1.4195846319198608,2.6056838035583496,13.811665534973145,13.497036933898926,
0.11800000000000001,,,2.522430419921875,51.44434356689453,144.69976806640625,True,4.021107196807861,stein,cond,0.75,,0.0,,1.3024612665176392,0.001,0.21157877147197723,51.785133361816406,fixed_h_stein_cond,0.009099999442696571,28544.49609375,,41.548118591308594,44,fixed,500,50000,6.047390460968018,0.7325999736785889,0.35487306118011475,1.2007631063461304,1.2826247215270996,0.007815772667527199,0.09231948107481003,1.913198471069336,52.08784484863281,53.91860580444336,
0.136,,,1.562386155128479,45.79398727416992,153.09947204589844,True,7.493068695068359,stein,cond,0.75,,0.0,,0.7936801314353943,0.0009000000000000001,1.554503321647644,45.7674674987793,fixed_h_stein_cond,0.01119999960064888,28087.99609375,,40.519447326660156,44,fixed,1000,50000,5.747096061706543,0.6965999603271484,0.25829216837882996,1.401674509048462,1.3745628595352173,0.11822451651096344,0.38734617829322815,2.2190518379211426,46.86937713623047,47.775394439697266,
0.17200000000000001,,,1.6656749248504639,39.97697448730469,115.45661926269531,True,13.97327709197998,stein,cond,0.75,,0.0,,0.8386619091033936,0.0008100000000000001,0.618043065071106,39.92831802368164,fixed_h_stein_cond,0.011399999260902405,20473.037109375,,34.71677780151367,44,fixed,2000,50000,5.215566635131836,0.6741999983787537,0.15387722849845886,1.2191147804260254,1.1951192617416382,0.42158040404319763,0.8137946724891663,1.851301908493042,40.40971755981445,42.1691780090332,
0.28,,,4.719799995422363,15.606966972351074,29.096786499023438,True,33.94732069969177,stein,cond,0.75,,0.0,,2.4181246757507324,0.00059049,0.46596306562423706,15.504332542419434,fixed_h_stein_cond,0.02329999953508377,3550.129150390625,,20.2557315826416,44,fixed,5000,50000,2.85052227973938,0.4829999804496765,0.5097818374633789,0.8991059064865112,0.8695066571235657,0.001393227488733828,0.04189019650220871,2.669217109680176,16.626020431518555,16.371505737304688,
0.4600000000000001,,,12.11974811553955,14.83199691772461,33.22069549560547,True,66.21043348312378,stein,cond,0.75,,0.0,,5.6672539710998535,0.0003486784401,0.258646696805954,14.729263305664062,fixed_h_stein_cond,0.04179999977350235,4998.03564453125,,13.984843254089355,44,fixed,10000,50000,2.7207486629486084,0.3642999827861786,0.7799012660980225,0.6494354605674744,0.6200161576271057,0.00034622973180375993,0.012201917357742786,2.73189640045166,15.29614543914795,15.659039497375488,
1.0,,,16.803367614746094,3.419884204864502,3.915738105773926,True,161.22163319587708,stein,cond,0.75,,0.0,,8.402630805969238,7.17897987691853e-05,0.0319586917757988,3.4043045043945312,fixed_h_stein_cond,0.1362999975681305,434.8282775878906,,5.337472438812256,44,fixed,25000,50000,0.8663460612297058,0.11779999732971191,0.6785346269607544,0.36603641510009766,0.3894071877002716,0.003564974991604686,0.007297216448932886,1.169454574584961,3.7766823768615723,3.784280776977539,
1.0,,,20.828567504882812,3.0076558589935303,3.3982717990875244,True,313.0197217464447,stein,cond,0.75,,0.0,,10.379110336303711,5.15377520732012e-06,0.08239120990037918,2.996018409729004,fixed_h_stein_cond,0.1396999955177307,354.5612487792969,,5.172815799713135,44,fixed,50000,50000,0.7788435816764832,0.10379999876022339,0.6662701964378357,0.3713858425617218,0.4012192189693451,0.0018137047300115228,0.005092898849397898,1.1442971229553223,3.371293306350708,3.3751626014709473,
0.1,,512,1.5123196840286255,0.004880930762737989,1.660658359527588,,0.4035634994506836,,cond,,,0.0,,0.7614627480506897,0.001,0.028045520186424255,0.0023541676346212626,batch512_cond,0.08869999647140503,13.605415344238281,,10.39157485961914,42,screen,0,10000,0.31572264432907104,0.001999999862164259,0.0,1.313261866569519,1.3132617473602295,1.3132617473602295,1.3132617473602295,1.3132617473602295,1.3162589073181152,1.2996633052825928,
0.10360000000000001,,512,0.7119118571281433,-4.117832183837891,45.916133880615234,,1.0864803791046143,,cond,,,0.0,,0.35816091299057007,0.001,0.7496582269668579,4.885532379150391,batch512_cond,0.019899999722838402,621.698974609375,,51.514190673828125,42,screen,100,10000,1.555243968963623,0.33319997787475586,0.09740881621837616,2.8162734508514404,2.7596383094787598,2.376999855041504,2.410788059234619,3.6995105743408203,7.822036266326904,7.635293006896973,
0.11800000000000001,,512,1.1483017206192017,-21.678518295288086,72.25732421875,,3.37211275100708,,cond,,,0.0,,0.5789828896522522,0.001,0.4829135239124298,21.792346954345703,batch512_cond,0.009599999524652958,5817.73779296875,,41.77980041503906,42,screen,500,10000,3.6408112049102783,0.6020999550819397,0.19855155050754547,1.826338291168213,1.8864200115203857,0.17996005713939667,0.7886964082717896,2.364896535873413,23.49165916442871,23.830108642578125,
0.136,,512,1.6257468461990356,-19.16040802001953,58.17884826660156,,6.574554681777954,,cond,,,0.0,,0.819207489490509,0.0009000000000000001,0.21328991651535034,19.17768096923828,batch512_cond,0.012799999676644802,5222.16748046875,,36.53943634033203,42,screen,1000,10000,3.3368353843688965,0.538599967956543,0.34063172340393066,1.7472515106201172,1.8752988576889038,0.00682328874245286,0.18947112560272217,2.6703238487243652,21.039888381958008,20.87844467163086,
0.17200000000000001,,512,2.5099146366119385,-17.912593841552734,44.82668685913086,,12.739210605621338,,cond,,,0.0,,1.2496126890182495,0.0008100000000000001,0.08086469769477844,17.903982162475586,batch512_cond,0.016300000250339508,4929.41650390625,,28.711380004882812,42,screen,2000,10000,3.1595547199249268,0.49799999594688416,0.43467819690704346,1.3964585065841675,1.575505256652832,0.009565732441842556,0.10447844862937927,2.543595314025879,19.14208221435547,19.58573341369629,
0.28,,512,3.3898069858551025,-10.177572250366211,20.466495513916016,,30.587852954864502,,cond,,,0.0,,1.6785550117492676,0.00059049,0.04063078388571739,10.157169342041016,batch512_cond,0.027300000190734863,1753.92041015625,,18.543624877929688,42,screen,5000,10000,2.1275246143341064,0.36419999599456787,0.6439871191978455,1.0857025384902954,0.9814512133598328,0.08213858306407928,0.10825182497501373,3.4238369464874268,11.186385154724121,11.395614624023438,
0.4600000000000001,,512,10.473832130432129,-1.7866929769515991,7.00115442276001,,60.79216265678406,,cond,,,0.0,,5.277390956878662,0.0003486784401,0.7458317279815674,5.37325382232666,batch512_cond,0.05089999735355377,528.7645263671875,,10.283964157104492,42,screen,10000,10000,1.2031834125518799,0.22699999809265137,0.6510635018348694,0.39217498898506165,0.34653547406196594,0.0003922213218174875,0.021223291754722595,1.1431187391281128,5.861692905426025,5.748064041137695,
0.1,,512,1.5123196840286255,0.004880930762737989,1.660658359527588,,0.28140783309936523,,global,,,0.0,,0.7614627480506897,0.001,0.028045520186424255,0.0023541676346212626,batch512_global,0.08869999647140503,13.605415344238281,,10.39157485961914,42,screen,0,10000,0.31572264432907104,0.001999999862164259,0.0,1.313261866569519,1.3132617473602295,1.3132617473602295,1.3132617473602295,1.3132617473602295,1.3162589073181152,1.2996633052825928,
0.10360000000000001,,512,1.476941704750061,-3.604201316833496,39.925289154052734,,0.8988380432128906,,global,,,0.0,,0.7436836957931519,0.001,0.6632434129714966,6.128663063049316,batch512_global,0.01899999938905239,564.7999877929688,,49.520198822021484,42,screen,100,10000,1.474761962890625,0.31949999928474426,0.005734849721193314,1.344701886177063,1.336990475654602,1.336990475654602,1.336990475654602,1.3524134159088135,7.2865519523620605,7.52565860748291,
0.11800000000000001,,512,1.4797974824905396,-21.032569885253906,76.15179443359375,,3.3371992111206055,,global,,,0.0,,0.7451216578483582,0.001,0.3732491433620453,21.713821411132812,batch512_global,0.013700000010430813,5616.17919921875,,41.32254409790039,42,screen,500,10000,3.560225248336792,0.5849999785423279,0.005739053711295128,1.3421069383621216,1.334404706954956,1.334404706954956,1.334404706954956,1.349809169769287,23.005144119262695,22.933311462402344,
0.136,,512,1.48721182346344,-18.6082706451416,59.56541061401367,,6.567244529724121,,global,,,0.0,,0.7488707304000854,0.0009000000000000001,0.032218970358371735,19.15159797668457,batch512_global,0.014699999243021011,4848.23974609375,,36.524497985839844,42,screen,1000,10000,3.2719573974609375,0.5345999598503113,0.0083882762119174,1.3354376554489136,1.3242360353469849,1.3242360353469849,1.3242360353469849,1.3466395139694214,20.751066207885742,20.06804656982422,
0.17200000000000001,,512,1.7056132555007935,-6.938572883605957,48.81602478027344,,12.807254791259766,,global,,,0.0,,0.8590089678764343,0.0008100000000000001,1.3622390031814575,16.545534133911133,batch512_global,0.01759999990463257,4414.185546875,,29.978525161743164,42,screen,2000,10000,3.006253957748413,0.49069997668266296,0.032461345195770264,1.1653599739074707,1.127531886100769,1.127531886100769,1.127531886100769,1.2031883001327515,17.18989372253418,18.101043701171875,
0.28,,512,3.0038397312164307,-3.4507367610931396,13.175020217895508,,31.261377334594727,,global,,,0.0,,1.513217568397522,0.00059049,0.8705000281333923,8.049718856811523,batch512_global,0.026200000196695328,957.7125854492188,,16.436138153076172,42,screen,5000,10000,1.7135236263275146,0.3351999819278717,0.06359131634235382,0.6635265350341797,0.6213330626487732,0.6213330626487732,0.6213330626487732,0.7057200074195862,8.696611404418945,8.672119140625,
0.4600000000000001,,512,5.267969608306885,0.28596991300582886,3.8247082233428955,,61.41885566711426,,global,,,0.0,,2.6530137062072754,0.0003486784401,0.05281967669725418,4.196432590484619,batch512_global,0.04779999703168869,213.9499969482422,,9.272637367248535,42,screen,10000,10000,0.7348911762237549,0.18389999866485596,0.026412243023514748,0.3771928548812866,0.3672306537628174,0.3672306537628174,0.3672306537628174,0.3871551752090454,4.536221504211426,4.563300132751465,
0.1,,,1.5123196840286255,0.004880930762737989,1.660658359527588,,0.24216532707214355,,cond,,,0.0,,0.7614627480506897,0.001,0.028045520186424255,0.0023541676346212626,canonical_cond,0.08869999647140503,13.605415344238281,,10.39157485961914,42,screen,0,10000,0.31572264432907104,0.001999999862164259,0.0,1.313261866569519,1.3132617473602295,1.3132617473602295,1.3132617473602295,1.3132617473602295,1.3162589073181152,1.2996633052825928,
0.10360000000000001,,,0.5145904421806335,2.7760274410247803,40.05172348022461,,0.8961846828460693,,cond,,,0.0,,0.2593516409397125,0.001,0.15973708033561707,2.796842098236084,canonical_cond,0.0210999995470047,420.1634826660156,,51.74953079223633,42,screen,100,10000,1.266621708869934,0.2912999987602234,0.13050496578216553,3.918517589569092,3.9600446224212646,3.238889694213867,3.2449188232421875,5.345617294311523,6.663795471191406,6.922394752502441,
0.11800000000000001,,,1.0708839893341064,20.965839385986328,72.08914184570312,,3.5599985122680664,,cond,,,0.0,,0.5359219312667847,0.001,0.18931160867214203,20.823097229003906,canonical_cond,0.011299999430775642,5666.76123046875,,41.85410690307617,42,screen,500,10000,3.545229434967041,0.5766000151634216,0.23036344349384308,2.0144906044006348,2.0309903621673584,0.09897112846374512,0.7520158886909485,3.0214078426361084,22.90169906616211,23.035837173461914,
0.136,,,3.9755868911743164,20.282926559448242,66.5963134765625,,6.998157262802124,,cond,,,0.0,,2.2939064502716064,0.0009000000000000001,0.29577165842056274,20.50878143310547,canonical_cond,0.015599999576807022,6222.2197265625,,37.45263671875,42,screen,1000,10000,3.4560203552246094,0.5322999954223633,0.4027917981147766,1.5587027072906494,1.662866473197937,0.00011844560503959656,0.055362630635499954,2.665659189224243,22.047069549560547,22.221683502197266,
0.17200000000000001,,,2.015752077102661,13.414127349853516,35.72941207885742,,13.313737630844116,,cond,,,0.0,,1.0168721675872803,0.0008100000000000001,0.907546877861023,13.491909980773926,canonical_cond,0.021399999037384987,3054.129638671875,,29.455461502075195,42,screen,2000,10000,2.6943585872650146,0.4569000005722046,0.31381744146347046,1.3837997913360596,1.4874528646469116,0.0018044793978333473,0.17986273765563965,2.0963330268859863,14.785842895507812,15.062399864196777,
0.28,,,4.000873565673828,10.786262512207031,18.476234436035156,,32.912575006484985,,cond,,,0.0,,2.011397123336792,0.00059049,0.22819499671459198,10.829063415527344,canonical_cond,0.02889999933540821,2284.352783203125,,17.86362075805664,42,screen,5000,10000,2.2100112438201904,0.3450999855995178,0.5585906505584717,0.9697790741920471,0.8295007944107056,0.0005693834973499179,0.07320775091648102,2.3667778968811035,11.97004508972168,11.70517349243164,
0.4600000000000001,,,7.63101053237915,2.8983592987060547,7.122620105743408,,67.13836979866028,,cond,,,0.0,,3.989626407623291,0.0003486784401,0.6321060061454773,5.606121063232422,canonical_cond,0.04989999905228615,588.7288818359375,,10.386421203613281,42,screen,10000,10000,1.2327688932418823,0.22769999504089355,0.7243417501449585,0.4698507785797119,0.34320583939552307,0.001676197163760662,0.03539342060685158,1.2512868642807007,6.241759777069092,5.976576328277588,
0.1,,,1.5123196840286255,0.004880930762737989,1.660658359527588,,0.2766728401184082,,global,,,0.0,,0.7614627480506897,0.001,0.028045520186424255,0.0023541676346212626,canonical_global,0.08869999647140503,13.605415344238281,,10.39157485961914,42,screen,0,10000,0.31572264432907104,0.001999999862164259,0.0,1.313261866569519,1.3132617473602295,1.3132617473602295,1.3132617473602295,1.3132617473602295,1.3162589073181152,1.2996633052825928,
0.10360000000000001,,,1.4575223922729492,-4.330596446990967,17.49782371520996,,1.0719451904296875,,global,,,0.0,,0.733925998210907,0.001,0.06838375329971313,4.5969085693359375,canonical_global,0.03059999831020832,344.9502868652344,,28.240161895751953,42,screen,100,10000,1.197872519493103,0.2523999810218811,0.009246649220585823,1.3626517057418823,1.3500521183013916,1.3500521183013916,1.3500521183013916,1.3752514123916626,6.208846569061279,5.774156093597412,
0.11800000000000001,,,1.4502748250961304,-20.930421829223633,83.54144287109375,,3.9657769203186035,,global,,,0.0,,0.7302786111831665,0.001,0.06978345662355423,21.426115036010742,canonical_global,0.014099999330937862,5484.5166015625,,42.69179153442383,42,screen,500,10000,3.5414066314697266,0.5891000032424927,0.009596319869160652,1.369466781616211,1.3563251495361328,1.3563251495361328,1.3563251495361328,1.38260817527771,22.498092651367188,23.246728897094727,
0.136,,,1.4504263401031494,-19.280506134033203,66.69986724853516,,7.8554205894470215,,global,,,0.0,,0.7303438186645508,0.0009000000000000001,0.5298953056335449,19.55615234375,canonical_global,0.01599999889731407,5384.94091796875,,37.05439758300781,42,screen,1000,10000,3.360262632369995,0.5432000160217285,0.0077019622549414635,1.3692994117736816,1.3587533235549927,1.3587533235549927,1.3587533235549927,1.379845380783081,20.767013549804688,21.223865509033203,
0.17200000000000001,,,1.501784324645996,-19.424543380737305,58.23749923706055,,15.08263111114502,,global,,,0.0,,0.7562587261199951,0.0008100000000000001,0.8598477244377136,19.512310028076172,canonical_global,0.017899999395012856,6239.6376953125,,31.501333236694336,42,screen,2000,10000,3.3834519386291504,0.500499963760376,0.016721433028578758,1.3226685523986816,1.300552248954773,1.300552248954773,1.300552248954773,1.3447849750518799,20.717601776123047,21.091259002685547,
0.28,,,2.6645350456237793,-2.752941608428955,17.66802215576172,,36.91889524459839,,global,,,0.0,,1.3419417142868042,0.00059049,1.1962146759033203,9.250740051269531,canonical_global,0.028099998831748962,1565.624755859375,,17.858234405517578,42,screen,5000,10000,2.006058692932129,0.35179999470710754,0.031027870252728462,0.7459068298339844,0.7227635979652405,0.7227635979652405,0.7227635979652405,0.7690502405166626,9.717321395874023,10.32699966430664,
0.4600000000000001,,,4.480203628540039,-2.1072990894317627,5.044318675994873,,71.32678008079529,,global,,,0.0,,2.256096124649048,0.0003486784401,0.6512987613677979,4.642587661743164,canonical_global,0.049799997359514236,345.6772766113281,,9.904617309570312,42,screen,10000,10000,1.0454550981521606,0.21289999783039093,0.015851179137825966,0.44335487484931946,0.43632739782333374,0.43632739782333374,0.43632739782333374,0.45038244128227234,5.039666652679443,5.1478400230407715,
0.1,,,1.5123196840286255,0.004880930762737989,1.660658359527588,,0.24090170860290527,,cond,,,0.0,1.0,0.7614627480506897,0.001,0.028045520186424255,0.0023541676346212626,constant_lr_cond,0.08869999647140503,13.605415344238281,,10.39157485961914,42,screen,0,10000,0.31572264432907104,0.001999999862164259,0.0,1.313261866569519,1.3132617473602295,1.3132617473602295,1.3132617473602295,1.3132617473602295,1.3162589073181152,1.2996633052825928,
0.10360000000000001,,,0.5145904421806335,2.7760274410247803,40.05172348022461,,0.9668631553649902,,cond,,,0.0,1.0,0.2593516409397125,0.001,0.15973708033561707,2.796842098236084,constant_lr_cond,0.0210999995470047,420.1634826660156,,51.74953079223633,42,screen,100,10000,1.266621708869934,0.2912999987602234,0.13050496578216553,3.918517589569092,3.9600446224212646,3.238889694213867,3.2449188232421875,5.345617294311523,6.663795471191406,6.922394752502441,
0.11800000000000001,,,1.0708839893341064,20.965839385986328,72.08914184570312,,3.3018288612365723,,cond,,,0.0,1.0,0.5359219312667847,0.001,0.18931160867214203,20.823097229003906,constant_lr_cond,0.011299999430775642,5666.76123046875,,41.85410690307617,42,screen,500,10000,3.545229434967041,0.5766000151634216,0.23036344349384308,2.0144906044006348,2.0309903621673584,0.09897112846374512,0.7520158886909485,3.0214078426361084,22.90169906616211,23.035837173461914,
0.136,,,3.9755868911743164,20.282926559448242,66.5963134765625,,6.171467304229736,,cond,,,0.0,1.0,2.2939064502716064,0.001,0.29577165842056274,20.50878143310547,constant_lr_cond,0.015599999576807022,6222.2197265625,,37.45263671875,42,screen,1000,10000,3.4560203552246094,0.5322999954223633,0.4027917981147766,1.5587027072906494,1.662866473197937,0.00011844560503959656,0.055362630635499954,2.665659189224243,22.047069549560547,22.221683502197266,
0.17200000000000001,,,2.133997678756714,10.690496444702148,28.912721633911133,,12.327020168304443,,cond,,,0.0,1.0,1.053689956665039,0.001,1.7097787857055664,10.918745040893555,constant_lr_cond,0.026399999856948853,3744.560791015625,,28.94227409362793,42,screen,2000,10000,2.6091437339782715,0.35189998149871826,0.4121222198009491,1.6458762884140015,1.7454919815063477,0.0019899115432053804,0.11808567494153976,2.992473840713501,12.555030822753906,12.594931602478027,
0.28,,,4.014741897583008,11.43642520904541,23.821510314941406,,30.11732244491577,,cond,,,0.0,1.0,2.0473170280456543,0.001,0.3248268663883209,11.48100471496582,constant_lr_cond,0.029399998486042023,2560.29638671875,,18.479280471801758,42,screen,5000,10000,2.31058669090271,0.35510000586509705,0.7067924737930298,1.0039072036743164,0.7930163741111755,0.000526559422723949,0.08917493373155594,3.3951714038848877,12.81342887878418,12.216754913330078,
0.4600000000000001,,,9.047171592712402,4.0473761558532715,7.377046585083008,,63.800875663757324,,cond,,,0.0,1.0,4.738204002380371,0.001,0.5414762496948242,6.316550254821777,constant_lr_cond,0.0510999970138073,792.3677368164062,,10.697772026062012,42,screen,10000,10000,1.3651034832000732,0.23739999532699585,0.6074391603469849,0.5138739347457886,0.4963752031326294,0.0012013621162623167,0.02185751311480999,1.150928020477295,6.904621124267578,6.761814594268799,
0.1,,,1.5123196840286255,0.004880930762737989,1.660658359527588,,0.24690890312194824,,global,,,0.0,1.0,0.7614627480506897,0.001,0.028045520186424255,0.0023541676346212626,constant_lr_global,0.08869999647140503,13.605415344238281,,10.39157485961914,42,screen,0,10000,0.31572264432907104,0.001999999862164259,0.0,1.313261866569519,1.3132617473602295,1.3132617473602295,1.3132617473602295,1.3132617473602295,1.3162589073181152,1.2996633052825928,
0.10360000000000001,,,1.4575223922729492,-4.330596446990967,17.49782371520996,,0.9399349689483643,,global,,,0.0,1.0,0.733925998210907,0.001,0.06838375329971313,4.5969085693359375,constant_lr_global,0.03059999831020832,344.9502868652344,,28.240161895751953,42,screen,100,10000,1.197872519493103,0.2523999810218811,0.009246649220585823,1.3626517057418823,1.3500521183013916,1.3500521183013916,1.3500521183013916,1.3752514123916626,6.208846569061279,5.774156093597412,
0.11800000000000001,,,1.4502748250961304,-20.930421829223633,83.54144287109375,,3.458406925201416,,global,,,0.0,1.0,0.7302786111831665,0.001,0.06978345662355423,21.426115036010742,constant_lr_global,0.014099999330937862,5484.5166015625,,42.69179153442383,42,screen,500,10000,3.5414066314697266,0.5891000032424927,0.009596319869160652,1.369466781616211,1.3563251495361328,1.3563251495361328,1.3563251495361328,1.38260817527771,22.498092651367188,23.246728897094727,
0.136,,,1.4504263401031494,-19.280506134033203,66.69986724853516,,6.515947341918945,,global,,,0.0,1.0,0.7303438186645508,0.001,0.5298953056335449,19.55615234375,constant_lr_global,0.01599999889731407,5384.94091796875,,37.05439758300781,42,screen,1000,10000,3.360262632369995,0.5432000160217285,0.0077019622549414635,1.3692994117736816,1.3587533235549927,1.3587533235549927,1.3587533235549927,1.379845380783081,20.767013549804688,21.223865509033203,
0.17200000000000001,,,1.502323865890503,-18.33659553527832,56.51401138305664,,12.187642097473145,,global,,,0.0,1.0,0.7565314173698425,0.001,0.21409185230731964,18.442577362060547,constant_lr_global,0.01759999990463257,5570.53857421875,,31.374008178710938,42,screen,2000,10000,3.211447238922119,0.48489999771118164,0.01688830927014351,1.3221992254257202,1.2998701333999634,1.2998701333999634,1.2998701333999634,1.3445284366607666,19.422569274902344,20.22880744934082,
0.28,,,2.8433849811553955,-2.832848310470581,15.914224624633789,,31.643628358840942,,global,,,0.0,1.0,1.4321694374084473,0.001,1.1338562965393066,9.019828796386719,constant_lr_global,0.02449999935925007,1330.8853759765625,,17.500770568847656,42,screen,5000,10000,1.9392304420471191,0.3537999987602234,0.0445123054087162,0.6996273994445801,0.6684862375259399,0.6684862375259399,0.6684862375259399,0.7307687401771545,9.59801959991455,9.797451972961426,
0.4600000000000001,,,4.82762336730957,-1.1908336877822876,4.053645133972168,,65.18291592597961,,global,,,0.0,1.0,2.431326389312744,0.001,0.5637825131416321,4.148407936096191,constant_lr_global,0.044599998742341995,245.36428833007812,,9.49370288848877,42,screen,10000,10000,0.8850811123847961,0.1882999986410141,0.030377883464097977,0.41167792677879333,0.3991723656654358,0.3991723656654358,0.3991723656654358,0.42418354749679565,4.449737071990967,4.632493495941162,
0.1,,,1.5123196840286255,0.004880930762737989,1.660658359527588,True,0.28624510765075684,,cond,,,0.0,,0.7614627480506897,0.001,0.028045520186424255,0.0023541676346212626,detach_h_cond,0.08869999647140503,13.605415344238281,,10.39157485961914,42,screen,0,10000,0.31572264432907104,0.001999999862164259,0.0,1.313261866569519,1.3132617473602295,1.3132617473602295,1.3132617473602295,1.3132617473602295,1.3162589073181152,1.2996633052825928,
0.10360000000000001,,,1.0044080018997192,24.74275016784668,121.67227172851562,True,1.0425372123718262,,cond,,,0.0,,0.5057032704353333,0.001,0.9644362330436707,24.740070343017578,detach_h_cond,0.011599999852478504,8066.126953125,,49.349281311035156,42,screen,100,10000,4.000579357147217,0.6238999962806702,0.17012055218219757,2.0302114486694336,1.9946798086166382,1.1890009641647339,1.4840573072433472,3.046865463256836,26.78763198852539,27.140525817871094,
0.11800000000000001,,,1.1594072580337524,20.764781951904297,82.48702239990234,True,3.738953113555908,,cond,,,0.0,,0.581618070602417,0.001,0.164926677942276,20.664443969726562,detach_h_cond,0.010900000110268593,6307.08642578125,,44.519187927246094,42,screen,500,10000,3.5333755016326904,0.5577999949455261,0.31536853313446045,2.1465554237365723,2.074751377105713,0.014197375625371933,0.41231608390808105,3.352238178253174,22.969575881958008,22.92167091369629,
0.136,,,1.2654725313186646,20.581974029541016,61.95384979248047,True,7.120890140533447,,cond,,,0.0,,0.6355406045913696,0.0009000000000000001,0.15142391622066498,20.44679832458496,detach_h_cond,0.015399999916553497,6522.72509765625,,36.98309326171875,42,screen,1000,10000,3.478517770767212,0.5299999713897705,0.26925697922706604,1.8078206777572632,1.8697646856307983,0.04114580154418945,0.469485878944397,2.852487564086914,22.114900588989258,22.65749168395996,
0.17200000000000001,,,2.1437249183654785,19.046966552734375,39.2764892578125,True,13.777172803878784,,cond,,,0.0,,1.0780868530273438,0.0008100000000000001,0.2763948440551758,19.060317993164062,detach_h_cond,0.01850000023841858,6327.8701171875,,29.349124908447266,42,screen,2000,10000,3.288396120071411,0.4836999773979187,0.3289620578289032,1.3786256313323975,1.4965763092041016,0.004735767841339111,0.14710283279418945,1.967708706855774,20.304298400878906,20.763628005981445,
0.28,,,39.75838088989258,14.693632125854492,15.225968360900879,True,32.40099501609802,,cond,,,0.00039999998989515007,,20.312711715698242,0.00059049,0.09580216556787491,14.740543365478516,detach_h_cond,0.03150000050663948,5385.34033203125,,17.81400489807129,42,screen,5000,10000,2.748936414718628,0.3391999900341034,0.6187434792518616,1.0613112449645996,1.088478684425354,9.999999747378752e-05,0.006719187367707491,2.0442748069763184,15.78876781463623,15.872060775756836,
0.4600000000000001,,,162.11082458496094,9.627030372619629,10.66784954071045,True,63.05872440338135,,cond,,,0.0026499999221414328,,80.46275329589844,0.0003486784401,0.32046496868133545,9.712902069091797,detach_h_cond,0.047599997371435165,3106.733154296875,,11.743855476379395,42,screen,10000,10000,2.051488161087036,0.23559999465942383,0.771045446395874,0.7359579205513,0.6958553791046143,9.999999747378752e-05,0.0006232114392332733,1.7147181034088135,10.356657028198242,10.56744384765625,
0.1,,,1.5123196840286255,0.004880930762737989,1.660658359527588,True,0.5164539813995361,,global,,,0.0,,0.7614627480506897,0.001,0.028045520186424255,0.0023541676346212626,detach_h_global,0.08869999647140503,13.605415344238281,,10.39157485961914,42,screen,0,10000,0.31572264432907104,0.001999999862164259,0.0,1.313261866569519,1.3132617473602295,1.3132617473602295,1.3132617473602295,1.3132617473602295,1.3162589073181152,1.2996633052825928,
0.10360000000000001,,,1.486041784286499,22.35686492919922,108.30880737304688,True,1.0581676959991455,,global,,,0.0,,0.7482442259788513,0.001,1.034731149673462,23.235979080200195,detach_h_global,0.011699999682605267,6803.857421875,,50.74276351928711,42,screen,100,10000,3.7919251918792725,0.6118999719619751,0.002103859791532159,1.3364677429199219,1.3336561918258667,1.3336561918258667,1.3336561918258667,1.3392795324325562,24.578065872192383,24.88951873779297,
0.11800000000000001,,,1.4840935468673706,23.63592529296875,88.04360961914062,True,3.033137559890747,,global,,,0.0,,0.747268557548523,0.001,0.058662448078393936,24.13422966003418,detach_h_global,0.01269999984651804,7824.3408203125,,41.8818359375,42,screen,500,10000,3.8092191219329834,0.578000009059906,0.0029896628111600876,1.3382189273834229,1.3342182636260986,1.3342182636260986,1.3342182636260986,1.3422197103500366,25.33774185180664,25.922420501708984,
0.136,,,1.4787265062332153,19.83441162109375,67.89991760253906,True,5.687419891357422,,global,,,0.0,,0.7445538640022278,0.0009000000000000001,0.4817752540111542,20.245887756347656,detach_h_global,0.014999999664723873,6566.3232421875,,37.81296920776367,42,screen,1000,10000,3.4239230155944824,0.5231999754905701,0.0008959866827353835,1.3430871963500977,1.3418840169906616,1.3418840169906616,1.3418840169906616,1.3442907333374023,21.759864807128906,21.699600219726562,
0.17200000000000001,,,1.5491892099380493,16.471588134765625,50.20128631591797,True,10.927994728088379,,global,,,0.0,,0.780134379863739,0.0008100000000000001,0.6454832553863525,16.6768856048584,detach_h_global,0.01889999955892563,5166.26953125,,30.639436721801758,42,screen,2000,10000,3.034926652908325,0.4530999958515167,0.017337491735816002,1.2822158336639404,1.2599860429763794,1.2599860429763794,1.2599860429763794,1.304445743560791,17.70014762878418,18.46800422668457,
0.28,,,2.7204749584198,4.747837543487549,15.091650009155273,True,25.595142602920532,,global,,,0.0,,1.3699805736541748,0.00059049,0.8326746821403503,8.55450439453125,detach_h_global,0.029500000178813934,1200.79931640625,,17.087055206298828,42,screen,5000,10000,1.82120943069458,0.33889999985694885,0.018721945583820343,0.7301931977272034,0.7165229320526123,0.7165229320526123,0.7165229320526123,0.7438635230064392,9.534014701843262,9.188617706298828,
0.4600000000000001,,,4.582756996154785,2.159011125564575,4.58907413482666,True,49.561578035354614,,global,,,0.0,,2.3078277111053467,0.0003486784401,0.6741467118263245,4.460995674133301,detach_h_global,0.0486999973654747,308.36444091796875,,9.808082580566406,42,screen,10000,10000,1.017424464225769,0.211899995803833,0.02070552669465542,0.4334937036037445,0.42451825737953186,0.42451825737953186,0.42451825737953186,0.4424692392349243,4.823314666748047,5.048032283782959,
0.1,,,1.5123196840286255,0.004880930762737989,1.660658359527588,,0.25235819816589355,,cond,,,0.0,,0.7614627480506897,0.001,0.028045520186424255,0.0023541676346212626,fast_warmup_cond,0.08869999647140503,13.605415344238281,,10.39157485961914,42,screen,0,10000,0.31572264432907104,0.001999999862164259,0.0,1.313261866569519,1.3132617473602295,1.3132617473602295,1.3132617473602295,1.3132617473602295,1.3162589073181152,1.2996633052825928,2000
0.14500000000000002,,,0.9062437415122986,2.7243618965148926,25.798982620239258,,1.070082187652588,,cond,,,0.0,,0.45645976066589355,0.001,0.44945207238197327,3.6147525310516357,fast_warmup_cond,0.023000000044703484,342.0058288574219,,40.3270378112793,42,screen,100,10000,1.1448215246200562,0.24210000038146973,0.1668063849210739,2.2517552375793457,2.236966848373413,1.3340359926223755,1.5484709739685059,3.277311086654663,5.7380805015563965,6.03033447265625,2000
0.325,,,15.91435718536377,8.638435363769531,9.051092147827148,,3.593193531036377,,cond,,,0.00014999999257270247,,9.529376983642578,0.001,0.4558207094669342,8.623472213745117,fast_warmup_cond,0.031099999323487282,1627.161865234375,,15.360665321350098,42,screen,500,10000,1.9214327335357666,0.29899999499320984,0.42043888568878174,0.772922694683075,0.8634664416313171,9.999999747378752e-05,0.011655686423182487,1.211727499961853,9.095806121826172,9.743006706237793,2000
0.55,,,9.659664154052734,5.850531578063965,3.257997989654541,,7.011433124542236,,cond,,,0.0,,5.463658332824707,0.0009000000000000001,0.3590828776359558,5.843894958496094,fast_warmup_cond,0.05419999733567238,699.3975830078125,,8.634406089782715,42,screen,1000,10000,1.356888771057129,0.2215999960899353,0.41483041644096375,0.47678422927856445,0.5148566961288452,0.00015390331100206822,0.022047193720936775,0.8130939602851868,6.313554763793945,6.341207504272461,2000
1.0,,,15.853849411010742,2.873274326324463,1.060951828956604,,13.591936111450195,,cond,,,0.0,,8.959662437438965,0.0008100000000000001,0.15123297274112701,2.870163917541504,fast_warmup_cond,0.1412999927997589,236.3134765625,,4.525148868560791,42,screen,2000,10000,0.7366981506347656,0.10569999366998672,0.38799360394477844,0.2876184582710266,0.3201422691345215,0.00012059848086209968,0.012664487585425377,0.4183792769908905,3.2238242626190186,3.094841718673706,2000
1.0,,,15.047548294067383,1.5783970355987549,1.396351933479309,,34.4181170463562,,cond,,,0.0,,7.576606273651123,0.00059049,0.33712252974510193,2.5054004192352295,fast_warmup_cond,0.13089999556541443,168.9157257080078,,4.648758411407471,42,screen,5000,10000,0.5418022871017456,0.08720000088214874,0.47176268696784973,0.217811718583107,0.22566938400268555,0.002148460829630494,0.0191419068723917,0.4046637713909149,2.6034257411956787,2.8569893836975098,2000
1.0,,,1412.751708984375,0.7802577614784241,10.117620468139648,,66.49425339698792,,cond,,,0.05224999785423279,,683.595703125,0.0003486784401,0.9964943528175354,4.097753524780273,fast_warmup_cond,0.15699999034404755,598.84765625,,9.320218086242676,42,screen,10000,10000,1.1604218482971191,0.15269999206066132,0.8783256411552429,0.16658663749694824,0.1434447467327118,9.999999747378752e-05,9.999999747378752e-05,0.5913205146789551,4.958815097808838,3.538719415664673,2000
0.1,,,1.5123196840286255,0.004880930762737989,1.660658359527588,,0.30504608154296875,,global,,,0.0,,0.7614627480506897,0.001,0.028045520186424255,0.0023541676346212626,fast_warmup_global,0.08869999647140503,13.605415344238281,,10.39157485961914,42,screen,0,10000,0.31572264432907104,0.001999999862164259,0.0,1.313261866569519,1.3132617473602295,1.3132617473602295,1.3132617473602295,1.3132617473602295,1.3162589073181152,1.2996633052825928,2000
0.14500000000000002,,,1.469449520111084,5.83758020401001,30.96909523010254,,1.0311882495880127,,global,,,0.0,,0.739865243434906,0.001,0.9890444874763489,6.6560587882995605,fast_warmup_global,0.021800000220537186,835.7786865234375,,36.903038024902344,42,screen,100,10000,1.7210770845413208,0.32519999146461487,0.002074920106679201,1.3516031503677368,1.3487988710403442,1.3487988710403442,1.3487988710403442,1.3544076681137085,8.140107154846191,8.028191566467285,2000
0.325,,,1.670985460281372,9.958385467529297,25.53342056274414,,3.6247057914733887,,global,,,0.0,,0.8414048552513123,0.001,0.15302591025829315,9.845414161682129,fast_warmup_global,0.03370000049471855,2182.639892578125,,22.314361572265625,42,screen,500,10000,2.100337505340576,0.3123999834060669,0.007898588664829731,1.1885625123977661,1.179174780845642,1.179174780845642,1.179174780845642,1.1979502439498901,11.244745254516602,11.022518157958984,2000
0.55,,,2.2318406105041504,17.203414916992188,32.917083740234375,,6.967777252197266,,global,,,0.0,,1.1238142251968384,0.0009000000000000001,0.6371859312057495,17.097061157226562,fast_warmup_global,0.07329999655485153,11368.013671875,,15.830124855041504,42,screen,1000,10000,3.1242318153381348,0.25949999690055847,0.007632904686033726,0.889878511428833,0.8830862641334534,0.8830862641334534,0.8830862641334534,0.8966706395149231,17.745805740356445,18.433303833007812,2000
1.0,,,4.066588401794434,14.995205879211426,15.967656135559082,,13.213276147842407,,global,,,0.0,,2.04756760597229,0.0008100000000000001,0.06259751319885254,14.924945831298828,fast_warmup_global,0.14839999377727509,12008.15625,,8.472029685974121,42,screen,2000,10000,2.872175455093384,0.1826999932527542,0.0008426159038208425,0.48838475346565247,0.48797324299812317,0.48797324299812317,0.48797324299812317,0.48879626393318176,15.765838623046875,15.196086883544922,2000
1.0,,,7.176612377166748,3.1067209243774414,2.719409227371216,,32.44812822341919,,global,,,0.0,,3.6135292053222656,0.00059049,0.47109365463256836,4.491891860961914,fast_warmup_global,0.12849999964237213,741.0160522460938,,5.5971245765686035,42,screen,5000,10000,1.0549397468566895,0.14419999718666077,0.002033635973930359,0.2767389118671417,0.2761761248111725,0.2761761248111725,0.2761761248111725,0.2773016691207886,4.676355838775635,4.893736839294434,2000
1.0,,,10.128541946411133,1.092273235321045,1.0147030353546143,,65.59810733795166,,global,,,0.0,,5.099884033203125,0.0003486784401,0.44147971272468567,2.326456069946289,fast_warmup_global,0.12060000002384186,112.05870056152344,,4.229541778564453,42,screen,10000,10000,0.5058655738830566,0.08079999685287476,0.0024003228172659874,0.19608402252197266,0.19561335444450378,0.19561335444450378,0.19561335444450378,0.19655466079711914,2.4997551441192627,2.555187702178955,2000
0.1,,,1.5123196840286255,0.004880930762737989,1.660658359527588,,0.2829101085662842,,cond,,0.02,0.0,,0.7614627480506897,0.001,0.028045520186424255,0.0023541676346212626,floor002_cond,0.08869999647140503,13.605415344238281,,10.39157485961914,42,screen,0,10000,0.31572264432907104,0.001999999862164259,0.0,1.313261866569519,1.3132617473602295,1.3132617473602295,1.3132617473602295,1.3132617473602295,1.3162589073181152,1.2996633052825928,
0.10360000000000001,,,0.5145904421806335,2.7760274410247803,40.05172348022461,,0.9210278987884521,,cond,,0.02,0.0,,0.2593516409397125,0.001,0.15973708033561707,2.796842098236084,floor002_cond,0.0210999995470047,420.1634826660156,,51.74953079223633,42,screen,100,10000,1.266621708869934,0.2912999987602234,0.13050496578216553,3.918517589569092,3.9600446224212646,3.238889694213867,3.2449188232421875,5.345617294311523,6.663795471191406,6.922394752502441,
0.11800000000000001,,,1.0708839893341064,20.965839385986328,72.08914184570312,,3.2207913398742676,,cond,,0.02,0.0,,0.5359219312667847,0.001,0.18931160867214203,20.823097229003906,floor002_cond,0.011299999430775642,5666.76123046875,,41.85410690307617,42,screen,500,10000,3.545229434967041,0.5766000151634216,0.23036344349384308,2.0144906044006348,2.0309903621673584,0.09897112846374512,0.7520158886909485,3.0214078426361084,22.90169906616211,23.035837173461914,
0.136,,,1.1423728466033936,18.491071701049805,59.145687103271484,,6.197629928588867,,cond,,0.02,0.0,,0.5712506771087646,0.0009000000000000001,0.07161345332860947,18.367713928222656,floor002_cond,0.013899999670684338,5003.779296875,,38.17529296875,42,screen,1000,10000,3.2591874599456787,0.5253999829292297,0.2263750284910202,1.8972835540771484,1.9798775911331177,0.12418326735496521,0.6775960326194763,2.606365919113159,20.056442260742188,20.689167022705078,
0.17200000000000001,,,1.7730339765548706,15.986209869384766,37.09372329711914,,11.87283730506897,,cond,,0.02,0.0,,0.8863372802734375,0.0008100000000000001,0.22991809248924255,15.885759353637695,floor002_cond,0.018199998885393143,4171.5283203125,,29.09636878967285,42,screen,2000,10000,2.9325976371765137,0.4684000015258789,0.3046724796295166,1.4818036556243896,1.59877610206604,0.019999997690320015,0.19583961367607117,2.1434550285339355,17.30487632751465,17.604698181152344,
0.28,,,3.5903127193450928,13.300797462463379,22.212203979492188,,28.54032063484192,,cond,,0.02,0.0,,1.7944632768630981,0.00059049,0.4627561867237091,13.227069854736328,floor002_cond,0.028299998492002487,3561.19580078125,,18.245908737182617,42,screen,5000,10000,2.5645508766174316,0.3791999816894531,0.42402076721191406,0.9784411787986755,1.0214650630950928,0.019999997690320015,0.057964224368333817,1.7786345481872559,14.257308959960938,14.297310829162598,
0.4600000000000001,,,10.784174919128418,7.202907562255859,10.205134391784668,,55.80623435974121,,cond,,0.02,0.0,,5.48286247253418,0.0003486784401,0.42638030648231506,7.147514820098877,floor002_cond,0.048899997025728226,1204.3697509765625,,11.157613754272461,42,screen,10000,10000,1.6341485977172852,0.2450999915599823,0.6347371935844421,0.6893187165260315,0.7101197838783264,0.019999997690320015,0.019999997690320015,1.7535820007324219,7.950718402862549,7.81563138961792,
0.1,,,1.5123196840286255,0.004880930762737989,1.660658359527588,,0.23712921142578125,,cond,,0.2,0.0,,0.7614627480506897,0.001,0.028045520186424255,0.0023541676346212626,floor02_cond,0.08869999647140503,13.605415344238281,,10.39157485961914,42,screen,0,10000,0.31572264432907104,0.001999999862164259,0.0,1.313261866569519,1.3132617473602295,1.3132617473602295,1.3132617473602295,1.3132617473602295,1.3162589073181152,1.2996633052825928,
0.10360000000000001,,,0.5145904421806335,2.7760274410247803,40.05172348022461,,0.979346513748169,,cond,,0.2,0.0,,0.2593516409397125,0.001,0.15973708033561707,2.796842098236084,floor02_cond,0.0210999995470047,420.1634826660156,,51.74953079223633,42,screen,100,10000,1.266621708869934,0.2912999987602234,0.13050496578216553,3.918517589569092,3.9600446224212646,3.238889694213867,3.2449188232421875,5.345617294311523,6.663795471191406,6.922394752502441,
0.11800000000000001,,,1.100625991821289,21.479949951171875,72.0785140991211,,3.3414063453674316,,cond,,0.2,0.0,,0.5502263307571411,0.001,0.27418577671051025,21.34567642211914,floor02_cond,0.011799999512732029,5898.4736328125,,41.4793815612793,42,screen,500,10000,3.5991127490997314,0.5817999839782715,0.24152572453022003,1.9765937328338623,1.9898816347122192,0.19999998807907104,0.7006592154502869,3.0175626277923584,23.37984848022461,23.528987884521484,
0.136,,,1.3067550659179688,17.353927612304688,53.47958755493164,,6.076387166976929,,cond,,0.2,0.0,,0.6571788787841797,0.0009000000000000001,0.1789761632680893,17.404008865356445,floor02_cond,0.016699999570846558,4375.2626953125,,37.341957092285156,42,screen,1000,10000,3.133190393447876,0.5231999754905701,0.2375079244375229,1.7209858894348145,1.8559013605117798,0.19999998807907104,0.4078408181667328,2.1872284412384033,18.953258514404297,19.498783111572266,
0.17200000000000001,,,2.3060975074768066,17.229551315307617,42.51390075683594,,11.205177068710327,,cond,,0.2,0.0,,1.1618642807006836,0.0008100000000000001,0.21720686554908752,17.18987274169922,floor02_cond,0.016599999740719795,4982.99365234375,,29.334836959838867,42,screen,2000,10000,3.0807254314422607,0.4732999801635742,0.44344720244407654,1.4836268424987793,1.6869959831237793,0.19999998807907104,0.19999998807907104,2.258948802947998,18.462078094482422,19.00259017944336,
0.28,,,3.5004265308380127,12.497049331665039,24.470474243164062,,27.028236865997314,,cond,,0.2,0.0,,1.7534058094024658,0.00059049,0.33418238162994385,12.450502395629883,floor02_cond,0.026099998503923416,3295.376220703125,,18.629867553710938,42,screen,5000,10000,2.4571402072906494,0.357699990272522,0.5781407952308655,1.0787873268127441,1.166492223739624,0.19999998807907104,0.19999998807907104,2.49710750579834,13.717636108398438,13.431005477905273,
0.4600000000000001,,,6.538437366485596,2.1563594341278076,5.537254333496094,,59.92920184135437,,cond,,0.2,0.0,,3.2800374031066895,0.0003486784401,0.6195700764656067,4.730646133422852,floor02_cond,0.04939999803900719,381.0970764160156,,9.909602165222168,42,screen,10000,10000,1.0523924827575684,0.21519999206066132,0.6850618124008179,0.44879987835884094,0.28817635774612427,0.19999998807907104,0.19999998807907104,1.1619257926940918,5.092971324920654,5.3130950927734375,
0.1,,,1.5123196840286255,0.004880930762737989,1.660658359527588,,0.4202733039855957,,cond,,,0.0,,0.7614627480506897,0.001,0.028045520186424255,0.0023541676346212626,gaussian_cond,0.08869999647140503,13.605415344238281,0.0,0.6541118621826172,42,screen,0,10000,0.26184555888175964,0.001999999862164259,0.0,1.313261866569519,1.3132617473602295,1.3132617473602295,1.3132617473602295,1.3132617473602295,1.3162589073181152,1.2996633052825928,
0.10360000000000001,,,0.5033767223358154,-6.0041303634643555,79.2920150756836,,1.1653244495391846,,cond,,,0.0,,0.2533963918685913,0.001,0.2808800935745239,6.390614986419678,gaussian_cond,0.017099998891353607,1032.0615234375,0.0,5.226986885070801,42,screen,100,10000,1.889249324798584,0.4178999960422516,0.1013694480061531,3.981997489929199,3.864809513092041,3.4773900508880615,3.4877161979675293,5.410938739776611,10.918838500976562,9.912296295166016,
0.11800000000000001,,,0.24890176951885223,0.047183603048324585,312.57049560546875,,3.7983458042144775,,cond,,,0.0,,0.1252618134021759,0.001,0.10179378092288971,9.283670425415039,gaussian_cond,0.007899999618530273,2449.715087890625,0.0,8.69263744354248,42,screen,500,10000,2.766605854034424,0.625499963760376,0.10530587285757065,8.061840057373047,7.823679447174072,7.073728561401367,7.088150501251221,10.939642906188965,17.54525375366211,17.218408584594727,
0.136,,,0.26798510551452637,-0.20105046033859253,230.31954956054688,,7.341186046600342,,cond,,,0.0,,0.13487055897712708,0.0009000000000000001,0.15979717671871185,7.3740081787109375,gaussian_cond,0.009200000204145908,1808.3387451171875,0.0,7.451117038726807,42,screen,1000,10000,2.458024501800537,0.5771999955177307,0.10456908494234085,7.486332416534424,7.2728447914123535,6.581885814666748,6.593886852264404,10.156889915466309,14.796896934509277,14.985016822814941,
0.17200000000000001,,,0.31096723675727844,-0.07209175825119019,142.4470977783203,,13.868246793746948,,cond,,,0.0,,0.1564672738313675,0.0008100000000000001,0.13666494190692902,5.2792181968688965,gaussian_cond,0.011099999770522118,1124.5369873046875,0.0,5.879149913787842,42,screen,2000,10000,2.0270068645477295,0.5031999945640564,0.09602110087871552,6.444020748138428,6.271981239318848,5.7325615882873535,5.7418012619018555,8.48816967010498,11.452210426330566,12.048066139221191,
0.28,,,0.37889909744262695,0.11134360730648041,50.8753662109375,,33.10875105857849,,cond,,,0.0,,0.19052186608314514,0.00059049,0.04037699103355408,1.8495489358901978,gaussian_cond,0.01489999983459711,403.66180419921875,0.0,3.5483717918395996,42,screen,5000,10000,1.261102557182312,0.3264999985694885,0.07565657049417496,5.277603626251221,5.17045783996582,4.607839584350586,4.798421859741211,6.281280994415283,7.116650581359863,7.076625823974609,
0.4600000000000001,,,0.4889523386955261,-0.0040484461933374405,18.491750717163086,,65.35867047309875,,cond,,,0.0,,0.24591483175754547,0.0003486784401,0.03657279908657074,0.2910616993904114,gaussian_cond,0.02879999950528145,149.91632080078125,0.0,2.1724112033843994,42,screen,10000,10000,0.6821781992912292,0.1582999974489212,0.05755054950714111,4.080561637878418,4.062148094177246,2.518662929534912,3.4110186100006104,4.5910797119140625,4.356451034545898,4.332724571228027,
0.1,,,1.5123196840286255,0.004880930762737989,1.660658359527588,,0.24856257438659668,,global,,,0.0,,0.7614627480506897,0.001,0.028045520186424255,0.0023541676346212626,gaussian_global,0.08869999647140503,13.605415344238281,0.0,0.6541118621826172,42,screen,0,10000,0.26184555888175964,0.001999999862164259,0.0,1.313261866569519,1.3132617473602295,1.3132617473602295,1.3132617473602295,1.3132617473602295,1.3162589073181152,1.2996633052825928,
0.10360000000000001,,,1.4634710550308228,-0.8739486336708069,102.67952728271484,,0.948366641998291,,global,,,0.0,,0.7368918657302856,0.001,0.5732179880142212,8.019160270690918,gaussian_global,0.011899999342858791,767.8088989257812,0.0,4.811366081237793,42,screen,100,10000,1.7373604774475098,0.42289999127388,0.004215111490339041,1.3570749759674072,1.3513550758361816,1.3513550758361816,1.3513550758361816,1.3627952337265015,7.004637241363525,11.914146423339844,
0.11800000000000001,,,1.4640061855316162,0.2282838374376297,256.0917053222656,,3.4827325344085693,,global,,,0.0,,0.737167239189148,0.001,0.1724996119737625,15.047712326049805,gaussian_global,0.00559999980032444,2076.208251953125,0.0,8.265966415405273,42,screen,500,10000,2.6637465953826904,0.6273999810218811,0.005218311212956905,1.356581211090088,1.3495023250579834,1.3495023250579834,1.3495023250579834,1.3636600971221924,15.950849533081055,17.08656120300293,
0.136,,,1.4621028900146484,-0.3632754683494568,185.06520080566406,,6.790784597396851,,global,,,0.0,,0.7361993193626404,0.0009000000000000001,0.08932776004076004,12.299962043762207,gaussian_global,0.00839999970048666,1489.5611572265625,0.0,6.878584384918213,42,screen,1000,10000,2.306577205657959,0.5577999949455261,0.0035806377418339252,1.3583451509475708,1.353481650352478,1.353481650352478,1.353481650352478,1.3632088899612427,14.490527153015137,13.01858139038086,
0.17200000000000001,,,1.455781102180481,1.1298730373382568,132.91995239257812,,13.549173831939697,,global,,,0.0,,0.7330384850502014,0.0008100000000000001,0.07867252826690674,10.006622314453125,gaussian_global,0.010499999858438969,1071.007568359375,0.0,5.733054161071777,42,screen,2000,10000,1.9853545427322388,0.49059998989105225,0.007409675512462854,1.364259958267212,1.3541513681411743,1.3541513681411743,1.3541513681411743,1.3743683099746704,10.834430694580078,12.093890190124512,
0.28,,,1.4388314485549927,0.7103833556175232,57.784523010253906,,33.21337127685547,,global,,,0.0,,0.7244539260864258,0.00059049,0.07601547241210938,6.1046247482299805,gaussian_global,0.015699999406933784,464.7937316894531,0.0,3.780482769012451,42,screen,5000,10000,1.34970223903656,0.34700000286102295,0.0012346551520749927,1.3803519010543823,1.378647804260254,1.378647804260254,1.378647804260254,1.3820562362670898,7.162814617156982,7.954850196838379,
0.4600000000000001,,,1.4185642004013062,0.13051310181617737,20.585521697998047,,65.55606842041016,,global,,,0.0,,0.7142796516418457,0.0003486784401,0.05498809739947319,3.0524582862854004,gaussian_global,0.026399999856948853,163.07101440429688,0.0,2.2499821186065674,42,screen,10000,10000,0.7194001078605652,0.17069999873638153,0.004107226617634296,1.4000355005264282,1.3942854404449463,1.3942854404449463,1.3942854404449463,1.4057856798171997,4.446584224700928,4.551220417022705,
1.0,False,,1.5123196840286255,0.004880930762737989,1.660658359527588,,0.2776775360107422,,cond,,,0.0,,0.7614627480506897,0.001,0.028045520186424255,0.0023541676346212626,no_anneal_cond,0.08869999647140503,13.605415344238281,,10.39157485961914,42,screen,0,10000,0.31572264432907104,0.001999999862164259,0.0,1.313261866569519,1.3132617473602295,1.3132617473602295,1.3132617473602295,1.3132617473602295,1.3162589073181152,1.2996633052825928,
1.0,False,,4.603124141693115,0.006282811053097248,0.2661615312099457,,0.9522230625152588,,cond,,,0.0,,2.314953327178955,0.001,0.03830474987626076,0.022288469597697258,no_anneal_cond,0.22919999063014984,2.1906330585479736,,3.912031888961792,42,screen,100,10000,0.7029566168785095,0.0,0.2898980975151062,0.4857061505317688,0.49601033329963684,0.03846423700451851,0.16065537929534912,0.7453678250312805,0.5259336233139038,0.4890739917755127,
1.0,False,,13.724984169006348,0.6209174990653992,0.6616297364234924,,3.655992031097412,,cond,,,0.0,,6.847530841827393,0.001,0.7260507345199585,1.333569049835205,no_anneal_cond,0.14489999413490295,63.01259994506836,,4.277561664581299,42,screen,500,10000,0.6774678230285645,0.04769999906420708,0.48824313282966614,0.19377899169921875,0.1781877875328064,0.006504366174340248,0.03941473364830017,0.47713565826416016,1.327634572982788,1.7373155355453491,
1.0,False,,12.421530723571777,-0.11997020244598389,1.0967861413955688,,7.057086229324341,,cond,,,0.0,,6.227091312408447,0.0009000000000000001,0.6458320021629333,1.666883945465088,no_anneal_cond,0.14739999175071716,89.6968002319336,,4.613560676574707,42,screen,1000,10000,0.5940999984741211,0.06439999490976334,1.1895416975021362,0.2672984302043915,0.15523073077201843,0.010122470557689667,0.07244595140218735,1.763096809387207,1.6990190744400024,2.1660540103912354,
1.0,False,,14.011210441589355,0.12420345097780228,0.8345152139663696,,13.297152757644653,,cond,,,0.0,,6.984020233154297,0.0008100000000000001,0.509850025177002,1.3119958639144897,no_anneal_cond,0.15369999408721924,52.21201705932617,,4.350191593170166,42,screen,2000,10000,0.49787354469299316,0.04389999806880951,1.3312805891036987,0.2769078314304352,0.15607242286205292,0.0031755093950778246,0.04848398640751839,2.043534517288208,1.4190795421600342,1.7501263618469238,
1.0,False,,11.902509689331055,0.18848221004009247,0.9482318162918091,,33.212928771972656,,cond,,,0.0,,5.959962844848633,0.00059049,0.6277468204498291,1.6059564352035522,no_anneal_cond,0.13729999959468842,72.21996307373047,,4.466821193695068,42,screen,5000,10000,0.5613239407539368,0.05889999866485596,1.327441930770874,0.2668622136116028,0.1538177728652954,0.060424089431762695,0.0962449386715889,2.010317087173462,1.6423208713531494,2.09871244430542,
1.0,False,,16.34678077697754,0.02223963476717472,0.8957792520523071,,67.46650767326355,,cond,,,0.0,,8.132516860961914,0.0003486784401,0.5827721357345581,1.493719220161438,no_anneal_cond,0.13830000162124634,55.538997650146484,,4.346837997436523,42,screen,10000,10000,0.5200054049491882,0.050599999725818634,1.3738906383514404,0.2629694640636444,0.1553794890642166,0.006092183291912079,0.04038185253739357,1.9724622964859009,1.5416654348373413,1.9610503911972046,
1.0,False,,1.5123196840286255,0.004880930762737989,1.660658359527588,,0.23962688446044922,,cond,,,0.0,1.0,0.7614627480506897,0.001,0.028045520186424255,0.0023541676346212626,no_anneal_const_cond,0.08869999647140503,13.605415344238281,,10.39157485961914,42,screen,0,10000,0.31572264432907104,0.001999999862164259,0.0,1.313261866569519,1.3132617473602295,1.3132617473602295,1.3132617473602295,1.3132617473602295,1.3162589073181152,1.2996633052825928,
1.0,False,,4.603124141693115,0.006282811053097248,0.2661615312099457,,0.8256299495697021,,cond,,,0.0,1.0,2.314953327178955,0.001,0.03830474987626076,0.022288469597697258,no_anneal_const_cond,0.22919999063014984,2.1906330585479736,,3.912031888961792,42,screen,100,10000,0.7029566168785095,0.0,0.2898980975151062,0.4857061505317688,0.49601033329963684,0.03846423700451851,0.16065537929534912,0.7453678250312805,0.5259336233139038,0.4890739917755127,
1.0,False,,13.724984169006348,0.6209174990653992,0.6616297364234924,,3.2402567863464355,,cond,,,0.0,1.0,6.847530841827393,0.001,0.7260507345199585,1.333569049835205,no_anneal_const_cond,0.14489999413490295,63.01259994506836,,4.277561664581299,42,screen,500,10000,0.6774678230285645,0.04769999906420708,0.48824313282966614,0.19377899169921875,0.1781877875328064,0.006504366174340248,0.03941473364830017,0.47713565826416016,1.327634572982788,1.7373155355453491,
1.0,False,,12.421530723571777,-0.11997020244598389,1.0967861413955688,,6.112518787384033,,cond,,,0.0,1.0,6.227091312408447,0.001,0.6458320021629333,1.666883945465088,no_anneal_const_cond,0.14739999175071716,89.6968002319336,,4.613560676574707,42,screen,1000,10000,0.5940999984741211,0.06439999490976334,1.1895416975021362,0.2672984302043915,0.15523073077201843,0.010122470557689667,0.07244595140218735,1.763096809387207,1.6990190744400024,2.1660540103912354,
1.0,False,,16.059062957763672,0.231413796544075,0.9088929295539856,,11.890360355377197,,cond,,,0.0,1.0,7.960870265960693,0.001,0.5768415331840515,1.4919605255126953,no_anneal_const_cond,0.14639998972415924,69.0719985961914,,4.281662464141846,42,screen,2000,10000,0.5464509725570679,0.05379999801516533,1.2712416648864746,0.2686852216720581,0.16408073902130127,0.0005543480510823429,0.02229129709303379,1.9143118858337402,1.5336620807647705,1.9784152507781982,
1.0,False,,13.149568557739258,-0.06414509564638138,1.0111117362976074,,29.864049196243286,,cond,,,0.0,1.0,6.577103137969971,0.001,0.624363124370575,1.6544957160949707,no_anneal_const_cond,0.14489999413490295,77.84761047363281,,4.374849796295166,42,screen,5000,10000,0.5737664699554443,0.06459999829530716,1.18617844581604,0.2564064860343933,0.18273857235908508,0.027026241645216942,0.05424023047089577,1.7361425161361694,1.6778916120529175,2.146082878112793,
1.0,False,,20.44961166381836,-0.6777759194374084,0.9038893580436707,,61.54813838005066,,cond,,,0.0,1.0,10.266905784606934,0.001,0.5856307148933411,1.7880464792251587,no_anneal_const_cond,0.14229999482631683,74.43805694580078,,4.314793586730957,42,screen,10000,10000,0.5359936356544495,0.0625,1.5241540670394897,0.23534217476844788,0.16303206980228424,0.007057642098516226,0.018787385895848274,1.8388619422912598,1.8711576461791992,2.1662912368774414,
1.0,False,,1.5123196840286255,0.004880930762737989,1.660658359527588,,0.2492351531982422,,global,,,0.0,1.0,0.7614627480506897,0.001,0.028045520186424255,0.0023541676346212626,no_anneal_const_global,0.08869999647140503,13.605415344238281,,10.39157485961914,42,screen,0,10000,0.31572264432907104,0.001999999862164259,0.0,1.313261866569519,1.3132617473602295,1.3132617473602295,1.3132617473602295,1.3132617473602295,1.3162589073181152,1.2996633052825928,
1.0,False,,1.5947660207748413,0.0018767339643090963,1.5011448860168457,,0.9800195693969727,,global,,,0.0,1.0,0.8029699921607971,0.001,0.06601056456565857,0.006216489709913731,no_anneal_const_global,0.0940999984741211,12.31005573272705,,9.855135917663574,42,screen,100,10000,0.3415073752403259,0.0015999999595806003,0.0007898173644207418,1.2453770637512207,1.2443937063217163,1.2443937063217163,1.2443937063217163,1.2463608980178833,1.25182044506073,1.2326507568359375,
1.0,False,,1.9700149297714233,0.006001239642500877,0.9761521220207214,,3.2676572799682617,,global,,,0.0,1.0,0.9919394254684448,0.001,0.01642731763422489,0.003038671100512147,no_anneal_const_global,0.11289999634027481,8.02580451965332,,7.844620704650879,42,screen,500,10000,0.43441101908683777,0.00039999998989515007,0.003035779343917966,1.008135437965393,1.0050749778747559,1.0050749778747559,1.0050749778747559,1.0111957788467407,1.0133038759231567,0.9958683252334595,
1.0,False,,2.54540753364563,0.003823117818683386,0.5827951431274414,,6.264948606491089,,global,,,0.0,1.0,1.2816227674484253,0.001,0.014289405196905136,0.0005341980140656233,no_anneal_const_global,0.14259999990463257,4.784271717071533,,5.9824538230896,42,screen,1000,10000,0.5456145405769348,9.999999747378752e-05,0.000631193455774337,0.7802610397338867,0.7797685265541077,0.7797685265541077,0.7797685265541077,0.780753493309021,0.7813141942024231,0.769068717956543,
1.0,False,,3.6983726024627686,0.002546375384554267,0.27645546197891235,,12.859038829803467,,global,,,0.0,1.0,1.8621857166290283,0.001,0.001806991291232407,0.00030751913436688483,no_anneal_const_global,0.20509999990463257,2.267885684967041,,4.089195251464844,42,screen,2000,10000,0.6871989369392395,0.0,0.002097736345604062,0.5370056629180908,0.5358792543411255,0.5358792543411255,0.5358792543411255,0.5381321907043457,0.5388854146003723,0.5292029976844788,
1.0,False,,4.568634986877441,-1.70308256149292,1.9223073720932007,,32.56993317604065,,global,,,0.0,1.0,2.3003876209259033,0.001,0.6933672428131104,1.711845874786377,no_anneal_const_global,0.19370000064373016,248.8026885986328,,4.987773895263672,42,screen,5000,10000,0.8952661156654358,0.07119999825954437,0.0027321085799485445,0.43471258878707886,0.4335249364376068,0.4335249364376068,0.4335249364376068,0.4359002411365509,2.175255298614502,2.0995376110076904,
1.0,False,,9.76565170288086,-0.74814772605896,1.0446487665176392,,63.95426273345947,,global,,,0.0,1.0,4.91616153717041,0.001,0.5297245383262634,2.2477970123291016,no_anneal_const_global,0.11939999461174011,102.29306030273438,,4.350223541259766,42,screen,10000,10000,0.5285561084747314,0.0803999975323677,0.02322413958609104,0.20352047681808472,0.19879400730133057,0.19879400730133057,0.19879400730133057,0.20824694633483887,2.3876867294311523,2.483776807785034,
1.0,False,,1.5123196840286255,0.004880930762737989,1.660658359527588,,0.3766956329345703,,global,,,0.0,,0.7614627480506897,0.001,0.028045520186424255,0.0023541676346212626,no_anneal_global,0.08869999647140503,13.605415344238281,,10.39157485961914,42,screen,0,10000,0.31572264432907104,0.001999999862164259,0.0,1.313261866569519,1.3132617473602295,1.3132617473602295,1.3132617473602295,1.3132617473602295,1.3162589073181152,1.2996633052825928,
1.0,False,,1.5947660207748413,0.0018767339643090963,1.5011448860168457,,1.1737349033355713,,global,,,0.0,,0.8029699921607971,0.001,0.06601056456565857,0.006216489709913731,no_anneal_global,0.0940999984741211,12.31005573272705,,9.855135917663574,42,screen,100,10000,0.3415073752403259,0.0015999999595806003,0.0007898173644207418,1.2453770637512207,1.2443937063217163,1.2443937063217163,1.2443937063217163,1.2463608980178833,1.25182044506073,1.2326507568359375,
1.0,False,,1.9700149297714233,0.006001239642500877,0.9761521220207214,,3.9053795337677,,global,,,0.0,,0.9919394254684448,0.001,0.01642731763422489,0.003038671100512147,no_anneal_global,0.11289999634027481,8.02580451965332,,7.844620704650879,42,screen,500,10000,0.43441101908683777,0.00039999998989515007,0.003035779343917966,1.008135437965393,1.0050749778747559,1.0050749778747559,1.0050749778747559,1.0111957788467407,1.0133038759231567,0.9958683252334595,
1.0,False,,2.54540753364563,0.003823117818683386,0.5827951431274414,,7.414260149002075,,global,,,0.0,,1.2816227674484253,0.0009000000000000001,0.014289405196905136,0.0005341980140656233,no_anneal_global,0.14259999990463257,4.784271717071533,,5.9824538230896,42,screen,1000,10000,0.5456145405769348,9.999999747378752e-05,0.000631193455774337,0.7802610397338867,0.7797685265541077,0.7797685265541077,0.7797685265541077,0.780753493309021,0.7813141942024231,0.769068717956543,
1.0,False,,3.6191084384918213,0.0028288799803704023,0.28851014375686646,,13.862197399139404,,global,,,0.0,,1.8222917318344116,0.0008100000000000001,0.0014225634513422847,0.000112210436782334,no_anneal_global,0.1988999992609024,2.365422487258911,,4.178192138671875,42,screen,2000,10000,0.6798401474952698,0.0,0.003279739525169134,0.5487653017044067,0.5469655990600586,0.5469655990600586,0.5469655990600586,0.5505651235580444,0.5513860583305359,0.5392674803733826,
1.0,False,,4.158962726593018,0.0009240586077794433,0.22183702886104584,,32.11640405654907,,global,,,0.0,,2.094155788421631,0.00059049,0.007779927924275398,0.002552539110183716,no_anneal_global,0.22739998996257782,1.8177582025527954,,3.671262741088867,42,screen,5000,10000,0.7252030968666077,0.0,0.005445652175694704,0.47753357887268066,0.4749332070350647,0.4749332070350647,0.4749332070350647,0.4801340401172638,0.4814918637275696,0.47413286566734314,
1.0,False,,5.607670307159424,4.646676540374756,3.438600778579712,,62.03204870223999,,global,,,0.0,,2.823671340942383,0.0003486784401,0.20290574431419373,4.614560127258301,no_anneal_global,0.15279999375343323,711.8593139648438,,6.052496433258057,42,screen,10000,10000,1.1423192024230957,0.15609999001026154,0.007701996713876724,0.3541698455810547,0.3514420986175537,0.3514420986175537,0.3514420986175537,0.35689759254455566,5.032003879547119,4.962674617767334,
0.1,,,1.5123196840286255,0.004880930762737989,1.660658359527588,,0.24937820434570312,,cond,,,0.0,,0.7614627480506897,0.001,0.028045520186424255,0.0023541676346212626,rho05_cond,0.08869999647140503,13.605415344238281,0.5,0.8589142560958862,42,screen,0,10000,0.2658582627773285,0.001999999862164259,0.0,1.313261866569519,1.3132617473602295,1.3132617473602295,1.3132617473602295,1.3132617473602295,1.3162589073181152,1.2996633052825928,
0.10360000000000001,,,0.4154510498046875,0.805818498134613,48.796817779541016,,0.9724647998809814,,cond,,,0.0,,0.2092839777469635,0.001,0.4832487404346466,1.7134954929351807,rho05_cond,0.019099999219179153,386.8851318359375,0.5,3.6827609539031982,42,screen,100,10000,1.2302780151367188,0.2902999818325043,0.10851848125457764,4.8316569328308105,4.805716514587402,4.089841842651367,4.0989861488342285,6.356052398681641,5.532878875732422,7.688548564910889,
0.11800000000000001,,,0.16712500154972076,1.903724193572998,306.3912353515625,,3.1985809803009033,,cond,,,0.0,,0.08434370905160904,0.001,0.04789212346076965,4.816619873046875,rho05_cond,0.007999999448657036,2564.86328125,0.5,9.400341987609863,42,screen,500,10000,2.8065273761749268,0.6273999810218811,0.2595869302749634,12.693061828613281,14.08005428314209,8.881888389587402,8.896038055419922,19.069189071655273,17.65407943725586,17.71339988708496,
0.136,,,0.18641860783100128,0.27055466175079346,231.59866333007812,,6.0397422313690186,,cond,,,0.0,,0.09410914033651352,0.0009000000000000001,0.12545078992843628,3.7908740043640137,rho05_cond,0.008499999530613422,1920.8280029296875,0.5,8.177977561950684,42,screen,1000,10000,2.519007921218872,0.5898000001907349,0.2661106288433075,11.418333053588867,12.125161170959473,7.917901515960693,7.930605888366699,17.17835235595703,15.339229583740234,15.360426902770996,
0.17200000000000001,,,0.33845508098602295,0.6078295707702637,132.02464294433594,,12.021398305892944,,cond,,,0.0,,0.1712162047624588,0.0008100000000000001,0.057041194289922714,4.012212753295898,rho05_cond,0.010300000198185444,1189.7271728515625,0.5,6.243121147155762,42,screen,2000,10000,2.0727741718292236,0.5131999850273132,0.5261791348457336,7.90317964553833,5.911893844604492,3.6814677715301514,3.685882329940796,16.405643463134766,12.223021507263184,11.890352249145508,
0.28,,,1.1226089000701904,0.25133177638053894,75.5302505493164,,29.610382080078125,,cond,,,0.0,,0.5672983527183533,0.00059049,0.13002389669418335,3.884289026260376,rho05_cond,0.01759999990463257,867.7799682617188,0.5,4.331254005432129,42,screen,5000,10000,1.6548765897750854,0.382999986410141,1.0430094003677368,5.288570404052734,1.6238796710968018,0.10103248059749603,0.45855095982551575,23.570993423461914,9.883708000183105,8.72519302368164,
0.4600000000000001,,,2.435269832611084,0.13681121170520782,23.05084991455078,,59.62193202972412,,cond,,,0.0,,1.2277871370315552,0.0003486784401,0.06682509928941727,2.183722972869873,rho05_cond,0.02879999950528145,263.5286560058594,0.5,2.4520933628082275,42,screen,10000,10000,0.8536714911460876,0.19059999287128448,1.0790249109268188,2.827796459197998,1.1906081438064575,0.012132504023611546,0.12403106689453125,13.292189598083496,5.455677509307861,4.656102180480957,
0.1,,,1.5123196840286255,0.004880930762737989,1.660658359527588,,0.25369715690612793,,global,,,0.0,,0.7614627480506897,0.001,0.028045520186424255,0.0023541676346212626,rho05_global,0.08869999647140503,13.605415344238281,0.5,0.8589142560958862,42,screen,0,10000,0.2658582627773285,0.001999999862164259,0.0,1.313261866569519,1.3132617473602295,1.3132617473602295,1.3132617473602295,1.3132617473602295,1.3162589073181152,1.2996633052825928,
0.10360000000000001,,,1.4594345092773438,2.4564995765686035,93.77496337890625,,0.8954713344573975,,global,,,0.0,,0.7348825931549072,0.001,0.1530490517616272,6.592747688293457,rho05_global,0.0210999995470047,598.9556274414062,0.5,4.7647600173950195,42,screen,100,10000,1.5027875900268555,0.33390000462532043,0.008191277272999287,1.3608527183532715,1.3497059345245361,1.3497059345245361,1.3497059345245361,1.3719996213912964,3.641179323196411,12.285429000854492,
0.11800000000000001,,,1.458513855934143,1.125260591506958,287.6178894042969,,3.1801540851593018,,global,,,0.0,,0.734431803226471,0.001,0.2167578935623169,16.84336280822754,rho05_global,0.005200000014156103,2591.946044921875,0.5,9.292679786682129,42,screen,500,10000,2.8739936351776123,0.6482999920845032,0.010393642820417881,1.3617435693740845,1.3475905656814575,1.3475905656814575,1.3475905656814575,1.3758968114852905,18.390579223632812,18.0532169342041,
0.136,,,1.4589223861694336,0.19659602642059326,179.65316772460938,,6.057009935379028,,global,,,0.0,,0.7346265316009521,0.0009000000000000001,0.26130110025405884,14.339096069335938,rho05_global,0.007499999832361937,2070.97802734375,0.5,7.385288715362549,42,screen,1000,10000,2.5698206424713135,0.5871999859809875,0.008500438183546066,1.361333966255188,1.3497624397277832,1.3497624397277832,1.3497624397277832,1.3729057312011719,16.36052894592285,15.07447338104248,
0.17200000000000001,,,1.4643181562423706,-0.6358010768890381,116.29259490966797,,11.881666660308838,,global,,,0.0,,0.7373723387718201,0.0008100000000000001,0.19321076571941376,12.771526336669922,rho05_global,0.008700000122189522,1771.8919677734375,0.5,6.120869159698486,42,screen,2000,10000,2.3611650466918945,0.5411999821662903,0.013425199314951897,1.356411337852478,1.3382017612457275,1.3382017612457275,1.3382017612457275,1.374621033668518,14.115639686584473,14.138248443603516,
0.28,,,1.4553290605545044,0.4022744596004486,39.265342712402344,,29.907276391983032,,global,,,0.0,,0.7328970432281494,0.00059049,0.0951816663146019,6.752560138702393,rho05_global,0.016899999231100082,594.3790893554688,0.5,3.569898843765259,42,screen,5000,10000,1.4465694427490234,0.35179999470710754,0.022231964394450188,1.365122675895691,1.3347740173339844,1.3347740173339844,1.3347740173339844,1.395471215248108,7.948553562164307,8.250160217285156,
0.4600000000000001,,,1.484682321548462,0.3531325161457062,15.140277862548828,,59.65396332740784,,global,,,0.0,,0.7477878928184509,0.0003486784401,0.10318845510482788,3.6045899391174316,rho05_global,0.03139999881386757,224.51783752441406,0.5,2.262401580810547,42,screen,10000,10000,0.8246625661849976,0.19280000030994415,0.04049748554825783,1.3394742012023926,1.285230278968811,1.285230278968811,1.285230278968811,1.3937182426452637,4.980566501617432,4.889913082122803,
0.1,,,1.5123196840286255,0.004880930762737989,1.660658359527588,,0.2416222095489502,,separate,,,0.0,,0.7614627480506897,0.001,0.028045520186424255,0.0023541676346212626,separate_cond,0.08869999647140503,13.605415344238281,,10.39157485961914,42,screen,0,10000,0.31572264432907104,0.001999999862164259,0.0,1.313261866569519,1.3132617473602295,1.3132617473602295,1.3132617473602295,1.3132617473602295,1.3162589073181152,1.2996633052825928,
0.10360000000000001,,,0.413087397813797,-1.1148409843444824,42.157169342041016,,0.9017128944396973,,separate,,,0.0,,0.20779213309288025,0.001,0.045471712946891785,1.6904350519180298,separate_cond,0.020099999383091927,359.87548828125,,56.227935791015625,42,screen,100,10000,1.1962932348251343,0.29179999232292175,0.10954020917415619,4.866616249084473,4.770533084869385,3.8926360607147217,4.0011773109436035,6.450598239898682,6.501425743103027,6.650496959686279,
0.11800000000000001,,,1.0613139867782593,-20.507970809936523,83.52362823486328,,3.398953676223755,,separate,,,0.0,,0.5340571403503418,0.001,0.3807063400745392,20.55902862548828,separate_cond,0.012299999594688416,5495.0205078125,,44.39265060424805,42,screen,500,10000,3.5177032947540283,0.5837999582290649,0.19192595779895782,1.9490171670913696,1.8630902767181396,0.7362949848175049,1.166433334350586,2.4505069255828857,22.641895294189453,22.529443740844727,
0.136,,,1.173732042312622,-20.241540908813477,59.16189193725586,,6.138570785522461,,separate,,,0.0,,0.5881920456886292,0.0009000000000000001,0.9471208453178406,20.208213806152344,separate_cond,0.015599999576807022,7079.85498046875,,37.802581787109375,42,screen,1000,10000,3.5210306644439697,0.5310999751091003,0.29502812027931213,1.878519892692566,1.8506747484207153,0.3748425841331482,0.7361951470375061,3.250067710876465,22.438457489013672,21.854536056518555,
0.17200000000000001,,,1.6670374870300293,-19.50525665283203,48.914100646972656,,11.63964056968689,,separate,,,0.0,,0.8282079696655273,0.0008100000000000001,0.9632090330123901,19.502288818359375,separate_cond,0.01640000008046627,7446.80126953125,,30.068376541137695,42,screen,2000,10000,3.4174084663391113,0.48249998688697815,0.42005863785743713,1.5888893604278564,1.6570522785186768,0.11417514830827713,0.32145997881889343,3.012977361679077,21.171783447265625,21.006702423095703,
0.28,,,2.3312437534332275,-12.816224098205566,25.57570457458496,,29.70716381072998,,separate,,,0.0,,1.1634594202041626,0.00059049,0.09966195374727249,12.805302619934082,separate_cond,0.028999999165534973,3132.488037109375,,18.91675567626953,42,screen,5000,10000,2.498260259628296,0.368399977684021,0.502774715423584,1.1190904378890991,0.9830276370048523,0.3123922049999237,0.3326124846935272,2.373269557952881,13.999004364013672,13.870450973510742,
0.4600000000000001,,,3.645416259765625,-5.739275932312012,7.1407647132873535,,63.29872250556946,,separate,,,0.0,,1.8199204206466675,0.0003486784401,0.06570053100585938,5.73663330078125,separate_cond,0.051899999380111694,601.757568359375,,10.92668342590332,42,screen,10000,10000,1.3408185243606567,0.2321999967098236,0.5030418038368225,0.715877115726471,0.634617805480957,0.19073441624641418,0.20542505383491516,1.5638554096221924,6.4035186767578125,6.492402076721191,
0.1,,,1.5123196840286255,0.004880930762737989,1.660658359527588,True,0.24179458618164062,stein,cond,,,0.0,,0.7614627480506897,0.001,0.028045520186424255,0.0023541676346212626,stein_cond,0.08869999647140503,13.605415344238281,,10.39157485961914,42,screen,0,10000,0.31572264432907104,0.001999999862164259,0.0,1.313261866569519,1.3132617473602295,1.3132617473602295,1.3132617473602295,1.3132617473602295,1.3162589073181152,1.2996633052825928,
0.10360000000000001,,,1.07896089553833,-6.6383538246154785,48.94731903076172,True,0.804999828338623,stein,cond,,,0.0,,0.5432581305503845,0.001,0.6630178093910217,7.938294410705566,stein_cond,0.018299998715519905,982.7351684570312,,49.573604583740234,42,screen,100,10000,1.8926243782043457,0.39809998869895935,0.05629265308380127,1.846399188041687,1.8339037895202637,1.5510890483856201,1.6392956972122192,2.1622705459594727,9.752922058105469,9.785662651062012,
0.11800000000000001,,,1.4096429347991943,-22.405208587646484,80.58411407470703,True,3.0240957736968994,stein,cond,,,0.0,,0.7161174416542053,0.001,0.03980984538793564,22.959030151367188,stein_cond,0.010999999940395355,6584.4072265625,,43.75493621826172,42,screen,500,10000,3.7026171684265137,0.593999981880188,0.22649794816970825,1.5497632026672363,1.626255750656128,0.08835373818874359,0.41170430183410645,2.1128857135772705,24.90350914001465,24.073200225830078,
0.136,,,2.378622055053711,-20.14034080505371,66.53350067138672,True,5.38013219833374,stein,cond,,,0.0,,1.2651917934417725,0.0009000000000000001,0.5898862481117249,20.556819915771484,stein_cond,0.015099999494850636,6376.5029296875,,38.91133499145508,42,screen,1000,10000,3.471813678741455,0.5342999696731567,0.38244372606277466,1.5274862051010132,1.6782280206680298,0.0020790023263543844,0.08960742503404617,2.405325412750244,22.426488876342773,21.718393325805664,
0.17200000000000001,,,341.58709716796875,-18.650903701782227,44.70737838745117,True,10.063499689102173,stein,cond,,,0.00989999994635582,,172.56088256835938,0.0008100000000000001,0.1681821644306183,18.742279052734375,stein_cond,0.018299998715519905,6168.359375,,28.62347412109375,42,screen,2000,10000,3.251762628555298,0.4675999879837036,0.5863346457481384,1.4815436601638794,1.7607980966567993,9.999999747378752e-05,0.00010536352056078613,2.991032838821411,19.887542724609375,20.533790588378906,
0.28,,,1771.0087890625,-3.004215955734253,13.983546257019043,True,24.36657214164734,stein,cond,,,0.07175000011920929,,904.7517700195312,0.00059049,0.9956017732620239,8.233438491821289,stein_cond,0.025499999523162842,1105.7584228515625,,15.828132629394531,42,screen,5000,10000,1.7748315334320068,0.3304999768733978,1.063713550567627,0.6339730024337769,0.4079134166240692,9.999999747378752e-05,9.999999747378752e-05,2.652740001678467,8.896467208862305,8.827937126159668,
0.4600000000000001,,,2989.577392578125,-1.6016838550567627,4.886363983154297,True,49.83150005340576,stein,cond,,,0.12700000405311584,,1485.53466796875,0.0003486784401,0.7091205716133118,4.667527675628662,stein_cond,0.0429999977350235,350.69305419921875,,10.046318054199219,42,screen,10000,10000,1.0413036346435547,0.20989999175071716,1.4814698696136475,0.4143231213092804,0.1680726706981659,9.999999747378752e-05,9.999999747378752e-05,2.924163341522217,5.214940071105957,4.935121536254883,
0.1,,,1.5123196840286255,0.004880930762737989,1.660658359527588,True,0.24756550788879395,stein,global,,,0.0,,0.7614627480506897,0.001,0.028045520186424255,0.0023541676346212626,stein_global,0.08869999647140503,13.605415344238281,,10.39157485961914,42,screen,0,10000,0.31572264432907104,0.001999999862164259,0.0,1.313261866569519,1.3132617473602295,1.3132617473602295,1.3132617473602295,1.3132617473602295,1.3162589073181152,1.2996633052825928,
0.10360000000000001,,,1.4862115383148193,-5.1607584953308105,44.31654739379883,True,0.8457212448120117,stein,global,,,0.0,,0.7483155131340027,0.001,0.5468611717224121,7.2848920822143555,stein_global,0.02019999921321869,720.6102905273438,,50.32975387573242,42,screen,100,10000,1.6737403869628906,0.3676999807357788,0.00027717050397768617,1.3363345861434937,1.335964322090149,1.335964322090149,1.335964322090149,1.3367050886154175,8.476008415222168,8.763845443725586,
0.11800000000000001,,,1.4867128133773804,-21.31092643737793,78.73745727539062,True,3.147231101989746,stein,global,,,0.0,,0.7485628128051758,0.001,0.24281686544418335,22.12557601928711,stein_global,0.01209999993443489,6228.00927734375,,43.07148742675781,42,screen,500,10000,3.597842216491699,0.5769000053405762,0.0011336320312693715,1.3358947038650513,1.3343805074691772,1.3343805074691772,1.3343805074691772,1.337409257888794,23.726839065551758,23.195104598999023,
0.136,,,1.4860395193099976,-17.2108097076416,59.87422180175781,True,5.957229375839233,stein,global,,,0.0,,0.7482337951660156,0.0009000000000000001,0.5231523513793945,18.05583381652832,stein_global,0.0139999995008111,4829.29248046875,,38.25661849975586,42,screen,1000,10000,3.168424367904663,0.5162000060081482,0.0005333185545168817,1.3364810943603516,1.3357683420181274,1.3357683420181274,1.3357683420181274,1.3371938467025757,19.880292892456055,18.894432067871094,
0.17200000000000001,,,1.6000090837478638,-5.690256118774414,47.02755355834961,True,11.85247278213501,stein,global,,,0.0,,0.8055879473686218,0.0008100000000000001,1.3621376752853394,14.99905014038086,stein_global,0.01889999955892563,4016.664794921875,,30.309005737304688,42,screen,2000,10000,2.854515314102173,0.4634999930858612,0.004224787466228008,1.2413513660430908,1.2361071109771729,1.2361071109771729,1.2361071109771729,1.2465957403182983,16.506328582763672,16.11430549621582,
0.28,,,2.658372402191162,-4.36577033996582,14.303645133972168,True,29.234986305236816,stein,global,,,0.0,,1.3380770683288574,0.00059049,0.821349561214447,8.557151794433594,stein_global,0.029199998825788498,1124.0938720703125,,17.24442481994629,42,screen,5000,10000,1.814151406288147,0.3458999991416931,0.04051588848233223,0.7485698461532593,0.7182416319847107,0.7182416319847107,0.7182416319847107,0.7788980603218079,9.549659729003906,9.120723724365234,
0.4600000000000001,,,4.449911117553711,-1.7282425165176392,4.971309185028076,True,57.01601552963257,stein,global,,,0.0,,2.239755392074585,0.0003486784401,0.8310059905052185,4.778034210205078,stein_global,0.049300000071525574,365.876953125,,10.041279792785645,42,screen,10000,10000,1.1226589679718018,0.22689999639987946,0.045174140483140945,0.4473903179168701,0.42718032002449036,0.42718032002449036,0.42718032002449036,0.4676002562046051,5.440013408660889,5.040770530700684,
