run_id,status,finalize_status,finalize_attempts,finalize_failure_reason,method,method_slug,target,target_slug,seed,config_path,config_hash,config_hash_version,config_staleness,previous_config_hash,artifact_config_hash,expected_epochs,batch_size,runtime_gpu,result_path,tb_path,failure_reason,command_template
seed42_sivi_8_gaussians,completed,finalize_completed,1,,SIVI,sivi,8_gaussians,8_gaussians,42,configs/sivi_8_gaussians.yaml,c4f554654f27b1c8f83b5da67d3f7f51d88e68dd2896fd18bed073f703c2370f,default-grid-effective-v1,fresh,c4f554654f27b1c8f83b5da67d3f7f51d88e68dd2896fd18bed073f703c2370f,444605ed16717d04d1f5d92cddd9773d72d71561b720cb7df7d6ced213d40c47,10000,128,0,results/default_config_grid/SIVI/8_gaussians/20260428_042348,/root/ruivi/tb_logs/default_config_grid/SIVI/8_gaussians/20260428_042348,,/root/miniconda3/envs/ruivi/bin/python src.py --config configs/sivi_8_gaussians.yaml seed=42 cuda_visible_devices=0 output.results_dir=results/default_config_grid output.tb_dir=tb_logs/default_config_grid
seed42_sivi_banana,completed,finalize_completed,1,,SIVI,sivi,banana,banana,42,configs/sivi_banana.yaml,4b836259bbd445b2e36d500abaef11e96e037babf807f1339df992e32d0f2fe2,default-grid-effective-v1,fresh,4b836259bbd445b2e36d500abaef11e96e037babf807f1339df992e32d0f2fe2,02d061b2bdc1ba860676768979ae8c44110bca64f4f47da20931fe017047834c,10000,128,1,results/default_config_grid/SIVI/banana/20260428_042348,/root/ruivi/tb_logs/default_config_grid/SIVI/banana/20260428_042348,,/root/miniconda3/envs/ruivi/bin/python src.py --config configs/sivi_banana.yaml seed=42 cuda_visible_devices=0 output.results_dir=results/default_config_grid output.tb_dir=tb_logs/default_config_grid
seed42_sivi_bnn_boston,completed,finalize_completed,2,,SIVI,sivi,Bnn_boston,Bnn_boston,42,configs/sivi_Bnn_boston.yaml,cef2b77727dd6106bfcbb6926a59ba12d0b395ce645d58e4583179c9dcec5ad0,default-grid-effective-v1,fresh,cef2b77727dd6106bfcbb6926a59ba12d0b395ce645d58e4583179c9dcec5ad0,cef2b77727dd6106bfcbb6926a59ba12d0b395ce645d58e4583179c9dcec5ad0,10000,128,0,results/default_config_grid/SIVI/Bnn_boston/20260501_140351,/root/ruivi/tb_logs/default_config_grid/SIVI/Bnn_boston/20260501_140351,,/root/miniconda3/envs/ruivi/bin/python src.py --config configs/sivi_Bnn_boston.yaml seed=42 cuda_visible_devices=0 output.results_dir=results/default_config_grid output.tb_dir=tb_logs/default_config_grid
seed42_sivi_bnn_concrete,completed,finalize_completed,2,,SIVI,sivi,Bnn_concrete,Bnn_concrete,42,configs/sivi_Bnn_concrete.yaml,15fba353c758ea918a153addeb869f5fccc7e3427ee567aea5045dd8fceb6ab3,default-grid-effective-v1,fresh,15fba353c758ea918a153addeb869f5fccc7e3427ee567aea5045dd8fceb6ab3,15fba353c758ea918a153addeb869f5fccc7e3427ee567aea5045dd8fceb6ab3,10000,128,1,results/default_config_grid/SIVI/Bnn_concrete/20260501_140350,/root/ruivi/tb_logs/default_config_grid/SIVI/Bnn_concrete/20260501_140350,,/root/miniconda3/envs/ruivi/bin/python src.py --config configs/sivi_Bnn_concrete.yaml seed=42 cuda_visible_devices=0 output.results_dir=results/default_config_grid output.tb_dir=tb_logs/default_config_grid
seed42_sivi_bnn_power,completed,finalize_completed,2,,SIVI,sivi,Bnn_power,Bnn_power,42,configs/sivi_Bnn_power.yaml,b9af501fcd450db5428d831e9b2bb17dd626cfc0dad22ac922705d7916481b13,default-grid-effective-v1,fresh,b9af501fcd450db5428d831e9b2bb17dd626cfc0dad22ac922705d7916481b13,b9af501fcd450db5428d831e9b2bb17dd626cfc0dad22ac922705d7916481b13,10000,128,2,results/default_config_grid/SIVI/Bnn_power/20260501_140350,/root/ruivi/tb_logs/default_config_grid/SIVI/Bnn_power/20260501_140350,,/root/miniconda3/envs/ruivi/bin/python src.py --config configs/sivi_Bnn_power.yaml seed=42 cuda_visible_devices=0 output.results_dir=results/default_config_grid output.tb_dir=tb_logs/default_config_grid
seed42_sivi_bnn_protein,completed,finalize_completed,2,,SIVI,sivi,Bnn_protein,Bnn_protein,42,configs/sivi_Bnn_protein.yaml,f5b2c68b95ae72dcf216058f490cdf917ef9d1ee2e11f94996e0d628e26d7e7b,default-grid-effective-v1,fresh,f5b2c68b95ae72dcf216058f490cdf917ef9d1ee2e11f94996e0d628e26d7e7b,f5b2c68b95ae72dcf216058f490cdf917ef9d1ee2e11f94996e0d628e26d7e7b,10000,128,3,results/default_config_grid/SIVI/Bnn_protein/20260501_140351,/root/ruivi/tb_logs/default_config_grid/SIVI/Bnn_protein/20260501_140351,,/root/miniconda3/envs/ruivi/bin/python src.py --config configs/sivi_Bnn_protein.yaml seed=42 cuda_visible_devices=0 output.results_dir=results/default_config_grid output.tb_dir=tb_logs/default_config_grid
seed42_sivi_bnn_winered,completed,finalize_completed,2,,SIVI,sivi,Bnn_winered,Bnn_winered,42,configs/sivi_Bnn_winered.yaml,855583a7ee49e858535b7710c4b6ae88e2289bb5524fc1cfc840a4a8728ef4d6,default-grid-effective-v1,fresh,855583a7ee49e858535b7710c4b6ae88e2289bb5524fc1cfc840a4a8728ef4d6,855583a7ee49e858535b7710c4b6ae88e2289bb5524fc1cfc840a4a8728ef4d6,10000,128,2,results/default_config_grid/SIVI/Bnn_winered/20260501_140913,/root/ruivi/tb_logs/default_config_grid/SIVI/Bnn_winered/20260501_140913,,/root/miniconda3/envs/ruivi/bin/python src.py --config configs/sivi_Bnn_winered.yaml seed=42 cuda_visible_devices=0 output.results_dir=results/default_config_grid output.tb_dir=tb_logs/default_config_grid
seed42_sivi_bnn_yacht,completed,finalize_completed,2,,SIVI,sivi,Bnn_yacht,Bnn_yacht,42,configs/sivi_Bnn_yacht.yaml,0f464342c9c61974f545676cf27142ed77c7f12c21daed5cd6e20291e6fb0627,default-grid-effective-v1,fresh,0f464342c9c61974f545676cf27142ed77c7f12c21daed5cd6e20291e6fb0627,0f464342c9c61974f545676cf27142ed77c7f12c21daed5cd6e20291e6fb0627,10000,128,1,results/default_config_grid/SIVI/Bnn_yacht/20260501_141027,/root/ruivi/tb_logs/default_config_grid/SIVI/Bnn_yacht/20260501_141027,,/root/miniconda3/envs/ruivi/bin/python src.py --config configs/sivi_Bnn_yacht.yaml seed=42 cuda_visible_devices=0 output.results_dir=results/default_config_grid output.tb_dir=tb_logs/default_config_grid
seed42_sivi_langevin_post,completed,finalize_completed,2,,SIVI,sivi,Langevin_post,Langevin_post,42,configs/sivi_Langevin_post.yaml,fbd5142ec5b18d77ccc82cbd8dc3aa0eb7f8e4f9307e08f10ce7b129ba68a6a8,default-grid-effective-v1,fresh,fbd5142ec5b18d77ccc82cbd8dc3aa0eb7f8e4f9307e08f10ce7b129ba68a6a8,fbd5142ec5b18d77ccc82cbd8dc3aa0eb7f8e4f9307e08f10ce7b129ba68a6a8,10000,128,0,results/default_config_grid/SIVI/Langevin_post/20260429_220135,/root/ruivi/tb_logs/default_config_grid/SIVI/Langevin_post/20260429_220135,,/root/miniconda3/envs/ruivi/bin/python src.py --config configs/sivi_Langevin_post.yaml seed=42 cuda_visible_devices=0 output.results_dir=results/default_config_grid output.tb_dir=tb_logs/default_config_grid
seed42_sivi_lrwaveform,completed,finalize_completed,1,,SIVI,sivi,LRwaveform,LRwaveform,42,configs/sivi_LRwaveform.yaml,d57881fa17a932ad854790c40d5bcf2102a6cac6965490225fb78fe36bf9a55c,default-grid-effective-v1,fresh,d57881fa17a932ad854790c40d5bcf2102a6cac6965490225fb78fe36bf9a55c,d57881fa17a932ad854790c40d5bcf2102a6cac6965490225fb78fe36bf9a55c,10000,128,1,results/default_config_grid/SIVI/LRwaveform/20260428_043338,/root/ruivi/tb_logs/default_config_grid/SIVI/LRwaveform/20260428_043338,,/root/miniconda3/envs/ruivi/bin/python src.py --config configs/sivi_LRwaveform.yaml seed=42 cuda_visible_devices=0 output.results_dir=results/default_config_grid output.tb_dir=tb_logs/default_config_grid
seed42_sivi_multimodal,completed,finalize_completed,1,,SIVI,sivi,multimodal,multimodal,42,configs/sivi_multimodal.yaml,c59f25d620c8de4e745aab41f8bac181f4fa199c127a1ed5edb328ccb6394269,default-grid-effective-v1,fresh,c59f25d620c8de4e745aab41f8bac181f4fa199c127a1ed5edb328ccb6394269,4e09cd4bbd546659fd061c498cba8949dbee3dc85a0284952bd65abd7e4dd3fa,10000,128,0,results/default_config_grid/SIVI/multimodal/20260428_043626,/root/ruivi/tb_logs/default_config_grid/SIVI/multimodal/20260428_043626,,/root/miniconda3/envs/ruivi/bin/python src.py --config configs/sivi_multimodal.yaml seed=42 cuda_visible_devices=0 output.results_dir=results/default_config_grid output.tb_dir=tb_logs/default_config_grid
seed42_sivi_student_uc,completed,finalize_completed,1,,SIVI,sivi,student_uc,student_uc,42,configs/sivi_student_uc.yaml,b280af6d5ff88b1dd10085972b2861a4d1c6782edba46dbe275e41264fbe7041,default-grid-effective-v1,fresh,b280af6d5ff88b1dd10085972b2861a4d1c6782edba46dbe275e41264fbe7041,e47010178968d21809ad9de58007bbf2e09ea38562860c589a81a3647bf0e92a,10000,128,1,results/default_config_grid/SIVI/student_uc/20260428_043658,/root/ruivi/tb_logs/default_config_grid/SIVI/student_uc/20260428_043658,,/root/miniconda3/envs/ruivi/bin/python src.py --config configs/sivi_student_uc.yaml seed=42 cuda_visible_devices=0 output.results_dir=results/default_config_grid output.tb_dir=tb_logs/default_config_grid
seed42_sivi_x_shaped,completed,finalize_completed,1,,SIVI,sivi,x_shaped,x_shaped,42,configs/sivi_x_shaped.yaml,30eb27b67cdefb570a277ae76fbcb304967eebb4a8fbbe003bad7e37f8a1ff1b,default-grid-effective-v1,fresh,30eb27b67cdefb570a277ae76fbcb304967eebb4a8fbbe003bad7e37f8a1ff1b,5f198b0f744d8fa67196ee326a0d19ce2134aff63d0298682c30e4e10fc5d060,10000,128,2,results/default_config_grid/SIVI/x_shaped/20260428_043837,/root/ruivi/tb_logs/default_config_grid/SIVI/x_shaped/20260428_043837,,/root/miniconda3/envs/ruivi/bin/python src.py --config configs/sivi_x_shaped.yaml seed=42 cuda_visible_devices=0 output.results_dir=results/default_config_grid output.tb_dir=tb_logs/default_config_grid
seed42_uivi_8_gaussians,completed,finalize_completed,1,,UIVI,uivi,8_gaussians,8_gaussians,42,configs/uivi_8_gaussians.yaml,b85236f87b790d33b6485a26638e640eb2eb48fb6b525191c2b852f857ed0ac1,default-grid-effective-v1,fresh,b85236f87b790d33b6485a26638e640eb2eb48fb6b525191c2b852f857ed0ac1,d364f79dab55a0e56bdcb1ece418d46f011d38177cf77c75684105cc362900b0,10000,128,3,results/default_config_grid/UIVI/8_gaussians/20260428_043837,/root/ruivi/tb_logs/default_config_grid/UIVI/8_gaussians/20260428_043837,,/root/miniconda3/envs/ruivi/bin/python src.py --config configs/uivi_8_gaussians.yaml seed=42 cuda_visible_devices=0 output.results_dir=results/default_config_grid output.tb_dir=tb_logs/default_config_grid
seed42_uivi_banana,completed,finalize_completed,1,,UIVI,uivi,banana,banana,42,configs/uivi_banana.yaml,c02af30322327783f37021da11ec860e0cb737f12221331aacdccfdd4409406b,default-grid-effective-v1,fresh,c02af30322327783f37021da11ec860e0cb737f12221331aacdccfdd4409406b,bb3b94ea0317ba6b9043f17ddca14a2b8c6fd27cac26d9ef79e69ed2d99ffa2c,10000,128,0,results/default_config_grid/UIVI/banana/20260428_043903,/root/ruivi/tb_logs/default_config_grid/UIVI/banana/20260428_043903,,/root/miniconda3/envs/ruivi/bin/python src.py --config configs/uivi_banana.yaml seed=42 cuda_visible_devices=0 output.results_dir=results/default_config_grid output.tb_dir=tb_logs/default_config_grid
seed42_uivi_bnn_boston,completed,finalize_completed,2,,UIVI,uivi,Bnn_boston,Bnn_boston,42,configs/uivi_Bnn_boston.yaml,806389a999f5f0a63f0dab0b99cf36a37fc6cadc2d4aae672ba7a5640762ed63,default-grid-effective-v1,fresh,806389a999f5f0a63f0dab0b99cf36a37fc6cadc2d4aae672ba7a5640762ed63,806389a999f5f0a63f0dab0b99cf36a37fc6cadc2d4aae672ba7a5640762ed63,10000,128,3,results/default_config_grid/UIVI/Bnn_boston/20260501_141106,/root/ruivi/tb_logs/default_config_grid/UIVI/Bnn_boston/20260501_141106,,/root/miniconda3/envs/ruivi/bin/python src.py --config configs/uivi_Bnn_boston.yaml seed=42 cuda_visible_devices=0 output.results_dir=results/default_config_grid output.tb_dir=tb_logs/default_config_grid
seed42_uivi_bnn_concrete,completed,finalize_completed,2,,UIVI,uivi,Bnn_concrete,Bnn_concrete,42,configs/uivi_Bnn_concrete.yaml,cafdaa5441a5272859c2747dab6c31d48c9c1abbad5fcdac659a58ca54b4f63d,default-grid-effective-v1,fresh,cafdaa5441a5272859c2747dab6c31d48c9c1abbad5fcdac659a58ca54b4f63d,cafdaa5441a5272859c2747dab6c31d48c9c1abbad5fcdac659a58ca54b4f63d,10000,128,0,results/default_config_grid/UIVI/Bnn_concrete/20260501_141433,/root/ruivi/tb_logs/default_config_grid/UIVI/Bnn_concrete/20260501_141433,,/root/miniconda3/envs/ruivi/bin/python src.py --config configs/uivi_Bnn_concrete.yaml seed=42 cuda_visible_devices=0 output.results_dir=results/default_config_grid output.tb_dir=tb_logs/default_config_grid
seed42_uivi_bnn_power,completed,finalize_completed,2,,UIVI,uivi,Bnn_power,Bnn_power,42,configs/uivi_Bnn_power.yaml,8e205c578f5e3b15660664e5cae57be3c34fc7c7a086f2a12cbd38627044549e,default-grid-effective-v1,fresh,8e205c578f5e3b15660664e5cae57be3c34fc7c7a086f2a12cbd38627044549e,8e205c578f5e3b15660664e5cae57be3c34fc7c7a086f2a12cbd38627044549e,10000,128,1,results/default_config_grid/UIVI/Bnn_power/20260501_141558,/root/ruivi/tb_logs/default_config_grid/UIVI/Bnn_power/20260501_141558,,/root/miniconda3/envs/ruivi/bin/python src.py --config configs/uivi_Bnn_power.yaml seed=42 cuda_visible_devices=0 output.results_dir=results/default_config_grid output.tb_dir=tb_logs/default_config_grid
seed42_uivi_bnn_protein,completed,finalize_completed,2,,UIVI,uivi,Bnn_protein,Bnn_protein,42,configs/uivi_Bnn_protein.yaml,398e70362c5de4987af303f175cf2003a4f891d17d03feb14d891f3d5dde1f8a,default-grid-effective-v1,fresh,398e70362c5de4987af303f175cf2003a4f891d17d03feb14d891f3d5dde1f8a,398e70362c5de4987af303f175cf2003a4f891d17d03feb14d891f3d5dde1f8a,10000,128,2,results/default_config_grid/UIVI/Bnn_protein/20260501_142000,/root/ruivi/tb_logs/default_config_grid/UIVI/Bnn_protein/20260501_142000,,/root/miniconda3/envs/ruivi/bin/python src.py --config configs/uivi_Bnn_protein.yaml seed=42 cuda_visible_devices=0 output.results_dir=results/default_config_grid output.tb_dir=tb_logs/default_config_grid
seed42_uivi_bnn_winered,completed,finalize_completed,2,,UIVI,uivi,Bnn_winered,Bnn_winered,42,configs/uivi_Bnn_winered.yaml,826e2f554ab53b2d4c4809fedc5bf4ed7e2eca931f4949ba5916214e80dbe8c7,default-grid-effective-v1,fresh,826e2f554ab53b2d4c4809fedc5bf4ed7e2eca931f4949ba5916214e80dbe8c7,826e2f554ab53b2d4c4809fedc5bf4ed7e2eca931f4949ba5916214e80dbe8c7,10000,128,3,results/default_config_grid/UIVI/Bnn_winered/20260501_142523,/root/ruivi/tb_logs/default_config_grid/UIVI/Bnn_winered/20260501_142523,,/root/miniconda3/envs/ruivi/bin/python src.py --config configs/uivi_Bnn_winered.yaml seed=42 cuda_visible_devices=0 output.results_dir=results/default_config_grid output.tb_dir=tb_logs/default_config_grid
seed42_uivi_bnn_yacht,completed,finalize_completed,2,,UIVI,uivi,Bnn_yacht,Bnn_yacht,42,configs/uivi_Bnn_yacht.yaml,bfc4ddc3f0801dff78a473d11ca56c38cc9093c949282d85e79c5c18b1487c27,default-grid-effective-v1,fresh,bfc4ddc3f0801dff78a473d11ca56c38cc9093c949282d85e79c5c18b1487c27,bfc4ddc3f0801dff78a473d11ca56c38cc9093c949282d85e79c5c18b1487c27,10000,128,0,results/default_config_grid/UIVI/Bnn_yacht/20260501_143048,/root/ruivi/tb_logs/default_config_grid/UIVI/Bnn_yacht/20260501_143048,,/root/miniconda3/envs/ruivi/bin/python src.py --config configs/uivi_Bnn_yacht.yaml seed=42 cuda_visible_devices=0 output.results_dir=results/default_config_grid output.tb_dir=tb_logs/default_config_grid
seed42_uivi_langevin_post,completed,finalize_completed,2,,UIVI,uivi,Langevin_post,Langevin_post,42,configs/uivi_Langevin_post.yaml,0266049c58b05c86156c63b2f446d8bbcf228e4018d2ee8aa5a90e6a671322c5,default-grid-effective-v1,fresh,0266049c58b05c86156c63b2f446d8bbcf228e4018d2ee8aa5a90e6a671322c5,0266049c58b05c86156c63b2f446d8bbcf228e4018d2ee8aa5a90e6a671322c5,10000,128,1,results/default_config_grid/UIVI/Langevin_post/20260429_220136,/root/ruivi/tb_logs/default_config_grid/UIVI/Langevin_post/20260429_220136,,/root/miniconda3/envs/ruivi/bin/python src.py --config configs/uivi_Langevin_post.yaml seed=42 cuda_visible_devices=0 output.results_dir=results/default_config_grid output.tb_dir=tb_logs/default_config_grid
seed42_uivi_lrwaveform,completed,finalize_completed,1,,UIVI,uivi,LRwaveform,LRwaveform,42,configs/uivi_LRwaveform.yaml,6596be6959e9e22be98f495a88d083c73fa6bfb71b60876f5c147f75fefa88c9,default-grid-effective-v1,fresh,6596be6959e9e22be98f495a88d083c73fa6bfb71b60876f5c147f75fefa88c9,6596be6959e9e22be98f495a88d083c73fa6bfb71b60876f5c147f75fefa88c9,10000,128,1,results/default_config_grid/UIVI/LRwaveform/20260428_050451,/root/ruivi/tb_logs/default_config_grid/UIVI/LRwaveform/20260428_050451,,/root/miniconda3/envs/ruivi/bin/python src.py --config configs/uivi_LRwaveform.yaml seed=42 cuda_visible_devices=0 output.results_dir=results/default_config_grid output.tb_dir=tb_logs/default_config_grid
seed42_uivi_multimodal,completed,finalize_completed,1,,UIVI,uivi,multimodal,multimodal,42,configs/uivi_multimodal.yaml,de3775367bce0292624ae7b79cc15917e1c23dc07e94ffa5d9069de91c4bd7fa,default-grid-effective-v1,fresh,de3775367bce0292624ae7b79cc15917e1c23dc07e94ffa5d9069de91c4bd7fa,8eb2c9418b6f1f11119c914d0d515132cd9f686addbd9480a927e821c7da4fab,10000,128,3,results/default_config_grid/UIVI/multimodal/20260428_050511,/root/ruivi/tb_logs/default_config_grid/UIVI/multimodal/20260428_050511,,/root/miniconda3/envs/ruivi/bin/python src.py --config configs/uivi_multimodal.yaml seed=42 cuda_visible_devices=0 output.results_dir=results/default_config_grid output.tb_dir=tb_logs/default_config_grid
seed42_uivi_student_uc,completed,finalize_completed,1,,UIVI,uivi,student_uc,student_uc,42,configs/uivi_student_uc.yaml,f69d6db1b436f192f4f4050079142e3262dc7d14603347a6ca824f9a3d83bd20,default-grid-effective-v1,fresh,f69d6db1b436f192f4f4050079142e3262dc7d14603347a6ca824f9a3d83bd20,93c6d50ab1c68d3fc0946083971df6f18ac1b72568ebb5f67ae0fa357ddd2e8a,10000,128,2,results/default_config_grid/UIVI/student_uc/20260428_050718,/root/ruivi/tb_logs/default_config_grid/UIVI/student_uc/20260428_050718,,/root/miniconda3/envs/ruivi/bin/python src.py --config configs/uivi_student_uc.yaml seed=42 cuda_visible_devices=0 output.results_dir=results/default_config_grid output.tb_dir=tb_logs/default_config_grid
seed42_uivi_x_shaped,completed,finalize_completed,1,,UIVI,uivi,x_shaped,x_shaped,42,configs/uivi_x_shaped.yaml,6f2b1fb8e43ff1e60127b07682d557fe592c891f26bf8f16ea5ac51671295349,default-grid-effective-v1,fresh,6f2b1fb8e43ff1e60127b07682d557fe592c891f26bf8f16ea5ac51671295349,21dde45c24b33bd710f7747f4c591f83d839b2b08edc4da4b014a0663a545d0f,10000,128,0,results/default_config_grid/UIVI/x_shaped/20260428_051601,/root/ruivi/tb_logs/default_config_grid/UIVI/x_shaped/20260428_051601,,/root/miniconda3/envs/ruivi/bin/python src.py --config configs/uivi_x_shaped.yaml seed=42 cuda_visible_devices=0 output.results_dir=results/default_config_grid output.tb_dir=tb_logs/default_config_grid
seed42_aisivi_8_gaussians,completed,finalize_completed,1,,AISIVI,aisivi,8_gaussians,8_gaussians,42,configs/aisivi_8_gaussians.yaml,90f2ddfcd014bce90bd4594280c5b7612dde10f10863c8ab5f0185c66f8d7210,default-grid-effective-v1,fresh,90f2ddfcd014bce90bd4594280c5b7612dde10f10863c8ab5f0185c66f8d7210,7f9d26de5f052136e2933aadcddb5638a040d24cdc27e7c5c5e034e6f5ce004d,10000,128,0,results/default_config_grid/AISIVI/8_gaussians/20260428_052846,/root/ruivi/tb_logs/default_config_grid/AISIVI/8_gaussians/20260428_052846,,/root/miniconda3/envs/ruivi/bin/python src.py --config configs/aisivi_8_gaussians.yaml seed=42 cuda_visible_devices=0 output.results_dir=results/default_config_grid output.tb_dir=tb_logs/default_config_grid
seed42_aisivi_banana,completed,finalize_completed,1,,AISIVI,aisivi,banana,banana,42,configs/aisivi_banana.yaml,337f870cfa6080aafab3eb0dbc7b98ff5b96789bf5d111431e64e72c3c11dc10,default-grid-effective-v1,fresh,337f870cfa6080aafab3eb0dbc7b98ff5b96789bf5d111431e64e72c3c11dc10,da3f008b252da30edb05e7a557d7a07bd60ac7b150ac95b925c5b5841aea512d,10000,128,1,results/default_config_grid/AISIVI/banana/20260428_053038,/root/ruivi/tb_logs/default_config_grid/AISIVI/banana/20260428_053038,,/root/miniconda3/envs/ruivi/bin/python src.py --config configs/aisivi_banana.yaml seed=42 cuda_visible_devices=0 output.results_dir=results/default_config_grid output.tb_dir=tb_logs/default_config_grid
seed42_aisivi_bnn_boston,completed,finalize_completed,2,,AISIVI,aisivi,Bnn_boston,Bnn_boston,42,configs/aisivi_Bnn_boston.yaml,13bcecc1f285bbdfaaee9983b020dd427e00af35579b36900221de687b6e6040,default-grid-effective-v1,fresh,13bcecc1f285bbdfaaee9983b020dd427e00af35579b36900221de687b6e6040,13bcecc1f285bbdfaaee9983b020dd427e00af35579b36900221de687b6e6040,10000,128,1,results/default_config_grid/AISIVI/Bnn_boston/20260501_143048,/root/ruivi/tb_logs/default_config_grid/AISIVI/Bnn_boston/20260501_143048,,/root/miniconda3/envs/ruivi/bin/python src.py --config configs/aisivi_Bnn_boston.yaml seed=42 cuda_visible_devices=0 output.results_dir=results/default_config_grid output.tb_dir=tb_logs/default_config_grid
seed42_aisivi_bnn_concrete,completed,finalize_completed,2,,AISIVI,aisivi,Bnn_concrete,Bnn_concrete,42,configs/aisivi_Bnn_concrete.yaml,b58fbfe05dcf662ed61a1fb43cec2c6ff589721a47700922ac776d2a86c82321,default-grid-effective-v1,fresh,b58fbfe05dcf662ed61a1fb43cec2c6ff589721a47700922ac776d2a86c82321,b58fbfe05dcf662ed61a1fb43cec2c6ff589721a47700922ac776d2a86c82321,10000,128,2,results/default_config_grid/AISIVI/Bnn_concrete/20260501_143240,/root/ruivi/tb_logs/default_config_grid/AISIVI/Bnn_concrete/20260501_143240,,/root/miniconda3/envs/ruivi/bin/python src.py --config configs/aisivi_Bnn_concrete.yaml seed=42 cuda_visible_devices=0 output.results_dir=results/default_config_grid output.tb_dir=tb_logs/default_config_grid
seed42_aisivi_bnn_power,completed,finalize_completed,2,,AISIVI,aisivi,Bnn_power,Bnn_power,42,configs/aisivi_Bnn_power.yaml,c134cb8637aee9231981c244d3d66372f63218454fded8aa64e6fed45c800c39,default-grid-effective-v1,fresh,c134cb8637aee9231981c244d3d66372f63218454fded8aa64e6fed45c800c39,c134cb8637aee9231981c244d3d66372f63218454fded8aa64e6fed45c800c39,10000,128,3,results/default_config_grid/AISIVI/Bnn_power/20260501_144134,/root/ruivi/tb_logs/default_config_grid/AISIVI/Bnn_power/20260501_144134,,/root/miniconda3/envs/ruivi/bin/python src.py --config configs/aisivi_Bnn_power.yaml seed=42 cuda_visible_devices=0 output.results_dir=results/default_config_grid output.tb_dir=tb_logs/default_config_grid
seed42_aisivi_bnn_protein,completed,finalize_completed,2,,AISIVI,aisivi,Bnn_protein,Bnn_protein,42,configs/aisivi_Bnn_protein.yaml,796da4cb47817584fc65fff7ff0c56c4cad07aef524e8cc7294e96ec48bd3c53,default-grid-effective-v1,fresh,796da4cb47817584fc65fff7ff0c56c4cad07aef524e8cc7294e96ec48bd3c53,796da4cb47817584fc65fff7ff0c56c4cad07aef524e8cc7294e96ec48bd3c53,10000,128,1,results/default_config_grid/AISIVI/Bnn_protein/20260501_144219,/root/ruivi/tb_logs/default_config_grid/AISIVI/Bnn_protein/20260501_144219,,/root/miniconda3/envs/ruivi/bin/python src.py --config configs/aisivi_Bnn_protein.yaml seed=42 cuda_visible_devices=0 output.results_dir=results/default_config_grid output.tb_dir=tb_logs/default_config_grid
seed42_aisivi_bnn_winered,completed,finalize_completed,2,,AISIVI,aisivi,Bnn_winered,Bnn_winered,42,configs/aisivi_Bnn_winered.yaml,0a544a242b08928f7ac1f12daeb6e55fe8212efa034f1aeaaf3d6c8ed7b4ded8,default-grid-effective-v1,fresh,0a544a242b08928f7ac1f12daeb6e55fe8212efa034f1aeaaf3d6c8ed7b4ded8,0a544a242b08928f7ac1f12daeb6e55fe8212efa034f1aeaaf3d6c8ed7b4ded8,10000,128,2,results/default_config_grid/AISIVI/Bnn_winered/20260501_144312,/root/ruivi/tb_logs/default_config_grid/AISIVI/Bnn_winered/20260501_144312,,/root/miniconda3/envs/ruivi/bin/python src.py --config configs/aisivi_Bnn_winered.yaml seed=42 cuda_visible_devices=0 output.results_dir=results/default_config_grid output.tb_dir=tb_logs/default_config_grid
seed42_aisivi_bnn_yacht,completed,finalize_completed,2,,AISIVI,aisivi,Bnn_yacht,Bnn_yacht,42,configs/aisivi_Bnn_yacht.yaml,a1759a3ca3c3a63d655e95149c1bb1512f8259b267815852a622c5ca5d381062,default-grid-effective-v1,fresh,a1759a3ca3c3a63d655e95149c1bb1512f8259b267815852a622c5ca5d381062,a1759a3ca3c3a63d655e95149c1bb1512f8259b267815852a622c5ca5d381062,10000,128,0,results/default_config_grid/AISIVI/Bnn_yacht/20260501_144655,/root/ruivi/tb_logs/default_config_grid/AISIVI/Bnn_yacht/20260501_144655,,/root/miniconda3/envs/ruivi/bin/python src.py --config configs/aisivi_Bnn_yacht.yaml seed=42 cuda_visible_devices=0 output.results_dir=results/default_config_grid output.tb_dir=tb_logs/default_config_grid
seed42_aisivi_langevin_post,completed,finalize_completed,2,,AISIVI,aisivi,Langevin_post,Langevin_post,42,configs/aisivi_Langevin_post.yaml,1da4fea5349fed98ae94c82754a7cd98ce0b7aa53faa5a91da5366429d0e5b68,default-grid-effective-v1,fresh,1da4fea5349fed98ae94c82754a7cd98ce0b7aa53faa5a91da5366429d0e5b68,1da4fea5349fed98ae94c82754a7cd98ce0b7aa53faa5a91da5366429d0e5b68,10000,128,2,results/default_config_grid/AISIVI/Langevin_post/20260429_220136,/root/ruivi/tb_logs/default_config_grid/AISIVI/Langevin_post/20260429_220136,,/root/miniconda3/envs/ruivi/bin/python src.py --config configs/aisivi_Langevin_post.yaml seed=42 cuda_visible_devices=0 output.results_dir=results/default_config_grid output.tb_dir=tb_logs/default_config_grid
seed42_aisivi_lrwaveform,completed,finalize_completed,1,,AISIVI,aisivi,LRwaveform,LRwaveform,42,configs/aisivi_LRwaveform.yaml,16cd9ea5550ddfc62f5b47460065f2edb256c66f2986b30cdc7e0ce1d616f161,default-grid-effective-v1,fresh,16cd9ea5550ddfc62f5b47460065f2edb256c66f2986b30cdc7e0ce1d616f161,16cd9ea5550ddfc62f5b47460065f2edb256c66f2986b30cdc7e0ce1d616f161,10000,128,1,results/default_config_grid/AISIVI/LRwaveform/20260428_054602,/root/ruivi/tb_logs/default_config_grid/AISIVI/LRwaveform/20260428_054602,,/root/miniconda3/envs/ruivi/bin/python src.py --config configs/aisivi_LRwaveform.yaml seed=42 cuda_visible_devices=0 output.results_dir=results/default_config_grid output.tb_dir=tb_logs/default_config_grid
seed42_aisivi_multimodal,completed,finalize_completed,1,,AISIVI,aisivi,multimodal,multimodal,42,configs/aisivi_multimodal.yaml,b3952c888fd8fc8559948fdb1be7751737de1445eb5e362777fd5592f90c4647,default-grid-effective-v1,fresh,b3952c888fd8fc8559948fdb1be7751737de1445eb5e362777fd5592f90c4647,39357a40b142e9be8308a1916d09eb2af9e300d172dae679a9ec2460b8371186,10000,128,1,results/default_config_grid/AISIVI/multimodal/20260428_055137,/root/ruivi/tb_logs/default_config_grid/AISIVI/multimodal/20260428_055137,,/root/miniconda3/envs/ruivi/bin/python src.py --config configs/aisivi_multimodal.yaml seed=42 cuda_visible_devices=0 output.results_dir=results/default_config_grid output.tb_dir=tb_logs/default_config_grid
seed42_aisivi_student_uc,completed,finalize_completed,1,,AISIVI,aisivi,student_uc,student_uc,42,configs/aisivi_student_uc.yaml,38be226e80e6d9f8101294d0ecdae6807066ad7fe432e16500f8cd8b69a27ab4,default-grid-effective-v1,fresh,38be226e80e6d9f8101294d0ecdae6807066ad7fe432e16500f8cd8b69a27ab4,eeef4a90419086a56b0bcfcedd2e0ac4fe86298a332f5a8283bad8f318f039c9,10000,128,0,results/default_config_grid/AISIVI/student_uc/20260428_055414,/root/ruivi/tb_logs/default_config_grid/AISIVI/student_uc/20260428_055414,,/root/miniconda3/envs/ruivi/bin/python src.py --config configs/aisivi_student_uc.yaml seed=42 cuda_visible_devices=0 output.results_dir=results/default_config_grid output.tb_dir=tb_logs/default_config_grid
seed42_aisivi_x_shaped,completed,finalize_completed,1,,AISIVI,aisivi,x_shaped,x_shaped,42,configs/aisivi_x_shaped.yaml,317db10b347a18d1254534dc6d7db9c8d0a5a46d684ee2f9dd2b1525c6096c01,default-grid-effective-v1,fresh,317db10b347a18d1254534dc6d7db9c8d0a5a46d684ee2f9dd2b1525c6096c01,a8d31e0e03d7dbcae99cf64a1cfe54ebb439610ea03ab576cae84e20162a2a5d,10000,128,2,results/default_config_grid/AISIVI/x_shaped/20260428_055416,/root/ruivi/tb_logs/default_config_grid/AISIVI/x_shaped/20260428_055416,,/root/miniconda3/envs/ruivi/bin/python src.py --config configs/aisivi_x_shaped.yaml seed=42 cuda_visible_devices=0 output.results_dir=results/default_config_grid output.tb_dir=tb_logs/default_config_grid
seed42_dsivi_8_gaussians,completed,finalize_completed,1,,DSIVI,dsivi,8_gaussians,8_gaussians,42,configs/dsivi_8_gaussians.yaml,70333eb082e41e2c9b25a0ae3df4c94749ca77192695907d0217ee039536519e,default-grid-effective-v1,fresh,70333eb082e41e2c9b25a0ae3df4c94749ca77192695907d0217ee039536519e,4c5fc75d2dfeedca8ece98cf4ba9c8ee8eaff928759a4e9d71f8e66218799fc1,10000,128,3,results/default_config_grid/DSIVI/8_gaussians/20260428_055623,/root/ruivi/tb_logs/default_config_grid/DSIVI/8_gaussians/20260428_055623,,/root/miniconda3/envs/ruivi/bin/python src.py --config configs/dsivi_8_gaussians.yaml seed=42 cuda_visible_devices=0 output.results_dir=results/default_config_grid output.tb_dir=tb_logs/default_config_grid
seed42_dsivi_banana,completed,finalize_completed,1,,DSIVI,dsivi,banana,banana,42,configs/dsivi_banana.yaml,6247f14ad85938cb433c8b4e9567ff1c235339bd2d9cbbf1df75658826d83daf,default-grid-effective-v1,fresh,6247f14ad85938cb433c8b4e9567ff1c235339bd2d9cbbf1df75658826d83daf,f9151b097f1530bd6f77c2965620959afa61ab780609f759e9145c0a650e8f6c,10000,128,1,results/default_config_grid/DSIVI/banana/20260428_055736,/root/ruivi/tb_logs/default_config_grid/DSIVI/banana/20260428_055736,,/root/miniconda3/envs/ruivi/bin/python src.py --config configs/dsivi_banana.yaml seed=42 cuda_visible_devices=0 output.results_dir=results/default_config_grid output.tb_dir=tb_logs/default_config_grid
seed42_dsivi_bnn_boston,completed,finalize_completed,1,,DSIVI,dsivi,Bnn_boston,Bnn_boston,42,configs/dsivi_Bnn_boston.yaml,562d67a4657edf1105b95b460b55bf2a4cf040deb0e1e88065d1cbd7b3adcb8e,default-grid-effective-v1,fresh,562d67a4657edf1105b95b460b55bf2a4cf040deb0e1e88065d1cbd7b3adcb8e,fe19c6b7415bd1a476fe3d4cd8cacd6d14dea2ca550e347615a335431dc56722,10000,128,3,results/default_config_grid/DSIVI/Bnn_boston/20260428_055956,/root/ruivi/tb_logs/default_config_grid/DSIVI/Bnn_boston/20260428_055956,,/root/miniconda3/envs/ruivi/bin/python src.py --config configs/dsivi_Bnn_boston.yaml seed=42 cuda_visible_devices=0 output.results_dir=results/default_config_grid output.tb_dir=tb_logs/default_config_grid
seed42_dsivi_bnn_concrete,completed,finalize_completed,1,,DSIVI,dsivi,Bnn_concrete,Bnn_concrete,42,configs/dsivi_Bnn_concrete.yaml,35469a10f5d5a5cbe50692dd1aff604da751cdf7553d0649ef4372b3abe284f6,default-grid-effective-v1,fresh,35469a10f5d5a5cbe50692dd1aff604da751cdf7553d0649ef4372b3abe284f6,430ecc25f069dee4dcb39f35d9d646b77ba20b1ae762adb83e773cd2c9a96cb6,10000,128,2,results/default_config_grid/DSIVI/Bnn_concrete/20260428_060004,/root/ruivi/tb_logs/default_config_grid/DSIVI/Bnn_concrete/20260428_060004,,/root/miniconda3/envs/ruivi/bin/python src.py --config configs/dsivi_Bnn_concrete.yaml seed=42 cuda_visible_devices=0 output.results_dir=results/default_config_grid output.tb_dir=tb_logs/default_config_grid
seed42_dsivi_bnn_power,completed,finalize_completed,1,,DSIVI,dsivi,Bnn_power,Bnn_power,42,configs/dsivi_Bnn_power.yaml,7bb1578d4c139e8fdf539c49654a28f49c22ca3351a0ae4b54ee4f78e7aa66f6,default-grid-effective-v1,fresh,7bb1578d4c139e8fdf539c49654a28f49c22ca3351a0ae4b54ee4f78e7aa66f6,27f6fa01a9ba4d0fe6adcde472c968502cef1455ac4eed063295bf6894a91f62,10000,128,0,results/default_config_grid/DSIVI/Bnn_power/20260428_060006,/root/ruivi/tb_logs/default_config_grid/DSIVI/Bnn_power/20260428_060006,,/root/miniconda3/envs/ruivi/bin/python src.py --config configs/dsivi_Bnn_power.yaml seed=42 cuda_visible_devices=0 output.results_dir=results/default_config_grid output.tb_dir=tb_logs/default_config_grid
seed42_dsivi_bnn_protein,completed,finalize_completed,1,,DSIVI,dsivi,Bnn_protein,Bnn_protein,42,configs/dsivi_Bnn_protein.yaml,b2e21ea24122ad8e11f8f6c150346971feece595b954efa93b1aab76d80f6169,default-grid-effective-v1,fresh,b2e21ea24122ad8e11f8f6c150346971feece595b954efa93b1aab76d80f6169,9778828b789fc25806b67b093ea58990445136c94044f3f347b75a573579c5ee,10000,128,1,results/default_config_grid/DSIVI/Bnn_protein/20260428_060045,/root/ruivi/tb_logs/default_config_grid/DSIVI/Bnn_protein/20260428_060045,,/root/miniconda3/envs/ruivi/bin/python src.py --config configs/dsivi_Bnn_protein.yaml seed=42 cuda_visible_devices=0 output.results_dir=results/default_config_grid output.tb_dir=tb_logs/default_config_grid
seed42_dsivi_bnn_winered,completed,finalize_completed,2,,DSIVI,dsivi,Bnn_winered,Bnn_winered,42,configs/dsivi_Bnn_winered.yaml,ca8d7d174740133280cd6e25c1bad1529cfeb12cc450481c31ec0b4b8fea448d,default-grid-effective-v1,fresh,ca8d7d174740133280cd6e25c1bad1529cfeb12cc450481c31ec0b4b8fea448d,f3c96ee5b963e40a1c1aff0b24c9f2d7cc124f55382bd4762ff06bf553b89826,10000,128,3,results/default_config_grid/DSIVI/Bnn_winered/20260501_145223,/root/ruivi/tb_logs/default_config_grid/DSIVI/Bnn_winered/20260501_145223,,/root/miniconda3/envs/ruivi/bin/python src.py --config configs/dsivi_Bnn_winered.yaml seed=42 cuda_visible_devices=0 output.results_dir=results/default_config_grid output.tb_dir=tb_logs/default_config_grid
seed42_dsivi_bnn_yacht,completed,finalize_completed,2,,DSIVI,dsivi,Bnn_yacht,Bnn_yacht,42,configs/dsivi_Bnn_yacht.yaml,7a6b97e044678c21758f493d4b84726d544d5ebd69ea10e6bf04d0f5413c0b37,default-grid-effective-v1,fresh,7a6b97e044678c21758f493d4b84726d544d5ebd69ea10e6bf04d0f5413c0b37,e5c522b6b75bc27b4bb58f9aa7b6dc2f7b2eac71fd90ae30c59abaa355ce214a,10000,128,1,results/default_config_grid/DSIVI/Bnn_yacht/20260501_145259,/root/ruivi/tb_logs/default_config_grid/DSIVI/Bnn_yacht/20260501_145259,,/root/miniconda3/envs/ruivi/bin/python src.py --config configs/dsivi_Bnn_yacht.yaml seed=42 cuda_visible_devices=0 output.results_dir=results/default_config_grid output.tb_dir=tb_logs/default_config_grid
seed42_dsivi_langevin_post,completed,finalize_completed,2,,DSIVI,dsivi,Langevin_post,Langevin_post,42,configs/dsivi_Langevin_post.yaml,90f734208ed532b8e2623199b8af6be03c5990f9a1220b88f0eb50322e72944c,default-grid-effective-v1,fresh,90f734208ed532b8e2623199b8af6be03c5990f9a1220b88f0eb50322e72944c,c689728a952f6a9caa26b3fe9f14d82e6f69ae6d92b554c8390e5d5746208356,10000,128,3,results/default_config_grid/DSIVI/Langevin_post/20260429_220135,/root/ruivi/tb_logs/default_config_grid/DSIVI/Langevin_post/20260429_220135,,/root/miniconda3/envs/ruivi/bin/python src.py --config configs/dsivi_Langevin_post.yaml seed=42 cuda_visible_devices=0 output.results_dir=results/default_config_grid output.tb_dir=tb_logs/default_config_grid
seed42_dsivi_lrwaveform,completed,finalize_completed,1,,DSIVI,dsivi,LRwaveform,LRwaveform,42,configs/dsivi_LRwaveform.yaml,8f7156683787a58c608d0628ee053648d79244924bd53fbaff5818ff663207f7,default-grid-effective-v1,fresh,8f7156683787a58c608d0628ee053648d79244924bd53fbaff5818ff663207f7,841b889bfdd44e2d22890e677e3fe48513607f8597ea7593172b7feb9da54fc7,10000,128,1,results/default_config_grid/DSIVI/LRwaveform/20260428_060301,/root/ruivi/tb_logs/default_config_grid/DSIVI/LRwaveform/20260428_060301,,/root/miniconda3/envs/ruivi/bin/python src.py --config configs/dsivi_LRwaveform.yaml seed=42 cuda_visible_devices=0 output.results_dir=results/default_config_grid output.tb_dir=tb_logs/default_config_grid
seed42_dsivi_multimodal,completed,finalize_completed,1,,DSIVI,dsivi,multimodal,multimodal,42,configs/dsivi_multimodal.yaml,9ecdcfe476a8755f4cb500afd061d984b381de1c430142977b1d6e52a42d3548,default-grid-effective-v1,fresh,9ecdcfe476a8755f4cb500afd061d984b381de1c430142977b1d6e52a42d3548,5f97d82ef59a2565d18a497ceff0f69a31c42c6f5a4ec0ddc9fb392edeb93e0c,10000,128,2,results/default_config_grid/DSIVI/multimodal/20260428_060433,/root/ruivi/tb_logs/default_config_grid/DSIVI/multimodal/20260428_060433,,/root/miniconda3/envs/ruivi/bin/python src.py --config configs/dsivi_multimodal.yaml seed=42 cuda_visible_devices=0 output.results_dir=results/default_config_grid output.tb_dir=tb_logs/default_config_grid
seed42_dsivi_student_uc,completed,finalize_completed,1,,DSIVI,dsivi,student_uc,student_uc,42,configs/dsivi_student_uc.yaml,8f4752bf93506fb2d85d8a88174e0d2332e9eb0836339671606f4003d1ee5004,default-grid-effective-v1,fresh,8f4752bf93506fb2d85d8a88174e0d2332e9eb0836339671606f4003d1ee5004,74fb956ca6a9b1cef87465ed2d7851bfc69af23440cf57f9487f3dc4f3465f8d,10000,128,3,results/default_config_grid/DSIVI/student_uc/20260428_060434,/root/ruivi/tb_logs/default_config_grid/DSIVI/student_uc/20260428_060434,,/root/miniconda3/envs/ruivi/bin/python src.py --config configs/dsivi_student_uc.yaml seed=42 cuda_visible_devices=0 output.results_dir=results/default_config_grid output.tb_dir=tb_logs/default_config_grid
seed42_dsivi_x_shaped,completed,finalize_completed,1,,DSIVI,dsivi,x_shaped,x_shaped,42,configs/dsivi_x_shaped.yaml,d92c69f4bb2f3c4248525afa7e2496e344dcd3a626f13778e541a2c60673bb50,default-grid-effective-v1,fresh,d92c69f4bb2f3c4248525afa7e2496e344dcd3a626f13778e541a2c60673bb50,5bbc47f634cebc9b7b7463bf3517b6df77225342e4a6095dbc9b52320edc77e2,10000,128,1,results/default_config_grid/DSIVI/x_shaped/20260428_060620,/root/ruivi/tb_logs/default_config_grid/DSIVI/x_shaped/20260428_060620,,/root/miniconda3/envs/ruivi/bin/python src.py --config configs/dsivi_x_shaped.yaml seed=42 cuda_visible_devices=0 output.results_dir=results/default_config_grid output.tb_dir=tb_logs/default_config_grid
seed42_ksivi_8_gaussians,completed,finalize_completed,1,,KSIVI,ksivi,8_gaussians,8_gaussians,42,configs/ksivi_8_gaussians.yaml,a70026ebc5154e9abbdc0d4a69cdd7de5dd08d89aed66734263afabf3373c295,default-grid-effective-v1,fresh,a70026ebc5154e9abbdc0d4a69cdd7de5dd08d89aed66734263afabf3373c295,ef989a07ec956c80ce0a4cea3148b55f636174a591823df6a4882100ce628176,50000,128,0,results/default_config_grid/KSIVI/8_gaussians/20260428_060744,/root/ruivi/tb_logs/default_config_grid/KSIVI/8_gaussians/20260428_060744,,/root/miniconda3/envs/ruivi/bin/python src.py --config configs/ksivi_8_gaussians.yaml seed=42 cuda_visible_devices=0 output.results_dir=results/default_config_grid output.tb_dir=tb_logs/default_config_grid
seed42_ksivi_banana,completed,finalize_completed,1,,KSIVI,ksivi,banana,banana,42,configs/ksivi_banana.yaml,c9535f6d3bf07dc25903fb260771f54d67d6533e018ea28572228260a9c87717,default-grid-effective-v1,fresh,c9535f6d3bf07dc25903fb260771f54d67d6533e018ea28572228260a9c87717,bed67fcd6172910b40f4b73872ba705c64aca813b912c80f770dc1c7426958ae,50000,128,2,results/default_config_grid/KSIVI/banana/20260428_060743,/root/ruivi/tb_logs/default_config_grid/KSIVI/banana/20260428_060743,,/root/miniconda3/envs/ruivi/bin/python src.py --config configs/ksivi_banana.yaml seed=42 cuda_visible_devices=0 output.results_dir=results/default_config_grid output.tb_dir=tb_logs/default_config_grid
seed42_ksivi_bnn_boston,completed,finalize_completed,1,,KSIVI,ksivi,Bnn_boston,Bnn_boston,42,configs/ksivi_Bnn_boston.yaml,ca3c51e1ea4d67b7980337c958bcf8883c19f077007f8355eeb6887ba7a611e0,default-grid-effective-v1,fresh,ca3c51e1ea4d67b7980337c958bcf8883c19f077007f8355eeb6887ba7a611e0,ca3c51e1ea4d67b7980337c958bcf8883c19f077007f8355eeb6887ba7a611e0,100000,128,3,results/default_config_grid/KSIVI/Bnn_boston/20260428_060744,/root/ruivi/tb_logs/default_config_grid/KSIVI/Bnn_boston/20260428_060744,,/root/miniconda3/envs/ruivi/bin/python src.py --config configs/ksivi_Bnn_boston.yaml seed=42 cuda_visible_devices=0 output.results_dir=results/default_config_grid output.tb_dir=tb_logs/default_config_grid
seed42_ksivi_bnn_concrete,completed,finalize_completed,1,,KSIVI,ksivi,Bnn_concrete,Bnn_concrete,42,configs/ksivi_Bnn_concrete.yaml,79d36c9fe06e9a9099a26880f1e737eca8482e6c748203990ea5ff321ff2c7c0,default-grid-effective-v1,fresh,79d36c9fe06e9a9099a26880f1e737eca8482e6c748203990ea5ff321ff2c7c0,79d36c9fe06e9a9099a26880f1e737eca8482e6c748203990ea5ff321ff2c7c0,100000,128,1,results/default_config_grid/KSIVI/Bnn_concrete/20260428_060926,/root/ruivi/tb_logs/default_config_grid/KSIVI/Bnn_concrete/20260428_060926,,/root/miniconda3/envs/ruivi/bin/python src.py --config configs/ksivi_Bnn_concrete.yaml seed=42 cuda_visible_devices=0 output.results_dir=results/default_config_grid output.tb_dir=tb_logs/default_config_grid
seed42_ksivi_bnn_power,completed,finalize_completed,1,,KSIVI,ksivi,Bnn_power,Bnn_power,42,configs/ksivi_Bnn_power.yaml,6c4d8db418396790f6659f275e51ea62ede9bbdad5de15a3b55e551ea746315f,default-grid-effective-v1,fresh,6c4d8db418396790f6659f275e51ea62ede9bbdad5de15a3b55e551ea746315f,6c4d8db418396790f6659f275e51ea62ede9bbdad5de15a3b55e551ea746315f,100000,128,0,results/default_config_grid/KSIVI/Bnn_power/20260428_061302,/root/ruivi/tb_logs/default_config_grid/KSIVI/Bnn_power/20260428_061302,,/root/miniconda3/envs/ruivi/bin/python src.py --config configs/ksivi_Bnn_power.yaml seed=42 cuda_visible_devices=0 output.results_dir=results/default_config_grid output.tb_dir=tb_logs/default_config_grid
seed42_ksivi_bnn_protein,completed,finalize_completed,1,,KSIVI,ksivi,Bnn_protein,Bnn_protein,42,configs/ksivi_Bnn_protein.yaml,cdd7b26d0660662424823c912325c82431f0ad8a8cebb4fe9db5144401d80cbe,default-grid-effective-v1,fresh,cdd7b26d0660662424823c912325c82431f0ad8a8cebb4fe9db5144401d80cbe,cdd7b26d0660662424823c912325c82431f0ad8a8cebb4fe9db5144401d80cbe,100000,128,2,results/default_config_grid/KSIVI/Bnn_protein/20260428_061324,/root/ruivi/tb_logs/default_config_grid/KSIVI/Bnn_protein/20260428_061324,,/root/miniconda3/envs/ruivi/bin/python src.py --config configs/ksivi_Bnn_protein.yaml seed=42 cuda_visible_devices=0 output.results_dir=results/default_config_grid output.tb_dir=tb_logs/default_config_grid
seed42_ksivi_bnn_winered,completed,finalize_completed,2,,KSIVI,ksivi,Bnn_winered,Bnn_winered,42,configs/ksivi_Bnn_winered.yaml,2d5aeb9c6e28d047d2aae2adfbe75def2f72a0dab9dab676ba3e015c1b02df22,default-grid-effective-v1,fresh,2d5aeb9c6e28d047d2aae2adfbe75def2f72a0dab9dab676ba3e015c1b02df22,2d5aeb9c6e28d047d2aae2adfbe75def2f72a0dab9dab676ba3e015c1b02df22,100000,128,2,results/default_config_grid/KSIVI/Bnn_winered/20260501_145741,/root/ruivi/tb_logs/default_config_grid/KSIVI/Bnn_winered/20260501_145741,,/root/miniconda3/envs/ruivi/bin/python src.py --config configs/ksivi_Bnn_winered.yaml seed=42 cuda_visible_devices=0 output.results_dir=results/default_config_grid output.tb_dir=tb_logs/default_config_grid
seed42_ksivi_bnn_yacht,completed,finalize_completed,2,,KSIVI,ksivi,Bnn_yacht,Bnn_yacht,42,configs/ksivi_Bnn_yacht.yaml,17f3f2cf4a3496db499ef0b3c1cf8c27eca6f2faefb3e4d070b1c42d880af58f,default-grid-effective-v1,fresh,17f3f2cf4a3496db499ef0b3c1cf8c27eca6f2faefb3e4d070b1c42d880af58f,17f3f2cf4a3496db499ef0b3c1cf8c27eca6f2faefb3e4d070b1c42d880af58f,100000,128,0,results/default_config_grid/KSIVI/Bnn_yacht/20260501_145741,/root/ruivi/tb_logs/default_config_grid/KSIVI/Bnn_yacht/20260501_145741,,/root/miniconda3/envs/ruivi/bin/python src.py --config configs/ksivi_Bnn_yacht.yaml seed=42 cuda_visible_devices=0 output.results_dir=results/default_config_grid output.tb_dir=tb_logs/default_config_grid
seed42_ksivi_langevin_post,completed,finalize_completed,2,,KSIVI,ksivi,Langevin_post,Langevin_post,42,configs/ksivi_Langevin_post.yaml,7befd4b5e85685eb043f5a92665d2d62b4aa975f2dcdebb9ee21648f591a57c6,default-grid-effective-v1,fresh,7befd4b5e85685eb043f5a92665d2d62b4aa975f2dcdebb9ee21648f591a57c6,7befd4b5e85685eb043f5a92665d2d62b4aa975f2dcdebb9ee21648f591a57c6,50000,128,3,results/default_config_grid/KSIVI/Langevin_post/20260429_220656,/root/ruivi/tb_logs/default_config_grid/KSIVI/Langevin_post/20260429_220656,,/root/miniconda3/envs/ruivi/bin/python src.py --config configs/ksivi_Langevin_post.yaml seed=42 cuda_visible_devices=0 output.results_dir=results/default_config_grid output.tb_dir=tb_logs/default_config_grid
seed42_ksivi_lrwaveform,completed,finalize_completed,1,,KSIVI,ksivi,LRwaveform,LRwaveform,42,configs/ksivi_LRwaveform.yaml,53ff7b4b91212ace106a5a571fe2600dded802ff9e07b0fff0ee985c5162ce81,default-grid-effective-v1,fresh,53ff7b4b91212ace106a5a571fe2600dded802ff9e07b0fff0ee985c5162ce81,53ff7b4b91212ace106a5a571fe2600dded802ff9e07b0fff0ee985c5162ce81,50000,128,2,results/default_config_grid/KSIVI/LRwaveform/20260428_063055,/root/ruivi/tb_logs/default_config_grid/KSIVI/LRwaveform/20260428_063055,,/root/miniconda3/envs/ruivi/bin/python src.py --config configs/ksivi_LRwaveform.yaml seed=42 cuda_visible_devices=0 output.results_dir=results/default_config_grid output.tb_dir=tb_logs/default_config_grid
seed42_ksivi_multimodal,completed,finalize_completed,1,,KSIVI,ksivi,multimodal,multimodal,42,configs/ksivi_multimodal.yaml,59cd0f512507d4d926b0fd157a90b0c1e0f2a8cee58cfb48d01fbda0ae6fb274,default-grid-effective-v1,fresh,59cd0f512507d4d926b0fd157a90b0c1e0f2a8cee58cfb48d01fbda0ae6fb274,793a571812f92524c4cb2ace3427c9b7635748f7b2a29a9c900304d6e3dbdca2,50000,128,2,results/default_config_grid/KSIVI/multimodal/20260428_063610,/root/ruivi/tb_logs/default_config_grid/KSIVI/multimodal/20260428_063610,,/root/miniconda3/envs/ruivi/bin/python src.py --config configs/ksivi_multimodal.yaml seed=42 cuda_visible_devices=0 output.results_dir=results/default_config_grid output.tb_dir=tb_logs/default_config_grid
seed42_ksivi_student_uc,completed,finalize_completed,1,,KSIVI,ksivi,student_uc,student_uc,42,configs/ksivi_student_uc.yaml,89f2174c39cd0f0ff272a1d47b5d853aa6f4e8b3c7d29f0e84fd00564044608b,default-grid-effective-v1,fresh,89f2174c39cd0f0ff272a1d47b5d853aa6f4e8b3c7d29f0e84fd00564044608b,3e8f1d5d05323a2dfcaf4a21c03be0bd9d3937958920b7e556015a975986a696,50000,128,0,results/default_config_grid/KSIVI/student_uc/20260428_063925,/root/ruivi/tb_logs/default_config_grid/KSIVI/student_uc/20260428_063925,,/root/miniconda3/envs/ruivi/bin/python src.py --config configs/ksivi_student_uc.yaml seed=42 cuda_visible_devices=0 output.results_dir=results/default_config_grid output.tb_dir=tb_logs/default_config_grid
seed42_ksivi_x_shaped,completed,finalize_completed,1,,KSIVI,ksivi,x_shaped,x_shaped,42,configs/ksivi_x_shaped.yaml,4e05fe0fa4e98ffcb7adbe0077c2e661a39f613f784a2de4e2646bd244add487,default-grid-effective-v1,fresh,4e05fe0fa4e98ffcb7adbe0077c2e661a39f613f784a2de4e2646bd244add487,a3dfe1c6e0071a1d582a8001a97ed6d7222c471ebee4458c7d102051105011c4,50000,128,2,results/default_config_grid/KSIVI/x_shaped/20260428_064249,/root/ruivi/tb_logs/default_config_grid/KSIVI/x_shaped/20260428_064249,,/root/miniconda3/envs/ruivi/bin/python src.py --config configs/ksivi_x_shaped.yaml seed=42 cuda_visible_devices=0 output.results_dir=results/default_config_grid output.tb_dir=tb_logs/default_config_grid
seed43_sivi_8_gaussians,completed,finalize_completed,1,,SIVI,sivi,8_gaussians,8_gaussians,43,configs/sivi_8_gaussians.yaml,589cea593158cdd86f3b2f09d344cb53b4f048e2673e8889e0914da77dc9d69a,default-grid-effective-v1,fresh,589cea593158cdd86f3b2f09d344cb53b4f048e2673e8889e0914da77dc9d69a,2e0b97e0cba0a1b60749123c0c55704fd8b7e922d67174913163296f09fa72be,10000,128,3,results/default_config_grid/SIVI/8_gaussians/20260428_064309,/root/ruivi/tb_logs/default_config_grid/SIVI/8_gaussians/20260428_064309,,/root/miniconda3/envs/ruivi/bin/python src.py --config configs/sivi_8_gaussians.yaml seed=43 cuda_visible_devices=0 output.results_dir=results/default_config_grid output.tb_dir=tb_logs/default_config_grid
seed43_sivi_banana,completed,finalize_completed,1,,SIVI,sivi,banana,banana,43,configs/sivi_banana.yaml,9e2c7bdc7fae31032871cb3a0d4e9bac3310682327bfbf6e0c7935ca0086f466,default-grid-effective-v1,fresh,9e2c7bdc7fae31032871cb3a0d4e9bac3310682327bfbf6e0c7935ca0086f466,54f10b8aa7c760c7e00e524ba1d87d97d9c515b9bc47a7965d640068623726a0,10000,128,1,results/default_config_grid/SIVI/banana/20260428_064431,/root/ruivi/tb_logs/default_config_grid/SIVI/banana/20260428_064431,,/root/miniconda3/envs/ruivi/bin/python src.py --config configs/sivi_banana.yaml seed=43 cuda_visible_devices=0 output.results_dir=results/default_config_grid output.tb_dir=tb_logs/default_config_grid
seed43_sivi_bnn_boston,completed,finalize_completed,2,,SIVI,sivi,Bnn_boston,Bnn_boston,43,configs/sivi_Bnn_boston.yaml,f7371897abbdff0131267fe6696ef33dd1ccd660fd4b92ca4d0ee84b9865d1b4,default-grid-effective-v1,fresh,f7371897abbdff0131267fe6696ef33dd1ccd660fd4b92ca4d0ee84b9865d1b4,f7371897abbdff0131267fe6696ef33dd1ccd660fd4b92ca4d0ee84b9865d1b4,10000,128,1,results/default_config_grid/SIVI/Bnn_boston/20260501_145741,/root/ruivi/tb_logs/default_config_grid/SIVI/Bnn_boston/20260501_145741,,/root/miniconda3/envs/ruivi/bin/python src.py --config configs/sivi_Bnn_boston.yaml seed=43 cuda_visible_devices=0 output.results_dir=results/default_config_grid output.tb_dir=tb_logs/default_config_grid
seed43_sivi_bnn_concrete,completed,finalize_completed,2,,SIVI,sivi,Bnn_concrete,Bnn_concrete,43,configs/sivi_Bnn_concrete.yaml,960c33d53f93eb065a72b9daab6f1a1cf70f30e84b34a54e3704196c73390f74,default-grid-effective-v1,fresh,960c33d53f93eb065a72b9daab6f1a1cf70f30e84b34a54e3704196c73390f74,960c33d53f93eb065a72b9daab6f1a1cf70f30e84b34a54e3704196c73390f74,10000,128,3,results/default_config_grid/SIVI/Bnn_concrete/20260501_145741,/root/ruivi/tb_logs/default_config_grid/SIVI/Bnn_concrete/20260501_145741,,/root/miniconda3/envs/ruivi/bin/python src.py --config configs/sivi_Bnn_concrete.yaml seed=43 cuda_visible_devices=0 output.results_dir=results/default_config_grid output.tb_dir=tb_logs/default_config_grid
seed43_sivi_bnn_power,completed,finalize_completed,2,,SIVI,sivi,Bnn_power,Bnn_power,43,configs/sivi_Bnn_power.yaml,aff55bb61ecaa8a625f8baebcfc79fa1aa6b173980a2791210a9cb481fa41950,default-grid-effective-v1,fresh,aff55bb61ecaa8a625f8baebcfc79fa1aa6b173980a2791210a9cb481fa41950,aff55bb61ecaa8a625f8baebcfc79fa1aa6b173980a2791210a9cb481fa41950,10000,128,3,results/default_config_grid/SIVI/Bnn_power/20260501_150418,/root/ruivi/tb_logs/default_config_grid/SIVI/Bnn_power/20260501_150418,,/root/miniconda3/envs/ruivi/bin/python src.py --config configs/sivi_Bnn_power.yaml seed=43 cuda_visible_devices=0 output.results_dir=results/default_config_grid output.tb_dir=tb_logs/default_config_grid
seed43_sivi_bnn_protein,completed,finalize_completed,2,,SIVI,sivi,Bnn_protein,Bnn_protein,43,configs/sivi_Bnn_protein.yaml,11c643984c3f38594d6c49e331a002de810964c7f48ed30e2b01b7df94c41d86,default-grid-effective-v1,fresh,11c643984c3f38594d6c49e331a002de810964c7f48ed30e2b01b7df94c41d86,11c643984c3f38594d6c49e331a002de810964c7f48ed30e2b01b7df94c41d86,10000,128,1,results/default_config_grid/SIVI/Bnn_protein/20260501_150828,/root/ruivi/tb_logs/default_config_grid/SIVI/Bnn_protein/20260501_150828,,/root/miniconda3/envs/ruivi/bin/python src.py --config configs/sivi_Bnn_protein.yaml seed=43 cuda_visible_devices=0 output.results_dir=results/default_config_grid output.tb_dir=tb_logs/default_config_grid
seed43_sivi_bnn_winered,completed,finalize_completed,2,,SIVI,sivi,Bnn_winered,Bnn_winered,43,configs/sivi_Bnn_winered.yaml,cdb94163a95ac72738fbb7a5493d6009cabd5b7161d91a90c0caa248abcc2bf9,default-grid-effective-v1,fresh,cdb94163a95ac72738fbb7a5493d6009cabd5b7161d91a90c0caa248abcc2bf9,cdb94163a95ac72738fbb7a5493d6009cabd5b7161d91a90c0caa248abcc2bf9,10000,128,3,results/default_config_grid/SIVI/Bnn_winered/20260501_150847,/root/ruivi/tb_logs/default_config_grid/SIVI/Bnn_winered/20260501_150847,,/root/miniconda3/envs/ruivi/bin/python src.py --config configs/sivi_Bnn_winered.yaml seed=43 cuda_visible_devices=0 output.results_dir=results/default_config_grid output.tb_dir=tb_logs/default_config_grid
seed43_sivi_bnn_yacht,completed,finalize_completed,2,,SIVI,sivi,Bnn_yacht,Bnn_yacht,43,configs/sivi_Bnn_yacht.yaml,d1b04c06c22b36f3fe123d6b85d79108a077a87ae5b8902af27ae7b15b7d7221,default-grid-effective-v1,fresh,d1b04c06c22b36f3fe123d6b85d79108a077a87ae5b8902af27ae7b15b7d7221,d1b04c06c22b36f3fe123d6b85d79108a077a87ae5b8902af27ae7b15b7d7221,10000,128,0,results/default_config_grid/SIVI/Bnn_yacht/20260501_151441,/root/ruivi/tb_logs/default_config_grid/SIVI/Bnn_yacht/20260501_151441,,/root/miniconda3/envs/ruivi/bin/python src.py --config configs/sivi_Bnn_yacht.yaml seed=43 cuda_visible_devices=0 output.results_dir=results/default_config_grid output.tb_dir=tb_logs/default_config_grid
seed43_sivi_langevin_post,completed,finalize_completed,2,,SIVI,sivi,Langevin_post,Langevin_post,43,configs/sivi_Langevin_post.yaml,c0a47fc9fcb5efc2427b46f9f552729d86cae30f2e443971be79d0ba267d3335,default-grid-effective-v1,fresh,c0a47fc9fcb5efc2427b46f9f552729d86cae30f2e443971be79d0ba267d3335,c0a47fc9fcb5efc2427b46f9f552729d86cae30f2e443971be79d0ba267d3335,10000,128,0,results/default_config_grid/SIVI/Langevin_post/20260429_220705,/root/ruivi/tb_logs/default_config_grid/SIVI/Langevin_post/20260429_220705,,/root/miniconda3/envs/ruivi/bin/python src.py --config configs/sivi_Langevin_post.yaml seed=43 cuda_visible_devices=0 output.results_dir=results/default_config_grid output.tb_dir=tb_logs/default_config_grid
seed43_sivi_lrwaveform,completed,finalize_completed,1,,SIVI,sivi,LRwaveform,LRwaveform,43,configs/sivi_LRwaveform.yaml,d13e90bf1f965e1b5d126694d7f46274ec8b4346f1a2e813befa7c10b24fe997,default-grid-effective-v1,fresh,d13e90bf1f965e1b5d126694d7f46274ec8b4346f1a2e813befa7c10b24fe997,d13e90bf1f965e1b5d126694d7f46274ec8b4346f1a2e813befa7c10b24fe997,10000,128,2,results/default_config_grid/SIVI/LRwaveform/20260428_065701,/root/ruivi/tb_logs/default_config_grid/SIVI/LRwaveform/20260428_065701,,/root/miniconda3/envs/ruivi/bin/python src.py --config configs/sivi_LRwaveform.yaml seed=43 cuda_visible_devices=0 output.results_dir=results/default_config_grid output.tb_dir=tb_logs/default_config_grid
seed43_sivi_multimodal,completed,finalize_completed,1,,SIVI,sivi,multimodal,multimodal,43,configs/sivi_multimodal.yaml,def30ee9ccb4d02f79e684dfc301dce2bc8a688e7af5de4b9b3f3d58cf377344,default-grid-effective-v1,fresh,def30ee9ccb4d02f79e684dfc301dce2bc8a688e7af5de4b9b3f3d58cf377344,b2e16eca69e89c7a52dcc556ffc468f82aef99e3c1e24fb0ddc9000cf8eebb2a,10000,128,3,results/default_config_grid/SIVI/multimodal/20260428_065849,/root/ruivi/tb_logs/default_config_grid/SIVI/multimodal/20260428_065849,,/root/miniconda3/envs/ruivi/bin/python src.py --config configs/sivi_multimodal.yaml seed=43 cuda_visible_devices=0 output.results_dir=results/default_config_grid output.tb_dir=tb_logs/default_config_grid
seed43_sivi_student_uc,completed,finalize_completed,1,,SIVI,sivi,student_uc,student_uc,43,configs/sivi_student_uc.yaml,0edc6f460355498e594e373fa0b0f4c4eb0362fdc845c07ed1db3479eacbf24e,default-grid-effective-v1,fresh,0edc6f460355498e594e373fa0b0f4c4eb0362fdc845c07ed1db3479eacbf24e,ff856275389accedffc8d69589cd55b8a97ab96b54746b382a07565ddde18f9f,10000,128,0,results/default_config_grid/SIVI/student_uc/20260428_070030,/root/ruivi/tb_logs/default_config_grid/SIVI/student_uc/20260428_070030,,/root/miniconda3/envs/ruivi/bin/python src.py --config configs/sivi_student_uc.yaml seed=43 cuda_visible_devices=0 output.results_dir=results/default_config_grid output.tb_dir=tb_logs/default_config_grid
seed43_sivi_x_shaped,completed,finalize_completed,1,,SIVI,sivi,x_shaped,x_shaped,43,configs/sivi_x_shaped.yaml,931ded02889c30d973b92a4495a219c8bbe4ee254acf887da3c0ce9f74e6229d,default-grid-effective-v1,fresh,931ded02889c30d973b92a4495a219c8bbe4ee254acf887da3c0ce9f74e6229d,5001ab7890b241e00d799149f967a3f66dcccde86893b92ee28852b5181368b8,10000,128,1,results/default_config_grid/SIVI/x_shaped/20260428_070030,/root/ruivi/tb_logs/default_config_grid/SIVI/x_shaped/20260428_070030,,/root/miniconda3/envs/ruivi/bin/python src.py --config configs/sivi_x_shaped.yaml seed=43 cuda_visible_devices=0 output.results_dir=results/default_config_grid output.tb_dir=tb_logs/default_config_grid
seed43_uivi_8_gaussians,completed,finalize_completed,1,,UIVI,uivi,8_gaussians,8_gaussians,43,configs/uivi_8_gaussians.yaml,512caccd8662f52f78eafea7061a48cb5d8cf368b122aeb55891173c3ca08e8b,default-grid-effective-v1,fresh,512caccd8662f52f78eafea7061a48cb5d8cf368b122aeb55891173c3ca08e8b,3b36f458f7224c8e0e561c8b212e023b39c898b505aa69b5c2e0dc0297e69b5b,10000,128,2,results/default_config_grid/UIVI/8_gaussians/20260428_070030,/root/ruivi/tb_logs/default_config_grid/UIVI/8_gaussians/20260428_070030,,/root/miniconda3/envs/ruivi/bin/python src.py --config configs/uivi_8_gaussians.yaml seed=43 cuda_visible_devices=0 output.results_dir=results/default_config_grid output.tb_dir=tb_logs/default_config_grid
seed43_uivi_banana,completed,finalize_completed,1,,UIVI,uivi,banana,banana,43,configs/uivi_banana.yaml,1efa8dc4d39611e323c9feeb7a7d3539e29862f4108b6d9b3501e125947e2ca7,default-grid-effective-v1,fresh,1efa8dc4d39611e323c9feeb7a7d3539e29862f4108b6d9b3501e125947e2ca7,82f440c18aa3690f035dc4de91909d794f9ce6b5a2a65df4f73847f97a5fafdf,10000,128,3,results/default_config_grid/UIVI/banana/20260428_070126,/root/ruivi/tb_logs/default_config_grid/UIVI/banana/20260428_070126,,/root/miniconda3/envs/ruivi/bin/python src.py --config configs/uivi_banana.yaml seed=43 cuda_visible_devices=0 output.results_dir=results/default_config_grid output.tb_dir=tb_logs/default_config_grid
seed43_uivi_bnn_boston,completed,finalize_completed,2,,UIVI,uivi,Bnn_boston,Bnn_boston,43,configs/uivi_Bnn_boston.yaml,ac3133c3c9330c3d7ddf893e76ae020d1234205cacc2fd46d80a1a49cd2fe194,default-grid-effective-v1,fresh,ac3133c3c9330c3d7ddf893e76ae020d1234205cacc2fd46d80a1a49cd2fe194,ac3133c3c9330c3d7ddf893e76ae020d1234205cacc2fd46d80a1a49cd2fe194,10000,128,2,results/default_config_grid/UIVI/Bnn_boston/20260501_151504,/root/ruivi/tb_logs/default_config_grid/UIVI/Bnn_boston/20260501_151504,,/root/miniconda3/envs/ruivi/bin/python src.py --config configs/uivi_Bnn_boston.yaml seed=43 cuda_visible_devices=0 output.results_dir=results/default_config_grid output.tb_dir=tb_logs/default_config_grid
seed43_uivi_bnn_concrete,completed,finalize_completed,2,,UIVI,uivi,Bnn_concrete,Bnn_concrete,43,configs/uivi_Bnn_concrete.yaml,91ee9d5215ecefcda011da73478dd552b78de94dc01edea03508cee7bb369903,default-grid-effective-v1,fresh,91ee9d5215ecefcda011da73478dd552b78de94dc01edea03508cee7bb369903,91ee9d5215ecefcda011da73478dd552b78de94dc01edea03508cee7bb369903,10000,128,1,results/default_config_grid/UIVI/Bnn_concrete/20260501_151543,/root/ruivi/tb_logs/default_config_grid/UIVI/Bnn_concrete/20260501_151543,,/root/miniconda3/envs/ruivi/bin/python src.py --config configs/uivi_Bnn_concrete.yaml seed=43 cuda_visible_devices=0 output.results_dir=results/default_config_grid output.tb_dir=tb_logs/default_config_grid
seed43_uivi_bnn_power,completed,finalize_completed,2,,UIVI,uivi,Bnn_power,Bnn_power,43,configs/uivi_Bnn_power.yaml,bd2d86f0c601a8651bee6f8af6fa83b1bc621f5c58a7742fbac2a7e06fd05e46,default-grid-effective-v1,fresh,bd2d86f0c601a8651bee6f8af6fa83b1bc621f5c58a7742fbac2a7e06fd05e46,bd2d86f0c601a8651bee6f8af6fa83b1bc621f5c58a7742fbac2a7e06fd05e46,10000,128,3,results/default_config_grid/UIVI/Bnn_power/20260501_151910,/root/ruivi/tb_logs/default_config_grid/UIVI/Bnn_power/20260501_151910,,/root/miniconda3/envs/ruivi/bin/python src.py --config configs/uivi_Bnn_power.yaml seed=43 cuda_visible_devices=0 output.results_dir=results/default_config_grid output.tb_dir=tb_logs/default_config_grid
seed43_uivi_bnn_protein,completed,finalize_completed,2,,UIVI,uivi,Bnn_protein,Bnn_protein,43,configs/uivi_Bnn_protein.yaml,ba5cecb6d2b1e91ccbf9430cca0b99ecc6ed629cbdb0fc51f24d24aa63c11ef3,default-grid-effective-v1,fresh,ba5cecb6d2b1e91ccbf9430cca0b99ecc6ed629cbdb0fc51f24d24aa63c11ef3,ba5cecb6d2b1e91ccbf9430cca0b99ecc6ed629cbdb0fc51f24d24aa63c11ef3,10000,128,0,results/default_config_grid/UIVI/Bnn_protein/20260501_152014,/root/ruivi/tb_logs/default_config_grid/UIVI/Bnn_protein/20260501_152014,,/root/miniconda3/envs/ruivi/bin/python src.py --config configs/uivi_Bnn_protein.yaml seed=43 cuda_visible_devices=0 output.results_dir=results/default_config_grid output.tb_dir=tb_logs/default_config_grid
seed43_uivi_bnn_winered,completed,finalize_completed,2,,UIVI,uivi,Bnn_winered,Bnn_winered,43,configs/uivi_Bnn_winered.yaml,88af7f4212da2127b004b66b8bd3c6ac7aabc2c845c0c506f06eba0729f57f84,default-grid-effective-v1,fresh,88af7f4212da2127b004b66b8bd3c6ac7aabc2c845c0c506f06eba0729f57f84,88af7f4212da2127b004b66b8bd3c6ac7aabc2c845c0c506f06eba0729f57f84,10000,128,1,results/default_config_grid/UIVI/Bnn_winered/20260501_152954,/root/ruivi/tb_logs/default_config_grid/UIVI/Bnn_winered/20260501_152954,,/root/miniconda3/envs/ruivi/bin/python src.py --config configs/uivi_Bnn_winered.yaml seed=43 cuda_visible_devices=0 output.results_dir=results/default_config_grid output.tb_dir=tb_logs/default_config_grid
seed43_uivi_bnn_yacht,completed,finalize_completed,2,,UIVI,uivi,Bnn_yacht,Bnn_yacht,43,configs/uivi_Bnn_yacht.yaml,709eb09418f06bf32c2213ec760c60ddeb0eb219572a0716f65ca115f8a5b95f,default-grid-effective-v1,fresh,709eb09418f06bf32c2213ec760c60ddeb0eb219572a0716f65ca115f8a5b95f,709eb09418f06bf32c2213ec760c60ddeb0eb219572a0716f65ca115f8a5b95f,10000,128,2,results/default_config_grid/UIVI/Bnn_yacht/20260501_152955,/root/ruivi/tb_logs/default_config_grid/UIVI/Bnn_yacht/20260501_152955,,/root/miniconda3/envs/ruivi/bin/python src.py --config configs/uivi_Bnn_yacht.yaml seed=43 cuda_visible_devices=0 output.results_dir=results/default_config_grid output.tb_dir=tb_logs/default_config_grid
seed43_uivi_langevin_post,completed,finalize_completed,2,,UIVI,uivi,Langevin_post,Langevin_post,43,configs/uivi_Langevin_post.yaml,45426b372fb0f4fd9a55ef51b34e0fb0348e0dcc75cafd87b08732438d02781d,default-grid-effective-v1,fresh,45426b372fb0f4fd9a55ef51b34e0fb0348e0dcc75cafd87b08732438d02781d,45426b372fb0f4fd9a55ef51b34e0fb0348e0dcc75cafd87b08732438d02781d,10000,128,0,results/default_config_grid/UIVI/Langevin_post/20260429_221235,/root/ruivi/tb_logs/default_config_grid/UIVI/Langevin_post/20260429_221235,,/root/miniconda3/envs/ruivi/bin/python src.py --config configs/uivi_Langevin_post.yaml seed=43 cuda_visible_devices=0 output.results_dir=results/default_config_grid output.tb_dir=tb_logs/default_config_grid
seed43_uivi_lrwaveform,completed,finalize_completed,1,,UIVI,uivi,LRwaveform,LRwaveform,43,configs/uivi_LRwaveform.yaml,ae665d8003e89fdf825f97a239b258638c78eafe1ce3abea12568c874af9bcad,default-grid-effective-v1,fresh,ae665d8003e89fdf825f97a239b258638c78eafe1ce3abea12568c874af9bcad,ae665d8003e89fdf825f97a239b258638c78eafe1ce3abea12568c874af9bcad,10000,128,3,results/default_config_grid/UIVI/LRwaveform/20260428_072713,/root/ruivi/tb_logs/default_config_grid/UIVI/LRwaveform/20260428_072713,,/root/miniconda3/envs/ruivi/bin/python src.py --config configs/uivi_LRwaveform.yaml seed=43 cuda_visible_devices=0 output.results_dir=results/default_config_grid output.tb_dir=tb_logs/default_config_grid
seed43_uivi_multimodal,completed,finalize_completed,1,,UIVI,uivi,multimodal,multimodal,43,configs/uivi_multimodal.yaml,747c20f8877c38f83a5fe61d193f294d3a61e658ab5259106e8ace4cd60ba13d,default-grid-effective-v1,fresh,747c20f8877c38f83a5fe61d193f294d3a61e658ab5259106e8ace4cd60ba13d,101e73f5628e58de65c6c1604bbce7bc68f6925cc4d8df02f1e9689849b7e15c,10000,128,1,results/default_config_grid/UIVI/multimodal/20260428_072725,/root/ruivi/tb_logs/default_config_grid/UIVI/multimodal/20260428_072725,,/root/miniconda3/envs/ruivi/bin/python src.py --config configs/uivi_multimodal.yaml seed=43 cuda_visible_devices=0 output.results_dir=results/default_config_grid output.tb_dir=tb_logs/default_config_grid
seed43_uivi_student_uc,completed,finalize_completed,1,,UIVI,uivi,student_uc,student_uc,43,configs/uivi_student_uc.yaml,3406e575d8f0d1845ff166c100ea930d3ee62e9b47397c540735a4287c82f087,default-grid-effective-v1,fresh,3406e575d8f0d1845ff166c100ea930d3ee62e9b47397c540735a4287c82f087,fc2d9ea28df0502adae1a290ca3181d014547d010df106ba786749972f86beab,10000,128,0,results/default_config_grid/UIVI/student_uc/20260428_072731,/root/ruivi/tb_logs/default_config_grid/UIVI/student_uc/20260428_072731,,/root/miniconda3/envs/ruivi/bin/python src.py --config configs/uivi_student_uc.yaml seed=43 cuda_visible_devices=0 output.results_dir=results/default_config_grid output.tb_dir=tb_logs/default_config_grid
seed43_uivi_x_shaped,completed,finalize_completed,1,,UIVI,uivi,x_shaped,x_shaped,43,configs/uivi_x_shaped.yaml,3b88837cd9b968e41b57840a8ba66c7f83efd88017f3e369e60ca52a37cde406,default-grid-effective-v1,fresh,3b88837cd9b968e41b57840a8ba66c7f83efd88017f3e369e60ca52a37cde406,470985336f7ba4dbc78ad7c551d9b7fdfcb142443eff0897d771cea0db41c677,10000,128,2,results/default_config_grid/UIVI/x_shaped/20260428_073822,/root/ruivi/tb_logs/default_config_grid/UIVI/x_shaped/20260428_073822,,/root/miniconda3/envs/ruivi/bin/python src.py --config configs/uivi_x_shaped.yaml seed=43 cuda_visible_devices=0 output.results_dir=results/default_config_grid output.tb_dir=tb_logs/default_config_grid
seed43_aisivi_8_gaussians,completed,finalize_completed,1,,AISIVI,aisivi,8_gaussians,8_gaussians,43,configs/aisivi_8_gaussians.yaml,029e689fd83ab8c085711bb2a52fcda4ad5b3c0f0e238e8f4a020d4cb2741150,default-grid-effective-v1,fresh,029e689fd83ab8c085711bb2a52fcda4ad5b3c0f0e238e8f4a020d4cb2741150,1c675878148e604167444f0a27db9de0e5f4444ec6d9f74b2e65c07aa7a393c6,10000,128,2,results/default_config_grid/AISIVI/8_gaussians/20260428_075233,/root/ruivi/tb_logs/default_config_grid/AISIVI/8_gaussians/20260428_075233,,/root/miniconda3/envs/ruivi/bin/python src.py --config configs/aisivi_8_gaussians.yaml seed=43 cuda_visible_devices=0 output.results_dir=results/default_config_grid output.tb_dir=tb_logs/default_config_grid
seed43_aisivi_banana,completed,finalize_completed,1,,AISIVI,aisivi,banana,banana,43,configs/aisivi_banana.yaml,66049b203bf4b03c4aba99a7c9167a36aec43da4ebf82ad230894015b011b628,default-grid-effective-v1,fresh,66049b203bf4b03c4aba99a7c9167a36aec43da4ebf82ad230894015b011b628,ecad592bc0d54e648a4d4326de6ffe2f8c31ff4b936f8b87169cc568f853c2af,10000,128,0,results/default_config_grid/AISIVI/banana/20260428_075413,/root/ruivi/tb_logs/default_config_grid/AISIVI/banana/20260428_075413,,/root/miniconda3/envs/ruivi/bin/python src.py --config configs/aisivi_banana.yaml seed=43 cuda_visible_devices=0 output.results_dir=results/default_config_grid output.tb_dir=tb_logs/default_config_grid
seed43_aisivi_bnn_boston,completed,finalize_completed,2,,AISIVI,aisivi,Bnn_boston,Bnn_boston,43,configs/aisivi_Bnn_boston.yaml,176cc58a7873008638eb6fee058a8202a7e95f45bb95d6f5361bc573713112b0,default-grid-effective-v1,fresh,176cc58a7873008638eb6fee058a8202a7e95f45bb95d6f5361bc573713112b0,176cc58a7873008638eb6fee058a8202a7e95f45bb95d6f5361bc573713112b0,10000,128,3,results/default_config_grid/AISIVI/Bnn_boston/20260501_153142,/root/ruivi/tb_logs/default_config_grid/AISIVI/Bnn_boston/20260501_153142,,/root/miniconda3/envs/ruivi/bin/python src.py --config configs/aisivi_Bnn_boston.yaml seed=43 cuda_visible_devices=0 output.results_dir=results/default_config_grid output.tb_dir=tb_logs/default_config_grid
seed43_aisivi_bnn_concrete,completed,finalize_completed,2,,AISIVI,aisivi,Bnn_concrete,Bnn_concrete,43,configs/aisivi_Bnn_concrete.yaml,4c05b7b9454f057d0082af856bc16b8236334dd9bef91ba9c35eebc87ed0d04c,default-grid-effective-v1,fresh,4c05b7b9454f057d0082af856bc16b8236334dd9bef91ba9c35eebc87ed0d04c,4c05b7b9454f057d0082af856bc16b8236334dd9bef91ba9c35eebc87ed0d04c,10000,128,0,results/default_config_grid/AISIVI/Bnn_concrete/20260501_153520,/root/ruivi/tb_logs/default_config_grid/AISIVI/Bnn_concrete/20260501_153520,,/root/miniconda3/envs/ruivi/bin/python src.py --config configs/aisivi_Bnn_concrete.yaml seed=43 cuda_visible_devices=0 output.results_dir=results/default_config_grid output.tb_dir=tb_logs/default_config_grid
seed43_aisivi_bnn_power,completed,finalize_completed,2,,AISIVI,aisivi,Bnn_power,Bnn_power,43,configs/aisivi_Bnn_power.yaml,6ecd2e0d18e3cd5fff1c7323a78b1f6680ade26a9ff1c4bf2514ad87052a436c,default-grid-effective-v1,fresh,6ecd2e0d18e3cd5fff1c7323a78b1f6680ade26a9ff1c4bf2514ad87052a436c,6ecd2e0d18e3cd5fff1c7323a78b1f6680ade26a9ff1c4bf2514ad87052a436c,10000,128,0,results/default_config_grid/AISIVI/Bnn_power/20260501_154605,/root/ruivi/tb_logs/default_config_grid/AISIVI/Bnn_power/20260501_154605,,/root/miniconda3/envs/ruivi/bin/python src.py --config configs/aisivi_Bnn_power.yaml seed=43 cuda_visible_devices=0 output.results_dir=results/default_config_grid output.tb_dir=tb_logs/default_config_grid
seed43_aisivi_bnn_protein,completed,finalize_completed,2,,AISIVI,aisivi,Bnn_protein,Bnn_protein,43,configs/aisivi_Bnn_protein.yaml,b984ab56fedfb9a3c867605a08457b4d7f3c963466ec44f234ff04c5a9bfbc0d,default-grid-effective-v1,fresh,b984ab56fedfb9a3c867605a08457b4d7f3c963466ec44f234ff04c5a9bfbc0d,b984ab56fedfb9a3c867605a08457b4d7f3c963466ec44f234ff04c5a9bfbc0d,10000,128,1,results/default_config_grid/AISIVI/Bnn_protein/20260501_154605,/root/ruivi/tb_logs/default_config_grid/AISIVI/Bnn_protein/20260501_154605,,/root/miniconda3/envs/ruivi/bin/python src.py --config configs/aisivi_Bnn_protein.yaml seed=43 cuda_visible_devices=0 output.results_dir=results/default_config_grid output.tb_dir=tb_logs/default_config_grid
seed43_aisivi_bnn_winered,completed,finalize_completed,2,,AISIVI,aisivi,Bnn_winered,Bnn_winered,43,configs/aisivi_Bnn_winered.yaml,601932f448e8a65d455179ceeeb8e25c92fcb2d2c780a6d9257b0ca9592817e7,default-grid-effective-v1,fresh,601932f448e8a65d455179ceeeb8e25c92fcb2d2c780a6d9257b0ca9592817e7,601932f448e8a65d455179ceeeb8e25c92fcb2d2c780a6d9257b0ca9592817e7,10000,128,2,results/default_config_grid/AISIVI/Bnn_winered/20260501_154605,/root/ruivi/tb_logs/default_config_grid/AISIVI/Bnn_winered/20260501_154605,,/root/miniconda3/envs/ruivi/bin/python src.py --config configs/aisivi_Bnn_winered.yaml seed=43 cuda_visible_devices=0 output.results_dir=results/default_config_grid output.tb_dir=tb_logs/default_config_grid
seed43_aisivi_bnn_yacht,completed,finalize_completed,2,,AISIVI,aisivi,Bnn_yacht,Bnn_yacht,43,configs/aisivi_Bnn_yacht.yaml,1cc61ffb5cda34ec346d7479fd3a53f53de80c2cd4b0a22787b2e2a09a4c72a8,default-grid-effective-v1,fresh,1cc61ffb5cda34ec346d7479fd3a53f53de80c2cd4b0a22787b2e2a09a4c72a8,1cc61ffb5cda34ec346d7479fd3a53f53de80c2cd4b0a22787b2e2a09a4c72a8,10000,128,3,results/default_config_grid/AISIVI/Bnn_yacht/20260501_154605,/root/ruivi/tb_logs/default_config_grid/AISIVI/Bnn_yacht/20260501_154605,,/root/miniconda3/envs/ruivi/bin/python src.py --config configs/aisivi_Bnn_yacht.yaml seed=43 cuda_visible_devices=0 output.results_dir=results/default_config_grid output.tb_dir=tb_logs/default_config_grid
seed43_aisivi_langevin_post,completed,finalize_completed,2,,AISIVI,aisivi,Langevin_post,Langevin_post,43,configs/aisivi_Langevin_post.yaml,abf5017569402a9a9ec3b27cea7538eee9abd73019c79bcfad97194dc60f2f70,default-grid-effective-v1,fresh,abf5017569402a9a9ec3b27cea7538eee9abd73019c79bcfad97194dc60f2f70,abf5017569402a9a9ec3b27cea7538eee9abd73019c79bcfad97194dc60f2f70,10000,128,2,results/default_config_grid/AISIVI/Langevin_post/20260429_221324,/root/ruivi/tb_logs/default_config_grid/AISIVI/Langevin_post/20260429_221324,,/root/miniconda3/envs/ruivi/bin/python src.py --config configs/aisivi_Langevin_post.yaml seed=43 cuda_visible_devices=0 output.results_dir=results/default_config_grid output.tb_dir=tb_logs/default_config_grid
seed43_aisivi_lrwaveform,completed,finalize_completed,1,,AISIVI,aisivi,LRwaveform,LRwaveform,43,configs/aisivi_LRwaveform.yaml,d9e469e99be83ff51a30534cf6a7caa652cfc515199a66414242836fc74bd879,default-grid-effective-v1,fresh,d9e469e99be83ff51a30534cf6a7caa652cfc515199a66414242836fc74bd879,d9e469e99be83ff51a30534cf6a7caa652cfc515199a66414242836fc74bd879,10000,128,0,results/default_config_grid/AISIVI/LRwaveform/20260428_081054,/root/ruivi/tb_logs/default_config_grid/AISIVI/LRwaveform/20260428_081054,,/root/miniconda3/envs/ruivi/bin/python src.py --config configs/aisivi_LRwaveform.yaml seed=43 cuda_visible_devices=0 output.results_dir=results/default_config_grid output.tb_dir=tb_logs/default_config_grid
seed43_aisivi_multimodal,completed,finalize_completed,1,,AISIVI,aisivi,multimodal,multimodal,43,configs/aisivi_multimodal.yaml,b614750e5e1c66c12df845a4c4b9da66b0a84745f616f773eb90d73de26df158,default-grid-effective-v1,fresh,b614750e5e1c66c12df845a4c4b9da66b0a84745f616f773eb90d73de26df158,89ace9f85dc611c7a67067d71ca3ba5741d6b4443de4e3440a5419c659416232,10000,128,0,results/default_config_grid/AISIVI/multimodal/20260428_081710,/root/ruivi/tb_logs/default_config_grid/AISIVI/multimodal/20260428_081710,,/root/miniconda3/envs/ruivi/bin/python src.py --config configs/aisivi_multimodal.yaml seed=43 cuda_visible_devices=0 output.results_dir=results/default_config_grid output.tb_dir=tb_logs/default_config_grid
seed43_aisivi_student_uc,completed,finalize_completed,1,,AISIVI,aisivi,student_uc,student_uc,43,configs/aisivi_student_uc.yaml,d2abfb95899e41f1f04e3a5c051ba0456b95315bf98e58efcc62f2ff463e0687,default-grid-effective-v1,fresh,d2abfb95899e41f1f04e3a5c051ba0456b95315bf98e58efcc62f2ff463e0687,d21e90a8b2f02386bfec0071edc80b5fd5e905129a3b14d6b9f6a9f255bf9b08,10000,128,3,results/default_config_grid/AISIVI/student_uc/20260428_081953,/root/ruivi/tb_logs/default_config_grid/AISIVI/student_uc/20260428_081953,,/root/miniconda3/envs/ruivi/bin/python src.py --config configs/aisivi_student_uc.yaml seed=43 cuda_visible_devices=0 output.results_dir=results/default_config_grid output.tb_dir=tb_logs/default_config_grid
seed43_aisivi_x_shaped,completed,finalize_completed,1,,AISIVI,aisivi,x_shaped,x_shaped,43,configs/aisivi_x_shaped.yaml,b3a881171d0f707362c7fae44ea6a87e8d042c7867efbee76b4e1d734a469d2a,default-grid-effective-v1,fresh,b3a881171d0f707362c7fae44ea6a87e8d042c7867efbee76b4e1d734a469d2a,7e22ea8ddbfdb98ae6d3cb219c239f7258cd5c13366d45cc4d81fe9c9497c5a2,10000,128,1,results/default_config_grid/AISIVI/x_shaped/20260428_082128,/root/ruivi/tb_logs/default_config_grid/AISIVI/x_shaped/20260428_082128,,/root/miniconda3/envs/ruivi/bin/python src.py --config configs/aisivi_x_shaped.yaml seed=43 cuda_visible_devices=0 output.results_dir=results/default_config_grid output.tb_dir=tb_logs/default_config_grid
seed43_dsivi_8_gaussians,completed,finalize_completed,1,,DSIVI,dsivi,8_gaussians,8_gaussians,43,configs/dsivi_8_gaussians.yaml,48308509820500de6451d4d88a9608ed6a47c15e78890122c781876e8f93b8f8,default-grid-effective-v1,fresh,48308509820500de6451d4d88a9608ed6a47c15e78890122c781876e8f93b8f8,dfa5fb170e4d4317ab3021e5aefb28bed7ab4222ba6c3c2b92a0db050078e37e,10000,128,0,results/default_config_grid/DSIVI/8_gaussians/20260428_082337,/root/ruivi/tb_logs/default_config_grid/DSIVI/8_gaussians/20260428_082337,,/root/miniconda3/envs/ruivi/bin/python src.py --config configs/dsivi_8_gaussians.yaml seed=43 cuda_visible_devices=0 output.results_dir=results/default_config_grid output.tb_dir=tb_logs/default_config_grid
seed43_dsivi_banana,completed,finalize_completed,1,,DSIVI,dsivi,banana,banana,43,configs/dsivi_banana.yaml,124f9d0f805a23c87e66dd24f2f82d29f0c09f24e5a0596c02c945e16c352032,default-grid-effective-v1,fresh,124f9d0f805a23c87e66dd24f2f82d29f0c09f24e5a0596c02c945e16c352032,bf05fbac9bb1f7066873e3686ddeba9106d684e3a99068dcac0176b16cb7fc63,10000,128,2,results/default_config_grid/DSIVI/banana/20260428_082337,/root/ruivi/tb_logs/default_config_grid/DSIVI/banana/20260428_082337,,/root/miniconda3/envs/ruivi/bin/python src.py --config configs/dsivi_banana.yaml seed=43 cuda_visible_devices=0 output.results_dir=results/default_config_grid output.tb_dir=tb_logs/default_config_grid
seed43_dsivi_bnn_boston,completed,finalize_completed,1,,DSIVI,dsivi,Bnn_boston,Bnn_boston,43,configs/dsivi_Bnn_boston.yaml,c2981acc9e19df571addc8af4f9976de1cbf7b05ec5f4e6fc45511def435701e,default-grid-effective-v1,fresh,c2981acc9e19df571addc8af4f9976de1cbf7b05ec5f4e6fc45511def435701e,04037d974bbcd19366210be24d88c9c099198c4cb829540820b41f438ca04b45,10000,128,3,results/default_config_grid/DSIVI/Bnn_boston/20260428_082548,/root/ruivi/tb_logs/default_config_grid/DSIVI/Bnn_boston/20260428_082548,,/root/miniconda3/envs/ruivi/bin/python src.py --config configs/dsivi_Bnn_boston.yaml seed=43 cuda_visible_devices=0 output.results_dir=results/default_config_grid output.tb_dir=tb_logs/default_config_grid
seed43_dsivi_bnn_concrete,completed,finalize_completed,1,,DSIVI,dsivi,Bnn_concrete,Bnn_concrete,43,configs/dsivi_Bnn_concrete.yaml,370389fcb4504c37a040e71ac236d4ed73fed0518a1dbb138c7f017a64a69d08,default-grid-effective-v1,fresh,370389fcb4504c37a040e71ac236d4ed73fed0518a1dbb138c7f017a64a69d08,57303b4c7263a6eb6f6489c8998f3a51da66cafc7a8b4d0aa854c43d3b15311d,10000,128,0,results/default_config_grid/DSIVI/Bnn_concrete/20260428_082801,/root/ruivi/tb_logs/default_config_grid/DSIVI/Bnn_concrete/20260428_082801,,/root/miniconda3/envs/ruivi/bin/python src.py --config configs/dsivi_Bnn_concrete.yaml seed=43 cuda_visible_devices=0 output.results_dir=results/default_config_grid output.tb_dir=tb_logs/default_config_grid
seed43_dsivi_bnn_power,completed,finalize_completed,1,,DSIVI,dsivi,Bnn_power,Bnn_power,43,configs/dsivi_Bnn_power.yaml,1711fb635339353937c573c951dfaf25706d2f18cc5cd1463dbe165acbc7c293,default-grid-effective-v1,fresh,1711fb635339353937c573c951dfaf25706d2f18cc5cd1463dbe165acbc7c293,afe7926430ac2e1d9d3c8cbae9f94a09eba28f93ea040d0696658a78cd00941d,10000,128,1,results/default_config_grid/DSIVI/Bnn_power/20260428_082800,/root/ruivi/tb_logs/default_config_grid/DSIVI/Bnn_power/20260428_082800,,/root/miniconda3/envs/ruivi/bin/python src.py --config configs/dsivi_Bnn_power.yaml seed=43 cuda_visible_devices=0 output.results_dir=results/default_config_grid output.tb_dir=tb_logs/default_config_grid
seed43_dsivi_bnn_protein,completed,finalize_completed,1,,DSIVI,dsivi,Bnn_protein,Bnn_protein,43,configs/dsivi_Bnn_protein.yaml,250e31e5103226f989a1a7f4da97f306a773f5ec3ddc42aea2f76ae52f925887,default-grid-effective-v1,fresh,250e31e5103226f989a1a7f4da97f306a773f5ec3ddc42aea2f76ae52f925887,3a4950d9e8015be19269004198f55b0fbef3bb7847d727625122c57174a30fb5,10000,128,2,results/default_config_grid/DSIVI/Bnn_protein/20260428_082800,/root/ruivi/tb_logs/default_config_grid/DSIVI/Bnn_protein/20260428_082800,,/root/miniconda3/envs/ruivi/bin/python src.py --config configs/dsivi_Bnn_protein.yaml seed=43 cuda_visible_devices=0 output.results_dir=results/default_config_grid output.tb_dir=tb_logs/default_config_grid
seed43_dsivi_bnn_winered,completed,finalize_completed,2,,DSIVI,dsivi,Bnn_winered,Bnn_winered,43,configs/dsivi_Bnn_winered.yaml,6c7d18017e578e5f113d5da99e76fbd0f21986f4de2056fe18c66d7a54b29460,default-grid-effective-v1,fresh,6c7d18017e578e5f113d5da99e76fbd0f21986f4de2056fe18c66d7a54b29460,021634be906b1c1ad69534750d51172513fdbcc9e8c9b61e6c6500755451e554,10000,128,0,results/default_config_grid/DSIVI/Bnn_winered/20260501_155652,/root/ruivi/tb_logs/default_config_grid/DSIVI/Bnn_winered/20260501_155652,,/root/miniconda3/envs/ruivi/bin/python src.py --config configs/dsivi_Bnn_winered.yaml seed=43 cuda_visible_devices=0 output.results_dir=results/default_config_grid output.tb_dir=tb_logs/default_config_grid
seed43_dsivi_bnn_yacht,completed,finalize_completed,2,,DSIVI,dsivi,Bnn_yacht,Bnn_yacht,43,configs/dsivi_Bnn_yacht.yaml,ec0bf95ac70410341d8c3528a285bfa73432cbbb65ef36cfb4992476263fb7ca,default-grid-effective-v1,fresh,ec0bf95ac70410341d8c3528a285bfa73432cbbb65ef36cfb4992476263fb7ca,e9b1e610702f3677e65dc270b77f1415a9e367c527bf7bb8868030f08bcad693,10000,128,1,results/default_config_grid/DSIVI/Bnn_yacht/20260501_155652,/root/ruivi/tb_logs/default_config_grid/DSIVI/Bnn_yacht/20260501_155652,,/root/miniconda3/envs/ruivi/bin/python src.py --config configs/dsivi_Bnn_yacht.yaml seed=43 cuda_visible_devices=0 output.results_dir=results/default_config_grid output.tb_dir=tb_logs/default_config_grid
seed43_dsivi_langevin_post,completed,finalize_completed,2,,DSIVI,dsivi,Langevin_post,Langevin_post,43,configs/dsivi_Langevin_post.yaml,c3f0703f0f535e27d9e3e0219a1d29900e39c7a3e586b16336d04b4b76d6fbe7,default-grid-effective-v1,fresh,c3f0703f0f535e27d9e3e0219a1d29900e39c7a3e586b16336d04b4b76d6fbe7,e7bf7306e4bbbc791165491cd55af179b8cb2452e83f80795270a03650facf45,10000,128,1,results/default_config_grid/DSIVI/Langevin_post/20260429_221335,/root/ruivi/tb_logs/default_config_grid/DSIVI/Langevin_post/20260429_221335,,/root/miniconda3/envs/ruivi/bin/python src.py --config configs/dsivi_Langevin_post.yaml seed=43 cuda_visible_devices=0 output.results_dir=results/default_config_grid output.tb_dir=tb_logs/default_config_grid
seed43_dsivi_lrwaveform,completed,finalize_completed,1,,DSIVI,dsivi,LRwaveform,LRwaveform,43,configs/dsivi_LRwaveform.yaml,6504e377768b637237b1b34b62da500c0fbfb5f99014060523a5f41ec2614b69,default-grid-effective-v1,fresh,6504e377768b637237b1b34b62da500c0fbfb5f99014060523a5f41ec2614b69,b0df748e06cce715ac8595415813070c3aa68e5d745b5272d2811a3dc306d1e9,10000,128,3,results/default_config_grid/DSIVI/LRwaveform/20260428_083016,/root/ruivi/tb_logs/default_config_grid/DSIVI/LRwaveform/20260428_083016,,/root/miniconda3/envs/ruivi/bin/python src.py --config configs/dsivi_LRwaveform.yaml seed=43 cuda_visible_devices=0 output.results_dir=results/default_config_grid output.tb_dir=tb_logs/default_config_grid
seed43_dsivi_multimodal,completed,finalize_completed,1,,DSIVI,dsivi,multimodal,multimodal,43,configs/dsivi_multimodal.yaml,05e0f6315e89de9f0200dbf0f8b8e7a52e4fc9840eb34bdeeaed76e09343d2ff,default-grid-effective-v1,fresh,05e0f6315e89de9f0200dbf0f8b8e7a52e4fc9840eb34bdeeaed76e09343d2ff,04747f2e456f89b23fab0bcb11aab5793a716c1ff25ea4cade0867eb3b7ff737,10000,128,0,results/default_config_grid/DSIVI/multimodal/20260428_083018,/root/ruivi/tb_logs/default_config_grid/DSIVI/multimodal/20260428_083018,,/root/miniconda3/envs/ruivi/bin/python src.py --config configs/dsivi_multimodal.yaml seed=43 cuda_visible_devices=0 output.results_dir=results/default_config_grid output.tb_dir=tb_logs/default_config_grid
seed43_dsivi_student_uc,completed,finalize_completed,1,,DSIVI,dsivi,student_uc,student_uc,43,configs/dsivi_student_uc.yaml,503d34caa3de5360ab85563943c21e07cb6d04a64a6c6d89d8f0a15955de912a,default-grid-effective-v1,fresh,503d34caa3de5360ab85563943c21e07cb6d04a64a6c6d89d8f0a15955de912a,d6dd2136fd864fd395154d11624cc002b3f3e05eb9c5b18f6a0a7c2997036dcf,10000,128,1,results/default_config_grid/DSIVI/student_uc/20260428_083235,/root/ruivi/tb_logs/default_config_grid/DSIVI/student_uc/20260428_083235,,/root/miniconda3/envs/ruivi/bin/python src.py --config configs/dsivi_student_uc.yaml seed=43 cuda_visible_devices=0 output.results_dir=results/default_config_grid output.tb_dir=tb_logs/default_config_grid
seed43_dsivi_x_shaped,completed,finalize_completed,1,,DSIVI,dsivi,x_shaped,x_shaped,43,configs/dsivi_x_shaped.yaml,ebed1df452df4c84722b75160c875201c049b9886043bee5a98bd09a46839a7c,default-grid-effective-v1,fresh,ebed1df452df4c84722b75160c875201c049b9886043bee5a98bd09a46839a7c,1c35902bc2eaa13951fd6dea890bca0a724ada0d4f4e3c646061e29e775e333c,10000,128,0,results/default_config_grid/DSIVI/x_shaped/20260428_083321,/root/ruivi/tb_logs/default_config_grid/DSIVI/x_shaped/20260428_083321,,/root/miniconda3/envs/ruivi/bin/python src.py --config configs/dsivi_x_shaped.yaml seed=43 cuda_visible_devices=0 output.results_dir=results/default_config_grid output.tb_dir=tb_logs/default_config_grid
seed43_ksivi_8_gaussians,completed,finalize_completed,1,,KSIVI,ksivi,8_gaussians,8_gaussians,43,configs/ksivi_8_gaussians.yaml,59dab46b2a23dd164034549116a2b06b033a253e63b0db6b5e92a79d0b11c896,default-grid-effective-v1,fresh,59dab46b2a23dd164034549116a2b06b033a253e63b0db6b5e92a79d0b11c896,43d5dc75d324f691fc9e5ede92a74d5fc1a4a14f25a5afb5f46079cacf19a391,50000,128,3,results/default_config_grid/KSIVI/8_gaussians/20260428_083331,/root/ruivi/tb_logs/default_config_grid/KSIVI/8_gaussians/20260428_083331,,/root/miniconda3/envs/ruivi/bin/python src.py --config configs/ksivi_8_gaussians.yaml seed=43 cuda_visible_devices=0 output.results_dir=results/default_config_grid output.tb_dir=tb_logs/default_config_grid
seed43_ksivi_banana,completed,finalize_completed,1,,KSIVI,ksivi,banana,banana,43,configs/ksivi_banana.yaml,9d5d2f7abff471af30e87965dea25c61e2f955a91fa6c14e00ce3994067b2139,default-grid-effective-v1,fresh,9d5d2f7abff471af30e87965dea25c61e2f955a91fa6c14e00ce3994067b2139,086e743f20b20209da4387136e162ac9662707e5b0e7e738d3a93ae83f413526,50000,128,2,results/default_config_grid/KSIVI/banana/20260428_083514,/root/ruivi/tb_logs/default_config_grid/KSIVI/banana/20260428_083514,,/root/miniconda3/envs/ruivi/bin/python src.py --config configs/ksivi_banana.yaml seed=43 cuda_visible_devices=0 output.results_dir=results/default_config_grid output.tb_dir=tb_logs/default_config_grid
seed43_ksivi_bnn_boston,completed,finalize_completed,1,,KSIVI,ksivi,Bnn_boston,Bnn_boston,43,configs/ksivi_Bnn_boston.yaml,92deb6e60a1caab6b79f81ebe64020e4c183a27d2c45c2b6cf581054b715ddf2,default-grid-effective-v1,fresh,92deb6e60a1caab6b79f81ebe64020e4c183a27d2c45c2b6cf581054b715ddf2,92deb6e60a1caab6b79f81ebe64020e4c183a27d2c45c2b6cf581054b715ddf2,100000,128,1,results/default_config_grid/KSIVI/Bnn_boston/20260428_083543,/root/ruivi/tb_logs/default_config_grid/KSIVI/Bnn_boston/20260428_083543,,/root/miniconda3/envs/ruivi/bin/python src.py --config configs/ksivi_Bnn_boston.yaml seed=43 cuda_visible_devices=0 output.results_dir=results/default_config_grid output.tb_dir=tb_logs/default_config_grid
seed43_ksivi_bnn_concrete,completed,finalize_completed,1,,KSIVI,ksivi,Bnn_concrete,Bnn_concrete,43,configs/ksivi_Bnn_concrete.yaml,d422b2c0fe3063e1d851656fe7aacf3ba23510cfc52480c5739043925f62c6d0,default-grid-effective-v1,fresh,d422b2c0fe3063e1d851656fe7aacf3ba23510cfc52480c5739043925f62c6d0,d422b2c0fe3063e1d851656fe7aacf3ba23510cfc52480c5739043925f62c6d0,100000,128,0,results/default_config_grid/KSIVI/Bnn_concrete/20260428_083719,/root/ruivi/tb_logs/default_config_grid/KSIVI/Bnn_concrete/20260428_083719,,/root/miniconda3/envs/ruivi/bin/python src.py --config configs/ksivi_Bnn_concrete.yaml seed=43 cuda_visible_devices=0 output.results_dir=results/default_config_grid output.tb_dir=tb_logs/default_config_grid
seed43_ksivi_bnn_power,completed,finalize_completed,1,,KSIVI,ksivi,Bnn_power,Bnn_power,43,configs/ksivi_Bnn_power.yaml,a5bc713bd70d98004d098930e7b86b4538980fa909ba0d2e589b47da5426aee4,default-grid-effective-v1,fresh,a5bc713bd70d98004d098930e7b86b4538980fa909ba0d2e589b47da5426aee4,a5bc713bd70d98004d098930e7b86b4538980fa909ba0d2e589b47da5426aee4,100000,128,3,results/default_config_grid/KSIVI/Bnn_power/20260428_083942,/root/ruivi/tb_logs/default_config_grid/KSIVI/Bnn_power/20260428_083942,,/root/miniconda3/envs/ruivi/bin/python src.py --config configs/ksivi_Bnn_power.yaml seed=43 cuda_visible_devices=0 output.results_dir=results/default_config_grid output.tb_dir=tb_logs/default_config_grid
seed43_ksivi_bnn_protein,completed,finalize_completed,1,,KSIVI,ksivi,Bnn_protein,Bnn_protein,43,configs/ksivi_Bnn_protein.yaml,23dbefcb4775e7b91bed8886dc340a68f7832279ff22d2d6fbdd4ba076025735,default-grid-effective-v1,fresh,23dbefcb4775e7b91bed8886dc340a68f7832279ff22d2d6fbdd4ba076025735,23dbefcb4775e7b91bed8886dc340a68f7832279ff22d2d6fbdd4ba076025735,100000,128,2,results/default_config_grid/KSIVI/Bnn_protein/20260428_084206,/root/ruivi/tb_logs/default_config_grid/KSIVI/Bnn_protein/20260428_084206,,/root/miniconda3/envs/ruivi/bin/python src.py --config configs/ksivi_Bnn_protein.yaml seed=43 cuda_visible_devices=0 output.results_dir=results/default_config_grid output.tb_dir=tb_logs/default_config_grid
seed43_ksivi_bnn_winered,completed,finalize_completed,2,,KSIVI,ksivi,Bnn_winered,Bnn_winered,43,configs/ksivi_Bnn_winered.yaml,c620f391af417a8e96e9358ff50099cf3e20c9b52a84541501ff9dbc757ef08e,default-grid-effective-v1,fresh,c620f391af417a8e96e9358ff50099cf3e20c9b52a84541501ff9dbc757ef08e,c620f391af417a8e96e9358ff50099cf3e20c9b52a84541501ff9dbc757ef08e,100000,128,3,results/default_config_grid/KSIVI/Bnn_winered/20260501_155653,/root/ruivi/tb_logs/default_config_grid/KSIVI/Bnn_winered/20260501_155653,,/root/miniconda3/envs/ruivi/bin/python src.py --config configs/ksivi_Bnn_winered.yaml seed=43 cuda_visible_devices=0 output.results_dir=results/default_config_grid output.tb_dir=tb_logs/default_config_grid
seed43_ksivi_bnn_yacht,completed,finalize_completed,2,,KSIVI,ksivi,Bnn_yacht,Bnn_yacht,43,configs/ksivi_Bnn_yacht.yaml,d2fa07d579007cff457a2875574235fe5f60166a01c634e6a9726119efd03551,default-grid-effective-v1,fresh,d2fa07d579007cff457a2875574235fe5f60166a01c634e6a9726119efd03551,d2fa07d579007cff457a2875574235fe5f60166a01c634e6a9726119efd03551,100000,128,2,results/default_config_grid/KSIVI/Bnn_yacht/20260501_155731,/root/ruivi/tb_logs/default_config_grid/KSIVI/Bnn_yacht/20260501_155731,,/root/miniconda3/envs/ruivi/bin/python src.py --config configs/ksivi_Bnn_yacht.yaml seed=43 cuda_visible_devices=0 output.results_dir=results/default_config_grid output.tb_dir=tb_logs/default_config_grid
seed43_ksivi_langevin_post,completed,finalize_completed,2,,KSIVI,ksivi,Langevin_post,Langevin_post,43,configs/ksivi_Langevin_post.yaml,23289e024175600a6bc203ea0517a00dbeb45ee9eb4156d5770fe50c80277aee,default-grid-effective-v1,fresh,23289e024175600a6bc203ea0517a00dbeb45ee9eb4156d5770fe50c80277aee,23289e024175600a6bc203ea0517a00dbeb45ee9eb4156d5770fe50c80277aee,50000,128,3,results/default_config_grid/KSIVI/Langevin_post/20260429_221534,/root/ruivi/tb_logs/default_config_grid/KSIVI/Langevin_post/20260429_221534,,/root/miniconda3/envs/ruivi/bin/python src.py --config configs/ksivi_Langevin_post.yaml seed=43 cuda_visible_devices=0 output.results_dir=results/default_config_grid output.tb_dir=tb_logs/default_config_grid
seed43_ksivi_lrwaveform,completed,finalize_completed,1,,KSIVI,ksivi,LRwaveform,LRwaveform,43,configs/ksivi_LRwaveform.yaml,9298641f5226708fbc8a46a9d829d4300c74cc35d6f4f5bee176b8a39c37bd0f,default-grid-effective-v1,fresh,9298641f5226708fbc8a46a9d829d4300c74cc35d6f4f5bee176b8a39c37bd0f,9298641f5226708fbc8a46a9d829d4300c74cc35d6f4f5bee176b8a39c37bd0f,50000,128,2,results/default_config_grid/KSIVI/LRwaveform/20260428_085938,/root/ruivi/tb_logs/default_config_grid/KSIVI/LRwaveform/20260428_085938,,/root/miniconda3/envs/ruivi/bin/python src.py --config configs/ksivi_LRwaveform.yaml seed=43 cuda_visible_devices=0 output.results_dir=results/default_config_grid output.tb_dir=tb_logs/default_config_grid
seed43_ksivi_multimodal,completed,finalize_completed,1,,KSIVI,ksivi,multimodal,multimodal,43,configs/ksivi_multimodal.yaml,71ddfe5f426e46e62c9a3ab6f1d1138f0502a5b9fff2f0bf8f9a6060b4dca349,default-grid-effective-v1,fresh,71ddfe5f426e46e62c9a3ab6f1d1138f0502a5b9fff2f0bf8f9a6060b4dca349,78fb4abba97013324adb799928a16b3b012a923383f928faeb4e9f350e11f972,50000,128,2,results/default_config_grid/KSIVI/multimodal/20260428_090627,/root/ruivi/tb_logs/default_config_grid/KSIVI/multimodal/20260428_090627,,/root/miniconda3/envs/ruivi/bin/python src.py --config configs/ksivi_multimodal.yaml seed=43 cuda_visible_devices=0 output.results_dir=results/default_config_grid output.tb_dir=tb_logs/default_config_grid
seed43_ksivi_student_uc,completed,finalize_completed,1,,KSIVI,ksivi,student_uc,student_uc,43,configs/ksivi_student_uc.yaml,a0808fecbe60ad560dcb03912a9dadb2b064ec343c80b4586cd7e2bb51927065,default-grid-effective-v1,fresh,a0808fecbe60ad560dcb03912a9dadb2b064ec343c80b4586cd7e2bb51927065,cb31647c98c20dc1db267e9008e70ae7eab7d9fd34045276800acda94c49ce91,50000,128,3,results/default_config_grid/KSIVI/student_uc/20260428_090627,/root/ruivi/tb_logs/default_config_grid/KSIVI/student_uc/20260428_090627,,/root/miniconda3/envs/ruivi/bin/python src.py --config configs/ksivi_student_uc.yaml seed=43 cuda_visible_devices=0 output.results_dir=results/default_config_grid output.tb_dir=tb_logs/default_config_grid
seed43_ksivi_x_shaped,completed,finalize_completed,1,,KSIVI,ksivi,x_shaped,x_shaped,43,configs/ksivi_x_shaped.yaml,61c128f004fe8cab1935b7eb7eb5ce1d2d563fd1f63e7afff19cd8c8da243015,default-grid-effective-v1,fresh,61c128f004fe8cab1935b7eb7eb5ce1d2d563fd1f63e7afff19cd8c8da243015,f54678a9e8e8b951d6b397fbdd8e30f254b67d32665b267468c874a901844385,50000,128,1,results/default_config_grid/KSIVI/x_shaped/20260428_090921,/root/ruivi/tb_logs/default_config_grid/KSIVI/x_shaped/20260428_090921,,/root/miniconda3/envs/ruivi/bin/python src.py --config configs/ksivi_x_shaped.yaml seed=43 cuda_visible_devices=0 output.results_dir=results/default_config_grid output.tb_dir=tb_logs/default_config_grid
seed44_sivi_8_gaussians,completed,finalize_completed,1,,SIVI,sivi,8_gaussians,8_gaussians,44,configs/sivi_8_gaussians.yaml,1df87cfe12f06ef7b3bd9ce1a7b56d0a61284f7e2642cc699b5b276697ae2c5a,default-grid-effective-v1,fresh,1df87cfe12f06ef7b3bd9ce1a7b56d0a61284f7e2642cc699b5b276697ae2c5a,28d540f32cc24c14848740c9fa4037286ba84eb70a5514d04621292fe424e054,10000,128,0,results/default_config_grid/SIVI/8_gaussians/20260428_091123,/root/ruivi/tb_logs/default_config_grid/SIVI/8_gaussians/20260428_091123,,/root/miniconda3/envs/ruivi/bin/python src.py --config configs/sivi_8_gaussians.yaml seed=44 cuda_visible_devices=0 output.results_dir=results/default_config_grid output.tb_dir=tb_logs/default_config_grid
seed44_sivi_banana,completed,finalize_completed,1,,SIVI,sivi,banana,banana,44,configs/sivi_banana.yaml,1ed869e8ed2d088bcaf13cdb85cb220a7a3f1cdfaab213746d04fb10450633f4,default-grid-effective-v1,fresh,1ed869e8ed2d088bcaf13cdb85cb220a7a3f1cdfaab213746d04fb10450633f4,49f7f3b6408df5062975908d07d968ac6f5d67f747f6ecf8d2e2cd653dd72a91,10000,128,3,results/default_config_grid/SIVI/banana/20260428_091204,/root/ruivi/tb_logs/default_config_grid/SIVI/banana/20260428_091204,,/root/miniconda3/envs/ruivi/bin/python src.py --config configs/sivi_banana.yaml seed=44 cuda_visible_devices=0 output.results_dir=results/default_config_grid output.tb_dir=tb_logs/default_config_grid
seed44_sivi_bnn_boston,completed,finalize_completed,2,,SIVI,sivi,Bnn_boston,Bnn_boston,44,configs/sivi_Bnn_boston.yaml,ecbea4f8d518fef2f2cb478c1f687891b0b2bea86f2a43f7091f57510c8a42e2,default-grid-effective-v1,fresh,ecbea4f8d518fef2f2cb478c1f687891b0b2bea86f2a43f7091f57510c8a42e2,ecbea4f8d518fef2f2cb478c1f687891b0b2bea86f2a43f7091f57510c8a42e2,10000,128,0,results/default_config_grid/SIVI/Bnn_boston/20260501_160212,/root/ruivi/tb_logs/default_config_grid/SIVI/Bnn_boston/20260501_160212,,/root/miniconda3/envs/ruivi/bin/python src.py --config configs/sivi_Bnn_boston.yaml seed=44 cuda_visible_devices=0 output.results_dir=results/default_config_grid output.tb_dir=tb_logs/default_config_grid
seed44_sivi_bnn_concrete,completed,finalize_completed,2,,SIVI,sivi,Bnn_concrete,Bnn_concrete,44,configs/sivi_Bnn_concrete.yaml,9fade4344922ff6053e506a324f1819c2ab265043d8e5fad521eafabda7487fa,default-grid-effective-v1,fresh,9fade4344922ff6053e506a324f1819c2ab265043d8e5fad521eafabda7487fa,9fade4344922ff6053e506a324f1819c2ab265043d8e5fad521eafabda7487fa,10000,128,1,results/default_config_grid/SIVI/Bnn_concrete/20260501_160213,/root/ruivi/tb_logs/default_config_grid/SIVI/Bnn_concrete/20260501_160213,,/root/miniconda3/envs/ruivi/bin/python src.py --config configs/sivi_Bnn_concrete.yaml seed=44 cuda_visible_devices=0 output.results_dir=results/default_config_grid output.tb_dir=tb_logs/default_config_grid
seed44_sivi_bnn_power,completed,finalize_completed,2,,SIVI,sivi,Bnn_power,Bnn_power,44,configs/sivi_Bnn_power.yaml,e06a46fedcc9ddad9681b9aa90339fa93bf743184730014bdc8aacfe9369ad30,default-grid-effective-v1,fresh,e06a46fedcc9ddad9681b9aa90339fa93bf743184730014bdc8aacfe9369ad30,e06a46fedcc9ddad9681b9aa90339fa93bf743184730014bdc8aacfe9369ad30,10000,128,1,results/default_config_grid/SIVI/Bnn_power/20260501_160851,/root/ruivi/tb_logs/default_config_grid/SIVI/Bnn_power/20260501_160851,,/root/miniconda3/envs/ruivi/bin/python src.py --config configs/sivi_Bnn_power.yaml seed=44 cuda_visible_devices=0 output.results_dir=results/default_config_grid output.tb_dir=tb_logs/default_config_grid
seed44_sivi_bnn_protein,completed,finalize_completed,2,,SIVI,sivi,Bnn_protein,Bnn_protein,44,configs/sivi_Bnn_protein.yaml,6b1d2ff133f64f6e4e171c61b0606a4442febfff1983ed8e7d687bf49dc39973,default-grid-effective-v1,fresh,6b1d2ff133f64f6e4e171c61b0606a4442febfff1983ed8e7d687bf49dc39973,6b1d2ff133f64f6e4e171c61b0606a4442febfff1983ed8e7d687bf49dc39973,10000,128,0,results/default_config_grid/SIVI/Bnn_protein/20260501_161258,/root/ruivi/tb_logs/default_config_grid/SIVI/Bnn_protein/20260501_161258,,/root/miniconda3/envs/ruivi/bin/python src.py --config configs/sivi_Bnn_protein.yaml seed=44 cuda_visible_devices=0 output.results_dir=results/default_config_grid output.tb_dir=tb_logs/default_config_grid
seed44_sivi_bnn_winered,completed,finalize_completed,2,,SIVI,sivi,Bnn_winered,Bnn_winered,44,configs/sivi_Bnn_winered.yaml,d87b78cdbf60f70285471a7be2a9c1ae354ced81862c79f44c00a356d083c370,default-grid-effective-v1,fresh,d87b78cdbf60f70285471a7be2a9c1ae354ced81862c79f44c00a356d083c370,d87b78cdbf60f70285471a7be2a9c1ae354ced81862c79f44c00a356d083c370,10000,128,1,results/default_config_grid/SIVI/Bnn_winered/20260501_161320,/root/ruivi/tb_logs/default_config_grid/SIVI/Bnn_winered/20260501_161320,,/root/miniconda3/envs/ruivi/bin/python src.py --config configs/sivi_Bnn_winered.yaml seed=44 cuda_visible_devices=0 output.results_dir=results/default_config_grid output.tb_dir=tb_logs/default_config_grid
seed44_sivi_bnn_yacht,completed,finalize_completed,2,,SIVI,sivi,Bnn_yacht,Bnn_yacht,44,configs/sivi_Bnn_yacht.yaml,e531465377763338f462fdd9be40cde9cfb240200f526139ca8f9fe2e36db9ea,default-grid-effective-v1,fresh,e531465377763338f462fdd9be40cde9cfb240200f526139ca8f9fe2e36db9ea,e531465377763338f462fdd9be40cde9cfb240200f526139ca8f9fe2e36db9ea,10000,128,3,results/default_config_grid/SIVI/Bnn_yacht/20260501_161345,/root/ruivi/tb_logs/default_config_grid/SIVI/Bnn_yacht/20260501_161345,,/root/miniconda3/envs/ruivi/bin/python src.py --config configs/sivi_Bnn_yacht.yaml seed=44 cuda_visible_devices=0 output.results_dir=results/default_config_grid output.tb_dir=tb_logs/default_config_grid
seed44_sivi_langevin_post,completed,finalize_completed,2,,SIVI,sivi,Langevin_post,Langevin_post,44,configs/sivi_Langevin_post.yaml,7882b36f50ca893782dabbc03254d59dcb86e6c2d1a115294f350db66746e444,default-grid-effective-v1,fresh,7882b36f50ca893782dabbc03254d59dcb86e6c2d1a115294f350db66746e444,7882b36f50ca893782dabbc03254d59dcb86e6c2d1a115294f350db66746e444,10000,128,1,results/default_config_grid/SIVI/Langevin_post/20260429_221903,/root/ruivi/tb_logs/default_config_grid/SIVI/Langevin_post/20260429_221903,,/root/miniconda3/envs/ruivi/bin/python src.py --config configs/sivi_Langevin_post.yaml seed=44 cuda_visible_devices=0 output.results_dir=results/default_config_grid output.tb_dir=tb_logs/default_config_grid
seed44_sivi_lrwaveform,completed,finalize_completed,1,,SIVI,sivi,LRwaveform,LRwaveform,44,configs/sivi_LRwaveform.yaml,a81872938776f9a6df5d33dd8098d24ff3777115be7ac6fdb6b8884f3edb1a62,default-grid-effective-v1,fresh,a81872938776f9a6df5d33dd8098d24ff3777115be7ac6fdb6b8884f3edb1a62,a81872938776f9a6df5d33dd8098d24ff3777115be7ac6fdb6b8884f3edb1a62,10000,128,1,results/default_config_grid/SIVI/LRwaveform/20260428_092356,/root/ruivi/tb_logs/default_config_grid/SIVI/LRwaveform/20260428_092356,,/root/miniconda3/envs/ruivi/bin/python src.py --config configs/sivi_LRwaveform.yaml seed=44 cuda_visible_devices=0 output.results_dir=results/default_config_grid output.tb_dir=tb_logs/default_config_grid
seed44_sivi_multimodal,completed,finalize_completed,1,,SIVI,sivi,multimodal,multimodal,44,configs/sivi_multimodal.yaml,f612a78a437304f1d2d8972207c30d6388f4be0b52e29a0c303840203574b925,default-grid-effective-v1,fresh,f612a78a437304f1d2d8972207c30d6388f4be0b52e29a0c303840203574b925,28b0df4de2407a161d03ad0222a7ce797ccac8004bf499a520254420f270d492,10000,128,0,results/default_config_grid/SIVI/multimodal/20260428_092654,/root/ruivi/tb_logs/default_config_grid/SIVI/multimodal/20260428_092654,,/root/miniconda3/envs/ruivi/bin/python src.py --config configs/sivi_multimodal.yaml seed=44 cuda_visible_devices=0 output.results_dir=results/default_config_grid output.tb_dir=tb_logs/default_config_grid
seed44_sivi_student_uc,completed,finalize_completed,1,,SIVI,sivi,student_uc,student_uc,44,configs/sivi_student_uc.yaml,60402d54f4826d88abf7121ab3016fbbc3cae92a4b66b3fb73fa5b02b53617cd,default-grid-effective-v1,fresh,60402d54f4826d88abf7121ab3016fbbc3cae92a4b66b3fb73fa5b02b53617cd,c00b604a2f8a96b5a004cb2fbba11e7bf547c6e1f3d9b510f437731eb5aee252,10000,128,2,results/default_config_grid/SIVI/student_uc/20260428_092710,/root/ruivi/tb_logs/default_config_grid/SIVI/student_uc/20260428_092710,,/root/miniconda3/envs/ruivi/bin/python src.py --config configs/sivi_student_uc.yaml seed=44 cuda_visible_devices=0 output.results_dir=results/default_config_grid output.tb_dir=tb_logs/default_config_grid
seed44_sivi_x_shaped,completed,finalize_completed,1,,SIVI,sivi,x_shaped,x_shaped,44,configs/sivi_x_shaped.yaml,303454cc9220856a16d7df532b06da2e3a9e8899b9e8d14cbf1b668b2911f44d,default-grid-effective-v1,fresh,303454cc9220856a16d7df532b06da2e3a9e8899b9e8d14cbf1b668b2911f44d,4b1e95c91174026c1d63d12e1bb6e19d3bbe169dbfc096efb3c0bb9fdc59af4c,10000,128,1,results/default_config_grid/SIVI/x_shaped/20260428_092716,/root/ruivi/tb_logs/default_config_grid/SIVI/x_shaped/20260428_092716,,/root/miniconda3/envs/ruivi/bin/python src.py --config configs/sivi_x_shaped.yaml seed=44 cuda_visible_devices=0 output.results_dir=results/default_config_grid output.tb_dir=tb_logs/default_config_grid
seed44_uivi_8_gaussians,completed,finalize_completed,1,,UIVI,uivi,8_gaussians,8_gaussians,44,configs/uivi_8_gaussians.yaml,b1ef75aeb4af8aed074945135eae212e104b7da8b05eeb1f35f0fde7f3884529,default-grid-effective-v1,fresh,b1ef75aeb4af8aed074945135eae212e104b7da8b05eeb1f35f0fde7f3884529,cfe5d85b97b9d28c2f44ed7b33f0f875b063b96310a14ccafa69ca5f5bea0cc7,10000,128,3,results/default_config_grid/UIVI/8_gaussians/20260428_092724,/root/ruivi/tb_logs/default_config_grid/UIVI/8_gaussians/20260428_092724,,/root/miniconda3/envs/ruivi/bin/python src.py --config configs/uivi_8_gaussians.yaml seed=44 cuda_visible_devices=0 output.results_dir=results/default_config_grid output.tb_dir=tb_logs/default_config_grid
seed44_uivi_banana,completed,finalize_completed,1,,UIVI,uivi,banana,banana,44,configs/uivi_banana.yaml,04368a1c3147d73feb14871294c6e79057cc833f31eed598ec36a9a289a6f762,default-grid-effective-v1,fresh,04368a1c3147d73feb14871294c6e79057cc833f31eed598ec36a9a289a6f762,64708fe389bc1604f84a71b8c4c8da468ddcad34cfa2b24c910c4c554f851dc7,10000,128,0,results/default_config_grid/UIVI/banana/20260428_092931,/root/ruivi/tb_logs/default_config_grid/UIVI/banana/20260428_092931,,/root/miniconda3/envs/ruivi/bin/python src.py --config configs/uivi_banana.yaml seed=44 cuda_visible_devices=0 output.results_dir=results/default_config_grid output.tb_dir=tb_logs/default_config_grid
seed44_uivi_bnn_boston,completed,finalize_completed,2,,UIVI,uivi,Bnn_boston,Bnn_boston,44,configs/uivi_Bnn_boston.yaml,057b83daac5b4b601e9aab278085f22fb7054636eb513139ed5f1698530eba63,default-grid-effective-v1,fresh,057b83daac5b4b601e9aab278085f22fb7054636eb513139ed5f1698530eba63,057b83daac5b4b601e9aab278085f22fb7054636eb513139ed5f1698530eba63,10000,128,2,results/default_config_grid/UIVI/Bnn_boston/20260501_161819,/root/ruivi/tb_logs/default_config_grid/UIVI/Bnn_boston/20260501_161819,,/root/miniconda3/envs/ruivi/bin/python src.py --config configs/uivi_Bnn_boston.yaml seed=44 cuda_visible_devices=0 output.results_dir=results/default_config_grid output.tb_dir=tb_logs/default_config_grid
seed44_uivi_bnn_concrete,completed,finalize_completed,2,,UIVI,uivi,Bnn_concrete,Bnn_concrete,44,configs/uivi_Bnn_concrete.yaml,c4efa85614f3f4ecd167648662dee54acd1a37ee5511686adc30bbfb1fe76b73,default-grid-effective-v1,fresh,c4efa85614f3f4ecd167648662dee54acd1a37ee5511686adc30bbfb1fe76b73,c4efa85614f3f4ecd167648662dee54acd1a37ee5511686adc30bbfb1fe76b73,10000,128,3,results/default_config_grid/UIVI/Bnn_concrete/20260501_161917,/root/ruivi/tb_logs/default_config_grid/UIVI/Bnn_concrete/20260501_161917,,/root/miniconda3/envs/ruivi/bin/python src.py --config configs/uivi_Bnn_concrete.yaml seed=44 cuda_visible_devices=0 output.results_dir=results/default_config_grid output.tb_dir=tb_logs/default_config_grid
seed44_uivi_bnn_power,completed,finalize_completed,2,,UIVI,uivi,Bnn_power,Bnn_power,44,configs/uivi_Bnn_power.yaml,6067ee12641087788984b532690597f0246caf82fa2e2bb90fb31fa9862e844b,default-grid-effective-v1,fresh,6067ee12641087788984b532690597f0246caf82fa2e2bb90fb31fa9862e844b,6067ee12641087788984b532690597f0246caf82fa2e2bb90fb31fa9862e844b,10000,128,0,results/default_config_grid/UIVI/Bnn_power/20260501_162012,/root/ruivi/tb_logs/default_config_grid/UIVI/Bnn_power/20260501_162012,,/root/miniconda3/envs/ruivi/bin/python src.py --config configs/uivi_Bnn_power.yaml seed=44 cuda_visible_devices=0 output.results_dir=results/default_config_grid output.tb_dir=tb_logs/default_config_grid
seed44_uivi_bnn_protein,completed,finalize_completed,2,,UIVI,uivi,Bnn_protein,Bnn_protein,44,configs/uivi_Bnn_protein.yaml,6d290507e0bc793a83fad407d3c52261c54817b8e716e9462d2ddb02e1896f17,default-grid-effective-v1,fresh,6d290507e0bc793a83fad407d3c52261c54817b8e716e9462d2ddb02e1896f17,6d290507e0bc793a83fad407d3c52261c54817b8e716e9462d2ddb02e1896f17,10000,128,1,results/default_config_grid/UIVI/Bnn_protein/20260501_162341,/root/ruivi/tb_logs/default_config_grid/UIVI/Bnn_protein/20260501_162341,,/root/miniconda3/envs/ruivi/bin/python src.py --config configs/uivi_Bnn_protein.yaml seed=44 cuda_visible_devices=0 output.results_dir=results/default_config_grid output.tb_dir=tb_logs/default_config_grid
seed44_uivi_bnn_winered,completed,finalize_completed,2,,UIVI,uivi,Bnn_winered,Bnn_winered,44,configs/uivi_Bnn_winered.yaml,50673cf135343c26780592260598a3140d6ab87621eed359dba61a082a36ead9,default-grid-effective-v1,fresh,50673cf135343c26780592260598a3140d6ab87621eed359dba61a082a36ead9,50673cf135343c26780592260598a3140d6ab87621eed359dba61a082a36ead9,10000,128,2,results/default_config_grid/UIVI/Bnn_winered/20260501_163053,/root/ruivi/tb_logs/default_config_grid/UIVI/Bnn_winered/20260501_163053,,/root/miniconda3/envs/ruivi/bin/python src.py --config configs/uivi_Bnn_winered.yaml seed=44 cuda_visible_devices=0 output.results_dir=results/default_config_grid output.tb_dir=tb_logs/default_config_grid
seed44_uivi_bnn_yacht,completed,finalize_completed,2,,UIVI,uivi,Bnn_yacht,Bnn_yacht,44,configs/uivi_Bnn_yacht.yaml,457a89b2a41f39ae1c06a4c7b4d2652f164d737b0fb9b57ac0f080a75fb81c06,default-grid-effective-v1,fresh,457a89b2a41f39ae1c06a4c7b4d2652f164d737b0fb9b57ac0f080a75fb81c06,457a89b2a41f39ae1c06a4c7b4d2652f164d737b0fb9b57ac0f080a75fb81c06,10000,128,0,results/default_config_grid/UIVI/Bnn_yacht/20260501_163426,/root/ruivi/tb_logs/default_config_grid/UIVI/Bnn_yacht/20260501_163426,,/root/miniconda3/envs/ruivi/bin/python src.py --config configs/uivi_Bnn_yacht.yaml seed=44 cuda_visible_devices=0 output.results_dir=results/default_config_grid output.tb_dir=tb_logs/default_config_grid
seed44_uivi_langevin_post,completed,finalize_completed,2,,UIVI,uivi,Langevin_post,Langevin_post,44,configs/uivi_Langevin_post.yaml,1a77a17a4cbe8e0a46fe4b5cac2bbb9f4975b04e38f454ba1a97860982353a6a,default-grid-effective-v1,fresh,1a77a17a4cbe8e0a46fe4b5cac2bbb9f4975b04e38f454ba1a97860982353a6a,1a77a17a4cbe8e0a46fe4b5cac2bbb9f4975b04e38f454ba1a97860982353a6a,10000,128,3,results/default_config_grid/UIVI/Langevin_post/20260429_222402,/root/ruivi/tb_logs/default_config_grid/UIVI/Langevin_post/20260429_222402,,/root/miniconda3/envs/ruivi/bin/python src.py --config configs/uivi_Langevin_post.yaml seed=44 cuda_visible_devices=0 output.results_dir=results/default_config_grid output.tb_dir=tb_logs/default_config_grid
seed44_uivi_lrwaveform,completed,finalize_completed,1,,UIVI,uivi,LRwaveform,LRwaveform,44,configs/uivi_LRwaveform.yaml,659f3dd9ee55cc53be228d92b98d878e5f89ab4ebbb58d589b91975a85159545,default-grid-effective-v1,fresh,659f3dd9ee55cc53be228d92b98d878e5f89ab4ebbb58d589b91975a85159545,659f3dd9ee55cc53be228d92b98d878e5f89ab4ebbb58d589b91975a85159545,10000,128,0,results/default_config_grid/UIVI/LRwaveform/20260428_095528,/root/ruivi/tb_logs/default_config_grid/UIVI/LRwaveform/20260428_095528,,/root/miniconda3/envs/ruivi/bin/python src.py --config configs/uivi_LRwaveform.yaml seed=44 cuda_visible_devices=0 output.results_dir=results/default_config_grid output.tb_dir=tb_logs/default_config_grid
seed44_uivi_multimodal,completed,finalize_completed,1,,UIVI,uivi,multimodal,multimodal,44,configs/uivi_multimodal.yaml,390b7266b5d1f51337955811a5dcb6d51a20108bbd80fcd2c4404703032f5bc8,default-grid-effective-v1,fresh,390b7266b5d1f51337955811a5dcb6d51a20108bbd80fcd2c4404703032f5bc8,28d776674e41bfc287bb79946811bb26913a535b0f0605a5d93f5de3322b127a,10000,128,1,results/default_config_grid/UIVI/multimodal/20260428_095528,/root/ruivi/tb_logs/default_config_grid/UIVI/multimodal/20260428_095528,,/root/miniconda3/envs/ruivi/bin/python src.py --config configs/uivi_multimodal.yaml seed=44 cuda_visible_devices=0 output.results_dir=results/default_config_grid output.tb_dir=tb_logs/default_config_grid
seed44_uivi_student_uc,completed,finalize_completed,1,,UIVI,uivi,student_uc,student_uc,44,configs/uivi_student_uc.yaml,49b8c3f764ab61227cffdf81c69eb02c9be0e3c8387f51d3d67296827d702d3f,default-grid-effective-v1,fresh,49b8c3f764ab61227cffdf81c69eb02c9be0e3c8387f51d3d67296827d702d3f,62d8f417e72eca48bed2d1447a2b8afe36b4a49dae45efa8f5b8f1b95063a2c9,10000,128,2,results/default_config_grid/UIVI/student_uc/20260428_095528,/root/ruivi/tb_logs/default_config_grid/UIVI/student_uc/20260428_095528,,/root/miniconda3/envs/ruivi/bin/python src.py --config configs/uivi_student_uc.yaml seed=44 cuda_visible_devices=0 output.results_dir=results/default_config_grid output.tb_dir=tb_logs/default_config_grid
seed44_uivi_x_shaped,completed,finalize_completed,1,,UIVI,uivi,x_shaped,x_shaped,44,configs/uivi_x_shaped.yaml,198a2626ca03692c9390aaeb0499ecba029da40cf85aa0f98e7e22dfcd657fb0,default-grid-effective-v1,fresh,198a2626ca03692c9390aaeb0499ecba029da40cf85aa0f98e7e22dfcd657fb0,1ab874039a6ad6a4b5a60170609c59a873e7e1b0a32a230107aee190c20601cb,10000,128,3,results/default_config_grid/UIVI/x_shaped/20260428_100615,/root/ruivi/tb_logs/default_config_grid/UIVI/x_shaped/20260428_100615,,/root/miniconda3/envs/ruivi/bin/python src.py --config configs/uivi_x_shaped.yaml seed=44 cuda_visible_devices=0 output.results_dir=results/default_config_grid output.tb_dir=tb_logs/default_config_grid
seed44_aisivi_8_gaussians,completed,finalize_completed,1,,AISIVI,aisivi,8_gaussians,8_gaussians,44,configs/aisivi_8_gaussians.yaml,28dbf9722c8a736d434a3b583a43c2b17071f7463b9439af928e8f9d6947a56a,default-grid-effective-v1,fresh,28dbf9722c8a736d434a3b583a43c2b17071f7463b9439af928e8f9d6947a56a,90cd02bdf0f447f064277239c7b13c5921fc06e691c6b92cc1eb06693c5f7aae,10000,128,3,results/default_config_grid/AISIVI/8_gaussians/20260428_101957,/root/ruivi/tb_logs/default_config_grid/AISIVI/8_gaussians/20260428_101957,,/root/miniconda3/envs/ruivi/bin/python src.py --config configs/aisivi_8_gaussians.yaml seed=44 cuda_visible_devices=0 output.results_dir=results/default_config_grid output.tb_dir=tb_logs/default_config_grid
seed44_aisivi_banana,completed,finalize_completed,1,,AISIVI,aisivi,banana,banana,44,configs/aisivi_banana.yaml,275a23bbf13487b06724748ce6c41c3989c1e7379b16baec2b1f06fb3ba5493e,default-grid-effective-v1,fresh,275a23bbf13487b06724748ce6c41c3989c1e7379b16baec2b1f06fb3ba5493e,1119e23798908af152ec1addfc645919481c71b88061113bf8050a5dd9066dfc,10000,128,1,results/default_config_grid/AISIVI/banana/20260428_102533,/root/ruivi/tb_logs/default_config_grid/AISIVI/banana/20260428_102533,,/root/miniconda3/envs/ruivi/bin/python src.py --config configs/aisivi_banana.yaml seed=44 cuda_visible_devices=0 output.results_dir=results/default_config_grid output.tb_dir=tb_logs/default_config_grid
seed44_aisivi_bnn_boston,completed,finalize_completed,2,,AISIVI,aisivi,Bnn_boston,Bnn_boston,44,configs/aisivi_Bnn_boston.yaml,8e2175375f31a10e94145bb09b9af0acb760ea75e1703bdc7a5747ad3cf19ed2,default-grid-effective-v1,fresh,8e2175375f31a10e94145bb09b9af0acb760ea75e1703bdc7a5747ad3cf19ed2,8e2175375f31a10e94145bb09b9af0acb760ea75e1703bdc7a5747ad3cf19ed2,10000,128,3,results/default_config_grid/AISIVI/Bnn_boston/20260501_163426,/root/ruivi/tb_logs/default_config_grid/AISIVI/Bnn_boston/20260501_163426,,/root/miniconda3/envs/ruivi/bin/python src.py --config configs/aisivi_Bnn_boston.yaml seed=44 cuda_visible_devices=0 output.results_dir=results/default_config_grid output.tb_dir=tb_logs/default_config_grid
seed44_aisivi_bnn_concrete,completed,finalize_completed,2,,AISIVI,aisivi,Bnn_concrete,Bnn_concrete,44,configs/aisivi_Bnn_concrete.yaml,26182af599d4fe6a02c8a9ce6a3a67a06c879e17a83bbfb75492d5fbe75814de,default-grid-effective-v1,fresh,26182af599d4fe6a02c8a9ce6a3a67a06c879e17a83bbfb75492d5fbe75814de,26182af599d4fe6a02c8a9ce6a3a67a06c879e17a83bbfb75492d5fbe75814de,10000,128,1,results/default_config_grid/AISIVI/Bnn_concrete/20260501_163949,/root/ruivi/tb_logs/default_config_grid/AISIVI/Bnn_concrete/20260501_163949,,/root/miniconda3/envs/ruivi/bin/python src.py --config configs/aisivi_Bnn_concrete.yaml seed=44 cuda_visible_devices=0 output.results_dir=results/default_config_grid output.tb_dir=tb_logs/default_config_grid
seed44_aisivi_bnn_power,completed,finalize_completed,2,,AISIVI,aisivi,Bnn_power,Bnn_power,44,configs/aisivi_Bnn_power.yaml,ce6b48c34220818362bc6a537692d01da48ee2b99d2ed26caff3a06824b8a6cd,default-grid-effective-v1,fresh,ce6b48c34220818362bc6a537692d01da48ee2b99d2ed26caff3a06824b8a6cd,ce6b48c34220818362bc6a537692d01da48ee2b99d2ed26caff3a06824b8a6cd,10000,128,2,results/default_config_grid/AISIVI/Bnn_power/20260501_164510,/root/ruivi/tb_logs/default_config_grid/AISIVI/Bnn_power/20260501_164510,,/root/miniconda3/envs/ruivi/bin/python src.py --config configs/aisivi_Bnn_power.yaml seed=44 cuda_visible_devices=0 output.results_dir=results/default_config_grid output.tb_dir=tb_logs/default_config_grid
seed44_aisivi_bnn_protein,completed,finalize_completed,2,,AISIVI,aisivi,Bnn_protein,Bnn_protein,44,configs/aisivi_Bnn_protein.yaml,62d448780059a36b0b1e9ce2a4d927044f1fa428aaf70b5e08aeef79c1fde0ed,default-grid-effective-v1,fresh,62d448780059a36b0b1e9ce2a4d927044f1fa428aaf70b5e08aeef79c1fde0ed,62d448780059a36b0b1e9ce2a4d927044f1fa428aaf70b5e08aeef79c1fde0ed,10000,128,3,results/default_config_grid/AISIVI/Bnn_protein/20260501_164555,/root/ruivi/tb_logs/default_config_grid/AISIVI/Bnn_protein/20260501_164555,,/root/miniconda3/envs/ruivi/bin/python src.py --config configs/aisivi_Bnn_protein.yaml seed=44 cuda_visible_devices=0 output.results_dir=results/default_config_grid output.tb_dir=tb_logs/default_config_grid
seed44_aisivi_bnn_winered,completed,finalize_completed,2,,AISIVI,aisivi,Bnn_winered,Bnn_winered,44,configs/aisivi_Bnn_winered.yaml,4840c9174cc77a906027e09f80941d4c3d1ae3c81efe3a508577a87fda21533a,default-grid-effective-v1,fresh,4840c9174cc77a906027e09f80941d4c3d1ae3c81efe3a508577a87fda21533a,4840c9174cc77a906027e09f80941d4c3d1ae3c81efe3a508577a87fda21533a,10000,128,0,results/default_config_grid/AISIVI/Bnn_winered/20260501_165032,/root/ruivi/tb_logs/default_config_grid/AISIVI/Bnn_winered/20260501_165032,,/root/miniconda3/envs/ruivi/bin/python src.py --config configs/aisivi_Bnn_winered.yaml seed=44 cuda_visible_devices=0 output.results_dir=results/default_config_grid output.tb_dir=tb_logs/default_config_grid
seed44_aisivi_bnn_yacht,completed,finalize_completed,2,,AISIVI,aisivi,Bnn_yacht,Bnn_yacht,44,configs/aisivi_Bnn_yacht.yaml,922e1e7f99c0cba391d5bfc80fcb19ac337840a7ad61883ada79b1dbd4b692a4,default-grid-effective-v1,fresh,922e1e7f99c0cba391d5bfc80fcb19ac337840a7ad61883ada79b1dbd4b692a4,922e1e7f99c0cba391d5bfc80fcb19ac337840a7ad61883ada79b1dbd4b692a4,10000,128,1,results/default_config_grid/AISIVI/Bnn_yacht/20260501_165032,/root/ruivi/tb_logs/default_config_grid/AISIVI/Bnn_yacht/20260501_165032,,/root/miniconda3/envs/ruivi/bin/python src.py --config configs/aisivi_Bnn_yacht.yaml seed=44 cuda_visible_devices=0 output.results_dir=results/default_config_grid output.tb_dir=tb_logs/default_config_grid
seed44_aisivi_langevin_post,completed,finalize_completed,2,,AISIVI,aisivi,Langevin_post,Langevin_post,44,configs/aisivi_Langevin_post.yaml,91b66e20d458ab05495b74d34ddc7ac684407112b7336c2ba72b1ca11762aad7,default-grid-effective-v1,fresh,91b66e20d458ab05495b74d34ddc7ac684407112b7336c2ba72b1ca11762aad7,91b66e20d458ab05495b74d34ddc7ac684407112b7336c2ba72b1ca11762aad7,10000,128,0,results/default_config_grid/AISIVI/Langevin_post/20260429_222422,/root/ruivi/tb_logs/default_config_grid/AISIVI/Langevin_post/20260429_222422,,/root/miniconda3/envs/ruivi/bin/python src.py --config configs/aisivi_Langevin_post.yaml seed=44 cuda_visible_devices=0 output.results_dir=results/default_config_grid output.tb_dir=tb_logs/default_config_grid
seed44_aisivi_lrwaveform,completed,finalize_completed,1,,AISIVI,aisivi,LRwaveform,LRwaveform,44,configs/aisivi_LRwaveform.yaml,65dd964626f9f9721bfadc49f5ed6b36b2f87fa483935fa749c563d6cd35c6e1,default-grid-effective-v1,fresh,65dd964626f9f9721bfadc49f5ed6b36b2f87fa483935fa749c563d6cd35c6e1,65dd964626f9f9721bfadc49f5ed6b36b2f87fa483935fa749c563d6cd35c6e1,10000,128,1,results/default_config_grid/AISIVI/LRwaveform/20260428_104243,/root/ruivi/tb_logs/default_config_grid/AISIVI/LRwaveform/20260428_104243,,/root/miniconda3/envs/ruivi/bin/python src.py --config configs/aisivi_LRwaveform.yaml seed=44 cuda_visible_devices=0 output.results_dir=results/default_config_grid output.tb_dir=tb_logs/default_config_grid
seed44_aisivi_multimodal,completed,finalize_completed,1,,AISIVI,aisivi,multimodal,multimodal,44,configs/aisivi_multimodal.yaml,6fc8416618e7e0ffb0d92a064fdbb1a5f9774a57028106ec6e4bfb82370d66ff,default-grid-effective-v1,fresh,6fc8416618e7e0ffb0d92a064fdbb1a5f9774a57028106ec6e4bfb82370d66ff,1655c25b02bff7b1efe5e5fa1e165cbfdd2e266fdfdc8de8ce27c4256cd9cef7,10000,128,1,results/default_config_grid/AISIVI/multimodal/20260428_104833,/root/ruivi/tb_logs/default_config_grid/AISIVI/multimodal/20260428_104833,,/root/miniconda3/envs/ruivi/bin/python src.py --config configs/aisivi_multimodal.yaml seed=44 cuda_visible_devices=0 output.results_dir=results/default_config_grid output.tb_dir=tb_logs/default_config_grid
seed44_aisivi_student_uc,completed,finalize_completed,1,,AISIVI,aisivi,student_uc,student_uc,44,configs/aisivi_student_uc.yaml,331ebe86073d697e7dc7b260791fc2a65d9ee159674bd1406169929fb22c71cc,default-grid-effective-v1,fresh,331ebe86073d697e7dc7b260791fc2a65d9ee159674bd1406169929fb22c71cc,fda3dfe2f2d6e20357bdba9b1b04dbc5f3e8ca24b2a740af254bbd10d376f20f,10000,128,2,results/default_config_grid/AISIVI/student_uc/20260428_104833,/root/ruivi/tb_logs/default_config_grid/AISIVI/student_uc/20260428_104833,,/root/miniconda3/envs/ruivi/bin/python src.py --config configs/aisivi_student_uc.yaml seed=44 cuda_visible_devices=0 output.results_dir=results/default_config_grid output.tb_dir=tb_logs/default_config_grid
seed44_aisivi_x_shaped,completed,finalize_completed,1,,AISIVI,aisivi,x_shaped,x_shaped,44,configs/aisivi_x_shaped.yaml,d23d73f44560035c2a10418498f0062404c11ec42cc3c9ea2741c0b3bceb24fa,default-grid-effective-v1,fresh,d23d73f44560035c2a10418498f0062404c11ec42cc3c9ea2741c0b3bceb24fa,4fc237c13e485af005b7b9020b45cc2de8a5a0fcc3d0a9628f93c9e6cf41a55d,10000,128,3,results/default_config_grid/AISIVI/x_shaped/20260428_104833,/root/ruivi/tb_logs/default_config_grid/AISIVI/x_shaped/20260428_104833,,/root/miniconda3/envs/ruivi/bin/python src.py --config configs/aisivi_x_shaped.yaml seed=44 cuda_visible_devices=0 output.results_dir=results/default_config_grid output.tb_dir=tb_logs/default_config_grid
seed44_dsivi_8_gaussians,completed,finalize_completed,1,,DSIVI,dsivi,8_gaussians,8_gaussians,44,configs/dsivi_8_gaussians.yaml,ab0088b373c3eca257f629c7a60cabac8ad9d726bee967ad4f09576947def026,default-grid-effective-v1,fresh,ab0088b373c3eca257f629c7a60cabac8ad9d726bee967ad4f09576947def026,07f73abdc21417da4382994af26431181993ea45247b156929cba4b198a35528,10000,128,0,results/default_config_grid/DSIVI/8_gaussians/20260428_104907,/root/ruivi/tb_logs/default_config_grid/DSIVI/8_gaussians/20260428_104907,,/root/miniconda3/envs/ruivi/bin/python src.py --config configs/dsivi_8_gaussians.yaml seed=44 cuda_visible_devices=0 output.results_dir=results/default_config_grid output.tb_dir=tb_logs/default_config_grid
seed44_dsivi_banana,completed,finalize_completed,1,,DSIVI,dsivi,banana,banana,44,configs/dsivi_banana.yaml,7134d9fb1f3bef8a9c5adc616d4ad46d6cc7ef6d9910a57a3597069b757f5407,default-grid-effective-v1,fresh,7134d9fb1f3bef8a9c5adc616d4ad46d6cc7ef6d9910a57a3597069b757f5407,91d931b38483faa4b3b85db91213513c1f4ab21d1830094b350c25aaeacf89d1,10000,128,0,results/default_config_grid/DSIVI/banana/20260428_105219,/root/ruivi/tb_logs/default_config_grid/DSIVI/banana/20260428_105219,,/root/miniconda3/envs/ruivi/bin/python src.py --config configs/dsivi_banana.yaml seed=44 cuda_visible_devices=0 output.results_dir=results/default_config_grid output.tb_dir=tb_logs/default_config_grid
seed44_dsivi_bnn_boston,completed,finalize_completed,1,,DSIVI,dsivi,Bnn_boston,Bnn_boston,44,configs/dsivi_Bnn_boston.yaml,618527f8880eeb195cf37b34d73ad748c185a92f484b0f98a1328e99c6c375dc,default-grid-effective-v1,fresh,618527f8880eeb195cf37b34d73ad748c185a92f484b0f98a1328e99c6c375dc,6e74be23317e7c864664f1aeb17708a23917d024185f810a34312055f5606998,10000,128,1,results/default_config_grid/DSIVI/Bnn_boston/20260428_105428,/root/ruivi/tb_logs/default_config_grid/DSIVI/Bnn_boston/20260428_105428,,/root/miniconda3/envs/ruivi/bin/python src.py --config configs/dsivi_Bnn_boston.yaml seed=44 cuda_visible_devices=0 output.results_dir=results/default_config_grid output.tb_dir=tb_logs/default_config_grid
seed44_dsivi_bnn_concrete,completed,finalize_completed,1,,DSIVI,dsivi,Bnn_concrete,Bnn_concrete,44,configs/dsivi_Bnn_concrete.yaml,cba73d3e7f1d37dba9018bfae96d67ac332c0475e9175eb169e238f50d51ae7f,default-grid-effective-v1,fresh,cba73d3e7f1d37dba9018bfae96d67ac332c0475e9175eb169e238f50d51ae7f,d1dcc4acfc80739ee8c692519e64ba52bea1cb499252cce9033df6ac4e11afb5,10000,128,2,results/default_config_grid/DSIVI/Bnn_concrete/20260428_105427,/root/ruivi/tb_logs/default_config_grid/DSIVI/Bnn_concrete/20260428_105427,,/root/miniconda3/envs/ruivi/bin/python src.py --config configs/dsivi_Bnn_concrete.yaml seed=44 cuda_visible_devices=0 output.results_dir=results/default_config_grid output.tb_dir=tb_logs/default_config_grid
seed44_dsivi_bnn_power,completed,finalize_completed,1,,DSIVI,dsivi,Bnn_power,Bnn_power,44,configs/dsivi_Bnn_power.yaml,20f995179b2907324b1916441a703fbeb9b83e8eff3ca2974ddade012026fc04,default-grid-effective-v1,fresh,20f995179b2907324b1916441a703fbeb9b83e8eff3ca2974ddade012026fc04,d7c632e45f315f80890ba36b1692738d92db36cf792f19b77af92bda430d4a00,10000,128,3,results/default_config_grid/DSIVI/Bnn_power/20260428_105437,/root/ruivi/tb_logs/default_config_grid/DSIVI/Bnn_power/20260428_105437,,/root/miniconda3/envs/ruivi/bin/python src.py --config configs/dsivi_Bnn_power.yaml seed=44 cuda_visible_devices=0 output.results_dir=results/default_config_grid output.tb_dir=tb_logs/default_config_grid
seed44_dsivi_bnn_protein,completed,finalize_completed,1,,DSIVI,dsivi,Bnn_protein,Bnn_protein,44,configs/dsivi_Bnn_protein.yaml,84e9b4e45482aeb164e7c3dce75c993cb6c658402e2e14d991b18cc1f19ff8ec,default-grid-effective-v1,fresh,84e9b4e45482aeb164e7c3dce75c993cb6c658402e2e14d991b18cc1f19ff8ec,3ecc765aa320428b3103a30ec60ecfeb3306e46fb1f7e444af27b1fac0811bdf,10000,128,0,results/default_config_grid/DSIVI/Bnn_protein/20260428_105728,/root/ruivi/tb_logs/default_config_grid/DSIVI/Bnn_protein/20260428_105728,,/root/miniconda3/envs/ruivi/bin/python src.py --config configs/dsivi_Bnn_protein.yaml seed=44 cuda_visible_devices=0 output.results_dir=results/default_config_grid output.tb_dir=tb_logs/default_config_grid
seed44_dsivi_bnn_winered,completed,finalize_completed,2,,DSIVI,dsivi,Bnn_winered,Bnn_winered,44,configs/dsivi_Bnn_winered.yaml,3b686d5710e20a50506f6bc9fd493b3a061fda80ef564d9ea1222d486d4795e9,default-grid-effective-v1,fresh,3b686d5710e20a50506f6bc9fd493b3a061fda80ef564d9ea1222d486d4795e9,e05c8fa404a814f9f21002bcde9caa70901e793f9149cb480c8ea5b65080b1c6,10000,128,2,results/default_config_grid/DSIVI/Bnn_winered/20260501_165556,/root/ruivi/tb_logs/default_config_grid/DSIVI/Bnn_winered/20260501_165556,,/root/miniconda3/envs/ruivi/bin/python src.py --config configs/dsivi_Bnn_winered.yaml seed=44 cuda_visible_devices=0 output.results_dir=results/default_config_grid output.tb_dir=tb_logs/default_config_grid
seed44_dsivi_bnn_yacht,completed,finalize_completed,2,,DSIVI,dsivi,Bnn_yacht,Bnn_yacht,44,configs/dsivi_Bnn_yacht.yaml,3402b95b814b22df03f43c6f3ca07e5d2044a7b8474b83717299099f5f221ed7,default-grid-effective-v1,fresh,3402b95b814b22df03f43c6f3ca07e5d2044a7b8474b83717299099f5f221ed7,8627e58eb02a7a095de4bc1b8cd0e205302242b5499f9f7536eca1bb58744212,10000,128,3,results/default_config_grid/DSIVI/Bnn_yacht/20260501_165635,/root/ruivi/tb_logs/default_config_grid/DSIVI/Bnn_yacht/20260501_165635,,/root/miniconda3/envs/ruivi/bin/python src.py --config configs/dsivi_Bnn_yacht.yaml seed=44 cuda_visible_devices=0 output.results_dir=results/default_config_grid output.tb_dir=tb_logs/default_config_grid
seed44_dsivi_langevin_post,completed,finalize_completed,2,,DSIVI,dsivi,Langevin_post,Langevin_post,44,configs/dsivi_Langevin_post.yaml,fcb1f1fafd4c964e4878a2acf8641c916879cfcbdf63afc624065ca8080b093c,default-grid-effective-v1,fresh,fcb1f1fafd4c964e4878a2acf8641c916879cfcbdf63afc624065ca8080b093c,763e28bcb9a6c3e4555fa1d6b7fcf981a4c2092caa4e2198e5f266482a879d36,10000,128,1,results/default_config_grid/DSIVI/Langevin_post/20260429_222451,/root/ruivi/tb_logs/default_config_grid/DSIVI/Langevin_post/20260429_222451,,/root/miniconda3/envs/ruivi/bin/python src.py --config configs/dsivi_Langevin_post.yaml seed=44 cuda_visible_devices=0 output.results_dir=results/default_config_grid output.tb_dir=tb_logs/default_config_grid
seed44_dsivi_lrwaveform,completed,finalize_completed,1,,DSIVI,dsivi,LRwaveform,LRwaveform,44,configs/dsivi_LRwaveform.yaml,076061b703f67bcf8110a800f2df9efb6a442715dc1bde3e6ec82539013ce2eb,default-grid-effective-v1,fresh,076061b703f67bcf8110a800f2df9efb6a442715dc1bde3e6ec82539013ce2eb,0341fd5f245a3ba3abfbd4cce2a847916d6769335131ef3a234673b3842e37d4,10000,128,0,results/default_config_grid/DSIVI/LRwaveform/20260428_110033,/root/ruivi/tb_logs/default_config_grid/DSIVI/LRwaveform/20260428_110033,,/root/miniconda3/envs/ruivi/bin/python src.py --config configs/dsivi_LRwaveform.yaml seed=44 cuda_visible_devices=0 output.results_dir=results/default_config_grid output.tb_dir=tb_logs/default_config_grid
seed44_dsivi_multimodal,completed,finalize_completed,1,,DSIVI,dsivi,multimodal,multimodal,44,configs/dsivi_multimodal.yaml,fd4c0b7b6f23b7f3d71f1902f349d76a82de53037dc9d682b87fdc832cb32ccc,default-grid-effective-v1,fresh,fd4c0b7b6f23b7f3d71f1902f349d76a82de53037dc9d682b87fdc832cb32ccc,1b0fc2f44394c09f41358a17387f663bb485d65314bfe9facc4684c3ce893936,10000,128,1,results/default_config_grid/DSIVI/multimodal/20260428_110033,/root/ruivi/tb_logs/default_config_grid/DSIVI/multimodal/20260428_110033,,/root/miniconda3/envs/ruivi/bin/python src.py --config configs/dsivi_multimodal.yaml seed=44 cuda_visible_devices=0 output.results_dir=results/default_config_grid output.tb_dir=tb_logs/default_config_grid
seed44_dsivi_student_uc,completed,finalize_completed,1,,DSIVI,dsivi,student_uc,student_uc,44,configs/dsivi_student_uc.yaml,a7f94771a5179da427775c5970bc12a4540f7e77ac7e3e534594086fc395784c,default-grid-effective-v1,fresh,a7f94771a5179da427775c5970bc12a4540f7e77ac7e3e534594086fc395784c,5c7801e150048071f0f7d1afb571ba8be347e0b1446a4af422e833d73e28077a,10000,128,2,results/default_config_grid/DSIVI/student_uc/20260428_110033,/root/ruivi/tb_logs/default_config_grid/DSIVI/student_uc/20260428_110033,,/root/miniconda3/envs/ruivi/bin/python src.py --config configs/dsivi_student_uc.yaml seed=44 cuda_visible_devices=0 output.results_dir=results/default_config_grid output.tb_dir=tb_logs/default_config_grid
seed44_dsivi_x_shaped,completed,finalize_completed,1,,DSIVI,dsivi,x_shaped,x_shaped,44,configs/dsivi_x_shaped.yaml,8bbbd45e77a4deee92679794fa29a396e9b86eee6cb18b483cc55e3a3cb601ac,default-grid-effective-v1,fresh,8bbbd45e77a4deee92679794fa29a396e9b86eee6cb18b483cc55e3a3cb601ac,9956b375e973681c2766fe9c27c405d1a346af2e19c6f45ca7545534b082f336,10000,128,1,results/default_config_grid/DSIVI/x_shaped/20260428_110339,/root/ruivi/tb_logs/default_config_grid/DSIVI/x_shaped/20260428_110339,,/root/miniconda3/envs/ruivi/bin/python src.py --config configs/dsivi_x_shaped.yaml seed=44 cuda_visible_devices=0 output.results_dir=results/default_config_grid output.tb_dir=tb_logs/default_config_grid
seed44_ksivi_8_gaussians,completed,finalize_completed,1,,KSIVI,ksivi,8_gaussians,8_gaussians,44,configs/ksivi_8_gaussians.yaml,18c501218afa292beb78fb7b6b7ad7f6d01bc06318b3ca274013c286e7680429,default-grid-effective-v1,fresh,18c501218afa292beb78fb7b6b7ad7f6d01bc06318b3ca274013c286e7680429,1e65b31fbb9600d29fd9ec80fc1e2ed5bfabfeaad74d8ae1431d062faec443e8,50000,128,2,results/default_config_grid/KSIVI/8_gaussians/20260428_110339,/root/ruivi/tb_logs/default_config_grid/KSIVI/8_gaussians/20260428_110339,,/root/miniconda3/envs/ruivi/bin/python src.py --config configs/ksivi_8_gaussians.yaml seed=44 cuda_visible_devices=0 output.results_dir=results/default_config_grid output.tb_dir=tb_logs/default_config_grid
seed44_ksivi_banana,completed,finalize_completed,1,,KSIVI,ksivi,banana,banana,44,configs/ksivi_banana.yaml,bd6ddba7cd810300a65c8fe4c28978a439799e6f3dd1c691f18089894a255e26,default-grid-effective-v1,fresh,bd6ddba7cd810300a65c8fe4c28978a439799e6f3dd1c691f18089894a255e26,0d429b3fce184bdb2730a409060e8f0d20a84ef750f23a60dc4045409e471c5c,50000,128,3,results/default_config_grid/KSIVI/banana/20260428_110339,/root/ruivi/tb_logs/default_config_grid/KSIVI/banana/20260428_110339,,/root/miniconda3/envs/ruivi/bin/python src.py --config configs/ksivi_banana.yaml seed=44 cuda_visible_devices=0 output.results_dir=results/default_config_grid output.tb_dir=tb_logs/default_config_grid
seed44_ksivi_bnn_boston,completed,finalize_completed,1,,KSIVI,ksivi,Bnn_boston,Bnn_boston,44,configs/ksivi_Bnn_boston.yaml,aeaf4b5a54ee4554f017fa416b6976340fb33c522f334a122d0b28ad4dfd5210,default-grid-effective-v1,fresh,aeaf4b5a54ee4554f017fa416b6976340fb33c522f334a122d0b28ad4dfd5210,aeaf4b5a54ee4554f017fa416b6976340fb33c522f334a122d0b28ad4dfd5210,100000,128,0,results/default_config_grid/KSIVI/Bnn_boston/20260428_110347,/root/ruivi/tb_logs/default_config_grid/KSIVI/Bnn_boston/20260428_110347,,/root/miniconda3/envs/ruivi/bin/python src.py --config configs/ksivi_Bnn_boston.yaml seed=44 cuda_visible_devices=0 output.results_dir=results/default_config_grid output.tb_dir=tb_logs/default_config_grid
seed44_ksivi_bnn_concrete,completed,finalize_completed,1,,KSIVI,ksivi,Bnn_concrete,Bnn_concrete,44,configs/ksivi_Bnn_concrete.yaml,e697cdd92e525b76476854babbf32fff7c818f6584d22592616c675478a4e31f,default-grid-effective-v1,fresh,e697cdd92e525b76476854babbf32fff7c818f6584d22592616c675478a4e31f,e697cdd92e525b76476854babbf32fff7c818f6584d22592616c675478a4e31f,100000,128,1,results/default_config_grid/KSIVI/Bnn_concrete/20260428_110655,/root/ruivi/tb_logs/default_config_grid/KSIVI/Bnn_concrete/20260428_110655,,/root/miniconda3/envs/ruivi/bin/python src.py --config configs/ksivi_Bnn_concrete.yaml seed=44 cuda_visible_devices=0 output.results_dir=results/default_config_grid output.tb_dir=tb_logs/default_config_grid
seed44_ksivi_bnn_power,completed,finalize_completed,1,,KSIVI,ksivi,Bnn_power,Bnn_power,44,configs/ksivi_Bnn_power.yaml,6e4e40ee66aa2dbfd199751907a914513f3e7a55fc61ac87b849bca21eef1709,default-grid-effective-v1,fresh,6e4e40ee66aa2dbfd199751907a914513f3e7a55fc61ac87b849bca21eef1709,6e4e40ee66aa2dbfd199751907a914513f3e7a55fc61ac87b849bca21eef1709,100000,128,2,results/default_config_grid/KSIVI/Bnn_power/20260428_110957,/root/ruivi/tb_logs/default_config_grid/KSIVI/Bnn_power/20260428_110957,,/root/miniconda3/envs/ruivi/bin/python src.py --config configs/ksivi_Bnn_power.yaml seed=44 cuda_visible_devices=0 output.results_dir=results/default_config_grid output.tb_dir=tb_logs/default_config_grid
seed44_ksivi_bnn_protein,completed,finalize_completed,1,,KSIVI,ksivi,Bnn_protein,Bnn_protein,44,configs/ksivi_Bnn_protein.yaml,eb1841163333dced8d93cfacce9b627900e9f5665329b559163d673cfcda2c83,default-grid-effective-v1,fresh,eb1841163333dced8d93cfacce9b627900e9f5665329b559163d673cfcda2c83,eb1841163333dced8d93cfacce9b627900e9f5665329b559163d673cfcda2c83,100000,128,3,results/default_config_grid/KSIVI/Bnn_protein/20260428_110957,/root/ruivi/tb_logs/default_config_grid/KSIVI/Bnn_protein/20260428_110957,,/root/miniconda3/envs/ruivi/bin/python src.py --config configs/ksivi_Bnn_protein.yaml seed=44 cuda_visible_devices=0 output.results_dir=results/default_config_grid output.tb_dir=tb_logs/default_config_grid
seed44_ksivi_bnn_winered,completed,finalize_completed,2,,KSIVI,ksivi,Bnn_winered,Bnn_winered,44,configs/ksivi_Bnn_winered.yaml,bf76dc3bf8b0875570ad5c92d8431fbaad7f563fd03ee4be57d82d7cd1a981c9,default-grid-effective-v1,fresh,bf76dc3bf8b0875570ad5c92d8431fbaad7f563fd03ee4be57d82d7cd1a981c9,bf76dc3bf8b0875570ad5c92d8431fbaad7f563fd03ee4be57d82d7cd1a981c9,100000,128,1,results/default_config_grid/KSIVI/Bnn_winered/20260501_170117,/root/ruivi/tb_logs/default_config_grid/KSIVI/Bnn_winered/20260501_170117,,/root/miniconda3/envs/ruivi/bin/python src.py --config configs/ksivi_Bnn_winered.yaml seed=44 cuda_visible_devices=0 output.results_dir=results/default_config_grid output.tb_dir=tb_logs/default_config_grid
seed44_ksivi_bnn_yacht,completed,finalize_completed,2,,KSIVI,ksivi,Bnn_yacht,Bnn_yacht,44,configs/ksivi_Bnn_yacht.yaml,a9874f7dc521295bb11d9b8c598555088cf106478b0cbd1da66ebb9dccf2043f,default-grid-effective-v1,fresh,a9874f7dc521295bb11d9b8c598555088cf106478b0cbd1da66ebb9dccf2043f,a9874f7dc521295bb11d9b8c598555088cf106478b0cbd1da66ebb9dccf2043f,100000,128,2,results/default_config_grid/KSIVI/Bnn_yacht/20260501_170117,/root/ruivi/tb_logs/default_config_grid/KSIVI/Bnn_yacht/20260501_170117,,/root/miniconda3/envs/ruivi/bin/python src.py --config configs/ksivi_Bnn_yacht.yaml seed=44 cuda_visible_devices=0 output.results_dir=results/default_config_grid output.tb_dir=tb_logs/default_config_grid
seed44_ksivi_langevin_post,completed,finalize_completed,2,,KSIVI,ksivi,Langevin_post,Langevin_post,44,configs/ksivi_Langevin_post.yaml,47878701c0ff3159eac7d22befc52f9ed43d5ab878d147f7e14065160ca59685,default-grid-effective-v1,fresh,47878701c0ff3159eac7d22befc52f9ed43d5ab878d147f7e14065160ca59685,47878701c0ff3159eac7d22befc52f9ed43d5ab878d147f7e14065160ca59685,50000,128,2,results/default_config_grid/KSIVI/Langevin_post/20260429_222522,/root/ruivi/tb_logs/default_config_grid/KSIVI/Langevin_post/20260429_222522,,/root/miniconda3/envs/ruivi/bin/python src.py --config configs/ksivi_Langevin_post.yaml seed=44 cuda_visible_devices=0 output.results_dir=results/default_config_grid output.tb_dir=tb_logs/default_config_grid
seed44_ksivi_lrwaveform,completed,finalize_completed,1,,KSIVI,ksivi,LRwaveform,LRwaveform,44,configs/ksivi_LRwaveform.yaml,c26c7b85ed4b79354f78bf8760bd66c30cb425fc792343deebd6730c0c4b309f,default-grid-effective-v1,fresh,c26c7b85ed4b79354f78bf8760bd66c30cb425fc792343deebd6730c0c4b309f,c26c7b85ed4b79354f78bf8760bd66c30cb425fc792343deebd6730c0c4b309f,50000,128,3,results/default_config_grid/KSIVI/LRwaveform/20260428_112647,/root/ruivi/tb_logs/default_config_grid/KSIVI/LRwaveform/20260428_112647,,/root/miniconda3/envs/ruivi/bin/python src.py --config configs/ksivi_LRwaveform.yaml seed=44 cuda_visible_devices=0 output.results_dir=results/default_config_grid output.tb_dir=tb_logs/default_config_grid
seed44_ksivi_multimodal,completed,finalize_completed,1,,KSIVI,ksivi,multimodal,multimodal,44,configs/ksivi_multimodal.yaml,7d1f7fde780d2e5462f4486e793e4dd6b288c038ba38672f1c6d6db884f99b7f,default-grid-effective-v1,fresh,7d1f7fde780d2e5462f4486e793e4dd6b288c038ba38672f1c6d6db884f99b7f,eb2b4fc62ef9c28fe0f3fbabe1436b682b03254f5506bda7213951287478e7f9,50000,128,3,results/default_config_grid/KSIVI/multimodal/20260428_113217,/root/ruivi/tb_logs/default_config_grid/KSIVI/multimodal/20260428_113217,,/root/miniconda3/envs/ruivi/bin/python src.py --config configs/ksivi_multimodal.yaml seed=44 cuda_visible_devices=0 output.results_dir=results/default_config_grid output.tb_dir=tb_logs/default_config_grid
seed44_ksivi_student_uc,completed,finalize_completed,1,,KSIVI,ksivi,student_uc,student_uc,44,configs/ksivi_student_uc.yaml,1cef86ae71afac700131d10eea9a11bb102c4e4b17a7e18111be35329353e824,default-grid-effective-v1,fresh,1cef86ae71afac700131d10eea9a11bb102c4e4b17a7e18111be35329353e824,8b3c931c3062a6b0290b701ab041b9aa765eff825afe76207116ea10a36470bc,50000,128,2,results/default_config_grid/KSIVI/student_uc/20260428_113530,/root/ruivi/tb_logs/default_config_grid/KSIVI/student_uc/20260428_113530,,/root/miniconda3/envs/ruivi/bin/python src.py --config configs/ksivi_student_uc.yaml seed=44 cuda_visible_devices=0 output.results_dir=results/default_config_grid output.tb_dir=tb_logs/default_config_grid
seed44_ksivi_x_shaped,completed,finalize_completed,1,,KSIVI,ksivi,x_shaped,x_shaped,44,configs/ksivi_x_shaped.yaml,b4c5e235a21e961f9c20646e34d83d68ef7c8d1648cde1e028142c74f5314d77,default-grid-effective-v1,fresh,b4c5e235a21e961f9c20646e34d83d68ef7c8d1648cde1e028142c74f5314d77,8dbcba374197cdaa30ccc75afba946afe87317750198b84a131da3292634a7f6,50000,128,0,results/default_config_grid/KSIVI/x_shaped/20260428_113846,/root/ruivi/tb_logs/default_config_grid/KSIVI/x_shaped/20260428_113846,,/root/miniconda3/envs/ruivi/bin/python src.py --config configs/ksivi_x_shaped.yaml seed=44 cuda_visible_devices=0 output.results_dir=results/default_config_grid output.tb_dir=tb_logs/default_config_grid
seed45_sivi_8_gaussians,completed,finalize_completed,1,,SIVI,sivi,8_gaussians,8_gaussians,45,configs/sivi_8_gaussians.yaml,b600fc4fb1000c68b12da44f253a84f27a6b5bf5b55c3f7ac6ff931c796ca4d0,default-grid-effective-v1,fresh,b600fc4fb1000c68b12da44f253a84f27a6b5bf5b55c3f7ac6ff931c796ca4d0,b954b5cfc60642e51454ab66ef3115467daa1d29a6815b5c62c6d50e697967cd,10000,128,3,results/default_config_grid/SIVI/8_gaussians/20260428_113846,/root/ruivi/tb_logs/default_config_grid/SIVI/8_gaussians/20260428_113846,,/root/miniconda3/envs/ruivi/bin/python src.py --config configs/sivi_8_gaussians.yaml seed=45 cuda_visible_devices=0 output.results_dir=results/default_config_grid output.tb_dir=tb_logs/default_config_grid
seed45_sivi_banana,completed,finalize_completed,1,,SIVI,sivi,banana,banana,45,configs/sivi_banana.yaml,10cb72f434ee5e4442bdb3545f652a71637b38667fa8818b0014eb0cad4c4f6e,default-grid-effective-v1,fresh,10cb72f434ee5e4442bdb3545f652a71637b38667fa8818b0014eb0cad4c4f6e,1dfc183278834da8e8ba859e6111a3287e3c9f57601d6c1a1bdd46c2f733b6c9,10000,128,2,results/default_config_grid/SIVI/banana/20260428_114159,/root/ruivi/tb_logs/default_config_grid/SIVI/banana/20260428_114159,,/root/miniconda3/envs/ruivi/bin/python src.py --config configs/sivi_banana.yaml seed=45 cuda_visible_devices=0 output.results_dir=results/default_config_grid output.tb_dir=tb_logs/default_config_grid
seed45_sivi_bnn_boston,completed,finalize_completed,2,,SIVI,sivi,Bnn_boston,Bnn_boston,45,configs/sivi_Bnn_boston.yaml,679615634ba379ff0e5dc7d8e5a045c3b37451b52c66463f4f1bc09531b3496b,default-grid-effective-v1,fresh,679615634ba379ff0e5dc7d8e5a045c3b37451b52c66463f4f1bc09531b3496b,679615634ba379ff0e5dc7d8e5a045c3b37451b52c66463f4f1bc09531b3496b,10000,128,3,results/default_config_grid/SIVI/Bnn_boston/20260501_170117,/root/ruivi/tb_logs/default_config_grid/SIVI/Bnn_boston/20260501_170117,,/root/miniconda3/envs/ruivi/bin/python src.py --config configs/sivi_Bnn_boston.yaml seed=45 cuda_visible_devices=0 output.results_dir=results/default_config_grid output.tb_dir=tb_logs/default_config_grid
seed45_sivi_bnn_concrete,completed,finalize_completed,2,,SIVI,sivi,Bnn_concrete,Bnn_concrete,45,configs/sivi_Bnn_concrete.yaml,abf51c8165de892e7d995d06733d0702658a2c825f9eecff4c7817f1e2750571,default-grid-effective-v1,fresh,abf51c8165de892e7d995d06733d0702658a2c825f9eecff4c7817f1e2750571,abf51c8165de892e7d995d06733d0702658a2c825f9eecff4c7817f1e2750571,10000,128,0,results/default_config_grid/SIVI/Bnn_concrete/20260501_170152,/root/ruivi/tb_logs/default_config_grid/SIVI/Bnn_concrete/20260501_170152,,/root/miniconda3/envs/ruivi/bin/python src.py --config configs/sivi_Bnn_concrete.yaml seed=45 cuda_visible_devices=0 output.results_dir=results/default_config_grid output.tb_dir=tb_logs/default_config_grid
seed45_sivi_bnn_power,completed,finalize_completed,2,,SIVI,sivi,Bnn_power,Bnn_power,45,configs/sivi_Bnn_power.yaml,be42f11795a5ec2c2317e9af77a9e066d51dd8538f2bec56c17393707b21bd19,default-grid-effective-v1,fresh,be42f11795a5ec2c2317e9af77a9e066d51dd8538f2bec56c17393707b21bd19,be42f11795a5ec2c2317e9af77a9e066d51dd8538f2bec56c17393707b21bd19,10000,128,0,results/default_config_grid/SIVI/Bnn_power/20260501_170830,/root/ruivi/tb_logs/default_config_grid/SIVI/Bnn_power/20260501_170830,,/root/miniconda3/envs/ruivi/bin/python src.py --config configs/sivi_Bnn_power.yaml seed=45 cuda_visible_devices=0 output.results_dir=results/default_config_grid output.tb_dir=tb_logs/default_config_grid
seed45_sivi_bnn_protein,completed,finalize_completed,2,,SIVI,sivi,Bnn_protein,Bnn_protein,45,configs/sivi_Bnn_protein.yaml,30176f08824a6d7a3b29ea5d8d54e302dc21299f06167f46eafc540323c08d5f,default-grid-effective-v1,fresh,30176f08824a6d7a3b29ea5d8d54e302dc21299f06167f46eafc540323c08d5f,30176f08824a6d7a3b29ea5d8d54e302dc21299f06167f46eafc540323c08d5f,10000,128,3,results/default_config_grid/SIVI/Bnn_protein/20260501_171202,/root/ruivi/tb_logs/default_config_grid/SIVI/Bnn_protein/20260501_171202,,/root/miniconda3/envs/ruivi/bin/python src.py --config configs/sivi_Bnn_protein.yaml seed=45 cuda_visible_devices=0 output.results_dir=results/default_config_grid output.tb_dir=tb_logs/default_config_grid
seed45_sivi_bnn_winered,completed,finalize_completed,2,,SIVI,sivi,Bnn_winered,Bnn_winered,45,configs/sivi_Bnn_winered.yaml,a170a9f067e39f393b85de642bdbb00d8a2987d6516c34f732dee616eb51ad2f,default-grid-effective-v1,fresh,a170a9f067e39f393b85de642bdbb00d8a2987d6516c34f732dee616eb51ad2f,a170a9f067e39f393b85de642bdbb00d8a2987d6516c34f732dee616eb51ad2f,10000,128,0,results/default_config_grid/SIVI/Bnn_winered/20260501_171259,/root/ruivi/tb_logs/default_config_grid/SIVI/Bnn_winered/20260501_171259,,/root/miniconda3/envs/ruivi/bin/python src.py --config configs/sivi_Bnn_winered.yaml seed=45 cuda_visible_devices=0 output.results_dir=results/default_config_grid output.tb_dir=tb_logs/default_config_grid
seed45_sivi_bnn_yacht,completed,finalize_completed,2,,SIVI,sivi,Bnn_yacht,Bnn_yacht,45,configs/sivi_Bnn_yacht.yaml,573aa14c8c9eb8d263b3fbd12e43832c318638ec17feea52263837dbb65e2f7b,default-grid-effective-v1,fresh,573aa14c8c9eb8d263b3fbd12e43832c318638ec17feea52263837dbb65e2f7b,573aa14c8c9eb8d263b3fbd12e43832c318638ec17feea52263837dbb65e2f7b,10000,128,2,results/default_config_grid/SIVI/Bnn_yacht/20260501_171821,/root/ruivi/tb_logs/default_config_grid/SIVI/Bnn_yacht/20260501_171821,,/root/miniconda3/envs/ruivi/bin/python src.py --config configs/sivi_Bnn_yacht.yaml seed=45 cuda_visible_devices=0 output.results_dir=results/default_config_grid output.tb_dir=tb_logs/default_config_grid
seed45_sivi_langevin_post,completed,finalize_completed,2,,SIVI,sivi,Langevin_post,Langevin_post,45,configs/sivi_Langevin_post.yaml,227dfb1b567233c5d29c71dc72f36f73acec104b64ffb08ac289507fb8b255d8,default-grid-effective-v1,fresh,227dfb1b567233c5d29c71dc72f36f73acec104b64ffb08ac289507fb8b255d8,227dfb1b567233c5d29c71dc72f36f73acec104b64ffb08ac289507fb8b255d8,10000,128,0,results/default_config_grid/SIVI/Langevin_post/20260429_230724,/root/ruivi/tb_logs/default_config_grid/SIVI/Langevin_post/20260429_230724,,/root/miniconda3/envs/ruivi/bin/python src.py --config configs/sivi_Langevin_post.yaml seed=45 cuda_visible_devices=0 output.results_dir=results/default_config_grid output.tb_dir=tb_logs/default_config_grid
seed45_sivi_lrwaveform,completed,finalize_completed,1,,SIVI,sivi,LRwaveform,LRwaveform,45,configs/sivi_LRwaveform.yaml,6de4e20229d84416b70c59e63583197751766d26a94f838122977cdfa1f9c371,default-grid-effective-v1,fresh,6de4e20229d84416b70c59e63583197751766d26a94f838122977cdfa1f9c371,6de4e20229d84416b70c59e63583197751766d26a94f838122977cdfa1f9c371,10000,128,2,results/default_config_grid/SIVI/LRwaveform/20260428_115234,/root/ruivi/tb_logs/default_config_grid/SIVI/LRwaveform/20260428_115234,,/root/miniconda3/envs/ruivi/bin/python src.py --config configs/sivi_LRwaveform.yaml seed=45 cuda_visible_devices=0 output.results_dir=results/default_config_grid output.tb_dir=tb_logs/default_config_grid
seed45_sivi_multimodal,completed,finalize_completed,1,,SIVI,sivi,multimodal,multimodal,45,configs/sivi_multimodal.yaml,745587080cc685a3a0026fad16a6a292cc49316afd4b9b96f16b6ad83e1c86f6,default-grid-effective-v1,fresh,745587080cc685a3a0026fad16a6a292cc49316afd4b9b96f16b6ad83e1c86f6,e24306af098064b83418a8452c228b9cd8c13f3b1e63d3df51eb60b57ea17ef0,10000,128,2,results/default_config_grid/SIVI/multimodal/20260428_115555,/root/ruivi/tb_logs/default_config_grid/SIVI/multimodal/20260428_115555,,/root/miniconda3/envs/ruivi/bin/python src.py --config configs/sivi_multimodal.yaml seed=45 cuda_visible_devices=0 output.results_dir=results/default_config_grid output.tb_dir=tb_logs/default_config_grid
seed45_sivi_student_uc,completed,finalize_completed,1,,SIVI,sivi,student_uc,student_uc,45,configs/sivi_student_uc.yaml,dddfca24bb7d1e93abb6281486442d246f85ce8efba1a3b107af74fe7369491a,default-grid-effective-v1,fresh,dddfca24bb7d1e93abb6281486442d246f85ce8efba1a3b107af74fe7369491a,305d14b66af2e298f4f07b5fa976bc36471b1427686d3d7c7bad22ace29aecbf,10000,128,0,results/default_config_grid/SIVI/student_uc/20260428_115832,/root/ruivi/tb_logs/default_config_grid/SIVI/student_uc/20260428_115832,,/root/miniconda3/envs/ruivi/bin/python src.py --config configs/sivi_student_uc.yaml seed=45 cuda_visible_devices=0 output.results_dir=results/default_config_grid output.tb_dir=tb_logs/default_config_grid
seed45_sivi_x_shaped,completed,finalize_completed,1,,SIVI,sivi,x_shaped,x_shaped,45,configs/sivi_x_shaped.yaml,ea197bf154957bbb660d4b3572df0448e03e81bf2205d2ee3fee16ce1fafacac,default-grid-effective-v1,fresh,ea197bf154957bbb660d4b3572df0448e03e81bf2205d2ee3fee16ce1fafacac,bf4a32ee212d1ad5cd0bd17b53b05235fb17319a9e86eaa3c36a5c052b98138f,10000,128,3,results/default_config_grid/SIVI/x_shaped/20260428_115832,/root/ruivi/tb_logs/default_config_grid/SIVI/x_shaped/20260428_115832,,/root/miniconda3/envs/ruivi/bin/python src.py --config configs/sivi_x_shaped.yaml seed=45 cuda_visible_devices=0 output.results_dir=results/default_config_grid output.tb_dir=tb_logs/default_config_grid
seed45_uivi_8_gaussians,completed,finalize_completed,1,,UIVI,uivi,8_gaussians,8_gaussians,45,configs/uivi_8_gaussians.yaml,c71d3462f2fcd64cb9a6cb5419fafabf2368410ff17d26b8cadc4ee7b01523f3,default-grid-effective-v1,fresh,c71d3462f2fcd64cb9a6cb5419fafabf2368410ff17d26b8cadc4ee7b01523f3,198d1889b8b7b68b6658dffcdfa8b5d6df639e4f4a3839d8dd3a73c2d861ee6f,10000,128,2,results/default_config_grid/UIVI/8_gaussians/20260428_115838,/root/ruivi/tb_logs/default_config_grid/UIVI/8_gaussians/20260428_115838,,/root/miniconda3/envs/ruivi/bin/python src.py --config configs/uivi_8_gaussians.yaml seed=45 cuda_visible_devices=0 output.results_dir=results/default_config_grid output.tb_dir=tb_logs/default_config_grid
seed45_uivi_banana,completed,finalize_completed,1,,UIVI,uivi,banana,banana,45,configs/uivi_banana.yaml,ba2d2661f096abe8aa7f07719f9a396645d421794af93f01d86664278eda0330,default-grid-effective-v1,fresh,ba2d2661f096abe8aa7f07719f9a396645d421794af93f01d86664278eda0330,2d986f336cde5a70fb2c50f674734eb7967ebd089048f9f6199edb53b2901ed6,10000,128,0,results/default_config_grid/UIVI/banana/20260428_120155,/root/ruivi/tb_logs/default_config_grid/UIVI/banana/20260428_120155,,/root/miniconda3/envs/ruivi/bin/python src.py --config configs/uivi_banana.yaml seed=45 cuda_visible_devices=0 output.results_dir=results/default_config_grid output.tb_dir=tb_logs/default_config_grid
seed45_uivi_bnn_boston,completed,finalize_completed,2,,UIVI,uivi,Bnn_boston,Bnn_boston,45,configs/uivi_Bnn_boston.yaml,2b4a122ae7e7fd582658ef153f90e422420e98674cbec46020de53a2e0c3f67e,default-grid-effective-v1,fresh,2b4a122ae7e7fd582658ef153f90e422420e98674cbec46020de53a2e0c3f67e,2b4a122ae7e7fd582658ef153f90e422420e98674cbec46020de53a2e0c3f67e,10000,128,1,results/default_config_grid/UIVI/Bnn_boston/20260501_171917,/root/ruivi/tb_logs/default_config_grid/UIVI/Bnn_boston/20260501_171917,,/root/miniconda3/envs/ruivi/bin/python src.py --config configs/uivi_Bnn_boston.yaml seed=45 cuda_visible_devices=0 output.results_dir=results/default_config_grid output.tb_dir=tb_logs/default_config_grid
seed45_uivi_bnn_concrete,completed,finalize_completed,2,,UIVI,uivi,Bnn_concrete,Bnn_concrete,45,configs/uivi_Bnn_concrete.yaml,d8d9ac47618cba3423039529fe534eb6cb5a7709123636e6220a233a256415de,default-grid-effective-v1,fresh,d8d9ac47618cba3423039529fe534eb6cb5a7709123636e6220a233a256415de,d8d9ac47618cba3423039529fe534eb6cb5a7709123636e6220a233a256415de,10000,128,3,results/default_config_grid/UIVI/Bnn_concrete/20260501_171917,/root/ruivi/tb_logs/default_config_grid/UIVI/Bnn_concrete/20260501_171917,,/root/miniconda3/envs/ruivi/bin/python src.py --config configs/uivi_Bnn_concrete.yaml seed=45 cuda_visible_devices=0 output.results_dir=results/default_config_grid output.tb_dir=tb_logs/default_config_grid
seed45_uivi_bnn_power,completed,finalize_completed,2,,UIVI,uivi,Bnn_power,Bnn_power,45,configs/uivi_Bnn_power.yaml,b82f974b0a9883b223db8f67dffb06694b6c8afe8d9f6ecd9452e369564cd1eb,default-grid-effective-v1,fresh,b82f974b0a9883b223db8f67dffb06694b6c8afe8d9f6ecd9452e369564cd1eb,b82f974b0a9883b223db8f67dffb06694b6c8afe8d9f6ecd9452e369564cd1eb,10000,128,0,results/default_config_grid/UIVI/Bnn_power/20260501_172248,/root/ruivi/tb_logs/default_config_grid/UIVI/Bnn_power/20260501_172248,,/root/miniconda3/envs/ruivi/bin/python src.py --config configs/uivi_Bnn_power.yaml seed=45 cuda_visible_devices=0 output.results_dir=results/default_config_grid output.tb_dir=tb_logs/default_config_grid
seed45_uivi_bnn_protein,completed,finalize_completed,2,,UIVI,uivi,Bnn_protein,Bnn_protein,45,configs/uivi_Bnn_protein.yaml,357e79ea2f4db45af81ab8a9fd321415d8c378ef46813e0731485ca936684789,default-grid-effective-v1,fresh,357e79ea2f4db45af81ab8a9fd321415d8c378ef46813e0731485ca936684789,357e79ea2f4db45af81ab8a9fd321415d8c378ef46813e0731485ca936684789,10000,128,2,results/default_config_grid/UIVI/Bnn_protein/20260501_172353,/root/ruivi/tb_logs/default_config_grid/UIVI/Bnn_protein/20260501_172353,,/root/miniconda3/envs/ruivi/bin/python src.py --config configs/uivi_Bnn_protein.yaml seed=45 cuda_visible_devices=0 output.results_dir=results/default_config_grid output.tb_dir=tb_logs/default_config_grid
seed45_uivi_bnn_winered,completed,finalize_completed,2,,UIVI,uivi,Bnn_winered,Bnn_winered,45,configs/uivi_Bnn_winered.yaml,f1f5e171c8258e3ebafcdbc23de50f1ada101bad8c4883f46981c2486172d7b3,default-grid-effective-v1,fresh,f1f5e171c8258e3ebafcdbc23de50f1ada101bad8c4883f46981c2486172d7b3,f1f5e171c8258e3ebafcdbc23de50f1ada101bad8c4883f46981c2486172d7b3,10000,128,1,results/default_config_grid/UIVI/Bnn_winered/20260501_173337,/root/ruivi/tb_logs/default_config_grid/UIVI/Bnn_winered/20260501_173337,,/root/miniconda3/envs/ruivi/bin/python src.py --config configs/uivi_Bnn_winered.yaml seed=45 cuda_visible_devices=0 output.results_dir=results/default_config_grid output.tb_dir=tb_logs/default_config_grid
seed45_uivi_bnn_yacht,completed,finalize_completed,2,,UIVI,uivi,Bnn_yacht,Bnn_yacht,45,configs/uivi_Bnn_yacht.yaml,70e2d866529548d1f296182a1c0ca5c6a901271ba104d9b18c05a60423f75b20,default-grid-effective-v1,fresh,70e2d866529548d1f296182a1c0ca5c6a901271ba104d9b18c05a60423f75b20,70e2d866529548d1f296182a1c0ca5c6a901271ba104d9b18c05a60423f75b20,10000,128,3,results/default_config_grid/UIVI/Bnn_yacht/20260501_173337,/root/ruivi/tb_logs/default_config_grid/UIVI/Bnn_yacht/20260501_173337,,/root/miniconda3/envs/ruivi/bin/python src.py --config configs/uivi_Bnn_yacht.yaml seed=45 cuda_visible_devices=0 output.results_dir=results/default_config_grid output.tb_dir=tb_logs/default_config_grid
seed45_uivi_langevin_post,completed,finalize_completed,2,,UIVI,uivi,Langevin_post,Langevin_post,45,configs/uivi_Langevin_post.yaml,29b37681bc64ed0d8ab80804d64f34298aaacc0a3de758ab2b0100523bd6cd72,default-grid-effective-v1,fresh,29b37681bc64ed0d8ab80804d64f34298aaacc0a3de758ab2b0100523bd6cd72,29b37681bc64ed0d8ab80804d64f34298aaacc0a3de758ab2b0100523bd6cd72,10000,128,1,results/default_config_grid/UIVI/Langevin_post/20260429_230724,/root/ruivi/tb_logs/default_config_grid/UIVI/Langevin_post/20260429_230724,,/root/miniconda3/envs/ruivi/bin/python src.py --config configs/uivi_Langevin_post.yaml seed=45 cuda_visible_devices=0 output.results_dir=results/default_config_grid output.tb_dir=tb_logs/default_config_grid
seed45_uivi_lrwaveform,completed,finalize_completed,1,,UIVI,uivi,LRwaveform,LRwaveform,45,configs/uivi_LRwaveform.yaml,218e2f250fe81f612f3b7dcad9a0b9bbd78d30df6686026d9947ba0241f7b818,default-grid-effective-v1,fresh,218e2f250fe81f612f3b7dcad9a0b9bbd78d30df6686026d9947ba0241f7b818,218e2f250fe81f612f3b7dcad9a0b9bbd78d30df6686026d9947ba0241f7b818,10000,128,0,results/default_config_grid/UIVI/LRwaveform/20260428_122914,/root/ruivi/tb_logs/default_config_grid/UIVI/LRwaveform/20260428_122914,,/root/miniconda3/envs/ruivi/bin/python src.py --config configs/uivi_LRwaveform.yaml seed=45 cuda_visible_devices=0 output.results_dir=results/default_config_grid output.tb_dir=tb_logs/default_config_grid
seed45_uivi_multimodal,completed,finalize_completed,1,,UIVI,uivi,multimodal,multimodal,45,configs/uivi_multimodal.yaml,aac9f96ad28ff272c9e1c5f8d1f4964dea7193dd44671a09c1dd06574ba2f2b6,default-grid-effective-v1,fresh,aac9f96ad28ff272c9e1c5f8d1f4964dea7193dd44671a09c1dd06574ba2f2b6,40d507ddafabe21d3969ee71ee4da93ea3bc9335e22e14690d3a910ff5610565,10000,128,1,results/default_config_grid/UIVI/multimodal/20260428_122915,/root/ruivi/tb_logs/default_config_grid/UIVI/multimodal/20260428_122915,,/root/miniconda3/envs/ruivi/bin/python src.py --config configs/uivi_multimodal.yaml seed=45 cuda_visible_devices=0 output.results_dir=results/default_config_grid output.tb_dir=tb_logs/default_config_grid
seed45_uivi_student_uc,completed,finalize_completed,1,,UIVI,uivi,student_uc,student_uc,45,configs/uivi_student_uc.yaml,b874c14a1f1204cd63435244e3ebc5f5ecd219ad90ae28cac4a2f20c255d0b87,default-grid-effective-v1,fresh,b874c14a1f1204cd63435244e3ebc5f5ecd219ad90ae28cac4a2f20c255d0b87,aa0920480264d17659a2782935d8fa5d1d2506eb7d620a4a90ef6fb4386f895c,10000,128,3,results/default_config_grid/UIVI/student_uc/20260428_122914,/root/ruivi/tb_logs/default_config_grid/UIVI/student_uc/20260428_122914,,/root/miniconda3/envs/ruivi/bin/python src.py --config configs/uivi_student_uc.yaml seed=45 cuda_visible_devices=0 output.results_dir=results/default_config_grid output.tb_dir=tb_logs/default_config_grid
seed45_uivi_x_shaped,completed,finalize_completed,1,,UIVI,uivi,x_shaped,x_shaped,45,configs/uivi_x_shaped.yaml,1cc3dafc55e23e37e2f5c61e3e0085f3a5064208fabad97d316e61cc937fe473,default-grid-effective-v1,fresh,1cc3dafc55e23e37e2f5c61e3e0085f3a5064208fabad97d316e61cc937fe473,ccc7dda4764e0a5542c75431591dc1a3db72df34f4a0b3c34225daf30cb55b25,10000,128,2,results/default_config_grid/UIVI/x_shaped/20260428_123939,/root/ruivi/tb_logs/default_config_grid/UIVI/x_shaped/20260428_123939,,/root/miniconda3/envs/ruivi/bin/python src.py --config configs/uivi_x_shaped.yaml seed=45 cuda_visible_devices=0 output.results_dir=results/default_config_grid output.tb_dir=tb_logs/default_config_grid
seed45_aisivi_8_gaussians,completed,finalize_completed,1,,AISIVI,aisivi,8_gaussians,8_gaussians,45,configs/aisivi_8_gaussians.yaml,1334ccb25c3cc14c3d126949cefe2debe76fb2f244cc4b04b5017ea5595a09a5,default-grid-effective-v1,fresh,1334ccb25c3cc14c3d126949cefe2debe76fb2f244cc4b04b5017ea5595a09a5,3e2b91de4a4663ee9a79df5351f7ec618661b37adefa424265ca4303f700557d,10000,128,3,results/default_config_grid/AISIVI/8_gaussians/20260428_125713,/root/ruivi/tb_logs/default_config_grid/AISIVI/8_gaussians/20260428_125713,,/root/miniconda3/envs/ruivi/bin/python src.py --config configs/aisivi_8_gaussians.yaml seed=45 cuda_visible_devices=0 output.results_dir=results/default_config_grid output.tb_dir=tb_logs/default_config_grid
seed45_aisivi_banana,completed,finalize_completed,1,,AISIVI,aisivi,banana,banana,45,configs/aisivi_banana.yaml,9fd9c4f819aeb8638c71ee53879b13bad2ffa1d5f4040bc8bac70dd24fb6894e,default-grid-effective-v1,fresh,9fd9c4f819aeb8638c71ee53879b13bad2ffa1d5f4040bc8bac70dd24fb6894e,83e975c7eddc14717e0773a913886cdafab1040e9e33ce63b104ccd3fc8e2410,10000,128,2,results/default_config_grid/AISIVI/banana/20260428_130046,/root/ruivi/tb_logs/default_config_grid/AISIVI/banana/20260428_130046,,/root/miniconda3/envs/ruivi/bin/python src.py --config configs/aisivi_banana.yaml seed=45 cuda_visible_devices=0 output.results_dir=results/default_config_grid output.tb_dir=tb_logs/default_config_grid
seed45_aisivi_bnn_boston,completed,finalize_completed,2,,AISIVI,aisivi,Bnn_boston,Bnn_boston,45,configs/aisivi_Bnn_boston.yaml,18e12336d67b79952e4bbf8d0bd8cfc56ec7c349e86dd215b1513fe1463a7b01,default-grid-effective-v1,fresh,18e12336d67b79952e4bbf8d0bd8cfc56ec7c349e86dd215b1513fe1463a7b01,18e12336d67b79952e4bbf8d0bd8cfc56ec7c349e86dd215b1513fe1463a7b01,10000,128,0,results/default_config_grid/AISIVI/Bnn_boston/20260501_173457,/root/ruivi/tb_logs/default_config_grid/AISIVI/Bnn_boston/20260501_173457,,/root/miniconda3/envs/ruivi/bin/python src.py --config configs/aisivi_Bnn_boston.yaml seed=45 cuda_visible_devices=0 output.results_dir=results/default_config_grid output.tb_dir=tb_logs/default_config_grid
seed45_aisivi_bnn_concrete,completed,finalize_completed,2,,AISIVI,aisivi,Bnn_concrete,Bnn_concrete,45,configs/aisivi_Bnn_concrete.yaml,9099a24ab49e3b2dd81b69c55aa9fbf688063e341ffce1fcdad72eb75504f763,default-grid-effective-v1,fresh,9099a24ab49e3b2dd81b69c55aa9fbf688063e341ffce1fcdad72eb75504f763,9099a24ab49e3b2dd81b69c55aa9fbf688063e341ffce1fcdad72eb75504f763,10000,128,2,results/default_config_grid/AISIVI/Bnn_concrete/20260501_173903,/root/ruivi/tb_logs/default_config_grid/AISIVI/Bnn_concrete/20260501_173903,,/root/miniconda3/envs/ruivi/bin/python src.py --config configs/aisivi_Bnn_concrete.yaml seed=45 cuda_visible_devices=0 output.results_dir=results/default_config_grid output.tb_dir=tb_logs/default_config_grid
seed45_aisivi_bnn_power,completed,finalize_completed,2,,AISIVI,aisivi,Bnn_power,Bnn_power,45,configs/aisivi_Bnn_power.yaml,324888afc17f239969a7ed85370d0c93d46565490e91dc97496b6dcf07bcc4f5,default-grid-effective-v1,fresh,324888afc17f239969a7ed85370d0c93d46565490e91dc97496b6dcf07bcc4f5,324888afc17f239969a7ed85370d0c93d46565490e91dc97496b6dcf07bcc4f5,10000,128,0,results/default_config_grid/AISIVI/Bnn_power/20260501_174609,/root/ruivi/tb_logs/default_config_grid/AISIVI/Bnn_power/20260501_174609,,/root/miniconda3/envs/ruivi/bin/python src.py --config configs/aisivi_Bnn_power.yaml seed=45 cuda_visible_devices=0 output.results_dir=results/default_config_grid output.tb_dir=tb_logs/default_config_grid
seed45_aisivi_bnn_protein,completed,finalize_completed,2,,AISIVI,aisivi,Bnn_protein,Bnn_protein,45,configs/aisivi_Bnn_protein.yaml,98856972dd2022f6d7c5708918cb48c8d8e11130a0374475f4b88422b065789b,default-grid-effective-v1,fresh,98856972dd2022f6d7c5708918cb48c8d8e11130a0374475f4b88422b065789b,98856972dd2022f6d7c5708918cb48c8d8e11130a0374475f4b88422b065789b,10000,128,1,results/default_config_grid/AISIVI/Bnn_protein/20260501_174611,/root/ruivi/tb_logs/default_config_grid/AISIVI/Bnn_protein/20260501_174611,,/root/miniconda3/envs/ruivi/bin/python src.py --config configs/aisivi_Bnn_protein.yaml seed=45 cuda_visible_devices=0 output.results_dir=results/default_config_grid output.tb_dir=tb_logs/default_config_grid
seed45_aisivi_bnn_winered,completed,finalize_completed,2,,AISIVI,aisivi,Bnn_winered,Bnn_winered,45,configs/aisivi_Bnn_winered.yaml,988c7e327468e2eb05f8e4c7dabe20bd5ef662f814886a40b873a6498c091773,default-grid-effective-v1,fresh,988c7e327468e2eb05f8e4c7dabe20bd5ef662f814886a40b873a6498c091773,988c7e327468e2eb05f8e4c7dabe20bd5ef662f814886a40b873a6498c091773,10000,128,2,results/default_config_grid/AISIVI/Bnn_winered/20260501_174953,/root/ruivi/tb_logs/default_config_grid/AISIVI/Bnn_winered/20260501_174953,,/root/miniconda3/envs/ruivi/bin/python src.py --config configs/aisivi_Bnn_winered.yaml seed=45 cuda_visible_devices=0 output.results_dir=results/default_config_grid output.tb_dir=tb_logs/default_config_grid
seed45_aisivi_bnn_yacht,completed,finalize_completed,2,,AISIVI,aisivi,Bnn_yacht,Bnn_yacht,45,configs/aisivi_Bnn_yacht.yaml,b010ea2ab4392a71ecc0220309d0019514943a3d4f812fe5d78a817caa75602e,default-grid-effective-v1,fresh,b010ea2ab4392a71ecc0220309d0019514943a3d4f812fe5d78a817caa75602e,b010ea2ab4392a71ecc0220309d0019514943a3d4f812fe5d78a817caa75602e,10000,128,3,results/default_config_grid/AISIVI/Bnn_yacht/20260501_174953,/root/ruivi/tb_logs/default_config_grid/AISIVI/Bnn_yacht/20260501_174953,,/root/miniconda3/envs/ruivi/bin/python src.py --config configs/aisivi_Bnn_yacht.yaml seed=45 cuda_visible_devices=0 output.results_dir=results/default_config_grid output.tb_dir=tb_logs/default_config_grid
seed45_aisivi_langevin_post,completed,finalize_completed,2,,AISIVI,aisivi,Langevin_post,Langevin_post,45,configs/aisivi_Langevin_post.yaml,daff6c17db13455c3cb4d696e49f334ae7e7aaf794e5f815771d113883096636,default-grid-effective-v1,fresh,daff6c17db13455c3cb4d696e49f334ae7e7aaf794e5f815771d113883096636,daff6c17db13455c3cb4d696e49f334ae7e7aaf794e5f815771d113883096636,10000,128,2,results/default_config_grid/AISIVI/Langevin_post/20260429_230724,/root/ruivi/tb_logs/default_config_grid/AISIVI/Langevin_post/20260429_230724,,/root/miniconda3/envs/ruivi/bin/python src.py --config configs/aisivi_Langevin_post.yaml seed=45 cuda_visible_devices=0 output.results_dir=results/default_config_grid output.tb_dir=tb_logs/default_config_grid
seed45_aisivi_lrwaveform,completed,finalize_completed,1,,AISIVI,aisivi,LRwaveform,LRwaveform,45,configs/aisivi_LRwaveform.yaml,6ca060ed17369f3d5b445709129349288b6fe08d8568e1e167c2fb2c84817912,default-grid-effective-v1,fresh,6ca060ed17369f3d5b445709129349288b6fe08d8568e1e167c2fb2c84817912,6ca060ed17369f3d5b445709129349288b6fe08d8568e1e167c2fb2c84817912,10000,128,2,results/default_config_grid/AISIVI/LRwaveform/20260428_131854,/root/ruivi/tb_logs/default_config_grid/AISIVI/LRwaveform/20260428_131854,,/root/miniconda3/envs/ruivi/bin/python src.py --config configs/aisivi_LRwaveform.yaml seed=45 cuda_visible_devices=0 output.results_dir=results/default_config_grid output.tb_dir=tb_logs/default_config_grid
seed45_aisivi_multimodal,completed,finalize_completed,1,,AISIVI,aisivi,multimodal,multimodal,45,configs/aisivi_multimodal.yaml,2231ee415a173ae05ce72915c5fa7cbea61ef97afd63c14f40de647d24a04d11,default-grid-effective-v1,fresh,2231ee415a173ae05ce72915c5fa7cbea61ef97afd63c14f40de647d24a04d11,30113a929aa8a6d0a5a86d6e511d4824cc403ef5a1c8cbabff6260e6454641ea,10000,128,2,results/default_config_grid/AISIVI/multimodal/20260428_132615,/root/ruivi/tb_logs/default_config_grid/AISIVI/multimodal/20260428_132615,,/root/miniconda3/envs/ruivi/bin/python src.py --config configs/aisivi_multimodal.yaml seed=45 cuda_visible_devices=0 output.results_dir=results/default_config_grid output.tb_dir=tb_logs/default_config_grid
seed45_aisivi_student_uc,completed,finalize_completed,1,,AISIVI,aisivi,student_uc,student_uc,45,configs/aisivi_student_uc.yaml,a7e05b5b0b6663560d1e20f4795fbd40c4c5dbe780b5219c204c82b2392b1eaa,default-grid-effective-v1,fresh,a7e05b5b0b6663560d1e20f4795fbd40c4c5dbe780b5219c204c82b2392b1eaa,c9e747d4a349fbe43f93c8a25784a26805e0d6338e373ee5b755bc9c9929ac52,10000,128,1,results/default_config_grid/AISIVI/student_uc/20260428_132638,/root/ruivi/tb_logs/default_config_grid/AISIVI/student_uc/20260428_132638,,/root/miniconda3/envs/ruivi/bin/python src.py --config configs/aisivi_student_uc.yaml seed=45 cuda_visible_devices=0 output.results_dir=results/default_config_grid output.tb_dir=tb_logs/default_config_grid
seed45_aisivi_x_shaped,completed,finalize_completed,1,,AISIVI,aisivi,x_shaped,x_shaped,45,configs/aisivi_x_shaped.yaml,75bf7da082bd73f625ca96ec6a0216156cb78430413badf3cc995eff4d8a5629,default-grid-effective-v1,fresh,75bf7da082bd73f625ca96ec6a0216156cb78430413badf3cc995eff4d8a5629,ae7a7eefe26435673f53dd06aee2e79da8f1318703f4c8521c419acf12d1bd94,10000,128,3,results/default_config_grid/AISIVI/x_shaped/20260428_132642,/root/ruivi/tb_logs/default_config_grid/AISIVI/x_shaped/20260428_132642,,/root/miniconda3/envs/ruivi/bin/python src.py --config configs/aisivi_x_shaped.yaml seed=45 cuda_visible_devices=0 output.results_dir=results/default_config_grid output.tb_dir=tb_logs/default_config_grid
seed45_dsivi_8_gaussians,completed,finalize_completed,1,,DSIVI,dsivi,8_gaussians,8_gaussians,45,configs/dsivi_8_gaussians.yaml,418fdde645d314da8f1a9b32454e9a36a3406fe350a85dbc486ae1f7f36792b8,default-grid-effective-v1,fresh,418fdde645d314da8f1a9b32454e9a36a3406fe350a85dbc486ae1f7f36792b8,11e0d027d9f43bd60d05b9faec333056b7d389db067931c7e1f00654108ffcb2,10000,128,0,results/default_config_grid/DSIVI/8_gaussians/20260428_133044,/root/ruivi/tb_logs/default_config_grid/DSIVI/8_gaussians/20260428_133044,,/root/miniconda3/envs/ruivi/bin/python src.py --config configs/dsivi_8_gaussians.yaml seed=45 cuda_visible_devices=0 output.results_dir=results/default_config_grid output.tb_dir=tb_logs/default_config_grid
seed45_dsivi_banana,completed,finalize_completed,1,,DSIVI,dsivi,banana,banana,45,configs/dsivi_banana.yaml,45211fce6ede0605970bedd047db92d9363a7dcd5adcd6909093c0941b3a4e72,default-grid-effective-v1,fresh,45211fce6ede0605970bedd047db92d9363a7dcd5adcd6909093c0941b3a4e72,61b96576cf492c430b4a7d3dcc91105bbae828fe1656b060a9dec75f9ca4872e,10000,128,1,results/default_config_grid/DSIVI/banana/20260428_133346,/root/ruivi/tb_logs/default_config_grid/DSIVI/banana/20260428_133346,,/root/miniconda3/envs/ruivi/bin/python src.py --config configs/dsivi_banana.yaml seed=45 cuda_visible_devices=0 output.results_dir=results/default_config_grid output.tb_dir=tb_logs/default_config_grid
seed45_dsivi_bnn_boston,completed,finalize_completed,1,,DSIVI,dsivi,Bnn_boston,Bnn_boston,45,configs/dsivi_Bnn_boston.yaml,076fa33f4e40e665c093e6cec294955040df669fc01978dbc0db2c8c955e3391,default-grid-effective-v1,fresh,076fa33f4e40e665c093e6cec294955040df669fc01978dbc0db2c8c955e3391,a74c0f3c8a288e6415814ce7d1eac619f22a5df7a623a695fdbea20568a13628,10000,128,2,results/default_config_grid/DSIVI/Bnn_boston/20260428_133345,/root/ruivi/tb_logs/default_config_grid/DSIVI/Bnn_boston/20260428_133345,,/root/miniconda3/envs/ruivi/bin/python src.py --config configs/dsivi_Bnn_boston.yaml seed=45 cuda_visible_devices=0 output.results_dir=results/default_config_grid output.tb_dir=tb_logs/default_config_grid
seed45_dsivi_bnn_concrete,completed,finalize_completed,1,,DSIVI,dsivi,Bnn_concrete,Bnn_concrete,45,configs/dsivi_Bnn_concrete.yaml,d3c30577960e2e3dc3094b3c3a4ec45387ff38ce4c59085f06809f2938916fbe,default-grid-effective-v1,fresh,d3c30577960e2e3dc3094b3c3a4ec45387ff38ce4c59085f06809f2938916fbe,1099a52c251642e6cb8a89c47b78ac5e671ef1cd33b2e3b2c4d271a308ac18cf,10000,128,3,results/default_config_grid/DSIVI/Bnn_concrete/20260428_133346,/root/ruivi/tb_logs/default_config_grid/DSIVI/Bnn_concrete/20260428_133346,,/root/miniconda3/envs/ruivi/bin/python src.py --config configs/dsivi_Bnn_concrete.yaml seed=45 cuda_visible_devices=0 output.results_dir=results/default_config_grid output.tb_dir=tb_logs/default_config_grid
seed45_dsivi_bnn_power,completed,finalize_completed,1,,DSIVI,dsivi,Bnn_power,Bnn_power,45,configs/dsivi_Bnn_power.yaml,73369c2fb2a7a78ea5e32940eb558d378cb412ccb9f979821f3368da65b21ac0,default-grid-effective-v1,fresh,73369c2fb2a7a78ea5e32940eb558d378cb412ccb9f979821f3368da65b21ac0,0e9f1255c980a338d55187f462817f5449297e92c8473417f88ff824c802d03f,10000,128,0,results/default_config_grid/DSIVI/Bnn_power/20260428_133351,/root/ruivi/tb_logs/default_config_grid/DSIVI/Bnn_power/20260428_133351,,/root/miniconda3/envs/ruivi/bin/python src.py --config configs/dsivi_Bnn_power.yaml seed=45 cuda_visible_devices=0 output.results_dir=results/default_config_grid output.tb_dir=tb_logs/default_config_grid
seed45_dsivi_bnn_protein,completed,finalize_completed,1,,DSIVI,dsivi,Bnn_protein,Bnn_protein,45,configs/dsivi_Bnn_protein.yaml,e6c1163ca240b4c2c5ae5e33547a191f83d1bb176c759955cf2afb8bb70f9cdc,default-grid-effective-v1,fresh,e6c1163ca240b4c2c5ae5e33547a191f83d1bb176c759955cf2afb8bb70f9cdc,7584b499585e972ee807aebcdf813f5ad6fe8e8e5c215994ca012642e2597c19,10000,128,0,results/default_config_grid/DSIVI/Bnn_protein/20260428_133732,/root/ruivi/tb_logs/default_config_grid/DSIVI/Bnn_protein/20260428_133732,,/root/miniconda3/envs/ruivi/bin/python src.py --config configs/dsivi_Bnn_protein.yaml seed=45 cuda_visible_devices=0 output.results_dir=results/default_config_grid output.tb_dir=tb_logs/default_config_grid
seed45_dsivi_bnn_winered,completed,finalize_completed,2,,DSIVI,dsivi,Bnn_winered,Bnn_winered,45,configs/dsivi_Bnn_winered.yaml,7a98cd1001242f9a5c648a9429d2afd58d77bc9d007369dd0244bcc7a3c70072,default-grid-effective-v1,fresh,7a98cd1001242f9a5c648a9429d2afd58d77bc9d007369dd0244bcc7a3c70072,fbb3e7b0cd88c1452e90818aa13380ac9ebd7fca14f378b92558b5cb8af3c6c3,10000,128,0,results/default_config_grid/DSIVI/Bnn_winered/20260501_175553,/root/ruivi/tb_logs/default_config_grid/DSIVI/Bnn_winered/20260501_175553,,/root/miniconda3/envs/ruivi/bin/python src.py --config configs/dsivi_Bnn_winered.yaml seed=45 cuda_visible_devices=0 output.results_dir=results/default_config_grid output.tb_dir=tb_logs/default_config_grid
seed45_dsivi_bnn_yacht,completed,finalize_completed,2,,DSIVI,dsivi,Bnn_yacht,Bnn_yacht,45,configs/dsivi_Bnn_yacht.yaml,81198509d085e84c1ee03c612692088780ed7e3437acfc1f1532da8ce4e49e65,default-grid-effective-v1,fresh,81198509d085e84c1ee03c612692088780ed7e3437acfc1f1532da8ce4e49e65,fc9de83731fee2c0457c2fa55d9d010de52b62e57c2d876b20ceb98f751cf395,10000,128,1,results/default_config_grid/DSIVI/Bnn_yacht/20260501_175655,/root/ruivi/tb_logs/default_config_grid/DSIVI/Bnn_yacht/20260501_175655,,/root/miniconda3/envs/ruivi/bin/python src.py --config configs/dsivi_Bnn_yacht.yaml seed=45 cuda_visible_devices=0 output.results_dir=results/default_config_grid output.tb_dir=tb_logs/default_config_grid
seed45_dsivi_langevin_post,completed,finalize_completed,2,,DSIVI,dsivi,Langevin_post,Langevin_post,45,configs/dsivi_Langevin_post.yaml,edfb662c041912bbdf94be50a82860d879875e95d9607bdd4d4cffff392def99,default-grid-effective-v1,fresh,edfb662c041912bbdf94be50a82860d879875e95d9607bdd4d4cffff392def99,5d4df84a1c13c8b776f8684760e65d5960877ddbf2608b01a6c3a8ccce86b36d,10000,128,3,results/default_config_grid/DSIVI/Langevin_post/20260429_230724,/root/ruivi/tb_logs/default_config_grid/DSIVI/Langevin_post/20260429_230724,,/root/miniconda3/envs/ruivi/bin/python src.py --config configs/dsivi_Langevin_post.yaml seed=45 cuda_visible_devices=0 output.results_dir=results/default_config_grid output.tb_dir=tb_logs/default_config_grid
seed45_dsivi_lrwaveform,completed,finalize_completed,1,,DSIVI,dsivi,LRwaveform,LRwaveform,45,configs/dsivi_LRwaveform.yaml,9b3a4ffcfc5f06f2b5ca3dcbce4396f69632780fbaac959aad6fae18e29de522,default-grid-effective-v1,fresh,9b3a4ffcfc5f06f2b5ca3dcbce4396f69632780fbaac959aad6fae18e29de522,b5830af2234867d7f4bfbfa1c9f43ccf16443889abb346f3d84620916cfdcd03,10000,128,0,results/default_config_grid/DSIVI/LRwaveform/20260428_134120,/root/ruivi/tb_logs/default_config_grid/DSIVI/LRwaveform/20260428_134120,,/root/miniconda3/envs/ruivi/bin/python src.py --config configs/dsivi_LRwaveform.yaml seed=45 cuda_visible_devices=0 output.results_dir=results/default_config_grid output.tb_dir=tb_logs/default_config_grid
seed45_dsivi_multimodal,completed,finalize_completed,1,,DSIVI,dsivi,multimodal,multimodal,45,configs/dsivi_multimodal.yaml,b21afa0dbdd3dd6c984260fa1fb4f3a7d4657dc85335b669f6102a1d7a939b2c,default-grid-effective-v1,fresh,b21afa0dbdd3dd6c984260fa1fb4f3a7d4657dc85335b669f6102a1d7a939b2c,5c2f514f7907dd38ac0ac5331413768d0d55353c25e2098880c6c67e062edfd6,10000,128,1,results/default_config_grid/DSIVI/multimodal/20260428_134120,/root/ruivi/tb_logs/default_config_grid/DSIVI/multimodal/20260428_134120,,/root/miniconda3/envs/ruivi/bin/python src.py --config configs/dsivi_multimodal.yaml seed=45 cuda_visible_devices=0 output.results_dir=results/default_config_grid output.tb_dir=tb_logs/default_config_grid
seed45_dsivi_student_uc,completed,finalize_completed,1,,DSIVI,dsivi,student_uc,student_uc,45,configs/dsivi_student_uc.yaml,9bbc776e18c726d498d28bd771c2b065d77bebf263d397a07ca0c72df4e0040c,default-grid-effective-v1,fresh,9bbc776e18c726d498d28bd771c2b065d77bebf263d397a07ca0c72df4e0040c,3f1afc6aebbd8802722a2cf42d95ce7aebc0781b5f0c4465f4ab69a560609d0a,10000,128,2,results/default_config_grid/DSIVI/student_uc/20260428_134120,/root/ruivi/tb_logs/default_config_grid/DSIVI/student_uc/20260428_134120,,/root/miniconda3/envs/ruivi/bin/python src.py --config configs/dsivi_student_uc.yaml seed=45 cuda_visible_devices=0 output.results_dir=results/default_config_grid output.tb_dir=tb_logs/default_config_grid
seed45_dsivi_x_shaped,completed,finalize_completed,1,,DSIVI,dsivi,x_shaped,x_shaped,45,configs/dsivi_x_shaped.yaml,a656dd9108f2a44fda571510398cd6bccf0d7af6c5bbfc950ff79a3f3d9ae7ad,default-grid-effective-v1,fresh,a656dd9108f2a44fda571510398cd6bccf0d7af6c5bbfc950ff79a3f3d9ae7ad,68985924b76a6738eb0e38ffb2f587ee552b9bcd8c7aa42f0863416ea3fbce96,10000,128,0,results/default_config_grid/DSIVI/x_shaped/20260428_134512,/root/ruivi/tb_logs/default_config_grid/DSIVI/x_shaped/20260428_134512,,/root/miniconda3/envs/ruivi/bin/python src.py --config configs/dsivi_x_shaped.yaml seed=45 cuda_visible_devices=0 output.results_dir=results/default_config_grid output.tb_dir=tb_logs/default_config_grid
seed45_ksivi_8_gaussians,completed,finalize_completed,1,,KSIVI,ksivi,8_gaussians,8_gaussians,45,configs/ksivi_8_gaussians.yaml,efd50662112de738d3f7f599f5465836a61e45e96a74edcf3032ddddfa3ce8cb,default-grid-effective-v1,fresh,efd50662112de738d3f7f599f5465836a61e45e96a74edcf3032ddddfa3ce8cb,4202dd2d6e80b774e14a3d385e03e6612ee4d8164883498ba4c3668319f0f2a9,50000,128,1,results/default_config_grid/KSIVI/8_gaussians/20260428_134512,/root/ruivi/tb_logs/default_config_grid/KSIVI/8_gaussians/20260428_134512,,/root/miniconda3/envs/ruivi/bin/python src.py --config configs/ksivi_8_gaussians.yaml seed=45 cuda_visible_devices=0 output.results_dir=results/default_config_grid output.tb_dir=tb_logs/default_config_grid
seed45_ksivi_banana,completed,finalize_completed,1,,KSIVI,ksivi,banana,banana,45,configs/ksivi_banana.yaml,05e05487f4533e4796d90093d9a739306ae265728c4e9b99825f66bcb2b251cd,default-grid-effective-v1,fresh,05e05487f4533e4796d90093d9a739306ae265728c4e9b99825f66bcb2b251cd,d0c7d5ef563e65eaaa0f9a8f38685ec5c7dc3e63d013082f3316bbbf7c6cc214,50000,128,2,results/default_config_grid/KSIVI/banana/20260428_134512,/root/ruivi/tb_logs/default_config_grid/KSIVI/banana/20260428_134512,,/root/miniconda3/envs/ruivi/bin/python src.py --config configs/ksivi_banana.yaml seed=45 cuda_visible_devices=0 output.results_dir=results/default_config_grid output.tb_dir=tb_logs/default_config_grid
seed45_ksivi_bnn_boston,completed,finalize_completed,1,,KSIVI,ksivi,Bnn_boston,Bnn_boston,45,configs/ksivi_Bnn_boston.yaml,7ea47994a7cda87a3a33a373b90926f5c8ddc0b8460dc15e6574fada0b8462d3,default-grid-effective-v1,fresh,7ea47994a7cda87a3a33a373b90926f5c8ddc0b8460dc15e6574fada0b8462d3,7ea47994a7cda87a3a33a373b90926f5c8ddc0b8460dc15e6574fada0b8462d3,100000,128,3,results/default_config_grid/KSIVI/Bnn_boston/20260428_134512,/root/ruivi/tb_logs/default_config_grid/KSIVI/Bnn_boston/20260428_134512,,/root/miniconda3/envs/ruivi/bin/python src.py --config configs/ksivi_Bnn_boston.yaml seed=45 cuda_visible_devices=0 output.results_dir=results/default_config_grid output.tb_dir=tb_logs/default_config_grid
seed45_ksivi_bnn_concrete,completed,finalize_completed,1,,KSIVI,ksivi,Bnn_concrete,Bnn_concrete,45,configs/ksivi_Bnn_concrete.yaml,fd56b611a2b6e9b8382d4de1347c78a53830c2468bd89d2cbe20af872a89b7de,default-grid-effective-v1,fresh,fd56b611a2b6e9b8382d4de1347c78a53830c2468bd89d2cbe20af872a89b7de,fd56b611a2b6e9b8382d4de1347c78a53830c2468bd89d2cbe20af872a89b7de,100000,128,0,results/default_config_grid/KSIVI/Bnn_concrete/20260428_134907,/root/ruivi/tb_logs/default_config_grid/KSIVI/Bnn_concrete/20260428_134907,,/root/miniconda3/envs/ruivi/bin/python src.py --config configs/ksivi_Bnn_concrete.yaml seed=45 cuda_visible_devices=0 output.results_dir=results/default_config_grid output.tb_dir=tb_logs/default_config_grid
seed45_ksivi_bnn_power,completed,finalize_completed,1,,KSIVI,ksivi,Bnn_power,Bnn_power,45,configs/ksivi_Bnn_power.yaml,b1adeb56c49a4e5e7dc7194fc82929d80d06682dbaa007fc0999ac8206505574,default-grid-effective-v1,fresh,b1adeb56c49a4e5e7dc7194fc82929d80d06682dbaa007fc0999ac8206505574,b1adeb56c49a4e5e7dc7194fc82929d80d06682dbaa007fc0999ac8206505574,100000,128,1,results/default_config_grid/KSIVI/Bnn_power/20260428_135303,/root/ruivi/tb_logs/default_config_grid/KSIVI/Bnn_power/20260428_135303,,/root/miniconda3/envs/ruivi/bin/python src.py --config configs/ksivi_Bnn_power.yaml seed=45 cuda_visible_devices=0 output.results_dir=results/default_config_grid output.tb_dir=tb_logs/default_config_grid
seed45_ksivi_bnn_protein,completed,finalize_completed,1,,KSIVI,ksivi,Bnn_protein,Bnn_protein,45,configs/ksivi_Bnn_protein.yaml,678f2026424d63887fb6d6eae4444c293a9712a0bb71a1605cb307bd1c7db22d,default-grid-effective-v1,fresh,678f2026424d63887fb6d6eae4444c293a9712a0bb71a1605cb307bd1c7db22d,678f2026424d63887fb6d6eae4444c293a9712a0bb71a1605cb307bd1c7db22d,100000,128,2,results/default_config_grid/KSIVI/Bnn_protein/20260428_135302,/root/ruivi/tb_logs/default_config_grid/KSIVI/Bnn_protein/20260428_135302,,/root/miniconda3/envs/ruivi/bin/python src.py --config configs/ksivi_Bnn_protein.yaml seed=45 cuda_visible_devices=0 output.results_dir=results/default_config_grid output.tb_dir=tb_logs/default_config_grid
seed45_ksivi_bnn_winered,completed,finalize_completed,2,,KSIVI,ksivi,Bnn_winered,Bnn_winered,45,configs/ksivi_Bnn_winered.yaml,b9bda876afa10c839691dad347c995b77e41be813746e59a8377e7fc075be8ef,default-grid-effective-v1,fresh,b9bda876afa10c839691dad347c995b77e41be813746e59a8377e7fc075be8ef,b9bda876afa10c839691dad347c995b77e41be813746e59a8377e7fc075be8ef,100000,128,0,results/default_config_grid/KSIVI/Bnn_winered/20260501_180039,/root/ruivi/tb_logs/default_config_grid/KSIVI/Bnn_winered/20260501_180039,,/root/miniconda3/envs/ruivi/bin/python src.py --config configs/ksivi_Bnn_winered.yaml seed=45 cuda_visible_devices=0 output.results_dir=results/default_config_grid output.tb_dir=tb_logs/default_config_grid
seed45_ksivi_bnn_yacht,completed,finalize_completed,2,,KSIVI,ksivi,Bnn_yacht,Bnn_yacht,45,configs/ksivi_Bnn_yacht.yaml,f2532de42c6bb46a75fabdb9f5050de662e733bd0106f3112c28655968ed70fc,default-grid-effective-v1,fresh,f2532de42c6bb46a75fabdb9f5050de662e733bd0106f3112c28655968ed70fc,f2532de42c6bb46a75fabdb9f5050de662e733bd0106f3112c28655968ed70fc,100000,128,1,results/default_config_grid/KSIVI/Bnn_yacht/20260501_180039,/root/ruivi/tb_logs/default_config_grid/KSIVI/Bnn_yacht/20260501_180039,,/root/miniconda3/envs/ruivi/bin/python src.py --config configs/ksivi_Bnn_yacht.yaml seed=45 cuda_visible_devices=0 output.results_dir=results/default_config_grid output.tb_dir=tb_logs/default_config_grid
seed45_ksivi_langevin_post,completed,finalize_completed,2,,KSIVI,ksivi,Langevin_post,Langevin_post,45,configs/ksivi_Langevin_post.yaml,70765b59179253e67f8587e4e8c68d82ed3160da50d401ea617584c9356a6e36,default-grid-effective-v1,fresh,70765b59179253e67f8587e4e8c68d82ed3160da50d401ea617584c9356a6e36,70765b59179253e67f8587e4e8c68d82ed3160da50d401ea617584c9356a6e36,50000,128,3,results/default_config_grid/KSIVI/Langevin_post/20260429_231258,/root/ruivi/tb_logs/default_config_grid/KSIVI/Langevin_post/20260429_231258,,/root/miniconda3/envs/ruivi/bin/python src.py --config configs/ksivi_Langevin_post.yaml seed=45 cuda_visible_devices=0 output.results_dir=results/default_config_grid output.tb_dir=tb_logs/default_config_grid
seed45_ksivi_lrwaveform,completed,finalize_completed,1,,KSIVI,ksivi,LRwaveform,LRwaveform,45,configs/ksivi_LRwaveform.yaml,cb97646e954b23d5db5672efcb24bd0f3f7d03f2fe4682b9a26485659a53c1b5,default-grid-effective-v1,fresh,cb97646e954b23d5db5672efcb24bd0f3f7d03f2fe4682b9a26485659a53c1b5,cb97646e954b23d5db5672efcb24bd0f3f7d03f2fe4682b9a26485659a53c1b5,50000,128,2,results/default_config_grid/KSIVI/LRwaveform/20260428_141258,/root/ruivi/tb_logs/default_config_grid/KSIVI/LRwaveform/20260428_141258,,/root/miniconda3/envs/ruivi/bin/python src.py --config configs/ksivi_LRwaveform.yaml seed=45 cuda_visible_devices=0 output.results_dir=results/default_config_grid output.tb_dir=tb_logs/default_config_grid
seed45_ksivi_multimodal,completed,finalize_completed,1,,KSIVI,ksivi,multimodal,multimodal,45,configs/ksivi_multimodal.yaml,7ebdc263b52ed30595706722dcbfc4f4822e13cc8645c82932a55f5bddd55375,default-grid-effective-v1,fresh,7ebdc263b52ed30595706722dcbfc4f4822e13cc8645c82932a55f5bddd55375,2943ecbbeef6fd371307b082e62988574e4021ef18206abae4efd71bd8c58188,50000,128,2,results/default_config_grid/KSIVI/multimodal/20260428_142055,/root/ruivi/tb_logs/default_config_grid/KSIVI/multimodal/20260428_142055,,/root/miniconda3/envs/ruivi/bin/python src.py --config configs/ksivi_multimodal.yaml seed=45 cuda_visible_devices=0 output.results_dir=results/default_config_grid output.tb_dir=tb_logs/default_config_grid
seed45_ksivi_student_uc,completed,finalize_completed,1,,KSIVI,ksivi,student_uc,student_uc,45,configs/ksivi_student_uc.yaml,07224d2954088aa9a857d4be5372a8490e6dd87266ceda40d32bbcdf21b96851,default-grid-effective-v1,fresh,07224d2954088aa9a857d4be5372a8490e6dd87266ceda40d32bbcdf21b96851,b4bcfb56a82e1ed7b59dc9862038dd1187003fbcf23ac13d362f0dec15f27e98,50000,128,3,results/default_config_grid/KSIVI/student_uc/20260428_142056,/root/ruivi/tb_logs/default_config_grid/KSIVI/student_uc/20260428_142056,,/root/miniconda3/envs/ruivi/bin/python src.py --config configs/ksivi_student_uc.yaml seed=45 cuda_visible_devices=0 output.results_dir=results/default_config_grid output.tb_dir=tb_logs/default_config_grid
seed45_ksivi_x_shaped,completed,finalize_completed,1,,KSIVI,ksivi,x_shaped,x_shaped,45,configs/ksivi_x_shaped.yaml,d04dedfc1f4efc48d4edbebab9466c89c4c8add2d12615690d60d1c82ea22754,default-grid-effective-v1,fresh,d04dedfc1f4efc48d4edbebab9466c89c4c8add2d12615690d60d1c82ea22754,37a0400c6b353dd7cf0601acddd0c0c2fe3fa67d303ddccbedd9f46188f7dae4,50000,128,1,results/default_config_grid/KSIVI/x_shaped/20260428_142130,/root/ruivi/tb_logs/default_config_grid/KSIVI/x_shaped/20260428_142130,,/root/miniconda3/envs/ruivi/bin/python src.py --config configs/ksivi_x_shaped.yaml seed=45 cuda_visible_devices=0 output.results_dir=results/default_config_grid output.tb_dir=tb_logs/default_config_grid
seed46_sivi_8_gaussians,completed,finalize_completed,1,,SIVI,sivi,8_gaussians,8_gaussians,46,configs/sivi_8_gaussians.yaml,b159105001edafd1776180b2296ec8ee666c331697ec6bc3e3f7c1885235a926,default-grid-effective-v1,fresh,b159105001edafd1776180b2296ec8ee666c331697ec6bc3e3f7c1885235a926,ce0d4b4075480fa6a80410f89b8357eb558cf8733d83597df9ec40e6537f9e8a,10000,128,0,results/default_config_grid/SIVI/8_gaussians/20260428_142540,/root/ruivi/tb_logs/default_config_grid/SIVI/8_gaussians/20260428_142540,,/root/miniconda3/envs/ruivi/bin/python src.py --config configs/sivi_8_gaussians.yaml seed=46 cuda_visible_devices=0 output.results_dir=results/default_config_grid output.tb_dir=tb_logs/default_config_grid
seed46_sivi_banana,completed,finalize_completed,1,,SIVI,sivi,banana,banana,46,configs/sivi_banana.yaml,fdd17db742f71eed3258423363005a05e64eba54c29b529e1e3204bce45f9891,default-grid-effective-v1,fresh,fdd17db742f71eed3258423363005a05e64eba54c29b529e1e3204bce45f9891,e4d9868557b8d9bca1ae19665b346ec18816ecc1535e8fb1301c7db08da14c60,10000,128,0,results/default_config_grid/SIVI/banana/20260428_142857,/root/ruivi/tb_logs/default_config_grid/SIVI/banana/20260428_142857,,/root/miniconda3/envs/ruivi/bin/python src.py --config configs/sivi_banana.yaml seed=46 cuda_visible_devices=0 output.results_dir=results/default_config_grid output.tb_dir=tb_logs/default_config_grid
seed46_sivi_bnn_boston,completed,finalize_completed,2,,SIVI,sivi,Bnn_boston,Bnn_boston,46,configs/sivi_Bnn_boston.yaml,e99df99557722e2814a2352cf47ceb929252307588235a39f067acf02be1e256,default-grid-effective-v1,fresh,e99df99557722e2814a2352cf47ceb929252307588235a39f067acf02be1e256,e99df99557722e2814a2352cf47ceb929252307588235a39f067acf02be1e256,10000,128,3,results/default_config_grid/SIVI/Bnn_boston/20260501_180039,/root/ruivi/tb_logs/default_config_grid/SIVI/Bnn_boston/20260501_180039,,/root/miniconda3/envs/ruivi/bin/python src.py --config configs/sivi_Bnn_boston.yaml seed=46 cuda_visible_devices=0 output.results_dir=results/default_config_grid output.tb_dir=tb_logs/default_config_grid
seed46_sivi_bnn_concrete,completed,finalize_completed,2,,SIVI,sivi,Bnn_concrete,Bnn_concrete,46,configs/sivi_Bnn_concrete.yaml,5a4abb6206f9936da54c18a8bd35e8b03c8f55e875e9993c61e21fb0976f9282,default-grid-effective-v1,fresh,5a4abb6206f9936da54c18a8bd35e8b03c8f55e875e9993c61e21fb0976f9282,5a4abb6206f9936da54c18a8bd35e8b03c8f55e875e9993c61e21fb0976f9282,10000,128,2,results/default_config_grid/SIVI/Bnn_concrete/20260501_180104,/root/ruivi/tb_logs/default_config_grid/SIVI/Bnn_concrete/20260501_180104,,/root/miniconda3/envs/ruivi/bin/python src.py --config configs/sivi_Bnn_concrete.yaml seed=46 cuda_visible_devices=0 output.results_dir=results/default_config_grid output.tb_dir=tb_logs/default_config_grid
seed46_sivi_bnn_power,completed,finalize_completed,2,,SIVI,sivi,Bnn_power,Bnn_power,46,configs/sivi_Bnn_power.yaml,339ba4379c1d9903a72013dd3138aaa288df0875c6d9040553640c704af9cfca,default-grid-effective-v1,fresh,339ba4379c1d9903a72013dd3138aaa288df0875c6d9040553640c704af9cfca,339ba4379c1d9903a72013dd3138aaa288df0875c6d9040553640c704af9cfca,10000,128,2,results/default_config_grid/SIVI/Bnn_power/20260501_180741,/root/ruivi/tb_logs/default_config_grid/SIVI/Bnn_power/20260501_180741,,/root/miniconda3/envs/ruivi/bin/python src.py --config configs/sivi_Bnn_power.yaml seed=46 cuda_visible_devices=0 output.results_dir=results/default_config_grid output.tb_dir=tb_logs/default_config_grid
seed46_sivi_bnn_protein,completed,finalize_completed,2,,SIVI,sivi,Bnn_protein,Bnn_protein,46,configs/sivi_Bnn_protein.yaml,10b56eccc945a12187275c78d981b05bd9c367502d286655d60716b12e0da340,default-grid-effective-v1,fresh,10b56eccc945a12187275c78d981b05bd9c367502d286655d60716b12e0da340,10b56eccc945a12187275c78d981b05bd9c367502d286655d60716b12e0da340,10000,128,3,results/default_config_grid/SIVI/Bnn_protein/20260501_181126,/root/ruivi/tb_logs/default_config_grid/SIVI/Bnn_protein/20260501_181126,,/root/miniconda3/envs/ruivi/bin/python src.py --config configs/sivi_Bnn_protein.yaml seed=46 cuda_visible_devices=0 output.results_dir=results/default_config_grid output.tb_dir=tb_logs/default_config_grid
seed46_sivi_bnn_winered,completed,finalize_completed,2,,SIVI,sivi,Bnn_winered,Bnn_winered,46,configs/sivi_Bnn_winered.yaml,1839c41fe2768b872770f6b91d971027e5a6385deeb90bbfbeca54f97e0924d2,default-grid-effective-v1,fresh,1839c41fe2768b872770f6b91d971027e5a6385deeb90bbfbeca54f97e0924d2,1839c41fe2768b872770f6b91d971027e5a6385deeb90bbfbeca54f97e0924d2,10000,128,2,results/default_config_grid/SIVI/Bnn_winered/20260501_181213,/root/ruivi/tb_logs/default_config_grid/SIVI/Bnn_winered/20260501_181213,,/root/miniconda3/envs/ruivi/bin/python src.py --config configs/sivi_Bnn_winered.yaml seed=46 cuda_visible_devices=0 output.results_dir=results/default_config_grid output.tb_dir=tb_logs/default_config_grid
seed46_sivi_bnn_yacht,completed,finalize_completed,2,,SIVI,sivi,Bnn_yacht,Bnn_yacht,46,configs/sivi_Bnn_yacht.yaml,5481060eb46a8bdc24ce8c8079cffa8b1bfa100e135911040c5b609ae576eb96,default-grid-effective-v1,fresh,5481060eb46a8bdc24ce8c8079cffa8b1bfa100e135911040c5b609ae576eb96,5481060eb46a8bdc24ce8c8079cffa8b1bfa100e135911040c5b609ae576eb96,10000,128,0,results/default_config_grid/SIVI/Bnn_yacht/20260501_181736,/root/ruivi/tb_logs/default_config_grid/SIVI/Bnn_yacht/20260501_181736,,/root/miniconda3/envs/ruivi/bin/python src.py --config configs/sivi_Bnn_yacht.yaml seed=46 cuda_visible_devices=0 output.results_dir=results/default_config_grid output.tb_dir=tb_logs/default_config_grid
seed46_sivi_langevin_post,completed,finalize_completed,2,,SIVI,sivi,Langevin_post,Langevin_post,46,configs/sivi_Langevin_post.yaml,d103f71085a8f5e70ec85ccfc4465a3e83f76defc118d6ae1fe8afb13301ed36,default-grid-effective-v1,fresh,d103f71085a8f5e70ec85ccfc4465a3e83f76defc118d6ae1fe8afb13301ed36,d103f71085a8f5e70ec85ccfc4465a3e83f76defc118d6ae1fe8afb13301ed36,10000,128,0,results/default_config_grid/SIVI/Langevin_post/20260429_231258,/root/ruivi/tb_logs/default_config_grid/SIVI/Langevin_post/20260429_231258,,/root/miniconda3/envs/ruivi/bin/python src.py --config configs/sivi_Langevin_post.yaml seed=46 cuda_visible_devices=0 output.results_dir=results/default_config_grid output.tb_dir=tb_logs/default_config_grid
seed46_sivi_lrwaveform,completed,finalize_completed,1,,SIVI,sivi,LRwaveform,LRwaveform,46,configs/sivi_LRwaveform.yaml,b99ff351fcbbdc2b21b88f146690f0c069ec01904da4392a032050f69cedd958,default-grid-effective-v1,fresh,b99ff351fcbbdc2b21b88f146690f0c069ec01904da4392a032050f69cedd958,b99ff351fcbbdc2b21b88f146690f0c069ec01904da4392a032050f69cedd958,10000,128,1,results/default_config_grid/SIVI/LRwaveform/20260428_144112,/root/ruivi/tb_logs/default_config_grid/SIVI/LRwaveform/20260428_144112,,/root/miniconda3/envs/ruivi/bin/python src.py --config configs/sivi_LRwaveform.yaml seed=46 cuda_visible_devices=0 output.results_dir=results/default_config_grid output.tb_dir=tb_logs/default_config_grid
seed46_sivi_multimodal,completed,finalize_completed,1,,SIVI,sivi,multimodal,multimodal,46,configs/sivi_multimodal.yaml,40f863f8a9a273b4d388060de9b6c735517a3e103143edbe3b6440e01c0b6c5a,default-grid-effective-v1,fresh,40f863f8a9a273b4d388060de9b6c735517a3e103143edbe3b6440e01c0b6c5a,3854ebd9e9f06aec8e58c172166f22bd2fa6c861d361dbdbc0988efe296a6a6d,10000,128,3,results/default_config_grid/SIVI/multimodal/20260428_144147,/root/ruivi/tb_logs/default_config_grid/SIVI/multimodal/20260428_144147,,/root/miniconda3/envs/ruivi/bin/python src.py --config configs/sivi_multimodal.yaml seed=46 cuda_visible_devices=0 output.results_dir=results/default_config_grid output.tb_dir=tb_logs/default_config_grid
seed46_sivi_student_uc,completed,finalize_completed,1,,SIVI,sivi,student_uc,student_uc,46,configs/sivi_student_uc.yaml,bd087ecd482c7a5494482f10ef305aebba7269900f24832c3d2c9c56132209ba,default-grid-effective-v1,fresh,bd087ecd482c7a5494482f10ef305aebba7269900f24832c3d2c9c56132209ba,818ae94d5dd7d13240b19f57448aadde4d2a87f0788ab79d605fa81e5654a309,10000,128,1,results/default_config_grid/SIVI/student_uc/20260428_144519,/root/ruivi/tb_logs/default_config_grid/SIVI/student_uc/20260428_144519,,/root/miniconda3/envs/ruivi/bin/python src.py --config configs/sivi_student_uc.yaml seed=46 cuda_visible_devices=0 output.results_dir=results/default_config_grid output.tb_dir=tb_logs/default_config_grid
seed46_sivi_x_shaped,completed,finalize_completed,1,,SIVI,sivi,x_shaped,x_shaped,46,configs/sivi_x_shaped.yaml,a61a8033e39ae563415e759ac03b45eedb370068ac669da8013c46ab1c234ae7,default-grid-effective-v1,fresh,a61a8033e39ae563415e759ac03b45eedb370068ac669da8013c46ab1c234ae7,cbdca586bc4e1882054665089c82b87ef030e8d4cf9d8cc0976d1ed042cd1d7b,10000,128,2,results/default_config_grid/SIVI/x_shaped/20260428_144519,/root/ruivi/tb_logs/default_config_grid/SIVI/x_shaped/20260428_144519,,/root/miniconda3/envs/ruivi/bin/python src.py --config configs/sivi_x_shaped.yaml seed=46 cuda_visible_devices=0 output.results_dir=results/default_config_grid output.tb_dir=tb_logs/default_config_grid
seed46_uivi_8_gaussians,completed,finalize_completed,1,,UIVI,uivi,8_gaussians,8_gaussians,46,configs/uivi_8_gaussians.yaml,7fa52aeb25131272aae4861c2ce15e2a1f2263ffc5c89fe672dc92284e6dbc04,default-grid-effective-v1,fresh,7fa52aeb25131272aae4861c2ce15e2a1f2263ffc5c89fe672dc92284e6dbc04,5794e81a947006c3bdb3f2d374ede41d61a90415c60fbdde636d1eb3c81edbf6,10000,128,3,results/default_config_grid/UIVI/8_gaussians/20260428_144519,/root/ruivi/tb_logs/default_config_grid/UIVI/8_gaussians/20260428_144519,,/root/miniconda3/envs/ruivi/bin/python src.py --config configs/uivi_8_gaussians.yaml seed=46 cuda_visible_devices=0 output.results_dir=results/default_config_grid output.tb_dir=tb_logs/default_config_grid
seed46_uivi_banana,completed,finalize_completed,1,,UIVI,uivi,banana,banana,46,configs/uivi_banana.yaml,0cd42e3fb89dde801b8065ff4129df1a070d6893823ea0642af0a6073992f973,default-grid-effective-v1,fresh,0cd42e3fb89dde801b8065ff4129df1a070d6893823ea0642af0a6073992f973,6182b281265e46c31076030faa36d5c34fa37cec9a03ad7be56f8bf1e2ea4ba3,10000,128,0,results/default_config_grid/UIVI/banana/20260428_144926,/root/ruivi/tb_logs/default_config_grid/UIVI/banana/20260428_144926,,/root/miniconda3/envs/ruivi/bin/python src.py --config configs/uivi_banana.yaml seed=46 cuda_visible_devices=0 output.results_dir=results/default_config_grid output.tb_dir=tb_logs/default_config_grid
seed46_uivi_bnn_boston,completed,finalize_completed,2,,UIVI,uivi,Bnn_boston,Bnn_boston,46,configs/uivi_Bnn_boston.yaml,01f78ec6e83af5986de943b8a62d3059a8fe059b2da0363962fedd9e0b021894,default-grid-effective-v1,fresh,01f78ec6e83af5986de943b8a62d3059a8fe059b2da0363962fedd9e0b021894,01f78ec6e83af5986de943b8a62d3059a8fe059b2da0363962fedd9e0b021894,10000,128,3,results/default_config_grid/UIVI/Bnn_boston/20260501_181841,/root/ruivi/tb_logs/default_config_grid/UIVI/Bnn_boston/20260501_181841,,/root/miniconda3/envs/ruivi/bin/python src.py --config configs/uivi_Bnn_boston.yaml seed=46 cuda_visible_devices=0 output.results_dir=results/default_config_grid output.tb_dir=tb_logs/default_config_grid
seed46_uivi_bnn_concrete,completed,finalize_completed,2,,UIVI,uivi,Bnn_concrete,Bnn_concrete,46,configs/uivi_Bnn_concrete.yaml,29cff40fd8be6ca0787f2843cd4a780673a4c71b6ca73f5c1c9f5a8b951bb1fd,default-grid-effective-v1,fresh,29cff40fd8be6ca0787f2843cd4a780673a4c71b6ca73f5c1c9f5a8b951bb1fd,29cff40fd8be6ca0787f2843cd4a780673a4c71b6ca73f5c1c9f5a8b951bb1fd,10000,128,1,results/default_config_grid/UIVI/Bnn_concrete/20260501_181844,/root/ruivi/tb_logs/default_config_grid/UIVI/Bnn_concrete/20260501_181844,,/root/miniconda3/envs/ruivi/bin/python src.py --config configs/uivi_Bnn_concrete.yaml seed=46 cuda_visible_devices=0 output.results_dir=results/default_config_grid output.tb_dir=tb_logs/default_config_grid
seed46_uivi_bnn_power,completed,finalize_completed,2,,UIVI,uivi,Bnn_power,Bnn_power,46,configs/uivi_Bnn_power.yaml,cca3ac2230c9c0aecbaf55a764d54e91dfd34d46fab85c8231aaa39a6e0b7d08,default-grid-effective-v1,fresh,cca3ac2230c9c0aecbaf55a764d54e91dfd34d46fab85c8231aaa39a6e0b7d08,cca3ac2230c9c0aecbaf55a764d54e91dfd34d46fab85c8231aaa39a6e0b7d08,10000,128,2,results/default_config_grid/UIVI/Bnn_power/20260501_182217,/root/ruivi/tb_logs/default_config_grid/UIVI/Bnn_power/20260501_182217,,/root/miniconda3/envs/ruivi/bin/python src.py --config configs/uivi_Bnn_power.yaml seed=46 cuda_visible_devices=0 output.results_dir=results/default_config_grid output.tb_dir=tb_logs/default_config_grid
seed46_uivi_bnn_protein,completed,finalize_completed,2,,UIVI,uivi,Bnn_protein,Bnn_protein,46,configs/uivi_Bnn_protein.yaml,ee3638344970d2af797969dc2b3f68e4a9fd53d910a09e86d0c1c32da493ea90,default-grid-effective-v1,fresh,ee3638344970d2af797969dc2b3f68e4a9fd53d910a09e86d0c1c32da493ea90,ee3638344970d2af797969dc2b3f68e4a9fd53d910a09e86d0c1c32da493ea90,10000,128,0,results/default_config_grid/UIVI/Bnn_protein/20260501_182308,/root/ruivi/tb_logs/default_config_grid/UIVI/Bnn_protein/20260501_182308,,/root/miniconda3/envs/ruivi/bin/python src.py --config configs/uivi_Bnn_protein.yaml seed=46 cuda_visible_devices=0 output.results_dir=results/default_config_grid output.tb_dir=tb_logs/default_config_grid
seed46_uivi_bnn_winered,completed,finalize_completed,2,,UIVI,uivi,Bnn_winered,Bnn_winered,46,configs/uivi_Bnn_winered.yaml,5eaa9b3b3f504fa5d46842b764cdda440b81fbbb4346efe4f1af75b69084a166,default-grid-effective-v1,fresh,5eaa9b3b3f504fa5d46842b764cdda440b81fbbb4346efe4f1af75b69084a166,5eaa9b3b3f504fa5d46842b764cdda440b81fbbb4346efe4f1af75b69084a166,10000,128,1,results/default_config_grid/UIVI/Bnn_winered/20260501_183303,/root/ruivi/tb_logs/default_config_grid/UIVI/Bnn_winered/20260501_183303,,/root/miniconda3/envs/ruivi/bin/python src.py --config configs/uivi_Bnn_winered.yaml seed=46 cuda_visible_devices=0 output.results_dir=results/default_config_grid output.tb_dir=tb_logs/default_config_grid
seed46_uivi_bnn_yacht,completed,finalize_completed,2,,UIVI,uivi,Bnn_yacht,Bnn_yacht,46,configs/uivi_Bnn_yacht.yaml,b18a0e551abd17ae5153c4d8467cafab33f30f08a5e0ca6842d67a3217308d0c,default-grid-effective-v1,fresh,b18a0e551abd17ae5153c4d8467cafab33f30f08a5e0ca6842d67a3217308d0c,b18a0e551abd17ae5153c4d8467cafab33f30f08a5e0ca6842d67a3217308d0c,10000,128,3,results/default_config_grid/UIVI/Bnn_yacht/20260501_183303,/root/ruivi/tb_logs/default_config_grid/UIVI/Bnn_yacht/20260501_183303,,/root/miniconda3/envs/ruivi/bin/python src.py --config configs/uivi_Bnn_yacht.yaml seed=46 cuda_visible_devices=0 output.results_dir=results/default_config_grid output.tb_dir=tb_logs/default_config_grid
seed46_uivi_langevin_post,completed,finalize_completed,2,,UIVI,uivi,Langevin_post,Langevin_post,46,configs/uivi_Langevin_post.yaml,db7ce5f7ac2fe5fbb4ce08693ba519dc50893e6172745e305850b3d611a856d8,default-grid-effective-v1,fresh,db7ce5f7ac2fe5fbb4ce08693ba519dc50893e6172745e305850b3d611a856d8,db7ce5f7ac2fe5fbb4ce08693ba519dc50893e6172745e305850b3d611a856d8,10000,128,0,results/default_config_grid/UIVI/Langevin_post/20260429_231833,/root/ruivi/tb_logs/default_config_grid/UIVI/Langevin_post/20260429_231833,,/root/miniconda3/envs/ruivi/bin/python src.py --config configs/uivi_Langevin_post.yaml seed=46 cuda_visible_devices=0 output.results_dir=results/default_config_grid output.tb_dir=tb_logs/default_config_grid
seed46_uivi_lrwaveform,completed,finalize_completed,1,,UIVI,uivi,LRwaveform,LRwaveform,46,configs/uivi_LRwaveform.yaml,a2cc7f756ad7d5a2c6ce0650eea2e52bc49f2b5e7b4c661d627f30df142b69be,default-grid-effective-v1,fresh,a2cc7f756ad7d5a2c6ce0650eea2e52bc49f2b5e7b4c661d627f30df142b69be,a2cc7f756ad7d5a2c6ce0650eea2e52bc49f2b5e7b4c661d627f30df142b69be,10000,128,1,results/default_config_grid/UIVI/LRwaveform/20260428_151434,/root/ruivi/tb_logs/default_config_grid/UIVI/LRwaveform/20260428_151434,,/root/miniconda3/envs/ruivi/bin/python src.py --config configs/uivi_LRwaveform.yaml seed=46 cuda_visible_devices=0 output.results_dir=results/default_config_grid output.tb_dir=tb_logs/default_config_grid
seed46_uivi_multimodal,completed,finalize_completed,1,,UIVI,uivi,multimodal,multimodal,46,configs/uivi_multimodal.yaml,d9d8038473b90de67c3b831dccbab8d8deae8c354e75ca268fc45f6f41d5f377,default-grid-effective-v1,fresh,d9d8038473b90de67c3b831dccbab8d8deae8c354e75ca268fc45f6f41d5f377,02bf84370e732f2c82d2a6e09299884d909f38e0d8864664aa03ccaaf7f17e23,10000,128,2,results/default_config_grid/UIVI/multimodal/20260428_151434,/root/ruivi/tb_logs/default_config_grid/UIVI/multimodal/20260428_151434,,/root/miniconda3/envs/ruivi/bin/python src.py --config configs/uivi_multimodal.yaml seed=46 cuda_visible_devices=0 output.results_dir=results/default_config_grid output.tb_dir=tb_logs/default_config_grid
seed46_uivi_student_uc,completed,finalize_completed,1,,UIVI,uivi,student_uc,student_uc,46,configs/uivi_student_uc.yaml,b0236911dcec006a6154f9ab294d4f1b5feec542ec89cabe725a146f25bbf839,default-grid-effective-v1,fresh,b0236911dcec006a6154f9ab294d4f1b5feec542ec89cabe725a146f25bbf839,0358c40060c3b3897fcfe51d99b600f05ebb91ebe2707693cd7c6837286c308e,10000,128,0,results/default_config_grid/UIVI/student_uc/20260428_151846,/root/ruivi/tb_logs/default_config_grid/UIVI/student_uc/20260428_151846,,/root/miniconda3/envs/ruivi/bin/python src.py --config configs/uivi_student_uc.yaml seed=46 cuda_visible_devices=0 output.results_dir=results/default_config_grid output.tb_dir=tb_logs/default_config_grid
seed46_uivi_x_shaped,completed,finalize_completed,1,,UIVI,uivi,x_shaped,x_shaped,46,configs/uivi_x_shaped.yaml,7c36bfc672cff4075588efd175554421d3d9d57412e73f7b603aa39b5629ef95,default-grid-effective-v1,fresh,7c36bfc672cff4075588efd175554421d3d9d57412e73f7b603aa39b5629ef95,a56d508dc211cde30d79ad3f270d881550f36052b9c02e7b999946d5804adddf,10000,128,3,results/default_config_grid/UIVI/x_shaped/20260428_152258,/root/ruivi/tb_logs/default_config_grid/UIVI/x_shaped/20260428_152258,,/root/miniconda3/envs/ruivi/bin/python src.py --config configs/uivi_x_shaped.yaml seed=46 cuda_visible_devices=0 output.results_dir=results/default_config_grid output.tb_dir=tb_logs/default_config_grid
seed46_aisivi_8_gaussians,completed,finalize_completed,1,,AISIVI,aisivi,8_gaussians,8_gaussians,46,configs/aisivi_8_gaussians.yaml,43267963751adf5bb1639ce47673eb20a80dc59aea6c830c51f27d0a7e724671,default-grid-effective-v1,fresh,43267963751adf5bb1639ce47673eb20a80dc59aea6c830c51f27d0a7e724671,2ed31f7263d35a11d6341c348b3259686c7d7bf766b9e57ed6c1ddf4cc266f2d,10000,128,3,results/default_config_grid/AISIVI/8_gaussians/20260428_154009,/root/ruivi/tb_logs/default_config_grid/AISIVI/8_gaussians/20260428_154009,,/root/miniconda3/envs/ruivi/bin/python src.py --config configs/aisivi_8_gaussians.yaml seed=46 cuda_visible_devices=0 output.results_dir=results/default_config_grid output.tb_dir=tb_logs/default_config_grid
seed46_aisivi_banana,completed,finalize_completed,1,,AISIVI,aisivi,banana,banana,46,configs/aisivi_banana.yaml,50f12229a47978701a2a41acbda4970290b6af45ec56085c43df08df4808735e,default-grid-effective-v1,fresh,50f12229a47978701a2a41acbda4970290b6af45ec56085c43df08df4808735e,03b1b73f090718e22778322c2929dc63fe0610ca93bcfd840c713723ecd16e3f,10000,128,1,results/default_config_grid/AISIVI/banana/20260428_154424,/root/ruivi/tb_logs/default_config_grid/AISIVI/banana/20260428_154424,,/root/miniconda3/envs/ruivi/bin/python src.py --config configs/aisivi_banana.yaml seed=46 cuda_visible_devices=0 output.results_dir=results/default_config_grid output.tb_dir=tb_logs/default_config_grid
seed46_aisivi_bnn_boston,completed,finalize_completed,2,,AISIVI,aisivi,Bnn_boston,Bnn_boston,46,configs/aisivi_Bnn_boston.yaml,da603c7f5bb3355f91a64e388640cd9f7ff45f06a4bcf028208ba07478759ee1,default-grid-effective-v1,fresh,da603c7f5bb3355f91a64e388640cd9f7ff45f06a4bcf028208ba07478759ee1,da603c7f5bb3355f91a64e388640cd9f7ff45f06a4bcf028208ba07478759ee1,10000,128,2,results/default_config_grid/AISIVI/Bnn_boston/20260501_183456,/root/ruivi/tb_logs/default_config_grid/AISIVI/Bnn_boston/20260501_183456,,/root/miniconda3/envs/ruivi/bin/python src.py --config configs/aisivi_Bnn_boston.yaml seed=46 cuda_visible_devices=0 output.results_dir=results/default_config_grid output.tb_dir=tb_logs/default_config_grid
seed46_aisivi_bnn_concrete,completed,finalize_completed,2,,AISIVI,aisivi,Bnn_concrete,Bnn_concrete,46,configs/aisivi_Bnn_concrete.yaml,a1a08c90f8bcd25c87fd1a6f163ea2b435193066ab04bb112d5aa235e36176b3,default-grid-effective-v1,fresh,a1a08c90f8bcd25c87fd1a6f163ea2b435193066ab04bb112d5aa235e36176b3,a1a08c90f8bcd25c87fd1a6f163ea2b435193066ab04bb112d5aa235e36176b3,10000,128,0,results/default_config_grid/AISIVI/Bnn_concrete/20260501_183829,/root/ruivi/tb_logs/default_config_grid/AISIVI/Bnn_concrete/20260501_183829,,/root/miniconda3/envs/ruivi/bin/python src.py --config configs/aisivi_Bnn_concrete.yaml seed=46 cuda_visible_devices=0 output.results_dir=results/default_config_grid output.tb_dir=tb_logs/default_config_grid
seed46_aisivi_bnn_power,completed,finalize_completed,2,,AISIVI,aisivi,Bnn_power,Bnn_power,46,configs/aisivi_Bnn_power.yaml,baf5b2bc14253b0fca96747950c498b71f0f5b4987bef5b53386edd32983f384,default-grid-effective-v1,fresh,baf5b2bc14253b0fca96747950c498b71f0f5b4987bef5b53386edd32983f384,baf5b2bc14253b0fca96747950c498b71f0f5b4987bef5b53386edd32983f384,10000,128,1,results/default_config_grid/AISIVI/Bnn_power/20260501_184545,/root/ruivi/tb_logs/default_config_grid/AISIVI/Bnn_power/20260501_184545,,/root/miniconda3/envs/ruivi/bin/python src.py --config configs/aisivi_Bnn_power.yaml seed=46 cuda_visible_devices=0 output.results_dir=results/default_config_grid output.tb_dir=tb_logs/default_config_grid
seed46_aisivi_bnn_protein,completed,finalize_completed,2,,AISIVI,aisivi,Bnn_protein,Bnn_protein,46,configs/aisivi_Bnn_protein.yaml,156ab93f2a802a0c2ed1b020baae60b3fd7b7a23650b55d836a2856bb8a6353e,default-grid-effective-v1,fresh,156ab93f2a802a0c2ed1b020baae60b3fd7b7a23650b55d836a2856bb8a6353e,156ab93f2a802a0c2ed1b020baae60b3fd7b7a23650b55d836a2856bb8a6353e,10000,128,3,results/default_config_grid/AISIVI/Bnn_protein/20260501_184549,/root/ruivi/tb_logs/default_config_grid/AISIVI/Bnn_protein/20260501_184549,,/root/miniconda3/envs/ruivi/bin/python src.py --config configs/aisivi_Bnn_protein.yaml seed=46 cuda_visible_devices=0 output.results_dir=results/default_config_grid output.tb_dir=tb_logs/default_config_grid
seed46_aisivi_bnn_winered,completed,finalize_completed,2,,AISIVI,aisivi,Bnn_winered,Bnn_winered,46,configs/aisivi_Bnn_winered.yaml,2fc763be3b837cb03e381fcc35e95073db6850a5fa35f6d4b5b0b7fb297e2739,default-grid-effective-v1,fresh,2fc763be3b837cb03e381fcc35e95073db6850a5fa35f6d4b5b0b7fb297e2739,2fc763be3b837cb03e381fcc35e95073db6850a5fa35f6d4b5b0b7fb297e2739,10000,128,0,results/default_config_grid/AISIVI/Bnn_winered/20260501_184918,/root/ruivi/tb_logs/default_config_grid/AISIVI/Bnn_winered/20260501_184918,,/root/miniconda3/envs/ruivi/bin/python src.py --config configs/aisivi_Bnn_winered.yaml seed=46 cuda_visible_devices=0 output.results_dir=results/default_config_grid output.tb_dir=tb_logs/default_config_grid
seed46_aisivi_bnn_yacht,completed,finalize_completed,2,,AISIVI,aisivi,Bnn_yacht,Bnn_yacht,46,configs/aisivi_Bnn_yacht.yaml,a07da9fc1863744ca0c603438810d8e6ee7a21841260b451fe65e0a1d4e7e718,default-grid-effective-v1,fresh,a07da9fc1863744ca0c603438810d8e6ee7a21841260b451fe65e0a1d4e7e718,a07da9fc1863744ca0c603438810d8e6ee7a21841260b451fe65e0a1d4e7e718,10000,128,2,results/default_config_grid/AISIVI/Bnn_yacht/20260501_184918,/root/ruivi/tb_logs/default_config_grid/AISIVI/Bnn_yacht/20260501_184918,,/root/miniconda3/envs/ruivi/bin/python src.py --config configs/aisivi_Bnn_yacht.yaml seed=46 cuda_visible_devices=0 output.results_dir=results/default_config_grid output.tb_dir=tb_logs/default_config_grid
seed46_aisivi_langevin_post,completed,finalize_completed,2,,AISIVI,aisivi,Langevin_post,Langevin_post,46,configs/aisivi_Langevin_post.yaml,ca55ac8ad5f3cc57da5a96d73224e7616f672b6d9210260d3b3c59d3e953d77f,default-grid-effective-v1,fresh,ca55ac8ad5f3cc57da5a96d73224e7616f672b6d9210260d3b3c59d3e953d77f,ca55ac8ad5f3cc57da5a96d73224e7616f672b6d9210260d3b3c59d3e953d77f,10000,128,2,results/default_config_grid/AISIVI/Langevin_post/20260429_231914,/root/ruivi/tb_logs/default_config_grid/AISIVI/Langevin_post/20260429_231914,,/root/miniconda3/envs/ruivi/bin/python src.py --config configs/aisivi_Langevin_post.yaml seed=46 cuda_visible_devices=0 output.results_dir=results/default_config_grid output.tb_dir=tb_logs/default_config_grid
seed46_aisivi_lrwaveform,completed,finalize_completed,1,,AISIVI,aisivi,LRwaveform,LRwaveform,46,configs/aisivi_LRwaveform.yaml,b32b9cf7a7da5197512ed53e3a43eef0e3bf839a1e4e44e69343fd7e2f1ab1de,default-grid-effective-v1,fresh,b32b9cf7a7da5197512ed53e3a43eef0e3bf839a1e4e44e69343fd7e2f1ab1de,b32b9cf7a7da5197512ed53e3a43eef0e3bf839a1e4e44e69343fd7e2f1ab1de,10000,128,1,results/default_config_grid/AISIVI/LRwaveform/20260428_160623,/root/ruivi/tb_logs/default_config_grid/AISIVI/LRwaveform/20260428_160623,,/root/miniconda3/envs/ruivi/bin/python src.py --config configs/aisivi_LRwaveform.yaml seed=46 cuda_visible_devices=0 output.results_dir=results/default_config_grid output.tb_dir=tb_logs/default_config_grid
seed46_aisivi_multimodal,completed,finalize_completed,1,,AISIVI,aisivi,multimodal,multimodal,46,configs/aisivi_multimodal.yaml,e948d68acdd108270b92f349aae1e7366312cc4db45af0d105b0c7ba9b59adf7,default-grid-effective-v1,fresh,e948d68acdd108270b92f349aae1e7366312cc4db45af0d105b0c7ba9b59adf7,271e10340d3dffea24dde4d2a4518054bc19b1aaa385a864ca36180ffa098e0e,10000,128,0,results/default_config_grid/AISIVI/multimodal/20260428_161048,/root/ruivi/tb_logs/default_config_grid/AISIVI/multimodal/20260428_161048,,/root/miniconda3/envs/ruivi/bin/python src.py --config configs/aisivi_multimodal.yaml seed=46 cuda_visible_devices=0 output.results_dir=results/default_config_grid output.tb_dir=tb_logs/default_config_grid
seed46_aisivi_student_uc,completed,finalize_completed,1,,AISIVI,aisivi,student_uc,student_uc,46,configs/aisivi_student_uc.yaml,374bff3f18f27a18fe4c3296c3e9307d138686b1f284be48944131b58c080372,default-grid-effective-v1,fresh,374bff3f18f27a18fe4c3296c3e9307d138686b1f284be48944131b58c080372,23663c3acae47f097bf1ee4f48fe450dd8bb8e88a859a9940cdb7e600e9e61d4,10000,128,2,results/default_config_grid/AISIVI/student_uc/20260428_161048,/root/ruivi/tb_logs/default_config_grid/AISIVI/student_uc/20260428_161048,,/root/miniconda3/envs/ruivi/bin/python src.py --config configs/aisivi_student_uc.yaml seed=46 cuda_visible_devices=0 output.results_dir=results/default_config_grid output.tb_dir=tb_logs/default_config_grid
seed46_aisivi_x_shaped,completed,finalize_completed,1,,AISIVI,aisivi,x_shaped,x_shaped,46,configs/aisivi_x_shaped.yaml,c900ebd7c355eecaafba06e462eb7a5b42fca995a702d1ba20fe82b8ad887872,default-grid-effective-v1,fresh,c900ebd7c355eecaafba06e462eb7a5b42fca995a702d1ba20fe82b8ad887872,01ef1688f9333c6b467683a01c2df989c87ec11bde7850234e4dc932d43c3bdb,10000,128,1,results/default_config_grid/AISIVI/x_shaped/20260428_161133,/root/ruivi/tb_logs/default_config_grid/AISIVI/x_shaped/20260428_161133,,/root/miniconda3/envs/ruivi/bin/python src.py --config configs/aisivi_x_shaped.yaml seed=46 cuda_visible_devices=0 output.results_dir=results/default_config_grid output.tb_dir=tb_logs/default_config_grid
seed46_dsivi_8_gaussians,completed,finalize_completed,1,,DSIVI,dsivi,8_gaussians,8_gaussians,46,configs/dsivi_8_gaussians.yaml,eb9f238de65ecbc986da9fbb19d1cdb23aed4a8dd4500e5aec8f58eb4d15e0c8,default-grid-effective-v1,fresh,eb9f238de65ecbc986da9fbb19d1cdb23aed4a8dd4500e5aec8f58eb4d15e0c8,21d12b0c31f44aef2bdb8601eab6ef9b3ce2683dac8bbf6820c39d0928749805,10000,128,3,results/default_config_grid/DSIVI/8_gaussians/20260428_161514,/root/ruivi/tb_logs/default_config_grid/DSIVI/8_gaussians/20260428_161514,,/root/miniconda3/envs/ruivi/bin/python src.py --config configs/dsivi_8_gaussians.yaml seed=46 cuda_visible_devices=0 output.results_dir=results/default_config_grid output.tb_dir=tb_logs/default_config_grid
seed46_dsivi_banana,completed,finalize_completed,1,,DSIVI,dsivi,banana,banana,46,configs/dsivi_banana.yaml,ddbace2d1f3e4a33bdc81c9343b9bcc2722771000c12542eb8e20c8cd38c9562,default-grid-effective-v1,fresh,ddbace2d1f3e4a33bdc81c9343b9bcc2722771000c12542eb8e20c8cd38c9562,588f9073177a3f2d65f1bbfe558d5eeef9e2a7fb1c16f930ddea99c163ef742e,10000,128,0,results/default_config_grid/DSIVI/banana/20260428_161940,/root/ruivi/tb_logs/default_config_grid/DSIVI/banana/20260428_161940,,/root/miniconda3/envs/ruivi/bin/python src.py --config configs/dsivi_banana.yaml seed=46 cuda_visible_devices=0 output.results_dir=results/default_config_grid output.tb_dir=tb_logs/default_config_grid
seed46_dsivi_bnn_boston,completed,finalize_completed,1,,DSIVI,dsivi,Bnn_boston,Bnn_boston,46,configs/dsivi_Bnn_boston.yaml,b70267544b19c994ca655199cc8c21721851ab72a4b09e14421351113ef14424,default-grid-effective-v1,fresh,b70267544b19c994ca655199cc8c21721851ab72a4b09e14421351113ef14424,fc646f21f6d1de9b62b8cd493fdbdb2b282145fa2abc9e7c988b268745c8dcea,10000,128,1,results/default_config_grid/DSIVI/Bnn_boston/20260428_161940,/root/ruivi/tb_logs/default_config_grid/DSIVI/Bnn_boston/20260428_161940,,/root/miniconda3/envs/ruivi/bin/python src.py --config configs/dsivi_Bnn_boston.yaml seed=46 cuda_visible_devices=0 output.results_dir=results/default_config_grid output.tb_dir=tb_logs/default_config_grid
seed46_dsivi_bnn_concrete,completed,finalize_completed,1,,DSIVI,dsivi,Bnn_concrete,Bnn_concrete,46,configs/dsivi_Bnn_concrete.yaml,7b6d1a85b0aafb8cfe0093a1d8c1a9cf5885f5fee4951bbfa3caa60ec695d3ba,default-grid-effective-v1,fresh,7b6d1a85b0aafb8cfe0093a1d8c1a9cf5885f5fee4951bbfa3caa60ec695d3ba,ad8e6ed9a84d68ae34ac8a7d307c666edeaa30904d58e6f15909c0b8a004889c,10000,128,2,results/default_config_grid/DSIVI/Bnn_concrete/20260428_161940,/root/ruivi/tb_logs/default_config_grid/DSIVI/Bnn_concrete/20260428_161940,,/root/miniconda3/envs/ruivi/bin/python src.py --config configs/dsivi_Bnn_concrete.yaml seed=46 cuda_visible_devices=0 output.results_dir=results/default_config_grid output.tb_dir=tb_logs/default_config_grid
seed46_dsivi_bnn_power,completed,finalize_completed,1,,DSIVI,dsivi,Bnn_power,Bnn_power,46,configs/dsivi_Bnn_power.yaml,ace67dec0e391ea33309de73419b98df29b5fa63c0f5b6f0c898546c6e7e2672,default-grid-effective-v1,fresh,ace67dec0e391ea33309de73419b98df29b5fa63c0f5b6f0c898546c6e7e2672,29a1e6ea8d38c526a3cd5a9af84b732736ae9c4760adc1d32ae98d87828373f7,10000,128,3,results/default_config_grid/DSIVI/Bnn_power/20260428_161940,/root/ruivi/tb_logs/default_config_grid/DSIVI/Bnn_power/20260428_161940,,/root/miniconda3/envs/ruivi/bin/python src.py --config configs/dsivi_Bnn_power.yaml seed=46 cuda_visible_devices=0 output.results_dir=results/default_config_grid output.tb_dir=tb_logs/default_config_grid
seed46_dsivi_bnn_protein,completed,finalize_completed,1,,DSIVI,dsivi,Bnn_protein,Bnn_protein,46,configs/dsivi_Bnn_protein.yaml,c552417785518f90103ab354aeb9da6993ad6e02e15892f7c0ea20f2db420e81,default-grid-effective-v1,fresh,c552417785518f90103ab354aeb9da6993ad6e02e15892f7c0ea20f2db420e81,0c8c4417284dffda42cbab65d82a724739cebd2bde59f2ba1677ba3e63f6275e,10000,128,0,results/default_config_grid/DSIVI/Bnn_protein/20260428_162411,/root/ruivi/tb_logs/default_config_grid/DSIVI/Bnn_protein/20260428_162411,,/root/miniconda3/envs/ruivi/bin/python src.py --config configs/dsivi_Bnn_protein.yaml seed=46 cuda_visible_devices=0 output.results_dir=results/default_config_grid output.tb_dir=tb_logs/default_config_grid
seed46_dsivi_bnn_winered,completed,finalize_completed,2,,DSIVI,dsivi,Bnn_winered,Bnn_winered,46,configs/dsivi_Bnn_winered.yaml,3e3ad5f4a3ef2cc2c80fa07a88aa17bf5374e0217b28f84772081032b75db6d7,default-grid-effective-v1,fresh,3e3ad5f4a3ef2cc2c80fa07a88aa17bf5374e0217b28f84772081032b75db6d7,d67f83ce64d402144c95bcecb19450058436c5e840ab0408fb57b854f0dafb9e,10000,128,1,results/default_config_grid/DSIVI/Bnn_winered/20260501_185537,/root/ruivi/tb_logs/default_config_grid/DSIVI/Bnn_winered/20260501_185537,,/root/miniconda3/envs/ruivi/bin/python src.py --config configs/dsivi_Bnn_winered.yaml seed=46 cuda_visible_devices=0 output.results_dir=results/default_config_grid output.tb_dir=tb_logs/default_config_grid
seed46_dsivi_bnn_yacht,completed,finalize_completed,2,,DSIVI,dsivi,Bnn_yacht,Bnn_yacht,46,configs/dsivi_Bnn_yacht.yaml,f41f352c68c7ba982ec6a9d0d93fbaef5aa22ec1bcfe21503709d85746879e2b,default-grid-effective-v1,fresh,f41f352c68c7ba982ec6a9d0d93fbaef5aa22ec1bcfe21503709d85746879e2b,b3827eafce8659053a190202dd9eb201a2fc0c5b26a0c406582e8bd6c1590d77,10000,128,1,results/default_config_grid/DSIVI/Bnn_yacht/20260501_190008,/root/ruivi/tb_logs/default_config_grid/DSIVI/Bnn_yacht/20260501_190008,,/root/miniconda3/envs/ruivi/bin/python src.py --config configs/dsivi_Bnn_yacht.yaml seed=46 cuda_visible_devices=0 output.results_dir=results/default_config_grid output.tb_dir=tb_logs/default_config_grid
seed46_dsivi_langevin_post,completed,finalize_completed,2,,DSIVI,dsivi,Langevin_post,Langevin_post,46,configs/dsivi_Langevin_post.yaml,f7c3f37337223fff662044ec955d871b847f917bf4c8a58e5720b0ed57ccb422,default-grid-effective-v1,fresh,f7c3f37337223fff662044ec955d871b847f917bf4c8a58e5720b0ed57ccb422,657a535224e2063abe4c68183014d64d8037a64dbddb88210d97d093a4a499c2,10000,128,1,results/default_config_grid/DSIVI/Langevin_post/20260429_231940,/root/ruivi/tb_logs/default_config_grid/DSIVI/Langevin_post/20260429_231940,,/root/miniconda3/envs/ruivi/bin/python src.py --config configs/dsivi_Langevin_post.yaml seed=46 cuda_visible_devices=0 output.results_dir=results/default_config_grid output.tb_dir=tb_logs/default_config_grid
seed46_dsivi_lrwaveform,completed,finalize_completed,1,,DSIVI,dsivi,LRwaveform,LRwaveform,46,configs/dsivi_LRwaveform.yaml,ca389221f87ee9acdbff5f4f16433e875dc959d7fbef4a222e27d640b77677ad,default-grid-effective-v1,fresh,ca389221f87ee9acdbff5f4f16433e875dc959d7fbef4a222e27d640b77677ad,d9b2d1f2164301609691d4e270d87dd463055d20fb7499021bd6cff06a400349,10000,128,0,results/default_config_grid/DSIVI/LRwaveform/20260428_162843,/root/ruivi/tb_logs/default_config_grid/DSIVI/LRwaveform/20260428_162843,,/root/miniconda3/envs/ruivi/bin/python src.py --config configs/dsivi_LRwaveform.yaml seed=46 cuda_visible_devices=0 output.results_dir=results/default_config_grid output.tb_dir=tb_logs/default_config_grid
seed46_dsivi_multimodal,completed,finalize_completed,1,,DSIVI,dsivi,multimodal,multimodal,46,configs/dsivi_multimodal.yaml,eb69637ac26e4988ecc1ee2905363cc136138cd411662df9930f0f2d7f563398,default-grid-effective-v1,fresh,eb69637ac26e4988ecc1ee2905363cc136138cd411662df9930f0f2d7f563398,c789d84689f17105429dac7ceb5fede9bfa389b951d9940c56e0b5cce3354d94,10000,128,1,results/default_config_grid/DSIVI/multimodal/20260428_162844,/root/ruivi/tb_logs/default_config_grid/DSIVI/multimodal/20260428_162844,,/root/miniconda3/envs/ruivi/bin/python src.py --config configs/dsivi_multimodal.yaml seed=46 cuda_visible_devices=0 output.results_dir=results/default_config_grid output.tb_dir=tb_logs/default_config_grid
seed46_dsivi_student_uc,completed,finalize_completed,1,,DSIVI,dsivi,student_uc,student_uc,46,configs/dsivi_student_uc.yaml,83a1f588616f3a3238e9affc4ceea5c82ec6cf2a8e8a7d8dd7b1040cc615f196,default-grid-effective-v1,fresh,83a1f588616f3a3238e9affc4ceea5c82ec6cf2a8e8a7d8dd7b1040cc615f196,3d8cbfe55f1e0afa3e0a426b8aed473ea2beca07e4a703a3a91a7c7ab34d31e5,10000,128,2,results/default_config_grid/DSIVI/student_uc/20260428_162844,/root/ruivi/tb_logs/default_config_grid/DSIVI/student_uc/20260428_162844,,/root/miniconda3/envs/ruivi/bin/python src.py --config configs/dsivi_student_uc.yaml seed=46 cuda_visible_devices=0 output.results_dir=results/default_config_grid output.tb_dir=tb_logs/default_config_grid
seed46_dsivi_x_shaped,completed,finalize_completed,1,,DSIVI,dsivi,x_shaped,x_shaped,46,configs/dsivi_x_shaped.yaml,5966f98380e821dbce9414573d84f1dbd6f68b93836252c03a4caa011434658c,default-grid-effective-v1,fresh,5966f98380e821dbce9414573d84f1dbd6f68b93836252c03a4caa011434658c,66829e3d406b3fe938477ee4c7a4c4ac38885d45b1c7ca0c0e9d7b38e2fee006,10000,128,3,results/default_config_grid/DSIVI/x_shaped/20260428_162914,/root/ruivi/tb_logs/default_config_grid/DSIVI/x_shaped/20260428_162914,,/root/miniconda3/envs/ruivi/bin/python src.py --config configs/dsivi_x_shaped.yaml seed=46 cuda_visible_devices=0 output.results_dir=results/default_config_grid output.tb_dir=tb_logs/default_config_grid
seed46_ksivi_8_gaussians,completed,finalize_completed,1,,KSIVI,ksivi,8_gaussians,8_gaussians,46,configs/ksivi_8_gaussians.yaml,1b036b4ea6df34664c1a982f75baf23aead511c02c23fd513737b730baa6fc5a,default-grid-effective-v1,fresh,1b036b4ea6df34664c1a982f75baf23aead511c02c23fd513737b730baa6fc5a,d9afa18423130b0779089d250d6b7a5a42df5a453a291438cd0c07cbbfc55848,50000,128,0,results/default_config_grid/KSIVI/8_gaussians/20260428_163320,/root/ruivi/tb_logs/default_config_grid/KSIVI/8_gaussians/20260428_163320,,/root/miniconda3/envs/ruivi/bin/python src.py --config configs/ksivi_8_gaussians.yaml seed=46 cuda_visible_devices=0 output.results_dir=results/default_config_grid output.tb_dir=tb_logs/default_config_grid
seed46_ksivi_banana,completed,finalize_completed,1,,KSIVI,ksivi,banana,banana,46,configs/ksivi_banana.yaml,4da56cc70ba9d536ed9893fd065d4e1ad470d1cd38f7f3fe04a8cd0d1e4c49e0,default-grid-effective-v1,fresh,4da56cc70ba9d536ed9893fd065d4e1ad470d1cd38f7f3fe04a8cd0d1e4c49e0,fe4e6847899c3ddecfda2d4fc576a14263e015faa462c33adf2e4e2247773c0e,50000,128,1,results/default_config_grid/KSIVI/banana/20260428_163320,/root/ruivi/tb_logs/default_config_grid/KSIVI/banana/20260428_163320,,/root/miniconda3/envs/ruivi/bin/python src.py --config configs/ksivi_banana.yaml seed=46 cuda_visible_devices=0 output.results_dir=results/default_config_grid output.tb_dir=tb_logs/default_config_grid
seed46_ksivi_bnn_boston,completed,finalize_completed,1,,KSIVI,ksivi,Bnn_boston,Bnn_boston,46,configs/ksivi_Bnn_boston.yaml,8f112966f04ec3ed64cd57811e45aec33f3b4908b484f6f07ff4fcf1aabc6d3f,default-grid-effective-v1,fresh,8f112966f04ec3ed64cd57811e45aec33f3b4908b484f6f07ff4fcf1aabc6d3f,8f112966f04ec3ed64cd57811e45aec33f3b4908b484f6f07ff4fcf1aabc6d3f,100000,128,2,results/default_config_grid/KSIVI/Bnn_boston/20260428_163320,/root/ruivi/tb_logs/default_config_grid/KSIVI/Bnn_boston/20260428_163320,,/root/miniconda3/envs/ruivi/bin/python src.py --config configs/ksivi_Bnn_boston.yaml seed=46 cuda_visible_devices=0 output.results_dir=results/default_config_grid output.tb_dir=tb_logs/default_config_grid
seed46_ksivi_bnn_concrete,completed,finalize_completed,1,,KSIVI,ksivi,Bnn_concrete,Bnn_concrete,46,configs/ksivi_Bnn_concrete.yaml,80d1947b7bdeb01314f95f58deb52f4218b425af1fe6830c48dd99d0f669ed38,default-grid-effective-v1,fresh,80d1947b7bdeb01314f95f58deb52f4218b425af1fe6830c48dd99d0f669ed38,80d1947b7bdeb01314f95f58deb52f4218b425af1fe6830c48dd99d0f669ed38,100000,128,3,results/default_config_grid/KSIVI/Bnn_concrete/20260428_163321,/root/ruivi/tb_logs/default_config_grid/KSIVI/Bnn_concrete/20260428_163321,,/root/miniconda3/envs/ruivi/bin/python src.py --config configs/ksivi_Bnn_concrete.yaml seed=46 cuda_visible_devices=0 output.results_dir=results/default_config_grid output.tb_dir=tb_logs/default_config_grid
seed46_ksivi_bnn_power,completed,finalize_completed,1,,KSIVI,ksivi,Bnn_power,Bnn_power,46,configs/ksivi_Bnn_power.yaml,b974a37fb54a518c9b262b248792635853f41b891cd9fd47b80b55d94707e468,default-grid-effective-v1,fresh,b974a37fb54a518c9b262b248792635853f41b891cd9fd47b80b55d94707e468,b974a37fb54a518c9b262b248792635853f41b891cd9fd47b80b55d94707e468,100000,128,0,results/default_config_grid/KSIVI/Bnn_power/20260428_163823,/root/ruivi/tb_logs/default_config_grid/KSIVI/Bnn_power/20260428_163823,,/root/miniconda3/envs/ruivi/bin/python src.py --config configs/ksivi_Bnn_power.yaml seed=46 cuda_visible_devices=0 output.results_dir=results/default_config_grid output.tb_dir=tb_logs/default_config_grid
seed46_ksivi_bnn_protein,completed,finalize_completed,1,,KSIVI,ksivi,Bnn_protein,Bnn_protein,46,configs/ksivi_Bnn_protein.yaml,1897f36e82aa6797eede86a87752c3d749c6a571cb3c2444b97c94eeb52ae155,default-grid-effective-v1,fresh,1897f36e82aa6797eede86a87752c3d749c6a571cb3c2444b97c94eeb52ae155,1897f36e82aa6797eede86a87752c3d749c6a571cb3c2444b97c94eeb52ae155,100000,128,1,results/default_config_grid/KSIVI/Bnn_protein/20260428_163841,/root/ruivi/tb_logs/default_config_grid/KSIVI/Bnn_protein/20260428_163841,,/root/miniconda3/envs/ruivi/bin/python src.py --config configs/ksivi_Bnn_protein.yaml seed=46 cuda_visible_devices=0 output.results_dir=results/default_config_grid output.tb_dir=tb_logs/default_config_grid
seed46_ksivi_bnn_winered,completed,finalize_completed,2,,KSIVI,ksivi,Bnn_winered,Bnn_winered,46,configs/ksivi_Bnn_winered.yaml,bcf45b80c050d98d29ca658adf6afd45e9bb1eb0091b31aa6e69c71fe462659c,default-grid-effective-v1,fresh,bcf45b80c050d98d29ca658adf6afd45e9bb1eb0091b31aa6e69c71fe462659c,bcf45b80c050d98d29ca658adf6afd45e9bb1eb0091b31aa6e69c71fe462659c,100000,128,2,results/default_config_grid/KSIVI/Bnn_winered/20260501_190008,/root/ruivi/tb_logs/default_config_grid/KSIVI/Bnn_winered/20260501_190008,,/root/miniconda3/envs/ruivi/bin/python src.py --config configs/ksivi_Bnn_winered.yaml seed=46 cuda_visible_devices=0 output.results_dir=results/default_config_grid output.tb_dir=tb_logs/default_config_grid
seed46_ksivi_bnn_yacht,completed,finalize_completed,2,,KSIVI,ksivi,Bnn_yacht,Bnn_yacht,46,configs/ksivi_Bnn_yacht.yaml,67cd4d1b1b36cd46a2b2bfaeea82015fc70c7d9b498a626a8642beed00233389,default-grid-effective-v1,fresh,67cd4d1b1b36cd46a2b2bfaeea82015fc70c7d9b498a626a8642beed00233389,67cd4d1b1b36cd46a2b2bfaeea82015fc70c7d9b498a626a8642beed00233389,100000,128,3,results/default_config_grid/KSIVI/Bnn_yacht/20260501_190008,/root/ruivi/tb_logs/default_config_grid/KSIVI/Bnn_yacht/20260501_190008,,/root/miniconda3/envs/ruivi/bin/python src.py --config configs/ksivi_Bnn_yacht.yaml seed=46 cuda_visible_devices=0 output.results_dir=results/default_config_grid output.tb_dir=tb_logs/default_config_grid
seed46_ksivi_langevin_post,completed,finalize_completed,2,,KSIVI,ksivi,Langevin_post,Langevin_post,46,configs/ksivi_Langevin_post.yaml,7629f22d1ee3e83ea22bccc3659f8a3f14777e75c9f51e280513485b5d60a983,default-grid-effective-v1,fresh,7629f22d1ee3e83ea22bccc3659f8a3f14777e75c9f51e280513485b5d60a983,7629f22d1ee3e83ea22bccc3659f8a3f14777e75c9f51e280513485b5d60a983,50000,128,3,results/default_config_grid/KSIVI/Langevin_post/20260429_232117,/root/ruivi/tb_logs/default_config_grid/KSIVI/Langevin_post/20260429_232117,,/root/miniconda3/envs/ruivi/bin/python src.py --config configs/ksivi_Langevin_post.yaml seed=46 cuda_visible_devices=0 output.results_dir=results/default_config_grid output.tb_dir=tb_logs/default_config_grid
seed46_ksivi_lrwaveform,completed,finalize_completed,1,,KSIVI,ksivi,LRwaveform,LRwaveform,46,configs/ksivi_LRwaveform.yaml,532e74cfc3a2c2027bfc4dca191528f6db0fbf7d11f151df2c4178552d41b42c,default-grid-effective-v1,fresh,532e74cfc3a2c2027bfc4dca191528f6db0fbf7d11f151df2c4178552d41b42c,532e74cfc3a2c2027bfc4dca191528f6db0fbf7d11f151df2c4178552d41b42c,50000,128,1,results/default_config_grid/KSIVI/LRwaveform/20260428_165700,/root/ruivi/tb_logs/default_config_grid/KSIVI/LRwaveform/20260428_165700,,/root/miniconda3/envs/ruivi/bin/python src.py --config configs/ksivi_LRwaveform.yaml seed=46 cuda_visible_devices=0 output.results_dir=results/default_config_grid output.tb_dir=tb_logs/default_config_grid
seed46_ksivi_multimodal,completed,finalize_completed,1,,KSIVI,ksivi,multimodal,multimodal,46,configs/ksivi_multimodal.yaml,ce11c915f67d8501e7a24de8670f32a74b99ec085c57611be30c028147b11071,default-grid-effective-v1,fresh,ce11c915f67d8501e7a24de8670f32a74b99ec085c57611be30c028147b11071,f66377df4f951bd0fb63a8bc9f477919ef449418cfcc6abc03852f55efb27421,50000,128,1,results/default_config_grid/KSIVI/multimodal/20260428_170229,/root/ruivi/tb_logs/default_config_grid/KSIVI/multimodal/20260428_170229,,/root/miniconda3/envs/ruivi/bin/python src.py --config configs/ksivi_multimodal.yaml seed=46 cuda_visible_devices=0 output.results_dir=results/default_config_grid output.tb_dir=tb_logs/default_config_grid
seed46_ksivi_student_uc,completed,finalize_completed,1,,KSIVI,ksivi,student_uc,student_uc,46,configs/ksivi_student_uc.yaml,558e91081a16067f95c3ae7d168fd9a51ff4517d62600ab9ada2db01bc67d80f,default-grid-effective-v1,fresh,558e91081a16067f95c3ae7d168fd9a51ff4517d62600ab9ada2db01bc67d80f,496b5344d0ab9c06e6d88e25e1fda90b17ed977db26c61b66ae7cc945f997066,50000,128,0,results/default_config_grid/KSIVI/student_uc/20260428_170627,/root/ruivi/tb_logs/default_config_grid/KSIVI/student_uc/20260428_170627,,/root/miniconda3/envs/ruivi/bin/python src.py --config configs/ksivi_student_uc.yaml seed=46 cuda_visible_devices=0 output.results_dir=results/default_config_grid output.tb_dir=tb_logs/default_config_grid
seed46_ksivi_x_shaped,completed,finalize_completed,1,,KSIVI,ksivi,x_shaped,x_shaped,46,configs/ksivi_x_shaped.yaml,ed80d4f77a403b62399c77dceeaafa81ba73440525535d16582ca2621d94a8df,default-grid-effective-v1,fresh,ed80d4f77a403b62399c77dceeaafa81ba73440525535d16582ca2621d94a8df,91b9ed8c98c76c4c3bd63e41ce1367a17ce8faf9279bd232055e5177a7cc40dd,50000,128,1,results/default_config_grid/KSIVI/x_shaped/20260428_171113,/root/ruivi/tb_logs/default_config_grid/KSIVI/x_shaped/20260428_171113,,/root/miniconda3/envs/ruivi/bin/python src.py --config configs/ksivi_x_shaped.yaml seed=46 cuda_visible_devices=0 output.results_dir=results/default_config_grid output.tb_dir=tb_logs/default_config_grid
